Date,Open,High,Low,Close,Volume,Dividends,Stock Splits
2022-01-03 00:00:00-05:00,66.33999633789062,68.87000274658203,66.0,68.31999969482422,269900,0.0,0.0
2022-01-04 00:00:00-05:00,68.58000183105469,68.81999969482422,67.0,68.5,240400,0.0,0.0
2022-01-05 00:00:00-05:00,68.16000366210938,69.41999816894531,66.05000305175781,66.19000244140625,298100,0.0,0.0
2022-01-06 00:00:00-05:00,66.33999633789062,68.11000061035156,65.01000213623047,67.1500015258789,303300,0.0,0.0
2022-01-07 00:00:00-05:00,67.05999755859375,68.4800033569336,66.33999633789062,66.5999984741211,182900,0.0,0.0
2022-01-10 00:00:00-05:00,66.0,66.9000015258789,64.25,66.81999969482422,300300,0.0,0.0
2022-01-11 00:00:00-05:00,67.06999969482422,68.19999694824219,66.04000091552734,67.5199966430664,217700,0.0,0.0
2022-01-12 00:00:00-05:00,67.80000305175781,67.91000366210938,66.30000305175781,67.12999725341797,193400,0.0,0.0
2022-01-13 00:00:00-05:00,67.77999877929688,70.30000305175781,66.79000091552734,69.91999816894531,1262700,0.0,0.0
2022-01-14 00:00:00-05:00,69.0199966430664,69.75,65.06999969482422,66.80000305175781,425800,0.0,0.0
2022-01-18 00:00:00-05:00,65.52999877929688,67.12999725341797,64.66999816894531,66.52999877929688,446100,0.0,0.0
2022-01-19 00:00:00-05:00,66.69999694824219,67.23999786376953,64.58000183105469,66.4800033569336,399800,0.0,0.0
2022-01-20 00:00:00-05:00,66.95999908447266,69.23999786376953,64.16000366210938,64.16000366210938,426600,0.0,0.0
2022-01-21 00:00:00-05:00,62.630001068115234,66.13999938964844,62.5,64.05000305175781,503900,0.0,0.0
2022-01-24 00:00:00-05:00,62.400001525878906,66.12999725341797,61.689998626708984,65.55999755859375,793100,0.0,0.0
2022-01-25 00:00:00-05:00,63.560001373291016,65.4800033569336,61.290000915527344,61.43000030517578,618900,0.0,0.0
2022-01-26 00:00:00-05:00,62.380001068115234,62.689998626708984,58.939998626708984,59.7599983215332,486300,0.0,0.0
2022-01-27 00:00:00-05:00,60.810001373291016,61.95000076293945,59.27000045776367,59.619998931884766,320300,0.0,0.0
2022-01-28 00:00:00-05:00,59.56999969482422,61.72999954223633,58.439998626708984,61.70000076293945,372100,0.0,0.0
2022-01-31 00:00:00-05:00,61.90999984741211,65.55999755859375,61.20000076293945,65.5199966430664,344300,0.0,0.0
2022-02-01 00:00:00-05:00,65.97000122070312,66.5,63.84000015258789,65.72000122070312,322800,0.0,0.0
2022-02-02 00:00:00-05:00,66.0,66.55999755859375,64.5999984741211,65.26000213623047,319900,0.0,0.0
2022-02-03 00:00:00-05:00,64.18000030517578,65.76000213623047,61.380001068115234,61.5099983215332,614100,0.0,0.0
2022-02-04 00:00:00-05:00,61.9900016784668,65.30999755859375,61.619998931884766,64.79000091552734,454000,0.0,0.0
2022-02-07 00:00:00-05:00,65.19999694824219,66.58000183105469,63.54999923706055,65.06999969482422,261600,0.0,0.0
2022-02-08 00:00:00-05:00,65.0,71.05000305175781,64.51000213623047,70.05999755859375,883100,0.0,0.0
2022-02-09 00:00:00-05:00,71.0999984741211,73.7699966430664,70.08999633789062,72.91000366210938,1487300,0.0,0.0
2022-02-10 00:00:00-05:00,60.869998931884766,64.5,59.40999984741211,62.5099983215332,2227000,0.0,0.0
2022-02-11 00:00:00-05:00,61.5099983215332,67.41000366210938,61.5099983215332,64.5199966430664,778800,0.0,0.0
2022-02-14 00:00:00-05:00,64.26000213623047,67.19999694824219,64.05000305175781,64.27999877929688,443300,0.0,0.0
2022-02-15 00:00:00-05:00,65.79000091552734,66.55000305175781,64.22000122070312,64.6500015258789,282500,0.0,0.0
2022-02-16 00:00:00-05:00,64.11000061035156,64.51000213623047,63.099998474121094,63.150001525878906,476800,0.0,0.0
2022-02-17 00:00:00-05:00,62.56999969482422,63.0,60.060001373291016,60.61000061035156,401600,0.0,0.0
2022-02-18 00:00:00-05:00,60.310001373291016,61.150001525878906,58.58000183105469,59.099998474121094,463100,0.0,0.0
2022-02-22 00:00:00-05:00,58.33000183105469,58.689998626708984,56.40999984741211,56.4900016784668,451500,0.0,0.0
2022-02-23 00:00:00-05:00,56.75,57.650001525878906,55.81999969482422,56.11000061035156,450800,0.0,0.0
2022-02-24 00:00:00-05:00,53.88999938964844,60.06999969482422,53.099998474121094,60.0099983215332,466800,0.0,0.0
2022-02-25 00:00:00-05:00,60.13999938964844,62.400001525878906,58.5,62.400001525878906,589100,0.0,0.0
2022-02-28 00:00:00-05:00,61.650001525878906,62.939998626708984,60.97999954223633,62.15999984741211,330300,0.0,0.0
2022-03-01 00:00:00-05:00,61.83000183105469,62.45000076293945,60.0,61.34000015258789,640800,0.0,0.0
2022-03-02 00:00:00-05:00,61.83000183105469,64.01000213623047,60.86000061035156,63.09000015258789,522400,0.0,0.0
2022-03-03 00:00:00-05:00,63.34000015258789,63.36000061035156,60.130001068115234,61.91999816894531,299000,0.0,0.0
2022-03-04 00:00:00-05:00,61.540000915527344,62.650001525878906,59.470001220703125,60.7400016784668,385800,0.0,0.0
2022-03-07 00:00:00-05:00,60.2599983215332,61.900001525878906,59.66999816894531,61.22999954223633,346600,0.0,0.0
2022-03-08 00:00:00-05:00,60.599998474121094,65.20999908447266,59.81999969482422,62.9900016784668,522300,0.0,0.0
2022-03-09 00:00:00-05:00,64.06999969482422,64.48999786376953,60.529998779296875,60.869998931884766,358200,0.0,0.0
2022-03-10 00:00:00-05:00,59.869998931884766,59.959999084472656,57.0,58.97999954223633,340400,0.0,0.0
2022-03-11 00:00:00-05:00,59.20000076293945,59.20000076293945,56.81999969482422,57.31999969482422,350100,0.0,0.0
2022-03-14 00:00:00-04:00,56.90999984741211,57.13999938964844,53.619998931884766,54.04999923706055,500100,0.0,0.0
2022-03-15 00:00:00-04:00,53.43000030517578,56.0,53.13999938964844,55.470001220703125,375500,0.0,0.0
2022-03-16 00:00:00-04:00,56.599998474121094,58.31999969482422,55.779998779296875,57.93000030517578,268900,0.0,0.0
2022-03-17 00:00:00-04:00,57.4900016784668,59.43000030517578,57.36000061035156,59.310001373291016,234600,0.0,0.0
2022-03-18 00:00:00-04:00,59.0,61.41999816894531,58.43000030517578,59.15999984741211,738500,0.0,0.0
2022-03-21 00:00:00-04:00,58.81999969482422,60.119998931884766,57.59000015258789,58.56999969482422,474200,0.0,0.0
2022-03-22 00:00:00-04:00,58.54999923706055,61.599998474121094,58.54999923706055,61.540000915527344,324900,0.0,0.0
2022-03-23 00:00:00-04:00,61.45000076293945,62.04999923706055,59.790000915527344,60.15999984741211,297700,0.0,0.0
2022-03-24 00:00:00-04:00,66.05000305175781,68.94000244140625,64.93000030517578,67.70999908447266,1438500,0.0,0.0
2022-03-25 00:00:00-04:00,67.5999984741211,68.12000274658203,64.05999755859375,65.05000305175781,499900,0.0,0.0
2022-03-28 00:00:00-04:00,64.9800033569336,67.4000015258789,64.91000366210938,66.02999877929688,354000,0.0,0.0
2022-03-29 00:00:00-04:00,66.5,69.55000305175781,66.5,68.73999786376953,495800,0.0,0.0
2022-03-30 00:00:00-04:00,68.2699966430664,68.51000213623047,65.27999877929688,66.16999816894531,238100,0.0,0.0
2022-03-31 00:00:00-04:00,66.01000213623047,66.20999908447266,63.2599983215332,63.400001525878906,301900,0.0,0.0
2022-04-01 00:00:00-04:00,63.880001068115234,64.44999694824219,62.22999954223633,63.470001220703125,244400,0.0,0.0
2022-04-04 00:00:00-04:00,63.9900016784668,65.61000061035156,63.65999984741211,65.33000183105469,216600,0.0,0.0
2022-04-05 00:00:00-04:00,65.47000122070312,65.47000122070312,60.90999984741211,61.0099983215332,317900,0.0,0.0
2022-04-06 00:00:00-04:00,59.849998474121094,59.849998474121094,56.900001525878906,58.790000915527344,422800,0.0,0.0
2022-04-07 00:00:00-04:00,58.75,59.560001373291016,57.790000915527344,59.0099983215332,353100,0.0,0.0
2022-04-08 00:00:00-04:00,58.83000183105469,59.209999084472656,57.54999923706055,57.61000061035156,280200,0.0,0.0
2022-04-11 00:00:00-04:00,57.0099983215332,58.84000015258789,56.58000183105469,58.04999923706055,457400,0.0,0.0
2022-04-12 00:00:00-04:00,58.88999938964844,60.209999084472656,55.93000030517578,56.09000015258789,624900,0.0,0.0
2022-04-13 00:00:00-04:00,56.43000030517578,58.16999816894531,55.91999816894531,57.11000061035156,608600,0.0,0.0
2022-04-14 00:00:00-04:00,56.77000045776367,57.34000015258789,54.13999938964844,54.150001525878906,503500,0.0,0.0
2022-04-18 00:00:00-04:00,54.150001525878906,54.5099983215332,51.599998474121094,52.459999084472656,396900,0.0,0.0
2022-04-19 00:00:00-04:00,52.459999084472656,53.5099983215332,51.86000061035156,52.939998626708984,640200,0.0,0.0
2022-04-20 00:00:00-04:00,53.34000015258789,53.34000015258789,50.90999984741211,51.810001373291016,323700,0.0,0.0
2022-04-21 00:00:00-04:00,52.09000015258789,52.18000030517578,49.790000915527344,49.900001525878906,433600,0.0,0.0
2022-04-22 00:00:00-04:00,49.66999816894531,50.81999969482422,48.61000061035156,49.279998779296875,717300,0.0,0.0
2022-04-25 00:00:00-04:00,48.40999984741211,51.310001373291016,48.36000061035156,51.2599983215332,675200,0.0,0.0
2022-04-26 00:00:00-04:00,50.279998779296875,50.91999816894531,48.54999923706055,49.15999984741211,304200,0.0,0.0
2022-04-27 00:00:00-04:00,49.2400016784668,50.869998931884766,48.560001373291016,48.900001525878906,468000,0.0,0.0
2022-04-28 00:00:00-04:00,49.31999969482422,50.77000045776367,48.45000076293945,50.36000061035156,440000,0.0,0.0
2022-04-29 00:00:00-04:00,50.279998779296875,51.709999084472656,50.130001068115234,50.650001525878906,327800,0.0,0.0
2022-05-02 00:00:00-04:00,50.470001220703125,52.95000076293945,50.41999816894531,52.90999984741211,532300,0.0,0.0
2022-05-03 00:00:00-04:00,52.470001220703125,53.86000061035156,51.79999923706055,53.029998779296875,497000,0.0,0.0
2022-05-04 00:00:00-04:00,53.25,56.45000076293945,52.66999816894531,56.279998779296875,1080200,0.0,0.0
2022-05-05 00:00:00-04:00,54.43000030517578,54.43000030517578,51.52000045776367,53.09000015258789,987200,0.0,0.0
2022-05-06 00:00:00-04:00,50.72999954223633,52.5,49.2400016784668,52.0,951200,0.0,0.0
2022-05-09 00:00:00-04:00,50.97999954223633,52.59000015258789,49.25,49.279998779296875,732700,0.0,0.0
2022-05-10 00:00:00-04:00,50.0,50.22999954223633,46.060001373291016,47.27000045776367,754500,0.0,0.0
2022-05-11 00:00:00-04:00,47.0099983215332,47.720001220703125,43.08000183105469,43.16999816894531,557900,0.0,0.0
2022-05-12 00:00:00-04:00,42.5,45.22999954223633,42.349998474121094,44.630001068115234,1128900,0.0,0.0
2022-05-13 00:00:00-04:00,45.33000183105469,47.779998779296875,45.33000183105469,47.560001373291016,340500,0.0,0.0
2022-05-16 00:00:00-04:00,46.439998626708984,47.689998626708984,46.08000183105469,46.52000045776367,376400,0.0,0.0
2022-05-17 00:00:00-04:00,47.709999084472656,49.34000015258789,47.099998474121094,49.33000183105469,342300,0.0,0.0
2022-05-18 00:00:00-04:00,48.08000183105469,49.349998474121094,46.81999969482422,47.2400016784668,440900,0.0,0.0
2022-05-19 00:00:00-04:00,46.77000045776367,47.81999969482422,46.380001068115234,46.709999084472656,470100,0.0,0.0
2022-05-20 00:00:00-04:00,47.560001373291016,47.790000915527344,44.61000061035156,46.16999816894531,370500,0.0,0.0
2022-05-23 00:00:00-04:00,46.40999984741211,46.86000061035156,45.720001220703125,46.380001068115234,356100,0.0,0.0
2022-05-24 00:00:00-04:00,45.529998779296875,45.529998779296875,43.5,44.130001068115234,230300,0.0,0.0
2022-05-25 00:00:00-04:00,43.90999984741211,45.720001220703125,43.90999984741211,45.099998474121094,447500,0.0,0.0
2022-05-26 00:00:00-04:00,45.41999816894531,47.36000061035156,45.41999816894531,46.06999969482422,225400,0.0,0.0
2022-05-27 00:00:00-04:00,46.36000061035156,48.209999084472656,46.36000061035156,48.209999084472656,202800,0.0,0.0
2022-05-31 00:00:00-04:00,48.400001525878906,48.869998931884766,47.029998779296875,47.59000015258789,353900,0.0,0.0
2022-06-01 00:00:00-04:00,47.88999938964844,48.130001068115234,45.54999923706055,45.54999923706055,447600,0.0,0.0
2022-06-02 00:00:00-04:00,45.36000061035156,46.970001220703125,45.25,46.7400016784668,243500,0.0,0.0
2022-06-03 00:00:00-04:00,46.04999923706055,46.22999954223633,44.349998474121094,44.84000015258789,270000,0.0,0.0
2022-06-06 00:00:00-04:00,45.099998474121094,45.2599983215332,43.9900016784668,44.150001525878906,207700,0.0,0.0
2022-06-07 00:00:00-04:00,43.20000076293945,45.29999923706055,42.83000183105469,45.290000915527344,512700,0.0,0.0
2022-06-08 00:00:00-04:00,45.290000915527344,46.470001220703125,44.7599983215332,45.040000915527344,225300,0.0,0.0
2022-06-09 00:00:00-04:00,44.619998931884766,45.0,42.689998626708984,42.689998626708984,251200,0.0,0.0
2022-06-10 00:00:00-04:00,41.54999923706055,42.34000015258789,40.279998779296875,40.5099983215332,275400,0.0,0.0
2022-06-13 00:00:00-04:00,38.880001068115234,39.869998931884766,37.869998931884766,39.130001068115234,558100,0.0,0.0
2022-06-14 00:00:00-04:00,39.91999816894531,40.279998779296875,38.88999938964844,39.88999938964844,460600,0.0,0.0
2022-06-15 00:00:00-04:00,40.34000015258789,42.040000915527344,40.22999954223633,41.470001220703125,317700,0.0,0.0
2022-06-16 00:00:00-04:00,40.0,41.459999084472656,39.2599983215332,41.15999984741211,442500,0.0,0.0
2022-06-17 00:00:00-04:00,41.52000045776367,42.65999984741211,41.52000045776367,42.5099983215332,745900,0.0,0.0
2022-06-21 00:00:00-04:00,43.0,43.119998931884766,40.34000015258789,40.43000030517578,318400,0.0,0.0
2022-06-22 00:00:00-04:00,39.52000045776367,41.04999923706055,39.52000045776367,40.619998931884766,405000,0.0,0.0
2022-06-23 00:00:00-04:00,40.630001068115234,42.77000045776367,40.630001068115234,42.38999938964844,348800,0.0,0.0
2022-06-24 00:00:00-04:00,42.689998626708984,43.54999923706055,42.52000045776367,43.040000915527344,361700,0.0,0.0
2022-06-27 00:00:00-04:00,43.54999923706055,43.54999923706055,42.060001373291016,42.970001220703125,209200,0.0,0.0
2022-06-28 00:00:00-04:00,42.970001220703125,43.290000915527344,40.630001068115234,40.66999816894531,915200,0.0,0.0
2022-06-29 00:00:00-04:00,40.22999954223633,40.54999923706055,38.66999816894531,39.470001220703125,386800,0.0,0.0
2022-06-30 00:00:00-04:00,38.33000183105469,38.36000061035156,35.40999984741211,36.75,1019500,0.0,0.0
2022-07-01 00:00:00-04:00,37.130001068115234,38.13999938964844,36.75,37.40999984741211,392900,0.0,0.0
2022-07-05 00:00:00-04:00,36.77000045776367,39.66999816894531,36.349998474121094,39.599998474121094,362400,0.0,0.0
2022-07-06 00:00:00-04:00,39.79999923706055,40.20000076293945,38.97999954223633,39.130001068115234,254000,0.0,0.0
2022-07-07 00:00:00-04:00,38.83000183105469,40.290000915527344,38.599998474121094,40.22999954223633,357500,0.0,0.0
2022-07-08 00:00:00-04:00,39.880001068115234,41.15999984741211,39.79999923706055,40.540000915527344,249400,0.0,0.0
2022-07-11 00:00:00-04:00,40.29999923706055,40.47999954223633,38.66999816894531,38.720001220703125,259700,0.0,0.0
2022-07-12 00:00:00-04:00,38.75,39.22999954223633,38.279998779296875,38.70000076293945,239200,0.0,0.0
2022-07-13 00:00:00-04:00,37.90999984741211,38.540000915527344,37.36000061035156,38.189998626708984,200400,0.0,0.0
2022-07-14 00:00:00-04:00,37.58000183105469,37.59000015258789,36.349998474121094,36.540000915527344,287600,0.0,0.0
2022-07-15 00:00:00-04:00,36.68000030517578,37.54999923706055,36.61000061035156,36.90999984741211,437000,0.0,0.0
2022-07-18 00:00:00-04:00,37.439998626708984,39.56999969482422,37.439998626708984,39.060001373291016,484100,0.0,0.0
2022-07-19 00:00:00-04:00,39.720001220703125,41.7400016784668,39.65999984741211,41.61000061035156,409100,0.0,0.0
2022-07-20 00:00:00-04:00,41.59000015258789,43.93000030517578,41.349998474121094,43.650001525878906,376800,0.0,0.0
2022-07-21 00:00:00-04:00,43.5,44.91999816894531,43.02000045776367,44.880001068115234,383800,0.0,0.0
2022-07-22 00:00:00-04:00,44.900001525878906,45.4900016784668,43.09000015258789,44.029998779296875,260700,0.0,0.0
2022-07-25 00:00:00-04:00,43.77000045776367,43.77000045776367,41.900001525878906,42.43000030517578,363400,0.0,0.0
2022-07-26 00:00:00-04:00,41.43000030517578,41.810001373291016,40.45000076293945,40.91999816894531,310500,0.0,0.0
2022-07-27 00:00:00-04:00,41.47999954223633,43.349998474121094,40.970001220703125,43.029998779296875,285000,0.0,0.0
2022-07-28 00:00:00-04:00,43.18000030517578,45.869998931884766,42.91999816894531,45.779998779296875,478800,0.0,0.0
2022-07-29 00:00:00-04:00,45.779998779296875,46.29999923706055,45.08000183105469,46.0099983215332,347500,0.0,0.0
2022-08-01 00:00:00-04:00,45.90999984741211,47.290000915527344,44.54999923706055,46.38999938964844,363600,0.0,0.0
2022-08-02 00:00:00-04:00,45.880001068115234,47.150001525878906,45.66999816894531,46.060001373291016,253300,0.0,0.0
2022-08-03 00:00:00-04:00,46.619998931884766,50.290000915527344,46.560001373291016,49.9900016784668,551900,0.0,0.0
2022-08-04 00:00:00-04:00,49.9900016784668,50.880001068115234,49.22999954223633,49.9900016784668,375800,0.0,0.0
2022-08-05 00:00:00-04:00,59.70000076293945,60.09000015258789,59.45000076293945,59.540000915527344,14813400,0.0,0.0
2022-08-08 00:00:00-04:00,59.529998779296875,59.65999984741211,59.25,59.619998931884766,4407600,0.0,0.0
2022-08-09 00:00:00-04:00,59.5,59.65999984741211,59.439998626708984,59.63999938964844,1533700,0.0,0.0
2022-08-10 00:00:00-04:00,59.619998931884766,59.779998779296875,59.41999816894531,59.599998474121094,2280100,0.0,0.0
2022-08-11 00:00:00-04:00,59.630001068115234,60.0,59.5,59.869998931884766,2002200,0.0,0.0
2022-08-12 00:00:00-04:00,59.849998474121094,59.849998474121094,59.5099983215332,59.709999084472656,1647500,0.0,0.0
2022-08-15 00:00:00-04:00,59.599998474121094,59.959999084472656,59.56999969482422,59.91999816894531,2035200,0.0,0.0
2022-08-16 00:00:00-04:00,59.7400016784668,60.25,59.599998474121094,59.599998474121094,1677400,0.0,0.0
2022-08-17 00:00:00-04:00,59.65999984741211,59.79999923706055,59.5099983215332,59.630001068115234,1111900,0.0,0.0
2022-08-18 00:00:00-04:00,59.65999984741211,59.79999923706055,59.439998626708984,59.52000045776367,929000,0.0,0.0
2022-08-19 00:00:00-04:00,59.529998779296875,59.650001525878906,59.29999923706055,59.31999969482422,968900,0.0,0.0
2022-08-22 00:00:00-04:00,59.31999969482422,59.4900016784668,59.25,59.36000061035156,823800,0.0,0.0
2022-08-23 00:00:00-04:00,59.36000061035156,59.47999954223633,59.09000015258789,59.150001525878906,1465300,0.0,0.0
2022-08-24 00:00:00-04:00,59.209999084472656,59.400001525878906,59.08000183105469,59.15999984741211,885300,0.0,0.0
2022-08-25 00:00:00-04:00,59.25,59.34000015258789,59.040000915527344,59.04999923706055,760900,0.0,0.0
2022-08-26 00:00:00-04:00,59.20000076293945,59.279998779296875,58.650001525878906,58.83000183105469,1700400,0.0,0.0
2022-08-29 00:00:00-04:00,58.709999084472656,58.970001220703125,58.599998474121094,58.650001525878906,591800,0.0,0.0
2022-08-30 00:00:00-04:00,58.88999938964844,59.099998474121094,58.72999954223633,59.029998779296875,707600,0.0,0.0
2022-08-31 00:00:00-04:00,59.02000045776367,59.119998931884766,58.7599983215332,58.880001068115234,734200,0.0,0.0
2022-09-01 00:00:00-04:00,58.849998474121094,59.0,58.720001220703125,59.0,861500,0.0,0.0
2022-09-02 00:00:00-04:00,58.939998626708984,59.04999923706055,58.709999084472656,59.029998779296875,1239000,0.0,0.0
2022-09-06 00:00:00-04:00,58.849998474121094,59.0099983215332,58.18000030517578,58.86000061035156,1821100,0.0,0.0
2022-09-07 00:00:00-04:00,58.720001220703125,59.04999923706055,58.720001220703125,58.79999923706055,843700,0.0,0.0
2022-09-08 00:00:00-04:00,58.72999954223633,58.970001220703125,58.650001525878906,58.90999984741211,808600,0.0,0.0
2022-09-09 00:00:00-04:00,58.95000076293945,59.09000015258789,58.779998779296875,58.83000183105469,786400,0.0,0.0
2022-09-12 00:00:00-04:00,58.86000061035156,58.93000030517578,58.650001525878906,58.68000030517578,1078900,0.0,0.0
2022-09-13 00:00:00-04:00,58.560001373291016,58.599998474121094,58.2599983215332,58.47999954223633,905300,0.0,0.0
2022-09-14 00:00:00-04:00,58.47999954223633,58.47999954223633,58.279998779296875,58.34000015258789,765200,0.0,0.0
2022-09-15 00:00:00-04:00,58.349998474121094,58.47999954223633,58.099998474121094,58.16999816894531,789600,0.0,0.0
2022-09-16 00:00:00-04:00,58.16999816894531,58.41999816894531,57.400001525878906,57.81999969482422,2908900,0.0,0.0
2022-09-19 00:00:00-04:00,57.849998474121094,58.369998931884766,57.779998779296875,58.29999923706055,841400,0.0,0.0
2022-09-20 00:00:00-04:00,57.900001525878906,58.7599983215332,57.72999954223633,58.33000183105469,1976100,0.0,0.0
2022-09-21 00:00:00-04:00,58.459999084472656,58.630001068115234,58.060001373291016,58.189998626708984,962500,0.0,0.0
2022-09-22 00:00:00-04:00,58.209999084472656,58.310001373291016,57.900001525878906,58.0099983215332,605300,0.0,0.0
2022-09-23 00:00:00-04:00,57.95000076293945,58.0099983215332,57.66999816894531,57.810001373291016,756000,0.0,0.0
2022-09-26 00:00:00-04:00,57.7599983215332,57.9900016784668,57.5099983215332,57.5099983215332,603400,0.0,0.0
2022-09-27 00:00:00-04:00,57.7599983215332,57.810001373291016,57.380001068115234,57.470001220703125,567100,0.0,0.0
2022-09-28 00:00:00-04:00,57.45000076293945,57.75,57.31999969482422,57.459999084472656,510700,0.0,0.0
2022-09-29 00:00:00-04:00,57.0,57.29999923706055,56.79999923706055,56.93000030517578,1077600,0.0,0.0
2022-09-30 00:00:00-04:00,56.959999084472656,56.9900016784668,56.25,56.33000183105469,983800,0.0,0.0
2022-10-03 00:00:00-04:00,56.47999954223633,56.7599983215332,56.22999954223633,56.47999954223633,601000,0.0,0.0
2022-10-04 00:00:00-04:00,56.66999816894531,56.790000915527344,56.380001068115234,56.61000061035156,556000,0.0,0.0
2022-10-05 00:00:00-04:00,56.52000045776367,56.58000183105469,55.849998474121094,56.29999923706055,816000,0.0,0.0
2022-10-06 00:00:00-04:00,56.18000030517578,56.45000076293945,56.0099983215332,56.220001220703125,681200,0.0,0.0
2022-10-07 00:00:00-04:00,56.13999938964844,56.459999084472656,56.060001373291016,56.189998626708984,383500,0.0,0.0
2022-10-10 00:00:00-04:00,56.209999084472656,56.47999954223633,56.11000061035156,56.22999954223633,253600,0.0,0.0
2022-10-11 00:00:00-04:00,56.22999954223633,56.27000045776367,55.4900016784668,55.599998474121094,885900,0.0,0.0
2022-10-12 00:00:00-04:00,55.79999923706055,56.02000045776367,55.38999938964844,55.97999954223633,562000,0.0,0.0
2022-10-13 00:00:00-04:00,55.40999984741211,56.849998474121094,55.349998474121094,56.41999816894531,518200,0.0,0.0
2022-10-14 00:00:00-04:00,56.66999816894531,56.689998626708984,55.97999954223633,56.0,323400,0.0,0.0
2022-10-17 00:00:00-04:00,56.439998626708984,56.529998779296875,55.650001525878906,55.68000030517578,401800,0.0,0.0
2022-10-18 00:00:00-04:00,56.099998474121094,56.25,55.81999969482422,56.0,233100,0.0,0.0
2022-10-19 00:00:00-04:00,55.79999923706055,55.939998626708984,55.56999969482422,55.66999816894531,201900,0.0,0.0
2022-10-20 00:00:00-04:00,55.61000061035156,55.9900016784668,55.5099983215332,55.689998626708984,194000,0.0,0.0
2022-10-21 00:00:00-04:00,55.66999816894531,56.369998931884766,55.5099983215332,56.290000915527344,325700,0.0,0.0
2022-10-24 00:00:00-04:00,56.2400016784668,56.290000915527344,55.88999938964844,55.959999084472656,225600,0.0,0.0
2022-10-25 00:00:00-04:00,56.09000015258789,56.16999816894531,55.65999984741211,55.65999984741211,200700,0.0,0.0
2022-10-26 00:00:00-04:00,55.650001525878906,56.29999923706055,55.63999938964844,56.09000015258789,421400,0.0,0.0
2022-10-27 00:00:00-04:00,55.939998626708984,56.369998931884766,55.849998474121094,56.36000061035156,250300,0.0,0.0
2022-10-28 00:00:00-04:00,56.40999984741211,56.650001525878906,56.13999938964844,56.34000015258789,222900,0.0,0.0
2022-10-31 00:00:00-04:00,56.34000015258789,56.619998931884766,56.060001373291016,56.5,350400,0.0,0.0
2022-11-01 00:00:00-04:00,56.7400016784668,56.7400016784668,56.29999923706055,56.529998779296875,283100,0.0,0.0
2022-11-02 00:00:00-04:00,56.36000061035156,56.38999938964844,55.36000061035156,55.45000076293945,543000,0.0,0.0
2022-11-03 00:00:00-04:00,55.560001373291016,55.560001373291016,54.95000076293945,55.0099983215332,290000,0.0,0.0
2022-11-04 00:00:00-04:00,55.349998474121094,55.45000076293945,54.459999084472656,54.54999923706055,264400,0.0,0.0
2022-11-07 00:00:00-05:00,54.560001373291016,55.93000030517578,54.47999954223633,55.650001525878906,410600,0.0,0.0
2022-11-08 00:00:00-05:00,54.63999938964844,54.72999954223633,53.4900016784668,53.880001068115234,786800,0.0,0.0
2022-11-09 00:00:00-05:00,53.75,53.9900016784668,53.5099983215332,53.65999984741211,510600,0.0,0.0
2022-11-10 00:00:00-05:00,54.13999938964844,54.25,53.2400016784668,53.45000076293945,691100,0.0,0.0
2022-11-11 00:00:00-05:00,53.45000076293945,53.86000061035156,53.25,53.400001525878906,464000,0.0,0.0
2022-11-14 00:00:00-05:00,53.099998474121094,53.369998931884766,52.47999954223633,52.66999816894531,530400,0.0,0.0
2022-11-15 00:00:00-05:00,53.0,53.0,52.52000045776367,52.66999816894531,472200,0.0,0.0
2022-11-16 00:00:00-05:00,52.52000045776367,52.7400016784668,52.08000183105469,52.43000030517578,450600,0.0,0.0
2022-11-17 00:00:00-05:00,52.41999816894531,52.79999923706055,52.06999969482422,52.40999984741211,304500,0.0,0.0
2022-11-18 00:00:00-05:00,52.790000915527344,52.790000915527344,51.84000015258789,51.88999938964844,388700,0.0,0.0
2022-11-21 00:00:00-05:00,51.86000061035156,53.0,51.63999938964844,52.790000915527344,313800,0.0,0.0
2022-11-22 00:00:00-05:00,52.7599983215332,53.029998779296875,52.34000015258789,52.470001220703125,174000,0.0,0.0
2022-11-23 00:00:00-05:00,52.68000030517578,52.779998779296875,52.34000015258789,52.459999084472656,169600,0.0,0.0
2022-11-25 00:00:00-05:00,52.22999954223633,52.369998931884766,51.93000030517578,52.20000076293945,161100,0.0,0.0
2022-11-28 00:00:00-05:00,52.290000915527344,52.290000915527344,51.7599983215332,51.83000183105469,202500,0.0,0.0
2022-11-29 00:00:00-05:00,51.88999938964844,51.970001220703125,51.31999969482422,51.36000061035156,350600,0.0,0.0
2022-11-30 00:00:00-05:00,51.630001068115234,52.09000015258789,50.959999084472656,52.09000015258789,571800,0.0,0.0
2022-12-01 00:00:00-05:00,52.119998931884766,52.75,51.630001068115234,52.27000045776367,351000,0.0,0.0
2022-12-02 00:00:00-05:00,51.900001525878906,52.900001525878906,51.81999969482422,52.880001068115234,265600,0.0,0.0
2022-12-05 00:00:00-05:00,52.77000045776367,53.25,52.54999923706055,52.91999816894531,465100,0.0,0.0
2022-12-06 00:00:00-05:00,52.63999938964844,52.709999084472656,51.2400016784668,51.599998474121094,903300,0.0,0.0
2022-12-07 00:00:00-05:00,51.4900016784668,51.689998626708984,50.5,50.529998779296875,626100,0.0,0.0
2022-12-08 00:00:00-05:00,50.40999984741211,50.88999938964844,50.0,50.16999816894531,253100,0.0,0.0
2022-12-09 00:00:00-05:00,49.79999923706055,50.34000015258789,49.59000015258789,49.59000015258789,232500,0.0,0.0
2022-12-12 00:00:00-05:00,49.380001068115234,49.86000061035156,49.06999969482422,49.25,311900,0.0,0.0
2022-12-13 00:00:00-05:00,49.5099983215332,50.16999816894531,48.65999984741211,48.68000030517578,524900,0.0,0.0
2022-12-14 00:00:00-05:00,48.52000045776367,48.68000030517578,47.2599983215332,47.439998626708984,834700,0.0,0.0
2022-12-15 00:00:00-05:00,47.439998626708984,47.9900016784668,47.33000183105469,47.43000030517578,555400,0.0,0.0
2022-12-16 00:00:00-05:00,47.06999969482422,48.02000045776367,47.06999969482422,47.90999984741211,1104500,0.0,0.0
2022-12-19 00:00:00-05:00,47.66999816894531,48.029998779296875,47.29999923706055,47.810001373291016,409700,0.0,0.0
2022-12-20 00:00:00-05:00,47.849998474121094,48.290000915527344,47.560001373291016,47.689998626708984,415200,0.0,0.0
2022-12-21 00:00:00-05:00,47.560001373291016,48.04999923706055,47.560001373291016,48.0099983215332,273800,0.0,0.0
2022-12-22 00:00:00-05:00,47.900001525878906,48.13999938964844,47.68000030517578,47.959999084472656,265700,0.0,0.0
2022-12-23 00:00:00-05:00,48.0099983215332,48.04999923706055,47.7400016784668,47.9900016784668,152200,0.0,0.0
2022-12-27 00:00:00-05:00,47.560001373291016,48.08000183105469,47.540000915527344,47.970001220703125,142000,0.0,0.0
2022-12-28 00:00:00-05:00,48.0,48.15999984741211,47.810001373291016,48.09000015258789,187500,0.0,0.0
2022-12-29 00:00:00-05:00,48.130001068115234,48.2400016784668,47.79999923706055,47.9900016784668,289200,0.0,0.0
2022-12-30 00:00:00-05:00,47.90999984741211,48.369998931884766,47.72999954223633,48.130001068115234,242300,0.0,0.0
2023-01-03 00:00:00-05:00,48.220001220703125,48.5,47.91999816894531,48.2599983215332,256500,0.0,0.0
2023-01-04 00:00:00-05:00,48.31999969482422,48.72999954223633,48.31999969482422,48.56999969482422,379100,0.0,0.0
2023-01-05 00:00:00-05:00,48.45000076293945,48.689998626708984,48.33000183105469,48.470001220703125,305600,0.0,0.0
2023-01-06 00:00:00-05:00,48.27000045776367,48.59000015258789,48.119998931884766,48.16999816894531,357600,0.0,0.0
2023-01-09 00:00:00-05:00,48.150001525878906,48.810001373291016,48.029998779296875,48.33000183105469,313900,0.0,0.0
2023-01-10 00:00:00-05:00,48.349998474121094,48.529998779296875,48.2599983215332,48.459999084472656,188600,0.0,0.0
2023-01-11 00:00:00-05:00,48.52000045776367,48.54999923706055,48.290000915527344,48.470001220703125,208800,0.0,0.0
2023-01-12 00:00:00-05:00,48.720001220703125,48.720001220703125,48.209999084472656,48.290000915527344,304300,0.0,0.0
2023-01-13 00:00:00-05:00,48.0099983215332,48.439998626708984,47.779998779296875,47.97999954223633,201800,0.0,0.0
2023-01-17 00:00:00-05:00,47.9900016784668,48.2400016784668,47.93000030517578,48.119998931884766,172600,0.0,0.0
2023-01-18 00:00:00-05:00,48.150001525878906,48.25,47.13999938964844,47.34000015258789,334800,0.0,0.0
2023-01-19 00:00:00-05:00,47.22999954223633,47.400001525878906,46.560001373291016,46.560001373291016,264100,0.0,0.0
2023-01-20 00:00:00-05:00,46.790000915527344,46.790000915527344,45.650001525878906,45.880001068115234,590000,0.0,0.0
2023-01-23 00:00:00-05:00,45.90999984741211,46.849998474121094,45.90999984741211,46.59000015258789,344300,0.0,0.0
2023-01-24 00:00:00-05:00,46.689998626708984,47.029998779296875,45.95000076293945,45.970001220703125,360200,0.0,0.0
2023-01-25 00:00:00-05:00,45.77000045776367,46.47999954223633,45.7599983215332,46.02000045776367,212800,0.0,0.0
2023-01-26 00:00:00-05:00,46.22999954223633,46.22999954223633,45.29999923706055,45.58000183105469,409600,0.0,0.0
2023-01-27 00:00:00-05:00,45.439998626708984,46.0,44.97999954223633,45.36000061035156,661000,0.0,0.0
2023-01-30 00:00:00-05:00,45.36000061035156,45.689998626708984,45.099998474121094,45.11000061035156,189600,0.0,0.0
2023-01-31 00:00:00-05:00,45.310001373291016,45.7599983215332,44.9900016784668,45.0,624100,0.0,0.0
2023-02-01 00:00:00-05:00,45.119998931884766,46.13999938964844,45.0,45.2400016784668,714700,0.0,0.0
2023-02-02 00:00:00-05:00,45.40999984741211,45.72999954223633,44.5,44.81999969482422,638800,0.0,0.0
2023-02-03 00:00:00-05:00,44.79999923706055,44.810001373291016,42.970001220703125,43.22999954223633,1168000,0.0,0.0
2023-02-06 00:00:00-05:00,43.04999923706055,43.20000076293945,42.06999969482422,42.310001373291016,584500,0.0,0.0
2023-02-07 00:00:00-05:00,42.369998931884766,42.66999816894531,42.0,42.459999084472656,315300,0.0,0.0
2023-02-08 00:00:00-05:00,42.459999084472656,42.7599983215332,41.77000045776367,41.790000915527344,292300,0.0,0.0
2023-02-09 00:00:00-05:00,41.95000076293945,42.36000061035156,41.560001373291016,41.70000076293945,213700,0.0,0.0
2023-02-10 00:00:00-05:00,41.689998626708984,41.689998626708984,41.310001373291016,41.459999084472656,350500,0.0,0.0
2023-02-13 00:00:00-05:00,41.20000076293945,41.70000076293945,41.06999969482422,41.470001220703125,524400,0.0,0.0
2023-02-14 00:00:00-05:00,41.70000076293945,42.45000076293945,41.150001525878906,41.33000183105469,816200,0.0,0.0
2023-02-15 00:00:00-05:00,40.9900016784668,41.9900016784668,40.95000076293945,41.72999954223633,601800,0.0,0.0
2023-02-16 00:00:00-05:00,41.5,41.959999084472656,41.459999084472656,41.75,293400,0.0,0.0
2023-02-17 00:00:00-05:00,41.81999969482422,41.880001068115234,41.08000183105469,41.189998626708984,506900,0.0,0.0
2023-02-21 00:00:00-05:00,41.0,41.900001525878906,40.970001220703125,41.66999816894531,397400,0.0,0.0
2023-02-22 00:00:00-05:00,42.209999084472656,42.560001373291016,41.400001525878906,41.9900016784668,477400,0.0,0.0
2023-02-23 00:00:00-05:00,41.939998626708984,42.2400016784668,41.58000183105469,42.2400016784668,398300,0.0,0.0
2023-02-24 00:00:00-05:00,41.9900016784668,42.5,41.9900016784668,42.27000045776367,360100,0.0,0.0
2023-02-27 00:00:00-05:00,42.31999969482422,42.459999084472656,41.119998931884766,41.880001068115234,494400,0.0,0.0
2023-02-28 00:00:00-05:00,41.880001068115234,42.02000045776367,40.900001525878906,41.09000015258789,474900,0.0,0.0
2023-03-01 00:00:00-05:00,41.099998474121094,42.439998626708984,40.95000076293945,42.36000061035156,766600,0.0,0.0
2023-03-02 00:00:00-05:00,42.209999084472656,42.75,41.869998931884766,42.08000183105469,424400,0.0,0.0
2023-03-03 00:00:00-05:00,42.0,43.2599983215332,41.86000061035156,42.88999938964844,769600,0.0,0.0
2023-03-06 00:00:00-05:00,42.88999938964844,43.0,42.61000061035156,42.900001525878906,261100,0.0,0.0
2023-03-07 00:00:00-05:00,42.790000915527344,42.9900016784668,42.45000076293945,42.63999938964844,209000,0.0,0.0
2023-03-08 00:00:00-05:00,42.599998474121094,44.0,42.599998474121094,43.959999084472656,344700,0.0,0.0
2023-03-09 00:00:00-05:00,43.959999084472656,44.029998779296875,43.75,43.88999938964844,320400,0.0,0.0
2023-03-10 00:00:00-05:00,43.959999084472656,44.0,43.63999938964844,43.93000030517578,264100,0.0,0.0
2023-03-13 00:00:00-04:00,43.400001525878906,44.029998779296875,42.81999969482422,43.75,258300,0.0,0.0
2023-03-14 00:00:00-04:00,44.16999816894531,44.220001220703125,43.4900016784668,43.84000015258789,312500,0.0,0.0
2023-03-15 00:00:00-04:00,43.540000915527344,44.02000045776367,43.130001068115234,43.88999938964844,290000,0.0,0.0
2023-03-16 00:00:00-04:00,43.88999938964844,44.900001525878906,43.7599983215332,44.790000915527344,385500,0.0,0.0
2023-03-17 00:00:00-04:00,44.84000015258789,45.25,44.709999084472656,44.95000076293945,792700,0.0,0.0
2023-03-20 00:00:00-04:00,44.41999816894531,44.68000030517578,43.84000015258789,44.380001068115234,364700,0.0,0.0
2023-03-21 00:00:00-04:00,44.38999938964844,44.93000030517578,43.709999084472656,43.86000061035156,405800,0.0,0.0
2023-03-22 00:00:00-04:00,43.720001220703125,44.25,43.310001373291016,43.310001373291016,263400,0.0,0.0
2023-03-23 00:00:00-04:00,43.33000183105469,43.54999923706055,42.70000076293945,43.08000183105469,216900,0.0,0.0
2023-03-24 00:00:00-04:00,42.9900016784668,44.189998626708984,42.7599983215332,43.650001525878906,349600,0.0,0.0
2023-03-27 00:00:00-04:00,43.75,43.75,43.08000183105469,43.099998474121094,200000,0.0,0.0
2023-03-28 00:00:00-04:00,43.16999816894531,43.33000183105469,43.02000045776367,43.20000076293945,141700,0.0,0.0
2023-03-29 00:00:00-04:00,43.040000915527344,43.52000045776367,43.0,43.52000045776367,217600,0.0,0.0
2023-03-30 00:00:00-04:00,43.630001068115234,44.0,43.560001373291016,43.81999969482422,145900,0.0,0.0
2023-03-31 00:00:00-04:00,43.93000030517578,43.970001220703125,43.119998931884766,43.63999938964844,274100,0.0,0.0
2023-04-03 00:00:00-04:00,43.5,43.59000015258789,42.9900016784668,43.099998474121094,212400,0.0,0.0
2023-04-04 00:00:00-04:00,43.04999923706055,43.11000061035156,42.150001525878906,42.349998474121094,302200,0.0,0.0
2023-04-05 00:00:00-04:00,42.220001220703125,42.36000061035156,41.709999084472656,41.90999984741211,385500,0.0,0.0
2023-04-06 00:00:00-04:00,41.869998931884766,42.119998931884766,41.650001525878906,41.709999084472656,444500,0.0,0.0
2023-04-10 00:00:00-04:00,41.720001220703125,41.880001068115234,41.34000015258789,41.68000030517578,203800,0.0,0.0
2023-04-11 00:00:00-04:00,41.709999084472656,42.099998474121094,41.459999084472656,41.470001220703125,196100,0.0,0.0
2023-04-12 00:00:00-04:00,41.689998626708984,42.02000045776367,41.560001373291016,41.70000076293945,117100,0.0,0.0
2023-04-13 00:00:00-04:00,41.61000061035156,41.9900016784668,41.439998626708984,41.810001373291016,194600,0.0,0.0
2023-04-14 00:00:00-04:00,41.70000076293945,41.900001525878906,41.54999923706055,41.630001068115234,154800,0.0,0.0
2023-04-17 00:00:00-04:00,41.709999084472656,41.779998779296875,41.16999816894531,41.38999938964844,170800,0.0,0.0
2023-04-18 00:00:00-04:00,41.439998626708984,41.54999923706055,41.13999938964844,41.5099983215332,262700,0.0,0.0
2023-04-19 00:00:00-04:00,41.34000015258789,42.060001373291016,41.290000915527344,42.040000915527344,469300,0.0,0.0
2023-04-20 00:00:00-04:00,42.150001525878906,43.279998779296875,42.0099983215332,43.20000076293945,404600,0.0,0.0
2023-04-21 00:00:00-04:00,43.20000076293945,43.619998931884766,43.02000045776367,43.38999938964844,246500,0.0,0.0
2023-04-24 00:00:00-04:00,43.290000915527344,43.7400016784668,42.9900016784668,43.61000061035156,249200,0.0,0.0
2023-04-25 00:00:00-04:00,43.43000030517578,43.63999938964844,42.970001220703125,42.970001220703125,297700,0.0,0.0
2023-04-26 00:00:00-04:00,42.349998474121094,42.349998474121094,40.650001525878906,41.099998474121094,706100,0.0,0.0
2023-04-27 00:00:00-04:00,41.20000076293945,41.20000076293945,39.900001525878906,40.04999923706055,466300,0.0,0.0
2023-04-28 00:00:00-04:00,40.13999938964844,40.22999954223633,39.2400016784668,39.33000183105469,465800,0.0,0.0
2023-05-01 00:00:00-04:00,39.2400016784668,39.380001068115234,38.849998474121094,38.91999816894531,325300,0.0,0.0
2023-05-02 00:00:00-04:00,38.810001373291016,38.869998931884766,38.189998626708984,38.22999954223633,420900,0.0,0.0
2023-05-03 00:00:00-04:00,38.310001373291016,38.83000183105469,38.0,38.099998474121094,331100,0.0,0.0
2023-05-04 00:00:00-04:00,38.16999816894531,38.279998779296875,37.38999938964844,37.790000915527344,283300,0.0,0.0
2023-05-05 00:00:00-04:00,37.790000915527344,37.79999923706055,36.849998474121094,37.45000076293945,306800,0.0,0.0
2023-05-08 00:00:00-04:00,37.5,38.13999938964844,37.2400016784668,38.099998474121094,408600,0.0,0.0
2023-05-09 00:00:00-04:00,37.81999969482422,38.97999954223633,37.65999984741211,38.279998779296875,423400,0.0,0.0
2023-05-10 00:00:00-04:00,36.25,36.45000076293945,34.959999084472656,35.84000015258789,980700,0.0,0.0
2023-05-11 00:00:00-04:00,35.4900016784668,35.630001068115234,34.189998626708984,34.20000076293945,702100,0.0,0.0
2023-05-12 00:00:00-04:00,34.08000183105469,34.400001525878906,33.4900016784668,33.75,703700,0.0,0.0
2023-05-15 00:00:00-04:00,33.7599983215332,34.13999938964844,33.560001373291016,33.93000030517578,600500,0.0,0.0
2023-05-16 00:00:00-04:00,33.75,34.060001373291016,33.540000915527344,34.029998779296875,317200,0.0,0.0
2023-05-17 00:00:00-04:00,33.91999816894531,34.0,33.11000061035156,33.29999923706055,556000,0.0,0.0
2023-05-18 00:00:00-04:00,33.060001373291016,33.22999954223633,32.20000076293945,32.720001220703125,723800,0.0,0.0
2023-05-19 00:00:00-04:00,32.869998931884766,32.869998931884766,31.459999084472656,32.06999969482422,863300,0.0,0.0
2023-05-22 00:00:00-04:00,32.15999984741211,32.29999923706055,31.649999618530273,31.799999237060547,419000,0.0,0.0
2023-05-23 00:00:00-04:00,32.0,32.91999816894531,31.3700008392334,32.720001220703125,490900,0.0,0.0
2023-05-24 00:00:00-04:00,32.75,34.84000015258789,32.66999816894531,34.0,628400,0.0,0.0
2023-05-25 00:00:00-04:00,34.0,34.119998931884766,33.54999923706055,33.869998931884766,294700,0.0,0.0
2023-05-26 00:00:00-04:00,33.61000061035156,33.790000915527344,33.47999954223633,33.540000915527344,258000,0.0,0.0
2023-05-30 00:00:00-04:00,33.5,34.77000045776367,33.349998474121094,34.75,302400,0.0,0.0
2023-05-31 00:00:00-04:00,34.77000045776367,36.189998626708984,34.59000015258789,35.45000076293945,751800,0.0,0.0
2023-06-01 00:00:00-04:00,35.560001373291016,39.40999984741211,35.5,38.72999954223633,1189200,0.0,0.0
2023-06-02 00:00:00-04:00,38.790000915527344,40.279998779296875,38.790000915527344,39.97999954223633,507900,0.0,0.0
2023-06-05 00:00:00-04:00,39.779998779296875,40.2599983215332,37.849998474121094,38.209999084472656,495800,0.0,0.0
2023-06-06 00:00:00-04:00,38.18000030517578,38.18000030517578,37.61000061035156,38.099998474121094,309700,0.0,0.0
2023-06-07 00:00:00-04:00,38.43000030517578,39.810001373291016,38.189998626708984,39.52000045776367,429100,0.0,0.0
2023-06-08 00:00:00-04:00,39.470001220703125,40.33000183105469,39.310001373291016,40.15999984741211,335200,0.0,0.0
2023-06-09 00:00:00-04:00,40.0,40.4900016784668,39.900001525878906,40.130001068115234,327300,0.0,0.0
2023-06-12 00:00:00-04:00,39.709999084472656,40.7599983215332,39.709999084472656,40.4900016784668,425800,0.0,0.0
2023-06-13 00:00:00-04:00,40.0099983215332,42.0099983215332,40.0099983215332,41.900001525878906,584700,0.0,0.0
2023-06-14 00:00:00-04:00,42.02000045776367,42.97999954223633,41.869998931884766,42.09000015258789,583100,0.0,0.0
2023-06-15 00:00:00-04:00,42.220001220703125,42.4900016784668,41.86000061035156,42.08000183105469,422400,0.0,0.0
2023-06-16 00:00:00-04:00,49.70000076293945,51.029998779296875,49.5,51.0,3908800,0.0,0.0
2023-06-20 00:00:00-04:00,50.97999954223633,51.20000076293945,50.209999084472656,50.41999816894531,788900,0.0,0.0
2023-06-21 00:00:00-04:00,50.0,50.119998931884766,49.5099983215332,49.529998779296875,653400,0.0,0.0
2023-06-22 00:00:00-04:00,49.65999984741211,50.59000015258789,44.4900016784668,45.40999984741211,2740000,0.0,0.0
2023-06-23 00:00:00-04:00,45.29999923706055,45.5,43.25,43.369998931884766,798000,0.0,0.0
2023-06-26 00:00:00-04:00,43.29999923706055,44.0099983215332,43.279998779296875,43.810001373291016,524200,0.0,0.0
2023-06-27 00:00:00-04:00,43.540000915527344,45.599998474121094,43.529998779296875,45.2400016784668,330800,0.0,0.0
2023-06-28 00:00:00-04:00,45.11000061035156,45.7400016784668,44.70000076293945,45.619998931884766,155800,0.0,0.0
2023-06-29 00:00:00-04:00,45.38999938964844,45.529998779296875,44.630001068115234,44.75,388700,0.0,0.0
2023-06-30 00:00:00-04:00,44.75,46.27000045776367,44.63999938964844,45.25,439700,0.0,0.0
2023-07-03 00:00:00-04:00,45.25,45.959999084472656,45.099998474121094,45.369998931884766,220500,0.0,0.0
2023-07-05 00:00:00-04:00,45.33000183105469,45.470001220703125,44.880001068115234,45.13999938964844,320600,0.0,0.0
2023-07-06 00:00:00-04:00,44.790000915527344,45.63999938964844,44.400001525878906,45.099998474121094,565400,0.0,0.0
2023-07-07 00:00:00-04:00,45.029998779296875,47.08000183105469,44.97999954223633,46.369998931884766,250000,0.0,0.0
2023-07-10 00:00:00-04:00,46.02000045776367,46.5,45.4900016784668,45.7400016784668,258200,0.0,0.0
2023-07-11 00:00:00-04:00,45.59000015258789,47.189998626708984,45.40999984741211,46.7400016784668,621300,0.0,0.0
2023-07-12 00:00:00-04:00,47.04999923706055,47.27000045776367,46.279998779296875,47.0,364300,0.0,0.0
2023-07-13 00:00:00-04:00,47.279998779296875,47.7599983215332,47.08000183105469,47.27000045776367,290100,0.0,0.0
2023-07-14 00:00:00-04:00,47.279998779296875,48.13999938964844,46.43000030517578,47.91999816894531,320100,0.0,0.0
2023-07-17 00:00:00-04:00,48.130001068115234,49.54999923706055,48.130001068115234,49.209999084472656,266600,0.0,0.0
2023-07-18 00:00:00-04:00,49.66999816894531,50.61000061035156,49.22999954223633,50.400001525878906,349300,0.0,0.0
2023-07-19 00:00:00-04:00,50.4900016784668,51.4900016784668,48.77000045776367,48.77000045776367,562500,0.0,0.0
2023-07-20 00:00:00-04:00,48.0,48.2599983215332,47.459999084472656,47.959999084472656,258200,0.0,0.0
2023-07-21 00:00:00-04:00,48.310001373291016,48.310001373291016,47.310001373291016,47.41999816894531,262600,0.0,0.0
2023-07-24 00:00:00-04:00,47.41999816894531,47.59000015258789,46.650001525878906,46.900001525878906,234500,0.0,0.0
2023-07-25 00:00:00-04:00,43.0099983215332,43.0099983215332,40.099998474121094,40.459999084472656,2414300,0.0,0.0
2023-07-26 00:00:00-04:00,40.560001373291016,41.02000045776367,39.68000030517578,40.0,470400,0.0,0.0
2023-07-27 00:00:00-04:00,39.86000061035156,40.36000061035156,38.900001525878906,38.939998626708984,540200,0.0,0.0
2023-07-28 00:00:00-04:00,38.939998626708984,40.11000061035156,38.900001525878906,39.54999923706055,306800,0.0,0.0
2023-07-31 00:00:00-04:00,39.720001220703125,40.310001373291016,39.709999084472656,40.0,245000,0.0,0.0
2023-08-01 00:00:00-04:00,39.7599983215332,40.09000015258789,39.5099983215332,39.939998626708984,250700,0.0,0.0
2023-08-02 00:00:00-04:00,39.7400016784668,40.130001068115234,38.70000076293945,39.029998779296875,281000,0.0,0.0
2023-08-03 00:00:00-04:00,39.0,39.40999984741211,38.59000015258789,38.720001220703125,155000,0.0,0.0
2023-08-04 00:00:00-04:00,38.72999954223633,39.13999938964844,38.41999816894531,39.04999923706055,214100,0.0,0.0
2023-08-07 00:00:00-04:00,39.04999923706055,39.290000915527344,38.650001525878906,39.08000183105469,208300,0.0,0.0
2023-08-08 00:00:00-04:00,38.650001525878906,39.189998626708984,38.29999923706055,38.66999816894531,532100,0.0,0.0
2023-08-09 00:00:00-04:00,39.279998779296875,40.16999816894531,38.47999954223633,38.880001068115234,392400,0.0,0.0
2023-08-10 00:00:00-04:00,38.70000076293945,39.209999084472656,38.59000015258789,39.04999923706055,168300,0.0,0.0
2023-08-11 00:00:00-04:00,38.849998474121094,39.08000183105469,37.41999816894531,37.72999954223633,319900,0.0,0.0
2023-08-14 00:00:00-04:00,37.529998779296875,37.619998931884766,37.06999969482422,37.25,209800,0.0,0.0
2023-08-15 00:00:00-04:00,37.040000915527344,37.54999923706055,36.599998474121094,37.4900016784668,200100,0.0,0.0
2023-08-16 00:00:00-04:00,37.150001525878906,37.97999954223633,36.599998474121094,37.18000030517578,220400,0.0,0.0
2023-08-17 00:00:00-04:00,37.0,37.599998474121094,36.72999954223633,36.9900016784668,216000,0.0,0.0
2023-08-18 00:00:00-04:00,36.689998626708984,37.0,36.650001525878906,36.970001220703125,179600,0.0,0.0
2023-08-21 00:00:00-04:00,37.119998931884766,37.470001220703125,36.599998474121094,37.130001068115234,174300,0.0,0.0
2023-08-22 00:00:00-04:00,36.9900016784668,38.619998931884766,36.95000076293945,38.369998931884766,238200,0.0,0.0
2023-08-23 00:00:00-04:00,38.27000045776367,38.689998626708984,37.65999984741211,37.7400016784668,175500,0.0,0.0
2023-08-24 00:00:00-04:00,37.70000076293945,38.220001220703125,37.18000030517578,38.029998779296875,175900,0.0,0.0
2023-08-25 00:00:00-04:00,38.060001373291016,39.310001373291016,37.79999923706055,39.11000061035156,187300,0.0,0.0
2023-08-28 00:00:00-04:00,39.060001373291016,39.5,39.060001373291016,39.43000030517578,262100,0.0,0.0
2023-08-29 00:00:00-04:00,39.400001525878906,39.41999816894531,38.79999923706055,38.9900016784668,303800,0.0,0.0
2023-08-30 00:00:00-04:00,38.790000915527344,39.2599983215332,38.65999984741211,38.880001068115234,165800,0.0,0.0
2023-08-31 00:00:00-04:00,38.79999923706055,39.40999984741211,38.36000061035156,38.88999938964844,282000,0.0,0.0
2023-09-01 00:00:00-04:00,38.97999954223633,39.290000915527344,38.16999816894531,38.77000045776367,196300,0.0,0.0
2023-09-05 00:00:00-04:00,38.040000915527344,38.709999084472656,37.790000915527344,37.790000915527344,243500,0.0,0.0
2023-09-06 00:00:00-04:00,37.689998626708984,37.689998626708984,36.15999984741211,37.040000915527344,426500,0.0,0.0
2023-09-07 00:00:00-04:00,36.58000183105469,37.369998931884766,36.279998779296875,37.18000030517578,328600,0.0,0.0
2023-09-08 00:00:00-04:00,37.09000015258789,37.29999923706055,36.290000915527344,36.34000015258789,261900,0.0,0.0
2023-09-11 00:00:00-04:00,35.84000015258789,36.31999969482422,35.5,35.79999923706055,337900,0.0,0.0
2023-09-12 00:00:00-04:00,35.75,36.25,35.20000076293945,35.45000076293945,225900,0.0,0.0
2023-09-13 00:00:00-04:00,35.220001220703125,36.02000045776367,35.11000061035156,35.38999938964844,354100,0.0,0.0
2023-09-14 00:00:00-04:00,35.459999084472656,35.77000045776367,34.939998626708984,35.310001373291016,180500,0.0,0.0
2023-09-15 00:00:00-04:00,35.36000061035156,35.5,34.88999938964844,35.099998474121094,503200,0.0,0.0
2023-09-18 00:00:00-04:00,35.0099983215332,35.540000915527344,34.33000183105469,35.4900016784668,409000,0.0,0.0
2023-09-19 00:00:00-04:00,35.5099983215332,37.81999969482422,35.22999954223633,37.599998474121094,336800,0.0,0.0
2023-09-20 00:00:00-04:00,37.63999938964844,38.290000915527344,36.939998626708984,37.31999969482422,286100,0.0,0.0
2023-09-21 00:00:00-04:00,37.09000015258789,37.849998474121094,36.90999984741211,37.31999969482422,223000,0.0,0.0
2023-09-22 00:00:00-04:00,37.290000915527344,37.75,37.099998474121094,37.29999923706055,150800,0.0,0.0
2023-09-25 00:00:00-04:00,37.09000015258789,37.709999084472656,37.0099983215332,37.68000030517578,140000,0.0,0.0
2023-09-26 00:00:00-04:00,37.54999923706055,37.97999954223633,37.31999969482422,37.849998474121094,374800,0.0,0.0
2023-09-27 00:00:00-04:00,38.0,39.7400016784668,37.75,39.279998779296875,321200,0.0,0.0
2023-09-28 00:00:00-04:00,39.369998931884766,39.65999984741211,39.15999984741211,39.279998779296875,186300,0.0,0.0
2023-09-29 00:00:00-04:00,39.54999923706055,39.56999969482422,37.75,37.900001525878906,210100,0.0,0.0
2023-10-02 00:00:00-04:00,37.900001525878906,38.900001525878906,37.709999084472656,38.79999923706055,193500,0.0,0.0
2023-10-03 00:00:00-04:00,38.81999969482422,39.029998779296875,37.77000045776367,37.90999984741211,187700,0.0,0.0
2023-10-04 00:00:00-04:00,37.93000030517578,38.70000076293945,37.93000030517578,38.13999938964844,224600,0.0,0.0
2023-10-05 00:00:00-04:00,38.209999084472656,38.810001373291016,36.84000015258789,36.88999938964844,213300,0.0,0.0
2023-10-06 00:00:00-04:00,36.7400016784668,37.279998779296875,36.5,37.119998931884766,190100,0.0,0.0
2023-10-09 00:00:00-04:00,36.900001525878906,38.22999954223633,36.66999816894531,37.9900016784668,171800,0.0,0.0
2023-10-10 00:00:00-04:00,37.79999923706055,38.59000015258789,37.79999923706055,38.4900016784668,151000,0.0,0.0
2023-10-11 00:00:00-04:00,38.40999984741211,38.7599983215332,37.709999084472656,37.709999084472656,125900,0.0,0.0
2023-10-12 00:00:00-04:00,37.5099983215332,38.279998779296875,37.220001220703125,37.720001220703125,153500,0.0,0.0
2023-10-13 00:00:00-04:00,38.400001525878906,38.70000076293945,38.0,38.27000045776367,182300,0.0,0.0
2023-10-16 00:00:00-04:00,38.5,38.689998626708984,38.290000915527344,38.38999938964844,203100,0.0,0.0
2023-10-17 00:00:00-04:00,38.380001068115234,38.689998626708984,38.119998931884766,38.13999938964844,167700,0.0,0.0
2023-10-18 00:00:00-04:00,38.029998779296875,38.2400016784668,37.029998779296875,37.029998779296875,181300,0.0,0.0
2023-10-19 00:00:00-04:00,37.0,37.810001373291016,36.900001525878906,37.290000915527344,175800,0.0,0.0
2023-10-20 00:00:00-04:00,37.45000076293945,37.459999084472656,35.58000183105469,36.150001525878906,440700,0.0,0.0
2023-10-23 00:00:00-04:00,36.150001525878906,36.45000076293945,35.119998931884766,35.119998931884766,374300,0.0,0.0
2023-10-24 00:00:00-04:00,35.130001068115234,35.709999084472656,34.529998779296875,34.75,246000,0.0,0.0
2023-10-25 00:00:00-04:00,34.630001068115234,35.220001220703125,34.630001068115234,34.70000076293945,311100,0.0,0.0
2023-10-26 00:00:00-04:00,34.54999923706055,34.810001373291016,33.4900016784668,33.560001373291016,353300,0.0,0.0
2023-10-27 00:00:00-04:00,33.56999969482422,33.84000015258789,33.20000076293945,33.5099983215332,232800,0.0,0.0
2023-10-30 00:00:00-04:00,33.54999923706055,34.52000045776367,32.77000045776367,32.779998779296875,334600,0.0,0.0
2023-10-31 00:00:00-04:00,33.0,33.099998474121094,32.650001525878906,32.93000030517578,170200,0.0,0.0
2023-11-01 00:00:00-04:00,32.84000015258789,33.02000045776367,32.04999923706055,32.2400016784668,204300,0.0,0.0
2023-11-02 00:00:00-04:00,32.470001220703125,32.84000015258789,32.290000915527344,32.400001525878906,251900,0.0,0.0
2023-11-03 00:00:00-04:00,32.88999938964844,33.22999954223633,32.349998474121094,32.369998931884766,184800,0.0,0.0
2023-11-06 00:00:00-05:00,32.349998474121094,32.560001373291016,31.850000381469727,32.060001373291016,274000,0.0,0.0
2023-11-07 00:00:00-05:00,32.060001373291016,32.15999984741211,31.450000762939453,31.510000228881836,248900,0.0,0.0
2023-11-08 00:00:00-05:00,30.0,30.25,29.270000457763672,30.15999984741211,678800,0.0,0.0
2023-11-09 00:00:00-05:00,29.75,29.920000076293945,29.049999237060547,29.1200008392334,425300,0.0,0.0
2023-11-10 00:00:00-05:00,29.049999237060547,29.100000381469727,28.229999542236328,28.600000381469727,446800,0.0,0.0
2023-11-13 00:00:00-05:00,28.600000381469727,29.18000030517578,28.450000762939453,28.489999771118164,214900,0.0,0.0
2023-11-14 00:00:00-05:00,28.850000381469727,30.34000015258789,28.850000381469727,30.010000228881836,314300,0.0,0.0
2023-11-15 00:00:00-05:00,30.25,31.600000381469727,30.25,30.989999771118164,461600,0.0,0.0
2023-11-16 00:00:00-05:00,30.940000534057617,30.940000534057617,30.34000015258789,30.479999542236328,144200,0.0,0.0
2023-11-17 00:00:00-05:00,30.6200008392334,30.81999969482422,30.290000915527344,30.479999542236328,203300,0.0,0.0
2023-11-20 00:00:00-05:00,30.479999542236328,31.25,30.149999618530273,30.520000457763672,308100,0.0,0.0
2023-11-21 00:00:00-05:00,30.209999084472656,30.5,29.5,29.520000457763672,148800,0.0,0.0
2023-11-22 00:00:00-05:00,29.65999984741211,30.280000686645508,29.639999389648438,29.829999923706055,153200,0.0,0.0
2023-11-24 00:00:00-05:00,38.59000015258789,41.88999938964844,37.38999938964844,41.47999954223633,7325300,0.0,0.0
2023-11-27 00:00:00-05:00,42.099998474121094,42.13999938964844,31.1299991607666,34.349998474121094,8061100,0.0,0.0
2023-11-28 00:00:00-05:00,35.29999923706055,35.599998474121094,34.25,35.47999954223633,1782400,0.0,0.0
2023-11-29 00:00:00-05:00,35.310001373291016,36.939998626708984,34.709999084472656,36.2400016784668,1289700,0.0,0.0
2023-11-30 00:00:00-05:00,36.099998474121094,36.66999816894531,35.86000061035156,36.11000061035156,693600,0.0,0.0
2023-12-01 00:00:00-05:00,36.09000015258789,36.97999954223633,35.599998474121094,36.779998779296875,603400,0.0,0.0
2023-12-04 00:00:00-05:00,37.18000030517578,37.5,36.029998779296875,36.849998474121094,714000,0.0,0.0
2023-12-05 00:00:00-05:00,36.31999969482422,38.290000915527344,36.29999923706055,37.93000030517578,707000,0.0,0.0
2023-12-06 00:00:00-05:00,38.29999923706055,38.5,37.81999969482422,38.220001220703125,442300,0.0,0.0
2023-12-07 00:00:00-05:00,38.27000045776367,39.36000061035156,38.040000915527344,38.689998626708984,594700,0.0,0.0
2023-12-08 00:00:00-05:00,39.20000076293945,39.9900016784668,38.900001525878906,39.70000076293945,611800,0.0,0.0
2023-12-11 00:00:00-05:00,39.54999923706055,39.939998626708984,37.900001525878906,38.630001068115234,597800,0.0,0.0
2023-12-12 00:00:00-05:00,38.31999969482422,39.029998779296875,38.029998779296875,38.720001220703125,340800,0.0,0.0
2023-12-13 00:00:00-05:00,38.790000915527344,39.22999954223633,38.599998474121094,38.650001525878906,525800,0.0,0.0
2023-12-14 00:00:00-05:00,39.06999969482422,39.16999816894531,37.45000076293945,37.939998626708984,680500,0.0,0.0
2023-12-15 00:00:00-05:00,38.310001373291016,38.540000915527344,37.54999923706055,37.65999984741211,994200,0.0,0.0
2023-12-18 00:00:00-05:00,36.900001525878906,37.7599983215332,36.4900016784668,37.18000030517578,580700,0.0,0.0
2023-12-19 00:00:00-05:00,37.209999084472656,39.25,37.099998474121094,38.5,500800,0.0,0.0
2023-12-20 00:00:00-05:00,38.31999969482422,39.439998626708984,37.61000061035156,38.27000045776367,493400,0.0,0.0
2023-12-21 00:00:00-05:00,38.5099983215332,38.9900016784668,38.29999923706055,38.56999969482422,269900,0.0,0.0
2023-12-22 00:00:00-05:00,38.560001373291016,39.15999984741211,38.4900016784668,39.060001373291016,187900,0.0,0.0
2023-12-26 00:00:00-05:00,39.060001373291016,39.16999816894531,38.36000061035156,38.369998931884766,237000,0.0,0.0
2023-12-27 00:00:00-05:00,38.369998931884766,38.97999954223633,38.29999923706055,38.779998779296875,196500,0.0,0.0
2023-12-28 00:00:00-05:00,38.959999084472656,38.959999084472656,38.54999923706055,38.560001373291016,151500,0.0,0.0
2023-12-29 00:00:00-05:00,38.540000915527344,38.939998626708984,38.5,38.70000076293945,254100,0.0,0.0
2024-01-02 00:00:00-05:00,38.5,38.849998474121094,38.33000183105469,38.540000915527344,235600,0.0,0.0
2024-01-03 00:00:00-05:00,38.5,38.869998931884766,38.4900016784668,38.5,234100,0.0,0.0
2024-01-04 00:00:00-05:00,38.61000061035156,38.70000076293945,38.02000045776367,38.33000183105469,270700,0.0,0.0
2024-01-05 00:00:00-05:00,38.18000030517578,38.45000076293945,37.5099983215332,37.52000045776367,305500,0.0,0.0
2024-01-08 00:00:00-05:00,37.79999923706055,38.36000061035156,37.619998931884766,37.7599983215332,213800,0.0,0.0
2024-01-09 00:00:00-05:00,37.5,37.5,36.34000015258789,37.08000183105469,642400,0.0,0.0
2024-01-10 00:00:00-05:00,36.9900016784668,36.9900016784668,29.0,29.75,4948400,0.0,0.0
2024-01-11 00:00:00-05:00,30.40999984741211,32.22999954223633,30.329999923706055,31.049999237060547,2941700,0.0,0.0
2024-01-12 00:00:00-05:00,31.040000915527344,31.489999771118164,29.90999984741211,29.979999542236328,769400,0.0,0.0
2024-01-16 00:00:00-05:00,30.5,32.0,30.030000686645508,30.209999084472656,1197900,0.0,0.0
2024-01-17 00:00:00-05:00,30.020000457763672,30.350000381469727,27.170000076293945,27.540000915527344,1798600,0.0,0.0
2024-01-18 00:00:00-05:00,28.010000228881836,28.09000015258789,23.40999984741211,23.6200008392334,6580500,0.0,0.0
2024-01-19 00:00:00-05:00,16.90999984741211,18.049999237060547,15.770000457763672,17.260000228881836,25693500,0.0,0.0
2024-01-22 00:00:00-05:00,16.899999618530273,17.739999771118164,16.829999923706055,17.3799991607666,5455200,0.0,0.0
2024-01-23 00:00:00-05:00,17.3799991607666,19.68000030517578,16.899999618530273,18.479999542236328,6681200,0.0,0.0
2024-01-24 00:00:00-05:00,18.850000381469727,19.450000762939453,17.549999237060547,17.610000610351562,2969700,0.0,0.0
2024-01-25 00:00:00-05:00,17.639999389648438,17.940000534057617,16.389999389648438,17.579999923706055,2813800,0.0,0.0
2024-01-26 00:00:00-05:00,17.350000381469727,17.3700008392334,16.809999465942383,16.989999771118164,1329100,0.0,0.0
2024-01-29 00:00:00-05:00,14.069999694824219,16.25,13.800000190734863,15.5,18321000,0.0,0.0
2024-01-30 00:00:00-05:00,15.470000267028809,15.479999542236328,14.100000381469727,14.25,4982900,0.0,0.0
2024-01-31 00:00:00-05:00,14.229999542236328,14.5,13.5,13.600000381469727,3972200,0.0,0.0
2024-02-01 00:00:00-05:00,13.670000076293945,13.880000114440918,12.920000076293945,13.640000343322754,3154100,0.0,0.0
2024-02-02 00:00:00-05:00,13.520000457763672,13.550000190734863,12.869999885559082,13.010000228881836,2960200,0.0,0.0
2024-02-05 00:00:00-05:00,12.869999885559082,12.890000343322754,11.880000114440918,12.039999961853027,3723400,0.0,0.0
2024-02-06 00:00:00-05:00,11.819999694824219,12.789999961853027,11.819999694824219,12.470000267028809,2650000,0.0,0.0
2024-02-07 00:00:00-05:00,12.460000038146973,12.579999923706055,12.0,12.1899995803833,1733200,0.0,0.0
2024-02-08 00:00:00-05:00,12.300000190734863,13.640000343322754,12.010000228881836,13.15999984741211,2223000,0.0,0.0
2024-02-09 00:00:00-05:00,13.199999809265137,14.0600004196167,12.819999694824219,13.649999618530273,2117000,0.0,0.0
2024-02-12 00:00:00-05:00,13.8100004196167,14.1899995803833,13.710000038146973,13.869999885559082,1365700,0.0,0.0
2024-02-13 00:00:00-05:00,13.779999732971191,13.800000190734863,12.5600004196167,12.59000015258789,2212200,0.0,0.0
2024-02-14 00:00:00-05:00,12.600000381469727,12.850000381469727,12.119999885559082,12.550000190734863,1228800,0.0,0.0
2024-02-15 00:00:00-05:00,12.680000305175781,12.930000305175781,12.220000267028809,12.420000076293945,1583200,0.0,0.0
2024-02-16 00:00:00-05:00,12.380000114440918,12.779999732971191,12.199999809265137,12.350000381469727,1450300,0.0,0.0
2024-02-20 00:00:00-05:00,12.34000015258789,12.789999961853027,12.210000038146973,12.300000190734863,1586300,0.0,0.0
2024-02-21 00:00:00-05:00,12.239999771118164,12.430000305175781,11.989999771118164,12.050000190734863,1124400,0.0,0.0
2024-02-22 00:00:00-05:00,12.079999923706055,12.40999984741211,11.9399995803833,11.970000267028809,1479300,0.0,0.0
2024-02-23 00:00:00-05:00,11.880000114440918,12.229999542236328,11.520000457763672,11.630000114440918,2050300,0.0,0.0
2024-02-26 00:00:00-05:00,11.670000076293945,12.329999923706055,11.600000381469727,12.130000114440918,2785300,0.0,0.0
2024-02-27 00:00:00-05:00,11.149999618530273,12.149999618530273,10.0,11.779999732971191,7428600,0.0,0.0
2024-02-28 00:00:00-05:00,11.699999809265137,11.779999732971191,11.039999961853027,11.289999961853027,2707700,0.0,0.0
2024-02-29 00:00:00-05:00,11.40999984741211,12.789999961853027,11.34000015258789,11.40999984741211,2708900,0.0,0.0
2024-03-01 00:00:00-05:00,11.279999732971191,11.470000267028809,10.90999984741211,11.199999809265137,1785600,0.0,0.0
2024-03-04 00:00:00-05:00,10.930000305175781,11.010000228881836,10.460000038146973,10.75,2983700,0.0,0.0
2024-03-05 00:00:00-05:00,10.649999618530273,10.649999618530273,10.149999618530273,10.199999809265137,1701800,0.0,0.0
2024-03-06 00:00:00-05:00,10.329999923706055,10.460000038146973,10.020000457763672,10.289999961853027,1485800,0.0,0.0
2024-03-07 00:00:00-05:00,10.289999961853027,10.4399995803833,10.069999694824219,10.390000343322754,1264000,0.0,0.0
2024-03-08 00:00:00-05:00,10.5,10.90999984741211,10.260000228881836,10.420000076293945,1377000,0.0,0.0
2024-03-11 00:00:00-04:00,10.289999961853027,10.75,10.279999732971191,10.699999809265137,1866700,0.0,0.0
2024-03-12 00:00:00-04:00,10.6899995803833,10.6899995803833,9.859999656677246,9.859999656677246,2812400,0.0,0.0
2024-03-13 00:00:00-04:00,9.819999694824219,10.270000457763672,9.65999984741211,9.789999961853027,1670500,0.0,0.0
2024-03-14 00:00:00-04:00,9.729999542236328,9.729999542236328,9.1899995803833,9.34000015258789,2273800,0.0,0.0
2024-03-15 00:00:00-04:00,9.199999809265137,10.039999961853027,9.199999809265137,9.989999771118164,7401500,0.0,0.0
2024-03-18 00:00:00-04:00,9.960000038146973,9.970000267028809,9.109999656677246,9.210000038146973,2313300,0.0,0.0
2024-03-19 00:00:00-04:00,9.119999885559082,9.260000228881836,8.789999961853027,8.829999923706055,1943400,0.0,0.0
2024-03-20 00:00:00-04:00,8.75,8.800000190734863,8.510000228881836,8.600000381469727,1862200,0.0,0.0
2024-03-21 00:00:00-04:00,8.670000076293945,8.920000076293945,8.369999885559082,8.399999618530273,2529200,0.0,0.0
2024-03-22 00:00:00-04:00,8.34000015258789,8.350000381469727,7.96999979019165,8.1899995803833,1989900,0.0,0.0
2024-03-25 00:00:00-04:00,8.170000076293945,8.289999961853027,7.900000095367432,7.949999809265137,1384600,0.0,0.0
2024-03-26 00:00:00-04:00,8.0,8.260000228881836,7.820000171661377,7.820000171661377,1257900,0.0,0.0
2024-03-27 00:00:00-04:00,7.920000076293945,8.649999618530273,7.860000133514404,8.59000015258789,1750000,0.0,0.0
2024-03-28 00:00:00-04:00,8.600000381469727,8.800000190734863,8.449999809265137,8.760000228881836,1115700,0.0,0.0
2024-04-01 00:00:00-04:00,8.800000190734863,8.800000190734863,8.260000228881836,8.470000267028809,776100,0.0,0.0
2024-04-02 00:00:00-04:00,8.300000190734863,8.319999694824219,7.880000114440918,8.0,994500,0.0,0.0
2024-04-03 00:00:00-04:00,8.0,9.34000015258789,7.619999885559082,8.149999618530273,6314700,0.0,0.0
2024-04-04 00:00:00-04:00,8.25,8.90999984741211,7.860000133514404,8.699999809265137,3755500,0.0,0.0
2024-04-05 00:00:00-04:00,8.600000381469727,9.34000015258789,8.300000190734863,8.84000015258789,2487500,0.0,0.0
2024-04-08 00:00:00-04:00,8.869999885559082,10.1899995803833,8.75,9.960000038146973,3611300,0.0,0.0
2024-04-09 00:00:00-04:00,9.890000343322754,10.760000228881836,9.729999542236328,10.220000267028809,3039500,0.0,0.0
2024-04-10 00:00:00-04:00,9.899999618530273,9.90999984741211,9.020000457763672,9.199999809265137,2302900,0.0,0.0
2024-04-11 00:00:00-04:00,9.520000457763672,9.770000457763672,9.079999923706055,9.09000015258789,1896100,0.0,0.0
2024-04-12 00:00:00-04:00,9.0,9.010000228881836,7.820000171661377,7.849999904632568,2869300,0.0,0.0
2024-04-15 00:00:00-04:00,7.840000152587891,7.909999847412109,7.409999847412109,7.579999923706055,2787200,0.0,0.0
2024-04-16 00:00:00-04:00,7.420000076293945,7.539999961853027,7.119999885559082,7.139999866485596,2184600,0.0,0.0
2024-04-17 00:00:00-04:00,7.190000057220459,7.599999904632568,7.0,7.03000020980835,1485500,0.0,0.0
2024-04-18 00:00:00-04:00,7.050000190734863,7.480000019073486,7.019999980926514,7.25,1080400,0.0,0.0
2024-04-19 00:00:00-04:00,7.239999771118164,7.53000020980835,7.070000171661377,7.239999771118164,1451000,0.0,0.0
2024-04-22 00:00:00-04:00,7.230000019073486,7.230000019073486,6.710000038146973,6.739999771118164,1788100,0.0,0.0
2024-04-23 00:00:00-04:00,6.690000057220459,7.190000057220459,6.599999904632568,6.889999866485596,1364200,0.0,0.0
2024-04-24 00:00:00-04:00,6.980000019073486,7.039999961853027,6.760000228881836,6.840000152587891,817000,0.0,0.0
2024-04-25 00:00:00-04:00,6.739999771118164,6.909999847412109,6.480000019073486,6.880000114440918,1545400,0.0,0.0
2024-04-26 00:00:00-04:00,6.889999866485596,7.940000057220459,6.769999980926514,7.789999961853027,1897000,0.0,0.0
2024-04-29 00:00:00-04:00,7.900000095367432,8.489999771118164,7.78000020980835,8.460000038146973,2004100,0.0,0.0
2024-04-30 00:00:00-04:00,8.289999961853027,8.680000305175781,8.140000343322754,8.5600004196167,1789400,0.0,0.0
2024-05-01 00:00:00-04:00,8.5,8.9399995803833,8.350000381469727,8.5600004196167,1706000,0.0,0.0
2024-05-02 00:00:00-04:00,8.729999542236328,9.239999771118164,8.579999923706055,8.899999618530273,1268000,0.0,0.0
2024-05-03 00:00:00-04:00,9.100000381469727,9.470000267028809,8.949999809265137,9.430000305175781,1182200,0.0,0.0
2024-05-06 00:00:00-04:00,9.5,9.5,8.970000267028809,9.130000114440918,1117400,0.0,0.0
2024-05-07 00:00:00-04:00,9.229999542236328,9.399999618530273,8.979999542236328,9.020000457763672,1648600,0.0,0.0
2024-05-08 00:00:00-04:00,9.329999923706055,11.100000381469727,9.180000305175781,10.920000076293945,6225300,0.0,0.0
2024-05-09 00:00:00-04:00,10.859999656677246,11.670000076293945,10.350000381469727,11.399999618530273,2733400,0.0,0.0
2024-05-10 00:00:00-04:00,11.470000267028809,11.550000190734863,10.899999618530273,11.220000267028809,1469300,0.0,0.0
2024-05-13 00:00:00-04:00,11.550000190734863,13.869999885559082,11.550000190734863,13.399999618530273,4674000,0.0,0.0
2024-05-14 00:00:00-04:00,14.020000457763672,14.510000228881836,12.399999618530273,12.75,4544300,0.0,0.0
2024-05-15 00:00:00-04:00,13.0,13.010000228881836,10.65999984741211,10.989999771118164,2644800,0.0,0.0
2024-05-16 00:00:00-04:00,10.9399995803833,11.369999885559082,10.5600004196167,11.210000038146973,2160600,0.0,0.0
2024-05-17 00:00:00-04:00,11.359999656677246,11.649999618530273,10.630000114440918,10.84000015258789,1284500,0.0,0.0
2024-05-20 00:00:00-04:00,10.760000228881836,11.34000015258789,10.710000038146973,10.920000076293945,1075300,0.0,0.0
2024-05-21 00:00:00-04:00,10.760000228881836,10.789999961853027,10.220000267028809,10.239999771118164,919400,0.0,0.0
2024-05-22 00:00:00-04:00,10.0,11.0,9.800000190734863,10.4399995803833,1700400,0.0,0.0
2024-05-23 00:00:00-04:00,10.359999656677246,10.359999656677246,9.449999809265137,9.630000114440918,1345700,0.0,0.0
2024-05-24 00:00:00-04:00,9.640000343322754,10.079999923706055,9.520000457763672,9.930000305175781,1744900,0.0,0.0
2024-05-28 00:00:00-04:00,10.020000457763672,10.260000228881836,9.5,9.5600004196167,784200,0.0,0.0
2024-05-29 00:00:00-04:00,9.420000076293945,9.609999656677246,9.180000305175781,9.359999656677246,679200,0.0,0.0
2024-05-30 00:00:00-04:00,9.210000038146973,9.869999885559082,9.109999656677246,9.5600004196167,735900,0.0,0.0
2024-05-31 00:00:00-04:00,9.680000305175781,10.100000381469727,9.550000190734863,9.609999656677246,1881400,0.0,0.0
2024-06-03 00:00:00-04:00,9.859999656677246,10.34000015258789,9.239999771118164,9.270000457763672,2115300,0.0,0.0
2024-06-04 00:00:00-04:00,9.0,9.65999984741211,8.949999809265137,9.609999656677246,1418100,0.0,0.0
2024-06-05 00:00:00-04:00,9.399999618530273,10.020000457763672,9.300000190734863,9.989999771118164,895400,0.0,0.0
2024-06-06 00:00:00-04:00,9.90999984741211,10.069999694824219,9.6899995803833,9.989999771118164,1162400,0.0,0.0
2024-06-07 00:00:00-04:00,9.739999771118164,9.960000038146973,9.510000228881836,9.529999732971191,1043300,0.0,0.0
2024-06-10 00:00:00-04:00,9.239999771118164,9.520000457763672,9.0600004196167,9.100000381469727,1343300,0.0,0.0
2024-06-11 00:00:00-04:00,8.989999771118164,9.729999542236328,8.899999618530273,9.670000076293945,1393200,0.0,0.0
2024-06-12 00:00:00-04:00,10.0,10.579999923706055,9.710000038146973,9.84000015258789,1338200,0.0,0.0
2024-06-13 00:00:00-04:00,9.880000114440918,10.0,9.109999656677246,9.220000267028809,729900,0.0,0.0
2024-06-14 00:00:00-04:00,9.079999923706055,9.25,8.899999618530273,9.210000038146973,1267600,0.0,0.0
2024-06-17 00:00:00-04:00,9.130000114440918,9.640000343322754,9.100000381469727,9.640000343322754,684300,0.0,0.0
2024-06-18 00:00:00-04:00,9.569999694824219,9.84000015258789,9.15999984741211,9.399999618530273,733800,0.0,0.0
2024-06-20 00:00:00-04:00,9.279999732971191,9.539999961853027,9.029999732971191,9.069999694824219,998200,0.0,0.0
2024-06-21 00:00:00-04:00,9.079999923706055,9.40999984741211,9.079999923706055,9.100000381469727,1457800,0.0,0.0
2024-06-24 00:00:00-04:00,9.140000343322754,9.239999771118164,8.869999885559082,8.869999885559082,981900,0.0,0.0
2024-06-25 00:00:00-04:00,8.779999732971191,8.779999732971191,8.199999809265137,8.239999771118164,1357500,0.0,0.0
2024-06-26 00:00:00-04:00,8.260000228881836,8.640000343322754,8.229999542236328,8.470000267028809,728200,0.0,0.0
2024-06-27 00:00:00-04:00,8.430000305175781,9.039999961853027,8.279999732971191,9.029999732971191,696500,0.0,0.0
2024-06-28 00:00:00-04:00,9.0,9.350000381469727,8.899999618530273,9.109999656677246,1815800,0.0,0.0
2024-07-01 00:00:00-04:00,9.050000190734863,9.359999656677246,8.75,8.850000381469727,654900,0.0,0.0
2024-07-02 00:00:00-04:00,8.819999694824219,9.0,8.649999618530273,8.729999542236328,1482500,0.0,0.0
2024-07-03 00:00:00-04:00,8.729999542236328,9.020000457763672,8.729999542236328,8.890000343322754,401800,0.0,0.0
2024-07-05 00:00:00-04:00,8.850000381469727,8.850000381469727,8.359999656677246,8.630000114440918,617900,0.0,0.0
2024-07-08 00:00:00-04:00,8.539999961853027,9.109999656677246,8.479999542236328,8.819999694824219,977100,0.0,0.0
2024-07-09 00:00:00-04:00,8.779999732971191,8.779999732971191,8.4399995803833,8.680000305175781,591200,0.0,0.0
2024-07-10 00:00:00-04:00,8.699999809265137,8.890000343322754,8.489999771118164,8.579999923706055,1232000,0.0,0.0
2024-07-11 00:00:00-04:00,8.890000343322754,8.949999809265137,8.569999694824219,8.880000114440918,873800,0.0,0.0
2024-07-12 00:00:00-04:00,8.949999809265137,9.65999984741211,8.829999923706055,9.510000228881836,1366900,0.0,0.0
2024-07-15 00:00:00-04:00,9.479999542236328,10.779999732971191,9.0,10.680000305175781,1892400,0.0,0.0
2024-07-16 00:00:00-04:00,10.899999618530273,11.739999771118164,10.8100004196167,11.520000457763672,1500800,0.0,0.0
2024-07-17 00:00:00-04:00,11.329999923706055,11.829999923706055,10.920000076293945,11.229999542236328,1109400,0.0,0.0
2024-07-18 00:00:00-04:00,11.130000114440918,11.300000190734863,10.25,10.359999656677246,829000,0.0,0.0
2024-07-19 00:00:00-04:00,10.329999923706055,10.539999961853027,10.100000381469727,10.239999771118164,797500,0.0,0.0
2024-07-22 00:00:00-04:00,10.350000381469727,11.15999984741211,10.100000381469727,11.130000114440918,1016800,0.0,0.0
2024-07-23 00:00:00-04:00,11.130000114440918,12.069999694824219,10.960000038146973,11.949999809265137,1085500,0.0,0.0
2024-07-24 00:00:00-04:00,11.8100004196167,11.979999542236328,11.329999923706055,11.529999732971191,787100,0.0,0.0
2024-07-25 00:00:00-04:00,11.550000190734863,12.989999771118164,11.489999771118164,12.850000381469727,1050400,0.0,0.0
2024-07-26 00:00:00-04:00,13.149999618530273,13.449999809265137,12.270000457763672,12.640000343322754,1217800,0.0,0.0
2024-07-29 00:00:00-04:00,12.680000305175781,12.760000228881836,11.470000267028809,11.609999656677246,897700,0.0,0.0
2024-07-30 00:00:00-04:00,11.600000381469727,11.8100004196167,11.170000076293945,11.65999984741211,717200,0.0,0.0
2024-07-31 00:00:00-04:00,11.800000190734863,12.119999885559082,11.229999542236328,11.789999961853027,1507300,0.0,0.0
2024-08-01 00:00:00-04:00,11.8100004196167,11.899999618530273,10.760000228881836,10.949999809265137,712000,0.0,0.0
2024-08-02 00:00:00-04:00,10.489999771118164,10.5,9.829999923706055,10.180000305175781,872100,0.0,0.0
2024-08-05 00:00:00-04:00,9.15999984741211,9.850000381469727,9.0,9.619999885559082,1528800,0.0,0.0
2024-08-06 00:00:00-04:00,9.649999618530273,9.859999656677246,9.229999542236328,9.430000305175781,1340300,0.0,0.0
2024-08-07 00:00:00-04:00,9.25,10.699999809265137,9.1899995803833,9.75,1646000,0.0,0.0
2024-08-08 00:00:00-04:00,9.84000015258789,9.84000015258789,8.0600004196167,8.130000114440918,1996600,0.0,0.0
2024-08-09 00:00:00-04:00,8.1899995803833,8.260000228881836,7.429999828338623,7.639999866485596,1583100,0.0,0.0
2024-08-12 00:00:00-04:00,7.610000133514404,7.679999828338623,7.300000190734863,7.369999885559082,1262500,0.0,0.0
2024-08-13 00:00:00-04:00,7.449999809265137,8.550000190734863,7.409999847412109,8.300000190734863,1536300,0.0,0.0
2024-08-14 00:00:00-04:00,8.369999885559082,8.5,7.46999979019165,7.809999942779541,1540800,0.0,0.0
2024-08-15 00:00:00-04:00,7.980000019073486,8.34000015258789,7.71999979019165,7.829999923706055,1132100,0.0,0.0
2024-08-16 00:00:00-04:00,7.860000133514404,8.100000381469727,7.699999809265137,7.929999828338623,975800,0.0,0.0
2024-08-19 00:00:00-04:00,7.849999904632568,8.239999771118164,7.789999961853027,7.929999828338623,1460200,0.0,0.0
2024-08-20 00:00:00-04:00,7.860000133514404,7.909999847412109,7.170000076293945,7.230000019073486,1741600,0.0,0.0
2024-08-21 00:00:00-04:00,7.230000019073486,8.130000114440918,7.199999809265137,8.050000190734863,1519600,0.0,0.0
2024-08-22 00:00:00-04:00,8.050000190734863,8.279999732971191,7.46999979019165,7.510000228881836,1199800,0.0,0.0
2024-08-23 00:00:00-04:00,7.550000190734863,8.239999771118164,7.550000190734863,7.96999979019165,1073300,0.0,0.0
2024-08-26 00:00:00-04:00,8.010000228881836,8.149999618530273,7.659999847412109,7.860000133514404,762200,0.0,0.0
2024-08-27 00:00:00-04:00,7.78000020980835,7.880000114440918,7.480000019073486,7.53000020980835,1054600,0.0,0.0
2024-08-28 00:00:00-04:00,7.480000019073486,7.710000038146973,7.28000020980835,7.369999885559082,726400,0.0,0.0
2024-08-29 00:00:00-04:00,7.429999828338623,7.71999979019165,7.389999866485596,7.440000057220459,605800,0.0,0.0
2024-08-30 00:00:00-04:00,7.489999771118164,7.849999904632568,7.260000228881836,7.320000171661377,883000,0.0,0.0
2024-09-03 00:00:00-04:00,7.269999980926514,7.329999923706055,6.550000190734863,6.559999942779541,1360200,0.0,0.0
2024-09-04 00:00:00-04:00,6.570000171661377,6.980000019073486,6.480000019073486,6.610000133514404,981500,0.0,0.0
2024-09-05 00:00:00-04:00,6.659999847412109,6.679999828338623,6.300000190734863,6.400000095367432,627500,0.0,0.0
2024-09-06 00:00:00-04:00,6.360000133514404,6.400000095367432,5.909999847412109,5.96999979019165,1237900,0.0,0.0
2024-09-09 00:00:00-04:00,5.949999809265137,6.449999809265137,5.829999923706055,6.070000171661377,1380300,0.0,0.0
2024-09-10 00:00:00-04:00,6.050000190734863,7.21999979019165,6.050000190734863,7.130000114440918,1550300,0.0,0.0
2024-09-11 00:00:00-04:00,7.010000228881836,7.110000133514404,6.670000076293945,6.789999961853027,1060200,0.0,0.0
2024-09-12 00:00:00-04:00,6.860000133514404,7.300000190734863,6.670000076293945,7.139999866485596,701100,0.0,0.0
2024-09-13 00:00:00-04:00,7.300000190734863,7.409999847412109,7.039999961853027,7.239999771118164,620600,0.0,0.0
2024-09-16 00:00:00-04:00,7.289999961853027,7.449999809265137,7.050000190734863,7.260000228881836,585200,0.0,0.0
2024-09-17 00:00:00-04:00,7.360000133514404,7.599999904632568,7.170000076293945,7.349999904632568,801400,0.0,0.0
2024-09-18 00:00:00-04:00,7.329999923706055,7.599999904632568,6.809999942779541,7.190000057220459,798400,0.0,0.0
2024-09-19 00:00:00-04:00,7.440000057220459,7.550000190734863,7.239999771118164,7.480000019073486,634300,0.0,0.0
2024-09-20 00:00:00-04:00,7.380000114440918,7.480000019073486,7.190000057220459,7.21999979019165,1105200,0.0,0.0
2024-09-23 00:00:00-04:00,7.28000020980835,7.329999923706055,7.059999942779541,7.289999961853027,600300,0.0,0.0
2024-09-24 00:00:00-04:00,7.329999923706055,7.78000020980835,7.289999961853027,7.670000076293945,835000,0.0,0.0
2024-09-25 00:00:00-04:00,7.690000057220459,8.380000114440918,7.550000190734863,7.690000057220459,1003600,0.0,0.0
2024-09-26 00:00:00-04:00,7.889999866485596,8.199999809265137,7.760000228881836,8.100000381469727,623100,0.0,0.0
2024-09-27 00:00:00-04:00,8.199999809265137,8.760000228881836,8.199999809265137,8.5600004196167,1181000,0.0,0.0
2024-09-30 00:00:00-04:00,8.479999542236328,8.899999618530273,8.300000190734863,8.6899995803833,763500,0.0,0.0
2024-10-01 00:00:00-04:00,8.6899995803833,8.779999732971191,8.100000381469727,8.130000114440918,768500,0.0,0.0
2024-10-02 00:00:00-04:00,7.989999771118164,8.789999961853027,7.889999866485596,8.600000381469727,931200,0.0,0.0
2024-10-03 00:00:00-04:00,8.489999771118164,8.670000076293945,8.300000190734863,8.609999656677246,387300,0.0,0.0
2024-10-04 00:00:00-04:00,8.779999732971191,8.920000076293945,8.380000114440918,8.5,521800,0.0,0.0
2024-10-07 00:00:00-04:00,8.40999984741211,8.5,7.929999828338623,8.130000114440918,585100,0.0,0.0
2024-10-08 00:00:00-04:00,8.109999656677246,8.40999984741211,8.050000190734863,8.180000305175781,489100,0.0,0.0
2024-10-09 00:00:00-04:00,8.140000343322754,8.260000228881836,8.010000228881836,8.09000015258789,320400,0.0,0.0
2024-10-10 00:00:00-04:00,7.96999979019165,8.34000015258789,7.860000133514404,8.289999961853027,502800,0.0,0.0
2024-10-11 00:00:00-04:00,8.289999961853027,8.40999984741211,8.100000381469727,8.220000267028809,410100,0.0,0.0
2024-10-14 00:00:00-04:00,8.220000267028809,8.479999542236328,7.96999979019165,8.4399995803833,553900,0.0,0.0
2024-10-15 00:00:00-04:00,8.430000305175781,8.539999961853027,8.100000381469727,8.170000076293945,427200,0.0,0.0
2024-10-16 00:00:00-04:00,8.25,8.420000076293945,7.96999979019165,7.989999771118164,672700,0.0,0.0
2024-10-17 00:00:00-04:00,8.0,8.170000076293945,7.71999979019165,7.980000019073486,665600,0.0,0.0
2024-10-18 00:00:00-04:00,8.0,8.34000015258789,7.909999847412109,7.949999809265137,597900,0.0,0.0
2024-10-21 00:00:00-04:00,7.949999809265137,8.600000381469727,7.690000057220459,8.59000015258789,885900,0.0,0.0
2024-10-22 00:00:00-04:00,8.5,8.720000267028809,8.3100004196167,8.510000228881836,557900,0.0,0.0
2024-10-23 00:00:00-04:00,8.4399995803833,8.5600004196167,7.960000038146973,8.15999984741211,493900,0.0,0.0
2024-10-24 00:00:00-04:00,8.350000381469727,8.75,8.25,8.75,595900,0.0,0.0
2024-10-25 00:00:00-04:00,8.800000190734863,8.800000190734863,8.09000015258789,8.180000305175781,707800,0.0,0.0
2024-10-28 00:00:00-04:00,8.210000038146973,8.630000114440918,8.15999984741211,8.5600004196167,592600,0.0,0.0
2024-10-29 00:00:00-04:00,8.449999809265137,8.59000015258789,8.180000305175781,8.489999771118164,916900,0.0,0.0
2024-10-30 00:00:00-04:00,8.5600004196167,8.770000457763672,8.470000267028809,8.670000076293945,624600,0.0,0.0
2024-10-31 00:00:00-04:00,8.5,8.84000015258789,8.3100004196167,8.729999542236328,817700,0.0,0.0
2024-11-01 00:00:00-04:00,8.869999885559082,9.550000190734863,8.710000038146973,9.550000190734863,1102700,0.0,0.0
2024-11-04 00:00:00-05:00,9.34000015258789,9.579999923706055,9.100000381469727,9.390000343322754,733900,0.0,0.0
2024-11-05 00:00:00-05:00,9.569999694824219,10.600000381469727,9.5,10.40999984741211,1895200,0.0,0.0
2024-11-06 00:00:00-05:00,8.359999656677246,9.380000114440918,6.550000190734863,6.75,5933200,0.0,0.0
2024-11-07 00:00:00-05:00,6.900000095367432,7.070000171661377,6.789999961853027,6.920000076293945,2661200,0.0,0.0
2024-11-08 00:00:00-05:00,6.880000114440918,7.010000228881836,6.420000076293945,6.96999979019165,2435900,0.0,0.0
2024-11-11 00:00:00-05:00,7.099999904632568,7.28000020980835,6.880000114440918,7.21999979019165,1823600,0.0,0.0
2024-11-12 00:00:00-05:00,7.150000095367432,7.21999979019165,6.829999923706055,6.900000095367432,1425000,0.0,0.0
2024-11-13 00:00:00-05:00,6.900000095367432,6.929999828338623,6.349999904632568,6.429999828338623,1604500,0.0,0.0
2024-11-14 00:00:00-05:00,6.440000057220459,6.53000020980835,6.260000228881836,6.380000114440918,876400,0.0,0.0
2024-11-15 00:00:00-05:00,6.349999904632568,6.380000114440918,6.070000171661377,6.210000038146973,1574900,0.0,0.0
2024-11-18 00:00:00-05:00,6.230000019073486,7.0,6.170000076293945,6.96999979019165,1687800,0.0,0.0
2024-11-19 00:00:00-05:00,6.829999923706055,7.670000076293945,6.789999961853027,7.210000038146973,2164700,0.0,0.0
2024-11-20 00:00:00-05:00,7.150000095367432,7.150000095367432,6.46999979019165,6.519999980926514,1317300,0.0,0.0
2024-11-21 00:00:00-05:00,6.650000095367432,7.119999885559082,6.639999866485596,6.960000038146973,1187400,0.0,0.0
2024-11-22 00:00:00-05:00,7.170000076293945,7.369999885559082,6.96999979019165,7.039999961853027,995900,0.0,0.0
2024-11-25 00:00:00-05:00,7.21999979019165,7.769999980926514,7.21999979019165,7.449999809265137,1415300,0.0,0.0
2024-11-26 00:00:00-05:00,7.360000133514404,7.400000095367432,7.119999885559082,7.150000095367432,784600,0.0,0.0
2024-11-27 00:00:00-05:00,7.269999980926514,7.619999885559082,7.070000171661377,7.090000152587891,881400,0.0,0.0
2024-11-29 00:00:00-05:00,7.099999904632568,7.789999961853027,7.039999961853027,7.610000133514404,940000,0.0,0.0
2024-12-02 00:00:00-05:00,7.650000095367432,8.149999618530273,7.440000057220459,8.149999618530273,1253600,0.0,0.0
2024-12-03 00:00:00-05:00,8.149999618530273,8.180000305175781,7.650000095367432,8.050000190734863,940400,0.0,0.0
2024-12-04 00:00:00-05:00,8.0600004196167,8.640000343322754,8.0,8.449999809265137,1082900,0.0,0.0
2024-12-05 00:00:00-05:00,8.449999809265137,8.970000267028809,8.1899995803833,8.59000015258789,1777600,0.0,0.0
2024-12-06 00:00:00-05:00,8.720000267028809,9.300000190734863,8.640000343322754,8.9399995803833,1125000,0.0,0.0
2024-12-09 00:00:00-05:00,9.0,9.489999771118164,9.0,9.1899995803833,1657702,0.0,0.0
