Date,Open,High,Low,Close,Volume,Dividends,Stock Splits
2022-01-03 00:00:00-05:00,15.760000228881836,16.239999771118164,15.710000038146973,15.869999885559082,963100,0.0,0.0
2022-01-04 00:00:00-05:00,15.899999618530273,16.459999084472656,15.899999618530273,16.43000030517578,1263400,0.0,0.0
2022-01-05 00:00:00-05:00,16.5,17.1299991607666,16.329999923706055,16.469999313354492,1854900,0.0,0.0
2022-01-06 00:00:00-05:00,16.40999984741211,16.579999923706055,16.139999389648438,16.299999237060547,1184400,0.0,0.0
2022-01-07 00:00:00-05:00,16.299999237060547,16.81999969482422,16.280000686645508,16.700000762939453,1766600,0.0,0.0
2022-01-10 00:00:00-05:00,16.56999969482422,16.729999542236328,16.270000457763672,16.65999984741211,1087500,0.0,0.0
2022-01-11 00:00:00-05:00,16.649999618530273,16.719999313354492,16.229999542236328,16.59000015258789,881300,0.0,0.0
2022-01-12 00:00:00-05:00,16.489999771118164,16.799999237060547,16.489999771118164,16.65999984741211,765700,0.0,0.0
2022-01-13 00:00:00-05:00,16.799999237060547,17.0,16.610000610351562,16.65999984741211,517900,0.0,0.0
2022-01-14 00:00:00-05:00,16.420000076293945,16.510000228881836,16.06999969482422,16.329999923706055,643700,0.0,0.0
2022-01-18 00:00:00-05:00,16.09000015258789,16.239999771118164,15.220000267028809,15.260000228881836,1542700,0.0,0.0
2022-01-19 00:00:00-05:00,15.239999771118164,15.5,15.079999923706055,15.430000305175781,802700,0.0,0.0
2022-01-20 00:00:00-05:00,15.40999984741211,15.680000305175781,14.75,14.779999732971191,686700,0.0,0.0
2022-01-21 00:00:00-05:00,14.75,14.960000038146973,14.4399995803833,14.630000114440918,1183600,0.0,0.0
2022-01-24 00:00:00-05:00,14.289999961853027,15.479999542236328,14.270000457763672,15.390000343322754,1859200,0.0,0.0
2022-01-25 00:00:00-05:00,15.0600004196167,15.460000038146973,14.670000076293945,15.359999656677246,1411500,0.0,0.0
2022-01-26 00:00:00-05:00,15.59000015258789,15.65999984741211,14.5,14.65999984741211,920200,0.0,0.0
2022-01-27 00:00:00-05:00,14.729999542236328,14.75,14.069999694824219,14.210000038146973,2185000,0.0,0.0
2022-01-28 00:00:00-05:00,14.140000343322754,14.399999618530273,13.930000305175781,14.289999961853027,2652000,0.0,0.0
2022-01-31 00:00:00-05:00,14.180000305175781,14.420000076293945,14.069999694824219,14.220000267028809,2074300,0.0,0.0
2022-02-01 00:00:00-05:00,14.239999771118164,14.529999732971191,13.970000267028809,14.359999656677246,2928400,0.0,0.0
2022-02-02 00:00:00-05:00,14.5,14.5600004196167,14.100000381469727,14.239999771118164,1934400,0.0,0.0
2022-02-03 00:00:00-05:00,14.170000076293945,14.34000015258789,13.5600004196167,13.640000343322754,1612800,0.0,0.0
2022-02-04 00:00:00-05:00,13.569999694824219,13.649999618530273,12.960000038146973,13.109999656677246,2465300,0.0,0.0
2022-02-07 00:00:00-05:00,13.15999984741211,13.350000381469727,13.039999961853027,13.039999961853027,2009200,0.0,0.0
2022-02-08 00:00:00-05:00,13.0600004196167,13.289999961853027,12.899999618530273,12.979999542236328,2320900,0.0,0.0
2022-02-09 00:00:00-05:00,13.09000015258789,13.3100004196167,12.970000267028809,13.0,2520200,0.0,0.0
2022-02-10 00:00:00-05:00,12.75,12.979999542236328,12.350000381469727,12.4399995803833,1369000,0.0,0.0
2022-02-11 00:00:00-05:00,12.359999656677246,12.520000457763672,11.760000228881836,11.890000343322754,2421200,0.0,0.0
2022-02-14 00:00:00-05:00,11.789999961853027,12.300000190734863,11.789999961853027,12.220000267028809,3024900,0.0,0.0
2022-02-15 00:00:00-05:00,12.420000076293945,12.84000015258789,12.350000381469727,12.779999732971191,3111400,0.0,0.0
2022-02-16 00:00:00-05:00,12.770000457763672,12.90999984741211,12.260000228881836,12.359999656677246,3048700,0.0,0.0
2022-02-17 00:00:00-05:00,13.5,14.300000190734863,13.5,14.130000114440918,5273400,0.0,0.0
2022-02-18 00:00:00-05:00,13.8100004196167,14.25,13.789999961853027,13.970000267028809,2342300,0.0,0.0
2022-02-22 00:00:00-05:00,13.859999656677246,14.180000305175781,13.680000305175781,13.829999923706055,2420200,0.0,0.0
2022-02-23 00:00:00-05:00,14.010000228881836,14.0600004196167,13.520000457763672,13.550000190734863,1394800,0.0,0.0
2022-02-24 00:00:00-05:00,13.15999984741211,13.760000228881836,13.119999885559082,13.6899995803833,3818900,0.0,0.0
2022-02-25 00:00:00-05:00,22.049999237060547,22.100000381469727,18.389999389648438,18.940000534057617,19935800,0.0,0.0
2022-02-28 00:00:00-05:00,18.510000228881836,18.969999313354492,18.1299991607666,18.459999084472656,3182300,0.0,0.0
2022-03-01 00:00:00-05:00,18.40999984741211,18.510000228881836,17.760000228881836,18.079999923706055,2676100,0.0,0.0
2022-03-02 00:00:00-05:00,18.290000915527344,18.809999465942383,18.170000076293945,18.25,2059400,0.0,0.0
2022-03-03 00:00:00-05:00,18.149999618530273,18.549999237060547,17.809999465942383,18.010000228881836,1164400,0.0,0.0
2022-03-04 00:00:00-05:00,17.68000030517578,17.889999389648438,17.5,17.889999389648438,1852600,0.0,0.0
2022-03-07 00:00:00-05:00,17.690000534057617,18.100000381469727,17.670000076293945,17.90999984741211,1702700,0.0,0.0
2022-03-08 00:00:00-05:00,17.979999542236328,18.06999969482422,17.420000076293945,17.420000076293945,1802800,0.0,0.0
2022-03-09 00:00:00-05:00,17.989999771118164,18.3799991607666,17.790000915527344,18.0,1248100,0.0,0.0
2022-03-10 00:00:00-05:00,17.649999618530273,18.1299991607666,17.5,17.969999313354492,1281500,0.0,0.0
2022-03-11 00:00:00-05:00,17.719999313354492,18.06999969482422,17.65999984741211,17.670000076293945,1073200,0.0,0.0
2022-03-14 00:00:00-04:00,17.719999313354492,18.049999237060547,17.579999923706055,17.68000030517578,882100,0.0,0.0
2022-03-15 00:00:00-04:00,17.8700008392334,18.389999389648438,17.850000381469727,18.290000915527344,1241600,0.0,0.0
2022-03-16 00:00:00-04:00,18.3799991607666,18.780000686645508,18.290000915527344,18.729999542236328,1141800,0.0,0.0
2022-03-17 00:00:00-04:00,18.489999771118164,18.920000076293945,18.389999389648438,18.809999465942383,883000,0.0,0.0
2022-03-18 00:00:00-04:00,18.690000534057617,18.75,18.399999618530273,18.600000381469727,1454200,0.0,0.0
2022-03-21 00:00:00-04:00,18.459999084472656,18.760000228881836,18.31999969482422,18.68000030517578,786500,0.0,0.0
2022-03-22 00:00:00-04:00,18.899999618530273,19.049999237060547,18.690000534057617,18.75,700400,0.0,0.0
2022-03-23 00:00:00-04:00,18.510000228881836,18.790000915527344,18.360000610351562,18.520000457763672,637800,0.0,0.0
2022-03-24 00:00:00-04:00,18.540000915527344,18.540000915527344,18.200000762939453,18.299999237060547,534500,0.0,0.0
2022-03-25 00:00:00-04:00,18.34000015258789,18.489999771118164,17.989999771118164,18.09000015258789,850600,0.0,0.0
2022-03-28 00:00:00-04:00,17.920000076293945,18.18000030517578,17.81999969482422,18.149999618530273,862800,0.0,0.0
2022-03-29 00:00:00-04:00,18.489999771118164,18.68000030517578,18.18000030517578,18.520000457763672,1210500,0.0,0.0
2022-03-30 00:00:00-04:00,18.450000762939453,18.6200008392334,18.030000686645508,18.059999465942383,1131600,0.0,0.0
2022-03-31 00:00:00-04:00,18.010000228881836,18.100000381469727,17.790000915527344,18.049999237060547,1576500,0.0,0.0
2022-04-01 00:00:00-04:00,18.15999984741211,18.219999313354492,17.75,18.100000381469727,1304900,0.0,0.0
2022-04-04 00:00:00-04:00,17.940000534057617,18.239999771118164,17.790000915527344,17.989999771118164,1074700,0.0,0.0
2022-04-05 00:00:00-04:00,17.860000610351562,18.06999969482422,17.649999618530273,17.700000762939453,1744300,0.0,0.0
2022-04-06 00:00:00-04:00,17.739999771118164,18.1200008392334,17.5,17.780000686645508,1350800,0.0,0.0
2022-04-07 00:00:00-04:00,17.700000762939453,17.959999084472656,17.479999542236328,17.8700008392334,2098400,0.0,0.0
2022-04-08 00:00:00-04:00,17.719999313354492,18.18000030517578,17.610000610351562,17.93000030517578,1685200,0.0,0.0
2022-04-11 00:00:00-04:00,17.940000534057617,18.170000076293945,17.6299991607666,17.729999542236328,1759200,0.0,0.0
2022-04-12 00:00:00-04:00,17.760000228881836,18.020000457763672,17.520000457763672,17.530000686645508,1943100,0.0,0.0
2022-04-13 00:00:00-04:00,17.5,17.719999313354492,17.3799991607666,17.639999389648438,978100,0.0,0.0
2022-04-14 00:00:00-04:00,17.649999618530273,17.809999465942383,17.489999771118164,17.579999923706055,946000,0.0,0.0
2022-04-18 00:00:00-04:00,17.5,17.549999237060547,17.059999465942383,17.100000381469727,1650300,0.0,0.0
2022-04-19 00:00:00-04:00,17.15999984741211,17.420000076293945,17.0,17.25,2232800,0.0,0.0
2022-04-20 00:00:00-04:00,17.3700008392334,17.700000762939453,17.100000381469727,17.489999771118164,2314900,0.0,0.0
2022-04-21 00:00:00-04:00,17.579999923706055,17.639999389648438,16.93000030517578,16.950000762939453,1857200,0.0,0.0
2022-04-22 00:00:00-04:00,16.850000381469727,17.030000686645508,16.34000015258789,16.3700008392334,855700,0.0,0.0
2022-04-25 00:00:00-04:00,16.15999984741211,16.399999618530273,15.920000076293945,16.399999618530273,1199600,0.0,0.0
2022-04-26 00:00:00-04:00,16.25,16.299999237060547,15.609999656677246,15.640000343322754,1276700,0.0,0.0
2022-04-27 00:00:00-04:00,15.539999961853027,15.890000343322754,15.010000228881836,15.220000267028809,2786600,0.0,0.0
2022-04-28 00:00:00-04:00,15.4399995803833,15.4399995803833,14.539999961853027,15.029999732971191,1574900,0.0,0.0
2022-04-29 00:00:00-04:00,14.859999656677246,15.270000457763672,14.569999694824219,14.65999984741211,1411900,0.0,0.0
2022-05-02 00:00:00-04:00,14.619999885559082,14.699999809265137,14.15999984741211,14.460000038146973,1246500,0.0,0.0
2022-05-03 00:00:00-04:00,14.40999984741211,14.779999732971191,14.029999732971191,14.600000381469727,1734100,0.0,0.0
2022-05-04 00:00:00-04:00,15.399999618530273,15.5,14.010000228881836,15.050000190734863,2249500,0.0,0.0
2022-05-05 00:00:00-04:00,14.569999694824219,15.100000381469727,14.380000114440918,14.520000457763672,3034500,0.0,0.0
2022-05-06 00:00:00-04:00,14.329999923706055,14.470000267028809,12.84000015258789,13.229999542236328,1976400,0.0,0.0
2022-05-09 00:00:00-04:00,12.970000267028809,13.319999694824219,12.829999923706055,12.979999542236328,1972100,0.0,0.0
2022-05-10 00:00:00-04:00,13.039999961853027,13.279999732971191,12.069999694824219,12.529999732971191,1685400,0.0,0.0
2022-05-11 00:00:00-04:00,12.489999771118164,13.399999618530273,12.350000381469727,13.0600004196167,2463100,0.0,0.0
2022-05-12 00:00:00-04:00,13.0600004196167,13.359999656677246,12.609999656677246,13.109999656677246,1837600,0.0,0.0
2022-05-13 00:00:00-04:00,13.260000228881836,13.770000457763672,13.130000114440918,13.579999923706055,1608300,0.0,0.0
2022-05-16 00:00:00-04:00,14.279999732971191,14.670000076293945,14.229999542236328,14.5,1879200,0.0,0.0
2022-05-17 00:00:00-04:00,14.489999771118164,15.140000343322754,14.489999771118164,15.140000343322754,979900,0.0,0.0
2022-05-18 00:00:00-04:00,14.960000038146973,15.180000305175781,14.579999923706055,14.720000267028809,1466600,0.0,0.0
2022-05-19 00:00:00-04:00,14.699999809265137,14.960000038146973,14.34000015258789,14.640000343322754,1274300,0.0,0.0
2022-05-20 00:00:00-04:00,15.0,15.0,14.1899995803833,14.680000305175781,1601000,0.0,0.0
2022-05-23 00:00:00-04:00,14.899999618530273,15.050000190734863,14.619999885559082,14.850000381469727,1061500,0.0,0.0
2022-05-24 00:00:00-04:00,14.670000076293945,14.880000114440918,14.470000267028809,14.800000190734863,1148500,0.0,0.0
2022-05-25 00:00:00-04:00,14.649999618530273,15.279999732971191,14.5,15.15999984741211,1077000,0.0,0.0
2022-05-26 00:00:00-04:00,15.199999809265137,15.869999885559082,15.149999618530273,15.65999984741211,1078100,0.0,0.0
2022-05-27 00:00:00-04:00,15.739999771118164,16.270000457763672,15.729999542236328,16.25,949400,0.0,0.0
2022-05-31 00:00:00-04:00,15.979999542236328,16.06999969482422,15.739999771118164,15.970000267028809,1142000,0.0,0.0
2022-06-01 00:00:00-04:00,16.0,16.200000762939453,15.75,16.049999237060547,1139900,0.0,0.0
2022-06-02 00:00:00-04:00,16.18000030517578,16.610000610351562,16.049999237060547,16.600000381469727,691900,0.0,0.0
2022-06-03 00:00:00-04:00,16.59000015258789,16.65999984741211,16.25,16.639999389648438,882600,0.0,0.0
2022-06-06 00:00:00-04:00,16.8700008392334,17.020000457763672,16.489999771118164,17.0,879900,0.0,0.0
2022-06-07 00:00:00-04:00,16.850000381469727,17.270000457763672,16.670000076293945,17.25,791800,0.0,0.0
2022-06-08 00:00:00-04:00,17.06999969482422,17.34000015258789,16.959999084472656,17.280000686645508,686300,0.0,0.0
2022-06-09 00:00:00-04:00,17.219999313354492,17.299999237060547,16.829999923706055,16.979999542236328,731600,0.0,0.0
2022-06-10 00:00:00-04:00,16.670000076293945,16.75,16.200000762939453,16.200000762939453,1315200,0.0,0.0
2022-06-13 00:00:00-04:00,15.8100004196167,16.100000381469727,14.779999732971191,14.899999618530273,1737400,0.0,0.0
2022-06-14 00:00:00-04:00,14.890000343322754,15.539999961853027,14.670000076293945,14.729999542236328,1641400,0.0,0.0
2022-06-15 00:00:00-04:00,14.869999885559082,14.949999809265137,14.130000114440918,14.619999885559082,1026400,0.0,0.0
2022-06-16 00:00:00-04:00,14.130000114440918,14.15999984741211,13.460000038146973,13.779999732971191,1232600,0.0,0.0
2022-06-17 00:00:00-04:00,13.920000076293945,14.569999694824219,13.869999885559082,14.520000457763672,1090700,0.0,0.0
2022-06-21 00:00:00-04:00,14.770000457763672,15.010000228881836,14.59000015258789,14.710000038146973,717300,0.0,0.0
2022-06-22 00:00:00-04:00,14.449999809265137,14.9399995803833,14.34000015258789,14.75,654300,0.0,0.0
2022-06-23 00:00:00-04:00,14.739999771118164,15.15999984741211,14.739999771118164,15.119999885559082,554200,0.0,0.0
2022-06-24 00:00:00-04:00,15.319999694824219,15.9399995803833,15.289999961853027,15.819999694824219,1006900,0.0,0.0
2022-06-27 00:00:00-04:00,15.869999885559082,16.049999237060547,15.6899995803833,15.9399995803833,559100,0.0,0.0
2022-06-28 00:00:00-04:00,16.040000915527344,16.229999542236328,15.380000114440918,15.5,837800,0.0,0.0
2022-06-29 00:00:00-04:00,15.460000038146973,15.460000038146973,14.84000015258789,15.210000038146973,602400,0.0,0.0
2022-06-30 00:00:00-04:00,15.0,15.0,14.449999809265137,14.770000457763672,854400,0.0,0.0
2022-07-01 00:00:00-04:00,14.789999961853027,15.300000190734863,14.739999771118164,15.220000267028809,740800,0.0,0.0
2022-07-05 00:00:00-04:00,14.819999694824219,15.850000381469727,14.670000076293945,15.760000228881836,906300,0.0,0.0
2022-07-06 00:00:00-04:00,15.6899995803833,15.960000038146973,15.149999618530273,15.329999923706055,601700,0.0,0.0
2022-07-07 00:00:00-04:00,15.40999984741211,15.859999656677246,15.40999984741211,15.829999923706055,437400,0.0,0.0
2022-07-08 00:00:00-04:00,15.819999694824219,15.989999771118164,15.470000267028809,15.770000457763672,446000,0.0,0.0
2022-07-11 00:00:00-04:00,15.609999656677246,15.739999771118164,15.270000457763672,15.34000015258789,560800,0.0,0.0
2022-07-12 00:00:00-04:00,15.270000457763672,15.859999656677246,15.180000305175781,15.529999732971191,772300,0.0,0.0
2022-07-13 00:00:00-04:00,15.15999984741211,15.289999961853027,14.8100004196167,15.010000228881836,651300,0.0,0.0
2022-07-14 00:00:00-04:00,14.779999732971191,15.180000305175781,14.670000076293945,14.979999542236328,393600,0.0,0.0
2022-07-15 00:00:00-04:00,15.300000190734863,15.850000381469727,15.079999923706055,15.59000015258789,1244700,0.0,0.0
2022-07-18 00:00:00-04:00,15.84000015258789,16.200000762939453,15.789999961853027,15.90999984741211,862800,0.0,0.0
2022-07-19 00:00:00-04:00,16.1200008392334,16.579999923706055,16.1200008392334,16.34000015258789,705900,0.0,0.0
2022-07-20 00:00:00-04:00,16.260000228881836,16.969999313354492,16.190000534057617,16.93000030517578,695500,0.0,0.0
2022-07-21 00:00:00-04:00,16.68000030517578,17.0,16.600000381469727,16.979999542236328,489800,0.0,0.0
2022-07-22 00:00:00-04:00,17.010000228881836,17.100000381469727,16.709999084472656,16.90999984741211,621300,0.0,0.0
2022-07-25 00:00:00-04:00,16.979999542236328,16.979999542236328,16.670000076293945,16.850000381469727,404800,0.0,0.0
2022-07-26 00:00:00-04:00,16.739999771118164,16.790000915527344,16.579999923706055,16.639999389648438,561500,0.0,0.0
2022-07-27 00:00:00-04:00,16.649999618530273,16.649999618530273,16.239999771118164,16.579999923706055,657200,0.0,0.0
2022-07-28 00:00:00-04:00,16.6299991607666,17.239999771118164,16.56999969482422,17.0,1161800,0.0,0.0
2022-07-29 00:00:00-04:00,17.09000015258789,17.270000457763672,16.969999313354492,17.100000381469727,959200,0.0,0.0
2022-08-01 00:00:00-04:00,16.940000534057617,17.260000228881836,16.649999618530273,17.049999237060547,1313100,0.0,0.0
2022-08-02 00:00:00-04:00,17.059999465942383,17.059999465942383,16.530000686645508,16.530000686645508,1916700,0.0,0.0
2022-08-03 00:00:00-04:00,16.450000762939453,17.0,15.65999984741211,16.0,2136100,0.0,0.0
2022-08-04 00:00:00-04:00,15.9399995803833,16.270000457763672,15.770000457763672,16.229999542236328,1589900,0.0,0.0
2022-08-05 00:00:00-04:00,16.020000457763672,16.3799991607666,15.9399995803833,16.280000686645508,938100,0.0,0.0
2022-08-08 00:00:00-04:00,16.329999923706055,17.030000686645508,16.329999923706055,16.950000762939453,969300,0.0,0.0
2022-08-09 00:00:00-04:00,16.950000762939453,16.950000762939453,16.239999771118164,16.56999969482422,716800,0.0,0.0
2022-08-10 00:00:00-04:00,16.959999084472656,17.34000015258789,16.760000228881836,16.989999771118164,857800,0.0,0.0
2022-08-11 00:00:00-04:00,17.15999984741211,17.510000228881836,17.100000381469727,17.479999542236328,659000,0.0,0.0
2022-08-12 00:00:00-04:00,17.65999984741211,17.65999984741211,17.110000610351562,17.399999618530273,658800,0.0,0.0
2022-08-15 00:00:00-04:00,17.100000381469727,17.280000686645508,16.959999084472656,16.979999542236328,743200,0.0,0.0
2022-08-16 00:00:00-04:00,16.81999969482422,17.100000381469727,16.6200008392334,16.81999969482422,852100,0.0,0.0
2022-08-17 00:00:00-04:00,16.579999923706055,16.59000015258789,16.219999313354492,16.420000076293945,452800,0.0,0.0
2022-08-18 00:00:00-04:00,16.290000915527344,16.329999923706055,16.110000610351562,16.229999542236328,546500,0.0,0.0
2022-08-19 00:00:00-04:00,16.139999389648438,16.139999389648438,15.170000076293945,15.199999809265137,1709800,0.0,0.0
2022-08-22 00:00:00-04:00,14.880000114440918,15.020000457763672,14.270000457763672,14.579999923706055,1800000,0.0,0.0
2022-08-23 00:00:00-04:00,14.550000190734863,14.920000076293945,14.529999732971191,14.640000343322754,1017300,0.0,0.0
2022-08-24 00:00:00-04:00,14.5600004196167,15.140000343322754,14.5600004196167,15.020000457763672,1352200,0.0,0.0
2022-08-25 00:00:00-04:00,15.170000076293945,15.539999961853027,15.170000076293945,15.479999542236328,863700,0.0,0.0
2022-08-26 00:00:00-04:00,15.430000305175781,15.619999885559082,14.970000267028809,15.0,990600,0.0,0.0
2022-08-29 00:00:00-04:00,14.779999732971191,15.149999618530273,14.699999809265137,14.989999771118164,989900,0.0,0.0
2022-08-30 00:00:00-04:00,15.050000190734863,15.3100004196167,14.800000190734863,14.859999656677246,1251900,0.0,0.0
2022-08-31 00:00:00-04:00,14.90999984741211,14.979999542236328,14.5600004196167,14.600000381469727,1686200,0.0,0.0
2022-09-01 00:00:00-04:00,14.369999885559082,14.600000381469727,14.25,14.59000015258789,1519800,0.0,0.0
2022-09-02 00:00:00-04:00,14.829999923706055,14.829999923706055,14.229999542236328,14.279999732971191,900300,0.0,0.0
2022-09-06 00:00:00-04:00,14.260000228881836,14.319999694824219,13.489999771118164,13.550000190734863,1083200,0.0,0.0
2022-09-07 00:00:00-04:00,13.5600004196167,13.800000190734863,13.420000076293945,13.65999984741211,835000,0.0,0.0
2022-09-08 00:00:00-04:00,13.460000038146973,13.460000038146973,12.890000343322754,13.329999923706055,853800,0.0,0.0
2022-09-09 00:00:00-04:00,13.399999618530273,13.720000267028809,13.350000381469727,13.65999984741211,798700,0.0,0.0
2022-09-12 00:00:00-04:00,13.800000190734863,14.069999694824219,13.699999809265137,13.930000305175781,666600,0.0,0.0
2022-09-13 00:00:00-04:00,13.489999771118164,13.579999923706055,13.149999618530273,13.270000457763672,934700,0.0,0.0
2022-09-14 00:00:00-04:00,13.199999809265137,13.199999809265137,12.510000228881836,12.729999542236328,1219300,0.0,0.0
2022-09-15 00:00:00-04:00,12.65999984741211,13.079999923706055,12.619999885559082,13.0,1217900,0.0,0.0
2022-09-16 00:00:00-04:00,12.869999885559082,12.9399995803833,12.5600004196167,12.9399995803833,3814600,0.0,0.0
2022-09-19 00:00:00-04:00,12.850000381469727,13.279999732971191,12.850000381469727,13.260000228881836,918100,0.0,0.0
2022-09-20 00:00:00-04:00,13.109999656677246,13.199999809265137,12.869999885559082,13.079999923706055,1020400,0.0,0.0
2022-09-21 00:00:00-04:00,13.229999542236328,13.5,12.869999885559082,12.880000114440918,953000,0.0,0.0
2022-09-22 00:00:00-04:00,12.779999732971191,12.779999732971191,12.210000038146973,12.359999656677246,1229100,0.0,0.0
2022-09-23 00:00:00-04:00,12.180000305175781,12.239999771118164,11.880000114440918,12.130000114440918,929600,0.0,0.0
2022-09-26 00:00:00-04:00,12.109999656677246,12.3100004196167,11.859999656677246,11.880000114440918,697500,0.0,0.0
2022-09-27 00:00:00-04:00,12.069999694824219,12.100000381469727,11.59000015258789,11.8100004196167,846200,0.0,0.0
2022-09-28 00:00:00-04:00,11.960000038146973,12.34000015258789,11.819999694824219,12.229999542236328,1128300,0.0,0.0
2022-09-29 00:00:00-04:00,11.869999885559082,11.960000038146973,11.180000305175781,11.539999961853027,1741500,0.0,0.0
2022-09-30 00:00:00-04:00,11.5,11.739999771118164,11.149999618530273,11.170000076293945,1296800,0.0,0.0
2022-10-03 00:00:00-04:00,11.34000015258789,12.020000457763672,11.270000457763672,11.949999809265137,1545900,0.0,0.0
2022-10-04 00:00:00-04:00,12.279999732971191,12.649999618530273,12.119999885559082,12.460000038146973,1547500,0.0,0.0
2022-10-05 00:00:00-04:00,12.199999809265137,12.479999542236328,12.119999885559082,12.390000343322754,915200,0.0,0.0
2022-10-06 00:00:00-04:00,12.329999923706055,12.710000038146973,12.329999923706055,12.4399995803833,968700,0.0,0.0
2022-10-07 00:00:00-04:00,12.3100004196167,12.539999961853027,11.970000267028809,12.260000228881836,1365200,0.0,0.0
2022-10-10 00:00:00-04:00,12.34000015258789,12.59000015258789,12.229999542236328,12.4399995803833,980800,0.0,0.0
2022-10-11 00:00:00-04:00,12.34000015258789,12.899999618530273,12.289999961853027,12.630000114440918,1235700,0.0,0.0
2022-10-12 00:00:00-04:00,12.640000343322754,12.8100004196167,12.449999809265137,12.6899995803833,983300,0.0,0.0
2022-10-13 00:00:00-04:00,12.380000114440918,13.369999885559082,12.329999923706055,13.170000076293945,1212000,0.0,0.0
2022-10-14 00:00:00-04:00,13.270000457763672,13.619999885559082,12.90999984741211,12.970000267028809,1145400,0.0,0.0
2022-10-17 00:00:00-04:00,13.3100004196167,13.609999656677246,13.210000038146973,13.460000038146973,1346600,0.0,0.0
2022-10-18 00:00:00-04:00,13.8100004196167,14.100000381469727,13.699999809265137,13.819999694824219,1439800,0.0,0.0
2022-10-19 00:00:00-04:00,13.670000076293945,14.039999961853027,13.380000114440918,13.640000343322754,1166500,0.0,0.0
2022-10-20 00:00:00-04:00,13.529999732971191,13.75,13.210000038146973,13.34000015258789,697200,0.0,0.0
2022-10-21 00:00:00-04:00,13.369999885559082,13.609999656677246,13.109999656677246,13.5,924200,0.0,0.0
2022-10-24 00:00:00-04:00,13.619999885559082,13.619999885559082,13.199999809265137,13.529999732971191,1000200,0.0,0.0
2022-10-25 00:00:00-04:00,13.59000015258789,13.960000038146973,13.59000015258789,13.880000114440918,903600,0.0,0.0
2022-10-26 00:00:00-04:00,14.020000457763672,14.25,13.890000343322754,13.949999809265137,923700,0.0,0.0
2022-10-27 00:00:00-04:00,14.109999656677246,14.4399995803833,14.109999656677246,14.170000076293945,903500,0.0,0.0
2022-10-28 00:00:00-04:00,14.1899995803833,14.5,14.170000076293945,14.470000267028809,828500,0.0,0.0
2022-10-31 00:00:00-04:00,14.550000190734863,14.699999809265137,14.34000015258789,14.529999732971191,720800,0.0,0.0
2022-11-01 00:00:00-04:00,14.710000038146973,14.899999618530273,14.630000114440918,14.84000015258789,841500,0.0,0.0
2022-11-02 00:00:00-04:00,13.420000076293945,14.079999923706055,12.850000381469727,13.40999984741211,1821800,0.0,0.0
2022-11-03 00:00:00-04:00,13.050000190734863,13.449999809265137,12.819999694824219,13.260000228881836,1079100,0.0,0.0
2022-11-04 00:00:00-04:00,13.40999984741211,13.699999809265137,13.109999656677246,13.630000114440918,913200,0.0,0.0
2022-11-07 00:00:00-05:00,13.600000381469727,13.699999809265137,13.25,13.279999732971191,2159500,0.0,0.0
2022-11-08 00:00:00-05:00,13.300000190734863,13.59000015258789,12.920000076293945,13.140000343322754,1116500,0.0,0.0
2022-11-09 00:00:00-05:00,13.029999732971191,13.199999809265137,12.800000190734863,13.0,846000,0.0,0.0
2022-11-10 00:00:00-05:00,13.770000457763672,14.199999809265137,13.649999618530273,14.050000190734863,1004600,0.0,0.0
2022-11-11 00:00:00-05:00,14.170000076293945,14.930000305175781,14.010000228881836,14.800000190734863,749900,0.0,0.0
2022-11-14 00:00:00-05:00,14.729999542236328,14.960000038146973,14.5600004196167,14.699999809265137,1137000,0.0,0.0
2022-11-15 00:00:00-05:00,14.920000076293945,15.220000267028809,14.630000114440918,14.649999618530273,858300,0.0,0.0
2022-11-16 00:00:00-05:00,14.479999542236328,14.539999961853027,14.069999694824219,14.210000038146973,488900,0.0,0.0
2022-11-17 00:00:00-05:00,14.0,14.260000228881836,13.819999694824219,14.239999771118164,442000,0.0,0.0
2022-11-18 00:00:00-05:00,14.529999732971191,14.8100004196167,13.90999984741211,13.930000305175781,536200,0.0,0.0
2022-11-21 00:00:00-05:00,13.760000228881836,13.859999656677246,13.399999618530273,13.470000267028809,701300,0.0,0.0
2022-11-22 00:00:00-05:00,13.59000015258789,13.739999771118164,13.470000267028809,13.609999656677246,591500,0.0,0.0
2022-11-23 00:00:00-05:00,13.539999961853027,13.59000015258789,13.170000076293945,13.289999961853027,544700,0.0,0.0
2022-11-25 00:00:00-05:00,13.210000038146973,13.350000381469727,13.130000114440918,13.210000038146973,248000,0.0,0.0
2022-11-28 00:00:00-05:00,13.119999885559082,13.239999771118164,13.010000228881836,13.039999961853027,800500,0.0,0.0
2022-11-29 00:00:00-05:00,13.039999961853027,13.289999961853027,12.979999542236328,13.109999656677246,498700,0.0,0.0
2022-11-30 00:00:00-05:00,13.050000190734863,13.75,12.680000305175781,13.739999771118164,1056200,0.0,0.0
2022-12-01 00:00:00-05:00,13.90999984741211,14.109999656677246,13.729999542236328,13.970000267028809,865500,0.0,0.0
2022-12-02 00:00:00-05:00,13.699999809265137,14.270000457763672,13.640000343322754,14.270000457763672,668800,0.0,0.0
2022-12-05 00:00:00-05:00,14.09000015258789,14.1899995803833,13.859999656677246,13.880000114440918,677300,0.0,0.0
2022-12-06 00:00:00-05:00,13.760000228881836,13.850000381469727,13.4399995803833,13.720000267028809,648000,0.0,0.0
2022-12-07 00:00:00-05:00,13.729999542236328,13.789999961853027,13.210000038146973,13.279999732971191,780600,0.0,0.0
2022-12-08 00:00:00-05:00,13.399999618530273,13.630000114440918,13.1899995803833,13.5,467200,0.0,0.0
2022-12-09 00:00:00-05:00,13.420000076293945,13.529999732971191,13.270000457763672,13.369999885559082,477200,0.0,0.0
2022-12-12 00:00:00-05:00,13.380000114440918,13.579999923706055,13.220000267028809,13.4399995803833,766000,0.0,0.0
2022-12-13 00:00:00-05:00,13.979999542236328,14.050000190734863,13.369999885559082,13.460000038146973,784500,0.0,0.0
2022-12-14 00:00:00-05:00,13.460000038146973,13.800000190734863,13.390000343322754,13.520000457763672,812900,0.0,0.0
2022-12-15 00:00:00-05:00,13.329999923706055,13.520000457763672,13.15999984741211,13.4399995803833,860900,0.0,0.0
2022-12-16 00:00:00-05:00,13.300000190734863,13.430000305175781,13.1899995803833,13.380000114440918,3715600,0.0,0.0
2022-12-19 00:00:00-05:00,13.369999885559082,13.390000343322754,12.59000015258789,12.720000267028809,830000,0.0,0.0
2022-12-20 00:00:00-05:00,12.75,13.050000190734863,12.579999923706055,12.770000457763672,695200,0.0,0.0
2022-12-21 00:00:00-05:00,12.970000267028809,13.109999656677246,12.850000381469727,12.960000038146973,584400,0.0,0.0
2022-12-22 00:00:00-05:00,12.5,12.600000381469727,12.09000015258789,12.520000457763672,1101000,0.0,0.0
2022-12-23 00:00:00-05:00,12.479999542236328,12.829999923706055,12.390000343322754,12.789999961853027,661100,0.0,0.0
2022-12-27 00:00:00-05:00,12.779999732971191,12.90999984741211,12.579999923706055,12.84000015258789,426800,0.0,0.0
2022-12-28 00:00:00-05:00,12.890000343322754,12.899999618530273,12.470000267028809,12.569999694824219,619700,0.0,0.0
2022-12-29 00:00:00-05:00,12.699999809265137,13.09000015258789,12.65999984741211,12.979999542236328,583500,0.0,0.0
2022-12-30 00:00:00-05:00,12.850000381469727,13.079999923706055,12.779999732971191,13.050000190734863,810900,0.0,0.0
2023-01-03 00:00:00-05:00,13.239999771118164,13.319999694824219,12.960000038146973,13.199999809265137,751200,0.0,0.0
2023-01-04 00:00:00-05:00,13.369999885559082,13.600000381469727,13.239999771118164,13.5,776200,0.0,0.0
2023-01-05 00:00:00-05:00,13.479999542236328,13.479999542236328,13.260000228881836,13.380000114440918,408300,0.0,0.0
2023-01-06 00:00:00-05:00,13.510000228881836,13.850000381469727,13.460000038146973,13.84000015258789,734700,0.0,0.0
2023-01-09 00:00:00-05:00,13.34000015258789,13.350000381469727,12.4399995803833,12.5600004196167,1360000,0.0,0.0
2023-01-10 00:00:00-05:00,12.479999542236328,13.119999885559082,12.420000076293945,13.050000190734863,583600,0.0,0.0
2023-01-11 00:00:00-05:00,13.050000190734863,13.390000343322754,13.039999961853027,13.3100004196167,424800,0.0,0.0
2023-01-12 00:00:00-05:00,13.460000038146973,13.470000267028809,13.069999694824219,13.399999618530273,728200,0.0,0.0
2023-01-13 00:00:00-05:00,13.220000267028809,13.510000228881836,13.15999984741211,13.489999771118164,283100,0.0,0.0
2023-01-17 00:00:00-05:00,13.489999771118164,13.829999923706055,13.420000076293945,13.670000076293945,613400,0.0,0.0
2023-01-18 00:00:00-05:00,13.789999961853027,14.0,13.479999542236328,13.5600004196167,466100,0.0,0.0
2023-01-19 00:00:00-05:00,13.489999771118164,13.710000038146973,13.350000381469727,13.579999923706055,531800,0.0,0.0
2023-01-20 00:00:00-05:00,13.699999809265137,14.130000114440918,13.449999809265137,14.100000381469727,770000,0.0,0.0
2023-01-23 00:00:00-05:00,14.15999984741211,14.539999961853027,14.15999984741211,14.40999984741211,783100,0.0,0.0
2023-01-24 00:00:00-05:00,14.489999771118164,14.489999771118164,14.199999809265137,14.34000015258789,328000,0.0,0.0
2023-01-25 00:00:00-05:00,14.220000267028809,14.539999961853027,14.149999618530273,14.529999732971191,330200,0.0,0.0
2023-01-26 00:00:00-05:00,14.720000267028809,14.880000114440918,14.180000305175781,14.319999694824219,564500,0.0,0.0
2023-01-27 00:00:00-05:00,14.25,14.579999923706055,14.199999809265137,14.4399995803833,368700,0.0,0.0
2023-01-30 00:00:00-05:00,14.260000228881836,14.479999542236328,14.210000038146973,14.25,691800,0.0,0.0
2023-01-31 00:00:00-05:00,14.369999885559082,14.619999885559082,14.369999885559082,14.5600004196167,829400,0.0,0.0
2023-02-01 00:00:00-05:00,14.449999809265137,15.069999694824219,14.40999984741211,14.920000076293945,904600,0.0,0.0
2023-02-02 00:00:00-05:00,15.020000457763672,15.699999809265137,15.020000457763672,15.460000038146973,794400,0.0,0.0
2023-02-03 00:00:00-05:00,15.220000267028809,15.630000114440918,15.199999809265137,15.300000190734863,650800,0.0,0.0
2023-02-06 00:00:00-05:00,15.109999656677246,15.279999732971191,14.699999809265137,14.819999694824219,532000,0.0,0.0
2023-02-07 00:00:00-05:00,14.699999809265137,14.760000228881836,14.369999885559082,14.539999961853027,512100,0.0,0.0
2023-02-08 00:00:00-05:00,14.369999885559082,14.710000038146973,14.270000457763672,14.65999984741211,409100,0.0,0.0
2023-02-09 00:00:00-05:00,14.789999961853027,14.970000267028809,14.3100004196167,14.350000381469727,367300,0.0,0.0
2023-02-10 00:00:00-05:00,14.260000228881836,14.550000190734863,14.199999809265137,14.260000228881836,694600,0.0,0.0
2023-02-13 00:00:00-05:00,14.25,14.8100004196167,14.0600004196167,14.779999732971191,640100,0.0,0.0
2023-02-14 00:00:00-05:00,14.680000305175781,15.279999732971191,14.470000267028809,15.140000343322754,982900,0.0,0.0
2023-02-15 00:00:00-05:00,14.930000305175781,14.9399995803833,14.640000343322754,14.920000076293945,371400,0.0,0.0
2023-02-16 00:00:00-05:00,14.569999694824219,14.8100004196167,14.420000076293945,14.630000114440918,499900,0.0,0.0
2023-02-17 00:00:00-05:00,14.630000114440918,14.680000305175781,14.40999984741211,14.550000190734863,560900,0.0,0.0
2023-02-21 00:00:00-05:00,14.359999656677246,14.640000343322754,14.079999923706055,14.119999885559082,1082000,0.0,0.0
2023-02-22 00:00:00-05:00,14.390000343322754,15.65999984741211,14.390000343322754,15.369999885559082,1604800,0.0,0.0
2023-02-23 00:00:00-05:00,15.359999656677246,15.449999809265137,14.65999984741211,14.729999542236328,896500,0.0,0.0
2023-02-24 00:00:00-05:00,14.40999984741211,14.449999809265137,14.130000114440918,14.140000343322754,744400,0.0,0.0
2023-02-27 00:00:00-05:00,14.25,14.470000267028809,14.15999984741211,14.279999732971191,702100,0.0,0.0
2023-02-28 00:00:00-05:00,14.229999542236328,14.489999771118164,14.229999542236328,14.289999961853027,612700,0.0,0.0
2023-03-01 00:00:00-05:00,14.1899995803833,14.3100004196167,13.84000015258789,13.949999809265137,501100,0.0,0.0
2023-03-02 00:00:00-05:00,13.5600004196167,14.069999694824219,13.5600004196167,14.0600004196167,391000,0.0,0.0
2023-03-03 00:00:00-05:00,14.140000343322754,14.25,13.979999542236328,14.1899995803833,423600,0.0,0.0
2023-03-06 00:00:00-05:00,14.119999885559082,14.15999984741211,13.75,13.899999618530273,709100,0.0,0.0
2023-03-07 00:00:00-05:00,13.970000267028809,14.050000190734863,13.770000457763672,14.039999961853027,688500,0.0,0.0
2023-03-08 00:00:00-05:00,14.119999885559082,14.140000343322754,13.90999984741211,14.069999694824219,430100,0.0,0.0
2023-03-09 00:00:00-05:00,14.149999618530273,14.25,13.680000305175781,13.800000190734863,573700,0.0,0.0
2023-03-10 00:00:00-05:00,13.729999542236328,13.779999732971191,13.3100004196167,13.529999732971191,597900,0.0,0.0
2023-03-13 00:00:00-04:00,13.149999618530273,13.270000457763672,12.850000381469727,12.890000343322754,776100,0.0,0.0
2023-03-14 00:00:00-04:00,13.279999732971191,13.399999618530273,12.829999923706055,13.0,864000,0.0,0.0
2023-03-15 00:00:00-04:00,12.609999656677246,12.770000457763672,12.359999656677246,12.75,845500,0.0,0.0
2023-03-16 00:00:00-04:00,12.550000190734863,13.109999656677246,12.380000114440918,12.970000267028809,606900,0.0,0.0
2023-03-17 00:00:00-04:00,12.920000076293945,12.920000076293945,12.579999923706055,12.65999984741211,1815600,0.0,0.0
2023-03-20 00:00:00-04:00,12.880000114440918,13.220000267028809,12.829999923706055,12.850000381469727,715200,0.0,0.0
2023-03-21 00:00:00-04:00,13.079999923706055,13.300000190734863,12.970000267028809,13.029999732971191,552000,0.0,0.0
2023-03-22 00:00:00-04:00,13.130000114440918,13.15999984741211,12.680000305175781,12.680000305175781,561000,0.0,0.0
2023-03-23 00:00:00-04:00,12.65999984741211,12.8100004196167,12.34000015258789,12.40999984741211,521600,0.0,0.0
2023-03-24 00:00:00-04:00,12.300000190734863,12.649999618530273,12.1899995803833,12.640000343322754,517500,0.0,0.0
2023-03-27 00:00:00-04:00,12.899999618530273,12.9399995803833,12.680000305175781,12.859999656677246,476900,0.0,0.0
2023-03-28 00:00:00-04:00,12.84000015258789,12.970000267028809,12.649999618530273,12.800000190734863,697200,0.0,0.0
2023-03-29 00:00:00-04:00,12.9399995803833,13.109999656677246,12.760000228881836,13.050000190734863,464800,0.0,0.0
2023-03-30 00:00:00-04:00,13.25,13.319999694824219,13.149999618530273,13.279999732971191,502300,0.0,0.0
2023-03-31 00:00:00-04:00,13.359999656677246,13.699999809265137,13.270000457763672,13.680000305175781,614200,0.0,0.0
2023-04-03 00:00:00-04:00,13.609999656677246,13.760000228881836,13.470000267028809,13.600000381469727,519400,0.0,0.0
2023-04-04 00:00:00-04:00,13.619999885559082,13.630000114440918,13.0,13.0600004196167,737500,0.0,0.0
2023-04-05 00:00:00-04:00,12.960000038146973,13.020000457763672,12.65999984741211,12.770000457763672,590400,0.0,0.0
2023-04-06 00:00:00-04:00,12.800000190734863,13.039999961853027,12.720000267028809,13.0,813000,0.0,0.0
2023-04-10 00:00:00-04:00,12.9399995803833,13.3100004196167,12.9399995803833,13.1899995803833,789300,0.0,0.0
2023-04-11 00:00:00-04:00,13.289999961853027,13.75,13.210000038146973,13.5600004196167,844300,0.0,0.0
2023-04-12 00:00:00-04:00,13.75,13.819999694824219,13.369999885559082,13.390000343322754,432500,0.0,0.0
2023-04-13 00:00:00-04:00,13.449999809265137,13.569999694824219,13.369999885559082,13.470000267028809,427000,0.0,0.0
2023-04-14 00:00:00-04:00,13.489999771118164,13.739999771118164,13.3100004196167,13.470000267028809,404800,0.0,0.0
2023-04-17 00:00:00-04:00,13.520000457763672,13.5600004196167,13.40999984741211,13.470000267028809,321900,0.0,0.0
2023-04-18 00:00:00-04:00,13.470000267028809,13.579999923706055,13.420000076293945,13.5600004196167,372500,0.0,0.0
2023-04-19 00:00:00-04:00,13.40999984741211,13.65999984741211,13.40999984741211,13.619999885559082,444700,0.0,0.0
2023-04-20 00:00:00-04:00,13.529999732971191,13.5600004196167,13.369999885559082,13.5600004196167,354900,0.0,0.0
2023-04-21 00:00:00-04:00,13.630000114440918,13.649999618530273,13.430000305175781,13.59000015258789,270900,0.0,0.0
2023-04-24 00:00:00-04:00,13.649999618530273,13.890000343322754,13.550000190734863,13.729999542236328,357900,0.0,0.0
2023-04-25 00:00:00-04:00,13.649999618530273,13.75,13.25,13.319999694824219,356000,0.0,0.0
2023-04-26 00:00:00-04:00,13.149999618530273,13.430000305175781,13.149999618530273,13.229999542236328,336300,0.0,0.0
2023-04-27 00:00:00-04:00,13.34000015258789,13.520000457763672,13.239999771118164,13.449999809265137,373700,0.0,0.0
2023-04-28 00:00:00-04:00,13.460000038146973,13.770000457763672,13.430000305175781,13.539999961853027,592000,0.0,0.0
2023-05-01 00:00:00-04:00,13.470000267028809,13.800000190734863,13.399999618530273,13.6899995803833,586400,0.0,0.0
2023-05-02 00:00:00-04:00,13.579999923706055,13.609999656677246,13.210000038146973,13.390000343322754,487900,0.0,0.0
2023-05-03 00:00:00-04:00,14.5,15.109999656677246,14.079999923706055,14.489999771118164,1156000,0.0,0.0
2023-05-04 00:00:00-04:00,14.430000305175781,14.789999961853027,14.010000228881836,14.199999809265137,657100,0.0,0.0
2023-05-05 00:00:00-04:00,14.399999618530273,14.90999984741211,14.399999618530273,14.829999923706055,683900,0.0,0.0
2023-05-08 00:00:00-04:00,14.850000381469727,15.0600004196167,14.779999732971191,15.050000190734863,591500,0.0,0.0
2023-05-09 00:00:00-04:00,15.0,15.210000038146973,14.930000305175781,15.09000015258789,876700,0.0,0.0
2023-05-10 00:00:00-04:00,15.350000381469727,15.350000381469727,14.850000381469727,14.920000076293945,590500,0.0,0.0
2023-05-11 00:00:00-04:00,14.770000457763672,15.220000267028809,14.770000457763672,15.100000381469727,674400,0.0,0.0
2023-05-12 00:00:00-04:00,15.1899995803833,15.289999961853027,14.699999809265137,14.989999771118164,708200,0.0,0.0
2023-05-15 00:00:00-04:00,15.079999923706055,15.079999923706055,14.789999961853027,15.050000190734863,342500,0.0,0.0
2023-05-16 00:00:00-04:00,14.890000343322754,15.0600004196167,14.6899995803833,14.84000015258789,441200,0.0,0.0
2023-05-17 00:00:00-04:00,14.949999809265137,15.220000267028809,14.829999923706055,15.140000343322754,587900,0.0,0.0
2023-05-18 00:00:00-04:00,15.069999694824219,15.5,15.0600004196167,15.460000038146973,533700,0.0,0.0
2023-05-19 00:00:00-04:00,15.579999923706055,15.699999809265137,15.149999618530273,15.289999961853027,373600,0.0,0.0
2023-05-22 00:00:00-04:00,15.380000114440918,15.460000038146973,15.069999694824219,15.350000381469727,360600,0.0,0.0
2023-05-23 00:00:00-04:00,15.329999923706055,15.670000076293945,15.270000457763672,15.460000038146973,419300,0.0,0.0
2023-05-24 00:00:00-04:00,15.430000305175781,15.430000305175781,15.15999984741211,15.289999961853027,386300,0.0,0.0
2023-05-25 00:00:00-04:00,15.180000305175781,15.319999694824219,15.100000381469727,15.239999771118164,491100,0.0,0.0
2023-05-26 00:00:00-04:00,15.289999961853027,15.300000190734863,15.039999961853027,15.289999961853027,455900,0.0,0.0
2023-05-30 00:00:00-04:00,15.380000114440918,15.420000076293945,15.220000267028809,15.319999694824219,371000,0.0,0.0
2023-05-31 00:00:00-04:00,15.220000267028809,15.329999923706055,14.819999694824219,15.020000457763672,528900,0.0,0.0
2023-06-01 00:00:00-04:00,15.020000457763672,15.239999771118164,14.880000114440918,15.010000228881836,636700,0.0,0.0
2023-06-02 00:00:00-04:00,15.25,15.529999732971191,15.109999656677246,15.40999984741211,1640200,0.0,0.0
2023-06-05 00:00:00-04:00,15.270000457763672,15.319999694824219,14.850000381469727,15.09000015258789,793200,0.0,0.0
2023-06-06 00:00:00-04:00,15.09000015258789,15.529999732971191,14.970000267028809,15.460000038146973,1615800,0.0,0.0
2023-06-07 00:00:00-04:00,15.59000015258789,15.989999771118164,15.489999771118164,15.979999542236328,1323000,0.0,0.0
2023-06-08 00:00:00-04:00,15.880000114440918,15.979999542236328,15.539999961853027,15.550000190734863,648400,0.0,0.0
2023-06-09 00:00:00-04:00,15.529999732971191,15.579999923706055,15.039999961853027,15.050000190734863,495500,0.0,0.0
2023-06-12 00:00:00-04:00,15.010000228881836,15.3100004196167,14.890000343322754,15.1899995803833,646500,0.0,0.0
2023-06-13 00:00:00-04:00,15.239999771118164,15.489999771118164,15.239999771118164,15.380000114440918,544600,0.0,0.0
2023-06-14 00:00:00-04:00,15.359999656677246,15.390000343322754,14.989999771118164,15.180000305175781,562300,0.0,0.0
2023-06-15 00:00:00-04:00,15.0600004196167,15.319999694824219,14.989999771118164,15.3100004196167,638700,0.0,0.0
2023-06-16 00:00:00-04:00,15.460000038146973,15.460000038146973,15.239999771118164,15.390000343322754,2005200,0.0,0.0
2023-06-20 00:00:00-04:00,15.390000343322754,15.640000343322754,15.350000381469727,15.5,712400,0.0,0.0
2023-06-21 00:00:00-04:00,15.489999771118164,15.65999984741211,15.369999885559082,15.40999984741211,731400,0.0,0.0
2023-06-22 00:00:00-04:00,15.399999618530273,15.449999809265137,15.199999809265137,15.420000076293945,610900,0.0,0.0
2023-06-23 00:00:00-04:00,15.260000228881836,15.420000076293945,15.020000457763672,15.100000381469727,807600,0.0,0.0
2023-06-26 00:00:00-04:00,15.130000114440918,15.239999771118164,14.880000114440918,14.899999618530273,500700,0.0,0.0
2023-06-27 00:00:00-04:00,14.899999618530273,15.130000114440918,14.84000015258789,14.979999542236328,446800,0.0,0.0
2023-06-28 00:00:00-04:00,14.949999809265137,15.010000228881836,14.640000343322754,14.6899995803833,779800,0.0,0.0
2023-06-29 00:00:00-04:00,14.779999732971191,15.300000190734863,14.760000228881836,15.1899995803833,613900,0.0,0.0
2023-06-30 00:00:00-04:00,15.3100004196167,15.369999885559082,15.199999809265137,15.220000267028809,445800,0.0,0.0
2023-07-03 00:00:00-04:00,15.0600004196167,15.239999771118164,15.0600004196167,15.119999885559082,206700,0.0,0.0
2023-07-05 00:00:00-04:00,15.0,15.079999923706055,14.8100004196167,14.829999923706055,482300,0.0,0.0
2023-07-06 00:00:00-04:00,14.729999542236328,14.869999885559082,14.529999732971191,14.649999618530273,425400,0.0,0.0
2023-07-07 00:00:00-04:00,14.739999771118164,15.109999656677246,14.739999771118164,14.989999771118164,472400,0.0,0.0
2023-07-10 00:00:00-04:00,14.989999771118164,15.920000076293945,14.989999771118164,15.5600004196167,1090000,0.0,0.0
2023-07-11 00:00:00-04:00,15.630000114440918,15.770000457763672,15.579999923706055,15.670000076293945,700100,0.0,0.0
2023-07-12 00:00:00-04:00,16.0,16.489999771118164,15.720000267028809,16.43000030517578,711000,0.0,0.0
2023-07-13 00:00:00-04:00,16.420000076293945,16.420000076293945,15.930000305175781,16.06999969482422,527300,0.0,0.0
2023-07-14 00:00:00-04:00,15.989999771118164,16.079999923706055,15.609999656677246,15.720000267028809,471900,0.0,0.0
2023-07-17 00:00:00-04:00,15.65999984741211,15.789999961853027,15.569999694824219,15.579999923706055,469700,0.0,0.0
2023-07-18 00:00:00-04:00,15.640000343322754,15.779999732971191,15.539999961853027,15.600000381469727,452500,0.0,0.0
2023-07-19 00:00:00-04:00,15.760000228881836,15.819999694824219,15.5600004196167,15.739999771118164,343500,0.0,0.0
2023-07-20 00:00:00-04:00,15.720000267028809,15.920000076293945,15.4399995803833,15.899999618530273,507900,0.0,0.0
2023-07-21 00:00:00-04:00,16.059999465942383,16.059999465942383,15.420000076293945,15.470000267028809,473400,0.0,0.0
2023-07-24 00:00:00-04:00,15.40999984741211,15.649999618530273,15.380000114440918,15.550000190734863,326000,0.0,0.0
2023-07-25 00:00:00-04:00,15.699999809265137,15.869999885559082,15.369999885559082,15.369999885559082,302900,0.0,0.0
2023-07-26 00:00:00-04:00,15.460000038146973,15.710000038146973,15.430000305175781,15.600000381469727,398300,0.0,0.0
2023-07-27 00:00:00-04:00,15.6899995803833,15.729999542236328,15.380000114440918,15.460000038146973,361400,0.0,0.0
2023-07-28 00:00:00-04:00,15.619999885559082,15.789999961853027,15.399999618530273,15.399999618530273,332100,0.0,0.0
2023-07-31 00:00:00-04:00,15.390000343322754,15.710000038146973,15.390000343322754,15.699999809265137,583600,0.0,0.0
2023-08-01 00:00:00-04:00,15.65999984741211,15.890000343322754,15.529999732971191,15.859999656677246,484300,0.0,0.0
2023-08-02 00:00:00-04:00,15.670000076293945,15.779999732971191,15.5600004196167,15.649999618530273,431200,0.0,0.0
2023-08-03 00:00:00-04:00,16.43000030517578,16.469999313354492,14.699999809265137,14.850000381469727,1348800,0.0,0.0
2023-08-04 00:00:00-04:00,14.890000343322754,15.65999984741211,14.789999961853027,15.430000305175781,725800,0.0,0.0
2023-08-07 00:00:00-04:00,15.5600004196167,15.640000343322754,15.020000457763672,15.40999984741211,766600,0.0,0.0
2023-08-08 00:00:00-04:00,15.1899995803833,15.289999961853027,15.0,15.199999809265137,519700,0.0,0.0
2023-08-09 00:00:00-04:00,15.210000038146973,15.229999542236328,15.0,15.15999984741211,407900,0.0,0.0
2023-08-10 00:00:00-04:00,15.140000343322754,15.329999923706055,14.59000015258789,14.680000305175781,1016700,0.0,0.0
2023-08-11 00:00:00-04:00,14.539999961853027,14.989999771118164,14.4399995803833,14.949999809265137,659600,0.0,0.0
2023-08-14 00:00:00-04:00,14.829999923706055,14.890000343322754,14.670000076293945,14.829999923706055,587700,0.0,0.0
2023-08-15 00:00:00-04:00,14.75,14.949999809265137,14.6899995803833,14.850000381469727,671500,0.0,0.0
2023-08-16 00:00:00-04:00,14.829999923706055,15.0,14.779999732971191,14.850000381469727,655100,0.0,0.0
2023-08-17 00:00:00-04:00,14.920000076293945,15.170000076293945,14.850000381469727,14.930000305175781,574600,0.0,0.0
2023-08-18 00:00:00-04:00,14.760000228881836,15.220000267028809,14.760000228881836,15.109999656677246,594000,0.0,0.0
2023-08-21 00:00:00-04:00,15.130000114440918,15.289999961853027,15.020000457763672,15.130000114440918,425900,0.0,0.0
2023-08-22 00:00:00-04:00,15.140000343322754,15.449999809265137,15.140000343322754,15.359999656677246,455200,0.0,0.0
2023-08-23 00:00:00-04:00,15.329999923706055,15.680000305175781,15.289999961853027,15.59000015258789,427100,0.0,0.0
2023-08-24 00:00:00-04:00,15.5,15.630000114440918,15.260000228881836,15.359999656677246,569100,0.0,0.0
2023-08-25 00:00:00-04:00,15.420000076293945,15.649999618530273,15.359999656677246,15.510000228881836,471700,0.0,0.0
2023-08-28 00:00:00-04:00,15.59000015258789,15.84000015258789,15.59000015258789,15.829999923706055,344000,0.0,0.0
2023-08-29 00:00:00-04:00,15.789999961853027,15.920000076293945,15.720000267028809,15.779999732971191,527600,0.0,0.0
2023-08-30 00:00:00-04:00,15.670000076293945,15.899999618530273,15.649999618530273,15.729999542236328,402600,0.0,0.0
2023-08-31 00:00:00-04:00,15.729999542236328,15.850000381469727,15.600000381469727,15.609999656677246,426000,0.0,0.0
2023-09-01 00:00:00-04:00,15.770000457763672,15.9399995803833,15.710000038146973,15.819999694824219,567900,0.0,0.0
2023-09-05 00:00:00-04:00,15.649999618530273,15.670000076293945,15.229999542236328,15.270000457763672,585200,0.0,0.0
2023-09-06 00:00:00-04:00,15.319999694824219,15.529999732971191,15.25,15.520000457763672,433400,0.0,0.0
2023-09-07 00:00:00-04:00,15.460000038146973,15.649999618530273,15.34000015258789,15.600000381469727,490400,0.0,0.0
2023-09-08 00:00:00-04:00,15.579999923706055,15.760000228881836,15.380000114440918,15.420000076293945,449600,0.0,0.0
2023-09-11 00:00:00-04:00,15.479999542236328,15.630000114440918,15.239999771118164,15.279999732971191,567600,0.0,0.0
2023-09-12 00:00:00-04:00,15.300000190734863,15.529999732971191,15.300000190734863,15.489999771118164,397700,0.0,0.0
2023-09-13 00:00:00-04:00,15.5,15.720000267028809,15.470000267028809,15.489999771118164,460000,0.0,0.0
2023-09-14 00:00:00-04:00,15.619999885559082,15.819999694824219,15.619999885559082,15.819999694824219,493200,0.0,0.0
2023-09-15 00:00:00-04:00,15.75,15.859999656677246,15.420000076293945,15.5600004196167,1856100,0.0,0.0
2023-09-18 00:00:00-04:00,15.579999923706055,15.720000267028809,15.5,15.550000190734863,326400,0.0,0.0
2023-09-19 00:00:00-04:00,15.579999923706055,15.670000076293945,15.460000038146973,15.600000381469727,311400,0.0,0.0
2023-09-20 00:00:00-04:00,15.710000038146973,15.770000457763672,15.4399995803833,15.4399995803833,333100,0.0,0.0
2023-09-21 00:00:00-04:00,15.260000228881836,15.329999923706055,15.069999694824219,15.210000038146973,387500,0.0,0.0
2023-09-22 00:00:00-04:00,15.15999984741211,15.3100004196167,15.010000228881836,15.010000228881836,397300,0.0,0.0
2023-09-25 00:00:00-04:00,14.970000267028809,15.09000015258789,14.859999656677246,14.970000267028809,400100,0.0,0.0
2023-09-26 00:00:00-04:00,14.880000114440918,15.130000114440918,14.850000381469727,15.029999732971191,411500,0.0,0.0
2023-09-27 00:00:00-04:00,15.180000305175781,15.180000305175781,14.890000343322754,15.100000381469727,571300,0.0,0.0
2023-09-28 00:00:00-04:00,15.0600004196167,15.300000190734863,15.020000457763672,15.130000114440918,702800,0.0,0.0
2023-09-29 00:00:00-04:00,15.119999885559082,15.1899995803833,14.779999732971191,14.920000076293945,637800,0.0,0.0
2023-10-02 00:00:00-04:00,14.90999984741211,15.020000457763672,14.729999542236328,14.960000038146973,572200,0.0,0.0
2023-10-03 00:00:00-04:00,14.930000305175781,15.039999961853027,14.619999885559082,14.65999984741211,835600,0.0,0.0
2023-10-04 00:00:00-04:00,14.670000076293945,14.920000076293945,14.489999771118164,14.869999885559082,742100,0.0,0.0
2023-10-05 00:00:00-04:00,14.859999656677246,15.0,14.800000190734863,14.869999885559082,677600,0.0,0.0
2023-10-06 00:00:00-04:00,14.739999771118164,15.239999771118164,14.739999771118164,15.119999885559082,762100,0.0,0.0
2023-10-09 00:00:00-04:00,15.010000228881836,15.1899995803833,14.930000305175781,15.0,956200,0.0,0.0
2023-10-10 00:00:00-04:00,15.010000228881836,15.34000015258789,14.9399995803833,15.140000343322754,1897900,0.0,0.0
2023-10-11 00:00:00-04:00,15.15999984741211,15.34000015258789,15.0,15.09000015258789,690700,0.0,0.0
2023-10-12 00:00:00-04:00,15.100000381469727,15.100000381469727,13.9399995803833,14.029999732971191,715000,0.0,0.0
2023-10-13 00:00:00-04:00,14.050000190734863,14.199999809265137,13.880000114440918,14.170000076293945,887100,0.0,0.0
2023-10-16 00:00:00-04:00,14.5600004196167,14.970000267028809,14.420000076293945,14.59000015258789,590700,0.0,0.0
2023-10-17 00:00:00-04:00,14.520000457763672,14.739999771118164,14.449999809265137,14.619999885559082,1022100,0.0,0.0
2023-10-18 00:00:00-04:00,14.479999542236328,14.510000228881836,14.140000343322754,14.15999984741211,426500,0.0,0.0
2023-10-19 00:00:00-04:00,14.069999694824219,14.239999771118164,13.970000267028809,13.979999542236328,594300,0.0,0.0
2023-10-20 00:00:00-04:00,14.020000457763672,14.079999923706055,13.739999771118164,13.75,568400,0.0,0.0
2023-10-23 00:00:00-04:00,13.649999618530273,13.960000038146973,13.489999771118164,13.729999542236328,530300,0.0,0.0
2023-10-24 00:00:00-04:00,13.880000114440918,13.9399995803833,13.670000076293945,13.729999542236328,305300,0.0,0.0
2023-10-25 00:00:00-04:00,13.630000114440918,13.670000076293945,13.460000038146973,13.479999542236328,389100,0.0,0.0
2023-10-26 00:00:00-04:00,13.539999961853027,13.710000038146973,13.350000381469727,13.4399995803833,517300,0.0,0.0
2023-10-27 00:00:00-04:00,13.449999809265137,13.5,13.09000015258789,13.130000114440918,613900,0.0,0.0
2023-10-30 00:00:00-04:00,13.3100004196167,13.350000381469727,13.079999923706055,13.319999694824219,656300,0.0,0.0
2023-10-31 00:00:00-04:00,13.369999885559082,13.479999542236328,13.319999694824219,13.430000305175781,543000,0.0,0.0
2023-11-01 00:00:00-04:00,13.369999885559082,13.579999923706055,13.210000038146973,13.550000190734863,598500,0.0,0.0
2023-11-02 00:00:00-04:00,14.119999885559082,14.850000381469727,13.430000305175781,14.140000343322754,1471300,0.0,0.0
2023-11-03 00:00:00-04:00,14.470000267028809,14.850000381469727,14.350000381469727,14.720000267028809,1001400,0.0,0.0
2023-11-06 00:00:00-05:00,14.649999618530273,14.729999542236328,14.319999694824219,14.479999542236328,573600,0.0,0.0
2023-11-07 00:00:00-05:00,14.390000343322754,14.5600004196167,14.3100004196167,14.430000305175781,754900,0.0,0.0
2023-11-08 00:00:00-05:00,14.479999542236328,14.510000228881836,14.350000381469727,14.479999542236328,742600,0.0,0.0
2023-11-09 00:00:00-05:00,14.600000381469727,14.680000305175781,14.34000015258789,14.420000076293945,616700,0.0,0.0
2023-11-10 00:00:00-05:00,14.520000457763672,14.579999923706055,14.350000381469727,14.520000457763672,595600,0.0,0.0
2023-11-13 00:00:00-05:00,14.350000381469727,14.579999923706055,14.289999961853027,14.460000038146973,349900,0.0,0.0
2023-11-14 00:00:00-05:00,15.0,15.140000343322754,14.819999694824219,15.0600004196167,963700,0.0,0.0
2023-11-15 00:00:00-05:00,15.010000228881836,15.109999656677246,14.640000343322754,14.649999618530273,631000,0.0,0.0
2023-11-16 00:00:00-05:00,14.619999885559082,14.65999984741211,14.319999694824219,14.390000343322754,862400,0.0,0.0
2023-11-17 00:00:00-05:00,14.579999923706055,14.800000190734863,14.479999542236328,14.779999732971191,798800,0.0,0.0
2023-11-20 00:00:00-05:00,14.739999771118164,14.869999885559082,14.59000015258789,14.779999732971191,383300,0.0,0.0
2023-11-21 00:00:00-05:00,14.739999771118164,14.930000305175781,14.739999771118164,14.859999656677246,580800,0.0,0.0
2023-11-22 00:00:00-05:00,15.010000228881836,15.149999618530273,14.720000267028809,14.729999542236328,504800,0.0,0.0
2023-11-24 00:00:00-05:00,14.779999732971191,14.970000267028809,14.75,14.960000038146973,196500,0.0,0.0
2023-11-27 00:00:00-05:00,14.8100004196167,14.949999809265137,14.710000038146973,14.819999694824219,639100,0.0,0.0
2023-11-28 00:00:00-05:00,14.800000190734863,14.960000038146973,14.65999984741211,14.920000076293945,1069000,0.0,0.0
2023-11-29 00:00:00-05:00,14.989999771118164,15.210000038146973,14.84000015258789,14.880000114440918,2909300,0.0,0.0
2023-11-30 00:00:00-05:00,14.920000076293945,14.920000076293945,14.569999694824219,14.619999885559082,986300,0.0,0.0
2023-12-01 00:00:00-05:00,14.539999961853027,14.899999618530273,14.449999809265137,14.869999885559082,980800,0.0,0.0
2023-12-04 00:00:00-05:00,14.760000228881836,15.079999923706055,14.760000228881836,14.970000267028809,938700,0.0,0.0
2023-12-05 00:00:00-05:00,14.970000267028809,14.979999542236328,14.779999732971191,14.789999961853027,939000,0.0,0.0
2023-12-06 00:00:00-05:00,14.869999885559082,14.970000267028809,14.510000228881836,14.520000457763672,998100,0.0,0.0
2023-12-07 00:00:00-05:00,14.59000015258789,14.59000015258789,14.270000457763672,14.319999694824219,875200,0.0,0.0
2023-12-08 00:00:00-05:00,14.329999923706055,14.5,14.210000038146973,14.34000015258789,2123200,0.0,0.0
2023-12-11 00:00:00-05:00,14.329999923706055,14.859999656677246,14.329999923706055,14.760000228881836,1140700,0.0,0.0
2023-12-12 00:00:00-05:00,14.6899995803833,14.6899995803833,14.079999923706055,14.430000305175781,1249600,0.0,0.0
2023-12-13 00:00:00-05:00,14.449999809265137,15.020000457763672,14.270000457763672,15.0,1031500,0.0,0.0
2023-12-14 00:00:00-05:00,15.0600004196167,15.319999694824219,14.829999923706055,14.979999542236328,1404200,0.0,0.0
2023-12-15 00:00:00-05:00,15.039999961853027,15.069999694824219,14.510000228881836,14.649999618530273,2190300,0.0,0.0
2023-12-18 00:00:00-05:00,14.75,14.800000190734863,14.489999771118164,14.619999885559082,614700,0.0,0.0
2023-12-19 00:00:00-05:00,14.729999542236328,15.029999732971191,14.729999542236328,15.010000228881836,1114200,0.0,0.0
2023-12-20 00:00:00-05:00,14.989999771118164,15.329999923706055,14.84000015258789,14.869999885559082,887400,0.0,0.0
2023-12-21 00:00:00-05:00,14.989999771118164,15.109999656677246,14.949999809265137,15.100000381469727,430100,0.0,0.0
2023-12-22 00:00:00-05:00,15.140000343322754,15.329999923706055,15.0600004196167,15.140000343322754,484400,0.0,0.0
2023-12-26 00:00:00-05:00,15.15999984741211,15.25,15.0,15.029999732971191,375000,0.0,0.0
2023-12-27 00:00:00-05:00,15.079999923706055,15.170000076293945,14.989999771118164,15.029999732971191,626300,0.0,0.0
2023-12-28 00:00:00-05:00,14.970000267028809,15.039999961853027,14.869999885559082,14.920000076293945,311200,0.0,0.0
2023-12-29 00:00:00-05:00,14.850000381469727,14.949999809265137,14.729999542236328,14.8100004196167,450400,0.0,0.0
2024-01-02 00:00:00-05:00,14.699999809265137,14.880000114440918,14.59000015258789,14.859999656677246,797000,0.0,0.0
2024-01-03 00:00:00-05:00,14.75,14.75,14.4399995803833,14.460000038146973,660600,0.0,0.0
2024-01-04 00:00:00-05:00,14.569999694824219,14.569999694824219,14.279999732971191,14.3100004196167,471800,0.0,0.0
2024-01-05 00:00:00-05:00,14.180000305175781,14.420000076293945,14.079999923706055,14.170000076293945,398200,0.0,0.0
2024-01-08 00:00:00-05:00,14.220000267028809,14.4399995803833,14.149999618530273,14.420000076293945,445900,0.0,0.0
2024-01-09 00:00:00-05:00,14.170000076293945,14.350000381469727,14.119999885559082,14.270000457763672,280400,0.0,0.0
2024-01-10 00:00:00-05:00,14.210000038146973,14.430000305175781,14.180000305175781,14.430000305175781,330400,0.0,0.0
2024-01-11 00:00:00-05:00,14.329999923706055,14.369999885559082,14.130000114440918,14.270000457763672,336900,0.0,0.0
2024-01-12 00:00:00-05:00,14.510000228881836,14.5600004196167,14.050000190734863,14.0600004196167,371600,0.0,0.0
2024-01-16 00:00:00-05:00,13.899999618530273,14.050000190734863,13.8100004196167,14.039999961853027,587200,0.0,0.0
2024-01-17 00:00:00-05:00,13.880000114440918,13.979999542236328,13.760000228881836,13.850000381469727,486200,0.0,0.0
2024-01-18 00:00:00-05:00,13.970000267028809,13.970000267028809,13.770000457763672,13.890000343322754,414600,0.0,0.0
2024-01-19 00:00:00-05:00,13.949999809265137,14.0600004196167,13.729999542236328,14.050000190734863,459200,0.0,0.0
2024-01-22 00:00:00-05:00,14.1899995803833,14.579999923706055,14.140000343322754,14.5,605500,0.0,0.0
2024-01-23 00:00:00-05:00,14.640000343322754,14.680000305175781,14.199999809265137,14.34000015258789,578000,0.0,0.0
2024-01-24 00:00:00-05:00,14.5600004196167,14.5600004196167,14.119999885559082,14.210000038146973,621300,0.0,0.0
2024-01-25 00:00:00-05:00,14.390000343322754,14.460000038146973,14.239999771118164,14.449999809265137,638700,0.0,0.0
2024-01-26 00:00:00-05:00,14.5600004196167,14.579999923706055,14.40999984741211,14.550000190734863,456700,0.0,0.0
2024-01-29 00:00:00-05:00,14.550000190734863,14.8100004196167,14.420000076293945,14.6899995803833,486300,0.0,0.0
2024-01-30 00:00:00-05:00,14.539999961853027,14.609999656677246,14.270000457763672,14.289999961853027,861600,0.0,0.0
2024-01-31 00:00:00-05:00,14.289999961853027,14.550000190734863,14.0600004196167,14.079999923706055,575800,0.0,0.0
2024-02-01 00:00:00-05:00,14.149999618530273,14.369999885559082,14.140000343322754,14.350000381469727,950900,0.0,0.0
2024-02-02 00:00:00-05:00,14.149999618530273,14.430000305175781,14.079999923706055,14.260000228881836,688600,0.0,0.0
2024-02-05 00:00:00-05:00,14.050000190734863,14.260000228881836,13.920000076293945,14.170000076293945,545900,0.0,0.0
2024-02-06 00:00:00-05:00,14.109999656677246,14.420000076293945,14.029999732971191,14.420000076293945,440500,0.0,0.0
2024-02-07 00:00:00-05:00,14.470000267028809,14.489999771118164,14.25,14.279999732971191,895400,0.0,0.0
2024-02-08 00:00:00-05:00,14.199999809265137,14.369999885559082,14.170000076293945,14.359999656677246,697000,0.0,0.0
2024-02-09 00:00:00-05:00,14.359999656677246,14.510000228881836,14.329999923706055,14.380000114440918,503400,0.0,0.0
2024-02-12 00:00:00-05:00,14.449999809265137,14.640000343322754,14.449999809265137,14.539999961853027,821800,0.0,0.0
2024-02-13 00:00:00-05:00,14.09000015258789,14.1899995803833,13.729999542236328,13.760000228881836,1210200,0.0,0.0
2024-02-14 00:00:00-05:00,13.970000267028809,14.15999984741211,13.859999656677246,14.140000343322754,933000,0.0,0.0
2024-02-15 00:00:00-05:00,14.289999961853027,14.529999732971191,14.220000267028809,14.520000457763672,698300,0.0,0.0
2024-02-16 00:00:00-05:00,14.350000381469727,14.350000381469727,14.130000114440918,14.260000228881836,573600,0.0,0.0
2024-02-20 00:00:00-05:00,14.039999961853027,14.229999542236328,14.039999961853027,14.149999618530273,788100,0.0,0.0
2024-02-21 00:00:00-05:00,13.729999542236328,14.829999923706055,12.859999656677246,14.6899995803833,2594400,0.0,0.0
2024-02-22 00:00:00-05:00,14.649999618530273,15.039999961853027,14.449999809265137,14.65999984741211,2347900,0.0,0.0
2024-02-23 00:00:00-05:00,14.65999984741211,15.09000015258789,14.65999984741211,15.0600004196167,826000,0.0,0.0
2024-02-26 00:00:00-05:00,14.970000267028809,15.039999961853027,14.770000457763672,14.869999885559082,654400,0.0,0.0
2024-02-27 00:00:00-05:00,14.9399995803833,15.069999694824219,14.729999542236328,15.010000228881836,654700,0.0,0.0
2024-02-28 00:00:00-05:00,15.449999809265137,15.510000228881836,14.9399995803833,15.039999961853027,1363200,0.0,0.0
2024-02-29 00:00:00-05:00,15.239999771118164,15.329999923706055,15.130000114440918,15.270000457763672,1358600,0.0,0.0
2024-03-01 00:00:00-05:00,15.25,15.899999618530273,15.15999984741211,15.859999656677246,1008200,0.0,0.0
2024-03-04 00:00:00-05:00,15.850000381469727,16.09000015258789,15.59000015258789,16.020000457763672,902500,0.0,0.0
2024-03-05 00:00:00-05:00,15.930000305175781,16.049999237060547,15.729999542236328,15.739999771118164,669700,0.0,0.0
2024-03-06 00:00:00-05:00,15.829999923706055,15.899999618530273,15.699999809265137,15.75,547700,0.0,0.0
2024-03-07 00:00:00-05:00,15.880000114440918,15.979999542236328,15.550000190734863,15.619999885559082,387300,0.0,0.0
2024-03-08 00:00:00-05:00,15.84000015258789,16.170000076293945,15.729999542236328,16.030000686645508,638300,0.0,0.0
2024-03-11 00:00:00-04:00,15.899999618530273,16.09000015258789,15.800000190734863,15.899999618530273,406800,0.0,0.0
2024-03-12 00:00:00-04:00,15.850000381469727,15.979999542236328,15.739999771118164,15.90999984741211,360000,0.0,0.0
2024-03-13 00:00:00-04:00,15.859999656677246,15.989999771118164,15.739999771118164,15.760000228881836,397300,0.0,0.0
2024-03-14 00:00:00-04:00,15.609999656677246,15.619999885559082,15.430000305175781,15.619999885559082,558100,0.0,0.0
2024-03-15 00:00:00-04:00,15.550000190734863,16.020000457763672,15.550000190734863,15.989999771118164,1545000,0.0,0.0
2024-03-18 00:00:00-04:00,15.989999771118164,16.209999084472656,15.949999809265137,16.200000762939453,598600,0.0,0.0
2024-03-19 00:00:00-04:00,16.18000030517578,16.5,16.15999984741211,16.5,576300,0.0,0.0
2024-03-20 00:00:00-04:00,16.5,16.649999618530273,16.25,16.649999618530273,539500,0.0,0.0
2024-03-21 00:00:00-04:00,16.760000228881836,16.979999542236328,16.739999771118164,16.959999084472656,654500,0.0,0.0
2024-03-22 00:00:00-04:00,17.0,17.020000457763672,16.770000457763672,16.8799991607666,585600,0.0,0.0
2024-03-25 00:00:00-04:00,16.959999084472656,17.139999389648438,16.790000915527344,16.790000915527344,739100,0.0,0.0
2024-03-26 00:00:00-04:00,16.899999618530273,17.100000381469727,16.850000381469727,16.959999084472656,439800,0.0,0.0
2024-03-27 00:00:00-04:00,17.030000686645508,17.350000381469727,16.8799991607666,17.31999969482422,609100,0.0,0.0
2024-03-28 00:00:00-04:00,17.329999923706055,17.360000610351562,17.1200008392334,17.299999237060547,900300,0.0,0.0
2024-04-01 00:00:00-04:00,17.3700008392334,17.420000076293945,17.079999923706055,17.15999984741211,696300,0.0,0.0
2024-04-02 00:00:00-04:00,16.920000076293945,17.079999923706055,16.84000015258789,17.06999969482422,821300,0.0,0.0
2024-04-03 00:00:00-04:00,16.950000762939453,17.440000534057617,16.950000762939453,17.360000610351562,722700,0.0,0.0
2024-04-04 00:00:00-04:00,17.520000457763672,17.6299991607666,16.969999313354492,17.010000228881836,812500,0.0,0.0
2024-04-05 00:00:00-04:00,16.93000030517578,17.239999771118164,16.93000030517578,17.1299991607666,602100,0.0,0.0
2024-04-08 00:00:00-04:00,17.229999542236328,17.299999237060547,17.149999618530273,17.280000686645508,706800,0.0,0.0
2024-04-09 00:00:00-04:00,17.31999969482422,17.40999984741211,17.229999542236328,17.290000915527344,650400,0.0,0.0
2024-04-10 00:00:00-04:00,17.229999542236328,17.440000534057617,17.09000015258789,17.260000228881836,864900,0.0,0.0
2024-04-11 00:00:00-04:00,17.260000228881836,17.700000762939453,17.15999984741211,17.559999465942383,997100,0.0,0.0
2024-04-12 00:00:00-04:00,17.40999984741211,17.56999969482422,17.329999923706055,17.479999542236328,860800,0.0,0.0
2024-04-15 00:00:00-04:00,17.56999969482422,17.600000381469727,17.360000610351562,17.450000762939453,743400,0.0,0.0
2024-04-16 00:00:00-04:00,17.5,17.579999923706055,16.950000762939453,17.170000076293945,1033200,0.0,0.0
2024-04-17 00:00:00-04:00,17.309999465942383,17.5,17.139999389648438,17.139999389648438,829900,0.0,0.0
2024-04-18 00:00:00-04:00,17.190000534057617,17.270000457763672,17.030000686645508,17.079999923706055,726300,0.0,0.0
2024-04-19 00:00:00-04:00,17.079999923706055,17.299999237060547,16.829999923706055,16.989999771118164,1000900,0.0,0.0
2024-04-22 00:00:00-04:00,17.049999237060547,17.260000228881836,16.899999618530273,17.010000228881836,1458100,0.0,0.0
2024-04-23 00:00:00-04:00,17.049999237060547,17.649999618530273,16.8799991607666,17.559999465942383,886600,0.0,0.0
2024-04-24 00:00:00-04:00,17.450000762939453,17.68000030517578,17.43000030517578,17.5,797000,0.0,0.0
2024-04-25 00:00:00-04:00,17.360000610351562,17.469999313354492,17.229999542236328,17.3799991607666,621500,0.0,0.0
2024-04-26 00:00:00-04:00,17.520000457763672,17.600000381469727,17.399999618530273,17.420000076293945,452700,0.0,0.0
2024-04-29 00:00:00-04:00,17.469999313354492,17.649999618530273,17.40999984741211,17.40999984741211,626500,0.0,0.0
2024-04-30 00:00:00-04:00,17.260000228881836,17.520000457763672,17.100000381469727,17.18000030517578,1686000,0.0,0.0
2024-05-01 00:00:00-04:00,17.270000457763672,17.790000915527344,17.170000076293945,17.450000762939453,1184500,0.0,0.0
2024-05-02 00:00:00-04:00,17.1200008392334,17.6299991607666,16.739999771118164,17.579999923706055,1787500,0.0,0.0
2024-05-03 00:00:00-04:00,17.790000915527344,17.850000381469727,17.469999313354492,17.690000534057617,1010800,0.0,0.0
2024-05-06 00:00:00-04:00,17.8700008392334,18.360000610351562,17.799999237060547,18.350000381469727,914500,0.0,0.0
2024-05-07 00:00:00-04:00,18.40999984741211,18.40999984741211,17.8700008392334,17.8799991607666,765100,0.0,0.0
2024-05-08 00:00:00-04:00,17.790000915527344,17.920000076293945,17.639999389648438,17.68000030517578,540500,0.0,0.0
2024-05-09 00:00:00-04:00,17.709999084472656,17.760000228881836,17.540000915527344,17.709999084472656,532200,0.0,0.0
2024-05-10 00:00:00-04:00,17.81999969482422,17.860000610351562,17.65999984741211,17.739999771118164,406300,0.0,0.0
2024-05-13 00:00:00-04:00,17.860000610351562,17.979999542236328,17.760000228881836,17.790000915527344,488200,0.0,0.0
2024-05-14 00:00:00-04:00,18.030000686645508,18.149999618530273,17.93000030517578,18.030000686645508,623500,0.0,0.0
2024-05-15 00:00:00-04:00,18.09000015258789,18.170000076293945,17.8799991607666,17.950000762939453,484200,0.0,0.0
2024-05-16 00:00:00-04:00,17.889999389648438,18.020000457763672,17.81999969482422,17.979999542236328,519900,0.0,0.0
2024-05-17 00:00:00-04:00,17.940000534057617,17.959999084472656,17.579999923706055,17.600000381469727,489300,0.0,0.0
2024-05-20 00:00:00-04:00,17.540000915527344,17.65999984741211,17.450000762939453,17.540000915527344,609100,0.0,0.0
2024-05-21 00:00:00-04:00,17.520000457763672,17.6299991607666,17.31999969482422,17.399999618530273,719800,0.0,0.0
2024-05-22 00:00:00-04:00,17.34000015258789,17.459999084472656,16.90999984741211,16.93000030517578,738400,0.0,0.0
2024-05-23 00:00:00-04:00,16.93000030517578,16.93000030517578,16.59000015258789,16.649999618530273,784600,0.0,0.0
2024-05-24 00:00:00-04:00,16.790000915527344,17.139999389648438,16.600000381469727,17.079999923706055,1583300,0.0,0.0
2024-05-28 00:00:00-04:00,17.25,17.25,16.899999618530273,16.989999771118164,726100,0.0,0.0
2024-05-29 00:00:00-04:00,16.780000686645508,16.8700008392334,16.450000762939453,16.709999084472656,852600,0.0,0.0
2024-05-30 00:00:00-04:00,16.850000381469727,17.200000762939453,16.780000686645508,17.170000076293945,605500,0.0,0.0
2024-05-31 00:00:00-04:00,17.190000534057617,17.280000686645508,17.030000686645508,17.25,501400,0.0,0.0
2024-06-03 00:00:00-04:00,17.270000457763672,17.309999465942383,17.139999389648438,17.190000534057617,551600,0.0,0.0
2024-06-04 00:00:00-04:00,17.059999465942383,17.18000030517578,16.889999389648438,17.110000610351562,800700,0.0,0.0
2024-06-05 00:00:00-04:00,17.190000534057617,17.290000915527344,16.940000534057617,17.18000030517578,1227300,0.0,0.0
2024-06-06 00:00:00-04:00,17.110000610351562,17.309999465942383,17.06999969482422,17.149999618530273,618900,0.0,0.0
2024-06-07 00:00:00-04:00,16.959999084472656,17.1299991607666,16.780000686645508,16.780000686645508,530900,0.0,0.0
2024-06-10 00:00:00-04:00,16.6200008392334,16.90999984741211,16.56999969482422,16.889999389648438,704400,0.0,0.0
2024-06-11 00:00:00-04:00,16.760000228881836,16.799999237060547,16.600000381469727,16.75,504100,0.0,0.0
2024-06-12 00:00:00-04:00,17.139999389648438,17.219999313354492,17.010000228881836,17.010000228881836,648300,0.0,0.0
2024-06-13 00:00:00-04:00,16.979999542236328,16.979999542236328,16.600000381469727,16.729999542236328,644900,0.0,0.0
2024-06-14 00:00:00-04:00,16.559999465942383,16.559999465942383,16.09000015258789,16.280000686645508,705100,0.0,0.0
2024-06-17 00:00:00-04:00,16.200000762939453,16.290000915527344,16.049999237060547,16.229999542236328,601200,0.0,0.0
2024-06-18 00:00:00-04:00,16.239999771118164,16.270000457763672,16.110000610351562,16.209999084472656,511500,0.0,0.0
2024-06-20 00:00:00-04:00,16.110000610351562,16.18000030517578,15.789999961853027,16.0,694000,0.0,0.0
2024-06-21 00:00:00-04:00,16.0,16.170000076293945,15.930000305175781,16.0,1643500,0.0,0.0
2024-06-24 00:00:00-04:00,16.09000015258789,16.260000228881836,16.06999969482422,16.1200008392334,463000,0.0,0.0
2024-06-25 00:00:00-04:00,16.06999969482422,16.40999984741211,15.979999542236328,16.399999618530273,414800,0.0,0.0
2024-06-26 00:00:00-04:00,16.270000457763672,16.389999389648438,16.15999984741211,16.360000610351562,585500,0.0,0.0
2024-06-27 00:00:00-04:00,16.40999984741211,16.530000686645508,16.239999771118164,16.510000228881836,347500,0.0,0.0
2024-06-28 00:00:00-04:00,16.6299991607666,16.68000030517578,16.399999618530273,16.59000015258789,1797600,0.0,0.0
2024-07-01 00:00:00-04:00,16.559999465942383,16.65999984741211,16.34000015258789,16.3700008392334,567400,0.0,0.0
2024-07-02 00:00:00-04:00,16.450000762939453,16.8700008392334,16.440000534057617,16.760000228881836,550700,0.0,0.0
2024-07-03 00:00:00-04:00,16.770000457763672,16.829999923706055,16.700000762939453,16.81999969482422,202500,0.0,0.0
2024-07-05 00:00:00-04:00,16.709999084472656,16.829999923706055,16.670000076293945,16.75,443200,0.0,0.0
2024-07-08 00:00:00-04:00,16.899999618530273,16.940000534057617,16.75,16.799999237060547,500300,0.0,0.0
2024-07-09 00:00:00-04:00,16.729999542236328,16.790000915527344,16.59000015258789,16.649999618530273,497700,0.0,0.0
2024-07-10 00:00:00-04:00,16.700000762939453,16.8700008392334,16.6299991607666,16.84000015258789,493700,0.0,0.0
2024-07-11 00:00:00-04:00,17.209999084472656,17.31999969482422,17.020000457763672,17.280000686645508,575400,0.0,0.0
2024-07-12 00:00:00-04:00,17.459999084472656,17.81999969482422,17.389999389648438,17.709999084472656,724500,0.0,0.0
2024-07-15 00:00:00-04:00,17.8799991607666,18.219999313354492,17.760000228881836,18.020000457763672,717700,0.0,0.0
2024-07-16 00:00:00-04:00,18.200000762939453,18.549999237060547,18.170000076293945,18.489999771118164,560100,0.0,0.0
2024-07-17 00:00:00-04:00,18.40999984741211,18.709999084472656,18.360000610351562,18.510000228881836,677900,0.0,0.0
2024-07-18 00:00:00-04:00,18.3799991607666,18.729999542236328,18.100000381469727,18.219999313354492,445800,0.0,0.0
2024-07-19 00:00:00-04:00,18.15999984741211,18.219999313354492,17.8700008392334,17.8799991607666,554000,0.0,0.0
2024-07-22 00:00:00-04:00,18.010000228881836,18.18000030517578,17.729999542236328,18.030000686645508,381500,0.0,0.0
2024-07-23 00:00:00-04:00,17.920000076293945,18.260000228881836,17.920000076293945,18.18000030517578,524500,0.0,0.0
2024-07-24 00:00:00-04:00,18.139999389648438,18.329999923706055,17.649999618530273,17.65999984741211,402600,0.0,0.0
2024-07-25 00:00:00-04:00,17.709999084472656,17.90999984741211,17.559999465942383,17.6299991607666,792100,0.0,0.0
2024-07-26 00:00:00-04:00,17.920000076293945,17.93000030517578,17.68000030517578,17.860000610351562,448300,0.0,0.0
2024-07-29 00:00:00-04:00,17.90999984741211,17.969999313354492,17.729999542236328,17.889999389648438,359500,0.0,0.0
2024-07-30 00:00:00-04:00,18.0,18.139999389648438,17.719999313354492,17.899999618530273,516600,0.0,0.0
2024-07-31 00:00:00-04:00,17.93000030517578,18.25,17.799999237060547,17.8799991607666,708100,0.0,0.0
2024-08-01 00:00:00-04:00,17.8799991607666,18.09000015258789,17.75,17.920000076293945,1349800,0.0,0.0
2024-08-02 00:00:00-04:00,17.389999389648438,17.6299991607666,17.1200008392334,17.59000015258789,845100,0.0,0.0
2024-08-05 00:00:00-04:00,16.90999984741211,17.309999465942383,16.709999084472656,16.959999084472656,951200,0.0,0.0
2024-08-06 00:00:00-04:00,16.889999389648438,17.139999389648438,16.790000915527344,16.969999313354492,406700,0.0,0.0
2024-08-07 00:00:00-04:00,17.100000381469727,17.200000762939453,16.68000030517578,16.719999313354492,659100,0.0,0.0
2024-08-08 00:00:00-04:00,16.219999313354492,16.56999969482422,15.920000076293945,16.549999237060547,1713900,0.0,0.0
2024-08-09 00:00:00-04:00,16.579999923706055,17.020000457763672,16.459999084472656,17.0,772200,0.0,0.0
2024-08-12 00:00:00-04:00,16.889999389648438,16.90999984741211,16.360000610351562,16.670000076293945,1202700,0.0,0.0
2024-08-13 00:00:00-04:00,16.809999465942383,17.200000762939453,16.790000915527344,17.079999923706055,863100,0.0,0.0
2024-08-14 00:00:00-04:00,17.149999618530273,17.239999771118164,17.040000915527344,17.040000915527344,646300,0.0,0.0
2024-08-15 00:00:00-04:00,17.389999389648438,17.520000457763672,17.239999771118164,17.399999618530273,683200,0.0,0.0
2024-08-16 00:00:00-04:00,17.3799991607666,17.5,17.229999542236328,17.229999542236328,335700,0.0,0.0
2024-08-19 00:00:00-04:00,17.3700008392334,17.40999984741211,17.229999542236328,17.25,442800,0.0,0.0
2024-08-20 00:00:00-04:00,17.190000534057617,17.31999969482422,17.18000030517578,17.290000915527344,493400,0.0,0.0
2024-08-21 00:00:00-04:00,17.389999389648438,17.450000762939453,17.239999771118164,17.350000381469727,427100,0.0,0.0
2024-08-22 00:00:00-04:00,17.3799991607666,17.389999389648438,17.15999984741211,17.170000076293945,366900,0.0,0.0
2024-08-23 00:00:00-04:00,17.299999237060547,17.700000762939453,17.260000228881836,17.6200008392334,622600,0.0,0.0
2024-08-26 00:00:00-04:00,17.770000457763672,18.0,17.65999984741211,17.65999984741211,717000,0.0,0.0
2024-08-27 00:00:00-04:00,17.579999923706055,17.65999984741211,17.399999618530273,17.40999984741211,868400,0.0,0.0
2024-08-28 00:00:00-04:00,17.31999969482422,17.440000534057617,17.170000076293945,17.18000030517578,776500,0.0,0.0
2024-08-29 00:00:00-04:00,17.309999465942383,17.5,17.170000076293945,17.270000457763672,1014000,0.0,0.0
2024-08-30 00:00:00-04:00,17.3700008392334,17.43000030517578,17.190000534057617,17.329999923706055,758000,0.0,0.0
2024-09-03 00:00:00-04:00,17.170000076293945,17.3799991607666,17.110000610351562,17.209999084472656,1254600,0.0,0.0
2024-09-04 00:00:00-04:00,17.200000762939453,17.260000228881836,16.899999618530273,16.899999618530273,797900,0.0,0.0
2024-09-05 00:00:00-04:00,16.850000381469727,16.8799991607666,16.649999618530273,16.790000915527344,881200,0.0,0.0
2024-09-06 00:00:00-04:00,16.81999969482422,16.989999771118164,16.469999313354492,16.479999542236328,638000,0.0,0.0
2024-09-09 00:00:00-04:00,16.450000762939453,16.5,16.290000915527344,16.309999465942383,1023500,0.0,0.0
2024-09-10 00:00:00-04:00,16.280000686645508,16.290000915527344,15.770000457763672,16.020000457763672,823400,0.0,0.0
2024-09-11 00:00:00-04:00,15.899999618530273,15.920000076293945,15.649999618530273,15.789999961853027,841700,0.0,0.0
2024-09-12 00:00:00-04:00,15.880000114440918,16.309999465942383,15.880000114440918,16.18000030517578,704400,0.0,0.0
2024-09-13 00:00:00-04:00,16.389999389648438,16.68000030517578,16.299999237060547,16.549999237060547,636800,0.0,0.0
2024-09-16 00:00:00-04:00,16.649999618530273,16.719999313354492,16.399999618530273,16.450000762939453,406000,0.0,0.0
2024-09-17 00:00:00-04:00,16.600000381469727,16.860000610351562,16.530000686645508,16.65999984741211,411200,0.0,0.0
2024-09-18 00:00:00-04:00,16.639999389648438,16.979999542236328,16.520000457763672,16.56999969482422,431400,0.0,0.0
2024-09-19 00:00:00-04:00,16.940000534057617,17.049999237060547,16.81999969482422,16.920000076293945,670100,0.0,0.0
2024-09-20 00:00:00-04:00,16.829999923706055,16.829999923706055,16.579999923706055,16.6299991607666,1789200,0.0,0.0
2024-09-23 00:00:00-04:00,16.709999084472656,16.760000228881836,16.489999771118164,16.5,385300,0.0,0.0
2024-09-24 00:00:00-04:00,16.559999465942383,16.829999923706055,16.510000228881836,16.799999237060547,467600,0.0,0.0
2024-09-25 00:00:00-04:00,16.739999771118164,16.799999237060547,16.459999084472656,16.469999313354492,566800,0.0,0.0
2024-09-26 00:00:00-04:00,16.59000015258789,16.81999969482422,16.520000457763672,16.739999771118164,497200,0.0,0.0
2024-09-27 00:00:00-04:00,16.950000762939453,17.0,16.610000610351562,16.770000457763672,524800,0.0,0.0
2024-09-30 00:00:00-04:00,16.65999984741211,16.90999984741211,16.65999984741211,16.8799991607666,572900,0.0,0.0
2024-10-01 00:00:00-04:00,16.790000915527344,16.860000610351562,16.3799991607666,16.6299991607666,667400,0.0,0.0
2024-10-02 00:00:00-04:00,16.530000686645508,16.719999313354492,16.3799991607666,16.3799991607666,375800,0.0,0.0
2024-10-03 00:00:00-04:00,16.260000228881836,16.270000457763672,15.979999542236328,16.049999237060547,405800,0.0,0.0
2024-10-04 00:00:00-04:00,16.299999237060547,16.3799991607666,16.110000610351562,16.219999313354492,558800,0.0,0.0
2024-10-07 00:00:00-04:00,16.1200008392334,16.15999984741211,15.6899995803833,15.729999542236328,649800,0.0,0.0
2024-10-08 00:00:00-04:00,15.789999961853027,15.90999984741211,15.6899995803833,15.829999923706055,460500,0.0,0.0
2024-10-09 00:00:00-04:00,15.770000457763672,15.989999771118164,15.75,15.8100004196167,505200,0.0,0.0
2024-10-10 00:00:00-04:00,15.630000114440918,15.649999618530273,15.4399995803833,15.529999732971191,443000,0.0,0.0
2024-10-11 00:00:00-04:00,15.579999923706055,15.90999984741211,15.550000190734863,15.880000114440918,385300,0.0,0.0
2024-10-14 00:00:00-04:00,15.84000015258789,15.869999885559082,15.710000038146973,15.8100004196167,483600,0.0,0.0
2024-10-15 00:00:00-04:00,15.829999923706055,16.100000381469727,15.760000228881836,15.850000381469727,575200,0.0,0.0
2024-10-16 00:00:00-04:00,15.989999771118164,16.18000030517578,15.9399995803833,16.170000076293945,422500,0.0,0.0
2024-10-17 00:00:00-04:00,16.15999984741211,16.3700008392334,16.100000381469727,16.329999923706055,562200,0.0,0.0
2024-10-18 00:00:00-04:00,16.399999618530273,16.579999923706055,16.360000610351562,16.510000228881836,375700,0.0,0.0
2024-10-21 00:00:00-04:00,16.420000076293945,16.56999969482422,16.219999313354492,16.239999771118164,476300,0.0,0.0
2024-10-22 00:00:00-04:00,16.139999389648438,16.209999084472656,15.930000305175781,15.970000267028809,749200,0.0,0.0
2024-10-23 00:00:00-04:00,15.859999656677246,16.010000228881836,15.720000267028809,15.84000015258789,514900,0.0,0.0
2024-10-24 00:00:00-04:00,15.859999656677246,16.079999923706055,15.84000015258789,16.059999465942383,551600,0.0,0.0
2024-10-25 00:00:00-04:00,16.100000381469727,16.190000534057617,16.0,16.1200008392334,526200,0.0,0.0
2024-10-28 00:00:00-04:00,16.309999465942383,16.479999542236328,16.06999969482422,16.40999984741211,376300,0.0,0.0
2024-10-29 00:00:00-04:00,16.219999313354492,16.43000030517578,16.209999084472656,16.329999923706055,396000,0.0,0.0
2024-10-30 00:00:00-04:00,16.299999237060547,16.530000686645508,16.219999313354492,16.239999771118164,466300,0.0,0.0
2024-10-31 00:00:00-04:00,16.260000228881836,16.34000015258789,15.789999961853027,15.800000190734863,447500,0.0,0.0
2024-11-01 00:00:00-04:00,15.869999885559082,16.040000915527344,15.84000015258789,15.899999618530273,397200,0.0,0.0
2024-11-04 00:00:00-05:00,15.829999923706055,16.239999771118164,15.829999923706055,16.200000762939453,409000,0.0,0.0
2024-11-05 00:00:00-05:00,16.18000030517578,16.510000228881836,16.079999923706055,16.43000030517578,476600,0.0,0.0
2024-11-06 00:00:00-05:00,17.25,17.56999969482422,17.06999969482422,17.479999542236328,932000,0.0,0.0
2024-11-07 00:00:00-05:00,18.479999542236328,19.940000534057617,18.219999313354492,19.559999465942383,1758600,0.0,0.0
2024-11-08 00:00:00-05:00,19.15999984741211,19.530000686645508,18.780000686645508,19.440000534057617,1134800,0.0,0.0
2024-11-11 00:00:00-05:00,19.6299991607666,20.149999618530273,19.3799991607666,20.030000686645508,1189500,0.0,0.0
2024-11-12 00:00:00-05:00,20.049999237060547,20.450000762939453,19.989999771118164,20.209999084472656,782800,0.0,0.0
2024-11-13 00:00:00-05:00,20.420000076293945,20.440000534057617,19.799999237060547,19.979999542236328,769300,0.0,0.0
2024-11-14 00:00:00-05:00,20.059999465942383,20.079999923706055,19.489999771118164,19.56999969482422,767000,0.0,0.0
2024-11-15 00:00:00-05:00,19.670000076293945,19.93000030517578,19.399999618530273,19.860000610351562,602800,0.0,0.0
2024-11-18 00:00:00-05:00,19.84000015258789,20.209999084472656,19.780000686645508,19.8700008392334,450400,0.0,0.0
2024-11-19 00:00:00-05:00,19.65999984741211,19.690000534057617,19.43000030517578,19.600000381469727,506500,0.0,0.0
2024-11-20 00:00:00-05:00,20.059999465942383,20.059999465942383,19.489999771118164,19.65999984741211,612800,0.0,0.0
2024-11-21 00:00:00-05:00,19.6299991607666,19.950000762939453,19.440000534057617,19.84000015258789,532100,0.0,0.0
2024-11-22 00:00:00-05:00,19.989999771118164,20.110000610351562,19.8799991607666,19.940000534057617,507900,0.0,0.0
2024-11-25 00:00:00-05:00,20.170000076293945,20.43000030517578,20.100000381469727,20.200000762939453,885300,0.0,0.0
2024-11-26 00:00:00-05:00,20.1299991607666,20.1299991607666,19.780000686645508,19.950000762939453,658400,0.0,0.0
2024-11-27 00:00:00-05:00,20.010000228881836,20.200000762939453,19.920000076293945,20.110000610351562,648300,0.0,0.0
2024-11-29 00:00:00-05:00,20.280000686645508,20.3700008392334,20.1200008392334,20.200000762939453,257500,0.0,0.0
2024-12-02 00:00:00-05:00,20.270000457763672,20.270000457763672,19.860000610351562,20.079999923706055,823500,0.0,0.0
2024-12-03 00:00:00-05:00,20.100000381469727,20.18000030517578,19.889999389648438,19.959999084472656,949700,0.0,0.0
2024-12-04 00:00:00-05:00,19.920000076293945,20.280000686645508,19.860000610351562,20.1299991607666,700300,0.0,0.0
2024-12-05 00:00:00-05:00,20.09000015258789,20.280000686645508,20.020000457763672,20.25,464800,0.0,0.0
2024-12-06 00:00:00-05:00,20.399999618530273,20.709999084472656,19.940000534057617,20.200000762939453,480000,0.0,0.0
2024-12-09 00:00:00-05:00,20.239999771118164,20.604999542236328,20.024999618530273,20.520000457763672,788394,0.0,0.0
