Date,Open,High,Low,Close,Volume,Dividends,Stock Splits
2022-01-03 00:00:00-05:00,160.74768647929145,162.0525953158408,157.0082247186367,159.61805725097656,1836800,0.0,0.0
2022-01-04 00:00:00-05:00,162.40315076530428,166.67819852252495,161.45854891573538,163.6106719970703,2131600,0.0,0.0
2022-01-05 00:00:00-05:00,163.86388232996325,164.57476324136533,160.02704819407666,160.0659942626953,1656700,0.0,0.0
2022-01-06 00:00:00-05:00,160.97164478687728,162.1012739096915,159.92965545999525,160.89373779296875,1421600,0.0,0.0
2022-01-07 00:00:00-05:00,161.65332940251213,164.3313213052646,160.3776338190432,162.29605102539062,1508800,0.0,0.0
2022-01-10 00:00:00-05:00,162.87056747722644,163.4840757150566,155.93700906065598,157.80673217773438,2228400,0.0,0.0
2022-01-11 00:00:00-05:00,157.7288486522934,161.31248144494205,155.8786057216256,160.874267578125,2141100,0.0,0.0
2022-01-12 00:00:00-05:00,161.994141648438,162.50051478246706,158.40076168905117,160.54315185546875,1606400,0.0,0.0
2022-01-13 00:00:00-05:00,160.6210645027621,162.91926872642517,159.80306338736656,160.2023162841797,1619700,0.0,0.0
2022-01-14 00:00:00-05:00,159.5985643221696,160.11468516287556,155.53775693020995,158.537109375,1886400,0.0,0.0
2022-01-18 00:00:00-05:00,155.92726448227728,156.89134675231807,153.55115333051197,155.33323669433594,2087600,0.0,0.0
2022-01-19 00:00:00-05:00,155.7422649299973,155.79095866407357,150.07466793346538,150.1623077392578,2396300,0.0,0.0
2022-01-20 00:00:00-05:00,151.47695078747003,157.45617526277525,151.30165633223822,152.59683227539062,2160400,0.0,0.0
2022-01-21 00:00:00-05:00,152.59681200511162,156.0051646051075,150.45442191410467,152.8792266845703,4745500,0.0,0.0
2022-01-24 00:00:00-05:00,149.9675133004924,152.40205085407183,146.97789405226263,151.66195678710938,3537700,0.0,0.0
2022-01-25 00:00:00-05:00,149.9188301131484,154.1062379714235,146.4131047051713,152.91818237304688,2197200,0.0,0.0
2022-01-26 00:00:00-05:00,153.9017498175279,159.7056950285839,152.58710819472742,154.5736846923828,2345800,0.0,0.0
2022-01-27 00:00:00-05:00,155.45011885587013,156.64790734293135,148.1465051506966,149.6851348876953,2184100,0.0,0.0
2022-01-28 00:00:00-05:00,149.9675347204936,155.33325090564716,148.75026576984027,155.2066650390625,1930400,0.0,0.0
2022-01-31 00:00:00-05:00,154.38863263967266,157.0666240471331,153.12268495262765,156.9010772705078,1972100,0.0,0.0
2022-02-01 00:00:00-05:00,156.9011002370593,159.3940647710726,156.13179276728204,158.75135803222656,1755100,0.0,0.0
2022-02-02 00:00:00-05:00,159.06297865402462,159.35512619956015,155.91755957124633,156.65765380859375,3912500,0.0,0.0
2022-02-03 00:00:00-05:00,155.810443657713,160.1828795821846,155.810443657713,157.76780700683594,2920000,0.0,0.0
2022-02-04 00:00:00-05:00,156.79394236386753,159.42325466008666,154.75867265065725,158.47865295410156,2204700,0.0,0.0
2022-02-07 00:00:00-05:00,158.8487222912663,162.86085080794794,158.48841544122615,161.6922607421875,2003300,0.0,0.0
2022-02-08 00:00:00-05:00,162.68557796838303,167.53517389233014,160.97166842839658,167.05801391601562,2553000,0.0,0.0
2022-02-09 00:00:00-05:00,168.0415279437486,171.89784220128556,167.52540713973013,168.9861297607422,2100300,0.0,0.0
2022-02-10 00:00:00-05:00,166.4152802265861,171.8589036706623,165.55831808897094,170.1060333251953,2122100,0.0,0.0
2022-02-11 00:00:00-05:00,170.57345955070215,172.58924911716028,164.26312689053194,165.4317169189453,2819100,0.0,0.0
2022-02-14 00:00:00-05:00,166.08419056758305,169.83337029022994,164.98377460193586,166.84376525878906,2675200,0.0,0.0
2022-02-15 00:00:00-05:00,171.294083599629,176.5916405371739,169.9696943652428,176.45530700683594,4264300,0.0,0.0
2022-02-16 00:00:00-05:00,173.64099741794396,180.14609111095135,173.3391170634582,178.4613800048828,3263800,0.0,0.0
2022-02-17 00:00:00-05:00,175.45226891776358,177.02011186007346,173.05669203649478,173.504638671875,3356300,0.0,0.0
2022-02-18 00:00:00-05:00,172.93011967409174,174.83878930688812,170.14500737137536,170.3397674560547,2882400,0.0,0.0
2022-02-22 00:00:00-05:00,170.04760635251094,171.21619648597482,165.36355759365387,168.58688354492188,2744000,0.0,0.0
2022-02-23 00:00:00-05:00,169.58020088487072,169.97946873618423,162.98746694356348,163.57176208496094,3494800,0.0,0.0
2022-02-24 00:00:00-05:00,158.79033274079362,165.1103998766881,158.68321245512615,164.3313446044922,4332700,0.0,0.0
2022-02-25 00:00:00-05:00,166.06469167878964,170.02812636045846,164.0196739775039,169.80413818359375,2805800,0.0,0.0
2022-02-28 00:00:00-05:00,165.9283750701307,167.97339297987824,163.14326294104382,165.68492126464844,2574400,0.0,0.0
2022-03-01 00:00:00-05:00,164.28261074364812,165.55830619644422,159.58882950715292,160.59185791015625,2886100,0.0,0.0
2022-03-02 00:00:00-05:00,163.1919315424283,166.53211010682188,162.5394772273227,163.8249053955078,2159600,0.0,0.0
2022-03-03 00:00:00-05:00,165.2953709119903,167.03849330262327,160.14388100824056,161.13717651367188,2444900,0.0,0.0
2022-03-04 00:00:00-05:00,158.73189278535554,159.63753387555968,152.65528000669943,155.1092987060547,2858200,0.0,0.0
2022-03-07 00:00:00-05:00,155.05085606019483,155.05085606019483,144.0564742212539,144.18307495117188,3769100,0.0,0.0
2022-03-08 00:00:00-05:00,145.02054021701218,154.94371827929587,142.24517614907214,148.78919982910156,4939400,0.0,0.0
2022-03-09 00:00:00-05:00,154.0575620557386,158.30339693279015,153.60961538378643,155.2943115234375,3509600,0.0,0.0
2022-03-10 00:00:00-05:00,152.45073733393508,159.9198964103425,151.96382984635255,158.30335998535156,2573300,0.0,0.0
2022-03-11 00:00:00-05:00,160.04653165221652,161.19562643846712,157.07639236512054,157.40748596191406,2316300,0.0,0.0
2022-03-14 00:00:00-04:00,158.02097771211263,159.8322743612418,155.91753356617448,157.52432250976562,1917600,0.0,0.0
2022-03-15 00:00:00-04:00,159.63752189731986,162.9485025611788,159.36485482443325,162.0428466796875,2297300,0.0,0.0
2022-03-16 00:00:00-04:00,163.78597692118714,167.98311795463314,162.6563477501731,167.7786102294922,2300300,0.0,0.0
2022-03-17 00:00:00-04:00,165.86995856145873,166.76586683668398,163.7275679155512,166.75613403320312,1582300,0.0,0.0
2022-03-18 00:00:00-04:00,165.8017721074907,168.8985121984019,163.260113818053,166.70742797851562,3542300,0.0,0.0
2022-03-21 00:00:00-04:00,165.49989318847656,165.76282745770357,163.45489014793594,165.49989318847656,1770400,0.0,0.0
2022-03-22 00:00:00-04:00,167.17485603292968,168.3531789801377,165.529105943509,166.10366821289062,2004100,0.0,0.0
2022-03-23 00:00:00-04:00,164.97405630256105,166.50293862236413,162.8219179154458,163.2601318359375,2709100,0.0,0.0
2022-03-24 00:00:00-04:00,164.5747802678424,167.48649326806205,162.82190981385136,167.47674560546875,1795800,0.0,0.0
2022-03-25 00:00:00-04:00,167.49618988438033,169.1419397089783,166.27892106254617,167.0287628173828,1427600,0.0,0.0
2022-03-28 00:00:00-04:00,167.59358698835894,168.05128128047397,164.711087714139,167.06771850585938,1215600,0.0,0.0
2022-03-29 00:00:00-04:00,169.67754377610999,174.28368491372495,169.54121026017333,173.6507110595703,2200900,0.0,0.0
2022-03-30 00:00:00-04:00,172.8911363508759,174.4297660812897,170.80717251028813,171.82968139648438,2285200,0.0,0.0
2022-03-31 00:00:00-04:00,172.55032181187107,174.60507252761647,171.11881224473257,171.1480255126953,2368900,0.0,0.0
2022-04-01 00:00:00-04:00,172.28738401581455,173.70916075095505,168.09024286631274,169.13221740722656,1900400,0.0,0.0
2022-04-04 00:00:00-04:00,168.83033052079608,170.4566000643903,167.12615398083778,170.07681274414062,1394900,0.0,0.0
2022-04-05 00:00:00-04:00,169.84311546119807,171.98550596546337,167.49621722341954,169.44384765625,1545100,0.0,0.0
2022-04-06 00:00:00-04:00,167.26247030635344,167.26247030635344,161.28324639835998,161.81884765625,2180100,0.0,0.0
2022-04-07 00:00:00-04:00,161.24431207307023,162.2570732768912,158.10862614502875,160.34840393066406,2608600,0.0,0.0
2022-04-08 00:00:00-04:00,159.32589740860152,160.9813801930288,158.14757453812825,159.56935119628906,1522400,0.0,0.0
2022-04-11 00:00:00-04:00,157.71909866029367,161.22482407199166,157.42695116117574,158.19625854492188,1402500,0.0,0.0
2022-04-12 00:00:00-04:00,160.31919390326982,161.61436984398816,158.03072234274495,158.96559143066406,1549700,0.0,0.0
2022-04-13 00:00:00-04:00,159.86149093225427,171.63491196554577,159.7154097512081,170.94349670410156,3343800,0.0,0.0
2022-04-14 00:00:00-04:00,171.58622996683286,176.76693380320566,171.58622996683286,175.7833709716797,3631700,0.0,0.0
2022-04-18 00:00:00-04:00,174.5368942436173,180.10711837980983,174.5368942436173,178.354248046875,2961100,0.0,0.0
2022-04-19 00:00:00-04:00,177.50703877913628,184.58667965558104,177.2830654370213,183.8368377685547,2775100,0.0,0.0
2022-04-20 00:00:00-04:00,184.05106915358465,188.7156373311044,183.8368286250899,185.31703186035156,3500700,0.0,0.0
2022-04-21 00:00:00-04:00,188.47217736940902,190.770381715053,178.88983987099112,179.3475341796875,2905600,0.0,0.0
2022-04-22 00:00:00-04:00,178.9482960318528,179.34756387520576,174.2545139640502,174.7901153564453,1872900,0.0,0.0
2022-04-25 00:00:00-04:00,174.18629402699125,177.90627466726406,172.37499743142297,177.70176696777344,2368300,0.0,0.0
2022-04-26 00:00:00-04:00,176.260540917831,178.3834507975554,172.19000075172175,172.60873413085938,2085100,0.0,0.0
2022-04-27 00:00:00-04:00,173.27092648700452,177.06881457478394,171.30383053747417,175.4814910888672,1808900,0.0,0.0
2022-04-28 00:00:00-04:00,176.96169392222862,181.29516845788677,175.35490483505166,179.72732543945312,2335500,0.0,0.0
2022-04-29 00:00:00-04:00,178.17894757505277,180.2823917282212,172.32632425420476,172.8716583251953,2605500,0.0,0.0
2022-05-02 00:00:00-04:00,174.26422125783108,175.59835814163193,168.7426910410389,173.47543334960938,2590000,0.0,0.0
2022-05-03 00:00:00-04:00,173.97206016732088,174.01102109215802,166.31787295312154,168.5089569091797,4135800,0.0,0.0
2022-05-04 00:00:00-04:00,171.39146597270778,176.8156234771201,167.80783336207725,176.4942626953125,4283900,0.0,0.0
2022-05-05 00:00:00-04:00,174.98485451856158,178.70482083137432,170.5929384854338,173.0080108642578,3174400,0.0,0.0
2022-05-06 00:00:00-04:00,173.51436069582644,173.86493471267983,164.84741258367092,168.00257873535156,2764100,0.0,0.0
2022-05-09 00:00:00-04:00,166.50292383189978,166.50292383189978,157.85545469549314,159.55963134765625,4058300,0.0,0.0
2022-05-10 00:00:00-04:00,163.65937010855234,165.78229484130458,160.61132396432225,163.68858337402344,2594500,0.0,0.0
2022-05-11 00:00:00-04:00,163.2308872343713,167.97337701881193,161.44880376446818,162.5881805419922,2973800,0.0,0.0
2022-05-12 00:00:00-04:00,161.13717326162327,162.92898934013996,155.7714578269906,159.0629425048828,2619600,0.0,0.0
2022-05-13 00:00:00-04:00,161.95076656160967,163.39466079403653,159.7556507497806,162.34100341796875,2772300,0.3,0.0
2022-05-16 00:00:00-04:00,161.6580914139858,162.33126268618304,157.46297796061253,158.37030029296875,2367900,0.0,0.0
2022-05-17 00:00:00-04:00,162.27272081077513,163.23857713990884,158.5361440597764,160.8385772705078,2302300,0.0,0.0
2022-05-18 00:00:00-04:00,158.76052947128326,160.37029001943858,149.2776278503426,150.26300048828125,3748400,0.0,0.0
2022-05-19 00:00:00-04:00,149.55078111220058,155.69710780451743,148.53615644585142,153.11175537109375,2228000,0.0,0.0
2022-05-20 00:00:00-04:00,155.53124611286057,155.73613010655637,147.73614182811795,151.44345092773438,2105800,0.0,0.0
2022-05-23 00:00:00-04:00,152.65325826219572,155.27764398604265,149.5801015672832,154.10691833496094,1832300,0.0,0.0
2022-05-24 00:00:00-04:00,151.8824797531655,152.8678522801126,146.10688851257387,148.91664123535156,2303600,0.0,0.0
2022-05-25 00:00:00-04:00,147.69713980040837,156.43858487317402,147.09226823776885,155.65809631347656,3079800,0.0,0.0
2022-05-26 00:00:00-04:00,156.43860425770373,167.5019851860577,156.43860425770373,166.01905822753906,3693100,0.0,0.0
2022-05-27 00:00:00-04:00,166.29220719676627,172.68243590972486,166.29220719676627,168.35073852539062,2387200,0.0,0.0
2022-05-31 00:00:00-04:00,166.87758279359724,168.67269612734765,164.22393052345242,167.3946533203125,2224800,0.0,0.0
2022-06-01 00:00:00-04:00,168.33126412002102,169.755657219199,163.76542945072055,166.4288330078125,1729700,0.0,0.0
2022-06-02 00:00:00-04:00,166.58489877645366,170.32147545194343,166.2239289425183,170.16537475585938,1749800,0.0,0.0
2022-06-03 00:00:00-04:00,168.57512564789857,171.12146049324184,167.65806757987315,170.38975524902344,1370300,0.0,0.0
2022-06-06 00:00:00-04:00,172.6824365161438,174.86780152387894,171.0239076173163,173.27755737304688,1394700,0.0,0.0
2022-06-07 00:00:00-04:00,171.4824528784541,173.49220099067298,169.43367214831102,172.85804748535156,1336400,0.0,0.0
2022-06-08 00:00:00-04:00,170.9946267011009,171.3946142190367,167.5800025277398,168.96536254882812,1693500,0.0,0.0
2022-06-09 00:00:00-04:00,168.85810189824855,168.85810189824855,163.55079616182766,163.560546875,1449300,0.0,0.0
2022-06-10 00:00:00-04:00,161.00444273705438,162.94590627605035,155.86298901721156,155.97030639648438,2736300,0.0,0.0
2022-06-13 00:00:00-04:00,150.24349434883095,150.79959754490272,146.21423223667844,148.3898468017578,4029800,0.0,0.0
2022-06-14 00:00:00-04:00,150.10692268462034,150.95569617528463,146.6142471618518,148.50692749023438,2667200,0.0,0.0
2022-06-15 00:00:00-04:00,150.98493893984443,153.32640474900754,149.3849440025448,151.0239715576172,2051200,0.0,0.0
2022-06-16 00:00:00-04:00,146.1947091388165,147.12153277494696,141.0630069937951,141.61911010742188,2610900,0.0,0.0
2022-06-17 00:00:00-04:00,142.2825140234743,144.03860951089231,139.31667544539775,141.68739318847656,3277500,0.0,0.0
2022-06-21 00:00:00-04:00,144.22399372072212,144.3800944233774,137.72644711687525,138.12644958496094,3357100,0.0,0.0
2022-06-22 00:00:00-04:00,136.03865256389975,138.12645110347358,132.67281114127317,133.13134765625,4112900,0.0,0.0
2022-06-23 00:00:00-04:00,134.3118348450252,134.3411018686619,127.81428763917164,129.8142852783203,3285700,0.0,0.0
2022-06-24 00:00:00-04:00,131.7069537451466,137.62889577391385,130.0093920932617,135.9898681640625,3075900,0.0,0.0
2022-06-27 00:00:00-04:00,136.19473544119938,137.64838026145964,134.96546116340764,136.7703399658203,2056500,0.0,0.0
2022-06-28 00:00:00-04:00,139.24839178087802,142.49716508349135,135.1313287886112,135.30694580078125,2241100,0.0,0.0
2022-06-29 00:00:00-04:00,135.3069506915266,136.21425814635614,132.40939642193726,134.370361328125,2621600,0.0,0.0
2022-06-30 00:00:00-04:00,131.8240168591016,134.77035425189217,129.82403436097545,132.6923065185547,3379200,0.0,0.0
2022-07-01 00:00:00-04:00,132.42891249959936,135.8532880455637,131.33622242978564,135.7849884033203,2039900,0.0,0.0
2022-07-05 00:00:00-04:00,132.60451007099496,135.36547984264382,130.7215955870316,135.30694580078125,2367000,0.0,0.0
2022-07-06 00:00:00-04:00,135.56060132475102,136.30207223589602,130.28256342829945,132.34109497070312,1880400,0.0,0.0
2022-07-07 00:00:00-04:00,134.11671909322382,136.3996363023697,133.62891550734219,135.2971954345703,2017100,0.0,0.0
2022-07-08 00:00:00-04:00,135.29716842607263,135.44351840457264,132.25327942150997,134.4386444091797,1631400,0.0,0.0
2022-07-11 00:00:00-04:00,133.75575350407286,135.1411139461306,131.85330754869725,134.39964294433594,2161700,0.0,0.0
2022-07-12 00:00:00-04:00,133.58985872801324,137.80448809349366,133.58985872801324,135.7264404296875,1691700,0.0,0.0
2022-07-13 00:00:00-04:00,132.93621407868483,138.6435213962376,132.38987650101066,137.365478515625,2337100,0.0,0.0
2022-07-14 00:00:00-04:00,134.59477327314687,137.8142650619519,134.58500767392064,137.34597778320312,2398100,0.0,0.0
2022-07-15 00:00:00-04:00,139.1313169344696,140.91667955740928,138.19472765044586,139.853271484375,2072300,0.0,0.0
2022-07-18 00:00:00-04:00,141.648373657253,145.3849500147893,140.1849632507987,141.06300354003906,2028500,0.0,0.0
2022-07-19 00:00:00-04:00,142.52641824720834,147.5703044805964,142.38008315677945,147.2386016845703,2531000,0.0,0.0
2022-07-20 00:00:00-04:00,147.09230725837847,149.7752271595383,146.3410855178099,148.87767028808594,1932200,0.0,0.0
2022-07-21 00:00:00-04:00,147.31666564941406,148.18495533493075,144.15569342465434,147.31666564941406,1777400,0.0,0.0
2022-07-22 00:00:00-04:00,148.78984437851528,150.96545908947948,146.62399526668068,147.2288818359375,2259700,0.0,0.0
2022-07-25 00:00:00-04:00,149.0825159186694,149.65812052465606,146.53618083747634,149.2581329345703,1543200,0.0,0.0
2022-07-26 00:00:00-04:00,148.38007275349693,149.07276030952153,146.88739515700024,147.35568237304688,2032500,0.0,0.0
2022-07-27 00:00:00-04:00,151.2971423475221,155.35567122810625,151.0629912975177,153.75567626953125,2660100,0.0,0.0
2022-07-28 00:00:00-04:00,154.27273622889527,155.71663038841126,151.08249724188846,154.23370361328125,1708600,0.0,0.0
2022-07-29 00:00:00-04:00,153.67763067629986,155.93128063848937,152.80934097470774,154.9459228515625,1937000,0.0,0.0
2022-08-01 00:00:00-04:00,154.14591731547833,156.11664776838768,152.57518933471175,155.67762756347656,2051000,0.0,0.0
2022-08-02 00:00:00-04:00,158.24347716432075,158.26299347561496,151.78496257822707,154.3800811767578,3114000,0.0,0.0
2022-08-03 00:00:00-04:00,155.4142293325615,157.14105823808563,154.74105798532744,155.4532470703125,1791100,0.0,0.0
2022-08-04 00:00:00-04:00,155.5410252282364,155.8824936512305,153.34590936020004,155.1117706298828,1337600,0.0,0.0
2022-08-05 00:00:00-04:00,153.88250728896867,155.30690023814938,152.12641149086343,153.18006896972656,2146100,0.0,0.0
2022-08-08 00:00:00-04:00,153.72641031636408,157.2483374826711,153.550793305996,154.40933227539062,1444800,0.0,0.0
2022-08-09 00:00:00-04:00,154.21420264583517,155.6776131174643,152.848343940366,154.9166259765625,1499500,0.0,0.0
2022-08-10 00:00:00-04:00,157.87272332253377,158.82881396243255,156.38003099784257,157.30686950683594,1480500,0.0,0.0
2022-08-11 00:00:00-04:00,159.55078688039475,160.33127557829602,156.78006614509977,157.1995849609375,1324400,0.0,0.0
2022-08-12 00:00:00-04:00,158.04832702967832,160.3507600435986,156.96540271197472,160.06784057617188,1610200,0.0,0.0
2022-08-15 00:00:00-04:00,158.16541333162112,160.38979625898557,157.75566014885214,159.19955444335938,1304900,0.0,0.0
2022-08-16 00:00:00-04:00,158.81907997679863,162.49712306761955,158.51664414485916,162.1849365234375,1869600,0.0,0.0
2022-08-17 00:00:00-04:00,160.27902417195358,160.992500596982,158.21677142787723,159.8685302734375,1452000,0.3,0.0
2022-08-18 00:00:00-04:00,159.96628691701858,161.74510904125742,159.34077016296118,161.3150634765625,1093200,0.0,0.0
2022-08-19 00:00:00-04:00,159.73170183624651,160.53315304646281,157.24918657938352,157.7281036376953,1401900,0.0,0.0
2022-08-22 00:00:00-04:00,154.67867696048486,156.10564470149944,153.90656069264682,154.34637451171875,1417900,0.0,0.0
2022-08-23 00:00:00-04:00,154.7764319885936,156.92664464786571,154.76666364998795,155.0500946044922,1423800,0.0,0.0
2022-08-24 00:00:00-04:00,154.22912331389875,156.8973415621008,154.22912331389875,156.3109130859375,1892300,0.0,0.0
2022-08-25 00:00:00-04:00,157.62060882793213,159.54603068923745,157.01462873025721,158.98892211914062,1274100,0.0,0.0
2022-08-26 00:00:00-04:00,159.37988802715745,160.15200451597147,152.71421098749656,153.14425659179688,1747700,0.0,0.0
2022-08-29 00:00:00-04:00,151.47293767600615,153.24197661615807,150.96471554649597,152.19619750976562,1555500,0.0,0.0
2022-08-30 00:00:00-04:00,153.1735123167507,153.73060576988047,149.5376927126195,149.8699951171875,1987500,0.0,0.0
2022-08-31 00:00:00-04:00,150.7594400479182,152.3818790921782,149.870029075204,150.260986328125,2241900,0.0,0.0
2022-09-01 00:00:00-04:00,148.98062450187993,150.68125506977387,146.50787756072936,150.4662322998047,2297000,0.0,0.0
2022-09-02 00:00:00-04:00,151.49246306028414,154.12159270858615,149.95798385661584,150.73988342285156,1855000,0.0,0.0
2022-09-06 00:00:00-04:00,151.69771063335094,152.71416958416617,147.09428814346887,148.92196655273438,1680800,0.0,0.0
2022-09-07 00:00:00-04:00,149.244519712522,154.3659481260623,148.85357735389846,154.0336456298828,2240900,0.0,0.0
2022-09-08 00:00:00-04:00,152.8412584819563,155.84177924010254,152.00071895339005,155.79290771484375,1690800,0.0,0.0
2022-09-09 00:00:00-04:00,156.76049154545646,159.0866386664119,156.57478871970034,158.6859130859375,1392400,0.0,0.0
2022-09-12 00:00:00-04:00,160.23991220422218,161.26615435097227,159.11594194232444,160.07376098632812,1602100,0.0,0.0
2022-09-13 00:00:00-04:00,155.39219423376994,158.08973236618309,153.48630917707527,154.30731201171875,2261000,0.0,0.0
2022-09-14 00:00:00-04:00,154.42458995171054,158.9986782424354,153.10513337596555,158.86184692382812,1790000,0.0,0.0
2022-09-15 00:00:00-04:00,159.74148210847562,162.7811058201427,158.07017151860632,158.83251953125,1862700,0.0,0.0
2022-09-16 00:00:00-04:00,156.6920871672472,156.6920871672472,149.81138867558477,151.41427612304688,3370000,0.0,0.0
2022-09-19 00:00:00-04:00,149.4888633860515,154.63961176427088,149.20543241123264,153.799072265625,1972600,0.0,0.0
2022-09-20 00:00:00-04:00,153.1735545007364,154.82531355541232,151.33609260604436,153.4569854736328,2102900,0.0,0.0
2022-09-21 00:00:00-04:00,152.77284579449997,152.95854865506496,144.7974955250031,144.81704711914062,3281200,0.0,0.0
2022-09-22 00:00:00-04:00,143.70281070300396,144.12308785280592,136.49959352283494,136.9394073486328,3542500,0.0,0.0
2022-09-23 00:00:00-04:00,135.02376361711327,135.1899297690665,132.82467942195836,134.36892700195312,2414600,0.0,0.0
2022-09-26 00:00:00-04:00,134.662147229167,137.03716602109867,132.94197999515714,133.137451171875,1946900,0.0,0.0
2022-09-27 00:00:00-04:00,136.24548675003714,137.916797419173,133.79229135335925,135.54177856445312,2251200,0.0,0.0
2022-09-28 00:00:00-04:00,135.91318091621523,141.28872031045555,135.37562399409222,140.5654754638672,2085100,0.0,0.0
2022-09-29 00:00:00-04:00,138.767088916739,139.09940629164382,135.83497679335858,137.33035278320312,1871000,0.0,0.0
2022-09-30 00:00:00-04:00,136.73417562769382,140.72185047592527,135.14107128712143,136.96875,2100800,0.0,0.0
2022-10-03 00:00:00-04:00,138.87460171285193,139.4317101804744,135.57109882786622,137.61380004882812,2107000,0.0,0.0
2022-10-04 00:00:00-04:00,141.12256171363018,145.35457884228288,140.1549593042081,144.2208251953125,2128600,0.0,0.0
2022-10-05 00:00:00-04:00,142.01199438229045,144.85614727311122,141.5428605272931,143.8494415283203,1489000,0.0,0.0
2022-10-06 00:00:00-04:00,143.44871255806092,144.91476871785804,140.35044899664234,140.809814453125,1653300,0.0,0.0
2022-10-07 00:00:00-04:00,138.71823593484427,138.9528103049173,136.1575291105694,138.2979736328125,2409100,0.0,0.0
2022-10-10 00:00:00-04:00,138.90393839852084,140.16475512814173,136.31391164929244,137.3206024169922,1509100,0.0,0.0
2022-10-11 00:00:00-04:00,137.65288970785048,138.35659782486283,134.1441323747015,135.64927673339844,1873800,0.0,0.0
2022-10-12 00:00:00-04:00,135.36585682615456,140.0083681613476,134.18323158725178,138.6595916748047,1855500,0.0,0.0
2022-10-13 00:00:00-04:00,135.6199692744055,140.84890911369703,134.1539130480802,139.9790496826172,2398500,0.0,0.0
2022-10-14 00:00:00-04:00,142.7059035799811,144.4944939140589,139.29488906988553,140.2820281982422,2076000,0.0,0.0
2022-10-17 00:00:00-04:00,143.66373301295258,145.0711343764093,142.53974769373755,144.5042724609375,2060000,0.0,0.0
2022-10-18 00:00:00-04:00,148.0521441108753,150.39784328796716,145.2177743829066,146.5958709716797,1870900,0.0,0.0
2022-10-19 00:00:00-04:00,145.27641425247197,148.2378469734968,145.27641425247197,146.5958709716797,1173800,0.0,0.0
2022-10-20 00:00:00-04:00,147.1627158437707,149.7038707568804,143.83964646179,144.18173217773438,1408200,0.0,0.0
2022-10-21 00:00:00-04:00,143.39008918645393,150.52488472044442,143.18483473854226,150.01666259765625,2339400,0.0,0.0
2022-10-24 00:00:00-04:00,150.7789907639345,152.92920344529182,148.9610805605109,151.47291564941406,1967900,0.0,0.0
2022-10-25 00:00:00-04:00,150.86695599331938,152.57735487868064,149.64524250377562,151.91273498535156,1697100,0.0,0.0
2022-10-26 00:00:00-04:00,153.1246588583027,155.22601471641957,150.66168062984866,151.5315399169922,2464400,0.0,0.0
2022-10-27 00:00:00-04:00,153.24194598103165,154.88393651729822,152.46982968749998,152.71417236328125,1624700,0.0,0.0
2022-10-28 00:00:00-04:00,152.71419185474053,156.3891007986747,151.77590929804705,156.03724670410156,1796900,0.0,0.0
2022-10-31 00:00:00-04:00,155.1576219752484,158.8618509237745,154.56142516198477,156.48684692382812,2493000,0.0,0.0
2022-11-01 00:00:00-04:00,158.7445508963355,159.31142770478158,155.61696756826552,156.44773864746094,1573600,0.0,0.0
2022-11-02 00:00:00-04:00,155.36287443622885,155.6560737558244,148.85358109829107,149.52796936035156,2596000,0.0,0.0
2022-11-03 00:00:00-04:00,146.40037844957192,147.3973009290543,140.6632161211659,143.165283203125,2929800,0.0,0.0
2022-11-04 00:00:00-04:00,146.05832151630213,147.85668053877217,144.00583649460427,145.5891876220703,3342900,0.0,0.0
2022-11-07 00:00:00-05:00,146.15600905417543,146.6446944079808,141.71875260355972,144.99295043945312,2039600,0.0,0.0
2022-11-08 00:00:00-05:00,145.6966814024937,149.26407907961672,145.09070132751842,147.0943145751953,1760100,0.0,0.0
2022-11-09 00:00:00-05:00,144.92453190656525,149.6941058825943,144.72906074157098,146.1853485107422,2136400,0.0,0.0
2022-11-10 00:00:00-05:00,152.28412147700192,154.97189081545062,152.27435313917408,154.40501403808594,2421900,0.0,0.0
2022-11-11 00:00:00-05:00,156.37930118882161,161.15864298486528,156.21314997092756,160.07376098632812,2634300,0.0,0.0
2022-11-14 00:00:00-05:00,158.3340747997266,160.67975883136143,155.65607335092227,155.9199676513672,2082600,0.0,0.0
2022-11-15 00:00:00-05:00,157.64990274933183,159.50690118292127,155.90040077978225,158.10926818847656,2003500,0.0,0.0
2022-11-16 00:00:00-05:00,158.09946794233198,158.8618158416285,156.7604749498354,157.94309997558594,2063500,0.0,0.0
2022-11-17 00:00:00-05:00,154.7177986776544,156.43796589517106,153.93589906478513,156.35000610351562,1647100,0.0,0.0
2022-11-18 00:00:00-05:00,158.4904425116725,159.42871006894137,156.81913198713985,158.05062866210938,1864900,0.0,0.0
2022-11-21 00:00:00-05:00,157.68899152118163,159.07685618155986,156.3206784513704,156.89732360839844,1322100,0.0,0.0
2022-11-22 00:00:00-05:00,157.6517940304884,159.96415167031736,156.33884912883317,159.65061950683594,1508800,0.4,0.0
2022-11-23 00:00:00-05:00,159.5820005502897,160.19928699082365,157.8379361142781,158.22006225585938,1455700,0.0,0.0
2022-11-25 00:00:00-05:00,158.3082595384996,160.53242240063773,157.99471246763153,159.24887084960938,918700,0.0,0.0
2022-11-28 00:00:00-05:00,158.47484403370726,158.5238226872578,155.47660588911674,155.682373046875,1856400,0.0,0.0
2022-11-29 00:00:00-05:00,155.79014631916948,158.87654889802351,155.79014631916948,158.0045166015625,1824400,0.0,0.0
2022-11-30 00:00:00-05:00,157.3578546636879,162.0315483712521,156.29965563063135,162.011962890625,2662800,0.0,0.0
2022-12-01 00:00:00-05:00,162.28628329135856,163.80498008935626,160.93413780591936,161.85516357421875,1874400,0.0,0.0
2022-12-02 00:00:00-05:00,159.70940478655936,162.41368135036882,159.21949863690736,162.28631591796875,1419300,0.0,0.0
2022-12-05 00:00:00-05:00,160.9929617473701,161.443681998052,158.4356509649078,158.76878356933594,2180100,0.0,0.0
2022-12-06 00:00:00-05:00,158.67077851648406,159.46442394862504,155.67255579473073,157.23045349121094,1898200,0.0,0.0
2022-12-07 00:00:00-05:00,156.46620933925382,157.07368810631544,153.9284993824831,154.1048583984375,2199600,0.0,0.0
2022-12-08 00:00:00-05:00,155.45703178474238,158.38666115681272,154.82995247576494,157.41665649414062,1849600,0.0,0.0
2022-12-09 00:00:00-05:00,157.14230277145444,159.23910051294712,156.83856334803602,157.90655517578125,1264100,0.0,0.0
2022-12-12 00:00:00-05:00,157.75956327849482,159.91516216570471,156.24086626807187,159.87596130371094,1554500,0.0,0.0
2022-12-13 00:00:00-05:00,165.25514920709628,165.6372754132367,158.9549482254871,159.8269805908203,2177700,0.0,0.0
2022-12-14 00:00:00-05:00,157.99473268676215,160.07192996947396,154.25184254070686,156.11349487304688,2464700,0.0,0.0
2022-12-15 00:00:00-05:00,153.09566750450418,153.879520312277,150.11704477586602,152.2726287841797,2517700,0.0,0.0
2022-12-16 00:00:00-05:00,150.95967917538366,151.67493792523754,149.36258043801635,150.68531799316406,4943500,0.0,0.0
2022-12-19 00:00:00-05:00,150.95968355534592,151.26342296680556,147.48134700807665,148.31417846679688,2019600,0.0,0.0
2022-12-20 00:00:00-05:00,147.85366411294137,149.1764166447708,147.08941174589506,147.37356567382812,1675400,0.0,0.0
2022-12-21 00:00:00-05:00,148.29457258452825,149.01962399581336,144.76724291889607,145.74705505371094,2284300,0.0,0.0
2022-12-22 00:00:00-05:00,144.25776332196006,145.5315223248833,142.43531181334666,144.2479705810547,1837200,0.0,0.0
2022-12-23 00:00:00-05:00,143.36613507639433,145.89403751556745,143.36613507639433,145.58050537109375,1067600,0.0,0.0
2022-12-27 00:00:00-05:00,146.01163603417615,146.36436906721667,144.95343693505467,145.35516357421875,1350000,0.0,0.0
2022-12-28 00:00:00-05:00,145.53151787501523,146.35455660838466,142.64107461686723,142.66067504882812,1321600,0.0,0.0
2022-12-29 00:00:00-05:00,143.95404306058268,145.79609524699293,143.30736325674698,144.98284912109375,1431900,0.0,0.0
2022-12-30 00:00:00-05:00,144.04219499271815,146.0410203759868,143.46410934736784,145.88424682617188,1541900,0.0,0.0
2023-01-03 00:00:00-05:00,146.82486936379092,147.68709396389858,144.13038571811458,144.7672576904297,1686200,0.0,0.0
2023-01-04 00:00:00-05:00,146.22720737794796,148.18683217017093,146.09003424052239,146.83468627929688,1731300,0.0,0.0
2023-01-05 00:00:00-05:00,146.00181610794277,147.06001511839006,144.97302521930493,145.87445068359375,1542300,0.0,0.0
2023-01-06 00:00:00-05:00,147.50093682228908,150.80291443439495,147.00123793237654,150.2836151123047,1589000,0.0,0.0
2023-01-09 00:00:00-05:00,148.69628509433798,152.2432152102746,148.58850516082822,149.45074462890625,1864500,0.0,0.0
2023-01-10 00:00:00-05:00,149.36254259189408,150.68527981188095,148.441516926436,150.06800842285156,1275200,0.0,0.0
2023-01-11 00:00:00-05:00,151.0478552350445,155.3786234479549,150.82248766018697,155.27084350585938,1712500,0.0,0.0
2023-01-12 00:00:00-05:00,155.1728563916859,157.34804071466723,154.4967835682258,156.76016235351562,1627000,0.0,0.0
2023-01-13 00:00:00-05:00,156.36824668388076,158.83737795001792,155.96652003904597,158.5140380859375,1532600,0.0,0.0
2023-01-17 00:00:00-05:00,158.02411394158915,159.288080080176,157.20107526342676,157.73997497558594,2570500,0.0,0.0
2023-01-18 00:00:00-05:00,159.02353205533183,160.44425683563506,156.47601421077195,156.56419372558594,2188000,0.0,0.0
2023-01-19 00:00:00-05:00,155.2414495010799,158.67079224837454,155.05528278839282,157.77915954589844,2184900,0.0,0.0
2023-01-20 00:00:00-05:00,157.42643248359838,163.77561168021958,156.92673361814502,163.54046630859375,2330300,0.0,0.0
2023-01-23 00:00:00-05:00,162.6488273112637,166.37211670974338,161.7376091297945,165.6078643798828,2585400,0.0,0.0
2023-01-24 00:00:00-05:00,165.16696775303987,166.2741454933444,164.20674092772356,166.20556640625,1644900,0.0,0.0
2023-01-25 00:00:00-05:00,164.23612151103768,169.4487297606033,164.23612151103768,168.85104370117188,1881500,0.0,0.0
2023-01-26 00:00:00-05:00,169.96804129124163,171.14381306395694,169.10580168090078,171.05563354492188,1620100,0.0,0.0
2023-01-27 00:00:00-05:00,170.97721995772213,173.0054382820032,170.50691431252895,170.81065368652344,1637000,0.0,0.0
2023-01-30 00:00:00-05:00,168.8804364824599,170.01702225691204,167.57728442307487,167.7438507080078,2041900,0.0,0.0
2023-01-31 00:00:00-05:00,167.98879792285487,170.70288189051084,167.3617187157852,170.66368103027344,1329100,0.0,0.0
2023-02-01 00:00:00-05:00,169.52712806371727,173.13283014564703,167.5576957753569,171.81988525390625,1456300,0.0,0.0
2023-02-02 00:00:00-05:00,173.03482184801877,173.99503351430343,171.48671694480691,172.61349487304688,1145500,0.0,0.0
2023-02-03 00:00:00-05:00,170.47752557306907,172.16280370877007,169.4095189406122,170.90863037109375,1504500,0.0,0.0
2023-02-06 00:00:00-05:00,169.23316646311875,170.42853855789215,168.25335425105843,168.84124755859375,1485900,0.0,0.0
2023-02-07 00:00:00-05:00,168.5277209890987,172.96626965397252,167.39113509657366,171.87867736816406,1808800,0.0,0.0
2023-02-08 00:00:00-05:00,170.2129923616408,171.48675132988902,169.50752631617254,170.49713134765625,1520200,0.0,0.0
2023-02-09 00:00:00-05:00,172.01583555447468,174.00485321824385,170.73228390404464,171.36915588378906,1525300,0.0,0.0
2023-02-10 00:00:00-05:00,169.64470288443235,170.56572884865295,166.62687917324652,167.91043090820312,1544700,0.0,0.0
2023-02-13 00:00:00-05:00,168.55711154291595,171.49654849122106,168.26316485793555,170.84986877441406,1995400,0.0,0.0
2023-02-14 00:00:00-05:00,172.17258958646755,177.884896128543,168.06717434802547,177.6105499267578,3366200,0.0,0.0
2023-02-15 00:00:00-05:00,177.26762999684883,177.6007625727689,175.56275130418678,176.9442901611328,2563000,0.0,0.0
2023-02-16 00:00:00-05:00,173.8186940617903,176.03307940307195,171.89827034806265,172.24119567871094,2277900,0.0,0.0
2023-02-17 00:00:00-05:00,171.10462066422335,171.16340700801834,167.65567730434628,169.03721618652344,1890000,0.0,0.0
2023-02-21 00:00:00-05:00,167.31273125502526,168.81184277303817,166.42111348700158,167.23434448242188,1817800,0.0,0.0
2023-02-22 00:00:00-05:00,166.60727943591058,168.32195098686873,165.78424067963056,167.14617919921875,1250500,0.0,0.0
2023-02-23 00:00:00-05:00,168.46221260964953,169.7782433306684,166.81226633002376,168.86488342285156,1382700,0.4,0.0
2023-02-24 00:00:00-05:00,166.43907169648253,167.62742275031658,165.97747633266258,167.28369140625,1642400,0.0,0.0
2023-02-27 00:00:00-05:00,168.68806404575096,169.0023480334625,166.2327765888246,166.57652282714844,1543000,0.0,0.0
2023-02-28 00:00:00-05:00,166.52743432323058,167.98096047836782,165.8399567489013,166.21316528320312,2709700,0.0,0.0
2023-03-01 00:00:00-05:00,166.38994517596137,167.73543812191718,165.3587212820598,166.4095916748047,1799600,0.0,0.0
2023-03-02 00:00:00-05:00,166.3605019647375,168.50152100711898,164.8578668277967,167.84349060058594,1254300,0.0,0.0
2023-03-03 00:00:00-05:00,168.77647361789798,170.47552842091144,168.0202408500132,169.9746551513672,1406500,0.0,0.0
2023-03-06 00:00:00-05:00,170.19073400295392,173.82457218018078,170.19073400295392,171.98800659179688,2136100,0.0,0.0
2023-03-07 00:00:00-05:00,172.4397593227343,173.61829436536405,169.93536299096718,170.46571350097656,1436000,0.0,0.0
2023-03-08 00:00:00-05:00,170.53447850964264,171.81123123523426,169.33629679641385,170.3380584716797,1184500,0.0,0.0
2023-03-09 00:00:00-05:00,170.35769395699646,170.59339199295795,164.44535678546953,164.73016357421875,1871000,0.0,0.0
2023-03-10 00:00:00-05:00,163.95431890359177,165.80070033158495,161.06689772947956,161.58741760253906,1710700,0.0,0.0
2023-03-13 00:00:00-04:00,159.63299944472084,159.80978797496718,156.09739368457056,157.68841552734375,2394700,0.0,0.0
2023-03-14 00:00:00-04:00,160.10440372814585,161.95076987880742,158.39551810266687,159.78030395507812,1901300,0.0,0.0
2023-03-15 00:00:00-04:00,156.09736652942053,156.38217329663593,152.74835065340037,155.49827575683594,2757700,0.0,0.0
2023-03-16 00:00:00-04:00,154.7420863772892,158.84733617985088,154.19210419954285,158.2482452392578,1887000,0.0,0.0
2023-03-17 00:00:00-04:00,157.00090642963434,157.511610431961,154.6241898987208,155.93040466308594,2480100,0.0,0.0
2023-03-20 00:00:00-04:00,156.80449986141954,160.46778497432598,156.35272032336132,160.12403869628906,2342700,0.0,0.0
2023-03-21 00:00:00-04:00,162.0195186805812,165.3194258008298,161.9900564283734,164.75961303710938,2327800,0.0,0.0
2023-03-22 00:00:00-04:00,164.30784723543493,164.56319174787967,160.20259862438857,160.29100036621094,2397600,0.0,0.0
2023-03-23 00:00:00-04:00,160.8802615388752,162.8837846030348,155.6652330990403,157.11875915527344,2423200,0.0,0.0
2023-03-24 00:00:00-04:00,155.12507282407418,155.43935684074268,150.81358825190284,153.7599334716797,2509800,0.0,0.0
2023-03-27 00:00:00-04:00,155.32148432097281,155.99914608208843,153.25905177180132,153.77957153320312,1637500,0.0,0.0
2023-03-28 00:00:00-04:00,153.1019405502794,156.225074732422,153.01355377737914,156.1366729736328,1825900,0.0,0.0
2023-03-29 00:00:00-04:00,157.3544879189345,159.7704827557187,157.28573266635001,159.23033142089844,1752200,0.0,0.0
2023-03-30 00:00:00-04:00,160.98829442613058,161.55792294363027,159.5053061210807,159.76065063476562,1175800,0.0,0.0
2023-03-31 00:00:00-04:00,161.35170242281737,163.69895719223987,161.35170242281737,163.07040405273438,1514200,0.0,0.0
2023-04-03 00:00:00-04:00,162.47129939179564,163.07039022285096,160.3990508459236,161.51866149902344,1533000,0.0,0.0
2023-04-04 00:00:00-04:00,162.1963118737438,162.43202490589235,160.58564361878223,161.44009399414062,1200700,0.0,0.0
2023-04-05 00:00:00-04:00,160.69365795223237,160.9588332089203,159.18120738533608,159.65261840820312,1380100,0.0,0.0
2023-04-06 00:00:00-04:00,160.08477185981755,160.66421621042704,158.50356584507952,160.13388061523438,1092400,0.0,0.0
2023-04-10 00:00:00-04:00,159.32852746671352,162.41236826172465,159.32852746671352,159.87850952148438,1256500,0.0,0.0
2023-04-11 00:00:00-04:00,160.52670311844238,161.78380919291496,160.074938584181,160.9490203857422,1203900,0.0,0.0
2023-04-12 00:00:00-04:00,161.98024816539913,162.3338102268434,158.13035848849918,158.58213806152344,1370600,0.0,0.0
2023-04-13 00:00:00-04:00,160.09456721884607,162.66771881313844,158.82764541148418,162.5400390625,1569700,0.0,0.0
2023-04-14 00:00:00-04:00,162.54003139988174,165.18192312974236,162.54003139988174,165.09353637695312,1736400,0.0,0.0
2023-04-17 00:00:00-04:00,165.71225828820337,167.04793527582453,165.2310315334267,166.71401977539062,1221100,0.0,0.0
2023-04-18 00:00:00-04:00,168.52112226581275,170.81926794665245,168.07917347886462,170.55410766601562,1867700,0.0,0.0
2023-04-19 00:00:00-04:00,169.2969956457445,171.26122572870378,169.2969956457445,170.60321044921875,1430300,0.0,0.0
2023-04-20 00:00:00-04:00,169.80770883593934,171.41837713367954,169.67021331000623,170.65232849121094,2001700,0.0,0.0
2023-04-21 00:00:00-04:00,170.7898221213956,171.81123029060845,170.01395773064675,171.29071044921875,1321100,0.0,0.0
2023-04-24 00:00:00-04:00,171.65407648467104,171.97817626693202,170.3675080976239,171.21212768554688,1146800,0.0,0.0
2023-04-25 00:00:00-04:00,170.69162329502157,171.58535171597913,169.31665303526646,169.7684326171875,2226300,0.0,0.0
2023-04-26 00:00:00-04:00,169.85678660507412,171.015690100138,161.74452208316964,162.1668243408203,3087400,0.0,0.0
2023-04-27 00:00:00-04:00,163.03109761334971,163.31590438286017,159.86868596679818,162.4320068359375,2105900,0.0,0.0
2023-04-28 00:00:00-04:00,162.1962912171996,166.87116835116998,161.41061118187426,166.3113555908203,1645900,0.0,0.0
2023-05-01 00:00:00-04:00,165.9381725418661,170.19071770274178,165.76138403264085,167.09706115722656,1928700,0.0,0.0
2023-05-02 00:00:00-04:00,170.64249328407396,175.74948864705308,170.5246442712464,175.4155731201172,3821300,0.0,0.0
2023-05-03 00:00:00-04:00,176.40751098896192,179.9922401264314,174.45311151406267,175.25843811035156,2378500,0.0,0.0
2023-05-04 00:00:00-04:00,175.25843738819,176.73161004483362,172.75404087471844,173.32366943359375,2090000,0.0,0.0
2023-05-05 00:00:00-04:00,175.91646049584924,176.02449376155343,171.3005222979103,173.41207885742188,1638300,0.0,0.0
2023-05-08 00:00:00-04:00,174.18793544599143,175.22897505849613,172.54780502060737,174.7673797607422,1244900,0.0,0.0
2023-05-09 00:00:00-04:00,175.34680883590678,176.53517460226257,174.4334490617879,175.7887725830078,1400100,0.0,0.0
2023-05-10 00:00:00-04:00,176.78073008651194,177.2717876700856,169.85681516094593,172.4888916015625,2198600,0.0,0.0
2023-05-11 00:00:00-04:00,172.0567555620671,172.13532657239003,169.92556748442993,171.36927795410156,1448000,0.0,0.0
2023-05-12 00:00:00-04:00,171.3692608431655,172.21388038744303,169.71929976290613,170.98623657226562,1053100,0.0,0.0
2023-05-15 00:00:00-04:00,171.50677068340474,172.42013056499837,169.72914468821807,172.3612060546875,975800,0.0,0.0
2023-05-16 00:00:00-04:00,171.85051656768593,173.1763781057096,170.7898303344448,171.44786071777344,1119000,0.0,0.0
2023-05-17 00:00:00-04:00,173.39240082743257,175.48429552164376,171.85047313240366,173.9423828125,1073800,0.0,0.0
2023-05-18 00:00:00-04:00,173.0977840914981,178.16550153725782,173.0977840914981,177.80210876464844,1344300,0.0,0.0
2023-05-19 00:00:00-04:00,178.0574497278127,178.20476098116728,174.33522554360928,175.23876953125,1227300,0.0,0.0
2023-05-22 00:00:00-04:00,175.21916262398483,175.36647389802346,171.1040978624477,171.5558624267578,1715400,0.0,0.0
2023-05-23 00:00:00-04:00,170.32820899630164,170.32820899630164,165.5944221626955,166.50778198242188,2605800,0.0,0.0
2023-05-24 00:00:00-04:00,165.73190221460578,166.3211771946118,164.20962100449458,165.2408447265625,1619000,0.0,0.0
2023-05-25 00:00:00-04:00,165.4477528671792,169.5361603615485,164.63006836183595,169.112548828125,1619000,0.52,0.0
2023-05-26 00:00:00-04:00,168.92535457957652,171.5064684829817,168.92535457957652,169.21104431152344,1390000,0.0,0.0
2023-05-30 00:00:00-04:00,169.87110346533765,170.47205156715535,166.24572248098224,166.58067321777344,1037500,0.0,0.0
2023-05-31 00:00:00-04:00,166.95504897826837,167.3195533298752,162.67945863225546,165.2999725341797,2088700,0.0,0.0
2023-06-01 00:00:00-04:00,165.29995884887083,169.59525624627366,164.35421384398802,168.60025024414062,1791600,0.0,0.0
2023-06-02 00:00:00-04:00,169.2701845625708,174.7673636842186,169.2701845625708,174.5900421142578,1652900,0.0,0.0
2023-06-05 00:00:00-04:00,174.10730834211893,174.9447002865268,173.12214842274372,174.5900421142578,1712900,0.0,0.0
2023-06-06 00:00:00-04:00,174.777225082557,178.76712576656956,174.62944207509142,178.21542358398438,1622100,0.0,0.0
2023-06-07 00:00:00-04:00,178.21539499062115,180.0675001541318,173.88069804935427,174.61956787109375,1791300,0.0,0.0
2023-06-08 00:00:00-04:00,173.30932248429306,176.1564339066055,172.787188955908,175.83132934570312,1181800,0.0,0.0
2023-06-09 00:00:00-04:00,176.0579034354578,177.32875288355834,175.38798699663406,176.3534393310547,1377700,0.0,0.0
2023-06-12 00:00:00-04:00,177.1810163388904,178.294236818414,174.99396012977712,178.2548370361328,1324600,0.0,0.0
2023-06-13 00:00:00-04:00,179.29909042781637,180.6093548155935,177.90016526242593,178.7178497314453,1179200,0.0,0.0
2023-06-14 00:00:00-04:00,179.29910008801593,180.22515279034934,176.9642759576604,178.76712036132812,1603600,0.0,0.0
2023-06-15 00:00:00-04:00,175.90030367406308,176.18599343167912,171.19124054066037,174.05804443359375,3526600,0.0,0.0
2023-06-16 00:00:00-04:00,174.63931229184638,175.6343184510456,173.02365054048178,173.74281311035156,4719200,0.0,0.0
2023-06-20 00:00:00-04:00,173.210810549228,173.82160484061134,170.67894254102967,171.21092224121094,1529400,0.0,0.0
2023-06-21 00:00:00-04:00,170.9153724465249,174.48164597306,170.20605621560648,173.50633239746094,1867700,0.0,0.0
2023-06-22 00:00:00-04:00,173.6442664412791,174.04818557984717,171.73306899586,173.08273315429688,1163200,0.0,0.0
2023-06-23 00:00:00-04:00,170.75776025346397,170.81686743985938,168.4623359769145,168.90565490722656,2098000,0.0,0.0
2023-06-26 00:00:00-04:00,168.01899203225773,170.62965925836042,167.50670477252172,168.96473693847656,1525800,0.0,0.0
2023-06-27 00:00:00-04:00,170.55085848377172,174.9052629631621,170.2356151669608,174.67868041992188,1442100,0.0,0.0
2023-06-28 00:00:00-04:00,174.85603841257623,175.3584645566835,173.99893906606144,175.0235137939453,1235300,0.0,0.0
2023-06-29 00:00:00-04:00,175.25008052104997,178.7178473111999,174.47181087418457,178.57992553710938,1716100,0.0,0.0
2023-06-30 00:00:00-04:00,179.60449433805454,182.14620861847357,179.4764187440021,180.96401977539062,1696000,0.0,0.0
2023-07-03 00:00:00-04:00,180.68817890485744,182.22502592699487,179.72271139005053,181.49600219726562,1154100,0.0,0.0
2023-07-05 00:00:00-04:00,180.79654547414583,181.01328185043843,178.3829067734472,179.4173126220703,1572900,0.0,0.0
2023-07-06 00:00:00-04:00,177.3977498098712,179.7030203603284,175.5949053950735,179.3385009765625,1357700,0.0,0.0
2023-07-07 00:00:00-04:00,178.65874851976878,184.34311014899868,178.63904111330265,182.90478515625,1904400,0.0,0.0
2023-07-10 00:00:00-04:00,183.19047683664976,188.15569105422256,183.15107705564856,188.10643005371094,1912100,0.0,0.0
2023-07-11 00:00:00-04:00,188.16554047396707,190.3723040566156,187.7616213081183,188.4216766357422,1941700,0.0,0.0
2023-07-12 00:00:00-04:00,190.43140036097532,190.43140036097532,186.91437251143162,187.19021606445312,1944900,0.0,0.0
2023-07-13 00:00:00-04:00,188.106417530789,189.54474244295395,187.7320519906398,188.63839721679688,1347000,0.0,0.0
2023-07-14 00:00:00-04:00,188.16552994502115,188.16552994502115,184.8159924929697,186.5794219970703,1817300,0.0,0.0
2023-07-17 00:00:00-04:00,185.12138764116153,190.027479395525,185.12138764116153,188.4512176513672,1422200,0.0,0.0
2023-07-18 00:00:00-04:00,188.56944689834773,191.4855115805951,188.37241793857632,190.7860565185547,1422600,0.0,0.0
2023-07-19 00:00:00-04:00,190.3624400914713,190.66783725019977,187.17053168943505,187.38726806640625,1951900,0.0,0.0
2023-07-20 00:00:00-04:00,187.78131298787193,190.62842425267752,187.44636225844675,188.63839721679688,1547700,0.0,0.0
2023-07-21 00:00:00-04:00,190.39198313510332,192.99280448229035,190.2639225793325,192.0076446533203,6637600,0.0,0.0
2023-07-24 00:00:00-04:00,190.88458274047525,191.57420671776993,188.9832312899534,191.38702392578125,1793700,0.0,0.0
2023-07-25 00:00:00-04:00,190.70725556726072,193.04207972384427,189.68268085141972,191.93870544433594,2261300,0.0,0.0
2023-07-26 00:00:00-04:00,191.52492749221466,193.3277717975547,189.17039608340698,190.85501098632812,3471200,0.0,0.0
2023-07-27 00:00:00-04:00,191.43626043331807,194.13558867705052,191.1012946751925,192.84503173828125,2481900,0.0,0.0
2023-07-28 00:00:00-04:00,194.88433652558786,197.01227046198758,194.3424955799792,196.64776611328125,1503300,0.0,0.0
2023-07-31 00:00:00-04:00,196.88421945301312,200.391386424103,196.6379294687248,198.81512451171875,2731900,0.0,0.0
2023-08-01 00:00:00-04:00,196.58866257174526,202.88383378013373,195.81037782661218,201.70164489746094,2935100,0.0,0.0
2023-08-02 00:00:00-04:00,200.97260188415422,203.46505500885533,199.45546238612363,200.4898681640625,2882100,0.0,0.0
2023-08-03 00:00:00-04:00,198.77569947118207,199.78055165610726,194.39174131436403,197.86935424804688,3288400,0.0,0.0
2023-08-04 00:00:00-04:00,199.02198269174306,202.62765605701628,196.45071506817516,199.9677276611328,2650000,0.0,0.0
2023-08-07 00:00:00-04:00,201.51443297589404,202.55869992181923,200.5686729870807,201.66220092773438,1540600,0.0,0.0
2023-08-08 00:00:00-04:00,200.06625790571556,204.1251115508482,199.9381823188569,203.39610290527344,2506800,0.0,0.0
2023-08-09 00:00:00-04:00,203.40596921035785,205.8984225971034,201.928229335259,203.0611572265625,2040000,0.0,0.0
2023-08-10 00:00:00-04:00,205.29747009277344,207.84903061523536,204.51920038929265,205.29747009277344,3442600,0.0,0.0
2023-08-11 00:00:00-04:00,203.9280787851454,206.21365673874635,203.56357446916505,205.41566467285156,1702000,0.0,0.0
2023-08-14 00:00:00-04:00,204.32216445320353,205.8984263617348,202.47007399787904,203.77047729492188,2476900,0.0,0.0
2023-08-15 00:00:00-04:00,203.28772880977644,204.8935290465111,202.1153862537495,202.9429168701172,2042500,0.0,0.0
2023-08-16 00:00:00-04:00,201.72809560435573,205.90586296068872,201.61945318750608,203.93055725097656,1770200,0.52,0.0
2023-08-17 00:00:00-04:00,205.14541083729267,205.14541083729267,199.6540475095072,199.8318328857422,2775100,0.0,0.0
2023-08-18 00:00:00-04:00,197.90590943715853,201.55035135350104,197.75775244756443,199.59478759765625,1781400,0.0,0.0
2023-08-21 00:00:00-04:00,199.59477346014583,201.03675334329344,196.13798826657052,197.34292602539062,2210800,0.0,0.0
2023-08-22 00:00:00-04:00,197.53059744500757,201.99479316697355,197.22442743022998,201.43182373046875,3170800,0.0,0.0
2023-08-23 00:00:00-04:00,201.42193089697744,202.6367397205045,200.24662155770727,200.74044799804688,1509200,0.0,0.0
2023-08-24 00:00:00-04:00,200.49353552809467,202.84415421543065,195.98984078660726,196.33551025390625,1903200,0.0,0.0
2023-08-25 00:00:00-04:00,197.16515288334247,198.88365928110295,195.78242978367814,197.3231658935547,1510400,0.0,0.0
2023-08-28 00:00:00-04:00,198.1824516501421,200.5626989616438,196.68121489275495,200.02935791015625,1062100,0.0,0.0
2023-08-29 00:00:00-04:00,199.17996388425811,203.91082984173966,199.02193579912074,203.60464477539062,1189400,0.0,0.0
2023-08-30 00:00:00-04:00,203.5552690953178,203.99970988706383,201.90587548732088,202.8145294189453,1098500,0.0,0.0
2023-08-31 00:00:00-04:00,203.5848990295749,203.96019688726952,200.90835301423,200.9972381591797,1321000,0.0,0.0
2023-09-01 00:00:00-04:00,202.1429223935845,203.87131501269604,201.21452623262832,203.2787322998047,1086000,0.0,0.0
2023-09-05 00:00:00-04:00,203.01207787542947,203.01207787542947,197.8367707119553,198.54788208007812,1989000,0.0,0.0
2023-09-06 00:00:00-04:00,197.6095958825907,200.878724600804,197.04662649055672,199.9207000732422,1487300,0.0,0.0
2023-09-07 00:00:00-04:00,199.5058967773852,199.55528243918,196.34541033756366,197.40219116210938,1847300,0.0,0.0
2023-09-08 00:00:00-04:00,197.9058919597693,203.16019752555417,197.56020741829954,202.9132843017578,1753500,0.0,0.0
2023-09-11 00:00:00-04:00,204.32565376724185,205.6589762508951,200.64169729318724,201.6392364501953,1715800,0.0,0.0
2023-09-12 00:00:00-04:00,201.2935319921782,202.58735485969802,200.67130585237763,201.28366088867188,1399600,0.0,0.0
2023-09-13 00:00:00-04:00,200.5626973744351,201.3133082119942,197.08615467393113,197.75775146484375,1676200,0.0,0.0
2023-09-14 00:00:00-04:00,198.69601161295842,202.65650955493206,197.57008786203457,201.68861389160156,1729300,0.0,0.0
2023-09-15 00:00:00-04:00,201.8960181262191,202.67627241119172,199.723184608371,200.65158081054688,3899800,0.0,0.0
2023-09-18 00:00:00-04:00,200.09850121100698,201.13552479113238,198.09356685286122,198.2021942138672,1700800,0.0,0.0
2023-09-19 00:00:00-04:00,198.0342852826539,198.212070648194,194.48861485016445,196.08860778808594,2356300,0.0,0.0
2023-09-20 00:00:00-04:00,197.15527659280372,200.43429161287835,197.15527659280372,197.39231872558594,1499900,0.0,0.0
2023-09-21 00:00:00-04:00,195.26887030736708,195.6046686916372,192.6812093446575,192.76022338867188,1730800,0.0,0.0
2023-09-22 00:00:00-04:00,192.8096024429778,194.4787382734136,191.6046646862272,191.96022033691406,1374900,0.0,0.0
2023-09-25 00:00:00-04:00,190.83429460179323,193.05651362747054,188.197263166436,190.54786682128906,2141400,0.0,0.0
2023-09-26 00:00:00-04:00,189.62936085199044,192.7799760815746,188.3947947006103,189.39231872558594,2188700,0.0,0.0
2023-09-27 00:00:00-04:00,191.673816751562,193.8565213488545,189.6096106162916,191.4861602783203,2284300,0.0,0.0
2023-09-28 00:00:00-04:00,192.0392290280952,197.8169893528064,191.7034306646871,197.0861358642578,1786700,0.0,0.0
2023-09-29 00:00:00-04:00,196.88861674240863,197.32317137053792,192.87873320543062,194.133056640625,1764500,0.0,0.0
2023-10-02 00:00:00-04:00,193.57997668850805,193.7182474976129,189.38245168378276,191.35775756835938,1640700,0.0,0.0
2023-10-03 00:00:00-04:00,189.59973908369363,190.61702042228512,187.00220698805745,188.03924560546875,1650500,0.0,0.0
2023-10-04 00:00:00-04:00,188.82936582795242,193.51083106441018,188.18738238213777,192.41455078125,2282600,0.0,0.0
2023-10-05 00:00:00-04:00,193.0169975365736,193.698480443622,190.17256745419772,192.3651580810547,1582700,0.0,0.0
2023-10-06 00:00:00-04:00,190.9330809720147,195.37751937374253,190.4688828666476,193.5602264404297,1735800,0.0,0.0
2023-10-09 00:00:00-04:00,190.61700626361423,192.15774234857636,187.1503500724495,192.0293426513672,1615400,0.0,0.0
2023-10-10 00:00:00-04:00,193.28369626953716,198.80467312783742,193.28369626953716,196.00962829589844,1691900,0.0,0.0
2023-10-11 00:00:00-04:00,196.01948803102496,196.49355724143754,192.7306018011113,195.82196044921875,1379200,0.0,0.0
2023-10-12 00:00:00-04:00,196.58243758785753,196.7404656775954,193.95529218030907,195.35775756835938,1397600,0.0,0.0
2023-10-13 00:00:00-04:00,195.25897537543335,197.04662471371623,190.10342603023108,190.54786682128906,1531100,0.0,0.0
2023-10-16 00:00:00-04:00,193.8861495193225,196.691080299469,192.65158332344234,194.6071319580078,1382600,0.0,0.0
2023-10-17 00:00:00-04:00,194.251565861579,197.09601104669525,193.92565366530616,195.07131958007812,1230900,0.0,0.0
2023-10-18 00:00:00-04:00,193.4515763679723,194.43922930711813,191.55528453325883,191.99972534179688,1255800,0.0,0.0
2023-10-19 00:00:00-04:00,192.78984796695687,193.7873870663638,189.10590677601346,189.93553161621094,1770700,0.0,0.0
2023-10-20 00:00:00-04:00,188.49355393971294,189.10589388902662,185.4219529491325,185.64910888671875,2367300,0.0,0.0
2023-10-23 00:00:00-04:00,187.0318344852134,188.41455765867522,184.54295989968062,186.31085205078125,1848300,0.0,0.0
2023-10-24 00:00:00-04:00,187.41703017248244,188.96765263544592,185.7182657858424,187.79234313964844,1810100,0.0,0.0
2023-10-25 00:00:00-04:00,185.47132683484404,188.34540031906485,184.23676074063098,186.10342407226562,1784800,0.0,0.0
2023-10-26 00:00:00-04:00,186.56763487954188,188.31578480812624,184.10838869684974,184.14788818359375,1528000,0.0,0.0
2023-10-27 00:00:00-04:00,184.40469032139535,185.73801277175565,181.8367866038014,182.9824676513672,1282300,0.0,0.0
2023-10-30 00:00:00-04:00,185.77752533467327,187.27874696323852,184.77998621328481,185.76763916015625,1485100,0.0,0.0
2023-10-31 00:00:00-04:00,185.52073069534615,186.84418206130218,183.7133239476353,186.23184204101562,1234000,0.0,0.0
2023-11-01 00:00:00-04:00,187.53553901954677,187.53553901954677,183.61455576861255,186.4688720703125,2313700,0.0,0.0
2023-11-02 00:00:00-04:00,182.02444216318443,184.2466613063504,178.51827116766714,183.4071502685547,3054300,0.0,0.0
2023-11-03 00:00:00-04:00,185.77751726147108,189.51084403277753,185.06640596499486,188.93800354003906,1746000,0.0,0.0
2023-11-06 00:00:00-05:00,189.91578125047297,190.02442367900466,187.00220802943565,188.79974365234375,1543700,0.0,0.0
2023-11-07 00:00:00-05:00,189.45160790507927,192.7997510113435,187.10098891511828,192.0985107421875,2057200,0.0,0.0
2023-11-08 00:00:00-05:00,192.9873829924417,193.44170998651117,189.66886843307958,190.20220947265625,1511400,0.0,0.0
2023-11-09 00:00:00-05:00,190.77504401826383,192.99726311591905,189.89603351134016,191.98985290527344,1490100,0.0,0.0
2023-11-10 00:00:00-05:00,192.3059160686706,195.32813174009226,191.39726207598736,195.1602325439453,1165700,0.0,0.0
2023-11-13 00:00:00-05:00,194.8046465760018,195.98982693943827,193.81699376140708,195.2688446044922,1075600,0.0,0.0
2023-11-14 00:00:00-05:00,197.53058864646866,201.62934233272773,197.5108313678954,199.8614501953125,1853400,0.0,0.0
2023-11-15 00:00:00-05:00,200.8787327204702,201.27378787196648,198.4984854961769,198.68614196777344,1516200,0.0,0.0
2023-11-16 00:00:00-05:00,198.8738139487427,201.3231892338902,198.5874012021299,201.1651611328125,1284200,0.0,0.0
2023-11-17 00:00:00-05:00,202.4688730572148,203.83183907397822,201.28369242412847,203.2293701171875,1295300,0.0,0.0
2023-11-20 00:00:00-05:00,202.3305858432701,204.79971824149882,202.3305858432701,204.4046630859375,1292800,0.0,0.0
2023-11-21 00:00:00-05:00,204.06801279140794,205.69184300253656,204.06801279140794,205.1472625732422,1109800,0.52,0.0
2023-11-22 00:00:00-05:00,206.9196129081425,208.6622703244652,206.19681437979,207.8800506591797,1241200,0.0,0.0
2023-11-24 00:00:00-05:00,207.6226185763597,208.35531307010316,206.592863724319,206.87010192871094,710200,0.0,0.0
2023-11-27 00:00:00-05:00,206.1176078800906,207.22656073795974,204.7413127767174,205.464111328125,1544500,0.0,0.0
2023-11-28 00:00:00-05:00,205.2066574089524,205.46408854860252,202.53328057535455,202.64219665527344,1345200,0.0,0.0
2023-11-29 00:00:00-05:00,202.7016244294587,203.87989439091703,200.2955744452031,200.48370361328125,1296100,0.0,0.0
2023-11-30 00:00:00-05:00,200.4936017346502,201.33521228962874,198.9588805824148,200.70152282714844,1385700,0.0,0.0
2023-12-01 00:00:00-05:00,200.7510415137057,207.44438769311012,200.7510415137057,207.21665954589844,1474500,0.0,0.0
2023-12-04 00:00:00-05:00,206.8404046474653,211.02871106028832,206.02849705734238,207.5434112548828,1462700,0.0,0.0
2023-12-05 00:00:00-05:00,205.17695485111176,206.3750166245232,200.24605844859823,200.71142578125,1539300,0.0,0.0
2023-12-06 00:00:00-05:00,202.88973997487153,205.6819289683854,202.2857535271292,202.76101684570312,1196500,0.0,0.0
2023-12-07 00:00:00-05:00,204.30563314953395,206.0878894725314,203.29570049012577,205.97897338867188,1248700,0.0,0.0
2023-12-08 00:00:00-05:00,205.63242119964525,207.75133688281315,205.1373508306842,207.33546447753906,1276300,0.0,0.0
2023-12-11 00:00:00-05:00,209.94944511081928,215.18729831683746,209.39496868932875,214.34567260742188,2065500,0.0,0.0
2023-12-12 00:00:00-05:00,214.3654642944187,215.5932442171427,213.47434369634934,214.7318115234375,1546300,0.0,0.0
2023-12-13 00:00:00-05:00,214.86054032638847,216.7517127635599,212.23667341182505,215.9199981689453,1556600,0.0,0.0
2023-12-14 00:00:00-05:00,217.08834465673374,219.56369636319593,216.18731300957802,217.92005920410156,1729200,0.0,0.0
2023-12-15 00:00:00-05:00,218.28644357551656,219.95976880706527,216.9695545216817,218.95973205566406,3845000,0.0,0.0
2023-12-18 00:00:00-05:00,219.29636424922973,220.444931119934,217.2467807982172,219.9300537109375,1440200,0.0,0.0
2023-12-19 00:00:00-05:00,221.286561751064,222.00936026853518,218.65278372893482,219.20726013183594,1525300,0.0,0.0
2023-12-20 00:00:00-05:00,218.35573144977337,218.51415759074254,214.20703942177755,214.5832977294922,1874600,0.0,0.0
2023-12-21 00:00:00-05:00,216.38534932906865,220.04888213101222,216.38534932906865,219.65281677246094,1214500,0.0,0.0
2023-12-22 00:00:00-05:00,220.07858493056673,220.92019548851704,218.71218588450222,220.4251251220703,995000,0.0,0.0
2023-12-26 00:00:00-05:00,220.03897531482679,221.54399348976534,219.44489992802,221.2469482421875,1118600,0.0,0.0
2023-12-27 00:00:00-05:00,221.73213296958662,222.29650536873638,220.68258613986802,222.22720336914062,1329600,0.0,0.0
2023-12-28 00:00:00-05:00,221.66280659106152,222.534135292507,221.02911711046912,221.87074279785156,971000,0.0,0.0
2023-12-29 00:00:00-05:00,222.49453583475173,224.3956042724694,222.16778757240743,223.28663635253906,2008700,0.0,0.0
2024-01-02 00:00:00-05:00,223.27673548437508,224.94016466524468,218.4151408551418,219.65281677246094,1524700,0.0,0.0
2024-01-03 00:00:00-05:00,218.1775446056744,218.7914271043748,215.86060351027666,216.8804473876953,1299900,0.0,0.0
2024-01-04 00:00:00-05:00,217.44480771505988,220.21720479852112,216.722009207859,217.85076904296875,1238700,0.0,0.0
2024-01-05 00:00:00-05:00,217.04876835391673,221.19744555638053,216.84083214117612,220.22711181640625,1005100,0.0,0.0
2024-01-08 00:00:00-05:00,220.3063253943013,226.03923391082083,220.22711231823624,225.97982788085938,1690700,0.0,0.0
2024-01-09 00:00:00-05:00,223.3757719354586,225.23722637754847,223.20743470304677,224.24708557128906,1358300,0.0,0.0
2024-01-10 00:00:00-05:00,223.6628815565964,225.73227198839243,223.6628815565964,224.53421020507812,1225300,0.0,0.0
2024-01-11 00:00:00-05:00,225.11840004082492,226.68282422851738,223.16782156751114,224.7421417236328,1176000,0.0,0.0
2024-01-12 00:00:00-05:00,225.54414901010972,225.58376309976907,221.73211628538937,223.2767333984375,758900,0.0,0.0
2024-01-16 00:00:00-05:00,221.81134073012495,224.14807356434687,220.87071001518737,224.10845947265625,1108000,0.0,0.0
2024-01-17 00:00:00-05:00,223.01930980306628,225.65307273738063,222.80147762760697,225.45504760742188,1248700,0.0,0.0
2024-01-18 00:00:00-05:00,225.4550438878942,230.76219886831626,225.44514791948166,230.3859405517578,2209600,0.0,0.0
2024-01-19 00:00:00-05:00,230.3760396991065,231.79194878621365,229.27698289466755,231.36618041992188,1885100,0.0,0.0
2024-01-22 00:00:00-05:00,231.94048154790895,235.95055479484685,231.77215942552925,235.0396270751953,1552200,0.0,0.0
2024-01-23 00:00:00-05:00,234.63365174739772,235.56438645787782,233.41578287074864,234.7623748779297,1268600,0.0,0.0
2024-01-24 00:00:00-05:00,236.10897481045046,236.9703924462208,234.98021493627414,235.5247802734375,1239300,0.0,0.0
2024-01-25 00:00:00-05:00,239.31701410784956,241.1289734771072,238.98036988187133,240.12893676757812,1594300,0.0,0.0
2024-01-26 00:00:00-05:00,240.1289452792456,240.82204080092987,238.66352605242835,239.218017578125,1119000,0.0,0.0
2024-01-29 00:00:00-05:00,239.1982021632362,240.1289368776546,237.4159458067274,239.74278259277344,1303000,0.0,0.0
2024-01-30 00:00:00-05:00,237.82192074494907,241.6042507378578,237.82192074494907,240.79234313964844,1059900,0.0,0.0
2024-01-31 00:00:00-05:00,241.02004614210216,241.50522052161358,236.91096830156297,237.36642456054688,1181200,0.0,0.0
2024-02-01 00:00:00-05:00,238.03975505057818,241.38642070475305,236.3664146693159,241.26760864257812,1190900,0.0,0.0
2024-02-02 00:00:00-05:00,240.82203148795253,244.31722708417684,239.22790429555164,242.7032928466797,1222300,0.0,0.0
2024-02-05 00:00:00-05:00,241.75276526569593,242.8716140215604,239.45563151055916,241.8220672607422,1338200,0.0,0.0
2024-02-06 00:00:00-05:00,241.82207413884456,243.32709232783256,240.43588311500628,242.3468475341797,1471500,0.0,0.0
2024-02-07 00:00:00-05:00,243.6736433129899,247.53518617396423,242.66369552306247,245.49549865722656,1046700,0.0,0.0
2024-02-08 00:00:00-05:00,247.22827034548072,247.9708759802523,243.3865190269238,247.11935424804688,1030900,0.0,0.0
2024-02-09 00:00:00-05:00,248.16888425321144,248.27780034323936,243.03005119267948,244.58457946777344,1479800,0.0,0.0
2024-02-12 00:00:00-05:00,243.8518692267717,246.68367245188426,243.57463101802074,246.38662719726562,1429900,0.0,0.0
2024-02-13 00:00:00-05:00,239.5150280008932,239.5150280008932,229.72253713479532,232.6236572265625,3110200,0.0,0.0
2024-02-14 00:00:00-05:00,233.485086425455,234.07917691519486,229.91067773527874,233.06922912597656,2349600,0.0,0.0
2024-02-15 00:00:00-05:00,235.18814928452227,238.48532004941382,234.5544597599646,238.1189727783203,1521700,0.0,0.0
2024-02-16 00:00:00-05:00,236.6733543159949,240.81215071809703,235.95055576202537,239.2477264404297,2119400,0.0,0.0
2024-02-20 00:00:00-05:00,238.8120534663823,241.56464358370778,238.13874989001363,240.5447998046875,2162200,0.0,0.0
2024-02-21 00:00:00-05:00,239.41361052364147,242.12248874459215,238.70911110984352,241.4676055908203,1396500,0.52,0.0
2024-02-22 00:00:00-05:00,243.09493977563477,248.49284714690282,242.88655752201075,247.3815155029297,1383600,0.0,0.0
2024-02-23 00:00:00-05:00,246.66706946854893,250.21937878657155,246.66706946854893,249.5347137451172,1477200,0.0,0.0
2024-02-26 00:00:00-05:00,249.52478595347563,249.52478595347563,245.13897813676962,247.2921905517578,1476000,0.0,0.0
2024-02-27 00:00:00-05:00,246.9647517654776,247.8875657767449,245.7641048593842,247.10366821289062,1079300,0.0,0.0
2024-02-28 00:00:00-05:00,246.8059968468856,249.28665861955372,246.26024822874703,247.06399536132812,953400,0.0,0.0
2024-02-29 00:00:00-05:00,247.76849638072068,248.41347753011647,245.952650134842,247.9371795654297,1698200,0.0,0.0
2024-03-01 00:00:00-05:00,247.0540479285568,249.21719273534416,246.02209935611486,248.066162109375,1096600,0.0,0.0
2024-03-04 00:00:00-05:00,247.83794676665403,248.5523785284996,245.1092189692808,245.50611877441406,1156200,0.0,0.0
2024-03-05 00:00:00-05:00,245.61527150111533,247.26243448003723,243.78950814992243,245.9625701904297,1084000,0.0,0.0
2024-03-06 00:00:00-05:00,245.96257914780972,248.63177361839632,245.0596146353143,245.18861389160156,1314700,0.0,0.0
2024-03-07 00:00:00-05:00,246.47854098020673,247.04413911657392,244.3054940446187,245.0000762939453,1197400,0.0,0.0
2024-03-08 00:00:00-05:00,245.2580655582108,249.16759092226178,244.31541711568894,248.34400939941406,1276400,0.0,0.0
2024-03-11 00:00:00-04:00,248.3439854134256,248.7607347327917,245.07944150801296,246.54798889160156,1176500,0.0,0.0
2024-03-12 00:00:00-04:00,246.76629470298235,250.37813737171325,246.76629470298235,248.75082397460938,1270900,0.0,0.0
2024-03-13 00:00:00-04:00,247.96692644706,251.16201978581483,246.27016239854984,249.4652557373047,1804700,0.0,0.0
2024-03-14 00:00:00-04:00,250.42777408514502,251.04297336455315,245.80381687081442,246.08164978027344,1711000,0.0,0.0
2024-03-15 00:00:00-04:00,244.245949864572,245.0596141861886,241.47753801332547,242.1820526123047,3709300,0.0,0.0
2024-03-18 00:00:00-04:00,244.69247933884046,247.43112444072167,244.5039466246579,246.59762573242188,1915300,0.0,0.0
2024-03-19 00:00:00-04:00,247.43110959010176,248.07607554550867,245.91294591226125,247.88755798339844,1164300,0.0,0.0
2024-03-20 00:00:00-04:00,247.50056586107573,252.71988764135247,247.33188268645847,252.0848388671875,1630400,0.0,0.0
2024-03-21 00:00:00-04:00,252.76951108492383,254.13882605330258,251.4200305088822,253.29541015625,1530800,0.0,0.0
2024-03-22 00:00:00-04:00,253.93046256177,254.5456618296397,251.26126810096855,253.18626403808594,1282800,0.0,0.0
2024-03-25 00:00:00-04:00,253.33509504737412,253.69231094065145,250.09038527850151,250.15985107421875,856000,0.0,0.0
2024-03-26 00:00:00-04:00,251.20172408801417,252.33290519086006,249.22711197079113,250.2292938232422,1351400,0.0,0.0
2024-03-27 00:00:00-04:00,252.98781246537635,252.98781246537635,250.78498363847547,251.5986328125,1302300,0.0,0.0
2024-03-28 00:00:00-04:00,253.09695175232537,253.12671848058943,249.70339332265343,250.35829162597656,999200,0.0,0.0
2024-04-01 00:00:00-04:00,251.5589415506389,252.54127387671915,248.790514662623,249.38587951660156,1178500,0.0,0.0
2024-04-02 00:00:00-04:00,248.23485004924345,248.23485004924345,244.6329244612101,245.8236541748047,1252300,0.0,0.0
2024-04-03 00:00:00-04:00,245.25805276876534,248.85997830865702,244.86115296337678,248.65159606933594,1071000,0.0,0.0
2024-04-04 00:00:00-04:00,251.38031140267645,252.85879111483257,246.14115549941695,246.96473693847656,1607300,0.0,0.0
2024-04-05 00:00:00-04:00,246.9746692204561,252.3626742280524,246.34955277682042,251.96575927734375,1293200,0.0,0.0
2024-04-08 00:00:00-04:00,252.27337719739543,253.0771091640925,251.44979569772536,252.7099609375,1205600,0.0,0.0
2024-04-09 00:00:00-04:00,253.48393840904836,253.51370513778784,249.40573002341085,252.96795654296875,1152800,0.0,0.0
2024-04-10 00:00:00-04:00,250.33842952789462,253.21600595528903,249.31639820011068,252.38250732421875,1317500,0.0,0.0
2024-04-11 00:00:00-04:00,252.14437589407484,258.55441232407446,251.05287870079465,256.5500183105469,1545200,0.0,0.0
2024-04-12 00:00:00-04:00,254.1288901705557,255.1509518511992,247.3914348620378,249.1179656982422,1930100,0.0,0.0
2024-04-15 00:00:00-04:00,253.09696619973235,255.02196215472864,246.29002970091713,246.4884796142578,1433300,0.0,0.0
2024-04-16 00:00:00-04:00,246.29002403727245,246.81592310887285,242.84686437029924,243.7200469970703,1088900,0.0,0.0
2024-04-17 00:00:00-04:00,242.18203797582743,243.4322859716761,235.70253594650336,236.6154327392578,2684100,0.0,0.0
2024-04-18 00:00:00-04:00,238.7884795505525,239.37392719510527,234.25383801911968,234.47213745117188,1841200,0.0,0.0
2024-04-19 00:00:00-04:00,235.54378377596484,237.44893005725996,232.73567304351877,234.17445373535156,1842300,0.0,0.0
2024-04-22 00:00:00-04:00,236.7146609541104,237.2405600261731,233.68825063513592,235.5735626220703,1046400,0.0,0.0
2024-04-23 00:00:00-04:00,235.57355999472773,238.1236723348679,235.57355999472773,237.83592224121094,1196200,0.0,0.0
2024-04-24 00:00:00-04:00,242.28125359708466,247.68909281821112,241.42790540716467,242.17210388183594,2301300,0.0,0.0
2024-04-25 00:00:00-04:00,240.197511212497,241.23937698290945,238.37173274861385,240.06851196289062,1207400,0.0,0.0
2024-04-26 00:00:00-04:00,238.90755435538594,242.23163171396286,238.87778762835066,238.9770050048828,1065500,0.0,0.0
2024-04-29 00:00:00-04:00,239.60214533851132,242.35072264800436,237.73668295854043,238.62973022460938,1209100,0.0,0.0
2024-04-30 00:00:00-04:00,239.08615917355496,240.0486570743181,233.67831997718127,234.30345153808594,1862900,0.0,0.0
2024-05-01 00:00:00-04:00,231.94186041542196,235.40486947186906,229.02459994104484,232.05101013183594,2157100,0.0,0.0
2024-05-02 00:00:00-04:00,234.52175154104583,234.86903507736463,230.8305259032854,233.73785400390625,1413200,0.0,0.0
2024-05-03 00:00:00-04:00,235.5437869537719,236.91310187210237,232.48761002147586,232.77536010742188,1572800,0.0,0.0
2024-05-06 00:00:00-04:00,233.58901666232055,235.52392963351357,233.56916713060775,234.9881134033203,1067900,0.0,0.0
2024-05-07 00:00:00-04:00,234.9881169823857,236.42689766796838,233.83708637761686,234.16453552246094,897900,0.0,0.0
2024-05-08 00:00:00-04:00,233.72794514434023,234.45229411123182,232.65629748798648,233.5294952392578,1194500,0.0,0.0
2024-05-09 00:00:00-04:00,230.87022102477314,235.9010102144033,229.06430718235333,235.70254516601562,1229700,0.0,0.0
2024-05-10 00:00:00-04:00,236.15899777057714,238.80834269338135,235.66286542231964,238.5999755859375,1145300,0.0,0.0
2024-05-13 00:00:00-04:00,239.38384953549036,239.83036560491806,234.38284230453698,235.66285705566406,1288800,0.0,0.0
2024-05-14 00:00:00-04:00,236.12921773417403,236.7344997705686,233.866855564873,234.0454559326172,2105300,0.0,0.0
2024-05-15 00:00:00-04:00,234.91865221120543,235.6330839592857,233.73785487366288,234.17445373535156,1569000,0.0,0.0
2024-05-16 00:00:00-04:00,233.81724629282107,237.63747132959858,233.81724629282107,237.111572265625,1280800,0.0,0.0
2024-05-17 00:00:00-04:00,237.11156390761784,237.72676313644712,234.491985876118,235.8910675048828,1217000,0.0,0.0
2024-05-20 00:00:00-04:00,236.01016556026582,238.65951049921082,235.59340106132365,238.47097778320312,954100,0.0,0.0
2024-05-21 00:00:00-04:00,239.35407377106776,239.35407377106776,235.29571509339254,236.4368133544922,839700,0.0,0.0
2024-05-22 00:00:00-04:00,235.40488439412576,237.54816465294755,233.67833835433808,234.33323669433594,1091600,0.0,0.0
2024-05-23 00:00:00-04:00,235.2982858223847,235.2982858223847,230.66196077536412,230.88084411621094,1650400,0.63,0.0
2024-05-24 00:00:00-04:00,232.64184716848092,235.51716167499737,232.10458255575534,235.3878173828125,909200,0.0,0.0
2024-05-28 00:00:00-04:00,233.62682423933856,236.40264082547944,231.79616223232188,232.9502716064453,993800,0.0,0.0
2024-05-29 00:00:00-04:00,230.68186630038934,231.2589210079419,226.67234487733543,227.2991485595703,1161700,0.0,0.0
2024-05-30 00:00:00-04:00,227.62745079727077,228.43334772521624,225.5480742837416,227.79660034179688,934600,0.0,0.0
2024-05-31 00:00:00-04:00,228.35376664360865,230.2142599368556,226.2843337231426,229.99537658691406,1660100,0.0,0.0
2024-06-03 00:00:00-04:00,230.55252756233293,230.8211598870911,224.88149348066852,227.2195587158203,1644000,0.0,0.0
2024-06-04 00:00:00-04:00,225.44860884175003,230.52268567352215,225.28941818834969,229.33872985839844,1100600,0.0,0.0
2024-06-05 00:00:00-04:00,230.00531735049688,232.04490389529929,228.33386107927234,231.58724975585938,987800,0.0,0.0
2024-06-06 00:00:00-04:00,231.68672603701177,234.2536182512953,230.19434790181822,230.8509979248047,1028000,0.0,0.0
2024-06-07 00:00:00-04:00,230.34359953828832,231.71657712751195,228.96066304528944,229.9257354736328,2723400,0.0,0.0
2024-06-10 00:00:00-04:00,228.8313154464956,232.22399207118193,228.81141282048785,231.57728576660156,1219800,0.0,0.0
2024-06-11 00:00:00-04:00,230.6022702553878,232.05485833278473,228.76166446669222,231.45790100097656,1285100,0.0,0.0
2024-06-12 00:00:00-04:00,232.8308994042413,235.92509744729767,232.8308994042413,235.3579864501953,1477700,0.0,0.0
2024-06-13 00:00:00-04:00,234.02479951002388,239.54660184284916,233.46764741540653,239.2481231689453,1188700,0.0,0.0
2024-06-14 00:00:00-04:00,238.11390623399095,238.53177028719597,233.9451942429323,238.23329162597656,1566300,0.0,0.0
2024-06-17 00:00:00-04:00,237.33788979308764,243.8048621842821,236.39271994139514,243.45663452148438,1406900,0.0,0.0
2024-06-18 00:00:00-04:00,244.03368237641578,245.9439246532241,240.89969422471984,241.8150177001953,1320100,0.0,0.0
2024-06-20 00:00:00-04:00,241.44686752119176,243.1581289329482,241.42698007730857,242.74026489257812,1154400,0.0,0.0
2024-06-21 00:00:00-04:00,244.4415848599835,244.69031454213476,241.51652136888373,242.2925567626953,3299600,0.0,0.0
2024-06-24 00:00:00-04:00,241.99408271328866,245.0186442073118,241.99408271328866,244.4117431640625,1058600,0.0,0.0
2024-06-25 00:00:00-04:00,245.2773115515336,245.61558027383148,242.54128506345265,243.58595275878906,1283800,0.0,0.0
2024-06-26 00:00:00-04:00,241.43693104785262,242.02392946638236,238.45217480023732,240.28282165527344,1592600,0.0,0.0
2024-06-27 00:00:00-04:00,241.71551359327793,241.71551359327793,238.9794869592742,241.01907348632812,1153600,0.0,0.0
2024-06-28 00:00:00-04:00,241.16830767702515,245.53600054073377,239.7953300754675,240.54151916503906,6788900,0.0,0.0
2024-07-01 00:00:00-04:00,240.95937414925464,242.12342726335064,236.24345381570095,238.29298400878906,1475000,0.0,0.0
2024-07-02 00:00:00-04:00,238.59147048734744,238.89989288051433,235.47736984423165,238.76060485839844,1417300,0.0,0.0
2024-07-03 00:00:00-04:00,238.41238130021515,240.44200883964294,237.26821564633607,238.9496307373047,866700,0.0,0.0
2024-07-05 00:00:00-04:00,239.27796691733894,240.15350030293857,237.23838037929758,239.75552368164062,851900,0.0,0.0
2024-07-08 00:00:00-04:00,240.85988472992605,241.82495716472567,237.95472370294112,238.64122009277344,1040300,0.0,0.0
2024-07-09 00:00:00-04:00,239.63613539775764,239.63613539775764,236.18376605354257,236.3131103515625,1254900,0.0,0.0
2024-07-10 00:00:00-04:00,236.75087730338154,241.50658781177967,235.95493925074572,241.28770446777344,1376000,0.0,0.0
2024-07-11 00:00:00-04:00,241.70556186172362,241.70556186172362,238.03430927092668,238.56161499023438,1765400,0.0,0.0
2024-07-12 00:00:00-04:00,239.94455664969308,244.19286402551435,238.93969416264522,241.5563201904297,1699300,0.0,0.0
2024-07-15 00:00:00-04:00,241.5662799430353,245.59570399029332,240.76039816983482,245.41661071777344,1062300,0.0,0.0
2024-07-16 00:00:00-04:00,246.68016997960797,253.8933312877547,246.43144027932703,253.81373596191406,1562300,0.0,0.0
2024-07-17 00:00:00-04:00,251.96317873333498,254.03261159858158,246.23245207813684,246.29214477539062,1752900,0.0,0.0
2024-07-18 00:00:00-04:00,243.52626883674506,247.23731155623398,242.80992611592475,242.84971618652344,1399800,0.0,0.0
2024-07-19 00:00:00-04:00,243.75509684585802,244.4714395694565,241.41703168116084,242.67063903808594,1342500,0.0,0.0
2024-07-22 00:00:00-04:00,242.3721601548655,242.7601778646941,239.92465332123132,241.70556640625,1212700,0.0,0.0
2024-07-23 00:00:00-04:00,241.42699351278875,244.35205713941477,240.74049712924318,241.07876586914062,730900,0.0,0.0
2024-07-24 00:00:00-04:00,240.0142116995037,240.3823267897139,233.706415103197,233.845703125,1762500,0.0,0.0
2024-07-25 00:00:00-04:00,233.80591962681734,236.30316036694092,231.14948823408469,232.56227111816406,1380100,0.0,0.0
2024-07-26 00:00:00-04:00,234.40287782038448,236.53200346755048,232.81100165112218,235.39779663085938,929400,0.0,0.0
2024-07-29 00:00:00-04:00,236.730969705697,238.30294315179486,234.50234624137053,237.23837280273438,1335700,0.0,0.0
2024-07-30 00:00:00-04:00,237.78558976525545,240.3126768009997,236.84041995515938,237.5567626953125,1752800,0.0,0.0
2024-07-31 00:00:00-04:00,228.83131237734818,235.01970821353166,221.79722953161584,226.14503479003906,4316500,0.0,0.0
2024-08-01 00:00:00-04:00,225.0008659235677,225.33914983133556,214.51442913288625,217.66831970214844,3067900,0.0,0.0
2024-08-02 00:00:00-04:00,214.02691871600987,215.539199481416,208.9528421505931,212.58428955078125,3679000,0.0,0.0
2024-08-05 00:00:00-04:00,208.00767890054448,211.26105241628443,203.5106417149231,210.27609252929688,4057500,0.0,0.0
2024-08-06 00:00:00-04:00,211.42023864108094,217.30021221572954,210.11689748128273,214.15626525878906,1911700,0.0,0.0
2024-08-07 00:00:00-04:00,214.84274874810305,216.5341075194953,212.69372069018465,213.67869567871094,2854400,0.0,0.0
2024-08-08 00:00:00-04:00,214.3552483063349,216.70325723648372,213.6886545448898,214.70347595214844,1369600,0.0,0.0
2024-08-09 00:00:00-04:00,214.4049914798036,217.88720711868675,212.96236232280313,216.86244201660156,1214100,0.0,0.0
2024-08-12 00:00:00-04:00,216.84254577652288,216.84254577652288,213.32053996351465,213.5891571044922,1075200,0.0,0.0
2024-08-13 00:00:00-04:00,214.16620809604217,215.7481404716783,212.18632946777845,215.33026123046875,1081100,0.0,0.0
2024-08-14 00:00:00-04:00,215.8973739983213,216.60377300774576,214.44478590825753,215.9968719482422,847400,0.0,0.0
2024-08-15 00:00:00-04:00,218.56375524029818,221.8171439751371,217.8175661384433,220.77247619628906,1726700,0.0,0.0
2024-08-16 00:00:00-04:00,221.11169845921665,221.17156111003357,219.2359208697333,220.06405639648438,1005700,0.63,0.0
2024-08-19 00:00:00-04:00,220.80240376110677,225.49183263381684,220.56293792705478,224.64373779296875,1068600,0.0,0.0
2024-08-20 00:00:00-04:00,223.9952105744302,224.97300277644422,222.36887076613203,222.6282958984375,1069700,0.0,0.0
2024-08-21 00:00:00-04:00,223.56617487971974,224.63376101530474,222.55843617078483,224.0051727294922,710500,0.0,0.0
2024-08-22 00:00:00-04:00,223.30675782461833,225.39205477815364,222.628294121345,223.61605834960938,991200,0.0,0.0
2024-08-23 00:00:00-04:00,225.47187655059653,227.13811970533197,224.44419373794221,224.7534942626953,958300,0.0,0.0
2024-08-26 00:00:00-04:00,226.06056240520928,227.6170522937487,223.64599040178015,224.16482543945312,1104900,0.0,0.0
2024-08-27 00:00:00-04:00,223.89542386189396,227.66692320194528,223.29678211435774,227.10818481445312,1017700,0.0,0.0
2024-08-28 00:00:00-04:00,225.91088296263058,227.66692004532683,225.67141713224876,226.80886840820312,1026200,0.0,0.0
2024-08-29 00:00:00-04:00,229.23339423681125,233.0847154192576,228.3653553524485,230.84974670410156,1954400,0.0,0.0
2024-08-30 00:00:00-04:00,232.03707699976889,234.90061881687785,230.53047777664307,234.16229248046875,2218100,0.0,0.0
2024-09-03 00:00:00-04:00,233.6733884630114,234.172264192106,229.22342548519592,230.2012176513672,1802700,0.0,0.0
2024-09-04 00:00:00-04:00,229.48284037967824,230.14136001029496,227.5970906916244,228.94406127929688,1412200,0.0,0.0
2024-09-05 00:00:00-04:00,229.2134440596382,230.03160758392272,226.3499021736013,228.54495239257812,1808800,0.0,0.0
2024-09-06 00:00:00-04:00,228.95403196173578,232.37631220988044,226.64922849266216,227.08824157714844,3355300,0.0,0.0
2024-09-09 00:00:00-04:00,228.41523587298832,230.4306980977745,226.03061047750342,228.0760040283203,1876900,0.0,0.0
2024-09-10 00:00:00-04:00,227.1680420656269,228.48508128295538,221.45093053917384,225.16256713867188,1755200,0.0,0.0
2024-09-11 00:00:00-04:00,225.1625765318402,227.26783278107737,221.3411865048135,226.81884765625,1330900,0.0,0.0
2024-09-12 00:00:00-04:00,228.28553746795055,230.30099968331592,227.07825150059628,230.18125915527344,1044700,0.0,0.0
2024-09-13 00:00:00-04:00,231.02935788863945,232.0370814010991,229.15358023724986,231.21893310546875,1034100,0.0,0.0
2024-09-16 00:00:00-04:00,232.54594590934116,235.2199125813064,231.37856327438618,231.93731689453125,993100,0.0,0.0
2024-09-17 00:00:00-04:00,233.20445302752904,235.6988317689228,232.2366328579099,235.08023071289062,1005300,0.0,0.0
2024-09-18 00:00:00-04:00,238.3628146961377,241.18645311924166,236.26754579126683,238.20318603515625,1539600,0.0,0.0
2024-09-19 00:00:00-04:00,242.42368413376394,245.4668292657209,241.49576731835688,243.91033935546875,1676100,0.0,0.0
2024-09-20 00:00:00-04:00,243.35158091106103,244.1897037284088,240.35832645840603,243.84048461914062,3663400,0.0,0.0
2024-09-23 00:00:00-04:00,244.29945984635395,244.57882904723095,240.81730164505774,241.12660217285156,1393400,0.0,0.0
2024-09-24 00:00:00-04:00,242.47356401281183,246.90358293004613,242.30394809159077,246.82376098632812,1225300,0.0,0.0
2024-09-25 00:00:00-04:00,246.91355437709328,247.06321100590947,244.07994389199405,244.94798278808594,951400,0.0,0.0
2024-09-26 00:00:00-04:00,247.6119886674658,250.43562724783513,245.66637628155186,250.1462860107422,1431800,0.0,0.0
2024-09-27 00:00:00-04:00,252.2415449858792,253.85789748449525,251.10410892676433,252.4710235595703,1238400,0.0,0.0
2024-09-30 00:00:00-04:00,251.48325506963147,253.37897672769552,245.90582813902606,248.041015625,1646300,0.0,0.0
2024-10-01 00:00:00-04:00,248.15077890336894,248.7494206605745,242.55339245518832,245.5266876220703,1382500,0.0,0.0
2024-10-02 00:00:00-04:00,244.73845186186213,248.44011652165852,244.2994540027559,248.26052856445312,857600,0.0,0.0
2024-10-03 00:00:00-04:00,245.50672860455742,249.10861208379634,245.4568379852812,248.91903686523438,935600,0.0,0.0
2024-10-04 00:00:00-04:00,252.71049480205733,254.26698468211987,251.65288066429582,254.03750610351562,1129400,0.0,0.0
2024-10-07 00:00:00-04:00,253.4288778140344,255.2747241556213,252.50097623844968,254.58627319335938,2406700,0.0,0.0
2024-10-08 00:00:00-04:00,254.7459056453636,256.7713398559865,252.95992203731046,256.0030517578125,1207900,0.0,0.0
2024-10-09 00:00:00-04:00,255.71374097064344,262.42858909169996,255.4243845093578,261.2911682128906,1442600,0.0,0.0
2024-10-10 00:00:00-04:00,260.3033816832455,261.33106442434956,258.7069733269495,259.95416259765625,1038200,0.0,0.0
2024-10-11 00:00:00-04:00,260.642643690952,263.5461043032254,260.46302527396494,262.03948974609375,1084700,0.0,0.0
2024-10-14 00:00:00-04:00,260.6326309590862,262.7478591285638,259.8344419910048,260.97186279296875,1139700,0.0,0.0
2024-10-15 00:00:00-04:00,260.7823118221304,262.72793947997604,258.9165213378875,259.99407958984375,1252400,0.0,0.0
2024-10-16 00:00:00-04:00,259.8444114682134,262.69799654369194,259.0162911346796,261.9796142578125,709200,0.0,0.0
2024-10-17 00:00:00-04:00,263.905278259355,264.60371650616605,261.70025591567565,263.9751281738281,1163500,0.0,0.0
2024-10-18 00:00:00-04:00,263.9751247780178,265.9805846113926,262.4884543201807,265.0028076171875,886800,0.0,0.0
2024-10-21 00:00:00-04:00,263.89527487878877,265.84090241250186,262.66806006582476,264.37420654296875,869100,0.0,0.0
2024-10-22 00:00:00-04:00,264.2045769285263,265.29215282530095,262.7578555672112,264.90301513671875,1198100,0.0,0.0
2024-10-23 00:00:00-04:00,259.8943180166044,262.4086407995222,254.90554536247626,257.24029541015625,1990300,0.0,0.0
2024-10-24 00:00:00-04:00,259.3854561925003,261.2313025396407,256.8511588810267,260.0439758300781,1195100,0.0,0.0
2024-10-25 00:00:00-04:00,262.71793581011195,264.5338507841403,260.77230827380174,261.5306091308594,1162000,0.0,0.0
2024-10-28 00:00:00-04:00,263.7555960839308,264.00503394093306,260.0938349455972,261.9596252441406,1127500,0.0,0.0
2024-10-29 00:00:00-04:00,262.20908543271554,264.5138889917927,261.6902656075892,263.2966613769531,791500,0.0,0.0
2024-10-30 00:00:00-04:00,263.0771323135424,265.00278526106587,262.6580633164081,263.6658020019531,897800,0.0,0.0
2024-10-31 00:00:00-04:00,263.6658203039325,264.7733098499468,259.3355824614345,259.4353332519531,1308100,0.0,0.0
2024-11-01 00:00:00-04:00,257.8988034835593,262.7977667137368,257.8488976421246,259.9841003417969,1481600,0.0,0.0
2024-11-04 00:00:00-05:00,254.85565731746897,256.11283394610547,248.98888887359047,255.85340881347656,2222000,0.0,0.0
2024-11-05 00:00:00-05:00,253.50868652121926,260.48297453514334,253.50868652121926,259.0761413574219,1604300,0.0,0.0
2024-11-06 00:00:00-05:00,269.5026287053199,276.78623253702835,267.8862762331832,275.6388244628906,2148500,0.0,0.0
2024-11-07 00:00:00-05:00,275.509130875321,277.8737970954668,273.2442154475676,277.0556335449219,1472700,0.0,0.0
2024-11-08 00:00:00-05:00,277.18534237143234,282.16411262340506,276.58668538036113,280.1686096191406,1516600,0.0,0.0
2024-11-11 00:00:00-05:00,280.43800700333196,285.54648954901523,280.43800700333196,285.2671203613281,1895500,0.0,0.0
2024-11-12 00:00:00-05:00,284.9777670781346,286.35466896450106,283.072058136029,285.3768615722656,1143200,0.0,0.0
2024-11-13 00:00:00-05:00,284.0498702889555,288.39009530164833,283.7205952502841,285.82586669921875,1274000,0.0,0.0
2024-11-14 00:00:00-05:00,285.83585782661544,286.8635406433923,281.1264695756958,281.3858642578125,1396800,0.0,0.0
2024-11-15 00:00:00-05:00,281.35594158036855,281.82488601305903,277.0456781521259,278.1531677246094,1751100,0.0,0.0
2024-11-18 00:00:00-05:00,279.95908707413804,281.6053709437219,277.42478976248145,280.8171691894531,1733900,0.0,0.0
2024-11-19 00:00:00-05:00,278.6719601333114,280.07879329295486,275.65876179889244,278.64202880859375,890500,0.0,0.0
2024-11-20 00:00:00-05:00,278.92139952148733,280.19852013138586,277.91369128448497,279.54998779296875,938600,0.0,0.0
2024-11-21 00:00:00-05:00,281.9200134277344,283.8299865722656,280.2699890136719,283.44000244140625,944500,0.63,0.0
2024-11-22 00:00:00-05:00,283.3299865722656,284.95001220703125,282.8800048828125,284.2900085449219,990300,0.0,0.0
2024-11-25 00:00:00-05:00,286.0799865722656,289.6300048828125,285.79998779296875,288.0,1808400,0.0,0.0
2024-11-26 00:00:00-05:00,288.79998779296875,289.79998779296875,286.5299987792969,288.17999267578125,1459100,0.0,0.0
2024-11-27 00:00:00-05:00,287.8800048828125,287.8999938964844,284.6199951171875,285.6000061035156,1112881,0.0,0.0
