Date,Open,High,Low,Close,Volume,Dividends,Stock Splits
2022-02-18 00:00:00-05:00,10.020000457763672,10.029999732971191,10.010000228881836,10.010000228881836,21014500,0.0,0.0
2022-02-22 00:00:00-05:00,10.020000457763672,10.029999732971191,10.010000228881836,10.010000228881836,1056400,0.0,0.0
2022-02-23 00:00:00-05:00,10.029999732971191,10.029999732971191,10.010000228881836,10.010000228881836,923100,0.0,0.0
2022-02-24 00:00:00-05:00,10.0,10.001999855041504,9.989999771118164,10.0,179000,0.0,0.0
2022-02-25 00:00:00-05:00,10.0,10.010000228881836,10.0,10.0,91200,0.0,0.0
2022-02-28 00:00:00-05:00,10.020000457763672,10.020000457763672,9.979999542236328,10.0,13400,0.0,0.0
2022-03-01 00:00:00-05:00,9.979999542236328,10.005000114440918,9.979999542236328,10.005000114440918,60700,0.0,0.0
2022-03-02 00:00:00-05:00,10.020000457763672,10.020000457763672,9.989999771118164,9.989999771118164,14200,0.0,0.0
2022-03-03 00:00:00-05:00,10.020000457763672,10.020000457763672,10.0,10.020000457763672,600,0.0,0.0
2022-03-04 00:00:00-05:00,9.989999771118164,9.991000175476074,9.989999771118164,9.991000175476074,700,0.0,0.0
2022-03-07 00:00:00-05:00,9.989999771118164,10.020000457763672,9.989999771118164,9.989999771118164,2100,0.0,0.0
2022-03-08 00:00:00-05:00,10.0,10.020000457763672,9.989999771118164,10.020000457763672,1123700,0.0,0.0
2022-03-09 00:00:00-05:00,10.012999534606934,10.015000343322754,10.012999534606934,10.015000343322754,1400,0.0,0.0
2022-03-10 00:00:00-05:00,10.020000457763672,10.020000457763672,10.020000457763672,10.020000457763672,1000,0.0,0.0
2022-03-11 00:00:00-05:00,10.020000457763672,10.020000457763672,10.020000457763672,10.020000457763672,0,0.0,0.0
2022-03-14 00:00:00-04:00,10.020000457763672,10.020000457763672,10.0,10.0,5700,0.0,0.0
2022-03-15 00:00:00-04:00,10.005000114440918,10.005000114440918,10.005000114440918,10.005000114440918,100,0.0,0.0
2022-03-16 00:00:00-04:00,10.008999824523926,10.008999824523926,10.008999824523926,10.008999824523926,100,0.0,0.0
2022-03-17 00:00:00-04:00,10.008999824523926,10.008999824523926,10.008999824523926,10.008999824523926,0,0.0,0.0
2022-03-18 00:00:00-04:00,10.029999732971191,10.09000015258789,10.020000457763672,10.050000190734863,328500,0.0,0.0
2022-03-21 00:00:00-04:00,10.079999923706055,10.079999923706055,10.039999961853027,10.04699993133545,118900,0.0,0.0
2022-03-22 00:00:00-04:00,10.069999694824219,10.069999694824219,10.039999961853027,10.050000190734863,26800,0.0,0.0
2022-03-23 00:00:00-04:00,10.069999694824219,10.069999694824219,10.041000366210938,10.0600004196167,12800,0.0,0.0
2022-03-24 00:00:00-04:00,10.0600004196167,10.0600004196167,10.050000190734863,10.0600004196167,10400,0.0,0.0
2022-03-25 00:00:00-04:00,10.079999923706055,10.079999923706055,10.050000190734863,10.0600004196167,6900,0.0,0.0
2022-03-28 00:00:00-04:00,10.079999923706055,10.079999923706055,10.050000190734863,10.0600004196167,18600,0.0,0.0
2022-03-29 00:00:00-04:00,10.0600004196167,10.0600004196167,10.039999961853027,10.0600004196167,111100,0.0,0.0
2022-03-30 00:00:00-04:00,10.069999694824219,10.069999694824219,10.050999641418457,10.0600004196167,13200,0.0,0.0
2022-03-31 00:00:00-04:00,10.0600004196167,10.0600004196167,10.050000190734863,10.0600004196167,2800,0.0,0.0
2022-04-01 00:00:00-04:00,10.069999694824219,10.069999694824219,10.050999641418457,10.055000305175781,16200,0.0,0.0
2022-04-04 00:00:00-04:00,10.079999923706055,10.079999923706055,10.050000190734863,10.050000190734863,18500,0.0,0.0
2022-04-05 00:00:00-04:00,10.0600004196167,10.140000343322754,10.050000190734863,10.130000114440918,99300,0.0,0.0
2022-04-06 00:00:00-04:00,10.0600004196167,10.074999809265137,10.050000190734863,10.0600004196167,15100,0.0,0.0
2022-04-07 00:00:00-04:00,10.100000381469727,10.100000381469727,10.0600004196167,10.069000244140625,111800,0.0,0.0
2022-04-08 00:00:00-04:00,10.050000190734863,10.100000381469727,10.050000190734863,10.100000381469727,9800,0.0,0.0
2022-04-11 00:00:00-04:00,10.109999656677246,10.199999809265137,10.104999542236328,10.130000114440918,47100,0.0,0.0
2022-04-12 00:00:00-04:00,10.149999618530273,10.239999771118164,10.149999618530273,10.164999961853027,43500,0.0,0.0
2022-04-13 00:00:00-04:00,10.225000381469727,10.300000190734863,10.180000305175781,10.180000305175781,3600,0.0,0.0
2022-04-14 00:00:00-04:00,10.15999984741211,10.180000305175781,10.149999618530273,10.149999618530273,1000,0.0,0.0
2022-04-18 00:00:00-04:00,11.220000267028809,11.220000267028809,10.130000114440918,10.170000076293945,13000,0.0,0.0
2022-04-19 00:00:00-04:00,10.149999618530273,10.180000305175781,10.149999618530273,10.175000190734863,30200,0.0,0.0
2022-04-20 00:00:00-04:00,10.369999885559082,10.369999885559082,10.182000160217285,10.1899995803833,3400,0.0,0.0
2022-04-21 00:00:00-04:00,10.211999893188477,10.211999893188477,10.1899995803833,10.1899995803833,1200,0.0,0.0
2022-04-22 00:00:00-04:00,10.1899995803833,10.210000038146973,10.1899995803833,10.210000038146973,1700,0.0,0.0
2022-04-25 00:00:00-04:00,10.21500015258789,10.21500015258789,10.15999984741211,10.15999984741211,12100,0.0,0.0
2022-04-26 00:00:00-04:00,10.170000076293945,10.170000076293945,10.15999984741211,10.170000076293945,1000,0.0,0.0
2022-04-27 00:00:00-04:00,10.170000076293945,10.170000076293945,10.15999984741211,10.164999961853027,700,0.0,0.0
2022-04-28 00:00:00-04:00,10.149999618530273,10.149999618530273,10.140000343322754,10.140999794006348,1700,0.0,0.0
2022-04-29 00:00:00-04:00,10.140999794006348,10.140999794006348,10.140999794006348,10.140999794006348,0,0.0,0.0
2022-05-02 00:00:00-04:00,10.140000343322754,10.140000343322754,10.119000434875488,10.119000434875488,4500,0.0,0.0
2022-05-03 00:00:00-04:00,10.119000434875488,10.119000434875488,10.119000434875488,10.119000434875488,0,0.0,0.0
2022-05-04 00:00:00-04:00,10.119000434875488,10.119000434875488,10.119000434875488,10.119000434875488,0,0.0,0.0
2022-05-05 00:00:00-04:00,10.300000190734863,10.300000190734863,10.152000427246094,10.152000427246094,2000,0.0,0.0
2022-05-06 00:00:00-04:00,10.130000114440918,10.154999732971191,10.119999885559082,10.145000457763672,1700,0.0,0.0
2022-05-09 00:00:00-04:00,10.119999885559082,10.149999618530273,10.069999694824219,10.069999694824219,31400,0.0,0.0
2022-05-10 00:00:00-04:00,10.104999542236328,10.119999885559082,10.100000381469727,10.100000381469727,4800,0.0,0.0
2022-05-11 00:00:00-04:00,10.081999778747559,10.081999778747559,10.0600004196167,10.0600004196167,900,0.0,0.0
2022-05-12 00:00:00-04:00,10.0600004196167,10.0600004196167,10.0600004196167,10.0600004196167,500,0.0,0.0
2022-05-13 00:00:00-04:00,10.079999923706055,10.086000442504883,10.079999923706055,10.086000442504883,1100,0.0,0.0
2022-05-16 00:00:00-04:00,10.140000343322754,10.140000343322754,10.09000015258789,10.09000015258789,1100,0.0,0.0
2022-05-17 00:00:00-04:00,10.050000190734863,10.0600004196167,10.050000190734863,10.0600004196167,400,0.0,0.0
2022-05-18 00:00:00-04:00,10.109999656677246,10.109999656677246,10.0600004196167,10.0600004196167,200,0.0,0.0
2022-05-19 00:00:00-04:00,10.079999923706055,10.079999923706055,10.050000190734863,10.050000190734863,1500,0.0,0.0
2022-05-20 00:00:00-04:00,10.050000190734863,10.050000190734863,10.050000190734863,10.050000190734863,0,0.0,0.0
2022-05-23 00:00:00-04:00,10.050000190734863,10.067999839782715,10.0,10.029999732971191,18000,0.0,0.0
2022-05-24 00:00:00-04:00,10.031000137329102,10.031000137329102,10.031000137329102,10.031000137329102,600,0.0,0.0
2022-05-25 00:00:00-04:00,10.031000137329102,10.031000137329102,10.031000137329102,10.031000137329102,0,0.0,0.0
2022-05-26 00:00:00-04:00,10.029999732971191,10.029999732971191,10.029999732971191,10.029999732971191,200,0.0,0.0
2022-05-27 00:00:00-04:00,10.029999732971191,10.031000137329102,10.029999732971191,10.031000137329102,800,0.0,0.0
2022-05-31 00:00:00-04:00,10.010000228881836,10.010000228881836,10.010000228881836,10.010000228881836,200,0.0,0.0
2022-06-01 00:00:00-04:00,10.029999732971191,10.055000305175781,10.0,10.029999732971191,127300,0.0,0.0
2022-06-02 00:00:00-04:00,10.029999732971191,10.029999732971191,10.029999732971191,10.029999732971191,0,0.0,0.0
2022-06-03 00:00:00-04:00,10.074999809265137,10.074999809265137,10.0600004196167,10.0600004196167,400,0.0,0.0
2022-06-06 00:00:00-04:00,10.03499984741211,10.03499984741211,10.03499984741211,10.03499984741211,200,0.0,0.0
2022-06-07 00:00:00-04:00,10.03499984741211,10.03499984741211,10.03499984741211,10.03499984741211,0,0.0,0.0
2022-06-08 00:00:00-04:00,10.03499984741211,10.03499984741211,10.03499984741211,10.03499984741211,0,0.0,0.0
2022-06-09 00:00:00-04:00,10.022000312805176,10.022000312805176,10.022000312805176,10.022000312805176,200,0.0,0.0
2022-06-10 00:00:00-04:00,10.020000457763672,10.020000457763672,10.020000457763672,10.020000457763672,3500,0.0,0.0
2022-06-13 00:00:00-04:00,10.020000457763672,10.039999961853027,10.020000457763672,10.039999961853027,51000,0.0,0.0
2022-06-14 00:00:00-04:00,10.100000381469727,10.100000381469727,10.010000228881836,10.010000228881836,1000,0.0,0.0
2022-06-15 00:00:00-04:00,10.010000228881836,10.038000106811523,10.010000228881836,10.038000106811523,200,0.0,0.0
2022-06-16 00:00:00-04:00,10.038000106811523,10.038000106811523,10.038000106811523,10.038000106811523,0,0.0,0.0
2022-06-17 00:00:00-04:00,10.079999923706055,10.079999923706055,10.079999923706055,10.079999923706055,6000,0.0,0.0
2022-06-21 00:00:00-04:00,10.079999923706055,10.079999923706055,10.079999923706055,10.079999923706055,0,0.0,0.0
2022-06-22 00:00:00-04:00,10.029999732971191,10.029999732971191,10.029999732971191,10.029999732971191,200,0.0,0.0
2022-06-23 00:00:00-04:00,10.965999603271484,11.039999961853027,10.083999633789062,10.100000381469727,8000,0.0,0.0
2022-06-24 00:00:00-04:00,10.5,10.5,10.100000381469727,10.109999656677246,7400,0.0,0.0
2022-06-27 00:00:00-04:00,10.300000190734863,10.300000190734863,10.109999656677246,10.109999656677246,3300,0.0,0.0
2022-06-28 00:00:00-04:00,10.15999984741211,10.15999984741211,10.100000381469727,10.100000381469727,2300,0.0,0.0
2022-06-29 00:00:00-04:00,10.149999618530273,10.149999618530273,10.149999618530273,10.149999618530273,1000,0.0,0.0
2022-06-30 00:00:00-04:00,10.149999618530273,10.149999618530273,10.100000381469727,10.100000381469727,2000,0.0,0.0
2022-07-01 00:00:00-04:00,10.100000381469727,10.100000381469727,10.100000381469727,10.100000381469727,0,0.0,0.0
2022-07-05 00:00:00-04:00,10.100000381469727,10.100000381469727,10.100000381469727,10.100000381469727,600,0.0,0.0
2022-07-06 00:00:00-04:00,10.100000381469727,10.100000381469727,10.100000381469727,10.100000381469727,800,0.0,0.0
2022-07-07 00:00:00-04:00,10.020000457763672,10.069999694824219,10.020000457763672,10.069999694824219,1300,0.0,0.0
2022-07-08 00:00:00-04:00,10.069999694824219,10.069999694824219,10.069999694824219,10.069999694824219,0,0.0,0.0
2022-07-11 00:00:00-04:00,10.069999694824219,10.069999694824219,10.069999694824219,10.069999694824219,0,0.0,0.0
2022-07-12 00:00:00-04:00,10.069999694824219,10.069999694824219,10.069999694824219,10.069999694824219,0,0.0,0.0
2022-07-13 00:00:00-04:00,10.069999694824219,10.069999694824219,10.069999694824219,10.069999694824219,0,0.0,0.0
2022-07-14 00:00:00-04:00,10.029999732971191,10.029999732971191,10.029999732971191,10.029999732971191,400,0.0,0.0
2022-07-15 00:00:00-04:00,10.050000190734863,10.050000190734863,10.050000190734863,10.050000190734863,1000,0.0,0.0
2022-07-18 00:00:00-04:00,10.079999923706055,10.079999923706055,10.079999923706055,10.079999923706055,200,0.0,0.0
2022-07-19 00:00:00-04:00,10.079999923706055,10.079999923706055,10.079999923706055,10.079999923706055,0,0.0,0.0
2022-07-20 00:00:00-04:00,10.020000457763672,10.029999732971191,10.010000228881836,10.029999732971191,1200,0.0,0.0
2022-07-21 00:00:00-04:00,10.029999732971191,10.029999732971191,10.029999732971191,10.029999732971191,0,0.0,0.0
2022-07-22 00:00:00-04:00,10.045999526977539,10.09000015258789,10.029999732971191,10.09000015258789,400,0.0,0.0
2022-07-25 00:00:00-04:00,10.09000015258789,10.09000015258789,10.09000015258789,10.09000015258789,0,0.0,0.0
2022-07-26 00:00:00-04:00,10.050000190734863,10.067000389099121,10.050000190734863,10.067000389099121,200,0.0,0.0
2022-07-27 00:00:00-04:00,10.067000389099121,10.067000389099121,10.067000389099121,10.067000389099121,0,0.0,0.0
2022-07-28 00:00:00-04:00,10.067000389099121,10.067000389099121,10.067000389099121,10.067000389099121,0,0.0,0.0
2022-07-29 00:00:00-04:00,10.0600004196167,10.100000381469727,10.0600004196167,10.100000381469727,700,0.0,0.0
2022-08-01 00:00:00-04:00,10.109999656677246,10.109999656677246,10.100000381469727,10.100000381469727,20400,0.0,0.0
2022-08-02 00:00:00-04:00,10.100000381469727,10.100000381469727,10.100000381469727,10.100000381469727,0,0.0,0.0
2022-08-03 00:00:00-04:00,10.100000381469727,10.100000381469727,10.100000381469727,10.100000381469727,200,0.0,0.0
2022-08-04 00:00:00-04:00,10.100000381469727,10.109999656677246,10.100000381469727,10.109999656677246,13100,0.0,0.0
2022-08-05 00:00:00-04:00,10.109999656677246,10.109999656677246,10.109999656677246,10.109999656677246,0,0.0,0.0
2022-08-08 00:00:00-04:00,10.119999885559082,10.119999885559082,10.119999885559082,10.119999885559082,30500,0.0,0.0
2022-08-09 00:00:00-04:00,10.100000381469727,10.107000350952148,10.100000381469727,10.100000381469727,200,0.0,0.0
2022-08-10 00:00:00-04:00,10.100000381469727,10.100000381469727,10.100000381469727,10.100000381469727,100,0.0,0.0
2022-08-11 00:00:00-04:00,10.109999656677246,10.109999656677246,10.109999656677246,10.109999656677246,200,0.0,0.0
2022-08-12 00:00:00-04:00,10.100000381469727,10.15999984741211,10.100000381469727,10.15999984741211,12400,0.0,0.0
2022-08-15 00:00:00-04:00,10.100000381469727,10.100000381469727,10.100000381469727,10.100000381469727,200,0.0,0.0
2022-08-16 00:00:00-04:00,10.119999885559082,10.119999885559082,10.119999885559082,10.119999885559082,500,0.0,0.0
2022-08-17 00:00:00-04:00,10.100000381469727,10.100000381469727,10.100000381469727,10.100000381469727,1100,0.0,0.0
2022-08-18 00:00:00-04:00,10.100000381469727,10.100000381469727,10.100000381469727,10.100000381469727,0,0.0,0.0
2022-08-19 00:00:00-04:00,10.0600004196167,10.0600004196167,10.0600004196167,10.0600004196167,100,0.0,0.0
2022-08-22 00:00:00-04:00,10.0600004196167,10.119999885559082,10.0600004196167,10.119999885559082,12400,0.0,0.0
2022-08-23 00:00:00-04:00,10.140000343322754,10.140000343322754,10.140000343322754,10.140000343322754,200,0.0,0.0
2022-08-24 00:00:00-04:00,10.140000343322754,10.140000343322754,10.140000343322754,10.140000343322754,0,0.0,0.0
2022-08-25 00:00:00-04:00,10.140000343322754,10.140000343322754,10.140000343322754,10.140000343322754,0,0.0,0.0
2022-08-26 00:00:00-04:00,10.140000343322754,10.140000343322754,10.130000114440918,10.130000114440918,1800,0.0,0.0
2022-08-29 00:00:00-04:00,10.109999656677246,10.140000343322754,10.109999656677246,10.130000114440918,25100,0.0,0.0
2022-08-30 00:00:00-04:00,10.109999656677246,10.119999885559082,10.109999656677246,10.119999885559082,1300,0.0,0.0
2022-08-31 00:00:00-04:00,10.079999923706055,10.079999923706055,10.079999923706055,10.079999923706055,100,0.0,0.0
2022-09-01 00:00:00-04:00,10.130000114440918,10.130000114440918,10.130000114440918,10.130000114440918,2300,0.0,0.0
2022-09-02 00:00:00-04:00,10.130000114440918,10.130000114440918,10.130000114440918,10.130000114440918,100,0.0,0.0
2022-09-06 00:00:00-04:00,10.119999885559082,10.119999885559082,10.119999885559082,10.119999885559082,1100,0.0,0.0
2022-09-07 00:00:00-04:00,10.130000114440918,10.163999557495117,10.119999885559082,10.163999557495117,2800,0.0,0.0
2022-09-08 00:00:00-04:00,10.163999557495117,10.163999557495117,10.163999557495117,10.163999557495117,0,0.0,0.0
2022-09-09 00:00:00-04:00,10.163999557495117,10.163999557495117,10.163999557495117,10.163999557495117,0,0.0,0.0
2022-09-12 00:00:00-04:00,10.163999557495117,10.163999557495117,10.163999557495117,10.163999557495117,0,0.0,0.0
2022-09-13 00:00:00-04:00,10.130000114440918,10.130000114440918,10.130000114440918,10.130000114440918,500,0.0,0.0
2022-09-14 00:00:00-04:00,10.130000114440918,10.130000114440918,10.130000114440918,10.130000114440918,0,0.0,0.0
2022-09-15 00:00:00-04:00,10.130000114440918,10.130000114440918,10.130000114440918,10.130000114440918,0,0.0,0.0
2022-09-16 00:00:00-04:00,10.130000114440918,10.130000114440918,10.130000114440918,10.130000114440918,1200,0.0,0.0
2022-09-19 00:00:00-04:00,10.130000114440918,10.130000114440918,10.130000114440918,10.130000114440918,0,0.0,0.0
2022-09-20 00:00:00-04:00,10.100000381469727,10.100000381469727,10.100000381469727,10.100000381469727,500,0.0,0.0
2022-09-21 00:00:00-04:00,10.149999618530273,10.149999618530273,10.149999618530273,10.149999618530273,200,0.0,0.0
2022-09-22 00:00:00-04:00,10.149999618530273,10.149999618530273,10.149999618530273,10.149999618530273,200,0.0,0.0
2022-09-23 00:00:00-04:00,10.130000114440918,10.149999618530273,10.130000114440918,10.149999618530273,900,0.0,0.0
2022-09-26 00:00:00-04:00,10.140000343322754,10.149999618530273,10.140000343322754,10.149999618530273,800,0.0,0.0
2022-09-27 00:00:00-04:00,10.130000114440918,10.13700008392334,10.130000114440918,10.13700008392334,1200,0.0,0.0
2022-09-28 00:00:00-04:00,10.140000343322754,10.149999618530273,10.140000343322754,10.149999618530273,900,0.0,0.0
2022-09-29 00:00:00-04:00,10.149999618530273,10.170000076293945,10.149999618530273,10.170000076293945,400,0.0,0.0
2022-09-30 00:00:00-04:00,10.130000114440918,10.1899995803833,10.130000114440918,10.149999618530273,6500,0.0,0.0
2022-10-03 00:00:00-04:00,10.149999618530273,10.149999618530273,10.149999618530273,10.149999618530273,0,0.0,0.0
2022-10-04 00:00:00-04:00,10.15999984741211,10.15999984741211,10.15999984741211,10.15999984741211,500,0.0,0.0
2022-10-05 00:00:00-04:00,10.130000114440918,10.130000114440918,10.119999885559082,10.119999885559082,300,0.0,0.0
2022-10-06 00:00:00-04:00,10.119999885559082,10.119999885559082,10.119999885559082,10.119999885559082,0,0.0,0.0
2022-10-07 00:00:00-04:00,10.119999885559082,10.119999885559082,10.119999885559082,10.119999885559082,0,0.0,0.0
2022-10-10 00:00:00-04:00,10.119999885559082,10.119999885559082,10.119999885559082,10.119999885559082,1800,0.0,0.0
2022-10-11 00:00:00-04:00,10.119999885559082,10.119999885559082,10.119999885559082,10.119999885559082,100,0.0,0.0
2022-10-12 00:00:00-04:00,10.119999885559082,10.119999885559082,10.119999885559082,10.119999885559082,500,0.0,0.0
2022-10-13 00:00:00-04:00,10.119999885559082,10.119999885559082,10.119999885559082,10.119999885559082,0,0.0,0.0
2022-10-14 00:00:00-04:00,10.119999885559082,10.119999885559082,10.119999885559082,10.119999885559082,0,0.0,0.0
2022-10-17 00:00:00-04:00,10.119999885559082,10.119999885559082,10.119999885559082,10.119999885559082,0,0.0,0.0
2022-10-18 00:00:00-04:00,10.119999885559082,10.128000259399414,10.119999885559082,10.128000259399414,1300,0.0,0.0
2022-10-19 00:00:00-04:00,10.119999885559082,10.119999885559082,10.119999885559082,10.119999885559082,100,0.0,0.0
2022-10-20 00:00:00-04:00,10.15999984741211,10.15999984741211,10.15999984741211,10.15999984741211,800,0.0,0.0
2022-10-21 00:00:00-04:00,10.15999984741211,10.15999984741211,10.15999984741211,10.15999984741211,1500,0.0,0.0
2022-10-24 00:00:00-04:00,10.170000076293945,10.170000076293945,10.15999984741211,10.15999984741211,4200,0.0,0.0
2022-10-25 00:00:00-04:00,10.15999984741211,10.15999984741211,10.15999984741211,10.15999984741211,0,0.0,0.0
2022-10-26 00:00:00-04:00,10.15999984741211,10.15999984741211,10.15999984741211,10.15999984741211,0,0.0,0.0
2022-10-27 00:00:00-04:00,10.15999984741211,10.15999984741211,10.15999984741211,10.15999984741211,0,0.0,0.0
2022-10-28 00:00:00-04:00,10.15999984741211,10.15999984741211,10.15999984741211,10.15999984741211,0,0.0,0.0
2022-10-31 00:00:00-04:00,10.15999984741211,10.15999984741211,10.15999984741211,10.15999984741211,0,0.0,0.0
2022-11-01 00:00:00-04:00,10.15999984741211,10.15999984741211,10.15999984741211,10.15999984741211,0,0.0,0.0
2022-11-02 00:00:00-04:00,10.1899995803833,10.1899995803833,10.1899995803833,10.1899995803833,100,0.0,0.0
2022-11-03 00:00:00-04:00,10.1899995803833,10.1899995803833,10.1899995803833,10.1899995803833,200,0.0,0.0
2022-11-04 00:00:00-04:00,10.1899995803833,10.1899995803833,10.1899995803833,10.1899995803833,600,0.0,0.0
2022-11-07 00:00:00-05:00,10.180000305175781,10.196000099182129,10.180000305175781,10.196000099182129,200,0.0,0.0
2022-11-08 00:00:00-05:00,10.196000099182129,10.196000099182129,10.196000099182129,10.196000099182129,0,0.0,0.0
2022-11-09 00:00:00-05:00,10.180000305175781,10.180999755859375,10.180000305175781,10.180999755859375,200,0.0,0.0
2022-11-10 00:00:00-05:00,10.180999755859375,10.180999755859375,10.180999755859375,10.180999755859375,0,0.0,0.0
2022-11-11 00:00:00-05:00,10.180999755859375,10.180999755859375,10.180999755859375,10.180999755859375,0,0.0,0.0
2022-11-14 00:00:00-05:00,10.199999809265137,10.199999809265137,10.199999809265137,10.199999809265137,1100,0.0,0.0
2022-11-15 00:00:00-05:00,10.199999809265137,10.199999809265137,10.199999809265137,10.199999809265137,200,0.0,0.0
2022-11-16 00:00:00-05:00,10.220000267028809,10.229999542236328,10.220000267028809,10.229999542236328,300,0.0,0.0
2022-11-17 00:00:00-05:00,10.229999542236328,10.229999542236328,10.229999542236328,10.229999542236328,0,0.0,0.0
2022-11-18 00:00:00-05:00,10.229999542236328,10.229999542236328,10.229999542236328,10.229999542236328,100,0.0,0.0
2022-11-21 00:00:00-05:00,10.229999542236328,10.229999542236328,10.229999542236328,10.229999542236328,300,0.0,0.0
2022-11-22 00:00:00-05:00,10.229999542236328,10.229999542236328,10.229999542236328,10.229999542236328,100,0.0,0.0
2022-11-23 00:00:00-05:00,10.229999542236328,10.229999542236328,10.229999542236328,10.229999542236328,0,0.0,0.0
2022-11-25 00:00:00-05:00,10.229999542236328,10.229999542236328,10.229999542236328,10.229999542236328,0,0.0,0.0
2022-11-28 00:00:00-05:00,10.25,10.314000129699707,10.25,10.262999534606934,3100,0.0,0.0
2022-11-29 00:00:00-05:00,10.25,10.25,10.25,10.25,500,0.0,0.0
2022-11-30 00:00:00-05:00,10.25,10.25,10.25,10.25,0,0.0,0.0
2022-12-01 00:00:00-05:00,10.25,10.262999534606934,10.25,10.25,2200,0.0,0.0
2022-12-02 00:00:00-05:00,10.25,10.25,10.25,10.25,100,0.0,0.0
2022-12-05 00:00:00-05:00,10.25,10.25,10.25,10.25,0,0.0,0.0
2022-12-06 00:00:00-05:00,10.25,10.25,10.25,10.25,2000,0.0,0.0
2022-12-07 00:00:00-05:00,10.25,10.25,10.25,10.25,0,0.0,0.0
2022-12-08 00:00:00-05:00,10.25,10.25,10.25,10.25,4000,0.0,0.0
2022-12-09 00:00:00-05:00,10.289999961853027,10.289999961853027,10.260000228881836,10.260000228881836,600,0.0,0.0
2022-12-12 00:00:00-05:00,10.260000228881836,10.260000228881836,10.260000228881836,10.260000228881836,0,0.0,0.0
2022-12-13 00:00:00-05:00,10.260000228881836,10.260000228881836,10.260000228881836,10.260000228881836,100,0.0,0.0
2022-12-14 00:00:00-05:00,10.270000457763672,10.270000457763672,10.270000457763672,10.270000457763672,300,0.0,0.0
2022-12-15 00:00:00-05:00,10.291999816894531,10.291999816894531,10.291999816894531,10.291999816894531,1700,0.0,0.0
2022-12-16 00:00:00-05:00,10.270000457763672,10.270000457763672,10.270000457763672,10.270000457763672,500,0.0,0.0
2022-12-19 00:00:00-05:00,10.300000190734863,10.300000190734863,10.300000190734863,10.300000190734863,400,0.0,0.0
2022-12-20 00:00:00-05:00,10.300000190734863,10.300000190734863,10.300000190734863,10.300000190734863,200,0.0,0.0
2022-12-21 00:00:00-05:00,10.279999732971191,10.279999732971191,10.279999732971191,10.279999732971191,200,0.0,0.0
2022-12-22 00:00:00-05:00,10.279999732971191,10.279999732971191,10.279999732971191,10.279999732971191,300,0.0,0.0
2022-12-23 00:00:00-05:00,10.279999732971191,10.279999732971191,10.279999732971191,10.279999732971191,0,0.0,0.0
2022-12-27 00:00:00-05:00,10.279999732971191,10.279999732971191,10.279999732971191,10.279999732971191,0,0.0,0.0
2022-12-28 00:00:00-05:00,10.300000190734863,10.300000190734863,10.300000190734863,10.300000190734863,100,0.0,0.0
2022-12-29 00:00:00-05:00,10.300000190734863,10.300000190734863,10.300000190734863,10.300000190734863,0,0.0,0.0
2022-12-30 00:00:00-05:00,10.300000190734863,10.300000190734863,10.300000190734863,10.300000190734863,0,0.0,0.0
2023-01-03 00:00:00-05:00,10.300000190734863,10.300000190734863,10.300000190734863,10.300000190734863,0,0.0,0.0
2023-01-04 00:00:00-05:00,10.300000190734863,10.300000190734863,10.300000190734863,10.300000190734863,0,0.0,0.0
2023-01-05 00:00:00-05:00,10.300000190734863,10.300000190734863,10.300000190734863,10.300000190734863,0,0.0,0.0
2023-01-06 00:00:00-05:00,10.3100004196167,10.3100004196167,10.3100004196167,10.3100004196167,300,0.0,0.0
2023-01-09 00:00:00-05:00,10.3100004196167,10.390000343322754,10.3100004196167,10.390000343322754,500,0.0,0.0
2023-01-10 00:00:00-05:00,10.3100004196167,10.3100004196167,10.3100004196167,10.3100004196167,2300,0.0,0.0
2023-01-11 00:00:00-05:00,10.3100004196167,10.3100004196167,10.3100004196167,10.3100004196167,0,0.0,0.0
2023-01-12 00:00:00-05:00,10.3100004196167,10.387999534606934,10.3100004196167,10.387999534606934,600,0.0,0.0
2023-01-13 00:00:00-05:00,10.387999534606934,10.387999534606934,10.387999534606934,10.387999534606934,0,0.0,0.0
2023-01-17 00:00:00-05:00,10.354999542236328,10.359999656677246,10.354999542236328,10.359999656677246,1400,0.0,0.0
2023-01-18 00:00:00-05:00,10.354999542236328,10.369999885559082,10.354999542236328,10.369999885559082,600,0.0,0.0
2023-01-19 00:00:00-05:00,10.380000114440918,10.380000114440918,10.380000114440918,10.380000114440918,100,0.0,0.0
2023-01-20 00:00:00-05:00,10.399999618530273,10.399999618530273,10.399999618530273,10.399999618530273,1500,0.0,0.0
2023-01-23 00:00:00-05:00,10.380000114440918,10.390000343322754,10.380000114440918,10.390000343322754,1000,0.0,0.0
2023-01-24 00:00:00-05:00,10.390000343322754,10.390000343322754,10.390000343322754,10.390000343322754,0,0.0,0.0
2023-01-25 00:00:00-05:00,10.390000343322754,10.397000312805176,10.390000343322754,10.397000312805176,1000,0.0,0.0
2023-01-26 00:00:00-05:00,10.397000312805176,10.397000312805176,10.397000312805176,10.397000312805176,0,0.0,0.0
2023-01-27 00:00:00-05:00,10.40999984741211,10.420000076293945,10.40999984741211,10.420000076293945,2800,0.0,0.0
2023-01-30 00:00:00-05:00,10.430000305175781,10.446000099182129,10.390000343322754,10.390000343322754,7000,0.0,0.0
2023-01-31 00:00:00-05:00,10.390000343322754,10.390000343322754,10.390000343322754,10.390000343322754,0,0.0,0.0
2023-02-01 00:00:00-05:00,10.399999618530273,10.399999618530273,10.399999618530273,10.399999618530273,900,0.0,0.0
2023-02-02 00:00:00-05:00,10.399999618530273,10.399999618530273,10.399999618530273,10.399999618530273,900,0.0,0.0
2023-02-03 00:00:00-05:00,10.399999618530273,10.399999618530273,10.399999618530273,10.399999618530273,400,0.0,0.0
2023-02-06 00:00:00-05:00,10.399999618530273,10.399999618530273,10.399999618530273,10.399999618530273,0,0.0,0.0
2023-02-07 00:00:00-05:00,10.430000305175781,10.430000305175781,10.399999618530273,10.399999618530273,1100,0.0,0.0
2023-02-08 00:00:00-05:00,10.399999618530273,10.399999618530273,10.399999618530273,10.399999618530273,1000,0.0,0.0
2023-02-09 00:00:00-05:00,10.399999618530273,10.399999618530273,10.399999618530273,10.399999618530273,0,0.0,0.0
2023-02-10 00:00:00-05:00,10.399999618530273,10.399999618530273,10.399999618530273,10.399999618530273,2500,0.0,0.0
2023-02-13 00:00:00-05:00,10.430000305175781,10.430000305175781,10.430000305175781,10.430000305175781,100,0.0,0.0
2023-02-14 00:00:00-05:00,10.430000305175781,10.430000305175781,10.430000305175781,10.430000305175781,100,0.0,0.0
2023-02-15 00:00:00-05:00,10.430000305175781,10.430000305175781,10.430000305175781,10.430000305175781,700,0.0,0.0
2023-02-16 00:00:00-05:00,10.444999694824219,10.444999694824219,10.444999694824219,10.444999694824219,100,0.0,0.0
2023-02-17 00:00:00-05:00,10.444999694824219,10.444999694824219,10.444999694824219,10.444999694824219,100,0.0,0.0
2023-02-21 00:00:00-05:00,10.444999694824219,10.444999694824219,10.444999694824219,10.444999694824219,0,0.0,0.0
2023-02-22 00:00:00-05:00,10.444999694824219,10.444999694824219,10.444999694824219,10.444999694824219,0,0.0,0.0
2023-02-23 00:00:00-05:00,10.4399995803833,10.454000473022461,10.4399995803833,10.454000473022461,200,0.0,0.0
2023-02-24 00:00:00-05:00,10.460000038146973,10.460000038146973,10.460000038146973,10.460000038146973,200,0.0,0.0
2023-02-27 00:00:00-05:00,10.460000038146973,10.460000038146973,10.460000038146973,10.460000038146973,0,0.0,0.0
2023-02-28 00:00:00-05:00,10.460000038146973,10.46500015258789,10.460000038146973,10.46500015258789,900,0.0,0.0
2023-03-01 00:00:00-05:00,10.46500015258789,10.46500015258789,10.46500015258789,10.46500015258789,0,0.0,0.0
2023-03-02 00:00:00-05:00,10.46500015258789,10.46500015258789,10.46500015258789,10.46500015258789,0,0.0,0.0
2023-03-03 00:00:00-05:00,10.460000038146973,10.460000038146973,10.460000038146973,10.460000038146973,1600,0.0,0.0
2023-03-06 00:00:00-05:00,10.489999771118164,10.489999771118164,10.489999771118164,10.489999771118164,100,0.0,0.0
2023-03-07 00:00:00-05:00,10.470000267028809,10.470000267028809,10.470000267028809,10.470000267028809,100,0.0,0.0
2023-03-08 00:00:00-05:00,10.470000267028809,10.470000267028809,10.470000267028809,10.470000267028809,100,0.0,0.0
2023-03-09 00:00:00-05:00,10.470000267028809,10.470000267028809,10.4399995803833,10.4399995803833,300,0.0,0.0
2023-03-10 00:00:00-05:00,10.4399995803833,10.4399995803833,10.4399995803833,10.4399995803833,0,0.0,0.0
2023-03-13 00:00:00-04:00,10.4399995803833,10.4399995803833,10.4399995803833,10.4399995803833,700,0.0,0.0
2023-03-14 00:00:00-04:00,10.4399995803833,10.4399995803833,10.4399995803833,10.4399995803833,0,0.0,0.0
2023-03-15 00:00:00-04:00,10.4399995803833,10.4399995803833,10.4399995803833,10.4399995803833,100,0.0,0.0
2023-03-16 00:00:00-04:00,10.5,10.503000259399414,10.5,10.503000259399414,700,0.0,0.0
2023-03-17 00:00:00-04:00,10.503000259399414,10.503000259399414,10.503000259399414,10.503000259399414,0,0.0,0.0
2023-03-20 00:00:00-04:00,10.503000259399414,10.503000259399414,10.503000259399414,10.503000259399414,0,0.0,0.0
2023-03-21 00:00:00-04:00,10.510000228881836,10.510000228881836,10.5,10.5,2300,0.0,0.0
2023-03-22 00:00:00-04:00,10.5,10.510000228881836,10.5,10.510000228881836,300,0.0,0.0
2023-03-23 00:00:00-04:00,10.510000228881836,10.510000228881836,10.510000228881836,10.510000228881836,0,0.0,0.0
2023-03-24 00:00:00-04:00,10.5,10.517999649047852,10.5,10.517999649047852,700,0.0,0.0
2023-03-27 00:00:00-04:00,10.517999649047852,10.517999649047852,10.517999649047852,10.517999649047852,0,0.0,0.0
2023-03-28 00:00:00-04:00,10.517999649047852,10.517999649047852,10.517999649047852,10.517999649047852,0,0.0,0.0
2023-03-29 00:00:00-04:00,10.517999649047852,10.517999649047852,10.517999649047852,10.517999649047852,0,0.0,0.0
2023-03-30 00:00:00-04:00,10.517999649047852,10.517999649047852,10.517999649047852,10.517999649047852,0,0.0,0.0
2023-03-31 00:00:00-04:00,10.517999649047852,10.517999649047852,10.517999649047852,10.517999649047852,0,0.0,0.0
2023-04-03 00:00:00-04:00,10.520000457763672,10.520000457763672,10.520000457763672,10.520000457763672,100,0.0,0.0
2023-04-04 00:00:00-04:00,10.520000457763672,10.520000457763672,10.520000457763672,10.520000457763672,100,0.0,0.0
2023-04-05 00:00:00-04:00,10.520000457763672,10.520000457763672,10.520000457763672,10.520000457763672,12800,0.0,0.0
2023-04-06 00:00:00-04:00,10.520000457763672,10.520000457763672,10.520000457763672,10.520000457763672,0,0.0,0.0
2023-04-10 00:00:00-04:00,10.520000457763672,10.520000457763672,10.520000457763672,10.520000457763672,0,0.0,0.0
2023-04-11 00:00:00-04:00,10.520000457763672,10.520000457763672,10.520000457763672,10.520000457763672,0,0.0,0.0
2023-04-12 00:00:00-04:00,10.510000228881836,10.510000228881836,10.510000228881836,10.510000228881836,400,0.0,0.0
2023-04-13 00:00:00-04:00,10.510000228881836,10.510000228881836,10.510000228881836,10.510000228881836,300,0.0,0.0
2023-04-14 00:00:00-04:00,10.510000228881836,10.510000228881836,10.510000228881836,10.510000228881836,600,0.0,0.0
2023-04-17 00:00:00-04:00,10.510000228881836,10.510000228881836,10.510000228881836,10.510000228881836,0,0.0,0.0
2023-04-18 00:00:00-04:00,10.510000228881836,10.510000228881836,10.510000228881836,10.510000228881836,0,0.0,0.0
2023-04-19 00:00:00-04:00,10.555000305175781,10.555000305175781,10.555000305175781,10.555000305175781,200,0.0,0.0
2023-04-20 00:00:00-04:00,10.555000305175781,10.555000305175781,10.555000305175781,10.555000305175781,0,0.0,0.0
2023-04-21 00:00:00-04:00,10.520000457763672,10.635000228881836,10.520000457763672,10.635000228881836,500,0.0,0.0
2023-04-24 00:00:00-04:00,10.770000457763672,10.770000457763672,10.770000457763672,10.770000457763672,100,0.0,0.0
2023-04-25 00:00:00-04:00,10.770000457763672,10.770000457763672,10.770000457763672,10.770000457763672,0,0.0,0.0
2023-04-26 00:00:00-04:00,10.770000457763672,10.770000457763672,10.770000457763672,10.770000457763672,0,0.0,0.0
2023-04-27 00:00:00-04:00,10.770000457763672,10.770000457763672,10.770000457763672,10.770000457763672,0,0.0,0.0
2023-04-28 00:00:00-04:00,10.770000457763672,10.770000457763672,10.770000457763672,10.770000457763672,0,0.0,0.0
2023-05-01 00:00:00-04:00,10.479999542236328,10.479999542236328,10.479999542236328,10.479999542236328,100,0.0,0.0
2023-05-02 00:00:00-04:00,10.479999542236328,10.666000366210938,10.479999542236328,10.53499984741211,49500,0.0,0.0
2023-05-03 00:00:00-04:00,10.510000228881836,10.539999961853027,10.510000228881836,10.529999732971191,141100,0.0,0.0
2023-05-04 00:00:00-04:00,10.510000228881836,10.524999618530273,10.510000228881836,10.520000457763672,2000,0.0,0.0
2023-05-05 00:00:00-04:00,10.510000228881836,10.539999961853027,10.510000228881836,10.539999961853027,3000,0.0,0.0
2023-05-08 00:00:00-04:00,10.539999961853027,10.699999809265137,10.539999961853027,10.699999809265137,3500,0.0,0.0
2023-05-09 00:00:00-04:00,10.510000228881836,10.510000228881836,10.510000228881836,10.510000228881836,2300,0.0,0.0
2023-05-10 00:00:00-04:00,10.510000228881836,10.510000228881836,10.510000228881836,10.510000228881836,1000,0.0,0.0
2023-05-11 00:00:00-04:00,10.055000305175781,10.550000190734863,10.039999961853027,10.470000267028809,7400,0.0,0.0
2023-05-12 00:00:00-04:00,10.449999809265137,10.550000190734863,10.015000343322754,10.449999809265137,5700,0.0,0.0
2023-05-15 00:00:00-04:00,10.430000305175781,10.449999809265137,9.954999923706055,10.449999809265137,9000,0.0,0.0
2023-05-16 00:00:00-04:00,9.944999694824219,10.510000228881836,9.944999694824219,10.350000381469727,3200,0.0,0.0
2023-05-17 00:00:00-04:00,10.449999809265137,10.470000267028809,9.935999870300293,10.449999809265137,2700,0.0,0.0
2023-05-18 00:00:00-04:00,10.449999809265137,10.449999809265137,10.399999618530273,10.420000076293945,600,0.0,0.0
2023-05-19 00:00:00-04:00,10.350000381469727,10.4399995803833,10.350000381469727,10.4399995803833,1800,0.0,0.0
2023-05-22 00:00:00-04:00,10.359999656677246,10.359999656677246,10.350000381469727,10.350000381469727,400,0.0,0.0
2023-05-23 00:00:00-04:00,10.350000381469727,10.350000381469727,10.350000381469727,10.350000381469727,300,0.0,0.0
2023-05-24 00:00:00-04:00,10.399999618530273,10.399999618530273,10.350000381469727,10.350000381469727,1000,0.0,0.0
2023-05-25 00:00:00-04:00,10.350000381469727,10.350000381469727,10.350000381469727,10.350000381469727,0,0.0,0.0
2023-05-26 00:00:00-04:00,10.350000381469727,10.449999809265137,10.350000381469727,10.449999809265137,700,0.0,0.0
2023-05-30 00:00:00-04:00,10.449999809265137,10.449999809265137,10.449999809265137,10.449999809265137,100,0.0,0.0
2023-05-31 00:00:00-04:00,10.5,10.5,10.5,10.5,500,0.0,0.0
2023-06-01 00:00:00-04:00,10.399999618530273,10.430000305175781,10.399999618530273,10.430000305175781,1200,0.0,0.0
2023-06-02 00:00:00-04:00,10.430000305175781,10.430000305175781,10.430000305175781,10.430000305175781,0,0.0,0.0
2023-06-05 00:00:00-04:00,10.430000305175781,10.430000305175781,10.430000305175781,10.430000305175781,0,0.0,0.0
2023-06-06 00:00:00-04:00,10.430000305175781,10.430000305175781,10.430000305175781,10.430000305175781,0,0.0,0.0
2023-06-07 00:00:00-04:00,10.319999694824219,10.449999809265137,10.319999694824219,10.449999809265137,3200,0.0,0.0
2023-06-08 00:00:00-04:00,10.369999885559082,10.369999885559082,10.369999885559082,10.369999885559082,700,0.0,0.0
2023-06-09 00:00:00-04:00,10.319999694824219,10.319999694824219,10.319999694824219,10.319999694824219,100,0.0,0.0
2023-06-12 00:00:00-04:00,10.3100004196167,10.3100004196167,10.3100004196167,10.3100004196167,400,0.0,0.0
2023-06-13 00:00:00-04:00,10.399999618530273,10.399999618530273,9.925000190734863,10.369999885559082,7800,0.0,0.0
2023-06-14 00:00:00-04:00,10.369999885559082,10.369999885559082,10.369999885559082,10.369999885559082,0,0.0,0.0
2023-06-15 00:00:00-04:00,10.380999565124512,10.380999565124512,10.380999565124512,10.380999565124512,200,0.0,0.0
2023-06-16 00:00:00-04:00,10.333999633789062,10.420000076293945,9.994999885559082,10.380000114440918,800,0.0,0.0
2023-06-20 00:00:00-04:00,10.390000343322754,10.489999771118164,10.380000114440918,10.380000114440918,2000,0.0,0.0
2023-06-21 00:00:00-04:00,10.420000076293945,10.420000076293945,10.420000076293945,10.420000076293945,100,0.0,0.0
2023-06-22 00:00:00-04:00,10.449999809265137,10.449999809265137,10.420000076293945,10.420000076293945,200,0.0,0.0
2023-06-23 00:00:00-04:00,10.460000038146973,10.460000038146973,10.460000038146973,10.460000038146973,200,0.0,0.0
2023-06-26 00:00:00-04:00,10.199999809265137,10.725000381469727,9.899999618530273,10.430000305175781,11800,0.0,0.0
2023-06-27 00:00:00-04:00,10.449999809265137,10.470000267028809,10.449999809265137,10.470000267028809,700,0.0,0.0
2023-06-28 00:00:00-04:00,10.5,10.5,10.5,10.5,200,0.0,0.0
2023-06-29 00:00:00-04:00,10.5,10.5,10.460000038146973,10.479999542236328,1200,0.0,0.0
2023-06-30 00:00:00-04:00,10.479999542236328,10.479999542236328,10.479999542236328,10.479999542236328,0,0.0,0.0
2023-07-03 00:00:00-04:00,10.479999542236328,10.479999542236328,10.479999542236328,10.479999542236328,400,0.0,0.0
2023-07-05 00:00:00-04:00,10.479999542236328,10.479999542236328,10.479999542236328,10.479999542236328,0,0.0,0.0
2023-07-06 00:00:00-04:00,10.550000190734863,10.59000015258789,10.550000190734863,10.59000015258789,1700,0.0,0.0
2023-07-07 00:00:00-04:00,10.59000015258789,10.59000015258789,10.59000015258789,10.59000015258789,0,0.0,0.0
2023-07-10 00:00:00-04:00,10.59000015258789,10.59000015258789,10.59000015258789,10.59000015258789,0,0.0,0.0
2023-07-11 00:00:00-04:00,10.59000015258789,10.59000015258789,10.59000015258789,10.59000015258789,0,0.0,0.0
2023-07-12 00:00:00-04:00,10.59000015258789,10.59000015258789,10.59000015258789,10.59000015258789,0,0.0,0.0
2023-07-13 00:00:00-04:00,10.3100004196167,10.5,10.3100004196167,10.5,700,0.0,0.0
2023-07-14 00:00:00-04:00,10.5,10.5,10.5,10.5,0,0.0,0.0
2023-07-17 00:00:00-04:00,10.520000457763672,10.520000457763672,10.520000457763672,10.520000457763672,100,0.0,0.0
2023-07-18 00:00:00-04:00,10.520000457763672,10.520000457763672,10.520000457763672,10.520000457763672,0,0.0,0.0
2023-07-19 00:00:00-04:00,10.550000190734863,10.59000015258789,10.550000190734863,10.59000015258789,5800,0.0,0.0
2023-07-20 00:00:00-04:00,10.59000015258789,10.59000015258789,10.59000015258789,10.59000015258789,0,0.0,0.0
2023-07-21 00:00:00-04:00,10.59000015258789,10.59000015258789,10.59000015258789,10.59000015258789,0,0.0,0.0
2023-07-24 00:00:00-04:00,10.59000015258789,10.59000015258789,10.59000015258789,10.59000015258789,0,0.0,0.0
2023-07-25 00:00:00-04:00,10.59000015258789,10.59000015258789,10.59000015258789,10.59000015258789,0,0.0,0.0
2023-07-26 00:00:00-04:00,10.59000015258789,10.59000015258789,10.59000015258789,10.59000015258789,0,0.0,0.0
2023-07-27 00:00:00-04:00,10.59000015258789,10.59000015258789,10.59000015258789,10.59000015258789,0,0.0,0.0
2023-07-28 00:00:00-04:00,10.59000015258789,10.59000015258789,10.59000015258789,10.59000015258789,0,0.0,0.0
2023-07-31 00:00:00-04:00,10.3100004196167,10.529999732971191,10.3100004196167,10.529999732971191,400,0.0,0.0
2023-08-01 00:00:00-04:00,10.529999732971191,10.529999732971191,10.529999732971191,10.529999732971191,0,0.0,0.0
2023-08-02 00:00:00-04:00,10.529999732971191,10.529999732971191,10.529999732971191,10.529999732971191,0,0.0,0.0
2023-08-03 00:00:00-04:00,10.529999732971191,10.529999732971191,10.529999732971191,10.529999732971191,0,0.0,0.0
2023-08-04 00:00:00-04:00,10.529999732971191,10.529999732971191,10.529999732971191,10.529999732971191,0,0.0,0.0
2023-08-07 00:00:00-04:00,10.59000015258789,10.600000381469727,10.59000015258789,10.600000381469727,1800,0.0,0.0
2023-08-08 00:00:00-04:00,10.600000381469727,10.600000381469727,10.600000381469727,10.600000381469727,0,0.0,0.0
2023-08-09 00:00:00-04:00,10.649999618530273,10.899999618530273,10.649999618530273,10.899999618530273,500,0.0,0.0
2023-08-10 00:00:00-04:00,10.899999618530273,10.899999618530273,10.899999618530273,10.899999618530273,100,0.0,0.0
2023-08-11 00:00:00-04:00,10.989999771118164,11.0,10.989999771118164,11.0,400,0.0,0.0
2023-08-14 00:00:00-04:00,11.0,11.0,11.0,11.0,0,0.0,0.0
2023-08-15 00:00:00-04:00,11.0,11.0,11.0,11.0,500,0.0,0.0
2023-08-16 00:00:00-04:00,10.84000015258789,10.84000015258789,10.84000015258789,10.84000015258789,100,0.0,0.0
2023-08-17 00:00:00-04:00,10.84000015258789,10.84000015258789,10.84000015258789,10.84000015258789,0,0.0,0.0
2023-08-18 00:00:00-04:00,10.84000015258789,10.84000015258789,10.84000015258789,10.84000015258789,500,0.0,0.0
2023-08-21 00:00:00-04:00,10.84000015258789,10.84000015258789,10.84000015258789,10.84000015258789,0,0.0,0.0
2023-08-22 00:00:00-04:00,10.84000015258789,10.84000015258789,10.84000015258789,10.84000015258789,0,0.0,0.0
2023-08-23 00:00:00-04:00,10.819999694824219,10.819999694824219,10.819999694824219,10.819999694824219,100,0.0,0.0
2023-08-24 00:00:00-04:00,10.819999694824219,10.819999694824219,10.819999694824219,10.819999694824219,0,0.0,0.0
2023-08-25 00:00:00-04:00,10.819999694824219,10.819999694824219,10.819999694824219,10.819999694824219,0,0.0,0.0
2023-08-28 00:00:00-04:00,10.819999694824219,10.819999694824219,10.819999694824219,10.819999694824219,0,0.0,0.0
2023-08-29 00:00:00-04:00,10.819999694824219,10.819999694824219,10.819999694824219,10.819999694824219,100,0.0,0.0
2023-08-30 00:00:00-04:00,10.819999694824219,10.819999694824219,10.819999694824219,10.819999694824219,0,0.0,0.0
2023-08-31 00:00:00-04:00,11.029999732971191,11.029999732971191,11.029999732971191,11.029999732971191,200,0.0,0.0
2023-09-01 00:00:00-04:00,11.029999732971191,11.029999732971191,11.029999732971191,11.029999732971191,0,0.0,0.0
2023-09-05 00:00:00-04:00,12.119999885559082,12.119999885559082,12.119999885559082,12.119999885559082,100,0.0,0.0
2023-09-06 00:00:00-04:00,12.119999885559082,12.119999885559082,12.119999885559082,12.119999885559082,0,0.0,0.0
2023-09-07 00:00:00-04:00,12.119999885559082,12.119999885559082,12.119999885559082,12.119999885559082,0,0.0,0.0
2023-09-08 00:00:00-04:00,12.119999885559082,12.119999885559082,12.119999885559082,12.119999885559082,0,0.0,0.0
2023-09-11 00:00:00-04:00,12.119999885559082,12.119999885559082,12.119999885559082,12.119999885559082,0,0.0,0.0
2023-09-12 00:00:00-04:00,9.930000305175781,11.100000381469727,9.930000305175781,11.100000381469727,1400,0.0,0.0
2023-09-13 00:00:00-04:00,11.100000381469727,11.100000381469727,11.100000381469727,11.100000381469727,0,0.0,0.0
2023-09-14 00:00:00-04:00,10.0,10.989999771118164,10.0,10.989999771118164,500,0.0,0.0
2023-09-15 00:00:00-04:00,10.989999771118164,10.989999771118164,10.989999771118164,10.989999771118164,0,0.0,0.0
2023-09-18 00:00:00-04:00,10.989999771118164,10.989999771118164,10.989999771118164,10.989999771118164,0,0.0,0.0
2023-09-19 00:00:00-04:00,11.0,11.0,11.0,11.0,600,0.0,0.0
2023-09-20 00:00:00-04:00,11.0,11.0,11.0,11.0,0,0.0,0.0
2023-09-21 00:00:00-04:00,11.0,11.0,11.0,11.0,0,0.0,0.0
2023-09-22 00:00:00-04:00,11.0,11.0,11.0,11.0,0,0.0,0.0
2023-09-25 00:00:00-04:00,11.0,11.0,11.0,11.0,0,0.0,0.0
2023-09-26 00:00:00-04:00,11.0,11.0,11.0,11.0,0,0.0,0.0
2023-09-27 00:00:00-04:00,11.479999542236328,11.479999542236328,11.479999542236328,11.479999542236328,100,0.0,0.0
2023-09-28 00:00:00-04:00,11.029999732971191,11.239999771118164,11.020000457763672,11.239999771118164,400,0.0,0.0
2023-09-29 00:00:00-04:00,11.239999771118164,11.239999771118164,11.239999771118164,11.239999771118164,0,0.0,0.0
2023-10-02 00:00:00-04:00,11.050000190734863,11.050000190734863,11.0,11.0,1000,0.0,0.0
2023-10-03 00:00:00-04:00,11.0,11.0,11.0,11.0,0,0.0,0.0
2023-10-04 00:00:00-04:00,11.0,11.0,10.760000228881836,10.760000228881836,200,0.0,0.0
2023-10-05 00:00:00-04:00,10.760000228881836,10.760000228881836,10.760000228881836,10.760000228881836,0,0.0,0.0
2023-10-06 00:00:00-04:00,10.760000228881836,10.760000228881836,10.760000228881836,10.760000228881836,0,0.0,0.0
2023-10-09 00:00:00-04:00,10.630000114440918,10.630000114440918,10.630000114440918,10.630000114440918,100,0.0,0.0
2023-10-10 00:00:00-04:00,10.760000228881836,10.760000228881836,10.760000228881836,10.760000228881836,100,0.0,0.0
2023-10-11 00:00:00-04:00,10.760000228881836,10.760000228881836,10.760000228881836,10.760000228881836,0,0.0,0.0
2023-10-12 00:00:00-04:00,10.630000114440918,10.696000099182129,10.630000114440918,10.696000099182129,1000,0.0,0.0
2023-10-13 00:00:00-04:00,10.696000099182129,10.696000099182129,10.696000099182129,10.696000099182129,0,0.0,0.0
2023-10-16 00:00:00-04:00,10.696000099182129,10.696000099182129,10.696000099182129,10.696000099182129,0,0.0,0.0
2023-10-17 00:00:00-04:00,10.696000099182129,10.696000099182129,10.696000099182129,10.696000099182129,0,0.0,0.0
2023-10-18 00:00:00-04:00,10.789999961853027,10.789999961853027,10.789999961853027,10.789999961853027,700,0.0,0.0
2023-10-19 00:00:00-04:00,10.789999961853027,10.789999961853027,10.789999961853027,10.789999961853027,200,0.0,0.0
2023-10-20 00:00:00-04:00,10.789999961853027,10.789999961853027,10.789999961853027,10.789999961853027,0,0.0,0.0
2023-10-23 00:00:00-04:00,10.789999961853027,10.789999961853027,10.789999961853027,10.789999961853027,0,0.0,0.0
2023-10-24 00:00:00-04:00,10.789999961853027,10.789999961853027,10.789999961853027,10.789999961853027,0,0.0,0.0
2023-10-25 00:00:00-04:00,10.789999961853027,10.789999961853027,10.789999961853027,10.789999961853027,0,0.0,0.0
2023-10-26 00:00:00-04:00,10.789999961853027,10.789999961853027,10.789999961853027,10.789999961853027,0,0.0,0.0
2023-10-27 00:00:00-04:00,10.789999961853027,10.789999961853027,10.789999961853027,10.789999961853027,0,0.0,0.0
2023-10-30 00:00:00-04:00,10.859999656677246,11.680000305175781,10.859999656677246,10.9399995803833,17100,0.0,0.0
2023-10-31 00:00:00-04:00,10.859999656677246,10.869999885559082,10.859999656677246,10.869999885559082,500,0.0,0.0
2023-11-01 00:00:00-04:00,11.414999961853027,11.414999961853027,10.979999542236328,10.979999542236328,1300,0.0,0.0
2023-11-02 00:00:00-04:00,10.979999542236328,10.979999542236328,10.979999542236328,10.979999542236328,0,0.0,0.0
2023-11-03 00:00:00-04:00,11.0,11.0,10.90999984741211,10.90999984741211,1100,0.0,0.0
2023-11-06 00:00:00-05:00,10.859999656677246,10.859999656677246,10.859999656677246,10.859999656677246,1400,0.0,0.0
2023-11-07 00:00:00-05:00,10.859999656677246,10.859999656677246,10.859999656677246,10.859999656677246,0,0.0,0.0
2023-11-08 00:00:00-05:00,10.899999618530273,10.899999618530273,10.899999618530273,10.899999618530273,400,0.0,0.0
2023-11-09 00:00:00-05:00,10.90999984741211,10.90999984741211,10.90999984741211,10.90999984741211,400,0.0,0.0
2023-11-10 00:00:00-05:00,10.90999984741211,10.90999984741211,10.90999984741211,10.90999984741211,0,0.0,0.0
2023-11-13 00:00:00-05:00,10.90999984741211,10.90999984741211,10.90999984741211,10.90999984741211,0,0.0,0.0
2023-11-14 00:00:00-05:00,10.90999984741211,10.90999984741211,10.90999984741211,10.90999984741211,0,0.0,0.0
2023-11-15 00:00:00-05:00,10.859999656677246,10.869999885559082,10.859999656677246,10.869999885559082,200,0.0,0.0
2023-11-16 00:00:00-05:00,10.869999885559082,10.869999885559082,10.869999885559082,10.869999885559082,200,0.0,0.0
2023-11-17 00:00:00-05:00,10.869999885559082,10.869999885559082,10.869999885559082,10.869999885559082,0,0.0,0.0
2023-11-20 00:00:00-05:00,10.859999656677246,10.859999656677246,10.859999656677246,10.859999656677246,800,0.0,0.0
2023-11-21 00:00:00-05:00,10.859999656677246,10.859999656677246,10.859999656677246,10.859999656677246,0,0.0,0.0
2023-11-22 00:00:00-05:00,10.859999656677246,10.859999656677246,10.859999656677246,10.859999656677246,0,0.0,0.0
2023-11-24 00:00:00-05:00,10.859999656677246,10.859999656677246,10.859999656677246,10.859999656677246,0,0.0,0.0
2023-11-27 00:00:00-05:00,10.859999656677246,10.859999656677246,10.859999656677246,10.859999656677246,0,0.0,0.0
2023-11-28 00:00:00-05:00,10.859999656677246,10.859999656677246,10.859999656677246,10.859999656677246,0,0.0,0.0
2023-11-29 00:00:00-05:00,10.880000114440918,10.880000114440918,10.880000114440918,10.880000114440918,800,0.0,0.0
2023-11-30 00:00:00-05:00,10.880000114440918,10.880000114440918,10.880000114440918,10.880000114440918,0,0.0,0.0
2023-12-01 00:00:00-05:00,10.880000114440918,10.880000114440918,10.880000114440918,10.880000114440918,0,0.0,0.0
2023-12-04 00:00:00-05:00,10.880000114440918,10.880000114440918,10.880000114440918,10.880000114440918,0,0.0,0.0
2023-12-05 00:00:00-05:00,10.880000114440918,10.880000114440918,10.880000114440918,10.880000114440918,0,0.0,0.0
2023-12-06 00:00:00-05:00,10.880000114440918,10.880000114440918,10.880000114440918,10.880000114440918,0,0.0,0.0
2023-12-07 00:00:00-05:00,10.880000114440918,10.880000114440918,10.880000114440918,10.880000114440918,0,0.0,0.0
2023-12-08 00:00:00-05:00,10.9399995803833,10.949999809265137,10.9399995803833,10.949999809265137,200,0.0,0.0
2023-12-11 00:00:00-05:00,10.949999809265137,10.949999809265137,10.949999809265137,10.949999809265137,0,0.0,0.0
2023-12-12 00:00:00-05:00,11.0600004196167,11.0600004196167,10.859999656677246,10.859999656677246,900,0.0,0.0
2023-12-13 00:00:00-05:00,10.859999656677246,10.859999656677246,10.859999656677246,10.859999656677246,0,0.0,0.0
2023-12-14 00:00:00-05:00,10.859999656677246,10.859999656677246,10.859999656677246,10.859999656677246,0,0.0,0.0
2023-12-15 00:00:00-05:00,10.859999656677246,10.859999656677246,10.859999656677246,10.859999656677246,0,0.0,0.0
2023-12-18 00:00:00-05:00,10.899999618530273,10.899999618530273,10.890000343322754,10.890000343322754,300,0.0,0.0
2023-12-19 00:00:00-05:00,10.890000343322754,10.890000343322754,10.890000343322754,10.890000343322754,0,0.0,0.0
2023-12-20 00:00:00-05:00,10.859999656677246,10.90999984741211,10.859999656677246,10.90999984741211,300,0.0,0.0
2023-12-21 00:00:00-05:00,10.90999984741211,10.90999984741211,10.90999984741211,10.90999984741211,0,0.0,0.0
2023-12-22 00:00:00-05:00,10.90999984741211,10.90999984741211,10.90999984741211,10.90999984741211,0,0.0,0.0
2023-12-26 00:00:00-05:00,10.90999984741211,10.90999984741211,10.90999984741211,10.90999984741211,0,0.0,0.0
2023-12-27 00:00:00-05:00,10.90999984741211,10.90999984741211,10.90999984741211,10.90999984741211,0,0.0,0.0
2023-12-28 00:00:00-05:00,10.90999984741211,10.90999984741211,10.90999984741211,10.90999984741211,100,0.0,0.0
2023-12-29 00:00:00-05:00,10.90999984741211,10.90999984741211,10.90999984741211,10.90999984741211,0,0.0,0.0
2024-01-02 00:00:00-05:00,10.90999984741211,10.90999984741211,10.899999618530273,10.899999618530273,2600,0.0,0.0
2024-01-03 00:00:00-05:00,10.899999618530273,10.899999618530273,10.899999618530273,10.899999618530273,0,0.0,0.0
2024-01-04 00:00:00-05:00,10.899999618530273,10.899999618530273,10.899999618530273,10.899999618530273,0,0.0,0.0
2024-01-05 00:00:00-05:00,10.859999656677246,10.859999656677246,10.859999656677246,10.859999656677246,100,0.0,0.0
2024-01-08 00:00:00-05:00,10.859999656677246,10.859999656677246,10.859999656677246,10.859999656677246,0,0.0,0.0
2024-01-09 00:00:00-05:00,10.890000343322754,10.890000343322754,10.875,10.875,400,0.0,0.0
2024-01-10 00:00:00-05:00,10.90999984741211,10.90999984741211,10.90999984741211,10.90999984741211,200,0.0,0.0
2024-01-11 00:00:00-05:00,10.90999984741211,10.90999984741211,10.90999984741211,10.90999984741211,0,0.0,0.0
2024-01-12 00:00:00-05:00,10.989999771118164,10.989999771118164,10.949999809265137,10.982000350952148,400,0.0,0.0
2024-01-16 00:00:00-05:00,10.982000350952148,10.982000350952148,10.982000350952148,10.982000350952148,0,0.0,0.0
2024-01-17 00:00:00-05:00,10.982000350952148,10.982000350952148,10.982000350952148,10.982000350952148,0,0.0,0.0
2024-01-18 00:00:00-05:00,10.982000350952148,10.982000350952148,10.982000350952148,10.982000350952148,0,0.0,0.0
2024-01-19 00:00:00-05:00,10.982000350952148,10.982000350952148,10.982000350952148,10.982000350952148,0,0.0,0.0
2024-01-22 00:00:00-05:00,10.982000350952148,10.982000350952148,10.982000350952148,10.982000350952148,0,0.0,0.0
2024-01-23 00:00:00-05:00,10.982000350952148,10.982000350952148,10.982000350952148,10.982000350952148,0,0.0,0.0
2024-01-24 00:00:00-05:00,10.930000305175781,10.930000305175781,10.930000305175781,10.930000305175781,800,0.0,0.0
2024-01-25 00:00:00-05:00,10.930000305175781,10.930000305175781,10.930000305175781,10.930000305175781,0,0.0,0.0
2024-01-26 00:00:00-05:00,10.930000305175781,10.930000305175781,10.930000305175781,10.930000305175781,0,0.0,0.0
2024-01-29 00:00:00-05:00,10.920000076293945,10.920000076293945,10.890000343322754,10.890000343322754,700,0.0,0.0
2024-01-30 00:00:00-05:00,10.890000343322754,10.890000343322754,10.890000343322754,10.890000343322754,0,0.0,0.0
2024-01-31 00:00:00-05:00,10.890000343322754,10.890000343322754,10.890000343322754,10.890000343322754,0,0.0,0.0
2024-02-01 00:00:00-05:00,10.890000343322754,10.890000343322754,10.890000343322754,10.890000343322754,0,0.0,0.0
2024-02-02 00:00:00-05:00,10.890000343322754,10.890000343322754,10.890000343322754,10.890000343322754,0,0.0,0.0
2024-02-05 00:00:00-05:00,10.890000343322754,10.890000343322754,10.890000343322754,10.890000343322754,0,0.0,0.0
2024-02-06 00:00:00-05:00,10.890000343322754,10.890000343322754,10.890000343322754,10.890000343322754,0,0.0,0.0
2024-02-07 00:00:00-05:00,10.920000076293945,10.920000076293945,10.920000076293945,10.920000076293945,1000,0.0,0.0
2024-02-08 00:00:00-05:00,11.0,11.0,11.0,11.0,400,0.0,0.0
2024-02-09 00:00:00-05:00,11.0,11.0,11.0,11.0,0,0.0,0.0
2024-02-12 00:00:00-05:00,11.0,11.0,11.0,11.0,0,0.0,0.0
2024-02-13 00:00:00-05:00,11.0,11.0,11.0,11.0,0,0.0,0.0
2024-02-14 00:00:00-05:00,11.0,11.0,11.0,11.0,0,0.0,0.0
2024-02-15 00:00:00-05:00,11.0,11.0,11.0,11.0,0,0.0,0.0
2024-02-16 00:00:00-05:00,11.0,11.0,11.0,11.0,0,0.0,0.0
2024-02-20 00:00:00-05:00,11.0,11.0,11.0,11.0,0,0.0,0.0
2024-02-21 00:00:00-05:00,11.0,11.0,11.0,11.0,0,0.0,0.0
2024-02-22 00:00:00-05:00,11.0,11.0,11.0,11.0,0,0.0,0.0
2024-02-23 00:00:00-05:00,11.0,11.0,11.0,11.0,0,0.0,0.0
2024-02-26 00:00:00-05:00,11.0,11.0,11.0,11.0,100,0.0,0.0
2024-02-27 00:00:00-05:00,11.0,11.0,11.0,11.0,0,0.0,0.0
2024-02-28 00:00:00-05:00,11.0,11.0,11.0,11.0,0,0.0,0.0
2024-02-29 00:00:00-05:00,10.3100004196167,10.979999542236328,10.3100004196167,10.979999542236328,400,0.0,0.0
2024-03-01 00:00:00-05:00,10.979999542236328,10.979999542236328,10.979999542236328,10.979999542236328,0,0.0,0.0
2024-03-04 00:00:00-05:00,11.345999717712402,11.345999717712402,11.345999717712402,11.345999717712402,200,0.0,0.0
2024-03-05 00:00:00-05:00,11.09000015258789,11.09000015258789,11.09000015258789,11.09000015258789,300,0.0,0.0
2024-03-06 00:00:00-05:00,11.09000015258789,11.09000015258789,11.09000015258789,11.09000015258789,0,0.0,0.0
2024-03-07 00:00:00-05:00,11.09000015258789,11.09000015258789,11.09000015258789,11.09000015258789,0,0.0,0.0
2024-03-08 00:00:00-05:00,10.890000343322754,10.890000343322754,10.890000343322754,10.890000343322754,200,0.0,0.0
2024-03-11 00:00:00-04:00,10.890000343322754,10.890000343322754,10.890000343322754,10.890000343322754,0,0.0,0.0
2024-03-12 00:00:00-04:00,10.890000343322754,10.890000343322754,10.890000343322754,10.890000343322754,0,0.0,0.0
2024-03-13 00:00:00-04:00,10.890000343322754,10.890000343322754,10.890000343322754,10.890000343322754,0,0.0,0.0
2024-03-14 00:00:00-04:00,10.890000343322754,10.890000343322754,10.890000343322754,10.890000343322754,0,0.0,0.0
2024-03-15 00:00:00-04:00,10.890000343322754,10.890000343322754,10.890000343322754,10.890000343322754,0,0.0,0.0
2024-03-18 00:00:00-04:00,10.890000343322754,10.890000343322754,10.890000343322754,10.890000343322754,0,0.0,0.0
2024-03-19 00:00:00-04:00,10.890000343322754,10.890000343322754,10.890000343322754,10.890000343322754,0,0.0,0.0
2024-03-20 00:00:00-04:00,10.890000343322754,10.890000343322754,10.890000343322754,10.890000343322754,0,0.0,0.0
2024-03-21 00:00:00-04:00,10.890000343322754,10.890000343322754,10.890000343322754,10.890000343322754,0,0.0,0.0
2024-03-22 00:00:00-04:00,11.008000373840332,11.008000373840332,11.008000373840332,11.008000373840332,300,0.0,0.0
2024-03-25 00:00:00-04:00,11.008000373840332,11.008000373840332,11.008000373840332,11.008000373840332,0,0.0,0.0
2024-03-26 00:00:00-04:00,11.008000373840332,11.008000373840332,11.008000373840332,11.008000373840332,0,0.0,0.0
2024-03-27 00:00:00-04:00,11.008000373840332,11.008000373840332,11.008000373840332,11.008000373840332,0,0.0,0.0
2024-03-28 00:00:00-04:00,11.008000373840332,11.008000373840332,11.008000373840332,11.008000373840332,0,0.0,0.0
2024-04-01 00:00:00-04:00,11.008000373840332,11.008000373840332,11.008000373840332,11.008000373840332,0,0.0,0.0
2024-04-02 00:00:00-04:00,11.008000373840332,11.008000373840332,11.008000373840332,11.008000373840332,0,0.0,0.0
2024-04-03 00:00:00-04:00,11.008000373840332,11.008000373840332,11.008000373840332,11.008000373840332,0,0.0,0.0
2024-04-04 00:00:00-04:00,11.008000373840332,11.008000373840332,11.008000373840332,11.008000373840332,0,0.0,0.0
2024-04-05 00:00:00-04:00,11.008000373840332,11.008000373840332,11.008000373840332,11.008000373840332,0,0.0,0.0
2024-04-08 00:00:00-04:00,11.008000373840332,11.008000373840332,11.008000373840332,11.008000373840332,0,0.0,0.0
2024-04-09 00:00:00-04:00,11.008000373840332,11.008000373840332,11.008000373840332,11.008000373840332,0,0.0,0.0
2024-04-10 00:00:00-04:00,11.008000373840332,11.008000373840332,11.008000373840332,11.008000373840332,0,0.0,0.0
2024-04-11 00:00:00-04:00,11.008000373840332,11.008000373840332,11.008000373840332,11.008000373840332,0,0.0,0.0
2024-04-12 00:00:00-04:00,11.008000373840332,11.008000373840332,11.008000373840332,11.008000373840332,0,0.0,0.0
2024-04-15 00:00:00-04:00,11.008000373840332,11.008000373840332,11.008000373840332,11.008000373840332,0,0.0,0.0
2024-04-16 00:00:00-04:00,11.008000373840332,11.008000373840332,11.008000373840332,11.008000373840332,0,0.0,0.0
2024-04-17 00:00:00-04:00,11.008000373840332,11.008000373840332,11.008000373840332,11.008000373840332,0,0.0,0.0
2024-04-18 00:00:00-04:00,11.008000373840332,11.008000373840332,11.008000373840332,11.008000373840332,0,0.0,0.0
2024-04-19 00:00:00-04:00,10.899999618530273,10.899999618530273,10.899999618530273,10.899999618530273,100,0.0,0.0
2024-04-22 00:00:00-04:00,10.899999618530273,10.899999618530273,10.899999618530273,10.899999618530273,0,0.0,0.0
2024-04-23 00:00:00-04:00,10.899999618530273,10.899999618530273,10.899999618530273,10.899999618530273,0,0.0,0.0
2024-04-24 00:00:00-04:00,11.119999885559082,11.119999885559082,11.119999885559082,11.119999885559082,100,0.0,0.0
2024-04-25 00:00:00-04:00,11.119999885559082,11.119999885559082,11.119999885559082,11.119999885559082,0,0.0,0.0
2024-04-26 00:00:00-04:00,11.119999885559082,11.119999885559082,11.119999885559082,11.119999885559082,0,0.0,0.0
2024-04-29 00:00:00-04:00,11.119999885559082,11.119999885559082,11.119999885559082,11.119999885559082,0,0.0,0.0
2024-04-30 00:00:00-04:00,11.119999885559082,11.119999885559082,11.119999885559082,11.119999885559082,0,0.0,0.0
2024-05-01 00:00:00-04:00,11.119999885559082,11.119999885559082,11.119999885559082,11.119999885559082,0,0.0,0.0
2024-05-02 00:00:00-04:00,11.119999885559082,11.119999885559082,11.119999885559082,11.119999885559082,0,0.0,0.0
2024-05-03 00:00:00-04:00,11.119999885559082,11.119999885559082,11.119999885559082,11.119999885559082,0,0.0,0.0
2024-05-06 00:00:00-04:00,11.069999694824219,11.069999694824219,11.069999694824219,11.069999694824219,100,0.0,0.0
2024-05-07 00:00:00-04:00,11.069999694824219,11.069999694824219,11.069999694824219,11.069999694824219,0,0.0,0.0
2024-05-08 00:00:00-04:00,10.890000343322754,10.890000343322754,10.890000343322754,10.890000343322754,200,0.0,0.0
2024-05-09 00:00:00-04:00,10.890000343322754,10.890000343322754,10.890000343322754,10.890000343322754,0,0.0,0.0
2024-05-10 00:00:00-04:00,10.890000343322754,10.890000343322754,10.890000343322754,10.890000343322754,0,0.0,0.0
2024-05-13 00:00:00-04:00,10.930000305175781,11.199999809265137,10.890000343322754,11.199999809265137,3100,0.0,0.0
2024-05-14 00:00:00-04:00,11.199999809265137,11.199999809265137,11.199999809265137,11.199999809265137,0,0.0,0.0
2024-05-15 00:00:00-04:00,11.199999809265137,11.199999809265137,11.199999809265137,11.199999809265137,0,0.0,0.0
2024-05-16 00:00:00-04:00,11.289999961853027,11.390000343322754,11.289999961853027,11.390000343322754,200,0.0,0.0
2024-05-17 00:00:00-04:00,11.390000343322754,11.390000343322754,11.390000343322754,11.390000343322754,0,0.0,0.0
2024-05-20 00:00:00-04:00,11.390000343322754,11.390000343322754,11.390000343322754,11.390000343322754,0,0.0,0.0
2024-05-21 00:00:00-04:00,11.390000343322754,11.390000343322754,11.390000343322754,11.390000343322754,0,0.0,0.0
2024-05-22 00:00:00-04:00,11.899999618530273,12.0,11.899999618530273,12.0,700,0.0,0.0
2024-05-23 00:00:00-04:00,12.0,12.0,12.0,12.0,0,0.0,0.0
2024-05-24 00:00:00-04:00,12.0,12.0,12.0,12.0,0,0.0,0.0
2024-05-28 00:00:00-04:00,12.0,12.0,12.0,12.0,0,0.0,0.0
2024-05-29 00:00:00-04:00,12.0,12.0,12.0,12.0,0,0.0,0.0
2024-05-30 00:00:00-04:00,12.0,12.0,12.0,12.0,0,0.0,0.0
2024-05-31 00:00:00-04:00,12.0,12.0,12.0,12.0,0,0.0,0.0
2024-06-03 00:00:00-04:00,12.0,12.0,12.0,12.0,0,0.0,0.0
2024-06-04 00:00:00-04:00,12.0,12.0,12.0,12.0,0,0.0,0.0
2024-06-05 00:00:00-04:00,12.0,12.0,12.0,12.0,0,0.0,0.0
2024-06-06 00:00:00-04:00,12.0,12.0,12.0,12.0,0,0.0,0.0
2024-06-07 00:00:00-04:00,12.0,12.0,12.0,12.0,0,0.0,0.0
2024-06-10 00:00:00-04:00,12.0,12.0,12.0,12.0,0,0.0,0.0
2024-06-11 00:00:00-04:00,12.0,12.0,12.0,12.0,0,0.0,0.0
2024-06-12 00:00:00-04:00,12.0,12.0,12.0,12.0,0,0.0,0.0
2024-06-13 00:00:00-04:00,12.0,12.0,12.0,12.0,0,0.0,0.0
2024-06-14 00:00:00-04:00,12.0,12.0,12.0,12.0,0,0.0,0.0
2024-06-17 00:00:00-04:00,12.0,12.0,12.0,12.0,0,0.0,0.0
2024-06-18 00:00:00-04:00,12.0,12.0,12.0,12.0,0,0.0,0.0
2024-06-20 00:00:00-04:00,12.0,12.0,12.0,12.0,0,0.0,0.0
2024-06-21 00:00:00-04:00,12.0,12.0,12.0,12.0,0,0.0,0.0
2024-06-24 00:00:00-04:00,12.0,12.0,12.0,12.0,0,0.0,0.0
2024-06-25 00:00:00-04:00,12.0,12.0,12.0,12.0,0,0.0,0.0
2024-06-26 00:00:00-04:00,12.0,12.0,12.0,12.0,0,0.0,0.0
2024-06-27 00:00:00-04:00,12.0,12.0,12.0,12.0,0,0.0,0.0
2024-06-28 00:00:00-04:00,12.0,12.0,12.0,12.0,0,0.0,0.0
2024-07-01 00:00:00-04:00,12.0,12.0,12.0,12.0,0,0.0,0.0
2024-07-02 00:00:00-04:00,12.0,12.0,12.0,12.0,0,0.0,0.0
2024-07-03 00:00:00-04:00,12.0,12.0,12.0,12.0,0,0.0,0.0
2024-07-05 00:00:00-04:00,12.0,12.0,12.0,12.0,0,0.0,0.0
2024-07-08 00:00:00-04:00,12.0,12.0,12.0,12.0,0,0.0,0.0
2024-07-09 00:00:00-04:00,11.100000381469727,11.100000381469727,11.100000381469727,11.100000381469727,100,0.0,0.0
2024-07-10 00:00:00-04:00,11.100000381469727,11.100000381469727,11.100000381469727,11.100000381469727,0,0.0,0.0
2024-07-11 00:00:00-04:00,11.100000381469727,11.100000381469727,11.100000381469727,11.100000381469727,0,0.0,0.0
2024-07-12 00:00:00-04:00,11.100000381469727,11.100000381469727,11.100000381469727,11.100000381469727,0,0.0,0.0
2024-07-15 00:00:00-04:00,11.100000381469727,11.100000381469727,11.100000381469727,11.100000381469727,0,0.0,0.0
2024-07-16 00:00:00-04:00,11.100000381469727,11.100000381469727,11.100000381469727,11.100000381469727,0,0.0,0.0
2024-07-17 00:00:00-04:00,11.100000381469727,11.100000381469727,11.100000381469727,11.100000381469727,0,0.0,0.0
2024-07-18 00:00:00-04:00,11.100000381469727,11.100000381469727,11.100000381469727,11.100000381469727,0,0.0,0.0
2024-07-19 00:00:00-04:00,11.100000381469727,11.100000381469727,11.100000381469727,11.100000381469727,0,0.0,0.0
2024-07-22 00:00:00-04:00,11.100000381469727,11.100000381469727,11.100000381469727,11.100000381469727,0,0.0,0.0
2024-07-23 00:00:00-04:00,11.100000381469727,11.100000381469727,11.100000381469727,11.100000381469727,0,0.0,0.0
2024-07-24 00:00:00-04:00,11.100000381469727,11.100000381469727,11.100000381469727,11.100000381469727,0,0.0,0.0
2024-07-25 00:00:00-04:00,11.100000381469727,11.100000381469727,11.100000381469727,11.100000381469727,0,0.0,0.0
2024-07-26 00:00:00-04:00,11.109999656677246,11.109999656677246,11.109999656677246,11.109999656677246,300,0.0,0.0
2024-07-29 00:00:00-04:00,11.109999656677246,11.109999656677246,11.109999656677246,11.109999656677246,0,0.0,0.0
2024-07-30 00:00:00-04:00,11.109999656677246,11.109999656677246,11.109999656677246,11.109999656677246,0,0.0,0.0
2024-07-31 00:00:00-04:00,11.109999656677246,11.109999656677246,11.109999656677246,11.109999656677246,0,0.0,0.0
2024-08-01 00:00:00-04:00,11.109999656677246,11.109999656677246,11.109999656677246,11.109999656677246,0,0.0,0.0
2024-08-02 00:00:00-04:00,11.109999656677246,11.109999656677246,11.109999656677246,11.109999656677246,0,0.0,0.0
2024-08-05 00:00:00-04:00,11.109999656677246,11.109999656677246,11.109999656677246,11.109999656677246,0,0.0,0.0
2024-08-06 00:00:00-04:00,11.109999656677246,11.109999656677246,11.109999656677246,11.109999656677246,0,0.0,0.0
2024-08-07 00:00:00-04:00,11.109999656677246,11.109999656677246,11.109999656677246,11.109999656677246,0,0.0,0.0
2024-08-08 00:00:00-04:00,11.109999656677246,11.109999656677246,11.109999656677246,11.109999656677246,0,0.0,0.0
2024-08-09 00:00:00-04:00,11.109999656677246,11.109999656677246,11.109999656677246,11.109999656677246,200,0.0,0.0
2024-08-12 00:00:00-04:00,11.109999656677246,11.109999656677246,11.109999656677246,11.109999656677246,0,0.0,0.0
2024-08-13 00:00:00-04:00,11.109999656677246,11.109999656677246,11.109999656677246,11.109999656677246,0,0.0,0.0
2024-08-14 00:00:00-04:00,11.109999656677246,11.109999656677246,11.109999656677246,11.109999656677246,0,0.0,0.0
2024-08-15 00:00:00-04:00,11.109999656677246,11.109999656677246,11.109999656677246,11.109999656677246,0,0.0,0.0
2024-08-16 00:00:00-04:00,11.109999656677246,11.109999656677246,11.109999656677246,11.109999656677246,0,0.0,0.0
2024-08-19 00:00:00-04:00,11.109999656677246,11.109999656677246,11.109999656677246,11.109999656677246,0,0.0,0.0
2024-08-20 00:00:00-04:00,11.109999656677246,11.109999656677246,11.109999656677246,11.109999656677246,0,0.0,0.0
2024-08-21 00:00:00-04:00,11.109999656677246,11.109999656677246,11.109999656677246,11.109999656677246,0,0.0,0.0
2024-08-22 00:00:00-04:00,11.109999656677246,11.109999656677246,11.109999656677246,11.109999656677246,0,0.0,0.0
2024-08-23 00:00:00-04:00,11.109999656677246,11.109999656677246,11.109999656677246,11.109999656677246,0,0.0,0.0
2024-08-26 00:00:00-04:00,11.109999656677246,11.109999656677246,11.109999656677246,11.109999656677246,0,0.0,0.0
2024-08-27 00:00:00-04:00,11.109999656677246,11.109999656677246,11.109999656677246,11.109999656677246,0,0.0,0.0
2024-08-28 00:00:00-04:00,11.109999656677246,11.109999656677246,11.109999656677246,11.109999656677246,0,0.0,0.0
2024-08-29 00:00:00-04:00,11.109999656677246,11.109999656677246,11.109999656677246,11.109999656677246,0,0.0,0.0
2024-08-30 00:00:00-04:00,11.109999656677246,11.109999656677246,11.109999656677246,11.109999656677246,0,0.0,0.0
2024-09-03 00:00:00-04:00,12.0,12.600000381469727,11.5600004196167,12.220000267028809,6100,0.0,0.0
2024-09-04 00:00:00-04:00,12.079999923706055,12.399999618530273,11.5,11.890000343322754,2000,0.0,0.0
2024-09-05 00:00:00-04:00,11.779999732971191,11.779999732971191,11.779999732971191,11.779999732971191,200,0.0,0.0
2024-09-06 00:00:00-04:00,11.779999732971191,11.779999732971191,11.779999732971191,11.779999732971191,0,0.0,0.0
2024-09-09 00:00:00-04:00,11.779999732971191,11.779999732971191,11.779999732971191,11.779999732971191,100,0.0,0.0
2024-09-10 00:00:00-04:00,11.779999732971191,11.779999732971191,11.779999732971191,11.779999732971191,0,0.0,0.0
2024-09-11 00:00:00-04:00,11.819999694824219,11.819999694824219,11.699999809265137,11.699999809265137,600,0.0,0.0
2024-09-12 00:00:00-04:00,11.399999618530273,11.649999618530273,11.399999618530273,11.399999618530273,2400,0.0,0.0
2024-09-13 00:00:00-04:00,11.399999618530273,11.399999618530273,11.399999618530273,11.399999618530273,0,0.0,0.0
2024-09-16 00:00:00-04:00,11.399999618530273,11.399999618530273,11.399999618530273,11.399999618530273,0,0.0,0.0
2024-09-17 00:00:00-04:00,11.399999618530273,11.399999618530273,11.399999618530273,11.399999618530273,0,0.0,0.0
2024-09-18 00:00:00-04:00,12.15999984741211,12.15999984741211,11.800000190734863,11.899999618530273,700,0.0,0.0
2024-09-19 00:00:00-04:00,12.0,12.989999771118164,12.0,12.75,2200,0.0,0.0
2024-09-20 00:00:00-04:00,11.260000228881836,11.289999961853027,11.260000228881836,11.270000457763672,400,0.0,0.0
2024-09-23 00:00:00-04:00,12.350000381469727,12.350000381469727,11.510000228881836,11.510000228881836,400,0.0,0.0
2024-09-24 00:00:00-04:00,12.0,13.100000381469727,11.220000267028809,11.369999885559082,7900,0.0,0.0
2024-09-25 00:00:00-04:00,13.100000381469727,13.100000381469727,11.789999961853027,11.8100004196167,1100,0.0,0.0
2024-09-26 00:00:00-04:00,11.609999656677246,11.609999656677246,11.020000457763672,11.510000228881836,1000,0.0,0.0
2024-09-27 00:00:00-04:00,11.930000305175781,11.930000305175781,11.930000305175781,11.930000305175781,800,0.0,0.0
2024-09-30 00:00:00-04:00,12.100000381469727,13.739999771118164,12.100000381469727,12.779999732971191,5000,0.0,0.0
2024-10-01 00:00:00-04:00,12.779999732971191,12.779999732971191,12.779999732971191,12.779999732971191,100,0.0,0.0
2024-10-02 00:00:00-04:00,12.779999732971191,12.779999732971191,12.779999732971191,12.779999732971191,0,0.0,0.0
2024-10-03 00:00:00-04:00,13.199999809265137,13.199999809265137,13.199999809265137,13.199999809265137,600,0.0,0.0
2024-10-04 00:00:00-04:00,13.75,14.0,13.140000343322754,14.0,1300,0.0,0.0
2024-10-07 00:00:00-04:00,13.979999542236328,13.979999542236328,12.0,12.0,2000,0.0,0.0
2024-10-08 00:00:00-04:00,12.0,12.0,12.0,12.0,0,0.0,0.0
2024-10-09 00:00:00-04:00,13.199999809265137,14.300000190734863,12.710000038146973,13.779999732971191,6200,0.0,0.0
2024-10-10 00:00:00-04:00,14.539999961853027,14.539999961853027,13.489999771118164,13.489999771118164,3100,0.0,0.0
2024-10-11 00:00:00-04:00,14.4399995803833,15.0,13.5,13.59000015258789,2300,0.0,0.0
2024-10-14 00:00:00-04:00,13.59000015258789,13.59000015258789,13.59000015258789,13.59000015258789,0,0.0,0.0
2024-10-15 00:00:00-04:00,13.59000015258789,13.59000015258789,13.59000015258789,13.59000015258789,0,0.0,0.0
2024-10-16 00:00:00-04:00,11.800000190734863,12.270000457763672,11.510000228881836,12.100000381469727,3700,0.0,0.0
2024-10-17 00:00:00-04:00,12.869999885559082,13.817999839782715,11.680000305175781,12.859999656677246,2200,0.0,0.0
2024-10-18 00:00:00-04:00,12.770000457763672,13.899999618530273,12.770000457763672,13.699999809265137,3300,0.0,0.0
2024-10-21 00:00:00-04:00,12.699999809265137,12.699999809265137,11.710000038146973,11.819999694824219,1400,0.0,0.0
2024-10-22 00:00:00-04:00,11.4399995803833,11.510000228881836,11.4399995803833,11.510000228881836,1500,0.0,0.0
2024-10-23 00:00:00-04:00,11.510000228881836,11.510000228881836,11.510000228881836,11.510000228881836,0,0.0,0.0
2024-10-24 00:00:00-04:00,11.460000038146973,11.460000038146973,11.449999809265137,11.449999809265137,500,0.0,0.0
2024-10-25 00:00:00-04:00,11.449999809265137,11.449999809265137,11.449999809265137,11.449999809265137,0,0.0,0.0
2024-10-28 00:00:00-04:00,11.460000038146973,11.460000038146973,11.4399995803833,11.4399995803833,500,0.0,0.0
2024-10-29 00:00:00-04:00,11.4399995803833,11.6899995803833,11.40999984741211,11.6899995803833,1100,0.0,0.0
2024-10-30 00:00:00-04:00,11.4399995803833,11.4399995803833,11.4399995803833,11.4399995803833,200,0.0,0.0
2024-10-31 00:00:00-04:00,11.4399995803833,11.4399995803833,11.4399995803833,11.4399995803833,0,0.0,0.0
2024-11-01 00:00:00-04:00,11.4399995803833,11.4399995803833,11.4399995803833,11.4399995803833,600,0.0,0.0
2024-11-04 00:00:00-05:00,11.4399995803833,11.4399995803833,11.4399995803833,11.4399995803833,0,0.0,0.0
2024-11-05 00:00:00-05:00,11.4399995803833,11.4399995803833,11.40999984741211,11.40999984741211,600,0.0,0.0
2024-11-06 00:00:00-05:00,11.40999984741211,11.40999984741211,11.40999984741211,11.40999984741211,0,0.0,0.0
2024-11-07 00:00:00-05:00,11.40999984741211,11.40999984741211,11.40999984741211,11.40999984741211,0,0.0,0.0
2024-11-08 00:00:00-05:00,11.40999984741211,11.40999984741211,11.40999984741211,11.40999984741211,0,0.0,0.0
2024-11-11 00:00:00-05:00,11.40999984741211,11.40999984741211,11.40999984741211,11.40999984741211,0,0.0,0.0
2024-11-12 00:00:00-05:00,11.4399995803833,11.4399995803833,11.399999618530273,11.399999618530273,600,0.0,0.0
2024-11-13 00:00:00-05:00,11.399999618530273,11.399999618530273,11.399999618530273,11.399999618530273,0,0.0,0.0
2024-11-14 00:00:00-05:00,11.399999618530273,11.399999618530273,11.399999618530273,11.399999618530273,0,0.0,0.0
2024-11-15 00:00:00-05:00,11.399999618530273,11.399999618530273,11.399999618530273,11.399999618530273,0,0.0,0.0
2024-11-18 00:00:00-05:00,11.399999618530273,11.399999618530273,11.399999618530273,11.399999618530273,0,0.0,0.0
2024-11-19 00:00:00-05:00,11.399999618530273,11.399999618530273,11.399999618530273,11.399999618530273,0,0.0,0.0
2024-11-20 00:00:00-05:00,11.399999618530273,11.399999618530273,11.399999618530273,11.399999618530273,0,0.0,0.0
2024-11-21 00:00:00-05:00,11.449999809265137,11.449999809265137,11.449999809265137,11.449999809265137,100,0.0,0.0
2024-11-22 00:00:00-05:00,11.449999809265137,11.449999809265137,11.449999809265137,11.449999809265137,0,0.0,0.0
2024-11-25 00:00:00-05:00,11.449999809265137,11.449999809265137,11.449999809265137,11.449999809265137,0,0.0,0.0
2024-11-26 00:00:00-05:00,11.449999809265137,11.449999809265137,11.449999809265137,11.449999809265137,0,0.0,0.0
