Date,Open,High,Low,Close,Volume,Dividends,Stock Splits
2022-01-03 00:00:00-05:00,42.95662663683726,43.731950492010746,42.892016608988,43.70425796508789,1262500,0.0,0.0
2022-01-04 00:00:00-05:00,44.11961495219425,45.384130147265836,43.935013345669695,45.13492202758789,1882300,0.0,0.0
2022-01-05 00:00:00-05:00,45.30106220370861,46.18714567189793,45.236448649898506,45.60565185546875,2497600,0.0,0.0
2022-01-06 00:00:00-05:00,46.22406679342257,46.64864801602932,45.51335290985073,45.94716262817383,2975800,0.0,0.0
2022-01-07 00:00:00-05:00,46.03023007299268,47.05476555664952,46.01176956182073,46.740943908691406,2939500,0.0,0.0
2022-01-10 00:00:00-05:00,46.79632046172749,47.377814178317365,45.282593916557,45.4948844909668,2177100,0.0,0.0
2022-01-11 00:00:00-05:00,45.393359634990986,45.6702602688586,44.60880725220233,45.457969665527344,1445100,0.0,0.0
2022-01-12 00:00:00-05:00,45.43027606445262,45.45796506874465,44.56264970615861,44.83955383300781,1814700,0.0,0.0
2022-01-13 00:00:00-05:00,45.3656721631387,46.57480579350868,45.1349210402763,46.40866470336914,1369100,0.0,0.0
2022-01-14 00:00:00-05:00,46.196375241055414,47.913164201179264,46.03023414678647,47.71010208129883,1736600,0.0,0.0
2022-01-18 00:00:00-05:00,47.62703039975564,48.1346856873651,47.35012975623039,47.67318344116211,1929800,0.0,0.0
2022-01-19 00:00:00-05:00,47.7839417738273,47.89470132421172,46.33482503944341,46.37174606323242,1222700,0.0,0.0
2022-01-20 00:00:00-05:00,46.09484552216237,46.565579809947145,45.42105262957234,45.56873321533203,2057500,0.0,0.0
2022-01-21 00:00:00-05:00,45.89178331612632,46.07638139310294,44.682646194426766,44.8764762878418,1682600,0.0,0.0
2022-01-24 00:00:00-05:00,44.424202720315215,46.17790896624307,44.258061646777094,46.020999908447266,1814300,0.0,0.0
2022-01-25 00:00:00-05:00,45.753336179929185,46.519431661873824,44.87648113563722,46.35329055786133,1338300,0.0,0.0
2022-01-26 00:00:00-05:00,46.23328570214737,46.66709885149716,44.14729752551487,44.65494918823242,2051600,0.0,0.0
2022-01-27 00:00:00-05:00,44.728793475374225,45.87332050866157,44.174992230192174,44.4518928527832,1073000,0.0,0.0
2022-01-28 00:00:00-05:00,43.990398866532274,44.562660729682825,43.57504609449434,44.498050689697266,894300,0.0,0.0
2022-01-31 00:00:00-05:00,43.88886353332062,44.39651530716054,43.61196288586091,43.990394592285156,1421000,0.0,0.0
2022-02-01 00:00:00-05:00,43.91655118264328,44.79340254866409,43.69502857670197,44.525733947753906,1089400,0.0,0.0
2022-02-02 00:00:00-05:00,44.47958695272981,44.84879017245546,44.08269472386874,44.77494812011719,1183100,0.0,0.0
2022-02-03 00:00:00-05:00,44.83032600464873,45.485658321303106,44.52573636604169,45.06107711791992,1361300,0.0,0.0
2022-02-04 00:00:00-05:00,44.77494771153503,44.9226282938811,43.69503411331369,44.03654479980469,1660700,0.0,0.0
2022-02-07 00:00:00-05:00,44.24882900583328,44.39650956678251,43.7042562771488,43.78732681274414,1173100,0.0,0.0
2022-02-08 00:00:00-05:00,44.230374686549204,45.17183971474647,44.10115461775439,44.67341995239258,1598200,0.0,0.0
2022-02-09 00:00:00-05:00,44.904166059589,45.60564786359228,44.86724503806714,45.319515228271484,1148900,0.0,0.0
2022-02-10 00:00:00-05:00,45.153381478411255,45.873327430967024,44.93186235530408,45.43951416015625,1358300,0.0,0.0
2022-02-11 00:00:00-05:00,45.39335712786868,46.150220461763006,45.28259758463552,45.956390380859375,1332200,0.0,0.0
2022-02-14 00:00:00-05:00,46.214834679971744,46.26098420042235,44.941087493835404,45.60565185546875,1168400,0.0,0.0
2022-02-15 00:00:00-05:00,45.63333416982047,46.30712692831562,45.48565361345143,45.707176208496094,974100,0.0,0.0
2022-02-16 00:00:00-05:00,45.64257475997989,46.4917372383878,45.3656741048896,45.63334274291992,926500,0.0,0.0
2022-02-17 00:00:00-05:00,45.35643876769747,45.559500876358015,44.71956695551113,44.99646759033203,1059600,0.0,0.0
2022-02-18 00:00:00-05:00,44.738023616456694,45.697945499811404,44.738023616456694,45.22721481323242,1003400,0.0,0.0
2022-02-22 00:00:00-05:00,45.06107216404639,45.38412227871791,44.802632072309166,44.84878158569336,2444800,0.0,0.0
2022-02-23 00:00:00-05:00,45.457973145012474,47.2947537106627,44.57188964041969,46.89786148071289,4391400,0.0,0.0
2022-02-24 00:00:00-05:00,47.008618341546054,47.008618341546054,43.971932764192054,45.6148796081543,3603300,0.0,0.0
2022-02-25 00:00:00-05:00,46.233286132855234,48.87307902875709,46.09483407765064,48.84538650512695,3655000,0.0,0.0
2022-02-28 00:00:00-05:00,47.359363452806576,48.273135960950945,47.20245085262064,48.162376403808594,1955500,0.0,0.0
2022-03-01 00:00:00-05:00,47.774707499123394,48.05161164346938,45.3379763799524,46.51942443847656,2819900,0.0,0.0
2022-03-02 00:00:00-05:00,46.70402225181843,47.49780661651518,46.39943262407574,47.26705551147461,2229900,0.0,0.0
2022-03-03 00:00:00-05:00,47.63626039513891,47.85777949216658,46.824015490411476,47.18398666381836,1208300,0.0,0.0
2022-03-04 00:00:00-05:00,46.40286112964019,47.34207576735857,46.17038187257256,47.30487823486328,1925100,0.38,0.0
2022-03-07 00:00:00-05:00,46.858517025272846,48.75554855513327,46.73762682211018,47.9465217590332,3404500,0.0,0.0
2022-03-08 00:00:00-05:00,48.45796776793578,49.15540540754947,47.31417046465147,48.309181213378906,3394300,0.0,0.0
2022-03-09 00:00:00-05:00,49.20190851006183,50.03883523209764,48.21619520936986,48.80204391479492,2784700,0.0,0.0
2022-03-10 00:00:00-05:00,48.28127841388574,48.44866372119059,46.523736234535846,46.81201171875,1971900,0.0,0.0
2022-03-11 00:00:00-05:00,47.193283175293374,47.96511591320423,47.193283175293374,47.25837707519531,1435000,0.0,0.0
2022-03-14 00:00:00-04:00,47.89072206488859,47.927919593584924,46.75622227111154,47.249080657958984,1330400,0.0,0.0
2022-03-15 00:00:00-04:00,47.555958387330115,47.779140044942075,46.83062420795743,47.28628158569336,1222700,0.0,0.0
2022-03-16 00:00:00-04:00,47.555954558178826,48.53236669348834,47.31417770030623,48.4765739440918,1404900,0.0,0.0
2022-03-17 00:00:00-04:00,48.33707985640301,48.988022393450436,47.73263600206368,48.718345642089844,1203400,0.0,0.0
2022-03-18 00:00:00-04:00,48.63465281934804,49.38788678011048,48.086001710302874,49.24839782714844,2600500,0.0,0.0
2022-03-21 00:00:00-04:00,49.43438101569011,50.14111628103616,48.81133841112791,48.96012496948242,1429900,0.0,0.0
2022-03-22 00:00:00-04:00,49.285592628862354,49.41578041917372,48.50446233964294,49.17400360107422,876300,0.0,0.0
2022-03-23 00:00:00-04:00,49.32280042934996,49.64826997293359,48.811346769139135,48.82064437866211,937400,0.0,0.0
2022-03-24 00:00:00-04:00,48.94153130251424,49.220505685059415,48.66255691996907,49.211204528808594,728500,0.0,0.0
2022-03-25 00:00:00-04:00,49.29489620725627,50.20621794452146,49.22980230421614,50.17831802368164,727600,0.0,0.0
2022-03-28 00:00:00-04:00,50.17831864251856,50.17831864251856,49.071718729837215,49.61106872558594,848700,0.0,0.0
2022-03-29 00:00:00-04:00,50.09462503165482,50.8292602724694,49.47158237877396,50.280609130859375,906300,0.0,0.0
2022-03-30 00:00:00-04:00,50.169022051331936,50.50379273351564,50.094626989801434,50.49449157714844,860600,0.0,0.0
2022-03-31 00:00:00-04:00,50.15972066025641,50.680475446477864,49.620370656091126,49.63896942138672,1161200,0.0,0.0
2022-04-01 00:00:00-04:00,49.64827082798582,49.797057414379616,47.909326934379784,48.74625015258789,1189700,0.0,0.0
2022-04-04 00:00:00-04:00,48.588157877771145,48.70904806766324,47.193282531997816,48.420772552490234,1368100,0.0,0.0
2022-04-05 00:00:00-04:00,48.06740745971624,48.72765121206074,47.695442795813406,47.78843307495117,1292700,0.0,0.0
2022-04-06 00:00:00-04:00,47.70474317786407,48.039513877983076,46.97940902584085,47.20258712768555,1370300,0.0,0.0
2022-04-07 00:00:00-04:00,47.109591744443826,47.31417460511932,46.28196624058619,46.951507568359375,1517600,0.0,0.0
2022-04-08 00:00:00-04:00,47.360673056239165,48.11390710268864,47.04450113459576,47.9465217590332,1137400,0.0,0.0
2022-04-11 00:00:00-04:00,48.17899700818086,49.8807431308998,48.169695852443546,49.136810302734375,1219800,0.0,0.0
2022-04-12 00:00:00-04:00,49.174010108729156,49.97373926630741,48.96012963243409,49.90864181518555,1300700,0.0,0.0
2022-04-13 00:00:00-04:00,49.945834045252404,50.73626551013916,49.88074014838954,50.48518753051758,1263800,0.0,0.0
2022-04-14 00:00:00-04:00,50.680464984221246,51.89865725446633,50.680464984221246,51.71267318725586,2333200,0.0,0.0
2022-04-18 00:00:00-04:00,51.80567279241063,52.44731776266553,51.46160451178296,51.73128128051758,1502000,0.0,0.0
2022-04-19 00:00:00-04:00,51.898671206723684,52.35432856916808,51.8056773744428,51.954463958740234,996100,0.0,0.0
2022-04-20 00:00:00-04:00,52.14974682343671,53.16335294332795,52.03815422985543,52.80068588256836,1204700,0.0,0.0
2022-04-21 00:00:00-04:00,52.958776063261894,53.42373458261037,51.889370049819604,51.954463958740234,1407400,0.0,0.0
2022-04-22 00:00:00-04:00,51.61968218962651,51.78706750449159,49.955133743236836,50.00162887573242,1147100,0.0,0.0
2022-04-25 00:00:00-04:00,49.983041886904594,50.66188091382589,48.84854194055149,50.62468338012695,1343400,0.0,0.0
2022-04-26 00:00:00-04:00,50.50378753568538,50.894350926468555,50.15971573254622,50.37359619140625,1039500,0.0,0.0
2022-04-27 00:00:00-04:00,50.37359747648179,51.17332658926979,49.59247067498821,50.42939376831055,1119400,0.0,0.0
2022-04-28 00:00:00-04:00,50.40149926937014,51.34071382561105,49.98303593347998,51.23842239379883,1384800,0.0,0.0
2022-04-29 00:00:00-04:00,51.3500151341193,51.61039074506802,50.18761894616732,50.345703125,1682200,0.0,0.0
2022-05-02 00:00:00-04:00,50.699072325001154,51.12683326882544,49.65756633866979,50.51308822631836,2101600,0.0,0.0
2022-05-03 00:00:00-04:00,51.09894032278937,52.493815835436834,48.402179579396844,48.9973258972168,3259000,0.0,0.0
2022-05-04 00:00:00-04:00,48.988030423334855,49.676167053052815,47.63964999286326,49.508785247802734,2340700,0.0,0.0
2022-05-05 00:00:00-04:00,49.062413771581745,49.65756356357731,48.69044914235488,48.95082473754883,1395100,0.0,0.0
2022-05-06 00:00:00-04:00,49.00662834045579,49.74126364776862,48.76484792539872,49.41579055786133,1008800,0.0,0.0
2022-05-09 00:00:00-04:00,49.174010108729156,50.31780755014281,48.699750470001725,49.90864181518555,1764100,0.0,0.0
2022-05-10 00:00:00-04:00,50.04813114407934,51.0152456462238,49.899344570468784,50.996646881103516,1849400,0.0,0.0
2022-05-11 00:00:00-04:00,51.34070913063649,52.968063640118494,51.34070913063649,51.907958984375,2068800,0.0,0.0
2022-05-12 00:00:00-04:00,51.95445807415413,52.345025030792584,50.83855704463915,51.67548370361328,2067200,0.0,0.0
2022-05-13 00:00:00-04:00,52.1404417081918,52.512409897184,51.65688448144257,52.01025390625,1312900,0.0,0.0
2022-05-16 00:00:00-04:00,51.973058651702495,52.949470756335614,51.79637570524467,52.78208541870117,939800,0.0,0.0
2022-05-17 00:00:00-04:00,52.30782403309887,52.484506961675294,50.75486456008929,51.935855865478516,1771900,0.0,0.0
2022-05-18 00:00:00-04:00,51.4523059196061,51.56389495898863,48.66255510358166,48.76484298706055,1859600,0.0,0.0
2022-05-19 00:00:00-04:00,48.14179927183765,48.33708097325854,46.79341903123105,47.2211799621582,2150000,0.0,0.0
2022-05-20 00:00:00-04:00,47.61174824963094,48.355681095475624,46.53304473631824,47.639644622802734,1624700,0.0,0.0
2022-05-23 00:00:00-04:00,48.31848713200955,48.82064317026819,47.82563225039564,48.4672737121582,1203200,0.0,0.0
2022-05-24 00:00:00-04:00,48.448673706797685,50.02953329753014,48.206896850498275,49.964439392089844,1292600,0.0,0.0
2022-05-25 00:00:00-04:00,50.05742621413424,50.71766633254696,49.722655577375306,50.52238464355469,1220100,0.0,0.0
2022-05-26 00:00:00-04:00,50.91295690322408,51.145436158489936,50.41080086048535,50.7083740234375,1328900,0.0,0.0
2022-05-27 00:00:00-04:00,50.70836869223229,51.619686851381154,50.56888328214867,51.28491973876953,1662100,0.0,0.0
2022-05-31 00:00:00-04:00,51.098937734926,52.0846474436379,50.46659391742886,51.92656326293945,2716700,0.0,0.0
2022-06-01 00:00:00-04:00,52.05675321542951,52.19624218431963,49.56457537254562,50.88505935668945,1598900,0.0,0.0
2022-06-02 00:00:00-04:00,50.97869538926487,50.97869538926487,49.45233360448398,50.547943115234375,1169200,0.38,0.0
2022-06-03 00:00:00-04:00,50.33256248222544,50.64158272000793,50.032908442522505,50.15464401245117,985000,0.0,0.0
2022-06-06 00:00:00-04:00,50.53858202282081,50.80077844590254,50.079734710269435,50.622859954833984,969800,0.0,0.0
2022-06-07 00:00:00-04:00,50.313834502100626,51.29707455962692,50.19209893013017,51.17534255981445,959300,0.0,0.0
2022-06-08 00:00:00-04:00,50.93187378380057,51.418812522163165,50.44493504543797,50.501121520996094,706400,0.0,0.0
2022-06-09 00:00:00-04:00,50.52921653726485,50.79141653620809,49.07776641845703,49.07776641845703,788400,0.0,0.0
2022-06-10 00:00:00-04:00,48.24435443110658,49.499157259615586,47.83233095464037,49.0122184753418,907800,0.0,0.0
2022-06-13 00:00:00-04:00,48.403537128581334,48.83429294209999,47.11128040449928,47.41093444824219,1568700,0.0,0.0
2022-06-14 00:00:00-04:00,47.42966714299453,48.31926314861293,47.204924805768265,48.09452438354492,1580400,0.0,0.0
2022-06-15 00:00:00-04:00,48.53463856752675,48.9747534319353,47.97278456022012,48.525272369384766,1386100,0.0,0.0
2022-06-16 00:00:00-04:00,47.76677350383752,47.841688804163425,47.10191628815671,47.25174331665039,1628900,0.0,0.0
2022-06-17 00:00:00-04:00,47.54203456584555,47.65440394374768,46.31532331887366,47.16746520996094,3788500,0.0,0.0
2022-06-21 00:00:00-04:00,46.71798260652356,49.0403032498552,46.68989115600134,48.89047622680664,1753600,0.0,0.0
2022-06-22 00:00:00-04:00,48.35672206523819,49.583433394867136,48.22562385349247,49.36805725097656,1291400,0.0,0.0
2022-06-23 00:00:00-04:00,49.36805532767533,50.45430220402493,49.26504857327143,50.37938690185547,1513200,0.0,0.0
2022-06-24 00:00:00-04:00,50.77268256607593,52.56124423650392,50.49175376908547,52.2241325378418,1661600,0.0,0.0
2022-06-27 00:00:00-04:00,52.19604421397505,52.43014917738654,51.709105461420165,51.85893249511719,1198900,0.0,0.0
2022-06-28 00:00:00-04:00,53.00136411786536,54.07824841561101,52.02749015128173,52.21477127075195,1586300,0.0,0.0
2022-06-29 00:00:00-04:00,52.196042866949554,52.66425278168941,51.29707711580881,51.84020233154297,1343400,0.0,0.0
2022-06-30 00:00:00-04:00,51.3438966508297,51.55927276485404,50.697764736598806,51.04423904418945,1418900,0.0,0.0
2022-07-01 00:00:00-04:00,51.01615350185439,52.21476977857023,50.753957084362376,52.08367156982422,1182400,0.0,0.0
2022-07-05 00:00:00-04:00,51.60609604140963,51.999390644998094,50.83823208683953,51.82147216796875,1779300,0.0,0.0
2022-07-06 00:00:00-04:00,51.84020329269606,52.14921998463151,50.83823434234821,51.718467712402344,1396400,0.0,0.0
2022-07-07 00:00:00-04:00,51.72783287764201,51.933842810763025,50.98806035610148,51.1566162109375,1196700,0.0,0.0
2022-07-08 00:00:00-04:00,51.37199012518583,52.299043714607905,51.1004275294327,51.97129821777344,1546100,0.0,0.0
2022-07-11 00:00:00-04:00,51.69037915130814,52.870266652574095,51.69037915130814,52.49570083618164,1488400,0.0,0.0
2022-07-12 00:00:00-04:00,52.47696818370571,54.70564480941069,52.467601984987645,53.7504997253418,2294400,0.0,0.0
2022-07-13 00:00:00-04:00,53.84413297595896,54.93037968963113,53.81604152793153,54.54644775390625,1887400,0.0,0.0
2022-07-14 00:00:00-04:00,53.65685321072663,54.56518154940888,53.31974151504423,54.48090362548828,1654400,0.0,0.0
2022-07-15 00:00:00-04:00,54.892930415129065,55.19258448031012,54.28425965804927,54.911659240722656,1703800,0.0,0.0
2022-07-18 00:00:00-04:00,55.06148792471596,55.60461316674492,54.23743743467404,54.41535949707031,1820000,0.0,0.0
2022-07-19 00:00:00-04:00,54.892931576502875,55.248772125993256,54.50899957410688,54.84611129760742,1411000,0.0,0.0
2022-07-20 00:00:00-04:00,54.66819024134771,55.00530194901517,53.94714654931634,54.20934295654297,1343200,0.0,0.0
2022-07-21 00:00:00-04:00,53.92841515085796,53.96587279929097,53.21673769142048,53.54448318481445,1546700,0.0,0.0
2022-07-22 00:00:00-04:00,53.338477304412876,54.47154454006701,53.19801646097588,54.22807693481445,1833900,0.0,0.0
2022-07-25 00:00:00-04:00,54.41535719921147,54.80865181538985,53.834777901547014,54.51836395263672,1471900,0.0,0.0
2022-07-26 00:00:00-04:00,54.28425612489034,54.80864891874731,54.09697145330228,54.42471694946289,1176700,0.0,0.0
2022-07-27 00:00:00-04:00,54.387269357999905,55.32368925544074,53.76922879641687,55.173858642578125,1214200,0.0,0.0
2022-07-28 00:00:00-04:00,54.88356736318467,55.41732638591285,54.16252365812981,55.28622817993164,1845500,0.0,0.0
2022-07-29 00:00:00-04:00,55.286230692732495,56.04472851100043,54.80865455248537,55.951087951660156,1591100,0.0,0.0
2022-08-01 00:00:00-04:00,55.70762151323297,56.29756347923711,55.55779447187595,55.88554000854492,1892600,0.0,0.0
2022-08-02 00:00:00-04:00,53.38530112455735,53.50703672133292,49.76135682683672,50.04228210449219,6237500,0.0,0.0
2022-08-03 00:00:00-04:00,50.051642065582115,51.80274619777539,50.051642065582115,50.744590759277344,2788200,0.0,0.0
2022-08-04 00:00:00-04:00,50.49175333233987,50.88505150142972,49.480421817259405,49.54597091674805,2075900,0.0,0.0
2022-08-05 00:00:00-04:00,49.574062051685004,50.65094623155521,49.24631655632867,50.63221740722656,1247800,0.0,0.0
2022-08-08 00:00:00-04:00,50.679042530071825,51.72783535985859,50.66031370395152,51.16598129272461,1375900,0.0,0.0
2022-08-09 00:00:00-04:00,51.503088949840084,51.6903736240893,51.19406870150518,51.62482452392578,1218900,0.0,0.0
2022-08-10 00:00:00-04:00,51.91511097785012,52.6829749066579,51.65291458425467,52.177310943603516,1141100,0.0,0.0
2022-08-11 00:00:00-04:00,52.430151580849135,53.92842198650192,52.16795158074108,53.095008850097656,1275200,0.0,0.0
2022-08-12 00:00:00-04:00,53.23546450369002,53.43211537764776,52.542515848160285,53.104366302490234,1078300,0.0,0.0
2022-08-15 00:00:00-04:00,52.823445680776814,53.151191212351016,52.476971322804324,52.87026596069336,987400,0.0,0.0
2022-08-16 00:00:00-04:00,52.85153465852838,53.16055492138698,52.5893382455513,52.88899230957031,1190400,0.0,0.0
2022-08-17 00:00:00-04:00,52.47696996799888,52.76725783928208,51.66228211541871,52.13985824584961,1357600,0.0,0.0
2022-08-18 00:00:00-04:00,52.07431112107996,52.692348111131814,51.718470559486946,52.551883697509766,1018400,0.0,0.0
2022-08-19 00:00:00-04:00,52.28032086789147,52.71107313273897,51.92448033198528,52.52378845214844,936800,0.0,0.0
2022-08-22 00:00:00-04:00,52.20540935843868,52.28968729221756,51.718470582400506,51.81211471557617,825400,0.0,0.0
2022-08-23 00:00:00-04:00,52.036841789381704,52.43950254109486,51.96193007184496,52.32713317871094,779400,0.0,0.0
2022-08-24 00:00:00-04:00,52.41142500952702,53.11373996217714,52.083675888328486,53.02009582519531,884400,0.0,0.0
2022-08-25 00:00:00-04:00,53.02945120548658,53.25418994407285,51.97129589251585,52.13048553466797,1182100,0.0,0.0
2022-08-26 00:00:00-04:00,52.15858877930802,52.345873472428664,50.407484578770564,50.44493865966797,1020300,0.0,0.0
2022-08-29 00:00:00-04:00,50.16400836680113,50.332564216461456,49.72388991800381,49.82689666748047,1020000,0.0,0.0
2022-08-30 00:00:00-04:00,50.00482469558177,50.154651738513316,48.87175388799359,48.927940368652344,1389500,0.0,0.0
2022-08-31 00:00:00-04:00,49.01221068730941,49.265044452747006,48.131977393390244,48.38480758666992,1873400,0.0,0.0
2022-09-01 00:00:00-04:00,48.0735048803199,48.63952162831669,47.59239406321528,48.46028137207031,1358300,0.38,0.0
2022-09-02 00:00:00-04:00,48.99799883952231,49.611182798952086,48.56405515059079,48.7715950012207,1160900,0.0,0.0
2022-09-06 00:00:00-04:00,49.30929931043941,49.479103956434294,48.44140849772961,48.72441864013672,1016900,0.0,0.0
2022-09-07 00:00:00-04:00,48.56405007992837,49.34703863564313,48.42254859542033,49.271568298339844,944300,0.0,0.0
2022-09-08 00:00:00-04:00,49.0734645744901,49.11119974353671,48.14897452459097,48.88479232788086,1071100,0.0,0.0
2022-09-09 00:00:00-04:00,49.214969635009766,49.724383658266824,48.894231470689455,49.214969635009766,903500,0.0,0.0
2022-09-12 00:00:00-04:00,49.63004848216396,50.40360149750983,49.554578139874614,50.2620964050293,1480300,0.0,0.0
2022-09-13 00:00:00-04:00,49.66778249339763,50.0262558150285,48.16784366235339,48.32821273803711,1171700,0.0,0.0
2022-09-14 00:00:00-04:00,48.356512043999125,48.65838980578199,47.42258997629601,47.78106689453125,948400,0.0,0.0
2022-09-15 00:00:00-04:00,47.809370295936446,48.46972143013706,47.57353086219509,48.05464172363281,1125000,0.0,0.0
2022-09-16 00:00:00-04:00,47.98860614306723,48.18671399895026,47.20562110782403,47.58296203613281,2203100,0.0,0.0
2022-09-19 00:00:00-04:00,47.16788399618456,48.375380674927214,47.16788399618456,48.21501159667969,886100,0.0,0.0
2022-09-20 00:00:00-04:00,47.93200235264646,47.93200235264646,46.75280531817633,47.092411041259766,1488700,0.0,0.0
2022-09-21 00:00:00-04:00,47.2433498256946,47.68672544584753,46.49809646606445,46.49809646606445,974700,0.0,0.0
2022-09-22 00:00:00-04:00,46.73394056801559,46.818842903591374,46.318860883589984,46.366031646728516,1379800,0.0,0.0
2022-09-23 00:00:00-04:00,45.526435537386064,45.696240190832114,44.19630148447439,44.97929000854492,1616700,0.0,0.0
2022-09-26 00:00:00-04:00,44.63025179234298,45.054759856660496,44.328377631723306,44.80005645751953,1459300,0.0,0.0
2022-09-27 00:00:00-04:00,45.2245676825821,45.517009870519125,44.64912249773688,44.89439392089844,1253400,0.0,0.0
2022-09-28 00:00:00-04:00,45.101931318388054,45.73397922742866,44.71515481917505,45.58304214477539,1095100,0.0,0.0
2022-09-29 00:00:00-04:00,45.705674700019735,45.71510669226632,44.70571438657692,45.441532135009766,1533800,0.0,0.0
2022-09-30 00:00:00-04:00,45.611341883212845,46.11132389513773,45.234000974567856,45.27173614501953,1416800,0.0,0.0
2022-10-03 00:00:00-04:00,45.554744948376474,46.101890552120516,45.30003793333862,45.82831954956055,1092800,0.0,0.0
2022-10-04 00:00:00-04:00,46.252825456236486,46.93204413089656,46.22452587766696,46.460365295410156,971900,0.0,0.0
2022-10-05 00:00:00-04:00,45.91321885253534,46.14905828432019,45.290602896568295,45.71511459350586,1146000,0.0,0.0
2022-10-06 00:00:00-04:00,45.51700899039356,45.72454883579546,44.83779029535028,45.02646255493164,903400,0.0,0.0
2022-10-07 00:00:00-04:00,44.82835684332923,45.017029096772426,44.04536825105835,44.3566780090332,1032500,0.0,0.0
2022-10-10 00:00:00-04:00,44.479319556084285,44.75289056988541,44.252912111650545,44.63025665283203,840200,0.0,0.0
2022-10-11 00:00:00-04:00,44.65854975370341,45.375499959565765,44.16800336079813,45.045326232910156,989600,0.0,0.0
2022-10-12 00:00:00-04:00,45.30003292247941,46.62073141900911,45.05475792833369,45.99811553955078,1413900,0.0,0.0
2022-10-13 00:00:00-04:00,45.545306088164814,46.85657264294045,45.300034683110084,46.6490364074707,1206400,0.0,0.0
2022-10-14 00:00:00-04:00,46.809407353936045,47.13014911099925,45.88491725384187,46.03585433959961,906800,0.0,0.0
2022-10-17 00:00:00-04:00,46.65847601900793,46.84714829911566,46.14906194230438,46.33773422241211,1013200,0.0,0.0
2022-10-18 00:00:00-04:00,46.86601155620466,47.101850984889815,46.05472334574786,46.43206787109375,1023800,0.0,0.0
2022-10-19 00:00:00-04:00,46.318862068222444,46.47923475002232,45.52644144878981,45.573612213134766,921100,0.0,0.0
2022-10-20 00:00:00-04:00,45.68681265215838,45.89435249296312,45.28116856256218,45.50757598876953,910600,0.0,0.0
2022-10-21 00:00:00-04:00,45.67737909654347,46.5452700706362,45.46984284511026,46.375465393066406,954300,0.0,0.0
2022-10-24 00:00:00-04:00,46.686767542751284,47.432017285225,46.469792135698846,46.97920608520508,811500,0.0,0.0
2022-10-25 00:00:00-04:00,46.91318009107658,47.87540542002329,46.6962082421902,47.70560073852539,1003900,0.0,0.0
2022-10-26 00:00:00-04:00,47.73389772284869,48.205576568325945,47.158452554210605,47.2244873046875,1145700,0.0,0.0
2022-10-27 00:00:00-04:00,47.46975779665623,48.00747138214055,46.95091179645851,47.04524612426758,1315200,0.0,0.0
2022-10-28 00:00:00-04:00,47.28108772045466,48.23388102888747,47.271655726688834,48.2055778503418,892000,0.0,0.0
2022-10-31 00:00:00-04:00,48.2621828371649,48.648959374655725,47.441462593928144,47.57353210449219,1739900,0.0,0.0
2022-11-01 00:00:00-04:00,47.498060063691085,47.498060063691085,44.24347878795612,46.045291900634766,3553400,0.0,0.0
2022-11-02 00:00:00-04:00,46.34716475933159,47.90370280350203,46.32829717351677,46.54526901245117,2798200,0.0,0.0
2022-11-03 00:00:00-04:00,46.083021299553955,46.90374507342776,45.856617471234536,46.677337646484375,1404500,0.0,0.0
2022-11-04 00:00:00-04:00,47.30938670471961,48.32821107643608,47.08297928954718,48.29991149902344,1253100,0.0,0.0
2022-11-07 00:00:00-05:00,48.5923513006491,48.94139622454697,47.34711948201721,48.09237289428711,1120000,0.0,0.0
2022-11-08 00:00:00-05:00,48.111236838030294,48.66781795716029,47.875397441765436,48.38481140136719,1006000,0.0,0.0
2022-11-09 00:00:00-05:00,48.148975149343485,48.148975149343485,46.89430775194241,46.94147491455078,1072300,0.0,0.0
2022-11-10 00:00:00-05:00,48.01690536001663,49.15836724180637,47.96030260605952,48.53575134277344,1074400,0.0,0.0
2022-11-11 00:00:00-05:00,48.54518642179027,49.186669946254476,47.7622014013738,48.96026611328125,1440200,0.0,0.0
2022-11-14 00:00:00-05:00,48.96026386711992,49.65834651848932,48.818758779035484,49.00743103027344,806100,0.0,0.0
2022-11-15 00:00:00-05:00,49.19610066259314,49.58287713766045,48.941393676774624,49.13006591796875,1249300,0.0,0.0
2022-11-16 00:00:00-05:00,49.30930806172712,49.413077985876754,48.7149916952673,49.15837097167969,649900,0.0,0.0
2022-11-17 00:00:00-05:00,48.696122468260405,50.06399182494798,48.696122468260405,50.007389068603516,949100,0.0,0.0
2022-11-18 00:00:00-05:00,50.535669758337086,50.69604243245629,50.1771928385035,50.469635009765625,1030800,0.0,0.0
2022-11-21 00:00:00-05:00,50.08285567680751,51.52619166906559,50.08285567680751,51.252620697021484,1152200,0.0,0.0
2022-11-22 00:00:00-05:00,51.554497655416,52.02617648630316,51.148853572963134,51.69599914550781,952700,0.0,0.0
2022-11-23 00:00:00-05:00,51.78090068043374,52.177112763552884,51.68656635516071,52.13937759399414,734700,0.0,0.0
2022-11-25 00:00:00-05:00,52.13938533559996,52.49786230238668,52.016747815636855,52.431827545166016,378200,0.0,0.0
2022-11-28 00:00:00-05:00,52.04503784537008,52.54501982793422,51.809198441832336,51.818634033203125,979300,0.0,0.0
2022-11-29 00:00:00-05:00,51.77146871590951,52.22427995499269,51.46959455652074,51.809200286865234,860600,0.0,0.0
2022-11-30 00:00:00-05:00,52.007309052410356,52.32805080229093,50.97904905414239,51.988441467285156,2272900,0.0,0.0
2022-12-01 00:00:00-05:00,52.07393163792608,52.71037158115308,52.07393163792608,52.2164192199707,1067300,0.38,0.0
2022-12-02 00:00:00-05:00,52.01693904172767,52.90985451273631,51.99794407833638,52.7863655090332,1111800,0.0,0.0
2022-12-05 00:00:00-05:00,52.33040406328942,52.46339053285966,51.7224638460486,51.76995849609375,1065000,0.0,0.0
2022-12-06 00:00:00-05:00,51.05753164941828,51.52298795093617,49.84165112504308,50.59207534790039,1664300,0.0,0.0
2022-12-07 00:00:00-05:00,50.69656350134089,51.00053361889271,50.1551165029761,50.39259338378906,1211700,0.0,0.0
2022-12-08 00:00:00-05:00,50.44009090302975,50.50658414354911,49.75615991145767,50.022132873535156,1065900,0.0,0.0
2022-12-09 00:00:00-05:00,49.91764515181996,50.19311923374512,49.357199506073286,49.8321533203125,1157700,0.0,0.0
2022-12-12 00:00:00-05:00,49.784653783639236,50.31660330794423,49.45218759570466,50.30710220336914,956400,0.0,0.0
2022-12-13 00:00:00-05:00,50.981535747517846,51.06702757075209,49.832148497953895,49.97463607788086,1597700,0.0,0.0
2022-12-14 00:00:00-05:00,49.841652580174696,50.6775686532824,49.66116781833675,50.2406120300293,1288300,0.0,0.0
2022-12-15 00:00:00-05:00,49.72765678583775,49.946138702295464,48.91073936964416,49.148216247558594,1177700,0.0,0.0
2022-12-16 00:00:00-05:00,48.62576182352254,48.90123585800861,48.09381596229085,48.61626434326172,2244000,0.0,0.0
2022-12-19 00:00:00-05:00,48.66376285304778,49.518681088732,48.54027385820235,49.1007194519043,1171600,0.0,0.0
2022-12-20 00:00:00-05:00,49.1767141885035,49.20521025538475,48.17931198795302,48.226806640625,1026300,0.0,0.0
2022-12-21 00:00:00-05:00,48.45478386133157,48.98673340843458,48.340795966813005,48.872745513916016,791700,0.0,0.0
2022-12-22 00:00:00-05:00,48.768253797402174,48.98673209922785,48.226806783397286,48.863243103027344,763200,0.0,0.0
2022-12-23 00:00:00-05:00,48.89174818217413,49.328704833984375,48.71126340854067,49.328704833984375,536200,0.0,0.0
2022-12-27 00:00:00-05:00,49.395188918264736,49.90813982669761,49.37619033384765,49.70866012573242,640000,0.0,0.0
2022-12-28 00:00:00-05:00,49.63267008979685,49.85114839411493,48.74925576768776,48.806251525878906,921200,0.0,0.0
2022-12-29 00:00:00-05:00,48.79674996918938,49.09122261503555,48.787252488050356,49.015228271484375,745000,0.0,0.0
2022-12-30 00:00:00-05:00,48.815746695494255,49.0437260938534,48.5497737504166,48.93923568725586,993200,0.0,0.0
2023-01-03 00:00:00-05:00,48.01783036982994,48.13181827176405,46.22250551402489,46.96343231201172,2770400,0.0,0.0
2023-01-04 00:00:00-05:00,47.28639490673153,48.99623133151949,47.172407019615534,48.78725051879883,1672100,0.0,0.0
2023-01-05 00:00:00-05:00,47.93232859767648,48.21730010522182,46.744944296563155,47.096412658691406,1849800,0.0,0.0
2023-01-06 00:00:00-05:00,48.31230024163556,48.625767859686654,47.92283827762672,48.331298828125,2145000,0.0,0.0
2023-01-09 00:00:00-05:00,48.18881092568649,48.61627005987492,47.647363896917746,47.69485855102539,1466700,0.0,0.0
2023-01-10 00:00:00-05:00,47.80885176187895,48.435790639682025,47.72335993201444,48.31230163574219,1225600,0.0,0.0
2023-01-11 00:00:00-05:00,48.38829179970819,48.72076163360074,48.16981348672105,48.369293212890625,1641400,0.0,0.0
2023-01-12 00:00:00-05:00,48.31229918302087,48.4072884897768,47.64736316489997,47.8088493347168,1143000,0.0,0.0
2023-01-13 00:00:00-05:00,47.59987028035616,48.35029815188757,47.45738269131756,48.217308044433594,1126100,0.0,0.0
2023-01-17 00:00:00-05:00,48.27430417186069,48.55927572849495,47.837347543447486,47.856346130371094,1691600,0.0,0.0
2023-01-18 00:00:00-05:00,47.79934469942106,48.084316222250685,46.516971034882985,46.5739631652832,1483700,0.0,0.0
2023-01-19 00:00:00-05:00,46.45048017125645,47.229404064432835,46.06101822466826,47.10591506958008,1356200,0.0,0.0
2023-01-20 00:00:00-05:00,47.210406437395264,47.48588049934884,46.7829473108483,47.47637939453125,906300,0.0,0.0
2023-01-23 00:00:00-05:00,47.63786352296827,47.818344647062425,47.1724072443123,47.580867767333984,1069900,0.0,0.0
2023-01-24 00:00:00-05:00,47.751852922783556,49.40469002881243,47.751852922783556,48.89174270629883,1322800,0.0,0.0
2023-01-25 00:00:00-05:00,48.9582416713584,50.56358431243227,48.68276758026219,50.26911163330078,1899400,0.0,0.0
2023-01-26 00:00:00-05:00,50.1646184175479,50.89604765709698,49.87964325708252,50.12662124633789,2600300,0.0,0.0
2023-01-27 00:00:00-05:00,49.68966764266601,49.84165271305533,48.38829162737194,48.73025894165039,2211800,0.0,0.0
2023-01-30 00:00:00-05:00,48.67326605864749,49.442688880365644,48.50228240413016,48.66376495361328,1187200,0.0,0.0
2023-01-31 00:00:00-05:00,48.958235576126185,49.95563777033678,48.33129674345584,49.94614028930664,1387300,0.0,0.0
2023-02-01 00:00:00-05:00,49.775156429119214,50.791557204655106,49.74665673893123,50.63957214355469,2016500,0.0,0.0
2023-02-02 00:00:00-05:00,50.3640956144161,51.513482809014164,50.09812267645543,51.46598815917969,1999600,0.0,0.0
2023-02-03 00:00:00-05:00,51.4659895838361,51.5799774713161,50.26910408266245,50.93404006958008,1850500,0.0,0.0
2023-02-06 00:00:00-05:00,50.620571639631365,51.019531051047245,50.36409617931707,50.89604568481445,1939800,0.0,0.0
2023-02-07 00:00:00-05:00,50.36409893542372,50.36409893542372,49.47118713938466,49.6801643371582,1991100,0.0,0.0
2023-02-08 00:00:00-05:00,49.41419536341541,49.88914917856903,48.63527139645228,48.83475112915039,1979100,0.0,0.0
2023-02-09 00:00:00-05:00,49.02472972585142,49.138717618381335,48.49278018802888,48.654266357421875,1087200,0.0,0.0
2023-02-10 00:00:00-05:00,48.654265905930025,48.89174279360268,48.41678901825736,48.863243103027344,901200,0.0,0.0
2023-02-13 00:00:00-05:00,48.92973896803467,49.40469276887356,48.63526993062491,49.36669921875,1232000,0.0,0.0
2023-02-14 00:00:00-05:00,49.2812033628393,49.49968165853993,48.86324173314277,49.06272506713867,1207700,0.0,0.0
2023-02-15 00:00:00-05:00,49.06272789102719,49.70866533445473,48.739759169313416,49.689666748046875,920800,0.0,0.0
2023-02-16 00:00:00-05:00,48.81575142765112,49.20521340224449,48.739760703238005,48.825252532958984,1028800,0.0,0.0
2023-02-17 00:00:00-05:00,48.78725334878797,49.50918150721211,48.682762936366494,49.41419219970703,1919200,0.0,0.0
2023-02-21 00:00:00-05:00,53.46079383044282,53.46079383044282,50.52557946163394,50.96253967285156,3407000,0.0,0.0
2023-02-22 00:00:00-05:00,50.44009381212164,50.88655155873779,49.80365743798461,50.31660842895508,2474900,0.0,0.0
2023-02-23 00:00:00-05:00,50.64906945447089,50.972038161176016,50.231111443750606,50.82005310058594,1827800,0.0,0.0
2023-02-24 00:00:00-05:00,50.506588614235234,51.190523289956914,50.3071088750198,51.08603286743164,1334300,0.0,0.0
2023-02-27 00:00:00-05:00,51.4279928042954,51.503987145599325,50.78205539765064,51.05752944946289,1440300,0.0,0.0
2023-02-28 00:00:00-05:00,50.962541587497356,51.42799425851162,50.50658277400008,50.52558135986328,1841200,0.0,0.0
2023-03-01 00:00:00-05:00,50.231110844168875,50.48758631028003,49.77515566784113,50.39259338378906,2054600,0.0,0.0
2023-03-02 00:00:00-05:00,50.316013947837874,51.02441847336969,50.181988015597696,51.005271911621094,1323900,0.41,0.0
2023-03-03 00:00:00-05:00,50.99569874903546,51.26374330087365,50.52661713148551,51.17758560180664,1172900,0.0,0.0
2023-03-06 00:00:00-05:00,50.986123622899775,51.36904754123503,50.6989325100649,50.82338333129883,1664400,0.0,0.0
2023-03-07 00:00:00-05:00,50.765943707161036,51.08185648793076,50.26814407347833,50.58405685424805,1377400,0.0,0.0
2023-03-08 00:00:00-05:00,51.0627129496857,53.3028096079535,51.0627129496857,52.02959060668945,4905300,0.0,0.0
2023-03-09 00:00:00-05:00,52.30720812788261,52.30720812788261,50.22028040175822,50.7946662902832,2562900,0.0,0.0
2023-03-10 00:00:00-05:00,50.97655334052907,51.22545133688748,49.8565068791664,50.07668685913086,1559300,0.0,0.0
2023-03-13 00:00:00-04:00,49.588461934969814,50.37345275065279,49.243831108214664,49.856510162353516,1667900,0.0,0.0
2023-03-14 00:00:00-04:00,50.26814392937949,50.58405670924361,49.07151125140896,49.636322021484375,1456700,0.0,0.0
2023-03-15 00:00:00-04:00,48.755603390565916,49.875649853377126,48.26737520023804,49.83736038208008,1529800,0.0,0.0
2023-03-16 00:00:00-04:00,49.751201367353964,49.81821250514601,48.98535353230244,49.28211975097656,1414000,0.0,0.0
2023-03-17 00:00:00-04:00,48.80346925022295,48.96621320188392,47.444096209897985,47.779151916503906,5250100,0.0,0.0
2023-03-20 00:00:00-04:00,48.15250202152559,48.93749282791871,48.12378400358034,48.688594818115234,1484400,0.0,0.0
2023-03-21 00:00:00-04:00,49.157671232245896,49.157671232245896,48.535424401915755,48.73645782470703,1517200,0.0,0.0
2023-03-22 00:00:00-04:00,48.81304581448404,48.985357574573364,47.846164486269366,47.85573959350586,996900,0.0,0.0
2023-03-23 00:00:00-04:00,47.85573756125872,48.24823294911869,47.27178020696709,47.444095611572266,1087700,0.0,0.0
2023-03-24 00:00:00-04:00,47.453666290225485,48.57371640183511,47.2143397490596,48.535423278808594,1083700,0.0,0.0
2023-03-27 00:00:00-04:00,48.88005387801992,49.26297415118448,48.803467632287095,48.899200439453125,1125000,0.0,0.0
2023-03-28 00:00:00-04:00,48.90877346934695,49.655471130123246,48.899202014238696,49.20553970336914,857000,0.0,0.0
2023-03-29 00:00:00-04:00,49.62674759571509,49.80863443721713,49.35870306048411,49.732051849365234,1036400,0.0,0.0
2023-03-30 00:00:00-04:00,50.172415903463275,50.31601328878023,49.2151097395721,49.483154296875,1269900,0.0,0.0
2023-03-31 00:00:00-04:00,49.722481219149344,49.73205632588828,49.24382813353316,49.47358322143555,1480600,0.0,0.0
2023-04-03 00:00:00-04:00,49.598031901037885,50.430887211474804,49.598031901037885,49.89479446411133,1263900,0.0,0.0
2023-04-04 00:00:00-04:00,50.162844384142836,50.30643811744199,49.25340279924873,49.72248077392578,1582700,0.0,0.0
2023-04-05 00:00:00-04:00,49.79906890222669,50.258575439453125,49.71291119825716,50.258575439453125,1714800,0.0,0.0
2023-04-06 00:00:00-04:00,50.488322215460904,50.68935560765619,49.76076757918358,49.92351150512695,1068700,0.0,0.0
2023-04-10 00:00:00-04:00,49.799068034366506,50.8903964977396,49.684192315020205,50.88082504272461,1487600,0.0,0.0
2023-04-11 00:00:00-04:00,50.95741030474399,51.95300966272981,50.95741030474399,51.742401123046875,1487700,0.0,0.0
2023-04-12 00:00:00-04:00,51.79025899234206,52.096596654816196,51.45520331520878,51.9530029296875,2315800,0.0,0.0
2023-04-13 00:00:00-04:00,51.85727456342633,54.528159710172666,51.85727456342633,53.82932662963867,4250700,0.0,0.0
2023-04-14 00:00:00-04:00,53.5804225068566,54.24096238789814,53.475118253683405,53.66658020019531,1905000,0.0,0.0
2023-04-17 00:00:00-04:00,53.762319039919255,54.576027894500896,53.60915018546271,54.54730987548828,1984300,0.0,0.0
2023-04-18 00:00:00-04:00,54.317551815130834,55.265282845646084,54.317551815130834,54.87278747558594,2584500,0.0,0.0
2023-04-19 00:00:00-04:00,54.5951720630391,55.188704543378044,54.5951720630391,54.97809600830078,1888100,0.0,0.0
2023-04-20 00:00:00-04:00,54.566453380796894,55.39930875199045,54.566453380796894,55.236568450927734,2190500,0.0,0.0
2023-04-21 00:00:00-04:00,55.092967223167335,56.031126795276876,55.092967223167335,55.83009338378906,1888800,0.0,0.0
2023-04-24 00:00:00-04:00,56.01198121246211,56.729960824741234,55.77265467503573,55.80137634277344,1860600,0.0,0.0
2023-04-25 00:00:00-04:00,55.590770058396146,56.26088512052413,55.590770058396146,56.20344543457031,1660200,0.0,0.0
2023-04-26 00:00:00-04:00,56.203444038345445,56.7395368050967,56.19387258350757,56.60551452636719,1307500,0.0,0.0
2023-04-27 00:00:00-04:00,56.634233735991515,57.00758256369963,56.44277176870104,56.567222595214844,1736100,0.0,0.0
2023-04-28 00:00:00-04:00,56.45234628902249,57.065021656519555,55.92582497148603,56.94057083129883,1906300,0.0,0.0
2023-05-01 00:00:00-04:00,56.93099632117604,58.13720042972619,56.93099632117604,57.86915588378906,2595200,0.0,0.0
2023-05-02 00:00:00-04:00,60.12839785465687,63.82359635763759,60.12839785465687,62.301483154296875,8686400,0.0,0.0
2023-05-03 00:00:00-04:00,62.92373719508492,63.115195505875995,61.774965419339274,62.186607360839844,4657600,0.0,0.0
2023-05-04 00:00:00-04:00,62.33978226293304,62.684413078616124,61.70795666629182,62.23447799682617,2488600,0.0,0.0
2023-05-05 00:00:00-04:00,62.01429031473279,62.69397679477875,61.832399811739435,62.11959457397461,1586400,0.0,0.0
2023-05-08 00:00:00-04:00,61.717529296875,62.15788925398572,61.60264992836797,61.717529296875,1835700,0.0,0.0
2023-05-09 00:00:00-04:00,61.46863351744461,62.081308933962426,61.171870916725155,61.76539611816406,1560900,0.0,0.0
2023-05-10 00:00:00-04:00,61.7271053793004,62.17703314648284,61.47820372876698,61.688812255859375,2789200,0.0,0.0
2023-05-11 00:00:00-04:00,61.411190766515574,61.70795333479509,61.02826684713364,61.26759338378906,2404100,0.0,0.0
2023-05-12 00:00:00-04:00,61.28673623371706,61.650517243427196,61.219728747498266,61.506919860839844,1709200,0.0,0.0
2023-05-15 00:00:00-04:00,61.82283435420463,62.177032963575805,60.875099636910065,60.980403900146484,2135900,0.0,0.0
2023-05-16 00:00:00-04:00,60.453882771909704,61.1527157993613,59.92736148589622,60.49217224121094,2926000,0.0,0.0
2023-05-17 00:00:00-04:00,60.40601673524344,60.40601673524344,58.855181791394095,59.47743225097656,3795500,0.0,0.0
2023-05-18 00:00:00-04:00,59.10408730285732,59.39127843690294,58.70201679372674,59.23810958862305,2350500,0.0,0.0
2023-05-19 00:00:00-04:00,59.41042158206529,60.30071660267935,59.24767763597283,59.93693923950195,2106200,0.0,0.0
2023-05-22 00:00:00-04:00,60.19542114528866,60.31029687873472,59.73591455967073,59.78377914428711,2187700,0.0,0.0
2023-05-23 00:00:00-04:00,59.71675913151545,59.72633058628452,58.9604863905979,58.98920440673828,1639600,0.0,0.0
2023-05-24 00:00:00-04:00,58.989199531297416,59.017921196897134,58.05104001264079,58.309513092041016,2287700,0.0,0.0
2023-05-25 00:00:00-04:00,57.96488401056156,58.50097674479071,57.47665950311748,58.13719940185547,1964000,0.0,0.0
2023-05-26 00:00:00-04:00,58.11805178349367,58.2520740516529,57.34263618862019,58.05104064941406,1739500,0.0,0.0
2023-05-30 00:00:00-04:00,57.01715556572941,58.051044307997714,56.959715882112725,57.821292877197266,2440100,0.0,0.0
2023-05-31 00:00:00-04:00,58.32866499819663,59.42956855005017,58.17549615767931,59.20938491821289,4271800,0.0,0.0
2023-06-01 00:00:00-04:00,59.27684479503979,60.1730809396268,59.01665052511691,60.06707763671875,2688800,0.41,0.0
2023-06-02 00:00:00-04:00,60.404363918427755,61.975183107995726,60.2694472936749,61.5511589050293,2647200,0.0,0.0
2023-06-05 00:00:00-04:00,61.42588122625981,62.07155837067211,61.050037331105145,61.49333953857422,1876600,0.0,0.0
2023-06-06 00:00:00-04:00,63.29545080902763,63.48818675513909,61.84990915597652,62.775054931640625,4092900,0.0,0.0
2023-06-07 00:00:00-04:00,62.64014384320562,64.09532462808292,62.39922021303944,63.74839401245117,3094500,0.0,0.0
2023-06-08 00:00:00-04:00,64.1724119847822,64.23987765678677,63.449641123760244,63.989315032958984,2374500,0.0,0.0
2023-06-09 00:00:00-04:00,64.08568306098752,64.67353728327322,63.83512043696277,64.04713439941406,2207100,0.0,0.0
2023-06-12 00:00:00-04:00,64.37479833162544,64.885555262382,64.24951333565475,64.66390228271484,2799000,0.0,0.0
2023-06-13 00:00:00-04:00,64.54825697644576,65.65649970310028,64.5193399671582,65.29029846191406,3083200,0.0,0.0
2023-06-14 00:00:00-04:00,65.17465548724535,65.41557910891513,64.84700289092903,65.00119018554688,1559600,0.0,0.0
2023-06-15 00:00:00-04:00,65.04936367296932,65.29992624356791,64.03748174153937,64.18203735351562,2032400,0.0,0.0
2023-06-16 00:00:00-04:00,64.41333522425667,64.52898120820234,63.65202305859848,63.8736686706543,2522700,0.0,0.0
2023-06-20 00:00:00-04:00,63.902565131002554,64.45187057458925,63.79655817238022,64.18203735351562,1414200,0.0,0.0
2023-06-21 00:00:00-04:00,64.3747920462235,64.47116002051084,63.844757159035495,64.12422943115234,2128600,0.0,0.0
2023-06-22 00:00:00-04:00,64.42296389043875,64.44224189420572,63.7869294618085,64.0567626953125,1049500,0.0,0.0
2023-06-23 00:00:00-04:00,64.19168303510911,64.56752325391716,63.680926191724055,63.77729415893555,1699900,0.0,0.0
2023-06-26 00:00:00-04:00,63.89294843453074,63.99895541796138,62.93888558365495,63.28581619262695,2290100,0.0,0.0
2023-06-27 00:00:00-04:00,63.19908498051152,63.56528623151165,62.92925170583718,63.42073059082031,2037000,0.0,0.0
2023-06-28 00:00:00-04:00,63.1316162827928,63.43035916601001,63.03524832231022,63.26653289794922,1698100,0.0,0.0
2023-06-29 00:00:00-04:00,63.21835855856219,63.574928175104226,63.03526160079684,63.23763656616211,1820300,0.0,0.0
2023-06-30 00:00:00-04:00,63.12198578642793,63.53637468950373,63.006339806823604,63.44963836669922,2408700,0.0,0.0
2023-07-03 00:00:00-04:00,63.25689621717482,64.39405583836322,63.24725721505166,64.19168090820312,1944000,0.0,0.0
2023-07-05 00:00:00-04:00,63.95076304909805,64.39406160520632,63.84475607346292,64.22059631347656,2093300,0.0,0.0
2023-07-06 00:00:00-04:00,64.09532046210396,64.09532046210396,63.555646565972815,63.6905632019043,2051100,0.0,0.0
2023-07-07 00:00:00-04:00,63.603834534723816,63.950765129469275,63.391820576556555,63.526737213134766,1898700,0.0,0.0
2023-07-10 00:00:00-04:00,63.40145294307501,63.555640217707726,62.91960576219048,63.1508903503418,1444900,0.0,0.0
2023-07-11 00:00:00-04:00,63.25690187300945,63.343638195064266,61.42588465953102,62.10047149658203,2717300,0.0,0.0
2023-07-12 00:00:00-04:00,62.27393959492997,63.62310597743295,62.16793261453254,63.59419631958008,3135100,0.0,0.0
2023-07-13 00:00:00-04:00,63.52673896936818,64.42297513850338,63.52673896936818,64.2784194946289,3084400,0.0,0.0
2023-07-14 00:00:00-04:00,64.25914897249183,64.90482251707057,64.08568366996563,64.83736419677734,1539900,0.0,0.0
2023-07-17 00:00:00-04:00,64.82772237716446,65.53122256029651,64.38442381272166,65.5215835571289,2704400,0.0,0.0
2023-07-18 00:00:00-04:00,65.9263388130583,66.54310265377539,65.10719267398892,65.43485260009766,1784700,0.0,0.0
2023-07-19 00:00:00-04:00,65.78178362926333,66.77438771244061,65.58904033246847,66.66838073730469,1826800,0.0,0.0
2023-07-20 00:00:00-04:00,66.85148951637915,67.67062836360147,66.79366284725847,67.51643371582031,1355000,0.0,0.0
2023-07-21 00:00:00-04:00,67.65133923265343,67.94045047350238,67.32368668860194,67.41041564941406,1142100,0.0,0.0
2023-07-24 00:00:00-04:00,67.4104243717685,68.14283421825719,67.24659807854498,67.31405639648438,1052100,0.0,0.0
2023-07-25 00:00:00-04:00,67.2562377100582,68.1717445124172,66.80330013434606,68.10428619384766,1714500,0.0,0.0
2023-07-26 00:00:00-04:00,68.10428193764373,68.32593488618015,67.51642776153066,67.93081665039062,1310600,0.0,0.0
2023-07-27 00:00:00-04:00,68.11392004357535,68.15246870161349,66.20580190891386,66.74547576904297,1948700,0.0,0.0
2023-07-28 00:00:00-04:00,67.37188359140087,68.31630004995152,67.08277231087827,67.9886474609375,3815400,0.0,0.0
2023-07-31 00:00:00-04:00,67.56462131475534,67.85373260285729,66.68765579927675,67.2369613647461,3285100,0.0,0.0
2023-08-01 00:00:00-04:00,62.78470076600083,65.03974246096752,61.72463824223685,64.1049575805664,6080800,0.0,0.0
2023-08-02 00:00:00-04:00,63.89294730927257,66.14798887547009,63.60383602275243,64.88555145263672,3788700,0.0,0.0
2023-08-03 00:00:00-04:00,64.61571359993566,64.71208157115338,62.659407757432064,62.75578308105469,2566500,0.0,0.0
2023-08-04 00:00:00-04:00,62.95815892637224,64.09531864876965,62.82324229425772,62.938880920410156,2018700,0.0,0.0
2023-08-07 00:00:00-04:00,63.121985130541624,63.30508942491127,62.28356833003351,62.65940856933594,1494500,0.0,0.0
2023-08-08 00:00:00-04:00,62.80396450538054,62.91961048433773,61.531888146471616,62.495582580566406,1740900,0.0,0.0
2023-08-09 00:00:00-04:00,62.717235042198595,62.83287366784125,61.58971065155029,62.26429748535156,1460000,0.0,0.0
2023-08-10 00:00:00-04:00,62.15829042490817,62.56304031891177,61.69571386575764,61.984825134277344,1300400,0.0,0.0
2023-08-11 00:00:00-04:00,61.840270588883044,61.95591656880818,61.454795017740246,61.888458251953125,1375200,0.0,0.0
2023-08-14 00:00:00-04:00,62.03301203878246,62.437761927842146,61.898095409095895,62.13901901245117,1154000,0.0,0.0
2023-08-15 00:00:00-04:00,61.8884588328866,62.02337546786314,61.20423297861579,61.33915328979492,1389400,0.0,0.0
2023-08-16 00:00:00-04:00,61.30060561871825,61.41624792539256,60.07671320479029,60.18272018432617,1523800,0.0,0.0
2023-08-17 00:00:00-04:00,60.13453289408898,60.43327580960977,59.89360929062901,59.912879943847656,1285800,0.0,0.0
2023-08-18 00:00:00-04:00,59.749056947264094,60.78984873608403,59.720147289642206,60.741661071777344,1748400,0.0,0.0
2023-08-21 00:00:00-04:00,60.72238934702167,60.86694499373962,60.07671579107451,60.50074005126953,986200,0.0,0.0
2023-08-22 00:00:00-04:00,60.43327589873716,60.60674118758036,59.78760240508937,60.192352294921875,1155000,0.0,0.0
2023-08-23 00:00:00-04:00,60.462197132754824,60.87658240336644,60.08635317367426,60.52965545654297,1298000,0.0,0.0
2023-08-24 00:00:00-04:00,60.53928823986575,61.12714247348507,60.192357631421366,60.26945495605469,1206600,0.0,0.0
2023-08-25 00:00:00-04:00,60.39472624234212,60.6645631739762,60.00925068832575,60.56819152832031,1046200,0.0,0.0
2023-08-28 00:00:00-04:00,60.75129849564317,61.271694376523335,60.34654491844664,60.60674285888672,1706600,0.0,0.0
2023-08-29 00:00:00-04:00,60.77057181841278,61.030769754540344,60.2598112728872,60.982582092285156,1119500,0.0,0.0
2023-08-30 00:00:00-04:00,60.96330612282288,61.12713608243831,60.67419853808065,60.78984451293945,1163700,0.0,0.0
2023-08-31 00:00:00-04:00,60.93534569172525,61.9635461124348,60.92564732843454,61.58524703979492,1736900,0.41,0.0
2023-09-01 00:00:00-04:00,61.66284716417419,62.07994710480485,60.886848565414766,61.022647857666016,1378100,0.0,0.0
2023-09-05 00:00:00-04:00,60.780145506297444,60.780145506297444,60.15934665341682,60.41154479980469,1339800,0.0,0.0
2023-09-06 00:00:00-04:00,60.4406505975144,60.489149816752324,59.994448159867034,60.16904830932617,2159600,0.0,0.0
2023-09-07 00:00:00-04:00,60.36304558177119,61.32334635122181,60.36304558177119,61.1778450012207,1711200,0.0,0.0
2023-09-08 00:00:00-04:00,61.25544591151829,61.75984219772379,61.2166450586554,61.730743408203125,876200,0.0,0.0
2023-09-11 00:00:00-04:00,62.089647944212885,63.24394190558469,62.06054545340927,62.836544036865234,1605900,0.0,0.0
2023-09-12 00:00:00-04:00,62.972341189764485,62.972341189764485,62.01204413165005,62.167240142822266,1352900,0.0,0.0
2023-09-13 00:00:00-04:00,62.37094457747589,62.516438520875184,61.32334378196639,61.33304214477539,1211500,0.0,0.0
2023-09-14 00:00:00-04:00,61.507646688530066,62.14784598717057,61.35244697068549,61.87624740600586,1463900,0.0,0.0
2023-09-15 00:00:00-04:00,61.67254498421161,62.20604005262859,61.63374413188033,61.68224334716797,2064900,0.0,0.0
2023-09-18 00:00:00-04:00,61.93444740153268,62.584345089008515,61.730748457719656,62.48734664916992,1059800,0.0,0.0
2023-09-19 00:00:00-04:00,62.54554863009116,62.84624599930354,61.837445992309426,61.934444427490234,1050100,0.0,0.0
2023-09-20 00:00:00-04:00,62.400044868597774,63.350639857388074,62.12844630037197,62.826839447021484,1338500,0.0,0.0
2023-09-21 00:00:00-04:00,62.79774173856085,62.91414429859235,62.176942886071686,62.244842529296875,1301600,0.0,0.0
2023-09-22 00:00:00-04:00,62.370944540582,62.57464346172629,61.47854345231443,61.49794387817383,1252700,0.0,0.0
2023-09-25 00:00:00-04:00,61.25544900610276,61.41064872514188,60.741346930329954,61.0517463684082,755500,0.0,0.0
2023-09-26 00:00:00-04:00,60.64434649515917,61.50764513513251,60.55704642481057,61.148746490478516,1215600,0.0,0.0
2023-09-27 00:00:00-04:00,61.07114219536015,61.19724311390944,60.06234224747166,60.53764343261719,1442900,0.0,0.0
2023-09-28 00:00:00-04:00,60.73164749145508,60.99354770649395,60.324245923532466,60.73164749145508,946200,0.0,0.0
2023-09-29 00:00:00-04:00,60.88684437564127,61.93444148681546,60.79954430802234,61.68224334716797,1883300,0.0,0.0
2023-10-02 00:00:00-04:00,61.61434657165877,61.924746004241186,60.382447204736586,60.73164749145508,1565000,0.0,0.0
2023-10-03 00:00:00-04:00,60.5667415592219,61.03234067617539,59.460943193925765,60.15934371948242,814400,0.0,0.0
2023-10-04 00:00:00-04:00,61.79864543847589,61.92474636502628,60.19814904869549,61.13904571533203,2665400,0.0,0.0
2023-10-05 00:00:00-04:00,60.886842669873204,61.05174073728208,57.03594513982135,57.28814697265625,3523000,0.0,0.0
2023-10-06 00:00:00-04:00,57.01654862977532,57.676148345214116,55.74585211641039,57.4239501953125,2694200,0.0,0.0
2023-10-09 00:00:00-04:00,57.084446316190245,57.782846861585206,56.47334953922262,57.356048583984375,1649500,0.0,0.0
2023-10-10 00:00:00-04:00,58.00594803178617,58.762549879764826,57.588848104128964,58.35514831542969,1914500,0.0,0.0
2023-10-11 00:00:00-04:00,58.29694663499681,58.88864670041849,57.90894920047244,58.24844741821289,1126200,0.0,0.0
2023-10-12 00:00:00-04:00,58.28725052072497,58.31634931186747,55.6197527919021,56.318153381347656,2198800,0.0,0.0
2023-10-13 00:00:00-04:00,56.32784826160796,57.24934816008368,56.25994861963898,56.89044952392578,1270600,0.0,0.0
2023-10-16 00:00:00-04:00,57.1911482158169,57.72464700098903,56.987449285156224,57.482147216796875,1146900,0.0,0.0
2023-10-17 00:00:00-04:00,57.17174878833566,57.6567483651971,56.8322505646339,57.36574935913086,1400100,0.0,0.0
2023-10-18 00:00:00-04:00,57.18145096983338,58.23875019757994,56.958351608047806,57.501548767089844,1391900,0.0,0.0
2023-10-19 00:00:00-04:00,57.55975137534679,57.598552230530814,56.39575162159875,56.589752197265625,1497900,0.0,0.0
2023-10-20 00:00:00-04:00,56.87105010646024,57.29784839215819,56.783750036629634,56.909847259521484,1196500,0.0,0.0
2023-10-23 00:00:00-04:00,56.715847416292696,56.715847416292696,55.75554669856473,55.8913459777832,1376800,0.0,0.0
2023-10-24 00:00:00-04:00,55.99804860757155,56.900148082839834,55.658550396557885,56.56064987182617,996300,0.0,0.0
2023-10-25 00:00:00-04:00,56.55094905871882,56.677049982848686,55.794350914445765,55.94955062866211,1521500,0.0,0.0
2023-10-26 00:00:00-04:00,56.38605347487264,56.83225221044594,56.114451187792746,56.259952545166016,1252700,0.0,0.0
2023-10-27 00:00:00-04:00,56.03685058295929,56.51214808790041,54.804951235061175,55.04745101928711,1255800,0.0,0.0
2023-10-30 00:00:00-04:00,55.49365251045055,55.83315444550337,55.17355470338999,55.32875442504883,1928900,0.0,0.0
2023-10-31 00:00:00-04:00,55.62944841837053,56.33755103685795,55.53244998583273,56.03684997558594,2256800,0.0,0.0
2023-11-01 00:00:00-04:00,56.172644548797166,56.75464249570497,55.72644587615101,56.45394515991211,2322300,0.0,0.0
2023-11-02 00:00:00-04:00,57.23965026016037,57.23965026016037,53.99985283530177,56.095054626464844,3792400,0.0,0.0
2023-11-03 00:00:00-04:00,57.08444831943813,58.132049174293726,56.76435052506765,57.25904846191406,2254800,0.0,0.0
2023-11-06 00:00:00-05:00,57.094153795416425,58.064153000366744,57.094153795416425,57.61795425415039,1366500,0.0,0.0
2023-11-07 00:00:00-05:00,57.50154892920472,57.78284957321779,57.07475063157511,57.33665084838867,1071800,0.0,0.0
2023-11-08 00:00:00-05:00,57.73435521862605,57.81195323370742,56.99715372395904,57.22025680541992,1758300,0.0,0.0
2023-11-09 00:00:00-05:00,57.32694868715401,57.64705018502161,56.41515081184717,56.43455123901367,1646200,0.0,0.0
2023-11-10 00:00:00-05:00,56.28904986519684,57.26875108536152,56.28904986519684,57.20085144042969,1787900,0.0,0.0
2023-11-13 00:00:00-05:00,56.686750469719314,57.171750057346024,56.45395273980028,56.7546501159668,1341200,0.0,0.0
2023-11-14 00:00:00-05:00,57.46275430566296,58.04475234626608,57.28815415343137,57.94775390625,1361200,0.0,0.0
2023-11-15 00:00:00-05:00,57.95745114734747,58.17085215155263,57.48214991986868,57.92835235595703,1430200,0.0,0.0
2023-11-16 00:00:00-05:00,57.899253313332366,58.11265433024968,57.08445380358399,57.22025680541992,1461900,0.0,0.0
2023-11-17 00:00:00-05:00,57.326946618881266,57.6276476787335,56.92924712694921,57.598548889160156,1295700,0.0,0.0
2023-11-20 00:00:00-05:00,57.30755165943055,57.763448744564386,57.142649879507424,57.229949951171875,908300,0.0,0.0
2023-11-21 00:00:00-05:00,57.22994759382901,57.91864607511776,56.90984611082685,57.82164764404297,1371800,0.0,0.0
2023-11-22 00:00:00-05:00,58.025347219085965,58.2969457893385,57.782847438431055,58.199947357177734,1158600,0.0,0.0
2023-11-24 00:00:00-05:00,58.15145335498138,58.44245237780776,58.08355370633033,58.19025421142578,425100,0.0,0.0
2023-11-27 00:00:00-05:00,58.10294704815952,58.50064652757685,57.879844000941105,58.43274688720703,1675800,0.0,0.0
2023-11-28 00:00:00-05:00,58.56855212694272,58.76255270498898,58.33575069323657,58.47154998779297,1132700,0.0,0.0
2023-11-29 00:00:00-05:00,58.393949614473705,58.53944726693253,58.044749328167555,58.29694747924805,1276200,0.0,0.0
2023-11-30 00:00:00-05:00,58.58994980429134,60.152607374933595,58.46298271240493,60.10377502441406,2645900,0.41,0.0
2023-12-01 00:00:00-05:00,60.17213723741676,60.797200225962136,59.98656910129472,60.48466873168945,1378400,0.0,0.0
2023-12-04 00:00:00-05:00,60.10377601248492,61.74456835146771,59.99634260417408,60.82650375366211,2124200,0.0,0.0
2023-12-05 00:00:00-05:00,60.89486867352437,60.953469729437856,60.38700775828561,60.592105865478516,1601500,0.0,0.0
2023-12-06 00:00:00-05:00,60.34793845379226,60.79720202439015,60.16237031218097,60.45537185668945,1571400,0.0,0.0
2023-12-07 00:00:00-05:00,60.57257452407314,60.709306600826025,60.064709863512675,60.68000793457031,1126300,0.0,0.0
2023-12-08 00:00:00-05:00,60.64094143397426,61.178104768510494,60.64094143397426,60.85580825805664,1166300,0.0,0.0
2023-12-11 00:00:00-05:00,60.91440189721789,61.42226653427756,60.5432730562535,61.402732849121094,1103200,0.0,0.0
2023-12-12 00:00:00-05:00,61.60783626376928,62.10593220821718,61.432036818512465,61.969200134277344,2096500,0.0,0.0
2023-12-13 00:00:00-05:00,62.027798035648495,62.79936558640632,61.519937106538656,62.740760803222656,1378300,0.0,0.0
2023-12-14 00:00:00-05:00,62.60402356294594,62.77982299531428,61.40272992554181,61.578529357910156,2178100,0.0,0.0
2023-12-15 00:00:00-05:00,61.168339186969376,61.168339186969376,59.91820935311417,60.35770797729492,5062800,0.0,0.0
2023-12-18 00:00:00-05:00,60.68000184702721,61.07066435203342,60.33816796376881,60.48466873168945,1829200,0.0,0.0
2023-12-19 00:00:00-05:00,60.5921104528995,61.13903878015512,60.455378371085594,60.875343322753906,1334400,0.0,0.0
2023-12-20 00:00:00-05:00,60.631173201181035,60.631173201181035,59.77170967662571,59.83030700683594,1186800,0.0,0.0
2023-12-21 00:00:00-05:00,60.13307765388399,60.426075501986695,59.20524803016727,59.615447998046875,1046700,0.0,0.0
2023-12-22 00:00:00-05:00,59.918205995565735,60.63117246021287,59.69357420594286,59.927974700927734,757400,0.0,0.0
2023-12-26 00:00:00-05:00,59.78147929632711,60.06471216655781,59.69357956851999,59.73264694213867,1047800,0.0,0.0
2023-12-27 00:00:00-05:00,59.449407528310154,59.967040857607195,59.449407528310154,59.693572998046875,756000,0.0,0.0
2023-12-28 00:00:00-05:00,59.52754735294943,59.91820990250455,59.478714999963756,59.8205451965332,741200,0.0,0.0
2023-12-29 00:00:00-05:00,59.634978014937154,59.95727451031614,59.508010922493526,59.78147506713867,776300,0.0,0.0
2024-01-02 00:00:00-05:00,59.65451331716385,60.95347176510313,59.61544594525012,60.62140655517578,1275300,0.0,0.0
2024-01-03 00:00:00-05:00,60.68977056633147,60.953469729437856,60.133073574996715,60.592105865478516,1341600,0.0,0.0
2024-01-04 00:00:00-05:00,60.52374332552911,60.69954277775401,59.84007920306226,59.879146575927734,1198000,0.0,0.0
2024-01-05 00:00:00-05:00,59.908443593114924,60.49443926728223,59.57637838424154,60.0744743347168,1669500,0.0,0.0
2024-01-08 00:00:00-05:00,60.074474982703315,60.846038818359375,59.87914557298707,60.846038818359375,1319600,0.0,0.0
2024-01-09 00:00:00-05:00,60.748373980221395,61.35390334548653,60.41630876849477,61.33436965942383,1908000,0.0,0.0
2024-01-10 00:00:00-05:00,61.25623352095659,62.184059314533116,61.168333803856044,62.076629638671875,1738400,0.0,0.0
2024-01-11 00:00:00-05:00,61.83246610334973,62.281729682267084,61.57853192349594,62.21336364746094,1281400,0.0,0.0
2024-01-12 00:00:00-05:00,62.31102845595081,62.51613028639735,61.656666771470796,61.725032806396484,1041900,0.0,0.0
2024-01-16 00:00:00-05:00,62.027798058669255,62.223131191452254,61.23670427311906,61.705501556396484,1083800,0.0,0.0
2024-01-17 00:00:00-05:00,61.5785322655361,61.920366167135015,61.344135495090065,61.78363037109375,1130600,0.0,0.0
2024-01-18 00:00:00-05:00,61.754332882529155,61.88129997557982,60.97300409004347,61.363670349121094,993200,0.0,0.0
2024-01-19 00:00:00-05:00,61.598066740747015,61.598066740747015,60.60187113940036,61.0316047668457,1220700,0.0,0.0
2024-01-22 00:00:00-05:00,60.836272745434584,61.59806786152009,60.80697035396772,61.2660026550293,1188800,0.0,0.0
2024-01-23 00:00:00-05:00,61.1292697024913,61.422267533264716,60.82650316614603,61.09020233154297,1119300,0.0,0.0
2024-01-24 00:00:00-05:00,61.12926649117472,61.178098839460034,59.56660899202823,59.683807373046875,1651000,0.0,0.0
2024-01-25 00:00:00-05:00,60.07447278212327,61.43203597420838,59.93774071006265,61.41250228881836,1565400,0.0,0.0
2024-01-26 00:00:00-05:00,61.676203343320545,62.01803353394846,61.03160660837243,61.27577209472656,1019500,0.0,0.0
2024-01-29 00:00:00-05:00,61.37343544191538,61.99849847705345,60.8655707944483,61.91059875488281,1190400,0.0,0.0
2024-01-30 00:00:00-05:00,61.900832506437276,62.08639692691948,61.24646709353885,61.402732849121094,1211600,0.0,0.0
2024-01-31 00:00:00-05:00,61.66643448508065,61.891066284890904,60.03541082858764,60.34794235229492,1185300,0.0,0.0
2024-02-01 00:00:00-05:00,60.37723604054311,61.72503045395478,60.29910502889266,61.63713073730469,1342000,0.0,0.0
2024-02-02 00:00:00-05:00,61.539467441130384,61.6469008510583,60.35770738326262,60.62140655517578,1359500,0.0,0.0
2024-02-05 00:00:00-05:00,59.98657796948005,60.26981084230839,59.6740464290039,59.84984588623047,1349700,0.0,0.0
2024-02-06 00:00:00-05:00,59.83030530659128,60.59210410870124,59.74240558810433,59.8596076965332,2314200,0.0,0.0
2024-02-07 00:00:00-05:00,58.69737764727854,59.06851020581153,57.52538636882812,58.33601379394531,4186800,0.0,0.0
2024-02-08 00:00:00-05:00,58.33601570226943,58.90248140096453,57.81838607983182,58.85364532470703,2414600,0.0,0.0
2024-02-09 00:00:00-05:00,58.609477829014054,58.834113340192886,57.98441482139316,58.824344635009766,2134000,0.0,0.0
2024-02-12 00:00:00-05:00,58.843877389452395,60.680002739563804,58.80481002067635,60.66046905517578,4091200,0.0,0.0
2024-02-13 00:00:00-05:00,61.04136768067032,61.27576817185864,58.384846166993334,59.8596076965332,4557400,0.0,0.0
2024-02-14 00:00:00-05:00,60.523740684023814,60.699540128576096,59.2736108865776,60.006107330322266,2109400,0.0,0.0
2024-02-15 00:00:00-05:00,60.2405089931911,60.97300545105999,60.152609269220044,60.62140655517578,1538500,0.0,0.0
2024-02-16 00:00:00-05:00,60.41631013346388,60.8265063730391,60.0158788743058,60.69954299926758,1458800,0.0,0.0
2024-02-20 00:00:00-05:00,60.836275893443066,61.93013627262181,60.699543811754445,61.25624084472656,2008700,0.0,0.0
2024-02-21 00:00:00-05:00,61.500400649082444,61.86176450662616,60.719068153452476,61.01206970214844,1360100,0.0,0.0
2024-02-22 00:00:00-05:00,60.553042708111185,61.383203900131896,60.15261144568111,61.19763946533203,1614100,0.0,0.0
2024-02-23 00:00:00-05:00,61.051134726575455,61.55899936994843,60.748371917060275,61.0316047668457,1389500,0.0,0.0
2024-02-26 00:00:00-05:00,60.8851058262921,61.725035695457436,60.87534084613257,61.27577209472656,1029300,0.0,0.0
2024-02-27 00:00:00-05:00,61.22693349472,61.783630482621106,60.87533833841628,61.2952995300293,1076800,0.0,0.0
2024-02-28 00:00:00-05:00,61.39296924826036,61.52970132175713,60.982769302100465,61.42226791381836,1289200,0.0,0.0
2024-02-29 00:00:00-05:00,61.530460422202665,61.943546741646394,61.15671297704929,61.39276123046875,2331900,0.44,0.0
2024-03-01 00:00:00-05:00,61.35341827077922,61.5599614167478,60.50757062319086,61.1075325012207,1192900,0.0,0.0
2024-03-04 00:00:00-05:00,60.74361868532259,61.500947303604185,60.74361868532259,61.3140754699707,1253800,0.0,0.0
2024-03-05 00:00:00-05:00,61.55012908201306,62.622187460617916,61.50094892541133,61.97304916381836,1495800,0.0,0.0
2024-03-06 00:00:00-05:00,62.42548427455884,62.66153252700138,61.2353942241168,61.737003326416016,1659400,0.0,0.0
2024-03-07 00:00:00-05:00,61.96321617488928,63.045112099397436,61.73700170892555,62.966426849365234,1709900,0.0,0.0
2024-03-08 00:00:00-05:00,63.01560929274686,63.66475137330514,62.661533158594835,63.49754333496094,1642400,0.0,0.0
2024-03-11 00:00:00-04:00,63.66474593368307,65.52364172723466,63.56638562405924,64.86466217041016,2085700,0.0,0.0
2024-03-12 00:00:00-04:00,64.74665198823546,65.27776622761687,64.08767983160712,64.49092864990234,1286700,0.0,0.0
2024-03-13 00:00:00-04:00,64.91384107697876,65.41545013183004,64.74664055997431,65.1203842163086,1764000,0.0,0.0
2024-03-14 00:00:00-04:00,64.81549612634363,65.45480068487505,64.26470685089069,64.84500122070312,2533600,0.0,0.0
2024-03-15 00:00:00-04:00,64.44174364983249,66.45801010146899,64.44174364983249,66.35965728759766,4433000,0.0,0.0
2024-03-18 00:00:00-04:00,66.0744201369874,66.6940495358917,65.88754456265724,66.33997344970703,1647200,0.0,0.0
2024-03-19 00:00:00-04:00,66.46784175552175,66.89076557121948,66.19245089950239,66.88092803955078,1697900,0.0,0.0
2024-03-20 00:00:00-04:00,66.87109687879605,66.97928722594513,65.53347759026092,65.74002075195312,1543600,0.0,0.0
2024-03-21 00:00:00-04:00,65.56299113261134,66.33015360247417,65.13022973778048,65.96623992919922,1163100,0.0,0.0
2024-03-22 00:00:00-04:00,66.13344154569369,66.53669785269962,65.83838309299959,66.05476379394531,1007200,0.0,0.0
2024-03-25 00:00:00-04:00,66.2908050078314,66.67438620823287,66.03508170628434,66.55635833740234,1393700,0.0,0.0
2024-03-26 00:00:00-04:00,66.8022525129081,67.11698603755468,65.79904174804688,65.79904174804688,1576500,0.0,0.0
2024-03-27 00:00:00-04:00,66.09409320180401,66.60553981505076,65.90722511574393,66.2317886352539,1255900,0.0,0.0
2024-03-28 00:00:00-04:00,66.45801355233104,66.6645567233373,65.83838403931226,66.14328002929688,1190000,0.0,0.0
2024-04-01 00:00:00-04:00,65.86787825280555,66.39899239215191,65.75968791865141,66.22195434570312,1185200,0.0,0.0
2024-04-02 00:00:00-04:00,66.24162990740876,67.12682024659313,66.24162990740876,67.06781005859375,1940600,0.0,0.0
2024-04-03 00:00:00-04:00,67.02846851421697,67.20550658491227,66.74324009455013,67.01863098144531,1429700,0.0,0.0
2024-04-04 00:00:00-04:00,67.30385671127398,67.30385671127398,65.86788464139651,66.27113342285156,1370800,0.0,0.0
2024-04-05 00:00:00-04:00,66.31047827548365,66.47767881234027,65.90722948048598,66.24163055419922,1222200,0.0,0.0
2024-04-08 00:00:00-04:00,66.12360967987689,66.23179252350572,65.48430512770616,65.53347778320312,1502300,0.0,0.0
2024-04-09 00:00:00-04:00,68.04150745963697,68.04150745963697,65.7990305405109,66.22195434570312,2344800,0.0,0.0
2024-04-10 00:00:00-04:00,65.66134576345806,66.70389914836086,65.50397525050114,66.34982299804688,1792500,0.0,0.0
2024-04-11 00:00:00-04:00,66.61538352705392,67.02846986572584,65.96624142013601,66.69406127929688,1439600,0.0,0.0
2024-04-12 00:00:00-04:00,66.42850922149239,66.55636713725174,65.00236706645723,65.24825286865234,1338000,0.0,0.0
2024-04-15 00:00:00-04:00,65.76952897626639,65.76952897626639,63.625404744914285,63.70408248901367,1927000,0.0,0.0
2024-04-16 00:00:00-04:00,63.566389961349834,63.73359799681651,62.13041788815135,62.218936920166016,2190400,0.0,0.0
2024-04-17 00:00:00-04:00,62.59268417206283,63.290998893669816,62.31729329636865,62.49433135986328,1817100,0.0,0.0
2024-04-18 00:00:00-04:00,62.87791175701853,63.27133050450523,62.4353166040758,62.8287353515625,1507500,0.0,0.0
2024-04-19 00:00:00-04:00,62.95659676204305,63.674579032358864,62.6615308266178,63.172977447509766,1353700,0.0,0.0
2024-04-22 00:00:00-04:00,63.379520800994655,64.16635079155024,62.98610205379762,63.45819854736328,1659500,0.0,0.0
2024-04-23 00:00:00-04:00,62.87791258791272,63.753265373122694,62.60252171218445,63.12379837036133,2034200,0.0,0.0
2024-04-24 00:00:00-04:00,61.40259882219492,63.12379932537564,60.68461277681271,62.65169906616211,2444500,0.0,0.0
2024-04-25 00:00:00-04:00,62.36646918059506,62.83856942865717,61.29440702814592,61.78617858886719,1791600,0.0,0.0
2024-04-26 00:00:00-04:00,62.02223083931291,62.238607775598936,61.48127911879966,61.51078796386719,1404600,0.0,0.0
2024-04-29 00:00:00-04:00,61.707494908055054,63.13363313409963,61.697657376113725,62.513999938964844,2557300,0.0,0.0
2024-04-30 00:00:00-04:00,61.471444065484086,61.90420168101418,56.31767654418945,56.31767654418945,5970600,0.0,0.0
2024-05-01 00:00:00-04:00,55.91442585023654,57.596287466342844,55.825906817809894,56.14064407348633,2840700,0.0,0.0
2024-05-02 00:00:00-04:00,56.199654704171415,57.82250239416543,56.17998339104138,56.848793029785156,2792800,0.0,0.0
2024-05-03 00:00:00-04:00,57.00615863631576,57.743815980218145,56.77011038734179,56.89796829223633,2054700,0.0,0.0
2024-05-06 00:00:00-04:00,57.20286742051395,57.33072907600623,56.071791337452936,56.3275146484375,2342300,0.0,0.0
2024-05-07 00:00:00-04:00,56.72092992136645,57.46842479353432,56.52422429892998,57.311058044433594,2855200,0.0,0.0
2024-05-08 00:00:00-04:00,57.488096679700085,57.99953955735973,57.006158895316425,57.252044677734375,1816000,0.0,0.0
2024-05-09 00:00:00-04:00,57.320894104467186,57.9011847183394,57.31106032372197,57.8421745300293,1457700,0.0,0.0
2024-05-10 00:00:00-04:00,57.85200590052228,58.442130270553726,57.79299196275144,58.07822036743164,1615400,0.0,0.0
2024-05-13 00:00:00-04:00,58.11756266622156,58.4027910692999,57.743815232943696,57.792991638183594,1872300,0.0,0.0
2024-05-14 00:00:00-04:00,57.852006650547764,57.97986830808264,56.85862973933499,57.183197021484375,2258700,0.0,0.0
2024-05-15 00:00:00-04:00,57.37007195261645,57.42908213854914,55.914424834289264,55.983272552490234,2105200,0.0,0.0
2024-05-16 00:00:00-04:00,56.012779391771275,56.69142276913232,55.94393167603548,56.50455093383789,2117900,0.0,0.0
2024-05-17 00:00:00-04:00,56.6324133704715,56.6324133704715,55.38331318607432,55.540679931640625,1484700,0.0,0.0
2024-05-20 00:00:00-04:00,55.86524819299128,55.86524819299128,54.104705116322194,54.301414489746094,2108500,0.0,0.0
2024-05-21 00:00:00-04:00,54.389930841637494,54.63581660832837,54.03585473729559,54.252235412597656,1304300,0.0,0.0
2024-05-22 00:00:00-04:00,54.03585635297756,54.40960378006014,53.563756117045486,53.58342742919922,1276800,0.0,0.0
2024-05-23 00:00:00-04:00,53.42606187003706,53.73096158731044,52.668733218940645,52.8359375,1492100,0.0,0.0
2024-05-24 00:00:00-04:00,53.160504387549906,53.37688507253677,52.48186099179912,52.61955642700195,1363200,0.0,0.0
2024-05-28 00:00:00-04:00,52.27531935379614,53.22935364759801,52.058938662539134,52.088443756103516,2627200,0.0,0.0
2024-05-29 00:00:00-04:00,51.783547215798606,53.08182384525267,51.73436705783865,52.147457122802734,2817700,0.0,0.0
2024-05-30 00:00:00-04:00,52.24580923931079,52.54087142354581,52.00976099269046,52.34416580200195,2395100,0.0,0.0
2024-05-31 00:00:00-04:00,52.5408728275007,54.173558044528214,52.10811519585348,53.90800094604492,3823800,0.0,0.0
2024-06-03 00:00:00-04:00,53.69161973491068,53.99651945657247,52.23597634953824,52.57038116455078,3096400,0.0,0.0
2024-06-04 00:00:00-04:00,52.413014280718215,52.462190686818,51.99992421525766,52.078609466552734,2137200,0.0,0.0
2024-06-05 00:00:00-04:00,52.12778843470982,52.12778843470982,51.41963614592595,51.636016845703125,3294500,0.0,0.0
2024-06-06 00:00:00-04:00,51.468812768601516,52.294985379502265,51.350784893970655,51.990089416503906,4052000,0.0,0.0
2024-06-07 00:00:00-04:00,51.78180892865645,52.50582152158773,51.47435375476381,51.51402282714844,2100600,0.44,0.0
2024-06-10 00:00:00-04:00,51.40492818429749,51.85123457037373,51.176811155016686,51.4743537902832,2216100,0.0,0.0
2024-06-11 00:00:00-04:00,51.16689509250584,51.26607344915696,50.29411117701119,50.54206085205078,3183100,0.0,0.0
2024-06-12 00:00:00-04:00,50.968534593542536,51.1272222342244,50.462718921185285,50.56189727783203,3695700,0.0,0.0
2024-06-13 00:00:00-04:00,50.43296259063682,50.502388197251584,49.39157470800352,49.887474060058594,1881100,0.0,0.0
2024-06-14 00:00:00-04:00,49.540344335144184,49.83788317953369,48.78657522705164,49.12378692626953,2881500,0.0,0.0
2024-06-17 00:00:00-04:00,49.05436303947543,49.82796860206698,48.97502111045249,49.78829574584961,2217300,0.0,0.0
2024-06-18 00:00:00-04:00,49.58001700544496,49.976734202017234,49.4114092647577,49.85771942138672,2347700,0.0,0.0
2024-06-20 00:00:00-04:00,49.58993323790186,50.39329151838407,49.43124560287704,50.21476745605469,1896400,0.0,0.0
2024-06-21 00:00:00-04:00,50.45279693007844,51.34541724018952,49.96681770389369,50.532142639160156,6051300,0.0,0.0
2024-06-24 00:00:00-04:00,50.581733597284654,51.40492833265066,50.482555240850765,50.97845458984375,2036600,0.0,0.0
2024-06-25 00:00:00-04:00,50.49246974452461,50.8693542955402,50.125505298842185,50.65115737915039,2040200,0.0,0.0
2024-06-26 00:00:00-04:00,50.39329148395698,50.512306264291375,49.92714490114743,50.25443649291992,2208900,0.0,0.0
2024-06-27 00:00:00-04:00,50.28419305991482,50.40320784033052,49.64944251981554,50.21476745605469,2104200,0.0,0.0
2024-06-28 00:00:00-04:00,50.38337136653471,50.50238614684059,49.966817743758305,50.41312789916992,2492900,0.0,0.0
2024-07-01 00:00:00-04:00,50.700748596530346,50.83959980949087,49.758539072768734,50.18501281738281,1808100,0.0,0.0
2024-07-02 00:00:00-04:00,50.274274887837734,50.30403142164468,49.74862278599392,50.14534378051758,1396200,0.0,0.0
2024-07-03 00:00:00-04:00,50.710666788433706,50.77017228693573,49.986654217169736,50.21476745605469,1138900,0.0,0.0
2024-07-05 00:00:00-04:00,50.075918335775604,50.12550751439832,49.22297084318226,49.570098876953125,2581400,0.0,0.0
2024-07-08 00:00:00-04:00,49.61968800327449,49.77837564474702,49.36182200466104,49.74862289428711,1949000,0.0,0.0
2024-07-09 00:00:00-04:00,49.55026245352396,50.17509669778263,49.461000418629865,49.530426025390625,1987800,0.0,0.0
2024-07-10 00:00:00-04:00,49.530424002054886,50.05607986758547,49.2923944410021,50.01640701293945,1578300,0.0,0.0
2024-07-11 00:00:00-04:00,50.224687388637655,51.01812562080177,50.12550902839661,50.75033950805664,1669100,0.0,0.0
2024-07-12 00:00:00-04:00,50.75033760862651,51.18673145754283,50.2841947928456,50.819766998291016,1926200,0.0,0.0
2024-07-15 00:00:00-04:00,50.78009410010995,51.36525548333357,50.58173360380483,50.9189453125,2052800,0.0,0.0
2024-07-16 00:00:00-04:00,51.14705821106649,52.17852975810585,50.928861288274234,52.14877700805664,1699700,0.0,0.0
2024-07-17 00:00:00-04:00,52.366969731284435,53.775325829206125,52.2677913763007,53.53729248046875,2158300,0.0,0.0
2024-07-18 00:00:00-04:00,52.56533238757785,53.74557150745933,52.40664474302729,52.63475799560547,2308100,0.0,0.0
2024-07-19 00:00:00-04:00,52.55541437052556,52.614919870681,51.781808817799096,51.970252990722656,1215700,0.0,0.0
2024-07-22 00:00:00-04:00,51.97025483586012,52.30746655455629,51.33550047217586,52.079349517822266,1339100,0.0,0.0
2024-07-23 00:00:00-04:00,51.940498187081474,52.763692945157416,51.90082911346062,52.456233978271484,1291100,0.0,0.0
2024-07-24 00:00:00-04:00,52.59508503599125,53.001722360821844,52.476070248663525,52.93229675292969,1912600,0.0,0.0
2024-07-25 00:00:00-04:00,53.04139500905041,53.874506083890445,52.88270736543383,53.567047119140625,2154300,0.0,0.0
2024-07-26 00:00:00-04:00,53.69598193930776,54.469583727966345,53.53729429590569,53.88442611694336,1631900,0.0,0.0
2024-07-29 00:00:00-04:00,53.48770354464145,53.5472128279476,52.277707934632026,52.68434524536133,2027100,0.0,0.0
2024-07-30 00:00:00-04:00,52.575246739353645,53.00172047748676,52.40664277858144,52.82319641113281,1758200,0.0,0.0
2024-07-31 00:00:00-04:00,52.74385652214545,53.08106824013519,52.39672848160243,52.416561126708984,1554700,0.0,0.0
2024-08-01 00:00:00-04:00,52.6347561645328,53.01164072600866,52.02975835841445,52.34713363647461,1480900,0.0,0.0
2024-08-02 00:00:00-04:00,52.60500530043833,52.85295498177515,51.266074751172376,52.456233978271484,2169000,0.0,0.0
2024-08-05 00:00:00-04:00,52.565329095410924,53.00171914474086,50.46271699094975,50.71066665649414,3036300,0.0,0.0
2024-08-06 00:00:00-04:00,53.96376625628466,54.7274516971323,53.15049163790909,53.457950592041016,4839600,0.0,0.0
2024-08-07 00:00:00-04:00,53.47778373822324,54.50925528749635,51.67271041870117,51.67271041870117,3684300,0.0,0.0
2024-08-08 00:00:00-04:00,51.57353186116523,52.773607367608136,51.57353186116523,52.42647933959961,2118600,0.0,0.0
2024-08-09 00:00:00-04:00,52.406642868501145,52.634756112919966,51.950416379663494,52.545494079589844,1474600,0.0,0.0
2024-08-12 00:00:00-04:00,52.555416402840706,52.99180648230669,51.4842719576807,51.58345031738281,2298600,0.0,0.0
2024-08-13 00:00:00-04:00,51.533860847615784,54.3208166271447,51.40492973741075,52.555416107177734,1609000,0.0,0.0
2024-08-14 00:00:00-04:00,52.71410392448915,52.71410392448915,51.920661915089845,52.00000762939453,956600,0.0,0.0
2024-08-15 00:00:00-04:00,52.386808155088445,53.34885412541728,52.386808155088445,53.13065719604492,1861700,0.0,0.0
2024-08-16 00:00:00-04:00,53.0711479027969,53.30918126056857,52.74385629219921,53.19016647338867,1070900,0.0,0.0
2024-08-19 00:00:00-04:00,53.190164448963635,53.80507857330325,53.17032802128665,53.5968017578125,1252400,0.0,0.0
2024-08-20 00:00:00-04:00,53.41827968059171,53.66622936066619,53.239755608265135,53.289344787597656,1351600,0.0,0.0
2024-08-21 00:00:00-04:00,53.58688380364929,53.79516441091372,52.62484161486815,52.8331184387207,1620700,0.0,0.0
2024-08-22 00:00:00-04:00,53.02155873665916,53.31909759638912,52.932296700398986,53.09098434448242,1186300,0.0,0.0
2024-08-23 00:00:00-04:00,53.32901763127244,53.52737813196546,52.91246020147591,53.388526916503906,693800,0.0,0.0
2024-08-26 00:00:00-04:00,53.68606383732001,53.973682580356986,53.35876845548286,53.438114166259766,1019100,0.0,0.0
2024-08-27 00:00:00-04:00,53.557130951542234,53.67614573874589,53.011642411495934,53.11082077026367,1209000,0.0,0.0
2024-08-28 00:00:00-04:00,53.001720426515384,53.34885223671943,52.694265255188405,53.02155685424805,1054200,0.0,0.0
2024-08-29 00:00:00-04:00,53.388526971636814,53.477785224458394,52.386808144637946,53.21000289916992,1020500,0.0,0.0
2024-08-30 00:00:00-04:00,53.439998626708984,54.099998474121094,53.290000915527344,53.970001220703125,2402700,0.44,0.0
2024-09-03 00:00:00-04:00,53.400001525878906,57.880001068115234,53.290000915527344,56.900001525878906,7793400,0.0,0.0
2024-09-04 00:00:00-04:00,56.79999923706055,57.52000045776367,55.06999969482422,55.75,3830100,0.0,0.0
2024-09-05 00:00:00-04:00,56.09000015258789,56.279998779296875,55.540000915527344,55.810001373291016,2208500,0.0,0.0
2024-09-06 00:00:00-04:00,55.81999969482422,56.29999923706055,55.630001068115234,55.77000045776367,1687900,0.0,0.0
2024-09-09 00:00:00-04:00,55.869998931884766,56.599998474121094,55.529998779296875,55.939998626708984,2119100,0.0,0.0
2024-09-10 00:00:00-04:00,56.08000183105469,56.189998626708984,54.5,54.75,1670100,0.0,0.0
2024-09-11 00:00:00-04:00,54.720001220703125,54.7400016784668,53.11000061035156,53.84000015258789,1373900,0.0,0.0
2024-09-12 00:00:00-04:00,53.599998474121094,54.400001525878906,53.13999938964844,54.310001373291016,1101700,0.0,0.0
2024-09-13 00:00:00-04:00,54.56999969482422,55.709999084472656,54.40999984741211,54.939998626708984,1091600,0.0,0.0
2024-09-16 00:00:00-04:00,55.29999923706055,55.70000076293945,55.04999923706055,55.5,1240000,0.0,0.0
2024-09-17 00:00:00-04:00,55.59000015258789,56.459999084472656,55.380001068115234,56.08000183105469,1397400,0.0,0.0
2024-09-18 00:00:00-04:00,55.95000076293945,56.369998931884766,55.29999923706055,55.34000015258789,1597400,0.0,0.0
2024-09-19 00:00:00-04:00,55.630001068115234,56.22999954223633,55.119998931884766,55.31999969482422,2215600,0.0,0.0
2024-09-20 00:00:00-04:00,54.65999984741211,55.810001373291016,54.209999084472656,54.4900016784668,7048200,0.0,0.0
2024-09-23 00:00:00-04:00,54.31999969482422,55.540000915527344,54.20000076293945,55.060001373291016,1658000,0.0,0.0
2024-09-24 00:00:00-04:00,55.20000076293945,55.31999969482422,54.470001220703125,54.61000061035156,1590800,0.0,0.0
2024-09-25 00:00:00-04:00,54.720001220703125,54.90999984741211,54.130001068115234,54.599998474121094,1842100,0.0,0.0
2024-09-26 00:00:00-04:00,54.88999938964844,55.400001525878906,54.81999969482422,55.34000015258789,1321400,0.0,0.0
2024-09-27 00:00:00-04:00,55.81999969482422,57.08000183105469,55.70000076293945,56.83000183105469,2464400,0.0,0.0
2024-09-30 00:00:00-04:00,57.0,57.84000015258789,56.400001525878906,57.52000045776367,2369800,0.0,0.0
2024-10-01 00:00:00-04:00,57.41999816894531,57.75,57.099998474121094,57.349998474121094,1795900,0.0,0.0
2024-10-02 00:00:00-04:00,57.13999938964844,57.369998931884766,56.0,56.33000183105469,1596400,0.0,0.0
2024-10-03 00:00:00-04:00,56.02000045776367,56.220001220703125,55.04999923706055,55.529998779296875,1417000,0.0,0.0
2024-10-04 00:00:00-04:00,55.5,56.290000915527344,55.5,56.06999969482422,997800,0.0,0.0
2024-10-07 00:00:00-04:00,56.029998779296875,56.029998779296875,54.63999938964844,55.040000915527344,1053700,0.0,0.0
2024-10-08 00:00:00-04:00,54.279998779296875,54.54999923706055,53.529998779296875,53.970001220703125,1939400,0.0,0.0
2024-10-09 00:00:00-04:00,54.13999938964844,55.0099983215332,54.04999923706055,54.310001373291016,1199800,0.0,0.0
2024-10-10 00:00:00-04:00,54.66999816894531,54.66999816894531,54.0099983215332,54.38999938964844,1148000,0.0,0.0
2024-10-11 00:00:00-04:00,54.41999816894531,54.88999938964844,54.310001373291016,54.45000076293945,823400,0.0,0.0
2024-10-14 00:00:00-04:00,54.529998779296875,55.040000915527344,54.310001373291016,54.849998474121094,1046300,0.0,0.0
2024-10-15 00:00:00-04:00,54.59000015258789,55.45000076293945,54.16999816894531,54.4900016784668,1587000,0.0,0.0
2024-10-16 00:00:00-04:00,54.5,56.290000915527344,54.5,56.099998474121094,1729100,0.0,0.0
2024-10-17 00:00:00-04:00,56.04999923706055,56.459999084472656,55.54999923706055,56.04999923706055,1389800,0.0,0.0
2024-10-18 00:00:00-04:00,56.349998474121094,56.5,55.689998626708984,56.0,1728800,0.0,0.0
2024-10-21 00:00:00-04:00,55.83000183105469,56.400001525878906,55.709999084472656,55.720001220703125,1339200,0.0,0.0
2024-10-22 00:00:00-04:00,55.75,56.15999984741211,55.20000076293945,55.869998931884766,1314300,0.0,0.0
2024-10-23 00:00:00-04:00,55.5,56.130001068115234,55.22999954223633,56.040000915527344,1369100,0.0,0.0
2024-10-24 00:00:00-04:00,55.97999954223633,56.150001525878906,55.560001373291016,56.099998474121094,1327200,0.0,0.0
2024-10-25 00:00:00-04:00,56.099998474121094,56.279998779296875,55.619998931884766,55.77000045776367,1277800,0.0,0.0
2024-10-28 00:00:00-04:00,55.959999084472656,56.45000076293945,55.7599983215332,56.0099983215332,891500,0.0,0.0
2024-10-29 00:00:00-04:00,55.7400016784668,56.20000076293945,55.63999938964844,55.779998779296875,1187600,0.0,0.0
2024-10-30 00:00:00-04:00,55.779998779296875,56.18000030517578,55.369998931884766,55.47999954223633,1631400,0.0,0.0
2024-10-31 00:00:00-04:00,55.540000915527344,55.88999938964844,54.439998626708984,54.470001220703125,1203200,0.0,0.0
2024-11-01 00:00:00-04:00,54.75,55.189998626708984,54.400001525878906,55.0,1736300,0.0,0.0
2024-11-04 00:00:00-05:00,55.08000183105469,55.90999984741211,55.0,55.709999084472656,1617000,0.0,0.0
2024-11-05 00:00:00-05:00,55.540000915527344,56.0,55.2400016784668,55.97999954223633,1378000,0.0,0.0
2024-11-06 00:00:00-05:00,57.20000076293945,58.0,55.619998931884766,56.52000045776367,3221000,0.0,0.0
2024-11-07 00:00:00-05:00,52.54999923706055,58.119998931884766,52.5099983215332,56.72999954223633,3006100,0.0,0.0
2024-11-08 00:00:00-05:00,57.95000076293945,60.560001373291016,57.689998626708984,59.560001373291016,3632600,0.0,0.0
2024-11-11 00:00:00-05:00,59.5,61.52000045776367,59.22999954223633,60.5,2363900,0.0,0.0
2024-11-12 00:00:00-05:00,60.369998931884766,61.959999084472656,60.0099983215332,61.88999938964844,2303500,0.0,0.0
2024-11-13 00:00:00-05:00,62.0,64.04000091552734,61.91999816894531,63.880001068115234,2889300,0.0,0.0
2024-11-14 00:00:00-05:00,64.20999908447266,64.29000091552734,62.630001068115234,62.72999954223633,2071400,0.0,0.0
2024-11-15 00:00:00-05:00,62.869998931884766,62.9900016784668,61.880001068115234,62.41999816894531,2245600,0.0,0.0
2024-11-18 00:00:00-05:00,62.45000076293945,62.81999969482422,61.81999969482422,61.869998931884766,1448300,0.0,0.0
2024-11-19 00:00:00-05:00,61.540000915527344,61.72999954223633,60.599998474121094,60.79999923706055,1741800,0.0,0.0
2024-11-20 00:00:00-05:00,60.7599983215332,60.959999084472656,59.619998931884766,60.380001068115234,1573500,0.0,0.0
2024-11-21 00:00:00-05:00,60.40999984741211,60.849998474121094,60.31999969482422,60.470001220703125,1331500,0.0,0.0
2024-11-22 00:00:00-05:00,60.459999084472656,60.91999816894531,60.15999984741211,60.36000061035156,1488300,0.0,0.0
2024-11-25 00:00:00-05:00,60.84000015258789,62.220001220703125,60.650001525878906,60.66999816894531,2848800,0.0,0.0
2024-11-26 00:00:00-05:00,60.70000076293945,61.54999923706055,60.36000061035156,61.40999984741211,2132700,0.0,0.0
2024-11-27 00:00:00-05:00,61.65999984741211,62.064998626708984,61.150001525878906,61.25,1438022,0.0,0.0
