Date,Open,High,Low,Close,Volume,Dividends,Stock Splits
2022-01-03 00:00:00-05:00,25.200000762939453,28.200000762939453,25.0,27.799999237060547,21655,0.0,0.0
2022-01-04 00:00:00-05:00,27.799999237060547,27.860000610351562,25.600000381469727,25.600000381469727,8065,0.0,0.0
2022-01-05 00:00:00-05:00,25.0,26.399999618530273,23.200000762939453,23.399999618530273,28550,0.0,0.0
2022-01-06 00:00:00-05:00,23.600000381469727,23.799999237060547,22.0,23.0,19760,0.0,0.0
2022-01-07 00:00:00-05:00,22.799999237060547,23.100000381469727,20.399999618530273,21.399999618530273,67965,0.0,0.0
2022-01-10 00:00:00-05:00,21.0,21.399999618530273,20.600000381469727,21.0,18225,0.0,0.0
2022-01-11 00:00:00-05:00,20.799999237060547,22.0,20.700000762939453,21.200000762939453,22535,0.0,0.0
2022-01-12 00:00:00-05:00,21.600000381469727,21.600000381469727,20.0,20.399999618530273,19345,0.0,0.0
2022-01-13 00:00:00-05:00,20.540000915527344,20.600000381469727,19.200000762939453,19.219999313354492,38550,0.0,0.0
2022-01-14 00:00:00-05:00,19.0,19.5,18.399999618530273,19.299999237060547,21620,0.0,0.0
2022-01-18 00:00:00-05:00,19.31999969482422,19.799999237060547,17.459999084472656,17.600000381469727,19510,0.0,0.0
2022-01-19 00:00:00-05:00,18.600000381469727,18.799999237060547,17.799999237060547,18.059999465942383,15120,0.0,0.0
2022-01-20 00:00:00-05:00,17.799999237060547,18.6200008392334,17.200000762939453,17.219999313354492,13030,0.0,0.0
2022-01-21 00:00:00-05:00,17.200000762939453,17.700000762939453,16.479999542236328,16.540000915527344,16835,0.0,0.0
2022-01-24 00:00:00-05:00,16.799999237060547,17.0,15.579999923706055,16.520000457763672,16905,0.0,0.0
2022-01-25 00:00:00-05:00,16.200000762939453,17.0,16.0,16.739999771118164,11550,0.0,0.0
2022-01-26 00:00:00-05:00,17.0,17.0,15.399999618530273,15.600000381469727,19065,0.0,0.0
2022-01-27 00:00:00-05:00,16.280000686645508,16.299999237060547,15.399999618530273,15.5,19630,0.0,0.0
2022-01-28 00:00:00-05:00,15.539999961853027,17.520000457763672,15.199999809265137,17.200000762939453,47160,0.0,0.0
2022-01-31 00:00:00-05:00,18.559999465942383,19.0,17.200000762939453,18.059999465942383,18585,0.0,0.0
2022-02-01 00:00:00-05:00,18.399999618530273,20.200000762939453,17.1200008392334,17.959999084472656,40530,0.0,0.0
2022-02-02 00:00:00-05:00,18.399999618530273,18.399999618530273,16.6200008392334,17.1200008392334,11290,0.0,0.0
2022-02-03 00:00:00-05:00,16.600000381469727,17.079999923706055,15.84000015258789,15.960000038146973,9975,0.0,0.0
2022-02-04 00:00:00-05:00,16.0,16.899999618530273,15.800000190734863,16.780000686645508,7390,0.0,0.0
2022-02-07 00:00:00-05:00,16.360000610351562,17.0,16.0,16.760000228881836,6590,0.0,0.0
2022-02-08 00:00:00-05:00,16.600000381469727,17.0,16.200000762939453,16.520000457763672,4690,0.0,0.0
2022-02-09 00:00:00-05:00,16.600000381469727,17.600000381469727,16.600000381469727,17.559999465942383,5605,0.0,0.0
2022-02-10 00:00:00-05:00,16.459999084472656,18.520000457763672,16.399999618530273,16.639999389648438,5890,0.0,0.0
2022-02-11 00:00:00-05:00,16.799999237060547,16.979999542236328,15.199999809265137,16.100000381469727,14270,0.0,0.0
2022-02-14 00:00:00-05:00,16.100000381469727,16.520000457763672,15.600000381469727,16.020000457763672,16170,0.0,0.0
2022-02-15 00:00:00-05:00,16.799999237060547,17.219999313354492,16.0,16.84000015258789,12490,0.0,0.0
2022-02-16 00:00:00-05:00,16.799999237060547,17.0,15.800000190734863,16.65999984741211,9875,0.0,0.0
2022-02-17 00:00:00-05:00,16.200000762939453,17.0,15.399999618530273,15.739999771118164,10070,0.0,0.0
2022-02-18 00:00:00-05:00,16.0,16.299999237060547,15.220000267028809,15.399999618530273,9750,0.0,0.0
2022-02-22 00:00:00-05:00,15.0,15.100000381469727,14.199999809265137,14.300000190734863,15030,0.0,0.0
2022-02-23 00:00:00-05:00,15.020000457763672,15.020000457763672,13.579999923706055,13.899999618530273,11660,0.0,0.0
2022-02-24 00:00:00-05:00,12.680000305175781,14.020000457763672,12.680000305175781,13.720000267028809,10900,0.0,0.0
2022-02-25 00:00:00-05:00,13.399999618530273,14.260000228881836,13.15999984741211,14.079999923706055,5090,0.0,0.0
2022-02-28 00:00:00-05:00,13.960000038146973,14.399999618530273,13.399999618530273,14.0,7785,0.0,0.0
2022-03-01 00:00:00-05:00,14.0,14.800000190734863,13.600000381469727,13.619999885559082,13665,0.0,0.0
2022-03-02 00:00:00-05:00,13.619999885559082,15.0,13.199999809265137,13.800000190734863,6175,0.0,0.0
2022-03-03 00:00:00-05:00,14.079999923706055,14.680000305175781,13.279999732971191,13.960000038146973,15615,0.0,0.0
2022-03-04 00:00:00-05:00,13.399999618530273,14.199999809265137,13.279999732971191,13.699999809265137,5300,0.0,0.0
2022-03-07 00:00:00-05:00,13.359999656677246,13.800000190734863,13.0,13.34000015258789,8800,0.0,0.0
2022-03-08 00:00:00-05:00,13.199999809265137,14.760000228881836,13.0,13.579999923706055,15040,0.0,0.0
2022-03-09 00:00:00-05:00,14.399999618530273,14.800000190734863,13.600000381469727,14.800000190734863,17685,0.0,0.0
2022-03-10 00:00:00-05:00,15.0,15.199999809265137,14.380000114440918,15.0,11240,0.0,0.0
2022-03-11 00:00:00-05:00,14.239999771118164,15.0,14.220000267028809,14.399999618530273,4225,0.0,0.0
2022-03-14 00:00:00-04:00,14.199999809265137,14.399999618530273,13.619999885559082,13.640000343322754,5240,0.0,0.0
2022-03-15 00:00:00-04:00,14.399999618530273,14.399999618530273,13.600000381469727,13.979999542236328,7400,0.0,0.0
2022-03-16 00:00:00-04:00,14.0,14.399999618530273,13.699999809265137,14.140000343322754,11415,0.0,0.0
2022-03-17 00:00:00-04:00,14.180000305175781,17.200000762939453,14.0,16.280000686645508,32000,0.0,0.0
2022-03-18 00:00:00-04:00,15.920000076293945,17.559999465942383,15.260000228881836,16.799999237060547,17765,0.0,0.0
2022-03-21 00:00:00-04:00,16.299999237060547,16.760000228881836,15.300000190734863,15.859999656677246,13680,0.0,0.0
2022-03-22 00:00:00-04:00,16.3799991607666,16.760000228881836,15.899999618530273,16.440000534057617,11390,0.0,0.0
2022-03-23 00:00:00-04:00,17.0,17.0,16.299999237060547,16.68000030517578,9220,0.0,0.0
2022-03-24 00:00:00-04:00,16.540000915527344,18.739999771118164,15.819999694824219,18.420000076293945,20180,0.0,0.0
2022-03-25 00:00:00-04:00,19.0,21.200000762939453,18.600000381469727,20.600000381469727,37310,0.0,0.0
2022-03-28 00:00:00-04:00,21.0,21.200000762939453,18.299999237060547,18.719999313354492,16850,0.0,0.0
2022-03-29 00:00:00-04:00,19.3799991607666,19.760000228881836,17.0,17.100000381469727,17380,0.0,0.0
2022-03-30 00:00:00-04:00,17.200000762939453,18.0,16.200000762939453,16.700000762939453,11330,0.0,0.0
2022-03-31 00:00:00-04:00,17.0,17.260000228881836,16.040000915527344,16.65999984741211,9380,0.0,0.0
2022-04-01 00:00:00-04:00,17.200000762939453,17.860000610351562,16.959999084472656,17.600000381469727,9310,0.0,0.0
2022-04-04 00:00:00-04:00,18.600000381469727,19.0,18.0,18.200000762939453,10250,0.0,0.0
2022-04-05 00:00:00-04:00,18.399999618530273,18.780000686645508,17.600000381469727,18.200000762939453,9395,0.0,0.0
2022-04-06 00:00:00-04:00,18.040000915527344,18.040000915527344,16.65999984741211,17.100000381469727,9955,0.0,0.0
2022-04-07 00:00:00-04:00,17.520000457763672,18.0,16.600000381469727,16.739999771118164,7835,0.0,0.0
2022-04-08 00:00:00-04:00,17.399999618530273,18.280000686645508,16.059999465942383,16.399999618530273,6550,0.0,0.0
2022-04-11 00:00:00-04:00,16.959999084472656,16.959999084472656,15.0,15.220000267028809,18345,0.0,0.0
2022-04-12 00:00:00-04:00,15.399999618530273,15.9399995803833,14.720000267028809,15.180000305175781,8150,0.0,0.0
2022-04-13 00:00:00-04:00,15.0,16.68000030517578,14.859999656677246,16.0,8640,0.0,0.0
2022-04-14 00:00:00-04:00,16.040000915527344,17.0,15.600000381469727,16.440000534057617,13235,0.0,0.0
2022-04-18 00:00:00-04:00,16.0,16.760000228881836,15.420000076293945,16.0,11860,0.0,0.0
2022-04-19 00:00:00-04:00,16.3799991607666,17.200000762939453,15.600000381469727,16.200000762939453,12110,0.0,0.0
2022-04-20 00:00:00-04:00,16.420000076293945,16.940000534057617,15.640000343322754,16.18000030517578,13255,0.0,0.0
2022-04-21 00:00:00-04:00,15.699999809265137,16.520000457763672,15.0,15.739999771118164,15655,0.0,0.0
2022-04-22 00:00:00-04:00,15.0,15.800000190734863,14.800000190734863,15.4399995803833,10225,0.0,0.0
2022-04-25 00:00:00-04:00,15.300000190734863,16.0,14.5,15.4399995803833,19125,0.0,0.0
2022-04-26 00:00:00-04:00,15.300000190734863,16.0,14.84000015258789,15.5,6490,0.0,0.0
2022-04-27 00:00:00-04:00,15.119999885559082,16.260000228881836,14.699999809265137,14.920000076293945,7240,0.0,0.0
2022-04-28 00:00:00-04:00,14.760000228881836,15.5600004196167,13.399999618530273,13.9399995803833,16535,0.0,0.0
2022-04-29 00:00:00-04:00,13.920000076293945,14.399999618530273,13.800000190734863,13.9399995803833,5750,0.0,0.0
2022-05-02 00:00:00-04:00,14.399999618530273,14.399999618530273,13.800000190734863,13.899999618530273,2915,0.0,0.0
2022-05-03 00:00:00-04:00,14.0,14.739999771118164,13.800000190734863,14.600000381469727,6830,0.0,0.0
2022-05-04 00:00:00-04:00,14.800000190734863,15.600000381469727,14.100000381469727,15.0,6440,0.0,0.0
2022-05-05 00:00:00-04:00,15.539999961853027,15.5600004196167,14.399999618530273,15.520000457763672,8880,0.0,0.0
2022-05-06 00:00:00-04:00,15.539999961853027,16.200000762939453,14.399999618530273,15.420000076293945,7705,0.0,0.0
2022-05-09 00:00:00-04:00,15.399999618530273,15.84000015258789,14.420000076293945,14.600000381469727,14270,0.0,0.0
2022-05-10 00:00:00-04:00,14.0,14.9399995803833,13.600000381469727,13.760000228881836,9230,0.0,0.0
2022-05-11 00:00:00-04:00,13.920000076293945,14.0,11.460000038146973,11.899999618530273,16785,0.0,0.0
2022-05-12 00:00:00-04:00,12.0,12.0,8.239999771118164,9.199999809265137,58465,0.0,0.0
2022-05-13 00:00:00-04:00,9.34000015258789,10.239999771118164,8.399999618530273,8.5600004196167,56990,0.0,0.0
2022-05-16 00:00:00-04:00,9.0,10.100000381469727,8.600000381469727,8.9399995803833,32005,0.0,0.0
2022-05-17 00:00:00-04:00,9.0,10.0,9.0,9.65999984741211,26015,0.0,0.0
2022-05-18 00:00:00-04:00,9.640000343322754,10.300000190734863,9.199999809265137,9.239999771118164,9015,0.0,0.0
2022-05-19 00:00:00-04:00,10.0,10.0,9.260000228881836,9.5,5285,0.0,0.0
2022-05-20 00:00:00-04:00,9.819999694824219,9.819999694824219,8.699999809265137,8.880000114440918,11265,0.0,0.0
2022-05-23 00:00:00-04:00,8.880000114440918,9.640000343322754,8.800000190734863,9.220000267028809,13140,0.0,0.0
2022-05-24 00:00:00-04:00,9.199999809265137,9.520000457763672,9.0,9.180000305175781,4275,0.0,0.0
2022-05-25 00:00:00-04:00,9.0,9.199999809265137,8.800000190734863,8.979999542236328,6885,0.0,0.0
2022-05-26 00:00:00-04:00,9.119999885559082,9.119999885559082,8.699999809265137,8.819999694824219,13385,0.0,0.0
2022-05-27 00:00:00-04:00,8.880000114440918,10.0,8.800000190734863,9.180000305175781,18435,0.0,0.0
2022-05-31 00:00:00-04:00,9.199999809265137,9.600000381469727,9.0,9.199999809265137,17405,0.0,0.0
2022-06-01 00:00:00-04:00,9.199999809265137,9.399999618530273,8.800000190734863,9.199999809265137,7540,0.0,0.0
2022-06-02 00:00:00-04:00,9.0,9.279999732971191,8.600000381469727,8.640000343322754,12070,0.0,0.0
2022-06-03 00:00:00-04:00,8.800000190734863,9.0,8.399999618530273,8.600000381469727,12845,0.0,0.0
2022-06-06 00:00:00-04:00,9.0,9.0,8.0,8.880000114440918,30105,0.0,0.0
2022-06-07 00:00:00-04:00,8.859999656677246,9.760000228881836,8.65999984741211,9.399999618530273,22705,0.0,0.0
2022-06-08 00:00:00-04:00,9.800000190734863,12.399999618530273,9.399999618530273,11.699999809265137,46335,0.0,0.0
2022-06-09 00:00:00-04:00,11.600000381469727,12.0600004196167,11.0,11.800000190734863,18505,0.0,0.0
2022-06-10 00:00:00-04:00,12.0,12.0,10.420000076293945,10.800000190734863,10055,0.0,0.0
2022-06-13 00:00:00-04:00,10.199999809265137,11.380000114440918,9.15999984741211,10.020000457763672,11505,0.0,0.0
2022-06-14 00:00:00-04:00,10.199999809265137,10.539999961853027,9.420000076293945,10.180000305175781,13285,0.0,0.0
2022-06-15 00:00:00-04:00,10.800000190734863,11.15999984741211,9.0,10.399999618530273,16095,0.0,0.0
2022-06-16 00:00:00-04:00,9.800000190734863,10.399999618530273,9.0,9.720000267028809,13795,0.0,0.0
2022-06-17 00:00:00-04:00,10.0,10.0,8.619999885559082,9.479999542236328,29865,0.0,0.0
2022-06-21 00:00:00-04:00,9.960000038146973,10.899999618530273,9.960000038146973,10.539999961853027,16035,0.0,0.0
2022-06-22 00:00:00-04:00,10.539999961853027,11.0,10.0,10.600000381469727,11530,0.0,0.0
2022-06-23 00:00:00-04:00,10.600000381469727,11.420000076293945,10.380000114440918,11.100000381469727,6990,0.0,0.0
2022-06-24 00:00:00-04:00,12.0,12.619999885559082,10.399999618530273,10.399999618530273,23665,0.0,0.0
2022-06-27 00:00:00-04:00,10.399999618530273,11.020000457763672,9.199999809265137,10.600000381469727,34085,0.0,0.0
2022-06-28 00:00:00-04:00,10.699999809265137,11.079999923706055,10.279999732971191,10.300000190734863,9980,0.0,0.0
2022-06-29 00:00:00-04:00,10.600000381469727,10.600000381469727,10.079999923706055,10.220000267028809,4385,0.0,0.0
2022-06-30 00:00:00-04:00,10.579999923706055,10.579999923706055,9.420000076293945,9.779999732971191,8265,0.0,0.0
2022-07-01 00:00:00-04:00,10.0,10.0,8.800000190734863,8.979999542236328,14015,0.0,0.0
2022-07-05 00:00:00-04:00,9.399999618530273,10.0,9.0,9.520000457763672,8065,0.0,0.0
2022-07-06 00:00:00-04:00,9.600000381469727,10.800000190734863,9.600000381469727,10.5,8395,0.0,0.0
2022-07-07 00:00:00-04:00,10.800000190734863,12.239999771118164,10.4399995803833,11.979999542236328,24540,0.0,0.0
2022-07-08 00:00:00-04:00,12.199999809265137,14.380000114440918,12.199999809265137,13.399999618530273,25810,0.0,0.0
2022-07-11 00:00:00-04:00,14.0,16.799999237060547,13.399999618530273,14.720000267028809,44900,0.0,0.0
2022-07-12 00:00:00-04:00,14.84000015258789,15.199999809265137,13.800000190734863,14.600000381469727,19910,0.0,0.0
2022-07-13 00:00:00-04:00,14.600000381469727,15.979999542236328,13.800000190734863,15.399999618530273,16490,0.0,0.0
2022-07-14 00:00:00-04:00,15.399999618530273,15.399999618530273,14.020000457763672,15.15999984741211,13415,0.0,0.0
2022-07-15 00:00:00-04:00,14.699999809265137,15.399999618530273,13.5,14.140000343322754,18245,0.0,0.0
2022-07-18 00:00:00-04:00,14.140000343322754,15.779999732971191,14.0,14.619999885559082,10905,0.0,0.0
2022-07-19 00:00:00-04:00,14.600000381469727,15.0,13.520000457763672,14.100000381469727,14745,0.0,0.0
2022-07-20 00:00:00-04:00,13.819999694824219,14.0,11.399999618530273,13.020000457763672,24160,0.0,0.0
2022-07-21 00:00:00-04:00,13.079999923706055,13.600000381469727,11.600000381469727,13.399999618530273,17870,0.0,0.0
2022-07-22 00:00:00-04:00,13.779999732971191,14.0,13.300000190734863,13.800000190734863,7695,0.0,0.0
2022-07-25 00:00:00-04:00,14.0,14.0,12.920000076293945,13.100000381469727,9060,0.0,0.0
2022-07-26 00:00:00-04:00,13.300000190734863,14.0,13.0,13.65999984741211,8135,0.0,0.0
2022-07-27 00:00:00-04:00,16.799999237060547,17.600000381469727,15.0,15.239999771118164,485675,0.0,0.0
2022-07-28 00:00:00-04:00,14.100000381469727,15.399999618530273,13.479999542236328,14.600000381469727,85530,0.0,0.0
2022-07-29 00:00:00-04:00,14.800000190734863,15.899999618530273,14.399999618530273,15.699999809265137,34410,0.0,0.0
2022-08-01 00:00:00-04:00,15.800000190734863,16.200000762939453,14.800000190734863,15.399999618530273,16905,0.0,0.0
2022-08-02 00:00:00-04:00,15.640000343322754,15.640000343322754,14.479999542236328,14.800000190734863,25115,0.0,0.0
2022-08-03 00:00:00-04:00,14.779999732971191,15.199999809265137,14.600000381469727,14.960000038146973,10905,0.0,0.0
2022-08-04 00:00:00-04:00,15.199999809265137,15.199999809265137,13.779999732971191,14.399999618530273,19435,0.0,0.0
2022-08-05 00:00:00-04:00,14.399999618530273,14.5600004196167,13.680000305175781,14.0,13495,0.0,0.0
2022-08-08 00:00:00-04:00,14.34000015258789,14.800000190734863,13.199999809265137,13.399999618530273,17045,0.0,0.0
2022-08-09 00:00:00-04:00,13.140000343322754,13.600000381469727,11.640000343322754,12.5,37780,0.0,0.0
2022-08-10 00:00:00-04:00,12.600000381469727,14.0,12.039999961853027,13.199999809265137,22635,0.0,0.0
2022-08-11 00:00:00-04:00,13.0600004196167,13.260000228881836,11.720000267028809,12.600000381469727,32375,0.0,0.0
2022-08-12 00:00:00-04:00,12.619999885559082,12.9399995803833,11.880000114440918,12.699999809265137,20865,0.0,0.0
2022-08-15 00:00:00-04:00,12.640000343322754,13.5600004196167,12.600000381469727,13.199999809265137,34390,0.0,0.0
2022-08-16 00:00:00-04:00,13.399999618530273,13.539999961853027,12.800000190734863,13.34000015258789,16650,0.0,0.0
2022-08-17 00:00:00-04:00,13.399999618530273,14.199999809265137,13.0,14.0,22420,0.0,0.0
2022-08-18 00:00:00-04:00,14.220000267028809,14.220000267028809,13.399999618530273,14.100000381469727,19890,0.0,0.0
2022-08-19 00:00:00-04:00,14.260000228881836,14.699999809265137,13.979999542236328,14.600000381469727,7990,0.0,0.0
2022-08-22 00:00:00-04:00,15.0,15.539999961853027,14.199999809265137,14.600000381469727,10620,0.0,0.0
2022-08-23 00:00:00-04:00,14.319999694824219,14.600000381469727,14.0,14.600000381469727,5375,0.0,0.0
2022-08-24 00:00:00-04:00,14.399999618530273,14.600000381469727,13.800000190734863,14.600000381469727,4625,0.0,0.0
2022-08-25 00:00:00-04:00,14.239999771118164,14.600000381469727,13.600000381469727,14.0,28065,0.0,0.0
2022-08-26 00:00:00-04:00,14.100000381469727,14.600000381469727,14.0,14.34000015258789,9605,0.0,0.0
2022-08-29 00:00:00-04:00,14.100000381469727,14.859999656677246,14.100000381469727,14.399999618530273,17155,0.0,0.0
2022-08-30 00:00:00-04:00,14.199999809265137,14.199999809265137,13.600000381469727,13.920000076293945,22530,0.0,0.0
2022-08-31 00:00:00-04:00,14.079999923706055,14.079999923706055,13.0,13.600000381469727,7640,0.0,0.0
2022-09-01 00:00:00-04:00,13.800000190734863,14.199999809265137,13.199999809265137,13.65999984741211,11615,0.0,0.0
2022-09-02 00:00:00-04:00,13.600000381469727,14.699999809265137,13.260000228881836,14.100000381469727,18390,0.0,0.0
2022-09-06 00:00:00-04:00,14.539999961853027,14.600000381469727,13.239999771118164,13.579999923706055,11010,0.0,0.0
2022-09-07 00:00:00-04:00,12.920000076293945,13.600000381469727,12.65999984741211,13.300000190734863,12195,0.0,0.0
2022-09-08 00:00:00-04:00,13.399999618530273,14.359999656677246,13.399999618530273,13.760000228881836,10515,0.0,0.0
2022-09-09 00:00:00-04:00,14.0,14.199999809265137,13.600000381469727,13.920000076293945,5780,0.0,0.0
2022-09-12 00:00:00-04:00,14.199999809265137,14.199999809265137,13.15999984741211,13.640000343322754,13820,0.0,0.0
2022-09-13 00:00:00-04:00,13.460000038146973,14.279999732971191,13.399999618530273,14.279999732971191,9905,0.0,0.0
2022-09-14 00:00:00-04:00,14.180000305175781,14.920000076293945,14.0,14.199999809265137,9260,0.0,0.0
2022-09-15 00:00:00-04:00,14.539999961853027,14.899999618530273,14.199999809265137,14.420000076293945,8200,0.0,0.0
2022-09-16 00:00:00-04:00,14.600000381469727,16.1200008392334,14.180000305175781,16.1200008392334,12425,0.0,0.0
2022-09-19 00:00:00-04:00,15.399999618530273,15.65999984741211,14.819999694824219,15.199999809265137,11325,0.0,0.0
2022-09-20 00:00:00-04:00,15.199999809265137,15.800000190734863,14.460000038146973,15.420000076293945,10125,0.0,0.0
2022-09-21 00:00:00-04:00,15.600000381469727,15.84000015258789,15.020000457763672,15.380000114440918,17590,0.0,0.0
2022-09-22 00:00:00-04:00,15.199999809265137,15.399999618530273,14.199999809265137,14.600000381469727,9865,0.0,0.0
2022-09-23 00:00:00-04:00,14.359999656677246,14.520000457763672,13.0,13.399999618530273,14305,0.0,0.0
2022-09-26 00:00:00-04:00,12.859999656677246,13.260000228881836,12.539999961853027,12.600000381469727,9235,0.0,0.0
2022-09-27 00:00:00-04:00,12.399999618530273,13.0600004196167,12.199999809265137,12.579999923706055,5440,0.0,0.0
2022-09-28 00:00:00-04:00,13.0,13.600000381469727,12.399999618530273,12.9399995803833,11560,0.0,0.0
2022-09-29 00:00:00-04:00,13.0,13.300000190734863,12.699999809265137,13.0,6090,0.0,0.0
2022-09-30 00:00:00-04:00,12.800000190734863,13.460000038146973,12.199999809265137,12.5600004196167,11255,0.0,0.0
2022-10-03 00:00:00-04:00,14.34000015258789,14.34000015258789,10.859999656677246,11.0,29755,0.0,0.0
2022-10-04 00:00:00-04:00,11.520000457763672,12.899999618530273,11.0,12.15999984741211,35025,0.0,0.0
2022-10-05 00:00:00-04:00,12.15999984741211,12.640000343322754,12.0,12.420000076293945,6480,0.0,0.0
2022-10-06 00:00:00-04:00,12.399999618530273,13.520000457763672,12.199999809265137,12.899999618530273,6450,0.0,0.0
2022-10-07 00:00:00-04:00,12.800000190734863,13.0,12.600000381469727,12.720000267028809,5235,0.0,0.0
2022-10-10 00:00:00-04:00,12.0,12.600000381469727,11.9399995803833,12.239999771118164,6610,0.0,0.0
2022-10-11 00:00:00-04:00,12.140000343322754,12.5,11.9399995803833,11.9399995803833,3720,0.0,0.0
2022-10-12 00:00:00-04:00,12.0,12.600000381469727,11.399999618530273,11.739999771118164,3970,0.0,0.0
2022-10-13 00:00:00-04:00,11.199999809265137,12.079999923706055,11.199999809265137,11.84000015258789,7330,0.0,0.0
2022-10-14 00:00:00-04:00,11.800000190734863,11.9399995803833,11.199999809265137,11.199999809265137,4695,0.0,0.0
2022-10-17 00:00:00-04:00,11.399999618530273,12.0,11.34000015258789,11.899999618530273,8950,0.0,0.0
2022-10-18 00:00:00-04:00,12.0,12.4399995803833,11.5,11.539999961853027,9725,0.0,0.0
2022-10-19 00:00:00-04:00,12.0,12.100000381469727,11.239999771118164,11.34000015258789,6030,0.0,0.0
2022-10-20 00:00:00-04:00,11.399999618530273,11.979999542236328,11.140000343322754,11.420000076293945,7540,0.0,0.0
2022-10-21 00:00:00-04:00,11.0,11.9399995803833,11.0,11.300000190734863,5315,0.0,0.0
2022-10-24 00:00:00-04:00,11.859999656677246,12.0,11.199999809265137,11.600000381469727,13225,0.0,0.0
2022-10-25 00:00:00-04:00,11.739999771118164,11.84000015258789,11.399999618530273,11.600000381469727,11815,0.0,0.0
2022-10-26 00:00:00-04:00,12.199999809265137,13.199999809265137,11.300000190734863,13.0,25170,0.0,0.0
2022-10-27 00:00:00-04:00,13.600000381469727,13.680000305175781,13.0,13.079999923706055,10135,0.0,0.0
2022-10-28 00:00:00-04:00,13.15999984741211,13.539999961853027,12.079999923706055,12.34000015258789,9980,0.0,0.0
2022-10-31 00:00:00-04:00,12.399999618530273,12.779999732971191,11.9399995803833,12.300000190734863,8535,0.0,0.0
2022-11-01 00:00:00-04:00,12.220000267028809,12.399999618530273,11.699999809265137,11.920000076293945,9260,0.0,0.0
2022-11-02 00:00:00-04:00,11.699999809265137,12.380000114440918,11.300000190734863,11.619999885559082,6480,0.0,0.0
2022-11-03 00:00:00-04:00,11.520000457763672,12.119999885559082,11.300000190734863,11.460000038146973,8430,0.0,0.0
2022-11-04 00:00:00-04:00,11.579999923706055,11.880000114440918,11.199999809265137,11.199999809265137,10050,0.0,0.0
2022-11-07 00:00:00-05:00,11.680000305175781,11.760000228881836,11.0,11.199999809265137,13600,0.0,0.0
2022-11-08 00:00:00-05:00,11.399999618530273,11.760000228881836,11.0,11.079999923706055,29835,0.0,0.0
2022-11-09 00:00:00-05:00,11.199999809265137,11.399999618530273,10.579999923706055,10.65999984741211,11135,0.0,0.0
2022-11-10 00:00:00-05:00,10.819999694824219,11.199999809265137,10.699999809265137,11.199999809265137,15970,0.0,0.0
2022-11-11 00:00:00-05:00,10.800000190734863,11.15999984741211,10.399999618530273,11.0,21145,0.0,0.0
2022-11-14 00:00:00-05:00,11.0,11.699999809265137,10.699999809265137,11.680000305175781,15610,0.0,0.0
2022-11-15 00:00:00-05:00,11.600000381469727,12.5,11.5,12.5,13010,0.0,0.0
2022-11-16 00:00:00-05:00,12.34000015258789,12.600000381469727,11.899999618530273,12.300000190734863,9445,0.0,0.0
2022-11-17 00:00:00-05:00,12.380000114440918,12.399999618530273,11.359999656677246,12.279999732971191,8545,0.0,0.0
2022-11-18 00:00:00-05:00,12.199999809265137,12.399999618530273,11.859999656677246,12.180000305175781,5565,0.0,0.0
2022-11-21 00:00:00-05:00,12.0,13.380000114440918,12.0,13.0600004196167,24655,0.0,0.0
2022-11-22 00:00:00-05:00,13.399999618530273,14.600000381469727,12.880000114440918,14.0600004196167,13170,0.0,0.0
2022-11-23 00:00:00-05:00,13.779999732971191,14.640000343322754,13.199999809265137,13.300000190734863,22275,0.0,0.0
2022-11-25 00:00:00-05:00,13.239999771118164,14.0,12.680000305175781,13.899999618530273,3805,0.0,0.0
2022-11-28 00:00:00-05:00,14.800000190734863,14.800000190734863,13.800000190734863,14.199999809265137,17725,0.0,0.0
2022-11-29 00:00:00-05:00,14.020000457763672,14.100000381469727,13.15999984741211,13.539999961853027,16885,0.0,0.0
2022-11-30 00:00:00-05:00,13.539999961853027,13.539999961853027,12.199999809265137,12.800000190734863,15960,0.0,0.0
2022-12-01 00:00:00-05:00,13.399999618530273,13.399999618530273,12.420000076293945,13.0,15355,0.0,0.0
2022-12-02 00:00:00-05:00,12.800000190734863,13.100000381469727,11.699999809265137,11.979999542236328,18715,0.0,0.0
2022-12-05 00:00:00-05:00,11.800000190734863,12.420000076293945,11.739999771118164,12.0,7570,0.0,0.0
2022-12-06 00:00:00-05:00,11.800000190734863,12.0,11.199999809265137,11.760000228881836,10575,0.0,0.0
2022-12-07 00:00:00-05:00,11.760000228881836,12.0,10.859999656677246,11.15999984741211,17675,0.0,0.0
2022-12-08 00:00:00-05:00,11.220000267028809,11.220000267028809,9.199999809265137,9.65999984741211,41215,0.0,0.0
2022-12-09 00:00:00-05:00,9.600000381469727,10.199999809265137,9.300000190734863,9.640000343322754,22315,0.0,0.0
2022-12-12 00:00:00-05:00,9.600000381469727,11.600000381469727,9.600000381469727,10.539999961853027,13275,0.0,0.0
2022-12-13 00:00:00-05:00,10.600000381469727,11.399999618530273,10.600000381469727,10.779999732971191,14295,0.0,0.0
2022-12-14 00:00:00-05:00,10.800000190734863,11.800000190734863,10.600000381469727,10.84000015258789,13345,0.0,0.0
2022-12-15 00:00:00-05:00,11.0,11.859999656677246,9.800000190734863,10.0,23155,0.0,0.0
2022-12-16 00:00:00-05:00,10.119999885559082,10.359999656677246,9.720000267028809,9.739999771118164,10965,0.0,0.0
2022-12-19 00:00:00-05:00,10.380000114440918,11.0,9.600000381469727,9.640000343322754,8820,0.0,0.0
2022-12-20 00:00:00-05:00,9.800000190734863,9.9399995803833,9.300000190734863,9.520000457763672,15675,0.0,0.0
2022-12-21 00:00:00-05:00,9.399999618530273,11.0,9.399999618530273,10.460000038146973,21125,0.0,0.0
2022-12-22 00:00:00-05:00,10.600000381469727,13.5,10.039999961853027,12.5,42690,0.0,0.0
2022-12-23 00:00:00-05:00,12.399999618530273,13.819999694824219,12.0,13.600000381469727,26515,0.0,0.0
2022-12-27 00:00:00-05:00,13.020000457763672,14.0,12.9399995803833,13.220000267028809,22535,0.0,0.0
2022-12-28 00:00:00-05:00,12.859999656677246,13.600000381469727,11.199999809265137,12.619999885559082,23610,0.0,0.0
2022-12-29 00:00:00-05:00,12.819999694824219,15.600000381469727,12.619999885559082,15.100000381469727,21835,0.0,0.0
2022-12-30 00:00:00-05:00,15.5600004196167,15.800000190734863,14.199999809265137,15.119999885559082,32400,0.0,0.0
2023-01-03 00:00:00-05:00,15.5,16.0,14.619999885559082,15.0,25830,0.0,0.0
2023-01-04 00:00:00-05:00,15.800000190734863,16.360000610351562,14.619999885559082,16.280000686645508,18545,0.0,0.0
2023-01-05 00:00:00-05:00,16.399999618530273,16.600000381469727,15.260000228881836,16.600000381469727,24630,0.0,0.0
2023-01-06 00:00:00-05:00,16.700000762939453,17.0,15.960000038146973,16.459999084472656,14370,0.0,0.0
2023-01-09 00:00:00-05:00,17.200000762939453,20.399999618530273,16.399999618530273,18.799999237060547,55510,0.0,0.0
2023-01-10 00:00:00-05:00,19.34000015258789,20.0,17.420000076293945,19.600000381469727,33990,0.0,0.0
2023-01-11 00:00:00-05:00,19.600000381469727,22.399999618530273,19.0,22.399999618530273,30775,0.0,0.0
2023-01-12 00:00:00-05:00,23.0,25.579999923706055,22.399999618530273,24.0,58575,0.0,0.0
2023-01-13 00:00:00-05:00,24.399999618530273,26.600000381469727,24.200000762939453,26.399999618530273,60380,0.0,0.0
2023-01-17 00:00:00-05:00,27.600000381469727,32.0,27.420000076293945,27.600000381469727,98560,0.0,0.0
2023-01-18 00:00:00-05:00,29.200000762939453,30.0,23.600000381469727,25.399999618530273,84830,0.0,0.0
2023-01-19 00:00:00-05:00,25.200000762939453,26.959999084472656,24.0,25.799999237060547,34265,0.0,0.0
2023-01-20 00:00:00-05:00,26.399999618530273,28.0,15.0,15.65999984741211,408975,0.0,0.0
2023-01-23 00:00:00-05:00,16.0,18.600000381469727,16.0,18.559999465942383,143565,0.0,0.0
2023-01-24 00:00:00-05:00,18.559999465942383,18.559999465942383,18.559999465942383,18.559999465942383,2895,0.0,0.0
2023-01-25 00:00:00-05:00,21.399999618530273,26.0,19.0,25.600000381469727,1165150,0.0,0.0
2023-01-26 00:00:00-05:00,24.600000381469727,27.0,23.0,24.200000762939453,213175,0.0,0.0
2023-01-27 00:00:00-05:00,23.600000381469727,24.559999465942383,22.799999237060547,24.200000762939453,80490,0.0,0.0
2023-01-30 00:00:00-05:00,24.200000762939453,25.600000381469727,23.200000762939453,24.200000762939453,81820,0.0,0.0
2023-01-31 00:00:00-05:00,24.200000762939453,25.200000762939453,23.399999618530273,24.600000381469727,67570,0.0,0.0
2023-02-01 00:00:00-05:00,24.600000381469727,26.200000762939453,23.799999237060547,25.799999237060547,88740,0.0,0.0
2023-02-02 00:00:00-05:00,25.799999237060547,28.200000762939453,25.5,27.200000762939453,98720,0.0,0.0
2023-02-03 00:00:00-05:00,28.0,32.599998474121094,27.799999237060547,30.200000762939453,148060,0.0,0.0
2023-02-06 00:00:00-05:00,32.79999923706055,34.79999923706055,29.200000762939453,34.400001525878906,181375,0.0,0.0
2023-02-07 00:00:00-05:00,35.20000076293945,36.0,32.0,34.0,120165,0.0,0.0
2023-02-08 00:00:00-05:00,33.0,36.0,33.0,34.20000076293945,69545,0.0,0.0
2023-02-09 00:00:00-05:00,34.400001525878906,35.20000076293945,32.0,33.400001525878906,72215,0.0,0.0
2023-02-10 00:00:00-05:00,33.400001525878906,33.599998474121094,30.600000381469727,32.599998474121094,58305,0.0,0.0
2023-02-13 00:00:00-05:00,32.47999954223633,32.97999954223633,31.0,32.400001525878906,43345,0.0,0.0
2023-02-14 00:00:00-05:00,31.799999237060547,33.20000076293945,31.200000762939453,31.799999237060547,39225,0.0,0.0
2023-02-15 00:00:00-05:00,31.799999237060547,32.099998474121094,29.5,31.799999237060547,96795,0.0,0.0
2023-02-16 00:00:00-05:00,30.399999618530273,32.400001525878906,30.399999618530273,31.600000381469727,31165,0.0,0.0
2023-02-17 00:00:00-05:00,32.0,33.0,31.799999237060547,32.400001525878906,36135,0.0,0.0
2023-02-21 00:00:00-05:00,32.0,34.400001525878906,31.600000381469727,32.0,64575,0.0,0.0
2023-02-22 00:00:00-05:00,32.0,33.0,31.200000762939453,31.799999237060547,37815,0.0,0.0
2023-02-23 00:00:00-05:00,32.400001525878906,34.52000045776367,32.400001525878906,33.400001525878906,58745,0.0,0.0
2023-02-24 00:00:00-05:00,33.400001525878906,33.400001525878906,31.600000381469727,32.20000076293945,52200,0.0,0.0
2023-02-27 00:00:00-05:00,33.400001525878906,33.400001525878906,28.399999618530273,29.200000762939453,94960,0.0,0.0
2023-02-28 00:00:00-05:00,29.200000762939453,30.600000381469727,27.0,30.200000762939453,56080,0.0,0.0
2023-03-01 00:00:00-05:00,31.0,39.599998474121094,31.0,39.20000076293945,316675,0.0,0.0
2023-03-02 00:00:00-05:00,39.0,39.79999923706055,35.0,36.20000076293945,173940,0.0,0.0
2023-03-03 00:00:00-05:00,29.200000762939453,32.79999923706055,28.600000381469727,31.100000381469727,444975,0.0,0.0
2023-03-06 00:00:00-05:00,33.0,33.79999923706055,30.899999618530273,31.0,261720,0.0,0.0
2023-03-07 00:00:00-05:00,32.0,34.5,31.600000381469727,33.0,224425,0.0,0.0
2023-03-08 00:00:00-05:00,34.599998474121094,35.599998474121094,31.600000381469727,32.20000076293945,199770,0.0,0.0
2023-03-09 00:00:00-05:00,32.599998474121094,32.79999923706055,29.399999618530273,30.0,212115,0.0,0.0
2023-03-10 00:00:00-05:00,31.0,35.79999923706055,29.0,31.200000762939453,248050,0.0,0.0
2023-03-13 00:00:00-04:00,30.600000381469727,35.79999923706055,29.540000915527344,34.599998474121094,252825,0.0,0.0
2023-03-14 00:00:00-04:00,34.599998474121094,35.20000076293945,33.400001525878906,34.0,191150,0.0,0.0
2023-03-15 00:00:00-04:00,33.400001525878906,34.400001525878906,32.79999923706055,33.599998474121094,88770,0.0,0.0
2023-03-16 00:00:00-04:00,33.79999923706055,33.79999923706055,32.0,32.599998474121094,93460,0.0,0.0
2023-03-17 00:00:00-04:00,33.0,35.400001525878906,32.0,35.20000076293945,207265,0.0,0.0
2023-03-20 00:00:00-04:00,36.0,37.099998474121094,33.400001525878906,35.400001525878906,228620,0.0,0.0
2023-03-21 00:00:00-04:00,36.20000076293945,42.0,35.599998474121094,39.599998474121094,532915,0.0,0.0
2023-03-22 00:00:00-04:00,41.599998474121094,42.0,36.20000076293945,38.0,646245,0.0,0.0
2023-03-23 00:00:00-04:00,34.0,34.400001525878906,26.200000762939453,28.600000381469727,652825,0.0,0.0
2023-03-24 00:00:00-04:00,28.600000381469727,28.600000381469727,22.600000381469727,23.200000762939453,408070,0.0,0.0
2023-03-27 00:00:00-04:00,23.0,23.0,18.6200008392334,20.200000762939453,503640,0.0,0.0
2023-03-28 00:00:00-04:00,22.399999618530273,24.799999237060547,20.6200008392334,23.799999237060547,353925,0.0,0.0
2023-03-29 00:00:00-04:00,23.200000762939453,27.0,22.600000381469727,25.200000762939453,354600,0.0,0.0
2023-03-30 00:00:00-04:00,25.600000381469727,27.799999237060547,25.0,25.600000381469727,177865,0.0,0.0
2023-03-31 00:00:00-04:00,25.200000762939453,26.200000762939453,24.0,25.399999618530273,138990,0.0,0.0
2023-04-03 00:00:00-04:00,25.600000381469727,25.600000381469727,23.299999237060547,24.399999618530273,112420,0.0,0.0
2023-04-04 00:00:00-04:00,24.0,24.799999237060547,23.0,24.600000381469727,76000,0.0,0.0
2023-04-05 00:00:00-04:00,24.0,24.200000762939453,22.399999618530273,23.0,89635,0.0,0.0
2023-04-06 00:00:00-04:00,22.399999618530273,24.0,21.420000076293945,24.0,94985,0.0,0.0
2023-04-10 00:00:00-04:00,22.799999237060547,23.399999618530273,21.399999618530273,22.200000762939453,102225,0.0,0.0
2023-04-11 00:00:00-04:00,21.799999237060547,24.0,21.600000381469727,23.600000381469727,63180,0.0,0.0
2023-04-12 00:00:00-04:00,23.600000381469727,23.600000381469727,21.600000381469727,21.799999237060547,80525,0.0,0.0
2023-04-13 00:00:00-04:00,22.200000762939453,23.299999237060547,22.0,22.799999237060547,65475,0.0,0.0
2023-04-14 00:00:00-04:00,22.399999618530273,23.0,21.200000762939453,21.600000381469727,51760,0.0,0.0
2023-04-17 00:00:00-04:00,21.600000381469727,23.399999618530273,21.200000762939453,22.799999237060547,58095,0.0,0.0
2023-04-18 00:00:00-04:00,23.0,23.299999237060547,22.200000762939453,22.600000381469727,47715,0.0,0.0
2023-04-19 00:00:00-04:00,22.600000381469727,23.0,21.799999237060547,22.399999618530273,56135,0.0,0.0
2023-04-20 00:00:00-04:00,21.799999237060547,23.0,21.200000762939453,21.200000762939453,57640,0.0,0.0
2023-04-21 00:00:00-04:00,21.100000381469727,23.600000381469727,21.0,22.600000381469727,63920,0.0,0.0
2023-04-24 00:00:00-04:00,22.600000381469727,23.0,20.799999237060547,21.399999618530273,108170,0.0,0.0
2023-04-25 00:00:00-04:00,21.600000381469727,22.399999618530273,20.200000762939453,20.600000381469727,146290,0.0,0.0
2023-04-26 00:00:00-04:00,20.600000381469727,21.399999618530273,19.600000381469727,20.600000381469727,55395,0.0,0.0
2023-04-27 00:00:00-04:00,20.200000762939453,21.0,20.0,20.799999237060547,48530,0.0,0.0
2023-04-28 00:00:00-04:00,20.799999237060547,21.399999618530273,20.200000762939453,20.399999618530273,38010,0.0,0.0
2023-05-01 00:00:00-04:00,20.399999618530273,21.600000381469727,20.200000762939453,21.0,53050,0.0,0.0
2023-05-02 00:00:00-04:00,21.0,21.399999618530273,20.399999618530273,20.399999618530273,33315,0.0,0.0
2023-05-03 00:00:00-04:00,20.200000762939453,20.600000381469727,19.700000762939453,20.200000762939453,43290,0.0,0.0
2023-05-04 00:00:00-04:00,20.0,20.600000381469727,19.420000076293945,20.200000762939453,44265,0.0,0.0
2023-05-05 00:00:00-04:00,20.0,21.200000762939453,20.0,21.0,42100,0.0,0.0
2023-05-08 00:00:00-04:00,20.799999237060547,21.799999237060547,20.799999237060547,21.200000762939453,29205,0.0,0.0
2023-05-09 00:00:00-04:00,21.200000762939453,22.200000762939453,20.68000030517578,22.200000762939453,37390,0.0,0.0
2023-05-10 00:00:00-04:00,22.600000381469727,23.0,21.700000762939453,22.200000762939453,47360,0.0,0.0
2023-05-11 00:00:00-04:00,22.799999237060547,23.799999237060547,22.200000762939453,23.600000381469727,61045,0.0,0.0
2023-05-12 00:00:00-04:00,25.399999618530273,25.799999237060547,22.700000762939453,23.399999618530273,283060,0.0,0.0
2023-05-15 00:00:00-04:00,22.799999237060547,27.899999618530273,21.799999237060547,27.200000762939453,167000,0.0,0.0
2023-05-16 00:00:00-04:00,27.200000762939453,28.399999618530273,25.799999237060547,26.399999618530273,115655,0.0,0.0
2023-05-17 00:00:00-04:00,26.399999618530273,27.399999618530273,25.100000381469727,27.0,68030,0.0,0.0
2023-05-18 00:00:00-04:00,27.0,27.020000457763672,25.0,25.399999618530273,70735,0.0,0.0
2023-05-19 00:00:00-04:00,25.200000762939453,27.200000762939453,25.200000762939453,26.0,45430,0.0,0.0
2023-05-22 00:00:00-04:00,26.0,28.799999237060547,26.0,28.399999618530273,71215,0.0,0.0
2023-05-23 00:00:00-04:00,28.0,29.600000381469727,26.200000762939453,27.399999618530273,54110,0.0,0.0
2023-05-24 00:00:00-04:00,27.0,27.399999618530273,25.600000381469727,26.799999237060547,31005,0.0,0.0
2023-05-25 00:00:00-04:00,27.200000762939453,27.399999618530273,25.200000762939453,25.600000381469727,35865,0.0,0.0
2023-05-26 00:00:00-04:00,26.0,27.260000228881836,25.799999237060547,27.200000762939453,45275,0.0,0.0
2023-05-30 00:00:00-04:00,27.200000762939453,27.399999618530273,25.600000381469727,25.799999237060547,35075,0.0,0.0
2023-05-31 00:00:00-04:00,26.600000381469727,27.0,24.600000381469727,26.600000381469727,51530,0.0,0.0
2023-06-01 00:00:00-04:00,26.600000381469727,27.200000762939453,25.899999618530273,26.399999618530273,24065,0.0,0.0
2023-06-02 00:00:00-04:00,26.399999618530273,26.799999237060547,25.600000381469727,26.200000762939453,24890,0.0,0.0
2023-06-05 00:00:00-04:00,26.399999618530273,27.600000381469727,25.399999618530273,26.0,59990,0.0,0.0
2023-06-06 00:00:00-04:00,26.0,26.799999237060547,26.0,26.200000762939453,23790,0.0,0.0
2023-06-07 00:00:00-04:00,26.399999618530273,26.600000381469727,24.799999237060547,25.399999618530273,51885,0.0,0.0
2023-06-08 00:00:00-04:00,25.399999618530273,25.399999618530273,24.440000534057617,24.799999237060547,34530,0.0,0.0
2023-06-09 00:00:00-04:00,25.0,25.200000762939453,24.0,24.200000762939453,29300,0.0,0.0
2023-06-12 00:00:00-04:00,24.200000762939453,25.200000762939453,24.100000381469727,24.600000381469727,28045,0.0,0.0
2023-06-13 00:00:00-04:00,24.399999618530273,25.0,24.0,24.0,25645,0.0,0.0
2023-06-14 00:00:00-04:00,24.0,24.0,22.600000381469727,23.0,48475,0.0,0.0
2023-06-15 00:00:00-04:00,23.0,23.600000381469727,22.5,22.799999237060547,43665,0.0,0.0
2023-06-16 00:00:00-04:00,23.0,24.200000762939453,22.200000762939453,22.200000762939453,62050,0.0,0.0
2023-06-20 00:00:00-04:00,22.0,23.0,21.799999237060547,22.600000381469727,28760,0.0,0.0
2023-06-21 00:00:00-04:00,22.200000762939453,23.139999389648438,22.0,22.0,17050,0.0,0.0
2023-06-22 00:00:00-04:00,24.200000762939453,24.399999618530273,22.0,23.399999618530273,85570,0.0,0.0
2023-06-23 00:00:00-04:00,23.0,23.600000381469727,22.299999237060547,23.200000762939453,47455,0.0,0.0
2023-06-26 00:00:00-04:00,23.399999618530273,23.399999618530273,22.200000762939453,22.200000762939453,17860,0.0,0.0
2023-06-27 00:00:00-04:00,22.200000762939453,22.399999618530273,20.799999237060547,21.799999237060547,45115,0.0,0.0
2023-06-28 00:00:00-04:00,22.0,22.5,21.200000762939453,22.200000762939453,20155,0.0,0.0
2023-06-29 00:00:00-04:00,22.200000762939453,22.600000381469727,22.0,22.600000381469727,15080,0.0,0.0
2023-06-30 00:00:00-04:00,22.399999618530273,23.0,22.100000381469727,22.600000381469727,15910,0.0,0.0
2023-07-03 00:00:00-04:00,22.399999618530273,22.799999237060547,22.200000762939453,22.600000381469727,12420,0.0,0.0
2023-07-05 00:00:00-04:00,22.399999618530273,23.399999618530273,21.600000381469727,22.399999618530273,31335,0.0,0.0
2023-07-06 00:00:00-04:00,22.0,22.399999618530273,21.600000381469727,22.200000762939453,22575,0.0,0.0
2023-07-07 00:00:00-04:00,22.200000762939453,22.399999618530273,21.799999237060547,22.200000762939453,14730,0.0,0.0
2023-07-10 00:00:00-04:00,22.399999618530273,22.600000381469727,22.100000381469727,22.200000762939453,17545,0.0,0.0
2023-07-11 00:00:00-04:00,22.600000381469727,22.700000762939453,21.600000381469727,22.0,23115,0.0,0.0
2023-07-12 00:00:00-04:00,22.0,22.399999618530273,22.0,22.0,15125,0.0,0.0
2023-07-13 00:00:00-04:00,22.0,22.700000762939453,22.0,22.600000381469727,21410,0.0,0.0
2023-07-14 00:00:00-04:00,22.200000762939453,22.399999618530273,21.799999237060547,22.0,29665,0.0,0.0
2023-07-17 00:00:00-04:00,22.0,22.799999237060547,21.979999542236328,22.600000381469727,29780,0.0,0.0
2023-07-18 00:00:00-04:00,22.600000381469727,23.200000762939453,22.399999618530273,23.200000762939453,17915,0.0,0.0
2023-07-19 00:00:00-04:00,23.0,23.600000381469727,22.799999237060547,23.0,15855,0.0,0.0
2023-07-20 00:00:00-04:00,23.200000762939453,23.200000762939453,22.0,22.0,20525,0.0,0.0
2023-07-21 00:00:00-04:00,21.0,21.600000381469727,18.0,21.200000762939453,127075,0.0,0.0
2023-07-24 00:00:00-04:00,20.799999237060547,20.799999237060547,19.399999618530273,19.600000381469727,38685,0.0,0.0
2023-07-25 00:00:00-04:00,19.799999237060547,20.600000381469727,19.200000762939453,19.200000762939453,18355,0.0,0.0
2023-07-26 00:00:00-04:00,19.399999618530273,20.399999618530273,18.600000381469727,19.979999542236328,30560,0.0,0.0
2023-07-27 00:00:00-04:00,19.799999237060547,20.399999618530273,18.6200008392334,18.799999237060547,23040,0.0,0.0
2023-07-28 00:00:00-04:00,18.799999237060547,20.200000762939453,18.739999771118164,19.440000534057617,15110,0.0,0.0
2023-07-31 00:00:00-04:00,19.600000381469727,20.399999618530273,19.200000762939453,19.899999618530273,31895,0.0,0.0
2023-08-01 00:00:00-04:00,21.0,21.600000381469727,19.600000381469727,20.799999237060547,41275,0.0,0.0
2023-08-02 00:00:00-04:00,20.600000381469727,21.399999618530273,20.200000762939453,20.799999237060547,35520,0.0,0.0
2023-08-03 00:00:00-04:00,20.600000381469727,21.200000762939453,20.399999618530273,20.399999618530273,12520,0.0,0.0
2023-08-04 00:00:00-04:00,19.899999618530273,20.200000762939453,18.799999237060547,19.520000457763672,25880,0.0,0.0
2023-08-07 00:00:00-04:00,19.520000457763672,19.940000534057617,18.200000762939453,18.600000381469727,38355,0.0,0.0
2023-08-08 00:00:00-04:00,18.200000762939453,19.600000381469727,18.200000762939453,18.799999237060547,21185,0.0,0.0
2023-08-09 00:00:00-04:00,19.799999237060547,20.600000381469727,19.200000762939453,19.5,19665,0.0,0.0
2023-08-10 00:00:00-04:00,19.639999389648438,19.799999237060547,19.0,19.739999771118164,9350,0.0,0.0
2023-08-11 00:00:00-04:00,19.100000381469727,19.979999542236328,19.100000381469727,19.600000381469727,8560,0.0,0.0
2023-08-14 00:00:00-04:00,19.299999237060547,19.600000381469727,17.68000030517578,18.31999969482422,36940,0.0,0.0
2023-08-15 00:00:00-04:00,18.780000686645508,18.799999237060547,18.0,18.15999984741211,18505,0.0,0.0
2023-08-16 00:00:00-04:00,18.040000915527344,18.600000381469727,16.700000762939453,17.399999618530273,39490,0.0,0.0
2023-08-17 00:00:00-04:00,17.200000762939453,17.200000762939453,16.0,16.200000762939453,28605,0.0,0.0
2023-08-18 00:00:00-04:00,16.0,17.100000381469727,16.0,16.280000686645508,17520,0.0,0.0
2023-08-21 00:00:00-04:00,16.020000457763672,17.5,16.020000457763672,16.860000610351562,14530,0.0,0.0
2023-08-22 00:00:00-04:00,16.899999618530273,17.0,16.0,16.399999618530273,21825,0.0,0.0
2023-08-23 00:00:00-04:00,16.399999618530273,16.799999237060547,16.0,16.420000076293945,15715,0.0,0.0
2023-08-24 00:00:00-04:00,16.420000076293945,16.760000228881836,15.119999885559082,15.399999618530273,20300,0.0,0.0
2023-08-25 00:00:00-04:00,15.600000381469727,17.0,14.899999618530273,15.5,24770,0.0,0.0
2023-08-28 00:00:00-04:00,15.600000381469727,16.15999984741211,15.199999809265137,15.699999809265137,16780,0.0,0.0
2023-08-29 00:00:00-04:00,15.600000381469727,17.0,15.0,16.799999237060547,18665,0.0,0.0
2023-08-30 00:00:00-04:00,16.979999542236328,17.420000076293945,16.399999618530273,16.860000610351562,9550,0.0,0.0
2023-08-31 00:00:00-04:00,16.399999618530273,17.360000610351562,15.600000381469727,15.680000305175781,15560,0.0,0.0
2023-09-01 00:00:00-04:00,15.819999694824219,16.219999313354492,15.619999885559082,15.800000190734863,7055,0.0,0.0
2023-09-05 00:00:00-04:00,16.0,16.559999465942383,15.699999809265137,15.859999656677246,11945,0.0,0.0
2023-09-06 00:00:00-04:00,18.799999237060547,20.799999237060547,18.420000076293945,20.0,350950,0.0,0.0
2023-09-07 00:00:00-04:00,19.520000457763672,20.0,17.799999237060547,19.739999771118164,53500,0.0,0.0
2023-09-08 00:00:00-04:00,19.739999771118164,20.399999618530273,18.799999237060547,19.860000610351562,21330,0.0,0.0
2023-09-11 00:00:00-04:00,19.600000381469727,19.860000610351562,18.399999618530273,19.239999771118164,27085,0.0,0.0
2023-09-12 00:00:00-04:00,19.3799991607666,19.81999969482422,19.040000915527344,19.700000762939453,14005,0.0,0.0
2023-09-13 00:00:00-04:00,19.799999237060547,22.799999237060547,19.760000228881836,22.399999618530273,44330,0.0,0.0
2023-09-14 00:00:00-04:00,22.200000762939453,22.399999618530273,20.600000381469727,21.799999237060547,29325,0.0,0.0
2023-09-15 00:00:00-04:00,21.600000381469727,22.18000030517578,21.0,21.399999618530273,23645,0.0,0.0
2023-09-18 00:00:00-04:00,21.399999618530273,21.799999237060547,20.600000381469727,21.399999618530273,18695,0.0,0.0
2023-09-19 00:00:00-04:00,21.0,21.399999618530273,20.600000381469727,21.0,20050,0.0,0.0
2023-09-20 00:00:00-04:00,21.0,24.399999618530273,21.0,22.799999237060547,49070,0.0,0.0
2023-09-21 00:00:00-04:00,23.200000762939453,23.399999618530273,19.799999237060547,20.399999618530273,40530,0.0,0.0
2023-09-22 00:00:00-04:00,21.799999237060547,22.0,19.600000381469727,20.399999618530273,22780,0.0,0.0
2023-09-25 00:00:00-04:00,19.799999237060547,20.200000762939453,19.059999465942383,19.399999618530273,13770,0.0,0.0
2023-09-26 00:00:00-04:00,19.219999313354492,20.020000457763672,19.200000762939453,19.600000381469727,9855,0.0,0.0
2023-09-27 00:00:00-04:00,19.459999084472656,20.020000457763672,19.200000762939453,19.399999618530273,13575,0.0,0.0
2023-09-28 00:00:00-04:00,19.600000381469727,19.739999771118164,18.799999237060547,18.799999237060547,10515,0.0,0.0
2023-09-29 00:00:00-04:00,18.979999542236328,19.559999465942383,18.5,18.84000015258789,11400,0.0,0.0
2023-10-02 00:00:00-04:00,18.860000610351562,19.5,18.200000762939453,18.399999618530273,15615,0.0,0.0
2023-10-03 00:00:00-04:00,18.200000762939453,18.799999237060547,18.200000762939453,18.5,4400,0.0,0.0
2023-10-04 00:00:00-04:00,18.600000381469727,19.0,17.6200008392334,18.600000381469727,12505,0.0,0.0
2023-10-05 00:00:00-04:00,18.68000030517578,20.600000381469727,18.5,19.399999618530273,22625,0.0,0.0
2023-10-06 00:00:00-04:00,19.079999923706055,19.780000686645508,18.600000381469727,19.200000762939453,12850,0.0,0.0
2023-10-09 00:00:00-04:00,19.200000762939453,19.399999618530273,18.0,18.799999237060547,9825,0.0,0.0
2023-10-10 00:00:00-04:00,18.799999237060547,19.799999237060547,18.799999237060547,19.299999237060547,9720,0.0,0.0
2023-10-11 00:00:00-04:00,19.799999237060547,19.8799991607666,18.139999389648438,18.5,14910,0.0,0.0
2023-10-12 00:00:00-04:00,18.780000686645508,19.0,17.920000076293945,18.399999618530273,16735,0.0,0.0
2023-10-13 00:00:00-04:00,17.719999313354492,20.399999618530273,17.700000762939453,18.399999618530273,21400,0.0,0.0
2023-10-16 00:00:00-04:00,18.600000381469727,19.0,17.799999237060547,18.799999237060547,14955,0.0,0.0
2023-10-17 00:00:00-04:00,18.459999084472656,19.200000762939453,18.280000686645508,18.280000686645508,17790,0.0,0.0
2023-10-18 00:00:00-04:00,18.100000381469727,18.260000228881836,17.0,17.200000762939453,17920,0.0,0.0
2023-10-19 00:00:00-04:00,17.200000762939453,18.0,16.600000381469727,17.5,16855,0.0,0.0
2023-10-20 00:00:00-04:00,17.579999923706055,18.200000762939453,17.0,17.1200008392334,9125,0.0,0.0
2023-10-23 00:00:00-04:00,16.979999542236328,17.600000381469727,16.440000534057617,16.81999969482422,10765,0.0,0.0
2023-10-24 00:00:00-04:00,16.81999969482422,17.559999465942383,16.420000076293945,16.899999618530273,13495,0.0,0.0
2023-10-25 00:00:00-04:00,16.65999984741211,17.34000015258789,16.600000381469727,16.600000381469727,9760,0.0,0.0
2023-10-26 00:00:00-04:00,17.0,17.200000762939453,15.600000381469727,16.18000030517578,14445,0.0,0.0
2023-10-27 00:00:00-04:00,15.819999694824219,16.100000381469727,15.140000343322754,15.520000457763672,19635,0.0,0.0
2023-10-30 00:00:00-04:00,15.600000381469727,15.800000190734863,14.520000457763672,15.279999732971191,18595,0.0,0.0
2023-10-31 00:00:00-04:00,15.399999618530273,15.800000190734863,15.0,15.34000015258789,13300,0.0,0.0
2023-11-01 00:00:00-04:00,14.800000190734863,16.399999618530273,14.600000381469727,16.079999923706055,8700,0.0,0.0
2023-11-02 00:00:00-04:00,15.640000343322754,18.34000015258789,15.640000343322754,17.299999237060547,12695,0.0,0.0
2023-11-03 00:00:00-04:00,17.799999237060547,18.15999984741211,16.020000457763672,16.200000762939453,27630,0.0,0.0
2023-11-06 00:00:00-05:00,16.200000762939453,16.399999618530273,15.800000190734863,16.0,7105,0.0,0.0
2023-11-07 00:00:00-05:00,16.3799991607666,16.3799991607666,15.520000457763672,16.0,6720,0.0,0.0
2023-11-08 00:00:00-05:00,15.979999542236328,16.360000610351562,15.600000381469727,15.600000381469727,5880,0.0,0.0
2023-11-09 00:00:00-05:00,15.600000381469727,16.040000915527344,15.0,15.0600004196167,8000,0.0,0.0
2023-11-10 00:00:00-05:00,15.0,16.0,14.800000190734863,15.399999618530273,7485,0.0,0.0
2023-11-13 00:00:00-05:00,15.079999923706055,15.9399995803833,14.800000190734863,15.600000381469727,13880,0.0,0.0
2023-11-14 00:00:00-05:00,15.399999618530273,16.040000915527344,15.199999809265137,15.800000190734863,9640,0.0,0.0
2023-11-15 00:00:00-05:00,15.399999618530273,16.399999618530273,15.399999618530273,15.5,9555,0.0,0.0
2023-11-16 00:00:00-05:00,15.800000190734863,16.799999237060547,15.260000228881836,16.059999465942383,17490,0.0,0.0
2023-11-17 00:00:00-05:00,14.399999618530273,15.720000267028809,11.859999656677246,15.600000381469727,46690,0.0,0.0
2023-11-20 00:00:00-05:00,15.399999618530273,15.800000190734863,14.319999694824219,14.979999542236328,17515,0.0,0.0
2023-11-21 00:00:00-05:00,15.0,15.199999809265137,14.600000381469727,14.65999984741211,10390,0.0,0.0
2023-11-22 00:00:00-05:00,14.420000076293945,14.800000190734863,14.0,14.300000190734863,8225,0.0,0.0
2023-11-24 00:00:00-05:00,14.180000305175781,15.359999656677246,13.899999618530273,14.199999809265137,9535,0.0,0.0
2023-11-27 00:00:00-05:00,14.300000190734863,14.819999694824219,14.0600004196167,14.0600004196167,14200,0.0,0.0
2023-11-28 00:00:00-05:00,14.800000190734863,14.800000190734863,13.600000381469727,13.640000343322754,19320,0.0,0.0
2023-11-29 00:00:00-05:00,13.899999618530273,14.199999809265137,13.640000343322754,13.819999694824219,12770,0.0,0.0
2023-11-30 00:00:00-05:00,14.199999809265137,14.199999809265137,13.800000190734863,14.180000305175781,14790,0.0,0.0
2023-12-01 00:00:00-05:00,13.819999694824219,15.800000190734863,13.600000381469727,15.619999885559082,26595,0.0,0.0
2023-12-04 00:00:00-05:00,15.199999809265137,16.0,14.65999984741211,15.279999732971191,18770,0.0,0.0
2023-12-05 00:00:00-05:00,15.4399995803833,16.399999618530273,15.0,15.600000381469727,31630,0.0,0.0
2023-12-06 00:00:00-05:00,15.5,15.699999809265137,15.020000457763672,15.180000305175781,15530,0.0,0.0
2023-12-07 00:00:00-05:00,16.0,16.200000762939453,14.640000343322754,14.819999694824219,26835,0.0,0.0
2023-12-08 00:00:00-05:00,14.800000190734863,15.0,14.420000076293945,14.800000190734863,20700,0.0,0.0
2023-12-11 00:00:00-05:00,14.600000381469727,15.100000381469727,14.119999885559082,14.9399995803833,17170,0.0,0.0
2023-12-12 00:00:00-05:00,14.9399995803833,14.960000038146973,14.100000381469727,14.300000190734863,19605,0.0,0.0
2023-12-13 00:00:00-05:00,14.579999923706055,14.760000228881836,14.020000457763672,14.359999656677246,13595,0.0,0.0
2023-12-14 00:00:00-05:00,14.399999618530273,15.0,14.359999656677246,14.899999618530273,23490,0.0,0.0
2023-12-15 00:00:00-05:00,15.0,15.220000267028809,14.319999694824219,14.319999694824219,16580,0.0,0.0
2023-12-18 00:00:00-05:00,14.800000190734863,15.359999656677246,14.399999618530273,14.65999984741211,27465,0.0,0.0
2023-12-19 00:00:00-05:00,14.84000015258789,15.199999809265137,14.020000457763672,14.399999618530273,42665,0.0,0.0
2023-12-20 00:00:00-05:00,14.420000076293945,15.0,14.399999618530273,15.0,21250,0.0,0.0
2023-12-21 00:00:00-05:00,15.0,15.279999732971191,14.239999771118164,14.760000228881836,25435,0.0,0.0
2023-12-22 00:00:00-05:00,17.559999465942383,18.8799991607666,15.460000038146973,16.399999618530273,592630,0.0,0.0
2023-12-26 00:00:00-05:00,16.399999618530273,16.399999618530273,15.399999618530273,15.5,83500,0.0,0.0
2023-12-27 00:00:00-05:00,15.140000343322754,16.399999618530273,15.140000343322754,15.960000038146973,42605,0.0,0.0
2023-12-28 00:00:00-05:00,15.579999923706055,16.200000762939453,15.199999809265137,16.200000762939453,42330,0.0,0.0
2023-12-29 00:00:00-05:00,16.579999923706055,16.579999923706055,15.399999618530273,15.880000114440918,30135,0.0,0.0
2024-01-02 00:00:00-05:00,15.699999809265137,16.200000762939453,15.119999885559082,16.020000457763672,30305,0.0,0.0
2024-01-03 00:00:00-05:00,16.0,16.260000228881836,15.199999809265137,15.65999984741211,20485,0.0,0.0
2024-01-04 00:00:00-05:00,15.699999809265137,16.100000381469727,15.239999771118164,15.619999885559082,17365,0.0,0.0
2024-01-05 00:00:00-05:00,15.979999542236328,15.979999542236328,15.260000228881836,15.5600004196167,18545,0.0,0.0
2024-01-08 00:00:00-05:00,15.399999618530273,15.460000038146973,14.899999618530273,15.359999656677246,21145,0.0,0.0
2024-01-09 00:00:00-05:00,15.399999618530273,16.399999618530273,15.100000381469727,16.0,34175,0.0,0.0
2024-01-10 00:00:00-05:00,16.219999313354492,16.239999771118164,15.600000381469727,15.859999656677246,17405,0.0,0.0
2024-01-11 00:00:00-05:00,15.899999618530273,16.100000381469727,15.399999618530273,15.640000343322754,24935,0.0,0.0
2024-01-12 00:00:00-05:00,15.399999618530273,15.800000190734863,15.199999809265137,15.319999694824219,16650,0.0,0.0
2024-01-16 00:00:00-05:00,15.399999618530273,15.680000305175781,14.800000190734863,14.819999694824219,20305,0.0,0.0
2024-01-17 00:00:00-05:00,14.699999809265137,15.199999809265137,14.239999771118164,14.239999771118164,15650,0.0,0.0
2024-01-18 00:00:00-05:00,14.5,15.0,14.020000457763672,15.0,27425,0.0,0.0
2024-01-19 00:00:00-05:00,14.699999809265137,14.800000190734863,13.800000190734863,14.319999694824219,23560,0.0,0.0
2024-01-22 00:00:00-05:00,14.399999618530273,14.699999809265137,13.819999694824219,14.300000190734863,19090,0.0,0.0
2024-01-23 00:00:00-05:00,14.199999809265137,14.399999618530273,13.739999771118164,13.859999656677246,11950,0.0,0.0
2024-01-24 00:00:00-05:00,13.859999656677246,14.0,12.859999656677246,13.800000190734863,22815,0.0,0.0
2024-01-25 00:00:00-05:00,13.4399995803833,14.0,13.319999694824219,13.5,11690,0.0,0.0
2024-01-26 00:00:00-05:00,13.520000457763672,14.0,13.020000457763672,13.300000190734863,24255,0.0,0.0
2024-01-29 00:00:00-05:00,13.399999618530273,13.699999809265137,13.020000457763672,13.460000038146973,103875,0.0,0.0
2024-01-30 00:00:00-05:00,13.600000381469727,14.140000343322754,13.020000457763672,13.15999984741211,79175,0.0,0.0
2024-01-31 00:00:00-05:00,13.0,13.399999618530273,12.699999809265137,12.819999694824219,28790,0.0,0.0
2024-02-01 00:00:00-05:00,13.199999809265137,13.199999809265137,12.5,13.079999923706055,31075,0.0,0.0
2024-02-02 00:00:00-05:00,13.199999809265137,13.979999542236328,12.800000190734863,13.979999542236328,31575,0.0,0.0
2024-02-05 00:00:00-05:00,14.0,14.0,13.039999961853027,13.399999618530273,17435,0.0,0.0
2024-02-06 00:00:00-05:00,13.380000114440918,13.979999542236328,13.199999809265137,13.420000076293945,14020,0.0,0.0
2024-02-07 00:00:00-05:00,13.600000381469727,13.600000381469727,13.100000381469727,13.100000381469727,11895,0.0,0.0
2024-02-08 00:00:00-05:00,13.399999618530273,13.600000381469727,12.899999618530273,13.420000076293945,21765,0.0,0.0
2024-02-09 00:00:00-05:00,13.600000381469727,14.579999923706055,13.4399995803833,14.5600004196167,43635,0.0,0.0
2024-02-12 00:00:00-05:00,14.600000381469727,15.199999809265137,13.979999542236328,14.100000381469727,24525,0.0,0.0
2024-02-13 00:00:00-05:00,14.300000190734863,14.600000381469727,13.399999618530273,13.600000381469727,13325,0.0,0.0
2024-02-14 00:00:00-05:00,13.5600004196167,14.0,13.300000190734863,13.579999923706055,13515,0.0,0.0
2024-02-15 00:00:00-05:00,14.0,14.199999809265137,13.15999984741211,13.84000015258789,22650,0.0,0.0
2024-02-16 00:00:00-05:00,14.199999809265137,14.479999542236328,13.600000381469727,14.300000190734863,23460,0.0,0.0
2024-02-20 00:00:00-05:00,14.199999809265137,14.399999618530273,13.800000190734863,14.180000305175781,16430,0.0,0.0
2024-02-21 00:00:00-05:00,13.859999656677246,14.0,13.619999885559082,13.800000190734863,17175,0.0,0.0
2024-02-22 00:00:00-05:00,13.760000228881836,14.5,13.699999809265137,13.819999694824219,11035,0.0,0.0
2024-02-23 00:00:00-05:00,14.0,14.0,13.619999885559082,14.0,24135,0.0,0.0
2024-02-26 00:00:00-05:00,14.0,14.600000381469727,13.399999618530273,14.380000114440918,21995,0.0,0.0
2024-02-27 00:00:00-05:00,14.0,15.0,14.0,14.579999923706055,21305,0.0,0.0
2024-02-28 00:00:00-05:00,14.600000381469727,14.880000114440918,14.239999771118164,14.399999618530273,12990,0.0,0.0
2024-02-29 00:00:00-05:00,14.5600004196167,14.720000267028809,14.0,14.15999984741211,23240,0.0,0.0
2024-03-01 00:00:00-05:00,14.239999771118164,14.779999732971191,14.079999923706055,14.239999771118164,11910,0.0,0.0
2024-03-04 00:00:00-05:00,14.579999923706055,14.579999923706055,13.600000381469727,14.140000343322754,18450,0.0,0.0
2024-03-05 00:00:00-05:00,13.800000190734863,14.0,13.399999618530273,14.0,18270,0.0,0.0
2024-03-06 00:00:00-05:00,13.619999885559082,14.199999809265137,13.619999885559082,13.979999542236328,11120,0.0,0.0
2024-03-07 00:00:00-05:00,13.899999618530273,13.979999542236328,13.600000381469727,13.65999984741211,4810,0.0,0.0
2024-03-08 00:00:00-05:00,13.880000114440918,14.180000305175781,13.779999732971191,13.819999694824219,13205,0.0,0.0
2024-03-11 00:00:00-04:00,13.600000381469727,13.800000190734863,13.020000457763672,13.220000267028809,26730,0.0,0.0
2024-03-12 00:00:00-04:00,13.380000114440918,13.960000038146973,13.199999809265137,13.680000305175781,19875,0.0,0.0
2024-03-13 00:00:00-04:00,13.420000076293945,14.140000343322754,13.300000190734863,13.300000190734863,35600,0.0,0.0
2024-03-14 00:00:00-04:00,13.520000457763672,13.899999618530273,12.800000190734863,12.819999694824219,40255,0.0,0.0
2024-03-15 00:00:00-04:00,13.300000190734863,14.9399995803833,13.279999732971191,13.699999809265137,67235,0.0,0.0
2024-03-18 00:00:00-04:00,14.300000190734863,14.600000381469727,13.720000267028809,13.880000114440918,31060,0.0,0.0
2024-03-19 00:00:00-04:00,13.979999542236328,14.880000114440918,13.640000343322754,14.279999732971191,32795,0.0,0.0
2024-03-20 00:00:00-04:00,14.34000015258789,15.5600004196167,14.319999694824219,15.260000228881836,44090,0.0,0.0
2024-03-21 00:00:00-04:00,15.600000381469727,16.399999618530273,15.600000381469727,16.059999465942383,37095,0.0,0.0
2024-03-22 00:00:00-04:00,16.3799991607666,16.3799991607666,15.199999809265137,15.539999961853027,33740,0.0,0.0
2024-03-25 00:00:00-04:00,15.600000381469727,15.899999618530273,14.420000076293945,14.920000076293945,24990,0.0,0.0
2024-03-26 00:00:00-04:00,14.779999732971191,15.0,14.399999618530273,14.800000190734863,23070,0.0,0.0
2024-03-27 00:00:00-04:00,15.020000457763672,17.0,14.800000190734863,16.84000015258789,72315,0.0,0.0
2024-03-28 00:00:00-04:00,17.200000762939453,19.18000030517578,17.0,18.399999618530273,75450,0.0,0.0
2024-04-01 00:00:00-04:00,16.200000762939453,20.0,15.619999885559082,19.360000610351562,87370,0.0,0.0
2024-04-02 00:00:00-04:00,19.600000381469727,21.799999237060547,18.639999389648438,21.399999618530273,71270,0.0,0.0
2024-04-03 00:00:00-04:00,22.799999237060547,24.399999618530273,20.700000762939453,21.0,132040,0.0,0.0
2024-04-04 00:00:00-04:00,21.0,23.0,20.399999618530273,21.600000381469727,44165,0.0,0.0
2024-04-05 00:00:00-04:00,22.799999237060547,24.200000762939453,20.0,23.200000762939453,114600,0.0,0.0
2024-04-08 00:00:00-04:00,23.200000762939453,24.0,20.799999237060547,21.399999618530273,70165,0.0,0.0
2024-04-09 00:00:00-04:00,21.399999618530273,22.0,17.299999237060547,17.5,84580,0.0,0.0
2024-04-10 00:00:00-04:00,16.399999618530273,19.559999465942383,15.600000381469727,18.399999618530273,46050,0.0,0.0
2024-04-11 00:00:00-04:00,18.600000381469727,19.200000762939453,16.399999618530273,17.280000686645508,26255,0.0,0.0
2024-04-12 00:00:00-04:00,17.280000686645508,17.81999969482422,15.760000228881836,16.200000762939453,26925,0.0,0.0
2024-04-15 00:00:00-04:00,17.399999618530273,17.600000381469727,16.399999618530273,16.5,15245,0.0,0.0
2024-04-16 00:00:00-04:00,17.0,17.399999618530273,13.800000190734863,14.600000381469727,63500,0.0,0.0
2024-04-17 00:00:00-04:00,14.460000038146973,16.0,14.199999809265137,14.4399995803833,21490,0.0,0.0
2024-04-18 00:00:00-04:00,14.399999618530273,15.0,14.300000190734863,14.4399995803833,13710,0.0,0.0
2024-04-19 00:00:00-04:00,14.100000381469727,14.800000190734863,13.600000381469727,13.619999885559082,18245,0.0,0.0
2024-04-22 00:00:00-04:00,12.0,12.960000038146973,10.0,10.279999732971191,192655,0.0,0.0
2024-04-23 00:00:00-04:00,10.819999694824219,11.600000381469727,10.0,10.260000228881836,96085,0.0,0.0
2024-04-24 00:00:00-04:00,10.180000305175781,12.59000015258789,10.105999946594238,12.289999961853027,326400,0.0,0.05
2024-04-25 00:00:00-04:00,14.5,14.960000038146973,12.133000373840332,13.0,753800,0.0,0.0
2024-04-26 00:00:00-04:00,12.649999618530273,13.430000305175781,11.569999694824219,12.630000114440918,200100,0.0,0.0
2024-04-29 00:00:00-04:00,12.59000015258789,12.819999694824219,11.899999618530273,12.324999809265137,112400,0.0,0.0
2024-04-30 00:00:00-04:00,12.199999809265137,12.635000228881836,11.720000267028809,11.979999542236328,76400,0.0,0.0
2024-05-01 00:00:00-04:00,11.850000381469727,11.859999656677246,11.015999794006348,11.8100004196167,107700,0.0,0.0
2024-05-02 00:00:00-04:00,11.84000015258789,12.850000381469727,11.520000457763672,12.680000305175781,65200,0.0,0.0
2024-05-03 00:00:00-04:00,11.75,13.199999809265137,11.75,12.510000228881836,54000,0.0,0.0
2024-05-06 00:00:00-04:00,12.600000381469727,14.09000015258789,12.600000381469727,13.609999656677246,102200,0.0,0.0
2024-05-07 00:00:00-04:00,13.729999542236328,14.121000289916992,13.404999732971191,13.4399995803833,40700,0.0,0.0
2024-05-08 00:00:00-04:00,13.390000343322754,13.59000015258789,13.039999961853027,13.050000190734863,17200,0.0,0.0
2024-05-09 00:00:00-04:00,13.319999694824219,13.569999694824219,12.600000381469727,12.600000381469727,27800,0.0,0.0
2024-05-10 00:00:00-04:00,12.600000381469727,13.039999961853027,12.15999984741211,12.15999984741211,30400,0.0,0.0
2024-05-13 00:00:00-04:00,12.25,12.699999809265137,12.25,12.699999809265137,14700,0.0,0.0
2024-05-14 00:00:00-04:00,12.600000381469727,13.4399995803833,12.329999923706055,13.09000015258789,28600,0.0,0.0
2024-05-15 00:00:00-04:00,13.130000114440918,13.130000114440918,12.536999702453613,12.710000038146973,22100,0.0,0.0
2024-05-16 00:00:00-04:00,12.279999732971191,12.699999809265137,11.850000381469727,12.0,46200,0.0,0.0
2024-05-17 00:00:00-04:00,12.0,12.0,10.880000114440918,11.210000038146973,60800,0.0,0.0
2024-05-20 00:00:00-04:00,11.220000267028809,12.0,10.819999694824219,11.260000228881836,54000,0.0,0.0
2024-05-21 00:00:00-04:00,11.123000144958496,11.149999618530273,10.619999885559082,10.619999885559082,41500,0.0,0.0
2024-05-22 00:00:00-04:00,10.579999923706055,13.170000076293945,10.5,12.34000015258789,197600,0.0,0.0
2024-05-23 00:00:00-04:00,12.600000381469727,12.699999809265137,11.84000015258789,11.920000076293945,73200,0.0,0.0
2024-05-24 00:00:00-04:00,12.0,12.204999923706055,11.649999618530273,12.020000457763672,29400,0.0,0.0
2024-05-28 00:00:00-04:00,12.0,12.267999649047852,11.529999732971191,11.770000457763672,33000,0.0,0.0
2024-05-29 00:00:00-04:00,11.630000114440918,12.289999961853027,11.399999618530273,11.819999694824219,38800,0.0,0.0
2024-05-30 00:00:00-04:00,12.09000015258789,12.779999732971191,11.928999900817871,12.420000076293945,38200,0.0,0.0
2024-05-31 00:00:00-04:00,12.710000038146973,13.489999771118164,12.329999923706055,12.6899995803833,35300,0.0,0.0
2024-06-03 00:00:00-04:00,13.239999771118164,13.239999771118164,12.100000381469727,12.40999984741211,18100,0.0,0.0
2024-06-04 00:00:00-04:00,12.145999908447266,12.5649995803833,12.145000457763672,12.34000015258789,16500,0.0,0.0
2024-06-05 00:00:00-04:00,12.34000015258789,12.975000381469727,11.5,12.5,51100,0.0,0.0
2024-06-06 00:00:00-04:00,12.5,13.470000267028809,12.5,13.380000114440918,91100,0.0,0.0
2024-06-07 00:00:00-04:00,13.210000038146973,13.4399995803833,12.645000457763672,12.84000015258789,46400,0.0,0.0
2024-06-10 00:00:00-04:00,12.649999618530273,13.550000190734863,12.649999618530273,13.430000305175781,34400,0.0,0.0
2024-06-11 00:00:00-04:00,13.270000457763672,13.649999618530273,12.829999923706055,13.550000190734863,37100,0.0,0.0
2024-06-12 00:00:00-04:00,13.920000076293945,14.545000076293945,13.819999694824219,14.369999885559082,66200,0.0,0.0
2024-06-13 00:00:00-04:00,14.149999618530273,14.489999771118164,14.0,14.15999984741211,26100,0.0,0.0
2024-06-14 00:00:00-04:00,13.850000381469727,14.25,13.357999801635742,13.4399995803833,59000,0.0,0.0
2024-06-17 00:00:00-04:00,13.279999732971191,13.670000076293945,12.520000457763672,12.59000015258789,41800,0.0,0.0
2024-06-18 00:00:00-04:00,12.579999923706055,13.0,11.850000381469727,12.100000381469727,40300,0.0,0.0
2024-06-20 00:00:00-04:00,11.970000267028809,12.4399995803833,11.529999732971191,11.699999809265137,69200,0.0,0.0
2024-06-21 00:00:00-04:00,12.079999923706055,12.199999809265137,11.25,11.619999885559082,54000,0.0,0.0
2024-06-24 00:00:00-04:00,11.369999885559082,11.850000381469727,10.449999809265137,11.289999961853027,163700,0.0,0.0
2024-06-25 00:00:00-04:00,11.15999984741211,11.949999809265137,11.15999984741211,11.949999809265137,72300,0.0,0.0
2024-06-26 00:00:00-04:00,11.864999771118164,11.869999885559082,11.119999885559082,11.199999809265137,21700,0.0,0.0
2024-06-27 00:00:00-04:00,11.444999694824219,11.65999984741211,11.111000061035156,11.1899995803833,23300,0.0,0.0
2024-06-28 00:00:00-04:00,11.489999771118164,11.9399995803833,11.149999618530273,11.9399995803833,52700,0.0,0.0
2024-07-01 00:00:00-04:00,11.960000038146973,12.350000381469727,11.550000190734863,12.039999961853027,65400,0.0,0.0
2024-07-02 00:00:00-04:00,11.970000267028809,12.100000381469727,11.199999809265137,11.930000305175781,25200,0.0,0.0
2024-07-03 00:00:00-04:00,11.770000457763672,12.244999885559082,11.770000457763672,12.15999984741211,20000,0.0,0.0
2024-07-05 00:00:00-04:00,12.152000427246094,12.152000427246094,11.760000228881836,12.050000190734863,37500,0.0,0.0
2024-07-08 00:00:00-04:00,12.050000190734863,12.130000114440918,11.420000076293945,11.779999732971191,33000,0.0,0.0
2024-07-09 00:00:00-04:00,11.800000190734863,11.800000190734863,11.329999923706055,11.524999618530273,38700,0.0,0.0
2024-07-10 00:00:00-04:00,11.5,11.770999908447266,11.220000267028809,11.319999694824219,29200,0.0,0.0
2024-07-11 00:00:00-04:00,11.329999923706055,11.510000228881836,11.135000228881836,11.260000228881836,43800,0.0,0.0
2024-07-12 00:00:00-04:00,11.680000305175781,11.680000305175781,11.255000114440918,11.479999542236328,17100,0.0,0.0
2024-07-15 00:00:00-04:00,11.680000305175781,12.53499984741211,11.619999885559082,12.5,57000,0.0,0.0
2024-07-16 00:00:00-04:00,12.369999885559082,13.074999809265137,12.369999885559082,12.9399995803833,25900,0.0,0.0
2024-07-17 00:00:00-04:00,12.510000228881836,13.029999732971191,12.510000228881836,13.010000228881836,18800,0.0,0.0
2024-07-18 00:00:00-04:00,13.039999961853027,13.039999961853027,12.529999732971191,12.640000343322754,9700,0.0,0.0
2024-07-19 00:00:00-04:00,12.550000190734863,12.550000190734863,11.800000190734863,11.8100004196167,8800,0.0,0.0
2024-07-22 00:00:00-04:00,11.699999809265137,11.989999771118164,11.510000228881836,11.739999771118164,15100,0.0,0.0
2024-07-23 00:00:00-04:00,11.510000228881836,11.949999809265137,11.215999603271484,11.479999542236328,20800,0.0,0.0
2024-07-24 00:00:00-04:00,11.470000267028809,11.904999732971191,11.470000267028809,11.84000015258789,26700,0.0,0.0
2024-07-25 00:00:00-04:00,11.725000381469727,12.149999618530273,11.630000114440918,11.949999809265137,30600,0.0,0.0
2024-07-26 00:00:00-04:00,12.210000038146973,13.342000007629395,11.880000114440918,13.239999771118164,71000,0.0,0.0
2024-07-29 00:00:00-04:00,13.029999732971191,13.20300006866455,12.760000228881836,13.050000190734863,13200,0.0,0.0
2024-07-30 00:00:00-04:00,13.366999626159668,13.366999626159668,13.0,13.130000114440918,4900,0.0,0.0
2024-07-31 00:00:00-04:00,13.130000114440918,13.270000457763672,12.850000381469727,13.109999656677246,8200,0.0,0.0
2024-08-01 00:00:00-04:00,12.880000114440918,13.069999694824219,12.539999961853027,12.890000343322754,11200,0.0,0.0
2024-08-02 00:00:00-04:00,12.795000076293945,12.795000076293945,11.59000015258789,11.880000114440918,14600,0.0,0.0
2024-08-05 00:00:00-04:00,11.109999656677246,11.850000381469727,11.100000381469727,11.680000305175781,16700,0.0,0.0
2024-08-06 00:00:00-04:00,11.789999961853027,11.8149995803833,11.100000381469727,11.430000305175781,22100,0.0,0.0
2024-08-07 00:00:00-04:00,11.010000228881836,11.529999732971191,11.010000228881836,11.289999961853027,9200,0.0,0.0
2024-08-08 00:00:00-04:00,11.050000190734863,11.829999923706055,10.770000457763672,11.59000015258789,16600,0.0,0.0
2024-08-09 00:00:00-04:00,11.779999732971191,11.850000381469727,11.279999732971191,11.8100004196167,16800,0.0,0.0
2024-08-12 00:00:00-04:00,11.369999885559082,11.789999961853027,11.369999885559082,11.725000381469727,8300,0.0,0.0
2024-08-13 00:00:00-04:00,11.470000267028809,12.395000457763672,11.470000267028809,12.149999618530273,14700,0.0,0.0
2024-08-14 00:00:00-04:00,12.539999961853027,13.0,12.010000228881836,12.859999656677246,46400,0.0,0.0
2024-08-15 00:00:00-04:00,11.579999923706055,13.359999656677246,11.579999923706055,12.640000343322754,26400,0.0,0.0
2024-08-16 00:00:00-04:00,12.444999694824219,12.819999694824219,12.270000457763672,12.789999961853027,11700,0.0,0.0
2024-08-19 00:00:00-04:00,12.699999809265137,12.960000038146973,12.010000228881836,12.960000038146973,21200,0.0,0.0
2024-08-20 00:00:00-04:00,12.65999984741211,12.96500015258789,12.3100004196167,12.949999809265137,11500,0.0,0.0
2024-08-21 00:00:00-04:00,12.342000007629395,13.010000228881836,12.342000007629395,13.0,21000,0.0,0.0
2024-08-22 00:00:00-04:00,12.479999542236328,13.0,12.444999694824219,13.0,15000,0.0,0.0
2024-08-23 00:00:00-04:00,13.0,13.0,12.609999656677246,12.979999542236328,16400,0.0,0.0
2024-08-26 00:00:00-04:00,12.765999794006348,12.864999771118164,12.510000228881836,12.864999771118164,9000,0.0,0.0
2024-08-27 00:00:00-04:00,12.418000221252441,13.0,12.418000221252441,12.970000267028809,52100,0.0,0.0
2024-08-28 00:00:00-04:00,12.729999542236328,12.989999771118164,12.510000228881836,12.958999633789062,57700,0.0,0.0
2024-08-29 00:00:00-04:00,12.4399995803833,12.970000267028809,12.4399995803833,12.949999809265137,7500,0.0,0.0
2024-08-30 00:00:00-04:00,12.460000038146973,12.755000114440918,11.510000228881836,11.890000343322754,40600,0.0,0.0
2024-09-03 00:00:00-04:00,11.770000457763672,11.989999771118164,11.5,11.59000015258789,10400,0.0,0.0
2024-09-04 00:00:00-04:00,11.319999694824219,11.539999961853027,10.760000228881836,11.3149995803833,42600,0.0,0.0
2024-09-05 00:00:00-04:00,11.430000305175781,11.5600004196167,11.260000228881836,11.550000190734863,4200,0.0,0.0
2024-09-06 00:00:00-04:00,11.600000381469727,11.600000381469727,11.25,11.4399995803833,4300,0.0,0.0
2024-09-09 00:00:00-04:00,11.579999923706055,11.729999542236328,10.970000267028809,11.699999809265137,10000,0.0,0.0
2024-09-10 00:00:00-04:00,11.529999732971191,11.989999771118164,11.449999809265137,11.949999809265137,5400,0.0,0.0
2024-09-11 00:00:00-04:00,11.640000343322754,11.859999656677246,11.420000076293945,11.619999885559082,24300,0.0,0.0
2024-09-12 00:00:00-04:00,11.760000228881836,11.79699993133545,11.329999923706055,11.350000381469727,18200,0.0,0.0
2024-09-13 00:00:00-04:00,11.210000038146973,12.680000305175781,11.210000038146973,11.9399995803833,32900,0.0,0.0
2024-09-16 00:00:00-04:00,12.010000228881836,12.100000381469727,11.510000228881836,11.800000190734863,6400,0.0,0.0
2024-09-17 00:00:00-04:00,11.600000381469727,11.975000381469727,11.600000381469727,11.630000114440918,7200,0.0,0.0
2024-09-18 00:00:00-04:00,11.630000114440918,12.329999923706055,11.557999610900879,11.619999885559082,29900,0.0,0.0
2024-09-19 00:00:00-04:00,11.90999984741211,12.270000457763672,11.6899995803833,11.720000267028809,28000,0.0,0.0
2024-09-20 00:00:00-04:00,11.699999809265137,11.880000114440918,10.9399995803833,11.270000457763672,40300,0.0,0.0
2024-09-23 00:00:00-04:00,11.180000305175781,11.279999732971191,10.869999885559082,10.869999885559082,21600,0.0,0.0
2024-09-24 00:00:00-04:00,11.0,11.1899995803833,10.75,10.770000457763672,22500,0.0,0.0
2024-09-25 00:00:00-04:00,10.979999542236328,11.239999771118164,10.8100004196167,10.819999694824219,10100,0.0,0.0
2024-09-26 00:00:00-04:00,10.854999542236328,11.279999732971191,10.600000381469727,10.789999961853027,22700,0.0,0.0
2024-09-27 00:00:00-04:00,10.649999618530273,10.789999961853027,10.609999656677246,10.739999771118164,12700,0.0,0.0
2024-09-30 00:00:00-04:00,10.739999771118164,10.880000114440918,10.5,10.75,14400,0.0,0.0
2024-10-01 00:00:00-04:00,10.609999656677246,10.706999778747559,10.413999557495117,10.609999656677246,17200,0.0,0.0
2024-10-02 00:00:00-04:00,10.520000457763672,10.680999755859375,10.411999702453613,10.550000190734863,8300,0.0,0.0
2024-10-03 00:00:00-04:00,10.460000038146973,10.699999809265137,10.260000228881836,10.699999809265137,17800,0.0,0.0
2024-10-04 00:00:00-04:00,10.520000457763672,10.925000190734863,10.420000076293945,10.899999618530273,17700,0.0,0.0
2024-10-07 00:00:00-04:00,10.729999542236328,11.149999618530273,10.720000267028809,11.130000114440918,10000,0.0,0.0
2024-10-08 00:00:00-04:00,10.979999542236328,11.149999618530273,10.513999938964844,10.710000038146973,17200,0.0,0.0
2024-10-09 00:00:00-04:00,10.789999961853027,10.970000267028809,10.569999694824219,10.850000381469727,7100,0.0,0.0
2024-10-10 00:00:00-04:00,10.699999809265137,10.819999694824219,10.449999809265137,10.520000457763672,19700,0.0,0.0
2024-10-11 00:00:00-04:00,10.75,10.949999809265137,10.376999855041504,10.609999656677246,12700,0.0,0.0
2024-10-14 00:00:00-04:00,10.6899995803833,10.6899995803833,10.289999961853027,10.300000190734863,10900,0.0,0.0
2024-10-15 00:00:00-04:00,10.300000190734863,10.479999542236328,10.140000343322754,10.170000076293945,25800,0.0,0.0
2024-10-16 00:00:00-04:00,10.4350004196167,10.973999977111816,10.284000396728516,10.739999771118164,28600,0.0,0.0
2024-10-17 00:00:00-04:00,10.649999618530273,11.149999618530273,10.600000381469727,11.149999618530273,19400,0.0,0.0
2024-10-18 00:00:00-04:00,11.010000228881836,11.579999923706055,10.369999885559082,11.260000228881836,42900,0.0,0.0
2024-10-21 00:00:00-04:00,11.489999771118164,11.489999771118164,11.069999694824219,11.220000267028809,16700,0.0,0.0
2024-10-22 00:00:00-04:00,11.09000015258789,11.390000343322754,11.09000015258789,11.380000114440918,3000,0.0,0.0
2024-10-23 00:00:00-04:00,11.109999656677246,11.40999984741211,11.069999694824219,11.300000190734863,18400,0.0,0.0
2024-10-24 00:00:00-04:00,11.404000282287598,11.699999809265137,11.116000175476074,11.15999984741211,10800,0.0,0.0
2024-10-25 00:00:00-04:00,11.300000190734863,13.25,11.28499984741211,12.600000381469727,75000,0.0,0.0
2024-10-28 00:00:00-04:00,12.920000076293945,12.920000076293945,12.100000381469727,12.470000267028809,8400,0.0,0.0
2024-10-29 00:00:00-04:00,12.609999656677246,13.920000076293945,12.539999961853027,13.390000343322754,25500,0.0,0.0
2024-10-30 00:00:00-04:00,13.390000343322754,13.390000343322754,12.645999908447266,12.829999923706055,28100,0.0,0.0
2024-10-31 00:00:00-04:00,12.770000457763672,13.0,12.699999809265137,13.0,5600,0.0,0.0
2024-11-01 00:00:00-04:00,12.850000381469727,13.130000114440918,12.66100025177002,13.09000015258789,10600,0.0,0.0
2024-11-04 00:00:00-05:00,13.09000015258789,13.449999809265137,13.0,13.029999732971191,20200,0.0,0.0
2024-11-05 00:00:00-05:00,13.029999732971191,13.260000228881836,13.0,13.260000228881836,14200,0.0,0.0
2024-11-06 00:00:00-05:00,13.470000267028809,13.470000267028809,12.779999732971191,13.260000228881836,10400,0.0,0.0
2024-11-07 00:00:00-05:00,12.90999984741211,13.399999618530273,12.739999771118164,13.109999656677246,31700,0.0,0.0
2024-11-08 00:00:00-05:00,13.279999732971191,13.779999732971191,13.029999732971191,13.5,23500,0.0,0.0
2024-11-11 00:00:00-05:00,13.510000228881836,13.680000305175781,12.890000343322754,13.350000381469727,10800,0.0,0.0
2024-11-12 00:00:00-05:00,13.583999633789062,13.729999542236328,13.140000343322754,13.449999809265137,19400,0.0,0.0
2024-11-13 00:00:00-05:00,13.3100004196167,14.0,13.270000457763672,13.899999618530273,27100,0.0,0.0
2024-11-14 00:00:00-05:00,14.079999923706055,14.75,13.819999694824219,14.479999542236328,30000,0.0,0.0
2024-11-15 00:00:00-05:00,14.5,14.970000267028809,13.899999618530273,14.369999885559082,31600,0.0,0.0
2024-11-18 00:00:00-05:00,14.329999923706055,14.989999771118164,14.329999923706055,14.960000038146973,47800,0.0,0.0
2024-11-19 00:00:00-05:00,14.930000305175781,15.630000114440918,14.930000305175781,15.630000114440918,14700,0.0,0.0
2024-11-20 00:00:00-05:00,15.680000305175781,16.636999130249023,15.020000457763672,15.119999885559082,45600,0.0,0.0
2024-11-21 00:00:00-05:00,18.979999542236328,19.979999542236328,17.16699981689453,17.450000762939453,451700,0.0,0.0
2024-11-22 00:00:00-05:00,17.729999542236328,21.284000396728516,17.520000457763672,20.399999618530273,255700,0.0,0.0
2024-11-25 00:00:00-05:00,20.389999389648438,20.5,17.25,18.690000534057617,147600,0.0,0.0
2024-11-26 00:00:00-05:00,18.600000381469727,20.200000762939453,17.81999969482422,19.59000015258789,32900,0.0,0.0
2024-11-27 00:00:00-05:00,19.530000686645508,20.200000762939453,19.25,20.200000762939453,26700,0.0,0.0
2024-11-29 00:00:00-05:00,20.209999084472656,20.5,19.562000274658203,20.209999084472656,10100,0.0,0.0
2024-12-02 00:00:00-05:00,20.200000762939453,20.459999084472656,18.709999084472656,18.760000228881836,30800,0.0,0.0
2024-12-03 00:00:00-05:00,18.799999237060547,18.959999084472656,17.40999984741211,17.709999084472656,62700,0.0,0.0
2024-12-04 00:00:00-05:00,17.950000762939453,20.329999923706055,17.829999923706055,19.950000762939453,96500,0.0,0.0
2024-12-05 00:00:00-05:00,19.84000015258789,20.65999984741211,18.027999877929688,19.93000030517578,39400,0.0,0.0
2024-12-06 00:00:00-05:00,19.270000457763672,24.0,18.424999237060547,23.729999542236328,120100,0.0,0.0
2024-12-09 00:00:00-05:00,23.510000228881836,24.0,22.139999389648438,22.510000228881836,49800,0.0,0.0
2024-12-10 00:00:00-05:00,22.170000076293945,24.0,22.149999618530273,22.170000076293945,24600,0.0,0.0
2024-12-11 00:00:00-05:00,21.940000534057617,22.25,21.21500015258789,21.81999969482422,36800,0.0,0.0
2024-12-12 00:00:00-05:00,21.479999542236328,22.079999923706055,21.149999618530273,21.639999389648438,45800,0.0,0.0
2024-12-13 00:00:00-05:00,22.780000686645508,23.889999389648438,22.20199966430664,22.8799991607666,101300,0.0,0.0
2024-12-16 00:00:00-05:00,22.829999923706055,23.65999984741211,22.799999237060547,23.260000228881836,37500,0.0,0.0
2024-12-17 00:00:00-05:00,23.170000076293945,24.989999771118164,22.100000381469727,22.809999465942383,59000,0.0,0.0
2024-12-18 00:00:00-05:00,22.469999313354492,22.780000686645508,19.239999771118164,20.530000686645508,90500,0.0,0.0
2024-12-19 00:00:00-05:00,20.489999771118164,23.209999084472656,20.23900032043457,22.510000228881836,85900,0.0,0.0
2024-12-20 00:00:00-05:00,22.1200008392334,24.0,21.200000762939453,23.219999313354492,148400,0.0,0.0
2024-12-23 00:00:00-05:00,22.899999618530273,24.309999465942383,21.8799991607666,23.399999618530273,75000,0.0,0.0
2024-12-24 00:00:00-05:00,23.260000228881836,23.700000762939453,22.6299991607666,23.43000030517578,31900,0.0,0.0
2024-12-26 00:00:00-05:00,23.200000762939453,23.423999786376953,22.700000762939453,23.219999313354492,49500,0.0,0.0
2024-12-27 00:00:00-05:00,23.440000534057617,24.25,22.850000381469727,23.690000534057617,134400,0.0,0.0
2024-12-30 00:00:00-05:00,23.989999771118164,25.31999969482422,23.260000228881836,25.25,116700,0.0,0.0
2024-12-31 00:00:00-05:00,25.610000610351562,27.440000534057617,25.107999801635742,26.8799991607666,183300,0.0,0.0
2025-01-02 00:00:00-05:00,27.110000610351562,28.420000076293945,26.010000228881836,27.299999237060547,134300,0.0,0.0
2025-01-03 00:00:00-05:00,27.299999237060547,27.684999465942383,25.40999984741211,26.6200008392334,118500,0.0,0.0
2025-01-06 00:00:00-05:00,26.56999969482422,27.0,25.110000610351562,26.809999465942383,171500,0.0,0.0
2025-01-07 00:00:00-05:00,27.1200008392334,27.700000762939453,26.121000289916992,27.0,234000,0.0,0.0
2025-01-08 00:00:00-05:00,27.600000381469727,27.600000381469727,21.5,24.8799991607666,231600,0.0,0.0
2025-01-10 00:00:00-05:00,24.790000915527344,25.450000762939453,22.5,24.0,136400,0.0,0.0
2025-01-13 00:00:00-05:00,23.940000534057617,24.385000228881836,21.110000610351562,21.190000534057617,95100,0.0,0.0
2025-01-14 00:00:00-05:00,21.020000457763672,22.350000381469727,20.81999969482422,20.920000076293945,74800,0.0,0.0
2025-01-15 00:00:00-05:00,21.09000015258789,21.920000076293945,19.8700008392334,20.420000076293945,93200,0.0,0.0
2025-01-16 00:00:00-05:00,20.420000076293945,21.799999237060547,20.264999389648438,21.25,113500,0.0,0.0
2025-01-17 00:00:00-05:00,21.040000915527344,22.0,20.761999130249023,21.700000762939453,229200,0.0,0.0
2025-01-21 00:00:00-05:00,21.899999618530273,22.674999237060547,21.635000228881836,22.18000030517578,82700,0.0,0.0
2025-01-22 00:00:00-05:00,22.0,22.219999313354492,21.6299991607666,21.989999771118164,125200,0.0,0.0
2025-01-23 00:00:00-05:00,21.899999618530273,22.649999618530273,21.549999237060547,21.799999237060547,148000,0.0,0.0
2025-01-24 00:00:00-05:00,21.59000015258789,21.600000381469727,18.56999969482422,18.90999984741211,72900,0.0,0.0
2025-01-27 00:00:00-05:00,19.020000457763672,19.280000686645508,18.110000610351562,18.1200008392334,51399,0.0,0.0
