Date,Open,High,Low,Close,Volume,Dividends,Stock Splits
2022-01-03 00:00:00-05:00,143.95822979703283,145.02889140826645,142.98872144982653,144.55508422851562,25214000,0.0,0.0
2022-01-04 00:00:00-05:00,145.02940253580405,146.08510332379365,143.30125219857842,143.8994598388672,22928000,0.0,0.0
2022-01-05 00:00:00-05:00,143.66480158286416,143.78138707716036,137.03113561072124,137.16067504882812,49642000,0.0,0.0
2022-01-06 00:00:00-05:00,137.00522693228726,139.18589868612224,136.27386125678404,137.05853271484375,29050000,0.0,0.0
2022-01-07 00:00:00-05:00,137.41126574890635,137.75976027577275,135.30284421325464,136.5139923095703,19408000,0.0,0.0
2022-01-10 00:00:00-05:00,134.6153160131959,138.14363884864215,132.6638317499777,138.077880859375,34096000,0.0,0.0
2022-01-11 00:00:00-05:00,137.68579120799058,139.82709956288852,136.32369607964898,139.51622009277344,23502000,0.0,0.0
2022-01-12 00:00:00-05:00,141.04769800485315,142.30293809752862,140.60677741851381,141.14085388183594,23642000,0.0,0.0
2022-01-13 00:00:00-05:00,141.3326760215805,142.67286180728954,138.41665519219606,138.63287353515625,26566000,0.0,0.0
2022-01-14 00:00:00-05:00,137.0077282642772,140.69498037584273,137.0077282642772,139.28604125976562,23826000,0.0,0.0
2022-01-18 00:00:00-05:00,136.11093715213462,136.8995920330835,135.13145488380573,135.8025360107422,27382000,0.0,0.0
2022-01-19 00:00:00-05:00,136.4482290027887,137.90399675539874,135.01487217956986,135.16632080078125,20796000,0.0,0.0
2022-01-20 00:00:00-05:00,136.02525848731904,137.4182483640507,132.6678152000163,133.0285186767578,21930000,0.0,0.0
2022-01-21 00:00:00-05:00,132.53577986551807,134.27802445524964,129.53557356128078,129.62623596191406,41920000,0.0,0.0
2022-01-24 00:00:00-05:00,125.57628443579866,130.31028164895292,124.19570122735945,129.9052276611328,55148000,0.0,0.0
2022-01-25 00:00:00-05:00,127.97567170016946,128.87543862547213,125.92553529889075,126.28175354003906,36008000,0.0,0.0
2022-01-26 00:00:00-05:00,130.12494903764392,132.33201520362402,126.698266032751,128.7772979736328,39630000,0.0,0.0
2022-01-27 00:00:00-05:00,130.89069252328375,132.13518337823365,128.483357149345,128.65872192382812,30248000,0.0,0.0
2022-01-28 00:00:00-05:00,129.5345588414588,132.89299004637857,128.23373671541663,132.81228637695312,30518000,0.0,0.0
2022-01-31 00:00:00-05:00,133.71753043934658,135.35714685843277,131.8004229291556,135.21266174316406,34056000,0.0,0.0
2022-02-01 00:00:00-05:00,137.34152532444782,137.7052088088739,134.0864669138802,137.38485717773438,51204000,0.0,0.0
2022-02-02 00:00:00-05:00,151.31979472184477,151.55545919719393,145.03637164264893,147.50650024414062,89750000,0.0,0.0
2022-02-03 00:00:00-05:00,144.7748187620759,148.58384098347807,141.69588510688274,142.13978576660156,56930000,0.0,0.0
2022-02-04 00:00:00-05:00,142.50495555543466,144.01776928929087,139.316917270586,142.50396728515625,49224000,0.0,0.0
2022-02-07 00:00:00-05:00,143.19449740604833,143.3315020922446,138.20243951655232,138.44058227539062,44610000,0.0,0.0
2022-02-08 00:00:00-05:00,138.49362227390085,139.33643434081728,136.3829507108703,138.71456909179688,34256000,0.0,0.0
2022-02-09 00:00:00-05:00,140.3454825058692,141.66649596510112,139.8744272144619,140.9465789794922,28628000,0.0,0.0
2022-02-10 00:00:00-05:00,139.0005709833034,140.9246574968021,137.55576522180007,138.1062774658203,33018000,0.0,0.0
2022-02-11 00:00:00-05:00,138.25325024253885,138.7845900176904,132.81130131928032,133.64979553222656,38808000,0.0,0.0
2022-02-14 00:00:00-05:00,132.88802929114863,135.67901147034578,132.82476477820438,134.81561279296875,26792000,0.0,0.0
2022-02-15 00:00:00-05:00,136.97931786594233,137.40628106413632,135.05424325091025,135.93707275390625,26578000,0.0,0.0
2022-02-16 00:00:00-05:00,135.94203209782992,137.45210905002415,134.34094305707512,136.99525451660156,25610000,0.0,0.0
2022-02-17 00:00:00-05:00,135.66254665465073,136.34957699668786,131.72868331835218,131.83480834960938,30968000,0.0,0.0
2022-02-18 00:00:00-05:00,132.56120286697626,133.3448860526747,129.84052499373334,130.00039672851562,31858000,0.0,0.0
2022-02-22 00:00:00-05:00,129.51961244514993,131.42850964645913,127.28364340375532,128.93919372558594,38906000,0.0,0.0
2022-02-23 00:00:00-05:00,130.60921170544276,131.27729764170886,127.04700656362324,127.12821197509766,26432000,0.0,0.0
2022-02-24 00:00:00-05:00,124.55246702373462,132.5606949977913,124.31781364241006,132.198486328125,43166000,0.0,0.0
2022-02-25 00:00:00-05:00,133.04745820158786,134.9042967165804,131.29326297444084,134.03790283203125,26236000,0.0,0.0
2022-02-28 00:00:00-05:00,132.807311108626,135.15487888700568,132.34971153202522,134.40806579589844,29676000,0.0,0.0
2022-03-01 00:00:00-05:00,133.99853204182602,135.62368947087188,132.90097415946244,133.68765258789062,24640000,0.0,0.0
2022-03-02 00:00:00-05:00,134.12632157754155,135.12996335459587,132.95478026640944,134.26905822753906,23966000,0.0,0.0
2022-03-03 00:00:00-05:00,135.49166940727412,136.22434264767352,132.95328937232006,133.8271484375,19780000,0.0,0.0
2022-03-04 00:00:00-05:00,132.9049719802422,133.71854656188182,129.94160524814606,131.6489715576172,24446000,0.0,0.0
2022-03-07 00:00:00-05:00,131.43175813753683,131.43175813753683,125.95742472609444,126.01172637939453,39178000,0.0,0.0
2022-03-08 00:00:00-05:00,125.79849555692755,130.7766108324504,125.41013572795455,126.82281494140625,35250000,0.0,0.0
2022-03-09 00:00:00-05:00,130.92954432969916,133.71803256204845,129.6222451923781,133.38671875,32258000,0.0,0.0
2022-03-10 00:00:00-05:00,130.99182345374408,133.06039483944383,130.93055069471362,132.20697021484375,24266000,0.0,0.0
2022-03-11 00:00:00-05:00,133.51974714584367,133.7195297958175,129.83000182653996,130.00836181640625,26600000,0.0,0.0
2022-03-14 00:00:00-04:00,130.10551261437493,130.5568936752712,125.96041045385144,126.2872314453125,30254000,0.0,0.0
2022-03-15 00:00:00-04:00,127.28415325372953,130.04995695836078,126.1148546263226,129.1962890625,30292000,0.0,0.0
2022-03-16 00:00:00-04:00,130.53097988127888,133.2920549603963,128.7384248661199,133.21185302734375,32058000,0.0,0.0
2022-03-17 00:00:00-04:00,132.84369209263863,134.25711647000907,132.24384234639126,134.1186065673828,23994000,0.0,0.0
2022-03-18 00:00:00-04:00,133.40465635663375,136.42330506163603,132.45606894796202,136.31170654296875,45900000,0.0,0.0
2022-03-21 00:00:00-04:00,136.35755032225362,137.0899194194668,134.12954818111456,135.9898681640625,26632000,0.0,0.0
2022-03-22 00:00:00-04:00,136.01129657858948,140.993395354362,136.01129657858948,139.7752685546875,29776000,0.0,0.0
2022-03-23 00:00:00-04:00,138.64035039393787,139.5236663876036,137.6718302962994,138.0076141357422,25302000,0.0,0.0
2022-03-24 00:00:00-04:00,138.77387297706383,140.89026142032628,137.5451793229498,140.80606079101562,20544000,0.0,0.0
2022-03-25 00:00:00-04:00,141.24649733376881,141.45126696496231,139.19934837160545,141.01483154296875,19270000,0.0,0.0
2022-03-28 00:00:00-04:00,140.18081554228567,141.4681973448859,139.32754290350204,141.44178771972656,23774000,0.0,0.0
2022-03-29 00:00:00-04:00,142.64794919552057,143.64636063712274,141.97385764763695,142.73712158203125,28678000,0.0,0.0
2022-03-30 00:00:00-04:00,142.35847610724753,142.96679446293496,141.65899362107518,142.1337890625,21046000,0.0,0.0
2022-03-31 00:00:00-04:00,141.93851121282418,142.13380864735274,139.119143017077,139.1495361328125,29516000,0.0,0.0
2022-04-01 00:00:00-04:00,139.50872647121756,140.44536348732726,138.30007184496532,140.19625854492188,23480000,0.0,0.0
2022-04-04 00:00:00-04:00,140.32030047713258,143.52802814664352,140.32030047713258,143.1282196044922,19076000,0.0,0.0
2022-04-05 00:00:00-04:00,142.88610504303082,143.07591376859378,140.4388891634702,140.55796813964844,19256000,0.0,0.0
2022-04-06 00:00:00-04:00,138.6632711093866,139.34780797516663,135.92970009822668,136.68487548828125,23574000,0.0,0.0
2022-04-07 00:00:00-04:00,136.12886200367987,137.20849405417636,134.37442381174793,135.97640991210938,19448000,0.0,0.0
2022-04-08 00:00:00-04:00,135.76220006872748,135.76220006872748,133.27364400839014,133.5307159423828,16434000,0.0,0.0
2022-04-11 00:00:00-04:00,132.42419173166178,132.46325121942095,129.15344236392005,129.33180236816406,24188000,0.0,0.0
2022-04-12 00:00:00-04:00,131.94938611695147,131.94938611695147,127.11924522596668,127.91488647460938,23004000,0.0,0.0
2022-04-13 00:00:00-04:00,128.16599072988734,130.18797676600988,127.97876670347303,129.81954956054688,19542000,0.0,0.0
2022-04-14 00:00:00-04:00,130.18174836291965,130.24227611933225,126.65641326313498,126.79740142822266,23484000,0.0,0.0
2022-04-18 00:00:00-04:00,126.95384646800288,128.2511869538915,126.1252730127569,127.50286865234375,14918000,0.0,0.0
2022-04-19 00:00:00-04:00,127.61843586362754,130.43506682285943,126.99517944489266,130.06365966796875,22720000,0.0,0.0
2022-04-20 00:00:00-04:00,130.8139735581017,131.45117988438113,127.43616426035942,127.7863540649414,22610000,0.0,0.0
2022-04-21 00:00:00-04:00,128.8869045876794,129.840965579761,124.20372706177547,124.49019622802734,30158000,0.0,0.0
2022-04-22 00:00:00-04:00,124.55247930768924,125.00286453941435,118.71396020686073,119.18576049804688,46410000,0.0,0.0
2022-04-25 00:00:00-04:00,119.0019136901976,122.8366383408899,118.34402971544009,122.8087387084961,34522000,0.0,0.0
2022-04-26 00:00:00-04:00,122.31052934488176,122.31052934488176,118.73522564748922,119.07814025878906,49394000,0.0,0.0
2022-04-27 00:00:00-04:00,113.96351511957091,117.0793185272958,112.71923719538479,114.60869598388672,62238000,0.0,0.0
2022-04-28 00:00:00-04:00,116.69570659915392,120.00730949496311,114.73166361252417,118.9839859008789,36790000,0.0,0.0
2022-04-29 00:00:00-04:00,117.15704732652016,118.5340956253253,114.28337001697713,114.55489349365234,33694000,0.0,0.0
2022-05-02 00:00:00-04:00,113.49869043642423,116.91939817312492,112.99350184177412,116.737548828125,30280000,0.0,0.0
2022-05-03 00:00:00-04:00,116.34694918893986,118.87287685400148,116.20944277963883,117.7065658569336,21216000,0.0,0.0
2022-05-04 00:00:00-04:00,117.58102597665066,122.70212141288972,115.32413573355524,122.13615417480469,33232000,0.0,0.0
2022-05-05 00:00:00-04:00,119.79007526736054,120.7992056736397,114.7701182637869,116.3285140991211,43090000,0.0,0.0
2022-05-06 00:00:00-04:00,115.10541663488316,117.07782945606495,113.73434353080717,115.24591827392578,35310000,0.0,0.0
2022-05-09 00:00:00-04:00,112.8978347339143,115.14914477899435,112.14852822794637,112.67912292480469,34520000,0.0,0.0
2022-05-10 00:00:00-04:00,115.62504384419059,116.27321994499016,112.97736120235442,114.17426300048828,31158000,0.0,0.0
2022-05-11 00:00:00-04:00,113.3033946927321,116.25329048226416,113.24311020097875,113.55299377441406,36502000,0.0,0.0
2022-05-12 00:00:00-04:00,111.53723843626837,114.4452846964653,109.71926955329684,112.755859375,41464000,0.0,0.0
2022-05-13 00:00:00-04:00,114.43432373293733,117.66222752104503,113.59185367655148,116.09835052490234,29738000,0.0,0.0
2022-05-16 00:00:00-04:00,114.97090477450485,116.19001989826418,113.9256568170744,114.38152313232422,23282000,0.0,0.0
2022-05-17 00:00:00-04:00,116.80779389439506,116.80779389439506,114.92456122763652,116.28367614746094,21576000,0.0,0.0
2022-05-18 00:00:00-04:00,114.8249277131102,115.28143259540433,111.74050553304814,111.99858093261719,27982000,0.0,0.0
2022-05-19 00:00:00-04:00,111.44058157296826,113.18082673273518,110.07249619948365,110.3489990234375,29192000,0.0,0.0
2022-05-20 00:00:00-04:00,111.68421922806176,112.14705667209653,105.99216933919973,108.92164611816406,37586000,0.0,0.0
2022-05-23 00:00:00-04:00,109.70979490706735,111.60449153557721,108.76345006727804,111.2667007446289,31558000,0.0,0.0
2022-05-24 00:00:00-04:00,105.99665167571507,106.01408324495819,101.8420769922415,105.54676818847656,60386000,0.0,0.0
2022-05-25 00:00:00-04:00,104.76556636684283,106.16324670958697,103.83815066744346,105.4605712890625,37900000,0.0,0.0
2022-05-26 00:00:00-04:00,105.67082003111146,108.56517515117982,105.11033387735397,107.90827941894531,30288000,0.0,0.0
2022-05-27 00:00:00-04:00,109.39542949653581,112.46390246544588,109.15778849075801,112.39515686035156,29924000,0.0,0.0
2022-05-31 00:00:00-04:00,112.6741523596058,116.01664226049525,112.16946550813792,113.6307144165039,51302000,0.0,0.0
2022-06-01 00:00:00-04:00,114.52002078564327,116.97868532399976,113.14396078084317,113.72836303710938,28630000,0.0,0.0
2022-06-02 00:00:00-04:00,113.77918733132432,117.47590386672852,112.90233304444737,117.32444763183594,27472000,0.0,0.0
2022-06-03 00:00:00-04:00,115.57722209680439,115.9478918984923,113.26104327507164,114.15383911132812,25052000,0.0,0.0
2022-06-06 00:00:00-04:00,116.32452975775017,118.97101877702121,116.1110937826461,116.59156799316406,23786000,0.0,0.0
2022-06-07 00:00:00-04:00,115.23395649193232,117.32708267101492,114.71332807292981,116.8097915649414,26414000,0.0,0.0
2022-06-08 00:00:00-04:00,116.45805085333052,118.2212162544869,116.27893826853564,116.81825256347656,22544000,0.0,0.0
2022-06-09 00:00:00-04:00,115.92496481928951,117.92627298642006,114.45574137981701,114.50656127929688,23142000,0.0,0.0
2022-06-10 00:00:00-04:00,112.37746987766197,113.0906589871753,110.46409482929529,111.028564453125,31324000,0.0,0.0
2022-06-13 00:00:00-04:00,107.06131555329432,108.82746864703272,106.20643891991365,106.49385833740234,36756000,0.0,0.0
2022-06-14 00:00:00-04:00,106.50730635592481,108.06919157563813,105.97123052404666,106.81021881103516,25480000,0.0,0.0
2022-06-15 00:00:00-04:00,108.50961063039887,111.66179004593572,107.73165943743341,109.99527740478516,33192000,0.0,0.0
2022-06-16 00:00:00-04:00,107.76229677299612,108.8992105630685,105.41374075172075,106.25421905517578,35314000,0.0,0.0
2022-06-17 00:00:00-04:00,106.1535900100682,108.85836445643078,105.25037928491042,107.47932434082031,43516000,0.0,0.0
2022-06-21 00:00:00-04:00,109.30923793398885,112.26959394416423,108.90219981555238,111.61395263671875,39010000,0.0,0.0
2022-06-22 00:00:00-04:00,110.76501258938546,113.36217943547064,110.3278778126662,111.63288879394531,23922000,0.0,0.0
2022-06-23 00:00:00-04:00,112.54561166454329,112.79123485828705,110.63149162958359,112.28106689453125,24710000,0.0,0.0
2022-06-24 00:00:00-04:00,113.1962725541736,118.21274803381166,113.1962725541736,118.11360931396484,39122000,0.0,0.0
2022-06-27 00:00:00-04:00,118.50918443175061,118.82305909599042,115.58543980577458,116.20496368408203,32840000,0.0,0.0
2022-06-28 00:00:00-04:00,115.93444400214202,117.43455487826039,112.04143395578056,112.1684799194336,28232000,0.0,0.0
2022-06-29 00:00:00-04:00,111.74697633620637,113.25754748739476,111.15460711931249,111.8545913696289,18628000,0.0,0.0
2022-06-30 00:00:00-04:00,110.10389057861049,110.93122495348199,106.9258105937485,108.98092651367188,38046000,0.0,0.0
2022-07-01 00:00:00-04:00,107.94912823040424,109.41322035377777,106.72154440726422,108.69046783447266,31028000,0.0,0.0
2022-07-05 00:00:00-04:00,107.12957333184349,113.64425880738834,105.86909537001831,113.47925567626953,36398000,0.0,0.0
2022-07-06 00:00:00-04:00,113.68351969008535,115.93542274689425,111.84861347475054,114.8010025024414,28852000,0.0,0.0
2022-07-07 00:00:00-04:00,115.59266401968128,119.43286197448735,115.12035443554873,118.87885284423828,32184000,0.0,0.0
2022-07-08 00:00:00-04:00,117.12914119611416,120.00380661651754,117.09326698452465,119.73826599121094,29082000,0.0,0.0
2022-07-11 00:00:00-04:00,118.2252093223456,118.36919271145733,115.81835288571834,116.1053237915039,26718000,0.0,0.0
2022-07-12 00:00:00-04:00,116.42019371104023,117.42757569221024,114.20465122337698,114.43831634521484,24970000,0.0,0.0
2022-07-13 00:00:00-04:00,112.2357322107201,114.74471507098775,111.42265175107768,111.78534698486328,38958000,0.0,0.0
2022-07-14 00:00:00-04:00,110.42921548566031,111.58656369475668,108.93409167323391,111.04102325439453,32366000,0.0,0.0
2022-07-15 00:00:00-04:00,112.55857105646754,113.59236271501223,111.42215891965498,112.36327362060547,34330000,0.0,0.0
2022-07-18 00:00:00-04:00,113.03386301029207,114.38899452806326,108.90868570245549,109.5165023803711,33354000,0.0,20.0
2022-07-19 00:00:00-04:00,111.32998044475059,114.39894745395539,110.10438082459362,114.20963287353516,30992300,0.0,0.0
2022-07-20 00:00:00-04:00,113.65163674179546,115.91351388100477,112.85450548558248,114.28934478759766,26780100,0.0,0.0
2022-07-21 00:00:00-04:00,114.67794447761882,114.79751758342807,111.50933699550689,114.62812805175781,27267800,0.0,0.0
2022-07-22 00:00:00-04:00,111.40969103268355,112.77478884185437,107.21476475157722,107.9720458984375,44455300,0.0,0.0
2022-07-25 00:00:00-04:00,108.49017782700034,110.18409593488983,106.62687779102495,107.82257843017578,28289900,0.0,0.0
2022-07-26 00:00:00-04:00,107.04538093083389,107.35426864053352,104.38494185173607,105.06250762939453,36626600,0.0,0.0
2022-07-27 00:00:00-04:00,109.20761140654551,113.99042961206194,108.03183570781071,113.19329071044922,41474600,0.0,0.0
2022-07-28 00:00:00-04:00,112.39615615870369,114.28934769161397,111.4505486626162,114.17974090576172,23303800,0.0,0.0
2022-07-29 00:00:00-04:00,112.99399904975834,116.48146810930595,112.82460951993647,116.22239685058594,31336200,0.0,0.0
2022-08-01 00:00:00-04:00,115.11637526533917,116.70068665896291,114.27938630423952,115.06655883789062,22856200,0.0,0.0
2022-08-02 00:00:00-04:00,114.02030819063229,116.66082195346142,113.85091866373118,115.48504638671875,17911000,0.0,0.0
2022-08-03 00:00:00-04:00,115.92346971286592,118.992444358016,115.73415513035661,118.354736328125,25302800,0.0,0.0
2022-08-04 00:00:00-04:00,117.87646090051038,119.07216157423153,117.28856928777384,118.44441986083984,15757700,0.0,0.0
2022-08-05 00:00:00-04:00,116.51136289702407,118.43445333883389,116.29214933338572,117.79674530029297,15615700,0.0,0.0
2022-08-08 00:00:00-04:00,118.69352812537703,120.42729643145064,117.408145683986,117.71703338623047,17061100,0.0,0.0
2022-08-09 00:00:00-04:00,117.56756637299166,117.77681361215606,116.14268579975644,117.0793228149414,15424300,0.0,0.0
2022-08-10 00:00:00-04:00,119.16183795844974,121.34399971146233,118.93266566598884,120.21804809570312,20497000,0.0,0.0
2022-08-11 00:00:00-04:00,121.64292486191498,121.90198852332713,119.1219841116302,119.3910140991211,16671600,0.0,0.0
2022-08-12 00:00:00-04:00,120.72622832915938,122.21089172363281,119.96894714183715,122.21089172363281,16121100,0.0,0.0
2022-08-15 00:00:00-04:00,121.77245644078141,122.81870021658315,121.13474841048986,122.44005584716797,15525000,0.0,0.0
2022-08-16 00:00:00-04:00,121.88206605551868,122.78681234898862,121.0998804885519,122.0713882446289,15626200,0.0,0.0
2022-08-17 00:00:00-04:00,120.49704550082703,121.7126788608795,119.76965570926,119.88922882080078,17589200,0.0,0.0
2022-08-18 00:00:00-04:00,119.79955775254753,121.25432977080732,119.1219919739805,120.42729949951172,15652000,0.0,0.0
2022-08-19 00:00:00-04:00,119.44083999689695,119.57037182963043,117.24871195210602,117.69710540771484,20187000,0.0,0.0
2022-08-22 00:00:00-04:00,115.68433884061942,116.08290828648255,114.25945820306266,114.65802764892578,19316000,0.0,0.0
2022-08-23 00:00:00-04:00,113.91070686044165,115.51494328504332,113.8907818101214,114.35909271240234,14390700,0.0,0.0
2022-08-24 00:00:00-04:00,114.04023984464119,115.30270959475833,113.37264042201694,114.28934478759766,16051200,0.0,0.0
2022-08-25 00:00:00-04:00,114.7377367757517,117.35831800532122,114.63809632026195,117.27860260009766,14874700,0.0,0.0
2022-08-26 00:00:00-04:00,115.39536731602526,116.18253982055062,110.82180437192696,110.90151977539062,31698700,0.0,0.0
2022-08-29 00:00:00-04:00,110.38338105050332,111.55915668474417,109.41685265599014,109.94495391845703,20386100,0.0,0.0
2022-08-30 00:00:00-04:00,110.63248767589114,110.97127435637377,108.41047580921841,109.5165023803711,20548200,0.0,0.0
2022-08-31 00:00:00-04:00,111.23034081316969,111.36983897860348,108.65958347726126,108.75922393798828,25898000,0.0,0.0
2022-09-01 00:00:00-04:00,108.80903259130379,110.82180472371466,107.80265412717766,110.15420532226562,22784400,0.0,0.0
2022-09-02 00:00:00-04:00,110.94138164209336,111.27518897924301,107.74287485913545,108.29090881347656,20618100,0.0,0.0
2022-09-06 00:00:00-04:00,107.74785331408067,108.49018117296671,106.12867119750015,107.09519958496094,20565100,0.0,0.0
2022-09-07 00:00:00-04:00,107.37419445934216,110.59262599679866,107.22970933833248,110.08445739746094,22987200,0.0,0.0
2022-09-08 00:00:00-04:00,108.78911302682044,110.18410225388442,107.67312012475332,109.02825164794922,21660700,0.0,0.0
2022-09-09 00:00:00-04:00,109.65599697185243,111.59901245137951,109.60617294331915,111.37979888916016,21732900,0.0,0.0
2022-09-12 00:00:00-04:00,111.58904792896041,112.2367222999648,110.5328454052816,111.469482421875,19732900,0.0,0.0
2022-09-13 00:00:00-04:00,108.50014500815197,108.97842982882987,104.62407282315569,104.9329605102539,33015000,0.0,0.0
2022-09-14 00:00:00-04:00,105.06250597946553,105.72013909334997,104.12586893627275,105.490966796875,22115800,0.0,0.0
2022-09-15 00:00:00-04:00,104.63404168438555,105.8297423619326,102.94012352210113,103.52801513671875,26494900,0.0,0.0
2022-09-16 00:00:00-04:00,102.6013466909782,103.6575492326074,101.49034075697695,103.25897979736328,64540100,0.0,0.0
2022-09-19 00:00:00-04:00,102.17288767902967,103.64758473271766,102.00349813674168,103.47819519042969,19738600,0.0,0.0
2022-09-20 00:00:00-04:00,102.51165974597612,102.80062238178697,100.75796648337682,101.46542358398438,24001700,0.0,0.0
2022-09-21 00:00:00-04:00,101.87395113430175,103.11947579762926,99.63200674031224,99.65193939208984,26596800,0.0,0.0
2022-09-22 00:00:00-04:00,99.09394514695363,101.31596462518958,99.0540950451547,100.2099380493164,21272700,0.0,0.0
2022-09-23 00:00:00-04:00,99.70176204314346,99.75158607361946,97.65910602898245,98.81494903564453,25657000,0.0,0.0
2022-09-26 00:00:00-04:00,98.2569568742305,100.08040692879655,98.02777697580973,98.45623779296875,22437900,0.0,0.0
2022-09-27 00:00:00-04:00,99.55230665598636,100.10033298908179,96.99150045169445,97.73881530761719,24225000,0.0,0.0
2022-09-28 00:00:00-04:00,97.66906286609841,101.03696656629188,97.44985690164711,100.37932586669922,24617000,0.0,0.0
2022-09-29 00:00:00-04:00,98.9444899650028,98.9444899650028,96.17443651330211,97.73881530761719,21921500,0.0,0.0
2022-09-30 00:00:00-04:00,97.3801083195103,99.13779274836097,95.68619013443349,95.8057632446289,26277800,0.0,0.0
2022-10-03 00:00:00-04:00,96.87193353062078,99.61208796246908,96.67264501069306,98.94448852539062,24840000,0.0,0.0
2022-10-04 00:00:00-04:00,100.67825995316747,102.35224556196901,100.67825995316747,102.0433578491211,22580900,0.0,0.0
2022-10-05 00:00:00-04:00,100.32950581222886,102.3721617130739,99.38290250025544,101.8540267944336,18475500,0.0,0.0
2022-10-06 00:00:00-04:00,101.13660627450554,103.35862569816089,101.13660627450554,101.87395477294922,17156200,0.0,0.0
2022-10-07 00:00:00-04:00,100.28965141189032,101.05689129018879,98.85480450983864,99.21351623535156,24249900,0.0,0.0
2022-10-10 00:00:00-04:00,99.49250815081375,99.63200630432966,97.51960134990065,98.3565902709961,16529900,0.0,0.0
2022-10-11 00:00:00-04:00,97.89824790434817,99.76155571571407,96.90182807834972,97.69896697998047,21617700,0.0,0.0
2022-10-12 00:00:00-04:00,97.91816010542799,99.29123240548611,97.32030980870523,97.94805908203125,17343400,0.0,0.0
2022-10-13 00:00:00-04:00,95.5865539968946,100.17008366575132,94.92891326421795,99.35301971435547,32812200,0.0,0.0
2022-10-14 00:00:00-04:00,100.26474295307499,100.92736303614488,96.6826125350895,96.83207702636719,22624800,0.0,0.0
2022-10-17 00:00:00-04:00,99.16369080220836,101.4056352538867,99.15373207814254,100.41918182373047,23311600,0.0,0.0
2022-10-18 00:00:00-04:00,103.56787389553924,103.84687021633951,100.28965192197685,101.0270004272461,21610500,0.0,0.0
2022-10-19 00:00:00-04:00,100.3394668695409,101.29503305522745,99.27828499372607,99.93093872070312,21573700,0.0,0.0
2022-10-20 00:00:00-04:00,100.45904474888468,102.63124023463291,99.61208943241289,100.17008209228516,25125100,0.0,0.0
2022-10-21 00:00:00-04:00,98.10748452495245,101.25617448292422,97.87831224696995,101.1166763305664,28988700,0.0,0.0
2022-10-24 00:00:00-04:00,101.72448701612629,102.73087307625688,99.94090238172672,102.6013412475586,24680800,0.0,0.0
2022-10-25 00:00:00-04:00,102.93016739673408,104.72371845833838,102.65116346965458,104.55432891845703,29910200,0.0,0.0
2022-10-26 00:00:00-04:00,96.41357115404482,98.18719698262046,94.23140960432951,94.48051452636719,71504300,0.0,0.0
2022-10-27 00:00:00-04:00,93.97234768783527,94.82926931289944,91.5709799540287,92.26847076416016,54036500,0.0,0.0
2022-10-28 00:00:00-04:00,92.19871933628254,96.51321872906027,91.99245971580538,96.23422241210938,35696900,0.0,0.0
2022-10-31 00:00:00-04:00,95.43708359583718,96.00504255614048,94.04209440850713,94.32109832763672,29868700,0.0,0.0
2022-11-01 00:00:00-04:00,95.24776011476685,95.82070603142994,90.10623816533712,90.17598724365234,43220600,0.0,0.0
2022-11-02 00:00:00-04:00,90.58452618620522,90.97312929368631,86.69848750931467,86.75827026367188,43553600,0.0,0.0
2022-11-03 00:00:00-04:00,86.0358597594591,86.24012762138165,83.15122048599571,83.19107818603516,48510400,0.0,0.0
2022-11-04 00:00:00-04:00,85.20385309508659,86.41948637993916,83.57968407263506,86.38958740234375,40173300,0.0,0.0
2022-11-07 00:00:00-05:00,87.02730357754852,88.62158137391907,86.64866678205448,88.3326187133789,26899900,0.0,0.0
2022-11-08 00:00:00-05:00,88.84078736824321,90.08132507503518,87.33619143732746,88.59168243408203,30172000,0.0,0.0
2022-11-09 00:00:00-05:00,88.22798683188337,89.16960321174938,87.04723183546967,87.08708953857422,26743900,0.0,0.0
2022-11-10 00:00:00-05:00,92.00939759785734,94.21149197184967,91.32187312832481,93.83284759521484,42371200,0.0,0.0
2022-11-11 00:00:00-05:00,94.37091764221171,97.01143161294254,93.82289131754513,96.3836898803711,30569100,0.0,0.0
2022-11-14 00:00:00-05:00,95.15808649094245,96.83207198146314,94.77247101232672,95.68618774414062,24170100,0.0,0.0
2022-11-15 00:00:00-05:00,98.31673785982079,100.06047247467393,96.67264370254333,98.36656188964844,31831000,0.0,0.0
2022-11-16 00:00:00-05:00,97.66906121915558,99.49251119864597,97.55148745848153,98.63558959960938,24660200,0.0,0.0
2022-11-17 00:00:00-05:00,96.8320802427878,99.12384891295734,96.75236483118118,98.14735412597656,21818700,0.0,0.0
2022-11-18 00:00:00-05:00,98.65552666660223,98.80499115723032,96.39364946022732,97.44985961914062,24969900,0.0,0.0
2022-11-21 00:00:00-05:00,97.21070989625437,98.36656047331267,95.32747714749516,95.48690795898438,18696900,0.0,0.0
2022-11-22 00:00:00-05:00,95.81572757293841,97.19875108141898,94.0719929965356,96.98153686523438,18868900,0.0,0.0
2022-11-23 00:00:00-05:00,96.99149717149757,98.71431085335176,96.99149717149757,98.46620178222656,17568900,0.0,0.0
2022-11-25 00:00:00-05:00,98.11246551703016,98.58577097262202,97.18081549785745,97.25056457519531,8567800,0.0,0.0
2022-11-28 00:00:00-05:00,96.852006585284,97.47975595745125,95.54669901167176,95.90541076660156,19974500,0.0,0.0
2022-11-29 00:00:00-05:00,95.65629738394271,96.04490048389862,94.05206095506648,95.09830474853516,20220000,0.0,0.0
2022-11-30 00:00:00-05:00,94.77946004124199,101.0867919921875,94.33106654194692,101.0867919921875,39888100,0.0,0.0
2022-12-01 00:00:00-05:00,101.03696965865385,102.22270405614789,100.30957985672775,100.91739654541016,21771500,0.0,0.0
2022-12-02 00:00:00-05:00,99.01423741610303,100.78786342860444,98.81494889655923,100.46900939941406,18821500,0.0,0.0
2022-12-05 00:00:00-05:00,99.45764015194175,101.38570994275777,98.99928797747218,99.51244354248047,19955500,0.0,0.0
2022-12-06 00:00:00-05:00,99.31315242255947,99.85121998769762,96.41357496840739,96.96160125732422,20877600,0.0,0.0
2022-12-07 00:00:00-05:00,96.4235365722129,96.96160415342233,94.68478896099741,94.80934143066406,26647900,0.0,0.0
2022-12-08 00:00:00-05:00,95.34740803565396,95.52676389422075,93.46417532174225,93.61363220214844,25593200,0.0,0.0
2022-12-09 00:00:00-05:00,93.5638161062083,94.15170011009215,92.68696186030775,92.73678588867188,21885300,0.0,0.0
2022-12-12 00:00:00-05:00,92.75671049480377,93.53890364431625,91.57097616662267,93.22502899169922,27380900,0.0,0.0
2022-12-13 00:00:00-05:00,97.71888129511437,99.44269074961022,95.03850982500802,95.50682830810547,34788500,0.0,0.0
2022-12-14 00:00:00-05:00,95.19793750158102,96.871922874432,93.60366752793222,94.96875762939453,26452900,0.0,0.0
2022-12-15 00:00:00-05:00,93.20510801071543,93.69335157892858,90.10624185758189,90.87348175048828,28298800,0.0,0.0
2022-12-16 00:00:00-05:00,90.87347755005923,91.42151144971763,89.687743224921,90.53469848632812,48485500,0.0,0.0
2022-12-19 00:00:00-05:00,90.55462000788403,90.87347400923971,88.60662526317364,88.83081817626953,23020500,0.0,0.0
2022-12-20 00:00:00-05:00,88.4123331712351,89.45856941149329,87.72480106900841,89.3091049194336,21976800,0.0,0.0
2022-12-21 00:00:00-05:00,89.40874497244687,90.58949990998798,88.5916811047416,89.9268798828125,20336400,0.0,0.0
2022-12-22 00:00:00-05:00,88.6116149582947,88.86071991346789,86.62874164369838,87.94401550292969,23656100,0.0,0.0
2022-12-23 00:00:00-05:00,87.30630260857548,89.77741937038071,87.30630260857548,89.48845672607422,17815000,0.0,0.0
2022-12-27 00:00:00-05:00,88.99025286094808,89.17957506190152,87.22161373887047,87.61519622802734,15470900,0.0,0.0
2022-12-28 00:00:00-05:00,87.18672912428298,88.20307393601679,86.06077753062657,86.15045166015625,17879600,0.0,0.0
2022-12-29 00:00:00-05:00,86.7184141948217,89.04505352139834,86.67855649047233,88.63153839111328,18280700,0.0,0.0
2022-12-30 00:00:00-05:00,87.05221215111922,88.5119710852544,86.71841243630188,88.4123306274414,19190300,0.0,0.0
2023-01-03 00:00:00-05:00,89.5083922833158,91.22223555229428,88.7012870774812,89.37885284423828,20738500,0.0,0.0
2023-01-04 00:00:00-05:00,90.68417131021438,90.91334361509522,87.48566455217458,88.39240264892578,27046500,0.0,0.0
2023-01-05 00:00:00-05:00,87.75468399750275,87.89418214943886,86.25008809924427,86.45933532714844,23136100,0.0,0.0
2023-01-06 00:00:00-05:00,87.04722158747727,88.15324801165816,85.26362949444754,87.8443603515625,26612600,0.0,0.0
2023-01-09 00:00:00-05:00,88.87565335286251,90.50480166373178,88.2628573761806,88.48207092285156,22996700,0.0,0.0
2023-01-10 00:00:00-05:00,86.40952713289246,89.15466097248276,86.38959447952928,88.92050170898438,22855600,0.0,0.0
2023-01-11 00:00:00-05:00,89.73756695442677,92.1190097266196,89.41871291469619,91.92969512939453,25998800,0.0,0.0
2023-01-12 00:00:00-05:00,92.06918378150564,92.28839733655519,90.24573386677076,91.58094024658203,22754200,0.0,0.0
2023-01-13 00:00:00-05:00,91.20030906220076,92.64711404232881,90.604450462352,92.46775817871094,18630700,0.0,0.0
2023-01-17 00:00:00-05:00,92.44782298573499,92.63714517048481,90.51476624231283,91.83004760742188,22935800,0.0,0.0
2023-01-18 00:00:00-05:00,92.60725900776063,93.25293405372786,91.07277159749462,91.45140838623047,19641600,0.0,0.0
2023-01-19 00:00:00-05:00,91.06280180701502,94.06202743127182,91.0528354807727,93.57378387451172,28707700,0.0,0.0
2023-01-20 00:00:00-05:00,95.60648065356553,99.0640587163763,95.56663054977666,98.924560546875,53704800,0.0,0.0
2023-01-23 00:00:00-05:00,98.77508610714074,101.03696317451022,98.39644934262148,100.84764099121094,31791800,0.0,0.0
2023-01-24 00:00:00-05:00,99.1935916693503,100.7280714334421,98.3466287787038,98.85480499267578,27391400,0.0,0.0
2023-01-25 00:00:00-05:00,96.8520007971328,97.37014334643472,94.92094331384368,96.3836898803711,31000900,0.0,0.0
2023-01-26 00:00:00-05:00,97.92813081004243,98.85480147212854,96.47335890220131,98.80498504638672,24542100,0.0,0.0
2023-01-27 00:00:00-05:00,98.69538103752446,101.21632183362618,98.61566563160451,100.34943389892578,29020400,0.0,0.0
2023-01-30 00:00:00-05:00,98.39147131034075,99.05308788428029,97.17085103046311,97.59931182861328,24365100,0.0,0.0
2023-01-31 00:00:00-05:00,97.5096377088865,99.55230124487949,97.43988863020807,99.51244354248047,22306800,0.0,0.0
2023-02-01 00:00:00-05:00,99.38290456015447,101.82413752913631,98.06763078333599,101.06685638427734,26392600,0.0,0.0
2023-02-02 00:00:00-05:00,106.40767076900347,108.43040173554562,106.15856582037357,108.41047668457031,46622600,0.0,0.0
2023-02-03 00:00:00-05:00,103.13941529603834,107.63326310613888,102.9301680509585,104.84329223632812,36823400,0.0,0.0
2023-02-06 00:00:00-05:00,102.31735522054565,104.3251403227676,101.84405737995182,103.09954833984375,25573000,0.0,0.0
2023-02-07 00:00:00-05:00,103.25898318792233,108.28093999190541,103.17727603290001,107.6531982421875,33738800,0.0,0.0
2023-02-08 00:00:00-05:00,102.32234697383362,103.20915994675248,98.10250870735733,99.64197540283203,73546000,0.0,0.0
2023-02-09 00:00:00-05:00,100.180039075207,100.24978815118558,93.5239550738038,95.11822509765625,97798600,0.0,0.0
2023-02-10 00:00:00-05:00,95.39722475622646,96.67264082015859,94.19155777072564,94.52037811279297,49325300,0.0,0.0
2023-02-13 00:00:00-05:00,94.66984791844152,95.00862700356122,93.71328581671084,94.65988159179688,43116600,0.0,0.0
2023-02-14 00:00:00-05:00,94.32109897296262,94.83425454577915,92.31829310889367,94.61005401611328,42513100,0.0,0.0
2023-02-15 00:00:00-05:00,94.40080623367429,96.99149609748751,94.02216946042019,96.75235748291016,36964500,0.0,0.0
2023-02-16 00:00:00-05:00,95.1979417770332,97.52956029282052,94.62998283584812,95.43708038330078,35642100,0.0,0.0
2023-02-17 00:00:00-05:00,94.72962760987137,95.40719336027296,93.11542483924657,94.2513427734375,31095100,0.0,0.0
2023-02-21 00:00:00-05:00,92.9061858215663,93.08056233828081,91.6706273210391,91.72045135498047,28367200,0.0,0.0
2023-02-22 00:00:00-05:00,91.60485932602917,92.02933666968691,90.54467324249123,91.47134399414062,29891100,0.0,0.0
2023-02-23 00:00:00-05:00,91.8001447157316,91.8001447157316,89.68773980575277,90.74394226074219,32423700,0.0,0.0
2023-02-24 00:00:00-05:00,89.3091019121613,89.80731180086434,88.5418620284736,89.03010559082031,31295600,0.0,0.0
2023-02-27 00:00:00-05:00,89.76745371763114,90.12616544414568,89.2891764836648,89.77742004394531,22724300,0.0,0.0
2023-02-28 00:00:00-05:00,89.21942631155919,91.12258410197441,89.19949365917482,89.9767074584961,30546900,0.0,0.0
2023-03-01 00:00:00-05:00,89.83720585037035,90.87347567218028,89.5283105669101,90.18595123291016,26323900,0.0,0.0
2023-03-02 00:00:00-05:00,89.53828202646184,92.14890458644591,89.44860029319295,91.97950744628906,23328600,0.0,0.0
2023-03-03 00:00:00-05:00,92.4079640826605,93.77306185617206,92.32825628145167,93.68338012695312,30242500,0.0,0.0
2023-03-06 00:00:00-05:00,94.02216729869981,95.95522402746137,93.96238454694985,95.23780059814453,28288200,0.0,0.0
2023-03-07 00:00:00-05:00,95.07837230345146,95.7459717225672,93.50801833948827,93.83284759521484,24101500,0.0,0.0
2023-03-08 00:00:00-05:00,94.06701636351684,95.89544590790642,94.06701636351684,94.31114196777344,25395200,0.0,0.0
2023-03-09 00:00:00-05:00,94.15170478575997,95.57658540402996,92.02435398597854,92.32826232910156,24438900,0.0,0.0
2023-03-10 00:00:00-05:00,92.16882153814659,92.84638723299666,90.47491110206089,90.68415832519531,32850100,0.0,0.0
2023-03-13 00:00:00-04:00,90.24076717997009,92.74676252321393,89.61800476659775,91.33184814453125,31508600,0.0,0.0
2023-03-14 00:00:00-04:00,92.73678392433533,94.49048477691038,92.4478212905188,93.91255950927734,32303900,0.0,0.0
2023-03-15 00:00:00-04:00,93.20510485138759,96.90182123242651,92.70689497358592,96.20433044433594,38367300,0.0,0.0
2023-03-16 00:00:00-04:00,96.22425620813385,101.604924448711,95.52676541487067,100.70814514160156,54499500,0.0,0.0
2023-03-17 00:00:00-04:00,100.47895987026916,103.11947362120915,100.38928574540026,102.0931625366211,76140300,0.0,0.0
2023-03-20 00:00:00-04:00,100.69817557391525,102.2127378220751,100.42914559148224,101.5650634765625,26033900,0.0,0.0
2023-03-21 00:00:00-04:00,101.61488644303732,105.5806326735228,101.49531333982702,105.4610595703125,33122800,0.0,0.0
2023-03-22 00:00:00-04:00,104.76356709637714,107.12508453219131,103.83689646734415,103.84686279296875,32336900,0.0,0.0
2023-03-23 00:00:00-04:00,105.51089194481666,106.71755486222804,105.03261469829418,105.87957000732422,31385800,0.0,0.0
2023-03-24 00:00:00-04:00,105.36142855772651,105.77993065541547,104.36500874794488,105.68028259277344,25236200,0.0,0.0
2023-03-27 00:00:00-04:00,104.94292791771856,105.02264332233293,102.26255635367596,102.6910171508789,25393400,0.0,0.0
2023-03-28 00:00:00-04:00,102.63123627352553,102.63123627352553,99.92097328375601,100.99710845947266,24913500,0.0,0.0
2023-03-29 00:00:00-04:00,102.35224307008244,102.45188352966429,100.66829117545393,101.5351791381836,26148300,0.0,0.0
2023-03-30 00:00:00-04:00,101.0768256136155,101.24621515288571,99.93094133828934,100.9572525024414,25009800,0.0,0.0
2023-03-31 00:00:00-04:00,101.345852866883,103.81697721634275,101.07682287662577,103.62765502929688,28108000,0.0,0.0
2023-04-03 00:00:00-04:00,102.30242266478734,104.57425867291713,102.01346000030347,104.53440856933594,20719900,0.0,0.0
2023-04-04 00:00:00-04:00,104.46464841338768,105.72013949273887,104.22550978944261,104.74365234375,20377200,0.0,0.0
2023-04-05 00:00:00-04:00,105.74007386204487,106.15856836126058,103.72929331671239,104.57425689697266,21864200,0.0,0.0
2023-04-06 00:00:00-04:00,105.39131777125203,109.23749876618596,104.43974265003388,108.51011657714844,34684200,0.0,0.0
2023-04-10 00:00:00-04:00,107.00552003328774,107.58344533271044,105.22192770704989,106.56709289550781,19741500,0.0,0.0
2023-04-11 00:00:00-04:00,106.53720545339087,106.83613444056934,104.9030775548631,105.74007415771484,18721300,0.0,0.0
2023-04-12 00:00:00-04:00,107.00552137089942,107.20181467208765,104.59418728712646,104.84329223632812,22761600,0.0,0.0
2023-04-13 00:00:00-04:00,106.08881484868323,107.87738652348035,106.05892347171296,107.80265808105469,21650700,0.0,0.0
2023-04-14 00:00:00-04:00,107.30444794902304,109.18768071466963,107.20479988990895,109.06810760498047,20758700,0.0,0.0
2023-04-17 00:00:00-04:00,105.0525327985511,106.32794884099599,104.94292601970857,106.03898620605469,29043400,0.0,0.0
2023-04-18 00:00:00-04:00,106.61691883513258,106.66674286607437,104.40486565792136,104.74365234375,17641400,0.0,0.0
2023-04-19 00:00:00-04:00,103.84187900187301,105.34647492983932,103.42837150180581,104.64399719238281,16732000,0.0,0.0
2023-04-20 00:00:00-04:00,104.27533400964097,106.50532049712349,104.26536768301857,105.52085876464844,22515300,0.0,0.0
2023-04-21 00:00:00-04:00,105.71017101665839,106.25820493755539,105.10734130575133,105.53082275390625,22379000,0.0,0.0
2023-04-24 00:00:00-04:00,105.67031530370814,106.93576501465233,104.982783258017,106.39769744873047,21410900,0.0,0.0
2023-04-25 00:00:00-04:00,106.22830541447335,107.0553355945603,104.18564197730997,104.23546600341797,31408100,0.0,0.0
2023-04-26 00:00:00-04:00,105.18206873070585,106.63684068600577,102.90026653990267,104.07604217529297,37068200,0.0,0.0
2023-04-27 00:00:00-04:00,104.85325992270691,108.75922375234576,104.04615470741204,107.98201751708984,38235200,0.0,0.0
2023-04-28 00:00:00-04:00,107.41405556479232,107.90229912950076,105.66035461949231,107.83255004882812,23957900,0.0,0.0
2023-05-01 00:00:00-04:00,107.33433766406364,108.29089972052763,107.11512410073408,107.32437133789062,20926300,0.0,0.0
2023-05-02 00:00:00-04:00,107.27456394846118,107.34431303338933,104.1258735955216,105.60057830810547,20343100,0.0,0.0
2023-05-03 00:00:00-04:00,105.83971461941437,107.7428725247388,105.24186424713736,105.74007415771484,17116300,0.0,0.0
2023-05-04 00:00:00-04:00,105.77992393810436,105.91942209444889,104.32514441837536,104.83332061767578,19780600,0.0,0.0
2023-05-05 00:00:00-04:00,104.94293205845698,106.05892496085364,104.3640108828777,105.83472442626953,20705300,0.0,0.0
2023-05-08 00:00:00-04:00,105.41622444069306,108.03182625501442,105.41124507874765,107.85247039794922,17266000,0.0,0.0
2023-05-09 00:00:00-04:00,108.39054735366113,110.19905176881008,107.33932413413996,107.55355834960938,24782400,0.0,0.0
2023-05-10 00:00:00-04:00,108.16137202452967,113.10361330628417,108.09162294281039,111.87801361083984,47533500,0.0,0.0
2023-05-11 00:00:00-04:00,115.44519076706986,118.01595550033782,114.51852011215136,116.4814682006836,57115100,0.0,0.0
2023-05-12 00:00:00-04:00,116.58111362505589,117.8366046696003,116.13272776732981,117.49781799316406,31272500,0.0,0.0
2023-05-15 00:00:00-04:00,116.07294123979666,118.36968920002299,116.06298251521976,116.541259765625,22107900,0.0,0.0
2023-05-16 00:00:00-04:00,116.41172638282777,120.7660760182234,116.41172638282777,119.66004943847656,32370100,0.0,0.0
2023-05-17 00:00:00-04:00,119.74972574825769,121.84220570090527,119.03230231258894,121.04507446289062,26659600,0.0,0.0
2023-05-18 00:00:00-04:00,121.12477707677672,123.45640314282339,121.0550280014122,123.0777587890625,27014500,0.0,0.0
2023-05-19 00:00:00-04:00,123.75533446501166,126.02617448987581,122.28063743788763,122.8087387084961,30251300,0.0,0.0
2023-05-22 00:00:00-04:00,123.06780606981572,126.59513291479917,123.00801571510112,125.41935729980469,29760200,0.0,0.0
2023-05-23 00:00:00-04:00,124.48273021516478,124.97097380543636,122.60946366324927,122.84860229492188,24477900,0.0,0.0
2023-05-24 00:00:00-04:00,121.44363690343802,122.31052482632842,120.31768531795646,121.20449829101562,23087900,0.0,0.0
2023-05-25 00:00:00-04:00,124.76172204985998,125.52896955181998,122.4599947481395,123.90480041503906,33812700,0.0,0.0
2023-05-26 00:00:00-04:00,123.6208232628772,125.54889311737134,122.84859640781076,124.9809341430664,25154700,0.0,0.0
2023-05-30 00:00:00-04:00,125.83785792953582,125.92753206287622,122.45002907632411,124.19376373291016,27230700,0.0,0.0
2023-05-31 00:00:00-04:00,123.25712696739981,124.45283529590621,122.65927660418652,122.92831420898438,41548800,0.0,0.0
2023-06-01 00:00:00-04:00,123.05784046486733,124.59232780882452,122.8585595535293,123.92472839355469,25017700,0.0,0.0
2023-06-02 00:00:00-04:00,124.04429065129847,126.2912220185059,123.90479249659886,124.78164672851562,19362400,0.0,0.0
2023-06-05 00:00:00-04:00,124.16386359609469,127.53175955848104,123.93468371248129,126.17662811279297,22672500,0.0,0.0
2023-06-06 00:00:00-04:00,126.1467418119909,128.41858528144934,125.5190000913982,127.45205688476562,19450100,0.0,0.0
2023-06-07 00:00:00-04:00,127.11825543137033,129.08619065653886,122.1909597280458,122.4998550415039,34179300,0.0,0.0
2023-06-08 00:00:00-04:00,122.14611730406055,123.28702220451487,121.573178973808,122.2308120727539,24815000,0.0,0.0
2023-06-09 00:00:00-04:00,122.12120419017292,123.84003436962045,121.9817060309829,122.43009948730469,20304500,0.0,0.0
2023-06-12 00:00:00-04:00,122.95321768303401,124.30336985482921,121.91196081816805,123.90480041503906,22255700,0.0,0.0
2023-06-13 00:00:00-04:00,125.20014566526488,125.40939290478947,123.40160767569462,123.98451232910156,19287700,0.0,0.0
2023-06-14 00:00:00-04:00,123.35676708073056,124.34322049657081,121.72263931227789,123.93468475341797,24659600,0.0,0.0
2023-06-15 00:00:00-04:00,123.43647243812136,125.70831579027652,122.69912397234283,125.33963775634766,24517100,0.0,0.0
2023-06-16 00:00:00-04:00,126.24637695099157,126.24637695099157,123.34679948516035,123.61582946777344,56686800,0.0,0.0
2023-06-20 00:00:00-04:00,123.09271863853168,124.72684643594135,122.39024088358681,123.40658569335938,22698000,0.0,0.0
2023-06-21 00:00:00-04:00,122.79379427765657,122.96817078294386,120.42729726004761,120.82586669921875,22612000,0.0,0.0
2023-06-22 00:00:00-04:00,120.22800727725637,123.49127578437593,119.1717972027708,123.426513671875,20781900,0.0,0.0
2023-06-23 00:00:00-04:00,121.60307218829777,122.99806141591192,121.42371632186054,122.57955932617188,29542900,0.0,0.0
2023-06-26 00:00:00-04:00,121.0311280700037,122.28063628128477,118.56398716720196,118.66362762451172,23185000,0.0,0.0
2023-06-27 00:00:00-04:00,117.41809883387904,119.46574170926495,116.49143577113968,118.58391571044922,27221700,0.0,0.0
2023-06-28 00:00:00-04:00,117.53767485209819,120.83582184957848,117.17896312766221,120.6465072631836,19753100,0.0,0.0
2023-06-29 00:00:00-04:00,119.66005296211249,120.47712451542701,118.78320625413001,119.5803451538086,18517500,0.0,0.0
2023-06-30 00:00:00-04:00,120.66643521748027,121.59310592756052,120.44722164704069,120.53690338134766,23865800,0.0,0.0
2023-07-03 00:00:00-04:00,119.88922594771722,120.58671674312428,119.27642992017535,120.12836456298828,13888300,0.0,0.0
2023-07-05 00:00:00-04:00,119.63015755940584,122.92831223384883,119.63015755940584,122.19095611572266,17830300,0.0,0.0
2023-07-06 00:00:00-04:00,120.20808476837323,120.71626099793399,118.823061846422,120.4970474243164,17732500,0.0,0.0
2023-07-07 00:00:00-04:00,120.45717652790857,121.31409807525121,119.66003772970366,119.7098617553711,20982400,0.0,0.0
2023-07-10 00:00:00-04:00,118.64370436452255,118.64370436452255,116.22240396516169,116.45158386230469,32960100,0.0,0.0
2023-07-11 00:00:00-04:00,116.34197087794419,117.80172214687876,115.41530021640207,117.28856658935547,18286600,0.0,0.0
2023-07-12 00:00:00-04:00,118.87288790413781,120.52694085694968,118.57395891645761,119.19174194335938,22059600,0.0,0.0
2023-07-13 00:00:00-04:00,121.10485763084107,124.88626876707143,120.62657280472715,124.3830795288086,31535900,0.0,0.0
2023-07-14 00:00:00-04:00,124.68200288909541,126.6349847230031,124.452830599517,125.24996185302734,20482800,0.0,0.0
2023-07-17 00:00:00-04:00,125.60867102997436,126.82430433915508,124.05425865539148,124.61225128173828,20675300,0.0,0.0
2023-07-18 00:00:00-04:00,124.45780833306449,124.54250310002475,122.85855888279706,123.6357650756836,21071200,0.0,0.0
2023-07-19 00:00:00-04:00,124.3432140307319,125.02077972403349,122.03152065395217,122.34040832519531,22313800,0.0,0.0
2023-07-20 00:00:00-04:00,121.68278187123195,124.25353903311256,118.26007488125666,119.10205078125,27541700,0.0,0.0
2023-07-21 00:00:00-04:00,120.4372574292924,120.86571822413254,118.6436988457571,119.87925720214844,56498100,0.0,0.0
2023-07-24 00:00:00-04:00,121.48947457104292,122.90837225357116,120.94542416788498,121.44363403320312,22276100,0.0,0.0
2023-07-25 00:00:00-04:00,121.44364191054977,123.24716690939958,121.09489650262182,122.35038757324219,31820800,0.0,0.0
2023-07-26 00:00:00-04:00,129.89327629091065,130.89965474223388,128.24918982212503,129.19578552246094,46216900,0.0,0.0
2023-07-27 00:00:00-04:00,131.32812733881232,133.12168594668785,128.71749723017615,129.405029296875,35931600,0.0,0.0
2023-07-28 00:00:00-04:00,130.50109339738742,133.59000064543451,130.45126937000117,132.53378295898438,26971000,0.0,0.0
2023-07-31 00:00:00-04:00,132.5338052975724,133.35087691278102,131.6569661252483,132.63345336914062,18381900,0.0,0.0
2023-08-01 00:00:00-04:00,130.38650280770463,132.44411203482923,130.2818829905746,131.4178009033203,22154300,0.0,0.0
2023-08-02 00:00:00-04:00,129.37512868576886,129.95305392950812,127.3922556345436,128.17942810058594,22705800,0.0,0.0
2023-08-03 00:00:00-04:00,127.91041340938155,129.30541034510995,127.31754997450537,128.30899047851562,15018100,0.0,0.0
2023-08-04 00:00:00-04:00,129.1360213010429,131.4576662196929,127.85561811842626,128.07980346679688,20509500,0.0,0.0
2023-08-07 00:00:00-04:00,129.04631301353058,131.58718635118814,128.96659761109194,131.46762084960938,17621000,0.0,0.0
2023-08-08 00:00:00-04:00,130.51105933277577,131.46762901731,129.6641116370438,131.36798095703125,16836000,0.0,0.0
2023-08-09 00:00:00-04:00,131.71672574736922,131.99572205375475,129.04134122111196,129.68402099609375,17745200,0.0,0.0
2023-08-10 00:00:00-04:00,131.49751344791378,132.1720915536337,129.56944369623338,129.7438201904297,17855700,0.0,0.0
2023-08-11 00:00:00-04:00,128.73941240550306,129.97298654755878,128.2890348420158,129.70394897460938,15191500,0.0,0.0
2023-08-14 00:00:00-04:00,129.3851251570485,131.43774764001847,129.12604626227642,131.3580322265625,17526200,0.0,0.0
2023-08-15 00:00:00-04:00,131.1188702800492,131.51744729958537,129.354214808165,129.80360412597656,14769200,0.0,0.0
2023-08-16 00:00:00-04:00,128.81715566153295,130.42935919155397,128.000099299133,128.64776611328125,17548400,0.0,0.0
2023-08-17 00:00:00-04:00,129.98296125189586,132.01665445022962,129.38511848803188,129.99293518066406,23665600,0.0,0.0
2023-08-18 00:00:00-04:00,128.59793240559983,129.36517988161967,126.54531012288619,127.65133666992188,23619400,0.0,0.0
2023-08-21 00:00:00-04:00,127.39227142860051,128.79721941027154,126.70474692781677,128.46839904785156,21851100,0.0,0.0
2023-08-22 00:00:00-04:00,128.6676848729172,130.4811608791981,128.46341700333525,129.22567749023438,15569400,0.0,0.0
2023-08-23 00:00:00-04:00,130.38152684826596,133.58999957295524,130.0427325872543,132.7330780029297,26497000,0.0,0.0
2023-08-24 00:00:00-04:00,134.2446507054183,134.48677693775275,129.83349845833962,129.95306396484375,18680400,0.0,0.0
2023-08-25 00:00:00-04:00,129.67407299923124,130.929556481822,127.58158532408703,130.22210693359375,20678100,0.0,0.0
2023-08-28 00:00:00-04:00,131.6071312720416,132.76298190891964,130.38153915412704,131.3181610107422,16715500,0.0,0.0
2023-08-29 00:00:00-04:00,132.5218310091549,136.80344362659926,132.503890102332,135.00491333007812,30803300,0.0,0.0
2023-08-30 00:00:00-04:00,135.08462683784973,136.758604645902,134.53758122900575,136.4397430419922,21773400,0.0,0.0
2023-08-31 00:00:00-04:00,136.55933213740266,137.9044897006451,136.33015984810817,136.85826110839844,28147900,0.0,0.0
2023-09-01 00:00:00-04:00,137.93438031316114,138.08385239991046,135.45330483720738,136.3102264404297,16665700,0.0,0.0
2023-09-05 00:00:00-04:00,135.95151294779097,136.8781760161028,135.07465870358806,136.22055053710938,17730200,0.0,0.0
2023-09-06 00:00:00-04:00,136.52444486721987,136.98777637967183,134.20777210080212,134.8853302001953,15814300,0.0,0.0
2023-09-07 00:00:00-04:00,134.11810929090532,136.09101621022137,133.48040123596684,135.71237182617188,16976000,0.0,0.0
2023-09-08 00:00:00-04:00,135.3835459250289,137.02266066316884,135.3835459250289,136.7087860107422,17810700,0.0,0.0
2023-09-11 00:00:00-04:00,136.88816020365275,137.7689980034681,136.0611299257338,137.2468719482422,17180800,0.0,0.0
2023-09-12 00:00:00-04:00,136.63904244700734,137.14721103583548,135.44332660762126,135.5828399658203,15212900,0.0,0.0
2023-09-13 00:00:00-04:00,135.4134281224385,137.2069865831919,134.44689981870354,137.00770568847656,16394900,0.0,0.0
2023-09-14 00:00:00-04:00,137.89452793545095,139.05037848892624,136.56928784978413,138.4923858642578,19064600,0.0,0.0
2023-09-15 00:00:00-04:00,138.30306522486424,138.86105785576552,136.68885488071825,137.8048553466797,48947600,0.0,0.0
2023-09-18 00:00:00-04:00,137.13725381648123,139.42900705740954,137.13725381648123,138.46249389648438,16233600,0.0,0.0
2023-09-19 00:00:00-04:00,137.7550367302338,138.67672808191895,137.007721883596,138.3329620361328,15479100,0.0,0.0
2023-09-20 00:00:00-04:00,138.33296452044917,138.34292324508579,134.0383975573102,134.10813903808594,21473500,0.0,0.0
2023-09-21 00:00:00-04:00,131.91600530275585,132.71314411463317,130.62065663397496,130.8896942138672,22042700,0.0,0.0
2023-09-22 00:00:00-04:00,131.2085588292352,132.53379905705475,130.0427494267534,130.7801055908203,17348700,0.0,0.0
2023-09-25 00:00:00-04:00,130.30182617299778,131.74663189394565,129.56447002107453,131.69680786132812,14650000,0.0,0.0
2023-09-26 00:00:00-04:00,130.4452894233081,130.93452881766814,127.73104314693457,128.9865264892578,20378800,0.0,0.0
2023-09-27 00:00:00-04:00,128.97657717710743,131.24841303136594,128.9167944237047,130.98934936523438,18764200,0.0,0.0
2023-09-28 00:00:00-04:00,130.22209946792395,133.6995946622991,130.22209946792395,132.6533660888672,18201400,0.0,0.0
2023-09-29 00:00:00-04:00,133.59995664413512,134.40705417719107,130.84984371591523,131.37794494628906,23224200,0.0,0.0
2023-10-02 00:00:00-04:00,131.6818605151272,134.87538787289662,131.59218638003998,134.68606567382812,19210400,0.0,0.0
2023-10-03 00:00:00-04:00,134.4468922924213,134.75579514671915,132.33947452264638,132.82273864746094,19628700,0.0,0.0
2023-10-04 00:00:00-04:00,133.1814636688332,136.08104870835732,132.95227618581822,135.78211975097656,22848000,0.0,0.0
2023-10-05 00:00:00-04:00,135.6426262093901,136.01129665366994,133.97362007775322,135.5031280517578,15922900,0.0,0.0
2023-10-06 00:00:00-04:00,134.45688274328344,138.68768316744504,134.45688274328344,138.23330688476562,20819300,0.0,0.0
2023-10-09 00:00:00-04:00,137.49596103027756,139.46886779566873,136.21057109216287,139.00054931640625,16599100,0.0,0.0
2023-10-10 00:00:00-04:00,139.01050204348502,140.2361091788942,137.93436698037712,138.7016143798828,19554900,0.0,0.0
2023-10-11 00:00:00-04:00,139.34930535110442,141.71081524636418,139.33933142314092,141.1926727294922,20146300,0.0,0.0
2023-10-12 00:00:00-04:00,141.65103499374354,141.87024855458836,138.95073078742337,139.7877197265625,18173100,0.0,0.0
2023-10-13 00:00:00-04:00,140.14644345317856,140.83397557072894,137.47604559828966,138.0838623046875,19438700,0.0,0.0
2023-10-16 00:00:00-04:00,139.22971086107074,140.40050696898814,138.8211903672894,139.98699951171875,17345600,0.0,0.0
2023-10-17 00:00:00-04:00,139.52864466386487,140.74427787315497,138.033026894089,140.48521423339844,17424000,0.0,0.0
2023-10-18 00:00:00-04:00,140.24606438161697,141.48163020916826,138.20838804156585,138.7813262939453,18304900,0.0,0.0
2023-10-19 00:00:00-04:00,139.29949342273318,140.50018112641828,138.10379268346298,138.482421875,21831200,0.0,0.0
2023-10-20 00:00:00-04:00,138.09380992552093,138.54219577355946,135.75720438829748,136.2504425048828,24953900,0.0,0.0
2023-10-23 00:00:00-04:00,135.74226132234745,138.52228100137478,134.62627604270992,137.40628051757812,20780700,0.0,0.0
2023-10-24 00:00:00-04:00,138.661777453886,140.20623112275442,138.25324170327818,139.6183319091797,26535200,0.0,0.0
2023-10-25 00:00:00-04:00,129.30540691477447,129.6342272865266,125.63857399682107,126.21649932861328,58796100,0.0,0.0
2023-10-26 00:00:00-04:00,124.02436561497274,125.01081902390685,121.88206166459724,122.99805450439453,33907400,0.0,0.0
2023-10-27 00:00:00-04:00,123.58594025248648,123.99447599857574,121.02514180163242,122.95819854736328,37367700,0.0,0.0
2023-10-30 00:00:00-04:00,124.01439942765442,126.09692062893104,123.43647415628777,125.2997817993164,24165600,0.0,0.0
2023-10-31 00:00:00-04:00,125.8179154013656,126.10687803402709,123.48131753067729,124.85139465332031,21123400,0.0,0.0
2023-11-01 00:00:00-04:00,124.89125412101406,127.28266316215787,124.47774659371841,127.11327362060547,26536600,0.0,0.0
2023-11-02 00:00:00-04:00,129.0961465684938,129.62424784498762,127.65134090253594,128.11965942382812,24091700,0.0,0.0
2023-11-03 00:00:00-04:00,128.627812786253,130.26194045257589,128.54809738738874,129.90322875976562,19517900,0.0,0.0
2023-11-06 00:00:00-05:00,129.75377810973137,131.08897689536053,129.46480787447587,130.9793701171875,15360400,0.0,0.0
2023-11-07 00:00:00-05:00,131.50746989912489,132.80281857113684,130.67048098643713,131.92596435546875,19223800,0.0,0.0
2023-11-08 00:00:00-05:00,131.8861110492388,133.06187898787388,131.68683015165834,132.7828826904297,15093600,0.0,0.0
2023-11-09 00:00:00-05:00,132.88254029909274,133.48039823899387,131.03915765453013,131.21852111816406,17976500,0.0,0.0
2023-11-10 00:00:00-05:00,131.05909153903175,133.78928719081307,130.40145083978996,133.5800323486328,20872900,0.0,0.0
2023-11-13 00:00:00-05:00,132.88253323832873,133.6298480214168,132.29464925796412,133.16152954101562,16409900,0.0,0.0
2023-11-14 00:00:00-05:00,135.16432768845098,136.7486465837843,134.61630901083717,134.9451141357422,22317300,0.0,0.0
2023-11-15 00:00:00-05:00,136.15080256934934,136.35008349101375,134.8454950476637,135.89173889160156,15840900,0.0,0.0
2023-11-16 00:00:00-05:00,136.46965429980503,138.3827783763804,135.59280006314847,138.2034149169922,17615100,0.0,0.0
2023-11-17 00:00:00-05:00,137.32659188766772,137.50594016379742,134.99495786885882,136.44973754882812,25565300,0.0,0.0
2023-11-20 00:00:00-05:00,135.01487455365663,137.9294053293182,135.0049158297697,137.42620849609375,19569400,0.0,0.0
2023-11-21 00:00:00-05:00,137.44614486051037,138.46746903829683,137.21198560749448,138.1237030029297,17648100,0.0,0.0
2023-11-22 00:00:00-05:00,138.60198770812895,140.5948271276324,138.50233965549052,139.51869201660156,17306400,0.0,0.0
2023-11-24 00:00:00-05:00,139.0403942336906,139.1769123646107,136.97781342040517,137.72512817382812,8828600,0.0,0.0
2023-11-27 00:00:00-05:00,137.07747837123486,139.13010071439888,137.0475717895854,137.55575561523438,17886400,0.0,0.0
2023-11-28 00:00:00-05:00,137.1372571659275,138.16356830787143,136.54935794922955,138.1237030029297,17046900,0.0,0.0
2023-11-29 00:00:00-05:00,138.4874034267915,139.1699485419244,135.80703179182288,135.91165161132812,21014700,0.0,0.0
2023-11-30 00:00:00-05:00,135.9116377805653,136.46964557084692,132.3145621405614,133.44052124023438,29913500,0.0,0.0
2023-12-01 00:00:00-05:00,132.8426971435547,133.0220454124062,131.678864324313,132.8426971435547,24258400,0.0,0.0
2023-12-04 00:00:00-05:00,130.82394720311143,130.9793793257416,128.93671570026552,130.16232299804688,24117100,0.0,0.0
2023-12-05 00:00:00-05:00,129.90324338844874,133.06189230387812,129.26553532987876,131.916015625,19235100,0.0,0.0
2023-12-06 00:00:00-05:00,132.4241804064533,132.83271615823645,130.8398766324559,130.95944213867188,16360600,0.0,0.0
2023-12-07 00:00:00-05:00,136.11094771924644,139.4987688818564,135.74226206265897,137.95431518554688,38419400,0.0,0.0
2023-12-08 00:00:00-05:00,135.17430030357767,137.49596003169722,135.08462617947436,136.15078735351562,22990900,0.0,0.0
2023-12-11 00:00:00-05:00,133.34088868282768,134.3074017832053,132.41421047560536,134.2177276611328,24502900,0.0,0.0
2023-12-12 00:00:00-05:00,132.79285911335614,134.058301199058,132.35443200794586,133.16152954101562,26584000,0.0,0.0
2023-12-13 00:00:00-05:00,134.06331009068202,134.2974693691823,132.47401917570028,133.49037170410156,25414500,0.0,0.0
2023-12-14 00:00:00-05:00,134.28750039406762,134.55155103229345,130.59077625474637,132.72311401367188,29619100,0.0,0.0
2023-12-15 00:00:00-05:00,132.44410502442193,134.3472703050888,132.15515000054256,133.36080932617188,58569400,0.0,0.0
2023-12-18 00:00:00-05:00,133.38074257302762,137.88456390535382,133.2910684484051,136.69882202148438,25699800,0.0,0.0
2023-12-19 00:00:00-05:00,137.5059275034081,138.27317497925105,136.9578935920917,137.60557556152344,20661000,0.0,0.0
2023-12-20 00:00:00-05:00,139.82758782316748,142.56575043945418,138.91088346140006,139.1599884033203,33507300,0.0,0.0
2023-12-21 00:00:00-05:00,140.2660167235304,141.5215001731532,139.97008296799353,141.29232788085938,18101500,0.0,0.0
2023-12-22 00:00:00-05:00,141.62116133441856,142.73714672621358,141.54641768065747,142.20904541015625,18494700,0.0,0.0
2023-12-26 00:00:00-05:00,142.46808564212046,143.42964221583435,141.98980843927873,142.3086700439453,11170100,0.0,0.0
2023-12-27 00:00:00-05:00,142.31864723372257,142.80689842766074,140.5460094094752,140.93362426757812,17288400,0.0,0.0
2023-12-28 00:00:00-05:00,141.3421517527707,141.76064623551068,140.32380757602377,140.77418518066406,12192500,0.0,0.0
2023-12-29 00:00:00-05:00,140.17634058811967,140.9286424583844,139.3991343026671,140.42544555664062,14872700,0.0,0.0
2024-01-02 00:00:00-05:00,139.10019855495605,140.1115639594,137.24685727343498,139.06033325195312,20071900,0.0,0.0
2024-01-03 00:00:00-05:00,138.10378954601114,140.5848651026956,137.93438480135126,139.85748291015625,18974300,0.0,0.0
2024-01-04 00:00:00-05:00,139.3493088962382,140.1314868491893,137.51588499085352,137.5457763671875,18253300,0.0,0.0
2024-01-05 00:00:00-05:00,137.8566785176243,138.3130313709,136.3600570579476,136.8981170654297,15433200,0.0,0.0
2024-01-08 00:00:00-05:00,137.5059149117014,140.13646224097636,137.38634941623909,140.02685546875,17645300,0.0,0.0
2024-01-09 00:00:00-05:00,139.5585417957747,142.2887372677432,139.28950421759316,142.04959106445312,19579700,0.0,0.0
2024-01-10 00:00:00-05:00,142.00975537019147,144.00756674748428,141.94997261434466,143.28517150878906,16641900,0.0,0.0
2024-01-11 00:00:00-05:00,144.37624467130036,146.13492493087236,141.7058318214897,143.15562438964844,17471100,0.0,0.0
2024-01-12 00:00:00-05:00,143.8232198864349,144.22179690011865,142.84673281018704,143.7235870361328,13995200,0.0,0.0
2024-01-16 00:00:00-05:00,142.9164812308532,145.31785654097203,142.54382728921001,143.5641632080078,19198900,0.0,0.0
2024-01-17 00:00:00-05:00,142.3983506209844,142.89656049773194,140.0069340901008,142.37841796875,17884500,0.0,0.0
2024-01-18 00:00:00-05:00,142.92646296940157,145.0637877637338,142.83678883362373,144.47091674804688,18876800,0.0,0.0
2024-01-19 00:00:00-05:00,145.7811839285456,147.50997279943743,145.27800229464944,147.4402313232422,27170900,0.0,0.0
2024-01-22 00:00:00-05:00,148.17758735010327,149.47790782267836,147.0516281700249,147.18116760253906,21829200,0.0,0.0
2024-01-23 00:00:00-05:00,147.19112015730613,148.32703801375334,146.66301892956406,148.14767456054688,14113600,0.0,0.0
2024-01-24 00:00:00-05:00,149.75192384274672,151.0273551642729,149.30353797719988,149.8117218017578,19245000,0.0,0.0
2024-01-25 00:00:00-05:00,151.1967437911235,154.20592059764948,150.6786012452732,153.08993530273438,21495100,0.0,0.0
2024-01-26 00:00:00-05:00,152.3226907453782,153.55825677724079,152.25294926518188,153.23939514160156,19494500,0.0,0.0
2024-01-29 00:00:00-05:00,153.08994376288354,154.64435628217598,152.3725202610316,154.28564453125,20909300,0.0,0.0
2024-01-30 00:00:00-05:00,153.45861447100043,154.4849256924498,152.22803535733792,152.50205993652344,26578900,0.0,0.0
2024-01-31 00:00:00-05:00,144.86947124297328,145.06875215819224,141.04322293579585,141.29232788085938,43908600,0.0,0.0
2024-02-01 00:00:00-05:00,143.17556860257073,144.10223175163364,141.75068033157373,142.19908142089844,25526900,0.0,0.0
2024-02-02 00:00:00-05:00,140.385586120152,143.36488681912803,137.6753230264608,143.02609252929688,42116900,0.0,0.0
2024-02-05 00:00:00-05:00,143.5243045199949,146.14489351807975,143.39478028191945,144.41111755371094,29254400,0.0,0.0
2024-02-06 00:00:00-05:00,145.4374229018595,146.21462903442645,144.00257613276426,144.88938903808594,21517700,0.0,0.0
2024-02-07 00:00:00-05:00,145.59685354666468,146.47370781934958,144.69012310103926,146.15484619140625,21436100,0.0,0.0
2024-02-08 00:00:00-05:00,146.44382716539488,147.08153526381756,145.8957932048378,146.69293212890625,18241300,0.0,0.0
2024-02-09 00:00:00-05:00,147.42029761378677,150.1554801411711,146.9021550913949,149.6821746826172,21877700,0.0,0.0
2024-02-12 00:00:00-05:00,149.00459201365058,150.05083571677082,148.02810498601193,148.19749450683594,17236100,0.0,0.0
2024-02-13 00:00:00-05:00,145.54704874515164,147.50998178033353,144.59047903903283,145.84596252441406,18138500,0.0,0.0
2024-02-14 00:00:00-05:00,146.84239252957823,147.30075236320795,145.03388801866214,146.61322021484375,16651800,0.0,0.0
2024-02-15 00:00:00-05:00,143.9428099076388,144.24172368204728,141.37204501861007,143.42466735839844,26724300,0.0,0.0
2024-02-16 00:00:00-05:00,143.69369718784262,143.96271957026013,141.01332565844572,141.25245666503906,21849700,0.0,0.0
2024-02-20 00:00:00-05:00,140.43538889799024,142.8158277957992,140.29589075416882,141.6908721923828,18625600,0.0,0.0
2024-02-21 00:00:00-05:00,142.12931155607185,143.4645103629072,141.40192940073,143.32501220703125,16499600,0.0,0.0
2024-02-22 00:00:00-05:00,145.59685204688338,145.67656745304808,143.49440572228687,144.7997283935547,23024700,0.0,0.0
2024-02-23 00:00:00-05:00,144.45097474791444,145.43244882596153,144.27161128380402,144.7698211669922,14519400,0.0,0.0
2024-02-26 00:00:00-05:00,142.9364202385265,143.32502336043294,138.24329139736088,138.2532501220703,33513000,0.0,0.0
2024-02-27 00:00:00-05:00,138.91087191544486,139.98700699959346,138.00412635322363,139.59840393066406,22364000,0.0,0.0
2024-02-28 00:00:00-05:00,138.60199211148245,138.7813403669397,136.15079285778955,136.93795776367188,30628700,0.0,0.0
2024-02-29 00:00:00-05:00,137.85466817775216,139.44893053594961,137.07746204724742,139.279541015625,35485000,0.0,0.0
2024-03-01 00:00:00-05:00,139.1101686581765,139.4987717713732,137.48102776134397,137.5856475830078,28522000,0.0,0.0
2024-03-04 00:00:00-05:00,136.05114677800287,136.1408361111928,132.38432937436133,133.7195281982422,43571500,0.0,0.0
2024-03-05 00:00:00-05:00,132.2647707393013,133.54018687674454,131.0790287355471,133.30104064941406,28447600,0.0,0.0
2024-03-06 00:00:00-05:00,133.75939657689565,134.25760646628555,131.47758676916078,132.0854034423828,23175200,0.0,0.0
2024-03-07 00:00:00-05:00,133.41064084313805,135.3337388830001,132.18504879747854,134.7558135986328,24107300,0.0,0.0
2024-03-08 00:00:00-05:00,134.55153610216772,138.48739082554556,134.3173768675231,135.80203247070312,26472400,0.0,0.0
2024-03-11 00:00:00-04:00,136.5792808581865,139.47885116674465,136.5792808581865,138.4425811767578,22536400,0.0,0.0
2024-03-12 00:00:00-04:00,137.75502702910646,139.77775785522647,137.7151769299223,139.1201171875,19019700,0.0,0.0
2024-03-13 00:00:00-04:00,139.55855696946134,141.6809360424644,139.50873293783897,140.26602172851562,19637000,0.0,0.0
2024-03-14 00:00:00-04:00,141.79052223081538,144.21181473346388,140.97843776624688,143.82321166992188,36117900,0.0,0.0
2024-03-15 00:00:00-04:00,142.89656145954595,143.8232245385374,140.62472562261846,141.66099548339844,41025900,0.0,0.0
2024-03-18 00:00:00-04:00,148.83522306232322,152.3824751748973,147.60963094571133,147.9484100341797,47676700,0.0,0.0
2024-03-19 00:00:00-04:00,148.44662927451952,149.08433738873381,146.48368089710854,147.3904266357422,17748400,0.0,0.0
2024-03-20 00:00:00-04:00,148.25729101600973,149.22381941007393,147.1363187737954,149.14410400390625,17730000,0.0,0.0
2024-03-21 00:00:00-04:00,149.78183414860183,150.76329307208584,147.48009160046513,148.20748901367188,19843900,0.0,0.0
2024-03-22 00:00:00-04:00,149.70211770124945,152.01380375387492,149.55264560728025,151.2266387939453,19226300,0.0,0.0
2024-03-25 00:00:00-04:00,150.4095600308176,150.9137451462837,148.26726362421323,150.6088409423828,15114700,0.0,0.0
2024-03-26 00:00:00-04:00,150.69853103186887,152.6515052608247,150.48927619097265,151.15687561035156,19312700,0.0,0.0
2024-03-27 00:00:00-04:00,151.60027921513577,152.14332612606745,149.59249413175579,151.39601135253906,16622000,0.0,0.0
2024-03-28 00:00:00-04:00,151.45581059137982,152.12341003725055,150.78821114550908,151.71487426757812,21105600,0.0,0.0
2024-04-01 00:00:00-04:00,151.28640386346316,156.43789185350315,151.10704041250085,155.93968200683594,24469800,0.0,0.0
2024-04-02 00:00:00-04:00,154.19595021427114,155.4315161289034,152.9105754774357,155.3119354248047,17598100,0.0,0.0
2024-04-03 00:00:00-04:00,154.36534456183085,155.98951360615538,153.5801714004906,155.81015014648438,17266200,0.0,0.0
2024-04-04 00:00:00-04:00,154.52476859621166,155.6208211415585,151.33622860332207,151.39601135253906,24184800,0.0,0.0
2024-04-05 00:00:00-04:00,151.13695170488688,154.28564199977868,150.54009720298788,153.3888702392578,16289800,0.0,0.0
2024-04-08 00:00:00-04:00,153.46358643519258,156.0941339541208,153.4386820232283,155.5809783935547,16641500,0.0,0.0
2024-04-09 00:00:00-04:00,156.78665709200604,159.31755662121807,156.07919236456976,157.57382202148438,21538100,0.0,0.0
2024-04-10 00:00:00-04:00,157.3147488310633,157.5937451337983,155.64075581049497,157.0955352783203,16339200,0.0,0.0
2024-04-11 00:00:00-04:00,157.773099603917,160.54314529324995,157.3645638573207,160.21432495117188,17841700,0.0,0.0
2024-04-12 00:00:00-04:00,158.83429802050733,161.1210796516623,158.03218737436384,158.6200714111328,16968200,0.0,0.0
2024-04-15 00:00:00-04:00,159.70616462473123,160.2541985565825,155.5909459777456,155.7703094482422,21140900,0.0,0.0
2024-04-16 00:00:00-04:00,155.082770822216,156.66707459145422,154.49488681287485,155.4414825439453,15413200,0.0,0.0
2024-04-17 00:00:00-04:00,156.62721653463385,158.11287564524082,155.57598583517958,156.31832885742188,16237800,0.0,0.0
2024-04-18 00:00:00-04:00,156.3631825019562,157.9175949806136,155.65074598326487,156.89627075195312,14016100,0.0,0.0
2024-04-19 00:00:00-04:00,157.18520634347013,157.4243525429412,153.35895837688054,155.1624755859375,20063900,0.0,0.0
2024-04-22 00:00:00-04:00,155.45143428674442,158.615069923171,155.10269650893756,157.38449096679688,17243900,0.0,0.0
2024-04-23 00:00:00-04:00,158.02220255132582,159.90543524739437,157.39944021526932,159.34744262695312,16115400,0.0,0.0
2024-04-24 00:00:00-04:00,158.52042556623013,160.8121941938056,158.25140316173793,160.5232391357422,19485700,0.0,0.0
2024-04-25 00:00:00-04:00,152.81092812326548,157.71331129729472,152.22105239559522,157.38449096679688,36197800,0.0,0.0
2024-04-26 00:00:00-04:00,175.35991417728803,175.78836736422082,170.78633605044507,173.06814575195312,56500800,0.0,0.0
2024-04-29 00:00:00-04:00,170.15860899035204,170.76642566039837,166.46188494056344,167.2988739013672,35914600,0.0,0.0
2024-04-30 00:00:00-04:00,166.7807480454706,169.26182357301482,163.91105420679276,164.05055236816406,29420800,0.0,0.0
2024-05-01 00:00:00-04:00,165.58502005483606,168.20560875659675,164.30960404279213,164.9772186279297,25223200,0.0,0.0
2024-05-02 00:00:00-04:00,166.07327274719108,167.92661403276392,165.09678567970036,167.85687255859375,17041100,0.0,0.0
2024-05-03 00:00:00-04:00,168.9329979479425,169.24190084234326,164.38932631461617,168.38497924804688,22767100,0.0,0.0
2024-05-06 00:00:00-04:00,168.61413773896217,169.29169581642682,167.28889775363655,169.22195434570312,15147900,0.0,0.0
2024-05-07 00:00:00-04:00,169.5109411169839,172.84895371781545,169.39137559953906,172.36070251464844,21102400,0.0,0.0
2024-05-08 00:00:00-04:00,170.13867494055083,171.29352204290763,169.9114943965067,170.54721069335938,14569900,0.0,0.0
2024-05-09 00:00:00-04:00,170.53724507481766,171.8226351491346,169.32161168547344,170.96571350097656,11937700,0.0,0.0
2024-05-10 00:00:00-04:00,169.08247038082908,170.72655689221446,167.3088444361757,169.68031311035156,18740500,0.0,0.0
2024-05-13 00:00:00-04:00,165.25322884588954,170.33795574293643,165.1665347312259,170.2881317138672,19648600,0.0,0.0
2024-05-14 00:00:00-04:00,170.97567403367486,172.1614160574727,169.80986466353144,171.314453125,18729500,0.0,0.0
2024-05-15 00:00:00-04:00,171.68313172433574,173.4228828555884,171.41409412564735,173.25747680664062,20958200,0.0,0.0
2024-05-16 00:00:00-04:00,173.97491056962525,175.7086713647878,173.42687661545773,174.8019256591797,17247300,0.0,0.0
2024-05-17 00:00:00-04:00,174.92148236280053,176.8595107840734,174.3535158326,176.65524291992188,16546400,0.0,0.0
2024-05-20 00:00:00-04:00,176.67518360339702,179.30573113766596,176.59049643889753,177.82107543945312,17495100,0.0,0.0
2024-05-21 00:00:00-04:00,177.76128359116808,179.17621306575776,176.67518967434015,178.89720153808594,14706000,0.0,0.0
2024-05-22 00:00:00-04:00,177.76127849578114,178.21167129439203,176.14708335541994,177.3627166748047,16189400,0.0,0.0
2024-05-23 00:00:00-04:00,178.13992556483848,179.2658847721692,173.91510025941275,174.43324279785156,14928400,0.0,0.0
2024-05-24 00:00:00-04:00,175.88803741545732,176.66922717761628,174.57275590621543,175.69871520996094,11400600,0.0,0.0
2024-05-28 00:00:00-04:00,175.1108088844646,177.87088059052832,175.05101092915075,177.3826446533203,15655300,0.0,0.0
2024-05-29 00:00:00-04:00,176.1769780421048,177.59189229856364,175.6289441248456,176.76486206054688,15023800,0.0,0.0
2024-05-30 00:00:00-04:00,176.05741265584328,176.05741265584328,172.60979354101923,172.93861389160156,18844000,0.0,0.0
2024-05-31 00:00:00-04:00,172.7791808817384,173.79553329751116,170.35788815481504,173.33718872070312,28085200,0.0,0.0
2024-06-03 00:00:00-04:00,173.2574874590525,175.2303944943627,171.8325991749905,173.79554748535156,20742800,0.0,0.0
2024-06-04 00:00:00-04:00,173.8254326052945,174.5627887373081,172.5998404976284,174.5030059814453,14066600,0.0,0.0
2024-06-05 00:00:00-04:00,175.90297741856628,177.33283743447652,174.66242439787212,176.43606567382812,15233900,0.0,0.0
2024-06-06 00:00:00-04:00,176.79475199215472,178.07018328196713,176.57555363120218,177.7114715576172,14255800,0.0,0.0
2024-06-07 00:00:00-04:00,177.8210764198521,178.7776308716826,175.1606222905612,175.32005310058594,14716300,0.0,0.0
2024-06-10 00:00:00-04:00,176.0183236783107,178.03338614366115,173.9533957118273,176.19789123535156,17122200,0.2,0.0
2024-06-11 00:00:00-04:00,177.28523791690662,177.95359704345114,175.0108167866933,177.75408935546875,14402400,0.0,0.0
2024-06-12 00:00:00-04:00,179.31026516437785,181.63456695108104,177.34508329367728,179.1207275390625,18600400,0.0,0.0
2024-06-13 00:00:00-04:00,177.40493229645702,178.07329139591778,176.22782633003789,176.30763244628906,15956900,0.0,0.0
2024-06-14 00:00:00-04:00,175.42180930133733,178.29275944891629,175.42180930133733,177.9336395263672,12361600,0.0,0.0
2024-06-17 00:00:00-04:00,176.54703653660326,179.47984663362533,176.05824500140648,178.34263610839844,15272900,0.0,0.0
2024-06-18 00:00:00-04:00,178.3526129863349,178.47232977667358,175.1903696963065,176.01834106445312,15640300,0.0,0.0
2024-06-20 00:00:00-04:00,176.27771488940562,178.30274761221096,176.02832647308514,177.2752685546875,16753200,0.0,0.0
2024-06-21 00:00:00-04:00,178.05335650155095,182.065505227205,177.62440051681108,179.8190155029297,59728000,0.0,0.0
2024-06-24 00:00:00-04:00,180.83652405229552,181.63457001481368,179.78908967783175,180.34771728515625,18198300,0.0,0.0
2024-06-25 00:00:00-04:00,180.70185910437223,185.29558937298282,180.66194843459428,185.12600708007812,18917700,0.0,0.0
2024-06-26 00:00:00-04:00,183.74936803379498,185.47513148060867,183.53989030414039,184.91650390625,13375700,0.0,0.0
2024-06-27 00:00:00-04:00,185.19085376197464,187.04131154215597,184.99632349166956,186.4028778076172,13025700,0.0,0.0
2024-06-28 00:00:00-04:00,185.26565932683323,186.1235560479781,182.87651414746847,182.97128295898438,23032400,0.0,0.0
2024-07-01 00:00:00-04:00,184.02869575189413,184.8865925121617,182.282976839143,184.03868103027344,11815900,0.0,0.0
2024-07-02 00:00:00-04:00,183.0211702914934,186.4926527487123,182.6121696398131,186.1534881591797,12555500,0.0,0.0
2024-07-03 00:00:00-04:00,185.84423458442643,187.16099739193504,184.93146453674171,186.9315643310547,7409100,0.0,0.0
2024-07-05 00:00:00-04:00,186.86175397018982,191.78965613462003,186.86175397018982,191.4904022216797,14303400,0.0,0.0
2024-07-08 00:00:00-04:00,190.89686758554637,191.2100948172414,188.85687211373173,190.01402282714844,12097600,0.0,0.0
2024-07-09 00:00:00-04:00,191.28091395049435,192.38819911990063,189.76462812809547,189.97412109375,10198500,0.0,0.0
2024-07-10 00:00:00-04:00,190.2833590576902,192.83709397055367,190.15367221210454,192.18869018554688,12052900,0.0,0.0
2024-07-11 00:00:00-04:00,190.87190681971475,191.9392965040128,186.36297539734664,186.841796875,16452000,0.0,0.0
2024-07-12 00:00:00-04:00,186.46273124656832,188.22840551467343,185.68464059719207,186.3230743408203,14449100,0.0,0.0
2024-07-15 00:00:00-04:00,186.0337913045147,189.43543778576466,186.0337913045147,187.72962951660156,12186000,0.0,0.0
2024-07-16 00:00:00-04:00,188.4977459684165,189.87435966626694,184.66712835226258,185.04620361328125,12760100,0.0,0.0
2024-07-17 00:00:00-04:00,184.22820643773866,184.77686400639317,181.17569461035697,182.17324829101562,17376600,0.0,0.0
2024-07-18 00:00:00-04:00,183.0909943853675,183.59975650016696,177.77404670489432,178.7815704345703,17877200,0.0,0.0
2024-07-19 00:00:00-04:00,179.92873963249403,181.52483149590412,178.42243916222756,178.95114135742188,14485900,0.0,0.0
2024-07-22 00:00:00-04:00,181.90390513973452,183.84913161641725,181.4549938423416,182.90145874023438,16303900,0.0,0.0
2024-07-23 00:00:00-04:00,183.39026679142356,184.76689575505398,182.88151988904164,183.15086364746094,23772600,0.0,0.0
2024-07-24 00:00:00-04:00,174.96092936785044,177.5146642078622,173.1453896887478,173.94342041015625,31250700,0.0,0.0
2024-07-25 00:00:00-04:00,173.82371419718618,174.7713870696077,168.63643853946746,168.7461700439453,28967900,0.0,0.0
2024-07-26 00:00:00-04:00,168.35714064363887,169.42451517754185,165.45924838983456,168.26734924316406,25150100,0.0,0.0
2024-07-29 00:00:00-04:00,170.08290106191825,171.7388438104518,169.30481041553955,170.71136474609375,13768900,0.0,0.0
2024-07-30 00:00:00-04:00,171.40964980277923,172.5269050479179,169.70382632107683,171.4395751953125,13681400,0.0,0.0
2024-07-31 00:00:00-04:00,174.49208414998458,175.47966775180512,171.2999154864961,172.72640991210938,15650200,0.0,0.0
2024-08-01 00:00:00-04:00,171.55927052033985,175.25021593921025,170.0928654537449,172.0281219482422,17177800,0.0,0.0
2024-08-02 00:00:00-04:00,167.77855935624635,169.7936220936705,165.98295965069318,167.988037109375,18907800,0.0,0.0
2024-08-05 00:00:00-04:00,156.98501970001928,165.53406215007433,156.21691431633374,160.2470245361328,34907800,0.0,0.0
2024-08-06 00:00:00-04:00,160.55127052384475,161.95283210597046,157.74315472075523,160.14724731445312,36146500,0.0,0.0
2024-08-07 00:00:00-04:00,162.84066457588162,164.38686056827336,159.84800360253888,160.35675048828125,19334200,0.0,0.0
2024-08-08 00:00:00-04:00,161.94683608660438,165.09512109894575,161.63360888296103,163.43917846679688,15733600,0.0,0.0
2024-08-09 00:00:00-04:00,161.24956379559694,165.11508418405717,160.53630136851285,164.9853973388672,13549200,0.0,0.0
2024-08-12 00:00:00-04:00,165.5889150879175,166.29219224550243,163.1499043019161,163.54891967773438,12435000,0.0,0.0
2024-08-13 00:00:00-04:00,164.7808905421758,166.13257142097672,164.36691249169496,165.52406311035156,12717600,0.0,0.0
2024-08-14 00:00:00-04:00,163.80829614884786,164.5564614072886,159.13973702101785,161.6336212158203,22515900,0.0,0.0
2024-08-15 00:00:00-04:00,161.81318526118642,163.1199781153064,161.0949454110431,162.7708282470703,18392500,0.0,0.0
2024-08-16 00:00:00-04:00,163.0102422030154,166.5415753529905,162.68104767879953,164.3369903564453,16853100,0.0,0.0
2024-08-19 00:00:00-04:00,166.59146801697892,168.05787317472556,165.68369049619074,167.988037109375,13100800,0.0,0.0
2024-08-20 00:00:00-04:00,168.3272136082098,169.99312642887023,168.2474074871561,168.5466766357422,12622500,0.0,0.0
2024-08-21 00:00:00-04:00,166.58149119310136,168.2274486438132,166.16252048240128,167.2199249267578,15269600,0.0,0.0
2024-08-22 00:00:00-04:00,168.6264625881714,169.00553784668986,164.62627792452696,165.0851593017578,19123800,0.0,0.0
2024-08-23 00:00:00-04:00,166.14256413595498,167.53913316312168,165.25474199265742,167.02040100097656,14281600,0.0,0.0
2024-08-26 00:00:00-04:00,167.7436359619194,168.96564529480256,165.9131335036615,167.51918029785156,11990300,0.0,0.0
2024-08-27 00:00:00-04:00,167.19997875058417,167.83341987977147,165.75352890838104,165.97299194335938,13718200,0.0,0.0
2024-08-28 00:00:00-04:00,166.37198565286047,166.9804939484382,162.88054810611015,164.09756469726562,15208700,0.0,0.0
2024-08-29 00:00:00-04:00,165.65375574655528,167.2199222744975,161.5857290623454,163.00025939941406,17133800,0.0,0.0
2024-08-30 00:00:00-04:00,163.818263057649,164.87566750049032,163.01024702949522,164.70608520507812,18498800,0.0,0.0
2024-09-03 00:00:00-04:00,162.91547660800205,162.98032003061525,157.4688269874829,158.22198486328125,26533100,0.0,0.0
2024-09-04 00:00:00-04:00,157.68828603797215,160.00759516901627,157.05484496658457,157.42393493652344,17410700,0.0,0.0
2024-09-05 00:00:00-04:00,157.39400436434443,160.62109083996646,157.13464591041972,158.21200561523438,14139500,0.0,0.0
2024-09-06 00:00:00-04:00,158.3017925853155,158.83049480687922,151.563312747768,151.75784301757812,24999100,0.0,0.0
2024-09-09 00:00:00-04:00,153.45590582289756,154.46475576754793,148.0320513690712,149.3705291748047,28057700,0.2,0.0
2024-09-10 00:00:00-04:00,151.2783669028401,152.12740974066355,149.37353031894136,149.83999633789062,20401800,0.0,0.0
2024-09-11 00:00:00-04:00,150.91877326605726,152.30719743582938,148.53148234849232,151.97756958007812,18991500,0.0,0.0
2024-09-12 00:00:00-04:00,154.63457050017044,155.43366700723274,153.32605740008628,155.36373901367188,21024100,0.0,0.0
2024-09-13 00:00:00-04:00,156.18481627479954,159.09450976947784,155.93310292862597,158.19053649902344,16733900,0.0,0.0
2024-09-16 00:00:00-04:00,158.1505891958853,159.05956168163425,157.43140384908375,158.80984497070312,14157600,0.0,0.0
2024-09-17 00:00:00-04:00,159.9085862777894,161.40688651455386,159.22936415304198,160.09837341308594,12064800,0.0,0.0
2024-09-18 00:00:00-04:00,160.66772504660898,161.4468399030182,159.47907115910084,160.6277618408203,16756500,0.0,0.0
2024-09-19 00:00:00-04:00,164.63323457867423,164.80304010702167,162.33783450864624,163.05502319335938,17548200,0.0,0.0
2024-09-20 00:00:00-04:00,164.3335710364531,164.563306133998,162.99507793413136,164.45343017578125,46362700,0.0,0.0
2024-09-23 00:00:00-04:00,165.15264014819059,166.42120530630135,162.76534900330415,162.88522338867188,15648400,0.0,0.0
2024-09-24 00:00:00-04:00,164.06386867184287,164.3635317542462,161.84638320015478,163.45455932617188,18774100,0.0,0.0
2024-09-25 00:00:00-04:00,162.78531624884735,164.03089711741433,162.590529915743,162.8052978515625,13607900,0.0,0.0
2024-09-26 00:00:00-04:00,164.84298524503635,165.31245385597128,163.31472027463025,163.64434814453125,18234500,0.0,0.0
2024-09-27 00:00:00-04:00,163.7242657889928,166.78079585063347,163.64435461360043,165.10269165039062,13604300,0.0,0.0
2024-09-30 00:00:00-04:00,164.59327657551455,167.1703548501229,164.45343582765975,167.00054931640625,14070100,0.0,0.0
2024-10-01 00:00:00-04:00,168.66864505713036,170.24685639829178,165.71199268248043,168.22914123535156,18629500,0.0,0.0
2024-10-02 00:00:00-04:00,167.56989413027304,168.68863534553668,166.0616107019645,167.1204071044922,12745000,0.0,0.0
2024-10-03 00:00:00-04:00,165.6320988394479,167.71972677770228,165.1825965896487,167.02052307128906,11004300,0.0,0.0
2024-10-04 00:00:00-04:00,169.14810293413436,169.3578716717171,166.77081027668547,168.36898803710938,11422100,0.0,0.0
2024-10-07 00:00:00-04:00,168.94832190836428,169.7074551533261,163.94400496527305,164.20370483398438,14034700,0.0,0.0
2024-10-08 00:00:00-04:00,165.2425239919952,165.91177814667768,164.1237980764021,165.51222229003906,11723900,0.0,0.0
2024-10-09 00:00:00-04:00,164.66817765222203,166.0715842494524,160.9374096441174,162.87521362304688,19666400,0.0,0.0
2024-10-10 00:00:00-04:00,161.9262918980673,164.12480167178114,161.45682329915618,162.9950714111328,12900500,0.0,0.0
2024-10-11 00:00:00-04:00,163.14491844125786,165.0827224976519,162.31585715725947,164.3335723876953,10946000,0.0,0.0
2024-10-14 00:00:00-04:00,164.72312838633286,167.43004889126075,164.5932708244699,166.1614990234375,9981800,0.0,0.0
2024-10-15 00:00:00-04:00,166.95059472266811,168.8983819154721,165.8618335791902,166.7108612060547,14829300,0.0,0.0
2024-10-16 00:00:00-04:00,165.84185377313815,167.09043727455702,165.02878083042955,166.55105590820312,9968500,0.0,0.0
2024-10-17 00:00:00-04:00,167.19033606749383,167.73970063468835,164.18373713332832,164.32357788085938,15113400,0.0,0.0
2024-10-18 00:00:00-04:00,164.68315687411,166.1814570052866,164.56329774089494,164.8629608154297,13091300,0.0,0.0
2024-10-21 00:00:00-04:00,164.39350284394692,166.03164381688842,164.11880532391672,165.61212158203125,11384000,0.0,0.0
2024-10-22 00:00:00-04:00,164.51335821526936,167.28022350717583,164.48339343071603,166.63096618652344,11958600,0.0,0.0
2024-10-23 00:00:00-04:00,166.24139686193527,167.4100844491101,163.4475693041026,164.29360961914062,12754300,0.0,0.0
2024-10-24 00:00:00-04:00,164.40348120446478,164.862966633834,162.58555157338998,164.3435516357422,12764400,0.0,0.0
2024-10-25 00:00:00-04:00,165.17760750375996,167.21028977989147,165.04275073639812,166.80076599121094,14566400,0.0,0.0
2024-10-28 00:00:00-04:00,170.3966812236567,170.41266955461435,165.60211760655622,168.14923095703125,20858300,0.0,0.0
2024-10-29 00:00:00-04:00,169.19304410385806,171.66524548184103,168.4688748329976,170.94606018066406,28916100,0.0,0.0
2024-10-30 00:00:00-04:00,182.2032983314778,183.58172416401078,175.54584251265254,175.94039916992188,49698300,0.0,0.0
2024-10-31 00:00:00-04:00,174.5220068368585,178.21781091301466,172.3644509116493,172.4943084716797,32801900,0.0,0.0
2024-11-01 00:00:00-04:00,171.34560295331048,173.62303326337351,170.11700106562338,172.454345703125,21752900,0.0,0.0
2024-11-04 00:00:00-05:00,171.04595045731364,171.72517254211823,169.292934406109,170.486572265625,16194000,0.0,0.0
2024-11-05 00:00:00-05:00,170.63641471305547,171.90197722262147,170.17692928568974,171.21575927734375,12518300,0.0,0.0
2024-11-06 00:00:00-05:00,175.15129569657023,178.43756069138865,174.84163419239505,178.12791442871094,27061500,0.0,0.0
2024-11-07 00:00:00-05:00,178.90703459922386,182.37310364247196,178.68728268213337,182.0734405517578,16730400,0.0,0.0
2024-11-08 00:00:00-05:00,181.7937633750887,182.14337286279397,179.36652428990095,179.65618896484375,15021500,0.0,0.0
2024-11-11 00:00:00-05:00,179.86595311011308,181.87866911496587,179.78604193663656,181.7637939453125,12503400,0.0,0.0
2024-11-12 00:00:00-05:00,181.17447008554376,183.8164618709321,180.7849126324006,183.11227416992188,14065800,0.0,0.0
2024-11-13 00:00:00-05:00,181.9435840117087,182.40806866359944,179.91588559929718,180.2854766845703,13969700,0.0,0.0
2024-11-14 00:00:00-05:00,179.54630680962694,180.24052654964984,175.83052110445558,177.14903259277344,17925800,0.0,0.0
2024-11-15 00:00:00-05:00,175.44096428915813,175.68069780829796,172.5492406331188,173.6929473876953,21708900,0.0,0.0
2024-11-18 00:00:00-05:00,174.75674466660527,176.70953111018625,174.2223472650081,176.5996551513672,18725400,0.0,0.0
2024-11-19 00:00:00-05:00,175.03641805114046,179.96582309430366,174.91754961402577,179.37649536132812,15392900,0.0,0.0
2024-11-20 00:00:00-05:00,178.62734371232878,178.90702518454475,175.13131006813194,177.12904357910156,15729800,0.0,0.0
2024-11-21 00:00:00-05:00,175.2561710958645,175.38102944221177,165.12266343870064,169.0482177734375,38839400,0.0,0.0
2024-11-22 00:00:00-05:00,166.97058387849523,168.07432746409233,165.52223001533417,166.38125610351562,24497000,0.0,0.0
2024-11-25 00:00:00-05:00,167.79963597170087,170.26683813927568,167.2102929875674,169.2379913330078,21395700,0.0,0.0
2024-11-26 00:00:00-05:00,169.29794186488792,171.30065946360386,169.2379970531637,170.42665100097656,14937500,0.0,0.0
2024-11-27 00:00:00-05:00,170.48657834214197,170.94606377703184,169.47772835969613,170.62643432617188,12433400,0.0,0.0
2024-11-29 00:00:00-05:00,169.86727807542474,170.67635770909138,168.5587650637913,170.2967987060547,9250700,0.0,0.0
2024-12-02 00:00:00-05:00,170.12700711841413,173.40328912685484,170.07706072822788,172.7839813232422,16593400,0.0,0.0
2024-12-03 00:00:00-05:00,172.92382163041665,174.12247402584057,172.3145122512922,172.82394409179688,15721500,0.0,0.0
2024-12-04 00:00:00-05:00,172.58421037119035,176.2300682189443,172.55424558548813,175.8904571533203,18239800,0.0,0.0
2024-12-05 00:00:00-05:00,177.119071409662,177.5086288588593,173.8128094406053,174.1124725341797,16145500,0.0,0.0
2024-12-06 00:00:00-05:00,173.68296556469517,176.63861208568355,173.35333768886213,176.29000854492188,13319500,0.0,0.0
2024-12-09 00:00:00-05:00,175.71499633789062,178.0399932861328,175.39999389648438,177.10000610351562,19887800,0.2,0.0
2024-12-10 00:00:00-05:00,184.53500366210938,188.02999877929688,182.6699981689453,186.52999877929688,34317400,0.0,0.0
2024-12-11 00:00:00-05:00,186.6999969482422,196.88999938964844,186.25999450683594,196.7100067138672,41664500,0.0,0.0
2024-12-12 00:00:00-05:00,196.3000030517578,196.7050018310547,193.27999877929688,193.6300048828125,25197800,0.0,0.0
2024-12-13 00:00:00-05:00,192.7100067138672,194.33999633789062,191.25999450683594,191.3800048828125,18883200,0.0,0.0
2024-12-16 00:00:00-05:00,194.36500549316406,200.63999938964844,194.11000061035156,198.16000366210938,32248600,0.0,0.0
2024-12-17 00:00:00-05:00,198.52999877929688,202.8800048828125,196.69000244140625,197.1199951171875,24129500,0.0,0.0
2024-12-18 00:00:00-05:00,196.8300018310547,198.69000244140625,189.27999877929688,190.14999389648438,27638400,0.0,0.0
2024-12-19 00:00:00-05:00,193.27999877929688,194.60000610351562,189.52000427246094,189.6999969482422,26981200,0.0,0.0
2024-12-20 00:00:00-05:00,187.00999450683594,194.13499450683594,186.3699951171875,192.9600067138672,45319700,0.0,0.0
2024-12-23 00:00:00-05:00,194.02999877929688,196.49000549316406,191.6300048828125,195.99000549316406,15235900,0.0,0.0
2024-12-24 00:00:00-05:00,196.1699981689453,197.6699981689453,195.197998046875,197.57000732421875,6809800,0.0,0.0
2024-12-26 00:00:00-05:00,196.74000549316406,198.16000366210938,195.8699951171875,197.10000610351562,7907900,0.0,0.0
2024-12-27 00:00:00-05:00,196.47000122070312,196.8000030517578,191.9720001220703,194.0399932861328,14693000,0.0,0.0
2024-12-30 00:00:00-05:00,190.86500549316406,193.77999877929688,190.36000061035156,192.69000244140625,12209500,0.0,0.0
2024-12-31 00:00:00-05:00,192.44500732421875,193.25,189.5800018310547,190.44000244140625,14355200,0.0,0.0
2025-01-02 00:00:00-05:00,191.48500061035156,193.1999969482422,188.7100067138672,190.6300048828125,17545200,0.0,0.0
2025-01-03 00:00:00-05:00,192.72500610351562,194.5,191.35000610351562,193.1300048828125,12875000,0.0,0.0
2025-01-06 00:00:00-05:00,195.14999389648438,199.55999755859375,195.05999755859375,197.9600067138672,19483300,0.0,0.0
2025-01-07 00:00:00-05:00,198.27000427246094,202.13999938964844,195.94000244140625,196.7100067138672,16966800,0.0,0.0
2025-01-08 00:00:00-05:00,193.9499969482422,197.63999938964844,193.75,195.38999938964844,14335300,0.0,0.0
2025-01-10 00:00:00-05:00,195.4199981689453,197.6199951171875,191.60000610351562,193.1699981689453,20753800,0.0,0.0
2025-01-13 00:00:00-05:00,191.35000610351562,192.49000549316406,188.66000366210938,192.2899932861328,13169100,0.0,0.0
2025-01-14 00:00:00-05:00,192.5,193.27000427246094,189.63999938964844,191.0500030517578,13651200,0.0,0.0
2025-01-15 00:00:00-05:00,194.35000610351562,197.8000030517578,193.3300018310547,196.97999572753906,12894900,0.0,0.0
2025-01-16 00:00:00-05:00,195.8249969482422,196.97999572753906,194.3000030517578,194.41000366210938,13449600,0.0,0.0
2025-01-17 00:00:00-05:00,198.0500030517578,198.80999755859375,195.30999755859375,197.5500030517578,22109100,0.0,0.0
2025-01-21 00:00:00-05:00,200.50999450683594,203.83999633789062,199.44000244140625,199.6300048828125,19005200,0.0,0.0
2025-01-22 00:00:00-05:00,200.5500030517578,202.1199951171875,199.1999969482422,200.02999877929688,15477400,0.0,0.0
2025-01-23 00:00:00-05:00,199.97999572753906,201.94000244140625,196.82000732421875,199.5800018310547,15170800,0.0,0.0
2025-01-24 00:00:00-05:00,199.85000610351562,202.57000732421875,199.78399658203125,201.89999389648438,12712800,0.0,0.0
2025-01-27 00:00:00-05:00,194.19000244140625,198.6699981689453,192.70350646972656,193.77000427246094,24743488,0.0,0.0
