Date,Open,High,Low,Close,Volume,Dividends,Stock Splits
2022-01-03 00:00:00-05:00,15.300000190734863,16.43000030517578,14.619999885559082,16.270000457763672,592200,0.0,0.0
2022-01-04 00:00:00-05:00,16.260000228881836,16.790000915527344,15.609999656677246,15.770000457763672,660000,0.0,0.0
2022-01-05 00:00:00-05:00,15.600000381469727,15.6899995803833,14.260000228881836,14.369999885559082,1106700,0.0,0.0
2022-01-06 00:00:00-05:00,14.449999809265137,14.739999771118164,13.819999694824219,14.359999656677246,954600,0.0,0.0
2022-01-07 00:00:00-05:00,14.180000305175781,14.489999771118164,12.979999542236328,13.130000114440918,1082200,0.0,0.0
2022-01-10 00:00:00-05:00,13.0,13.079999923706055,11.25,12.300000190734863,1955600,0.0,0.0
2022-01-11 00:00:00-05:00,12.319999694824219,13.140000343322754,11.770000457763672,12.699999809265137,851800,0.0,0.0
2022-01-12 00:00:00-05:00,12.75,13.029999732971191,12.170000076293945,12.260000228881836,802100,0.0,0.0
2022-01-13 00:00:00-05:00,12.180000305175781,12.670000076293945,10.569999694824219,10.670000076293945,1654900,0.0,0.0
2022-01-14 00:00:00-05:00,10.5,11.34000015258789,10.15999984741211,10.430000305175781,1522600,0.0,0.0
2022-01-18 00:00:00-05:00,10.130000114440918,10.390000343322754,9.600000381469727,9.649999618530273,1393900,0.0,0.0
2022-01-19 00:00:00-05:00,9.649999618530273,9.75,8.649999618530273,8.6899995803833,2157200,0.0,0.0
2022-01-20 00:00:00-05:00,8.680000305175781,9.380000114440918,8.199999809265137,8.220000267028809,2323100,0.0,0.0
2022-01-21 00:00:00-05:00,8.300000190734863,8.300000190734863,6.690000057220459,7.460000038146973,3534300,0.0,0.0
2022-01-24 00:00:00-05:00,7.400000095367432,7.429999828338623,6.53000020980835,7.309999942779541,2364900,0.0,0.0
2022-01-25 00:00:00-05:00,7.289999961853027,7.460000038146973,6.860000133514404,7.130000114440918,1271500,0.0,0.0
2022-01-26 00:00:00-05:00,7.519999980926514,8.09000015258789,7.150000095367432,7.289999961853027,1989800,0.0,0.0
2022-01-27 00:00:00-05:00,7.590000152587891,7.760000228881836,6.53000020980835,6.579999923706055,1733700,0.0,0.0
2022-01-28 00:00:00-05:00,6.679999828338623,6.679999828338623,6.159999847412109,6.539999961853027,1715500,0.0,0.0
2022-01-31 00:00:00-05:00,6.699999809265137,7.320000171661377,6.550000190734863,7.210000038146973,1515200,0.0,0.0
2022-02-01 00:00:00-05:00,7.440000057220459,7.800000190734863,7.110000133514404,7.630000114440918,1125600,0.0,0.0
2022-02-02 00:00:00-05:00,7.96999979019165,7.96999979019165,6.949999809265137,7.119999885559082,1157000,0.0,0.0
2022-02-03 00:00:00-05:00,6.820000171661377,7.070000171661377,6.400000095367432,6.480000019073486,1082800,0.0,0.0
2022-02-04 00:00:00-05:00,6.550000190734863,7.119999885559082,6.480000019073486,6.929999828338623,861600,0.0,0.0
2022-02-07 00:00:00-05:00,6.690000057220459,7.440000057220459,6.690000057220459,6.949999809265137,608400,0.0,0.0
2022-02-08 00:00:00-05:00,6.880000114440918,7.369999885559082,6.869999885559082,7.300000190734863,678700,0.0,0.0
2022-02-09 00:00:00-05:00,7.449999809265137,7.889999866485596,7.400000095367432,7.590000152587891,1014600,0.0,0.0
2022-02-10 00:00:00-05:00,7.5,7.980000019073486,7.480000019073486,7.559999942779541,1062100,0.0,0.0
2022-02-11 00:00:00-05:00,7.5,7.650000095367432,6.5,6.639999866485596,1335200,0.0,0.0
2022-02-14 00:00:00-05:00,6.550000190734863,6.789999961853027,6.260000228881836,6.599999904632568,981700,0.0,0.0
2022-02-15 00:00:00-05:00,6.860000133514404,7.599999904632568,6.760000228881836,7.539999961853027,852900,0.0,0.0
2022-02-16 00:00:00-05:00,7.480000019073486,7.579999923706055,7.159999847412109,7.230000019073486,703200,0.0,0.0
2022-02-17 00:00:00-05:00,7.130000114440918,7.25,6.75,6.829999923706055,637800,0.0,0.0
2022-02-18 00:00:00-05:00,6.78000020980835,6.980000019073486,6.400000095367432,6.710000038146973,1022500,0.0,0.0
2022-02-22 00:00:00-05:00,6.619999885559082,6.690000057220459,6.099999904632568,6.150000095367432,1008300,0.0,0.0
2022-02-23 00:00:00-05:00,6.28000020980835,6.46999979019165,5.949999809265137,6.110000133514404,1048500,0.0,0.0
2022-02-24 00:00:00-05:00,5.639999866485596,6.769999980926514,5.539999961853027,6.679999828338623,1199900,0.0,0.0
2022-02-25 00:00:00-05:00,6.71999979019165,7.130000114440918,6.349999904632568,6.940000057220459,556900,0.0,0.0
2022-02-28 00:00:00-05:00,6.789999961853027,7.619999885559082,6.78000020980835,7.53000020980835,830600,0.0,0.0
2022-03-01 00:00:00-05:00,7.5,7.71999979019165,7.179999828338623,7.239999771118164,536900,0.0,0.0
2022-03-02 00:00:00-05:00,7.239999771118164,7.849999904632568,7.139999866485596,7.53000020980835,738700,0.0,0.0
2022-03-03 00:00:00-05:00,7.599999904632568,7.650000095367432,7.03000020980835,7.449999809265137,794600,0.0,0.0
2022-03-04 00:00:00-05:00,7.28000020980835,7.340000152587891,6.829999923706055,7.079999923706055,730800,0.0,0.0
2022-03-07 00:00:00-05:00,7.099999904632568,7.46999979019165,6.809999942779541,6.989999771118164,849100,0.0,0.0
2022-03-08 00:00:00-05:00,7.039999961853027,7.670000076293945,6.909999847412109,7.25,617000,0.0,0.0
2022-03-09 00:00:00-05:00,7.46999979019165,8.0600004196167,7.349999904632568,7.849999904632568,924100,0.0,0.0
2022-03-10 00:00:00-05:00,7.75,8.800000190734863,7.650000095367432,8.6899995803833,1194600,0.0,0.0
2022-03-11 00:00:00-05:00,8.920000076293945,9.449999809265137,8.529999732971191,8.779999732971191,1381200,0.0,0.0
2022-03-14 00:00:00-04:00,8.699999809265137,8.890000343322754,7.28000020980835,7.340000152587891,1367600,0.0,0.0
2022-03-15 00:00:00-04:00,7.320000171661377,8.0600004196167,6.909999847412109,7.860000133514404,677600,0.0,0.0
2022-03-16 00:00:00-04:00,8.029999732971191,8.430000305175781,7.769999980926514,8.1899995803833,899300,0.0,0.0
2022-03-17 00:00:00-04:00,8.180000305175781,8.9399995803833,8.100000381469727,8.899999618530273,660800,0.0,0.0
2022-03-18 00:00:00-04:00,8.800000190734863,9.550000190734863,8.789999961853027,9.270000457763672,907200,0.0,0.0
2022-03-21 00:00:00-04:00,9.319999694824219,10.539999961853027,9.279999732971191,9.850000381469727,1157300,0.0,0.0
2022-03-22 00:00:00-04:00,9.729999542236328,10.100000381469727,9.239999771118164,9.319999694824219,1447600,0.0,0.0
2022-03-23 00:00:00-04:00,9.270000457763672,9.319999694824219,8.890000343322754,8.930000305175781,887500,0.0,0.0
2022-03-24 00:00:00-04:00,8.979999542236328,9.420000076293945,8.949999809265137,9.119999885559082,604300,0.0,0.0
2022-03-25 00:00:00-04:00,9.079999923706055,9.600000381469727,9.020000457763672,9.25,542800,0.0,0.0
2022-03-28 00:00:00-04:00,9.270000457763672,9.930000305175781,9.270000457763672,9.75,583900,0.0,0.0
2022-03-29 00:00:00-04:00,9.899999618530273,10.720000267028809,9.880000114440918,10.710000038146973,931900,0.0,0.0
2022-03-30 00:00:00-04:00,10.710000038146973,10.989999771118164,10.199999809265137,10.699999809265137,1098300,0.0,0.0
2022-03-31 00:00:00-04:00,10.640000343322754,10.640000343322754,9.600000381469727,9.609999656677246,806100,0.0,0.0
2022-04-01 00:00:00-04:00,9.699999809265137,10.180000305175781,9.699999809265137,10.020000457763672,617900,0.0,0.0
2022-04-04 00:00:00-04:00,10.0600004196167,11.0,10.0600004196167,10.899999618530273,715300,0.0,0.0
2022-04-05 00:00:00-04:00,10.90999984741211,10.949999809265137,10.270000457763672,10.569999694824219,755900,0.0,0.0
2022-04-06 00:00:00-04:00,10.449999809265137,10.460000038146973,9.5,9.989999771118164,823500,0.0,0.0
2022-04-07 00:00:00-04:00,10.100000381469727,10.260000228881836,9.25,9.609999656677246,582700,0.0,0.0
2022-04-08 00:00:00-04:00,9.59000015258789,9.90999984741211,9.350000381469727,9.670000076293945,568400,0.0,0.0
2022-04-11 00:00:00-04:00,9.550000190734863,9.649999618530273,9.180000305175781,9.539999961853027,412000,0.0,0.0
2022-04-12 00:00:00-04:00,9.710000038146973,10.369999885559082,9.449999809265137,9.579999923706055,952500,0.0,0.0
2022-04-13 00:00:00-04:00,9.579999923706055,10.770000457763672,9.449999809265137,10.6899995803833,713500,0.0,0.0
2022-04-14 00:00:00-04:00,10.710000038146973,11.0,10.5600004196167,10.8100004196167,652800,0.0,0.0
2022-04-18 00:00:00-04:00,10.75,11.890000343322754,10.600000381469727,11.579999923706055,1377500,0.0,0.0
2022-04-19 00:00:00-04:00,11.5600004196167,13.079999923706055,11.5600004196167,12.890000343322754,1900900,0.0,0.0
2022-04-20 00:00:00-04:00,12.90999984741211,13.59000015258789,12.100000381469727,12.5,1411100,0.0,0.0
2022-04-21 00:00:00-04:00,12.65999984741211,12.770000457763672,11.4399995803833,11.699999809265137,1437800,0.0,0.0
2022-04-22 00:00:00-04:00,11.699999809265137,11.930000305175781,10.770000457763672,10.899999618530273,867200,0.0,0.0
2022-04-25 00:00:00-04:00,10.5,11.819999694824219,10.300000190734863,11.800000190734863,938600,0.0,0.0
2022-04-26 00:00:00-04:00,11.729999542236328,11.989999771118164,10.930000305175781,11.100000381469727,715200,0.0,0.0
2022-04-27 00:00:00-04:00,11.010000228881836,11.819999694824219,11.0,11.369999885559082,760400,0.0,0.0
2022-04-28 00:00:00-04:00,11.569999694824219,11.970000267028809,11.0,11.8100004196167,617800,0.0,0.0
2022-04-29 00:00:00-04:00,11.670000076293945,12.34000015258789,11.3100004196167,11.369999885559082,632200,0.0,0.0
2022-05-02 00:00:00-04:00,11.029999732971191,11.729999542236328,10.600000381469727,11.25,952100,0.0,0.0
2022-05-03 00:00:00-04:00,11.210000038146973,12.100000381469727,10.920000076293945,12.079999923706055,611000,0.0,0.0
2022-05-04 00:00:00-04:00,12.0,12.649999618530273,11.25,12.630000114440918,931700,0.0,0.0
2022-05-05 00:00:00-04:00,12.369999885559082,13.029999732971191,11.569999694824219,11.890000343322754,872300,0.0,0.0
2022-05-06 00:00:00-04:00,11.6899995803833,11.720000267028809,10.569999694824219,11.020000457763672,943600,0.0,0.0
2022-05-09 00:00:00-04:00,10.600000381469727,10.600000381469727,9.220000267028809,9.369999885559082,1883900,0.0,0.0
2022-05-10 00:00:00-04:00,9.569999694824219,9.869999885559082,7.460000038146973,7.639999866485596,2659900,0.0,0.0
2022-05-11 00:00:00-04:00,7.449999809265137,7.949999809265137,6.579999923706055,7.090000152587891,3663200,0.0,0.0
2022-05-12 00:00:00-04:00,6.889999866485596,7.28000020980835,6.230000019073486,6.929999828338623,2435000,0.0,0.0
2022-05-13 00:00:00-04:00,7.21999979019165,8.640000343322754,7.21999979019165,8.119999885559082,2242300,0.0,0.0
2022-05-16 00:00:00-04:00,7.909999847412109,8.239999771118164,7.480000019073486,7.510000228881836,1227000,0.0,0.0
2022-05-17 00:00:00-04:00,7.920000076293945,8.350000381469727,7.659999847412109,8.25,1198100,0.0,0.0
2022-05-18 00:00:00-04:00,8.050000190734863,8.649999618530273,7.710000038146973,7.949999809265137,1173000,0.0,0.0
2022-05-19 00:00:00-04:00,7.760000228881836,8.229999542236328,7.760000228881836,7.940000057220459,811700,0.0,0.0
2022-05-20 00:00:00-04:00,8.239999771118164,8.59000015258789,7.570000171661377,7.900000095367432,1247500,0.0,0.0
2022-05-23 00:00:00-04:00,8.079999923706055,8.15999984741211,7.659999847412109,7.71999979019165,853500,0.0,0.0
2022-05-24 00:00:00-04:00,7.5,7.519999980926514,7.050000190734863,7.360000133514404,1260300,0.0,0.0
2022-05-25 00:00:00-04:00,7.340000152587891,7.420000076293945,6.949999809265137,7.199999809265137,1332600,0.0,0.0
2022-05-26 00:00:00-04:00,7.260000228881836,8.15999984741211,7.260000228881836,7.550000190734863,1400800,0.0,0.0
2022-05-27 00:00:00-04:00,7.5,8.119999885559082,7.5,7.980000019073486,1156000,0.0,0.0
2022-05-31 00:00:00-04:00,8.15999984741211,8.199999809265137,7.71999979019165,8.010000228881836,4077100,0.0,0.0
2022-06-01 00:00:00-04:00,8.039999961853027,8.380000114440918,7.860000133514404,7.929999828338623,1294100,0.0,0.0
2022-06-02 00:00:00-04:00,7.889999866485596,8.239999771118164,6.599999904632568,6.940000057220459,5639400,0.0,0.0
2022-06-03 00:00:00-04:00,6.940000057220459,6.949999809265137,6.53000020980835,6.940000057220459,1571600,0.0,0.0
2022-06-06 00:00:00-04:00,7.130000114440918,7.480000019073486,6.5,6.599999904632568,2303700,0.0,0.0
2022-06-07 00:00:00-04:00,6.510000228881836,6.670000076293945,6.260000228881836,6.610000133514404,1698400,0.0,0.0
2022-06-08 00:00:00-04:00,6.630000114440918,7.150000095367432,6.449999809265137,6.989999771118164,1328400,0.0,0.0
2022-06-09 00:00:00-04:00,6.929999828338623,6.929999828338623,6.28000020980835,6.320000171661377,1502500,0.0,0.0
2022-06-10 00:00:00-04:00,6.320000171661377,6.389999866485596,5.909999847412109,6.139999866485596,1282700,0.0,0.0
2022-06-13 00:00:00-04:00,5.929999828338623,5.929999828338623,5.389999866485596,5.510000228881836,1517000,0.0,0.0
2022-06-14 00:00:00-04:00,5.590000152587891,5.820000171661377,5.510000228881836,5.809999942779541,1239900,0.0,0.0
2022-06-15 00:00:00-04:00,5.900000095367432,6.340000152587891,5.760000228881836,6.170000076293945,1212300,0.0,0.0
2022-06-16 00:00:00-04:00,6.0,6.179999828338623,5.820000171661377,6.099999904632568,1357700,0.0,0.0
2022-06-17 00:00:00-04:00,6.239999771118164,6.739999771118164,6.130000114440918,6.639999866485596,1513600,0.0,0.0
2022-06-21 00:00:00-04:00,6.690000057220459,7.03000020980835,6.570000171661377,6.599999904632568,1531900,0.0,0.0
2022-06-22 00:00:00-04:00,6.53000020980835,6.739999771118164,6.300000190734863,6.480000019073486,889600,0.0,0.0
2022-06-23 00:00:00-04:00,6.559999942779541,6.909999847412109,6.5,6.900000095367432,835500,0.0,0.0
2022-06-24 00:00:00-04:00,7.03000020980835,7.150000095367432,6.46999979019165,6.619999885559082,13764300,0.0,0.0
2022-06-27 00:00:00-04:00,6.760000228881836,6.900000095367432,6.409999847412109,6.769999980926514,954400,0.0,0.0
2022-06-28 00:00:00-04:00,6.730000019073486,7.079999923706055,6.420000076293945,6.46999979019165,1282100,0.0,0.0
2022-06-29 00:00:00-04:00,6.699999809265137,6.699999809265137,5.78000020980835,5.889999866485596,1319100,0.0,0.0
2022-06-30 00:00:00-04:00,5.800000190734863,6.559999942779541,5.78000020980835,6.539999961853027,857400,0.0,0.0
2022-07-01 00:00:00-04:00,6.46999979019165,6.539999961853027,6.059999942779541,6.480000019073486,984500,0.0,0.0
2022-07-05 00:00:00-04:00,6.400000095367432,6.639999866485596,6.139999866485596,6.610000133514404,678300,0.0,0.0
2022-07-06 00:00:00-04:00,6.630000114440918,7.039999961853027,6.579999923706055,7.0,1291900,0.0,0.0
2022-07-07 00:00:00-04:00,7.019999980926514,8.039999961853027,6.989999771118164,7.989999771118164,1089100,0.0,0.0
2022-07-08 00:00:00-04:00,7.900000095367432,8.649999618530273,7.699999809265137,8.640000343322754,855600,0.0,0.0
2022-07-11 00:00:00-04:00,8.640000343322754,9.170000076293945,8.350000381469727,8.75,1078900,0.0,0.0
2022-07-12 00:00:00-04:00,8.75,9.510000228881836,8.670000076293945,9.390000343322754,1358100,0.0,0.0
2022-07-13 00:00:00-04:00,9.149999618530273,10.069999694824219,9.0600004196167,9.979999542236328,1153600,0.0,0.0
2022-07-14 00:00:00-04:00,9.920000076293945,9.949999809265137,9.15999984741211,9.649999618530273,969000,0.0,0.0
2022-07-15 00:00:00-04:00,9.829999923706055,9.930000305175781,9.289999961853027,9.890000343322754,1000900,0.0,0.0
2022-07-18 00:00:00-04:00,9.989999771118164,10.479999542236328,9.850000381469727,9.899999618530273,823400,0.0,0.0
2022-07-19 00:00:00-04:00,9.90999984741211,10.630000114440918,9.90999984741211,10.489999771118164,603700,0.0,0.0
2022-07-20 00:00:00-04:00,10.5,11.579999923706055,10.40999984741211,11.5,1081300,0.0,0.0
2022-07-21 00:00:00-04:00,11.449999809265137,11.869999885559082,11.140000343322754,11.699999809265137,701100,0.0,0.0
2022-07-22 00:00:00-04:00,11.699999809265137,11.699999809265137,10.270000457763672,10.350000381469727,940200,0.0,0.0
2022-07-25 00:00:00-04:00,10.350000381469727,10.649999618530273,9.569999694824219,10.600000381469727,883600,0.0,0.0
2022-07-26 00:00:00-04:00,10.430000305175781,10.600000381469727,9.600000381469727,9.649999618530273,583400,0.0,0.0
2022-07-27 00:00:00-04:00,9.890000343322754,10.020000457763672,9.329999923706055,9.789999961853027,811800,0.0,0.0
2022-07-28 00:00:00-04:00,9.850000381469727,10.449999809265137,9.609999656677246,10.369999885559082,576200,0.0,0.0
2022-07-29 00:00:00-04:00,10.350000381469727,10.739999771118164,10.15999984741211,10.670000076293945,531800,0.0,0.0
2022-08-01 00:00:00-04:00,10.65999984741211,11.390000343322754,10.380000114440918,11.199999809265137,612100,0.0,0.0
2022-08-02 00:00:00-04:00,11.029999732971191,11.729999542236328,10.710000038146973,11.0,794000,0.0,0.0
2022-08-03 00:00:00-04:00,11.0,11.270000457763672,10.640000343322754,11.210000038146973,702200,0.0,0.0
2022-08-04 00:00:00-04:00,11.239999771118164,11.489999771118164,10.770000457763672,10.859999656677246,624200,0.0,0.0
2022-08-05 00:00:00-04:00,10.59000015258789,10.90999984741211,10.40999984741211,10.600000381469727,985100,0.0,0.0
2022-08-08 00:00:00-04:00,10.869999885559082,11.220000267028809,10.079999923706055,10.279999732971191,599500,0.0,0.0
2022-08-09 00:00:00-04:00,10.260000228881836,10.5,9.829999923706055,9.989999771118164,681400,0.0,0.0
2022-08-10 00:00:00-04:00,10.479999542236328,10.779999732971191,10.1899995803833,10.619999885559082,725900,0.0,0.0
2022-08-11 00:00:00-04:00,10.649999618530273,11.130000114440918,10.619999885559082,10.770000457763672,419200,0.0,0.0
2022-08-12 00:00:00-04:00,10.8100004196167,11.390000343322754,10.6899995803833,11.329999923706055,543100,0.0,0.0
2022-08-15 00:00:00-04:00,11.220000267028809,11.630000114440918,11.100000381469727,11.470000267028809,493200,0.0,0.0
2022-08-16 00:00:00-04:00,11.449999809265137,11.609999656677246,11.100000381469727,11.479999542236328,397000,0.0,0.0
2022-08-17 00:00:00-04:00,11.420000076293945,12.210000038146973,11.1899995803833,12.170000076293945,953000,0.0,0.0
2022-08-18 00:00:00-04:00,12.130000114440918,12.430000305175781,11.279999732971191,11.4399995803833,653700,0.0,0.0
2022-08-19 00:00:00-04:00,11.199999809265137,11.199999809265137,10.039999961853027,10.170000076293945,1387800,0.0,0.0
2022-08-22 00:00:00-04:00,9.869999885559082,10.130000114440918,9.399999618530273,9.949999809265137,698000,0.0,0.0
2022-08-23 00:00:00-04:00,9.920000076293945,10.649999618530273,9.920000076293945,10.15999984741211,458700,0.0,0.0
2022-08-24 00:00:00-04:00,9.970000267028809,10.489999771118164,9.970000267028809,10.15999984741211,396100,0.0,0.0
2022-08-25 00:00:00-04:00,10.199999809265137,10.75,10.180000305175781,10.729999542236328,364000,0.0,0.0
2022-08-26 00:00:00-04:00,10.720000267028809,10.720000267028809,9.880000114440918,10.050000190734863,366800,0.0,0.0
2022-08-29 00:00:00-04:00,10.0600004196167,10.4399995803833,9.649999618530273,9.699999809265137,483500,0.0,0.0
2022-08-30 00:00:00-04:00,9.699999809265137,10.0,8.479999542236328,8.579999923706055,1346100,0.0,0.0
2022-08-31 00:00:00-04:00,8.6899995803833,8.6899995803833,7.929999828338623,7.96999979019165,1714100,0.0,0.0
2022-09-01 00:00:00-04:00,7.920000076293945,7.920000076293945,7.190000057220459,7.690000057220459,1232700,0.0,0.0
2022-09-02 00:00:00-04:00,7.849999904632568,8.210000038146973,7.510000228881836,7.570000171661377,646000,0.0,0.0
2022-09-06 00:00:00-04:00,7.599999904632568,7.949999809265137,7.460000038146973,7.550000190734863,557700,0.0,0.0
2022-09-07 00:00:00-04:00,7.489999771118164,8.020000457763672,7.409999847412109,7.96999979019165,466300,0.0,0.0
2022-09-08 00:00:00-04:00,8.029999732971191,8.390000343322754,7.909999847412109,8.15999984741211,932100,0.0,0.0
2022-09-09 00:00:00-04:00,8.210000038146973,9.40999984741211,8.210000038146973,9.270000457763672,708000,0.0,0.0
2022-09-12 00:00:00-04:00,9.300000190734863,9.619999885559082,9.029999732971191,9.210000038146973,438700,0.0,0.0
2022-09-13 00:00:00-04:00,8.800000190734863,9.050000190734863,8.1899995803833,8.75,871100,0.0,0.0
2022-09-14 00:00:00-04:00,8.579999923706055,9.050000190734863,8.399999618530273,8.760000228881836,373100,0.0,0.0
2022-09-15 00:00:00-04:00,8.680000305175781,8.869999885559082,8.25,8.550000190734863,572800,0.0,0.0
2022-09-16 00:00:00-04:00,8.359999656677246,8.539999961853027,8.010000228881836,8.40999984741211,1075400,0.0,0.0
2022-09-19 00:00:00-04:00,8.149999618530273,8.460000038146973,8.050000190734863,8.170000076293945,440000,0.0,0.0
2022-09-20 00:00:00-04:00,8.079999923706055,8.119999885559082,7.900000095367432,8.039999961853027,504000,0.0,0.0
2022-09-21 00:00:00-04:00,8.140000343322754,8.640000343322754,8.050000190734863,8.069999694824219,522300,0.0,0.0
2022-09-22 00:00:00-04:00,8.300000190734863,8.449999809265137,7.590000152587891,7.849999904632568,541000,0.0,0.0
2022-09-23 00:00:00-04:00,7.650000095367432,7.699999809265137,7.059999942779541,7.300000190734863,927900,0.0,0.0
2022-09-26 00:00:00-04:00,7.230000019073486,8.079999923706055,7.139999866485596,7.300000190734863,602200,0.0,0.0
2022-09-27 00:00:00-04:00,7.460000038146973,7.739999771118164,7.110000133514404,7.300000190734863,392100,0.0,0.0
2022-09-28 00:00:00-04:00,7.309999942779541,7.96999979019165,7.21999979019165,7.860000133514404,448700,0.0,0.0
2022-09-29 00:00:00-04:00,7.570000171661377,7.570000171661377,7.0,7.340000152587891,861000,0.0,0.0
2022-09-30 00:00:00-04:00,7.349999904632568,8.0600004196167,7.079999923706055,7.340000152587891,834000,0.0,0.0
2022-10-03 00:00:00-04:00,7.5,7.570000171661377,6.849999904632568,7.0,936300,0.0,0.0
2022-10-04 00:00:00-04:00,7.190000057220459,7.960000038146973,7.170000076293945,7.789999961853027,719700,0.0,0.0
2022-10-05 00:00:00-04:00,7.610000133514404,7.679999828338623,7.21999979019165,7.550000190734863,488000,0.0,0.0
2022-10-06 00:00:00-04:00,7.5,7.789999961853027,7.25,7.329999923706055,454100,0.0,0.0
2022-10-07 00:00:00-04:00,7.260000228881836,7.389999866485596,6.809999942779541,6.920000076293945,762800,0.0,0.0
2022-10-10 00:00:00-04:00,6.929999828338623,7.0,6.349999904632568,6.510000228881836,642400,0.0,0.0
2022-10-11 00:00:00-04:00,6.449999809265137,6.960000038146973,6.21999979019165,6.650000095367432,699100,0.0,0.0
2022-10-12 00:00:00-04:00,6.699999809265137,7.039999961853027,6.320000171661377,6.840000152587891,532700,0.0,0.0
2022-10-13 00:00:00-04:00,6.449999809265137,7.199999809265137,6.210000038146973,6.989999771118164,724200,0.0,0.0
2022-10-14 00:00:00-04:00,7.059999942779541,7.079999923706055,6.429999828338623,6.449999809265137,570400,0.0,0.0
2022-10-17 00:00:00-04:00,6.769999980926514,7.079999923706055,6.590000152587891,6.730000019073486,632000,0.0,0.0
2022-10-18 00:00:00-04:00,6.989999771118164,7.090000152587891,6.53000020980835,6.619999885559082,503000,0.0,0.0
2022-10-19 00:00:00-04:00,6.5,6.599999904632568,6.260000228881836,6.449999809265137,638000,0.0,0.0
2022-10-20 00:00:00-04:00,6.449999809265137,6.769999980926514,6.190000057220459,6.25,645600,0.0,0.0
2022-10-21 00:00:00-04:00,6.260000228881836,6.670000076293945,6.019999980926514,6.610000133514404,660800,0.0,0.0
2022-10-24 00:00:00-04:00,6.639999866485596,6.869999885559082,6.329999923706055,6.71999979019165,547400,0.0,0.0
2022-10-25 00:00:00-04:00,6.710000038146973,7.400000095367432,6.710000038146973,7.349999904632568,892600,0.0,0.0
2022-10-26 00:00:00-04:00,7.230000019073486,7.71999979019165,7.230000019073486,7.340000152587891,742000,0.0,0.0
2022-10-27 00:00:00-04:00,7.340000152587891,7.690000057220459,7.150000095367432,7.480000019073486,442400,0.0,0.0
2022-10-28 00:00:00-04:00,7.550000190734863,8.369999885559082,7.320000171661377,8.260000228881836,991900,0.0,0.0
2022-10-31 00:00:00-04:00,8.260000228881836,8.710000038146973,8.09000015258789,8.470000267028809,1032200,0.0,0.0
2022-11-01 00:00:00-04:00,8.579999923706055,8.609999656677246,8.149999618530273,8.1899995803833,520700,0.0,0.0
2022-11-02 00:00:00-04:00,8.109999656677246,8.289999961853027,7.449999809265137,7.519999980926514,619600,0.0,0.0
2022-11-03 00:00:00-04:00,7.409999847412109,7.900000095367432,7.340000152587891,7.460000038146973,430200,0.0,0.0
2022-11-04 00:00:00-04:00,7.619999885559082,7.789999961853027,6.949999809265137,7.239999771118164,786900,0.0,0.0
2022-11-07 00:00:00-05:00,7.239999771118164,7.460000038146973,6.900000095367432,7.429999828338623,390600,0.0,0.0
2022-11-08 00:00:00-05:00,7.5,7.849999904632568,7.21999979019165,7.489999771118164,406500,0.0,0.0
2022-11-09 00:00:00-05:00,7.309999942779541,7.420000076293945,6.96999979019165,7.03000020980835,421400,0.0,0.0
2022-11-10 00:00:00-05:00,7.570000171661377,8.5600004196167,7.570000171661377,8.180000305175781,1163600,0.0,0.0
2022-11-11 00:00:00-05:00,8.15999984741211,8.649999618530273,8.039999961853027,8.510000228881836,608000,0.0,0.0
2022-11-14 00:00:00-05:00,8.5,8.75,8.109999656677246,8.680000305175781,546400,0.0,0.0
2022-11-15 00:00:00-05:00,8.880000114440918,9.640000343322754,8.779999732971191,9.1899995803833,742600,0.0,0.0
2022-11-16 00:00:00-05:00,9.199999809265137,9.199999809265137,8.510000228881836,8.699999809265137,536100,0.0,0.0
2022-11-17 00:00:00-05:00,8.640000343322754,8.850000381469727,8.3100004196167,8.569999694824219,607600,0.0,0.0
2022-11-18 00:00:00-05:00,8.899999618530273,9.0,8.029999732971191,8.3100004196167,535900,0.0,0.0
2022-11-21 00:00:00-05:00,8.199999809265137,8.260000228881836,7.730000019073486,8.239999771118164,435500,0.0,0.0
2022-11-22 00:00:00-05:00,8.3100004196167,8.430000305175781,8.020000457763672,8.359999656677246,294800,0.0,0.0
2022-11-23 00:00:00-05:00,8.369999885559082,8.84000015258789,8.350000381469727,8.760000228881836,390900,0.0,0.0
2022-11-25 00:00:00-05:00,8.779999732971191,8.9399995803833,8.569999694824219,8.920000076293945,145400,0.0,0.0
2022-11-28 00:00:00-05:00,8.789999961853027,8.869999885559082,8.020000457763672,8.079999923706055,613500,0.0,0.0
2022-11-29 00:00:00-05:00,8.100000381469727,8.390000343322754,7.639999866485596,7.650000095367432,568300,0.0,0.0
2022-11-30 00:00:00-05:00,7.809999942779541,7.989999771118164,7.289999961853027,7.929999828338623,1084700,0.0,0.0
2022-12-01 00:00:00-05:00,8.100000381469727,8.100000381469727,7.360000133514404,7.400000095367432,654400,0.0,0.0
2022-12-02 00:00:00-05:00,7.289999961853027,7.5,7.03000020980835,7.460000038146973,597900,0.0,0.0
2022-12-05 00:00:00-05:00,7.449999809265137,7.619999885559082,7.050000190734863,7.199999809265137,501900,0.0,0.0
2022-12-06 00:00:00-05:00,7.179999828338623,7.21999979019165,6.739999771118164,6.909999847412109,801700,0.0,0.0
2022-12-07 00:00:00-05:00,6.829999923706055,7.420000076293945,6.829999923706055,7.25,734600,0.0,0.0
2022-12-08 00:00:00-05:00,7.349999904632568,7.78000020980835,7.199999809265137,7.389999866485596,493600,0.0,0.0
2022-12-09 00:00:00-05:00,7.380000114440918,7.579999923706055,7.269999980926514,7.510000228881836,447000,0.0,0.0
2022-12-12 00:00:00-05:00,7.320000171661377,7.320000171661377,6.769999980926514,7.119999885559082,783400,0.0,0.0
2022-12-13 00:00:00-05:00,7.610000133514404,7.989999771118164,7.079999923706055,7.139999866485596,646300,0.0,0.0
2022-12-14 00:00:00-05:00,7.050000190734863,7.409999847412109,6.949999809265137,7.070000171661377,400500,0.0,0.0
2022-12-15 00:00:00-05:00,6.949999809265137,7.0,6.619999885559082,6.71999979019165,559400,0.0,0.0
2022-12-16 00:00:00-05:00,6.550000190734863,6.809999942779541,6.369999885559082,6.510000228881836,757400,0.0,0.0
2022-12-19 00:00:00-05:00,6.599999904632568,6.639999866485596,5.670000076293945,5.690000057220459,1209400,0.0,0.0
2022-12-20 00:00:00-05:00,5.650000095367432,5.71999979019165,5.28000020980835,5.420000076293945,920100,0.0,0.0
2022-12-21 00:00:00-05:00,5.449999809265137,5.699999809265137,5.349999904632568,5.400000095367432,738800,0.0,0.0
2022-12-22 00:00:00-05:00,5.329999923706055,5.329999923706055,4.599999904632568,4.860000133514404,1644800,0.0,0.0
2022-12-23 00:00:00-05:00,4.829999923706055,5.050000190734863,4.699999809265137,4.739999771118164,1051400,0.0,0.0
2022-12-27 00:00:00-05:00,4.760000228881836,4.78000020980835,3.9100000858306885,4.019999980926514,2534800,0.0,0.0
2022-12-28 00:00:00-05:00,4.050000190734863,4.429999828338623,4.0,4.130000114440918,1408400,0.0,0.0
2022-12-29 00:00:00-05:00,4.369999885559082,4.429999828338623,4.059999942779541,4.340000152587891,1526800,0.0,0.0
2022-12-30 00:00:00-05:00,4.329999923706055,4.409999847412109,4.110000133514404,4.309999942779541,1112400,0.0,0.0
2023-01-03 00:00:00-05:00,4.440000057220459,4.769999980926514,4.349999904632568,4.53000020980835,946900,0.0,0.0
2023-01-04 00:00:00-05:00,4.650000095367432,4.710000038146973,4.260000228881836,4.449999809265137,993100,0.0,0.0
2023-01-05 00:00:00-05:00,4.440000057220459,4.449999809265137,4.119999885559082,4.150000095367432,587900,0.0,0.0
2023-01-06 00:00:00-05:00,4.150000095367432,4.269999980926514,4.03000020980835,4.25,726400,0.0,0.0
2023-01-09 00:00:00-05:00,4.260000228881836,4.849999904632568,4.260000228881836,4.78000020980835,649400,0.0,0.0
2023-01-10 00:00:00-05:00,4.820000171661377,5.349999904632568,4.659999847412109,5.340000152587891,884100,0.0,0.0
2023-01-11 00:00:00-05:00,5.420000076293945,5.900000095367432,5.289999961853027,5.739999771118164,1053500,0.0,0.0
2023-01-12 00:00:00-05:00,5.800000190734863,5.909999847412109,5.320000171661377,5.739999771118164,833900,0.0,0.0
2023-01-13 00:00:00-05:00,5.630000114440918,6.199999809265137,5.590000152587891,6.139999866485596,497300,0.0,0.0
2023-01-17 00:00:00-05:00,6.210000038146973,6.480000019073486,6.050000190734863,6.369999885559082,657600,0.0,0.0
2023-01-18 00:00:00-05:00,6.380000114440918,6.599999904632568,5.920000076293945,5.989999771118164,716600,0.0,0.0
2023-01-19 00:00:00-05:00,5.849999904632568,5.940000057220459,5.480000019073486,5.789999961853027,626900,0.0,0.0
2023-01-20 00:00:00-05:00,5.909999847412109,6.079999923706055,5.679999828338623,5.989999771118164,432600,0.0,0.0
2023-01-23 00:00:00-05:00,5.989999771118164,6.269999980926514,5.849999904632568,6.25,391700,0.0,0.0
2023-01-24 00:00:00-05:00,6.199999809265137,6.409999847412109,6.159999847412109,6.190000057220459,363900,0.0,0.0
2023-01-25 00:00:00-05:00,6.019999980926514,6.130000114440918,5.670000076293945,6.119999885559082,482000,0.0,0.0
2023-01-26 00:00:00-05:00,6.21999979019165,6.349999904632568,5.789999961853027,5.880000114440918,345000,0.0,0.0
2023-01-27 00:00:00-05:00,5.820000171661377,6.28000020980835,5.78000020980835,6.130000114440918,422400,0.0,0.0
2023-01-30 00:00:00-05:00,6.090000152587891,6.309999942779541,5.96999979019165,6.010000228881836,616100,0.0,0.0
2023-01-31 00:00:00-05:00,6.03000020980835,6.409999847412109,6.019999980926514,6.289999961853027,852600,0.0,0.0
2023-02-01 00:00:00-05:00,6.349999904632568,6.639999866485596,6.150000095367432,6.550000190734863,680700,0.0,0.0
2023-02-02 00:00:00-05:00,6.619999885559082,7.449999809265137,6.619999885559082,7.139999866485596,935200,0.0,0.0
2023-02-03 00:00:00-05:00,6.949999809265137,7.449999809265137,6.849999904632568,7.150000095367432,685400,0.0,0.0
2023-02-06 00:00:00-05:00,7.090000152587891,7.130000114440918,6.679999828338623,6.800000190734863,569200,0.0,0.0
2023-02-07 00:00:00-05:00,6.679999828338623,6.829999923706055,6.150000095367432,6.320000171661377,876000,0.0,0.0
2023-02-08 00:00:00-05:00,6.340000152587891,6.369999885559082,6.039999961853027,6.110000133514404,514700,0.0,0.0
2023-02-09 00:00:00-05:00,6.179999828338623,6.360000133514404,5.840000152587891,5.869999885559082,346400,0.0,0.0
2023-02-10 00:00:00-05:00,5.800000190734863,5.960000038146973,5.619999885559082,5.829999923706055,515500,0.0,0.0
2023-02-13 00:00:00-05:00,5.800000190734863,5.980000019073486,5.599999904632568,5.809999942779541,292700,0.0,0.0
2023-02-14 00:00:00-05:00,5.789999961853027,6.239999771118164,5.690000057220459,6.079999923706055,472100,0.0,0.0
2023-02-15 00:00:00-05:00,6.170000076293945,6.320000171661377,5.929999828338623,6.289999961853027,362100,0.0,0.0
2023-02-16 00:00:00-05:00,6.090000152587891,6.28000020980835,5.929999828338623,6.0,350000,0.0,0.0
2023-02-17 00:00:00-05:00,6.010000228881836,6.070000171661377,5.809999942779541,6.019999980926514,292400,0.0,0.0
2023-02-21 00:00:00-05:00,5.849999904632568,5.909999847412109,5.5,5.579999923706055,610000,0.0,0.0
2023-02-22 00:00:00-05:00,5.619999885559082,5.809999942779541,5.449999809265137,5.699999809265137,489800,0.0,0.0
2023-02-23 00:00:00-05:00,5.78000020980835,5.860000133514404,5.570000171661377,5.769999980926514,328200,0.0,0.0
2023-02-24 00:00:00-05:00,5.570000171661377,5.650000095367432,5.309999942779541,5.360000133514404,581400,0.0,0.0
2023-02-27 00:00:00-05:00,5.539999961853027,5.71999979019165,5.409999847412109,5.559999942779541,479400,0.0,0.0
2023-02-28 00:00:00-05:00,5.550000190734863,6.039999961853027,5.510000228881836,5.900000095367432,739000,0.0,0.0
2023-03-01 00:00:00-05:00,6.0,6.010000228881836,5.309999942779541,5.329999923706055,546500,0.0,0.0
2023-03-02 00:00:00-05:00,5.239999771118164,5.739999771118164,5.21999979019165,5.71999979019165,552900,0.0,0.0
2023-03-03 00:00:00-05:00,5.78000020980835,6.309999942779541,5.639999866485596,6.179999828338623,616000,0.0,0.0
2023-03-06 00:00:00-05:00,6.119999885559082,6.340000152587891,5.960000038146973,6.130000114440918,630200,0.0,0.0
2023-03-07 00:00:00-05:00,6.090000152587891,6.269999980926514,5.510000228881836,5.559999942779541,561200,0.0,0.0
2023-03-08 00:00:00-05:00,5.570000171661377,5.889999866485596,5.550000190734863,5.78000020980835,343000,0.0,0.0
2023-03-09 00:00:00-05:00,5.75,5.920000076293945,5.400000095367432,5.489999771118164,646600,0.0,0.0
2023-03-10 00:00:00-05:00,5.440000057220459,5.460000038146973,4.940000057220459,5.230000019073486,960400,0.0,0.0
2023-03-13 00:00:00-04:00,4.940000057220459,5.340000152587891,4.900000095367432,5.139999866485596,540100,0.0,0.0
2023-03-14 00:00:00-04:00,5.380000114440918,5.559999942779541,5.059999942779541,5.179999828338623,456100,0.0,0.0
2023-03-15 00:00:00-04:00,5.010000228881836,5.119999885559082,4.849999904632568,5.079999923706055,715400,0.0,0.0
2023-03-16 00:00:00-04:00,4.989999771118164,5.300000190734863,4.900000095367432,5.21999979019165,653800,0.0,0.0
2023-03-17 00:00:00-04:00,5.119999885559082,5.119999885559082,4.650000095367432,4.659999847412109,973600,0.0,0.0
2023-03-20 00:00:00-04:00,4.75,4.760000228881836,4.199999809265137,4.25,1278300,0.0,0.0
2023-03-21 00:00:00-04:00,4.329999923706055,4.650000095367432,4.300000190734863,4.619999885559082,870300,0.0,0.0
2023-03-22 00:00:00-04:00,4.619999885559082,4.869999885559082,4.510000228881836,4.519999980926514,635100,0.0,0.0
2023-03-23 00:00:00-04:00,4.579999923706055,4.789999961853027,4.46999979019165,4.579999923706055,561800,0.0,0.0
2023-03-24 00:00:00-04:00,4.480000019073486,4.619999885559082,4.369999885559082,4.570000171661377,494600,0.0,0.0
2023-03-27 00:00:00-04:00,4.71999979019165,4.809999942779541,4.539999961853027,4.75,640000,0.0,0.0
2023-03-28 00:00:00-04:00,4.71999979019165,4.900000095367432,4.599999904632568,4.659999847412109,429100,0.0,0.0
2023-03-29 00:00:00-04:00,4.860000133514404,5.03000020980835,4.699999809265137,4.989999771118164,533900,0.0,0.0
2023-03-30 00:00:00-04:00,5.079999923706055,5.159999847412109,4.929999828338623,5.010000228881836,377000,0.0,0.0
2023-03-31 00:00:00-04:00,5.039999961853027,5.28000020980835,4.989999771118164,5.230000019073486,630200,0.0,0.0
2023-04-03 00:00:00-04:00,5.199999809265137,5.269999980926514,4.920000076293945,5.119999885559082,457500,0.0,0.0
2023-04-04 00:00:00-04:00,5.139999866485596,5.139999866485596,4.829999923706055,4.949999809265137,474900,0.0,0.0
2023-04-05 00:00:00-04:00,4.949999809265137,4.949999809265137,4.510000228881836,4.639999866485596,663900,0.0,0.0
2023-04-06 00:00:00-04:00,4.619999885559082,4.789999961853027,4.5,4.710000038146973,385900,0.0,0.0
2023-04-10 00:00:00-04:00,4.699999809265137,4.760000228881836,4.559999942779541,4.670000076293945,494300,0.0,0.0
2023-04-11 00:00:00-04:00,4.670000076293945,4.869999885559082,4.570000171661377,4.849999904632568,425600,0.0,0.0
2023-04-12 00:00:00-04:00,4.949999809265137,5.159999847412109,4.78000020980835,4.849999904632568,415100,0.0,0.0
2023-04-13 00:00:00-04:00,4.849999904632568,5.079999923706055,4.820000171661377,5.019999980926514,434800,0.0,0.0
2023-04-14 00:00:00-04:00,5.03000020980835,5.039999961853027,4.590000152587891,4.809999942779541,584900,0.0,0.0
2023-04-17 00:00:00-04:00,4.840000152587891,5.03000020980835,4.619999885559082,4.739999771118164,598900,0.0,0.0
2023-04-18 00:00:00-04:00,4.789999961853027,4.820000171661377,4.610000133514404,4.690000057220459,312900,0.0,0.0
2023-04-19 00:00:00-04:00,4.639999866485596,4.820000171661377,4.570000171661377,4.730000019073486,302000,0.0,0.0
2023-04-20 00:00:00-04:00,4.670000076293945,4.71999979019165,4.320000171661377,4.480000019073486,520200,0.0,0.0
2023-04-21 00:00:00-04:00,4.460000038146973,4.519999980926514,4.360000133514404,4.429999828338623,286400,0.0,0.0
2023-04-24 00:00:00-04:00,4.429999828338623,4.519999980926514,4.369999885559082,4.46999979019165,263000,0.0,0.0
2023-04-25 00:00:00-04:00,4.380000114440918,4.460000038146973,4.260000228881836,4.28000020980835,568400,0.0,0.0
2023-04-26 00:00:00-04:00,4.28000020980835,4.360000133514404,4.070000171661377,4.139999866485596,541000,0.0,0.0
2023-04-27 00:00:00-04:00,4.190000057220459,4.260000228881836,3.940000057220459,4.260000228881836,532800,0.0,0.0
2023-04-28 00:00:00-04:00,4.239999771118164,4.619999885559082,4.130000114440918,4.5,750600,0.0,0.0
2023-05-01 00:00:00-04:00,4.489999771118164,4.53000020980835,4.230000019073486,4.320000171661377,525300,0.0,0.0
2023-05-02 00:00:00-04:00,4.349999904632568,4.429999828338623,4.21999979019165,4.28000020980835,456500,0.0,0.0
2023-05-03 00:00:00-04:00,4.289999961853027,4.489999771118164,4.25,4.400000095367432,366300,0.0,0.0
2023-05-04 00:00:00-04:00,4.420000076293945,4.510000228881836,4.349999904632568,4.449999809265137,303400,0.0,0.0
2023-05-05 00:00:00-04:00,4.510000228881836,4.679999828338623,4.460000038146973,4.659999847412109,557400,0.0,0.0
2023-05-08 00:00:00-04:00,4.699999809265137,4.78000020980835,4.599999904632568,4.699999809265137,359400,0.0,0.0
2023-05-09 00:00:00-04:00,4.650000095367432,4.730000019073486,4.480000019073486,4.599999904632568,337700,0.0,0.0
2023-05-10 00:00:00-04:00,4.760000228881836,4.840000152587891,4.650000095367432,4.820000171661377,588100,0.0,0.0
2023-05-11 00:00:00-04:00,4.75,4.75,4.150000095367432,4.309999942779541,813000,0.0,0.0
2023-05-12 00:00:00-04:00,4.300000190734863,4.300000190734863,3.880000114440918,3.950000047683716,966200,0.0,0.0
2023-05-15 00:00:00-04:00,4.0,4.900000095367432,3.990000009536743,4.599999904632568,1009600,0.0,0.0
2023-05-16 00:00:00-04:00,4.550000190734863,5.090000152587891,4.550000190734863,4.829999923706055,904700,0.0,0.0
2023-05-17 00:00:00-04:00,4.940000057220459,5.349999904632568,4.789999961853027,5.199999809265137,746200,0.0,0.0
2023-05-18 00:00:00-04:00,5.210000038146973,5.650000095367432,5.199999809265137,5.489999771118164,699400,0.0,0.0
2023-05-19 00:00:00-04:00,5.579999923706055,5.690000057220459,4.940000057220459,5.099999904632568,994500,0.0,0.0
2023-05-22 00:00:00-04:00,5.130000114440918,5.360000133514404,5.010000228881836,5.300000190734863,669800,0.0,0.0
2023-05-23 00:00:00-04:00,5.300000190734863,5.809999942779541,5.300000190734863,5.409999847412109,632400,0.0,0.0
2023-05-24 00:00:00-04:00,5.320000171661377,5.340000152587891,5.010000228881836,5.190000057220459,511100,0.0,0.0
2023-05-25 00:00:00-04:00,5.949999809265137,6.699999809265137,5.300000190734863,5.5,3736400,0.0,0.0
2023-05-26 00:00:00-04:00,5.599999904632568,6.349999904632568,5.5,6.239999771118164,1481700,0.0,0.0
2023-05-30 00:00:00-04:00,6.570000171661377,8.149999618530273,6.570000171661377,7.550000190734863,4365600,0.0,0.0
2023-05-31 00:00:00-04:00,7.409999847412109,7.510000228881836,6.949999809265137,7.409999847412109,3827500,0.0,0.0
2023-06-01 00:00:00-04:00,7.409999847412109,7.460000038146973,7.059999942779541,7.380000114440918,1139000,0.0,0.0
2023-06-02 00:00:00-04:00,7.449999809265137,7.71999979019165,7.170000076293945,7.670000076293945,928600,0.0,0.0
2023-06-05 00:00:00-04:00,7.730000019073486,8.460000038146973,7.670000076293945,8.039999961853027,1168200,0.0,0.0
2023-06-06 00:00:00-04:00,8.100000381469727,8.569999694824219,7.849999904632568,8.550000190734863,1205800,0.0,0.0
2023-06-07 00:00:00-04:00,8.739999771118164,9.180000305175781,8.600000381469727,8.609999656677246,1335600,0.0,0.0
2023-06-08 00:00:00-04:00,8.569999694824219,8.989999771118164,8.329999923706055,8.800000190734863,842100,0.0,0.0
2023-06-09 00:00:00-04:00,8.949999809265137,9.100000381469727,7.599999904632568,7.940000057220459,1354000,0.0,0.0
2023-06-12 00:00:00-04:00,8.0,8.050000190734863,7.389999866485596,7.949999809265137,1156000,0.0,0.0
2023-06-13 00:00:00-04:00,8.050000190734863,8.25,7.659999847412109,7.760000228881836,722700,0.0,0.0
2023-06-14 00:00:00-04:00,7.760000228881836,7.909999847412109,7.460000038146973,7.559999942779541,817800,0.0,0.0
2023-06-15 00:00:00-04:00,7.409999847412109,7.949999809265137,7.380000114440918,7.909999847412109,856300,0.0,0.0
2023-06-16 00:00:00-04:00,8.050000190734863,8.149999618530273,7.369999885559082,7.710000038146973,1244100,0.0,0.0
2023-06-20 00:00:00-04:00,7.730000019073486,8.010000228881836,7.599999904632568,7.940000057220459,670100,0.0,0.0
2023-06-21 00:00:00-04:00,7.730000019073486,7.829999923706055,7.199999809265137,7.210000038146973,942800,0.0,0.0
2023-06-22 00:00:00-04:00,7.159999847412109,7.25,6.860000133514404,6.929999828338623,922400,0.0,0.0
2023-06-23 00:00:00-04:00,6.829999923706055,6.849999904632568,6.5,6.75,1710100,0.0,0.0
2023-06-26 00:00:00-04:00,6.75,7.050000190734863,6.650000095367432,6.739999771118164,468800,0.0,0.0
2023-06-27 00:00:00-04:00,6.809999942779541,7.090000152587891,6.639999866485596,7.039999961853027,437300,0.0,0.0
2023-06-28 00:00:00-04:00,6.940000057220459,7.349999904632568,6.829999923706055,7.340000152587891,510500,0.0,0.0
2023-06-29 00:00:00-04:00,7.340000152587891,7.489999771118164,6.940000057220459,6.989999771118164,656400,0.0,0.0
2023-06-30 00:00:00-04:00,7.119999885559082,7.289999961853027,6.949999809265137,6.96999979019165,595100,0.0,0.0
2023-07-03 00:00:00-04:00,6.860000133514404,7.099999904632568,6.760000228881836,6.909999847412109,343300,0.0,0.0
2023-07-05 00:00:00-04:00,6.900000095367432,6.960000038146973,6.710000038146973,6.889999866485596,393600,0.0,0.0
2023-07-06 00:00:00-04:00,6.800000190734863,6.800000190734863,6.53000020980835,6.679999828338623,607500,0.0,0.0
2023-07-07 00:00:00-04:00,6.679999828338623,6.980000019073486,6.650000095367432,6.670000076293945,484900,0.0,0.0
2023-07-10 00:00:00-04:00,6.690000057220459,6.989999771118164,6.559999942779541,6.960000038146973,537500,0.0,0.0
2023-07-11 00:00:00-04:00,6.989999771118164,7.389999866485596,6.949999809265137,7.369999885559082,507200,0.0,0.0
2023-07-12 00:00:00-04:00,7.5,7.639999866485596,7.190000057220459,7.429999828338623,1037500,0.0,0.0
2023-07-13 00:00:00-04:00,7.5,7.889999866485596,7.460000038146973,7.840000152587891,947200,0.0,0.0
2023-07-14 00:00:00-04:00,7.800000190734863,7.960000038146973,7.539999961853027,7.889999866485596,1011400,0.0,0.0
2023-07-17 00:00:00-04:00,7.730000019073486,8.670000076293945,7.699999809265137,8.649999618530273,914200,0.0,0.0
2023-07-18 00:00:00-04:00,8.699999809265137,9.050000190734863,8.140000343322754,8.170000076293945,1324900,0.0,0.0
2023-07-19 00:00:00-04:00,8.170000076293945,8.399999618530273,7.570000171661377,7.929999828338623,1067100,0.0,0.0
2023-07-20 00:00:00-04:00,7.789999961853027,7.889999866485596,7.210000038146973,7.400000095367432,777100,0.0,0.0
2023-07-21 00:00:00-04:00,7.400000095367432,7.590000152587891,6.980000019073486,7.260000228881836,791300,0.0,0.0
2023-07-24 00:00:00-04:00,7.21999979019165,7.309999942779541,7.010000228881836,7.090000152587891,564300,0.0,0.0
2023-07-25 00:00:00-04:00,7.099999904632568,7.340000152587891,7.079999923706055,7.230000019073486,412900,0.0,0.0
2023-07-26 00:00:00-04:00,7.190000057220459,7.400000095367432,6.980000019073486,7.170000076293945,454500,0.0,0.0
2023-07-27 00:00:00-04:00,7.289999961853027,7.300000190734863,6.510000228881836,6.559999942779541,756700,0.0,0.0
2023-07-28 00:00:00-04:00,6.78000020980835,6.829999923706055,6.460000038146973,6.71999979019165,614200,0.0,0.0
2023-07-31 00:00:00-04:00,6.710000038146973,6.929999828338623,6.639999866485596,6.71999979019165,479800,0.0,0.0
2023-08-01 00:00:00-04:00,6.71999979019165,6.739999771118164,6.420000076293945,6.679999828338623,384400,0.0,0.0
2023-08-02 00:00:00-04:00,6.550000190734863,6.550000190734863,6.269999980926514,6.449999809265137,528900,0.0,0.0
2023-08-03 00:00:00-04:00,6.349999904632568,6.5,6.210000038146973,6.389999866485596,458400,0.0,0.0
2023-08-04 00:00:00-04:00,6.380000114440918,6.760000228881836,6.349999904632568,6.489999771118164,376200,0.0,0.0
2023-08-07 00:00:00-04:00,6.53000020980835,6.570000171661377,6.360000133514404,6.510000228881836,431200,0.0,0.0
2023-08-08 00:00:00-04:00,6.400000095367432,6.659999847412109,6.309999942779541,6.579999923706055,602400,0.0,0.0
2023-08-09 00:00:00-04:00,6.610000133514404,6.610000133514404,6.340000152587891,6.449999809265137,628000,0.0,0.0
2023-08-10 00:00:00-04:00,6.5,6.679999828338623,6.409999847412109,6.610000133514404,667900,0.0,0.0
2023-08-11 00:00:00-04:00,6.510000228881836,7.019999980926514,6.489999771118164,6.690000057220459,546000,0.0,0.0
2023-08-14 00:00:00-04:00,6.610000133514404,6.920000076293945,6.409999847412109,6.889999866485596,450700,0.0,0.0
2023-08-15 00:00:00-04:00,6.880000114440918,7.050000190734863,6.610000133514404,6.610000133514404,396200,0.0,0.0
2023-08-16 00:00:00-04:00,6.559999942779541,6.599999904632568,6.309999942779541,6.519999980926514,580600,0.0,0.0
2023-08-17 00:00:00-04:00,6.539999961853027,6.650000095367432,6.340000152587891,6.389999866485596,689000,0.0,0.0
2023-08-18 00:00:00-04:00,6.230000019073486,6.829999923706055,6.210000038146973,6.760000228881836,572900,0.0,0.0
2023-08-21 00:00:00-04:00,6.800000190734863,6.909999847412109,6.590000152587891,6.849999904632568,328700,0.0,0.0
2023-08-22 00:00:00-04:00,7.039999961853027,7.050000190734863,6.550000190734863,6.639999866485596,327500,0.0,0.0
2023-08-23 00:00:00-04:00,6.659999847412109,6.989999771118164,6.610000133514404,6.940000057220459,392600,0.0,0.0
2023-08-24 00:00:00-04:00,7.019999980926514,7.019999980926514,6.380000114440918,6.380000114440918,633400,0.0,0.0
2023-08-25 00:00:00-04:00,6.389999866485596,6.690000057220459,6.360000133514404,6.679999828338623,545800,0.0,0.0
2023-08-28 00:00:00-04:00,6.730000019073486,6.820000171661377,6.619999885559082,6.75,283400,0.0,0.0
2023-08-29 00:00:00-04:00,6.75,6.829999923706055,6.519999980926514,6.550000190734863,297100,0.0,0.0
2023-08-30 00:00:00-04:00,6.639999866485596,6.739999771118164,6.5,6.539999961853027,466200,0.0,0.0
2023-08-31 00:00:00-04:00,6.570000171661377,6.789999961853027,6.25,6.309999942779541,887300,0.0,0.0
2023-09-01 00:00:00-04:00,6.329999923706055,6.599999904632568,5.980000019073486,6.019999980926514,749300,0.0,0.0
2023-09-05 00:00:00-04:00,6.0,6.150000095367432,5.920000076293945,6.070000171661377,516300,0.0,0.0
2023-09-06 00:00:00-04:00,6.050000190734863,6.099999904632568,5.860000133514404,5.889999866485596,429200,0.0,0.0
2023-09-07 00:00:00-04:00,5.789999961853027,5.940000057220459,5.53000020980835,5.860000133514404,610400,0.0,0.0
2023-09-08 00:00:00-04:00,5.880000114440918,5.960000038146973,5.630000114440918,5.630000114440918,462600,0.0,0.0
2023-09-11 00:00:00-04:00,5.619999885559082,5.699999809265137,5.480000019073486,5.510000228881836,450200,0.0,0.0
2023-09-12 00:00:00-04:00,5.46999979019165,5.599999904632568,5.369999885559082,5.400000095367432,357100,0.0,0.0
2023-09-13 00:00:00-04:00,5.389999866485596,5.639999866485596,5.349999904632568,5.519999980926514,575900,0.0,0.0
2023-09-14 00:00:00-04:00,5.599999904632568,5.690000057220459,5.429999828338623,5.449999809265137,551500,0.0,0.0
2023-09-15 00:00:00-04:00,5.460000038146973,5.460000038146973,5.119999885559082,5.230000019073486,929700,0.0,0.0
2023-09-18 00:00:00-04:00,5.21999979019165,5.260000228881836,5.070000171661377,5.139999866485596,458900,0.0,0.0
2023-09-19 00:00:00-04:00,5.119999885559082,5.139999866485596,5.010000228881836,5.039999961853027,553500,0.0,0.0
2023-09-20 00:00:00-04:00,5.099999904632568,5.400000095367432,5.050000190734863,5.059999942779541,592400,0.0,0.0
2023-09-21 00:00:00-04:00,5.010000228881836,5.039999961853027,4.800000190734863,4.809999942779541,648600,0.0,0.0
2023-09-22 00:00:00-04:00,4.829999923706055,4.949999809265137,4.739999771118164,4.769999980926514,599900,0.0,0.0
2023-09-25 00:00:00-04:00,4.769999980926514,4.909999847412109,4.699999809265137,4.889999866485596,699300,0.0,0.0
2023-09-26 00:00:00-04:00,4.860000133514404,4.949999809265137,4.75,4.789999961853027,582000,0.0,0.0
2023-09-27 00:00:00-04:00,4.840000152587891,4.900000095367432,4.599999904632568,4.78000020980835,544100,0.0,0.0
2023-09-28 00:00:00-04:00,4.730000019073486,4.769999980926514,4.409999847412109,4.449999809265137,943300,0.0,0.0
2023-09-29 00:00:00-04:00,4.5,4.650000095367432,4.369999885559082,4.46999979019165,753300,0.0,0.0
2023-10-02 00:00:00-04:00,4.46999979019165,4.489999771118164,4.210000038146973,4.230000019073486,748400,0.0,0.0
2023-10-03 00:00:00-04:00,4.21999979019165,4.429999828338623,4.110000133514404,4.179999828338623,982600,0.0,0.0
2023-10-04 00:00:00-04:00,4.199999809265137,4.369999885559082,4.170000076293945,4.340000152587891,777600,0.0,0.0
2023-10-05 00:00:00-04:00,4.440000057220459,4.550000190734863,4.340000152587891,4.53000020980835,492400,0.0,0.0
2023-10-06 00:00:00-04:00,4.46999979019165,5.0,4.46999979019165,4.920000076293945,612100,0.0,0.0
2023-10-09 00:00:00-04:00,4.849999904632568,4.960000038146973,4.71999979019165,4.869999885559082,603100,0.0,0.0
2023-10-10 00:00:00-04:00,4.920000076293945,5.21999979019165,4.840000152587891,5.099999904632568,540400,0.0,0.0
2023-10-11 00:00:00-04:00,5.159999847412109,5.239999771118164,4.829999923706055,4.929999828338623,461200,0.0,0.0
2023-10-12 00:00:00-04:00,4.929999828338623,4.980000019073486,4.71999979019165,4.800000190734863,456900,0.0,0.0
2023-10-13 00:00:00-04:00,4.789999961853027,4.789999961853027,4.510000228881836,4.559999942779541,527000,0.0,0.0
2023-10-16 00:00:00-04:00,4.559999942779541,4.800000190734863,4.559999942779541,4.769999980926514,412300,0.0,0.0
2023-10-17 00:00:00-04:00,4.710000038146973,4.920000076293945,4.639999866485596,4.860000133514404,470700,0.0,0.0
2023-10-18 00:00:00-04:00,4.789999961853027,4.789999961853027,4.599999904632568,4.610000133514404,448200,0.0,0.0
2023-10-19 00:00:00-04:00,4.599999904632568,4.71999979019165,4.53000020980835,4.610000133514404,457500,0.0,0.0
2023-10-20 00:00:00-04:00,4.630000114440918,4.630000114440918,4.320000171661377,4.340000152587891,885000,0.0,0.0
2023-10-23 00:00:00-04:00,4.300000190734863,4.579999923706055,4.21999979019165,4.510000228881836,543100,0.0,0.0
2023-10-24 00:00:00-04:00,4.679999828338623,4.820000171661377,4.590000152587891,4.800000190734863,519700,0.0,0.0
2023-10-25 00:00:00-04:00,4.760000228881836,4.809999942779541,4.679999828338623,4.71999979019165,371300,0.0,0.0
2023-10-26 00:00:00-04:00,4.699999809265137,4.929999828338623,4.599999904632568,4.659999847412109,549200,0.0,0.0
2023-10-27 00:00:00-04:00,4.730000019073486,4.880000114440918,4.679999828338623,4.78000020980835,448400,0.0,0.0
2023-10-30 00:00:00-04:00,4.820000171661377,4.960000038146973,4.489999771118164,4.519999980926514,664500,0.0,0.0
2023-10-31 00:00:00-04:00,4.53000020980835,4.619999885559082,4.389999866485596,4.53000020980835,407700,0.0,0.0
2023-11-01 00:00:00-04:00,4.53000020980835,4.570000171661377,4.409999847412109,4.559999942779541,479800,0.0,0.0
2023-11-02 00:00:00-04:00,4.619999885559082,4.769999980926514,4.429999828338623,4.53000020980835,560400,0.0,0.0
2023-11-03 00:00:00-04:00,4.650000095367432,4.889999866485596,4.650000095367432,4.840000152587891,555000,0.0,0.0
2023-11-06 00:00:00-05:00,4.900000095367432,4.900000095367432,4.579999923706055,4.619999885559082,472000,0.0,0.0
2023-11-07 00:00:00-05:00,4.690000057220459,4.690000057220459,4.550000190734863,4.659999847412109,348300,0.0,0.0
2023-11-08 00:00:00-05:00,4.599999904632568,4.639999866485596,4.409999847412109,4.449999809265137,482000,0.0,0.0
2023-11-09 00:00:00-05:00,4.460000038146973,4.550000190734863,4.269999980926514,4.300000190734863,475900,0.0,0.0
2023-11-10 00:00:00-05:00,4.28000020980835,4.710000038146973,4.230000019073486,4.690000057220459,659700,0.0,0.0
2023-11-13 00:00:00-05:00,4.630000114440918,4.699999809265137,4.550000190734863,4.570000171661377,515000,0.0,0.0
2023-11-14 00:00:00-05:00,4.800000190734863,4.849999904632568,4.579999923706055,4.75,575100,0.0,0.0
2023-11-15 00:00:00-05:00,4.75,4.849999904632568,4.650000095367432,4.690000057220459,487700,0.0,0.0
2023-11-16 00:00:00-05:00,4.760000228881836,4.760000228881836,4.460000038146973,4.539999961853027,281900,0.0,0.0
2023-11-17 00:00:00-05:00,4.570000171661377,4.690000057220459,4.460000038146973,4.670000076293945,505600,0.0,0.0
2023-11-20 00:00:00-05:00,4.599999904632568,4.739999771118164,4.550000190734863,4.570000171661377,325700,0.0,0.0
2023-11-21 00:00:00-05:00,4.539999961853027,4.550000190734863,4.300000190734863,4.320000171661377,535800,0.0,0.0
2023-11-22 00:00:00-05:00,4.329999923706055,4.429999828338623,4.309999942779541,4.369999885559082,373200,0.0,0.0
2023-11-24 00:00:00-05:00,4.389999866485596,4.46999979019165,4.320000171661377,4.329999923706055,194000,0.0,0.0
2023-11-27 00:00:00-05:00,4.300000190734863,4.360000133514404,4.260000228881836,4.269999980926514,310900,0.0,0.0
2023-11-28 00:00:00-05:00,4.269999980926514,4.269999980926514,4.119999885559082,4.130000114440918,402900,0.0,0.0
2023-11-29 00:00:00-05:00,4.130000114440918,4.28000020980835,4.099999904632568,4.170000076293945,752000,0.0,0.0
2023-11-30 00:00:00-05:00,4.199999809265137,4.210000038146973,3.9700000286102295,3.9800000190734863,1007200,0.0,0.0
2023-12-01 00:00:00-05:00,3.9800000190734863,4.139999866485596,3.7899999618530273,4.130000114440918,1092900,0.0,0.0
2023-12-04 00:00:00-05:00,4.159999847412109,4.639999866485596,4.139999866485596,4.590000152587891,1186200,0.0,0.0
2023-12-05 00:00:00-05:00,4.579999923706055,4.590000152587891,4.269999980926514,4.440000057220459,1009100,0.0,0.0
2023-12-06 00:00:00-05:00,4.53000020980835,5.320000171661377,4.489999771118164,4.960000038146973,1672200,0.0,0.0
2023-12-07 00:00:00-05:00,5.059999942779541,5.110000133514404,4.630000114440918,4.699999809265137,963800,0.0,0.0
2023-12-08 00:00:00-05:00,4.690000057220459,5.059999942779541,4.679999828338623,5.03000020980835,806900,0.0,0.0
2023-12-11 00:00:00-05:00,5.0,5.0,4.619999885559082,4.71999979019165,906400,0.0,0.0
2023-12-12 00:00:00-05:00,4.699999809265137,4.840000152587891,4.579999923706055,4.78000020980835,647500,0.0,0.0
2023-12-13 00:00:00-05:00,4.829999923706055,5.070000171661377,4.619999885559082,5.070000171661377,924800,0.0,0.0
2023-12-14 00:00:00-05:00,5.190000057220459,5.449999809265137,5.150000095367432,5.260000228881836,907100,0.0,0.0
2023-12-15 00:00:00-05:00,5.320000171661377,5.53000020980835,5.230000019073486,5.25,1411700,0.0,0.0
2023-12-18 00:00:00-05:00,5.230000019073486,5.25,4.929999828338623,5.070000171661377,727200,0.0,0.0
2023-12-19 00:00:00-05:00,5.139999866485596,5.650000095367432,5.119999885559082,5.590000152587891,1124600,0.0,0.0
2023-12-20 00:00:00-05:00,5.550000190734863,5.690000057220459,5.150000095367432,5.170000076293945,976300,0.0,0.0
2023-12-21 00:00:00-05:00,5.25,5.440000057220459,5.139999866485596,5.260000228881836,495200,0.0,0.0
2023-12-22 00:00:00-05:00,5.409999847412109,5.5,5.269999980926514,5.400000095367432,407100,0.0,0.0
2023-12-26 00:00:00-05:00,5.420000076293945,5.659999847412109,5.369999885559082,5.610000133514404,519400,0.0,0.0
2023-12-27 00:00:00-05:00,5.590000152587891,5.679999828338623,5.46999979019165,5.53000020980835,588000,0.0,0.0
2023-12-28 00:00:00-05:00,5.599999904632568,5.619999885559082,5.28000020980835,5.340000152587891,1012500,0.0,0.0
2023-12-29 00:00:00-05:00,5.320000171661377,5.320000171661377,4.800000190734863,4.980000019073486,852700,0.0,0.0
2024-01-02 00:00:00-05:00,4.929999828338623,4.949999809265137,4.519999980926514,4.599999904632568,860300,0.0,0.0
2024-01-03 00:00:00-05:00,4.519999980926514,4.559999942779541,4.369999885559082,4.409999847412109,786900,0.0,0.0
2024-01-04 00:00:00-05:00,4.409999847412109,4.699999809265137,4.360000133514404,4.420000076293945,636200,0.0,0.0
2024-01-05 00:00:00-05:00,4.349999904632568,4.550000190734863,4.28000020980835,4.400000095367432,872700,0.0,0.0
2024-01-08 00:00:00-05:00,4.409999847412109,4.650000095367432,4.360000133514404,4.610000133514404,588300,0.0,0.0
2024-01-09 00:00:00-05:00,4.53000020980835,4.53000020980835,4.329999923706055,4.389999866485596,674600,0.0,0.0
2024-01-10 00:00:00-05:00,4.369999885559082,4.389999866485596,4.25,4.269999980926514,644200,0.0,0.0
2024-01-11 00:00:00-05:00,4.300000190734863,4.300000190734863,4.110000133514404,4.199999809265137,549100,0.0,0.0
2024-01-12 00:00:00-05:00,4.340000152587891,4.340000152587891,4.079999923706055,4.099999904632568,629200,0.0,0.0
2024-01-16 00:00:00-05:00,4.019999980926514,4.099999904632568,3.819999933242798,3.990000009536743,1251600,0.0,0.0
2024-01-17 00:00:00-05:00,3.930000066757202,3.940000057220459,3.8299999237060547,3.9000000953674316,801500,0.0,0.0
2024-01-18 00:00:00-05:00,3.9200000762939453,4.010000228881836,3.869999885559082,3.9700000286102295,734800,0.0,0.0
2024-01-19 00:00:00-05:00,4.019999980926514,4.199999809265137,3.950000047683716,4.199999809265137,874300,0.0,0.0
2024-01-22 00:00:00-05:00,4.269999980926514,4.429999828338623,4.21999979019165,4.320000171661377,730100,0.0,0.0
2024-01-23 00:00:00-05:00,4.409999847412109,4.539999961853027,4.369999885559082,4.5,638900,0.0,0.0
2024-01-24 00:00:00-05:00,4.650000095367432,4.650000095367432,4.340000152587891,4.369999885559082,542300,0.0,0.0
2024-01-25 00:00:00-05:00,4.440000057220459,4.46999979019165,4.329999923706055,4.380000114440918,465100,0.0,0.0
2024-01-26 00:00:00-05:00,4.409999847412109,4.46999979019165,4.260000228881836,4.260000228881836,379800,0.0,0.0
2024-01-29 00:00:00-05:00,4.28000020980835,4.5,4.190000057220459,4.480000019073486,481400,0.0,0.0
2024-01-30 00:00:00-05:00,4.460000038146973,4.480000019073486,4.360000133514404,4.409999847412109,403800,0.0,0.0
2024-01-31 00:00:00-05:00,4.380000114440918,4.559999942779541,4.309999942779541,4.309999942779541,756000,0.0,0.0
2024-02-01 00:00:00-05:00,4.349999904632568,4.460000038146973,4.260000228881836,4.409999847412109,613900,0.0,0.0
2024-02-02 00:00:00-05:00,4.320000171661377,4.659999847412109,4.289999961853027,4.610000133514404,530000,0.0,0.0
2024-02-05 00:00:00-05:00,4.519999980926514,4.519999980926514,4.349999904632568,4.440000057220459,474000,0.0,0.0
2024-02-06 00:00:00-05:00,4.449999809265137,4.860000133514404,4.400000095367432,4.710000038146973,651300,0.0,0.0
2024-02-07 00:00:00-05:00,4.710000038146973,4.760000228881836,4.590000152587891,4.659999847412109,434100,0.0,0.0
2024-02-08 00:00:00-05:00,4.659999847412109,4.730000019073486,4.610000133514404,4.630000114440918,401300,0.0,0.0
2024-02-09 00:00:00-05:00,4.670000076293945,5.059999942779541,4.630000114440918,5.010000228881836,796500,0.0,0.0
2024-02-12 00:00:00-05:00,5.019999980926514,5.300000190734863,5.0,5.179999828338623,696700,0.0,0.0
2024-02-13 00:00:00-05:00,4.880000114440918,4.960000038146973,4.599999904632568,4.659999847412109,873100,0.0,0.0
2024-02-14 00:00:00-05:00,4.920000076293945,4.920000076293945,4.599999904632568,4.860000133514404,450200,0.0,0.0
2024-02-15 00:00:00-05:00,4.900000095367432,4.900000095367432,4.699999809265137,4.829999923706055,396500,0.0,0.0
2024-02-16 00:00:00-05:00,4.769999980926514,4.800000190734863,4.630000114440918,4.760000228881836,593600,0.0,0.0
2024-02-20 00:00:00-05:00,4.690000057220459,4.789999961853027,4.53000020980835,4.590000152587891,608700,0.0,0.0
2024-02-21 00:00:00-05:00,4.550000190734863,4.599999904632568,4.300000190734863,4.329999923706055,491900,0.0,0.0
2024-02-22 00:00:00-05:00,4.559999942779541,4.559999942779541,4.239999771118164,4.25,537100,0.0,0.0
2024-02-23 00:00:00-05:00,4.25,4.340000152587891,4.150000095367432,4.210000038146973,410000,0.0,0.0
2024-02-26 00:00:00-05:00,4.260000228881836,4.320000171661377,4.170000076293945,4.21999979019165,460900,0.0,0.0
2024-02-27 00:00:00-05:00,4.269999980926514,4.300000190734863,4.150000095367432,4.199999809265137,485200,0.0,0.0
2024-02-28 00:00:00-05:00,4.159999847412109,4.199999809265137,4.090000152587891,4.110000133514404,447800,0.0,0.0
2024-02-29 00:00:00-05:00,4.260000228881836,4.329999923706055,4.159999847412109,4.210000038146973,650600,0.0,0.0
2024-03-01 00:00:00-05:00,4.199999809265137,4.360000133514404,4.03000020980835,4.090000152587891,754000,0.0,0.0
2024-03-04 00:00:00-05:00,4.090000152587891,4.179999828338623,3.9200000762939453,4.090000152587891,810100,0.0,0.0
2024-03-05 00:00:00-05:00,4.090000152587891,4.090000152587891,3.950000047683716,4.0,662500,0.0,0.0
2024-03-06 00:00:00-05:00,4.099999904632568,4.289999961853027,4.03000020980835,4.239999771118164,559100,0.0,0.0
2024-03-07 00:00:00-05:00,4.300000190734863,4.360000133514404,4.239999771118164,4.309999942779541,528400,0.0,0.0
2024-03-08 00:00:00-05:00,4.389999866485596,4.449999809265137,4.199999809265137,4.25,615000,0.0,0.0
2024-03-11 00:00:00-04:00,4.210000038146973,4.329999923706055,4.190000057220459,4.199999809265137,544200,0.0,0.0
2024-03-12 00:00:00-04:00,4.210000038146973,4.25,4.150000095367432,4.190000057220459,525600,0.0,0.0
2024-03-13 00:00:00-04:00,4.159999847412109,4.289999961853027,4.110000133514404,4.119999885559082,442400,0.0,0.0
2024-03-14 00:00:00-04:00,4.099999904632568,4.150000095367432,3.950000047683716,3.9700000286102295,849200,0.0,0.0
2024-03-15 00:00:00-04:00,3.9700000286102295,4.139999866485596,3.950000047683716,4.090000152587891,1003100,0.0,0.0
2024-03-18 00:00:00-04:00,4.150000095367432,4.199999809265137,4.070000171661377,4.110000133514404,462400,0.0,0.0
2024-03-19 00:00:00-04:00,4.059999942779541,4.170000076293945,4.010000228881836,4.119999885559082,430700,0.0,0.0
2024-03-20 00:00:00-04:00,4.110000133514404,4.289999961853027,4.050000190734863,4.25,495200,0.0,0.0
2024-03-21 00:00:00-04:00,4.28000020980835,4.360000133514404,4.260000228881836,4.269999980926514,539900,0.0,0.0
2024-03-22 00:00:00-04:00,4.300000190734863,4.309999942779541,4.119999885559082,4.150000095367432,499900,0.0,0.0
2024-03-25 00:00:00-04:00,4.25,4.489999771118164,4.239999771118164,4.349999904632568,1039800,0.0,0.0
2024-03-26 00:00:00-04:00,4.449999809265137,4.449999809265137,4.159999847412109,4.179999828338623,678400,0.0,0.0
2024-03-27 00:00:00-04:00,4.21999979019165,4.46999979019165,4.199999809265137,4.460000038146973,801400,0.0,0.0
2024-03-28 00:00:00-04:00,4.5,4.699999809265137,4.480000019073486,4.679999828338623,730600,0.0,0.0
2024-04-01 00:00:00-04:00,4.699999809265137,4.820000171661377,4.610000133514404,4.699999809265137,654100,0.0,0.0
2024-04-02 00:00:00-04:00,4.579999923706055,4.579999923706055,4.400000095367432,4.440000057220459,648500,0.0,0.0
2024-04-03 00:00:00-04:00,4.389999866485596,4.519999980926514,4.340000152587891,4.46999979019165,647700,0.0,0.0
2024-04-04 00:00:00-04:00,4.5,4.639999866485596,4.360000133514404,4.409999847412109,637100,0.0,0.0
2024-04-05 00:00:00-04:00,4.380000114440918,4.420000076293945,4.309999942779541,4.360000133514404,365300,0.0,0.0
2024-04-08 00:00:00-04:00,4.409999847412109,4.460000038146973,4.309999942779541,4.360000133514404,282800,0.0,0.0
2024-04-09 00:00:00-04:00,4.429999828338623,4.460000038146973,4.21999979019165,4.260000228881836,603200,0.0,0.0
2024-04-10 00:00:00-04:00,4.150000095367432,4.150000095367432,4.059999942779541,4.119999885559082,696800,0.0,0.0
2024-04-11 00:00:00-04:00,4.119999885559082,4.28000020980835,4.019999980926514,4.179999828338623,561500,0.0,0.0
2024-04-12 00:00:00-04:00,4.150000095367432,4.199999809265137,4.070000171661377,4.090000152587891,581300,0.0,0.0
2024-04-15 00:00:00-04:00,4.090000152587891,4.119999885559082,3.869999885559082,3.950000047683716,937600,0.0,0.0
2024-04-16 00:00:00-04:00,3.9800000190734863,4.050000190734863,3.869999885559082,4.0,502000,0.0,0.0
2024-04-17 00:00:00-04:00,4.050000190734863,4.159999847412109,4.03000020980835,4.090000152587891,727200,0.0,0.0
2024-04-18 00:00:00-04:00,4.099999904632568,4.110000133514404,3.940000057220459,4.099999904632568,762800,0.0,0.0
2024-04-19 00:00:00-04:00,4.050000190734863,4.119999885559082,3.940000057220459,4.019999980926514,766300,0.0,0.0
2024-04-22 00:00:00-04:00,4.019999980926514,4.050000190734863,3.859999895095825,3.859999895095825,677600,0.0,0.0
2024-04-23 00:00:00-04:00,3.869999885559082,4.050000190734863,3.7200000286102295,3.759999990463257,972400,0.0,0.0
2024-04-24 00:00:00-04:00,3.7799999713897705,3.859999895095825,3.609999895095825,3.690000057220459,909300,0.0,0.0
2024-04-25 00:00:00-04:00,3.7200000286102295,3.7300000190734863,3.569999933242798,3.630000114440918,590600,0.0,0.0
2024-04-26 00:00:00-04:00,3.680000066757202,3.940000057220459,3.640000104904175,3.869999885559082,722800,0.0,0.0
2024-04-29 00:00:00-04:00,3.9000000953674316,3.950000047683716,3.809999942779541,3.9000000953674316,389400,0.0,0.0
2024-04-30 00:00:00-04:00,3.8399999141693115,3.930000066757202,3.809999942779541,3.819999933242798,439000,0.0,0.0
2024-05-01 00:00:00-04:00,3.799999952316284,3.9800000190734863,3.759999990463257,3.799999952316284,394300,0.0,0.0
2024-05-02 00:00:00-04:00,3.869999885559082,3.9700000286102295,3.819999933242798,3.9600000381469727,336300,0.0,0.0
2024-05-03 00:00:00-04:00,4.070000171661377,4.150000095367432,4.019999980926514,4.110000133514404,400200,0.0,0.0
2024-05-06 00:00:00-04:00,4.139999866485596,4.21999979019165,4.010000228881836,4.139999866485596,514200,0.0,0.0
2024-05-07 00:00:00-04:00,4.150000095367432,4.210000038146973,4.059999942779541,4.170000076293945,352200,0.0,0.0
2024-05-08 00:00:00-04:00,4.099999904632568,4.099999904632568,3.9200000762939453,3.950000047683716,464000,0.0,0.0
2024-05-09 00:00:00-04:00,4.03000020980835,4.079999923706055,3.9000000953674316,4.050000190734863,274100,0.0,0.0
2024-05-10 00:00:00-04:00,4.050000190734863,4.090000152587891,3.8499999046325684,3.9200000762939453,448000,0.0,0.0
2024-05-13 00:00:00-04:00,4.0,4.360000133514404,4.0,4.079999923706055,664200,0.0,0.0
2024-05-14 00:00:00-04:00,4.090000152587891,4.190000057220459,3.9600000381469727,4.010000228881836,585100,0.0,0.0
2024-05-15 00:00:00-04:00,4.090000152587891,4.110000133514404,3.799999952316284,3.8399999141693115,720300,0.0,0.0
2024-05-16 00:00:00-04:00,3.869999885559082,3.9600000381469727,3.819999933242798,3.819999933242798,458100,0.0,0.0
2024-05-17 00:00:00-04:00,3.869999885559082,3.930000066757202,3.8299999237060547,3.9000000953674316,417500,0.0,0.0
2024-05-20 00:00:00-04:00,3.9200000762939453,3.940000057220459,3.799999952316284,3.869999885559082,411400,0.0,0.0
2024-05-21 00:00:00-04:00,3.9800000190734863,3.9800000190734863,3.799999952316284,3.859999895095825,614600,0.0,0.0
2024-05-22 00:00:00-04:00,3.9000000953674316,3.9000000953674316,3.390000104904175,3.490000009536743,1544600,0.0,0.0
2024-05-23 00:00:00-04:00,3.5999999046325684,3.5999999046325684,3.130000114440918,3.190000057220459,1460300,0.0,0.0
2024-05-24 00:00:00-04:00,3.200000047683716,3.4800000190734863,3.200000047683716,3.440000057220459,1022800,0.0,0.0
2024-05-28 00:00:00-04:00,3.5,3.549999952316284,3.3499999046325684,3.359999895095825,615200,0.0,0.0
2024-05-29 00:00:00-04:00,3.369999885559082,3.369999885559082,3.130000114440918,3.190000057220459,721700,0.0,0.0
2024-05-30 00:00:00-04:00,3.1700000762939453,3.2899999618530273,2.950000047683716,3.069999933242798,1035700,0.0,0.0
2024-05-31 00:00:00-04:00,3.059999942779541,3.119999885559082,2.8499999046325684,3.0799999237060547,1255500,0.0,0.0
2024-06-03 00:00:00-04:00,3.109999895095825,3.1600000858306885,2.9700000286102295,3.109999895095825,755600,0.0,0.0
2024-06-04 00:00:00-04:00,3.049999952316284,3.0799999237060547,2.8299999237060547,2.8399999141693115,736600,0.0,0.0
2024-06-05 00:00:00-04:00,2.869999885559082,3.0,2.759999990463257,2.9800000190734863,759100,0.0,0.0
2024-06-06 00:00:00-04:00,2.950000047683716,2.9600000381469727,2.759999990463257,2.759999990463257,759800,0.0,0.0
2024-06-07 00:00:00-04:00,2.7300000190734863,2.7300000190734863,2.5399999618530273,2.5399999618530273,1490700,0.0,0.0
2024-06-10 00:00:00-04:00,2.5199999809265137,2.75,2.440000057220459,2.7200000286102295,1306300,0.0,0.0
2024-06-11 00:00:00-04:00,2.7100000381469727,2.7899999618530273,2.619999885559082,2.7300000190734863,862600,0.0,0.0
2024-06-12 00:00:00-04:00,2.8399999141693115,3.130000114440918,2.8399999141693115,3.119999885559082,1119300,0.0,0.0
2024-06-13 00:00:00-04:00,3.1500000953674316,3.5399999618530273,3.1500000953674316,3.4200000762939453,1584200,0.0,0.0
2024-06-14 00:00:00-04:00,3.390000104904175,3.559999942779541,3.2799999713897705,3.509999990463257,1757800,0.0,0.0
2024-06-17 00:00:00-04:00,3.5,3.5799999237060547,3.369999885559082,3.4600000381469727,576000,0.0,0.0
2024-06-18 00:00:00-04:00,3.4600000381469727,3.4700000286102295,3.319999933242798,3.3299999237060547,406100,0.0,0.0
2024-06-20 00:00:00-04:00,3.299999952316284,3.309999942779541,3.0299999713897705,3.059999942779541,668600,0.0,0.0
2024-06-21 00:00:00-04:00,3.069999933242798,3.0999999046325684,2.990000009536743,3.0799999237060547,1070100,0.0,0.0
2024-06-24 00:00:00-04:00,3.0799999237060547,3.200000047683716,3.0199999809265137,3.069999933242798,540600,0.0,0.0
2024-06-25 00:00:00-04:00,3.059999942779541,3.0999999046325684,3.0,3.0399999618530273,321400,0.0,0.0
2024-06-26 00:00:00-04:00,3.0,3.130000114440918,2.9700000286102295,3.069999933242798,526300,0.0,0.0
2024-06-27 00:00:00-04:00,3.0799999237060547,3.0999999046325684,2.950000047683716,3.0,447300,0.0,0.0
2024-06-28 00:00:00-04:00,3.0,3.059999942779541,2.9100000858306885,2.990000009536743,1571600,0.0,0.0
2024-07-01 00:00:00-04:00,2.990000009536743,3.0299999713897705,2.859999895095825,2.9000000953674316,404100,0.0,0.0
2024-07-02 00:00:00-04:00,2.9200000762939453,3.0199999809265137,2.9000000953674316,2.950000047683716,379000,0.0,0.0
2024-07-03 00:00:00-04:00,3.0,3.0899999141693115,2.950000047683716,2.990000009536743,206200,0.0,0.0
2024-07-05 00:00:00-04:00,2.9700000286102295,2.990000009536743,2.890000104904175,2.950000047683716,350700,0.0,0.0
2024-07-08 00:00:00-04:00,2.9600000381469727,3.069999933242798,2.950000047683716,3.0299999713897705,344900,0.0,0.0
2024-07-09 00:00:00-04:00,3.009999990463257,3.069999933242798,2.940000057220459,3.059999942779541,486300,0.0,0.0
2024-07-10 00:00:00-04:00,3.0899999141693115,3.200000047683716,3.009999990463257,3.200000047683716,421400,0.0,0.0
2024-07-11 00:00:00-04:00,3.2200000286102295,3.569999933242798,3.2200000286102295,3.5199999809265137,1037900,0.0,0.0
2024-07-12 00:00:00-04:00,3.559999942779541,3.7899999618530273,3.549999952316284,3.690000057220459,815500,0.0,0.0
2024-07-15 00:00:00-04:00,3.690000057220459,3.740000009536743,3.549999952316284,3.690000057220459,681800,0.0,0.0
2024-07-16 00:00:00-04:00,3.740000009536743,4.159999847412109,3.700000047683716,4.150000095367432,1114100,0.0,0.0
2024-07-17 00:00:00-04:00,4.099999904632568,4.190000057220459,3.890000104904175,3.9800000190734863,909800,0.0,0.0
2024-07-18 00:00:00-04:00,3.9600000381469727,4.019999980926514,3.690000057220459,3.7799999713897705,813400,0.0,0.0
2024-07-19 00:00:00-04:00,3.7799999713897705,3.7799999713897705,3.509999990463257,3.5199999809265137,607900,0.0,0.0
2024-07-22 00:00:00-04:00,3.549999952316284,3.559999942779541,3.380000114440918,3.5299999713897705,428400,0.0,0.0
2024-07-23 00:00:00-04:00,3.5899999141693115,3.8399999141693115,3.5199999809265137,3.799999952316284,602800,0.0,0.0
2024-07-24 00:00:00-04:00,3.740000009536743,3.8299999237060547,3.569999933242798,3.569999933242798,396400,0.0,0.0
2024-07-25 00:00:00-04:00,3.5399999618530273,3.819999933242798,3.509999990463257,3.7300000190734863,497600,0.0,0.0
2024-07-26 00:00:00-04:00,3.819999933242798,3.859999895095825,3.6500000953674316,3.75,395800,0.0,0.0
2024-07-29 00:00:00-04:00,3.799999952316284,3.799999952316284,3.359999895095825,3.4100000858306885,564000,0.0,0.0
2024-07-30 00:00:00-04:00,3.430000066757202,3.5,3.299999952316284,3.4100000858306885,407200,0.0,0.0
2024-07-31 00:00:00-04:00,3.5,3.640000104904175,3.390000104904175,3.4600000381469727,437100,0.0,0.0
2024-08-01 00:00:00-04:00,3.450000047683716,3.4800000190734863,3.119999885559082,3.1600000858306885,651500,0.0,0.0
2024-08-02 00:00:00-04:00,3.069999933242798,3.0999999046325684,2.859999895095825,2.890000104904175,1019800,0.0,0.0
2024-08-05 00:00:00-04:00,2.6600000858306885,2.9200000762939453,2.559999942779541,2.819999933242798,861400,0.0,0.0
2024-08-06 00:00:00-04:00,2.9100000858306885,2.940000057220459,2.75,2.819999933242798,747800,0.0,0.0
2024-08-07 00:00:00-04:00,2.8299999237060547,2.9200000762939453,2.690000057220459,2.75,588100,0.0,0.0
2024-08-08 00:00:00-04:00,2.8299999237060547,2.8299999237060547,2.7100000381469727,2.740000009536743,664500,0.0,0.0
2024-08-09 00:00:00-04:00,2.740000009536743,2.880000114440918,2.700000047683716,2.7799999713897705,526100,0.0,0.0
2024-08-12 00:00:00-04:00,2.8499999046325684,2.8499999046325684,2.5,2.5299999713897705,1337500,0.0,0.0
2024-08-13 00:00:00-04:00,2.5799999237060547,2.809999942779541,2.5399999618530273,2.7699999809265137,679500,0.0,0.0
2024-08-14 00:00:00-04:00,2.799999952316284,2.859999895095825,2.630000114440918,2.6600000858306885,439300,0.0,0.0
2024-08-15 00:00:00-04:00,2.799999952316284,2.9000000953674316,2.700000047683716,2.7899999618530273,494900,0.0,0.0
2024-08-16 00:00:00-04:00,2.799999952316284,2.890000104904175,2.75,2.7699999809265137,569500,0.0,0.0
2024-08-19 00:00:00-04:00,2.7699999809265137,2.7799999713897705,2.5799999237060547,2.6500000953674316,592000,0.0,0.0
2024-08-20 00:00:00-04:00,2.6500000953674316,2.700000047683716,2.5199999809265137,2.569999933242798,526400,0.0,0.0
2024-08-21 00:00:00-04:00,2.569999933242798,2.740000009536743,2.5199999809265137,2.740000009536743,555600,0.0,0.0
2024-08-22 00:00:00-04:00,2.700000047683716,2.7899999618530273,2.6700000762939453,2.680000066757202,376300,0.0,0.0
2024-08-23 00:00:00-04:00,2.690000057220459,2.9200000762939453,2.690000057220459,2.890000104904175,474500,0.0,0.0
2024-08-26 00:00:00-04:00,2.9200000762939453,2.9700000286102295,2.8299999237060547,2.9100000858306885,669800,0.0,0.0
2024-08-27 00:00:00-04:00,2.890000104904175,2.940000057220459,2.799999952316284,2.869999885559082,452800,0.0,0.0
2024-08-28 00:00:00-04:00,2.859999895095825,2.9000000953674316,2.7799999713897705,2.8499999046325684,399600,0.0,0.0
2024-08-29 00:00:00-04:00,2.869999885559082,3.059999942779541,2.8499999046325684,2.9200000762939453,478800,0.0,0.0
2024-08-30 00:00:00-04:00,2.950000047683716,3.0299999713897705,2.880000114440918,2.950000047683716,551100,0.0,0.0
2024-09-03 00:00:00-04:00,2.9800000190734863,2.9800000190734863,2.680000066757202,2.7100000381469727,430200,0.0,0.0
2024-09-04 00:00:00-04:00,2.680000066757202,2.75,2.619999885559082,2.680000066757202,373100,0.0,0.0
2024-09-05 00:00:00-04:00,2.700000047683716,2.7899999618530273,2.640000104904175,2.6600000858306885,318200,0.0,0.0
2024-09-06 00:00:00-04:00,2.6600000858306885,2.700000047683716,2.559999942779541,2.5999999046325684,434200,0.0,0.0
2024-09-09 00:00:00-04:00,2.5999999046325684,2.619999885559082,2.5199999809265137,2.549999952316284,524300,0.0,0.0
2024-09-10 00:00:00-04:00,2.549999952316284,2.640000104904175,2.5399999618530273,2.559999942779541,675000,0.0,0.0
2024-09-11 00:00:00-04:00,2.559999942779541,2.6700000762939453,2.509999990463257,2.609999895095825,605400,0.0,0.0
2024-09-12 00:00:00-04:00,2.630000114440918,2.6700000762939453,2.5799999237060547,2.640000104904175,540500,0.0,0.0
2024-09-13 00:00:00-04:00,2.7100000381469727,2.7799999713897705,2.6500000953674316,2.6700000762939453,610500,0.0,0.0
2024-09-16 00:00:00-04:00,2.6600000858306885,2.680000066757202,2.5199999809265137,2.549999952316284,572100,0.0,0.0
2024-09-17 00:00:00-04:00,2.5999999046325684,2.759999990463257,2.5999999046325684,2.700000047683716,531800,0.0,0.0
2024-09-18 00:00:00-04:00,2.6700000762939453,2.9200000762939453,2.6700000762939453,2.7200000286102295,596300,0.0,0.0
2024-09-19 00:00:00-04:00,2.859999895095825,2.859999895095825,2.7200000286102295,2.799999952316284,418200,0.0,0.0
2024-09-20 00:00:00-04:00,2.799999952316284,2.819999933242798,2.7300000190734863,2.7699999809265137,1030100,0.0,0.0
2024-09-23 00:00:00-04:00,2.799999952316284,2.9000000953674316,2.7100000381469727,2.8399999141693115,740400,0.0,0.0
2024-09-24 00:00:00-04:00,2.9100000858306885,3.0999999046325684,2.890000104904175,3.0199999809265137,852800,0.0,0.0
2024-09-25 00:00:00-04:00,3.0199999809265137,3.059999942779541,2.869999885559082,2.9200000762939453,516200,0.0,0.0
2024-09-26 00:00:00-04:00,2.9600000381469727,2.9800000190734863,2.799999952316284,2.859999895095825,510800,0.0,0.0
2024-09-27 00:00:00-04:00,2.930000066757202,2.9700000286102295,2.890000104904175,2.950000047683716,425000,0.0,0.0
2024-09-30 00:00:00-04:00,2.950000047683716,2.990000009536743,2.7100000381469727,2.759999990463257,757400,0.0,0.0
2024-10-01 00:00:00-04:00,2.7699999809265137,2.7699999809265137,2.5799999237060547,2.6700000762939453,689700,0.0,0.0
2024-10-02 00:00:00-04:00,2.5999999046325684,2.809999942779541,2.5999999046325684,2.799999952316284,416000,0.0,0.0
2024-10-03 00:00:00-04:00,2.759999990463257,2.7899999618530273,2.6500000953674316,2.690000057220459,324600,0.0,0.0
2024-10-04 00:00:00-04:00,2.759999990463257,2.8399999141693115,2.7300000190734863,2.799999952316284,266200,0.0,0.0
2024-10-07 00:00:00-04:00,2.799999952316284,2.799999952316284,2.700000047683716,2.75,274500,0.0,0.0
2024-10-08 00:00:00-04:00,2.759999990463257,2.799999952316284,2.7100000381469727,2.759999990463257,326300,0.0,0.0
2024-10-09 00:00:00-04:00,2.7699999809265137,2.7899999618530273,2.680000066757202,2.700000047683716,360700,0.0,0.0
2024-10-10 00:00:00-04:00,2.6600000858306885,3.140000104904175,2.6500000953674316,2.9200000762939453,1780700,0.0,0.0
2024-10-11 00:00:00-04:00,2.9000000953674316,2.9800000190734863,2.8399999141693115,2.9600000381469727,377100,0.0,0.0
2024-10-14 00:00:00-04:00,2.9800000190734863,2.990000009536743,2.880000114440918,2.9100000858306885,229000,0.0,0.0
2024-10-15 00:00:00-04:00,2.9100000858306885,3.0199999809265137,2.8299999237060547,2.9600000381469727,322900,0.0,0.0
2024-10-16 00:00:00-04:00,3.009999990463257,3.3499999046325684,2.9600000381469727,3.3399999141693115,1305400,0.0,0.0
2024-10-17 00:00:00-04:00,3.490000009536743,3.9200000762939453,3.4200000762939453,3.9100000858306885,3080000,0.0,0.0
2024-10-18 00:00:00-04:00,3.9800000190734863,4.230000019073486,3.859999895095825,4.059999942779541,1905900,0.0,0.0
2024-10-21 00:00:00-04:00,4.059999942779541,4.190000057220459,3.8299999237060547,4.070000171661377,1074100,0.0,0.0
2024-10-22 00:00:00-04:00,4.03000020980835,4.090000152587891,3.4800000190734863,3.490000009536743,1147800,0.0,0.0
2024-10-23 00:00:00-04:00,3.549999952316284,3.549999952316284,3.259999990463257,3.3399999141693115,711800,0.0,0.0
2024-10-24 00:00:00-04:00,3.3399999141693115,3.5,3.2899999618530273,3.4600000381469727,371500,0.0,0.0
2024-10-25 00:00:00-04:00,3.5,3.5999999046325684,3.299999952316284,3.319999933242798,524100,0.0,0.0
2024-10-28 00:00:00-04:00,3.369999885559082,3.569999933242798,3.359999895095825,3.549999952316284,351200,0.0,0.0
2024-10-29 00:00:00-04:00,3.569999933242798,3.569999933242798,3.299999952316284,3.440000057220459,506300,0.0,0.0
2024-10-30 00:00:00-04:00,3.4200000762939453,3.5299999713897705,3.359999895095825,3.369999885559082,401100,0.0,0.0
2024-10-31 00:00:00-04:00,3.3299999237060547,3.369999885559082,3.140000104904175,3.1500000953674316,559400,0.0,0.0
2024-11-01 00:00:00-04:00,3.1600000858306885,3.2300000190734863,3.109999895095825,3.1600000858306885,347500,0.0,0.0
2024-11-04 00:00:00-05:00,3.130000114440918,3.1700000762939453,3.0999999046325684,3.1500000953674316,372400,0.0,0.0
2024-11-05 00:00:00-05:00,3.1500000953674316,3.390000104904175,3.109999895095825,3.390000104904175,559000,0.0,0.0
2024-11-06 00:00:00-05:00,3.549999952316284,3.6700000762939453,3.359999895095825,3.619999885559082,1015100,0.0,0.0
2024-11-07 00:00:00-05:00,3.619999885559082,3.630000114440918,3.309999942779541,3.5399999618530273,677900,0.0,0.0
2024-11-08 00:00:00-05:00,3.5299999713897705,3.7699999809265137,3.380000114440918,3.740000009536743,668300,0.0,0.0
2024-11-11 00:00:00-05:00,3.7799999713897705,3.9000000953674316,3.6500000953674316,3.890000104904175,757900,0.0,0.0
2024-11-12 00:00:00-05:00,3.8499999046325684,3.880000114440918,3.6500000953674316,3.700000047683716,649200,0.0,0.0
2024-11-13 00:00:00-05:00,3.3299999237060547,3.430000066757202,2.799999952316284,2.9600000381469727,2268300,0.0,0.0
2024-11-14 00:00:00-05:00,3.0299999713897705,3.0899999141693115,2.869999885559082,2.880000114440918,878400,0.0,0.0
2024-11-15 00:00:00-05:00,2.930000066757202,3.069999933242798,2.8499999046325684,2.880000114440918,953600,0.0,0.0
2024-11-18 00:00:00-05:00,2.940000057220459,3.0,2.799999952316284,2.869999885559082,904500,0.0,0.0
2024-11-19 00:00:00-05:00,2.809999942779541,2.9600000381469727,2.759999990463257,2.950000047683716,579700,0.0,0.0
2024-11-20 00:00:00-05:00,2.940000057220459,2.9700000286102295,2.6600000858306885,2.7699999809265137,719600,0.0,0.0
2024-11-21 00:00:00-05:00,2.7699999809265137,2.950000047683716,2.7699999809265137,2.8499999046325684,653100,0.0,0.0
2024-11-22 00:00:00-05:00,2.869999885559082,3.0299999713897705,2.7100000381469727,2.9800000190734863,593200,0.0,0.0
2024-11-25 00:00:00-05:00,2.9600000381469727,3.059999942779541,2.819999933242798,2.819999933242798,3073300,0.0,0.0
2024-11-26 00:00:00-05:00,2.7899999618530273,2.890000104904175,2.7200000286102295,2.7200000286102295,757800,0.0,0.0
2024-11-27 00:00:00-05:00,2.740000009536743,2.9200000762939453,2.740000009536743,2.799999952316284,552900,0.0,0.0
2024-11-29 00:00:00-05:00,2.8499999046325684,2.9800000190734863,2.8499999046325684,2.869999885559082,422700,0.0,0.0
2024-12-02 00:00:00-05:00,2.869999885559082,2.940000057220459,2.759999990463257,2.7899999618530273,720600,0.0,0.0
2024-12-03 00:00:00-05:00,2.7799999713897705,2.7799999713897705,2.6500000953674316,2.6700000762939453,580200,0.0,0.0
2024-12-04 00:00:00-05:00,2.690000057220459,2.7799999713897705,2.6600000858306885,2.7699999809265137,403800,0.0,0.0
2024-12-05 00:00:00-05:00,2.7200000286102295,2.7899999618530273,2.619999885559082,2.619999885559082,540000,0.0,0.0
2024-12-06 00:00:00-05:00,2.680000066757202,2.8299999237060547,2.680000066757202,2.809999942779541,509000,0.0,0.0
2024-12-09 00:00:00-05:00,2.8499999046325684,2.869999885559082,2.7799999713897705,2.799999952316284,434900,0.0,0.0
2024-12-10 00:00:00-05:00,2.759999990463257,2.7899999618530273,2.6500000953674316,2.6500000953674316,475900,0.0,0.0
2024-12-11 00:00:00-05:00,2.619999885559082,2.7100000381469727,1.7599999904632568,1.9700000286102295,4401100,0.0,0.0
2024-12-12 00:00:00-05:00,1.9500000476837158,2.009999990463257,1.75,1.7799999713897705,1744100,0.0,0.0
2024-12-13 00:00:00-05:00,1.8600000143051147,1.9900000095367432,1.8200000524520874,1.9900000095367432,1139100,0.0,0.0
2024-12-16 00:00:00-05:00,2.0199999809265137,2.4200000762939453,1.940000057220459,2.2200000286102295,1923900,0.0,0.0
2024-12-17 00:00:00-05:00,2.25,2.3499999046325684,2.069999933242798,2.109999895095825,901200,0.0,0.0
2024-12-18 00:00:00-05:00,2.130000114440918,2.319999933242798,1.899999976158142,1.9299999475479126,2050900,0.0,0.0
2024-12-19 00:00:00-05:00,1.9500000476837158,2.0399999618530273,1.8300000429153442,1.8300000429153442,1264400,0.0,0.0
2024-12-20 00:00:00-05:00,1.7999999523162842,2.0799999237060547,1.7899999618530273,1.9600000381469727,1418100,0.0,0.0
2024-12-23 00:00:00-05:00,1.9600000381469727,2.240000009536743,1.9500000476837158,2.059999942779541,1051900,0.0,0.0
2024-12-24 00:00:00-05:00,2.049999952316284,2.1500000953674316,1.9800000190734863,2.140000104904175,742900,0.0,0.0
2024-12-26 00:00:00-05:00,2.1600000858306885,2.1700000762939453,2.009999990463257,2.119999885559082,762800,0.0,0.0
2024-12-27 00:00:00-05:00,2.0899999141693115,2.0999999046325684,1.9800000190734863,2.049999952316284,675200,0.0,0.0
2024-12-30 00:00:00-05:00,2.0399999618530273,2.119999885559082,1.9900000095367432,2.0899999141693115,765700,0.0,0.0
2024-12-31 00:00:00-05:00,2.109999895095825,2.1600000858306885,2.049999952316284,2.0999999046325684,651600,0.0,0.0
2025-01-02 00:00:00-05:00,2.190000057220459,2.4200000762939453,2.130000114440918,2.1600000858306885,1434300,0.0,0.0
2025-01-03 00:00:00-05:00,2.180000066757202,2.4800000190734863,2.180000066757202,2.4200000762939453,1406400,0.0,0.0
2025-01-06 00:00:00-05:00,2.440000057220459,2.5799999237060547,2.3399999141693115,2.369999885559082,855000,0.0,0.0
2025-01-07 00:00:00-05:00,2.369999885559082,2.4700000286102295,2.3299999237060547,2.3399999141693115,570100,0.0,0.0
2025-01-08 00:00:00-05:00,2.309999942779541,2.3399999141693115,2.1700000762939453,2.2100000381469727,577500,0.0,0.0
2025-01-10 00:00:00-05:00,1.850000023841858,1.9900000095367432,1.6799999475479126,1.940000057220459,2823600,0.0,0.0
2025-01-13 00:00:00-05:00,1.8600000143051147,1.9199999570846558,1.809999942779541,1.899999976158142,906100,0.0,0.0
2025-01-14 00:00:00-05:00,1.940000057220459,2.0,1.850000023841858,1.9500000476837158,536600,0.0,0.0
2025-01-15 00:00:00-05:00,2.0399999618530273,2.0799999237060547,1.9800000190734863,2.069999933242798,599400,0.0,0.0
2025-01-16 00:00:00-05:00,2.0799999237060547,2.0799999237060547,1.8700000047683716,1.9199999570846558,729000,0.0,0.0
2025-01-17 00:00:00-05:00,1.940000057220459,1.9500000476837158,1.809999942779541,1.8600000143051147,564300,0.0,0.0
2025-01-21 00:00:00-05:00,1.8799999952316284,2.0399999618530273,1.8600000143051147,1.9500000476837158,685200,0.0,0.0
2025-01-22 00:00:00-05:00,1.9600000381469727,2.069999933242798,1.9299999475479126,1.9800000190734863,557300,0.0,0.0
2025-01-23 00:00:00-05:00,1.9500000476837158,2.009999990463257,1.9199999570846558,1.9900000095367432,445400,0.0,0.0
2025-01-24 00:00:00-05:00,1.9900000095367432,2.0299999713897705,1.940000057220459,1.9700000286102295,366400,0.0,0.0
2025-01-27 00:00:00-05:00,1.9299999475479126,1.9299999475479126,1.7999999523162842,1.8899999856948853,679653,0.0,0.0
