Date,Open,High,Low,Close,Volume,Dividends,Stock Splits
2022-01-03 00:00:00-05:00,14.829999923706055,16.358999252319336,14.569999694824219,16.049999237060547,711000,0.0,0.0
2022-01-04 00:00:00-05:00,15.84000015258789,16.09000015258789,14.949999809265137,15.550000190734863,508700,0.0,0.0
2022-01-05 00:00:00-05:00,15.359999656677246,15.850000381469727,13.8100004196167,13.970000267028809,849000,0.0,0.0
2022-01-06 00:00:00-05:00,14.15999984741211,14.550000190734863,13.399999618530273,13.550000190734863,1101100,0.0,0.0
2022-01-07 00:00:00-05:00,13.800000190734863,13.819999694824219,12.890000343322754,12.970000267028809,962100,0.0,0.0
2022-01-10 00:00:00-05:00,12.609999656677246,12.960000038146973,11.789999961853027,12.949999809265137,1025600,0.0,0.0
2022-01-11 00:00:00-05:00,12.859999656677246,13.449999809265137,12.699999809265137,13.15999984741211,456100,0.0,0.0
2022-01-12 00:00:00-05:00,13.359999656677246,13.420000076293945,12.369999885559082,12.420000076293945,680200,0.0,0.0
2022-01-13 00:00:00-05:00,12.399999618530273,12.440999984741211,11.970000267028809,12.140000343322754,435100,0.0,0.0
2022-01-14 00:00:00-05:00,11.899999618530273,12.279999732971191,11.5,11.75,651000,0.0,0.0
2022-01-18 00:00:00-05:00,10.800000190734863,11.369999885559082,10.699999809265137,10.819999694824219,1269700,0.0,0.0
2022-01-19 00:00:00-05:00,10.899999618530273,11.25,10.420000076293945,10.65999984741211,772000,0.0,0.0
2022-01-20 00:00:00-05:00,10.819999694824219,11.880000114440918,10.779999732971191,11.149999618530273,931000,0.0,0.0
2022-01-21 00:00:00-05:00,11.265999794006348,11.75,10.880000114440918,11.25,1096200,0.0,0.0
2022-01-24 00:00:00-05:00,10.682000160217285,11.5,9.449999809265137,11.489999771118164,1674500,0.0,0.0
2022-01-25 00:00:00-05:00,10.970000267028809,11.59000015258789,10.5600004196167,10.739999771118164,566300,0.0,0.0
2022-01-26 00:00:00-05:00,11.109999656677246,11.300000190734863,9.90999984741211,10.050000190734863,569000,0.0,0.0
2022-01-27 00:00:00-05:00,10.199999809265137,10.3100004196167,9.399999618530273,9.449999809265137,1088700,0.0,0.0
2022-01-28 00:00:00-05:00,9.479999542236328,10.350000381469727,9.420000076293945,10.350000381469727,612400,0.0,0.0
2022-01-31 00:00:00-05:00,10.470000267028809,11.550000190734863,10.470000267028809,11.350000381469727,787500,0.0,0.0
2022-02-01 00:00:00-05:00,11.449999809265137,12.199999809265137,11.270000457763672,11.649999618530273,595500,0.0,0.0
2022-02-02 00:00:00-05:00,11.75,11.96500015258789,10.550000190734863,10.600000381469727,593700,0.0,0.0
2022-02-03 00:00:00-05:00,10.3149995803833,10.668999671936035,10.069999694824219,10.210000038146973,349200,0.0,0.0
2022-02-04 00:00:00-05:00,10.319999694824219,11.09000015258789,10.199999809265137,11.039999961853027,327300,0.0,0.0
2022-02-07 00:00:00-05:00,11.050000190734863,11.390000343322754,10.899999618530273,10.989999771118164,265100,0.0,0.0
2022-02-08 00:00:00-05:00,10.890000343322754,11.420000076293945,10.710000038146973,11.399999618530273,282700,0.0,0.0
2022-02-09 00:00:00-05:00,11.5,11.890000343322754,11.430000305175781,11.75,298000,0.0,0.0
2022-02-10 00:00:00-05:00,11.180999755859375,11.850000381469727,11.010000228881836,11.039999961853027,451800,0.0,0.0
2022-02-11 00:00:00-05:00,11.0,11.350000381469727,10.270000457763672,10.369999885559082,425200,0.0,0.0
2022-02-14 00:00:00-05:00,10.180000305175781,10.619999885559082,9.859999656677246,9.899999618530273,568500,0.0,0.0
2022-02-15 00:00:00-05:00,10.430000305175781,10.9399995803833,10.220000267028809,10.90999984741211,486200,0.0,0.0
2022-02-16 00:00:00-05:00,10.6899995803833,10.770000457763672,10.210000038146973,10.579999923706055,393000,0.0,0.0
2022-02-17 00:00:00-05:00,10.3100004196167,10.619999885559082,10.0,10.130000114440918,453300,0.0,0.0
2022-02-18 00:00:00-05:00,10.09000015258789,10.390000343322754,9.720000267028809,9.84000015258789,444900,0.0,0.0
2022-02-22 00:00:00-05:00,9.75,10.0,9.430000305175781,9.470000267028809,435800,0.0,0.0
2022-02-23 00:00:00-05:00,9.649999618530273,9.699999809265137,9.0,9.050000190734863,465300,0.0,0.0
2022-02-24 00:00:00-05:00,8.489999771118164,9.79800033569336,8.399999618530273,9.75,526100,0.0,0.0
2022-02-25 00:00:00-05:00,9.779999732971191,9.960000038146973,9.319999694824219,9.949999809265137,363100,0.0,0.0
2022-02-28 00:00:00-05:00,9.720000267028809,10.199999809265137,9.670000076293945,10.149999618530273,410700,0.0,0.0
2022-03-01 00:00:00-05:00,10.239999771118164,10.241999626159668,9.60200023651123,9.789999961853027,437200,0.0,0.0
2022-03-02 00:00:00-05:00,9.920000076293945,10.765000343322754,9.880000114440918,10.5,633500,0.0,0.0
2022-03-03 00:00:00-05:00,10.449999809265137,10.529999732971191,10.0,10.199999809265137,326000,0.0,0.0
2022-03-04 00:00:00-05:00,10.140000343322754,10.430000305175781,9.75,9.850000381469727,421100,0.0,0.0
2022-03-07 00:00:00-05:00,9.770000457763672,10.109999656677246,9.550000190734863,9.5600004196167,385800,0.0,0.0
2022-03-08 00:00:00-05:00,9.579999923706055,9.90999984741211,8.949999809265137,9.4399995803833,506400,0.0,0.0
2022-03-09 00:00:00-05:00,9.65999984741211,10.010000228881836,9.420000076293945,9.970000267028809,430800,0.0,0.0
2022-03-10 00:00:00-05:00,9.640000343322754,9.819999694824219,9.399999618530273,9.5600004196167,238800,0.0,0.0
2022-03-11 00:00:00-05:00,9.739999771118164,9.819999694824219,9.010000228881836,9.09000015258789,323700,0.0,0.0
2022-03-14 00:00:00-04:00,9.100000381469727,9.3100004196167,8.229999542236328,8.279999732971191,539800,0.0,0.0
2022-03-15 00:00:00-04:00,8.34000015258789,8.779999732971191,8.270000457763672,8.680000305175781,371200,0.0,0.0
2022-03-16 00:00:00-04:00,8.84000015258789,9.319999694824219,8.770000457763672,9.300000190734863,566500,0.0,0.0
2022-03-17 00:00:00-04:00,9.229999542236328,9.720000267028809,9.079999923706055,9.699999809265137,279800,0.0,0.0
2022-03-18 00:00:00-04:00,9.5600004196167,10.130999565124512,9.550000190734863,9.859999656677246,401000,0.0,0.0
2022-03-21 00:00:00-04:00,9.9399995803833,10.300000190734863,9.619999885559082,9.90999984741211,304500,0.0,0.0
2022-03-22 00:00:00-04:00,10.0,10.300000190734863,9.890000343322754,10.029999732971191,449300,0.0,0.0
2022-03-23 00:00:00-04:00,9.880000114440918,10.050000190734863,9.529999732971191,9.539999961853027,402700,0.0,0.0
2022-03-24 00:00:00-04:00,9.699999809265137,9.800000190734863,9.199999809265137,9.65999984741211,484800,0.0,0.0
2022-03-25 00:00:00-04:00,9.65999984741211,9.699999809265137,9.130000114440918,9.260000228881836,361700,0.0,0.0
2022-03-28 00:00:00-04:00,9.300000190734863,9.449999809265137,8.880000114440918,9.380000114440918,652100,0.0,0.0
2022-03-29 00:00:00-04:00,9.520000457763672,9.850000381469727,9.489999771118164,9.670000076293945,440200,0.0,0.0
2022-03-30 00:00:00-04:00,9.649999618530273,9.880000114440918,9.399999618530273,9.420000076293945,484300,0.0,0.0
2022-03-31 00:00:00-04:00,9.680000305175781,12.050000190734863,9.449999809265137,10.84000015258789,5228400,0.0,0.0
2022-04-01 00:00:00-04:00,10.84000015258789,11.520000457763672,10.210000038146973,10.75,1299500,0.0,0.0
2022-04-04 00:00:00-04:00,10.550000190734863,12.319999694824219,10.550000190734863,12.119999885559082,1709100,0.0,0.0
2022-04-05 00:00:00-04:00,13.239999771118164,14.770000457763672,12.619999885559082,13.390000343322754,5184700,0.0,0.0
2022-04-06 00:00:00-04:00,13.729999542236328,13.75,11.770999908447266,12.640000343322754,1580800,0.0,0.0
2022-04-07 00:00:00-04:00,12.65999984741211,13.979999542236328,12.640000343322754,13.0600004196167,1104200,0.0,0.0
2022-04-08 00:00:00-04:00,13.0,13.069999694824219,11.906999588012695,11.9399995803833,838600,0.0,0.0
2022-04-11 00:00:00-04:00,11.279999732971191,11.800000190734863,11.010000228881836,11.239999771118164,608500,0.0,0.0
2022-04-12 00:00:00-04:00,11.34000015258789,11.760000228881836,10.890000343322754,10.989999771118164,503200,0.0,0.0
2022-04-13 00:00:00-04:00,10.961000442504883,11.588000297546387,10.90999984741211,11.5,361000,0.0,0.0
2022-04-14 00:00:00-04:00,11.390000343322754,11.729999542236328,11.140000343322754,11.5600004196167,614000,0.0,0.0
2022-04-18 00:00:00-04:00,11.4399995803833,11.609999656677246,10.770000457763672,10.84000015258789,519600,0.0,0.0
2022-04-19 00:00:00-04:00,10.84000015258789,11.680000305175781,10.779999732971191,11.34000015258789,272400,0.0,0.0
2022-04-20 00:00:00-04:00,11.399999618530273,11.5,10.539999961853027,10.539999961853027,491400,0.0,0.0
2022-04-21 00:00:00-04:00,10.630000114440918,10.833000183105469,10.109999656677246,10.170000076293945,388500,0.0,0.0
2022-04-22 00:00:00-04:00,10.15999984741211,10.414999961853027,9.800000190734863,10.050000190734863,389400,0.0,0.0
2022-04-25 00:00:00-04:00,10.350000381469727,11.210000038146973,10.111000061035156,11.029999732971191,716200,0.0,0.0
2022-04-26 00:00:00-04:00,11.199999809265137,11.199999809265137,9.989999771118164,10.010000228881836,428400,0.0,0.0
2022-04-27 00:00:00-04:00,9.930000305175781,10.36299991607666,9.65999984741211,9.699999809265137,446900,0.0,0.0
2022-04-28 00:00:00-04:00,10.119999885559082,10.28499984741211,9.180000305175781,9.569999694824219,694900,0.0,0.0
2022-04-29 00:00:00-04:00,9.520000457763672,9.859999656677246,9.149999618530273,9.1899995803833,430700,0.0,0.0
2022-05-02 00:00:00-04:00,9.25,9.899999618530273,9.069999694824219,9.890000343322754,349600,0.0,0.0
2022-05-03 00:00:00-04:00,9.739999771118164,9.930000305175781,9.34000015258789,9.699999809265137,315500,0.0,0.0
2022-05-04 00:00:00-04:00,9.569999694824219,9.913999557495117,9.100000381469727,9.819999694824219,359000,0.0,0.0
2022-05-05 00:00:00-04:00,9.529999732971191,9.6899995803833,8.899999618530273,9.149999618530273,407500,0.0,0.0
2022-05-06 00:00:00-04:00,9.170000076293945,9.340999603271484,8.800000190734863,9.210000038146973,481200,0.0,0.0
2022-05-09 00:00:00-04:00,8.829999923706055,9.767999649047852,8.6899995803833,9.5,810700,0.0,0.0
2022-05-10 00:00:00-04:00,9.630000114440918,9.930000305175781,8.949999809265137,9.270000457763672,684700,0.0,0.0
2022-05-11 00:00:00-04:00,9.100000381469727,9.539999961853027,8.989999771118164,9.199999809265137,517100,0.0,0.0
2022-05-12 00:00:00-04:00,8.899999618530273,9.350000381469727,8.65999984741211,8.850000381469727,762500,0.0,0.0
2022-05-13 00:00:00-04:00,9.170000076293945,9.800000190734863,8.949999809265137,9.6899995803833,639700,0.0,0.0
2022-05-16 00:00:00-04:00,9.59000015258789,10.270000457763672,9.510000228881836,9.600000381469727,471900,0.0,0.0
2022-05-17 00:00:00-04:00,9.739999771118164,10.270000457763672,9.734000205993652,10.0,396800,0.0,0.0
2022-05-18 00:00:00-04:00,9.800000190734863,10.1899995803833,9.239999771118164,9.449999809265137,559700,0.0,0.0
2022-05-19 00:00:00-04:00,8.90999984741211,11.229999542236328,8.880000114440918,11.119999885559082,1237600,0.0,0.0
2022-05-20 00:00:00-04:00,10.949999809265137,11.15999984741211,9.800000190734863,10.220000267028809,891600,0.0,0.0
2022-05-23 00:00:00-04:00,10.260000228881836,10.260000228881836,9.520000457763672,9.59000015258789,358500,0.0,0.0
2022-05-24 00:00:00-04:00,9.270000457763672,9.399999618530273,9.100000381469727,9.1899995803833,402600,0.0,0.0
2022-05-25 00:00:00-04:00,9.329999923706055,9.729999542236328,9.329999923706055,9.520000457763672,295600,0.0,0.0
2022-05-26 00:00:00-04:00,9.4399995803833,9.892999649047852,9.390000343322754,9.649999618530273,502200,0.0,0.0
2022-05-27 00:00:00-04:00,9.720000267028809,10.380000114440918,9.630999565124512,10.380000114440918,515100,0.0,0.0
2022-05-31 00:00:00-04:00,10.100000381469727,10.59000015258789,10.0600004196167,10.220000267028809,498800,0.0,0.0
2022-06-01 00:00:00-04:00,10.239999771118164,10.539999961853027,9.720000267028809,9.890000343322754,309000,0.0,0.0
2022-06-02 00:00:00-04:00,9.9399995803833,10.0,9.699999809265137,9.90999984741211,348300,0.0,0.0
2022-06-03 00:00:00-04:00,9.850000381469727,9.850000381469727,9.329999923706055,9.539999961853027,348600,0.0,0.0
2022-06-06 00:00:00-04:00,9.859999656677246,11.180000305175781,9.859999656677246,10.329999923706055,1839300,0.0,0.0
2022-06-07 00:00:00-04:00,10.350000381469727,10.829999923706055,10.125,10.800000190734863,853600,0.0,0.0
2022-06-08 00:00:00-04:00,10.890000343322754,11.4399995803833,10.720000267028809,10.770000457763672,840100,0.0,0.0
2022-06-09 00:00:00-04:00,10.579999923706055,10.699999809265137,10.079999923706055,10.140000343322754,734800,0.0,0.0
2022-06-10 00:00:00-04:00,9.890000343322754,10.25,9.850000381469727,10.029999732971191,343700,0.0,0.0
2022-06-13 00:00:00-04:00,9.600000381469727,9.640000343322754,9.010000228881836,9.0600004196167,661000,0.0,0.0
2022-06-14 00:00:00-04:00,9.180000305175781,9.449999809265137,9.020000457763672,9.430000305175781,437200,0.0,0.0
2022-06-15 00:00:00-04:00,9.380000114440918,9.960000038146973,9.380000114440918,9.779999732971191,526400,0.0,0.0
2022-06-16 00:00:00-04:00,9.630000114440918,9.720000267028809,9.270000457763672,9.539999961853027,539500,0.0,0.0
2022-06-17 00:00:00-04:00,9.569999694824219,10.539999961853027,9.569999694824219,10.300000190734863,630300,0.0,0.0
2022-06-21 00:00:00-04:00,10.300000190734863,10.829999923706055,10.1899995803833,10.8100004196167,721600,0.0,0.0
2022-06-22 00:00:00-04:00,10.5,11.140999794006348,10.489999771118164,10.930000305175781,585900,0.0,0.0
2022-06-23 00:00:00-04:00,10.930000305175781,11.739999771118164,10.930000305175781,11.569999694824219,724800,0.0,0.0
2022-06-24 00:00:00-04:00,11.819999694824219,12.300000190734863,11.479999542236328,11.779999732971191,5253600,0.0,0.0
2022-06-27 00:00:00-04:00,11.329999923706055,11.649999618530273,10.850000381469727,11.34000015258789,624200,0.0,0.0
2022-06-28 00:00:00-04:00,11.25,11.770000457763672,11.0600004196167,11.149999618530273,385400,0.0,0.0
2022-06-29 00:00:00-04:00,11.239999771118164,11.59000015258789,11.024999618530273,11.420000076293945,510000,0.0,0.0
2022-06-30 00:00:00-04:00,11.210000038146973,11.359999656677246,10.510000228881836,11.300000190734863,920200,0.0,0.0
2022-07-01 00:00:00-04:00,11.199999809265137,11.420000076293945,10.779999732971191,10.869999885559082,256500,0.0,0.0
2022-07-05 00:00:00-04:00,10.710000038146973,11.4399995803833,10.649999618530273,11.4399995803833,339300,0.0,0.0
2022-07-06 00:00:00-04:00,11.300000190734863,12.020000457763672,11.170000076293945,11.970000267028809,513200,0.0,0.0
2022-07-07 00:00:00-04:00,11.949999809265137,12.760000228881836,11.899999618530273,12.420000076293945,423100,0.0,0.0
2022-07-08 00:00:00-04:00,12.380000114440918,12.8100004196167,12.34000015258789,12.59000015258789,205100,0.0,0.0
2022-07-11 00:00:00-04:00,12.5,12.520000457763672,11.859999656677246,11.949999809265137,286600,0.0,0.0
2022-07-12 00:00:00-04:00,11.890000343322754,12.539999961853027,11.800000190734863,12.319999694824219,243900,0.0,0.0
2022-07-13 00:00:00-04:00,12.149999618530273,12.510000228881836,12.050000190734863,12.359999656677246,239500,0.0,0.0
2022-07-14 00:00:00-04:00,12.300000190734863,12.399999618530273,11.899999618530273,12.390000343322754,166300,0.0,0.0
2022-07-15 00:00:00-04:00,12.600000381469727,12.600000381469727,12.050000190734863,12.449999809265137,229600,0.0,0.0
2022-07-18 00:00:00-04:00,12.539999961853027,12.829999923706055,12.069999694824219,12.119999885559082,301600,0.0,0.0
2022-07-19 00:00:00-04:00,12.1899995803833,12.449999809265137,12.079999923706055,12.380000114440918,239800,0.0,0.0
2022-07-20 00:00:00-04:00,12.520000457763672,13.510000228881836,12.520000457763672,13.489999771118164,634900,0.0,0.0
2022-07-21 00:00:00-04:00,13.479999542236328,13.649999618530273,13.180000305175781,13.630000114440918,279500,0.0,0.0
2022-07-22 00:00:00-04:00,13.619999885559082,13.635000228881836,12.649999618530273,12.739999771118164,296500,0.0,0.0
2022-07-25 00:00:00-04:00,12.890000343322754,13.069999694824219,12.510000228881836,12.979999542236328,222100,0.0,0.0
2022-07-26 00:00:00-04:00,12.960000038146973,13.020000457763672,12.569999694824219,12.630000114440918,203400,0.0,0.0
2022-07-27 00:00:00-04:00,12.880000114440918,12.989999771118164,12.479999542236328,12.899999618530273,214900,0.0,0.0
2022-07-28 00:00:00-04:00,12.979999542236328,13.239999771118164,12.579999923706055,13.130000114440918,210900,0.0,0.0
2022-07-29 00:00:00-04:00,13.149999618530273,13.149999618530273,11.949999809265137,12.039999961853027,517300,0.0,0.0
2022-08-01 00:00:00-04:00,12.039999961853027,12.5600004196167,11.800000190734863,12.510000228881836,284500,0.0,0.0
2022-08-02 00:00:00-04:00,12.489999771118164,13.3100004196167,12.40999984741211,13.210000038146973,384800,0.0,0.0
2022-08-03 00:00:00-04:00,13.300000190734863,13.755000114440918,13.170000076293945,13.5600004196167,288100,0.0,0.0
2022-08-04 00:00:00-04:00,13.640000343322754,14.25,13.633999824523926,14.109999656677246,467300,0.0,0.0
2022-08-05 00:00:00-04:00,13.859999656677246,14.34000015258789,13.630000114440918,14.050000190734863,266000,0.0,0.0
2022-08-08 00:00:00-04:00,14.010000228881836,14.569999694824219,13.899999618530273,13.930000305175781,329900,0.0,0.0
2022-08-09 00:00:00-04:00,13.619999885559082,13.755000114440918,12.819999694824219,12.90999984741211,399600,0.0,0.0
2022-08-10 00:00:00-04:00,13.220000267028809,14.09000015258789,13.0600004196167,14.069999694824219,564500,0.0,0.0
2022-08-11 00:00:00-04:00,14.350000381469727,16.14900016784668,14.239999771118164,15.039999961853027,1131800,0.0,0.0
2022-08-12 00:00:00-04:00,15.59000015258789,15.770000457763672,14.640000343322754,15.319999694824219,379300,0.0,0.0
2022-08-15 00:00:00-04:00,15.449999809265137,15.829999923706055,15.15999984741211,15.520000457763672,565100,0.0,0.0
2022-08-16 00:00:00-04:00,14.859999656677246,16.440000534057617,13.829999923706055,16.25,1172100,0.0,0.0
2022-08-17 00:00:00-04:00,15.859999656677246,16.200000762939453,15.20199966430664,15.390000343322754,517400,0.0,0.0
2022-08-18 00:00:00-04:00,15.5,15.5,14.25,14.6899995803833,474400,0.0,0.0
2022-08-19 00:00:00-04:00,14.300000190734863,14.550000190734863,13.850000381469727,14.430000305175781,482200,0.0,0.0
2022-08-22 00:00:00-04:00,14.0,14.479999542236328,13.774999618530273,13.829999923706055,427200,0.0,0.0
2022-08-23 00:00:00-04:00,13.829999923706055,14.350000381469727,13.800000190734863,14.140000343322754,406800,0.0,0.0
2022-08-24 00:00:00-04:00,14.279999732971191,14.800000190734863,14.140000343322754,14.739999771118164,265300,0.0,0.0
2022-08-25 00:00:00-04:00,14.949999809265137,15.0,14.510000228881836,14.8100004196167,308500,0.0,0.0
2022-08-26 00:00:00-04:00,14.979999542236328,15.140000343322754,14.029999732971191,14.069999694824219,231800,0.0,0.0
2022-08-29 00:00:00-04:00,13.75,14.130000114440918,13.239999771118164,13.270000457763672,299800,0.0,0.0
2022-08-30 00:00:00-04:00,13.619999885559082,13.850000381469727,13.0600004196167,13.109999656677246,301100,0.0,0.0
2022-08-31 00:00:00-04:00,13.229999542236328,13.59000015258789,13.039999961853027,13.3100004196167,283100,0.0,0.0
2022-09-01 00:00:00-04:00,13.050000190734863,13.15999984741211,12.609999656677246,12.869999885559082,297800,0.0,0.0
2022-09-02 00:00:00-04:00,13.050000190734863,13.369999885559082,12.6899995803833,13.1899995803833,258100,0.0,0.0
2022-09-06 00:00:00-04:00,13.130000114440918,13.199999809265137,12.180000305175781,12.199999809265137,350100,0.0,0.0
2022-09-07 00:00:00-04:00,12.020000457763672,12.4350004196167,11.939000129699707,11.960000038146973,331700,0.0,0.0
2022-09-08 00:00:00-04:00,11.90999984741211,12.0,11.539999961853027,11.640000343322754,467600,0.0,0.0
2022-09-09 00:00:00-04:00,11.6899995803833,12.255000114440918,11.6899995803833,12.130000114440918,365000,0.0,0.0
2022-09-12 00:00:00-04:00,12.180000305175781,12.5600004196167,11.970000267028809,12.460000038146973,272200,0.0,0.0
2022-09-13 00:00:00-04:00,11.850000381469727,12.1899995803833,11.739999771118164,11.800000190734863,354100,0.0,0.0
2022-09-14 00:00:00-04:00,11.800000190734863,12.654999732971191,11.75,12.520000457763672,249700,0.0,0.0
2022-09-15 00:00:00-04:00,12.40999984741211,12.739999771118164,12.390000343322754,12.630000114440918,220800,0.0,0.0
2022-09-16 00:00:00-04:00,12.3100004196167,12.6850004196167,12.079999923706055,12.449999809265137,553700,0.0,0.0
2022-09-19 00:00:00-04:00,12.1899995803833,12.369999885559082,11.850000381469727,12.130000114440918,269300,0.0,0.0
2022-09-20 00:00:00-04:00,11.970000267028809,12.029999732971191,11.520000457763672,11.75,446200,0.0,0.0
2022-09-21 00:00:00-04:00,11.779999732971191,12.029999732971191,11.369999885559082,11.399999618530273,313600,0.0,0.0
2022-09-22 00:00:00-04:00,11.420000076293945,11.5,10.392999649047852,10.970000267028809,473800,0.0,0.0
2022-09-23 00:00:00-04:00,10.699999809265137,10.699999809265137,10.119999885559082,10.3100004196167,439300,0.0,0.0
2022-09-26 00:00:00-04:00,10.079999923706055,10.619999885559082,9.90999984741211,10.170000076293945,488500,0.0,0.0
2022-09-27 00:00:00-04:00,10.260000228881836,10.420000076293945,9.800000190734863,10.170000076293945,436500,0.0,0.0
2022-09-28 00:00:00-04:00,10.880000114440918,12.699999809265137,10.75,12.329999923706055,2909800,0.0,0.0
2022-09-29 00:00:00-04:00,12.350000381469727,12.350000381469727,11.015000343322754,11.430000305175781,815700,0.0,0.0
2022-09-30 00:00:00-04:00,11.470000267028809,12.470000267028809,11.449999809265137,11.470000267028809,695800,0.0,0.0
2022-10-03 00:00:00-04:00,11.569999694824219,11.869999885559082,11.319999694824219,11.420000076293945,687600,0.0,0.0
2022-10-04 00:00:00-04:00,11.609999656677246,12.0600004196167,11.609999656677246,12.039999961853027,773000,0.0,0.0
2022-10-05 00:00:00-04:00,11.899999618530273,12.300000190734863,11.6899995803833,12.029999732971191,656400,0.0,0.0
2022-10-06 00:00:00-04:00,12.100000381469727,13.225000381469727,12.100000381469727,12.510000228881836,801900,0.0,0.0
2022-10-07 00:00:00-04:00,12.520000457763672,12.727999687194824,11.329999923706055,11.430000305175781,795900,0.0,0.0
2022-10-10 00:00:00-04:00,11.399999618530273,11.5,10.880000114440918,11.279999732971191,455000,0.0,0.0
2022-10-11 00:00:00-04:00,11.210000038146973,11.880000114440918,11.020000457763672,11.819999694824219,229000,0.0,0.0
2022-10-12 00:00:00-04:00,11.880000114440918,12.029999732971191,11.364999771118164,11.90999984741211,333000,0.0,0.0
2022-10-13 00:00:00-04:00,11.510000228881836,12.949999809265137,11.40999984741211,12.899999618530273,631700,0.0,0.0
2022-10-14 00:00:00-04:00,12.819999694824219,13.449999809265137,11.420000076293945,11.4399995803833,817600,0.0,0.0
2022-10-17 00:00:00-04:00,11.65999984741211,11.9399995803833,11.51200008392334,11.670000076293945,530200,0.0,0.0
2022-10-18 00:00:00-04:00,11.949999809265137,12.270000457763672,11.539999961853027,11.59000015258789,270400,0.0,0.0
2022-10-19 00:00:00-04:00,11.479999542236328,11.640000343322754,11.010000228881836,11.039999961853027,309600,0.0,0.0
2022-10-20 00:00:00-04:00,11.079999923706055,11.5600004196167,11.010000228881836,11.25,276300,0.0,0.0
2022-10-21 00:00:00-04:00,11.300000190734863,11.800000190734863,11.029999732971191,11.779999732971191,352800,0.0,0.0
2022-10-24 00:00:00-04:00,11.649999618530273,11.880000114440918,11.130000114440918,11.850000381469727,342200,0.0,0.0
2022-10-25 00:00:00-04:00,11.84000015258789,12.6899995803833,11.84000015258789,12.510000228881836,453200,0.0,0.0
2022-10-26 00:00:00-04:00,12.449999809265137,12.75,12.289999961853027,12.479999542236328,256000,0.0,0.0
2022-10-27 00:00:00-04:00,12.510000228881836,13.119999885559082,12.279999732971191,12.619999885559082,317500,0.0,0.0
2022-10-28 00:00:00-04:00,12.579999923706055,13.4399995803833,12.520000457763672,13.40999984741211,327100,0.0,0.0
2022-10-31 00:00:00-04:00,13.329999923706055,14.380000114440918,13.152000427246094,14.199999809265137,666800,0.0,0.0
2022-11-01 00:00:00-04:00,14.3100004196167,14.850000381469727,13.770000457763672,13.8100004196167,328500,0.0,0.0
2022-11-02 00:00:00-04:00,13.649999618530273,14.609999656677246,13.350000381469727,13.399999618530273,322100,0.0,0.0
2022-11-03 00:00:00-04:00,13.300000190734863,13.970000267028809,13.170000076293945,13.75,271800,0.0,0.0
2022-11-04 00:00:00-04:00,13.989999771118164,14.050000190734863,13.029999732971191,13.25,271600,0.0,0.0
2022-11-07 00:00:00-05:00,13.3100004196167,13.760000228881836,12.949999809265137,13.510000228881836,237500,0.0,0.0
2022-11-08 00:00:00-05:00,13.470000267028809,13.54699993133545,12.789999961853027,12.920000076293945,390900,0.0,0.0
2022-11-09 00:00:00-05:00,12.850000381469727,13.170000076293945,11.710000038146973,11.720000267028809,770500,0.0,0.0
2022-11-10 00:00:00-05:00,12.449999809265137,13.710000038146973,12.107999801635742,12.65999984741211,703800,0.0,0.0
2022-11-11 00:00:00-05:00,13.270000457763672,14.020000457763672,12.73799991607666,13.789999961853027,532400,0.0,0.0
2022-11-14 00:00:00-05:00,13.789999961853027,13.930000305175781,13.380000114440918,13.680000305175781,267400,0.0,0.0
2022-11-15 00:00:00-05:00,14.0,14.529999732971191,13.760000228881836,14.34000015258789,589700,0.0,0.0
2022-11-16 00:00:00-05:00,14.399999618530273,14.5600004196167,12.15999984741211,12.270000457763672,915900,0.0,0.0
2022-11-17 00:00:00-05:00,11.930000305175781,12.380000114440918,11.569999694824219,11.710000038146973,542500,0.0,0.0
2022-11-18 00:00:00-05:00,12.029999732971191,12.029999732971191,11.149999618530273,11.300000190734863,503500,0.0,0.0
2022-11-21 00:00:00-05:00,11.100000381469727,11.289999961853027,10.800000190734863,10.84000015258789,481900,0.0,0.0
2022-11-22 00:00:00-05:00,10.890000343322754,10.989999771118164,10.510000228881836,10.8100004196167,394300,0.0,0.0
2022-11-23 00:00:00-05:00,10.90999984741211,11.149999618530273,10.878000259399414,10.9399995803833,265400,0.0,0.0
2022-11-25 00:00:00-05:00,10.899999618530273,11.0,10.649999618530273,10.699999809265137,118900,0.0,0.0
2022-11-28 00:00:00-05:00,10.539999961853027,10.880000114440918,10.09000015258789,10.15999984741211,465200,0.0,0.0
2022-11-29 00:00:00-05:00,10.15999984741211,10.329999923706055,10.0600004196167,10.220000267028809,263100,0.0,0.0
2022-11-30 00:00:00-05:00,10.279999732971191,10.680000305175781,9.970000267028809,10.649999618530273,345400,0.0,0.0
2022-12-01 00:00:00-05:00,10.75,11.010000228881836,10.430000305175781,10.720000267028809,390000,0.0,0.0
2022-12-02 00:00:00-05:00,10.569999694824219,10.770000457763672,10.4399995803833,10.670000076293945,181100,0.0,0.0
2022-12-05 00:00:00-05:00,10.609999656677246,10.649999618530273,10.050000190734863,10.079999923706055,267800,0.0,0.0
2022-12-06 00:00:00-05:00,10.149999618530273,10.15999984741211,9.850000381469727,9.899999618530273,238400,0.0,0.0
2022-12-07 00:00:00-05:00,9.899999618530273,10.069999694824219,9.210000038146973,9.239999771118164,523000,0.0,0.0
2022-12-08 00:00:00-05:00,9.369999885559082,9.710000038146973,9.109999656677246,9.369999885559082,510700,0.0,0.0
2022-12-09 00:00:00-05:00,9.399999618530273,9.614999771118164,9.25,9.449999809265137,195800,0.0,0.0
2022-12-12 00:00:00-05:00,9.380000114440918,10.100000381469727,9.380000114440918,9.829999923706055,391900,0.0,0.0
2022-12-13 00:00:00-05:00,10.210000038146973,10.350000381469727,9.770000457763672,9.9399995803833,386000,0.0,0.0
2022-12-14 00:00:00-05:00,9.880000114440918,10.09000015258789,9.609999656677246,9.779999732971191,361600,0.0,0.0
2022-12-15 00:00:00-05:00,9.600000381469727,9.729999542236328,9.470000267028809,9.699999809265137,313900,0.0,0.0
2022-12-16 00:00:00-05:00,9.510000228881836,9.680000305175781,9.24899959564209,9.529999732971191,486400,0.0,0.0
2022-12-19 00:00:00-05:00,9.449999809265137,9.489999771118164,8.710000038146973,8.869999885559082,544500,0.0,0.0
2022-12-20 00:00:00-05:00,8.770000457763672,9.0,8.170000076293945,8.520000457763672,1034600,0.0,0.0
2022-12-21 00:00:00-05:00,8.59000015258789,8.869999885559082,8.460000038146973,8.609999656677246,407400,0.0,0.0
2022-12-22 00:00:00-05:00,8.550000190734863,8.550000190734863,8.119999885559082,8.350000381469727,369500,0.0,0.0
2022-12-23 00:00:00-05:00,8.350000381469727,8.399999618530273,7.988999843597412,8.020000457763672,635700,0.0,0.0
2022-12-27 00:00:00-05:00,7.96999979019165,8.020000457763672,6.599999904632568,6.800000190734863,1407900,0.0,0.0
2022-12-28 00:00:00-05:00,6.800000190734863,6.900000095367432,6.409999847412109,6.570000171661377,1393700,0.0,0.0
2022-12-29 00:00:00-05:00,6.590000152587891,7.400000095367432,6.550000190734863,7.03000020980835,927000,0.0,0.0
2022-12-30 00:00:00-05:00,6.949999809265137,7.440000057220459,6.900000095367432,7.380000114440918,628400,0.0,0.0
2023-01-03 00:00:00-05:00,7.550000190734863,7.724999904632568,6.929999828338623,7.130000114440918,603300,0.0,0.0
2023-01-04 00:00:00-05:00,7.210000038146973,7.449999809265137,7.09499979019165,7.340000152587891,612200,0.0,0.0
2023-01-05 00:00:00-05:00,7.340000152587891,7.71999979019165,7.150000095367432,7.420000076293945,531000,0.0,0.0
2023-01-06 00:00:00-05:00,7.519999980926514,7.650000095367432,7.349999904632568,7.440000057220459,355100,0.0,0.0
2023-01-09 00:00:00-05:00,7.559999942779541,7.840000152587891,7.53000020980835,7.690000057220459,624900,0.0,0.0
2023-01-10 00:00:00-05:00,7.690000057220459,8.199999809265137,7.650000095367432,8.100000381469727,1245100,0.0,0.0
2023-01-11 00:00:00-05:00,8.149999618530273,8.604999542236328,8.020000457763672,8.479999542236328,641500,0.0,0.0
2023-01-12 00:00:00-05:00,8.609999656677246,8.8100004196167,8.369999885559082,8.789999961853027,471900,0.0,0.0
2023-01-13 00:00:00-05:00,8.649999618530273,8.925000190734863,8.510000228881836,8.630000114440918,321600,0.0,0.0
2023-01-17 00:00:00-05:00,8.609999656677246,9.050000190734863,8.550000190734863,8.920000076293945,414200,0.0,0.0
2023-01-18 00:00:00-05:00,9.0600004196167,9.239999771118164,8.65999984741211,8.760000228881836,324400,0.0,0.0
2023-01-19 00:00:00-05:00,8.720000267028809,8.84000015258789,8.40999984741211,8.75,347800,0.0,0.0
2023-01-20 00:00:00-05:00,8.90999984741211,8.979999542236328,8.680000305175781,8.890000343322754,288000,0.0,0.0
2023-01-23 00:00:00-05:00,8.960000038146973,9.539999961853027,8.899999618530273,9.260000228881836,575700,0.0,0.0
2023-01-24 00:00:00-05:00,9.220000267028809,9.220000267028809,8.800000190734863,8.819999694824219,261000,0.0,0.0
2023-01-25 00:00:00-05:00,8.619999885559082,8.90999984741211,8.449999809265137,8.899999618530273,211600,0.0,0.0
2023-01-26 00:00:00-05:00,9.039999961853027,9.170000076293945,8.710000038146973,8.970000267028809,311600,0.0,0.0
2023-01-27 00:00:00-05:00,8.960000038146973,9.4399995803833,8.90999984741211,9.239999771118164,320300,0.0,0.0
2023-01-30 00:00:00-05:00,9.029999732971191,9.229999542236328,8.845000267028809,8.880000114440918,261100,0.0,0.0
2023-01-31 00:00:00-05:00,8.930000305175781,9.300000190734863,8.930000305175781,9.220000267028809,318800,0.0,0.0
2023-02-01 00:00:00-05:00,9.130000114440918,9.329999923706055,8.710000038146973,9.0600004196167,622000,0.0,0.0
2023-02-02 00:00:00-05:00,9.289999961853027,10.15999984741211,9.270000457763672,9.760000228881836,674700,0.0,0.0
2023-02-03 00:00:00-05:00,9.75,10.529999732971191,9.569999694824219,9.890000343322754,483500,0.0,0.0
2023-02-06 00:00:00-05:00,9.859999656677246,10.170000076293945,9.369999885559082,9.4399995803833,453400,0.0,0.0
2023-02-07 00:00:00-05:00,9.449999809265137,9.454999923706055,9.020000457763672,9.109999656677246,574800,0.0,0.0
2023-02-08 00:00:00-05:00,9.109999656677246,9.300000190734863,8.65999984741211,8.770000457763672,404200,0.0,0.0
2023-02-09 00:00:00-05:00,8.899999618530273,8.960000038146973,8.050000190734863,8.119999885559082,434200,0.0,0.0
2023-02-10 00:00:00-05:00,7.989999771118164,8.079999923706055,7.650000095367432,7.900000095367432,557200,0.0,0.0
2023-02-13 00:00:00-05:00,7.900000095367432,8.1899995803833,7.85099983215332,8.069999694824219,344600,0.0,0.0
2023-02-14 00:00:00-05:00,8.079999923706055,8.199999809265137,7.539999961853027,7.880000114440918,573500,0.0,0.0
2023-02-15 00:00:00-05:00,7.800000190734863,8.149999618530273,7.75,8.149999618530273,468300,0.0,0.0
2023-02-16 00:00:00-05:00,7.960000038146973,8.300000190734863,7.789999961853027,7.989999771118164,397400,0.0,0.0
2023-02-17 00:00:00-05:00,7.929999828338623,8.109999656677246,7.849999904632568,7.980000019073486,322500,0.0,0.0
2023-02-21 00:00:00-05:00,7.800000190734863,7.980000019073486,7.179999828338623,7.204999923706055,658100,0.0,0.0
2023-02-22 00:00:00-05:00,7.210000038146973,7.849999904632568,7.210000038146973,7.539999961853027,642000,0.0,0.0
2023-02-23 00:00:00-05:00,7.610000133514404,7.690000057220459,6.940000057220459,7.349999904632568,636100,0.0,0.0
2023-02-24 00:00:00-05:00,7.199999809265137,7.340000152587891,7.010000228881836,7.070000171661377,352700,0.0,0.0
2023-02-27 00:00:00-05:00,7.230000019073486,7.26800012588501,7.034999847412109,7.099999904632568,392400,0.0,0.0
2023-02-28 00:00:00-05:00,7.159999847412109,7.369999885559082,7.079999923706055,7.289999961853027,423200,0.0,0.0
2023-03-01 00:00:00-05:00,7.190000057220459,7.2789998054504395,7.03000020980835,7.070000171661377,333100,0.0,0.0
2023-03-02 00:00:00-05:00,6.989999771118164,7.0,6.760000228881836,6.900000095367432,543000,0.0,0.0
2023-03-03 00:00:00-05:00,7.03000020980835,7.150000095367432,6.710000038146973,7.059999942779541,578200,0.0,0.0
2023-03-06 00:00:00-05:00,7.139999866485596,7.21999979019165,6.820000171661377,6.909999847412109,446500,0.0,0.0
2023-03-07 00:00:00-05:00,6.900000095367432,6.920000076293945,6.71999979019165,6.800000190734863,388000,0.0,0.0
2023-03-08 00:00:00-05:00,6.800000190734863,7.039999961853027,6.679999828338623,6.960000038146973,677600,0.0,0.0
2023-03-09 00:00:00-05:00,6.5,7.019999980926514,6.5,6.53000020980835,931900,0.0,0.0
2023-03-10 00:00:00-05:00,6.559999942779541,6.860000133514404,6.425000190734863,6.579999923706055,616400,0.0,0.0
2023-03-13 00:00:00-04:00,6.449999809265137,7.199999809265137,6.440000057220459,7.110000133514404,732200,0.0,0.0
2023-03-14 00:00:00-04:00,7.0,7.21999979019165,6.760000228881836,6.840000152587891,829600,0.0,0.0
2023-03-15 00:00:00-04:00,6.710000038146973,6.949999809265137,6.690000057220459,6.789999961853027,434600,0.0,0.0
2023-03-16 00:00:00-04:00,6.800000190734863,7.127999782562256,6.710000038146973,7.0,356400,0.0,0.0
2023-03-17 00:00:00-04:00,6.940000057220459,6.940999984741211,6.510000228881836,6.690000057220459,617500,0.0,0.0
2023-03-20 00:00:00-04:00,6.730000019073486,6.730000019073486,6.429999828338623,6.449999809265137,478400,0.0,0.0
2023-03-21 00:00:00-04:00,6.409999847412109,6.699999809265137,6.409999847412109,6.579999923706055,573700,0.0,0.0
2023-03-22 00:00:00-04:00,6.599999904632568,6.610000133514404,5.980000019073486,5.994999885559082,995600,0.0,0.0
2023-03-23 00:00:00-04:00,6.099999904632568,6.261000156402588,5.909999847412109,5.949999809265137,531800,0.0,0.0
2023-03-24 00:00:00-04:00,5.929999828338623,5.940000057220459,5.6020002365112305,5.699999809265137,597300,0.0,0.0
2023-03-27 00:00:00-04:00,5.789999961853027,6.059999942779541,5.699999809265137,5.949999809265137,620900,0.0,0.0
2023-03-28 00:00:00-04:00,5.909999847412109,5.960000038146973,5.650000095367432,5.699999809265137,475600,0.0,0.0
2023-03-29 00:00:00-04:00,5.789999961853027,5.829999923706055,5.519999980926514,5.639999866485596,550300,0.0,0.0
2023-03-30 00:00:00-04:00,5.699999809265137,5.820000171661377,5.650000095367432,5.679999828338623,520600,0.0,0.0
2023-03-31 00:00:00-04:00,5.71999979019165,5.989999771118164,5.699999809265137,5.769999980926514,730400,0.0,0.0
2023-04-03 00:00:00-04:00,5.760000228881836,5.800000190734863,5.480000019073486,5.639999866485596,529000,0.0,0.0
2023-04-04 00:00:00-04:00,5.639999866485596,5.679999828338623,5.420000076293945,5.510000228881836,590600,0.0,0.0
2023-04-05 00:00:00-04:00,5.579999923706055,5.630000114440918,5.309999942779541,5.429999828338623,487500,0.0,0.0
2023-04-06 00:00:00-04:00,5.440000057220459,5.849999904632568,5.389999866485596,5.800000190734863,494900,0.0,0.0
2023-04-10 00:00:00-04:00,5.800000190734863,5.869999885559082,5.440000057220459,5.760000228881836,490500,0.0,0.0
2023-04-11 00:00:00-04:00,5.789999961853027,6.329999923706055,5.789999961853027,6.079999923706055,741200,0.0,0.0
2023-04-12 00:00:00-04:00,6.230000019073486,6.320000171661377,6.045000076293945,6.099999904632568,423000,0.0,0.0
2023-04-13 00:00:00-04:00,6.159999847412109,6.889999866485596,6.159999847412109,6.820000171661377,606100,0.0,0.0
2023-04-14 00:00:00-04:00,6.960000038146973,7.019999980926514,6.610000133514404,6.739999771118164,463800,0.0,0.0
2023-04-17 00:00:00-04:00,6.699999809265137,6.71999979019165,6.289999961853027,6.400000095367432,373100,0.0,0.0
2023-04-18 00:00:00-04:00,6.429999828338623,6.451000213623047,6.139999866485596,6.170000076293945,393000,0.0,0.0
2023-04-19 00:00:00-04:00,6.119999885559082,6.179999828338623,5.960000038146973,6.170000076293945,309300,0.0,0.0
2023-04-20 00:00:00-04:00,6.119999885559082,6.199999809265137,6.0,6.159999847412109,489100,0.0,0.0
2023-04-21 00:00:00-04:00,6.150000095367432,6.199999809265137,6.070000171661377,6.150000095367432,378900,0.0,0.0
2023-04-24 00:00:00-04:00,6.150000095367432,6.5,6.099999904632568,6.329999923706055,416400,0.0,0.0
2023-04-25 00:00:00-04:00,6.349999904632568,6.349999904632568,5.679999828338623,5.820000171661377,924200,0.0,0.0
2023-04-26 00:00:00-04:00,5.909999847412109,6.050000190734863,5.691999912261963,5.96999979019165,349500,0.0,0.0
2023-04-27 00:00:00-04:00,6.010000228881836,6.159999847412109,5.804999828338623,6.130000114440918,376600,0.0,0.0
2023-04-28 00:00:00-04:00,6.03000020980835,6.289999961853027,5.940000057220459,6.110000133514404,303700,0.0,0.0
2023-05-01 00:00:00-04:00,8.8100004196167,11.680000305175781,8.5600004196167,10.289999961853027,32328400,0.0,0.0
2023-05-02 00:00:00-04:00,10.210000038146973,11.550000190734863,9.529999732971191,11.220000267028809,8968200,0.0,0.0
2023-05-03 00:00:00-04:00,9.899999618530273,11.168999671936035,9.470000267028809,10.670000076293945,3944700,0.0,0.0
2023-05-04 00:00:00-04:00,10.670000076293945,15.020000457763672,10.670000076293945,14.399999618530273,9927700,0.0,0.0
2023-05-05 00:00:00-04:00,15.319999694824219,15.699999809265137,13.739999771118164,15.229999542236328,5618400,0.0,0.0
2023-05-08 00:00:00-04:00,14.649999618530273,17.8799991607666,14.40999984741211,16.360000610351562,5842900,0.0,0.0
2023-05-09 00:00:00-04:00,16.920000076293945,16.950000762939453,15.75,16.360000610351562,2274400,0.0,0.0
2023-05-10 00:00:00-04:00,16.360000610351562,16.709999084472656,15.010000228881836,16.43000030517578,2755100,0.0,0.0
2023-05-11 00:00:00-04:00,16.520000457763672,20.0,15.65999984741211,19.889999389648438,8339200,0.0,0.0
2023-05-12 00:00:00-04:00,19.899999618530273,21.5,18.549999237060547,19.270000457763672,8255100,0.0,0.0
2023-05-15 00:00:00-04:00,19.309999465942383,19.809999465942383,17.790000915527344,18.469999313354492,3646100,0.0,0.0
2023-05-16 00:00:00-04:00,18.18000030517578,18.5,16.600000381469727,17.510000228881836,3113500,0.0,0.0
2023-05-17 00:00:00-04:00,16.899999618530273,17.450000762939453,15.70300006866455,17.31999969482422,2662400,0.0,0.0
2023-05-18 00:00:00-04:00,17.5,17.520000457763672,16.309999465942383,17.469999313354492,1930900,0.0,0.0
2023-05-19 00:00:00-04:00,17.3799991607666,18.770000457763672,17.209999084472656,17.8700008392334,2218300,0.0,0.0
2023-05-22 00:00:00-04:00,16.90999984741211,20.479999542236328,16.329999923706055,19.709999084472656,4211200,0.0,0.0
2023-05-23 00:00:00-04:00,19.610000610351562,19.670000076293945,18.010000228881836,18.389999389648438,2190100,0.0,0.0
2023-05-24 00:00:00-04:00,18.549999237060547,20.292999267578125,18.40999984741211,18.940000534057617,2824400,0.0,0.0
2023-05-25 00:00:00-04:00,19.010000228881836,19.239999771118164,17.309999465942383,17.979999542236328,1894600,0.0,0.0
2023-05-26 00:00:00-04:00,18.170000076293945,18.170000076293945,17.100000381469727,17.5,1235000,0.0,0.0
2023-05-30 00:00:00-04:00,17.260000228881836,18.0,16.670000076293945,17.059999465942383,1270000,0.0,0.0
2023-05-31 00:00:00-04:00,17.1299991607666,19.729999542236328,17.1299991607666,17.790000915527344,4984900,0.0,0.0
2023-06-01 00:00:00-04:00,17.6200008392334,18.979999542236328,17.100000381469727,18.110000610351562,1793700,0.0,0.0
2023-06-02 00:00:00-04:00,18.280000686645508,21.700000762939453,18.239999771118164,21.270000457763672,6195500,0.0,0.0
2023-06-05 00:00:00-04:00,20.979999542236328,22.690000534057617,19.739999771118164,20.020000457763672,3221800,0.0,0.0
2023-06-06 00:00:00-04:00,19.940000534057617,21.920000076293945,19.90999984741211,21.510000228881836,2095100,0.0,0.0
2023-06-07 00:00:00-04:00,21.8799991607666,22.350000381469727,19.780000686645508,19.829999923706055,2104000,0.0,0.0
2023-06-08 00:00:00-04:00,19.969999313354492,20.149999618530273,18.850000381469727,19.0,1943600,0.0,0.0
2023-06-09 00:00:00-04:00,19.149999618530273,19.8799991607666,18.3700008392334,18.559999465942383,1260600,0.0,0.0
2023-06-12 00:00:00-04:00,18.600000381469727,19.219999313354492,18.40999984741211,19.200000762939453,1104700,0.0,0.0
2023-06-13 00:00:00-04:00,19.84000015258789,20.0,18.18000030517578,18.700000762939453,1920200,0.0,0.0
2023-06-14 00:00:00-04:00,18.670000076293945,19.110000610351562,17.700000762939453,18.540000915527344,1966700,0.0,0.0
2023-06-15 00:00:00-04:00,18.43000030517578,19.700000762939453,18.40999984741211,19.149999618530273,1626600,0.0,0.0
2023-06-16 00:00:00-04:00,19.530000686645508,19.579999923706055,18.239999771118164,19.229999542236328,1582500,0.0,0.0
2023-06-20 00:00:00-04:00,18.950000762939453,20.56999969482422,18.219999313354492,18.34000015258789,2879600,0.0,0.0
2023-06-21 00:00:00-04:00,18.309999465942383,18.360000610351562,17.190000534057617,17.59000015258789,1451100,0.0,0.0
2023-06-22 00:00:00-04:00,17.34000015258789,17.5,16.950000762939453,17.030000686645508,943600,0.0,0.0
2023-06-23 00:00:00-04:00,16.700000762939453,16.950000762939453,15.3100004196167,15.829999923706055,2638000,0.0,0.0
2023-06-26 00:00:00-04:00,15.880000114440918,15.920000076293945,15.085000038146973,15.220000267028809,1686300,0.0,0.0
2023-06-27 00:00:00-04:00,15.3100004196167,15.319999694824219,14.210000038146973,14.739999771118164,1747500,0.0,0.0
2023-06-28 00:00:00-04:00,14.6899995803833,15.550000190734863,14.510000228881836,15.380000114440918,1097100,0.0,0.0
2023-06-29 00:00:00-04:00,15.5,16.3799991607666,15.199999809265137,15.510000228881836,1547100,0.0,0.0
2023-06-30 00:00:00-04:00,15.739999771118164,16.399999618530273,15.470999717712402,15.489999771118164,1017000,0.0,0.0
2023-07-03 00:00:00-04:00,15.630000114440918,15.630000114440918,14.979999542236328,15.25,579400,0.0,0.0
2023-07-05 00:00:00-04:00,15.109999656677246,15.14799976348877,14.279999732971191,14.5,1358800,0.0,0.0
2023-07-06 00:00:00-04:00,13.949999809265137,14.199999809265137,13.670000076293945,13.829999923706055,993400,0.0,0.0
2023-07-07 00:00:00-04:00,14.0600004196167,14.460000038146973,13.979999542236328,14.079999923706055,939300,0.0,0.0
2023-07-10 00:00:00-04:00,14.039999961853027,14.989999771118164,13.6899995803833,14.819999694824219,902800,0.0,0.0
2023-07-11 00:00:00-04:00,14.930000305175781,15.420000076293945,14.420000076293945,15.279999732971191,1057000,0.0,0.0
2023-07-12 00:00:00-04:00,15.59000015258789,15.880000114440918,15.039999961853027,15.470000267028809,1351800,0.0,0.0
2023-07-13 00:00:00-04:00,15.569999694824219,16.520000457763672,15.319999694824219,15.90999984741211,1069800,0.0,0.0
2023-07-14 00:00:00-04:00,15.8100004196167,15.869999885559082,14.989999771118164,15.100000381469727,828200,0.0,0.0
2023-07-17 00:00:00-04:00,15.0,15.725000381469727,14.701000213623047,15.59000015258789,729400,0.0,0.0
2023-07-18 00:00:00-04:00,15.5600004196167,16.190000534057617,15.3100004196167,15.579999923706055,906500,0.0,0.0
2023-07-19 00:00:00-04:00,15.65999984741211,15.779999732971191,14.90999984741211,15.239999771118164,840200,0.0,0.0
2023-07-20 00:00:00-04:00,15.199999809265137,15.199999809265137,13.800000190734863,13.850000381469727,1145900,0.0,0.0
2023-07-21 00:00:00-04:00,13.949999809265137,14.640000343322754,13.899999618530273,14.3100004196167,900900,0.0,0.0
2023-07-24 00:00:00-04:00,13.6899995803833,14.739999771118164,13.649999618530273,14.279999732971191,1450400,0.0,0.0
2023-07-25 00:00:00-04:00,14.279999732971191,14.505999565124512,13.670000076293945,13.720000267028809,1043400,0.0,0.0
2023-07-26 00:00:00-04:00,13.899999618530273,13.940999984741211,13.3100004196167,13.550000190734863,856900,0.0,0.0
2023-07-27 00:00:00-04:00,13.430000305175781,13.5600004196167,12.350000381469727,12.430000305175781,1564900,0.0,0.0
2023-07-28 00:00:00-04:00,12.699999809265137,12.800000190734863,12.399999618530273,12.550000190734863,1296600,0.0,0.0
2023-07-31 00:00:00-04:00,12.59000015258789,12.670000076293945,12.260000228881836,12.399999618530273,831400,0.0,0.0
2023-08-01 00:00:00-04:00,12.300000190734863,12.380000114440918,11.979999542236328,12.100000381469727,867100,0.0,0.0
2023-08-02 00:00:00-04:00,11.789999961853027,11.789999961853027,11.25,11.369999885559082,1102200,0.0,0.0
2023-08-03 00:00:00-04:00,11.199999809265137,11.75,11.149999618530273,11.649999618530273,847700,0.0,0.0
2023-08-04 00:00:00-04:00,11.699999809265137,11.869999885559082,11.300000190734863,11.369999885559082,598200,0.0,0.0
2023-08-07 00:00:00-04:00,11.390000343322754,11.390000343322754,10.760000228881836,11.010000228881836,664400,0.0,0.0
2023-08-08 00:00:00-04:00,10.859999656677246,10.859999656677246,10.359999656677246,10.569999694824219,937000,0.0,0.0
2023-08-09 00:00:00-04:00,10.380000114440918,10.545000076293945,10.050000190734863,10.319999694824219,1154500,0.0,0.0
2023-08-10 00:00:00-04:00,10.390000343322754,10.699999809265137,10.229999542236328,10.319999694824219,841900,0.0,0.0
2023-08-11 00:00:00-04:00,10.220000267028809,10.319999694824219,9.9399995803833,10.039999961853027,1069200,0.0,0.0
2023-08-14 00:00:00-04:00,9.9399995803833,9.9399995803833,9.430000305175781,9.699999809265137,980600,0.0,0.0
2023-08-15 00:00:00-04:00,9.670000076293945,9.6899995803833,9.3100004196167,9.40999984741211,972900,0.0,0.0
2023-08-16 00:00:00-04:00,9.4399995803833,9.529999732971191,9.0,9.039999961853027,1468100,0.0,0.0
2023-08-17 00:00:00-04:00,9.699999809265137,10.880000114440918,9.010000228881836,9.5,5565600,0.0,0.0
2023-08-18 00:00:00-04:00,9.210000038146973,9.539999961853027,8.399999618530273,8.710000038146973,2133400,0.0,0.0
2023-08-21 00:00:00-04:00,8.680000305175781,8.684000015258789,8.270999908447266,8.494999885559082,1770700,0.0,0.0
2023-08-22 00:00:00-04:00,8.449999809265137,8.779999732971191,8.270000457763672,8.359999656677246,1071500,0.0,0.0
2023-08-23 00:00:00-04:00,8.399999618530273,8.460000038146973,8.180000305175781,8.210000038146973,1632000,0.0,0.0
2023-08-24 00:00:00-04:00,8.210000038146973,8.239999771118164,7.619999885559082,7.699999809265137,1258100,0.0,0.0
2023-08-25 00:00:00-04:00,7.690000057220459,7.920000076293945,7.5,7.71999979019165,1158400,0.0,0.0
2023-08-28 00:00:00-04:00,7.809999942779541,8.024999618530273,7.699999809265137,7.840000152587891,864800,0.0,0.0
2023-08-29 00:00:00-04:00,7.909999847412109,8.880000114440918,7.820000171661377,8.630000114440918,1591100,0.0,0.0
2023-08-30 00:00:00-04:00,9.069999694824219,9.09000015258789,8.40999984741211,8.710000038146973,1539600,0.0,0.0
2023-08-31 00:00:00-04:00,8.710000038146973,8.789999961853027,8.279999732971191,8.324999809265137,972000,0.0,0.0
2023-09-01 00:00:00-04:00,8.40999984741211,8.630000114440918,8.180000305175781,8.210000038146973,591900,0.0,0.0
2023-09-05 00:00:00-04:00,8.170000076293945,8.279999732971191,8.0,8.140000343322754,819300,0.0,0.0
2023-09-06 00:00:00-04:00,8.100000381469727,8.270000457763672,7.855000019073486,7.900000095367432,785200,0.0,0.0
2023-09-07 00:00:00-04:00,7.809999942779541,7.820000171661377,7.570000171661377,7.659999847412109,605100,0.0,0.0
2023-09-08 00:00:00-04:00,7.800000190734863,7.840000152587891,7.429999828338623,7.460000038146973,634600,0.0,0.0
2023-09-11 00:00:00-04:00,7.630000114440918,7.704999923706055,7.480000019073486,7.659999847412109,591200,0.0,0.0
2023-09-12 00:00:00-04:00,7.579999923706055,7.788000106811523,7.480000019073486,7.559999942779541,534600,0.0,0.0
2023-09-13 00:00:00-04:00,7.539999961853027,7.739999771118164,7.409999847412109,7.420000076293945,604900,0.0,0.0
2023-09-14 00:00:00-04:00,7.489999771118164,7.619999885559082,7.179999828338623,7.199999809265137,774000,0.0,0.0
2023-09-15 00:00:00-04:00,7.21999979019165,7.260000228881836,6.860000133514404,6.980000019073486,1216800,0.0,0.0
2023-09-18 00:00:00-04:00,6.929999828338623,6.980000019073486,6.760000228881836,6.809999942779541,715100,0.0,0.0
2023-09-19 00:00:00-04:00,6.760000228881836,6.889999866485596,6.684999942779541,6.800000190734863,567000,0.0,0.0
2023-09-20 00:00:00-04:00,6.840000152587891,6.867000102996826,6.489999771118164,6.519999980926514,775900,0.0,0.0
2023-09-21 00:00:00-04:00,6.46999979019165,6.605000019073486,6.380000114440918,6.449999809265137,584700,0.0,0.0
2023-09-22 00:00:00-04:00,6.539999961853027,6.570000171661377,6.414999961853027,6.440000057220459,463200,0.0,0.0
2023-09-25 00:00:00-04:00,6.440000057220459,6.539999961853027,6.309999942779541,6.329999923706055,664100,0.0,0.0
2023-09-26 00:00:00-04:00,6.389999866485596,6.679999828338623,6.210000038146973,6.269999980926514,799600,0.0,0.0
2023-09-27 00:00:00-04:00,6.289999961853027,6.543000221252441,6.130000114440918,6.239999771118164,618700,0.0,0.0
2023-09-28 00:00:00-04:00,6.239999771118164,6.510000228881836,6.079999923706055,6.380000114440918,581800,0.0,0.0
2023-09-29 00:00:00-04:00,6.480000019073486,6.650000095367432,6.372000217437744,6.559999942779541,567300,0.0,0.0
2023-10-02 00:00:00-04:00,6.559999942779541,6.828999996185303,6.480000019073486,6.739999771118164,725800,0.0,0.0
2023-10-03 00:00:00-04:00,6.769999980926514,7.579999923706055,6.699999809265137,7.409999847412109,3534900,0.0,0.0
2023-10-04 00:00:00-04:00,7.360000133514404,7.360000133514404,6.840000152587891,7.050000190734863,1429900,0.0,0.0
2023-10-05 00:00:00-04:00,7.179999828338623,7.369999885559082,6.525000095367432,6.849999904632568,1351000,0.0,0.0
2023-10-06 00:00:00-04:00,6.760000228881836,7.445000171661377,6.75,7.400000095367432,1748400,0.0,0.0
2023-10-09 00:00:00-04:00,7.050000190734863,7.099999904632568,6.380000114440918,6.46999979019165,1600400,0.0,0.0
2023-10-10 00:00:00-04:00,6.539999961853027,7.349999904632568,6.340000152587891,7.050000190734863,1417300,0.0,0.0
2023-10-11 00:00:00-04:00,7.039999961853027,7.159999847412109,6.394999980926514,6.489999771118164,1431500,0.0,0.0
2023-10-12 00:00:00-04:00,6.5,6.570000171661377,6.21999979019165,6.28000020980835,1042800,0.0,0.0
2023-10-13 00:00:00-04:00,6.360000133514404,6.590000152587891,6.210000038146973,6.440000057220459,662600,0.0,0.0
2023-10-16 00:00:00-04:00,6.510000228881836,6.53000020980835,6.130000114440918,6.190000057220459,927200,0.0,0.0
2023-10-17 00:00:00-04:00,6.159999847412109,6.400000095367432,6.135000228881836,6.28000020980835,757500,0.0,0.0
2023-10-18 00:00:00-04:00,6.230000019073486,6.28000020980835,5.840000152587891,5.849999904632568,1099300,0.0,0.0
2023-10-19 00:00:00-04:00,5.889999866485596,6.090000152587891,5.71999979019165,5.96999979019165,797100,0.0,0.0
2023-10-20 00:00:00-04:00,5.909999847412109,6.050000190734863,5.739999771118164,5.769999980926514,575900,0.0,0.0
2023-10-23 00:00:00-04:00,5.800000190734863,5.809999942779541,5.489999771118164,5.5,683200,0.0,0.0
2023-10-24 00:00:00-04:00,5.53000020980835,5.679999828338623,5.409999847412109,5.46999979019165,684100,0.0,0.0
2023-10-25 00:00:00-04:00,5.440000057220459,5.440000057220459,5.039999961853027,5.090000152587891,1006000,0.0,0.0
2023-10-26 00:00:00-04:00,5.070000171661377,5.199999809265137,4.980000019073486,5.034999847412109,833600,0.0,0.0
2023-10-27 00:00:00-04:00,5.170000076293945,5.210000038146973,4.989999771118164,5.019999980926514,563300,0.0,0.0
2023-10-30 00:00:00-04:00,5.090000152587891,5.150000095367432,4.889999866485596,4.96999979019165,653900,0.0,0.0
2023-10-31 00:00:00-04:00,5.0,5.130000114440918,4.920000076293945,5.050000190734863,404400,0.0,0.0
2023-11-01 00:00:00-04:00,5.119999885559082,5.138999938964844,4.920000076293945,5.070000171661377,503100,0.0,0.0
2023-11-02 00:00:00-04:00,5.179999828338623,5.804999828338623,5.179999828338623,5.789999961853027,927400,0.0,0.0
2023-11-03 00:00:00-04:00,5.889999866485596,6.258999824523926,5.889999866485596,6.090000152587891,818700,0.0,0.0
2023-11-06 00:00:00-05:00,6.059999942779541,6.130000114440918,5.579999923706055,5.699999809265137,883900,0.0,0.0
2023-11-07 00:00:00-05:00,5.699999809265137,6.039999961853027,5.619999885559082,5.960000038146973,737000,0.0,0.0
2023-11-08 00:00:00-05:00,5.940000057220459,5.965000152587891,5.579999923706055,5.630000114440918,692800,0.0,0.0
2023-11-09 00:00:00-05:00,5.630000114440918,5.75,5.349999904632568,5.380000114440918,649700,0.0,0.0
2023-11-10 00:00:00-05:00,5.510000228881836,5.65500020980835,5.2820000648498535,5.630000114440918,742800,0.0,0.0
2023-11-13 00:00:00-05:00,5.510000228881836,5.809999942779541,5.400000095367432,5.75,498900,0.0,0.0
2023-11-14 00:00:00-05:00,5.900000095367432,6.25,5.900000095367432,6.170000076293945,752600,0.0,0.0
2023-11-15 00:00:00-05:00,6.21999979019165,6.840000152587891,6.199999809265137,6.630000114440918,874300,0.0,0.0
2023-11-16 00:00:00-05:00,6.670000076293945,6.739999771118164,6.224999904632568,6.375,674300,0.0,0.0
2023-11-17 00:00:00-05:00,6.420000076293945,6.550000190734863,6.295000076293945,6.539999961853027,604200,0.0,0.0
2023-11-20 00:00:00-05:00,6.699999809265137,6.880000114440918,6.560999870300293,6.579999923706055,714300,0.0,0.0
2023-11-21 00:00:00-05:00,6.579999923706055,6.579999923706055,6.070000171661377,6.159999847412109,697100,0.0,0.0
2023-11-22 00:00:00-05:00,6.230000019073486,6.380000114440918,6.179999828338623,6.309999942779541,422200,0.0,0.0
2023-11-24 00:00:00-05:00,6.320000171661377,6.739999771118164,6.309999942779541,6.619999885559082,317200,0.0,0.0
2023-11-27 00:00:00-05:00,6.650000095367432,6.664000034332275,6.289999961853027,6.309999942779541,834100,0.0,0.0
2023-11-28 00:00:00-05:00,6.300000190734863,6.519999980926514,5.71999979019165,6.46999979019165,1016500,0.0,0.0
2023-11-29 00:00:00-05:00,6.440000057220459,7.039999961853027,6.369999885559082,6.760000228881836,1003400,0.0,0.0
2023-11-30 00:00:00-05:00,6.789999961853027,6.829999923706055,6.579999923706055,6.699999809265137,684300,0.0,0.0
2023-12-01 00:00:00-05:00,6.659999847412109,6.960000038146973,6.300000190734863,6.880000114440918,885100,0.0,0.0
2023-12-04 00:00:00-05:00,6.789999961853027,7.099999904632568,6.650000095367432,6.860000133514404,1067400,0.0,0.0
2023-12-05 00:00:00-05:00,6.659999847412109,6.75,5.910999774932861,5.914999961853027,2040800,0.0,0.0
2023-12-06 00:00:00-05:00,6.070000171661377,6.360000133514404,5.980000019073486,6.039999961853027,869800,0.0,0.0
2023-12-07 00:00:00-05:00,6.050000190734863,6.050000190734863,5.820000171661377,5.889999866485596,1029500,0.0,0.0
2023-12-08 00:00:00-05:00,5.909999847412109,6.320000171661377,5.860000133514404,6.099999904632568,600700,0.0,0.0
2023-12-11 00:00:00-05:00,6.079999923706055,6.130000114440918,5.949999809265137,6.03000020980835,445100,0.0,0.0
2023-12-12 00:00:00-05:00,6.059999942779541,6.315000057220459,5.920000076293945,6.21999979019165,546200,0.0,0.0
2023-12-13 00:00:00-05:00,6.190000057220459,6.775000095367432,6.0,6.769999980926514,1062200,0.0,0.0
2023-12-14 00:00:00-05:00,6.800000190734863,7.130000114440918,6.704999923706055,6.829999923706055,1296500,0.0,0.0
2023-12-15 00:00:00-05:00,6.920000076293945,6.920000076293945,6.539999961853027,6.789999961853027,817400,0.0,0.0
2023-12-18 00:00:00-05:00,6.690000057220459,6.96999979019165,6.599999904632568,6.619999885559082,646900,0.0,0.0
2023-12-19 00:00:00-05:00,6.659999847412109,7.11899995803833,6.659999847412109,6.980000019073486,941800,0.0,0.0
2023-12-20 00:00:00-05:00,6.980000019073486,7.329999923706055,6.550000190734863,6.570000171661377,1157700,0.0,0.0
2023-12-21 00:00:00-05:00,6.699999809265137,6.900000095367432,6.650000095367432,6.900000095367432,569100,0.0,0.0
2023-12-22 00:00:00-05:00,6.880000114440918,7.050000190734863,6.650000095367432,6.710000038146973,957600,0.0,0.0
2023-12-26 00:00:00-05:00,6.739999771118164,6.744999885559082,6.539999961853027,6.670000076293945,695700,0.0,0.0
2023-12-27 00:00:00-05:00,6.659999847412109,6.800000190734863,6.460000038146973,6.550000190734863,728500,0.0,0.0
2023-12-28 00:00:00-05:00,6.539999961853027,6.699999809265137,6.474999904632568,6.630000114440918,698700,0.0,0.0
2023-12-29 00:00:00-05:00,6.579999923706055,6.59499979019165,6.340000152587891,6.369999885559082,782700,0.0,0.0
2024-01-02 00:00:00-05:00,6.329999923706055,6.988999843597412,6.21999979019165,6.460000038146973,941500,0.0,0.0
2024-01-03 00:00:00-05:00,6.349999904632568,6.349999904632568,6.099999904632568,6.130000114440918,647400,0.0,0.0
2024-01-04 00:00:00-05:00,6.159999847412109,6.275000095367432,6.039000034332275,6.21999979019165,612100,0.0,0.0
2024-01-05 00:00:00-05:00,6.150000095367432,6.302999973297119,6.059999942779541,6.190000057220459,446100,0.0,0.0
2024-01-08 00:00:00-05:00,6.119999885559082,6.429999828338623,6.090000152587891,6.400000095367432,483400,0.0,0.0
2024-01-09 00:00:00-05:00,6.28000020980835,6.421999931335449,6.210000038146973,6.21999979019165,397700,0.0,0.0
2024-01-10 00:00:00-05:00,6.21999979019165,6.269999980926514,6.050000190734863,6.135000228881836,483700,0.0,0.0
2024-01-11 00:00:00-05:00,6.099999904632568,6.099999904632568,5.670000076293945,5.760000228881836,833200,0.0,0.0
2024-01-12 00:00:00-05:00,5.739999771118164,5.980000019073486,5.65500020980835,5.71999979019165,634900,0.0,0.0
2024-01-16 00:00:00-05:00,5.610000133514404,5.610000133514404,5.409999847412109,5.53000020980835,608400,0.0,0.0
2024-01-17 00:00:00-05:00,5.449999809265137,5.599999904632568,5.369999885559082,5.590000152587891,973400,0.0,0.0
2024-01-18 00:00:00-05:00,5.71999979019165,5.789999961853027,5.590000152587891,5.75,576500,0.0,0.0
2024-01-19 00:00:00-05:00,5.760000228881836,5.760000228881836,5.260000228881836,5.360000133514404,1109100,0.0,0.0
2024-01-22 00:00:00-05:00,5.320000171661377,5.678999900817871,5.320000171661377,5.53000020980835,654200,0.0,0.0
2024-01-23 00:00:00-05:00,5.539999961853027,5.769999980926514,5.514999866485596,5.639999866485596,529000,0.0,0.0
2024-01-24 00:00:00-05:00,5.820000171661377,5.840000152587891,5.480000019073486,5.489999771118164,455600,0.0,0.0
2024-01-25 00:00:00-05:00,5.539999961853027,5.76800012588501,5.505000114440918,5.739999771118164,562000,0.0,0.0
2024-01-26 00:00:00-05:00,5.829999923706055,5.940000057220459,5.65500020980835,5.710000038146973,386500,0.0,0.0
2024-01-29 00:00:00-05:00,5.690000057220459,5.909999847412109,5.545000076293945,5.900000095367432,425000,0.0,0.0
2024-01-30 00:00:00-05:00,5.789999961853027,5.829999923706055,5.53000020980835,5.570000171661377,441100,0.0,0.0
2024-01-31 00:00:00-05:00,5.570000171661377,5.744999885559082,5.429999828338623,5.440000057220459,449600,0.0,0.0
2024-02-01 00:00:00-05:00,5.489999771118164,5.59499979019165,5.400000095367432,5.53000020980835,550100,0.0,0.0
2024-02-02 00:00:00-05:00,5.420000076293945,5.730000019073486,5.340000152587891,5.659999847412109,559300,0.0,0.0
2024-02-05 00:00:00-05:00,5.659999847412109,5.659999847412109,5.309999942779541,5.320000171661377,519200,0.0,0.0
2024-02-06 00:00:00-05:00,5.309999942779541,5.769999980926514,5.260000228881836,5.769999980926514,501900,0.0,0.0
2024-02-07 00:00:00-05:00,5.880000114440918,5.880000114440918,5.585000038146973,5.650000095367432,304700,0.0,0.0
2024-02-08 00:00:00-05:00,5.630000114440918,5.804999828338623,5.579999923706055,5.739999771118164,413400,0.0,0.0
2024-02-09 00:00:00-05:00,5.769999980926514,5.880000114440918,5.71999979019165,5.860000133514404,412200,0.0,0.0
2024-02-12 00:00:00-05:00,5.920000076293945,7.139999866485596,5.894000053405762,6.639999866485596,3897100,0.0,0.0
2024-02-13 00:00:00-05:00,6.190000057220459,6.340000152587891,5.860000133514404,5.96999979019165,1765700,0.0,0.0
2024-02-14 00:00:00-05:00,6.150000095367432,6.360000133514404,5.920000076293945,6.360000133514404,3587400,0.0,0.0
2024-02-15 00:00:00-05:00,12.4399995803833,12.699999809265137,9.1899995803833,9.5,47077300,0.0,0.0
2024-02-16 00:00:00-05:00,10.0,14.279999732971191,9.850000381469727,12.949999809265137,44089600,0.0,0.0
2024-02-20 00:00:00-05:00,10.899999618530273,11.0,8.899999618530273,10.34000015258789,12917900,0.0,0.0
2024-02-21 00:00:00-05:00,9.760000228881836,10.220000267028809,8.569999694824219,9.239999771118164,6248900,0.0,0.0
2024-02-22 00:00:00-05:00,9.699999809265137,9.75,8.75,8.890000343322754,7692700,0.0,0.0
2024-02-23 00:00:00-05:00,8.65999984741211,8.800000190734863,8.0,8.619999885559082,4874000,0.0,0.0
2024-02-26 00:00:00-05:00,8.720000267028809,9.739999771118164,8.699999809265137,9.529999732971191,5309800,0.0,0.0
2024-02-27 00:00:00-05:00,10.15999984741211,11.84000015258789,9.399999618530273,11.609999656677246,10999700,0.0,0.0
2024-02-28 00:00:00-05:00,11.789999961853027,11.994999885559082,10.90999984741211,11.829999923706055,5421600,0.0,0.0
2024-02-29 00:00:00-05:00,11.850000381469727,12.649999618530273,11.069999694824219,11.15999984741211,6851200,0.0,0.0
2024-03-01 00:00:00-05:00,11.270000457763672,11.430000305175781,10.600000381469727,11.119999885559082,3232600,0.0,0.0
2024-03-04 00:00:00-05:00,11.149999618530273,11.380000114440918,10.40999984741211,10.899999618530273,2844200,0.0,0.0
2024-03-05 00:00:00-05:00,10.5,10.84000015258789,9.850000381469727,10.010000228881836,3136800,0.0,0.0
2024-03-06 00:00:00-05:00,10.0,11.199999809265137,9.920000076293945,10.515000343322754,3290900,0.0,0.0
2024-03-07 00:00:00-05:00,10.210000038146973,10.847999572753906,10.114999771118164,10.229999542236328,1992200,0.0,0.0
2024-03-08 00:00:00-05:00,10.3100004196167,11.329999923706055,9.989999771118164,10.210000038146973,2634100,0.0,0.0
2024-03-11 00:00:00-04:00,10.210000038146973,10.319999694824219,9.350000381469727,9.380000114440918,1959300,0.0,0.0
2024-03-12 00:00:00-04:00,9.65999984741211,9.819999694824219,9.420000076293945,9.600000381469727,1540500,0.0,0.0
2024-03-13 00:00:00-04:00,9.640000343322754,10.029999732971191,9.529999732971191,9.84000015258789,1997000,0.0,0.0
2024-03-14 00:00:00-04:00,10.300000190734863,10.789999961853027,9.390000343322754,10.020000457763672,4530200,0.0,0.0
2024-03-15 00:00:00-04:00,9.970000267028809,11.289999961853027,9.819999694824219,10.779999732971191,5476900,0.0,0.0
2024-03-18 00:00:00-04:00,11.539999961853027,11.5600004196167,10.260000228881836,11.380000114440918,4724100,0.0,0.0
2024-03-19 00:00:00-04:00,11.029999732971191,11.220000267028809,10.279999732971191,10.819999694824219,2594700,0.0,0.0
2024-03-20 00:00:00-04:00,10.510000228881836,11.470000267028809,10.494999885559082,11.050000190734863,2891400,0.0,0.0
2024-03-21 00:00:00-04:00,11.199999809265137,12.28499984741211,10.050000190734863,10.239999771118164,6939700,0.0,0.0
2024-03-22 00:00:00-04:00,10.199999809265137,10.229999542236328,9.4399995803833,9.470000267028809,2586000,0.0,0.0
2024-03-25 00:00:00-04:00,9.649999618530273,10.130000114440918,9.609999656677246,9.75,1989700,0.0,0.0
2024-03-26 00:00:00-04:00,9.800000190734863,9.916999816894531,9.100000381469727,9.149999618530273,2330200,0.0,0.0
2024-03-27 00:00:00-04:00,9.1899995803833,9.890000343322754,9.180000305175781,9.880000114440918,1477600,0.0,0.0
2024-03-28 00:00:00-04:00,9.90999984741211,10.1899995803833,9.640000343322754,9.770000457763672,1764600,0.0,0.0
2024-04-01 00:00:00-04:00,9.699999809265137,10.579999923706055,9.390000343322754,10.329999923706055,3237000,0.0,0.0
2024-04-02 00:00:00-04:00,10.0,10.020000457763672,9.460000038146973,9.920000076293945,1575500,0.0,0.0
2024-04-03 00:00:00-04:00,9.8100004196167,10.899999618530273,9.710000038146973,10.859999656677246,2889900,0.0,0.0
2024-04-04 00:00:00-04:00,10.729999542236328,11.390000343322754,10.720000267028809,10.869999885559082,2353400,0.0,0.0
2024-04-05 00:00:00-04:00,10.75,11.163000106811523,10.4399995803833,10.5600004196167,1629800,0.0,0.0
2024-04-08 00:00:00-04:00,10.739999771118164,11.149999618530273,10.210000038146973,10.829999923706055,1636300,0.0,0.0
2024-04-09 00:00:00-04:00,10.899999618530273,11.350000381469727,10.34000015258789,10.720000267028809,2416600,0.0,0.0
2024-04-10 00:00:00-04:00,10.460000038146973,10.494999885559082,10.020000457763672,10.279999732971191,1539200,0.0,0.0
2024-04-11 00:00:00-04:00,10.300000190734863,10.550000190734863,9.859000205993652,10.510000228881836,1478000,0.0,0.0
2024-04-12 00:00:00-04:00,10.430000305175781,10.449999809265137,9.534000396728516,9.710000038146973,1410700,0.0,0.0
2024-04-15 00:00:00-04:00,9.760000228881836,9.760000228881836,9.069999694824219,9.119999885559082,1561900,0.0,0.0
2024-04-16 00:00:00-04:00,8.90999984741211,9.390000343322754,8.90999984741211,9.270000457763672,1116900,0.0,0.0
2024-04-17 00:00:00-04:00,9.300000190734863,9.510000228881836,9.130000114440918,9.350000381469727,944800,0.0,0.0
2024-04-18 00:00:00-04:00,9.350000381469727,9.4399995803833,9.0600004196167,9.069999694824219,824300,0.0,0.0
2024-04-19 00:00:00-04:00,8.989999771118164,9.175000190734863,8.479999542236328,8.600000381469727,1028200,0.0,0.0
2024-04-22 00:00:00-04:00,8.710000038146973,9.100000381469727,8.609999656677246,9.020000457763672,991500,0.0,0.0
2024-04-23 00:00:00-04:00,9.09000015258789,9.630000114440918,9.0600004196167,9.3100004196167,879800,0.0,0.0
2024-04-24 00:00:00-04:00,9.319999694824219,9.437999725341797,8.949999809265137,9.09000015258789,740200,0.0,0.0
2024-04-25 00:00:00-04:00,8.779999732971191,9.029999732971191,8.770000457763672,8.920000076293945,530800,0.0,0.0
2024-04-26 00:00:00-04:00,9.0,9.050000190734863,8.779999732971191,8.960000038146973,688800,0.0,0.0
2024-04-29 00:00:00-04:00,8.859999656677246,9.100000381469727,8.854999542236328,8.979999542236328,540500,0.0,0.0
2024-04-30 00:00:00-04:00,8.890000343322754,9.069999694824219,8.779999732971191,8.960000038146973,751900,0.0,0.0
2024-05-01 00:00:00-04:00,8.84000015258789,9.569999694824219,8.84000015258789,9.15999984741211,865400,0.0,0.0
2024-05-02 00:00:00-04:00,9.399999618530273,9.420999526977539,9.125,9.239999771118164,558400,0.0,0.0
2024-05-03 00:00:00-04:00,9.489999771118164,9.640000343322754,9.210000038146973,9.345000267028809,1166200,0.0,0.0
2024-05-06 00:00:00-04:00,9.420000076293945,9.489999771118164,9.180000305175781,9.449999809265137,580700,0.0,0.0
2024-05-07 00:00:00-04:00,9.460000038146973,9.800000190734863,9.369999885559082,9.710000038146973,708500,0.0,0.0
2024-05-08 00:00:00-04:00,9.5,9.545999526977539,9.300000190734863,9.5,598600,0.0,0.0
2024-05-09 00:00:00-04:00,9.569999694824219,10.170000076293945,9.550000190734863,10.079999923706055,1164400,0.0,0.0
2024-05-10 00:00:00-04:00,10.069999694824219,10.369999885559082,9.989999771118164,10.079999923706055,945000,0.0,0.0
2024-05-13 00:00:00-04:00,10.1899995803833,10.729999542236328,10.180000305175781,10.229999542236328,1026100,0.0,0.0
2024-05-14 00:00:00-04:00,10.300000190734863,10.645000457763672,10.25,10.529999732971191,929600,0.0,0.0
2024-05-15 00:00:00-04:00,10.739999771118164,10.829999923706055,10.399999618530273,10.619999885559082,839800,0.0,0.0
2024-05-16 00:00:00-04:00,10.539999961853027,10.600000381469727,9.760000228881836,9.829999923706055,906500,0.0,0.0
2024-05-17 00:00:00-04:00,9.890000343322754,9.989999771118164,9.630000114440918,9.800000190734863,760300,0.0,0.0
2024-05-20 00:00:00-04:00,9.9399995803833,10.038999557495117,9.699999809265137,9.75,518500,0.0,0.0
2024-05-21 00:00:00-04:00,9.739999771118164,9.739999771118164,8.880000114440918,9.010000228881836,1550100,0.0,0.0
2024-05-22 00:00:00-04:00,9.020000457763672,9.100000381469727,8.619999885559082,8.670000076293945,932400,0.0,0.0
2024-05-23 00:00:00-04:00,8.800000190734863,8.930000305175781,8.510000228881836,8.59000015258789,859500,0.0,0.0
2024-05-24 00:00:00-04:00,8.770000457763672,8.789999961853027,8.390000343322754,8.430000305175781,932300,0.0,0.0
2024-05-28 00:00:00-04:00,8.09000015258789,8.539999961853027,7.228000164031982,8.489999771118164,1715400,0.0,0.0
2024-05-29 00:00:00-04:00,8.15999984741211,8.550000190734863,8.0600004196167,8.390000343322754,997600,0.0,0.0
2024-05-30 00:00:00-04:00,8.609999656677246,8.75,8.369999885559082,8.619999885559082,638300,0.0,0.0
2024-05-31 00:00:00-04:00,8.670000076293945,8.75,8.180000305175781,8.359999656677246,516700,0.0,0.0
2024-06-03 00:00:00-04:00,8.40999984741211,8.489999771118164,8.039999961853027,8.109999656677246,599900,0.0,0.0
2024-06-04 00:00:00-04:00,8.079999923706055,8.09000015258789,7.849999904632568,7.940000057220459,572800,0.0,0.0
2024-06-05 00:00:00-04:00,8.0,8.350000381469727,7.860000133514404,8.329999923706055,559900,0.0,0.0
2024-06-06 00:00:00-04:00,8.270000457763672,8.270000457763672,7.989999771118164,8.100000381469727,491300,0.0,0.0
2024-06-07 00:00:00-04:00,7.900000095367432,8.029999732971191,7.760000228881836,7.840000152587891,480300,0.0,0.0
2024-06-10 00:00:00-04:00,7.75,7.75,7.260000228881836,7.480000019073486,1388100,0.0,0.0
2024-06-11 00:00:00-04:00,7.460000038146973,7.480000019073486,7.230000019073486,7.400000095367432,688600,0.0,0.0
2024-06-12 00:00:00-04:00,7.659999847412109,7.849999904632568,7.623000144958496,7.78000020980835,777200,0.0,0.0
2024-06-13 00:00:00-04:00,7.880000114440918,8.079999923706055,7.699999809265137,8.039999961853027,854300,0.0,0.0
2024-06-14 00:00:00-04:00,8.020000457763672,8.020000457763672,7.449999809265137,7.610000133514404,908200,0.0,0.0
2024-06-17 00:00:00-04:00,7.610000133514404,7.710000038146973,7.409999847412109,7.545000076293945,735600,0.0,0.0
2024-06-18 00:00:00-04:00,7.559999942779541,7.559999942779541,7.210000038146973,7.230000019073486,817700,0.0,0.0
2024-06-20 00:00:00-04:00,7.190000057220459,7.204999923706055,6.650000095367432,6.730000019073486,1869200,0.0,0.0
2024-06-21 00:00:00-04:00,6.739999771118164,7.019999980926514,6.570000171661377,6.980000019073486,1386300,0.0,0.0
2024-06-24 00:00:00-04:00,6.960000038146973,7.079999923706055,6.789999961853027,6.880000114440918,700600,0.0,0.0
2024-06-25 00:00:00-04:00,6.840000152587891,6.900000095367432,6.480000019073486,6.519999980926514,1075500,0.0,0.0
2024-06-26 00:00:00-04:00,6.53000020980835,6.610000133514404,6.453000068664551,6.599999904632568,524800,0.0,0.0
2024-06-27 00:00:00-04:00,6.539999961853027,6.690000057220459,6.409999847412109,6.630000114440918,658200,0.0,0.0
2024-06-28 00:00:00-04:00,7.019999980926514,7.400000095367432,6.932000160217285,7.340000152587891,4075300,0.0,0.0
2024-07-01 00:00:00-04:00,7.320000171661377,7.449999809265137,7.090000152587891,7.150000095367432,862400,0.0,0.0
2024-07-02 00:00:00-04:00,7.170000076293945,7.170000076293945,6.809999942779541,6.849999904632568,800200,0.0,0.0
2024-07-03 00:00:00-04:00,6.929999828338623,7.230000019073486,6.920000076293945,7.059999942779541,399600,0.0,0.0
2024-07-05 00:00:00-04:00,7.010000228881836,7.03000020980835,6.699999809265137,6.840000152587891,863000,0.0,0.0
2024-07-08 00:00:00-04:00,6.880000114440918,7.190000057220459,6.804999828338623,7.170000076293945,1099300,0.0,0.0
2024-07-09 00:00:00-04:00,7.119999885559082,7.679999828338623,7.080999851226807,7.559999942779541,2098100,0.0,0.0
2024-07-10 00:00:00-04:00,7.619999885559082,8.017999649047852,7.440000057220459,7.739999771118164,1459500,0.0,0.0
2024-07-11 00:00:00-04:00,7.889999866485596,8.609999656677246,7.880000114440918,8.505000114440918,2022700,0.0,0.0
2024-07-12 00:00:00-04:00,8.510000228881836,9.229999542236328,8.510000228881836,8.90999984741211,1983200,0.0,0.0
2024-07-15 00:00:00-04:00,9.199999809265137,9.199999809265137,8.720000267028809,8.880000114440918,1338200,0.0,0.0
2024-07-16 00:00:00-04:00,8.920000076293945,9.529999732971191,8.840999603271484,9.520000457763672,1404500,0.0,0.0
2024-07-17 00:00:00-04:00,9.119999885559082,9.3149995803833,8.432000160217285,8.520000457763672,1446300,0.0,0.0
2024-07-18 00:00:00-04:00,8.649999618530273,8.760000228881836,7.90500020980835,8.0600004196167,1010500,0.0,0.0
2024-07-19 00:00:00-04:00,8.069999694824219,8.069999694824219,7.610000133514404,7.639999866485596,765400,0.0,0.0
2024-07-22 00:00:00-04:00,7.800000190734863,7.809999942779541,7.440000057220459,7.710000038146973,716400,0.0,0.0
2024-07-23 00:00:00-04:00,7.730000019073486,8.630000114440918,7.699999809265137,8.569999694824219,1120000,0.0,0.0
2024-07-24 00:00:00-04:00,8.300000190734863,8.579999923706055,7.960000038146973,8.0,849600,0.0,0.0
2024-07-25 00:00:00-04:00,7.820000171661377,8.289999961853027,7.820000171661377,7.860000133514404,662300,0.0,0.0
2024-07-26 00:00:00-04:00,8.25,8.59000015258789,8.08899974822998,8.59000015258789,966600,0.0,0.0
2024-07-29 00:00:00-04:00,8.75,9.020000457763672,8.473999977111816,8.699999809265137,976800,0.0,0.0
2024-07-30 00:00:00-04:00,8.710000038146973,8.979999542236328,8.4399995803833,8.635000228881836,806400,0.0,0.0
2024-07-31 00:00:00-04:00,8.75,9.100000381469727,8.600000381469727,8.619999885559082,1209400,0.0,0.0
2024-08-01 00:00:00-04:00,8.600000381469727,8.609999656677246,7.610000133514404,7.809999942779541,1120600,0.0,0.0
2024-08-02 00:00:00-04:00,7.480000019073486,7.760000228881836,7.349999904632568,7.71999979019165,685000,0.0,0.0
2024-08-05 00:00:00-04:00,6.730000019073486,7.385000228881836,6.551000118255615,7.230000019073486,1145800,0.0,0.0
2024-08-06 00:00:00-04:00,7.409999847412109,7.5,7.070000171661377,7.300000190734863,467700,0.0,0.0
2024-08-07 00:00:00-04:00,7.460000038146973,7.460000038146973,6.704999923706055,6.71999979019165,812300,0.0,0.0
2024-08-08 00:00:00-04:00,6.849999904632568,7.179999828338623,6.710000038146973,7.039999961853027,737000,0.0,0.0
2024-08-09 00:00:00-04:00,7.050000190734863,7.090000152587891,6.78000020980835,6.929999828338623,480700,0.0,0.0
2024-08-12 00:00:00-04:00,7.0,7.0,6.659999847412109,6.730000019073486,662500,0.0,0.0
2024-08-13 00:00:00-04:00,6.820000171661377,7.144999980926514,6.78000020980835,7.099999904632568,508800,0.0,0.0
2024-08-14 00:00:00-04:00,7.110000133514404,7.125999927520752,6.849999904632568,6.960000038146973,543800,0.0,0.0
2024-08-15 00:00:00-04:00,7.099999904632568,7.434999942779541,7.050000190734863,7.260000228881836,885700,0.0,0.0
2024-08-16 00:00:00-04:00,7.159999847412109,7.289999961853027,7.099999904632568,7.210000038146973,1131700,0.0,0.0
2024-08-19 00:00:00-04:00,7.289999961853027,7.300000190734863,6.96999979019165,7.239999771118164,1092500,0.0,0.0
2024-08-20 00:00:00-04:00,6.900000095367432,7.199999809265137,6.610000133514404,7.130000114440918,1700200,0.0,0.0
2024-08-21 00:00:00-04:00,7.159999847412109,7.659999847412109,6.929999828338623,7.650000095367432,1333400,0.0,0.0
2024-08-22 00:00:00-04:00,7.599999904632568,7.639999866485596,7.039999961853027,7.070000171661377,1016900,0.0,0.0
2024-08-23 00:00:00-04:00,7.150000095367432,7.460000038146973,6.949999809265137,7.039999961853027,1263400,0.0,0.0
2024-08-26 00:00:00-04:00,7.070000171661377,7.072999954223633,6.820000171661377,6.989999771118164,674100,0.0,0.0
2024-08-27 00:00:00-04:00,6.860000133514404,6.949999809265137,6.559999942779541,6.650000095367432,1096100,0.0,0.0
2024-08-28 00:00:00-04:00,6.650000095367432,6.650000095367432,6.190000057220459,6.239999771118164,1156700,0.0,0.0
2024-08-29 00:00:00-04:00,6.409999847412109,6.550000190734863,6.269999980926514,6.28000020980835,768600,0.0,0.0
2024-08-30 00:00:00-04:00,6.420000076293945,6.440000057220459,6.239999771118164,6.369999885559082,603900,0.0,0.0
2024-09-03 00:00:00-04:00,6.349999904632568,6.349999904632568,6.010000228881836,6.059999942779541,1009000,0.0,0.0
2024-09-04 00:00:00-04:00,6.059999942779541,6.269999980926514,5.929999828338623,5.96999979019165,818900,0.0,0.0
2024-09-05 00:00:00-04:00,5.940000057220459,6.059999942779541,5.860000133514404,5.980000019073486,664100,0.0,0.0
2024-09-06 00:00:00-04:00,5.940000057220459,6.059999942779541,5.769999980926514,5.900000095367432,636100,0.0,0.0
2024-09-09 00:00:00-04:00,5.949999809265137,6.091000080108643,5.849999904632568,6.0,526300,0.0,0.0
2024-09-10 00:00:00-04:00,6.03000020980835,6.260000228881836,5.889999866485596,6.25,587000,0.0,0.0
2024-09-11 00:00:00-04:00,6.139999866485596,6.239999771118164,6.0,6.199999809265137,635000,0.0,0.0
2024-09-12 00:00:00-04:00,6.170000076293945,6.28000020980835,6.014999866485596,6.199999809265137,398800,0.0,0.0
2024-09-13 00:00:00-04:00,6.269999980926514,6.394999980926514,6.210000038146973,6.320000171661377,478900,0.0,0.0
2024-09-16 00:00:00-04:00,6.260000228881836,6.349999904632568,6.144999980926514,6.260000228881836,456800,0.0,0.0
2024-09-17 00:00:00-04:00,6.380000114440918,6.550000190734863,6.320000171661377,6.369999885559082,480000,0.0,0.0
2024-09-18 00:00:00-04:00,6.369999885559082,6.679999828338623,6.239999771118164,6.260000228881836,726200,0.0,0.0
2024-09-19 00:00:00-04:00,6.5,6.53000020980835,6.28000020980835,6.329999923706055,494100,0.0,0.0
2024-09-20 00:00:00-04:00,6.28000020980835,6.320000171661377,6.03000020980835,6.090000152587891,918900,0.0,0.0
2024-09-23 00:00:00-04:00,6.119999885559082,6.150000095367432,6.0,6.0,527600,0.0,0.0
2024-09-24 00:00:00-04:00,6.090000152587891,6.25,5.980000019073486,6.139999866485596,782100,0.0,0.0
2024-09-25 00:00:00-04:00,6.130000114440918,6.130000114440918,5.925000190734863,5.929999828338623,556300,0.0,0.0
2024-09-26 00:00:00-04:00,6.079999923706055,6.244999885559082,5.940000057220459,6.099999904632568,1444400,0.0,0.0
2024-09-27 00:00:00-04:00,6.230000019073486,6.269999980926514,6.034999847412109,6.159999847412109,556900,0.0,0.0
2024-09-30 00:00:00-04:00,6.139999866485596,6.329999923706055,6.019999980926514,6.079999923706055,481500,0.0,0.0
2024-10-01 00:00:00-04:00,6.03000020980835,6.059999942779541,5.769999980926514,5.909999847412109,774700,0.0,0.0
2024-10-02 00:00:00-04:00,5.900000095367432,6.065000057220459,5.900000095367432,5.940000057220459,421400,0.0,0.0
2024-10-03 00:00:00-04:00,5.869999885559082,6.289999961853027,5.809999942779541,6.269999980926514,908000,0.0,0.0
2024-10-04 00:00:00-04:00,6.269999980926514,6.385000228881836,6.050000190734863,6.349999904632568,915500,0.0,0.0
2024-10-07 00:00:00-04:00,6.309999942779541,6.309999942779541,5.929999828338623,6.0,847000,0.0,0.0
2024-10-08 00:00:00-04:00,6.059999942779541,6.150000095367432,5.929999828338623,5.989999771118164,642600,0.0,0.0
2024-10-09 00:00:00-04:00,5.960000038146973,6.039999961853027,5.815000057220459,5.880000114440918,736100,0.0,0.0
2024-10-10 00:00:00-04:00,5.829999923706055,5.949999809265137,5.71999979019165,5.940000057220459,593300,0.0,0.0
2024-10-11 00:00:00-04:00,5.869999885559082,6.054999828338623,5.869999885559082,6.0,506000,0.0,0.0
2024-10-14 00:00:00-04:00,6.0,6.269999980926514,5.960000038146973,5.989999771118164,734500,0.0,0.0
2024-10-15 00:00:00-04:00,6.0,6.199999809265137,5.929999828338623,6.179999828338623,464200,0.0,0.0
2024-10-16 00:00:00-04:00,6.199999809265137,6.21999979019165,6.0,6.0,636700,0.0,0.0
2024-10-17 00:00:00-04:00,6.0,6.065000057220459,5.900000095367432,6.010000228881836,1566900,0.0,0.0
2024-10-18 00:00:00-04:00,6.039999961853027,6.130000114440918,5.9079999923706055,6.119999885559082,899400,0.0,0.0
2024-10-21 00:00:00-04:00,6.110000133514404,6.159999847412109,5.900000095367432,6.010000228881836,655000,0.0,0.0
2024-10-22 00:00:00-04:00,5.989999771118164,6.090000152587891,5.960000038146973,6.039999961853027,465800,0.0,0.0
2024-10-23 00:00:00-04:00,6.019999980926514,6.019999980926514,5.571000099182129,5.659999847412109,1219100,0.0,0.0
2024-10-24 00:00:00-04:00,5.829999923706055,5.869999885559082,5.679999828338623,5.730000019073486,624200,0.0,0.0
2024-10-25 00:00:00-04:00,5.730000019073486,5.949999809265137,5.7270002365112305,5.78000020980835,570400,0.0,0.0
2024-10-28 00:00:00-04:00,5.880000114440918,6.054999828338623,5.880000114440918,6.010000228881836,851000,0.0,0.0
2024-10-29 00:00:00-04:00,6.03000020980835,6.03000020980835,5.909999847412109,5.980000019073486,395500,0.0,0.0
2024-10-30 00:00:00-04:00,5.869999885559082,6.019000053405762,5.840000152587891,5.849999904632568,377200,0.0,0.0
2024-10-31 00:00:00-04:00,5.860000133514404,5.889999866485596,5.559999942779541,5.670000076293945,922500,0.0,0.0
2024-11-01 00:00:00-04:00,5.699999809265137,5.839000225067139,5.690000057220459,5.769999980926514,388700,0.0,0.0
2024-11-04 00:00:00-05:00,5.739999771118164,5.849999904632568,5.610000133514404,5.670000076293945,458200,0.0,0.0
2024-11-05 00:00:00-05:00,5.730000019073486,6.039999961853027,5.650000095367432,6.03000020980835,714100,0.0,0.0
2024-11-06 00:00:00-05:00,6.119999885559082,6.21999979019165,5.940000057220459,6.110000133514404,1002200,0.0,0.0
2024-11-07 00:00:00-05:00,6.110000133514404,6.110000133514404,5.820000171661377,5.96999979019165,1042000,0.0,0.0
2024-11-08 00:00:00-05:00,6.0,6.485000133514404,5.929999828338623,6.099999904632568,1490800,0.0,0.0
2024-11-11 00:00:00-05:00,6.559999942779541,7.619999885559082,6.369999885559082,7.329999923706055,4529600,0.0,0.0
2024-11-12 00:00:00-05:00,6.949999809265137,6.949999809265137,6.421999931335449,6.610000133514404,2039300,0.0,0.0
2024-11-13 00:00:00-05:00,6.650000095367432,6.769999980926514,6.179999828338623,6.224999904632568,1250300,0.0,0.0
2024-11-14 00:00:00-05:00,6.230000019073486,6.289999961853027,5.980000019073486,6.03000020980835,1173600,0.0,0.0
2024-11-15 00:00:00-05:00,6.050000190734863,6.170000076293945,5.820000171661377,5.849999904632568,1042300,0.0,0.0
2024-11-18 00:00:00-05:00,5.869999885559082,5.960000038146973,5.573999881744385,5.679999828338623,1723900,0.0,0.0
2024-11-19 00:00:00-05:00,5.650000095367432,5.748000144958496,5.545000076293945,5.690000057220459,1405900,0.0,0.0
2024-11-20 00:00:00-05:00,5.639999866485596,5.909999847412109,5.630000114440918,5.889999866485596,1307900,0.0,0.0
2024-11-21 00:00:00-05:00,6.039999961853027,6.210000038146973,5.269999980926514,6.159999847412109,2136800,0.0,0.0
2024-11-22 00:00:00-05:00,6.130000114440918,6.630000114440918,6.039999961853027,6.360000133514404,1479300,0.0,0.0
2024-11-25 00:00:00-05:00,6.5,6.939000129699707,6.340000152587891,6.480000019073486,2370200,0.0,0.0
2024-11-26 00:00:00-05:00,6.550000190734863,6.559999942779541,5.980000019073486,6.070000171661377,1421100,0.0,0.0
2024-11-27 00:00:00-05:00,6.119999885559082,6.389999866485596,6.119999885559082,6.28000020980835,811000,0.0,0.0
2024-11-29 00:00:00-05:00,6.360000133514404,6.519999980926514,6.320000171661377,6.460000038146973,1131000,0.0,0.0
2024-12-02 00:00:00-05:00,6.558000087738037,6.784999847412109,6.320000171661377,6.519999980926514,1932600,0.0,0.0
2024-12-03 00:00:00-05:00,6.28000020980835,6.320000171661377,5.960000038146973,6.014999866485596,1658400,0.0,0.0
2024-12-04 00:00:00-05:00,6.019999980926514,6.519999980926514,5.960000038146973,6.28000020980835,1756500,0.0,0.0
2024-12-05 00:00:00-05:00,7.130000114440918,7.800000190734863,6.21999979019165,6.239999771118164,20022200,0.0,0.0
2024-12-06 00:00:00-05:00,6.619999885559082,8.109999656677246,6.460000038146973,7.96999979019165,17050000,0.0,0.0
2024-12-09 00:00:00-05:00,8.369999885559082,8.9399995803833,8.0,8.380000114440918,10712100,0.0,0.0
2024-12-10 00:00:00-05:00,8.430000305175781,8.539999961853027,7.690000057220459,7.699999809265137,4351000,0.0,0.0
2024-12-11 00:00:00-05:00,7.820000171661377,7.820000171661377,6.880000114440918,7.53000020980835,4672600,0.0,0.0
2024-12-12 00:00:00-05:00,7.429999828338623,7.880000114440918,7.340000152587891,7.409999847412109,2009400,0.0,0.0
2024-12-13 00:00:00-05:00,7.420000076293945,7.420000076293945,6.829999923706055,6.889999866485596,3347900,0.0,0.0
2024-12-16 00:00:00-05:00,6.849999904632568,7.550000190734863,6.681000232696533,7.360000133514404,3477000,0.0,0.0
2024-12-17 00:00:00-05:00,7.099999904632568,7.329999923706055,6.829999923706055,7.309999942779541,3553300,0.0,0.0
2024-12-18 00:00:00-05:00,7.25,7.389999866485596,6.579999923706055,6.710000038146973,3305500,0.0,0.0
2024-12-19 00:00:00-05:00,6.809999942779541,6.849999904632568,6.420000076293945,6.570000171661377,2334300,0.0,0.0
2024-12-20 00:00:00-05:00,6.489999771118164,6.920000076293945,6.489999771118164,6.760000228881836,2154600,0.0,0.0
2024-12-23 00:00:00-05:00,6.78000020980835,7.21999979019165,6.614999771118164,7.070000171661377,2121200,0.0,0.0
2024-12-24 00:00:00-05:00,7.130000114440918,7.150000095367432,6.949999809265137,7.079999923706055,1028400,0.0,0.0
2024-12-26 00:00:00-05:00,6.960000038146973,7.599999904632568,6.920000076293945,7.53000020980835,2533600,0.0,0.0
2024-12-27 00:00:00-05:00,7.449999809265137,7.590000152587891,6.989999771118164,7.590000152587891,2831700,0.0,0.0
2024-12-30 00:00:00-05:00,7.429999828338623,7.610000133514404,6.994999885559082,7.519999980926514,2401200,0.0,0.0
2024-12-31 00:00:00-05:00,7.610000133514404,8.100000381469727,7.1519999504089355,7.199999809265137,3929100,0.0,0.0
2025-01-02 00:00:00-05:00,7.260000228881836,9.479999542236328,7.170000076293945,8.869999885559082,12649200,0.0,0.0
2025-01-03 00:00:00-05:00,8.96500015258789,9.680000305175781,8.59000015258789,9.25,7937600,0.0,0.0
2025-01-06 00:00:00-05:00,9.640000343322754,11.0,9.319999694824219,9.970000267028809,9428600,0.0,0.0
2025-01-07 00:00:00-05:00,10.100000381469727,10.649999618530273,9.25,9.414999961853027,4949400,0.0,0.0
2025-01-08 00:00:00-05:00,9.34000015258789,9.369999885559082,8.5600004196167,8.770000457763672,3845300,0.0,0.0
2025-01-10 00:00:00-05:00,8.5,8.670000076293945,8.0,8.069999694824219,2669800,0.0,0.0
2025-01-13 00:00:00-05:00,7.690000057220459,7.78000020980835,7.170000076293945,7.389999866485596,3124200,0.0,0.0
2025-01-14 00:00:00-05:00,7.71999979019165,7.978000164031982,7.400000095367432,7.474999904632568,3333700,0.0,0.0
2025-01-15 00:00:00-05:00,7.900000095367432,9.199999809265137,7.769999980926514,8.444999694824219,6163800,0.0,0.0
2025-01-16 00:00:00-05:00,8.449999809265137,8.529999732971191,8.1850004196167,8.34000015258789,1979500,0.0,0.0
2025-01-17 00:00:00-05:00,8.550000190734863,9.09000015258789,8.390000343322754,8.40999984741211,3678800,0.0,0.0
2025-01-21 00:00:00-05:00,8.430000305175781,8.5,8.039999961853027,8.380000114440918,1997900,0.0,0.0
2025-01-22 00:00:00-05:00,8.600000381469727,9.199999809265137,8.460000038146973,9.0,3807900,0.0,0.0
2025-01-23 00:00:00-05:00,8.739999771118164,8.859999656677246,8.350000381469727,8.75,2614600,0.0,0.0
2025-01-24 00:00:00-05:00,8.800000190734863,9.109999656677246,8.210000038146973,8.239999771118164,2745300,0.0,0.0
2025-01-27 00:00:00-05:00,7.989999771118164,8.100000381469727,7.309999942779541,7.5,3126614,0.0,0.0
