Date,Open,High,Low,Close,Volume,Dividends,Stock Splits
2022-01-03 00:00:00-05:00,9.859999656677246,9.960000038146973,9.859999656677246,9.920000076293945,500,0.0,0.0
2022-01-04 00:00:00-05:00,9.920000076293945,9.920000076293945,9.920000076293945,9.920000076293945,0,0.0,0.0
2022-01-05 00:00:00-05:00,9.920000076293945,9.920000076293945,9.920000076293945,9.920000076293945,0,0.0,0.0
2022-01-06 00:00:00-05:00,9.920000076293945,9.920000076293945,9.920000076293945,9.920000076293945,0,0.0,0.0
2022-01-07 00:00:00-05:00,9.9399995803833,9.9399995803833,9.920000076293945,9.920000076293945,10000,0.0,0.0
2022-01-10 00:00:00-05:00,9.920000076293945,9.920000076293945,9.920000076293945,9.920000076293945,0,0.0,0.0
2022-01-11 00:00:00-05:00,9.930000305175781,9.9350004196167,9.920000076293945,9.920000076293945,2500,0.0,0.0
2022-01-12 00:00:00-05:00,9.925000190734863,9.9350004196167,9.925000190734863,9.930000305175781,9300,0.0,0.0
2022-01-13 00:00:00-05:00,9.930000305175781,9.930000305175781,9.930000305175781,9.930000305175781,4200,0.0,0.0
2022-01-14 00:00:00-05:00,9.930000305175781,9.930000305175781,9.930000305175781,9.930000305175781,0,0.0,0.0
2022-01-18 00:00:00-05:00,9.930000305175781,9.930000305175781,9.930000305175781,9.930000305175781,0,0.0,0.0
2022-01-19 00:00:00-05:00,9.920000076293945,9.920000076293945,9.920000076293945,9.920000076293945,200,0.0,0.0
2022-01-20 00:00:00-05:00,9.920000076293945,9.920000076293945,9.920000076293945,9.920000076293945,500,0.0,0.0
2022-01-21 00:00:00-05:00,9.920000076293945,9.920000076293945,9.920000076293945,9.920000076293945,1100,0.0,0.0
2022-01-24 00:00:00-05:00,9.920000076293945,9.920000076293945,9.920000076293945,9.920000076293945,0,0.0,0.0
2022-01-25 00:00:00-05:00,9.920000076293945,9.920000076293945,9.920000076293945,9.920000076293945,0,0.0,0.0
2022-01-26 00:00:00-05:00,9.920000076293945,9.920000076293945,9.920000076293945,9.920000076293945,0,0.0,0.0
2022-01-27 00:00:00-05:00,9.930000305175781,9.960000038146973,9.920000076293945,9.9399995803833,4300,0.0,0.0
2022-01-28 00:00:00-05:00,9.9399995803833,9.9399995803833,9.9399995803833,9.9399995803833,0,0.0,0.0
2022-01-31 00:00:00-05:00,9.960000038146973,9.960000038146973,9.960000038146973,9.960000038146973,100,0.0,0.0
2022-02-01 00:00:00-05:00,9.960000038146973,9.960000038146973,9.960000038146973,9.960000038146973,0,0.0,0.0
2022-02-02 00:00:00-05:00,9.960000038146973,9.960000038146973,9.960000038146973,9.960000038146973,0,0.0,0.0
2022-02-03 00:00:00-05:00,9.960000038146973,9.960000038146973,9.960000038146973,9.960000038146973,0,0.0,0.0
2022-02-04 00:00:00-05:00,9.960000038146973,9.960000038146973,9.960000038146973,9.960000038146973,0,0.0,0.0
2022-02-07 00:00:00-05:00,9.960000038146973,9.960000038146973,9.960000038146973,9.960000038146973,0,0.0,0.0
2022-02-08 00:00:00-05:00,9.960000038146973,9.960000038146973,9.960000038146973,9.960000038146973,0,0.0,0.0
2022-02-09 00:00:00-05:00,9.960000038146973,9.960000038146973,9.960000038146973,9.960000038146973,0,0.0,0.0
2022-02-10 00:00:00-05:00,9.9399995803833,9.979999542236328,9.9399995803833,9.979999542236328,600,0.0,0.0
2022-02-11 00:00:00-05:00,9.979999542236328,9.979999542236328,9.979999542236328,9.979999542236328,0,0.0,0.0
2022-02-14 00:00:00-05:00,9.979999542236328,9.979999542236328,9.979999542236328,9.979999542236328,0,0.0,0.0
2022-02-15 00:00:00-05:00,9.960000038146973,9.970000267028809,9.9399995803833,9.970000267028809,11800,0.0,0.0
2022-02-16 00:00:00-05:00,9.949999809265137,9.970000267028809,9.949999809265137,9.970000267028809,1900,0.0,0.0
2022-02-17 00:00:00-05:00,9.949999809265137,9.960000038146973,9.949999809265137,9.960000038146973,3000,0.0,0.0
2022-02-18 00:00:00-05:00,9.960000038146973,9.960000038146973,9.960000038146973,9.960000038146973,0,0.0,0.0
2022-02-22 00:00:00-05:00,9.960000038146973,9.960000038146973,9.960000038146973,9.960000038146973,0,0.0,0.0
2022-02-23 00:00:00-05:00,9.960000038146973,9.960000038146973,9.960000038146973,9.960000038146973,1800,0.0,0.0
2022-02-24 00:00:00-05:00,9.960000038146973,9.960000038146973,9.960000038146973,9.960000038146973,0,0.0,0.0
2022-02-25 00:00:00-05:00,9.960000038146973,9.960000038146973,9.960000038146973,9.960000038146973,0,0.0,0.0
2022-02-28 00:00:00-05:00,9.960000038146973,9.960000038146973,9.960000038146973,9.960000038146973,0,0.0,0.0
2022-03-01 00:00:00-05:00,9.960000038146973,9.960000038146973,9.960000038146973,9.960000038146973,0,0.0,0.0
2022-03-02 00:00:00-05:00,9.960000038146973,9.960000038146973,9.960000038146973,9.960000038146973,0,0.0,0.0
2022-03-03 00:00:00-05:00,9.960000038146973,9.960000038146973,9.960000038146973,9.960000038146973,0,0.0,0.0
2022-03-04 00:00:00-05:00,9.960000038146973,9.960000038146973,9.960000038146973,9.960000038146973,0,0.0,0.0
2022-03-07 00:00:00-05:00,9.960000038146973,9.960000038146973,9.960000038146973,9.960000038146973,0,0.0,0.0
2022-03-08 00:00:00-05:00,9.960000038146973,9.960000038146973,9.960000038146973,9.960000038146973,0,0.0,0.0
2022-03-09 00:00:00-05:00,9.979999542236328,9.989999771118164,9.979999542236328,9.989999771118164,6000,0.0,0.0
2022-03-10 00:00:00-05:00,9.989999771118164,9.989999771118164,9.989999771118164,9.989999771118164,0,0.0,0.0
2022-03-11 00:00:00-05:00,9.979999542236328,9.979999542236328,9.979999542236328,9.979999542236328,100,0.0,0.0
2022-03-14 00:00:00-04:00,9.989999771118164,9.989999771118164,9.989999771118164,9.989999771118164,100,0.0,0.0
2022-03-15 00:00:00-04:00,10.020000457763672,10.020000457763672,10.020000457763672,10.020000457763672,600,0.0,0.0
2022-03-16 00:00:00-04:00,10.020000457763672,10.020000457763672,10.020000457763672,10.020000457763672,0,0.0,0.0
2022-03-17 00:00:00-04:00,10.020000457763672,10.020000457763672,10.020000457763672,10.020000457763672,0,0.0,0.0
2022-03-18 00:00:00-04:00,10.020000457763672,10.020000457763672,10.020000457763672,10.020000457763672,0,0.0,0.0
2022-03-21 00:00:00-04:00,9.979999542236328,9.979999542236328,9.979999542236328,9.979999542236328,100,0.0,0.0
2022-03-22 00:00:00-04:00,9.989999771118164,9.989999771118164,9.989999771118164,9.989999771118164,300,0.0,0.0
2022-03-23 00:00:00-04:00,9.989999771118164,9.989999771118164,9.989999771118164,9.989999771118164,0,0.0,0.0
2022-03-24 00:00:00-04:00,9.989999771118164,9.989999771118164,9.989999771118164,9.989999771118164,0,0.0,0.0
2022-03-25 00:00:00-04:00,10.0,10.0,9.989999771118164,9.989999771118164,360700,0.0,0.0
2022-03-28 00:00:00-04:00,9.989999771118164,9.989999771118164,9.989999771118164,9.989999771118164,0,0.0,0.0
2022-03-29 00:00:00-04:00,9.989999771118164,9.989999771118164,9.989999771118164,9.989999771118164,200,0.0,0.0
2022-03-30 00:00:00-04:00,9.989999771118164,9.989999771118164,9.989999771118164,9.989999771118164,0,0.0,0.0
2022-03-31 00:00:00-04:00,10.020000457763672,10.020000457763672,10.020000457763672,10.020000457763672,2200,0.0,0.0
2022-04-01 00:00:00-04:00,10.029999732971191,10.050000190734863,10.029999732971191,10.029999732971191,1500,0.0,0.0
2022-04-04 00:00:00-04:00,10.029999732971191,10.029999732971191,10.029999732971191,10.029999732971191,0,0.0,0.0
2022-04-05 00:00:00-04:00,10.029999732971191,10.029999732971191,10.029999732971191,10.029999732971191,0,0.0,0.0
2022-04-06 00:00:00-04:00,10.010000228881836,10.010000228881836,10.010000228881836,10.010000228881836,200,0.0,0.0
2022-04-07 00:00:00-04:00,10.010000228881836,10.010000228881836,10.010000228881836,10.010000228881836,0,0.0,0.0
2022-04-08 00:00:00-04:00,10.010000228881836,10.010000228881836,10.010000228881836,10.010000228881836,0,0.0,0.0
2022-04-11 00:00:00-04:00,10.010000228881836,10.010000228881836,10.010000228881836,10.010000228881836,0,0.0,0.0
2022-04-12 00:00:00-04:00,10.050000190734863,10.050000190734863,10.050000190734863,10.050000190734863,2000,0.0,0.0
2022-04-13 00:00:00-04:00,10.039999961853027,10.039999961853027,10.039999961853027,10.039999961853027,1000,0.0,0.0
2022-04-14 00:00:00-04:00,10.050000190734863,10.050000190734863,10.050000190734863,10.050000190734863,600,0.0,0.0
2022-04-18 00:00:00-04:00,10.050000190734863,10.050000190734863,10.050000190734863,10.050000190734863,0,0.0,0.0
2022-04-19 00:00:00-04:00,10.050000190734863,10.050000190734863,10.050000190734863,10.050000190734863,0,0.0,0.0
2022-04-20 00:00:00-04:00,10.050000190734863,10.050000190734863,10.050000190734863,10.050000190734863,0,0.0,0.0
2022-04-21 00:00:00-04:00,10.050000190734863,10.050000190734863,10.050000190734863,10.050000190734863,0,0.0,0.0
2022-04-22 00:00:00-04:00,10.050000190734863,10.050000190734863,10.050000190734863,10.050000190734863,0,0.0,0.0
2022-04-25 00:00:00-04:00,10.050000190734863,10.050000190734863,10.029999732971191,10.050000190734863,401100,0.0,0.0
2022-04-26 00:00:00-04:00,10.029999732971191,10.03499984741211,10.020000457763672,10.020000457763672,67500,0.0,0.0
2022-04-27 00:00:00-04:00,10.020000457763672,10.020000457763672,10.020000457763672,10.020000457763672,0,0.0,0.0
2022-04-28 00:00:00-04:00,10.029999732971191,10.029999732971191,10.029999732971191,10.029999732971191,200,0.0,0.0
2022-04-29 00:00:00-04:00,10.029999732971191,10.029999732971191,10.029999732971191,10.029999732971191,0,0.0,0.0
2022-05-02 00:00:00-04:00,10.029999732971191,10.029999732971191,10.029999732971191,10.029999732971191,0,0.0,0.0
2022-05-03 00:00:00-04:00,10.029999732971191,10.029999732971191,10.008999824523926,10.010000228881836,131300,0.0,0.0
2022-05-04 00:00:00-04:00,10.010000228881836,10.010000228881836,10.010000228881836,10.010000228881836,0,0.0,0.0
2022-05-05 00:00:00-04:00,10.010000228881836,10.010000228881836,10.010000228881836,10.010000228881836,0,0.0,0.0
2022-05-06 00:00:00-04:00,10.010000228881836,10.010000228881836,10.010000228881836,10.010000228881836,0,0.0,0.0
2022-05-09 00:00:00-04:00,10.010000228881836,10.010000228881836,10.010000228881836,10.010000228881836,0,0.0,0.0
2022-05-10 00:00:00-04:00,10.020000457763672,10.020000457763672,10.020000457763672,10.020000457763672,1000,0.0,0.0
2022-05-11 00:00:00-04:00,10.020000457763672,10.020000457763672,10.020000457763672,10.020000457763672,0,0.0,0.0
2022-05-12 00:00:00-04:00,10.020000457763672,10.020000457763672,10.020000457763672,10.020000457763672,2000,0.0,0.0
2022-05-13 00:00:00-04:00,10.020000457763672,10.020000457763672,10.020000457763672,10.020000457763672,8400,0.0,0.0
2022-05-16 00:00:00-04:00,10.020000457763672,10.020000457763672,10.020000457763672,10.020000457763672,0,0.0,0.0
2022-05-17 00:00:00-04:00,10.020000457763672,10.020000457763672,10.020000457763672,10.020000457763672,0,0.0,0.0
2022-05-18 00:00:00-04:00,10.020000457763672,10.020000457763672,10.020000457763672,10.020000457763672,0,0.0,0.0
2022-05-19 00:00:00-04:00,10.020000457763672,10.020000457763672,10.020000457763672,10.020000457763672,0,0.0,0.0
2022-05-20 00:00:00-04:00,10.020000457763672,10.020000457763672,10.020000457763672,10.020000457763672,13100,0.0,0.0
2022-05-23 00:00:00-04:00,10.020000457763672,10.020000457763672,10.020000457763672,10.020000457763672,0,0.0,0.0
2022-05-24 00:00:00-04:00,10.020000457763672,10.020000457763672,10.020000457763672,10.020000457763672,0,0.0,0.0
2022-05-25 00:00:00-04:00,10.020000457763672,10.020000457763672,10.020000457763672,10.020000457763672,0,0.0,0.0
2022-05-26 00:00:00-04:00,10.020000457763672,10.020000457763672,10.020000457763672,10.020000457763672,0,0.0,0.0
2022-05-27 00:00:00-04:00,10.020000457763672,10.020000457763672,10.020000457763672,10.020000457763672,0,0.0,0.0
2022-05-31 00:00:00-04:00,10.020000457763672,10.020000457763672,10.020000457763672,10.020000457763672,0,0.0,0.0
2022-06-01 00:00:00-04:00,10.020000457763672,10.020000457763672,10.020000457763672,10.020000457763672,0,0.0,0.0
2022-06-02 00:00:00-04:00,10.020000457763672,10.020000457763672,10.020000457763672,10.020000457763672,0,0.0,0.0
2022-06-03 00:00:00-04:00,10.039999961853027,10.039999961853027,10.039999961853027,10.039999961853027,27100,0.0,0.0
2022-06-06 00:00:00-04:00,10.039999961853027,10.039999961853027,10.039999961853027,10.039999961853027,0,0.0,0.0
2022-06-07 00:00:00-04:00,10.039999961853027,10.039999961853027,10.039999961853027,10.039999961853027,400,0.0,0.0
2022-06-08 00:00:00-04:00,10.039999961853027,10.039999961853027,10.039999961853027,10.039999961853027,0,0.0,0.0
2022-06-09 00:00:00-04:00,10.050000190734863,10.050000190734863,10.050000190734863,10.050000190734863,15900,0.0,0.0
2022-06-10 00:00:00-04:00,10.050000190734863,10.050000190734863,10.050000190734863,10.050000190734863,0,0.0,0.0
2022-06-13 00:00:00-04:00,10.039999961853027,10.140000343322754,10.039999961853027,10.140000343322754,7900,0.0,0.0
2022-06-14 00:00:00-04:00,10.039999961853027,10.050000190734863,10.039999961853027,10.039999961853027,4600,0.0,0.0
2022-06-15 00:00:00-04:00,10.039999961853027,10.039999961853027,10.039999961853027,10.039999961853027,500,0.0,0.0
2022-06-16 00:00:00-04:00,10.039999961853027,10.039999961853027,10.039999961853027,10.039999961853027,0,0.0,0.0
2022-06-17 00:00:00-04:00,10.039999961853027,10.039999961853027,10.039999961853027,10.039999961853027,0,0.0,0.0
2022-06-21 00:00:00-04:00,10.050000190734863,10.050000190734863,10.050000190734863,10.050000190734863,300,0.0,0.0
2022-06-22 00:00:00-04:00,10.0600004196167,10.079999923706055,10.050000190734863,10.069999694824219,176600,0.0,0.0
2022-06-23 00:00:00-04:00,10.09000015258789,10.09000015258789,10.050000190734863,10.050000190734863,300,0.0,0.0
2022-06-24 00:00:00-04:00,10.050000190734863,10.050000190734863,10.050000190734863,10.050000190734863,0,0.0,0.0
2022-06-27 00:00:00-04:00,10.050000190734863,10.050000190734863,10.050000190734863,10.050000190734863,0,0.0,0.0
2022-06-28 00:00:00-04:00,10.050000190734863,10.050000190734863,10.050000190734863,10.050000190734863,0,0.0,0.0
2022-06-29 00:00:00-04:00,10.050000190734863,10.050000190734863,10.050000190734863,10.050000190734863,0,0.0,0.0
2022-06-30 00:00:00-04:00,10.050000190734863,10.050000190734863,10.050000190734863,10.050000190734863,0,0.0,0.0
2022-07-01 00:00:00-04:00,10.0600004196167,10.0600004196167,10.050000190734863,10.050000190734863,21200,0.0,0.0
2022-07-05 00:00:00-04:00,10.050000190734863,10.050000190734863,10.050000190734863,10.050000190734863,0,0.0,0.0
2022-07-06 00:00:00-04:00,10.050000190734863,10.050000190734863,10.050000190734863,10.050000190734863,0,0.0,0.0
2022-07-07 00:00:00-04:00,10.050000190734863,10.050000190734863,10.050000190734863,10.050000190734863,0,0.0,0.0
2022-07-08 00:00:00-04:00,10.050000190734863,10.050000190734863,10.050000190734863,10.050000190734863,0,0.0,0.0
2022-07-11 00:00:00-04:00,10.050000190734863,10.050000190734863,10.050000190734863,10.050000190734863,0,0.0,0.0
2022-07-12 00:00:00-04:00,10.050000190734863,10.050000190734863,10.050000190734863,10.050000190734863,0,0.0,0.0
2022-07-13 00:00:00-04:00,10.050000190734863,10.050000190734863,10.050000190734863,10.050000190734863,0,0.0,0.0
2022-07-14 00:00:00-04:00,10.069999694824219,10.069999694824219,10.069999694824219,10.069999694824219,30000,0.0,0.0
2022-07-15 00:00:00-04:00,10.069999694824219,10.069999694824219,10.069999694824219,10.069999694824219,0,0.0,0.0
2022-07-18 00:00:00-04:00,10.069999694824219,10.069999694824219,10.069999694824219,10.069999694824219,0,0.0,0.0
2022-07-19 00:00:00-04:00,10.069999694824219,10.069999694824219,10.069999694824219,10.069999694824219,0,0.0,0.0
2022-07-20 00:00:00-04:00,10.069999694824219,10.069999694824219,10.069999694824219,10.069999694824219,0,0.0,0.0
2022-07-21 00:00:00-04:00,10.069999694824219,10.069999694824219,10.069999694824219,10.069999694824219,0,0.0,0.0
2022-07-22 00:00:00-04:00,10.069999694824219,10.069999694824219,10.069999694824219,10.069999694824219,0,0.0,0.0
2022-07-25 00:00:00-04:00,10.069999694824219,10.069999694824219,10.069999694824219,10.069999694824219,0,0.0,0.0
2022-07-26 00:00:00-04:00,10.25,10.25,10.25,10.25,200,0.0,0.0
2022-07-27 00:00:00-04:00,10.100000381469727,10.100000381469727,10.100000381469727,10.100000381469727,30300,0.0,0.0
2022-07-28 00:00:00-04:00,10.100000381469727,10.100000381469727,10.100000381469727,10.100000381469727,0,0.0,0.0
2022-07-29 00:00:00-04:00,10.100000381469727,10.100000381469727,10.100000381469727,10.100000381469727,0,0.0,0.0
2022-08-01 00:00:00-04:00,10.100000381469727,10.100000381469727,10.100000381469727,10.100000381469727,0,0.0,0.0
2022-08-02 00:00:00-04:00,10.100000381469727,10.100000381469727,10.100000381469727,10.100000381469727,0,0.0,0.0
2022-08-03 00:00:00-04:00,10.109999656677246,10.109999656677246,10.109999656677246,10.109999656677246,100,0.0,0.0
2022-08-04 00:00:00-04:00,10.109999656677246,10.109999656677246,10.109000205993652,10.109999656677246,70300,0.0,0.0
2022-08-05 00:00:00-04:00,10.119999885559082,10.119999885559082,10.109999656677246,10.119999885559082,52100,0.0,0.0
2022-08-08 00:00:00-04:00,10.119999885559082,10.119999885559082,10.119999885559082,10.119999885559082,0,0.0,0.0
2022-08-09 00:00:00-04:00,10.140000343322754,10.140000343322754,10.130000114440918,10.130000114440918,32200,0.0,0.0
2022-08-10 00:00:00-04:00,10.130000114440918,10.130000114440918,10.130000114440918,10.130000114440918,100,0.0,0.0
2022-08-11 00:00:00-04:00,10.194999694824219,10.194999694824219,10.194999694824219,10.194999694824219,1300,0.0,0.0
2022-08-12 00:00:00-04:00,10.180000305175781,10.180000305175781,10.140000343322754,10.140000343322754,1200,0.0,0.0
2022-08-15 00:00:00-04:00,10.140000343322754,10.140000343322754,10.140000343322754,10.140000343322754,600,0.0,0.0
2022-08-16 00:00:00-04:00,10.140000343322754,10.140000343322754,10.140000343322754,10.140000343322754,0,0.0,0.0
2022-08-17 00:00:00-04:00,10.140000343322754,10.140000343322754,10.140000343322754,10.140000343322754,0,0.0,0.0
2022-08-18 00:00:00-04:00,10.140000343322754,10.140000343322754,10.140000343322754,10.140000343322754,0,0.0,0.0
2022-08-19 00:00:00-04:00,10.1899995803833,10.1899995803833,10.170000076293945,10.170000076293945,1000,0.0,0.0
2022-08-22 00:00:00-04:00,10.199999809265137,10.199999809265137,10.149999618530273,10.16100025177002,59000,0.0,0.0
2022-08-23 00:00:00-04:00,10.16100025177002,10.16100025177002,10.16100025177002,10.16100025177002,0,0.0,0.0
2022-08-24 00:00:00-04:00,10.16100025177002,10.16100025177002,10.16100025177002,10.16100025177002,0,0.0,0.0
2022-08-25 00:00:00-04:00,10.16100025177002,10.16100025177002,10.16100025177002,10.16100025177002,0,0.0,0.0
2022-08-26 00:00:00-04:00,10.16100025177002,10.16100025177002,10.16100025177002,10.16100025177002,0,0.0,0.0
2022-08-29 00:00:00-04:00,10.16100025177002,10.16100025177002,10.16100025177002,10.16100025177002,0,0.0,0.0
2022-08-30 00:00:00-04:00,10.16100025177002,10.16100025177002,10.16100025177002,10.16100025177002,0,0.0,0.0
2022-08-31 00:00:00-04:00,10.170000076293945,10.170000076293945,10.170000076293945,10.170000076293945,100,0.0,0.0
2022-09-01 00:00:00-04:00,10.170000076293945,10.170000076293945,10.170000076293945,10.170000076293945,0,0.0,0.0
2022-09-02 00:00:00-04:00,10.180000305175781,10.180000305175781,10.180000305175781,10.180000305175781,100,0.0,0.0
2022-09-06 00:00:00-04:00,10.180000305175781,10.180000305175781,10.180000305175781,10.180000305175781,0,0.0,0.0
2022-09-07 00:00:00-04:00,10.180000305175781,10.180000305175781,10.180000305175781,10.180000305175781,0,0.0,0.0
2022-09-08 00:00:00-04:00,10.180000305175781,10.180000305175781,10.170000076293945,10.170000076293945,1700,0.0,0.0
2022-09-09 00:00:00-04:00,10.180000305175781,10.180000305175781,10.180000305175781,10.180000305175781,1500,0.0,0.0
2022-09-12 00:00:00-04:00,10.180000305175781,10.180000305175781,10.180000305175781,10.180000305175781,0,0.0,0.0
2022-09-13 00:00:00-04:00,10.180000305175781,10.180000305175781,10.180000305175781,10.180000305175781,0,0.0,0.0
2022-09-14 00:00:00-04:00,10.180000305175781,10.180000305175781,10.180000305175781,10.180000305175781,0,0.0,0.0
2022-09-15 00:00:00-04:00,10.180000305175781,10.180000305175781,10.180000305175781,10.180000305175781,0,0.0,0.0
2022-09-16 00:00:00-04:00,10.180000305175781,10.180000305175781,10.180000305175781,10.180000305175781,0,0.0,0.0
2022-09-19 00:00:00-04:00,10.180000305175781,10.180000305175781,10.180000305175781,10.180000305175781,0,0.0,0.0
2022-09-20 00:00:00-04:00,10.1899995803833,10.1899995803833,10.1899995803833,10.1899995803833,200,0.0,0.0
2022-09-21 00:00:00-04:00,10.1899995803833,10.1899995803833,10.1899995803833,10.1899995803833,0,0.0,0.0
2022-09-22 00:00:00-04:00,10.1899995803833,10.1899995803833,10.1899995803833,10.1899995803833,0,0.0,0.0
2022-09-23 00:00:00-04:00,10.199999809265137,10.199999809265137,10.199999809265137,10.199999809265137,10000,0.0,0.0
2022-09-26 00:00:00-04:00,10.199999809265137,10.199999809265137,10.199999809265137,10.199999809265137,0,0.0,0.0
2022-09-27 00:00:00-04:00,10.199999809265137,10.199999809265137,10.199999809265137,10.199999809265137,100,0.0,0.0
2022-09-28 00:00:00-04:00,10.199999809265137,10.199999809265137,10.199999809265137,10.199999809265137,32500,0.0,0.0
2022-09-29 00:00:00-04:00,10.210000038146973,10.220000267028809,10.210000038146973,10.220000267028809,1900,0.0,0.0
2022-09-30 00:00:00-04:00,10.220000267028809,10.220000267028809,10.220000267028809,10.220000267028809,28700,0.0,0.0
2022-10-03 00:00:00-04:00,10.699999809265137,10.699999809265137,10.210000038146973,10.210000038146973,20800,0.0,0.0
2022-10-04 00:00:00-04:00,10.210000038146973,10.210000038146973,10.210000038146973,10.210000038146973,0,0.0,0.0
2022-10-05 00:00:00-04:00,10.210000038146973,10.210000038146973,10.210000038146973,10.210000038146973,900,0.0,0.0
2022-10-06 00:00:00-04:00,10.210000038146973,10.210000038146973,10.210000038146973,10.210000038146973,0,0.0,0.0
2022-10-07 00:00:00-04:00,10.220000267028809,10.220000267028809,10.220000267028809,10.220000267028809,1800,0.0,0.0
2022-10-10 00:00:00-04:00,10.220000267028809,10.220000267028809,10.220000267028809,10.220000267028809,0,0.0,0.0
2022-10-11 00:00:00-04:00,10.220000267028809,10.220000267028809,10.220000267028809,10.220000267028809,4800,0.0,0.0
2022-10-12 00:00:00-04:00,10.220000267028809,10.220000267028809,10.220000267028809,10.220000267028809,100,0.0,0.0
2022-10-13 00:00:00-04:00,10.220000267028809,10.220000267028809,10.220000267028809,10.220000267028809,1100,0.0,0.0
2022-10-14 00:00:00-04:00,10.220000267028809,10.220000267028809,10.220000267028809,10.220000267028809,0,0.0,0.0
2022-10-17 00:00:00-04:00,10.220000267028809,10.220000267028809,10.220000267028809,10.220000267028809,0,0.0,0.0
2022-10-18 00:00:00-04:00,10.220000267028809,10.220000267028809,10.220000267028809,10.220000267028809,0,0.0,0.0
2022-10-19 00:00:00-04:00,10.239999771118164,10.260000228881836,10.239999771118164,10.260000228881836,3100,0.0,0.0
2022-10-20 00:00:00-04:00,10.260000228881836,10.260000228881836,10.260000228881836,10.260000228881836,0,0.0,0.0
2022-10-21 00:00:00-04:00,10.239999771118164,10.239999771118164,10.239999771118164,10.239999771118164,154700,0.0,0.0
2022-10-24 00:00:00-04:00,10.239999771118164,10.239999771118164,10.239999771118164,10.239999771118164,0,0.0,0.0
2022-10-25 00:00:00-04:00,10.239999771118164,10.239999771118164,10.239999771118164,10.239999771118164,0,0.0,0.0
2022-10-26 00:00:00-04:00,10.239999771118164,10.239999771118164,10.239999771118164,10.239999771118164,0,0.0,0.0
2022-10-27 00:00:00-04:00,10.270000457763672,10.270000457763672,10.270000457763672,10.270000457763672,2300,0.0,0.0
2022-10-28 00:00:00-04:00,10.270000457763672,10.270000457763672,10.270000457763672,10.270000457763672,0,0.0,0.0
2022-10-31 00:00:00-04:00,10.270000457763672,10.270000457763672,10.270000457763672,10.270000457763672,65000,0.0,0.0
2022-11-01 00:00:00-04:00,10.270000457763672,10.286999702453613,10.270000457763672,10.270000457763672,1600,0.0,0.0
2022-11-02 00:00:00-04:00,10.270000457763672,10.270000457763672,10.270000457763672,10.270000457763672,0,0.0,0.0
2022-11-03 00:00:00-04:00,10.270000457763672,10.324999809265137,10.270000457763672,10.324999809265137,5600,0.0,0.0
2022-11-04 00:00:00-04:00,10.324999809265137,10.324999809265137,10.324999809265137,10.324999809265137,0,0.0,0.0
2022-11-07 00:00:00-05:00,10.324999809265137,10.324999809265137,10.324999809265137,10.324999809265137,0,0.0,0.0
2022-11-08 00:00:00-05:00,10.329999923706055,10.34000015258789,10.329999923706055,10.34000015258789,2000,0.0,0.0
2022-11-09 00:00:00-05:00,10.34000015258789,10.345999717712402,10.34000015258789,10.345999717712402,200,0.0,0.0
2022-11-10 00:00:00-05:00,10.324999809265137,10.324999809265137,10.324999809265137,10.324999809265137,1500,0.0,0.0
2022-11-11 00:00:00-05:00,10.300000190734863,10.300000190734863,10.300000190734863,10.300000190734863,200,0.0,0.0
2022-11-14 00:00:00-05:00,10.324999809265137,10.324999809265137,10.324999809265137,10.324999809265137,1600,0.0,0.0
2022-11-15 00:00:00-05:00,10.300000190734863,10.300000190734863,10.300000190734863,10.300000190734863,500,0.0,0.0
2022-11-16 00:00:00-05:00,10.300000190734863,10.300000190734863,10.300000190734863,10.300000190734863,1500,0.0,0.0
2022-11-17 00:00:00-05:00,10.300000190734863,10.300000190734863,10.300000190734863,10.300000190734863,0,0.0,0.0
2022-11-18 00:00:00-05:00,10.300000190734863,10.300000190734863,10.300000190734863,10.300000190734863,0,0.0,0.0
2022-11-21 00:00:00-05:00,10.34000015258789,10.350000381469727,10.329999923706055,10.348999977111816,6100,0.0,0.0
2022-11-22 00:00:00-05:00,10.348999977111816,10.348999977111816,10.348999977111816,10.348999977111816,0,0.0,0.0
2022-11-23 00:00:00-05:00,10.350000381469727,10.350000381469727,10.350000381469727,10.350000381469727,5100,0.0,0.0
2022-11-25 00:00:00-05:00,10.350000381469727,10.350000381469727,10.350000381469727,10.350000381469727,0,0.0,0.0
2022-11-28 00:00:00-05:00,10.369999885559082,10.369999885559082,10.369999885559082,10.369999885559082,8200,0.0,0.0
2022-11-29 00:00:00-05:00,10.319999694824219,10.369999885559082,10.3100004196167,10.3100004196167,13500,0.0,0.0
2022-11-30 00:00:00-05:00,10.3100004196167,10.3100004196167,10.3100004196167,10.3100004196167,0,0.0,0.0
2022-12-01 00:00:00-05:00,10.3100004196167,10.3100004196167,10.3100004196167,10.3100004196167,0,0.0,0.0
2022-12-02 00:00:00-05:00,10.3100004196167,10.3100004196167,10.3100004196167,10.3100004196167,0,0.0,0.0
2022-12-05 00:00:00-05:00,10.3100004196167,10.3100004196167,10.3100004196167,10.3100004196167,0,0.0,0.0
2022-12-06 00:00:00-05:00,10.3100004196167,10.3100004196167,10.3100004196167,10.3100004196167,0,0.0,0.0
2022-12-07 00:00:00-05:00,10.3100004196167,10.3100004196167,10.3100004196167,10.3100004196167,0,0.0,0.0
2022-12-08 00:00:00-05:00,10.3100004196167,10.3100004196167,10.3100004196167,10.3100004196167,0,0.0,0.0
2022-12-09 00:00:00-05:00,10.3100004196167,10.3100004196167,10.3100004196167,10.3100004196167,0,0.0,0.0
2022-12-12 00:00:00-05:00,10.3100004196167,10.3100004196167,10.3100004196167,10.3100004196167,0,0.0,0.0
2022-12-13 00:00:00-05:00,10.3100004196167,10.3100004196167,10.3100004196167,10.3100004196167,0,0.0,0.0
2022-12-14 00:00:00-05:00,10.3100004196167,10.3100004196167,10.3100004196167,10.3100004196167,0,0.0,0.0
2022-12-15 00:00:00-05:00,10.3100004196167,10.3100004196167,10.3100004196167,10.3100004196167,0,0.0,0.0
2022-12-16 00:00:00-05:00,10.3100004196167,10.3100004196167,10.3100004196167,10.3100004196167,0,0.0,0.0
2022-12-19 00:00:00-05:00,10.3100004196167,10.3100004196167,10.3100004196167,10.3100004196167,0,0.0,0.0
2022-12-20 00:00:00-05:00,10.3100004196167,10.3100004196167,10.3100004196167,10.3100004196167,0,0.0,0.0
2022-12-21 00:00:00-05:00,10.3100004196167,10.3100004196167,10.3100004196167,10.3100004196167,0,0.0,0.0
2022-12-22 00:00:00-05:00,10.3100004196167,10.3100004196167,10.3100004196167,10.3100004196167,0,0.0,0.0
2022-12-23 00:00:00-05:00,10.3100004196167,10.3100004196167,10.3100004196167,10.3100004196167,0,0.0,0.0
2022-12-27 00:00:00-05:00,10.399999618530273,10.399999618530273,10.399999618530273,10.399999618530273,6500,0.0,0.0
2022-12-28 00:00:00-05:00,10.399999618530273,10.449999809265137,10.399999618530273,10.420000076293945,6200,0.0,0.0
2022-12-29 00:00:00-05:00,10.420000076293945,10.420000076293945,10.420000076293945,10.420000076293945,0,0.0,0.0
2022-12-30 00:00:00-05:00,10.449999809265137,10.449999809265137,10.449999809265137,10.449999809265137,100,0.0,0.0
2023-01-03 00:00:00-05:00,10.449999809265137,10.449999809265137,10.449999809265137,10.449999809265137,0,0.0,0.0
2023-01-04 00:00:00-05:00,10.449999809265137,10.449999809265137,10.449999809265137,10.449999809265137,0,0.0,0.0
2023-01-05 00:00:00-05:00,10.449999809265137,10.449999809265137,10.449999809265137,10.449999809265137,0,0.0,0.0
2023-01-06 00:00:00-05:00,10.470000267028809,10.470000267028809,10.470000267028809,10.470000267028809,2800,0.0,0.0
2023-01-09 00:00:00-05:00,10.470000267028809,10.470000267028809,10.470000267028809,10.470000267028809,0,0.0,0.0
2023-01-10 00:00:00-05:00,10.5,10.5,10.5,10.5,4900,0.0,0.0
2023-01-11 00:00:00-05:00,10.5,10.5,10.5,10.5,100,0.0,0.0
2023-01-12 00:00:00-05:00,10.550000190734863,10.550000190734863,10.539999961853027,10.550000190734863,3300,0.0,0.0
2023-01-13 00:00:00-05:00,10.520000457763672,10.550000190734863,10.510000228881836,10.550000190734863,1200,0.0,0.0
2023-01-17 00:00:00-05:00,10.550000190734863,10.550000190734863,10.550000190734863,10.550000190734863,0,0.0,0.0
2023-01-18 00:00:00-05:00,10.460000038146973,10.460000038146973,10.460000038146973,10.460000038146973,500,0.0,0.0
2023-01-19 00:00:00-05:00,10.579999923706055,10.619999885559082,10.579999923706055,10.59000015258789,41500,0.0,0.0
2023-01-20 00:00:00-05:00,10.59000015258789,10.600000381469727,10.579999923706055,10.600000381469727,11900,0.0,0.0
2023-01-23 00:00:00-05:00,10.609999656677246,10.609999656677246,10.600000381469727,10.609999656677246,47800,0.0,0.0
2023-01-24 00:00:00-05:00,10.609999656677246,10.609999656677246,10.609999656677246,10.609999656677246,0,0.0,0.0
2023-01-25 00:00:00-05:00,10.609999656677246,10.609999656677246,10.609999656677246,10.609999656677246,0,0.0,0.0
2023-01-26 00:00:00-05:00,10.609999656677246,10.609999656677246,10.609999656677246,10.609999656677246,0,0.0,0.0
2023-01-27 00:00:00-05:00,10.609999656677246,10.609999656677246,10.609999656677246,10.609999656677246,0,0.0,0.0
2023-01-30 00:00:00-05:00,10.619999885559082,10.619999885559082,10.619999885559082,10.619999885559082,100,0.0,0.0
2023-01-31 00:00:00-05:00,10.619999885559082,10.619999885559082,10.619999885559082,10.619999885559082,0,0.0,0.0
2023-02-01 00:00:00-05:00,10.619999885559082,10.619999885559082,10.619999885559082,10.619999885559082,0,0.0,0.0
2023-02-02 00:00:00-05:00,10.619999885559082,10.619999885559082,10.619999885559082,10.619999885559082,0,0.0,0.0
2023-02-03 00:00:00-05:00,10.619999885559082,10.619999885559082,10.619999885559082,10.619999885559082,0,0.0,0.0
2023-02-06 00:00:00-05:00,10.619999885559082,10.619999885559082,10.619999885559082,10.619999885559082,0,0.0,0.0
2023-02-07 00:00:00-05:00,10.619999885559082,10.619999885559082,10.619999885559082,10.619999885559082,0,0.0,0.0
2023-02-08 00:00:00-05:00,10.619999885559082,10.619999885559082,10.619999885559082,10.619999885559082,0,0.0,0.0
2023-02-09 00:00:00-05:00,10.619999885559082,10.619999885559082,10.619999885559082,10.619999885559082,0,0.0,0.0
2023-02-10 00:00:00-05:00,10.619999885559082,10.619999885559082,10.619999885559082,10.619999885559082,0,0.0,0.0
2023-02-13 00:00:00-05:00,10.619999885559082,10.619999885559082,10.619999885559082,10.619999885559082,0,0.0,0.0
2023-02-14 00:00:00-05:00,10.619999885559082,10.619999885559082,10.619999885559082,10.619999885559082,0,0.0,0.0
2023-02-15 00:00:00-05:00,10.619999885559082,10.619999885559082,10.619999885559082,10.619999885559082,0,0.0,0.0
2023-02-16 00:00:00-05:00,10.619999885559082,10.619999885559082,10.619999885559082,10.619999885559082,0,0.0,0.0
2023-02-17 00:00:00-05:00,10.520000457763672,10.520000457763672,10.520000457763672,10.520000457763672,200,0.0,0.0
2023-02-21 00:00:00-05:00,10.520000457763672,10.520000457763672,10.520000457763672,10.520000457763672,0,0.0,0.0
2023-02-22 00:00:00-05:00,10.520000457763672,10.520000457763672,10.520000457763672,10.520000457763672,0,0.0,0.0
2023-02-23 00:00:00-05:00,10.520000457763672,10.520000457763672,10.520000457763672,10.520000457763672,0,0.0,0.0
2023-02-24 00:00:00-05:00,10.520000457763672,10.520000457763672,10.520000457763672,10.520000457763672,0,0.0,0.0
2023-02-27 00:00:00-05:00,10.520000457763672,10.520000457763672,10.520000457763672,10.520000457763672,0,0.0,0.0
2023-02-28 00:00:00-05:00,10.520000457763672,10.520000457763672,10.520000457763672,10.520000457763672,0,0.0,0.0
2023-03-01 00:00:00-05:00,10.520000457763672,10.520000457763672,10.520000457763672,10.520000457763672,0,0.0,0.0
2023-03-02 00:00:00-05:00,10.520000457763672,10.520000457763672,10.520000457763672,10.520000457763672,0,0.0,0.0
2023-03-03 00:00:00-05:00,10.520000457763672,10.520000457763672,10.520000457763672,10.520000457763672,0,0.0,0.0
2023-03-06 00:00:00-05:00,10.520000457763672,10.520000457763672,10.520000457763672,10.520000457763672,0,0.0,0.0
2023-03-07 00:00:00-05:00,10.520000457763672,10.520000457763672,10.520000457763672,10.520000457763672,0,0.0,0.0
2023-03-08 00:00:00-05:00,10.640000343322754,10.640000343322754,10.640000343322754,10.640000343322754,400,0.0,0.0
2023-03-09 00:00:00-05:00,10.640000343322754,10.640000343322754,10.640000343322754,10.640000343322754,0,0.0,0.0
2023-03-10 00:00:00-05:00,10.640000343322754,10.640000343322754,10.640000343322754,10.640000343322754,0,0.0,0.0
2023-03-13 00:00:00-04:00,10.640000343322754,10.640000343322754,10.640000343322754,10.640000343322754,0,0.0,0.0
2023-03-14 00:00:00-04:00,10.640000343322754,10.640000343322754,10.640000343322754,10.640000343322754,0,0.0,0.0
2023-03-15 00:00:00-04:00,10.640000343322754,10.640000343322754,10.640000343322754,10.640000343322754,0,0.0,0.0
2023-03-16 00:00:00-04:00,10.640000343322754,10.640000343322754,10.640000343322754,10.640000343322754,0,0.0,0.0
2023-03-17 00:00:00-04:00,10.640000343322754,10.640000343322754,10.640000343322754,10.640000343322754,0,0.0,0.0
2023-03-20 00:00:00-04:00,10.640000343322754,10.640000343322754,10.640000343322754,10.640000343322754,0,0.0,0.0
2023-03-21 00:00:00-04:00,10.640000343322754,10.640000343322754,10.640000343322754,10.640000343322754,0,0.0,0.0
2023-03-22 00:00:00-04:00,10.640000343322754,10.640000343322754,10.640000343322754,10.640000343322754,0,0.0,0.0
2023-03-23 00:00:00-04:00,10.640000343322754,10.640000343322754,10.640000343322754,10.640000343322754,0,0.0,0.0
2023-03-24 00:00:00-04:00,10.640000343322754,10.640000343322754,10.640000343322754,10.640000343322754,0,0.0,0.0
2023-03-27 00:00:00-04:00,10.640000343322754,10.640000343322754,10.640000343322754,10.640000343322754,0,0.0,0.0
2023-03-28 00:00:00-04:00,10.640000343322754,10.640000343322754,10.640000343322754,10.640000343322754,0,0.0,0.0
2023-03-29 00:00:00-04:00,10.640000343322754,10.640000343322754,10.640000343322754,10.640000343322754,300,0.0,0.0
2023-03-30 00:00:00-04:00,10.779999732971191,10.789999961853027,10.779999732971191,10.789999961853027,300,0.0,0.0
2023-03-31 00:00:00-04:00,10.789999961853027,10.789999961853027,10.789999961853027,10.789999961853027,0,0.0,0.0
2023-04-03 00:00:00-04:00,10.789999961853027,10.789999961853027,10.789999961853027,10.789999961853027,0,0.0,0.0
2023-04-04 00:00:00-04:00,10.789999961853027,10.789999961853027,10.789999961853027,10.789999961853027,0,0.0,0.0
2023-04-05 00:00:00-04:00,10.789999961853027,10.789999961853027,10.789999961853027,10.789999961853027,0,0.0,0.0
2023-04-06 00:00:00-04:00,10.779999732971191,10.779999732971191,10.779999732971191,10.779999732971191,100,0.0,0.0
2023-04-10 00:00:00-04:00,10.779999732971191,10.779999732971191,10.779999732971191,10.779999732971191,0,0.0,0.0
2023-04-11 00:00:00-04:00,10.779999732971191,10.779999732971191,10.779999732971191,10.779999732971191,0,0.0,0.0
2023-04-12 00:00:00-04:00,10.779999732971191,10.779999732971191,10.779999732971191,10.779999732971191,0,0.0,0.0
2023-04-13 00:00:00-04:00,10.779999732971191,10.779999732971191,10.779999732971191,10.779999732971191,0,0.0,0.0
2023-04-14 00:00:00-04:00,10.779999732971191,10.779999732971191,10.779999732971191,10.779999732971191,0,0.0,0.0
2023-04-17 00:00:00-04:00,10.779999732971191,10.779999732971191,10.779999732971191,10.779999732971191,0,0.0,0.0
2023-04-18 00:00:00-04:00,10.779999732971191,10.779999732971191,10.779999732971191,10.779999732971191,0,0.0,0.0
2023-04-19 00:00:00-04:00,10.699000358581543,10.699000358581543,10.699000358581543,10.699000358581543,100,0.0,0.0
2023-04-20 00:00:00-04:00,10.699000358581543,10.699000358581543,10.699000358581543,10.699000358581543,0,0.0,0.0
2023-04-21 00:00:00-04:00,10.699000358581543,10.699000358581543,10.699000358581543,10.699000358581543,0,0.0,0.0
2023-04-24 00:00:00-04:00,10.699000358581543,10.699000358581543,10.699000358581543,10.699000358581543,0,0.0,0.0
2023-04-25 00:00:00-04:00,10.699000358581543,10.699000358581543,10.699000358581543,10.699000358581543,0,0.0,0.0
2023-04-26 00:00:00-04:00,10.819999694824219,10.819999694824219,10.819999694824219,10.819999694824219,100,0.0,0.0
2023-04-27 00:00:00-04:00,10.819999694824219,10.819999694824219,10.819999694824219,10.819999694824219,0,0.0,0.0
2023-04-28 00:00:00-04:00,10.699999809265137,10.699999809265137,10.699999809265137,10.699999809265137,1000,0.0,0.0
2023-05-01 00:00:00-04:00,10.699999809265137,10.699999809265137,10.699999809265137,10.699999809265137,0,0.0,0.0
2023-05-02 00:00:00-04:00,10.699999809265137,10.699999809265137,10.699999809265137,10.699999809265137,0,0.0,0.0
2023-05-03 00:00:00-04:00,10.699999809265137,10.699999809265137,10.699999809265137,10.699999809265137,0,0.0,0.0
2023-05-04 00:00:00-04:00,10.699999809265137,10.699999809265137,10.699999809265137,10.699999809265137,0,0.0,0.0
2023-05-05 00:00:00-04:00,10.699999809265137,10.699999809265137,10.699999809265137,10.699999809265137,0,0.0,0.0
2023-05-08 00:00:00-04:00,10.713000297546387,10.713000297546387,10.713000297546387,10.713000297546387,200,0.0,0.0
2023-05-09 00:00:00-04:00,10.713000297546387,10.713000297546387,10.713000297546387,10.713000297546387,0,0.0,0.0
2023-05-10 00:00:00-04:00,10.713000297546387,10.713000297546387,10.713000297546387,10.713000297546387,0,0.0,0.0
2023-05-11 00:00:00-04:00,10.713000297546387,10.713000297546387,10.713000297546387,10.713000297546387,0,0.0,0.0
2023-05-12 00:00:00-04:00,10.713000297546387,10.713000297546387,10.713000297546387,10.713000297546387,0,0.0,0.0
2023-05-15 00:00:00-04:00,10.713000297546387,10.713000297546387,10.713000297546387,10.713000297546387,0,0.0,0.0
2023-05-16 00:00:00-04:00,10.713000297546387,10.713000297546387,10.713000297546387,10.713000297546387,0,0.0,0.0
2023-05-17 00:00:00-04:00,10.713000297546387,10.713000297546387,10.713000297546387,10.713000297546387,0,0.0,0.0
2023-05-18 00:00:00-04:00,10.713000297546387,10.713000297546387,10.713000297546387,10.713000297546387,0,0.0,0.0
2023-05-19 00:00:00-04:00,10.729999542236328,10.770000457763672,10.729999542236328,10.729999542236328,100100,0.0,0.0
2023-05-22 00:00:00-04:00,10.729999542236328,10.729999542236328,10.729999542236328,10.729999542236328,0,0.0,0.0
2023-05-23 00:00:00-04:00,10.819999694824219,10.819999694824219,10.800000190734863,10.800000190734863,200,0.0,0.0
2023-05-24 00:00:00-04:00,10.800000190734863,10.800000190734863,10.800000190734863,10.800000190734863,0,0.0,0.0
2023-05-25 00:00:00-04:00,10.800000190734863,10.800000190734863,10.800000190734863,10.800000190734863,100,0.0,0.0
2023-05-26 00:00:00-04:00,10.800000190734863,10.800000190734863,10.800000190734863,10.800000190734863,100,0.0,0.0
2023-05-30 00:00:00-04:00,10.800000190734863,10.800000190734863,10.800000190734863,10.800000190734863,100,0.0,0.0
2023-05-31 00:00:00-04:00,10.800000190734863,10.800000190734863,10.800000190734863,10.800000190734863,100,0.0,0.0
2023-06-01 00:00:00-04:00,10.800000190734863,10.800000190734863,10.800000190734863,10.800000190734863,200,0.0,0.0
2023-06-02 00:00:00-04:00,10.800000190734863,10.800000190734863,10.800000190734863,10.800000190734863,200,0.0,0.0
2023-06-05 00:00:00-04:00,10.819999694824219,10.819999694824219,10.8100004196167,10.819999694824219,11400,0.0,0.0
2023-06-06 00:00:00-04:00,10.819999694824219,10.819999694824219,10.819999694824219,10.819999694824219,0,0.0,0.0
2023-06-07 00:00:00-04:00,10.819999694824219,10.819999694824219,10.819999694824219,10.819999694824219,0,0.0,0.0
2023-06-08 00:00:00-04:00,10.819999694824219,10.819999694824219,10.819999694824219,10.819999694824219,0,0.0,0.0
2023-06-09 00:00:00-04:00,10.819999694824219,10.819999694824219,10.819999694824219,10.819999694824219,0,0.0,0.0
2023-06-12 00:00:00-04:00,10.819999694824219,10.819999694824219,10.819999694824219,10.819999694824219,1500,0.0,0.0
2023-06-13 00:00:00-04:00,10.819999694824219,10.819999694824219,10.819999694824219,10.819999694824219,0,0.0,0.0
2023-06-14 00:00:00-04:00,10.819999694824219,10.819999694824219,10.819999694824219,10.819999694824219,0,0.0,0.0
2023-06-15 00:00:00-04:00,10.819999694824219,10.819999694824219,10.819999694824219,10.819999694824219,0,0.0,0.0
2023-06-16 00:00:00-04:00,10.819999694824219,10.819999694824219,10.819999694824219,10.819999694824219,0,0.0,0.0
2023-06-20 00:00:00-04:00,10.819999694824219,10.819999694824219,10.819999694824219,10.819999694824219,0,0.0,0.0
2023-06-21 00:00:00-04:00,10.819999694824219,10.819999694824219,10.819999694824219,10.819999694824219,0,0.0,0.0
2023-06-22 00:00:00-04:00,10.819999694824219,10.819999694824219,10.819999694824219,10.819999694824219,0,0.0,0.0
2023-06-23 00:00:00-04:00,10.819999694824219,10.819999694824219,10.819999694824219,10.819999694824219,0,0.0,0.0
2023-06-26 00:00:00-04:00,10.819999694824219,10.819999694824219,10.819999694824219,10.819999694824219,0,0.0,0.0
2023-06-27 00:00:00-04:00,10.819999694824219,10.819999694824219,10.819999694824219,10.819999694824219,0,0.0,0.0
2023-06-28 00:00:00-04:00,10.819999694824219,10.819999694824219,10.819999694824219,10.819999694824219,0,0.0,0.0
2023-06-29 00:00:00-04:00,10.819999694824219,10.819999694824219,10.819999694824219,10.819999694824219,0,0.0,0.0
2023-06-30 00:00:00-04:00,10.819999694824219,10.819999694824219,10.819999694824219,10.819999694824219,0,0.0,0.0
2023-07-03 00:00:00-04:00,10.819999694824219,10.819999694824219,10.819999694824219,10.819999694824219,0,0.0,0.0
2023-07-05 00:00:00-04:00,10.819999694824219,10.819999694824219,10.819999694824219,10.819999694824219,0,0.0,0.0
2023-07-06 00:00:00-04:00,10.880000114440918,10.880000114440918,10.880000114440918,10.880000114440918,3200,0.0,0.0
2023-07-07 00:00:00-04:00,10.890000343322754,10.890000343322754,10.890000343322754,10.890000343322754,5200,0.0,0.0
2023-07-10 00:00:00-04:00,10.890000343322754,10.890000343322754,10.890000343322754,10.890000343322754,0,0.0,0.0
2023-07-11 00:00:00-04:00,10.930000305175781,10.930000305175781,10.930000305175781,10.930000305175781,400,0.0,0.0
2023-07-12 00:00:00-04:00,10.930000305175781,10.9399995803833,10.930000305175781,10.9399995803833,9900,0.0,0.0
2023-07-13 00:00:00-04:00,10.998000144958496,10.998000144958496,10.949999809265137,10.975000381469727,12800,0.0,0.0
2023-07-14 00:00:00-04:00,11.03499984741211,11.03499984741211,11.03499984741211,11.03499984741211,1000,0.0,0.0
2023-07-17 00:00:00-04:00,11.03499984741211,11.03499984741211,11.03499984741211,11.03499984741211,0,0.0,0.0
2023-07-18 00:00:00-04:00,11.03499984741211,11.03499984741211,11.03499984741211,11.03499984741211,0,0.0,0.0
2023-07-19 00:00:00-04:00,11.03499984741211,11.03499984741211,11.03499984741211,11.03499984741211,0,0.0,0.0
2023-07-20 00:00:00-04:00,11.03499984741211,11.03499984741211,11.03499984741211,11.03499984741211,0,0.0,0.0
2023-07-21 00:00:00-04:00,11.03499984741211,11.03499984741211,11.03499984741211,11.03499984741211,0,0.0,0.0
2023-07-24 00:00:00-04:00,11.109999656677246,11.109999656677246,11.109999656677246,11.109999656677246,1500,0.0,0.0
2023-07-25 00:00:00-04:00,11.109999656677246,11.109999656677246,11.109999656677246,11.109999656677246,1200,0.0,0.0
2023-07-26 00:00:00-04:00,11.130000114440918,11.130000114440918,11.130000114440918,11.130000114440918,1900,0.0,0.0
2023-07-27 00:00:00-04:00,11.0,11.01099967956543,11.0,11.0,9000,0.0,0.0
2023-07-28 00:00:00-04:00,11.074999809265137,11.130000114440918,11.0,11.130000114440918,10300,0.0,0.0
2023-07-31 00:00:00-04:00,11.109999656677246,11.109999656677246,11.0,11.0,33800,0.0,0.0
2023-08-01 00:00:00-04:00,11.100000381469727,11.100000381469727,11.0,11.050000190734863,36000,0.0,0.0
2023-08-02 00:00:00-04:00,11.050000190734863,11.050000190734863,11.050000190734863,11.050000190734863,0,0.0,0.0
2023-08-03 00:00:00-04:00,11.010000228881836,11.149999618530273,11.0,11.149999618530273,1300,0.0,0.0
2023-08-04 00:00:00-04:00,11.010000228881836,11.149999618530273,11.010000228881836,11.149999618530273,800,0.0,0.0
2023-08-07 00:00:00-04:00,11.039999961853027,11.039999961853027,11.020000457763672,11.020000457763672,21300,0.0,0.0
2023-08-08 00:00:00-04:00,11.010000228881836,11.010000228881836,11.010000228881836,11.010000228881836,100,0.0,0.0
2023-08-09 00:00:00-04:00,11.010000228881836,11.010000228881836,11.010000228881836,11.010000228881836,0,0.0,0.0
2023-08-10 00:00:00-04:00,11.020000457763672,11.020000457763672,11.020000457763672,11.020000457763672,100,0.0,0.0
2023-08-11 00:00:00-04:00,11.010000228881836,11.020000457763672,11.010000228881836,11.010000228881836,1100,0.0,0.0
2023-08-14 00:00:00-04:00,11.010000228881836,11.010000228881836,11.010000228881836,11.010000228881836,100,0.0,0.0
2023-08-15 00:00:00-04:00,11.010000228881836,11.010000228881836,11.010000228881836,11.010000228881836,0,0.0,0.0
2023-08-16 00:00:00-04:00,11.010000228881836,11.010000228881836,11.010000228881836,11.010000228881836,0,0.0,0.0
2023-08-17 00:00:00-04:00,11.010000228881836,11.010000228881836,11.010000228881836,11.010000228881836,0,0.0,0.0
2023-08-18 00:00:00-04:00,11.010000228881836,11.010000228881836,11.010000228881836,11.010000228881836,0,0.0,0.0
2023-08-21 00:00:00-04:00,11.010000228881836,11.010000228881836,11.010000228881836,11.010000228881836,100,0.0,0.0
2023-08-22 00:00:00-04:00,11.010000228881836,11.010000228881836,11.010000228881836,11.010000228881836,0,0.0,0.0
2023-08-23 00:00:00-04:00,11.010000228881836,11.010000228881836,11.010000228881836,11.010000228881836,0,0.0,0.0
2023-08-24 00:00:00-04:00,11.010000228881836,11.010000228881836,11.010000228881836,11.010000228881836,0,0.0,0.0
2023-08-25 00:00:00-04:00,11.010000228881836,11.010000228881836,11.010000228881836,11.010000228881836,0,0.0,0.0
2023-08-28 00:00:00-04:00,11.010000228881836,11.010000228881836,11.010000228881836,11.010000228881836,0,0.0,0.0
2023-08-29 00:00:00-04:00,11.010000228881836,11.010000228881836,11.010000228881836,11.010000228881836,0,0.0,0.0
2023-08-30 00:00:00-04:00,11.140000343322754,11.149999618530273,11.140000343322754,11.149999618530273,2700,0.0,0.0
2023-08-31 00:00:00-04:00,11.149999618530273,11.149999618530273,11.149999618530273,11.149999618530273,0,0.0,0.0
2023-09-01 00:00:00-04:00,11.149999618530273,11.149999618530273,11.149999618530273,11.149999618530273,0,0.0,0.0
2023-09-05 00:00:00-04:00,11.149999618530273,11.149999618530273,11.149999618530273,11.149999618530273,0,0.0,0.0
2023-09-06 00:00:00-04:00,11.149999618530273,11.149999618530273,11.149999618530273,11.149999618530273,0,0.0,0.0
2023-09-07 00:00:00-04:00,11.149999618530273,11.149999618530273,11.149999618530273,11.149999618530273,0,0.0,0.0
2023-09-08 00:00:00-04:00,11.149999618530273,11.149999618530273,11.149999618530273,11.149999618530273,0,0.0,0.0
2023-09-11 00:00:00-04:00,11.170000076293945,11.170000076293945,11.170000076293945,11.170000076293945,100,0.0,0.0
2023-09-12 00:00:00-04:00,11.149999618530273,11.149999618530273,11.149999618530273,11.149999618530273,100,0.0,0.0
2023-09-13 00:00:00-04:00,11.149999618530273,11.149999618530273,11.149999618530273,11.149999618530273,100,0.0,0.0
2023-09-14 00:00:00-04:00,11.149999618530273,11.149999618530273,11.149999618530273,11.149999618530273,100,0.0,0.0
2023-09-15 00:00:00-04:00,11.100000381469727,11.100000381469727,11.100000381469727,11.100000381469727,100,0.0,0.0
2023-09-18 00:00:00-04:00,11.170000076293945,11.170000076293945,11.149999618530273,11.149999618530273,7900,0.0,0.0
2023-09-19 00:00:00-04:00,11.149999618530273,11.149999618530273,11.149999618530273,11.149999618530273,100,0.0,0.0
2023-09-20 00:00:00-04:00,11.149999618530273,11.149999618530273,11.149999618530273,11.149999618530273,100,0.0,0.0
2023-09-21 00:00:00-04:00,11.149999618530273,11.149999618530273,11.149999618530273,11.149999618530273,0,0.0,0.0
2023-09-22 00:00:00-04:00,11.220000267028809,11.220000267028809,11.220000267028809,11.220000267028809,100,0.0,0.0
2023-09-25 00:00:00-04:00,11.220000267028809,11.220000267028809,11.220000267028809,11.220000267028809,0,0.0,0.0
2023-09-26 00:00:00-04:00,11.25,11.260000228881836,11.220000267028809,11.260000228881836,2200,0.0,0.0
2023-09-27 00:00:00-04:00,11.260000228881836,11.260000228881836,11.260000228881836,11.260000228881836,0,0.0,0.0
2023-09-28 00:00:00-04:00,11.260000228881836,11.260000228881836,11.260000228881836,11.260000228881836,0,0.0,0.0
2023-09-29 00:00:00-04:00,11.260000228881836,11.260000228881836,11.260000228881836,11.260000228881836,0,0.0,0.0
2023-10-02 00:00:00-04:00,11.260000228881836,11.260000228881836,11.260000228881836,11.260000228881836,0,0.0,0.0
2023-10-03 00:00:00-04:00,11.260000228881836,11.260000228881836,11.260000228881836,11.260000228881836,0,0.0,0.0
2023-10-04 00:00:00-04:00,11.300000190734863,11.300000190734863,11.300000190734863,11.300000190734863,1300,0.0,0.0
2023-10-05 00:00:00-04:00,11.300000190734863,11.300000190734863,11.300000190734863,11.300000190734863,0,0.0,0.0
2023-10-06 00:00:00-04:00,11.300000190734863,11.300000190734863,11.300000190734863,11.300000190734863,0,0.0,0.0
2023-10-09 00:00:00-04:00,11.300000190734863,11.300000190734863,11.300000190734863,11.300000190734863,0,0.0,0.0
2023-10-10 00:00:00-04:00,11.449999809265137,11.449999809265137,11.449999809265137,11.449999809265137,1700,0.0,0.0
2023-10-11 00:00:00-04:00,11.449999809265137,11.449999809265137,11.449999809265137,11.449999809265137,0,0.0,0.0
2023-10-12 00:00:00-04:00,11.449999809265137,11.449999809265137,11.449999809265137,11.449999809265137,0,0.0,0.0
2023-10-13 00:00:00-04:00,11.449999809265137,11.449999809265137,11.449999809265137,11.449999809265137,0,0.0,0.0
2023-10-16 00:00:00-04:00,11.449999809265137,11.449999809265137,11.449999809265137,11.449999809265137,0,0.0,0.0
2023-10-17 00:00:00-04:00,11.449999809265137,11.449999809265137,11.449999809265137,11.449999809265137,0,0.0,0.0
2023-10-18 00:00:00-04:00,11.449999809265137,11.449999809265137,11.449999809265137,11.449999809265137,0,0.0,0.0
2023-10-19 00:00:00-04:00,11.449999809265137,11.449999809265137,11.449999809265137,11.449999809265137,0,0.0,0.0
2023-10-20 00:00:00-04:00,11.449999809265137,11.449999809265137,11.449999809265137,11.449999809265137,0,0.0,0.0
2023-10-23 00:00:00-04:00,11.449999809265137,11.449999809265137,11.449999809265137,11.449999809265137,0,0.0,0.0
2023-10-24 00:00:00-04:00,11.449999809265137,11.449999809265137,11.449999809265137,11.449999809265137,0,0.0,0.0
2023-10-25 00:00:00-04:00,11.449999809265137,11.449999809265137,11.449999809265137,11.449999809265137,0,0.0,0.0
2023-10-26 00:00:00-04:00,11.449999809265137,11.449999809265137,11.449999809265137,11.449999809265137,0,0.0,0.0
2023-10-27 00:00:00-04:00,11.449999809265137,11.449999809265137,11.449999809265137,11.449999809265137,0,0.0,0.0
2023-10-30 00:00:00-04:00,11.449999809265137,11.449999809265137,11.449999809265137,11.449999809265137,0,0.0,0.0
2023-10-31 00:00:00-04:00,11.449999809265137,11.449999809265137,11.449999809265137,11.449999809265137,0,0.0,0.0
2023-11-01 00:00:00-04:00,11.449999809265137,11.449999809265137,11.449999809265137,11.449999809265137,0,0.0,0.0
2023-11-02 00:00:00-04:00,11.449999809265137,11.449999809265137,11.449999809265137,11.449999809265137,0,0.0,0.0
2023-11-03 00:00:00-04:00,11.449999809265137,11.449999809265137,11.449999809265137,11.449999809265137,0,0.0,0.0
2023-11-06 00:00:00-05:00,11.399999618530273,11.399999618530273,11.319999694824219,11.319999694824219,900,0.0,0.0
2023-11-07 00:00:00-05:00,11.319999694824219,11.319999694824219,11.319999694824219,11.319999694824219,0,0.0,0.0
2023-11-08 00:00:00-05:00,11.319999694824219,11.319999694824219,11.319999694824219,11.319999694824219,0,0.0,0.0
2023-11-09 00:00:00-05:00,11.319999694824219,11.319999694824219,11.319999694824219,11.319999694824219,0,0.0,0.0
2023-11-10 00:00:00-05:00,11.319999694824219,11.319999694824219,11.319999694824219,11.319999694824219,0,0.0,0.0
2023-11-13 00:00:00-05:00,11.319999694824219,11.319999694824219,11.319999694824219,11.319999694824219,0,0.0,0.0
2023-11-14 00:00:00-05:00,11.319999694824219,11.319999694824219,11.319999694824219,11.319999694824219,0,0.0,0.0
2023-11-15 00:00:00-05:00,11.319999694824219,11.319999694824219,11.319999694824219,11.319999694824219,0,0.0,0.0
2023-11-16 00:00:00-05:00,11.319999694824219,11.319999694824219,11.319999694824219,11.319999694824219,0,0.0,0.0
2023-11-17 00:00:00-05:00,11.319999694824219,11.319999694824219,11.319999694824219,11.319999694824219,0,0.0,0.0
2023-11-20 00:00:00-05:00,11.319999694824219,11.319999694824219,11.319999694824219,11.319999694824219,0,0.0,0.0
2023-11-21 00:00:00-05:00,11.319999694824219,11.319999694824219,11.319999694824219,11.319999694824219,0,0.0,0.0
2023-11-22 00:00:00-05:00,11.319999694824219,11.319999694824219,11.319999694824219,11.319999694824219,0,0.0,0.0
2023-11-24 00:00:00-05:00,11.380000114440918,11.380000114440918,11.380000114440918,11.380000114440918,5200,0.0,0.0
2023-11-27 00:00:00-05:00,11.380000114440918,11.380000114440918,11.380000114440918,11.380000114440918,0,0.0,0.0
2023-11-28 00:00:00-05:00,11.359999656677246,11.359999656677246,11.359999656677246,11.359999656677246,800,0.0,0.0
2023-11-29 00:00:00-05:00,11.359999656677246,11.359999656677246,11.359999656677246,11.359999656677246,0,0.0,0.0
2023-11-30 00:00:00-05:00,11.359999656677246,11.359999656677246,11.359999656677246,11.359999656677246,100,0.0,0.0
2023-12-01 00:00:00-05:00,11.359999656677246,11.359999656677246,11.359999656677246,11.359999656677246,0,0.0,0.0
2023-12-04 00:00:00-05:00,11.479999542236328,11.600000381469727,11.479999542236328,11.5600004196167,3400,0.0,0.0
2023-12-05 00:00:00-05:00,11.479999542236328,11.479999542236328,11.470000267028809,11.470000267028809,500,0.0,0.0
2023-12-06 00:00:00-05:00,11.489999771118164,11.489999771118164,11.489999771118164,11.489999771118164,400,0.0,0.0
2023-12-07 00:00:00-05:00,11.479999542236328,11.479999542236328,11.369999885559082,11.369999885559082,2700,0.0,0.0
2023-12-08 00:00:00-05:00,11.369999885559082,11.369999885559082,11.369999885559082,11.369999885559082,0,0.0,0.0
2023-12-11 00:00:00-05:00,11.369999885559082,11.369999885559082,11.369999885559082,11.369999885559082,0,0.0,0.0
2023-12-12 00:00:00-05:00,11.369999885559082,11.369999885559082,11.369999885559082,11.369999885559082,0,0.0,0.0
2023-12-13 00:00:00-05:00,11.399999618530273,11.399999618530273,11.399999618530273,11.399999618530273,37700,0.0,0.0
2023-12-14 00:00:00-05:00,11.399999618530273,11.399999618530273,11.399999618530273,11.399999618530273,0,0.0,0.0
2023-12-15 00:00:00-05:00,11.4399995803833,11.449999809265137,11.414999961853027,11.449999809265137,9100,0.0,0.0
2023-12-18 00:00:00-05:00,11.449999809265137,11.449999809265137,11.449999809265137,11.449999809265137,0,0.0,0.0
2023-12-19 00:00:00-05:00,11.380000114440918,11.979999542236328,11.380000114440918,11.380000114440918,15100,0.0,0.0
2023-12-20 00:00:00-05:00,11.449999809265137,11.460000038146973,11.4350004196167,11.460000038146973,37000,0.0,0.0
2023-12-21 00:00:00-05:00,11.430000305175781,11.430000305175781,11.430000305175781,11.430000305175781,400,0.0,0.0
2023-12-22 00:00:00-05:00,11.430000305175781,11.430000305175781,11.430000305175781,11.430000305175781,0,0.0,0.0
2023-12-26 00:00:00-05:00,11.414999961853027,11.449999809265137,11.414999961853027,11.449999809265137,600,0.0,0.0
2023-12-27 00:00:00-05:00,11.401000022888184,11.401000022888184,11.399999618530273,11.399999618530273,800,0.0,0.0
2023-12-28 00:00:00-05:00,11.449999809265137,11.449999809265137,11.449999809265137,11.449999809265137,500,0.0,0.0
2023-12-29 00:00:00-05:00,11.449999809265137,11.449999809265137,11.449999809265137,11.449999809265137,0,0.0,0.0
2024-01-02 00:00:00-05:00,11.449999809265137,11.449999809265137,11.449999809265137,11.449999809265137,0,0.0,0.0
2024-01-03 00:00:00-05:00,11.449999809265137,11.449999809265137,11.449999809265137,11.449999809265137,0,0.0,0.0
2024-01-04 00:00:00-05:00,11.449999809265137,11.449999809265137,11.449999809265137,11.449999809265137,0,0.0,0.0
2024-01-05 00:00:00-05:00,11.449999809265137,11.449999809265137,11.449999809265137,11.449999809265137,0,0.0,0.0
2024-01-08 00:00:00-05:00,11.600000381469727,11.600000381469727,11.524999618530273,11.524999618530273,1600,0.0,0.0
2024-01-09 00:00:00-05:00,11.524999618530273,11.524999618530273,11.524999618530273,11.524999618530273,500,0.0,0.0
2024-01-10 00:00:00-05:00,11.524999618530273,11.524999618530273,11.524999618530273,11.524999618530273,0,0.0,0.0
2024-01-11 00:00:00-05:00,11.524999618530273,11.524999618530273,11.524999618530273,11.524999618530273,0,0.0,0.0
2024-01-12 00:00:00-05:00,11.524999618530273,11.524999618530273,11.524999618530273,11.524999618530273,0,0.0,0.0
2024-01-16 00:00:00-05:00,11.524999618530273,11.524999618530273,11.524999618530273,11.524999618530273,0,0.0,0.0
2024-01-17 00:00:00-05:00,11.524999618530273,11.524999618530273,11.524999618530273,11.524999618530273,0,0.0,0.0
2024-01-18 00:00:00-05:00,11.489999771118164,11.510000228881836,11.489999771118164,11.510000228881836,800,0.0,0.0
2024-01-19 00:00:00-05:00,11.510000228881836,11.510000228881836,11.510000228881836,11.510000228881836,0,0.0,0.0
2024-01-22 00:00:00-05:00,11.510000228881836,11.510000228881836,11.510000228881836,11.510000228881836,0,0.0,0.0
2024-01-23 00:00:00-05:00,11.510000228881836,11.510000228881836,11.510000228881836,11.510000228881836,0,0.0,0.0
2024-01-24 00:00:00-05:00,11.510000228881836,11.510000228881836,11.510000228881836,11.510000228881836,0,0.0,0.0
2024-01-25 00:00:00-05:00,11.640000343322754,11.649999618530273,11.640000343322754,11.649999618530273,1400,0.0,0.0
2024-01-26 00:00:00-05:00,11.649999618530273,11.649999618530273,11.649999618530273,11.649999618530273,100,0.0,0.0
2024-01-29 00:00:00-05:00,11.649999618530273,11.649999618530273,11.649999618530273,11.649999618530273,0,0.0,0.0
2024-01-30 00:00:00-05:00,11.649999618530273,11.649999618530273,11.649999618530273,11.649999618530273,0,0.0,0.0
2024-01-31 00:00:00-05:00,11.649999618530273,11.649999618530273,11.649999618530273,11.649999618530273,0,0.0,0.0
2024-02-01 00:00:00-05:00,11.520000457763672,11.520000457763672,11.520000457763672,11.520000457763672,127600,0.0,0.0
2024-02-02 00:00:00-05:00,11.520000457763672,11.520000457763672,11.520000457763672,11.520000457763672,0,0.0,0.0
2024-02-05 00:00:00-05:00,11.520000457763672,11.520000457763672,11.520000457763672,11.520000457763672,0,0.0,0.0
2024-02-06 00:00:00-05:00,11.520000457763672,11.520000457763672,11.520000457763672,11.520000457763672,0,0.0,0.0
2024-02-07 00:00:00-05:00,11.520000457763672,11.520000457763672,11.520000457763672,11.520000457763672,0,0.0,0.0
2024-02-08 00:00:00-05:00,11.699999809265137,11.699999809265137,11.699999809265137,11.699999809265137,200,0.0,0.0
2024-02-09 00:00:00-05:00,11.720000267028809,11.850000381469727,11.380000114440918,11.380000114440918,4300,0.0,0.0
2024-02-12 00:00:00-05:00,11.380000114440918,11.380000114440918,11.380000114440918,11.380000114440918,0,0.0,0.0
2024-02-13 00:00:00-05:00,11.380000114440918,11.380000114440918,11.380000114440918,11.380000114440918,0,0.0,0.0
2024-02-14 00:00:00-05:00,11.645000457763672,11.800000190734863,11.505999565124512,11.800000190734863,7600,0.0,0.0
2024-02-15 00:00:00-05:00,11.850000381469727,11.850000381469727,11.821999549865723,11.850000381469727,1300,0.0,0.0
2024-02-16 00:00:00-05:00,11.800000190734863,11.800000190734863,11.645000457763672,11.645000457763672,500,0.0,0.0
2024-02-20 00:00:00-05:00,11.645000457763672,11.645000457763672,11.645000457763672,11.645000457763672,0,0.0,0.0
2024-02-21 00:00:00-05:00,11.645000457763672,11.645000457763672,11.645000457763672,11.645000457763672,0,0.0,0.0
2024-02-22 00:00:00-05:00,11.645000457763672,11.645000457763672,11.645000457763672,11.645000457763672,0,0.0,0.0
2024-02-23 00:00:00-05:00,11.899999618530273,11.899999618530273,11.899999618530273,11.899999618530273,500,0.0,0.0
2024-02-26 00:00:00-05:00,11.899999618530273,11.899999618530273,11.899999618530273,11.899999618530273,100,0.0,0.0
2024-02-27 00:00:00-05:00,11.899999618530273,11.899999618530273,11.899999618530273,11.899999618530273,0,0.0,0.0
2024-02-28 00:00:00-05:00,11.899999618530273,11.899999618530273,11.899999618530273,11.899999618530273,0,0.0,0.0
2024-02-29 00:00:00-05:00,11.899999618530273,11.899999618530273,11.899999618530273,11.899999618530273,0,0.0,0.0
2024-03-01 00:00:00-05:00,11.899999618530273,11.899999618530273,11.899999618530273,11.899999618530273,0,0.0,0.0
2024-03-04 00:00:00-05:00,11.600000381469727,11.600000381469727,11.600000381469727,11.600000381469727,300,0.0,0.0
2024-03-05 00:00:00-05:00,11.600000381469727,11.600000381469727,11.600000381469727,11.600000381469727,100,0.0,0.0
2024-03-06 00:00:00-05:00,11.600000381469727,11.600000381469727,11.600000381469727,11.600000381469727,200,0.0,0.0
2024-03-07 00:00:00-05:00,11.600000381469727,11.600000381469727,11.600000381469727,11.600000381469727,0,0.0,0.0
2024-03-08 00:00:00-05:00,11.600000381469727,11.600000381469727,11.600000381469727,11.600000381469727,0,0.0,0.0
2024-03-11 00:00:00-04:00,11.470000267028809,11.470000267028809,11.470000267028809,11.470000267028809,200,0.0,0.0
2024-03-12 00:00:00-04:00,11.5,11.5,11.5,11.5,100,0.0,0.0
2024-03-13 00:00:00-04:00,11.470000267028809,11.470000267028809,11.470000267028809,11.470000267028809,100,0.0,0.0
2024-03-14 00:00:00-04:00,11.470000267028809,11.470000267028809,11.470000267028809,11.470000267028809,200,0.0,0.0
2024-03-15 00:00:00-04:00,11.470000267028809,11.470000267028809,11.470000267028809,11.470000267028809,100,0.0,0.0
2024-03-18 00:00:00-04:00,11.470000267028809,11.470000267028809,11.470000267028809,11.470000267028809,100,0.0,0.0
2024-03-19 00:00:00-04:00,11.489999771118164,11.489999771118164,11.489999771118164,11.489999771118164,100,0.0,0.0
2024-03-20 00:00:00-04:00,11.489999771118164,11.489999771118164,11.489999771118164,11.489999771118164,0,0.0,0.0
2024-03-21 00:00:00-04:00,11.470000267028809,11.470000267028809,11.460000038146973,11.470000267028809,500,0.0,0.0
2024-03-22 00:00:00-04:00,11.470000267028809,11.470000267028809,11.470000267028809,11.470000267028809,0,0.0,0.0
2024-03-25 00:00:00-04:00,11.470000267028809,11.470000267028809,11.470000267028809,11.470000267028809,0,0.0,0.0
2024-03-26 00:00:00-04:00,11.470000267028809,11.470000267028809,11.470000267028809,11.470000267028809,0,0.0,0.0
2024-03-27 00:00:00-04:00,11.470000267028809,11.470000267028809,11.470000267028809,11.470000267028809,0,0.0,0.0
2024-03-28 00:00:00-04:00,11.470000267028809,11.470000267028809,11.470000267028809,11.470000267028809,0,0.0,0.0
2024-04-01 00:00:00-04:00,11.470000267028809,11.470000267028809,11.470000267028809,11.470000267028809,0,0.0,0.0
2024-04-02 00:00:00-04:00,11.4399995803833,11.4399995803833,11.4399995803833,11.4399995803833,100,0.0,0.0
2024-04-03 00:00:00-04:00,11.4399995803833,11.4399995803833,11.4399995803833,11.4399995803833,0,0.0,0.0
2024-04-04 00:00:00-04:00,11.4399995803833,11.4399995803833,11.4399995803833,11.4399995803833,0,0.0,0.0
2024-04-05 00:00:00-04:00,11.4399995803833,11.4399995803833,11.4399995803833,11.4399995803833,100,0.0,0.0
2024-04-08 00:00:00-04:00,11.5,11.5,11.5,11.5,100,0.0,0.0
2024-04-09 00:00:00-04:00,11.680000305175781,11.779999732971191,11.654999732971191,11.779999732971191,12400,0.0,0.0
2024-04-10 00:00:00-04:00,11.779999732971191,11.779999732971191,11.779999732971191,11.779999732971191,0,0.0,0.0
2024-04-11 00:00:00-04:00,11.779999732971191,11.779999732971191,11.779999732971191,11.779999732971191,0,0.0,0.0
2024-04-12 00:00:00-04:00,11.789999961853027,11.789999961853027,11.789999961853027,11.789999961853027,9200,0.0,0.0
2024-04-15 00:00:00-04:00,11.5,11.800000190734863,11.5,11.800000190734863,1000,0.0,0.0
2024-04-16 00:00:00-04:00,11.800000190734863,11.800000190734863,11.800000190734863,11.800000190734863,0,0.0,0.0
2024-04-17 00:00:00-04:00,11.699999809265137,11.800000190734863,11.699999809265137,11.800000190734863,81700,0.0,0.0
2024-04-18 00:00:00-04:00,11.800000190734863,11.800000190734863,11.800000190734863,11.800000190734863,0,0.0,0.0
2024-04-19 00:00:00-04:00,11.800000190734863,11.800000190734863,11.670000076293945,11.800000190734863,1300,0.0,0.0
2024-04-22 00:00:00-04:00,11.850000381469727,11.880000114440918,11.800000190734863,11.880000114440918,12100,0.0,0.0
2024-04-23 00:00:00-04:00,11.850000381469727,11.850000381469727,11.850000381469727,11.850000381469727,200,0.0,0.0
2024-04-24 00:00:00-04:00,11.850000381469727,11.850000381469727,11.850000381469727,11.850000381469727,0,0.0,0.0
2024-04-25 00:00:00-04:00,11.819999694824219,11.819999694824219,11.819999694824219,11.819999694824219,100,0.0,0.0
2024-04-26 00:00:00-04:00,11.819999694824219,11.850000381469727,11.819999694824219,11.850000381469727,10100,0.0,0.0
2024-04-29 00:00:00-04:00,11.850000381469727,11.850000381469727,11.850000381469727,11.850000381469727,0,0.0,0.0
2024-04-30 00:00:00-04:00,11.850000381469727,11.869999885559082,11.819999694824219,11.850000381469727,3500,0.0,0.0
2024-05-01 00:00:00-04:00,11.850000381469727,11.850000381469727,11.850000381469727,11.850000381469727,0,0.0,0.0
2024-05-02 00:00:00-04:00,11.850000381469727,11.850000381469727,11.850000381469727,11.850000381469727,0,0.0,0.0
2024-05-03 00:00:00-04:00,11.850000381469727,11.850000381469727,11.850000381469727,11.850000381469727,18100,0.0,0.0
2024-05-06 00:00:00-04:00,11.869999885559082,11.869999885559082,11.869999885559082,11.869999885559082,100,0.0,0.0
2024-05-07 00:00:00-04:00,11.869999885559082,13.0600004196167,11.829999923706055,11.890000343322754,30800,0.0,0.0
2024-05-08 00:00:00-04:00,11.890000343322754,11.890000343322754,11.890000343322754,11.890000343322754,0,0.0,0.0
2024-05-09 00:00:00-04:00,11.890000343322754,11.890000343322754,11.890000343322754,11.890000343322754,49200,0.0,0.0
2024-05-10 00:00:00-04:00,11.890000343322754,11.890000343322754,11.890000343322754,11.890000343322754,200,0.0,0.0
2024-05-13 00:00:00-04:00,11.920000076293945,11.920000076293945,11.920000076293945,11.920000076293945,100,0.0,0.0
2024-05-14 00:00:00-04:00,11.920000076293945,11.920000076293945,11.920000076293945,11.920000076293945,0,0.0,0.0
2024-05-15 00:00:00-04:00,11.920000076293945,11.920000076293945,11.920000076293945,11.920000076293945,100,0.0,0.0
2024-05-16 00:00:00-04:00,11.890000343322754,11.890000343322754,11.890000343322754,11.890000343322754,600,0.0,0.0
2024-05-17 00:00:00-04:00,11.979999542236328,11.979999542236328,11.979999542236328,11.979999542236328,200,0.0,0.0
2024-05-20 00:00:00-04:00,11.930000305175781,12.0,11.890000343322754,12.0,1700,0.0,0.0
2024-05-21 00:00:00-04:00,12.0,12.0,12.0,12.0,0,0.0,0.0
2024-05-22 00:00:00-04:00,12.0,12.0,12.0,12.0,0,0.0,0.0
2024-05-23 00:00:00-04:00,12.0,12.0,12.0,12.0,0,0.0,0.0
2024-05-24 00:00:00-04:00,12.0,12.0,12.0,12.0,0,0.0,0.0
2024-05-28 00:00:00-04:00,12.0,12.0,12.0,12.0,100,0.0,0.0
2024-05-29 00:00:00-04:00,12.0,12.0,12.0,12.0,0,0.0,0.0
2024-05-30 00:00:00-04:00,12.0,12.0,12.0,12.0,100,0.0,0.0
2024-05-31 00:00:00-04:00,11.989999771118164,12.050000190734863,11.989999771118164,12.039999961853027,10800,0.0,0.0
2024-06-03 00:00:00-04:00,12.0,12.020000457763672,12.0,12.020000457763672,85300,0.0,0.0
2024-06-04 00:00:00-04:00,12.020000457763672,12.020000457763672,12.020000457763672,12.020000457763672,0,0.0,0.0
2024-06-05 00:00:00-04:00,12.0,12.0,12.0,12.0,1000,0.0,0.0
2024-06-06 00:00:00-04:00,12.050000190734863,12.050000190734863,12.0,12.0,600,0.0,0.0
2024-06-07 00:00:00-04:00,12.0,12.0,12.0,12.0,0,0.0,0.0
2024-06-10 00:00:00-04:00,12.050000190734863,12.050000190734863,12.050000190734863,12.050000190734863,100,0.0,0.0
2024-06-11 00:00:00-04:00,12.050000190734863,12.050000190734863,12.050000190734863,12.050000190734863,0,0.0,0.0
2024-06-12 00:00:00-04:00,12.050000190734863,12.050000190734863,12.050000190734863,12.050000190734863,0,0.0,0.0
2024-06-13 00:00:00-04:00,12.050000190734863,12.050000190734863,12.050000190734863,12.050000190734863,0,0.0,0.0
2024-06-14 00:00:00-04:00,12.029999732971191,12.029999732971191,12.029999732971191,12.029999732971191,25000,0.0,0.0
2024-06-17 00:00:00-04:00,12.0,12.0,12.0,12.0,11200,0.0,0.0
2024-06-18 00:00:00-04:00,11.960000038146973,12.0,11.960000038146973,12.0,600,0.0,0.0
2024-06-20 00:00:00-04:00,12.0,12.0,12.0,12.0,0,0.0,0.0
2024-06-21 00:00:00-04:00,12.029999732971191,12.100000381469727,12.0,12.0,5200,0.0,0.0
2024-06-24 00:00:00-04:00,12.0,12.050000190734863,12.0,12.050000190734863,59000,0.0,0.0
2024-06-25 00:00:00-04:00,12.050000190734863,12.050000190734863,12.050000190734863,12.050000190734863,0,0.0,0.0
2024-06-26 00:00:00-04:00,12.199999809265137,12.199999809265137,12.199999809265137,12.199999809265137,100,0.0,0.0
2024-06-27 00:00:00-04:00,12.050000190734863,12.069999694824219,12.050000190734863,12.069999694824219,500,0.0,0.0
2024-06-28 00:00:00-04:00,11.960000038146973,12.079999923706055,11.949999809265137,12.079999923706055,1800,0.0,0.0
2024-07-01 00:00:00-04:00,12.079999923706055,12.079999923706055,12.079999923706055,12.079999923706055,75100,0.0,0.0
2024-07-02 00:00:00-04:00,12.079999923706055,12.079999923706055,12.079999923706055,12.079999923706055,500,0.0,0.0
2024-07-03 00:00:00-04:00,12.079999923706055,12.079999923706055,12.079999923706055,12.079999923706055,0,0.0,0.0
2024-07-05 00:00:00-04:00,12.079999923706055,12.079999923706055,12.079999923706055,12.079999923706055,0,0.0,0.0
2024-07-08 00:00:00-04:00,12.079999923706055,12.079999923706055,12.079999923706055,12.079999923706055,0,0.0,0.0
2024-07-09 00:00:00-04:00,12.079999923706055,12.079999923706055,12.079999923706055,12.079999923706055,0,0.0,0.0
2024-07-10 00:00:00-04:00,12.100000381469727,12.100000381469727,12.100000381469727,12.100000381469727,1100,0.0,0.0
2024-07-11 00:00:00-04:00,12.100000381469727,12.100000381469727,12.100000381469727,12.100000381469727,0,0.0,0.0
2024-07-12 00:00:00-04:00,12.0,12.0,12.0,12.0,37000,0.0,0.0
2024-07-15 00:00:00-04:00,12.0,12.0,12.0,12.0,0,0.0,0.0
2024-07-16 00:00:00-04:00,12.0,12.0,12.0,12.0,0,0.0,0.0
2024-07-17 00:00:00-04:00,12.0,12.0,12.0,12.0,0,0.0,0.0
2024-07-18 00:00:00-04:00,12.0,12.0,12.0,12.0,0,0.0,0.0
2024-07-19 00:00:00-04:00,12.0,12.0,12.0,12.0,0,0.0,0.0
2024-07-22 00:00:00-04:00,12.079999923706055,12.079999923706055,12.079999923706055,12.079999923706055,100,0.0,0.0
2024-07-23 00:00:00-04:00,12.069999694824219,12.069999694824219,12.069999694824219,12.069999694824219,100,0.0,0.0
2024-07-24 00:00:00-04:00,12.100000381469727,12.109999656677246,12.079999923706055,12.079999923706055,2200,0.0,0.0
2024-07-25 00:00:00-04:00,12.079999923706055,12.079999923706055,12.079999923706055,12.079999923706055,0,0.0,0.0
2024-07-26 00:00:00-04:00,12.079999923706055,12.079999923706055,12.079999923706055,12.079999923706055,0,0.0,0.0
2024-07-29 00:00:00-04:00,12.079999923706055,12.079999923706055,12.079999923706055,12.079999923706055,0,0.0,0.0
2024-07-30 00:00:00-04:00,12.079999923706055,12.079999923706055,12.079999923706055,12.079999923706055,0,0.0,0.0
2024-07-31 00:00:00-04:00,12.100000381469727,12.100000381469727,12.100000381469727,12.100000381469727,100,0.0,0.0
2024-08-01 00:00:00-04:00,12.109999656677246,12.109999656677246,12.109999656677246,12.109999656677246,100,0.0,0.0
2024-08-02 00:00:00-04:00,12.1899995803833,14.0,12.100000381469727,12.5,3000,0.0,0.0
2024-08-05 00:00:00-04:00,12.300000190734863,12.989999771118164,12.289999961853027,12.75,5200,0.0,0.0
2024-08-06 00:00:00-04:00,12.75,12.75,12.75,12.75,0,0.0,0.0
2024-08-07 00:00:00-04:00,12.300000190734863,12.300000190734863,12.300000190734863,12.300000190734863,400,0.0,0.0
2024-08-08 00:00:00-04:00,12.300000190734863,12.300000190734863,12.300000190734863,12.300000190734863,0,0.0,0.0
2024-08-09 00:00:00-04:00,12.300000190734863,12.300000190734863,12.300000190734863,12.300000190734863,0,0.0,0.0
2024-08-12 00:00:00-04:00,13.170000076293945,13.5,12.5,12.640000343322754,6800,0.0,0.0
2024-08-13 00:00:00-04:00,12.550000190734863,12.550000190734863,12.550000190734863,12.550000190734863,300,0.0,0.0
2024-08-14 00:00:00-04:00,12.550000190734863,12.550000190734863,12.550000190734863,12.550000190734863,0,0.0,0.0
2024-08-15 00:00:00-04:00,13.25,13.25,13.199999809265137,13.199999809265137,500,0.0,0.0
2024-08-16 00:00:00-04:00,13.109999656677246,13.399999618530273,13.050000190734863,13.34000015258789,4600,0.0,0.0
2024-08-19 00:00:00-04:00,13.1850004196167,13.1850004196167,13.1850004196167,13.1850004196167,300,0.0,0.0
2024-08-20 00:00:00-04:00,13.229999542236328,13.25,12.5,12.5,2500,0.0,0.0
2024-08-21 00:00:00-04:00,12.699999809265137,12.699999809265137,12.010000228881836,12.479999542236328,1500,0.0,0.0
2024-08-22 00:00:00-04:00,12.25,12.25,12.100000381469727,12.199999809265137,1900,0.0,0.0
2024-08-23 00:00:00-04:00,12.600000381469727,12.739999771118164,12.0,12.699999809265137,2700,0.0,0.0
2024-08-26 00:00:00-04:00,12.199999809265137,12.199999809265137,12.010000228881836,12.010000228881836,400,0.0,0.0
2024-08-27 00:00:00-04:00,12.079999923706055,12.5,12.079999923706055,12.4399995803833,11000,0.0,0.0
2024-08-28 00:00:00-04:00,12.300000190734863,12.300000190734863,12.100000381469727,12.100000381469727,900,0.0,0.0
2024-08-29 00:00:00-04:00,12.15999984741211,12.25,12.15999984741211,12.25,4300,0.0,0.0
2024-08-30 00:00:00-04:00,12.25,12.25,12.25,12.25,0,0.0,0.0
2024-09-03 00:00:00-04:00,12.09000015258789,12.220000267028809,11.98900032043457,12.1899995803833,5100,0.0,0.0
2024-09-04 00:00:00-04:00,11.40999984741211,12.199999809265137,11.40999984741211,12.199999809265137,800,0.0,0.0
2024-09-05 00:00:00-04:00,12.210000038146973,12.210000038146973,12.210000038146973,12.210000038146973,400,0.0,0.0
2024-09-06 00:00:00-04:00,12.069999694824219,12.069999694824219,12.050000190734863,12.050000190734863,200,0.0,0.0
2024-09-09 00:00:00-04:00,12.1899995803833,12.220000267028809,12.050000190734863,12.220000267028809,2000,0.0,0.0
2024-09-10 00:00:00-04:00,12.220000267028809,12.220000267028809,12.220000267028809,12.220000267028809,0,0.0,0.0
2024-09-11 00:00:00-04:00,12.220000267028809,12.220000267028809,12.220000267028809,12.220000267028809,700,0.0,0.0
2024-09-12 00:00:00-04:00,12.300000190734863,12.329999923706055,12.300000190734863,12.329999923706055,2100,0.0,0.0
2024-09-13 00:00:00-04:00,23.979999542236328,55.279998779296875,17.350000381469727,37.0,205200,0.0,0.0
2024-09-16 00:00:00-04:00,37.0,37.0,37.0,37.0,0,0.0,0.0
2024-09-17 00:00:00-04:00,37.0,37.0,37.0,37.0,0,0.0,0.0
2024-09-18 00:00:00-04:00,37.0,37.0,37.0,37.0,0,0.0,0.0
2024-09-19 00:00:00-04:00,37.0,37.0,37.0,37.0,0,0.0,0.0
2024-09-20 00:00:00-04:00,37.0,37.0,37.0,37.0,0,0.0,0.0
2024-09-23 00:00:00-04:00,37.0,37.0,37.0,37.0,0,0.0,0.0
2024-09-24 00:00:00-04:00,37.0,37.0,37.0,37.0,0,0.0,0.0
2024-09-25 00:00:00-04:00,37.0,37.0,37.0,37.0,0,0.0,0.0
2024-09-26 00:00:00-04:00,37.0,37.0,37.0,37.0,0,0.0,0.0
2024-09-27 00:00:00-04:00,37.0,37.0,37.0,37.0,0,0.0,0.0
2024-09-30 00:00:00-04:00,37.0,37.0,37.0,37.0,0,0.0,0.0
2024-10-01 00:00:00-04:00,37.0,37.0,37.0,37.0,0,0.0,0.0
2024-10-02 00:00:00-04:00,37.0,37.0,37.0,37.0,0,0.0,0.0
2024-10-03 00:00:00-04:00,37.0,37.0,37.0,37.0,0,0.0,0.0
2024-10-04 00:00:00-04:00,37.0,37.0,37.0,37.0,0,0.0,0.0
2024-10-07 00:00:00-04:00,37.0,37.0,37.0,37.0,0,0.0,0.0
2024-10-08 00:00:00-04:00,37.0,37.0,37.0,37.0,0,0.0,0.0
2024-10-09 00:00:00-04:00,37.0,37.0,37.0,37.0,0,0.0,0.0
2024-10-10 00:00:00-04:00,37.0,37.0,37.0,37.0,0,0.0,0.0
2024-10-11 00:00:00-04:00,37.0,37.0,37.0,37.0,0,0.0,0.0
2024-10-14 00:00:00-04:00,37.0,37.0,37.0,37.0,0,0.0,0.0
2024-10-15 00:00:00-04:00,37.0,37.0,37.0,37.0,0,0.0,0.0
2024-10-16 00:00:00-04:00,37.0,37.0,37.0,37.0,0,0.0,0.0
2024-10-17 00:00:00-04:00,37.0,37.0,37.0,37.0,0,0.0,0.0
2024-10-18 00:00:00-04:00,37.0,37.0,37.0,37.0,0,0.0,0.0
2024-10-21 00:00:00-04:00,37.0,37.0,37.0,37.0,0,0.0,0.0
2024-10-22 00:00:00-04:00,37.0,37.0,37.0,37.0,0,0.0,0.0
2024-10-23 00:00:00-04:00,37.0,37.0,37.0,37.0,0,0.0,0.0
2024-10-24 00:00:00-04:00,37.0,37.0,37.0,37.0,0,0.0,0.0
2024-10-25 00:00:00-04:00,37.0,37.0,37.0,37.0,0,0.0,0.0
2024-10-28 00:00:00-04:00,37.0,37.0,37.0,37.0,0,0.0,0.0
2024-10-29 00:00:00-04:00,37.0,37.0,37.0,37.0,0,0.0,0.0
2024-10-30 00:00:00-04:00,37.0,37.0,37.0,37.0,0,0.0,0.0
2024-10-31 00:00:00-04:00,37.0,37.0,37.0,37.0,0,0.0,0.0
2024-11-01 00:00:00-04:00,37.0,37.0,37.0,37.0,0,0.0,0.0
2024-11-04 00:00:00-05:00,37.0,37.0,37.0,37.0,0,0.0,0.0
2024-11-05 00:00:00-05:00,37.0,37.0,37.0,37.0,0,0.0,0.0
2024-11-06 00:00:00-05:00,37.0,37.0,37.0,37.0,0,0.0,0.0
2024-11-07 00:00:00-05:00,37.0,37.0,37.0,37.0,0,0.0,0.0
2024-11-08 00:00:00-05:00,37.0,37.0,37.0,37.0,0,0.0,0.0
2024-11-11 00:00:00-05:00,37.0,37.0,37.0,37.0,0,0.0,0.0
2024-11-12 00:00:00-05:00,37.0,37.0,37.0,37.0,0,0.0,0.0
2024-11-13 00:00:00-05:00,37.0,37.0,37.0,37.0,0,0.0,0.0
2024-11-14 00:00:00-05:00,37.0,37.0,37.0,37.0,0,0.0,0.0
2024-11-15 00:00:00-05:00,37.0,37.0,37.0,37.0,0,0.0,0.0
2024-11-18 00:00:00-05:00,37.0,37.0,37.0,37.0,0,0.0,0.0
2024-11-19 00:00:00-05:00,37.0,37.0,37.0,37.0,0,0.0,0.0
2024-11-20 00:00:00-05:00,3.2899999618530273,5.25,2.7799999713897705,3.759999990463257,1132600,0.0,0.0
2024-11-21 00:00:00-05:00,4.510000228881836,4.75,3.259999990463257,4.190000057220459,4946500,0.0,0.0
2024-11-22 00:00:00-05:00,3.7100000381469727,3.821000099182129,3.0,3.0899999141693115,313500,0.0,0.0
2024-11-25 00:00:00-05:00,3.0899999141693115,3.0899999141693115,2.190000057220459,2.4600000381469727,276600,0.0,0.0
2024-11-26 00:00:00-05:00,2.2799999713897705,2.2799999713897705,1.850000023841858,2.1600000858306885,161000,0.0,0.0
2024-11-27 00:00:00-05:00,2.140000104904175,2.299999952316284,1.7109999656677246,1.784999966621399,235300,0.0,0.0
2024-11-29 00:00:00-05:00,1.7200000286102295,1.9500000476837158,1.7200000286102295,1.850000023841858,51900,0.0,0.0
2024-12-02 00:00:00-05:00,1.7599999904632568,1.7899999618530273,1.6200000047683716,1.6779999732971191,68000,0.0,0.0
2024-12-03 00:00:00-05:00,1.6200000047683716,1.7000000476837158,1.5110000371932983,1.684999942779541,40500,0.0,0.0
2024-12-04 00:00:00-05:00,1.7000000476837158,1.75,1.6200000047683716,1.6299999952316284,23100,0.0,0.0
2024-12-05 00:00:00-05:00,1.6200000047683716,1.6200000047683716,1.375,1.4320000410079956,59700,0.0,0.0
2024-12-06 00:00:00-05:00,1.4199999570846558,1.6200000047683716,1.3799999952316284,1.5,60800,0.0,0.0
2024-12-09 00:00:00-05:00,1.4900000095367432,1.6699999570846558,1.4809999465942383,1.6540000438690186,41200,0.0,0.0
2024-12-10 00:00:00-05:00,1.6200000047683716,1.7929999828338623,1.6200000047683716,1.7400000095367432,637400,0.0,0.0
2024-12-11 00:00:00-05:00,1.7400000095367432,2.380000114440918,1.690999984741211,2.0999999046325684,260300,0.0,0.0
2024-12-12 00:00:00-05:00,1.9700000286102295,2.0,1.7109999656677246,1.8700000047683716,73400,0.0,0.0
2024-12-13 00:00:00-05:00,1.7000000476837158,1.8300000429153442,1.5299999713897705,1.7400000095367432,108900,0.0,0.0
2024-12-16 00:00:00-05:00,1.7000000476837158,1.7799999713897705,1.6200000047683716,1.6699999570846558,35500,0.0,0.0
2024-12-17 00:00:00-05:00,1.6200000047683716,1.7000000476837158,1.5299999713897705,1.649999976158142,23400,0.0,0.0
2024-12-18 00:00:00-05:00,1.7020000219345093,1.75,1.559999942779541,1.5800000429153442,36400,0.0,0.0
2024-12-19 00:00:00-05:00,1.5499999523162842,2.1500000953674316,1.5499999523162842,2.059999942779541,267300,0.0,0.0
2024-12-20 00:00:00-05:00,1.9199999570846558,2.0999999046325684,1.899999976158142,1.9700000286102295,39200,0.0,0.0
2024-12-23 00:00:00-05:00,2.0280001163482666,2.299999952316284,1.9700000286102295,2.265000104904175,61600,0.0,0.0
2024-12-24 00:00:00-05:00,2.2899999618530273,2.619999885559082,2.200000047683716,2.4100000858306885,50900,0.0,0.0
2024-12-26 00:00:00-05:00,2.505000114440918,2.5759999752044678,2.25,2.319999933242798,123700,0.0,0.0
2024-12-27 00:00:00-05:00,2.380000114440918,2.700000047683716,2.1500000953674316,2.25,105500,0.0,0.0
2024-12-30 00:00:00-05:00,2.390000104904175,2.4800000190734863,2.180000066757202,2.3299999237060547,68200,0.0,0.0
2024-12-31 00:00:00-05:00,2.259999990463257,2.5799999237060547,2.181999921798706,2.549999952316284,52100,0.0,0.0
2025-01-02 00:00:00-05:00,2.5299999713897705,2.5299999713897705,2.3499999046325684,2.4700000286102295,31800,0.0,0.0
2025-01-03 00:00:00-05:00,2.4100000858306885,2.4820001125335693,2.309999942779541,2.430000066757202,52100,0.0,0.0
2025-01-06 00:00:00-05:00,2.359999895095825,2.5,2.25,2.2850000858306885,80300,0.0,0.0
2025-01-07 00:00:00-05:00,2.299999952316284,2.3499999046325684,2.1500000953674316,2.2209999561309814,38400,0.0,0.0
2025-01-08 00:00:00-05:00,2.2100000381469727,2.4700000286102295,2.059999942779541,2.0999999046325684,24000,0.0,0.0
2025-01-10 00:00:00-05:00,2.1700000762939453,2.187000036239624,2.0199999809265137,2.0999999046325684,15300,0.0,0.0
2025-01-13 00:00:00-05:00,2.059999942779541,2.200000047683716,1.8600000143051147,2.140000104904175,52200,0.0,0.0
2025-01-14 00:00:00-05:00,2.1050000190734863,2.259999990463257,2.069999933242798,2.130000114440918,60700,0.0,0.0
2025-01-15 00:00:00-05:00,2.119999885559082,2.174999952316284,2.0199999809265137,2.0999999046325684,14500,0.0,0.0
2025-01-16 00:00:00-05:00,2.049999952316284,2.2300000190734863,2.0199999809265137,2.0480000972747803,32900,0.0,0.0
2025-01-17 00:00:00-05:00,2.109999895095825,2.109999895095825,2.0199999809265137,2.059999942779541,16400,0.0,0.0
2025-01-21 00:00:00-05:00,2.0399999618530273,2.1730000972747803,2.0399999618530273,2.1549999713897705,27800,0.0,0.0
2025-01-22 00:00:00-05:00,2.0899999141693115,2.194999933242798,2.059999942779541,2.0999999046325684,10500,0.0,0.0
2025-01-23 00:00:00-05:00,2.0799999237060547,2.236999988555908,2.049999952316284,2.0799999237060547,24000,0.0,0.0
2025-01-24 00:00:00-05:00,2.0799999237060547,2.13700008392334,2.0399999618530273,2.109999895095825,9100,0.0,0.0
2025-01-27 00:00:00-05:00,2.0199999809265137,2.094399929046631,2.009999990463257,2.009999990463257,15123,0.0,0.0
