Date,Open,High,Low,Close,Volume,Dividends,Stock Splits
2022-01-03 00:00:00-05:00,42.5,43.5,40.525001525878906,42.5,7608,0.0,0.0
2022-01-04 00:00:00-05:00,41.75,45.0,40.5,44.0,11400,0.0,0.0
2022-01-05 00:00:00-05:00,44.5,44.5,39.5,40.0,5788,0.0,0.0
2022-01-06 00:00:00-05:00,39.75,40.75,38.0,39.5,3512,0.0,0.0
2022-01-07 00:00:00-05:00,39.0,43.25,38.0,39.5,16184,0.0,0.0
2022-01-10 00:00:00-05:00,39.04999923706055,39.875,36.25,37.25,6100,0.0,0.0
2022-01-11 00:00:00-05:00,37.75,38.75,36.25,37.5,2972,0.0,0.0
2022-01-12 00:00:00-05:00,38.0,38.29999923706055,36.25,37.25,4064,0.0,0.0
2022-01-13 00:00:00-05:00,37.0,37.5,35.25,36.25,2752,0.0,0.0
2022-01-14 00:00:00-05:00,35.25,35.67499923706055,33.75,33.75,4692,0.0,0.0
2022-01-18 00:00:00-05:00,34.0,34.75,31.25,31.5,2500,0.0,0.0
2022-01-19 00:00:00-05:00,31.875,32.5,30.5,31.5,2384,0.0,0.0
2022-01-20 00:00:00-05:00,32.0,34.0,31.75,31.75,2900,0.0,0.0
2022-01-21 00:00:00-05:00,31.75,32.5,30.0,30.75,2612,0.0,0.0
2022-01-24 00:00:00-05:00,28.75,31.5,27.5,30.5,4508,0.0,0.0
2022-01-25 00:00:00-05:00,30.0,31.475000381469727,28.774999618530273,31.450000762939453,1044,0.0,0.0
2022-01-26 00:00:00-05:00,32.25,32.75,28.75,30.25,1972,0.0,0.0
2022-01-27 00:00:00-05:00,31.5,31.5,27.5,27.975000381469727,1780,0.0,0.0
2022-01-28 00:00:00-05:00,29.5,29.5,27.5,27.75,9624,0.0,0.0
2022-01-31 00:00:00-05:00,29.75,30.0,28.0,29.5,3696,0.0,0.0
2022-02-01 00:00:00-05:00,29.5,32.5,28.799999237060547,32.5,3256,0.0,0.0
2022-02-02 00:00:00-05:00,32.599998474121094,37.25,32.5,35.25,9676,0.0,0.0
2022-02-03 00:00:00-05:00,35.0,35.0,30.25,31.25,5432,0.0,0.0
2022-02-04 00:00:00-05:00,31.5,32.474998474121094,30.274999618530273,32.0,768,0.0,0.0
2022-02-07 00:00:00-05:00,31.75,34.5,31.0,31.75,3804,0.0,0.0
2022-02-08 00:00:00-05:00,32.0,32.5,30.524999618530273,32.0,1016,0.0,0.0
2022-02-09 00:00:00-05:00,32.5,34.0,32.29999923706055,33.0,1012,0.0,0.0
2022-02-10 00:00:00-05:00,33.25,34.5,32.32500076293945,33.25,2608,0.0,0.0
2022-02-11 00:00:00-05:00,34.5,34.5,31.5,32.25,2068,0.0,0.0
2022-02-14 00:00:00-05:00,33.0,34.0,30.75,31.5,1628,0.0,0.0
2022-02-15 00:00:00-05:00,32.5,33.07500076293945,30.75,32.75,3260,0.0,0.0
2022-02-16 00:00:00-05:00,33.5,33.57500076293945,31.200000762939453,33.25,1684,0.0,0.0
2022-02-17 00:00:00-05:00,33.375,34.25,30.25,31.5,5616,0.0,0.0
2022-02-18 00:00:00-05:00,33.75,33.75,30.25,30.75,1588,0.0,0.0
2022-02-22 00:00:00-05:00,30.5,31.5,28.25,29.0,3708,0.0,0.0
2022-02-23 00:00:00-05:00,30.375,30.5,27.75,28.5,2832,0.0,0.0
2022-02-24 00:00:00-05:00,25.75,31.75,25.75,31.5,7360,0.0,0.0
2022-02-25 00:00:00-05:00,30.5,30.5,28.25,29.0,4960,0.0,0.0
2022-02-28 00:00:00-05:00,28.0,29.774999618530273,27.75,29.725000381469727,1640,0.0,0.0
2022-03-01 00:00:00-05:00,29.25,30.75,28.0,28.5,3884,0.0,0.0
2022-03-02 00:00:00-05:00,30.0,30.25,27.5,27.75,3024,0.0,0.0
2022-03-03 00:00:00-05:00,27.75,29.0,27.25,28.5,2732,0.0,0.0
2022-03-04 00:00:00-05:00,27.25,28.5,25.424999237060547,26.625,5844,0.0,0.0
2022-03-07 00:00:00-05:00,25.75,25.75,23.5,24.25,13404,0.0,0.0
2022-03-08 00:00:00-05:00,25.0,25.0,22.875,24.274999618530273,3644,0.0,0.0
2022-03-09 00:00:00-05:00,25.0,25.0,20.25,23.25,10700,0.0,0.0
2022-03-10 00:00:00-05:00,22.75,23.5,21.325000762939453,22.825000762939453,3856,0.0,0.0
2022-03-11 00:00:00-05:00,23.0,23.25,20.5,21.0,4528,0.0,0.0
2022-03-14 00:00:00-04:00,21.75,23.0,20.75,23.0,19572,0.0,0.0
2022-03-15 00:00:00-04:00,24.25,32.75,23.0,25.75,168084,0.0,0.0
2022-03-16 00:00:00-04:00,25.5,29.5,23.0,27.25,52100,0.0,0.0
2022-03-17 00:00:00-04:00,25.25,27.5,25.0,26.75,7988,0.0,0.0
2022-03-18 00:00:00-04:00,25.25,29.475000381469727,25.0,28.75,19284,0.0,0.0
2022-03-21 00:00:00-04:00,29.0,29.25,26.975000381469727,27.75,5716,0.0,0.0
2022-03-22 00:00:00-04:00,27.0,34.0,27.0,31.25,46236,0.0,0.0
2022-03-23 00:00:00-04:00,31.0,34.0,30.25,31.25,16748,0.0,0.0
2022-03-24 00:00:00-04:00,32.75,39.75,30.75,33.5,48648,0.0,0.0
2022-03-25 00:00:00-04:00,33.5,34.25,28.0,30.5,21556,0.0,0.0
2022-03-28 00:00:00-04:00,31.25,31.25,29.25,29.5,6708,0.0,0.0
2022-03-29 00:00:00-04:00,30.25,31.5,29.5,30.5,9608,0.0,0.0
2022-03-30 00:00:00-04:00,32.0,32.0,29.5,29.5,4264,0.0,0.0
2022-03-31 00:00:00-04:00,30.0,30.0,25.5,26.0,13552,0.0,0.0
2022-04-01 00:00:00-04:00,28.0,28.0,26.25,26.25,3628,0.0,0.0
2022-04-04 00:00:00-04:00,26.75,28.75,26.25,27.5,4728,0.0,0.0
2022-04-05 00:00:00-04:00,28.25,28.25,26.0,26.75,2716,0.0,0.0
2022-04-06 00:00:00-04:00,27.25,28.75,25.75,28.25,5468,0.0,0.0
2022-04-07 00:00:00-04:00,27.5,28.0,25.75,26.25,5448,0.0,0.0
2022-04-08 00:00:00-04:00,26.75,28.0,26.0,26.75,4016,0.0,0.0
2022-04-11 00:00:00-04:00,27.0,27.75,26.25,26.75,3428,0.0,0.0
2022-04-12 00:00:00-04:00,27.0,27.25,25.5,25.5,3064,0.0,0.0
2022-04-13 00:00:00-04:00,26.25,27.0,25.5,26.25,532,0.0,0.0
2022-04-14 00:00:00-04:00,26.850000381469727,27.0,25.5,26.25,732,0.0,0.0
2022-04-18 00:00:00-04:00,24.75,26.25,24.5,25.0,996,0.0,0.0
2022-04-19 00:00:00-04:00,26.25,26.25,24.5,25.25,1856,0.0,0.0
2022-04-20 00:00:00-04:00,25.5,26.125,24.75,26.0,540,0.0,0.0
2022-04-21 00:00:00-04:00,24.75,25.75,23.75,24.274999618530273,4400,0.0,0.0
2022-04-22 00:00:00-04:00,25.5,25.5,23.75,23.875,1940,0.0,0.0
2022-04-25 00:00:00-04:00,23.75,25.0,23.125,23.924999237060547,1264,0.0,0.0
2022-04-26 00:00:00-04:00,24.25,24.424999237060547,21.850000381469727,22.649999618530273,3652,0.0,0.0
2022-04-27 00:00:00-04:00,22.5,23.75,18.75,19.174999237060547,8868,0.0,0.0
2022-04-28 00:00:00-04:00,19.25,21.25,18.75,20.475000381469727,3484,0.0,0.0
2022-04-29 00:00:00-04:00,21.25,21.25,19.0,20.25,2364,0.0,0.0
2022-05-02 00:00:00-04:00,20.5,20.5,19.075000762939453,19.975000381469727,2916,0.0,0.0
2022-05-03 00:00:00-04:00,21.0,21.25,19.375,20.25,2128,0.0,0.0
2022-05-04 00:00:00-04:00,19.850000381469727,20.225000381469727,19.024999618530273,20.0,3580,0.0,0.0
2022-05-05 00:00:00-04:00,20.0,20.25,19.125,20.25,1312,0.0,0.0
2022-05-06 00:00:00-04:00,20.25,20.25,18.5,19.25,2096,0.0,0.0
2022-05-09 00:00:00-04:00,19.0,20.0,17.575000762939453,18.0,3440,0.0,0.0
2022-05-10 00:00:00-04:00,18.75,18.75,17.5,18.0,1616,0.0,0.0
2022-05-11 00:00:00-04:00,17.75,18.25,16.75,17.25,2276,0.0,0.0
2022-05-12 00:00:00-04:00,16.424999237060547,18.100000381469727,15.75,17.5,3676,0.0,0.0
2022-05-13 00:00:00-04:00,19.125,19.125,16.774999618530273,18.0,1740,0.0,0.0
2022-05-16 00:00:00-04:00,18.0,18.0,16.25,17.25,1628,0.0,0.0
2022-05-17 00:00:00-04:00,17.5,18.0,17.0,17.75,2864,0.0,0.0
2022-05-18 00:00:00-04:00,17.75,17.75,16.75,17.174999237060547,1184,0.0,0.0
2022-05-19 00:00:00-04:00,17.25,17.25,16.774999618530273,17.225000381469727,664,0.0,0.0
2022-05-20 00:00:00-04:00,19.0,19.0,16.600000381469727,17.25,3212,0.0,0.0
2022-05-23 00:00:00-04:00,17.424999237060547,19.0,16.5,17.225000381469727,1912,0.0,0.0
2022-05-24 00:00:00-04:00,17.5,17.5,15.75,16.975000381469727,2068,0.0,0.0
2022-05-25 00:00:00-04:00,15.25,17.25,15.25,17.25,2592,0.0,0.0
2022-05-26 00:00:00-04:00,18.049999237060547,18.125,17.125,17.5,1460,0.0,0.0
2022-05-27 00:00:00-04:00,18.25,18.75,15.75,17.475000381469727,2660,0.0,0.0
2022-05-31 00:00:00-04:00,17.850000381469727,18.200000762939453,17.0,17.75,3204,0.0,0.0
2022-06-01 00:00:00-04:00,18.5,18.5,16.5,17.25,3044,0.0,0.0
2022-06-02 00:00:00-04:00,17.25,17.475000381469727,15.774999618530273,17.225000381469727,4588,0.0,0.0
2022-06-03 00:00:00-04:00,17.5,17.5,16.424999237060547,17.450000762939453,444,0.0,0.0
2022-06-06 00:00:00-04:00,17.450000762939453,18.299999237060547,17.424999237060547,17.5,1700,0.0,0.0
2022-06-07 00:00:00-04:00,17.75,20.774999618530273,17.5,19.25,2080,0.0,0.0
2022-06-08 00:00:00-04:00,20.725000381469727,20.725000381469727,20.0,20.5,880,0.0,0.0
2022-06-09 00:00:00-04:00,21.424999237060547,23.75,20.75,22.75,4216,0.0,0.0
2022-06-10 00:00:00-04:00,23.25,23.25,20.0,21.375,988,0.0,0.0
2022-06-13 00:00:00-04:00,20.0,21.299999237060547,17.625,18.75,1244,0.0,0.0
2022-06-14 00:00:00-04:00,18.774999618530273,20.25,18.774999618530273,20.0,588,0.0,0.0
2022-06-15 00:00:00-04:00,19.975000381469727,23.0,17.975000381469727,20.200000762939453,1400,0.0,0.0
2022-06-16 00:00:00-04:00,20.674999237060547,20.674999237060547,17.5,19.0,888,0.0,0.0
2022-06-17 00:00:00-04:00,18.875,20.75,17.5,18.325000762939453,624,0.0,0.0
2022-06-21 00:00:00-04:00,18.25,18.350000381469727,17.875,18.25,396,0.0,0.0
2022-06-22 00:00:00-04:00,18.450000762939453,18.700000762939453,17.5,18.125,224,0.0,0.0
2022-06-23 00:00:00-04:00,18.75,33.25,18.125,21.5,281396,0.0,0.0
2022-06-24 00:00:00-04:00,24.625,24.625,18.774999618530273,20.799999237060547,17564,0.0,0.0
2022-06-27 00:00:00-04:00,21.5,22.25,19.5,20.75,3132,0.0,0.0
2022-06-28 00:00:00-04:00,21.799999237060547,21.799999237060547,19.024999618530273,19.924999237060547,2968,0.0,0.0
2022-06-29 00:00:00-04:00,19.75,20.0,17.5,19.0,4056,0.0,0.0
2022-06-30 00:00:00-04:00,19.899999618530273,19.950000762939453,17.25,18.0,3428,0.0,0.0
2022-07-01 00:00:00-04:00,18.75,18.75,17.25,18.0,1496,0.0,0.0
2022-07-05 00:00:00-04:00,18.75,19.200000762939453,17.875,18.625,268,0.0,0.0
2022-07-06 00:00:00-04:00,18.725000381469727,19.200000762939453,17.549999237060547,18.75,616,0.0,0.0
2022-07-07 00:00:00-04:00,18.75,19.950000762939453,18.25,19.5,6876,0.0,0.0
2022-07-08 00:00:00-04:00,19.5,20.5,18.875,20.100000381469727,2956,0.0,0.0
2022-07-11 00:00:00-04:00,20.25,20.25,18.5,19.725000381469727,3636,0.0,0.0
2022-07-12 00:00:00-04:00,19.725000381469727,19.725000381469727,18.424999237060547,19.25,264,0.0,0.0
2022-07-13 00:00:00-04:00,19.0,19.25,18.274999618530273,19.0,1184,0.0,0.0
2022-07-14 00:00:00-04:00,19.0,21.25,18.274999618530273,18.75,16384,0.0,0.0
2022-07-15 00:00:00-04:00,18.25,19.5,18.0,18.850000381469727,1000,0.0,0.0
2022-07-18 00:00:00-04:00,18.450000762939453,19.0,18.0,18.75,2004,0.0,0.0
2022-07-19 00:00:00-04:00,18.75,18.75,17.549999237060547,17.549999237060547,1272,0.0,0.0
2022-07-20 00:00:00-04:00,18.725000381469727,18.75,17.75,18.450000762939453,1804,0.0,0.0
2022-07-21 00:00:00-04:00,18.725000381469727,18.725000381469727,17.0,18.625,340,0.0,0.0
2022-07-22 00:00:00-04:00,18.5,18.5,17.5,18.25,1752,0.0,0.0
2022-07-25 00:00:00-04:00,18.024999618530273,18.700000762939453,17.524999618530273,18.225000381469727,1632,0.0,0.0
2022-07-26 00:00:00-04:00,18.5,18.5,17.0,17.125,3476,0.0,0.0
2022-07-27 00:00:00-04:00,17.125,18.25,17.0,17.674999237060547,676,0.0,0.0
2022-07-28 00:00:00-04:00,17.549999237060547,18.225000381469727,15.75,17.549999237060547,1244,0.0,0.0
2022-07-29 00:00:00-04:00,17.549999237060547,18.0,16.774999618530273,17.725000381469727,1096,0.0,0.0
2022-08-01 00:00:00-04:00,17.725000381469727,17.75,17.0,17.75,884,0.0,0.0
2022-08-02 00:00:00-04:00,17.725000381469727,27.5,16.375,21.725000381469727,32680,0.0,0.0
2022-08-03 00:00:00-04:00,22.125,22.25,18.799999237060547,21.024999618530273,19456,0.0,0.0
2022-08-04 00:00:00-04:00,20.399999618530273,21.399999618530273,19.5,20.5,4532,0.0,0.0
2022-08-05 00:00:00-04:00,20.0,26.75,19.799999237060547,22.75,69924,0.0,0.0
2022-08-08 00:00:00-04:00,23.5,26.5,22.725000381469727,23.799999237060547,15124,0.0,0.0
2022-08-09 00:00:00-04:00,24.75,25.5,22.524999618530273,23.5,7340,0.0,0.0
2022-08-10 00:00:00-04:00,23.5,23.5,20.75,21.799999237060547,5140,0.0,0.0
2022-08-11 00:00:00-04:00,22.200000762939453,22.200000762939453,20.024999618530273,21.549999237060547,3268,0.0,0.0
2022-08-12 00:00:00-04:00,21.0,21.225000381469727,20.25,20.5,2276,0.0,0.0
2022-08-15 00:00:00-04:00,20.274999618530273,21.75,20.0,21.274999618530273,5648,0.0,0.0
2022-08-16 00:00:00-04:00,21.25,22.200000762939453,20.5,21.5,1256,0.0,0.0
2022-08-17 00:00:00-04:00,20.924999237060547,21.5,20.524999618530273,21.0,432,0.0,0.0
2022-08-18 00:00:00-04:00,20.625,21.575000762939453,18.5,19.725000381469727,5332,0.0,0.0
2022-08-19 00:00:00-04:00,19.75,20.5,17.674999237060547,18.649999618530273,2744,0.0,0.0
2022-08-22 00:00:00-04:00,18.25,19.0,17.0,17.75,4608,0.0,0.0
2022-08-23 00:00:00-04:00,18.0,19.0,17.475000381469727,18.424999237060547,3624,0.0,0.0
2022-08-24 00:00:00-04:00,18.5,18.5,17.924999237060547,18.450000762939453,632,0.0,0.0
2022-08-25 00:00:00-04:00,18.450000762939453,19.0,17.924999237060547,18.25,892,0.0,0.0
2022-08-26 00:00:00-04:00,18.975000381469727,18.975000381469727,17.274999618530273,17.75,1752,0.0,0.0
2022-08-29 00:00:00-04:00,17.725000381469727,21.25,17.274999618530273,19.5,11928,0.0,0.0
2022-08-30 00:00:00-04:00,21.0,21.0,17.350000381469727,18.75,4336,0.0,0.0
2022-08-31 00:00:00-04:00,18.0,19.0,17.25,18.75,4872,0.0,0.0
2022-09-01 00:00:00-04:00,18.75,18.75,17.450000762939453,18.0,1000,0.0,0.0
2022-09-02 00:00:00-04:00,18.549999237060547,18.549999237060547,17.024999618530273,17.149999618530273,1556,0.0,0.0
2022-09-06 00:00:00-04:00,17.325000762939453,17.649999618530273,16.625,17.25,1792,0.0,0.0
2022-09-07 00:00:00-04:00,17.75,17.75,17.0,17.5,548,0.0,0.0
2022-09-08 00:00:00-04:00,18.424999237060547,18.424999237060547,16.75,17.625,1896,0.0,0.0
2022-09-09 00:00:00-04:00,18.475000381469727,21.25,18.475000381469727,19.5,9944,0.0,0.0
2022-09-12 00:00:00-04:00,20.100000381469727,21.125,19.524999618530273,20.0,2424,0.0,0.0
2022-09-13 00:00:00-04:00,19.674999237060547,20.625,18.774999618530273,20.0,1212,0.0,0.0
2022-09-14 00:00:00-04:00,19.299999237060547,20.625,19.299999237060547,20.0,712,0.0,0.0
2022-09-15 00:00:00-04:00,19.899999618530273,20.75,19.299999237060547,20.075000762939453,800,0.0,0.0
2022-09-16 00:00:00-04:00,19.75,20.774999618530273,19.75,20.075000762939453,1392,0.0,0.0
2022-09-19 00:00:00-04:00,18.75,21.0,18.024999618530273,18.75,2832,0.0,0.0
2022-09-20 00:00:00-04:00,19.0,19.225000381469727,17.799999237060547,18.75,1124,0.0,0.0
2022-09-21 00:00:00-04:00,18.174999237060547,19.399999618530273,17.0,17.0,3760,0.0,0.0
2022-09-22 00:00:00-04:00,18.0,18.0,15.0,15.5,3684,0.0,0.0
2022-09-23 00:00:00-04:00,16.0,16.950000762939453,14.5,15.574999809265137,1092,0.0,0.0
2022-09-26 00:00:00-04:00,14.425000190734863,15.25,14.25,14.75,816,0.0,0.0
2022-09-27 00:00:00-04:00,15.574999809265137,15.574999809265137,13.75,14.899999618530273,844,0.0,0.0
2022-09-28 00:00:00-04:00,15.0,15.0,14.625,15.0,436,0.0,0.0
2022-09-29 00:00:00-04:00,15.0,15.0,14.125,15.0,880,0.0,0.0
2022-09-30 00:00:00-04:00,16.25,16.25,15.25,15.449999809265137,868,0.0,0.0
2022-10-03 00:00:00-04:00,15.75,16.25,15.0,15.300000190734863,440,0.0,0.0
2022-10-04 00:00:00-04:00,15.75,17.25,15.0,16.475000381469727,380,0.0,0.0
2022-10-05 00:00:00-04:00,16.75,16.75,15.25,16.049999237060547,244,0.0,0.0
2022-10-06 00:00:00-04:00,16.850000381469727,16.850000381469727,15.274999618530273,15.675000190734863,324,0.0,0.0
2022-10-07 00:00:00-04:00,16.975000381469727,16.975000381469727,15.375,15.425000190734863,668,0.0,0.0
2022-10-10 00:00:00-04:00,15.875,15.949999809265137,15.5,15.75,432,0.0,0.0
2022-10-11 00:00:00-04:00,16.25,16.549999237060547,14.5,15.024999618530273,1488,0.0,0.0
2022-10-12 00:00:00-04:00,17.0,17.0,15.5,16.350000381469727,1112,0.0,0.0
2022-10-13 00:00:00-04:00,16.5,16.674999237060547,15.0,15.75,1088,0.0,0.0
2022-10-14 00:00:00-04:00,16.25,16.25,14.75,15.25,1260,0.0,0.0
2022-10-17 00:00:00-04:00,14.0,15.75,13.25,14.5,3280,0.0,0.0
2022-10-18 00:00:00-04:00,15.0,15.0,13.75,14.625,604,0.0,0.0
2022-10-19 00:00:00-04:00,14.625,14.625,13.0,13.5,1632,0.0,0.0
2022-10-20 00:00:00-04:00,14.25,14.25,12.75,14.0,1360,0.0,0.0
2022-10-21 00:00:00-04:00,14.0,14.324999809265137,13.0,13.875,1100,0.0,0.0
2022-10-24 00:00:00-04:00,14.0,15.5,13.25,14.0,1172,0.0,0.0
2022-10-25 00:00:00-04:00,13.75,14.5,13.675000190734863,14.0,1524,0.0,0.0
2022-10-26 00:00:00-04:00,15.5,15.5,14.25,14.600000381469727,396,0.0,0.0
2022-10-27 00:00:00-04:00,15.375,15.375,13.75,14.75,140,0.0,0.0
2022-10-28 00:00:00-04:00,14.649999618530273,14.649999618530273,13.75,14.0,520,0.0,0.0
2022-10-31 00:00:00-04:00,14.25,14.850000381469727,13.75,14.5,708,0.0,0.0
2022-11-01 00:00:00-04:00,14.949999809265137,15.375,13.75,14.5,1120,0.0,0.0
2022-11-02 00:00:00-04:00,15.225000381469727,15.225000381469727,13.25,14.625,428,0.0,0.0
2022-11-03 00:00:00-04:00,15.375,15.375,13.5,14.125,200,0.0,0.0
2022-11-04 00:00:00-04:00,15.375,15.375,14.0,14.75,564,0.0,0.0
2022-11-07 00:00:00-05:00,15.300000190734863,15.375,13.5,14.875,1028,0.0,0.0
2022-11-08 00:00:00-05:00,15.375,15.375,12.574999809265137,13.75,1768,0.0,0.0
2022-11-09 00:00:00-05:00,14.100000381469727,14.25,12.449999809265137,12.5,1484,0.0,0.0
2022-11-10 00:00:00-05:00,12.75,14.0,12.75,13.925000190734863,784,0.0,0.0
2022-11-11 00:00:00-05:00,14.0,14.5,13.925000190734863,14.25,460,0.0,0.0
2022-11-14 00:00:00-05:00,14.25,14.75,12.899999618530273,13.875,708,0.0,0.0
2022-11-15 00:00:00-05:00,14.0,15.125,13.0,14.0,14516,0.0,0.0
2022-11-16 00:00:00-05:00,14.300000190734863,14.850000381469727,11.149999618530273,14.850000381469727,27180,0.0,0.2
2022-11-17 00:00:00-05:00,13.399999618530273,14.0,12.600000381469727,13.050000190734863,10040,0.0,0.0
2022-11-18 00:00:00-05:00,12.350000381469727,12.949999809265137,11.850000381469727,11.960000038146973,3880,0.0,0.0
2022-11-21 00:00:00-05:00,11.5,12.0,10.199999809265137,10.800000190734863,2920,0.0,0.0
2022-11-22 00:00:00-05:00,11.399999618530273,12.300000190734863,10.800000190734863,11.199999809265137,7000,0.0,0.0
2022-11-23 00:00:00-05:00,12.234999656677246,12.300000190734863,10.550000190734863,11.399999618530273,3680,0.0,0.0
2022-11-25 00:00:00-05:00,11.5,11.5,11.029999732971191,11.100000381469727,500,0.0,0.0
2022-11-28 00:00:00-05:00,11.050000190734863,12.399999618530273,10.800000190734863,12.399999618530273,580,0.0,0.0
2022-11-29 00:00:00-05:00,11.949999809265137,11.949999809265137,11.005000114440918,11.100000381469727,1620,0.0,0.0
2022-11-30 00:00:00-05:00,11.649999618530273,12.0,11.25,11.704999923706055,2280,0.0,0.0
2022-12-01 00:00:00-05:00,11.649999618530273,12.0,11.600000381469727,11.949999809265137,1020,0.0,0.0
2022-12-02 00:00:00-05:00,12.25,12.579999923706055,11.079999923706055,11.979999542236328,1540,0.0,0.0
2022-12-05 00:00:00-05:00,11.850000381469727,12.0,11.550000190734863,12.0,880,0.0,0.0
2022-12-06 00:00:00-05:00,12.0,14.300000190734863,11.5,13.045000076293945,5000,0.0,0.0
2022-12-07 00:00:00-05:00,12.524999618530273,13.25,11.975000381469727,11.994999885559082,1680,0.0,0.0
2022-12-08 00:00:00-05:00,11.5,12.399999618530273,11.5,12.25,2440,0.0,0.0
2022-12-09 00:00:00-05:00,12.265000343322754,12.375,11.5,11.930000305175781,600,0.0,0.0
2022-12-12 00:00:00-05:00,11.600000381469727,12.75,11.350000381469727,12.75,3360,0.0,0.0
2022-12-13 00:00:00-05:00,12.484999656677246,12.484999656677246,11.550000190734863,12.300000190734863,1000,0.0,0.0
2022-12-14 00:00:00-05:00,12.65999984741211,12.65999984741211,11.550000190734863,11.640000343322754,580,0.0,0.0
2022-12-15 00:00:00-05:00,13.800000190734863,15.949999809265137,11.050000190734863,12.100000381469727,17500,0.0,0.0
2022-12-16 00:00:00-05:00,12.350000381469727,12.350000381469727,11.050000190734863,11.199999809265137,1400,0.0,0.0
2022-12-19 00:00:00-05:00,12.449999809265137,12.449999809265137,10.149999618530273,10.149999618530273,2440,0.0,0.0
2022-12-20 00:00:00-05:00,10.805000305175781,11.600000381469727,8.925000190734863,9.949999809265137,3440,0.0,0.0
2022-12-21 00:00:00-05:00,9.40999984741211,10.699999809265137,9.40999984741211,10.149999618530273,1440,0.0,0.0
2022-12-22 00:00:00-05:00,10.539999961853027,11.149999618530273,9.100000381469727,9.850000381469727,3280,0.0,0.0
2022-12-23 00:00:00-05:00,10.300000190734863,10.300000190734863,9.0,9.149999618530273,1720,0.0,0.0
2022-12-27 00:00:00-05:00,8.649999618530273,9.149999618530273,8.5,8.899999618530273,2100,0.0,0.0
2022-12-28 00:00:00-05:00,8.949999809265137,10.324999809265137,8.5,9.800000190734863,4000,0.0,0.0
2022-12-29 00:00:00-05:00,9.5,9.819999694824219,9.050000190734863,9.600000381469727,3160,0.0,0.0
2022-12-30 00:00:00-05:00,9.75,10.300000190734863,8.75,9.3100004196167,5600,0.0,0.0
2023-01-03 00:00:00-05:00,9.5,10.050000190734863,9.279999732971191,9.75,2120,0.0,0.0
2023-01-04 00:00:00-05:00,9.449999809265137,11.300000190734863,9.449999809265137,10.199999809265137,7580,0.0,0.0
2023-01-05 00:00:00-05:00,10.350000381469727,18.25,10.295000076293945,16.25,290740,0.0,0.0
2023-01-06 00:00:00-05:00,14.149999618530273,14.5,11.75,13.25,138720,0.0,0.0
2023-01-09 00:00:00-05:00,12.5,13.949999809265137,10.600000381469727,11.25,19340,0.0,0.0
2023-01-10 00:00:00-05:00,11.699999809265137,11.729999542236328,10.069999694824219,10.619999885559082,7180,0.0,0.0
2023-01-11 00:00:00-05:00,10.5,12.449999809265137,10.050000190734863,11.050000190734863,19480,0.0,0.0
2023-01-12 00:00:00-05:00,11.470000267028809,12.220000267028809,10.210000038146973,11.600000381469727,8080,0.0,0.0
2023-01-13 00:00:00-05:00,11.550000190734863,11.859999656677246,10.399999618530273,11.600000381469727,1800,0.0,0.0
2023-01-17 00:00:00-05:00,11.75,12.899999618530273,11.404999732971191,12.25,7620,0.0,0.0
2023-01-18 00:00:00-05:00,12.75,12.75,11.600000381469727,12.199999809265137,4060,0.0,0.0
2023-01-19 00:00:00-05:00,12.100000381469727,12.100000381469727,11.359999656677246,11.5,3980,0.0,0.0
2023-01-20 00:00:00-05:00,12.5,12.5,10.100000381469727,10.760000228881836,58360,0.0,0.0
2023-01-23 00:00:00-05:00,11.25,11.699999809265137,10.75,11.100000381469727,7820,0.0,0.0
2023-01-24 00:00:00-05:00,11.649999618530273,11.649999618530273,10.800000190734863,11.199999809265137,2800,0.0,0.0
2023-01-25 00:00:00-05:00,11.199999809265137,11.75,10.899999618530273,11.5,4440,0.0,0.0
2023-01-26 00:00:00-05:00,11.600000381469727,12.25,11.300000190734863,12.25,8640,0.0,0.0
2023-01-27 00:00:00-05:00,12.25,12.25,11.399999618530273,11.710000038146973,6240,0.0,0.0
2023-01-30 00:00:00-05:00,12.0,12.0,10.5,11.699999809265137,4340,0.0,0.0
2023-01-31 00:00:00-05:00,11.880000114440918,12.649999618530273,10.899999618530273,11.899999618530273,7080,0.0,0.0
2023-02-01 00:00:00-05:00,12.199999809265137,13.699999809265137,12.199999809265137,13.100000381469727,12420,0.0,0.0
2023-02-02 00:00:00-05:00,13.289999961853027,13.635000228881836,12.75,13.399999618530273,5100,0.0,0.0
2023-02-03 00:00:00-05:00,13.795000076293945,14.800000190734863,12.960000038146973,13.649999618530273,35780,0.0,0.0
2023-02-06 00:00:00-05:00,12.800000190734863,13.5,12.600000381469727,12.899999618530273,3220,0.0,0.0
2023-02-07 00:00:00-05:00,12.699999809265137,13.449999809265137,12.149999618530273,12.399999618530273,13400,0.0,0.0
2023-02-08 00:00:00-05:00,12.100000381469727,12.699999809265137,11.75,12.0,4300,0.0,0.0
2023-02-09 00:00:00-05:00,12.800000190734863,12.800000190734863,11.375,12.0,6460,0.0,0.0
2023-02-10 00:00:00-05:00,11.800000190734863,11.875,11.125,11.875,4420,0.0,0.0
2023-02-13 00:00:00-05:00,12.0,13.0,11.279999732971191,12.350000381469727,3620,0.0,0.0
2023-02-14 00:00:00-05:00,12.300000190734863,12.300000190734863,11.5,11.649999618530273,1620,0.0,0.0
2023-02-15 00:00:00-05:00,12.300000190734863,12.300000190734863,11.5,11.649999618530273,1580,0.0,0.0
2023-02-16 00:00:00-05:00,12.350000381469727,12.350000381469727,11.600000381469727,11.760000228881836,2020,0.0,0.0
2023-02-17 00:00:00-05:00,11.899999618530273,12.135000228881836,11.800000190734863,11.800000190734863,1000,0.0,0.0
2023-02-21 00:00:00-05:00,11.399999618530273,12.100000381469727,11.25,11.399999618530273,1540,0.0,0.0
2023-02-22 00:00:00-05:00,11.25,11.850000381469727,11.25,11.5,580,0.0,0.0
2023-02-23 00:00:00-05:00,11.75,12.050000190734863,10.899999618530273,11.5,1960,0.0,0.0
2023-02-24 00:00:00-05:00,11.0,11.539999961853027,10.699999809265137,11.0,2840,0.0,0.0
2023-02-27 00:00:00-05:00,11.350000381469727,11.350000381469727,10.449999809265137,10.699999809265137,5460,0.0,0.0
2023-02-28 00:00:00-05:00,11.0,11.0,10.25,10.75,400,0.0,0.0
2023-03-01 00:00:00-05:00,10.850000381469727,10.970000267028809,10.260000228881836,10.800000190734863,3680,0.0,0.0
2023-03-02 00:00:00-05:00,10.25,10.800000190734863,10.149999618530273,10.649999618530273,2660,0.0,0.0
2023-03-03 00:00:00-05:00,10.800000190734863,10.949999809265137,9.5,9.949999809265137,7320,0.0,0.0
2023-03-06 00:00:00-05:00,9.744999885559082,9.744999885559082,9.0,9.475000381469727,8200,0.0,0.0
2023-03-07 00:00:00-05:00,9.149999618530273,10.550000190734863,9.0,9.699999809265137,17220,0.0,0.0
2023-03-08 00:00:00-05:00,10.0,10.699999809265137,6.625,7.099999904632568,151560,0.0,0.0
2023-03-09 00:00:00-05:00,7.099999904632568,7.300000190734863,6.5,6.650000095367432,10740,0.0,0.0
2023-03-10 00:00:00-05:00,6.800000190734863,6.900000095367432,6.0,6.199999809265137,10460,0.0,0.0
2023-03-13 00:00:00-04:00,6.0,6.75,5.75,6.099999904632568,3040,0.0,0.0
2023-03-14 00:00:00-04:00,6.329999923706055,6.329999923706055,5.050000190734863,5.800000190734863,7220,0.0,0.0
2023-03-15 00:00:00-04:00,5.449999809265137,6.010000228881836,5.0,5.800000190734863,5460,0.0,0.0
2023-03-16 00:00:00-04:00,5.800000190734863,5.949999809265137,5.150000095367432,5.800000190734863,3740,0.0,0.0
2023-03-17 00:00:00-04:00,5.994999885559082,5.994999885559082,5.554999828338623,5.849999904632568,2020,0.0,0.0
2023-03-20 00:00:00-04:00,6.019999980926514,6.019999980926514,5.25,5.25,1820,0.0,0.0
2023-03-21 00:00:00-04:00,5.994999885559082,5.994999885559082,5.0,5.449999809265137,5820,0.0,0.0
2023-03-22 00:00:00-04:00,5.5,5.925000190734863,5.25,5.400000095367432,2220,0.0,0.0
2023-03-23 00:00:00-04:00,5.449999809265137,5.550000190734863,5.349999904632568,5.349999904632568,1040,0.0,0.0
2023-03-24 00:00:00-04:00,5.5,5.800000190734863,5.25,5.400000095367432,3980,0.0,0.0
2023-03-27 00:00:00-04:00,5.704999923706055,5.704999923706055,5.449999809265137,5.550000190734863,680,0.0,0.0
2023-03-28 00:00:00-04:00,5.75,5.75,5.550000190734863,5.550000190734863,1560,0.0,0.0
2023-03-29 00:00:00-04:00,5.550000190734863,5.75,5.150000095367432,5.449999809265137,3400,0.0,0.0
2023-03-30 00:00:00-04:00,5.599999904632568,5.949999809265137,5.300000190734863,5.349999904632568,2880,0.0,0.0
2023-03-31 00:00:00-04:00,5.5,5.699999809265137,5.03000020980835,5.550000190734863,6160,0.0,0.0
2023-04-03 00:00:00-04:00,5.690000057220459,5.690000057220459,5.25,5.550000190734863,660,0.0,0.0
2023-04-04 00:00:00-04:00,5.699999809265137,5.699999809265137,5.5,5.550000190734863,600,0.0,0.0
2023-04-05 00:00:00-04:00,5.614999771118164,5.650000095367432,5.5,5.650000095367432,1320,0.0,0.0
2023-04-06 00:00:00-04:00,5.619999885559082,5.650000095367432,5.5,5.5,500,0.0,0.0
2023-04-10 00:00:00-04:00,5.650000095367432,5.650000095367432,5.414999961853027,5.449999809265137,540,0.0,0.0
2023-04-11 00:00:00-04:00,5.599999904632568,6.099999904632568,5.599999904632568,5.800000190734863,3740,0.0,0.0
2023-04-12 00:00:00-04:00,5.900000095367432,5.934999942779541,5.045000076293945,5.34499979019165,10980,0.0,0.0
2023-04-13 00:00:00-04:00,5.449999809265137,5.639999866485596,5.099999904632568,5.199999809265137,4460,0.0,0.0
2023-04-14 00:00:00-04:00,5.300000190734863,5.349999904632568,5.0,5.050000190734863,1980,0.0,0.0
2023-04-17 00:00:00-04:00,5.0,5.949999809265137,5.0,5.75,53720,0.0,0.0
2023-04-18 00:00:00-04:00,5.5,5.900000095367432,5.050000190734863,5.150000095367432,11760,0.0,0.0
2023-04-19 00:00:00-04:00,5.914999961853027,5.914999961853027,5.25,5.400000095367432,1120,0.0,0.0
2023-04-20 00:00:00-04:00,5.150000095367432,5.699999809265137,5.09499979019165,5.400000095367432,1440,0.0,0.0
2023-04-21 00:00:00-04:00,5.5,5.900000095367432,5.25,5.800000190734863,4380,0.0,0.0
2023-04-24 00:00:00-04:00,5.5,5.849999904632568,5.5,5.75,1620,0.0,0.0
2023-04-25 00:00:00-04:00,5.755000114440918,5.849999904632568,5.75,5.849999904632568,1380,0.0,0.0
2023-04-26 00:00:00-04:00,5.949999809265137,6.75,5.75,6.0,6120,0.0,0.0
2023-04-27 00:00:00-04:00,6.25,6.25,5.550000190734863,5.75,4800,0.0,0.0
2023-04-28 00:00:00-04:00,6.400000095367432,10.850000381469727,5.800000190734863,8.149999618530273,387600,0.0,0.0
2023-05-01 00:00:00-04:00,8.0,12.399999618530273,7.0,10.899999618530273,235200,0.0,0.0
2023-05-02 00:00:00-04:00,17.899999618530273,39.400001525878906,9.800000190734863,10.899999618530273,11236200,0.0,0.0
2023-05-03 00:00:00-04:00,11.199999809265137,14.699999809265137,9.199999809265137,11.850000381469727,559780,0.0,0.0
2023-05-04 00:00:00-04:00,11.800000190734863,11.800000190734863,9.550000190734863,10.449999809265137,116000,0.0,0.0
2023-05-05 00:00:00-04:00,9.399999618530273,10.449999809265137,8.75,10.25,70560,0.0,0.0
2023-05-08 00:00:00-04:00,11.25,12.449999809265137,10.600000381469727,11.949999809265137,219100,0.0,0.0
2023-05-09 00:00:00-04:00,10.899999618530273,11.399999618530273,10.0,10.25,30920,0.0,0.0
2023-05-10 00:00:00-04:00,9.899999618530273,11.199999809265137,9.0,10.149999618530273,68860,0.0,0.0
2023-05-11 00:00:00-04:00,9.75,13.449999809265137,9.75,10.399999618530273,209820,0.0,0.0
2023-05-12 00:00:00-04:00,11.100000381469727,11.199999809265137,9.649999618530273,10.100000381469727,59060,0.0,0.0
2023-05-15 00:00:00-04:00,10.0,10.899999618530273,9.649999618530273,10.25,47840,0.0,0.0
2023-05-16 00:00:00-04:00,10.449999809265137,11.5,9.75,10.649999618530273,94700,0.0,0.0
2023-05-17 00:00:00-04:00,10.100000381469727,10.149999618530273,8.850000381469727,9.199999809265137,40820,0.0,0.0
2023-05-18 00:00:00-04:00,8.949999809265137,9.414999961853027,8.75,9.100000381469727,11860,0.0,0.0
2023-05-19 00:00:00-04:00,9.149999618530273,9.649999618530273,8.949999809265137,9.5,16220,0.0,0.0
2023-05-22 00:00:00-04:00,9.25,9.850000381469727,9.109999656677246,9.399999618530273,9380,0.0,0.0
2023-05-23 00:00:00-04:00,9.300000190734863,9.800000190734863,9.199999809265137,9.350000381469727,12040,0.0,0.0
2023-05-24 00:00:00-04:00,9.350000381469727,9.75,9.199999809265137,9.350000381469727,12180,0.0,0.0
2023-05-25 00:00:00-04:00,9.25,9.350000381469727,8.0,8.0,21820,0.0,0.0
2023-05-26 00:00:00-04:00,8.050000190734863,8.850000381469727,8.050000190734863,8.300000190734863,5580,0.0,0.0
2023-05-30 00:00:00-04:00,8.100000381469727,9.0,8.0,8.050000190734863,10580,0.0,0.0
2023-05-31 00:00:00-04:00,8.100000381469727,8.699999809265137,7.75,7.75,10660,0.0,0.0
2023-06-01 00:00:00-04:00,7.900000095367432,8.449999809265137,6.800000190734863,7.900000095367432,22460,0.0,0.0
2023-06-02 00:00:00-04:00,8.199999809265137,9.899999618530273,7.835000038146973,9.399999618530273,48700,0.0,0.0
2023-06-05 00:00:00-04:00,9.100000381469727,9.710000038146973,8.550000190734863,8.75,10620,0.0,0.0
2023-06-06 00:00:00-04:00,8.524999618530273,9.0,8.350000381469727,8.600000381469727,7880,0.0,0.0
2023-06-07 00:00:00-04:00,8.5,8.75,8.350000381469727,8.5,8020,0.0,0.0
2023-06-08 00:00:00-04:00,9.350000381469727,9.350000381469727,8.399999618530273,8.949999809265137,20500,0.0,0.0
2023-06-09 00:00:00-04:00,8.350000381469727,8.699999809265137,8.050000190734863,8.5,5940,0.0,0.0
2023-06-12 00:00:00-04:00,8.800000190734863,11.425000190734863,8.399999618530273,8.399999618530273,173380,0.0,0.0
2023-06-13 00:00:00-04:00,9.300000190734863,9.899999618530273,8.600000381469727,8.949999809265137,28880,0.0,0.0
2023-06-14 00:00:00-04:00,8.75,9.199999809265137,8.550000190734863,8.550000190734863,18360,0.0,0.0
2023-06-15 00:00:00-04:00,8.5,8.899999618530273,7.300000190734863,8.199999809265137,20500,0.0,0.0
2023-06-16 00:00:00-04:00,8.199999809265137,8.350000381469727,8.0,8.050000190734863,5580,0.0,0.0
2023-06-20 00:00:00-04:00,8.0,8.25,7.75,8.0,7860,0.0,0.0
2023-06-21 00:00:00-04:00,7.599999904632568,8.100000381469727,7.599999904632568,7.849999904632568,6700,0.0,0.0
2023-06-22 00:00:00-04:00,8.0,8.100000381469727,7.75,7.849999904632568,2960,0.0,0.0
2023-06-23 00:00:00-04:00,8.079999923706055,8.149999618530273,7.599999904632568,7.599999904632568,5380,0.0,0.0
2023-06-26 00:00:00-04:00,7.650000095367432,7.744999885559082,6.909999847412109,7.199999809265137,6300,0.0,0.0
2023-06-27 00:00:00-04:00,7.199999809265137,7.78000020980835,7.099999904632568,7.300000190734863,4420,0.0,0.0
2023-06-28 00:00:00-04:00,7.25,7.449999809265137,7.150000095367432,7.199999809265137,3820,0.0,0.0
2023-06-29 00:00:00-04:00,7.199999809265137,7.449999809265137,7.150000095367432,7.400000095367432,3000,0.0,0.0
2023-06-30 00:00:00-04:00,7.099999904632568,7.400000095367432,6.75,6.75,11520,0.0,0.0
2023-07-03 00:00:00-04:00,6.900000095367432,6.900000095367432,6.550000190734863,6.800000190734863,3000,0.0,0.0
2023-07-05 00:00:00-04:00,6.849999904632568,7.150000095367432,6.75,6.949999809265137,3080,0.0,0.0
2023-07-06 00:00:00-04:00,6.800000190734863,6.900000095367432,6.300000190734863,6.599999904632568,4880,0.0,0.0
2023-07-07 00:00:00-04:00,6.550000190734863,6.849999904632568,6.5,6.75,3480,0.0,0.0
2023-07-10 00:00:00-04:00,6.5,7.050000190734863,6.5,7.0,4380,0.0,0.0
2023-07-11 00:00:00-04:00,7.199999809265137,7.199999809265137,6.804999828338623,7.0,2080,0.0,0.0
2023-07-12 00:00:00-04:00,7.099999904632568,7.199999809265137,6.800000190734863,6.804999828338623,4600,0.0,0.0
2023-07-13 00:00:00-04:00,6.699999809265137,7.150000095367432,6.699999809265137,7.050000190734863,4940,0.0,0.0
2023-07-14 00:00:00-04:00,7.050000190734863,7.199999809265137,6.5,6.625,4900,0.0,0.0
2023-07-17 00:00:00-04:00,6.275000095367432,6.724999904632568,6.25,6.400000095367432,6460,0.0,0.0
2023-07-18 00:00:00-04:00,6.300000190734863,6.699999809265137,6.25,6.300000190734863,5380,0.0,0.0
2023-07-19 00:00:00-04:00,6.75,6.75,6.150000095367432,6.300000190734863,1700,0.0,0.0
2023-07-20 00:00:00-04:00,6.599999904632568,6.599999904632568,6.199999809265137,6.400000095367432,1020,0.0,0.0
2023-07-21 00:00:00-04:00,6.414999961853027,6.449999809265137,6.054999828338623,6.25,6400,0.0,0.0
2023-07-24 00:00:00-04:00,6.0,6.199999809265137,5.199999809265137,6.0,8740,0.0,0.0
2023-07-25 00:00:00-04:00,6.0,6.150000095367432,5.699999809265137,6.099999904632568,4380,0.0,0.0
2023-07-26 00:00:00-04:00,5.849999904632568,6.5,5.75,6.349999904632568,8960,0.0,0.0
2023-07-27 00:00:00-04:00,6.150000095367432,6.449999809265137,5.949999809265137,5.949999809265137,1300,0.0,0.0
2023-07-28 00:00:00-04:00,6.050000190734863,6.5,6.050000190734863,6.400000095367432,9200,0.0,0.0
2023-07-31 00:00:00-04:00,6.300000190734863,6.650000095367432,6.0,6.300000190734863,2880,0.0,0.0
2023-08-01 00:00:00-04:00,6.25,6.510000228881836,6.150000095367432,6.5,4020,0.0,0.0
2023-08-02 00:00:00-04:00,6.474999904632568,6.5,5.900000095367432,6.0,3140,0.0,0.0
2023-08-03 00:00:00-04:00,6.150000095367432,6.175000190734863,5.849999904632568,6.150000095367432,1220,0.0,0.0
2023-08-04 00:00:00-04:00,5.900000095367432,6.244999885559082,5.900000095367432,6.0,1500,0.0,0.0
2023-08-07 00:00:00-04:00,5.900000095367432,6.199999809265137,5.550000190734863,5.949999809265137,1980,0.0,0.0
2023-08-08 00:00:00-04:00,6.0,6.050000190734863,5.75,5.849999904632568,3180,0.0,0.0
2023-08-09 00:00:00-04:00,5.949999809265137,6.0,5.75,5.75,2620,0.0,0.0
2023-08-10 00:00:00-04:00,6.150000095367432,6.150000095367432,5.75,5.949999809265137,2760,0.0,0.0
2023-08-11 00:00:00-04:00,5.75,6.0,5.75,6.0,2680,0.0,0.0
2023-08-14 00:00:00-04:00,5.699999809265137,6.150000095367432,5.699999809265137,5.800000190734863,3740,0.0,0.0
2023-08-15 00:00:00-04:00,6.195000171661377,6.195000171661377,5.550000190734863,5.824999809265137,3260,0.0,0.0
2023-08-16 00:00:00-04:00,5.699999809265137,6.050000190734863,5.394999980926514,5.75,3240,0.0,0.0
2023-08-17 00:00:00-04:00,5.699999809265137,5.724999904632568,5.534999847412109,5.599999904632568,1400,0.0,0.0
2023-08-18 00:00:00-04:00,5.349999904632568,5.599999904632568,5.349999904632568,5.449999809265137,295460,0.0,0.0
2023-08-21 00:00:00-04:00,6.550000190734863,7.375,6.25,7.199999809265137,2319060,0.0,0.0
2023-08-22 00:00:00-04:00,7.75,8.800000190734863,6.550000190734863,7.75,316320,0.0,0.0
2023-08-23 00:00:00-04:00,7.050000190734863,7.300000190734863,6.650000095367432,6.849999904632568,32200,0.0,0.0
2023-08-24 00:00:00-04:00,6.599999904632568,10.699999809265137,6.599999904632568,7.5,701300,0.0,0.0
2023-08-25 00:00:00-04:00,7.050000190734863,7.494999885559082,6.599999904632568,7.25,34400,0.0,0.0
2023-08-28 00:00:00-04:00,7.050000190734863,7.550000190734863,7.050000190734863,7.150000095367432,14580,0.0,0.0
2023-08-29 00:00:00-04:00,7.099999904632568,7.434999942779541,7.010000228881836,7.150000095367432,8140,0.0,0.0
2023-08-30 00:00:00-04:00,7.25,7.449999809265137,7.019999980926514,7.349999904632568,7260,0.0,0.0
2023-08-31 00:00:00-04:00,7.150000095367432,7.550000190734863,7.150000095367432,7.349999904632568,5040,0.0,0.0
2023-09-01 00:00:00-04:00,7.150000095367432,8.234999656677246,7.150000095367432,7.650000095367432,13900,0.0,0.0
2023-09-05 00:00:00-04:00,7.25,7.349999904632568,7.099999904632568,7.349999904632568,5820,0.0,0.0
2023-09-06 00:00:00-04:00,7.25,7.324999809265137,6.849999904632568,6.949999809265137,6520,0.0,0.0
2023-09-07 00:00:00-04:00,7.199999809265137,7.199999809265137,5.75,6.150000095367432,17180,0.0,0.0
2023-09-08 00:00:00-04:00,6.150000095367432,6.150000095367432,5.599999904632568,5.599999904632568,6700,0.0,0.0
2023-09-11 00:00:00-04:00,5.650000095367432,5.900000095367432,5.650000095367432,5.650000095367432,4280,0.0,0.0
2023-09-12 00:00:00-04:00,6.0,6.050000190734863,5.650000095367432,5.949999809265137,12960,0.0,0.0
2023-09-13 00:00:00-04:00,5.900000095367432,7.25,5.900000095367432,6.550000190734863,71600,0.0,0.0
2023-09-14 00:00:00-04:00,6.800000190734863,7.0,6.25,6.75,41460,0.0,0.0
2023-09-15 00:00:00-04:00,7.5,7.75,6.800000190734863,7.400000095367432,71320,0.0,0.0
2023-09-18 00:00:00-04:00,7.300000190734863,8.149999618530273,7.199999809265137,7.400000095367432,93140,0.0,0.0
2023-09-19 00:00:00-04:00,7.300000190734863,7.614999771118164,6.050000190734863,6.300000190734863,45880,0.0,0.0
2023-09-20 00:00:00-04:00,6.0,6.454999923706055,5.75,6.0,18660,0.0,0.0
2023-09-21 00:00:00-04:00,6.329999923706055,6.329999923706055,5.75,5.949999809265137,5380,0.0,0.0
2023-09-22 00:00:00-04:00,5.900000095367432,6.099999904632568,5.650000095367432,5.75,6160,0.0,0.0
2023-09-25 00:00:00-04:00,5.75,6.050000190734863,5.5,5.900000095367432,13620,0.0,0.0
2023-09-26 00:00:00-04:00,5.699999809265137,5.800000190734863,5.480000019073486,5.599999904632568,3720,0.0,0.0
2023-09-27 00:00:00-04:00,5.400000095367432,5.75,5.199999809265137,5.400000095367432,6620,0.0,0.0
2023-09-28 00:00:00-04:00,5.25,5.579999923706055,5.25,5.349999904632568,1120,0.0,0.0
2023-09-29 00:00:00-04:00,5.425000190734863,5.599999904632568,5.25,5.25,2480,0.0,0.0
2023-10-02 00:00:00-04:00,5.5,5.5,5.050000190734863,5.25,10220,0.0,0.0
2023-10-03 00:00:00-04:00,5.434999942779541,5.434999942779541,5.150000095367432,5.400000095367432,620,0.0,0.0
2023-10-04 00:00:00-04:00,5.199999809265137,5.349999904632568,5.050000190734863,5.150000095367432,1200,0.0,0.0
2023-10-05 00:00:00-04:00,5.199999809265137,5.25,5.0,5.199999809265137,7000,0.0,0.0
2023-10-06 00:00:00-04:00,5.300000190734863,5.349999904632568,5.0,5.195000171661377,6360,0.0,0.0
2023-10-09 00:00:00-04:00,5.195000171661377,5.25,3.6500000953674316,4.03000020980835,59640,0.0,0.0
2023-10-10 00:00:00-04:00,3.9100000858306885,4.349999904632568,3.9100000858306885,4.25,6320,0.0,0.0
2023-10-11 00:00:00-04:00,4.324999809265137,4.324999809265137,3.930000066757202,4.085000038146973,45400,0.0,0.0
2023-10-12 00:00:00-04:00,4.300000190734863,6.0,4.300000190734863,5.224999904632568,328540,0.0,0.0
2023-10-13 00:00:00-04:00,4.25,6.0,4.199999809265137,5.050000190734863,122260,0.0,0.0
2023-10-16 00:00:00-04:00,4.599999904632568,5.75,4.25,5.099999904632568,41180,0.0,0.0
2023-10-17 00:00:00-04:00,5.300000190734863,5.300000190734863,4.949999809265137,4.949999809265137,7300,0.0,0.0
2023-10-18 00:00:00-04:00,4.75,5.0,4.704999923706055,4.800000190734863,5160,0.0,0.0
2023-10-19 00:00:00-04:00,4.699999809265137,4.75,4.5,4.605000019073486,5740,0.0,0.0
2023-10-20 00:00:00-04:00,4.605000019073486,4.75,4.300000190734863,4.400000095367432,7860,0.0,0.0
2023-10-23 00:00:00-04:00,4.300000190734863,4.650000095367432,4.300000190734863,4.300000190734863,4040,0.0,0.0
2023-10-24 00:00:00-04:00,4.289999961853027,4.505000114440918,4.25,4.400000095367432,4320,0.0,0.0
2023-10-25 00:00:00-04:00,4.514999866485596,4.800000190734863,4.295000076293945,4.425000190734863,2640,0.0,0.0
2023-10-26 00:00:00-04:00,4.190000057220459,4.474999904632568,4.190000057220459,4.210000038146973,3220,0.0,0.0
2023-10-27 00:00:00-04:00,4.199999809265137,4.400000095367432,3.9049999713897705,4.400000095367432,2800,0.0,0.0
2023-10-30 00:00:00-04:00,4.150000095367432,4.5,4.150000095367432,4.335000038146973,1580,0.0,0.0
2023-10-31 00:00:00-04:00,4.25,4.5,4.164999961853027,4.400000095367432,2400,0.0,0.0
2023-11-01 00:00:00-04:00,4.449999809265137,4.449999809265137,4.099999904632568,4.099999904632568,1880,0.0,0.0
2023-11-02 00:00:00-04:00,4.5,4.5,3.9549999237060547,4.394999980926514,3400,0.0,0.0
2023-11-03 00:00:00-04:00,4.300000190734863,4.394999980926514,4.039999961853027,4.329999923706055,3360,0.0,0.0
2023-11-06 00:00:00-05:00,4.329999923706055,4.349999904632568,4.010000228881836,4.199999809265137,7800,0.0,0.0
2023-11-07 00:00:00-05:00,4.195000171661377,4.195000171661377,3.7200000286102295,3.9049999713897705,18880,0.0,0.0
2023-11-08 00:00:00-05:00,4.099999904632568,4.099999904632568,3.75,3.950000047683716,5000,0.0,0.0
2023-11-09 00:00:00-05:00,3.950000047683716,4.0,3.700000047683716,3.799999952316284,2360,0.0,0.0
2023-11-10 00:00:00-05:00,4.0,4.0,3.25,3.5999999046325684,16920,0.0,0.0
2023-11-13 00:00:00-05:00,3.490000009536743,3.6500000953674316,3.25,3.4000000953674316,3700,0.0,0.0
2023-11-14 00:00:00-05:00,3.5999999046325684,3.5999999046325684,3.25,3.5999999046325684,3820,0.0,0.0
2023-11-15 00:00:00-05:00,3.799999952316284,3.9749999046325684,3.700000047683716,3.859999895095825,5560,0.0,0.0
2023-11-16 00:00:00-05:00,3.809999942779541,3.924999952316284,3.5,3.7200000286102295,4060,0.0,0.0
2023-11-17 00:00:00-05:00,3.7249999046325684,3.799999952316284,3.5350000858306885,3.6500000953674316,3980,0.0,0.0
2023-11-20 00:00:00-05:00,3.75,3.7699999809265137,3.244999885559082,3.5950000286102295,9940,0.0,0.0
2023-11-21 00:00:00-05:00,3.5,3.630000114440918,3.5,3.630000114440918,6540,0.0,0.0
2023-11-22 00:00:00-05:00,3.5,3.744999885559082,3.3499999046325684,3.700000047683716,2660,0.0,0.0
2023-11-24 00:00:00-05:00,3.700000047683716,3.734999895095825,3.5,3.680000066757202,3980,0.0,0.0
2023-11-27 00:00:00-05:00,3.549999952316284,3.799999952316284,3.4000000953674316,3.569999933242798,4280,0.0,0.0
2023-11-28 00:00:00-05:00,3.700000047683716,3.7950000762939453,3.509999990463257,3.6600000858306885,4220,0.0,0.0
2023-11-29 00:00:00-05:00,3.5799999237060547,3.799999952316284,3.5199999809265137,3.684999942779541,2700,0.0,0.0
2023-11-30 00:00:00-05:00,3.6549999713897705,3.8499999046325684,3.4549999237060547,3.75,7420,0.0,0.0
2023-12-01 00:00:00-05:00,3.75,3.75,3.484999895095825,3.75,760,0.0,0.0
2023-12-04 00:00:00-05:00,3.75,3.75,3.5,3.680000066757202,3760,0.0,0.0
2023-12-05 00:00:00-05:00,3.549999952316284,3.740000009536743,3.450000047683716,3.7249999046325684,580,0.0,0.0
2023-12-06 00:00:00-05:00,3.4649999141693115,3.7249999046325684,3.4600000381469727,3.700000047683716,440,0.0,0.0
2023-12-07 00:00:00-05:00,3.740000009536743,3.9000000953674316,3.4649999141693115,3.5,11880,0.0,0.0
2023-12-08 00:00:00-05:00,3.75,3.75,3.430000066757202,3.5199999809265137,4160,0.0,0.0
2023-12-11 00:00:00-05:00,3.5199999809265137,3.7200000286102295,3.4000000953674316,3.7200000286102295,6320,0.0,0.0
2023-12-12 00:00:00-05:00,3.700000047683716,3.700000047683716,3.4100000858306885,3.5,5740,0.0,0.0
2023-12-13 00:00:00-05:00,3.4100000858306885,3.5,3.25,3.4000000953674316,8800,0.0,0.0
2023-12-14 00:00:00-05:00,3.5,3.5,3.4000000953674316,3.4000000953674316,1540,0.0,0.0
2023-12-15 00:00:00-05:00,3.6449999809265137,3.6600000858306885,3.4000000953674316,3.4049999713897705,3320,0.0,0.0
2023-12-18 00:00:00-05:00,3.4049999713897705,3.575000047683716,3.4000000953674316,3.4049999713897705,3500,0.0,0.0
2023-12-19 00:00:00-05:00,3.549999952316284,3.674999952316284,3.3499999046325684,3.5899999141693115,10440,0.0,0.0
2023-12-20 00:00:00-05:00,3.3499999046325684,3.5999999046325684,3.299999952316284,3.5,9100,0.0,0.0
2023-12-21 00:00:00-05:00,3.5999999046325684,3.5999999046325684,3.259999990463257,3.299999952316284,2340,0.0,0.0
2023-12-22 00:00:00-05:00,3.5999999046325684,3.5999999046325684,3.25,3.490000009536743,6200,0.0,0.0
2023-12-26 00:00:00-05:00,3.450000047683716,3.5999999046325684,3.25,3.384999990463257,5560,0.0,0.0
2023-12-27 00:00:00-05:00,3.490000009536743,3.490000009536743,3.0,3.1500000953674316,9200,0.0,0.0
2023-12-28 00:00:00-05:00,3.299999952316284,4.650000095367432,3.1500000953674316,3.75,81900,0.0,0.0
2023-12-29 00:00:00-05:00,3.924999952316284,3.9749999046325684,3.255000114440918,3.450000047683716,272120,0.0,0.0
2024-01-02 00:00:00-05:00,3.200000047683716,3.619999885559082,3.200000047683716,3.25,22800,0.0,0.0
2024-01-03 00:00:00-05:00,3.484999895095825,3.484999895095825,3.1500000953674316,3.4149999618530273,13640,0.0,0.0
2024-01-04 00:00:00-05:00,3.325000047683716,3.4149999618530273,3.009999990463257,3.1500000953674316,29140,0.0,0.0
2024-01-05 00:00:00-05:00,3.2950000762939453,3.2950000762939453,3.109999895095825,3.1500000953674316,3360,0.0,0.0
2024-01-08 00:00:00-05:00,3.1500000953674316,3.375,2.700000047683716,2.990000009536743,124520,0.0,0.0
2024-01-09 00:00:00-05:00,2.984999895095825,3.0,2.7699999809265137,2.8499999046325684,13240,0.0,0.0
2024-01-10 00:00:00-05:00,2.7699999809265137,2.950000047683716,2.7699999809265137,2.9049999713897705,6540,0.0,0.0
2024-01-11 00:00:00-05:00,2.9000000953674316,2.994999885559082,2.799999952316284,2.8949999809265137,11460,0.0,0.0
2024-01-12 00:00:00-05:00,3.0,3.0,2.7850000858306885,2.994999885559082,1500,0.0,0.0
2024-01-16 00:00:00-05:00,2.8949999809265137,2.944999933242798,2.75,2.9000000953674316,9120,0.0,0.0
2024-01-17 00:00:00-05:00,2.8450000286102295,2.8450000286102295,2.7100000381469727,2.799999952316284,4080,0.0,0.0
2024-01-18 00:00:00-05:00,2.930000066757202,2.930000066757202,2.7100000381469727,2.799999952316284,1140,0.0,0.0
2024-01-19 00:00:00-05:00,2.799999952316284,2.799999952316284,2.549999952316284,2.744999885559082,2720,0.0,0.0
2024-01-22 00:00:00-05:00,2.744999885559082,2.799999952316284,2.549999952316284,2.7149999141693115,4680,0.0,0.0
2024-01-23 00:00:00-05:00,2.7699999809265137,2.799999952316284,2.559999942779541,2.6050000190734863,1960,0.0,0.0
2024-01-24 00:00:00-05:00,2.799999952316284,2.799999952316284,2.609999895095825,2.7200000286102295,740,0.0,0.0
2024-01-25 00:00:00-05:00,2.799999952316284,2.799999952316284,2.6700000762939453,2.6700000762939453,1580,0.0,0.0
2024-01-26 00:00:00-05:00,2.694999933242798,2.734999895095825,2.694999933242798,2.734999895095825,920,0.0,0.0
2024-01-29 00:00:00-05:00,2.799999952316284,2.9000000953674316,2.700000047683716,2.755000114440918,4120,0.0,0.0
2024-01-30 00:00:00-05:00,2.9000000953674316,2.9000000953674316,2.734999895095825,2.9000000953674316,1460,0.0,0.0
2024-01-31 00:00:00-05:00,2.9000000953674316,2.9000000953674316,2.700000047683716,2.700000047683716,5140,0.0,0.0
2024-02-01 00:00:00-05:00,2.865000009536743,2.865000009536743,2.6500000953674316,2.825000047683716,4300,0.0,0.0
2024-02-02 00:00:00-05:00,2.8499999046325684,2.8499999046325684,2.555000066757202,2.759999990463257,3720,0.0,0.0
2024-02-05 00:00:00-05:00,2.694999933242798,2.694999933242798,2.6050000190734863,2.615000009536743,4060,0.0,0.0
2024-02-06 00:00:00-05:00,2.5999999046325684,2.640000104904175,2.555000066757202,2.625,2980,0.0,0.0
2024-02-07 00:00:00-05:00,2.6449999809265137,2.75,2.575000047683716,2.75,34880,0.0,0.0
2024-02-08 00:00:00-05:00,3.0,3.25,2.625,3.115000009536743,58740,0.0,0.0
2024-02-09 00:00:00-05:00,2.9000000953674316,3.1500000953674316,2.9000000953674316,3.125,10340,0.0,0.0
2024-02-12 00:00:00-05:00,2.890000104904175,2.890000104904175,2.6449999809265137,2.8450000286102295,7580,0.0,0.0
2024-02-13 00:00:00-05:00,2.9000000953674316,2.9000000953674316,2.6500000953674316,2.6500000953674316,5180,0.0,0.0
2024-02-14 00:00:00-05:00,3.1050000190734863,3.25,2.6600000858306885,3.119999885559082,503820,0.0,0.0
2024-02-15 00:00:00-05:00,2.950000047683716,3.130000114440918,2.6549999713897705,2.994999885559082,78860,0.0,0.0
2024-02-16 00:00:00-05:00,3.424999952316284,4.539999961853027,2.8499999046325684,4.25,1572820,0.0,0.0
2024-02-20 00:00:00-05:00,3.3350000381469727,3.6700000762939453,3.0,3.244999885559082,87740,0.0,0.0
2024-02-21 00:00:00-05:00,3.0799999237060547,3.0999999046325684,2.875,2.9800000190734863,36620,0.0,0.0
2024-02-22 00:00:00-05:00,2.9000000953674316,2.950000047683716,2.799999952316284,2.944999933242798,13240,0.0,0.0
2024-02-23 00:00:00-05:00,2.819999933242798,2.944999933242798,2.700000047683716,2.7049999237060547,18220,0.0,0.0
2024-02-26 00:00:00-05:00,2.799999952316284,2.825000047683716,2.700000047683716,2.700000047683716,14080,0.0,0.0
2024-02-27 00:00:00-05:00,2.75,2.825000047683716,2.6500000953674316,2.75,14500,0.0,0.0
2024-02-28 00:00:00-05:00,2.75,2.924999952316284,2.6549999713897705,2.7850000858306885,7840,0.0,0.0
2024-02-29 00:00:00-05:00,2.7850000858306885,2.825000047683716,2.694999933242798,2.7950000762939453,11360,0.0,0.0
2024-03-01 00:00:00-05:00,2.7249999046325684,2.8499999046325684,2.6500000953674316,2.6600000858306885,14760,0.0,0.0
2024-03-04 00:00:00-05:00,2.75,2.865000009536743,2.6500000953674316,2.6500000953674316,9060,0.0,0.0
2024-03-05 00:00:00-05:00,2.765000104904175,2.765000104904175,2.549999952316284,2.559999942779541,16180,0.0,0.0
2024-03-06 00:00:00-05:00,2.7149999141693115,2.7149999141693115,2.5999999046325684,2.6500000953674316,8920,0.0,0.0
2024-03-07 00:00:00-05:00,2.75,2.9000000953674316,2.6500000953674316,2.825000047683716,33740,0.0,0.0
2024-03-08 00:00:00-05:00,2.799999952316284,3.0,2.7049999237060547,2.7049999237060547,16920,0.0,0.0
2024-03-11 00:00:00-04:00,2.805000066757202,2.950000047683716,2.75,2.805000066757202,7160,0.0,0.0
2024-03-12 00:00:00-04:00,2.805000066757202,3.0,2.75,2.815000057220459,5640,0.0,0.0
2024-03-13 00:00:00-04:00,2.799999952316284,2.8499999046325684,2.6549999713897705,2.700000047683716,7500,0.0,0.0
2024-03-14 00:00:00-04:00,2.700000047683716,2.7950000762939453,2.5850000381469727,2.609999895095825,9120,0.0,0.0
2024-03-15 00:00:00-04:00,2.6649999618530273,2.7699999809265137,2.5850000381469727,2.6700000762939453,3920,0.0,0.0
2024-03-18 00:00:00-04:00,2.75,2.75,2.549999952316284,2.6500000953674316,6820,0.0,0.0
2024-03-19 00:00:00-04:00,2.559999942779541,2.75,2.549999952316284,2.549999952316284,7100,0.0,0.0
2024-03-20 00:00:00-04:00,2.555000066757202,2.640000104904175,2.555000066757202,2.555000066757202,2660,0.0,0.0
2024-03-21 00:00:00-04:00,2.634999990463257,2.7049999237060547,2.565000057220459,2.569999933242798,3140,0.0,0.0
2024-03-22 00:00:00-04:00,2.5999999046325684,2.6500000953674316,2.5350000858306885,2.5350000858306885,5020,0.0,0.0
2024-03-25 00:00:00-04:00,2.6500000953674316,2.6500000953674316,2.5,2.505000114440918,1240,0.0,0.0
2024-03-26 00:00:00-04:00,2.5,2.5450000762939453,2.005000114440918,2.244999885559082,51880,0.0,0.0
2024-03-27 00:00:00-04:00,2.1500000953674316,2.3499999046325684,2.0999999046325684,2.2799999713897705,8800,0.0,0.0
2024-03-28 00:00:00-04:00,2.1500000953674316,2.3499999046325684,2.1500000953674316,2.1500000953674316,5300,0.0,0.0
2024-04-01 00:00:00-04:00,2.299999952316284,2.3499999046325684,2.055000066757202,2.1500000953674316,6400,0.0,0.0
2024-04-02 00:00:00-04:00,2.244999885559082,2.244999885559082,2.115000009536743,2.234999895095825,6400,0.0,0.0
2024-04-03 00:00:00-04:00,2.244999885559082,2.244999885559082,2.049999952316284,2.1500000953674316,5120,0.0,0.0
2024-04-04 00:00:00-04:00,2.0899999141693115,2.244999885559082,2.055000066757202,2.244999885559082,10580,0.0,0.0
2024-04-05 00:00:00-04:00,2.240000009536743,2.25,2.174999952316284,2.25,8960,0.0,0.0
2024-04-08 00:00:00-04:00,2.180000066757202,2.365000009536743,2.1700000762939453,2.2699999809265137,23860,0.0,0.0
2024-04-09 00:00:00-04:00,2.200000047683716,2.5199999809265137,2.200000047683716,2.440000057220459,36940,0.0,0.0
2024-04-10 00:00:00-04:00,2.444999933242798,2.6500000953674316,2.4049999713897705,2.640000104904175,35180,0.0,0.0
2024-04-11 00:00:00-04:00,2.359999895095825,2.5,2.359999895095825,2.380000114440918,7640,0.0,0.0
2024-04-12 00:00:00-04:00,2.2950000762939453,2.640000104904175,2.2850000858306885,2.5199999809265137,11340,0.0,0.0
2024-04-15 00:00:00-04:00,2.494999885559082,2.549999952316284,2.3550000190734863,2.3550000190734863,13840,0.0,0.0
2024-04-16 00:00:00-04:00,2.200000047683716,2.3550000190734863,2.1500000953674316,2.255000114440918,10780,0.0,0.0
2024-04-17 00:00:00-04:00,2.2899999618530273,2.440000057220459,2.1500000953674316,2.424999952316284,2311320,0.0,0.0
2024-04-18 00:00:00-04:00,7.349999904632568,7.400000095367432,3.5,4.0,11733180,0.0,0.0
2024-04-19 00:00:00-04:00,3.5,3.75,3.0299999713897705,3.75,432440,0.0,0.0
2024-04-22 00:00:00-04:00,3.200000047683716,3.555000066757202,3.069999933242798,3.450000047683716,122240,0.0,0.0
2024-04-23 00:00:00-04:00,3.015000104904175,3.200000047683716,2.2750000953674316,2.549999952316284,199860,0.0,0.0
2024-04-24 00:00:00-04:00,2.4000000953674316,2.6649999618530273,2.325000047683716,2.5,51680,0.0,0.0
2024-04-25 00:00:00-04:00,2.5,2.5850000381469727,2.3499999046325684,2.359999895095825,67500,0.0,0.0
2024-04-26 00:00:00-04:00,2.359999895095825,2.555000066757202,2.359999895095825,2.5,42140,0.0,0.0
2024-04-29 00:00:00-04:00,2.494999885559082,2.825000047683716,2.4600000381469727,2.700000047683716,64640,0.0,0.0
2024-04-30 00:00:00-04:00,2.700000047683716,2.7049999237060547,2.549999952316284,2.6500000953674316,14520,0.0,0.0
2024-05-01 00:00:00-04:00,2.740000009536743,2.740000009536743,2.549999952316284,2.5799999237060547,14880,0.0,0.0
2024-05-02 00:00:00-04:00,2.700000047683716,2.744999885559082,2.505000114440918,2.6500000953674316,33860,0.0,0.0
2024-05-03 00:00:00-04:00,2.6449999809265137,2.700000047683716,2.5,2.5899999141693115,37300,0.0,0.0
2024-05-06 00:00:00-04:00,2.5350000858306885,2.6449999809265137,2.5,2.549999952316284,11720,0.0,0.0
2024-05-07 00:00:00-04:00,2.559999942779541,2.565000057220459,2.450000047683716,2.4649999141693115,27120,0.0,0.0
2024-05-08 00:00:00-04:00,2.450000047683716,2.549999952316284,2.450000047683716,2.505000114440918,19100,0.0,0.0
2024-05-09 00:00:00-04:00,2.484999895095825,2.5999999046325684,2.4000000953674316,2.5199999809265137,37680,0.0,0.0
2024-05-10 00:00:00-04:00,2.549999952316284,2.869999885559082,2.484999895095825,2.799999952316284,92380,0.0,0.0
2024-05-13 00:00:00-04:00,3.200000047683716,3.3450000286102295,2.9049999713897705,3.174999952316284,268560,0.0,0.0
2024-05-14 00:00:00-04:00,3.700000047683716,4.25,2.8399999141693115,3.190000057220459,1057500,0.0,0.2
2024-05-15 00:00:00-04:00,3.049999952316284,3.7699999809265137,2.819999933242798,3.4800000190734863,900200,0.0,0.0
2024-05-16 00:00:00-04:00,3.2699999809265137,3.424999952316284,2.5399999618530273,2.7799999713897705,330100,0.0,0.0
2024-05-17 00:00:00-04:00,2.759999990463257,3.1500000953674316,2.7200000286102295,2.9200000762939453,321700,0.0,0.0
2024-05-20 00:00:00-04:00,3.0299999713897705,3.5799999237060547,2.930000066757202,3.180000066757202,663000,0.0,0.0
2024-05-21 00:00:00-04:00,3.0799999237060547,3.390000104904175,2.869999885559082,3.2100000381469727,520200,0.0,0.0
2024-05-22 00:00:00-04:00,3.0799999237060547,3.390000104904175,2.990000009536743,2.990000009536743,177200,0.0,0.0
2024-05-23 00:00:00-04:00,2.9800000190734863,3.0799999237060547,2.630000114440918,2.690000057220459,147600,0.0,0.0
2024-05-24 00:00:00-04:00,3.390000104904175,3.8299999237060547,2.7200000286102295,3.180000066757202,12670800,0.0,0.0
2024-05-28 00:00:00-04:00,3.0399999618530273,3.2899999618530273,2.990000009536743,3.109999895095825,315900,0.0,0.0
2024-05-29 00:00:00-04:00,2.8399999141693115,3.3499999046325684,2.7699999809265137,3.2899999618530273,766700,0.0,0.0
2024-05-30 00:00:00-04:00,3.309999942779541,3.490000009536743,2.7200000286102295,2.9200000762939453,699100,0.0,0.0
2024-05-31 00:00:00-04:00,2.869999885559082,2.890000104904175,2.5899999141693115,2.5999999046325684,219400,0.0,0.0
2024-06-03 00:00:00-04:00,2.619999885559082,2.7699999809265137,2.5190000534057617,2.559999942779541,170700,0.0,0.0
2024-06-04 00:00:00-04:00,2.5199999809265137,2.5399999618530273,2.2799999713897705,2.4800000190734863,104200,0.0,0.0
2024-06-05 00:00:00-04:00,2.4100000858306885,2.494999885559082,2.319999933242798,2.369999885559082,59500,0.0,0.0
2024-06-06 00:00:00-04:00,2.3580000400543213,2.630000114440918,2.180000066757202,2.559999942779541,119900,0.0,0.0
2024-06-07 00:00:00-04:00,2.509999990463257,2.5320000648498535,2.3399999141693115,2.4000000953674316,37300,0.0,0.0
2024-06-10 00:00:00-04:00,2.309999942779541,2.4549999237060547,2.2899999618530273,2.2899999618530273,31200,0.0,0.0
2024-06-11 00:00:00-04:00,2.2799999713897705,2.4100000858306885,2.2799999713897705,2.3399999141693115,10600,0.0,0.0
2024-06-12 00:00:00-04:00,2.4600000381469727,2.5899999141693115,2.3499999046325684,2.380000114440918,80100,0.0,0.0
2024-06-13 00:00:00-04:00,2.3299999237060547,2.7300000190734863,2.319999933242798,2.630000114440918,222500,0.0,0.0
2024-06-14 00:00:00-04:00,2.549999952316284,2.6500000953674316,2.3399999141693115,2.4200000762939453,49700,0.0,0.0
2024-06-17 00:00:00-04:00,2.4549999237060547,2.6040000915527344,2.2300000190734863,2.3299999237060547,46000,0.0,0.0
2024-06-18 00:00:00-04:00,2.3499999046325684,2.5199999809265137,2.190000057220459,2.2899999618530273,83200,0.0,0.0
2024-06-20 00:00:00-04:00,2.2699999809265137,2.4000000953674316,2.25,2.2899999618530273,20700,0.0,0.0
2024-06-21 00:00:00-04:00,2.4000000953674316,2.4000000953674316,2.259999990463257,2.3299999237060547,12700,0.0,0.0
2024-06-24 00:00:00-04:00,2.2799999713897705,2.440000057220459,2.2300000190734863,2.2899999618530273,62000,0.0,0.0
2024-06-25 00:00:00-04:00,2.3499999046325684,2.5199999809265137,2.1500000953674316,2.2300000190734863,294800,0.0,0.0
2024-06-26 00:00:00-04:00,2.1600000858306885,2.2920000553131104,2.140000104904175,2.200000047683716,33700,0.0,0.0
2024-06-27 00:00:00-04:00,2.25,2.299999952316284,2.1500000953674316,2.200000047683716,50800,0.0,0.0
2024-06-28 00:00:00-04:00,2.2100000381469727,2.2200000286102295,2.109999895095825,2.200000047683716,24200,0.0,0.0
2024-07-01 00:00:00-04:00,2.200000047683716,2.200000047683716,2.119999885559082,2.190000057220459,31900,0.0,0.0
2024-07-02 00:00:00-04:00,2.130000114440918,2.2200000286102295,2.109999895095825,2.130000114440918,23500,0.0,0.0
2024-07-03 00:00:00-04:00,2.1600000858306885,2.177999973297119,2.109999895095825,2.119999885559082,16600,0.0,0.0
2024-07-05 00:00:00-04:00,2.190000057220459,2.390000104904175,2.130000114440918,2.200000047683716,26400,0.0,0.0
2024-07-08 00:00:00-04:00,2.2100000381469727,2.299999952316284,2.1600000858306885,2.190000057220459,14800,0.0,0.0
2024-07-09 00:00:00-04:00,2.1700000762939453,2.259999990463257,2.1700000762939453,2.200000047683716,16900,0.0,0.0
2024-07-10 00:00:00-04:00,2.2100000381469727,2.2100000381469727,2.1600000858306885,2.200000047683716,19000,0.0,0.0
2024-07-11 00:00:00-04:00,2.309999942779541,2.309999942779541,2.1700000762939453,2.2100000381469727,42700,0.0,0.0
2024-07-12 00:00:00-04:00,2.380000114440918,2.4100000858306885,1.909999966621399,2.2799999713897705,2078300,0.0,0.0
2024-07-15 00:00:00-04:00,2.0299999713897705,2.117000102996826,2.0,2.0399999618530273,86300,0.0,0.0
2024-07-16 00:00:00-04:00,2.0199999809265137,2.109999895095825,2.0199999809265137,2.0899999141693115,34100,0.0,0.0
2024-07-17 00:00:00-04:00,2.0999999046325684,2.1700000762939453,2.0399999618530273,2.069999933242798,43000,0.0,0.0
2024-07-18 00:00:00-04:00,2.0299999713897705,2.0999999046325684,2.0299999713897705,2.0299999713897705,11800,0.0,0.0
2024-07-19 00:00:00-04:00,2.0399999618530273,2.109999895095825,1.9800000190734863,2.049999952316284,11600,0.0,0.0
2024-07-22 00:00:00-04:00,2.009999990463257,2.135999917984009,2.0,2.109999895095825,24300,0.0,0.0
2024-07-23 00:00:00-04:00,2.0999999046325684,2.440000057220459,2.069999933242798,2.319999933242798,426500,0.0,0.0
2024-07-24 00:00:00-04:00,2.4700000286102295,4.150000095367432,1.8200000524520874,1.909999966621399,22412000,0.0,0.0
2024-07-25 00:00:00-04:00,1.8899999856948853,2.390000104904175,1.8899999856948853,2.180000066757202,723700,0.0,0.0
2024-07-26 00:00:00-04:00,2.009999990463257,2.0999999046325684,1.7000000476837158,1.8600000143051147,283300,0.0,0.0
2024-07-29 00:00:00-04:00,1.8600000143051147,1.899999976158142,1.6799999475479126,1.7899999618530273,83000,0.0,0.0
2024-07-30 00:00:00-04:00,1.7599999904632568,1.8580000400543213,1.7599999904632568,1.809999942779541,41700,0.0,0.0
2024-07-31 00:00:00-04:00,1.8899999856948853,1.8899999856948853,1.75,1.809999942779541,32700,0.0,0.0
2024-08-01 00:00:00-04:00,1.7799999713897705,1.840000033378601,1.7599999904632568,1.809999942779541,13000,0.0,0.0
2024-08-02 00:00:00-04:00,1.7000000476837158,1.7999999523162842,1.6749999523162842,1.7200000286102295,41300,0.0,0.0
2024-08-05 00:00:00-04:00,1.5800000429153442,1.6749999523162842,1.5399999618530273,1.5399999618530273,37100,0.0,0.0
2024-08-06 00:00:00-04:00,1.6100000143051147,1.6799999475479126,1.5399999618530273,1.6200000047683716,287500,0.0,0.0
2024-08-07 00:00:00-04:00,1.6699999570846558,1.690000057220459,1.5700000524520874,1.600000023841858,40700,0.0,0.0
2024-08-08 00:00:00-04:00,1.5299999713897705,1.7999999523162842,1.5299999713897705,1.7699999809265137,139000,0.0,0.0
2024-08-09 00:00:00-04:00,1.7899999618530273,1.850000023841858,1.7000000476837158,1.850000023841858,107200,0.0,0.0
2024-08-12 00:00:00-04:00,1.850000023841858,1.850000023841858,1.7000000476837158,1.7100000381469727,21600,0.0,0.0
2024-08-13 00:00:00-04:00,1.7200000286102295,1.7999999523162842,1.7100000381469727,1.7300000190734863,9400,0.0,0.0
2024-08-14 00:00:00-04:00,1.75,1.7599999904632568,1.5499999523162842,1.600000023841858,22400,0.0,0.0
2024-08-15 00:00:00-04:00,1.6100000143051147,1.7400000095367432,1.6100000143051147,1.7100000381469727,12800,0.0,0.0
2024-08-16 00:00:00-04:00,1.6699999570846558,1.7599999904632568,1.649999976158142,1.6699999570846558,16500,0.0,0.0
2024-08-19 00:00:00-04:00,1.6799999475479126,1.7799999713897705,1.6799999475479126,1.7599999904632568,21500,0.0,0.0
2024-08-20 00:00:00-04:00,1.7300000190734863,1.909999966621399,1.7300000190734863,1.8600000143051147,168800,0.0,0.0
2024-08-21 00:00:00-04:00,1.809999942779541,1.9600000381469727,1.7799999713897705,1.9299999475479126,222800,0.0,0.0
2024-08-22 00:00:00-04:00,1.9800000190734863,2.062000036239624,1.8669999837875366,1.9600000381469727,127100,0.0,0.0
2024-08-23 00:00:00-04:00,1.909999966621399,1.9600000381469727,1.850000023841858,1.8700000047683716,42500,0.0,0.0
2024-08-26 00:00:00-04:00,1.9600000381469727,1.9600000381469727,1.7300000190734863,1.809999942779541,35000,0.0,0.0
2024-08-27 00:00:00-04:00,1.7599999904632568,1.8600000143051147,1.7599999904632568,1.809999942779541,113000,0.0,0.0
2024-08-28 00:00:00-04:00,1.840000033378601,1.899999976158142,1.75,1.809999942779541,50800,0.0,0.0
2024-08-29 00:00:00-04:00,1.7599999904632568,1.8600000143051147,1.75,1.75,31700,0.0,0.0
2024-08-30 00:00:00-04:00,1.809999942779541,1.8589999675750732,1.7000000476837158,1.7300000190734863,21200,0.0,0.0
2024-09-03 00:00:00-04:00,1.7330000400543213,1.7599999904632568,1.7200000286102295,1.7300000190734863,7000,0.0,0.0
2024-09-04 00:00:00-04:00,1.7300000190734863,1.840000033378601,1.7300000190734863,1.8300000429153442,23800,0.0,0.0
2024-09-05 00:00:00-04:00,1.8200000524520874,1.8250000476837158,1.7300000190734863,1.7400000095367432,11000,0.0,0.0
2024-09-06 00:00:00-04:00,1.75,1.7599999904632568,1.6799999475479126,1.7300000190734863,17500,0.0,0.0
2024-09-09 00:00:00-04:00,1.7799999713897705,1.7799999713897705,1.690000057220459,1.690000057220459,6900,0.0,0.0
2024-09-10 00:00:00-04:00,1.7000000476837158,1.7890000343322754,1.7000000476837158,1.7610000371932983,17800,0.0,0.0
2024-09-11 00:00:00-04:00,1.850000023841858,2.049999952316284,1.840000033378601,1.899999976158142,184600,0.0,0.0
2024-09-12 00:00:00-04:00,1.899999976158142,2.0299999713897705,1.649999976158142,1.659999966621399,100200,0.0,0.0
2024-09-13 00:00:00-04:00,1.7200000286102295,1.7699999809265137,1.7100000381469727,1.7699999809265137,32500,0.0,0.0
2024-09-16 00:00:00-04:00,1.7699999809265137,1.7899999618530273,1.7200000286102295,1.7699999809265137,21200,0.0,0.0
2024-09-17 00:00:00-04:00,1.7799999713897705,1.9600000381469727,1.7799999713897705,1.9199999570846558,50300,0.0,0.0
2024-09-18 00:00:00-04:00,1.899999976158142,1.9500000476837158,1.8600000143051147,1.940000057220459,14600,0.0,0.0
2024-09-19 00:00:00-04:00,1.8600000143051147,1.909999966621399,1.850000023841858,1.850000023841858,6800,0.0,0.0
2024-09-20 00:00:00-04:00,1.7999999523162842,1.8359999656677246,1.7899999618530273,1.8359999656677246,6300,0.0,0.0
2024-09-23 00:00:00-04:00,1.8200000524520874,1.8259999752044678,1.7799999713897705,1.7999999523162842,8900,0.0,0.0
2024-09-24 00:00:00-04:00,1.7799999713897705,1.8769999742507935,1.7319999933242798,1.809999942779541,20700,0.0,0.0
2024-09-25 00:00:00-04:00,1.7999999523162842,1.940000057220459,1.7999999523162842,1.899999976158142,63700,0.0,0.0
2024-09-26 00:00:00-04:00,1.9800000190734863,2.0859999656677246,1.840000033378601,1.9299999475479126,96900,0.0,0.0
2024-09-27 00:00:00-04:00,2.0,2.125,1.9199999570846558,2.049999952316284,142000,0.0,0.0
2024-09-30 00:00:00-04:00,2.0250000953674316,2.200000047683716,2.009999990463257,2.130000114440918,93700,0.0,0.0
2024-10-01 00:00:00-04:00,2.180000066757202,2.180000066757202,1.8300000429153442,1.9199999570846558,44100,0.0,0.0
2024-10-02 00:00:00-04:00,1.9299999475479126,2.140000104904175,1.8799999952316284,2.119999885559082,93400,0.0,0.0
2024-10-03 00:00:00-04:00,2.0,2.0,1.9500000476837158,1.9500000476837158,25600,0.0,0.0
2024-10-04 00:00:00-04:00,1.940000057220459,2.0,1.8899999856948853,1.9299999475479126,37900,0.0,0.0
2024-10-07 00:00:00-04:00,2.0209999084472656,2.0209999084472656,1.8600000143051147,1.909999966621399,55200,0.0,0.0
2024-10-08 00:00:00-04:00,1.8639999628067017,1.9049999713897705,1.850000023841858,1.8600000143051147,15000,0.0,0.0
2024-10-09 00:00:00-04:00,1.7899999618530273,1.9199999570846558,1.7899999618530273,1.8300000429153442,12400,0.0,0.0
2024-10-10 00:00:00-04:00,1.8509999513626099,1.8600000143051147,1.7899999618530273,1.7899999618530273,14500,0.0,0.0
2024-10-11 00:00:00-04:00,1.7999999523162842,1.9500000476837158,1.7799999713897705,1.9500000476837158,17700,0.0,0.0
2024-10-14 00:00:00-04:00,1.9199999570846558,1.9199999570846558,1.840000033378601,1.840000033378601,9400,0.0,0.0
2024-10-15 00:00:00-04:00,1.7999999523162842,1.809999942779541,1.7300000190734863,1.7300000190734863,46200,0.0,0.0
2024-10-16 00:00:00-04:00,1.8799999952316284,1.9800000190734863,1.7599999904632568,1.9299999475479126,364200,0.0,0.0
2024-10-17 00:00:00-04:00,1.9600000381469727,1.9600000381469727,1.8179999589920044,1.8700000047683716,55700,0.0,0.0
2024-10-18 00:00:00-04:00,1.8200000524520874,1.9500000476837158,1.8200000524520874,1.909999966621399,25600,0.0,0.0
2024-10-21 00:00:00-04:00,1.940000057220459,1.9800000190734863,1.875,1.940000057220459,29300,0.0,0.0
2024-10-22 00:00:00-04:00,1.940000057220459,2.25,1.8600000143051147,2.069999933242798,208700,0.0,0.0
2024-10-23 00:00:00-04:00,2.069999933242798,2.2209999561309814,2.010999917984009,2.140000104904175,112800,0.0,0.0
2024-10-24 00:00:00-04:00,2.0999999046325684,2.1579999923706055,1.9500000476837158,2.009999990463257,48800,0.0,0.0
2024-10-25 00:00:00-04:00,2.115999937057495,2.130000114440918,2.0299999713897705,2.0299999713897705,17600,0.0,0.0
2024-10-28 00:00:00-04:00,1.9600000381469727,2.0899999141693115,1.9600000381469727,2.0799999237060547,27300,0.0,0.0
2024-10-29 00:00:00-04:00,2.009999990463257,2.190000057220459,1.975000023841858,1.9800000190734863,17100,0.0,0.0
2024-10-30 00:00:00-04:00,1.940000057220459,2.0350000858306885,1.86899995803833,1.9500000476837158,19400,0.0,0.0
2024-10-31 00:00:00-04:00,1.9199999570846558,1.9199999570846558,1.8350000381469727,1.850000023841858,22500,0.0,0.0
2024-11-01 00:00:00-04:00,1.8890000581741333,1.8899999856948853,1.8200000524520874,1.8300000429153442,14200,0.0,0.0
2024-11-04 00:00:00-05:00,1.8300000429153442,1.840000033378601,1.7300000190734863,1.7400000095367432,28300,0.0,0.0
2024-11-05 00:00:00-05:00,1.7999999523162842,1.850000023841858,1.7699999809265137,1.8300000429153442,11500,0.0,0.0
2024-11-06 00:00:00-05:00,1.909999966621399,1.909999966621399,1.7799999713897705,1.7999999523162842,10000,0.0,0.0
2024-11-07 00:00:00-05:00,1.8300000429153442,1.8569999933242798,1.7400000095367432,1.7400000095367432,16200,0.0,0.0
2024-11-08 00:00:00-05:00,1.7799999713897705,1.7799999713897705,1.7000000476837158,1.7000000476837158,11200,0.0,0.0
2024-11-11 00:00:00-05:00,1.7899999618530273,1.7999999523162842,1.7000000476837158,1.7999999523162842,27300,0.0,0.0
2024-11-12 00:00:00-05:00,1.7450000047683716,1.7760000228881836,1.7100000381469727,1.7100000381469727,16100,0.0,0.0
2024-11-13 00:00:00-05:00,1.7300000190734863,1.809000015258789,1.7109999656677246,1.7640000581741333,34300,0.0,0.0
2024-11-14 00:00:00-05:00,1.7599999904632568,1.850000023841858,1.600000023841858,1.6339999437332153,35700,0.0,0.0
2024-11-15 00:00:00-05:00,1.649999976158142,1.6799999475479126,1.6100000143051147,1.6100000143051147,7700,0.0,0.0
2024-11-18 00:00:00-05:00,1.6100000143051147,1.649999976158142,1.5800000429153442,1.5800000429153442,10100,0.0,0.0
2024-11-19 00:00:00-05:00,1.6399999856948853,1.7999999523162842,1.5850000381469727,1.6399999856948853,125600,0.0,0.0
2024-11-20 00:00:00-05:00,1.649999976158142,1.8899999856948853,1.649999976158142,1.75,124400,0.0,0.0
2024-11-21 00:00:00-05:00,1.7699999809265137,1.8300000429153442,1.690000057220459,1.7400000095367432,16000,0.0,0.0
2024-11-22 00:00:00-05:00,1.7599999904632568,1.7799999713897705,1.7300000190734863,1.7799999713897705,4100,0.0,0.0
2024-11-25 00:00:00-05:00,1.809999942779541,1.809999942779541,1.7300000190734863,1.7400000095367432,7400,0.0,0.0
2024-11-26 00:00:00-05:00,1.7400000095367432,1.7400000095367432,1.6699999570846558,1.690000057220459,1200,0.0,0.0
2024-11-27 00:00:00-05:00,1.7000000476837158,1.7999999523162842,1.659999966621399,1.7000000476837158,5900,0.0,0.0
2024-11-29 00:00:00-05:00,1.7760000228881836,1.7760000228881836,1.7170000076293945,1.7170000076293945,1200,0.0,0.0
2024-12-02 00:00:00-05:00,1.7899999618530273,1.7899999618530273,1.6699999570846558,1.7000000476837158,12800,0.0,0.0
2024-12-03 00:00:00-05:00,1.690000057220459,1.7400000095367432,1.659999966621399,1.7400000095367432,4000,0.0,0.0
2024-12-04 00:00:00-05:00,1.690000057220459,1.7400000095367432,1.690000057220459,1.7300000190734863,3300,0.0,0.0
2024-12-05 00:00:00-05:00,1.6829999685287476,1.7000000476837158,1.6799999475479126,1.7000000476837158,2400,0.0,0.0
2024-12-06 00:00:00-05:00,1.659999966621399,1.659999966621399,1.4299999475479126,1.5700000524520874,128400,0.0,0.0
2024-12-09 00:00:00-05:00,1.590000033378601,1.850000023841858,1.4199999570846558,1.6299999952316284,175400,0.0,0.0
2024-12-10 00:00:00-05:00,1.6410000324249268,1.7300000190734863,1.5499999523162842,1.600000023841858,61100,0.0,0.0
2024-12-11 00:00:00-05:00,1.6200000047683716,1.659999966621399,1.4900000095367432,1.5700000524520874,37600,0.0,0.0
2024-12-12 00:00:00-05:00,1.5700000524520874,1.6100000143051147,1.5099999904632568,1.5119999647140503,6500,0.0,0.0
2024-12-13 00:00:00-05:00,1.5199999809265137,1.6200000047683716,1.50600004196167,1.5800000429153442,16500,0.0,0.0
2024-12-16 00:00:00-05:00,1.5479999780654907,1.5700000524520874,1.5199999809265137,1.5700000524520874,15800,0.0,0.0
2024-12-17 00:00:00-05:00,1.5499999523162842,1.565000057220459,1.5,1.5299999713897705,16200,0.0,0.0
2024-12-18 00:00:00-05:00,1.5199999809265137,1.5199999809265137,1.5,1.5,4600,0.0,0.0
2024-12-19 00:00:00-05:00,1.5,1.5,1.3799999952316284,1.4600000381469727,61700,0.0,0.0
2024-12-20 00:00:00-05:00,1.4800000190734863,1.5199999809265137,1.4500000476837158,1.4600000381469727,57300,0.0,0.0
2024-12-23 00:00:00-05:00,1.4700000286102295,1.850000023841858,1.4600000381469727,1.7699999809265137,163200,0.0,0.0
2024-12-24 00:00:00-05:00,1.7000000476837158,2.6500000953674316,1.590000033378601,2.0199999809265137,2186200,0.0,0.0
2024-12-26 00:00:00-05:00,1.8300000429153442,1.9700000286102295,1.6799999475479126,1.7599999904632568,3151100,0.0,0.0
2024-12-27 00:00:00-05:00,1.809999942779541,1.809999942779541,1.4500000476837158,1.690000057220459,263500,0.0,0.0
2024-12-30 00:00:00-05:00,1.659999966621399,1.7899999618530273,1.5499999523162842,1.7300000190734863,75200,0.0,0.0
2024-12-31 00:00:00-05:00,1.8300000429153442,1.8300000429153442,1.6399999856948853,1.7100000381469727,108300,0.0,0.0
2025-01-02 00:00:00-05:00,1.649999976158142,1.7999999523162842,1.649999976158142,1.7599999904632568,21500,0.0,0.0
2025-01-03 00:00:00-05:00,1.6799999475479126,1.8799999952316284,1.6799999475479126,1.8799999952316284,41900,0.0,0.0
2025-01-06 00:00:00-05:00,1.809999942779541,1.8899999856948853,1.7999999523162842,1.8200000524520874,29600,0.0,0.0
2025-01-07 00:00:00-05:00,1.7999999523162842,1.840000033378601,1.7599999904632568,1.7699999809265137,16900,0.0,0.0
2025-01-08 00:00:00-05:00,1.7200000286102295,1.7699999809265137,1.6699999570846558,1.7100000381469727,21800,0.0,0.0
2025-01-10 00:00:00-05:00,1.690000057220459,1.75,1.649999976158142,1.6699999570846558,3037500,0.0,0.0
2025-01-13 00:00:00-05:00,1.6799999475479126,1.690000057220459,1.399999976158142,1.6399999856948853,502700,0.0,0.0
2025-01-14 00:00:00-05:00,1.5399999618530273,1.6679999828338623,1.5399999618530273,1.6150000095367432,49800,0.0,0.0
2025-01-15 00:00:00-05:00,1.6200000047683716,1.7300000190734863,1.559999942779541,1.6399999856948853,34500,0.0,0.0
2025-01-16 00:00:00-05:00,1.6399999856948853,1.659999966621399,1.565000057220459,1.659999966621399,6700,0.0,0.0
2025-01-17 00:00:00-05:00,1.659999966621399,1.6799999475479126,1.600000023841858,1.6699999570846558,39700,0.0,0.0
2025-01-21 00:00:00-05:00,1.6799999475479126,1.6799999475479126,1.4589999914169312,1.5,67600,0.0,0.0
2025-01-22 00:00:00-05:00,1.5399999618530273,1.6699999570846558,1.5399999618530273,1.6299999952316284,30200,0.0,0.0
2025-01-23 00:00:00-05:00,1.690000057220459,1.7100000381469727,1.524999976158142,1.659999966621399,60800,0.0,0.0
2025-01-24 00:00:00-05:00,1.6200000047683716,1.6990000009536743,1.5700000524520874,1.6640000343322754,11900,0.0,0.0
2025-01-27 00:00:00-05:00,1.659999966621399,1.8300000429153442,1.5516999959945679,1.7799999713897705,73031,0.0,0.0
