Date,Open,High,Low,Close,Volume,Dividends,Stock Splits
2022-01-03 00:00:00-05:00,4.271043035100113,4.364818134112356,4.202842408765696,4.288093090057373,432800,0.0,0.0
2022-01-04 00:00:00-05:00,4.27956766442149,4.339243057306789,4.074967014252506,4.16021728515625,1212300,0.0,0.0
2022-01-05 00:00:00-05:00,4.049391664454128,4.109067056377484,3.8618410714891334,3.9470913410186768,1235700,0.0,0.0
2022-01-06 00:00:00-05:00,3.9811912001977334,4.143166905440858,3.9044657591601153,4.057916641235352,1383500,0.0,0.0
2022-01-07 00:00:00-05:00,4.066441881336109,4.109067221061907,3.9428288839377355,3.998241662979126,2250400,0.0,0.0
2022-01-10 00:00:00-05:00,4.057916671385491,4.185791865391195,3.9343032792374086,3.989716053009033,1215700,0.0,0.0
2022-01-11 00:00:00-05:00,4.015291602080126,4.096279257423326,3.9385661553826217,3.9726662635803223,1146800,0.0,0.0
2022-01-12 00:00:00-05:00,3.9811915638227555,4.18579221660332,3.9641415094243753,4.12611722946167,1337400,0.0,0.0
2022-01-13 00:00:00-05:00,4.160216914494612,4.202841842896064,3.942828438179646,3.9811911582946777,867500,0.0,0.0
2022-01-14 00:00:00-05:00,3.9726663704207317,4.036604379889978,3.8447911644929715,3.904466152191162,927700,0.0,0.0
2022-01-18 00:00:00-05:00,3.930041058238809,3.938565881442628,3.810690281342734,3.8362655639648438,741500,0.0,0.0
2022-01-19 00:00:00-05:00,3.8618412114804777,3.9470914841003344,3.785115762869924,3.8106906414031982,924100,0.0,0.0
2022-01-20 00:00:00-05:00,3.998241192549867,4.015291245133019,3.870365594923561,3.887415647506714,1414600,0.0,0.0
2022-01-21 00:00:00-05:00,3.938566309227322,3.964141594627274,3.7467530914964837,3.776590585708618,788200,0.0,0.0
2022-01-24 00:00:00-05:00,3.6657654025933804,3.6657654025933804,3.4270642313594966,3.546414613723755,1554700,0.0,0.0
2022-01-25 00:00:00-05:00,3.4867397059269174,3.5847774206386145,3.4611644201512615,3.4952645301818848,1224800,0.0,0.0
2022-01-26 00:00:00-05:00,3.5123142869539374,3.5549396241254336,3.324763697711106,3.3759138584136963,1969000,0.0,0.0
2022-01-27 00:00:00-05:00,3.401489061102219,3.444114196554091,3.0306500777919174,3.1201629638671875,2527000,0.0,0.0
2022-01-28 00:00:00-05:00,3.128687910370124,3.1713130447240756,2.983762250314016,3.094587802886963,1935600,0.0,0.0
2022-01-31 00:00:00-05:00,3.111637946903132,3.4142767144753274,3.0690126080598645,3.367388963699341,2602500,0.0,0.0
2022-02-01 00:00:00-05:00,3.4185394332358277,3.5634646953821028,3.4185394332358277,3.529364585876465,1710100,0.0,0.0
2022-02-02 00:00:00-05:00,3.571989845770188,3.597564724072218,3.3759140172647237,3.4270641803741455,1073600,0.0,0.0
2022-02-03 00:00:00-05:00,3.3673887505906768,3.4355891664721634,3.3247636176976636,3.3503386974334717,826600,0.0,0.0
2022-02-04 00:00:00-05:00,3.350338840819874,3.4739516298736066,3.3418138138764206,3.43558931350708,663800,0.0,0.0
2022-02-07 00:00:00-05:00,3.4014889911240505,3.444114125699004,3.324763748889135,3.341813802719116,788100,0.0,0.0
2022-02-08 00:00:00-05:00,3.324763912842556,3.508051898926962,3.324763912842556,3.4867396354675293,793600,0.0,0.0
2022-02-09 00:00:00-05:00,3.54641456889408,3.708390289022175,3.5208396905348534,3.674290180206299,947700,0.0,0.0
2022-02-10 00:00:00-05:00,3.614614925007816,3.810690761463784,3.614614925007816,3.6828155517578125,422900,0.0,0.0
2022-02-11 00:00:00-05:00,3.708390501858664,3.8362661205100768,3.6657655666451165,3.691340446472168,509400,0.0,0.0
2022-02-14 00:00:00-05:00,3.699865519063027,3.7595405071089676,3.6231400698549687,3.6401901245117188,387700,0.0,0.0
2022-02-15 00:00:00-05:00,3.725440368783342,3.836265926441838,3.7083903142593706,3.8106906414031982,611200,0.0,0.0
2022-02-16 00:00:00-05:00,3.7936405868792273,3.836265926441838,3.738228214555344,3.8106906414031982,296100,0.0,0.0
2022-02-17 00:00:00-05:00,3.79364043847853,3.9385660995157257,3.79364043847853,3.853315830230713,478400,0.0,0.0
2022-02-18 00:00:00-05:00,3.8021656835818467,3.8021656835818467,3.716915413962257,3.742490291595459,601400,0.0,0.0
2022-02-22 00:00:00-05:00,3.708390244096823,3.723735414829677,3.614614742736525,3.6487152576446533,470500,0.0,0.0
2022-02-23 00:00:00-05:00,3.7169156894737143,3.768065855036906,3.652977677640689,3.6657655239105225,531700,0.0,0.0
2022-02-24 00:00:00-05:00,3.4100142895891814,3.6657655239105225,3.392964234401451,3.6657655239105225,680200,0.0,0.0
2022-02-25 00:00:00-05:00,3.674290098887516,3.7083902069486947,3.4952643283136506,3.5719897747039795,646100,0.0,0.0
2022-02-28 00:00:00-05:00,3.5378898268305505,3.563464705781731,3.418539443212506,3.4696896076202393,775000,0.0,0.0
2022-03-01 00:00:00-05:00,3.47821431623487,3.47821431623487,3.2991885435017205,3.367388963699341,685200,0.0,0.0
2022-03-02 00:00:00-05:00,3.3588638827982775,3.3801763486259717,3.26508838274786,3.324763774871826,516700,0.0,0.0
2022-03-03 00:00:00-05:00,3.299188479710115,3.299188479710115,3.171313075410891,3.2309882640838623,908100,0.0,0.0
2022-03-04 00:00:00-05:00,3.179838285537618,3.2054133678707064,2.9411373138427734,2.9411373138427734,1339200,0.0,0.0
2022-03-07 00:00:00-05:00,2.9411370883203913,3.009337302645794,2.8303115367889404,2.8303115367889404,1162400,0.0,0.0
2022-03-08 00:00:00-05:00,2.83031170236491,3.017862505984342,2.7791615386285238,2.9752373695373535,760200,0.0,0.0
2022-03-09 00:00:00-05:00,3.069012546828778,3.2054131812499564,3.0391750541370053,3.1542630195617676,632400,0.0,0.0
2022-03-10 00:00:00-05:00,3.0945880364258898,3.1457382015107753,2.9581873929468405,3.000812530517578,1626200,0.0,0.0
2022-03-11 00:00:00-05:00,3.069012531351712,3.0988502271456877,2.6043982601480398,2.6257107257843018,1218400,0.0,0.0
2022-03-14 00:00:00-04:00,2.6001358336084794,2.6257109161780816,2.2847096119973647,2.5063605308532715,2495300,0.0,0.0
2022-03-15 00:00:00-04:00,2.472260348256862,2.838836724256651,2.3614347904527286,2.7280113697052,1591700,0.0,0.0
2022-03-16 00:00:00-04:00,3.0860623630878936,4.126116790176172,3.0263871790468584,3.887415647506714,4587700,0.0,0.0
2022-03-17 00:00:00-04:00,3.682815429543859,3.827740689501651,3.367389014874521,3.563464641571045,1698900,0.0,0.0
2022-03-18 00:00:00-04:00,3.580514810197744,3.7254404812805046,3.5378898758533524,3.5890400409698486,1147400,0.0,0.0
2022-03-21 00:00:00-04:00,3.54641461640685,3.657240174795906,3.384439097361383,3.3929641246795654,867000,0.0,0.0
2022-03-22 00:00:00-04:00,3.546414490405419,3.6572400448569264,3.469689450520443,3.5719897747039795,975400,0.0,0.0
2022-03-23 00:00:00-04:00,3.554939825168424,3.8192158736634503,3.512314485586331,3.657240152359009,744500,0.0,0.0
2022-03-24 00:00:00-04:00,3.546414587075695,3.648715320553159,3.435589436108603,3.563464641571045,571100,0.0,0.0
2022-03-25 00:00:00-04:00,3.520839609760467,3.554939717794026,3.380176359243021,3.41853928565979,621400,0.0,0.0
2022-03-28 00:00:00-04:00,3.452639526125995,3.597564787574832,3.4228016255731255,3.4867396354675293,436200,0.0,0.0
2022-03-29 00:00:00-04:00,3.597564908288624,3.682815591008356,3.563464797802884,3.614614963531494,624400,0.0,0.0
2022-03-30 00:00:00-04:00,3.5123145311236463,3.6572401997752917,3.469689597494284,3.529364585876465,543400,0.0,0.0
2022-03-31 00:00:00-04:00,3.486739273793877,3.5037893266960705,3.3844387531280518,3.3844387531280518,553600,0.0,0.0
2022-04-01 00:00:00-04:00,3.5378898544514,3.6188775137695846,3.4355895248372588,3.452639579772949,446800,0.0,0.0
2022-04-04 00:00:00-04:00,3.5805146603166635,3.6615027232399715,3.513166884756662,3.6316652297973633,424300,0.0,0.0
2022-04-05 00:00:00-04:00,3.640189891963084,3.640189891963084,3.3759138584136963,3.3759138584136963,456200,0.0,0.0
2022-04-06 00:00:00-04:00,3.3673888019912748,3.4100139355349275,3.188363037855264,3.3162386417388916,782100,0.0,0.0
2022-04-07 00:00:00-04:00,3.3162386417388916,3.3673888019912748,3.209675706253425,3.3162386417388916,522400,0.0,0.0
2022-04-08 00:00:00-04:00,3.324763774871826,3.384438963743116,3.273613409729473,3.324763774871826,322500,0.0,0.0
2022-04-11 00:00:00-04:00,3.282138452415807,3.3673889258925263,3.2139382362365723,3.2139382362365723,736900,0.0,0.0
2022-04-12 00:00:00-04:00,3.4257968105944054,3.4708730419955636,3.3536748403525527,3.461857795715332,754200,0.205,0.0
2022-04-13 00:00:00-04:00,3.4257968598905046,3.470873091940295,3.35367488861084,3.35367488861084,533300,0.0,0.0
2022-04-14 00:00:00-04:00,3.3356443206723374,3.3626900592931426,3.263522136076433,3.3446595668792725,350500,0.0,0.0
2022-04-18 00:00:00-04:00,3.2905680254656633,3.3356442556212706,3.2004153502140276,3.254506826400757,287500,0.0,0.0
2022-04-19 00:00:00-04:00,3.236476374897321,3.407766266575617,3.209430636465025,3.3987510204315186,269100,0.0,0.0
2022-04-20 00:00:00-04:00,3.344659532186821,3.4889034700016133,3.344659532186821,3.4257967472076416,352900,0.0,0.0
2022-04-21 00:00:00-04:00,3.407766302916567,3.4889035190787143,3.245491655651847,3.263522148132324,452000,0.0,0.0
2022-04-22 00:00:00-04:00,3.335644267982643,3.43481197469248,3.281552791595459,3.281552791595459,365200,0.0,0.0
2022-04-25 00:00:00-04:00,3.182384892199963,3.26352210734814,3.1733696460723877,3.1733696460723877,510300,0.0,0.0
2022-04-26 00:00:00-04:00,3.2274611627715077,3.3717053175378795,3.2274611627715077,3.3176138401031494,459000,0.0,0.0
2022-04-27 00:00:00-04:00,3.4167814825634184,3.43481197469248,3.236476346332385,3.281552791595459,366400,0.0,0.0
2022-04-28 00:00:00-04:00,3.2905680263047414,3.335644256471843,3.2184458430969585,3.308598518371582,459900,0.0,0.0
2022-04-29 00:00:00-04:00,3.4979188649571884,3.5799575385569846,3.3717052068138145,3.389735698699951,510400,0.0,0.0
2022-05-02 00:00:00-04:00,3.3717052068138145,3.4979188649571884,3.3266289770984727,3.389735698699951,502900,0.0,0.0
2022-05-03 00:00:00-04:00,3.398750933648265,3.4889033927873103,3.2905679826814107,3.416781425476074,463900,0.0,0.0
2022-05-04 00:00:00-04:00,3.4257966617879525,3.696254253387451,3.3897356782334085,3.696254253387451,765100,0.0,0.0
2022-05-05 00:00:00-04:00,3.5520104077360064,3.5700408999628555,3.380720516640519,3.4257967472076416,470900,0.0,0.0
2022-05-06 00:00:00-04:00,3.4438271971814807,3.4889034271955537,3.2725375231280025,3.335644245147705,416300,0.0,0.0
2022-05-09 00:00:00-04:00,3.2454914387120133,3.3176136187534517,3.1823847192486134,3.209430456161499,393600,0.0,0.0
2022-05-10 00:00:00-04:00,3.299583347624906,3.353674825059636,3.200415424054143,3.3176138401031494,650600,0.0,0.0
2022-05-11 00:00:00-04:00,3.3266289991448903,3.389735721164593,3.2454915701791394,3.335644245147705,798000,0.0,0.0
2022-05-12 00:00:00-04:00,3.290567881840566,3.290567881840566,3.065186525959443,3.209430456161499,745600,0.0,0.0
2022-05-13 00:00:00-04:00,3.27253753340342,3.3807204857768784,3.2004153502140276,3.254506826400757,625600,0.0,0.0
2022-05-16 00:00:00-04:00,3.218445865038272,3.272537556547977,3.128293404089466,3.2004153728485107,579700,0.0,0.0
2022-05-17 00:00:00-04:00,3.2184459288091802,3.326629099031731,3.155339204894607,3.236476421356201,655700,0.0,0.0
2022-05-18 00:00:00-04:00,3.1553391596004334,3.4257967588638145,3.1553391596004334,3.3987510204315186,466700,0.0,0.0
2022-05-19 00:00:00-04:00,3.3987510369405425,3.613314025176557,3.3897357907526535,3.5970866680145264,230400,0.0,0.0
2022-05-20 00:00:00-04:00,3.696254192842601,3.696254192842601,3.380720376968384,3.380720376968384,371100,0.0,0.0
2022-05-23 00:00:00-04:00,3.416781624661528,3.5970867683911445,3.415880164499711,3.5520105361938477,469300,0.0,0.0
2022-05-24 00:00:00-04:00,3.4889034155416447,3.5429951063182705,3.3266289880330233,3.362689971923828,493900,0.0,0.0
2022-05-25 00:00:00-04:00,3.335644212250933,3.4618576550455966,3.3266289663370285,3.416781425476074,533100,0.0,0.0
2022-05-26 00:00:00-04:00,3.4618577432685878,3.85852921841053,3.4348120048376325,3.822467803955078,473700,0.0,0.0
2022-05-27 00:00:00-04:00,3.759361330689123,3.8495137929601517,3.7233003457807112,3.795422315597534,321000,0.0,0.0
2022-05-31 00:00:00-04:00,3.876559746581885,3.876559746581885,3.7233003457807112,3.795422315597534,977200,0.0,0.0
2022-06-01 00:00:00-04:00,3.876559500675322,4.390428717963713,3.876559500675322,4.074894905090332,1377800,0.0,0.0
2022-06-02 00:00:00-04:00,4.038833828083169,4.065879779357207,3.7954219861400653,3.894589900970459,654200,0.0,0.0
2022-06-03 00:00:00-04:00,3.8134527241080636,3.8495137082226822,3.6061018505085864,3.615117311477661,531900,0.0,0.0
2022-06-06 00:00:00-04:00,3.804437132079417,3.9576965242273126,3.768376149207068,3.9396660327911377,625100,0.0,0.0
2022-06-07 00:00:00-04:00,3.948681883560373,3.948681883560373,3.678224055417001,3.840498924255371,1002900,0.0,0.0
2022-06-08 00:00:00-04:00,3.9126207964363857,4.110956216724844,3.8224679027880484,4.0568647384643555,608300,0.0,0.0
2022-06-09 00:00:00-04:00,3.948681465917144,4.092925396400788,3.9396660053215053,4.074894905090332,539900,0.0,0.0
2022-06-10 00:00:00-04:00,4.065879821777344,4.14250908644485,3.930650923757903,4.065879821777344,650900,0.0,0.0
2022-06-13 00:00:00-04:00,3.9396662431321676,4.011788212727499,3.714284873206334,3.768376350402832,565600,0.0,0.0
2022-06-14 00:00:00-04:00,3.8495140248036406,4.138002351326479,3.840498992974017,4.020803928375244,528000,0.0,0.0
2022-06-15 00:00:00-04:00,4.0839106440811985,4.210124091858204,3.9892504507782314,4.165047645568848,407700,0.0,0.0
2022-06-16 00:00:00-04:00,3.966712172474427,4.074895126207522,3.8224678042827884,3.9306511878967285,494600,0.0,0.0
2022-06-17 00:00:00-04:00,4.065879821777344,4.133494055846656,3.9892501272290213,4.065879821777344,887300,0.0,0.0
2022-06-21 00:00:00-04:00,4.119971385582119,4.264215317370803,4.092925433431327,4.246184825897217,471900,0.0,0.0
2022-06-22 00:00:00-04:00,4.1470171248053385,4.24618504803849,4.0748951551379,4.101941108703613,331100,0.0,0.0
2022-06-23 00:00:00-04:00,4.128986632388479,4.26421554045535,4.056864662721041,4.101941108703613,237700,0.0,0.0
2022-06-24 00:00:00-04:00,4.183077721944229,4.327322077791139,4.156032200765989,4.282245635986328,380800,0.0,0.0
2022-06-27 00:00:00-04:00,4.327322252468764,4.372398266212315,4.210123842950046,4.246184825897217,275400,0.0,0.0
2022-06-28 00:00:00-04:00,4.237169326884431,4.264215278790526,4.074894905090332,4.074894905090332,503200,0.0,0.0
2022-06-29 00:00:00-04:00,4.101941284616946,4.183078289031982,4.092925823081461,4.183078289031982,1529900,0.0,0.0
2022-06-30 00:00:00-04:00,4.083910237782939,4.282245635986328,4.083910237782939,4.282245635986328,392100,0.0,0.0
2022-07-01 00:00:00-04:00,4.255199942618762,4.46255081369244,4.174062944289643,4.42648983001709,1113600,0.0,0.0
2022-07-05 00:00:00-04:00,4.372398345967851,4.372398345967851,4.23716944250888,4.309291839599609,350700,0.0,0.0
2022-07-06 00:00:00-04:00,4.273230728743006,4.327322637862038,4.111857751200344,4.2371697425842285,330300,0.0,0.0
2022-07-07 00:00:00-04:00,4.291261647342677,4.381414112648014,4.2750340746234565,4.345353126525879,411800,0.0,0.0
2022-07-08 00:00:00-04:00,4.327322586359269,4.327322586359269,3.9937578235392825,4.002773284912109,634700,0.0,0.0
2022-07-11 00:00:00-04:00,3.9757269365105055,4.083910312854548,3.903604972201688,4.065879821777344,587500,0.0,0.0
2022-07-12 00:00:00-04:00,4.065879891430338,4.31830677083555,4.007280686955351,4.300276279449463,685600,0.0,0.0
2022-07-13 00:00:00-04:00,4.174063132518898,4.363383520292298,4.174063132518898,4.336337566375732,517500,0.0,0.0
2022-07-14 00:00:00-04:00,4.33633742927296,4.381413874415094,4.038834095001221,4.038834095001221,297900,0.0,0.0
2022-07-15 00:00:00-04:00,4.038834221436094,4.110956192016602,3.8314833410767086,4.110956192016602,1062100,0.0,0.0
2022-07-18 00:00:00-04:00,4.183078085604087,4.210124039014401,3.975727209061166,4.047849178314209,925700,0.0,0.0
2022-07-19 00:00:00-04:00,4.092925504926702,4.291261344481506,3.9396661097836723,4.201108455657959,1088700,0.0,0.0
2022-07-20 00:00:00-04:00,4.2101241418095015,4.291261574140663,3.9757273061331944,4.0568647384643555,772400,0.0,0.0
2022-07-21 00:00:00-04:00,4.1289864580245865,4.219138916301816,3.993757555668327,4.138001918792725,662600,0.0,0.0
2022-07-22 00:00:00-04:00,4.156032764187259,4.192093750567468,4.083910791426843,4.183078289031982,442700,0.0,0.0
2022-07-25 00:00:00-04:00,4.165047493989096,4.210123938637973,4.1289865102223295,4.147017002105713,337800,0.0,0.0
2022-07-26 00:00:00-04:00,4.174063338406725,4.219139357316594,4.020803928375244,4.020803928375244,362500,0.0,0.0
2022-07-27 00:00:00-04:00,4.0748951023657485,4.119971547764556,3.8765596883488462,3.9847426414489746,822200,0.0,0.0
2022-07-28 00:00:00-04:00,3.9937579552435234,4.0929258842106355,3.835991244944031,3.8495140075683594,660700,0.0,0.0
2022-07-29 00:00:00-04:00,3.8314831473345996,3.840498608141716,3.741330688667599,3.7773916721343994,345000,0.0,0.0
2022-08-01 00:00:00-04:00,3.750345806074836,3.82246777467153,3.6962543296273154,3.7593612670898438,444100,0.0,0.0
2022-08-02 00:00:00-04:00,3.6962545240749547,4.016296098969738,3.6962545240749547,4.011788368225098,654400,0.0,0.0
2022-08-03 00:00:00-04:00,4.04784910366122,4.138001993445713,3.903605167815373,4.092925548553467,337600,0.0,0.0
2022-08-04 00:00:00-04:00,4.101940935481832,4.354367818658075,4.101940935481832,4.138001918792725,641800,0.0,0.0
2022-08-05 00:00:00-04:00,4.101941009484252,4.165047516476391,3.984742596669081,4.092925548553467,537000,0.0,0.0
2022-08-08 00:00:00-04:00,4.092925618496372,4.128986603074069,3.9306511878967285,3.9306511878967285,324800,0.0,0.0
2022-08-09 00:00:00-04:00,3.9757270369013478,3.9757270369013478,3.840498565348077,3.8855745792388916,303200,0.0,0.0
2022-08-10 00:00:00-04:00,3.8585291961654917,3.9847426414489746,3.8585291961654917,3.9847426414489746,407500,0.0,0.0
2022-08-11 00:00:00-04:00,4.020803359938241,4.304783915458367,4.002772868947161,4.11997127532959,481000,0.0,0.0
2022-08-12 00:00:00-04:00,4.138001928125885,4.255199909210205,4.038834008856846,4.255199909210205,282400,0.0,0.0
2022-08-15 00:00:00-04:00,4.228154399240393,4.246184890990381,4.056864512675078,4.0839104652404785,341500,0.0,0.0
2022-08-16 00:00:00-04:00,4.065880124318202,4.083910616737049,3.921635755086572,3.993757724761963,259400,0.0,0.0
2022-08-17 00:00:00-04:00,4.011788099617525,4.056864544284127,3.9306511010508105,3.948681592941284,204200,0.0,0.0
2022-08-18 00:00:00-04:00,3.9847426414489746,4.00277313363233,3.9126206727155557,3.9847426414489746,202200,0.0,0.0
2022-08-19 00:00:00-04:00,3.9486817438249795,4.007280952178371,3.8495138196976346,3.966712236404419,228000,0.0,0.0
2022-08-22 00:00:00-04:00,3.966712350421285,4.110956295202867,3.966712350421285,4.011788368225098,313900,0.0,0.0
2022-08-23 00:00:00-04:00,4.282246190223133,4.3814141171002055,4.038834318710948,4.2371697425842285,349700,0.0,0.0
2022-08-24 00:00:00-04:00,4.255199953406014,4.318306889938273,4.124478779781275,4.147017002105713,351900,0.0,0.0
2022-08-25 00:00:00-04:00,4.237169194181517,4.39944404077419,4.205615942846634,4.282245635986328,736300,0.0,0.0
2022-08-26 00:00:00-04:00,4.444520444810322,4.444520444810322,4.25520006033686,4.27323055267334,1138800,0.0,0.0
2022-08-29 00:00:00-04:00,4.219139245217543,4.417475098770148,4.219139245217543,4.345353126525879,518400,0.0,0.0
2022-08-30 00:00:00-04:00,4.372398452382279,4.4535358824085325,4.336337467899686,4.435505390167236,372000,0.0,0.0
2022-08-31 00:00:00-04:00,4.471566374649829,4.51664282019349,4.264215498934504,4.435505390167236,653700,0.0,0.0
2022-09-01 00:00:00-04:00,4.372398266212315,4.408459249159486,4.16504739932567,4.246184825897217,377800,0.0,0.0
2022-09-02 00:00:00-04:00,4.183078387434564,4.25069306089867,3.966712464063529,4.192093849182129,444500,0.0,0.0
2022-09-06 00:00:00-04:00,4.110956396075858,4.156032844866602,4.002773434835121,4.020803928375244,354800,0.0,0.0
2022-09-07 00:00:00-04:00,4.038834322812076,4.10194126359445,3.9576968889320043,4.011788368225098,483600,0.0,0.0
2022-09-08 00:00:00-04:00,3.948681708655268,3.9937577247619624,3.8134528005734865,3.993757724761963,570400,0.0,0.0
2022-09-09 00:00:00-04:00,4.04784910366122,4.133494262980321,4.011788119699759,4.092925548553467,338300,0.0,0.0
2022-09-12 00:00:00-04:00,4.147017078119117,4.237169539188498,4.1019410625248485,4.2101240158081055,236100,0.0,0.0
2022-09-13 00:00:00-04:00,4.110955834529947,4.183077798838764,4.038833870221129,4.065879821777344,230500,0.0,0.0
2022-09-14 00:00:00-04:00,4.083910495454289,4.147017002105713,4.011788098039919,4.147017002105713,267800,0.0,0.0
2022-09-15 00:00:00-04:00,4.110956040534198,4.1560324854264445,4.02981861168049,4.092925548553467,307500,0.0,0.0
2022-09-16 00:00:00-04:00,4.056864587081907,4.056864587081907,3.948681634597791,4.038834095001221,241800,0.0,0.0
2022-09-19 00:00:00-04:00,4.038834270641698,4.047849302133666,3.913522280749248,4.002773284912109,165200,0.0,0.0
2022-09-20 00:00:00-04:00,4.0117885179177595,4.0388344735139095,3.953189735574382,4.029819011688232,203200,0.0,0.0
2022-09-21 00:00:00-04:00,4.020803928375244,4.038834421915367,3.944174223359504,4.020803928375244,193900,0.0,0.0
2022-09-22 00:00:00-04:00,4.038834095001221,4.264215460950216,4.011788141939772,4.038834095001221,657800,0.0,0.0
2022-09-23 00:00:00-04:00,3.9847427789382697,4.0298187960115355,3.8314833751512816,3.8585293292999268,550600,0.0,0.0
2022-09-26 00:00:00-04:00,3.759361403929371,3.9847427789382697,3.714284956975248,3.8585293292999268,360500,0.0,0.0
2022-09-27 00:00:00-04:00,3.921635627746582,4.038834039603949,3.849513660413074,3.921635627746582,280200,0.0,0.0
2022-09-28 00:00:00-04:00,3.885574707739154,3.989250359890268,3.885574707739154,3.9576966762542725,309300,0.0,0.0
2022-09-29 00:00:00-04:00,3.9667120060755154,3.9667120060755154,3.8314831046414177,3.8855745792388916,323200,0.0,0.0
2022-09-30 00:00:00-04:00,3.840498836494449,3.939666331984147,3.813452882345804,3.8585293292999268,339700,0.0,0.0
2022-10-03 00:00:00-04:00,3.8765595277049396,4.027114109702955,3.858529036268765,3.9396660327911377,442800,0.0,0.0
2022-10-04 00:00:00-04:00,4.065880273270463,4.3814141171002055,4.056864811790337,4.2371697425842285,627700,0.0,0.0
2022-10-05 00:00:00-04:00,4.237169472062665,4.372398376464844,4.138001981397793,4.372398376464844,293300,0.0,0.0
2022-10-06 00:00:00-04:00,4.336337514339516,4.4084594840770865,4.264215544601945,4.327322483062744,263800,0.0,0.0
2022-10-07 00:00:00-04:00,4.318306889938273,4.372398365588424,4.119971479221055,4.147017002105713,284400,0.0,0.0
2022-10-10 00:00:00-04:00,4.183078085786507,4.318306993082282,4.119971577627766,4.156032562255859,333700,0.0,0.0
2022-10-11 00:00:00-04:00,4.165047463175014,4.210123907490403,3.9937575766096995,4.0839104652404785,429700,0.0,0.0
2022-10-12 00:00:00-04:00,4.119971479221055,4.174062954871206,4.038834050805412,4.147017002105713,342300,0.0,0.0
2022-10-13 00:00:00-04:00,3.993757751502486,4.264215569476921,3.975727258962914,4.165047645568848,334700,0.0,0.0
2022-10-14 00:00:00-04:00,4.291261599217686,4.3363376164244105,4.1966014042384465,4.22815465927124,346300,0.0,0.0
2022-10-17 00:00:00-04:00,4.273230275090412,4.336337209109177,4.228154262117708,4.291261196136475,269400,0.0,0.0
2022-10-18 00:00:00-04:00,4.36338346793153,4.444520468945872,4.246185052167553,4.327322483062744,516200,0.0,0.0
2022-10-19 00:00:00-04:00,4.2371697425842285,4.273230728743006,4.147017277187283,4.2371697425842285,303800,0.0,0.0
2022-10-20 00:00:00-04:00,4.264215521486326,4.480581429526155,4.21012404447637,4.38141393661499,546100,0.0,0.0
2022-10-21 00:00:00-04:00,4.390429144238116,4.5166430255464505,4.322814902729329,4.345353126525879,611400,0.0,0.0
2022-10-24 00:00:00-04:00,4.056864842865375,4.065880304414558,3.7503460282870025,3.840498924255371,1719900,0.0,0.0
2022-10-25 00:00:00-04:00,3.840498975779098,3.984742923454262,3.7954225271901727,3.8495140075683594,586600,0.0,0.0
2022-10-26 00:00:00-04:00,3.867544205294284,4.1650475395660225,3.849513713213598,4.038834095001221,654700,0.0,0.0
2022-10-27 00:00:00-04:00,4.047849178314209,4.1605398627423,4.016295924236214,4.047849178314209,658500,0.0,0.0
2022-10-28 00:00:00-04:00,3.9486814270563793,4.0568643738544345,3.6782236301804234,3.9036049842834473,919100,0.0,0.0
2022-10-31 00:00:00-04:00,3.8585290696570116,4.044243176044694,3.8585290696570116,3.9126205444335938,371100,0.0,0.0
2022-11-01 00:00:00-04:00,4.128986734965671,4.156032689203292,3.9667122991825203,4.002773284912109,543700,0.0,0.0
2022-11-02 00:00:00-04:00,4.065879902725184,4.128986407811382,3.939666032791138,3.9396660327911377,496900,0.0,0.0
2022-11-03 00:00:00-04:00,3.90360535921531,4.0658802248793195,3.876559834858548,4.002773284912109,297200,0.0,0.0
2022-11-04 00:00:00-04:00,4.165047598654461,4.367890744910071,4.1289866139815015,4.27323055267334,1500900,0.0,0.0
2022-11-07 00:00:00-05:00,4.34535274394235,4.462550723580242,4.2191388737464255,4.246184825897217,930800,0.0,0.0
2022-11-08 00:00:00-05:00,4.165047463175014,4.219138938424981,3.8900823565174694,4.0839104652404785,818000,0.0,0.0
2022-11-09 00:00:00-05:00,4.083910563397847,4.0929255945491025,3.957696688233521,3.9847426414489746,415800,0.0,0.0
2022-11-10 00:00:00-05:00,4.110956139971619,4.255200079306496,4.083910616286754,4.101941108703613,509900,0.0,0.0
2022-11-11 00:00:00-05:00,4.282245938870472,4.376906129451263,4.246184954828345,4.318306922912598,866900,0.0,0.0
2022-11-14 00:00:00-05:00,4.471566047716229,4.60679494457926,4.3723981326992325,4.453535556793213,1645300,0.0,0.0
2022-11-15 00:00:00-05:00,4.597779854757701,4.859222209154061,4.354367992737613,4.723993301391602,1196400,0.0,0.0
2022-11-16 00:00:00-05:00,4.660887118895869,4.683425343412251,4.322815040792755,4.5887651443481445,728300,0.0,0.0
2022-11-17 00:00:00-05:00,4.417475151242644,4.417475151242644,4.147017322233165,4.354368209838867,1243600,0.0,0.0
2022-11-18 00:00:00-05:00,4.3273223280585915,4.3273223280585915,3.9144235072558793,4.201108455657959,1124800,0.0,0.0
2022-11-21 00:00:00-05:00,4.1289865554046505,4.1289865554046505,3.9757271577783997,4.038834095001221,654100,0.0,0.0
2022-11-22 00:00:00-05:00,3.975727180416876,4.083910563397847,3.9216357038668117,3.9847426414489746,841200,0.0,0.0
2022-11-23 00:00:00-05:00,4.011788368225098,4.10194126359445,3.9396663958343066,4.011788368225098,843600,0.0,0.0
2022-11-25 00:00:00-05:00,4.011788033250248,4.065879937907659,3.903605083697083,3.9126205444335938,381300,0.0,0.0
2022-11-28 00:00:00-05:00,3.8765598740769494,3.903605398707326,3.8134529334712983,3.867544412612915,855300,0.0,0.0
2022-11-29 00:00:00-05:00,3.9667119572275995,4.147016870332154,3.8945899919857774,4.074894905090332,1709500,0.0,0.0
2022-11-30 00:00:00-05:00,4.092925601477488,4.237169539188498,3.9847426481942314,4.2101240158081055,1487900,0.0,0.0
2022-12-01 00:00:00-05:00,4.210124217905577,4.300276683302522,4.147017277187283,4.2371697425842285,844200,0.0,0.0
2022-12-02 00:00:00-05:00,4.1740629652542625,4.417474821225849,4.110956028565023,4.372398376464844,1601800,0.0,0.0
2022-12-05 00:00:00-05:00,4.417474843968865,4.417474843968865,4.282245938870472,4.318306922912598,2164200,0.0,0.0
2022-12-06 00:00:00-05:00,4.34535285351291,4.372398376464844,4.30929186965644,4.372398376464844,1207200,0.0,0.0
2022-12-07 00:00:00-05:00,4.3183071468355925,4.415671722821942,4.246185175011503,4.399444580078125,1113000,0.0,0.0
2022-12-08 00:00:00-05:00,4.408459512478532,4.417474973694235,4.327322510941465,4.3904290199279785,1829800,0.0,0.0
2022-12-09 00:00:00-05:00,4.390428773394498,4.489596691794445,4.3002763157040125,4.471566200256348,1381800,0.0,0.0
2022-12-12 00:00:00-05:00,4.462550990130194,4.462550990130194,4.309292018390911,4.3904290199279785,839000,0.0,0.0
2022-12-13 00:00:00-05:00,4.462551014931048,4.462551014931048,4.300276581074214,4.336337566375732,666200,0.0,0.0
2022-12-14 00:00:00-05:00,4.336337362362904,4.399444298611979,4.273230426113828,4.309291839599609,654300,0.0,0.0
2022-12-15 00:00:00-05:00,4.291261377728206,4.408459360321313,4.237169472062665,4.372398376464844,1062900,0.0,0.0
2022-12-16 00:00:00-05:00,4.372398191439667,4.408459173770158,4.246184753282953,4.291261196136475,1069500,0.0,0.0
2022-12-19 00:00:00-05:00,4.282245735613443,4.3092916873017195,4.156032297456728,4.291261196136475,454800,0.0,0.0
2022-12-20 00:00:00-05:00,4.192093574864374,4.354368006773909,4.183078113706753,4.327322483062744,821700,0.0,0.0
2022-12-21 00:00:00-05:00,4.336337319455397,4.430997507951942,4.286753574959427,4.417474746704102,625000,0.0,0.0
2022-12-22 00:00:00-05:00,4.4445208150922815,4.647364408128045,4.426490321253645,4.597780227661133,1544400,0.0,0.0
2022-12-23 00:00:00-05:00,4.5887651443481445,4.624826131622006,4.543688695315379,4.5887651443481445,863400,0.0,0.0
2022-12-27 00:00:00-05:00,4.507627218531132,4.705962626998937,4.498611757751271,4.642856121063232,1437500,0.0,0.0
2022-12-28 00:00:00-05:00,4.660886472486505,4.660886472486505,4.435505118342134,4.462550640106201,1125600,0.0,0.0
2022-12-29 00:00:00-05:00,4.543688244943193,4.593271990059774,4.516642722108998,4.53467321395874,586000,0.0,0.0
2022-12-30 00:00:00-05:00,4.444520248008788,4.49861172262308,4.3633832510277655,4.471566200256348,768300,0.0,0.0
2023-01-03 00:00:00-05:00,4.588764742355633,4.647363949012375,4.525657805214334,4.5436882972717285,549600,0.0,0.0
2023-01-04 00:00:00-05:00,4.687932169321618,4.863729786876492,4.5977797102732865,4.814146041870117,2093200,0.0,0.0
2023-01-05 00:00:00-05:00,4.796115825282621,5.012481739414644,4.714978392542683,4.904298782348633,1699300,0.0,0.0
2023-01-06 00:00:00-05:00,4.9223288370837714,4.989943071761846,4.7825922075667116,4.796115398406982,634600,0.0,0.0
2023-01-09 00:00:00-05:00,4.9042985315592444,5.030511975015458,4.863729817263823,4.877252578735352,832500,0.0,0.0
2023-01-10 00:00:00-05:00,4.91331363919213,5.01248156125159,4.832176639216975,4.940359592437744,1120500,0.0,0.0
2023-01-11 00:00:00-05:00,5.003466333775482,5.075588299759568,4.967405350783439,5.030511856079102,704100,0.0,0.0
2023-01-12 00:00:00-05:00,5.066573353140671,5.08460384646612,4.597780096798133,4.751039505004883,1186100,0.0,0.0
2023-01-13 00:00:00-05:00,4.800622640232095,4.985435710533445,4.79611533988782,4.958389759063721,1023100,0.0,0.0
2023-01-17 00:00:00-05:00,4.967405545683358,4.989943338527053,4.904298608030821,4.940359592437744,459600,0.0,0.0
2023-01-18 00:00:00-05:00,4.958390030163739,5.007973775708274,4.796115602115481,4.8231611251831055,476500,0.0,0.0
2023-01-19 00:00:00-05:00,4.859222185512255,4.904298631174045,4.76005469286567,4.886268138885498,704300,0.0,0.0
2023-01-20 00:00:00-05:00,4.967405491106839,5.003466475117563,4.814146094120844,4.8231611251831055,597400,0.0,0.0
2023-01-23 00:00:00-05:00,4.877252526346268,4.94035946233693,4.832176511965081,4.868237495422363,463500,0.0,0.0
2023-01-24 00:00:00-05:00,4.89528301807491,4.926836701010656,4.841191542888986,4.868237495422363,385400,0.0,0.0
2023-01-25 00:00:00-05:00,4.841191693223708,4.913313662377896,4.791607946900416,4.886268138885498,349600,0.0,0.0
2023-01-26 00:00:00-05:00,4.985435842279461,5.075588299759568,4.93134393791057,5.030511856079102,823400,0.0,0.0
2023-01-27 00:00:00-05:00,5.057557829540711,5.1386948266737384,4.967405371681331,4.9764204025268555,606400,0.0,0.0
2023-01-30 00:00:00-05:00,4.89528301807491,4.904298478879647,4.796115528507797,4.868237495422363,701600,0.0,0.0
2023-01-31 00:00:00-05:00,4.859222213783486,4.958390136887881,4.823161228996588,4.949374675750732,532100,0.0,0.0
2023-02-01 00:00:00-05:00,5.057557843901405,5.269416013002301,4.9674053857860425,5.201801776885986,1613700,0.0,0.0
2023-02-02 00:00:00-05:00,5.319000209402666,5.33522778089488,5.030511912358028,5.14771032333374,1089500,0.0,0.0
2023-02-03 00:00:00-05:00,5.1747559209305996,5.23786285772762,5.084603461135453,5.102633953094482,1035300,0.0,0.0
2023-02-06 00:00:00-05:00,5.066573090948149,5.12066456812529,4.967405597730482,5.057558059692383,887400,0.0,0.0
2023-02-07 00:00:00-05:00,5.093618737996083,5.093618737996083,4.944867077239065,5.021496772766113,862800,0.0,0.0
2023-02-08 00:00:00-05:00,4.976420827792357,5.1386952658065805,4.962898065428055,5.084603786468506,719500,0.0,0.0
2023-02-09 00:00:00-05:00,5.183771511254853,5.291954465709637,5.138695065291602,5.174756050109863,1140400,0.0,0.0
2023-02-10 00:00:00-05:00,5.138695060517669,5.138695060517669,4.985436090122862,5.057558059692383,685300,0.0,0.0
2023-02-13 00:00:00-05:00,5.075588552084763,5.08009628265307,4.994451121378629,5.057558059692383,407600,0.0,0.0
2023-02-14 00:00:00-05:00,5.057557886233516,5.093618869781494,4.994450950084138,5.093618869781494,656200,0.0,0.0
2023-02-15 00:00:00-05:00,5.093619049209199,5.228847957218103,5.0395275719818065,5.174756050109863,960300,0.0,0.0
2023-02-16 00:00:00-05:00,5.201801842896142,5.201801842896142,5.016989193944193,5.039527416229248,1105100,0.0,0.0
2023-02-17 00:00:00-05:00,4.9764203499641715,5.039527284739593,4.877252432425886,4.967405319213867,944500,0.0,0.0
2023-02-21 00:00:00-05:00,4.868237343123802,4.895282864930253,4.742023904971789,4.8502068519592285,756000,0.0,0.0
2023-02-22 00:00:00-05:00,4.832176685333252,4.886268162459863,4.7961157005821775,4.832176685333252,485100,0.0,0.0
2023-02-23 00:00:00-05:00,4.886267834288375,4.922328816617522,4.805130409107386,4.8502068519592285,466900,0.0,0.0
2023-02-24 00:00:00-05:00,4.787100491655781,4.805130984981229,4.665394769179219,4.751039505004883,1233600,0.0,0.0
2023-02-27 00:00:00-05:00,4.7871000544943625,4.7871000544943625,4.579749185246698,4.642856121063232,641600,0.0,0.0
2023-02-28 00:00:00-05:00,4.633841011605232,4.637447282166757,4.543688546375726,4.57073450088501,667700,0.0,0.0
2023-03-01 00:00:00-05:00,4.660886612742123,4.714978087778798,4.60679513770545,4.642856121063232,633400,0.0,0.0
2023-03-02 00:00:00-05:00,4.606794887041445,4.633840408147771,4.5527034149479855,4.615809917449951,396200,0.0,0.0
2023-03-03 00:00:00-05:00,4.615810017116119,4.660886459774378,4.588764495425816,4.624825477600098,268700,0.0,0.0
2023-03-06 00:00:00-05:00,4.606795689520892,4.624826183359529,4.545491666564822,4.597780227661133,508900,0.0,0.0
2023-03-07 00:00:00-05:00,4.561718835856308,4.570734296917378,4.345352928960756,4.435505390167236,899900,0.0,0.0
2023-03-08 00:00:00-05:00,4.3994440840241635,4.480581078237332,4.30929162940908,4.453535556793213,868100,0.0,0.0
2023-03-09 00:00:00-05:00,4.399444740686476,4.453536221529235,4.110956412977552,4.192093849182129,1127000,0.0,0.0
2023-03-10 00:00:00-05:00,4.165047669951982,4.20561638587373,4.079402937357843,4.110956192016602,999800,0.0,0.0
2023-03-13 00:00:00-04:00,4.1380017860861615,4.1380017860861615,3.99375742758771,4.065879821777344,984100,0.0,0.0
2023-03-14 00:00:00-04:00,4.128986608664305,4.201108577917347,3.980234939609693,4.047849178314209,1076500,0.0,0.0
2023-03-15 00:00:00-04:00,3.9306511612162676,3.9306511612162676,3.2139383453079344,3.4528424739837646,3120000,0.0,0.0
2023-03-16 00:00:00-04:00,3.4438272394344907,3.4889034700016133,3.200415379431607,3.4257967472076416,1868000,0.0,0.0
2023-03-17 00:00:00-04:00,3.4167815245317197,3.6151173702683925,3.3717052936553955,3.3717052936553955,2105600,0.0,0.0
2023-03-20 00:00:00-04:00,3.3717053924642317,3.610609745520548,3.3626901460247725,3.5520105361938477,1203100,0.0,0.0
2023-03-21 00:00:00-04:00,3.6151173635725056,3.7413308097924416,3.592578925765454,3.6241323947906494,1174000,0.0,0.0
2023-03-22 00:00:00-04:00,3.65117846196833,3.7052699406050857,3.5520105361938477,3.5520105361938477,811600,0.0,0.0
2023-03-23 00:00:00-04:00,3.6511782059503406,3.691746489672644,3.561025532936758,3.5790560245513916,1260200,0.0,0.0
2023-03-24 00:00:00-04:00,3.5520104370750807,3.615117375330728,3.5339799446993028,3.5970866680145264,722700,0.0,0.0
2023-03-27 00:00:00-04:00,3.5970865486124546,3.7503457287192674,3.5970865486124546,3.696254253387451,832300,0.0,0.0
2023-03-28 00:00:00-04:00,3.7323151707089854,3.7323151707089854,3.6241322219651484,3.6601932048797607,659700,0.0,0.0
2023-03-29 00:00:00-04:00,3.687239408493042,3.7233003938671816,3.6511784231189024,3.687239408493042,381000,0.0,0.0
2023-03-30 00:00:00-04:00,3.7323152794988066,3.840498661276807,3.714284787515946,3.7864067554473877,546100,0.0,0.0
2023-03-31 00:00:00-04:00,3.8134527435373644,3.876559680999893,3.7233002827914965,3.7593612670898438,848700,0.0,0.0
2023-04-03 00:00:00-04:00,3.795422303941505,3.9126207194743423,3.723300334346174,3.768376350402832,760000,0.0,0.0
2023-04-04 00:00:00-04:00,3.840498549333648,3.8630363412446616,3.6241322219651484,3.6601932048797607,547500,0.0,0.0
2023-04-05 00:00:00-04:00,3.678223908180428,3.6872393693687298,3.475380760132994,3.5429952144622803,1244200,0.0,0.0
2023-04-06 00:00:00-04:00,3.5429949659730573,3.6151171458381794,3.524964474741879,3.570040702819824,1186500,0.0,0.0
2023-04-10 00:00:00-04:00,3.606101761973342,3.6331477143357067,3.5429950413221247,3.5790560245513916,1000100,0.0,0.0
2023-04-11 00:00:00-04:00,3.5790561124226223,3.682731549222361,3.5790561124226223,3.615117311477661,1246200,0.0,0.0
2023-04-12 00:00:00-04:00,3.6865618496338532,3.7151400491767443,3.5817759507408846,3.600827932357788,1198200,0.215,0.0
2023-04-13 00:00:00-04:00,3.657983924742749,3.7008509974965924,3.6103539700815555,3.619879961013794,690700,0.0,0.0
2023-04-14 00:00:00-04:00,3.6484578864000468,3.7151400491767443,3.562723969123981,3.600827932357788,774500,0.0,0.0
2023-04-17 00:00:00-04:00,3.6294059814086035,3.777058955615681,3.6198799903990353,3.724666118621826,844400,0.0,0.0
2023-04-18 00:00:00-04:00,3.7246661123957856,3.7713435363999075,3.600828002360862,3.629405975341797,1298900,0.0,0.0
2023-04-19 00:00:00-04:00,3.5627240839583463,3.6960881866928217,3.5627240839583463,3.6484580039978027,493500,0.0,0.0
2023-04-20 00:00:00-04:00,3.6484580271498612,3.691325101000383,3.6008280712701395,3.6579840183258057,506800,0.0,0.0
2023-04-21 00:00:00-04:00,3.648457814336143,3.648457814336143,3.553197908133188,3.5722498893737793,668600,0.0,0.0
2023-04-24 00:00:00-04:00,3.57225001087382,3.610353974651001,3.505568074263753,3.5246200561523438,758500,0.0,0.0
2023-04-25 00:00:00-04:00,3.524619985427779,3.543671966934075,3.457938050155743,3.496042013168335,520600,0.0,0.0
2023-04-26 00:00:00-04:00,3.5436719875070777,3.6579838772084985,3.534145996698626,3.600827932357788,730800,0.0,0.0
2023-04-27 00:00:00-04:00,3.6294059814086035,3.7818220646792358,3.605591117443453,3.724666118621826,415300,0.0,0.0
2023-04-28 00:00:00-04:00,3.7151400539340678,3.8532670343922604,3.7151400539340678,3.7913479804992676,502100,0.0,0.0
2023-05-01 00:00:00-04:00,3.800874098878932,3.848504054580664,3.781822116598239,3.8389782905578613,396800,0.0,0.0
2023-05-02 00:00:00-04:00,3.8199261229718826,3.8580300856848386,3.638931845850277,3.6770358085632324,728600,0.0,0.0
2023-05-03 00:00:00-04:00,3.68656185769101,3.7532440206134448,3.6579838852031963,3.6960880756378174,312000,0.0,0.0
2023-05-04 00:00:00-04:00,3.743718189659991,3.8104001283125477,3.6675100326538086,3.6675100326538086,384800,0.0,0.0
2023-05-05 00:00:00-04:00,3.72466612453734,3.8675559899078014,3.6865619333210096,3.8199262619018555,345500,0.0,0.0
2023-05-08 00:00:00-04:00,3.838978158415997,3.924711848610523,3.800873968048656,3.8866078853607178,565500,0.0,0.0
2023-05-09 00:00:00-04:00,3.7913481077385853,3.8389782905578613,3.743718152036853,3.8389782905578613,641300,0.0,0.0
2023-05-10 00:00:00-04:00,3.8389782905578613,3.867556036861357,3.7913481077385853,3.8389782905578613,615200,0.0,0.0
2023-05-11 00:00:00-04:00,3.829451986599434,3.9675789686020413,3.8056368957227615,3.9056599140167236,766800,0.0,0.0
2023-05-12 00:00:00-04:00,3.924711883682494,3.9818678290679586,3.877082156312145,3.8961341381073,546500,0.0,0.0
2023-05-15 00:00:00-04:00,3.8866080244091985,3.9532901895995356,3.8389782957604623,3.9437639713287354,1317400,0.0,0.0
2023-05-16 00:00:00-04:00,3.9532900957700687,4.029498023187358,3.8961341502071014,3.9056599140167236,750600,0.0,0.0
2023-05-17 00:00:00-04:00,3.915186039489686,3.9199486941643493,3.74848086152968,3.7722959518432617,750900,0.0,0.0
2023-05-18 00:00:00-04:00,3.8961342565301735,3.9056600205997483,3.6960882144831175,3.753244161605835,541300,0.0,0.0
2023-05-19 00:00:00-04:00,3.7437180771431557,3.7437180771431557,3.6055910948126133,3.7151401042938232,568300,0.0,0.0
2023-05-22 00:00:00-04:00,3.7151400308412015,3.8675558830242025,3.705614040079764,3.7818219661712646,760000,0.0,0.0
2023-05-23 00:00:00-04:00,3.7151401900905228,3.877082267094136,3.7151401900905228,3.848504066467285,544900,0.0,0.0
2023-05-24 00:00:00-04:00,3.8294519910316467,3.900896809509277,3.7865849182510374,3.8104000091552734,542100,0.0,0.0
2023-05-25 00:00:00-04:00,3.8104000900192783,3.88660801914205,3.7742011874154353,3.8389782905578613,554500,0.0,0.0
2023-05-26 00:00:00-04:00,3.829451928421557,3.9771051262256845,3.829451928421557,3.877082109451294,585000,0.0,0.0
2023-05-30 00:00:00-04:00,3.8294519437818675,3.962815815270967,3.6675098727132815,3.7913479804992676,764900,0.0,0.0
2023-05-31 00:00:00-04:00,3.791347923819633,3.810399905176111,3.600827883137321,3.6770358085632324,734400,0.0,0.0
2023-06-01 00:00:00-04:00,3.696088151463248,3.853267116929526,3.6865619333210096,3.8199262619018555,572100,0.0,0.0
2023-06-02 00:00:00-04:00,3.877082168352779,3.9437638777253685,3.8104000047451114,3.9056599140167236,679000,0.0,0.0
2023-06-05 00:00:00-04:00,3.90565989786139,4.0485499882952976,3.858030170540138,3.99139404296875,769800,0.0,0.0
2023-06-06 00:00:00-04:00,4.00091966252889,4.20096569107884,3.9818676814400886,4.124757766723633,687800,0.0,0.0
2023-06-07 00:00:00-04:00,4.1152320851903434,4.23906973761441,4.1152320851903434,4.153336048126221,682000,0.0,0.0
2023-06-08 00:00:00-04:00,4.124757953540863,4.229544081392744,4.124757953540863,4.200965881347656,548200,0.0,0.0
2023-06-09 00:00:00-04:00,4.220017910003662,4.258121874328768,4.191440163877375,4.220017910003662,553900,0.0,0.0
2023-06-12 00:00:00-04:00,4.277173903402692,4.3533822871238295,4.210492192219945,4.239069938659668,789700,0.0,0.0
2023-06-13 00:00:00-04:00,4.286699819508695,4.305751800537109,4.20572878657917,4.305751800537109,696500,0.0,0.0
2023-06-14 00:00:00-04:00,4.315278100547581,4.401011789694573,4.305751882733989,4.334330081939697,591900,0.0,0.0
2023-06-15 00:00:00-04:00,4.36290792123217,4.434353193673485,4.339092830418398,4.372434139251709,649100,0.0,0.0
2023-06-16 00:00:00-04:00,4.401011837475569,4.401011837475569,4.305751929480765,4.353382110595703,1401700,0.0,0.0
2023-06-20 00:00:00-04:00,4.353382028167988,4.353382028167988,4.162861761550654,4.324803829193115,976100,0.0,0.0
2023-06-21 00:00:00-04:00,4.33433004692976,4.367670900537892,4.286699866716662,4.324803829193115,710600,0.0,0.0
2023-06-22 00:00:00-04:00,4.324804214590282,4.324804214590282,4.260980094466403,4.286700248718262,481900,0.0,0.0
2023-06-23 00:00:00-04:00,4.258122001578755,4.267648220062256,4.186677179892892,4.267648220062256,487800,0.0,0.0
2023-06-26 00:00:00-04:00,4.267648173932216,4.320041012319849,4.2438330822159855,4.24859619140625,505400,0.0,0.0
2023-06-27 00:00:00-04:00,4.267648057742956,4.443879004868922,4.267648057742956,4.391486167907715,1080100,0.0,0.0
2023-06-28 00:00:00-04:00,4.401012070241672,4.448642253875732,4.343856122421856,4.448642253875732,584000,0.0,0.0
2023-06-29 00:00:00-04:00,4.401011978341793,4.458167924968104,4.348619140826445,4.410538196563721,663900,0.0,0.0
2023-06-30 00:00:00-04:00,4.420063878874571,4.467694060633908,4.362907933304413,4.381959915161133,1219700,0.0,0.0
2023-07-03 00:00:00-04:00,4.429590131922244,4.5581908969125084,4.391486167907715,4.391486167907715,793200,0.0,0.0
2023-07-05 00:00:00-04:00,4.420064098406744,4.4772200468156775,4.391486351319827,4.467694282531738,773100,0.0,0.0
2023-07-06 00:00:00-04:00,4.420063686155866,4.49627161026001,4.339092653236449,4.49627161026001,484300,0.0,0.0
2023-07-07 00:00:00-04:00,4.543901873037037,4.62963601633955,4.491509037816095,4.524849891662598,1427000,0.0,0.0
2023-07-10 00:00:00-04:00,4.515323566555505,4.734421574272442,4.515323566555505,4.6677398681640625,981100,0.0,0.0
2023-07-11 00:00:00-04:00,4.696317754765868,4.743947935631199,4.686791991133843,4.72489595413208,1150600,0.0,0.0
2023-07-12 00:00:00-04:00,4.724895810929126,4.791577971272561,4.629635906320687,4.6677398681640625,1015600,0.0,0.0
2023-07-13 00:00:00-04:00,4.705844145827736,4.824919148138453,4.705844145827736,4.79157829284668,1415200,0.0,0.0
2023-07-14 00:00:00-04:00,4.810630379266073,4.872548982082195,4.648688299937518,4.839208126068115,1431200,0.0,0.0
2023-07-17 00:00:00-04:00,4.820155840050349,5.1821439411482375,4.820155840050349,5.096409797668457,2079400,0.0,0.0
2023-07-18 00:00:00-04:00,5.067832154042275,5.124988099427122,4.90589008166767,4.943994045257568,1870500,0.0,0.0
2023-07-19 00:00:00-04:00,4.982098194868969,5.067832343264917,4.9535199939919545,5.020202159881592,691300,0.0,0.0
2023-07-20 00:00:00-04:00,5.010676096288272,5.105936003126724,4.972571679317825,5.086884021759033,529000,0.0,0.0
2023-07-21 00:00:00-04:00,5.10593610945137,5.153565836744892,5.029728182393676,5.134513854980469,2714900,0.0,0.0
2023-07-24 00:00:00-04:00,5.172617818509316,5.253588854566885,5.079262971593117,5.134513854980469,1428900,0.0,0.0
2023-07-25 00:00:00-04:00,5.277404181924421,5.363138330825444,5.172618050404847,5.229773998260498,1271100,0.0,0.0
2023-07-26 00:00:00-04:00,5.325034383100892,5.444109388417208,5.239300233917913,5.4298200607299805,1954700,0.0,0.0
2023-07-27 00:00:00-04:00,5.477450186075817,5.525080369387904,5.3155081078968305,5.401242256164551,816400,0.0,0.0
2023-07-28 00:00:00-04:00,5.496501792603099,5.5250799914826745,5.372663687850043,5.448871612548828,1142700,0.0,0.0
2023-07-31 00:00:00-04:00,5.391716023291435,5.610814048313972,5.3821902591957205,5.591762065887451,1169200,0.0,0.0
2023-08-01 00:00:00-04:00,5.525080057937927,5.696547890572597,5.510790731208738,5.658443927764893,1791800,0.0,0.0
2023-08-02 00:00:00-04:00,5.639392249071299,5.639392249071299,5.525080354512173,5.591762065887451,1365100,0.0,0.0
2023-08-03 00:00:00-04:00,5.61081370012503,5.7155998240857535,5.61081370012503,5.639391899108887,904100,0.0,0.0
2023-08-04 00:00:00-04:00,5.648917815704696,5.727983789840245,5.6108138521836075,5.706073760986328,555700,0.0,0.0
2023-08-07 00:00:00-04:00,5.744178131375715,5.744178131375715,5.582236060628935,5.687021732330322,920500,0.0,0.0
2023-08-08 00:00:00-04:00,5.763230439003744,5.763230439003744,5.325034383100892,5.4298200607299805,1492200,0.0,0.0
2023-08-09 00:00:00-04:00,5.439345965623195,5.515553891954823,5.391715784548393,5.486976146697998,595200,0.0,0.0
2023-08-10 00:00:00-04:00,5.496501957363572,5.572709884346729,5.486976193608215,5.506028175354004,503800,0.0,0.0
2023-08-11 00:00:00-04:00,5.420293906042507,5.4488716508880986,5.201195893874353,5.26787805557251,1321100,0.0,0.0
2023-08-14 00:00:00-04:00,5.172617723323788,5.207864093345159,5.020201872013126,5.096409797668457,1343900,0.0,0.0
2023-08-15 00:00:00-04:00,5.029728250120978,5.063069105098899,4.924942121888123,4.972571849822998,1049800,0.0,0.0
2023-08-16 00:00:00-04:00,4.924942109963898,5.015438910785607,4.91541589185894,4.963046073913574,801500,0.0,0.0
2023-08-17 00:00:00-04:00,5.020202066876282,5.0678322493772,4.953519902222012,4.98209810256958,602500,0.0,0.0
2023-08-18 00:00:00-04:00,4.915415716494104,4.943993915554331,4.839207791313585,4.896363735198975,880100,0.0,0.0
2023-08-21 00:00:00-04:00,4.93446774533368,4.943993963190564,4.863022928347326,4.9154157638549805,697200,0.0,0.0
2023-08-22 00:00:00-04:00,4.953519630983474,4.953519630983474,4.8487339619953085,4.877311706542969,852400,0.0,0.0
2023-08-23 00:00:00-04:00,4.858260096891382,4.953520009725508,4.820156131757732,4.829682350158691,872100,0.0,0.0
2023-08-24 00:00:00-04:00,4.877311706542969,4.929704995272111,4.8487339619953085,4.877311706542969,907500,0.0,0.0
2023-08-25 00:00:00-04:00,4.9058898927561705,4.93446763723061,4.829681968510919,4.867785930633545,712600,0.0,0.0
2023-08-28 00:00:00-04:00,4.839207779054852,4.924941921783285,4.820155797807985,4.886837959289551,1079300,0.0,0.0
2023-08-29 00:00:00-04:00,5.001150049971988,5.153565906139717,4.801104011634302,4.972571849822998,1603500,0.0,0.0
2023-08-30 00:00:00-04:00,4.972572039558641,5.05830618904184,4.820156177575265,4.848734378814697,1321500,0.0,0.0
2023-08-31 00:00:00-04:00,4.839207986288336,4.843971095362793,4.72489609391186,4.782052040100098,1445600,0.0,0.0
2023-09-01 00:00:00-04:00,4.772526037554803,4.943993867545941,4.753473602209617,4.877311706542969,962200,0.0,0.0
2023-09-05 00:00:00-04:00,4.8106304133188535,4.872549016573275,4.801104194827343,4.848734378814697,583900,0.0,0.0
2023-09-06 00:00:00-04:00,4.820155810018456,4.958282787966913,4.820155810018456,4.896363735198975,836900,0.0,0.0
2023-09-07 00:00:00-04:00,4.8201557508627335,4.924941873817484,4.80110376980142,4.867785930633545,1047300,0.0,0.0
2023-09-08 00:00:00-04:00,4.839207779054852,4.891601068160033,4.810630034302083,4.886837959289551,438700,0.0,0.0
2023-09-11 00:00:00-04:00,4.848734332725517,4.967809337326948,4.686792253789955,4.829682350158691,2380500,0.0,0.0
2023-09-12 00:00:00-04:00,4.867786373238481,4.910653448082901,4.829682407651241,4.858260154724121,641700,0.0,0.0
2023-09-13 00:00:00-04:00,4.848734251492746,4.877311997746663,4.782052086508464,4.8011040687561035,513000,0.0,0.0
2023-09-14 00:00:00-04:00,4.839208079843181,4.858260062274253,4.801104114981038,4.820156097412109,516600,0.0,0.0
2023-09-15 00:00:00-04:00,4.801104010095423,4.820155992110283,4.758236937003218,4.772526264190674,696100,0.0,0.0
2023-09-18 00:00:00-04:00,4.715369863911014,4.791578246205534,4.715369863911014,4.772526264190674,522700,0.0,0.0
2023-09-19 00:00:00-04:00,4.763000058037352,4.829682222374505,4.734421857825692,4.782052040100098,561800,0.0,0.0
2023-09-20 00:00:00-04:00,4.772526322502187,4.867786233740386,4.753473886019461,4.8011040687561035,752400,0.0,0.0
2023-09-21 00:00:00-04:00,4.74394820149043,4.839208114324556,4.74394820149043,4.829682350158691,437700,0.0,0.0
2023-09-22 00:00:00-04:00,4.858259712985359,4.943993854878796,4.848733949572232,4.867785930633545,793000,0.0,0.0
2023-09-25 00:00:00-04:00,4.839207938949585,4.839207938949585,4.753473793388366,4.763000011444092,2350800,0.0,0.0
2023-09-26 00:00:00-04:00,4.724895919182126,4.7725260996951375,4.668692506040202,4.715369701385498,586000,0.0,0.0
2023-09-27 00:00:00-04:00,4.734421717764105,4.762999917130317,4.686791991133843,4.72489595413208,608200,0.0,0.0
2023-09-28 00:00:00-04:00,4.724896128028047,4.820156039029603,4.696317927610037,4.79157829284668,904900,0.0,0.0
2023-09-29 00:00:00-04:00,4.8296821275038875,4.8868380725693985,4.743947982788086,4.743947982788086,829200,0.0,0.0
2023-10-02 00:00:00-04:00,4.762999964476589,4.801103927853596,4.705844019411079,4.743947982788086,658300,0.0,0.0
2023-10-03 00:00:00-04:00,4.677265934916904,4.734421881389616,4.539138950715746,4.601058006286621,1212800,0.0,0.0
2023-10-04 00:00:00-04:00,4.591532101367852,4.610584082940537,4.501034848221294,4.5439019203186035,823500,0.0,0.0
2023-10-05 00:00:00-04:00,4.524849891662598,4.572480072216231,4.477219711108965,4.524849891662598,872500,0.0,0.0
2023-10-06 00:00:00-04:00,4.524850123196044,4.685839669300577,4.524850123196044,4.620110034942627,1420100,0.0,0.0
2023-10-09 00:00:00-04:00,4.620109701154866,4.720132714821216,4.57247997584021,4.677265644073486,931800,0.0,0.0
2023-10-10 00:00:00-04:00,4.71536982963562,4.877311902702331,4.686792083938599,4.763000011444092,1064000,0.0,0.0
2023-10-11 00:00:00-04:00,4.820155921895708,4.886838085093907,4.715369795222846,4.75347375869751,764600,0.0,0.0
2023-10-12 00:00:00-04:00,4.75347375869751,4.774431256573127,4.677265831748182,4.75347375869751,739500,0.0,0.0
2023-10-13 00:00:00-04:00,4.772526356734097,4.82968230388698,4.715369955346125,4.8106303215026855,1035800,0.0,0.0
2023-10-16 00:00:00-04:00,4.848733963421299,4.8677859445370295,4.620109735797485,4.686791896820068,1277500,0.0,0.0
2023-10-17 00:00:00-04:00,4.686792188234564,4.701081061401046,4.562954076164808,4.610584259033203,676800,0.0,0.0
2023-10-18 00:00:00-04:00,4.572480072216231,4.572480072216231,4.391486022041518,4.524849891662598,1543500,0.0,0.0
2023-10-19 00:00:00-04:00,4.524850137262444,4.591532302809892,4.405775133650274,4.429590225219727,793800,0.0,0.0
2023-10-20 00:00:00-04:00,4.391486272098485,4.467694201935624,4.229544194077019,4.43911600112915,810900,0.0,0.0
2023-10-23 00:00:00-04:00,4.410538254557769,4.5105612760277864,4.377196944577703,4.43911600112915,796800,0.0,0.0
2023-10-24 00:00:00-04:00,4.47721975769667,4.591532101367852,4.448642012455178,4.5439019203186035,864300,0.0,0.0
2023-10-25 00:00:00-04:00,4.524849891662598,4.567716963313854,4.458167729734526,4.524849891662598,791800,0.0,0.0
2023-10-26 00:00:00-04:00,4.5248500543202175,4.562954018438844,4.401011943817139,4.401011943817139,952800,0.0,0.0
2023-10-27 00:00:00-04:00,4.4581680640127,4.5200871216811525,4.420064098406744,4.467694282531738,526500,0.0,0.0
2023-10-30 00:00:00-04:00,4.524850230940672,4.601058162152583,4.439116081209722,4.467694282531738,425700,0.0,0.0
2023-10-31 00:00:00-04:00,4.42958993830852,4.520086735328715,4.410537957134002,4.505797863006592,806100,0.0,0.0
2023-11-01 00:00:00-04:00,4.5248499854360595,4.601057912513159,4.486746021897509,4.562953948974609,832800,0.0,0.0
2023-11-02 00:00:00-04:00,4.601057994313652,4.639161958529638,4.558190921011897,4.591532230377197,508700,0.0,0.0
2023-11-03 00:00:00-04:00,4.648688235584147,4.734421929038526,4.620110034942627,4.620110034942627,558600,0.0,0.0
2023-11-06 00:00:00-05:00,4.667739915704339,4.743947840167257,4.6534510434263066,4.686791896820068,421100,0.0,0.0
2023-11-07 00:00:00-05:00,4.667740299025519,4.691555390934674,4.601058132526905,4.648688316345215,541300,0.0,0.0
2023-11-08 00:00:00-05:00,4.658213940637632,4.686792140917163,4.572480248269204,4.591532230377197,337100,0.0,0.0
2023-11-09 00:00:00-05:00,4.572480201721191,4.610584165549278,4.524850019818543,4.572480201721191,517100,0.0,0.0
2023-11-10 00:00:00-05:00,4.582005883463974,4.609631551997164,4.524849938745918,4.5439019203186035,527400,0.0,0.0
2023-11-13 00:00:00-05:00,4.562954178614123,4.729659368161349,4.553428414367621,4.658214092254639,982300,0.0,0.0
2023-11-14 00:00:00-05:00,4.686792003287728,4.743947947933301,4.639161822298882,4.734421730041504,761400,0.0,0.0
2023-11-15 00:00:00-05:00,4.743947982788086,4.8677860908808945,4.734421764826298,4.743947982788086,687500,0.0,0.0
2023-11-16 00:00:00-05:00,4.686791896820068,4.722037812054885,4.59153199124142,4.686791896820068,864500,0.0,0.0
2023-11-17 00:00:00-05:00,4.686792208887229,4.82968230388698,4.6582140081932435,4.8106303215026855,1468400,0.0,0.0
2023-11-20 00:00:00-05:00,4.801103828723327,4.943993915554331,4.772526083898164,4.896363735198975,1174600,0.0,0.0
2023-11-21 00:00:00-05:00,4.572480351827973,4.7915783781496275,4.019971949712644,4.639162063598633,3322600,0.0,0.0
2023-11-22 00:00:00-05:00,4.629635983239812,4.629635983239812,4.248595904240207,4.324803829193115,1196000,0.0,0.0
2023-11-24 00:00:00-05:00,4.315278193839703,4.443878957457948,4.26764801221216,4.372434139251709,778000,0.0,0.0
2023-11-27 00:00:00-05:00,4.2962263400092935,4.334330304752317,4.200965973916644,4.239069938659668,1108500,0.0,0.0
2023-11-28 00:00:00-05:00,4.239069845251053,4.334330209244624,4.200965881347656,4.200965881347656,987200,0.0,0.0
2023-11-29 00:00:00-05:00,4.191440209848433,4.248596156962969,4.134284262733897,4.239069938659668,739000,0.0,0.0
2023-11-30 00:00:00-05:00,4.27717385649132,4.339092912078388,4.200965927841109,4.220017910003662,1583500,0.0,0.0
2023-12-01 00:00:00-05:00,4.220017990499755,4.286700156458182,4.14381006039589,4.24859619140625,851300,0.0,0.0
2023-12-04 00:00:00-05:00,4.1914402891346425,4.310515294767813,4.1914402891346425,4.267648220062256,861800,0.0,0.0
2023-12-05 00:00:00-05:00,4.248596063344442,4.262884936249446,4.200965881347656,4.200965881347656,642500,0.0,0.0
2023-12-06 00:00:00-05:00,4.20096601957987,4.305752150879724,4.20096601957987,4.258121967315674,777900,0.0,0.0
2023-12-07 00:00:00-05:00,4.267647885478434,4.33433004692976,4.258121667741789,4.324803829193115,404600,0.0,0.0
2023-12-08 00:00:00-05:00,4.315278193839703,4.429590084663715,4.315278193839703,4.372434139251709,616200,0.0,0.0
2023-12-11 00:00:00-05:00,4.3438561160369265,4.377196971990705,4.258121967315674,4.258121967315674,696900,0.0,0.0
2023-12-12 00:00:00-05:00,4.296226421277661,4.305752185526063,4.253359346572103,4.267648220062256,831600,0.0,0.0
2023-12-13 00:00:00-05:00,4.258121608446778,4.324803768969545,4.191439902159068,4.2962260246276855,877200,0.0,0.0
2023-12-14 00:00:00-05:00,4.296226257871393,4.477219859822864,4.296226257871393,4.391486167907715,1018000,0.0,0.0
2023-12-15 00:00:00-05:00,4.410537969285014,4.572480036832097,4.343855807872961,4.515323638916016,2330900,0.0,0.0
2023-12-18 00:00:00-05:00,4.5724803679362145,4.5724803679362145,4.415301397872947,4.448642253875732,624600,0.0,0.0
2023-12-19 00:00:00-05:00,4.477219711108965,4.567716963313854,4.477219711108965,4.524849891662598,862200,0.0,0.0
2023-12-20 00:00:00-05:00,4.515324024146057,4.5915324097909505,4.467694294132489,4.477220058441162,655400,0.0,0.0
2023-12-21 00:00:00-05:00,4.515323859460011,4.601058006286621,4.49627187730244,4.601058006286621,609900,0.0,0.0
2023-12-22 00:00:00-05:00,4.601058006286621,4.634398861503598,4.572480260167808,4.601058006286621,486500,0.0,0.0
2023-12-26 00:00:00-05:00,4.610584082940537,4.615346737657405,4.515323720842041,4.5439019203186035,260800,0.0,0.0
2023-12-27 00:00:00-05:00,4.562953936806884,4.562953936806884,4.505797991651472,4.5534281730651855,339100,0.0,0.0
2023-12-28 00:00:00-05:00,4.553428075010474,4.724895906784274,4.553428075010474,4.705843925476074,887100,0.0,0.0
2023-12-29 00:00:00-05:00,4.7058438300074386,4.724895810929126,4.6486878872423745,4.6677398681640625,684900,0.0,0.0
2024-01-02 00:00:00-05:00,4.648688176701176,4.653451285786946,4.491509210751462,4.591532230377197,656200,0.0,0.0
2024-01-03 00:00:00-05:00,4.610583925398999,4.696317612429066,4.581053195988114,4.6677398681640625,545100,0.0,0.0
2024-01-04 00:00:00-05:00,4.639162063598633,4.691555356258544,4.610584316906948,4.639162063598633,403600,0.0,0.0
2024-01-05 00:00:00-05:00,4.629636299446435,4.65821404613812,4.586769225173815,4.639162063598633,371000,0.0,0.0
2024-01-08 00:00:00-05:00,4.620109941559075,4.620109941559075,4.515323813638269,4.582005977630615,729200,0.0,0.0
2024-01-09 00:00:00-05:00,4.543901837874056,4.543901837874056,4.467693912966031,4.515323638916016,885900,0.0,0.0
2024-01-10 00:00:00-05:00,4.52484985664705,4.6629768341016105,4.477219676462004,4.515323638916016,764100,0.0,0.0
2024-01-11 00:00:00-05:00,4.52485015687059,4.667740252671417,4.486746191888382,4.629636287689209,1186200,0.0,0.0
2024-01-12 00:00:00-05:00,4.6391619113028035,4.648688129377365,4.553428219807148,4.572480201721191,1132600,0.0,0.0
2024-01-16 00:00:00-05:00,4.515323641575386,4.524849859312031,4.239069686503562,4.324803829193115,1567700,0.0,0.0
2024-01-17 00:00:00-05:00,4.277173821629048,4.458167877815599,4.277173821629048,4.391486167907715,883100,0.0,0.0
2024-01-18 00:00:00-05:00,4.429590225219727,4.453405316789178,4.353382295585552,4.429590225219727,550800,0.0,0.0
2024-01-19 00:00:00-05:00,4.439115942759334,4.439115942759334,4.3152782855198675,4.410538196563721,609900,0.0,0.0
2024-01-22 00:00:00-05:00,4.391486086101197,4.405774958781695,4.315278159491774,4.362907886505127,784400,0.0,0.0
2024-01-23 00:00:00-05:00,4.429590316925783,4.529613340200191,4.429590316925783,4.467694282531738,773600,0.0,0.0
2024-01-24 00:00:00-05:00,4.534376191346715,4.572480154783656,4.4962717736746995,4.5534281730651855,759800,0.0,0.0
2024-01-25 00:00:00-05:00,4.543901955088414,4.562953936806884,4.458167810237759,4.5534281730651855,605400,0.0,0.0
2024-01-26 00:00:00-05:00,4.562953889573526,4.5772427621556995,4.515323708652856,4.53437614440918,524300,0.0,0.0
2024-01-29 00:00:00-05:00,4.562953936806884,4.572480154783656,4.458167810237759,4.5534281730651855,469500,0.0,0.0
2024-01-30 00:00:00-05:00,4.524849926531018,4.562953889573526,4.501034836070683,4.53437614440918,377700,0.0,0.0
2024-01-31 00:00:00-05:00,4.486746067809464,4.6867921055514215,4.486746067809464,4.582005977630615,1166200,0.0,0.0
2024-02-01 00:00:00-05:00,4.620109988444192,4.646782672617774,4.553428278010236,4.601058006286621,618600,0.0,0.0
2024-02-02 00:00:00-05:00,4.572480107451688,4.605820961555115,4.505797945009764,4.53437614440918,550600,0.0,0.0
2024-02-05 00:00:00-05:00,4.572479988599212,4.572479988599212,4.429589903786413,4.49627161026001,641300,0.0,0.0
2024-02-06 00:00:00-05:00,4.582006104343902,4.682029125980971,4.543902139361695,4.629636287689209,1299600,0.0,0.0
2024-02-07 00:00:00-05:00,4.610584224482949,4.6677401709556605,4.572480260167808,4.601058006286621,747100,0.0,0.0
2024-02-08 00:00:00-05:00,4.543901777269281,4.548664886071269,4.391485929486095,4.486745834350586,1277500,0.0,0.0
2024-02-09 00:00:00-05:00,4.524850196201177,4.524850196201177,4.405775191037988,4.458168029785156,521100,0.0,0.0
2024-02-12 00:00:00-05:00,4.49627165768901,4.562953819101063,4.467693912966031,4.515323638916016,957200,0.0,0.0
2024-02-13 00:00:00-05:00,4.4391157945513,4.591532101367852,4.4391157945513,4.5439019203186035,907900,0.0,0.0
2024-02-14 00:00:00-05:00,4.610584031032978,4.720132810283812,4.586768940776472,4.715369701385498,850200,0.0,0.0
2024-02-15 00:00:00-05:00,4.696317893700199,4.791578258249012,4.696317893700199,4.782052040100098,746600,0.0,0.0
2024-02-16 00:00:00-05:00,4.848734251492746,4.896363979994303,4.734421903771821,4.8011040687561035,795500,0.0,0.0
2024-02-20 00:00:00-05:00,4.810630193252564,4.810630193252564,4.724896047691345,4.763000011444092,561500,0.0,0.0
2024-02-21 00:00:00-05:00,4.782052178228936,4.943994257557491,4.782052178228936,4.839208126068115,627500,0.0,0.0
2024-02-22 00:00:00-05:00,4.839207837940186,4.9820979261479605,4.810630092839672,4.9154157638549805,722800,0.0,0.0
2024-02-23 00:00:00-05:00,4.953519902222012,5.020202066876282,4.934467920068661,4.98209810256958,637500,0.0,0.0
2024-02-26 00:00:00-05:00,4.963045896849461,4.996386750557172,4.839207791313585,4.896363735198975,383800,0.0,0.0
2024-02-27 00:00:00-05:00,4.915415949683154,5.015438969786478,4.848734239104329,4.991623878479004,498300,0.0,0.0
2024-02-28 00:00:00-05:00,4.934467920068661,4.98209810256958,4.858259991455259,4.98209810256958,265000,0.0,0.0
2024-02-29 00:00:00-05:00,5.001150084722931,5.053542922085874,4.963046120416229,4.98209810256958,1113100,0.0,0.0
2024-03-01 00:00:00-05:00,4.991623764629753,5.205959127273363,4.991623764629753,5.134513854980469,1107600,0.0,0.0
2024-03-04 00:00:00-05:00,5.115462025208607,5.115462025208607,4.972571930612286,5.001150131225586,638900,0.0,0.0
2024-03-05 00:00:00-05:00,5.001149878486894,5.096409785325346,4.934467716582445,5.086884021759033,715600,0.0,0.0
2024-03-06 00:00:00-05:00,5.086884148293276,5.115461893938138,4.92494207552213,4.953519821166992,1076100,0.0,0.0
2024-03-07 00:00:00-05:00,4.943994066387177,4.982098030139923,4.696317847759246,4.763000011444092,1260000,0.0,0.0
2024-03-08 00:00:00-05:00,4.753473827940733,4.782052028080563,4.639161935851575,4.772526264190674,1146300,0.0,0.0
2024-03-11 00:00:00-04:00,4.801104022162844,4.934467896602067,4.772526276186266,4.782052040100098,606000,0.0,0.0
2024-03-12 00:00:00-04:00,4.810630263189425,5.020202066876282,4.782052062841856,4.98209810256958,1488100,0.0,0.0
2024-03-13 00:00:00-04:00,4.982097909185461,5.11546177908229,4.982097909185461,5.096409797668457,1547600,0.0,0.0
2024-03-14 00:00:00-04:00,5.058305900424051,5.058305900424051,4.791578157172145,4.934467792510986,1749300,0.0,0.0
2024-03-15 00:00:00-04:00,4.839208067961581,4.934467979883052,4.763000138424405,4.8106303215026855,1213400,0.0,0.0
2024-03-18 00:00:00-04:00,4.829682139881911,4.829682139881911,4.696317813485514,4.75347375869751,1037000,0.0,0.0
2024-03-19 00:00:00-04:00,4.705844182632096,4.705844182632096,4.239069933721205,4.620110034942627,1200600,0.0,0.0
2024-03-20 00:00:00-04:00,4.610584018935074,4.858259775941676,4.601057801163441,4.705843925476074,969200,0.0,0.0
2024-03-21 00:00:00-04:00,4.75347375869751,4.820155921895708,4.677265831748182,4.75347375869751,578800,0.0,0.0
2024-03-22 00:00:00-04:00,4.6677398681640625,4.724895810929126,4.624872797531501,4.6677398681640625,612400,0.0,0.0
2024-03-25 00:00:00-04:00,4.667739928097552,4.715369653895806,4.61058398459861,4.696317672729492,668600,0.0,0.0
2024-03-26 00:00:00-04:00,4.715369641376133,4.715369641376133,4.624872844635182,4.686791896820068,639500,0.0,0.0
2024-03-27 00:00:00-04:00,4.667739915704339,4.72013275021383,4.667739915704339,4.686791896820068,397000,0.0,0.0
2024-03-28 00:00:00-04:00,4.686792175270265,4.867786233740386,4.686792175270265,4.8011040687561035,1223000,0.0,0.0
2024-04-01 00:00:00-04:00,4.848734378814697,4.972572039558641,4.801104194827343,4.848734378814697,744300,0.0,0.0
2024-04-02 00:00:00-04:00,4.848734344492192,4.896364073907294,4.791578396653014,4.839208126068115,574700,0.0,0.0
2024-04-03 00:00:00-04:00,4.839208171930501,4.896364120311361,4.76300024075602,4.858260154724121,540500,0.0,0.0
2024-04-04 00:00:00-04:00,4.896363817063524,5.044017015245759,4.886838053374226,4.9249420166015625,1013100,0.0,0.0
2024-04-05 00:00:00-04:00,4.924942156109528,5.010676302917148,4.924942156109528,4.98209810256958,580500,0.0,0.0
2024-04-08 00:00:00-04:00,5.029728412628174,5.0725950328840295,4.982098228919318,5.029728412628174,723800,0.0,0.0
2024-04-09 00:00:00-04:00,5.058305775390539,5.1106986101040395,4.936373186622096,5.067831993103027,951100,0.0,0.0
2024-04-10 00:00:00-04:00,5.067832331356801,5.153566025316204,5.00115016562385,5.010676383972168,651400,0.0,0.0
2024-04-11 00:00:00-04:00,5.029728190452377,5.09640989961716,4.924942063462619,4.943994045257568,611700,0.0,0.0
2024-04-12 00:00:00-04:00,4.915415866455078,4.915415866455078,4.763000011444092,4.763000011444092,540500,0.0,0.0
2024-04-15 00:00:00-04:00,4.820000171661377,4.960000038146973,4.75,4.829999923706055,917200,0.237,0.0
2024-04-16 00:00:00-04:00,4.840000152587891,4.840000152587891,4.639999866485596,4.710000038146973,1050000,0.0,0.0
2024-04-17 00:00:00-04:00,4.730000019073486,4.764999866485596,4.639999866485596,4.679999828338623,793100,0.0,0.0
2024-04-18 00:00:00-04:00,4.71999979019165,4.809999942779541,4.699999809265137,4.730000019073486,593300,0.0,0.0
2024-04-19 00:00:00-04:00,4.71999979019165,4.769999980926514,4.682000160217285,4.739999771118164,525400,0.0,0.0
2024-04-22 00:00:00-04:00,4.75,4.849999904632568,4.730000019073486,4.760000228881836,643400,0.0,0.0
2024-04-23 00:00:00-04:00,4.78000020980835,4.869999885559082,4.775000095367432,4.829999923706055,541600,0.0,0.0
2024-04-24 00:00:00-04:00,4.900000095367432,4.965000152587891,4.860000133514404,4.900000095367432,569000,0.0,0.0
2024-04-25 00:00:00-04:00,4.900000095367432,4.900000095367432,4.835000038146973,4.849999904632568,180400,0.0,0.0
2024-04-26 00:00:00-04:00,4.889999866485596,4.96999979019165,4.849999904632568,4.889999866485596,311900,0.0,0.0
2024-04-29 00:00:00-04:00,4.889999866485596,4.934999942779541,4.78000020980835,4.860000133514404,479200,0.0,0.0
2024-04-30 00:00:00-04:00,4.820000171661377,4.869999885559082,4.739999771118164,4.769999980926514,903600,0.0,0.0
2024-05-01 00:00:00-04:00,4.789999961853027,4.900000095367432,4.764999866485596,4.869999885559082,444100,0.0,0.0
2024-05-02 00:00:00-04:00,4.96999979019165,5.139999866485596,4.96999979019165,5.03000020980835,862400,0.0,0.0
2024-05-03 00:00:00-04:00,5.050000190734863,5.050000190734863,4.974999904632568,5.010000228881836,394600,0.0,0.0
2024-05-06 00:00:00-04:00,5.03000020980835,5.110000133514404,5.03000020980835,5.070000171661377,338900,0.0,0.0
2024-05-07 00:00:00-04:00,5.059999942779541,5.079999923706055,4.940000057220459,5.0,677800,0.0,0.0
2024-05-08 00:00:00-04:00,4.989999771118164,5.159999847412109,4.989999771118164,5.099999904632568,612700,0.0,0.0
2024-05-09 00:00:00-04:00,5.190000057220459,5.230000019073486,5.079999923706055,5.090000152587891,279700,0.0,0.0
2024-05-10 00:00:00-04:00,5.119999885559082,5.138999938964844,5.050000190734863,5.110000133514404,292900,0.0,0.0
2024-05-13 00:00:00-04:00,5.130000114440918,5.25,5.110000133514404,5.130000114440918,721900,0.0,0.0
2024-05-14 00:00:00-04:00,5.139999866485596,5.170000076293945,5.085000038146973,5.159999847412109,562700,0.0,0.0
2024-05-15 00:00:00-04:00,5.21999979019165,5.239999771118164,5.070000171661377,5.159999847412109,651600,0.0,0.0
2024-05-16 00:00:00-04:00,5.179999828338623,5.190000057220459,4.75,5.050000190734863,1258900,0.0,0.0
2024-05-17 00:00:00-04:00,5.050000190734863,5.110000133514404,4.985000133514404,5.050000190734863,361400,0.0,0.0
2024-05-20 00:00:00-04:00,4.940000057220459,4.960000038146973,4.815000057220459,4.820000171661377,1206400,0.0,0.0
2024-05-21 00:00:00-04:00,4.769999980926514,4.789999961853027,4.650000095367432,4.71999979019165,833800,0.0,0.0
2024-05-22 00:00:00-04:00,4.730000019073486,4.869999885559082,4.730000019073486,4.769999980926514,808800,0.0,0.0
2024-05-23 00:00:00-04:00,4.760000228881836,4.769999980926514,4.684999942779541,4.739999771118164,526700,0.0,0.0
2024-05-24 00:00:00-04:00,4.75,4.849999904632568,4.735000133514404,4.800000190734863,613500,0.0,0.0
2024-05-28 00:00:00-04:00,4.78000020980835,4.800000190734863,4.71999979019165,4.769999980926514,1095600,0.0,0.0
2024-05-29 00:00:00-04:00,4.710000038146973,4.758999824523926,4.699999809265137,4.730000019073486,408200,0.0,0.0
2024-05-30 00:00:00-04:00,4.71999979019165,4.800000190734863,4.715000152587891,4.730000019073486,834500,0.0,0.0
2024-05-31 00:00:00-04:00,4.699999809265137,4.789999961853027,4.650000095367432,4.78000020980835,970400,0.0,0.0
2024-06-03 00:00:00-04:00,4.78000020980835,4.829999923706055,4.71999979019165,4.730000019073486,476800,0.0,0.0
2024-06-04 00:00:00-04:00,4.71999979019165,4.769999980926514,4.670000076293945,4.699999809265137,904300,0.0,0.0
2024-06-05 00:00:00-04:00,4.699999809265137,4.789999961853027,4.699999809265137,4.78000020980835,626700,0.0,0.0
2024-06-06 00:00:00-04:00,4.789999961853027,4.802000045776367,4.751999855041504,4.78000020980835,533700,0.0,0.0
2024-06-07 00:00:00-04:00,4.739999771118164,4.78000020980835,4.699999809265137,4.699999809265137,597400,0.0,0.0
2024-06-10 00:00:00-04:00,4.690000057220459,4.744999885559082,4.670000076293945,4.679999828338623,251500,0.0,0.0
2024-06-11 00:00:00-04:00,4.659999847412109,4.710000038146973,4.630000114440918,4.710000038146973,649900,0.0,0.0
2024-06-12 00:00:00-04:00,4.699999809265137,4.764999866485596,4.679999828338623,4.690000057220459,577600,0.0,0.0
2024-06-13 00:00:00-04:00,4.670000076293945,4.730000019073486,4.65500020980835,4.699999809265137,645000,0.0,0.0
2024-06-14 00:00:00-04:00,4.679999828338623,4.730000019073486,4.670000076293945,4.690000057220459,402400,0.0,0.0
2024-06-17 00:00:00-04:00,4.679999828338623,4.769999980926514,4.670000076293945,4.760000228881836,414700,0.0,0.0
2024-06-18 00:00:00-04:00,4.75,4.800000190734863,4.739999771118164,4.769999980926514,429100,0.0,0.0
2024-06-20 00:00:00-04:00,4.800000190734863,4.855000019073486,4.769999980926514,4.829999923706055,579500,0.0,0.0
2024-06-21 00:00:00-04:00,4.78000020980835,4.824999809265137,4.769999980926514,4.800000190734863,775500,0.0,0.0
2024-06-24 00:00:00-04:00,4.809999942779541,4.840000152587891,4.769999980926514,4.789999961853027,657700,0.0,0.0
2024-06-25 00:00:00-04:00,4.75,4.795000076293945,4.730000019073486,4.760000228881836,535300,0.0,0.0
2024-06-26 00:00:00-04:00,4.769999980926514,4.795000076293945,4.744999885559082,4.769999980926514,555500,0.0,0.0
2024-06-27 00:00:00-04:00,4.739999771118164,4.75,4.630000114440918,4.639999866485596,907700,0.0,0.0
2024-06-28 00:00:00-04:00,4.679999828338623,4.78000020980835,4.639999866485596,4.769999980926514,841200,0.0,0.0
2024-07-01 00:00:00-04:00,4.789999961853027,4.900000095367432,4.78000020980835,4.800000190734863,626100,0.0,0.0
2024-07-02 00:00:00-04:00,4.820000171661377,4.849999904632568,4.795000076293945,4.840000152587891,459300,0.0,0.0
2024-07-03 00:00:00-04:00,4.880000114440918,4.989999771118164,4.835000038146973,4.860000133514404,631900,0.0,0.0
2024-07-05 00:00:00-04:00,4.869999885559082,4.900000095367432,4.820000171661377,4.860000133514404,452800,0.0,0.0
2024-07-08 00:00:00-04:00,4.820000171661377,4.880000114440918,4.78000020980835,4.789999961853027,410200,0.0,0.0
2024-07-09 00:00:00-04:00,4.809999942779541,4.90500020980835,4.769999980926514,4.900000095367432,1004800,0.0,0.0
2024-07-10 00:00:00-04:00,4.920000076293945,5.010000228881836,4.900000095367432,4.909999847412109,719400,0.0,0.0
2024-07-11 00:00:00-04:00,4.980000019073486,5.119999885559082,4.960000038146973,5.019999980926514,984700,0.0,0.0
2024-07-12 00:00:00-04:00,5.050000190734863,5.074999809265137,5.005000114440918,5.019999980926514,272300,0.0,0.0
2024-07-15 00:00:00-04:00,5.039999961853027,5.039999961853027,4.940000057220459,4.96999979019165,171300,0.0,0.0
2024-07-16 00:00:00-04:00,4.96999979019165,5.025000095367432,4.96999979019165,5.010000228881836,273700,0.0,0.0
2024-07-17 00:00:00-04:00,5.019999980926514,5.019999980926514,4.965000152587891,4.96999979019165,158000,0.0,0.0
2024-07-18 00:00:00-04:00,4.989999771118164,5.065000057220459,4.945000171661377,4.960000038146973,539100,0.0,0.0
2024-07-19 00:00:00-04:00,4.960000038146973,5.039999961853027,4.929999828338623,5.0,414800,0.0,0.0
2024-07-22 00:00:00-04:00,5.03000020980835,5.059999942779541,5.014999866485596,5.050000190734863,467300,0.0,0.0
2024-07-23 00:00:00-04:00,5.039999961853027,5.070000171661377,5.0,5.050000190734863,340100,0.0,0.0
2024-07-24 00:00:00-04:00,5.050000190734863,5.114999771118164,5.013999938964844,5.070000171661377,544100,0.0,0.0
2024-07-25 00:00:00-04:00,5.079999923706055,5.28000020980835,5.079999923706055,5.199999809265137,675300,0.0,0.0
2024-07-26 00:00:00-04:00,5.210000038146973,5.465000152587891,5.190000057220459,5.409999847412109,769700,0.0,0.0
2024-07-29 00:00:00-04:00,5.440000057220459,5.510000228881836,5.340000152587891,5.449999809265137,1406600,0.0,0.0
2024-07-30 00:00:00-04:00,5.460000038146973,5.480000019073486,5.369999885559082,5.46999979019165,518900,0.0,0.0
2024-07-31 00:00:00-04:00,5.5,5.664999961853027,5.400000095367432,5.579999923706055,1422600,0.0,0.0
2024-08-01 00:00:00-04:00,5.599999904632568,5.639999866485596,5.315000057220459,5.380000114440918,658700,0.0,0.0
2024-08-02 00:00:00-04:00,5.369999885559082,5.369999885559082,5.25,5.260000228881836,465900,0.0,0.0
2024-08-05 00:00:00-04:00,5.039999961853027,5.309999942779541,4.974999904632568,5.28000020980835,720500,0.0,0.0
2024-08-06 00:00:00-04:00,5.260000228881836,5.478000164031982,5.260000228881836,5.420000076293945,504600,0.0,0.0
2024-08-07 00:00:00-04:00,5.5,5.545000076293945,5.320000171661377,5.329999923706055,363500,0.0,0.0
2024-08-08 00:00:00-04:00,5.369999885559082,5.550000190734863,5.340000152587891,5.5,646400,0.0,0.0
2024-08-09 00:00:00-04:00,5.510000228881836,5.514999866485596,5.394999980926514,5.460000038146973,273600,0.0,0.0
2024-08-12 00:00:00-04:00,5.480000019073486,5.570000171661377,5.440000057220459,5.539999961853027,330400,0.0,0.0
2024-08-13 00:00:00-04:00,5.539999961853027,5.579999923706055,5.46999979019165,5.550000190734863,319200,0.0,0.0
2024-08-14 00:00:00-04:00,5.559999942779541,5.659999847412109,5.550000190734863,5.619999885559082,466100,0.0,0.0
2024-08-15 00:00:00-04:00,5.670000076293945,5.684999942779541,5.59499979019165,5.610000133514404,345500,0.0,0.0
2024-08-16 00:00:00-04:00,5.619999885559082,5.704999923706055,5.61299991607666,5.699999809265137,419300,0.0,0.0
2024-08-19 00:00:00-04:00,5.679999828338623,5.800000190734863,5.650000095367432,5.789999961853027,628900,0.0,0.0
2024-08-20 00:00:00-04:00,5.75,5.800000190734863,5.675000190734863,5.699999809265137,605700,0.0,0.0
2024-08-21 00:00:00-04:00,5.559999942779541,5.699999809265137,5.340000152587891,5.5,726200,0.0,0.0
2024-08-22 00:00:00-04:00,5.519999980926514,5.650000095367432,5.460000038146973,5.590000152587891,562000,0.0,0.0
2024-08-23 00:00:00-04:00,5.5,5.519999980926514,5.190000057220459,5.320000171661377,1177100,0.0,0.0
2024-08-26 00:00:00-04:00,5.25,5.385000228881836,5.230000019073486,5.340000152587891,677500,0.0,0.0
2024-08-27 00:00:00-04:00,5.340000152587891,5.389999866485596,5.309999942779541,5.329999923706055,498300,0.0,0.0
2024-08-28 00:00:00-04:00,5.300000190734863,5.309999942779541,5.159999847412109,5.179999828338623,465600,0.0,0.0
2024-08-29 00:00:00-04:00,5.190000057220459,5.349999904632568,5.175000190734863,5.289999961853027,449000,0.0,0.0
2024-08-30 00:00:00-04:00,5.309999942779541,5.309999942779541,5.21999979019165,5.300000190734863,1049100,0.0,0.0
2024-09-03 00:00:00-04:00,5.25,5.28000020980835,5.179999828338623,5.260000228881836,478500,0.0,0.0
2024-09-04 00:00:00-04:00,5.269999980926514,5.300000190734863,5.190000057220459,5.239999771118164,329600,0.0,0.0
2024-09-05 00:00:00-04:00,5.230000019073486,5.239999771118164,5.170000076293945,5.210000038146973,425300,0.0,0.0
2024-09-06 00:00:00-04:00,5.190000057220459,5.204999923706055,5.139999866485596,5.190000057220459,374100,0.0,0.0
2024-09-09 00:00:00-04:00,5.179999828338623,5.289999961853027,5.150000095367432,5.25,471900,0.0,0.0
2024-09-10 00:00:00-04:00,5.25,5.25,5.150000095367432,5.190000057220459,332500,0.0,0.0
2024-09-11 00:00:00-04:00,5.199999809265137,5.295000076293945,5.190000057220459,5.260000228881836,377200,0.0,0.0
2024-09-12 00:00:00-04:00,5.269999980926514,5.28000020980835,5.199999809265137,5.199999809265137,354800,0.0,0.0
2024-09-13 00:00:00-04:00,5.21999979019165,5.320000171661377,5.190000057220459,5.300000190734863,528500,0.0,0.0
2024-09-16 00:00:00-04:00,5.329999923706055,5.440000057220459,5.309999942779541,5.329999923706055,482100,0.0,0.0
2024-09-17 00:00:00-04:00,5.329999923706055,5.440000057220459,5.289999961853027,5.380000114440918,734200,0.0,0.0
2024-09-18 00:00:00-04:00,5.389999866485596,5.434999942779541,5.329999923706055,5.360000133514404,535900,0.0,0.0
2024-09-19 00:00:00-04:00,5.429999828338623,5.489999771118164,5.400000095367432,5.449999809265137,625100,0.0,0.0
2024-09-20 00:00:00-04:00,5.440000057220459,5.460000038146973,5.389999866485596,5.429999828338623,1146700,0.0,0.0
2024-09-23 00:00:00-04:00,5.420000076293945,5.5,5.420000076293945,5.460000038146973,789800,0.0,0.0
2024-09-24 00:00:00-04:00,5.53000020980835,5.699999809265137,5.53000020980835,5.650000095367432,851500,0.0,0.0
2024-09-25 00:00:00-04:00,5.599999904632568,5.730000019073486,5.579999923706055,5.670000076293945,722900,0.0,0.0
2024-09-26 00:00:00-04:00,5.849999904632568,5.949999809265137,5.820000171661377,5.920000076293945,1480600,0.0,0.0
2024-09-27 00:00:00-04:00,5.920000076293945,6.079999923706055,5.920000076293945,6.019999980926514,1727300,0.0,0.0
2024-09-30 00:00:00-04:00,6.199999809265137,6.447000026702881,6.110000133514404,6.179999828338623,1345300,0.0,0.0
2024-10-01 00:00:00-04:00,6.119999885559082,6.369999885559082,6.039999961853027,6.369999885559082,2255500,0.0,0.0
2024-10-02 00:00:00-04:00,6.599999904632568,6.835000038146973,6.489999771118164,6.820000171661377,1704600,0.0,0.0
2024-10-03 00:00:00-04:00,6.650000095367432,6.889999866485596,6.599999904632568,6.829999923706055,2224500,0.0,0.0
2024-10-04 00:00:00-04:00,6.929999828338623,7.090000152587891,6.90500020980835,7.090000152587891,1056500,0.0,0.0
2024-10-07 00:00:00-04:00,7.21999979019165,7.239999771118164,6.510000228881836,6.75,1607400,0.0,0.0
2024-10-08 00:00:00-04:00,6.380000114440918,6.589000225067139,6.269999980926514,6.429999828338623,1163600,0.0,0.0
2024-10-09 00:00:00-04:00,6.420000076293945,6.420000076293945,6.105000019073486,6.28000020980835,1360900,0.0,0.0
2024-10-10 00:00:00-04:00,6.320000171661377,6.409999847412109,6.090000152587891,6.139999866485596,852000,0.0,0.0
2024-10-11 00:00:00-04:00,6.159999847412109,6.410999774932861,6.084000110626221,6.320000171661377,653300,0.0,0.0
2024-10-14 00:00:00-04:00,6.309999942779541,6.315000057220459,6.159999847412109,6.170000076293945,510000,0.0,0.0
2024-10-15 00:00:00-04:00,6.039999961853027,6.039999961853027,5.71999979019165,5.789999961853027,1431200,0.0,0.0
2024-10-16 00:00:00-04:00,5.849999904632568,5.909999847412109,5.764999866485596,5.840000152587891,730500,0.0,0.0
2024-10-17 00:00:00-04:00,5.800000190734863,5.889999866485596,5.715000152587891,5.739999771118164,463200,0.0,0.0
2024-10-18 00:00:00-04:00,5.909999847412109,6.039999961853027,5.880000114440918,6.039999961853027,547000,0.0,0.0
2024-10-21 00:00:00-04:00,5.980000019073486,6.079999923706055,5.929999828338623,6.050000190734863,352500,0.0,0.0
2024-10-22 00:00:00-04:00,6.070000171661377,6.349999904632568,6.070000171661377,6.28000020980835,824100,0.0,0.0
2024-10-23 00:00:00-04:00,6.349999904632568,6.409999847412109,5.960000038146973,6.039999961853027,493400,0.0,0.0
2024-10-24 00:00:00-04:00,6.050000190734863,6.110000133514404,6.010000228881836,6.050000190734863,398500,0.0,0.0
2024-10-25 00:00:00-04:00,6.070000171661377,6.159999847412109,6.019999980926514,6.079999923706055,340200,0.0,0.0
2024-10-28 00:00:00-04:00,6.110000133514404,6.269999980926514,6.079999923706055,6.179999828338623,323900,0.0,0.0
2024-10-29 00:00:00-04:00,6.190000057220459,6.199999809265137,6.065000057220459,6.079999923706055,275800,0.0,0.0
2024-10-30 00:00:00-04:00,6.039999961853027,6.164999961853027,5.96999979019165,6.0,395300,0.0,0.0
2024-10-31 00:00:00-04:00,6.0,6.074999809265137,5.96999979019165,6.059999942779541,320200,0.0,0.0
2024-11-01 00:00:00-04:00,6.059999942779541,6.070000171661377,5.940000057220459,5.940000057220459,321000,0.0,0.0
2024-11-04 00:00:00-05:00,5.980000019073486,6.130000114440918,5.940000057220459,6.099999904632568,347800,0.0,0.0
2024-11-05 00:00:00-05:00,6.179999828338623,6.295000076293945,6.150000095367432,6.25,431200,0.0,0.0
2024-11-06 00:00:00-05:00,6.179999828338623,6.295000076293945,6.150000095367432,6.25,314200,0.0,0.0
2024-11-07 00:00:00-05:00,6.320000171661377,6.389999866485596,6.28000020980835,6.300000190734863,307300,0.0,0.0
2024-11-08 00:00:00-05:00,6.230000019073486,6.260000228881836,5.989999771118164,6.010000228881836,287000,0.0,0.0
2024-11-11 00:00:00-05:00,6.0,6.190000057220459,5.966000080108643,6.170000076293945,358600,0.0,0.0
2024-11-12 00:00:00-05:00,6.090000152587891,6.090000152587891,5.940000057220459,5.989999771118164,393100,0.0,0.0
2024-11-13 00:00:00-05:00,6.010000228881836,6.050000190734863,5.920000076293945,5.940000057220459,393900,0.0,0.0
2024-11-14 00:00:00-05:00,5.929999828338623,5.989999771118164,5.804999828338623,5.820000171661377,270100,0.0,0.0
2024-11-15 00:00:00-05:00,5.849999904632568,6.005000114440918,5.849999904632568,5.940000057220459,559600,0.0,0.0
2024-11-18 00:00:00-05:00,5.989999771118164,6.164999961853027,6.014999866485596,6.03000020980835,923669,0.0,0.0
