Date,Open,High,Low,Close,Volume,Dividends,Stock Splits
2022-01-03 00:00:00-05:00,81.04359358819872,82.27980395007248,80.63152346757414,82.18397521972656,6739700,0.0,0.0
2022-01-04 00:00:00-05:00,83.40102189334202,87.06173524102947,83.19019428353182,86.20884704589844,12870700,0.0,0.0
2022-01-05 00:00:00-05:00,86.24716812859002,86.87965087093927,85.57635974542842,85.5859375,9568800,0.0,0.0
2022-01-06 00:00:00-05:00,87.11923861340034,87.68463328583668,85.72011125492708,86.9563217163086,7941200,0.0,0.0
2022-01-07 00:00:00-05:00,86.77424508917782,88.47043633529711,86.34300482197672,87.91461944580078,7344300,0.0,0.0
2022-01-10 00:00:00-05:00,87.66547480551613,88.29795035705226,85.2601346113651,87.82838439941406,6821800,0.0,0.0
2022-01-11 00:00:00-05:00,88.50877716510622,90.17622067067586,87.90504951083042,89.99414825439453,8977700,0.0,0.0
2022-01-12 00:00:00-05:00,90.41577738411249,91.08659306066835,89.47664567270226,90.86618041992188,8669100,0.0,0.0
2022-01-13 00:00:00-05:00,89.50541433726916,90.7991206628243,88.9879303447942,89.48624420166016,9123000,0.0,0.0
2022-01-14 00:00:00-05:00,89.12208972097802,91.63284369786075,88.72918237516683,91.54659271240234,10057100,0.0,0.0
2022-01-18 00:00:00-05:00,90.95243842527613,91.04826715469542,85.90218322985564,88.31710815429688,15343500,0.0,0.0
2022-01-19 00:00:00-05:00,89.12208948526725,89.428745844809,87.17673751899328,87.69422149658203,9110700,0.0,0.0
2022-01-20 00:00:00-05:00,88.6716767462508,89.42873615114681,87.60796101505318,87.61754608154297,8790900,0.0,0.0
2022-01-21 00:00:00-05:00,87.27256482725652,87.27256482725652,84.64681933484755,85.48053741455078,9773200,0.0,0.0
2022-01-24 00:00:00-05:00,82.84519902826185,85.34636765361084,81.62815879258604,85.0109634399414,13314700,0.0,0.0
2022-01-25 00:00:00-05:00,83.63100795489764,85.95010423032917,82.16480714128129,84.83847045898438,9155100,0.0,0.0
2022-01-26 00:00:00-05:00,86.23758188275325,87.47379215303269,85.28886509347385,86.25675201416016,8703900,0.0,0.0
2022-01-27 00:00:00-05:00,87.21505912727463,89.0262491574865,85.33678825562023,85.95967864990234,10986500,0.0,0.0
2022-01-28 00:00:00-05:00,85.25054743333514,86.6592525826418,82.58646896842846,85.20263671875,13898000,0.0,0.0
2022-01-31 00:00:00-05:00,84.20598480049736,84.5892996851548,81.37899000294072,84.0430679321289,12540800,0.0,0.0
2022-02-01 00:00:00-05:00,84.9247223894595,86.6400837764676,83.92808747297785,86.30467224121094,9309100,0.0,0.0
2022-02-02 00:00:00-05:00,86.19926337952555,86.91798989123231,84.618070902782,86.59217071533203,6511500,0.0,0.0
2022-02-03 00:00:00-05:00,86.57299902342524,87.78046158852656,85.04930235542216,85.18346405029297,7044400,0.0,0.0
2022-02-04 00:00:00-05:00,85.24094496922167,89.18915114621335,85.24094496922167,88.06793975830078,8962400,0.0,0.0
2022-02-07 00:00:00-05:00,88.70043155456659,89.92705695547025,88.0583709636661,89.2562484741211,5368300,0.0,0.0
2022-02-08 00:00:00-05:00,89.85996930886776,91.30700727917389,89.78331071055906,91.00035095214844,8092700,0.0,0.0
2022-02-09 00:00:00-05:00,91.65199802191911,92.22697773034906,90.3007960726719,90.57869720458984,5545100,0.0,0.0
2022-02-10 00:00:00-05:00,89.94489063837263,91.73110523071736,88.84050501553727,89.1670150756836,9336400,0.2,0.0
2022-02-11 00:00:00-05:00,88.57160787096997,88.96534100028296,84.99916422565727,85.57536315917969,12520300,0.0,0.0
2022-02-14 00:00:00-05:00,85.68099440052092,85.8250459553635,82.80959800152871,84.25969696044922,9735700,0.0,0.0
2022-02-15 00:00:00-05:00,85.61378132736048,86.83340233717513,85.37369781681083,86.08434295654297,6049500,0.0,0.0
2022-02-16 00:00:00-05:00,85.04717508356431,86.2764014079845,84.73986850245927,85.78663635253906,4936600,0.0,0.0
2022-02-17 00:00:00-05:00,84.50937430181769,84.83588427659095,82.50228017899693,82.60791015625,7858200,0.0,0.0
2022-02-18 00:00:00-05:00,82.32943797039802,83.40500737337273,81.95490096555697,82.21419525146484,5605800,0.0,0.0
2022-02-22 00:00:00-05:00,81.88767734464984,82.87682752382605,80.78329910082489,81.21544647216797,7000700,0.0,0.0
2022-02-23 00:00:00-05:00,81.98372317666805,83.08810150899753,78.92025511206599,79.27558135986328,7808600,0.0,0.0
2022-02-24 00:00:00-05:00,76.02963441486749,79.31397465104577,74.44508198720614,79.00666809082031,10687500,0.0,0.0
2022-02-25 00:00:00-05:00,79.15072646572692,83.04008209368936,79.11231222654199,82.34864044189453,9128100,0.0,0.0
2022-02-28 00:00:00-05:00,79.71733598547225,82.09896045923527,79.36200972952997,81.10981750488281,9401400,0.0,0.0
2022-03-01 00:00:00-05:00,79.8613714694323,80.30312418880366,73.47514950282017,74.77159881591797,14470700,0.0,0.0
2022-03-02 00:00:00-05:00,75.86638981628276,79.26597322650295,75.69352939451673,78.56492614746094,10446900,0.0,0.0
2022-03-03 00:00:00-05:00,78.74739973386448,79.02589751457447,76.86514569260868,77.5085678100586,6544700,0.0,0.0
2022-03-04 00:00:00-05:00,75.38622553945248,76.4425915657346,74.57954842632462,76.08727264404297,6676000,0.0,0.0
2022-03-07 00:00:00-05:00,75.28058502783404,76.13528173977197,73.2062673053358,73.33110809326172,7950500,0.0,0.0
2022-03-08 00:00:00-05:00,74.0897620955015,74.61794134618941,71.66971655650498,72.68767547607422,7100700,0.0,0.0
2022-03-09 00:00:00-05:00,76.03924413636354,76.98037465196242,75.05970670946954,76.24091339111328,5883900,0.0,0.0
2022-03-10 00:00:00-05:00,75.03088887888936,76.66346099001514,74.62755037829707,76.4906005859375,5030900,0.0,0.0
2022-03-11 00:00:00-05:00,78.07516431608116,78.41127978166097,76.98038404146824,77.05720520019531,6321000,0.0,0.0
2022-03-14 00:00:00-04:00,79.03548539643226,81.45552367707336,78.58412727689701,79.95740509033203,9527100,0.0,0.0
2022-03-15 00:00:00-04:00,80.7736802082546,81.03296712236816,79.0354782951092,79.87096405029297,5805400,0.0,0.0
2022-03-16 00:00:00-04:00,81.5803713917062,85.46012167954154,81.21544710476887,85.412109375,10413500,0.0,0.0
2022-03-17 00:00:00-04:00,84.24049493297085,86.25719475463812,83.31857522383058,86.21878051757812,6689600,0.0,0.0
2022-03-18 00:00:00-04:00,86.42046357723497,87.16952300268976,85.882678825989,86.43006896972656,13003200,0.0,0.0
2022-03-21 00:00:00-04:00,86.47807249765164,86.74696482318961,84.73986311882452,85.47932434082031,5782200,0.0,0.0
2022-03-22 00:00:00-04:00,86.67973532884577,89.31104802563344,86.67973532884577,88.54277801513672,8382700,0.0,0.0
2022-03-23 00:00:00-04:00,87.61128490255409,88.37954780171447,86.18998718261719,86.18998718261719,6159300,0.0,0.0
2022-03-24 00:00:00-04:00,87.01585172174472,87.88015366190248,86.3244101696185,87.32315826416016,6164600,0.0,0.0
2022-03-25 00:00:00-04:00,86.42046180416523,87.84175946628474,85.69061317866777,87.73612213134766,6894600,0.0,0.0
2022-03-28 00:00:00-04:00,87.82255334023105,88.20668845794523,87.05429043157068,88.15867614746094,4194000,0.0,0.0
2022-03-29 00:00:00-04:00,89.37828575953985,89.46471963010913,87.41920350558487,87.60166931152344,6072600,0.0,0.0
2022-03-30 00:00:00-04:00,87.79373488186258,87.89937221084394,84.87431856416363,85.23925018310547,7478300,0.0,0.0
2022-03-31 00:00:00-04:00,84.94154955746554,85.2776723591948,80.85053150204742,80.96576690673828,12792300,0.0,0.0
2022-04-01 00:00:00-04:00,81.9837160759733,82.137365705789,79.43882951501733,80.22630310058594,10638900,0.0,0.0
2022-04-04 00:00:00-04:00,79.78455129877858,80.67766222103234,78.83381535373078,79.03549194335938,9851100,0.0,0.0
2022-04-05 00:00:00-04:00,79.01628409735659,81.05219491160481,78.42088167823321,78.61294555664062,8913800,0.0,0.0
2022-04-06 00:00:00-04:00,77.97911318976857,79.21794485463835,77.43172313568812,77.6622085571289,7083100,0.0,0.0
2022-04-07 00:00:00-04:00,77.2396648551951,77.48935374973541,75.48225185533514,76.85552978515625,8144100,0.0,0.0
2022-04-08 00:00:00-04:00,77.49894824004903,79.0162776669959,76.95155817169058,78.4496841430664,6617700,0.0,0.0
2022-04-11 00:00:00-04:00,78.38246178465143,80.159078175485,77.91189286098387,78.34404754638672,5632300,0.0,0.0
2022-04-12 00:00:00-04:00,78.4496875184136,79.47724461469312,76.423382173834,76.8939437866211,7596900,0.0,0.0
2022-04-13 00:00:00-04:00,76.90354648262,80.71607353595986,76.52901681848118,80.50479888916016,9598100,0.0,0.0
2022-04-14 00:00:00-04:00,80.66806131691371,82.19498896070691,79.18914598022486,79.46764373779297,11563000,0.0,0.0
2022-04-18 00:00:00-04:00,73.27348490114692,73.94571574998554,70.00834793514485,71.9674301147461,24023500,0.0,0.0
2022-04-19 00:00:00-04:00,72.06345640753163,74.59873730586213,72.0154367820435,73.84967803955078,15361200,0.0,0.0
2022-04-20 00:00:00-04:00,74.48348975669107,75.03087974853167,73.32148669775803,73.41751861572266,8671300,0.0,0.0
2022-04-21 00:00:00-04:00,74.53151572023883,75.13652344897947,67.97243332316157,70.36366271972656,18283400,0.0,0.0
2022-04-22 00:00:00-04:00,70.39249187204503,70.6037592177934,67.46346996083209,67.53069305419922,11945500,0.0,0.0
2022-04-25 00:00:00-04:00,66.84884915952807,67.92442585839375,65.83089748185829,67.52108001708984,9841800,0.0,0.0
2022-04-26 00:00:00-04:00,66.99289764043789,67.79957463240179,65.79248021661078,65.8212890625,8661200,0.0,0.0
2022-04-27 00:00:00-04:00,66.26305691074276,67.54990116578382,65.82130407721665,65.8597183227539,6988200,0.0,0.0
2022-04-28 00:00:00-04:00,66.38788633370588,66.85845526579793,64.87056419230304,66.37828826904297,6481100,0.0,0.0
2022-04-29 00:00:00-04:00,66.26304553965112,66.84884986172271,63.5260951240189,63.69895553588867,7744600,0.0,0.0
2022-05-02 00:00:00-04:00,64.93778793305405,65.99415387120494,63.82379697251047,65.19707489013672,8411800,0.0,0.0
2022-05-03 00:00:00-04:00,65.44676069710206,67.24258050926811,65.2450914451524,66.70479583740234,9513300,0.0,0.0
2022-05-04 00:00:00-04:00,66.82004831098784,68.75991996556847,66.13821198047994,68.5294418334961,6842000,0.0,0.0
2022-05-05 00:00:00-04:00,67.60751709086713,67.75156866053631,65.62922400939615,67.07933044433594,7036300,0.0,0.0
2022-05-06 00:00:00-04:00,66.57995361696578,66.79122825540851,64.0734814550161,64.74571228027344,8118100,0.0,0.0
2022-05-09 00:00:00-04:00,63.804592465944516,63.85260476925328,61.25010054267155,61.58621597290039,9216400,0.0,0.0
2022-05-10 00:00:00-04:00,62.18163042861885,63.161167946728305,60.97161112405889,62.018375396728516,6661700,0.0,0.0
2022-05-11 00:00:00-04:00,62.43131945409387,64.82254921820383,61.97996127243988,62.536956787109375,10257400,0.0,0.0
2022-05-12 00:00:00-04:00,62.305748349388146,63.365368445088976,61.01493647707277,62.565834045410156,8308100,0.2,0.0
2022-05-13 00:00:00-04:00,63.3557411648319,63.75069459677758,62.52731641971934,63.20161819458008,6799100,0.0,0.0
2022-05-16 00:00:00-04:00,62.37319157797774,62.90300541142581,61.07274812691469,61.68925476074219,6051600,0.0,0.0
2022-05-17 00:00:00-04:00,63.2883174162155,63.84702885747618,61.96861133002598,62.806671142578125,8095200,0.0,0.0
2022-05-18 00:00:00-04:00,62.0553054579587,62.093838042593944,60.5333051115617,60.9475212097168,7867300,0.0,0.0
2022-05-19 00:00:00-04:00,59.92642290208987,61.323197700467105,59.675968479982004,60.35990524291992,9179100,0.0,0.0
2022-05-20 00:00:00-04:00,60.99568590545457,61.29430792830123,59.27139130437758,60.9571533203125,7793700,0.0,0.0
2022-05-23 00:00:00-04:00,61.77594684336551,62.92226729732233,61.226874073994956,62.87409973144531,6723400,0.0,0.0
2022-05-24 00:00:00-04:00,62.527324675263536,62.60438249589439,60.542936969901874,61.592926025390625,5758700,0.0,0.0
2022-05-25 00:00:00-04:00,61.52549263927515,64.29977614453087,61.03421506760966,63.38465118408203,10584800,0.0,0.0
2022-05-26 00:00:00-04:00,64.46352799850246,66.89102905078904,64.39609782201327,66.29378509521484,7846700,0.0,0.0
2022-05-27 00:00:00-04:00,66.66947637320915,68.03735002769298,66.34196043453228,67.99881744384766,7402900,0.0,0.0
2022-05-31 00:00:00-04:00,67.54605676526978,68.37448870722096,67.17037336709852,67.52678680419922,11549000,0.0,0.0
2022-06-01 00:00:00-04:00,67.99882108715444,68.34560701100385,66.35159162353936,67.01626586914062,5065800,0.0,0.0
2022-06-02 00:00:00-04:00,67.43047265627911,69.09697185706456,66.7176382888703,69.03916931152344,5380700,0.0,0.0
2022-06-03 00:00:00-04:00,67.9024753079702,68.70200971776949,67.37266892808216,67.49789428710938,3561900,0.0,0.0
2022-06-06 00:00:00-04:00,68.48046665422993,68.80798995628933,65.38829832411041,65.56169128417969,8687300,0.0,0.0
2022-06-07 00:00:00-04:00,64.67545288060147,65.16673407557666,64.06858129810597,65.01260375976562,14689200,0.0,0.0
2022-06-08 00:00:00-04:00,64.05895462559151,64.3575729645389,62.96080170567135,63.317222595214844,10059100,0.0,0.0
2022-06-09 00:00:00-04:00,63.24015144060877,63.5387697512871,61.85300794704038,61.89154052734375,7698400,0.0,0.0
2022-06-10 00:00:00-04:00,60.88971939752953,60.88971939752953,59.4062480326101,59.93606185913086,8355100,0.0,0.0
2022-06-13 00:00:00-04:00,57.99983865636427,59.35808089019434,57.1714065453658,58.02873992919922,12359000,0.0,0.0
2022-06-14 00:00:00-04:00,58.70304819639595,59.75303725011085,57.90351726999077,58.8668098449707,11800900,0.0,0.0
2022-06-15 00:00:00-04:00,59.60854184793677,60.610363270633954,59.00166653467272,59.25212097167969,11274400,0.0,0.0
2022-06-16 00:00:00-04:00,58.06727275847896,58.76084455867225,57.6048927832399,58.62598419189453,9045900,0.0,0.0
2022-06-17 00:00:00-04:00,59.223221843077376,59.358082203727655,57.72048423582595,57.78791809082031,16943900,0.0,0.0
2022-06-21 00:00:00-04:00,60.00349060092029,61.27503640470047,59.791565075400506,60.090187072753906,10367600,0.0,0.0
2022-06-22 00:00:00-04:00,59.136523390669865,60.55256447939289,58.97276543670089,60.147979736328125,6636600,0.0,0.0
2022-06-23 00:00:00-04:00,60.29247395884045,60.5140307790517,58.55854830199703,59.753028869628906,6216700,0.0,0.0
2022-06-24 00:00:00-04:00,60.523678463542836,62.30576838145858,60.40808070073515,62.064945220947266,16120000,0.0,0.0
2022-06-27 00:00:00-04:00,62.9993312367912,62.9993312367912,61.17870531735516,61.79521560668945,6530900,0.0,0.0
2022-06-28 00:00:00-04:00,62.74887475699261,63.20162342155924,61.62182426179831,61.81447982788086,7243500,0.0,0.0
2022-06-29 00:00:00-04:00,61.79521934023177,62.08420269931285,60.822291794512445,61.284671783447266,5628900,0.0,0.0
2022-06-30 00:00:00-04:00,60.22504786384191,61.18834036900636,58.751211506834466,60.86082077026367,7550100,0.0,0.0
2022-07-01 00:00:00-04:00,60.870454869449446,61.621825556704145,60.147985457449956,61.57365798950195,4653800,0.0,0.0
2022-07-05 00:00:00-04:00,60.36954235425529,61.0727491495762,59.13652906595351,61.063114166259766,4476900,0.0,0.0
2022-07-06 00:00:00-04:00,60.67780361037077,61.73742034538338,60.42734547193477,61.11128234863281,6266000,0.0,0.0
2022-07-07 00:00:00-04:00,61.57365131365885,62.10346509808472,61.313565587246764,61.88190460205078,4713500,0.0,0.0
2022-07-08 00:00:00-04:00,61.76631704841321,62.190160746077765,60.860819756848045,61.99750518798828,4558600,0.0,0.0
2022-07-11 00:00:00-04:00,61.236502517683874,61.29430138923081,60.408070398857056,60.6296272277832,4999200,0.0,0.0
2022-07-12 00:00:00-04:00,60.14798626957866,61.51586361892847,59.77230275821349,59.964962005615234,6283000,0.0,0.0
2022-07-13 00:00:00-04:00,59.126899070136325,59.724139435584696,58.49112611990559,59.29065704345703,4370300,0.0,0.0
2022-07-14 00:00:00-04:00,58.076905558322565,58.924600310391746,57.40260007511402,58.34662628173828,5681100,0.0,0.0
2022-07-15 00:00:00-04:00,59.0979950410769,60.23468051651605,58.70304525213071,59.89752960205078,7219800,0.0,0.0
2022-07-18 00:00:00-04:00,61.3521025884979,61.3521025884979,58.59708891926893,58.99203872680664,9338600,0.0,0.0
2022-07-19 00:00:00-04:00,59.67597314018679,61.043846772882354,59.4158837153779,60.880088806152344,6802700,0.0,0.0
2022-07-20 00:00:00-04:00,60.86082494127648,61.217242163706494,60.10945791164848,60.52367401123047,6765800,0.0,0.0
2022-07-21 00:00:00-04:00,60.68743115583391,60.831926509406074,59.68560601356296,60.812660217285156,6901300,0.0,0.0
2022-07-22 00:00:00-04:00,61.04384390967866,61.54475644418583,60.32137454398607,60.67779541015625,6794100,0.0,0.0
2022-07-25 00:00:00-04:00,61.169073573262175,61.58328964103891,60.69705863277151,61.32320022583008,6720300,0.0,0.0
2022-07-26 00:00:00-04:00,61.09200675384111,61.10164173636692,58.69341055859641,58.924598693847656,5592300,0.0,0.0
2022-07-27 00:00:00-04:00,59.097992994640876,60.542931734604416,58.905337435714465,60.21541213989258,5267500,0.0,0.0
2022-07-28 00:00:00-04:00,61.75668072269322,65.24380210325116,60.51403255682593,65.21489715576172,16393500,0.0,0.0
2022-07-29 00:00:00-04:00,65.21489958190918,67.69056102324771,65.13784176708549,66.51535034179688,9927900,0.0,0.0
2022-08-01 00:00:00-04:00,65.4460894472315,66.57313981617916,64.82958288561888,66.19745635986328,5941400,0.0,0.0
2022-08-02 00:00:00-04:00,63.29796449361817,65.50390573027929,63.18236672009634,65.07042694091797,13210100,0.0,0.0
2022-08-03 00:00:00-04:00,66.06260327222273,67.04515841615365,65.94700552320903,66.44792175292969,6793600,0.0,0.0
2022-08-04 00:00:00-04:00,66.57314110104926,66.87175940559246,65.98553212483725,66.46717834472656,5798900,0.0,0.0
2022-08-05 00:00:00-04:00,65.79288786587448,67.72910071053667,65.66765512363847,66.76580810546875,4870900,0.0,0.0
2022-08-08 00:00:00-04:00,66.82359727555931,67.05478539665708,65.5713142000488,65.93736267089844,4403900,0.0,0.0
2022-08-09 00:00:00-04:00,66.28416151398933,66.59241485229376,65.8795803854659,66.50572204589844,3940000,0.0,0.0
2022-08-10 00:00:00-04:00,67.43048349895322,67.71947422511309,66.40939567204342,67.37268829345703,6992600,0.0,0.0
2022-08-11 00:00:00-04:00,68.46463920434925,70.31999537570988,68.38733085407671,70.1267318725586,16375600,0.22,0.0
2022-08-12 00:00:00-04:00,70.54225758870443,72.66818569031079,69.4696281506354,72.47492218017578,15009800,0.0,0.0
2022-08-15 00:00:00-04:00,71.68251575030843,73.97272549028179,71.44093272437351,73.30595397949219,12471500,0.0,0.0
2022-08-16 00:00:00-04:00,72.82279575756256,74.80377973223669,72.73582202515952,74.5815200805664,11219100,0.0,0.0
2022-08-17 00:00:00-04:00,73.29629492757634,74.12734119840428,72.46524865674839,72.91942596435547,9084300,0.0,0.0
2022-08-18 00:00:00-04:00,72.81313450477185,73.60552666511958,72.48458507433672,73.19966888427734,3790300,0.0,0.0
2022-08-19 00:00:00-04:00,72.57154078083245,72.70682668791092,70.97709130737448,71.373291015625,5133600,0.0,0.0
2022-08-22 00:00:00-04:00,70.05908705543662,70.493933612286,69.43096962801984,70.10740661621094,3994900,0.0,0.0
2022-08-23 00:00:00-04:00,69.83682805549145,70.66787437543758,69.76918509328793,70.33932495117188,3902800,0.0,0.0
2022-08-24 00:00:00-04:00,70.48427498457349,71.27666711567721,70.27168071506496,70.85147857666016,3712200,0.0,0.0
2022-08-25 00:00:00-04:00,71.19934946218368,71.7984780186246,70.79349174936667,71.50857543945312,4297600,0.0,0.0
2022-08-26 00:00:00-04:00,71.94342776973896,72.09804445717633,69.41164217945227,69.46961975097656,5369800,0.0,0.0
2022-08-29 00:00:00-04:00,69.11207918833007,70.43595702325983,68.6675672385981,69.5179443359375,5363600,0.0,0.0
2022-08-30 00:00:00-04:00,70.03975100455372,70.44560870064727,68.53226797651853,70.05907440185547,6952100,0.0,0.0
2022-08-31 00:00:00-04:00,70.38763123694623,70.38763123694623,68.55160602467392,68.56126403808594,7519000,0.0,0.0
2022-09-01 00:00:00-04:00,68.60958329379636,69.43096415449793,67.06345331379414,69.30534362792969,5949300,0.0,0.0
2022-09-02 00:00:00-04:00,69.62423626749269,70.0011052265343,67.64325235660881,67.9718017578125,6188300,0.0,0.0
2022-09-06 00:00:00-04:00,68.63857100960172,68.93813161503626,67.08277566793929,68.09742736816406,4903600,0.0,0.0
2022-09-07 00:00:00-04:00,67.58528027204365,69.74019707201734,67.52729532342484,69.37299346923828,5208000,0.0,0.0
2022-09-08 00:00:00-04:00,69.27636682671437,70.84182047678911,68.85117824396292,70.6968765258789,5304000,0.0,0.0
2022-09-09 00:00:00-04:00,71.31531937287495,72.33962914658277,71.19935685466045,72.03040313720703,6471700,0.0,0.0
2022-09-12 00:00:00-04:00,72.16568823473446,72.49423764047765,71.46992787842004,72.3976058959961,4511700,0.0,0.0
2022-09-13 00:00:00-04:00,70.6775324686427,71.373292792383,70.07840388485984,70.49392700195312,5310200,0.0,0.0
2022-09-14 00:00:00-04:00,70.67752810301343,70.92877650940694,69.6145642840806,70.3006591796875,5270000,0.0,0.0
2022-09-15 00:00:00-04:00,69.17005099150927,71.00608338976456,69.16038560654995,70.13638305664062,4910100,0.0,0.0
2022-09-16 00:00:00-04:00,69.53726848853853,69.76918616644215,68.31002976324639,69.45030212402344,12599100,0.0,0.0
2022-09-19 00:00:00-04:00,68.87048740141022,71.39261484099917,68.7255434804802,71.22834014892578,7608900,0.0,0.0
2022-09-20 00:00:00-04:00,70.61954860520511,72.01106175613789,70.44560853977244,70.88045501708984,7442400,0.0,0.0
2022-09-21 00:00:00-04:00,71.85645507608697,72.8034563992804,70.39729155031725,70.45527648925781,8087200,0.0,0.0
2022-09-22 00:00:00-04:00,71.10272494455667,71.67285740293379,69.18938394735747,69.63389587402344,8132800,0.0,0.0
2022-09-23 00:00:00-04:00,68.7545520171737,68.92849214479004,67.45966276213389,68.50330352783203,7988600,0.0,0.0
2022-09-26 00:00:00-04:00,68.08778029922246,69.55660968187863,67.90417478325764,68.50330352783203,10467400,0.0,0.0
2022-09-27 00:00:00-04:00,69.35366208436967,70.21370456644476,68.271374686756,69.21837615966797,6557600,0.0,0.0
2022-09-28 00:00:00-04:00,69.18937924155114,71.2863182005498,69.08308211712917,70.78382873535156,8273400,0.0,0.0
2022-09-29 00:00:00-04:00,69.95278341871771,70.79349503936244,69.16039135435673,70.19436645507812,7057500,0.0,0.0
2022-09-30 00:00:00-04:00,70.00111121687583,71.16070697892398,68.93813983371328,69.45030212402344,7633200,0.0,0.0
2022-10-03 00:00:00-04:00,70.4939221885047,71.01574239567913,69.58557504789322,70.74517059326172,8144000,0.0,0.0
2022-10-04 00:00:00-04:00,72.16570163664164,74.01139262835038,72.06906987421459,73.65385437011719,8491600,0.0,0.0
2022-10-05 00:00:00-04:00,72.91943409196557,74.2046578136518,72.76482475848988,73.37361145019531,6384300,0.0,0.0
2022-10-06 00:00:00-04:00,73.18999654716,74.44623131812725,72.95807889049183,73.43157958984375,6276900,0.0,0.0
2022-10-07 00:00:00-04:00,72.95807354444987,73.32527708831155,71.11237569477643,71.80813598632812,8063000,0.0,0.0
2022-10-10 00:00:00-04:00,72.3202854696306,72.77446270260191,70.78382108322471,71.08338165283203,6192300,0.0,0.0
2022-10-11 00:00:00-04:00,70.42629953226212,70.64855921831159,68.83185704105081,69.29569244384766,9676100,0.0,0.0
2022-10-12 00:00:00-04:00,69.29567966387424,70.22335767091015,68.35833627074115,69.46961975097656,8460000,0.0,0.0
2022-10-13 00:00:00-04:00,67.95247955497886,72.06905676377646,67.73021990655118,71.57622528076172,9491900,0.0,0.0
2022-10-14 00:00:00-04:00,71.81781096707117,72.474917177717,66.1551035151165,66.65760040283203,13326300,0.0,0.0
2022-10-17 00:00:00-04:00,68.1940650148881,68.1940650148881,63.188463780427476,65.15978240966797,20113300,0.0,0.0
2022-10-18 00:00:00-04:00,67.29538524227523,68.55162026454578,65.9715072494228,66.30006408691406,11732200,0.0,0.0
2022-10-19 00:00:00-04:00,65.91352422650887,67.27605628616799,65.90385883935754,66.39669036865234,5917800,0.0,0.0
2022-10-20 00:00:00-04:00,66.34837701248676,67.62393531043799,65.5463194612102,65.7105941772461,7761700,0.0,0.0
2022-10-21 00:00:00-04:00,65.96183463142911,67.98146528636373,65.48832656964977,67.95247650146484,6621300,0.0,0.0
2022-10-24 00:00:00-04:00,67.94281031594572,68.88981905582855,67.17940704163374,68.3196792602539,5456300,0.0,0.0
2022-10-25 00:00:00-04:00,68.55160232412625,70.23301813321758,68.26169974176996,70.02042388916016,5144600,0.0,0.0
2022-10-26 00:00:00-04:00,70.15571222583748,71.8081393084561,70.15571222583748,70.49392700195312,5788500,0.0,0.0
2022-10-27 00:00:00-04:00,70.99643530644913,75.1613251629288,70.84181859953472,74.72647857666016,16821900,0.0,0.0
2022-10-28 00:00:00-04:00,75.99236312004508,77.97334706607099,75.45121945080191,77.49018096923828,11482000,0.0,0.0
2022-10-31 00:00:00-04:00,77.20028042511875,77.77042026833233,76.31125655259665,76.98768615722656,10450800,0.0,0.0
2022-11-01 00:00:00-04:00,77.38387706638416,78.35020917548727,76.75575972096135,77.20027160644531,5430600,0.0,0.0
2022-11-02 00:00:00-04:00,77.03599385778303,77.92501759344294,75.72178165179506,76.27259063720703,5139100,0.0,0.0
2022-11-03 00:00:00-04:00,75.586505152205,77.34522944475118,74.97771115351586,76.29192352294922,5370400,0.0,0.0
2022-11-04 00:00:00-04:00,77.29691233842446,78.137624025294,76.23394836921238,76.38856506347656,9053600,0.0,0.0
2022-11-07 00:00:00-05:00,76.68812367928084,76.99734968715981,75.58650556542891,76.9683609008789,5633700,0.0,0.0
2022-11-08 00:00:00-05:00,77.30657357201787,77.6544537428943,76.34024140236765,76.94902801513672,5142500,0.0,0.0
2022-11-09 00:00:00-05:00,76.94903783800602,77.23004405030078,75.7086996308151,75.8443603515625,4194300,0.22,0.0
2022-11-10 00:00:00-05:00,77.94710837781714,78.45098994747178,73.70284302557972,76.1253662109375,12947100,0.0,0.0
2022-11-11 00:00:00-05:00,77.4626084816067,77.70486081496878,75.10791550560901,75.93157196044922,12172300,0.0,0.0
2022-11-14 00:00:00-05:00,74.73970112607576,75.06916820505256,73.27650208339807,74.10015869140625,12606400,0.0,0.0
2022-11-15 00:00:00-05:00,75.04009487726633,76.50329383755631,74.80752728415806,75.87344360351562,6709500,0.0,0.0
2022-11-16 00:00:00-05:00,75.6021057438519,75.93157276505185,74.98194035530979,75.01101684570312,6278100,0.0,0.0
2022-11-17 00:00:00-05:00,73.9935568813334,75.62149293617976,73.64471291294097,75.48583221435547,6787200,0.0,0.0
2022-11-18 00:00:00-05:00,76.52265994234696,77.74361364004194,76.39668401117656,77.33662414550781,7540900,0.0,0.0
2022-11-21 00:00:00-05:00,77.45291396816538,77.81145007212618,77.00717057545845,77.52074432373047,5858500,0.0,0.0
2022-11-22 00:00:00-05:00,78.27658666205414,79.66227055047163,78.16031025289978,78.74171447753906,6901000,0.0,0.0
2022-11-23 00:00:00-05:00,79.24558317005604,79.83667946282876,78.7417015628005,78.88705444335938,4386400,0.0,0.0
2022-11-25 00:00:00-05:00,79.10992542185396,79.24558614401214,78.37347622088464,79.08085632324219,1683400,0.0,0.0
2022-11-28 00:00:00-05:00,78.41222697410531,78.75137873404574,77.27848792246708,77.35601043701172,5833900,0.0,0.0
2022-11-29 00:00:00-05:00,77.33663914609497,78.32503289073671,77.33663914609497,77.89866638183594,6043100,0.0,0.0
2022-11-30 00:00:00-05:00,77.55950939664689,80.09831655954571,77.10407381847853,79.9820327758789,10237600,0.0,0.0
2022-12-01 00:00:00-05:00,80.02080779605129,80.10801510408002,78.24751860324116,79.19715118408203,6122000,0.0,0.0
2022-12-02 00:00:00-05:00,78.76107164361267,79.98202538393225,78.22812098520977,79.90450286865234,4227000,0.0,0.0
2022-12-05 00:00:00-05:00,79.18743296651404,79.44906219748117,77.89864895686205,78.72230529785156,4943200,0.0,0.0
2022-12-06 00:00:00-05:00,78.47036575092558,79.27463774247327,77.55949476640869,78.09244537353516,4989600,0.0,0.0
2022-12-07 00:00:00-05:00,77.65641107579987,78.74170424222125,77.51105819029492,77.70486450195312,5911100,0.0,0.0
2022-12-08 00:00:00-05:00,78.31533552313402,78.34440462081766,77.36570310539267,77.76300048828125,3898800,0.0,0.0
2022-12-09 00:00:00-05:00,77.44322819516083,77.81145649257286,77.2591214394097,77.34632873535156,5098400,0.0,0.0
2022-12-12 00:00:00-05:00,77.13313902779227,78.05370230126664,77.04593173915436,77.8017578125,6803900,0.0,0.0
2022-12-13 00:00:00-05:00,79.4878358263732,79.73978032749162,74.90442573927025,75.3404769897461,10448800,0.0,0.0
2022-12-14 00:00:00-05:00,75.09822722156534,76.56143346068384,74.62341469367571,74.9238052368164,8753100,0.0,0.0
2022-12-15 00:00:00-05:00,74.34240010378765,74.92380424762302,73.62533523948917,74.67185974121094,7854500,0.0,0.0
2022-12-16 00:00:00-05:00,74.29393982603916,76.12536677633568,74.17766344376898,75.76683807373047,13857700,0.0,0.0
2022-12-19 00:00:00-05:00,75.82497885733588,77.07500176015768,75.60210346210769,75.83467102050781,6478200,0.0,0.0
2022-12-20 00:00:00-05:00,76.31918017822896,77.68547954786611,75.98002837675554,77.0943832397461,7110700,0.0,0.0
2022-12-21 00:00:00-05:00,78.06339863335285,79.16806881077159,78.02463736834363,78.73201751708984,7123500,0.0,0.0
2022-12-22 00:00:00-05:00,78.59635766804897,78.91613256324696,77.35602674565659,78.29596710205078,6124600,0.0,0.0
2022-12-23 00:00:00-05:00,78.27657603939491,79.60412154307834,77.77269441787588,79.23589324951172,4756400,0.0,0.0
2022-12-27 00:00:00-05:00,79.56535967219735,80.20490200973035,79.17775444701884,79.67195129394531,5346500,0.0,0.0
2022-12-28 00:00:00-05:00,79.81731218577423,80.41809332177175,79.40063782066845,79.79792785644531,3382700,0.0,0.0
2022-12-29 00:00:00-05:00,80.18551966641107,80.39870289552677,79.69132285282049,80.09831237792969,3378500,0.0,0.0
2022-12-30 00:00:00-05:00,79.67194743806888,80.79599440443593,79.45876420489039,80.67971801757812,5058400,0.0,0.0
2023-01-03 00:00:00-05:00,80.98010968804351,81.2514311184944,78.72231616714876,79.40062713623047,7443200,0.0,0.0
2023-01-04 00:00:00-05:00,80.61188435663013,81.13515025490469,79.6622520094754,80.76692199707031,6199100,0.0,0.0
2023-01-05 00:00:00-05:00,80.3308793390631,81.00918295006367,79.65256833510766,80.53437042236328,4562400,0.0,0.0
2023-01-06 00:00:00-05:00,81.40646263745569,82.33671055573792,80.6312523424105,81.92003631591797,6462600,0.0,0.0
2023-01-09 00:00:00-05:00,82.36579637866767,83.94527898893604,82.21075133098364,82.782470703125,8036900,0.0,0.0
2023-01-10 00:00:00-05:00,82.78246910961113,83.25728162133272,82.33672569553204,82.96658325195312,3986600,0.0,0.0
2023-01-11 00:00:00-05:00,82.89874950762893,83.2475934510017,80.51498009693023,80.83475494384766,10252000,0.0,0.0
2023-01-12 00:00:00-05:00,81.04793620120765,81.43554139473221,80.15644943116905,80.89289855957031,8211600,0.0,0.0
2023-01-13 00:00:00-05:00,80.1952182430927,80.60220040779619,79.01302561832601,80.40840148925781,9309500,0.0,0.0
2023-01-17 00:00:00-05:00,80.18553060937106,81.89098928208728,79.34248974089626,80.90259552001953,9365000,0.0,0.0
2023-01-18 00:00:00-05:00,78.97425496447381,79.32309889072253,76.8811914069815,78.85797119140625,14026500,0.0,0.0
2023-01-19 00:00:00-05:00,75.55367059276942,75.97034496629009,73.13114688461576,73.95480346679688,23537100,0.0,0.0
2023-01-20 00:00:00-05:00,74.32302447337865,75.62150102641118,74.10015643209056,74.6427993774414,11544500,0.0,0.0
2023-01-23 00:00:00-05:00,74.13889825480973,75.4858204930277,74.13889825480973,75.32109069824219,8610500,0.0,0.0
2023-01-24 00:00:00-05:00,74.78814202743767,77.28818792804682,74.78814202743767,76.79399108886719,6555600,0.0,0.0
2023-01-25 00:00:00-05:00,75.69900954178857,77.12344700956255,75.66993305256706,76.7552261352539,7206500,0.0,0.0
2023-01-26 00:00:00-05:00,77.08470155456605,77.19129318114655,75.34048165866257,75.63118743896484,11540300,0.0,0.0
2023-01-27 00:00:00-05:00,75.98002887403973,76.62926338296016,71.82297775545985,72.37531280517578,19831100,0.0,0.0
2023-01-30 00:00:00-05:00,72.0264629215921,73.98385845138445,71.29001378480943,73.16020202636719,14849100,0.0,0.0
2023-01-31 00:00:00-05:00,73.14082552466203,75.06915196974887,73.0245417467092,75.02069854736328,12526800,0.0,0.0
2023-02-01 00:00:00-05:00,74.70093481035862,76.65833803570528,74.70093481035862,75.82498931884766,9718100,0.0,0.0
2023-02-02 00:00:00-05:00,75.86373469298847,75.98001846387452,73.3733812285713,74.24549102783203,13198100,0.0,0.0
2023-02-03 00:00:00-05:00,74.38115783548717,77.70486011499284,74.3617735089383,76.57111358642578,9523200,0.0,0.0
2023-02-06 00:00:00-05:00,76.50328401638663,78.16029648450201,76.45483798542497,77.38508605957031,7816300,0.0,0.0
2023-02-07 00:00:00-05:00,76.67770211621564,79.02271020626208,76.55173357053773,78.67386627197266,5974400,0.0,0.0
2023-02-08 00:00:00-05:00,77.60795790481491,79.42000811176399,77.60795790481491,78.11184692382812,7128600,0.0,0.0
2023-02-09 00:00:00-05:00,78.13126751608327,78.58811987192333,76.71211370991269,77.35365295410156,6292800,0.25,0.0
2023-02-10 00:00:00-05:00,77.37311177539023,78.48121858305332,77.1981471522879,78.20905303955078,4809400,0.0,0.0
2023-02-13 00:00:00-05:00,78.24793735016569,79.08387864059915,78.14101410957849,78.17017364501953,5760000,0.0,0.0
2023-02-14 00:00:00-05:00,78.73394476174553,79.27827583390643,78.12157230556453,78.5103759765625,4482200,0.0,0.0
2023-02-15 00:00:00-05:00,78.1118395721054,78.90889885688387,77.7619103821096,78.22848510742188,4184800,0.0,0.0
2023-02-16 00:00:00-05:00,77.34394442813954,78.83113986630612,77.13982029113178,78.09239959716797,4665100,0.0,0.0
2023-02-17 00:00:00-05:00,77.73276061185187,78.68533998069788,77.6355596948611,78.07296752929688,4764700,0.0,0.0
2023-02-21 00:00:00-05:00,77.4411498462202,78.37429199083569,77.37310846325724,77.66471862792969,5828300,0.0,0.0
2023-02-22 00:00:00-05:00,77.44115502425556,77.93688937096375,76.87737929003488,77.76192474365234,5389100,0.0,0.0
2023-02-23 00:00:00-05:00,78.0826799977291,78.29652643771051,76.47883911382212,76.76072692871094,5260800,0.0,0.0
2023-02-24 00:00:00-05:00,76.59549221456739,78.54925506529409,76.41080528616813,78.34513092041016,6470400,0.0,0.0
2023-02-27 00:00:00-05:00,78.85058833159508,79.04499016220996,75.55542761577779,75.70122528076172,7722100,0.0,0.0
2023-02-28 00:00:00-05:00,75.97339576361509,76.59549050056563,75.17632900244584,75.74010467529297,9474800,0.0,0.0
2023-03-01 00:00:00-05:00,75.5457021860516,75.99283231080217,74.17514486405065,75.24437713623047,7389500,0.0,0.0
2023-03-02 00:00:00-05:00,74.70975864850956,75.33185336040303,73.31976415438268,73.96129608154297,8579900,0.0,0.0
2023-03-03 00:00:00-05:00,74.23347134359494,75.63318078143676,73.87381981422953,75.24437713623047,5845600,0.0,0.0
2023-03-06 00:00:00-05:00,74.49590546357668,75.15688196218062,73.81549175146377,74.45702362060547,6969900,0.0,0.0
2023-03-07 00:00:00-05:00,74.2626266505641,74.49591030760712,72.78514618539954,72.85318756103516,6377900,0.0,0.0
2023-03-08 00:00:00-05:00,72.80459536009086,74.33067266541174,72.71710934826835,74.06822204589844,5371900,0.0,0.0
2023-03-09 00:00:00-05:00,70.57866216197259,71.11327832023956,62.559464283694886,64.61043548583984,40220100,0.0,0.0
2023-03-10 00:00:00-05:00,63.82309758843521,63.82309758843521,55.706695193982604,57.05780792236328,88882900,0.0,0.0
2023-03-13 00:00:00-04:00,50.311958594520604,53.36411694704474,43.741078249060564,50.457763671875,148476900,0.0,0.0
2023-03-14 00:00:00-04:00,57.63130551098821,59.400388945339294,53.46132154088463,55.094322204589844,112494900,0.0,0.0
2023-03-15 00:00:00-04:00,55.45396204028305,58.30199232729638,53.01418371416772,57.8840217590332,87012300,0.0,0.0
2023-03-16 00:00:00-04:00,56.77591749758831,58.32143569173846,54.277816298763675,56.260746002197266,66199500,0.0,0.0
2023-03-17 00:00:00-04:00,54.94850522320062,55.70668632236409,52.25599880345099,54.83186340332031,64528800,0.0,0.0
2023-03-20 00:00:00-04:00,56.921719554453,58.29227307228163,54.3847366429884,54.540260314941406,46523700,0.0,0.0
2023-03-21 00:00:00-04:00,56.86339859307143,58.321434454432236,55.71641008549611,57.8062629699707,39433900,0.0,0.0
2023-03-22 00:00:00-04:00,57.407735694154816,57.63130075720019,54.676347065859666,54.686065673828125,35735700,0.0,0.0
2023-03-23 00:00:00-04:00,54.579143141676035,55.29843874690584,51.322860871370295,51.410343170166016,46162500,0.0,0.0
2023-03-24 00:00:00-04:00,50.6327266112387,52.59621539282673,49.680143605751304,51.76999282836914,45393100,0.0,0.0
2023-03-27 00:00:00-04:00,53.286347800393955,53.75291880904082,52.58648943343528,53.32522964477539,27218100,0.0,0.0
2023-03-28 00:00:00-04:00,52.819780139809865,53.01418566606294,51.48810840313834,52.34348678588867,23163200,0.0,0.0
2023-03-29 00:00:00-04:00,52.46013202424524,53.69460284466792,51.60474993844509,53.66543960571289,26360200,0.0,0.0
2023-03-30 00:00:00-04:00,52.265724573647525,52.65453190161344,50.418877714884694,51.00209426879883,45460400,0.0,0.0
2023-03-31 00:00:00-04:00,50.98265701108812,51.177062543034324,49.33993415951866,50.914615631103516,43886100,0.0,0.0
2023-04-03 00:00:00-04:00,51.30342161993723,52.09076233474941,50.09811402834738,50.12727355957031,24883200,0.0,0.0
2023-04-04 00:00:00-04:00,50.20504119037476,50.48692533291382,48.49427687025513,48.601200103759766,29144500,0.0,0.0
2023-04-05 00:00:00-04:00,47.69721697180278,48.03742388567637,47.007080827672226,47.502811431884766,37753000,0.0,0.0
2023-04-06 00:00:00-04:00,47.43476323337653,48.34846802731101,47.21119819238612,47.96937561035156,28155000,0.0,0.0
2023-04-10 00:00:00-04:00,48.12490321200491,50.710486721204504,48.10546599639674,50.27307891845703,31528500,0.0,0.0
2023-04-11 00:00:00-04:00,50.10783538148583,50.82713475753664,49.796788004809045,50.26335906982422,19861900,0.0,0.0
2023-04-12 00:00:00-04:00,50.61328095000968,51.30341698510238,49.83566262117448,50.46747589111328,19174400,0.0,0.0
2023-04-13 00:00:00-04:00,50.17587138981863,50.49664104840103,49.86482404645335,50.04951095581055,16165100,0.0,0.0
2023-04-14 00:00:00-04:00,50.70076781477611,50.817409647623286,48.71783811648904,49.34965515136719,32171900,0.0,0.0
2023-04-17 00:00:00-04:00,48.115189760042746,51.34230926145187,47.62917774226454,51.29370880126953,52377600,0.0,0.0
2023-04-18 00:00:00-04:00,51.03125254313151,52.73229429456923,50.81740610782678,52.489288330078125,36872300,0.0,0.0
2023-04-19 00:00:00-04:00,52.48929704433406,54.695792013192055,52.47957843565071,53.995933532714844,35415600,0.0,0.0
2023-04-20 00:00:00-04:00,53.033623025409824,54.316694221284706,52.24628236558702,52.489288330078125,24735700,0.0,0.0
2023-04-21 00:00:00-04:00,52.742013820566925,52.79061798069338,51.61446627400194,52.294883728027344,17572800,0.0,0.0
2023-04-24 00:00:00-04:00,52.14908249445033,52.70313580781066,51.52698409834801,51.633907318115234,13246100,0.0,0.0
2023-04-25 00:00:00-04:00,51.157619323005676,51.36174345379807,49.43713656066203,49.602378845214844,17042900,0.0,0.0
2023-04-26 00:00:00-04:00,49.10665391649022,49.83567193121012,48.89280744561962,49.18441390991211,11422600,0.0,0.0
2023-04-27 00:00:00-04:00,49.31077481170521,50.83685212502091,48.95112698644649,50.282798767089844,12315900,0.0,0.0
2023-04-28 00:00:00-04:00,49.72874252998534,50.963213326808216,49.37881333303058,50.77853012084961,12788300,0.0,0.0
2023-05-01 00:00:00-04:00,50.65216780954359,51.59503221236528,49.96203170610652,50.36056137084961,11041000,0.0,0.0
2023-05-02 00:00:00-04:00,50.15643452042558,50.25363914056769,47.67777418044693,48.69839859008789,20934400,0.0,0.0
2023-05-03 00:00:00-04:00,48.97056435379088,49.174688479681656,46.41414049856816,46.68630599975586,22505400,0.0,0.0
2023-05-04 00:00:00-04:00,45.86008988766831,46.26833816354581,44.37289444271872,46.04477310180664,26316200,0.0,0.0
2023-05-05 00:00:00-04:00,47.72637462193055,48.873363183416856,47.21120311325483,47.86246109008789,22007000,0.0,0.0
2023-05-08 00:00:00-04:00,48.581751349203884,48.853916839369326,46.17113265751604,46.2974967956543,19204700,0.0,0.0
2023-05-09 00:00:00-04:00,46.21002000239183,46.929315657166384,45.79204940246453,46.59882736206055,11467400,0.0,0.0
2023-05-10 00:00:00-04:00,47.2792364544224,47.35700013729009,45.87952353459233,46.219730377197266,12343400,0.0,0.0
2023-05-11 00:00:00-04:00,46.07316376480063,46.68877279319418,45.48686465944831,46.639915466308594,11764000,0.25,0.0
2023-05-12 00:00:00-04:00,47.587760423010145,48.65286648686611,47.216438051210154,47.8222770690918,19332000,0.0,0.0
2023-05-15 00:00:00-04:00,49.35642397046001,50.61696315527138,49.053506301875615,49.77660369873047,22098000,0.0,0.0
2023-05-16 00:00:00-04:00,49.512769933690315,50.030668047939194,48.936248244419716,48.94601821899414,12351700,0.0,0.0
2023-05-17 00:00:00-04:00,49.551859073601115,50.97851397771307,48.92647630618631,50.63650894165039,19884400,0.0,0.0
2023-05-18 00:00:00-04:00,50.77330679510403,50.95896985167288,49.835232720858805,50.5681037902832,12764900,0.0,0.0
2023-05-19 00:00:00-04:00,50.93943013774707,51.02737482202104,49.9524949333863,50.489933013916016,11893200,0.0,0.0
2023-05-22 00:00:00-04:00,50.81239852186173,50.94920053685469,50.08929736430209,50.783084869384766,9277400,0.0,0.0
2023-05-23 00:00:00-04:00,51.0273764397967,52.13156628809633,50.96874540589677,51.58435821533203,14865300,0.0,0.0
2023-05-24 00:00:00-04:00,51.07622710462935,51.447549482380985,50.753762051629934,50.890567779541016,10073300,0.0,0.0
2023-05-25 00:00:00-04:00,50.71468543767478,53.03055724469638,50.52902235935091,53.001243591308594,18822400,0.0,0.0
2023-05-26 00:00:00-04:00,52.98169378123728,53.25529778805834,52.16087803319907,52.444252014160156,11521400,0.0,0.0
2023-05-30 00:00:00-04:00,52.76672013902956,53.108725167419095,51.975217995017026,52.610374450683594,12334200,0.0,0.0
2023-05-31 00:00:00-04:00,52.16088092332461,52.326996585934374,51.271664124311485,51.486637115478516,17631500,0.0,0.0
2023-06-01 00:00:00-04:00,52.03384843447939,52.09247946478334,51.17394529456412,51.49641036987305,10750300,0.0,0.0
2023-06-02 00:00:00-04:00,51.93613098277999,53.42141306145021,51.93613098277999,53.128265380859375,12259900,0.0,0.0
2023-06-05 00:00:00-04:00,53.15758842332577,53.343247771051864,52.2292842295445,53.1673583984375,8658000,0.0,0.0
2023-06-06 00:00:00-04:00,52.61037436524245,53.431190159619554,52.463798651841984,53.362789154052734,10894800,0.0,0.0
2023-06-07 00:00:00-04:00,53.72433681334068,54.83830028526515,53.098954073142735,54.359493255615234,15622200,0.0,0.0
2023-06-08 00:00:00-04:00,54.19337692526331,54.330178941451024,52.67877731699519,53.773197174072266,11732600,0.0,0.0
2023-06-09 00:00:00-04:00,53.88068323592994,54.06634630217556,53.47027720489793,53.74388122558594,7863000,0.0,0.0
2023-06-12 00:00:00-04:00,53.69502162916201,53.7829663074648,51.89704443864117,52.737403869628906,11268600,0.0,0.0
2023-06-13 00:00:00-04:00,52.76672070646939,53.86114053666027,52.600605041629606,53.49959182739258,10611600,0.0,0.0
2023-06-14 00:00:00-04:00,52.96215451171981,54.07611803511354,52.48334373237189,53.108726501464844,14994400,0.0,0.0
2023-06-15 00:00:00-04:00,52.89375308894109,54.3301779605537,52.71786372056807,54.24223327636719,12833800,0.0,0.0
2023-06-16 00:00:00-04:00,54.61355363827347,54.61355363827347,53.03055310997465,53.15758514404297,19691000,0.0,0.0
2023-06-20 00:00:00-04:00,52.75695333063188,52.903525325491955,52.19019784662831,52.69832229614258,9151500,0.0,0.0
2023-06-21 00:00:00-04:00,52.57128448724583,52.883975848416846,52.19019212379211,52.737403869628906,13934100,0.0,0.0
2023-06-22 00:00:00-04:00,52.717859701651506,52.74717335162053,51.545265244415205,51.99475860595703,9009500,0.0,0.0
2023-06-23 00:00:00-04:00,51.496409864743946,52.141336281460504,51.31074680105688,51.95567321777344,21939000,0.0,0.0
2023-06-26 00:00:00-04:00,52.0924785217737,52.414939863670035,51.7602434778827,52.19019317626953,10131400,0.0,0.0
2023-06-27 00:00:00-04:00,52.512659936940594,54.13474785580745,51.85795980249315,53.958858489990234,12367300,0.0,0.0
2023-06-28 00:00:00-04:00,54.19337399780722,54.53538274737701,53.78296797141368,54.506065368652344,9910600,0.0,0.0
2023-06-29 00:00:00-04:00,55.52231533655187,56.04020973131001,55.199853984509616,55.83500671386719,15151100,0.0,0.0
2023-06-30 00:00:00-04:00,56.23563888122078,56.49947291148753,54.789440429353945,55.3855094909668,18000700,0.0,0.0
2023-07-03 00:00:00-04:00,55.34642020249083,56.773074928748535,55.34642020249083,56.401756286621094,6410600,0.0,0.0
2023-07-05 00:00:00-04:00,56.06952654960585,56.24541591353266,55.278024411935185,55.39528274536133,7979600,0.0,0.0
2023-07-06 00:00:00-04:00,54.88716026750466,55.20962535527607,54.17383281199332,54.68195724487305,8730300,0.0,0.0
2023-07-07 00:00:00-04:00,54.53538225008964,56.089069115623005,54.45720754430362,55.49300003051758,9492000,0.0,0.0
2023-07-10 00:00:00-04:00,56.431075932592194,56.66559632984777,55.78614949960844,56.50925064086914,8258900,0.0,0.0
2023-07-11 00:00:00-04:00,56.67536728550709,56.80239932486811,56.06952819617621,56.26496124267578,8436400,0.0,0.0
2023-07-12 00:00:00-04:00,56.87079720349578,57.45709258316657,56.67536416774715,57.07600021362305,8909900,0.0,0.0
2023-07-13 00:00:00-04:00,57.39846238528789,58.610140436150196,57.35937503459558,58.561283111572266,12598300,0.0,0.0
2023-07-14 00:00:00-04:00,58.8837457275662,58.893519429241145,57.1443995869268,57.18348693847656,12766100,0.0,0.0
2023-07-17 00:00:00-04:00,57.04668658047574,57.984760679267865,56.77307883931337,57.30074691772461,15512600,0.0,0.0
2023-07-18 00:00:00-04:00,63.17349351830734,65.4209605326529,62.53833704169745,64.50243377685547,45988500,0.0,0.0
2023-07-19 00:00:00-04:00,66.31994539176904,67.22870577128283,64.51219087881118,64.53173828125,22153000,0.0,0.0
2023-07-20 00:00:00-04:00,64.46334218699452,66.42743879313119,64.27767912544994,66.38835144042969,13621600,0.0,0.0
2023-07-21 00:00:00-04:00,66.63264572627622,66.70104673374323,64.94215303437645,64.96170043945312,9880800,0.0,0.0
2023-07-24 00:00:00-04:00,65.16689934594862,65.80204832296198,64.82488687506424,65.03986358642578,7414600,0.0,0.0
2023-07-25 00:00:00-04:00,64.68809104742566,65.14735816462833,63.662075902223755,63.94545364379883,9973200,0.0,0.0
2023-07-26 00:00:00-04:00,64.17996889881687,65.53822281450665,64.15065524605605,65.09850311279297,6704700,0.0,0.0
2023-07-27 00:00:00-04:00,64.93237384674306,65.97793627550199,64.08224817648818,64.31676483154297,9199000,0.0,0.0
2023-07-28 00:00:00-04:00,64.59037715527045,65.04964427795483,64.20928474605381,64.45357513427734,6675500,0.0,0.0
2023-07-31 00:00:00-04:00,64.60992521375705,64.69786617593323,63.7402520193099,64.59037780761719,8651900,0.0,0.0
2023-08-01 00:00:00-04:00,64.2385874938608,64.43402424435043,63.88680879812925,64.21904754638672,5942300,0.0,0.0
2023-08-02 00:00:00-04:00,63.64252570919484,64.09201910385671,63.3493817327548,63.84772872924805,9585300,0.0,0.0
2023-08-03 00:00:00-04:00,63.574117678338446,64.74671581999246,63.51549038055816,64.3656234741211,7426600,0.0,0.0
2023-08-04 00:00:00-04:00,64.30698995228674,64.44379195315952,63.24188759475582,63.43731689453125,7366300,0.0,0.0
2023-08-07 00:00:00-04:00,63.87706051205046,64.56107069321043,63.71093736363861,64.4633560180664,5825100,0.0,0.0
2023-08-08 00:00:00-04:00,63.300523155739995,64.1897437326254,62.40153633119604,64.02362060546875,6325600,0.0,0.0
2023-08-09 00:00:00-04:00,63.90636608166567,64.43403420684865,63.3689242536596,63.79887771606445,6617500,0.0,0.0
2023-08-10 00:00:00-04:00,63.99505369521975,64.64246281813125,63.269176862342384,63.308414459228516,7347000,0.25,0.0
2023-08-11 00:00:00-04:00,63.01413589608426,63.64192247537776,62.719861404778335,62.85719299316406,6571700,0.0,0.0
2023-08-14 00:00:00-04:00,62.51386778312555,62.553105378644794,60.36565994413789,60.601078033447266,12327500,0.0,0.0
2023-08-15 00:00:00-04:00,59.83596395402092,60.18909483179832,59.22779618779488,59.80653762817383,8753400,0.0,0.0
2023-08-16 00:00:00-04:00,59.3553194857545,59.875208333340304,59.217991627038685,59.29646682739258,6402800,0.0,0.0
2023-08-17 00:00:00-04:00,59.14932154451983,59.482833627522425,58.50191617656222,58.62943649291992,8660700,0.0,0.0
2023-08-18 00:00:00-04:00,57.96241386474324,58.70790950081473,57.83489354500224,58.38420867919922,5946600,0.0,0.0
2023-08-21 00:00:00-04:00,58.40382641123949,58.55096178495849,57.55042552767606,58.26649856567383,7448800,0.0,0.0
2023-08-22 00:00:00-04:00,58.560773092838474,58.560773092838474,55.18641463663126,55.382598876953125,17506500,0.0,0.0
2023-08-23 00:00:00-04:00,55.37279398186256,57.01092442135418,55.274699986085515,56.91283416748047,10628400,0.0,0.0
2023-08-24 00:00:00-04:00,56.893213736682604,57.570045449568326,56.294853476264706,56.73626708984375,6727400,0.0,0.0
2023-08-25 00:00:00-04:00,57.11881949883986,57.43271276609106,56.481225436818384,57.040348052978516,8367200,0.0,0.0
2023-08-28 00:00:00-04:00,57.40329453092444,58.04088868279592,57.35424940261178,57.923179626464844,4952700,0.0,0.0
2023-08-29 00:00:00-04:00,57.99183956837825,58.75695773669796,57.38367178691647,58.31554412841797,7604200,0.0,0.0
2023-08-30 00:00:00-04:00,58.47248990887346,59.11008400749287,58.15859662360478,58.639244079589844,10299000,0.0,0.0
2023-08-31 00:00:00-04:00,58.63924607351856,58.707909998136934,57.9035579595474,58.021270751953125,6687700,0.0,0.0
2023-09-01 00:00:00-04:00,58.43325124771242,59.698635635708946,58.364587326680336,59.34550476074219,9392100,0.0,0.0
2023-09-05 00:00:00-04:00,59.541693069014144,59.79672997287924,58.49211164212131,58.54115676879883,6085800,0.0,0.0
2023-09-06 00:00:00-04:00,57.84470496525233,58.16840578770732,56.569509248341646,57.15806198120117,8534800,0.0,0.0
2023-09-07 00:00:00-04:00,57.138442915384054,57.48176253485254,56.52046385843756,56.71664810180664,6351600,0.0,0.0
2023-09-08 00:00:00-04:00,56.53027360408276,58.295924262980115,56.48122848003899,58.19783401489258,9554100,0.0,0.0
2023-09-11 00:00:00-04:00,58.74714597839223,59.433788947577135,58.48229781562507,58.67848205566406,7641700,0.0,0.0
2023-09-12 00:00:00-04:00,58.766759737131004,59.983098927544894,58.668669496474664,59.36511993408203,9448200,0.0,0.0
2023-09-13 00:00:00-04:00,59.63978234194246,59.81634778860159,56.7951238804736,57.609283447265625,13621300,0.0,0.0
2023-09-14 00:00:00-04:00,58.21744908723662,58.78638300363181,57.942793398992386,58.619625091552734,8074200,0.0,0.0
2023-09-15 00:00:00-04:00,56.89321717748577,57.50138500302937,55.73573418383292,57.1090202331543,23633300,0.0,0.0
2023-09-18 00:00:00-04:00,56.88340639820784,57.138443296958556,55.85344004911776,56.75588607788086,8713500,0.0,0.0
2023-09-19 00:00:00-04:00,56.73626990434676,57.08940081272768,56.29485626887061,56.62836837768555,7313900,0.0,0.0
2023-09-20 00:00:00-04:00,56.80493186699087,57.27577181457792,55.54935867342542,55.588592529296875,8867700,0.0,0.0
2023-09-21 00:00:00-04:00,55.166799305040016,55.765155809276436,54.8823323450879,54.941184997558594,8686200,0.0,0.0
2023-09-22 00:00:00-04:00,54.93137736782714,55.12756160680715,54.06816896145698,54.097599029541016,7019500,0.0,0.0
2023-09-25 00:00:00-04:00,53.9112240601952,54.470346727113025,53.51885931146341,54.29378128051758,6994300,0.0,0.0
2023-09-26 00:00:00-04:00,53.695425873495,53.93084397924385,52.508512848524255,53.16572952270508,8948800,0.0,0.0
2023-09-27 00:00:00-04:00,53.39134172871047,54.176075008319614,53.08725594577918,53.3422966003418,7746700,0.0,0.0
2023-09-28 00:00:00-04:00,53.47962213455118,53.73465903613714,52.881261865484056,53.50904846191406,6154300,0.0,0.0
2023-09-29 00:00:00-04:00,54.048551718542015,54.74500597405572,53.59733057523692,53.85237121582031,8059000,0.0,0.0
2023-10-02 00:00:00-04:00,53.69542765694585,53.911226970732685,52.25347767920341,52.528133392333984,8859300,0.0,0.0
2023-10-03 00:00:00-04:00,51.91996047257371,51.99843192209599,49.78156015097278,50.32106399536133,15459400,0.0,0.0
2023-10-04 00:00:00-04:00,50.281823602733105,50.595720609071,49.771749854453354,50.42896270751953,10421900,0.0,0.0
2023-10-05 00:00:00-04:00,50.134692708340374,50.42896720223895,49.06549251171643,50.08564758300781,8601700,0.0,0.0
2023-10-06 00:00:00-04:00,49.57556662498643,50.86056603274626,48.712358259491474,50.536865234375,11470400,0.0,0.0
2023-10-09 00:00:00-04:00,49.88946194575924,50.79190420075252,49.869843147793766,50.76247787475586,8168600,0.0,0.0
2023-10-10 00:00:00-04:00,51.164650286133536,51.58644505802024,50.72323671765875,50.791900634765625,8373800,0.0,0.0
2023-10-11 00:00:00-04:00,50.88019217906661,51.48836375314104,50.14450401789253,50.919429779052734,8068500,0.0,0.0
2023-10-12 00:00:00-04:00,51.03713903852447,51.1352330388769,49.80118456931188,50.527061462402344,9412300,0.0,0.0
2023-10-13 00:00:00-04:00,51.017518671859705,51.24313299479061,50.105268818967325,50.35049819946289,12412900,0.0,0.0
2023-10-16 00:00:00-04:00,49.64423505814518,53.55809377068503,49.36957935674681,52.694889068603516,20509400,0.0,0.0
2023-10-17 00:00:00-04:00,52.23385254734605,53.2736263582844,51.076369693893,52.66545486450195,15991300,0.0,0.0
2023-10-18 00:00:00-04:00,52.479084251901,52.88126026191234,50.67419597094454,50.85076141357422,9949100,0.0,0.0
2023-10-19 00:00:00-04:00,51.105795049489934,51.4981635062991,50.595721294302116,50.90961456298828,9981700,0.0,0.0
2023-10-20 00:00:00-04:00,50.51724813867591,50.86056774576976,49.56575702486857,49.899269104003906,9785600,0.0,0.0
2023-10-23 00:00:00-04:00,49.73251631262329,49.9385080825841,48.33961156404814,48.3886604309082,10885600,0.0,0.0
2023-10-24 00:00:00-04:00,48.781022072765865,49.212624383625496,48.339608492396394,48.87911605834961,9022900,0.0,0.0
2023-10-25 00:00:00-04:00,48.54560355924104,48.66331259899128,47.73144032470317,48.42789077758789,8056400,0.0,0.0
2023-10-26 00:00:00-04:00,48.25132509427788,50.84095014853949,48.221898769970174,50.44858169555664,14097600,0.0,0.0
2023-10-27 00:00:00-04:00,50.06602785347541,50.40934746632224,48.94778255231358,49.16358184814453,10574800,0.0,0.0
2023-10-30 00:00:00-04:00,49.75213266533153,50.13468985985437,48.76140397714894,49.781558990478516,9293000,0.0,0.0
2023-10-31 00:00:00-04:00,49.90908333157249,51.17446405978088,49.34014938678307,51.04694747924805,13193500,0.0,0.0
2023-11-01 00:00:00-04:00,51.06656566691135,52.49870429837716,50.87038142133583,51.81206130981445,13862700,0.0,0.0
2023-11-02 00:00:00-04:00,52.5575606815525,54.03874443856809,52.48889301500038,53.881797790527344,14948800,0.0,0.0
2023-11-03 00:00:00-04:00,55.333551896376285,55.75534668925454,54.41149086226497,54.76462173461914,12836300,0.0,0.0
2023-11-06 00:00:00-05:00,54.90195143844754,55.12756200523904,53.53847676763188,54.55862808227539,10606400,0.0,0.0
2023-11-07 00:00:00-05:00,54.4507268599052,54.80385774616661,53.37171914468706,54.17607116699219,10955900,0.0,0.0
2023-11-08 00:00:00-05:00,54.176072038833716,54.283973560472596,53.587523046862124,53.85237121582031,6386800,0.0,0.0
2023-11-09 00:00:00-05:00,54.19726225036571,54.34507446920233,53.172440389284695,53.36952209472656,8548700,0.25,0.0
2023-11-10 00:00:00-05:00,53.85237021958512,53.85237021958512,52.709300878444886,53.61587142944336,6356000,0.0,0.0
2023-11-13 00:00:00-05:00,53.192144305228645,53.81295030767059,52.81768947338836,53.17243576049805,9827200,0.0,0.0
2023-11-14 00:00:00-05:00,54.788501351322516,55.12353910906962,53.44835407935486,53.990325927734375,15361400,0.0,0.0
2023-11-15 00:00:00-05:00,54.492879273794074,55.96113393387782,54.46331833561796,55.261497497558594,10245500,0.0,0.0
2023-11-16 00:00:00-05:00,55.20236916505456,55.30090812684084,54.28594253616453,54.85747528076172,10189400,0.0,0.0
2023-11-17 00:00:00-05:00,55.5866799933803,55.970987231966404,55.03485199803934,55.95127868652344,7366700,0.0,0.0
2023-11-20 00:00:00-05:00,55.862593164878916,56.138509047262374,55.22208234149824,55.734493255615234,8233100,0.0,0.0
2023-11-21 00:00:00-05:00,55.566973058750754,55.62609869679362,55.084126837973436,55.172813415527344,4901200,0.0,0.0
2023-11-22 00:00:00-05:00,55.497992842508395,55.655657445395384,54.61112710188119,55.113685607910156,6830100,0.0,0.0
2023-11-24 00:00:00-05:00,55.27135034024392,55.64580518261024,54.98558207214803,55.606388092041016,2725600,0.0,0.0
2023-11-27 00:00:00-05:00,55.18266296386719,55.51770071079435,54.96587272790826,55.18266296386719,8715200,0.0,0.0
2023-11-28 00:00:00-05:00,55.15310222360004,55.77390447767424,54.7786473853342,54.99543762207031,7866000,0.0,0.0
2023-11-29 00:00:00-05:00,55.182663394598016,59.055304179976275,55.182663394598016,58.73997497558594,15656600,0.0,0.0
2023-11-30 00:00:00-05:00,58.78924288231108,60.898008289750095,58.73997340026279,60.42501449584961,20200300,0.0,0.0
2023-12-01 00:00:00-05:00,59.98158524609142,62.248015387778636,59.479030484547245,62.238162994384766,17128400,0.0,0.0
2023-12-04 00:00:00-05:00,61.587797718733064,62.42539026409949,61.39071601422895,61.72575378417969,11690900,0.0,0.0
2023-12-05 00:00:00-05:00,61.400573383749666,61.47940381170106,60.62210270299218,61.321739196777344,7172600,0.0,0.0
2023-12-06 00:00:00-05:00,61.97210688931248,62.69145193780464,61.183783805966335,61.25276184082031,8544500,0.0,0.0
2023-12-07 00:00:00-05:00,61.77502454682654,62.11991847658949,61.17393078625059,62.04108428955078,9500600,0.0,0.0
2023-12-08 00:00:00-05:00,62.08050106796044,63.39109122816964,61.94254500036387,63.134883880615234,10158800,0.0,0.0
2023-12-11 00:00:00-05:00,63.01663516256808,63.43050711651647,62.71115833367809,63.085609436035156,8281700,0.0,0.0
2023-12-12 00:00:00-05:00,63.09546309841172,63.68670442755026,62.6618863743115,63.62758255004883,8274200,0.0,0.0
2023-12-13 00:00:00-05:00,63.79510738883739,65.44073918927792,63.36153437047114,65.33234405517578,13922500,0.0,0.0
2023-12-14 00:00:00-05:00,66.72174928883881,70.13124854412291,66.72174928883881,69.90460968017578,26968400,0.0,0.0
2023-12-15 00:00:00-05:00,69.63854258830739,70.35789126778374,69.07686225645786,69.94402313232422,21425600,0.0,0.0
2023-12-18 00:00:00-05:00,70.09183722481735,70.29877132034075,68.20971805998549,68.29840087890625,12870800,0.0,0.0
2023-12-19 00:00:00-05:00,68.24913214291082,68.83051731164542,67.86482490844935,68.72212219238281,10781100,0.0,0.0
2023-12-20 00:00:00-05:00,68.17029685932152,69.96373309714645,66.0812362068274,66.14036560058594,11408600,0.0,0.0
2023-12-21 00:00:00-05:00,66.63307410399806,67.54950085251147,66.34730581488722,67.18489837646484,8674300,0.0,0.0
2023-12-22 00:00:00-05:00,67.25387802514163,68.12103154812817,67.03708776488448,67.57906341552734,4453400,0.0,0.0
2023-12-26 00:00:00-05:00,67.40168123190216,68.19000046058974,67.27357381268516,67.94364929199219,3565700,0.0,0.0
2023-12-27 00:00:00-05:00,67.78598975467949,68.35752628112681,67.42138731166148,68.25897979736328,4320000,0.0,0.0
2023-12-28 00:00:00-05:00,68.3082580758705,68.82066524623316,68.24913619568603,68.53490447998047,4352200,0.0,0.0
2023-12-29 00:00:00-05:00,68.6334375066307,68.6827032298355,67.7268670048187,67.79584503173828,6046800,0.0,0.0
2024-01-02 00:00:00-05:00,67.13561744901902,68.18015151130663,66.56408845422882,68.09146118164062,10111200,0.0,0.0
2024-01-03 00:00:00-05:00,66.0713882446289,66.62321247171106,65.33233471848335,66.0713882446289,10661900,0.0,0.0
2024-01-04 00:00:00-05:00,65.76590696999303,66.93854095801527,65.46043392156686,65.9137191772461,6755000,0.0,0.0
2024-01-05 00:00:00-05:00,65.93344241480258,67.04694719374957,65.64767410486914,66.24877166748047,7242600,0.0,0.0
2024-01-08 00:00:00-05:00,66.0221057758115,67.16517867849976,65.54910827724113,66.81043243408203,6534200,0.0,0.0
2024-01-09 00:00:00-05:00,66.02211564310481,66.37686194054092,65.63780840722258,65.77576446533203,7069300,0.0,0.0
2024-01-10 00:00:00-05:00,64.89876157710175,65.36190304203767,64.54401524302496,64.85934448242188,7990100,0.0,0.0
2024-01-11 00:00:00-05:00,64.53415689451795,64.71153005552246,63.87393749668412,64.3075180053711,8294800,0.0,0.0
2024-01-12 00:00:00-05:00,64.69181460696097,65.08597795735265,63.529036858227826,64.27794647216797,8455900,0.0,0.0
2024-01-16 00:00:00-05:00,63.36152358914314,63.93305258674637,62.8195480108527,63.37137222290039,12604100,0.0,0.0
2024-01-17 00:00:00-05:00,60.040709275877546,62.937797769781895,58.79909723633236,62.523929595947266,24688400,0.0,0.0
2024-01-18 00:00:00-05:00,62.30714309611878,62.30714309611878,61.02611764815446,61.804588317871094,11301800,0.0,0.0
2024-01-19 00:00:00-05:00,62.11005990523926,62.86882201034773,60.99655524933248,62.84911346435547,12683000,0.0,0.0
2024-01-22 00:00:00-05:00,62.918088050710075,63.59801969364033,62.36626382922533,62.70130157470703,10041700,0.0,0.0
2024-01-23 00:00:00-05:00,63.06590617801937,63.35167446755354,62.51407814571416,62.9870719909668,5857400,0.0,0.0
2024-01-24 00:00:00-05:00,63.558606802600416,63.74583611213335,62.50422401372855,62.55349349975586,5977600,0.0,0.0
2024-01-25 00:00:00-05:00,63.006774922748185,63.11517379979574,62.2184519175802,62.78013229370117,5904400,0.0,0.0
2024-01-26 00:00:00-05:00,63.01663720984949,63.775399350888144,62.809703105662855,63.105323791503906,5108500,0.0,0.0
2024-01-29 00:00:00-05:00,62.750575134565466,63.14473854039643,62.454954459702655,63.006778717041016,5546800,0.0,0.0
2024-01-30 00:00:00-05:00,62.65203412556562,63.53889988033955,62.44509627677123,63.44035339355469,5641200,0.0,0.0
2024-01-31 00:00:00-05:00,62.74071674836467,63.23341910860257,61.972102269280164,62.00166320800781,8916100,0.0,0.0
2024-02-01 00:00:00-05:00,62.00166346447205,62.45495249462164,60.27720519650632,61.36115264892578,8942600,0.0,0.0
2024-02-02 00:00:00-05:00,61.0950983927057,62.39583244486098,60.64181308098939,62.02137756347656,9802100,0.0,0.0
2024-02-05 00:00:00-05:00,61.587797580184024,61.844001164148416,60.58268427259292,61.459693908691406,6953800,0.0,0.0
2024-02-06 00:00:00-05:00,61.4498395767154,61.96225048750188,60.76990790710413,60.986698150634766,6171000,0.0,0.0
2024-02-07 00:00:00-05:00,61.16407159559777,61.8637080552241,60.77976435042332,61.51881790161133,6990500,0.0,0.0
2024-02-08 00:00:00-05:00,61.57818266253554,62.241056514050115,61.25168985270827,61.80573654174805,5689100,0.25,0.0
2024-02-09 00:00:00-05:00,61.85520303969071,62.735738749044955,61.68700874765026,62.696163177490234,7562800,0.0,0.0
2024-02-12 00:00:00-05:00,62.63680301240984,64.42755798021577,62.63680301240984,63.81414794921875,6692400,0.0,0.0
2024-02-13 00:00:00-05:00,62.973189449346094,63.24031512643811,61.02413592047318,62.043182373046875,8998800,0.0,0.0
2024-02-14 00:00:00-05:00,62.488398080438536,62.72584773940368,61.4990314206633,62.359779357910156,6324900,0.0,0.0
2024-02-15 00:00:00-05:00,62.58733301979096,64.55617432653739,62.527973435856175,63.94276428222656,8268300,0.0,0.0
2024-02-16 00:00:00-05:00,63.754785530364,64.20989325636673,63.190843101371385,63.7152099609375,6056600,0.0,0.0
2024-02-20 00:00:00-05:00,63.25020746674556,63.69541942044262,62.70605658790042,62.9039306640625,5357500,0.0,0.0
2024-02-21 00:00:00-05:00,62.696164959968996,63.497553323131854,62.2311651904507,63.448081970214844,5188100,0.0,0.0
2024-02-22 00:00:00-05:00,64.02191542631866,64.49681474260261,63.65584704609417,63.94276428222656,6084300,0.0,0.0
2024-02-23 00:00:00-05:00,63.86361837719267,64.45723683988187,63.61627672204982,63.75478744506836,4196900,0.0,0.0
2024-02-26 00:00:00-05:00,63.754785530364,64.46713068350498,63.59648325265798,63.7152099609375,5377300,0.0,0.0
2024-02-27 00:00:00-05:00,63.85372106286314,64.71447271945024,63.8042497137162,64.65510559082031,5484200,0.0,0.0
2024-02-28 00:00:00-05:00,64.48691604052873,65.3674517209163,64.19999881739697,64.95191955566406,5126700,0.0,0.0
2024-02-29 00:00:00-05:00,65.317979781218,66.12926009340441,65.16958082944524,66.06990051269531,8522900,0.0,0.0
2024-03-01 00:00:00-05:00,65.91161299822394,66.20841848253566,65.001389887502,65.7632064819336,7875300,0.0,0.0
2024-03-04 00:00:00-05:00,65.93139443612966,67.4451242369779,65.90171464368458,66.92076110839844,5805100,0.0,0.0
2024-03-05 00:00:00-05:00,66.55468605428663,67.74193047102247,66.49532647534362,67.37586212158203,6170200,0.0,0.0
2024-03-06 00:00:00-05:00,67.7617144812475,67.84086561868348,66.41617533790765,67.37586212158203,6624700,0.0,0.0
2024-03-07 00:00:00-05:00,67.82108500256942,68.08821066944925,67.42533684385224,67.46491241455078,5326200,0.0,0.0
2024-03-08 00:00:00-05:00,67.68257724166014,68.29597974366493,66.43597312903223,66.45575714111328,9027600,0.0,0.0
2024-03-11 00:00:00-04:00,66.4854398217674,66.95044338269437,66.11937897035004,66.23809814453125,8456500,0.0,0.0
2024-03-12 00:00:00-04:00,66.45575869678785,66.65363656357368,65.14979496907664,65.79288482666016,9497900,0.0,0.0
2024-03-13 00:00:00-04:00,66.00064368999254,66.89107512223956,65.96106812097402,66.41617584228516,8202500,0.0,0.0
2024-03-14 00:00:00-04:00,66.01054189696885,66.61405613722779,65.32787651576193,65.89181518554688,11673800,0.0,0.0
2024-03-15 00:00:00-04:00,65.42680601186176,67.0889420867415,65.42680601186176,66.32713317871094,11823700,0.0,0.0
2024-03-18 00:00:00-04:00,66.0105343088237,66.851494326987,65.96106296435104,66.68330383300781,6567400,0.0,0.0
2024-03-19 00:00:00-04:00,66.8811896715919,67.73204566622076,66.64374376907917,67.62321472167969,7979200,0.0,0.0
2024-03-20 00:00:00-04:00,67.64300414667005,69.03800727166973,67.33629533616573,68.9291763305664,6836100,0.0,0.0
2024-03-21 00:00:00-04:00,69.24576836880807,71.2343974100196,69.19630456623436,71.08599090576172,10466900,0.0,0.0
2024-03-22 00:00:00-04:00,71.86758808865105,72.16440108328526,70.79907036588949,70.8386459350586,7230100,0.0,0.0
2024-03-25 00:00:00-04:00,70.70014052197945,71.55099645228766,70.23513698468675,70.57152557373047,6578600,0.0,0.0
2024-03-26 00:00:00-04:00,70.63087798861629,70.76938870290793,70.15598626769292,70.24502563476562,5659100,0.0,0.0
2024-03-27 00:00:00-04:00,70.64077652461886,71.67960692234865,70.54184137458765,71.6103515625,7358000,0.0,0.0
2024-03-28 00:00:00-04:00,71.63014502327583,71.82801532859177,70.93758385813342,71.5707778930664,6865000,0.0,0.0
2024-04-01 00:00:00-04:00,71.52131272726288,71.85769374954027,71.08598900594562,71.6004638671875,4070800,0.0,0.0
2024-04-02 00:00:00-04:00,71.23439313162308,71.39269540619527,70.21534677093521,70.70013427734375,5373600,0.0,0.0
2024-04-03 00:00:00-04:00,70.67045638740387,71.47184091622846,70.52204988807055,70.66056060791016,5295900,0.0,0.0
2024-04-04 00:00:00-04:00,71.46195607202787,72.1940852756328,70.32418292090377,70.59130859375,7855300,0.0,0.0
2024-04-05 00:00:00-04:00,70.71992819255496,71.36301044669864,70.45279498237909,71.12556457519531,4254900,0.0,0.0
2024-04-08 00:00:00-04:00,71.50152116814765,72.0061002498319,71.05630921554092,71.6004638671875,5846000,0.0,0.0
2024-04-09 00:00:00-04:00,71.76865864954337,72.02589609547346,70.72982063394507,71.51142120361328,5024000,0.0,0.0
2024-04-10 00:00:00-04:00,70.78918312120204,71.30365043103305,69.37438858383163,70.34396362304688,7750200,0.0,0.0
2024-04-11 00:00:00-04:00,70.10652548609045,70.52205769158938,69.07758320466286,69.86907958984375,5891800,0.0,0.0
2024-04-12 00:00:00-04:00,68.96874995105752,70.11641891627133,68.73130406277038,69.28534698486328,8614200,0.0,0.0
2024-04-15 00:00:00-04:00,69.75034663241455,72.86685299160162,69.72066684157048,70.47258758544922,14417600,0.0,0.0
2024-04-16 00:00:00-04:00,70.73971678835379,72.48100423819771,69.621735170474,72.29302215576172,12021600,0.0,0.0
2024-04-17 00:00:00-04:00,72.71844682364627,73.09440342318106,71.5509939060434,71.72908020019531,9852800,0.0,0.0
2024-04-18 00:00:00-04:00,71.75876232613557,73.05483022958326,71.19482363434923,72.15451049804688,8208300,0.0,0.0
2024-04-19 00:00:00-04:00,72.6195134736295,73.09440523764421,72.08525457791157,72.63929748535156,8480400,0.0,0.0
2024-04-22 00:00:00-04:00,73.17356202443348,74.18272031026392,72.44143276195683,73.47037506103516,8847500,0.0,0.0
2024-04-23 00:00:00-04:00,73.55939871936017,74.56855678947797,73.39120822376303,74.43004608154297,9244400,0.0,0.0
2024-04-24 00:00:00-04:00,73.6781348533213,74.74665263559521,73.56930391911182,74.3904800415039,6038800,0.0,0.0
2024-04-25 00:00:00-04:00,74.13324164752407,74.65760475200138,73.21313038267593,74.09366607666016,6375400,0.0,0.0
2024-04-26 00:00:00-04:00,74.16292427272634,74.4993128637905,73.72760052485579,74.1926040649414,5560700,0.0,0.0
2024-04-29 00:00:00-04:00,74.11345812737686,74.68728503803558,73.63855882213103,73.76717376708984,5743200,0.0,0.0
2024-04-30 00:00:00-04:00,73.57919785697231,73.64845321807468,72.83717289590338,73.16365814208984,6725700,0.0,0.0
2024-05-01 00:00:00-04:00,73.1735548453154,74.56856541290094,72.66897575190485,73.77706909179688,7015000,0.0,0.0
2024-05-02 00:00:00-04:00,74.56856727108698,74.66750242662329,73.55940905911851,74.52899169921875,5591300,0.0,0.0
2024-05-03 00:00:00-04:00,75.27101325316768,75.65686562593895,74.37068601785593,75.23143768310547,5414700,0.0,0.0
2024-05-06 00:00:00-04:00,75.68655199611999,76.11197997593743,75.06325369705813,76.042724609375,4857600,0.0,0.0
2024-05-07 00:00:00-04:00,76.17133395060412,76.230701080619,74.60814042788668,74.73675537109375,7336800,0.0,0.0
2024-05-08 00:00:00-04:00,74.63782485846797,75.79538206409363,74.51909813932606,75.58761596679688,5190100,0.0,0.0
2024-05-09 00:00:00-04:00,75.42879183857072,75.78613375018188,74.88285827636719,74.88285827636719,6091500,0.25,0.0
2024-05-10 00:00:00-04:00,75.24019683648898,75.68687041958161,74.9721866281941,75.54790496826172,5103000,0.0,0.0
2024-05-13 00:00:00-04:00,75.60746025763498,75.84569323941565,74.11853820022722,74.1483154296875,5488100,0.0,0.0
2024-05-14 00:00:00-04:00,74.44610417296305,76.69933626045635,74.29721045000724,76.50081634521484,9566100,0.0,0.0
2024-05-15 00:00:00-04:00,76.84823362899564,78.20811858936409,76.8085281294539,78.09893035888672,6601300,0.0,0.0
2024-05-16 00:00:00-04:00,77.49343079432944,77.9401043885728,76.7489697552243,77.46365356445312,7992900,0.0,0.0
2024-05-17 00:00:00-04:00,77.72173794271654,78.63494169504949,77.19564576393279,78.19818878173828,6467200,0.0,0.0
2024-05-20 00:00:00-04:00,78.21804413134424,78.5456012383102,77.57284303911531,78.0790786743164,5559400,0.0,0.0
2024-05-21 00:00:00-04:00,77.92025150699878,78.75404419379363,77.50335516360137,78.31729888916016,6067500,0.0,0.0
2024-05-22 00:00:00-04:00,78.07908240717224,78.90294692092532,74.45603693733477,74.714111328125,13806600,0.0,0.0
2024-05-23 00:00:00-04:00,74.03913119218534,74.17810422556359,71.16055445133527,71.80574798583984,14676500,0.0,0.0
2024-05-24 00:00:00-04:00,72.10352961767613,72.55020319364078,71.63699950724029,71.73625946044922,6151700,0.0,0.0
2024-05-28 00:00:00-04:00,71.5575912422598,71.5575912422598,70.03889193844894,70.26719665527344,8486300,0.0,0.0
2024-05-29 00:00:00-04:00,69.3837725600782,70.23742185117399,68.96687618248711,70.00911712646484,5617300,0.0,0.0
2024-05-30 00:00:00-04:00,70.2076431022197,71.46826047569085,70.07859834072032,71.3491439819336,7080000,0.0,0.0
2024-05-31 00:00:00-04:00,71.23002911901564,72.82813930495549,71.05135817980967,72.73880004882812,8617400,0.0,0.0
2024-06-03 00:00:00-04:00,72.66931819020026,72.78843467543618,71.50796085808315,71.83552551269531,4365000,0.0,0.0
2024-06-04 00:00:00-04:00,71.29952144968469,72.004277034568,71.12085048640091,71.45833587646484,3887900,0.0,0.0
2024-06-05 00:00:00-04:00,71.88515452506012,74.11853759287055,71.7958228374113,73.84060668945312,7010100,0.0,0.0
2024-06-06 00:00:00-04:00,73.91009308537468,74.04905854398385,73.18548856163397,73.70164489746094,4669400,0.0,0.0
2024-06-07 00:00:00-04:00,73.45348540936351,74.31706289655499,73.17555451409699,73.38400268554688,5371000,0.0,0.0
2024-06-10 00:00:00-04:00,72.89762544954914,73.6321582016358,72.59983801254285,73.56267547607422,5337700,0.0,0.0
2024-06-11 00:00:00-04:00,73.22518339950454,73.32445092836771,72.08368254807006,72.90754699707031,6048500,0.0,0.0
2024-06-12 00:00:00-04:00,73.99942521872721,74.4460987822009,72.94724853959893,73.01673126220703,5587300,0.0,0.0
2024-06-13 00:00:00-04:00,72.97702912755898,73.15570007578489,72.17301364706695,72.84799194335938,4147300,0.0,0.0
2024-06-14 00:00:00-04:00,71.95464082388207,72.94725556997582,71.57744994666427,72.70903015136719,5756200,0.0,0.0
2024-06-17 00:00:00-04:00,72.37154536589381,72.3814660608404,71.49803953542063,72.27227783203125,5689100,0.0,0.0
2024-06-18 00:00:00-04:00,72.2226519337411,72.599842815594,71.90501551400982,72.30205535888672,5868600,0.0,0.0
2024-06-20 00:00:00-04:00,72.00427152287656,72.48072233979605,71.64692962366236,72.1630859375,5785200,0.0,0.0
2024-06-21 00:00:00-04:00,72.043980968291,73.03659572649931,71.39877986084568,72.7983627319336,12242900,0.0,0.0
2024-06-24 00:00:00-04:00,72.8182186707928,74.41632902424539,72.64947598081324,73.97957611083984,8341000,0.0,0.0
2024-06-25 00:00:00-04:00,73.75128020945353,73.80090640396843,72.9472570985955,73.35423278808594,5893000,0.0,0.0
2024-06-26 00:00:00-04:00,73.02666413130157,73.51304322020988,72.6395449990818,72.71895599365234,4684100,0.0,0.0
2024-06-27 00:00:00-04:00,72.24249304655996,73.07629329090597,71.9744904230855,73.01673126220703,5564300,0.0,0.0
2024-06-28 00:00:00-04:00,73.45348295463488,73.66193111911868,72.56012826895525,73.1457748413086,8997500,0.0,0.0
2024-07-01 00:00:00-04:00,73.42371058453749,73.62223049535527,72.72887575057693,72.87776947021484,3902800,0.0,0.0
2024-07-02 00:00:00-04:00,72.7090241330657,73.632156073445,72.67924690483554,73.60237884521484,4925300,0.0,0.0
2024-07-03 00:00:00-04:00,73.70164365446468,74.05898556287573,73.25497005547555,73.58252716064453,2502100,0.0,0.0
2024-07-05 00:00:00-04:00,73.32445091780802,73.60238182326681,72.60976711917164,72.65939331054688,3233000,0.0,0.0
2024-07-08 00:00:00-04:00,73.6520058589628,73.95972155789939,72.57005949822955,72.6990966796875,5338100,0.0,0.0
2024-07-09 00:00:00-04:00,72.49065398573866,74.33691802670809,72.35168852657317,73.97957611083984,4971800,0.0,0.0
2024-07-10 00:00:00-04:00,73.80090362112905,74.17810206507744,73.5130444408182,74.0788345336914,4527300,0.0,0.0
2024-07-11 00:00:00-04:00,74.41632452953576,75.87546933569122,74.14831432229748,75.51812744140625,5796000,0.0,0.0
2024-07-12 00:00:00-04:00,75.75635586249035,76.13354673345222,74.62477567655534,74.82329559326172,6543500,0.0,0.0
2024-07-15 00:00:00-04:00,73.06637026815152,75.53797880466205,72.8182165877334,74.51558685302734,10069300,0.0,0.0
2024-07-16 00:00:00-04:00,69.69148232336823,70.18778971000927,66.89230896563478,66.93201446533203,34310900,0.0,0.0
2024-07-17 00:00:00-04:00,65.77065439841708,66.10813977292939,60.5594232581449,63.328819274902344,42877600,0.0,0.0
2024-07-18 00:00:00-04:00,62.42553970065628,62.931775332897594,61.39321947373548,61.81011962890625,21576200,0.0,0.0
2024-07-19 00:00:00-04:00,62.207160020749164,62.316348241116955,60.86713172074784,61.62152099609375,14768600,0.0,0.0
2024-07-22 00:00:00-04:00,62.47517075599171,64.41077026817948,62.40568802668713,64.27180480957031,16727200,0.0,0.0
2024-07-23 00:00:00-04:00,64.16261294318319,65.87983968868829,64.16261294318319,64.65892028808594,14758600,0.0,0.0
2024-07-24 00:00:00-04:00,64.82766230331984,65.899687974853,63.527339496379014,63.60675048828125,11836500,0.0,0.0
2024-07-25 00:00:00-04:00,63.91445783670222,66.39599450553845,63.91445783670222,65.75079345703125,12194300,0.0,0.0
2024-07-26 00:00:00-04:00,66.04858457808092,66.90223384571644,65.9890301180759,66.10813903808594,11168800,0.0,0.0
2024-07-29 00:00:00-04:00,65.48279140965718,65.89968775618708,64.55965945774156,64.81774139404297,9962700,0.0,0.0
2024-07-30 00:00:00-04:00,65.43316134266168,65.5026440710081,63.69608556095144,64.43062591552734,8022600,0.0,0.0
2024-07-31 00:00:00-04:00,64.83759431841945,65.07581973484744,64.0931332656637,64.70855712890625,6982700,0.0,0.0
2024-08-01 00:00:00-04:00,64.71847669145174,65.06589790176596,62.94169922105094,63.23948287963867,9896000,0.0,0.0
2024-08-02 00:00:00-04:00,62.27664720697309,63.62660000231459,61.671151641295715,62.921844482421875,10258500,0.0,0.0
2024-08-05 00:00:00-04:00,61.16491748750582,62.45531585568048,60.698391147746094,61.82997131347656,7873800,0.0,0.0
2024-08-06 00:00:00-04:00,61.95900986971665,63.29904203233615,61.125217128341916,62.336204528808594,7691900,0.0,0.0
2024-08-07 00:00:00-04:00,63.070737677492964,63.47770954484184,61.62152115342376,61.7604866027832,7331100,0.0,0.0
2024-08-08 00:00:00-04:00,62.32628111220026,62.723324740609876,61.67115552812587,62.31635284423828,6138700,0.0,0.0
2024-08-09 00:00:00-04:00,62.166865803221974,62.58542895422147,61.867891580841835,62.19676208496094,4255100,0.25,0.0
2024-08-12 00:00:00-04:00,62.47580329259436,62.565495938192676,61.000860521826894,61.5589485168457,6994000,0.0,0.0
2024-08-13 00:00:00-04:00,61.75826550917823,62.296417577442334,61.110484872969536,62.2764892578125,8774000,0.0,0.0
2024-08-14 00:00:00-04:00,63.53218099244228,65.73462902111442,62.94419673393589,65.13668060302734,15942100,0.0,0.0
2024-08-15 00:00:00-04:00,65.77449929688636,66.15319822230694,64.36931316231029,65.00713348388672,7612800,0.0,0.0
2024-08-16 00:00:00-04:00,64.79783904091298,65.34596286527207,64.70815019874152,65.32603454589844,5335000,0.0,0.0
2024-08-19 00:00:00-04:00,65.3559341430664,65.92398631562457,65.0868523962442,65.3559341430664,4303600,0.0,0.0
2024-08-20 00:00:00-04:00,65.27620257102609,65.40575565572514,64.49886885617822,64.61845397949219,5381400,0.0,0.0
2024-08-21 00:00:00-04:00,64.7779115970933,64.88753636344683,63.99060991297555,64.34938049316406,7814400,0.0,0.0
2024-08-22 00:00:00-04:00,62.46584356119978,64.27962492151885,62.386115069831874,64.05040740966797,19988800,0.0,0.0
2024-08-23 00:00:00-04:00,64.47893655931493,64.90746768305046,63.532185464314836,64.16999816894531,13127800,0.0,0.0
2024-08-26 00:00:00-04:00,64.42911430305986,65.07689499323125,63.930822634209164,64.25969696044922,7439200,0.0,0.0
2024-08-27 00:00:00-04:00,64.1401021946514,64.24972696659847,63.49232152496249,63.6916389465332,7006000,0.0,0.0
2024-08-28 00:00:00-04:00,63.69163778939688,64.20986155540031,62.9940287274052,63.76139831542969,8135500,0.0,0.0
2024-08-29 00:00:00-04:00,64.07034007911145,64.81777754022568,63.61191268202729,64.7081527709961,6429500,0.0,0.0
2024-08-30 00:00:00-04:00,64.87757110595703,65.31607018964712,64.31948689277121,64.87757110595703,6549100,0.0,0.0
2024-09-03 00:00:00-04:00,64.00058184653736,64.77791561741395,63.93082131846708,64.56863403320312,6540800,0.0,0.0
2024-09-04 00:00:00-04:00,64.57860145592126,64.8377076418311,63.16345118046485,63.68167495727539,5489900,0.0,0.0
2024-09-05 00:00:00-04:00,64.31948731002944,64.43908004362817,63.183382952486845,63.472389221191406,5552100,0.0,0.0
2024-09-06 00:00:00-04:00,63.55211549048519,64.14009977098561,62.236625880156026,62.685089111328125,8331700,0.0,0.0
2024-09-09 00:00:00-04:00,63.32290380083531,63.42256061018001,62.64522685263335,62.79471206665039,6247100,0.0,0.0
2024-09-10 00:00:00-04:00,62.94420026508203,62.94420026508203,61.618746470021684,62.84454345703125,8567900,0.0,0.0
2024-09-11 00:00:00-04:00,62.58542772173363,63.4424899302319,61.27990608932837,63.19334411621094,8781300,0.0,0.0
2024-09-12 00:00:00-04:00,63.243173372859424,63.45245494706442,60.95103261324105,61.529052734375,10626200,0.0,0.0
2024-09-13 00:00:00-04:00,61.788164060233164,62.55553365072924,61.59881460348617,61.907752990722656,10840600,0.0,0.0
2024-09-16 00:00:00-04:00,62.79471227078642,63.88098822349468,62.15689956491433,63.472389221191406,11797200,0.0,0.0
2024-09-17 00:00:00-04:00,63.35279782530287,64.1899317212812,63.20330881495029,63.62187576293945,8158200,0.0,0.0
2024-09-18 00:00:00-04:00,63.34283447265625,64.26965342299827,63.0338922880999,63.34283447265625,8802800,0.0,0.0
2024-09-19 00:00:00-04:00,64.070339084476,64.87756909688319,63.143516342949376,64.53873443603516,9825400,0.0,0.0
2024-09-20 00:00:00-04:00,65.46555822611917,65.74460032854034,64.30951796942912,65.16658020019531,12332400,0.0,0.0
2024-09-23 00:00:00-04:00,65.39579766828584,65.61503960341797,64.59852800176651,64.7081527709961,5872900,0.0,0.0
2024-09-24 00:00:00-04:00,64.60849793980888,64.87757208857677,64.07034203894585,64.3593521118164,6030100,0.0,0.0
2024-09-25 00:00:00-04:00,64.28958904976204,64.5686311495812,63.50228735194263,63.82119369506836,5097500,0.0,0.0
2024-09-26 00:00:00-04:00,63.87101777742133,64.31948480847907,63.37272994679412,63.62187576293945,7602100,0.0,0.0
2024-09-27 00:00:00-04:00,63.83115920611139,64.3593471038232,63.50228491395345,64.19989013671875,6521100,0.0,0.0
2024-09-30 00:00:00-04:00,64.12016663858944,64.62842625659435,64.0105494693406,64.58856201171875,6078900,0.0,0.0
2024-10-01 00:00:00-04:00,64.39921598319242,64.4590085484991,63.233211538085094,63.6916389465332,6331500,0.0,0.0
2024-10-02 00:00:00-04:00,63.61191205241457,63.95074671516902,62.99402768681138,63.133548736572266,4817400,0.0,0.0
2024-10-03 00:00:00-04:00,62.78474530277805,63.46242222287762,62.19676102803471,63.183380126953125,8144400,0.0,0.0
2024-10-04 00:00:00-04:00,63.950750292108026,64.76794831641288,63.851093480037164,64.52877044677734,7141400,0.0,0.0
2024-10-07 00:00:00-04:00,64.25969628280939,65.17655111902752,63.94078992224101,64.07034301757812,7060200,0.0,0.0
2024-10-08 00:00:00-04:00,64.30951464138137,64.85763845943374,64.04044051463626,64.67825317382812,7510100,0.0,0.0
2024-10-09 00:00:00-04:00,65.02705664236623,66.50200318830052,64.74801455070138,66.47209930419922,11115600,0.0,0.0
2024-10-10 00:00:00-04:00,66.1731335295634,66.93053897666917,66.02364451188988,66.42227935791016,6463300,0.0,0.0
2024-10-11 00:00:00-04:00,66.7312122143077,67.85734852778482,66.58172320903954,67.4487533569336,7369900,0.0,0.0
2024-10-14 00:00:00-04:00,67.62814396888736,68.11646766145152,67.30923761408442,67.5882797241211,7672200,0.0,0.0
2024-10-15 00:00:00-04:00,72.3519469276974,73.66743659535273,71.17597831545042,71.7141342163086,21705700,0.0,0.0
2024-10-16 00:00:00-04:00,72.43167342565405,73.92654835248786,71.46498642310252,71.83372497558594,13643700,0.0,0.0
2024-10-17 00:00:00-04:00,72.27221544064871,72.46156869513311,71.51481762936506,71.664306640625,8717600,0.0,0.0
2024-10-18 00:00:00-04:00,72.33201318592472,72.36190946651057,70.94676309438422,71.11618041992188,8948400,0.0,0.0
2024-10-21 00:00:00-04:00,70.95672773255798,71.00655993875814,70.23919414523482,70.62786102294922,5438500,0.0,0.0
2024-10-22 00:00:00-04:00,70.57802815971515,70.80724566144403,69.6910696415647,70.667724609375,5559600,0.0,0.0
2024-10-23 00:00:00-04:00,70.5879981272392,71.74403082056295,70.49830167503067,71.4649887084961,6593700,0.0,0.0
2024-10-24 00:00:00-04:00,71.654342655832,72.40178015028783,71.07632250198758,72.34197998046875,6727500,0.0,0.0
2024-10-25 00:00:00-04:00,72.51139852590687,72.66088753227241,71.27562983639002,71.5746078491211,4503900,0.0,0.0
2024-10-28 00:00:00-04:00,72.02307128884352,72.33201728014701,71.40519451289083,71.79386138916016,5758700,0.0,0.0
2024-10-29 00:00:00-04:00,71.91345277483258,72.21242319534153,71.62444271267837,71.64437103271484,6006000,0.0,0.0
2024-10-30 00:00:00-04:00,71.50485158681215,72.00314323550074,70.71754986948493,70.85707092285156,6426100,0.0,0.0
2024-10-31 00:00:00-04:00,70.4783726645231,71.30553863386113,70.23919479985295,70.58799743652344,6997100,0.0,0.0
2024-11-01 00:00:00-04:00,70.7075845654956,71.11618738237676,70.17939661456332,70.69762420654297,6266000,0.0,0.0
2024-11-04 00:00:00-05:00,70.69762386392246,70.90690545082512,70.04984317875096,70.7175521850586,3924600,0.0,0.0
2024-11-05 00:00:00-05:00,70.18936227553189,71.15604929516317,70.13953006909283,71.06635284423828,4232100,0.0,0.0
2024-11-06 00:00:00-05:00,74.3152118927458,75.96954372052177,73.15917928823002,75.49118041992188,16218400,0.0,0.0
2024-11-07 00:00:00-05:00,75.38156013420729,75.38156013420729,72.65092402365745,72.91999816894531,10380200,0.0,0.0
2024-11-08 00:00:00-05:00,73.45999908447266,74.98999786376953,73.12999725341797,73.9000015258789,8728200,0.25,0.0
2024-11-11 00:00:00-05:00,75.04000091552734,77.95999908447266,75.01000213623047,77.8499984741211,13162800,0.0,0.0
2024-11-12 00:00:00-05:00,77.94000244140625,78.54000091552734,77.41000366210938,78.19000244140625,10244800,0.0,0.0
2024-11-13 00:00:00-05:00,77.75,79.05000305175781,77.75,78.25,8731500,0.0,0.0
2024-11-14 00:00:00-05:00,82.08999633789062,82.5,79.80999755859375,80.19000244140625,14717700,0.0,0.0
2024-11-15 00:00:00-05:00,80.1500015258789,81.0,79.88999938964844,80.63999938964844,9372300,0.0,0.0
2024-11-18 00:00:00-05:00,81.0,81.87999725341797,80.38999938964844,81.38999938964844,9447449,0.0,0.0
