Date,Open,High,Low,Close,Volume,Dividends,Stock Splits
2022-01-07 00:00:00-05:00,21.0,21.0,17.450000762939453,18.06999969482422,2160100,0.0,0.0
2022-01-10 00:00:00-05:00,18.450000762939453,18.450000762939453,16.0,16.719999313354492,702000,0.0,0.0
2022-01-11 00:00:00-05:00,16.5,21.3700008392334,16.5,20.079999923706055,749400,0.0,0.0
2022-01-12 00:00:00-05:00,19.010000228881836,22.0,18.209999084472656,20.260000228881836,472100,0.0,0.0
2022-01-13 00:00:00-05:00,20.780000686645508,23.15999984741211,19.84000015258789,21.010000228881836,638400,0.0,0.0
2022-01-14 00:00:00-05:00,21.3700008392334,21.969999313354492,20.170000076293945,20.610000610351562,301600,0.0,0.0
2022-01-18 00:00:00-05:00,20.579999923706055,21.239999771118164,18.704999923706055,19.350000381469727,402400,0.0,0.0
2022-01-19 00:00:00-05:00,19.399999618530273,22.219999313354492,19.399999618530273,21.280000686645508,285300,0.0,0.0
2022-01-20 00:00:00-05:00,20.5,21.40999984741211,20.139999389648438,20.290000915527344,197800,0.0,0.0
2022-01-21 00:00:00-05:00,20.1200008392334,21.46500015258789,17.010000228881836,18.520000457763672,200200,0.0,0.0
2022-01-24 00:00:00-05:00,18.0,20.100000381469727,17.520000457763672,19.110000610351562,291500,0.0,0.0
2022-01-25 00:00:00-05:00,19.559999465942383,19.889999389648438,17.959999084472656,18.84000015258789,189400,0.0,0.0
2022-01-26 00:00:00-05:00,18.84000015258789,19.989999771118164,18.010000228881836,19.65999984741211,129700,0.0,0.0
2022-01-27 00:00:00-05:00,19.8799991607666,20.399999618530273,18.367000579833984,18.940000534057617,223500,0.0,0.0
2022-01-28 00:00:00-05:00,19.190000534057617,20.829999923706055,18.809999465942383,20.0,266900,0.0,0.0
2022-01-31 00:00:00-05:00,20.959999084472656,24.5,20.139999389648438,23.18000030517578,332700,0.0,0.0
2022-02-01 00:00:00-05:00,23.200000762939453,23.850000381469727,22.280000686645508,23.360000610351562,357900,0.0,0.0
2022-02-02 00:00:00-05:00,23.979999542236328,23.979999542236328,21.010000228881836,22.40999984741211,236100,0.0,0.0
2022-02-03 00:00:00-05:00,22.040000915527344,23.344999313354492,21.559999465942383,22.739999771118164,180400,0.0,0.0
2022-02-04 00:00:00-05:00,22.969999313354492,23.940000534057617,22.399999618530273,22.520000457763672,142800,0.0,0.0
2022-02-07 00:00:00-05:00,22.8799991607666,23.613000869750977,19.520000457763672,19.81999969482422,530300,0.0,0.0
2022-02-08 00:00:00-05:00,19.639999389648438,21.44499969482422,19.34000015258789,19.610000610351562,326600,0.0,0.0
2022-02-09 00:00:00-05:00,19.600000381469727,21.540000915527344,19.40999984741211,20.59000015258789,222200,0.0,0.0
2022-02-10 00:00:00-05:00,20.790000915527344,22.020000457763672,19.639999389648438,20.0,158000,0.0,0.0
2022-02-11 00:00:00-05:00,20.0,21.6200008392334,18.829999923706055,19.25,326100,0.0,0.0
2022-02-14 00:00:00-05:00,19.889999389648438,21.049999237060547,19.399999618530273,20.170000076293945,168800,0.0,0.0
2022-02-15 00:00:00-05:00,20.579999923706055,22.049999237060547,20.15999984741211,20.5,255300,0.0,0.0
2022-02-16 00:00:00-05:00,20.31999969482422,22.739999771118164,20.31999969482422,21.81999969482422,246200,0.0,0.0
2022-02-17 00:00:00-05:00,21.799999237060547,23.25,21.030000686645508,23.030000686645508,136000,0.0,0.0
2022-02-18 00:00:00-05:00,23.40999984741211,26.709999084472656,23.0,26.489999771118164,616100,0.0,0.0
2022-02-22 00:00:00-05:00,26.489999771118164,31.0,26.489999771118164,29.979999542236328,1135400,0.0,0.0
2022-02-23 00:00:00-05:00,28.920000076293945,30.499000549316406,27.10099983215332,28.950000762939453,402100,0.0,0.0
2022-02-24 00:00:00-05:00,27.520000457763672,30.15999984741211,27.094999313354492,30.059999465942383,416300,0.0,0.0
2022-02-25 00:00:00-05:00,30.280000686645508,31.989999771118164,29.799999237060547,30.979999542236328,506800,0.0,0.0
2022-02-28 00:00:00-05:00,31.18000030517578,33.40999984741211,30.760000228881836,32.900001525878906,495900,0.0,0.0
2022-03-01 00:00:00-05:00,32.970001220703125,32.970001220703125,27.549999237060547,28.040000915527344,711500,0.0,0.0
2022-03-02 00:00:00-05:00,28.25,30.239999771118164,27.059999465942383,29.540000915527344,535000,0.0,0.0
2022-03-03 00:00:00-05:00,29.469999313354492,30.579999923706055,24.514999389648438,25.989999771118164,588400,0.0,0.0
2022-03-04 00:00:00-05:00,25.989999771118164,27.56999969482422,25.510000228881836,27.389999389648438,234400,0.0,0.0
2022-03-07 00:00:00-05:00,27.65999984741211,28.604999542236328,25.0,26.450000762939453,397200,0.0,0.0
2022-03-08 00:00:00-05:00,26.56999969482422,28.1200008392334,25.079999923706055,27.0,369200,0.0,0.0
2022-03-09 00:00:00-05:00,27.68000030517578,28.829999923706055,26.709999084472656,27.81999969482422,477800,0.0,0.0
2022-03-10 00:00:00-05:00,27.459999084472656,28.770000457763672,26.844999313354492,27.809999465942383,289000,0.0,0.0
2022-03-11 00:00:00-05:00,27.510000228881836,28.3799991607666,25.170000076293945,26.010000228881836,233200,0.0,0.0
2022-03-14 00:00:00-04:00,25.84000015258789,27.434999465942383,24.434999465942383,24.850000381469727,274900,0.0,0.0
2022-03-15 00:00:00-04:00,24.479999542236328,24.799999237060547,22.639999389648438,23.239999771118164,441300,0.0,0.0
2022-03-16 00:00:00-04:00,23.469999313354492,24.920000076293945,22.100000381469727,22.93000030517578,539900,0.0,0.0
2022-03-17 00:00:00-04:00,23.75,23.75,22.15999984741211,22.8799991607666,633700,0.0,0.0
2022-03-18 00:00:00-04:00,22.690000534057617,23.75,22.6200008392334,22.75,2667900,0.0,0.0
2022-03-21 00:00:00-04:00,22.809999465942383,23.84000015258789,21.270000457763672,22.219999313354492,871100,0.0,0.0
2022-03-22 00:00:00-04:00,22.100000381469727,22.899999618530273,20.100000381469727,20.469999313354492,701600,0.0,0.0
2022-03-23 00:00:00-04:00,20.440000534057617,20.989999771118164,20.02199935913086,20.3799991607666,290300,0.0,0.0
2022-03-24 00:00:00-04:00,20.540000915527344,21.809999465942383,19.1299991607666,21.709999084472656,877100,0.0,0.0
2022-03-25 00:00:00-04:00,22.790000915527344,26.950000762939453,21.709999084472656,25.0,1908400,0.0,0.0
2022-03-28 00:00:00-04:00,24.110000610351562,25.68000030517578,10.489999771118164,16.010000228881836,15203600,0.0,0.0
2022-03-29 00:00:00-04:00,16.360000610351562,16.360000610351562,14.279999732971191,14.930000305175781,2765300,0.0,0.0
2022-03-30 00:00:00-04:00,14.930000305175781,14.930000305175781,14.930000305175781,14.930000305175781,100,0.0,0.0
2022-03-31 00:00:00-04:00,11.680000305175781,13.890000343322754,11.114999771118164,12.850000381469727,3968800,0.0,0.0
2022-04-01 00:00:00-04:00,12.020000457763672,13.149999618530273,11.760000228881836,12.880000114440918,710300,0.0,0.0
2022-04-04 00:00:00-04:00,12.800000190734863,14.069999694824219,12.329999923706055,13.899999618530273,684800,0.0,0.0
2022-04-05 00:00:00-04:00,13.819999694824219,14.09000015258789,12.850000381469727,13.229999542236328,471800,0.0,0.0
2022-04-06 00:00:00-04:00,13.289999961853027,13.949999809265137,13.180000305175781,13.760000228881836,461300,0.0,0.0
2022-04-07 00:00:00-04:00,13.819999694824219,14.3100004196167,13.359999656677246,14.210000038146973,365400,0.0,0.0
2022-04-08 00:00:00-04:00,14.350000381469727,14.390000343322754,13.399999618530273,13.649999618530273,541000,0.0,0.0
2022-04-11 00:00:00-04:00,13.710000038146973,13.729999542236328,12.520000457763672,12.579999923706055,585600,0.0,0.0
2022-04-12 00:00:00-04:00,12.520000457763672,12.789999961853027,11.6899995803833,11.8100004196167,352700,0.0,0.0
2022-04-13 00:00:00-04:00,11.789999961853027,12.279999732971191,11.65999984741211,12.010000228881836,300400,0.0,0.0
2022-04-14 00:00:00-04:00,11.920000076293945,12.210000038146973,11.710000038146973,11.8100004196167,163100,0.0,0.0
2022-04-18 00:00:00-04:00,11.680000305175781,11.680000305175781,10.5600004196167,10.569999694824219,316200,0.0,0.0
2022-04-19 00:00:00-04:00,10.529999732971191,10.890000343322754,10.3100004196167,10.800000190734863,184500,0.0,0.0
2022-04-20 00:00:00-04:00,10.65999984741211,10.970000267028809,10.501999855041504,10.890000343322754,208700,0.0,0.0
2022-04-21 00:00:00-04:00,10.970000267028809,11.09000015258789,9.84000015258789,9.930000305175781,470800,0.0,0.0
2022-04-22 00:00:00-04:00,9.65999984741211,10.100000381469727,9.520000457763672,9.970000267028809,487300,0.0,0.0
2022-04-25 00:00:00-04:00,10.0,10.619999885559082,9.960000038146973,10.510000228881836,225700,0.0,0.0
2022-04-26 00:00:00-04:00,10.470000267028809,10.5600004196167,10.029999732971191,10.130000114440918,131400,0.0,0.0
2022-04-27 00:00:00-04:00,10.229999542236328,10.539999961853027,9.260000228881836,9.569999694824219,444600,0.0,0.0
2022-04-28 00:00:00-04:00,9.90999984741211,9.90999984741211,8.8100004196167,9.5,352500,0.0,0.0
2022-04-29 00:00:00-04:00,9.319999694824219,9.5600004196167,8.890000343322754,9.0,170000,0.0,0.0
2022-05-02 00:00:00-04:00,8.9399995803833,9.220000267028809,8.569999694824219,9.130000114440918,248200,0.0,0.0
2022-05-03 00:00:00-04:00,9.09000015258789,9.9399995803833,9.0,9.789999961853027,138100,0.0,0.0
2022-05-04 00:00:00-04:00,9.710000038146973,10.210000038146973,9.279999732971191,10.119999885559082,122500,0.0,0.0
2022-05-05 00:00:00-04:00,10.039999961853027,10.149999618530273,9.170000076293945,9.279999732971191,290500,0.0,0.0
2022-05-06 00:00:00-04:00,9.170000076293945,9.442000389099121,7.639999866485596,7.650000095367432,501000,0.0,0.0
2022-05-09 00:00:00-04:00,7.590000152587891,7.947000026702881,7.0,7.079999923706055,360000,0.0,0.0
2022-05-10 00:00:00-04:00,7.150000095367432,7.710000038146973,6.820000171661377,7.710000038146973,375700,0.0,0.0
2022-05-11 00:00:00-04:00,7.659999847412109,7.71999979019165,6.789999961853027,6.849999904632568,267100,0.0,0.0
2022-05-12 00:00:00-04:00,6.800000190734863,7.590000152587891,6.510000228881836,7.480000019073486,206900,0.0,0.0
2022-05-13 00:00:00-04:00,7.53000020980835,8.75,7.300000190734863,8.449999809265137,205600,0.0,0.0
2022-05-16 00:00:00-04:00,8.380000114440918,8.595000267028809,8.130000114440918,8.329999923706055,89400,0.0,0.0
2022-05-17 00:00:00-04:00,8.380000114440918,8.869999885559082,7.988999843597412,8.779999732971191,116300,0.0,0.0
2022-05-18 00:00:00-04:00,8.579999923706055,8.989999771118164,8.569999694824219,8.739999771118164,220200,0.0,0.0
2022-05-19 00:00:00-04:00,8.729999542236328,9.119999885559082,8.5649995803833,9.020000457763672,216100,0.0,0.0
2022-05-20 00:00:00-04:00,9.140000343322754,9.170000076293945,8.279999732971191,8.699999809265137,295100,0.0,0.0
2022-05-23 00:00:00-04:00,8.84000015258789,8.84000015258789,8.220000267028809,8.420000076293945,159800,0.0,0.0
2022-05-24 00:00:00-04:00,8.359999656677246,8.5,8.13700008392334,8.449999809265137,142800,0.0,0.0
2022-05-25 00:00:00-04:00,8.539999961853027,8.850000381469727,8.430000305175781,8.569999694824219,297400,0.0,0.0
2022-05-26 00:00:00-04:00,8.520000457763672,8.520000457763672,7.829999923706055,7.840000152587891,134700,0.0,0.0
2022-05-27 00:00:00-04:00,7.920000076293945,8.850000381469727,7.644999980926514,8.779999732971191,120800,0.0,0.0
2022-05-31 00:00:00-04:00,8.899999618530273,9.489999771118164,8.619999885559082,8.890000343322754,133500,0.0,0.0
2022-06-01 00:00:00-04:00,8.989999771118164,9.0,8.40999984741211,8.550000190734863,129300,0.0,0.0
2022-06-02 00:00:00-04:00,8.5600004196167,9.819999694824219,8.350000381469727,9.770000457763672,162700,0.0,0.0
2022-06-03 00:00:00-04:00,13.300000190734863,13.9399995803833,11.420000076293945,12.350000381469727,21153100,0.0,0.0
2022-06-06 00:00:00-04:00,12.020000457763672,12.399999618530273,11.5,12.170000076293945,792900,0.0,0.0
2022-06-07 00:00:00-04:00,11.960000038146973,12.520000457763672,11.829999923706055,12.010000228881836,277100,0.0,0.0
2022-06-08 00:00:00-04:00,11.90999984741211,14.680000305175781,11.890000343322754,14.649999618530273,861200,0.0,0.0
2022-06-09 00:00:00-04:00,14.359999656677246,14.670000076293945,13.180000305175781,13.5600004196167,477900,0.0,0.0
2022-06-10 00:00:00-04:00,12.65999984741211,13.920000076293945,12.390000343322754,13.529999732971191,389700,0.0,0.0
2022-06-13 00:00:00-04:00,13.09000015258789,15.140000343322754,12.930000305175781,13.0,1222500,0.0,0.0
2022-06-14 00:00:00-04:00,13.5,16.420000076293945,12.710000038146973,16.190000534057617,1400100,0.0,0.0
2022-06-15 00:00:00-04:00,16.05500030517578,16.34000015258789,14.901000022888184,15.779999732971191,978700,0.0,0.0
2022-06-16 00:00:00-04:00,15.529999732971191,17.34000015258789,15.1899995803833,16.709999084472656,851400,0.0,0.0
2022-06-17 00:00:00-04:00,16.75,18.190000534057617,16.75,17.829999923706055,780700,0.0,0.0
2022-06-21 00:00:00-04:00,17.989999771118164,18.350000381469727,15.960000038146973,18.110000610351562,739100,0.0,0.0
2022-06-22 00:00:00-04:00,17.09000015258789,18.610000610351562,16.295000076293945,17.549999237060547,508400,0.0,0.0
2022-06-23 00:00:00-04:00,17.68000030517578,20.739999771118164,16.969999313354492,19.799999237060547,956700,0.0,0.0
2022-06-24 00:00:00-04:00,20.030000686645508,20.299999237060547,17.850000381469727,18.709999084472656,954000,0.0,0.0
2022-06-27 00:00:00-04:00,18.829999923706055,20.440000534057617,18.420000076293945,19.93000030517578,468800,0.0,0.0
2022-06-28 00:00:00-04:00,19.549999237060547,20.139999389648438,19.059999465942383,19.68000030517578,334200,0.0,0.0
2022-06-29 00:00:00-04:00,19.389999389648438,19.783000946044922,17.68000030517578,18.18000030517578,504100,0.0,0.0
2022-06-30 00:00:00-04:00,17.829999923706055,19.670000076293945,17.81999969482422,19.260000228881836,458700,0.0,0.0
2022-07-01 00:00:00-04:00,18.850000381469727,20.350000381469727,18.739999771118164,19.469999313354492,509800,0.0,0.0
2022-07-05 00:00:00-04:00,22.6299991607666,23.170000076293945,19.100000381469727,19.5,2031100,0.0,0.0
2022-07-06 00:00:00-04:00,20.139999389648438,22.780000686645508,18.440000534057617,20.59000015258789,1669600,0.0,0.0
2022-07-07 00:00:00-04:00,20.639999389648438,22.5,19.739999771118164,22.0,1712200,0.0,0.0
2022-07-08 00:00:00-04:00,21.440000534057617,23.420000076293945,20.440000534057617,22.209999084472656,1074200,0.0,0.0
2022-07-11 00:00:00-04:00,22.049999237060547,22.43000030517578,20.770000457763672,21.8700008392334,583200,0.0,0.0
2022-07-12 00:00:00-04:00,21.68000030517578,22.100000381469727,20.420000076293945,20.969999313354492,431200,0.0,0.0
2022-07-13 00:00:00-04:00,20.40999984741211,21.15999984741211,20.030000686645508,20.18000030517578,394100,0.0,0.0
2022-07-14 00:00:00-04:00,20.0,21.1299991607666,19.68000030517578,20.290000915527344,665600,0.0,0.0
2022-07-15 00:00:00-04:00,20.3799991607666,20.989999771118164,20.06999969482422,20.5,425200,0.0,0.0
2022-07-18 00:00:00-04:00,20.510000228881836,22.290000915527344,20.18000030517578,20.489999771118164,577400,0.0,0.0
2022-07-19 00:00:00-04:00,20.049999237060547,21.989999771118164,19.540000915527344,20.860000610351562,494600,0.0,0.0
2022-07-20 00:00:00-04:00,20.780000686645508,22.739999771118164,20.670000076293945,22.3799991607666,787700,0.0,0.0
2022-07-21 00:00:00-04:00,22.649999618530273,23.0,21.700000762939453,22.450000762939453,1220100,0.0,0.0
2022-07-22 00:00:00-04:00,22.6299991607666,23.690000534057617,20.729999542236328,22.049999237060547,771300,0.0,0.0
2022-07-25 00:00:00-04:00,21.860000610351562,22.280000686645508,20.31999969482422,21.219999313354492,565200,0.0,0.0
2022-07-26 00:00:00-04:00,21.219999313354492,23.610000610351562,21.075000762939453,22.780000686645508,964800,0.0,0.0
2022-07-27 00:00:00-04:00,22.709999084472656,25.010000228881836,22.440000534057617,24.920000076293945,964400,0.0,0.0
2022-07-28 00:00:00-04:00,25.229999542236328,26.40999984741211,24.100000381469727,26.299999237060547,705500,0.0,0.0
2022-07-29 00:00:00-04:00,26.530000686645508,27.15999984741211,25.649999618530273,26.989999771118164,586100,0.0,0.0
2022-08-01 00:00:00-04:00,26.989999771118164,27.344999313354492,25.700000762939453,25.809999465942383,487800,0.0,0.0
2022-08-02 00:00:00-04:00,25.600000381469727,26.81999969482422,24.940000534057617,26.75,619000,0.0,0.0
2022-08-03 00:00:00-04:00,27.110000610351562,28.299999237060547,25.59000015258789,25.610000610351562,765900,0.0,0.0
2022-08-04 00:00:00-04:00,25.489999771118164,26.360000610351562,25.489999771118164,25.719999313354492,426700,0.0,0.0
2022-08-05 00:00:00-04:00,25.420000076293945,26.139999389648438,23.450000762939453,24.920000076293945,712800,0.0,0.0
2022-08-08 00:00:00-04:00,23.989999771118164,25.770000457763672,22.639999389648438,24.81999969482422,585700,0.0,0.0
2022-08-09 00:00:00-04:00,24.489999771118164,26.174999237060547,24.0,25.5,668800,0.0,0.0
2022-08-10 00:00:00-04:00,25.860000610351562,26.68000030517578,25.485000610351562,26.510000228881836,580200,0.0,0.0
2022-08-11 00:00:00-04:00,26.0,29.075000762939453,25.59000015258789,26.0,1074100,0.0,0.0
2022-08-12 00:00:00-04:00,25.809999465942383,26.709999084472656,24.34000015258789,25.059999465942383,432200,0.0,0.0
2022-08-15 00:00:00-04:00,25.450000762939453,26.059999465942383,24.579999923706055,25.270000457763672,371900,0.0,0.0
2022-08-16 00:00:00-04:00,25.18000030517578,25.280000686645508,24.065000534057617,24.989999771118164,350500,0.0,0.0
2022-08-17 00:00:00-04:00,24.8799991607666,25.209999084472656,24.010000228881836,24.639999389648438,428600,0.0,0.0
2022-08-18 00:00:00-04:00,24.790000915527344,26.110000610351562,24.270000457763672,25.850000381469727,529800,0.0,0.0
2022-08-19 00:00:00-04:00,25.760000228881836,26.040000915527344,24.450000762939453,24.860000610351562,474300,0.0,0.0
2022-08-22 00:00:00-04:00,24.43000030517578,25.128999710083008,23.520000457763672,24.809999465942383,295100,0.0,0.0
2022-08-23 00:00:00-04:00,24.719999313354492,25.299999237060547,24.290000915527344,25.190000534057617,345200,0.0,0.0
2022-08-24 00:00:00-04:00,25.299999237060547,26.469999313354492,25.059999465942383,25.309999465942383,507700,0.0,0.0
2022-08-25 00:00:00-04:00,25.440000534057617,26.510000228881836,25.0,26.459999084472656,604700,0.0,0.0
2022-08-26 00:00:00-04:00,26.540000915527344,26.858999252319336,25.920000076293945,26.309999465942383,578800,0.0,0.0
2022-08-29 00:00:00-04:00,26.139999389648438,26.7810001373291,24.889999389648438,25.5,681400,0.0,0.0
2022-08-30 00:00:00-04:00,25.5,25.915000915527344,23.6299991607666,24.030000686645508,1032800,0.0,0.0
2022-08-31 00:00:00-04:00,24.200000762939453,25.524999618530273,23.739999771118164,25.239999771118164,662100,0.0,0.0
2022-09-01 00:00:00-04:00,24.979999542236328,25.1299991607666,22.621000289916992,23.540000915527344,1062100,0.0,0.0
2022-09-02 00:00:00-04:00,23.969999313354492,23.969999313354492,15.800000190734863,18.079999923706055,7601600,0.0,0.0
2022-09-06 00:00:00-04:00,17.510000228881836,19.184999465942383,17.0,17.149999618530273,3949300,0.0,0.0
2022-09-07 00:00:00-04:00,17.15999984741211,18.100000381469727,17.15999984741211,17.899999618530273,200100,0.0,0.0
2022-09-08 00:00:00-04:00,31.299999237060547,32.79999923706055,27.0,27.030000686645508,13102100,0.0,0.0
2022-09-09 00:00:00-04:00,27.399999618530273,31.84000015258789,27.299999237060547,29.8799991607666,4293300,0.0,0.0
2022-09-12 00:00:00-04:00,30.3799991607666,30.399999618530273,27.68000030517578,28.1200008392334,1494000,0.0,0.0
2022-09-13 00:00:00-04:00,27.510000228881836,29.670000076293945,27.149999618530273,29.59000015258789,1440900,0.0,0.0
2022-09-14 00:00:00-04:00,29.309999465942383,31.010000228881836,27.299999237060547,30.260000228881836,2386000,0.0,0.0
2022-09-15 00:00:00-04:00,30.229999542236328,31.8700008392334,28.850000381469727,30.860000610351562,2165600,0.0,0.0
2022-09-16 00:00:00-04:00,30.3700008392334,30.399999618530273,28.81999969482422,29.3799991607666,5548000,0.0,0.0
2022-09-19 00:00:00-04:00,28.5,31.15999984741211,28.0,30.920000076293945,1841800,0.0,0.0
2022-09-20 00:00:00-04:00,31.0,31.0,29.559999465942383,29.8700008392334,1532600,0.0,0.0
2022-09-21 00:00:00-04:00,29.81999969482422,30.354000091552734,28.5,29.200000762939453,986700,0.0,0.0
2022-09-22 00:00:00-04:00,29.170000076293945,29.65999984741211,28.18000030517578,29.149999618530273,494600,0.0,0.0
2022-09-23 00:00:00-04:00,28.610000610351562,28.80500030517578,27.023000717163086,27.8700008392334,851700,0.0,0.0
2022-09-26 00:00:00-04:00,28.0,29.079999923706055,26.690000534057617,28.18000030517578,729200,0.0,0.0
2022-09-27 00:00:00-04:00,28.68000030517578,29.44499969482422,27.950000762939453,28.959999084472656,679900,0.0,0.0
2022-09-28 00:00:00-04:00,29.15999984741211,29.4950008392334,28.399999618530273,29.229999542236328,635900,0.0,0.0
2022-09-29 00:00:00-04:00,29.360000610351562,30.489999771118164,28.75,30.190000534057617,1407000,0.0,0.0
2022-09-30 00:00:00-04:00,30.190000534057617,31.290000915527344,27.110000610351562,28.149999618530273,4427800,0.0,0.0
2022-10-03 00:00:00-04:00,28.93000030517578,30.709999084472656,28.125999450683594,29.75,1312600,0.0,0.0
2022-10-04 00:00:00-04:00,30.18000030517578,31.309999465942383,29.18000030517578,31.15999984741211,1057100,0.0,0.0
2022-10-05 00:00:00-04:00,28.670000076293945,30.440000534057617,28.190000534057617,29.770000457763672,1519300,0.0,0.0
2022-10-06 00:00:00-04:00,30.09000015258789,33.36000061035156,30.0,32.81999969482422,2831600,0.0,0.0
2022-10-07 00:00:00-04:00,32.709999084472656,33.869998931884766,30.959999084472656,32.459999084472656,5515700,0.0,0.0
2022-10-10 00:00:00-04:00,31.940000534057617,35.47999954223633,31.43000030517578,34.15999984741211,2811300,0.0,0.0
2022-10-11 00:00:00-04:00,33.880001068115234,35.16999816894531,31.799999237060547,33.06999969482422,1618700,0.0,0.0
2022-10-12 00:00:00-04:00,33.20000076293945,34.31999969482422,32.869998931884766,33.61000061035156,656300,0.0,0.0
2022-10-13 00:00:00-04:00,32.599998474121094,35.72999954223633,31.969999313354492,35.529998779296875,1538900,0.0,0.0
2022-10-14 00:00:00-04:00,35.650001525878906,35.900001525878906,34.25,34.540000915527344,1079100,0.0,0.0
2022-10-17 00:00:00-04:00,35.20000076293945,37.04999923706055,34.560001373291016,35.75,1388700,0.0,0.0
2022-10-18 00:00:00-04:00,36.15999984741211,37.18000030517578,35.90999984741211,36.220001220703125,936400,0.0,0.0
2022-10-19 00:00:00-04:00,35.75,36.5,35.224998474121094,35.709999084472656,918200,0.0,0.0
2022-10-20 00:00:00-04:00,35.560001373291016,36.810001373291016,35.5,35.90999984741211,778500,0.0,0.0
2022-10-21 00:00:00-04:00,36.220001220703125,37.084999084472656,35.70500183105469,36.279998779296875,602400,0.0,0.0
2022-10-24 00:00:00-04:00,37.290000915527344,37.290000915527344,35.599998474121094,36.93000030517578,657300,0.0,0.0
2022-10-25 00:00:00-04:00,36.959999084472656,38.76499938964844,36.959999084472656,37.400001525878906,755000,0.0,0.0
2022-10-26 00:00:00-04:00,37.400001525878906,38.70000076293945,37.2869987487793,37.869998931884766,771900,0.0,0.0
2022-10-27 00:00:00-04:00,37.939998626708984,38.31999969482422,35.689998626708984,35.97999954223633,1013400,0.0,0.0
2022-10-28 00:00:00-04:00,36.09000015258789,37.11399841308594,35.75,36.36000061035156,604400,0.0,0.0
2022-10-31 00:00:00-04:00,36.119998931884766,36.81999969482422,35.599998474121094,35.66999816894531,809700,0.0,0.0
2022-11-01 00:00:00-04:00,36.06999969482422,36.66999816894531,35.29999923706055,35.869998931884766,464100,0.0,0.0
2022-11-02 00:00:00-04:00,35.869998931884766,36.400001525878906,34.654998779296875,35.0,756200,0.0,0.0
2022-11-03 00:00:00-04:00,34.7599983215332,35.2599983215332,33.279998779296875,33.86000061035156,612700,0.0,0.0
2022-11-04 00:00:00-04:00,33.95000076293945,34.470001220703125,32.744998931884766,34.369998931884766,752900,0.0,0.0
2022-11-07 00:00:00-05:00,34.529998779296875,35.150001525878906,32.689998626708984,32.79999923706055,764400,0.0,0.0
2022-11-08 00:00:00-05:00,33.04999923706055,34.790000915527344,32.85100173950195,34.41999816894531,1001000,0.0,0.0
2022-11-09 00:00:00-05:00,34.29999923706055,34.88999938964844,33.68000030517578,34.61000061035156,839400,0.0,0.0
2022-11-10 00:00:00-05:00,35.75,37.084999084472656,34.79999923706055,35.38999938964844,1248400,0.0,0.0
2022-11-11 00:00:00-05:00,35.060001373291016,37.85100173950195,33.790000915527344,34.0,1463700,0.0,0.0
2022-11-14 00:00:00-05:00,34.2599983215332,36.11000061035156,34.040000915527344,34.95000076293945,705300,0.0,0.0
2022-11-15 00:00:00-05:00,35.060001373291016,35.83000183105469,34.08000183105469,35.439998626708984,764900,0.0,0.0
2022-11-16 00:00:00-05:00,35.06999969482422,36.29100036621094,34.25,34.90999984741211,490300,0.0,0.0
2022-11-17 00:00:00-05:00,35.0,35.0,33.88999938964844,34.70000076293945,384300,0.0,0.0
2022-11-18 00:00:00-05:00,35.189998626708984,35.56999969482422,34.01499938964844,34.9900016784668,610000,0.0,0.0
2022-11-21 00:00:00-05:00,35.09000015258789,36.37099838256836,34.540000915527344,34.619998931884766,616500,0.0,0.0
2022-11-22 00:00:00-05:00,34.75,37.0099983215332,33.29999923706055,36.970001220703125,637000,0.0,0.0
2022-11-23 00:00:00-05:00,37.060001373291016,38.119998931884766,36.56999969482422,37.54999923706055,657100,0.0,0.0
2022-11-25 00:00:00-05:00,37.61000061035156,39.07500076293945,36.138999938964844,38.75,881700,0.0,0.0
2022-11-28 00:00:00-05:00,38.25,38.630001068115234,36.130001068115234,36.650001525878906,795700,0.0,0.0
2022-11-29 00:00:00-05:00,36.86000061035156,37.68000030517578,36.665000915527344,37.0,578400,0.0,0.0
2022-11-30 00:00:00-05:00,37.290000915527344,39.775001525878906,36.810001373291016,38.369998931884766,895500,0.0,0.0
2022-12-01 00:00:00-05:00,38.790000915527344,39.314998626708984,37.784000396728516,39.2599983215332,810300,0.0,0.0
2022-12-02 00:00:00-05:00,38.689998626708984,39.61000061035156,38.38999938964844,39.22999954223633,896100,0.0,0.0
2022-12-05 00:00:00-05:00,39.29999923706055,39.29999923706055,38.0,38.52000045776367,559300,0.0,0.0
2022-12-06 00:00:00-05:00,38.459999084472656,38.459999084472656,36.70600128173828,37.189998626708984,407400,0.0,0.0
2022-12-07 00:00:00-05:00,37.02000045776367,38.06999969482422,36.70000076293945,37.52000045776367,510500,0.0,0.0
2022-12-08 00:00:00-05:00,37.63999938964844,38.13999938964844,36.720001220703125,37.040000915527344,633600,0.0,0.0
2022-12-09 00:00:00-05:00,37.040000915527344,38.0099983215332,35.560001373291016,35.650001525878906,437900,0.0,0.0
2022-12-12 00:00:00-05:00,35.52000045776367,38.04999923706055,35.375,37.599998474121094,549300,0.0,0.0
2022-12-13 00:00:00-05:00,37.91999816894531,38.292999267578125,36.81999969482422,37.220001220703125,829900,0.0,0.0
2022-12-14 00:00:00-05:00,37.2599983215332,38.08000183105469,35.52000045776367,36.41999816894531,938000,0.0,0.0
2022-12-15 00:00:00-05:00,35.93000030517578,36.47999954223633,34.619998931884766,35.02000045776367,611300,0.0,0.0
2022-12-16 00:00:00-05:00,34.7400016784668,37.06999969482422,34.15999984741211,35.66999816894531,3450200,0.0,0.0
2022-12-19 00:00:00-05:00,35.900001525878906,36.29999923706055,32.77000045776367,33.279998779296875,1078200,0.0,0.0
2022-12-20 00:00:00-05:00,33.5,34.89500045776367,33.119998931884766,34.349998474121094,857500,0.0,0.0
2022-12-21 00:00:00-05:00,34.560001373291016,35.90999984741211,33.75,35.54999923706055,416700,0.0,0.0
2022-12-22 00:00:00-05:00,35.630001068115234,36.275001525878906,34.59000015258789,36.15999984741211,442100,0.0,0.0
2022-12-23 00:00:00-05:00,36.0099983215332,36.7400016784668,35.15999984741211,35.560001373291016,581400,0.0,0.0
2022-12-27 00:00:00-05:00,35.5,35.93000030517578,34.42499923706055,34.59000015258789,266000,0.0,0.0
2022-12-28 00:00:00-05:00,34.45000076293945,35.290000915527344,34.150001525878906,34.939998626708984,436100,0.0,0.0
2022-12-29 00:00:00-05:00,35.22999954223633,37.43000030517578,35.08000183105469,35.83000183105469,649900,0.0,0.0
2022-12-30 00:00:00-05:00,35.27000045776367,37.05500030517578,35.165000915527344,36.95000076293945,676300,0.0,0.0
2023-01-03 00:00:00-05:00,37.25,37.40999984741211,34.61000061035156,35.97999954223633,587600,0.0,0.0
2023-01-04 00:00:00-05:00,36.349998474121094,37.16999816894531,33.33000183105469,35.540000915527344,1020400,0.0,0.0
2023-01-05 00:00:00-05:00,36.5,36.5,34.849998474121094,35.56999969482422,557300,0.0,0.0
2023-01-06 00:00:00-05:00,36.0,37.06999969482422,35.275001525878906,36.9900016784668,667200,0.0,0.0
2023-01-09 00:00:00-05:00,36.9900016784668,37.54999923706055,35.22999954223633,35.58000183105469,702400,0.0,0.0
2023-01-10 00:00:00-05:00,35.81999969482422,37.27000045776367,35.45000076293945,36.20000076293945,714500,0.0,0.0
2023-01-11 00:00:00-05:00,36.0,36.80500030517578,35.125,36.40999984741211,502200,0.0,0.0
2023-01-12 00:00:00-05:00,36.0,37.38199996948242,35.97999954223633,37.0,585500,0.0,0.0
2023-01-13 00:00:00-05:00,36.75,38.32500076293945,36.369998931884766,37.4900016784668,1373600,0.0,0.0
2023-01-17 00:00:00-05:00,37.369998931884766,38.0369987487793,36.650001525878906,37.41999816894531,641100,0.0,0.0
2023-01-18 00:00:00-05:00,37.619998931884766,37.83000183105469,35.46099853515625,36.02000045776367,882200,0.0,0.0
2023-01-19 00:00:00-05:00,35.54999923706055,35.56999969482422,32.74300003051758,34.529998779296875,1159400,0.0,0.0
2023-01-20 00:00:00-05:00,34.869998931884766,37.56999969482422,34.2400016784668,36.869998931884766,1242100,0.0,0.0
2023-01-23 00:00:00-05:00,36.869998931884766,38.060001373291016,36.0,37.900001525878906,871800,0.0,0.0
2023-01-24 00:00:00-05:00,37.68000030517578,41.099998474121094,37.22999954223633,40.439998626708984,2029700,0.0,0.0
2023-01-25 00:00:00-05:00,39.959999084472656,40.630001068115234,38.08000183105469,40.54999923706055,988200,0.0,0.0
2023-01-26 00:00:00-05:00,41.0,41.25,39.50299835205078,40.119998931884766,590900,0.0,0.0
2023-01-27 00:00:00-05:00,40.0,41.05500030517578,39.83000183105469,40.93000030517578,447400,0.0,0.0
2023-01-30 00:00:00-05:00,40.72999954223633,41.93000030517578,38.27000045776367,38.68000030517578,787000,0.0,0.0
2023-01-31 00:00:00-05:00,38.58000183105469,39.29999923706055,38.31999969482422,39.189998626708984,494000,0.0,0.0
2023-02-01 00:00:00-05:00,39.189998626708984,40.150001525878906,38.15999984741211,39.38999938964844,504300,0.0,0.0
2023-02-02 00:00:00-05:00,39.310001373291016,40.875,35.68899917602539,37.0,1400900,0.0,0.0
2023-02-03 00:00:00-05:00,36.66999816894531,37.380001068115234,36.02000045776367,36.63999938964844,648000,0.0,0.0
2023-02-06 00:00:00-05:00,36.63999938964844,37.97999954223633,35.845001220703125,36.0,681800,0.0,0.0
2023-02-07 00:00:00-05:00,35.75,36.189998626708984,34.869998931884766,35.470001220703125,852300,0.0,0.0
2023-02-08 00:00:00-05:00,35.0,35.20000076293945,33.9900016784668,34.119998931884766,1130400,0.0,0.0
2023-02-09 00:00:00-05:00,34.0,34.32500076293945,33.099998474121094,33.630001068115234,1156700,0.0,0.0
2023-02-10 00:00:00-05:00,33.540000915527344,34.189998626708984,32.709999084472656,34.099998474121094,736800,0.0,0.0
2023-02-13 00:00:00-05:00,34.20000076293945,36.19499969482422,33.77000045776367,35.86000061035156,1064300,0.0,0.0
2023-02-14 00:00:00-05:00,36.939998626708984,37.52000045776367,32.66999816894531,35.09000015258789,1698100,0.0,0.0
2023-02-15 00:00:00-05:00,34.5,35.290000915527344,34.029998779296875,34.779998779296875,570400,0.0,0.0
2023-02-16 00:00:00-05:00,34.27000045776367,35.6349983215332,34.27000045776367,35.220001220703125,439500,0.0,0.0
2023-02-17 00:00:00-05:00,35.40999984741211,37.16999816894531,34.93000030517578,37.130001068115234,626500,0.0,0.0
2023-02-21 00:00:00-05:00,36.349998474121094,37.209999084472656,35.27000045776367,35.54999923706055,532600,0.0,0.0
2023-02-22 00:00:00-05:00,35.599998474121094,36.52000045776367,35.20000076293945,36.15999984741211,435000,0.0,0.0
2023-02-23 00:00:00-05:00,36.36000061035156,36.459999084472656,35.150001525878906,35.380001068115234,422500,0.0,0.0
2023-02-24 00:00:00-05:00,34.779998779296875,35.459999084472656,34.209999084472656,34.5099983215332,553200,0.0,0.0
2023-02-27 00:00:00-05:00,34.540000915527344,35.040000915527344,33.040000915527344,33.650001525878906,904700,0.0,0.0
2023-02-28 00:00:00-05:00,33.77000045776367,34.880001068115234,32.97999954223633,34.81999969482422,839400,0.0,0.0
2023-03-01 00:00:00-05:00,35.02000045776367,35.40999984741211,34.064998626708984,34.209999084472656,677000,0.0,0.0
2023-03-02 00:00:00-05:00,34.02000045776367,34.869998931884766,33.33000183105469,33.630001068115234,493300,0.0,0.0
2023-03-03 00:00:00-05:00,33.81999969482422,34.93000030517578,32.959999084472656,34.220001220703125,645600,0.0,0.0
2023-03-06 00:00:00-05:00,34.16999816894531,35.255001068115234,33.91999816894531,34.54999923706055,686100,0.0,0.0
2023-03-07 00:00:00-05:00,34.720001220703125,36.029998779296875,34.369998931884766,35.91999816894531,697800,0.0,0.0
2023-03-08 00:00:00-05:00,36.119998931884766,36.75,35.720001220703125,36.099998474121094,708200,0.0,0.0
2023-03-09 00:00:00-05:00,36.029998779296875,36.38999938964844,32.560001373291016,33.15999984741211,718800,0.0,0.0
2023-03-10 00:00:00-05:00,32.59000015258789,32.59000015258789,30.190000534057617,30.65999984741211,1049600,0.0,0.0
2023-03-13 00:00:00-04:00,30.049999237060547,32.22999954223633,29.399999618530273,31.170000076293945,1314000,0.0,0.0
2023-03-14 00:00:00-04:00,37.189998626708984,38.31999969482422,33.65999984741211,34.099998474121094,4114100,0.0,0.0
2023-03-15 00:00:00-04:00,33.959999084472656,34.61000061035156,32.18000030517578,33.599998474121094,1392500,0.0,0.0
2023-03-16 00:00:00-04:00,32.93000030517578,33.33000183105469,31.1299991607666,32.08000183105469,2322400,0.0,0.0
2023-03-17 00:00:00-04:00,31.68000030517578,32.099998474121094,29.405000686645508,30.290000915527344,1729800,0.0,0.0
2023-03-20 00:00:00-04:00,30.110000610351562,31.860000610351562,29.739999771118164,31.780000686645508,910600,0.0,0.0
2023-03-21 00:00:00-04:00,32.650001525878906,32.70000076293945,29.959999084472656,30.260000228881836,1118300,0.0,0.0
2023-03-22 00:00:00-04:00,30.1299991607666,30.739999771118164,29.170000076293945,29.280000686645508,905500,0.0,0.0
2023-03-23 00:00:00-04:00,29.280000686645508,29.8799991607666,28.450000762939453,29.040000915527344,901500,0.0,0.0
2023-03-24 00:00:00-04:00,28.780000686645508,29.15999984741211,27.6299991607666,28.739999771118164,917900,0.0,0.0
2023-03-27 00:00:00-04:00,28.940000534057617,30.90999984741211,28.920000076293945,30.440000534057617,843200,0.0,0.0
2023-03-28 00:00:00-04:00,30.43000030517578,30.934999465942383,30.040000915527344,30.510000228881836,649100,0.0,0.0
2023-03-29 00:00:00-04:00,30.799999237060547,31.174999237060547,28.709999084472656,29.190000534057617,1154600,0.0,0.0
2023-03-30 00:00:00-04:00,29.25,29.3799991607666,26.639999389648438,27.709999084472656,1537800,0.0,0.0
2023-03-31 00:00:00-04:00,28.5,29.600000381469727,27.889999389648438,29.34000015258789,1588100,0.0,0.0
2023-04-03 00:00:00-04:00,29.299999237060547,29.989999771118164,28.260000228881836,28.610000610351562,786500,0.0,0.0
2023-04-04 00:00:00-04:00,28.700000762939453,28.895000457763672,28.040000915527344,28.639999389648438,551900,0.0,0.0
2023-04-05 00:00:00-04:00,28.540000915527344,28.65999984741211,27.299999237060547,27.809999465942383,535100,0.0,0.0
2023-04-06 00:00:00-04:00,28.059999465942383,29.451000213623047,27.75,29.059999465942383,1226600,0.0,0.0
2023-04-10 00:00:00-04:00,28.700000762939453,29.040000915527344,27.520000457763672,28.940000534057617,663300,0.0,0.0
2023-04-11 00:00:00-04:00,29.010000228881836,29.329999923706055,28.110000610351562,29.280000686645508,771100,0.0,0.0
2023-04-12 00:00:00-04:00,29.729999542236328,30.510000228881836,29.325000762939453,29.459999084472656,740200,0.0,0.0
2023-04-13 00:00:00-04:00,29.68000030517578,31.40999984741211,29.59000015258789,30.579999923706055,794400,0.0,0.0
2023-04-14 00:00:00-04:00,30.6299991607666,31.09000015258789,29.459999084472656,30.0,648800,0.0,0.0
2023-04-17 00:00:00-04:00,30.200000762939453,31.030000686645508,29.959999084472656,30.850000381469727,604900,0.0,0.0
2023-04-18 00:00:00-04:00,30.899999618530273,31.459999084472656,30.165000915527344,30.81999969482422,452500,0.0,0.0
2023-04-19 00:00:00-04:00,30.540000915527344,31.770000457763672,30.364999771118164,31.420000076293945,582000,0.0,0.0
2023-04-20 00:00:00-04:00,30.959999084472656,31.280000686645508,30.135000228881836,30.84000015258789,550900,0.0,0.0
2023-04-21 00:00:00-04:00,30.899999618530273,31.079999923706055,30.139999389648438,31.049999237060547,919900,0.0,0.0
2023-04-24 00:00:00-04:00,31.0,31.209999084472656,30.239999771118164,30.290000915527344,969500,0.0,0.0
2023-04-25 00:00:00-04:00,30.020000457763672,30.18000030517578,29.514999389648438,29.59000015258789,691800,0.0,0.0
2023-04-26 00:00:00-04:00,29.56999969482422,29.93000030517578,28.450000762939453,28.5,618600,0.0,0.0
2023-04-27 00:00:00-04:00,28.25,28.81999969482422,27.770000457763672,28.200000762939453,729600,0.0,0.0
2023-04-28 00:00:00-04:00,28.049999237060547,28.700000762939453,27.799999237060547,28.399999618530273,495700,0.0,0.0
2023-05-01 00:00:00-04:00,28.399999618530273,29.100000381469727,28.100000381469727,28.489999771118164,623300,0.0,0.0
2023-05-02 00:00:00-04:00,28.270000457763672,28.5,27.559999465942383,27.799999237060547,530100,0.0,0.0
2023-05-03 00:00:00-04:00,27.989999771118164,28.709999084472656,27.709999084472656,28.06999969482422,801000,0.0,0.0
2023-05-04 00:00:00-04:00,28.079999923706055,28.079999923706055,27.389999389648438,27.729999542236328,451200,0.0,0.0
2023-05-05 00:00:00-04:00,28.309999465942383,29.309999465942383,28.0,29.040000915527344,738600,0.0,0.0
2023-05-08 00:00:00-04:00,29.270000457763672,30.280000686645508,28.959999084472656,29.850000381469727,1018500,0.0,0.0
2023-05-09 00:00:00-04:00,29.489999771118164,30.489999771118164,28.915000915527344,30.100000381469727,559700,0.0,0.0
2023-05-10 00:00:00-04:00,30.1200008392334,30.219999313354492,28.739999771118164,28.940000534057617,685900,0.0,0.0
2023-05-11 00:00:00-04:00,28.770000457763672,29.18000030517578,28.170000076293945,28.81999969482422,1596300,0.0,0.0
2023-05-12 00:00:00-04:00,30.5,30.5,27.295000076293945,27.670000076293945,3253000,0.0,0.0
2023-05-15 00:00:00-04:00,28.1299991607666,29.235000610351562,27.68000030517578,28.139999389648438,1330700,0.0,0.0
2023-05-16 00:00:00-04:00,27.700000762939453,27.729999542236328,26.34000015258789,27.18000030517578,1455200,0.0,0.0
2023-05-17 00:00:00-04:00,27.325000762939453,28.1299991607666,26.584999084472656,27.790000915527344,1030500,0.0,0.0
2023-05-18 00:00:00-04:00,27.8799991607666,27.989999771118164,26.375,26.850000381469727,1008600,0.0,0.0
2023-05-19 00:00:00-04:00,27.219999313354492,27.31999969482422,26.350000381469727,26.700000762939453,761800,0.0,0.0
2023-05-22 00:00:00-04:00,26.81999969482422,27.75,26.530000686645508,27.06999969482422,732200,0.0,0.0
2023-05-23 00:00:00-04:00,26.950000762939453,27.979999542236328,26.700000762939453,27.399999618530273,756600,0.0,0.0
2023-05-24 00:00:00-04:00,27.389999389648438,27.489999771118164,26.6299991607666,26.8700008392334,453000,0.0,0.0
2023-05-25 00:00:00-04:00,27.0,27.0,26.100000381469727,26.299999237060547,594400,0.0,0.0
2023-05-26 00:00:00-04:00,26.200000762939453,26.40999984741211,24.6299991607666,24.829999923706055,2087600,0.0,0.0
2023-05-30 00:00:00-04:00,23.68000030517578,25.6299991607666,23.5,24.040000915527344,2080300,0.0,0.0
2023-05-31 00:00:00-04:00,24.270000457763672,25.030000686645508,23.950000762939453,24.690000534057617,2183900,0.0,0.0
2023-06-01 00:00:00-04:00,24.6299991607666,24.69499969482422,23.93000030517578,24.450000762939453,1593400,0.0,0.0
2023-06-02 00:00:00-04:00,25.19499969482422,25.209999084472656,24.190000534057617,25.18000030517578,585900,0.0,0.0
2023-06-05 00:00:00-04:00,25.200000762939453,25.34000015258789,24.84000015258789,25.270000457763672,711000,0.0,0.0
2023-06-06 00:00:00-04:00,25.309999465942383,25.614999771118164,25.020000457763672,25.559999465942383,585300,0.0,0.0
2023-06-07 00:00:00-04:00,25.549999237060547,26.440000534057617,25.350000381469727,26.139999389648438,696300,0.0,0.0
2023-06-08 00:00:00-04:00,26.100000381469727,26.280000686645508,25.43000030517578,26.25,483400,0.0,0.0
2023-06-09 00:00:00-04:00,26.209999084472656,26.34000015258789,25.030000686645508,25.510000228881836,714900,0.0,0.0
2023-06-12 00:00:00-04:00,25.700000762939453,25.809999465942383,24.799999237060547,24.829999923706055,636000,0.0,0.0
2023-06-13 00:00:00-04:00,24.75,25.604999542236328,24.75,25.280000686645508,787300,0.0,0.0
2023-06-14 00:00:00-04:00,25.270000457763672,25.549999237060547,24.81999969482422,24.889999389648438,886600,0.0,0.0
2023-06-15 00:00:00-04:00,24.770000457763672,24.989999771118164,24.510000228881836,24.760000228881836,1340800,0.0,0.0
2023-06-16 00:00:00-04:00,25.040000915527344,25.040000915527344,23.770000457763672,23.8700008392334,1165000,0.0,0.0
2023-06-20 00:00:00-04:00,23.739999771118164,24.450000762939453,23.1299991607666,24.43000030517578,853000,0.0,0.0
2023-06-21 00:00:00-04:00,24.389999389648438,25.239999771118164,24.15999984741211,25.09000015258789,1204200,0.0,0.0
2023-06-22 00:00:00-04:00,25.09000015258789,25.09000015258789,24.59000015258789,24.780000686645508,1032300,0.0,0.0
2023-06-23 00:00:00-04:00,24.3700008392334,24.3700008392334,22.780000686645508,23.059999465942383,3305600,0.0,0.0
2023-06-26 00:00:00-04:00,22.920000076293945,23.020999908447266,22.399999618530273,22.420000076293945,1287600,0.0,0.0
2023-06-27 00:00:00-04:00,22.450000762939453,22.469999313354492,21.760000228881836,21.809999465942383,1168000,0.0,0.0
2023-06-28 00:00:00-04:00,21.850000381469727,22.010000228881836,21.260000228881836,21.700000762939453,1779200,0.0,0.0
2023-06-29 00:00:00-04:00,21.68000030517578,21.80500030517578,20.90999984741211,20.979999542236328,1483100,0.0,0.0
2023-06-30 00:00:00-04:00,21.040000915527344,21.690000534057617,20.790000915527344,21.56999969482422,829800,0.0,0.0
2023-07-03 00:00:00-04:00,21.700000762939453,21.729999542236328,20.93000030517578,20.969999313354492,406900,0.0,0.0
2023-07-05 00:00:00-04:00,20.8799991607666,21.149999618530273,20.520000457763672,21.030000686645508,854900,0.0,0.0
2023-07-06 00:00:00-04:00,20.790000915527344,20.850000381469727,20.2450008392334,20.56999969482422,793500,0.0,0.0
2023-07-07 00:00:00-04:00,20.510000228881836,20.600000381469727,20.209999084472656,20.3700008392334,918900,0.0,0.0
2023-07-10 00:00:00-04:00,20.399999618530273,22.299999237060547,20.030000686645508,21.889999389648438,1383800,0.0,0.0
2023-07-11 00:00:00-04:00,22.0,22.43000030517578,21.350000381469727,22.31999969482422,1284000,0.0,0.0
2023-07-12 00:00:00-04:00,22.65999984741211,23.059999465942383,22.399999618530273,22.940000534057617,887700,0.0,0.0
2023-07-13 00:00:00-04:00,23.049999237060547,23.520000457763672,22.979999542236328,23.0,783800,0.0,0.0
2023-07-14 00:00:00-04:00,22.979999542236328,22.989999771118164,22.239999771118164,22.65999984741211,779400,0.0,0.0
2023-07-17 00:00:00-04:00,22.6299991607666,23.170000076293945,22.469999313354492,22.780000686645508,669500,0.0,0.0
2023-07-18 00:00:00-04:00,22.799999237060547,22.9950008392334,22.059999465942383,22.329999923706055,845600,0.0,0.0
2023-07-19 00:00:00-04:00,22.530000686645508,23.118000030517578,21.690000534057617,22.139999389648438,1718300,0.0,0.0
2023-07-20 00:00:00-04:00,22.18000030517578,23.010000228881836,22.049999237060547,22.40999984741211,1273300,0.0,0.0
2023-07-21 00:00:00-04:00,22.510000228881836,22.790000915527344,22.100000381469727,22.549999237060547,583800,0.0,0.0
2023-07-24 00:00:00-04:00,24.158000946044922,25.479999542236328,22.850000381469727,22.920000076293945,2599100,0.0,0.0
2023-07-25 00:00:00-04:00,23.0,23.950000762939453,22.295000076293945,22.5,1243400,0.0,0.0
2023-07-26 00:00:00-04:00,22.65999984741211,23.100000381469727,22.209999084472656,22.829999923706055,840300,0.0,0.0
2023-07-27 00:00:00-04:00,22.8799991607666,23.149999618530273,22.03499984741211,22.260000228881836,928100,0.0,0.0
2023-07-28 00:00:00-04:00,22.80500030517578,23.520000457763672,21.667999267578125,22.540000915527344,2340700,0.0,0.0
2023-07-31 00:00:00-04:00,22.989999771118164,23.610000610351562,22.860000610351562,23.450000762939453,1403000,0.0,0.0
2023-08-01 00:00:00-04:00,23.6299991607666,23.719999313354492,22.940000534057617,23.3799991607666,1203500,0.0,0.0
2023-08-02 00:00:00-04:00,22.90999984741211,23.610000610351562,22.709999084472656,22.799999237060547,815100,0.0,0.0
2023-08-03 00:00:00-04:00,22.530000686645508,22.799999237060547,22.18000030517578,22.549999237060547,666100,0.0,0.0
2023-08-04 00:00:00-04:00,22.530000686645508,22.799999237060547,22.0,22.5,981500,0.0,0.0
2023-08-07 00:00:00-04:00,22.5,22.510000228881836,21.670000076293945,22.0,823600,0.0,0.0
2023-08-08 00:00:00-04:00,22.0,22.219999313354492,21.56999969482422,21.709999084472656,699500,0.0,0.0
2023-08-09 00:00:00-04:00,21.850000381469727,22.15999984741211,21.31999969482422,21.489999771118164,994400,0.0,0.0
2023-08-10 00:00:00-04:00,21.389999389648438,21.808000564575195,21.079999923706055,21.170000076293945,1145400,0.0,0.0
2023-08-11 00:00:00-04:00,21.010000228881836,21.8799991607666,20.290000915527344,21.600000381469727,1983500,0.0,0.0
2023-08-14 00:00:00-04:00,21.559999465942383,21.559999465942383,20.864999771118164,20.979999542236328,1579200,0.0,0.0
2023-08-15 00:00:00-04:00,20.84000015258789,21.309999465942383,20.420000076293945,21.0,1108400,0.0,0.0
2023-08-16 00:00:00-04:00,20.809999465942383,20.969999313354492,19.6200008392334,20.014999389648438,4099400,0.0,0.0
2023-08-17 00:00:00-04:00,20.079999923706055,20.350000381469727,20.010000228881836,20.209999084472656,951600,0.0,0.0
2023-08-18 00:00:00-04:00,19.959999084472656,20.350000381469727,19.889999389648438,20.219999313354492,1491500,0.0,0.0
2023-08-21 00:00:00-04:00,20.309999465942383,21.360000610351562,20.290000915527344,21.299999237060547,1638600,0.0,0.0
2023-08-22 00:00:00-04:00,21.469999313354492,21.790000915527344,21.049999237060547,21.59000015258789,800200,0.0,0.0
2023-08-23 00:00:00-04:00,21.649999618530273,21.719999313354492,21.19499969482422,21.40999984741211,1078600,0.0,0.0
2023-08-24 00:00:00-04:00,21.420000076293945,21.9950008392334,21.0,21.729999542236328,1189200,0.0,0.0
2023-08-25 00:00:00-04:00,21.739999771118164,22.079999923706055,21.440000534057617,21.850000381469727,986100,0.0,0.0
2023-08-28 00:00:00-04:00,22.010000228881836,22.357999801635742,21.729999542236328,21.889999389648438,687600,0.0,0.0
2023-08-29 00:00:00-04:00,21.8799991607666,22.110000610351562,21.493999481201172,21.700000762939453,815700,0.0,0.0
2023-08-30 00:00:00-04:00,21.610000610351562,21.81999969482422,21.51799964904785,21.770000457763672,667000,0.0,0.0
2023-08-31 00:00:00-04:00,21.729999542236328,21.934999465942383,21.489999771118164,21.559999465942383,631900,0.0,0.0
2023-09-01 00:00:00-04:00,21.770000457763672,22.030000686645508,21.639999389648438,21.81999969482422,615200,0.0,0.0
2023-09-05 00:00:00-04:00,21.75,22.02400016784668,20.459999084472656,20.639999389648438,1372900,0.0,0.0
2023-09-06 00:00:00-04:00,20.75,21.219999313354492,20.290000915527344,21.190000534057617,833300,0.0,0.0
2023-09-07 00:00:00-04:00,21.059999465942383,21.280000686645508,20.709999084472656,20.8799991607666,625100,0.0,0.0
2023-09-08 00:00:00-04:00,20.889999389648438,20.889999389648438,20.43000030517578,20.520000457763672,504400,0.0,0.0
2023-09-11 00:00:00-04:00,20.6299991607666,20.6299991607666,20.139999389648438,20.280000686645508,519300,0.0,0.0
2023-09-12 00:00:00-04:00,20.15999984741211,20.709999084472656,20.15999984741211,20.670000076293945,649600,0.0,0.0
2023-09-13 00:00:00-04:00,20.670000076293945,20.98699951171875,20.049999237060547,20.1299991607666,1484400,0.0,0.0
2023-09-14 00:00:00-04:00,20.1299991607666,20.440000534057617,19.479999542236328,19.610000610351562,1739300,0.0,0.0
2023-09-15 00:00:00-04:00,19.639999389648438,19.920000076293945,19.360000610351562,19.780000686645508,1140400,0.0,0.0
2023-09-18 00:00:00-04:00,19.700000762939453,19.760000228881836,18.559999465942383,18.700000762939453,1051800,0.0,0.0
2023-09-19 00:00:00-04:00,18.770000457763672,18.969999313354492,18.520000457763672,18.8799991607666,682800,0.0,0.0
2023-09-20 00:00:00-04:00,18.8799991607666,18.899999618530273,18.489999771118164,18.565000534057617,751000,0.0,0.0
2023-09-21 00:00:00-04:00,18.329999923706055,18.3700008392334,18.030000686645508,18.079999923706055,628400,0.0,0.0
2023-09-22 00:00:00-04:00,18.229999542236328,18.510000228881836,18.040000915527344,18.479999542236328,949400,0.0,0.0
2023-09-25 00:00:00-04:00,18.40999984741211,18.719999313354492,17.799999237060547,18.719999313354492,2898200,0.0,0.0
2023-09-26 00:00:00-04:00,18.709999084472656,19.084999084472656,18.5,18.809999465942383,1181500,0.0,0.0
2023-09-27 00:00:00-04:00,18.93000030517578,19.239999771118164,18.690000534057617,18.700000762939453,977000,0.0,0.0
2023-09-28 00:00:00-04:00,18.56999969482422,18.65999984741211,17.809999465942383,18.5,2067400,0.0,0.0
2023-09-29 00:00:00-04:00,18.770000457763672,18.899999618530273,18.149999618530273,18.309999465942383,822200,0.0,0.0
2023-10-02 00:00:00-04:00,18.299999237060547,18.399999618530273,17.950000762939453,18.1200008392334,905400,0.0,0.0
2023-10-03 00:00:00-04:00,18.1200008392334,18.309999465942383,17.639999389648438,17.90999984741211,867800,0.0,0.0
2023-10-04 00:00:00-04:00,17.709999084472656,17.829999923706055,17.3799991607666,17.479999542236328,1376300,0.0,0.0
2023-10-05 00:00:00-04:00,17.479999542236328,17.770000457763672,17.1299991607666,17.770000457763672,1333500,0.0,0.0
2023-10-06 00:00:00-04:00,17.59000015258789,17.969999313354492,17.329999923706055,17.329999923706055,2073100,0.0,0.0
2023-10-09 00:00:00-04:00,17.25,17.920000076293945,17.25,17.700000762939453,2729300,0.0,0.0
2023-10-10 00:00:00-04:00,17.770000457763672,18.270000457763672,17.55500030517578,18.219999313354492,1167900,0.0,0.0
2023-10-11 00:00:00-04:00,18.299999237060547,18.489999771118164,17.84000015258789,18.459999084472656,1956500,0.0,0.0
2023-10-12 00:00:00-04:00,18.3799991607666,18.3799991607666,17.5,17.610000610351562,1872500,0.0,0.0
2023-10-13 00:00:00-04:00,16.950000762939453,17.43000030517578,16.760000228881836,17.31999969482422,2343100,0.0,0.0
2023-10-16 00:00:00-04:00,17.450000762939453,17.90999984741211,17.235000610351562,17.709999084472656,1224200,0.0,0.0
2023-10-17 00:00:00-04:00,17.549999237060547,18.329999923706055,17.549999237060547,17.889999389648438,1061300,0.0,0.0
2023-10-18 00:00:00-04:00,17.75,17.75,16.934999465942383,17.020000457763672,1691100,0.0,0.0
2023-10-19 00:00:00-04:00,16.899999618530273,16.94499969482422,16.514999389648438,16.549999237060547,1065000,0.0,0.0
2023-10-20 00:00:00-04:00,16.6299991607666,17.135000228881836,16.579999923706055,16.84000015258789,1575700,0.0,0.0
2023-10-23 00:00:00-04:00,16.700000762939453,16.709999084472656,16.329999923706055,16.450000762939453,977800,0.0,0.0
2023-10-24 00:00:00-04:00,16.549999237060547,17.170000076293945,16.5,16.979999542236328,1417000,0.0,0.0
2023-10-25 00:00:00-04:00,16.8799991607666,16.8799991607666,16.030000686645508,16.110000610351562,1113000,0.0,0.0
2023-10-26 00:00:00-04:00,16.149999618530273,16.309999465942383,15.85099983215332,15.949999809265137,1137700,0.0,0.0
2023-10-27 00:00:00-04:00,15.949999809265137,16.9950008392334,15.680000305175781,15.739999771118164,1525000,0.0,0.0
2023-10-30 00:00:00-04:00,15.90999984741211,16.05500030517578,15.609999656677246,15.755000114440918,1235900,0.0,0.0
2023-10-31 00:00:00-04:00,15.779999732971191,16.420000076293945,15.744999885559082,16.309999465942383,2216300,0.0,0.0
2023-11-01 00:00:00-04:00,16.239999771118164,17.149999618530273,16.139999389648438,17.100000381469727,1013300,0.0,0.0
2023-11-02 00:00:00-04:00,17.549999237060547,18.46500015258789,17.299999237060547,18.020000457763672,2075500,0.0,0.0
2023-11-03 00:00:00-04:00,18.450000762939453,18.8799991607666,18.260000228881836,18.43000030517578,1198800,0.0,0.0
2023-11-06 00:00:00-05:00,18.639999389648438,18.700000762939453,17.860000610351562,17.950000762939453,1155100,0.0,0.0
2023-11-07 00:00:00-05:00,18.010000228881836,18.299999237060547,17.700000762939453,18.184999465942383,898500,0.0,0.0
2023-11-08 00:00:00-05:00,18.190000534057617,18.3799991607666,17.613000869750977,18.0,947000,0.0,0.0
2023-11-09 00:00:00-05:00,12.65999984741211,14.34000015258789,12.239999771118164,12.260000228881836,10296800,0.0,0.0
2023-11-10 00:00:00-05:00,12.5600004196167,13.180000305175781,11.90999984741211,12.479999542236328,3886500,0.0,0.0
2023-11-13 00:00:00-05:00,12.529999732971191,13.100000381469727,12.460000038146973,12.9399995803833,2976200,0.0,0.0
2023-11-14 00:00:00-05:00,13.380000114440918,13.420000076293945,12.34000015258789,12.520000457763672,4908400,0.0,0.0
2023-11-15 00:00:00-05:00,12.529999732971191,13.25,12.420000076293945,13.079999923706055,1694200,0.0,0.0
2023-11-16 00:00:00-05:00,12.859999656677246,13.043999671936035,11.819999694824219,12.130000114440918,2397200,0.0,0.0
2023-11-17 00:00:00-05:00,12.239999771118164,12.460000038146973,11.9399995803833,12.069999694824219,1238500,0.0,0.0
2023-11-20 00:00:00-05:00,12.170000076293945,12.9399995803833,12.010000228881836,12.90999984741211,1167000,0.0,0.0
2023-11-21 00:00:00-05:00,12.890000343322754,13.1899995803833,12.600000381469727,12.640000343322754,946500,0.0,0.0
2023-11-22 00:00:00-05:00,12.680000305175781,12.805000305175781,12.369999885559082,12.710000038146973,741600,0.0,0.0
2023-11-24 00:00:00-05:00,12.720000267028809,13.199999809265137,12.699999809265137,13.170000076293945,363800,0.0,0.0
2023-11-27 00:00:00-05:00,13.029999732971191,13.09000015258789,12.5600004196167,12.930000305175781,960900,0.0,0.0
2023-11-28 00:00:00-05:00,12.869999885559082,13.020000457763672,12.65999984741211,12.90999984741211,871500,0.0,0.0
2023-11-29 00:00:00-05:00,13.109999656677246,13.75,12.899999618530273,13.579999923706055,1869700,0.0,0.0
2023-11-30 00:00:00-05:00,13.699999809265137,14.369999885559082,13.4399995803833,14.15999984741211,1380500,0.0,0.0
2023-12-01 00:00:00-05:00,14.100000381469727,14.300000190734863,13.359999656677246,14.220000267028809,906800,0.0,0.0
2023-12-04 00:00:00-05:00,14.25,14.859999656677246,14.246000289916992,14.460000038146973,1124600,0.0,0.0
2023-12-05 00:00:00-05:00,14.470000267028809,15.100000381469727,14.262999534606934,14.880000114440918,1864000,0.0,0.0
2023-12-06 00:00:00-05:00,14.949999809265137,15.300000190734863,14.585000038146973,15.09000015258789,835800,0.0,0.0
2023-12-07 00:00:00-05:00,13.729999542236328,14.8100004196167,13.600000381469727,14.220000267028809,1761100,0.0,0.0
2023-12-08 00:00:00-05:00,14.229999542236328,14.390000343322754,13.600000381469727,14.0,1290400,0.0,0.0
2023-12-11 00:00:00-05:00,14.100000381469727,14.329999923706055,13.710000038146973,14.25,1029400,0.0,0.0
2023-12-12 00:00:00-05:00,14.609999656677246,14.84000015258789,13.9399995803833,14.710000038146973,1046500,0.0,0.0
2023-12-13 00:00:00-05:00,14.520000457763672,14.868000030517578,14.050000190734863,14.720000267028809,1000100,0.0,0.0
2023-12-14 00:00:00-05:00,15.199999809265137,15.229999542236328,14.319999694824219,14.739999771118164,1539600,0.0,0.0
2023-12-15 00:00:00-05:00,14.970000267028809,14.970000267028809,13.9399995803833,14.229999542236328,1805500,0.0,0.0
2023-12-18 00:00:00-05:00,14.449999809265137,14.6899995803833,13.920000076293945,14.1899995803833,897300,0.0,0.0
2023-12-19 00:00:00-05:00,14.470000267028809,14.470000267028809,13.739999771118164,13.979999542236328,1651500,0.0,0.0
2023-12-20 00:00:00-05:00,14.279999732971191,14.300000190734863,13.630000114440918,13.8100004196167,1427800,0.0,0.0
2023-12-21 00:00:00-05:00,14.020000457763672,14.270000457763672,13.850000381469727,13.949999809265137,818100,0.0,0.0
2023-12-22 00:00:00-05:00,14.079999923706055,14.609999656677246,13.960000038146973,14.5,1259300,0.0,0.0
2023-12-26 00:00:00-05:00,14.630000114440918,14.630000114440918,14.079999923706055,14.239999771118164,872000,0.0,0.0
2023-12-27 00:00:00-05:00,14.479999542236328,14.670000076293945,14.079999923706055,14.539999961853027,851100,0.0,0.0
2023-12-28 00:00:00-05:00,14.550000190734863,15.079999923706055,14.40999984741211,14.75,990300,0.0,0.0
2023-12-29 00:00:00-05:00,14.869999885559082,15.130000114440918,14.399999618530273,14.720000267028809,936700,0.0,0.0
2024-01-02 00:00:00-05:00,14.720000267028809,15.619999885559082,14.569000244140625,14.970000267028809,994000,0.0,0.0
2024-01-03 00:00:00-05:00,15.640000343322754,16.549999237060547,15.270000457763672,16.024999618530273,3006100,0.0,0.0
2024-01-04 00:00:00-05:00,16.15999984741211,17.059999465942383,16.049999237060547,16.639999389648438,1696200,0.0,0.0
2024-01-05 00:00:00-05:00,16.690000534057617,17.049999237060547,16.231000900268555,16.829999923706055,1433600,0.0,0.0
2024-01-08 00:00:00-05:00,16.75,17.010000228881836,16.385000228881836,16.8700008392334,1042600,0.0,0.0
2024-01-09 00:00:00-05:00,16.860000610351562,16.860000610351562,16.09000015258789,16.399999618530273,1005700,0.0,0.0
2024-01-10 00:00:00-05:00,16.3799991607666,16.56999969482422,15.859999656677246,16.15999984741211,738600,0.0,0.0
2024-01-11 00:00:00-05:00,16.030000686645508,16.25,15.5,16.219999313354492,1720900,0.0,0.0
2024-01-12 00:00:00-05:00,16.06999969482422,16.72599983215332,15.609999656677246,15.789999961853027,680300,0.0,0.0
2024-01-16 00:00:00-05:00,15.640000343322754,15.8149995803833,15.319999694824219,15.520000457763672,952700,0.0,0.0
2024-01-17 00:00:00-05:00,15.239999771118164,15.399999618530273,14.789999961853027,15.079999923706055,891800,0.0,0.0
2024-01-18 00:00:00-05:00,15.170000076293945,15.170000076293945,14.4399995803833,14.880000114440918,1114400,0.0,0.0
2024-01-19 00:00:00-05:00,15.010000228881836,15.140000343322754,14.744999885559082,15.010000228881836,746200,0.0,0.0
2024-01-22 00:00:00-05:00,14.869999885559082,15.130000114440918,14.520000457763672,14.6899995803833,804200,0.0,0.0
2024-01-23 00:00:00-05:00,14.920000076293945,14.920000076293945,14.40999984741211,14.609999656677246,507900,0.0,0.0
2024-01-24 00:00:00-05:00,14.670000076293945,14.770000457763672,14.350000381469727,14.369999885559082,607900,0.0,0.0
2024-01-25 00:00:00-05:00,14.520000457763672,15.628999710083008,14.505000114440918,15.369999885559082,1064000,0.0,0.0
2024-01-26 00:00:00-05:00,15.430000305175781,15.979999542236328,15.335000038146973,15.380000114440918,785200,0.0,0.0
2024-01-29 00:00:00-05:00,15.380000114440918,16.149999618530273,14.979999542236328,15.789999961853027,1119700,0.0,0.0
2024-01-30 00:00:00-05:00,15.920000076293945,15.920000076293945,15.274999618530273,15.619999885559082,892000,0.0,0.0
2024-01-31 00:00:00-05:00,15.760000228881836,16.219999313354492,15.729999542236328,16.0,1052500,0.0,0.0
2024-02-01 00:00:00-05:00,16.030000686645508,16.670000076293945,15.75,16.56999969482422,1105800,0.0,0.0
2024-02-02 00:00:00-05:00,16.350000381469727,16.600000381469727,15.729999542236328,15.779999732971191,943500,0.0,0.0
2024-02-05 00:00:00-05:00,15.930000305175781,15.989999771118164,15.239999771118164,15.300000190734863,665500,0.0,0.0
2024-02-06 00:00:00-05:00,15.380000114440918,15.720000267028809,15.180000305175781,15.5600004196167,660800,0.0,0.0
2024-02-07 00:00:00-05:00,15.510000228881836,15.515000343322754,15.109999656677246,15.119999885559082,592400,0.0,0.0
2024-02-08 00:00:00-05:00,15.15999984741211,15.670000076293945,15.140000343322754,15.460000038146973,549800,0.0,0.0
2024-02-09 00:00:00-05:00,15.569999694824219,16.420000076293945,15.425000190734863,16.139999389648438,1331500,0.0,0.0
2024-02-12 00:00:00-05:00,16.209999084472656,16.399999618530273,16.0,16.25,763000,0.0,0.0
2024-02-13 00:00:00-05:00,15.800000190734863,16.1200008392334,14.944999694824219,14.960000038146973,935700,0.0,0.0
2024-02-14 00:00:00-05:00,15.1899995803833,15.239999771118164,15.0,15.069999694824219,823200,0.0,0.0
2024-02-15 00:00:00-05:00,15.210000038146973,15.520000457763672,14.979999542236328,15.380000114440918,816700,0.0,0.0
2024-02-16 00:00:00-05:00,15.420000076293945,16.030000686645508,15.199999809265137,15.880000114440918,1299500,0.0,0.0
2024-02-20 00:00:00-05:00,15.8100004196167,16.0,14.8100004196167,14.90999984741211,1140200,0.0,0.0
2024-02-21 00:00:00-05:00,14.960000038146973,15.359999656677246,14.890000343322754,15.3100004196167,1407400,0.0,0.0
2024-02-22 00:00:00-05:00,16.549999237060547,19.75,16.489999771118164,18.540000915527344,5681200,0.0,0.0
2024-02-23 00:00:00-05:00,18.729999542236328,19.239999771118164,17.360000610351562,17.649999618530273,2224300,0.0,0.0
2024-02-26 00:00:00-05:00,17.729999542236328,18.610000610351562,17.530000686645508,17.559999465942383,1492800,0.0,0.0
2024-02-27 00:00:00-05:00,17.899999618530273,19.020000457763672,17.860000610351562,19.0,1795800,0.0,0.0
2024-02-28 00:00:00-05:00,18.770000457763672,19.59000015258789,18.770000457763672,19.56999969482422,1539300,0.0,0.0
2024-02-29 00:00:00-05:00,19.799999237060547,19.948999404907227,18.6299991607666,18.850000381469727,1861400,0.0,0.0
2024-03-01 00:00:00-05:00,19.040000915527344,19.200000762939453,18.579999923706055,18.709999084472656,1125700,0.0,0.0
2024-03-04 00:00:00-05:00,19.200000762939453,19.219999313354492,17.940000534057617,19.139999389648438,1840200,0.0,0.0
2024-03-05 00:00:00-05:00,19.110000610351562,19.420000076293945,18.399999618530273,18.850000381469727,1220600,0.0,0.0
2024-03-06 00:00:00-05:00,18.8700008392334,19.31999969482422,18.655000686645508,19.049999237060547,1635900,0.0,0.0
2024-03-07 00:00:00-05:00,18.920000076293945,19.18000030517578,18.65999984741211,18.969999313354492,1509700,0.0,0.0
2024-03-08 00:00:00-05:00,2.990000009536743,4.389999866485596,2.700000047683716,3.359999895095825,61312800,0.0,0.0
2024-03-11 00:00:00-04:00,3.3299999237060547,3.8299999237060547,3.25,3.799999952316284,17505600,0.0,0.0
2024-03-12 00:00:00-04:00,3.6700000762939453,3.8499999046325684,3.3499999046325684,3.440000057220459,8344500,0.0,0.0
2024-03-13 00:00:00-04:00,3.440000057220459,3.5,3.3299999237060547,3.440000057220459,4897200,0.0,0.0
2024-03-14 00:00:00-04:00,3.390000104904175,3.3910000324249268,3.130000114440918,3.1700000762939453,4003700,0.0,0.0
2024-03-15 00:00:00-04:00,3.119999885559082,3.2699999809265137,3.059999942779541,3.240000009536743,3940900,0.0,0.0
2024-03-18 00:00:00-04:00,3.130000114440918,3.1500000953674316,2.759999990463257,2.859999895095825,5940600,0.0,0.0
2024-03-19 00:00:00-04:00,2.809999942779541,3.0,2.799999952316284,2.930000066757202,2381400,0.0,0.0
2024-03-20 00:00:00-04:00,2.9100000858306885,3.0299999713897705,2.819999933242798,2.9700000286102295,1862200,0.0,0.0
2024-03-21 00:00:00-04:00,3.0299999713897705,3.0299999713897705,2.8499999046325684,2.869999885559082,1918700,0.0,0.0
2024-03-22 00:00:00-04:00,2.890000104904175,2.9200000762939453,2.7200000286102295,2.740000009536743,1915600,0.0,0.0
2024-03-25 00:00:00-04:00,2.740000009536743,2.819999933242798,2.6700000762939453,2.7100000381469727,2196700,0.0,0.0
2024-03-26 00:00:00-04:00,2.759999990463257,2.7860000133514404,2.680000066757202,2.740000009536743,1691500,0.0,0.0
2024-03-27 00:00:00-04:00,2.759999990463257,2.950000047683716,2.7200000286102295,2.880000114440918,3250600,0.0,0.0
2024-03-28 00:00:00-04:00,2.859999895095825,2.9800000190734863,2.8299999237060547,2.8399999141693115,1878200,0.0,0.0
2024-04-01 00:00:00-04:00,2.8399999141693115,2.890000104904175,2.7049999237060547,2.7100000381469727,2625300,0.0,0.0
2024-04-02 00:00:00-04:00,2.700000047683716,2.7049999237060547,2.5199999809265137,2.619999885559082,2899000,0.0,0.0
2024-04-03 00:00:00-04:00,2.5799999237060547,2.7300000190734863,2.549999952316284,2.630000114440918,1699900,0.0,0.0
2024-04-04 00:00:00-04:00,2.690000057220459,2.859999895095825,2.5399999618530273,2.609999895095825,2829100,0.0,0.0
2024-04-05 00:00:00-04:00,2.609999895095825,2.6700000762939453,2.5299999713897705,2.619999885559082,1577600,0.0,0.0
2024-04-08 00:00:00-04:00,2.6500000953674316,2.869999885559082,2.609999895095825,2.690000057220459,2224500,0.0,0.0
2024-04-09 00:00:00-04:00,2.6700000762939453,2.819999933242798,2.619999885559082,2.6700000762939453,1957400,0.0,0.0
2024-04-10 00:00:00-04:00,2.5999999046325684,2.6500000953674316,2.450000047683716,2.4600000381469727,3170200,0.0,0.0
2024-04-11 00:00:00-04:00,2.450000047683716,2.559999942779541,2.25,2.2899999618530273,3735000,0.0,0.0
2024-04-12 00:00:00-04:00,2.2799999713897705,2.2899999618530273,2.069999933242798,2.0999999046325684,2823800,0.0,0.0
2024-04-15 00:00:00-04:00,2.0999999046325684,2.140000104904175,1.9900000095367432,2.069999933242798,3707200,0.0,0.0
2024-04-16 00:00:00-04:00,2.069999933242798,2.069999933242798,1.9800000190734863,2.009999990463257,2157900,0.0,0.0
2024-04-17 00:00:00-04:00,2.0399999618530273,2.0799999237060547,1.9900000095367432,2.0,1734100,0.0,0.0
2024-04-18 00:00:00-04:00,2.009999990463257,2.0299999713897705,1.9550000429153442,1.9800000190734863,1034000,0.0,0.0
2024-04-19 00:00:00-04:00,1.9800000190734863,2.0199999809265137,1.850000023841858,1.8700000047683716,2494300,0.0,0.0
2024-04-22 00:00:00-04:00,1.899999976158142,2.0250000953674316,1.899999976158142,1.9800000190734863,1555600,0.0,0.0
2024-04-23 00:00:00-04:00,1.9700000286102295,2.0199999809265137,1.940000057220459,1.9500000476837158,1471400,0.0,0.0
2024-04-24 00:00:00-04:00,1.9700000286102295,1.9900000095367432,1.8700000047683716,1.8799999952316284,1741600,0.0,0.0
2024-04-25 00:00:00-04:00,1.8700000047683716,1.909999966621399,1.7599999904632568,1.7799999713897705,2479200,0.0,0.0
2024-04-26 00:00:00-04:00,1.7899999618530273,1.840000033378601,1.7000000476837158,1.7599999904632568,5218000,0.0,0.0
2024-04-29 00:00:00-04:00,1.7899999618530273,1.9800000190734863,1.7599999904632568,1.899999976158142,2101200,0.0,0.0
2024-04-30 00:00:00-04:00,1.9199999570846558,1.9700000286102295,1.809999942779541,1.809999942779541,1882700,0.0,0.0
2024-05-01 00:00:00-04:00,1.8200000524520874,1.975000023841858,1.7999999523162842,1.9299999475479126,1803300,0.0,0.0
2024-05-02 00:00:00-04:00,1.9600000381469727,2.049999952316284,1.9299999475479126,2.0,1911400,0.0,0.0
2024-05-03 00:00:00-04:00,2.049999952316284,2.130000114440918,2.0,2.0299999713897705,1478000,0.0,0.0
2024-05-06 00:00:00-04:00,2.0399999618530273,2.049999952316284,1.940000057220459,1.9900000095367432,1527300,0.0,0.0
2024-05-07 00:00:00-04:00,1.9900000095367432,2.015000104904175,1.940000057220459,1.9700000286102295,900900,0.0,0.0
2024-05-08 00:00:00-04:00,1.9600000381469727,1.9900000095367432,1.8899999856948853,1.9299999475479126,1514600,0.0,0.0
2024-05-09 00:00:00-04:00,1.840000033378601,1.899999976158142,1.7300000190734863,1.8899999856948853,3284700,0.0,0.0
2024-05-10 00:00:00-04:00,1.8799999952316284,1.9919999837875366,1.75,1.7549999952316284,1590300,0.0,0.0
2024-05-13 00:00:00-04:00,1.7999999523162842,1.850000023841858,1.75,1.8200000524520874,1351100,0.0,0.0
2024-05-14 00:00:00-04:00,1.8300000429153442,1.940000057220459,1.8300000429153442,1.8700000047683716,1572000,0.0,0.0
2024-05-15 00:00:00-04:00,1.899999976158142,1.940000057220459,1.8200000524520874,1.8200000524520874,1097500,0.0,0.0
2024-05-16 00:00:00-04:00,1.8300000429153442,1.850000023841858,1.7899999618530273,1.8300000429153442,777200,0.0,0.0
2024-05-17 00:00:00-04:00,1.840000033378601,1.8700000047683716,1.809999942779541,1.8300000429153442,1222800,0.0,0.0
2024-05-20 00:00:00-04:00,1.8300000429153442,1.899999976158142,1.8200000524520874,1.840000033378601,1168800,0.0,0.0
2024-05-21 00:00:00-04:00,1.840000033378601,1.8600000143051147,1.7799999713897705,1.7999999523162842,895400,0.0,0.0
2024-05-22 00:00:00-04:00,1.7899999618530273,1.850000023841858,1.7799999713897705,1.8300000429153442,687100,0.0,0.0
2024-05-23 00:00:00-04:00,1.8300000429153442,1.8300000429153442,1.7599999904632568,1.7799999713897705,1006100,0.0,0.0
2024-05-24 00:00:00-04:00,1.7999999523162842,1.809999942779541,1.7300000190734863,1.7300000190734863,1374300,0.0,0.0
2024-05-28 00:00:00-04:00,1.75,1.7990000247955322,1.7100000381469727,1.7100000381469727,1194800,0.0,0.0
2024-05-29 00:00:00-04:00,1.7100000381469727,1.7300000190734863,1.649999976158142,1.6699999570846558,1581400,0.0,0.0
2024-05-30 00:00:00-04:00,1.6799999475479126,1.715000033378601,1.649999976158142,1.6799999475479126,911000,0.0,0.0
2024-05-31 00:00:00-04:00,1.6699999570846558,1.7300000190734863,1.6510000228881836,1.7200000286102295,2046900,0.0,0.0
2024-06-03 00:00:00-04:00,1.7300000190734863,1.7799999713897705,1.659999966621399,1.7000000476837158,1532200,0.0,0.0
2024-06-04 00:00:00-04:00,1.690000057220459,1.75,1.659999966621399,1.7100000381469727,1186800,0.0,0.0
2024-06-05 00:00:00-04:00,1.7100000381469727,1.7699999809265137,1.6649999618530273,1.7599999904632568,983900,0.0,0.0
2024-06-06 00:00:00-04:00,1.7599999904632568,1.7699999809265137,1.690000057220459,1.7599999904632568,1261000,0.0,0.0
2024-06-07 00:00:00-04:00,1.7300000190734863,1.7999999523162842,1.7100000381469727,1.7699999809265137,823400,0.0,0.0
2024-06-10 00:00:00-04:00,1.75,1.7599999904632568,1.6799999475479126,1.7599999904632568,1345500,0.0,0.0
2024-06-11 00:00:00-04:00,1.7300000190734863,1.774999976158142,1.7000000476837158,1.7400000095367432,1090700,0.0,0.0
2024-06-12 00:00:00-04:00,1.75,1.7799999713897705,1.690000057220459,1.7100000381469727,901000,0.0,0.0
2024-06-13 00:00:00-04:00,1.7200000286102295,1.7200000286102295,1.6699999570846558,1.6799999475479126,690100,0.0,0.0
2024-06-14 00:00:00-04:00,1.7000000476837158,1.7000000476837158,1.6200000047683716,1.6399999856948853,952000,0.0,0.0
2024-06-17 00:00:00-04:00,1.6200000047683716,1.659999966621399,1.5750000476837158,1.649999976158142,1363300,0.0,0.0
2024-06-18 00:00:00-04:00,1.6200000047683716,1.6699999570846558,1.6200000047683716,1.6200000047683716,1062400,0.0,0.0
2024-06-20 00:00:00-04:00,1.6200000047683716,1.6799999475479126,1.6200000047683716,1.649999976158142,1216900,0.0,0.0
2024-06-21 00:00:00-04:00,1.6399999856948853,1.7799999713897705,1.6399999856948853,1.7799999713897705,4040400,0.0,0.0
2024-06-24 00:00:00-04:00,1.7999999523162842,1.909999966621399,1.7899999618530273,1.8300000429153442,2832500,0.0,0.0
2024-06-25 00:00:00-04:00,1.850000023841858,1.8899999856948853,1.8049999475479126,1.850000023841858,2149400,0.0,0.0
2024-06-26 00:00:00-04:00,1.850000023841858,1.899999976158142,1.809999942779541,1.8300000429153442,1828900,0.0,0.0
2024-06-27 00:00:00-04:00,1.8300000429153442,2.0199999809265137,1.815000057220459,1.9299999475479126,2960700,0.0,0.0
2024-06-28 00:00:00-04:00,1.9299999475479126,2.0950000286102295,1.8799999952316284,1.899999976158142,9983900,0.0,0.0
2024-07-01 00:00:00-04:00,1.8600000143051147,1.9500000476837158,1.840000033378601,1.8799999952316284,1787000,0.0,0.0
2024-07-02 00:00:00-04:00,1.8899999856948853,1.8899999856948853,1.7400000095367432,1.7400000095367432,1755200,0.0,0.0
2024-07-03 00:00:00-04:00,1.75,1.7899999618530273,1.690000057220459,1.7699999809265137,940300,0.0,0.0
2024-07-05 00:00:00-04:00,1.7599999904632568,1.7699999809265137,1.7100000381469727,1.7200000286102295,936900,0.0,0.0
2024-07-08 00:00:00-04:00,1.7400000095367432,1.7400000095367432,1.6399999856948853,1.649999976158142,2049000,0.0,0.0
2024-07-09 00:00:00-04:00,1.649999976158142,1.6799999475479126,1.6200000047683716,1.649999976158142,1331700,0.0,0.0
2024-07-10 00:00:00-04:00,1.690000057220459,2.109999895095825,1.684999942779541,2.069999933242798,9636800,0.0,0.0
2024-07-11 00:00:00-04:00,2.1500000953674316,2.2899999618530273,2.0299999713897705,2.2799999713897705,5443300,0.0,0.0
2024-07-12 00:00:00-04:00,2.319999933242798,2.4200000762939453,2.125,2.1600000858306885,3172300,0.0,0.0
2024-07-15 00:00:00-04:00,2.1700000762939453,2.299999952316284,2.1600000858306885,2.1600000858306885,2358300,0.0,0.0
2024-07-16 00:00:00-04:00,2.200000047683716,2.4000000953674316,2.190000057220459,2.359999895095825,2118300,0.0,0.0
2024-07-17 00:00:00-04:00,2.3399999141693115,2.369999885559082,2.0899999141693115,2.119999885559082,1847000,0.0,0.0
2024-07-18 00:00:00-04:00,2.130000114440918,2.180000066757202,2.0,2.0,1340700,0.0,0.0
2024-07-19 00:00:00-04:00,2.0,2.0399999618530273,1.9299999475479126,2.0199999809265137,968000,0.0,0.0
2024-07-22 00:00:00-04:00,2.0199999809265137,2.0399999618530273,1.940000057220459,1.9800000190734863,907500,0.0,0.0
2024-07-23 00:00:00-04:00,1.9700000286102295,2.0,1.909999966621399,1.9600000381469727,618100,0.0,0.0
2024-07-24 00:00:00-04:00,1.9299999475479126,2.0,1.899999976158142,1.9199999570846558,623600,0.0,0.0
2024-07-25 00:00:00-04:00,1.8899999856948853,1.975000023841858,1.8700000047683716,1.9199999570846558,413300,0.0,0.0
2024-07-26 00:00:00-04:00,1.909999966621399,1.9800000190734863,1.909999966621399,1.9700000286102295,809200,0.0,0.0
2024-07-29 00:00:00-04:00,2.0,2.0,1.8899999856948853,1.940000057220459,714200,0.0,0.0
2024-07-30 00:00:00-04:00,1.9500000476837158,1.9600000381469727,1.871000051498413,1.909999966621399,1106600,0.0,0.0
2024-07-31 00:00:00-04:00,1.940000057220459,2.0899999141693115,1.909999966621399,2.059999942779541,1614800,0.0,0.0
2024-08-01 00:00:00-04:00,2.0399999618530273,2.109999895095825,2.0,2.069999933242798,1272500,0.0,0.0
2024-08-02 00:00:00-04:00,2.0199999809265137,2.059999942779541,1.9600000381469727,2.0199999809265137,1550600,0.0,0.0
2024-08-05 00:00:00-04:00,1.9199999570846558,1.9800000190734863,1.8650000095367432,1.9700000286102295,1257600,0.0,0.0
2024-08-06 00:00:00-04:00,1.9700000286102295,2.015000104904175,1.909999966621399,1.9700000286102295,866500,0.0,0.0
2024-08-07 00:00:00-04:00,1.9900000095367432,1.9900000095367432,1.8700000047683716,1.8799999952316284,1424500,0.0,0.0
2024-08-08 00:00:00-04:00,1.909999966621399,1.909999966621399,1.7599999904632568,1.7999999523162842,1041100,0.0,0.0
2024-08-09 00:00:00-04:00,1.8200000524520874,1.9299999475479126,1.774999976158142,1.899999976158142,863700,0.0,0.0
2024-08-12 00:00:00-04:00,1.899999976158142,1.9900000095367432,1.8600000143051147,1.9800000190734863,780900,0.0,0.0
2024-08-13 00:00:00-04:00,1.9700000286102295,2.0199999809265137,1.9149999618530273,1.9900000095367432,1161300,0.0,0.0
2024-08-14 00:00:00-04:00,2.0,2.140000104904175,2.0,2.130000114440918,2082600,0.0,0.0
2024-08-15 00:00:00-04:00,2.130000114440918,2.187999963760376,2.109999895095825,2.1600000858306885,1596100,0.0,0.0
2024-08-16 00:00:00-04:00,2.1500000953674316,2.25,2.075000047683716,2.134999990463257,1535800,0.0,0.0
2024-08-19 00:00:00-04:00,2.119999885559082,2.240000009536743,2.119999885559082,2.200000047683716,1188100,0.0,0.0
2024-08-20 00:00:00-04:00,2.2200000286102295,2.265000104904175,2.140000104904175,2.259999990463257,1024600,0.0,0.0
2024-08-21 00:00:00-04:00,2.2699999809265137,2.319999933242798,2.2200000286102295,2.259999990463257,674200,0.0,0.0
2024-08-22 00:00:00-04:00,2.2799999713897705,2.2799999713897705,2.1700000762939453,2.2200000286102295,508600,0.0,0.0
2024-08-23 00:00:00-04:00,2.2300000190734863,2.2799999713897705,2.2100000381469727,2.2300000190734863,340400,0.0,0.0
2024-08-26 00:00:00-04:00,2.25,2.2950000762939453,2.190999984741211,2.2100000381469727,364100,0.0,0.0
2024-08-27 00:00:00-04:00,2.2100000381469727,2.2100000381469727,2.109999895095825,2.130000114440918,511000,0.0,0.0
2024-08-28 00:00:00-04:00,2.109999895095825,2.1600000858306885,2.0450000762939453,2.0899999141693115,578500,0.0,0.0
2024-08-29 00:00:00-04:00,2.0999999046325684,2.1600000858306885,2.0850000381469727,2.119999885559082,380700,0.0,0.0
2024-08-30 00:00:00-04:00,2.109999895095825,2.2300000190734863,2.0899999141693115,2.2200000286102295,414200,0.0,0.0
2024-09-03 00:00:00-04:00,2.2300000190734863,2.234999895095825,2.130000114440918,2.1600000858306885,582300,0.0,0.0
2024-09-04 00:00:00-04:00,2.1500000953674316,2.1700000762939453,2.0799999237060547,2.0899999141693115,464100,0.0,0.0
2024-09-05 00:00:00-04:00,2.109999895095825,2.2200000286102295,2.0899999141693115,2.200000047683716,511500,0.0,0.0
2024-09-06 00:00:00-04:00,2.299999952316284,2.4800000190734863,2.299999952316284,2.369999885559082,1553700,0.0,0.0
2024-09-09 00:00:00-04:00,2.3399999141693115,2.5399999618530273,2.2799999713897705,2.5199999809265137,1315500,0.0,0.0
2024-09-10 00:00:00-04:00,2.569999933242798,2.700000047683716,2.5350000858306885,2.6600000858306885,1644400,0.0,0.0
2024-09-11 00:00:00-04:00,2.630000114440918,2.6600000858306885,2.369999885559082,2.569999933242798,1697100,0.0,0.0
2024-09-12 00:00:00-04:00,2.559999942779541,2.634999990463257,2.4700000286102295,2.490000009536743,892700,0.0,0.0
2024-09-13 00:00:00-04:00,2.4800000190734863,2.690000057220459,2.4800000190734863,2.619999885559082,843100,0.0,0.0
2024-09-16 00:00:00-04:00,2.640000104904175,2.680000066757202,2.5899999141693115,2.6500000953674316,767600,0.0,0.0
2024-09-17 00:00:00-04:00,2.819999933242798,2.9700000286102295,2.7880001068115234,2.9200000762939453,1671800,0.0,0.0
2024-09-18 00:00:00-04:00,2.9000000953674316,2.9649999141693115,2.821000099182129,2.880000114440918,1478600,0.0,0.0
2024-09-19 00:00:00-04:00,2.9700000286102295,2.9700000286102295,2.880000114440918,2.880000114440918,1280900,0.0,0.0
2024-09-20 00:00:00-04:00,2.9000000953674316,3.2799999713897705,2.859999895095825,3.0999999046325684,4074100,0.0,0.0
2024-09-23 00:00:00-04:00,3.2300000190734863,3.3350000381469727,2.875,2.9100000858306885,2405000,0.0,0.0
2024-09-24 00:00:00-04:00,2.950000047683716,3.0399999618530273,2.869999885559082,3.009999990463257,1283300,0.0,0.0
2024-09-25 00:00:00-04:00,3.0,3.1600000858306885,2.950000047683716,3.119999885559082,1761200,0.0,0.0
2024-09-26 00:00:00-04:00,3.130000114440918,3.2300000190734863,3.0940001010894775,3.200000047683716,872900,0.0,0.0
2024-09-27 00:00:00-04:00,3.25,3.2799999713897705,3.0510001182556152,3.0799999237060547,766000,0.0,0.0
2024-09-30 00:00:00-04:00,3.049999952316284,3.2699999809265137,3.049999952316284,3.240000009536743,1487100,0.0,0.0
2024-10-01 00:00:00-04:00,3.25,3.2899999618530273,3.0510001182556152,3.059999942779541,1134500,0.0,0.0
2024-10-02 00:00:00-04:00,3.049999952316284,3.065000057220459,2.930000066757202,3.0299999713897705,739000,0.0,0.0
2024-10-03 00:00:00-04:00,3.009999990463257,3.069999933242798,2.9100000858306885,2.940000057220459,788600,0.0,0.0
2024-10-04 00:00:00-04:00,2.940000057220459,3.1600000858306885,2.940000057220459,3.119999885559082,741900,0.0,0.0
2024-10-07 00:00:00-04:00,3.109999895095825,3.180000066757202,3.0399999618530273,3.0799999237060547,830000,0.0,0.0
2024-10-08 00:00:00-04:00,3.0799999237060547,3.3299999237060547,3.065000057220459,3.259999990463257,1248200,0.0,0.0
2024-10-09 00:00:00-04:00,3.2699999809265137,3.4800000190734863,3.200000047683716,3.390000104904175,1525100,0.0,0.0
2024-10-10 00:00:00-04:00,3.359999895095825,3.4700000286102295,3.2799999713897705,3.4600000381469727,883400,0.0,0.0
2024-10-11 00:00:00-04:00,3.4700000286102295,3.630000114440918,3.440000057220459,3.549999952316284,1068600,0.0,0.0
2024-10-14 00:00:00-04:00,3.549999952316284,3.640000104904175,3.4200000762939453,3.5799999237060547,709500,0.0,0.0
2024-10-15 00:00:00-04:00,3.5999999046325684,3.950000047683716,3.5999999046325684,3.940000057220459,1555400,0.0,0.0
2024-10-16 00:00:00-04:00,3.9800000190734863,4.139999866485596,3.859999895095825,4.079999923706055,1346400,0.0,0.0
2024-10-17 00:00:00-04:00,4.130000114440918,4.460000038146973,3.359999895095825,3.9200000762939453,3317100,0.0,0.0
2024-10-18 00:00:00-04:00,4.070000171661377,5.439000129699707,3.859999895095825,4.78000020980835,4823400,0.0,0.0
2024-10-21 00:00:00-04:00,4.769999980926514,5.039999961853027,4.400000095367432,4.659999847412109,2563700,0.0,0.0
2024-10-22 00:00:00-04:00,4.659999847412109,4.824999809265137,4.449999809265137,4.53000020980835,1170000,0.0,0.0
2024-10-23 00:00:00-04:00,5.050000190734863,5.300000190734863,4.714000225067139,4.960000038146973,2955300,0.0,0.0
2024-10-24 00:00:00-04:00,5.0,5.139999866485596,4.795000076293945,4.900000095367432,1107500,0.0,0.0
2024-10-25 00:00:00-04:00,4.900000095367432,5.494999885559082,4.860000133514404,5.309999942779541,2135000,0.0,0.0
2024-10-28 00:00:00-04:00,5.329999923706055,5.659999847412109,5.139999866485596,5.329999923706055,1899800,0.0,0.0
2024-10-29 00:00:00-04:00,5.420000076293945,5.447999954223633,4.880000114440918,5.070000171661377,1559000,0.0,0.0
2024-10-30 00:00:00-04:00,5.059999942779541,5.474999904632568,5.059999942779541,5.269999980926514,1267900,0.0,0.0
2024-10-31 00:00:00-04:00,5.210000038146973,5.534999847412109,5.199999809265137,5.400000095367432,1113700,0.0,0.0
2024-11-01 00:00:00-04:00,5.420000076293945,5.800000190734863,5.4120001792907715,5.639999866485596,1310200,0.0,0.0
2024-11-04 00:00:00-05:00,5.579999923706055,5.795000076293945,5.5,5.699999809265137,841000,0.0,0.0
2024-11-05 00:00:00-05:00,5.670000076293945,5.829999923706055,5.53000020980835,5.809999942779541,790500,0.0,0.0
2024-11-06 00:00:00-05:00,5.829999923706055,6.289999961853027,5.71999979019165,6.21999979019165,1511500,0.0,0.0
2024-11-07 00:00:00-05:00,6.0,7.0879998207092285,5.951000213623047,6.539999961853027,1735500,0.0,0.0
2024-11-08 00:00:00-05:00,6.800000190734863,7.269999980926514,6.375,6.699999809265137,1955400,0.0,0.0
2024-11-11 00:00:00-05:00,6.889999866485596,7.079999923706055,6.48199987411499,7.03000020980835,2000600,0.0,0.0
2024-11-12 00:00:00-05:00,6.829999923706055,6.945000171661377,6.110000133514404,6.239999771118164,2003400,0.0,0.0
2024-11-13 00:00:00-05:00,6.25,6.449999809265137,5.639999866485596,5.679999828338623,1645500,0.0,0.0
2024-11-14 00:00:00-05:00,5.320000171661377,5.510000228881836,4.889999866485596,5.019999980926514,2752700,0.0,0.0
2024-11-15 00:00:00-05:00,4.980000019073486,5.070000171661377,4.570000171661377,4.760000228881836,1579900,0.0,0.0
2024-11-18 00:00:00-05:00,5.230000019073486,5.880000114440918,5.139999866485596,5.300000190734863,2868300,0.0,0.0
2024-11-19 00:00:00-05:00,5.199999809265137,5.599999904632568,5.085000038146973,5.21999979019165,2073100,0.0,0.0
2024-11-20 00:00:00-05:00,5.21999979019165,5.389999866485596,5.090000152587891,5.230000019073486,934400,0.0,0.0
2024-11-21 00:00:00-05:00,5.230000019073486,5.415999889373779,4.980000019073486,5.190000057220459,1889100,0.0,0.0
2024-11-22 00:00:00-05:00,5.329999923706055,5.400000095367432,5.1519999504089355,5.269999980926514,837800,0.0,0.0
2024-11-25 00:00:00-05:00,5.420000076293945,5.809999942779541,5.360000133514404,5.659999847412109,1001900,0.0,0.0
2024-11-26 00:00:00-05:00,5.800000190734863,5.800000190734863,5.349999904632568,5.449999809265137,714100,0.0,0.0
2024-11-27 00:00:00-05:00,5.46999979019165,5.849999904632568,5.320000171661377,5.739999771118164,617800,0.0,0.0
2024-11-29 00:00:00-05:00,5.699999809265137,5.789999961853027,5.505000114440918,5.539999961853027,414800,0.0,0.0
2024-12-02 00:00:00-05:00,5.510000228881836,5.616000175476074,5.449999809265137,5.550000190734863,432000,0.0,0.0
2024-12-03 00:00:00-05:00,5.519999980926514,5.519999980926514,5.215000152587891,5.349999904632568,685600,0.0,0.0
2024-12-04 00:00:00-05:00,5.349999904632568,5.489999771118164,5.239999771118164,5.260000228881836,650374,0.0,0.0
