Date,Open,High,Low,Close,Volume,Dividends,Stock Splits
2022-01-03 00:00:00-05:00,28.93000030517578,29.764999389648438,28.600000381469727,28.959999084472656,105800,0.0,0.0
2022-01-04 00:00:00-05:00,29.010000228881836,29.959999084472656,28.649999618530273,29.610000610351562,157200,0.0,0.0
2022-01-05 00:00:00-05:00,29.600000381469727,29.746000289916992,28.079999923706055,28.25,139300,0.0,0.0
2022-01-06 00:00:00-05:00,28.549999237060547,28.972000122070312,28.200000762939453,28.459999084472656,74300,0.0,0.0
2022-01-07 00:00:00-05:00,28.530000686645508,29.437999725341797,28.459999084472656,29.049999237060547,74100,0.0,0.0
2022-01-10 00:00:00-05:00,29.110000610351562,29.309999465942383,28.400999069213867,29.280000686645508,101700,0.0,0.0
2022-01-11 00:00:00-05:00,29.469999313354492,30.354999542236328,29.299999237060547,30.139999389648438,119500,0.0,0.0
2022-01-12 00:00:00-05:00,30.43000030517578,30.700000762939453,29.440000534057617,29.469999313354492,139600,0.0,0.0
2022-01-13 00:00:00-05:00,29.770000457763672,30.290000915527344,29.28499984741211,29.440000534057617,98300,0.0,0.0
2022-01-14 00:00:00-05:00,29.81999969482422,29.81999969482422,27.770999908447266,28.450000762939453,98200,0.0,0.0
2022-01-18 00:00:00-05:00,28.420000076293945,28.8799991607666,27.90999984741211,28.049999237060547,135400,0.0,0.0
2022-01-19 00:00:00-05:00,28.139999389648438,28.527999877929688,26.280000686645508,26.68000030517578,259900,0.0,0.0
2022-01-20 00:00:00-05:00,26.790000915527344,27.739999771118164,25.780000686645508,25.84000015258789,163200,0.0,0.0
2022-01-21 00:00:00-05:00,25.84000015258789,26.474000930786133,24.809999465942383,25.5,230400,0.0,0.0
2022-01-24 00:00:00-05:00,24.959999084472656,25.940000534057617,24.285999298095703,25.770000457763672,207800,0.0,0.0
2022-01-25 00:00:00-05:00,25.420000076293945,25.889999389648438,24.719999313354492,25.56999969482422,145500,0.0,0.0
2022-01-26 00:00:00-05:00,26.1299991607666,26.424999237060547,24.549999237060547,24.780000686645508,146700,0.0,0.0
2022-01-27 00:00:00-05:00,24.989999771118164,25.312000274658203,24.09000015258789,24.18000030517578,128000,0.0,0.0
2022-01-28 00:00:00-05:00,24.18000030517578,25.200000762939453,23.850000381469727,25.149999618530273,116300,0.0,0.0
2022-01-31 00:00:00-05:00,25.200000762939453,26.440000534057617,25.1200008392334,26.389999389648438,99900,0.0,0.0
2022-02-01 00:00:00-05:00,26.469999313354492,26.799999237060547,26.010000228881836,26.290000915527344,101800,0.0,0.0
2022-02-02 00:00:00-05:00,26.479999542236328,26.479999542236328,25.209999084472656,25.329999923706055,94700,0.0,0.0
2022-02-03 00:00:00-05:00,25.260000228881836,25.59000015258789,24.799999237060547,24.989999771118164,95800,0.0,0.0
2022-02-04 00:00:00-05:00,24.950000762939453,25.799999237060547,24.709999084472656,25.450000762939453,75700,0.0,0.0
2022-02-07 00:00:00-05:00,25.31999969482422,25.94300079345703,25.111000061035156,25.59000015258789,99300,0.0,0.0
2022-02-08 00:00:00-05:00,25.56999969482422,26.0,25.382999420166016,25.799999237060547,95300,0.0,0.0
2022-02-09 00:00:00-05:00,26.209999084472656,26.524999618530273,25.954999923706055,26.489999771118164,105200,0.0,0.0
2022-02-10 00:00:00-05:00,26.149999618530273,27.0,25.895000457763672,26.059999465942383,101600,0.0,0.0
2022-02-11 00:00:00-05:00,26.1299991607666,26.459999084472656,25.639999389648438,25.90999984741211,65100,0.0,0.0
2022-02-14 00:00:00-05:00,25.3799991607666,25.790000915527344,25.049999237060547,25.219999313354492,83400,0.0,0.0
2022-02-15 00:00:00-05:00,25.899999618530273,26.920000076293945,25.600000381469727,26.860000610351562,69000,0.0,0.0
2022-02-16 00:00:00-05:00,26.75,27.100000381469727,26.459999084472656,26.989999771118164,53300,0.0,0.0
2022-02-17 00:00:00-05:00,26.600000381469727,26.905000686645508,25.900999069213867,26.079999923706055,64600,0.0,0.0
2022-02-18 00:00:00-05:00,25.84000015258789,26.283000946044922,25.3799991607666,25.760000228881836,87000,0.0,0.0
2022-02-22 00:00:00-05:00,25.700000762939453,26.309999465942383,25.3799991607666,25.40999984741211,68800,0.0,0.0
2022-02-23 00:00:00-05:00,25.889999389648438,26.5,25.270000457763672,25.309999465942383,104800,0.0,0.0
2022-02-24 00:00:00-05:00,25.0,27.236000061035156,24.799999237060547,26.8799991607666,205100,0.0,0.0
2022-02-25 00:00:00-05:00,27.0,27.549999237060547,26.100000381469727,27.34000015258789,97900,0.0,0.0
2022-02-28 00:00:00-05:00,27.0,28.56599998474121,27.0,27.989999771118164,111900,0.0,0.0
2022-03-01 00:00:00-05:00,27.969999313354492,29.209999084472656,27.7189998626709,28.420000076293945,102400,0.0,0.0
2022-03-02 00:00:00-05:00,28.670000076293945,29.385000228881836,28.243000030517578,28.93000030517578,76400,0.0,0.0
2022-03-03 00:00:00-05:00,29.100000381469727,29.329999923706055,28.020000457763672,28.3799991607666,78200,0.0,0.0
2022-03-04 00:00:00-05:00,27.979999542236328,28.309999465942383,27.452999114990234,27.940000534057617,78400,0.0,0.0
2022-03-07 00:00:00-05:00,27.950000762939453,28.229999542236328,27.0,27.149999618530273,96800,0.0,0.0
2022-03-08 00:00:00-05:00,27.020000457763672,27.531999588012695,26.520000457763672,26.850000381469727,104000,0.0,0.0
2022-03-09 00:00:00-05:00,27.31999969482422,28.489999771118164,27.31999969482422,28.149999618530273,53200,0.0,0.0
2022-03-10 00:00:00-05:00,27.610000610351562,28.18000030517578,27.344999313354492,28.040000915527344,42200,0.0,0.0
2022-03-11 00:00:00-05:00,28.290000915527344,28.350000381469727,26.625,26.729999542236328,59900,0.0,0.0
2022-03-14 00:00:00-04:00,26.959999084472656,27.030000686645508,25.709999084472656,26.25,83500,0.0,0.0
2022-03-15 00:00:00-04:00,26.5,27.719999313354492,26.5,27.239999771118164,58600,0.0,0.0
2022-03-16 00:00:00-04:00,27.719999313354492,28.5,27.110000610351562,27.920000076293945,123300,0.0,0.0
2022-03-17 00:00:00-04:00,27.690000534057617,28.84000015258789,27.690000534057617,28.709999084472656,63200,0.0,0.0
2022-03-18 00:00:00-04:00,28.899999618530273,29.924999237060547,28.6299991607666,29.829999923706055,131300,0.0,0.0
2022-03-21 00:00:00-04:00,29.899999618530273,30.100000381469727,28.584999084472656,28.889999389648438,58900,0.0,0.0
2022-03-22 00:00:00-04:00,29.0,30.940000534057617,29.0,30.610000610351562,85000,0.0,0.0
2022-03-23 00:00:00-04:00,30.190000534057617,30.65999984741211,29.139999389648438,29.239999771118164,57300,0.0,0.0
2022-03-24 00:00:00-04:00,29.40999984741211,29.75,28.780000686645508,29.479999542236328,56300,0.0,0.0
2022-03-25 00:00:00-04:00,29.5,29.5,28.520000457763672,28.649999618530273,54500,0.0,0.0
2022-03-28 00:00:00-04:00,28.549999237060547,28.583999633789062,27.200000762939453,28.0,92500,0.0,0.0
2022-03-29 00:00:00-04:00,28.520000457763672,28.8700008392334,27.5,28.520000457763672,122700,0.0,0.0
2022-03-30 00:00:00-04:00,28.15999984741211,28.39699935913086,26.405000686645508,26.459999084472656,107400,0.0,0.0
2022-03-31 00:00:00-04:00,26.389999389648438,26.649999618530273,25.25,25.3700008392334,182600,0.0,0.0
2022-04-01 00:00:00-04:00,25.399999618530273,25.8799991607666,25.049999237060547,25.40999984741211,169400,0.0,0.0
2022-04-04 00:00:00-04:00,25.700000762939453,25.700000762939453,24.809999465942383,25.239999771118164,156800,0.0,0.0
2022-04-05 00:00:00-04:00,25.059999465942383,25.479999542236328,24.440000534057617,24.5,133100,0.0,0.0
2022-04-06 00:00:00-04:00,24.079999923706055,24.829999923706055,23.170000076293945,23.93000030517578,152800,0.0,0.0
2022-04-07 00:00:00-04:00,23.940000534057617,24.367000579833984,23.65999984741211,23.899999618530273,104700,0.0,0.0
2022-04-08 00:00:00-04:00,23.959999084472656,25.1200008392334,23.91699981689453,24.770000457763672,103500,0.0,0.0
2022-04-11 00:00:00-04:00,24.700000762939453,25.399999618530273,24.450000762939453,25.18000030517578,116100,0.0,0.0
2022-04-12 00:00:00-04:00,25.280000686645508,25.871999740600586,24.559999465942383,24.59000015258789,83900,0.0,0.0
2022-04-13 00:00:00-04:00,24.780000686645508,25.209999084472656,24.639999389648438,25.190000534057617,58300,0.0,0.0
2022-04-14 00:00:00-04:00,25.149999618530273,25.360000610351562,24.299999237060547,24.760000228881836,72100,0.0,0.0
2022-04-18 00:00:00-04:00,25.100000381469727,25.18000030517578,24.295000076293945,24.68000030517578,71300,0.0,0.0
2022-04-19 00:00:00-04:00,24.739999771118164,25.510000228881836,24.555999755859375,25.059999465942383,69800,0.0,0.0
2022-04-20 00:00:00-04:00,25.440000534057617,25.440000534057617,24.600000381469727,24.950000762939453,72500,0.0,0.0
2022-04-21 00:00:00-04:00,25.209999084472656,25.6299991607666,23.899999618530273,23.989999771118164,91800,0.0,0.0
2022-04-22 00:00:00-04:00,23.8799991607666,24.075000762939453,22.540000915527344,22.959999084472656,166900,0.0,0.0
2022-04-25 00:00:00-04:00,22.920000076293945,23.621000289916992,22.56999969482422,23.489999771118164,135500,0.0,0.0
2022-04-26 00:00:00-04:00,23.1299991607666,23.200000762939453,21.700000762939453,21.979999542236328,173800,0.0,0.0
2022-04-27 00:00:00-04:00,22.0,22.459999084472656,21.34000015258789,21.5,124200,0.0,0.0
2022-04-28 00:00:00-04:00,21.84000015258789,22.25,21.06999969482422,21.790000915527344,116800,0.0,0.0
2022-04-29 00:00:00-04:00,21.59000015258789,21.940000534057617,20.69499969482422,20.84000015258789,111900,0.0,0.0
2022-05-02 00:00:00-04:00,20.940000534057617,21.450000762939453,20.670000076293945,21.31999969482422,105700,0.0,0.0
2022-05-03 00:00:00-04:00,21.520000457763672,22.44700050354004,21.36199951171875,22.18000030517578,100600,0.0,0.0
2022-05-04 00:00:00-04:00,22.1200008392334,22.540000915527344,21.440000534057617,22.510000228881836,74900,0.0,0.0
2022-05-05 00:00:00-04:00,22.360000610351562,22.360000610351562,21.209999084472656,21.56999969482422,107700,0.0,0.0
2022-05-06 00:00:00-04:00,21.40999984741211,21.709999084472656,20.809999465942383,21.469999313354492,128800,0.0,0.0
2022-05-09 00:00:00-04:00,21.190000534057617,21.242000579833984,20.1200008392334,20.229999542236328,113800,0.0,0.0
2022-05-10 00:00:00-04:00,20.5,20.959999084472656,20.040000915527344,20.799999237060547,139300,0.0,0.0
2022-05-11 00:00:00-04:00,20.670000076293945,21.079999923706055,20.110000610351562,20.18000030517578,117900,0.0,0.0
2022-05-12 00:00:00-04:00,20.0,20.84000015258789,19.760000228881836,20.309999465942383,104200,0.0,0.0
2022-05-13 00:00:00-04:00,20.780000686645508,21.459999084472656,20.597000122070312,20.81999969482422,88600,0.0,0.0
2022-05-16 00:00:00-04:00,21.110000610351562,21.399999618530273,20.110000610351562,20.280000686645508,110600,0.0,0.0
2022-05-17 00:00:00-04:00,20.65999984741211,21.049999237060547,20.3700008392334,21.010000228881836,79000,0.0,0.0
2022-05-18 00:00:00-04:00,20.56999969482422,21.07699966430664,20.100000381469727,20.239999771118164,65000,0.0,0.0
2022-05-19 00:00:00-04:00,20.139999389648438,20.65999984741211,20.05699920654297,20.25,107600,0.0,0.0
2022-05-20 00:00:00-04:00,20.690000534057617,20.809999465942383,19.90999984741211,20.459999084472656,97800,0.0,0.0
2022-05-23 00:00:00-04:00,20.600000381469727,20.90999984741211,20.18000030517578,20.709999084472656,78000,0.0,0.0
2022-05-24 00:00:00-04:00,20.489999771118164,20.489999771118164,18.8700008392334,19.729999542236328,133100,0.0,0.0
2022-05-25 00:00:00-04:00,19.530000686645508,21.170000076293945,19.350000381469727,21.020000457763672,87800,0.0,0.0
2022-05-26 00:00:00-04:00,21.200000762939453,21.545000076293945,21.049999237060547,21.40999984741211,70000,0.0,0.0
2022-05-27 00:00:00-04:00,21.809999465942383,22.360000610351562,21.62299919128418,22.350000381469727,70200,0.0,0.0
2022-05-31 00:00:00-04:00,21.950000762939453,22.6299991607666,21.68000030517578,21.850000381469727,117900,0.0,0.0
2022-06-01 00:00:00-04:00,21.989999771118164,22.31999969482422,21.649999618530273,22.200000762939453,75300,0.0,0.0
2022-06-02 00:00:00-04:00,22.31999969482422,22.399999618530273,21.799999237060547,21.8700008392334,59400,0.0,0.0
2022-06-03 00:00:00-04:00,21.81999969482422,21.850000381469727,21.110000610351562,21.260000228881836,67500,0.0,0.0
2022-06-06 00:00:00-04:00,21.690000534057617,22.110000610351562,21.350000381469727,21.75,84100,0.0,0.0
2022-06-07 00:00:00-04:00,21.649999618530273,21.90999984741211,21.149999618530273,21.719999313354492,55900,0.0,0.0
2022-06-08 00:00:00-04:00,21.5,21.969999313354492,21.299999237060547,21.5,42100,0.0,0.0
2022-06-09 00:00:00-04:00,21.309999465942383,21.56100082397461,21.149999618530273,21.290000915527344,42600,0.0,0.0
2022-06-10 00:00:00-04:00,21.0,21.0,20.125,20.260000228881836,88400,0.0,0.0
2022-06-13 00:00:00-04:00,19.729999542236328,19.8799991607666,18.850000381469727,19.040000915527344,102400,0.0,0.0
2022-06-14 00:00:00-04:00,19.020000457763672,19.319000244140625,18.68000030517578,19.09000015258789,72700,0.0,0.0
2022-06-15 00:00:00-04:00,19.579999923706055,20.8799991607666,19.559999465942383,20.5,116600,0.0,0.0
2022-06-16 00:00:00-04:00,19.90999984741211,20.239999771118164,19.209999084472656,19.75,88200,0.0,0.0
2022-06-17 00:00:00-04:00,20.079999923706055,20.753999710083008,19.92300033569336,20.520000457763672,118400,0.0,0.0
2022-06-21 00:00:00-04:00,20.940000534057617,21.25,20.290000915527344,20.329999923706055,68000,0.0,0.0
2022-06-22 00:00:00-04:00,20.06999969482422,21.270000457763672,20.040000915527344,20.93000030517578,65500,0.0,0.0
2022-06-23 00:00:00-04:00,21.0,21.84000015258789,20.645000457763672,21.739999771118164,60100,0.0,0.0
2022-06-24 00:00:00-04:00,21.790000915527344,22.690000534057617,21.780000686645508,22.040000915527344,102100,0.0,0.0
2022-06-27 00:00:00-04:00,22.25,22.350000381469727,21.6299991607666,21.68000030517578,68800,0.0,0.0
2022-06-28 00:00:00-04:00,21.68000030517578,21.799999237060547,19.899999618530273,20.020000457763672,153600,0.0,0.0
2022-06-29 00:00:00-04:00,20.020000457763672,20.3799991607666,19.764999389648438,20.3700008392334,68800,0.0,0.0
2022-06-30 00:00:00-04:00,20.100000381469727,20.725000381469727,19.899999618530273,20.649999618530273,68500,0.0,0.0
2022-07-01 00:00:00-04:00,20.600000381469727,21.84000015258789,20.31999969482422,21.799999237060547,135200,0.0,0.0
2022-07-05 00:00:00-04:00,21.469999313354492,22.239999771118164,21.030000686645508,22.110000610351562,69400,0.0,0.0
2022-07-06 00:00:00-04:00,22.5,22.5,21.100000381469727,21.670000076293945,48200,0.0,0.0
2022-07-07 00:00:00-04:00,21.670000076293945,22.399999618530273,21.670000076293945,22.219999313354492,95900,0.0,0.0
2022-07-08 00:00:00-04:00,22.219999313354492,22.450000762939453,21.854999542236328,22.260000228881836,54400,0.0,0.0
2022-07-11 00:00:00-04:00,22.1299991607666,22.1299991607666,21.399999618530273,21.770000457763672,34800,0.0,0.0
2022-07-12 00:00:00-04:00,21.59000015258789,22.969999313354492,21.59000015258789,22.149999618530273,84400,0.0,0.0
2022-07-13 00:00:00-04:00,21.709999084472656,22.232999801635742,21.559999465942383,21.920000076293945,24400,0.0,0.0
2022-07-14 00:00:00-04:00,21.510000228881836,21.65999984741211,21.208999633789062,21.360000610351562,42900,0.0,0.0
2022-07-15 00:00:00-04:00,21.90999984741211,22.18400001525879,21.30500030517578,22.1200008392334,42500,0.0,0.0
2022-07-18 00:00:00-04:00,22.520000457763672,22.600000381469727,22.020000457763672,22.18000030517578,37000,0.0,0.0
2022-07-19 00:00:00-04:00,22.34000015258789,22.670000076293945,22.215999603271484,22.600000381469727,68100,0.0,0.0
2022-07-20 00:00:00-04:00,22.520000457763672,23.145000457763672,22.5,23.09000015258789,69000,0.0,0.0
2022-07-21 00:00:00-04:00,23.100000381469727,23.65999984741211,22.770000457763672,23.649999618530273,40100,0.0,0.0
2022-07-22 00:00:00-04:00,23.809999465942383,23.899999618530273,23.100000381469727,23.399999618530273,41700,0.0,0.0
2022-07-25 00:00:00-04:00,23.3700008392334,23.809999465942383,23.229999542236328,23.729999542236328,37700,0.0,0.0
2022-07-26 00:00:00-04:00,23.530000686645508,23.540000915527344,23.059999465942383,23.1299991607666,38200,0.0,0.0
2022-07-27 00:00:00-04:00,23.389999389648438,24.360000610351562,23.36400032043457,24.280000686645508,51000,0.0,0.0
2022-07-28 00:00:00-04:00,24.3799991607666,24.59000015258789,23.790000915527344,24.260000228881836,45600,0.0,0.0
2022-07-29 00:00:00-04:00,24.260000228881836,24.579999923706055,23.75,24.399999618530273,68800,0.0,0.0
2022-08-01 00:00:00-04:00,24.190000534057617,24.899999618530273,24.100000381469727,24.760000228881836,53400,0.0,0.0
2022-08-02 00:00:00-04:00,24.75,25.5,24.739999771118164,24.93000030517578,58100,0.0,0.0
2022-08-03 00:00:00-04:00,25.3700008392334,25.719999313354492,24.799999237060547,25.559999465942383,60600,0.0,0.0
2022-08-04 00:00:00-04:00,25.739999771118164,26.204999923706055,25.55500030517578,26.06999969482422,59300,0.0,0.0
2022-08-05 00:00:00-04:00,26.06999969482422,26.670000076293945,25.649999618530273,25.93000030517578,83100,0.0,0.0
2022-08-08 00:00:00-04:00,26.350000381469727,26.93000030517578,26.100000381469727,26.860000610351562,70300,0.0,0.0
2022-08-09 00:00:00-04:00,26.860000610351562,26.8700008392334,25.781999588012695,26.270000457763672,61000,0.0,0.0
2022-08-10 00:00:00-04:00,27.5,27.5,26.389999389648438,26.639999389648438,55400,0.0,0.0
2022-08-11 00:00:00-04:00,27.459999084472656,27.459999084472656,26.709999084472656,27.1200008392334,57800,0.0,0.0
2022-08-12 00:00:00-04:00,27.459999084472656,28.6299991607666,26.826000213623047,28.3799991607666,96500,0.0,0.0
2022-08-15 00:00:00-04:00,28.329999923706055,28.489999771118164,27.878000259399414,28.43000030517578,98100,0.0,0.0
2022-08-16 00:00:00-04:00,28.260000228881836,29.399999618530273,28.149999618530273,28.739999771118164,119800,0.0,0.0
2022-08-17 00:00:00-04:00,28.420000076293945,28.420000076293945,27.270000457763672,27.8700008392334,86200,0.0,0.0
2022-08-18 00:00:00-04:00,27.780000686645508,27.780000686645508,27.0,27.229999542236328,70100,0.0,0.0
2022-08-19 00:00:00-04:00,27.030000686645508,27.030000686645508,26.510000228881836,26.81999969482422,67700,0.0,0.0
2022-08-22 00:00:00-04:00,26.350000381469727,26.450000762939453,25.6299991607666,25.65999984741211,78900,0.0,0.0
2022-08-23 00:00:00-04:00,25.559999465942383,26.0,25.399999618530273,25.5,62400,0.0,0.0
2022-08-24 00:00:00-04:00,25.520000457763672,26.8799991607666,25.520000457763672,26.68000030517578,63200,0.0,0.0
2022-08-25 00:00:00-04:00,26.950000762939453,27.40999984741211,26.8799991607666,27.25,73500,0.0,0.0
2022-08-26 00:00:00-04:00,27.34000015258789,27.450000762939453,26.670000076293945,26.790000915527344,72400,0.0,0.0
2022-08-29 00:00:00-04:00,26.59000015258789,27.40999984741211,26.25,27.299999237060547,78400,0.0,0.0
2022-08-30 00:00:00-04:00,27.690000534057617,27.739999771118164,26.600000381469727,26.93000030517578,76300,0.0,0.0
2022-08-31 00:00:00-04:00,26.899999618530273,27.30900001525879,26.75,26.829999923706055,61000,0.0,0.0
2022-09-01 00:00:00-04:00,26.3799991607666,26.71500015258789,25.809999465942383,26.1299991607666,68400,0.0,0.0
2022-09-02 00:00:00-04:00,26.610000610351562,26.940000534057617,25.790000915527344,26.06999969482422,59400,0.0,0.0
2022-09-06 00:00:00-04:00,26.079999923706055,26.299999237060547,25.200000762939453,25.420000076293945,74000,0.0,0.0
2022-09-07 00:00:00-04:00,25.170000076293945,26.360000610351562,25.170000076293945,26.260000228881836,46500,0.0,0.0
2022-09-08 00:00:00-04:00,25.940000534057617,26.350000381469727,25.795000076293945,25.8799991607666,53900,0.0,0.0
2022-09-09 00:00:00-04:00,26.25,26.459999084472656,25.711999893188477,26.40999984741211,90900,0.0,0.0
2022-09-12 00:00:00-04:00,26.6299991607666,26.809999465942383,26.219999313354492,26.639999389648438,56600,0.0,0.0
2022-09-13 00:00:00-04:00,25.809999465942383,26.459999084472656,25.809999465942383,26.0,82000,0.0,0.0
2022-09-14 00:00:00-04:00,25.920000076293945,25.920000076293945,25.3700008392334,25.6299991607666,87900,0.0,0.0
2022-09-15 00:00:00-04:00,25.56999969482422,26.5,25.559999465942383,26.110000610351562,109900,0.0,0.0
2022-09-16 00:00:00-04:00,25.84000015258789,26.1299991607666,24.709999084472656,24.709999084472656,312600,0.0,0.0
2022-09-19 00:00:00-04:00,24.469999313354492,24.649999618530273,23.545000076293945,24.18000030517578,127800,0.0,0.0
2022-09-20 00:00:00-04:00,24.18000030517578,24.59000015258789,23.75,23.809999465942383,63200,0.0,0.0
2022-09-21 00:00:00-04:00,24.200000762939453,24.469999313354492,23.549999237060547,23.559999465942383,57900,0.0,0.0
2022-09-22 00:00:00-04:00,23.489999771118164,23.489999771118164,22.8700008392334,23.040000915527344,64100,0.0,0.0
2022-09-23 00:00:00-04:00,22.75,22.9689998626709,22.260000228881836,22.549999237060547,86000,0.0,0.0
2022-09-26 00:00:00-04:00,22.31999969482422,22.920000076293945,22.038999557495117,22.209999084472656,61000,0.0,0.0
2022-09-27 00:00:00-04:00,22.59000015258789,23.06999969482422,22.520000457763672,23.020000457763672,84500,0.0,0.0
2022-09-28 00:00:00-04:00,23.190000534057617,23.8700008392334,22.985000610351562,23.440000534057617,60100,0.0,0.0
2022-09-29 00:00:00-04:00,23.1299991607666,23.34000015258789,22.600000381469727,23.239999771118164,55500,0.0,0.0
2022-09-30 00:00:00-04:00,23.059999465942383,23.93000030517578,22.885000228881836,23.040000915527344,69000,0.0,0.0
2022-10-03 00:00:00-04:00,23.440000534057617,23.579999923706055,22.739999771118164,23.239999771118164,72800,0.0,0.0
2022-10-04 00:00:00-04:00,23.75,24.347999572753906,23.75,24.260000228881836,63600,0.0,0.0
2022-10-05 00:00:00-04:00,23.809999465942383,24.25,23.56999969482422,24.18000030517578,42100,0.0,0.0
2022-10-06 00:00:00-04:00,23.940000534057617,24.280000686645508,23.799999237060547,23.969999313354492,37800,0.0,0.0
2022-10-07 00:00:00-04:00,23.6299991607666,24.149999618530273,23.299999237060547,24.049999237060547,76900,0.0,0.0
2022-10-10 00:00:00-04:00,24.219999313354492,24.2450008392334,23.1200008392334,23.149999618530273,79100,0.0,0.0
2022-10-11 00:00:00-04:00,23.010000228881836,23.530000686645508,22.399999618530273,23.520000457763672,80600,0.0,0.0
2022-10-12 00:00:00-04:00,23.5,23.5,22.81399917602539,22.899999618530273,46800,0.0,0.0
2022-10-13 00:00:00-04:00,22.520000457763672,23.924999237060547,22.097000122070312,23.780000686645508,66400,0.0,0.0
2022-10-14 00:00:00-04:00,23.950000762939453,24.233999252319336,23.20400047302246,23.40999984741211,45000,0.0,0.0
2022-10-17 00:00:00-04:00,24.110000610351562,24.709999084472656,23.889999389648438,24.68000030517578,87200,0.0,0.0
2022-10-18 00:00:00-04:00,25.270000457763672,25.3799991607666,24.5049991607666,25.020000457763672,50900,0.0,0.0
2022-10-19 00:00:00-04:00,24.600000381469727,25.139999389648438,24.31399917602539,24.829999923706055,52200,0.0,0.0
2022-10-20 00:00:00-04:00,24.850000381469727,25.75,24.809999465942383,25.25,46700,0.0,0.0
2022-10-21 00:00:00-04:00,25.510000228881836,25.969999313354492,25.06999969482422,25.860000610351562,64300,0.0,0.0
2022-10-24 00:00:00-04:00,26.049999237060547,26.18000030517578,25.110000610351562,25.600000381469727,57200,0.0,0.0
2022-10-25 00:00:00-04:00,25.6200008392334,26.954999923706055,25.6200008392334,26.719999313354492,60600,0.0,0.0
2022-10-26 00:00:00-04:00,26.809999465942383,27.399999618530273,26.399999618530273,26.40999984741211,57600,0.0,0.0
2022-10-27 00:00:00-04:00,26.739999771118164,27.275999069213867,26.510000228881836,26.8700008392334,50500,0.0,0.0
2022-10-28 00:00:00-04:00,27.0,27.84000015258789,26.642000198364258,27.549999237060547,51700,0.0,0.0
2022-10-31 00:00:00-04:00,27.780000686645508,28.09000015258789,27.226999282836914,27.8700008392334,90500,0.0,0.0
2022-11-01 00:00:00-04:00,28.399999618530273,28.774999618530273,27.8700008392334,28.219999313354492,91300,0.0,0.0
2022-11-02 00:00:00-04:00,28.3700008392334,28.83799934387207,27.520000457763672,27.809999465942383,95800,0.0,0.0
2022-11-03 00:00:00-04:00,27.280000686645508,28.06999969482422,27.209999084472656,27.639999389648438,70100,0.0,0.0
2022-11-04 00:00:00-04:00,28.0,28.0,26.950000762939453,27.479999542236328,58200,0.0,0.0
2022-11-07 00:00:00-05:00,28.0,28.0,27.2549991607666,27.350000381469727,67400,0.0,0.0
2022-11-08 00:00:00-05:00,27.5,27.658000946044922,26.764999389648438,27.059999465942383,49600,0.0,0.0
2022-11-09 00:00:00-05:00,26.6299991607666,26.670000076293945,25.170000076293945,25.299999237060547,102500,0.0,0.0
2022-11-10 00:00:00-05:00,26.489999771118164,27.158000946044922,26.0,26.700000762939453,111900,0.0,0.0
2022-11-11 00:00:00-05:00,26.540000915527344,26.959999084472656,25.649999618530273,26.809999465942383,117100,0.0,0.0
2022-11-14 00:00:00-05:00,26.549999237060547,26.809999465942383,25.639999389648438,25.639999389648438,107200,0.0,0.0
2022-11-15 00:00:00-05:00,26.229999542236328,27.049999237060547,26.15999984741211,26.81999969482422,112400,0.0,0.0
2022-11-16 00:00:00-05:00,26.690000534057617,27.670000076293945,26.469999313354492,27.469999313354492,97300,0.0,0.0
2022-11-17 00:00:00-05:00,27.229999542236328,27.229999542236328,26.59000015258789,27.06999969482422,47000,0.0,0.0
2022-11-18 00:00:00-05:00,27.65999984741211,27.729999542236328,26.920000076293945,27.200000762939453,70100,0.0,0.0
2022-11-21 00:00:00-05:00,27.200000762939453,27.479999542236328,26.75,27.1299991607666,61600,0.0,0.0
2022-11-22 00:00:00-05:00,27.389999389648438,27.81999969482422,26.965999603271484,27.600000381469727,56700,0.0,0.0
2022-11-23 00:00:00-05:00,27.899999618530273,28.43000030517578,27.420000076293945,28.299999237060547,72700,0.0,0.0
2022-11-25 00:00:00-05:00,28.299999237060547,28.54800033569336,28.020000457763672,28.020000457763672,43800,0.0,0.0
2022-11-28 00:00:00-05:00,28.09000015258789,28.389999389648438,27.610000610351562,27.670000076293945,55900,0.0,0.0
2022-11-29 00:00:00-05:00,27.520000457763672,28.15999984741211,27.514999389648438,27.59000015258789,48800,0.0,0.0
2022-11-30 00:00:00-05:00,27.56999969482422,28.790000915527344,27.56999969482422,28.649999618530273,86600,0.0,0.0
2022-12-01 00:00:00-05:00,28.979999542236328,28.979999542236328,28.417999267578125,28.65999984741211,55500,0.0,0.0
2022-12-02 00:00:00-05:00,28.510000228881836,28.799999237060547,28.200000762939453,28.760000228881836,47600,0.0,0.0
2022-12-05 00:00:00-05:00,28.549999237060547,28.549999237060547,27.469999313354492,27.729999542236328,57600,0.0,0.0
2022-12-06 00:00:00-05:00,27.790000915527344,27.790000915527344,26.45400047302246,26.68000030517578,69200,0.0,0.0
2022-12-07 00:00:00-05:00,26.56999969482422,26.799999237060547,25.760000228881836,26.079999923706055,68300,0.0,0.0
2022-12-08 00:00:00-05:00,26.309999465942383,26.770000457763672,26.06999969482422,26.6200008392334,52200,0.0,0.0
2022-12-09 00:00:00-05:00,26.5,26.658000946044922,26.0,26.040000915527344,54800,0.0,0.0
2022-12-12 00:00:00-05:00,25.950000762939453,26.190000534057617,25.770000457763672,25.959999084472656,82900,0.0,0.0
2022-12-13 00:00:00-05:00,26.950000762939453,27.398000717163086,26.260000228881836,26.309999465942383,126800,0.0,0.0
2022-12-14 00:00:00-05:00,26.350000381469727,27.610000610351562,26.350000381469727,26.8700008392334,102400,0.0,0.0
2022-12-15 00:00:00-05:00,26.309999465942383,26.559999465942383,25.25,25.959999084472656,105700,0.0,0.0
2022-12-16 00:00:00-05:00,25.690000534057617,25.993000030517578,25.434999465942383,25.799999237060547,118400,0.0,0.0
2022-12-19 00:00:00-05:00,26.1299991607666,26.371000289916992,25.43000030517578,26.100000381469727,66100,0.0,0.0
2022-12-20 00:00:00-05:00,26.0,26.315000534057617,25.80500030517578,26.1200008392334,63400,0.0,0.0
2022-12-21 00:00:00-05:00,26.31999969482422,26.510000228881836,25.940000534057617,25.940000534057617,61200,0.0,0.0
2022-12-22 00:00:00-05:00,25.649999618530273,25.649999618530273,25.010000228881836,25.290000915527344,59800,0.0,0.0
2022-12-23 00:00:00-05:00,25.329999923706055,25.80299949645996,25.15999984741211,25.649999618530273,60500,0.0,0.0
2022-12-27 00:00:00-05:00,25.65999984741211,26.3700008392334,25.475000381469727,25.959999084472656,78500,0.0,0.0
2022-12-28 00:00:00-05:00,25.920000076293945,26.399999618530273,25.6200008392334,26.040000915527344,85900,0.0,0.0
2022-12-29 00:00:00-05:00,26.290000915527344,26.920000076293945,26.110000610351562,26.31999969482422,91600,0.0,0.0
2022-12-30 00:00:00-05:00,26.399999618530273,26.68000030517578,26.0,26.5,68400,0.0,0.0
2023-01-03 00:00:00-05:00,26.950000762939453,27.016000747680664,25.510000228881836,25.520000457763672,93500,0.0,0.0
2023-01-04 00:00:00-05:00,25.940000534057617,26.520000457763672,25.850000381469727,26.079999923706055,72500,0.0,0.0
2023-01-05 00:00:00-05:00,26.1299991607666,26.350000381469727,25.729000091552734,25.950000762939453,66300,0.0,0.0
2023-01-06 00:00:00-05:00,26.239999771118164,27.135000228881836,25.760000228881836,26.81999969482422,100600,0.0,0.0
2023-01-09 00:00:00-05:00,27.18000030517578,27.655000686645508,26.709999084472656,27.3799991607666,87700,0.0,0.0
2023-01-10 00:00:00-05:00,27.540000915527344,28.280000686645508,27.3799991607666,28.280000686645508,80800,0.0,0.0
2023-01-11 00:00:00-05:00,28.5,28.649999618530273,27.84600067138672,28.200000762939453,111500,0.0,0.0
2023-01-12 00:00:00-05:00,28.43000030517578,28.690000534057617,27.950000762939453,28.020000457763672,158100,0.0,0.0
2023-01-13 00:00:00-05:00,28.020000457763672,28.1200008392334,27.829999923706055,28.06999969482422,147800,0.0,0.0
2023-01-17 00:00:00-05:00,28.1200008392334,28.299999237060547,27.770000457763672,27.829999923706055,98700,0.0,0.0
2023-01-18 00:00:00-05:00,27.940000534057617,27.940000534057617,26.850000381469727,26.850000381469727,73600,0.0,0.0
2023-01-19 00:00:00-05:00,26.729999542236328,27.059999465942383,26.520000457763672,26.700000762939453,90000,0.0,0.0
2023-01-20 00:00:00-05:00,26.8700008392334,27.889999389648438,26.6299991607666,27.809999465942383,119100,0.0,0.0
2023-01-23 00:00:00-05:00,27.899999618530273,27.969999313354492,27.239999771118164,27.440000534057617,107800,0.0,0.0
2023-01-24 00:00:00-05:00,27.399999618530273,27.874000549316406,26.850000381469727,27.0,165600,0.0,0.0
2023-01-25 00:00:00-05:00,26.8700008392334,26.878000259399414,26.25,26.6299991607666,178500,0.0,0.0
2023-01-26 00:00:00-05:00,26.969999313354492,27.06999969482422,26.459999084472656,26.709999084472656,197700,0.0,0.0
2023-01-27 00:00:00-05:00,26.690000534057617,26.979999542236328,26.389999389648438,26.440000534057617,150900,0.0,0.0
2023-01-30 00:00:00-05:00,26.350000381469727,26.59000015258789,25.90999984741211,26.010000228881836,149600,0.0,0.0
2023-01-31 00:00:00-05:00,26.260000228881836,26.559999465942383,25.9950008392334,26.450000762939453,219100,0.0,0.0
2023-02-01 00:00:00-05:00,26.610000610351562,27.1200008392334,26.5,26.8700008392334,363600,0.0,0.0
2023-02-02 00:00:00-05:00,27.239999771118164,28.290000915527344,27.170000076293945,27.239999771118164,288300,0.0,0.0
2023-02-03 00:00:00-05:00,27.139999389648438,27.31800079345703,26.399999618530273,26.399999618530273,179900,0.0,0.0
2023-02-06 00:00:00-05:00,26.40999984741211,26.40999984741211,25.43000030517578,25.600000381469727,187300,0.0,0.0
2023-02-07 00:00:00-05:00,25.459999084472656,25.459999084472656,24.790000915527344,25.149999618530273,226000,0.0,0.0
2023-02-08 00:00:00-05:00,25.100000381469727,25.34000015258789,24.336999893188477,24.520000457763672,161400,0.0,0.0
2023-02-09 00:00:00-05:00,24.610000610351562,24.799999237060547,24.209999084472656,24.280000686645508,113500,0.0,0.0
2023-02-10 00:00:00-05:00,24.200000762939453,24.889999389648438,23.969999313354492,24.549999237060547,97900,0.0,0.0
2023-02-13 00:00:00-05:00,24.6200008392334,25.31999969482422,24.219999313354492,25.030000686645508,133500,0.0,0.0
2023-02-14 00:00:00-05:00,25.0,25.399999618530273,24.68000030517578,25.229999542236328,119100,0.0,0.0
2023-02-15 00:00:00-05:00,25.200000762939453,25.889999389648438,25.200000762939453,25.700000762939453,102700,0.0,0.0
2023-02-16 00:00:00-05:00,25.479999542236328,25.799999237060547,25.079999923706055,25.360000610351562,168700,0.0,0.0
2023-02-17 00:00:00-05:00,25.399999618530273,25.479999542236328,25.010000228881836,25.3799991607666,127700,0.0,0.0
2023-02-21 00:00:00-05:00,25.06999969482422,25.270000457763672,24.649999618530273,24.670000076293945,110000,0.0,0.0
2023-02-22 00:00:00-05:00,24.729999542236328,25.1299991607666,24.729999542236328,25.0,93200,0.0,0.0
2023-02-23 00:00:00-05:00,25.139999389648438,25.190000534057617,24.479000091552734,24.68000030517578,110300,0.0,0.0
2023-02-24 00:00:00-05:00,24.299999237060547,24.43000030517578,24.0,24.149999618530273,84300,0.0,0.0
2023-02-27 00:00:00-05:00,24.309999465942383,24.649999618530273,24.1200008392334,24.260000228881836,63100,0.0,0.0
2023-02-28 00:00:00-05:00,24.209999084472656,24.5,24.020000457763672,24.09000015258789,117900,0.0,0.0
2023-03-01 00:00:00-05:00,24.0,24.40999984741211,23.780000686645508,23.950000762939453,96500,0.0,0.0
2023-03-02 00:00:00-05:00,23.799999237060547,23.81800079345703,23.510000228881836,23.760000228881836,78700,0.0,0.0
2023-03-03 00:00:00-05:00,23.8799991607666,24.100000381469727,23.7450008392334,23.979999542236328,73700,0.0,0.0
2023-03-06 00:00:00-05:00,24.040000915527344,24.219999313354492,23.674999237060547,23.90999984741211,96000,0.0,0.0
2023-03-07 00:00:00-05:00,23.8799991607666,23.969999313354492,23.219999313354492,23.290000915527344,110200,0.0,0.0
2023-03-08 00:00:00-05:00,23.290000915527344,23.290000915527344,22.81599998474121,23.010000228881836,110300,0.0,0.0
2023-03-09 00:00:00-05:00,23.0,23.0,22.5,22.579999923706055,129500,0.0,0.0
2023-03-10 00:00:00-05:00,22.40999984741211,22.709999084472656,22.100000381469727,22.700000762939453,170200,0.0,0.0
2023-03-13 00:00:00-04:00,22.270000457763672,22.700000762939453,22.100000381469727,22.389999389648438,130100,0.0,0.0
2023-03-14 00:00:00-04:00,22.8700008392334,23.049999237060547,22.610000610351562,22.709999084472656,159100,0.0,0.0
2023-03-15 00:00:00-04:00,22.329999923706055,22.65999984741211,22.110000610351562,22.469999313354492,121000,0.0,0.0
2023-03-16 00:00:00-04:00,22.15999984741211,22.889999389648438,22.15999984741211,22.68000030517578,104900,0.0,0.0
2023-03-17 00:00:00-04:00,22.559999465942383,22.729999542236328,22.18000030517578,22.350000381469727,143600,0.0,0.0
2023-03-20 00:00:00-04:00,22.3799991607666,22.399999618530273,21.729999542236328,21.75,114400,0.0,0.0
2023-03-21 00:00:00-04:00,22.040000915527344,22.739999771118164,22.040000915527344,22.610000610351562,104800,0.0,0.0
2023-03-22 00:00:00-04:00,22.549999237060547,22.56999969482422,21.809999465942383,21.84000015258789,79400,0.0,0.0
2023-03-23 00:00:00-04:00,21.90999984741211,22.299999237060547,21.719999313354492,21.950000762939453,92100,0.0,0.0
2023-03-24 00:00:00-04:00,21.690000534057617,22.350000381469727,21.621000289916992,22.329999923706055,102200,0.0,0.0
2023-03-27 00:00:00-04:00,22.75,23.735000610351562,22.6200008392334,23.15999984741211,134100,0.0,0.0
2023-03-28 00:00:00-04:00,23.040000915527344,23.530000686645508,22.450000762939453,22.670000076293945,109100,0.0,0.0
2023-03-29 00:00:00-04:00,22.860000610351562,23.0,22.219999313354492,22.459999084472656,88900,0.0,0.0
2023-03-30 00:00:00-04:00,22.56999969482422,22.836000442504883,22.350000381469727,22.469999313354492,80700,0.0,0.0
2023-03-31 00:00:00-04:00,23.0,24.25,23.0,23.670000076293945,180500,0.0,0.0
2023-04-03 00:00:00-04:00,23.75,23.850000381469727,23.100000381469727,23.209999084472656,167500,0.0,0.0
2023-04-04 00:00:00-04:00,23.209999084472656,23.209999084472656,22.41200065612793,22.600000381469727,122600,0.0,0.0
2023-04-05 00:00:00-04:00,22.450000762939453,22.889999389648438,22.450000762939453,22.729999542236328,98500,0.0,0.0
2023-04-06 00:00:00-04:00,22.760000228881836,23.110000610351562,22.600000381469727,22.81999969482422,133900,0.0,0.0
2023-04-10 00:00:00-04:00,22.760000228881836,22.780000686645508,22.44700050354004,22.719999313354492,260300,0.0,0.0
2023-04-11 00:00:00-04:00,22.760000228881836,22.920000076293945,22.549999237060547,22.649999618530273,361600,0.0,0.0
2023-04-12 00:00:00-04:00,22.899999618530273,23.045000076293945,21.889999389648438,21.90999984741211,123900,0.0,0.0
2023-04-13 00:00:00-04:00,21.93000030517578,22.075000762939453,21.6299991607666,21.649999618530273,147700,0.0,0.0
2023-04-14 00:00:00-04:00,21.65999984741211,21.899999618530273,21.190000534057617,21.309999465942383,153600,0.0,0.0
2023-04-17 00:00:00-04:00,21.489999771118164,21.489999771118164,21.024999618530273,21.389999389648438,292600,0.0,0.0
2023-04-18 00:00:00-04:00,21.389999389648438,21.424999237060547,20.809999465942383,21.1299991607666,189200,0.0,0.0
2023-04-19 00:00:00-04:00,21.020000457763672,21.450000762939453,20.950000762939453,21.290000915527344,116900,0.0,0.0
2023-04-20 00:00:00-04:00,21.200000762939453,21.43000030517578,21.15999984741211,21.290000915527344,141200,0.0,0.0
2023-04-21 00:00:00-04:00,21.290000915527344,21.309999465942383,20.709999084472656,21.010000228881836,174200,0.0,0.0
2023-04-24 00:00:00-04:00,21.010000228881836,21.219999313354492,20.809999465942383,20.850000381469727,104000,0.0,0.0
2023-04-25 00:00:00-04:00,20.670000076293945,20.860000610351562,20.299999237060547,20.34000015258789,134700,0.0,0.0
2023-04-26 00:00:00-04:00,20.280000686645508,20.489999771118164,20.200000762939453,20.309999465942383,110500,0.0,0.0
2023-04-27 00:00:00-04:00,20.3700008392334,20.5,20.239999771118164,20.299999237060547,149800,0.0,0.0
2023-04-28 00:00:00-04:00,20.360000610351562,20.610000610351562,20.299999237060547,20.459999084472656,175600,0.0,0.0
2023-05-01 00:00:00-04:00,20.5,21.18000030517578,20.5,20.950000762939453,166600,0.0,0.0
2023-05-02 00:00:00-04:00,20.93000030517578,21.059999465942383,20.399999618530273,20.40999984741211,133400,0.0,0.0
2023-05-03 00:00:00-04:00,20.479999542236328,20.700000762939453,20.329999923706055,20.350000381469727,143000,0.0,0.0
2023-05-04 00:00:00-04:00,20.149999618530273,20.290000915527344,19.809999465942383,20.030000686645508,250400,0.0,0.0
2023-05-05 00:00:00-04:00,20.18000030517578,20.32900047302246,19.959999084472656,20.139999389648438,203000,0.0,0.0
2023-05-08 00:00:00-04:00,20.31999969482422,20.639999389648438,19.950000762939453,20.149999618530273,190900,0.0,0.0
2023-05-09 00:00:00-04:00,20.139999389648438,20.466999053955078,20.079999923706055,20.329999923706055,164500,0.0,0.0
2023-05-10 00:00:00-04:00,20.510000228881836,20.549999237060547,19.93000030517578,20.079999923706055,203500,0.0,0.0
2023-05-11 00:00:00-04:00,20.0,20.170000076293945,19.84000015258789,20.030000686645508,201200,0.0,0.0
2023-05-12 00:00:00-04:00,20.190000534057617,20.288999557495117,19.780000686645508,20.190000534057617,150400,0.0,0.0
2023-05-15 00:00:00-04:00,20.100000381469727,20.399999618530273,19.25,19.68000030517578,306200,0.0,0.0
2023-05-16 00:00:00-04:00,19.559999465942383,19.6299991607666,19.149999618530273,19.200000762939453,197300,0.0,0.0
2023-05-17 00:00:00-04:00,19.219999313354492,19.6299991607666,18.950000762939453,19.6299991607666,169300,0.0,0.0
2023-05-18 00:00:00-04:00,19.690000534057617,20.18000030517578,19.55500030517578,20.1299991607666,160600,0.0,0.0
2023-05-19 00:00:00-04:00,20.510000228881836,21.579999923706055,20.510000228881836,21.270000457763672,198500,0.0,0.0
2023-05-22 00:00:00-04:00,21.18000030517578,21.3799991607666,21.0,21.350000381469727,122400,0.0,0.0
2023-05-23 00:00:00-04:00,21.200000762939453,21.200000762939453,20.559999465942383,20.850000381469727,219000,0.0,0.0
2023-05-24 00:00:00-04:00,20.850000381469727,20.850000381469727,19.010000228881836,19.520000457763672,272600,0.0,0.0
2023-05-25 00:00:00-04:00,19.510000228881836,19.6200008392334,19.219999313354492,19.399999618530273,127700,0.0,0.0
2023-05-26 00:00:00-04:00,19.399999618530273,19.729999542236328,19.389999389648438,19.40999984741211,104600,0.0,0.0
2023-05-30 00:00:00-04:00,19.540000915527344,19.676000595092773,19.274999618530273,19.31999969482422,102700,0.0,0.0
2023-05-31 00:00:00-04:00,19.229999542236328,19.549999237060547,18.8799991607666,19.079999923706055,259500,0.0,0.0
2023-06-01 00:00:00-04:00,19.09000015258789,19.309999465942383,19.0,19.040000915527344,134400,0.0,0.0
2023-06-02 00:00:00-04:00,19.219999313354492,20.049999237060547,19.163000106811523,19.959999084472656,156500,0.0,0.0
2023-06-05 00:00:00-04:00,19.770000457763672,19.950000762939453,19.56999969482422,19.780000686645508,99100,0.0,0.0
2023-06-06 00:00:00-04:00,19.65999984741211,20.25,19.549999237060547,20.079999923706055,146600,0.0,0.0
2023-06-07 00:00:00-04:00,20.110000610351562,20.264999389648438,19.520000457763672,19.889999389648438,142400,0.0,0.0
2023-06-08 00:00:00-04:00,19.75,20.809999465942383,19.399999618530273,20.579999923706055,391100,0.0,0.0
2023-06-09 00:00:00-04:00,20.600000381469727,20.600000381469727,19.549999237060547,19.8700008392334,116600,0.0,0.0
2023-06-12 00:00:00-04:00,19.81999969482422,20.135000228881836,19.652000427246094,19.799999237060547,127600,0.0,0.0
2023-06-13 00:00:00-04:00,19.780000686645508,20.190000534057617,19.750999450683594,19.84000015258789,93300,0.0,0.0
2023-06-14 00:00:00-04:00,19.799999237060547,20.06999969482422,19.635000228881836,19.639999389648438,115500,0.0,0.0
2023-06-15 00:00:00-04:00,19.579999923706055,20.020000457763672,19.527999877929688,19.940000534057617,101100,0.0,0.0
2023-06-16 00:00:00-04:00,20.1200008392334,20.170000076293945,19.459999084472656,19.479999542236328,170900,0.0,0.0
2023-06-20 00:00:00-04:00,19.399999618530273,19.479999542236328,19.15999984741211,19.239999771118164,102600,0.0,0.0
2023-06-21 00:00:00-04:00,19.139999389648438,19.33099937438965,18.90999984741211,19.049999237060547,93700,0.0,0.0
2023-06-22 00:00:00-04:00,18.90999984741211,19.100000381469727,18.75,19.040000915527344,111500,0.0,0.0
2023-06-23 00:00:00-04:00,18.90999984741211,19.0,18.43000030517578,18.5,223700,0.0,0.0
2023-06-26 00:00:00-04:00,18.420000076293945,19.0049991607666,18.360000610351562,18.719999313354492,108200,0.0,0.0
2023-06-27 00:00:00-04:00,18.739999771118164,19.040000915527344,18.690000534057617,18.690000534057617,82700,0.0,0.0
2023-06-28 00:00:00-04:00,18.700000762939453,19.06999969482422,18.559999465942383,19.020000457763672,78200,0.0,0.0
2023-06-29 00:00:00-04:00,19.079999923706055,19.260000228881836,18.989999771118164,19.020000457763672,57400,0.0,0.0
2023-06-30 00:00:00-04:00,19.149999618530273,19.149999618530273,18.774999618530273,18.81999969482422,111100,0.0,0.0
2023-07-03 00:00:00-04:00,18.75,19.520000457763672,18.75,19.5,76700,0.0,0.0
2023-07-05 00:00:00-04:00,19.239999771118164,19.469999313354492,18.989999771118164,19.059999465942383,95100,0.0,0.0
2023-07-06 00:00:00-04:00,18.850000381469727,19.020000457763672,18.700000762939453,19.010000228881836,103800,0.0,0.0
2023-07-07 00:00:00-04:00,18.969999313354492,19.40999984741211,18.950000762939453,19.25,67000,0.0,0.0
2023-07-10 00:00:00-04:00,19.18000030517578,19.690000534057617,19.11400032043457,19.350000381469727,70900,0.0,0.0
2023-07-11 00:00:00-04:00,19.31999969482422,19.489999771118164,19.072999954223633,19.149999618530273,71100,0.0,0.0
2023-07-12 00:00:00-04:00,19.43000030517578,19.6200008392334,19.350000381469727,19.3799991607666,73600,0.0,0.0
2023-07-13 00:00:00-04:00,19.469999313354492,19.55699920654297,19.190000534057617,19.389999389648438,66200,0.0,0.0
2023-07-14 00:00:00-04:00,19.360000610351562,19.360000610351562,18.81999969482422,18.90999984741211,67200,0.0,0.0
2023-07-17 00:00:00-04:00,18.850000381469727,19.40999984741211,18.850000381469727,19.299999237060547,87300,0.0,0.0
2023-07-18 00:00:00-04:00,19.229999542236328,19.479999542236328,19.139999389648438,19.360000610351562,83100,0.0,0.0
2023-07-19 00:00:00-04:00,19.34000015258789,19.56999969482422,19.209999084472656,19.31999969482422,101000,0.0,0.0
2023-07-20 00:00:00-04:00,19.350000381469727,19.6299991607666,19.06999969482422,19.549999237060547,79100,0.0,0.0
2023-07-21 00:00:00-04:00,19.670000076293945,19.739999771118164,19.08300018310547,19.18000030517578,84500,0.0,0.0
2023-07-24 00:00:00-04:00,19.1200008392334,19.459999084472656,19.02199935913086,19.389999389648438,77700,0.0,0.0
2023-07-25 00:00:00-04:00,19.280000686645508,19.459999084472656,18.979999542236328,19.149999618530273,64900,0.0,0.0
2023-07-26 00:00:00-04:00,19.200000762939453,19.37700080871582,19.06999969482422,19.200000762939453,59300,0.0,0.0
2023-07-27 00:00:00-04:00,19.260000228881836,19.326000213623047,19.059999465942383,19.170000076293945,100200,0.0,0.0
2023-07-28 00:00:00-04:00,19.309999465942383,19.5049991607666,19.190000534057617,19.200000762939453,63800,0.0,0.0
2023-07-31 00:00:00-04:00,19.18000030517578,19.579999923706055,19.18000030517578,19.520000457763672,77700,0.0,0.0
2023-08-01 00:00:00-04:00,19.450000762939453,19.469999313354492,18.950000762939453,19.09000015258789,74500,0.0,0.0
2023-08-02 00:00:00-04:00,18.950000762939453,19.25,18.719999313354492,19.030000686645508,84200,0.0,0.0
2023-08-03 00:00:00-04:00,18.969999313354492,19.190000534057617,18.610000610351562,18.860000610351562,75800,0.0,0.0
2023-08-04 00:00:00-04:00,18.899999618530273,19.1299991607666,18.760000228881836,18.809999465942383,59000,0.0,0.0
2023-08-07 00:00:00-04:00,18.84000015258789,19.059999465942383,18.700000762939453,19.0,77900,0.0,0.0
2023-08-08 00:00:00-04:00,18.75,18.801000595092773,18.459999084472656,18.520000457763672,67800,0.0,0.0
2023-08-09 00:00:00-04:00,18.5,18.635000228881836,18.34000015258789,18.3799991607666,82200,0.0,0.0
2023-08-10 00:00:00-04:00,18.399999618530273,18.514999389648438,18.079999923706055,18.229999542236328,127300,0.0,0.0
2023-08-11 00:00:00-04:00,18.31999969482422,18.5,17.860000610351562,18.0,93400,0.0,0.0
2023-08-14 00:00:00-04:00,17.829999923706055,18.18000030517578,17.770000457763672,17.969999313354492,77100,0.0,0.0
2023-08-15 00:00:00-04:00,18.459999084472656,18.760000228881836,17.65999984741211,17.709999084472656,140000,0.0,0.0
2023-08-16 00:00:00-04:00,17.6299991607666,17.783000946044922,16.950000762939453,17.030000686645508,147900,0.0,0.0
2023-08-17 00:00:00-04:00,17.049999237060547,17.31999969482422,16.93000030517578,17.110000610351562,132600,0.0,0.0
2023-08-18 00:00:00-04:00,17.0,17.290000915527344,16.899999618530273,17.15999984741211,153600,0.0,0.0
2023-08-21 00:00:00-04:00,17.209999084472656,17.211999893188477,16.68000030517578,16.68000030517578,119300,0.0,0.0
2023-08-22 00:00:00-04:00,16.670000076293945,16.764999389648438,16.3700008392334,16.540000915527344,127400,0.0,0.0
2023-08-23 00:00:00-04:00,16.6200008392334,16.709999084472656,16.450000762939453,16.520000457763672,117200,0.0,0.0
2023-08-24 00:00:00-04:00,16.389999389648438,16.579999923706055,16.1200008392334,16.5,129200,0.0,0.0
2023-08-25 00:00:00-04:00,16.549999237060547,16.760000228881836,16.50200080871582,16.559999465942383,70600,0.0,0.0
2023-08-28 00:00:00-04:00,16.690000534057617,17.469999313354492,16.690000534057617,17.34000015258789,143000,0.0,0.0
2023-08-29 00:00:00-04:00,17.239999771118164,17.639999389648438,17.209999084472656,17.6299991607666,123900,0.0,0.0
2023-08-30 00:00:00-04:00,17.739999771118164,18.110000610351562,17.520000457763672,17.6200008392334,123500,0.0,0.0
2023-08-31 00:00:00-04:00,17.649999618530273,17.899999618530273,17.649999618530273,17.68000030517578,88900,0.0,0.0
2023-09-01 00:00:00-04:00,17.790000915527344,17.8439998626709,17.450000762939453,17.670000076293945,84400,0.0,0.0
2023-09-05 00:00:00-04:00,17.5,17.540000915527344,17.099000930786133,17.200000762939453,95100,0.0,0.0
2023-09-06 00:00:00-04:00,17.219999313354492,17.280000686645508,16.979999542236328,17.06999969482422,64900,0.0,0.0
2023-09-07 00:00:00-04:00,17.040000915527344,17.040000915527344,16.6299991607666,16.760000228881836,98800,0.0,0.0
2023-09-08 00:00:00-04:00,16.700000762939453,16.799999237060547,16.559999465942383,16.68000030517578,71300,0.0,0.0
2023-09-11 00:00:00-04:00,16.770000457763672,17.170000076293945,16.770000457763672,17.06999969482422,94000,0.0,0.0
2023-09-12 00:00:00-04:00,17.049999237060547,17.329999923706055,17.03499984741211,17.1200008392334,55800,0.0,0.0
2023-09-13 00:00:00-04:00,17.110000610351562,17.170000076293945,16.969999313354492,17.030000686645508,67600,0.0,0.0
2023-09-14 00:00:00-04:00,17.280000686645508,17.6299991607666,17.176000595092773,17.56999969482422,77400,0.0,0.0
2023-09-15 00:00:00-04:00,17.520000457763672,17.6200008392334,16.934999465942383,17.100000381469727,219700,0.0,0.0
2023-09-18 00:00:00-04:00,17.079999923706055,17.09000015258789,16.899999618530273,16.979999542236328,70400,0.0,0.0
2023-09-19 00:00:00-04:00,16.93000030517578,17.030000686645508,16.84000015258789,16.84000015258789,76800,0.0,0.0
2023-09-20 00:00:00-04:00,16.8799991607666,16.940000534057617,16.56999969482422,16.59000015258789,81700,0.0,0.0
2023-09-21 00:00:00-04:00,16.5,16.579999923706055,16.280000686645508,16.5,76300,0.0,0.0
2023-09-22 00:00:00-04:00,16.5,16.514999389648438,16.209999084472656,16.290000915527344,93000,0.0,0.0
2023-09-25 00:00:00-04:00,16.15999984741211,16.600000381469727,16.15399932861328,16.59000015258789,96200,0.0,0.0
2023-09-26 00:00:00-04:00,16.5,16.639999389648438,16.229999542236328,16.25,81100,0.0,0.0
2023-09-27 00:00:00-04:00,16.290000915527344,16.760000228881836,16.200000762939453,16.639999389648438,102000,0.0,0.0
2023-09-28 00:00:00-04:00,16.510000228881836,16.729999542236328,16.299999237060547,16.440000534057617,94800,0.0,0.0
2023-09-29 00:00:00-04:00,16.520000457763672,16.540000915527344,16.229999542236328,16.389999389648438,88600,0.0,0.0
2023-10-02 00:00:00-04:00,16.299999237060547,16.3700008392334,15.75100040435791,15.819999694824219,135600,0.0,0.0
2023-10-03 00:00:00-04:00,15.670000076293945,15.720000267028809,15.420000076293945,15.579999923706055,125600,0.0,0.0
2023-10-04 00:00:00-04:00,15.59000015258789,15.779999732971191,15.4399995803833,15.729999542236328,178400,0.0,0.0
2023-10-05 00:00:00-04:00,15.819999694824219,16.110000610351562,15.630000114440918,15.789999961853027,219700,0.0,0.0
2023-10-06 00:00:00-04:00,15.739999771118164,16.15999984741211,15.699999809265137,16.030000686645508,81500,0.0,0.0
2023-10-09 00:00:00-04:00,15.880000114440918,16.450000762939453,15.760000228881836,16.34000015258789,111400,0.0,0.0
2023-10-10 00:00:00-04:00,16.329999923706055,16.52199935913086,16.065000534057617,16.219999313354492,80600,0.0,0.0
2023-10-11 00:00:00-04:00,16.239999771118164,16.424999237060547,16.0049991607666,16.020000457763672,103200,0.0,0.0
2023-10-12 00:00:00-04:00,16.049999237060547,16.246999740600586,15.430000305175781,15.489999771118164,116000,0.0,0.0
2023-10-13 00:00:00-04:00,15.420000076293945,15.48900032043457,15.130000114440918,15.140000343322754,111600,0.0,0.0
2023-10-16 00:00:00-04:00,15.319999694824219,15.47700023651123,15.210000038146973,15.359999656677246,103800,0.0,0.0
2023-10-17 00:00:00-04:00,15.210000038146973,15.59000015258789,15.149999618530273,15.220000267028809,138100,0.0,0.0
2023-10-18 00:00:00-04:00,15.100000381469727,15.149999618530273,14.949999809265137,15.0,124400,0.0,0.0
2023-10-19 00:00:00-04:00,14.970000267028809,15.130000114440918,14.8100004196167,14.890000343322754,118600,0.0,0.0
2023-10-20 00:00:00-04:00,14.829999923706055,15.09000015258789,14.65999984741211,14.890000343322754,171200,0.0,0.0
2023-10-23 00:00:00-04:00,14.729999542236328,14.90999984741211,14.510000228881836,14.539999961853027,115500,0.0,0.0
2023-10-24 00:00:00-04:00,14.65999984741211,14.770000457763672,14.430000305175781,14.600000381469727,83700,0.0,0.0
2023-10-25 00:00:00-04:00,14.420000076293945,14.649999618530273,14.3100004196167,14.619999885559082,109800,0.0,0.0
2023-10-26 00:00:00-04:00,14.609999656677246,14.8149995803833,13.550000190734863,14.75,1273500,0.0,0.0
2023-10-27 00:00:00-04:00,14.880000114440918,14.9399995803833,14.0,14.050000190734863,173300,0.0,0.0
2023-10-30 00:00:00-04:00,14.079999923706055,14.260000228881836,13.86400032043457,14.229999542236328,117400,0.0,0.0
2023-10-31 00:00:00-04:00,14.260000228881836,14.399999618530273,14.079999923706055,14.229999542236328,102400,0.0,0.0
2023-11-01 00:00:00-04:00,14.119999885559082,14.1899995803833,13.989999771118164,14.170000076293945,101200,0.0,0.0
2023-11-02 00:00:00-04:00,14.380000114440918,14.770000457763672,14.079999923706055,14.760000228881836,114900,0.0,0.0
2023-11-03 00:00:00-04:00,15.0,15.21500015258789,14.800000190734863,15.100000381469727,193500,0.0,0.0
2023-11-06 00:00:00-05:00,15.020000457763672,15.03499984741211,14.569999694824219,14.59000015258789,109300,0.0,0.0
2023-11-07 00:00:00-05:00,14.5,14.569999694824219,14.302000045776367,14.489999771118164,127200,0.0,0.0
2023-11-08 00:00:00-05:00,14.520000457763672,14.829999923706055,14.440999984741211,14.699999809265137,99400,0.0,0.0
2023-11-09 00:00:00-05:00,14.789999961853027,14.890000343322754,14.260000228881836,14.289999961853027,93100,0.0,0.0
2023-11-10 00:00:00-05:00,14.260000228881836,14.479999542236328,14.010000228881836,14.359999656677246,113300,0.0,0.0
2023-11-13 00:00:00-05:00,14.359999656677246,14.789999961853027,13.930000305175781,14.430000305175781,130100,0.0,0.0
2023-11-14 00:00:00-05:00,14.899999618530273,15.109999656677246,14.6899995803833,15.100000381469727,216600,0.0,0.0
2023-11-15 00:00:00-05:00,15.300000190734863,15.48900032043457,15.020000457763672,15.029999732971191,167400,0.0,0.0
2023-11-16 00:00:00-05:00,15.020000457763672,15.151000022888184,14.760000228881836,14.819999694824219,104000,0.0,0.0
2023-11-17 00:00:00-05:00,14.979999542236328,15.359999656677246,14.869999885559082,15.300000190734863,211700,0.0,0.0
2023-11-20 00:00:00-05:00,15.300000190734863,15.619999885559082,15.289999961853027,15.359999656677246,109900,0.0,0.0
2023-11-21 00:00:00-05:00,15.199999809265137,15.199999809265137,14.75,14.770000457763672,138000,0.0,0.0
2023-11-22 00:00:00-05:00,14.890000343322754,15.149999618530273,14.770000457763672,14.789999961853027,104700,0.0,0.0
2023-11-24 00:00:00-05:00,14.859999656677246,15.03499984741211,14.770000457763672,14.979999542236328,48300,0.0,0.0
2023-11-27 00:00:00-05:00,14.989999771118164,15.0,14.229999542236328,14.239999771118164,138600,0.0,0.0
2023-11-28 00:00:00-05:00,14.1899995803833,14.479999542236328,13.8100004196167,14.390000343322754,190300,0.0,0.0
2023-11-29 00:00:00-05:00,14.569999694824219,14.699999809265137,14.430000305175781,14.59000015258789,145200,0.0,0.0
2023-11-30 00:00:00-05:00,14.739999771118164,14.739999771118164,14.425000190734863,14.5,126100,0.0,0.0
2023-12-01 00:00:00-05:00,14.420000076293945,15.130000114440918,14.350000381469727,15.050000190734863,199500,0.0,0.0
2023-12-04 00:00:00-05:00,14.979999542236328,15.40999984741211,14.960000038146973,15.300000190734863,133400,0.0,0.0
2023-12-05 00:00:00-05:00,15.25,15.25,14.859999656677246,14.9399995803833,140200,0.0,0.0
2023-12-06 00:00:00-05:00,15.010000228881836,15.21500015258789,14.899999618530273,15.010000228881836,159900,0.0,0.0
2023-12-07 00:00:00-05:00,15.010000228881836,15.220000267028809,14.930000305175781,15.029999732971191,118000,0.0,0.0
2023-12-08 00:00:00-05:00,15.239999771118164,15.800000190734863,15.220000267028809,15.720000267028809,183600,0.0,0.0
2023-12-11 00:00:00-05:00,15.65999984741211,15.800000190734863,15.444999694824219,15.619999885559082,114300,0.0,0.0
2023-12-12 00:00:00-05:00,15.600000381469727,15.649999618530273,15.460000038146973,15.569999694824219,98600,0.0,0.0
2023-12-13 00:00:00-05:00,15.600000381469727,16.06999969482422,15.300000190734863,16.049999237060547,213500,0.0,0.0
2023-12-14 00:00:00-05:00,16.31999969482422,16.530000686645508,15.649999618530273,16.190000534057617,234300,0.0,0.0
2023-12-15 00:00:00-05:00,16.399999618530273,16.399999618530273,15.800000190734863,15.880000114440918,263700,0.0,0.0
2023-12-18 00:00:00-05:00,15.899999618530273,15.899999618530273,15.239999771118164,15.430000305175781,243500,0.0,0.0
2023-12-19 00:00:00-05:00,15.5,16.0,15.470000267028809,16.0,185300,0.0,0.0
2023-12-20 00:00:00-05:00,16.049999237060547,16.459999084472656,15.760000228881836,15.779999732971191,156900,0.0,0.0
2023-12-21 00:00:00-05:00,15.869999885559082,16.020000457763672,15.795000076293945,15.869999885559082,99100,0.0,0.0
2023-12-22 00:00:00-05:00,15.90999984741211,16.15999984741211,15.8100004196167,15.960000038146973,108200,0.0,0.0
2023-12-26 00:00:00-05:00,15.970000267028809,16.139999389648438,15.850000381469727,16.079999923706055,118700,0.0,0.0
2023-12-27 00:00:00-05:00,16.06999969482422,16.18000030517578,15.920000076293945,15.979999542236328,118400,0.0,0.0
2023-12-28 00:00:00-05:00,15.949999809265137,16.1200008392334,15.890000343322754,15.960000038146973,106800,0.0,0.0
2023-12-29 00:00:00-05:00,15.930000305175781,15.960000038146973,15.619999885559082,15.729999542236328,146500,0.0,0.0
2024-01-02 00:00:00-05:00,15.699999809265137,16.260000228881836,15.619999885559082,15.899999618530273,123400,0.0,0.0
2024-01-03 00:00:00-05:00,15.800000190734863,15.800000190734863,15.359999656677246,15.470000267028809,160000,0.0,0.0
2024-01-04 00:00:00-05:00,15.420000076293945,15.640000343322754,15.35200023651123,15.579999923706055,101600,0.0,0.0
2024-01-05 00:00:00-05:00,15.5,15.729999542236328,15.470000267028809,15.529999732971191,114700,0.0,0.0
2024-01-08 00:00:00-05:00,15.600000381469727,15.86400032043457,15.5600004196167,15.800000190734863,105200,0.0,0.0
2024-01-09 00:00:00-05:00,15.649999618530273,15.84000015258789,15.539999961853027,15.770000457763672,123300,0.0,0.0
2024-01-10 00:00:00-05:00,15.710000038146973,15.819999694824219,15.670000076293945,15.800000190734863,94700,0.0,0.0
2024-01-11 00:00:00-05:00,15.789999961853027,15.789999961853027,15.470000267028809,15.609999656677246,86400,0.0,0.0
2024-01-12 00:00:00-05:00,15.779999732971191,15.899999618530273,15.460000038146973,15.470000267028809,85400,0.0,0.0
2024-01-16 00:00:00-05:00,15.399999618530273,15.437999725341797,14.852999687194824,14.949999809265137,153800,0.0,0.0
2024-01-17 00:00:00-05:00,14.789999961853027,14.899999618530273,14.680999755859375,14.800000190734863,115600,0.0,0.0
2024-01-18 00:00:00-05:00,14.829999923706055,14.970000267028809,14.782999992370605,14.960000038146973,105200,0.0,0.0
2024-01-19 00:00:00-05:00,15.039999961853027,15.039999961853027,14.779999732971191,14.899999618530273,98500,0.0,0.0
2024-01-22 00:00:00-05:00,15.010000228881836,15.850000381469727,15.010000228881836,15.84000015258789,150800,0.0,0.0
2024-01-23 00:00:00-05:00,16.0,16.18899917602539,15.65999984741211,15.720000267028809,114200,0.0,0.0
2024-01-24 00:00:00-05:00,15.869999885559082,15.930000305175781,15.680000305175781,15.899999618530273,103500,0.0,0.0
2024-01-25 00:00:00-05:00,16.059999465942383,16.329999923706055,15.85099983215332,16.100000381469727,115800,0.0,0.0
2024-01-26 00:00:00-05:00,16.149999618530273,16.534000396728516,16.149999618530273,16.31999969482422,99000,0.0,0.0
2024-01-29 00:00:00-05:00,16.31999969482422,16.479999542236328,16.1299991607666,16.450000762939453,77300,0.0,0.0
2024-01-30 00:00:00-05:00,16.270000457763672,16.31999969482422,16.049999237060547,16.06999969482422,57200,0.0,0.0
2024-01-31 00:00:00-05:00,15.9399995803833,16.040000915527344,15.486000061035156,15.489999771118164,108100,0.0,0.0
2024-02-01 00:00:00-05:00,15.640000343322754,15.762999534606934,15.180000305175781,15.619999885559082,146300,0.0,0.0
2024-02-02 00:00:00-05:00,15.390000343322754,15.550000190734863,15.270000457763672,15.270000457763672,109700,0.0,0.0
2024-02-05 00:00:00-05:00,15.039999961853027,15.140000343322754,14.789999961853027,14.8100004196167,176000,0.0,0.0
2024-02-06 00:00:00-05:00,14.869999885559082,15.180000305175781,14.869999885559082,15.109999656677246,89400,0.0,0.0
2024-02-07 00:00:00-05:00,15.050000190734863,15.097000122070312,14.779999732971191,14.8100004196167,106500,0.0,0.0
2024-02-08 00:00:00-05:00,14.829999923706055,15.0600004196167,14.710000038146973,14.75,94800,0.0,0.0
2024-02-09 00:00:00-05:00,14.720000267028809,15.0,14.710000038146973,14.869999885559082,97600,0.0,0.0
2024-02-12 00:00:00-05:00,14.899999618530273,15.510000228881836,14.899999618530273,15.369999885559082,150300,0.0,0.0
2024-02-13 00:00:00-05:00,14.829999923706055,14.965999603271484,14.67199993133545,14.899999618530273,261800,0.0,0.0
2024-02-14 00:00:00-05:00,15.109999656677246,15.439000129699707,14.970000267028809,15.34000015258789,138300,0.0,0.0
2024-02-15 00:00:00-05:00,15.420000076293945,15.930000305175781,15.25,15.869999885559082,132400,0.0,0.0
2024-02-16 00:00:00-05:00,15.729999542236328,15.859999656677246,15.390000343322754,15.760000228881836,139400,0.0,0.0
2024-02-20 00:00:00-05:00,15.470000267028809,15.649999618530273,15.395999908447266,15.460000038146973,98000,0.0,0.0
2024-02-21 00:00:00-05:00,15.329999923706055,15.5600004196167,15.25,15.430000305175781,74100,0.0,0.0
2024-02-22 00:00:00-05:00,15.34000015258789,15.4399995803833,15.1899995803833,15.289999961853027,125300,0.0,0.0
2024-02-23 00:00:00-05:00,15.079999923706055,15.710000038146973,14.986000061035156,15.579999923706055,139700,0.0,0.0
2024-02-26 00:00:00-05:00,15.550000190734863,15.930000305175781,15.550000190734863,15.90999984741211,111600,0.0,0.0
2024-02-27 00:00:00-05:00,15.920000076293945,16.049999237060547,15.890000343322754,15.920000076293945,95500,0.0,0.0
2024-02-28 00:00:00-05:00,15.739999771118164,15.9399995803833,15.520999908447266,15.899999618530273,98700,0.0,0.0
2024-02-29 00:00:00-05:00,16.1299991607666,16.559999465942383,16.086000442504883,16.40999984741211,177400,0.0,0.0
2024-03-01 00:00:00-05:00,16.389999389648438,16.68000030517578,16.030000686645508,16.649999618530273,138600,0.0,0.0
2024-03-04 00:00:00-05:00,16.649999618530273,16.989999771118164,16.34000015258789,16.510000228881836,137800,0.0,0.0
2024-03-05 00:00:00-05:00,16.40999984741211,16.65999984741211,16.309999465942383,16.34000015258789,128400,0.0,0.0
2024-03-06 00:00:00-05:00,16.469999313354492,16.469999313354492,15.899999618530273,15.9399995803833,197200,0.0,0.0
2024-03-07 00:00:00-05:00,16.0,16.200000762939453,15.800000190734863,15.970000267028809,133400,0.0,0.0
2024-03-08 00:00:00-05:00,16.09000015258789,16.200000762939453,15.680000305175781,15.6899995803833,126100,0.0,0.0
2024-03-11 00:00:00-04:00,15.6899995803833,16.1299991607666,15.65999984741211,16.06999969482422,176500,0.0,0.0
2024-03-12 00:00:00-04:00,16.139999389648438,16.219999313354492,15.920000076293945,16.059999465942383,122800,0.0,0.0
2024-03-13 00:00:00-04:00,16.079999923706055,16.34000015258789,15.90999984741211,16.0,208400,0.0,0.0
2024-03-14 00:00:00-04:00,16.049999237060547,16.110000610351562,15.779999732971191,15.869999885559082,251600,0.0,0.0
2024-03-15 00:00:00-04:00,15.720000267028809,16.049999237060547,15.720000267028809,15.920000076293945,277800,0.0,0.0
2024-03-18 00:00:00-04:00,15.869999885559082,16.18000030517578,15.770000457763672,15.850000381469727,246700,0.0,0.0
2024-03-19 00:00:00-04:00,15.760000228881836,15.979000091552734,15.760000228881836,15.819999694824219,231600,0.0,0.0
2024-03-20 00:00:00-04:00,15.770000457763672,16.739999771118164,15.729999542236328,16.540000915527344,135300,0.0,0.0
2024-03-21 00:00:00-04:00,16.610000610351562,16.809999465942383,16.540000915527344,16.6200008392334,134100,0.0,0.0
2024-03-22 00:00:00-04:00,16.739999771118164,16.829999923706055,16.399999618530273,16.639999389648438,108100,0.0,0.0
2024-03-25 00:00:00-04:00,16.600000381469727,16.81999969482422,16.350000381469727,16.360000610351562,104200,0.0,0.0
2024-03-26 00:00:00-04:00,16.3700008392334,16.530000686645508,16.149999618530273,16.15999984741211,122800,0.0,0.0
2024-03-27 00:00:00-04:00,16.25,16.479999542236328,16.25,16.469999313354492,88700,0.0,0.0
2024-03-28 00:00:00-04:00,15.779999732971191,15.899999618530273,15.109999656677246,15.460000038146973,520200,0.0,0.0
2024-04-01 00:00:00-04:00,15.4399995803833,15.569999694824219,15.289999961853027,15.34000015258789,233300,0.0,0.0
2024-04-02 00:00:00-04:00,15.319999694824219,15.569999694824219,15.100000381469727,15.279999732971191,219200,0.0,0.0
2024-04-03 00:00:00-04:00,15.329999923706055,15.704999923706055,15.300000190734863,15.5,193700,0.0,0.0
2024-04-04 00:00:00-04:00,15.710000038146973,15.819999694824219,15.390000343322754,15.399999618530273,178500,0.0,0.0
2024-04-05 00:00:00-04:00,15.329999923706055,15.489999771118164,15.210000038146973,15.449999809265137,114700,0.0,0.0
2024-04-08 00:00:00-04:00,15.539999961853027,16.06999969482422,15.520000457763672,15.890000343322754,122800,0.0,0.0
2024-04-09 00:00:00-04:00,15.920000076293945,16.229999542236328,15.819999694824219,16.020000457763672,89900,0.0,0.0
2024-04-10 00:00:00-04:00,15.579999923706055,15.90999984741211,15.460000038146973,15.760000228881836,184200,0.0,0.0
2024-04-11 00:00:00-04:00,15.729999542236328,15.890000343322754,15.510000228881836,15.789999961853027,102000,0.0,0.0
2024-04-12 00:00:00-04:00,15.760000228881836,16.0,15.710000038146973,15.84000015258789,101000,0.0,0.0
2024-04-15 00:00:00-04:00,15.960000038146973,16.030000686645508,15.590999603271484,15.600000381469727,153600,0.0,0.0
2024-04-16 00:00:00-04:00,15.5,15.689000129699707,15.319999694824219,15.479999542236328,106900,0.0,0.0
2024-04-17 00:00:00-04:00,15.619999885559082,15.75,15.380000114440918,15.399999618530273,84000,0.0,0.0
2024-04-18 00:00:00-04:00,15.430000305175781,15.680000305175781,15.34000015258789,15.479999542236328,126200,0.0,0.0
2024-04-19 00:00:00-04:00,15.40999984741211,16.079999923706055,15.40999984741211,16.040000915527344,129300,0.0,0.0
2024-04-22 00:00:00-04:00,16.030000686645508,16.030000686645508,15.550000190734863,15.550000190734863,157500,0.0,0.0
2024-04-23 00:00:00-04:00,15.600000381469727,15.829000473022461,15.5,15.510000228881836,128500,0.0,0.0
2024-04-24 00:00:00-04:00,15.449999809265137,15.510000228881836,15.369999885559082,15.449999809265137,135700,0.0,0.0
2024-04-25 00:00:00-04:00,15.329999923706055,16.139999389648438,15.319999694824219,16.1200008392334,185900,0.0,0.0
2024-04-26 00:00:00-04:00,16.200000762939453,16.290000915527344,15.800000190734863,15.90999984741211,100600,0.0,0.0
2024-04-29 00:00:00-04:00,15.890000343322754,16.165000915527344,15.699999809265137,15.75,118800,0.0,0.0
2024-04-30 00:00:00-04:00,15.600000381469727,15.664999961853027,15.369999885559082,15.4399995803833,123800,0.0,0.0
2024-05-01 00:00:00-04:00,15.40999984741211,15.90999984741211,15.40999984741211,15.609999656677246,127900,0.0,0.0
2024-05-02 00:00:00-04:00,15.800000190734863,16.079999923706055,15.729999542236328,15.9399995803833,129700,0.0,0.0
2024-05-03 00:00:00-04:00,16.0,16.0,15.510000228881836,15.5600004196167,99700,0.0,0.0
2024-05-06 00:00:00-04:00,15.699999809265137,15.789999961853027,15.5600004196167,15.579999923706055,121200,0.0,0.0
2024-05-07 00:00:00-04:00,15.520000457763672,15.680000305175781,15.380000114440918,15.390000343322754,156800,0.0,0.0
2024-05-08 00:00:00-04:00,15.270000457763672,15.371000289916992,15.15999984741211,15.170000076293945,110300,0.0,0.0
2024-05-09 00:00:00-04:00,15.069999694824219,15.529999732971191,15.069999694824219,15.510000228881836,171800,0.0,0.0
2024-05-10 00:00:00-04:00,14.619999885559082,15.218999862670898,14.12399959564209,15.0,443900,0.0,0.0
2024-05-13 00:00:00-04:00,14.529999732971191,14.75,13.602999687194824,14.010000228881836,505300,0.0,0.0
2024-05-14 00:00:00-04:00,14.119999885559082,14.291999816894531,13.779999732971191,13.899999618530273,348200,0.0,0.0
2024-05-15 00:00:00-04:00,13.979999542236328,14.055000305175781,13.59000015258789,13.699999809265137,393600,0.0,0.0
2024-05-16 00:00:00-04:00,13.699999809265137,13.890000343322754,13.680000305175781,13.789999961853027,302800,0.0,0.0
2024-05-17 00:00:00-04:00,13.930000305175781,13.9399995803833,13.640000343322754,13.800000190734863,172300,0.0,0.0
2024-05-20 00:00:00-04:00,13.59000015258789,13.789999961853027,13.5600004196167,13.579999923706055,378800,0.0,0.0
2024-05-21 00:00:00-04:00,13.59000015258789,13.6899995803833,13.329999923706055,13.489999771118164,310000,0.0,0.0
2024-05-22 00:00:00-04:00,13.470000267028809,14.949999809265137,13.470000267028809,14.640000343322754,407800,0.0,0.0
2024-05-23 00:00:00-04:00,14.970000267028809,15.0,14.300000190734863,14.390000343322754,262900,0.0,0.0
2024-05-24 00:00:00-04:00,14.739999771118164,14.904999732971191,14.649999618530273,14.84000015258789,192200,0.0,0.0
2024-05-28 00:00:00-04:00,14.859999656677246,15.239999771118164,14.859999656677246,15.130000114440918,228300,0.0,0.0
2024-05-29 00:00:00-04:00,14.829999923706055,15.0600004196167,14.791999816894531,14.850000381469727,143100,0.0,0.0
2024-05-30 00:00:00-04:00,14.9399995803833,15.100000381469727,14.770000457763672,14.789999961853027,124400,0.0,0.0
2024-05-31 00:00:00-04:00,14.789999961853027,14.987000465393066,14.555000305175781,14.609999656677246,118600,0.0,0.0
2024-06-03 00:00:00-04:00,14.5600004196167,14.770000457763672,14.289999961853027,14.430000305175781,139100,0.0,0.0
2024-06-04 00:00:00-04:00,14.329999923706055,14.366000175476074,14.109999656677246,14.210000038146973,102900,0.0,0.0
2024-06-05 00:00:00-04:00,14.260000228881836,14.4399995803833,14.119999885559082,14.40999984741211,151900,0.0,0.0
2024-06-06 00:00:00-04:00,14.050000190734863,14.0600004196167,13.449999809265137,13.899999618530273,526700,0.0,0.0
2024-06-07 00:00:00-04:00,13.979999542236328,14.210000038146973,13.819999694824219,13.869999885559082,261800,0.0,0.0
2024-06-10 00:00:00-04:00,14.170000076293945,14.239999771118164,13.84000015258789,14.119999885559082,248000,0.0,0.0
2024-06-11 00:00:00-04:00,13.970000267028809,14.166000366210938,13.890000343322754,13.989999771118164,248100,0.0,0.0
2024-06-12 00:00:00-04:00,14.130000114440918,14.237000465393066,13.789999961853027,13.869999885559082,219900,0.0,0.0
2024-06-13 00:00:00-04:00,13.90999984741211,14.050000190734863,13.869999885559082,13.899999618530273,174100,0.0,0.0
2024-06-14 00:00:00-04:00,13.800000190734863,13.920000076293945,13.680000305175781,13.729999542236328,222700,0.0,0.0
2024-06-17 00:00:00-04:00,13.699999809265137,13.970000267028809,13.6899995803833,13.899999618530273,167900,0.0,0.0
2024-06-18 00:00:00-04:00,14.0,14.100000381469727,13.836999893188477,14.069999694824219,292100,0.0,0.0
2024-06-20 00:00:00-04:00,13.859999656677246,14.020000457763672,13.720000267028809,13.90999984741211,263900,0.0,0.0
2024-06-21 00:00:00-04:00,14.0,14.0,13.789999961853027,13.899999618530273,297300,0.0,0.0
2024-06-24 00:00:00-04:00,13.84000015258789,14.039999961853027,13.710000038146973,13.989999771118164,270300,0.0,0.0
2024-06-25 00:00:00-04:00,13.960000038146973,13.970000267028809,13.680000305175781,13.739999771118164,276700,0.0,0.0
2024-06-26 00:00:00-04:00,13.5600004196167,13.640000343322754,13.300000190734863,13.399999618530273,285000,0.0,0.0
2024-06-27 00:00:00-04:00,13.380000114440918,13.5600004196167,13.260000228881836,13.460000038146973,284200,0.0,0.0
2024-06-28 00:00:00-04:00,13.420000076293945,13.550000190734863,13.300000190734863,13.460000038146973,563900,0.0,0.0
2024-07-01 00:00:00-04:00,13.260000228881836,13.390000343322754,12.949999809265137,12.970000267028809,303800,0.0,0.0
2024-07-02 00:00:00-04:00,12.949999809265137,13.09000015258789,12.869999885559082,12.920000076293945,209700,0.0,0.0
2024-07-03 00:00:00-04:00,12.880000114440918,13.039999961853027,12.859999656677246,12.989999771118164,130900,0.0,0.0
2024-07-05 00:00:00-04:00,12.9399995803833,13.039999961853027,12.600000381469727,12.600000381469727,350400,0.0,0.0
2024-07-08 00:00:00-04:00,12.510000228881836,12.885000228881836,12.40999984741211,12.8100004196167,477400,0.0,0.0
2024-07-09 00:00:00-04:00,12.760000228881836,12.880000114440918,12.649999618530273,12.760000228881836,207100,0.0,0.0
2024-07-10 00:00:00-04:00,12.75,12.779999732971191,12.550000190734863,12.779999732971191,218300,0.0,0.0
2024-07-11 00:00:00-04:00,12.829999923706055,13.300000190734863,12.829999923706055,13.260000228881836,202600,0.0,0.0
2024-07-12 00:00:00-04:00,13.390000343322754,13.460000038146973,13.289999961853027,13.390000343322754,126400,0.0,0.0
2024-07-15 00:00:00-04:00,13.399999618530273,13.800000190734863,13.350000381469727,13.720000267028809,169300,0.0,0.0
2024-07-16 00:00:00-04:00,13.760000228881836,14.140000343322754,13.739999771118164,14.119999885559082,219100,0.0,0.0
2024-07-17 00:00:00-04:00,14.0,14.180000305175781,13.90999984741211,14.130000114440918,165200,0.0,0.0
2024-07-18 00:00:00-04:00,14.020000457763672,14.300000190734863,13.739999771118164,13.75,116600,0.0,0.0
2024-07-19 00:00:00-04:00,13.789999961853027,13.84000015258789,13.600000381469727,13.609999656677246,89200,0.0,0.0
2024-07-22 00:00:00-04:00,13.569999694824219,13.699999809265137,13.395000457763672,13.619999885559082,152200,0.0,0.0
2024-07-23 00:00:00-04:00,13.5600004196167,13.899999618530273,13.40999984741211,13.829999923706055,174600,0.0,0.0
2024-07-24 00:00:00-04:00,13.720000267028809,13.930000305175781,13.5,13.510000228881836,104100,0.0,0.0
2024-07-25 00:00:00-04:00,13.569999694824219,13.9399995803833,13.569999694824219,13.770000457763672,113200,0.0,0.0
2024-07-26 00:00:00-04:00,14.300000190734863,14.925000190734863,14.289999961853027,14.739999771118164,197100,0.0,0.0
2024-07-29 00:00:00-04:00,14.729999542236328,14.800000190734863,14.319999694824219,14.4399995803833,121700,0.0,0.0
2024-07-30 00:00:00-04:00,14.460000038146973,14.770000457763672,14.4399995803833,14.619999885559082,103700,0.0,0.0
2024-07-31 00:00:00-04:00,14.670000076293945,15.119999885559082,14.470000267028809,14.699999809265137,170000,0.0,0.0
2024-08-01 00:00:00-04:00,14.720000267028809,14.805000305175781,14.140000343322754,14.270000457763672,145400,0.0,0.0
2024-08-02 00:00:00-04:00,13.800000190734863,14.0,13.789999961853027,13.890000343322754,138300,0.0,0.0
2024-08-05 00:00:00-04:00,13.260000228881836,13.40999984741211,13.00100040435791,13.380000114440918,184500,0.0,0.0
2024-08-06 00:00:00-04:00,13.399999618530273,13.640000343322754,13.289999961853027,13.5,130100,0.0,0.0
2024-08-07 00:00:00-04:00,13.640000343322754,13.640000343322754,13.300000190734863,13.350000381469727,123300,0.0,0.0
2024-08-08 00:00:00-04:00,13.510000228881836,13.527999877929688,13.319999694824219,13.380000114440918,102900,0.0,0.0
2024-08-09 00:00:00-04:00,13.329999923706055,13.329999923706055,13.109999656677246,13.25,108700,0.0,0.0
2024-08-12 00:00:00-04:00,13.069999694824219,13.25,13.050000190734863,13.09000015258789,151400,0.0,0.0
2024-08-13 00:00:00-04:00,13.289999961853027,13.430000305175781,13.109000205993652,13.420000076293945,115600,0.0,0.0
2024-08-14 00:00:00-04:00,13.420000076293945,13.489999771118164,13.050000190734863,13.229999542236328,144200,0.0,0.0
2024-08-15 00:00:00-04:00,13.529999732971191,13.84000015258789,13.376999855041504,13.770000457763672,153000,0.0,0.0
2024-08-16 00:00:00-04:00,13.699999809265137,13.850000381469727,13.470000267028809,13.539999961853027,102500,0.0,0.0
2024-08-19 00:00:00-04:00,13.460000038146973,13.630000114440918,13.40999984741211,13.609999656677246,105500,0.0,0.0
2024-08-20 00:00:00-04:00,13.59000015258789,13.59000015258789,13.3100004196167,13.350000381469727,106000,0.0,0.0
2024-08-21 00:00:00-04:00,13.380000114440918,13.470000267028809,13.220000267028809,13.34000015258789,108500,0.0,0.0
2024-08-22 00:00:00-04:00,13.300000190734863,13.529999732971191,13.25,13.430000305175781,163900,0.0,0.0
2024-08-23 00:00:00-04:00,13.550000190734863,13.989999771118164,13.520000457763672,13.90999984741211,99600,0.0,0.0
2024-08-26 00:00:00-04:00,14.079999923706055,14.239999771118164,13.930999755859375,14.140000343322754,167400,0.0,0.0
2024-08-27 00:00:00-04:00,14.029999732971191,14.329999923706055,14.029999732971191,14.279999732971191,91900,0.0,0.0
2024-08-28 00:00:00-04:00,14.15999984741211,14.350000381469727,14.149999618530273,14.199999809265137,146100,0.0,0.0
2024-08-29 00:00:00-04:00,14.279999732971191,14.3149995803833,14.149999618530273,14.229999542236328,111100,0.0,0.0
2024-08-30 00:00:00-04:00,14.229999542236328,14.319999694824219,14.071999549865723,14.289999961853027,120800,0.0,0.0
2024-09-03 00:00:00-04:00,14.069999694824219,14.1899995803833,14.020000457763672,14.050000190734863,111600,0.0,0.0
2024-09-04 00:00:00-04:00,13.989999771118164,14.21500015258789,13.899999618530273,14.199999809265137,81300,0.0,0.0
2024-09-05 00:00:00-04:00,14.319999694824219,14.34000015258789,14.130000114440918,14.300000190734863,100500,0.0,0.0
2024-09-06 00:00:00-04:00,14.329999923706055,14.390000343322754,14.079999923706055,14.199999809265137,140100,0.0,0.0
2024-09-09 00:00:00-04:00,14.149999618530273,14.350000381469727,14.100000381469727,14.1899995803833,149700,0.0,0.0
2024-09-10 00:00:00-04:00,14.220000267028809,14.220000267028809,14.0,14.15999984741211,153500,0.0,0.0
2024-09-11 00:00:00-04:00,14.079999923706055,14.15999984741211,13.779999732971191,14.140000343322754,155500,0.0,0.0
2024-09-12 00:00:00-04:00,14.15999984741211,14.470000267028809,14.119999885559082,14.380000114440918,89300,0.0,0.0
2024-09-13 00:00:00-04:00,14.5,14.84000015258789,14.498000144958496,14.829999923706055,138300,0.0,0.0
2024-09-16 00:00:00-04:00,14.84000015258789,14.869999885559082,14.585000038146973,14.739999771118164,82200,0.0,0.0
2024-09-17 00:00:00-04:00,14.84000015258789,15.0600004196167,14.649999618530273,14.699999809265137,111100,0.0,0.0
2024-09-18 00:00:00-04:00,14.699999809265137,15.180000305175781,14.62399959564209,14.819999694824219,140500,0.0,0.0
2024-09-19 00:00:00-04:00,14.84000015258789,15.010000228881836,14.664999961853027,14.880000114440918,222500,0.0,0.0
2024-09-20 00:00:00-04:00,14.789999961853027,15.449999809265137,14.680000305175781,14.920000076293945,375200,0.0,0.0
2024-09-23 00:00:00-04:00,15.0,15.109999656677246,14.800000190734863,15.079999923706055,122300,0.0,0.0
2024-09-24 00:00:00-04:00,15.079999923706055,15.079999923706055,14.819999694824219,14.9399995803833,135100,0.0,0.0
2024-09-25 00:00:00-04:00,14.859999656677246,14.947999954223633,14.550000190734863,14.5600004196167,146600,0.0,0.0
2024-09-26 00:00:00-04:00,14.65999984741211,14.829999923706055,14.59000015258789,14.6899995803833,131300,0.0,0.0
2024-09-27 00:00:00-04:00,14.84000015258789,15.15999984741211,14.725000381469727,14.970000267028809,98900,0.0,0.0
2024-09-30 00:00:00-04:00,14.899999618530273,15.039999961853027,14.836999893188477,14.869999885559082,101800,0.0,0.0
2024-10-01 00:00:00-04:00,14.850000381469727,14.850000381469727,14.505000114440918,14.579999923706055,97700,0.0,0.0
2024-10-02 00:00:00-04:00,14.579999923706055,14.6899995803833,14.529999732971191,14.619999885559082,60800,0.0,0.0
2024-10-03 00:00:00-04:00,14.579999923706055,14.640000343322754,14.359999656677246,14.380000114440918,84700,0.0,0.0
2024-10-04 00:00:00-04:00,14.5600004196167,14.649999618530273,14.489999771118164,14.5,72200,0.0,0.0
2024-10-07 00:00:00-04:00,14.5,14.789999961853027,14.319999694824219,14.380000114440918,93700,0.0,0.0
2024-10-08 00:00:00-04:00,14.359999656677246,14.515000343322754,14.281000137329102,14.399999618530273,55800,0.0,0.0
2024-10-09 00:00:00-04:00,14.369999885559082,14.619999885559082,14.319999694824219,14.449999809265137,70600,0.0,0.0
2024-10-10 00:00:00-04:00,14.399999618530273,14.425000190734863,14.194999694824219,14.359999656677246,70900,0.0,0.0
2024-10-11 00:00:00-04:00,14.380000114440918,14.630000114440918,14.361000061035156,14.59000015258789,78000,0.0,0.0
2024-10-14 00:00:00-04:00,14.59000015258789,14.680000305175781,14.430000305175781,14.65999984741211,101100,0.0,0.0
2024-10-15 00:00:00-04:00,14.65999984741211,14.869999885559082,14.595000267028809,14.720000267028809,118500,0.0,0.0
2024-10-16 00:00:00-04:00,14.819999694824219,15.029999732971191,14.770000457763672,14.869999885559082,104000,0.0,0.0
2024-10-17 00:00:00-04:00,14.859999656677246,15.029999732971191,14.6899995803833,15.010000228881836,58400,0.0,0.0
2024-10-18 00:00:00-04:00,15.029999732971191,15.050000190734863,14.869999885559082,14.90999984741211,70200,0.0,0.0
2024-10-21 00:00:00-04:00,14.920000076293945,14.920000076293945,14.680000305175781,14.760000228881836,68600,0.0,0.0
2024-10-22 00:00:00-04:00,14.710000038146973,14.869999885559082,14.656999588012695,14.859999656677246,57100,0.0,0.0
2024-10-23 00:00:00-04:00,14.770000457763672,15.119999885559082,14.770000457763672,15.0600004196167,105600,0.0,0.0
2024-10-24 00:00:00-04:00,15.069999694824219,15.25,15.020000457763672,15.170000076293945,88700,0.0,0.0
2024-10-25 00:00:00-04:00,15.25,15.40999984741211,15.180000305175781,15.3100004196167,82300,0.0,0.0
2024-10-28 00:00:00-04:00,15.460000038146973,15.644000053405762,15.314000129699707,15.489999771118164,132500,0.0,0.0
2024-10-29 00:00:00-04:00,15.390000343322754,15.46500015258789,14.920000076293945,15.029999732971191,95800,0.0,0.0
2024-10-30 00:00:00-04:00,14.970000267028809,15.300000190734863,14.899999618530273,14.90999984741211,76300,0.0,0.0
2024-10-31 00:00:00-04:00,14.850000381469727,14.979999542236328,14.710000038146973,14.760000228881836,85700,0.0,0.0
2024-11-01 00:00:00-04:00,14.850000381469727,14.989999771118164,14.744999885559082,14.869999885559082,83100,0.0,0.0
2024-11-04 00:00:00-05:00,14.8100004196167,15.039999961853027,14.710000038146973,14.960000038146973,88100,0.0,0.0
2024-11-05 00:00:00-05:00,14.880000114440918,15.229999542236328,14.859999656677246,15.220000267028809,110800,0.0,0.0
2024-11-06 00:00:00-05:00,15.800000190734863,16.200000762939453,15.5,15.890000343322754,195600,0.0,0.0
2024-11-07 00:00:00-05:00,15.84000015258789,16.052000045776367,15.699999809265137,15.800000190734863,118900,0.0,0.0
2024-11-08 00:00:00-05:00,15.84000015258789,15.970000267028809,15.729999542236328,15.960000038146973,96400,0.0,0.0
2024-11-11 00:00:00-05:00,15.880000114440918,16.174999237060547,15.850000381469727,16.1299991607666,98800,0.0,0.0
2024-11-12 00:00:00-05:00,16.100000381469727,16.100000381469727,15.720000267028809,15.75,142800,0.0,0.0
2024-11-13 00:00:00-05:00,15.65999984741211,15.75,14.319999694824219,15.0600004196167,238800,0.0,0.0
2024-11-14 00:00:00-05:00,15.0600004196167,15.0600004196167,14.600000381469727,14.699999809265137,128900,0.0,0.0
2024-11-15 00:00:00-05:00,14.770000457763672,14.87600040435791,14.279999732971191,14.430000305175781,157900,0.0,0.0
2024-11-18 00:00:00-05:00,14.40999984741211,14.654999732971191,14.390000343322754,14.5600004196167,113500,0.0,0.0
2024-11-19 00:00:00-05:00,14.4399995803833,14.75,14.4399995803833,14.539999961853027,86300,0.0,0.0
2024-11-20 00:00:00-05:00,14.420000076293945,14.75,14.380000114440918,14.710000038146973,63700,0.0,0.0
2024-11-21 00:00:00-05:00,14.699999809265137,14.890000343322754,14.609999656677246,14.739999771118164,69300,0.0,0.0
2024-11-22 00:00:00-05:00,14.789999961853027,15.0600004196167,14.6899995803833,14.930000305175781,120600,0.0,0.0
2024-11-25 00:00:00-05:00,15.0,15.255000114440918,14.850000381469727,15.0600004196167,123500,0.0,0.0
2024-11-26 00:00:00-05:00,14.9399995803833,15.074999809265137,14.84000015258789,14.90999984741211,94400,0.0,0.0
2024-11-27 00:00:00-05:00,15.09000015258789,15.5,15.07800006866455,15.229999542236328,95100,0.0,0.0
2024-11-29 00:00:00-05:00,15.350000381469727,15.5,15.170000076293945,15.270000457763672,59000,0.0,0.0
2024-12-02 00:00:00-05:00,15.229999542236328,15.359999656677246,15.149999618530273,15.300000190734863,86800,0.0,0.0
2024-12-03 00:00:00-05:00,15.260000228881836,15.260000228881836,14.975000381469727,15.109999656677246,96300,0.0,0.0
2024-12-04 00:00:00-05:00,15.109999656677246,15.119999885559082,14.859999656677246,14.920000076293945,89842,0.0,0.0
