Date,Open,High,Low,Close,Volume,Dividends,Stock Splits
2022-01-03 00:00:00-05:00,10.510377021767855,10.661413784836483,10.49260843938551,10.563684463500977,1451100,0.0,0.0
2022-01-04 00:00:00-05:00,10.608106774862085,10.874642299789823,10.608106774862085,10.768028259277344,896300,0.0,0.0
2022-01-05 00:00:00-05:00,10.776913357300025,10.936834847396101,10.750260058048381,10.785798072814941,880900,0.0,0.0
2022-01-06 00:00:00-05:00,10.830219796780804,10.883527241794473,10.608106995927855,10.625876426696777,640800,0.0,0.0
2022-01-07 00:00:00-05:00,10.581453038464435,10.679183207024462,10.457070419996096,10.590337753295898,1370900,0.0,0.0
2022-01-10 00:00:00-05:00,10.62587701969972,10.62587701969972,10.430417506798964,10.554800987243652,1022500,0.0,0.0
2022-01-11 00:00:00-05:00,10.563685191725448,10.70583724975586,10.359340972836906,10.70583724975586,1156500,0.0,0.0
2022-01-12 00:00:00-05:00,10.80356644146838,10.936834629659636,10.696952399291229,10.901296615600586,1019300,0.0,0.0
2022-01-13 00:00:00-05:00,10.972374396967217,11.318869877585339,10.972374396967217,11.309985160827637,969300,0.0,0.0
2022-01-14 00:00:00-05:00,11.26556125764288,11.478789337948866,11.167831085366165,11.452136039733887,954400,0.0,0.0
2022-01-18 00:00:00-05:00,11.381058682324467,11.4699032817513,11.28332852147408,11.434365272521973,1225100,0.0,0.0
2022-01-19 00:00:00-05:00,11.487673795761872,11.487673795761872,11.230022992674309,11.238906860351562,970800,0.0,0.0
2022-01-20 00:00:00-05:00,11.22113803874752,11.265560765360018,10.936833944096403,10.945717811584473,1002600,0.0,0.0
2022-01-21 00:00:00-05:00,10.86575855791663,11.05233335734962,10.73249120716156,10.741375923156738,1125700,0.0,0.0
2022-01-24 00:00:00-05:00,10.616991560688946,10.901296517906585,10.474839505726667,10.874642372131348,1183200,0.0,0.0
2022-01-25 00:00:00-05:00,10.723607279580378,11.00791228127651,10.616993221679282,10.936836242675781,688700,0.0,0.0
2022-01-26 00:00:00-05:00,11.043449832131703,11.194486619574823,10.759144842495324,10.865758895874023,732600,0.0,0.0
2022-01-27 00:00:00-05:00,10.874641543596526,11.08786960979418,10.572568026170009,10.652528762817383,762900,0.0,0.0
2022-01-28 00:00:00-05:00,10.670299313000344,10.794681941036751,10.448186508886064,10.785798072814941,843900,0.0,0.0
2022-01-31 00:00:00-05:00,10.670298805421462,11.025678936181876,10.670298805421462,10.96348762512207,809700,0.0,0.0
2022-02-01 00:00:00-05:00,10.936834611836405,10.972372625837542,10.77691312518475,10.95460319519043,651900,0.0,0.0
2022-02-02 00:00:00-05:00,10.963487928380651,11.061217255219766,10.80356644146838,10.901296615600586,803300,0.0,0.0
2022-02-03 00:00:00-05:00,10.830218528825299,10.901295396286514,10.652528478404747,10.661413192749023,1024700,0.0,0.0
2022-02-04 00:00:00-05:00,10.590337760721017,10.67918321451187,10.403762985594655,10.563684463500977,706800,0.0,0.0
2022-02-07 00:00:00-05:00,10.563684456094547,10.705836504225815,10.537030311600153,10.590337753295898,390800,0.0,0.0
2022-02-08 00:00:00-05:00,10.625876854303868,10.830220232611094,10.625876854303868,10.803566932678223,370100,0.0,0.0
2022-02-09 00:00:00-05:00,10.874642317063707,10.936834476264584,10.679183666126889,10.7147216796875,465600,0.0,0.0
2022-02-10 00:00:00-05:00,10.572568981683109,10.750259900199941,10.501492953193612,10.625876426696777,732000,0.0,0.0
2022-02-11 00:00:00-05:00,10.634762670491885,10.759145314578026,10.545917198464743,10.608108520507812,684700,0.0,0.0
2022-02-14 00:00:00-05:00,10.616992441103696,10.759144507853943,10.572569708420955,10.741375923156738,506300,0.0,0.0
2022-02-15 00:00:00-05:00,10.803566781632037,11.034564303935651,10.794682066014255,11.025679588317871,450700,0.0,0.0
2022-02-16 00:00:00-05:00,11.025679169120046,11.301099411747936,11.025679169120046,11.230023384094238,592500,0.0,0.0
2022-02-17 00:00:00-05:00,11.176716528844597,11.221139260293,11.034564466044209,11.158947944641113,386100,0.0,0.0
2022-02-18 00:00:00-05:00,11.132294145081808,11.327753661183529,11.096756128271782,11.256677627563477,444700,0.0,0.0
2022-02-22 00:00:00-05:00,11.274445997658416,11.29221542937168,10.990141868591309,10.990141868591309,581600,0.0,0.0
2022-02-23 00:00:00-05:00,11.078987505335155,11.150063538710278,10.696953190473998,10.741375923156738,520800,0.0,0.0
2022-02-24 00:00:00-05:00,10.554799816998628,10.714721295940334,10.421531635449524,10.696951866149902,977800,0.0,0.0
2022-02-25 00:00:00-05:00,10.741374267070947,11.052331653320977,10.705836255862572,11.007909774780273,486200,0.0,0.0
2022-02-28 00:00:00-05:00,10.847988420536518,10.945717740615937,10.696951659409129,10.812450408935547,544700,0.0,0.0
2022-03-01 00:00:00-05:00,10.750259837646329,10.812451150389485,10.306034238525292,10.492609024047852,950900,0.0,0.0
2022-03-02 00:00:00-05:00,10.599223283467222,10.883527401599707,10.554800553185745,10.785798072814941,479700,0.0,0.0
2022-03-03 00:00:00-05:00,10.830220676488603,10.963488876201223,10.741376057306686,10.927950859069824,458600,0.0,0.0
2022-03-04 00:00:00-05:00,10.759143106171988,10.78579725068507,10.483723724547817,10.563684463500977,507400,0.0,0.0
2022-03-07 00:00:00-05:00,10.510378057445243,10.519262773158422,10.22607393296846,10.23495864868164,975000,0.0,0.0
2022-03-08 00:00:00-05:00,10.306034528585801,10.696952694005638,10.199419636178186,10.457071304321289,800400,0.0,0.0
2022-03-09 00:00:00-05:00,10.661414378904887,10.830219733761922,10.48372430871509,10.492609024047852,588200,0.0,0.0
2022-03-10 00:00:00-05:00,10.359339429855101,10.385992724942627,10.14611137456894,10.368224143981934,513900,0.0,0.0
2022-03-11 00:00:00-05:00,10.430417310612865,10.483724757598825,10.21718921725528,10.23495864868164,605500,0.0,0.0
2022-03-14 00:00:00-04:00,10.306036254375094,10.394880883201363,10.119461432358698,10.350458145141602,724800,0.0,0.0
2022-03-15 00:00:00-04:00,10.42153103224094,10.572567787545273,10.137226950394195,10.30603313446045,465800,0.0,0.0
2022-03-16 00:00:00-04:00,10.385993615803223,10.723605155944824,10.30603372368207,10.723605155944824,849600,0.0,0.0
2022-03-17 00:00:00-04:00,10.723606260437567,10.89241247154132,10.6258769284728,10.883527755737305,683000,0.0,0.0
2022-03-18 00:00:00-04:00,10.883527158384553,10.981256484985352,10.61699162994509,10.981256484985352,1851300,0.0,0.0
2022-03-21 00:00:00-04:00,10.999027049132621,11.167832421074586,10.661415457955515,10.732491493225098,1085000,0.0,0.0
2022-03-22 00:00:00-04:00,10.883527679769964,10.972373142603704,10.69695288565361,10.803566932678223,817800,0.0,0.0
2022-03-23 00:00:00-04:00,10.750260189235867,10.785798204436103,10.5814539815649,10.616991996765137,692200,0.0,0.0
2022-03-24 00:00:00-04:00,10.483723824418393,10.483723824418393,9.550849939899802,9.959537506103516,2546600,0.0,0.0
2022-03-25 00:00:00-04:00,10.066152267806858,10.439301848471853,10.03061425285272,10.12834358215332,1154100,0.0,0.0
2022-03-28 00:00:00-04:00,10.092804050276495,10.154996202568746,9.861807411439365,10.146111488342285,1067900,0.0,0.0
2022-03-29 00:00:00-04:00,10.323802246641495,10.723605094114255,10.323802246641495,10.563684463500977,631700,0.0,0.0
2022-03-30 00:00:00-04:00,10.599224651139671,10.661415973182741,10.448187857069458,10.608108520507812,1206200,0.0,0.0
2022-03-31 00:00:00-04:00,10.625876712388475,10.750260189235867,10.537031250741324,10.616991996765137,743600,0.0,0.0
2022-04-01 00:00:00-04:00,10.675448986912576,10.747398027579367,10.477588696228793,10.5855131149292,828900,0.145,0.0
2022-04-04 00:00:00-04:00,10.495577643636194,10.666456421282655,10.234762125522968,10.34268569946289,747400,0.0,0.0
2022-04-05 00:00:00-04:00,10.342684920140908,10.46859617576689,10.018914222717285,10.018914222717285,722300,0.0,0.0
2022-04-06 00:00:00-04:00,9.964953028263778,10.099857284870641,9.857029451438219,9.910991668701172,800100,0.0,0.0
2022-04-07 00:00:00-04:00,9.910990657804257,9.910990657804257,9.587219102651144,9.839040756225586,1100500,0.0,0.0
2022-04-08 00:00:00-04:00,9.884010131219522,10.063882759262121,9.78508040022118,9.910991668701172,818300,0.0,0.0
2022-04-11 00:00:00-04:00,9.893003655066028,10.180799850567483,9.893003655066028,10.009921073913574,476900,0.0,0.0
2022-04-12 00:00:00-04:00,10.090864204233794,10.216774613859132,10.018915153676362,10.054889678955078,432900,0.0,0.0
2022-04-13 00:00:00-04:00,10.072875868396533,10.486583311487655,10.000926822441581,10.432621955871582,625900,0.0,0.0
2022-04-14 00:00:00-04:00,10.477590944397637,10.567527693378896,10.270737622521308,10.30671215057373,538900,0.0,0.0
2022-04-18 00:00:00-04:00,10.297717329229508,10.423628594342912,10.270736650169608,10.34268569946289,750200,0.0,0.0
2022-04-19 00:00:00-04:00,10.405641459756515,10.648470157385239,10.369666933185634,10.549539566040039,436200,0.0,0.0
2022-04-20 00:00:00-04:00,10.67545192154528,10.819350042435792,10.63048354434188,10.738407135009766,525200,0.0,0.0
2022-04-21 00:00:00-04:00,10.828340788468362,10.864315308388845,10.693436553191596,10.837334632873535,651100,0.0,0.0
2022-04-22 00:00:00-04:00,10.846329213700528,10.846329213700528,10.729411801595681,10.756392478942871,470200,0.0,0.0
2022-04-25 00:00:00-04:00,10.69343772685267,10.882304191589355,10.486583571331394,10.882304191589355,551600,0.0,0.0
2022-04-26 00:00:00-04:00,10.756393455683407,10.81934866111029,10.639476032961806,10.720418930053711,683700,0.0,0.0
2022-04-27 00:00:00-04:00,10.738406044906352,10.963247050398282,10.639476311262037,10.693438529968262,763300,0.0,0.0
2022-04-28 00:00:00-04:00,10.738405217459135,11.02620226554887,10.693437705986014,10.918278694152832,906900,0.0,0.0
2022-04-29 00:00:00-04:00,10.783374417600951,10.891297997313595,10.513565039469158,10.549539566040039,1338700,0.0,0.0
2022-05-02 00:00:00-04:00,10.522559742968157,10.62149034237472,10.117846071642543,10.324699401855469,1278300,0.0,0.0
2022-05-03 00:00:00-04:00,10.324696834734342,10.378659044420857,10.14482423194633,10.261741638183594,973700,0.0,0.0
2022-05-04 00:00:00-04:00,10.288724004651302,11.152113497592,10.216774951714608,11.134126663208008,1050200,0.0,0.0
2022-05-05 00:00:00-04:00,10.900291185918405,11.089157653448936,10.738405397263575,10.891297340393066,990100,0.0,0.0
2022-05-06 00:00:00-04:00,10.873311797994566,10.927273162152616,10.405642067555892,10.423629760742188,1127000,0.0,0.0
2022-05-09 00:00:00-04:00,10.261743520937742,10.531552903472642,10.216775147565196,10.297718048095703,726400,0.0,0.0
2022-05-10 00:00:00-04:00,10.396646733549773,10.468595774664976,10.036900670273523,10.261741638183594,592500,0.0,0.0
2022-05-11 00:00:00-04:00,10.32469932206482,10.396649238213755,10.108852146719313,10.207782745361328,856000,0.0,0.0
2022-05-12 00:00:00-04:00,10.180800620407235,10.30671189431029,10.045896357989974,10.297718048095703,626700,0.0,0.0
2022-05-13 00:00:00-04:00,10.387653587724666,10.531551679634571,10.270736173622796,10.432621955871582,544100,0.0,0.0
2022-05-16 00:00:00-04:00,10.39664713756771,10.567525902431681,10.3426849257842,10.495576858520508,598900,0.0,0.0
2022-05-17 00:00:00-04:00,10.657464820487164,10.90928652578876,10.657464820487164,10.873311996459961,480900,0.0,0.0
2022-05-18 00:00:00-04:00,10.774380732991922,10.88230517202223,10.612495789847225,10.702431678771973,433900,0.0,0.0
2022-05-19 00:00:00-04:00,10.60349982454028,10.855321463983671,10.558531460214622,10.837334632873535,829100,0.0,0.0
2022-05-20 00:00:00-04:00,10.846328601771368,10.882303122104762,10.369665135228608,10.5855131149292,740800,0.0,0.0
2022-05-23 00:00:00-04:00,10.720419470868555,10.837336899488308,10.531552987359781,10.558533668518066,700600,0.0,0.0
2022-05-24 00:00:00-04:00,10.540546577672595,10.612495630814358,10.252749507405177,10.549539566040039,593300,0.0,0.0
2022-05-25 00:00:00-04:00,10.441614764991343,10.783373156290061,10.441614764991343,10.756392478942871,656600,0.0,0.0
2022-05-26 00:00:00-04:00,10.828342623927869,11.05318362596765,10.828342623927869,10.945260047912598,465000,0.0,0.0
2022-05-27 00:00:00-04:00,11.035196953614413,11.134126687190365,10.99922156936821,11.098152160644531,608600,0.0,0.0
2022-05-31 00:00:00-04:00,10.945259309338818,11.179094141529365,10.900290940425206,11.026202201843262,604000,0.0,0.0
2022-06-01 00:00:00-04:00,10.972240072411397,11.125132013279204,10.837335822328182,10.882304191589355,828400,0.0,0.0
2022-06-02 00:00:00-04:00,10.9722395929914,10.9722395929914,10.720417936912327,10.792366981506348,596300,0.0,0.0
2022-06-03 00:00:00-04:00,10.675450558591503,10.774380289648082,10.639476032961806,10.720418930053711,482400,0.0,0.0
2022-06-06 00:00:00-04:00,10.828341955805984,10.936265527202021,10.738405217459135,10.918278694152832,604400,0.0,0.0
2022-06-07 00:00:00-04:00,10.846329751783939,11.179094314575195,10.783373691250238,11.179094314575195,545100,0.0,0.0
2022-06-08 00:00:00-04:00,11.098151950661286,11.17909484828302,10.981234527174374,11.01720905303955,339900,0.0,0.0
2022-06-09 00:00:00-04:00,11.017207421583896,11.089156462659854,10.954252225067489,10.990226745605469,325500,0.0,0.0
2022-06-10 00:00:00-04:00,10.891296825323103,10.972239715822576,10.540545443425753,10.576519966125488,432200,0.0,0.0
2022-06-13 00:00:00-04:00,10.369667464271355,10.459604214154881,10.054890555079842,10.162814140319824,618700,0.0,0.0
2022-06-14 00:00:00-04:00,10.117843904767547,10.234761315035557,10.009920339374057,10.090863227844238,625800,0.0,0.0
2022-06-15 00:00:00-04:00,10.13583238291504,10.270736635725138,9.88400985304239,9.937972068786621,859200,0.0,0.0
2022-06-16 00:00:00-04:00,9.704137617603852,9.704137617603852,9.164518869412762,9.182506561279297,1746600,0.0,0.0
2022-06-17 00:00:00-04:00,9.29942347481192,9.4882899405408,9.272442796193598,9.308417320251465,1485500,0.0,0.0
2022-06-21 00:00:00-04:00,9.371373592624556,9.560240079911631,9.263450008132,9.389360427856445,705000,0.0,0.0
2022-06-22 00:00:00-04:00,9.299422469296323,9.479295070136633,9.227473428960199,9.416339874267578,927600,0.0,0.0
2022-06-23 00:00:00-04:00,9.704136670865726,9.946965341171396,9.299423078056552,9.551244735717773,1042800,0.0,0.0
2022-06-24 00:00:00-04:00,9.677156487368634,10.126838470710666,9.62319427197945,10.04589557647705,1037500,0.0,0.0
2022-06-27 00:00:00-04:00,10.072875914823074,10.243755543028895,9.982940035815004,10.18079948425293,737900,0.0,0.0
2022-06-28 00:00:00-04:00,10.252748921928506,10.351679507624336,9.946965892387745,9.973946571350098,526500,0.0,0.0
2022-06-29 00:00:00-04:00,10.018914834918284,10.018914834918284,9.66816258133495,9.713130950927734,557200,0.0,0.0
2022-06-30 00:00:00-04:00,9.632190164800535,9.731119913391025,9.479298189351281,9.650177001953125,714800,0.0,0.0
2022-07-01 00:00:00-04:00,9.560239488550993,9.73111827233585,9.488290436673122,9.623194694519043,550800,0.0,0.0
2022-07-05 00:00:00-04:00,9.533260006334311,9.677158128170225,9.281437435421003,9.632189750671387,681400,0.0,0.0
2022-07-06 00:00:00-04:00,9.627630300257373,9.700566820985149,9.481756389329911,9.572927474975586,612500,0.145,0.0
2022-07-07 00:00:00-04:00,9.673214846639842,9.873790710744467,9.654981151433185,9.727917671203613,478900,0.0,0.0
2022-07-08 00:00:00-04:00,9.664097083345498,9.828203795161313,9.600276985360445,9.700565338134766,338800,0.0,0.0
2022-07-11 00:00:00-04:00,9.673213494938981,9.837321076226575,9.554691449505917,9.700565338134766,331800,0.0,0.0
2022-07-12 00:00:00-04:00,9.627629782751058,9.873790309607651,9.627629782751058,9.746150970458984,334000,0.0,0.0
2022-07-13 00:00:00-04:00,9.664098522863613,9.809971563749238,9.563810155150815,9.773503303527832,430700,0.0,0.0
2022-07-14 00:00:00-04:00,9.618511199951172,9.709681398894254,9.436169932593259,9.618511199951172,306200,0.0,0.0
2022-07-15 00:00:00-04:00,9.82820547956522,9.855557327448693,9.55469308703399,9.664098739624023,440200,0.0,0.0
2022-07-18 00:00:00-04:00,9.755268121638393,9.864672895382512,9.536458574150155,9.554692268371582,707100,0.0,0.0
2022-07-19 00:00:00-04:00,9.727917967621465,10.129068838582219,9.727917967621465,10.056132316589355,537400,0.0,0.0
2022-07-20 00:00:00-04:00,10.065250171423285,10.22935778997283,10.019664625218192,10.174654960632324,487500,0.0,0.0
2022-07-21 00:00:00-04:00,10.09259959817282,10.256707191467285,10.03789764672256,10.256707191467285,279600,0.0,0.0
2022-07-22 00:00:00-04:00,10.311411599247604,10.384348125386962,10.047016474624433,10.174654960632324,369100,0.0,0.0
2022-07-25 00:00:00-04:00,10.147302480894812,10.293175511613036,10.056131401959997,10.202004432678223,432800,0.0,0.0
2022-07-26 00:00:00-04:00,10.12906791731911,10.220238996253924,10.092599659639554,10.202004432678223,352300,0.0,0.0
2022-07-27 00:00:00-04:00,10.220239271630868,10.411697846975214,10.211121989597359,10.338761329650879,372500,0.0,0.0
2022-07-28 00:00:00-04:00,10.311410261231357,10.393463190386905,10.2020046167469,10.29317569732666,563500,0.0,0.0
2022-07-29 00:00:00-04:00,10.238472838344213,10.32052663667718,10.11083436935681,10.147302627563477,792100,0.0,0.0
2022-08-01 00:00:00-04:00,10.083483367421925,10.347878456115723,9.882907513059502,10.347878456115723,625700,0.0,0.0
2022-08-02 00:00:00-04:00,10.338760692212063,10.366111667154389,10.074365615844727,10.074365615844727,361000,0.0,0.0
2022-08-03 00:00:00-04:00,10.101716879905144,10.347878269846843,10.065248622447688,10.256707191467285,400600,0.0,0.0
2022-08-04 00:00:00-04:00,10.211120410307009,10.329642449995955,10.13818390426331,10.320525169372559,705300,0.0,0.0
2022-08-05 00:00:00-04:00,10.174653730935193,10.411697846975214,10.110834495644367,10.338761329650879,1105600,0.0,0.0
2022-08-08 00:00:00-04:00,10.448165438928942,10.621389439152663,10.429930876025491,10.521101951599121,550600,0.0,0.0
2022-08-09 00:00:00-04:00,10.53022103577693,10.539338318789493,10.265825914716334,10.329645156860352,340500,0.0,0.0
2022-08-10 00:00:00-04:00,10.475517208350686,10.584921985653997,10.466399926207439,10.530220031738281,363600,0.0,0.0
2022-08-11 00:00:00-04:00,10.657856731558866,10.803730613177763,10.575803814329891,10.72167682647705,471300,0.0,0.0
2022-08-12 00:00:00-04:00,10.721679639487448,10.967840194702148,10.712562356468247,10.967840194702148,464500,0.0,0.0
2022-08-15 00:00:00-04:00,10.904021123481831,11.07724515620292,10.87667014346734,11.059011459350586,355400,0.0,0.0
2022-08-16 00:00:00-04:00,11.077243776262925,11.286936915510264,11.0225418230484,11.277819633483887,439000,0.0,0.0
2022-08-17 00:00:00-04:00,11.113709941908812,11.250466538134203,11.059007998996021,11.141061782836914,315200,0.0,0.0
2022-08-18 00:00:00-04:00,11.204883641903216,11.214000924357338,11.104596143323597,11.15018081665039,339500,0.0,0.0
2022-08-19 00:00:00-04:00,11.095478984779842,11.122829962975745,10.949605941772461,10.949605941772461,414400,0.0,0.0
2022-08-22 00:00:00-04:00,10.858434833196682,10.931371354552864,10.812849289981088,10.84931755065918,419600,0.0,0.0
2022-08-23 00:00:00-04:00,10.840199780382338,10.904019011210742,10.812847936194329,10.821965217590332,376900,0.0,0.0
2022-08-24 00:00:00-04:00,10.849315529761425,10.958721160888672,10.749028048945164,10.958721160888672,315800,0.0,0.0
2022-08-25 00:00:00-04:00,10.958722706365013,11.15018041415902,10.958722706365013,11.12282943725586,344200,0.0,0.0
2022-08-26 00:00:00-04:00,11.131946844308414,11.168415103745852,10.584922083274964,10.621390342712402,428200,0.0,0.0
2022-08-29 00:00:00-04:00,10.53933716572138,10.621390095441466,10.466399779072633,10.584921836853027,329400,0.0,0.0
2022-08-30 00:00:00-04:00,10.65785692921662,10.739910717439079,10.256706138372296,10.411696434020996,416600,0.0,0.0
2022-08-31 00:00:00-04:00,10.411697811106897,10.502868892184166,10.119951742814628,10.192888259887695,594600,0.0,0.0
2022-09-01 00:00:00-04:00,10.119952912409488,10.183772154856248,9.98319627498819,10.083484649658203,682400,0.0,0.0
2022-09-02 00:00:00-04:00,10.229355668767452,10.31140946102718,10.010545266250912,10.037897109985352,401200,0.0,0.0
2022-09-06 00:00:00-04:00,10.147302654414577,10.192888194661503,9.800853765798564,9.94672679901123,519800,0.0,0.0
2022-09-07 00:00:00-04:00,9.946726835033465,10.110834432727964,9.92849314055178,10.092599868774414,394000,0.0,0.0
2022-09-08 00:00:00-04:00,9.992312619529065,10.138185656833274,9.864673277151939,10.129068374633789,398500,0.0,0.0
2022-09-09 00:00:00-04:00,10.202004554188234,10.393463126654215,10.183770859867208,10.347878456115723,345500,0.0,0.0
2022-09-12 00:00:00-04:00,10.448166935237984,10.603157264226633,10.402581390922744,10.493752479553223,402300,0.0,0.0
2022-09-13 00:00:00-04:00,10.320526461963137,10.320526461963137,9.737034340534283,9.80997085571289,629300,0.0,0.0
2022-09-14 00:00:00-04:00,9.746150598680874,9.910258189973106,9.63674582764333,9.819087982177734,838700,0.0,0.0
2022-09-15 00:00:00-04:00,9.46352131613873,9.572926081302718,8.70680437165064,8.752389907836914,1846500,0.0,0.0
2022-09-16 00:00:00-04:00,8.615633355934968,8.770623658304455,8.31477003238756,8.451526641845703,1850100,0.0,0.0
2022-09-19 00:00:00-04:00,8.314771217086168,8.706805669463211,8.314771217086168,8.533580780029297,1029900,0.0,0.0
2022-09-20 00:00:00-04:00,8.433293281048341,8.57004904051982,8.333005782067385,8.533580780029297,1087700,0.0,0.0
2022-09-21 00:00:00-04:00,8.624752088739505,8.624752088739505,8.351239693260744,8.424176216125488,1044000,0.0,0.0
2022-09-22 00:00:00-04:00,8.260067674558414,8.351237873537517,7.348360467936908,7.576287269592285,3146400,0.0,0.0
2022-09-23 00:00:00-04:00,7.4395316054892175,7.4395316054892175,6.555175694779574,6.682814598083496,3005800,0.0,0.0
2022-09-26 00:00:00-04:00,6.655463621886334,6.901624581340435,6.628112210953243,6.682814598083496,1568700,0.0,0.0
2022-09-27 00:00:00-04:00,6.719283416478286,6.737517547042212,6.208727325952388,6.23607873916626,2441100,0.0,0.0
2022-09-28 00:00:00-04:00,6.318131800322627,6.509590379247792,6.163141915477632,6.4731221199035645,2441400,0.0,0.0
2022-09-29 00:00:00-04:00,6.372833918990741,6.418419458605168,6.0172681881003545,6.190492630004883,2270400,0.0,0.0
2022-09-30 00:00:00-04:00,6.199610381456772,6.254312772296361,5.944332122802734,5.944332122802734,1317000,0.0,0.0
2022-10-03 00:00:00-04:00,6.053736906407528,6.500473750510206,6.00815179806135,6.363717555999756,1583500,0.0,0.0
2022-10-04 00:00:00-04:00,6.557958578157935,6.7706991374806185,6.511710457892445,6.761449337005615,1825900,0.1,0.0
2022-10-05 00:00:00-04:00,6.631955425268586,6.724451227639218,6.530209822133502,6.678203105926514,1077600,0.0,0.0
2022-10-06 00:00:00-04:00,6.613455669556488,6.668953145983868,6.53020923438805,6.58570671081543,782200,0.0,0.0
2022-10-07 00:00:00-04:00,6.483962123660749,6.54870896461491,6.391465880489476,6.5117106437683105,1150400,0.0,0.0
2022-10-10 00:00:00-04:00,6.5579587653539475,6.604206445884809,6.483962123660749,6.5117106437683105,580300,0.0,0.0
2022-10-11 00:00:00-04:00,6.483961909999188,6.5579585492540255,6.354467350248461,6.493211269378662,972000,0.0,0.0
2022-10-12 00:00:00-04:00,6.5209603719658755,6.567208051982261,6.197224406577323,6.280470848083496,1760200,0.0,0.0
2022-10-13 00:00:00-04:00,6.113978614008135,6.4099651875521495,6.039981970622132,6.2989702224731445,1203900,0.0,0.0
2022-10-14 00:00:00-04:00,6.400715295687066,6.456212773614123,6.298969698960087,6.335968017578125,978500,0.0,0.0
2022-10-17 00:00:00-04:00,6.493211734302105,6.576458179951745,6.2897209617810645,6.326719284057617,879200,0.0,0.0
2022-10-18 00:00:00-04:00,6.483961741909597,6.548708579051709,6.335968026181735,6.437713623046875,1249400,0.0,0.0
2022-10-19 00:00:00-04:00,6.345217817760009,6.4099646548142015,6.234222420851146,6.335968017578125,1036800,0.0,0.0
2022-10-20 00:00:00-04:00,6.289720749155062,6.45621319377122,6.16022618450994,6.308219909667969,1326700,0.0,0.0
2022-10-21 00:00:00-04:00,6.335968348588862,6.465462470517172,6.25272234787662,6.446963310241699,582400,0.0,0.0
2022-10-24 00:00:00-04:00,6.456212902606306,6.585707020356672,6.298969824810625,6.530209541320801,1092700,0.0,0.0
2022-10-25 00:00:00-04:00,6.511710554969847,6.835446078490282,6.511710554969847,6.789198398590088,867200,0.0,0.0
2022-10-26 00:00:00-04:00,6.853944850772014,6.964940246571344,6.705951577779231,6.715201377868652,898300,0.0,0.0
2022-10-27 00:00:00-04:00,6.816947032356252,7.001939078215967,6.770699351682405,6.779948711395264,744400,0.0,0.0
2022-10-28 00:00:00-04:00,6.881694319095679,7.075935724796125,6.844695998110335,6.983439922332764,871800,0.0,0.0
2022-10-31 00:00:00-04:00,6.937192230610478,7.260927779828006,6.918693068971042,7.186931133270264,799900,0.0,0.0
2022-11-01 00:00:00-04:00,7.260927135037675,7.316424615027653,7.149932175057719,7.233178615570068,644400,0.0,0.0
2022-11-02 00:00:00-04:00,7.1591815689918805,7.279426330076389,6.881694167706208,6.89094352722168,664300,0.0,0.0
2022-11-03 00:00:00-04:00,6.835446308655982,7.029687717519766,6.752200305610634,6.9741902351379395,460200,0.0,0.0
2022-11-04 00:00:00-04:00,7.094435325073085,7.233179257896254,7.001939516875906,7.186931133270264,570900,0.0,0.0
2022-11-07 00:00:00-05:00,7.288676639748711,7.325674962504406,7.196180832859473,7.260927677154541,689300,0.0,0.0
2022-11-08 00:00:00-05:00,7.307175586210433,7.38117222954546,7.103684375984326,7.242428302764893,648800,0.0,0.0
2022-11-09 00:00:00-05:00,7.149931460033088,7.205428934473074,6.964939878566466,7.011187553405762,480000,0.0,0.0
2022-11-10 00:00:00-05:00,7.371922737634206,7.686409367101004,7.3534235760249596,7.492167949676514,908800,0.0,0.0
2022-11-11 00:00:00-05:00,7.556913312107874,7.7604044909392265,7.473666880671892,7.695656776428223,441000,0.0,0.0
2022-11-14 00:00:00-05:00,7.695657762873815,7.7511556849814545,7.547664480066173,7.593912601470947,562400,0.0,0.0
2022-11-15 00:00:00-05:00,7.760405110600684,7.862150267085903,7.695657390919631,7.723406791687012,512300,0.0,0.0
2022-11-16 00:00:00-05:00,7.640160657494221,7.667909177255806,7.510666095090923,7.566164016723633,394700,0.0,0.0
2022-11-17 00:00:00-05:00,7.279427001037341,7.593913192536095,7.1869311920832395,7.584663391113281,480200,0.0,0.0
2022-11-18 00:00:00-05:00,7.677158928964893,7.815902408998363,7.566163968516211,7.6031622886657715,488900,0.0,0.0
2022-11-21 00:00:00-05:00,7.612410952836495,7.741905510089096,7.566163715776534,7.723406791687012,525100,0.0,0.0
2022-11-22 00:00:00-05:00,7.815902346419669,7.871400267254428,7.769654226075625,7.806652545928955,361800,0.0,0.0
2022-11-23 00:00:00-05:00,7.6956573176790055,7.899148510822295,7.6956573176790055,7.862150192260742,396100,0.0,0.0
2022-11-25 00:00:00-05:00,7.862150239100579,7.926897076441661,7.797403401759497,7.8251519203186035,230100,0.0,0.0
2022-11-28 00:00:00-05:00,7.741906486862659,7.778904810444299,7.566164670377268,7.584663391113281,474100,0.0,0.0
2022-11-29 00:00:00-05:00,7.6031622886657715,7.686408729529666,7.575412886971451,7.6031622886657715,340700,0.0,0.0
2022-11-30 00:00:00-05:00,7.112933825174588,7.33492374420166,6.668953546065682,7.33492374420166,1282500,0.0,0.0
2022-12-01 00:00:00-05:00,7.427419614229032,7.667909136510303,7.334923813757299,7.464417934417725,1173700,0.0,0.0
2022-12-02 00:00:00-05:00,7.307175847027232,7.316425207246858,6.900193853103294,6.955691337585449,957900,0.0,0.0
2022-12-05 00:00:00-05:00,6.918692187437928,6.937191346720327,6.613455838750994,6.641204357147217,947400,0.0,0.0
2022-12-06 00:00:00-05:00,6.650454734680431,6.696702416374081,6.585707451043577,6.668953895568848,620600,0.0,0.0
2022-12-07 00:00:00-05:00,6.613456197235866,6.696702197991661,6.511710595140147,6.548708915710449,590700,0.0,0.0
2022-12-08 00:00:00-05:00,6.58570671081543,6.668953145983868,6.446962799219611,6.58570671081543,528400,0.0,0.0
2022-12-09 00:00:00-05:00,6.50246111250384,6.567207951749529,6.33596823203261,6.354467391967773,800100,0.0,0.0
2022-12-12 00:00:00-05:00,6.354467239586339,6.539459275556585,6.206473963653945,6.502460956573486,843700,0.0,0.0
2022-12-13 00:00:00-05:00,6.604206048086276,6.724450804122274,6.271221180523932,6.335968017578125,1395200,0.0,0.0
2022-12-14 00:00:00-05:00,6.335968214460584,6.363717174813751,6.123227655268838,6.28972053527832,1549000,0.0,0.0
2022-12-15 00:00:00-05:00,6.197224932875404,6.280471381451265,6.0954797635658045,6.141727447509766,891300,0.0,0.0
2022-12-16 00:00:00-05:00,6.086229062838214,6.19722401716879,6.030731585672926,6.1047282218933105,1218300,0.0,0.0
2022-12-19 00:00:00-05:00,6.113978304189914,6.206474103735309,5.73474486447165,5.7809929847717285,2316100,0.0,0.0
2022-12-20 00:00:00-05:00,5.928986071724958,6.733700604304157,5.901237553288803,6.335968017578125,3531200,0.0,0.0
2022-12-21 00:00:00-05:00,6.345217788574636,6.345217788574636,5.882738366921625,6.169475555419922,1931700,0.0,0.0
2022-12-22 00:00:00-05:00,6.049230992794875,6.520960229626606,5.947485393292093,6.493211269378662,1857900,0.0,0.0
2022-12-23 00:00:00-05:00,6.446962944814698,6.641204337224551,6.419214426501717,6.576457500457764,1138100,0.0,0.0
2022-12-27 00:00:00-05:00,6.520960182008867,6.631955140080611,6.4747120622849295,6.530209541320801,955000,0.0,0.0
2022-12-28 00:00:00-05:00,6.511709733828346,6.622704680857819,6.446962460867131,6.4747114181518555,913500,0.0,0.0
2022-12-29 00:00:00-05:00,6.548709388573881,6.798448290983739,6.530210226952958,6.650454998016357,852100,0.0,0.0
2022-12-30 00:00:00-05:00,6.566033817668131,6.669214474325787,6.537893475934022,6.631694316864014,567600,0.1,0.0
2023-01-03 00:00:00-05:00,6.744255063191622,6.903715962519018,6.669214745220041,6.884955883026123,790000,0.0,0.0
2023-01-04 00:00:00-05:00,6.978756448411299,7.063177031798417,6.875575785079887,7.053796768188477,888400,0.0,0.0
2023-01-05 00:00:00-05:00,7.035036288082522,7.091316524714115,6.847435499310546,6.922475814819336,617000,0.0,0.0
2023-01-06 00:00:00-05:00,7.035036461959086,7.10069696328991,6.959996144595614,7.0913166999816895,564300,0.0,0.0
2023-01-09 00:00:00-05:00,7.128836350746421,7.185116584759157,7.016275882720947,7.016275882720947,532700,0.0,0.0
2023-01-10 00:00:00-05:00,7.044417048184073,7.166357345851684,6.959996463642533,7.138217449188232,427200,0.0,0.0
2023-01-11 00:00:00-05:00,7.185116893388421,7.269537471671495,7.128836656958225,7.203876972198486,391700,0.0,0.0
2023-01-12 00:00:00-05:00,7.250777922388409,7.297678346476507,7.110077097399706,7.278918266296387,597800,0.0,0.0
2023-01-13 00:00:00-05:00,7.203877221908157,7.26953772365717,7.166357062987456,7.241397380828857,401600,0.0,0.0
2023-01-17 00:00:00-05:00,7.250778045725688,7.33519863161004,7.203877620839803,7.297678470611572,536400,0.0,0.0
2023-01-18 00:00:00-05:00,7.325817736278587,7.3351979993574785,7.044416553045269,7.06317663192749,363100,0.0,0.0
2023-01-19 00:00:00-05:00,6.978755973215044,7.016276130548817,6.884955579880613,6.913095474243164,367700,0.0,0.0
2023-01-20 00:00:00-05:00,6.922475611053232,6.941235689378219,6.800534878303046,6.8943352699279785,544700,0.0,0.0
2023-01-23 00:00:00-05:00,6.894335347598207,7.035036160258487,6.8568151905255394,6.90371561050415,726100,0.0,0.0
2023-01-24 00:00:00-05:00,6.884955680182831,6.90371575912302,6.819295180254387,6.856815338134766,386700,0.0,0.0
2023-01-25 00:00:00-05:00,6.772394882759648,6.884955805728875,6.7348747241950955,6.875575542449951,334100,0.0,0.0
2023-01-26 00:00:00-05:00,6.941235767576818,6.9787559246494855,6.800534954916538,6.90371561050415,403600,0.0,0.0
2023-01-27 00:00:00-05:00,6.875575688781011,6.988136166870262,6.85681560909947,6.969376087188721,408400,0.0,0.0
2023-01-30 00:00:00-05:00,6.95061583446565,7.185117048284606,6.913095676036663,7.081936836242676,512800,0.0,0.0
2023-01-31 00:00:00-05:00,7.081936056418326,7.325817059351891,6.997515485611255,7.316437244415283,588300,0.0,0.0
2023-02-01 00:00:00-05:00,7.28829690505442,7.41961744509557,7.147596102801141,7.316437244415283,502000,0.0,0.0
2023-02-02 00:00:00-05:00,7.353958712109274,7.447759114605443,7.250778045725688,7.297678470611572,629800,0.0,0.0
2023-02-03 00:00:00-05:00,7.1944977285262155,7.4852791968424865,7.1944977285262155,7.2882981300354,1487600,0.0,0.0
2023-02-06 00:00:00-05:00,7.241397792233356,7.269538136660403,6.950616320440012,7.156977653503418,534500,0.0,0.0
2023-02-07 00:00:00-05:00,7.0913164520543255,7.241397081534134,7.044416478979664,7.194497108459473,469600,0.0,0.0
2023-02-08 00:00:00-05:00,7.128837087965654,7.185117327798537,7.044416951854123,7.053796768188477,376000,0.0,0.0
2023-02-09 00:00:00-05:00,7.110076863192844,7.166357101879328,6.800535326779391,6.819295406341553,504300,0.0,0.0
2023-02-10 00:00:00-05:00,6.791154471602056,7.016275854007247,6.753634315747114,6.941235542297363,427300,0.0,0.0
2023-02-13 00:00:00-05:00,6.959996241907278,7.213257540187772,6.9224760827009515,7.175737380981445,406900,0.0,0.0
2023-02-14 00:00:00-05:00,7.100697288786569,7.21325776999156,7.016276704245029,7.138217449188232,319000,0.0,0.0
2023-02-15 00:00:00-05:00,7.063176903362465,7.175737380981445,7.035036560319931,7.175737380981445,348100,0.0,0.0
2023-02-16 00:00:00-05:00,7.0444166483589585,7.269537597991587,7.006896042811286,7.222637176513672,633300,0.0,0.0
2023-02-17 00:00:00-05:00,7.278917984577567,7.382098197937012,7.185117140031781,7.382098197937012,554800,0.0,0.0
2023-02-21 00:00:00-05:00,7.278918086176666,7.3633382212604035,7.260157559185189,7.325818061828613,775300,0.0,0.0
2023-02-22 00:00:00-05:00,7.3164376433999285,7.372717877915245,7.175736833473864,7.3070573806762695,1211400,0.0,0.0
2023-02-23 00:00:00-05:00,7.410238763183356,7.56969921969133,7.382098419519838,7.485279083251953,551900,0.0,0.0
2023-02-24 00:00:00-05:00,7.3914788146229755,7.438378791862166,7.2601578048918105,7.363338470458984,427000,0.0,0.0
2023-02-27 00:00:00-05:00,7.466518450162639,7.654119236437859,7.419618029956057,7.475898265838623,424600,0.0,0.0
2023-02-28 00:00:00-05:00,7.438378436299138,7.588459519207051,7.382098197937012,7.382098197937012,788100,0.0,0.0
2023-03-01 00:00:00-05:00,7.382098173115423,7.5040389127944715,7.344578014333497,7.447758674621582,629500,0.0,0.0
2023-03-02 00:00:00-05:00,7.372717473784873,7.532177905866454,7.325817057288484,7.522798538208008,313600,0.0,0.0
2023-03-03 00:00:00-05:00,7.588458556048986,7.832340005272683,7.541558139728885,7.80419921875,447600,0.0,0.0
2023-03-06 00:00:00-05:00,7.785440044969781,7.79482030769344,7.23201706798918,7.3070573806762695,571500,0.0,0.0
2023-03-07 00:00:00-05:00,7.325817835399744,7.363337993671848,7.1944972814473775,7.222637176513672,579700,0.0,0.0
2023-03-08 00:00:00-05:00,7.260157585144043,7.316438271768543,7.156977369975486,7.260157585144043,427100,0.0,0.0
2023-03-09 00:00:00-05:00,7.307057756263691,7.419618231080006,7.185117018241567,7.222637176513672,540800,0.0,0.0
2023-03-10 00:00:00-05:00,7.194497464218512,7.2226373599996805,6.89433574314071,7.035036563873291,793400,0.0,0.0
2023-03-13 00:00:00-04:00,6.866195241480818,6.913095212736134,6.659833936675702,6.734874248504639,787700,0.0,0.0
2023-03-14 00:00:00-04:00,6.959995995943586,7.081936732692597,6.781775022374009,6.856815338134766,794800,0.0,0.0
2023-03-15 00:00:00-04:00,6.631694635681737,6.763015193111159,6.575414396783413,6.753634929656982,773600,0.0,0.0
2023-03-16 00:00:00-04:00,6.6504546902821,6.856815565465875,6.566034108614585,6.819295406341553,747100,0.0,0.0
2023-03-17 00:00:00-04:00,6.763015296908832,6.838055616591637,6.650454817384624,6.697354793548584,1629700,0.0,0.0
2023-03-20 00:00:00-04:00,6.772394757835288,6.856815336686084,6.603554047409259,6.716114521026611,1206400,0.0,0.0
2023-03-21 00:00:00-04:00,6.847435522302453,6.988135890716089,6.838055259194577,6.856815338134766,772300,0.0,0.0
2023-03-22 00:00:00-04:00,6.884955319438052,6.98813552456507,6.725494433163791,6.734874248504639,978500,0.0,0.0
2023-03-23 00:00:00-04:00,7.513419500480464,8.010561849440306,6.809915822035878,7.138217449188232,3872100,0.0,0.0
2023-03-24 00:00:00-04:00,7.1757372239278565,7.926140838906069,7.138217065542724,7.860480785369873,2923500,0.0,0.0
2023-03-27 00:00:00-04:00,8.048080511517211,8.226301911158725,7.841719220451098,8.198161125183105,1436600,0.0,0.0
2023-03-28 00:00:00-04:00,8.179402475433093,8.263823054369334,7.7104000542772,8.057461738586426,1429400,0.0,0.0
2023-03-29 00:00:00-04:00,8.151260914390537,8.24506174756185,7.851099679523998,7.9449005126953125,846600,0.0,0.0
2023-03-30 00:00:00-04:00,7.98242129474541,8.029321715019046,7.860480559854398,7.898000717163086,492300,0.0,0.0
2023-03-31 00:00:00-04:00,7.926140611506823,8.038701083432883,7.747920087928337,7.898000717163086,784600,0.0,0.0
2023-04-03 00:00:00-04:00,7.9261403181286925,8.029321417821771,7.794820219684526,7.9918012619018555,966300,0.0,0.0
2023-04-04 00:00:00-04:00,8.039259349898686,8.058241781442348,7.602652562290632,7.678584098815918,817500,0.1,0.0
2023-04-05 00:00:00-04:00,7.631126867515781,7.640618536130652,7.4792637903792025,7.53621244430542,801500,0.0,0.0
2023-04-06 00:00:00-04:00,7.5551948585442394,7.612143961512348,7.498246208163772,7.5741777420043945,398500,0.0,0.0
2023-04-10 00:00:00-04:00,7.555194606413686,7.678583571080805,7.507737173053216,7.564685821533203,476500,0.0,0.0
2023-04-11 00:00:00-04:00,7.6026530002882176,7.726041980544218,7.555195560932007,7.583669662475586,641200,0.0,0.0
2023-04-12 00:00:00-04:00,7.678583313022634,7.7070574100118705,7.43180539198199,7.460279941558838,554400,0.0,0.0
2023-04-13 00:00:00-04:00,7.469771865307755,7.574177953548457,7.403331997635389,7.488754749298096,543000,0.0,0.0
2023-04-14 00:00:00-04:00,7.507737137067039,7.602652003333032,7.308416642048655,7.412822723388672,684100,0.0,0.0
2023-04-17 00:00:00-04:00,7.4697712203582105,7.716549143513176,7.365365593719678,7.707057476043701,634700,0.0,0.0
2023-04-18 00:00:00-04:00,7.726041114411621,8.029767243961373,7.707057778727128,7.9443440437316895,1427100,0.0,0.0
2023-04-19 00:00:00-04:00,7.9348535617769205,8.096208318508992,7.792482143566458,8.048750877380371,791600,0.0,0.0
2023-04-20 00:00:00-04:00,8.020275311334109,8.020275311334109,7.707057524282823,7.801972389221191,699500,0.0,0.0
2023-04-21 00:00:00-04:00,7.839938440973141,7.963327407836914,7.726041141985489,7.963327407836914,627600,0.0,0.0
2023-04-24 00:00:00-04:00,7.963326920469278,8.029766781185371,7.830446293861878,7.925361156463623,819100,0.0,0.0
2023-04-25 00:00:00-04:00,7.830446891063676,7.830446891063676,7.469771652914861,7.555194854736328,727400,0.0,0.0
2023-04-26 00:00:00-04:00,7.4887545094039,7.574177710917819,7.346382657743245,7.422314643859863,528200,0.0,0.0
2023-04-27 00:00:00-04:00,7.460279951666144,7.5362114805237965,7.3653655405940786,7.498245716094971,515700,0.0,0.0
2023-04-28 00:00:00-04:00,7.479263328454408,7.697566262061855,7.479263328454408,7.593160629272461,484300,0.0,0.0
2023-05-01 00:00:00-04:00,7.583668514133352,7.811463102339369,7.564685631782851,7.612143516540527,796300,0.0,0.0
2023-05-02 00:00:00-04:00,7.593160363105792,7.63112612871431,7.422314417867457,7.52672004699707,1038700,0.0,0.0
2023-05-03 00:00:00-04:00,7.564686278603797,7.707058134699917,7.393840322841046,7.450788974761963,819900,0.0,0.0
2023-05-04 00:00:00-04:00,7.355874518085127,7.460280605711523,7.213502662701433,7.241977214813232,699300,0.0,0.0
2023-05-05 00:00:00-04:00,7.346382109295289,7.498245617603437,7.213501935539815,7.232484817504883,712300,0.0,0.0
2023-05-08 00:00:00-04:00,7.289433534269292,7.4887540231341365,7.289433534269292,7.403331279754639,525800,0.0,0.0
2023-05-09 00:00:00-04:00,7.365365525587822,7.488754033436309,7.308416426472999,7.4412970542907715,344800,0.0,0.0
2023-05-10 00:00:00-04:00,7.574177234691007,7.621634213868938,7.355873863227211,7.460279941558838,528400,0.0,0.0
2023-05-11 00:00:00-04:00,7.355873858206148,7.450788269084834,7.3179080938546734,7.4412970542907715,396400,0.0,0.0
2023-05-12 00:00:00-04:00,7.422315082629278,7.4887549521009,7.251468669501868,7.327400207519531,589400,0.0,0.0
2023-05-15 00:00:00-04:00,7.3368918328788775,7.3748576016642335,6.966725360927822,7.042656898498535,1650300,0.0,0.0
2023-05-16 00:00:00-04:00,7.0141811794168065,7.023672846328865,6.340288216638711,6.4352030754089355,3190400,0.0,0.0
2023-05-17 00:00:00-04:00,6.425711663445119,6.606049268641043,6.311814371506936,6.539608955383301,1865100,0.0,0.0
2023-05-18 00:00:00-04:00,6.501643499272511,6.824352960966043,6.435203635456286,6.7958784103393555,4330000,0.0,0.0
2023-05-19 00:00:00-04:00,6.871810125693308,6.919267560477918,6.463677906378696,6.577575206756592,1521800,0.0,0.0
2023-05-22 00:00:00-04:00,6.596557883364729,6.719946847866618,6.482660586557274,6.662998199462891,1798600,0.0,0.0
2023-05-23 00:00:00-04:00,6.6629984811526874,6.90028475249372,6.606049830341357,6.824353218078613,2313200,0.0,0.0
2023-05-24 00:00:00-04:00,6.8243534115481035,6.862319179831982,6.558592580973301,6.625032901763916,1075800,0.0,0.0
2023-05-25 00:00:00-04:00,6.644015280197781,6.644015280197781,6.463677668281898,6.511135101318359,981900,0.0,0.0
2023-05-26 00:00:00-04:00,6.549100702552423,6.757912406986001,6.5016432707055305,6.7484211921691895,897300,0.0,0.0
2023-05-30 00:00:00-04:00,6.786387360538441,6.79587857592017,6.473169558951498,6.501643657684326,874500,0.0,0.0
2023-05-31 00:00:00-04:00,6.4162213068760074,6.4541870759331,6.084020148744945,6.159951686859131,1370500,0.0,0.0
2023-06-01 00:00:00-04:00,6.169442914440274,6.283340213470447,6.065036830702131,6.21690034866333,1358600,0.0,0.0
2023-06-02 00:00:00-04:00,6.359272275114999,6.520627021789551,6.311815289532155,6.520627021789551,1175400,0.0,0.0
2023-06-05 00:00:00-04:00,6.435203764544486,6.463677863154728,6.321306012340609,6.368763446807861,786400,0.0,0.0
2023-06-06 00:00:00-04:00,6.3592718288486765,6.700964182969954,6.3118148465961585,6.615540981292725,3310500,0.0,0.0
2023-06-07 00:00:00-04:00,6.719947397329778,7.014182331101261,6.710456181446911,6.947742462158203,1598500,0.0,0.0
2023-06-08 00:00:00-04:00,6.957232942273482,6.9857074920860605,6.74842123646916,6.919267177581787,1304600,0.0,0.0
2023-06-09 00:00:00-04:00,6.919267167683035,7.023673246729639,6.862318520726964,6.881301403045654,636300,0.0,0.0
2023-06-12 00:00:00-04:00,6.871809992142498,6.985707742894477,6.814861343060324,6.909776210784912,788700,0.0,0.0
2023-06-13 00:00:00-04:00,6.976215839385986,7.109096016088187,6.947741742100751,6.976215839385986,739000,0.0,0.0
2023-06-14 00:00:00-04:00,7.033164992097434,7.194519730270882,6.976216340845802,7.109096527099609,1116300,0.0,0.0
2023-06-15 00:00:00-04:00,7.052147906717066,7.1470627784729,6.919267719881606,7.1470627784729,973500,0.0,0.0
2023-06-16 00:00:00-04:00,7.175536100797356,7.175536100797356,6.8053696798377485,6.9857072830200195,1564100,0.0,0.0
2023-06-20 00:00:00-04:00,7.004690647125244,7.061639296379803,6.871810012943641,7.004690647125244,938100,0.0,0.0
2023-06-21 00:00:00-04:00,7.023673475495047,7.099605007242945,6.843335861299973,6.871809959411621,1909300,0.0,0.0
2023-06-22 00:00:00-04:00,6.9572335357756385,7.640618263699016,6.900284883879967,7.4318060874938965,3011700,0.0,0.0
2023-06-23 00:00:00-04:00,7.270450992755151,7.308416758833171,6.871809996348318,6.9287590980529785,2448300,0.0,0.0
2023-06-26 00:00:00-04:00,6.938250523416386,6.947742191517179,6.73893001917618,6.84333610534668,1213500,0.0,0.0
2023-06-27 00:00:00-04:00,6.862319024614231,7.137571064740292,6.814861589038987,7.033164978027344,1099400,0.0,0.0
2023-06-28 00:00:00-04:00,7.042656901366194,7.071131001672973,6.966725363764564,7.061639785766602,1528200,0.0,0.0
2023-06-29 00:00:00-04:00,7.109096335063361,7.308416835353702,7.06163935326277,7.270451068878174,930600,0.0,0.0
2023-06-30 00:00:00-04:00,7.327399502092972,7.34638238476986,7.241976756340789,7.31790828704834,526000,0.0,0.0
2023-07-03 00:00:00-04:00,7.289433318343895,7.593159876328573,7.289433318343895,7.507736682891846,981500,0.0,0.0
2023-07-05 00:00:00-04:00,7.440446426104174,7.478898768468002,7.26741294818871,7.41160774230957,1005300,0.1,0.0
2023-07-06 00:00:00-04:00,7.334703869092731,7.3539298108074425,7.094379368467538,7.257800102233887,1069900,0.0,0.0
2023-07-07 00:00:00-04:00,7.219348271147095,7.421220431423897,7.219348271147095,7.3347039222717285,925300,0.0,0.0
2023-07-10 00:00:00-04:00,7.267412820789353,7.488511378996735,7.132831229214348,7.15205717086792,633800,0.0,0.0
2023-07-11 00:00:00-04:00,7.219348301428543,7.315478011102284,7.171283217400364,7.3058648109436035,528600,0.0,0.0
2023-07-12 00:00:00-04:00,7.401994355639737,7.478898580047282,7.296251906546743,7.3154778480529785,540200,0.0,0.0
2023-07-13 00:00:00-04:00,7.315477924058603,7.526963282824465,7.2481868988963445,7.498124599456787,715800,0.0,0.0
2023-07-14 00:00:00-04:00,7.49812433598148,7.49812433598148,7.219347961849234,7.325090408325195,620600,0.0,0.0
2023-07-17 00:00:00-04:00,7.305864862697673,7.450059657421055,7.248187036484843,7.382768630981445,772300,0.0,0.0
2023-07-18 00:00:00-04:00,7.3923816132988,7.613480169788507,7.363542471851184,7.555802345275879,669500,0.0,0.0
2023-07-19 00:00:00-04:00,7.603867106623257,7.690384074139765,7.4212204298565245,7.6807708740234375,827700,0.0,0.0
2023-07-20 00:00:00-04:00,7.651932320241921,7.651932320241921,7.526963466905436,7.594254493713379,442400,0.0,0.0
2023-07-21 00:00:00-04:00,7.661544607787539,7.757674312967682,7.6327059254247915,7.6999969482421875,712500,0.0,0.0
2023-07-24 00:00:00-04:00,7.72883527136386,7.911481473525327,7.699996590341554,7.853804111480713,738300,0.0,0.0
2023-07-25 00:00:00-04:00,7.853804904294106,7.997999240726682,7.834578503828304,7.969160556793213,710300,0.0,0.0
2023-07-26 00:00:00-04:00,7.949934802477395,8.074902734190271,7.949934802477395,8.065290451049805,458700,0.0,0.0
2023-07-27 00:00:00-04:00,8.103742493877709,8.122967977303361,7.882643475508792,7.949934959411621,707600,0.0,0.0
2023-07-28 00:00:00-04:00,8.055677147867431,8.14219411237886,7.95954698357358,8.01722526550293,429700,0.0,0.0
2023-07-31 00:00:00-04:00,8.055677002916307,8.247936411279369,8.017225121243694,8.238323211669922,581900,0.0,0.0
2023-08-01 00:00:00-04:00,8.171032076054317,8.353678272024764,8.122966998136269,8.32483959197998,555900,0.0,0.0
2023-08-02 00:00:00-04:00,8.219098454520397,8.392131478934074,8.151806968081228,8.305615425109863,495400,0.0,0.0
2023-08-03 00:00:00-04:00,8.276775624405122,8.36329259291098,8.151806771759464,8.315227508544922,385500,0.0,0.0
2023-08-04 00:00:00-04:00,8.305615588647548,8.440196730645283,8.267163702824584,8.296002388000488,369800,0.0,0.0
2023-08-07 00:00:00-04:00,8.334453374234041,8.363292056297206,8.209484529606756,8.238323211669922,511500,0.0,0.0
2023-08-08 00:00:00-04:00,8.151807128590422,8.324841073176392,8.026839187239744,8.296002388000488,478300,0.0,0.0
2023-08-09 00:00:00-04:00,8.315226765818704,8.469035205404777,8.209484323070605,8.411356925964355,576800,0.0,0.0
2023-08-10 00:00:00-04:00,8.430583856525626,8.632455555388887,8.401744256603553,8.488261222839355,492400,0.0,0.0
2023-08-11 00:00:00-04:00,8.545938921963135,8.632454965521974,8.478647443508287,8.574777603149414,427000,0.0,0.0
2023-08-14 00:00:00-04:00,8.478648968780234,8.63245651846323,8.411358394985252,8.59400463104248,388000,0.0,0.0
2023-08-15 00:00:00-04:00,8.526712579874056,8.59400314201,8.488260699115639,8.517099380493164,340500,0.0,0.0
2023-08-16 00:00:00-04:00,8.517098931818477,8.642067766891351,8.372904615761755,8.38251781463623,278800,0.0,0.0
2023-08-17 00:00:00-04:00,8.469034825734122,8.497873505778907,8.305614110871828,8.32483959197998,330400,0.0,0.0
2023-08-18 00:00:00-04:00,8.22871103236473,8.382518560990489,8.142194068321444,8.286388397216797,399800,0.0,0.0
2023-08-21 00:00:00-04:00,8.305613656760196,8.392129692164263,8.161418430889965,8.190258026123047,540300,0.0,0.0
2023-08-22 00:00:00-04:00,8.219097555974741,8.286388118292175,8.065290032526233,8.142193794250488,389600,0.0,0.0
2023-08-23 00:00:00-04:00,8.190259150208291,8.30561479667761,8.0941289864346,8.286388397216797,397000,0.0,0.0
2023-08-24 00:00:00-04:00,8.238323261778751,8.305614742688997,8.046063852246288,8.074902534484863,387300,0.0,0.0
2023-08-25 00:00:00-04:00,8.084514727875035,8.219096756178955,8.07490152940367,8.132579803466797,309700,0.0,0.0
2023-08-28 00:00:00-04:00,8.171033271066802,8.392131378354234,8.151806870381682,8.363292694091797,593500,0.0,0.0
2023-08-29 00:00:00-04:00,8.363292990774505,8.51710053465073,8.315227904121867,8.507488250732422,331500,0.0,0.0
2023-08-30 00:00:00-04:00,8.478646875725541,8.738197739316364,8.469034593817243,8.661293983459473,457100,0.0,0.0
2023-08-31 00:00:00-04:00,8.661295789254746,8.815103333035895,8.632456187221823,8.718973159790039,473500,0.0,0.0
2023-09-01 00:00:00-04:00,8.767036546233424,8.911231778138621,8.757423347420058,8.815101623535156,483400,0.0,0.0
2023-09-05 00:00:00-04:00,8.795874821889182,8.795874821889182,8.594002239906558,8.622841835021973,601400,0.0,0.0
2023-09-06 00:00:00-04:00,8.622842670410263,8.690133232001951,8.420970068870052,8.469035148620605,342200,0.0,0.0
2023-09-07 00:00:00-04:00,8.478647906781063,8.478647906781063,8.17103284594562,8.228711128234863,699400,0.0,0.0
2023-09-08 00:00:00-04:00,8.22871151696697,8.238323800498273,8.084516262814539,8.151806831359863,318300,0.0,0.0
2023-09-11 00:00:00-04:00,8.19025967070416,8.26716343990432,8.06529081656259,8.257550239562988,419700,0.0,0.0
2023-09-12 00:00:00-04:00,8.257550402985196,8.372906059068397,8.21909851762413,8.247937202453613,403800,0.0,0.0
2023-09-13 00:00:00-04:00,8.30561479667761,8.334453479103644,8.161419551017072,8.286388397216797,371800,0.0,0.0
2023-09-14 00:00:00-04:00,8.344067407205985,8.574778720283918,8.344067407205985,8.565165519714355,452700,0.0,0.0
2023-09-15 00:00:00-04:00,8.526713899463632,8.60361767288205,8.449810126045211,8.497875213623047,1108700,0.0,0.0
2023-09-18 00:00:00-04:00,8.478647651750642,8.545939131858223,8.324840125959318,8.40174388885498,437000,0.0,0.0
2023-09-19 00:00:00-04:00,8.449808750014325,8.555551192053429,8.401743670263771,8.469035148620605,1373900,0.0,0.0
2023-09-20 00:00:00-04:00,9.46878540470877,10.93957104731849,9.257299593866234,10.103241920471191,10813700,0.0,0.0
2023-09-21 00:00:00-04:00,10.314727456709585,10.420470827096683,10.007112379434929,10.333953857421875,2332000,0.0,0.0
2023-09-22 00:00:00-04:00,10.535826258550713,10.73769887793983,10.401244206702897,10.612730026245117,1371800,0.0,0.0
2023-09-25 00:00:00-04:00,10.449308192176069,10.651180790342483,10.314726154476748,10.622342109680176,1410300,0.0,0.0
2023-09-26 00:00:00-04:00,10.526212640678489,10.612729605092685,10.208984382336563,10.314726829528809,1411300,0.0,0.0
2023-09-27 00:00:00-04:00,10.53582645946792,10.910733021701486,10.353180236901972,10.814602851867676,1995300,0.0,0.0
2023-09-28 00:00:00-04:00,10.747312019892254,10.872280870910213,10.64156865231117,10.776150703430176,937400,0.0,0.0
2023-09-29 00:00:00-04:00,10.689633472437974,10.843441003200862,10.62234290692051,10.737698554992676,1267600,0.0,0.0
2023-10-02 00:00:00-04:00,10.747398341914252,10.757098381990378,10.485503735186041,10.543702125549316,841900,0.1,0.0
2023-10-03 00:00:00-04:00,10.437004774455074,10.660100152650294,10.417604693718047,10.611600875854492,962500,0.0,0.0
2023-10-04 00:00:00-04:00,10.582501078083324,10.776497249189303,10.53400180404515,10.679499626159668,747000,0.0,0.0
2023-10-05 00:00:00-04:00,10.601901690912296,10.76679867590712,10.563102454739793,10.737698554992676,1048100,0.0,0.0
2023-10-06 00:00:00-04:00,10.631000787619069,10.902595438293279,10.57280147137979,10.660099983215332,1249600,0.0,0.0
2023-10-09 00:00:00-04:00,10.582501016048733,10.931695047039232,10.495202508301107,10.805597305297852,804100,0.0,0.0
2023-10-10 00:00:00-04:00,10.883195903155112,11.309987482179341,10.873495863279246,11.251789093017578,1473300,0.0,0.0
2023-10-11 00:00:00-04:00,11.261488510443657,11.494284848486116,11.251789395353892,11.48458480834961,996300,0.0,0.0
2023-10-12 00:00:00-04:00,11.474884154711935,11.474884154711935,11.135390168459066,11.222688674926758,1260100,0.0,0.0
2023-10-13 00:00:00-04:00,11.222689750183408,11.309988265015253,11.125692119851076,11.135391235351562,1359400,0.0,0.0
2023-10-16 00:00:00-04:00,11.290589035943338,11.610682971558646,11.24208975856746,11.261488914489746,1085400,0.0,0.0
2023-10-17 00:00:00-04:00,11.203289520737655,11.348786414819346,11.16449028731276,11.222688674926758,986000,0.0,0.0
2023-10-18 00:00:00-04:00,11.096591044243173,11.125691163383259,10.698898666462346,10.76679801940918,671700,0.0,0.0
2023-10-19 00:00:00-04:00,10.727999307198731,10.747398462521943,10.378805260913467,10.456403732299805,791600,0.0,0.0
2023-10-20 00:00:00-04:00,10.485503042316276,10.572800622092666,10.175108255717966,10.204208374023438,724900,0.0,0.0
2023-10-23 00:00:00-04:00,10.194508938731516,10.359405918714556,10.05871115373174,10.136309623718262,2028900,0.0,0.0
2023-10-24 00:00:00-04:00,10.213908881982466,10.320607480233646,10.12661036524852,10.184809684753418,725900,0.0,0.0
2023-10-25 00:00:00-04:00,10.087810566415525,10.223608354345892,10.019912134973715,10.126609802246094,682300,0.0,0.0
2023-10-26 00:00:00-04:00,10.184807995081986,10.378804152836123,10.107209531980331,10.175107955932617,669300,0.0,0.0
2023-10-27 00:00:00-04:00,10.213908212367523,10.272107528056925,9.9811127997034,10.04901123046875,626300,0.0,0.0
2023-10-30 00:00:00-04:00,10.16540838120844,10.27210696663292,10.107209993746624,10.155709266662598,791000,0.0,0.0
2023-10-31 00:00:00-04:00,10.427304469664415,10.912295375230201,10.417604429541882,10.582501411437988,1361500,0.0,0.0
2023-11-01 00:00:00-04:00,10.534002168663038,10.786197662353516,10.398205306711814,10.786197662353516,989300,0.0,0.0
2023-11-02 00:00:00-04:00,10.805597574755074,11.0092937895635,10.679499829869219,10.834696769714355,875500,0.0,0.0
2023-11-03 00:00:00-04:00,10.989894012981388,11.106291721078886,10.91229554091639,11.067492485046387,837300,0.0,0.0
2023-11-06 00:00:00-05:00,11.018993126964912,11.018993126964912,10.795897752695467,10.824996948242188,480100,0.0,0.0
2023-11-07 00:00:00-05:00,10.766799724291397,10.844398204192318,10.698900360592956,10.815298080444336,475900,0.0,0.0
2023-11-08 00:00:00-05:00,10.815296523153558,10.892894991881102,10.660099585698472,10.883195877075195,437700,0.0,0.0
2023-11-09 00:00:00-05:00,10.883195928417058,11.067492061252718,10.873495888518676,10.921995162963867,625000,0.0,0.0
2023-11-10 00:00:00-05:00,10.951095456551817,11.086893253616278,10.854096897927656,11.0383939743042,823100,0.0,0.0
2023-11-13 00:00:00-05:00,10.931695036368824,11.02869265873518,10.786197215249235,10.970494270324707,503400,0.0,0.0
2023-11-14 00:00:00-05:00,11.261489129598004,11.620382308959961,11.251790013974984,11.620382308959961,775000,0.0,0.0
2023-11-15 00:00:00-05:00,11.571883085478897,11.853177768422087,11.571883085478897,11.659181594848633,647400,0.0,0.0
2023-11-16 00:00:00-05:00,11.620381449010567,11.620381449010567,11.34878680568231,11.494284629821777,608700,0.0,0.0
2023-11-17 00:00:00-05:00,11.59128260678295,11.775579671289512,11.552483370841582,11.76587963104248,540900,0.0,0.0
2023-11-20 00:00:00-05:00,11.717379510164584,11.882276482289893,11.688280316567967,11.843477249145508,540200,0.0,0.0
2023-11-21 00:00:00-05:00,11.76587980056883,11.85317831395642,11.630082010294052,11.71738052368164,618200,0.0,0.0
2023-11-22 00:00:00-05:00,11.78527873629461,11.833778012276442,11.69798114958341,11.727080345153809,415500,0.0,0.0
2023-11-24 00:00:00-05:00,11.746479179171644,11.785278413886335,11.639781514967925,11.659181594848633,227000,0.0,0.0
2023-11-27 00:00:00-05:00,11.600981601330048,11.736779377407547,11.58158152258469,11.68828010559082,420700,0.0,0.0
2023-11-28 00:00:00-05:00,11.707680604234515,11.727080685208499,11.600982934017928,11.630082130432129,507200,0.0,0.0
2023-11-29 00:00:00-05:00,11.736781120300293,11.853178834917303,11.717381038674056,11.736781120300293,569500,0.0,0.0
2023-11-30 00:00:00-05:00,11.765879396758574,12.056874123047878,11.70768008148202,11.940476417541504,1078700,0.0,0.0
2023-12-01 00:00:00-05:00,11.872576539395018,12.289668992877662,11.804678112101264,12.085972785949707,877000,0.0,0.0
2023-12-04 00:00:00-05:00,12.037474899494157,12.173272694771297,11.979276505123098,12.066574096679688,621300,0.0,0.0
2023-12-05 00:00:00-05:00,12.056873705963456,12.105372054461688,11.979275238310244,11.998674392700195,589300,0.0,0.0
2023-12-06 00:00:00-05:00,11.872576487726423,12.173271239519734,11.794978021143638,12.047173500061035,422900,0.0,0.0
2023-12-07 00:00:00-05:00,12.08597299300461,12.250869969297309,12.056873798672576,12.241169929504395,544000,0.0,0.0
2023-12-08 00:00:00-05:00,12.241171005646565,12.299370324473742,12.095674096148814,12.1538724899292,412400,0.0,0.0
2023-12-11 00:00:00-05:00,12.115072598537425,12.25087038510724,11.979275737014353,12.182971954345703,540900,0.0,0.0
2023-12-12 00:00:00-05:00,12.173271239519734,12.173271239519734,12.018074306354162,12.047173500061035,482100,0.0,0.0
2023-12-13 00:00:00-05:00,12.008374524754718,12.250869969297309,11.785278234751244,12.241169929504395,1391400,0.0,0.0
2023-12-14 00:00:00-05:00,12.43516787312063,12.570965674443185,12.279970914493047,12.493367195129395,843300,0.0,0.0
2023-12-15 00:00:00-05:00,12.473966606883632,12.493366688448711,11.78527943711898,12.10537338256836,2163600,0.0,0.0
2023-12-18 00:00:00-05:00,12.212071318944183,12.309068946369958,12.056874375025542,12.134472846984863,964600,0.0,0.0
2023-12-19 00:00:00-05:00,12.16357156347767,12.493365518834672,12.153871523603238,12.318768501281738,2888600,0.0,0.0
2023-12-20 00:00:00-05:00,11.465184559772435,14.03563688026888,11.377886049918862,13.667043685913086,4463600,0.0,0.0
2023-12-21 00:00:00-05:00,13.841641199156792,14.103535813008879,13.414848674665356,13.686443328857422,1333000,0.0,0.0
2023-12-22 00:00:00-05:00,13.696143339728465,13.734942575958137,13.317850092704104,13.482747077941895,1179200,0.0,0.0
2023-12-26 00:00:00-05:00,13.44394774210676,13.52154621399118,13.249951562395713,13.40514850616455,795700,0.0,0.0
2023-12-27 00:00:00-05:00,13.385748759902281,13.531245657001998,13.220851783164356,13.308150291442871,1149100,0.0,0.0
2023-12-28 00:00:00-05:00,13.259652212491623,13.308151490911692,13.123854417924791,13.133554458618164,584800,0.0,0.0
2023-12-29 00:00:00-05:00,13.094753782743405,13.152953095465032,12.85225834232223,13.114153861999512,765700,0.0,0.0
2024-01-02 00:00:00-05:00,12.96865665736406,12.997755852580672,12.590363419361132,12.88135814666748,1115800,0.0,0.0
2024-01-03 00:00:00-05:00,12.852037476249619,12.969319250222888,12.676116679420272,12.803171157836914,1324900,0.1,0.0
2024-01-04 00:00:00-05:00,12.832490799779064,12.930224366114407,12.656569075484091,12.7152099609375,825300,0.0,0.0
2024-01-05 00:00:00-05:00,12.646795126339775,12.764076894344953,12.549061562422434,12.578381538391113,762200,0.0,0.0
2024-01-08 00:00:00-05:00,12.578382440368406,12.676116943359375,12.519742484226063,12.676116943359375,485000,0.0,0.0
2024-01-09 00:00:00-05:00,12.47087495424349,12.529514909076346,12.324273203030799,12.490421295166016,622500,0.0,0.0
2024-01-10 00:00:00-05:00,12.57838160520799,12.637022489522083,12.431780792520614,12.480648040771484,1130200,0.0,0.0
2024-01-11 00:00:00-05:00,12.412233588635733,12.470874473272229,12.246085502908445,12.334046363830566,748800,0.0,0.0
2024-01-12 00:00:00-05:00,12.431781197111283,12.500194787649873,12.314500356731445,12.42200756072998,697100,0.0,0.0
2024-01-16 00:00:00-05:00,12.275407005138128,12.382914211430073,12.206992481074812,12.294953346252441,547300,0.0,0.0
2024-01-17 00:00:00-05:00,12.119030996803078,12.285179082080955,12.00175015991256,12.070164680480957,621400,0.0,0.0
2024-01-18 00:00:00-05:00,12.177673586555645,12.177673586555645,11.913790967550808,12.099486351013184,652300,0.0,0.0
2024-01-19 00:00:00-05:00,12.177671411639334,12.22653865814209,11.943109746904357,12.22653865814209,620300,0.0,0.0
2024-01-22 00:00:00-05:00,12.334046604994763,12.607701897163551,12.324272968686705,12.568608283996582,803800,0.0,0.0
2024-01-23 00:00:00-05:00,12.666342465646512,12.754303326085031,12.4415534965186,12.480648040771484,903700,0.0,0.0
2024-01-24 00:00:00-05:00,12.65656999346309,12.754304498952356,12.431781935729232,12.45132827758789,724100,0.0,0.0
2024-01-25 00:00:00-05:00,12.597930337330183,12.627250316852553,12.431782233261174,12.588156700134277,521000,0.0,0.0
2024-01-26 00:00:00-05:00,12.646795103960875,12.705435987859698,12.480647952388875,12.627248764038086,464100,0.0,0.0
2024-01-29 00:00:00-05:00,12.676117046329166,13.135466790748307,12.676117046329166,13.106146812438965,1263300,0.0,0.0
2024-01-30 00:00:00-05:00,12.910677909851074,12.979091498878597,12.64679532577592,12.910677909851074,857000,0.0,0.0
2024-01-31 00:00:00-05:00,12.930225753922354,12.98886664566972,12.363367839314343,12.392688751220703,867300,0.0,0.0
2024-02-01 00:00:00-05:00,12.461101057270987,12.617475509643555,12.255859355515678,12.617475509643555,737200,0.0,0.0
2024-02-02 00:00:00-05:00,12.42200722475269,12.451327201038316,12.285179115311028,12.334046363830566,508600,0.0,0.0
2024-02-05 00:00:00-05:00,12.16789896425674,12.197218942195734,12.060391757103563,12.14835262298584,509200,0.0,0.0
2024-02-06 00:00:00-05:00,12.138579101375175,12.31450083480723,12.09948548639753,12.265633583068848,451100,0.0,0.0
2024-02-07 00:00:00-05:00,12.236312821638316,12.334046386794116,12.128804688282123,12.285179138183594,448900,0.0,0.0
2024-02-08 00:00:00-05:00,12.275406651276937,12.568608283996582,12.255859378660821,12.568608283996582,436800,0.0,0.0
2024-02-09 00:00:00-05:00,12.50019445922045,12.832490630931892,12.431780870479356,12.646795272827148,1115600,0.0,0.0
2024-02-12 00:00:00-05:00,12.68588919586594,12.88135819488113,12.656569218839769,12.783623695373535,556400,0.0,0.0
2024-02-13 00:00:00-05:00,12.451327269576064,12.509968154535345,12.158124708910147,12.236312866210938,661400,0.0,0.0
2024-02-14 00:00:00-05:00,12.412234248542536,12.871584917743585,12.412234248542536,12.822717666625977,650700,0.0,0.0
2024-02-15 00:00:00-05:00,12.959545726744434,13.262521004632905,12.910678475840243,13.233201026916504,610500,0.0,0.0
2024-02-16 00:00:00-05:00,13.086599945930045,13.194107150128335,12.900904582601319,13.047506332397461,816500,0.0,0.0
2024-02-20 00:00:00-05:00,12.861812104828303,13.027960210029777,12.39268870101145,12.44155502319336,757700,0.0,0.0
2024-02-21 00:00:00-05:00,12.353594350373518,12.441554284316414,12.285179825664203,12.41223430633545,595800,0.0,0.0
2024-02-22 00:00:00-05:00,12.402460669653362,12.549062423688781,12.334047077009343,12.41223430633545,638500,0.0,0.0
2024-02-23 00:00:00-05:00,12.382914277480143,12.509968757629395,12.304727048475264,12.509968757629395,557600,0.0,0.0
2024-02-26 00:00:00-05:00,12.500194380832692,12.509968016895913,12.275406343770015,12.480648040771484,670200,0.0,0.0
2024-02-27 00:00:00-05:00,12.6565694310437,12.910678388371704,12.539288588907379,12.754303932189941,492900,0.0,0.0
2024-02-28 00:00:00-05:00,12.685889028769122,12.891130729379444,12.588155462614125,12.764077186584473,536800,0.0,0.0
2024-02-29 00:00:00-05:00,12.959546528749032,13.477537183432748,12.939999254351553,13.428669929504395,1263400,0.0,0.0
2024-03-01 00:00:00-05:00,13.42866878426524,13.42866878426524,13.047506286674583,13.096372604370117,655600,0.0,0.0
2024-03-04 00:00:00-05:00,13.086600818082452,13.301615240808601,12.871585463290973,12.881359100341797,787500,0.0,0.0
2024-03-05 00:00:00-05:00,12.85203682225099,12.920451342264885,12.519741586453755,12.578381538391113,750300,0.0,0.0
2024-03-06 00:00:00-05:00,12.656570324906518,12.76407847017314,12.382915007261689,12.539289474487305,477300,0.0,0.0
2024-03-07 00:00:00-05:00,12.607702659362415,12.793398032180683,12.529515428301664,12.597929954528809,785000,0.0,0.0
2024-03-08 00:00:00-05:00,12.666342735290527,12.764077233872863,12.56860823670819,12.666342735290527,507000,0.0,0.0
2024-03-11 00:00:00-04:00,12.607702327852847,12.744530444644031,12.422007891982583,12.509968757629395,429500,0.0,0.0
2024-03-12 00:00:00-04:00,12.441553350471647,12.529514209877627,12.304726175453657,12.36336612701416,351400,0.0,0.0
2024-03-13 00:00:00-04:00,12.334046839524701,12.55883581855805,12.334046839524701,12.490421295166016,550500,0.0,0.0
2024-03-14 00:00:00-04:00,12.41223377976818,12.441553756505296,12.226539351012764,12.353593826293945,649400,0.0,0.0
2024-03-15 00:00:00-04:00,12.324273203030799,12.51974220464772,12.324273203030799,12.490421295166016,1740800,0.0,0.0
2024-03-18 00:00:00-04:00,12.4415546406259,12.715210883169714,12.431781935729232,12.45132827758789,857600,0.0,0.0
2024-03-19 00:00:00-04:00,12.392687114502502,12.607701514359793,12.343819866511216,12.578381538391113,818300,0.0,0.0
2024-03-20 00:00:00-04:00,12.558835861962738,12.852037501270903,12.500194974861937,12.754303932189941,1073300,0.0,0.0
2024-03-21 00:00:00-04:00,11.718322189550008,12.031072045392673,11.239425166999613,12.0212984085083,3017000,0.0,0.0
2024-03-22 00:00:00-04:00,12.060392105362215,12.187446589520436,11.56194780567965,11.874696731567383,899500,0.0,0.0
2024-03-25 00:00:00-04:00,11.933337018015125,12.402460383134164,11.825829813191664,12.275406837463379,1318700,0.0,0.0
2024-03-26 00:00:00-04:00,12.285179825664203,12.509968809025729,12.079938115666852,12.41223430633545,1033300,0.0,0.0
2024-03-27 00:00:00-04:00,12.588155174402416,12.666342398362382,12.461100702451164,12.578381538391113,850000,0.0,0.0
2024-03-28 00:00:00-04:00,12.304726698329903,12.832490945127333,12.265633084939918,12.783623695373535,1366100,0.0,0.0
2024-04-01 00:00:00-04:00,12.822718293298342,12.998640033093267,12.656570190617654,12.734757423400879,1679800,0.0,0.0
2024-04-02 00:00:00-04:00,12.655964571905654,12.882491106667091,12.51807824252449,12.823397636413574,1576700,0.1,0.0
2024-04-03 00:00:00-04:00,12.793850575675432,12.97113287348695,12.705209426769672,12.784001350402832,848600,0.0,0.0
2024-04-04 00:00:00-04:00,12.892340640184836,12.951434111853393,12.724907571667595,12.803699493408203,1036800,0.0,0.0
2024-04-05 00:00:00-04:00,12.734757099196226,12.843095759344514,12.665813461580207,12.695361137390137,893200,0.0,0.0
2024-04-08 00:00:00-04:00,12.784001025206525,12.872642171857452,12.74460506439209,12.74460506439209,473000,0.0,0.0
2024-04-09 00:00:00-04:00,12.744604707455682,12.823397566151606,12.52792739868164,12.52792739868164,891900,0.0,0.0
2024-04-10 00:00:00-04:00,12.301400764574593,12.340796726971615,11.365745953189943,11.966534614562988,906600,0.0,0.0
2024-04-11 00:00:00-04:00,12.045326555818825,12.094571743700863,11.907441156877724,12.05517578125,650700,0.0,0.0
2024-04-12 00:00:00-04:00,12.015779817494579,12.16351538112465,11.907441155584927,11.996082305908203,606500,0.0,0.0
2024-04-15 00:00:00-04:00,12.025628680762011,12.124119053549265,11.789252913201167,11.808950424194336,698500,0.0,0.0
2024-04-16 00:00:00-04:00,11.76955444060694,11.789252890836545,11.651366557050725,11.661215782165527,935700,0.0,0.0
2024-04-17 00:00:00-04:00,11.730157828049235,11.799100521476875,11.621819175623836,11.64151668548584,840100,0.0,0.0
2024-04-18 00:00:00-04:00,11.6907631508171,11.789253528746777,11.602121998535162,11.6513671875,695200,0.0,0.0
2024-04-19 00:00:00-04:00,11.65136688205465,11.779403994297141,11.61197091977033,11.759705543518066,490500,0.0,0.0
2024-04-22 00:00:00-04:00,11.828649230691756,12.08472345623148,11.808950779831546,11.996082305908203,502800,0.0,0.0
2024-04-23 00:00:00-04:00,11.976382954661682,12.340795814714442,11.976382954661682,12.232457160949707,530300,0.0,0.0
2024-04-24 00:00:00-04:00,12.163514720625917,12.202910680933238,11.818799363481526,11.917289733886719,783600,0.0,0.0
2024-04-25 00:00:00-04:00,11.808950095983336,11.848346056148529,11.680912990628016,11.740007400512695,611600,0.0,0.0
2024-04-26 00:00:00-04:00,11.76955416178517,11.9763831879272,11.76955416178517,11.887742042541504,460000,0.0,0.0
2024-04-29 00:00:00-04:00,11.94683681612224,12.124119112288678,11.936987590941035,12.10442066192627,472000,0.0,0.0
2024-04-30 00:00:00-04:00,12.055175747308231,12.055175747308231,11.81879997326858,11.848346710205078,577400,0.0,0.0
2024-05-01 00:00:00-04:00,11.87789438641541,12.005930559564847,11.799101522461694,11.848346710205078,413700,0.0,0.0
2024-05-02 00:00:00-04:00,12.005929965691802,12.07487360083178,11.917289759266891,12.065024375915527,527200,0.0,0.0
2024-05-03 00:00:00-04:00,12.21275903859853,12.350645370124445,12.21275903859853,12.301400184631348,441800,0.0,0.0
2024-05-06 00:00:00-04:00,12.380191802978516,12.488531396268863,12.330947557963375,12.380191802978516,431100,0.0,0.0
2024-05-07 00:00:00-04:00,12.498380030688724,12.557474441340206,12.399890598634645,12.50822925567627,445800,0.0,0.0
2024-05-08 00:00:00-04:00,12.36049435715271,12.626416850858671,12.36049435715271,12.616568565368652,346700,0.0,0.0
2024-05-09 00:00:00-04:00,12.655964898008602,12.971132585544932,12.577172976124519,12.951434135437012,580600,0.0,0.0
2024-05-10 00:00:00-04:00,12.961283360490972,13.010528546486974,12.862793927772769,12.951434135437012,337200,0.0,0.0
2024-05-13 00:00:00-04:00,13.069623934017297,13.109019897902758,12.961284328876879,12.980982780456543,367600,0.0,0.0
2024-05-14 00:00:00-04:00,13.158262576534131,13.276450454072831,13.020377189042526,13.168111801147461,441700,0.0,0.0
2024-05-15 00:00:00-04:00,13.296149902470857,13.473432201738094,13.187811241404116,13.404488563537598,482600,0.0,0.0
2024-05-16 00:00:00-04:00,13.286300676238941,13.827995860084483,13.020378166629497,13.3749418258667,969200,0.0,0.0
2024-05-17 00:00:00-04:00,13.404488256287536,13.532525365126432,13.26660286159473,13.424186706542969,555600,0.0,0.0
2024-05-20 00:00:00-04:00,13.404488824718431,13.46358323871688,12.990830744550811,13.030226707458496,764300,0.0,0.0
2024-05-21 00:00:00-04:00,13.000679985012155,13.118867873870812,12.912038833549703,13.08932113647461,370300,0.0,0.0
2024-05-22 00:00:00-04:00,13.089320486446011,13.138565672510014,12.862793945534914,13.010528564453125,493200,0.0,0.0
2024-05-23 00:00:00-04:00,13.069623593114,13.069623593114,12.76430417651012,12.852945327758789,547100,0.0,0.0
2024-05-24 00:00:00-04:00,13.020378744342004,13.020378744342004,12.912039139201585,12.980982780456543,315000,0.0,0.0
2024-05-28 00:00:00-04:00,13.118866893658845,13.197658813677464,12.961283053621612,12.971132278442383,514100,0.0,0.0
2024-05-29 00:00:00-04:00,12.774153355039457,12.833246829471902,12.557475090481532,12.587021827697754,755300,0.0,0.0
2024-05-30 00:00:00-04:00,12.754454348339346,13.049924525449567,12.734756837478024,13.010528564453125,418800,0.0,0.0
2024-05-31 00:00:00-04:00,13.059773831797543,13.473431894471586,13.049924606668684,13.453733444213867,965000,0.0,0.0
2024-06-03 00:00:00-04:00,13.562073384618342,13.611317632958782,13.35524434805748,13.552224159240723,601900,0.0,0.0
2024-06-04 00:00:00-04:00,13.53252593898687,13.53252593898687,12.951434781643124,13.030226707458496,812700,0.0,0.0
2024-06-05 00:00:00-04:00,13.099169355902125,13.099169355902125,12.616568611978717,12.823397636413574,704200,0.0,0.0
2024-06-06 00:00:00-04:00,12.813548341405394,12.83324585162405,12.508228949189217,12.52792739868164,430600,0.0,0.0
2024-06-07 00:00:00-04:00,12.360494921068364,12.458984355378286,12.32109895948963,12.34079647064209,497000,0.0,0.0
2024-06-10 00:00:00-04:00,12.291550976110384,12.350645386635861,11.799100999068646,12.330947875976562,825700,0.0,0.0
2024-06-11 00:00:00-04:00,12.271853734328522,12.301400470601736,12.133967399597168,12.133967399597168,456000,0.0,0.0
2024-06-12 00:00:00-04:00,12.518078767383292,12.61656914096703,12.32109895948963,12.34079647064209,601400,0.0,0.0
2024-06-13 00:00:00-04:00,12.311250023397118,12.360495211345475,11.986233097921343,12.143816947937012,517500,0.0,0.0
2024-06-14 00:00:00-04:00,12.49837996619271,12.577172826412683,12.124118811335217,12.212759017944336,830800,0.0,0.0
2024-06-17 00:00:00-04:00,12.183212623035432,12.360494919757839,12.15366588667297,12.311249732971191,681400,0.0,0.0
2024-06-18 00:00:00-04:00,12.27185378953322,12.458984372470464,12.232457827900442,12.399890899658203,844900,0.0,0.0
2024-06-20 00:00:00-04:00,12.793850780270017,13.217358081026186,11.769554817384961,11.996082305908203,1717300,0.0,0.0
2024-06-21 00:00:00-04:00,12.02562919747286,13.118867873870812,11.927138820453724,13.08932113647461,1959200,0.0,0.0
2024-06-24 00:00:00-04:00,13.148415295881769,13.660562804349981,13.040075695404274,13.49312973022461,1321400,0.0,0.0
2024-06-25 00:00:00-04:00,13.434035829215789,13.483280075931198,12.912038172713514,12.921887397766113,823000,0.0,0.0
2024-06-26 00:00:00-04:00,12.734756794872665,12.823397941636554,12.498380090411029,12.774152755737305,1053100,0.0,0.0
2024-06-27 00:00:00-04:00,12.774152739458263,12.872642171857452,12.636266406970844,12.74460506439209,602300,0.0,0.0
2024-06-28 00:00:00-04:00,12.882491086997817,13.010528191383312,12.636266103011966,12.764303207397461,1520900,0.0,0.0
2024-07-01 00:00:00-04:00,12.843095127131031,12.990829741813032,12.69536051244903,12.764303207397461,1106000,0.0,0.0
2024-07-02 00:00:00-04:00,12.81354938018652,12.980982457350668,12.764304191736976,12.9415864944458,589900,0.0,0.0
2024-07-03 00:00:00-04:00,12.941585179687387,13.020981332297747,12.782792874466661,12.842339515686035,344200,0.1,0.0
2024-07-05 00:00:00-04:00,12.782793209986702,12.832416043289866,12.693472299336369,12.723245620727539,448200,0.0,0.0
2024-07-08 00:00:00-04:00,12.862188634012048,12.941584784196085,12.723244897951599,12.812565803527832,894800,0.0,0.0
2024-07-09 00:00:00-04:00,12.733170362225739,12.733170362225739,12.50490665435791,12.50490665435791,645200,0.0,0.0
2024-07-10 00:00:00-04:00,12.624000807574856,12.673623640512362,12.494981820528064,12.64384937286377,461000,0.0,0.0
2024-07-11 00:00:00-04:00,12.901887063307697,13.209547863574823,12.862188987125823,13.199623107910156,987100,0.0,0.0
2024-07-12 00:00:00-04:00,13.348491105667055,13.556906249246731,13.288944462631049,13.378264427185059,569500,0.0,0.0
2024-07-15 00:00:00-04:00,13.41796315358927,13.666076369182472,13.358415565397106,13.427886962890625,621000,0.0,0.0
2024-07-16 00:00:00-04:00,13.586679294631969,13.745472547946635,13.517207897009609,13.64622688293457,772700,0.0,0.0
2024-07-17 00:00:00-04:00,13.556906289414183,13.844717588879169,13.5469815333865,13.81494426727295,811000,0.0,0.0
2024-07-18 00:00:00-04:00,13.735548091983539,13.953887991890143,13.586679591215788,13.596604347229004,564700,0.0,0.0
2024-07-19 00:00:00-04:00,13.53705751731051,13.586679403738218,13.388189018596941,13.437811851501465,423900,0.0,0.0
2024-07-22 00:00:00-04:00,13.49735887268801,13.814943475558907,13.288943740434789,13.755395889282227,791800,0.0,0.0
2024-07-23 00:00:00-04:00,13.646226709887276,14.162302647042784,13.616453389351934,13.993585586547852,806300,0.0,0.0
2024-07-24 00:00:00-04:00,13.854641691572482,13.9141892784537,13.358415271310541,13.477509498596191,795000,0.0,0.0
2024-07-25 00:00:00-04:00,13.656151732697952,13.9836611044238,13.427887080190256,13.72562313079834,1132100,0.0,0.0
2024-07-26 00:00:00-04:00,13.9141894644051,13.934038029312909,13.59660390758898,13.924113273620605,563600,0.0,0.0
2024-07-29 00:00:00-04:00,13.924113593224414,14.162303002922926,13.834792682897074,14.092830657958984,552000,0.0,0.0
2024-07-30 00:00:00-04:00,14.202001266388816,14.420340220633856,14.082906086739193,14.251623153686523,667700,0.0,0.0
2024-07-31 00:00:00-04:00,14.231774384537992,14.62875515610352,14.12260396249986,14.38064193725586,851000,0.0,0.0
2024-08-01 00:00:00-04:00,14.350868401264012,14.529510219033748,13.785170573628927,14.003509521484375,556100,0.0,0.0
2024-08-02 00:00:00-04:00,13.527133028273797,13.626377749563755,13.140076059755515,13.457661628723145,859500,0.0,0.0
2024-08-05 00:00:00-04:00,12.753019362306686,12.852264078340585,12.415585245542507,12.683547019958496,685400,0.0,0.0
2024-08-06 00:00:00-04:00,12.643848749523553,12.753019165899342,12.455283129429468,12.524754524230957,727300,0.0,0.0
2024-08-07 00:00:00-04:00,12.683547002255,12.713321268852717,12.16747201875942,12.177396774291992,673600,0.0,0.0
2024-08-08 00:00:00-04:00,12.326264183923623,12.485056484766961,12.256792788923857,12.455283164978027,509400,0.0,0.0
2024-08-09 00:00:00-04:00,12.435434082934753,12.465208350227138,12.316339853195625,12.4155855178833,352100,0.0,0.0
2024-08-12 00:00:00-04:00,12.40566073606431,12.534679721296593,12.137698009856454,12.197245597839355,427700,0.0,0.0
2024-08-13 00:00:00-04:00,12.197245391313503,12.64384898095449,12.16747207106458,12.614075660705566,446300,0.0,0.0
2024-08-14 00:00:00-04:00,12.633924616980904,12.723245526973054,12.524755141699842,12.64384937286377,365200,0.0,0.0
2024-08-15 00:00:00-04:00,12.971358395152356,13.100377378717578,12.83241560244888,13.05075454711914,468400,0.0,0.0
2024-08-16 00:00:00-04:00,13.01105664149023,13.130150870999714,12.9415852442289,12.99120807647705,411700,0.0,0.0
2024-08-19 00:00:00-04:00,12.981283638933872,13.219472103791398,12.971358882945603,13.15992546081543,359300,0.0,0.0
2024-08-20 00:00:00-04:00,13.130150870999714,13.130150870999714,12.862189091222577,12.99120807647705,382900,0.0,0.0
2024-08-21 00:00:00-04:00,13.199623480935205,13.566830932614133,13.120227326327697,13.517208099365234,781100,0.0,0.0
2024-08-22 00:00:00-04:00,13.51720777615279,13.606528684569671,13.328642150087992,13.348490715026855,344100,0.0,0.0
2024-08-23 00:00:00-04:00,13.447736136298428,13.963811119587445,13.328641909385578,13.834792137145996,457800,0.0,0.0
2024-08-26 00:00:00-04:00,13.934038232337588,14.09283053982092,13.78517068069117,13.79509449005127,396200,0.0,0.0
2024-08-27 00:00:00-04:00,13.685924663058646,13.775245570338486,13.616453266941788,13.695849418640137,217100,0.0,0.0
2024-08-28 00:00:00-04:00,13.646227148177298,13.805019458101613,13.556906237225663,13.66607666015625,346400,0.0,0.0
2024-08-29 00:00:00-04:00,13.834792307454972,13.953887482310689,13.636301926823434,13.775245666503906,262000,0.0,0.0
2024-08-30 00:00:00-04:00,13.874490930080201,14.043207996881764,13.79509477470027,14.033284187316895,344600,0.0,0.0
2024-09-03 00:00:00-04:00,13.934038500174651,14.251623121245855,13.795094755217585,13.81494426727295,739900,0.0,0.0
2024-09-04 00:00:00-04:00,13.745472941179418,13.93403857432469,13.527133039792654,13.676000595092773,294200,0.0,0.0
2024-09-05 00:00:00-04:00,13.79509466222019,13.79509466222019,13.527132876616992,13.73554801940918,406200,0.0,0.0
2024-09-06 00:00:00-04:00,13.67600005359879,13.71569812987212,13.100377474397112,13.13015079498291,402700,0.0,0.0
2024-09-09 00:00:00-04:00,13.169849759183814,13.169849759183814,12.931660356125958,12.981283187866211,387800,0.0,0.0
2024-09-10 00:00:00-04:00,13.040831135757383,13.08052921295166,12.872114071062496,13.08052921295166,292900,0.0,0.0
2024-09-11 00:00:00-04:00,12.991208486092189,13.318717864188896,12.69347242969241,13.2393217086792,434300,0.0,0.0
2024-09-12 00:00:00-04:00,13.318717823960071,13.447736812892838,13.150000757392363,13.308793067932129,396000,0.0,0.0
2024-09-13 00:00:00-04:00,13.527132228176086,13.71569785000758,13.427886566279442,13.685924530029297,391300,0.0,0.0
2024-09-16 00:00:00-04:00,13.70577423292798,13.993585520686482,13.636301890036764,13.844717025756836,868800,0.0,0.0
2024-09-17 00:00:00-04:00,14.003509165719786,14.033283432242849,13.765320712395946,13.904264450073242,1141600,0.0,0.0
2024-09-18 00:00:00-04:00,13.894340047556652,14.19207609501394,13.785170573628927,14.003509521484375,1529500,0.0,0.0
2024-09-19 00:00:00-04:00,12.822491039994624,13.298867958971572,12.217095135508885,13.209547996520996,1932700,0.0,0.0
2024-09-20 00:00:00-04:00,13.060679145165432,13.060679145165432,12.723245030139134,12.822490692138672,1661300,0.0,0.0
2024-09-23 00:00:00-04:00,12.901887072941204,13.080528889131426,12.723245256750982,12.911811828613281,770000,0.0,0.0
2024-09-24 00:00:00-04:00,12.991208466982123,13.120227456114801,12.882038043459255,13.020981788635254,710300,0.0,0.0
2024-09-25 00:00:00-04:00,13.011056750225555,13.020981506053486,12.762943533388079,12.782793045043945,605200,0.0,0.0
2024-09-26 00:00:00-04:00,12.971358233981674,13.169849557909144,12.891962083001395,13.110301971435547,554200,0.0,0.0
2024-09-27 00:00:00-04:00,13.24924623813271,13.437811867623957,13.12022725101688,13.15000057220459,437200,0.0,0.0
2024-09-30 00:00:00-04:00,13.079999923706055,13.489999771118164,13.079999923706055,13.489999771118164,669600,0.1,0.0
2024-10-01 00:00:00-04:00,13.380000114440918,13.420000076293945,13.140000343322754,13.199999809265137,734900,0.0,0.0
2024-10-02 00:00:00-04:00,13.069999694824219,13.180000305175781,12.84000015258789,12.869999885559082,576500,0.0,0.0
2024-10-03 00:00:00-04:00,12.779999732971191,12.829999923706055,12.609999656677246,12.619999885559082,472400,0.0,0.0
2024-10-04 00:00:00-04:00,12.779999732971191,12.979999542236328,12.65999984741211,12.970000267028809,578000,0.0,0.0
2024-10-07 00:00:00-04:00,12.899999618530273,12.960000038146973,12.739999771118164,12.949999809265137,609200,0.0,0.0
2024-10-08 00:00:00-04:00,12.979999542236328,13.0,12.779999732971191,12.779999732971191,373000,0.0,0.0
2024-10-09 00:00:00-04:00,13.229999542236328,13.229999542236328,12.9399995803833,13.029999732971191,434700,0.0,0.0
2024-10-10 00:00:00-04:00,12.90999984741211,12.90999984741211,12.489999771118164,12.600000381469727,572800,0.0,0.0
2024-10-11 00:00:00-04:00,12.949999809265137,13.020000457763672,12.829999923706055,12.90999984741211,453700,0.0,0.0
2024-10-14 00:00:00-04:00,12.84000015258789,13.029999732971191,12.819999694824219,12.979999542236328,467100,0.0,0.0
2024-10-15 00:00:00-04:00,13.0,13.239999771118164,12.930000305175781,12.949999809265137,489000,0.0,0.0
2024-10-16 00:00:00-04:00,13.100000381469727,13.220000267028809,13.039999961853027,13.140000343322754,457300,0.0,0.0
2024-10-17 00:00:00-04:00,13.130000114440918,13.210000038146973,12.979999542236328,13.210000038146973,410700,0.0,0.0
2024-10-18 00:00:00-04:00,13.220000267028809,13.220000267028809,12.960000038146973,13.010000228881836,341700,0.0,0.0
2024-10-21 00:00:00-04:00,13.029999732971191,13.069999694824219,12.869999885559082,12.890000343322754,501300,0.0,0.0
2024-10-22 00:00:00-04:00,12.850000381469727,12.930000305175781,12.760000228881836,12.8100004196167,371100,0.0,0.0
2024-10-23 00:00:00-04:00,12.699999809265137,12.789999961853027,12.430000305175781,12.470000267028809,411500,0.0,0.0
2024-10-24 00:00:00-04:00,12.470000267028809,12.630000114440918,12.460000038146973,12.59000015258789,533500,0.0,0.0
2024-10-25 00:00:00-04:00,12.760000228881836,12.760000228881836,12.489999771118164,12.510000228881836,339600,0.0,0.0
2024-10-28 00:00:00-04:00,12.630000114440918,12.739999771118164,12.579999923706055,12.59000015258789,374200,0.0,0.0
2024-10-29 00:00:00-04:00,12.420000076293945,12.420000076293945,12.050000190734863,12.210000038146973,470700,0.0,0.0
2024-10-30 00:00:00-04:00,12.1899995803833,12.489999771118164,12.149999618530273,12.229999542236328,403300,0.0,0.0
2024-10-31 00:00:00-04:00,12.270000457763672,12.289999961853027,12.020000457763672,12.029999732971191,541700,0.0,0.0
2024-11-01 00:00:00-04:00,12.140000343322754,12.289999961853027,12.079999923706055,12.140000343322754,636000,0.0,0.0
2024-11-04 00:00:00-05:00,12.140000343322754,12.369999885559082,12.100000381469727,12.25,380600,0.0,0.0
2024-11-05 00:00:00-05:00,12.170000076293945,12.350000381469727,12.15999984741211,12.319999694824219,333800,0.0,0.0
2024-11-06 00:00:00-05:00,12.989999771118164,13.149999618530273,12.789999961853027,13.0600004196167,712100,0.0,0.0
2024-11-07 00:00:00-05:00,13.010000228881836,13.260000228881836,12.90999984741211,13.079999923706055,476400,0.0,0.0
2024-11-08 00:00:00-05:00,13.09000015258789,13.270000457763672,13.050000190734863,13.140000343322754,565500,0.0,0.0
2024-11-11 00:00:00-05:00,13.399999618530273,13.6899995803833,13.329999923706055,13.649999618530273,486800,0.0,0.0
2024-11-12 00:00:00-05:00,13.550000190734863,13.989999771118164,13.550000190734863,13.670000076293945,585500,0.0,0.0
2024-11-13 00:00:00-05:00,13.8100004196167,13.850000381469727,13.359999656677246,13.369999885559082,422600,0.0,0.0
2024-11-14 00:00:00-05:00,13.380000114440918,13.460000038146973,13.069999694824219,13.270000457763672,406700,0.0,0.0
2024-11-15 00:00:00-05:00,13.329999923706055,13.369999885559082,13.1899995803833,13.229999542236328,482300,0.0,0.0
2024-11-18 00:00:00-05:00,13.180000305175781,13.359999656677246,13.130000114440918,13.199999809265137,458800,0.0,0.0
2024-11-19 00:00:00-05:00,13.09000015258789,13.229999542236328,13.0,13.09000015258789,687400,0.0,0.0
2024-11-20 00:00:00-05:00,13.0600004196167,13.210000038146973,13.0,13.069999694824219,372100,0.0,0.0
2024-11-21 00:00:00-05:00,13.069999694824219,13.239999771118164,12.9399995803833,13.039999961853027,738700,0.0,0.0
2024-11-22 00:00:00-05:00,13.149999618530273,13.329999923706055,13.100000381469727,13.270000457763672,658000,0.0,0.0
2024-11-25 00:00:00-05:00,13.489999771118164,13.890000343322754,13.449999809265137,13.720000267028809,746600,0.0,0.0
2024-11-26 00:00:00-05:00,13.680000305175781,13.779999732971191,13.420000076293945,13.539999961853027,780200,0.0,0.0
2024-11-27 00:00:00-05:00,13.720000267028809,13.789999961853027,13.470000267028809,13.470000267028809,352500,0.0,0.0
2024-11-29 00:00:00-05:00,13.59000015258789,13.630000114440918,13.460000038146973,13.470000267028809,259400,0.0,0.0
2024-12-02 00:00:00-05:00,13.449999809265137,13.770000457763672,13.289999961853027,13.720000267028809,502000,0.0,0.0
2024-12-03 00:00:00-05:00,13.729999542236328,13.760000228881836,13.449999809265137,13.520000457763672,379300,0.0,0.0
2024-12-04 00:00:00-05:00,13.520000457763672,13.670000076293945,13.395000457763672,13.630000114440918,451758,0.0,0.0
