Date,Open,High,Low,Close,Volume,Dividends,Stock Splits
2022-01-03 00:00:00-05:00,2.4507429599761963,2.4507429599761963,2.414702657079321,2.4507429599761963,23986500,0.0,0.0
2022-01-04 00:00:00-05:00,2.3966825048470093,2.4597530348959133,2.3966825048470093,2.441732883453369,17761700,0.0,0.0
2022-01-05 00:00:00-05:00,2.405692816103026,2.441733122516721,2.3606422182687363,2.369652509689331,20800300,0.0,0.0
2022-01-06 00:00:00-05:00,2.369652244890595,2.37866232048718,2.3246016520905206,2.3426218032836914,14208900,0.0,0.0
2022-01-07 00:00:00-05:00,2.342622041692987,2.369652486050786,2.3155918121523564,2.3336119651794434,14488900,0.0,0.0
2022-01-10 00:00:00-05:00,2.3065815008973494,2.351631878880277,2.279551274107593,2.3426218032836914,18405800,0.0,0.0
2022-01-11 00:00:00-05:00,2.342622064903737,2.396682739337801,2.3155918350952907,2.3876726627349854,18964500,0.0,0.0
2022-01-12 00:00:00-05:00,2.40569257897709,2.4507429575536523,2.3966825032617773,2.423712730407715,28516300,0.0,0.0
2022-01-13 00:00:00-05:00,2.4327228085277586,2.459753035700415,2.414702657079321,2.4507429599761963,16945000,0.0,0.0
2022-01-14 00:00:00-05:00,2.4417328866129537,2.4777731895446777,2.4327228108800227,2.4777731895446777,10849400,0.0,0.0
2022-01-18 00:00:00-05:00,2.37866256258311,2.387672639096725,2.342622041711483,2.3516321182250977,17332700,0.0,0.0
2022-01-19 00:00:00-05:00,2.396682739337801,2.414702892543432,2.3696525095293546,2.3876726627349854,27178400,0.0,0.0
2022-01-20 00:00:00-05:00,2.4237129691462473,2.4417331223518786,2.3876726627349854,2.3876726627349854,18879200,0.0,0.0
2022-01-21 00:00:00-05:00,2.4056925773620605,2.4777731830361702,2.396682501652797,2.4056925773620605,23004500,0.0,0.0
2022-01-24 00:00:00-05:00,2.4147026546924026,2.4327228061230275,2.3786623518311525,2.423712730407715,27975000,0.0,0.0
2022-01-25 00:00:00-05:00,2.405692586704918,2.5138134956359863,2.396682510960663,2.5138134956359863,31879800,0.0,0.0
2022-01-26 00:00:00-05:00,2.5228235682093327,2.5498537954081257,2.4507429623458847,2.4777731895446777,46485200,0.0,0.0
2022-01-27 00:00:00-05:00,2.5048034229509937,2.5858941047483355,2.5048034229509937,2.549853801727295,29825900,0.0,0.0
2022-01-28 00:00:00-05:00,2.5408437212835033,2.5408437212835033,2.4687631153744296,2.495793342590332,28171200,0.0,0.0
2022-01-31 00:00:00-05:00,2.495793347195734,2.5678739532378154,2.495793347195734,2.549853801727295,14314900,0.0,0.0
2022-02-01 00:00:00-05:00,2.5588638767095446,2.576884028214621,2.5228235736993914,2.5408437252044678,12292200,0.0,0.0
2022-02-02 00:00:00-05:00,2.5228235690106766,2.5228235690106766,2.44173288738854,2.486783266067505,13040800,0.0,0.0
2022-02-03 00:00:00-05:00,2.4777731863384576,2.4867832620597294,2.441732883453369,2.441732883453369,17951700,0.0,0.0
2022-02-04 00:00:00-05:00,2.414702656289553,2.4597530348959133,2.405692580568281,2.441732883453369,16433600,0.0,0.0
2022-02-07 00:00:00-05:00,2.4327228085277586,2.468763111424634,2.4237127328035397,2.4507429599761963,16655400,0.0,0.0
2022-02-08 00:00:00-05:00,2.4237127320108254,2.4597530348959133,2.4237127320108254,2.441732883453369,21206800,0.0,0.0
2022-02-09 00:00:00-05:00,2.459753040405884,2.5318336463375246,2.441732888922974,2.504803419113159,28005100,0.0,0.0
2022-02-10 00:00:00-05:00,2.5138134971820465,2.558863875931032,2.5048034214322494,2.5318336486816406,30576000,0.0,0.0
2022-02-11 00:00:00-05:00,2.567873954772949,2.630944699914626,2.549853803251656,2.567873954772949,27925700,0.0,0.0
2022-02-14 00:00:00-05:00,2.585894369375158,2.612924814224243,2.549854062665942,2.612924814224243,33498700,0.0,0.0
2022-02-15 00:00:00-05:00,2.6759951101527757,2.730055565351704,2.639954806686824,2.6579749584198,38617600,0.0,0.0
2022-02-16 00:00:00-05:00,2.639955043640349,2.6489651203155518,2.60391473693954,2.6489651203155518,18249000,0.0,0.0
2022-02-17 00:00:00-05:00,2.594904637725411,2.603914714322353,2.558864116520471,2.5768842697143555,17709300,0.0,0.0
2022-02-18 00:00:00-05:00,2.5949044227600098,2.6129245744610805,2.567873980391251,2.5949044227600098,15327200,0.0,0.0
2022-02-22 00:00:00-05:00,2.6129245751356986,2.6399548026942834,2.594904423429975,2.603914499282837,19762200,0.0,0.0
2022-02-23 00:00:00-05:00,2.71203565673207,2.7300558100804153,2.6489651200128606,2.666985273361206,16907600,0.0,0.0
2022-02-24 00:00:00-05:00,2.5048034494375035,2.603914498610545,2.4777732218858977,2.5949044227600098,49896700,0.0,0.0
2022-02-25 00:00:00-05:00,2.603914736641997,2.675995350035379,2.603914736641997,2.666985273361206,35697800,0.0,0.0
2022-02-28 00:00:00-05:00,2.6309447295121378,2.6399548053741455,2.5858941353849447,2.6399548053741455,17996500,0.0,0.0
2022-03-01 00:00:00-05:00,2.6219346217944635,2.6489648490520787,2.5408437252044678,2.5408437252044678,28290800,0.0,0.0
2022-03-02 00:00:00-05:00,2.5588638790123026,2.6039144726326864,2.5318336517303623,2.567873954772949,36509800,0.0,0.0
2022-03-03 00:00:00-05:00,2.549853800957006,2.5678739524620826,2.5048034221943145,2.5408437252044678,21421500,0.0,0.0
2022-03-04 00:00:00-05:00,2.4687631122261675,2.5048034151347447,2.441732885044735,2.4597530364990234,48903200,0.0,0.0
2022-03-07 00:00:00-05:00,2.432722775975741,2.441732851579397,2.3516318807256895,2.3606419563293457,43541600,0.0,0.0
2022-03-08 00:00:00-05:00,2.3876724234935978,2.4327228019936915,2.3516319058763737,2.378662347793579,43837100,0.0,0.0
2022-03-09 00:00:00-05:00,2.459753039635795,2.5138134940676005,2.4417328881585267,2.495793342590332,17745400,0.0,0.0
2022-03-10 00:00:00-05:00,2.387672425943533,2.4056925773620605,2.3516319082893284,2.4056925773620605,23738500,0.0,0.0
2022-03-11 00:00:00-05:00,2.405692547276937,2.414702622873522,2.333611727687106,2.3426218032836914,22138400,0.0,0.0
2022-03-14 00:00:00-04:00,2.3516318807256895,2.387672397957461,2.324601653914722,2.3606419563293457,27252600,0.0,0.0
2022-03-15 00:00:00-04:00,2.3606419563293457,2.3966824735611167,2.3336117295183776,2.3606419563293457,28274300,0.0,0.0
2022-03-16 00:00:00-04:00,2.3786623526207222,2.441732882648845,2.3696522769024186,2.432722806930542,22085800,0.0,0.0
2022-03-17 00:00:00-04:00,2.450742963897161,2.5138134940676005,2.4237127366812583,2.495793342590332,17338700,0.0,0.0
2022-03-18 00:00:00-04:00,2.4777734272915235,2.558864116668701,2.4777734272915235,2.558864116668701,18240900,0.0,0.0
2022-03-21 00:00:00-04:00,2.5768842697143555,2.603914714322353,2.558864116520471,2.5768842697143555,17109400,0.0,0.0
2022-03-22 00:00:00-04:00,2.612924814224243,2.6489651209334593,2.594904660869635,2.612924814224243,18844600,0.0,0.0
2022-03-23 00:00:00-04:00,2.6039147372411593,2.6489651206223894,2.5768842923952486,2.6309449672698975,22149800,0.0,0.0
2022-03-24 00:00:00-04:00,2.6309449672698975,2.6850054273273734,2.6129248139174055,2.6309449672698975,21677800,0.0,0.0
2022-03-25 00:00:00-04:00,2.639955042747431,2.7030255794525146,2.6219348894031214,2.7030255794525146,26354800,0.0,0.0
2022-03-28 00:00:00-04:00,2.703025344830407,2.775105951951062,2.685005193050243,2.7570858001708984,27942100,0.0,0.0
2022-03-29 00:00:00-04:00,2.847186804887049,2.874217032851581,2.820156576922517,2.8652069568634033,20505100,0.0,0.0
2022-03-30 00:00:00-04:00,2.8471868027348277,2.8652069546975607,2.8201565747907282,2.8291666507720947,13625100,0.0,0.0
2022-03-31 00:00:00-04:00,2.8561968834988174,2.9372875674668997,2.847186807502364,2.910257339477539,23582300,0.0,0.0
2022-04-01 00:00:00-04:00,2.9282774945902896,2.964317798614502,2.8742170385539714,2.964317798614502,22548600,0.0,0.0
2022-04-04 00:00:00-04:00,2.97332787410063,2.9823379501051077,2.9192674180737646,2.955307722091675,16319700,0.0,0.0
2022-04-05 00:00:00-04:00,2.9282774898666517,2.955307717841208,2.8832271099090576,2.8832271099090576,16753600,0.0,0.0
2022-04-06 00:00:00-04:00,2.856196878716194,2.8652069546975607,2.8111462839922057,2.8291666507720947,34587100,0.0,0.0
2022-04-07 00:00:00-04:00,2.8111462839922057,2.8471868027348277,2.802136208010839,2.8291666507720947,19996800,0.0,0.0
2022-04-08 00:00:00-04:00,2.8291666259295156,2.8291666259295156,2.766095879796611,2.8111462593078613,23878800,0.0,0.0
2022-04-11 00:00:00-04:00,2.8471868080157408,2.9282774919984442,2.8291666560195843,2.919267416000366,24921700,0.0,0.0
2022-04-12 00:00:00-04:00,2.9823379463636246,2.9913480223567985,2.856196882459189,2.8922371864318848,28086400,0.0,0.0
2022-04-13 00:00:00-04:00,2.8201565747907282,2.8471868027348277,2.77510598006674,2.8291666507720947,22767000,0.0,0.0
2022-04-14 00:00:00-04:00,2.793126106262207,2.793126106262207,2.7480757267709754,2.793126106262207,16902000,0.0,0.0
2022-04-18 00:00:00-04:00,2.802136182785034,2.8291666253029524,2.784116030984525,2.802136182785034,18034000,0.0,0.0
2022-04-19 00:00:00-04:00,2.8021362074728384,2.8201565742492676,2.7660959035542922,2.8201565742492676,20420700,0.0,0.0
2022-04-20 00:00:00-04:00,2.8291666529106942,2.9012472608161124,2.820156576922517,2.8652069568634033,13623800,0.0,0.0
2022-04-21 00:00:00-04:00,2.8742170048042253,2.9102573084052437,2.802136182785034,2.802136182785034,14511700,0.0,0.0
2022-04-22 00:00:00-04:00,2.784116025251498,2.793126101133199,2.712035418197889,2.72104549407959,28162600,0.0,0.0
2022-04-25 00:00:00-04:00,2.730055572500653,2.775105951951062,2.703025344830407,2.7570858001708984,28424000,0.0,0.0
2022-04-26 00:00:00-04:00,2.712035657356111,2.712035657356111,2.6309449672698975,2.6309449672698975,18109900,0.0,0.0
2022-04-27 00:00:00-04:00,2.6219348905936513,2.657975197298635,2.6039147372411593,2.6309449672698975,25964100,0.0,0.0
2022-04-28 00:00:00-04:00,2.61292457908736,2.6759951101527757,2.5858941366707424,2.6579749584198,27522000,0.0,0.0
2022-04-29 00:00:00-04:00,2.6850051833307544,2.721045486760619,2.612924576471025,2.621934652328491,30378300,0.0,0.0
2022-05-02 00:00:00-04:00,2.5858941039671595,2.603914470289387,2.5048034221943145,2.5408437252044678,34277300,0.0,0.0
2022-05-03 00:00:00-04:00,2.5858941047483355,2.5949043953207465,2.513813498706254,2.549853801727295,30971900,0.0,0.0
2022-05-04 00:00:00-04:00,2.5048034500842062,2.6129245751356986,2.486783298378483,2.603914499282837,35739800,0.0,0.0
2022-05-05 00:00:00-04:00,2.4957933377810013,2.5138134892235455,2.405692580568281,2.441732883453369,36920400,0.0,0.0
2022-05-06 00:00:00-04:00,2.387672397957461,2.441732851579397,2.3606419563293457,2.3606419563293457,30264900,0.0,0.0
2022-05-09 00:00:00-04:00,2.342622041711483,2.405692792123954,2.3336119651978686,2.3516321182250977,38321400,0.0,0.0
2022-05-10 00:00:00-04:00,2.405692574893635,2.423712726293673,2.3516319058763737,2.378662347793579,29751100,0.0,0.0
2022-05-11 00:00:00-04:00,2.387672425133028,2.4867832579012856,2.3696522737206176,2.3966825008392334,44501200,0.0,0.0
2022-05-12 00:00:00-04:00,2.396682510215699,2.5228235705960693,2.3876724344742435,2.504803419113159,51463600,0.0,0.0
2022-05-13 00:00:00-04:00,2.522823810132702,2.594904637725411,2.5048036569388175,2.5768842697143555,23440400,0.0,0.0
2022-05-16 00:00:00-04:00,2.5588639052013757,2.6309447268414217,2.5588639052013757,2.603914499282837,26222900,0.0,0.0
2022-05-17 00:00:00-04:00,2.6489651203155518,2.6940155036915634,2.630944966965147,2.6489651203155518,30461400,0.0,0.0
2022-05-18 00:00:00-04:00,2.621934620193363,2.648964847434472,2.5228235721588135,2.5228235721588135,49194000,0.0,0.0
2022-05-19 00:00:00-04:00,2.5588638767095446,2.576884028214621,2.5318336494519293,2.5408437252044678,31659100,0.0,0.0
2022-05-20 00:00:00-04:00,2.549853800957006,2.576884028214621,2.513813497946853,2.5408437252044678,36230500,0.0,0.0
2022-05-23 00:00:00-04:00,2.56787421602055,2.612924814224243,2.558864139343246,2.612924814224243,25222100,0.0,0.0
2022-05-24 00:00:00-04:00,2.5858941327599605,2.6129245751356986,2.5498538293485145,2.603914499282837,33850900,0.0,0.0
2022-05-25 00:00:00-04:00,2.5678739562866877,2.6129245499336284,2.549853804754772,2.5858941078186035,34872600,0.0,0.0
2022-05-26 00:00:00-04:00,2.594904660264338,2.6759953503411587,2.5768842920967603,2.6489651203155518,25090000,0.0,0.0
2022-05-27 00:00:00-04:00,2.6489651200128606,2.703025580057897,2.639955043338688,2.666985273361206,21964500,0.0,0.0
2022-05-31 00:00:00-04:00,2.675995350035379,2.6940155033837243,2.630944966664515,2.666985273361206,24248800,0.0,0.0
2022-06-01 00:00:00-04:00,2.657974957098161,2.657974957098161,2.603914501926114,2.6399548053741455,39422500,0.0,0.0
2022-06-02 00:00:00-04:00,2.6219346536501296,2.6489648812361533,2.576884059522937,2.6399548053741455,27072800,0.0,0.0
2022-06-03 00:00:00-04:00,2.6309447268414217,2.6579749544000064,2.603914499282837,2.603914499282837,23934800,0.0,0.0
2022-06-06 00:00:00-04:00,2.6309447261621512,2.6399548020126864,2.576884056241786,2.5949044227600098,18501400,0.0,0.0
2022-06-07 00:00:00-04:00,2.5318336471244978,2.5318336471244978,2.468763116914708,2.5138134956359863,35196600,0.0,0.0
2022-06-08 00:00:00-04:00,2.5228235705960693,2.5408437220789795,2.4957933433717043,2.504803419113159,31982600,0.0,0.0
2022-06-09 00:00:00-04:00,2.4777731863384576,2.504803413502273,2.441732883453369,2.441732883453369,29476600,0.0,0.0
2022-06-10 00:00:00-04:00,2.387672425943533,2.4327228044898517,2.3516319082893284,2.4056925773620605,50056000,0.0,0.0
2022-06-13 00:00:00-04:00,2.3516321181685216,2.3606421946819194,2.279551506061339,2.2975716590881348,66179700,0.0,0.0
2022-06-14 00:00:00-04:00,2.2975716590498165,2.3155918120763115,2.2345011234570835,2.261531352996826,36940700,0.0,0.0
2022-06-15 00:00:00-04:00,2.2885613441467285,2.3155915708708457,2.2435109662732,2.2885613441467285,41195000,0.0,0.0
2022-06-16 00:00:00-04:00,2.2435111999119153,2.252521276424928,2.1804406643208245,2.2074708938598633,27465400,0.0,0.0
2022-06-17 00:00:00-04:00,2.2164809704116597,2.2705414294906836,2.198460817385319,2.243511199951172,33630000,0.0,0.0
2022-06-21 00:00:00-04:00,2.243511199970331,2.288561582536569,2.225491046943836,2.261531352996826,29142800,0.0,0.0
2022-06-22 00:00:00-04:00,2.2435111999891872,2.3065817355824505,2.2435111999891872,2.2795515060424805,22880600,0.0,0.0
2022-06-23 00:00:00-04:00,2.279551266668255,2.288561342235436,2.2525210399667124,2.270541191101074,36052600,0.0,0.0
2022-06-24 00:00:00-04:00,2.270541429566433,2.3336119651607317,2.2615313530529617,2.315591812133789,35700200,0.0,0.0
2022-06-27 00:00:00-04:00,2.3246018886659,2.3606421947200737,2.3155918121523564,2.3336119651794434,29885500,0.0,0.0
2022-06-28 00:00:00-04:00,2.342622041616054,2.3606421946425495,2.2525212764835785,2.261531352996826,31646800,0.0,0.0
2022-06-29 00:00:00-04:00,2.2795512722910103,2.3426218014168474,2.2525210455227946,2.324601650238037,95793400,0.0,0.0
2022-06-30 00:00:00-04:00,2.279551506023321,2.2975716590498165,2.2525212764835785,2.261531352996826,27500400,0.0,0.0
2022-07-01 00:00:00-04:00,2.234500892535479,2.315591572774496,2.225490816953366,2.306581497192383,21925700,0.0,0.0
2022-07-05 00:00:00-04:00,2.270541194863931,2.3246016483566088,2.252521043699705,2.306581497192383,38927600,0.0,0.0
2022-07-06 00:00:00-04:00,2.3336119651794434,2.3516321182065303,2.2975716591252695,2.3336119651794434,36028100,0.0,0.0
2022-07-07 00:00:00-04:00,2.3336119884584647,2.3786625862927546,2.324601911855041,2.369652509689331,26502300,0.0,0.0
2022-07-08 00:00:00-04:00,2.3696522753233906,2.4147026538848877,2.3606419847939417,2.4147026538848877,29100300,0.0,0.0
2022-07-11 00:00:00-04:00,2.3786625625452564,2.3786625625452564,2.306581735620318,2.315591812133789,28983400,0.0,0.0
2022-07-12 00:00:00-04:00,2.225491046943836,2.288561582536569,2.2164809704305886,2.261531352996826,32763500,0.0,0.0
2022-07-13 00:00:00-04:00,2.3426218317848524,2.4417328793702593,2.333611756078647,2.3966825008392334,49881200,0.0,0.0
2022-07-14 00:00:00-04:00,2.3876724275464647,2.4507429575536523,2.351631909868065,2.423712730407715,52029100,0.0,0.0
2022-07-15 00:00:00-04:00,2.414702892543432,2.4417331223518786,2.3876726627349854,2.3876726627349854,32876100,0.0,0.0
2022-07-18 00:00:00-04:00,2.405692574893635,2.450742953393729,2.3696522720935604,2.378662347793579,34625600,0.0,0.0
2022-07-19 00:00:00-04:00,2.4056928159406166,2.4507431989546937,2.37866258613217,2.3876726627349854,36816600,0.0,0.0
2022-07-20 00:00:00-04:00,2.3786625625643296,2.3966827155914165,2.2975716591252695,2.3336119651794434,48392400,0.0,0.0
2022-07-21 00:00:00-04:00,2.315591812170639,2.3696524860694956,2.3065817356570246,2.3516321182250977,31266500,0.0,0.0
2022-07-22 00:00:00-04:00,2.360642194738712,2.3966827156103396,2.3336119651978686,2.3516321182250977,25361400,0.0,0.0
2022-07-25 00:00:00-04:00,2.3876724275464647,2.44173288183834,2.3876724275464647,2.423712730407715,19529900,0.0,0.0
2022-07-26 00:00:00-04:00,2.4327228085277586,2.468763111424634,2.414702657079321,2.4507429599761963,32240000,0.0,0.0
2022-07-27 00:00:00-04:00,2.4867832714404736,2.549853801727295,2.4507429684194326,2.549853801727295,36323500,0.0,0.0
2022-07-28 00:00:00-04:00,2.585894132092321,2.6129245744610805,2.5048034494375035,2.5949044227600098,41008300,0.0,0.0
2022-07-29 00:00:00-04:00,2.5949043945368486,2.6219346217944635,2.5408437252044678,2.5408437252044678,50263700,0.0,0.0
2022-08-01 00:00:00-04:00,2.5138134940676005,2.5678739484994058,2.4777731911130636,2.495793342590332,43896100,0.0,0.0
2022-08-02 00:00:00-04:00,2.486783263680456,2.5138134908618888,2.4597530364990234,2.4597530364990234,25128400,0.0,0.0
2022-08-03 00:00:00-04:00,2.468763111424634,2.4777731871488533,2.414702657079321,2.4507429599761963,40360000,0.0,0.0
2022-08-04 00:00:00-04:00,2.468763116147339,2.504803419113159,2.441732888922974,2.504803419113159,27368300,0.0,0.0
2022-08-05 00:00:00-04:00,2.4957933418032976,2.5408437204822625,2.486783266067505,2.486783266067505,43798000,0.0,0.0
2022-08-08 00:00:00-04:00,2.5318336517303623,2.576884030533596,2.513813500209069,2.567873954772949,22449600,0.0,0.0
2022-08-09 00:00:00-04:00,2.5678739524620826,2.5858941039671595,2.5228235736993914,2.5408437252044678,19919500,0.0,0.0
2022-08-10 00:00:00-04:00,2.594904427354384,2.666985034286288,2.5858941366707424,2.6579749584198,29022600,0.0,0.0
2022-08-11 00:00:00-04:00,2.6489651209334593,2.6669852742880673,2.585894369375158,2.612924814224243,20368900,0.0,0.0
2022-08-12 00:00:00-04:00,2.639955043338688,2.675995350035379,2.6219348899903423,2.666985273361206,17985400,0.0,0.0
2022-08-15 00:00:00-04:00,2.648965119419586,2.7030255794525146,2.630944966075276,2.7030255794525146,34620000,0.0,0.0
2022-08-16 00:00:00-04:00,2.6669850355945464,2.6940152632072696,2.6579749597236386,2.675995111465454,22021700,0.0,0.0
2022-08-17 00:00:00-04:00,2.639955043041075,2.6940155030800175,2.6309449663679185,2.6850054264068604,40492600,0.0,0.0
2022-08-18 00:00:00-04:00,2.7030253429509656,2.7480757223700514,2.6850051911833317,2.730055570602417,26681800,0.0,0.0
2022-08-19 00:00:00-04:00,2.7480757197627192,2.7570857956379875,2.657974961010035,2.6940152645111084,33415600,0.0,0.0
2022-08-22 00:00:00-04:00,2.6759953503411587,2.6759953503411587,2.630944966965147,2.6489651203155518,28408800,0.0,0.0
2022-08-23 00:00:00-04:00,2.6669852730605466,2.7120356564263313,2.6579751963873894,2.6850054264068604,16559900,0.0,0.0
2022-08-24 00:00:00-04:00,2.721045495353406,2.7751059506689204,2.703025343581568,2.739065647125244,30903500,0.0,0.0
2022-08-25 00:00:00-04:00,2.739065647125244,2.7751059506689204,2.721045495353406,2.739065647125244,16495000,0.0,0.0
2022-08-26 00:00:00-04:00,2.7660958741376853,2.7751059500215023,2.712035418834783,2.730055570602417,30971500,0.0,0.0
2022-08-29 00:00:00-04:00,2.721045495353406,2.7751059506689204,2.7120354194674867,2.739065647125244,23343700,0.0,0.0
2022-08-30 00:00:00-04:00,2.7480757170846797,2.7660958688176556,2.6579749584198,2.6579749584198,28691100,0.0,0.0
2022-08-31 00:00:00-04:00,2.6399550442561552,2.6850054276426754,2.603914737546939,2.612924814224243,23077300,0.0,0.0
2022-09-01 00:00:00-04:00,2.6129245744610805,2.6309447261621512,2.567873980391251,2.5949044227600098,34612200,0.0,0.0
2022-09-02 00:00:00-04:00,2.6399548053741455,2.7030253364082006,2.6309447295121378,2.6399548053741455,21163500,0.0,0.0
2022-09-06 00:00:00-04:00,2.657974957098161,2.666985032960169,2.612924577788122,2.6399548053741455,25041100,0.0,0.0
2022-09-07 00:00:00-04:00,2.6309449663679185,2.6850054264068604,2.6309449663679185,2.6850054264068604,14799400,0.0,0.0
2022-09-08 00:00:00-04:00,2.675995350651127,2.6850054273273734,2.6039147372411593,2.6309449672698975,22334800,0.0,0.0
2022-09-09 00:00:00-04:00,2.6579751960917406,2.7210457327968243,2.648965119419586,2.7030255794525146,9843100,0.0,0.0
2022-09-12 00:00:00-04:00,2.712035418834783,2.7480757223700514,2.7030253429509656,2.730055570602417,12191000,0.0,0.0
2022-09-13 00:00:00-04:00,2.6940155036915634,2.7300558103923724,2.639955043640349,2.6489651203155518,38486400,0.0,0.0
2022-09-14 00:00:00-04:00,2.6489651206223894,2.6669852739748814,2.6129248139174055,2.6309449672698975,14726200,0.0,0.0
2022-09-15 00:00:00-04:00,2.6309447014655447,2.6309447014655447,2.5768840320526456,2.5858941078186035,16732500,0.0,0.0
2022-09-16 00:00:00-04:00,2.5678739532378154,2.6039144710760067,2.5318336502167744,2.549853801727295,33513700,0.0,0.0
2022-09-19 00:00:00-04:00,2.55886413845396,2.675995350035379,2.5498540617797874,2.666985273361206,17857700,0.0,0.0
2022-09-20 00:00:00-04:00,2.648965119419586,2.7210457327968243,2.6219348894031214,2.7030255794525146,41027000,0.0,0.0
2022-09-21 00:00:00-04:00,2.7030253377522397,2.7210454894852156,2.6489648825533116,2.6579749584198,31717000,0.0,0.0
2022-09-22 00:00:00-04:00,2.6759951127605714,2.721045492136914,2.639954809259498,2.6940152645111084,46529300,0.0,0.0
2022-09-23 00:00:00-04:00,2.6309447261621512,2.6399548020126864,2.576884056241786,2.5949044227600098,39915300,0.0,0.0
2022-09-26 00:00:00-04:00,2.5498537993999224,2.5949043929522544,2.4957933449177045,2.5228235721588135,36231900,0.0,0.0
2022-09-27 00:00:00-04:00,2.5678739532378154,2.5949043953207465,2.5318336502167744,2.549853801727295,33028200,0.0,0.0
2022-09-28 00:00:00-04:00,2.56787421602055,2.630944967578851,2.549854062665942,2.612924814224243,38927500,0.0,0.0
2022-09-29 00:00:00-04:00,2.5858943463112976,2.603914714322353,2.5408439633265867,2.5768842697143555,46118900,0.0,0.0
2022-09-30 00:00:00-04:00,2.5678739532378154,2.5949043953207465,2.5408437259720347,2.549853801727295,28473100,0.0,0.0
2022-10-03 00:00:00-04:00,2.639954816580451,2.802136182785034,2.621934664779942,2.802136182785034,31063500,0.0,0.0
2022-10-04 00:00:00-04:00,2.838176700570593,2.847186776468839,2.7570858026692218,2.793126106262207,33031900,0.0,0.0
2022-10-05 00:00:00-04:00,2.757085800801583,2.7931261043701543,2.694015269556582,2.7660958766937256,66769900,0.0,0.0
2022-10-06 00:00:00-04:00,2.7480757236480713,2.7841160272001004,2.7390656477600643,2.7480757236480713,38644000,0.0,0.0
2022-10-07 00:00:00-04:00,2.666985030252868,2.666985030252868,2.603914499282837,2.603914499282837,33749800,0.0,0.0
2022-10-10 00:00:00-04:00,2.62193465098856,2.6489648785471447,2.5858941327599605,2.603914499282837,23891200,0.0,0.0
2022-10-11 00:00:00-04:00,2.5949043929522544,2.6039144686992906,2.5138134964117773,2.5228235721588135,27728900,0.0,0.0
2022-10-12 00:00:00-04:00,2.522823571380242,2.5318336471244978,2.4777731926589635,2.5138134956359863,12448500,0.0,0.0
2022-10-13 00:00:00-04:00,2.459753044174693,2.5678739532378154,2.4507429684194326,2.549853801727295,25779400,0.0,0.0
2022-10-14 00:00:00-04:00,2.540843718862236,2.549853794592284,2.4687631130218506,2.4687631130218506,23399000,0.0,0.0
2022-10-17 00:00:00-04:00,2.495793344147475,2.5408437228687535,2.486783268403219,2.5138134956359863,15363100,0.0,0.0
2022-10-18 00:00:00-04:00,2.5318336479058496,2.5588638751469586,2.4957933449177045,2.5228235721588135,18917400,0.0,0.0
2022-10-19 00:00:00-04:00,2.5138134932748835,2.549853796218055,2.486783266067505,2.486783266067505,37919200,0.0,0.0
2022-10-20 00:00:00-04:00,2.522823574461514,2.5949043953207465,2.522823574461514,2.549853801727295,40145200,0.0,0.0
2022-10-21 00:00:00-04:00,2.5498540620711534,2.6489651203155518,2.5408439853959512,2.6489651203155518,35941100,0.0,0.0
2022-10-24 00:00:00-04:00,2.5768840289930752,2.5949043953207465,2.522823574461514,2.549853801727295,31494800,0.0,0.0
2022-10-25 00:00:00-04:00,2.5138134940676005,2.531833645544869,2.486783266851698,2.495793342590332,31908800,0.0,0.0
2022-10-26 00:00:00-04:00,2.4777731934236322,2.5228235721588135,2.4687631176765956,2.5228235721588135,31789600,0.0,0.0
2022-10-27 00:00:00-04:00,2.6129245751356986,2.666985030252868,2.5588639052013757,2.603914499282837,39647900,0.0,0.0
2022-10-28 00:00:00-04:00,2.5858941353849447,2.6489648812361533,2.576884059522937,2.6399548053741455,30866900,0.0,0.0
2022-10-31 00:00:00-04:00,2.639954812380134,2.748075723011163,2.6309447364942153,2.739065647125244,43040400,0.0,0.0
2022-11-01 00:00:00-04:00,2.7480757242808163,2.784116027841144,2.703025344830407,2.7570858001708984,32104500,0.0,0.0
2022-11-02 00:00:00-04:00,2.721045490819993,2.7480757184327165,2.675995111465454,2.675995111465454,12166400,0.0,0.0
2022-11-03 00:00:00-04:00,2.675995118380456,2.784116029110743,2.6669850424862656,2.7751059532165527,30652300,0.0,0.0
2022-11-04 00:00:00-04:00,2.8381767320176627,2.919267416000366,2.8291666560195843,2.919267416000366,47683400,0.0,0.0
2022-11-07 00:00:00-05:00,2.89223718208636,2.9012472580659967,2.8201565742492676,2.8201565742492676,29987100,0.0,0.0
2022-11-08 00:00:00-05:00,2.8291666539599447,2.9012472618920953,2.820156577968426,2.8832271099090576,32263600,0.0,0.0
2022-11-09 00:00:00-05:00,2.8742170312272637,2.9012472591765195,2.8111462845285096,2.838176727294922,32807000,0.0,0.0
2022-11-10 00:00:00-05:00,2.7120354122702084,2.7300555639942243,2.6219346536501296,2.6399548053741455,53025200,0.0,0.0
2022-11-11 00:00:00-05:00,2.666985036885303,2.7120354162616453,2.639954809259498,2.6940152645111084,26890400,0.0,0.0
2022-11-14 00:00:00-05:00,2.6579749597236386,2.712035414949085,2.630944732110915,2.675995111465454,21104600,0.0,0.0
2022-11-15 00:00:00-05:00,2.730055809468979,2.739065886141134,2.685005426108205,2.7030255794525146,14482700,0.0,0.0
2022-11-16 00:00:00-05:00,2.621934622586527,2.648964849852308,2.5408437259720347,2.549853801727295,39748500,0.0,0.0
2022-11-17 00:00:00-05:00,2.4777731949366997,2.549853800957006,2.4777731949366997,2.5408437252044678,26287500,0.0,0.0
2022-11-18 00:00:00-05:00,2.6039144741676705,2.6399547772315026,2.5768840320526456,2.5858941078186035,34901200,0.0,0.0
2022-11-21 00:00:00-05:00,2.6129248139174055,2.657975197298635,2.5768842923952486,2.6309449672698975,19433700,0.0,0.0
2022-11-22 00:00:00-05:00,2.6489648529974605,2.6489648529974605,2.5678739562866877,2.5858941078186035,43557900,0.0,0.0
2022-11-23 00:00:00-05:00,2.5768842923952486,2.639955043946143,2.567874215719003,2.6309449672698975,19894300,0.0,0.0
2022-11-25 00:00:00-05:00,2.6399548040434238,2.657974955758356,2.603914500613559,2.621934652328491,8475600,0.0,0.0
2022-11-28 00:00:00-05:00,2.6399548053741455,2.657974957098161,2.6219346536501296,2.6399548053741455,13677400,0.0,0.0
2022-11-29 00:00:00-05:00,2.675995350651127,2.6850054273273734,2.6309449672698975,2.6309449672698975,24456700,0.0,0.0
2022-11-30 00:00:00-05:00,2.6579749647679987,2.7480757236480713,2.6489648888799913,2.7480757236480713,26714900,0.0,0.0
2022-12-01 00:00:00-05:00,2.73906564963979,2.784116029110743,2.7300555737455996,2.7751059532165527,39390300,0.0,0.0
2022-12-02 00:00:00-05:00,2.7841160303639607,2.847186776468839,2.7751059544657144,2.793126106262207,62146200,0.0,0.0
2022-12-05 00:00:00-05:00,2.7480757210750473,2.7480757210750473,2.69401526579762,2.7120354175567627,29352900,0.0,0.0
2022-12-06 00:00:00-05:00,2.7210457327968243,2.7570860394854435,2.69401550278036,2.7030255794525146,21769900,0.0,0.0
2022-12-07 00:00:00-05:00,2.730055570602417,2.7570857982538683,2.712035418834783,2.730055570602417,8996800,0.0,0.0
2022-12-08 00:00:00-05:00,2.712035414949085,2.721045490819993,2.6669850355945464,2.675995111465454,13592500,0.0,0.0
2022-12-09 00:00:00-05:00,2.657975197298635,2.675995350651127,2.6309449672698975,2.6309449672698975,16430600,0.0,0.0
2022-12-12 00:00:00-05:00,2.5678739562866877,2.5858941078186035,2.5228235774568977,2.5858941078186035,24610300,0.0,0.0
2022-12-13 00:00:00-05:00,2.612924548393333,2.6489648514359194,2.567873954772949,2.567873954772949,71171600,0.0,0.0
2022-12-14 00:00:00-05:00,2.4867832729271293,2.576884030533596,2.4597530456451895,2.567873954772949,53823400,0.0,0.0
2022-12-15 00:00:00-05:00,2.5318336479058496,2.5768840266410313,2.4957933449177045,2.5228235721588135,27998400,0.0,0.0
2022-12-16 00:00:00-05:00,2.5138134932748835,2.5408437204822625,2.486783266067505,2.486783266067505,23367500,0.0,0.0
2022-12-19 00:00:00-05:00,2.5228235759697157,2.6039144726326864,2.5048034244484225,2.567873954772949,33141600,0.0,0.0
2022-12-20 00:00:00-05:00,2.611558321115101,2.6590411543976282,2.611558321115101,2.6210548877716064,12795400,0.146,0.0
2022-12-21 00:00:00-05:00,2.5925650665044486,2.6305513313532174,2.5830685002922564,2.611558198928833,20335200,0.0,0.0
2022-12-22 00:00:00-05:00,2.611558321115101,2.630551454428112,2.5830686211455847,2.6210548877716064,11960000,0.0,0.0
2022-12-23 00:00:00-05:00,2.6780341830149808,2.706523881870715,2.6685376167297363,2.6685376167297363,10219400,0.0,0.0
2022-12-27 00:00:00-05:00,2.5925651758503974,2.6210548756885768,2.5735720426249444,2.583068609237671,15878600,0.0,0.0
2022-12-28 00:00:00-05:00,2.621054765141025,2.6495444637776018,2.5925650665044486,2.611558198928833,18334800,0.0,0.0
2022-12-29 00:00:00-05:00,2.6400478975654096,2.6495444637776018,2.5925650665044486,2.611558198928833,11113700,0.0,0.0
2022-12-30 00:00:00-05:00,2.5925651758503974,2.6400480089140292,2.583068609237671,2.583068609237671,6640700,0.0,0.0
2023-01-03 00:00:00-05:00,2.5355858462093503,2.554578979959412,2.45011651791806,2.459613084793091,50074200,0.0,0.0
2023-01-04 00:00:00-05:00,2.4596130902677222,2.516592718060746,2.4501165233715536,2.4786062240600586,25771600,0.0,0.0
2023-01-05 00:00:00-05:00,2.4975994856486112,2.5260891852121765,2.4881026927114176,2.5070960521698,23601400,0.0,0.0
2023-01-06 00:00:00-05:00,2.5355856557481236,2.583068486556591,2.5165925234247366,2.5735719203948975,13126500,0.0,0.0
2023-01-09 00:00:00-05:00,2.5450823427867655,2.5925651758503974,2.535585776174039,2.583068609237671,15844300,0.0,0.0
2023-01-10 00:00:00-05:00,2.611558321115101,2.6400480210846173,2.573572054489079,2.6210548877716064,19909900,0.0,0.0
2023-01-11 00:00:00-05:00,2.564075476012218,2.602061742463124,2.535585776174039,2.583068609237671,32105600,0.0,0.0
2023-01-12 00:00:00-05:00,2.5735720486003117,2.630551448408966,2.526089215426433,2.6020617485046387,34392200,0.0,0.0
2023-01-13 00:00:00-05:00,2.564075354233204,2.602061618879978,2.545082221909817,2.5735719203948975,30224200,0.0,0.0
2023-01-17 00:00:00-05:00,2.5260892095613126,2.5925651758503974,2.516592642948586,2.583068609237671,43180400,0.0,0.0
2023-01-18 00:00:00-05:00,2.6115584108403613,2.6210549778231402,2.5070961740297943,2.5165927410125732,21824100,0.0,0.0
2023-01-19 00:00:00-05:00,2.497599460914718,2.516592593769005,2.469109535217285,2.469109535217285,27426900,0.0,0.0
2023-01-20 00:00:00-05:00,2.4501164023629984,2.4881026680715714,2.431123269508712,2.469109535217285,17740300,0.0,0.0
2023-01-23 00:00:00-05:00,2.4311233786725586,2.4786062129403796,2.4216268118189945,2.440619945526123,29984500,0.0,0.0
2023-01-24 00:00:00-05:00,2.459613107479104,2.4975996017456055,2.4501165405164826,2.4975996017456055,15615200,0.0,0.0
2023-01-25 00:00:00-05:00,2.4975994978655325,2.5545788972713757,2.4881027048818853,2.5450823307037354,28129500,0.0,0.0
2023-01-26 00:00:00-05:00,2.5640754638390164,2.5735720304066567,2.5070960644331732,2.5450823307037354,28767400,0.0,0.0
2023-01-27 00:00:00-05:00,2.535585874978131,2.5545790089436884,2.5070961740297943,2.5165927410125732,14107300,0.0,0.0
2023-01-30 00:00:00-05:00,2.526089166706733,2.5355857331583525,2.4786061080326336,2.488102674484253,17063500,0.0,0.0
2023-01-31 00:00:00-05:00,2.5165926248921786,2.554578891070535,2.507096058347589,2.5260891914367676,26509700,0.0,0.0
2023-02-01 00:00:00-05:00,2.459613084793091,2.4975995787092278,2.374143982917815,2.459613084793091,95144700,0.0,0.0
2023-02-02 00:00:00-05:00,2.4975994543777595,2.5070960207800477,2.4311232631457416,2.4501163959503174,45248000,0.0,0.0
2023-02-03 00:00:00-05:00,2.4121302280865553,2.4406199284478913,2.3646473941509956,2.3836405277252197,33203800,0.0,0.0
2023-02-06 00:00:00-05:00,2.383640405181336,2.4026335377791157,2.355150706284667,2.3741438388824463,48072900,0.0,0.0
2023-02-07 00:00:00-05:00,2.345654254929753,2.3741439552225017,2.326661121401254,2.364647388458252,32424900,0.0,0.0
2023-02-08 00:00:00-05:00,2.383640405181336,2.4026335377791157,2.345654139985777,2.3741438388824463,22706900,0.0,0.0
2023-02-09 00:00:00-05:00,2.364647376793936,2.374143943511341,2.3076679764895065,2.3266611099243164,31123400,0.0,0.0
2023-02-10 00:00:00-05:00,2.3076678548646514,2.3266609872984345,2.2791781562139763,2.317164421081543,21535700,0.0,0.0
2023-02-13 00:00:00-05:00,2.3551508273638837,2.3931370945123316,2.345654260576772,2.3836405277252197,10837000,0.0,0.0
2023-02-14 00:00:00-05:00,2.4216267890437493,2.431123355807999,2.345654254929753,2.364647388458252,28393100,0.0,0.0
2023-02-15 00:00:00-05:00,2.3741438454987045,2.4121301108001236,2.355150712847995,2.393136978149414,13009600,0.0,0.0
2023-02-16 00:00:00-05:00,2.3646472725835563,2.3741438388824463,2.3171644410891075,2.3741438388824463,21219100,0.0,0.0
2023-02-17 00:00:00-05:00,2.36464727917335,2.4121301108001236,2.355150712847995,2.393136978149414,11354400,0.0,0.0
2023-02-21 00:00:00-05:00,2.393136978149414,2.4216266771254786,2.3741438454987045,2.393136978149414,24748900,0.0,0.0
2023-02-22 00:00:00-05:00,2.412130117416382,2.431123250119188,2.3836404183621727,2.412130117416382,31602600,0.0,0.0
2023-02-23 00:00:00-05:00,2.4501163959503174,2.459612962352605,2.4026335639388776,2.4501163959503174,18087400,0.0,0.0
2023-02-24 00:00:00-05:00,2.3931371057638726,2.440619939922677,2.3836405389321116,2.4216268062591553,32153800,0.0,0.0
2023-02-27 00:00:00-05:00,2.4311233786725586,2.450116512379687,2.4121302449654305,2.440619945526123,13393600,0.0,0.0
2023-02-28 00:00:00-05:00,2.440619939922677,2.4596130735861985,2.4121302394273942,2.4216268062591553,34164600,0.0,0.0
2023-03-01 00:00:00-05:00,2.4501163959503174,2.459612962352605,2.4121301303411653,2.4501163959503174,15423700,0.0,0.0
2023-03-02 00:00:00-05:00,2.3836404118240595,2.4216266771254786,2.3741438454987045,2.393136978149414,29163200,0.0,0.0
2023-03-03 00:00:00-05:00,2.393136978149414,2.402633544474769,2.355150712847995,2.393136978149414,63051700,0.0,0.0
2023-03-06 00:00:00-05:00,2.393137121994544,2.4881027909562268,2.393137121994544,2.4786062240600586,24846200,0.0,0.0
2023-03-07 00:00:00-05:00,2.459613079233251,2.4786062129403796,2.4121302449654305,2.440619945526123,11776100,0.0,0.0
2023-03-08 00:00:00-05:00,2.469109674441725,2.507096168708227,2.459613107479104,2.4975996017456055,21866600,0.0,0.0
2023-03-09 00:00:00-05:00,2.526089166706733,2.5355857331583525,2.488102674484253,2.488102674484253,14157300,0.0,0.0
2023-03-10 00:00:00-05:00,2.459612962352605,2.5070960207800477,2.4406198295480293,2.4501163959503174,13539500,0.0,0.0
2023-03-13 00:00:00-04:00,2.440619823060394,2.478606088568571,2.4311232566833496,2.4311232566833496,12873300,0.0,0.0
2023-03-14 00:00:00-04:00,2.48810281364822,2.5450824419609095,2.4786062466654415,2.5165927410125732,27304400,0.0,0.0
2023-03-15 00:00:00-04:00,2.48810281364822,2.526089307995352,2.4786062466654415,2.5165927410125732,12863700,0.0,0.0
2023-03-16 00:00:00-04:00,2.5355856557481236,2.583068486556591,2.52608908958643,2.5735719203948975,13296500,0.0,0.0
2023-03-17 00:00:00-04:00,2.516592516584406,2.5735719133996917,2.516592516584406,2.5545787811279297,16728500,0.0,0.0
2023-03-20 00:00:00-04:00,2.5450823307037354,2.5640754638390164,2.5165926310008135,2.5450823307037354,26649400,0.0,0.0
2023-03-21 00:00:00-04:00,2.5450824365587126,2.554579003521334,2.4975996017456055,2.4975996017456055,13958100,0.0,0.0
2023-03-22 00:00:00-04:00,2.507096168708227,2.5450824365587126,2.478606241404347,2.4975996017456055,20009200,0.0,0.0
2023-03-23 00:00:00-04:00,2.5355858462093503,2.545082413084381,2.4311233841679987,2.459613084793091,24670800,0.0,0.0
2023-03-24 00:00:00-04:00,2.469109674441725,2.5260893026334696,2.440619973553861,2.4975996017456055,18549700,0.0,0.0
2023-03-27 00:00:00-04:00,2.5165926248921786,2.545082324525946,2.507096058347589,2.5260891914367676,13130300,0.0,0.0
2023-03-28 00:00:00-04:00,2.545082360259349,2.744510486911732,2.545082360259349,2.640048027038574,62541300,0.0,0.0
2023-03-29 00:00:00-04:00,2.659041183542872,2.7445105108042434,2.640048050021681,2.7160205841064453,20946900,0.0,0.0
2023-03-30 00:00:00-04:00,2.754006960012369,2.7635035263676118,2.7065239018201543,2.7255170345306396,13286300,0.0,0.0
2023-03-31 00:00:00-04:00,2.706524005732046,2.7255171391717368,2.6305514719732828,2.6780343055725098,27607700,0.0,0.0
2023-04-03 00:00:00-04:00,2.6210547853035133,2.6780341830149808,2.6210547853035133,2.6685376167297363,15132600,0.0,0.0
2023-04-04 00:00:00-04:00,2.6970274390122007,2.716020572451891,2.6400480386931284,2.6780343055725098,19317600,0.0,0.0
2023-04-05 00:00:00-04:00,2.706524005732046,2.7255171391717368,2.6400480386931284,2.6780343055725098,16550000,0.0,0.0
2023-04-06 00:00:00-04:00,2.7065240115798415,2.7255171450605693,2.659041177878022,2.6970274448394775,19583500,0.0,0.0
2023-04-10 00:00:00-04:00,2.6780343055725098,2.6970274390122007,2.659041172132819,2.6780343055725098,12889300,0.0,0.0
2023-04-11 00:00:00-04:00,2.7730001179247044,2.801489817249355,2.7540069850416042,2.7635035514831543,15673300,0.0,0.0
2023-04-12 00:00:00-04:00,2.8014898362719904,2.848972668802159,2.8014898362719904,2.8204829692840576,19120900,0.0,0.0
2023-04-13 00:00:00-04:00,2.79199325721346,2.8109863901401364,2.773000124286784,2.782496690750122,11298200,0.0,0.0
2023-04-14 00:00:00-04:00,2.773000245833707,2.8204830802316785,2.7635036789541125,2.7919933795928955,12787100,0.0,0.0
2023-04-17 00:00:00-04:00,2.80148983001709,2.820482962986751,2.7824966970474287,2.80148983001709,8836600,0.0,0.0
2023-04-18 00:00:00-04:00,2.7730002403259277,2.810986507768856,2.7445105397437315,2.7730002403259277,9485400,0.0,0.0
2023-04-19 00:00:00-04:00,2.7160204615959094,2.735013820676385,2.6970273289314344,2.706523895263672,8994200,0.0,0.0
2023-04-20 00:00:00-04:00,2.716020601731536,2.773000229080879,2.716020601731536,2.735013961791992,10228200,0.0,0.0
2023-04-21 00:00:00-04:00,2.744510380266147,2.744510380266147,2.678034189687797,2.687530755996704,7288200,0.0,0.0
2023-04-24 00:00:00-04:00,2.7350139323075924,2.7350139323075924,2.6780343055725098,2.6780343055725098,24349900,0.0,0.0
2023-04-25 00:00:00-04:00,2.6305513449402826,2.6685376099852545,2.62105477867904,2.6495444774627686,16844000,0.0,0.0
2023-04-26 00:00:00-04:00,2.6400479044326954,2.6685376031433794,2.630551338195801,2.630551338195801,17581900,0.0,0.0
2023-04-27 00:00:00-04:00,2.659041166305542,2.668537733004576,2.630551466208441,2.659041166305542,12815300,0.0,0.0
2023-04-28 00:00:00-04:00,2.630551466208441,2.668537733004576,2.630551466208441,2.659041166305542,17819700,0.0,0.0
2023-05-01 00:00:00-04:00,2.6495444774627686,2.6875307425077404,2.6495444774627686,2.6495444774627686,4765300,0.0,0.0
2023-05-02 00:00:00-04:00,2.659041166305542,2.668537733004576,2.6210548995094074,2.659041166305542,20977800,0.0,0.0
2023-05-03 00:00:00-04:00,2.6970274680870925,2.763503662258657,2.6970274680870925,2.735013961791992,18940700,0.0,0.0
2023-05-04 00:00:00-04:00,2.8204829501324555,2.8299795165740056,2.7160204928593994,2.7635035514831543,18169100,0.0,0.0
2023-05-05 00:00:00-04:00,2.735013845796726,2.7824966778940294,2.7065239201223403,2.7445104122161865,14471600,0.0,0.0
2023-05-08 00:00:00-04:00,2.7445103936571265,2.7635035263676118,2.716020468175397,2.7255170345306396,12173900,0.0,0.0
2023-05-09 00:00:00-04:00,2.7160205841064453,2.7540070775648386,2.70652401734585,2.7160205841064453,11007100,0.0,0.0
2023-05-10 00:00:00-04:00,2.735013961791992,2.7540070954364353,2.7065240349093145,2.735013961791992,14269000,0.0,0.0
2023-05-11 00:00:00-04:00,2.7350139673757408,2.7730002347421796,2.725517174118118,2.75400710105896,22658200,0.0,0.0
2023-05-12 00:00:00-04:00,2.7445104186000537,2.782496684366255,2.7350138521585037,2.7635035514831543,15427000,0.0,0.0
2023-05-15 00:00:00-04:00,2.79199338506346,2.820483085758065,2.7730002512670566,2.8109865188598633,9221100,0.0,0.0
2023-05-16 00:00:00-04:00,2.829979647111273,2.839476213990867,2.782496812713301,2.7919933795928955,8687500,0.0,0.0
2023-05-17 00:00:00-04:00,2.801489817249355,2.801489817249355,2.7540069850416042,2.7635035514831543,9675400,0.0,0.0
2023-05-18 00:00:00-04:00,2.7635036679005696,2.7635036679005696,2.7065240404348985,2.75400710105896,18159100,0.0,0.0
2023-05-19 00:00:00-04:00,2.763503662258657,2.773000229080879,2.716020601731536,2.735013961791992,12237600,0.0,0.0
2023-05-22 00:00:00-04:00,2.79199324431349,2.79199324431349,2.7445104122161865,2.7445104122161865,15018600,0.0,0.0
2023-05-23 00:00:00-04:00,2.7445105286142137,2.7824967959031004,2.7255171685537576,2.735013961791992,10658100,0.0,0.0
2023-05-24 00:00:00-04:00,2.773000245833707,2.810986513352084,2.7635036789541125,2.7919933795928955,14061500,0.0,0.0
2023-05-25 00:00:00-04:00,2.7730001179247044,2.801489817249355,2.7540069850416042,2.7635035514831543,18283000,0.0,0.0
2023-05-26 00:00:00-04:00,2.791993250807805,2.801489817249355,2.7445104186000537,2.7635035514831543,10736600,0.0,0.0
2023-05-30 00:00:00-04:00,2.744510380266147,2.744510380266147,2.66853762337889,2.687530755996704,20891600,0.0,0.0
2023-05-31 00:00:00-04:00,2.6685376099852545,2.6780341762464976,2.62105477867904,2.6495444774627686,19068400,0.0,0.0
2023-06-01 00:00:00-04:00,2.6685377388526645,2.6970274390122007,2.6495446054129737,2.6780343055725098,14191300,0.0,0.0
2023-06-02 00:00:00-04:00,2.716020607276508,2.7730002347421796,2.697027473593289,2.75400710105896,14976400,0.0,0.0
2023-06-05 00:00:00-04:00,2.7540070954364353,2.773000229080879,2.735013961791992,2.735013961791992,8344000,0.0,0.0
2023-06-06 00:00:00-04:00,2.744510555877798,2.84897279195995,2.744510555877798,2.829979658126831,22366400,0.0,0.0
2023-06-07 00:00:00-04:00,2.8489726750779787,2.8774623746588377,2.8109864089701664,2.8394761085510254,13914600,0.0,0.0
2023-06-08 00:00:00-04:00,2.8204830965897827,2.867965931263143,2.8109865296551106,2.848972797393799,4646700,0.0,0.0
2023-06-09 00:00:00-04:00,2.867965725288947,2.9439382553100586,2.858469159036308,2.9439382553100586,15043300,0.0,0.0
2023-06-12 00:00:00-04:00,2.9154485498124054,2.9439382485044616,2.877462284889664,2.924945116043091,17659300,0.0,0.0
2023-06-13 00:00:00-04:00,2.9344416890574196,2.9724281804839743,2.9154485565521417,2.9439382553100586,13213900,0.0,0.0
2023-06-14 00:00:00-04:00,2.962931413178709,3.0009179049304366,2.9154485815090503,2.9819247722625732,17622200,0.0,0.0
2023-06-15 00:00:00-04:00,2.981924888542629,3.000918021951129,2.934441828605369,2.972428321838379,15677100,0.0,0.0
2023-06-16 00:00:00-04:00,2.9344418048858643,2.9914214310668,2.9249452382583763,2.9344418048858643,20356900,0.0,0.0
2023-06-20 00:00:00-04:00,2.9629315107996512,2.9724283038624786,2.943938377506013,2.953434944152832,14211100,0.0,0.0
2023-06-21 00:00:00-04:00,2.9724283390832107,3.0294077396392822,2.953434979148509,3.0294077396392822,15233700,0.0,0.0
2023-06-22 00:00:00-04:00,3.019911063666812,3.0673938957463522,3.0009179308349956,3.0578973293304443,17415700,0.0,0.0
2023-06-23 00:00:00-04:00,3.057897322855073,3.067393889250871,3.0389041900634766,3.0389041900634766,10130500,0.0,0.0
2023-06-26 00:00:00-04:00,3.057897439917318,3.057897439917318,2.991421472601901,3.0294077396392822,12337100,0.0,0.0
2023-06-27 00:00:00-04:00,3.0484008731579726,3.0484008731579726,2.9724283390832107,3.0294077396392822,19716500,0.0,0.0
2023-06-28 00:00:00-04:00,2.991421312989252,2.991421312989252,2.9344416890574196,2.9439382553100586,21844800,0.0,0.0
2023-06-29 00:00:00-04:00,2.9439382553100586,2.9724281804839743,2.9344416890574196,2.9439382553100586,11113300,0.0,0.0
2023-06-30 00:00:00-04:00,2.9629314261278936,3.029407617171944,2.9629314261278936,3.019911050796509,10169500,0.0,0.0
2023-07-03 00:00:00-04:00,3.019911050796509,3.0389041835473796,3.0104144844210734,3.019911050796509,4319900,0.0,0.0
2023-07-05 00:00:00-04:00,2.943938395309619,2.972428321838379,2.924945261901119,2.972428321838379,6981600,0.0,0.0
2023-07-06 00:00:00-04:00,2.915448765936503,2.924945332871175,2.8299796635244547,2.848972797393799,17367600,0.0,0.0
2023-07-07 00:00:00-04:00,2.8869589536529245,2.8964555202208877,2.8584692539490346,2.877462387084961,7821000,0.0,0.0
2023-07-10 00:00:00-04:00,2.962931492468384,2.9819248520605215,2.8774623931757985,2.8964555263519287,13328300,0.0,0.0
2023-07-11 00:00:00-04:00,2.8204830965897827,2.848972797393799,2.7919933957857666,2.848972797393799,15806100,0.0,0.0
2023-07-12 00:00:00-04:00,2.8679656982421875,2.896455396731428,2.8679656982421875,2.8679656982421875,8131500,0.0,0.0
2023-07-13 00:00:00-04:00,2.896455410567678,2.915448542984568,2.8869588443592336,2.905951976776123,10646600,0.0,0.0
2023-07-14 00:00:00-04:00,2.8774622713232434,2.905951969880979,2.85846913895142,2.8869588375091553,10734900,0.0,0.0
2023-07-17 00:00:00-04:00,2.8774622713232434,2.896455403695067,2.8394760065795963,2.8869588375091553,16989000,0.0,0.0
2023-07-18 00:00:00-04:00,2.886958830568348,2.924945095220669,2.858469132079107,2.8679656982421875,20834400,0.0,0.0
2023-07-19 00:00:00-04:00,2.8679656982421875,2.886958830568348,2.839475999752947,2.8679656982421875,13256000,0.0,0.0
2023-07-20 00:00:00-04:00,2.8774624051209368,2.9439383715133522,2.848972705238473,2.9344418048858643,25911600,0.0,0.0
2023-07-21 00:00:00-04:00,2.9724282124650965,3.048400743303616,2.9629314196942795,3.000917911529541,22742900,0.0,0.0
2023-07-24 00:00:00-04:00,3.0199111612738916,3.0578974281652846,2.9819248943824985,2.9914214611053467,20481900,0.0,0.0
2023-07-25 00:00:00-04:00,2.962931413178709,2.991421338596505,2.9439382805108454,2.9819247722625732,10791600,0.0,0.0
2023-07-26 00:00:00-04:00,2.9819247722625732,3.0009179049304366,2.953434846844777,2.9819247722625732,10852600,0.0,0.0
2023-07-27 00:00:00-04:00,2.9819248582902382,2.991421424898143,2.9059520990109915,2.9154486656188965,13193500,0.0,0.0
2023-07-28 00:00:00-04:00,2.943938395309619,2.981924888542629,2.934441828605369,2.972428321838379,7882800,0.0,0.0
2023-07-31 00:00:00-04:00,2.991421319815959,3.00091788609027,2.9344416957540935,2.9629313945770264,17738100,0.0,0.0
2023-08-01 00:00:00-04:00,2.905951990299503,2.9534348215626975,2.896455424046864,2.9439382553100586,16885500,0.0,0.0
2023-08-02 00:00:00-04:00,2.9534349381408402,2.972428297811824,2.9344418048858643,2.9344418048858643,9949500,0.0,0.0
2023-08-03 00:00:00-04:00,2.924945194319888,2.95343489377438,2.7919932635322593,2.80148983001709,23072200,0.0,0.0
2023-08-04 00:00:00-04:00,2.8394762250433905,2.8869590596261867,2.820483091210272,2.829979658126831,13265200,0.0,0.0
2023-08-07 00:00:00-04:00,2.820483085758065,2.8299796526562666,2.79199338506346,2.8109865188598633,8171500,0.0,0.0
2023-08-08 00:00:00-04:00,2.782496812713301,2.810986513352084,2.773000245833707,2.7919933795928955,8490000,0.0,0.0
2023-08-09 00:00:00-04:00,2.7730001179247044,2.782496684366255,2.7445104186000537,2.7635035514831543,12669000,0.0,0.0
2023-08-10 00:00:00-04:00,2.801489940908124,2.82997964149032,2.7635036734651957,2.7730002403259277,6822300,0.0,0.0
2023-08-11 00:00:00-04:00,2.7635036679005696,2.782496801583789,2.7445105342173504,2.75400710105896,8226300,0.0,0.0
2023-08-14 00:00:00-04:00,2.725517150867041,2.7445105108042434,2.687530883824659,2.7160205841064453,8667800,0.0,0.0
2023-08-15 00:00:00-04:00,2.716020572451891,2.716020572451891,2.6780343055725098,2.6780343055725098,7848800,0.0,0.0
2023-08-16 00:00:00-04:00,2.6875308780991136,2.7160205783202054,2.6780343113587497,2.6970274448394775,8817000,0.0,0.0
2023-08-17 00:00:00-04:00,2.706523888614518,2.7255170212323323,2.6590410570699827,2.687530755996704,16876600,0.0,0.0
2023-08-18 00:00:00-04:00,2.6780343170640633,2.725517150867041,2.6780343170640633,2.7160205841064453,6939500,0.0,0.0
2023-08-21 00:00:00-04:00,2.6970273289314344,2.7255170279281464,2.687530762599197,2.706523895263672,5699400,0.0,0.0
2023-08-22 00:00:00-04:00,2.7255171685537576,2.773000229080879,2.716020601731536,2.735013961791992,10423900,0.0,0.0
2023-08-23 00:00:00-04:00,2.773000124286784,2.8014898236767984,2.7540069913601077,2.782496690750122,8892900,0.0,0.0
2023-08-24 00:00:00-04:00,2.7824966590780966,2.7919932254333393,2.7255170345306396,2.7255170345306396,7073100,0.0,0.0
2023-08-25 00:00:00-04:00,2.70652401734585,2.725517150867041,2.640048050021681,2.7160205841064453,22352700,0.0,0.0
2023-08-28 00:00:00-04:00,2.687530901264871,2.7540070954364353,2.659041200798206,2.735013961791992,11871800,0.0,0.0
2023-08-29 00:00:00-04:00,2.7350139673757408,2.7730002347421796,2.7350139673757408,2.75400710105896,7273600,0.0,0.0
2023-08-30 00:00:00-04:00,2.763503662258657,2.773000229080879,2.735013961791992,2.735013961791992,7615000,0.0,0.0
2023-08-31 00:00:00-04:00,2.706523868090958,2.706523868090958,2.621054771958906,2.630551338195801,21106100,0.0,0.0
2023-09-01 00:00:00-04:00,2.678034169380274,2.6875307356171687,2.6115582057220115,2.630551338195801,6855500,0.0,0.0
2023-09-05 00:00:00-04:00,2.630551460360652,2.6780342937502644,2.611558327004807,2.640048027038574,9343000,0.0,0.0
2023-09-06 00:00:00-04:00,2.6590410369064847,2.6685376031433794,2.630551338195801,2.630551338195801,13907500,0.0,0.0
2023-09-07 00:00:00-04:00,2.630551448408966,2.630551448408966,2.592565181869863,2.6020617485046387,4661000,0.0,0.0
2023-09-08 00:00:00-04:00,2.6115583090758503,2.6210548756885768,2.583068609237671,2.583068609237671,9417800,0.0,0.0
2023-09-11 00:00:00-04:00,2.611558327004807,2.649544593716497,2.611558327004807,2.640048027038574,7540300,0.0,0.0
2023-09-12 00:00:00-04:00,2.611558192036121,2.611558192036121,2.5830684934747374,2.5925650596618652,8301900,0.0,0.0
2023-09-13 00:00:00-04:00,2.62105488177419,2.6400480150437415,2.6020617485046387,2.6020617485046387,28396300,0.0,0.0
2023-09-14 00:00:00-04:00,2.611558192036121,2.6305513244103764,2.5830684934747374,2.5925650596618652,19488200,0.0,0.0
2023-09-15 00:00:00-04:00,2.611558192036121,2.6305513244103764,2.5830684934747374,2.5925650596618652,19021000,0.0,0.0
2023-09-18 00:00:00-04:00,2.5925650596618652,2.611558192036121,2.5830684934747374,2.5925650596618652,13955900,0.0,0.0
2023-09-19 00:00:00-04:00,2.611558192036121,2.6210547582232486,2.5925650596618652,2.5925650596618652,12436000,0.0,0.0
2023-09-20 00:00:00-04:00,2.611558192036121,2.6305513244103764,2.5925650596618652,2.5925650596618652,7632100,0.0,0.0
2023-09-21 00:00:00-04:00,2.5545790089436884,2.5640755759264673,2.5070961740297943,2.5165927410125732,14422900,0.0,0.0
2023-09-22 00:00:00-04:00,2.5355858695960913,2.5355858695960913,2.4975996017456055,2.4975996017456055,11873200,0.0,0.0
2023-09-25 00:00:00-04:00,2.497599467351876,2.526089166706733,2.4786061080326336,2.488102674484253,14225500,0.0,0.0
2023-09-26 00:00:00-04:00,2.4691096460868156,2.497599573063521,2.440619945526123,2.440619945526123,26623900,0.0,0.0
2023-09-27 00:00:00-04:00,2.459613067849865,2.459613067849865,2.3836405333729616,2.4026336669921875,29839700,0.0,0.0
2023-09-28 00:00:00-04:00,2.412130123929261,2.4501163894374383,2.402633557552217,2.4311232566833496,29250300,0.0,0.0
2023-09-29 00:00:00-04:00,2.4786060951571813,2.4786060951571813,2.4406198295480293,2.4501163959503174,15264400,0.0,0.0
2023-10-02 00:00:00-04:00,2.440619939922677,2.450116506754438,2.402633672595633,2.4216268062591553,11026800,0.0,0.0
2023-10-03 00:00:00-04:00,2.4311232366757847,2.459612935572454,2.3741438388824463,2.3741438388824463,12136800,0.0,0.0
2023-10-04 00:00:00-04:00,2.3836405389321116,2.431123373090916,2.3836405389321116,2.4216268062591553,12380400,0.0,0.0
2023-10-05 00:00:00-04:00,2.4121302222795,2.4121302222795,2.345654254929753,2.364647388458252,20539200,0.0,0.0
2023-10-06 00:00:00-04:00,2.3361575866051574,2.431123250119188,2.3076678875509486,2.412130117416382,21619100,0.0,0.0
2023-10-09 00:00:00-04:00,2.3931371001825745,2.4216268006114134,2.3836405333729616,2.4026336669921875,3917400,0.0,0.0
2023-10-10 00:00:00-04:00,2.431123269508712,2.4786061016444285,2.421626703081569,2.469109535217285,6020400,0.0,0.0
2023-10-11 00:00:00-04:00,2.4786061016444285,2.4786061016444285,2.440619835935855,2.469109535217285,7103800,0.0,0.0
2023-10-12 00:00:00-04:00,2.5450822727520257,2.5830685381576375,2.412130117416382,2.412130117416382,5687200,0.0,0.0
2023-10-13 00:00:00-04:00,2.4216268062591553,2.450116506754438,2.3836405389321116,2.4216268062591553,12525500,0.0,0.0
2023-10-16 00:00:00-04:00,2.4216266903063053,2.440619823060394,2.402633557552217,2.4311232566833496,8242200,0.0,0.0
2023-10-17 00:00:00-04:00,2.393136978149414,2.440619809776188,2.3836404118240595,2.393136978149414,8776200,0.0,0.0
2023-10-18 00:00:00-04:00,2.383640510228746,2.383640510228746,2.3171645432069115,2.3266611099243164,9106000,0.0,0.0
2023-10-19 00:00:00-04:00,2.3361576766417214,2.383640510228746,2.3266611099243164,2.3266611099243164,8848800,0.0,0.0
2023-10-20 00:00:00-04:00,2.326660994103842,2.3551506928378485,2.3171644278591734,2.3361575603485107,6294500,0.0,0.0
2023-10-23 00:00:00-04:00,2.3266611099243164,2.364647376793936,2.3171645432069115,2.3266611099243164,6495000,0.0,0.0
2023-10-24 00:00:00-04:00,2.336157573686887,2.3741438388824463,2.3266610073879974,2.3741438388824463,14970400,0.0,0.0
2023-10-25 00:00:00-04:00,2.3551506928378485,2.374143825327186,2.3361575603485107,2.3361575603485107,10474500,0.0,0.0
2023-10-26 00:00:00-04:00,2.355150706284667,2.412130104078005,2.355150706284667,2.3741438388824463,14251000,0.0,0.0
2023-10-27 00:00:00-04:00,2.4026335170335678,2.4026335170335678,2.29817128864776,2.317164421081543,9261300,0.0,0.0
2023-10-30 00:00:00-04:00,2.345654237430966,2.3551508041243703,2.2981714039639445,2.3076679706573486,11550400,0.0,0.0
2023-10-31 00:00:00-04:00,2.3931371001825745,2.4026336669921875,2.355150832944123,2.4026336669921875,15994200,0.0,0.0
2023-11-01 00:00:00-04:00,2.4026335639388776,2.459612962352605,2.3931369975365895,2.4501163959503174,17322100,0.0,0.0
2023-11-02 00:00:00-04:00,2.4691096571638904,2.4975995842684093,2.4596130902677222,2.4786062240600586,7193900,0.0,0.0
2023-11-03 00:00:00-04:00,2.535585770199652,2.583068603151404,2.5165926370189506,2.564075469970703,23938400,0.0,0.0
2023-11-06 00:00:00-05:00,2.5735719340800642,2.6305513313532174,2.5735719340800642,2.611558198928833,27468300,0.0,0.0
2023-11-07 00:00:00-05:00,2.621054771958906,2.6400479044326954,2.6115582057220115,2.630551338195801,9414500,0.0,0.0
2023-11-08 00:00:00-05:00,2.6400480210846173,2.649544587741123,2.6020617544585956,2.6210548877716064,10373700,0.0,0.0
2023-11-09 00:00:00-05:00,2.5925650527182844,2.621054751203365,2.564075354233204,2.5735719203948975,9885900,0.0,0.0
2023-11-10 00:00:00-05:00,2.583068609237671,2.5925651758503974,2.564075476012218,2.583068609237671,5993000,0.0,0.0
2023-11-13 00:00:00-05:00,2.5450823486959844,2.62105488177419,2.5450823486959844,2.6020617485046387,14582800,0.0,0.0
2023-11-14 00:00:00-05:00,2.659041166305542,2.687530866402643,2.6495445996065086,2.659041166305542,6123500,0.0,0.0
2023-11-15 00:00:00-05:00,2.6400480329074747,2.687530866402643,2.6400480329074747,2.659041166305542,6045900,0.0,0.0
2023-11-16 00:00:00-05:00,2.6495444774627686,2.6780341762464976,2.640047911201526,2.6495444774627686,14480500,0.0,0.0
2023-11-17 00:00:00-05:00,2.630551338195801,2.64954447066959,2.6115582057220115,2.630551338195801,19032600,0.0,0.0
2023-11-20 00:00:00-05:00,2.630551460360652,2.6590411603944193,2.630551460360652,2.640048027038574,5345300,0.0,0.0
2023-11-21 00:00:00-05:00,2.640047890597504,2.640047890597504,2.5830684934747374,2.5925650596618652,9911400,0.0,0.0
2023-11-22 00:00:00-05:00,2.6210548877716064,2.6400480210846173,2.59256518780209,2.6210548877716064,12675600,0.0,0.0
2023-11-24 00:00:00-05:00,2.602061632716641,2.621054765141025,2.5925650665044486,2.611558198928833,9544500,0.0,0.0
2023-11-27 00:00:00-05:00,2.6020617544585956,2.6400480210846173,2.5830686211455847,2.6210548877716064,9796200,0.0,0.0
2023-11-28 00:00:00-05:00,2.640047911201526,2.6780341762464976,2.6305513449402826,2.6495444774627686,6458800,0.0,0.0
2023-11-29 00:00:00-05:00,2.6210548756885768,2.6305514423013032,2.5735720426249444,2.583068609237671,9262600,0.0,0.0
2023-11-30 00:00:00-05:00,2.5830686152350872,2.6400480150437415,2.5735720486003117,2.6020617485046387,19360100,0.0,0.0
2023-12-01 00:00:00-05:00,2.6685376299347223,2.7255170279281464,2.659041063602485,2.706523895263672,8473000,0.0,0.0
2023-12-04 00:00:00-05:00,2.687530872292355,2.706524005732046,2.6780343055725098,2.6780343055725098,9295600,0.0,0.0
2023-12-05 00:00:00-05:00,2.6970273354649117,2.754006960012369,2.6875307691096695,2.7255170345306396,8602200,0.0,0.0
2023-12-06 00:00:00-05:00,2.706523888614518,2.716020454923425,2.678034189687797,2.687530755996704,6098500,0.0,0.0
2023-12-07 00:00:00-05:00,2.744510504957308,2.744510504957308,2.6970274448394775,2.6970274448394775,5484200,0.0,0.0
2023-12-08 00:00:00-05:00,2.716020486541801,2.773000111474569,2.716020486541801,2.7445104122161865,7909700,0.0,0.0
2023-12-11 00:00:00-05:00,2.716020486541801,2.754006978635647,2.716020486541801,2.7445104122161865,8328600,0.0,0.0
2023-12-12 00:00:00-05:00,2.7445103870086225,2.7445103870086225,2.6970273289314344,2.706523895263672,4826500,0.0,0.0
2023-12-13 00:00:00-05:00,2.725517190360034,2.8299796526562666,2.725517190360034,2.8109865188598633,12754700,0.0,0.0
2023-12-14 00:00:00-05:00,2.7730001179247044,2.801489817249355,2.7635035514831543,2.7635035514831543,15270500,0.0,0.0
2023-12-15 00:00:00-05:00,2.763503662258657,2.773000229080879,2.7255171685537576,2.735013961791992,9296500,0.0,0.0
2023-12-18 00:00:00-05:00,2.763503564077767,2.80148983001709,2.744510431108106,2.80148983001709,6964600,0.0,0.0
2023-12-19 00:00:00-05:00,2.829979658126831,2.84897279195995,2.820483091210272,2.829979658126831,9883500,0.0,0.0
2023-12-20 00:00:00-05:00,2.810986502108618,2.8204830689502276,2.75400710105896,2.75400710105896,8283500,0.0,0.0
2023-12-21 00:00:00-05:00,2.791993374047392,2.791993374047392,2.7540071066044636,2.7730002403259277,5077300,0.0,0.0
2023-12-22 00:00:00-05:00,2.7899999618530273,2.8299999237060547,2.7799999713897705,2.809999942779541,7502300,0.147,0.0
2023-12-26 00:00:00-05:00,2.809999942779541,2.8399999141693115,2.809999942779541,2.8299999237060547,3383400,0.0,0.0
2023-12-27 00:00:00-05:00,2.809999942779541,2.8499999046325684,2.809999942779541,2.8399999141693115,5165100,0.0,0.0
2023-12-28 00:00:00-05:00,2.8399999141693115,2.8399999141693115,2.809999942779541,2.819999933242798,6784300,0.0,0.0
2023-12-29 00:00:00-05:00,2.799999952316284,2.819999933242798,2.799999952316284,2.799999952316284,2003400,0.0,0.0
2024-01-02 00:00:00-05:00,2.7799999713897705,2.799999952316284,2.759999990463257,2.759999990463257,6389900,0.0,0.0
2024-01-03 00:00:00-05:00,2.75,2.7799999713897705,2.740000009536743,2.75,9007800,0.0,0.0
2024-01-04 00:00:00-05:00,2.7200000286102295,2.7799999713897705,2.7200000286102295,2.759999990463257,9229200,0.0,0.0
2024-01-05 00:00:00-05:00,2.7799999713897705,2.799999952316284,2.759999990463257,2.7799999713897705,10125600,0.0,0.0
2024-01-08 00:00:00-05:00,2.759999990463257,2.809999942779541,2.759999990463257,2.7899999618530273,6167500,0.0,0.0
2024-01-09 00:00:00-05:00,2.759999990463257,2.7799999713897705,2.740000009536743,2.740000009536743,4660200,0.0,0.0
2024-01-10 00:00:00-05:00,2.7899999618530273,2.819999933242798,2.7699999809265137,2.809999942779541,12996100,0.0,0.0
2024-01-11 00:00:00-05:00,2.799999952316284,2.799999952316284,2.759999990463257,2.7699999809265137,5009900,0.0,0.0
2024-01-12 00:00:00-05:00,2.799999952316284,2.819999933242798,2.75,2.7699999809265137,7750900,0.0,0.0
2024-01-16 00:00:00-05:00,2.75,2.75,2.690000057220459,2.690000057220459,5278500,0.0,0.0
2024-01-17 00:00:00-05:00,2.7100000381469727,2.7300000190734863,2.690000057220459,2.690000057220459,7541200,0.0,0.0
2024-01-18 00:00:00-05:00,2.6700000762939453,2.700000047683716,2.6600000858306885,2.700000047683716,6762800,0.0,0.0
2024-01-19 00:00:00-05:00,2.700000047683716,2.7100000381469727,2.6700000762939453,2.700000047683716,6367300,0.0,0.0
2024-01-22 00:00:00-05:00,2.6700000762939453,2.700000047683716,2.630000114440918,2.6500000953674316,9289900,0.0,0.0
2024-01-23 00:00:00-05:00,2.6700000762939453,2.690000057220459,2.630000114440918,2.6700000762939453,9503200,0.0,0.0
2024-01-24 00:00:00-05:00,2.7100000381469727,2.7100000381469727,2.640000104904175,2.640000104904175,9615000,0.0,0.0
2024-01-25 00:00:00-05:00,2.6700000762939453,2.680000066757202,2.6500000953674316,2.6700000762939453,6721600,0.0,0.0
2024-01-26 00:00:00-05:00,2.6700000762939453,2.690000057220459,2.6700000762939453,2.680000066757202,3738000,0.0,0.0
2024-01-29 00:00:00-05:00,2.6700000762939453,2.6700000762939453,2.640000104904175,2.6700000762939453,5234600,0.0,0.0
2024-01-30 00:00:00-05:00,2.640000104904175,2.6500000953674316,2.609999895095825,2.630000114440918,6632900,0.0,0.0
2024-01-31 00:00:00-05:00,2.6500000953674316,2.6600000858306885,2.609999895095825,2.619999885559082,8409100,0.0,0.0
2024-02-01 00:00:00-05:00,2.609999895095825,2.6500000953674316,2.5999999046325684,2.640000104904175,8960800,0.0,0.0
2024-02-02 00:00:00-05:00,2.619999885559082,2.640000104904175,2.5999999046325684,2.630000114440918,7237100,0.0,0.0
2024-02-05 00:00:00-05:00,2.619999885559082,2.630000114440918,2.5899999141693115,2.5999999046325684,7559300,0.0,0.0
2024-02-06 00:00:00-05:00,2.630000114440918,2.6600000858306885,2.619999885559082,2.6500000953674316,11106600,0.0,0.0
2024-02-07 00:00:00-05:00,2.630000114440918,2.640000104904175,2.569999933242798,2.5899999141693115,27160700,0.0,0.0
2024-02-08 00:00:00-05:00,2.5799999237060547,2.5899999141693115,2.559999942779541,2.559999942779541,8667600,0.0,0.0
2024-02-09 00:00:00-05:00,2.569999933242798,2.5899999141693115,2.549999952316284,2.5799999237060547,7027100,0.0,0.0
2024-02-12 00:00:00-05:00,2.5799999237060547,2.619999885559082,2.569999933242798,2.5999999046325684,6022100,0.0,0.0
2024-02-13 00:00:00-05:00,2.5899999141693115,2.5999999046325684,2.5,2.5399999618530273,5800200,0.0,0.0
2024-02-14 00:00:00-05:00,2.5199999809265137,2.5799999237060547,2.5199999809265137,2.559999942779541,8892800,0.0,0.0
2024-02-15 00:00:00-05:00,2.569999933242798,2.5899999141693115,2.559999942779541,2.559999942779541,8326500,0.0,0.0
2024-02-16 00:00:00-05:00,2.549999952316284,2.569999933242798,2.5399999618530273,2.549999952316284,8479400,0.0,0.0
2024-02-20 00:00:00-05:00,2.609999895095825,2.630000114440918,2.559999942779541,2.559999942779541,24204300,0.0,0.0
2024-02-21 00:00:00-05:00,2.5799999237060547,2.5999999046325684,2.559999942779541,2.5999999046325684,12866700,0.0,0.0
2024-02-22 00:00:00-05:00,2.5799999237060547,2.609999895095825,2.569999933242798,2.5899999141693115,9525000,0.0,0.0
2024-02-23 00:00:00-05:00,2.5899999141693115,2.5999999046325684,2.549999952316284,2.559999942779541,10464100,0.0,0.0
2024-02-26 00:00:00-05:00,2.5799999237060547,2.609999895095825,2.5799999237060547,2.5899999141693115,6457700,0.0,0.0
2024-02-27 00:00:00-05:00,2.6500000953674316,2.680000066757202,2.640000104904175,2.6600000858306885,13832800,0.0,0.0
2024-02-28 00:00:00-05:00,2.680000066757202,2.7200000286102295,2.6600000858306885,2.690000057220459,13557700,0.0,0.0
2024-02-29 00:00:00-05:00,2.509999990463257,2.5299999713897705,2.4600000381469727,2.490000009536743,26744300,0.0,0.0
2024-03-01 00:00:00-05:00,2.5,2.509999990463257,2.440000057220459,2.4800000190734863,40184500,0.0,0.0
2024-03-04 00:00:00-05:00,2.4800000190734863,2.5199999809265137,2.4800000190734863,2.5,9388900,0.0,0.0
2024-03-05 00:00:00-05:00,2.549999952316284,2.569999933242798,2.5299999713897705,2.549999952316284,15139000,0.0,0.0
2024-03-06 00:00:00-05:00,2.559999942779541,2.5799999237060547,2.5199999809265137,2.5399999618530273,13487700,0.0,0.0
2024-03-07 00:00:00-05:00,2.549999952316284,2.549999952316284,2.509999990463257,2.549999952316284,7125200,0.0,0.0
2024-03-08 00:00:00-05:00,2.509999990463257,2.5799999237060547,2.509999990463257,2.559999942779541,52537300,0.0,0.0
2024-03-11 00:00:00-04:00,2.559999942779541,2.5799999237060547,2.5299999713897705,2.549999952316284,5940500,0.0,0.0
2024-03-12 00:00:00-04:00,2.559999942779541,2.569999933242798,2.5299999713897705,2.559999942779541,14797900,0.0,0.0
2024-03-13 00:00:00-04:00,2.559999942779541,2.569999933242798,2.5199999809265137,2.5299999713897705,14407700,0.0,0.0
2024-03-14 00:00:00-04:00,2.5399999618530273,2.549999952316284,2.5199999809265137,2.5199999809265137,10962000,0.0,0.0
2024-03-15 00:00:00-04:00,2.5199999809265137,2.5299999713897705,2.490000009536743,2.5,13812000,0.0,0.0
2024-03-18 00:00:00-04:00,2.5,2.509999990463257,2.4700000286102295,2.509999990463257,12176200,0.0,0.0
2024-03-19 00:00:00-04:00,2.4700000286102295,2.490000009536743,2.4600000381469727,2.4700000286102295,18617600,0.0,0.0
2024-03-20 00:00:00-04:00,2.4700000286102295,2.5,2.4600000381469727,2.5,7377900,0.0,0.0
2024-03-21 00:00:00-04:00,2.5,2.509999990463257,2.4800000190734863,2.490000009536743,17703200,0.0,0.0
2024-03-22 00:00:00-04:00,2.490000009536743,2.5,2.4600000381469727,2.4700000286102295,6529700,0.0,0.0
2024-03-25 00:00:00-04:00,2.490000009536743,2.490000009536743,2.450000047683716,2.450000047683716,9875200,0.0,0.0
2024-03-26 00:00:00-04:00,2.4800000190734863,2.490000009536743,2.450000047683716,2.4700000286102295,8367700,0.0,0.0
2024-03-27 00:00:00-04:00,2.4600000381469727,2.4800000190734863,2.450000047683716,2.4800000190734863,14230000,0.0,0.0
2024-03-28 00:00:00-04:00,2.4700000286102295,2.5,2.4700000286102295,2.4800000190734863,13814600,0.0,0.0
2024-04-01 00:00:00-04:00,2.4600000381469727,2.4700000286102295,2.4100000858306885,2.4200000762939453,14239500,0.0,0.0
2024-04-02 00:00:00-04:00,2.430000066757202,2.450000047683716,2.4100000858306885,2.4100000858306885,10069300,0.0,0.0
2024-04-03 00:00:00-04:00,2.4100000858306885,2.4600000381469727,2.369999885559082,2.450000047683716,16325400,0.0,0.0
2024-04-04 00:00:00-04:00,2.4700000286102295,2.509999990463257,2.440000057220459,2.450000047683716,22665600,0.0,0.0
2024-04-05 00:00:00-04:00,2.450000047683716,2.450000047683716,2.359999895095825,2.4100000858306885,28569600,0.0,0.0
2024-04-08 00:00:00-04:00,2.4000000953674316,2.4200000762939453,2.380000114440918,2.4100000858306885,10259300,0.0,0.0
2024-04-09 00:00:00-04:00,2.440000057220459,2.4600000381469727,2.430000066757202,2.450000047683716,7459900,0.0,0.0
2024-04-10 00:00:00-04:00,2.4100000858306885,2.4200000762939453,2.369999885559082,2.380000114440918,10715300,0.0,0.0
2024-04-11 00:00:00-04:00,2.380000114440918,2.4100000858306885,2.369999885559082,2.4000000953674316,15099700,0.0,0.0
2024-04-12 00:00:00-04:00,2.369999885559082,2.369999885559082,2.3299999237060547,2.3499999046325684,9751600,0.0,0.0
2024-04-15 00:00:00-04:00,2.319999933242798,2.3399999141693115,2.299999952316284,2.319999933242798,15963400,0.0,0.0
2024-04-16 00:00:00-04:00,2.2699999809265137,2.2899999618530273,2.25,2.259999990463257,14382700,0.0,0.0
2024-04-17 00:00:00-04:00,2.2799999713897705,2.2799999713897705,2.240000009536743,2.259999990463257,15315900,0.0,0.0
2024-04-18 00:00:00-04:00,2.259999990463257,2.2899999618530273,2.2300000190734863,2.2799999713897705,18909200,0.0,0.0
2024-04-19 00:00:00-04:00,2.2799999713897705,2.309999942779541,2.2699999809265137,2.2899999618530273,13706900,0.0,0.0
2024-04-22 00:00:00-04:00,2.299999952316284,2.3299999237060547,2.2799999713897705,2.299999952316284,12017400,0.0,0.0
2024-04-23 00:00:00-04:00,2.2899999618530273,2.309999942779541,2.2799999713897705,2.299999952316284,8800700,0.0,0.0
2024-04-24 00:00:00-04:00,2.299999952316284,2.3399999141693115,2.2899999618530273,2.319999933242798,13313500,0.0,0.0
2024-04-25 00:00:00-04:00,2.309999942779541,2.319999933242798,2.2899999618530273,2.299999952316284,10349400,0.0,0.0
2024-04-26 00:00:00-04:00,2.3299999237060547,2.3499999046325684,2.319999933242798,2.3299999237060547,5890800,0.0,0.0
2024-04-29 00:00:00-04:00,2.3299999237060547,2.359999895095825,2.319999933242798,2.359999895095825,6642200,0.0,0.0
2024-04-30 00:00:00-04:00,2.359999895095825,2.369999885559082,2.319999933242798,2.319999933242798,11247100,0.0,0.0
2024-05-01 00:00:00-04:00,2.3399999141693115,2.369999885559082,2.309999942779541,2.3399999141693115,5716200,0.0,0.0
2024-05-02 00:00:00-04:00,2.390000104904175,2.440000057220459,2.380000114440918,2.4100000858306885,15458900,0.0,0.0
2024-05-03 00:00:00-04:00,2.440000057220459,2.450000047683716,2.4100000858306885,2.430000066757202,5538800,0.0,0.0
2024-05-06 00:00:00-04:00,2.4200000762939453,2.450000047683716,2.4100000858306885,2.440000057220459,9697100,0.0,0.0
2024-05-07 00:00:00-04:00,2.4600000381469727,2.4700000286102295,2.440000057220459,2.4600000381469727,9782500,0.0,0.0
2024-05-08 00:00:00-04:00,2.359999895095825,2.390000104904175,2.319999933242798,2.369999885559082,14939700,0.0,0.0
2024-05-09 00:00:00-04:00,2.3399999141693115,2.359999895095825,2.319999933242798,2.3399999141693115,7472500,0.0,0.0
2024-05-10 00:00:00-04:00,2.3399999141693115,2.3399999141693115,2.319999933242798,2.319999933242798,16006800,0.0,0.0
2024-05-13 00:00:00-04:00,2.3399999141693115,2.3499999046325684,2.299999952316284,2.3299999237060547,14476900,0.0,0.0
2024-05-14 00:00:00-04:00,2.3499999046325684,2.380000114440918,2.3399999141693115,2.359999895095825,10184700,0.0,0.0
2024-05-15 00:00:00-04:00,2.369999885559082,2.4100000858306885,2.3499999046325684,2.390000104904175,16055900,0.0,0.0
2024-05-16 00:00:00-04:00,2.4100000858306885,2.430000066757202,2.369999885559082,2.390000104904175,10319000,0.0,0.0
2024-05-17 00:00:00-04:00,2.4000000953674316,2.4200000762939453,2.369999885559082,2.4200000762939453,12964900,0.0,0.0
2024-05-20 00:00:00-04:00,2.380000114440918,2.4100000858306885,2.3399999141693115,2.3399999141693115,22083700,0.0,0.0
2024-05-21 00:00:00-04:00,2.380000114440918,2.380000114440918,2.319999933242798,2.319999933242798,30837500,0.0,0.0
2024-05-22 00:00:00-04:00,2.319999933242798,2.3299999237060547,2.2799999713897705,2.299999952316284,48089000,0.0,0.0
2024-05-23 00:00:00-04:00,2.319999933242798,2.319999933242798,2.2799999713897705,2.2799999713897705,17663400,0.0,0.0
2024-05-24 00:00:00-04:00,2.2899999618530273,2.309999942779541,2.2799999713897705,2.2899999618530273,7587900,0.0,0.0
2024-05-28 00:00:00-04:00,2.2699999809265137,2.2699999809265137,2.2200000286102295,2.2300000190734863,15593000,0.0,0.0
2024-05-29 00:00:00-04:00,2.180000066757202,2.2200000286102295,2.1700000762939453,2.200000047683716,16163000,0.0,0.0
2024-05-30 00:00:00-04:00,2.2200000286102295,2.25,2.200000047683716,2.2100000381469727,10945900,0.0,0.0
2024-05-31 00:00:00-04:00,2.2100000381469727,2.2300000190734863,2.1700000762939453,2.2200000286102295,23228400,0.0,0.0
2024-06-03 00:00:00-04:00,2.200000047683716,2.2200000286102295,2.180000066757202,2.190000057220459,14372600,0.0,0.0
2024-06-04 00:00:00-04:00,2.190000057220459,2.2200000286102295,2.1700000762939453,2.2100000381469727,13919600,0.0,0.0
2024-06-05 00:00:00-04:00,2.2200000286102295,2.2300000190734863,2.1700000762939453,2.200000047683716,25893400,0.0,0.0
2024-06-06 00:00:00-04:00,2.2100000381469727,2.25,2.190000057220459,2.240000009536743,14828100,0.0,0.0
2024-06-07 00:00:00-04:00,2.2100000381469727,2.2200000286102295,2.1600000858306885,2.1700000762939453,21049100,0.0,0.0
2024-06-10 00:00:00-04:00,2.1500000953674316,2.1600000858306885,2.119999885559082,2.1500000953674316,24156600,0.0,0.0
2024-06-11 00:00:00-04:00,2.1500000953674316,2.1700000762939453,2.119999885559082,2.130000114440918,18738700,0.0,0.0
2024-06-12 00:00:00-04:00,2.140000104904175,2.140000104904175,2.069999933242798,2.0799999237060547,35127600,0.0,0.0
2024-06-13 00:00:00-04:00,2.049999952316284,2.0799999237060547,2.049999952316284,2.069999933242798,22182500,0.0,0.0
2024-06-14 00:00:00-04:00,2.049999952316284,2.109999895095825,2.049999952316284,2.109999895095825,20650500,0.0,0.0
2024-06-17 00:00:00-04:00,2.0899999141693115,2.0999999046325684,2.0799999237060547,2.0799999237060547,18527700,0.0,0.0
2024-06-18 00:00:00-04:00,2.0799999237060547,2.109999895095825,2.059999942779541,2.0799999237060547,34172100,0.0,0.0
2024-06-20 00:00:00-04:00,2.0899999141693115,2.109999895095825,2.049999952316284,2.0799999237060547,22011100,0.0,0.0
2024-06-21 00:00:00-04:00,2.069999933242798,2.0999999046325684,2.049999952316284,2.0799999237060547,21612900,0.0,0.0
2024-06-24 00:00:00-04:00,2.0999999046325684,2.119999885559082,2.0799999237060547,2.0999999046325684,17067800,0.0,0.0
2024-06-25 00:00:00-04:00,2.0799999237060547,2.109999895095825,2.0799999237060547,2.0999999046325684,25162000,0.0,0.0
2024-06-26 00:00:00-04:00,2.059999942779541,2.109999895095825,2.049999952316284,2.0999999046325684,24165300,0.0,0.0
2024-06-27 00:00:00-04:00,2.0799999237060547,2.109999895095825,2.069999933242798,2.0899999141693115,21461200,0.0,0.0
2024-06-28 00:00:00-04:00,2.069999933242798,2.0899999141693115,2.009999990463257,2.049999952316284,35972900,0.0,0.0
2024-07-01 00:00:00-04:00,2.059999942779541,2.069999933242798,2.0299999713897705,2.0399999618530273,17360800,0.0,0.0
2024-07-02 00:00:00-04:00,2.0399999618530273,2.059999942779541,2.0199999809265137,2.059999942779541,20111000,0.0,0.0
2024-07-03 00:00:00-04:00,2.069999933242798,2.0899999141693115,2.059999942779541,2.0799999237060547,14228500,0.0,0.0
2024-07-05 00:00:00-04:00,2.0899999141693115,2.0899999141693115,2.049999952316284,2.069999933242798,28156800,0.0,0.0
2024-07-08 00:00:00-04:00,2.059999942779541,2.0799999237060547,2.049999952316284,2.059999942779541,9848200,0.0,0.0
2024-07-09 00:00:00-04:00,2.069999933242798,2.0899999141693115,2.059999942779541,2.0799999237060547,11042400,0.0,0.0
2024-07-10 00:00:00-04:00,2.0999999046325684,2.130000114440918,2.0899999141693115,2.119999885559082,18067900,0.0,0.0
2024-07-11 00:00:00-04:00,2.140000104904175,2.1700000762939453,2.119999885559082,2.140000104904175,32931800,0.0,0.0
2024-07-12 00:00:00-04:00,2.1500000953674316,2.1600000858306885,2.119999885559082,2.1500000953674316,17546500,0.0,0.0
2024-07-15 00:00:00-04:00,2.1500000953674316,2.1500000953674316,2.119999885559082,2.140000104904175,13061600,0.0,0.0
2024-07-16 00:00:00-04:00,2.1500000953674316,2.180000066757202,2.140000104904175,2.180000066757202,15808100,0.0,0.0
2024-07-17 00:00:00-04:00,2.1600000858306885,2.200000047683716,2.1500000953674316,2.180000066757202,20828900,0.0,0.0
2024-07-18 00:00:00-04:00,2.1500000953674316,2.1600000858306885,2.0899999141693115,2.0999999046325684,24449000,0.0,0.0
2024-07-19 00:00:00-04:00,2.130000114440918,2.140000104904175,2.109999895095825,2.109999895095825,16107900,0.0,0.0
2024-07-22 00:00:00-04:00,2.130000114440918,2.1500000953674316,2.109999895095825,2.130000114440918,15133500,0.0,0.0
2024-07-23 00:00:00-04:00,2.130000114440918,2.140000104904175,2.109999895095825,2.119999885559082,7993400,0.0,0.0
2024-07-24 00:00:00-04:00,2.0999999046325684,2.130000114440918,2.0999999046325684,2.0999999046325684,15456800,0.0,0.0
2024-07-25 00:00:00-04:00,2.109999895095825,2.130000114440918,2.0899999141693115,2.0999999046325684,14877100,0.0,0.0
2024-07-26 00:00:00-04:00,2.109999895095825,2.119999885559082,2.0899999141693115,2.109999895095825,11078700,0.0,0.0
2024-07-29 00:00:00-04:00,2.109999895095825,2.119999885559082,2.0799999237060547,2.109999895095825,23702200,0.0,0.0
2024-07-30 00:00:00-04:00,2.0899999141693115,2.0999999046325684,2.0799999237060547,2.0899999141693115,13081800,0.0,0.0
2024-07-31 00:00:00-04:00,2.059999942779541,2.0799999237060547,2.049999952316284,2.059999942779541,60961300,0.0,0.0
2024-08-01 00:00:00-04:00,2.0999999046325684,2.109999895095825,2.049999952316284,2.049999952316284,18646100,0.0,0.0
2024-08-02 00:00:00-04:00,2.059999942779541,2.0899999141693115,2.049999952316284,2.069999933242798,19422500,0.0,0.0
2024-08-05 00:00:00-04:00,2.0199999809265137,2.0999999046325684,2.0199999809265137,2.0899999141693115,25281800,0.0,0.0
2024-08-06 00:00:00-04:00,2.0999999046325684,2.1600000858306885,2.0999999046325684,2.130000114440918,16304600,0.0,0.0
2024-08-07 00:00:00-04:00,2.1700000762939453,2.259999990463257,2.1500000953674316,2.240000009536743,64585900,0.0,0.0
2024-08-08 00:00:00-04:00,2.2300000190734863,2.2699999809265137,2.2100000381469727,2.25,27870400,0.0,0.0
2024-08-09 00:00:00-04:00,2.259999990463257,2.2799999713897705,2.25,2.2699999809265137,11299400,0.0,0.0
2024-08-12 00:00:00-04:00,2.2899999618530273,2.299999952316284,2.25,2.259999990463257,21073300,0.0,0.0
2024-08-13 00:00:00-04:00,2.2799999713897705,2.3299999237060547,2.2799999713897705,2.3299999237060547,18279900,0.0,0.0
2024-08-14 00:00:00-04:00,2.319999933242798,2.3499999046325684,2.309999942779541,2.319999933242798,17360200,0.0,0.0
2024-08-15 00:00:00-04:00,2.3499999046325684,2.430000066757202,2.3399999141693115,2.4100000858306885,92199600,0.0,0.0
2024-08-16 00:00:00-04:00,2.4600000381469727,2.4700000286102295,2.390000104904175,2.390000104904175,27738700,0.0,0.0
2024-08-19 00:00:00-04:00,2.4000000953674316,2.440000057220459,2.390000104904175,2.4200000762939453,30750500,0.0,0.0
2024-08-20 00:00:00-04:00,2.390000104904175,2.4000000953674316,2.369999885559082,2.369999885559082,22764300,0.0,0.0
2024-08-21 00:00:00-04:00,2.390000104904175,2.4000000953674316,2.3299999237060547,2.359999895095825,32674000,0.0,0.0
2024-08-22 00:00:00-04:00,2.3399999141693115,2.359999895095825,2.319999933242798,2.3299999237060547,33948000,0.0,0.0
2024-08-23 00:00:00-04:00,2.380000114440918,2.4100000858306885,2.3499999046325684,2.4000000953674316,36623000,0.0,0.0
2024-08-26 00:00:00-04:00,2.390000104904175,2.4200000762939453,2.380000114440918,2.390000104904175,27667000,0.0,0.0
2024-08-27 00:00:00-04:00,2.380000114440918,2.390000104904175,2.3499999046325684,2.369999885559082,27717300,0.0,0.0
2024-08-28 00:00:00-04:00,2.3499999046325684,2.359999895095825,2.299999952316284,2.3399999141693115,24947300,0.0,0.0
2024-08-29 00:00:00-04:00,2.2799999713897705,2.309999942779541,2.2699999809265137,2.2799999713897705,13186000,0.0,0.0
2024-08-30 00:00:00-04:00,2.25,2.2899999618530273,2.25,2.2699999809265137,23910700,0.0,0.0
2024-09-03 00:00:00-04:00,2.2899999618530273,2.309999942779541,2.259999990463257,2.2699999809265137,21464600,0.0,0.0
2024-09-04 00:00:00-04:00,2.299999952316284,2.3299999237060547,2.2799999713897705,2.319999933242798,18953900,0.0,0.0
2024-09-05 00:00:00-04:00,2.319999933242798,2.3399999141693115,2.309999942779541,2.319999933242798,12439700,0.0,0.0
2024-09-06 00:00:00-04:00,2.3399999141693115,2.359999895095825,2.309999942779541,2.3299999237060547,31629600,0.0,0.0
2024-09-09 00:00:00-04:00,2.3299999237060547,2.380000114440918,2.309999942779541,2.369999885559082,64254900,0.0,0.0
2024-09-10 00:00:00-04:00,2.3499999046325684,2.380000114440918,2.3399999141693115,2.369999885559082,49069700,0.0,0.0
2024-09-11 00:00:00-04:00,2.359999895095825,2.369999885559082,2.309999942779541,2.3299999237060547,31766300,0.0,0.0
2024-09-12 00:00:00-04:00,2.2899999618530273,2.309999942779541,2.259999990463257,2.299999952316284,45259500,0.0,0.0
2024-09-13 00:00:00-04:00,2.3299999237060547,2.3399999141693115,2.2899999618530273,2.309999942779541,16220500,0.0,0.0
2024-09-16 00:00:00-04:00,2.319999933242798,2.3499999046325684,2.309999942779541,2.3299999237060547,20245300,0.0,0.0
2024-09-17 00:00:00-04:00,2.3499999046325684,2.380000114440918,2.3399999141693115,2.369999885559082,22573800,0.0,0.0
2024-09-18 00:00:00-04:00,2.369999885559082,2.430000066757202,2.369999885559082,2.390000104904175,19636200,0.0,0.0
2024-09-19 00:00:00-04:00,2.430000066757202,2.430000066757202,2.369999885559082,2.390000104904175,28648300,0.0,0.0
2024-09-20 00:00:00-04:00,2.369999885559082,2.380000114440918,2.299999952316284,2.299999952316284,14338600,0.0,0.0
2024-09-23 00:00:00-04:00,2.309999942779541,2.319999933242798,2.2899999618530273,2.309999942779541,14551500,0.0,0.0
2024-09-24 00:00:00-04:00,2.359999895095825,2.369999885559082,2.319999933242798,2.3299999237060547,28081200,0.0,0.0
2024-09-25 00:00:00-04:00,2.359999895095825,2.380000114440918,2.309999942779541,2.3299999237060547,28728100,0.0,0.0
2024-09-26 00:00:00-04:00,2.359999895095825,2.369999885559082,2.3499999046325684,2.359999895095825,10628600,0.0,0.0
2024-09-27 00:00:00-04:00,2.359999895095825,2.4100000858306885,2.359999895095825,2.4000000953674316,58614400,0.0,0.0
2024-09-30 00:00:00-04:00,2.390000104904175,2.440000057220459,2.380000114440918,2.440000057220459,37342700,0.0,0.0
2024-10-01 00:00:00-04:00,2.4800000190734863,2.5299999713897705,2.4700000286102295,2.5,51018700,0.0,0.0
2024-10-02 00:00:00-04:00,2.5399999618530273,2.559999942779541,2.5199999809265137,2.559999942779541,84412800,0.0,0.0
2024-10-03 00:00:00-04:00,2.490000009536743,2.5,2.4600000381469727,2.4800000190734863,49295800,0.0,0.0
2024-10-04 00:00:00-04:00,2.440000057220459,2.490000009536743,2.440000057220459,2.4700000286102295,43086700,0.0,0.0
2024-10-07 00:00:00-04:00,2.450000047683716,2.4600000381469727,2.4000000953674316,2.4100000858306885,21801100,0.0,0.0
2024-10-08 00:00:00-04:00,2.380000114440918,2.4000000953674316,2.3499999046325684,2.369999885559082,25477200,0.0,0.0
2024-10-09 00:00:00-04:00,2.3499999046325684,2.380000114440918,2.3299999237060547,2.359999895095825,26769700,0.0,0.0
2024-10-10 00:00:00-04:00,2.369999885559082,2.380000114440918,2.3499999046325684,2.359999895095825,13815100,0.0,0.0
2024-10-11 00:00:00-04:00,2.3299999237060547,2.3499999046325684,2.2899999618530273,2.309999942779541,16885400,0.0,0.0
2024-10-14 00:00:00-04:00,2.319999933242798,2.3399999141693115,2.299999952316284,2.3399999141693115,13731600,0.0,0.0
2024-10-15 00:00:00-04:00,2.309999942779541,2.309999942779541,2.2699999809265137,2.2799999713897705,15649000,0.0,0.0
2024-10-16 00:00:00-04:00,2.2799999713897705,2.319999933242798,2.2699999809265137,2.299999952316284,18238800,0.0,0.0
2024-10-17 00:00:00-04:00,2.2799999713897705,2.309999942779541,2.2699999809265137,2.299999952316284,17166600,0.0,0.0
2024-10-18 00:00:00-04:00,2.309999942779541,2.309999942779541,2.2699999809265137,2.2799999713897705,12524400,0.0,0.0
2024-10-21 00:00:00-04:00,2.2699999809265137,2.2899999618530273,2.259999990463257,2.2899999618530273,22784200,0.0,0.0
2024-10-22 00:00:00-04:00,2.2799999713897705,2.2899999618530273,2.25,2.2699999809265137,28933300,0.0,0.0
2024-10-23 00:00:00-04:00,2.259999990463257,2.2699999809265137,2.2300000190734863,2.25,13198300,0.0,0.0
2024-10-24 00:00:00-04:00,2.25,2.2899999618530273,2.240000009536743,2.2699999809265137,20158300,0.0,0.0
2024-10-25 00:00:00-04:00,2.259999990463257,2.2799999713897705,2.25,2.25,14546200,0.0,0.0
2024-10-28 00:00:00-04:00,2.2899999618530273,2.299999952316284,2.2699999809265137,2.2799999713897705,17416600,0.0,0.0
2024-10-29 00:00:00-04:00,2.2799999713897705,2.299999952316284,2.25,2.2799999713897705,20162000,0.0,0.0
2024-10-30 00:00:00-04:00,2.2699999809265137,2.2799999713897705,2.240000009536743,2.2699999809265137,16625600,0.0,0.0
2024-10-31 00:00:00-04:00,2.2200000286102295,2.240000009536743,2.180000066757202,2.180000066757202,18915800,0.0,0.0
2024-11-01 00:00:00-04:00,2.180000066757202,2.190000057220459,2.140000104904175,2.1500000953674316,19147100,0.0,0.0
2024-11-04 00:00:00-05:00,2.180000066757202,2.2200000286102295,2.1700000762939453,2.2100000381469727,20246100,0.0,0.0
2024-11-05 00:00:00-05:00,2.2100000381469727,2.2200000286102295,2.180000066757202,2.2200000286102295,14676200,0.0,0.0
2024-11-06 00:00:00-05:00,2.180000066757202,2.2200000286102295,2.140000104904175,2.2100000381469727,26797200,0.0,0.0
2024-11-07 00:00:00-05:00,2.240000009536743,2.25,2.2100000381469727,2.2300000190734863,26292400,0.0,0.0
2024-11-08 00:00:00-05:00,2.1700000762939453,2.200000047683716,2.1500000953674316,2.1700000762939453,31442200,0.0,0.0
2024-11-11 00:00:00-05:00,2.140000104904175,2.2100000381469727,2.140000104904175,2.200000047683716,23894600,0.0,0.0
2024-11-12 00:00:00-05:00,2.1600000858306885,2.2200000286102295,2.1500000953674316,2.2200000286102295,30148900,0.0,0.0
2024-11-13 00:00:00-05:00,2.190000057220459,2.2200000286102295,2.180000066757202,2.2200000286102295,25057200,0.0,0.0
2024-11-14 00:00:00-05:00,2.2300000190734863,2.240000009536743,2.200000047683716,2.2100000381469727,25345300,0.0,0.0
2024-11-15 00:00:00-05:00,2.2100000381469727,2.2200000286102295,2.190000057220459,2.2100000381469727,6374700,0.0,0.0
2024-11-18 00:00:00-05:00,2.2100000381469727,2.2300000190734863,2.1600000858306885,2.180000066757202,24277700,0.0,0.0
2024-11-19 00:00:00-05:00,2.180000066757202,2.2100000381469727,2.1700000762939453,2.180000066757202,20313800,0.0,0.0
2024-11-20 00:00:00-05:00,2.180000066757202,2.190000057220459,2.1600000858306885,2.1700000762939453,3218000,0.0,0.0
2024-11-21 00:00:00-05:00,2.140000104904175,2.1700000762939453,2.140000104904175,2.1500000953674316,22454500,0.0,0.0
2024-11-22 00:00:00-05:00,2.1700000762939453,2.200000047683716,2.1600000858306885,2.190000057220459,12429300,0.0,0.0
2024-11-25 00:00:00-05:00,2.200000047683716,2.2100000381469727,2.1700000762939453,2.1700000762939453,14838400,0.0,0.0
2024-11-26 00:00:00-05:00,2.1700000762939453,2.2100000381469727,2.1700000762939453,2.190000057220459,13571500,0.0,0.0
2024-11-27 00:00:00-05:00,2.190000057220459,2.200000047683716,2.130000114440918,2.1500000953674316,36086100,0.0,0.0
2024-11-29 00:00:00-05:00,2.069999933242798,2.140000104904175,2.049999952316284,2.119999885559082,29058200,0.0,0.0
2024-12-02 00:00:00-05:00,2.130000114440918,2.200000047683716,2.0999999046325684,2.190000057220459,56432200,0.0,0.0
2024-12-03 00:00:00-05:00,2.2200000286102295,2.309999942779541,2.2100000381469727,2.309999942779541,34886900,0.0,0.0
2024-12-04 00:00:00-05:00,2.309999942779541,2.3299999237060547,2.25,2.259999990463257,47783200,0.0,0.0
2024-12-05 00:00:00-05:00,2.3299999237060547,2.390000104904175,2.319999933242798,2.3399999141693115,30422100,0.0,0.0
2024-12-06 00:00:00-05:00,2.3499999046325684,2.369999885559082,2.2699999809265137,2.2899999618530273,39898000,0.0,0.0
2024-12-09 00:00:00-05:00,2.2899999618530273,2.3299999237060547,2.2899999618530273,2.299999952316284,22494000,0.0,0.0
2024-12-10 00:00:00-05:00,2.3399999141693115,2.3399999141693115,2.309999942779541,2.319999933242798,14851700,0.0,0.0
2024-12-11 00:00:00-05:00,2.299999952316284,2.299999952316284,2.2200000286102295,2.2699999809265137,39610400,0.0,0.0
2024-12-12 00:00:00-05:00,2.2100000381469727,2.2200000286102295,2.1700000762939453,2.180000066757202,42277300,0.0,0.0
2024-12-13 00:00:00-05:00,2.180000066757202,2.190000057220459,2.140000104904175,2.140000104904175,23440100,0.0,0.0
2024-12-16 00:00:00-05:00,2.1500000953674316,2.1600000858306885,2.069999933242798,2.0799999237060547,23888700,0.0,0.0
2024-12-17 00:00:00-05:00,2.0899999141693115,2.140000104904175,2.069999933242798,2.119999885559082,35940600,0.0,0.0
2024-12-18 00:00:00-05:00,2.0799999237060547,2.0899999141693115,2.009999990463257,2.0199999809265137,30654500,0.0,0.0
2024-12-19 00:00:00-05:00,2.0899999141693115,2.0899999141693115,2.0199999809265137,2.0299999713897705,31838600,0.0,0.0
2024-12-20 00:00:00-05:00,2.049999952316284,2.069999933242798,2.0299999713897705,2.059999942779541,27792200,0.0,0.0
2024-12-23 00:00:00-05:00,1.9700000286102295,1.9800000190734863,1.8799999952316284,1.899999976158142,69589800,0.0,0.0
2024-12-24 00:00:00-05:00,1.9199999570846558,1.9199999570846558,1.8899999856948853,1.899999976158142,10209100,0.0,0.0
2024-12-26 00:00:00-05:00,1.909999966621399,1.909999966621399,1.8799999952316284,1.8899999856948853,37193300,0.0,0.0
2024-12-27 00:00:00-05:00,1.899999976158142,1.909999966621399,1.8600000143051147,1.8700000047683716,61269900,0.0,0.0
2024-12-30 00:00:00-05:00,1.8799999952316284,1.8899999856948853,1.850000023841858,1.850000023841858,59595800,0.0,0.0
2024-12-31 00:00:00-05:00,1.850000023841858,1.8600000143051147,1.8200000524520874,1.850000023841858,31068400,0.0,0.0
2025-01-02 00:00:00-05:00,1.850000023841858,1.8600000143051147,1.809999942779541,1.8300000429153442,60766300,0.0,0.0
2025-01-03 00:00:00-05:00,1.8300000429153442,1.840000033378601,1.7599999904632568,1.7699999809265137,52310700,0.0,0.0
2025-01-06 00:00:00-05:00,1.8300000429153442,1.8300000429153442,1.7799999713897705,1.7899999618530273,79501800,0.0,0.0
2025-01-07 00:00:00-05:00,1.8300000429153442,1.8700000047683716,1.809999942779541,1.850000023841858,56421200,0.0,0.0
2025-01-08 00:00:00-05:00,1.850000023841858,1.850000023841858,1.7899999618530273,1.840000033378601,34736800,0.0,0.0
2025-01-10 00:00:00-05:00,1.840000033378601,1.840000033378601,1.7699999809265137,1.7799999713897705,44186700,0.0,0.0
2025-01-13 00:00:00-05:00,1.7899999618530273,1.8200000524520874,1.7799999713897705,1.7899999618530273,48819100,0.0,0.0
2025-01-14 00:00:00-05:00,1.8200000524520874,1.8300000429153442,1.7899999618530273,1.7999999523162842,39167600,0.0,0.0
2025-01-15 00:00:00-05:00,1.840000033378601,1.8600000143051147,1.7999999523162842,1.850000023841858,51485100,0.0,0.0
2025-01-16 00:00:00-05:00,1.8200000524520874,1.8300000429153442,1.7899999618530273,1.809999942779541,42444500,0.0,0.0
2025-01-17 00:00:00-05:00,1.7799999713897705,1.7999999523162842,1.7699999809265137,1.7799999713897705,37337000,0.0,0.0
2025-01-21 00:00:00-05:00,1.7899999618530273,1.8300000429153442,1.7899999618530273,1.8200000524520874,23017100,0.0,0.0
2025-01-22 00:00:00-05:00,1.8200000524520874,1.8300000429153442,1.7899999618530273,1.7999999523162842,24831800,0.0,0.0
2025-01-23 00:00:00-05:00,1.8300000429153442,1.840000033378601,1.809999942779541,1.8200000524520874,52143200,0.0,0.0
2025-01-24 00:00:00-05:00,1.8300000429153442,1.8300000429153442,1.7899999618530273,1.7899999618530273,68677678,0.0,0.0
