Date,Open,High,Low,Close,Volume,Dividends,Stock Splits
2022-01-03 00:00:00-05:00,6.860000133514404,7.130000114440918,6.860000133514404,7.130000114440918,9700,0.0,0.0
2022-01-04 00:00:00-05:00,7.210000038146973,7.570000171661377,6.960000038146973,7.429999828338623,15900,0.0,0.0
2022-01-05 00:00:00-05:00,7.5,7.900000095367432,7.090000152587891,7.78000020980835,7500,0.0,0.0
2022-01-06 00:00:00-05:00,7.940000057220459,7.940000057220459,7.400000095367432,7.769999980926514,19700,0.0,0.0
2022-01-07 00:00:00-05:00,7.550000190734863,7.78000020980835,7.550000190734863,7.78000020980835,9800,0.0,0.0
2022-01-10 00:00:00-05:00,7.730000019073486,7.730000019073486,7.349999904632568,7.349999904632568,23700,0.0,0.0
2022-01-11 00:00:00-05:00,7.289999961853027,7.920000076293945,7.010000228881836,7.710000038146973,22900,0.0,0.0
2022-01-12 00:00:00-05:00,7.670000076293945,7.909999847412109,7.670000076293945,7.909999847412109,2200,0.0,0.0
2022-01-13 00:00:00-05:00,7.75,8.100000381469727,7.75,7.829999923706055,39000,0.0,0.0
2022-01-14 00:00:00-05:00,8.0,8.34000015258789,7.880000114440918,8.260000228881836,44100,0.0,0.0
2022-01-18 00:00:00-05:00,8.140000343322754,8.359999656677246,7.75,8.270000457763672,35500,0.0,0.0
2022-01-19 00:00:00-05:00,8.180000305175781,8.430000305175781,7.869999885559082,8.399999618530273,34800,0.0,0.0
2022-01-20 00:00:00-05:00,8.300000190734863,8.479999542236328,8.079999923706055,8.170000076293945,24100,0.0,0.0
2022-01-21 00:00:00-05:00,8.09000015258789,8.210000038146973,7.670000076293945,7.670000076293945,10800,0.0,0.0
2022-01-24 00:00:00-05:00,7.739999771118164,8.319999694824219,7.480000019073486,8.319999694824219,18900,0.0,0.0
2022-01-25 00:00:00-05:00,8.130000114440918,8.5,7.320000171661377,8.329999923706055,26600,0.0,0.0
2022-01-26 00:00:00-05:00,8.5,8.59000015258789,8.279999732971191,8.569999694824219,8800,0.0,0.0
2022-01-27 00:00:00-05:00,8.40999984741211,8.680000305175781,8.199999809265137,8.539999961853027,18400,0.0,0.0
2022-01-28 00:00:00-05:00,8.430000305175781,8.729999542236328,7.75,8.649999618530273,20100,0.0,0.0
2022-01-31 00:00:00-05:00,8.75,8.75,8.34000015258789,8.75,10600,0.0,0.0
2022-02-01 00:00:00-05:00,8.84000015258789,8.880000114440918,8.0600004196167,8.789999961853027,34800,0.0,0.0
2022-02-02 00:00:00-05:00,8.010000228881836,8.130000114440918,6.329999923706055,6.360000133514404,118900,0.0,0.0
2022-02-03 00:00:00-05:00,6.449999809265137,6.5,5.900000095367432,5.920000076293945,62700,0.0,0.0
2022-02-04 00:00:00-05:00,6.019999980926514,6.329999923706055,5.659999847412109,5.909999847412109,44300,0.0,0.0
2022-02-07 00:00:00-05:00,5.78000020980835,5.800000190734863,5.5,5.53000020980835,35300,0.0,0.0
2022-02-08 00:00:00-05:00,5.599999904632568,5.769999980926514,5.360000133514404,5.409999847412109,51900,0.0,0.0
2022-02-09 00:00:00-05:00,5.389999866485596,5.46999979019165,5.320000171661377,5.349999904632568,37800,0.0,0.0
2022-02-10 00:00:00-05:00,5.300000190734863,5.409999847412109,5.170000076293945,5.25,55300,0.0,0.0
2022-02-11 00:00:00-05:00,5.239999771118164,5.400000095367432,5.099999904632568,5.130000114440918,64100,0.0,0.0
2022-02-14 00:00:00-05:00,5.070000171661377,5.28000020980835,4.96999979019165,5.019999980926514,63900,0.0,0.0
2022-02-15 00:00:00-05:00,5.079999923706055,5.289999961853027,5.0,5.150000095367432,64800,0.0,0.0
2022-02-16 00:00:00-05:00,5.239999771118164,5.400000095367432,5.130000114440918,5.300000190734863,34600,0.0,0.0
2022-02-17 00:00:00-05:00,5.340000152587891,5.349999904632568,4.989999771118164,5.0,42300,0.0,0.0
2022-02-18 00:00:00-05:00,5.039999961853027,5.329999923706055,4.989999771118164,5.25,47300,0.0,0.0
2022-02-22 00:00:00-05:00,5.210000038146973,5.579999923706055,5.139999866485596,5.480000019073486,35300,0.0,0.0
2022-02-23 00:00:00-05:00,5.570000171661377,5.679999828338623,5.21999979019165,5.46999979019165,40600,0.0,0.0
2022-02-24 00:00:00-05:00,5.320000171661377,5.489999771118164,5.210000038146973,5.449999809265137,33200,0.0,0.0
2022-02-25 00:00:00-05:00,5.5,5.739999771118164,5.5,5.639999866485596,23000,0.0,0.0
2022-02-28 00:00:00-05:00,5.639999866485596,5.96999979019165,5.639999866485596,5.889999866485596,46200,0.0,0.0
2022-03-01 00:00:00-05:00,5.96999979019165,6.170000076293945,5.849999904632568,6.119999885559082,75700,0.0,0.0
2022-03-02 00:00:00-05:00,6.320000171661377,7.230000019073486,6.199999809265137,6.900000095367432,233600,0.0,0.0
2022-03-03 00:00:00-05:00,7.0,7.039999961853027,6.150000095367432,6.269999980926514,67700,0.0,0.0
2022-03-04 00:00:00-05:00,6.239999771118164,6.239999771118164,6.050000190734863,6.210000038146973,30100,0.0,0.0
2022-03-07 00:00:00-05:00,6.269999980926514,6.489999771118164,6.139999866485596,6.269999980926514,35800,0.0,0.0
2022-03-08 00:00:00-05:00,6.429999828338623,7.360000133514404,6.119999885559082,7.210000038146973,231700,0.0,0.0
2022-03-09 00:00:00-05:00,7.239999771118164,7.260000228881836,6.25,6.699999809265137,24800,0.0,0.0
2022-03-10 00:00:00-05:00,6.71999979019165,6.989999771118164,6.53000020980835,6.679999828338623,46100,0.0,0.0
2022-03-11 00:00:00-05:00,6.670000076293945,6.889999866485596,6.269999980926514,6.449999809265137,19100,0.0,0.0
2022-03-14 00:00:00-04:00,6.440000057220459,6.440000057220459,6.0,6.019999980926514,60300,0.0,0.0
2022-03-15 00:00:00-04:00,5.940000057220459,6.0,5.650000095367432,5.659999847412109,47800,0.0,0.0
2022-03-16 00:00:00-04:00,5.630000114440918,5.75,5.5,5.559999942779541,58500,0.0,0.0
2022-03-17 00:00:00-04:00,5.75,5.989999771118164,5.420000076293945,5.630000114440918,102600,0.0,0.0
2022-03-18 00:00:00-04:00,5.599999904632568,5.829999923706055,5.389999866485596,5.699999809265137,272600,0.0,0.0
2022-03-21 00:00:00-04:00,5.690000057220459,6.039999961853027,5.519999980926514,5.940000057220459,256800,0.0,0.0
2022-03-22 00:00:00-04:00,5.940000057220459,6.230000019073486,5.78000020980835,6.039999961853027,62500,0.0,0.0
2022-03-23 00:00:00-04:00,6.159999847412109,6.25,5.739999771118164,5.96999979019165,54500,0.0,0.0
2022-03-24 00:00:00-04:00,6.099999904632568,6.199999809265137,5.650000095367432,5.78000020980835,94700,0.0,0.0
2022-03-25 00:00:00-04:00,5.900000095367432,6.289999961853027,5.900000095367432,6.099999904632568,37700,0.0,0.0
2022-03-28 00:00:00-04:00,6.179999828338623,6.199999809265137,5.710000038146973,5.96999979019165,66100,0.0,0.0
2022-03-29 00:00:00-04:00,5.960000038146973,6.059999942779541,5.639999866485596,5.989999771118164,37900,0.0,0.0
2022-03-30 00:00:00-04:00,6.059999942779541,6.070000171661377,5.820000171661377,5.949999809265137,63400,0.0,0.0
2022-03-31 00:00:00-04:00,5.949999809265137,6.03000020980835,5.75,5.75,24400,0.0,0.0
2022-04-01 00:00:00-04:00,5.75,6.050000190734863,5.449999809265137,5.570000171661377,75300,0.0,0.0
2022-04-04 00:00:00-04:00,5.610000133514404,5.800000190734863,5.46999979019165,5.510000228881836,48100,0.0,0.0
2022-04-05 00:00:00-04:00,5.519999980926514,6.019999980926514,5.46999979019165,5.590000152587891,70200,0.0,0.0
2022-04-06 00:00:00-04:00,5.650000095367432,5.889999866485596,5.650000095367432,5.739999771118164,25100,0.0,0.0
2022-04-07 00:00:00-04:00,5.730000019073486,5.730000019073486,5.5,5.539999961853027,43400,0.0,0.0
2022-04-08 00:00:00-04:00,5.599999904632568,5.889999866485596,5.599999904632568,5.760000228881836,22400,0.0,0.0
2022-04-11 00:00:00-04:00,5.71999979019165,5.730000019073486,5.5,5.619999885559082,37000,0.0,0.0
2022-04-12 00:00:00-04:00,5.71999979019165,5.71999979019165,5.510000228881836,5.539999961853027,41600,0.0,0.0
2022-04-13 00:00:00-04:00,5.639999866485596,5.760000228881836,5.599999904632568,5.639999866485596,34300,0.0,0.0
2022-04-14 00:00:00-04:00,5.610000133514404,5.920000076293945,5.519999980926514,5.889999866485596,44100,0.0,0.0
2022-04-18 00:00:00-04:00,5.920000076293945,5.980000019073486,5.670000076293945,5.670000076293945,21400,0.0,0.0
2022-04-19 00:00:00-04:00,5.75,6.099999904632568,5.650000095367432,5.860000133514404,183800,0.0,0.0
2022-04-20 00:00:00-04:00,5.949999809265137,6.090000152587891,5.860000133514404,6.0,23900,0.0,0.0
2022-04-21 00:00:00-04:00,5.989999771118164,6.159999847412109,5.989999771118164,6.090000152587891,33700,0.0,0.0
2022-04-22 00:00:00-04:00,6.0,6.090000152587891,5.949999809265137,6.0,106900,0.0,0.0
2022-04-25 00:00:00-04:00,5.920000076293945,6.099999904632568,5.820000171661377,6.010000228881836,167900,0.0,0.0
2022-04-26 00:00:00-04:00,5.989999771118164,6.170000076293945,5.809999942779541,5.849999904632568,113400,0.0,0.0
2022-04-27 00:00:00-04:00,5.829999923706055,5.949999809265137,5.539999961853027,5.760000228881836,426600,0.0,0.0
2022-04-28 00:00:00-04:00,5.730000019073486,5.889999866485596,5.570000171661377,5.78000020980835,63200,0.0,0.0
2022-04-29 00:00:00-04:00,5.809999942779541,5.809999942779541,5.650000095367432,5.78000020980835,22700,0.0,0.0
2022-05-02 00:00:00-04:00,5.690000057220459,5.829999923706055,5.610000133514404,5.699999809265137,80500,0.0,0.0
2022-05-03 00:00:00-04:00,5.900000095367432,5.900000095367432,5.559999942779541,5.75,62300,0.0,0.0
2022-05-04 00:00:00-04:00,5.78000020980835,6.320000171661377,5.670000076293945,6.139999866485596,186000,0.0,0.0
2022-05-05 00:00:00-04:00,6.099999904632568,6.099999904632568,5.900000095367432,6.010000228881836,35400,0.0,0.0
2022-05-06 00:00:00-04:00,6.099999904632568,6.099999904632568,5.53000020980835,5.690000057220459,117400,0.0,0.0
2022-05-09 00:00:00-04:00,5.940000057220459,5.940000057220459,5.170000076293945,5.369999885559082,105200,0.0,0.0
2022-05-10 00:00:00-04:00,5.690000057220459,5.739999771118164,5.369999885559082,5.460000038146973,65200,0.0,0.0
2022-05-11 00:00:00-04:00,5.489999771118164,5.849999904632568,5.079999923706055,5.800000190734863,187100,0.0,0.0
2022-05-12 00:00:00-04:00,5.860000133514404,5.909999847412109,5.25,5.340000152587891,59000,0.0,0.0
2022-05-13 00:00:00-04:00,5.349999904632568,5.590000152587891,5.139999866485596,5.159999847412109,146000,0.0,0.0
2022-05-16 00:00:00-04:00,5.159999847412109,5.349999904632568,4.900000095367432,4.909999847412109,152100,0.0,0.0
2022-05-17 00:00:00-04:00,4.949999809265137,5.710000038146973,4.949999809265137,5.570000171661377,151400,0.0,0.0
2022-05-18 00:00:00-04:00,5.550000190734863,5.550000190734863,5.239999771118164,5.369999885559082,13200,0.0,0.0
2022-05-19 00:00:00-04:00,5.25,5.5,5.150000095367432,5.349999904632568,26000,0.0,0.0
2022-05-20 00:00:00-04:00,5.53000020980835,6.010000228881836,5.5,5.510000228881836,95400,0.0,0.0
2022-05-23 00:00:00-04:00,5.619999885559082,6.0,5.519999980926514,5.539999961853027,38800,0.0,0.0
2022-05-24 00:00:00-04:00,5.539999961853027,5.940000057220459,5.489999771118164,5.659999847412109,75000,0.0,0.0
2022-05-25 00:00:00-04:00,5.829999923706055,6.0,5.679999828338623,5.869999885559082,83000,0.0,0.0
2022-05-26 00:00:00-04:00,5.840000152587891,6.199999809265137,5.800000190734863,5.860000133514404,107900,0.0,0.0
2022-05-27 00:00:00-04:00,5.829999923706055,6.230000019073486,5.809999942779541,5.949999809265137,156200,0.0,0.0
2022-05-31 00:00:00-04:00,5.980000019073486,6.21999979019165,5.920000076293945,6.119999885559082,73400,0.0,0.0
2022-06-01 00:00:00-04:00,6.119999885559082,6.409999847412109,6.119999885559082,6.369999885559082,73300,0.0,0.0
2022-06-02 00:00:00-04:00,6.360000133514404,6.940000057220459,6.25,6.75,156300,0.0,0.0
2022-06-03 00:00:00-04:00,6.800000190734863,6.809999942779541,6.539999961853027,6.690000057220459,45500,0.0,0.0
2022-06-06 00:00:00-04:00,6.710000038146973,6.710000038146973,6.260000228881836,6.360000133514404,62700,0.0,0.0
2022-06-07 00:00:00-04:00,6.329999923706055,6.639999866485596,6.28000020980835,6.489999771118164,61300,0.0,0.0
2022-06-08 00:00:00-04:00,6.510000228881836,6.639999866485596,6.510000228881836,6.630000114440918,34600,0.0,0.0
2022-06-09 00:00:00-04:00,6.659999847412109,6.71999979019165,6.53000020980835,6.53000020980835,83000,0.0,0.0
2022-06-10 00:00:00-04:00,6.460000038146973,6.489999771118164,6.28000020980835,6.480000019073486,20800,0.0,0.0
2022-06-13 00:00:00-04:00,6.210000038146973,6.210000038146973,5.829999923706055,6.019999980926514,19800,0.0,0.0
2022-06-14 00:00:00-04:00,6.03000020980835,6.03000020980835,5.849999904632568,5.900000095367432,21200,0.0,0.0
2022-06-15 00:00:00-04:00,5.909999847412109,5.909999847412109,5.519999980926514,5.71999979019165,41900,0.0,0.0
2022-06-16 00:00:00-04:00,5.619999885559082,5.809999942779541,5.289999961853027,5.440000057220459,43600,0.0,0.0
2022-06-17 00:00:00-04:00,5.920000076293945,5.920000076293945,5.320000171661377,5.369999885559082,24700,0.0,0.0
2022-06-21 00:00:00-04:00,5.650000095367432,5.650000095367432,5.230000019073486,5.400000095367432,72400,0.0,0.0
2022-06-22 00:00:00-04:00,5.28000020980835,5.360000133514404,5.199999809265137,5.230000019073486,18200,0.0,0.0
2022-06-23 00:00:00-04:00,5.150000095367432,5.239999771118164,4.800000190734863,5.03000020980835,67300,0.0,0.0
2022-06-24 00:00:00-04:00,5.170000076293945,5.25,5.010000228881836,5.099999904632568,49700,0.0,0.0
2022-06-27 00:00:00-04:00,5.199999809265137,5.25,4.989999771118164,5.0,36800,0.0,0.0
2022-06-28 00:00:00-04:00,5.119999885559082,5.119999885559082,4.860000133514404,4.869999885559082,17500,0.0,0.0
2022-06-29 00:00:00-04:00,5.079999923706055,5.079999923706055,4.679999828338623,4.730000019073486,38900,0.0,0.0
2022-06-30 00:00:00-04:00,4.710000038146973,4.78000020980835,4.639999866485596,4.739999771118164,60600,0.0,0.0
2022-07-01 00:00:00-04:00,4.760000228881836,4.760000228881836,4.449999809265137,4.539999961853027,50300,0.0,0.0
2022-07-05 00:00:00-04:00,4.539999961853027,4.639999866485596,4.25,4.360000133514404,47700,0.0,0.0
2022-07-06 00:00:00-04:00,4.519999980926514,4.690000057220459,4.28000020980835,4.300000190734863,38900,0.0,0.0
2022-07-07 00:00:00-04:00,4.269999980926514,4.420000076293945,4.159999847412109,4.210000038146973,152800,0.0,0.0
2022-07-08 00:00:00-04:00,4.190000057220459,4.25,4.150000095367432,4.21999979019165,16400,0.0,0.0
2022-07-11 00:00:00-04:00,4.170000076293945,4.409999847412109,4.099999904632568,4.329999923706055,77500,0.0,0.0
2022-07-12 00:00:00-04:00,4.320000171661377,4.329999923706055,4.099999904632568,4.119999885559082,58300,0.0,0.0
2022-07-13 00:00:00-04:00,4.53000020980835,4.53000020980835,4.139999866485596,4.25,25000,0.0,0.0
2022-07-14 00:00:00-04:00,4.199999809265137,4.21999979019165,4.119999885559082,4.21999979019165,14200,0.0,0.0
2022-07-15 00:00:00-04:00,4.300000190734863,4.340000152587891,4.199999809265137,4.260000228881836,28200,0.0,0.0
2022-07-18 00:00:00-04:00,4.420000076293945,4.5,4.369999885559082,4.5,14700,0.0,0.0
2022-07-19 00:00:00-04:00,4.5,4.599999904632568,4.369999885559082,4.449999809265137,42500,0.0,0.0
2022-07-20 00:00:00-04:00,4.300000190734863,4.559999942779541,4.300000190734863,4.369999885559082,24900,0.0,0.0
2022-07-21 00:00:00-04:00,4.360000133514404,4.78000020980835,4.360000133514404,4.659999847412109,107500,0.0,0.0
2022-07-22 00:00:00-04:00,4.579999923706055,4.739999771118164,4.489999771118164,4.590000152587891,42200,0.0,0.0
2022-07-25 00:00:00-04:00,4.510000228881836,4.800000190734863,4.510000228881836,4.599999904632568,24700,0.0,0.0
2022-07-26 00:00:00-04:00,4.550000190734863,4.690000057220459,4.550000190734863,4.619999885559082,78900,0.0,0.0
2022-07-27 00:00:00-04:00,4.420000076293945,4.710000038146973,4.420000076293945,4.659999847412109,54300,0.0,0.0
2022-07-28 00:00:00-04:00,4.579999923706055,4.710000038146973,4.489999771118164,4.550000190734863,65100,0.0,0.0
2022-07-29 00:00:00-04:00,4.650000095367432,4.760000228881836,4.610000133514404,4.730000019073486,64500,0.0,0.0
2022-08-01 00:00:00-04:00,4.800000190734863,4.800000190734863,4.599999904632568,4.639999866485596,43300,0.0,0.0
2022-08-02 00:00:00-04:00,4.650000095367432,4.809999942779541,4.650000095367432,4.78000020980835,185100,0.0,0.0
2022-08-03 00:00:00-04:00,4.800000190734863,4.960000038146973,4.760000228881836,4.800000190734863,27600,0.0,0.0
2022-08-04 00:00:00-04:00,4.739999771118164,4.889999866485596,4.71999979019165,4.730000019073486,113500,0.0,0.0
2022-08-05 00:00:00-04:00,4.650000095367432,4.840000152587891,4.639999866485596,4.840000152587891,258600,0.0,0.0
2022-08-08 00:00:00-04:00,4.869999885559082,5.0,4.809999942779541,4.960000038146973,11300,0.0,0.0
2022-08-09 00:00:00-04:00,4.989999771118164,5.21999979019165,4.989999771118164,5.130000114440918,28100,0.0,0.0
2022-08-10 00:00:00-04:00,5.050000190734863,5.050000190734863,4.679999828338623,4.699999809265137,208400,0.0,0.0
2022-08-11 00:00:00-04:00,4.679999828338623,4.809999942779541,4.619999885559082,4.760000228881836,48500,0.0,0.0
2022-08-12 00:00:00-04:00,4.760000228881836,4.820000171661377,4.760000228881836,4.809999942779541,42900,0.0,0.0
2022-08-15 00:00:00-04:00,4.760000228881836,4.849999904632568,4.630000114440918,4.840000152587891,55600,0.0,0.0
2022-08-16 00:00:00-04:00,4.829999923706055,4.829999923706055,4.730000019073486,4.730000019073486,45800,0.0,0.0
2022-08-17 00:00:00-04:00,4.760000228881836,5.039999961853027,4.760000228881836,5.010000228881836,60700,0.0,0.0
2022-08-18 00:00:00-04:00,5.050000190734863,5.199999809265137,5.010000228881836,5.110000133514404,29800,0.0,0.0
2022-08-19 00:00:00-04:00,5.010000228881836,5.159999847412109,4.960000038146973,5.059999942779541,19000,0.0,0.0
2022-08-22 00:00:00-04:00,4.96999979019165,5.139999866485596,4.75,5.0,12400,0.0,0.0
2022-08-23 00:00:00-04:00,4.980000019073486,5.199999809265137,4.980000019073486,5.090000152587891,15300,0.0,0.0
2022-08-24 00:00:00-04:00,5.119999885559082,5.190000057220459,5.019999980926514,5.190000057220459,22600,0.0,0.0
2022-08-25 00:00:00-04:00,5.150000095367432,5.380000114440918,5.150000095367432,5.269999980926514,12400,0.0,0.0
2022-08-26 00:00:00-04:00,5.380000114440918,5.449999809265137,5.190000057220459,5.190000057220459,5900,0.0,0.0
2022-08-29 00:00:00-04:00,5.179999828338623,5.239999771118164,5.130000114440918,5.139999866485596,6900,0.0,0.0
2022-08-30 00:00:00-04:00,5.079999923706055,5.110000133514404,4.840000152587891,4.840000152587891,25000,0.0,0.0
2022-08-31 00:00:00-04:00,4.699999809265137,5.239999771118164,4.699999809265137,4.96999979019165,54300,0.0,0.0
2022-09-01 00:00:00-04:00,4.820000171661377,4.989999771118164,4.78000020980835,4.800000190734863,28600,0.0,0.0
2022-09-02 00:00:00-04:00,5.139999866485596,5.420000076293945,4.849999904632568,4.849999904632568,24000,0.0,0.0
2022-09-06 00:00:00-04:00,4.96999979019165,5.230000019073486,4.849999904632568,4.849999904632568,11100,0.0,0.0
2022-09-07 00:00:00-04:00,4.829999923706055,5.039999961853027,4.829999923706055,4.900000095367432,28300,0.0,0.0
2022-09-08 00:00:00-04:00,4.949999809265137,5.139999866485596,4.829999923706055,5.079999923706055,99700,0.0,0.0
2022-09-09 00:00:00-04:00,5.099999904632568,5.179999828338623,4.960000038146973,4.96999979019165,22500,0.0,0.0
2022-09-12 00:00:00-04:00,5.110000133514404,5.159999847412109,5.010000228881836,5.150000095367432,14600,0.0,0.0
2022-09-13 00:00:00-04:00,5.150000095367432,5.159999847412109,4.909999847412109,5.070000171661377,14000,0.0,0.0
2022-09-14 00:00:00-04:00,5.0,5.090000152587891,4.829999923706055,4.900000095367432,18500,0.0,0.0
2022-09-15 00:00:00-04:00,4.860000133514404,5.050000190734863,4.699999809265137,4.71999979019165,18200,0.0,0.0
2022-09-16 00:00:00-04:00,4.639999866485596,4.789999961853027,4.630000114440918,4.690000057220459,21000,0.0,0.0
2022-09-19 00:00:00-04:00,4.539999961853027,4.659999847412109,4.539999961853027,4.550000190734863,15600,0.0,0.0
2022-09-20 00:00:00-04:00,4.579999923706055,4.599999904632568,4.360000133514404,4.519999980926514,28300,0.0,0.0
2022-09-21 00:00:00-04:00,4.590000152587891,4.590000152587891,4.369999885559082,4.510000228881836,11900,0.0,0.0
2022-09-22 00:00:00-04:00,4.480000019073486,4.480000019073486,4.360000133514404,4.400000095367432,2100,0.0,0.0
2022-09-23 00:00:00-04:00,4.360000133514404,4.5,4.360000133514404,4.449999809265137,4400,0.0,0.0
2022-09-26 00:00:00-04:00,4.559999942779541,4.559999942779541,4.269999980926514,4.309999942779541,13200,0.0,0.0
2022-09-27 00:00:00-04:00,4.289999961853027,4.340000152587891,4.210000038146973,4.25,56500,0.0,0.0
2022-09-28 00:00:00-04:00,4.260000228881836,4.559999942779541,4.239999771118164,4.360000133514404,12600,0.0,0.0
2022-09-29 00:00:00-04:00,4.289999961853027,4.400000095367432,4.289999961853027,4.400000095367432,8100,0.0,0.0
2022-09-30 00:00:00-04:00,4.400000095367432,4.489999771118164,4.349999904632568,4.409999847412109,20600,0.0,0.0
2022-10-03 00:00:00-04:00,4.400000095367432,4.590000152587891,4.389999866485596,4.449999809265137,15700,0.0,0.0
2022-10-04 00:00:00-04:00,4.440000057220459,4.630000114440918,4.440000057220459,4.610000133514404,18900,0.0,0.0
2022-10-05 00:00:00-04:00,4.679999828338623,4.679999828338623,4.559999942779541,4.559999942779541,12300,0.0,0.0
2022-10-06 00:00:00-04:00,4.579999923706055,4.679999828338623,4.510000228881836,4.539999961853027,5800,0.0,0.0
2022-10-07 00:00:00-04:00,4.550000190734863,4.739999771118164,4.53000020980835,4.570000171661377,18800,0.0,0.0
2022-10-10 00:00:00-04:00,4.679999828338623,4.679999828338623,4.460000038146973,4.46999979019165,3100,0.0,0.0
2022-10-11 00:00:00-04:00,4.639999866485596,4.699999809265137,4.480000019073486,4.489999771118164,8300,0.0,0.0
2022-10-12 00:00:00-04:00,4.46999979019165,4.519999980926514,4.090000152587891,4.25,34900,0.0,0.0
2022-10-13 00:00:00-04:00,4.090000152587891,4.289999961853027,4.090000152587891,4.28000020980835,27100,0.0,0.0
2022-10-14 00:00:00-04:00,4.25,4.25,4.070000171661377,4.150000095367432,31600,0.0,0.0
2022-10-17 00:00:00-04:00,4.260000228881836,4.449999809265137,4.170000076293945,4.179999828338623,7500,0.0,0.0
2022-10-18 00:00:00-04:00,4.159999847412109,4.210000038146973,4.110000133514404,4.110000133514404,10400,0.0,0.0
2022-10-19 00:00:00-04:00,4.110000133514404,4.159999847412109,4.0,4.119999885559082,26700,0.0,0.0
2022-10-20 00:00:00-04:00,4.099999904632568,4.239999771118164,4.099999904632568,4.110000133514404,10400,0.0,0.0
2022-10-21 00:00:00-04:00,4.190000057220459,4.340000152587891,4.150000095367432,4.21999979019165,12300,0.0,0.0
2022-10-24 00:00:00-04:00,4.119999885559082,4.269999980926514,4.119999885559082,4.25,14200,0.0,0.0
2022-10-25 00:00:00-04:00,4.25,4.369999885559082,4.21999979019165,4.28000020980835,20200,0.0,0.0
2022-10-26 00:00:00-04:00,4.349999904632568,4.480000019073486,4.28000020980835,4.329999923706055,158000,0.0,0.0
2022-10-27 00:00:00-04:00,4.460000038146973,4.460000038146973,4.389999866485596,4.420000076293945,5900,0.0,0.0
2022-10-28 00:00:00-04:00,4.429999828338623,4.519999980926514,4.400000095367432,4.400000095367432,11700,0.0,0.0
2022-10-31 00:00:00-04:00,4.400000095367432,4.400000095367432,3.9200000762939453,4.039999961853027,115800,0.0,0.0
2022-11-01 00:00:00-04:00,4.099999904632568,4.239999771118164,4.090000152587891,4.230000019073486,28200,0.0,0.0
2022-11-02 00:00:00-04:00,4.28000020980835,4.349999904632568,4.179999828338623,4.340000152587891,20600,0.0,0.0
2022-11-03 00:00:00-04:00,4.480000019073486,4.480000019073486,4.320000171661377,4.449999809265137,25500,0.0,0.0
2022-11-04 00:00:00-04:00,4.400000095367432,4.579999923706055,4.400000095367432,4.510000228881836,15000,0.0,0.0
2022-11-07 00:00:00-05:00,4.440000057220459,4.630000114440918,4.400000095367432,4.510000228881836,27500,0.0,0.0
2022-11-08 00:00:00-05:00,4.53000020980835,4.590000152587891,4.510000228881836,4.519999980926514,8100,0.0,0.0
2022-11-09 00:00:00-05:00,4.340000152587891,4.420000076293945,4.269999980926514,4.340000152587891,15100,0.0,0.0
2022-11-10 00:00:00-05:00,4.429999828338623,4.550000190734863,4.329999923706055,4.519999980926514,5800,0.0,0.0
2022-11-11 00:00:00-05:00,4.630000114440918,4.71999979019165,4.53000020980835,4.71999979019165,7200,0.0,0.0
2022-11-14 00:00:00-05:00,4.650000095367432,4.880000114440918,4.53000020980835,4.75,14600,0.0,0.0
2022-11-15 00:00:00-05:00,4.800000190734863,4.849999904632568,4.789999961853027,4.820000171661377,7100,0.0,0.0
2022-11-16 00:00:00-05:00,4.820000171661377,4.820000171661377,4.71999979019165,4.71999979019165,2600,0.0,0.0
2022-11-17 00:00:00-05:00,4.75,4.78000020980835,4.449999809265137,4.590000152587891,10200,0.0,0.0
2022-11-18 00:00:00-05:00,4.5,4.679999828338623,4.389999866485596,4.639999866485596,87400,0.0,0.0
2022-11-21 00:00:00-05:00,4.53000020980835,4.71999979019165,4.480000019073486,4.5,52600,0.0,0.0
2022-11-22 00:00:00-05:00,4.53000020980835,4.630000114440918,4.429999828338623,4.559999942779541,72000,0.0,0.0
2022-11-23 00:00:00-05:00,4.679999828338623,4.71999979019165,4.420000076293945,4.690000057220459,12300,0.0,0.0
2022-11-25 00:00:00-05:00,4.630000114440918,4.730000019073486,4.599999904632568,4.710000038146973,16900,0.0,0.0
2022-11-28 00:00:00-05:00,4.539999961853027,4.75,4.409999847412109,4.519999980926514,42900,0.0,0.0
2022-11-29 00:00:00-05:00,4.590000152587891,4.599999904632568,4.400000095367432,4.460000038146973,49800,0.0,0.0
2022-11-30 00:00:00-05:00,4.489999771118164,4.590000152587891,4.440000057220459,4.46999979019165,27800,0.0,0.0
2022-12-01 00:00:00-05:00,4.429999828338623,4.690000057220459,4.429999828338623,4.519999980926514,7800,0.0,0.0
2022-12-02 00:00:00-05:00,4.519999980926514,4.610000133514404,4.400000095367432,4.400000095367432,12700,0.0,0.0
2022-12-05 00:00:00-05:00,4.429999828338623,4.550000190734863,4.239999771118164,4.25,44600,0.0,0.0
2022-12-06 00:00:00-05:00,4.260000228881836,4.349999904632568,4.25,4.300000190734863,22600,0.0,0.0
2022-12-07 00:00:00-05:00,4.25,4.409999847412109,4.25,4.300000190734863,72800,0.0,0.0
2022-12-08 00:00:00-05:00,4.320000171661377,4.380000114440918,4.230000019073486,4.300000190734863,44100,0.0,0.0
2022-12-09 00:00:00-05:00,4.400000095367432,4.400000095367432,4.210000038146973,4.21999979019165,11200,0.0,0.0
2022-12-12 00:00:00-05:00,4.21999979019165,4.269999980926514,4.039999961853027,4.090000152587891,58400,0.0,0.0
2022-12-13 00:00:00-05:00,4.190000057220459,4.260000228881836,3.9600000381469727,4.010000228881836,51100,0.0,0.0
2022-12-14 00:00:00-05:00,4.039999961853027,4.230000019073486,3.950000047683716,4.0,135600,0.0,0.0
2022-12-15 00:00:00-05:00,3.9600000381469727,4.03000020980835,3.819999933242798,3.890000104904175,66100,0.0,0.0
2022-12-16 00:00:00-05:00,3.759999990463257,4.099999904632568,3.759999990463257,4.070000171661377,70300,0.0,0.0
2022-12-19 00:00:00-05:00,4.110000133514404,4.150000095367432,3.9000000953674316,3.9700000286102295,101800,0.0,0.0
2022-12-20 00:00:00-05:00,3.950000047683716,4.070000171661377,3.859999895095825,3.9700000286102295,133700,0.0,0.0
2022-12-21 00:00:00-05:00,4.0,4.039999961853027,3.950000047683716,3.9600000381469727,91900,0.0,0.0
2022-12-22 00:00:00-05:00,4.0,4.03000020980835,3.9200000762939453,4.010000228881836,54500,0.0,0.0
2022-12-23 00:00:00-05:00,4.010000228881836,4.090000152587891,4.010000228881836,4.03000020980835,22200,0.0,0.0
2022-12-27 00:00:00-05:00,4.010000228881836,4.050000190734863,3.990000009536743,4.0,24000,0.0,0.0
2022-12-28 00:00:00-05:00,4.019999980926514,4.019999980926514,3.9000000953674316,4.0,71800,0.0,0.0
2022-12-29 00:00:00-05:00,3.9600000381469727,4.130000114440918,3.9600000381469727,4.099999904632568,41100,0.0,0.0
2022-12-30 00:00:00-05:00,4.050000190734863,4.269999980926514,4.050000190734863,4.21999979019165,30800,0.0,0.0
2023-01-03 00:00:00-05:00,4.239999771118164,4.300000190734863,4.019999980926514,4.019999980926514,31100,0.0,0.0
2023-01-04 00:00:00-05:00,4.0,4.110000133514404,3.9600000381469727,4.050000190734863,26500,0.0,0.0
2023-01-05 00:00:00-05:00,4.050000190734863,4.150000095367432,4.050000190734863,4.090000152587891,16600,0.0,0.0
2023-01-06 00:00:00-05:00,4.25,4.25,4.070000171661377,4.21999979019165,16300,0.0,0.0
2023-01-09 00:00:00-05:00,4.289999961853027,4.340000152587891,4.090000152587891,4.300000190734863,35700,0.0,0.0
2023-01-10 00:00:00-05:00,4.300000190734863,4.5,4.300000190734863,4.409999847412109,73700,0.0,0.0
2023-01-11 00:00:00-05:00,4.489999771118164,4.75,4.489999771118164,4.679999828338623,32400,0.0,0.0
2023-01-12 00:00:00-05:00,4.75,4.800000190734863,4.46999979019165,4.739999771118164,26700,0.0,0.0
2023-01-13 00:00:00-05:00,4.650000095367432,4.650000095367432,4.510000228881836,4.559999942779541,14200,0.0,0.0
2023-01-17 00:00:00-05:00,4.619999885559082,4.699999809265137,4.5,4.550000190734863,10000,0.0,0.0
2023-01-18 00:00:00-05:00,4.599999904632568,4.71999979019165,4.539999961853027,4.550000190734863,20100,0.0,0.0
2023-01-19 00:00:00-05:00,4.579999923706055,4.75,4.570000171661377,4.739999771118164,9600,0.0,0.0
2023-01-20 00:00:00-05:00,4.75,4.75,4.690000057220459,4.739999771118164,3800,0.0,0.0
2023-01-23 00:00:00-05:00,4.71999979019165,4.849999904632568,4.670000076293945,4.710000038146973,50500,0.0,0.0
2023-01-24 00:00:00-05:00,4.670000076293945,4.789999961853027,4.670000076293945,4.760000228881836,38900,0.0,0.0
2023-01-25 00:00:00-05:00,4.739999771118164,4.840000152587891,4.730000019073486,4.739999771118164,24600,0.0,0.0
2023-01-26 00:00:00-05:00,4.769999980926514,4.820000171661377,4.670000076293945,4.78000020980835,8600,0.0,0.0
2023-01-27 00:00:00-05:00,4.789999961853027,4.789999961853027,4.75,4.760000228881836,7500,0.0,0.0
2023-01-30 00:00:00-05:00,4.800000190734863,4.920000076293945,4.710000038146973,4.769999980926514,37300,0.0,0.0
2023-01-31 00:00:00-05:00,4.769999980926514,4.809999942779541,4.75,4.760000228881836,21100,0.0,0.0
2023-02-01 00:00:00-05:00,4.920000076293945,4.920000076293945,4.809999942779541,4.809999942779541,7700,0.0,0.0
2023-02-02 00:00:00-05:00,4.75,4.980000019073486,4.739999771118164,4.96999979019165,26000,0.0,0.0
2023-02-03 00:00:00-05:00,4.900000095367432,4.920000076293945,4.829999923706055,4.869999885559082,8500,0.0,0.0
2023-02-06 00:00:00-05:00,4.869999885559082,4.980000019073486,4.869999885559082,4.909999847412109,8700,0.0,0.0
2023-02-07 00:00:00-05:00,4.869999885559082,4.989999771118164,4.869999885559082,4.96999979019165,14900,0.0,0.0
2023-02-08 00:00:00-05:00,5.0,5.110000133514404,4.949999809265137,5.039999961853027,45200,0.0,0.0
2023-02-09 00:00:00-05:00,5.480000019073486,5.480000019073486,5.230000019073486,5.329999923706055,77600,0.0,0.0
2023-02-10 00:00:00-05:00,5.349999904632568,5.599999904632568,5.349999904632568,5.480000019073486,35000,0.0,0.0
2023-02-13 00:00:00-05:00,5.519999980926514,5.71999979019165,5.519999980926514,5.610000133514404,13500,0.0,0.0
2023-02-14 00:00:00-05:00,5.610000133514404,5.610000133514404,5.510000228881836,5.510000228881836,18200,0.0,0.0
2023-02-15 00:00:00-05:00,5.210000038146973,5.769999980926514,5.210000038146973,5.599999904632568,88100,0.0,0.0
2023-02-16 00:00:00-05:00,5.659999847412109,5.699999809265137,5.510000228881836,5.579999923706055,41000,0.0,0.0
2023-02-17 00:00:00-05:00,5.619999885559082,5.670000076293945,5.400000095367432,5.489999771118164,37700,0.0,0.0
2023-02-21 00:00:00-05:00,5.429999828338623,5.570000171661377,5.329999923706055,5.480000019073486,31700,0.0,0.0
2023-02-22 00:00:00-05:00,5.519999980926514,5.519999980926514,5.179999828338623,5.179999828338623,65800,0.0,0.0
2023-02-23 00:00:00-05:00,5.309999942779541,5.78000020980835,5.309999942779541,5.78000020980835,33100,0.0,0.0
2023-02-24 00:00:00-05:00,5.5,5.840000152587891,5.5,5.739999771118164,27800,0.0,0.0
2023-02-27 00:00:00-05:00,5.849999904632568,6.050000190734863,5.800000190734863,6.019999980926514,42900,0.0,0.0
2023-02-28 00:00:00-05:00,6.099999904632568,6.21999979019165,5.960000038146973,5.960000038146973,26200,0.0,0.0
2023-03-01 00:00:00-05:00,6.179999828338623,6.25,5.900000095367432,6.210000038146973,54400,0.0,0.0
2023-03-02 00:00:00-05:00,6.260000228881836,6.710000038146973,6.21999979019165,6.510000228881836,34100,0.0,0.0
2023-03-03 00:00:00-05:00,6.550000190734863,6.550000190734863,6.130000114440918,6.46999979019165,23400,0.0,0.0
2023-03-06 00:00:00-05:00,6.389999866485596,6.429999828338623,6.150000095367432,6.300000190734863,14300,0.0,0.0
2023-03-07 00:00:00-05:00,6.25,6.539999961853027,6.25,6.46999979019165,11300,0.0,0.0
2023-03-08 00:00:00-05:00,6.550000190734863,7.170000076293945,6.539999961853027,6.960000038146973,127700,0.0,0.0
2023-03-09 00:00:00-05:00,7.070000171661377,7.170000076293945,6.820000171661377,7.03000020980835,52700,0.0,0.0
2023-03-10 00:00:00-05:00,7.050000190734863,7.159999847412109,6.820000171661377,7.010000228881836,50900,0.0,0.0
2023-03-13 00:00:00-04:00,6.949999809265137,7.0,6.539999961853027,6.559999942779541,24400,0.0,0.0
2023-03-14 00:00:00-04:00,6.570000171661377,6.650000095367432,6.300000190734863,6.300000190734863,34300,0.0,0.0
2023-03-15 00:00:00-04:00,6.289999961853027,6.289999961853027,5.820000171661377,5.960000038146973,50500,0.0,0.0
2023-03-16 00:00:00-04:00,5.989999771118164,6.070000171661377,5.269999980926514,5.659999847412109,250700,0.0,0.0
2023-03-17 00:00:00-04:00,6.0,6.309999942779541,5.75,5.800000190734863,266200,0.0,0.0
2023-03-20 00:00:00-04:00,6.329999923706055,6.329999923706055,5.920000076293945,6.070000171661377,108600,0.0,0.0
2023-03-21 00:00:00-04:00,6.559999942779541,7.079999923706055,6.010000228881836,6.300000190734863,134500,0.0,0.0
2023-03-22 00:00:00-04:00,6.800000190734863,7.0,6.400000095367432,6.5,223400,0.0,0.0
2023-03-23 00:00:00-04:00,6.579999923706055,6.590000152587891,6.409999847412109,6.519999980926514,127700,0.0,0.0
2023-03-24 00:00:00-04:00,6.570000171661377,6.610000133514404,6.210000038146973,6.320000171661377,24100,0.0,0.0
2023-03-27 00:00:00-04:00,6.400000095367432,6.710000038146973,6.329999923706055,6.699999809265137,34600,0.0,0.0
2023-03-28 00:00:00-04:00,6.900000095367432,7.170000076293945,6.769999980926514,7.170000076293945,51000,0.0,0.0
2023-03-29 00:00:00-04:00,7.21999979019165,7.550000190734863,6.909999847412109,7.269999980926514,58800,0.0,0.0
2023-03-30 00:00:00-04:00,7.400000095367432,7.400000095367432,7.159999847412109,7.320000171661377,34900,0.0,0.0
2023-03-31 00:00:00-04:00,7.400000095367432,7.400000095367432,6.849999904632568,7.050000190734863,25000,0.0,0.0
2023-04-03 00:00:00-04:00,7.159999847412109,7.489999771118164,7.050000190734863,7.489999771118164,102700,0.0,0.0
2023-04-04 00:00:00-04:00,7.519999980926514,8.260000228881836,7.510000228881836,8.25,133300,0.0,0.0
2023-04-05 00:00:00-04:00,8.100000381469727,8.449999809265137,7.840000152587891,8.170000076293945,72600,0.0,0.0
2023-04-06 00:00:00-04:00,8.289999961853027,8.289999961853027,8.039999961853027,8.289999961853027,42000,0.0,0.0
2023-04-10 00:00:00-04:00,8.300000190734863,8.59000015258789,8.1899995803833,8.380000114440918,78500,0.0,0.0
2023-04-11 00:00:00-04:00,8.489999771118164,8.640000343322754,8.319999694824219,8.479999542236328,59900,0.0,0.0
2023-04-12 00:00:00-04:00,8.609999656677246,8.6899995803833,8.489999771118164,8.6899995803833,43700,0.0,0.0
2023-04-13 00:00:00-04:00,8.699999809265137,8.829999923706055,8.319999694824219,8.399999618530273,23500,0.0,0.0
2023-04-14 00:00:00-04:00,8.479999542236328,8.479999542236328,8.34000015258789,8.40999984741211,23100,0.0,0.0
2023-04-17 00:00:00-04:00,8.40999984741211,8.4399995803833,8.079999923706055,8.109999656677246,46700,0.0,0.0
2023-04-18 00:00:00-04:00,8.109999656677246,8.199999809265137,7.829999923706055,7.929999828338623,28700,0.0,0.0
2023-04-19 00:00:00-04:00,7.929999828338623,8.109999656677246,7.929999828338623,8.0,23200,0.0,0.0
2023-04-20 00:00:00-04:00,8.050000190734863,8.119999885559082,7.869999885559082,8.050000190734863,25700,0.0,0.0
2023-04-21 00:00:00-04:00,8.050000190734863,8.050000190734863,7.610000133514404,7.619999885559082,14800,0.0,0.0
2023-04-24 00:00:00-04:00,7.579999923706055,7.800000190734863,7.429999828338623,7.690000057220459,34800,0.0,0.0
2023-04-25 00:00:00-04:00,7.690000057220459,7.690000057220459,7.460000038146973,7.539999961853027,16700,0.0,0.0
2023-04-26 00:00:00-04:00,7.590000152587891,7.699999809265137,7.380000114440918,7.429999828338623,18600,0.0,0.0
2023-04-27 00:00:00-04:00,7.510000228881836,7.510000228881836,7.119999885559082,7.329999923706055,34200,0.0,0.0
2023-04-28 00:00:00-04:00,7.21999979019165,7.489999771118164,7.170000076293945,7.21999979019165,28600,0.0,0.0
2023-05-01 00:00:00-04:00,7.179999828338623,7.5,7.179999828338623,7.239999771118164,30100,0.0,0.0
2023-05-02 00:00:00-04:00,7.309999942779541,7.429999828338623,7.079999923706055,7.329999923706055,25000,0.0,0.0
2023-05-03 00:00:00-04:00,7.429999828338623,7.730000019073486,7.409999847412109,7.449999809265137,75500,0.0,0.0
2023-05-04 00:00:00-04:00,7.449999809265137,7.449999809265137,7.25,7.269999980926514,16300,0.0,0.0
2023-05-05 00:00:00-04:00,7.300000190734863,7.5,7.260000228881836,7.489999771118164,30300,0.0,0.0
2023-05-08 00:00:00-04:00,7.489999771118164,7.53000020980835,7.289999961853027,7.369999885559082,28000,0.0,0.0
2023-05-09 00:00:00-04:00,7.369999885559082,7.519999980926514,7.300000190734863,7.46999979019165,12900,0.0,0.0
2023-05-10 00:00:00-04:00,7.539999961853027,7.550000190734863,7.349999904632568,7.550000190734863,25100,0.0,0.0
2023-05-11 00:00:00-04:00,7.550000190734863,7.610000133514404,7.400000095367432,7.420000076293945,20100,0.0,0.0
2023-05-12 00:00:00-04:00,7.28000020980835,7.980000019073486,7.28000020980835,7.760000228881836,56200,0.0,0.0
2023-05-15 00:00:00-04:00,7.860000133514404,8.430000305175781,7.78000020980835,8.369999885559082,67300,0.0,0.0
2023-05-16 00:00:00-04:00,8.420000076293945,8.949999809265137,8.0600004196167,8.800000190734863,133200,0.0,0.0
2023-05-17 00:00:00-04:00,8.869999885559082,9.15999984741211,8.449999809265137,8.84000015258789,63300,0.0,0.0
2023-05-18 00:00:00-04:00,8.770000457763672,8.829999923706055,8.15999984741211,8.699999809265137,76300,0.0,0.0
2023-05-19 00:00:00-04:00,8.829999923706055,8.829999923706055,8.630000114440918,8.6899995803833,21600,0.0,0.0
2023-05-22 00:00:00-04:00,8.6899995803833,8.6899995803833,8.350000381469727,8.369999885559082,21200,0.0,0.0
2023-05-23 00:00:00-04:00,8.369999885559082,8.649999618530273,8.369999885559082,8.4399995803833,10500,0.0,0.0
2023-05-24 00:00:00-04:00,8.550000190734863,8.65999984741211,8.4399995803833,8.5,8800,0.0,0.0
2023-05-25 00:00:00-04:00,8.550000190734863,8.550000190734863,8.350000381469727,8.4399995803833,7500,0.0,0.0
2023-05-26 00:00:00-04:00,8.510000228881836,8.539999961853027,8.1899995803833,8.300000190734863,11200,0.0,0.0
2023-05-30 00:00:00-04:00,8.369999885559082,8.420000076293945,8.210000038146973,8.359999656677246,11300,0.0,0.0
2023-05-31 00:00:00-04:00,8.329999923706055,8.520000457763672,8.25,8.25,11500,0.0,0.0
2023-06-01 00:00:00-04:00,8.270000457763672,8.270000457763672,7.920000076293945,8.100000381469727,25100,0.0,0.0
2023-06-02 00:00:00-04:00,8.0600004196167,8.239999771118164,8.029999732971191,8.039999961853027,27300,0.0,0.0
2023-06-05 00:00:00-04:00,8.050000190734863,8.510000228881836,8.039999961853027,8.270000457763672,47900,0.0,0.0
2023-06-06 00:00:00-04:00,8.210000038146973,8.5600004196167,8.210000038146973,8.520000457763672,16100,0.0,0.0
2023-06-07 00:00:00-04:00,8.609999656677246,8.609999656677246,8.3100004196167,8.329999923706055,11500,0.0,0.0
2023-06-08 00:00:00-04:00,8.449999809265137,8.550000190734863,8.260000228881836,8.270000457763672,17100,0.0,0.0
2023-06-09 00:00:00-04:00,8.359999656677246,8.550000190734863,8.300000190734863,8.319999694824219,8600,0.0,0.0
2023-06-12 00:00:00-04:00,8.279999732971191,8.4399995803833,8.15999984741211,8.15999984741211,5500,0.0,0.0
2023-06-13 00:00:00-04:00,8.25,8.520000457763672,8.0,8.1899995803833,13000,0.0,0.0
2023-06-14 00:00:00-04:00,8.25,8.300000190734863,8.020000457763672,8.020000457763672,13200,0.0,0.0
2023-06-15 00:00:00-04:00,8.100000381469727,8.220000267028809,7.880000114440918,7.889999866485596,7800,0.0,0.0
2023-06-16 00:00:00-04:00,7.889999866485596,8.029999732971191,7.539999961853027,7.820000171661377,19100,0.0,0.0
2023-06-20 00:00:00-04:00,7.909999847412109,8.010000228881836,7.639999866485596,7.760000228881836,9600,0.0,0.0
2023-06-21 00:00:00-04:00,7.789999961853027,7.840000152587891,7.610000133514404,7.760000228881836,2700,0.0,0.0
2023-06-22 00:00:00-04:00,7.78000020980835,7.800000190734863,7.03000020980835,7.179999828338623,32900,0.0,0.0
2023-06-23 00:00:00-04:00,7.210000038146973,7.349999904632568,7.0,7.119999885559082,12000,0.0,0.0
2023-06-26 00:00:00-04:00,7.070000171661377,7.159999847412109,6.610000133514404,6.800000190734863,25400,0.0,0.0
2023-06-27 00:00:00-04:00,6.75,6.800000190734863,6.599999904632568,6.71999979019165,28600,0.0,0.0
2023-06-28 00:00:00-04:00,6.800000190734863,7.929999828338623,6.710000038146973,7.559999942779541,56700,0.0,0.0
2023-06-29 00:00:00-04:00,7.75,7.809999942779541,7.300000190734863,7.710000038146973,21600,0.0,0.0
2023-06-30 00:00:00-04:00,7.710000038146973,7.949999809265137,7.679999828338623,7.769999980926514,3100,0.0,0.0
2023-07-03 00:00:00-04:00,7.53000020980835,7.670000076293945,7.489999771118164,7.579999923706055,16500,0.0,0.0
2023-07-05 00:00:00-04:00,7.639999866485596,7.690000057220459,7.309999942779541,7.460000038146973,17100,0.0,0.0
2023-07-06 00:00:00-04:00,7.380000114440918,7.769999980926514,7.21999979019165,7.670000076293945,38000,0.0,0.0
2023-07-07 00:00:00-04:00,7.690000057220459,7.929999828338623,7.449999809265137,7.900000095367432,6500,0.0,0.0
2023-07-10 00:00:00-04:00,7.909999847412109,8.0600004196167,7.659999847412109,7.659999847412109,22000,0.0,0.0
2023-07-11 00:00:00-04:00,7.75,8.020000457763672,7.75,7.96999979019165,9500,0.0,0.0
2023-07-12 00:00:00-04:00,7.929999828338623,8.039999961853027,7.909999847412109,8.020000457763672,10600,0.0,0.0
2023-07-13 00:00:00-04:00,8.09000015258789,8.09000015258789,7.869999885559082,7.980000019073486,10700,0.0,0.0
2023-07-14 00:00:00-04:00,7.699999809265137,7.800000190734863,7.599999904632568,7.710000038146973,4400,0.0,0.0
2023-07-17 00:00:00-04:00,7.789999961853027,7.889999866485596,7.519999980926514,7.650000095367432,10400,0.0,0.0
2023-07-18 00:00:00-04:00,7.619999885559082,7.960000038146973,7.579999923706055,7.960000038146973,14500,0.0,0.0
2023-07-19 00:00:00-04:00,7.71999979019165,7.860000133514404,7.53000020980835,7.630000114440918,16600,0.0,0.0
2023-07-20 00:00:00-04:00,7.71999979019165,7.940000057220459,7.300000190734863,7.71999979019165,45900,0.0,0.0
2023-07-21 00:00:00-04:00,7.730000019073486,7.829999923706055,7.53000020980835,7.570000171661377,9500,0.0,0.0
2023-07-24 00:00:00-04:00,7.730000019073486,7.900000095367432,7.599999904632568,7.889999866485596,9800,0.0,0.0
2023-07-25 00:00:00-04:00,7.900000095367432,8.100000381469727,7.760000228881836,7.940000057220459,5200,0.0,0.0
2023-07-26 00:00:00-04:00,8.020000457763672,8.079999923706055,7.840000152587891,8.069999694824219,9000,0.0,0.0
2023-07-27 00:00:00-04:00,8.069999694824219,8.069999694824219,7.75,7.96999979019165,5300,0.0,0.0
2023-07-28 00:00:00-04:00,8.039999961853027,8.100000381469727,7.880000114440918,8.020000457763672,22400,0.0,0.0
2023-07-31 00:00:00-04:00,8.15999984741211,8.239999771118164,7.960000038146973,8.010000228881836,13500,0.0,0.0
2023-08-01 00:00:00-04:00,8.100000381469727,8.229999542236328,7.809999942779541,8.020000457763672,19100,0.0,0.0
2023-08-02 00:00:00-04:00,8.119999885559082,8.149999618530273,7.71999979019165,8.0,27200,0.0,0.0
2023-08-03 00:00:00-04:00,8.039999961853027,8.039999961853027,7.5,7.550000190734863,16900,0.0,0.0
2023-08-04 00:00:00-04:00,7.699999809265137,7.840000152587891,7.519999980926514,7.75,8000,0.0,0.0
2023-08-07 00:00:00-04:00,7.599999904632568,7.889999866485596,7.570000171661377,7.570000171661377,12200,0.0,0.0
2023-08-08 00:00:00-04:00,7.539999961853027,7.650000095367432,7.269999980926514,7.440000057220459,15100,0.0,0.0
2023-08-09 00:00:00-04:00,7.699999809265137,7.760000228881836,7.449999809265137,7.590000152587891,9100,0.0,0.0
2023-08-10 00:00:00-04:00,7.650000095367432,8.010000228881836,7.630000114440918,7.949999809265137,38800,0.0,0.0
2023-08-11 00:00:00-04:00,8.470000267028809,8.869999885559082,8.260000228881836,8.649999618530273,38800,0.0,0.0
2023-08-14 00:00:00-04:00,9.100000381469727,9.350000381469727,8.90999984741211,9.199999809265137,92600,0.0,0.0
2023-08-15 00:00:00-04:00,9.289999961853027,9.289999961853027,8.920000076293945,9.180000305175781,39300,0.0,0.0
2023-08-16 00:00:00-04:00,9.180000305175781,9.199999809265137,8.75,8.859999656677246,31800,0.0,0.0
2023-08-17 00:00:00-04:00,8.880000114440918,8.989999771118164,8.579999923706055,8.760000228881836,21900,0.0,0.0
2023-08-18 00:00:00-04:00,8.680000305175781,8.829999923706055,8.479999542236328,8.539999961853027,22100,0.0,0.0
2023-08-21 00:00:00-04:00,8.649999618530273,8.649999618530273,8.369999885559082,8.470000267028809,22800,0.0,0.0
2023-08-22 00:00:00-04:00,8.40999984741211,9.09000015258789,8.329999923706055,8.850000381469727,40100,0.0,0.0
2023-08-23 00:00:00-04:00,8.869999885559082,9.619999885559082,8.550000190734863,9.5,56600,0.0,0.0
2023-08-24 00:00:00-04:00,9.640000343322754,9.850000381469727,9.390000343322754,9.510000228881836,33600,0.0,0.0
2023-08-25 00:00:00-04:00,9.649999618530273,9.699999809265137,9.300000190734863,9.460000038146973,18500,0.0,0.0
2023-08-28 00:00:00-04:00,9.460000038146973,9.619999885559082,9.020000457763672,9.229999542236328,28300,0.0,0.0
2023-08-29 00:00:00-04:00,9.34000015258789,9.390000343322754,8.979999542236328,9.130000114440918,19400,0.0,0.0
2023-08-30 00:00:00-04:00,9.050000190734863,9.300000190734863,9.0,9.09000015258789,29500,0.0,0.0
2023-08-31 00:00:00-04:00,9.199999809265137,9.779999732971191,9.109999656677246,9.5600004196167,46600,0.0,0.0
2023-09-01 00:00:00-04:00,9.649999618530273,9.899999618530273,9.5,9.5,46000,0.0,0.0
2023-09-05 00:00:00-04:00,9.430000305175781,10.380000114440918,9.359999656677246,10.199999809265137,152400,0.0,0.0
2023-09-06 00:00:00-04:00,10.369999885559082,11.529999732971191,10.359999656677246,11.319999694824219,219600,0.0,0.0
2023-09-07 00:00:00-04:00,11.329999923706055,11.460000038146973,10.699999809265137,11.25,123400,0.0,0.0
2023-09-08 00:00:00-04:00,11.34000015258789,12.460000038146973,11.210000038146973,12.25,120100,0.0,0.0
2023-09-11 00:00:00-04:00,12.350000381469727,12.350000381469727,11.550000190734863,12.140000343322754,151000,0.0,0.0
2023-09-12 00:00:00-04:00,12.369999885559082,12.59000015258789,11.65999984741211,11.84000015258789,86000,0.0,0.0
2023-09-13 00:00:00-04:00,11.779999732971191,11.779999732971191,10.819999694824219,11.010000228881836,72000,0.0,0.0
2023-09-14 00:00:00-04:00,11.010000228881836,11.489999771118164,11.010000228881836,11.359999656677246,35100,0.0,0.0
2023-09-15 00:00:00-04:00,11.359999656677246,11.880000114440918,11.300000190734863,11.59000015258789,69800,0.0,0.0
2023-09-18 00:00:00-04:00,11.600000381469727,11.75,11.3100004196167,11.430000305175781,22600,0.0,0.0
2023-09-19 00:00:00-04:00,11.319999694824219,11.779999732971191,11.319999694824219,11.779999732971191,39500,0.0,0.0
2023-09-20 00:00:00-04:00,11.789999961853027,11.890000343322754,11.329999923706055,11.65999984741211,30000,0.0,0.0
2023-09-21 00:00:00-04:00,11.770000457763672,12.59000015258789,11.770000457763672,12.5,73700,0.0,0.0
2023-09-22 00:00:00-04:00,12.510000228881836,13.989999771118164,12.420000076293945,13.520000457763672,135300,0.0,0.0
2023-09-25 00:00:00-04:00,14.0,14.59000015258789,13.5600004196167,13.670000076293945,190600,0.0,0.0
2023-09-26 00:00:00-04:00,13.65999984741211,13.65999984741211,12.630000114440918,12.829999923706055,130800,0.0,0.0
2023-09-27 00:00:00-04:00,12.859999656677246,13.880000114440918,12.859999656677246,13.739999771118164,124400,0.0,0.0
2023-09-28 00:00:00-04:00,13.920000076293945,14.0,13.510000228881836,13.739999771118164,68700,0.0,0.0
2023-09-29 00:00:00-04:00,13.739999771118164,13.869999885559082,12.859999656677246,12.949999809265137,87100,0.0,0.0
2023-10-02 00:00:00-04:00,12.989999771118164,13.289999961853027,12.779999732971191,13.149999618530273,103600,0.0,0.0
2023-10-03 00:00:00-04:00,13.020000457763672,13.130000114440918,12.470000267028809,12.699999809265137,80700,0.0,0.0
2023-10-04 00:00:00-04:00,12.569999694824219,12.569999694824219,11.630000114440918,11.829999923706055,76200,0.0,0.0
2023-10-05 00:00:00-04:00,11.5600004196167,12.229999542236328,11.5600004196167,11.899999618530273,102600,0.0,0.0
2023-10-06 00:00:00-04:00,11.920000076293945,12.420000076293945,11.680000305175781,12.199999809265137,40300,0.0,0.0
2023-10-09 00:00:00-04:00,12.199999809265137,12.619999885559082,12.130000114440918,12.130000114440918,81100,0.0,0.0
2023-10-10 00:00:00-04:00,12.109999656677246,12.920000076293945,11.960000038146973,12.729999542236328,126800,0.0,0.0
2023-10-11 00:00:00-04:00,12.579999923706055,13.449999809265137,12.579999923706055,13.220000267028809,159900,0.0,0.0
2023-10-12 00:00:00-04:00,13.350000381469727,13.729999542236328,13.010000228881836,13.3100004196167,76400,0.0,0.0
2023-10-13 00:00:00-04:00,13.479999542236328,13.739999771118164,13.020000457763672,13.300000190734863,56700,0.0,0.0
2023-10-16 00:00:00-04:00,13.710000038146973,13.710000038146973,12.899999618530273,13.1899995803833,105200,0.0,0.0
2023-10-17 00:00:00-04:00,13.109999656677246,13.449999809265137,12.960000038146973,13.229999542236328,80300,0.0,0.0
2023-10-18 00:00:00-04:00,13.279999732971191,13.390000343322754,13.0600004196167,13.319999694824219,37100,0.0,0.0
2023-10-19 00:00:00-04:00,13.079999923706055,13.239999771118164,11.699999809265137,12.039999961853027,113800,0.0,0.0
2023-10-20 00:00:00-04:00,12.0,12.619999885559082,11.770000457763672,12.539999961853027,57000,0.0,0.0
2023-10-23 00:00:00-04:00,12.279999732971191,12.510000228881836,11.859999656677246,12.449999809265137,60700,0.0,0.0
2023-10-24 00:00:00-04:00,12.489999771118164,12.989999771118164,12.069999694824219,12.15999984741211,49900,0.0,0.0
2023-10-25 00:00:00-04:00,12.270000457763672,12.520000457763672,12.050000190734863,12.130000114440918,58100,0.0,0.0
2023-10-26 00:00:00-04:00,12.069999694824219,12.609999656677246,12.0,12.449999809265137,49600,0.0,0.0
2023-10-27 00:00:00-04:00,12.449999809265137,12.710000038146973,12.15999984741211,12.569999694824219,38200,0.0,0.0
2023-10-30 00:00:00-04:00,12.550000190734863,12.670000076293945,11.369999885559082,11.760000228881836,99000,0.0,0.0
2023-10-31 00:00:00-04:00,11.770000457763672,12.270000457763672,11.579999923706055,11.989999771118164,60800,0.0,0.0
2023-11-01 00:00:00-04:00,11.970000267028809,12.170000076293945,11.770000457763672,11.789999961853027,28600,0.0,0.0
2023-11-02 00:00:00-04:00,11.850000381469727,12.229999542236328,11.819999694824219,11.9399995803833,61500,0.0,0.0
2023-11-03 00:00:00-04:00,11.9399995803833,12.09000015258789,11.479999542236328,11.729999542236328,49100,0.0,0.0
2023-11-06 00:00:00-05:00,11.569999694824219,11.789999961853027,11.329999923706055,11.369999885559082,35600,0.0,0.0
2023-11-07 00:00:00-05:00,11.329999923706055,11.329999923706055,10.819999694824219,10.880000114440918,39900,0.0,0.0
2023-11-08 00:00:00-05:00,10.869999885559082,11.3100004196167,10.869999885559082,11.1899995803833,30400,0.0,0.0
2023-11-09 00:00:00-05:00,11.119999885559082,11.4399995803833,11.119999885559082,11.279999732971191,19200,0.0,0.0
2023-11-10 00:00:00-05:00,11.220000267028809,11.899999618530273,11.220000267028809,11.84000015258789,31500,0.0,0.0
2023-11-13 00:00:00-05:00,12.010000228881836,12.149999618530273,11.4399995803833,12.0,35100,0.0,0.0
2023-11-14 00:00:00-05:00,12.149999618530273,12.289999961853027,11.8100004196167,12.100000381469727,54600,0.0,0.0
2023-11-15 00:00:00-05:00,12.0,12.40999984741211,11.869999885559082,12.029999732971191,50800,0.0,0.0
2023-11-16 00:00:00-05:00,11.770000457763672,12.069999694824219,11.34000015258789,11.770000457763672,43400,0.0,0.0
2023-11-17 00:00:00-05:00,11.850000381469727,12.670000076293945,11.430000305175781,12.029999732971191,153600,0.0,0.0
2023-11-20 00:00:00-05:00,12.229999542236328,12.460000038146973,12.0600004196167,12.100000381469727,69800,0.0,0.0
2023-11-21 00:00:00-05:00,12.0600004196167,12.489999771118164,11.90999984741211,12.289999961853027,58200,0.0,0.0
2023-11-22 00:00:00-05:00,12.0600004196167,12.289999961853027,12.0,12.109999656677246,32700,0.0,0.0
2023-11-24 00:00:00-05:00,12.100000381469727,12.3100004196167,12.010000228881836,12.119999885559082,21700,0.0,0.0
2023-11-27 00:00:00-05:00,12.460000038146973,12.800000190734863,12.0600004196167,12.710000038146973,103500,0.0,0.0
2023-11-28 00:00:00-05:00,12.699999809265137,12.699999809265137,11.670000076293945,11.989999771118164,63100,0.0,0.0
2023-11-29 00:00:00-05:00,12.0,12.220000267028809,11.880000114440918,11.979999542236328,30600,0.0,0.0
2023-11-30 00:00:00-05:00,11.970000267028809,12.100000381469727,11.75,11.920000076293945,19500,0.0,0.0
2023-12-01 00:00:00-05:00,12.0,12.390000343322754,11.850000381469727,12.109999656677246,76000,0.0,0.0
2023-12-04 00:00:00-05:00,12.220000267028809,12.239999771118164,11.859999656677246,12.119999885559082,59700,0.0,0.0
2023-12-05 00:00:00-05:00,12.010000228881836,12.260000228881836,11.710000038146973,11.84000015258789,21900,0.0,0.0
2023-12-06 00:00:00-05:00,11.84000015258789,12.359999656677246,11.470000267028809,11.899999618530273,138200,0.0,0.0
2023-12-07 00:00:00-05:00,11.859999656677246,12.010000228881836,11.779999732971191,11.920000076293945,22100,0.0,0.0
2023-12-08 00:00:00-05:00,11.869999885559082,12.029999732971191,11.300000190734863,11.470000267028809,33600,0.0,0.0
2023-12-11 00:00:00-05:00,11.369999885559082,11.369999885559082,10.350000381469727,11.199999809265137,129100,0.0,0.0
2023-12-12 00:00:00-05:00,10.930000305175781,11.40999984741211,10.930000305175781,11.09000015258789,40000,0.0,0.0
2023-12-13 00:00:00-05:00,11.180000305175781,11.369999885559082,10.779999732971191,11.3100004196167,56000,0.0,0.0
2023-12-14 00:00:00-05:00,11.279999732971191,11.649999618530273,11.229999542236328,11.4399995803833,56000,0.0,0.0
2023-12-15 00:00:00-05:00,11.960000038146973,12.979999542236328,11.779999732971191,12.069999694824219,522000,0.0,0.0
2023-12-18 00:00:00-05:00,12.5,12.949999809265137,11.920000076293945,12.899999618530273,200100,0.0,0.0
2023-12-19 00:00:00-05:00,12.8100004196167,13.25,12.75,13.069999694824219,81900,0.0,0.0
2023-12-20 00:00:00-05:00,13.119999885559082,13.119999885559082,12.630000114440918,12.800000190734863,53300,0.0,0.0
2023-12-21 00:00:00-05:00,12.800000190734863,13.239999771118164,12.6899995803833,12.949999809265137,58800,0.0,0.0
2023-12-22 00:00:00-05:00,12.949999809265137,13.25,12.850000381469727,12.989999771118164,48900,0.0,0.0
2023-12-26 00:00:00-05:00,13.149999618530273,13.149999618530273,12.899999618530273,12.949999809265137,53700,0.0,0.0
2023-12-27 00:00:00-05:00,12.899999618530273,13.199999809265137,12.4399995803833,12.989999771118164,80800,0.0,0.0
2023-12-28 00:00:00-05:00,12.829999923706055,12.90999984741211,12.649999618530273,12.829999923706055,35700,0.0,0.0
2023-12-29 00:00:00-05:00,12.829999923706055,13.09000015258789,12.579999923706055,12.960000038146973,48300,0.0,0.0
2024-01-02 00:00:00-05:00,13.119999885559082,13.119999885559082,12.109999656677246,12.1899995803833,70600,0.0,0.0
2024-01-03 00:00:00-05:00,12.020000457763672,12.34000015258789,12.020000457763672,12.34000015258789,49900,0.0,0.0
2024-01-04 00:00:00-05:00,12.609999656677246,13.319999694824219,12.5600004196167,12.789999961853027,374000,0.0,0.0
2024-01-05 00:00:00-05:00,12.699999809265137,14.300000190734863,12.699999809265137,14.029999732971191,495000,0.0,0.0
2024-01-08 00:00:00-05:00,14.029999732971191,14.479999542236328,13.670000076293945,13.880000114440918,145400,0.0,0.0
2024-01-09 00:00:00-05:00,13.890000343322754,14.1899995803833,13.3100004196167,13.729999542236328,66500,0.0,0.0
2024-01-10 00:00:00-05:00,13.770000457763672,13.770000457763672,13.1899995803833,13.239999771118164,82000,0.0,0.0
2024-01-11 00:00:00-05:00,13.15999984741211,13.420000076293945,12.720000267028809,13.09000015258789,84700,0.0,0.0
2024-01-12 00:00:00-05:00,13.449999809265137,14.3100004196167,13.350000381469727,14.039999961853027,133800,0.0,0.0
2024-01-16 00:00:00-05:00,14.149999618530273,15.079999923706055,14.149999618530273,14.979999542236328,162000,0.0,0.0
2024-01-17 00:00:00-05:00,15.09000015258789,15.149999618530273,14.510000228881836,14.920000076293945,95300,0.0,0.0
2024-01-18 00:00:00-05:00,14.930000305175781,15.489999771118164,14.920000076293945,15.289999961853027,95400,0.0,0.0
2024-01-19 00:00:00-05:00,15.40999984741211,15.449999809265137,15.0,15.180000305175781,72600,0.0,0.0
2024-01-22 00:00:00-05:00,15.119999885559082,15.630000114440918,14.699999809265137,15.319999694824219,130800,0.0,0.0
2024-01-23 00:00:00-05:00,14.979999542236328,15.229999542236328,14.5600004196167,14.59000015258789,76700,0.0,0.0
2024-01-24 00:00:00-05:00,14.579999923706055,15.180000305175781,14.579999923706055,15.140000343322754,82500,0.0,0.0
2024-01-25 00:00:00-05:00,15.1899995803833,15.529999732971191,15.050000190734863,15.329999923706055,46200,0.0,0.0
2024-01-26 00:00:00-05:00,15.630000114440918,15.8100004196167,15.300000190734863,15.420000076293945,57800,0.0,0.0
2024-01-29 00:00:00-05:00,15.5,16.0,15.399999618530273,15.760000228881836,99700,0.0,0.0
2024-01-30 00:00:00-05:00,15.680000305175781,15.699999809265137,14.800000190734863,15.029999732971191,111600,0.0,0.0
2024-01-31 00:00:00-05:00,14.869999885559082,15.220000267028809,14.649999618530273,15.0600004196167,72000,0.0,0.0
2024-02-01 00:00:00-05:00,15.020000457763672,15.479999542236328,14.729999542236328,15.140000343322754,93700,0.0,0.0
2024-02-02 00:00:00-05:00,15.0,15.399999618530273,14.9399995803833,15.289999961853027,76200,0.0,0.0
2024-02-05 00:00:00-05:00,15.289999961853027,15.390000343322754,14.600000381469727,15.15999984741211,122300,0.0,0.0
2024-02-06 00:00:00-05:00,15.220000267028809,16.049999237060547,15.220000267028809,15.479999542236328,113900,0.0,0.0
2024-02-07 00:00:00-05:00,15.479999542236328,16.0,15.479999542236328,15.680000305175781,106800,0.0,0.0
2024-02-08 00:00:00-05:00,15.75,17.09000015258789,13.710000038146973,14.220000267028809,368300,0.0,0.0
2024-02-09 00:00:00-05:00,13.069999694824219,13.100000381469727,11.399999618530273,11.890000343322754,611200,0.0,0.0
2024-02-12 00:00:00-05:00,11.65999984741211,12.510000228881836,11.5,12.229999542236328,365100,0.0,0.0
2024-02-13 00:00:00-05:00,12.260000228881836,12.850000381469727,12.069999694824219,12.699999809265137,151300,0.0,0.0
2024-02-14 00:00:00-05:00,12.59000015258789,12.899999618530273,11.989999771118164,12.039999961853027,85700,0.0,0.0
2024-02-15 00:00:00-05:00,11.9399995803833,12.199999809265137,11.760000228881836,12.100000381469727,76300,0.0,0.0
2024-02-16 00:00:00-05:00,12.149999618530273,12.239999771118164,11.789999961853027,11.979999542236328,77200,0.0,0.0
2024-02-20 00:00:00-05:00,11.90999984741211,12.90999984741211,11.90999984741211,12.680000305175781,152100,0.0,0.0
2024-02-21 00:00:00-05:00,12.630000114440918,13.15999984741211,12.4399995803833,12.630000114440918,76800,0.0,0.0
2024-02-22 00:00:00-05:00,12.640000343322754,12.899999618530273,11.920000076293945,12.329999923706055,83000,0.0,0.0
2024-02-23 00:00:00-05:00,12.279999732971191,12.75,12.109999656677246,12.739999771118164,64900,0.0,0.0
2024-02-26 00:00:00-05:00,12.760000228881836,13.329999923706055,12.760000228881836,13.0,71100,0.0,0.0
2024-02-27 00:00:00-05:00,13.050000190734863,13.199999809265137,12.569999694824219,12.680000305175781,49600,0.0,0.0
2024-02-28 00:00:00-05:00,12.619999885559082,12.699999809265137,12.199999809265137,12.3100004196167,39200,0.0,0.0
2024-02-29 00:00:00-05:00,12.319999694824219,12.59000015258789,12.140000343322754,12.319999694824219,56600,0.0,0.0
2024-03-01 00:00:00-05:00,12.239999771118164,13.109999656677246,12.239999771118164,13.09000015258789,85300,0.0,0.0
2024-03-04 00:00:00-05:00,13.039999961853027,13.420000076293945,12.729999542236328,12.8100004196167,109300,0.0,0.0
2024-03-05 00:00:00-05:00,12.720000267028809,12.850000381469727,12.529999732971191,12.579999923706055,41300,0.0,0.0
2024-03-06 00:00:00-05:00,12.600000381469727,12.899999618530273,12.239999771118164,12.289999961853027,40800,0.0,0.0
2024-03-07 00:00:00-05:00,12.180000305175781,12.420000076293945,12.149999618530273,12.359999656677246,50500,0.0,0.0
2024-03-08 00:00:00-05:00,12.3100004196167,12.34000015258789,11.949999809265137,12.079999923706055,48100,0.0,0.0
2024-03-11 00:00:00-04:00,12.079999923706055,12.130000114440918,11.670000076293945,12.079999923706055,61400,0.0,0.0
2024-03-12 00:00:00-04:00,12.09000015258789,12.15999984741211,11.789999961853027,11.90999984741211,50600,0.0,0.0
2024-03-13 00:00:00-04:00,12.0,12.270000457763672,11.920000076293945,12.109999656677246,30600,0.0,0.0
2024-03-14 00:00:00-04:00,12.170000076293945,12.670000076293945,12.010000228881836,12.65999984741211,46400,0.0,0.0
2024-03-15 00:00:00-04:00,12.720000267028809,12.949999809265137,12.470000267028809,12.489999771118164,79600,0.0,0.0
2024-03-18 00:00:00-04:00,12.510000228881836,12.859999656677246,12.199999809265137,12.470000267028809,52600,0.0,0.0
2024-03-19 00:00:00-04:00,12.470000267028809,12.90999984741211,12.199999809265137,12.59000015258789,71200,0.0,0.0
2024-03-20 00:00:00-04:00,12.520000457763672,12.899999618530273,12.489999771118164,12.8100004196167,40400,0.0,0.0
2024-03-21 00:00:00-04:00,12.8100004196167,13.130000114440918,12.579999923706055,13.079999923706055,52900,0.0,0.0
2024-03-22 00:00:00-04:00,13.100000381469727,14.220000267028809,13.100000381469727,13.699999809265137,124300,0.0,0.0
2024-03-25 00:00:00-04:00,13.539999961853027,13.850000381469727,12.970000267028809,12.970000267028809,102200,0.0,0.0
2024-03-26 00:00:00-04:00,12.979999542236328,13.199999809265137,12.6899995803833,12.6899995803833,91000,0.0,0.0
2024-03-27 00:00:00-04:00,12.6899995803833,13.0600004196167,12.399999618530273,13.039999961853027,51000,0.0,0.0
2024-03-28 00:00:00-04:00,12.819999694824219,13.34000015258789,12.819999694824219,13.1899995803833,27300,0.0,0.0
2024-04-01 00:00:00-04:00,13.149999618530273,13.859999656677246,13.069999694824219,13.619999885559082,71900,0.0,0.0
2024-04-02 00:00:00-04:00,13.760000228881836,13.960000038146973,13.640000343322754,13.869999885559082,41200,0.0,0.0
2024-04-03 00:00:00-04:00,13.960000038146973,14.319999694824219,13.960000038146973,14.020000457763672,47200,0.0,0.0
2024-04-04 00:00:00-04:00,14.170000076293945,14.170000076293945,13.359999656677246,13.649999618530273,57100,0.0,0.0
2024-04-05 00:00:00-04:00,13.770000457763672,14.829999923706055,13.670000076293945,13.989999771118164,77200,0.0,0.0
2024-04-08 00:00:00-04:00,14.15999984741211,14.359999656677246,13.539999961853027,13.539999961853027,35400,0.0,0.0
2024-04-09 00:00:00-04:00,13.619999885559082,13.720000267028809,13.380000114440918,13.380000114440918,56700,0.0,0.0
2024-04-10 00:00:00-04:00,13.180000305175781,13.1899995803833,12.800000190734863,13.140000343322754,65100,0.0,0.0
2024-04-11 00:00:00-04:00,12.670000076293945,13.449999809265137,12.640000343322754,13.449999809265137,42700,0.0,0.0
2024-04-12 00:00:00-04:00,13.539999961853027,13.720000267028809,12.930000305175781,13.130000114440918,39900,0.0,0.0
2024-04-15 00:00:00-04:00,13.0600004196167,13.34000015258789,12.529999732971191,12.819999694824219,59600,0.0,0.0
2024-04-16 00:00:00-04:00,12.850000381469727,12.850000381469727,12.170000076293945,12.369999885559082,48800,0.0,0.0
2024-04-17 00:00:00-04:00,12.5,12.670000076293945,12.109999656677246,12.25,27400,0.0,0.0
2024-04-18 00:00:00-04:00,12.350000381469727,12.5600004196167,12.149999618530273,12.260000228881836,41900,0.0,0.0
2024-04-19 00:00:00-04:00,12.220000267028809,12.5600004196167,12.220000267028809,12.510000228881836,68000,0.0,0.0
2024-04-22 00:00:00-04:00,12.520000457763672,13.069999694824219,12.180000305175781,12.25,78400,0.0,0.0
2024-04-23 00:00:00-04:00,12.100000381469727,12.729999542236328,11.789999961853027,12.529999732971191,49100,0.0,0.0
2024-04-24 00:00:00-04:00,12.3100004196167,12.640000343322754,12.130000114440918,12.479999542236328,33200,0.0,0.0
2024-04-25 00:00:00-04:00,12.5,12.649999618530273,12.239999771118164,12.520000457763672,32500,0.0,0.0
2024-04-26 00:00:00-04:00,12.550000190734863,12.979999542236328,12.550000190734863,12.640000343322754,39600,0.0,0.0
2024-04-29 00:00:00-04:00,12.75,12.890000343322754,12.550000190734863,12.569999694824219,26800,0.0,0.0
2024-04-30 00:00:00-04:00,12.5,12.5,12.140000343322754,12.149999618530273,49200,0.0,0.0
2024-05-01 00:00:00-04:00,12.119999885559082,12.199999809265137,11.8100004196167,11.880000114440918,105100,0.0,0.0
2024-05-02 00:00:00-04:00,11.880000114440918,12.90999984741211,11.880000114440918,12.630000114440918,68200,0.0,0.0
2024-05-03 00:00:00-04:00,12.770000457763672,12.770000457763672,12.5,12.600000381469727,38900,0.0,0.0
2024-05-06 00:00:00-04:00,12.739999771118164,14.119999885559082,12.6899995803833,13.890000343322754,95000,0.0,0.0
2024-05-07 00:00:00-04:00,13.869999885559082,14.149999618530273,13.489999771118164,13.569999694824219,74800,0.0,0.0
2024-05-08 00:00:00-04:00,13.529999732971191,13.850000381469727,13.270000457763672,13.300000190734863,44300,0.0,0.0
2024-05-09 00:00:00-04:00,13.289999961853027,13.760000228881836,13.210000038146973,13.630000114440918,55700,0.0,0.0
2024-05-10 00:00:00-04:00,11.0600004196167,11.399999618530273,10.010000228881836,10.4399995803833,302000,0.0,0.0
2024-05-13 00:00:00-04:00,10.4399995803833,10.449999809265137,9.880000114440918,10.039999961853027,229900,0.0,0.0
2024-05-14 00:00:00-04:00,10.039999961853027,10.470000267028809,9.59000015258789,10.109999656677246,203600,0.0,0.0
2024-05-15 00:00:00-04:00,10.380000114440918,10.460000038146973,9.899999618530273,10.039999961853027,68600,0.0,0.0
2024-05-16 00:00:00-04:00,9.989999771118164,10.59000015258789,9.90999984741211,10.270000457763672,129200,0.0,0.0
2024-05-17 00:00:00-04:00,10.319999694824219,10.319999694824219,9.819999694824219,9.90999984741211,86800,0.0,0.0
2024-05-20 00:00:00-04:00,9.850000381469727,10.149999618530273,9.850000381469727,9.930000305175781,84800,0.0,0.0
2024-05-21 00:00:00-04:00,9.960000038146973,10.260000228881836,9.960000038146973,10.020000457763672,115700,0.0,0.0
2024-05-22 00:00:00-04:00,10.0,10.260000228881836,9.899999618530273,9.920000076293945,74800,0.0,0.0
2024-05-23 00:00:00-04:00,10.020000457763672,10.289999961853027,9.930000305175781,10.050000190734863,73100,0.0,0.0
2024-05-24 00:00:00-04:00,10.020000457763672,10.430000305175781,10.020000457763672,10.15999984741211,92800,0.0,0.0
2024-05-28 00:00:00-04:00,10.470000267028809,10.869999885559082,10.1899995803833,10.34000015258789,157600,0.0,0.0
2024-05-29 00:00:00-04:00,10.130000114440918,10.489999771118164,10.010000228881836,10.0600004196167,87900,0.0,0.0
2024-05-30 00:00:00-04:00,9.989999771118164,10.3100004196167,9.869999885559082,9.930000305175781,64200,0.0,0.0
2024-05-31 00:00:00-04:00,9.989999771118164,10.180000305175781,9.760000228881836,9.859999656677246,55400,0.0,0.0
2024-06-03 00:00:00-04:00,9.850000381469727,10.15999984741211,9.800000190734863,9.930000305175781,100700,0.0,0.0
2024-06-04 00:00:00-04:00,9.869999885559082,10.15999984741211,9.850000381469727,9.979999542236328,107500,0.0,0.0
2024-06-05 00:00:00-04:00,10.0,10.460000038146973,10.0,10.229999542236328,71300,0.0,0.0
2024-06-06 00:00:00-04:00,10.149999618530273,10.369999885559082,9.8100004196167,9.850000381469727,64000,0.0,0.0
2024-06-07 00:00:00-04:00,9.779999732971191,10.34000015258789,9.779999732971191,10.09000015258789,82500,0.0,0.0
2024-06-10 00:00:00-04:00,10.079999923706055,10.520000457763672,10.079999923706055,10.279999732971191,90800,0.0,0.0
2024-06-11 00:00:00-04:00,10.3100004196167,10.460000038146973,10.050000190734863,10.210000038146973,100200,0.0,0.0
2024-06-12 00:00:00-04:00,10.229999542236328,10.5600004196167,10.229999542236328,10.34000015258789,87600,0.0,0.0
2024-06-13 00:00:00-04:00,10.319999694824219,10.489999771118164,9.670000076293945,9.670000076293945,52000,0.0,0.0
2024-06-14 00:00:00-04:00,9.680000305175781,9.760000228881836,9.270000457763672,9.270000457763672,74900,0.0,0.0
2024-06-17 00:00:00-04:00,9.25,9.550000190734863,9.239999771118164,9.420000076293945,50600,0.0,0.0
2024-06-18 00:00:00-04:00,9.489999771118164,9.520000457763672,9.149999618530273,9.15999984741211,77200,0.0,0.0
2024-06-20 00:00:00-04:00,9.210000038146973,9.329999923706055,8.970000267028809,9.0,117400,0.0,0.0
2024-06-21 00:00:00-04:00,9.0,9.039999961853027,8.770000457763672,8.899999618530273,88100,0.0,0.0
2024-06-24 00:00:00-04:00,8.859999656677246,9.029999732971191,8.649999618530273,8.649999618530273,114000,0.0,0.0
2024-06-25 00:00:00-04:00,8.729999542236328,8.949999809265137,8.520000457763672,8.520000457763672,128100,0.0,0.0
2024-06-26 00:00:00-04:00,8.489999771118164,9.079999923706055,8.489999771118164,9.050000190734863,186500,0.0,0.0
2024-06-27 00:00:00-04:00,9.0600004196167,9.350000381469727,8.649999618530273,8.9399995803833,126000,0.0,0.0
2024-06-28 00:00:00-04:00,9.050000190734863,9.270000457763672,8.869999885559082,8.979999542236328,1627400,0.0,0.0
2024-07-01 00:00:00-04:00,9.0600004196167,9.109999656677246,8.8100004196167,8.920000076293945,130900,0.0,0.0
2024-07-02 00:00:00-04:00,8.880000114440918,8.979999542236328,8.84000015258789,8.90999984741211,77300,0.0,0.0
2024-07-03 00:00:00-04:00,9.0,9.40999984741211,8.920000076293945,9.279999732971191,57100,0.0,0.0
2024-07-05 00:00:00-04:00,9.239999771118164,9.260000228881836,8.930000305175781,8.970000267028809,121800,0.0,0.0
2024-07-08 00:00:00-04:00,8.920000076293945,9.069999694824219,8.75,8.970000267028809,93100,0.0,0.0
2024-07-09 00:00:00-04:00,9.069999694824219,9.119999885559082,8.949999809265137,9.079999923706055,48400,0.0,0.0
2024-07-10 00:00:00-04:00,9.180000305175781,9.520000457763672,9.069999694824219,9.390000343322754,63300,0.0,0.0
2024-07-11 00:00:00-04:00,9.510000228881836,9.739999771118164,9.460000038146973,9.600000381469727,108100,0.0,0.0
2024-07-12 00:00:00-04:00,9.680000305175781,9.75,9.399999618530273,9.40999984741211,66900,0.0,0.0
2024-07-15 00:00:00-04:00,9.5600004196167,9.739999771118164,9.489999771118164,9.640000343322754,60800,0.0,0.0
2024-07-16 00:00:00-04:00,9.680000305175781,10.039999961853027,9.680000305175781,9.989999771118164,73700,0.0,0.0
2024-07-17 00:00:00-04:00,10.020000457763672,10.069999694824219,9.449999809265137,9.59000015258789,65000,0.0,0.0
2024-07-18 00:00:00-04:00,9.5600004196167,10.430000305175781,9.3100004196167,9.359999656677246,34000,0.0,0.0
2024-07-19 00:00:00-04:00,9.350000381469727,9.619999885559082,9.010000228881836,9.039999961853027,36900,0.0,0.0
2024-07-22 00:00:00-04:00,9.140000343322754,9.279999732971191,9.0,9.1899995803833,48700,0.0,0.0
2024-07-23 00:00:00-04:00,9.239999771118164,9.680000305175781,9.149999618530273,9.5600004196167,48900,0.0,0.0
2024-07-24 00:00:00-04:00,9.369999885559082,9.6899995803833,9.25,9.300000190734863,50000,0.0,0.0
2024-07-25 00:00:00-04:00,9.369999885559082,9.800000190734863,9.239999771118164,9.649999618530273,45300,0.0,0.0
2024-07-26 00:00:00-04:00,9.699999809265137,9.800000190734863,9.5,9.619999885559082,38900,0.0,0.0
2024-07-29 00:00:00-04:00,9.710000038146973,9.75,8.869999885559082,8.890000343322754,45800,0.0,0.0
2024-07-30 00:00:00-04:00,8.770000457763672,8.960000038146973,8.600000381469727,8.819999694824219,38800,0.0,0.0
2024-07-31 00:00:00-04:00,8.819999694824219,9.449999809265137,8.819999694824219,9.329999923706055,56200,0.0,0.0
2024-08-01 00:00:00-04:00,9.359999656677246,9.399999618530273,8.970000267028809,9.079999923706055,54000,0.0,0.0
2024-08-02 00:00:00-04:00,8.829999923706055,9.079999923706055,8.699999809265137,8.850000381469727,64500,0.0,0.0
2024-08-05 00:00:00-04:00,8.600000381469727,8.760000228881836,8.359999656677246,8.680000305175781,75900,0.0,0.0
2024-08-06 00:00:00-04:00,8.670000076293945,8.710000038146973,8.390000343322754,8.5600004196167,85200,0.0,0.0
2024-08-07 00:00:00-04:00,8.600000381469727,8.779999732971191,8.09000015258789,8.130000114440918,104600,0.0,0.0
2024-08-08 00:00:00-04:00,8.220000267028809,8.550000190734863,8.210000038146973,8.369999885559082,33800,0.0,0.0
2024-08-09 00:00:00-04:00,8.300000190734863,8.779999732971191,8.270000457763672,8.34000015258789,41700,0.0,0.0
2024-08-12 00:00:00-04:00,8.399999618530273,8.710000038146973,8.329999923706055,8.710000038146973,74000,0.0,0.0
2024-08-13 00:00:00-04:00,8.670000076293945,9.170000076293945,8.539999961853027,9.09000015258789,54400,0.0,0.0
2024-08-14 00:00:00-04:00,9.180000305175781,9.359999656677246,9.119999885559082,9.140000343322754,45900,0.0,0.0
2024-08-15 00:00:00-04:00,9.359999656677246,9.770000457763672,9.300000190734863,9.529999732971191,47300,0.0,0.0
2024-08-16 00:00:00-04:00,9.520000457763672,9.779999732971191,9.520000457763672,9.720000267028809,28700,0.0,0.0
2024-08-19 00:00:00-04:00,9.630000114440918,9.9399995803833,9.529999732971191,9.90999984741211,57500,0.0,0.0
2024-08-20 00:00:00-04:00,9.90999984741211,9.90999984741211,9.449999809265137,9.479999542236328,60100,0.0,0.0
2024-08-21 00:00:00-04:00,9.390000343322754,9.65999984741211,9.289999961853027,9.390000343322754,53400,0.0,0.0
2024-08-22 00:00:00-04:00,9.460000038146973,9.600000381469727,9.399999618530273,9.470000267028809,38800,0.0,0.0
2024-08-23 00:00:00-04:00,9.59000015258789,10.170000076293945,9.59000015258789,10.100000381469727,46100,0.0,0.0
2024-08-26 00:00:00-04:00,10.229999542236328,10.3100004196167,10.0,10.050000190734863,42600,0.0,0.0
2024-08-27 00:00:00-04:00,10.069999694824219,10.130000114440918,9.899999618530273,10.0,24200,0.0,0.0
2024-08-28 00:00:00-04:00,10.0,10.199999809265137,9.920000076293945,10.1899995803833,37900,0.0,0.0
2024-08-29 00:00:00-04:00,10.199999809265137,10.460000038146973,10.130000114440918,10.300000190734863,42900,0.0,0.0
2024-08-30 00:00:00-04:00,10.270000457763672,10.670000076293945,10.260000228881836,10.319999694824219,23900,0.0,0.0
2024-09-03 00:00:00-04:00,10.109999656677246,10.109999656677246,9.859999656677246,9.920000076293945,29400,0.0,0.0
2024-09-04 00:00:00-04:00,9.880000114440918,10.130000114440918,9.670000076293945,9.670000076293945,39400,0.0,0.0
2024-09-05 00:00:00-04:00,9.65999984741211,9.869999885559082,9.619999885559082,9.760000228881836,24300,0.0,0.0
2024-09-06 00:00:00-04:00,9.8100004196167,9.979999542236328,9.680000305175781,9.680000305175781,34900,0.0,0.0
2024-09-09 00:00:00-04:00,9.6899995803833,10.140000343322754,9.619999885559082,9.729999542236328,45500,0.0,0.0
2024-09-10 00:00:00-04:00,9.739999771118164,9.880000114440918,9.5600004196167,9.75,39300,0.0,0.0
2024-09-11 00:00:00-04:00,9.720000267028809,9.800000190734863,9.489999771118164,9.6899995803833,25700,0.0,0.0
2024-09-12 00:00:00-04:00,9.800000190734863,10.069999694824219,9.800000190734863,10.0600004196167,22200,0.0,0.0
2024-09-13 00:00:00-04:00,10.1899995803833,10.5,10.140000343322754,10.180000305175781,23300,0.0,0.0
2024-09-16 00:00:00-04:00,10.279999732971191,10.34000015258789,10.0,10.289999961853027,17700,0.0,0.0
2024-09-17 00:00:00-04:00,10.350000381469727,10.59000015258789,10.1899995803833,10.380000114440918,28500,0.0,0.0
2024-09-18 00:00:00-04:00,10.130000114440918,10.699999809265137,10.130000114440918,10.279999732971191,36900,0.0,0.0
2024-09-19 00:00:00-04:00,10.5600004196167,10.8100004196167,10.34000015258789,10.699999809265137,38400,0.0,0.0
2024-09-20 00:00:00-04:00,10.550000190734863,10.65999984741211,10.350000381469727,10.449999809265137,118900,0.0,0.0
2024-09-23 00:00:00-04:00,10.489999771118164,10.5,10.010000228881836,10.1899995803833,30000,0.0,0.0
2024-09-24 00:00:00-04:00,10.319999694824219,10.380000114440918,10.140000343322754,10.359999656677246,35700,0.0,0.0
2024-09-25 00:00:00-04:00,10.319999694824219,10.34000015258789,10.069999694824219,10.170000076293945,87700,0.0,0.0
2024-09-26 00:00:00-04:00,10.170000076293945,10.170000076293945,9.880000114440918,9.899999618530273,150400,0.0,0.0
2024-09-27 00:00:00-04:00,9.90999984741211,10.359999656677246,9.859999656677246,10.34000015258789,42000,0.0,0.0
2024-09-30 00:00:00-04:00,10.289999961853027,10.449999809265137,10.260000228881836,10.34000015258789,33900,0.0,0.0
2024-10-01 00:00:00-04:00,10.239999771118164,10.59000015258789,10.229999542236328,10.380000114440918,37600,0.0,0.0
2024-10-02 00:00:00-04:00,10.399999618530273,10.739999771118164,10.399999618530273,10.420000076293945,29500,0.0,0.0
2024-10-03 00:00:00-04:00,10.350000381469727,10.699999809265137,10.100000381469727,10.260000228881836,77600,0.0,0.0
2024-10-04 00:00:00-04:00,10.470000267028809,10.739999771118164,10.329999923706055,10.739999771118164,17500,0.0,0.0
2024-10-07 00:00:00-04:00,10.739999771118164,11.09000015258789,10.479999542236328,10.5,33200,0.0,0.0
2024-10-08 00:00:00-04:00,10.489999771118164,10.609999656677246,10.220000267028809,10.3100004196167,29800,0.0,0.0
2024-10-09 00:00:00-04:00,10.25,10.510000228881836,10.149999618530273,10.390000343322754,18900,0.0,0.0
2024-10-10 00:00:00-04:00,10.359999656677246,10.489999771118164,10.34000015258789,10.350000381469727,13700,0.0,0.0
2024-10-11 00:00:00-04:00,10.350000381469727,10.550000190734863,10.350000381469727,10.479999542236328,18700,0.0,0.0
2024-10-14 00:00:00-04:00,10.460000038146973,10.670000076293945,10.34000015258789,10.470000267028809,25600,0.0,0.0
2024-10-15 00:00:00-04:00,10.479999542236328,10.579999923706055,10.149999618530273,10.239999771118164,32200,0.0,0.0
2024-10-16 00:00:00-04:00,10.34000015258789,10.6899995803833,10.3100004196167,10.59000015258789,30400,0.0,0.0
2024-10-17 00:00:00-04:00,10.609999656677246,10.9399995803833,10.600000381469727,10.920000076293945,24600,0.0,0.0
2024-10-18 00:00:00-04:00,10.899999618530273,11.579999923706055,10.84000015258789,11.229999542236328,60600,0.0,0.0
2024-10-21 00:00:00-04:00,11.329999923706055,11.5600004196167,11.220000267028809,11.229999542236328,42200,0.0,0.0
2024-10-22 00:00:00-04:00,11.279999732971191,11.619999885559082,11.0600004196167,11.0600004196167,36900,0.0,0.0
2024-10-23 00:00:00-04:00,11.029999732971191,11.270000457763672,10.920000076293945,11.25,19700,0.0,0.0
2024-10-24 00:00:00-04:00,11.199999809265137,11.329999923706055,10.979999542236328,11.029999732971191,18900,0.0,0.0
2024-10-25 00:00:00-04:00,11.170000076293945,11.4399995803833,11.170000076293945,11.239999771118164,21200,0.0,0.0
2024-10-28 00:00:00-04:00,11.239999771118164,11.569999694824219,11.1899995803833,11.449999809265137,17500,0.0,0.0
2024-10-29 00:00:00-04:00,11.40999984741211,11.550000190734863,11.199999809265137,11.369999885559082,21100,0.0,0.0
2024-10-30 00:00:00-04:00,11.4399995803833,11.869999885559082,11.359999656677246,11.600000381469727,24800,0.0,0.0
2024-10-31 00:00:00-04:00,11.65999984741211,11.65999984741211,11.119999885559082,11.199999809265137,23700,0.0,0.0
2024-11-01 00:00:00-04:00,11.350000381469727,11.350000381469727,11.130000114440918,11.300000190734863,18700,0.0,0.0
2024-11-04 00:00:00-05:00,11.3100004196167,11.699999809265137,11.3100004196167,11.699999809265137,25700,0.0,0.0
2024-11-05 00:00:00-05:00,11.520000457763672,12.260000228881836,11.520000457763672,12.260000228881836,23000,0.0,0.0
2024-11-06 00:00:00-05:00,12.979999542236328,13.720000267028809,12.850000381469727,13.470000267028809,84400,0.0,0.0
2024-11-07 00:00:00-05:00,13.569999694824219,13.579999923706055,13.109999656677246,13.130000114440918,41900,0.0,0.0
2024-11-08 00:00:00-05:00,13.09000015258789,13.40999984741211,13.050000190734863,13.25,44500,0.0,0.0
2024-11-11 00:00:00-05:00,13.40999984741211,13.6899995803833,13.170000076293945,13.630000114440918,37300,0.0,0.0
2024-11-12 00:00:00-05:00,13.579999923706055,13.710000038146973,12.720000267028809,13.0600004196167,45000,0.0,0.0
2024-11-13 00:00:00-05:00,13.199999809265137,13.770000457763672,13.199999809265137,13.430000305175781,33100,0.0,0.0
2024-11-14 00:00:00-05:00,13.600000381469727,13.789999961853027,13.25,13.640000343322754,30700,0.0,0.0
2024-11-15 00:00:00-05:00,13.579999923706055,13.579999923706055,12.630000114440918,12.6899995803833,60500,0.0,0.0
2024-11-18 00:00:00-05:00,12.84000015258789,13.079999923706055,12.460000038146973,12.619999885559082,34200,0.0,0.0
2024-11-19 00:00:00-05:00,12.600000381469727,12.720000267028809,12.15999984741211,12.329999923706055,29600,0.0,0.0
2024-11-20 00:00:00-05:00,12.619999885559082,12.729999542236328,12.09000015258789,12.430000305175781,40900,0.0,0.0
2024-11-21 00:00:00-05:00,12.579999923706055,13.710000038146973,12.579999923706055,13.619999885559082,68700,0.0,0.0
2024-11-22 00:00:00-05:00,12.75,12.75,10.010000228881836,11.270000457763672,220100,0.0,0.0
2024-11-25 00:00:00-05:00,11.270000457763672,11.630000114440918,10.699999809265137,10.84000015258789,74600,0.0,0.0
2024-11-26 00:00:00-05:00,10.979999542236328,11.3100004196167,10.739999771118164,10.989999771118164,72400,0.0,0.0
2024-11-27 00:00:00-05:00,11.100000381469727,11.100000381469727,10.489999771118164,10.529999732971191,40300,0.0,0.0
2024-11-29 00:00:00-05:00,10.539999961853027,11.09000015258789,10.100000381469727,10.739999771118164,32600,0.0,0.0
2024-12-02 00:00:00-05:00,10.739999771118164,11.460000038146973,10.460000038146973,10.859999656677246,41300,0.0,0.0
2024-12-03 00:00:00-05:00,11.09000015258789,11.25,10.75,10.819999694824219,48400,0.0,0.0
2024-12-04 00:00:00-05:00,10.899999618530273,11.039999961853027,10.6899995803833,10.960000038146973,32700,0.0,0.0
2024-12-05 00:00:00-05:00,11.0,11.1899995803833,10.9399995803833,10.970000267028809,36900,0.0,0.0
2024-12-06 00:00:00-05:00,10.970000267028809,11.069999694824219,10.420000076293945,10.569999694824219,55700,0.0,0.0
2024-12-09 00:00:00-05:00,10.529999732971191,10.819999694824219,10.350000381469727,10.359999656677246,39300,0.0,0.0
2024-12-10 00:00:00-05:00,10.34000015258789,10.789999961853027,10.34000015258789,10.5600004196167,52400,0.0,0.0
2024-12-11 00:00:00-05:00,10.649999618530273,10.800000190734863,10.289999961853027,10.40999984741211,43100,0.0,0.0
2024-12-12 00:00:00-05:00,10.5,10.770000457763672,10.25,10.350000381469727,34600,0.0,0.0
2024-12-13 00:00:00-05:00,10.359999656677246,10.470000267028809,9.930000305175781,10.039999961853027,50800,0.0,0.0
2024-12-16 00:00:00-05:00,10.09000015258789,10.529999732971191,9.880000114440918,10.350000381469727,48000,0.0,0.0
2024-12-17 00:00:00-05:00,10.140000343322754,10.4399995803833,10.020000457763672,10.229999542236328,57300,0.0,0.0
2024-12-18 00:00:00-05:00,10.199999809265137,10.670000076293945,9.680000305175781,9.699999809265137,53500,0.0,0.0
2024-12-19 00:00:00-05:00,9.84000015258789,10.300000190734863,9.789999961853027,9.880000114440918,45900,0.0,0.0
2024-12-20 00:00:00-05:00,9.789999961853027,10.350000381469727,9.789999961853027,9.970000267028809,92300,0.0,0.0
2024-12-23 00:00:00-05:00,9.949999809265137,10.229999542236328,9.949999809265137,10.010000228881836,34000,0.0,0.0
2024-12-24 00:00:00-05:00,10.229999542236328,10.3100004196167,9.949999809265137,10.170000076293945,24700,0.0,0.0
2024-12-26 00:00:00-05:00,10.1899995803833,10.5,10.119999885559082,10.329999923706055,37200,0.0,0.0
2024-12-27 00:00:00-05:00,10.260000228881836,10.399999618530273,10.0,10.09000015258789,41500,0.0,0.0
2024-12-30 00:00:00-05:00,10.109999656677246,10.229999542236328,9.989999771118164,10.130000114440918,32700,0.0,0.0
2024-12-31 00:00:00-05:00,10.119999885559082,10.470000267028809,9.989999771118164,10.020000457763672,54900,0.0,0.0
2025-01-02 00:00:00-05:00,10.199999809265137,10.460000038146973,9.970000267028809,10.0600004196167,39600,0.0,0.0
2025-01-03 00:00:00-05:00,10.199999809265137,10.460000038146973,10.050000190734863,10.109999656677246,38900,0.0,0.0
2025-01-06 00:00:00-05:00,10.260000228881836,10.260000228881836,9.850000381469727,9.9399995803833,66300,0.0,0.0
2025-01-07 00:00:00-05:00,9.869999885559082,10.09000015258789,9.850000381469727,9.970000267028809,51700,0.0,0.0
2025-01-08 00:00:00-05:00,9.880000114440918,10.039999961853027,9.800000190734863,9.930000305175781,36100,0.0,0.0
2025-01-10 00:00:00-05:00,9.90999984741211,9.949999809265137,9.760000228881836,9.779999732971191,33100,0.0,0.0
2025-01-13 00:00:00-05:00,9.880000114440918,9.960000038146973,9.770000457763672,9.880000114440918,46500,0.0,0.0
2025-01-14 00:00:00-05:00,10.0,10.109999656677246,9.9399995803833,10.050000190734863,30900,0.0,0.0
2025-01-15 00:00:00-05:00,10.109999656677246,10.279999732971191,9.949999809265137,10.140000343322754,44100,0.0,0.0
2025-01-16 00:00:00-05:00,10.25,10.25,9.890000343322754,9.90999984741211,39100,0.0,0.0
2025-01-17 00:00:00-05:00,9.989999771118164,10.09000015258789,9.600000381469727,9.739999771118164,30200,0.0,0.0
2025-01-21 00:00:00-05:00,9.8100004196167,10.079999923706055,9.600000381469727,9.84000015258789,81700,0.0,0.0
2025-01-22 00:00:00-05:00,9.850000381469727,9.850000381469727,9.420000076293945,9.449999809265137,41300,0.0,0.0
2025-01-23 00:00:00-05:00,9.460000038146973,9.720000267028809,9.430000305175781,9.630000114440918,43500,0.0,0.0
2025-01-24 00:00:00-05:00,9.529999732971191,9.770000457763672,9.414999961853027,9.600000381469727,29934,0.0,0.0
