Date,Open,High,Low,Close,Volume,Dividends,Stock Splits
2022-01-03 00:00:00-05:00,68.52999877929688,70.33000183105469,67.7699966430664,70.16999816894531,7049900,0.0,0.0
2022-01-04 00:00:00-05:00,70.55000305175781,71.26000213623047,67.33000183105469,70.94999694824219,7792100,0.0,0.0
2022-01-05 00:00:00-05:00,69.66000366210938,70.5999984741211,66.97000122070312,67.41999816894531,7227200,0.0,0.0
2022-01-06 00:00:00-05:00,67.41999816894531,68.55999755859375,65.9000015258789,67.25,5442700,0.0,0.0
2022-01-07 00:00:00-05:00,67.5,68.4800033569336,64.18000030517578,64.55999755859375,6794400,0.0,0.0
2022-01-10 00:00:00-05:00,63.0099983215332,65.20999908447266,61.66999816894531,65.12000274658203,6096500,0.0,0.0
2022-01-11 00:00:00-05:00,65.06999969482422,66.18000030517578,64.5,65.93000030517578,4907900,0.0,0.0
2022-01-12 00:00:00-05:00,66.86000061035156,68.0199966430664,65.97000122070312,66.48999786376953,5361400,0.0,0.0
2022-01-13 00:00:00-05:00,67.5199966430664,68.19999694824219,64.47000122070312,64.63999938964844,6707900,0.0,0.0
2022-01-14 00:00:00-05:00,63.83000183105469,66.2699966430664,63.619998931884766,66.19999694824219,5890500,0.0,0.0
2022-01-18 00:00:00-05:00,64.05999755859375,65.0999984741211,62.869998931884766,63.029998779296875,6494600,0.0,0.0
2022-01-19 00:00:00-05:00,63.41999816894531,63.61000061035156,58.88999938964844,59.0099983215332,8193100,0.0,0.0
2022-01-20 00:00:00-05:00,59.43000030517578,59.779998779296875,55.40999984741211,55.540000915527344,8818800,0.0,0.0
2022-01-21 00:00:00-05:00,55.20000076293945,57.58000183105469,54.599998474121094,54.72999954223633,8791100,0.0,0.0
2022-01-24 00:00:00-05:00,53.150001525878906,55.470001220703125,51.02000045776367,55.34000015258789,10170400,0.0,0.0
2022-01-25 00:00:00-05:00,53.27000045776367,55.41999816894531,52.970001220703125,53.31999969482422,8274200,0.0,0.0
2022-01-26 00:00:00-05:00,56.060001373291016,58.619998931884766,54.7400016784668,55.7599983215332,11956500,0.0,0.0
2022-01-27 00:00:00-05:00,56.400001525878906,58.0,53.060001373291016,53.66999816894531,8619100,0.0,0.0
2022-01-28 00:00:00-05:00,53.119998931884766,54.220001220703125,51.2599983215332,53.7599983215332,9879600,0.0,0.0
2022-01-31 00:00:00-05:00,54.970001220703125,59.02000045776367,54.599998474121094,59.0,9784500,0.0,0.0
2022-02-01 00:00:00-05:00,59.33000183105469,59.7400016784668,57.75,59.650001525878906,5488600,0.0,0.0
2022-02-02 00:00:00-05:00,60.599998474121094,61.33000183105469,59.20000076293945,61.08000183105469,7742600,0.0,0.0
2022-02-03 00:00:00-05:00,58.7599983215332,59.560001373291016,56.150001525878906,56.209999084472656,7940100,0.0,0.0
2022-02-04 00:00:00-05:00,56.43000030517578,57.900001525878906,55.25,57.41999816894531,10144000,0.0,0.0
2022-02-07 00:00:00-05:00,59.880001068115234,64.22000122070312,59.310001373291016,62.2599983215332,20500400,0.0,0.0
2022-02-08 00:00:00-05:00,62.130001068115234,66.66000366210938,61.619998931884766,65.97000122070312,11581700,0.0,0.0
2022-02-09 00:00:00-05:00,66.2699966430664,67.12999725341797,64.62999725341797,67.08000183105469,9830500,0.0,0.0
2022-02-10 00:00:00-05:00,65.5999984741211,67.01000213623047,62.970001220703125,63.41999816894531,9463400,0.0,0.0
2022-02-11 00:00:00-05:00,63.43000030517578,63.720001220703125,58.310001373291016,58.970001220703125,12377900,0.0,0.0
2022-02-14 00:00:00-05:00,59.29999923706055,60.70000076293945,57.86000061035156,58.65999984741211,6847600,0.0,0.0
2022-02-15 00:00:00-05:00,59.88999938964844,62.33000183105469,59.88999938964844,62.2400016784668,6386200,0.0,0.0
2022-02-16 00:00:00-05:00,61.369998931884766,63.79999923706055,60.86000061035156,63.11000061035156,4197500,0.0,0.0
2022-02-17 00:00:00-05:00,61.790000915527344,61.9900016784668,59.97999954223633,60.189998626708984,6399800,0.0,0.0
2022-02-18 00:00:00-05:00,60.36000061035156,61.2599983215332,59.209999084472656,60.20000076293945,4596000,0.0,0.0
2022-02-22 00:00:00-05:00,58.810001373291016,60.880001068115234,57.349998474121094,58.439998626708984,7242700,0.0,0.0
2022-02-23 00:00:00-05:00,59.47999954223633,61.130001068115234,57.54999923706055,57.75,6119200,0.0,0.0
2022-02-24 00:00:00-05:00,54.880001068115234,61.290000915527344,54.470001220703125,61.08000183105469,7450300,0.0,0.0
2022-02-25 00:00:00-05:00,61.0,63.560001373291016,60.029998779296875,63.5,6917500,0.0,0.0
2022-02-28 00:00:00-05:00,61.81999969482422,63.119998931884766,61.029998779296875,62.61000061035156,6777000,0.0,0.0
2022-03-01 00:00:00-05:00,62.5099983215332,63.41999816894531,58.90999984741211,59.650001525878906,7336900,0.0,0.0
2022-03-02 00:00:00-05:00,60.54999923706055,63.33000183105469,60.33000183105469,62.869998931884766,6254200,0.0,0.0
2022-03-03 00:00:00-05:00,62.290000915527344,63.29999923706055,61.16999816894531,61.5099983215332,5651900,0.0,0.0
2022-03-04 00:00:00-05:00,60.18000030517578,61.0099983215332,57.27000045776367,58.33000183105469,6569300,0.0,0.0
2022-03-07 00:00:00-05:00,58.099998474121094,58.88999938964844,53.5,53.52000045776367,10019300,0.0,0.0
2022-03-08 00:00:00-05:00,54.2599983215332,58.43000030517578,53.0099983215332,55.790000915527344,7527100,0.0,0.0
2022-03-09 00:00:00-05:00,58.380001068115234,58.939998626708984,57.13999938964844,58.43000030517578,5593500,0.0,0.0
2022-03-10 00:00:00-05:00,57.06999969482422,58.0,56.0,57.630001068115234,2999100,0.0,0.0
2022-03-11 00:00:00-05:00,58.38999938964844,58.70000076293945,55.810001373291016,55.88999938964844,4233200,0.0,0.0
2022-03-14 00:00:00-04:00,55.400001525878906,56.220001220703125,53.279998779296875,53.90999984741211,6042900,0.0,0.0
2022-03-15 00:00:00-04:00,53.619998931884766,56.81999969482422,53.150001525878906,56.65999984741211,5979400,0.0,0.0
2022-03-16 00:00:00-04:00,57.77000045776367,60.65999984741211,57.310001373291016,60.11000061035156,6352400,0.0,0.0
2022-03-17 00:00:00-04:00,59.310001373291016,60.790000915527344,58.5,60.7599983215332,4880600,0.0,0.0
2022-03-18 00:00:00-04:00,60.02000045776367,62.36000061035156,59.709999084472656,61.93000030517578,10766100,0.0,0.0
2022-03-21 00:00:00-04:00,61.130001068115234,62.720001220703125,60.65999984741211,61.93000030517578,4694300,0.0,0.0
2022-03-22 00:00:00-04:00,61.68000030517578,63.310001373291016,60.93000030517578,62.18000030517578,5471700,0.0,0.0
2022-03-23 00:00:00-04:00,61.900001525878906,62.25,60.08000183105469,60.38999938964844,4109000,0.0,0.0
2022-03-24 00:00:00-04:00,61.189998626708984,63.77000045776367,60.439998626708984,63.58000183105469,7553400,0.0,0.0
2022-03-25 00:00:00-04:00,63.599998474121094,63.95000076293945,61.72999954223633,63.810001373291016,6187700,0.0,0.0
2022-03-28 00:00:00-04:00,63.66999816894531,65.4000015258789,62.959999084472656,65.31999969482422,6483000,0.0,0.0
2022-03-29 00:00:00-04:00,67.1500015258789,68.69999694824219,65.72000122070312,67.36000061035156,7137200,0.0,0.0
2022-03-30 00:00:00-04:00,67.18000030517578,67.18000030517578,64.05000305175781,64.43000030517578,5658300,0.0,0.0
2022-03-31 00:00:00-04:00,64.38999938964844,65.37999725341797,62.529998779296875,62.61000061035156,6176400,0.0,0.0
2022-04-01 00:00:00-04:00,63.16999816894531,63.310001373291016,58.5099983215332,59.630001068115234,7009300,0.0,0.0
2022-04-04 00:00:00-04:00,60.029998779296875,60.70000076293945,58.630001068115234,59.59000015258789,7772800,0.0,0.0
2022-04-05 00:00:00-04:00,59.0,59.25,55.56999969482422,55.70000076293945,9531600,0.0,0.0
2022-04-06 00:00:00-04:00,54.529998779296875,54.97999954223633,53.0099983215332,53.70000076293945,8652700,0.0,0.0
2022-04-07 00:00:00-04:00,54.06999969482422,55.150001525878906,52.70000076293945,54.09000015258789,5857200,0.0,0.0
2022-04-08 00:00:00-04:00,53.439998626708984,54.0,52.150001525878906,52.72999954223633,5967100,0.0,0.0
2022-04-11 00:00:00-04:00,51.779998779296875,53.97999954223633,51.54999923706055,52.33000183105469,6789200,0.0,0.0
2022-04-12 00:00:00-04:00,54.0,55.040000915527344,52.810001373291016,53.13999938964844,6967200,0.0,0.0
2022-04-13 00:00:00-04:00,53.45000076293945,54.86000061035156,52.79999923706055,54.25,4001200,0.0,0.0
2022-04-14 00:00:00-04:00,54.33000183105469,54.52000045776367,53.2400016784668,53.2599983215332,3942600,0.0,0.0
2022-04-18 00:00:00-04:00,52.959999084472656,55.43000030517578,52.83000183105469,54.56999969482422,4539000,0.0,0.0
2022-04-19 00:00:00-04:00,54.869998931884766,56.45000076293945,54.58000183105469,56.380001068115234,4454100,0.0,0.0
2022-04-20 00:00:00-04:00,57.04999923706055,57.70000076293945,55.33000183105469,55.400001525878906,4904400,0.0,0.0
2022-04-21 00:00:00-04:00,56.459999084472656,57.470001220703125,52.849998474121094,53.2599983215332,6366000,0.0,0.0
2022-04-22 00:00:00-04:00,53.20000076293945,53.630001068115234,51.560001373291016,51.779998779296875,5455800,0.0,0.0
2022-04-25 00:00:00-04:00,51.45000076293945,53.529998779296875,51.06999969482422,53.47999954223633,4328600,0.0,0.0
2022-04-26 00:00:00-04:00,52.86000061035156,53.27000045776367,51.29999923706055,51.36000061035156,4327900,0.0,0.0
2022-04-27 00:00:00-04:00,50.84000015258789,52.81999969482422,50.599998474121094,51.209999084472656,4782400,0.0,0.0
2022-04-28 00:00:00-04:00,52.5,54.9900016784668,51.599998474121094,54.47999954223633,6440900,0.0,0.0
2022-04-29 00:00:00-04:00,53.61000061035156,55.22999954223633,51.970001220703125,52.11000061035156,6886300,0.0,0.0
2022-05-02 00:00:00-04:00,53.869998931884766,55.79999923706055,52.25,55.619998931884766,11364100,0.0,0.0
2022-05-03 00:00:00-04:00,55.619998931884766,57.279998779296875,54.91999816894531,56.5099983215332,6933300,0.0,0.0
2022-05-04 00:00:00-04:00,57.0,58.93000030517578,54.810001373291016,58.91999816894531,6496400,0.0,0.0
2022-05-05 00:00:00-04:00,57.79999923706055,57.90999984741211,54.349998474121094,55.22999954223633,8606300,0.0,0.0
2022-05-06 00:00:00-04:00,55.25,56.040000915527344,53.040000915527344,55.130001068115234,5843500,0.0,0.0
2022-05-09 00:00:00-04:00,53.54999923706055,54.599998474121094,50.56999969482422,50.81999969482422,7720500,0.0,0.0
2022-05-10 00:00:00-04:00,52.099998474121094,54.91999816894531,51.40999984741211,53.869998931884766,10675600,0.0,0.0
2022-05-11 00:00:00-04:00,52.869998931884766,55.349998474121094,51.63999938964844,51.77000045776367,6716200,0.0,0.0
2022-05-12 00:00:00-04:00,52.0,53.45000076293945,50.939998626708984,52.97999954223633,5759800,0.0,0.0
2022-05-13 00:00:00-04:00,54.349998474121094,56.619998931884766,54.099998474121094,56.18000030517578,6291200,0.0,0.0
2022-05-16 00:00:00-04:00,55.189998626708984,56.209999084472656,54.66999816894531,55.150001525878906,3798000,0.0,0.0
2022-05-17 00:00:00-04:00,56.68000030517578,58.66999816894531,56.58000183105469,58.5,5976600,0.0,0.0
2022-05-18 00:00:00-04:00,57.31999969482422,59.06999969482422,55.33000183105469,55.83000183105469,6296700,0.0,0.0
2022-05-19 00:00:00-04:00,55.20000076293945,57.33000183105469,54.970001220703125,56.06999969482422,4941900,0.0,0.0
2022-05-20 00:00:00-04:00,57.540000915527344,57.650001525878906,53.849998474121094,56.459999084472656,6272100,0.0,0.0
2022-05-23 00:00:00-04:00,56.36000061035156,56.880001068115234,54.52000045776367,55.88999938964844,4018700,0.0,0.0
2022-05-24 00:00:00-04:00,54.779998779296875,55.31999969482422,53.560001373291016,54.5,4998800,0.0,0.0
2022-05-25 00:00:00-04:00,53.84000015258789,56.90999984741211,53.77000045776367,56.2400016784668,4124900,0.0,0.0
2022-05-26 00:00:00-04:00,55.650001525878906,59.540000915527344,55.5,59.33000183105469,5348700,0.0,0.0
2022-05-27 00:00:00-04:00,59.90999984741211,61.16999816894531,59.849998474121094,61.13999938964844,6779200,0.0,0.0
2022-05-31 00:00:00-04:00,60.970001220703125,61.84000015258789,59.43000030517578,60.68000030517578,7175000,0.0,0.0
2022-06-01 00:00:00-04:00,61.22999954223633,61.70000076293945,58.290000915527344,59.27000045776367,5488400,0.0,0.0
2022-06-02 00:00:00-04:00,59.0099983215332,63.849998474121094,58.900001525878906,63.59000015258789,9046100,0.0,0.0
2022-06-03 00:00:00-04:00,61.939998626708984,63.13999938964844,60.90999984741211,62.939998626708984,7173300,0.0,0.0
2022-06-06 00:00:00-04:00,67.16000366210938,67.19000244140625,64.08000183105469,66.01000213623047,21894800,0.0,0.0
2022-06-07 00:00:00-04:00,65.0,65.77999877929688,64.41000366210938,65.4800033569336,8354900,0.0,0.0
2022-06-08 00:00:00-04:00,64.94999694824219,65.77999877929688,63.63999938964844,63.810001373291016,8190800,0.0,0.0
2022-06-09 00:00:00-04:00,63.150001525878906,64.80999755859375,62.61000061035156,62.65999984741211,9903200,0.0,0.0
2022-06-10 00:00:00-04:00,60.349998474121094,62.02000045776367,59.650001525878906,60.13999938964844,9224700,0.0,0.0
2022-06-13 00:00:00-04:00,57.72999954223633,58.529998779296875,55.369998931884766,56.06999969482422,10050800,0.0,0.0
2022-06-14 00:00:00-04:00,56.54999923706055,57.38999938964844,55.900001525878906,56.650001525878906,7494600,0.0,0.0
2022-06-15 00:00:00-04:00,57.13999938964844,59.0,56.369998931884766,58.040000915527344,9288700,0.0,0.0
2022-06-16 00:00:00-04:00,56.220001220703125,56.34000015258789,52.0,53.459999084472656,17643400,0.0,0.0
2022-06-17 00:00:00-04:00,53.779998779296875,54.02000045776367,50.88999938964844,52.459999084472656,93180900,0.0,0.0
2022-06-21 00:00:00-04:00,53.22999954223633,53.970001220703125,51.86000061035156,51.95000076293945,11186900,0.0,0.0
2022-06-22 00:00:00-04:00,50.90999984741211,52.04999923706055,49.79999923706055,51.0099983215332,9494400,0.0,0.0
2022-06-23 00:00:00-04:00,51.060001373291016,51.20000076293945,49.81999969482422,50.470001220703125,8182700,0.0,0.0
2022-06-24 00:00:00-04:00,51.619998931884766,53.130001068115234,51.060001373291016,52.970001220703125,9146600,0.0,0.0
2022-06-27 00:00:00-04:00,53.93000030517578,54.81999969482422,52.54999923706055,54.16999816894531,6440200,0.0,0.0
2022-06-28 00:00:00-04:00,54.25,55.58000183105469,52.47999954223633,52.810001373291016,6714800,0.0,0.0
2022-06-29 00:00:00-04:00,52.150001525878906,52.18000030517578,50.2400016784668,51.119998931884766,6450600,0.0,0.0
2022-06-30 00:00:00-04:00,50.150001525878906,51.47999954223633,49.349998474121094,50.310001373291016,6871900,0.0,0.0
2022-07-01 00:00:00-04:00,49.290000915527344,49.5,46.560001373291016,46.84000015258789,11224400,0.0,0.0
2022-07-05 00:00:00-04:00,45.209999084472656,47.34000015258789,44.7599983215332,47.29999923706055,7770800,0.0,0.0
2022-07-06 00:00:00-04:00,47.369998931884766,48.040000915527344,45.970001220703125,47.61000061035156,7668800,0.0,0.0
2022-07-07 00:00:00-04:00,49.41999816894531,52.4900016784668,49.349998474121094,52.0099983215332,9846700,0.0,0.0
2022-07-08 00:00:00-04:00,51.20000076293945,53.93000030517578,51.02000045776367,53.470001220703125,7080000,0.0,0.0
2022-07-11 00:00:00-04:00,52.970001220703125,53.59000015258789,52.380001068115234,52.599998474121094,7490500,0.0,0.0
2022-07-12 00:00:00-04:00,52.66999816894531,53.59000015258789,52.29999923706055,52.77000045776367,4474200,0.0,0.0
2022-07-13 00:00:00-04:00,51.5,53.41999816894531,50.810001373291016,52.47999954223633,5664100,0.0,0.0
2022-07-14 00:00:00-04:00,52.2400016784668,54.09000015258789,51.189998626708984,54.04999923706055,5358100,0.0,0.0
2022-07-15 00:00:00-04:00,54.310001373291016,56.11000061035156,53.58000183105469,56.06999969482422,7055200,0.0,0.0
2022-07-18 00:00:00-04:00,57.189998626708984,57.189998626708984,54.54999923706055,54.95000076293945,6459800,0.0,0.0
2022-07-19 00:00:00-04:00,55.88999938964844,59.060001373291016,55.79999923706055,58.779998779296875,9855800,0.0,0.0
2022-07-20 00:00:00-04:00,58.619998931884766,60.54999923706055,57.75,60.09000015258789,7305700,0.0,0.0
2022-07-21 00:00:00-04:00,60.0,61.209999084472656,59.290000915527344,61.16999816894531,4519400,0.0,0.0
2022-07-22 00:00:00-04:00,61.279998779296875,61.349998474121094,58.790000915527344,59.41999816894531,5484000,0.0,0.0
2022-07-25 00:00:00-04:00,59.16999816894531,59.84000015258789,58.45000076293945,59.34000015258789,3483500,0.0,0.0
2022-07-26 00:00:00-04:00,58.849998474121094,60.119998931884766,58.08000183105469,58.25,4666300,0.0,0.0
2022-07-27 00:00:00-04:00,60.0,63.040000915527344,59.720001220703125,62.5099983215332,7814400,0.0,0.0
2022-07-28 00:00:00-04:00,62.869998931884766,64.68000030517578,61.84000015258789,64.55999755859375,6430900,0.0,0.0
2022-07-29 00:00:00-04:00,63.36000061035156,66.98999786376953,63.25,66.77999877929688,9698600,0.0,0.0
2022-08-01 00:00:00-04:00,64.26000213623047,66.79000091552734,62.63999938964844,63.65999984741211,16129300,0.0,0.0
2022-08-02 00:00:00-04:00,64.44999694824219,67.70999908447266,63.040000915527344,65.58999633789062,10420400,0.0,0.0
2022-08-03 00:00:00-04:00,65.9000015258789,69.26000213623047,65.54000091552734,68.83000183105469,8866700,0.0,0.0
2022-08-04 00:00:00-04:00,68.3499984741211,68.98999786376953,67.61000061035156,68.05000305175781,6202000,0.0,0.0
2022-08-05 00:00:00-04:00,66.81999969482422,68.19999694824219,65.80000305175781,67.62999725341797,7299500,0.0,0.0
2022-08-08 00:00:00-04:00,66.95999908447266,68.13999938964844,66.37999725341797,67.33999633789062,6283500,0.0,0.0
2022-08-09 00:00:00-04:00,65.33999633789062,65.47000122070312,61.720001220703125,63.08000183105469,11019400,0.0,0.0
2022-08-10 00:00:00-04:00,64.94000244140625,66.58999633789062,63.720001220703125,66.19999694824219,8889100,0.0,0.0
2022-08-11 00:00:00-04:00,66.87999725341797,68.73999786376953,65.9000015258789,66.36000061035156,7466100,0.0,0.0
2022-08-12 00:00:00-04:00,67.0,71.9800033569336,66.44999694824219,71.16000366210938,13408600,0.0,0.0
2022-08-15 00:00:00-04:00,70.0199966430664,72.1500015258789,69.94000244140625,71.23999786376953,5713000,0.0,0.0
2022-08-16 00:00:00-04:00,71.0,71.5,69.76000213623047,70.70999908447266,4728400,0.0,0.0
2022-08-17 00:00:00-04:00,69.18000030517578,69.29000091552734,66.76000213623047,68.29000091552734,8593600,0.0,0.0
2022-08-18 00:00:00-04:00,69.16999816894531,75.26000213623047,68.51000213623047,73.25,18696600,0.0,0.0
2022-08-19 00:00:00-04:00,71.83999633789062,73.48999786376953,71.3499984741211,72.52999877929688,9334900,0.0,0.0
2022-08-22 00:00:00-04:00,70.33000183105469,70.6500015258789,68.52999877929688,68.80000305175781,7528100,0.0,0.0
2022-08-23 00:00:00-04:00,69.12999725341797,71.5199966430664,69.12999725341797,71.25,5542300,0.0,0.0
2022-08-24 00:00:00-04:00,70.91000366210938,72.26000213623047,70.43000030517578,72.02999877929688,4300000,0.0,0.0
2022-08-25 00:00:00-04:00,72.23999786376953,76.77999877929688,72.12000274658203,76.70999908447266,8534100,0.0,0.0
2022-08-26 00:00:00-04:00,76.43000030517578,76.45999908447266,71.55000305175781,71.58000183105469,9243300,0.0,0.0
2022-08-29 00:00:00-04:00,70.7300033569336,72.01000213623047,69.26000213623047,69.5199966430664,6966300,0.0,0.0
2022-08-30 00:00:00-04:00,70.61000061035156,70.7699966430664,67.38999938964844,68.97000122070312,8233700,0.0,0.0
2022-08-31 00:00:00-04:00,69.08999633789062,69.62000274658203,67.43000030517578,68.7699966430664,7077000,0.0,0.0
2022-09-01 00:00:00-04:00,66.70999908447266,68.58000183105469,65.47000122070312,68.22000122070312,9855200,0.0,0.0
2022-09-02 00:00:00-04:00,69.62999725341797,70.36000061035156,66.8499984741211,67.51000213623047,6661800,0.0,0.0
2022-09-06 00:00:00-04:00,67.75,67.79000091552734,65.02999877929688,66.05000305175781,6896300,0.0,0.0
2022-09-07 00:00:00-04:00,66.0999984741211,67.88999938964844,65.63999938964844,67.36000061035156,5836500,0.0,0.0
2022-09-08 00:00:00-04:00,66.66000366210938,70.61000061035156,66.38999938964844,70.55000305175781,9769200,0.0,0.0
2022-09-09 00:00:00-04:00,71.58999633789062,72.91999816894531,71.0199966430664,71.66999816894531,8264300,0.0,0.0
2022-09-12 00:00:00-04:00,71.94999694824219,72.33000183105469,70.66999816894531,71.9000015258789,5592400,0.0,0.0
2022-09-13 00:00:00-04:00,68.58999633789062,69.08000183105469,66.56999969482422,66.87000274658203,9889000,0.0,0.0
2022-09-14 00:00:00-04:00,67.72000122070312,69.08999633789062,66.2699966430664,68.56999969482422,6009200,0.0,0.0
2022-09-15 00:00:00-04:00,68.20999908447266,69.48999786376953,67.20999908447266,68.1500015258789,4640100,0.0,0.0
2022-09-16 00:00:00-04:00,67.11000061035156,69.01000213623047,66.30000305175781,68.94000244140625,8521200,0.0,0.0
2022-09-19 00:00:00-04:00,67.61000061035156,70.88999938964844,67.5199966430664,70.16000366210938,6672900,0.0,0.0
2022-09-20 00:00:00-04:00,69.43000030517578,70.04000091552734,67.93000030517578,68.4800033569336,5053700,0.0,0.0
2022-09-21 00:00:00-04:00,69.06999969482422,71.7699966430664,68.31999969482422,68.33999633789062,6728800,0.0,0.0
2022-09-22 00:00:00-04:00,68.18000030517578,68.72000122070312,64.16999816894531,64.95999908447266,6955500,0.0,0.0
2022-09-23 00:00:00-04:00,63.58000183105469,64.18000030517578,61.65999984741211,63.310001373291016,8228200,0.0,0.0
2022-09-26 00:00:00-04:00,62.90999984741211,65.16999816894531,62.61000061035156,62.70000076293945,5272300,0.0,0.0
2022-09-27 00:00:00-04:00,64.36000061035156,65.05999755859375,62.7400016784668,64.29000091552734,4905900,0.0,0.0
2022-09-28 00:00:00-04:00,63.130001068115234,65.88999938964844,63.029998779296875,65.5,5070500,0.0,0.0
2022-09-29 00:00:00-04:00,64.0,64.30999755859375,61.41999816894531,62.939998626708984,7078800,0.0,0.0
2022-09-30 00:00:00-04:00,62.720001220703125,64.70999908447266,62.290000915527344,62.33000183105469,5847500,0.0,0.0
2022-10-03 00:00:00-04:00,63.0099983215332,65.54000091552734,61.939998626708984,64.79000091552734,6357600,0.0,0.0
2022-10-04 00:00:00-04:00,67.0,68.94000244140625,66.79000091552734,68.91999816894531,6281900,0.0,0.0
2022-10-05 00:00:00-04:00,67.5,69.83999633789062,66.87999725341797,69.51000213623047,5887900,0.0,0.0
2022-10-06 00:00:00-04:00,69.62999725341797,71.58000183105469,69.05999755859375,70.25,6465400,0.0,0.0
2022-10-07 00:00:00-04:00,68.01000213623047,68.16999816894531,63.11000061035156,64.83000183105469,10339300,0.0,0.0
2022-10-10 00:00:00-04:00,64.81999969482422,64.8499984741211,59.68000030517578,61.93000030517578,8861500,0.0,0.0
2022-10-11 00:00:00-04:00,60.720001220703125,60.880001068115234,58.34000015258789,59.470001220703125,9114200,0.0,0.0
2022-10-12 00:00:00-04:00,58.849998474121094,59.68000030517578,58.18000030517578,58.95000076293945,4573700,0.0,0.0
2022-10-13 00:00:00-04:00,56.209999084472656,61.369998931884766,54.93000030517578,60.630001068115234,10023000,0.0,0.0
2022-10-14 00:00:00-04:00,61.7400016784668,61.939998626708984,57.619998931884766,57.77000045776367,6372000,0.0,0.0
2022-10-17 00:00:00-04:00,59.56999969482422,60.7599983215332,59.02000045776367,59.790000915527344,5882500,0.0,0.0
2022-10-18 00:00:00-04:00,62.38999938964844,62.70000076293945,59.470001220703125,60.72999954223633,5006900,0.0,0.0
2022-10-19 00:00:00-04:00,60.0099983215332,61.7400016784668,59.650001525878906,60.77000045776367,4201200,0.0,0.0
2022-10-20 00:00:00-04:00,61.0,63.2599983215332,60.439998626708984,61.52000045776367,5535200,0.0,0.0
2022-10-21 00:00:00-04:00,61.400001525878906,65.88999938964844,60.90999984741211,65.68000030517578,8204000,0.0,0.0
2022-10-24 00:00:00-04:00,66.4800033569336,66.9000015258789,63.9900016784668,65.3499984741211,5918600,0.0,0.0
2022-10-25 00:00:00-04:00,65.43000030517578,67.5999984741211,65.4000015258789,66.58999633789062,7056600,0.0,0.0
2022-10-26 00:00:00-04:00,65.06999969482422,68.54000091552734,64.41000366210938,67.73999786376953,9192300,0.0,0.0
2022-10-27 00:00:00-04:00,65.41000366210938,66.36000061035156,63.5,64.8499984741211,10071100,0.0,0.0
2022-10-28 00:00:00-04:00,64.81999969482422,67.7699966430664,63.56999969482422,67.4800033569336,9835700,0.0,0.0
2022-10-31 00:00:00-04:00,65.91999816894531,67.13999938964844,61.22999954223633,61.43000030517578,17974600,0.0,0.0
2022-11-01 00:00:00-04:00,62.72999954223633,63.79999923706055,61.529998779296875,61.7400016784668,8319100,0.0,0.0
2022-11-02 00:00:00-04:00,62.189998626708984,63.939998626708984,60.0,60.11000061035156,8274200,0.0,0.0
2022-11-03 00:00:00-04:00,59.400001525878906,60.86000061035156,58.43000030517578,59.189998626708984,6630300,0.0,0.0
2022-11-04 00:00:00-04:00,62.0,63.22999954223633,60.93000030517578,63.189998626708984,8120200,0.0,0.0
2022-11-07 00:00:00-05:00,64.0999984741211,65.87999725341797,62.650001525878906,65.47000122070312,6388300,0.0,0.0
2022-11-08 00:00:00-05:00,66.83000183105469,67.8499984741211,65.6500015258789,67.08999633789062,5588900,0.0,0.0
2022-11-09 00:00:00-05:00,65.58000183105469,66.66999816894531,63.34000015258789,63.83000183105469,6384700,0.0,0.0
2022-11-10 00:00:00-05:00,68.37000274658203,73.05999755859375,67.88999938964844,72.79000091552734,10452900,0.0,0.0
2022-11-11 00:00:00-05:00,72.58999633789062,76.13999938964844,72.25,75.05000305175781,7264400,0.0,0.0
2022-11-14 00:00:00-05:00,74.30999755859375,77.27999877929688,72.75,72.83000183105469,9269800,0.0,0.0
2022-11-15 00:00:00-05:00,75.87000274658203,76.26000213623047,73.08000183105469,74.30000305175781,7025000,0.0,0.0
2022-11-16 00:00:00-05:00,72.62000274658203,72.6500015258789,70.23999786376953,70.29000091552734,7869500,0.0,0.0
2022-11-17 00:00:00-05:00,68.19999694824219,71.86000061035156,67.6500015258789,71.11000061035156,5800800,0.0,0.0
2022-11-18 00:00:00-05:00,72.83000183105469,73.1500015258789,71.43000030517578,72.45999908447266,4745500,0.0,0.0
2022-11-21 00:00:00-05:00,71.3499984741211,72.0,70.5199966430664,71.1500015258789,4135700,0.0,0.0
2022-11-22 00:00:00-05:00,72.08999633789062,73.80999755859375,71.41999816894531,73.73999786376953,4756500,0.0,0.0
2022-11-23 00:00:00-05:00,73.66999816894531,76.05000305175781,73.4800033569336,74.0,4303700,0.0,0.0
2022-11-25 00:00:00-05:00,73.80000305175781,74.61000061035156,73.37000274658203,73.4000015258789,2006000,0.0,0.0
2022-11-28 00:00:00-05:00,72.16000366210938,72.83999633789062,69.54000091552734,69.95999908447266,6493500,0.0,0.0
2022-11-29 00:00:00-05:00,70.37000274658203,71.36000061035156,69.5999984741211,70.72000122070312,3992000,0.0,0.0
2022-11-30 00:00:00-05:00,70.8499984741211,75.30999755859375,69.76000213623047,75.19999694824219,7606500,0.0,0.0
2022-12-01 00:00:00-05:00,75.5,75.91999816894531,72.7699966430664,73.98999786376953,4904500,0.0,0.0
2022-12-02 00:00:00-05:00,71.83000183105469,73.12000274658203,70.95999908447266,73.04000091552734,4801200,0.0,0.0
2022-12-05 00:00:00-05:00,72.7699966430664,73.20999908447266,70.5199966430664,71.56999969482422,4064700,0.0,0.0
2022-12-06 00:00:00-05:00,71.86000061035156,71.86000061035156,69.19000244140625,69.73999786376953,4905500,0.0,0.0
2022-12-07 00:00:00-05:00,68.76000213623047,70.88999938964844,68.43000030517578,70.13999938964844,3030500,0.0,0.0
2022-12-08 00:00:00-05:00,71.19999694824219,73.2300033569336,70.69000244140625,72.16000366210938,4364600,0.0,0.0
2022-12-09 00:00:00-05:00,71.05000305175781,72.23999786376953,70.36000061035156,70.52999877929688,3530200,0.0,0.0
2022-12-12 00:00:00-05:00,69.69000244140625,71.0,68.91000366210938,70.98999786376953,5151700,0.0,0.0
2022-12-13 00:00:00-05:00,74.87999725341797,74.9000015258789,70.43000030517578,71.55999755859375,4856100,0.0,0.0
2022-12-14 00:00:00-05:00,71.16999816894531,71.55000305175781,67.01000213623047,67.58999633789062,10941600,0.0,0.0
2022-12-15 00:00:00-05:00,65.6500015258789,66.16999816894531,63.52000045776367,64.26000213623047,12351400,0.0,0.0
2022-12-16 00:00:00-05:00,63.900001525878906,65.80999755859375,63.52000045776367,65.37999725341797,8463400,0.0,0.0
2022-12-19 00:00:00-05:00,65.44999694824219,65.76000213623047,62.900001525878906,64.1500015258789,6366600,0.0,0.0
2022-12-20 00:00:00-05:00,63.34000015258789,64.9800033569336,62.61000061035156,64.02999877929688,4571200,0.0,0.0
2022-12-21 00:00:00-05:00,64.73999786376953,66.05000305175781,64.62999725341797,65.04000091552734,5063300,0.0,0.0
2022-12-22 00:00:00-05:00,63.279998779296875,63.279998779296875,60.68000030517578,62.119998931884766,9874500,0.0,0.0
2022-12-23 00:00:00-05:00,61.439998626708984,62.540000915527344,60.689998626708984,62.38999938964844,3351500,0.0,0.0
2022-12-27 00:00:00-05:00,61.939998626708984,62.16999816894531,60.97999954223633,61.36000061035156,5072500,0.0,0.0
2022-12-28 00:00:00-05:00,60.709999084472656,61.79999923706055,59.77000045776367,60.279998779296875,3576400,0.0,0.0
2022-12-29 00:00:00-05:00,61.849998474121094,63.04999923706055,61.09000015258789,62.709999084472656,5253300,0.0,0.0
2022-12-30 00:00:00-05:00,61.529998779296875,62.439998626708984,60.869998931884766,62.369998931884766,2650100,0.0,0.0
2023-01-03 00:00:00-05:00,63.95000076293945,64.13999938964844,61.06999969482422,61.61000061035156,4364400,0.0,0.0
2023-01-04 00:00:00-05:00,62.68000030517578,63.38999938964844,61.150001525878906,62.20000076293945,6189700,0.0,0.0
2023-01-05 00:00:00-05:00,61.119998931884766,63.77000045776367,59.61000061035156,59.7400016784668,9253800,0.0,0.0
2023-01-06 00:00:00-05:00,60.849998474121094,62.7400016784668,59.75,62.470001220703125,7144400,0.0,0.0
2023-01-09 00:00:00-05:00,64.5999984741211,66.29000091552734,64.2300033569336,64.6500015258789,6408000,0.0,0.0
2023-01-10 00:00:00-05:00,61.54999923706055,64.44999694824219,61.29999923706055,64.2699966430664,8248200,0.0,0.0
2023-01-11 00:00:00-05:00,64.45999908447266,64.8499984741211,63.08000183105469,64.62999725341797,4889100,0.0,0.0
2023-01-12 00:00:00-05:00,65.0,65.5999984741211,63.290000915527344,64.93000030517578,4807200,0.0,0.0
2023-01-13 00:00:00-05:00,64.4000015258789,65.22000122070312,63.279998779296875,65.1500015258789,3409000,0.0,0.0
2023-01-17 00:00:00-05:00,65.29000091552734,66.7300033569336,64.56999969482422,65.87000274658203,3902000,0.0,0.0
2023-01-18 00:00:00-05:00,67.33999633789062,68.5199966430664,66.0999984741211,66.33000183105469,5834100,0.0,0.0
2023-01-19 00:00:00-05:00,65.72000122070312,65.87999725341797,63.20000076293945,63.4900016784668,5883600,0.0,0.0
2023-01-20 00:00:00-05:00,64.68000030517578,66.4000015258789,63.90999984741211,66.26000213623047,5133400,0.0,0.0
2023-01-23 00:00:00-05:00,67.66999816894531,71.2699966430664,67.38999938964844,70.80000305175781,7583300,0.0,0.0
2023-01-24 00:00:00-05:00,70.0,71.19999694824219,69.25,70.08000183105469,4543400,0.0,0.0
2023-01-25 00:00:00-05:00,68.95999908447266,71.86000061035156,68.76000213623047,71.80999755859375,5100600,0.0,0.0
2023-01-26 00:00:00-05:00,72.88999938964844,73.9000015258789,71.16000366210938,73.68000030517578,5875400,0.0,0.0
2023-01-27 00:00:00-05:00,73.52999877929688,74.81999969482422,73.22000122070312,73.66999816894531,4376500,0.0,0.0
2023-01-30 00:00:00-05:00,72.72000122070312,73.2300033569336,70.86000061035156,71.0199966430664,4783400,0.0,0.0
2023-01-31 00:00:00-05:00,71.19999694824219,73.4800033569336,71.06999969482422,73.44999694824219,5066700,0.0,0.0
2023-02-01 00:00:00-05:00,73.91999816894531,78.5,73.69000244140625,77.83999633789062,9111200,0.0,0.0
2023-02-02 00:00:00-05:00,78.97000122070312,82.22000122070312,78.1500015258789,82.12000274658203,9221400,0.0,0.0
2023-02-03 00:00:00-05:00,80.0,83.25,79.4000015258789,80.88999938964844,8475400,0.0,0.0
2023-02-06 00:00:00-05:00,77.75,84.69999694824219,77.5,80.4000015258789,15910300,0.0,0.0
2023-02-07 00:00:00-05:00,81.05999755859375,86.1500015258789,80.83999633789062,85.52999877929688,11489200,0.0,0.0
2023-02-08 00:00:00-05:00,84.2699966430664,85.19999694824219,82.93000030517578,83.5999984741211,9982500,0.0,0.0
2023-02-09 00:00:00-05:00,85.12999725341797,87.55000305175781,83.97000122070312,84.75,9180100,0.0,0.0
2023-02-10 00:00:00-05:00,83.76000213623047,84.11000061035156,82.19999694824219,83.80000305175781,6678200,0.0,0.0
2023-02-13 00:00:00-05:00,84.62999725341797,84.7699966430664,83.66000366210938,84.37999725341797,5708500,0.0,0.0
2023-02-14 00:00:00-05:00,83.5999984741211,87.41000366210938,83.3499984741211,86.87999725341797,6033100,0.0,0.0
2023-02-15 00:00:00-05:00,85.66999816894531,87.0199966430664,85.45999908447266,86.70999908447266,6710000,0.0,0.0
2023-02-16 00:00:00-05:00,85.12000274658203,86.68000030517578,83.87999725341797,84.12999725341797,5871800,0.0,0.0
2023-02-17 00:00:00-05:00,83.38999938964844,83.62999725341797,80.37999725341797,81.86000061035156,7136700,0.0,0.0
2023-02-21 00:00:00-05:00,80.4000015258789,81.76000213623047,79.05000305175781,79.27999877929688,6312800,0.0,0.0
2023-02-22 00:00:00-05:00,79.44999694824219,79.91000366210938,77.68000030517578,78.55999755859375,5674900,0.0,0.0
2023-02-23 00:00:00-05:00,79.37999725341797,79.91000366210938,76.19000244140625,78.38999938964844,14747900,0.0,0.0
2023-02-24 00:00:00-05:00,77.0999984741211,77.12000274658203,75.5199966430664,76.27999877929688,16700000,0.0,0.0
2023-02-27 00:00:00-05:00,77.69000244140625,78.80000305175781,76.62999725341797,77.7300033569336,6844400,0.0,0.0
2023-02-28 00:00:00-05:00,77.51000213623047,78.7300033569336,76.81999969482422,77.41000366210938,6796300,0.0,0.0
2023-03-01 00:00:00-05:00,78.12000274658203,79.23999786376953,77.30999755859375,78.2300033569336,4733300,0.0,0.0
2023-03-02 00:00:00-05:00,73.55999755859375,77.31999969482422,72.0,76.75,14198500,0.0,0.0
2023-03-03 00:00:00-05:00,76.9800033569336,79.06999969482422,76.05000305175781,78.94000244140625,6046700,0.0,0.0
2023-03-06 00:00:00-05:00,79.47000122070312,79.80999755859375,76.9800033569336,77.41000366210938,4968000,0.0,0.0
2023-03-07 00:00:00-05:00,78.02999877929688,79.5999984741211,77.83000183105469,78.69999694824219,6445500,0.0,0.0
2023-03-08 00:00:00-05:00,79.72000122070312,83.4000015258789,79.62000274658203,83.0999984741211,8939400,0.0,0.0
2023-03-09 00:00:00-05:00,82.87999725341797,84.97000122070312,81.26000213623047,81.41000366210938,8242000,0.0,0.0
2023-03-10 00:00:00-05:00,82.33999633789062,82.5999984741211,77.52999877929688,78.37999725341797,6366500,0.0,0.0
2023-03-13 00:00:00-04:00,76.70999908447266,79.13999938964844,76.37000274658203,77.75,6913800,0.0,0.0
2023-03-14 00:00:00-04:00,80.16000366210938,82.75,79.47000122070312,81.19999694824219,6098800,0.0,0.0
2023-03-15 00:00:00-04:00,79.11000061035156,79.8499984741211,76.13999938964844,78.0,7514800,0.0,0.0
2023-03-16 00:00:00-04:00,77.62999725341797,80.8499984741211,77.0,80.5,7265000,0.0,0.0
2023-03-17 00:00:00-04:00,80.30999755859375,80.52999877929688,77.69999694824219,78.27999877929688,6981800,0.0,0.0
2023-03-20 00:00:00-04:00,78.7300033569336,80.5199966430664,77.58999633789062,79.9800033569336,4822200,0.0,0.0
2023-03-21 00:00:00-04:00,80.88999938964844,82.87000274658203,79.80999755859375,81.3499984741211,4828100,0.0,0.0
2023-03-22 00:00:00-04:00,81.5199966430664,82.38999938964844,78.41000366210938,78.81999969482422,5511900,0.0,0.0
2023-03-23 00:00:00-04:00,80.12000274658203,82.87000274658203,78.79000091552734,80.97000122070312,6181500,0.0,0.0
2023-03-24 00:00:00-04:00,79.81999969482422,80.4800033569336,77.0999984741211,77.80999755859375,5793000,0.0,0.0
2023-03-27 00:00:00-04:00,78.05000305175781,78.18000030517578,74.47000122070312,75.66999816894531,10191000,0.0,0.0
2023-03-28 00:00:00-04:00,75.0999984741211,77.70999908447266,73.69000244140625,76.52999877929688,12414100,0.0,0.0
2023-03-29 00:00:00-04:00,78.27999877929688,80.69000244140625,77.18000030517578,79.87000274658203,7228400,0.0,0.0
2023-03-30 00:00:00-04:00,81.02999877929688,82.5199966430664,80.56999969482422,81.83000183105469,6133100,0.0,0.0
2023-03-31 00:00:00-04:00,81.58000183105469,82.55000305175781,81.04000091552734,82.31999969482422,5852300,0.0,0.0
2023-04-03 00:00:00-04:00,81.72000122070312,82.20999908447266,79.87999725341797,81.13999938964844,4431100,0.0,0.0
2023-04-04 00:00:00-04:00,81.51000213623047,81.51000213623047,77.83999633789062,78.48999786376953,5617900,0.0,0.0
2023-04-05 00:00:00-04:00,77.45999908447266,77.87999725341797,75.41999816894531,76.54000091552734,4944300,0.0,0.0
2023-04-06 00:00:00-04:00,75.23999786376953,76.37000274658203,74.38999938964844,75.33999633789062,3530700,0.0,0.0
2023-04-10 00:00:00-04:00,74.6500015258789,77.87999725341797,74.54000091552734,77.69999694824219,4284600,0.0,0.0
2023-04-11 00:00:00-04:00,78.62999725341797,78.93000030517578,77.05000305175781,77.22000122070312,3608700,0.0,0.0
2023-04-12 00:00:00-04:00,78.77999877929688,78.79000091552734,76.31999969482422,76.45999908447266,4850300,0.0,0.0
2023-04-13 00:00:00-04:00,76.66999816894531,78.11000061035156,75.9000015258789,77.58999633789062,3290300,0.0,0.0
2023-04-14 00:00:00-04:00,77.5999984741211,79.41999816894531,76.5999984741211,77.91999816894531,3725300,0.0,0.0
2023-04-17 00:00:00-04:00,77.08000183105469,78.56999969482422,76.69000244140625,78.41000366210938,3808800,0.0,0.0
2023-04-18 00:00:00-04:00,79.2300033569336,80.06999969482422,78.37000274658203,79.20999908447266,4168300,0.0,0.0
2023-04-19 00:00:00-04:00,78.1500015258789,78.6500015258789,76.36000061035156,76.91999816894531,4336200,0.0,0.0
2023-04-20 00:00:00-04:00,73.27999877929688,75.7699966430664,72.18000030517578,74.26000213623047,7685300,0.0,0.0
2023-04-21 00:00:00-04:00,74.0,74.20999908447266,73.0199966430664,73.73999786376953,4078300,0.0,0.0
2023-04-24 00:00:00-04:00,73.7699966430664,74.38999938964844,73.19000244140625,74.37999725341797,2845200,0.0,0.0
2023-04-25 00:00:00-04:00,73.30000305175781,73.5,70.2699966430664,70.3499984741211,7889300,0.0,0.0
2023-04-26 00:00:00-04:00,71.54000091552734,72.44000244140625,70.52999877929688,71.94999694824219,5871300,0.0,0.0
2023-04-27 00:00:00-04:00,68.68000030517578,70.08000183105469,66.66999816894531,69.9800033569336,14023800,0.0,0.0
2023-04-28 00:00:00-04:00,69.97000122070312,72.05999755859375,68.83999633789062,71.95999908447266,10264800,0.0,0.0
2023-05-01 00:00:00-04:00,74.88999938964844,78.9800033569336,74.16999816894531,78.33000183105469,16264700,0.0,0.0
2023-05-02 00:00:00-04:00,79.37999725341797,81.37999725341797,77.87000274658203,79.16999816894531,8329000,0.0,0.0
2023-05-03 00:00:00-04:00,79.05000305175781,80.37000274658203,78.43000030517578,78.58000183105469,5127100,0.0,0.0
2023-05-04 00:00:00-04:00,78.0,79.26000213623047,77.08999633789062,77.83000183105469,5189400,0.0,0.0
2023-05-05 00:00:00-04:00,77.66000366210938,81.58000183105469,77.33000183105469,81.22000122070312,7087600,0.0,0.0
2023-05-08 00:00:00-04:00,81.23999786376953,81.72000122070312,79.58000183105469,80.5199966430664,3421400,0.0,0.0
2023-05-09 00:00:00-04:00,79.20999908447266,79.94000244140625,77.47000122070312,78.80999755859375,4736900,0.0,0.0
2023-05-10 00:00:00-04:00,80.5,80.72000122070312,78.87000274658203,79.87000274658203,5187100,0.0,0.0
2023-05-11 00:00:00-04:00,79.41999816894531,80.75,78.41999816894531,80.31999969482422,4438200,0.0,0.0
2023-05-12 00:00:00-04:00,81.22000122070312,83.04000091552734,80.06999969482422,81.33999633789062,6477900,0.0,0.0
2023-05-15 00:00:00-04:00,81.76000213623047,82.45999908447266,80.55999755859375,82.38999938964844,6125200,0.0,0.0
2023-05-16 00:00:00-04:00,82.01000213623047,85.38999938964844,81.70999908447266,83.04000091552734,10998500,0.0,0.0
2023-05-17 00:00:00-04:00,84.62999725341797,86.9000015258789,82.11000061035156,85.62999725341797,12764700,0.0,0.0
2023-05-18 00:00:00-04:00,86.0,87.06999969482422,84.91000366210938,86.48999786376953,7624200,0.0,0.0
2023-05-19 00:00:00-04:00,86.19000244140625,86.45999908447266,83.58000183105469,84.36000061035156,8190300,0.0,0.0
2023-05-22 00:00:00-04:00,83.91000366210938,85.58999633789062,83.70999908447266,85.23999786376953,5091500,0.0,0.0
2023-05-23 00:00:00-04:00,84.33000183105469,84.6500015258789,81.80000305175781,82.54000091552734,6675700,0.0,0.0
2023-05-24 00:00:00-04:00,80.13999938964844,80.86000061035156,78.3499984741211,79.79000091552734,8641800,0.0,0.0
2023-05-25 00:00:00-04:00,80.12000274658203,82.70999908447266,77.91999816894531,82.0,9598500,0.0,0.0
2023-05-26 00:00:00-04:00,82.87000274658203,87.7699966430664,82.83000183105469,86.62000274658203,10518700,0.0,0.0
2023-05-30 00:00:00-04:00,89.3499984741211,89.83999633789062,83.44999694824219,83.97000122070312,9087900,0.0,0.0
2023-05-31 00:00:00-04:00,82.3499984741211,85.25,82.0,83.5999984741211,9835600,0.0,0.0
2023-06-01 00:00:00-04:00,84.94000244140625,88.30999755859375,84.05000305175781,87.94999694824219,6930700,0.0,0.0
2023-06-02 00:00:00-04:00,88.80000305175781,89.44000244140625,85.87000274658203,86.83000183105469,5135800,0.0,0.0
2023-06-05 00:00:00-04:00,87.08000183105469,87.23999786376953,84.94999694824219,85.62999725341797,3770600,0.0,0.0
2023-06-06 00:00:00-04:00,85.55000305175781,89.11000061035156,85.5199966430664,88.4800033569336,5217900,0.0,0.0
2023-06-07 00:00:00-04:00,89.13999938964844,92.12999725341797,89.02999877929688,89.23999786376953,7824700,0.0,0.0
2023-06-08 00:00:00-04:00,89.86000061035156,90.70999908447266,88.70999908447266,89.98999786376953,4129600,0.0,0.0
2023-06-09 00:00:00-04:00,91.76000213623047,92.68000030517578,88.11000061035156,89.0199966430664,6365000,0.0,0.0
2023-06-12 00:00:00-04:00,90.19000244140625,91.36000061035156,89.36000061035156,91.05999755859375,6527100,0.0,0.0
2023-06-13 00:00:00-04:00,92.04000091552734,93.44000244140625,91.33999633789062,92.66999816894531,7615100,0.0,0.0
2023-06-14 00:00:00-04:00,92.12000274658203,93.3499984741211,90.66999816894531,92.73999786376953,7149100,0.0,0.0
2023-06-15 00:00:00-04:00,91.29000091552734,92.0,90.6500015258789,91.0,8116400,0.0,0.0
2023-06-16 00:00:00-04:00,91.79000091552734,92.08000183105469,89.61000061035156,90.1500015258789,28120300,0.0,0.0
2023-06-20 00:00:00-04:00,89.55000305175781,90.87999725341797,88.20999908447266,89.37999725341797,5845900,0.0,0.0
2023-06-21 00:00:00-04:00,88.7699966430664,89.79000091552734,87.55999755859375,88.06999969482422,4973000,0.0,0.0
2023-06-22 00:00:00-04:00,87.06999969482422,89.26000213623047,87.0,88.94999694824219,4635900,0.0,0.0
2023-06-23 00:00:00-04:00,86.94000244140625,87.9800033569336,86.19999694824219,87.5199966430664,9132500,0.0,0.0
2023-06-26 00:00:00-04:00,88.63999938964844,90.0,87.97000122070312,88.62000274658203,4250700,0.0,0.0
2023-06-27 00:00:00-04:00,88.62999725341797,91.94999694824219,88.0999984741211,91.87000274658203,5380000,0.0,0.0
2023-06-28 00:00:00-04:00,90.62000274658203,92.77999877929688,90.56999969482422,91.20999908447266,4346700,0.0,0.0
2023-06-29 00:00:00-04:00,92.0,92.31999969482422,90.72000122070312,92.08000183105469,3831200,0.0,0.0
2023-06-30 00:00:00-04:00,93.0,95.31999969482422,92.61000061035156,94.58000183105469,5394900,0.0,0.0
2023-07-03 00:00:00-04:00,95.45999908447266,96.8499984741211,94.72000122070312,96.83000183105469,3602000,0.0,0.0
2023-07-05 00:00:00-04:00,95.51000213623047,95.93000030517578,92.87000274658203,92.94999694824219,5812900,0.0,0.0
2023-07-06 00:00:00-04:00,91.66000366210938,92.72000122070312,90.69000244140625,92.61000061035156,4685800,0.0,0.0
2023-07-07 00:00:00-04:00,93.33999633789062,94.80999755859375,92.3499984741211,93.30000305175781,4144900,0.0,0.0
2023-07-10 00:00:00-04:00,93.9800033569336,96.02999877929688,93.55000305175781,95.9800033569336,4799300,0.0,0.0
2023-07-11 00:00:00-04:00,97.33999633789062,97.5199966430664,95.18000030517578,96.63999938964844,3962000,0.0,0.0
2023-07-12 00:00:00-04:00,98.37000274658203,98.9800033569336,97.13999938964844,98.62999725341797,4783300,0.0,0.0
2023-07-13 00:00:00-04:00,99.38999938964844,102.30999755859375,98.62999725341797,102.04000091552734,6467400,0.0,0.0
2023-07-14 00:00:00-04:00,102.0,102.6500015258789,99.11000061035156,99.68000030517578,4976400,0.0,0.0
2023-07-17 00:00:00-04:00,99.80000305175781,104.87999725341797,99.5,104.33000183105469,6871100,0.0,0.0
2023-07-18 00:00:00-04:00,104.05999755859375,105.3499984741211,102.9000015258789,104.83999633789062,5224700,0.0,0.0
2023-07-19 00:00:00-04:00,104.80999755859375,104.80999755859375,101.87999725341797,101.91000366210938,6101200,0.0,0.0
2023-07-20 00:00:00-04:00,100.16999816894531,101.5199966430664,96.30000305175781,97.30000305175781,9221200,0.0,0.0
2023-07-21 00:00:00-04:00,98.41000366210938,99.29000091552734,97.75,98.76000213623047,10005800,0.0,0.0
2023-07-24 00:00:00-04:00,96.33000183105469,98.05999755859375,95.87999725341797,97.69000244140625,5175600,0.0,0.0
2023-07-25 00:00:00-04:00,98.45999908447266,101.56999969482422,98.29000091552734,100.04000091552734,5920000,0.0,0.0
2023-07-26 00:00:00-04:00,99.31999969482422,100.33000183105469,97.95999908447266,99.25,5532200,0.0,0.0
2023-07-27 00:00:00-04:00,103.05999755859375,104.52999877929688,100.80000305175781,102.11000061035156,7432400,0.0,0.0
2023-07-28 00:00:00-04:00,103.69999694824219,105.38999938964844,102.5,105.08999633789062,7604100,0.0,0.0
2023-07-31 00:00:00-04:00,109.73999786376953,111.3499984741211,107.08000183105469,107.75,14150300,0.0,0.0
2023-08-01 00:00:00-04:00,107.7300033569336,109.41000366210938,106.5999984741211,108.08999633789062,5441600,0.0,0.0
2023-08-02 00:00:00-04:00,106.88999938964844,107.16000366210938,103.12000274658203,103.56999969482422,6906500,0.0,0.0
2023-08-03 00:00:00-04:00,101.44999694824219,102.94999694824219,100.4000015258789,102.69999694824219,6033400,0.0,0.0
2023-08-04 00:00:00-04:00,101.43000030517578,103.70999908447266,100.4800033569336,102.30999755859375,6470300,0.0,0.0
2023-08-07 00:00:00-04:00,104.0,104.87000274658203,102.69000244140625,103.58999633789062,4112500,0.0,0.0
2023-08-08 00:00:00-04:00,102.33000183105469,102.33000183105469,99.9000015258789,101.37999725341797,4184200,0.0,0.0
2023-08-09 00:00:00-04:00,101.37000274658203,101.5199966430664,98.87999725341797,99.08999633789062,4854000,0.0,0.0
2023-08-10 00:00:00-04:00,100.55000305175781,101.1500015258789,97.05999755859375,97.7300033569336,4730700,0.0,0.0
2023-08-11 00:00:00-04:00,96.51000213623047,96.69999694824219,94.30999755859375,94.56999969482422,5442000,0.0,0.0
2023-08-14 00:00:00-04:00,94.19999694824219,97.1500015258789,93.56999969482422,97.12000274658203,5280600,0.0,0.0
2023-08-15 00:00:00-04:00,96.20999908447266,96.41000366210938,93.88999938964844,94.12999725341797,4850700,0.0,0.0
2023-08-16 00:00:00-04:00,94.29000091552734,94.58000183105469,92.02999877929688,92.18000030517578,5262300,0.0,0.0
2023-08-17 00:00:00-04:00,92.08999633789062,92.68000030517578,89.91000366210938,90.02999877929688,6768900,0.0,0.0
2023-08-18 00:00:00-04:00,89.04000091552734,91.2300033569336,88.62999725341797,90.7300033569336,4647100,0.0,0.0
2023-08-21 00:00:00-04:00,91.5,93.5199966430664,91.2300033569336,93.02999877929688,4580900,0.0,0.0
2023-08-22 00:00:00-04:00,94.86000061035156,95.18000030517578,92.13999938964844,92.37000274658203,3918300,0.0,0.0
2023-08-23 00:00:00-04:00,90.7699966430664,93.36000061035156,90.38999938964844,92.87999725341797,5768900,0.0,0.0
2023-08-24 00:00:00-04:00,94.48999786376953,94.66000366210938,89.7300033569336,89.95999908447266,6014900,0.0,0.0
2023-08-25 00:00:00-04:00,90.62999725341797,92.77999877929688,89.7300033569336,92.31999969482422,4662000,0.0,0.0
2023-08-28 00:00:00-04:00,93.12999725341797,94.5,92.9800033569336,93.62999725341797,3899700,0.0,0.0
2023-08-29 00:00:00-04:00,93.18000030517578,97.87999725341797,93.0,97.61000061035156,5691400,0.0,0.0
2023-08-30 00:00:00-04:00,97.19999694824219,99.44000244140625,96.56999969482422,98.8499984741211,4351200,0.0,0.0
2023-08-31 00:00:00-04:00,98.61000061035156,100.29000091552734,98.18000030517578,98.45999908447266,5804500,0.0,0.0
2023-09-01 00:00:00-04:00,99.30999755859375,99.8499984741211,97.75,99.4000015258789,3233500,0.0,0.0
2023-09-05 00:00:00-04:00,99.2300033569336,100.20999908447266,97.16999816894531,99.30999755859375,3137700,0.0,0.0
2023-09-06 00:00:00-04:00,99.30000305175781,101.30000305175781,97.73999786376953,99.48999786376953,3367800,0.0,0.0
2023-09-07 00:00:00-04:00,97.45999908447266,99.1500015258789,96.12000274658203,98.51000213623047,4723100,0.0,0.0
2023-09-08 00:00:00-04:00,98.75,99.76000213623047,96.94000244140625,97.91999816894531,3600100,0.0,0.0
2023-09-11 00:00:00-04:00,99.18000030517578,99.37000274658203,95.94999694824219,97.8499984741211,3923900,0.0,0.0
2023-09-12 00:00:00-04:00,96.62000274658203,99.44999694824219,96.41999816894531,96.79000091552734,3411700,0.0,0.0
2023-09-13 00:00:00-04:00,96.81999969482422,98.58000183105469,96.38999938964844,96.83000183105469,4060500,0.0,0.0
2023-09-14 00:00:00-04:00,97.94000244140625,98.06999969482422,94.80000305175781,96.47000122070312,5544900,0.0,0.0
2023-09-15 00:00:00-04:00,95.72000122070312,95.87000274658203,92.2699966430664,93.0999984741211,9748400,0.0,0.0
2023-09-18 00:00:00-04:00,92.0,94.91999816894531,92.0,94.5999984741211,3295200,0.0,0.0
2023-09-19 00:00:00-04:00,94.52999877929688,94.87000274658203,92.93000030517578,94.23999786376953,3422300,0.0,0.0
2023-09-20 00:00:00-04:00,94.97000122070312,95.69000244140625,92.79000091552734,92.83999633789062,2898600,0.0,0.0
2023-09-21 00:00:00-04:00,91.7699966430664,92.37000274658203,90.83000183105469,90.93000030517578,5111700,0.0,0.0
2023-09-22 00:00:00-04:00,92.16000366210938,94.69999694824219,91.94999694824219,93.80999755859375,5173600,0.0,0.0
2023-09-25 00:00:00-04:00,92.9800033569336,95.06999969482422,92.5199966430664,94.45999908447266,2773100,0.0,0.0
2023-09-26 00:00:00-04:00,93.41999816894531,93.70999908447266,89.27999877929688,90.1500015258789,6590600,0.0,0.0
2023-09-27 00:00:00-04:00,91.30000305175781,92.7699966430664,90.20999908447266,92.05000305175781,4681900,0.0,0.0
2023-09-28 00:00:00-04:00,92.13999938964844,95.63999938964844,91.43000030517578,94.05000305175781,4385000,0.0,0.0
2023-09-29 00:00:00-04:00,95.5,95.66999816894531,92.76000213623047,92.94999694824219,4214400,0.0,0.0
2023-10-02 00:00:00-04:00,93.94999694824219,95.63999938964844,92.04000091552734,93.37000274658203,3943000,0.0,0.0
2023-10-03 00:00:00-04:00,92.04000091552734,92.83000183105469,88.3499984741211,89.76000213623047,6101300,0.0,0.0
2023-10-04 00:00:00-04:00,87.5,90.70999908447266,87.30999755859375,89.98999786376953,7263500,0.0,0.0
2023-10-05 00:00:00-04:00,89.73999786376953,90.25,86.94000244140625,88.16999816894531,4075800,0.0,0.0
2023-10-06 00:00:00-04:00,87.7699966430664,91.5,86.83999633789062,90.93000030517578,4095100,0.0,0.0
2023-10-09 00:00:00-04:00,89.80000305175781,91.18000030517578,89.08999633789062,90.93000030517578,2224800,0.0,0.0
2023-10-10 00:00:00-04:00,91.9000015258789,94.19000244140625,91.55999755859375,93.31999969482422,4313100,0.0,0.0
2023-10-11 00:00:00-04:00,93.52999877929688,95.19999694824219,93.37999725341797,95.13999938964844,3877200,0.0,0.0
2023-10-12 00:00:00-04:00,95.3499984741211,95.58999633789062,92.27999877929688,93.05000305175781,5602700,0.0,0.0
2023-10-13 00:00:00-04:00,93.7699966430664,93.91999816894531,88.81999969482422,89.13999938964844,5440700,0.0,0.0
2023-10-16 00:00:00-04:00,89.83000183105469,92.05000305175781,89.5199966430664,91.69000244140625,4814300,0.0,0.0
2023-10-17 00:00:00-04:00,90.06999969482422,92.86000061035156,90.0,91.69000244140625,4730100,0.0,0.0
2023-10-18 00:00:00-04:00,90.0,90.5999984741211,88.62999725341797,89.58999633789062,5338100,0.0,0.0
2023-10-19 00:00:00-04:00,90.0,90.08999633789062,86.55000305175781,87.01000213623047,5609600,0.0,0.0
2023-10-20 00:00:00-04:00,87.0,87.69999694824219,83.8499984741211,84.83000183105469,7076300,0.0,0.0
2023-10-23 00:00:00-04:00,84.06999969482422,85.31999969482422,82.9000015258789,83.61000061035156,5548400,0.0,0.0
2023-10-24 00:00:00-04:00,84.08999633789062,85.77999877929688,83.62999725341797,85.08999633789062,5268000,0.0,0.0
2023-10-25 00:00:00-04:00,82.8499984741211,84.25,80.62000274658203,81.16000366210938,8726700,0.0,0.0
2023-10-26 00:00:00-04:00,82.7699966430664,84.56999969482422,82.01000213623047,82.79000091552734,8230600,0.0,0.0
2023-10-27 00:00:00-04:00,84.2699966430664,84.56999969482422,82.6500015258789,83.5199966430664,10637400,0.0,0.0
2023-10-30 00:00:00-04:00,73.29000091552734,73.58999633789062,64.98999786376953,65.33999633789062,39759800,0.0,0.0
2023-10-31 00:00:00-04:00,64.18000030517578,65.02999877929688,61.720001220703125,62.63999938964844,22213200,0.0,0.0
2023-11-01 00:00:00-04:00,62.5,64.86000061035156,61.470001220703125,64.83999633789062,15562900,0.0,0.0
2023-11-02 00:00:00-04:00,65.91999816894531,67.33999633789062,64.27999877929688,66.62999725341797,12027200,0.0,0.0
2023-11-03 00:00:00-04:00,67.37000274658203,68.87999725341797,66.87000274658203,68.25,11671600,0.0,0.0
2023-11-06 00:00:00-05:00,68.6500015258789,68.95999908447266,65.41999816894531,66.2300033569336,9284400,0.0,0.0
2023-11-07 00:00:00-05:00,66.27999877929688,67.45999908447266,65.80000305175781,66.80000305175781,9650100,0.0,0.0
2023-11-08 00:00:00-05:00,66.7699966430664,66.83000183105469,65.45999908447266,66.25,8908600,0.0,0.0
2023-11-09 00:00:00-05:00,66.27999877929688,66.5,64.02999877929688,64.3499984741211,10548000,0.0,0.0
2023-11-10 00:00:00-05:00,65.5,67.83999633789062,65.13999938964844,67.37999725341797,7929500,0.0,0.0
2023-11-13 00:00:00-05:00,66.37000274658203,66.81999969482422,65.75,66.6500015258789,7078800,0.0,0.0
2023-11-14 00:00:00-05:00,69.3499984741211,70.69000244140625,69.08000183105469,69.95999908447266,9083600,0.0,0.0
2023-11-15 00:00:00-05:00,71.04000091552734,72.9000015258789,70.86000061035156,71.12999725341797,6130000,0.0,0.0
2023-11-16 00:00:00-05:00,70.91000366210938,71.06999969482422,69.0199966430664,69.45999908447266,6018900,0.0,0.0
2023-11-17 00:00:00-05:00,69.7300033569336,70.30999755859375,69.06999969482422,70.02999877929688,4046500,0.0,0.0
2023-11-20 00:00:00-05:00,69.95999908447266,70.75,69.72000122070312,70.68000030517578,4342300,0.0,0.0
2023-11-21 00:00:00-05:00,70.04000091552734,70.2300033569336,68.1500015258789,68.38999938964844,5998700,0.0,0.0
2023-11-22 00:00:00-05:00,68.87999725341797,69.81999969482422,68.23999786376953,68.55999755859375,4375200,0.0,0.0
2023-11-24 00:00:00-05:00,68.63999938964844,69.44999694824219,68.61000061035156,69.27999877929688,1718000,0.0,0.0
2023-11-27 00:00:00-05:00,68.9000015258789,69.54000091552734,68.41999816894531,68.68000030517578,4041600,0.0,0.0
2023-11-28 00:00:00-05:00,68.72000122070312,69.44000244140625,68.2300033569336,69.0999984741211,4425800,0.0,0.0
2023-11-29 00:00:00-05:00,70.44999694824219,73.22000122070312,70.4000015258789,71.62000274658203,7747900,0.0,0.0
2023-11-30 00:00:00-05:00,72.16000366210938,72.41999816894531,70.66000366210938,71.33000183105469,7154900,0.0,0.0
2023-12-01 00:00:00-05:00,71.25,74.23999786376953,70.88999938964844,74.18000030517578,6067200,0.0,0.0
2023-12-04 00:00:00-05:00,73.26000213623047,74.16999816894531,71.7300033569336,73.0999984741211,5499800,0.0,0.0
2023-12-05 00:00:00-05:00,72.63999938964844,72.91000366210938,71.44999694824219,72.27999877929688,3368400,0.0,0.0
2023-12-06 00:00:00-05:00,73.6500015258789,74.75,73.1500015258789,73.44000244140625,5201000,0.0,0.0
2023-12-07 00:00:00-05:00,73.76000213623047,76.30999755859375,73.62999725341797,75.83999633789062,6248200,0.0,0.0
2023-12-08 00:00:00-05:00,75.56999969482422,77.25,75.5199966430664,76.13999938964844,4583800,0.0,0.0
2023-12-11 00:00:00-05:00,76.68000030517578,80.19999694824219,76.44999694824219,79.4000015258789,7903500,0.0,0.0
2023-12-12 00:00:00-05:00,78.80999755859375,78.9000015258789,77.56999969482422,78.38999938964844,6313000,0.0,0.0
2023-12-13 00:00:00-05:00,78.95999908447266,81.62000274658203,77.86000061035156,81.05999755859375,5768500,0.0,0.0
2023-12-14 00:00:00-05:00,82.5,86.45999908447266,82.45999908447266,86.20999908447266,11343600,0.0,0.0
2023-12-15 00:00:00-05:00,85.63999938964844,86.7699966430664,84.5,85.6500015258789,16804300,0.0,0.0
2023-12-18 00:00:00-05:00,85.0,85.23999786376953,82.76000213623047,83.76000213623047,6349600,0.0,0.0
2023-12-19 00:00:00-05:00,83.76000213623047,85.0,83.54000091552734,84.73999786376953,4392200,0.0,0.0
2023-12-20 00:00:00-05:00,84.0,84.95999908447266,81.12999725341797,81.16999816894531,6142900,0.0,0.0
2023-12-21 00:00:00-05:00,83.0,84.05000305175781,82.66000366210938,83.6500015258789,4493900,0.0,0.0
2023-12-22 00:00:00-05:00,83.9000015258789,84.47000122070312,82.98999786376953,84.01000213623047,2431900,0.0,0.0
2023-12-26 00:00:00-05:00,84.5,85.9800033569336,84.1500015258789,85.47000122070312,3223600,0.0,0.0
2023-12-27 00:00:00-05:00,85.83999633789062,86.0999984741211,84.5999984741211,85.05000305175781,3440700,0.0,0.0
2023-12-28 00:00:00-05:00,85.0,85.5,84.26000213623047,84.9800033569336,3063800,0.0,0.0
2023-12-29 00:00:00-05:00,85.06999969482422,85.13999938964844,82.88999938964844,83.52999877929688,4192400,0.0,0.0
2024-01-02 00:00:00-05:00,82.7699966430664,83.72000122070312,80.27999877929688,81.44999694824219,7943200,0.0,0.0
2024-01-03 00:00:00-05:00,79.37999725341797,79.77999877929688,77.55999755859375,79.30999755859375,6156400,0.0,0.0
2024-01-04 00:00:00-05:00,75.8499984741211,77.98999786376953,74.80000305175781,76.19999694824219,10670000,0.0,0.0
2024-01-05 00:00:00-05:00,76.16000366210938,77.08999633789062,75.06999969482422,75.69999694824219,6839500,0.0,0.0
2024-01-08 00:00:00-05:00,76.33999633789062,78.72000122070312,76.16999816894531,77.94000244140625,6371300,0.0,0.0
2024-01-09 00:00:00-05:00,76.5999984741211,77.88999938964844,75.76000213623047,77.02999877929688,7559800,0.0,0.0
2024-01-10 00:00:00-05:00,76.0,76.3499984741211,73.16999816894531,75.61000061035156,11842800,0.0,0.0
2024-01-11 00:00:00-05:00,75.58999633789062,75.9000015258789,72.94000244140625,74.43000030517578,10264100,0.0,0.0
2024-01-12 00:00:00-05:00,74.19999694824219,75.33000183105469,73.25,73.47000122070312,5096800,0.0,0.0
2024-01-16 00:00:00-05:00,73.12999725341797,74.83000183105469,72.55000305175781,73.80000305175781,6901800,0.0,0.0
2024-01-17 00:00:00-05:00,72.31999969482422,72.4000015258789,70.69999694824219,72.2699966430664,8164300,0.0,0.0
2024-01-18 00:00:00-05:00,74.01000213623047,74.55999755859375,71.93000030517578,73.22000122070312,11314600,0.0,0.0
2024-01-19 00:00:00-05:00,74.19999694824219,74.4800033569336,72.5999984741211,73.87000274658203,12680100,0.0,0.0
2024-01-22 00:00:00-05:00,74.5,76.62000274658203,74.36000061035156,75.19000244140625,7961300,0.0,0.0
2024-01-23 00:00:00-05:00,75.9800033569336,77.06999969482422,75.29000091552734,76.75,6936900,0.0,0.0
2024-01-24 00:00:00-05:00,76.2699966430664,77.47000122070312,75.0,75.1500015258789,8803600,0.0,0.0
2024-01-25 00:00:00-05:00,75.86000061035156,75.95999908447266,72.30999755859375,72.69000244140625,12997200,0.0,0.0
2024-01-26 00:00:00-05:00,72.0999984741211,73.5999984741211,71.45999908447266,71.70999908447266,10023300,0.0,0.0
2024-01-29 00:00:00-05:00,72.25,73.0199966430664,71.66999816894531,73.0199966430664,8614600,0.0,0.0
2024-01-30 00:00:00-05:00,72.91000366210938,73.5999984741211,72.16999816894531,72.56999969482422,6609600,0.0,0.0
2024-01-31 00:00:00-05:00,71.43000030517578,73.05999755859375,70.72000122070312,71.12999725341797,7175800,0.0,0.0
2024-02-01 00:00:00-05:00,71.5999984741211,71.94999694824219,69.25,70.19000244140625,9565200,0.0,0.0
2024-02-02 00:00:00-05:00,69.19999694824219,71.13999938964844,68.77999877929688,70.83000183105469,9861400,0.0,0.0
2024-02-05 00:00:00-05:00,75.5999984741211,78.75,75.44000244140625,77.58999633789062,15999400,0.0,0.0
2024-02-06 00:00:00-05:00,77.02999877929688,77.37000274658203,74.9000015258789,76.31999969482422,11111100,0.0,0.0
2024-02-07 00:00:00-05:00,77.04000091552734,77.4800033569336,75.08999633789062,76.95999908447266,7464900,0.0,0.0
2024-02-08 00:00:00-05:00,77.12999725341797,80.93000030517578,77.12999725341797,80.70999908447266,8992100,0.0,0.0
2024-02-09 00:00:00-05:00,81.38999938964844,81.58999633789062,79.70999908447266,80.80000305175781,6266600,0.0,0.0
2024-02-12 00:00:00-05:00,81.0,83.43000030517578,80.68000030517578,80.91999816894531,6575300,0.0,0.0
2024-02-13 00:00:00-05:00,78.0,79.66000366210938,77.16000366210938,78.58999633789062,7442500,0.0,0.0
2024-02-14 00:00:00-05:00,79.91000366210938,81.81999969482422,79.20999908447266,81.66999816894531,8508200,0.0,0.0
2024-02-15 00:00:00-05:00,82.2300033569336,82.5999984741211,80.44999694824219,80.62000274658203,5519800,0.0,0.0
2024-02-16 00:00:00-05:00,80.94000244140625,81.22000122070312,78.19000244140625,78.63999938964844,4909300,0.0,0.0
2024-02-20 00:00:00-05:00,77.41999816894531,77.94999694824219,76.2300033569336,77.47000122070312,5255300,0.0,0.0
2024-02-21 00:00:00-05:00,76.37000274658203,77.70999908447266,76.12000274658203,77.62000274658203,5598000,0.0,0.0
2024-02-22 00:00:00-05:00,79.58999633789062,79.58999633789062,77.44999694824219,78.36000061035156,8038500,0.0,0.0
2024-02-23 00:00:00-05:00,78.0999984741211,78.37999725341797,76.19000244140625,76.19000244140625,5996800,0.0,0.0
2024-02-26 00:00:00-05:00,76.87000274658203,78.30999755859375,76.36000061035156,77.56999969482422,4435900,0.0,0.0
2024-02-27 00:00:00-05:00,78.5,79.80999755859375,76.97000122070312,76.97000122070312,4919200,0.0,0.0
2024-02-28 00:00:00-05:00,75.95999908447266,77.20999908447266,75.55999755859375,76.47000122070312,3362200,0.0,0.0
2024-02-29 00:00:00-05:00,77.61000061035156,79.08000183105469,77.04000091552734,78.91999816894531,7597700,0.0,0.0
2024-03-01 00:00:00-05:00,79.16000366210938,82.33000183105469,78.7699966430664,81.13999938964844,6849000,0.0,0.0
2024-03-04 00:00:00-05:00,81.76000213623047,81.94999694824219,79.43000030517578,79.87999725341797,5362100,0.0,0.0
2024-03-05 00:00:00-05:00,78.4000015258789,79.2699966430664,75.72000122070312,76.98999786376953,6556400,0.0,0.0
2024-03-06 00:00:00-05:00,78.80999755859375,79.38999938964844,77.05999755859375,77.62000274658203,8108800,0.0,0.0
2024-03-07 00:00:00-05:00,77.83000183105469,85.16000366210938,77.83000183105469,82.95999908447266,10642400,0.0,0.0
2024-03-08 00:00:00-05:00,82.44000244140625,83.63999938964844,78.9000015258789,78.94999694824219,7832500,0.0,0.0
2024-03-11 00:00:00-04:00,78.66000366210938,81.5999984741211,78.11000061035156,81.5999984741211,6604200,0.0,0.0
2024-03-12 00:00:00-04:00,82.30000305175781,82.6500015258789,80.29000091552734,82.58999633789062,5919700,0.0,0.0
2024-03-13 00:00:00-04:00,81.12999725341797,82.33000183105469,79.69000244140625,79.88999938964844,5260900,0.0,0.0
2024-03-14 00:00:00-04:00,79.43000030517578,79.69000244140625,76.1500015258789,77.16999816894531,6778800,0.0,0.0
2024-03-15 00:00:00-04:00,74.44000244140625,76.27999877929688,74.44000244140625,74.87000274658203,9726100,0.0,0.0
2024-03-18 00:00:00-04:00,75.48999786376953,75.72000122070312,73.7300033569336,73.81999969482422,5860300,0.0,0.0
2024-03-19 00:00:00-04:00,73.16000366210938,74.55999755859375,72.8499984741211,74.04000091552734,4609500,0.0,0.0
2024-03-20 00:00:00-04:00,73.63999938964844,76.05000305175781,73.08000183105469,75.56999969482422,5947100,0.0,0.0
2024-03-21 00:00:00-04:00,76.83000183105469,77.41000366210938,75.16999816894531,75.77999877929688,5929700,0.0,0.0
2024-03-22 00:00:00-04:00,75.0,75.73999786376953,73.86000061035156,74.68000030517578,3345600,0.0,0.0
2024-03-25 00:00:00-04:00,72.19999694824219,74.55000305175781,72.12000274658203,73.54000091552734,5462700,0.0,0.0
2024-03-26 00:00:00-04:00,74.0,74.16000366210938,72.66999816894531,72.88999938964844,5876600,0.0,0.0
2024-03-27 00:00:00-04:00,73.91999816894531,75.7699966430664,73.0,75.61000061035156,6723600,0.0,0.0
2024-03-28 00:00:00-04:00,75.43000030517578,76.08000183105469,73.37999725341797,73.55000305175781,7408900,0.0,0.0
2024-04-01 00:00:00-04:00,73.88999938964844,74.88999938964844,73.13999938964844,73.8499984741211,4601400,0.0,0.0
2024-04-02 00:00:00-04:00,71.80000305175781,72.0,70.30999755859375,70.4800033569336,7107300,0.0,0.0
2024-04-03 00:00:00-04:00,70.29000091552734,71.51000213623047,69.87000274658203,70.7300033569336,5308700,0.0,0.0
2024-04-04 00:00:00-04:00,71.38999938964844,72.54000091552734,68.80000305175781,69.0999984741211,7280100,0.0,0.0
2024-04-05 00:00:00-04:00,69.0999984741211,69.66999816894531,68.11000061035156,69.31999969482422,7564500,0.0,0.0
2024-04-08 00:00:00-04:00,69.30999755859375,70.36000061035156,68.58000183105469,68.75,3915100,0.0,0.0
2024-04-09 00:00:00-04:00,69.83000183105469,71.9800033569336,69.63999938964844,70.94000244140625,6344700,0.0,0.0
2024-04-10 00:00:00-04:00,69.2300033569336,70.0199966430664,68.38999938964844,69.2300033569336,4859300,0.0,0.0
2024-04-11 00:00:00-04:00,69.63999938964844,70.7699966430664,69.05999755859375,70.5999984741211,5206700,0.0,0.0
2024-04-12 00:00:00-04:00,69.19000244140625,69.37999725341797,66.56999969482422,66.63999938964844,7450700,0.0,0.0
2024-04-15 00:00:00-04:00,67.8499984741211,67.94999694824219,64.87999725341797,65.63999938964844,7077400,0.0,0.0
2024-04-16 00:00:00-04:00,65.4000015258789,65.5,64.05999755859375,64.72000122070312,5214700,0.0,0.0
2024-04-17 00:00:00-04:00,65.27999877929688,65.87000274658203,64.11000061035156,64.47000122070312,6826300,0.0,0.0
2024-04-18 00:00:00-04:00,63.0099983215332,63.77000045776367,61.5099983215332,62.93000030517578,8437300,0.0,0.0
2024-04-19 00:00:00-04:00,61.150001525878906,62.5099983215332,60.2599983215332,60.709999084472656,9857300,0.0,0.0
2024-04-22 00:00:00-04:00,61.02000045776367,61.310001373291016,59.34000015258789,60.650001525878906,7414900,0.0,0.0
2024-04-23 00:00:00-04:00,60.58000183105469,61.97999954223633,60.369998931884766,61.68000030517578,6917500,0.0,0.0
2024-04-24 00:00:00-04:00,67.16999816894531,67.44999694824219,64.33000183105469,65.52999877929688,12812300,0.0,0.0
2024-04-25 00:00:00-04:00,65.55000305175781,67.31999969482422,65.47000122070312,66.37999725341797,9329900,0.0,0.0
2024-04-26 00:00:00-04:00,66.22000122070312,68.95999908447266,66.16999816894531,68.05999755859375,12859000,0.0,0.0
2024-04-29 00:00:00-04:00,68.0,71.44000244140625,67.58000183105469,70.81999969482422,13468200,0.0,0.0
2024-04-30 00:00:00-04:00,70.0,72.75,69.94000244140625,70.16000366210938,8420800,0.0,0.0
2024-05-01 00:00:00-04:00,68.98999786376953,71.91999816894531,68.76000213623047,69.01000213623047,8882000,0.0,0.0
2024-05-02 00:00:00-04:00,70.22000122070312,70.8499984741211,68.05999755859375,70.01000213623047,6509100,0.0,0.0
2024-05-03 00:00:00-04:00,71.6500015258789,72.26000213623047,69.9800033569336,70.37000274658203,6516700,0.0,0.0
2024-05-06 00:00:00-04:00,70.68000030517578,70.98999786376953,69.01000213623047,69.66999816894531,6051400,0.0,0.0
2024-05-07 00:00:00-04:00,70.45999908447266,72.44000244140625,70.2699966430664,70.79000091552734,6890000,0.0,0.0
2024-05-08 00:00:00-04:00,69.6500015258789,70.73999786376953,69.06999969482422,70.66999816894531,4102600,0.0,0.0
2024-05-09 00:00:00-04:00,70.51000213623047,71.83999633789062,70.29000091552734,71.26000213623047,5471800,0.0,0.0
2024-05-10 00:00:00-04:00,71.77999877929688,71.77999877929688,69.93000030517578,70.45999908447266,3669800,0.0,0.0
2024-05-13 00:00:00-04:00,71.29000091552734,73.05999755859375,71.01000213623047,72.33000183105469,4431700,0.0,0.0
2024-05-14 00:00:00-04:00,73.2300033569336,74.13999938964844,72.63999938964844,72.98999786376953,4888100,0.0,0.0
2024-05-15 00:00:00-04:00,74.41999816894531,74.83999633789062,72.87999725341797,74.73999786376953,6415300,0.0,0.0
2024-05-16 00:00:00-04:00,74.45999908447266,74.6500015258789,72.91999816894531,73.0,5427900,0.0,0.0
2024-05-17 00:00:00-04:00,73.43000030517578,73.86000061035156,72.69000244140625,73.16999816894531,3844300,0.0,0.0
2024-05-20 00:00:00-04:00,73.06999969482422,74.80000305175781,72.87999725341797,74.27999877929688,4496900,0.0,0.0
2024-05-21 00:00:00-04:00,73.1500015258789,73.3499984741211,72.1500015258789,72.81999969482422,4332100,0.0,0.0
2024-05-22 00:00:00-04:00,74.23999786376953,77.19999694824219,73.91000366210938,76.29000091552734,8191300,0.0,0.0
2024-05-23 00:00:00-04:00,76.66999816894531,76.7300033569336,71.29000091552734,71.6500015258789,9592000,0.0,0.0
2024-05-24 00:00:00-04:00,72.45999908447266,73.2300033569336,71.81999969482422,72.55999755859375,5172000,0.0,0.0
2024-05-28 00:00:00-04:00,72.43000030517578,75.33999633789062,72.41999816894531,73.6500015258789,5794200,0.0,0.0
2024-05-29 00:00:00-04:00,71.94999694824219,72.5199966430664,70.88999938964844,71.01000213623047,4961400,0.0,0.0
2024-05-30 00:00:00-04:00,71.05000305175781,72.47000122070312,70.61000061035156,72.11000061035156,3570800,0.0,0.0
2024-05-31 00:00:00-04:00,71.8499984741211,73.19999694824219,70.63999938964844,73.04000091552734,5735900,0.0,0.0
2024-06-03 00:00:00-04:00,74.01000213623047,74.48999786376953,71.3499984741211,73.19000244140625,3653700,0.0,0.0
2024-06-04 00:00:00-04:00,73.05000305175781,73.44999694824219,70.9000015258789,71.5199966430664,3718000,0.0,0.0
2024-06-05 00:00:00-04:00,72.44999694824219,74.5999984741211,71.86000061035156,74.54000091552734,6266000,0.0,0.0
2024-06-06 00:00:00-04:00,74.18000030517578,74.25,72.30000305175781,72.44999694824219,6564500,0.0,0.0
2024-06-07 00:00:00-04:00,72.30000305175781,72.55999755859375,71.20999908447266,72.30999755859375,3830000,0.0,0.0
2024-06-10 00:00:00-04:00,71.58999633789062,73.98999786376953,71.5,73.5,5328000,0.0,0.0
2024-06-11 00:00:00-04:00,73.12000274658203,74.44000244140625,72.16000366210938,73.9800033569336,4292100,0.0,0.0
2024-06-12 00:00:00-04:00,75.5,77.22000122070312,75.11000061035156,76.22000122070312,6673700,0.0,0.0
2024-06-13 00:00:00-04:00,74.16999816894531,76.69999694824219,74.0,75.04000091552734,4777500,0.0,0.0
2024-06-14 00:00:00-04:00,73.33999633789062,73.95999908447266,71.5,71.97000122070312,4527300,0.0,0.0
2024-06-17 00:00:00-04:00,71.88999938964844,71.93000030517578,69.37999725341797,70.7300033569336,6763500,0.0,0.0
2024-06-18 00:00:00-04:00,70.61000061035156,71.44999694824219,70.36000061035156,70.7300033569336,4318500,0.0,0.0
2024-06-20 00:00:00-04:00,69.18000030517578,69.68000030517578,67.18000030517578,67.62999725341797,8418700,0.0,0.0
2024-06-21 00:00:00-04:00,67.81999969482422,69.08999633789062,67.5,68.5199966430664,9842300,0.0,0.0
2024-06-24 00:00:00-04:00,68.19999694824219,69.37999725341797,67.4800033569336,67.79000091552734,4970800,0.0,0.0
2024-06-25 00:00:00-04:00,68.12999725341797,68.54000091552734,66.76000213623047,67.83999633789062,4491700,0.0,0.0
2024-06-26 00:00:00-04:00,67.5199966430664,68.62999725341797,67.47000122070312,68.16999816894531,3592500,0.0,0.0
2024-06-27 00:00:00-04:00,67.8499984741211,68.38999938964844,67.3499984741211,67.86000061035156,3806500,0.0,0.0
2024-06-28 00:00:00-04:00,68.19000244140625,69.37999725341797,67.80000305175781,68.55000305175781,5257900,0.0,0.0
2024-07-01 00:00:00-04:00,68.95999908447266,69.87000274658203,67.79000091552734,69.18000030517578,4692300,0.0,0.0
2024-07-02 00:00:00-04:00,70.0999984741211,72.95999908447266,70.0999984741211,72.91999816894531,5796700,0.0,0.0
2024-07-03 00:00:00-04:00,73.36000061035156,74.5999984741211,72.3499984741211,72.68000030517578,3906400,0.0,0.0
2024-07-05 00:00:00-04:00,73.1500015258789,74.66999816894531,72.7699966430664,73.37999725341797,3028800,0.0,0.0
2024-07-08 00:00:00-04:00,73.12000274658203,75.1500015258789,73.04000091552734,75.01000213623047,4717100,0.0,0.0
2024-07-09 00:00:00-04:00,74.55999755859375,74.58000183105469,72.37000274658203,73.4800033569336,5861400,0.0,0.0
2024-07-10 00:00:00-04:00,74.44000244140625,76.72000122070312,74.19000244140625,76.58999633789062,5685500,0.0,0.0
2024-07-11 00:00:00-04:00,75.88999938964844,76.98999786376953,74.19000244140625,74.23999786376953,7400800,0.0,0.0
2024-07-12 00:00:00-04:00,74.86000061035156,78.30999755859375,74.33999633789062,76.87000274658203,5950400,0.0,0.0
2024-07-15 00:00:00-04:00,75.76000213623047,77.91000366210938,75.52999877929688,76.37000274658203,4889900,0.0,0.0
2024-07-16 00:00:00-04:00,76.6500015258789,78.76000213623047,76.13999938964844,78.73999786376953,3555300,0.0,0.0
2024-07-17 00:00:00-04:00,77.31999969482422,78.01000213623047,75.27999877929688,75.45999908447266,9931000,0.0,0.0
2024-07-18 00:00:00-04:00,76.29000091552734,77.94999694824219,74.95999908447266,75.43000030517578,5717700,0.0,0.0
2024-07-19 00:00:00-04:00,75.02999877929688,75.37000274658203,72.0199966430664,72.52999877929688,6339600,0.0,0.0
2024-07-22 00:00:00-04:00,75.33999633789062,77.55999755859375,73.76000213623047,77.33000183105469,7758500,0.0,0.0
2024-07-23 00:00:00-04:00,75.0,75.38999938964844,72.81999969482422,73.38999938964844,7557800,0.0,0.0
2024-07-24 00:00:00-04:00,73.0999984741211,73.69000244140625,69.94999694824219,70.11000061035156,8138500,0.0,0.0
2024-07-25 00:00:00-04:00,67.83999633789062,70.72000122070312,66.77999877929688,67.54000091552734,9670800,0.0,0.0
2024-07-26 00:00:00-04:00,69.1500015258789,70.77999877929688,68.66000366210938,70.16999816894531,7765500,0.0,0.0
2024-07-29 00:00:00-04:00,75.9000015258789,80.08000183105469,75.5,78.2699966430664,22288700,0.0,0.0
2024-07-30 00:00:00-04:00,77.80000305175781,78.19000244140625,73.76000213623047,73.97000122070312,11851700,0.0,0.0
2024-07-31 00:00:00-04:00,75.80000305175781,79.44999694824219,74.83000183105469,78.25,11047900,0.0,0.0
2024-08-01 00:00:00-04:00,76.27999877929688,76.9000015258789,70.9800033569336,71.9000015258789,11569500,0.0,0.0
2024-08-02 00:00:00-04:00,69.5,69.8499984741211,67.12999725341797,67.94999694824219,11552900,0.0,0.0
2024-08-05 00:00:00-04:00,66.8499984741211,71.91999816894531,66.51000213623047,68.97000122070312,10311900,0.0,0.0
2024-08-06 00:00:00-04:00,69.0199966430664,70.72000122070312,67.44999694824219,68.51000213623047,6388300,0.0,0.0
2024-08-07 00:00:00-04:00,70.08000183105469,71.20999908447266,66.18000030517578,66.38999938964844,7370100,0.0,0.0
2024-08-08 00:00:00-04:00,68.94999694824219,72.4800033569336,68.2300033569336,72.2300033569336,9541700,0.0,0.0
2024-08-09 00:00:00-04:00,70.97000122070312,71.88999938964844,69.91999816894531,71.30000305175781,4275600,0.0,0.0
2024-08-12 00:00:00-04:00,71.31999969482422,71.66000366210938,69.61000061035156,70.37000274658203,3962500,0.0,0.0
2024-08-13 00:00:00-04:00,71.38999938964844,73.33999633789062,70.72000122070312,72.91000366210938,5650600,0.0,0.0
2024-08-14 00:00:00-04:00,73.05000305175781,73.23999786376953,70.27999877929688,71.08000183105469,5065100,0.0,0.0
2024-08-15 00:00:00-04:00,73.0,76.62000274658203,72.81999969482422,75.87999725341797,8367500,0.0,0.0
2024-08-16 00:00:00-04:00,75.0,76.4800033569336,74.81999969482422,75.83999633789062,5390100,0.0,0.0
2024-08-19 00:00:00-04:00,75.63999938964844,77.7699966430664,75.01000213623047,77.72000122070312,5014000,0.0,0.0
2024-08-20 00:00:00-04:00,76.77999877929688,77.08000183105469,75.20999908447266,75.81999969482422,5060000,0.0,0.0
2024-08-21 00:00:00-04:00,76.95999908447266,77.94000244140625,75.88999938964844,76.68000030517578,5330300,0.0,0.0
2024-08-22 00:00:00-04:00,76.97000122070312,77.0,73.11000061035156,73.37000274658203,7232300,0.0,0.0
2024-08-23 00:00:00-04:00,74.66999816894531,76.44999694824219,74.33000183105469,76.36000061035156,5685500,0.0,0.0
2024-08-26 00:00:00-04:00,76.22000122070312,76.25,74.37999725341797,74.81999969482422,5173700,0.0,0.0
2024-08-27 00:00:00-04:00,74.33999633789062,76.68000030517578,73.08999633789062,76.05999755859375,3806000,0.0,0.0
2024-08-28 00:00:00-04:00,76.0,76.18000030517578,73.70999908447266,74.62999725341797,4758900,0.0,0.0
2024-08-29 00:00:00-04:00,75.93000030517578,78.61000061035156,75.4800033569336,76.30000305175781,4845200,0.0,0.0
2024-08-30 00:00:00-04:00,78.12000274658203,78.47000122070312,76.66000366210938,77.87000274658203,4811900,0.0,0.0
2024-09-03 00:00:00-04:00,76.41000366210938,76.41000366210938,69.91999816894531,70.76000213623047,10785900,0.0,0.0
2024-09-04 00:00:00-04:00,69.88999938964844,72.16000366210938,69.27999877929688,70.52999877929688,6158400,0.0,0.0
2024-09-05 00:00:00-04:00,69.66999816894531,71.9000015258789,69.41000366210938,70.25,4791500,0.0,0.0
2024-09-06 00:00:00-04:00,70.01000213623047,71.27999877929688,67.41000366210938,67.91999816894531,8467500,0.0,0.0
2024-09-09 00:00:00-04:00,68.80000305175781,70.23999786376953,68.58999633789062,69.38999938964844,6394600,0.0,0.0
2024-09-10 00:00:00-04:00,68.31999969482422,68.3499984741211,66.95999908447266,68.2300033569336,4376700,0.0,0.0
2024-09-11 00:00:00-04:00,68.45999908447266,70.7300033569336,66.36000061035156,70.58000183105469,7463400,0.0,0.0
2024-09-12 00:00:00-04:00,70.06999969482422,70.0999984741211,68.19999694824219,69.33000183105469,4173800,0.0,0.0
2024-09-13 00:00:00-04:00,70.04000091552734,72.16999816894531,70.0199966430664,71.72000122070312,5495100,0.0,0.0
2024-09-16 00:00:00-04:00,70.80000305175781,71.45999908447266,69.1500015258789,70.37000274658203,4388600,0.0,0.0
2024-09-17 00:00:00-04:00,71.47000122070312,72.30000305175781,70.5199966430664,71.41999816894531,2711600,0.0,0.0
2024-09-18 00:00:00-04:00,71.29000091552734,73.36000061035156,70.1500015258789,70.63999938964844,4118200,0.0,0.0
2024-09-19 00:00:00-04:00,73.81999969482422,74.98999786376953,72.62000274658203,73.3499984741211,8075400,0.0,0.0
2024-09-20 00:00:00-04:00,71.04000091552734,71.44000244140625,68.38999938964844,69.56999969482422,12073700,0.0,0.0
2024-09-23 00:00:00-04:00,69.9800033569336,70.77999877929688,69.5,69.73999786376953,5107500,0.0,0.0
2024-09-24 00:00:00-04:00,70.9000015258789,72.31999969482422,69.9000015258789,70.47000122070312,4656500,0.0,0.0
2024-09-25 00:00:00-04:00,69.81999969482422,70.52999877929688,69.0999984741211,69.6500015258789,3331400,0.0,0.0
2024-09-26 00:00:00-04:00,72.36000061035156,73.91000366210938,70.08999633789062,73.31999969482422,5753100,0.0,0.0
2024-09-27 00:00:00-04:00,74.5999984741211,75.87999725341797,73.79000091552734,74.38999938964844,5289100,0.0,0.0
2024-09-30 00:00:00-04:00,72.30999755859375,73.54000091552734,71.22000122070312,72.61000061035156,6822500,0.0,0.0
2024-10-01 00:00:00-04:00,72.47000122070312,73.11000061035156,70.30000305175781,71.05000305175781,5971900,0.0,0.0
2024-10-02 00:00:00-04:00,71.08999633789062,72.55999755859375,70.38999938964844,71.51000213623047,4333200,0.0,0.0
2024-10-03 00:00:00-04:00,70.61000061035156,71.45999908447266,69.5,70.33000183105469,3652200,0.0,0.0
2024-10-04 00:00:00-04:00,72.2699966430664,72.68000030517578,70.93000030517578,71.54000091552734,4771800,0.0,0.0
2024-10-07 00:00:00-04:00,70.62000274658203,71.25,70.04000091552734,71.08999633789062,3790300,0.0,0.0
2024-10-08 00:00:00-04:00,70.83999633789062,71.13999938964844,69.45999908447266,70.52999877929688,3779200,0.0,0.0
2024-10-09 00:00:00-04:00,70.3499984741211,71.19000244140625,69.80999755859375,71.0,3873000,0.0,0.0
2024-10-10 00:00:00-04:00,69.87999725341797,70.38999938964844,69.16000366210938,70.30999755859375,4044800,0.0,0.0
2024-10-11 00:00:00-04:00,69.18000030517578,71.63999938964844,69.0,70.33000183105469,5136300,0.0,0.0
2024-10-14 00:00:00-04:00,71.0,72.97000122070312,70.04000091552734,72.79000091552734,4935100,0.0,0.0
2024-10-15 00:00:00-04:00,72.70999908447266,74.18000030517578,68.63999938964844,69.31999969482422,9303900,0.0,0.0
2024-10-16 00:00:00-04:00,70.66000366210938,71.20999908447266,68.91000366210938,69.02999877929688,7299700,0.0,0.0
2024-10-17 00:00:00-04:00,70.79000091552734,71.30000305175781,68.80000305175781,69.23999786376953,6293400,0.0,0.0
2024-10-18 00:00:00-04:00,70.45999908447266,70.56999969482422,68.29000091552734,68.48999786376953,5202400,0.0,0.0
2024-10-21 00:00:00-04:00,68.0999984741211,68.3499984741211,65.7699966430664,67.13999938964844,6743700,0.0,0.0
2024-10-22 00:00:00-04:00,66.66999816894531,67.05999755859375,65.68000030517578,66.54000091552734,6921400,0.0,0.0
2024-10-23 00:00:00-04:00,69.36000061035156,69.68000030517578,66.47000122070312,67.97000122070312,9256100,0.0,0.0
2024-10-24 00:00:00-04:00,69.52999877929688,70.13999938964844,68.36000061035156,70.08000183105469,7567000,0.0,0.0
2024-10-25 00:00:00-04:00,70.5999984741211,72.9800033569336,70.56999969482422,71.25,10772100,0.0,0.0
2024-10-28 00:00:00-04:00,67.30000305175781,75.19999694824219,66.62000274658203,72.23999786376953,16687300,0.0,0.0
2024-10-29 00:00:00-04:00,72.23999786376953,75.19999694824219,70.62000274658203,74.69999694824219,8222500,0.0,0.0
2024-10-30 00:00:00-04:00,73.6500015258789,76.05999755859375,72.81999969482422,73.62999725341797,8087700,0.0,0.0
2024-10-31 00:00:00-04:00,73.36000061035156,73.44000244140625,69.27999877929688,70.48999786376953,9975300,0.0,0.0
2024-11-01 00:00:00-04:00,70.5,72.5,70.16000366210938,70.98999786376953,5551200,0.0,0.0
2024-11-04 00:00:00-05:00,70.25,71.36000061035156,69.37000274658203,69.5,4008500,0.0,0.0
2024-11-05 00:00:00-05:00,69.33999633789062,70.61000061035156,68.4800033569336,70.19999694824219,5019600,0.0,0.0
2024-11-06 00:00:00-05:00,72.51000213623047,73.30000305175781,71.36000061035156,72.2699966430664,7771900,0.0,0.0
2024-11-07 00:00:00-05:00,73.1500015258789,73.45999908447266,71.94000244140625,72.05000305175781,5027700,0.0,0.0
2024-11-08 00:00:00-05:00,71.0,71.41999816894531,69.6500015258789,70.41000366210938,4742200,0.0,0.0
2024-11-11 00:00:00-05:00,71.0,71.01000213623047,68.80000305175781,69.95999908447266,6632600,0.0,0.0
2024-11-12 00:00:00-05:00,69.9000015258789,71.30000305175781,68.98999786376953,70.2300033569336,4852700,0.0,0.0
2024-11-13 00:00:00-05:00,69.0,69.80999755859375,67.83000183105469,68.48999786376953,5676400,0.0,0.0
2024-11-14 00:00:00-05:00,68.63999938964844,69.18000030517578,66.80000305175781,67.0199966430664,6420700,0.0,0.0
2024-11-15 00:00:00-05:00,66.30999755859375,66.83000183105469,64.58999633789062,64.76000213623047,6231100,0.0,0.0
2024-11-18 00:00:00-05:00,64.4800033569336,66.58000183105469,64.31999969482422,66.4800033569336,6371700,0.0,0.0
2024-11-19 00:00:00-05:00,66.47000122070312,67.22000122070312,66.0,66.6500015258789,5746300,0.0,0.0
2024-11-20 00:00:00-05:00,65.56999969482422,67.36000061035156,65.47000122070312,67.30999755859375,5098000,0.0,0.0
2024-11-21 00:00:00-05:00,67.9000015258789,69.12000274658203,66.44999694824219,68.47000122070312,4724600,0.0,0.0
2024-11-22 00:00:00-05:00,68.0199966430664,69.72000122070312,67.51000213623047,69.62000274658203,4092100,0.0,0.0
2024-11-25 00:00:00-05:00,71.16000366210938,73.48999786376953,70.30999755859375,72.38999938964844,6575600,0.0,0.0
2024-11-26 00:00:00-05:00,73.3499984741211,73.43000030517578,69.97000122070312,70.81999969482422,5136800,0.0,0.0
2024-11-27 00:00:00-05:00,70.30999755859375,71.33000183105469,69.13999938964844,70.3499984741211,3724400,0.0,0.0
2024-11-29 00:00:00-05:00,71.0,72.52999877929688,70.5999984741211,71.12000274658203,2900300,0.0,0.0
2024-12-02 00:00:00-05:00,71.0,74.5199966430664,70.75,73.94999694824219,6457100,0.0,0.0
2024-12-03 00:00:00-05:00,72.41999816894531,73.19000244140625,69.69000244140625,69.80999755859375,8883100,0.0,0.0
2024-12-04 00:00:00-05:00,70.51000213623047,70.51000213623047,65.3499984741211,65.97000122070312,13169500,0.0,0.0
2024-12-05 00:00:00-05:00,65.87999725341797,66.86000061035156,65.1500015258789,65.73999786376953,8527400,0.0,0.0
2024-12-06 00:00:00-05:00,66.27999877929688,67.04000091552734,65.91999816894531,66.5199966430664,5412000,0.0,0.0
2024-12-09 00:00:00-05:00,66.5199966430664,68.66000366210938,66.30000305175781,67.68000030517578,4963200,0.0,0.0
2024-12-10 00:00:00-05:00,67.9000015258789,68.11000061035156,66.05000305175781,66.33999633789062,4631600,0.0,0.0
2024-12-11 00:00:00-05:00,67.0,68.52999877929688,66.44000244140625,67.97000122070312,5698500,0.0,0.0
2024-12-12 00:00:00-05:00,66.9000015258789,67.5199966430664,66.26000213623047,67.11000061035156,4075800,0.0,0.0
2024-12-13 00:00:00-05:00,66.58000183105469,66.95999908447266,64.80000305175781,65.95999908447266,7179200,0.0,0.0
2024-12-16 00:00:00-05:00,65.4000015258789,67.27999877929688,64.94000244140625,66.44000244140625,6139800,0.0,0.0
2024-12-17 00:00:00-05:00,66.98999786376953,70.58000183105469,66.8499984741211,67.73999786376953,7810800,0.0,0.0
2024-12-18 00:00:00-05:00,67.88999938964844,69.2699966430664,64.62000274658203,64.93000030517578,9813100,0.0,0.0
2024-12-19 00:00:00-05:00,66.12999725341797,66.97000122070312,64.75,64.80000305175781,7630200,0.0,0.0
2024-12-20 00:00:00-05:00,64.22000122070312,66.86000061035156,63.939998626708984,65.5,12758500,0.0,0.0
2024-12-23 00:00:00-05:00,65.5,66.98999786376953,65.44999694824219,66.62999725341797,5257400,0.0,0.0
2024-12-24 00:00:00-05:00,66.62999725341797,67.91999816894531,66.41999816894531,67.9000015258789,3044800,0.0,0.0
2024-12-26 00:00:00-05:00,67.05000305175781,67.94999694824219,66.98999786376953,67.0199966430664,3659500,0.0,0.0
2024-12-27 00:00:00-05:00,66.69999694824219,67.05000305175781,65.4800033569336,66.01000213623047,4751900,0.0,0.0
2024-12-30 00:00:00-05:00,65.18000030517578,65.30999755859375,63.27000045776367,63.459999084472656,7230300,0.0,0.0
2024-12-31 00:00:00-05:00,63.790000915527344,64.2699966430664,62.779998779296875,63.04999923706055,4300000,0.0,0.0
2025-01-02 00:00:00-05:00,63.810001373291016,64.08999633789062,61.65999984741211,61.709999084472656,7392700,0.0,0.0
2025-01-03 00:00:00-05:00,61.95000076293945,64.47000122070312,61.58000183105469,63.90999984741211,6962700,0.0,0.0
2025-01-06 00:00:00-05:00,64.37999725341797,67.0,64.33000183105469,64.51000213623047,7368900,0.0,0.0
2025-01-07 00:00:00-05:00,64.77999877929688,65.25,62.31999969482422,62.72999954223633,9310400,0.0,0.0
2025-01-08 00:00:00-05:00,62.40999984741211,62.59000015258789,57.959999084472656,58.310001373291016,14868300,0.0,0.0
2025-01-10 00:00:00-05:00,56.380001068115234,56.599998474121094,53.599998474121094,53.939998626708984,17560000,0.0,0.0
2025-01-13 00:00:00-05:00,53.20000076293945,56.45000076293945,53.099998474121094,55.869998931884766,12195900,0.0,0.0
2025-01-14 00:00:00-05:00,55.27000045776367,56.459999084472656,54.5099983215332,55.18000030517578,6350600,0.0,0.0
2025-01-15 00:00:00-05:00,56.720001220703125,56.75,55.13999938964844,55.22999954223633,7968400,0.0,0.0
2025-01-16 00:00:00-05:00,55.20000076293945,55.47999954223633,53.459999084472656,53.5099983215332,8661000,0.0,0.0
2025-01-17 00:00:00-05:00,54.58000183105469,55.08000183105469,54.369998931884766,54.630001068115234,7298900,0.0,0.0
2025-01-21 00:00:00-05:00,55.099998474121094,56.11000061035156,54.869998931884766,55.61000061035156,6336200,0.0,0.0
2025-01-22 00:00:00-05:00,55.0,56.630001068115234,55.0,56.029998779296875,8091800,0.0,0.0
2025-01-23 00:00:00-05:00,55.04999923706055,56.29999923706055,54.65999984741211,56.2599983215332,9145800,0.0,0.0
2025-01-24 00:00:00-05:00,55.52000045776367,55.7400016784668,54.02000045776367,54.5,8758932,0.0,0.0
