Date,Open,High,Low,Close,Volume,Dividends,Stock Splits
2022-05-06 00:00:00-04:00,15.600000381469727,16.989999771118164,11.5,12.890000343322754,1512000,0.0,0.0
2022-05-09 00:00:00-04:00,12.25,12.75,10.932000160217285,11.899999618530273,384800,0.0,0.0
2022-05-10 00:00:00-04:00,11.90999984741211,11.920000076293945,10.819999694824219,11.149999618530273,59600,0.0,0.0
2022-05-11 00:00:00-04:00,11.239999771118164,11.9399995803833,10.09000015258789,11.890000343322754,126800,0.0,0.0
2022-05-12 00:00:00-04:00,11.539999961853027,11.899999618530273,10.850000381469727,11.899999618530273,106100,0.0,0.0
2022-05-13 00:00:00-04:00,12.489999771118164,12.675999641418457,10.5,11.729999542236328,40200,0.0,0.0
2022-05-16 00:00:00-04:00,11.5600004196167,12.100000381469727,11.0,11.260000228881836,36400,0.0,0.0
2022-05-17 00:00:00-04:00,11.039999961853027,12.0,9.279999732971191,11.90999984741211,76100,0.0,0.0
2022-05-18 00:00:00-04:00,11.859999656677246,11.90999984741211,10.859999656677246,11.649999618530273,34800,0.0,0.0
2022-05-19 00:00:00-04:00,11.210000038146973,11.8100004196167,10.574999809265137,11.489999771118164,63300,0.0,0.0
2022-05-20 00:00:00-04:00,11.649999618530273,11.979999542236328,10.5,11.239999771118164,58000,0.0,0.0
2022-05-23 00:00:00-04:00,11.270000457763672,12.0,7.820000171661377,9.210000038146973,203700,0.0,0.0
2022-05-24 00:00:00-04:00,9.279999732971191,10.029999732971191,8.760000228881836,9.0,51800,0.0,0.0
2022-05-25 00:00:00-04:00,9.34000015258789,11.199999809265137,8.699999809265137,10.350000381469727,140700,0.0,0.0
2022-05-26 00:00:00-04:00,10.430000305175781,10.850000381469727,10.239999771118164,10.300000190734863,39600,0.0,0.0
2022-05-27 00:00:00-04:00,10.390000343322754,11.65999984741211,10.010000228881836,10.880000114440918,85700,0.0,0.0
2022-05-31 00:00:00-04:00,11.399999618530273,12.0,10.803000450134277,11.1899995803833,156800,0.0,0.0
2022-06-01 00:00:00-04:00,11.199999809265137,11.5,10.5600004196167,10.920000076293945,82300,0.0,0.0
2022-06-02 00:00:00-04:00,10.890000343322754,11.260000228881836,10.569000244140625,11.140000343322754,82700,0.0,0.0
2022-06-03 00:00:00-04:00,10.970000267028809,11.585000038146973,10.279999732971191,10.579999923706055,90900,0.0,0.0
2022-06-06 00:00:00-04:00,10.960000038146973,12.0,10.529999732971191,10.850000381469727,304700,0.0,0.0
2022-06-07 00:00:00-04:00,10.899999618530273,10.899999618530273,10.380000114440918,10.5,114900,0.0,0.0
2022-06-08 00:00:00-04:00,10.5600004196167,11.350000381469727,10.520000457763672,11.010000228881836,86900,0.0,0.0
2022-06-09 00:00:00-04:00,11.109999656677246,11.430000305175781,10.460000038146973,11.149999618530273,103000,0.0,0.0
2022-06-10 00:00:00-04:00,11.010000228881836,11.680000305175781,11.0,11.15999984741211,55400,0.0,0.0
2022-06-13 00:00:00-04:00,11.140000343322754,11.880000114440918,10.350000381469727,10.529999732971191,62500,0.0,0.0
2022-06-14 00:00:00-04:00,10.430000305175781,10.640000343322754,9.369999885559082,9.970000267028809,67900,0.0,0.0
2022-06-15 00:00:00-04:00,10.460000038146973,10.8100004196167,9.65999984741211,10.470000267028809,93200,0.0,0.0
2022-06-16 00:00:00-04:00,9.819999694824219,11.9350004196167,9.819999694824219,11.800000190734863,135600,0.0,0.0
2022-06-17 00:00:00-04:00,12.289999961853027,12.319999694824219,10.9399995803833,12.010000228881836,525300,0.0,0.0
2022-06-21 00:00:00-04:00,12.0,12.149999618530273,11.59000015258789,11.8100004196167,117300,0.0,0.0
2022-06-22 00:00:00-04:00,11.739999771118164,12.0,11.069999694824219,11.859999656677246,152800,0.0,0.0
2022-06-23 00:00:00-04:00,12.130000114440918,12.239999771118164,10.920000076293945,12.239999771118164,85200,0.0,0.0
2022-06-24 00:00:00-04:00,12.140000343322754,12.539999961853027,11.255000114440918,11.739999771118164,925100,0.0,0.0
2022-06-27 00:00:00-04:00,11.90999984741211,12.0,11.479999542236328,11.84000015258789,113400,0.0,0.0
2022-06-28 00:00:00-04:00,11.763999938964844,12.0600004196167,11.600000381469727,11.829999923706055,88700,0.0,0.0
2022-06-29 00:00:00-04:00,11.479999542236328,11.710000038146973,9.729999542236328,10.399999618530273,141700,0.0,0.0
2022-06-30 00:00:00-04:00,10.239999771118164,10.890000343322754,9.880000114440918,9.930000305175781,77000,0.0,0.0
2022-07-01 00:00:00-04:00,9.8100004196167,10.444999694824219,9.270000457763672,10.210000038146973,61600,0.0,0.0
2022-07-05 00:00:00-04:00,10.140000343322754,10.720000267028809,9.989999771118164,10.670000076293945,107200,0.0,0.0
2022-07-06 00:00:00-04:00,10.979999542236328,11.645000457763672,10.850000381469727,11.520000457763672,55400,0.0,0.0
2022-07-07 00:00:00-04:00,11.630000114440918,12.699999809265137,11.600000381469727,11.979999542236328,70500,0.0,0.0
2022-07-08 00:00:00-04:00,11.630000114440918,12.199999809265137,11.489999771118164,11.970000267028809,57700,0.0,0.0
2022-07-11 00:00:00-04:00,11.970000267028809,12.0,10.779999732971191,10.850000381469727,25500,0.0,0.0
2022-07-12 00:00:00-04:00,11.029999732971191,11.210000038146973,10.260000228881836,10.59000015258789,36800,0.0,0.0
2022-07-13 00:00:00-04:00,10.579999923706055,10.640000343322754,9.9399995803833,10.170000076293945,30400,0.0,0.0
2022-07-14 00:00:00-04:00,10.220000267028809,10.5,9.600000381469727,10.0,30800,0.0,0.0
2022-07-15 00:00:00-04:00,10.300000190734863,10.300000190734863,9.149999618530273,9.369999885559082,44600,0.0,0.0
2022-07-18 00:00:00-04:00,9.489999771118164,10.390000343322754,9.319999694824219,10.279999732971191,42700,0.0,0.0
2022-07-19 00:00:00-04:00,10.470000267028809,10.845000267028809,10.029999732971191,10.680000305175781,51600,0.0,0.0
2022-07-20 00:00:00-04:00,10.84000015258789,11.25,10.25,11.149999618530273,64300,0.0,0.0
2022-07-21 00:00:00-04:00,11.020000457763672,11.949999809265137,10.720000267028809,11.949999809265137,37100,0.0,0.0
2022-07-22 00:00:00-04:00,11.880000114440918,11.9399995803833,11.399999618530273,11.789999961853027,17500,0.0,0.0
2022-07-25 00:00:00-04:00,11.550000190734863,12.550000190734863,11.300000190734863,12.100000381469727,65800,0.0,0.0
2022-07-26 00:00:00-04:00,12.09000015258789,12.979999542236328,11.880000114440918,12.75,103200,0.0,0.0
2022-07-27 00:00:00-04:00,13.0600004196167,13.0600004196167,12.359999656677246,12.720000267028809,26900,0.0,0.0
2022-07-28 00:00:00-04:00,12.569999694824219,12.569999694824219,11.539999961853027,12.239999771118164,17200,0.0,0.0
2022-07-29 00:00:00-04:00,12.140000343322754,12.960000038146973,10.880000114440918,11.199999809265137,65100,0.0,0.0
2022-08-01 00:00:00-04:00,11.039999961853027,11.039999961853027,10.329999923706055,10.640000343322754,9800,0.0,0.0
2022-08-02 00:00:00-04:00,10.449999809265137,11.229999542236328,10.390000343322754,11.020000457763672,17800,0.0,0.0
2022-08-03 00:00:00-04:00,11.0600004196167,11.4399995803833,10.289999961853027,11.359999656677246,16000,0.0,0.0
2022-08-04 00:00:00-04:00,11.649999618530273,12.425000190734863,11.649999618530273,12.029999732971191,31300,0.0,0.0
2022-08-05 00:00:00-04:00,11.869999885559082,12.0,11.039999961853027,11.270000457763672,22700,0.0,0.0
2022-08-08 00:00:00-04:00,11.449999809265137,11.989999771118164,11.210000038146973,11.600000381469727,12200,0.0,0.0
2022-08-09 00:00:00-04:00,11.600000381469727,11.600000381469727,10.319999694824219,10.520000457763672,20500,0.0,0.0
2022-08-10 00:00:00-04:00,10.13700008392334,11.489999771118164,10.13700008392334,11.489999771118164,10700,0.0,0.0
2022-08-11 00:00:00-04:00,11.6899995803833,11.859999656677246,11.039999961853027,11.199999809265137,8500,0.0,0.0
2022-08-12 00:00:00-04:00,11.399999618530273,11.399999618530273,10.010000228881836,10.449999809265137,18500,0.0,0.0
2022-08-15 00:00:00-04:00,10.449999809265137,10.619999885559082,9.979999542236328,10.619999885559082,14000,0.0,0.0
2022-08-16 00:00:00-04:00,10.65999984741211,11.399999618530273,10.65999984741211,10.670000076293945,27700,0.0,0.0
2022-08-17 00:00:00-04:00,10.510000228881836,11.979999542236328,10.119999885559082,10.460000038146973,24500,0.0,0.0
2022-08-18 00:00:00-04:00,10.460000038146973,11.003999710083008,10.09000015258789,10.149999618530273,34200,0.0,0.0
2022-08-19 00:00:00-04:00,10.020000457763672,10.850000381469727,10.020000457763672,10.149999618530273,17000,0.0,0.0
2022-08-22 00:00:00-04:00,10.130000114440918,10.649999618530273,9.475000381469727,9.630000114440918,39400,0.0,0.0
2022-08-23 00:00:00-04:00,9.649999618530273,11.0,9.550000190734863,9.649999618530273,28700,0.0,0.0
2022-08-24 00:00:00-04:00,9.550000190734863,10.475000381469727,9.449999809265137,9.670000076293945,34800,0.0,0.0
2022-08-25 00:00:00-04:00,9.800000190734863,10.234999656677246,9.755000114440918,9.899999618530273,11600,0.0,0.0
2022-08-26 00:00:00-04:00,9.989999771118164,10.020000457763672,9.770000457763672,9.880000114440918,14000,0.0,0.0
2022-08-29 00:00:00-04:00,9.8100004196167,9.979999542236328,9.359999656677246,9.800000190734863,6000,0.0,0.0
2022-08-30 00:00:00-04:00,8.779999732971191,9.59000015258789,8.619999885559082,9.369999885559082,13700,0.0,0.0
2022-08-31 00:00:00-04:00,9.385000228881836,9.579999923706055,9.220000267028809,9.5,16300,0.0,0.0
2022-09-01 00:00:00-04:00,9.470999717712402,10.010000228881836,9.39799976348877,9.75,29900,0.0,0.0
2022-09-02 00:00:00-04:00,9.859999656677246,9.920000076293945,9.65999984741211,9.779999732971191,20200,0.0,0.0
2022-09-06 00:00:00-04:00,9.989999771118164,10.510000228881836,9.96500015258789,10.329999923706055,40500,0.0,0.0
2022-09-07 00:00:00-04:00,10.25,11.84000015258789,10.25,10.510000228881836,34300,0.0,0.0
2022-09-08 00:00:00-04:00,10.649999618530273,10.9399995803833,10.399999618530273,10.699999809265137,26700,0.0,0.0
2022-09-09 00:00:00-04:00,10.630000114440918,10.760000228881836,9.399999618530273,9.899999618530273,28100,0.0,0.0
2022-09-12 00:00:00-04:00,9.890000343322754,10.449999809265137,9.4399995803833,9.770000457763672,21700,0.0,0.0
2022-09-13 00:00:00-04:00,9.609999656677246,9.795000076293945,8.640000343322754,8.819999694824219,65800,0.0,0.0
2022-09-14 00:00:00-04:00,8.800000190734863,8.866999626159668,7.449999809265137,7.679999828338623,78900,0.0,0.0
2022-09-15 00:00:00-04:00,7.840000152587891,7.840000152587891,6.849999904632568,6.940000057220459,35700,0.0,0.0
2022-09-16 00:00:00-04:00,6.53000020980835,6.53000020980835,5.519999980926514,5.630000114440918,84000,0.0,0.0
2022-09-19 00:00:00-04:00,5.590000152587891,5.639999866485596,5.235000133514404,5.449999809265137,128600,0.0,0.0
2022-09-20 00:00:00-04:00,5.210000038146973,5.940000057220459,5.159999847412109,5.210000038146973,23000,0.0,0.0
2022-09-21 00:00:00-04:00,5.039999961853027,5.650000095367432,4.829999923706055,4.860000133514404,74200,0.0,0.0
2022-09-22 00:00:00-04:00,4.880000114440918,5.179999828338623,4.581999778747559,4.929999828338623,82300,0.0,0.0
2022-09-23 00:00:00-04:00,4.900000095367432,5.159999847412109,4.320000171661377,4.980000019073486,45300,0.0,0.0
2022-09-26 00:00:00-04:00,4.949999809265137,5.21999979019165,4.769999980926514,5.050000190734863,33900,0.0,0.0
2022-09-27 00:00:00-04:00,5.25,5.289999961853027,4.909999847412109,5.199999809265137,54600,0.0,0.0
2022-09-28 00:00:00-04:00,6.079999923706055,12.84000015258789,5.980000019073486,10.930000305175781,9989100,0.0,0.0
2022-09-29 00:00:00-04:00,9.020000457763672,10.470000267028809,8.319999694824219,8.359999656677246,1694500,0.0,0.0
2022-09-30 00:00:00-04:00,8.970000267028809,9.5,8.550000190734863,9.079999923706055,309500,0.0,0.0
2022-10-03 00:00:00-04:00,9.0600004196167,10.119999885559082,8.720000267028809,9.3100004196167,267100,0.0,0.0
2022-10-04 00:00:00-04:00,9.130000114440918,10.600000381469727,9.109999656677246,10.380000114440918,227200,0.0,0.0
2022-10-05 00:00:00-04:00,10.180000305175781,11.079999923706055,9.90999984741211,10.470000267028809,407800,0.0,0.0
2022-10-06 00:00:00-04:00,10.539999961853027,11.545000076293945,10.279999732971191,11.300000190734863,90800,0.0,0.0
2022-10-07 00:00:00-04:00,10.760000228881836,12.100000381469727,10.760000228881836,11.989999771118164,230500,0.0,0.0
2022-10-10 00:00:00-04:00,12.289999961853027,13.84000015258789,11.380000114440918,12.869999885559082,169300,0.0,0.0
2022-10-11 00:00:00-04:00,12.800000190734863,16.0,12.560999870300293,14.630000114440918,161000,0.0,0.0
2022-10-12 00:00:00-04:00,14.380000114440918,14.90999984741211,11.649999618530273,11.960000038146973,245300,0.0,0.0
2022-10-13 00:00:00-04:00,11.960000038146973,12.140000343322754,10.956999778747559,11.369999885559082,152800,0.0,0.0
2022-10-14 00:00:00-04:00,11.0,11.550000190734863,10.630000114440918,11.0,98000,0.0,0.0
2022-10-17 00:00:00-04:00,11.34000015258789,11.649999618530273,10.0600004196167,10.210000038146973,134000,0.0,0.0
2022-10-18 00:00:00-04:00,10.239999771118164,11.0,10.239999771118164,10.569999694824219,57800,0.0,0.0
2022-10-19 00:00:00-04:00,10.4399995803833,10.600000381469727,9.5,9.829999923706055,66200,0.0,0.0
2022-10-20 00:00:00-04:00,9.979999542236328,10.529999732971191,9.380000114440918,9.489999771118164,88300,0.0,0.0
2022-10-21 00:00:00-04:00,9.600000381469727,9.829999923706055,8.970000267028809,9.380000114440918,95500,0.0,0.0
2022-10-24 00:00:00-04:00,9.1899995803833,9.539999961853027,9.0,9.470000267028809,81200,0.0,0.0
2022-10-25 00:00:00-04:00,9.039999961853027,9.75,9.039999961853027,9.529999732971191,56200,0.0,0.0
2022-10-26 00:00:00-04:00,9.899999618530273,10.760000228881836,9.020000457763672,10.4399995803833,72700,0.0,0.0
2022-10-27 00:00:00-04:00,10.289999961853027,10.899999618530273,9.699999809265137,10.010000228881836,41700,0.0,0.0
2022-10-28 00:00:00-04:00,10.109999656677246,11.09000015258789,9.800000190734863,10.8100004196167,62000,0.0,0.0
2022-10-31 00:00:00-04:00,10.369999885559082,12.4399995803833,10.369999885559082,12.279999732971191,63000,0.0,0.0
2022-11-01 00:00:00-04:00,12.5600004196167,13.454999923706055,11.680000305175781,12.949999809265137,80700,0.0,0.0
2022-11-02 00:00:00-04:00,13.050000190734863,13.050000190734863,10.289999961853027,10.779999732971191,156000,0.0,0.0
2022-11-03 00:00:00-04:00,10.529999732971191,10.694999694824219,10.274999618530273,10.5,42600,0.0,0.0
2022-11-04 00:00:00-04:00,10.289999961853027,10.859999656677246,9.78499984741211,10.75,47300,0.0,0.0
2022-11-07 00:00:00-05:00,10.5,12.25,10.5,11.720000267028809,96300,0.0,0.0
2022-11-08 00:00:00-05:00,11.8100004196167,12.199999809265137,11.414999961853027,11.819999694824219,71400,0.0,0.0
2022-11-09 00:00:00-05:00,11.65999984741211,12.069999694824219,10.850000381469727,11.069999694824219,47400,0.0,0.0
2022-11-10 00:00:00-05:00,11.25,13.395000457763672,11.25,12.5,138000,0.0,0.0
2022-11-11 00:00:00-05:00,12.0600004196167,13.380000114440918,12.0600004196167,13.319999694824219,46000,0.0,0.0
2022-11-14 00:00:00-05:00,13.329999923706055,16.344999313354492,13.329999923706055,14.430000305175781,85300,0.0,0.0
2022-11-15 00:00:00-05:00,14.760000228881836,15.0600004196167,14.15999984741211,14.40999984741211,65100,0.0,0.0
2022-11-16 00:00:00-05:00,14.170000076293945,16.225000381469727,13.920000076293945,14.989999771118164,298300,0.0,0.0
2022-11-17 00:00:00-05:00,14.670000076293945,17.389999389648438,14.4399995803833,16.479999542236328,256700,0.0,0.0
2022-11-18 00:00:00-05:00,16.399999618530273,16.399999618530273,15.369999885559082,15.699999809265137,133500,0.0,0.0
2022-11-21 00:00:00-05:00,15.880000114440918,17.809999465942383,15.050000190734863,16.56999969482422,137300,0.0,0.0
2022-11-22 00:00:00-05:00,16.690000534057617,17.479999542236328,15.09000015258789,15.229999542236328,489300,0.0,0.0
2022-11-23 00:00:00-05:00,15.279999732971191,15.350000381469727,13.899999618530273,14.069999694824219,68000,0.0,0.0
2022-11-25 00:00:00-05:00,14.359999656677246,14.96500015258789,13.850000381469727,14.90999984741211,54900,0.0,0.0
2022-11-28 00:00:00-05:00,14.710000038146973,15.204999923706055,14.319999694824219,14.579999923706055,74100,0.0,0.0
2022-11-29 00:00:00-05:00,14.75,14.989999771118164,14.630000114440918,14.770000457763672,24600,0.0,0.0
2022-11-30 00:00:00-05:00,14.65999984741211,15.0,14.210000038146973,14.960000038146973,45400,0.0,0.0
2022-12-01 00:00:00-05:00,15.0,15.050000190734863,13.8100004196167,14.0,55600,0.0,0.0
2022-12-02 00:00:00-05:00,13.850000381469727,15.208000183105469,13.850000381469727,14.9399995803833,101400,0.0,0.0
2022-12-05 00:00:00-05:00,14.819999694824219,15.0,14.46500015258789,14.979999542236328,68900,0.0,0.0
2022-12-06 00:00:00-05:00,15.170000076293945,15.170000076293945,13.369999885559082,13.869999885559082,383200,0.0,0.0
2022-12-07 00:00:00-05:00,13.8100004196167,14.039999961853027,12.899999618530273,13.380000114440918,63400,0.0,0.0
2022-12-08 00:00:00-05:00,13.4399995803833,14.25,13.4399995803833,13.90999984741211,40000,0.0,0.0
2022-12-09 00:00:00-05:00,13.989999771118164,14.0,13.5,13.59000015258789,58400,0.0,0.0
2022-12-12 00:00:00-05:00,13.59000015258789,14.65999984741211,13.302000045776367,14.25,65200,0.0,0.0
2022-12-13 00:00:00-05:00,14.25,14.899999618530273,13.65999984741211,14.010000228881836,54300,0.0,0.0
2022-12-14 00:00:00-05:00,14.0,14.859999656677246,13.84000015258789,14.069999694824219,80100,0.0,0.0
2022-12-15 00:00:00-05:00,13.829999923706055,14.300000190734863,13.550000190734863,13.920000076293945,69000,0.0,0.0
2022-12-16 00:00:00-05:00,13.869999885559082,14.5600004196167,13.78499984741211,14.210000038146973,921500,0.0,0.0
2022-12-19 00:00:00-05:00,14.34000015258789,14.670000076293945,13.510000228881836,14.09000015258789,84100,0.0,0.0
2022-12-20 00:00:00-05:00,13.989999771118164,14.850000381469727,13.850000381469727,14.510000228881836,88800,0.0,0.0
2022-12-21 00:00:00-05:00,15.380000114440918,16.231000900268555,14.729999542236328,15.0600004196167,81300,0.0,0.0
2022-12-22 00:00:00-05:00,15.0,15.140000343322754,14.572999954223633,15.0,69500,0.0,0.0
2022-12-23 00:00:00-05:00,15.399999618530273,15.399999618530273,14.84000015258789,15.020000457763672,389600,0.0,0.0
2022-12-27 00:00:00-05:00,15.079999923706055,15.079999923706055,14.380000114440918,14.5600004196167,48900,0.0,0.0
2022-12-28 00:00:00-05:00,14.819999694824219,15.175000190734863,14.270000457763672,14.329999923706055,63500,0.0,0.0
2022-12-29 00:00:00-05:00,14.569999694824219,15.109999656677246,14.25,14.59000015258789,74700,0.0,0.0
2022-12-30 00:00:00-05:00,14.430000305175781,14.609999656677246,12.710000038146973,13.369999885559082,218100,0.0,0.0
2023-01-03 00:00:00-05:00,13.569999694824219,13.829999923706055,13.079999923706055,13.329999923706055,85300,0.0,0.0
2023-01-04 00:00:00-05:00,13.180000305175781,14.829999923706055,13.180000305175781,14.699999809265137,59400,0.0,0.0
2023-01-05 00:00:00-05:00,14.600000381469727,14.970000267028809,14.59000015258789,14.779999732971191,83100,0.0,0.0
2023-01-06 00:00:00-05:00,14.899999618530273,15.350000381469727,14.699999809265137,15.0600004196167,51200,0.0,0.0
2023-01-09 00:00:00-05:00,15.319999694824219,15.319999694824219,14.449999809265137,14.550000190734863,127900,0.0,0.0
2023-01-10 00:00:00-05:00,14.510000228881836,14.529999732971191,13.760000228881836,14.300000190734863,63600,0.0,0.0
2023-01-11 00:00:00-05:00,14.140000343322754,15.350000381469727,14.074999809265137,14.760000228881836,89100,0.0,0.0
2023-01-12 00:00:00-05:00,14.449999809265137,16.049999237060547,14.430000305175781,16.0,117400,0.0,0.0
2023-01-13 00:00:00-05:00,15.9399995803833,16.469999313354492,15.640000343322754,16.0,70600,0.0,0.0
2023-01-17 00:00:00-05:00,15.949999809265137,16.09000015258789,15.449999809265137,15.510000228881836,13300,0.0,0.0
2023-01-18 00:00:00-05:00,15.789999961853027,16.0,15.479999542236328,15.680000305175781,47800,0.0,0.0
2023-01-19 00:00:00-05:00,15.630000114440918,16.295000076293945,15.630000114440918,16.139999389648438,30500,0.0,0.0
2023-01-20 00:00:00-05:00,16.459999084472656,17.3700008392334,16.229999542236328,17.290000915527344,105300,0.0,0.0
2023-01-23 00:00:00-05:00,17.540000915527344,17.799999237060547,16.43000030517578,16.549999237060547,51100,0.0,0.0
2023-01-24 00:00:00-05:00,16.649999618530273,17.170000076293945,16.59000015258789,16.770000457763672,23100,0.0,0.0
2023-01-25 00:00:00-05:00,16.65999984741211,17.18000030517578,16.5,17.079999923706055,31700,0.0,0.0
2023-01-26 00:00:00-05:00,17.299999237060547,17.530000686645508,17.1200008392334,17.139999389648438,62300,0.0,0.0
2023-01-27 00:00:00-05:00,16.809999465942383,17.354999542236328,16.110000610351562,16.1200008392334,21600,0.0,0.0
2023-01-30 00:00:00-05:00,16.0,16.139999389648438,15.520000457763672,15.829999923706055,34300,0.0,0.0
2023-01-31 00:00:00-05:00,15.75,16.110000610351562,15.5,15.619999885559082,38100,0.0,0.0
2023-02-01 00:00:00-05:00,15.619999885559082,15.899999618530273,15.317000389099121,15.6899995803833,45000,0.0,0.0
2023-02-02 00:00:00-05:00,15.75,15.914999961853027,15.4399995803833,15.680000305175781,30400,0.0,0.0
2023-02-03 00:00:00-05:00,15.420000076293945,15.704999923706055,15.300000190734863,15.380000114440918,25100,0.0,0.0
2023-02-06 00:00:00-05:00,15.460000038146973,17.19499969482422,15.218000411987305,16.959999084472656,41200,0.0,0.0
2023-02-07 00:00:00-05:00,17.15999984741211,17.450000762939453,16.780000686645508,17.290000915527344,27100,0.0,0.0
2023-02-08 00:00:00-05:00,17.0,17.350000381469727,16.690000534057617,17.170000076293945,18000,0.0,0.0
2023-02-09 00:00:00-05:00,17.450000762939453,17.469999313354492,16.270000457763672,16.299999237060547,26300,0.0,0.0
2023-02-10 00:00:00-05:00,16.06999969482422,17.729999542236328,16.06999969482422,17.09000015258789,95500,0.0,0.0
2023-02-13 00:00:00-05:00,17.229999542236328,17.985000610351562,17.075000762939453,17.700000762939453,53300,0.0,0.0
2023-02-14 00:00:00-05:00,17.700000762939453,17.940000534057617,16.290000915527344,16.399999618530273,23500,0.0,0.0
2023-02-15 00:00:00-05:00,16.459999084472656,17.009000778198242,15.53600025177002,16.3700008392334,33600,0.0,0.0
2023-02-16 00:00:00-05:00,16.219999313354492,17.309999465942383,15.970000267028809,16.559999465942383,56300,0.0,0.0
2023-02-17 00:00:00-05:00,16.790000915527344,17.420000076293945,16.420000076293945,17.010000228881836,24000,0.0,0.0
2023-02-21 00:00:00-05:00,17.356000900268555,17.356000900268555,16.59000015258789,16.6299991607666,18700,0.0,0.0
2023-02-22 00:00:00-05:00,17.395000457763672,17.395000457763672,16.100000381469727,16.829999923706055,17800,0.0,0.0
2023-02-23 00:00:00-05:00,17.1200008392334,17.81999969482422,16.450000762939453,16.979999542236328,45700,0.0,0.0
2023-02-24 00:00:00-05:00,16.573999404907227,17.540000915527344,16.3799991607666,16.790000915527344,28600,0.0,0.0
2023-02-27 00:00:00-05:00,17.110000610351562,17.110000610351562,15.729999542236328,15.779999732971191,51800,0.0,0.0
2023-02-28 00:00:00-05:00,15.850000381469727,16.565000534057617,15.25,15.270000457763672,34600,0.0,0.0
2023-03-01 00:00:00-05:00,15.25,16.15999984741211,15.020000457763672,15.25,31200,0.0,0.0
2023-03-02 00:00:00-05:00,15.220000267028809,15.75,15.020000457763672,15.470000267028809,11800,0.0,0.0
2023-03-03 00:00:00-05:00,15.649999618530273,16.020000457763672,15.210000038146973,15.850000381469727,11100,0.0,0.0
2023-03-06 00:00:00-05:00,16.06999969482422,16.459999084472656,15.359999656677246,16.3700008392334,27700,0.0,0.0
2023-03-07 00:00:00-05:00,16.6200008392334,17.200000762939453,15.710000038146973,17.020000457763672,30400,0.0,0.0
2023-03-08 00:00:00-05:00,17.260000228881836,17.420000076293945,16.510000228881836,16.729999542236328,13300,0.0,0.0
2023-03-09 00:00:00-05:00,16.65999984741211,16.899999618530273,15.880000114440918,16.280000686645508,9400,0.0,0.0
2023-03-10 00:00:00-05:00,16.43000030517578,16.43000030517578,13.729999542236328,14.369999885559082,28100,0.0,0.0
2023-03-13 00:00:00-04:00,14.079999923706055,15.125,12.890000343322754,13.729999542236328,19800,0.0,0.0
2023-03-14 00:00:00-04:00,14.319999694824219,14.319999694824219,13.218999862670898,14.0,40600,0.0,0.0
2023-03-15 00:00:00-04:00,13.510000228881836,14.420000076293945,13.0649995803833,13.729999542236328,34400,0.0,0.0
2023-03-16 00:00:00-04:00,13.390000343322754,14.899999618530273,12.510000228881836,14.6899995803833,17700,0.0,0.0
2023-03-17 00:00:00-04:00,14.430000305175781,17.700000762939453,13.539999961853027,17.700000762939453,101100,0.0,0.0
2023-03-20 00:00:00-04:00,17.40999984741211,17.440000534057617,16.59000015258789,16.959999084472656,37200,0.0,0.0
2023-03-21 00:00:00-04:00,17.350000381469727,17.450000762939453,16.795000076293945,17.0,20500,0.0,0.0
2023-03-22 00:00:00-04:00,18.229999542236328,18.350000381469727,16.350000381469727,16.489999771118164,27700,0.0,0.0
2023-03-23 00:00:00-04:00,16.610000610351562,19.0,15.989999771118164,16.8799991607666,70100,0.0,0.0
2023-03-24 00:00:00-04:00,20.0,20.0,14.270000457763672,15.229999542236328,44100,0.0,0.0
2023-03-27 00:00:00-04:00,15.180000305175781,15.180000305175781,12.449999809265137,12.770000457763672,58900,0.0,0.0
2023-03-28 00:00:00-04:00,12.770000457763672,13.034000396728516,11.25,11.5,51900,0.0,0.0
2023-03-29 00:00:00-04:00,11.800000190734863,11.800000190734863,11.0,11.4399995803833,32000,0.0,0.0
2023-03-30 00:00:00-04:00,11.300000190734863,12.130000114440918,11.300000190734863,11.880000114440918,33300,0.0,0.0
2023-03-31 00:00:00-04:00,12.09000015258789,13.104999542236328,11.25,12.229999542236328,216600,0.0,0.0
2023-04-03 00:00:00-04:00,12.5,13.100000381469727,12.270000457763672,12.569999694824219,21700,0.0,0.0
2023-04-04 00:00:00-04:00,12.300000190734863,12.5,12.220000267028809,12.319999694824219,22600,0.0,0.0
2023-04-05 00:00:00-04:00,12.319999694824219,12.430000305175781,11.25,11.5,48900,0.0,0.0
2023-04-06 00:00:00-04:00,11.390000343322754,12.300000190734863,11.029999732971191,11.399999618530273,19300,0.0,0.0
2023-04-10 00:00:00-04:00,11.420000076293945,12.119999885559082,11.010000228881836,11.510000228881836,48700,0.0,0.0
2023-04-11 00:00:00-04:00,11.6899995803833,11.90999984741211,10.869999885559082,11.0,55500,0.0,0.0
2023-04-12 00:00:00-04:00,11.0,11.0,9.399999618530273,9.720000267028809,35100,0.0,0.0
2023-04-13 00:00:00-04:00,9.619999885559082,10.461999893188477,9.300000190734863,10.3100004196167,37400,0.0,0.0
2023-04-14 00:00:00-04:00,10.289999961853027,10.289999961853027,8.890000343322754,9.270000457763672,34500,0.0,0.0
2023-04-17 00:00:00-04:00,9.565999984741211,11.515000343322754,9.390000343322754,11.40999984741211,37400,0.0,0.0
2023-04-18 00:00:00-04:00,11.529999732971191,11.770000457763672,10.670000076293945,11.630000114440918,30200,0.0,0.0
2023-04-19 00:00:00-04:00,11.359999656677246,12.944999694824219,11.25,12.510000228881836,21700,0.0,0.0
2023-04-20 00:00:00-04:00,12.800000190734863,12.800000190734863,12.135000228881836,12.5600004196167,19200,0.0,0.0
2023-04-21 00:00:00-04:00,12.399999618530273,12.899999618530273,12.204999923706055,12.550000190734863,36200,0.0,0.0
2023-04-24 00:00:00-04:00,12.699999809265137,13.949999809265137,12.640000343322754,13.720000267028809,23200,0.0,0.0
2023-04-25 00:00:00-04:00,13.4399995803833,14.210000038146973,12.4399995803833,13.5600004196167,21000,0.0,0.0
2023-04-26 00:00:00-04:00,13.359999656677246,13.869999885559082,12.899999618530273,13.369999885559082,17900,0.0,0.0
2023-04-27 00:00:00-04:00,13.210000038146973,14.800000190734863,13.210000038146973,14.710000038146973,27300,0.0,0.0
2023-04-28 00:00:00-04:00,14.539999961853027,15.770000457763672,14.539999961853027,15.09000015258789,35800,0.0,0.0
2023-05-01 00:00:00-04:00,15.149999618530273,15.984999656677246,14.050000190734863,14.270000457763672,43000,0.0,0.0
2023-05-02 00:00:00-04:00,14.890000343322754,15.069999694824219,13.579999923706055,14.25,56100,0.0,0.0
2023-05-03 00:00:00-04:00,14.5,15.354999542236328,14.029999732971191,14.779999732971191,32900,0.0,0.0
2023-05-04 00:00:00-04:00,14.1899995803833,15.350000381469727,14.1850004196167,14.699999809265137,40100,0.0,0.0
2023-05-05 00:00:00-04:00,14.989999771118164,15.229999542236328,14.536999702453613,14.930000305175781,44900,0.0,0.0
2023-05-08 00:00:00-04:00,14.819999694824219,15.65999984741211,14.789999961853027,14.979999542236328,11600,0.0,0.0
2023-05-09 00:00:00-04:00,15.09000015258789,15.449999809265137,14.300000190734863,14.859999656677246,20100,0.0,0.0
2023-05-10 00:00:00-04:00,15.300000190734863,15.300000190734863,14.420000076293945,14.670000076293945,21400,0.0,0.0
2023-05-11 00:00:00-04:00,14.640000343322754,14.949999809265137,14.140000343322754,14.239999771118164,40600,0.0,0.0
2023-05-12 00:00:00-04:00,14.510000228881836,15.479999542236328,14.031000137329102,14.699999809265137,18300,0.0,0.0
2023-05-15 00:00:00-04:00,14.770000457763672,15.760000228881836,14.597000122070312,15.0,51800,0.0,0.0
2023-05-16 00:00:00-04:00,14.720000267028809,15.199999809265137,14.25,14.510000228881836,59300,0.0,0.0
2023-05-17 00:00:00-04:00,14.5,14.819999694824219,14.220000267028809,14.520000457763672,49100,0.0,0.0
2023-05-18 00:00:00-04:00,14.529999732971191,15.09000015258789,13.729999542236328,14.949999809265137,19700,0.0,0.0
2023-05-19 00:00:00-04:00,15.489999771118164,15.760000228881836,14.1899995803833,14.359999656677246,40500,0.0,0.0
2023-05-22 00:00:00-04:00,14.350000381469727,15.239999771118164,14.1850004196167,14.399999618530273,98600,0.0,0.0
2023-05-23 00:00:00-04:00,14.59000015258789,14.829999923706055,13.375,14.319999694824219,160600,0.0,0.0
2023-05-24 00:00:00-04:00,14.210000038146973,14.640000343322754,14.130000114440918,14.300000190734863,23900,0.0,0.0
2023-05-25 00:00:00-04:00,14.569999694824219,14.614999771118164,13.295000076293945,14.199999809265137,39600,0.0,0.0
2023-05-26 00:00:00-04:00,15.303999900817871,15.979999542236328,14.244999885559082,15.289999961853027,61700,0.0,0.0
2023-05-30 00:00:00-04:00,15.359999656677246,15.9399995803833,15.25,15.779999732971191,57000,0.0,0.0
2023-05-31 00:00:00-04:00,14.329999923706055,15.239999771118164,13.652000427246094,14.979999542236328,31600,0.0,0.0
2023-06-01 00:00:00-04:00,14.260000228881836,15.449999809265137,13.880000114440918,14.75,34700,0.0,0.0
2023-06-02 00:00:00-04:00,15.369999885559082,16.190000534057617,14.779999732971191,16.139999389648438,39900,0.0,0.0
2023-06-05 00:00:00-04:00,15.220000267028809,16.079999923706055,15.149999618530273,15.670000076293945,24900,0.0,0.0
2023-06-06 00:00:00-04:00,15.8100004196167,16.559999465942383,15.5,16.260000228881836,88600,0.0,0.0
2023-06-07 00:00:00-04:00,16.479999542236328,16.73200035095215,15.420000076293945,15.729999542236328,74400,0.0,0.0
2023-06-08 00:00:00-04:00,15.729999542236328,16.600000381469727,15.399999618530273,16.389999389648438,77000,0.0,0.0
2023-06-09 00:00:00-04:00,16.34000015258789,16.392000198364258,11.949999809265137,12.279999732971191,213300,0.0,0.0
2023-06-12 00:00:00-04:00,12.279999732971191,12.539999961853027,11.760000228881836,11.960000038146973,88300,0.0,0.0
2023-06-13 00:00:00-04:00,11.90999984741211,13.619999885559082,11.8100004196167,13.260000228881836,80700,0.0,0.0
2023-06-14 00:00:00-04:00,12.869999885559082,14.210000038146973,11.90999984741211,12.199999809265137,94000,0.0,0.0
2023-06-15 00:00:00-04:00,12.1899995803833,13.180000305175781,11.819999694824219,12.90999984741211,53900,0.0,0.0
2023-06-16 00:00:00-04:00,13.1899995803833,13.720000267028809,12.149999618530273,12.220000267028809,78900,0.0,0.0
2023-06-20 00:00:00-04:00,12.220000267028809,12.220000267028809,9.569999694824219,10.100000381469727,96100,0.0,0.0
2023-06-21 00:00:00-04:00,10.460000038146973,10.460000038146973,8.34000015258789,9.229999542236328,112500,0.0,0.0
2023-06-22 00:00:00-04:00,9.09000015258789,9.680000305175781,9.039999961853027,9.609999656677246,63400,0.0,0.0
2023-06-23 00:00:00-04:00,9.3100004196167,10.869999885559082,9.3100004196167,10.069999694824219,570500,0.0,0.0
2023-06-26 00:00:00-04:00,10.109999656677246,10.350000381469727,9.470000267028809,9.539999961853027,64800,0.0,0.0
2023-06-27 00:00:00-04:00,9.649999618530273,10.029999732971191,9.33899974822998,9.739999771118164,20400,0.0,0.0
2023-06-28 00:00:00-04:00,9.760000228881836,10.109999656677246,9.539999961853027,9.899999618530273,70300,0.0,0.0
2023-06-29 00:00:00-04:00,9.880000114440918,10.300000190734863,9.600000381469727,9.760000228881836,18400,0.0,0.0
2023-06-30 00:00:00-04:00,9.920000076293945,9.920000076293945,8.75,8.9399995803833,30100,0.0,0.0
2023-07-03 00:00:00-04:00,8.800000190734863,9.119999885559082,8.800000190734863,9.09000015258789,14100,0.0,0.0
2023-07-05 00:00:00-04:00,9.050000190734863,9.260000228881836,8.175000190734863,8.25,67700,0.0,0.0
2023-07-06 00:00:00-04:00,8.210000038146973,8.210000038146973,7.741000175476074,7.889999866485596,29300,0.0,0.0
2023-07-07 00:00:00-04:00,8.140000343322754,8.3100004196167,7.789999961853027,8.229999542236328,24900,0.0,0.0
2023-07-10 00:00:00-04:00,8.970000267028809,9.081000328063965,8.220000267028809,8.569999694824219,81700,0.0,0.0
2023-07-11 00:00:00-04:00,8.569999694824219,8.829999923706055,8.199999809265137,8.5,25600,0.0,0.0
2023-07-12 00:00:00-04:00,8.65999984741211,8.9399995803833,8.270000457763672,8.489999771118164,37600,0.0,0.0
2023-07-13 00:00:00-04:00,8.4399995803833,8.770000457763672,8.220000267028809,8.350000381469727,26400,0.0,0.0
2023-07-14 00:00:00-04:00,8.25,8.399999618530273,8.0600004196167,8.0600004196167,12900,0.0,0.0
2023-07-17 00:00:00-04:00,7.800000190734863,8.520000457763672,7.559999942779541,7.679999828338623,58000,0.0,0.0
2023-07-18 00:00:00-04:00,7.579999923706055,7.929999828338623,7.144999980926514,7.429999828338623,84200,0.0,0.0
2023-07-19 00:00:00-04:00,7.449999809265137,7.730000019073486,7.079999923706055,7.25,75800,0.0,0.0
2023-07-20 00:00:00-04:00,7.28000020980835,8.050000190734863,7.010000228881836,7.96999979019165,62200,0.0,0.0
2023-07-21 00:00:00-04:00,7.989999771118164,8.385000228881836,7.710000038146973,7.820000171661377,31300,0.0,0.0
2023-07-24 00:00:00-04:00,7.940000057220459,8.15999984741211,7.519999980926514,7.579999923706055,33200,0.0,0.0
2023-07-25 00:00:00-04:00,7.539999961853027,7.889999866485596,7.010000228881836,7.119999885559082,73800,0.0,0.0
2023-07-26 00:00:00-04:00,7.059999942779541,7.380000114440918,6.434999942779541,6.53000020980835,56400,0.0,0.0
2023-07-27 00:00:00-04:00,6.480000019073486,6.480000019073486,5.610000133514404,5.699999809265137,67500,0.0,0.0
2023-07-28 00:00:00-04:00,5.789999961853027,6.599999904632568,5.78000020980835,6.170000076293945,87100,0.0,0.0
2023-07-31 00:00:00-04:00,6.21999979019165,6.349999904632568,5.889999866485596,5.989999771118164,42400,0.0,0.0
2023-08-01 00:00:00-04:00,6.0,6.2769999504089355,5.900000095367432,5.940000057220459,80700,0.0,0.0
2023-08-02 00:00:00-04:00,5.889999866485596,5.889999866485596,5.269999980926514,5.590000152587891,118800,0.0,0.0
2023-08-03 00:00:00-04:00,5.449999809265137,5.900000095367432,5.400000095367432,5.699999809265137,67300,0.0,0.0
2023-08-04 00:00:00-04:00,5.699999809265137,5.889999866485596,5.190000057220459,5.21999979019165,59700,0.0,0.0
2023-08-07 00:00:00-04:00,5.230000019073486,5.550000190734863,4.96999979019165,5.0,47100,0.0,0.0
2023-08-08 00:00:00-04:00,4.989999771118164,5.239999771118164,4.710000038146973,5.130000114440918,78600,0.0,0.0
2023-08-09 00:00:00-04:00,5.130000114440918,5.320000171661377,4.949999809265137,5.260000228881836,50800,0.0,0.0
2023-08-10 00:00:00-04:00,5.130000114440918,5.329999923706055,5.0,5.300000190734863,26400,0.0,0.0
2023-08-11 00:00:00-04:00,5.300000190734863,5.610000133514404,5.210000038146973,5.579999923706055,25400,0.0,0.0
2023-08-14 00:00:00-04:00,5.599999904632568,5.619999885559082,5.190000057220459,5.539999961853027,32700,0.0,0.0
2023-08-15 00:00:00-04:00,5.400000095367432,5.929999828338623,5.360000133514404,5.869999885559082,44000,0.0,0.0
2023-08-16 00:00:00-04:00,5.96999979019165,6.28000020980835,5.864999771118164,6.070000171661377,27100,0.0,0.0
2023-08-17 00:00:00-04:00,6.21999979019165,6.809999942779541,6.019999980926514,6.730000019073486,39100,0.0,0.0
2023-08-18 00:00:00-04:00,6.71999979019165,7.150000095367432,6.670000076293945,7.130000114440918,39000,0.0,0.0
2023-08-21 00:00:00-04:00,7.130000114440918,7.300000190734863,6.480000019073486,7.190000057220459,47900,0.0,0.0
2023-08-22 00:00:00-04:00,7.090000152587891,7.39900016784668,6.599999904632568,6.699999809265137,50100,0.0,0.0
2023-08-23 00:00:00-04:00,6.760000228881836,7.39900016784668,6.139999866485596,6.25,37700,0.0,0.0
2023-08-24 00:00:00-04:00,6.210000038146973,6.210000038146973,5.289999961853027,5.364999771118164,24700,0.0,0.0
2023-08-25 00:00:00-04:00,5.260000228881836,5.539999961853027,5.190000057220459,5.449999809265137,27700,0.0,0.0
2023-08-28 00:00:00-04:00,5.440000057220459,5.525000095367432,5.050000190734863,5.460000038146973,18300,0.0,0.0
2023-08-29 00:00:00-04:00,5.460000038146973,6.349999904632568,5.460000038146973,6.349999904632568,15300,0.0,0.0
2023-08-30 00:00:00-04:00,6.067999839782715,6.289999961853027,5.980000019073486,6.25,16200,0.0,0.0
2023-08-31 00:00:00-04:00,6.25,6.510000228881836,6.039999961853027,6.300000190734863,18600,0.0,0.0
2023-09-01 00:00:00-04:00,6.440000057220459,6.625,6.090000152587891,6.460000038146973,9600,0.0,0.0
2023-09-05 00:00:00-04:00,6.360000133514404,6.440000057220459,5.809999942779541,5.840000152587891,50200,0.0,0.0
2023-09-06 00:00:00-04:00,5.889999866485596,6.059999942779541,5.809999942779541,6.03000020980835,24800,0.0,0.0
2023-09-07 00:00:00-04:00,5.980000019073486,6.570000171661377,5.980000019073486,6.309999942779541,24900,0.0,0.0
2023-09-08 00:00:00-04:00,6.309999942779541,6.454999923706055,6.179999828338623,6.380000114440918,24600,0.0,0.0
2023-09-11 00:00:00-04:00,6.460000038146973,6.460000038146973,6.119999885559082,6.139999866485596,12900,0.0,0.0
2023-09-12 00:00:00-04:00,6.059999942779541,6.400000095367432,6.059999942779541,6.329999923706055,38700,0.0,0.0
2023-09-13 00:00:00-04:00,6.400000095367432,6.400000095367432,5.920000076293945,6.019999980926514,20000,0.0,0.0
2023-09-14 00:00:00-04:00,6.019999980926514,6.329999923706055,5.920000076293945,6.110000133514404,15800,0.0,0.0
2023-09-15 00:00:00-04:00,6.110000133514404,6.159999847412109,5.78000020980835,5.809999942779541,49100,0.0,0.0
2023-09-18 00:00:00-04:00,5.894999980926514,5.900000095367432,5.329999923706055,5.329999923706055,17800,0.0,0.0
2023-09-19 00:00:00-04:00,5.300000190734863,5.78000020980835,5.21999979019165,5.570000171661377,20300,0.0,0.0
2023-09-20 00:00:00-04:00,5.53000020980835,5.828000068664551,5.380000114440918,5.389999866485596,20800,0.0,0.0
2023-09-21 00:00:00-04:00,5.409999847412109,5.639999866485596,5.104000091552734,5.5,40400,0.0,0.0
2023-09-22 00:00:00-04:00,5.5,5.550000190734863,5.090000152587891,5.119999885559082,95900,0.0,0.0
2023-09-25 00:00:00-04:00,5.119999885559082,5.540999889373779,5.03000020980835,5.03000020980835,33600,0.0,0.0
2023-09-26 00:00:00-04:00,5.050000190734863,5.539999961853027,5.019999980926514,5.019999980926514,52100,0.0,0.0
2023-09-27 00:00:00-04:00,5.010000228881836,5.335000038146973,5.010000228881836,5.130000114440918,21200,0.0,0.0
2023-09-28 00:00:00-04:00,5.099999904632568,5.284999847412109,5.050000190734863,5.079999923706055,40700,0.0,0.0
2023-09-29 00:00:00-04:00,5.489999771118164,5.489999771118164,5.059999942779541,5.079999923706055,31900,0.0,0.0
2023-10-02 00:00:00-04:00,5.130000114440918,5.130000114440918,4.599999904632568,4.639999866485596,68100,0.0,0.0
2023-10-03 00:00:00-04:00,4.619999885559082,5.210000038146973,4.260000228881836,4.630000114440918,50100,0.0,0.0
2023-10-04 00:00:00-04:00,4.699999809265137,5.269999980926514,4.510000228881836,4.769999980926514,41600,0.0,0.0
2023-10-05 00:00:00-04:00,4.880000114440918,5.0,4.610000133514404,4.889999866485596,50500,0.0,0.0
2023-10-06 00:00:00-04:00,4.889999866485596,5.079999923706055,4.639999866485596,4.960000038146973,10800,0.0,0.0
2023-10-09 00:00:00-04:00,4.909999847412109,5.050000190734863,4.78000020980835,4.900000095367432,18800,0.0,0.0
2023-10-10 00:00:00-04:00,5.0,5.5,4.889999866485596,5.349999904632568,34900,0.0,0.0
2023-10-11 00:00:00-04:00,5.429999828338623,5.829999923706055,5.170000076293945,5.260000228881836,87300,0.0,0.0
2023-10-12 00:00:00-04:00,5.230000019073486,5.650000095367432,4.880000114440918,5.639999866485596,165100,0.0,0.0
2023-10-13 00:00:00-04:00,5.699999809265137,6.179999828338623,5.460000038146973,5.650000095367432,303000,0.0,0.0
2023-10-16 00:00:00-04:00,5.75,5.96999979019165,5.420000076293945,5.420000076293945,42200,0.0,0.0
2023-10-17 00:00:00-04:00,5.510000228881836,6.03000020980835,5.510000228881836,5.625,83900,0.0,0.0
2023-10-18 00:00:00-04:00,5.599999904632568,5.78000020980835,5.440000057220459,5.539999961853027,19500,0.0,0.0
2023-10-19 00:00:00-04:00,5.590000152587891,5.590000152587891,5.144000053405762,5.46999979019165,23900,0.0,0.0
2023-10-20 00:00:00-04:00,5.5,6.21999979019165,5.46999979019165,5.53000020980835,104900,0.0,0.0
2023-10-23 00:00:00-04:00,5.420000076293945,5.590000152587891,5.329999923706055,5.380000114440918,109200,0.0,0.0
2023-10-24 00:00:00-04:00,5.380000114440918,5.53000020980835,5.190000057220459,5.300000190734863,95400,0.0,0.0
2023-10-25 00:00:00-04:00,5.539999961853027,5.539999961853027,5.059999942779541,5.139999866485596,10200,0.0,0.0
2023-10-26 00:00:00-04:00,5.139999866485596,5.3429999351501465,5.050000190734863,5.340000152587891,11700,0.0,0.0
2023-10-27 00:00:00-04:00,5.539999961853027,5.539999961853027,5.184999942779541,5.440000057220459,28500,0.0,0.0
2023-10-30 00:00:00-04:00,5.440000057220459,5.78000020980835,5.360000133514404,5.610000133514404,48200,0.0,0.0
2023-10-31 00:00:00-04:00,5.610000133514404,5.639999866485596,5.090000152587891,5.119999885559082,80800,0.0,0.0
2023-11-01 00:00:00-04:00,5.119999885559082,5.210000038146973,4.920000076293945,5.099999904632568,16700,0.0,0.0
2023-11-02 00:00:00-04:00,5.199999809265137,5.260000228881836,5.0,5.130000114440918,21700,0.0,0.0
2023-11-03 00:00:00-04:00,5.099999904632568,5.300000190734863,5.039999961853027,5.239999771118164,36500,0.0,0.0
2023-11-06 00:00:00-05:00,5.170000076293945,5.409999847412109,5.050000190734863,5.099999904632568,25400,0.0,0.0
2023-11-07 00:00:00-05:00,5.050000190734863,5.159999847412109,4.909999847412109,5.0,19600,0.0,0.0
2023-11-08 00:00:00-05:00,4.800000190734863,4.800000190734863,4.269999980926514,4.480000019073486,37800,0.0,0.0
2023-11-09 00:00:00-05:00,4.349999904632568,4.389999866485596,4.019999980926514,4.070000171661377,17000,0.0,0.0
2023-11-10 00:00:00-05:00,3.990000009536743,4.179999828338623,3.7200000286102295,3.859999895095825,70700,0.0,0.0
2023-11-13 00:00:00-05:00,3.8399999141693115,4.76200008392334,3.819999933242798,4.340000152587891,408100,0.0,0.0
2023-11-14 00:00:00-05:00,4.070000171661377,4.699999809265137,4.070000171661377,4.300000190734863,160900,0.0,0.0
2023-11-15 00:00:00-05:00,4.159999847412109,4.28000020980835,4.090000152587891,4.239999771118164,32900,0.0,0.0
2023-11-16 00:00:00-05:00,4.130000114440918,4.230000019073486,3.990000009536743,4.159999847412109,589200,0.0,0.0
2023-11-17 00:00:00-05:00,4.21999979019165,4.25,3.809999942779541,4.0,49200,0.0,0.0
2023-11-20 00:00:00-05:00,3.950000047683716,4.659999847412109,3.9000000953674316,4.659999847412109,54500,0.0,0.0
2023-11-21 00:00:00-05:00,4.650000095367432,4.900000095367432,4.489999771118164,4.659999847412109,31700,0.0,0.0
2023-11-22 00:00:00-05:00,4.75,4.75,4.409999847412109,4.670000076293945,35100,0.0,0.0
2023-11-24 00:00:00-05:00,4.579999923706055,4.800000190734863,4.46999979019165,4.480000019073486,7800,0.0,0.0
2023-11-27 00:00:00-05:00,4.480000019073486,4.730000019073486,4.269999980926514,4.550000190734863,85200,0.0,0.0
2023-11-28 00:00:00-05:00,4.550000190734863,4.659999847412109,4.323999881744385,4.550000190734863,79500,0.0,0.0
2023-11-29 00:00:00-05:00,4.599999904632568,4.679999828338623,4.440000057220459,4.650000095367432,25800,0.0,0.0
2023-11-30 00:00:00-05:00,4.650000095367432,4.980000019073486,4.635000228881836,4.900000095367432,18900,0.0,0.0
2023-12-01 00:00:00-05:00,4.929999828338623,5.480000019073486,4.75,5.369999885559082,36300,0.0,0.0
2023-12-04 00:00:00-05:00,5.260000228881836,7.15500020980835,5.260000228881836,6.139999866485596,172000,0.0,0.0
2023-12-05 00:00:00-05:00,6.090000152587891,6.800000190734863,5.794000148773193,6.179999828338623,37700,0.0,0.0
2023-12-06 00:00:00-05:00,5.929999828338623,6.420000076293945,5.929999828338623,6.400000095367432,24100,0.0,0.0
2023-12-07 00:00:00-05:00,6.289999961853027,6.355000019073486,6.005000114440918,6.340000152587891,19000,0.0,0.0
2023-12-08 00:00:00-05:00,6.440000057220459,7.0,6.425000190734863,6.96999979019165,37800,0.0,0.0
2023-12-11 00:00:00-05:00,6.849999904632568,7.0,6.369999885559082,6.590000152587891,46200,0.0,0.0
2023-12-12 00:00:00-05:00,6.559999942779541,7.179999828338623,6.559999942779541,7.019999980926514,41300,0.0,0.0
2023-12-13 00:00:00-05:00,7.005000114440918,8.0,6.920000076293945,7.960000038146973,37000,0.0,0.0
2023-12-14 00:00:00-05:00,7.96999979019165,7.96999979019165,7.019999980926514,7.090000152587891,41400,0.0,0.0
2023-12-15 00:00:00-05:00,7.050000190734863,7.050000190734863,6.369999885559082,6.630000114440918,295200,0.0,0.0
2023-12-18 00:00:00-05:00,6.619999885559082,7.28000020980835,6.441999912261963,7.03000020980835,96100,0.0,0.0
2023-12-19 00:00:00-05:00,7.059999942779541,7.400000095367432,5.409999847412109,6.010000228881836,163300,0.0,0.0
2023-12-20 00:00:00-05:00,6.110000133514404,7.599999904632568,6.072000026702881,6.5,55000,0.0,0.0
2023-12-21 00:00:00-05:00,6.460000038146973,7.099999904632568,6.244999885559082,6.760000228881836,29300,0.0,0.0
2023-12-22 00:00:00-05:00,6.699999809265137,7.079999923706055,6.550000190734863,6.710000038146973,59700,0.0,0.0
2023-12-26 00:00:00-05:00,6.650000095367432,7.099999904632568,6.639999866485596,7.079999923706055,18500,0.0,0.0
2023-12-27 00:00:00-05:00,7.099999904632568,7.28000020980835,6.809999942779541,7.110000133514404,25000,0.0,0.0
2023-12-28 00:00:00-05:00,7.099999904632568,7.289999961853027,6.409999847412109,7.050000190734863,106700,0.0,0.0
2023-12-29 00:00:00-05:00,7.0,7.150000095367432,6.730000019073486,6.800000190734863,80100,0.0,0.0
2024-01-02 00:00:00-05:00,6.78000020980835,7.304999828338623,6.769999980926514,7.090000152587891,31900,0.0,0.0
2024-01-03 00:00:00-05:00,7.179999828338623,7.451000213623047,6.730000019073486,6.809999942779541,41700,0.0,0.0
2024-01-04 00:00:00-05:00,6.940000057220459,8.062999725341797,6.5,7.829999923706055,47500,0.0,0.0
2024-01-05 00:00:00-05:00,8.140000343322754,8.208999633789062,7.570000171661377,7.710000038146973,38600,0.0,0.0
2024-01-08 00:00:00-05:00,7.579999923706055,7.829999923706055,7.420000076293945,7.619999885559082,34200,0.0,0.0
2024-01-09 00:00:00-05:00,7.900000095367432,7.900000095367432,7.420000076293945,7.449999809265137,21100,0.0,0.0
2024-01-10 00:00:00-05:00,7.5,7.896999835968018,7.019999980926514,7.269999980926514,23000,0.0,0.0
2024-01-11 00:00:00-05:00,6.960000038146973,7.63700008392334,6.730000019073486,6.960000038146973,23500,0.0,0.0
2024-01-12 00:00:00-05:00,7.010000228881836,7.054999828338623,6.820000171661377,6.869999885559082,8400,0.0,0.0
2024-01-16 00:00:00-05:00,6.710000038146973,6.900000095367432,6.521999835968018,6.630000114440918,16400,0.0,0.0
2024-01-17 00:00:00-05:00,6.71999979019165,6.927999973297119,6.510000228881836,6.840000152587891,9000,0.0,0.0
2024-01-18 00:00:00-05:00,6.730000019073486,6.929999828338623,6.599999904632568,6.769999980926514,20000,0.0,0.0
2024-01-19 00:00:00-05:00,6.829999923706055,6.929999828338623,6.510000228881836,6.730000019073486,24500,0.0,0.0
2024-01-22 00:00:00-05:00,6.920000076293945,7.099999904632568,6.703999996185303,6.869999885559082,25700,0.0,0.0
2024-01-23 00:00:00-05:00,7.010000228881836,7.238999843597412,6.619999885559082,6.880000114440918,23600,0.0,0.0
2024-01-24 00:00:00-05:00,6.889999866485596,7.079999923706055,6.690000057220459,6.789999961853027,7600,0.0,0.0
2024-01-25 00:00:00-05:00,6.940000057220459,7.099999904632568,6.679999828338623,6.929999828338623,69400,0.0,0.0
2024-01-26 00:00:00-05:00,6.929999828338623,7.119999885559082,6.860000133514404,6.860000133514404,11900,0.0,0.0
2024-01-29 00:00:00-05:00,6.769999980926514,7.360000133514404,6.769999980926514,7.25,70400,0.0,0.0
2024-01-30 00:00:00-05:00,7.489999771118164,12.0,7.300000190734863,10.930000305175781,1475100,0.0,0.0
2024-01-31 00:00:00-05:00,10.699999809265137,10.920000076293945,10.029999732971191,10.029999732971191,137600,0.0,0.0
2024-02-01 00:00:00-05:00,10.039999961853027,12.989999771118164,10.029999732971191,12.390000343322754,1211600,0.0,0.0
2024-02-02 00:00:00-05:00,12.869999885559082,14.201000213623047,11.510000228881836,11.65999984741211,197400,0.0,0.0
2024-02-05 00:00:00-05:00,11.399999618530273,11.399999618530273,10.359999656677246,10.630000114440918,70400,0.0,0.0
2024-02-06 00:00:00-05:00,10.449999809265137,10.880000114440918,10.430000305175781,10.635000228881836,43400,0.0,0.0
2024-02-07 00:00:00-05:00,12.329999923706055,12.930000305175781,11.75,12.510000228881836,201500,0.0,0.0
2024-02-08 00:00:00-05:00,12.270000457763672,15.760000228881836,12.079999923706055,15.09000015258789,443100,0.0,0.0
2024-02-09 00:00:00-05:00,14.510000228881836,15.140000343322754,14.5,14.65999984741211,54900,0.0,0.0
2024-02-12 00:00:00-05:00,14.710000038146973,15.109999656677246,12.305000305175781,13.449999809265137,232900,0.0,0.0
2024-02-13 00:00:00-05:00,13.09000015258789,13.574999809265137,12.649999618530273,13.010000228881836,88900,0.0,0.0
2024-02-14 00:00:00-05:00,14.130000114440918,14.130000114440918,13.369999885559082,13.529999732971191,60900,0.0,0.0
2024-02-15 00:00:00-05:00,13.819999694824219,14.25,13.769000053405762,14.109999656677246,60500,0.0,0.0
2024-02-16 00:00:00-05:00,14.0,14.595000267028809,13.600000381469727,13.890000343322754,63400,0.0,0.0
2024-02-20 00:00:00-05:00,13.739999771118164,14.390000343322754,13.4399995803833,13.779999732971191,68800,0.0,0.0
2024-02-21 00:00:00-05:00,13.890000343322754,14.350000381469727,13.515000343322754,13.649999618530273,69800,0.0,0.0
2024-02-22 00:00:00-05:00,13.600000381469727,14.3149995803833,13.562000274658203,13.949999809265137,107500,0.0,0.0
2024-02-23 00:00:00-05:00,14.0,14.569999694824219,13.5600004196167,13.880000114440918,100000,0.0,0.0
2024-02-26 00:00:00-05:00,13.880000114440918,14.59000015258789,13.880000114440918,14.529999732971191,46200,0.0,0.0
2024-02-27 00:00:00-05:00,14.609999656677246,15.899999618530273,14.609999656677246,15.359999656677246,168100,0.0,0.0
2024-02-28 00:00:00-05:00,15.489999771118164,15.649999618530273,14.550000190734863,14.779999732971191,115300,0.0,0.0
2024-02-29 00:00:00-05:00,15.100000381469727,17.399999618530273,15.029999732971191,16.950000762939453,185200,0.0,0.0
2024-03-01 00:00:00-05:00,17.100000381469727,17.408000946044922,16.209999084472656,16.6200008392334,176200,0.0,0.0
2024-03-04 00:00:00-05:00,16.6299991607666,17.450000762939453,16.6200008392334,17.299999237060547,185200,0.0,0.0
2024-03-05 00:00:00-05:00,17.229999542236328,17.510000228881836,16.6200008392334,16.6299991607666,84200,0.0,0.0
2024-03-06 00:00:00-05:00,16.190000534057617,16.864999771118164,15.270000457763672,15.40999984741211,168800,0.0,0.0
2024-03-07 00:00:00-05:00,15.199999809265137,15.274999618530273,11.710000038146973,14.180000305175781,240600,0.0,0.0
2024-03-08 00:00:00-05:00,14.289999961853027,15.039999961853027,14.069999694824219,14.239999771118164,76300,0.0,0.0
2024-03-11 00:00:00-04:00,14.1899995803833,14.920000076293945,14.010000228881836,14.130000114440918,45800,0.0,0.0
2024-03-12 00:00:00-04:00,14.289999961853027,14.670000076293945,13.869999885559082,13.890000343322754,41000,0.0,0.0
2024-03-13 00:00:00-04:00,14.15999984741211,14.859999656677246,13.359999656677246,13.75,91100,0.0,0.0
2024-03-14 00:00:00-04:00,14.010000228881836,14.350000381469727,13.5,13.90999984741211,69600,0.0,0.0
2024-03-15 00:00:00-04:00,13.770000457763672,16.139999389648438,13.770000457763672,15.4399995803833,673300,0.0,0.0
2024-03-18 00:00:00-04:00,15.8100004196167,15.819999694824219,13.609999656677246,13.649999618530273,95900,0.0,0.0
2024-03-19 00:00:00-04:00,13.59000015258789,14.739999771118164,13.59000015258789,13.970000267028809,48400,0.0,0.0
2024-03-20 00:00:00-04:00,14.100000381469727,15.350000381469727,13.979999542236328,14.869999885559082,61500,0.0,0.0
2024-03-21 00:00:00-04:00,14.739999771118164,15.25,14.270000457763672,14.789999961853027,34700,0.0,0.0
2024-03-22 00:00:00-04:00,14.720000267028809,15.369999885559082,14.529999732971191,14.90999984741211,41200,0.0,0.0
2024-03-25 00:00:00-04:00,14.960000038146973,14.987000465393066,12.574999809265137,13.289999961853027,102200,0.0,0.0
2024-03-26 00:00:00-04:00,13.229999542236328,13.5,12.569000244140625,13.130000114440918,22100,0.0,0.0
2024-03-27 00:00:00-04:00,13.170000076293945,14.180000305175781,13.170000076293945,14.09000015258789,25700,0.0,0.0
2024-03-28 00:00:00-04:00,14.199999809265137,14.895000457763672,14.032999992370605,14.699999809265137,30700,0.0,0.0
2024-04-01 00:00:00-04:00,14.59000015258789,15.34000015258789,14.229999542236328,14.479999542236328,173500,0.0,0.0
2024-04-02 00:00:00-04:00,14.210000038146973,14.210000038146973,12.574999809265137,13.050000190734863,69700,0.0,0.0
2024-04-03 00:00:00-04:00,12.789999961853027,13.4399995803833,10.779999732971191,10.869999885559082,110100,0.0,0.0
2024-04-04 00:00:00-04:00,11.029999732971191,11.859999656677246,11.0,11.59000015258789,58000,0.0,0.0
2024-04-05 00:00:00-04:00,11.369999885559082,11.90999984741211,11.329999923706055,11.890000343322754,18900,0.0,0.0
2024-04-08 00:00:00-04:00,11.989999771118164,12.479999542236328,11.510000228881836,12.359999656677246,38400,0.0,0.0
2024-04-09 00:00:00-04:00,12.369999885559082,12.890000343322754,11.489999771118164,12.140000343322754,27900,0.0,0.0
2024-04-10 00:00:00-04:00,12.029999732971191,12.5,11.680000305175781,11.899999618530273,34800,0.0,0.0
2024-04-11 00:00:00-04:00,12.140000343322754,12.869999885559082,11.770000457763672,12.710000038146973,37200,0.0,0.0
2024-04-12 00:00:00-04:00,13.880000114440918,13.899999618530273,12.109999656677246,13.0,39000,0.0,0.0
2024-04-15 00:00:00-04:00,13.029999732971191,13.210000038146973,11.989999771118164,12.229999542236328,44100,0.0,0.0
2024-04-16 00:00:00-04:00,12.239999771118164,12.875,12.020000457763672,12.59000015258789,46000,0.0,0.0
2024-04-17 00:00:00-04:00,12.119999885559082,12.505000114440918,11.199999809265137,11.5,81000,0.0,0.0
2024-04-18 00:00:00-04:00,11.34000015258789,12.130000114440918,11.079999923706055,11.845000267028809,47200,0.0,0.0
2024-04-19 00:00:00-04:00,11.739999771118164,12.25,10.390000343322754,10.53499984741211,117900,0.0,0.0
2024-04-22 00:00:00-04:00,10.609999656677246,11.4399995803833,10.21500015258789,11.390000343322754,69400,0.0,0.0
2024-04-23 00:00:00-04:00,11.390000343322754,11.800000190734863,11.375,11.720000267028809,14300,0.0,0.0
2024-04-24 00:00:00-04:00,11.699999809265137,11.970000267028809,11.289999961853027,11.829999923706055,20100,0.0,0.0
2024-04-25 00:00:00-04:00,11.609999656677246,11.920000076293945,10.850000381469727,11.699999809265137,35200,0.0,0.0
2024-04-26 00:00:00-04:00,11.9399995803833,12.09000015258789,11.26099967956543,11.930000305175781,38400,0.0,0.0
2024-04-29 00:00:00-04:00,11.880000114440918,12.789999961853027,11.588000297546387,11.680000305175781,74600,0.0,0.0
2024-04-30 00:00:00-04:00,11.770000457763672,12.710000038146973,11.770000457763672,12.279999732971191,36300,0.0,0.0
2024-05-01 00:00:00-04:00,12.734999656677246,13.9350004196167,12.100000381469727,13.899999618530273,146600,0.0,0.0
2024-05-02 00:00:00-04:00,14.0,14.59000015258789,13.40999984741211,14.489999771118164,160700,0.0,0.0
2024-05-03 00:00:00-04:00,14.5,15.220000267028809,13.949999809265137,14.199999809265137,106200,0.0,0.0
2024-05-06 00:00:00-04:00,14.229999542236328,14.640000343322754,13.640000343322754,13.949999809265137,43500,0.0,0.0
2024-05-07 00:00:00-04:00,14.0,14.4399995803833,13.678999900817871,13.960000038146973,38300,0.0,0.0
2024-05-08 00:00:00-04:00,14.079999923706055,14.149999618530273,13.600000381469727,13.699999809265137,24300,0.0,0.0
2024-05-09 00:00:00-04:00,13.970000267028809,14.15999984741211,13.289999961853027,13.34000015258789,41000,0.0,0.0
2024-05-10 00:00:00-04:00,13.569999694824219,14.069999694824219,13.260000228881836,14.010000228881836,26500,0.0,0.0
2024-05-13 00:00:00-04:00,14.289999961853027,14.815999984741211,13.130000114440918,13.300000190734863,33500,0.0,0.0
2024-05-14 00:00:00-04:00,13.699999809265137,14.020000457763672,13.189000129699707,13.989999771118164,77800,0.0,0.0
2024-05-15 00:00:00-04:00,14.359999656677246,14.59000015258789,13.579999923706055,13.819999694824219,40000,0.0,0.0
2024-05-16 00:00:00-04:00,13.729999542236328,13.826000213623047,13.100000381469727,13.649999618530273,21500,0.0,0.0
2024-05-17 00:00:00-04:00,13.819999694824219,13.899999618530273,13.15999984741211,13.15999984741211,41300,0.0,0.0
2024-05-20 00:00:00-04:00,13.0,13.65999984741211,12.300000190734863,13.489999771118164,62600,0.0,0.0
2024-05-21 00:00:00-04:00,13.319999694824219,14.100000381469727,13.319999694824219,13.890000343322754,201600,0.0,0.0
2024-05-22 00:00:00-04:00,13.800000190734863,14.354999542236328,13.649999618530273,14.0600004196167,89400,0.0,0.0
2024-05-23 00:00:00-04:00,14.109999656677246,14.90999984741211,13.520000457763672,14.239999771118164,81000,0.0,0.0
2024-05-24 00:00:00-04:00,14.380000114440918,14.619999885559082,13.859999656677246,14.5600004196167,32800,0.0,0.0
2024-05-28 00:00:00-04:00,14.869999885559082,15.09000015258789,13.770000457763672,14.5,155000,0.0,0.0
2024-05-29 00:00:00-04:00,14.15999984741211,16.739999771118164,14.15999984741211,16.549999237060547,74700,0.0,0.0
2024-05-30 00:00:00-04:00,16.969999313354492,17.229999542236328,15.65999984741211,16.350000381469727,103100,0.0,0.0
2024-05-31 00:00:00-04:00,16.600000381469727,16.625999450683594,15.84000015258789,16.329999923706055,72300,0.0,0.0
2024-06-03 00:00:00-04:00,16.100000381469727,16.899999618530273,15.524999618530273,16.760000228881836,68500,0.0,0.0
2024-06-04 00:00:00-04:00,16.860000610351562,17.059999465942383,15.010000228881836,15.760000228881836,100500,0.0,0.0
2024-06-05 00:00:00-04:00,15.760000228881836,18.349000930786133,15.760000228881836,18.139999389648438,86800,0.0,0.0
2024-06-06 00:00:00-04:00,18.34000015258789,18.34000015258789,17.208999633789062,17.34000015258789,56200,0.0,0.0
2024-06-07 00:00:00-04:00,17.040000915527344,17.190000534057617,16.56999969482422,16.56999969482422,24800,0.0,0.0
2024-06-10 00:00:00-04:00,16.389999389648438,17.959999084472656,16.010000228881836,17.8799991607666,155100,0.0,0.0
2024-06-11 00:00:00-04:00,17.940000534057617,18.15999984741211,17.030000686645508,17.920000076293945,25900,0.0,0.0
2024-06-12 00:00:00-04:00,18.3700008392334,18.3799991607666,17.350000381469727,17.709999084472656,35500,0.0,0.0
2024-06-13 00:00:00-04:00,17.8700008392334,17.979999542236328,17.229999542236328,17.479999542236328,27700,0.0,0.0
2024-06-14 00:00:00-04:00,17.3799991607666,17.5,16.940000534057617,17.25,49200,0.0,0.0
2024-06-17 00:00:00-04:00,17.0,17.549999237060547,16.790000915527344,17.3700008392334,44200,0.0,0.0
2024-06-18 00:00:00-04:00,17.174999237060547,17.540000915527344,16.239999771118164,16.360000610351562,73300,0.0,0.0
2024-06-20 00:00:00-04:00,16.399999618530273,17.079999923706055,15.880000114440918,16.799999237060547,60600,0.0,0.0
2024-06-21 00:00:00-04:00,16.8700008392334,17.329999923706055,16.670000076293945,17.059999465942383,84600,0.0,0.0
2024-06-24 00:00:00-04:00,17.31999969482422,18.719999313354492,17.31999969482422,17.84000015258789,124400,0.0,0.0
2024-06-25 00:00:00-04:00,17.739999771118164,17.979999542236328,16.690000534057617,16.770000457763672,107300,0.0,0.0
2024-06-26 00:00:00-04:00,16.530000686645508,17.3700008392334,16.440000534057617,16.920000076293945,124600,0.0,0.0
2024-06-27 00:00:00-04:00,16.989999771118164,17.280000686645508,16.059999465942383,16.459999084472656,118500,0.0,0.0
2024-06-28 00:00:00-04:00,16.450000762939453,17.100000381469727,15.789999961853027,15.960000038146973,1354800,0.0,0.0
2024-07-01 00:00:00-04:00,15.829999923706055,18.079999923706055,15.795000076293945,17.90999984741211,328300,0.0,0.0
2024-07-02 00:00:00-04:00,18.040000915527344,18.040000915527344,16.309999465942383,16.31999969482422,83200,0.0,0.0
2024-07-03 00:00:00-04:00,16.559999465942383,16.719999313354492,16.06999969482422,16.68000030517578,53300,0.0,0.0
2024-07-05 00:00:00-04:00,16.709999084472656,16.860000610351562,16.399999618530273,16.84000015258789,53100,0.0,0.0
2024-07-08 00:00:00-04:00,17.0,17.700000762939453,16.402000427246094,16.780000686645508,77400,0.0,0.0
2024-07-09 00:00:00-04:00,16.68000030517578,17.670000076293945,16.68000030517578,17.280000686645508,77000,0.0,0.0
2024-07-10 00:00:00-04:00,17.229999542236328,17.639999389648438,16.760000228881836,16.93000030517578,33200,0.0,0.0
2024-07-11 00:00:00-04:00,17.469999313354492,17.79400062561035,16.209999084472656,17.299999237060547,132000,0.0,0.0
2024-07-12 00:00:00-04:00,17.700000762939453,18.309999465942383,16.219999313354492,16.84000015258789,102600,0.0,0.0
2024-07-15 00:00:00-04:00,17.139999389648438,17.139999389648438,16.329999923706055,16.530000686645508,93700,0.0,0.0
2024-07-16 00:00:00-04:00,16.850000381469727,18.200000762939453,16.700000762939453,18.0,115100,0.0,0.0
2024-07-17 00:00:00-04:00,18.0,18.0,17.010000228881836,17.860000610351562,48900,0.0,0.0
2024-07-18 00:00:00-04:00,17.68000030517578,18.549999237060547,16.43000030517578,16.6200008392334,152900,0.0,0.0
2024-07-19 00:00:00-04:00,16.739999771118164,16.899999618530273,16.420000076293945,16.549999237060547,38000,0.0,0.0
2024-07-22 00:00:00-04:00,16.600000381469727,17.059999465942383,16.395000457763672,16.989999771118164,28900,0.0,0.0
2024-07-23 00:00:00-04:00,17.0,17.899999618530273,17.0,17.59000015258789,45500,0.0,0.0
2024-07-24 00:00:00-04:00,17.299999237060547,18.010000228881836,17.299999237060547,17.559999465942383,36800,0.0,0.0
2024-07-25 00:00:00-04:00,17.709999084472656,18.5,17.530000686645508,18.020000457763672,121800,0.0,0.0
2024-07-26 00:00:00-04:00,18.389999389648438,18.899999618530273,17.6299991607666,18.549999237060547,124200,0.0,0.0
2024-07-29 00:00:00-04:00,18.649999618530273,19.29800033569336,17.0,17.510000228881836,134200,0.0,0.0
2024-07-30 00:00:00-04:00,17.610000610351562,17.770000457763672,16.649999618530273,16.979999542236328,79300,0.0,0.0
2024-07-31 00:00:00-04:00,10.260000228881836,12.470000267028809,8.0,11.430000305175781,1560300,0.0,0.0
2024-08-01 00:00:00-04:00,11.15999984741211,11.274999618530273,9.960000038146973,10.069999694824219,471700,0.0,0.0
2024-08-02 00:00:00-04:00,9.609999656677246,10.081999778747559,9.600000381469727,9.8100004196167,110500,0.0,0.0
2024-08-05 00:00:00-04:00,9.220000267028809,9.430000305175781,8.859999656677246,9.270000457763672,210000,0.0,0.0
2024-08-06 00:00:00-04:00,9.229999542236328,9.84000015258789,9.1899995803833,9.390000343322754,246500,0.0,0.0
2024-08-07 00:00:00-04:00,9.619999885559082,9.619999885559082,8.8100004196167,8.880000114440918,102200,0.0,0.0
2024-08-08 00:00:00-04:00,8.859999656677246,9.220000267028809,8.729999542236328,8.979999542236328,167100,0.0,0.0
2024-08-09 00:00:00-04:00,9.079999923706055,9.369999885559082,8.5,8.59000015258789,145200,0.0,0.0
2024-08-12 00:00:00-04:00,8.59000015258789,8.630000114440918,7.920000076293945,8.619999885559082,109000,0.0,0.0
2024-08-13 00:00:00-04:00,8.75,8.880000114440918,7.739999771118164,7.75,264900,0.0,0.0
2024-08-14 00:00:00-04:00,7.730000019073486,8.460000038146973,7.730000019073486,8.329999923706055,534300,0.0,0.0
2024-08-15 00:00:00-04:00,8.579999923706055,9.140000343322754,8.5,9.069999694824219,638300,0.0,0.0
2024-08-16 00:00:00-04:00,9.079999923706055,9.5,9.079999923706055,9.4399995803833,122600,0.0,0.0
2024-08-19 00:00:00-04:00,9.470000267028809,10.149999618530273,9.119999885559082,9.829999923706055,195700,0.0,0.0
2024-08-20 00:00:00-04:00,9.699999809265137,9.90999984741211,9.390000343322754,9.729999542236328,62000,0.0,0.0
2024-08-21 00:00:00-04:00,9.789999961853027,10.050000190734863,9.555000305175781,9.850000381469727,102900,0.0,0.0
2024-08-22 00:00:00-04:00,9.970000267028809,9.970000267028809,9.220000267028809,9.710000038146973,87900,0.0,0.0
2024-08-23 00:00:00-04:00,9.699999809265137,9.984999656677246,9.40999984741211,9.670000076293945,47700,0.0,0.0
2024-08-26 00:00:00-04:00,9.6899995803833,10.140000343322754,9.59000015258789,9.880000114440918,82700,0.0,0.0
2024-08-27 00:00:00-04:00,9.760000228881836,9.850000381469727,9.265000343322754,9.569999694824219,93400,0.0,0.0
2024-08-28 00:00:00-04:00,9.569999694824219,9.670000076293945,8.869999885559082,9.399999618530273,57300,0.0,0.0
2024-08-29 00:00:00-04:00,9.529999732971191,9.9350004196167,9.149999618530273,9.25,55800,0.0,0.0
2024-08-30 00:00:00-04:00,9.359999656677246,9.680000305175781,8.739999771118164,9.630000114440918,86600,0.0,0.0
2024-09-03 00:00:00-04:00,9.579999923706055,9.579999923706055,8.970000267028809,9.140000343322754,52300,0.0,0.0
2024-09-04 00:00:00-04:00,9.039999961853027,9.350000381469727,8.649999618530273,9.100000381469727,246500,0.0,0.0
2024-09-05 00:00:00-04:00,9.170000076293945,9.1899995803833,8.619999885559082,8.859999656677246,376400,0.0,0.0
2024-09-06 00:00:00-04:00,8.880000114440918,9.265000343322754,8.75,8.829999923706055,208500,0.0,0.0
2024-09-09 00:00:00-04:00,8.800000190734863,9.460000038146973,8.5649995803833,8.970000267028809,93200,0.0,0.0
2024-09-10 00:00:00-04:00,8.979999542236328,9.15999984741211,8.619999885559082,8.699999809265137,84200,0.0,0.0
2024-09-11 00:00:00-04:00,8.609999656677246,9.010000228881836,8.149999618530273,9.010000228881836,67400,0.0,0.0
2024-09-12 00:00:00-04:00,9.109999656677246,9.34000015258789,8.949999809265137,9.050000190734863,34700,0.0,0.0
2024-09-13 00:00:00-04:00,9.149999618530273,9.585000038146973,9.005000114440918,9.479999542236328,159100,0.0,0.0
2024-09-16 00:00:00-04:00,9.520000457763672,9.710000038146973,9.0600004196167,9.119999885559082,61300,0.0,0.0
2024-09-17 00:00:00-04:00,9.119999885559082,9.265000343322754,8.8100004196167,9.119999885559082,54000,0.0,0.0
2024-09-18 00:00:00-04:00,9.14799976348877,9.664999961853027,8.960000038146973,9.260000228881836,53400,0.0,0.0
2024-09-19 00:00:00-04:00,9.569999694824219,10.055000305175781,9.234999656677246,9.350000381469727,60500,0.0,0.0
2024-09-20 00:00:00-04:00,9.390000343322754,9.630000114440918,8.8100004196167,9.199999809265137,155500,0.0,0.0
2024-09-23 00:00:00-04:00,9.329999923706055,9.369999885559082,8.609999656677246,8.979999542236328,79300,0.0,0.0
2024-09-24 00:00:00-04:00,8.869999885559082,9.204999923706055,8.25,8.539999961853027,83300,0.0,0.0
2024-09-25 00:00:00-04:00,8.529999732971191,8.954999923706055,8.109999656677246,8.609999656677246,69900,0.0,0.0
2024-09-26 00:00:00-04:00,8.649999618530273,8.890000343322754,8.446999549865723,8.6899995803833,56200,0.0,0.0
2024-09-27 00:00:00-04:00,8.789999961853027,8.949999809265137,8.59000015258789,8.819999694824219,55400,0.0,0.0
2024-09-30 00:00:00-04:00,8.710000038146973,9.0,8.399999618530273,8.550000190734863,486300,0.0,0.0
2024-10-01 00:00:00-04:00,8.600000381469727,9.0,8.569999694824219,8.890000343322754,119000,0.0,0.0
2024-10-02 00:00:00-04:00,8.529999732971191,9.069999694824219,8.435999870300293,9.039999961853027,185500,0.0,0.0
2024-10-03 00:00:00-04:00,8.899999618530273,9.289999961853027,8.729999542236328,9.0,84400,0.0,0.0
2024-10-04 00:00:00-04:00,9.149999618530273,9.449999809265137,8.890000343322754,9.300000190734863,39800,0.0,0.0
2024-10-07 00:00:00-04:00,9.359999656677246,9.494999885559082,9.149999618530273,9.359999656677246,38100,0.0,0.0
2024-10-08 00:00:00-04:00,9.369999885559082,9.9350004196167,9.220000267028809,9.760000228881836,60400,0.0,0.0
2024-10-09 00:00:00-04:00,9.770000457763672,9.770000457763672,9.267999649047852,9.520000457763672,76700,0.0,0.0
2024-10-10 00:00:00-04:00,9.369999885559082,9.369999885559082,8.539999961853027,8.649999618530273,50600,0.0,0.0
2024-10-11 00:00:00-04:00,8.720000267028809,8.871999740600586,8.569999694824219,8.8100004196167,46900,0.0,0.0
2024-10-14 00:00:00-04:00,8.720000267028809,8.890000343322754,8.545000076293945,8.739999771118164,36600,0.0,0.0
2024-10-15 00:00:00-04:00,8.729999542236328,8.949999809265137,8.631999969482422,8.880000114440918,27000,0.0,0.0
2024-10-16 00:00:00-04:00,8.960000038146973,9.187000274658203,8.539999961853027,8.989999771118164,75400,0.0,0.0
2024-10-17 00:00:00-04:00,8.960000038146973,9.050000190734863,8.680000305175781,8.869999885559082,45100,0.0,0.0
2024-10-18 00:00:00-04:00,8.930000305175781,9.149999618530273,8.53600025177002,8.9399995803833,33100,0.0,0.0
2024-10-21 00:00:00-04:00,8.949999809265137,8.949999809265137,8.680000305175781,8.720000267028809,15200,0.0,0.0
2024-10-22 00:00:00-04:00,8.600000381469727,8.850000381469727,8.524999618530273,8.699999809265137,40100,0.0,0.0
2024-10-23 00:00:00-04:00,8.720000267028809,8.859999656677246,8.600000381469727,8.699999809265137,45100,0.0,0.0
2024-10-24 00:00:00-04:00,8.569999694824219,8.649999618530273,8.229999542236328,8.229999542236328,18500,0.0,0.0
2024-10-25 00:00:00-04:00,8.199999809265137,8.329999923706055,7.630000114440918,7.679999828338623,26400,0.0,0.0
2024-10-28 00:00:00-04:00,7.679999828338623,7.96999979019165,7.510000228881836,7.630000114440918,37200,0.0,0.0
2024-10-29 00:00:00-04:00,7.619999885559082,7.619999885559082,7.110000133514404,7.28000020980835,41400,0.0,0.0
2024-10-30 00:00:00-04:00,7.260000228881836,7.489999771118164,7.019999980926514,7.070000171661377,34700,0.0,0.0
2024-10-31 00:00:00-04:00,7.315000057220459,7.315000057220459,6.605000019073486,6.619999885559082,28400,0.0,0.0
2024-11-01 00:00:00-04:00,6.619999885559082,6.820000171661377,6.360000133514404,6.480000019073486,34400,0.0,0.0
2024-11-04 00:00:00-05:00,6.644999980926514,6.889999866485596,6.570000171661377,6.789999961853027,35500,0.0,0.0
2024-11-05 00:00:00-05:00,6.735000133514404,6.849999904632568,6.630000114440918,6.840000152587891,25900,0.0,0.0
2024-11-06 00:00:00-05:00,7.110000133514404,7.5,6.925000190734863,7.190000057220459,95600,0.0,0.0
2024-11-07 00:00:00-05:00,7.150000095367432,7.150000095367432,5.510000228881836,5.630000114440918,111000,0.0,0.0
2024-11-08 00:00:00-05:00,5.460000038146973,5.699999809265137,4.715000152587891,5.010000228881836,179500,0.0,0.0
2024-11-11 00:00:00-05:00,5.010000228881836,5.099999904632568,4.820000171661377,4.989999771118164,58400,0.0,0.0
2024-11-12 00:00:00-05:00,4.989999771118164,5.059999942779541,4.539999961853027,4.539999961853027,79200,0.0,0.0
2024-11-13 00:00:00-05:00,4.650000095367432,4.800000190734863,4.360000133514404,4.550000190734863,1359500,0.0,0.0
2024-11-14 00:00:00-05:00,4.599999904632568,5.010000228881836,4.425000190734863,4.489999771118164,146700,0.0,0.0
2024-11-15 00:00:00-05:00,4.539999961853027,4.539999961853027,4.0,4.119999885559082,159000,0.0,0.0
2024-11-18 00:00:00-05:00,4.199999809265137,4.295000076293945,4.050000190734863,4.130000114440918,37800,0.0,0.0
2024-11-19 00:00:00-05:00,4.099999904632568,4.574999809265137,4.0,4.46999979019165,103600,0.0,0.0
2024-11-20 00:00:00-05:00,4.460000038146973,4.771999835968018,4.25,4.400000095367432,52500,0.0,0.0
2024-11-21 00:00:00-05:00,4.369999885559082,4.599999904632568,4.25,4.320000171661377,82100,0.0,0.0
2024-11-22 00:00:00-05:00,4.369999885559082,4.579999923706055,4.320000171661377,4.409999847412109,36400,0.0,0.0
2024-11-25 00:00:00-05:00,4.429999828338623,4.699999809265137,4.429999828338623,4.480000019073486,61400,0.0,0.0
2024-11-26 00:00:00-05:00,4.539999961853027,4.960000038146973,4.489999771118164,4.78000020980835,75000,0.0,0.0
2024-11-27 00:00:00-05:00,4.78000020980835,5.980000019073486,4.670000076293945,5.099999904632568,183200,0.0,0.0
2024-11-29 00:00:00-05:00,5.119999885559082,5.230000019073486,4.809999942779541,5.050000190734863,78900,0.0,0.0
2024-12-02 00:00:00-05:00,5.0,6.236000061035156,5.0,5.96999979019165,167500,0.0,0.0
2024-12-03 00:00:00-05:00,6.429999828338623,6.849999904632568,6.079999923706055,6.349999904632568,278100,0.0,0.0
2024-12-04 00:00:00-05:00,6.300000190734863,6.650000095367432,5.670000076293945,6.010000228881836,187600,0.0,0.0
2024-12-05 00:00:00-05:00,6.039999961853027,6.039999961853027,5.409999847412109,5.630000114440918,197600,0.0,0.0
2024-12-06 00:00:00-05:00,5.670000076293945,5.860000133514404,5.5,5.710000038146973,322700,0.0,0.0
2024-12-09 00:00:00-05:00,5.650000095367432,6.090000152587891,5.320000171661377,5.480000019073486,100400,0.0,0.0
2024-12-10 00:00:00-05:00,5.420000076293945,5.510000228881836,5.150000095367432,5.159999847412109,98900,0.0,0.0
2024-12-11 00:00:00-05:00,5.090000152587891,5.489999771118164,5.033999919891357,5.239999771118164,101300,0.0,0.0
2024-12-12 00:00:00-05:00,5.230000019073486,5.510000228881836,5.039999961853027,5.159999847412109,110000,0.0,0.0
2024-12-13 00:00:00-05:00,5.199999809265137,5.71999979019165,4.599999904632568,4.679999828338623,1542800,0.0,0.0
2024-12-16 00:00:00-05:00,2.9000000953674316,4.710000038146973,2.9000000953674316,4.510000228881836,468700,0.0,0.0
2024-12-17 00:00:00-05:00,4.420000076293945,4.570000171661377,4.159999847412109,4.300000190734863,118700,0.0,0.0
2024-12-18 00:00:00-05:00,4.329999923706055,4.449999809265137,4.0,4.059999942779541,619800,0.0,0.0
2024-12-19 00:00:00-05:00,4.150000095367432,4.409999847412109,4.010000228881836,4.090000152587891,59600,0.0,0.0
2024-12-20 00:00:00-05:00,4.039999961853027,4.190000057220459,3.5999999046325684,3.630000114440918,1146700,0.0,0.0
2024-12-23 00:00:00-05:00,3.5999999046325684,3.950000047683716,3.5999999046325684,3.890000104904175,93600,0.0,0.0
2024-12-24 00:00:00-05:00,3.890000104904175,4.070000171661377,3.700000047683716,4.03000020980835,59500,0.0,0.0
2024-12-26 00:00:00-05:00,3.990000009536743,4.400000095367432,3.990000009536743,4.28000020980835,65200,0.0,0.0
2024-12-27 00:00:00-05:00,4.320000171661377,4.474999904632568,3.7100000381469727,3.9200000762939453,145600,0.0,0.0
2024-12-30 00:00:00-05:00,3.9000000953674316,4.0370001792907715,3.759999990463257,3.8299999237060547,46700,0.0,0.0
2024-12-31 00:00:00-05:00,3.9000000953674316,3.9800000190734863,3.690000057220459,3.7899999618530273,67800,0.0,0.0
2025-01-02 00:00:00-05:00,3.799999952316284,3.940000057220459,3.700000047683716,3.7699999809265137,127800,0.0,0.0
2025-01-03 00:00:00-05:00,3.740000009536743,3.9100000858306885,3.690000057220459,3.8299999237060547,77600,0.0,0.0
2025-01-06 00:00:00-05:00,3.8499999046325684,3.869999885559082,3.6600000858306885,3.680000066757202,72400,0.0,0.0
2025-01-07 00:00:00-05:00,3.690000057220459,3.75,3.437000036239624,3.490000009536743,79200,0.0,0.0
2025-01-08 00:00:00-05:00,3.490000009536743,3.5899999141693115,3.3299999237060547,3.450000047683716,106800,0.0,0.0
2025-01-10 00:00:00-05:00,3.380000114440918,3.430000066757202,2.950000047683716,2.9700000286102295,166300,0.0,0.0
2025-01-13 00:00:00-05:00,2.940000057220459,3.0,2.7300000190734863,2.799999952316284,235700,0.0,0.0
2025-01-14 00:00:00-05:00,2.799999952316284,2.8499999046325684,2.6700000762939453,2.7200000286102295,135600,0.0,0.0
2025-01-15 00:00:00-05:00,2.8299999237060547,2.8299999237060547,2.559999942779541,2.5999999046325684,109900,0.0,0.0
2025-01-16 00:00:00-05:00,2.5799999237060547,2.7100000381469727,2.4000000953674316,2.4200000762939453,206400,0.0,0.0
2025-01-17 00:00:00-05:00,2.390000104904175,2.444999933242798,2.299999952316284,2.299999952316284,131800,0.0,0.0
2025-01-21 00:00:00-05:00,2.3299999237060547,2.440000057220459,2.069999933242798,2.075000047683716,704800,0.0,0.0
2025-01-22 00:00:00-05:00,2.049999952316284,2.190000057220459,1.9199999570846558,1.9800000190734863,470900,0.0,0.0
2025-01-23 00:00:00-05:00,1.9800000190734863,2.049999952316284,1.9299999475479126,1.9500000476837158,148200,0.0,0.0
2025-01-24 00:00:00-05:00,1.9500000476837158,2.009999990463257,1.8700000047683716,1.940000057220459,264230,0.0,0.0
