Date,Open,High,Low,Close,Volume,Dividends,Stock Splits
2022-01-03 00:00:00-05:00,17.270000457763672,17.530000686645508,16.18000030517578,16.93000030517578,222200,0.0,0.0
2022-01-04 00:00:00-05:00,16.899999618530273,17.0,15.109999656677246,16.0,194900,0.0,0.0
2022-01-05 00:00:00-05:00,16.100000381469727,16.350000381469727,13.399999618530273,13.529999732971191,119500,0.0,0.0
2022-01-06 00:00:00-05:00,13.470000267028809,13.619999885559082,12.510000228881836,12.789999961853027,69000,0.0,0.0
2022-01-07 00:00:00-05:00,12.850000381469727,13.456999778747559,11.5,11.84000015258789,104400,0.0,0.0
2022-01-10 00:00:00-05:00,11.670000076293945,11.670000076293945,10.635000228881836,11.210000038146973,130500,0.0,0.0
2022-01-11 00:00:00-05:00,11.25,11.279999732971191,10.1899995803833,10.420000076293945,129600,0.0,0.0
2022-01-12 00:00:00-05:00,10.520000457763672,10.520000457763672,9.59000015258789,9.699999809265137,85700,0.0,0.0
2022-01-13 00:00:00-05:00,9.539999961853027,9.539999961853027,8.489999771118164,8.609999656677246,75100,0.0,0.0
2022-01-14 00:00:00-05:00,8.899999618530273,8.899999618530273,8.345000267028809,8.640000343322754,86400,0.0,0.0
2022-01-18 00:00:00-05:00,8.5,8.579999923706055,7.889999866485596,8.010000228881836,58100,0.0,0.0
2022-01-19 00:00:00-05:00,8.050000190734863,8.680000305175781,7.46999979019165,7.989999771118164,90700,0.0,0.0
2022-01-20 00:00:00-05:00,8.0600004196167,9.220000267028809,7.619999885559082,8.0,208400,0.0,0.0
2022-01-21 00:00:00-05:00,7.75,8.5600004196167,7.659999847412109,8.09000015258789,227200,0.0,0.0
2022-01-24 00:00:00-05:00,8.069999694824219,9.199999809265137,8.0,9.079999923706055,75800,0.0,0.0
2022-01-25 00:00:00-05:00,9.0,9.829999923706055,8.706999778747559,9.489999771118164,41500,0.0,0.0
2022-01-26 00:00:00-05:00,9.5600004196167,9.880000114440918,8.619999885559082,8.90999984741211,50500,0.0,0.0
2022-01-27 00:00:00-05:00,8.989999771118164,9.164999961853027,8.25,8.369999885559082,61400,0.0,0.0
2022-01-28 00:00:00-05:00,8.40999984741211,9.34000015258789,8.031000137329102,9.3100004196167,29900,0.0,0.0
2022-01-31 00:00:00-05:00,9.239999771118164,11.210000038146973,9.024999618530273,11.069999694824219,82600,0.0,0.0
2022-02-01 00:00:00-05:00,11.039999961853027,11.039999961853027,9.635000228881836,10.239999771118164,54400,0.0,0.0
2022-02-02 00:00:00-05:00,10.170000076293945,10.25,9.210000038146973,9.420000076293945,34400,0.0,0.0
2022-02-03 00:00:00-05:00,9.199999809265137,9.739999771118164,8.902000427246094,9.069999694824219,41000,0.0,0.0
2022-02-04 00:00:00-05:00,9.0,10.359999656677246,9.0,10.229999542236328,54600,0.0,0.0
2022-02-07 00:00:00-05:00,10.1899995803833,10.270000457763672,9.279999732971191,10.010000228881836,28600,0.0,0.0
2022-02-08 00:00:00-05:00,9.930000305175781,10.460000038146973,9.369999885559082,10.0,49000,0.0,0.0
2022-02-09 00:00:00-05:00,10.739999771118164,10.739999771118164,10.0,10.319999694824219,31100,0.0,0.0
2022-02-10 00:00:00-05:00,10.109999656677246,11.34000015258789,10.109999656677246,10.479999542236328,47300,0.0,0.0
2022-02-11 00:00:00-05:00,10.479999542236328,11.6899995803833,10.121000289916992,11.319999694824219,53200,0.0,0.0
2022-02-14 00:00:00-05:00,11.40999984741211,12.359999656677246,10.890000343322754,11.729999542236328,40800,0.0,0.0
2022-02-15 00:00:00-05:00,12.119999885559082,13.960000038146973,11.59000015258789,13.300000190734863,77500,0.0,0.0
2022-02-16 00:00:00-05:00,13.300000190734863,15.220000267028809,13.25,14.6899995803833,421600,0.0,0.0
2022-02-17 00:00:00-05:00,14.420000076293945,17.479999542236328,13.199999809265137,14.300000190734863,157600,0.0,0.0
2022-02-18 00:00:00-05:00,14.3100004196167,15.210000038146973,13.979999542236328,14.949999809265137,121200,0.0,0.0
2022-02-22 00:00:00-05:00,14.140000343322754,15.859999656677246,13.902999877929688,14.930000305175781,221700,0.0,0.0
2022-02-23 00:00:00-05:00,15.029999732971191,15.25,12.220000267028809,12.359999656677246,64700,0.0,0.0
2022-02-24 00:00:00-05:00,11.770000457763672,14.020000457763672,10.883999824523926,13.15999984741211,76100,0.0,0.0
2022-02-25 00:00:00-05:00,13.220000267028809,14.0600004196167,11.949999809265137,12.100000381469727,73000,0.0,0.0
2022-02-28 00:00:00-05:00,11.920000076293945,12.975000381469727,11.210000038146973,12.130000114440918,79800,0.0,0.0
2022-03-01 00:00:00-05:00,12.220000267028809,14.649999618530273,11.420000076293945,11.569999694824219,78100,0.0,0.0
2022-03-02 00:00:00-05:00,11.710000038146973,12.40999984741211,11.619999885559082,12.119999885559082,28100,0.0,0.0
2022-03-03 00:00:00-05:00,12.329999923706055,13.180000305175781,11.210000038146973,11.210000038146973,38400,0.0,0.0
2022-03-04 00:00:00-05:00,11.079999923706055,11.5600004196167,10.010000228881836,10.359999656677246,52500,0.0,0.0
2022-03-07 00:00:00-05:00,10.270000457763672,11.020000457763672,9.390000343322754,10.6899995803833,75900,0.0,0.0
2022-03-08 00:00:00-05:00,10.619999885559082,11.380000114440918,10.25,10.579999923706055,37700,0.0,0.0
2022-03-09 00:00:00-05:00,10.585000038146973,11.670000076293945,10.25,11.1899995803833,47100,0.0,0.0
2022-03-10 00:00:00-05:00,10.739999771118164,11.069999694824219,10.010000228881836,10.34000015258789,54000,0.0,0.0
2022-03-11 00:00:00-05:00,10.300000190734863,10.729999542236328,8.149999618530273,8.470000267028809,101700,0.0,0.0
2022-03-14 00:00:00-04:00,9.279999732971191,9.279999732971191,7.900000095367432,8.180000305175781,209500,0.0,0.0
2022-03-15 00:00:00-04:00,8.300000190734863,8.979999542236328,7.239999771118164,8.979999542236328,383100,0.0,0.0
2022-03-16 00:00:00-04:00,9.020000457763672,10.0,8.399999618530273,9.489999771118164,59800,0.0,0.0
2022-03-17 00:00:00-04:00,9.859999656677246,10.710000038146973,9.25,9.6899995803833,71200,0.0,0.0
2022-03-18 00:00:00-04:00,9.6899995803833,12.010000228881836,9.489999771118164,9.850000381469727,234500,0.0,0.0
2022-03-21 00:00:00-04:00,9.819999694824219,10.829999923706055,9.609999656677246,10.319999694824219,62700,0.0,0.0
2022-03-22 00:00:00-04:00,10.420000076293945,11.819999694824219,9.859999656677246,11.149999618530273,39500,0.0,0.0
2022-03-23 00:00:00-04:00,10.800000190734863,11.479999542236328,9.630000114440918,9.670000076293945,52200,0.0,0.0
2022-03-24 00:00:00-04:00,10.010000228881836,10.329999923706055,9.428000450134277,10.130000114440918,60300,0.0,0.0
2022-03-25 00:00:00-04:00,10.180000305175781,11.140000343322754,9.8100004196167,10.239999771118164,63000,0.0,0.0
2022-03-28 00:00:00-04:00,10.25,10.600000381469727,8.890000343322754,9.149999618530273,33500,0.0,0.0
2022-03-29 00:00:00-04:00,9.390000343322754,9.75,9.390000343322754,9.640000343322754,27200,0.0,0.0
2022-03-30 00:00:00-04:00,9.789999961853027,11.15999984741211,9.489999771118164,9.550000190734863,69100,0.0,0.0
2022-03-31 00:00:00-04:00,9.479999542236328,10.289999961853027,9.180000305175781,9.390000343322754,52900,0.0,0.0
2022-04-01 00:00:00-04:00,9.59000015258789,10.149999618530273,9.0600004196167,9.229999542236328,25100,0.0,0.0
2022-04-04 00:00:00-04:00,9.470000267028809,9.829999923706055,8.960000038146973,9.6899995803833,32600,0.0,0.0
2022-04-05 00:00:00-04:00,9.829999923706055,9.829999923706055,8.630000114440918,8.649999618530273,22900,0.0,0.0
2022-04-06 00:00:00-04:00,9.069999694824219,9.069999694824219,7.570000171661377,7.909999847412109,40200,0.0,0.0
2022-04-07 00:00:00-04:00,7.960000038146973,8.15999984741211,7.389999866485596,7.5,58200,0.0,0.0
2022-04-08 00:00:00-04:00,7.5,7.590000152587891,7.099999904632568,7.369999885559082,40900,0.0,0.0
2022-04-11 00:00:00-04:00,7.289999961853027,7.289999961853027,6.619999885559082,6.730000019073486,76600,0.0,0.0
2022-04-12 00:00:00-04:00,6.909999847412109,7.267000198364258,6.789999961853027,7.050000190734863,1028900,0.0,0.0
2022-04-13 00:00:00-04:00,7.099999904632568,7.539999961853027,6.860000133514404,7.449999809265137,137900,0.0,0.0
2022-04-14 00:00:00-04:00,7.510000228881836,8.210000038146973,7.5,8.100000381469727,73500,0.0,0.0
2022-04-18 00:00:00-04:00,8.100000381469727,8.800000190734863,6.869999885559082,7.289999961853027,264100,0.0,0.0
2022-04-19 00:00:00-04:00,7.190000057220459,7.190000057220459,6.610000133514404,6.960000038146973,119700,0.0,0.0
2022-04-20 00:00:00-04:00,6.920000076293945,7.210000038146973,6.5,6.769999980926514,57800,0.0,0.0
2022-04-21 00:00:00-04:00,6.869999885559082,6.960000038146973,6.570000171661377,6.75,56300,0.0,0.0
2022-04-22 00:00:00-04:00,6.679999828338623,6.980000019073486,6.519999980926514,6.699999809265137,34600,0.0,0.0
2022-04-25 00:00:00-04:00,6.599999904632568,7.519999980926514,6.599999904632568,7.300000190734863,63100,0.0,0.0
2022-04-26 00:00:00-04:00,7.159999847412109,7.179999828338623,6.5,6.53000020980835,44300,0.0,0.0
2022-04-27 00:00:00-04:00,6.480000019073486,6.710000038146973,6.070000171661377,6.25,70800,0.0,0.0
2022-04-28 00:00:00-04:00,6.260000228881836,6.400000095367432,5.960000038146973,6.289999961853027,52400,0.0,0.0
2022-04-29 00:00:00-04:00,6.050000190734863,6.420000076293945,5.900000095367432,5.980000019073486,50300,0.0,0.0
2022-05-02 00:00:00-04:00,5.949999809265137,6.5,5.949999809265137,6.460000038146973,78000,0.0,0.0
2022-05-03 00:00:00-04:00,6.489999771118164,6.670000076293945,6.269999980926514,6.46999979019165,38200,0.0,0.0
2022-05-04 00:00:00-04:00,6.53000020980835,6.920000076293945,6.199999809265137,6.829999923706055,92300,0.0,0.0
2022-05-05 00:00:00-04:00,6.710000038146973,6.710000038146973,6.070000171661377,6.190000057220459,48800,0.0,0.0
2022-05-06 00:00:00-04:00,6.159999847412109,6.25,5.550000190734863,5.639999866485596,59400,0.0,0.0
2022-05-09 00:00:00-04:00,5.510000228881836,5.625,5.119999885559082,5.489999771118164,59700,0.0,0.0
2022-05-10 00:00:00-04:00,5.739999771118164,6.409999847412109,5.639999866485596,6.25,90000,0.0,0.0
2022-05-11 00:00:00-04:00,6.150000095367432,6.309999942779541,5.599999904632568,5.659999847412109,77000,0.0,0.0
2022-05-12 00:00:00-04:00,5.559999942779541,6.764999866485596,5.429999828338623,6.239999771118164,72300,0.0,0.0
2022-05-13 00:00:00-04:00,6.349999904632568,6.670000076293945,5.860000133514404,5.940000057220459,51200,0.0,0.0
2022-05-16 00:00:00-04:00,5.869999885559082,6.039999961853027,5.550000190734863,5.809999942779541,60400,0.0,0.0
2022-05-17 00:00:00-04:00,6.050000190734863,6.389999866485596,5.855000019073486,6.139999866485596,59900,0.0,0.0
2022-05-18 00:00:00-04:00,5.989999771118164,6.119999885559082,5.690000057220459,6.050000190734863,82500,0.0,0.0
2022-05-19 00:00:00-04:00,6.050000190734863,6.829999923706055,6.050000190734863,6.119999885559082,105000,0.0,0.0
2022-05-20 00:00:00-04:00,6.199999809265137,6.199999809265137,5.619999885559082,6.0,42500,0.0,0.0
2022-05-23 00:00:00-04:00,6.0,6.090000152587891,5.800000190734863,6.050000190734863,24600,0.0,0.0
2022-05-24 00:00:00-04:00,5.889999866485596,6.050000190734863,5.53000020980835,6.0,63000,0.0,0.0
2022-05-25 00:00:00-04:00,5.909999847412109,6.5,5.909999847412109,6.269999980926514,62600,0.0,0.0
2022-05-26 00:00:00-04:00,6.380000114440918,6.75,6.380000114440918,6.590000152587891,26600,0.0,0.0
2022-05-27 00:00:00-04:00,6.539999961853027,7.900000095367432,6.480000019073486,7.019999980926514,23500,0.0,0.0
2022-05-31 00:00:00-04:00,6.980000019073486,7.190000057220459,6.659999847412109,6.760000228881836,34800,0.0,0.0
2022-06-01 00:00:00-04:00,6.840000152587891,6.869999885559082,5.71999979019165,5.730000019073486,56500,0.0,0.0
2022-06-02 00:00:00-04:00,5.679999828338623,6.150000095367432,5.590000152587891,6.059999942779541,46100,0.0,0.0
2022-06-03 00:00:00-04:00,6.139999866485596,6.880000114440918,5.992000102996826,6.659999847412109,60800,0.0,0.0
2022-06-06 00:00:00-04:00,6.71999979019165,6.71999979019165,6.139999866485596,6.599999904632568,95500,0.0,0.0
2022-06-07 00:00:00-04:00,6.710000038146973,9.038999557495117,6.039999961853027,7.929999828338623,154500,0.0,0.0
2022-06-08 00:00:00-04:00,7.78000020980835,8.925000190734863,7.78000020980835,8.789999961853027,70200,0.0,0.0
2022-06-09 00:00:00-04:00,8.470000267028809,9.281999588012695,8.420000076293945,9.15999984741211,56200,0.0,0.0
2022-06-10 00:00:00-04:00,8.960000038146973,9.699999809265137,8.760000228881836,9.479999542236328,52800,0.0,0.0
2022-06-13 00:00:00-04:00,9.210000038146973,9.819999694824219,8.800000190734863,9.789999961853027,79600,0.0,0.0
2022-06-14 00:00:00-04:00,9.850000381469727,10.8100004196167,9.130000114440918,9.354999542236328,80000,0.0,0.0
2022-06-15 00:00:00-04:00,9.449999809265137,10.5,8.024999618530273,9.170000076293945,155600,0.0,0.0
2022-06-16 00:00:00-04:00,8.899999618530273,8.920000076293945,8.109999656677246,8.800000190734863,108600,0.0,0.0
2022-06-17 00:00:00-04:00,8.680000305175781,9.220000267028809,8.135000228881836,8.5600004196167,144400,0.0,0.0
2022-06-21 00:00:00-04:00,8.4350004196167,9.211999893188477,8.074999809265137,9.100000381469727,163200,0.0,0.0
2022-06-22 00:00:00-04:00,8.8100004196167,9.5600004196167,8.029999732971191,8.869999885559082,137900,0.0,0.0
2022-06-23 00:00:00-04:00,8.880000114440918,9.600000381469727,8.619999885559082,9.449999809265137,182500,0.0,0.0
2022-06-24 00:00:00-04:00,9.520000457763672,9.989999771118164,6.650000095367432,9.8100004196167,1232600,0.0,0.0
2022-06-27 00:00:00-04:00,9.649999618530273,14.430000305175781,8.975000381469727,12.430000305175781,502200,0.0,0.0
2022-06-28 00:00:00-04:00,12.760000228881836,13.25,11.859999656677246,12.829999923706055,111900,0.0,0.0
2022-06-29 00:00:00-04:00,12.609999656677246,13.045000076293945,11.350000381469727,12.9399995803833,43800,0.0,0.0
2022-06-30 00:00:00-04:00,12.5,13.720000267028809,11.40999984741211,12.180000305175781,62600,0.0,0.0
2022-07-01 00:00:00-04:00,12.010000228881836,12.489999771118164,11.779999732971191,12.0,52400,0.0,0.0
2022-07-05 00:00:00-04:00,11.600000381469727,13.020000457763672,11.329999923706055,11.800000190734863,68900,0.0,0.0
2022-07-06 00:00:00-04:00,11.710000038146973,13.0,10.890000343322754,11.960000038146973,121200,0.0,0.0
2022-07-07 00:00:00-04:00,12.050000190734863,12.649999618530273,10.760000228881836,10.899999618530273,101100,0.0,0.0
2022-07-08 00:00:00-04:00,10.920000076293945,11.890000343322754,10.314000129699707,11.770000457763672,59500,0.0,0.0
2022-07-11 00:00:00-04:00,11.079999923706055,11.930000305175781,10.35200023651123,11.6899995803833,17800,0.0,0.0
2022-07-12 00:00:00-04:00,11.520000457763672,11.699999809265137,10.880000114440918,11.0,53100,0.0,0.0
2022-07-13 00:00:00-04:00,10.65999984741211,11.442999839782715,10.100000381469727,10.239999771118164,45400,0.0,0.0
2022-07-14 00:00:00-04:00,10.109999656677246,11.699999809265137,9.859999656677246,10.720000267028809,46000,0.0,0.0
2022-07-15 00:00:00-04:00,10.899999618530273,11.347999572753906,10.100000381469727,10.84000015258789,72500,0.0,0.0
2022-07-18 00:00:00-04:00,10.819999694824219,11.0,9.529999732971191,9.649999618530273,64000,0.0,0.0
2022-07-19 00:00:00-04:00,10.140000343322754,10.670000076293945,9.350000381469727,10.5,59000,0.0,0.0
2022-07-20 00:00:00-04:00,10.5,11.399999618530273,10.475000381469727,11.100000381469727,31600,0.0,0.0
2022-07-21 00:00:00-04:00,10.899999618530273,11.0,10.130000114440918,10.479999542236328,72900,0.0,0.0
2022-07-22 00:00:00-04:00,10.640000343322754,11.430000305175781,10.510000228881836,10.890000343322754,459200,0.0,0.0
2022-07-25 00:00:00-04:00,10.8100004196167,11.430000305175781,10.5,11.140000343322754,20000,0.0,0.0
2022-07-26 00:00:00-04:00,11.199999809265137,12.079999923706055,10.75,11.779999732971191,40600,0.0,0.0
2022-07-27 00:00:00-04:00,12.0,12.199999809265137,11.220000267028809,12.109999656677246,68900,0.0,0.0
2022-07-28 00:00:00-04:00,11.71399974822998,11.989999771118164,11.25,11.84000015258789,59400,0.0,0.0
2022-07-29 00:00:00-04:00,11.979999542236328,13.0,11.539999961853027,12.800000190734863,49100,0.0,0.0
2022-08-01 00:00:00-04:00,12.510000228881836,12.579999923706055,11.092000007629395,11.579999923706055,91500,0.0,0.0
2022-08-02 00:00:00-04:00,11.59000015258789,12.390000343322754,11.420000076293945,11.920000076293945,13500,0.0,0.0
2022-08-03 00:00:00-04:00,12.15999984741211,13.199999809265137,11.829999923706055,11.920000076293945,47300,0.0,0.0
2022-08-04 00:00:00-04:00,11.770000457763672,12.300000190734863,11.609999656677246,11.869999885559082,17700,0.0,0.0
2022-08-05 00:00:00-04:00,11.619999885559082,11.619999885559082,10.770000457763672,10.850000381469727,30900,0.0,0.0
2022-08-08 00:00:00-04:00,11.09000015258789,11.59000015258789,10.260000228881836,10.760000228881836,17600,0.0,0.0
2022-08-09 00:00:00-04:00,10.770000457763672,11.899999618530273,10.770000457763672,11.75,50200,0.0,0.0
2022-08-10 00:00:00-04:00,11.746000289916992,12.640000343322754,11.463000297546387,12.609999656677246,15400,0.0,0.0
2022-08-11 00:00:00-04:00,13.720000267028809,13.720000267028809,11.782999992370605,12.699999809265137,31500,0.0,0.0
2022-08-12 00:00:00-04:00,12.640000343322754,12.710000038146973,12.359999656677246,12.630000114440918,7500,0.0,0.0
2022-08-15 00:00:00-04:00,12.359999656677246,13.300000190734863,12.274999618530273,12.800000190734863,18200,0.0,0.0
2022-08-16 00:00:00-04:00,12.59000015258789,13.029999732971191,12.201000213623047,12.399999618530273,28600,0.0,0.0
2022-08-17 00:00:00-04:00,12.399999618530273,13.0,12.154999732971191,12.760000228881836,12600,0.0,0.0
2022-08-18 00:00:00-04:00,13.0,13.149999618530273,12.350000381469727,12.899999618530273,8000,0.0,0.0
2022-08-19 00:00:00-04:00,12.920000076293945,13.680000305175781,12.5649995803833,12.979999542236328,54800,0.0,0.0
2022-08-22 00:00:00-04:00,12.949999809265137,13.180000305175781,12.59000015258789,13.119999885559082,12900,0.0,0.0
2022-08-23 00:00:00-04:00,13.260000228881836,13.454000473022461,12.949999809265137,13.130000114440918,17800,0.0,0.0
2022-08-24 00:00:00-04:00,12.970000267028809,14.460000038146973,12.970000267028809,14.329999923706055,20500,0.0,0.0
2022-08-25 00:00:00-04:00,14.460000038146973,14.930000305175781,13.74899959564209,14.789999961853027,26200,0.0,0.0
2022-08-26 00:00:00-04:00,14.979999542236328,14.979999542236328,13.800000190734863,14.5600004196167,23000,0.0,0.0
2022-08-29 00:00:00-04:00,14.050000190734863,14.449999809265137,11.75,11.75,29600,0.0,0.0
2022-08-30 00:00:00-04:00,12.0,12.0,11.5,11.630000114440918,82000,0.0,0.0
2022-08-31 00:00:00-04:00,11.399999618530273,12.779999732971191,10.765999794006348,12.630000114440918,25100,0.0,0.0
2022-09-01 00:00:00-04:00,12.65999984741211,13.40999984741211,12.09000015258789,13.0,33800,0.0,0.0
2022-09-02 00:00:00-04:00,12.84000015258789,13.430000305175781,12.739999771118164,13.1899995803833,8800,0.0,0.0
2022-09-06 00:00:00-04:00,13.4399995803833,13.880000114440918,11.739999771118164,13.880000114440918,228100,0.0,0.0
2022-09-07 00:00:00-04:00,13.880000114440918,14.449999809265137,13.619999885559082,14.350000381469727,55900,0.0,0.0
2022-09-08 00:00:00-04:00,14.449999809265137,15.359999656677246,13.760000228881836,14.90999984741211,49500,0.0,0.0
2022-09-09 00:00:00-04:00,15.180000305175781,15.539999961853027,14.274999618530273,14.920000076293945,56300,0.0,0.0
2022-09-12 00:00:00-04:00,14.819999694824219,14.994999885559082,11.529999732971191,11.90999984741211,146500,0.0,0.0
2022-09-13 00:00:00-04:00,12.289999961853027,13.420000076293945,12.0,13.140000343322754,62800,0.0,0.0
2022-09-14 00:00:00-04:00,13.789999961853027,14.65999984741211,12.960000038146973,13.420000076293945,77200,0.0,0.0
2022-09-15 00:00:00-04:00,13.109999656677246,15.069999694824219,13.109999656677246,14.4399995803833,61800,0.0,0.0
2022-09-16 00:00:00-04:00,14.5649995803833,15.288000106811523,12.920000076293945,13.90999984741211,256300,0.0,0.0
2022-09-19 00:00:00-04:00,14.25,14.979999542236328,13.585000038146973,13.640000343322754,181500,0.0,0.0
2022-09-20 00:00:00-04:00,13.399999618530273,15.050000190734863,13.260000228881836,14.569999694824219,72000,0.0,0.0
2022-09-21 00:00:00-04:00,14.600000381469727,15.630000114440918,13.260000228881836,13.989999771118164,73400,0.0,0.0
2022-09-22 00:00:00-04:00,14.210000038146973,14.25,12.720000267028809,13.430000305175781,28100,0.0,0.0
2022-09-23 00:00:00-04:00,13.0,15.404999732971191,13.0,15.09000015258789,39400,0.0,0.0
2022-09-26 00:00:00-04:00,15.779999732971191,16.549999237060547,14.199999809265137,14.819999694824219,73800,0.0,0.0
2022-09-27 00:00:00-04:00,14.800000190734863,16.209999084472656,14.380000114440918,15.140000343322754,40100,0.0,0.0
2022-09-28 00:00:00-04:00,15.170000076293945,16.200000762939453,14.8100004196167,15.8100004196167,79900,0.0,0.0
2022-09-29 00:00:00-04:00,15.649999618530273,15.989999771118164,15.045000076293945,15.539999961853027,41800,0.0,0.0
2022-09-30 00:00:00-04:00,15.225000381469727,16.190000534057617,15.225000381469727,15.760000228881836,252600,0.0,0.0
2022-10-03 00:00:00-04:00,15.829999923706055,16.399999618530273,15.600000381469727,16.0,42900,0.0,0.0
2022-10-04 00:00:00-04:00,15.3100004196167,15.8149995803833,13.619999885559082,13.899999618530273,74700,0.0,0.0
2022-10-05 00:00:00-04:00,13.4399995803833,14.40999984741211,13.4399995803833,14.0,12600,0.0,0.0
2022-10-06 00:00:00-04:00,13.949999809265137,14.670000076293945,13.949999809265137,14.470000267028809,22300,0.0,0.0
2022-10-07 00:00:00-04:00,14.399999618530273,15.890000343322754,13.96500015258789,14.8100004196167,56500,0.0,0.0
2022-10-10 00:00:00-04:00,14.789999961853027,14.869999885559082,14.0600004196167,14.649999618530273,26200,0.0,0.0
2022-10-11 00:00:00-04:00,14.390000343322754,15.34000015258789,14.010000228881836,14.270000457763672,29800,0.0,0.0
2022-10-12 00:00:00-04:00,14.199999809265137,15.0,14.029999732971191,14.510000228881836,35500,0.0,0.0
2022-10-13 00:00:00-04:00,14.25,15.300000190734863,14.25,15.050000190734863,14200,0.0,0.0
2022-10-14 00:00:00-04:00,15.510000228881836,15.850000381469727,15.010000228881836,15.510000228881836,24400,0.0,0.0
2022-10-17 00:00:00-04:00,15.529999732971191,16.170000076293945,15.489999771118164,16.170000076293945,24000,0.0,0.0
2022-10-18 00:00:00-04:00,16.229999542236328,16.799999237060547,15.34000015258789,16.479999542236328,41100,0.0,0.0
2022-10-19 00:00:00-04:00,16.600000381469727,17.649999618530273,16.600000381469727,17.239999771118164,25900,0.0,0.0
2022-10-20 00:00:00-04:00,17.579999923706055,18.440000534057617,17.0,18.149999618530273,24700,0.0,0.0
2022-10-21 00:00:00-04:00,18.420000076293945,19.149999618530273,17.34000015258789,18.850000381469727,42700,0.0,0.0
2022-10-24 00:00:00-04:00,18.690000534057617,19.979999542236328,18.299999237060547,19.65999984741211,26100,0.0,0.0
2022-10-25 00:00:00-04:00,20.829999923706055,22.139999389648438,19.5,20.719999313354492,144400,0.0,0.0
2022-10-26 00:00:00-04:00,20.790000915527344,22.945999145507812,20.690000534057617,22.299999237060547,143100,0.0,0.0
2022-10-27 00:00:00-04:00,21.75,22.100000381469727,21.190000534057617,21.219999313354492,214400,0.0,0.0
2022-10-28 00:00:00-04:00,21.75,23.5,20.600000381469727,22.649999618530273,200100,0.0,0.0
2022-10-31 00:00:00-04:00,22.81999969482422,24.3799991607666,22.530000686645508,22.790000915527344,60600,0.0,0.0
2022-11-01 00:00:00-04:00,22.8700008392334,23.415000915527344,21.899999618530273,22.59000015258789,86000,0.0,0.0
2022-11-02 00:00:00-04:00,22.309999465942383,22.584999084472656,21.399999618530273,21.889999389648438,30800,0.0,0.0
2022-11-03 00:00:00-04:00,21.93000030517578,23.06999969482422,21.15999984741211,21.8799991607666,40300,0.0,0.0
2022-11-04 00:00:00-04:00,21.850000381469727,22.399999618530273,21.709999084472656,22.049999237060547,15600,0.0,0.0
2022-11-07 00:00:00-05:00,22.0,22.0,19.6299991607666,19.84000015258789,45900,0.0,0.0
2022-11-08 00:00:00-05:00,19.329999923706055,21.0,17.799999237060547,19.200000762939453,192400,0.0,0.0
2022-11-09 00:00:00-05:00,19.010000228881836,19.44499969482422,18.69499969482422,19.030000686645508,17900,0.0,0.0
2022-11-10 00:00:00-05:00,19.520000457763672,20.0,18.950000762939453,19.309999465942383,72100,0.0,0.0
2022-11-11 00:00:00-05:00,18.920000076293945,19.764999389648438,18.790000915527344,19.030000686645508,28500,0.0,0.0
2022-11-14 00:00:00-05:00,18.799999237060547,19.690000534057617,18.459999084472656,18.829999923706055,30400,0.0,0.0
2022-11-15 00:00:00-05:00,18.950000762939453,19.149999618530273,17.3700008392334,17.959999084472656,42600,0.0,0.0
2022-11-16 00:00:00-05:00,18.170000076293945,18.190000534057617,17.1299991607666,17.440000534057617,34700,0.0,0.0
2022-11-17 00:00:00-05:00,17.329999923706055,17.725000381469727,16.8799991607666,17.170000076293945,33700,0.0,0.0
2022-11-18 00:00:00-05:00,17.450000762939453,18.0,16.8799991607666,17.8700008392334,36400,0.0,0.0
2022-11-21 00:00:00-05:00,18.059999465942383,18.15999984741211,14.329999923706055,14.420000076293945,38200,0.0,0.0
2022-11-22 00:00:00-05:00,15.15999984741211,15.15999984741211,12.460000038146973,14.380000114440918,71400,0.0,0.0
2022-11-23 00:00:00-05:00,15.3100004196167,16.270000457763672,13.649999618530273,14.5,97300,0.0,0.0
2022-11-25 00:00:00-05:00,14.699999809265137,15.100000381469727,14.28499984741211,14.75,8700,0.0,0.0
2022-11-28 00:00:00-05:00,14.970000267028809,14.970000267028809,13.649999618530273,14.09000015258789,20000,0.0,0.0
2022-11-29 00:00:00-05:00,14.300000190734863,14.4399995803833,13.600000381469727,14.069999694824219,27800,0.0,0.0
2022-11-30 00:00:00-05:00,14.390000343322754,15.529999732971191,13.960000038146973,14.970000267028809,223700,0.0,0.0
2022-12-01 00:00:00-05:00,14.520000457763672,17.690000534057617,14.0,17.670000076293945,76700,0.0,0.0
2022-12-02 00:00:00-05:00,17.190000534057617,18.43000030517578,17.190000534057617,18.309999465942383,33700,0.0,0.0
2022-12-05 00:00:00-05:00,18.489999771118164,18.489999771118164,16.940000534057617,17.959999084472656,27500,0.0,0.0
2022-12-06 00:00:00-05:00,18.1200008392334,18.1200008392334,16.950000762939453,17.170000076293945,33000,0.0,0.0
2022-12-07 00:00:00-05:00,16.829999923706055,17.90999984741211,16.420000076293945,17.719999313354492,19600,0.0,0.0
2022-12-08 00:00:00-05:00,19.299999237060547,21.639999389648438,18.510000228881836,21.0,322000,0.0,0.0
2022-12-09 00:00:00-05:00,20.950000762939453,20.950000762939453,18.829999923706055,19.06999969482422,61700,0.0,0.0
2022-12-12 00:00:00-05:00,19.1299991607666,19.440000534057617,15.5600004196167,16.239999771118164,49200,0.0,0.0
2022-12-13 00:00:00-05:00,16.6200008392334,20.989999771118164,16.6200008392334,20.5,90800,0.0,0.0
2022-12-14 00:00:00-05:00,20.09000015258789,20.799999237060547,19.510000228881836,20.059999465942383,43900,0.0,0.0
2022-12-15 00:00:00-05:00,20.219999313354492,20.799999237060547,19.700000762939453,20.200000762939453,26400,0.0,0.0
2022-12-16 00:00:00-05:00,20.329999923706055,21.299999237060547,18.700000762939453,21.18000030517578,120200,0.0,0.0
2022-12-19 00:00:00-05:00,21.270000457763672,21.399999618530273,19.5,19.889999389648438,57500,0.0,0.0
2022-12-20 00:00:00-05:00,13.720000267028809,17.299999237060547,12.149999618530273,15.960000038146973,172400,0.0,0.0
2022-12-21 00:00:00-05:00,15.600000381469727,17.010000228881836,15.454999923706055,16.219999313354492,49300,0.0,0.0
2022-12-22 00:00:00-05:00,15.800000190734863,16.280000686645508,15.130000114440918,15.359999656677246,22600,0.0,0.0
2022-12-23 00:00:00-05:00,14.9399995803833,15.244999885559082,14.229999542236328,14.970000267028809,37300,0.0,0.0
2022-12-27 00:00:00-05:00,14.920000076293945,15.430000305175781,14.595000267028809,15.069999694824219,63400,0.0,0.0
2022-12-28 00:00:00-05:00,15.050000190734863,15.199999809265137,13.010000228881836,13.539999961853027,104600,0.0,0.0
2022-12-29 00:00:00-05:00,13.899999618530273,15.234999656677246,12.949999809265137,14.119999885559082,23800,0.0,0.0
2022-12-30 00:00:00-05:00,13.90999984741211,14.130000114440918,13.09000015258789,13.520000457763672,171800,0.0,0.0
2023-01-03 00:00:00-05:00,13.970000267028809,14.385000228881836,12.489999771118164,13.4399995803833,38900,0.0,0.0
2023-01-04 00:00:00-05:00,13.789999961853027,14.170000076293945,12.03499984741211,12.329999923706055,54700,0.0,0.0
2023-01-05 00:00:00-05:00,12.529999732971191,14.095000267028809,12.038000106811523,14.0,31000,0.0,0.0
2023-01-06 00:00:00-05:00,14.1899995803833,14.569999694824219,13.609999656677246,14.239999771118164,30900,0.0,0.0
2023-01-09 00:00:00-05:00,13.920000076293945,15.699999809265137,13.850000381469727,15.229999542236328,117000,0.0,0.0
2023-01-10 00:00:00-05:00,14.710000038146973,15.265000343322754,13.930000305175781,14.890000343322754,100100,0.0,0.0
2023-01-11 00:00:00-05:00,14.989999771118164,15.210000038146973,13.539999961853027,13.699999809265137,68500,0.0,0.0
2023-01-12 00:00:00-05:00,13.720000267028809,14.123000144958496,13.199999809265137,13.670000076293945,44000,0.0,0.0
2023-01-13 00:00:00-05:00,14.065999984741211,14.069999694824219,13.399999618530273,13.710000038146973,15800,0.0,0.0
2023-01-17 00:00:00-05:00,14.199999809265137,14.5600004196167,13.4350004196167,13.869999885559082,10300,0.0,0.0
2023-01-18 00:00:00-05:00,13.710000038146973,14.279999732971191,12.5,13.079999923706055,37100,0.0,0.0
2023-01-19 00:00:00-05:00,13.270000457763672,13.270000457763672,11.899999618530273,12.569999694824219,55000,0.0,0.0
2023-01-20 00:00:00-05:00,12.729999542236328,13.649999618530273,12.050000190734863,13.369999885559082,38400,0.0,0.0
2023-01-23 00:00:00-05:00,13.25,14.010000228881836,13.25,14.0,25100,0.0,0.0
2023-01-24 00:00:00-05:00,13.989999771118164,13.989999771118164,13.289999961853027,13.899999618530273,20700,0.0,0.0
2023-01-25 00:00:00-05:00,13.199999809265137,13.979999542236328,13.199999809265137,13.880000114440918,15500,0.0,0.0
2023-01-26 00:00:00-05:00,13.460000038146973,13.696000099182129,11.470000267028809,11.670000076293945,59400,0.0,0.0
2023-01-27 00:00:00-05:00,11.850000381469727,12.46500015258789,11.789999961853027,12.0600004196167,17700,0.0,0.0
2023-01-30 00:00:00-05:00,11.819999694824219,12.229999542236328,11.119999885559082,12.180000305175781,22900,0.0,0.0
2023-01-31 00:00:00-05:00,12.25,12.40999984741211,11.6850004196167,12.149999618530273,75800,0.0,0.0
2023-02-01 00:00:00-05:00,12.03499984741211,12.399999618530273,11.800000190734863,12.079999923706055,20000,0.0,0.0
2023-02-02 00:00:00-05:00,12.380000114440918,12.838000297546387,12.069999694824219,12.779999732971191,20200,0.0,0.0
2023-02-03 00:00:00-05:00,12.779999732971191,14.399999618530273,11.630000114440918,14.399999618530273,148400,0.0,0.0
2023-02-06 00:00:00-05:00,14.510000228881836,15.670000076293945,14.25,15.449999809265137,47800,0.0,0.0
2023-02-07 00:00:00-05:00,15.289999961853027,15.90999984741211,15.199999809265137,15.710000038146973,39500,0.0,0.0
2023-02-08 00:00:00-05:00,15.859999656677246,15.859999656677246,14.5600004196167,15.40999984741211,19000,0.0,0.0
2023-02-09 00:00:00-05:00,15.630000114440918,15.869999885559082,15.270000457763672,15.579999923706055,20500,0.0,0.0
2023-02-10 00:00:00-05:00,15.729999542236328,17.006999969482422,15.0649995803833,16.18000030517578,45700,0.0,0.0
2023-02-13 00:00:00-05:00,16.270000457763672,16.360000610351562,15.649999618530273,16.030000686645508,18800,0.0,0.0
2023-02-14 00:00:00-05:00,16.15999984741211,16.15999984741211,12.739999771118164,13.029999732971191,175600,0.0,0.0
2023-02-15 00:00:00-05:00,12.859999656677246,13.449999809265137,10.65999984741211,10.84000015258789,122300,0.0,0.0
2023-02-16 00:00:00-05:00,10.9399995803833,11.529999732971191,9.319999694824219,9.579999923706055,118700,0.0,0.0
2023-02-17 00:00:00-05:00,9.699999809265137,11.258000373840332,9.569999694824219,11.0600004196167,41600,0.0,0.0
2023-02-21 00:00:00-05:00,11.25,11.489999771118164,10.600000381469727,11.40999984741211,46900,0.0,0.0
2023-02-22 00:00:00-05:00,11.140000343322754,11.739999771118164,10.729999542236328,11.260000228881836,29200,0.0,0.0
2023-02-23 00:00:00-05:00,11.329999923706055,11.779999732971191,11.119999885559082,11.539999961853027,19200,0.0,0.0
2023-02-24 00:00:00-05:00,11.4399995803833,11.625,10.989999771118164,11.079999923706055,7200,0.0,0.0
2023-02-27 00:00:00-05:00,11.020000457763672,11.930000305175781,10.949999809265137,11.300000190734863,21300,0.0,0.0
2023-02-28 00:00:00-05:00,11.430000305175781,13.550000190734863,11.420000076293945,12.75,91200,0.0,0.0
2023-03-01 00:00:00-05:00,12.59000015258789,12.59000015258789,11.600000381469727,12.25,43400,0.0,0.0
2023-03-02 00:00:00-05:00,12.25,12.25,10.029999732971191,10.149999618530273,80800,0.0,0.0
2023-03-03 00:00:00-05:00,10.329999923706055,10.72700023651123,10.213000297546387,10.630000114440918,17100,0.0,0.0
2023-03-06 00:00:00-05:00,10.854999542236328,10.854999542236328,9.470000267028809,10.479999542236328,28400,0.0,0.0
2023-03-07 00:00:00-05:00,10.5,11.218000411987305,10.5,10.779999732971191,17300,0.0,0.0
2023-03-08 00:00:00-05:00,10.779999732971191,11.430000305175781,10.114999771118164,11.420000076293945,31800,0.0,0.0
2023-03-09 00:00:00-05:00,11.619999885559082,12.265000343322754,10.880000114440918,12.0,48100,0.0,0.0
2023-03-10 00:00:00-05:00,11.710000038146973,12.170000076293945,10.449999809265137,12.170000076293945,87700,0.0,0.0
2023-03-13 00:00:00-04:00,11.859999656677246,13.289999961853027,11.579999923706055,13.050000190734863,52300,0.0,0.0
2023-03-14 00:00:00-04:00,13.069999694824219,14.199999809265137,12.039999961853027,13.59000015258789,76700,0.0,0.0
2023-03-15 00:00:00-04:00,13.5,13.885000228881836,12.682000160217285,13.609999656677246,29400,0.0,0.0
2023-03-16 00:00:00-04:00,13.835000038146973,14.350000381469727,13.680000305175781,14.100000381469727,53000,0.0,0.0
2023-03-17 00:00:00-04:00,13.760000228881836,15.539999961853027,13.380000114440918,15.529999732971191,21600,0.0,0.0
2023-03-20 00:00:00-04:00,15.609999656677246,15.720000267028809,14.890000343322754,15.609999656677246,42300,0.0,0.0
2023-03-21 00:00:00-04:00,15.489999771118164,16.280000686645508,15.399999618530273,15.739999771118164,48700,0.0,0.0
2023-03-22 00:00:00-04:00,16.006999969482422,16.094999313354492,15.288000106811523,15.949999809265137,34000,0.0,0.0
2023-03-23 00:00:00-04:00,16.040000915527344,17.25,15.885000228881836,16.200000762939453,55700,0.0,0.0
2023-03-24 00:00:00-04:00,16.440000534057617,16.5,14.890000343322754,15.079999923706055,49000,0.0,0.0
2023-03-27 00:00:00-04:00,15.020000457763672,15.5600004196167,14.085000038146973,14.949999809265137,34800,0.0,0.0
2023-03-28 00:00:00-04:00,14.729999542236328,15.350000381469727,14.479999542236328,14.899999618530273,20900,0.0,0.0
2023-03-29 00:00:00-04:00,14.829999923706055,15.395000457763672,14.510000228881836,14.770000457763672,17300,0.0,0.0
2023-03-30 00:00:00-04:00,15.0,15.324999809265137,14.489999771118164,15.029999732971191,36900,0.0,0.0
2023-03-31 00:00:00-04:00,14.510000228881836,14.654999732971191,14.039999961853027,14.5,34700,0.0,0.0
2023-04-03 00:00:00-04:00,14.619999885559082,15.65999984741211,14.369999885559082,15.199999809265137,78600,0.0,0.0
2023-04-04 00:00:00-04:00,15.199999809265137,15.265000343322754,14.319999694824219,14.430000305175781,66300,0.0,0.0
2023-04-05 00:00:00-04:00,14.239999771118164,14.6899995803833,13.5,13.970000267028809,17500,0.0,0.0
2023-04-06 00:00:00-04:00,13.510000228881836,13.960000038146973,12.729999542236328,13.789999961853027,54200,0.0,0.0
2023-04-10 00:00:00-04:00,13.25,14.949999809265137,13.25,14.75,39500,0.0,0.0
2023-04-11 00:00:00-04:00,14.59000015258789,15.470000267028809,13.989999771118164,15.109999656677246,69500,0.0,0.0
2023-04-12 00:00:00-04:00,14.949999809265137,15.979999542236328,14.420000076293945,15.760000228881836,37500,0.0,0.0
2023-04-13 00:00:00-04:00,15.59000015258789,17.0,14.9399995803833,16.969999313354492,72700,0.0,0.0
2023-04-14 00:00:00-04:00,17.0,17.45199966430664,16.299999237060547,17.25,44200,0.0,0.0
2023-04-17 00:00:00-04:00,17.260000228881836,18.40999984741211,16.809999465942383,18.010000228881836,59700,0.0,0.0
2023-04-18 00:00:00-04:00,17.899999618530273,17.899999618530273,15.25,15.319999694824219,52400,0.0,0.0
2023-04-19 00:00:00-04:00,15.529999732971191,15.9399995803833,15.010000228881836,15.234999656677246,22200,0.0,0.0
2023-04-20 00:00:00-04:00,15.010000228881836,16.450000762939453,15.010000228881836,15.039999961853027,20300,0.0,0.0
2023-04-21 00:00:00-04:00,15.3100004196167,16.219999313354492,13.699999809265137,14.3100004196167,38600,0.0,0.0
2023-04-24 00:00:00-04:00,14.3100004196167,15.244999885559082,13.90999984741211,14.0600004196167,36000,0.0,0.0
2023-04-25 00:00:00-04:00,14.09000015258789,14.09000015258789,12.699999809265137,13.029999732971191,42000,0.0,0.0
2023-04-26 00:00:00-04:00,12.84000015258789,14.569999694824219,12.4399995803833,14.119999885559082,48900,0.0,0.0
2023-04-27 00:00:00-04:00,13.8149995803833,14.239999771118164,13.40999984741211,13.699999809265137,30200,0.0,0.0
2023-04-28 00:00:00-04:00,13.869999885559082,15.699999809265137,11.190999984741211,11.710000038146973,88300,0.0,0.0
2023-05-01 00:00:00-04:00,11.289999961853027,12.944999694824219,11.289999961853027,12.760000228881836,34600,0.0,0.0
2023-05-02 00:00:00-04:00,12.510000228881836,13.220000267028809,11.350000381469727,11.970000267028809,46000,0.0,0.0
2023-05-03 00:00:00-04:00,12.0,12.505000114440918,11.15999984741211,12.239999771118164,34000,0.0,0.0
2023-05-04 00:00:00-04:00,12.25,12.739999771118164,11.270000457763672,11.949999809265137,43700,0.0,0.0
2023-05-05 00:00:00-04:00,11.84000015258789,12.600000381469727,11.569999694824219,12.119999885559082,58100,0.0,0.0
2023-05-08 00:00:00-04:00,11.970000267028809,12.199999809265137,10.734999656677246,11.59000015258789,47700,0.0,0.0
2023-05-09 00:00:00-04:00,11.600000381469727,12.239999771118164,11.25,12.1899995803833,40300,0.0,0.0
2023-05-10 00:00:00-04:00,11.819999694824219,12.859999656677246,11.75,11.930000305175781,66500,0.0,0.0
2023-05-11 00:00:00-04:00,11.970000267028809,12.510000228881836,11.619999885559082,12.149999618530273,42200,0.0,0.0
2023-05-12 00:00:00-04:00,12.039999961853027,12.5600004196167,12.039999961853027,12.5,42400,0.0,0.0
2023-05-15 00:00:00-04:00,12.600000381469727,13.199999809265137,12.600000381469727,12.800000190734863,25800,0.0,0.0
2023-05-16 00:00:00-04:00,12.800000190734863,13.265000343322754,12.65999984741211,13.079999923706055,36000,0.0,0.0
2023-05-17 00:00:00-04:00,13.140000343322754,13.529999732971191,12.9399995803833,13.479999542236328,37000,0.0,0.0
2023-05-18 00:00:00-04:00,13.65999984741211,13.65999984741211,12.569999694824219,12.65999984741211,38600,0.0,0.0
2023-05-19 00:00:00-04:00,12.569999694824219,13.279999732971191,11.960000038146973,12.40999984741211,59200,0.0,0.0
2023-05-22 00:00:00-04:00,12.649999618530273,13.239999771118164,12.324999809265137,13.09000015258789,136600,0.0,0.0
2023-05-23 00:00:00-04:00,12.944999694824219,13.989999771118164,12.899999618530273,13.319999694824219,69400,0.0,0.0
2023-05-24 00:00:00-04:00,13.430000305175781,13.5600004196167,12.420000076293945,12.75,39200,0.0,0.0
2023-05-25 00:00:00-04:00,12.989999771118164,13.630000114440918,11.6899995803833,11.920000076293945,40800,0.0,0.0
2023-05-26 00:00:00-04:00,11.800000190734863,12.390000343322754,11.5,11.760000228881836,39700,0.0,0.0
2023-05-30 00:00:00-04:00,12.029999732971191,12.029999732971191,10.899999618530273,11.020000457763672,42400,0.0,0.0
2023-05-31 00:00:00-04:00,10.859999656677246,11.625,10.619999885559082,11.460000038146973,98400,0.0,0.0
2023-06-01 00:00:00-04:00,11.369999885559082,12.0600004196167,11.359999656677246,11.4399995803833,67200,0.0,0.0
2023-06-02 00:00:00-04:00,11.34000015258789,12.324999809265137,11.149999618530273,12.210000038146973,38100,0.0,0.0
2023-06-05 00:00:00-04:00,12.859999656677246,13.140000343322754,12.640000343322754,13.140000343322754,44300,0.0,0.0
2023-06-06 00:00:00-04:00,13.520000457763672,14.09000015258789,13.187000274658203,14.0,54400,0.0,0.0
2023-06-07 00:00:00-04:00,14.468000411987305,14.90999984741211,13.673999786376953,14.479999542236328,71800,0.0,0.0
2023-06-08 00:00:00-04:00,13.1899995803833,15.109999656677246,13.1899995803833,14.670000076293945,70700,0.0,0.0
2023-06-09 00:00:00-04:00,14.989999771118164,16.290000915527344,14.319999694824219,14.949999809265137,70100,0.0,0.0
2023-06-12 00:00:00-04:00,14.420000076293945,15.625,14.420000076293945,15.510000228881836,71900,0.0,0.0
2023-06-13 00:00:00-04:00,15.510000228881836,16.5,15.074999809265137,16.200000762939453,90400,0.0,0.0
2023-06-14 00:00:00-04:00,16.1200008392334,17.1200008392334,15.420000076293945,15.449999809265137,146800,0.0,0.0
2023-06-15 00:00:00-04:00,15.170000076293945,16.239999771118164,14.020999908447266,14.430000305175781,121100,0.0,0.0
2023-06-16 00:00:00-04:00,14.09000015258789,15.6899995803833,13.640000343322754,14.850000381469727,277800,0.0,0.0
2023-06-20 00:00:00-04:00,14.989999771118164,15.579999923706055,14.390000343322754,15.010000228881836,146500,0.0,0.0
2023-06-21 00:00:00-04:00,14.949999809265137,15.420000076293945,14.039999961853027,15.149999618530273,142100,0.0,0.0
2023-06-22 00:00:00-04:00,14.470000267028809,16.135000228881836,14.470000267028809,15.989999771118164,125600,0.0,0.0
2023-06-23 00:00:00-04:00,15.520000457763672,16.59000015258789,14.291000366210938,14.739999771118164,2513100,0.0,0.0
2023-06-26 00:00:00-04:00,14.670000076293945,14.720000267028809,11.449999809265137,12.210000038146973,184900,0.0,0.0
2023-06-27 00:00:00-04:00,12.050000190734863,12.975000381469727,11.239999771118164,12.270000457763672,104300,0.0,0.0
2023-06-28 00:00:00-04:00,11.850000381469727,14.75,11.850000381469727,14.399999618530273,98400,0.0,0.0
2023-06-29 00:00:00-04:00,13.699999809265137,15.5,13.6899995803833,15.0600004196167,77300,0.0,0.0
2023-06-30 00:00:00-04:00,14.890000343322754,15.479999542236328,14.670000076293945,15.140000343322754,114200,0.0,0.0
2023-07-03 00:00:00-04:00,14.40999984741211,15.15999984741211,14.109999656677246,14.630000114440918,39500,0.0,0.0
2023-07-05 00:00:00-04:00,14.6899995803833,16.40999984741211,14.6899995803833,16.31999969482422,67200,0.0,0.0
2023-07-06 00:00:00-04:00,16.31999969482422,16.90999984741211,15.779999732971191,15.970000267028809,86100,0.0,0.0
2023-07-07 00:00:00-04:00,15.779999732971191,17.450000762939453,15.779999732971191,17.25,49300,0.0,0.0
2023-07-10 00:00:00-04:00,16.809999465942383,18.049999237060547,16.75,17.979999542236328,165100,0.0,0.0
2023-07-11 00:00:00-04:00,17.940000534057617,18.31999969482422,17.559999465942383,18.010000228881836,168200,0.0,0.0
2023-07-12 00:00:00-04:00,18.299999237060547,18.299999237060547,15.555000305175781,15.779999732971191,59800,0.0,0.0
2023-07-13 00:00:00-04:00,15.859999656677246,16.76099967956543,15.800000190734863,16.15999984741211,42700,0.0,0.0
2023-07-14 00:00:00-04:00,15.729999542236328,16.540000915527344,15.399999618530273,16.329999923706055,29900,0.0,0.0
2023-07-17 00:00:00-04:00,15.970000267028809,16.770000457763672,15.479999542236328,16.59000015258789,56700,0.0,0.0
2023-07-18 00:00:00-04:00,16.75,18.440000534057617,16.476999282836914,17.59000015258789,86400,0.0,0.0
2023-07-19 00:00:00-04:00,17.559999465942383,17.94499969482422,17.030000686645508,17.1200008392334,42600,0.0,0.0
2023-07-20 00:00:00-04:00,17.3799991607666,17.940000534057617,17.145000457763672,17.56999969482422,87600,0.0,0.0
2023-07-21 00:00:00-04:00,17.799999237060547,17.88800048828125,16.65999984741211,17.059999465942383,98200,0.0,0.0
2023-07-24 00:00:00-04:00,17.010000228881836,17.309999465942383,16.280000686645508,16.950000762939453,55800,0.0,0.0
2023-07-25 00:00:00-04:00,16.84000015258789,17.18000030517578,15.930000305175781,16.079999923706055,52600,0.0,0.0
2023-07-26 00:00:00-04:00,16.059999465942383,17.389999389648438,16.059999465942383,17.200000762939453,28800,0.0,0.0
2023-07-27 00:00:00-04:00,17.290000915527344,17.290000915527344,16.184999465942383,16.719999313354492,31800,0.0,0.0
2023-07-28 00:00:00-04:00,16.790000915527344,17.540000915527344,16.709999084472656,17.280000686645508,21300,0.0,0.0
2023-07-31 00:00:00-04:00,17.350000381469727,17.43000030517578,16.729999542236328,17.3700008392334,20600,0.0,0.0
2023-08-01 00:00:00-04:00,17.3700008392334,17.420000076293945,16.739999771118164,16.940000534057617,41500,0.0,0.0
2023-08-02 00:00:00-04:00,16.81999969482422,16.81999969482422,14.720000267028809,14.890000343322754,59500,0.0,0.0
2023-08-03 00:00:00-04:00,14.760000228881836,15.0600004196167,14.4399995803833,14.449999809265137,45500,0.0,0.0
2023-08-04 00:00:00-04:00,14.449999809265137,14.569999694824219,13.539999961853027,14.25,82100,0.0,0.0
2023-08-07 00:00:00-04:00,14.119999885559082,14.520000457763672,13.850000381469727,13.9399995803833,33500,0.0,0.0
2023-08-08 00:00:00-04:00,13.520000457763672,16.25,13.520000457763672,15.399999618530273,60200,0.0,0.0
2023-08-09 00:00:00-04:00,15.4399995803833,15.619999885559082,14.729999542236328,15.3100004196167,48800,0.0,0.0
2023-08-10 00:00:00-04:00,15.390000343322754,16.850000381469727,15.390000343322754,15.640000343322754,43100,0.0,0.0
2023-08-11 00:00:00-04:00,15.529999732971191,16.43000030517578,15.529999732971191,16.40999984741211,28400,0.0,0.0
2023-08-14 00:00:00-04:00,16.260000228881836,16.260000228881836,15.3100004196167,15.359999656677246,57900,0.0,0.0
2023-08-15 00:00:00-04:00,15.3100004196167,16.059999465942383,14.949999809265137,15.989999771118164,57200,0.0,0.0
2023-08-16 00:00:00-04:00,16.15999984741211,16.475000381469727,15.649999618530273,15.720000267028809,30100,0.0,0.0
2023-08-17 00:00:00-04:00,15.75,15.75,14.800000190734863,15.069999694824219,45900,0.0,0.0
2023-08-18 00:00:00-04:00,14.899999618530273,15.84000015258789,14.75,15.75,56000,0.0,0.0
2023-08-21 00:00:00-04:00,15.710000038146973,16.667999267578125,15.619999885559082,16.299999237060547,27600,0.0,0.0
2023-08-22 00:00:00-04:00,16.200000762939453,16.350000381469727,15.050000190734863,15.1899995803833,40000,0.0,0.0
2023-08-23 00:00:00-04:00,15.449999809265137,16.489999771118164,15.350000381469727,16.450000762939453,34000,0.0,0.0
2023-08-24 00:00:00-04:00,16.31999969482422,16.760000228881836,15.869999885559082,16.270000457763672,27600,0.0,0.0
2023-08-25 00:00:00-04:00,16.299999237060547,16.59000015258789,15.770000457763672,15.930000305175781,26900,0.0,0.0
2023-08-28 00:00:00-04:00,16.0,16.809999465942383,15.949999809265137,16.639999389648438,30100,0.0,0.0
2023-08-29 00:00:00-04:00,16.600000381469727,17.625,16.440000534057617,17.290000915527344,68200,0.0,0.0
2023-08-30 00:00:00-04:00,17.06999969482422,17.06999969482422,16.155000686645508,16.15999984741211,36000,0.0,0.0
2023-08-31 00:00:00-04:00,16.149999618530273,16.854999542236328,14.579999923706055,14.720000267028809,78600,0.0,0.0
2023-09-01 00:00:00-04:00,14.710000038146973,15.649999618530273,14.369999885559082,15.40999984741211,58900,0.0,0.0
2023-09-05 00:00:00-04:00,15.239999771118164,15.239999771118164,14.100000381469727,14.140000343322754,58700,0.0,0.0
2023-09-06 00:00:00-04:00,14.210000038146973,14.5,12.949999809265137,13.880000114440918,70500,0.0,0.0
2023-09-07 00:00:00-04:00,13.920000076293945,14.789999961853027,13.550000190734863,14.640000343322754,46300,0.0,0.0
2023-09-08 00:00:00-04:00,14.100000381469727,14.489999771118164,13.975000381469727,14.25,36700,0.0,0.0
2023-09-11 00:00:00-04:00,14.489999771118164,14.989999771118164,14.100000381469727,14.699999809265137,35600,0.0,0.0
2023-09-12 00:00:00-04:00,13.729999542236328,14.949999809265137,13.729999542236328,14.699999809265137,35900,0.0,0.0
2023-09-13 00:00:00-04:00,14.399999618530273,15.350000381469727,14.220000267028809,14.369999885559082,71500,0.0,0.0
2023-09-14 00:00:00-04:00,14.260000228881836,15.229999542236328,14.125,15.180000305175781,42900,0.0,0.0
2023-09-15 00:00:00-04:00,15.020000457763672,16.81999969482422,14.239999771118164,16.6299991607666,167300,0.0,0.0
2023-09-18 00:00:00-04:00,16.559999465942383,16.559999465942383,14.229999542236328,14.319999694824219,50100,0.0,0.0
2023-09-19 00:00:00-04:00,14.239999771118164,14.600000381469727,13.569999694824219,14.380000114440918,52000,0.0,0.0
2023-09-20 00:00:00-04:00,14.390000343322754,15.225000381469727,14.199999809265137,14.199999809265137,36700,0.0,0.0
2023-09-21 00:00:00-04:00,14.180000305175781,14.180000305175781,13.050000190734863,13.609999656677246,45600,0.0,0.0
2023-09-22 00:00:00-04:00,13.5600004196167,14.649999618530273,13.305000305175781,14.420000076293945,31700,0.0,0.0
2023-09-25 00:00:00-04:00,14.420000076293945,15.479999542236328,14.40999984741211,14.930000305175781,36600,0.0,0.0
2023-09-26 00:00:00-04:00,14.800000190734863,15.130000114440918,14.729999542236328,14.880000114440918,24300,0.0,0.0
2023-09-27 00:00:00-04:00,15.289999961853027,15.619999885559082,15.024999618530273,15.5,25300,0.0,0.0
2023-09-28 00:00:00-04:00,15.595000267028809,16.399999618530273,15.595000267028809,16.18000030517578,35200,0.0,0.0
2023-09-29 00:00:00-04:00,15.819999694824219,15.960000038146973,15.557999610900879,15.800000190734863,30700,0.0,0.0
2023-10-02 00:00:00-04:00,15.470000267028809,15.739999771118164,14.779999732971191,14.850000381469727,24800,0.0,0.0
2023-10-03 00:00:00-04:00,14.890000343322754,15.5,14.53499984741211,15.289999961853027,17400,0.0,0.0
2023-10-04 00:00:00-04:00,15.449999809265137,16.200000762939453,15.210000038146973,15.600000381469727,30500,0.0,0.0
2023-10-05 00:00:00-04:00,15.699999809265137,16.06999969482422,14.529999732971191,14.600000381469727,145200,0.0,0.0
2023-10-06 00:00:00-04:00,14.579999923706055,15.029999732971191,14.100000381469727,14.850000381469727,51100,0.0,0.0
2023-10-09 00:00:00-04:00,14.779999732971191,14.779999732971191,13.765000343322754,14.25,23700,0.0,0.0
2023-10-10 00:00:00-04:00,14.84000015258789,16.149999618530273,14.84000015258789,15.619999885559082,36300,0.0,0.0
2023-10-11 00:00:00-04:00,16.1200008392334,16.42799949645996,14.244999885559082,14.359999656677246,38800,0.0,0.0
2023-10-12 00:00:00-04:00,14.220000267028809,14.220000267028809,12.729999542236328,13.0,55900,0.0,0.0
2023-10-13 00:00:00-04:00,13.0,13.505000114440918,12.6899995803833,13.100000381469727,47600,0.0,0.0
2023-10-16 00:00:00-04:00,13.3100004196167,14.829999923706055,12.880000114440918,14.829999923706055,41100,0.0,0.0
2023-10-17 00:00:00-04:00,14.220000267028809,16.059999465942383,14.220000267028809,15.520000457763672,60800,0.0,0.0
2023-10-18 00:00:00-04:00,15.369999885559082,15.489999771118164,14.850000381469727,15.149999618530273,24400,0.0,0.0
2023-10-19 00:00:00-04:00,14.289999961853027,14.760000228881836,14.289999961853027,14.649999618530273,16600,0.0,0.0
2023-10-20 00:00:00-04:00,14.739999771118164,15.199999809265137,14.600000381469727,14.720000267028809,26900,0.0,0.0
2023-10-23 00:00:00-04:00,14.729999542236328,15.15999984741211,14.729999542236328,15.15999984741211,12300,0.0,0.0
2023-10-24 00:00:00-04:00,15.430000305175781,16.5,15.430000305175781,15.75,37500,0.0,0.0
2023-10-25 00:00:00-04:00,15.609999656677246,15.609999656677246,13.59000015258789,13.59000015258789,87400,0.0,0.0
2023-10-26 00:00:00-04:00,13.59000015258789,14.0,13.569999694824219,13.904999732971191,26800,0.0,0.0
2023-10-27 00:00:00-04:00,13.6899995803833,14.699999809265137,13.6899995803833,14.5,17600,0.0,0.0
2023-10-30 00:00:00-04:00,14.869999885559082,15.59000015258789,14.279999732971191,15.369999885559082,24900,0.0,0.0
2023-10-31 00:00:00-04:00,15.539999961853027,16.729999542236328,15.284000396728516,16.010000228881836,31500,0.0,0.0
2023-11-01 00:00:00-04:00,15.859999656677246,16.389999389648438,15.484999656677246,15.5,33700,0.0,0.0
2023-11-02 00:00:00-04:00,16.049999237060547,16.049999237060547,15.399999618530273,15.670000076293945,22600,0.0,0.0
2023-11-03 00:00:00-04:00,16.0,16.979999542236328,16.0,16.649999618530273,52200,0.0,0.0
2023-11-06 00:00:00-05:00,16.889999389648438,16.920000076293945,15.0,15.640000343322754,99800,0.0,0.0
2023-11-07 00:00:00-05:00,16.110000610351562,17.0,14.9399995803833,16.989999771118164,74700,0.0,0.0
2023-11-08 00:00:00-05:00,17.0,17.0,15.75,16.8700008392334,48400,0.0,0.0
2023-11-09 00:00:00-05:00,17.0,17.0,15.829999923706055,16.110000610351562,18800,0.0,0.0
2023-11-10 00:00:00-05:00,16.549999237060547,16.729999542236328,15.350000381469727,16.6299991607666,47600,0.0,0.0
2023-11-13 00:00:00-05:00,16.229999542236328,17.0,15.8100004196167,16.389999389648438,35600,0.0,0.0
2023-11-14 00:00:00-05:00,17.0,17.530000686645508,16.200000762939453,16.84000015258789,250800,0.0,0.0
2023-11-15 00:00:00-05:00,16.889999389648438,17.579999923706055,16.239999771118164,16.34000015258789,67600,0.0,0.0
2023-11-16 00:00:00-05:00,16.489999771118164,16.722999572753906,15.140000343322754,15.369999885559082,85700,0.0,0.0
2023-11-17 00:00:00-05:00,15.649999618530273,16.5,15.5,16.219999313354492,43800,0.0,0.0
2023-11-20 00:00:00-05:00,16.40999984741211,16.93000030517578,15.949999809265137,16.309999465942383,65700,0.0,0.0
2023-11-21 00:00:00-05:00,16.299999237060547,16.827999114990234,16.149999618530273,16.670000076293945,68500,0.0,0.0
2023-11-22 00:00:00-05:00,15.899999618530273,15.899999618530273,10.75,11.359999656677246,310200,0.0,0.0
2023-11-24 00:00:00-05:00,11.760000228881836,11.760000228881836,10.949999809265137,11.489999771118164,84500,0.0,0.0
2023-11-27 00:00:00-05:00,11.510000228881836,14.0,11.050000190734863,12.5,333900,0.0,0.0
2023-11-28 00:00:00-05:00,12.59000015258789,13.050000190734863,12.109999656677246,12.720000267028809,77500,0.0,0.0
2023-11-29 00:00:00-05:00,13.029999732971191,13.859999656677246,12.770000457763672,13.020000457763672,83400,0.0,0.0
2023-11-30 00:00:00-05:00,13.079999923706055,13.75,12.649999618530273,12.970000267028809,84800,0.0,0.0
2023-12-01 00:00:00-05:00,13.069999694824219,13.880000114440918,12.744999885559082,13.399999618530273,70500,0.0,0.0
2023-12-04 00:00:00-05:00,13.380000114440918,13.6899995803833,12.449999809265137,13.649999618530273,81200,0.0,0.0
2023-12-05 00:00:00-05:00,13.5600004196167,14.3100004196167,13.527999877929688,14.050000190734863,74300,0.0,0.0
2023-12-06 00:00:00-05:00,14.149999618530273,14.720000267028809,13.710000038146973,13.779999732971191,57900,0.0,0.0
2023-12-07 00:00:00-05:00,13.800000190734863,13.800000190734863,13.25,13.359999656677246,91500,0.0,0.0
2023-12-08 00:00:00-05:00,13.270000457763672,14.5,12.710000038146973,14.229999542236328,88600,0.0,0.0
2023-12-11 00:00:00-05:00,14.3100004196167,14.3100004196167,12.710000038146973,12.979999542236328,78900,0.0,0.0
2023-12-12 00:00:00-05:00,13.079999923706055,13.789999961853027,12.699999809265137,13.170000076293945,63500,0.0,0.0
2023-12-13 00:00:00-05:00,13.369999885559082,14.0,13.149999618530273,13.729999542236328,185000,0.0,0.0
2023-12-14 00:00:00-05:00,14.029999732971191,14.729999542236328,13.354000091552734,13.989999771118164,124200,0.0,0.0
2023-12-15 00:00:00-05:00,14.279999732971191,14.279999732971191,13.399999618530273,13.930000305175781,143000,0.0,0.0
2023-12-18 00:00:00-05:00,13.8100004196167,14.6899995803833,13.359999656677246,14.539999961853027,64000,0.0,0.0
2023-12-19 00:00:00-05:00,14.489999771118164,14.5,13.229999542236328,14.319999694824219,120200,0.0,0.0
2023-12-20 00:00:00-05:00,14.279999732971191,15.260000228881836,13.619999885559082,14.989999771118164,100100,0.0,0.0
2023-12-21 00:00:00-05:00,15.0,15.399999618530273,14.510000228881836,14.760000228881836,52300,0.0,0.0
2023-12-22 00:00:00-05:00,14.960000038146973,16.729999542236328,14.859999656677246,16.530000686645508,88200,0.0,0.0
2023-12-26 00:00:00-05:00,16.670000076293945,17.2450008392334,16.56999969482422,16.690000534057617,116700,0.0,0.0
2023-12-27 00:00:00-05:00,16.770000457763672,17.100000381469727,16.360000610351562,16.889999389648438,47100,0.0,0.0
2023-12-28 00:00:00-05:00,16.920000076293945,17.559999465942383,16.190000534057617,16.40999984741211,63000,0.0,0.0
2023-12-29 00:00:00-05:00,16.59000015258789,16.920000076293945,14.949999809265137,15.09000015258789,101300,0.0,0.0
2024-01-02 00:00:00-05:00,15.09000015258789,15.960000038146973,14.850000381469727,15.170000076293945,81700,0.0,0.0
2024-01-03 00:00:00-05:00,15.279999732971191,15.279999732971191,13.541999816894531,13.800000190734863,113100,0.0,0.0
2024-01-04 00:00:00-05:00,14.09000015258789,14.75,13.868000030517578,14.0600004196167,86300,0.0,0.0
2024-01-05 00:00:00-05:00,14.489999771118164,16.209999084472656,13.699999809265137,15.25,124300,0.0,0.0
2024-01-08 00:00:00-05:00,15.270000457763672,16.274999618530273,14.9399995803833,15.800000190734863,87300,0.0,0.0
2024-01-09 00:00:00-05:00,15.579999923706055,17.2549991607666,15.5,17.0,121700,0.0,0.0
2024-01-10 00:00:00-05:00,17.0,17.049999237060547,16.09000015258789,16.479999542236328,66600,0.0,0.0
2024-01-11 00:00:00-05:00,16.270000457763672,16.594999313354492,15.90999984741211,16.1299991607666,72900,0.0,0.0
2024-01-12 00:00:00-05:00,16.25,16.940000534057617,15.850000381469727,16.3700008392334,58100,0.0,0.0
2024-01-16 00:00:00-05:00,15.989999771118164,16.069000244140625,14.710000038146973,14.930000305175781,86600,0.0,0.0
2024-01-17 00:00:00-05:00,14.539999961853027,15.694999694824219,14.539999961853027,15.510000228881836,67500,0.0,0.0
2024-01-18 00:00:00-05:00,15.720000267028809,15.720000267028809,14.550000190734863,14.989999771118164,36100,0.0,0.0
2024-01-19 00:00:00-05:00,15.029999732971191,15.069999694824219,13.970000267028809,14.649999618530273,204800,0.0,0.0
2024-01-22 00:00:00-05:00,15.029999732971191,15.850000381469727,14.890000343322754,15.664999961853027,93800,0.0,0.0
2024-01-23 00:00:00-05:00,16.049999237060547,16.5,15.739999771118164,16.040000915527344,35300,0.0,0.0
2024-01-24 00:00:00-05:00,16.469999313354492,16.469999313354492,15.430000305175781,15.479999542236328,32500,0.0,0.0
2024-01-25 00:00:00-05:00,15.479999542236328,15.479999542236328,14.149999618530273,14.899999618530273,42300,0.0,0.0
2024-01-26 00:00:00-05:00,14.899999618530273,15.5,14.4399995803833,14.829999923706055,38600,0.0,0.0
2024-01-29 00:00:00-05:00,14.789999961853027,15.269000053405762,14.510000228881836,15.220000267028809,101400,0.0,0.0
2024-01-30 00:00:00-05:00,15.470000267028809,15.600000381469727,14.84000015258789,15.34000015258789,36500,0.0,0.0
2024-01-31 00:00:00-05:00,14.979999542236328,15.569999694824219,14.569999694824219,14.569999694824219,42400,0.0,0.0
2024-02-01 00:00:00-05:00,14.65999984741211,15.1899995803833,14.08899974822998,14.770000457763672,69000,0.0,0.0
2024-02-02 00:00:00-05:00,14.699999809265137,15.149999618530273,14.579999923706055,14.720000267028809,26500,0.0,0.0
2024-02-05 00:00:00-05:00,14.399999618530273,14.9399995803833,14.305000305175781,14.319999694824219,35500,0.0,0.0
2024-02-06 00:00:00-05:00,14.220000267028809,14.850000381469727,13.779999732971191,14.170000076293945,58500,0.0,0.0
2024-02-07 00:00:00-05:00,14.3100004196167,14.319999694824219,13.510000228881836,13.850000381469727,54100,0.0,0.0
2024-02-08 00:00:00-05:00,14.0,14.5600004196167,13.970000267028809,14.510000228881836,25400,0.0,0.0
2024-02-09 00:00:00-05:00,14.569999694824219,15.3100004196167,14.5,15.130000114440918,43400,0.0,0.0
2024-02-12 00:00:00-05:00,15.170000076293945,15.5649995803833,14.694999694824219,15.170000076293945,82300,0.0,0.0
2024-02-13 00:00:00-05:00,14.489999771118164,14.744999885559082,13.614999771118164,13.90999984741211,70900,0.0,0.0
2024-02-14 00:00:00-05:00,14.34000015258789,14.850000381469727,13.770999908447266,14.75,68300,0.0,0.0
2024-02-15 00:00:00-05:00,14.970000267028809,15.5,14.59000015258789,15.020000457763672,69100,0.0,0.0
2024-02-16 00:00:00-05:00,15.0600004196167,15.0600004196167,14.0600004196167,14.380000114440918,75400,0.0,0.0
2024-02-20 00:00:00-05:00,14.350000381469727,14.550000190734863,13.414999961853027,13.619999885559082,74000,0.0,0.0
2024-02-21 00:00:00-05:00,13.539999961853027,13.649999618530273,12.800000190734863,13.300000190734863,107600,0.0,0.0
2024-02-22 00:00:00-05:00,13.350000381469727,13.569000244140625,12.890000343322754,13.239999771118164,103000,0.0,0.0
2024-02-23 00:00:00-05:00,13.25,13.614999771118164,12.824000358581543,13.350000381469727,93400,0.0,0.0
2024-02-26 00:00:00-05:00,13.180000305175781,13.960000038146973,13.15999984741211,13.819999694824219,125200,0.0,0.0
2024-02-27 00:00:00-05:00,13.9399995803833,14.449999809265137,13.34000015258789,13.649999618530273,114700,0.0,0.0
2024-02-28 00:00:00-05:00,13.380000114440918,13.949999809265137,12.880000114440918,12.989999771118164,59500,0.0,0.0
2024-02-29 00:00:00-05:00,13.34000015258789,13.680000305175781,12.890000343322754,13.229999542236328,99000,0.0,0.0
2024-03-01 00:00:00-05:00,13.279999732971191,13.890000343322754,13.119999885559082,13.729999542236328,161300,0.0,0.0
2024-03-04 00:00:00-05:00,13.819999694824219,13.819999694824219,12.100000381469727,12.380000114440918,107700,0.0,0.0
2024-03-05 00:00:00-05:00,12.239999771118164,13.319999694824219,11.920000076293945,12.279999732971191,144600,0.0,0.0
2024-03-06 00:00:00-05:00,12.510000228881836,12.760000228881836,12.010000228881836,12.390000343322754,104100,0.0,0.0
2024-03-07 00:00:00-05:00,12.489999771118164,12.875,12.199999809265137,12.579999923706055,69800,0.0,0.0
2024-03-08 00:00:00-05:00,12.890000343322754,12.890000343322754,12.319999694824219,12.680000305175781,43100,0.0,0.0
2024-03-11 00:00:00-04:00,12.699999809265137,12.699999809265137,11.630000114440918,11.760000228881836,55600,0.0,0.0
2024-03-12 00:00:00-04:00,11.739999771118164,11.96500015258789,11.430000305175781,11.579999923706055,74700,0.0,0.0
2024-03-13 00:00:00-04:00,12.09000015258789,12.819999694824219,11.350000381469727,12.710000038146973,171000,0.0,0.0
2024-03-14 00:00:00-04:00,12.350000381469727,12.880000114440918,11.864999771118164,12.199999809265137,90600,0.0,0.0
2024-03-15 00:00:00-04:00,12.199999809265137,12.8100004196167,12.09000015258789,12.779999732971191,111900,0.0,0.0
2024-03-18 00:00:00-04:00,12.779999732971191,12.779999732971191,12.329999923706055,12.40999984741211,47800,0.0,0.0
2024-03-19 00:00:00-04:00,12.369999885559082,12.989999771118164,12.204999923706055,12.699999809265137,36200,0.0,0.0
2024-03-20 00:00:00-04:00,12.710000038146973,13.529999732971191,12.359999656677246,13.350000381469727,59800,0.0,0.0
2024-03-21 00:00:00-04:00,13.5,13.800000190734863,13.109999656677246,13.539999961853027,71900,0.0,0.0
2024-03-22 00:00:00-04:00,13.920000076293945,13.960000038146973,13.34000015258789,13.720000267028809,64700,0.0,0.0
2024-03-25 00:00:00-04:00,13.859999656677246,13.989999771118164,13.114999771118164,13.380000114440918,38600,0.0,0.0
2024-03-26 00:00:00-04:00,13.460000038146973,14.0,13.265000343322754,13.760000228881836,68000,0.0,0.0
2024-03-27 00:00:00-04:00,13.989999771118164,14.5,13.65999984741211,14.350000381469727,46100,0.0,0.0
2024-03-28 00:00:00-04:00,14.510000228881836,14.510000228881836,13.670000076293945,14.170000076293945,105300,0.0,0.0
2024-04-01 00:00:00-04:00,14.380000114440918,14.380000114440918,13.40999984741211,13.760000228881836,70800,0.0,0.0
2024-04-02 00:00:00-04:00,13.600000381469727,13.960000038146973,13.170000076293945,13.880000114440918,64900,0.0,0.0
2024-04-03 00:00:00-04:00,13.619999885559082,14.220000267028809,13.619999885559082,13.8100004196167,55700,0.0,0.0
2024-04-04 00:00:00-04:00,14.079999923706055,14.335000038146973,13.680000305175781,13.829999923706055,52000,0.0,0.0
2024-04-05 00:00:00-04:00,13.829999923706055,14.0600004196167,13.520000457763672,13.8100004196167,104000,0.0,0.0
2024-04-08 00:00:00-04:00,13.890000343322754,14.130000114440918,13.390000343322754,13.449999809265137,56900,0.0,0.0
2024-04-09 00:00:00-04:00,13.579999923706055,13.654999732971191,13.0,13.279999732971191,69200,0.0,0.0
2024-04-10 00:00:00-04:00,12.920000076293945,13.319999694824219,12.229999542236328,12.520000457763672,181800,0.0,0.0
2024-04-11 00:00:00-04:00,12.75,13.289999961853027,12.180000305175781,13.260000228881836,92900,0.0,0.0
2024-04-12 00:00:00-04:00,13.180000305175781,13.510000228881836,12.760000228881836,12.949999809265137,55700,0.0,0.0
2024-04-15 00:00:00-04:00,13.029999732971191,13.543000221252441,12.6899995803833,12.890000343322754,108900,0.0,0.0
2024-04-16 00:00:00-04:00,12.869999885559082,13.005000114440918,12.520000457763672,12.720000267028809,49600,0.0,0.0
2024-04-17 00:00:00-04:00,12.710000038146973,12.890000343322754,12.15999984741211,12.220000267028809,56400,0.0,0.0
2024-04-18 00:00:00-04:00,12.119999885559082,12.399999618530273,11.819999694824219,11.90999984741211,130300,0.0,0.0
2024-04-19 00:00:00-04:00,11.829999923706055,12.1899995803833,11.812999725341797,12.149999618530273,87500,0.0,0.0
2024-04-22 00:00:00-04:00,12.239999771118164,13.130000114440918,12.199999809265137,13.100000381469727,119100,0.0,0.0
2024-04-23 00:00:00-04:00,13.079999923706055,14.029999732971191,12.779999732971191,12.890000343322754,44000,0.0,0.0
2024-04-24 00:00:00-04:00,12.789999961853027,12.789999961853027,12.3100004196167,12.430000305175781,38600,0.0,0.0
2024-04-25 00:00:00-04:00,12.229999542236328,12.579999923706055,11.90999984741211,12.359999656677246,84100,0.0,0.0
2024-04-26 00:00:00-04:00,12.100000381469727,12.729999542236328,12.100000381469727,12.449999809265137,25800,0.0,0.0
2024-04-29 00:00:00-04:00,12.329999923706055,12.553999900817871,12.0600004196167,12.34000015258789,52700,0.0,0.0
2024-04-30 00:00:00-04:00,12.289999961853027,12.390000343322754,11.819999694824219,11.850000381469727,68800,0.0,0.0
2024-05-01 00:00:00-04:00,11.979999542236328,13.359999656677246,11.979999542236328,13.25,99300,0.0,0.0
2024-05-02 00:00:00-04:00,13.25,13.59000015258789,12.720000267028809,13.5600004196167,67200,0.0,0.0
2024-05-03 00:00:00-04:00,13.699999809265137,13.842000007629395,12.920000076293945,13.15999984741211,38200,0.0,0.0
2024-05-06 00:00:00-04:00,13.420000076293945,13.824999809265137,13.258000373840332,13.5,25800,0.0,0.0
2024-05-07 00:00:00-04:00,13.789999961853027,14.109999656677246,13.354999542236328,13.880000114440918,44600,0.0,0.0
2024-05-08 00:00:00-04:00,13.520000457763672,14.244999885559082,13.489999771118164,14.050000190734863,57400,0.0,0.0
2024-05-09 00:00:00-04:00,14.020000457763672,14.4399995803833,13.817000389099121,14.359999656677246,60500,0.0,0.0
2024-05-10 00:00:00-04:00,14.329999923706055,14.460000038146973,14.020000457763672,14.34000015258789,40900,0.0,0.0
2024-05-13 00:00:00-04:00,14.779999732971191,14.850000381469727,13.979999542236328,14.050000190734863,125600,0.0,0.0
2024-05-14 00:00:00-04:00,14.489999771118164,14.829999923706055,14.020000457763672,14.1899995803833,87800,0.0,0.0
2024-05-15 00:00:00-04:00,14.460000038146973,14.8100004196167,14.399999618530273,14.489999771118164,44000,0.0,0.0
2024-05-16 00:00:00-04:00,14.630000114440918,15.005000114440918,14.529999732971191,14.949999809265137,89000,0.0,0.0
2024-05-17 00:00:00-04:00,15.34000015258789,15.34000015258789,14.779999732971191,14.989999771118164,104900,0.0,0.0
2024-05-20 00:00:00-04:00,14.869999885559082,15.40999984741211,14.869999885559082,15.319999694824219,100900,0.0,0.0
2024-05-21 00:00:00-04:00,15.300000190734863,15.720000267028809,15.140000343322754,15.699999809265137,71100,0.0,0.0
2024-05-22 00:00:00-04:00,15.6899995803833,16.31999969482422,15.6899995803833,16.010000228881836,60000,0.0,0.0
2024-05-23 00:00:00-04:00,16.020000457763672,16.049999237060547,15.0,15.020000457763672,65400,0.0,0.0
2024-05-24 00:00:00-04:00,15.069999694824219,15.380000114440918,15.039999961853027,15.130000114440918,33900,0.0,0.0
2024-05-28 00:00:00-04:00,15.40999984741211,16.239999771118164,15.039999961853027,16.139999389648438,141200,0.0,0.0
2024-05-29 00:00:00-04:00,15.890000343322754,16.450000762939453,15.34000015258789,15.390000343322754,94400,0.0,0.0
2024-05-30 00:00:00-04:00,15.710000038146973,15.859999656677246,15.199999809265137,15.630000114440918,62800,0.0,0.0
2024-05-31 00:00:00-04:00,15.890000343322754,16.082000732421875,15.029999732971191,15.470000267028809,87500,0.0,0.0
2024-06-03 00:00:00-04:00,15.819999694824219,16.0,14.890000343322754,15.699999809265137,93000,0.0,0.0
2024-06-04 00:00:00-04:00,15.260000228881836,15.5649995803833,14.949999809265137,15.300000190734863,94400,0.0,0.0
2024-06-05 00:00:00-04:00,15.390000343322754,16.469999313354492,15.039999961853027,16.3799991607666,88100,0.0,0.0
2024-06-06 00:00:00-04:00,16.40999984741211,16.440000534057617,15.789999961853027,15.800000190734863,41600,0.0,0.0
2024-06-07 00:00:00-04:00,15.640000343322754,15.944999694824219,15.239999771118164,15.739999771118164,48100,0.0,0.0
2024-06-10 00:00:00-04:00,15.59000015258789,15.699999809265137,15.329999923706055,15.59000015258789,35600,0.0,0.0
2024-06-11 00:00:00-04:00,15.369999885559082,15.670000076293945,15.350000381469727,15.569999694824219,65400,0.0,0.0
2024-06-12 00:00:00-04:00,16.290000915527344,16.290000915527344,15.699999809265137,15.880000114440918,85800,0.0,0.0
2024-06-13 00:00:00-04:00,15.760000228881836,16.479999542236328,15.75,16.450000762939453,265600,0.0,0.0
2024-06-14 00:00:00-04:00,16.0,16.170000076293945,15.779999732971191,15.779999732971191,60800,0.0,0.0
2024-06-17 00:00:00-04:00,15.569999694824219,15.734999656677246,15.15999984741211,15.210000038146973,69200,0.0,0.0
2024-06-18 00:00:00-04:00,15.329999923706055,15.420000076293945,14.710000038146973,14.789999961853027,60400,0.0,0.0
2024-06-20 00:00:00-04:00,14.779999732971191,14.850000381469727,14.399999618530273,14.4399995803833,37300,0.0,0.0
2024-06-21 00:00:00-04:00,14.399999618530273,14.989999771118164,14.208999633789062,14.850000381469727,112400,0.0,0.0
2024-06-24 00:00:00-04:00,15.010000228881836,15.5,14.15999984741211,14.239999771118164,107300,0.0,0.0
2024-06-25 00:00:00-04:00,14.149999618530273,15.0600004196167,14.149999618530273,14.770000457763672,132500,0.0,0.0
2024-06-26 00:00:00-04:00,14.539999961853027,14.609999656677246,13.989999771118164,14.100000381469727,104200,0.0,0.0
2024-06-27 00:00:00-04:00,14.319999694824219,14.4399995803833,13.979999542236328,14.170000076293945,56900,0.0,0.0
2024-06-28 00:00:00-04:00,14.34000015258789,14.515000343322754,13.979999542236328,14.25,742800,0.0,0.0
2024-07-01 00:00:00-04:00,14.40999984741211,14.5,13.949999809265137,14.319999694824219,84900,0.0,0.0
2024-07-02 00:00:00-04:00,14.359999656677246,14.524999618530273,13.979999542236328,14.0,59600,0.0,0.0
2024-07-03 00:00:00-04:00,13.989999771118164,14.260000228881836,13.859999656677246,14.1899995803833,30800,0.0,0.0
2024-07-05 00:00:00-04:00,14.020000457763672,14.210000038146973,13.779999732971191,14.130000114440918,92700,0.0,0.0
2024-07-08 00:00:00-04:00,14.270000457763672,15.199999809265137,13.960000038146973,15.149999618530273,82100,0.0,0.0
2024-07-09 00:00:00-04:00,15.3100004196167,15.899999618530273,15.149999618530273,15.5600004196167,122300,0.0,0.0
2024-07-10 00:00:00-04:00,15.600000381469727,16.0,15.329999923706055,15.739999771118164,154800,0.0,0.0
2024-07-11 00:00:00-04:00,15.989999771118164,17.579999923706055,15.819999694824219,17.3700008392334,243300,0.0,0.0
2024-07-12 00:00:00-04:00,17.799999237060547,18.0,16.719999313354492,17.149999618530273,190500,0.0,0.0
2024-07-15 00:00:00-04:00,17.360000610351562,18.0,17.18000030517578,17.860000610351562,168500,0.0,0.0
2024-07-16 00:00:00-04:00,18.170000076293945,18.170000076293945,17.479999542236328,17.760000228881836,120700,0.0,0.0
2024-07-17 00:00:00-04:00,17.510000228881836,17.760000228881836,16.739999771118164,17.1200008392334,99000,0.0,0.0
2024-07-18 00:00:00-04:00,17.059999465942383,17.665000915527344,16.670000076293945,16.8799991607666,136600,0.0,0.0
2024-07-19 00:00:00-04:00,16.979999542236328,17.18000030517578,16.684999465942383,16.979999542236328,68500,0.0,0.0
2024-07-22 00:00:00-04:00,17.1200008392334,17.270000457763672,16.729999542236328,17.110000610351562,86900,0.0,0.0
2024-07-23 00:00:00-04:00,16.969999313354492,17.93000030517578,16.68000030517578,17.18000030517578,314600,0.0,0.0
2024-07-24 00:00:00-04:00,17.0,17.260000228881836,16.06999969482422,16.170000076293945,136100,0.0,0.0
2024-07-25 00:00:00-04:00,16.239999771118164,17.200000762939453,16.239999771118164,17.100000381469727,135600,0.0,0.0
2024-07-26 00:00:00-04:00,17.5,17.604999542236328,16.8799991607666,17.219999313354492,84200,0.0,0.0
2024-07-29 00:00:00-04:00,17.420000076293945,17.59000015258789,16.459999084472656,16.690000534057617,92800,0.0,0.0
2024-07-30 00:00:00-04:00,16.84000015258789,17.18000030517578,16.6299991607666,16.899999618530273,102500,0.0,0.0
2024-07-31 00:00:00-04:00,17.0,17.299999237060547,16.43000030517578,16.469999313354492,103600,0.0,0.0
2024-08-01 00:00:00-04:00,16.469999313354492,16.65999984741211,15.859999656677246,15.960000038146973,322600,0.0,0.0
2024-08-02 00:00:00-04:00,15.260000228881836,15.449999809265137,14.489999771118164,14.75,118200,0.0,0.0
2024-08-05 00:00:00-04:00,13.979999542236328,14.569999694824219,13.640000343322754,14.460000038146973,130700,0.0,0.0
2024-08-06 00:00:00-04:00,14.430000305175781,15.039999961853027,14.149999618530273,14.6899995803833,53100,0.0,0.0
2024-08-07 00:00:00-04:00,14.890000343322754,14.890000343322754,13.710000038146973,13.8100004196167,109000,0.0,0.0
2024-08-08 00:00:00-04:00,13.869999885559082,14.460000038146973,13.789999961853027,14.449999809265137,88500,0.0,0.0
2024-08-09 00:00:00-04:00,14.380000114440918,14.694999694824219,13.760000228881836,14.020000457763672,96800,0.0,0.0
2024-08-12 00:00:00-04:00,14.0,14.630000114440918,13.710000038146973,14.210000038146973,136000,0.0,0.0
2024-08-13 00:00:00-04:00,15.930000305175781,15.930000305175781,14.684000015258789,15.8100004196167,117900,0.0,0.0
2024-08-14 00:00:00-04:00,16.0,16.0,15.3100004196167,15.819999694824219,85300,0.0,0.0
2024-08-15 00:00:00-04:00,16.25,16.610000610351562,15.954999923706055,16.260000228881836,105300,0.0,0.0
2024-08-16 00:00:00-04:00,16.170000076293945,16.719999313354492,15.779999732971191,16.530000686645508,242600,0.0,0.0
2024-08-19 00:00:00-04:00,16.530000686645508,16.6299991607666,16.118999481201172,16.520000457763672,467100,0.0,0.0
2024-08-20 00:00:00-04:00,16.549999237060547,17.0,16.31999969482422,16.93000030517578,164100,0.0,0.0
2024-08-21 00:00:00-04:00,16.93000030517578,17.110000610351562,16.364999771118164,16.459999084472656,165100,0.0,0.0
2024-08-22 00:00:00-04:00,16.489999771118164,16.649999618530273,16.059999465942383,16.110000610351562,75700,0.0,0.0
2024-08-23 00:00:00-04:00,16.350000381469727,16.635000228881836,15.989999771118164,16.520000457763672,119800,0.0,0.0
2024-08-26 00:00:00-04:00,16.6200008392334,17.010000228881836,16.43000030517578,16.90999984741211,155400,0.0,0.0
2024-08-27 00:00:00-04:00,16.770000457763672,16.889999389648438,16.582000732421875,16.700000762939453,59500,0.0,0.0
2024-08-28 00:00:00-04:00,16.600000381469727,16.844999313354492,16.139999389648438,16.31999969482422,74600,0.0,0.0
2024-08-29 00:00:00-04:00,16.5,17.59000015258789,16.389999389648438,17.5,145600,0.0,0.0
2024-08-30 00:00:00-04:00,17.719999313354492,17.844999313354492,17.079999923706055,17.700000762939453,177900,0.0,0.0
2024-09-03 00:00:00-04:00,17.65999984741211,17.75,15.4399995803833,15.649999618530273,127800,0.0,0.0
2024-09-04 00:00:00-04:00,15.869999885559082,15.869999885559082,15.039999961853027,15.399999618530273,145100,0.0,0.0
2024-09-05 00:00:00-04:00,15.380000114440918,15.579999923706055,14.989999771118164,15.390000343322754,88900,0.0,0.0
2024-09-06 00:00:00-04:00,15.319999694824219,15.630000114440918,14.619999885559082,14.800000190734863,82000,0.0,0.0
2024-09-09 00:00:00-04:00,14.75,15.329999923706055,14.699999809265137,15.029999732971191,124400,0.0,0.0
2024-09-10 00:00:00-04:00,15.010000228881836,15.048999786376953,14.579999923706055,14.720000267028809,97000,0.0,0.0
2024-09-11 00:00:00-04:00,14.720000267028809,15.029000282287598,14.539999961853027,14.859999656677246,74300,0.0,0.0
2024-09-12 00:00:00-04:00,14.979999542236328,15.229999542236328,14.670000076293945,14.859999656677246,74900,0.0,0.0
2024-09-13 00:00:00-04:00,15.119999885559082,15.1899995803833,14.9350004196167,15.0,122100,0.0,0.0
2024-09-16 00:00:00-04:00,15.0600004196167,15.420000076293945,14.5,14.550000190734863,78100,0.0,0.0
2024-09-17 00:00:00-04:00,14.550000190734863,14.579999923706055,13.899999618530273,14.15999984741211,160000,0.0,0.0
2024-09-18 00:00:00-04:00,14.130000114440918,14.263999938964844,13.460000038146973,13.649999618530273,240500,0.0,0.0
2024-09-19 00:00:00-04:00,14.130000114440918,15.380000114440918,14.085000038146973,15.0,138000,0.0,0.0
2024-09-20 00:00:00-04:00,14.84000015258789,15.085000038146973,14.550000190734863,14.680000305175781,434000,0.0,0.0
2024-09-23 00:00:00-04:00,14.84000015258789,14.899999618530273,14.479000091552734,14.569999694824219,221600,0.0,0.0
2024-09-24 00:00:00-04:00,14.65999984741211,15.4399995803833,14.489999771118164,15.399999618530273,187900,0.0,0.0
2024-09-25 00:00:00-04:00,15.380000114440918,15.494999885559082,15.0,15.050000190734863,79800,0.0,0.0
2024-09-26 00:00:00-04:00,15.40999984741211,16.156999588012695,15.109999656677246,15.770000457763672,167600,0.0,0.0
2024-09-27 00:00:00-04:00,16.030000686645508,17.3799991607666,15.869999885559082,16.450000762939453,359200,0.0,0.0
2024-09-30 00:00:00-04:00,16.299999237060547,16.65999984741211,15.59000015258789,15.979999542236328,158800,0.0,0.0
2024-10-01 00:00:00-04:00,15.90999984741211,16.020000457763672,15.1899995803833,16.0,159400,0.0,0.0
2024-10-02 00:00:00-04:00,16.030000686645508,16.420000076293945,15.529999732971191,16.290000915527344,111200,0.0,0.0
2024-10-03 00:00:00-04:00,16.139999389648438,16.709999084472656,15.975000381469727,16.440000534057617,159100,0.0,0.0
2024-10-04 00:00:00-04:00,16.8799991607666,17.200000762939453,16.68000030517578,17.06999969482422,99400,0.0,0.0
2024-10-07 00:00:00-04:00,17.059999465942383,17.299999237060547,16.479999542236328,16.540000915527344,101000,0.0,0.0
2024-10-08 00:00:00-04:00,16.579999923706055,16.690000534057617,16.2450008392334,16.389999389648438,93200,0.0,0.0
2024-10-09 00:00:00-04:00,16.450000762939453,16.450000762939453,15.9399995803833,16.170000076293945,213400,0.0,0.0
2024-10-10 00:00:00-04:00,15.930000305175781,16.219999313354492,15.649999618530273,15.8100004196167,160300,0.0,0.0
2024-10-11 00:00:00-04:00,15.789999961853027,16.81999969482422,15.680000305175781,16.780000686645508,186600,0.0,0.0
2024-10-14 00:00:00-04:00,16.780000686645508,17.8799991607666,16.469999313354492,17.829999923706055,147600,0.0,0.0
2024-10-15 00:00:00-04:00,18.0,18.0,17.5,17.530000686645508,150900,0.0,0.0
2024-10-16 00:00:00-04:00,17.780000686645508,18.010000228881836,17.540000915527344,17.65999984741211,108700,0.0,0.0
2024-10-17 00:00:00-04:00,17.780000686645508,17.780000686645508,17.18000030517578,17.6299991607666,62300,0.0,0.0
2024-10-18 00:00:00-04:00,17.729999542236328,17.799999237060547,17.31399917602539,17.440000534057617,57900,0.0,0.0
2024-10-21 00:00:00-04:00,17.350000381469727,17.489999771118164,16.799999237060547,17.31999969482422,80600,0.0,0.0
2024-10-22 00:00:00-04:00,17.190000534057617,17.520000457763672,16.891000747680664,17.1299991607666,89300,0.0,0.0
2024-10-23 00:00:00-04:00,17.0,17.170000076293945,16.809999465942383,16.969999313354492,80100,0.0,0.0
2024-10-24 00:00:00-04:00,17.0,17.420000076293945,16.809999465942383,16.84000015258789,40700,0.0,0.0
2024-10-25 00:00:00-04:00,17.010000228881836,17.739999771118164,16.989999771118164,16.989999771118164,79500,0.0,0.0
2024-10-28 00:00:00-04:00,17.170000076293945,17.75,17.170000076293945,17.3700008392334,66100,0.0,0.0
2024-10-29 00:00:00-04:00,17.40999984741211,17.639999389648438,16.959999084472656,17.280000686645508,77300,0.0,0.0
2024-10-30 00:00:00-04:00,17.25,17.540000915527344,17.079999923706055,17.229999542236328,58200,0.0,0.0
2024-10-31 00:00:00-04:00,17.25,17.34000015258789,17.040000915527344,17.139999389648438,73800,0.0,0.0
2024-11-01 00:00:00-04:00,17.15999984741211,17.860000610351562,17.15999984741211,17.600000381469727,83600,0.0,0.0
2024-11-04 00:00:00-05:00,17.6200008392334,18.100000381469727,17.440000534057617,17.770000457763672,133800,0.0,0.0
2024-11-05 00:00:00-05:00,18.049999237060547,18.6200008392334,17.25,18.6200008392334,153700,0.0,0.0
2024-11-06 00:00:00-05:00,19.75,19.780000686645508,18.149999618530273,18.65999984741211,247600,0.0,0.0
2024-11-07 00:00:00-05:00,18.639999389648438,19.850000381469727,18.639999389648438,19.229999542236328,276300,0.0,0.0
2024-11-08 00:00:00-05:00,19.260000228881836,19.950000762939453,18.920000076293945,19.81999969482422,239300,0.0,0.0
2024-11-11 00:00:00-05:00,19.90999984741211,20.209999084472656,19.579999923706055,19.889999389648438,190200,0.0,0.0
2024-11-12 00:00:00-05:00,19.670000076293945,19.8799991607666,19.280000686645508,19.790000915527344,162800,0.0,0.0
2024-11-13 00:00:00-05:00,19.8799991607666,20.489999771118164,19.642000198364258,19.959999084472656,219700,0.0,0.0
2024-11-14 00:00:00-05:00,19.8799991607666,20.25,18.950000762939453,19.040000915527344,157000,0.0,0.0
2024-11-15 00:00:00-05:00,19.229999542236328,19.229999542236328,17.709999084472656,17.850000381469727,140700,0.0,0.0
2024-11-18 00:00:00-05:00,17.84000015258789,18.18000030517578,17.399999618530273,17.450000762939453,113100,0.0,0.0
2024-11-19 00:00:00-05:00,17.299999237060547,17.829999923706055,17.09000015258789,17.770000457763672,75400,0.0,0.0
2024-11-20 00:00:00-05:00,17.719999313354492,17.940000534057617,17.520000457763672,17.93000030517578,68800,0.0,0.0
2024-11-21 00:00:00-05:00,17.850000381469727,18.399999618530273,17.600000381469727,18.049999237060547,85000,0.0,0.0
2024-11-22 00:00:00-05:00,18.1200008392334,18.950000762939453,17.899999618530273,18.799999237060547,95900,0.0,0.0
2024-11-25 00:00:00-05:00,19.09000015258789,19.709999084472656,18.940000534057617,19.040000915527344,119600,0.0,0.0
2024-11-26 00:00:00-05:00,18.979999542236328,19.540000915527344,18.812000274658203,19.3700008392334,96500,0.0,0.0
2024-11-27 00:00:00-05:00,19.549999237060547,19.93000030517578,19.295000076293945,19.829999923706055,124300,0.0,0.0
2024-11-29 00:00:00-05:00,19.829999923706055,20.020000457763672,19.520000457763672,19.889999389648438,78400,0.0,0.0
2024-12-02 00:00:00-05:00,19.989999771118164,20.5,19.64699935913086,20.31999969482422,170700,0.0,0.0
2024-12-03 00:00:00-05:00,20.31999969482422,20.5,19.979999542236328,20.170000076293945,161100,0.0,0.0
2024-12-04 00:00:00-05:00,20.18000030517578,20.261999130249023,19.600000381469727,19.959999084472656,141500,0.0,0.0
2024-12-05 00:00:00-05:00,19.899999618530273,20.459999084472656,19.58300018310547,20.31999969482422,119800,0.0,0.0
2024-12-06 00:00:00-05:00,20.809999465942383,21.6299991607666,20.481000900268555,21.59000015258789,81400,0.0,0.0
2024-12-09 00:00:00-05:00,21.75,21.790000915527344,21.190000534057617,21.520000457763672,110300,0.0,0.0
2024-12-10 00:00:00-05:00,21.3700008392334,21.459999084472656,20.3700008392334,20.510000228881836,125900,0.0,0.0
2024-12-11 00:00:00-05:00,20.530000686645508,21.079999923706055,19.860000610351562,19.899999618530273,125100,0.0,0.0
2024-12-12 00:00:00-05:00,19.739999771118164,19.924999237060547,18.049999237060547,18.1200008392334,88500,0.0,0.0
2024-12-13 00:00:00-05:00,17.93000030517578,17.93000030517578,17.260000228881836,17.65999984741211,111200,0.0,0.0
2024-12-16 00:00:00-05:00,17.610000610351562,18.46500015258789,17.280000686645508,18.010000228881836,103700,0.0,0.0
2024-12-17 00:00:00-05:00,17.889999389648438,18.540000915527344,17.825000762939453,18.450000762939453,91400,0.0,0.0
2024-12-18 00:00:00-05:00,18.5,18.959999084472656,17.0,17.100000381469727,149700,0.0,0.0
2024-12-19 00:00:00-05:00,17.110000610351562,17.68000030517578,16.860000610351562,17.280000686645508,125300,0.0,0.0
2024-12-20 00:00:00-05:00,16.860000610351562,18.0,16.860000610351562,17.59000015258789,357900,0.0,0.0
2024-12-23 00:00:00-05:00,17.479999542236328,17.670000076293945,17.020000457763672,17.459999084472656,87100,0.0,0.0
2024-12-24 00:00:00-05:00,17.5,17.709999084472656,17.020000457763672,17.559999465942383,39000,0.0,0.0
2024-12-26 00:00:00-05:00,17.479999542236328,17.799999237060547,17.114999771118164,17.739999771118164,48300,0.0,0.0
2024-12-27 00:00:00-05:00,17.6200008392334,17.84000015258789,17.209999084472656,17.40999984741211,76400,0.0,0.0
2024-12-30 00:00:00-05:00,17.3799991607666,17.739999771118164,16.809999465942383,17.3700008392334,105300,0.0,0.0
2024-12-31 00:00:00-05:00,17.489999771118164,17.799999237060547,17.229999542236328,17.290000915527344,116100,0.0,0.0
2025-01-02 00:00:00-05:00,17.40999984741211,18.010000228881836,17.134000778198242,17.459999084472656,155300,0.0,0.0
2025-01-03 00:00:00-05:00,17.690000534057617,18.760000228881836,17.625999450683594,18.309999465942383,120100,0.0,0.0
2025-01-06 00:00:00-05:00,18.75,18.75,18.040000915527344,18.049999237060547,75000,0.0,0.0
2025-01-07 00:00:00-05:00,17.969999313354492,18.420000076293945,17.110000610351562,17.25,122800,0.0,0.0
2025-01-08 00:00:00-05:00,17.149999618530273,17.149999618530273,16.19300079345703,16.219999313354492,114200,0.0,0.0
2025-01-10 00:00:00-05:00,16.0,16.06999969482422,14.600000381469727,14.649999618530273,187100,0.0,0.0
2025-01-13 00:00:00-05:00,14.470000267028809,14.470000267028809,13.15999984741211,13.369999885559082,121700,0.0,0.0
2025-01-14 00:00:00-05:00,13.4399995803833,13.670000076293945,12.345999717712402,12.489999771118164,177600,0.0,0.0
2025-01-15 00:00:00-05:00,12.960000038146973,13.020000457763672,12.199999809265137,12.25,117500,0.0,0.0
2025-01-16 00:00:00-05:00,12.119999885559082,12.717000007629395,12.020000457763672,12.539999961853027,163100,0.0,0.0
2025-01-17 00:00:00-05:00,12.6899995803833,12.729999542236328,12.489999771118164,12.6899995803833,106600,0.0,0.0
2025-01-21 00:00:00-05:00,12.829999923706055,13.149999618530273,12.704999923706055,13.0600004196167,95600,0.0,0.0
2025-01-22 00:00:00-05:00,13.0600004196167,13.454999923706055,12.539999961853027,12.539999961853027,152000,0.0,0.0
2025-01-23 00:00:00-05:00,12.489999771118164,13.09000015258789,12.390000343322754,12.920000076293945,187600,0.0,0.0
2025-01-24 00:00:00-05:00,12.699999809265137,12.930000305175781,12.510000228881836,12.84000015258789,90970,0.0,0.0
