Date,Open,High,Low,Close,Volume,Dividends,Stock Splits
2022-01-03 00:00:00-05:00,39.95000076293945,42.630001068115234,38.790000915527344,42.58000183105469,1439700,0.0,0.0
2022-01-04 00:00:00-05:00,42.4900016784668,43.775001525878906,40.22999954223633,40.90999984741211,1220200,0.0,0.0
2022-01-05 00:00:00-05:00,40.38999938964844,41.939998626708984,38.43000030517578,38.47999954223633,1302700,0.0,0.0
2022-01-06 00:00:00-05:00,37.75,39.70000076293945,37.2400016784668,38.90999984741211,1372700,0.0,0.0
2022-01-07 00:00:00-05:00,38.529998779296875,39.42499923706055,37.650001525878906,38.099998474121094,1302400,0.0,0.0
2022-01-10 00:00:00-05:00,37.95000076293945,41.15999984741211,37.540000915527344,40.029998779296875,2001400,0.0,0.0
2022-01-11 00:00:00-05:00,40.310001373291016,42.369998931884766,40.27000045776367,40.439998626708984,1334500,0.0,0.0
2022-01-12 00:00:00-05:00,40.0,41.599998474121094,39.13999938964844,41.150001525878906,1597600,0.0,0.0
2022-01-13 00:00:00-05:00,40.849998474121094,42.97999954223633,40.81999969482422,42.22999954223633,820800,0.0,0.0
2022-01-14 00:00:00-05:00,42.119998931884766,44.029998779296875,41.28499984741211,43.75,1494000,0.0,0.0
2022-01-18 00:00:00-05:00,43.130001068115234,44.099998474121094,41.41999816894531,41.439998626708984,769200,0.0,0.0
2022-01-19 00:00:00-05:00,41.459999084472656,43.02000045776367,41.0099983215332,41.13999938964844,488000,0.0,0.0
2022-01-20 00:00:00-05:00,41.27000045776367,42.21500015258789,40.060001373291016,40.06999969482422,977000,0.0,0.0
2022-01-21 00:00:00-05:00,39.5,40.5,38.57899856567383,38.81999969482422,709200,0.0,0.0
2022-01-24 00:00:00-05:00,38.209999084472656,40.459999084472656,37.4900016784668,40.119998931884766,766500,0.0,0.0
2022-01-25 00:00:00-05:00,39.75,40.39799880981445,38.16999816894531,39.150001525878906,649900,0.0,0.0
2022-01-26 00:00:00-05:00,39.939998626708984,41.81999969482422,39.349998474121094,39.779998779296875,695600,0.0,0.0
2022-01-27 00:00:00-05:00,39.97999954223633,40.650001525878906,38.45000076293945,38.52000045776367,568500,0.0,0.0
2022-01-28 00:00:00-05:00,38.130001068115234,39.310001373291016,37.33000183105469,39.029998779296875,548300,0.0,0.0
2022-01-31 00:00:00-05:00,38.9900016784668,40.224998474121094,38.814998626708984,40.220001220703125,615700,0.0,0.0
2022-02-01 00:00:00-05:00,40.22999954223633,40.75,38.8650016784668,40.529998779296875,594000,0.0,0.0
2022-02-02 00:00:00-05:00,40.380001068115234,40.84000015258789,39.0099983215332,39.400001525878906,415700,0.0,0.0
2022-02-03 00:00:00-05:00,38.91999816894531,40.400001525878906,38.650001525878906,39.959999084472656,578300,0.0,0.0
2022-02-04 00:00:00-05:00,39.810001373291016,42.790000915527344,39.810001373291016,42.09000015258789,584400,0.0,0.0
2022-02-07 00:00:00-05:00,42.20000076293945,43.779998779296875,41.65999984741211,43.16999816894531,464100,0.0,0.0
2022-02-08 00:00:00-05:00,43.0099983215332,44.13999938964844,42.7599983215332,43.65999984741211,462500,0.0,0.0
2022-02-09 00:00:00-05:00,44.0099983215332,44.95000076293945,43.68000030517578,44.599998474121094,919900,0.0,0.0
2022-02-10 00:00:00-05:00,44.0,45.185001373291016,43.209999084472656,43.900001525878906,674500,0.0,0.0
2022-02-11 00:00:00-05:00,43.849998474121094,44.220001220703125,42.41999816894531,42.66999816894531,519000,0.0,0.0
2022-02-14 00:00:00-05:00,42.779998779296875,42.91999816894531,41.03499984741211,41.130001068115234,525000,0.0,0.0
2022-02-15 00:00:00-05:00,41.95000076293945,43.02000045776367,41.09000015258789,41.209999084472656,425900,0.0,0.0
2022-02-16 00:00:00-05:00,40.95000076293945,41.0,40.040000915527344,40.720001220703125,469300,0.0,0.0
2022-02-17 00:00:00-05:00,40.29999923706055,40.529998779296875,39.02000045776367,39.119998931884766,532700,0.0,0.0
2022-02-18 00:00:00-05:00,39.15999984741211,39.7599983215332,38.599998474121094,39.060001373291016,663900,0.0,0.0
2022-02-22 00:00:00-05:00,38.810001373291016,39.810001373291016,37.81999969482422,38.45000076293945,509400,0.0,0.0
2022-02-23 00:00:00-05:00,37.29999923706055,38.77000045776367,35.361000061035156,35.630001068115234,1257200,0.0,0.0
2022-02-24 00:00:00-05:00,34.70000076293945,36.560001373291016,34.13999938964844,36.029998779296875,751800,0.0,0.0
2022-02-25 00:00:00-05:00,35.54999923706055,36.220001220703125,34.70000076293945,35.66999816894531,570300,0.0,0.0
2022-02-28 00:00:00-05:00,35.29999923706055,35.63999938964844,34.56999969482422,35.119998931884766,560600,0.0,0.0
2022-03-01 00:00:00-05:00,34.970001220703125,35.66999816894531,34.025001525878906,34.310001373291016,531900,0.0,0.0
2022-03-02 00:00:00-05:00,34.45000076293945,34.70000076293945,33.81999969482422,34.18000030517578,404100,0.0,0.0
2022-03-03 00:00:00-05:00,33.849998474121094,34.595001220703125,33.13999938964844,34.040000915527344,489700,0.0,0.0
2022-03-04 00:00:00-05:00,33.540000915527344,34.31999969482422,33.290000915527344,33.33000183105469,417400,0.0,0.0
2022-03-07 00:00:00-05:00,33.40999984741211,33.880001068115234,32.599998474121094,33.790000915527344,610700,0.0,0.0
2022-03-08 00:00:00-05:00,33.189998626708984,35.060001373291016,32.44499969482422,33.540000915527344,431600,0.0,0.0
2022-03-09 00:00:00-05:00,34.029998779296875,35.369998931884766,34.029998779296875,35.310001373291016,604200,0.0,0.0
2022-03-10 00:00:00-05:00,34.68000030517578,35.45000076293945,34.599998474121094,35.279998779296875,823500,0.0,0.0
2022-03-11 00:00:00-05:00,35.7400016784668,35.939998626708984,33.93000030517578,34.2599983215332,558000,0.0,0.0
2022-03-14 00:00:00-04:00,34.599998474121094,35.34000015258789,33.40999984741211,33.849998474121094,627900,0.0,0.0
2022-03-15 00:00:00-04:00,33.81999969482422,34.40999984741211,32.939998626708984,34.220001220703125,448100,0.0,0.0
2022-03-16 00:00:00-04:00,34.65999984741211,35.66999816894531,33.880001068115234,35.63999938964844,431300,0.0,0.0
2022-03-17 00:00:00-04:00,35.380001068115234,36.7599983215332,35.3650016784668,36.70000076293945,345500,0.0,0.0
2022-03-18 00:00:00-04:00,36.58000183105469,37.97999954223633,36.36000061035156,37.79999923706055,627600,0.0,0.0
2022-03-21 00:00:00-04:00,37.22999954223633,37.97999954223633,35.959999084472656,36.599998474121094,572500,0.0,0.0
2022-03-22 00:00:00-04:00,36.619998931884766,37.970001220703125,36.5,37.7400016784668,416300,0.0,0.0
2022-03-23 00:00:00-04:00,37.599998474121094,37.599998474121094,36.619998931884766,36.84000015258789,370300,0.0,0.0
2022-03-24 00:00:00-04:00,36.9900016784668,37.470001220703125,36.42499923706055,37.439998626708984,291000,0.0,0.0
2022-03-25 00:00:00-04:00,37.56999969482422,37.59000015258789,36.54999923706055,37.0,369800,0.0,0.0
2022-03-28 00:00:00-04:00,37.11000061035156,37.689998626708984,35.75,36.220001220703125,363900,0.0,0.0
2022-03-29 00:00:00-04:00,36.77000045776367,38.88999938964844,36.77000045776367,38.88999938964844,463600,0.0,0.0
2022-03-30 00:00:00-04:00,38.810001373291016,38.81399917602539,37.19499969482422,37.33000183105469,350100,0.0,0.0
2022-03-31 00:00:00-04:00,37.45000076293945,38.29999923706055,36.869998931884766,37.310001373291016,420400,0.0,0.0
2022-04-01 00:00:00-04:00,37.38999938964844,41.70000076293945,37.130001068115234,41.45000076293945,1465000,0.0,0.0
2022-04-04 00:00:00-04:00,41.4900016784668,43.33000183105469,40.90999984741211,43.310001373291016,1018500,0.0,0.0
2022-04-05 00:00:00-04:00,43.56999969482422,45.189998626708984,43.099998474121094,43.63999938964844,728700,0.0,0.0
2022-04-06 00:00:00-04:00,43.25,44.900001525878906,42.939998626708984,43.900001525878906,613100,0.0,0.0
2022-04-07 00:00:00-04:00,43.619998931884766,44.060001373291016,42.68000030517578,43.0,402100,0.0,0.0
2022-04-08 00:00:00-04:00,43.0,43.599998474121094,42.39799880981445,42.849998474121094,350200,0.0,0.0
2022-04-11 00:00:00-04:00,42.61000061035156,43.09000015258789,41.67499923706055,42.72999954223633,668700,0.0,0.0
2022-04-12 00:00:00-04:00,42.869998931884766,44.26499938964844,42.54999923706055,43.16999816894531,412600,0.0,0.0
2022-04-13 00:00:00-04:00,43.0099983215332,45.380001068115234,43.0099983215332,45.22999954223633,474400,0.0,0.0
2022-04-14 00:00:00-04:00,45.54999923706055,45.79999923706055,43.9900016784668,44.5,625500,0.0,0.0
2022-04-18 00:00:00-04:00,44.43000030517578,44.43000030517578,42.6150016784668,42.810001373291016,547800,0.0,0.0
2022-04-19 00:00:00-04:00,42.7400016784668,43.755001068115234,42.099998474121094,43.529998779296875,365000,0.0,0.0
2022-04-20 00:00:00-04:00,43.810001373291016,43.810001373291016,41.900001525878906,42.7599983215332,610000,0.0,0.0
2022-04-21 00:00:00-04:00,42.349998474121094,43.060001373291016,40.13999938964844,40.7400016784668,663800,0.0,0.0
2022-04-22 00:00:00-04:00,40.72999954223633,41.130001068115234,39.6349983215332,39.7599983215332,482100,0.0,0.0
2022-04-25 00:00:00-04:00,40.02000045776367,40.7400016784668,39.494998931884766,40.150001525878906,489100,0.0,0.0
2022-04-26 00:00:00-04:00,39.619998931884766,40.41999816894531,37.439998626708984,37.47999954223633,735100,0.0,0.0
2022-04-27 00:00:00-04:00,37.65999984741211,38.79999923706055,36.79999923706055,37.150001525878906,593900,0.0,0.0
2022-04-28 00:00:00-04:00,37.45000076293945,37.45000076293945,35.599998474121094,36.349998474121094,567500,0.0,0.0
2022-04-29 00:00:00-04:00,36.290000915527344,37.040000915527344,35.130001068115234,35.33000183105469,540300,0.0,0.0
2022-05-02 00:00:00-04:00,35.31999969482422,36.25,34.650001525878906,36.18000030517578,462500,0.0,0.0
2022-05-03 00:00:00-04:00,36.20000076293945,36.70500183105469,35.45000076293945,35.7599983215332,273400,0.0,0.0
2022-05-04 00:00:00-04:00,35.470001220703125,36.83000183105469,34.7599983215332,36.709999084472656,808600,0.0,0.0
2022-05-05 00:00:00-04:00,36.41999816894531,37.2400016784668,34.6349983215332,35.13999938964844,581600,0.0,0.0
2022-05-06 00:00:00-04:00,34.619998931884766,34.66999816894531,32.56999969482422,33.34000015258789,921600,0.0,0.0
2022-05-09 00:00:00-04:00,32.9900016784668,33.689998626708984,30.780000686645508,30.860000610351562,893000,0.0,0.0
2022-05-10 00:00:00-04:00,31.989999771118164,33.439998626708984,31.299999237060547,33.2400016784668,924600,0.0,0.0
2022-05-11 00:00:00-04:00,32.849998474121094,33.529998779296875,30.899999618530273,30.979999542236328,819500,0.0,0.0
2022-05-12 00:00:00-04:00,30.530000686645508,32.0099983215332,30.030000686645508,30.850000381469727,702700,0.0,0.0
2022-05-13 00:00:00-04:00,31.299999237060547,32.07500076293945,30.68000030517578,31.639999389648438,575400,0.0,0.0
2022-05-16 00:00:00-04:00,31.440000534057617,32.33000183105469,30.739999771118164,30.790000915527344,385900,0.0,0.0
2022-05-17 00:00:00-04:00,31.6299991607666,32.369998931884766,30.780000686645508,31.850000381469727,411600,0.0,0.0
2022-05-18 00:00:00-04:00,31.010000228881836,32.18000030517578,30.920000076293945,31.510000228881836,633700,0.0,0.0
2022-05-19 00:00:00-04:00,31.399999618530273,32.939998626708984,30.8700008392334,32.5,437500,0.0,0.0
2022-05-20 00:00:00-04:00,32.83000183105469,33.470001220703125,31.440000534057617,32.33000183105469,727300,0.0,0.0
2022-05-23 00:00:00-04:00,32.75,32.84000015258789,31.860000610351562,32.20000076293945,518100,0.0,0.0
2022-05-24 00:00:00-04:00,31.950000762939453,32.099998474121094,30.764999389648438,31.360000610351562,602600,0.0,0.0
2022-05-25 00:00:00-04:00,31.09000015258789,31.600000381469727,29.940000534057617,30.579999923706055,540000,0.0,0.0
2022-05-26 00:00:00-04:00,30.81999969482422,31.549999237060547,30.31999969482422,30.6200008392334,926200,0.0,0.0
2022-05-27 00:00:00-04:00,30.729999542236328,31.399999618530273,30.020000457763672,30.350000381469727,652900,0.0,0.0
2022-05-31 00:00:00-04:00,30.079999923706055,30.959999084472656,28.979999542236328,29.3700008392334,891800,0.0,0.0
2022-06-01 00:00:00-04:00,29.3799991607666,29.739999771118164,28.329999923706055,29.079999923706055,845100,0.0,0.0
2022-06-02 00:00:00-04:00,28.65999984741211,28.65999984741211,26.889999389648438,27.170000076293945,1195200,0.0,0.0
2022-06-03 00:00:00-04:00,27.239999771118164,28.889999389648438,27.239999771118164,28.670000076293945,808300,0.0,0.0
2022-06-06 00:00:00-04:00,29.989999771118164,29.989999771118164,26.760000228881836,26.940000534057617,666300,0.0,0.0
2022-06-07 00:00:00-04:00,26.799999237060547,28.420000076293945,26.760000228881836,28.3700008392334,705900,0.0,0.0
2022-06-08 00:00:00-04:00,28.079999923706055,29.21500015258789,27.8799991607666,28.139999389648438,627400,0.0,0.0
2022-06-09 00:00:00-04:00,27.969999313354492,28.510000228881836,26.969999313354492,27.850000381469727,500900,0.0,0.0
2022-06-10 00:00:00-04:00,27.170000076293945,27.799999237060547,26.030000686645508,26.799999237060547,728400,0.0,0.0
2022-06-13 00:00:00-04:00,26.309999465942383,26.389999389648438,25.440000534057617,25.600000381469727,857400,0.0,0.0
2022-06-14 00:00:00-04:00,25.709999084472656,25.854999542236328,25.079999923706055,25.65999984741211,795100,0.0,0.0
2022-06-15 00:00:00-04:00,25.8700008392334,26.549999237060547,25.440000534057617,26.190000534057617,719500,0.0,0.0
2022-06-16 00:00:00-04:00,25.450000762939453,27.1299991607666,25.010000228881836,26.260000228881836,583200,0.0,0.0
2022-06-17 00:00:00-04:00,27.09000015258789,29.81999969482422,27.09000015258789,28.40999984741211,1628200,0.0,0.0
2022-06-21 00:00:00-04:00,33.400001525878906,34.61000061035156,31.360000610351562,34.06999969482422,5019800,0.0,0.0
2022-06-22 00:00:00-04:00,33.45000076293945,37.25,33.45000076293945,36.02000045776367,2133300,0.0,0.0
2022-06-23 00:00:00-04:00,36.52000045776367,40.16999816894531,36.52000045776367,40.11000061035156,1380600,0.0,0.0
2022-06-24 00:00:00-04:00,40.20000076293945,40.79999923706055,37.63999938964844,40.220001220703125,1594500,0.0,0.0
2022-06-27 00:00:00-04:00,40.47999954223633,40.91999816894531,39.5099983215332,40.04999923706055,748800,0.0,0.0
2022-06-28 00:00:00-04:00,39.93000030517578,40.59000015258789,39.38100051879883,39.939998626708984,957100,0.0,0.0
2022-06-29 00:00:00-04:00,39.810001373291016,40.779998779296875,39.41999816894531,40.400001525878906,704600,0.0,0.0
2022-06-30 00:00:00-04:00,40.06999969482422,40.68000030517578,39.790000915527344,40.060001373291016,627000,0.0,0.0
2022-07-01 00:00:00-04:00,40.36000061035156,42.34000015258789,40.0,41.849998474121094,512500,0.0,0.0
2022-07-05 00:00:00-04:00,41.33000183105469,43.89500045776367,40.90999984741211,43.779998779296875,1117900,0.0,0.0
2022-07-06 00:00:00-04:00,43.779998779296875,44.91999816894531,42.630001068115234,42.90999984741211,948200,0.0,0.0
2022-07-07 00:00:00-04:00,42.77000045776367,44.18000030517578,42.20000076293945,44.060001373291016,615600,0.0,0.0
2022-07-08 00:00:00-04:00,43.68000030517578,44.88999938964844,43.529998779296875,44.72999954223633,388800,0.0,0.0
2022-07-11 00:00:00-04:00,44.43000030517578,44.540000915527344,43.2400016784668,43.43000030517578,605700,0.0,0.0
2022-07-12 00:00:00-04:00,43.56999969482422,44.18000030517578,42.290000915527344,43.70000076293945,483900,0.0,0.0
2022-07-13 00:00:00-04:00,43.27000045776367,45.084999084472656,43.0,44.400001525878906,620500,0.0,0.0
2022-07-14 00:00:00-04:00,44.15999984741211,44.59000015258789,43.290000915527344,43.880001068115234,420600,0.0,0.0
2022-07-15 00:00:00-04:00,44.06999969482422,44.2400016784668,42.84000015258789,43.81999969482422,553400,0.0,0.0
2022-07-18 00:00:00-04:00,44.189998626708984,44.9900016784668,42.970001220703125,43.40999984741211,492400,0.0,0.0
2022-07-19 00:00:00-04:00,44.02000045776367,44.40999984741211,43.2400016784668,44.119998931884766,470000,0.0,0.0
2022-07-20 00:00:00-04:00,44.560001373291016,45.060001373291016,43.2599983215332,44.400001525878906,533300,0.0,0.0
2022-07-21 00:00:00-04:00,44.33000183105469,44.810001373291016,43.0099983215332,44.79999923706055,316100,0.0,0.0
2022-07-22 00:00:00-04:00,44.810001373291016,44.96500015258789,43.45000076293945,43.63999938964844,639400,0.0,0.0
2022-07-25 00:00:00-04:00,43.79999923706055,44.349998474121094,42.77000045776367,43.25,274100,0.0,0.0
2022-07-26 00:00:00-04:00,43.119998931884766,44.900001525878906,42.84000015258789,43.66999816894531,469700,0.0,0.0
2022-07-27 00:00:00-04:00,43.7400016784668,44.63999938964844,43.18000030517578,44.349998474121094,359900,0.0,0.0
2022-07-28 00:00:00-04:00,44.349998474121094,44.63999938964844,42.84000015258789,44.38999938964844,338000,0.0,0.0
2022-07-29 00:00:00-04:00,44.029998779296875,44.380001068115234,43.0,43.54999923706055,505700,0.0,0.0
2022-08-01 00:00:00-04:00,43.119998931884766,47.56999969482422,42.869998931884766,44.880001068115234,1014500,0.0,0.0
2022-08-02 00:00:00-04:00,44.88999938964844,47.15999984741211,44.540000915527344,46.900001525878906,541800,0.0,0.0
2022-08-03 00:00:00-04:00,47.20000076293945,48.880001068115234,47.150001525878906,47.81999969482422,589100,0.0,0.0
2022-08-04 00:00:00-04:00,47.619998931884766,49.880001068115234,47.619998931884766,49.22999954223633,1347700,0.0,0.0
2022-08-05 00:00:00-04:00,46.08000183105469,53.71500015258789,43.95000076293945,53.5,1237600,0.0,0.0
2022-08-08 00:00:00-04:00,53.27000045776367,54.290000915527344,51.939998626708984,53.40999984741211,692100,0.0,0.0
2022-08-09 00:00:00-04:00,52.7400016784668,53.290000915527344,50.51499938964844,51.720001220703125,702300,0.0,0.0
2022-08-10 00:00:00-04:00,52.599998474121094,53.84000015258789,51.959999084472656,53.709999084472656,575200,0.0,0.0
2022-08-11 00:00:00-04:00,53.630001068115234,53.709999084472656,51.63999938964844,52.0099983215332,616900,0.0,0.0
2022-08-12 00:00:00-04:00,52.2400016784668,54.459999084472656,52.2400016784668,52.75,518200,0.0,0.0
2022-08-15 00:00:00-04:00,52.61000061035156,53.97999954223633,51.88999938964844,52.91999816894531,471100,0.0,0.0
2022-08-16 00:00:00-04:00,53.06999969482422,53.400001525878906,51.36000061035156,51.86000061035156,563200,0.0,0.0
2022-08-17 00:00:00-04:00,51.41999816894531,52.349998474121094,50.90999984741211,51.16999816894531,482400,0.0,0.0
2022-08-18 00:00:00-04:00,51.0099983215332,52.13999938964844,49.720001220703125,52.099998474121094,402500,0.0,0.0
2022-08-19 00:00:00-04:00,51.56999969482422,52.13999938964844,51.08000183105469,51.45000076293945,314500,0.0,0.0
2022-08-22 00:00:00-04:00,51.25,52.4900016784668,50.86000061035156,51.27000045776367,326800,0.0,0.0
2022-08-23 00:00:00-04:00,51.41999816894531,52.90999984741211,50.33700180053711,51.959999084472656,514200,0.0,0.0
2022-08-24 00:00:00-04:00,51.61000061035156,54.13999938964844,50.540000915527344,53.08000183105469,664300,0.0,0.0
2022-08-25 00:00:00-04:00,53.63999938964844,53.70000076293945,52.099998474121094,52.56999969482422,360800,0.0,0.0
2022-08-26 00:00:00-04:00,52.68000030517578,53.029998779296875,50.150001525878906,50.380001068115234,825200,0.0,0.0
2022-08-29 00:00:00-04:00,49.5,50.95000076293945,48.689998626708984,49.7400016784668,447800,0.0,0.0
2022-08-30 00:00:00-04:00,49.93000030517578,50.0,48.56999969482422,49.56999969482422,679100,0.0,0.0
2022-08-31 00:00:00-04:00,50.279998779296875,52.310001373291016,49.7599983215332,49.939998626708984,609900,0.0,0.0
2022-09-01 00:00:00-04:00,50.43000030517578,52.0,49.619998931884766,51.77000045776367,576900,0.0,0.0
2022-09-02 00:00:00-04:00,52.2400016784668,53.66999816894531,51.540000915527344,51.880001068115234,561300,0.0,0.0
2022-09-06 00:00:00-04:00,51.650001525878906,52.04999923706055,48.56999969482422,51.209999084472656,439600,0.0,0.0
2022-09-07 00:00:00-04:00,51.34000015258789,54.220001220703125,51.34000015258789,53.790000915527344,561700,0.0,0.0
2022-09-08 00:00:00-04:00,53.15999984741211,54.689998626708984,52.83000183105469,53.849998474121094,1389200,0.0,0.0
2022-09-09 00:00:00-04:00,53.400001525878906,54.88999938964844,53.14500045776367,53.63999938964844,428200,0.0,0.0
2022-09-12 00:00:00-04:00,53.900001525878906,54.2400016784668,51.2400016784668,53.06999969482422,599200,0.0,0.0
2022-09-13 00:00:00-04:00,52.20000076293945,52.689998626708984,50.650001525878906,51.65999984741211,747200,0.0,0.0
2022-09-14 00:00:00-04:00,51.95000076293945,53.470001220703125,50.744998931884766,53.45000076293945,494200,0.0,0.0
2022-09-15 00:00:00-04:00,53.290000915527344,54.23699951171875,52.59000015258789,53.650001525878906,688300,0.0,0.0
2022-09-16 00:00:00-04:00,53.529998779296875,53.529998779296875,52.08000183105469,52.81999969482422,1838700,0.0,0.0
2022-09-19 00:00:00-04:00,52.41999816894531,53.380001068115234,51.130001068115234,53.16999816894531,461700,0.0,0.0
2022-09-20 00:00:00-04:00,52.93000030517578,55.58000183105469,50.70000076293945,52.779998779296875,607000,0.0,0.0
2022-09-21 00:00:00-04:00,52.599998474121094,52.939998626708984,50.09000015258789,50.38999938964844,351300,0.0,0.0
2022-09-22 00:00:00-04:00,50.29999923706055,50.47999954223633,49.400001525878906,50.04999923706055,348300,0.0,0.0
2022-09-23 00:00:00-04:00,49.63999938964844,49.63999938964844,47.70000076293945,49.15999984741211,545800,0.0,0.0
2022-09-26 00:00:00-04:00,49.150001525878906,50.40999984741211,48.2400016784668,48.25,388800,0.0,0.0
2022-09-27 00:00:00-04:00,49.13999938964844,50.27000045776367,48.81999969482422,49.400001525878906,399300,0.0,0.0
2022-09-28 00:00:00-04:00,49.79999923706055,51.529998779296875,49.79999923706055,51.18000030517578,497100,0.0,0.0
2022-09-29 00:00:00-04:00,51.66999816894531,51.66999816894531,50.02000045776367,50.349998474121094,492800,0.0,0.0
2022-09-30 00:00:00-04:00,50.22999954223633,52.31999969482422,49.900001525878906,50.20000076293945,753000,0.0,0.0
2022-10-03 00:00:00-04:00,50.650001525878906,51.13999938964844,49.400001525878906,50.68000030517578,568700,0.0,0.0
2022-10-04 00:00:00-04:00,51.0,52.03499984741211,50.43000030517578,51.5,567800,0.0,0.0
2022-10-05 00:00:00-04:00,50.959999084472656,51.7599983215332,49.34000015258789,51.189998626708984,380000,0.0,0.0
2022-10-06 00:00:00-04:00,50.86000061035156,51.89699935913086,50.540000915527344,51.400001525878906,351600,0.0,0.0
2022-10-07 00:00:00-04:00,51.0,51.43000030517578,49.76599884033203,50.09000015258789,659000,0.0,0.0
2022-10-10 00:00:00-04:00,49.790000915527344,50.470001220703125,49.130001068115234,49.470001220703125,358500,0.0,0.0
2022-10-11 00:00:00-04:00,49.61000061035156,51.43000030517578,48.91999816894531,50.56999969482422,308600,0.0,0.0
2022-10-12 00:00:00-04:00,50.900001525878906,51.5,49.91999816894531,51.22999954223633,346500,0.0,0.0
2022-10-13 00:00:00-04:00,50.70000076293945,52.900001525878906,49.689998626708984,52.2599983215332,421400,0.0,0.0
2022-10-14 00:00:00-04:00,52.720001220703125,53.18199920654297,51.54999923706055,51.63999938964844,342700,0.0,0.0
2022-10-17 00:00:00-04:00,52.380001068115234,55.0,52.26300048828125,54.790000915527344,470700,0.0,0.0
2022-10-18 00:00:00-04:00,55.25,55.25,47.540000915527344,48.779998779296875,2099800,0.0,0.0
2022-10-19 00:00:00-04:00,43.45000076293945,46.689998626708984,42.994998931884766,44.060001373291016,1666400,0.0,0.0
2022-10-20 00:00:00-04:00,43.70000076293945,46.189998626708984,43.56999969482422,45.66999816894531,813900,0.0,0.0
2022-10-21 00:00:00-04:00,45.9900016784668,47.7400016784668,45.72999954223633,46.630001068115234,771900,0.0,0.0
2022-10-24 00:00:00-04:00,46.630001068115234,46.69499969482422,45.040000915527344,45.63999938964844,523900,0.0,0.0
2022-10-25 00:00:00-04:00,45.900001525878906,46.16999816894531,44.439998626708984,44.59000015258789,627600,0.0,0.0
2022-10-26 00:00:00-04:00,44.959999084472656,46.91999816894531,44.779998779296875,45.650001525878906,431400,0.0,0.0
2022-10-27 00:00:00-04:00,46.220001220703125,46.84000015258789,44.43000030517578,44.59000015258789,559300,0.0,0.0
2022-10-28 00:00:00-04:00,40.47999954223633,40.47999954223633,36.040000915527344,38.470001220703125,1887900,0.0,0.0
2022-10-31 00:00:00-04:00,38.5099983215332,38.560001373291016,36.66999816894531,37.81999969482422,815100,0.0,0.0
2022-11-01 00:00:00-04:00,38.150001525878906,39.03499984741211,37.459999084472656,37.72999954223633,597400,0.0,0.0
2022-11-02 00:00:00-04:00,37.689998626708984,38.52000045776367,36.70000076293945,36.790000915527344,643200,0.0,0.0
2022-11-03 00:00:00-04:00,36.25,36.91999816894531,35.709999084472656,36.2400016784668,659100,0.0,0.0
2022-11-04 00:00:00-04:00,36.31999969482422,36.31999969482422,33.25,34.439998626708984,1736100,0.0,0.0
2022-11-07 00:00:00-05:00,34.630001068115234,35.54999923706055,34.29499816894531,34.68000030517578,629800,0.0,0.0
2022-11-08 00:00:00-05:00,34.93000030517578,35.52000045776367,34.630001068115234,35.119998931884766,504300,0.0,0.0
2022-11-09 00:00:00-05:00,35.25,35.7599983215332,34.47999954223633,35.279998779296875,594200,0.0,0.0
2022-11-10 00:00:00-05:00,36.65999984741211,38.709999084472656,36.310001373291016,38.04999923706055,889400,0.0,0.0
2022-11-11 00:00:00-05:00,37.70000076293945,38.4900016784668,36.65999984741211,37.2400016784668,519400,0.0,0.0
2022-11-14 00:00:00-05:00,37.310001373291016,39.209999084472656,37.310001373291016,37.970001220703125,664400,0.0,0.0
2022-11-15 00:00:00-05:00,38.880001068115234,39.845001220703125,37.65999984741211,38.04999923706055,474800,0.0,0.0
2022-11-16 00:00:00-05:00,38.06999969482422,39.16999816894531,37.08000183105469,37.38999938964844,449300,0.0,0.0
2022-11-17 00:00:00-05:00,37.27000045776367,39.029998779296875,37.1349983215332,39.0099983215332,483700,0.0,0.0
2022-11-18 00:00:00-05:00,39.88999938964844,40.95000076293945,39.415000915527344,40.47999954223633,739300,0.0,0.0
2022-11-21 00:00:00-05:00,40.54999923706055,41.040000915527344,39.36000061035156,39.779998779296875,478900,0.0,0.0
2022-11-22 00:00:00-05:00,39.849998474121094,40.63999938964844,39.400001525878906,40.099998474121094,565700,0.0,0.0
2022-11-23 00:00:00-05:00,40.29999923706055,40.70000076293945,38.88999938964844,39.400001525878906,365800,0.0,0.0
2022-11-25 00:00:00-05:00,39.29999923706055,40.47999954223633,39.029998779296875,39.75,236000,0.0,0.0
2022-11-28 00:00:00-05:00,39.810001373291016,40.935001373291016,39.810001373291016,40.47999954223633,549400,0.0,0.0
2022-11-29 00:00:00-05:00,40.66999816894531,41.220001220703125,39.52799987792969,40.349998474121094,582800,0.0,0.0
2022-11-30 00:00:00-05:00,40.59000015258789,41.529998779296875,39.869998931884766,41.4900016784668,503800,0.0,0.0
2022-12-01 00:00:00-05:00,41.79999923706055,42.189998626708984,40.73500061035156,41.54999923706055,359400,0.0,0.0
2022-12-02 00:00:00-05:00,41.45000076293945,42.43000030517578,40.88999938964844,42.060001373291016,500500,0.0,0.0
2022-12-05 00:00:00-05:00,42.09000015258789,42.334999084472656,40.79999923706055,41.119998931884766,506000,0.0,0.0
2022-12-06 00:00:00-05:00,40.83000183105469,41.040000915527344,39.209999084472656,39.68000030517578,597500,0.0,0.0
2022-12-07 00:00:00-05:00,39.68000030517578,40.189998626708984,39.279998779296875,39.40999984741211,680700,0.0,0.0
2022-12-08 00:00:00-05:00,39.470001220703125,39.689998626708984,37.93000030517578,38.279998779296875,356300,0.0,0.0
2022-12-09 00:00:00-05:00,38.060001373291016,38.810001373291016,38.0099983215332,38.13999938964844,537400,0.0,0.0
2022-12-12 00:00:00-05:00,38.25,39.92499923706055,37.63999938964844,39.439998626708984,445800,0.0,0.0
2022-12-13 00:00:00-05:00,40.09000015258789,40.65999984741211,39.34000015258789,40.13999938964844,469200,0.0,0.0
2022-12-14 00:00:00-05:00,38.81999969482422,40.07500076293945,38.040000915527344,39.560001373291016,542000,0.0,0.0
2022-12-15 00:00:00-05:00,39.810001373291016,39.81999969482422,38.415000915527344,38.5,450000,0.0,0.0
2022-12-16 00:00:00-05:00,38.15999984741211,39.68000030517578,38.040000915527344,39.220001220703125,1280400,0.0,0.0
2022-12-19 00:00:00-05:00,38.88999938964844,39.18000030517578,37.1349983215332,38.189998626708984,561400,0.0,0.0
2022-12-20 00:00:00-05:00,37.959999084472656,39.439998626708984,37.79999923706055,39.2599983215332,406800,0.0,0.0
2022-12-21 00:00:00-05:00,39.18000030517578,39.689998626708984,37.790000915527344,37.86000061035156,465300,0.0,0.0
2022-12-22 00:00:00-05:00,37.810001373291016,37.95000076293945,36.52000045776367,37.279998779296875,399600,0.0,0.0
2022-12-23 00:00:00-05:00,36.9900016784668,36.9900016784668,35.869998931884766,36.470001220703125,275900,0.0,0.0
2022-12-27 00:00:00-05:00,36.66999816894531,36.790000915527344,35.0,35.290000915527344,311000,0.0,0.0
2022-12-28 00:00:00-05:00,35.130001068115234,36.040000915527344,34.560001373291016,35.77000045776367,489900,0.0,0.0
2022-12-29 00:00:00-05:00,36.0099983215332,37.5099983215332,35.32500076293945,37.08000183105469,766500,0.0,0.0
2022-12-30 00:00:00-05:00,36.779998779296875,38.2400016784668,36.72999954223633,38.16999816894531,518600,0.0,0.0
2023-01-03 00:00:00-05:00,38.209999084472656,38.900001525878906,37.25,38.15999984741211,1204200,0.0,0.0
2023-01-04 00:00:00-05:00,38.130001068115234,40.1349983215332,37.849998474121094,39.5,852800,0.0,0.0
2023-01-05 00:00:00-05:00,39.099998474121094,39.93000030517578,38.7400016784668,39.41999816894531,537500,0.0,0.0
2023-01-06 00:00:00-05:00,39.63999938964844,40.02000045776367,38.75,39.33000183105469,600900,0.0,0.0
2023-01-09 00:00:00-05:00,39.369998931884766,43.47999954223633,38.27000045776367,41.599998474121094,1321000,0.0,0.0
2023-01-10 00:00:00-05:00,42.029998779296875,44.380001068115234,41.290000915527344,44.36000061035156,1052900,0.0,0.0
2023-01-11 00:00:00-05:00,44.5,45.75,42.52000045776367,45.720001220703125,871400,0.0,0.0
2023-01-12 00:00:00-05:00,45.29999923706055,47.88999938964844,44.849998474121094,47.83000183105469,908500,0.0,0.0
2023-01-13 00:00:00-05:00,47.63999938964844,49.314998626708984,47.36000061035156,47.779998779296875,1615500,0.0,0.0
2023-01-17 00:00:00-05:00,47.77000045776367,48.43000030517578,47.31999969482422,47.779998779296875,1640100,0.0,0.0
2023-01-18 00:00:00-05:00,48.0,48.779998779296875,47.060001373291016,47.20000076293945,649000,0.0,0.0
2023-01-19 00:00:00-05:00,47.209999084472656,47.53300094604492,46.26499938964844,46.5,477500,0.0,0.0
2023-01-20 00:00:00-05:00,47.0099983215332,47.75,44.779998779296875,47.7400016784668,1258000,0.0,0.0
2023-01-23 00:00:00-05:00,47.59000015258789,48.380001068115234,46.77000045776367,47.31999969482422,854800,0.0,0.0
2023-01-24 00:00:00-05:00,47.18000030517578,48.084999084472656,46.44499969482422,47.279998779296875,795600,0.0,0.0
2023-01-25 00:00:00-05:00,47.5099983215332,47.619998931884766,45.91999816894531,46.369998931884766,576100,0.0,0.0
2023-01-26 00:00:00-05:00,46.470001220703125,46.9900016784668,45.46500015258789,45.9900016784668,519600,0.0,0.0
2023-01-27 00:00:00-05:00,46.08000183105469,46.75,45.48099899291992,46.25,588300,0.0,0.0
2023-01-30 00:00:00-05:00,45.959999084472656,46.30500030517578,45.02000045776367,45.5099983215332,743300,0.0,0.0
2023-01-31 00:00:00-05:00,45.58000183105469,46.0,45.349998474121094,45.88999938964844,532600,0.0,0.0
2023-02-01 00:00:00-05:00,45.900001525878906,47.81999969482422,45.7599983215332,47.369998931884766,567200,0.0,0.0
2023-02-02 00:00:00-05:00,47.560001373291016,48.06999969482422,46.720001220703125,47.36000061035156,440900,0.0,0.0
2023-02-03 00:00:00-05:00,46.86000061035156,48.2400016784668,46.86000061035156,48.040000915527344,659500,0.0,0.0
2023-02-06 00:00:00-05:00,48.040000915527344,49.0,46.04999923706055,46.22999954223633,466900,0.0,0.0
2023-02-07 00:00:00-05:00,46.290000915527344,46.290000915527344,43.0,46.22999954223633,505500,0.0,0.0
2023-02-08 00:00:00-05:00,45.93000030517578,46.47999954223633,45.54999923706055,45.599998474121094,562300,0.0,0.0
2023-02-09 00:00:00-05:00,45.72999954223633,46.400001525878906,43.84000015258789,46.36000061035156,505600,0.0,0.0
2023-02-10 00:00:00-05:00,46.2599983215332,46.474998474121094,45.16600036621094,45.5,388200,0.0,0.0
2023-02-13 00:00:00-05:00,45.38999938964844,46.119998931884766,44.48500061035156,45.86000061035156,304700,0.0,0.0
2023-02-14 00:00:00-05:00,45.619998931884766,46.650001525878906,45.150001525878906,45.540000915527344,365800,0.0,0.0
2023-02-15 00:00:00-05:00,45.13999938964844,46.20500183105469,44.439998626708984,46.13999938964844,298700,0.0,0.0
2023-02-16 00:00:00-05:00,45.459999084472656,45.90999984741211,44.189998626708984,44.939998626708984,636600,0.0,0.0
2023-02-17 00:00:00-05:00,45.25,46.79999923706055,44.904998779296875,46.68000030517578,589800,0.0,0.0
2023-02-21 00:00:00-05:00,46.290000915527344,46.435001373291016,44.720001220703125,44.720001220703125,824400,0.0,0.0
2023-02-22 00:00:00-05:00,45.849998474121094,45.849998474121094,41.02000045776367,44.22999954223633,1052100,0.0,0.0
2023-02-23 00:00:00-05:00,44.08000183105469,46.11000061035156,42.2599983215332,43.52000045776367,506300,0.0,0.0
2023-02-24 00:00:00-05:00,43.09000015258789,43.90999984741211,42.939998626708984,43.2400016784668,611900,0.0,0.0
2023-02-27 00:00:00-05:00,43.25,44.11000061035156,42.119998931884766,42.189998626708984,736100,0.0,0.0
2023-02-28 00:00:00-05:00,42.2400016784668,43.88999938964844,42.2400016784668,43.66999816894531,673200,0.0,0.0
2023-03-01 00:00:00-05:00,43.70000076293945,46.13999938964844,42.689998626708984,45.2400016784668,1005000,0.0,0.0
2023-03-02 00:00:00-05:00,44.790000915527344,45.150001525878906,43.939998626708984,44.709999084472656,509500,0.0,0.0
2023-03-03 00:00:00-05:00,44.86000061035156,46.44499969482422,43.970001220703125,46.099998474121094,796300,0.0,0.0
2023-03-06 00:00:00-05:00,46.15999984741211,46.55500030517578,45.13999938964844,45.58000183105469,413800,0.0,0.0
2023-03-07 00:00:00-05:00,45.63999938964844,47.72999954223633,45.209999084472656,47.310001373291016,833100,0.0,0.0
2023-03-08 00:00:00-05:00,47.369998931884766,48.2400016784668,47.0,48.189998626708984,986900,0.0,0.0
2023-03-09 00:00:00-05:00,48.470001220703125,48.7400016784668,45.619998931884766,45.939998626708984,1079300,0.0,0.0
2023-03-10 00:00:00-05:00,45.7599983215332,45.7599983215332,43.0,44.22999954223633,1094400,0.0,0.0
2023-03-13 00:00:00-04:00,43.75,47.439998626708984,43.75,46.08000183105469,795200,0.0,0.0
2023-03-14 00:00:00-04:00,47.11000061035156,47.5099983215332,46.040000915527344,46.959999084472656,676100,0.0,0.0
2023-03-15 00:00:00-04:00,46.43000030517578,47.209999084472656,45.02000045776367,46.7400016784668,815700,0.0,0.0
2023-03-16 00:00:00-04:00,46.4900016784668,48.33000183105469,45.66999816894531,48.099998474121094,514600,0.0,0.0
2023-03-17 00:00:00-04:00,47.4900016784668,47.689998626708984,45.0099983215332,47.29999923706055,1472900,0.0,0.0
2023-03-20 00:00:00-04:00,47.40999984741211,48.78499984741211,47.09000015258789,48.4900016784668,442200,0.0,0.0
2023-03-21 00:00:00-04:00,48.77000045776367,49.255001068115234,47.93000030517578,48.459999084472656,744200,0.0,0.0
2023-03-22 00:00:00-04:00,48.279998779296875,48.279998779296875,46.29999923706055,46.349998474121094,646200,0.0,0.0
2023-03-23 00:00:00-04:00,46.7599983215332,47.189998626708984,45.81999969482422,46.66999816894531,498400,0.0,0.0
2023-03-24 00:00:00-04:00,45.27000045776367,45.41999816894531,42.27000045776367,44.16999816894531,1977500,0.0,0.0
2023-03-27 00:00:00-04:00,44.33000183105469,46.400001525878906,43.650001525878906,45.7599983215332,814700,0.0,0.0
2023-03-28 00:00:00-04:00,45.7400016784668,46.65999984741211,44.58000183105469,45.119998931884766,643200,0.0,0.0
2023-03-29 00:00:00-04:00,45.34000015258789,48.33000183105469,45.0,48.189998626708984,603300,0.0,0.0
2023-03-30 00:00:00-04:00,48.47999954223633,49.09000015258789,47.720001220703125,48.86000061035156,640900,0.0,0.0
2023-03-31 00:00:00-04:00,49.11000061035156,50.20000076293945,48.29999923706055,48.439998626708984,785700,0.0,0.0
2023-04-03 00:00:00-04:00,48.18000030517578,49.665000915527344,47.09000015258789,47.43000030517578,726400,0.0,0.0
2023-04-04 00:00:00-04:00,47.70000076293945,48.040000915527344,47.25,47.5,492800,0.0,0.0
2023-04-05 00:00:00-04:00,47.29999923706055,47.9900016784668,46.9900016784668,47.45000076293945,366300,0.0,0.0
2023-04-06 00:00:00-04:00,47.63999938964844,49.02000045776367,46.525001525878906,48.84000015258789,652600,0.0,0.0
2023-04-10 00:00:00-04:00,48.56999969482422,49.16999816894531,47.16999816894531,48.630001068115234,715000,0.0,0.0
2023-04-11 00:00:00-04:00,48.7599983215332,49.3650016784668,47.880001068115234,48.5099983215332,615600,0.0,0.0
2023-04-12 00:00:00-04:00,48.779998779296875,48.939998626708984,47.849998474121094,48.029998779296875,338800,0.0,0.0
2023-04-13 00:00:00-04:00,47.9900016784668,49.86000061035156,47.95000076293945,49.41999816894531,984900,0.0,0.0
2023-04-14 00:00:00-04:00,49.209999084472656,49.70000076293945,48.45000076293945,49.27000045776367,430600,0.0,0.0
2023-04-17 00:00:00-04:00,49.75,51.849998474121094,49.70000076293945,51.630001068115234,925900,0.0,0.0
2023-04-18 00:00:00-04:00,52.0,53.119998931884766,51.65999984741211,52.959999084472656,958100,0.0,0.0
2023-04-19 00:00:00-04:00,52.709999084472656,53.7400016784668,52.0,53.20000076293945,830700,0.0,0.0
2023-04-20 00:00:00-04:00,52.72999954223633,54.189998626708984,51.93000030517578,53.810001373291016,979700,0.0,0.0
2023-04-21 00:00:00-04:00,53.75,55.70000076293945,53.75,55.130001068115234,940000,0.0,0.0
2023-04-24 00:00:00-04:00,55.0,55.47999954223633,52.81999969482422,52.849998474121094,669100,0.0,0.0
2023-04-25 00:00:00-04:00,52.65999984741211,52.810001373291016,51.04499816894531,51.20000076293945,658900,0.0,0.0
2023-04-26 00:00:00-04:00,51.02000045776367,52.42499923706055,51.02000045776367,52.2400016784668,731900,0.0,0.0
2023-04-27 00:00:00-04:00,52.41999816894531,53.0,51.95000076293945,52.63999938964844,780200,0.0,0.0
2023-04-28 00:00:00-04:00,55.380001068115234,55.97999954223633,52.689998626708984,55.13999938964844,1149500,0.0,0.0
2023-05-01 00:00:00-04:00,55.0099983215332,56.2400016784668,54.18199920654297,55.16999816894531,760900,0.0,0.0
2023-05-02 00:00:00-04:00,54.97999954223633,55.9900016784668,53.20000076293945,54.970001220703125,1088700,0.0,0.0
2023-05-03 00:00:00-04:00,55.060001373291016,55.88999938964844,54.630001068115234,55.40999984741211,1129300,0.0,0.0
2023-05-04 00:00:00-04:00,55.20000076293945,55.959999084472656,54.02000045776367,55.86000061035156,682300,0.0,0.0
2023-05-05 00:00:00-04:00,56.06999969482422,56.720001220703125,55.220001220703125,55.81999969482422,1250300,0.0,0.0
2023-05-08 00:00:00-04:00,56.0,56.0,54.9900016784668,55.54999923706055,472000,0.0,0.0
2023-05-09 00:00:00-04:00,55.11000061035156,56.68000030517578,55.0099983215332,55.939998626708984,488500,0.0,0.0
2023-05-10 00:00:00-04:00,56.5,57.2400016784668,55.36000061035156,56.880001068115234,589300,0.0,0.0
2023-05-11 00:00:00-04:00,56.70000076293945,57.41999816894531,54.34000015258789,54.79999923706055,840700,0.0,0.0
2023-05-12 00:00:00-04:00,55.060001373291016,56.060001373291016,54.61000061035156,54.68000030517578,470000,0.0,0.0
2023-05-15 00:00:00-04:00,54.9900016784668,56.119998931884766,54.75,55.29999923706055,634000,0.0,0.0
2023-05-16 00:00:00-04:00,54.599998474121094,54.599998474121094,53.03499984741211,54.20000076293945,394800,0.0,0.0
2023-05-17 00:00:00-04:00,55.18000030517578,58.58000183105469,54.630001068115234,58.290000915527344,1432500,0.0,0.0
2023-05-18 00:00:00-04:00,58.689998626708984,59.25,57.15999984741211,58.130001068115234,865300,0.0,0.0
2023-05-19 00:00:00-04:00,58.95000076293945,59.435001373291016,57.93000030517578,58.369998931884766,719200,0.0,0.0
2023-05-22 00:00:00-04:00,58.38999938964844,59.84000015258789,58.18000030517578,59.099998474121094,633300,0.0,0.0
2023-05-23 00:00:00-04:00,58.900001525878906,59.75,58.185001373291016,58.40999984741211,782200,0.0,0.0
2023-05-24 00:00:00-04:00,45.9900016784668,48.630001068115234,42.22999954223633,46.95000076293945,5831800,0.0,0.0
2023-05-25 00:00:00-04:00,46.7599983215332,46.7599983215332,42.84000015258789,43.459999084472656,1671000,0.0,0.0
2023-05-26 00:00:00-04:00,43.25,44.02000045776367,42.279998779296875,42.65999984741211,1076800,0.0,0.0
2023-05-30 00:00:00-04:00,42.4900016784668,43.064998626708984,41.029998779296875,41.15999984741211,854300,0.0,0.0
2023-05-31 00:00:00-04:00,41.29999923706055,42.349998474121094,40.900001525878906,41.970001220703125,1032600,0.0,0.0
2023-06-01 00:00:00-04:00,41.970001220703125,44.224998474121094,41.369998931884766,43.5,819900,0.0,0.0
2023-06-02 00:00:00-04:00,44.04999923706055,44.400001525878906,43.060001373291016,44.119998931884766,678200,0.0,0.0
2023-06-05 00:00:00-04:00,43.83000183105469,43.915000915527344,42.2599983215332,42.56999969482422,599400,0.0,0.0
2023-06-06 00:00:00-04:00,42.720001220703125,45.400001525878906,42.540000915527344,45.01499938964844,752500,0.0,0.0
2023-06-07 00:00:00-04:00,44.86000061035156,45.68000030517578,43.275001525878906,43.58000183105469,507600,0.0,0.0
2023-06-08 00:00:00-04:00,43.369998931884766,44.040000915527344,42.4900016784668,42.560001373291016,567600,0.0,0.0
2023-06-09 00:00:00-04:00,42.41999816894531,43.41999816894531,42.06999969482422,43.0,484100,0.0,0.0
2023-06-12 00:00:00-04:00,43.220001220703125,44.459999084472656,42.970001220703125,43.349998474121094,636300,0.0,0.0
2023-06-13 00:00:00-04:00,43.220001220703125,44.290000915527344,42.959999084472656,44.06999969482422,893000,0.0,0.0
2023-06-14 00:00:00-04:00,44.16999816894531,44.564998626708984,42.459999084472656,43.0099983215332,639400,0.0,0.0
2023-06-15 00:00:00-04:00,42.790000915527344,44.0099983215332,42.4900016784668,43.4900016784668,508900,0.0,0.0
2023-06-16 00:00:00-04:00,44.11000061035156,44.2599983215332,42.529998779296875,43.029998779296875,1969800,0.0,0.0
2023-06-20 00:00:00-04:00,42.77000045776367,43.33000183105469,41.650001525878906,41.93000030517578,824400,0.0,0.0
2023-06-21 00:00:00-04:00,42.58000183105469,44.65999984741211,41.275001525878906,43.060001373291016,1543400,0.0,0.0
2023-06-22 00:00:00-04:00,42.880001068115234,43.310001373291016,41.869998931884766,41.91999816894531,490600,0.0,0.0
2023-06-23 00:00:00-04:00,41.5099983215332,42.22999954223633,41.22999954223633,41.47999954223633,1047000,0.0,0.0
2023-06-26 00:00:00-04:00,41.380001068115234,41.58000183105469,40.29999923706055,40.400001525878906,726900,0.0,0.0
2023-06-27 00:00:00-04:00,40.400001525878906,41.15999984741211,40.119998931884766,41.130001068115234,980700,0.0,0.0
2023-06-28 00:00:00-04:00,41.54999923706055,41.92499923706055,40.915000915527344,41.5,421700,0.0,0.0
2023-06-29 00:00:00-04:00,41.560001373291016,41.560001373291016,40.779998779296875,41.22999954223633,509100,0.0,0.0
2023-06-30 00:00:00-04:00,40.9900016784668,42.13999938964844,39.65999984741211,40.66999816894531,1164500,0.0,0.0
2023-07-03 00:00:00-04:00,40.68000030517578,41.88999938964844,40.65999984741211,41.40999984741211,324200,0.0,0.0
2023-07-05 00:00:00-04:00,41.380001068115234,41.93000030517578,41.099998474121094,41.790000915527344,581700,0.0,0.0
2023-07-06 00:00:00-04:00,41.52000045776367,42.06999969482422,40.974998474121094,41.9900016784668,549900,0.0,0.0
2023-07-07 00:00:00-04:00,42.15999984741211,42.630001068115234,41.150001525878906,41.209999084472656,391400,0.0,0.0
2023-07-10 00:00:00-04:00,41.20000076293945,41.45000076293945,40.16999816894531,40.27000045776367,756100,0.0,0.0
2023-07-11 00:00:00-04:00,40.0,40.369998931884766,38.61000061035156,40.220001220703125,565900,0.0,0.0
2023-07-12 00:00:00-04:00,40.900001525878906,40.900001525878906,39.84000015258789,40.150001525878906,746200,0.0,0.0
2023-07-13 00:00:00-04:00,40.40999984741211,40.40999984741211,39.66999816894531,39.81999969482422,535800,0.0,0.0
2023-07-14 00:00:00-04:00,39.79999923706055,39.80500030517578,39.020999908447266,39.18000030517578,528600,0.0,0.0
2023-07-17 00:00:00-04:00,39.41999816894531,39.82500076293945,38.63999938964844,38.66999816894531,617900,0.0,0.0
2023-07-18 00:00:00-04:00,38.54999923706055,40.099998474121094,38.310001373291016,39.5099983215332,723600,0.0,0.0
2023-07-19 00:00:00-04:00,39.52000045776367,40.619998931884766,39.52000045776367,40.02000045776367,634600,0.0,0.0
2023-07-20 00:00:00-04:00,39.9900016784668,40.244998931884766,38.82500076293945,39.150001525878906,521700,0.0,0.0
2023-07-21 00:00:00-04:00,39.470001220703125,39.97999954223633,39.22999954223633,39.52000045776367,717300,0.0,0.0
2023-07-24 00:00:00-04:00,39.79999923706055,39.79999923706055,38.47999954223633,38.66999816894531,447400,0.0,0.0
2023-07-25 00:00:00-04:00,38.560001373291016,39.18000030517578,37.95000076293945,38.81999969482422,2619000,0.0,0.0
2023-07-26 00:00:00-04:00,38.93000030517578,40.22999954223633,38.599998474121094,39.91999816894531,583100,0.0,0.0
2023-07-27 00:00:00-04:00,40.310001373291016,40.310001373291016,38.56999969482422,38.7400016784668,522200,0.0,0.0
2023-07-28 00:00:00-04:00,39.08000183105469,41.58000183105469,39.08000183105469,40.93000030517578,953300,0.0,0.0
2023-07-31 00:00:00-04:00,41.029998779296875,41.5,39.900001525878906,40.34000015258789,711500,0.0,0.0
2023-08-01 00:00:00-04:00,40.5099983215332,40.7599983215332,39.814998626708984,40.66999816894531,497200,0.0,0.0
2023-08-02 00:00:00-04:00,40.08000183105469,41.45000076293945,39.8650016784668,40.20000076293945,347200,0.0,0.0
2023-08-03 00:00:00-04:00,39.83000183105469,41.08000183105469,39.65999984741211,40.31999969482422,659500,0.0,0.0
2023-08-04 00:00:00-04:00,41.09000015258789,41.150001525878906,38.4900016784668,38.709999084472656,778200,0.0,0.0
2023-08-07 00:00:00-04:00,38.66999816894531,38.77000045776367,37.7400016784668,37.970001220703125,815600,0.0,0.0
2023-08-08 00:00:00-04:00,37.869998931884766,39.16999816894531,37.56999969482422,39.02000045776367,559500,0.0,0.0
2023-08-09 00:00:00-04:00,39.189998626708984,40.095001220703125,38.709999084472656,39.849998474121094,334200,0.0,0.0
2023-08-10 00:00:00-04:00,39.900001525878906,41.06999969482422,39.75,40.63999938964844,400100,0.0,0.0
2023-08-11 00:00:00-04:00,40.63999938964844,42.13999938964844,40.63999938964844,41.68000030517578,700800,0.0,0.0
2023-08-14 00:00:00-04:00,40.9900016784668,41.90999984741211,40.58000183105469,41.61000061035156,494500,0.0,0.0
2023-08-15 00:00:00-04:00,41.349998474121094,41.96500015258789,40.70500183105469,41.2599983215332,439500,0.0,0.0
2023-08-16 00:00:00-04:00,41.209999084472656,41.2400016784668,40.11000061035156,40.369998931884766,400600,0.0,0.0
2023-08-17 00:00:00-04:00,40.52000045776367,40.58000183105469,39.7599983215332,40.0,342700,0.0,0.0
2023-08-18 00:00:00-04:00,39.68000030517578,40.81999969482422,39.369998931884766,39.41999816894531,628700,0.0,0.0
2023-08-21 00:00:00-04:00,39.279998779296875,39.970001220703125,38.483001708984375,39.79999923706055,505700,0.0,0.0
2023-08-22 00:00:00-04:00,39.86000061035156,40.09000015258789,39.33000183105469,39.400001525878906,306900,0.0,0.0
2023-08-23 00:00:00-04:00,39.41999816894531,40.720001220703125,39.41999816894531,39.529998779296875,407100,0.0,0.0
2023-08-24 00:00:00-04:00,39.40999984741211,39.7400016784668,38.439998626708984,39.0,361400,0.0,0.0
2023-08-25 00:00:00-04:00,39.15999984741211,39.869998931884766,38.630001068115234,39.720001220703125,251500,0.0,0.0
2023-08-28 00:00:00-04:00,39.4900016784668,40.029998779296875,39.15999984741211,40.02000045776367,307100,0.0,0.0
2023-08-29 00:00:00-04:00,39.79999923706055,41.255001068115234,39.65999984741211,40.779998779296875,351800,0.0,0.0
2023-08-30 00:00:00-04:00,40.869998931884766,40.9900016784668,40.07500076293945,40.529998779296875,348600,0.0,0.0
2023-08-31 00:00:00-04:00,40.54999923706055,40.625,39.470001220703125,39.5,352800,0.0,0.0
2023-09-01 00:00:00-04:00,39.65999984741211,40.279998779296875,39.63999938964844,40.08000183105469,380800,0.0,0.0
2023-09-05 00:00:00-04:00,40.02000045776367,40.02000045776367,38.63999938964844,38.93000030517578,406600,0.0,0.0
2023-09-06 00:00:00-04:00,38.93000030517578,40.29999923706055,38.93000030517578,40.279998779296875,362000,0.0,0.0
2023-09-07 00:00:00-04:00,40.13999938964844,41.93000030517578,40.0,41.79999923706055,594300,0.0,0.0
2023-09-08 00:00:00-04:00,41.79999923706055,41.79999923706055,40.95000076293945,40.970001220703125,317000,0.0,0.0
2023-09-11 00:00:00-04:00,40.939998626708984,41.27000045776367,39.97999954223633,40.189998626708984,435400,0.0,0.0
2023-09-12 00:00:00-04:00,40.0,40.47999954223633,39.310001373291016,40.380001068115234,324000,0.0,0.0
2023-09-13 00:00:00-04:00,40.2599983215332,40.86000061035156,37.25,38.619998931884766,2335500,0.0,0.0
2023-09-14 00:00:00-04:00,38.81999969482422,38.939998626708984,35.459999084472656,37.38999938964844,2215400,0.0,0.0
2023-09-15 00:00:00-04:00,25.489999771118164,27.530000686645508,24.43000030517578,26.260000228881836,6787900,0.0,0.0
2023-09-18 00:00:00-04:00,25.15999984741211,25.170000076293945,23.825000762939453,24.280000686645508,4077600,0.0,0.0
2023-09-19 00:00:00-04:00,23.610000610351562,25.700000762939453,23.565000534057617,25.68000030517578,1893100,0.0,0.0
2023-09-20 00:00:00-04:00,25.719999313354492,26.889999389648438,25.43000030517578,25.530000686645508,1336500,0.0,0.0
2023-09-21 00:00:00-04:00,25.329999923706055,25.774999618530273,24.31999969482422,24.81999969482422,1474300,0.0,0.0
2023-09-22 00:00:00-04:00,24.639999389648438,24.969999313354492,23.8700008392334,23.920000076293945,1514700,0.0,0.0
2023-09-25 00:00:00-04:00,23.829999923706055,23.875999450683594,22.434999465942383,22.559999465942383,1585100,0.0,0.0
2023-09-26 00:00:00-04:00,22.68000030517578,23.649999618530273,22.030000686645508,22.600000381469727,1736300,0.0,0.0
2023-09-27 00:00:00-04:00,22.75,23.545000076293945,22.489999771118164,23.270000457763672,1280000,0.0,0.0
2023-09-28 00:00:00-04:00,23.200000762939453,23.270000457763672,22.34000015258789,22.65999984741211,1069900,0.0,0.0
2023-09-29 00:00:00-04:00,22.959999084472656,23.3700008392334,22.219999313354492,22.40999984741211,767700,0.0,0.0
2023-10-02 00:00:00-04:00,22.309999465942383,22.309999465942383,21.030000686645508,21.239999771118164,1329400,0.0,0.0
2023-10-03 00:00:00-04:00,21.209999084472656,21.350000381469727,20.399999618530273,20.43000030517578,1569200,0.0,0.0
2023-10-04 00:00:00-04:00,20.40999984741211,21.25,20.170000076293945,21.200000762939453,1644100,0.0,0.0
2023-10-05 00:00:00-04:00,21.25,22.219999313354492,21.25,22.200000762939453,1483800,0.0,0.0
2023-10-06 00:00:00-04:00,21.030000686645508,22.0049991607666,20.900999069213867,21.600000381469727,1177900,0.0,0.0
2023-10-09 00:00:00-04:00,21.479999542236328,21.700000762939453,21.110000610351562,21.350000381469727,2174400,0.0,0.0
2023-10-10 00:00:00-04:00,21.309999465942383,22.610000610351562,21.309999465942383,22.469999313354492,3861200,0.0,0.0
2023-10-11 00:00:00-04:00,22.510000228881836,22.729999542236328,21.709999084472656,22.139999389648438,761800,0.0,0.0
2023-10-12 00:00:00-04:00,22.0,22.0,20.200000762939453,20.510000228881836,1707900,0.0,0.0
2023-10-13 00:00:00-04:00,20.510000228881836,20.510000228881836,19.700000762939453,20.389999389648438,1145100,0.0,0.0
2023-10-16 00:00:00-04:00,20.420000076293945,20.575000762939453,19.739999771118164,20.020000457763672,983900,0.0,0.0
2023-10-17 00:00:00-04:00,19.889999389648438,20.979999542236328,19.889999389648438,20.610000610351562,1267700,0.0,0.0
2023-10-18 00:00:00-04:00,20.579999923706055,20.8700008392334,20.049999237060547,20.5,795900,0.0,0.0
2023-10-19 00:00:00-04:00,21.209999084472656,25.280000686645508,21.0,23.56999969482422,5179100,0.0,0.0
2023-10-20 00:00:00-04:00,23.700000762939453,23.729999542236328,22.6200008392334,23.209999084472656,1896000,0.0,0.0
2023-10-23 00:00:00-04:00,22.780000686645508,23.670000076293945,22.479999542236328,22.770000457763672,1477900,0.0,0.0
2023-10-24 00:00:00-04:00,23.09000015258789,23.40999984741211,22.665000915527344,23.219999313354492,757000,0.0,0.0
2023-10-25 00:00:00-04:00,22.90999984741211,23.420000076293945,22.899999618530273,23.280000686645508,1187800,0.0,0.0
2023-10-26 00:00:00-04:00,23.459999084472656,24.06999969482422,23.0,23.950000762939453,1025800,0.0,0.0
2023-10-27 00:00:00-04:00,19.360000610351562,19.950000762939453,18.030000686645508,18.510000228881836,4879900,0.0,0.0
2023-10-30 00:00:00-04:00,18.579999923706055,19.600000381469727,18.524999618530273,18.739999771118164,1819400,0.0,0.0
2023-10-31 00:00:00-04:00,18.549999237060547,18.850000381469727,17.809999465942383,18.75,1851800,0.0,0.0
2023-11-01 00:00:00-04:00,18.700000762939453,18.700000762939453,17.860000610351562,18.450000762939453,1750400,0.0,0.0
2023-11-02 00:00:00-04:00,18.600000381469727,18.84000015258789,17.530000686645508,18.06999969482422,1674800,0.0,0.0
2023-11-03 00:00:00-04:00,18.31999969482422,19.84000015258789,18.139999389648438,19.530000686645508,2373500,0.0,0.0
2023-11-06 00:00:00-05:00,19.520000457763672,19.649999618530273,18.947999954223633,19.43000030517578,1824200,0.0,0.0
2023-11-07 00:00:00-05:00,19.520000457763672,20.399999618530273,18.959999084472656,20.260000228881836,1135500,0.0,0.0
2023-11-08 00:00:00-05:00,20.25,20.25,19.43000030517578,19.600000381469727,744200,0.0,0.0
2023-11-09 00:00:00-05:00,19.719999313354492,19.719999313354492,18.530000686645508,18.719999313354492,965400,0.0,0.0
2023-11-10 00:00:00-05:00,18.920000076293945,18.969999313354492,18.280000686645508,18.540000915527344,756100,0.0,0.0
2023-11-13 00:00:00-05:00,18.530000686645508,18.690000534057617,18.149999618530273,18.530000686645508,1062600,0.0,0.0
2023-11-14 00:00:00-05:00,19.049999237060547,20.34000015258789,19.049999237060547,20.329999923706055,1118400,0.0,0.0
2023-11-15 00:00:00-05:00,20.270000457763672,21.709999084472656,20.06999969482422,20.770000457763672,971600,0.0,0.0
2023-11-16 00:00:00-05:00,20.760000228881836,20.950000762939453,19.7450008392334,20.0,1030900,0.0,0.0
2023-11-17 00:00:00-05:00,20.209999084472656,20.559999465942383,19.795000076293945,20.459999084472656,776800,0.0,0.0
2023-11-20 00:00:00-05:00,20.579999923706055,22.209999084472656,20.4950008392334,22.170000076293945,1020000,0.0,0.0
2023-11-21 00:00:00-05:00,22.0,22.25,21.575000762939453,21.850000381469727,920800,0.0,0.0
2023-11-22 00:00:00-05:00,22.149999618530273,22.34000015258789,21.43000030517578,21.6200008392334,693400,0.0,0.0
2023-11-24 00:00:00-05:00,21.65999984741211,22.31999969482422,21.56999969482422,21.670000076293945,265800,0.0,0.0
2023-11-27 00:00:00-05:00,21.43000030517578,21.670000076293945,20.7450008392334,21.479999542236328,695800,0.0,0.0
2023-11-28 00:00:00-05:00,21.3799991607666,21.979999542236328,21.100000381469727,21.889999389648438,1010800,0.0,0.0
2023-11-29 00:00:00-05:00,22.100000381469727,23.524999618530273,21.920000076293945,22.959999084472656,1133300,0.0,0.0
2023-11-30 00:00:00-05:00,23.110000610351562,23.84000015258789,22.799999237060547,23.020000457763672,1036200,0.0,0.0
2023-12-01 00:00:00-05:00,22.959999084472656,24.149999618530273,22.469999313354492,23.989999771118164,1117700,0.0,0.0
2023-12-04 00:00:00-05:00,24.079999923706055,25.200000762939453,24.010000228881836,25.079999923706055,1109700,0.0,0.0
2023-12-05 00:00:00-05:00,24.709999084472656,25.299999237060547,24.6299991607666,24.940000534057617,887600,0.0,0.0
2023-12-06 00:00:00-05:00,25.09000015258789,26.40999984741211,24.399999618530273,25.8700008392334,854800,0.0,0.0
2023-12-07 00:00:00-05:00,26.299999237060547,26.44499969482422,25.700000762939453,26.280000686645508,860400,0.0,0.0
2023-12-08 00:00:00-05:00,26.280000686645508,26.989999771118164,25.81999969482422,26.389999389648438,797400,0.0,0.0
2023-12-11 00:00:00-05:00,26.610000610351562,26.90999984741211,25.790000915527344,25.829999923706055,1056700,0.0,0.0
2023-12-12 00:00:00-05:00,25.8700008392334,26.3700008392334,25.25,26.110000610351562,547700,0.0,0.0
2023-12-13 00:00:00-05:00,26.049999237060547,28.010000228881836,26.049999237060547,27.90999984741211,966800,0.0,0.0
2023-12-14 00:00:00-05:00,28.649999618530273,29.149999618530273,26.854999542236328,27.600000381469727,1769400,0.0,0.0
2023-12-15 00:00:00-05:00,28.479999542236328,30.110000610351562,27.90999984741211,28.389999389648438,4132600,0.0,0.0
2023-12-18 00:00:00-05:00,28.079999923706055,28.31999969482422,27.260000228881836,27.520000457763672,1036100,0.0,0.0
2023-12-19 00:00:00-05:00,26.450000762939453,27.979000091552734,26.30500030517578,27.600000381469727,1561800,0.0,0.0
2023-12-20 00:00:00-05:00,27.59000015258789,28.295000076293945,26.950000762939453,27.040000915527344,1148400,0.0,0.0
2023-12-21 00:00:00-05:00,27.639999389648438,28.729999542236328,27.639999389648438,28.420000076293945,1083100,0.0,0.0
2023-12-22 00:00:00-05:00,28.639999389648438,29.229999542236328,27.540000915527344,27.610000610351562,922400,0.0,0.0
2023-12-26 00:00:00-05:00,28.020000457763672,28.889999389648438,27.90999984741211,28.489999771118164,671400,0.0,0.0
2023-12-27 00:00:00-05:00,28.540000915527344,29.40999984741211,28.190000534057617,29.3700008392334,797700,0.0,0.0
2023-12-28 00:00:00-05:00,29.170000076293945,29.351999282836914,28.06999969482422,28.579999923706055,868800,0.0,0.0
2023-12-29 00:00:00-05:00,28.530000686645508,28.530000686645508,27.2549991607666,27.559999465942383,1216500,0.0,0.0
2024-01-02 00:00:00-05:00,27.040000915527344,28.489999771118164,27.0,28.040000915527344,976800,0.0,0.0
2024-01-03 00:00:00-05:00,27.68000030517578,27.940000534057617,27.0,27.229999542236328,1019500,0.0,0.0
2024-01-04 00:00:00-05:00,27.440000534057617,28.329999923706055,27.440000534057617,28.09000015258789,1269200,0.0,0.0
2024-01-05 00:00:00-05:00,27.5,27.979999542236328,26.861000061035156,27.899999618530273,849200,0.0,0.0
2024-01-08 00:00:00-05:00,27.809999465942383,30.0,27.06999969482422,29.989999771118164,1384900,0.0,0.0
2024-01-09 00:00:00-05:00,29.31999969482422,30.0,28.56999969482422,28.709999084472656,1330300,0.0,0.0
2024-01-10 00:00:00-05:00,28.510000228881836,29.360000610351562,27.899999618530273,28.850000381469727,912800,0.0,0.0
2024-01-11 00:00:00-05:00,28.450000762939453,29.030000686645508,27.959999084472656,28.770000457763672,1197500,0.0,0.0
2024-01-12 00:00:00-05:00,29.229999542236328,29.549999237060547,27.149999618530273,27.329999923706055,762600,0.0,0.0
2024-01-16 00:00:00-05:00,27.1299991607666,28.725000381469727,26.988000869750977,28.6200008392334,1192800,0.0,0.0
2024-01-17 00:00:00-05:00,28.5,28.809999465942383,27.15999984741211,28.100000381469727,887100,0.0,0.0
2024-01-18 00:00:00-05:00,27.989999771118164,28.350000381469727,27.0,27.329999923706055,1110900,0.0,0.0
2024-01-19 00:00:00-05:00,27.3700008392334,27.56999969482422,26.15999984741211,27.059999465942383,4177600,0.0,0.0
2024-01-22 00:00:00-05:00,27.290000915527344,27.90999984741211,27.0,27.270000457763672,1105400,0.0,0.0
2024-01-23 00:00:00-05:00,27.790000915527344,28.190000534057617,27.329999923706055,27.959999084472656,667900,0.0,0.0
2024-01-24 00:00:00-05:00,28.360000610351562,28.649999618530273,27.18000030517578,27.209999084472656,562500,0.0,0.0
2024-01-25 00:00:00-05:00,27.229999542236328,28.09000015258789,26.530000686645508,26.65999984741211,1052300,0.0,0.0
2024-01-26 00:00:00-05:00,25.709999084472656,27.209999084472656,25.100000381469727,27.049999237060547,2864600,0.0,0.0
2024-01-29 00:00:00-05:00,27.1299991607666,28.5,25.790000915527344,28.15999984741211,928500,0.0,0.0
2024-01-30 00:00:00-05:00,28.1299991607666,28.1299991607666,26.440000534057617,26.559999465942383,902600,0.0,0.0
2024-01-31 00:00:00-05:00,26.520000457763672,27.350000381469727,26.014999389648438,26.09000015258789,940400,0.0,0.0
2024-02-01 00:00:00-05:00,26.239999771118164,26.34000015258789,25.219999313354492,26.030000686645508,760600,0.0,0.0
2024-02-02 00:00:00-05:00,25.469999313354492,25.844999313354492,24.790000915527344,25.18000030517578,745400,0.0,0.0
2024-02-05 00:00:00-05:00,24.780000686645508,25.18000030517578,23.940000534057617,25.06999969482422,756500,0.0,0.0
2024-02-06 00:00:00-05:00,24.950000762939453,26.889999389648438,24.690000534057617,26.790000915527344,1098100,0.0,0.0
2024-02-07 00:00:00-05:00,26.739999771118164,26.739999771118164,25.18000030517578,25.239999771118164,661500,0.0,0.0
2024-02-08 00:00:00-05:00,25.309999465942383,25.667999267578125,24.8799991607666,25.25,573300,0.0,0.0
2024-02-09 00:00:00-05:00,25.40999984741211,25.75,25.219999313354492,25.510000228881836,630500,0.0,0.0
2024-02-12 00:00:00-05:00,25.690000534057617,25.96500015258789,25.43000030517578,25.920000076293945,918900,0.0,0.0
2024-02-13 00:00:00-05:00,24.850000381469727,25.100000381469727,23.579999923706055,24.149999618530273,1408400,0.0,0.0
2024-02-14 00:00:00-05:00,24.34000015258789,25.375,24.290000915527344,25.040000915527344,1265800,0.0,0.0
2024-02-15 00:00:00-05:00,25.34000015258789,25.8700008392334,25.18000030517578,25.690000534057617,838000,0.0,0.0
2024-02-16 00:00:00-05:00,25.420000076293945,26.350000381469727,25.1299991607666,25.90999984741211,1078900,0.0,0.0
2024-02-20 00:00:00-05:00,25.709999084472656,26.360000610351562,25.309999465942383,25.979999542236328,711000,0.0,0.0
2024-02-21 00:00:00-05:00,25.940000534057617,26.184999465942383,25.344999313354492,25.940000534057617,652400,0.0,0.0
2024-02-22 00:00:00-05:00,25.81999969482422,26.610000610351562,25.520000457763672,26.040000915527344,589100,0.0,0.0
2024-02-23 00:00:00-05:00,26.010000228881836,27.75,25.7450008392334,27.06999969482422,861900,0.0,0.0
2024-02-26 00:00:00-05:00,27.020000457763672,28.459999084472656,26.834999084472656,27.950000762939453,773400,0.0,0.0
2024-02-27 00:00:00-05:00,28.43000030517578,28.65999984741211,27.610000610351562,28.309999465942383,823200,0.0,0.0
2024-02-28 00:00:00-05:00,28.18000030517578,28.915000915527344,27.979999542236328,28.200000762939453,780000,0.0,0.0
2024-02-29 00:00:00-05:00,28.8700008392334,28.940000534057617,27.790000915527344,28.190000534057617,1529100,0.0,0.0
2024-03-01 00:00:00-05:00,26.5,32.904998779296875,25.399999618530273,31.950000762939453,2092100,0.0,0.0
2024-03-04 00:00:00-05:00,32.709999084472656,32.77000045776367,30.079999923706055,30.979999542236328,1151600,0.0,0.0
2024-03-05 00:00:00-05:00,30.709999084472656,31.579999923706055,30.25,31.299999237060547,779500,0.0,0.0
2024-03-06 00:00:00-05:00,31.8700008392334,31.899999618530273,30.174999237060547,30.8799991607666,740900,0.0,0.0
2024-03-07 00:00:00-05:00,31.170000076293945,31.28499984741211,30.600000381469727,30.760000228881836,654000,0.0,0.0
2024-03-08 00:00:00-05:00,31.34000015258789,31.649999618530273,30.545000076293945,31.15999984741211,616200,0.0,0.0
2024-03-11 00:00:00-04:00,31.190000534057617,31.65999984741211,30.56999969482422,30.700000762939453,906600,0.0,0.0
2024-03-12 00:00:00-04:00,30.6299991607666,31.739999771118164,30.110000610351562,31.690000534057617,760900,0.0,0.0
2024-03-13 00:00:00-04:00,31.719999313354492,32.22999954223633,30.579999923706055,30.790000915527344,820000,0.0,0.0
2024-03-14 00:00:00-04:00,30.360000610351562,30.360000610351562,28.25,28.889999389648438,881800,0.0,0.0
2024-03-15 00:00:00-04:00,28.790000915527344,29.915000915527344,28.709999084472656,29.549999237060547,2231600,0.0,0.0
2024-03-18 00:00:00-04:00,29.43000030517578,29.84000015258789,28.56999969482422,29.010000228881836,690700,0.0,0.0
2024-03-19 00:00:00-04:00,28.93000030517578,30.809999465942383,28.5049991607666,30.43000030517578,725400,0.0,0.0
2024-03-20 00:00:00-04:00,30.65999984741211,30.670000076293945,29.0,29.510000228881836,782900,0.0,0.0
2024-03-21 00:00:00-04:00,29.969999313354492,30.94499969482422,29.420000076293945,30.170000076293945,697600,0.0,0.0
2024-03-22 00:00:00-04:00,30.200000762939453,30.459999084472656,29.049999237060547,29.09000015258789,462800,0.0,0.0
2024-03-25 00:00:00-04:00,29.0,29.760000228881836,28.290000915527344,28.860000610351562,363800,0.0,0.0
2024-03-26 00:00:00-04:00,29.3799991607666,29.469999313354492,27.920000076293945,27.959999084472656,631400,0.0,0.0
2024-03-27 00:00:00-04:00,28.18000030517578,29.850000381469727,27.90999984741211,29.440000534057617,436900,0.0,0.0
2024-03-28 00:00:00-04:00,29.479999542236328,29.829999923706055,29.0,29.09000015258789,1084000,0.0,0.0
2024-04-01 00:00:00-04:00,29.010000228881836,29.010000228881836,27.954999923706055,28.59000015258789,733600,0.0,0.0
2024-04-02 00:00:00-04:00,28.049999237060547,28.959999084472656,27.600000381469727,28.399999618530273,727700,0.0,0.0
2024-04-03 00:00:00-04:00,28.1299991607666,29.139999389648438,27.700000762939453,29.0,716900,0.0,0.0
2024-04-04 00:00:00-04:00,29.1299991607666,29.420000076293945,27.719999313354492,27.81999969482422,504100,0.0,0.0
2024-04-05 00:00:00-04:00,27.309999465942383,27.719999313354492,26.459999084472656,27.020000457763672,526000,0.0,0.0
2024-04-08 00:00:00-04:00,27.1200008392334,27.43000030517578,26.540000915527344,26.8799991607666,477900,0.0,0.0
2024-04-09 00:00:00-04:00,26.950000762939453,27.719999313354492,26.719999313354492,27.600000381469727,442300,0.0,0.0
2024-04-10 00:00:00-04:00,26.56999969482422,27.34000015258789,26.299999237060547,26.90999984741211,533500,0.0,0.0
2024-04-11 00:00:00-04:00,27.450000762939453,27.81999969482422,26.655000686645508,27.399999618530273,621300,0.0,0.0
2024-04-12 00:00:00-04:00,27.579999923706055,28.0049991607666,26.110000610351562,26.420000076293945,736800,0.0,0.0
2024-04-15 00:00:00-04:00,26.420000076293945,26.780000686645508,25.389999389648438,25.68000030517578,962600,0.0,0.0
2024-04-16 00:00:00-04:00,25.420000076293945,26.31999969482422,25.139999389648438,25.290000915527344,712700,0.0,0.0
2024-04-17 00:00:00-04:00,25.5,25.5,24.790000915527344,25.15999984741211,665600,0.0,0.0
2024-04-18 00:00:00-04:00,25.1299991607666,25.280000686645508,24.469999313354492,24.690000534057617,820100,0.0,0.0
2024-04-19 00:00:00-04:00,24.010000228881836,25.549999237060547,24.010000228881836,25.31999969482422,3931900,0.0,0.0
2024-04-22 00:00:00-04:00,25.34000015258789,26.489999771118164,25.18000030517578,25.969999313354492,647500,0.0,0.0
2024-04-23 00:00:00-04:00,26.15999984741211,26.270000457763672,25.165000915527344,25.40999984741211,754400,0.0,0.0
2024-04-24 00:00:00-04:00,25.790000915527344,26.0,24.850000381469727,25.209999084472656,560800,0.0,0.0
2024-04-25 00:00:00-04:00,24.65999984741211,25.649999618530273,23.9950008392334,25.489999771118164,1024800,0.0,0.0
2024-04-26 00:00:00-04:00,27.0,29.270000457763672,25.670000076293945,28.56999969482422,1645900,0.0,0.0
2024-04-29 00:00:00-04:00,29.399999618530273,32.61000061035156,29.075000762939453,32.13999938964844,1861600,0.0,0.0
2024-04-30 00:00:00-04:00,31.959999084472656,32.880001068115234,31.700000762939453,32.150001525878906,1420000,0.0,0.0
2024-05-01 00:00:00-04:00,32.310001373291016,35.470001220703125,31.700000762939453,34.15999984741211,1095100,0.0,0.0
2024-05-02 00:00:00-04:00,34.72999954223633,34.900001525878906,33.209999084472656,33.619998931884766,911700,0.0,0.0
2024-05-03 00:00:00-04:00,34.72999954223633,34.83000183105469,32.810001373291016,33.0099983215332,992600,0.0,0.0
2024-05-06 00:00:00-04:00,32.959999084472656,33.31999969482422,32.540000915527344,32.959999084472656,468700,0.0,0.0
2024-05-07 00:00:00-04:00,33.15999984741211,33.29999923706055,31.700000762939453,31.790000915527344,512500,0.0,0.0
2024-05-08 00:00:00-04:00,31.1299991607666,31.600000381469727,30.704999923706055,31.139999389648438,623800,0.0,0.0
2024-05-09 00:00:00-04:00,31.139999389648438,31.38800048828125,30.790000915527344,31.049999237060547,822500,0.0,0.0
2024-05-10 00:00:00-04:00,31.229999542236328,32.689998626708984,31.010000228881836,32.25,590700,0.0,0.0
2024-05-13 00:00:00-04:00,32.25,33.2599983215332,31.479999542236328,31.700000762939453,922300,0.0,0.0
2024-05-14 00:00:00-04:00,32.540000915527344,33.1349983215332,30.950000762939453,31.18000030517578,497800,0.0,0.0
2024-05-15 00:00:00-04:00,32.029998779296875,33.790000915527344,31.920000076293945,33.65999984741211,573700,0.0,0.0
2024-05-16 00:00:00-04:00,33.7400016784668,34.31999969482422,33.31999969482422,34.029998779296875,546600,0.0,0.0
2024-05-17 00:00:00-04:00,33.709999084472656,33.939998626708984,32.880001068115234,33.095001220703125,646600,0.0,0.0
2024-05-20 00:00:00-04:00,38.5,40.689998626708984,37.56999969482422,40.119998931884766,2858600,0.0,0.0
2024-05-21 00:00:00-04:00,39.91999816894531,40.689998626708984,38.27000045776367,38.849998474121094,1357500,0.0,0.0
2024-05-22 00:00:00-04:00,38.86000061035156,39.02000045776367,37.209999084472656,38.63999938964844,1085700,0.0,0.0
2024-05-23 00:00:00-04:00,38.630001068115234,38.630001068115234,36.92499923706055,37.130001068115234,848100,0.0,0.0
2024-05-24 00:00:00-04:00,37.27000045776367,38.13999938964844,37.060001373291016,37.20000076293945,540500,0.0,0.0
2024-05-28 00:00:00-04:00,37.7599983215332,37.7599983215332,36.25,36.470001220703125,844800,0.0,0.0
2024-05-29 00:00:00-04:00,35.72999954223633,36.49300003051758,34.79999923706055,35.029998779296875,786500,0.0,0.0
2024-05-30 00:00:00-04:00,35.40999984741211,36.59000015258789,35.029998779296875,35.810001373291016,983200,0.0,0.0
2024-05-31 00:00:00-04:00,35.9900016784668,36.81999969482422,35.849998474121094,36.36000061035156,611500,0.0,0.0
2024-06-03 00:00:00-04:00,36.02000045776367,37.939998626708984,35.95000076293945,37.43000030517578,1411800,0.0,0.0
2024-06-04 00:00:00-04:00,37.5099983215332,38.709999084472656,37.220001220703125,37.90999984741211,550300,0.0,0.0
2024-06-05 00:00:00-04:00,38.119998931884766,38.65999984741211,37.56999969482422,38.0,654300,0.0,0.0
2024-06-06 00:00:00-04:00,38.09000015258789,38.16999816894531,36.76499938964844,36.93000030517578,624100,0.0,0.0
2024-06-07 00:00:00-04:00,36.77000045776367,37.290000915527344,36.220001220703125,36.52000045776367,549000,0.0,0.0
2024-06-10 00:00:00-04:00,36.119998931884766,38.27000045776367,36.119998931884766,37.61000061035156,1258000,0.0,0.0
2024-06-11 00:00:00-04:00,37.18000030517578,37.79999923706055,36.599998474121094,37.689998626708984,588000,0.0,0.0
2024-06-12 00:00:00-04:00,38.959999084472656,39.95000076293945,36.974998474121094,37.66999816894531,645800,0.0,0.0
2024-06-13 00:00:00-04:00,37.599998474121094,38.119998931884766,36.70000076293945,36.900001525878906,774700,0.0,0.0
2024-06-14 00:00:00-04:00,36.45000076293945,36.56999969482422,35.529998779296875,35.810001373291016,837700,0.0,0.0
2024-06-17 00:00:00-04:00,35.66999816894531,36.599998474121094,35.189998626708984,35.400001525878906,974800,0.0,0.0
2024-06-18 00:00:00-04:00,35.41999816894531,36.119998931884766,34.494998931884766,35.619998931884766,800100,0.0,0.0
2024-06-20 00:00:00-04:00,36.20000076293945,36.939998626708984,32.849998474121094,33.290000915527344,2190300,0.0,0.0
2024-06-21 00:00:00-04:00,33.47999954223633,36.540000915527344,33.47999954223633,36.52000045776367,3750600,0.0,0.0
2024-06-24 00:00:00-04:00,36.95000076293945,37.63999938964844,35.689998626708984,35.77000045776367,787100,0.0,0.0
2024-06-25 00:00:00-04:00,36.5,37.31999969482422,35.08000183105469,35.150001525878906,793400,0.0,0.0
2024-06-26 00:00:00-04:00,35.08000183105469,35.349998474121094,34.459999084472656,35.02000045776367,699600,0.0,0.0
2024-06-27 00:00:00-04:00,35.56999969482422,36.220001220703125,34.560001373291016,34.65999984741211,662300,0.0,0.0
2024-06-28 00:00:00-04:00,29.25,32.40999984741211,28.719999313354492,30.579999923706055,3274400,0.0,0.0
2024-07-01 00:00:00-04:00,30.559999465942383,31.850000381469727,30.399999618530273,31.170000076293945,828400,0.0,0.0
2024-07-02 00:00:00-04:00,31.100000381469727,31.329999923706055,29.920000076293945,30.389999389648438,866200,0.0,0.0
2024-07-03 00:00:00-04:00,30.920000076293945,31.139999389648438,30.290000915527344,31.0,362300,0.0,0.0
2024-07-05 00:00:00-04:00,30.899999618530273,31.200000762939453,30.145000457763672,30.93000030517578,519900,0.0,0.0
2024-07-08 00:00:00-04:00,31.6299991607666,32.16999816894531,30.989999771118164,31.729999542236328,512800,0.0,0.0
2024-07-09 00:00:00-04:00,31.649999618530273,32.33000183105469,30.875,31.549999237060547,612100,0.0,0.0
2024-07-10 00:00:00-04:00,31.690000534057617,32.400001525878906,31.420000076293945,31.770000457763672,387700,0.0,0.0
2024-07-11 00:00:00-04:00,32.41999816894531,33.880001068115234,31.8700008392334,33.20000076293945,603200,0.0,0.0
2024-07-12 00:00:00-04:00,33.61000061035156,34.439998626708984,32.7599983215332,33.27000045776367,584900,0.0,0.0
2024-07-15 00:00:00-04:00,33.380001068115234,33.7599983215332,32.529998779296875,33.130001068115234,666200,0.0,0.0
2024-07-16 00:00:00-04:00,33.75,34.4900016784668,33.66999816894531,34.16999816894531,795000,0.0,0.0
2024-07-17 00:00:00-04:00,33.86000061035156,34.560001373291016,33.362998962402344,34.189998626708984,1058500,0.0,0.0
2024-07-18 00:00:00-04:00,34.06999969482422,34.18000030517578,32.349998474121094,32.810001373291016,800500,0.0,0.0
2024-07-19 00:00:00-04:00,32.97999954223633,33.619998931884766,32.40999984741211,32.630001068115234,537200,0.0,0.0
2024-07-22 00:00:00-04:00,32.93000030517578,33.209999084472656,32.540000915527344,33.029998779296875,501700,0.0,0.0
2024-07-23 00:00:00-04:00,32.77000045776367,33.75,32.77000045776367,33.54999923706055,322600,0.0,0.0
2024-07-24 00:00:00-04:00,33.279998779296875,34.459999084472656,32.88999938964844,33.970001220703125,456900,0.0,0.0
2024-07-25 00:00:00-04:00,34.09000015258789,34.58000183105469,33.54499816894531,33.56999969482422,995000,0.0,0.0
2024-07-26 00:00:00-04:00,34.09000015258789,34.560001373291016,33.619998931884766,34.09000015258789,574100,0.0,0.0
2024-07-29 00:00:00-04:00,34.08000183105469,34.08000183105469,32.18000030517578,32.52000045776367,478800,0.0,0.0
2024-07-30 00:00:00-04:00,32.79999923706055,33.310001373291016,32.20000076293945,33.029998779296875,653800,0.0,0.0
2024-07-31 00:00:00-04:00,33.220001220703125,34.52000045776367,32.7599983215332,33.849998474121094,377800,0.0,0.0
2024-08-01 00:00:00-04:00,33.869998931884766,34.13999938964844,32.375,32.689998626708984,477700,0.0,0.0
2024-08-02 00:00:00-04:00,30.809999465942383,32.310001373291016,30.399999618530273,32.189998626708984,434400,0.0,0.0
2024-08-05 00:00:00-04:00,31.239999771118164,31.59000015258789,30.309999465942383,31.0,657100,0.0,0.0
2024-08-06 00:00:00-04:00,31.139999389648438,32.83000183105469,30.809999465942383,32.09000015258789,584200,0.0,0.0
2024-08-07 00:00:00-04:00,32.75,32.75,31.6299991607666,31.850000381469727,937800,0.0,0.0
2024-08-08 00:00:00-04:00,31.860000610351562,32.529998779296875,30.649999618530273,32.45000076293945,504400,0.0,0.0
2024-08-09 00:00:00-04:00,29.3799991607666,33.22999954223633,29.014999389648438,31.290000915527344,725900,0.0,0.0
2024-08-12 00:00:00-04:00,31.700000762939453,32.029998779296875,30.079999923706055,31.309999465942383,483400,0.0,0.0
2024-08-13 00:00:00-04:00,31.540000915527344,32.05500030517578,30.8700008392334,31.8700008392334,449200,0.0,0.0
2024-08-14 00:00:00-04:00,31.969999313354492,32.22999954223633,30.90999984741211,31.770000457763672,449000,0.0,0.0
2024-08-15 00:00:00-04:00,32.65999984741211,33.189998626708984,32.38999938964844,33.040000915527344,521400,0.0,0.0
2024-08-16 00:00:00-04:00,33.0,33.459999084472656,32.470001220703125,33.41999816894531,431400,0.0,0.0
2024-08-19 00:00:00-04:00,33.470001220703125,34.619998931884766,33.275001525878906,34.459999084472656,409400,0.0,0.0
2024-08-20 00:00:00-04:00,34.63999938964844,34.63999938964844,33.3849983215332,34.38999938964844,334800,0.0,0.0
2024-08-21 00:00:00-04:00,34.4900016784668,34.540000915527344,33.86000061035156,33.93000030517578,469000,0.0,0.0
2024-08-22 00:00:00-04:00,34.029998779296875,34.029998779296875,32.84000015258789,33.43000030517578,355100,0.0,0.0
2024-08-23 00:00:00-04:00,33.7599983215332,34.58000183105469,33.4900016784668,34.150001525878906,431400,0.0,0.0
2024-08-26 00:00:00-04:00,35.45000076293945,35.90999984741211,34.36000061035156,34.90999984741211,433100,0.0,0.0
2024-08-27 00:00:00-04:00,34.869998931884766,35.560001373291016,34.150001525878906,35.31999969482422,646100,0.0,0.0
2024-08-28 00:00:00-04:00,35.0,35.63999938964844,34.880001068115234,35.189998626708984,403400,0.0,0.0
2024-08-29 00:00:00-04:00,35.61000061035156,36.314998626708984,35.36000061035156,35.529998779296875,457900,0.0,0.0
2024-08-30 00:00:00-04:00,35.68000030517578,35.720001220703125,34.439998626708984,35.31999969482422,358200,0.0,0.0
2024-09-03 00:00:00-04:00,35.119998931884766,35.9900016784668,33.220001220703125,33.40999984741211,537000,0.0,0.0
2024-09-04 00:00:00-04:00,33.65999984741211,33.77000045776367,32.720001220703125,33.59000015258789,463100,0.0,0.0
2024-09-05 00:00:00-04:00,33.66999816894531,33.900001525878906,30.40999984741211,31.600000381469727,820000,0.0,0.0
2024-09-06 00:00:00-04:00,31.639999389648438,31.979999542236328,30.59000015258789,31.540000915527344,642800,0.0,0.0
2024-09-09 00:00:00-04:00,31.59000015258789,32.29999923706055,31.25,31.420000076293945,456400,0.0,0.0
2024-09-10 00:00:00-04:00,31.3799991607666,32.11000061035156,31.1299991607666,31.540000915527344,445200,0.0,0.0
2024-09-11 00:00:00-04:00,31.6299991607666,32.47999954223633,30.979999542236328,32.27000045776367,675800,0.0,0.0
2024-09-12 00:00:00-04:00,32.25,33.27000045776367,31.799999237060547,32.70000076293945,524500,0.0,0.0
2024-09-13 00:00:00-04:00,33.189998626708984,34.88999938964844,33.189998626708984,33.9900016784668,395600,0.0,0.0
2024-09-16 00:00:00-04:00,34.18000030517578,34.220001220703125,33.57500076293945,33.77000045776367,595900,0.0,0.0
2024-09-17 00:00:00-04:00,34.0,35.11000061035156,33.880001068115234,35.06999969482422,563900,0.0,0.0
2024-09-18 00:00:00-04:00,35.119998931884766,36.900001525878906,34.67499923706055,35.47999954223633,608900,0.0,0.0
2024-09-19 00:00:00-04:00,36.36000061035156,37.09000015258789,35.939998626708984,36.15999984741211,530800,0.0,0.0
2024-09-20 00:00:00-04:00,36.20000076293945,37.165000915527344,35.220001220703125,36.63999938964844,1153900,0.0,0.0
2024-09-23 00:00:00-04:00,36.7599983215332,37.310001373291016,36.290000915527344,36.75,490300,0.0,0.0
2024-09-24 00:00:00-04:00,36.93000030517578,36.970001220703125,36.2599983215332,36.52000045776367,551600,0.0,0.0
2024-09-25 00:00:00-04:00,36.709999084472656,37.220001220703125,36.349998474121094,36.63999938964844,446000,0.0,0.0
2024-09-26 00:00:00-04:00,36.84000015258789,38.619998931884766,36.45000076293945,37.65999984741211,1161600,0.0,0.0
2024-09-27 00:00:00-04:00,38.060001373291016,38.060001373291016,37.22999954223633,37.560001373291016,1084200,0.0,0.0
2024-09-30 00:00:00-04:00,37.5,37.869998931884766,36.82500076293945,37.099998474121094,1156900,0.0,0.0
2024-10-01 00:00:00-04:00,37.0,37.56999969482422,35.79999923706055,36.04999923706055,1238900,0.0,0.0
2024-10-02 00:00:00-04:00,35.95000076293945,37.36000061035156,35.90999984741211,36.43000030517578,736800,0.0,0.0
2024-10-03 00:00:00-04:00,35.970001220703125,36.31999969482422,34.650001525878906,35.369998931884766,544700,0.0,0.0
2024-10-04 00:00:00-04:00,35.869998931884766,36.279998779296875,34.77000045776367,35.099998474121094,287600,0.0,0.0
2024-10-07 00:00:00-04:00,35.029998779296875,35.63199996948242,34.56999969482422,34.9900016784668,379800,0.0,0.0
2024-10-08 00:00:00-04:00,35.5,41.810001373291016,35.13999938964844,40.77000045776367,2188400,0.0,0.0
2024-10-09 00:00:00-04:00,40.709999084472656,41.0,39.119998931884766,39.939998626708984,1187000,0.0,0.0
2024-10-10 00:00:00-04:00,38.709999084472656,39.45000076293945,38.04999923706055,38.4900016784668,838800,0.0,0.0
2024-10-11 00:00:00-04:00,38.47999954223633,39.220001220703125,38.290000915527344,39.0,810600,0.0,0.0
2024-10-14 00:00:00-04:00,38.5099983215332,39.7400016784668,38.5099983215332,39.13999938964844,734000,0.0,0.0
2024-10-15 00:00:00-04:00,39.0,39.04499816894531,37.5099983215332,37.560001373291016,852800,0.0,0.0
2024-10-16 00:00:00-04:00,37.7599983215332,37.849998474121094,36.65999984741211,36.70000076293945,667200,0.0,0.0
2024-10-17 00:00:00-04:00,36.630001068115234,37.2599983215332,35.5099983215332,37.0099983215332,1100700,0.0,0.0
2024-10-18 00:00:00-04:00,37.02000045776367,39.57500076293945,36.81999969482422,39.099998474121094,572100,0.0,0.0
2024-10-21 00:00:00-04:00,38.75,39.25,37.650001525878906,38.439998626708984,515400,0.0,0.0
2024-10-22 00:00:00-04:00,38.209999084472656,40.084999084472656,38.209999084472656,39.31999969482422,653700,0.0,0.0
2024-10-23 00:00:00-04:00,38.959999084472656,42.61000061035156,38.18000030517578,42.47999954223633,1177100,0.0,0.0
2024-10-24 00:00:00-04:00,42.70000076293945,43.400001525878906,41.06999969482422,41.400001525878906,1287200,0.0,0.0
2024-10-25 00:00:00-04:00,41.75,42.03499984741211,40.59000015258789,40.75,948400,0.0,0.0
2024-10-28 00:00:00-04:00,41.25,41.65999984741211,40.369998931884766,40.47999954223633,489400,0.0,0.0
2024-10-29 00:00:00-04:00,40.29999923706055,42.5099983215332,40.29999923706055,42.5,503300,0.0,0.0
2024-10-30 00:00:00-04:00,42.93000030517578,42.974998474121094,40.619998931884766,40.65999984741211,779900,0.0,0.0
2024-10-31 00:00:00-04:00,40.4900016784668,41.06999969482422,39.70000076293945,39.91999816894531,465500,0.0,0.0
2024-11-01 00:00:00-04:00,39.970001220703125,40.75,39.63999938964844,40.470001220703125,528700,0.0,0.0
2024-11-04 00:00:00-05:00,39.9900016784668,41.31999969482422,39.40999984741211,40.38999938964844,525900,0.0,0.0
2024-11-05 00:00:00-05:00,40.36000061035156,41.08000183105469,39.88999938964844,40.869998931884766,354800,0.0,0.0
2024-11-06 00:00:00-05:00,42.4900016784668,43.27000045776367,41.70000076293945,43.18000030517578,1007900,0.0,0.0
2024-11-07 00:00:00-05:00,43.33000183105469,44.560001373291016,42.81999969482422,42.959999084472656,724700,0.0,0.0
2024-11-08 00:00:00-05:00,45.63999938964844,46.54999923706055,43.63999938964844,44.279998779296875,1019400,0.0,0.0
2024-11-11 00:00:00-05:00,44.459999084472656,46.97999954223633,44.459999084472656,44.869998931884766,1160600,0.0,0.0
2024-11-12 00:00:00-05:00,44.279998779296875,44.869998931884766,43.47999954223633,44.619998931884766,756100,0.0,0.0
2024-11-13 00:00:00-05:00,44.68000030517578,45.650001525878906,43.54999923706055,44.029998779296875,648200,0.0,0.0
2024-11-14 00:00:00-05:00,44.279998779296875,44.279998779296875,41.95000076293945,42.380001068115234,658200,0.0,0.0
2024-11-15 00:00:00-05:00,42.7400016784668,42.7400016784668,38.939998626708984,39.22999954223633,1035200,0.0,0.0
2024-11-18 00:00:00-05:00,39.13999938964844,39.86000061035156,38.650001525878906,39.22999954223633,442600,0.0,0.0
2024-11-19 00:00:00-05:00,39.36000061035156,40.060001373291016,38.709999084472656,39.36000061035156,819300,0.0,0.0
2024-11-20 00:00:00-05:00,39.380001068115234,42.790000915527344,38.2599983215332,41.959999084472656,723000,0.0,0.0
2024-11-21 00:00:00-05:00,42.09000015258789,43.40999984741211,41.209999084472656,42.88999938964844,599100,0.0,0.0
2024-11-22 00:00:00-05:00,43.029998779296875,44.099998474121094,42.7400016784668,43.22999954223633,548700,0.0,0.0
2024-11-25 00:00:00-05:00,43.810001373291016,44.849998474121094,42.935001373291016,42.9900016784668,745700,0.0,0.0
2024-11-26 00:00:00-05:00,43.540000915527344,47.2400016784668,43.25,46.0099983215332,1511900,0.0,0.0
2024-11-27 00:00:00-05:00,47.0,47.22999954223633,44.20100021362305,45.11000061035156,789500,0.0,0.0
2024-11-29 00:00:00-05:00,44.77000045776367,45.375,43.18000030517578,43.880001068115234,428800,0.0,0.0
2024-12-02 00:00:00-05:00,52.08000183105469,52.965999603271484,49.189998626708984,52.06999969482422,3542300,0.0,0.0
2024-12-03 00:00:00-05:00,53.33000183105469,54.15999984741211,49.2760009765625,50.290000915527344,1497000,0.0,0.0
2024-12-04 00:00:00-05:00,49.88999938964844,51.619998931884766,49.40999984741211,49.86000061035156,941500,0.0,0.0
2024-12-05 00:00:00-05:00,48.529998779296875,49.5,47.75,48.400001525878906,596800,0.0,0.0
2024-12-06 00:00:00-05:00,48.0,49.439998626708984,47.880001068115234,48.040000915527344,481900,0.0,0.0
2024-12-09 00:00:00-05:00,47.540000915527344,48.54999923706055,46.65999984741211,48.060001373291016,887800,0.0,0.0
2024-12-10 00:00:00-05:00,50.0,51.7400016784668,49.439998626708984,49.9900016784668,859700,0.0,0.0
2024-12-11 00:00:00-05:00,50.0,50.20000076293945,49.060001373291016,49.66999816894531,471100,0.0,0.0
2024-12-12 00:00:00-05:00,49.52000045776367,49.88999938964844,47.029998779296875,47.36000061035156,622300,0.0,0.0
2024-12-13 00:00:00-05:00,49.34000015258789,49.349998474121094,46.33000183105469,46.369998931884766,666200,0.0,0.0
2024-12-16 00:00:00-05:00,46.29999923706055,48.77000045776367,46.0,48.61000061035156,626100,0.0,0.0
2024-12-17 00:00:00-05:00,47.77000045776367,48.60499954223633,46.65999984741211,47.02000045776367,496800,0.0,0.0
2024-12-18 00:00:00-05:00,47.5099983215332,48.03499984741211,44.29999923706055,45.459999084472656,602400,0.0,0.0
2024-12-19 00:00:00-05:00,45.65999984741211,46.560001373291016,44.970001220703125,45.25,575400,0.0,0.0
2024-12-20 00:00:00-05:00,44.77000045776367,47.41999816894531,44.7400016784668,46.2400016784668,1431600,0.0,0.0
2024-12-23 00:00:00-05:00,46.09000015258789,46.22999954223633,44.52000045776367,45.560001373291016,425700,0.0,0.0
2024-12-24 00:00:00-05:00,45.560001373291016,46.150001525878906,44.95000076293945,45.349998474121094,185800,0.0,0.0
2024-12-26 00:00:00-05:00,45.08000183105469,46.220001220703125,45.029998779296875,45.84000015258789,278500,0.0,0.0
2024-12-27 00:00:00-05:00,45.34000015258789,46.11000061035156,44.70000076293945,45.22999954223633,346600,0.0,0.0
2024-12-30 00:00:00-05:00,44.70000076293945,45.95000076293945,44.58000183105469,45.77000045776367,555500,0.0,0.0
2024-12-31 00:00:00-05:00,45.86000061035156,46.790000915527344,44.709999084472656,45.13999938964844,360000,0.0,0.0
2025-01-02 00:00:00-05:00,46.16999816894531,47.060001373291016,45.470001220703125,45.880001068115234,474400,0.0,0.0
2025-01-03 00:00:00-05:00,45.959999084472656,46.72999954223633,45.83000183105469,46.540000915527344,459381,0.0,0.0
