Date,Open,High,Low,Close,Volume,Dividends,Stock Splits
2024-01-19 00:00:00-05:00,88.24684632617272,91.55729675292969,86.56776915806822,91.55729675292969,3410400,0.0,0.0
2024-01-22 00:00:00-05:00,87.05432938425244,88.87555039516269,85.51835652460979,86.94938659667969,1019600,0.0,0.0
2024-01-23 00:00:00-05:00,86.94938100246677,87.75076157613567,86.78529235974061,86.8158187866211,340300,0.0,0.0
2024-01-24 00:00:00-05:00,87.8175443768025,88.00834546637562,85.85225821694344,86.93030548095703,381000,0.0,0.0
2024-01-25 00:00:00-05:00,86.81582072848732,87.19743018740847,85.85225848239531,86.53915405273438,120600,0.0,0.0
2024-01-26 00:00:00-05:00,87.40732109776822,87.4550177339276,85.75686318042928,86.49146270751953,262300,0.0,0.0
2024-01-29 00:00:00-05:00,85.19398800401343,88.72385905497782,84.90777909562394,88.2468490600586,695400,0.0,0.0
2024-01-30 00:00:00-05:00,87.28329159930429,87.7698438587016,86.24341324731282,86.91122436523438,235000,0.0,0.0
2024-01-31 00:00:00-05:00,86.78719929958235,88.7238587067788,86.78719929958235,87.24512481689453,511500,0.0,0.0
2024-02-01 00:00:00-05:00,87.5790434227014,88.24685454566287,87.55041670720703,87.66490173339844,183000,0.0,0.0
2024-02-02 00:00:00-05:00,87.30237368876656,88.55595156421235,86.91122198854096,87.86524200439453,103700,0.0,0.0
2024-02-05 00:00:00-05:00,88.72386302756229,88.72386302756229,85.9095068429648,86.69180297851562,198000,0.0,0.0
2024-02-06 00:00:00-05:00,87.55995049383468,88.28500769920215,86.4151294568078,86.76811218261719,99400,0.0,0.0
2024-02-07 00:00:00-05:00,86.25868148679665,86.42467714066669,85.03180867171808,85.86180877685547,67800,0.0,0.0
2024-02-08 00:00:00-05:00,85.86180123007013,85.86180123007013,82.05526341354364,83.61031341552734,194700,0.0,0.0
2024-02-09 00:00:00-05:00,83.52445946288375,86.52008187969994,82.84233133267679,85.48973846435547,194500,0.0,0.0
2024-02-12 00:00:00-05:00,83.76295577305274,83.8392718384612,81.11077415840347,83.01881408691406,163700,0.0,0.0
2024-02-13 00:00:00-05:00,82.69445773671575,83.80111720330977,82.39584608556123,83.65802001953125,141200,0.0,0.0
2024-02-14 00:00:00-05:00,85.24168435290294,87.67443823033962,84.91732105116198,86.8158187866211,1159100,0.0,0.0
2024-02-15 00:00:00-05:00,87.67443919827213,90.5269569518894,87.48363083167543,90.00224304199219,1159100,0.0,0.0
2024-02-16 00:00:00-05:00,90.40293951849401,91.72902676965803,89.90207755014036,91.1566162109375,126600,0.0,0.0
2024-02-20 00:00:00-05:00,91.41420569505983,98.15912751122616,88.50444147848773,95.69775390625,281200,0.0,0.0
2024-02-21 00:00:00-05:00,94.44798844126481,95.87901856916277,94.44798844126481,95.29706573486328,242600,0.0,0.0
2024-02-22 00:00:00-05:00,95.87901604123256,96.25108328238852,95.29706322227675,95.53556823730469,72300,0.0,0.0
2024-02-23 00:00:00-05:00,96.7853236918262,101.11657525800099,96.7853236918262,98.71244812011719,143700,0.0,0.0
2024-02-26 00:00:00-05:00,99.22762950751833,101.06698154153251,97.82521884020117,98.57889556884766,207300,0.0,0.0
2024-02-27 00:00:00-05:00,98.75061206601568,99.8286520438439,97.31958206850807,99.43750762939453,124200,0.0,0.0
2024-02-28 00:00:00-05:00,98.07326795398527,99.92406197518753,97.40544952525413,98.73153686523438,126800,0.0,0.0
2024-02-29 00:00:00-05:00,99.53291246841843,101.1547436241388,98.32130294223374,99.20854187011719,220100,0.0,0.0
2024-03-01 00:00:00-05:00,99.30394846141498,101.77009681877479,98.27361228778166,101.3455581665039,187200,0.0,0.0
2024-03-04 00:00:00-05:00,101.49818664444922,104.14559358521564,99.5615272199627,101.6889877319336,225800,0.0,0.0
2024-03-05 00:00:00-05:00,100.73497482357945,101.1261265426116,97.4483760020884,99.5042953491211,256500,0.0,0.0
2024-03-06 00:00:00-05:00,99.122683018629,105.63386684123192,98.71722159261694,104.10266876220703,625300,0.0,0.0
2024-03-07 00:00:00-05:00,102.65256344087935,102.69072511910512,99.22763470431923,100.82084655761719,234600,0.0,0.0
2024-03-08 00:00:00-05:00,100.08624725331231,103.59703406087817,99.9336005511075,101.43141174316406,194500,0.0,0.0
2024-03-11 00:00:00-04:00,102.16600453237375,103.41577575798064,99.8095811027907,100.32475280761719,200600,0.0,0.0
2024-03-12 00:00:00-04:00,101.1261249259218,105.46691904880281,100.606185747458,104.78955841064453,332600,0.0,0.0
2024-03-13 00:00:00-04:00,104.75140425440111,107.22231268670699,103.67813169965764,106.00593566894531,278600,0.0,0.0
2024-03-14 00:00:00-04:00,106.85023971122672,109.84586192084316,105.95345858449997,109.5882797241211,200400,0.0,0.0
2024-03-15 00:00:00-04:00,109.42609653238476,109.42609653238476,104.95174745923562,107.4703598022461,230300,0.0,0.0
2024-03-18 00:00:00-04:00,105.9916285468189,109.58733479837251,105.98208630809185,108.80599212646484,225900,0.0,0.0
2024-03-19 00:00:00-04:00,108.75828469818336,109.71230473939549,108.02464596501429,109.68368530273438,141600,0.0,0.0
2024-03-20 00:00:00-04:00,109.13035432974006,114.21528300798776,108.71058317323318,113.5570068359375,239600,0.0,0.0
2024-03-21 00:00:00-04:00,114.32022002316751,115.15021277703711,112.66976219638467,114.53010559082031,419000,0.0,0.0
2024-03-22 00:00:00-04:00,114.44424815291157,117.63544649148751,113.5474669467623,116.28550720214844,408000,0.0,0.0
2024-03-25 00:00:00-04:00,118.21262136704907,118.71825080107659,113.35188831590635,115.23607635498047,446400,0.0,0.0
2024-03-26 00:00:00-04:00,115.7989501358391,118.56465621876443,115.7989501358391,118.19354248046875,668400,0.0,0.0
2024-03-27 00:00:00-04:00,118.96629006313286,120.82663341425462,117.99319287410225,120.13019561767578,464800,0.0,0.0
2024-03-28 00:00:00-04:00,120.20653098474821,123.12105536363295,118.74210665720017,122.72514343261719,574600,0.0,0.0
2024-04-01 00:00:00-04:00,123.97490292978446,125.66352249897959,120.16836495773747,124.9575424194336,969200,0.0,0.0
2024-04-02 00:00:00-04:00,123.69825065995906,125.9211192577963,121.65664093314237,125.77800750732422,969000,0.0,0.0
2024-04-03 00:00:00-04:00,125.9306471436064,129.81351575131916,125.11018931477707,128.92626953125,589300,0.0,0.0
2024-04-04 00:00:00-04:00,129.174303643174,129.90890312752444,122.20519445153,125.78754425048828,1104400,0.0,0.0
2024-04-05 00:00:00-04:00,125.69213807124348,127.87683751946226,124.73811804793232,126.65569305419922,623400,0.0,0.0
2024-04-08 00:00:00-04:00,126.77018459092992,126.77018459092992,114.01015957754467,117.82147216796875,762400,0.0,0.0
2024-04-09 00:00:00-04:00,117.97412291079252,118.62284955752831,109.44040657362675,112.72701263427734,689100,0.0,0.0
2024-04-10 00:00:00-04:00,110.11298966665322,115.23607982715352,110.11298966665322,110.8189697265625,434600,0.0,0.0
2024-04-11 00:00:00-04:00,110.82850749176887,113.89091097967002,110.49460192989716,110.76172637939453,241200,0.0,0.0
2024-04-12 00:00:00-04:00,111.53959656313889,111.53959656313889,108.02949075805034,108.5425796508789,187100,1.902,0.0
2024-04-15 00:00:00-04:00,109.5900768442326,110.54543833304503,106.69975055915522,107.88304138183594,223100,0.0,0.0
2024-04-16 00:00:00-04:00,107.65995644853172,110.76366394477665,105.31277719200757,108.82384490966797,276800,0.0,0.0
2024-04-17 00:00:00-04:00,109.20210811885183,113.62490051389554,109.20210811885183,110.62787628173828,382300,0.0,0.0
2024-04-18 00:00:00-04:00,111.38440814415125,112.7325892140703,108.06731928966155,108.85295104980469,434400,0.0,0.0
2024-04-19 00:00:00-04:00,108.85295556060309,112.81018102827385,107.55327287380835,112.2379379272461,294000,0.0,0.0
2024-04-22 00:00:00-04:00,115.5162314644339,118.8721177803814,110.8412675052463,111.71418762207031,496100,0.0,0.0
2024-04-23 00:00:00-04:00,113.96437542899449,119.46764586795865,111.49110304486165,119.28917694091797,347900,0.0,0.0
2024-04-24 00:00:00-04:00,118.51324695058048,120.3463753565584,112.3931128302616,112.70348358154297,280500,0.0,0.0
2024-04-25 00:00:00-04:00,110.12353028184127,114.77909164334407,107.81514823591837,112.81987762451172,244400,0.0,0.0
2024-04-26 00:00:00-04:00,113.47941845113004,118.05739275552334,112.64044875418956,116.50553894042969,233500,0.0,0.0
2024-04-29 00:00:00-04:00,116.59282511811442,116.73831302933185,111.53959729390824,112.57740020751953,158200,0.0,0.0
2024-04-30 00:00:00-04:00,112.13123819430088,116.38914031898463,111.55898773982497,114.21654510498047,343200,0.0,0.0
2024-05-01 00:00:00-04:00,112.38341473192546,115.25434592059518,111.37470797917845,111.98574829101562,439600,0.0,0.0
2024-05-02 00:00:00-04:00,113.69279953304213,114.42023170128819,111.59294445272646,113.0235595703125,108900,0.0,0.0
2024-05-03 00:00:00-04:00,113.47941786289489,116.91289857339197,113.13509671516671,114.8954849243164,153100,0.0,0.0
2024-05-06 00:00:00-04:00,116.12726903008945,119.30857104280435,115.62291194037282,116.70921325683594,108700,0.0,0.0
2024-05-07 00:00:00-04:00,117.68881917335034,118.22518050662586,114.45902605257118,116.89349365234375,122700,0.0,0.0
2024-05-08 00:00:00-04:00,116.5346315523718,116.93229061191055,114.27474057068234,114.71119689941406,87600,0.0,0.0
2024-05-09 00:00:00-04:00,115.20585392814156,119.7256359345306,115.18160470968739,118.41625213623047,185900,0.0,0.0
2024-05-10 00:00:00-04:00,119.78382665431238,120.05540013805906,116.12727099131314,116.58312225341797,102700,0.0,0.0
2024-05-13 00:00:00-04:00,116.38914532185306,118.13498546160989,114.41052896340285,115.0021743774414,137000,0.0,0.0
2024-05-14 00:00:00-04:00,115.41923296763285,117.88280403828202,114.91293711948232,116.36004638671875,89900,0.0,0.0
2024-05-15 00:00:00-04:00,116.38914397159972,117.35905350469639,112.4416124678892,112.71803283691406,155200,0.0,0.0
2024-05-16 00:00:00-04:00,111.94695631794775,116.42309413241993,111.30681987524741,115.43862915039062,231200,0.0,0.0
2024-05-17 00:00:00-04:00,116.17576556594464,116.17576556594464,112.9556661323523,114.08076477050781,99100,0.0,0.0
2024-05-20 00:00:00-04:00,114.01287202368013,115.22525897671875,111.96636225496515,112.60649871826172,80600,0.0,0.0
2024-05-21 00:00:00-04:00,113.69279865491305,114.18745459745014,110.50179534687464,112.3155288696289,174900,0.0,0.0
2024-05-22 00:00:00-04:00,110.64727847111665,116.10786633833197,110.64727847111665,114.52691650390625,211200,0.0,0.0
2024-05-23 00:00:00-04:00,115.53746737666077,121.26553623407148,115.44873258514833,119.90499877929688,252700,1.915,0.0
2024-05-24 00:00:00-04:00,119.9049987589218,124.90350470684834,119.71767560494622,120.47681427001953,322600,0.0,0.0
2024-05-28 00:00:00-04:00,121.54158900133964,123.21762128331122,117.57827958686555,122.60636138916016,276400,0.0,0.0
2024-05-29 00:00:00-04:00,122.25143565313928,125.1894170131095,120.9796254602596,122.15284729003906,395200,0.0,0.0
2024-05-30 00:00:00-04:00,122.15284447782011,123.87816711868815,120.16132498871893,123.22747039794922,122800,0.0,0.0
2024-05-31 00:00:00-04:00,123.60211744380356,126.7717855401657,123.2373322325437,124.61759185791016,253800,0.0,0.0
2024-06-03 00:00:00-04:00,126.57953323415127,127.7626086630242,124.61759693124313,126.53023529052734,184700,0.0,0.0
2024-06-04 00:00:00-04:00,126.17531690193806,126.44150623705123,122.13608987279223,123.21762084960938,359400,0.0,0.0
2024-06-05 00:00:00-04:00,123.12888621969427,127.82175854656491,122.69016160555714,125.218994140625,250400,0.0,0.0
2024-06-06 00:00:00-04:00,124.47956716586927,127.23022533537016,123.80915577486034,126.59925079345703,216800,0.0,0.0
2024-06-07 00:00:00-04:00,126.19503375597222,126.64855377772568,124.1147868946563,124.77533721923828,242000,0.0,0.0
2024-06-10 00:00:00-04:00,124.77533403914065,124.77533403914065,119.60922708252882,124.15422058105469,440900,0.0,0.0
2024-06-11 00:00:00-04:00,123.23733269056072,125.99785195155323,121.48539034781037,124.29224395751953,154500,0.0,0.0
2024-06-12 00:00:00-04:00,125.36687849583593,128.56118055892733,124.3218207907371,127.37810516357422,364900,0.0,0.0
2024-06-13 00:00:00-04:00,128.16682512225236,128.16682512225236,125.45560382158934,127.24994659423828,296300,0.0,0.0
2024-06-14 00:00:00-04:00,126.05700699428367,126.51052701047767,122.65565952549902,124.89364624023438,263300,0.0,0.0
2024-06-17 00:00:00-04:00,123.88802879124653,126.19502803708069,123.14860479884175,125.49504089355469,193400,0.0,0.0
2024-06-18 00:00:00-04:00,125.74151828832518,131.0062211399179,124.71618276064027,127.29923248291016,544100,0.0,0.0
2024-06-20 00:00:00-04:00,127.29923051005997,128.9654016569523,125.53447852307241,127.17107391357422,389300,0.0,0.0
2024-06-21 00:00:00-04:00,127.17107162382813,128.68441461062827,125.21898899729186,127.63444519042969,631000,0.0,0.0
2024-06-24 00:00:00-04:00,127.67387915661743,129.55694924731125,125.81545803730427,128.42315673828125,164300,0.0,0.0
2024-06-25 00:00:00-04:00,128.75837197008016,132.11042142153693,126.91473123252113,131.1540985107422,333900,0.0,0.0
2024-06-26 00:00:00-04:00,131.1540951999065,134.46178093306924,128.7879444755054,134.0033416748047,556600,0.0,0.0
2024-06-27 00:00:00-04:00,134.00334335323765,134.44699473916728,129.07385007930915,130.4146728515625,256700,0.0,0.0
2024-06-28 00:00:00-04:00,131.57804170908656,133.09631902544342,126.97388173108037,127.19078063964844,201100,0.0,0.0
2024-07-01 00:00:00-04:00,128.1766803892935,129.65652126995073,125.3767317831159,126.82600402832031,313900,0.0,0.0
2024-07-02 00:00:00-04:00,126.88515929091103,128.166830605692,125.5443364612913,127.97950744628906,166500,0.0,0.0
2024-07-03 00:00:00-04:00,128.0780996527126,133.1554717787298,125.20913091651889,132.29774475097656,191100,0.0,0.0
2024-07-05 00:00:00-04:00,133.09631896246222,133.69771774618553,130.01045134589276,130.66114807128906,168100,0.0,0.0
2024-07-08 00:00:00-04:00,130.66114962031486,132.64280053265705,128.34428172679404,129.9710235595703,424700,0.0,0.0
2024-07-09 00:00:00-04:00,130.13862543184396,130.73017065580032,124.23309445964206,126.15559387207031,210400,0.0,0.0
2024-07-10 00:00:00-04:00,126.15559202018814,129.35977019688326,126.06686475098313,126.86543273925781,135000,0.0,0.0
2024-07-11 00:00:00-04:00,127.18093244457165,133.09632465129593,126.6731952152393,129.08370971679688,161600,0.0,0.0
2024-07-12 00:00:00-04:00,130.04003293053938,133.18505220062764,130.04003293053938,131.37100219726562,94600,0.0,0.0
2024-07-15 00:00:00-04:00,131.38084792556677,133.68786218641205,129.7935505064766,132.5343475341797,195000,0.0,0.0
2024-07-16 00:00:00-04:00,133.09632477279916,138.3166565947645,132.68224912318487,136.6997833251953,343300,0.0,0.0
2024-07-17 00:00:00-04:00,136.497667327382,139.3666360565078,133.31815315504218,134.91036987304688,197100,0.0,0.0
2024-07-18 00:00:00-04:00,135.11742119897804,141.6933637887016,135.0681232547595,136.7638702392578,259500,0.0,0.0
2024-07-19 00:00:00-04:00,136.64556399912885,137.79906365737617,133.15252567411514,135.85684204101562,292600,0.0,0.0
2024-07-22 00:00:00-04:00,135.4033146106782,138.01595501362303,126.62882279669874,128.6104736328125,412200,0.0,0.0
2024-07-23 00:00:00-04:00,130.95692387906257,136.0638718364915,129.24145475479608,129.85272216796875,239200,0.0,0.0
2024-07-24 00:00:00-04:00,129.84285982402494,133.27378319463546,129.55695581131604,129.6654052734375,133100,0.0,0.0
2024-07-25 00:00:00-04:00,129.1527203773834,132.10056269330292,124.43026504264665,128.07809448242188,502000,0.0,0.0
2024-07-26 00:00:00-04:00,128.5414723091782,130.13862332695984,125.8203898971441,128.90625,109200,0.0,0.0
2024-07-29 00:00:00-04:00,129.15272065337314,133.57941092200466,128.92596818046994,130.0794677734375,135900,0.0,0.0
2024-07-30 00:00:00-04:00,130.02032524852882,131.20833498615372,126.77671010413074,127.67388153076172,142400,0.0,0.0
2024-07-31 00:00:00-04:00,130.13862385966559,130.34566919863502,127.4471247147815,128.2949981689453,104600,0.0,0.0
2024-08-01 00:00:00-04:00,127.69360275865196,127.69360275865196,122.25143776836282,122.56692504882812,203200,0.0,0.0
2024-08-02 00:00:00-04:00,119.77682532779727,120.27963574727376,115.76421810824831,118.3078384399414,306000,0.0,0.0
2024-08-05 00:00:00-04:00,110.73613524768633,116.00083791106891,110.06572386977496,114.36424255371094,437100,0.0,0.0
2024-08-06 00:00:00-04:00,115.65576922590255,118.21911175554453,115.30084510708473,116.81912994384766,217800,0.0,0.0
2024-08-07 00:00:00-04:00,120.24020331534989,121.26553885544402,116.65153268592546,116.82899475097656,97600,0.0,0.0
2024-08-08 00:00:00-04:00,118.11066308622779,118.899377505212,116.49378987722879,118.49516296386719,108300,0.0,0.0
2024-08-09 00:00:00-04:00,119.42190437773482,121.75848695674006,118.36699309120874,118.6430435180664,151600,0.0,0.0
2024-08-12 00:00:00-04:00,119.63880018041097,122.25143311835058,119.13598976067229,121.18666076660156,105100,0.0,0.0
2024-08-13 00:00:00-04:00,121.86693802557171,124.22323529975074,121.2951149784813,123.7105712890625,81400,0.0,0.0
2024-08-14 00:00:00-04:00,124.47956558310331,125.20912847757458,122.67536924941258,124.41055297851562,90000,0.0,0.0
2024-08-15 00:00:00-04:00,126.00770505415214,128.44287594255678,124.38097828613041,124.61759185791016,176100,0.0,0.0
2024-08-16 00:00:00-04:00,124.75562286376953,125.57392059304189,122.49791392977063,124.75562286376953,102800,0.0,0.0
2024-08-19 00:00:00-04:00,124.90350374003904,126.63867996729265,123.40493356345382,126.3133316040039,107400,0.0,0.0
2024-08-20 00:00:00-04:00,126.61896150990411,126.96403206878169,121.7683492831392,123.15846252441406,135600,0.0,0.0
2024-08-21 00:00:00-04:00,123.2373310207407,126.97388027809697,122.61621758024768,125.28800201416016,115100,0.0,0.0
2024-08-22 00:00:00-04:00,126.6500015258789,127.0,123.94000244140625,124.37000274658203,174600,1.792,0.0
2024-08-23 00:00:00-04:00,124.9000015258789,128.9499969482422,124.11000061035156,127.58000183105469,161600,0.0,0.0
2024-08-26 00:00:00-04:00,127.36000061035156,127.9000015258789,124.55000305175781,125.2699966430664,155100,0.0,0.0
2024-08-27 00:00:00-04:00,125.80999755859375,128.77000427246094,124.02999877929688,127.26000213623047,80500,0.0,0.0
2024-08-28 00:00:00-04:00,126.83000183105469,128.74000549316406,122.5999984741211,122.6500015258789,87200,0.0,0.0
2024-08-29 00:00:00-04:00,123.80999755859375,129.3300018310547,123.70999908447266,129.30999755859375,207500,0.0,0.0
2024-08-30 00:00:00-04:00,129.8000030517578,131.6199951171875,128.61000061035156,130.92999267578125,168400,0.0,0.0
2024-09-03 00:00:00-04:00,130.0,130.0,124.8499984741211,125.5,201500,0.0,0.0
2024-09-04 00:00:00-04:00,125.36000061035156,127.83999633789062,124.95500183105469,126.66000366210938,119600,0.0,0.0
2024-09-05 00:00:00-04:00,126.5,129.77999877929688,126.5,128.3699951171875,155000,0.0,0.0
2024-09-06 00:00:00-04:00,128.32000732421875,128.5399932861328,122.5,123.33999633789062,459900,0.0,0.0
2024-09-09 00:00:00-04:00,124.4000015258789,125.80999755859375,122.58999633789062,123.30000305175781,113400,0.0,0.0
2024-09-10 00:00:00-04:00,123.04000091552734,124.26000213623047,121.36299896240234,122.91999816894531,242000,0.0,0.0
2024-09-11 00:00:00-04:00,123.19000244140625,123.6500015258789,120.91000366210938,122.05000305175781,174800,0.0,0.0
2024-09-12 00:00:00-04:00,122.77999877929688,125.95500183105469,122.7300033569336,124.87000274658203,185400,0.0,0.0
2024-09-13 00:00:00-04:00,125.55000305175781,126.19499969482422,122.61000061035156,123.94999694824219,156700,0.0,0.0
2024-09-16 00:00:00-04:00,122.93000030517578,125.79000091552734,114.87999725341797,122.22000122070312,320400,0.0,0.0
2024-09-17 00:00:00-04:00,122.4000015258789,125.07499694824219,121.30999755859375,123.5199966430664,476400,0.0,0.0
2024-09-18 00:00:00-04:00,123.94000244140625,124.08999633789062,118.26000213623047,119.01000213623047,516100,0.0,0.0
2024-09-19 00:00:00-04:00,114.0,116.44999694824219,90.4749984741211,99.80999755859375,5114700,0.0,0.0
2024-09-20 00:00:00-04:00,105.0,107.93000030517578,93.69000244140625,97.0999984741211,2282000,0.0,0.0
2024-09-23 00:00:00-04:00,99.91000366210938,102.53199768066406,99.20999908447266,99.34500122070312,901900,0.0,0.0
2024-09-24 00:00:00-04:00,103.36000061035156,107.8499984741211,101.94499969482422,104.47000122070312,1013200,0.0,0.0
2024-09-25 00:00:00-04:00,104.75,106.98500061035156,103.0,106.23999786376953,623900,0.0,0.0
2024-09-26 00:00:00-04:00,106.23999786376953,109.29000091552734,102.5,104.11000061035156,303200,0.0,0.0
2024-09-27 00:00:00-04:00,104.3499984741211,104.5,101.0,102.98999786376953,548300,0.0,0.0
2024-09-30 00:00:00-04:00,102.80000305175781,106.2300033569336,101.01000213623047,105.98999786376953,349400,0.0,0.0
2024-10-01 00:00:00-04:00,105.31999969482422,105.9000015258789,102.90499877929688,103.62000274658203,270400,0.0,0.0
2024-10-02 00:00:00-04:00,103.62000274658203,108.56999969482422,103.47000122070312,108.37999725341797,392900,0.0,0.0
2024-10-03 00:00:00-04:00,107.62999725341797,107.9800033569336,105.75,106.08000183105469,174600,0.0,0.0
2024-10-04 00:00:00-04:00,107.0,107.88999938964844,105.0,105.56999969482422,142800,0.0,0.0
2024-10-07 00:00:00-04:00,106.0,106.0,103.01000213623047,103.69000244140625,213400,0.0,0.0
2024-10-08 00:00:00-04:00,104.0,104.8499984741211,102.5999984741211,102.93000030517578,154600,0.0,0.0
2024-10-09 00:00:00-04:00,102.5,104.5,101.55000305175781,103.11000061035156,208000,0.0,0.0
2024-10-10 00:00:00-04:00,104.87000274658203,108.36000061035156,103.04000091552734,108.11000061035156,342500,0.0,0.0
2024-10-11 00:00:00-04:00,107.19000244140625,109.7300033569336,107.08000183105469,108.66000366210938,324800,0.0,0.0
2024-10-14 00:00:00-04:00,109.73999786376953,110.1500015258789,108.08300018310547,108.27999877929688,189500,0.0,0.0
2024-10-15 00:00:00-04:00,108.12000274658203,108.5999984741211,104.8499984741211,104.8499984741211,153800,0.0,0.0
2024-10-16 00:00:00-04:00,106.2699966430664,108.95999908447266,105.802001953125,108.38999938964844,217800,0.0,0.0
2024-10-17 00:00:00-04:00,108.56999969482422,109.6500015258789,105.75,106.87999725341797,142900,0.0,0.0
2024-10-18 00:00:00-04:00,110.0,115.19999694824219,109.5,115.19999694824219,551400,0.0,0.0
2024-10-21 00:00:00-04:00,116.83999633789062,116.83999633789062,108.75,110.94999694824219,373000,0.0,0.0
2024-10-22 00:00:00-04:00,111.18000030517578,112.9800033569336,109.6449966430664,112.7300033569336,166100,0.0,0.0
2024-10-23 00:00:00-04:00,112.55999755859375,114.19999694824219,109.75,110.0,180700,0.0,0.0
2024-10-24 00:00:00-04:00,110.01000213623047,110.9000015258789,107.61000061035156,110.22000122070312,175900,0.0,0.0
2024-10-25 00:00:00-04:00,111.06999969482422,111.25,107.76000213623047,108.44000244140625,201600,0.0,0.0
2024-10-28 00:00:00-04:00,109.31999969482422,112.47000122070312,109.31999969482422,111.61000061035156,114600,0.0,0.0
2024-10-29 00:00:00-04:00,110.75,111.29000091552734,109.0,109.0,128000,0.0,0.0
2024-10-30 00:00:00-04:00,109.19000244140625,113.9000015258789,108.55000305175781,113.66999816894531,195000,0.0,0.0
2024-10-31 00:00:00-04:00,112.16000366210938,113.66000366210938,110.0,110.13999938964844,227700,0.0,0.0
2024-11-01 00:00:00-04:00,112.94000244140625,113.3499984741211,108.57499694824219,108.83000183105469,226000,0.0,0.0
2024-11-04 00:00:00-05:00,110.0,111.30000305175781,108.04000091552734,110.11000061035156,196000,0.0,0.0
2024-11-05 00:00:00-05:00,110.25,112.79000091552734,110.25,111.0,85100,0.0,0.0
2024-11-06 00:00:00-05:00,111.0,116.54900360107422,110.31999969482422,115.54000091552734,241600,0.0,0.0
2024-11-07 00:00:00-05:00,115.54000091552734,115.77999877929688,112.7750015258789,112.9000015258789,163000,0.0,0.0
2024-11-08 00:00:00-05:00,113.0,113.05899810791016,109.33000183105469,110.87999725341797,201400,0.0,0.0
2024-11-11 00:00:00-05:00,110.9000015258789,113.12999725341797,110.0999984741211,112.08999633789062,323600,0.0,0.0
2024-11-12 00:00:00-05:00,111.79000091552734,114.0,111.2239990234375,113.8499984741211,144800,0.0,0.0
2024-11-13 00:00:00-05:00,113.5,114.9800033569336,112.0,112.5199966430664,239400,0.0,0.0
2024-11-14 00:00:00-05:00,112.5,112.5,110.0999984741211,110.23999786376953,192200,0.0,0.0
2024-11-15 00:00:00-05:00,111.33000183105469,111.8499984741211,109.87000274658203,109.9800033569336,128400,0.0,0.0
2024-11-18 00:00:00-05:00,110.1500015258789,111.06900024414062,108.63999938964844,110.20999908447266,201800,0.0,0.0
2024-11-19 00:00:00-05:00,110.19999694824219,111.0,108.5,109.80000305175781,249600,0.0,0.0
2024-11-20 00:00:00-05:00,108.69999694824219,109.75,106.0,106.16999816894531,247800,0.0,0.0
2024-11-21 00:00:00-05:00,106.30000305175781,106.30000305175781,102.2300033569336,103.83000183105469,278900,0.0,0.0
2024-11-22 00:00:00-05:00,105.01000213623047,105.47699737548828,102.51000213623047,104.0,248200,0.0,0.0
2024-11-25 00:00:00-05:00,104.37000274658203,107.80999755859375,104.37000274658203,106.19000244140625,184500,0.0,0.0
2024-11-26 00:00:00-05:00,106.04000091552734,109.62000274658203,105.2760009765625,109.62000274658203,159600,0.0,0.0
2024-11-27 00:00:00-05:00,109.66999816894531,110.83300018310547,107.51000213623047,108.73999786376953,120700,0.0,0.0
2024-11-29 00:00:00-05:00,109.11000061035156,110.05000305175781,106.4000015258789,106.4000015258789,125000,0.0,0.0
2024-12-02 00:00:00-05:00,105.9000015258789,108.11499786376953,105.62000274658203,106.16999816894531,261900,0.0,0.0
2024-12-03 00:00:00-05:00,105.62000274658203,107.13099670410156,103.97000122070312,105.0199966430664,278200,0.0,0.0
2024-12-04 00:00:00-05:00,105.05000305175781,110.0,103.5,109.44000244140625,184400,0.0,0.0
2024-12-05 00:00:00-05:00,109.36000061035156,110.1449966430664,107.52999877929688,108.68000030517578,137600,0.0,0.0
2024-12-06 00:00:00-05:00,109.0999984741211,112.1050033569336,108.9800033569336,110.05999755859375,169300,0.0,0.0
2024-12-09 00:00:00-05:00,112.5,113.55000305175781,109.72000122070312,110.37000274658203,375400,0.0,0.0
2024-12-10 00:00:00-05:00,110.76000213623047,111.2750015258789,108.2699966430664,108.91000366210938,143000,0.0,0.0
2024-12-11 00:00:00-05:00,109.0,109.0,106.9000015258789,107.52999877929688,107100,0.0,0.0
2024-12-12 00:00:00-05:00,107.77999877929688,108.26499938964844,105.55999755859375,107.08000183105469,147900,0.0,0.0
2024-12-13 00:00:00-05:00,108.19000244140625,109.0,105.80999755859375,106.0,181600,0.0,0.0
2024-12-16 00:00:00-05:00,106.0,106.63999938964844,103.19000244140625,103.22000122070312,156000,0.0,0.0
2024-12-17 00:00:00-05:00,103.0,103.69999694824219,100.66999816894531,102.5,212400,0.0,0.0
2024-12-18 00:00:00-05:00,102.80000305175781,102.80000305175781,96.86000061035156,97.08000183105469,326900,0.0,0.0
2024-12-19 00:00:00-05:00,99.72000122070312,100.47000122070312,97.51000213623047,97.76000213623047,292200,0.0,0.0
2024-12-20 00:00:00-05:00,98.83999633789062,99.9800033569336,98.05000305175781,98.69999694824219,351500,0.0,0.0
2024-12-23 00:00:00-05:00,98.88999938964844,99.0,97.18000030517578,97.81999969482422,134200,0.0,0.0
2024-12-24 00:00:00-05:00,97.66000366210938,99.16000366210938,97.66000366210938,98.2300033569336,174300,0.0,0.0
2024-12-26 00:00:00-05:00,98.0,99.45999908447266,97.81999969482422,98.25,170500,0.0,0.0
2024-12-27 00:00:00-05:00,98.38999938964844,98.4000015258789,96.41000366210938,96.70999908447266,231716,0.0,0.0
