Date,Open,High,Low,Close,Volume,Dividends,Stock Splits
2022-01-03 00:00:00-05:00,25.889999389648438,25.979999542236328,25.559999465942383,25.670000076293945,8000,0.0,0.0
2022-01-04 00:00:00-05:00,25.59000015258789,25.709999084472656,25.420000076293945,25.549999237060547,13100,0.0,0.0
2022-01-05 00:00:00-05:00,25.549999237060547,25.549999237060547,25.270000457763672,25.31999969482422,16200,0.0,0.0
2022-01-06 00:00:00-05:00,25.309999465942383,25.5,25.200000762939453,25.5,10700,0.0,0.0
2022-01-07 00:00:00-05:00,25.399999618530273,25.530000686645508,25.309999465942383,25.43000030517578,6600,0.0,0.0
2022-01-10 00:00:00-05:00,25.360000610351562,25.5,25.360000610351562,25.469999313354492,5200,0.0,0.0
2022-01-11 00:00:00-05:00,25.450000762939453,25.559999465942383,25.450000762939453,25.489999771118164,6700,0.0,0.0
2022-01-12 00:00:00-05:00,25.520000457763672,25.559999465942383,25.5,25.5,2900,0.0,0.0
2022-01-13 00:00:00-05:00,25.469999313354492,25.56999969482422,25.469999313354492,25.489999771118164,15100,0.0,0.0
2022-01-14 00:00:00-05:00,25.3799991607666,25.549999237060547,25.3799991607666,25.440000534057617,7100,0.0,0.0
2022-01-18 00:00:00-05:00,25.260000228881836,25.389999389648438,25.260000228881836,25.31999969482422,10400,0.0,0.0
2022-01-19 00:00:00-05:00,25.299999237060547,25.420000076293945,25.280000686645508,25.3799991607666,5600,0.0,0.0
2022-01-20 00:00:00-05:00,25.40999984741211,25.479999542236328,25.389999389648438,25.440000534057617,4700,0.0,0.0
2022-01-21 00:00:00-05:00,25.43000030517578,25.5,25.309999465942383,25.309999465942383,4600,0.0,0.0
2022-01-24 00:00:00-05:00,25.25,25.40999984741211,25.200000762939453,25.350000381469727,5800,0.0,0.0
2022-01-25 00:00:00-05:00,25.399999618530273,25.399999618530273,25.280000686645508,25.309999465942383,5000,0.0,0.0
2022-01-26 00:00:00-05:00,25.309999465942383,25.3700008392334,25.15999984741211,25.290000915527344,15100,0.0,0.0
2022-01-27 00:00:00-05:00,25.219999313354492,25.239999771118164,25.110000610351562,25.1200008392334,6900,0.0,0.0
2022-01-28 00:00:00-05:00,24.979999542236328,25.219999313354492,24.899999618530273,25.06999969482422,10200,0.0,0.0
2022-01-31 00:00:00-05:00,25.079999923706055,25.549999237060547,25.059999465942383,25.5,32600,0.0,0.0
2022-02-01 00:00:00-05:00,25.479999542236328,25.5,25.260000228881836,25.399999618530273,6500,0.0,0.0
2022-02-02 00:00:00-05:00,25.469999313354492,25.479999542236328,25.030000686645508,25.06999969482422,11400,0.0,0.0
2022-02-03 00:00:00-05:00,25.139999389648438,25.299999237060547,25.06999969482422,25.280000686645508,10200,0.0,0.0
2022-02-04 00:00:00-05:00,25.219999313354492,25.280000686645508,25.219999313354492,25.25,4600,0.0,0.0
2022-02-07 00:00:00-05:00,25.190000534057617,25.270000457763672,25.190000534057617,25.260000228881836,2000,0.0,0.0
2022-02-08 00:00:00-05:00,25.219999313354492,25.280000686645508,25.219999313354492,25.25,5400,0.0,0.0
2022-02-09 00:00:00-05:00,25.290000915527344,25.329999923706055,25.25,25.25,13000,0.0,0.0
2022-02-10 00:00:00-05:00,25.25,25.350000381469727,25.239999771118164,25.260000228881836,19700,0.0,0.0
2022-02-11 00:00:00-05:00,25.260000228881836,25.350000381469727,25.25,25.25,10400,0.0,0.0
2022-02-14 00:00:00-05:00,25.299999237060547,25.299999237060547,25.25,25.270000457763672,4600,0.0,0.0
2022-02-15 00:00:00-05:00,25.25,25.280000686645508,25.15999984741211,25.280000686645508,13000,0.0,0.0
2022-02-16 00:00:00-05:00,25.25,25.290000915527344,25.200000762939453,25.25,2300,0.0,0.0
2022-02-17 00:00:00-05:00,25.239999771118164,25.270000457763672,25.170000076293945,25.200000762939453,10400,0.0,0.0
2022-02-18 00:00:00-05:00,25.190000534057617,25.329999923706055,25.190000534057617,25.25,2600,0.0,0.0
2022-02-22 00:00:00-05:00,25.18000030517578,25.260000228881836,25.18000030517578,25.25,13200,0.0,0.0
2022-02-23 00:00:00-05:00,25.15999984741211,25.260000228881836,25.139999389648438,25.25,23600,0.0,0.0
2022-02-24 00:00:00-05:00,25.110000610351562,25.350000381469727,25.110000610351562,25.350000381469727,10900,0.0,0.0
2022-02-25 00:00:00-05:00,25.360000610351562,25.43000030517578,25.149999618530273,25.149999618530273,1900,0.0,0.0
2022-02-28 00:00:00-05:00,25.25,25.649999618530273,25.25,25.299999237060547,7000,0.0,0.0
2022-03-01 00:00:00-05:00,25.450000762939453,25.639999389648438,25.200000762939453,25.260000228881836,8600,0.0,0.0
2022-03-02 00:00:00-05:00,25.270000457763672,25.43000030517578,25.239999771118164,25.25,3200,0.0,0.0
2022-03-03 00:00:00-05:00,25.270000457763672,25.479999542236328,25.25,25.280000686645508,6600,0.0,0.0
2022-03-04 00:00:00-05:00,25.25,25.299999237060547,25.209999084472656,25.25,11300,0.0,0.0
2022-03-07 00:00:00-05:00,25.200000762939453,25.25,25.200000762939453,25.229999542236328,8000,0.0,0.0
2022-03-08 00:00:00-05:00,25.15999984741211,25.200000762939453,25.100000381469727,25.1299991607666,6800,0.0,0.0
2022-03-09 00:00:00-05:00,25.25,25.25,25.079999923706055,25.079999923706055,2400,0.0,0.0
2022-03-10 00:00:00-05:00,25.06999969482422,25.18000030517578,25.059999465942383,25.110000610351562,9900,0.0,0.0
2022-03-11 00:00:00-05:00,25.25,25.25,25.030000686645508,25.06999969482422,6800,0.0,0.0
2022-03-14 00:00:00-04:00,25.010000228881836,25.020000457763672,24.950000762939453,25.020000457763672,8900,0.0,0.0
2022-03-15 00:00:00-04:00,25.049999237060547,25.100000381469727,25.010000228881836,25.100000381469727,2000,0.0,0.0
2022-03-16 00:00:00-04:00,25.170000076293945,25.18000030517578,24.729999542236328,24.920000076293945,26000,0.0,0.0
2022-03-17 00:00:00-04:00,24.959999084472656,25.139999389648438,24.940000534057617,25.06999969482422,11800,0.0,0.0
2022-03-18 00:00:00-04:00,25.010000228881836,25.09000015258789,24.979999542236328,25.0,5800,0.0,0.0
2022-03-21 00:00:00-04:00,25.0,25.079999923706055,24.899999618530273,25.030000686645508,27500,0.0,0.0
2022-03-22 00:00:00-04:00,24.950000762939453,25.059999465942383,24.809999465942383,24.940000534057617,22200,0.0,0.0
2022-03-23 00:00:00-04:00,24.860000610351562,24.979999542236328,24.850000381469727,24.850000381469727,23200,0.0,0.0
2022-03-24 00:00:00-04:00,24.850000381469727,24.989999771118164,24.850000381469727,24.989999771118164,6800,0.0,0.0
2022-03-25 00:00:00-04:00,25.020000457763672,25.020000457763672,24.68000030517578,24.860000610351562,16800,0.0,0.0
2022-03-28 00:00:00-04:00,24.889999389648438,24.889999389648438,24.68000030517578,24.729999542236328,43200,0.0,0.0
2022-03-29 00:00:00-04:00,24.760000228881836,24.760000228881836,24.229999542236328,24.450000762939453,77300,0.0,0.0
2022-03-30 00:00:00-04:00,24.649999618530273,24.700000762939453,24.059999465942383,24.200000762939453,31600,0.0,0.0
2022-03-31 00:00:00-04:00,24.09000015258789,24.290000915527344,24.049999237060547,24.049999237060547,12700,0.0,0.0
2022-04-01 00:00:00-04:00,24.059999465942383,24.219999313354492,23.68000030517578,24.1200008392334,9700,0.0,0.0
2022-04-04 00:00:00-04:00,23.940000534057617,24.09000015258789,23.770000457763672,24.0,9900,0.0,0.0
2022-04-05 00:00:00-04:00,24.0,24.170000076293945,23.719999313354492,23.75,6400,0.0,0.0
2022-04-06 00:00:00-04:00,23.59000015258789,24.020000457763672,23.31999969482422,23.65999984741211,10200,0.0,0.0
2022-04-07 00:00:00-04:00,23.489999771118164,23.8799991607666,23.489999771118164,23.8799991607666,6800,0.0,0.0
2022-04-08 00:00:00-04:00,23.209999084472656,23.84000015258789,23.209999084472656,23.829999923706055,6200,0.0,0.0
2022-04-11 00:00:00-04:00,23.75,23.799999237060547,23.34000015258789,23.459999084472656,5900,0.0,0.0
2022-04-12 00:00:00-04:00,23.5,23.579999923706055,23.030000686645508,23.280000686645508,16600,0.0,0.0
2022-04-13 00:00:00-04:00,23.209999084472656,23.239999771118164,23.010000228881836,23.170000076293945,12800,0.0,0.0
2022-04-14 00:00:00-04:00,23.190000534057617,23.299999237060547,22.770000457763672,23.170000076293945,12100,0.0,0.0
2022-04-18 00:00:00-04:00,23.010000228881836,23.170000076293945,22.950000762939453,23.030000686645508,19200,0.0,0.0
2022-04-19 00:00:00-04:00,22.899999618530273,22.950000762939453,22.850000381469727,22.950000762939453,14400,0.0,0.0
2022-04-20 00:00:00-04:00,22.860000610351562,22.979999542236328,22.739999771118164,22.770000457763672,16100,0.0,0.0
2022-04-21 00:00:00-04:00,22.8799991607666,22.8799991607666,22.389999389648438,22.649999618530273,20700,0.0,0.0
2022-04-22 00:00:00-04:00,22.700000762939453,22.739999771118164,22.510000228881836,22.739999771118164,3200,0.0,0.0
2022-04-25 00:00:00-04:00,22.739999771118164,23.469999313354492,22.700000762939453,22.979999542236328,27200,0.0,0.0
2022-04-26 00:00:00-04:00,23.110000610351562,23.389999389648438,22.920000076293945,23.09000015258789,9900,0.0,0.0
2022-04-27 00:00:00-04:00,23.0,23.149999618530273,22.6200008392334,23.020000457763672,10200,0.0,0.0
2022-04-28 00:00:00-04:00,23.09000015258789,23.1299991607666,22.510000228881836,22.860000610351562,8600,0.0,0.0
2022-04-29 00:00:00-04:00,22.690000534057617,23.360000610351562,22.649999618530273,23.200000762939453,31800,0.0,0.0
2022-05-02 00:00:00-04:00,23.010000228881836,23.010000228881836,22.510000228881836,22.510000228881836,10300,0.0,0.0
2022-05-03 00:00:00-04:00,22.780000686645508,23.030000686645508,22.420000076293945,22.84000015258789,15300,0.0,0.0
2022-05-04 00:00:00-04:00,22.700000762939453,23.3799991607666,22.700000762939453,23.3799991607666,19900,0.0,0.0
2022-05-05 00:00:00-04:00,23.239999771118164,23.239999771118164,22.649999618530273,23.149999618530273,9000,0.0,0.0
2022-05-06 00:00:00-04:00,23.100000381469727,23.100000381469727,22.65999984741211,22.90999984741211,7800,0.0,0.0
2022-05-09 00:00:00-04:00,22.739999771118164,22.989999771118164,22.670000076293945,22.940000534057617,8400,0.0,0.0
2022-05-10 00:00:00-04:00,22.829999923706055,22.899999618530273,22.75,22.8700008392334,12700,0.0,0.0
2022-05-11 00:00:00-04:00,22.969999313354492,22.989999771118164,22.700000762939453,22.979999542236328,5000,0.0,0.0
2022-05-12 00:00:00-04:00,22.850000381469727,23.290000915527344,22.850000381469727,23.290000915527344,5000,0.0,0.0
2022-05-13 00:00:00-04:00,23.100000381469727,23.170000076293945,22.899999618530273,23.170000076293945,3000,0.0,0.0
2022-05-16 00:00:00-04:00,23.0,23.149999618530273,22.950000762939453,23.100000381469727,15300,0.0,0.0
2022-05-17 00:00:00-04:00,23.0,23.110000610351562,22.799999237060547,22.799999237060547,12900,0.0,0.0
2022-05-18 00:00:00-04:00,22.739999771118164,22.989999771118164,22.739999771118164,22.969999313354492,13700,0.0,0.0
2022-05-19 00:00:00-04:00,22.559999465942383,23.09000015258789,22.520000457763672,22.719999313354492,8400,0.0,0.0
2022-05-20 00:00:00-04:00,22.709999084472656,23.0,22.709999084472656,22.8799991607666,10500,0.0,0.0
2022-05-23 00:00:00-04:00,22.950000762939453,23.1299991607666,22.860000610351562,22.920000076293945,11500,0.0,0.0
2022-05-24 00:00:00-04:00,22.979999542236328,23.200000762939453,22.979999542236328,23.09000015258789,3600,0.0,0.0
2022-05-25 00:00:00-04:00,23.170000076293945,23.299999237060547,23.15999984741211,23.260000228881836,15900,0.0,0.0
2022-05-26 00:00:00-04:00,23.299999237060547,23.420000076293945,23.149999618530273,23.290000915527344,8400,0.0,0.0
2022-05-27 00:00:00-04:00,23.3700008392334,23.489999771118164,23.25,23.3799991607666,16900,0.0,0.0
2022-05-31 00:00:00-04:00,23.079999923706055,23.290000915527344,22.850000381469727,22.8700008392334,140800,0.0,0.0
2022-06-01 00:00:00-04:00,22.979999542236328,23.049999237060547,22.860000610351562,23.040000915527344,50500,0.0,0.0
2022-06-02 00:00:00-04:00,22.989999771118164,23.049999237060547,22.950000762939453,23.040000915527344,11400,0.0,0.0
2022-06-03 00:00:00-04:00,22.950000762939453,23.030000686645508,22.950000762939453,22.989999771118164,4000,0.0,0.0
2022-06-06 00:00:00-04:00,22.899999618530273,23.020000457763672,22.850000381469727,22.93000030517578,11800,0.0,0.0
2022-06-07 00:00:00-04:00,22.969999313354492,23.079999923706055,22.860000610351562,23.010000228881836,7100,0.0,0.0
2022-06-08 00:00:00-04:00,22.860000610351562,22.989999771118164,22.799999237060547,22.969999313354492,22800,0.0,0.0
2022-06-09 00:00:00-04:00,22.8700008392334,23.030000686645508,22.81999969482422,22.81999969482422,6700,0.0,0.0
2022-06-10 00:00:00-04:00,22.700000762939453,22.709999084472656,22.260000228881836,22.260000228881836,27800,0.0,0.0
2022-06-13 00:00:00-04:00,22.0,22.0,21.5,21.649999618530273,20900,0.0,0.0
2022-06-14 00:00:00-04:00,21.520000457763672,21.959999084472656,21.40999984741211,21.940000534057617,16900,0.0,0.0
2022-06-15 00:00:00-04:00,21.6200008392334,22.299999237060547,21.600000381469727,21.770000457763672,6200,0.0,0.0
2022-06-16 00:00:00-04:00,21.600000381469727,21.739999771118164,21.5,21.719999313354492,6700,0.0,0.0
2022-06-17 00:00:00-04:00,21.799999237060547,22.219999313354492,21.610000610351562,21.860000610351562,21700,0.0,0.0
2022-06-21 00:00:00-04:00,21.93000030517578,22.030000686645508,21.600000381469727,21.729999542236328,4800,0.0,0.0
2022-06-22 00:00:00-04:00,21.6299991607666,21.84000015258789,21.59000015258789,21.829999923706055,6500,0.0,0.0
2022-06-23 00:00:00-04:00,22.010000228881836,22.299999237060547,21.989999771118164,22.010000228881836,10500,0.0,0.0
2022-06-24 00:00:00-04:00,22.079999923706055,22.229999542236328,21.81999969482422,21.850000381469727,6900,0.0,0.0
2022-06-27 00:00:00-04:00,21.8700008392334,22.0,21.760000228881836,21.93000030517578,4800,0.0,0.0
2022-06-28 00:00:00-04:00,21.799999237060547,22.06999969482422,21.700000762939453,21.850000381469727,13300,0.0,0.0
2022-06-29 00:00:00-04:00,21.950000762939453,21.989999771118164,21.809999465942383,21.899999618530273,9600,0.0,0.0
2022-06-30 00:00:00-04:00,21.81999969482422,22.450000762939453,21.81999969482422,22.15999984741211,28000,0.0,0.0
2022-07-01 00:00:00-04:00,22.329999923706055,22.5,22.299999237060547,22.450000762939453,7000,0.0,0.0
2022-07-05 00:00:00-04:00,22.5,22.540000915527344,22.260000228881836,22.450000762939453,7000,0.0,0.0
2022-07-06 00:00:00-04:00,22.489999771118164,22.649999618530273,22.489999771118164,22.639999389648438,12600,0.0,0.0
2022-07-07 00:00:00-04:00,22.540000915527344,22.540000915527344,22.149999618530273,22.209999084472656,9400,0.0,0.0
2022-07-08 00:00:00-04:00,22.209999084472656,22.280000686645508,22.139999389648438,22.25,2400,0.0,0.0
2022-07-11 00:00:00-04:00,22.25,22.420000076293945,22.200000762939453,22.299999237060547,3500,0.0,0.0
2022-07-12 00:00:00-04:00,22.420000076293945,22.440000534057617,22.149999618530273,22.280000686645508,6400,0.0,0.0
2022-07-13 00:00:00-04:00,22.15999984741211,22.290000915527344,21.969999313354492,22.290000915527344,2300,0.0,0.0
2022-07-14 00:00:00-04:00,22.200000762939453,22.200000762939453,21.889999389648438,22.079999923706055,5000,0.0,0.0
2022-07-15 00:00:00-04:00,22.149999618530273,22.170000076293945,22.06999969482422,22.170000076293945,1300,0.0,0.0
2022-07-18 00:00:00-04:00,22.1200008392334,22.309999465942383,22.1200008392334,22.219999313354492,4800,0.0,0.0
2022-07-19 00:00:00-04:00,22.239999771118164,22.280000686645508,22.15999984741211,22.219999313354492,6200,0.0,0.0
2022-07-20 00:00:00-04:00,22.15999984741211,22.229999542236328,22.15999984741211,22.229999542236328,4000,0.0,0.0
2022-07-21 00:00:00-04:00,22.190000534057617,22.329999923706055,22.149999618530273,22.329999923706055,9000,0.0,0.0
2022-07-22 00:00:00-04:00,22.399999618530273,22.440000534057617,22.170000076293945,22.3799991607666,13500,0.0,0.0
2022-07-25 00:00:00-04:00,22.3799991607666,22.399999618530273,22.219999313354492,22.309999465942383,9800,0.0,0.0
2022-07-26 00:00:00-04:00,22.270000457763672,22.3799991607666,22.200000762939453,22.200000762939453,7900,0.0,0.0
2022-07-27 00:00:00-04:00,22.200000762939453,22.31999969482422,22.200000762939453,22.209999084472656,15600,0.0,0.0
2022-07-28 00:00:00-04:00,22.15999984741211,22.350000381469727,22.1200008392334,22.15999984741211,6800,0.0,0.0
2022-07-29 00:00:00-04:00,22.219999313354492,22.700000762939453,22.219999313354492,22.65999984741211,42700,0.0,0.0
2022-08-01 00:00:00-04:00,22.65999984741211,22.719999313354492,22.489999771118164,22.639999389648438,13200,0.0,0.0
2022-08-02 00:00:00-04:00,22.739999771118164,22.739999771118164,22.3700008392334,22.469999313354492,5600,0.0,0.0
2022-08-03 00:00:00-04:00,22.399999618530273,22.729999542236328,22.399999618530273,22.690000534057617,4800,0.0,0.0
2022-08-04 00:00:00-04:00,22.739999771118164,22.739999771118164,22.3700008392334,22.649999618530273,7800,0.0,0.0
2022-08-05 00:00:00-04:00,22.459999084472656,22.639999389648438,22.329999923706055,22.479999542236328,5000,0.0,0.0
2022-08-08 00:00:00-04:00,22.40999984741211,22.549999237060547,22.31999969482422,22.549999237060547,21500,0.0,0.0
2022-08-09 00:00:00-04:00,22.40999984741211,22.610000610351562,22.299999237060547,22.459999084472656,5500,0.0,0.0
2022-08-10 00:00:00-04:00,22.59000015258789,22.649999618530273,22.3799991607666,22.56999969482422,2600,0.0,0.0
2022-08-11 00:00:00-04:00,22.5,22.5,22.3700008392334,22.40999984741211,6700,0.0,0.0
2022-08-12 00:00:00-04:00,22.459999084472656,22.559999465942383,22.3799991607666,22.479999542236328,12200,0.0,0.0
2022-08-15 00:00:00-04:00,22.389999389648438,22.479999542236328,22.299999237060547,22.350000381469727,11200,0.0,0.0
2022-08-16 00:00:00-04:00,22.43000030517578,22.5,22.200000762939453,22.219999313354492,24700,0.0,0.0
2022-08-17 00:00:00-04:00,22.190000534057617,22.280000686645508,21.969999313354492,22.139999389648438,28000,0.0,0.0
2022-08-18 00:00:00-04:00,22.110000610351562,22.200000762939453,21.989999771118164,22.170000076293945,13600,0.0,0.0
2022-08-19 00:00:00-04:00,21.989999771118164,22.079999923706055,21.989999771118164,22.059999465942383,4500,0.0,0.0
2022-08-22 00:00:00-04:00,22.010000228881836,22.010000228881836,21.899999618530273,21.959999084472656,4900,0.0,0.0
2022-08-23 00:00:00-04:00,21.81999969482422,22.100000381469727,21.81999969482422,21.950000762939453,14200,0.0,0.0
2022-08-24 00:00:00-04:00,21.920000076293945,22.030000686645508,21.719999313354492,21.940000534057617,9500,0.0,0.0
2022-08-25 00:00:00-04:00,21.860000610351562,22.170000076293945,21.84000015258789,22.149999618530273,7500,0.0,0.0
2022-08-26 00:00:00-04:00,22.0,22.09000015258789,21.8799991607666,22.010000228881836,2700,0.0,0.0
2022-08-29 00:00:00-04:00,21.8700008392334,22.0,21.8700008392334,22.0,900,0.0,0.0
2022-08-30 00:00:00-04:00,21.8799991607666,22.09000015258789,21.770000457763672,21.860000610351562,18600,0.0,0.0
2022-08-31 00:00:00-04:00,21.969999313354492,21.969999313354492,21.520000457763672,21.610000610351562,28800,0.0,0.0
2022-09-01 00:00:00-04:00,21.469999313354492,21.59000015258789,21.450000762939453,21.549999237060547,14900,0.0,0.0
2022-09-02 00:00:00-04:00,21.6200008392334,21.68000030517578,21.579999923706055,21.579999923706055,5200,0.0,0.0
2022-09-06 00:00:00-04:00,21.549999237060547,21.639999389648438,21.450000762939453,21.450000762939453,9300,0.0,0.0
2022-09-07 00:00:00-04:00,21.600000381469727,21.649999618530273,21.450000762939453,21.549999237060547,3300,0.0,0.0
2022-09-08 00:00:00-04:00,21.520000457763672,21.59000015258789,21.40999984741211,21.489999771118164,9900,0.0,0.0
2022-09-09 00:00:00-04:00,21.600000381469727,21.829999923706055,21.530000686645508,21.639999389648438,5000,0.0,0.0
2022-09-12 00:00:00-04:00,21.739999771118164,21.760000228881836,21.56999969482422,21.700000762939453,2700,0.0,0.0
2022-09-13 00:00:00-04:00,21.600000381469727,21.68000030517578,21.5,21.5,14000,0.0,0.0
2022-09-14 00:00:00-04:00,21.530000686645508,21.6299991607666,21.469999313354492,21.59000015258789,6000,0.0,0.0
2022-09-15 00:00:00-04:00,21.610000610351562,21.6299991607666,21.510000228881836,21.510000228881836,3900,0.0,0.0
2022-09-16 00:00:00-04:00,21.489999771118164,21.860000610351562,21.489999771118164,21.709999084472656,52100,0.0,0.0
2022-09-19 00:00:00-04:00,21.579999923706055,21.700000762939453,21.43000030517578,21.520000457763672,14000,0.0,0.0
2022-09-20 00:00:00-04:00,21.489999771118164,21.5,21.010000228881836,21.190000534057617,28500,0.0,0.0
2022-09-21 00:00:00-04:00,21.25,21.270000457763672,20.860000610351562,21.1200008392334,19400,0.0,0.0
2022-09-22 00:00:00-04:00,21.100000381469727,21.100000381469727,20.829999923706055,20.889999389648438,12600,0.0,0.0
2022-09-23 00:00:00-04:00,20.75,20.959999084472656,20.5,20.68000030517578,12300,0.0,0.0
2022-09-26 00:00:00-04:00,20.43000030517578,20.739999771118164,20.420000076293945,20.56999969482422,20300,0.0,0.0
2022-09-27 00:00:00-04:00,20.59000015258789,20.75,20.510000228881836,20.75,6000,0.0,0.0
2022-09-28 00:00:00-04:00,20.790000915527344,20.979999542236328,20.690000534057617,20.899999618530273,14000,0.0,0.0
2022-09-29 00:00:00-04:00,20.719999313354492,20.850000381469727,20.6299991607666,20.670000076293945,10800,0.0,0.0
2022-09-30 00:00:00-04:00,20.59000015258789,21.030000686645508,20.59000015258789,21.0,50300,0.0,0.0
2022-10-03 00:00:00-04:00,21.149999618530273,21.18000030517578,20.979999542236328,21.0,5700,0.0,0.0
2022-10-04 00:00:00-04:00,20.93000030517578,21.170000076293945,20.93000030517578,21.110000610351562,6700,0.0,0.0
2022-10-05 00:00:00-04:00,20.979999542236328,21.110000610351562,20.8700008392334,21.010000228881836,13200,0.0,0.0
2022-10-06 00:00:00-04:00,21.010000228881836,21.040000915527344,20.950000762939453,20.969999313354492,10100,0.0,0.0
2022-10-07 00:00:00-04:00,21.0,21.209999084472656,20.799999237060547,21.020000457763672,32800,0.0,0.0
2022-10-10 00:00:00-04:00,21.149999618530273,21.780000686645508,21.049999237060547,21.219999313354492,31700,0.0,0.0
2022-10-11 00:00:00-04:00,21.149999618530273,21.170000076293945,20.739999771118164,21.1299991607666,14500,0.0,0.0
2022-10-12 00:00:00-04:00,21.030000686645508,21.06999969482422,21.0,21.0,8000,0.0,0.0
2022-10-13 00:00:00-04:00,20.5,20.979999542236328,20.5,20.75,30700,0.0,0.0
2022-10-14 00:00:00-04:00,20.639999389648438,20.75,20.639999389648438,20.649999618530273,11500,0.0,0.0
2022-10-17 00:00:00-04:00,20.729999542236328,20.959999084472656,20.459999084472656,20.479999542236328,5500,0.0,0.0
2022-10-18 00:00:00-04:00,20.59000015258789,20.719999313354492,20.15999984741211,20.239999771118164,67900,0.0,0.0
2022-10-19 00:00:00-04:00,20.149999618530273,20.200000762939453,20.010000228881836,20.020000457763672,46900,0.0,0.0
2022-10-20 00:00:00-04:00,20.100000381469727,20.350000381469727,19.860000610351562,19.860000610351562,19600,0.0,0.0
2022-10-21 00:00:00-04:00,19.90999984741211,19.959999084472656,19.81999969482422,19.850000381469727,13700,0.0,0.0
2022-10-24 00:00:00-04:00,20.020000457763672,20.1200008392334,19.809999465942383,19.889999389648438,4200,0.0,0.0
2022-10-25 00:00:00-04:00,19.93000030517578,20.110000610351562,19.899999618530273,20.020000457763672,35100,0.0,0.0
2022-10-26 00:00:00-04:00,19.969999313354492,20.200000762939453,19.969999313354492,20.049999237060547,66600,0.0,0.0
2022-10-27 00:00:00-04:00,20.200000762939453,20.219999313354492,20.1200008392334,20.190000534057617,6700,0.0,0.0
2022-10-28 00:00:00-04:00,20.149999618530273,20.260000228881836,20.059999465942383,20.260000228881836,20000,0.0,0.0
2022-10-31 00:00:00-04:00,20.219999313354492,20.829999923706055,20.219999313354492,20.59000015258789,55400,0.0,0.0
2022-11-01 00:00:00-04:00,20.459999084472656,20.850000381469727,20.399999618530273,20.420000076293945,30400,0.0,0.0
2022-11-02 00:00:00-04:00,20.530000686645508,20.75,20.34000015258789,20.479999542236328,24600,0.0,0.0
2022-11-03 00:00:00-04:00,20.450000762939453,20.719999313354492,20.229999542236328,20.600000381469727,21800,0.0,0.0
2022-11-04 00:00:00-04:00,20.530000686645508,20.65999984741211,20.280000686645508,20.389999389648438,16200,0.0,0.0
2022-11-07 00:00:00-05:00,20.469999313354492,20.610000610351562,20.329999923706055,20.59000015258789,9600,0.0,0.0
2022-11-08 00:00:00-05:00,20.549999237060547,20.700000762939453,20.350000381469727,20.559999465942383,14100,0.0,0.0
2022-11-09 00:00:00-05:00,20.559999465942383,20.8700008392334,20.43000030517578,20.59000015258789,22200,0.0,0.0
2022-11-10 00:00:00-05:00,20.690000534057617,21.170000076293945,20.600000381469727,21.170000076293945,50300,0.0,0.0
2022-11-11 00:00:00-05:00,21.1299991607666,21.389999389648438,20.739999771118164,21.100000381469727,38500,0.0,0.0
2022-11-14 00:00:00-05:00,21.049999237060547,21.200000762939453,20.8799991607666,21.040000915527344,12900,0.0,0.0
2022-11-15 00:00:00-05:00,21.040000915527344,21.170000076293945,20.860000610351562,21.09000015258789,28800,0.0,0.0
2022-11-16 00:00:00-05:00,21.059999465942383,21.239999771118164,20.899999618530273,21.030000686645508,25400,0.0,0.0
2022-11-17 00:00:00-05:00,21.010000228881836,21.110000610351562,20.8799991607666,21.049999237060547,21500,0.0,0.0
2022-11-18 00:00:00-05:00,20.959999084472656,21.06999969482422,20.8700008392334,21.040000915527344,29400,0.0,0.0
2022-11-21 00:00:00-05:00,20.920000076293945,21.020000457763672,20.68000030517578,20.700000762939453,33500,0.0,0.0
2022-11-22 00:00:00-05:00,20.65999984741211,20.940000534057617,20.65999984741211,20.760000228881836,29300,0.0,0.0
2022-11-23 00:00:00-05:00,20.700000762939453,20.950000762939453,20.65999984741211,20.829999923706055,22800,0.0,0.0
2022-11-25 00:00:00-05:00,20.770000457763672,20.8700008392334,20.729999542236328,20.790000915527344,2700,0.0,0.0
2022-11-28 00:00:00-05:00,20.760000228881836,20.8700008392334,20.719999313354492,20.81999969482422,21200,0.0,0.0
2022-11-29 00:00:00-05:00,20.709999084472656,21.059999465942383,20.709999084472656,20.950000762939453,52300,0.0,0.0
2022-11-30 00:00:00-05:00,20.959999084472656,21.190000534057617,20.829999923706055,20.950000762939453,59800,0.0,0.0
2022-12-01 00:00:00-05:00,20.979999542236328,21.18000030517578,20.93000030517578,21.09000015258789,16000,0.0,0.0
2022-12-02 00:00:00-05:00,20.969999313354492,21.18000030517578,20.850000381469727,21.049999237060547,14700,0.0,0.0
2022-12-05 00:00:00-05:00,21.09000015258789,21.149999618530273,20.860000610351562,20.860000610351562,41500,0.0,0.0
2022-12-06 00:00:00-05:00,20.799999237060547,21.0,20.799999237060547,21.0,23700,0.0,0.0
2022-12-07 00:00:00-05:00,21.010000228881836,21.149999618530273,21.0,21.100000381469727,29700,0.0,0.0
2022-12-08 00:00:00-05:00,21.1299991607666,21.299999237060547,21.09000015258789,21.229999542236328,23600,0.0,0.0
2022-12-09 00:00:00-05:00,21.200000762939453,21.239999771118164,21.020000457763672,21.1299991607666,24000,0.0,0.0
2022-12-12 00:00:00-05:00,21.049999237060547,21.06999969482422,20.969999313354492,20.979999542236328,17800,0.0,0.0
2022-12-13 00:00:00-05:00,21.100000381469727,21.299999237060547,21.079999923706055,21.229999542236328,29100,0.0,0.0
2022-12-14 00:00:00-05:00,21.170000076293945,21.34000015258789,21.139999389648438,21.329999923706055,15900,0.0,0.0
2022-12-15 00:00:00-05:00,21.18000030517578,21.299999237060547,21.149999618530273,21.299999237060547,9700,0.0,0.0
2022-12-16 00:00:00-05:00,21.170000076293945,21.299999237060547,21.079999923706055,21.219999313354492,19100,0.0,0.0
2022-12-19 00:00:00-05:00,21.079999923706055,21.18000030517578,20.950000762939453,21.18000030517578,12100,0.0,0.0
2022-12-20 00:00:00-05:00,21.030000686645508,21.139999389648438,20.8700008392334,20.989999771118164,10500,0.0,0.0
2022-12-21 00:00:00-05:00,21.0,21.18000030517578,20.90999984741211,21.1299991607666,8300,0.0,0.0
2022-12-22 00:00:00-05:00,21.110000610351562,21.1299991607666,20.739999771118164,20.940000534057617,16600,0.0,0.0
2022-12-23 00:00:00-05:00,20.850000381469727,20.93000030517578,20.610000610351562,20.790000915527344,18500,0.0,0.0
2022-12-27 00:00:00-05:00,20.709999084472656,20.829999923706055,20.68000030517578,20.760000228881836,12400,0.0,0.0
2022-12-28 00:00:00-05:00,20.799999237060547,20.920000076293945,20.649999618530273,20.850000381469727,15900,0.0,0.0
2022-12-29 00:00:00-05:00,20.75,21.25,20.700000762939453,21.100000381469727,16400,0.0,0.0
2022-12-30 00:00:00-05:00,20.940000534057617,22.190000534057617,20.899999618530273,21.8700008392334,298200,0.0,0.0
2023-01-03 00:00:00-05:00,21.8799991607666,22.100000381469727,21.760000228881836,21.829999923706055,28200,0.0,0.0
2023-01-04 00:00:00-05:00,21.829999923706055,22.0,21.760000228881836,21.93000030517578,5600,0.0,0.0
2023-01-05 00:00:00-05:00,21.799999237060547,21.889999389648438,21.700000762939453,21.739999771118164,30300,0.0,0.0
2023-01-06 00:00:00-05:00,21.729999542236328,22.059999465942383,21.729999542236328,21.889999389648438,6900,0.0,0.0
2023-01-09 00:00:00-05:00,21.989999771118164,22.0,21.780000686645508,21.84000015258789,6100,0.0,0.0
2023-01-10 00:00:00-05:00,21.84000015258789,22.030000686645508,21.739999771118164,21.920000076293945,9900,0.0,0.0
2023-01-11 00:00:00-05:00,21.8799991607666,22.18000030517578,21.860000610351562,22.110000610351562,9300,0.0,0.0
2023-01-12 00:00:00-05:00,22.1299991607666,22.270000457763672,21.899999618530273,22.170000076293945,7300,0.0,0.0
2023-01-13 00:00:00-05:00,22.139999389648438,22.329999923706055,21.860000610351562,21.860000610351562,22200,0.0,0.0
2023-01-17 00:00:00-05:00,22.040000915527344,22.15999984741211,21.709999084472656,22.010000228881836,10800,0.0,0.0
2023-01-18 00:00:00-05:00,22.1200008392334,22.1299991607666,21.93000030517578,22.010000228881836,18300,0.0,0.0
2023-01-19 00:00:00-05:00,21.899999618530273,22.15999984741211,21.8700008392334,21.899999618530273,11200,0.0,0.0
2023-01-20 00:00:00-05:00,21.8700008392334,22.030000686645508,21.75,21.809999465942383,11500,0.0,0.0
2023-01-23 00:00:00-05:00,21.829999923706055,22.149999618530273,21.770000457763672,21.989999771118164,17300,0.0,0.0
2023-01-24 00:00:00-05:00,21.950000762939453,21.950000762939453,21.65999984741211,21.65999984741211,4900,0.0,0.0
2023-01-25 00:00:00-05:00,21.690000534057617,22.100000381469727,21.690000534057617,22.06999969482422,17600,0.0,0.0
2023-01-26 00:00:00-05:00,22.049999237060547,22.209999084472656,22.049999237060547,22.200000762939453,12000,0.0,0.0
2023-01-27 00:00:00-05:00,22.200000762939453,22.309999465942383,21.969999313354492,22.059999465942383,7500,0.0,0.0
2023-01-30 00:00:00-05:00,21.790000915527344,21.979999542236328,21.709999084472656,21.8700008392334,6800,0.0,0.0
2023-01-31 00:00:00-05:00,21.979999542236328,21.979999542236328,21.579999923706055,21.6200008392334,57400,0.0,0.0
2023-02-01 00:00:00-05:00,21.670000076293945,21.950000762939453,21.600000381469727,21.899999618530273,17500,0.0,0.0
2023-02-02 00:00:00-05:00,21.899999618530273,22.149999618530273,21.829999923706055,22.040000915527344,9100,0.0,0.0
2023-02-03 00:00:00-05:00,21.829999923706055,21.979999542236328,21.639999389648438,21.799999237060547,10200,0.0,0.0
2023-02-06 00:00:00-05:00,21.670000076293945,21.75,21.40999984741211,21.549999237060547,14400,0.0,0.0
2023-02-07 00:00:00-05:00,21.40999984741211,21.510000228881836,21.25,21.360000610351562,14200,0.0,0.0
2023-02-08 00:00:00-05:00,21.190000534057617,21.360000610351562,21.190000534057617,21.290000915527344,7300,0.0,0.0
2023-02-09 00:00:00-05:00,21.290000915527344,21.600000381469727,21.219999313354492,21.25,9900,0.0,0.0
2023-02-10 00:00:00-05:00,21.360000610351562,21.360000610351562,21.049999237060547,21.079999923706055,11800,0.0,0.0
2023-02-13 00:00:00-05:00,21.1299991607666,21.290000915527344,21.059999465942383,21.25,18000,0.0,0.0
2023-02-14 00:00:00-05:00,21.229999542236328,21.40999984741211,21.139999389648438,21.270000457763672,18600,0.0,0.0
2023-02-15 00:00:00-05:00,21.209999084472656,21.479999542236328,21.170000076293945,21.280000686645508,9400,0.0,0.0
2023-02-16 00:00:00-05:00,21.25,21.3799991607666,21.170000076293945,21.170000076293945,9000,0.0,0.0
2023-02-17 00:00:00-05:00,21.219999313354492,21.280000686645508,21.139999389648438,21.190000534057617,8500,0.0,0.0
2023-02-21 00:00:00-05:00,21.049999237060547,21.229999542236328,20.93000030517578,20.969999313354492,11800,0.0,0.0
2023-02-22 00:00:00-05:00,21.030000686645508,21.15999984741211,20.959999084472656,21.110000610351562,8300,0.0,0.0
2023-02-23 00:00:00-05:00,21.110000610351562,21.280000686645508,21.110000610351562,21.200000762939453,12400,0.0,0.0
2023-02-24 00:00:00-05:00,21.059999465942383,21.260000228881836,21.040000915527344,21.049999237060547,9200,0.0,0.0
2023-02-27 00:00:00-05:00,21.149999618530273,21.280000686645508,21.079999923706055,21.25,9700,0.0,0.0
2023-02-28 00:00:00-05:00,21.25,21.809999465942383,20.969999313354492,21.809999465942383,56600,0.0,0.0
2023-03-01 00:00:00-05:00,21.639999389648438,21.639999389648438,21.170000076293945,21.170000076293945,10100,0.0,0.0
2023-03-02 00:00:00-05:00,21.209999084472656,21.3799991607666,21.010000228881836,21.059999465942383,12900,0.0,0.0
2023-03-03 00:00:00-05:00,21.209999084472656,21.3799991607666,21.0,21.350000381469727,7200,0.0,0.0
2023-03-06 00:00:00-05:00,21.229999542236328,21.479999542236328,21.229999542236328,21.350000381469727,5100,0.0,0.0
2023-03-07 00:00:00-05:00,21.290000915527344,21.479999542236328,21.290000915527344,21.34000015258789,20800,0.0,0.0
2023-03-08 00:00:00-05:00,21.3799991607666,21.420000076293945,21.010000228881836,21.219999313354492,6400,0.0,0.0
2023-03-09 00:00:00-05:00,21.299999237060547,21.299999237060547,20.950000762939453,20.950000762939453,17000,0.0,0.0
2023-03-10 00:00:00-05:00,20.979999542236328,21.25,20.950000762939453,21.059999465942383,17900,0.0,0.0
2023-03-13 00:00:00-04:00,20.920000076293945,21.479999542236328,20.920000076293945,21.34000015258789,3100,0.0,0.0
2023-03-14 00:00:00-04:00,21.219999313354492,21.31999969482422,20.950000762939453,21.18000030517578,22400,0.0,0.0
2023-03-15 00:00:00-04:00,21.100000381469727,21.299999237060547,21.100000381469727,21.260000228881836,10600,0.0,0.0
2023-03-16 00:00:00-04:00,21.309999465942383,21.540000915527344,21.309999465942383,21.540000915527344,9500,0.0,0.0
2023-03-17 00:00:00-04:00,21.43000030517578,21.829999923706055,21.280000686645508,21.510000228881836,18800,0.0,0.0
2023-03-20 00:00:00-04:00,21.520000457763672,21.670000076293945,21.329999923706055,21.510000228881836,6500,0.0,0.0
2023-03-21 00:00:00-04:00,21.3799991607666,21.649999618530273,21.350000381469727,21.3799991607666,9300,0.0,0.0
2023-03-22 00:00:00-04:00,21.31999969482422,21.59000015258789,21.31999969482422,21.420000076293945,8000,0.0,0.0
2023-03-23 00:00:00-04:00,21.860000610351562,21.8700008392334,21.440000534057617,21.6299991607666,12300,0.0,0.0
2023-03-24 00:00:00-04:00,21.540000915527344,21.780000686645508,21.459999084472656,21.68000030517578,4700,0.0,0.0
2023-03-27 00:00:00-04:00,21.469999313354492,21.540000915527344,21.3799991607666,21.479999542236328,4700,0.0,0.0
2023-03-28 00:00:00-04:00,21.40999984741211,21.530000686645508,21.260000228881836,21.389999389648438,12000,0.0,0.0
2023-03-29 00:00:00-04:00,21.520000457763672,21.639999389648438,21.290000915527344,21.3700008392334,14900,0.0,0.0
2023-03-30 00:00:00-04:00,21.309999465942383,21.5,21.209999084472656,21.3700008392334,14300,0.0,0.0
2023-03-31 00:00:00-04:00,21.520000457763672,21.780000686645508,21.1299991607666,21.15999984741211,103400,0.0,0.0
2023-04-03 00:00:00-04:00,21.25,21.520000457763672,21.25,21.450000762939453,44200,0.0,0.0
2023-04-04 00:00:00-04:00,21.399999618530273,21.5,21.389999389648438,21.5,12600,0.0,0.0
2023-04-05 00:00:00-04:00,21.399999618530273,21.579999923706055,21.399999618530273,21.510000228881836,12100,0.0,0.0
2023-04-06 00:00:00-04:00,21.510000228881836,21.540000915527344,21.399999618530273,21.520000457763672,25400,0.0,0.0
2023-04-10 00:00:00-04:00,21.479999542236328,21.540000915527344,21.280000686645508,21.479999542236328,14300,0.0,0.0
2023-04-11 00:00:00-04:00,21.5,21.6200008392334,21.399999618530273,21.5,15000,0.0,0.0
2023-04-12 00:00:00-04:00,21.530000686645508,21.600000381469727,21.479999542236328,21.549999237060547,7100,0.0,0.0
2023-04-13 00:00:00-04:00,21.450000762939453,21.540000915527344,21.450000762939453,21.510000228881836,17200,0.0,0.0
2023-04-14 00:00:00-04:00,21.510000228881836,21.510000228881836,21.34000015258789,21.3799991607666,24600,0.0,0.0
2023-04-17 00:00:00-04:00,21.520000457763672,21.520000457763672,21.3700008392334,21.450000762939453,10700,0.0,0.0
2023-04-18 00:00:00-04:00,21.389999389648438,21.420000076293945,21.389999389648438,21.420000076293945,5200,0.0,0.0
2023-04-19 00:00:00-04:00,21.399999618530273,21.459999084472656,21.350000381469727,21.450000762939453,9200,0.0,0.0
2023-04-20 00:00:00-04:00,21.420000076293945,21.579999923706055,21.420000076293945,21.520000457763672,17700,0.0,0.0
2023-04-21 00:00:00-04:00,21.549999237060547,21.639999389648438,21.43000030517578,21.639999389648438,12100,0.0,0.0
2023-04-24 00:00:00-04:00,21.6200008392334,21.760000228881836,21.600000381469727,21.649999618530273,12400,0.0,0.0
2023-04-25 00:00:00-04:00,21.579999923706055,21.770000457763672,21.479999542236328,21.479999542236328,14800,0.0,0.0
2023-04-26 00:00:00-04:00,21.600000381469727,21.719999313354492,21.450000762939453,21.59000015258789,9000,0.0,0.0
2023-04-27 00:00:00-04:00,21.709999084472656,21.709999084472656,21.479999542236328,21.610000610351562,4200,0.0,0.0
2023-04-28 00:00:00-04:00,21.649999618530273,21.829999923706055,21.510000228881836,21.75,23200,0.0,0.0
2023-05-01 00:00:00-04:00,21.780000686645508,21.81999969482422,21.469999313354492,21.469999313354492,8200,0.0,0.0
2023-05-02 00:00:00-04:00,21.579999923706055,21.670000076293945,21.420000076293945,21.649999618530273,11700,0.0,0.0
2023-05-03 00:00:00-04:00,21.65999984741211,21.709999084472656,21.610000610351562,21.700000762939453,7100,0.0,0.0
2023-05-04 00:00:00-04:00,21.670000076293945,21.780000686645508,21.459999084472656,21.549999237060547,10100,0.0,0.0
2023-05-05 00:00:00-04:00,21.520000457763672,21.530000686645508,21.450000762939453,21.5,12000,0.0,0.0
2023-05-08 00:00:00-04:00,21.459999084472656,21.459999084472656,21.299999237060547,21.3799991607666,6700,0.0,0.0
2023-05-09 00:00:00-04:00,21.350000381469727,21.510000228881836,21.110000610351562,21.399999618530273,21800,0.0,0.0
2023-05-10 00:00:00-04:00,21.399999618530273,21.6299991607666,21.329999923706055,21.59000015258789,12900,0.0,0.0
2023-05-11 00:00:00-04:00,21.3799991607666,21.6200008392334,21.3799991607666,21.5,7200,0.0,0.0
2023-05-12 00:00:00-04:00,21.389999389648438,21.600000381469727,21.389999389648438,21.600000381469727,11000,0.0,0.0
2023-05-15 00:00:00-04:00,21.479999542236328,21.59000015258789,21.469999313354492,21.59000015258789,6500,0.0,0.0
2023-05-16 00:00:00-04:00,21.510000228881836,21.639999389648438,21.3700008392334,21.549999237060547,6700,0.0,0.0
2023-05-17 00:00:00-04:00,21.610000610351562,21.719999313354492,21.389999389648438,21.700000762939453,21800,0.0,0.0
2023-05-18 00:00:00-04:00,21.65999984741211,21.739999771118164,21.559999465942383,21.639999389648438,23600,0.0,0.0
2023-05-19 00:00:00-04:00,21.719999313354492,21.729999542236328,21.600000381469727,21.68000030517578,17400,0.0,0.0
2023-05-22 00:00:00-04:00,21.549999237060547,21.729999542236328,21.549999237060547,21.65999984741211,13100,0.0,0.0
2023-05-23 00:00:00-04:00,21.65999984741211,21.899999618530273,21.65999984741211,21.760000228881836,16600,0.0,0.0
2023-05-24 00:00:00-04:00,21.709999084472656,21.860000610351562,21.709999084472656,21.809999465942383,7500,0.0,0.0
2023-05-25 00:00:00-04:00,21.709999084472656,21.809999465942383,21.549999237060547,21.549999237060547,6100,0.0,0.0
2023-05-26 00:00:00-04:00,21.5,21.770000457763672,21.450000762939453,21.670000076293945,22700,0.0,0.0
2023-05-30 00:00:00-04:00,21.75,21.75,21.610000610351562,21.700000762939453,4700,0.0,0.0
2023-05-31 00:00:00-04:00,21.770000457763672,21.989999771118164,21.559999465942383,21.989999771118164,32400,0.0,0.0
2023-06-01 00:00:00-04:00,21.889999389648438,21.989999771118164,21.739999771118164,21.799999237060547,7300,0.0,0.0
2023-06-02 00:00:00-04:00,21.75,21.959999084472656,21.75,21.959999084472656,6800,0.0,0.0
2023-06-05 00:00:00-04:00,21.899999618530273,21.959999084472656,21.770000457763672,21.780000686645508,10400,0.0,0.0
2023-06-06 00:00:00-04:00,21.719999313354492,21.920000076293945,21.719999313354492,21.770000457763672,9600,0.0,0.0
2023-06-07 00:00:00-04:00,21.649999618530273,21.719999313354492,21.469999313354492,21.510000228881836,13900,0.0,0.0
2023-06-08 00:00:00-04:00,21.6299991607666,21.6299991607666,21.530000686645508,21.600000381469727,4400,0.0,0.0
2023-06-09 00:00:00-04:00,21.530000686645508,21.780000686645508,21.520000457763672,21.520000457763672,9100,0.0,0.0
2023-06-12 00:00:00-04:00,21.889999389648438,21.889999389648438,21.360000610351562,21.420000076293945,7700,0.0,0.0
2023-06-13 00:00:00-04:00,21.510000228881836,21.579999923706055,21.43000030517578,21.479999542236328,6700,0.0,0.0
2023-06-14 00:00:00-04:00,21.469999313354492,21.540000915527344,21.440000534057617,21.450000762939453,10000,0.0,0.0
2023-06-15 00:00:00-04:00,21.420000076293945,21.6200008392334,21.420000076293945,21.5,7200,0.0,0.0
2023-06-16 00:00:00-04:00,21.510000228881836,21.65999984741211,21.489999771118164,21.59000015258789,10300,0.0,0.0
2023-06-20 00:00:00-04:00,21.559999465942383,21.700000762939453,21.559999465942383,21.610000610351562,6600,0.0,0.0
2023-06-21 00:00:00-04:00,21.649999618530273,21.670000076293945,21.549999237060547,21.6200008392334,5100,0.0,0.0
2023-06-22 00:00:00-04:00,21.559999465942383,21.6299991607666,21.549999237060547,21.579999923706055,2300,0.0,0.0
2023-06-23 00:00:00-04:00,21.549999237060547,21.649999618530273,21.549999237060547,21.559999465942383,6700,0.0,0.0
2023-06-26 00:00:00-04:00,21.56999969482422,21.700000762939453,21.56999969482422,21.59000015258789,5400,0.0,0.0
2023-06-27 00:00:00-04:00,21.719999313354492,21.729999542236328,21.579999923706055,21.649999618530273,9600,0.0,0.0
2023-06-28 00:00:00-04:00,21.610000610351562,21.719999313354492,21.600000381469727,21.719999313354492,11100,0.0,0.0
2023-06-29 00:00:00-04:00,21.719999313354492,21.739999771118164,21.549999237060547,21.670000076293945,36100,0.0,0.0
2023-06-30 00:00:00-04:00,21.75,22.010000228881836,21.600000381469727,22.010000228881836,102800,0.0,0.0
2023-07-03 00:00:00-04:00,21.84000015258789,21.899999618530273,21.770000457763672,21.8700008392334,7500,0.0,0.0
2023-07-05 00:00:00-04:00,21.75,21.93000030517578,21.68000030517578,21.690000534057617,12700,0.0,0.0
2023-07-06 00:00:00-04:00,21.610000610351562,21.68000030517578,21.450000762939453,21.459999084472656,6900,0.0,0.0
2023-07-07 00:00:00-04:00,21.350000381469727,21.670000076293945,21.350000381469727,21.540000915527344,10200,0.0,0.0
2023-07-10 00:00:00-04:00,21.420000076293945,21.690000534057617,21.420000076293945,21.549999237060547,5300,0.0,0.0
2023-07-11 00:00:00-04:00,21.5,21.649999618530273,21.5,21.639999389648438,3000,0.0,0.0
2023-07-12 00:00:00-04:00,21.6200008392334,21.81999969482422,21.6200008392334,21.739999771118164,3200,0.0,0.0
2023-07-13 00:00:00-04:00,21.690000534057617,21.84000015258789,21.690000534057617,21.719999313354492,4500,0.0,0.0
2023-07-14 00:00:00-04:00,21.799999237060547,21.799999237060547,21.579999923706055,21.579999923706055,1600,0.0,0.0
2023-07-17 00:00:00-04:00,21.59000015258789,21.700000762939453,21.450000762939453,21.6200008392334,24100,0.0,0.0
2023-07-18 00:00:00-04:00,21.719999313354492,21.719999313354492,21.549999237060547,21.59000015258789,3600,0.0,0.0
2023-07-19 00:00:00-04:00,21.639999389648438,21.93000030517578,21.549999237060547,21.600000381469727,8100,0.0,0.0
2023-07-20 00:00:00-04:00,21.600000381469727,21.6200008392334,21.43000030517578,21.43000030517578,15900,0.0,0.0
2023-07-21 00:00:00-04:00,21.459999084472656,21.559999465942383,21.459999084472656,21.530000686645508,1800,0.0,0.0
2023-07-24 00:00:00-04:00,21.530000686645508,21.530000686645508,21.43000030517578,21.5,9100,0.0,0.0
2023-07-25 00:00:00-04:00,21.420000076293945,21.6200008392334,21.389999389648438,21.459999084472656,15600,0.0,0.0
2023-07-26 00:00:00-04:00,21.43000030517578,21.549999237060547,21.389999389648438,21.510000228881836,6000,0.0,0.0
2023-07-27 00:00:00-04:00,21.56999969482422,21.65999984741211,21.459999084472656,21.479999542236328,21200,0.0,0.0
2023-07-28 00:00:00-04:00,21.389999389648438,21.440000534057617,21.329999923706055,21.399999618530273,9500,0.0,0.0
2023-07-31 00:00:00-04:00,21.459999084472656,21.56999969482422,21.34000015258789,21.440000534057617,19200,0.0,0.0
2023-08-01 00:00:00-04:00,21.3700008392334,21.3700008392334,21.299999237060547,21.31999969482422,8200,0.0,0.0
2023-08-02 00:00:00-04:00,21.280000686645508,21.280000686645508,21.170000076293945,21.229999542236328,15300,0.0,0.0
2023-08-03 00:00:00-04:00,21.139999389648438,21.190000534057617,21.079999923706055,21.110000610351562,7900,0.0,0.0
2023-08-04 00:00:00-04:00,21.110000610351562,21.280000686645508,21.09000015258789,21.15999984741211,9700,0.0,0.0
2023-08-07 00:00:00-04:00,21.239999771118164,21.239999771118164,21.100000381469727,21.1299991607666,12500,0.0,0.0
2023-08-08 00:00:00-04:00,21.1200008392334,21.18000030517578,21.100000381469727,21.149999618530273,4800,0.0,0.0
2023-08-09 00:00:00-04:00,21.149999618530273,21.219999313354492,21.139999389648438,21.209999084472656,11100,0.0,0.0
2023-08-10 00:00:00-04:00,21.239999771118164,21.270000457763672,21.1299991607666,21.170000076293945,10200,0.0,0.0
2023-08-11 00:00:00-04:00,21.149999618530273,21.219999313354492,21.100000381469727,21.139999389648438,5200,0.0,0.0
2023-08-14 00:00:00-04:00,21.100000381469727,21.200000762939453,21.09000015258789,21.18000030517578,19800,0.0,0.0
2023-08-15 00:00:00-04:00,21.1299991607666,21.149999618530273,21.09000015258789,21.09000015258789,6600,0.0,0.0
2023-08-16 00:00:00-04:00,21.079999923706055,21.1299991607666,21.010000228881836,21.09000015258789,16400,0.0,0.0
2023-08-17 00:00:00-04:00,21.059999465942383,21.079999923706055,21.0,21.049999237060547,34100,0.0,0.0
2023-08-18 00:00:00-04:00,21.010000228881836,21.06999969482422,21.0,21.030000686645508,16000,0.0,0.0
2023-08-21 00:00:00-04:00,21.010000228881836,21.079999923706055,20.90999984741211,20.93000030517578,7400,0.0,0.0
2023-08-22 00:00:00-04:00,20.959999084472656,21.040000915527344,20.90999984741211,20.950000762939453,10100,0.0,0.0
2023-08-23 00:00:00-04:00,21.0,21.100000381469727,20.93000030517578,21.049999237060547,35100,0.0,0.0
2023-08-24 00:00:00-04:00,21.09000015258789,21.09000015258789,21.0,21.049999237060547,28200,0.0,0.0
2023-08-25 00:00:00-04:00,21.020000457763672,21.049999237060547,21.010000228881836,21.049999237060547,3600,0.0,0.0
2023-08-28 00:00:00-04:00,21.059999465942383,21.079999923706055,21.0,21.030000686645508,11400,0.0,0.0
2023-08-29 00:00:00-04:00,20.969999313354492,21.149999618530273,20.969999313354492,21.079999923706055,44000,0.0,0.0
2023-08-30 00:00:00-04:00,21.079999923706055,21.1299991607666,21.020000457763672,21.079999923706055,32300,0.0,0.0
2023-08-31 00:00:00-04:00,21.110000610351562,21.229999542236328,21.030000686645508,21.100000381469727,73600,0.0,0.0
2023-09-01 00:00:00-04:00,21.1299991607666,21.1299991607666,21.030000686645508,21.100000381469727,38000,0.0,0.0
2023-09-05 00:00:00-04:00,21.040000915527344,21.059999465942383,20.90999984741211,20.93000030517578,90500,0.0,0.0
2023-09-06 00:00:00-04:00,20.940000534057617,21.020000457763672,20.899999618530273,20.93000030517578,43400,0.0,0.0
2023-09-07 00:00:00-04:00,20.850000381469727,20.959999084472656,20.850000381469727,20.90999984741211,98100,0.0,0.0
2023-09-08 00:00:00-04:00,20.90999984741211,21.1200008392334,20.899999618530273,21.100000381469727,100300,0.0,0.0
2023-09-11 00:00:00-04:00,21.06999969482422,21.149999618530273,21.06999969482422,21.1299991607666,27700,0.0,0.0
2023-09-12 00:00:00-04:00,21.09000015258789,21.239999771118164,21.09000015258789,21.239999771118164,149900,0.0,0.0
2023-09-13 00:00:00-04:00,21.209999084472656,21.329999923706055,21.209999084472656,21.299999237060547,21700,0.0,0.0
2023-09-14 00:00:00-04:00,21.299999237060547,21.399999618530273,21.270000457763672,21.3700008392334,18400,0.0,0.0
2023-09-15 00:00:00-04:00,21.3700008392334,21.399999618530273,21.299999237060547,21.350000381469727,5300,0.0,0.0
2023-09-18 00:00:00-04:00,21.299999237060547,21.5,21.25,21.399999618530273,22200,0.0,0.0
2023-09-19 00:00:00-04:00,21.309999465942383,21.43000030517578,21.290000915527344,21.389999389648438,11000,0.0,0.0
2023-09-20 00:00:00-04:00,21.479999542236328,21.479999542236328,21.389999389648438,21.399999618530273,4800,0.0,0.0
2023-09-21 00:00:00-04:00,21.280000686645508,21.3799991607666,21.1200008392334,21.190000534057617,19900,0.0,0.0
2023-09-22 00:00:00-04:00,21.18000030517578,21.290000915527344,21.18000030517578,21.270000457763672,3800,0.0,0.0
2023-09-25 00:00:00-04:00,21.280000686645508,21.280000686645508,21.110000610351562,21.149999618530273,4400,0.0,0.0
2023-09-26 00:00:00-04:00,21.1299991607666,21.31999969482422,21.1200008392334,21.219999313354492,14900,0.0,0.0
2023-09-27 00:00:00-04:00,21.219999313354492,21.299999237060547,21.040000915527344,21.1299991607666,34400,0.0,0.0
2023-09-28 00:00:00-04:00,21.040000915527344,21.229999542236328,20.969999313354492,21.040000915527344,59200,0.0,0.0
2023-09-29 00:00:00-04:00,21.139999389648438,21.149999618530273,20.860000610351562,20.860000610351562,125000,0.0,0.0
2023-10-02 00:00:00-04:00,20.899999618530273,21.1299991607666,20.8700008392334,20.969999313354492,28300,0.0,0.0
2023-10-03 00:00:00-04:00,20.84000015258789,20.850000381469727,20.719999313354492,20.790000915527344,25000,0.0,0.0
2023-10-04 00:00:00-04:00,20.829999923706055,21.010000228881836,20.829999923706055,20.950000762939453,22300,0.0,0.0
2023-10-05 00:00:00-04:00,20.950000762939453,21.049999237060547,20.950000762939453,21.0,13900,0.0,0.0
2023-10-06 00:00:00-04:00,20.8799991607666,21.170000076293945,20.8799991607666,20.93000030517578,10000,0.0,0.0
2023-10-09 00:00:00-04:00,21.040000915527344,21.170000076293945,20.979999542236328,21.079999923706055,9400,0.0,0.0
2023-10-10 00:00:00-04:00,21.06999969482422,21.18000030517578,21.010000228881836,21.040000915527344,16800,0.0,0.0
2023-10-11 00:00:00-04:00,21.079999923706055,21.229999542236328,20.8700008392334,21.170000076293945,50300,0.0,0.0
2023-10-12 00:00:00-04:00,21.18000030517578,21.34000015258789,21.1299991607666,21.209999084472656,64700,0.0,0.0
2023-10-13 00:00:00-04:00,21.299999237060547,21.299999237060547,21.200000762939453,21.280000686645508,6300,0.0,0.0
2023-10-16 00:00:00-04:00,21.219999313354492,21.219999313354492,21.110000610351562,21.18000030517578,11700,0.0,0.0
2023-10-17 00:00:00-04:00,21.170000076293945,21.170000076293945,20.790000915527344,20.860000610351562,22600,0.0,0.0
2023-10-18 00:00:00-04:00,20.850000381469727,21.1200008392334,20.850000381469727,20.860000610351562,10800,0.0,0.0
2023-10-19 00:00:00-04:00,20.889999389648438,20.989999771118164,20.850000381469727,20.8799991607666,9300,0.0,0.0
2023-10-20 00:00:00-04:00,20.799999237060547,20.989999771118164,20.799999237060547,20.860000610351562,15300,0.0,0.0
2023-10-23 00:00:00-04:00,20.850000381469727,21.0,20.799999237060547,20.989999771118164,9200,0.0,0.0
2023-10-24 00:00:00-04:00,20.899999618530273,21.030000686645508,20.84000015258789,20.959999084472656,10200,0.0,0.0
2023-10-25 00:00:00-04:00,20.8700008392334,20.940000534057617,20.790000915527344,20.790000915527344,13500,0.0,0.0
2023-10-26 00:00:00-04:00,20.829999923706055,21.020000457763672,20.799999237060547,21.020000457763672,9200,0.0,0.0
2023-10-27 00:00:00-04:00,20.920000076293945,21.170000076293945,20.899999618530273,21.170000076293945,14500,0.0,0.0
2023-10-30 00:00:00-04:00,20.920000076293945,21.06999969482422,20.84000015258789,21.059999465942383,19400,0.0,0.0
2023-10-31 00:00:00-04:00,20.969999313354492,21.299999237060547,20.969999313354492,21.260000228881836,22100,0.0,0.0
2023-11-01 00:00:00-04:00,21.239999771118164,21.3700008392334,21.200000762939453,21.350000381469727,18300,0.0,0.0
2023-11-02 00:00:00-04:00,21.350000381469727,21.5,21.280000686645508,21.309999465942383,26000,0.0,0.0
2023-11-03 00:00:00-04:00,21.34000015258789,21.829999923706055,21.329999923706055,21.489999771118164,15700,0.0,0.0
2023-11-06 00:00:00-05:00,21.309999465942383,21.459999084472656,21.25,21.25,8400,0.0,0.0
2023-11-07 00:00:00-05:00,21.239999771118164,21.299999237060547,21.100000381469727,21.209999084472656,14000,0.0,0.0
2023-11-08 00:00:00-05:00,21.170000076293945,21.270000457763672,21.100000381469727,21.229999542236328,21500,0.0,0.0
2023-11-09 00:00:00-05:00,21.31999969482422,21.31999969482422,21.0,21.079999923706055,10100,0.0,0.0
2023-11-10 00:00:00-05:00,21.200000762939453,21.229999542236328,21.010000228881836,21.170000076293945,5400,0.0,0.0
2023-11-13 00:00:00-05:00,21.1200008392334,21.229999542236328,21.100000381469727,21.100000381469727,15700,0.0,0.0
2023-11-14 00:00:00-05:00,21.25,21.56999969482422,21.010000228881836,21.25,12400,0.0,0.0
2023-11-15 00:00:00-05:00,21.350000381469727,21.479999542236328,21.149999618530273,21.190000534057617,12100,0.0,0.0
2023-11-16 00:00:00-05:00,21.18000030517578,21.420000076293945,21.18000030517578,21.219999313354492,12700,0.0,0.0
2023-11-17 00:00:00-05:00,21.25,21.389999389648438,21.209999084472656,21.25,10100,0.0,0.0
2023-11-20 00:00:00-05:00,21.209999084472656,21.350000381469727,21.209999084472656,21.239999771118164,10900,0.0,0.0
2023-11-21 00:00:00-05:00,21.239999771118164,21.399999618530273,21.219999313354492,21.3799991607666,10800,0.0,0.0
2023-11-22 00:00:00-05:00,21.559999465942383,21.559999465942383,21.25,21.31999969482422,18700,0.0,0.0
2023-11-24 00:00:00-05:00,21.290000915527344,21.399999618530273,21.25,21.260000228881836,2900,0.0,0.0
2023-11-27 00:00:00-05:00,21.31999969482422,21.420000076293945,21.219999313354492,21.299999237060547,10800,0.0,0.0
2023-11-28 00:00:00-05:00,21.280000686645508,21.469999313354492,21.280000686645508,21.450000762939453,17300,0.0,0.0
2023-11-29 00:00:00-05:00,21.59000015258789,21.59000015258789,21.399999618530273,21.510000228881836,33400,0.0,0.0
2023-11-30 00:00:00-05:00,21.489999771118164,21.8799991607666,21.459999084472656,21.850000381469727,87300,0.0,0.0
2023-12-01 00:00:00-05:00,21.81999969482422,21.979999542236328,21.65999984741211,21.93000030517578,25800,0.0,0.0
2023-12-04 00:00:00-05:00,21.75,21.959999084472656,21.6299991607666,21.75,16400,0.0,0.0
2023-12-05 00:00:00-05:00,21.670000076293945,21.969999313354492,21.670000076293945,21.75,18100,0.0,0.0
2023-12-06 00:00:00-05:00,21.799999237060547,21.940000534057617,21.75,21.850000381469727,10300,0.0,0.0
2023-12-07 00:00:00-05:00,21.850000381469727,21.899999618530273,21.75,21.829999923706055,40200,0.0,0.0
2023-12-08 00:00:00-05:00,21.93000030517578,21.93000030517578,21.700000762939453,21.760000228881836,9400,0.0,0.0
2023-12-11 00:00:00-05:00,21.700000762939453,21.780000686645508,21.600000381469727,21.65999984741211,12600,0.0,0.0
2023-12-12 00:00:00-05:00,21.65999984741211,21.8700008392334,21.600000381469727,21.700000762939453,18900,0.0,0.0
2023-12-13 00:00:00-05:00,21.969999313354492,22.049999237060547,21.709999084472656,21.90999984741211,37300,0.0,0.0
2023-12-14 00:00:00-05:00,22.0,22.040000915527344,21.920000076293945,22.0,37100,0.0,0.0
2023-12-15 00:00:00-05:00,21.93000030517578,22.100000381469727,21.709999084472656,21.950000762939453,24500,0.0,0.0
2023-12-18 00:00:00-05:00,22.0,22.110000610351562,21.770000457763672,21.950000762939453,51000,0.0,0.0
2023-12-19 00:00:00-05:00,21.899999618530273,22.100000381469727,21.899999618530273,21.940000534057617,85600,0.0,0.0
2023-12-20 00:00:00-05:00,21.920000076293945,22.0,21.8700008392334,21.889999389648438,28200,0.0,0.0
2023-12-21 00:00:00-05:00,21.889999389648438,21.979999542236328,21.850000381469727,21.850000381469727,32100,0.0,0.0
2023-12-22 00:00:00-05:00,21.93000030517578,22.219999313354492,21.8700008392334,21.899999618530273,46300,0.0,0.0
2023-12-26 00:00:00-05:00,21.899999618530273,22.149999618530273,21.899999618530273,21.950000762939453,13400,0.0,0.0
2023-12-27 00:00:00-05:00,21.93000030517578,22.170000076293945,21.93000030517578,22.1299991607666,14200,0.0,0.0
2023-12-28 00:00:00-05:00,22.15999984741211,22.31999969482422,22.06999969482422,22.270000457763672,21600,0.0,0.0
2023-12-29 00:00:00-05:00,22.350000381469727,23.010000228881836,22.239999771118164,22.84000015258789,132200,0.0,0.0
2024-01-02 00:00:00-05:00,22.709999084472656,22.709999084472656,22.360000610351562,22.520000457763672,37100,0.0,0.0
2024-01-03 00:00:00-05:00,22.3700008392334,22.6200008392334,22.329999923706055,22.450000762939453,18200,0.0,0.0
2024-01-04 00:00:00-05:00,22.450000762939453,22.549999237060547,22.309999465942383,22.420000076293945,3200,0.0,0.0
2024-01-05 00:00:00-05:00,22.309999465942383,22.540000915527344,22.200000762939453,22.3700008392334,9700,0.0,0.0
2024-01-08 00:00:00-05:00,22.209999084472656,22.420000076293945,22.209999084472656,22.3700008392334,11100,0.0,0.0
2024-01-09 00:00:00-05:00,22.43000030517578,22.559999465942383,22.40999984741211,22.489999771118164,5100,0.0,0.0
2024-01-10 00:00:00-05:00,22.5,22.530000686645508,22.299999237060547,22.399999618530273,10400,0.0,0.0
2024-01-11 00:00:00-05:00,22.459999084472656,22.459999084472656,22.079999923706055,22.229999542236328,22900,0.0,0.0
2024-01-12 00:00:00-05:00,22.209999084472656,22.420000076293945,22.200000762939453,22.309999465942383,17300,0.0,0.0
2024-01-16 00:00:00-05:00,22.270000457763672,22.3700008392334,22.100000381469727,22.219999313354492,8900,0.0,0.0
2024-01-17 00:00:00-05:00,22.110000610351562,22.190000534057617,22.010000228881836,22.040000915527344,18700,0.0,0.0
2024-01-18 00:00:00-05:00,22.020000457763672,22.25,21.959999084472656,22.0,22000,0.0,0.0
2024-01-19 00:00:00-05:00,22.0,22.18000030517578,22.0,22.18000030517578,6400,0.0,0.0
2024-01-22 00:00:00-05:00,22.1200008392334,22.209999084472656,22.100000381469727,22.149999618530273,7200,0.0,0.0
2024-01-23 00:00:00-05:00,22.110000610351562,22.190000534057617,22.010000228881836,22.149999618530273,6500,0.0,0.0
2024-01-24 00:00:00-05:00,22.1299991607666,22.200000762939453,21.959999084472656,21.959999084472656,20800,0.0,0.0
2024-01-25 00:00:00-05:00,22.0,22.139999389648438,21.950000762939453,22.139999389648438,12900,0.0,0.0
2024-01-26 00:00:00-05:00,22.219999313354492,22.219999313354492,22.149999618530273,22.18000030517578,5700,0.0,0.0
2024-01-29 00:00:00-05:00,22.219999313354492,22.290000915527344,22.010000228881836,22.219999313354492,10200,0.0,0.0
2024-01-30 00:00:00-05:00,22.100000381469727,22.25,22.010000228881836,22.110000610351562,15600,0.0,0.0
2024-01-31 00:00:00-05:00,22.219999313354492,22.299999237060547,21.860000610351562,21.940000534057617,57400,0.0,0.0
2024-02-01 00:00:00-05:00,22.010000228881836,22.25,21.950000762939453,22.229999542236328,51800,0.0,0.0
2024-02-02 00:00:00-05:00,21.940000534057617,22.270000457763672,21.940000534057617,22.010000228881836,14500,0.0,0.0
2024-02-05 00:00:00-05:00,21.93000030517578,22.25,21.90999984741211,21.940000534057617,7400,0.0,0.0
2024-02-06 00:00:00-05:00,22.030000686645508,22.030000686645508,21.920000076293945,21.979999542236328,4500,0.0,0.0
2024-02-07 00:00:00-05:00,21.950000762939453,22.079999923706055,21.899999618530273,21.920000076293945,10700,0.0,0.0
2024-02-08 00:00:00-05:00,21.93000030517578,22.170000076293945,21.899999618530273,21.93000030517578,9700,0.0,0.0
2024-02-09 00:00:00-05:00,21.899999618530273,22.149999618530273,21.899999618530273,22.030000686645508,14900,0.0,0.0
2024-02-12 00:00:00-05:00,22.0,22.139999389648438,22.0,22.010000228881836,8000,0.0,0.0
2024-02-13 00:00:00-05:00,21.920000076293945,21.950000762939453,21.760000228881836,21.809999465942383,7200,0.0,0.0
2024-02-14 00:00:00-05:00,21.809999465942383,21.950000762939453,21.809999465942383,21.8799991607666,6900,0.0,0.0
2024-02-15 00:00:00-05:00,21.889999389648438,21.950000762939453,21.860000610351562,21.940000534057617,4500,0.0,0.0
2024-02-16 00:00:00-05:00,21.81999969482422,21.950000762939453,21.799999237060547,21.940000534057617,4800,0.0,0.0
2024-02-20 00:00:00-05:00,21.8700008392334,22.049999237060547,21.8700008392334,21.90999984741211,7000,0.0,0.0
2024-02-21 00:00:00-05:00,21.899999618530273,22.110000610351562,21.860000610351562,21.860000610351562,3100,0.0,0.0
2024-02-22 00:00:00-05:00,21.989999771118164,22.100000381469727,21.850000381469727,21.8700008392334,5800,0.0,0.0
2024-02-23 00:00:00-05:00,21.899999618530273,22.040000915527344,21.899999618530273,22.040000915527344,9900,0.0,0.0
2024-02-26 00:00:00-05:00,21.93000030517578,22.030000686645508,21.8799991607666,21.950000762939453,10500,0.0,0.0
2024-02-27 00:00:00-05:00,21.8799991607666,22.030000686645508,21.8700008392334,21.889999389648438,10800,0.0,0.0
2024-02-28 00:00:00-05:00,21.940000534057617,21.989999771118164,21.889999389648438,21.93000030517578,10900,0.0,0.0
2024-02-29 00:00:00-05:00,21.950000762939453,22.190000534057617,21.899999618530273,22.149999618530273,104300,0.0,0.0
2024-03-01 00:00:00-05:00,22.010000228881836,22.059999465942383,21.950000762939453,21.969999313354492,9400,0.0,0.0
2024-03-04 00:00:00-05:00,21.889999389648438,22.040000915527344,21.8700008392334,21.8799991607666,11000,0.0,0.0
2024-03-05 00:00:00-05:00,21.8799991607666,22.079999923706055,21.850000381469727,21.8799991607666,14300,0.0,0.0
2024-03-06 00:00:00-05:00,21.940000534057617,22.030000686645508,21.860000610351562,21.860000610351562,9100,0.0,0.0
2024-03-07 00:00:00-05:00,21.899999618530273,21.93000030517578,21.860000610351562,21.889999389648438,12100,0.0,0.0
2024-03-08 00:00:00-05:00,21.90999984741211,22.06999969482422,21.90999984741211,22.030000686645508,12000,0.0,0.0
2024-03-11 00:00:00-04:00,21.989999771118164,22.040000915527344,21.959999084472656,21.959999084472656,10900,0.0,0.0
2024-03-12 00:00:00-04:00,21.979999542236328,22.030000686645508,21.850000381469727,21.8700008392334,13200,0.0,0.0
2024-03-13 00:00:00-04:00,21.8700008392334,21.90999984741211,21.829999923706055,21.829999923706055,9600,0.0,0.0
2024-03-14 00:00:00-04:00,21.81999969482422,21.84000015258789,21.65999984741211,21.670000076293945,22800,0.0,0.0
2024-03-15 00:00:00-04:00,21.68000030517578,21.739999771118164,21.6299991607666,21.649999618530273,15100,0.0,0.0
2024-03-18 00:00:00-04:00,21.65999984741211,21.850000381469727,21.579999923706055,21.600000381469727,29500,0.0,0.0
2024-03-19 00:00:00-04:00,21.600000381469727,21.700000762939453,21.600000381469727,21.649999618530273,15700,0.0,0.0
2024-03-20 00:00:00-04:00,21.6200008392334,21.739999771118164,21.600000381469727,21.670000076293945,10200,0.0,0.0
2024-03-21 00:00:00-04:00,21.75,21.850000381469727,21.709999084472656,21.809999465942383,14300,0.0,0.0
2024-03-22 00:00:00-04:00,21.809999465942383,21.899999618530273,21.719999313354492,21.799999237060547,9400,0.0,0.0
2024-03-25 00:00:00-04:00,21.729999542236328,21.760000228881836,21.600000381469727,21.649999618530273,17600,0.0,0.0
2024-03-26 00:00:00-04:00,21.65999984741211,21.729999542236328,21.610000610351562,21.68000030517578,35300,0.0,0.0
2024-03-27 00:00:00-04:00,21.700000762939453,21.790000915527344,21.649999618530273,21.719999313354492,13900,0.0,0.0
2024-03-28 00:00:00-04:00,21.65999984741211,22.030000686645508,21.65999984741211,21.979999542236328,91200,0.0,0.0
2024-04-01 00:00:00-04:00,21.899999618530273,21.920000076293945,21.780000686645508,21.8799991607666,23000,0.0,0.0
2024-04-02 00:00:00-04:00,21.850000381469727,21.899999618530273,21.760000228881836,21.899999618530273,12200,0.0,0.0
2024-04-03 00:00:00-04:00,21.93000030517578,21.93000030517578,21.729999542236328,21.81999969482422,7200,0.0,0.0
2024-04-04 00:00:00-04:00,21.959999084472656,21.969999313354492,21.850000381469727,21.959999084472656,9400,0.0,0.0
2024-04-05 00:00:00-04:00,21.959999084472656,21.959999084472656,21.670000076293945,21.770000457763672,16200,0.0,0.0
2024-04-08 00:00:00-04:00,21.75,21.75,21.600000381469727,21.649999618530273,16800,0.0,0.0
2024-04-09 00:00:00-04:00,21.700000762939453,21.75,21.649999618530273,21.670000076293945,10500,0.0,0.0
2024-04-10 00:00:00-04:00,21.649999618530273,21.649999618530273,21.520000457763672,21.579999923706055,12300,0.0,0.0
2024-04-11 00:00:00-04:00,21.549999237060547,21.559999465942383,21.530000686645508,21.559999465942383,17200,0.0,0.0
2024-04-12 00:00:00-04:00,21.540000915527344,21.610000610351562,21.520000457763672,21.56999969482422,5800,0.0,0.0
2024-04-15 00:00:00-04:00,21.530000686645508,21.59000015258789,21.40999984741211,21.510000228881836,40800,0.0,0.0
2024-04-16 00:00:00-04:00,21.420000076293945,21.649999618530273,21.420000076293945,21.510000228881836,7100,0.0,0.0
2024-04-17 00:00:00-04:00,21.559999465942383,21.579999923706055,21.459999084472656,21.559999465942383,5300,0.0,0.0
2024-04-18 00:00:00-04:00,21.43000030517578,21.639999389648438,21.399999618530273,21.399999618530273,13300,0.0,0.0
2024-04-19 00:00:00-04:00,21.43000030517578,21.510000228881836,21.399999618530273,21.450000762939453,5000,0.0,0.0
2024-04-22 00:00:00-04:00,21.459999084472656,21.520000457763672,21.450000762939453,21.520000457763672,11700,0.0,0.0
2024-04-23 00:00:00-04:00,21.450000762939453,21.729999542236328,21.450000762939453,21.690000534057617,41500,0.0,0.0
2024-04-24 00:00:00-04:00,21.6299991607666,21.700000762939453,21.6200008392334,21.700000762939453,26000,0.0,0.0
2024-04-25 00:00:00-04:00,21.59000015258789,21.6299991607666,21.549999237060547,21.6200008392334,8700,0.0,0.0
2024-04-26 00:00:00-04:00,21.600000381469727,21.670000076293945,21.540000915527344,21.540000915527344,5000,0.0,0.0
2024-04-29 00:00:00-04:00,21.43000030517578,21.600000381469727,21.43000030517578,21.579999923706055,12700,0.0,0.0
2024-04-30 00:00:00-04:00,21.5,21.579999923706055,21.40999984741211,21.559999465942383,17100,0.0,0.0
2024-05-01 00:00:00-04:00,21.5,21.649999618530273,21.440000534057617,21.639999389648438,12600,0.0,0.0
2024-05-02 00:00:00-04:00,21.610000610351562,21.68000030517578,21.59000015258789,21.59000015258789,12100,0.0,0.0
2024-05-03 00:00:00-04:00,21.68000030517578,21.719999313354492,21.600000381469727,21.649999618530273,4200,0.0,0.0
2024-05-06 00:00:00-04:00,21.690000534057617,21.84000015258789,21.690000534057617,21.709999084472656,4800,0.0,0.0
2024-05-07 00:00:00-04:00,21.670000076293945,21.75,21.639999389648438,21.639999389648438,10900,0.0,0.0
2024-05-08 00:00:00-04:00,21.610000610351562,21.6200008392334,21.5,21.579999923706055,9800,0.0,0.0
2024-05-09 00:00:00-04:00,21.6200008392334,21.6200008392334,21.520000457763672,21.59000015258789,7100,0.0,0.0
2024-05-10 00:00:00-04:00,21.579999923706055,21.579999923706055,21.510000228881836,21.520000457763672,7600,0.0,0.0
2024-05-13 00:00:00-04:00,21.579999923706055,21.670000076293945,21.510000228881836,21.530000686645508,9400,0.0,0.0
2024-05-14 00:00:00-04:00,21.530000686645508,21.56999969482422,21.520000457763672,21.540000915527344,13800,0.0,0.0
2024-05-15 00:00:00-04:00,21.600000381469727,21.709999084472656,21.59000015258789,21.700000762939453,8700,0.0,0.0
2024-05-16 00:00:00-04:00,21.719999313354492,21.850000381469727,21.6299991607666,21.739999771118164,11000,0.0,0.0
2024-05-17 00:00:00-04:00,21.649999618530273,21.65999984741211,21.56999969482422,21.600000381469727,12000,0.0,0.0
2024-05-20 00:00:00-04:00,21.600000381469727,21.760000228881836,21.56999969482422,21.600000381469727,6000,0.0,0.0
2024-05-21 00:00:00-04:00,21.559999465942383,21.639999389648438,21.559999465942383,21.639999389648438,18500,0.0,0.0
2024-05-22 00:00:00-04:00,21.600000381469727,21.600000381469727,21.540000915527344,21.600000381469727,10500,0.0,0.0
2024-05-23 00:00:00-04:00,21.549999237060547,21.579999923706055,21.5,21.5,12100,0.0,0.0
2024-05-24 00:00:00-04:00,21.549999237060547,21.600000381469727,21.510000228881836,21.56999969482422,9000,0.0,0.0
2024-05-28 00:00:00-04:00,21.56999969482422,21.610000610351562,21.530000686645508,21.600000381469727,13300,0.0,0.0
2024-05-29 00:00:00-04:00,21.549999237060547,21.59000015258789,21.43000030517578,21.540000915527344,30500,0.0,0.0
2024-05-30 00:00:00-04:00,21.5,21.68000030517578,21.5,21.59000015258789,9900,0.0,0.0
2024-05-31 00:00:00-04:00,21.6200008392334,21.899999618530273,21.5,21.860000610351562,96400,0.0,0.0
2024-06-03 00:00:00-04:00,21.809999465942383,22.09000015258789,21.760000228881836,22.059999465942383,54900,0.0,0.0
2024-06-04 00:00:00-04:00,22.0,22.0,21.889999389648438,21.989999771118164,19100,0.0,0.0
2024-06-05 00:00:00-04:00,22.079999923706055,22.079999923706055,21.8799991607666,21.899999618530273,23700,0.0,0.0
2024-06-06 00:00:00-04:00,21.81999969482422,21.959999084472656,21.81999969482422,21.8700008392334,8200,0.0,0.0
2024-06-07 00:00:00-04:00,21.799999237060547,21.90999984741211,21.719999313354492,21.760000228881836,12400,0.0,0.0
2024-06-10 00:00:00-04:00,21.690000534057617,21.860000610351562,21.690000534057617,21.739999771118164,8600,0.0,0.0
2024-06-11 00:00:00-04:00,21.739999771118164,21.780000686645508,21.68000030517578,21.75,12900,0.0,0.0
2024-06-12 00:00:00-04:00,21.860000610351562,21.950000762939453,21.75,21.75,16800,0.0,0.0
2024-06-13 00:00:00-04:00,21.790000915527344,21.829999923706055,21.75,21.829999923706055,10900,0.0,0.0
2024-06-14 00:00:00-04:00,21.780000686645508,21.81999969482422,21.760000228881836,21.809999465942383,14300,0.0,0.0
2024-06-17 00:00:00-04:00,21.770000457763672,21.979999542236328,21.75,21.780000686645508,16400,0.0,0.0
2024-06-18 00:00:00-04:00,21.799999237060547,22.030000686645508,21.780000686645508,21.809999465942383,18000,0.0,0.0
2024-06-20 00:00:00-04:00,21.790000915527344,21.829999923706055,21.739999771118164,21.770000457763672,17200,0.0,0.0
2024-06-21 00:00:00-04:00,21.739999771118164,21.860000610351562,21.739999771118164,21.850000381469727,9900,0.0,0.0
2024-06-24 00:00:00-04:00,21.860000610351562,21.889999389648438,21.81999969482422,21.81999969482422,8800,0.0,0.0
2024-06-25 00:00:00-04:00,21.809999465942383,21.899999618530273,21.790000915527344,21.860000610351562,16300,0.0,0.0
2024-06-26 00:00:00-04:00,21.8700008392334,22.030000686645508,21.8700008392334,21.969999313354492,33200,0.0,0.0
2024-06-27 00:00:00-04:00,22.030000686645508,22.06999969482422,21.850000381469727,22.010000228881836,48600,0.0,0.0
2024-06-28 00:00:00-04:00,21.889999389648438,22.170000076293945,21.829999923706055,22.030000686645508,23200,0.0,0.0
2024-07-01 00:00:00-04:00,21.959999084472656,22.100000381469727,21.850000381469727,22.100000381469727,10400,0.0,0.0
2024-07-02 00:00:00-04:00,22.110000610351562,22.1200008392334,21.770000457763672,22.1200008392334,21900,0.0,0.0
2024-07-03 00:00:00-04:00,22.049999237060547,22.200000762939453,21.959999084472656,22.170000076293945,5200,0.0,0.0
2024-07-05 00:00:00-04:00,22.079999923706055,22.209999084472656,22.079999923706055,22.209999084472656,6900,0.0,0.0
2024-07-08 00:00:00-04:00,22.0,22.260000228881836,22.0,22.020000457763672,2500,0.0,0.0
2024-07-09 00:00:00-04:00,22.100000381469727,22.219999313354492,22.079999923706055,22.110000610351562,8600,0.0,0.0
2024-07-10 00:00:00-04:00,22.049999237060547,22.200000762939453,22.040000915527344,22.139999389648438,9500,0.0,0.0
2024-07-11 00:00:00-04:00,22.25,22.420000076293945,22.219999313354492,22.399999618530273,9700,0.0,0.0
2024-07-12 00:00:00-04:00,22.31999969482422,22.3799991607666,22.270000457763672,22.299999237060547,8400,0.0,0.0
2024-07-15 00:00:00-04:00,22.239999771118164,22.329999923706055,22.18000030517578,22.31999969482422,5500,0.0,0.0
2024-07-16 00:00:00-04:00,22.219999313354492,22.350000381469727,22.170000076293945,22.170000076293945,6300,0.0,0.0
2024-07-17 00:00:00-04:00,22.1200008392334,22.329999923706055,22.1200008392334,22.219999313354492,3900,0.0,0.0
2024-07-18 00:00:00-04:00,22.200000762939453,22.34000015258789,22.15999984741211,22.229999542236328,3100,0.0,0.0
2024-07-19 00:00:00-04:00,22.139999389648438,22.34000015258789,22.139999389648438,22.25,10300,0.0,0.0
2024-07-22 00:00:00-04:00,22.329999923706055,22.360000610351562,22.239999771118164,22.350000381469727,8000,0.0,0.0
2024-07-23 00:00:00-04:00,22.43000030517578,22.5,22.329999923706055,22.5,5100,0.0,0.0
2024-07-24 00:00:00-04:00,22.43000030517578,22.489999771118164,22.3799991607666,22.450000762939453,1800,0.0,0.0
2024-07-25 00:00:00-04:00,22.5,22.559999465942383,22.489999771118164,22.540000915527344,7500,0.0,0.0
2024-07-26 00:00:00-04:00,22.360000610351562,22.670000076293945,22.360000610351562,22.670000076293945,4300,0.0,0.0
2024-07-29 00:00:00-04:00,22.690000534057617,22.690000534057617,22.459999084472656,22.5,12600,0.0,0.0
2024-07-30 00:00:00-04:00,22.559999465942383,22.559999465942383,22.309999465942383,22.420000076293945,8600,0.0,0.0
2024-07-31 00:00:00-04:00,22.3700008392334,22.3700008392334,21.81999969482422,21.860000610351562,106300,0.0,0.0
2024-08-01 00:00:00-04:00,21.989999771118164,22.09000015258789,21.969999313354492,22.06999969482422,35200,0.0,0.0
2024-08-02 00:00:00-04:00,22.049999237060547,22.31999969482422,22.030000686645508,22.31999969482422,40700,0.0,0.0
2024-08-05 00:00:00-04:00,22.25,22.389999389648438,22.149999618530273,22.290000915527344,16100,0.0,0.0
2024-08-06 00:00:00-04:00,22.3700008392334,22.3700008392334,22.209999084472656,22.270000457763672,5200,0.0,0.0
2024-08-07 00:00:00-04:00,22.31999969482422,22.360000610351562,22.209999084472656,22.280000686645508,7000,0.0,0.0
2024-08-08 00:00:00-04:00,22.25,22.260000228881836,22.170000076293945,22.239999771118164,8500,0.0,0.0
2024-08-09 00:00:00-04:00,22.190000534057617,22.239999771118164,22.1200008392334,22.209999084472656,11900,0.0,0.0
2024-08-12 00:00:00-04:00,22.229999542236328,22.280000686645508,22.200000762939453,22.219999313354492,5500,0.0,0.0
2024-08-13 00:00:00-04:00,22.200000762939453,22.280000686645508,22.18000030517578,22.239999771118164,11900,0.0,0.0
2024-08-14 00:00:00-04:00,22.270000457763672,22.350000381469727,22.25,22.25,4300,0.0,0.0
2024-08-15 00:00:00-04:00,22.34000015258789,22.34000015258789,22.149999618530273,22.200000762939453,6400,0.0,0.0
2024-08-16 00:00:00-04:00,22.229999542236328,22.239999771118164,22.1299991607666,22.170000076293945,7100,0.0,0.0
2024-08-19 00:00:00-04:00,22.239999771118164,22.260000228881836,22.1299991607666,22.25,4400,0.0,0.0
2024-08-20 00:00:00-04:00,22.18000030517578,22.239999771118164,22.149999618530273,22.15999984741211,7400,0.0,0.0
2024-08-21 00:00:00-04:00,22.15999984741211,22.360000610351562,22.15999984741211,22.360000610351562,7600,0.0,0.0
2024-08-22 00:00:00-04:00,22.350000381469727,22.469999313354492,22.329999923706055,22.459999084472656,20800,0.0,0.0
2024-08-23 00:00:00-04:00,22.299999237060547,22.3799991607666,22.299999237060547,22.329999923706055,4400,0.0,0.0
2024-08-26 00:00:00-04:00,22.34000015258789,22.469999313354492,22.34000015258789,22.450000762939453,8000,0.0,0.0
2024-08-27 00:00:00-04:00,22.40999984741211,22.520000457763672,22.3799991607666,22.489999771118164,14600,0.0,0.0
2024-08-28 00:00:00-04:00,22.399999618530273,22.510000228881836,22.399999618530273,22.510000228881836,14100,0.0,0.0
2024-08-29 00:00:00-04:00,22.5,22.510000228881836,22.489999771118164,22.5,9900,0.0,0.0
2024-08-30 00:00:00-04:00,22.40999984741211,22.5,22.399999618530273,22.469999313354492,14900,0.0,0.0
2024-09-03 00:00:00-04:00,22.420000076293945,22.489999771118164,22.350000381469727,22.459999084472656,8600,0.0,0.0
2024-09-04 00:00:00-04:00,22.459999084472656,22.5,22.399999618530273,22.43000030517578,54400,0.0,0.0
2024-09-05 00:00:00-04:00,22.43000030517578,22.520000457763672,22.420000076293945,22.420000076293945,13100,0.0,0.0
2024-09-06 00:00:00-04:00,22.440000534057617,22.510000228881836,22.420000076293945,22.440000534057617,19000,0.0,0.0
2024-09-09 00:00:00-04:00,22.5,22.549999237060547,22.489999771118164,22.520000457763672,10400,0.0,0.0
2024-09-10 00:00:00-04:00,22.520000457763672,22.579999923706055,22.450000762939453,22.479999542236328,12400,0.0,0.0
2024-09-11 00:00:00-04:00,22.489999771118164,22.520000457763672,22.450000762939453,22.520000457763672,16000,0.0,0.0
2024-09-12 00:00:00-04:00,22.5,22.559999465942383,22.469999313354492,22.520000457763672,12700,0.0,0.0
2024-09-13 00:00:00-04:00,22.479999542236328,22.540000915527344,22.450000762939453,22.510000228881836,21900,0.0,0.0
2024-09-16 00:00:00-04:00,22.520000457763672,22.729999542236328,22.510000228881836,22.709999084472656,23700,0.0,0.0
2024-09-17 00:00:00-04:00,22.700000762939453,22.829999923706055,22.6299991607666,22.68000030517578,30800,0.0,0.0
2024-09-18 00:00:00-04:00,22.59000015258789,22.780000686645508,22.56999969482422,22.719999313354492,35100,0.0,0.0
2024-09-19 00:00:00-04:00,22.739999771118164,22.84000015258789,22.739999771118164,22.780000686645508,53100,0.0,0.0
2024-09-20 00:00:00-04:00,22.700000762939453,22.920000076293945,22.6299991607666,22.809999465942383,14000,0.0,0.0
2024-09-23 00:00:00-04:00,22.729999542236328,22.790000915527344,22.6299991607666,22.639999389648438,17500,0.0,0.0
2024-09-24 00:00:00-04:00,22.65999984741211,22.780000686645508,22.65999984741211,22.68000030517578,27000,0.0,0.0
2024-09-25 00:00:00-04:00,22.729999542236328,22.790000915527344,22.579999923706055,22.579999923706055,33000,0.0,0.0
2024-09-26 00:00:00-04:00,22.600000381469727,22.770000457763672,22.600000381469727,22.65999984741211,43300,0.0,0.0
2024-09-27 00:00:00-04:00,22.65999984741211,22.700000762939453,22.579999923706055,22.6200008392334,83400,0.0,0.0
2024-09-30 00:00:00-04:00,22.579999923706055,22.729999542236328,22.530000686645508,22.65999984741211,328500,0.0,0.0
2024-10-01 00:00:00-04:00,22.709999084472656,22.850000381469727,22.68000030517578,22.790000915527344,30400,0.0,0.0
2024-10-02 00:00:00-04:00,22.719999313354492,22.829999923706055,22.719999313354492,22.75,3600,0.0,0.0
2024-10-03 00:00:00-04:00,22.719999313354492,22.84000015258789,22.690000534057617,22.729999542236328,3000,0.0,0.0
2024-10-04 00:00:00-04:00,22.729999542236328,22.75,22.6299991607666,22.719999313354492,5100,0.0,0.0
2024-10-07 00:00:00-04:00,22.709999084472656,22.739999771118164,22.600000381469727,22.6299991607666,6600,0.0,0.0
2024-10-08 00:00:00-04:00,22.68000030517578,22.739999771118164,22.6299991607666,22.729999542236328,8800,0.0,0.0
2024-10-09 00:00:00-04:00,22.729999542236328,22.739999771118164,22.639999389648438,22.649999618530273,2600,0.0,0.0
2024-10-10 00:00:00-04:00,22.6200008392334,22.719999313354492,22.579999923706055,22.610000610351562,4200,0.0,0.0
2024-10-11 00:00:00-04:00,22.770000457763672,22.770000457763672,22.6200008392334,22.719999313354492,8000,0.0,0.0
2024-10-14 00:00:00-04:00,22.649999618530273,22.719999313354492,22.6200008392334,22.709999084472656,5500,0.0,0.0
2024-10-15 00:00:00-04:00,22.719999313354492,22.920000076293945,22.719999313354492,22.81999969482422,10300,0.0,0.0
2024-10-16 00:00:00-04:00,22.68000030517578,22.899999618530273,22.670000076293945,22.8799991607666,12000,0.0,0.0
2024-10-17 00:00:00-04:00,22.889999389648438,22.889999389648438,22.709999084472656,22.770000457763672,7600,0.0,0.0
2024-10-18 00:00:00-04:00,22.770000457763672,22.84000015258789,22.709999084472656,22.790000915527344,5500,0.0,0.0
2024-10-21 00:00:00-04:00,22.700000762939453,22.700000762939453,22.540000915527344,22.600000381469727,23900,0.0,0.0
2024-10-22 00:00:00-04:00,22.6200008392334,22.65999984741211,22.540000915527344,22.649999618530273,11000,0.0,0.0
2024-10-23 00:00:00-04:00,22.649999618530273,22.709999084472656,22.530000686645508,22.6200008392334,17000,0.0,0.0
2024-10-24 00:00:00-04:00,22.649999618530273,22.690000534057617,22.6299991607666,22.670000076293945,5800,0.0,0.0
2024-10-25 00:00:00-04:00,22.649999618530273,22.75,22.559999465942383,22.649999618530273,7100,0.0,0.0
2024-10-28 00:00:00-04:00,22.610000610351562,22.790000915527344,22.489999771118164,22.510000228881836,11900,0.0,0.0
2024-10-29 00:00:00-04:00,22.6200008392334,22.75,22.510000228881836,22.690000534057617,11200,0.0,0.0
2024-10-30 00:00:00-04:00,22.739999771118164,22.790000915527344,22.469999313354492,22.639999389648438,24200,0.0,0.0
2024-10-31 00:00:00-04:00,22.5,22.559999465942383,22.31999969482422,22.350000381469727,41500,0.0,0.0
2024-11-01 00:00:00-04:00,22.360000610351562,22.440000534057617,22.290000915527344,22.309999465942383,20100,0.0,0.0
2024-11-04 00:00:00-05:00,22.350000381469727,22.510000228881836,22.350000381469727,22.469999313354492,18000,0.0,0.0
2024-11-05 00:00:00-05:00,22.399999618530273,22.520000457763672,22.399999618530273,22.510000228881836,11400,0.0,0.0
2024-11-06 00:00:00-05:00,22.399999618530273,22.450000762939453,22.34000015258789,22.350000381469727,11800,0.0,0.0
2024-11-07 00:00:00-05:00,22.350000381469727,22.440000534057617,22.31999969482422,22.420000076293945,14800,0.0,0.0
2024-11-08 00:00:00-05:00,22.440000534057617,22.5,22.40999984741211,22.5,18000,0.0,0.0
2024-11-11 00:00:00-05:00,22.5,22.5,22.309999465942383,22.3799991607666,18300,0.0,0.0
2024-11-12 00:00:00-05:00,22.34000015258789,22.389999389648438,22.200000762939453,22.360000610351562,11800,0.0,0.0
2024-11-13 00:00:00-05:00,22.420000076293945,22.489999771118164,22.200000762939453,22.350000381469727,7500,0.0,0.0
2024-11-14 00:00:00-05:00,22.329999923706055,22.3700008392334,22.229999542236328,22.34000015258789,6100,0.0,0.0
2024-11-15 00:00:00-05:00,22.350000381469727,22.440000534057617,22.229999542236328,22.3799991607666,8400,0.0,0.0
2024-11-18 00:00:00-05:00,22.3799991607666,22.43000030517578,22.25,22.3700008392334,8600,0.0,0.0
2024-11-19 00:00:00-05:00,22.399999618530273,22.399999618530273,22.270000457763672,22.270000457763672,9600,0.0,0.0
2024-11-20 00:00:00-05:00,22.299999237060547,22.510000228881836,22.209999084472656,22.299999237060547,15300,0.0,0.0
2024-11-21 00:00:00-05:00,22.270000457763672,22.43000030517578,22.270000457763672,22.43000030517578,16200,0.0,0.0
2024-11-22 00:00:00-05:00,22.40999984741211,22.440000534057617,22.280000686645508,22.440000534057617,6600,0.0,0.0
2024-11-25 00:00:00-05:00,22.489999771118164,22.489999771118164,22.360000610351562,22.389999389648438,7000,0.0,0.0
2024-11-26 00:00:00-05:00,22.31999969482422,22.399999618530273,22.270000457763672,22.31999969482422,10600,0.0,0.0
2024-11-27 00:00:00-05:00,22.350000381469727,22.5,22.34000015258789,22.469999313354492,9100,0.0,0.0
2024-11-29 00:00:00-05:00,22.489999771118164,22.600000381469727,22.40999984741211,22.600000381469727,36300,0.0,0.0
2024-12-02 00:00:00-05:00,22.56999969482422,22.56999969482422,22.25,22.299999237060547,66100,0.0,0.0
2024-12-03 00:00:00-05:00,22.299999237060547,22.5,22.260000228881836,22.450000762939453,44000,0.0,0.0
2024-12-04 00:00:00-05:00,22.520000457763672,22.549999237060547,22.40999984741211,22.510000228881836,12700,0.0,0.0
2024-12-05 00:00:00-05:00,22.450000762939453,22.549999237060547,22.440000534057617,22.489999771118164,2300,0.0,0.0
2024-12-06 00:00:00-05:00,22.540000915527344,22.549999237060547,22.420000076293945,22.479999542236328,7000,0.0,0.0
2024-12-09 00:00:00-05:00,22.3799991607666,22.540000915527344,22.329999923706055,22.440000534057617,8700,0.0,0.0
2024-12-10 00:00:00-05:00,22.5,22.5,22.299999237060547,22.440000534057617,14700,0.0,0.0
2024-12-11 00:00:00-05:00,22.350000381469727,22.540000915527344,22.31999969482422,22.469999313354492,18000,0.0,0.0
2024-12-12 00:00:00-05:00,22.389999389648438,22.530000686645508,22.389999389648438,22.5,8400,0.0,0.0
2024-12-13 00:00:00-05:00,22.399999618530273,22.520000457763672,22.299999237060547,22.469999313354492,15800,0.0,0.0
2024-12-16 00:00:00-05:00,22.459999084472656,22.459999084472656,22.31999969482422,22.389999389648438,19700,0.0,0.0
2024-12-17 00:00:00-05:00,22.350000381469727,22.469999313354492,22.31999969482422,22.440000534057617,11000,0.0,0.0
2024-12-18 00:00:00-05:00,22.31999969482422,22.459999084472656,22.200000762939453,22.399999618530273,22700,0.0,0.0
2024-12-19 00:00:00-05:00,22.25,22.389999389648438,22.18000030517578,22.3799991607666,15700,0.0,0.0
2024-12-20 00:00:00-05:00,22.40999984741211,22.549999237060547,22.209999084472656,22.3799991607666,34600,0.0,0.0
2024-12-23 00:00:00-05:00,22.389999389648438,22.56999969482422,22.329999923706055,22.3799991607666,17100,0.0,0.0
2024-12-24 00:00:00-05:00,22.280000686645508,22.399999618530273,22.200000762939453,22.399999618530273,17000,0.0,0.0
2024-12-26 00:00:00-05:00,22.260000228881836,22.510000228881836,22.209999084472656,22.309999465942383,9600,0.0,0.0
2024-12-27 00:00:00-05:00,22.360000610351562,22.434999465942383,22.219999313354492,22.25,19773,0.0,0.0
