Date,Open,High,Low,Close,Volume,Dividends,Stock Splits
2022-01-03 00:00:00-05:00,353.1000061035156,366.6000061035156,339.0,362.70001220703125,2710,0.0,0.0
2022-01-04 00:00:00-05:00,364.20001220703125,364.20001220703125,321.0,326.1000061035156,3887,0.0,0.0
2022-01-05 00:00:00-05:00,321.6000061035156,327.29998779296875,267.1499938964844,272.1000061035156,9057,0.0,0.0
2022-01-06 00:00:00-05:00,276.0,276.0,251.6999969482422,261.0,6420,0.0,0.0
2022-01-07 00:00:00-05:00,296.70001220703125,304.20001220703125,278.1000061035156,286.79998779296875,8167,0.0,0.0
2022-01-10 00:00:00-05:00,287.3999938964844,287.3999938964844,269.54998779296875,283.20001220703125,5747,0.0,0.0
2022-01-11 00:00:00-05:00,285.0,286.5,250.5,257.1000061035156,25493,0.0,0.0
2022-01-12 00:00:00-05:00,255.60000610351562,266.3999938964844,245.39999389648438,246.89999389648438,11847,0.0,0.0
2022-01-13 00:00:00-05:00,247.5,250.35000610351562,231.89999389648438,239.39999389648438,8340,0.0,0.0
2022-01-14 00:00:00-05:00,236.10000610351562,244.1999969482422,221.39999389648438,232.8000030517578,6533,0.0,0.0
2022-01-18 00:00:00-05:00,235.8000030517578,235.8000030517578,210.4499969482422,219.89999389648438,9643,0.0,0.0
2022-01-19 00:00:00-05:00,221.10000610351562,236.10000610351562,218.6999969482422,220.8000030517578,8990,0.0,0.0
2022-01-20 00:00:00-05:00,227.39999389648438,245.10000610351562,219.60000610351562,223.8000030517578,7817,0.0,0.0
2022-01-21 00:00:00-05:00,219.0,225.60000610351562,207.89999389648438,217.1999969482422,10780,0.0,0.0
2022-01-24 00:00:00-05:00,210.3000030517578,220.8000030517578,195.0,219.0,11673,0.0,0.0
2022-01-25 00:00:00-05:00,213.0,218.39999389648438,202.5,207.3000030517578,10320,0.0,0.0
2022-01-26 00:00:00-05:00,210.89999389648438,218.10000610351562,197.6999969482422,200.39999389648438,12597,0.0,0.0
2022-01-27 00:00:00-05:00,205.1999969482422,211.1999969482422,177.89999389648438,182.39999389648438,12203,0.0,0.0
2022-01-28 00:00:00-05:00,181.5,204.89999389648438,181.5,203.10000610351562,10250,0.0,0.0
2022-01-31 00:00:00-05:00,200.6999969482422,233.39999389648438,198.3000030517578,232.5,10793,0.0,0.0
2022-02-01 00:00:00-05:00,233.10000610351562,241.1999969482422,226.8000030517578,240.0,8377,0.0,0.0
2022-02-02 00:00:00-05:00,240.3000030517578,244.5,231.89999389648438,237.0,6187,0.0,0.0
2022-02-03 00:00:00-05:00,231.0,242.10000610351562,231.0,237.3000030517578,15643,0.0,0.0
2022-02-04 00:00:00-05:00,234.3000030517578,253.5,230.10000610351562,250.8000030517578,14423,0.0,0.0
2022-02-07 00:00:00-05:00,249.0,280.20001220703125,249.0,279.29998779296875,13883,0.0,0.0
2022-02-08 00:00:00-05:00,274.20001220703125,289.20001220703125,263.1000061035156,279.0,20907,0.0,0.0
2022-02-09 00:00:00-05:00,282.29998779296875,301.5,282.29998779296875,300.0,13673,0.0,0.0
2022-02-10 00:00:00-05:00,289.79998779296875,308.70001220703125,271.5,275.1000061035156,16677,0.0,0.0
2022-02-11 00:00:00-05:00,274.5,277.95001220703125,249.60000610351562,250.1999969482422,7810,0.0,0.0
2022-02-14 00:00:00-05:00,251.39999389648438,256.79998779296875,227.39999389648438,231.0,8863,0.0,0.0
2022-02-15 00:00:00-05:00,236.6999969482422,240.60000610351562,228.3000030517578,233.10000610351562,15207,0.0,0.0
2022-02-16 00:00:00-05:00,229.5,229.5,213.0,222.89999389648438,10350,0.0,0.0
2022-02-17 00:00:00-05:00,222.89999389648438,234.60000610351562,216.0,222.3000030517578,24827,0.0,0.0
2022-02-18 00:00:00-05:00,225.3000030517578,225.3000030517578,207.60000610351562,215.10000610351562,22457,0.0,0.0
2022-02-22 00:00:00-05:00,215.39999389648438,246.0,215.10000610351562,232.8000030517578,25733,0.0,0.0
2022-02-23 00:00:00-05:00,229.8000030517578,239.6999969482422,227.6999969482422,235.8000030517578,14863,0.0,0.0
2022-02-24 00:00:00-05:00,223.8000030517578,254.10000610351562,218.6999969482422,253.1999969482422,19940,0.0,0.0
2022-02-25 00:00:00-05:00,252.89999389648438,256.20001220703125,240.60000610351562,247.5,26817,0.0,0.0
2022-02-28 00:00:00-05:00,247.5,255.0,244.1999969482422,246.89999389648438,32970,0.0,0.0
2022-03-01 00:00:00-05:00,244.1999969482422,256.5,239.6999969482422,242.10000610351562,17697,0.0,0.0
2022-03-02 00:00:00-05:00,242.6999969482422,245.10000610351562,231.60000610351562,233.39999389648438,20687,0.0,0.0
2022-03-03 00:00:00-05:00,218.6999969482422,252.0,218.6999969482422,229.5,23507,0.0,0.0
2022-03-04 00:00:00-05:00,230.5500030517578,230.5500030517578,221.6999969482422,225.0,19233,0.0,0.0
2022-03-07 00:00:00-05:00,228.89999389648438,230.6999969482422,205.8000030517578,210.0,30467,0.0,0.0
2022-03-08 00:00:00-05:00,216.60000610351562,233.6999969482422,211.5,222.0,21477,0.0,0.0
2022-03-09 00:00:00-05:00,230.6999969482422,240.0,227.10000610351562,236.6999969482422,19340,0.0,0.0
2022-03-10 00:00:00-05:00,232.5,237.0,228.3000030517578,236.10000610351562,11913,0.0,0.0
2022-03-11 00:00:00-05:00,237.0,240.0,207.0,216.0,22147,0.0,0.0
2022-03-14 00:00:00-04:00,214.8000030517578,216.89999389648438,184.5,187.8000030517578,33877,0.0,0.0
2022-03-15 00:00:00-04:00,192.3000030517578,196.5,181.1999969482422,195.0,25320,0.0,0.0
2022-03-16 00:00:00-04:00,205.1999969482422,213.14999389648438,194.39999389648438,198.60000610351562,39503,0.0,0.0
2022-03-17 00:00:00-04:00,200.6999969482422,207.0,195.0,205.8000030517578,34373,0.0,0.0
2022-03-18 00:00:00-04:00,204.60000610351562,220.8000030517578,198.0,212.39999389648438,158620,0.0,0.0
2022-03-21 00:00:00-04:00,211.8000030517578,213.0,188.39999389648438,190.1999969482422,20457,0.0,0.0
2022-03-22 00:00:00-04:00,192.0,200.39999389648438,187.8000030517578,196.8000030517578,17900,0.0,0.0
2022-03-23 00:00:00-04:00,195.89999389648438,198.89999389648438,186.0,189.3000030517578,11813,0.0,0.0
2022-03-24 00:00:00-04:00,193.8000030517578,198.89999389648438,183.0,187.5,8957,0.0,0.0
2022-03-25 00:00:00-04:00,189.0,191.39999389648438,177.60000610351562,178.1999969482422,13097,0.0,0.0
2022-03-28 00:00:00-04:00,182.39999389648438,184.8000030517578,175.8000030517578,182.6999969482422,7903,0.0,0.0
2022-03-29 00:00:00-04:00,192.14999389648438,205.1999969482422,187.5,201.60000610351562,7930,0.0,0.0
2022-03-30 00:00:00-04:00,198.0,208.5,195.3000030517578,196.5,5587,0.0,0.0
2022-03-31 00:00:00-04:00,193.8000030517578,200.7899932861328,187.64999389648438,189.3000030517578,9013,0.0,0.0
2022-04-01 00:00:00-04:00,194.10000610351562,194.10000610351562,181.9499969482422,189.60000610351562,9840,0.0,0.0
2022-04-04 00:00:00-04:00,190.5,198.60000610351562,189.89999389648438,193.1999969482422,9297,0.0,0.0
2022-04-05 00:00:00-04:00,197.39999389648438,198.0,178.5,183.0,14860,0.0,0.0
2022-04-06 00:00:00-04:00,179.39999389648438,180.75,164.39999389648438,174.3000030517578,11570,0.0,0.0
2022-04-07 00:00:00-04:00,177.3000030517578,177.3000030517578,167.10000610351562,172.1999969482422,8117,0.0,0.0
2022-04-08 00:00:00-04:00,171.0,174.60000610351562,160.8000030517578,164.10000610351562,11977,0.0,0.0
2022-04-11 00:00:00-04:00,164.25,164.25,157.1999969482422,160.5,9457,0.0,0.0
2022-04-12 00:00:00-04:00,163.8000030517578,166.5,156.3000030517578,157.8000030517578,7283,0.0,0.0
2022-04-13 00:00:00-04:00,157.5,162.0,150.0,153.60000610351562,10713,0.0,0.0
2022-04-14 00:00:00-04:00,154.8000030517578,155.10000610351562,141.60000610351562,147.60000610351562,18303,0.0,0.0
2022-04-18 00:00:00-04:00,147.0,148.8000030517578,139.8000030517578,147.60000610351562,13043,0.0,0.0
2022-04-19 00:00:00-04:00,147.3000030517578,153.89999389648438,143.10000610351562,151.5,10420,0.0,0.0
2022-04-20 00:00:00-04:00,153.0,156.3000030517578,142.8000030517578,143.10000610351562,11153,0.0,0.0
2022-04-21 00:00:00-04:00,147.60000610351562,150.3000030517578,129.89999389648438,133.8000030517578,16507,0.0,0.0
2022-04-22 00:00:00-04:00,132.89999389648438,139.1999969482422,130.5,134.10000610351562,8573,0.0,0.0
2022-04-25 00:00:00-04:00,132.60000610351562,145.8000030517578,129.89999389648438,139.1999969482422,10840,0.0,0.0
2022-04-26 00:00:00-04:00,137.6999969482422,137.6999969482422,130.1999969482422,135.60000610351562,10360,0.0,0.0
2022-04-27 00:00:00-04:00,135.3000030517578,142.5,134.10000610351562,134.6999969482422,21573,0.0,0.0
2022-04-28 00:00:00-04:00,135.3000030517578,139.8000030517578,127.19999694824219,131.6999969482422,22620,0.0,0.0
2022-04-29 00:00:00-04:00,129.0,134.39999389648438,122.0999984741211,122.69999694824219,9577,0.0,0.0
2022-05-02 00:00:00-04:00,121.19999694824219,124.19999694824219,114.5999984741211,123.0,12673,0.0,0.0
2022-05-03 00:00:00-04:00,123.30000305175781,124.80000305175781,118.19999694824219,120.5999984741211,6850,0.0,0.0
2022-05-04 00:00:00-04:00,120.9000015258789,127.80000305175781,115.19999694824219,127.5,12927,0.0,0.0
2022-05-05 00:00:00-04:00,124.80000305175781,126.5999984741211,116.4000015258789,119.4000015258789,7440,0.0,0.0
2022-05-06 00:00:00-04:00,120.0,122.69999694824219,110.55000305175781,113.4000015258789,12560,0.0,0.0
2022-05-09 00:00:00-04:00,111.5999984741211,112.19999694824219,97.80000305175781,99.0,12333,0.0,0.0
2022-05-10 00:00:00-04:00,102.9000015258789,104.4000015258789,93.44999694824219,101.4000015258789,12717,0.0,0.0
2022-05-11 00:00:00-04:00,105.9000015258789,111.30000305175781,93.9000015258789,94.19999694824219,12203,0.0,0.0
2022-05-12 00:00:00-04:00,92.4000015258789,97.80000305175781,91.5,95.4000015258789,16060,0.0,0.0
2022-05-13 00:00:00-04:00,98.4000015258789,103.5,97.5,99.0,16273,0.0,0.0
2022-05-16 00:00:00-04:00,100.5,100.5,91.19999694824219,91.80000305175781,8233,0.0,0.0
2022-05-17 00:00:00-04:00,95.0999984741211,102.30000305175781,92.87999725341797,96.5999984741211,7573,0.0,0.0
2022-05-18 00:00:00-04:00,99.9000015258789,101.0999984741211,90.0,91.19999694824219,10863,0.0,0.0
2022-05-19 00:00:00-04:00,90.30000305175781,97.80000305175781,90.30000305175781,93.9000015258789,30030,0.0,0.0
2022-05-20 00:00:00-04:00,99.5999984741211,99.9000015258789,88.5,93.0,23970,0.0,0.0
2022-05-23 00:00:00-04:00,94.80000305175781,103.80000305175781,91.5,93.9000015258789,44493,0.0,0.0
2022-05-24 00:00:00-04:00,91.80000305175781,93.0,87.5999984741211,89.69999694824219,12623,0.0,0.0
2022-05-25 00:00:00-04:00,89.0999984741211,92.4000015258789,86.0999984741211,90.30000305175781,14710,0.0,0.0
2022-05-26 00:00:00-04:00,91.19999694824219,92.4000015258789,85.5,85.80000305175781,26500,0.0,0.0
2022-05-27 00:00:00-04:00,87.9000015258789,96.1500015258789,85.5,92.69999694824219,55527,0.0,0.0
2022-05-31 00:00:00-04:00,93.30000305175781,101.0999984741211,93.30000305175781,97.5,16457,0.0,0.0
2022-06-01 00:00:00-04:00,98.4000015258789,100.5,90.9000015258789,92.0999984741211,11513,0.0,0.0
2022-06-02 00:00:00-04:00,92.0999984741211,103.80000305175781,91.5,102.9000015258789,13897,0.0,0.0
2022-06-03 00:00:00-04:00,101.0999984741211,103.19999694824219,96.0,100.19999694824219,8683,0.0,0.0
2022-06-06 00:00:00-04:00,102.0,103.80000305175781,95.69999694824219,96.0,9523,0.0,0.0
2022-06-07 00:00:00-04:00,93.9000015258789,101.4000015258789,93.5999984741211,101.0999984741211,6713,0.0,0.0
2022-06-08 00:00:00-04:00,100.19999694824219,107.69999694824219,97.6500015258789,105.0,6310,0.0,0.0
2022-06-09 00:00:00-04:00,103.80000305175781,104.4000015258789,99.75,100.80000305175781,7023,0.0,0.0
2022-06-10 00:00:00-04:00,97.5,97.5,92.69999694824219,93.0,7553,0.0,0.0
2022-06-13 00:00:00-04:00,91.19999694824219,92.4000015258789,85.5,85.80000305175781,9743,0.0,0.0
2022-06-14 00:00:00-04:00,88.19999694824219,88.19999694824219,79.80000305175781,85.80000305175781,7110,0.0,0.0
2022-06-15 00:00:00-04:00,87.0,91.19999694824219,86.4000015258789,90.30000305175781,10973,0.0,0.0
2022-06-16 00:00:00-04:00,88.19999694824219,91.5,84.0,86.69999694824219,14203,0.0,0.0
2022-06-17 00:00:00-04:00,86.69999694824219,92.69999694824219,86.69999694824219,90.0,17313,0.0,0.0
2022-06-21 00:00:00-04:00,92.69999694824219,98.0999984741211,90.30000305175781,93.5999984741211,12447,0.0,0.0
2022-06-22 00:00:00-04:00,91.5,100.5,91.5,97.19999694824219,11673,0.0,0.0
2022-06-23 00:00:00-04:00,98.69999694824219,109.5,97.5,108.9000015258789,8537,0.0,0.0
2022-06-24 00:00:00-04:00,109.5,114.0,105.30000305175781,112.80000305175781,68060,0.0,0.0
2022-06-27 00:00:00-04:00,113.4000015258789,117.30000305175781,106.05000305175781,113.0999984741211,11510,0.0,0.0
2022-06-28 00:00:00-04:00,114.0,114.9000015258789,106.5,109.19999694824219,23997,0.0,0.0
2022-06-29 00:00:00-04:00,108.5999984741211,114.30000305175781,104.25,113.0999984741211,13440,0.0,0.0
2022-06-30 00:00:00-04:00,109.5,117.0,109.19999694824219,114.5999984741211,10427,0.0,0.0
2022-07-01 00:00:00-04:00,114.30000305175781,122.0999984741211,109.19999694824219,120.5999984741211,10560,0.0,0.0
2022-07-05 00:00:00-04:00,117.5999984741211,126.9000015258789,115.80000305175781,126.9000015258789,8397,0.0,0.0
2022-07-06 00:00:00-04:00,123.9000015258789,131.6999969482422,123.9000015258789,128.6999969482422,7457,0.0,0.0
2022-07-07 00:00:00-04:00,130.8000030517578,136.5,126.9000015258789,134.6999969482422,6527,0.0,0.0
2022-07-08 00:00:00-04:00,133.5,142.1999969482422,130.5,141.89999389648438,8497,0.0,0.0
2022-07-11 00:00:00-04:00,141.60000610351562,144.0,129.60000610351562,130.1999969482422,10977,0.0,0.0
2022-07-12 00:00:00-04:00,130.5,131.6999969482422,122.4000015258789,126.0,3457,0.0,0.0
2022-07-13 00:00:00-04:00,122.4000015258789,130.5,122.4000015258789,129.3000030517578,3610,0.0,0.0
2022-07-14 00:00:00-04:00,125.69999694824219,129.60000610351562,120.9000015258789,122.69999694824219,4520,0.0,0.0
2022-07-15 00:00:00-04:00,125.4000015258789,126.30000305175781,115.80000305175781,124.19999694824219,4313,0.0,0.0
2022-07-18 00:00:00-04:00,126.30000305175781,130.5,120.9000015258789,122.4000015258789,3397,0.0,0.0
2022-07-19 00:00:00-04:00,124.5,127.80000305175781,120.9000015258789,124.19999694824219,3130,0.0,0.0
2022-07-20 00:00:00-04:00,122.69999694824219,125.69999694824219,114.30000305175781,114.9000015258789,5850,0.0,0.0
2022-07-21 00:00:00-04:00,113.69999694824219,120.30000305175781,113.4000015258789,117.30000305175781,3040,0.0,0.0
2022-07-22 00:00:00-04:00,117.9000015258789,118.80000305175781,105.75,107.69999694824219,6297,0.0,0.0
2022-07-25 00:00:00-04:00,108.5999984741211,108.9000015258789,101.4000015258789,104.0999984741211,3970,0.0,0.0
2022-07-26 00:00:00-04:00,105.30000305175781,108.30000305175781,100.5,105.30000305175781,2900,0.0,0.0
2022-07-27 00:00:00-04:00,106.19999694824219,112.5,104.4000015258789,111.9000015258789,4680,0.0,0.0
2022-07-28 00:00:00-04:00,111.5999984741211,113.0999984741211,104.69999694824219,111.5999984741211,3510,0.0,0.0
2022-07-29 00:00:00-04:00,111.30000305175781,115.80000305175781,109.5,114.30000305175781,3317,0.0,0.0
2022-08-01 00:00:00-04:00,112.19999694824219,119.4000015258789,110.0999984741211,115.19999694824219,4827,0.0,0.0
2022-08-02 00:00:00-04:00,114.9000015258789,120.0,114.9000015258789,116.4000015258789,3360,0.0,0.0
2022-08-03 00:00:00-04:00,119.0999984741211,126.30000305175781,118.80000305175781,125.0999984741211,6247,0.0,0.0
2022-08-04 00:00:00-04:00,125.4000015258789,130.5,123.0,124.5,5200,0.0,0.0
2022-08-05 00:00:00-04:00,120.5999984741211,130.8000030517578,118.6500015258789,130.1999969482422,5247,0.0,0.0
2022-08-08 00:00:00-04:00,132.0,143.39999389648438,130.97999572753906,138.60000610351562,7693,0.0,0.0
2022-08-09 00:00:00-04:00,134.10000610351562,142.13999938964844,128.39999389648438,133.5,5820,0.0,0.0
2022-08-10 00:00:00-04:00,105.9000015258789,106.80000305175781,79.19999694824219,103.19999694824219,55170,0.0,0.0
2022-08-11 00:00:00-04:00,101.0999984741211,119.0999984741211,95.4000015258789,119.0999984741211,22500,0.0,0.0
2022-08-12 00:00:00-04:00,119.0999984741211,127.19999694824219,114.5999984741211,125.4000015258789,17610,0.0,0.0
2022-08-15 00:00:00-04:00,123.30000305175781,131.6999969482422,116.27999877929688,129.3000030517578,8887,0.0,0.0
2022-08-16 00:00:00-04:00,128.10000610351562,128.10000610351562,120.0,120.5999984741211,6693,0.0,0.0
2022-08-17 00:00:00-04:00,115.80000305175781,120.0,95.0999984741211,96.0,10893,0.0,0.0
2022-08-18 00:00:00-04:00,95.69999694824219,95.69999694824219,86.0999984741211,89.25,10377,0.0,0.0
2022-08-19 00:00:00-04:00,88.80000305175781,88.80000305175781,85.19999694824219,87.30000305175781,7483,0.0,0.0
2022-08-22 00:00:00-04:00,85.5,88.11000061035156,82.5,83.4000015258789,7483,0.0,0.0
2022-08-23 00:00:00-04:00,84.0,89.4000015258789,81.30000305175781,86.69999694824219,5823,0.0,0.0
2022-08-24 00:00:00-04:00,87.0,90.30000305175781,84.30000305175781,89.69999694824219,4243,0.0,0.0
2022-08-25 00:00:00-04:00,89.4000015258789,93.0,87.9000015258789,92.0999984741211,3437,0.0,0.0
2022-08-26 00:00:00-04:00,90.9000015258789,91.5,84.0,84.0,3953,0.0,0.0
2022-08-29 00:00:00-04:00,81.9000015258789,85.80000305175781,79.80000305175781,82.19999694824219,8603,0.0,0.0
2022-08-30 00:00:00-04:00,82.19999694824219,82.5,78.5999984741211,81.5999984741211,6810,0.0,0.0
2022-08-31 00:00:00-04:00,81.9000015258789,87.30000305175781,79.80000305175781,80.0999984741211,4260,0.0,0.0
2022-09-01 00:00:00-04:00,81.30000305175781,83.0999984741211,71.4000015258789,76.5,7967,0.0,0.0
2022-09-02 00:00:00-04:00,78.30000305175781,78.30000305175781,73.80000305175781,75.30000305175781,3573,0.0,0.0
2022-09-06 00:00:00-04:00,77.69999694824219,86.69999694824219,75.30000305175781,81.30000305175781,12197,0.0,0.0
2022-09-07 00:00:00-04:00,77.0999984741211,87.9000015258789,77.0999984741211,87.30000305175781,10083,0.0,0.0
2022-09-08 00:00:00-04:00,85.80000305175781,94.80000305175781,83.0999984741211,93.5999984741211,8527,0.0,0.0
2022-09-09 00:00:00-04:00,94.80000305175781,101.69999694824219,92.0999984741211,97.5,11987,0.0,0.0
2022-09-12 00:00:00-04:00,98.69999694824219,100.5,96.0,98.4000015258789,7850,0.0,0.0
2022-09-13 00:00:00-04:00,94.5,99.9000015258789,92.4000015258789,94.5,10597,0.0,0.0
2022-09-14 00:00:00-04:00,93.9000015258789,102.0,92.69999694824219,97.5,16490,0.0,0.0
2022-09-15 00:00:00-04:00,98.69999694824219,104.25,96.30000305175781,100.5,15253,0.0,0.0
2022-09-16 00:00:00-04:00,98.0999984741211,98.0999984741211,88.5,93.9000015258789,52247,0.0,0.0
2022-09-19 00:00:00-04:00,92.0999984741211,94.80000305175781,90.0,94.5,10587,0.0,0.0
2022-09-20 00:00:00-04:00,91.5,97.5,91.5,95.69999694824219,12047,0.0,0.0
2022-09-21 00:00:00-04:00,96.30000305175781,97.19999694824219,94.13999938964844,94.5,8990,0.0,0.0
2022-09-22 00:00:00-04:00,93.30000305175781,93.44999694824219,85.19999694824219,87.9000015258789,9713,0.0,0.0
2022-09-23 00:00:00-04:00,85.80000305175781,85.80000305175781,78.1500015258789,78.9000015258789,4120,0.0,0.0
2022-09-26 00:00:00-04:00,78.9000015258789,80.4000015258789,76.19999694824219,77.0999984741211,4220,0.0,0.0
2022-09-27 00:00:00-04:00,78.0,79.5,74.4000015258789,76.19999694824219,5053,0.0,0.0
2022-09-28 00:00:00-04:00,75.5999984741211,83.69999694824219,75.5999984741211,81.5999984741211,4587,0.0,0.0
2022-09-29 00:00:00-04:00,80.0999984741211,82.19999694824219,75.0,76.80000305175781,4917,0.0,0.0
2022-09-30 00:00:00-04:00,78.30000305175781,79.80000305175781,74.25,75.0,23157,0.0,0.0
2022-10-03 00:00:00-04:00,75.5999984741211,77.25,71.4000015258789,75.0,14493,0.0,0.0
2022-10-04 00:00:00-04:00,76.5,82.05000305175781,75.98999786376953,79.5,9723,0.0,0.0
2022-10-05 00:00:00-04:00,77.4000015258789,78.30000305175781,73.19999694824219,77.4000015258789,10500,0.0,0.0
2022-10-06 00:00:00-04:00,77.0999984741211,81.0,74.4000015258789,77.69999694824219,6503,0.0,0.0
2022-10-07 00:00:00-04:00,76.80000305175781,76.80000305175781,71.0999984741211,72.9000015258789,6113,0.0,0.0
2022-10-10 00:00:00-04:00,73.5,73.5,67.80000305175781,69.9000015258789,5550,0.0,0.0
2022-10-11 00:00:00-04:00,68.4000015258789,69.80999755859375,64.5,66.5999984741211,5370,0.0,0.0
2022-10-12 00:00:00-04:00,66.5999984741211,71.4000015258789,64.5,69.5999984741211,5663,0.0,0.0
2022-10-13 00:00:00-04:00,67.19999694824219,76.19999694824219,66.5999984741211,74.0999984741211,7127,0.0,0.0
2022-10-14 00:00:00-04:00,75.30000305175781,76.19999694824219,69.30000305175781,69.5999984741211,7647,0.0,0.0
2022-10-17 00:00:00-04:00,73.19999694824219,78.0,70.80000305175781,76.80000305175781,4863,0.0,0.0
2022-10-18 00:00:00-04:00,78.9000015258789,82.19999694824219,77.69999694824219,78.0,4040,0.0,0.0
2022-10-19 00:00:00-04:00,77.0999984741211,78.5999984741211,72.30000305175781,75.5999984741211,4523,0.0,0.0
2022-10-20 00:00:00-04:00,77.0999984741211,79.19999694824219,69.5999984741211,71.4000015258789,6927,0.0,0.0
2022-10-21 00:00:00-04:00,72.0,73.19999694824219,66.9000015258789,70.5,6073,0.0,0.0
2022-10-24 00:00:00-04:00,72.30000305175781,72.30000305175781,66.30000305175781,66.5999984741211,5473,0.0,0.0
2022-10-25 00:00:00-04:00,68.69999694824219,73.3499984741211,67.80000305175781,71.69999694824219,3603,0.0,0.0
2022-10-26 00:00:00-04:00,72.9000015258789,79.05000305175781,72.30000305175781,76.5,4977,0.0,0.0
2022-10-27 00:00:00-04:00,78.0,78.0,72.0,74.0999984741211,5547,0.0,0.0
2022-10-28 00:00:00-04:00,75.0,79.19999694824219,72.30000305175781,75.0,5290,0.0,0.0
2022-10-31 00:00:00-04:00,74.69999694824219,82.19999694824219,72.0,79.80000305175781,5183,0.0,0.0
2022-11-01 00:00:00-04:00,81.0,87.0,78.30000305175781,78.5999984741211,8513,0.0,0.0
2022-11-02 00:00:00-04:00,79.80000305175781,82.19999694824219,74.4000015258789,74.69999694824219,4023,0.0,0.0
2022-11-03 00:00:00-04:00,73.5,75.9000015258789,71.4000015258789,71.69999694824219,3650,0.0,0.0
2022-11-04 00:00:00-04:00,73.5,73.5,67.68000030517578,69.0,3580,0.0,0.0
2022-11-07 00:00:00-05:00,68.4000015258789,70.19999694824219,66.30000305175781,67.19999694824219,2940,0.0,0.0
2022-11-08 00:00:00-05:00,68.69999694824219,70.5,61.20000076293945,63.29999923706055,5083,0.0,0.0
2022-11-09 00:00:00-05:00,63.0,64.80000305175781,57.900001525878906,58.79999923706055,8020,0.0,0.0
2022-11-10 00:00:00-05:00,61.79999923706055,71.69999694824219,61.79999923706055,70.5,8793,0.0,0.0
2022-11-11 00:00:00-05:00,68.69999694824219,78.9000015258789,68.69999694824219,74.4000015258789,5893,0.0,0.0
2022-11-14 00:00:00-05:00,73.5,76.19999694824219,68.69999694824219,70.5,6667,0.0,0.0
2022-11-15 00:00:00-05:00,72.0,74.4000015258789,70.19999694824219,71.69999694824219,7320,0.0,0.0
2022-11-16 00:00:00-05:00,71.0999984741211,71.0999984741211,64.5,65.4000015258789,4667,0.0,0.0
2022-11-17 00:00:00-05:00,63.599998474121094,64.5,61.79999923706055,63.0,3997,0.0,0.0
2022-11-18 00:00:00-05:00,65.4000015258789,65.4000015258789,58.5,58.79999923706055,3560,0.0,0.0
2022-11-21 00:00:00-05:00,60.0,61.11000061035156,57.29999923706055,58.5,4137,0.0,0.0
2022-11-22 00:00:00-05:00,58.5,63.900001525878906,57.0,63.0,2253,0.0,0.0
2022-11-23 00:00:00-05:00,63.0,66.30000305175781,61.79999923706055,64.5,3007,0.0,0.0
2022-11-25 00:00:00-05:00,65.69999694824219,65.69999694824219,60.900001525878906,62.400001525878906,493,0.0,0.0
2022-11-28 00:00:00-05:00,62.099998474121094,63.29999923706055,58.20000076293945,59.400001525878906,2303,0.0,0.0
2022-11-29 00:00:00-05:00,59.400001525878906,62.400001525878906,57.29999923706055,57.29999923706055,3313,0.0,0.0
2022-11-30 00:00:00-05:00,58.5,62.400001525878906,54.599998474121094,61.20000076293945,3480,0.0,0.0
2022-12-01 00:00:00-05:00,61.5,64.5,58.5,58.79999923706055,1877,0.0,0.0
2022-12-02 00:00:00-05:00,59.400001525878906,61.20000076293945,55.79999923706055,61.20000076293945,4770,0.0,0.0
2022-12-05 00:00:00-05:00,60.900001525878906,62.849998474121094,55.79999923706055,57.599998474121094,4170,0.0,0.0
2022-12-06 00:00:00-05:00,57.599998474121094,58.5,54.0,54.599998474121094,3267,0.0,0.0
2022-12-07 00:00:00-05:00,54.0,56.400001525878906,54.0,54.599998474121094,1797,0.0,0.0
2022-12-08 00:00:00-05:00,55.20000076293945,59.70000076293945,54.29999923706055,57.29999923706055,2920,0.0,0.0
2022-12-09 00:00:00-05:00,55.79999923706055,63.0,55.20000076293945,59.70000076293945,4893,0.0,0.0
2022-12-12 00:00:00-05:00,59.099998474121094,61.20000076293945,55.79999923706055,56.400001525878906,3900,0.0,0.0
2022-12-13 00:00:00-05:00,62.400001525878906,63.900001525878906,55.5,61.79999923706055,5990,0.0,0.0
2022-12-14 00:00:00-05:00,62.099998474121094,72.9000015258789,61.20000076293945,71.0999984741211,4677,0.0,0.0
2022-12-15 00:00:00-05:00,72.0,72.0,65.0999984741211,67.5,5270,0.0,0.0
2022-12-16 00:00:00-05:00,64.5,65.69999694824219,60.0,62.70000076293945,19860,0.0,0.0
2022-12-19 00:00:00-05:00,62.70000076293945,62.70000076293945,57.900001525878906,58.20000076293945,3473,0.0,0.0
2022-12-20 00:00:00-05:00,58.20000076293945,63.599998474121094,54.29999923706055,59.400001525878906,6357,0.0,0.0
2022-12-21 00:00:00-05:00,60.0,66.5999984741211,58.04999923706055,65.4000015258789,3873,0.0,0.0
2022-12-22 00:00:00-05:00,66.30000305175781,70.5,63.0,68.4000015258789,5107,0.0,0.0
2022-12-23 00:00:00-05:00,69.30000305175781,70.19999694824219,66.30000305175781,66.5999984741211,3683,0.0,0.0
2022-12-27 00:00:00-05:00,66.0,67.80000305175781,63.75,65.0999984741211,4910,0.0,0.0
2022-12-28 00:00:00-05:00,65.0999984741211,66.9000015258789,61.79999923706055,62.70000076293945,2283,0.0,0.0
2022-12-29 00:00:00-05:00,63.599998474121094,65.0999984741211,59.400001525878906,60.599998474121094,3260,0.0,0.0
2022-12-30 00:00:00-05:00,61.5,61.5,58.5,60.29999923706055,2940,0.0,0.0
2023-01-03 00:00:00-05:00,63.599998474121094,63.599998474121094,60.0,61.5,2793,0.0,0.0
2023-01-04 00:00:00-05:00,61.5,66.44999694824219,61.20000076293945,62.400001525878906,2540,0.0,0.0
2023-01-05 00:00:00-05:00,61.5,63.65999984741211,55.79999923706055,57.900001525878906,3237,0.0,0.0
2023-01-06 00:00:00-05:00,58.5,60.56999969482422,57.900001525878906,60.29999923706055,2580,0.0,0.0
2023-01-09 00:00:00-05:00,60.29999923706055,61.95000076293945,57.0,57.29999923706055,4597,0.0,0.0
2023-01-10 00:00:00-05:00,57.29999923706055,59.54999923706055,57.29999923706055,57.900001525878906,1837,0.0,0.0
2023-01-11 00:00:00-05:00,57.29999923706055,59.099998474121094,56.099998474121094,59.099998474121094,5087,0.0,0.0
2023-01-12 00:00:00-05:00,58.79999923706055,60.599998474121094,57.150001525878906,60.29999923706055,4397,0.0,0.0
2023-01-13 00:00:00-05:00,60.29999923706055,63.900001525878906,59.400001525878906,63.29999923706055,4920,0.0,0.0
2023-01-17 00:00:00-05:00,64.5,70.19999694824219,63.599998474121094,68.69999694824219,8217,0.0,0.0
2023-01-18 00:00:00-05:00,68.4000015258789,80.4000015258789,67.5,78.0,8920,0.0,0.0
2023-01-19 00:00:00-05:00,78.0,78.9000015258789,72.30000305175781,75.5999984741211,2993,0.0,0.0
2023-01-20 00:00:00-05:00,78.9000015258789,78.9000015258789,70.5,78.30000305175781,3143,0.0,0.0
2023-01-23 00:00:00-05:00,78.5999984741211,81.30000305175781,73.5,80.4000015258789,2823,0.0,0.0
2023-01-24 00:00:00-05:00,80.4000015258789,80.69999694824219,75.44999694824219,80.0999984741211,1693,0.0,0.0
2023-01-25 00:00:00-05:00,78.0,81.5999984741211,75.9000015258789,81.5999984741211,1587,0.0,0.0
2023-01-26 00:00:00-05:00,81.5999984741211,82.5,80.4000015258789,82.5,2580,0.0,0.0
2023-01-27 00:00:00-05:00,81.30000305175781,83.69999694824219,80.0999984741211,83.0999984741211,2107,0.0,0.0
2023-01-30 00:00:00-05:00,81.0,81.56999969482422,72.5999984741211,74.4000015258789,1447,0.0,0.0
2023-01-31 00:00:00-05:00,75.9000015258789,81.0,74.69999694824219,80.25,2637,0.0,0.0
2023-02-01 00:00:00-05:00,80.0999984741211,81.0,73.19999694824219,78.5999984741211,2310,0.0,0.0
2023-02-02 00:00:00-05:00,78.30000305175781,87.0,78.0,85.80000305175781,5527,0.0,0.0
2023-02-03 00:00:00-05:00,82.80000305175781,89.4000015258789,81.5999984741211,88.5,3103,0.0,0.0
2023-02-06 00:00:00-05:00,86.69999694824219,90.0,84.30000305175781,88.5,3877,0.0,0.0
2023-02-07 00:00:00-05:00,88.5,88.5,79.5,83.69999694824219,3087,0.0,0.0
2023-02-08 00:00:00-05:00,81.9000015258789,87.41999816894531,72.0,73.5,6487,0.0,0.0
2023-02-09 00:00:00-05:00,76.5,81.30000305175781,72.9000015258789,73.80000305175781,4450,0.0,0.0
2023-02-10 00:00:00-05:00,71.69999694824219,72.9000015258789,70.5,72.0,2947,0.0,0.0
2023-02-13 00:00:00-05:00,71.69999694824219,73.80000305175781,69.5999984741211,73.19999694824219,3383,0.0,0.0
2023-02-14 00:00:00-05:00,71.4000015258789,78.0,69.30000305175781,72.5999984741211,2323,0.0,0.0
2023-02-15 00:00:00-05:00,72.5999984741211,72.9000015258789,69.30000305175781,72.30000305175781,2340,0.0,0.0
2023-02-16 00:00:00-05:00,71.4000015258789,74.4000015258789,69.0,72.9000015258789,2150,0.0,0.0
2023-02-17 00:00:00-05:00,72.0,75.44999694824219,72.0,72.5999984741211,3910,0.0,0.0
2023-02-21 00:00:00-05:00,70.80000305175781,75.0,66.5999984741211,67.5,5443,0.0,0.0
2023-02-22 00:00:00-05:00,68.4000015258789,70.19999694824219,66.0,66.9000015258789,2243,0.0,0.0
2023-02-23 00:00:00-05:00,67.5,71.22000122070312,61.5,62.70000076293945,3243,0.0,0.0
2023-02-24 00:00:00-05:00,60.599998474121094,63.599998474121094,59.70000076293945,60.29999923706055,4107,0.0,0.0
2023-02-27 00:00:00-05:00,60.900001525878906,64.19999694824219,60.599998474121094,62.70000076293945,2470,0.0,0.0
2023-02-28 00:00:00-05:00,63.0,66.95999908447266,63.0,64.5,4033,0.0,0.0
2023-03-01 00:00:00-05:00,64.19999694824219,66.1500015258789,58.5,58.79999923706055,6390,0.0,0.0
2023-03-02 00:00:00-05:00,58.5,63.599998474121094,58.5,62.70000076293945,5990,0.0,0.0
2023-03-03 00:00:00-05:00,61.20000076293945,68.0999984741211,58.5,58.79999923706055,4063,0.0,0.0
2023-03-06 00:00:00-05:00,58.79999923706055,64.5,58.5,60.900001525878906,4317,0.0,0.0
2023-03-07 00:00:00-05:00,60.900001525878906,61.79999923706055,57.0,57.0,2153,0.0,0.0
2023-03-08 00:00:00-05:00,57.29999923706055,57.599998474121094,51.29999923706055,51.45000076293945,6787,0.0,0.0
2023-03-09 00:00:00-05:00,51.599998474121094,53.099998474121094,46.5,46.95000076293945,4887,0.0,0.0
2023-03-10 00:00:00-05:00,46.79999923706055,47.70000076293945,41.25,41.54999923706055,9287,0.0,0.0
2023-03-13 00:00:00-04:00,42.0,54.0,42.0,45.599998474121094,13803,0.0,0.0
2023-03-14 00:00:00-04:00,46.20000076293945,46.470001220703125,39.0,39.29999923706055,8360,0.0,0.0
2023-03-15 00:00:00-04:00,39.0,41.400001525878906,38.099998474121094,38.400001525878906,8483,0.0,0.0
2023-03-16 00:00:00-04:00,38.099998474121094,42.599998474121094,35.70000076293945,39.900001525878906,9637,0.0,0.0
2023-03-17 00:00:00-04:00,39.29999923706055,40.79999923706055,37.5,39.29999923706055,9430,0.0,0.0
2023-03-20 00:00:00-04:00,38.099998474121094,42.0,36.209999084472656,38.70000076293945,5390,0.0,0.0
2023-03-21 00:00:00-04:00,41.099998474121094,47.400001525878906,40.20000076293945,42.599998474121094,6330,0.0,0.0
2023-03-22 00:00:00-04:00,42.0,42.900001525878906,37.5,37.650001525878906,4837,0.0,0.0
2023-03-23 00:00:00-04:00,38.400001525878906,38.400001525878906,34.5,35.400001525878906,3600,0.0,0.0
2023-03-24 00:00:00-04:00,34.79999923706055,39.599998474121094,32.400001525878906,33.0,7937,0.0,0.0
2023-03-27 00:00:00-04:00,33.0,34.79999923706055,32.70000076293945,34.650001525878906,7333,0.0,0.0
2023-03-28 00:00:00-04:00,34.5,37.20000076293945,32.400001525878906,33.599998474121094,4463,0.0,0.0
2023-03-29 00:00:00-04:00,33.599998474121094,34.79999923706055,32.099998474121094,34.5,4170,0.0,0.0
2023-03-30 00:00:00-04:00,35.70000076293945,36.900001525878906,33.0,34.79999923706055,3177,0.0,0.0
2023-03-31 00:00:00-04:00,34.5,37.20000076293945,34.5,36.29999923706055,7247,0.0,0.0
2023-04-03 00:00:00-04:00,36.29999923706055,37.20000076293945,34.79999923706055,36.29999923706055,4083,0.0,0.0
2023-04-04 00:00:00-04:00,35.70000076293945,37.20000076293945,35.099998474121094,36.599998474121094,3630,0.0,0.0
2023-04-05 00:00:00-04:00,36.599998474121094,39.29999923706055,34.5,38.400001525878906,5670,0.0,0.0
2023-04-06 00:00:00-04:00,38.70000076293945,39.599998474121094,36.0,38.400001525878906,1890,0.0,0.0
2023-04-10 00:00:00-04:00,38.099998474121094,38.099998474121094,34.79999923706055,35.400001525878906,4320,0.0,0.0
2023-04-11 00:00:00-04:00,35.400001525878906,36.29999923706055,32.400001525878906,33.0,5587,0.0,0.0
2023-04-12 00:00:00-04:00,32.70000076293945,33.599998474121094,30.0,30.0,6213,0.0,0.0
2023-04-13 00:00:00-04:00,30.899999618530273,31.709999084472656,30.0,30.899999618530273,4643,0.0,0.0
2023-04-14 00:00:00-04:00,30.299999237060547,31.799999237060547,30.0,30.899999618530273,4380,0.0,0.0
2023-04-17 00:00:00-04:00,31.799999237060547,33.900001525878906,30.299999237060547,32.400001525878906,7350,0.0,0.0
2023-04-18 00:00:00-04:00,33.599998474121094,35.400001525878906,31.799999237060547,34.79999923706055,7103,0.0,0.0
2023-04-19 00:00:00-04:00,34.20000076293945,36.29999923706055,32.70000076293945,33.599998474121094,4263,0.0,0.0
2023-04-20 00:00:00-04:00,33.0,33.0,30.0,31.5,4770,0.0,0.0
2023-04-21 00:00:00-04:00,31.200000762939453,32.400001525878906,30.0,31.5,4507,0.0,0.0
2023-04-24 00:00:00-04:00,30.899999618530273,31.6200008392334,30.149999618530273,30.600000381469727,3410,0.0,0.0
2023-04-25 00:00:00-04:00,30.0,30.899999618530273,30.0,30.0,3070,0.0,0.0
2023-04-26 00:00:00-04:00,30.0,31.200000762939453,29.969999313354492,30.600000381469727,2240,0.0,0.0
2023-04-27 00:00:00-04:00,30.600000381469727,32.099998474121094,29.700000762939453,30.600000381469727,2907,0.0,0.0
2023-04-28 00:00:00-04:00,30.0,30.600000381469727,28.559999465942383,29.700000762939453,5583,0.0,0.0
2023-05-01 00:00:00-04:00,29.399999618530273,30.600000381469727,28.5,29.25,2207,0.0,0.0
2023-05-02 00:00:00-04:00,29.700000762939453,29.700000762939453,27.65999984741211,28.200000762939453,2630,0.0,0.0
2023-05-03 00:00:00-04:00,28.229999542236328,30.600000381469727,28.229999542236328,30.0,4053,0.0,0.0
2023-05-04 00:00:00-04:00,29.940000534057617,31.799999237060547,29.100000381469727,31.799999237060547,6047,0.0,0.0
2023-05-05 00:00:00-04:00,29.700000762939453,33.45000076293945,29.700000762939453,31.799999237060547,4650,0.0,0.0
2023-05-08 00:00:00-04:00,31.200000762939453,32.400001525878906,29.399999618530273,31.5,4953,0.0,0.0
2023-05-09 00:00:00-04:00,31.5,33.0,29.399999618530273,33.0,3553,0.0,0.0
2023-05-10 00:00:00-04:00,33.0,36.29999923706055,30.600000381469727,36.0,8637,0.0,0.0
2023-05-11 00:00:00-04:00,35.70000076293945,35.70000076293945,31.799999237060547,32.099998474121094,6963,0.0,0.0
2023-05-12 00:00:00-04:00,32.099998474121094,33.150001525878906,23.850000381469727,24.719999313354492,15870,0.0,0.0
2023-05-15 00:00:00-04:00,25.170000076293945,27.75,24.299999237060547,26.790000915527344,6530,0.0,0.0
2023-05-16 00:00:00-04:00,25.200000762939453,26.520000457763672,24.0,24.600000381469727,9193,0.0,0.0
2023-05-17 00:00:00-04:00,24.299999237060547,24.600000381469727,22.950000762939453,23.90999984741211,17677,0.0,0.0
2023-05-18 00:00:00-04:00,23.399999618530273,24.600000381469727,23.100000381469727,24.0,8630,0.0,0.0
2023-05-19 00:00:00-04:00,26.399999618530273,28.5,24.8700008392334,26.969999313354492,13563,0.0,0.0
2023-05-22 00:00:00-04:00,27.0,32.400001525878906,25.889999389648438,31.200000762939453,11683,0.0,0.0
2023-05-23 00:00:00-04:00,33.0,34.20000076293945,32.099998474121094,33.599998474121094,9700,0.0,0.0
2023-05-24 00:00:00-04:00,33.29999923706055,33.29999923706055,30.899999618530273,31.5,5237,0.0,0.0
2023-05-25 00:00:00-04:00,31.200000762939453,32.400001525878906,31.200000762939453,31.799999237060547,4003,0.0,0.0
2023-05-26 00:00:00-04:00,31.5,33.599998474121094,31.200000762939453,32.400001525878906,8677,0.0,0.0
2023-05-30 00:00:00-04:00,33.0,33.029998779296875,31.200000762939453,31.5,2793,0.0,0.0
2023-05-31 00:00:00-04:00,31.5,32.400001525878906,30.899999618530273,31.649999618530273,5453,0.0,0.0
2023-06-01 00:00:00-04:00,31.799999237060547,31.799999237060547,27.510000228881836,27.719999313354492,5463,0.0,0.0
2023-06-02 00:00:00-04:00,27.899999618530273,27.899999618530273,25.950000762939453,27.149999618530273,6063,0.0,0.0
2023-06-05 00:00:00-04:00,26.940000534057617,28.469999313354492,25.799999237060547,27.059999465942383,5537,0.0,0.0
2023-06-06 00:00:00-04:00,27.0,28.260000228881836,26.06999969482422,27.93000030517578,9393,0.0,0.0
2023-06-07 00:00:00-04:00,28.200000762939453,29.010000228881836,24.0,25.799999237060547,18513,0.0,0.0
2023-06-08 00:00:00-04:00,25.799999237060547,26.850000381469727,24.600000381469727,25.110000610351562,8237,0.0,0.0
2023-06-09 00:00:00-04:00,24.8700008392334,26.100000381469727,24.65999984741211,25.290000915527344,3090,0.0,0.0
2023-06-12 00:00:00-04:00,25.799999237060547,26.610000610351562,25.200000762939453,25.770000457763672,4087,0.0,0.0
2023-06-13 00:00:00-04:00,25.68000030517578,26.399999618530273,24.65999984741211,25.68000030517578,5263,0.0,0.0
2023-06-14 00:00:00-04:00,26.399999618530273,26.399999618530273,24.600000381469727,25.5,11740,0.0,0.0
2023-06-15 00:00:00-04:00,25.079999923706055,26.06999969482422,24.6299991607666,25.6200008392334,8403,0.0,0.0
2023-06-16 00:00:00-04:00,25.889999389648438,26.3700008392334,24.899999618530273,26.010000228881836,12367,0.0,0.0
2023-06-20 00:00:00-04:00,26.3700008392334,26.399999618530273,24.239999771118164,24.420000076293945,11963,0.0,0.0
2023-06-21 00:00:00-04:00,24.389999389648438,25.170000076293945,23.700000762939453,23.969999313354492,9670,0.0,0.0
2023-06-22 00:00:00-04:00,24.600000381469727,25.770000457763672,23.700000762939453,24.450000762939453,5850,0.0,0.0
2023-06-23 00:00:00-04:00,24.450000762939453,24.899999618530273,23.399999618530273,23.399999618530273,221503,0.0,0.0
2023-06-26 00:00:00-04:00,23.700000762939453,24.600000381469727,23.459999084472656,24.299999237060547,5757,0.0,0.0
2023-06-27 00:00:00-04:00,24.299999237060547,25.31999969482422,22.799999237060547,24.1200008392334,7863,0.0,0.0
2023-06-28 00:00:00-04:00,24.299999237060547,24.899999618530273,23.729999542236328,24.0,5270,0.0,0.0
2023-06-29 00:00:00-04:00,24.0,25.31999969482422,24.0,24.65999984741211,3610,0.0,0.0
2023-06-30 00:00:00-04:00,25.200000762939453,26.729999542236328,24.899999618530273,24.899999618530273,7997,0.0,0.0
2023-07-03 00:00:00-04:00,25.200000762939453,25.440000534057617,24.0,24.600000381469727,1070,0.0,0.0
2023-07-05 00:00:00-04:00,24.780000686645508,26.040000915527344,24.0,24.540000915527344,3487,0.0,0.0
2023-07-06 00:00:00-04:00,24.299999237060547,24.65999984741211,23.399999618530273,23.700000762939453,5837,0.0,0.0
2023-07-07 00:00:00-04:00,23.399999618530273,24.719999313354492,23.399999618530273,24.059999465942383,3133,0.0,0.0
2023-07-10 00:00:00-04:00,24.600000381469727,26.399999618530273,24.299999237060547,25.079999923706055,5707,0.0,0.0
2023-07-11 00:00:00-04:00,25.200000762939453,26.399999618530273,25.200000762939453,25.5,3717,0.0,0.0
2023-07-12 00:00:00-04:00,26.399999618530273,28.3799991607666,25.799999237060547,27.270000457763672,6793,0.0,0.0
2023-07-13 00:00:00-04:00,27.0,29.700000762939453,26.399999618530273,27.030000686645508,3710,0.0,0.0
2023-07-14 00:00:00-04:00,29.280000686645508,29.43000030517578,26.700000762939453,27.18000030517578,1860,0.0,0.0
2023-07-17 00:00:00-04:00,27.299999237060547,30.0,26.850000381469727,28.5,977,0.0,0.0
2023-07-18 00:00:00-04:00,29.100000381469727,31.5,28.020000457763672,29.399999618530273,2130,0.0,0.0
2023-07-19 00:00:00-04:00,28.799999237060547,29.90999984741211,28.200000762939453,29.700000762939453,2603,0.0,0.0
2023-07-20 00:00:00-04:00,29.010000228881836,30.0,28.40999984741211,28.950000762939453,1160,0.0,0.0
2023-07-21 00:00:00-04:00,28.889999389648438,29.700000762939453,27.56999969482422,27.56999969482422,3580,0.0,0.0
2023-07-24 00:00:00-04:00,28.200000762939453,28.3799991607666,26.399999618530273,26.549999237060547,5633,0.0,0.0
2023-07-25 00:00:00-04:00,26.549999237060547,27.059999465942383,24.450000762939453,25.110000610351562,9007,0.0,0.0
2023-07-26 00:00:00-04:00,24.989999771118164,25.860000610351562,23.549999237060547,24.0,9133,0.0,0.0
2023-07-27 00:00:00-04:00,24.299999237060547,27.600000381469727,23.729999542236328,24.0,22467,0.0,0.0
2023-07-28 00:00:00-04:00,23.790000915527344,24.959999084472656,23.790000915527344,24.0,21027,0.0,0.0
2023-07-31 00:00:00-04:00,24.299999237060547,24.600000381469727,23.790000915527344,23.790000915527344,1637,0.0,0.0
2023-08-01 00:00:00-04:00,24.0,24.059999465942383,23.459999084472656,23.700000762939453,3067,0.0,0.0
2023-08-02 00:00:00-04:00,23.549999237060547,23.760000228881836,22.200000762939453,22.799999237060547,7213,0.0,0.0
2023-08-03 00:00:00-04:00,22.5,22.799999237060547,22.290000915527344,22.68000030517578,3560,0.0,0.0
2023-08-04 00:00:00-04:00,22.6200008392334,23.06999969482422,22.229999542236328,22.40999984741211,3083,0.0,0.0
2023-08-07 00:00:00-04:00,22.5,24.0,21.600000381469727,22.110000610351562,3730,0.0,0.0
2023-08-08 00:00:00-04:00,21.6299991607666,22.5,21.600000381469727,21.899999618530273,1827,0.0,0.0
2023-08-09 00:00:00-04:00,21.899999618530273,22.950000762939453,21.030000686645508,21.030000686645508,4690,0.0,0.0
2023-08-10 00:00:00-04:00,21.600000381469727,22.5,19.799999237060547,20.399999618530273,9660,0.0,0.0
2023-08-11 00:00:00-04:00,20.309999465942383,20.700000762939453,16.889999389648438,17.399999618530273,27083,0.0,0.0
2023-08-14 00:00:00-04:00,17.399999618530273,18.0,15.0,16.229999542236328,24850,0.0,0.0
2023-08-15 00:00:00-04:00,16.200000762939453,16.649999618530273,15.600000381469727,16.079999923706055,8390,0.0,0.0
2023-08-16 00:00:00-04:00,16.200000762939453,17.399999618530273,15.300000190734863,15.779999732971191,2817,0.0,0.0
2023-08-17 00:00:00-04:00,15.6899995803833,16.59000015258789,15.029999732971191,15.239999771118164,4813,0.0,0.0
2023-08-18 00:00:00-04:00,15.029999732971191,15.75,15.029999732971191,15.09000015258789,2813,0.0,0.0
2023-08-21 00:00:00-04:00,15.029999732971191,16.049999237060547,14.399999618530273,15.0,15160,0.0,0.0
2023-08-22 00:00:00-04:00,14.579999923706055,15.0,14.399999618530273,14.760000228881836,8293,0.0,0.0
2023-08-23 00:00:00-04:00,15.0,15.75,13.949999809265137,14.3100004196167,4613,0.0,0.0
2023-08-24 00:00:00-04:00,15.300000190734863,15.300000190734863,13.829999923706055,14.130000114440918,8457,0.0,0.0
2023-08-25 00:00:00-04:00,13.829999923706055,15.300000190734863,13.800000190734863,14.100000381469727,8263,0.0,0.0
2023-08-28 00:00:00-04:00,14.25,14.699999809265137,14.069999694824219,14.100000381469727,5133,0.0,0.0
2023-08-29 00:00:00-04:00,13.949999809265137,14.399999618530273,13.800000190734863,14.100000381469727,3270,0.0,0.0
2023-08-30 00:00:00-04:00,14.100000381469727,15.0,13.829999923706055,14.100000381469727,10083,0.0,0.0
2023-08-31 00:00:00-04:00,15.0,15.0,14.010000228881836,14.100000381469727,14387,0.0,0.0
2023-09-01 00:00:00-04:00,14.25,15.300000190734863,14.069999694824219,14.100000381469727,8740,0.0,0.0
2023-09-05 00:00:00-04:00,14.100000381469727,14.699999809265137,13.680000305175781,13.979999542236328,6750,0.0,0.0
2023-09-06 00:00:00-04:00,14.670000076293945,14.699999809265137,13.5600004196167,13.710000038146973,8777,0.0,0.0
2023-09-07 00:00:00-04:00,13.5600004196167,14.130000114440918,13.199999809265137,13.289999961853027,6980,0.0,0.0
2023-09-08 00:00:00-04:00,13.199999809265137,14.100000381469727,13.109999656677246,13.199999809265137,3167,0.0,0.0
2023-09-11 00:00:00-04:00,13.5,13.649999618530273,13.050000190734863,13.050000190734863,5210,0.0,0.0
2023-09-12 00:00:00-04:00,13.59000015258789,13.800000190734863,13.050000190734863,13.109999656677246,3193,0.0,0.0
2023-09-13 00:00:00-04:00,13.5,13.5,12.8100004196167,12.8100004196167,2377,0.0,0.0
2023-09-14 00:00:00-04:00,12.329999923706055,13.350000381469727,12.300000190734863,12.510000228881836,6763,0.0,0.0
2023-09-15 00:00:00-04:00,13.109999656677246,13.470000267028809,12.449999809265137,12.569999694824219,4683,0.0,0.0
2023-09-18 00:00:00-04:00,12.600000381469727,12.899999618530273,11.819999694824219,11.819999694824219,8057,0.0,0.0
2023-09-19 00:00:00-04:00,12.0,12.0,11.369999885559082,11.369999885559082,8520,0.0,0.0
2023-09-20 00:00:00-04:00,11.699999809265137,11.699999809265137,10.800000190734863,11.100000381469727,27727,0.0,0.0
2023-09-21 00:00:00-04:00,11.609999656677246,11.789999961853027,10.829999923706055,11.789999961853027,4477,0.0,0.0
2023-09-22 00:00:00-04:00,11.789999961853027,11.880000114440918,11.220000267028809,11.430000305175781,39673,0.0,0.0
2023-09-25 00:00:00-04:00,12.300000190734863,12.569999694824219,11.399999618530273,12.0600004196167,3290,0.0,0.0
2023-09-26 00:00:00-04:00,12.239999771118164,12.569999694824219,11.460000038146973,11.819999694824219,2727,0.0,0.0
2023-09-27 00:00:00-04:00,12.0,12.539999961853027,11.699999809265137,11.9399995803833,2293,0.0,0.0
2023-09-28 00:00:00-04:00,11.699999809265137,12.0,11.399999618530273,11.399999618530273,2847,0.0,0.0
2023-09-29 00:00:00-04:00,11.399999618530273,12.119999885559082,11.399999618530273,11.430000305175781,4197,0.0,0.0
2023-10-02 00:00:00-04:00,11.100000381469727,12.0,10.680000305175781,10.710000038146973,3477,0.0,0.0
2023-10-03 00:00:00-04:00,10.5,11.100000381469727,10.229999542236328,10.680000305175781,17730,0.0,0.0
2023-10-04 00:00:00-04:00,10.800000190734863,11.15999984741211,10.770000457763672,11.100000381469727,4227,0.0,0.0
2023-10-05 00:00:00-04:00,11.399999618530273,11.399999618530273,10.800000190734863,11.010000228881836,6357,0.0,0.0
2023-10-06 00:00:00-04:00,10.680000305175781,11.399999618530273,10.680000305175781,11.100000381469727,1857,0.0,0.0
2023-10-09 00:00:00-04:00,10.829999923706055,11.100000381469727,9.630000114440918,10.619999885559082,4807,0.0,0.0
2023-10-10 00:00:00-04:00,10.5,11.100000381469727,10.5,10.920000076293945,17653,0.0,0.0
2023-10-11 00:00:00-04:00,11.399999618530273,11.699999809265137,10.800000190734863,11.15999984741211,7070,0.0,0.0
2023-10-12 00:00:00-04:00,10.829999923706055,11.399999618530273,10.800000190734863,11.100000381469727,6690,0.0,0.0
2023-10-13 00:00:00-04:00,10.800000190734863,11.460000038146973,10.680000305175781,11.279999732971191,5123,0.0,0.0
2023-10-16 00:00:00-04:00,11.25,12.0,10.829999923706055,10.829999923706055,6730,0.0,0.0
2023-10-17 00:00:00-04:00,10.59000015258789,11.699999809265137,10.5,10.800000190734863,8100,0.0,0.0
2023-10-18 00:00:00-04:00,10.5,11.699999809265137,10.5,10.800000190734863,7207,0.0,0.0
2023-10-19 00:00:00-04:00,11.100000381469727,11.699999809265137,10.5600004196167,10.680000305175781,2797,0.0,0.0
2023-10-20 00:00:00-04:00,10.680000305175781,10.800000190734863,10.5,10.619999885559082,777,0.0,0.0
2023-10-23 00:00:00-04:00,10.5,11.010000228881836,10.199999809265137,10.5,4867,0.0,0.0
2023-10-24 00:00:00-04:00,10.199999809265137,10.800000190734863,10.199999809265137,10.800000190734863,3690,0.0,0.0
2023-10-25 00:00:00-04:00,10.800000190734863,11.399999618530273,10.619999885559082,11.1899995803833,2000,0.0,0.0
2023-10-26 00:00:00-04:00,11.15999984741211,11.399999618530273,10.199999809265137,10.5,660,0.0,0.0
2023-10-27 00:00:00-04:00,10.800000190734863,10.829999923706055,9.779999732971191,9.989999771118164,6327,0.0,0.0
2023-10-30 00:00:00-04:00,9.899999618530273,10.199999809265137,9.65999984741211,9.899999618530273,5693,0.0,0.0
2023-10-31 00:00:00-04:00,9.899999618530273,10.199999809265137,9.630000114440918,9.989999771118164,1653,0.0,0.0
2023-11-01 00:00:00-04:00,9.989999771118164,10.199999809265137,9.359999656677246,9.899999618530273,2267,0.0,0.0
2023-11-02 00:00:00-04:00,9.899999618530273,10.619999885559082,9.899999618530273,10.199999809265137,4383,0.0,0.0
2023-11-03 00:00:00-04:00,10.199999809265137,11.369999885559082,10.199999809265137,10.800000190734863,647,0.0,0.0
2023-11-06 00:00:00-05:00,10.800000190734863,12.0,10.800000190734863,11.520000457763672,5457,0.0,0.0
2023-11-07 00:00:00-05:00,12.0600004196167,17.399999618530273,12.0600004196167,15.75,379900,0.0,0.0
2023-11-08 00:00:00-05:00,17.25,18.270000457763672,15.0600004196167,17.399999618530273,173433,0.0,0.0
2023-11-09 00:00:00-05:00,16.739999771118164,18.959999084472656,14.130000114440918,15.779999732971191,109950,0.0,0.0
2023-11-10 00:00:00-05:00,15.149999618530273,15.600000381469727,9.300000190734863,11.25,133900,0.0,0.0
2023-11-13 00:00:00-05:00,9.600000381469727,10.800000190734863,9.600000381469727,10.5,28030,0.0,0.0
2023-11-14 00:00:00-05:00,10.380000114440918,11.220000267028809,9.960000038146973,11.069999694824219,15277,0.0,0.0
2023-11-15 00:00:00-05:00,10.050000190734863,11.850000381469727,9.899999618530273,11.850000381469727,37543,0.0,0.0
2023-11-16 00:00:00-05:00,11.550000190734863,13.5,11.100000381469727,12.75,27623,0.0,0.0
2023-11-17 00:00:00-05:00,13.199999809265137,13.380000114440918,12.0600004196167,13.109999656677246,10810,0.0,0.0
2023-11-20 00:00:00-05:00,13.529999732971191,13.529999732971191,11.819999694824219,12.149999618530273,18907,0.0,0.0
2023-11-21 00:00:00-05:00,12.75,13.199999809265137,11.699999809265137,12.359999656677246,8207,0.0,0.0
2023-11-22 00:00:00-05:00,12.029999732971191,13.079999923706055,12.0,12.300000190734863,4580,0.0,0.0
2023-11-24 00:00:00-05:00,12.300000190734863,13.289999961853027,12.300000190734863,12.479999542236328,3123,0.0,0.0
2023-11-27 00:00:00-05:00,12.75,13.380000114440918,12.180000305175781,12.210000038146973,8680,0.0,0.0
2023-11-28 00:00:00-05:00,13.319999694824219,13.319999694824219,11.550000190734863,11.670000076293945,7953,0.0,0.0
2023-11-29 00:00:00-05:00,11.399999618530273,12.600000381469727,11.399999618530273,11.430000305175781,6633,0.0,0.0
2023-11-30 00:00:00-05:00,11.760000228881836,11.970000267028809,11.369999885559082,11.760000228881836,15180,0.0,0.0
2023-12-01 00:00:00-05:00,12.270000457763672,12.539999961853027,11.699999809265137,12.510000228881836,5767,0.0,0.0
2023-12-04 00:00:00-05:00,12.510000228881836,12.899999618530273,12.180000305175781,12.899999618530273,2913,0.0,0.0
2023-12-05 00:00:00-05:00,12.569999694824219,12.899999618530273,11.550000190734863,11.850000381469727,10117,0.0,0.0
2023-12-06 00:00:00-05:00,11.699999809265137,11.970000267028809,11.25,11.579999923706055,16067,0.0,0.0
2023-12-07 00:00:00-05:00,12.210000038146973,12.270000457763672,11.220000267028809,11.609999656677246,9690,0.0,0.0
2023-12-08 00:00:00-05:00,11.609999656677246,11.699999809265137,11.399999618530273,11.550000190734863,3220,0.0,0.0
2023-12-11 00:00:00-05:00,12.0,12.0,11.550000190734863,11.579999923706055,5137,0.0,0.0
2023-12-12 00:00:00-05:00,12.0,12.0,11.399999618530273,11.850000381469727,7653,0.0,0.0
2023-12-13 00:00:00-05:00,12.300000190734863,12.300000190734863,11.460000038146973,12.029999732971191,7220,0.0,0.0
2023-12-14 00:00:00-05:00,12.300000190734863,12.84000015258789,12.029999732971191,12.600000381469727,8913,0.0,0.0
2023-12-15 00:00:00-05:00,12.869999885559082,12.869999885559082,12.029999732971191,12.75,5950,0.0,0.0
2023-12-18 00:00:00-05:00,12.600000381469727,13.199999809265137,12.300000190734863,12.600000381469727,4407,0.0,0.0
2023-12-19 00:00:00-05:00,12.600000381469727,14.039999961853027,12.600000381469727,13.859999656677246,11783,0.0,0.0
2023-12-20 00:00:00-05:00,14.279999732971191,14.279999732971191,12.029999732971191,12.270000457763672,9193,0.0,0.0
2023-12-21 00:00:00-05:00,12.300000190734863,12.899999618530273,12.0,12.600000381469727,3277,0.0,0.0
2023-12-22 00:00:00-05:00,12.300000190734863,13.170000076293945,12.0,12.869999885559082,4540,0.0,0.0
2023-12-26 00:00:00-05:00,12.359999656677246,13.020000457763672,12.029999732971191,12.449999809265137,7377,0.0,0.0
2023-12-27 00:00:00-05:00,12.449999809265137,13.710000038146973,12.449999809265137,13.380000114440918,8000,0.0,0.0
2023-12-28 00:00:00-05:00,13.649999618530273,15.210000038146973,13.050000190734863,14.130000114440918,15053,0.0,0.0
2023-12-29 00:00:00-05:00,14.579999923706055,14.850000381469727,12.600000381469727,13.800000190734863,6833,0.0,0.0
2024-01-02 00:00:00-05:00,13.800000190734863,15.479999542236328,13.800000190734863,14.550000190734863,12450,0.0,0.0
2024-01-03 00:00:00-05:00,14.699999809265137,14.789999961853027,13.949999809265137,14.789999961853027,6900,0.0,0.0
2024-01-04 00:00:00-05:00,14.399999618530273,14.699999809265137,13.229999542236328,14.069999694824219,4697,0.0,0.0
2024-01-05 00:00:00-05:00,13.350000381469727,13.800000190734863,12.479999542236328,12.899999618530273,4370,0.0,0.0
2024-01-08 00:00:00-05:00,12.479999542236328,14.039999961853027,12.479999542236328,13.079999923706055,3193,0.0,0.0
2024-01-09 00:00:00-05:00,12.479999542236328,13.289999961853027,12.479999542236328,13.199999809265137,3407,0.0,0.0
2024-01-10 00:00:00-05:00,12.75,13.050000190734863,12.600000381469727,12.75,950,0.0,0.0
2024-01-11 00:00:00-05:00,12.899999618530273,13.5,12.600000381469727,12.84000015258789,3943,0.0,0.0
2024-01-12 00:00:00-05:00,12.989999771118164,13.170000076293945,12.84000015258789,13.050000190734863,2720,0.0,0.0
2024-01-16 00:00:00-05:00,13.199999809265137,13.199999809265137,12.0600004196167,12.449999809265137,4160,0.0,0.0
2024-01-17 00:00:00-05:00,12.600000381469727,13.079999923706055,12.0,12.270000457763672,3560,0.0,0.0
2024-01-18 00:00:00-05:00,12.479999542236328,12.84000015258789,12.149999618530273,12.149999618530273,617,0.0,0.0
2024-01-19 00:00:00-05:00,12.149999618530273,13.199999809265137,12.029999732971191,12.329999923706055,6270,0.0,0.0
2024-01-22 00:00:00-05:00,13.5,13.5,12.539999961853027,12.600000381469727,1573,0.0,0.0
2024-01-23 00:00:00-05:00,12.960000038146973,13.199999809265137,12.149999618530273,12.149999618530273,1983,0.0,0.0
2024-01-24 00:00:00-05:00,12.75,13.5,12.75,13.020000457763672,4370,0.0,0.0
2024-01-25 00:00:00-05:00,13.5,14.100000381469727,12.600000381469727,13.829999923706055,2140,0.0,0.0
2024-01-26 00:00:00-05:00,13.800000190734863,14.100000381469727,12.180000305175781,14.100000381469727,1297,0.0,0.0
2024-01-29 00:00:00-05:00,13.949999809265137,15.0,13.5,15.0,2543,0.0,0.0
2024-01-30 00:00:00-05:00,13.949999809265137,15.239999771118164,13.739999771118164,15.0,873,0.0,0.0
2024-01-31 00:00:00-05:00,15.0,16.350000381469727,14.100000381469727,15.149999618530273,5073,0.0,0.0
2024-02-01 00:00:00-05:00,16.200000762939453,16.200000762939453,15.0,15.779999732971191,2977,0.0,0.0
2024-02-02 00:00:00-05:00,15.899999618530273,16.799999237060547,14.399999618530273,16.799999237060547,8760,0.0,0.0
2024-02-05 00:00:00-05:00,17.399999618530273,17.81999969482422,16.5,17.3700008392334,13353,0.0,0.0
2024-02-06 00:00:00-05:00,18.0,18.600000381469727,17.100000381469727,18.299999237060547,7260,0.0,0.0
2024-02-07 00:00:00-05:00,18.899999618530273,18.899999618530273,17.700000762939453,18.299999237060547,2053,0.0,0.0
2024-02-08 00:00:00-05:00,18.299999237060547,18.299999237060547,17.700000762939453,17.700000762939453,2253,0.0,0.0
2024-02-09 00:00:00-05:00,18.600000381469727,18.600000381469727,16.530000686645508,16.799999237060547,4397,0.0,0.0
2024-02-12 00:00:00-05:00,17.399999618530273,18.0,13.350000381469727,15.300000190734863,9613,0.0,0.0
2024-02-13 00:00:00-05:00,15.300000190734863,15.300000190734863,13.949999809265137,14.130000114440918,3060,0.0,0.0
2024-02-14 00:00:00-05:00,14.550000190734863,16.31999969482422,13.529999732971191,15.149999618530273,1563,0.0,0.0
2024-02-15 00:00:00-05:00,16.200000762939453,17.34000015258789,15.600000381469727,15.600000381469727,1720,0.0,0.0
2024-02-16 00:00:00-05:00,15.630000114440918,16.5,15.600000381469727,16.40999984741211,2313,0.0,0.0
2024-02-20 00:00:00-05:00,16.68000030517578,17.1299991607666,14.699999809265137,15.869999885559082,3210,0.0,0.0
2024-02-21 00:00:00-05:00,15.569999694824219,16.5,14.850000381469727,15.300000190734863,1413,0.0,0.0
2024-02-22 00:00:00-05:00,15.899999618530273,16.40999984741211,15.0,15.569999694824219,2593,0.0,0.0
2024-02-23 00:00:00-05:00,16.350000381469727,16.799999237060547,14.34000015258789,16.5,5500,0.0,0.0
2024-02-26 00:00:00-05:00,16.979999542236328,18.450000762939453,16.559999465942383,18.299999237060547,7803,0.0,0.0
2024-02-27 00:00:00-05:00,18.600000381469727,19.799999237060547,17.520000457763672,17.639999389648438,5467,0.0,0.0
2024-02-28 00:00:00-05:00,18.450000762939453,18.600000381469727,17.399999618530273,17.610000610351562,2107,0.0,0.0
2024-02-29 00:00:00-05:00,17.010000228881836,17.700000762939453,16.649999618530273,17.100000381469727,8617,0.0,0.0
2024-03-01 00:00:00-05:00,16.799999237060547,18.6299991607666,16.799999237060547,18.149999618530273,2710,0.0,0.0
2024-03-04 00:00:00-05:00,18.0,18.299999237060547,17.100000381469727,17.399999618530273,3257,0.0,0.0
2024-03-05 00:00:00-05:00,18.270000457763672,18.270000457763672,16.530000686645508,16.770000457763672,2853,0.0,0.0
2024-03-06 00:00:00-05:00,16.799999237060547,17.579999923706055,15.359999656677246,15.479999542236328,947,0.0,0.0
2024-03-07 00:00:00-05:00,15.479999542236328,16.709999084472656,15.390000343322754,15.449999809265137,2477,0.0,0.0
2024-03-08 00:00:00-05:00,16.709999084472656,17.670000076293945,15.390000343322754,17.06999969482422,3820,0.0,0.0
2024-03-11 00:00:00-04:00,16.799999237060547,16.799999237060547,15.75,15.960000038146973,1520,0.0,0.0
2024-03-12 00:00:00-04:00,15.600000381469727,17.670000076293945,15.600000381469727,15.899999618530273,2910,0.0,0.0
2024-03-13 00:00:00-04:00,15.899999618530273,16.3799991607666,15.600000381469727,16.350000381469727,2143,0.0,0.0
2024-03-14 00:00:00-04:00,16.469999313354492,16.469999313354492,14.699999809265137,15.029999732971191,11353,0.0,0.0
2024-03-15 00:00:00-04:00,15.149999618530273,15.149999618530273,14.699999809265137,15.0,1387,0.0,0.0
2024-03-18 00:00:00-04:00,15.0,16.709999084472656,15.0,16.40999984741211,2420,0.0,0.0
2024-03-19 00:00:00-04:00,17.100000381469727,17.100000381469727,15.0,15.420000076293945,3117,0.0,0.0
2024-03-20 00:00:00-04:00,15.510000228881836,15.75,14.850000381469727,15.720000267028809,2073,0.0,0.0
2024-03-21 00:00:00-04:00,16.049999237060547,16.31999969482422,14.760000228881836,14.789999961853027,2657,0.0,0.0
2024-03-22 00:00:00-04:00,15.600000381469727,16.170000076293945,14.729999542236328,15.449999809265137,2340,0.0,0.0
2024-03-25 00:00:00-04:00,15.539999961853027,15.899999618530273,14.850000381469727,15.149999618530273,2913,0.0,0.0
2024-03-26 00:00:00-04:00,15.149999618530273,15.899999618530273,15.0,15.329999923706055,2433,0.0,0.0
2024-03-27 00:00:00-04:00,14.850000381469727,15.600000381469727,14.3100004196167,15.510000228881836,3680,0.0,0.0
2024-03-28 00:00:00-04:00,15.600000381469727,15.989999771118164,15.300000190734863,15.420000076293945,1913,0.0,0.0
2024-04-01 00:00:00-04:00,15.210000038146973,15.300000190734863,15.0,15.210000038146973,1463,0.0,0.0
2024-04-02 00:00:00-04:00,15.420000076293945,15.630000114440918,14.430000305175781,15.119999885559082,6800,0.0,0.0
2024-04-03 00:00:00-04:00,15.09000015258789,15.510000228881836,14.550000190734863,14.670000076293945,713,0.0,0.0
2024-04-04 00:00:00-04:00,15.0,15.300000190734863,14.399999618530273,14.550000190734863,3813,0.0,0.0
2024-04-05 00:00:00-04:00,14.850000381469727,14.850000381469727,14.399999618530273,14.489999771118164,880,0.0,0.0
2024-04-08 00:00:00-04:00,14.399999618530273,15.0,14.399999618530273,14.670000076293945,993,0.0,0.0
2024-04-09 00:00:00-04:00,14.90999984741211,14.90999984741211,13.5,13.829999923706055,2070,0.0,0.0
2024-04-10 00:00:00-04:00,14.100000381469727,14.130000114440918,12.600000381469727,12.720000267028809,3770,0.0,0.0
2024-04-11 00:00:00-04:00,12.600000381469727,12.75,10.800000190734863,12.029999732971191,9440,0.0,0.0
2024-04-12 00:00:00-04:00,11.729999542236328,12.84000015258789,11.729999542236328,12.84000015258789,10220,0.0,0.0
2024-04-15 00:00:00-04:00,12.449999809265137,12.84000015258789,11.3100004196167,11.3100004196167,4290,0.0,0.0
2024-04-16 00:00:00-04:00,12.0,12.600000381469727,11.399999618530273,11.699999809265137,9653,0.0,0.0
2024-04-17 00:00:00-04:00,12.180000305175781,12.180000305175781,11.279999732971191,11.9399995803833,8577,0.0,0.0
2024-04-18 00:00:00-04:00,12.270000457763672,12.449999809265137,11.550000190734863,11.670000076293945,800,0.0,0.0
2024-04-19 00:00:00-04:00,12.239999771118164,12.300000190734863,11.489999771118164,11.850000381469727,3977,0.0,0.0
2024-04-22 00:00:00-04:00,12.390000343322754,12.420000076293945,11.760000228881836,12.0,1460,0.0,0.0
2024-04-23 00:00:00-04:00,12.0,12.84000015258789,12.0,12.420000076293945,2593,0.0,0.0
2024-04-24 00:00:00-04:00,12.600000381469727,12.84000015258789,11.699999809265137,12.210000038146973,1137,0.0,0.0
2024-04-25 00:00:00-04:00,11.699999809265137,12.149999618530273,11.699999809265137,12.029999732971191,603,0.0,0.0
2024-04-26 00:00:00-04:00,12.300000190734863,12.300000190734863,11.279999732971191,12.119999885559082,3543,0.0,0.0
2024-04-29 00:00:00-04:00,11.880000114440918,12.300000190734863,11.579999923706055,11.9399995803833,2033,0.0,0.0
2024-04-30 00:00:00-04:00,12.119999885559082,12.479999542236328,11.850000381469727,12.029999732971191,3343,0.0,0.0
2024-05-01 00:00:00-04:00,12.479999542236328,12.989999771118164,11.850000381469727,12.210000038146973,3173,0.0,0.0
2024-05-02 00:00:00-04:00,12.239999771118164,12.600000381469727,11.399999618530273,12.0,5950,0.0,0.0
2024-05-03 00:00:00-04:00,12.300000190734863,12.600000381469727,11.699999809265137,12.390000343322754,2727,0.0,0.0
2024-05-06 00:00:00-04:00,12.510000228881836,15.600000381469727,12.300000190734863,12.960000038146973,24663,0.0,0.0
2024-05-07 00:00:00-04:00,13.020000457763672,13.350000381469727,12.300000190734863,12.930000305175781,2590,0.0,0.0
2024-05-08 00:00:00-04:00,13.350000381469727,13.350000381469727,12.600000381469727,13.140000343322754,2297,0.0,0.0
2024-05-09 00:00:00-04:00,13.109999656677246,13.649999618530273,13.020000457763672,13.4399995803833,2853,0.0,0.0
2024-05-10 00:00:00-04:00,14.3100004196167,14.369999885559082,11.550000190734863,12.359999656677246,5017,0.0,0.0
2024-05-13 00:00:00-04:00,12.8100004196167,13.529999732971191,12.329999923706055,12.84000015258789,2800,0.0,0.0
2024-05-14 00:00:00-04:00,13.079999923706055,13.5,12.029999732971191,12.899999618530273,6510,0.0,0.0
2024-05-15 00:00:00-04:00,12.390000343322754,12.75,11.399999618530273,11.399999618530273,13280,0.0,0.0
2024-05-16 00:00:00-04:00,11.069999694824219,12.029999732971191,10.289999961853027,11.130000114440918,6813,0.0,0.0
2024-05-17 00:00:00-04:00,10.529999732971191,12.0,10.529999732971191,11.430000305175781,6303,0.0,0.0
2024-05-20 00:00:00-04:00,10.800000190734863,11.90999984741211,10.800000190734863,11.789999961853027,5187,0.0,0.0
2024-05-21 00:00:00-04:00,11.039999961853027,12.84000015258789,11.039999961853027,12.119999885559082,5203,0.0,0.0
2024-05-22 00:00:00-04:00,11.039999961853027,12.0600004196167,11.039999961853027,11.550000190734863,1863,0.0,0.0
2024-05-23 00:00:00-04:00,10.949999809265137,11.729999542236328,10.949999809265137,11.100000381469727,4107,0.0,0.0
2024-05-24 00:00:00-04:00,10.800000190734863,11.550000190734863,10.800000190734863,11.430000305175781,1600,0.0,0.0
2024-05-28 00:00:00-04:00,11.850000381469727,11.850000381469727,10.649999618530273,11.25,2773,0.0,0.0
2024-05-29 00:00:00-04:00,11.1899995803833,11.550000190734863,10.680000305175781,11.15999984741211,3600,0.0,0.0
2024-05-30 00:00:00-04:00,10.649999618530273,11.550000190734863,10.649999618530273,10.920000076293945,2707,0.0,0.0
2024-05-31 00:00:00-04:00,10.739999771118164,11.550000190734863,10.739999771118164,10.949999809265137,2307,0.0,0.0
2024-06-03 00:00:00-04:00,11.25,11.399999618530273,10.829999923706055,11.25,1633,0.0,0.0
2024-06-04 00:00:00-04:00,11.25,11.399999618530273,10.350000381469727,10.350000381469727,3050,0.0,0.0
2024-06-05 00:00:00-04:00,10.680000305175781,11.100000381469727,10.350000381469727,10.770000457763672,4137,0.0,0.0
2024-06-06 00:00:00-04:00,10.59000015258789,11.729999542236328,10.350000381469727,10.350000381469727,7643,0.0,0.0
2024-06-07 00:00:00-04:00,10.260000228881836,11.010000228881836,9.149999618530273,9.600000381469727,11417,0.0,0.0
2024-06-10 00:00:00-04:00,9.600000381469727,11.100000381469727,9.600000381469727,10.289999961853027,680,0.0,0.0
2024-06-11 00:00:00-04:00,9.600000381469727,10.649999618530273,9.600000381469727,10.4399995803833,1673,0.0,0.0
2024-06-12 00:00:00-04:00,10.949999809265137,11.100000381469727,10.199999809265137,10.470000267028809,1070,0.0,0.0
2024-06-13 00:00:00-04:00,10.739999771118164,10.739999771118164,9.720000267028809,9.779999732971191,1467,0.0,0.0
2024-06-14 00:00:00-04:00,9.899999618530273,10.020000457763672,9.600000381469727,9.600000381469727,1573,0.0,0.0
2024-06-17 00:00:00-04:00,9.899999618530273,10.529999732971191,9.899999618530273,10.199999809265137,2537,0.0,0.0
2024-06-18 00:00:00-04:00,10.380000114440918,10.800000190734863,9.899999618530273,9.899999618530273,2830,0.0,0.0
2024-06-20 00:00:00-04:00,9.899999618530273,10.649999618530273,9.630000114440918,9.630000114440918,1197,0.0,0.0
2024-06-21 00:00:00-04:00,9.600000381469727,10.800000190734863,9.270000457763672,10.5,6397,0.0,0.0
2024-06-24 00:00:00-04:00,9.300000190734863,9.539999961853027,8.609999656677246,9.210000038146973,23033,0.0,0.0
2024-06-25 00:00:00-04:00,9.0,9.210000038146973,8.130000114440918,8.699999809265137,27713,0.0,0.0
2024-06-26 00:00:00-04:00,8.010000228881836,11.579999923706055,7.53000020980835,11.100000381469727,25200,0.0,0.03333333333333333
2024-06-27 00:00:00-04:00,9.989999771118164,12.369999885559082,9.149999618530273,9.319999694824219,23500,0.0,0.0
2024-06-28 00:00:00-04:00,9.34000015258789,9.993000030517578,8.449999809265137,8.449999809265137,18900,0.0,0.0
2024-07-01 00:00:00-04:00,8.40999984741211,9.0,8.380000114440918,8.520000457763672,5200,0.0,0.0
2024-07-02 00:00:00-04:00,8.579999923706055,8.579999923706055,8.510000228881836,8.510000228881836,2400,0.0,0.0
2024-07-03 00:00:00-04:00,8.510000228881836,9.079999923706055,8.210000038146973,8.40999984741211,8800,0.0,0.0
2024-07-05 00:00:00-04:00,8.069999694824219,8.4350004196167,7.820000171661377,7.941999912261963,6600,0.0,0.0
2024-07-08 00:00:00-04:00,7.570000171661377,7.934000015258789,7.5,7.650000095367432,5300,0.0,0.0
2024-07-09 00:00:00-04:00,7.553999900817871,8.140000343322754,7.553999900817871,7.619999885559082,2700,0.0,0.0
2024-07-10 00:00:00-04:00,7.744999885559082,8.100000381469727,7.619999885559082,7.619999885559082,1900,0.0,0.0
2024-07-11 00:00:00-04:00,7.510000228881836,8.543999671936035,7.510000228881836,8.3100004196167,10000,0.0,0.0
2024-07-12 00:00:00-04:00,8.859999656677246,9.925999641418457,8.550000190734863,8.739999771118164,8000,0.0,0.0
2024-07-15 00:00:00-04:00,8.65999984741211,8.65999984741211,8.369999885559082,8.380000114440918,4100,0.0,0.0
2024-07-16 00:00:00-04:00,8.420000076293945,8.680000305175781,8.40999984741211,8.680000305175781,1500,0.0,0.0
2024-07-17 00:00:00-04:00,8.220000267028809,8.220000267028809,8.220000267028809,8.220000267028809,1000,0.0,0.0
2024-07-18 00:00:00-04:00,8.050000190734863,8.449999809265137,8.0,8.0,3700,0.0,0.0
2024-07-19 00:00:00-04:00,8.0,8.175000190734863,8.0,8.175000190734863,1600,0.0,0.0
2024-07-22 00:00:00-04:00,8.029999732971191,8.1899995803833,8.029999732971191,8.100000381469727,2200,0.0,0.0
2024-07-23 00:00:00-04:00,8.100000381469727,8.100000381469727,8.100000381469727,8.100000381469727,500,0.0,0.0
2024-07-24 00:00:00-04:00,8.100000381469727,8.100000381469727,8.100000381469727,8.100000381469727,500,0.0,0.0
2024-07-25 00:00:00-04:00,8.390000343322754,8.390000343322754,8.390000343322754,8.390000343322754,900,0.0,0.0
2024-07-26 00:00:00-04:00,7.760000228881836,7.800000190734863,7.431000232696533,7.800000190734863,11500,0.0,0.0
2024-07-29 00:00:00-04:00,7.210000038146973,8.140000343322754,7.210000038146973,7.78000020980835,6600,0.0,0.0
2024-07-30 00:00:00-04:00,8.369999885559082,8.369999885559082,7.96999979019165,8.095000267028809,1100,0.0,0.0
2024-07-31 00:00:00-04:00,7.849999904632568,8.300000190734863,7.849999904632568,8.300000190734863,1100,0.0,0.0
2024-08-01 00:00:00-04:00,7.929999828338623,8.380000114440918,7.929999828338623,8.119999885559082,1200,0.0,0.0
2024-08-02 00:00:00-04:00,7.954999923706055,8.180000305175781,7.954999923706055,8.107000350952148,3200,0.0,0.0
2024-08-05 00:00:00-04:00,7.199999809265137,7.800000190734863,6.78000020980835,7.25,7400,0.0,0.0
2024-08-06 00:00:00-04:00,7.15500020980835,7.406000137329102,6.980000019073486,7.050000190734863,13100,0.0,0.0
2024-08-07 00:00:00-04:00,7.329999923706055,7.900000095367432,7.050000190734863,7.050000190734863,13300,0.0,0.0
2024-08-08 00:00:00-04:00,7.434999942779541,7.5,7.050000190734863,7.199999809265137,14000,0.0,0.0
2024-08-09 00:00:00-04:00,7.260000228881836,7.510000228881836,7.260000228881836,7.510000228881836,900,0.0,0.0
2024-08-12 00:00:00-04:00,7.21999979019165,7.510000228881836,7.119999885559082,7.119999885559082,9100,0.0,0.0
2024-08-13 00:00:00-04:00,7.817999839782715,7.817999839782715,7.119999885559082,7.119999885559082,11700,0.0,0.0
2024-08-14 00:00:00-04:00,7.130000114440918,7.400000095367432,7.130000114440918,7.304999828338623,6400,0.0,0.0
2024-08-15 00:00:00-04:00,7.389999866485596,7.389999866485596,7.119999885559082,7.185999870300293,5400,0.0,0.0
2024-08-16 00:00:00-04:00,7.199999809265137,7.199999809265137,6.639999866485596,6.639999866485596,900,0.0,0.0
2024-08-19 00:00:00-04:00,6.639999866485596,7.130000114440918,6.599999904632568,6.619999885559082,12200,0.0,0.0
2024-08-20 00:00:00-04:00,7.019999980926514,7.019999980926514,6.21999979019165,6.510000228881836,9500,0.0,0.0
2024-08-21 00:00:00-04:00,6.46999979019165,6.46999979019165,5.769999980926514,6.0,4800,0.0,0.0
2024-08-22 00:00:00-04:00,6.052000045776367,6.340000152587891,5.78000020980835,6.340000152587891,3800,0.0,0.0
2024-08-23 00:00:00-04:00,6.340000152587891,6.340000152587891,6.340000152587891,6.340000152587891,3500,0.0,0.0
2024-08-26 00:00:00-04:00,6.489999771118164,6.599999904632568,6.269999980926514,6.599999904632568,6200,0.0,0.0
2024-08-27 00:00:00-04:00,6.510000228881836,7.619999885559082,6.510000228881836,7.130000114440918,11800,0.0,0.0
2024-08-28 00:00:00-04:00,6.760000228881836,6.900000095367432,6.6519999504089355,6.6519999504089355,2800,0.0,0.0
2024-08-29 00:00:00-04:00,6.5,7.099999904632568,6.5,7.090000152587891,2800,0.0,0.0
2024-08-30 00:00:00-04:00,6.53000020980835,7.107999801635742,6.53000020980835,7.107999801635742,1000,0.0,0.0
2024-09-03 00:00:00-04:00,6.750999927520752,6.750999927520752,6.010000228881836,6.276000022888184,5500,0.0,0.0
2024-09-04 00:00:00-04:00,6.199999809265137,6.6479997634887695,6.159999847412109,6.159999847412109,7400,0.0,0.0
2024-09-05 00:00:00-04:00,6.300000190734863,6.446000099182129,6.010000228881836,6.179999828338623,19300,0.0,0.0
2024-09-06 00:00:00-04:00,6.0,6.175000190734863,5.550000190734863,5.892000198364258,21900,0.0,0.0
2024-09-09 00:00:00-04:00,5.809999942779541,6.191999912261963,5.610000133514404,6.010000228881836,12300,0.0,0.0
2024-09-10 00:00:00-04:00,5.980000019073486,6.03000020980835,5.710000038146973,6.03000020980835,6100,0.0,0.0
2024-09-11 00:00:00-04:00,5.800000190734863,5.800000190734863,5.340000152587891,5.664999961853027,10100,0.0,0.0
2024-09-12 00:00:00-04:00,5.519999980926514,5.75,5.519999980926514,5.650000095367432,1081800,0.0,0.0
2024-09-13 00:00:00-04:00,8.699999809265137,12.699999809265137,8.699999809265137,12.380000114440918,2871700,0.0,0.0
2024-09-16 00:00:00-04:00,11.569999694824219,13.949999809265137,11.5,12.8100004196167,376400,0.0,0.0
2024-09-17 00:00:00-04:00,13.029999732971191,17.239999771118164,12.815999984741211,16.15999984741211,252200,0.0,0.0
2024-09-18 00:00:00-04:00,16.149999618530273,18.91699981689453,16.06999969482422,16.790000915527344,303100,0.0,0.0
2024-09-19 00:00:00-04:00,19.0,19.299999237060547,16.110000610351562,16.219999313354492,237000,0.0,0.0
2024-09-20 00:00:00-04:00,16.280000686645508,16.95800018310547,16.219999313354492,16.420000076293945,49600,0.0,0.0
2024-09-23 00:00:00-04:00,16.25,16.89299964904785,16.25,16.360000610351562,19500,0.0,0.0
2024-09-24 00:00:00-04:00,16.610000610351562,19.684999465942383,16.25,16.25,146900,0.0,0.0
2024-09-25 00:00:00-04:00,16.420000076293945,16.579999923706055,15.239999771118164,15.760000228881836,44100,0.0,0.0
2024-09-26 00:00:00-04:00,15.760000228881836,16.459999084472656,15.010000228881836,15.510000228881836,47800,0.0,0.0
2024-09-27 00:00:00-04:00,15.720000267028809,16.719999313354492,15.15999984741211,15.489999771118164,33800,0.0,0.0
2024-09-30 00:00:00-04:00,15.319999694824219,16.200000762939453,15.300000190734863,15.670000076293945,213600,0.0,0.0
2024-10-01 00:00:00-04:00,16.639999389648438,16.639999389648438,15.300000190734863,15.380000114440918,70600,0.0,0.0
2024-10-02 00:00:00-04:00,15.369999885559082,15.75,15.260000228881836,15.380000114440918,33400,0.0,0.0
2024-10-03 00:00:00-04:00,15.5,15.569999694824219,14.989999771118164,15.0,17000,0.0,0.0
2024-10-04 00:00:00-04:00,15.289999961853027,15.430000305175781,13.479999542236328,13.479999542236328,24000,0.0,0.0
2024-10-07 00:00:00-04:00,13.40999984741211,15.130000114440918,13.25,15.130000114440918,24500,0.0,0.0
2024-10-08 00:00:00-04:00,15.140000343322754,15.5,14.609999656677246,15.289999961853027,18200,0.0,0.0
2024-10-09 00:00:00-04:00,15.289999961853027,15.289999961853027,14.109000205993652,15.149999618530273,9200,0.0,0.0
2024-10-10 00:00:00-04:00,14.670000076293945,15.399999618530273,14.029999732971191,14.3100004196167,30600,0.0,0.0
2024-10-11 00:00:00-04:00,13.710000038146973,15.152999877929688,13.710000038146973,14.269000053405762,16300,0.0,0.0
2024-10-14 00:00:00-04:00,14.109999656677246,15.1899995803833,14.010000228881836,14.760000228881836,7200,0.0,0.0
2024-10-15 00:00:00-04:00,14.630000114440918,15.279999732971191,14.569999694824219,14.84000015258789,20500,0.0,0.0
2024-10-16 00:00:00-04:00,15.0,15.75,14.869999885559082,15.529999732971191,9300,0.0,0.0
2024-10-17 00:00:00-04:00,15.75,15.75,15.260000228881836,15.260000228881836,4600,0.0,0.0
2024-10-18 00:00:00-04:00,15.470000267028809,15.5,14.789999961853027,15.199999809265137,6200,0.0,0.0
2024-10-21 00:00:00-04:00,14.979999542236328,15.220000267028809,14.760000228881836,15.100000381469727,60700,0.0,0.0
2024-10-22 00:00:00-04:00,14.989999771118164,15.050000190734863,13.8100004196167,14.140000343322754,21700,0.0,0.0
2024-10-23 00:00:00-04:00,14.229999542236328,14.239999771118164,13.029999732971191,13.239999771118164,13700,0.0,0.0
2024-10-24 00:00:00-04:00,13.779999732971191,13.800000190734863,13.100000381469727,13.800000190734863,2400,0.0,0.0
2024-10-25 00:00:00-04:00,13.970000267028809,15.25,13.729999542236328,14.0,3400,0.0,0.0
2024-10-28 00:00:00-04:00,14.0,14.50100040435791,13.069999694824219,13.319999694824219,23200,0.0,0.0
2024-10-29 00:00:00-04:00,13.539999961853027,14.461999893188477,13.539999961853027,13.579999923706055,5300,0.0,0.0
2024-10-30 00:00:00-04:00,13.279999732971191,14.057000160217285,12.399999618530273,13.0,50600,0.0,0.0
2024-10-31 00:00:00-04:00,12.550000190734863,14.369999885559082,12.550000190734863,13.319999694824219,57500,0.0,0.0
2024-11-01 00:00:00-04:00,13.119999885559082,13.960000038146973,13.119999885559082,13.460000038146973,24000,0.0,0.0
2024-11-04 00:00:00-05:00,21.309999465942383,23.059999465942383,21.25,22.309999465942383,323900,0.0,0.0
2024-11-05 00:00:00-05:00,22.229999542236328,23.2549991607666,22.072999954223633,23.0,35900,0.0,0.0
2024-11-06 00:00:00-05:00,22.299999237060547,23.0,22.299999237060547,22.3700008392334,13300,0.0,0.0
2024-11-07 00:00:00-05:00,22.299999237060547,23.40999984741211,21.559999465942383,23.299999237060547,24000,0.0,0.0
2024-11-08 00:00:00-05:00,22.93000030517578,23.28499984741211,22.239999771118164,22.799999237060547,19100,0.0,0.0
2024-11-11 00:00:00-05:00,22.90999984741211,22.979999542236328,22.350000381469727,22.8799991607666,3800,0.0,0.0
2024-11-12 00:00:00-05:00,22.459999084472656,23.0,22.398000717163086,22.969999313354492,6100,0.0,0.0
2024-11-13 00:00:00-05:00,22.360000610351562,22.959999084472656,22.219999313354492,22.530000686645508,6300,0.0,0.0
2024-11-14 00:00:00-05:00,22.889999389648438,23.0,22.725000381469727,22.75,3500,0.0,0.0
2024-11-15 00:00:00-05:00,22.299999237060547,22.43000030517578,21.540000915527344,21.899999618530273,29800,0.0,0.0
2024-11-18 00:00:00-05:00,21.59000015258789,21.889999389648438,21.5,21.889999389648438,14100,0.0,0.0
2024-11-19 00:00:00-05:00,21.43000030517578,21.899999618530273,21.260000228881836,21.520000457763672,16500,0.0,0.0
2024-11-20 00:00:00-05:00,21.459999084472656,22.139999389648438,21.329999923706055,21.68000030517578,31200,0.0,0.0
2024-11-21 00:00:00-05:00,21.354999542236328,21.899999618530273,21.030000686645508,21.899999618530273,7000,0.0,0.0
2024-11-22 00:00:00-05:00,21.399999618530273,22.149999618530273,21.239999771118164,21.420000076293945,10600,0.0,0.0
2024-11-25 00:00:00-05:00,21.5049991607666,21.75,21.0,21.3700008392334,24000,0.0,0.0
2024-11-26 00:00:00-05:00,21.30500030517578,21.899999618530273,21.030000686645508,21.899999618530273,6400,0.0,0.0
2024-11-27 00:00:00-05:00,21.610000610351562,21.899999618530273,21.610000610351562,21.80500030517578,5800,0.0,0.0
2024-11-29 00:00:00-05:00,21.899999618530273,21.899999618530273,21.899999618530273,21.899999618530273,1900,0.0,0.0
2024-12-02 00:00:00-05:00,21.684999465942383,22.110000610351562,21.459999084472656,21.709999084472656,7000,0.0,0.0
2024-12-03 00:00:00-05:00,21.010000228881836,21.459999084472656,21.010000228881836,21.450000762939453,7900,0.0,0.0
2024-12-04 00:00:00-05:00,21.399999618530273,21.399999618530273,21.25,21.25,2300,0.0,0.0
2024-12-05 00:00:00-05:00,21.25,21.25,18.899999618530273,19.399999618530273,48200,0.0,0.0
2024-12-06 00:00:00-05:00,20.3700008392334,20.399999618530273,20.020000457763672,20.020000457763672,4800,0.0,0.0
2024-12-09 00:00:00-05:00,20.010000228881836,20.969999313354492,19.659000396728516,20.899999618530273,10200,0.0,0.0
2024-12-10 00:00:00-05:00,20.55500030517578,20.81999969482422,20.0,20.0,23400,0.0,0.0
2024-12-11 00:00:00-05:00,20.219999313354492,20.520999908447266,20.010000228881836,20.163000106811523,3100,0.0,0.0
2024-12-12 00:00:00-05:00,20.450000762939453,20.510000228881836,19.010000228881836,19.861000061035156,11800,0.0,0.0
2024-12-13 00:00:00-05:00,20.0,20.049999237060547,19.934999465942383,20.0,6300,0.0,0.0
2024-12-16 00:00:00-05:00,21.899999618530273,21.899999618530273,20.010000228881836,20.06999969482422,12400,0.0,0.0
2024-12-17 00:00:00-05:00,20.0,20.511999130249023,19.709999084472656,19.709999084472656,3300,0.0,0.0
2024-12-18 00:00:00-05:00,19.65999984741211,20.200000762939453,19.06999969482422,19.600000381469727,2800,0.0,0.0
2024-12-19 00:00:00-05:00,19.559999465942383,20.0,19.350000381469727,19.940000534057617,4900,0.0,0.0
2024-12-20 00:00:00-05:00,20.18000030517578,20.549999237060547,19.5,19.549999237060547,17000,0.0,0.0
2024-12-23 00:00:00-05:00,19.280000686645508,19.5,19.0,19.260000228881836,186800,0.0,0.0
2024-12-24 00:00:00-05:00,19.260000228881836,19.65999984741211,19.260000228881836,19.350000381469727,18600,0.0,0.0
2024-12-26 00:00:00-05:00,19.600000381469727,19.700000762939453,19.360000610351562,19.420000076293945,23300,0.0,0.0
2024-12-27 00:00:00-05:00,19.5,20.075000762939453,19.5,19.600000381469727,14800,0.0,0.0
2024-12-30 00:00:00-05:00,19.719999313354492,19.895000457763672,19.6200008392334,19.639999389648438,7500,0.0,0.0
2024-12-31 00:00:00-05:00,20.0,20.0,19.43000030517578,19.43000030517578,17900,0.0,0.0
2025-01-02 00:00:00-05:00,19.440000534057617,19.6299991607666,19.25,19.600000381469727,42600,0.0,0.0
2025-01-03 00:00:00-05:00,19.6200008392334,19.799999237060547,19.399999618530273,19.65999984741211,30200,0.0,0.0
2025-01-06 00:00:00-05:00,19.6200008392334,19.850000381469727,19.520000457763672,19.764999389648438,19300,0.0,0.0
2025-01-07 00:00:00-05:00,19.65999984741211,19.829999923706055,19.600000381469727,19.709999084472656,4643,0.0,0.0
