Date,Open,High,Low,Close,Volume,Dividends,Stock Splits
2022-01-03 00:00:00-05:00,12.119999885559082,12.119999885559082,10.59000015258789,10.930000305175781,44700,0.0,0.0
2022-01-04 00:00:00-05:00,11.170000076293945,11.170000076293945,10.15999984741211,10.270000457763672,45300,0.0,0.0
2022-01-05 00:00:00-05:00,9.869999885559082,10.65999984741211,9.619999885559082,10.5,186100,0.0,0.0
2022-01-06 00:00:00-05:00,10.15999984741211,10.479999542236328,9.954999923706055,10.15999984741211,31100,0.0,0.0
2022-01-07 00:00:00-05:00,10.029999732971191,10.510000228881836,9.880000114440918,10.010000228881836,19100,0.0,0.0
2022-01-10 00:00:00-05:00,10.010000228881836,10.239999771118164,9.390000343322754,10.079999923706055,19500,0.0,0.0
2022-01-11 00:00:00-05:00,10.140000343322754,10.3100004196167,9.600000381469727,10.0,32900,0.0,0.0
2022-01-12 00:00:00-05:00,9.890000343322754,10.100000381469727,9.779999732971191,9.819999694824219,21200,0.0,0.0
2022-01-13 00:00:00-05:00,9.739999771118164,10.09000015258789,9.350000381469727,9.390000343322754,13100,0.0,0.0
2022-01-14 00:00:00-05:00,9.319999694824219,9.9399995803833,8.890000343322754,9.489999771118164,26800,0.0,0.0
2022-01-18 00:00:00-05:00,9.25,9.680000305175781,9.0,9.09000015258789,54800,0.0,0.0
2022-01-19 00:00:00-05:00,9.029999732971191,9.170000076293945,9.0,9.0,14100,0.0,0.0
2022-01-20 00:00:00-05:00,9.239999771118164,9.25,8.569999694824219,8.680000305175781,37000,0.0,0.0
2022-01-21 00:00:00-05:00,8.420000076293945,9.260000228881836,7.739999771118164,8.25,42700,0.0,0.0
2022-01-24 00:00:00-05:00,7.800000190734863,9.140000343322754,7.800000190734863,8.800000190734863,20000,0.0,0.0
2022-01-25 00:00:00-05:00,8.8100004196167,9.420000076293945,8.59000015258789,9.34000015258789,19600,0.0,0.0
2022-01-26 00:00:00-05:00,9.399999618530273,10.100000381469727,8.989999771118164,9.619999885559082,16700,0.0,0.0
2022-01-27 00:00:00-05:00,9.850000381469727,10.020000457763672,9.430000305175781,9.75,16400,0.0,0.0
2022-01-28 00:00:00-05:00,9.6899995803833,10.100000381469727,9.59000015258789,10.100000381469727,9700,0.0,0.0
2022-01-31 00:00:00-05:00,10.029999732971191,13.699999809265137,9.805000305175781,11.819999694824219,130100,0.0,0.0
2022-02-01 00:00:00-05:00,11.829999923706055,11.937999725341797,10.520000457763672,10.609999656677246,47300,0.0,0.0
2022-02-02 00:00:00-05:00,10.1899995803833,10.5,9.3100004196167,9.4399995803833,58300,0.0,0.0
2022-02-03 00:00:00-05:00,9.069999694824219,9.420000076293945,9.069999694824219,9.270000457763672,25300,0.0,0.0
2022-02-04 00:00:00-05:00,9.15999984741211,10.020000457763672,9.010000228881836,9.680000305175781,22100,0.0,0.0
2022-02-07 00:00:00-05:00,9.300000190734863,10.800000190734863,9.050000190734863,9.609999656677246,53900,0.0,0.0
2022-02-08 00:00:00-05:00,9.279999732971191,9.979999542236328,9.140000343322754,9.609999656677246,31200,0.0,0.0
2022-02-09 00:00:00-05:00,9.430000305175781,9.760000228881836,9.40999984741211,9.600000381469727,18300,0.0,0.0
2022-02-10 00:00:00-05:00,9.260000228881836,9.59000015258789,9.199999809265137,9.399999618530273,33500,0.0,0.0
2022-02-11 00:00:00-05:00,9.829999923706055,10.970000267028809,9.680000305175781,10.300000190734863,45000,0.0,0.0
2022-02-14 00:00:00-05:00,9.5600004196167,9.970000267028809,9.354999542236328,9.449999809265137,12100,0.0,0.0
2022-02-15 00:00:00-05:00,9.430000305175781,10.279999732971191,9.274999618530273,10.149999618530273,39000,0.0,0.0
2022-02-16 00:00:00-05:00,10.449999809265137,10.777000427246094,9.069999694824219,9.109999656677246,56500,0.0,0.0
2022-02-17 00:00:00-05:00,8.989999771118164,9.229999542236328,8.649999618530273,9.050000190734863,32500,0.0,0.0
2022-02-18 00:00:00-05:00,8.640000343322754,9.029999732971191,8.329999923706055,8.640000343322754,55500,0.0,0.0
2022-02-22 00:00:00-05:00,8.59000015258789,9.710000038146973,8.59000015258789,9.649999618530273,47200,0.0,0.0
2022-02-23 00:00:00-05:00,9.600000381469727,9.8100004196167,8.890000343322754,9.539999961853027,43800,0.0,0.0
2022-02-24 00:00:00-05:00,9.130000114440918,9.729999542236328,8.369999885559082,9.729999542236328,22600,0.0,0.0
2022-02-25 00:00:00-05:00,10.010000228881836,10.010000228881836,9.109999656677246,9.5,37800,0.0,0.0
2022-02-28 00:00:00-05:00,9.329999923706055,10.029999732971191,9.329999923706055,9.779999732971191,54300,0.0,0.0
2022-03-01 00:00:00-05:00,9.640000343322754,10.279999732971191,9.520000457763672,9.699999809265137,19200,0.0,0.0
2022-03-02 00:00:00-05:00,9.788999557495117,10.40999984741211,9.125,10.40999984741211,27000,0.0,0.0
2022-03-03 00:00:00-05:00,10.460000038146973,11.260000228881836,10.4399995803833,10.920000076293945,29100,0.0,0.0
2022-03-04 00:00:00-05:00,10.90999984741211,10.90999984741211,10.529999732971191,10.8100004196167,16400,0.0,0.0
2022-03-07 00:00:00-05:00,11.0,12.220000267028809,10.984999656677246,11.229999542236328,47600,0.0,0.0
2022-03-08 00:00:00-05:00,11.069999694824219,13.369999885559082,11.069999694824219,12.460000038146973,203900,0.0,0.0
2022-03-09 00:00:00-05:00,12.489999771118164,13.020000457763672,12.220000267028809,12.5,49500,0.0,0.0
2022-03-10 00:00:00-05:00,12.180000305175781,12.850000381469727,11.140000343322754,12.020000457763672,37300,0.0,0.0
2022-03-11 00:00:00-05:00,12.489999771118164,13.34000015258789,11.130000114440918,12.010000228881836,51000,0.0,0.0
2022-03-14 00:00:00-04:00,11.729999542236328,12.949999809265137,11.729999542236328,12.130000114440918,27600,0.0,0.0
2022-03-15 00:00:00-04:00,12.510000228881836,12.680000305175781,11.930000305175781,12.0,40700,0.0,0.0
2022-03-16 00:00:00-04:00,12.100000381469727,12.5,12.050000190734863,12.300000190734863,30900,0.0,0.0
2022-03-17 00:00:00-04:00,12.15999984741211,12.859999656677246,12.15999984741211,12.720000267028809,19900,0.0,0.0
2022-03-18 00:00:00-04:00,12.90999984741211,14.725000381469727,12.5600004196167,12.949999809265137,363400,0.0,0.0
2022-03-21 00:00:00-04:00,13.119999885559082,15.451000213623047,12.949999809265137,14.59000015258789,105800,0.0,0.0
2022-03-22 00:00:00-04:00,14.5,15.5600004196167,14.0,15.5600004196167,50500,0.0,0.0
2022-03-23 00:00:00-04:00,15.4399995803833,18.395999908447266,15.4399995803833,16.0,48400,0.0,0.0
2022-03-24 00:00:00-04:00,15.850000381469727,16.459999084472656,14.270000457763672,15.600000381469727,40800,0.0,0.0
2022-03-25 00:00:00-04:00,15.680000305175781,16.579999923706055,15.40999984741211,15.920000076293945,22900,0.0,0.0
2022-03-28 00:00:00-04:00,15.520000457763672,16.200000762939453,15.229999542236328,15.239999771118164,17000,0.0,0.0
2022-03-29 00:00:00-04:00,15.1899995803833,17.940000534057617,15.09000015258789,16.969999313354492,39300,0.0,0.0
2022-03-30 00:00:00-04:00,17.110000610351562,19.719999313354492,17.110000610351562,17.940000534057617,70900,0.0,0.0
2022-03-31 00:00:00-04:00,18.0,18.844999313354492,18.0,18.329999923706055,35200,0.0,0.0
2022-04-01 00:00:00-04:00,18.440000534057617,18.729999542236328,15.34000015258789,15.899999618530273,343300,0.0,0.0
2022-04-04 00:00:00-04:00,15.729999542236328,16.299999237060547,15.369999885559082,16.15999984741211,94300,0.0,0.0
2022-04-05 00:00:00-04:00,16.06999969482422,16.670000076293945,15.420000076293945,16.670000076293945,65200,0.0,0.0
2022-04-06 00:00:00-04:00,16.200000762939453,16.670000076293945,15.569999694824219,16.229999542236328,87900,0.0,0.0
2022-04-07 00:00:00-04:00,16.290000915527344,16.670000076293945,15.569999694824219,16.469999313354492,92800,0.0,0.0
2022-04-08 00:00:00-04:00,16.389999389648438,16.65999984741211,16.290000915527344,16.65999984741211,19100,0.0,0.0
2022-04-11 00:00:00-04:00,16.510000228881836,16.670000076293945,16.1200008392334,16.59000015258789,39100,0.0,0.0
2022-04-12 00:00:00-04:00,16.90999984741211,16.90999984741211,15.829999923706055,16.6200008392334,63200,0.0,0.0
2022-04-13 00:00:00-04:00,16.829999923706055,17.09000015258789,16.434999465942383,16.90999984741211,32900,0.0,0.0
2022-04-14 00:00:00-04:00,17.010000228881836,17.329999923706055,16.350000381469727,16.84000015258789,26200,0.0,0.0
2022-04-18 00:00:00-04:00,16.540000915527344,16.770000457763672,16.139999389648438,16.540000915527344,19600,0.0,0.0
2022-04-19 00:00:00-04:00,17.040000915527344,17.040000915527344,16.635000228881836,16.790000915527344,9500,0.0,0.0
2022-04-20 00:00:00-04:00,17.190000534057617,17.190000534057617,16.530000686645508,16.780000686645508,54900,0.0,0.0
2022-04-21 00:00:00-04:00,17.25,17.25,14.720000267028809,14.920000076293945,23800,0.0,0.0
2022-04-22 00:00:00-04:00,14.9399995803833,15.579999923706055,13.779999732971191,14.199999809265137,45600,0.0,0.0
2022-04-25 00:00:00-04:00,14.069999694824219,14.954999923706055,13.770000457763672,14.710000038146973,27500,0.0,0.0
2022-04-26 00:00:00-04:00,14.380000114440918,15.279999732971191,13.550000190734863,14.010000228881836,53400,0.0,0.0
2022-04-27 00:00:00-04:00,13.470000267028809,14.369999885559082,13.470000267028809,14.020000457763672,101800,0.0,0.0
2022-04-28 00:00:00-04:00,14.239999771118164,14.479999542236328,13.130000114440918,13.930000305175781,34400,0.0,0.0
2022-04-29 00:00:00-04:00,13.75,14.279999732971191,12.020000457763672,12.75,54900,0.0,0.0
2022-05-02 00:00:00-04:00,12.510000228881836,13.079999923706055,11.970000267028809,13.079999923706055,90400,0.0,0.0
2022-05-03 00:00:00-04:00,12.649999618530273,13.324999809265137,12.300000190734863,13.0,25900,0.0,0.0
2022-05-04 00:00:00-04:00,13.180000305175781,13.29800033569336,12.569999694824219,13.130000114440918,79900,0.0,0.0
2022-05-05 00:00:00-04:00,12.779999732971191,13.0,11.390000343322754,11.579999923706055,94400,0.0,0.0
2022-05-06 00:00:00-04:00,11.470000267028809,11.470000267028809,10.515000343322754,10.800000190734863,59000,0.0,0.0
2022-05-09 00:00:00-04:00,11.15999984741211,11.479999542236328,11.0,11.359999656677246,141600,0.0,0.0
2022-05-10 00:00:00-04:00,11.600000381469727,12.5,11.140000343322754,11.670000076293945,144800,0.0,0.0
2022-05-11 00:00:00-04:00,11.420000076293945,11.59000015258789,11.0,11.420000076293945,61400,0.0,0.0
2022-05-12 00:00:00-04:00,11.1899995803833,12.5600004196167,11.1899995803833,11.800000190734863,28500,0.0,0.0
2022-05-13 00:00:00-04:00,11.930000305175781,13.869999885559082,11.930000305175781,13.069999694824219,45700,0.0,0.0
2022-05-16 00:00:00-04:00,12.640000343322754,12.869999885559082,11.420000076293945,11.600000381469727,25700,0.0,0.0
2022-05-17 00:00:00-04:00,11.739999771118164,12.289999961853027,11.399999618530273,12.25,113500,0.0,0.0
2022-05-18 00:00:00-04:00,11.960000038146973,12.875,11.800000190734863,11.829999923706055,58900,0.0,0.0
2022-05-19 00:00:00-04:00,11.819999694824219,13.460000038146973,11.800000190734863,12.770000457763672,43500,0.0,0.0
2022-05-20 00:00:00-04:00,12.960000038146973,13.25,12.699999809265137,13.15999984741211,21300,0.0,0.0
2022-05-23 00:00:00-04:00,13.399999618530273,14.329999923706055,12.109999656677246,12.520000457763672,82500,0.0,0.0
2022-05-24 00:00:00-04:00,12.329999923706055,12.654999732971191,11.710000038146973,11.960000038146973,78200,0.0,0.0
2022-05-25 00:00:00-04:00,12.899999618530273,12.899999618530273,12.25,12.449999809265137,31400,0.0,0.0
2022-05-26 00:00:00-04:00,12.694999694824219,12.760000228881836,12.34000015258789,12.369999885559082,36600,0.0,0.0
2022-05-27 00:00:00-04:00,12.5,13.029999732971191,12.3100004196167,12.710000038146973,42700,0.0,0.0
2022-05-31 00:00:00-04:00,13.430000305175781,13.760000228881836,12.0600004196167,12.149999618530273,66400,0.0,0.0
2022-06-01 00:00:00-04:00,12.149999618530273,12.260000228881836,11.329999923706055,12.119999885559082,53300,0.0,0.0
2022-06-02 00:00:00-04:00,12.0600004196167,12.425000190734863,11.619999885559082,12.40999984741211,42700,0.0,0.0
2022-06-03 00:00:00-04:00,12.260000228881836,13.095000267028809,12.170000076293945,12.430000305175781,39000,0.0,0.0
2022-06-06 00:00:00-04:00,12.680000305175781,12.680000305175781,11.789999961853027,12.0,71700,0.0,0.0
2022-06-07 00:00:00-04:00,12.125,12.364999771118164,11.96500015258789,12.270000457763672,55100,0.0,0.0
2022-06-08 00:00:00-04:00,12.020000457763672,12.774999618530273,12.020000457763672,12.489999771118164,61600,0.0,0.0
2022-06-09 00:00:00-04:00,12.399999618530273,13.420000076293945,12.335000038146973,12.800000190734863,33700,0.0,0.0
2022-06-10 00:00:00-04:00,12.5,12.53499984741211,11.279999732971191,12.3100004196167,67700,0.0,0.0
2022-06-13 00:00:00-04:00,11.869999885559082,12.270000457763672,11.319999694824219,11.40999984741211,105900,0.0,0.0
2022-06-14 00:00:00-04:00,11.399999618530273,11.75,11.130000114440918,11.545000076293945,70400,0.0,0.0
2022-06-15 00:00:00-04:00,11.404999732971191,12.539999961853027,11.34000015258789,12.300000190734863,90000,0.0,0.0
2022-06-16 00:00:00-04:00,12.210000038146973,12.260000228881836,11.875,12.210000038146973,57900,0.0,0.0
2022-06-17 00:00:00-04:00,12.210000038146973,13.350000381469727,11.880000114440918,12.180000305175781,99000,0.0,0.0
2022-06-21 00:00:00-04:00,11.420000076293945,12.380000114440918,11.40999984741211,12.260000228881836,100000,0.0,0.0
2022-06-22 00:00:00-04:00,12.319999694824219,14.5,12.270000457763672,13.5,101700,0.0,0.0
2022-06-23 00:00:00-04:00,13.670000076293945,13.899999618530273,12.960000038146973,13.59000015258789,63300,0.0,0.0
2022-06-24 00:00:00-04:00,13.600000381469727,16.950000762939453,13.100000381469727,16.549999237060547,575400,0.0,0.0
2022-06-27 00:00:00-04:00,16.579999923706055,16.760000228881836,15.010000228881836,15.149999618530273,103300,0.0,0.0
2022-06-28 00:00:00-04:00,15.239999771118164,15.850000381469727,14.210000038146973,14.970000267028809,46400,0.0,0.0
2022-06-29 00:00:00-04:00,14.8100004196167,15.649999618530273,13.5,15.460000038146973,45900,0.0,0.0
2022-06-30 00:00:00-04:00,15.149999618530273,17.190000534057617,14.600000381469727,15.630000114440918,64900,0.0,0.0
2022-07-01 00:00:00-04:00,15.739999771118164,17.0,15.739999771118164,16.93000030517578,34300,0.0,0.0
2022-07-05 00:00:00-04:00,16.639999389648438,17.479999542236328,15.399999618530273,15.4399995803833,106000,0.0,0.0
2022-07-06 00:00:00-04:00,15.34000015258789,15.670000076293945,15.229999542236328,15.40999984741211,31400,0.0,0.0
2022-07-07 00:00:00-04:00,15.579999923706055,16.200000762939453,15.119999885559082,15.489999771118164,107400,0.0,0.0
2022-07-08 00:00:00-04:00,15.5,18.0,15.270000457763672,17.579999923706055,53800,0.0,0.0
2022-07-11 00:00:00-04:00,17.610000610351562,18.34000015258789,15.40999984741211,15.8100004196167,46900,0.0,0.0
2022-07-12 00:00:00-04:00,15.710000038146973,15.710000038146973,14.289999961853027,15.0600004196167,26100,0.0,0.0
2022-07-13 00:00:00-04:00,14.699999809265137,15.430000305175781,14.470000267028809,15.279999732971191,59700,0.0,0.0
2022-07-14 00:00:00-04:00,14.930000305175781,18.41200065612793,14.800000190734863,17.100000381469727,69200,0.0,0.0
2022-07-15 00:00:00-04:00,17.639999389648438,18.389999389648438,17.329999923706055,18.0,58700,0.0,0.0
2022-07-18 00:00:00-04:00,16.610000610351562,17.709999084472656,15.09000015258789,15.760000228881836,305200,0.0,0.0
2022-07-19 00:00:00-04:00,15.6899995803833,16.610000610351562,15.569999694824219,16.239999771118164,89100,0.0,0.0
2022-07-20 00:00:00-04:00,16.030000686645508,17.790000915527344,15.979999542236328,17.670000076293945,214000,0.0,0.0
2022-07-21 00:00:00-04:00,17.795000076293945,19.030000686645508,17.25,18.40999984741211,231300,0.0,0.0
2022-07-22 00:00:00-04:00,18.200000762939453,18.899999618530273,17.799999237060547,18.100000381469727,153800,0.0,0.0
2022-07-25 00:00:00-04:00,18.5,21.190000534057617,18.450000762939453,19.020000457763672,428600,0.0,0.0
2022-07-26 00:00:00-04:00,18.649999618530273,19.540000915527344,17.459999084472656,19.030000686645508,189300,0.0,0.0
2022-07-27 00:00:00-04:00,19.079999923706055,21.690000534057617,19.079999923706055,20.25,298100,0.0,0.0
2022-07-28 00:00:00-04:00,19.979999542236328,21.6299991607666,19.760000228881836,20.809999465942383,133100,0.0,0.0
2022-07-29 00:00:00-04:00,20.790000915527344,22.360000610351562,20.283000946044922,22.25,339000,0.0,0.0
2022-08-01 00:00:00-04:00,22.25,24.1200008392334,21.6200008392334,22.920000076293945,208400,0.0,0.0
2022-08-02 00:00:00-04:00,23.0,23.209999084472656,22.3799991607666,22.969999313354492,109500,0.0,0.0
2022-08-03 00:00:00-04:00,23.389999389648438,24.850000381469727,22.469999313354492,23.670000076293945,58300,0.0,0.0
2022-08-04 00:00:00-04:00,23.6299991607666,27.829999923706055,23.6299991607666,24.969999313354492,123900,0.0,0.0
2022-08-05 00:00:00-04:00,24.56999969482422,26.469999313354492,24.450000762939453,25.0,104200,0.0,0.0
2022-08-08 00:00:00-04:00,24.959999084472656,26.559999465942383,23.799999237060547,24.75,40600,0.0,0.0
2022-08-09 00:00:00-04:00,24.34000015258789,24.8799991607666,22.59000015258789,24.459999084472656,57700,0.0,0.0
2022-08-10 00:00:00-04:00,25.149999618530273,25.149999618530273,23.360000610351562,24.299999237060547,66500,0.0,0.0
2022-08-11 00:00:00-04:00,24.260000228881836,24.700000762939453,23.459999084472656,23.860000610351562,32700,0.0,0.0
2022-08-12 00:00:00-04:00,24.219999313354492,26.31999969482422,24.018999099731445,25.790000915527344,35800,0.0,0.0
2022-08-15 00:00:00-04:00,25.219999313354492,26.65999984741211,25.219999313354492,25.540000915527344,49200,0.0,0.0
2022-08-16 00:00:00-04:00,24.489999771118164,24.549999237060547,21.920000076293945,22.260000228881836,122300,0.0,0.0
2022-08-17 00:00:00-04:00,22.1200008392334,23.8700008392334,21.729999542236328,22.0,66300,0.0,0.0
2022-08-18 00:00:00-04:00,21.68000030517578,22.46500015258789,20.700000762939453,21.90999984741211,49900,0.0,0.0
2022-08-19 00:00:00-04:00,21.639999389648438,22.040000915527344,20.774999618530273,21.329999923706055,39400,0.0,0.0
2022-08-22 00:00:00-04:00,20.81999969482422,21.700000762939453,18.700000762939453,19.100000381469727,57300,0.0,0.0
2022-08-23 00:00:00-04:00,18.889999389648438,19.790000915527344,18.809999465942383,19.3700008392334,36700,0.0,0.0
2022-08-24 00:00:00-04:00,19.209999084472656,20.610000610351562,19.209999084472656,19.899999618530273,109500,0.0,0.0
2022-08-25 00:00:00-04:00,20.1299991607666,22.280000686645508,20.0,20.760000228881836,45800,0.0,0.0
2022-08-26 00:00:00-04:00,20.860000610351562,21.895000457763672,20.079999923706055,20.639999389648438,117500,0.0,0.0
2022-08-29 00:00:00-04:00,20.469999313354492,21.43000030517578,19.3700008392334,20.719999313354492,95600,0.0,0.0
2022-08-30 00:00:00-04:00,20.5,21.149999618530273,19.239999771118164,19.709999084472656,60700,0.0,0.0
2022-08-31 00:00:00-04:00,19.709999084472656,21.0,19.540000915527344,19.829999923706055,80100,0.0,0.0
2022-09-01 00:00:00-04:00,19.670000076293945,20.170000076293945,19.450000762939453,19.940000534057617,28300,0.0,0.0
2022-09-02 00:00:00-04:00,20.200000762939453,20.200000762939453,19.25,19.5,21500,0.0,0.0
2022-09-06 00:00:00-04:00,19.0,20.110000610351562,17.559999465942383,17.799999237060547,50200,0.0,0.0
2022-09-07 00:00:00-04:00,17.780000686645508,18.770000457763672,16.799999237060547,18.489999771118164,44800,0.0,0.0
2022-09-08 00:00:00-04:00,18.15999984741211,18.639999389648438,17.649999618530273,18.15999984741211,16200,0.0,0.0
2022-09-09 00:00:00-04:00,17.5,18.75,17.059999465942383,17.469999313354492,25400,0.0,0.0
2022-09-12 00:00:00-04:00,17.559999465942383,19.649999618530273,16.6200008392334,18.31999969482422,37500,0.0,0.0
2022-09-13 00:00:00-04:00,18.299999237060547,19.479999542236328,17.135000228881836,17.510000228881836,31800,0.0,0.0
2022-09-14 00:00:00-04:00,17.59000015258789,19.489999771118164,16.75,18.969999313354492,35300,0.0,0.0
2022-09-15 00:00:00-04:00,18.829999923706055,18.969999313354492,15.609999656677246,15.84000015258789,92500,0.0,0.0
2022-09-16 00:00:00-04:00,15.539999961853027,15.960000038146973,14.420000076293945,15.729999542236328,55200,0.0,0.0
2022-09-19 00:00:00-04:00,16.280000686645508,16.280000686645508,15.039999961853027,15.739999771118164,556200,0.0,0.0
2022-09-20 00:00:00-04:00,15.5,15.71500015258789,13.8100004196167,15.600000381469727,183800,0.0,0.0
2022-09-21 00:00:00-04:00,15.0,15.829999923706055,14.25,14.880000114440918,194000,0.0,0.0
2022-09-22 00:00:00-04:00,14.899999618530273,15.199999809265137,14.335000038146973,14.930000305175781,63400,0.0,0.0
2022-09-23 00:00:00-04:00,14.529999732971191,15.079999923706055,14.020000457763672,14.770000457763672,49800,0.0,0.0
2022-09-26 00:00:00-04:00,14.899999618530273,15.789999961853027,14.479999542236328,15.470000267028809,285600,0.0,0.0
2022-09-27 00:00:00-04:00,15.539999961853027,16.15999984741211,14.600000381469727,16.049999237060547,118200,0.0,0.0
2022-09-28 00:00:00-04:00,15.989999771118164,18.514999389648438,15.989999771118164,17.84000015258789,23200,0.0,0.0
2022-09-29 00:00:00-04:00,17.149999618530273,18.777999877929688,15.350000381469727,15.720000267028809,38300,0.0,0.0
2022-09-30 00:00:00-04:00,15.460000038146973,18.200000762939453,15.0600004196167,16.579999923706055,50500,0.0,0.0
2022-10-03 00:00:00-04:00,16.65999984741211,18.489999771118164,15.229999542236328,15.920000076293945,42400,0.0,0.0
2022-10-04 00:00:00-04:00,16.110000610351562,17.0,15.9399995803833,16.68000030517578,39100,0.0,0.0
2022-10-05 00:00:00-04:00,16.209999084472656,16.829999923706055,15.555000305175781,16.489999771118164,34100,0.0,0.0
2022-10-06 00:00:00-04:00,16.59000015258789,17.614999771118164,15.0,16.010000228881836,65200,0.0,0.0
2022-10-07 00:00:00-04:00,15.899999618530273,16.6200008392334,15.329999923706055,16.399999618530273,56900,0.0,0.0
2022-10-10 00:00:00-04:00,16.0,18.049999237060547,16.0,16.700000762939453,25000,0.0,0.0
2022-10-11 00:00:00-04:00,16.6299991607666,16.954999923706055,16.020000457763672,16.68000030517578,17700,0.0,0.0
2022-10-12 00:00:00-04:00,16.09000015258789,17.44499969482422,16.09000015258789,16.84000015258789,58500,0.0,0.0
2022-10-13 00:00:00-04:00,16.309999465942383,19.110000610351562,16.309999465942383,18.8700008392334,38500,0.0,0.0
2022-10-14 00:00:00-04:00,19.010000228881836,20.6299991607666,18.40999984741211,19.3700008392334,28900,0.0,0.0
2022-10-17 00:00:00-04:00,19.690000534057617,20.610000610351562,18.920000076293945,20.09000015258789,38800,0.0,0.0
2022-10-18 00:00:00-04:00,20.899999618530273,21.649999618530273,20.65999984741211,21.149999618530273,46000,0.0,0.0
2022-10-19 00:00:00-04:00,21.010000228881836,22.100000381469727,20.490999221801758,21.149999618530273,63400,0.0,0.0
2022-10-20 00:00:00-04:00,21.299999237060547,21.5,19.826000213623047,20.18000030517578,16200,0.0,0.0
2022-10-21 00:00:00-04:00,18.5,20.309999465942383,18.375,20.280000686645508,96000,0.0,0.0
2022-10-24 00:00:00-04:00,20.520000457763672,21.85300064086914,19.360000610351562,20.739999771118164,24100,0.0,0.0
2022-10-25 00:00:00-04:00,20.950000762939453,21.899999618530273,20.78499984741211,21.0,32800,0.0,0.0
2022-10-26 00:00:00-04:00,20.780000686645508,21.5,20.15399932861328,20.209999084472656,31700,0.0,0.0
2022-10-27 00:00:00-04:00,20.479999542236328,20.510000228881836,18.40999984741211,18.770000457763672,241000,0.0,0.0
2022-10-28 00:00:00-04:00,18.739999771118164,22.0,18.739999771118164,19.670000076293945,111800,0.0,0.0
2022-10-31 00:00:00-04:00,19.850000381469727,20.0,19.190000534057617,19.510000228881836,45300,0.0,0.0
2022-11-01 00:00:00-04:00,19.5,20.55500030517578,18.09000015258789,19.360000610351562,27700,0.0,0.0
2022-11-02 00:00:00-04:00,19.399999618530273,19.450000762939453,18.059999465942383,18.979999542236328,19400,0.0,0.0
2022-11-03 00:00:00-04:00,18.940000534057617,20.075000762939453,18.610000610351562,19.049999237060547,72200,0.0,0.0
2022-11-04 00:00:00-04:00,19.260000228881836,21.389999389648438,18.75,20.5,48400,0.0,0.0
2022-11-07 00:00:00-05:00,20.510000228881836,21.274999618530273,16.760000228881836,17.860000610351562,205700,0.0,0.0
2022-11-08 00:00:00-05:00,17.799999237060547,19.552000045776367,17.55500030517578,18.219999313354492,46000,0.0,0.0
2022-11-09 00:00:00-05:00,17.860000610351562,18.5,17.100000381469727,17.780000686645508,121300,0.0,0.0
2022-11-10 00:00:00-05:00,18.0,20.43000030517578,18.0,20.149999618530273,19400,0.0,0.0
2022-11-11 00:00:00-05:00,20.489999771118164,22.459999084472656,19.020000457763672,19.360000610351562,62100,0.0,0.0
2022-11-14 00:00:00-05:00,19.200000762939453,20.040000915527344,18.610000610351562,19.3700008392334,53900,0.0,0.0
2022-11-15 00:00:00-05:00,19.75,19.75,17.5,19.469999313354492,62500,0.0,0.0
2022-11-16 00:00:00-05:00,19.469999313354492,19.8700008392334,19.1200008392334,19.75,20000,0.0,0.0
2022-11-17 00:00:00-05:00,19.479999542236328,20.30500030517578,18.889999389648438,19.280000686645508,36200,0.0,0.0
2022-11-18 00:00:00-05:00,19.520000457763672,20.299999237060547,17.55500030517578,17.989999771118164,291200,0.0,0.0
2022-11-21 00:00:00-05:00,17.899999618530273,18.469999313354492,17.56999969482422,17.610000610351562,31800,0.0,0.0
2022-11-22 00:00:00-05:00,17.700000762939453,19.209999084472656,17.700000762939453,18.889999389648438,329200,0.0,0.0
2022-11-23 00:00:00-05:00,19.25,19.959999084472656,17.90999984741211,18.260000228881836,451400,0.0,0.0
2022-11-25 00:00:00-05:00,19.18000030517578,19.18000030517578,18.200000762939453,18.670000076293945,29800,0.0,0.0
2022-11-28 00:00:00-05:00,18.09000015258789,18.704999923706055,15.65999984741211,15.989999771118164,47200,0.0,0.0
2022-11-29 00:00:00-05:00,16.020000457763672,18.0,16.0049991607666,16.950000762939453,46700,0.0,0.0
2022-11-30 00:00:00-05:00,16.600000381469727,19.170000076293945,15.5600004196167,18.84000015258789,301800,0.0,0.0
2022-12-01 00:00:00-05:00,18.0,18.739999771118164,17.329999923706055,18.420000076293945,184300,0.0,0.0
2022-12-02 00:00:00-05:00,18.15999984741211,18.559999465942383,17.239999771118164,18.309999465942383,71900,0.0,0.0
2022-12-05 00:00:00-05:00,17.90999984741211,18.219999313354492,17.0,18.0,91300,0.0,0.0
2022-12-06 00:00:00-05:00,17.989999771118164,18.809999465942383,14.329999923706055,18.030000686645508,799800,0.0,0.0
2022-12-07 00:00:00-05:00,17.770000457763672,20.6299991607666,17.440000534057617,20.15999984741211,73500,0.0,0.0
2022-12-08 00:00:00-05:00,19.90999984741211,24.795000076293945,19.90999984741211,24.31999969482422,153500,0.0,0.0
2022-12-09 00:00:00-05:00,25.40999984741211,25.889999389648438,23.540000915527344,24.790000915527344,117100,0.0,0.0
2022-12-12 00:00:00-05:00,25.81999969482422,30.790000915527344,25.71500015258789,30.520000457763672,530000,0.0,0.0
2022-12-13 00:00:00-05:00,29.809999465942383,30.5,22.799999237060547,26.299999237060547,703100,0.0,0.0
2022-12-14 00:00:00-05:00,26.059999465942383,26.239999771118164,24.59000015258789,25.719999313354492,292000,0.0,0.0
2022-12-15 00:00:00-05:00,24.639999389648438,26.510000228881836,24.479999542236328,25.649999618530273,119000,0.0,0.0
2022-12-16 00:00:00-05:00,25.0,26.850000381469727,23.5,26.0,370700,0.0,0.0
2022-12-19 00:00:00-05:00,26.219999313354492,27.459999084472656,25.3799991607666,26.110000610351562,127600,0.0,0.0
2022-12-20 00:00:00-05:00,26.010000228881836,26.239999771118164,24.81999969482422,25.790000915527344,95600,0.0,0.0
2022-12-21 00:00:00-05:00,25.969999313354492,27.229999542236328,25.454999923706055,26.420000076293945,102700,0.0,0.0
2022-12-22 00:00:00-05:00,26.229999542236328,27.535999298095703,25.899999618530273,26.31999969482422,23000,0.0,0.0
2022-12-23 00:00:00-05:00,26.84000015258789,28.020000457763672,25.780000686645508,27.90999984741211,43200,0.0,0.0
2022-12-27 00:00:00-05:00,28.010000228881836,28.469999313354492,26.06999969482422,27.920000076293945,54600,0.0,0.0
2022-12-28 00:00:00-05:00,28.010000228881836,28.799999237060547,27.204999923706055,27.299999237060547,79000,0.0,0.0
2022-12-29 00:00:00-05:00,27.559999465942383,28.9950008392334,26.209999084472656,28.459999084472656,66500,0.0,0.0
2022-12-30 00:00:00-05:00,28.3700008392334,30.239999771118164,27.639999389648438,29.299999237060547,137700,0.0,0.0
2023-01-03 00:00:00-05:00,29.399999618530273,29.579999923706055,26.229999542236328,27.030000686645508,166600,0.0,0.0
2023-01-04 00:00:00-05:00,26.209999084472656,27.479999542236328,26.209999084472656,26.899999618530273,92000,0.0,0.0
2023-01-05 00:00:00-05:00,26.260000228881836,26.93000030517578,26.209999084472656,26.8700008392334,68500,0.0,0.0
2023-01-06 00:00:00-05:00,27.110000610351562,27.450000762939453,25.059999465942383,25.639999389648438,120300,0.0,0.0
2023-01-09 00:00:00-05:00,25.790000915527344,26.219999313354492,23.899999618530273,24.899999618530273,123900,0.0,0.0
2023-01-10 00:00:00-05:00,24.6200008392334,26.639999389648438,24.6200008392334,25.989999771118164,81000,0.0,0.0
2023-01-11 00:00:00-05:00,25.889999389648438,27.389999389648438,24.950000762939453,25.299999237060547,95400,0.0,0.0
2023-01-12 00:00:00-05:00,25.31999969482422,26.0,22.6200008392334,23.479999542236328,181700,0.0,0.0
2023-01-13 00:00:00-05:00,23.139999389648438,25.100000381469727,22.75,25.049999237060547,66600,0.0,0.0
2023-01-17 00:00:00-05:00,24.649999618530273,25.104999542236328,23.209999084472656,24.940000534057617,106400,0.0,0.0
2023-01-18 00:00:00-05:00,25.079999923706055,26.200000762939453,23.21500015258789,23.850000381469727,109200,0.0,0.0
2023-01-19 00:00:00-05:00,23.450000762939453,23.75,23.290000915527344,23.440000534057617,39300,0.0,0.0
2023-01-20 00:00:00-05:00,23.899999618530273,24.450000762939453,23.030000686645508,23.8799991607666,67700,0.0,0.0
2023-01-23 00:00:00-05:00,23.8799991607666,24.0,21.729999542236328,23.100000381469727,37000,0.0,0.0
2023-01-24 00:00:00-05:00,22.860000610351562,23.799999237060547,21.510000228881836,23.6200008392334,50900,0.0,0.0
2023-01-25 00:00:00-05:00,23.5,24.489999771118164,22.6200008392334,23.989999771118164,59500,0.0,0.0
2023-01-26 00:00:00-05:00,24.190000534057617,24.3799991607666,22.350000381469727,23.079999923706055,76200,0.0,0.0
2023-01-27 00:00:00-05:00,22.959999084472656,24.270000457763672,21.549999237060547,23.709999084472656,205400,0.0,0.0
2023-01-30 00:00:00-05:00,23.68000030517578,24.44499969482422,22.979999542236328,23.690000534057617,36500,0.0,0.0
2023-01-31 00:00:00-05:00,23.760000228881836,24.225000381469727,22.59000015258789,22.850000381469727,29500,0.0,0.0
2023-02-01 00:00:00-05:00,22.670000076293945,23.489999771118164,21.475000381469727,23.040000915527344,1381700,0.0,0.0
2023-02-02 00:00:00-05:00,23.6200008392334,24.6200008392334,22.979999542236328,24.389999389648438,356800,0.0,0.0
2023-02-03 00:00:00-05:00,23.860000610351562,24.959999084472656,23.600000381469727,24.510000228881836,53600,0.0,0.0
2023-02-06 00:00:00-05:00,24.1299991607666,25.450000762939453,23.735000610351562,25.0,75600,0.0,0.0
2023-02-07 00:00:00-05:00,25.34000015258789,25.8700008392334,24.040000915527344,25.56999969482422,59400,0.0,0.0
2023-02-08 00:00:00-05:00,25.829999923706055,26.469999313354492,25.174999237060547,25.56999969482422,33300,0.0,0.0
2023-02-09 00:00:00-05:00,25.700000762939453,25.700000762939453,23.16900062561035,24.15999984741211,75100,0.0,0.0
2023-02-10 00:00:00-05:00,24.170000076293945,24.270000457763672,23.209999084472656,24.100000381469727,42800,0.0,0.0
2023-02-13 00:00:00-05:00,24.049999237060547,24.165000915527344,23.139999389648438,23.600000381469727,36300,0.0,0.0
2023-02-14 00:00:00-05:00,24.0,25.530000686645508,23.709999084472656,24.5,28100,0.0,0.0
2023-02-15 00:00:00-05:00,23.729999542236328,26.510000228881836,23.729999542236328,26.3700008392334,36800,0.0,0.0
2023-02-16 00:00:00-05:00,26.34000015258789,27.15999984741211,25.549999237060547,26.790000915527344,39300,0.0,0.0
2023-02-17 00:00:00-05:00,27.030000686645508,28.309999465942383,25.989999771118164,27.700000762939453,31000,0.0,0.0
2023-02-21 00:00:00-05:00,27.31999969482422,28.43000030517578,26.385000228881836,27.1200008392334,50100,0.0,0.0
2023-02-22 00:00:00-05:00,27.09000015258789,28.302000045776367,25.450000762939453,25.549999237060547,26100,0.0,0.0
2023-02-23 00:00:00-05:00,25.690000534057617,26.31999969482422,24.6200008392334,25.15999984741211,127500,0.0,0.0
2023-02-24 00:00:00-05:00,23.77199935913086,25.350000381469727,23.77199935913086,25.290000915527344,132500,0.0,0.0
2023-02-27 00:00:00-05:00,25.65999984741211,25.700000762939453,24.020000457763672,24.459999084472656,35900,0.0,0.0
2023-02-28 00:00:00-05:00,24.40999984741211,24.860000610351562,23.81999969482422,24.56999969482422,43700,0.0,0.0
2023-03-01 00:00:00-05:00,25.670000076293945,25.899999618530273,22.469999313354492,22.469999313354492,57500,0.0,0.0
2023-03-02 00:00:00-05:00,22.25,23.530000686645508,22.0,23.420000076293945,51700,0.0,0.0
2023-03-03 00:00:00-05:00,23.34000015258789,25.43000030517578,22.809999465942383,25.139999389648438,47700,0.0,0.0
2023-03-06 00:00:00-05:00,24.959999084472656,24.959999084472656,23.209999084472656,23.899999618530273,65500,0.0,0.0
2023-03-07 00:00:00-05:00,24.100000381469727,24.479999542236328,22.68000030517578,23.030000686645508,20100,0.0,0.0
2023-03-08 00:00:00-05:00,23.079999923706055,24.94499969482422,23.079999923706055,24.290000915527344,73400,0.0,0.0
2023-03-09 00:00:00-05:00,23.940000534057617,24.354999542236328,22.0,22.3799991607666,201800,0.0,0.0
2023-03-10 00:00:00-05:00,22.5,22.5,20.735000610351562,21.90999984741211,58700,0.0,0.0
2023-03-13 00:00:00-04:00,21.56999969482422,22.59000015258789,20.975000381469727,21.989999771118164,25400,0.0,0.0
2023-03-14 00:00:00-04:00,22.579999923706055,23.239999771118164,21.829999923706055,22.889999389648438,36900,0.0,0.0
2023-03-15 00:00:00-04:00,22.329999923706055,22.729999542236328,20.700000762939453,21.979999542236328,155500,0.0,0.0
2023-03-16 00:00:00-04:00,21.739999771118164,23.565000534057617,20.902999877929688,21.31999969482422,29500,0.0,0.0
2023-03-17 00:00:00-04:00,21.31999969482422,21.559999465942383,19.479999542236328,19.989999771118164,105500,0.0,0.0
2023-03-20 00:00:00-04:00,20.040000915527344,21.049999237060547,19.8700008392334,20.770000457763672,65900,0.0,0.0
2023-03-21 00:00:00-04:00,20.989999771118164,22.93000030517578,20.78499984741211,22.1299991607666,36800,0.0,0.0
2023-03-22 00:00:00-04:00,22.200000762939453,22.200000762939453,20.75,21.079999923706055,57100,0.0,0.0
2023-03-23 00:00:00-04:00,21.079999923706055,21.670000076293945,20.405000686645508,21.670000076293945,45900,0.0,0.0
2023-03-24 00:00:00-04:00,21.450000762939453,21.450000762939453,20.413000106811523,21.110000610351562,90600,0.0,0.0
2023-03-27 00:00:00-04:00,21.059999465942383,22.139999389648438,20.59000015258789,21.010000228881836,51900,0.0,0.0
2023-03-28 00:00:00-04:00,20.93000030517578,21.360000610351562,18.270000457763672,19.170000076293945,50800,0.0,0.0
2023-03-29 00:00:00-04:00,19.809999465942383,19.809999465942383,17.610000610351562,19.290000915527344,91800,0.0,0.0
2023-03-30 00:00:00-04:00,19.5,19.90999984741211,17.489999771118164,19.299999237060547,88100,0.0,0.0
2023-03-31 00:00:00-04:00,19.15999984741211,20.665000915527344,19.15999984741211,20.170000076293945,207600,0.0,0.0
2023-04-03 00:00:00-04:00,20.200000762939453,21.0,18.31999969482422,19.5,131300,0.0,0.0
2023-04-04 00:00:00-04:00,19.65999984741211,19.65999984741211,17.799999237060547,18.889999389648438,120000,0.0,0.0
2023-04-05 00:00:00-04:00,18.899999618530273,19.510000228881836,17.6299991607666,18.549999237060547,55800,0.0,0.0
2023-04-06 00:00:00-04:00,18.280000686645508,18.610000610351562,17.5,18.280000686645508,100900,0.0,0.0
2023-04-10 00:00:00-04:00,18.219999313354492,18.25,17.020000457763672,18.139999389648438,74300,0.0,0.0
2023-04-11 00:00:00-04:00,18.079999923706055,19.200000762939453,17.81999969482422,18.75,71800,0.0,0.0
2023-04-12 00:00:00-04:00,19.06999969482422,19.06999969482422,17.700000762939453,17.989999771118164,36300,0.0,0.0
2023-04-13 00:00:00-04:00,17.90999984741211,18.770000457763672,17.610000610351562,18.040000915527344,47700,0.0,0.0
2023-04-14 00:00:00-04:00,18.1200008392334,18.15999984741211,16.200000762939453,16.889999389648438,107900,0.0,0.0
2023-04-17 00:00:00-04:00,17.0,18.329999923706055,17.0,18.149999618530273,57900,0.0,0.0
2023-04-18 00:00:00-04:00,18.149999618530273,18.559999465942383,17.850000381469727,18.399999618530273,63700,0.0,0.0
2023-04-19 00:00:00-04:00,18.31999969482422,18.469999313354492,17.600000381469727,18.15999984741211,36000,0.0,0.0
2023-04-20 00:00:00-04:00,18.020000457763672,18.579999923706055,18.0,18.309999465942383,48800,0.0,0.0
2023-04-21 00:00:00-04:00,18.270000457763672,20.829999923706055,18.270000457763672,19.510000228881836,65100,0.0,0.0
2023-04-24 00:00:00-04:00,17.670000076293945,19.649999618530273,17.670000076293945,19.440000534057617,51000,0.0,0.0
2023-04-25 00:00:00-04:00,19.329999923706055,20.165000915527344,17.8799991607666,18.770000457763672,114700,0.0,0.0
2023-04-26 00:00:00-04:00,18.739999771118164,19.110000610351562,18.399999618530273,18.8799991607666,30200,0.0,0.0
2023-04-27 00:00:00-04:00,19.0,21.40999984741211,19.0,21.260000228881836,130700,0.0,0.0
2023-04-28 00:00:00-04:00,21.15999984741211,21.34000015258789,20.3700008392334,20.969999313354492,56600,0.0,0.0
2023-05-01 00:00:00-04:00,20.6200008392334,21.270000457763672,20.049999237060547,21.149999618530273,232700,0.0,0.0
2023-05-02 00:00:00-04:00,21.149999618530273,23.43000030517578,20.75,20.75,80000,0.0,0.0
2023-05-03 00:00:00-04:00,20.790000915527344,22.600000381469727,20.65999984741211,21.739999771118164,169700,0.0,0.0
2023-05-04 00:00:00-04:00,21.639999389648438,21.639999389648438,18.559999465942383,20.969999313354492,60500,0.0,0.0
2023-05-05 00:00:00-04:00,21.149999618530273,22.139999389648438,20.219999313354492,22.010000228881836,50900,0.0,0.0
2023-05-08 00:00:00-04:00,21.829999923706055,23.18000030517578,21.1200008392334,21.950000762939453,52000,0.0,0.0
2023-05-09 00:00:00-04:00,21.829999923706055,22.049999237060547,20.510000228881836,21.829999923706055,25500,0.0,0.0
2023-05-10 00:00:00-04:00,22.1200008392334,22.1200008392334,20.520000457763672,21.139999389648438,43200,0.0,0.0
2023-05-11 00:00:00-04:00,20.860000610351562,21.09000015258789,20.360000610351562,20.770000457763672,29300,0.0,0.0
2023-05-12 00:00:00-04:00,19.809999465942383,21.209999084472656,19.809999465942383,21.110000610351562,71600,0.0,0.0
2023-05-15 00:00:00-04:00,20.90999984741211,22.739999771118164,20.639999389648438,21.079999923706055,22300,0.0,0.0
2023-05-16 00:00:00-04:00,20.25,20.639999389648438,18.959999084472656,19.510000228881836,44700,0.0,0.0
2023-05-17 00:00:00-04:00,19.5,19.860000610351562,18.079999923706055,19.459999084472656,89000,0.0,0.0
2023-05-18 00:00:00-04:00,19.420000076293945,19.420000076293945,18.065000534057617,19.170000076293945,27400,0.0,0.0
2023-05-19 00:00:00-04:00,19.5,19.5,18.5,18.540000915527344,26000,0.0,0.0
2023-05-22 00:00:00-04:00,18.610000610351562,18.844999313354492,17.190000534057617,18.0,69200,0.0,0.0
2023-05-23 00:00:00-04:00,17.950000762939453,18.139999389648438,17.309999465942383,17.59000015258789,100400,0.0,0.0
2023-05-24 00:00:00-04:00,17.3799991607666,17.989999771118164,16.950000762939453,17.190000534057617,38500,0.0,0.0
2023-05-25 00:00:00-04:00,17.170000076293945,18.149999618530273,15.01200008392334,17.43000030517578,26000,0.0,0.0
2023-05-26 00:00:00-04:00,17.299999237060547,17.8700008392334,16.9950008392334,17.600000381469727,51900,0.0,0.0
2023-05-30 00:00:00-04:00,17.780000686645508,18.0,15.75,15.84000015258789,97000,0.0,0.0
2023-05-31 00:00:00-04:00,15.760000228881836,17.219999313354492,15.109999656677246,16.25,91200,0.0,0.0
2023-06-01 00:00:00-04:00,16.260000228881836,17.31999969482422,15.640000343322754,16.790000915527344,123600,0.0,0.0
2023-06-02 00:00:00-04:00,17.020000457763672,17.200000762939453,16.350000381469727,16.709999084472656,85800,0.0,0.0
2023-06-05 00:00:00-04:00,16.719999313354492,16.719999313354492,15.649999618530273,15.930000305175781,51500,0.0,0.0
2023-06-06 00:00:00-04:00,15.920000076293945,17.149999618530273,15.600000381469727,16.299999237060547,95600,0.0,0.0
2023-06-07 00:00:00-04:00,16.299999237060547,16.969999313354492,15.84000015258789,16.639999389648438,103400,0.0,0.0
2023-06-08 00:00:00-04:00,16.639999389648438,17.25,16.05500030517578,16.649999618530273,127200,0.0,0.0
2023-06-09 00:00:00-04:00,16.709999084472656,17.149999618530273,15.711000442504883,15.84000015258789,185500,0.0,0.0
2023-06-12 00:00:00-04:00,15.899999618530273,16.100000381469727,15.520000457763672,15.649999618530273,141200,0.0,0.0
2023-06-13 00:00:00-04:00,15.96500015258789,17.481000900268555,15.800000190734863,17.420000076293945,303600,0.0,0.0
2023-06-14 00:00:00-04:00,17.989999771118164,17.989999771118164,16.760000228881836,16.940000534057617,121900,0.0,0.0
2023-06-15 00:00:00-04:00,17.06999969482422,17.1299991607666,16.709999084472656,16.899999618530273,91100,0.0,0.0
2023-06-16 00:00:00-04:00,17.329999923706055,17.329999923706055,16.260000228881836,16.5,53200,0.0,0.0
2023-06-20 00:00:00-04:00,16.540000915527344,16.889999389648438,15.718000411987305,16.399999618530273,79300,0.0,0.0
2023-06-21 00:00:00-04:00,16.15999984741211,16.7450008392334,15.850000381469727,16.700000762939453,52200,0.0,0.0
2023-06-22 00:00:00-04:00,16.6200008392334,16.6200008392334,16.0,16.170000076293945,32500,0.0,0.0
2023-06-23 00:00:00-04:00,16.040000915527344,16.360000610351562,15.569999694824219,16.0,663400,0.0,0.0
2023-06-26 00:00:00-04:00,16.0,16.815000534057617,15.979999542236328,16.610000610351562,57900,0.0,0.0
2023-06-27 00:00:00-04:00,16.549999237060547,16.770000457763672,15.4399995803833,15.630000114440918,68700,0.0,0.0
2023-06-28 00:00:00-04:00,15.600000381469727,16.25,15.0,16.149999618530273,92200,0.0,0.0
2023-06-29 00:00:00-04:00,16.059999465942383,16.770000457763672,15.78499984741211,15.979999542236328,32300,0.0,0.0
2023-06-30 00:00:00-04:00,16.040000915527344,17.280000686645508,15.699999809265137,17.149999618530273,138900,0.0,0.0
2023-07-03 00:00:00-04:00,17.1299991607666,18.6200008392334,17.1299991607666,18.440000534057617,40300,0.0,0.0
2023-07-05 00:00:00-04:00,18.170000076293945,18.170000076293945,16.969999313354492,17.020000457763672,27200,0.0,0.0
2023-07-06 00:00:00-04:00,16.68000030517578,17.260000228881836,16.149999618530273,16.530000686645508,61700,0.0,0.0
2023-07-07 00:00:00-04:00,16.75,17.5,16.549999237060547,17.3700008392334,134700,0.0,0.0
2023-07-10 00:00:00-04:00,17.469999313354492,18.770000457763672,17.459999084472656,18.079999923706055,83800,0.0,0.0
2023-07-11 00:00:00-04:00,18.190000534057617,18.979999542236328,17.790000915527344,17.93000030517578,100000,0.0,0.0
2023-07-12 00:00:00-04:00,18.229999542236328,18.649999618530273,17.940000534057617,18.3700008392334,122700,0.0,0.0
2023-07-13 00:00:00-04:00,18.450000762939453,18.96500015258789,18.368000030517578,18.8799991607666,21700,0.0,0.0
2023-07-14 00:00:00-04:00,18.700000762939453,19.09000015258789,18.014999389648438,18.25,27100,0.0,0.0
2023-07-17 00:00:00-04:00,18.030000686645508,18.549999237060547,15.960000038146973,16.290000915527344,68700,0.0,0.0
2023-07-18 00:00:00-04:00,16.229999542236328,16.899999618530273,15.470000267028809,15.829999923706055,49600,0.0,0.0
2023-07-19 00:00:00-04:00,15.710000038146973,17.469999313354492,15.699999809265137,16.209999084472656,63800,0.0,0.0
2023-07-20 00:00:00-04:00,16.139999389648438,16.690000534057617,15.779999732971191,16.280000686645508,91000,0.0,0.0
2023-07-21 00:00:00-04:00,16.399999618530273,17.15999984741211,16.045000076293945,16.989999771118164,51000,0.0,0.0
2023-07-24 00:00:00-04:00,16.940000534057617,17.094999313354492,16.045000076293945,16.989999771118164,49800,0.0,0.0
2023-07-25 00:00:00-04:00,16.5,17.219999313354492,16.350000381469727,16.579999923706055,35600,0.0,0.0
2023-07-26 00:00:00-04:00,16.600000381469727,16.8799991607666,16.5,16.719999313354492,21700,0.0,0.0
2023-07-27 00:00:00-04:00,17.030000686645508,17.280000686645508,16.334999084472656,16.600000381469727,43300,0.0,0.0
2023-07-28 00:00:00-04:00,16.8700008392334,18.28499984741211,16.489999771118164,17.40999984741211,59000,0.0,0.0
2023-07-31 00:00:00-04:00,17.469999313354492,17.690000534057617,16.709999084472656,17.450000762939453,28500,0.0,0.0
2023-08-01 00:00:00-04:00,16.84000015258789,17.020000457763672,16.329999923706055,16.770000457763672,72500,0.0,0.0
2023-08-02 00:00:00-04:00,16.559999465942383,16.851999282836914,16.364999771118164,16.530000686645508,152700,0.0,0.0
2023-08-03 00:00:00-04:00,16.510000228881836,16.915000915527344,15.895000457763672,16.489999771118164,47000,0.0,0.0
2023-08-04 00:00:00-04:00,16.489999771118164,16.71500015258789,16.21500015258789,16.350000381469727,108000,0.0,0.0
2023-08-07 00:00:00-04:00,16.469999313354492,16.469999313354492,15.170000076293945,15.270000457763672,150600,0.0,0.0
2023-08-08 00:00:00-04:00,15.270000457763672,15.744999885559082,14.960000038146973,15.34000015258789,60500,0.0,0.0
2023-08-09 00:00:00-04:00,15.220000267028809,15.739999771118164,15.140000343322754,15.5,66200,0.0,0.0
2023-08-10 00:00:00-04:00,15.4399995803833,15.640000343322754,14.869999885559082,15.079999923706055,20600,0.0,0.0
2023-08-11 00:00:00-04:00,15.0600004196167,15.34000015258789,14.805000305175781,15.3100004196167,41400,0.0,0.0
2023-08-14 00:00:00-04:00,14.979999542236328,15.71500015258789,14.010000228881836,14.949999809265137,101900,0.0,0.0
2023-08-15 00:00:00-04:00,15.0,15.420000076293945,13.800000190734863,14.779999732971191,121800,0.0,0.0
2023-08-16 00:00:00-04:00,14.949999809265137,15.100000381469727,14.680000305175781,14.979999542236328,101900,0.0,0.0
2023-08-17 00:00:00-04:00,15.069999694824219,15.404999732971191,14.789999961853027,14.880000114440918,91600,0.0,0.0
2023-08-18 00:00:00-04:00,14.699999809265137,15.220000267028809,14.359999656677246,14.390000343322754,78900,0.0,0.0
2023-08-21 00:00:00-04:00,14.390000343322754,14.619999885559082,14.170000076293945,14.5,83700,0.0,0.0
2023-08-22 00:00:00-04:00,14.720000267028809,15.300000190734863,14.619999885559082,15.25,76000,0.0,0.0
2023-08-23 00:00:00-04:00,15.359999656677246,15.529999732971191,14.989999771118164,15.109999656677246,57000,0.0,0.0
2023-08-24 00:00:00-04:00,15.0,15.800000190734863,14.899999618530273,15.609999656677246,61800,0.0,0.0
2023-08-25 00:00:00-04:00,15.720000267028809,15.880000114440918,15.1899995803833,15.350000381469727,45900,0.0,0.0
2023-08-28 00:00:00-04:00,15.460000038146973,16.079999923706055,15.34000015258789,15.399999618530273,47300,0.0,0.0
2023-08-29 00:00:00-04:00,15.680000305175781,16.510000228881836,15.640000343322754,15.979999542236328,35800,0.0,0.0
2023-08-30 00:00:00-04:00,15.680000305175781,16.440000534057617,15.680000305175781,16.0,44200,0.0,0.0
2023-08-31 00:00:00-04:00,16.0,16.799999237060547,15.84000015258789,15.890000343322754,93800,0.0,0.0
2023-09-01 00:00:00-04:00,15.949999809265137,16.219999313354492,15.260000228881836,15.699999809265137,40900,0.0,0.0
2023-09-05 00:00:00-04:00,15.399999618530273,15.739999771118164,15.039999961853027,15.1899995803833,77900,0.0,0.0
2023-09-06 00:00:00-04:00,15.289999961853027,15.289999961853027,14.670000076293945,15.0,70300,0.0,0.0
2023-09-07 00:00:00-04:00,15.010000228881836,15.010000228881836,14.050000190734863,14.0600004196167,40000,0.0,0.0
2023-09-08 00:00:00-04:00,14.069999694824219,14.229999542236328,13.494999885559082,13.6899995803833,49900,0.0,0.0
2023-09-11 00:00:00-04:00,13.8100004196167,13.930000305175781,13.295000076293945,13.329999923706055,42900,0.0,0.0
2023-09-12 00:00:00-04:00,13.470000267028809,13.930000305175781,13.229999542236328,13.789999961853027,53000,0.0,0.0
2023-09-13 00:00:00-04:00,13.630000114440918,14.020000457763672,13.630000114440918,13.65999984741211,53000,0.0,0.0
2023-09-14 00:00:00-04:00,13.729999542236328,14.279999732971191,13.539999961853027,14.020000457763672,87100,0.0,0.0
2023-09-15 00:00:00-04:00,13.90999984741211,13.960000038146973,12.869999885559082,13.149999618530273,256100,0.0,0.0
2023-09-18 00:00:00-04:00,13.170000076293945,13.760000228881836,12.970000267028809,13.449999809265137,56100,0.0,0.0
2023-09-19 00:00:00-04:00,13.699999809265137,13.760000228881836,13.100000381469727,13.470000267028809,70700,0.0,0.0
2023-09-20 00:00:00-04:00,13.680000305175781,13.680000305175781,12.649999618530273,13.050000190734863,94600,0.0,0.0
2023-09-21 00:00:00-04:00,13.010000228881836,13.029999732971191,12.289999961853027,12.899999618530273,86300,0.0,0.0
2023-09-22 00:00:00-04:00,13.039999961853027,13.430000305175781,12.861000061035156,13.359999656677246,58600,0.0,0.0
2023-09-25 00:00:00-04:00,13.350000381469727,13.430000305175781,12.949999809265137,13.1899995803833,65300,0.0,0.0
2023-09-26 00:00:00-04:00,12.979999542236328,13.350000381469727,12.979999542236328,13.100000381469727,111000,0.0,0.0
2023-09-27 00:00:00-04:00,13.010000228881836,13.729999542236328,13.010000228881836,13.619999885559082,29300,0.0,0.0
2023-09-28 00:00:00-04:00,13.970000267028809,13.970000267028809,13.430000305175781,13.710000038146973,31600,0.0,0.0
2023-09-29 00:00:00-04:00,13.670000076293945,13.819999694824219,13.1899995803833,13.569999694824219,34700,0.0,0.0
2023-10-02 00:00:00-04:00,13.579999923706055,13.720000267028809,13.104999542236328,13.279999732971191,176200,0.0,0.0
2023-10-03 00:00:00-04:00,13.1899995803833,13.65999984741211,12.670999526977539,13.34000015258789,83600,0.0,0.0
2023-10-04 00:00:00-04:00,13.420000076293945,13.6899995803833,13.050000190734863,13.420000076293945,36600,0.0,0.0
2023-10-05 00:00:00-04:00,13.510000228881836,13.8100004196167,13.270000457763672,13.630000114440918,123700,0.0,0.0
2023-10-06 00:00:00-04:00,13.390000343322754,13.8149995803833,13.220000267028809,13.430000305175781,54500,0.0,0.0
2023-10-09 00:00:00-04:00,13.229999542236328,13.229999542236328,12.682999610900879,13.0,87100,0.0,0.0
2023-10-10 00:00:00-04:00,12.989999771118164,13.130000114440918,12.319999694824219,12.6899995803833,126900,0.0,0.0
2023-10-11 00:00:00-04:00,12.869999885559082,13.109999656677246,11.9399995803833,11.989999771118164,72900,0.0,0.0
2023-10-12 00:00:00-04:00,11.8100004196167,11.949999809265137,10.510000228881836,10.739999771118164,218700,0.0,0.0
2023-10-13 00:00:00-04:00,10.800000190734863,11.5600004196167,10.621000289916992,11.0,59700,0.0,0.0
2023-10-16 00:00:00-04:00,10.970000267028809,11.270000457763672,10.545000076293945,10.65999984741211,84700,0.0,0.0
2023-10-17 00:00:00-04:00,10.670000076293945,11.319999694824219,10.670000076293945,11.25,75000,0.0,0.0
2023-10-18 00:00:00-04:00,11.09000015258789,11.498000144958496,11.09000015258789,11.359999656677246,48500,0.0,0.0
2023-10-19 00:00:00-04:00,11.319999694824219,11.710000038146973,11.010000228881836,11.369999885559082,43600,0.0,0.0
2023-10-20 00:00:00-04:00,11.399999618530273,11.930000305175781,11.069999694824219,11.130000114440918,43600,0.0,0.0
2023-10-23 00:00:00-04:00,11.130000114440918,11.4399995803833,10.520000457763672,11.029999732971191,52700,0.0,0.0
2023-10-24 00:00:00-04:00,10.979999542236328,11.670000076293945,10.979999542236328,11.149999618530273,50000,0.0,0.0
2023-10-25 00:00:00-04:00,11.039999961853027,11.210000038146973,9.859999656677246,9.960000038146973,67500,0.0,0.0
2023-10-26 00:00:00-04:00,9.800000190734863,10.475000381469727,9.680000305175781,10.050000190734863,59900,0.0,0.0
2023-10-27 00:00:00-04:00,10.0,10.024999618530273,9.420000076293945,9.579999923706055,67200,0.0,0.0
2023-10-30 00:00:00-04:00,9.40999984741211,10.069999694824219,9.40999984741211,9.979999542236328,55200,0.0,0.0
2023-10-31 00:00:00-04:00,10.09000015258789,10.640000343322754,10.09000015258789,10.609999656677246,43500,0.0,0.0
2023-11-01 00:00:00-04:00,10.420000076293945,10.899999618530273,9.954999923706055,10.640000343322754,49300,0.0,0.0
2023-11-02 00:00:00-04:00,10.859999656677246,11.329999923706055,10.505000114440918,11.085000038146973,117600,0.0,0.0
2023-11-03 00:00:00-04:00,11.380000114440918,11.949999809265137,10.989999771118164,11.470000267028809,72400,0.0,0.0
2023-11-06 00:00:00-05:00,11.619999885559082,12.359999656677246,11.119999885559082,11.420000076293945,57400,0.0,0.0
2023-11-07 00:00:00-05:00,11.664999961853027,12.25,11.329999923706055,12.239999771118164,71800,0.0,0.0
2023-11-08 00:00:00-05:00,12.289999961853027,12.300000190734863,10.927000045776367,11.699999809265137,56500,0.0,0.0
2023-11-09 00:00:00-05:00,11.595000267028809,11.65999984741211,10.649999618530273,11.0,54700,0.0,0.0
2023-11-10 00:00:00-05:00,10.725000381469727,11.75,10.550000190734863,11.359999656677246,53100,0.0,0.0
2023-11-13 00:00:00-05:00,11.270000457763672,12.628999710083008,11.100000381469727,12.319999694824219,141900,0.0,0.0
2023-11-14 00:00:00-05:00,13.289999961853027,14.199999809265137,12.579999923706055,14.149999618530273,131200,0.0,0.0
2023-11-15 00:00:00-05:00,14.4399995803833,14.800000190734863,13.90999984741211,14.569999694824219,79300,0.0,0.0
2023-11-16 00:00:00-05:00,14.59000015258789,14.890000343322754,13.6899995803833,13.899999618530273,77900,0.0,0.0
2023-11-17 00:00:00-05:00,13.989999771118164,14.59000015258789,13.5,14.489999771118164,74700,0.0,0.0
2023-11-20 00:00:00-05:00,14.09000015258789,14.720000267028809,14.09000015258789,14.510000228881836,41600,0.0,0.0
2023-11-21 00:00:00-05:00,14.25,14.8100004196167,14.130000114440918,14.5,43000,0.0,0.0
2023-11-22 00:00:00-05:00,14.760000228881836,15.470000267028809,14.744999885559082,15.279999732971191,66600,0.0,0.0
2023-11-24 00:00:00-05:00,15.399999618530273,16.1299991607666,15.029999732971191,15.890000343322754,27000,0.0,0.0
2023-11-27 00:00:00-05:00,15.680000305175781,16.670000076293945,15.680000305175781,15.989999771118164,93400,0.0,0.0
2023-11-28 00:00:00-05:00,16.0,16.229999542236328,15.40999984741211,15.9399995803833,78600,0.0,0.0
2023-11-29 00:00:00-05:00,16.049999237060547,16.645000457763672,15.880000114440918,15.960000038146973,62700,0.0,0.0
2023-11-30 00:00:00-05:00,16.0,16.170000076293945,15.4399995803833,15.710000038146973,244700,0.0,0.0
2023-12-01 00:00:00-05:00,15.850000381469727,16.450000762939453,15.359999656677246,16.15999984741211,105100,0.0,0.0
2023-12-04 00:00:00-05:00,15.979999542236328,17.014999389648438,15.979999542236328,16.579999923706055,41500,0.0,0.0
2023-12-05 00:00:00-05:00,16.479999542236328,16.549999237060547,16.049999237060547,16.1200008392334,41000,0.0,0.0
2023-12-06 00:00:00-05:00,16.079999923706055,16.43000030517578,15.710000038146973,16.229999542236328,58700,0.0,0.0
2023-12-07 00:00:00-05:00,16.399999618530273,16.729999542236328,15.850000381469727,16.649999618530273,41500,0.0,0.0
2023-12-08 00:00:00-05:00,16.81999969482422,17.579999923706055,16.489999771118164,17.040000915527344,69000,0.0,0.0
2023-12-11 00:00:00-05:00,17.030000686645508,17.06999969482422,16.59000015258789,16.6200008392334,28200,0.0,0.0
2023-12-12 00:00:00-05:00,16.549999237060547,17.059999465942383,15.880000114440918,16.65999984741211,40000,0.0,0.0
2023-12-13 00:00:00-05:00,16.739999771118164,19.5,16.739999771118164,19.139999389648438,124000,0.0,0.0
2023-12-14 00:00:00-05:00,19.5,20.2549991607666,18.885000228881836,19.520000457763672,209400,0.0,0.0
2023-12-15 00:00:00-05:00,19.84000015258789,19.84000015258789,17.729999542236328,18.0,345600,0.0,0.0
2023-12-18 00:00:00-05:00,18.010000228881836,19.3799991607666,16.940000534057617,17.0,222200,0.0,0.0
2023-12-19 00:00:00-05:00,17.0,19.375,17.0,19.3700008392334,60900,0.0,0.0
2023-12-20 00:00:00-05:00,19.350000381469727,20.739999771118164,18.600000381469727,18.649999618530273,55600,0.0,0.0
2023-12-21 00:00:00-05:00,18.950000762939453,20.8799991607666,18.950000762939453,20.1200008392334,63900,0.0,0.0
2023-12-22 00:00:00-05:00,20.440000534057617,22.139999389648438,20.440000534057617,20.920000076293945,67700,0.0,0.0
2023-12-26 00:00:00-05:00,21.219999313354492,23.360000610351562,20.985000610351562,23.200000762939453,86400,0.0,0.0
2023-12-27 00:00:00-05:00,23.510000228881836,24.5,23.1200008392334,24.25,81200,0.0,0.0
2023-12-28 00:00:00-05:00,24.219999313354492,24.219999313354492,22.360000610351562,23.56999969482422,103500,0.0,0.0
2023-12-29 00:00:00-05:00,23.559999465942383,24.139999389648438,21.549999237060547,22.6299991607666,79100,0.0,0.0
2024-01-02 00:00:00-05:00,22.5,23.209999084472656,21.25,21.809999465942383,50100,0.0,0.0
2024-01-03 00:00:00-05:00,21.8799991607666,21.8799991607666,20.280000686645508,20.510000228881836,54700,0.0,0.0
2024-01-04 00:00:00-05:00,20.600000381469727,20.860000610351562,19.719999313354492,20.290000915527344,48600,0.0,0.0
2024-01-05 00:00:00-05:00,19.8799991607666,20.079999923706055,18.200000762939453,19.610000610351562,68300,0.0,0.0
2024-01-08 00:00:00-05:00,19.690000534057617,19.920000076293945,18.540000915527344,19.81999969482422,123200,0.0,0.0
2024-01-09 00:00:00-05:00,19.329999923706055,20.770000457763672,19.149999618530273,20.34000015258789,38600,0.0,0.0
2024-01-10 00:00:00-05:00,20.270000457763672,21.530000686645508,19.420000076293945,20.170000076293945,82300,0.0,0.0
2024-01-11 00:00:00-05:00,19.850000381469727,21.165000915527344,19.225000381469727,20.6200008392334,31500,0.0,0.0
2024-01-12 00:00:00-05:00,21.110000610351562,21.940000534057617,20.079999923706055,20.09000015258789,34200,0.0,0.0
2024-01-16 00:00:00-05:00,19.81999969482422,20.079999923706055,19.309999465942383,19.68000030517578,51800,0.0,0.0
2024-01-17 00:00:00-05:00,19.25,21.062999725341797,19.18000030517578,20.170000076293945,37900,0.0,0.0
2024-01-18 00:00:00-05:00,20.190000534057617,21.06999969482422,19.18000030517578,19.540000915527344,30500,0.0,0.0
2024-01-19 00:00:00-05:00,19.780000686645508,20.354999542236328,19.299999237060547,20.270000457763672,37600,0.0,0.0
2024-01-22 00:00:00-05:00,20.209999084472656,20.84000015258789,19.405000686645508,20.0,65000,0.0,0.0
2024-01-23 00:00:00-05:00,20.5,21.219999313354492,19.5,20.260000228881836,54300,0.0,0.0
2024-01-24 00:00:00-05:00,20.68000030517578,20.68000030517578,18.704999923706055,19.149999618530273,83300,0.0,0.0
2024-01-25 00:00:00-05:00,19.360000610351562,19.989999771118164,18.010000228881836,18.350000381469727,705900,0.0,0.0
2024-01-26 00:00:00-05:00,18.5,19.0,17.045000076293945,17.68000030517578,183300,0.0,0.0
2024-01-29 00:00:00-05:00,17.709999084472656,18.329999923706055,17.40999984741211,18.094999313354492,97900,0.0,0.0
2024-01-30 00:00:00-05:00,17.8700008392334,19.075000762939453,17.8700008392334,18.825000762939453,56600,0.0,0.0
2024-01-31 00:00:00-05:00,19.0,20.639999389648438,18.81599998474121,19.309999465942383,70500,0.0,0.0
2024-02-01 00:00:00-05:00,19.280000686645508,19.5,18.2450008392334,18.690000534057617,62900,0.0,0.0
2024-02-02 00:00:00-05:00,18.270000457763672,18.479999542236328,16.739999771118164,17.950000762939453,140800,0.0,0.0
2024-02-05 00:00:00-05:00,17.440000534057617,18.5,16.94499969482422,18.139999389648438,53500,0.0,0.0
2024-02-06 00:00:00-05:00,17.950000762939453,20.229999542236328,17.950000762939453,19.969999313354492,50600,0.0,0.0
2024-02-07 00:00:00-05:00,19.979999542236328,21.059999465942383,19.513999938964844,20.59000015258789,52400,0.0,0.0
2024-02-08 00:00:00-05:00,20.809999465942383,22.0,18.989999771118164,20.530000686645508,61200,0.0,0.0
2024-02-09 00:00:00-05:00,20.34000015258789,22.200000762939453,20.34000015258789,21.450000762939453,88200,0.0,0.0
2024-02-12 00:00:00-05:00,21.0,22.200000762939453,20.084999084472656,20.399999618530273,91600,0.0,0.0
2024-02-13 00:00:00-05:00,19.43000030517578,20.350000381469727,18.690000534057617,19.0,90500,0.0,0.0
2024-02-14 00:00:00-05:00,19.3799991607666,19.860000610351562,18.079999923706055,19.25,43100,0.0,0.0
2024-02-15 00:00:00-05:00,19.489999771118164,21.690000534057617,18.469999313354492,21.639999389648438,65800,0.0,0.0
2024-02-16 00:00:00-05:00,21.6200008392334,22.280000686645508,20.809999465942383,20.90999984741211,80300,0.0,0.0
2024-02-20 00:00:00-05:00,20.469999313354492,21.010000228881836,18.040000915527344,18.799999237060547,219200,0.0,0.0
2024-02-21 00:00:00-05:00,18.69300079345703,19.440000534057617,18.110000610351562,18.850000381469727,184700,0.0,0.0
2024-02-22 00:00:00-05:00,18.6200008392334,19.200000762939453,18.389999389648438,18.81999969482422,95800,0.0,0.0
2024-02-23 00:00:00-05:00,18.805999755859375,20.100000381469727,18.805999755859375,19.6299991607666,82100,0.0,0.0
2024-02-26 00:00:00-05:00,19.360000610351562,21.6299991607666,18.079999923706055,20.739999771118164,70700,0.0,0.0
2024-02-27 00:00:00-05:00,21.209999084472656,24.489999771118164,19.989999771118164,23.770000457763672,163600,0.0,0.0
2024-02-28 00:00:00-05:00,23.43000030517578,24.190000534057617,22.216999053955078,23.09000015258789,51400,0.0,0.0
2024-02-29 00:00:00-05:00,23.75,24.165000915527344,22.329999923706055,23.079999923706055,52000,0.0,0.0
2024-03-01 00:00:00-05:00,23.110000610351562,24.239999771118164,22.204999923706055,23.829999923706055,108500,0.0,0.0
2024-03-04 00:00:00-05:00,23.959999084472656,23.959999084472656,22.420000076293945,22.489999771118164,51000,0.0,0.0
2024-03-05 00:00:00-05:00,22.110000610351562,23.219999313354492,22.059999465942383,22.84000015258789,44300,0.0,0.0
2024-03-06 00:00:00-05:00,22.364999771118164,24.100000381469727,22.364999771118164,23.8700008392334,42700,0.0,0.0
2024-03-07 00:00:00-05:00,24.1299991607666,25.850000381469727,23.459999084472656,24.399999618530273,143700,0.0,0.0
2024-03-08 00:00:00-05:00,24.5,27.19499969482422,23.520000457763672,26.520000457763672,105100,0.0,0.0
2024-03-11 00:00:00-04:00,26.350000381469727,26.350000381469727,24.125,24.770000457763672,125000,0.0,0.0
2024-03-12 00:00:00-04:00,24.670000076293945,25.200000762939453,23.274999618530273,24.139999389648438,302200,0.0,0.0
2024-03-13 00:00:00-04:00,24.170000076293945,27.81999969482422,23.059999465942383,26.979999542236328,104200,0.0,0.0
2024-03-14 00:00:00-04:00,26.8700008392334,26.8700008392334,23.950000762939453,24.290000915527344,75200,0.0,0.0
2024-03-15 00:00:00-04:00,24.40999984741211,27.3700008392334,24.40999984741211,26.700000762939453,105600,0.0,0.0
2024-03-18 00:00:00-04:00,26.75,27.114999771118164,25.235000610351562,26.389999389648438,191400,0.0,0.0
2024-03-19 00:00:00-04:00,26.06999969482422,26.96500015258789,25.065000534057617,25.719999313354492,100100,0.0,0.0
2024-03-20 00:00:00-04:00,25.610000610351562,27.343000411987305,25.360000610351562,25.889999389648438,102900,0.0,0.0
2024-03-21 00:00:00-04:00,26.190000534057617,27.0,25.684999465942383,26.0,188500,0.0,0.0
2024-03-22 00:00:00-04:00,26.0,26.780000686645508,25.399999618530273,25.780000686645508,90500,0.0,0.0
2024-03-25 00:00:00-04:00,26.510000228881836,28.385000228881836,26.260000228881836,26.950000762939453,224600,0.0,0.0
2024-03-26 00:00:00-04:00,26.549999237060547,27.322999954223633,24.270000457763672,25.649999618530273,271300,0.0,0.0
2024-03-27 00:00:00-04:00,27.389999389648438,29.360000610351562,25.6200008392334,28.5,922300,0.0,0.0
2024-03-28 00:00:00-04:00,29.010000228881836,29.989999771118164,27.100000381469727,29.56999969482422,216900,0.0,0.0
2024-04-01 00:00:00-04:00,30.43000030517578,32.415000915527344,28.290000915527344,30.75,295700,0.0,0.0
2024-04-02 00:00:00-04:00,29.15999984741211,29.969999313354492,28.450000762939453,29.579999923706055,169300,0.0,0.0
2024-04-03 00:00:00-04:00,29.0,30.25,28.229999542236328,29.1200008392334,179600,0.0,0.0
2024-04-04 00:00:00-04:00,29.6200008392334,30.290000915527344,28.770000457763672,29.100000381469727,153800,0.0,0.0
2024-04-05 00:00:00-04:00,28.0,28.0,24.43000030517578,25.049999237060547,246300,0.0,0.0
2024-04-08 00:00:00-04:00,25.399999618530273,26.579999923706055,24.510000228881836,26.479999542236328,119800,0.0,0.0
2024-04-09 00:00:00-04:00,26.40999984741211,28.700000762939453,26.40999984741211,28.049999237060547,132100,0.0,0.0
2024-04-10 00:00:00-04:00,26.510000228881836,27.790000915527344,26.219999313354492,27.010000228881836,223400,0.0,0.0
2024-04-11 00:00:00-04:00,26.59000015258789,27.100000381469727,26.530000686645508,26.889999389648438,142600,0.0,0.0
2024-04-12 00:00:00-04:00,26.639999389648438,27.110000610351562,24.440000534057617,25.239999771118164,133100,0.0,0.0
2024-04-15 00:00:00-04:00,25.34000015258789,25.350000381469727,24.270000457763672,25.299999237060547,106800,0.0,0.0
2024-04-16 00:00:00-04:00,24.850000381469727,25.579999923706055,23.469999313354492,23.6200008392334,132900,0.0,0.0
2024-04-17 00:00:00-04:00,23.969999313354492,23.969999313354492,21.809999465942383,22.5,159200,0.0,0.0
2024-04-18 00:00:00-04:00,22.440000534057617,22.440000534057617,20.959999084472656,21.600000381469727,216300,0.0,0.0
2024-04-19 00:00:00-04:00,21.15999984741211,22.40999984741211,20.729999542236328,22.049999237060547,218800,0.0,0.0
2024-04-22 00:00:00-04:00,22.100000381469727,22.864999771118164,21.350000381469727,22.170000076293945,109600,0.0,0.0
2024-04-23 00:00:00-04:00,22.0,23.75,21.364999771118164,23.219999313354492,148300,0.0,0.0
2024-04-24 00:00:00-04:00,23.280000686645508,23.97599983215332,21.100000381469727,21.200000762939453,304300,0.0,0.0
2024-04-25 00:00:00-04:00,20.719999313354492,22.1299991607666,19.829999923706055,21.56999969482422,119800,0.0,0.0
2024-04-26 00:00:00-04:00,21.65999984741211,22.389999389648438,21.1200008392334,21.75,74000,0.0,0.0
2024-04-29 00:00:00-04:00,22.040000915527344,22.040000915527344,20.510000228881836,20.549999237060547,56100,0.0,0.0
2024-04-30 00:00:00-04:00,20.34000015258789,20.69499969482422,19.649999618530273,20.010000228881836,74900,0.0,0.0
2024-05-01 00:00:00-04:00,19.90999984741211,21.75,19.729999542236328,20.84000015258789,152800,0.0,0.0
2024-05-02 00:00:00-04:00,21.100000381469727,21.209999084472656,20.209999084472656,20.75,127600,0.0,0.0
2024-05-03 00:00:00-04:00,21.0,22.34000015258789,19.989999771118164,20.290000915527344,99900,0.0,0.0
2024-05-06 00:00:00-04:00,20.399999618530273,20.860000610351562,20.200000762939453,20.6200008392334,111000,0.0,0.0
2024-05-07 00:00:00-04:00,20.649999618530273,20.809999465942383,19.78499984741211,20.440000534057617,142500,0.0,0.0
2024-05-08 00:00:00-04:00,20.190000534057617,21.200000762939453,19.809999465942383,21.040000915527344,137100,0.0,0.0
2024-05-09 00:00:00-04:00,20.920000076293945,21.790000915527344,20.399999618530273,21.559999465942383,128500,0.0,0.0
2024-05-10 00:00:00-04:00,21.68000030517578,21.68000030517578,19.584999084472656,19.829999923706055,79100,0.0,0.0
2024-05-13 00:00:00-04:00,19.790000915527344,19.959999084472656,18.829999923706055,19.139999389648438,230800,0.0,0.0
2024-05-14 00:00:00-04:00,19.3799991607666,20.559999465942383,18.3700008392334,19.280000686645508,246900,0.0,0.0
2024-05-15 00:00:00-04:00,20.030000686645508,21.09000015258789,19.729999542236328,21.010000228881836,333600,0.0,0.0
2024-05-16 00:00:00-04:00,21.229999542236328,22.479999542236328,20.819000244140625,21.90999984741211,252100,0.0,0.0
2024-05-17 00:00:00-04:00,21.860000610351562,21.899999618530273,20.260000228881836,20.56999969482422,136800,0.0,0.0
2024-05-20 00:00:00-04:00,20.3799991607666,20.899999618530273,20.0,20.170000076293945,275600,0.0,0.0
2024-05-21 00:00:00-04:00,20.329999923706055,20.549999237060547,19.690000534057617,19.790000915527344,113600,0.0,0.0
2024-05-22 00:00:00-04:00,19.6200008392334,19.6200008392334,17.0,18.0,359700,0.0,0.0
2024-05-23 00:00:00-04:00,18.139999389648438,18.139999389648438,16.81999969482422,17.1299991607666,291500,0.0,0.0
2024-05-24 00:00:00-04:00,17.350000381469727,18.094999313354492,16.610000610351562,17.09000015258789,215000,0.0,0.0
2024-05-28 00:00:00-04:00,17.450000762939453,17.450000762939453,16.040000915527344,16.06999969482422,149400,0.0,0.0
2024-05-29 00:00:00-04:00,15.699999809265137,17.030000686645508,15.520000457763672,17.0,237500,0.0,0.0
2024-05-30 00:00:00-04:00,17.239999771118164,18.110000610351562,16.75,17.65999984741211,213200,0.0,0.0
2024-05-31 00:00:00-04:00,17.799999237060547,18.514999389648438,16.8700008392334,17.450000762939453,298900,0.0,0.0
2024-06-03 00:00:00-04:00,17.6200008392334,18.354999542236328,16.989999771118164,17.3700008392334,321900,0.0,0.0
2024-06-04 00:00:00-04:00,17.149999618530273,17.389999389648438,16.290000915527344,16.34000015258789,219900,0.0,0.0
2024-06-05 00:00:00-04:00,16.5,19.40999984741211,15.760000228881836,18.899999618530273,430800,0.0,0.0
2024-06-06 00:00:00-04:00,18.68000030517578,19.920000076293945,17.5,19.90999984741211,493300,0.0,0.0
2024-06-07 00:00:00-04:00,19.34000015258789,21.334999084472656,19.34000015258789,20.739999771118164,459800,0.0,0.0
2024-06-10 00:00:00-04:00,20.540000915527344,22.459999084472656,20.399999618530273,21.860000610351562,387100,0.0,0.0
2024-06-11 00:00:00-04:00,21.719999313354492,22.610000610351562,21.399999618530273,22.25,305700,0.0,0.0
2024-06-12 00:00:00-04:00,23.3799991607666,23.850000381469727,21.799999237060547,23.020000457763672,299000,0.0,0.0
2024-06-13 00:00:00-04:00,23.020000457763672,24.773000717163086,22.510000228881836,24.579999923706055,250000,0.0,0.0
2024-06-14 00:00:00-04:00,24.049999237060547,25.28499984741211,23.780000686645508,24.6200008392334,365600,0.0,0.0
2024-06-17 00:00:00-04:00,2.4100000858306885,2.509999990463257,1.5,1.649999976158142,25207800,0.0,0.0
2024-06-18 00:00:00-04:00,1.6100000143051147,1.6299999952316284,1.399999976158142,1.409999966621399,5063200,0.0,0.0
2024-06-20 00:00:00-04:00,1.3600000143051147,1.4600000381469727,1.25,1.4600000381469727,4811000,0.0,0.0
2024-06-21 00:00:00-04:00,1.600000023841858,1.7000000476837158,1.5099999904632568,1.559999942779541,5603100,0.0,0.0
2024-06-24 00:00:00-04:00,1.5099999904632568,1.5299999713897705,1.3799999952316284,1.5,2798300,0.0,0.0
2024-06-25 00:00:00-04:00,1.4600000381469727,1.5099999904632568,1.434999942779541,1.4500000476837158,1199500,0.0,0.0
2024-06-26 00:00:00-04:00,1.4600000381469727,1.465999960899353,1.3600000143051147,1.440000057220459,1417200,0.0,0.0
2024-06-27 00:00:00-04:00,1.409999966621399,1.7699999809265137,1.3849999904632568,1.6699999570846558,3638500,0.0,0.0
2024-06-28 00:00:00-04:00,1.6299999952316284,1.7300000190734863,1.5199999809265137,1.659999966621399,2545800,0.0,0.0
2024-07-01 00:00:00-04:00,1.6399999856948853,1.7699999809265137,1.6200000047683716,1.7000000476837158,1268700,0.0,0.0
2024-07-02 00:00:00-04:00,1.7200000286102295,1.725000023841858,1.6150000095367432,1.6200000047683716,812500,0.0,0.0
2024-07-03 00:00:00-04:00,1.6399999856948853,1.7000000476837158,1.5700000524520874,1.690000057220459,604500,0.0,0.0
2024-07-05 00:00:00-04:00,1.659999966621399,1.6699999570846558,1.5800000429153442,1.6100000143051147,706300,0.0,0.0
2024-07-08 00:00:00-04:00,1.6299999952316284,1.8300000429153442,1.6200000047683716,1.7400000095367432,1837100,0.0,0.0
2024-07-09 00:00:00-04:00,1.7300000190734863,1.75,1.6299999952316284,1.6799999475479126,476000,0.0,0.0
2024-07-10 00:00:00-04:00,1.6399999856948853,1.75,1.6399999856948853,1.75,544400,0.0,0.0
2024-07-11 00:00:00-04:00,1.7999999523162842,1.9299999475479126,1.7899999618530273,1.8799999952316284,829300,0.0,0.0
2024-07-12 00:00:00-04:00,1.899999976158142,1.940999984741211,1.809999942779541,1.809999942779541,561100,0.0,0.0
2024-07-15 00:00:00-04:00,1.850000023841858,1.899999976158142,1.7999999523162842,1.899999976158142,334700,0.0,0.0
2024-07-16 00:00:00-04:00,1.8799999952316284,2.0,1.8799999952316284,1.9900000095367432,475900,0.0,0.0
2024-07-17 00:00:00-04:00,1.9900000095367432,2.0,1.8899999856948853,1.8899999856948853,435700,0.0,0.0
2024-07-18 00:00:00-04:00,1.899999976158142,1.940000057220459,1.7400000095367432,1.8200000524520874,434900,0.0,0.0
2024-07-19 00:00:00-04:00,1.8300000429153442,1.8799999952316284,1.7699999809265137,1.7799999713897705,250500,0.0,0.0
2024-07-22 00:00:00-04:00,1.7599999904632568,1.850000023841858,1.7350000143051147,1.840000033378601,391300,0.0,0.0
2024-07-23 00:00:00-04:00,1.8300000429153442,1.8899999856948853,1.7899999618530273,1.7949999570846558,308600,0.0,0.0
2024-07-24 00:00:00-04:00,1.7799999713897705,1.940000057220459,1.7799999713897705,1.8899999856948853,364500,0.0,0.0
2024-07-25 00:00:00-04:00,1.8700000047683716,1.965000033378601,1.8600000143051147,1.9199999570846558,217700,0.0,0.0
2024-07-26 00:00:00-04:00,1.9700000286102295,2.0799999237060547,1.75,2.009999990463257,1399900,0.0,0.0
2024-07-29 00:00:00-04:00,2.0,2.0199999809265137,1.8799999952316284,1.8899999856948853,256800,0.0,0.0
2024-07-30 00:00:00-04:00,1.8899999856948853,1.9199999570846558,1.7999999523162842,1.8200000524520874,610600,0.0,0.0
2024-07-31 00:00:00-04:00,1.850000023841858,1.9149999618530273,1.7799999713897705,1.8200000524520874,449100,0.0,0.0
2024-08-01 00:00:00-04:00,1.8300000429153442,1.840000033378601,1.7610000371932983,1.7899999618530273,325900,0.0,0.0
2024-08-02 00:00:00-04:00,1.7200000286102295,1.7999999523162842,1.684000015258789,1.7300000190734863,287600,0.0,0.0
2024-08-05 00:00:00-04:00,1.6200000047683716,1.7100000381469727,1.6100000143051147,1.6399999856948853,424300,0.0,0.0
2024-08-06 00:00:00-04:00,1.6299999952316284,1.7200000286102295,1.6100000143051147,1.6399999856948853,406800,0.0,0.0
2024-08-07 00:00:00-04:00,1.6699999570846558,1.6799999475479126,1.6200000047683716,1.6699999570846558,391200,0.0,0.0
2024-08-08 00:00:00-04:00,1.6699999570846558,1.7100000381469727,1.63100004196167,1.7000000476837158,255500,0.0,0.0
2024-08-09 00:00:00-04:00,1.7100000381469727,1.7400000095367432,1.6349999904632568,1.690000057220459,354500,0.0,0.0
2024-08-12 00:00:00-04:00,1.690000057220459,1.7300000190734863,1.649999976158142,1.7200000286102295,171800,0.0,0.0
2024-08-13 00:00:00-04:00,1.7100000381469727,1.7699999809265137,1.7000000476837158,1.75,204600,0.0,0.0
2024-08-14 00:00:00-04:00,1.75,1.7599999904632568,1.6749999523162842,1.7200000286102295,96200,0.0,0.0
2024-08-15 00:00:00-04:00,1.7699999809265137,1.8600000143051147,1.7300000190734863,1.7899999618530273,142800,0.0,0.0
2024-08-16 00:00:00-04:00,1.7899999618530273,1.8300000429153442,1.7300000190734863,1.7799999713897705,144400,0.0,0.0
2024-08-19 00:00:00-04:00,1.8049999475479126,1.8600000143051147,1.7799999713897705,1.840000033378601,186800,0.0,0.0
2024-08-20 00:00:00-04:00,1.840000033378601,1.8600000143051147,1.7799999713897705,1.8200000524520874,81500,0.0,0.0
2024-08-21 00:00:00-04:00,1.8300000429153442,1.8899999856948853,1.8300000429153442,1.8799999952316284,184900,0.0,0.0
2024-08-22 00:00:00-04:00,1.909999966621399,1.9270000457763672,1.8250000476837158,1.840000033378601,132300,0.0,0.0
2024-08-23 00:00:00-04:00,1.899999976158142,1.909999966621399,1.8300000429153442,1.8700000047683716,175900,0.0,0.0
2024-08-26 00:00:00-04:00,1.8700000047683716,1.9600000381469727,1.850000023841858,1.9500000476837158,434500,0.0,0.0
2024-08-27 00:00:00-04:00,1.9500000476837158,1.9500000476837158,1.850000023841858,1.8799999952316284,145800,0.0,0.0
2024-08-28 00:00:00-04:00,1.850000023841858,1.8700000047683716,1.815000057220459,1.8600000143051147,165200,0.0,0.0
2024-08-29 00:00:00-04:00,1.8799999952316284,1.9199999570846558,1.840000033378601,1.850000023841858,231500,0.0,0.0
2024-08-30 00:00:00-04:00,1.850000023841858,1.9299999475479126,1.815000057220459,1.9299999475479126,191000,0.0,0.0
2024-09-03 00:00:00-04:00,1.909999966621399,1.9700000286102295,1.8300000429153442,1.8600000143051147,204800,0.0,0.0
2024-09-04 00:00:00-04:00,1.850000023841858,1.899999976158142,1.8300000429153442,1.899999976158142,163700,0.0,0.0
2024-09-05 00:00:00-04:00,1.8700000047683716,1.940000057220459,1.8600000143051147,1.940000057220459,434100,0.0,0.0
2024-09-06 00:00:00-04:00,1.9199999570846558,1.965000033378601,1.850000023841858,1.899999976158142,170700,0.0,0.0
2024-09-09 00:00:00-04:00,1.8600000143051147,1.9550000429153442,1.8600000143051147,1.9199999570846558,114100,0.0,0.0
2024-09-10 00:00:00-04:00,1.909999966621399,1.940000057220459,1.8700000047683716,1.8899999856948853,157800,0.0,0.0
2024-09-11 00:00:00-04:00,1.899999976158142,1.934999942779541,1.850000023841858,1.9199999570846558,207200,0.0,0.0
2024-09-12 00:00:00-04:00,1.940000057220459,1.940000057220459,1.8700000047683716,1.8799999952316284,153500,0.0,0.0
2024-09-13 00:00:00-04:00,1.8899999856948853,1.9700000286102295,1.8849999904632568,1.899999976158142,255300,0.0,0.0
2024-09-16 00:00:00-04:00,1.899999976158142,1.9500000476837158,1.875,1.909999966621399,160200,0.0,0.0
2024-09-17 00:00:00-04:00,1.9199999570846558,1.9609999656677246,1.8799999952316284,1.909999966621399,226600,0.0,0.0
2024-09-18 00:00:00-04:00,1.8799999952316284,2.0,1.8799999952316284,1.909999966621399,237000,0.0,0.0
2024-09-19 00:00:00-04:00,1.9600000381469727,2.0,1.8799999952316284,1.9800000190734863,242900,0.0,0.0
2024-09-20 00:00:00-04:00,1.9700000286102295,1.9900000095367432,1.899999976158142,1.899999976158142,501000,0.0,0.0
2024-09-23 00:00:00-04:00,1.9199999570846558,1.9199999570846558,1.840000033378601,1.8899999856948853,237700,0.0,0.0
2024-09-24 00:00:00-04:00,1.9500000476837158,1.9800000190734863,1.899999976158142,1.9550000429153442,338700,0.0,0.0
2024-09-25 00:00:00-04:00,1.9600000381469727,1.9850000143051147,1.9199999570846558,1.9700000286102295,278600,0.0,0.0
2024-09-26 00:00:00-04:00,1.9800000190734863,2.0799999237060547,1.9229999780654907,2.0799999237060547,154400,0.0,0.0
2024-09-27 00:00:00-04:00,2.069999933242798,2.109999895095825,2.049999952316284,2.059999942779541,133500,0.0,0.0
2024-09-30 00:00:00-04:00,2.049999952316284,2.1110000610351562,2.0299999713897705,2.0899999141693115,76000,0.0,0.0
2024-10-01 00:00:00-04:00,2.069999933242798,2.130000114440918,1.9800000190734863,2.069999933242798,134000,0.0,0.0
2024-10-02 00:00:00-04:00,2.069999933242798,2.0999999046325684,2.0299999713897705,2.069999933242798,90400,0.0,0.0
2024-10-03 00:00:00-04:00,2.109999895095825,2.109999895095825,1.9500000476837158,1.9900000095367432,168900,0.0,0.0
2024-10-04 00:00:00-04:00,2.0299999713897705,2.059999942779541,1.9900000095367432,2.049999952316284,204200,0.0,0.0
2024-10-07 00:00:00-04:00,2.0299999713897705,2.0799999237060547,2.0,2.0799999237060547,239700,0.0,0.0
2024-10-08 00:00:00-04:00,2.059999942779541,2.0799999237060547,2.015000104904175,2.049999952316284,103400,0.0,0.0
2024-10-09 00:00:00-04:00,2.0399999618530273,2.055000066757202,2.009999990463257,2.0399999618530273,130200,0.0,0.0
2024-10-10 00:00:00-04:00,2.0299999713897705,2.049999952316284,2.0,2.0399999618530273,142400,0.0,0.0
2024-10-11 00:00:00-04:00,2.0199999809265137,2.140000104904175,1.9800000190734863,2.130000114440918,848200,0.0,0.0
2024-10-14 00:00:00-04:00,2.119999885559082,2.1549999713897705,2.075000047683716,2.140000104904175,95700,0.0,0.0
2024-10-15 00:00:00-04:00,2.1500000953674316,2.1500000953674316,2.009999990463257,2.109999895095825,150800,0.0,0.0
2024-10-16 00:00:00-04:00,2.109999895095825,2.4000000953674316,2.056999921798706,2.359999895095825,211200,0.0,0.0
2024-10-17 00:00:00-04:00,2.3399999141693115,2.369999885559082,2.2699999809265137,2.319999933242798,68800,0.0,0.0
2024-10-18 00:00:00-04:00,2.3399999141693115,2.3949999809265137,2.2799999713897705,2.369999885559082,130700,0.0,0.0
2024-10-21 00:00:00-04:00,2.369999885559082,2.369999885559082,2.2909998893737793,2.3399999141693115,93300,0.0,0.0
2024-10-22 00:00:00-04:00,2.309999942779541,2.3299999237060547,2.1549999713897705,2.1700000762939453,94900,0.0,0.0
2024-10-23 00:00:00-04:00,2.140000104904175,2.2249999046325684,2.140000104904175,2.200000047683716,99100,0.0,0.0
2024-10-24 00:00:00-04:00,2.2200000286102295,2.2200000286102295,2.0799999237060547,2.0999999046325684,75300,0.0,0.0
2024-10-25 00:00:00-04:00,2.0999999046325684,2.125,2.069999933242798,2.119999885559082,165600,0.0,0.0
2024-10-28 00:00:00-04:00,2.119999885559082,2.200000047683716,2.119999885559082,2.180000066757202,132900,0.0,0.0
2024-10-29 00:00:00-04:00,2.1700000762939453,2.2950000762939453,2.1700000762939453,2.259999990463257,179800,0.0,0.0
2024-10-30 00:00:00-04:00,2.25,2.2750000953674316,2.190000057220459,2.190000057220459,52300,0.0,0.0
2024-10-31 00:00:00-04:00,2.7799999713897705,3.0,2.450000047683716,2.450000047683716,33006400,0.0,0.0
2024-11-01 00:00:00-04:00,2.490000009536743,2.799999952316284,2.490000009536743,2.7899999618530273,2795500,0.0,0.0
2024-11-04 00:00:00-05:00,2.7899999618530273,2.809999942779541,2.640000104904175,2.7200000286102295,667000,0.0,0.0
2024-11-05 00:00:00-05:00,2.7300000190734863,2.740000009536743,2.5999999046325684,2.700000047683716,322000,0.0,0.0
2024-11-06 00:00:00-05:00,2.740000009536743,2.865000009536743,2.640000104904175,2.759999990463257,577700,0.0,0.0
2024-11-07 00:00:00-05:00,2.7799999713897705,2.799999952316284,2.7100000381469727,2.740000009536743,315600,0.0,0.0
2024-11-08 00:00:00-05:00,2.7200000286102295,2.75,2.6700000762939453,2.7200000286102295,147900,0.0,0.0
2024-11-11 00:00:00-05:00,2.7200000286102295,2.7300000190734863,2.5999999046325684,2.630000114440918,184900,0.0,0.0
2024-11-12 00:00:00-05:00,2.680000066757202,2.680000066757202,2.621999979019165,2.6600000858306885,157800,0.0,0.0
2024-11-13 00:00:00-05:00,2.6700000762939453,2.690000057220459,2.5899999141693115,2.630000114440918,334300,0.0,0.0
2024-11-14 00:00:00-05:00,2.609999895095825,2.634999990463257,2.5450000762939453,2.559999942779541,442500,0.0,0.0
2024-11-15 00:00:00-05:00,2.569999933242798,2.5799999237060547,2.5299999713897705,2.5299999713897705,524300,0.0,0.0
2024-11-18 00:00:00-05:00,2.5399999618530273,2.640000104904175,2.5299999713897705,2.5299999713897705,236000,0.0,0.0
2024-11-19 00:00:00-05:00,2.5199999809265137,2.6700000762939453,2.5199999809265137,2.6700000762939453,466700,0.0,0.0
2024-11-20 00:00:00-05:00,2.6700000762939453,2.7149999141693115,2.630000114440918,2.6600000858306885,387800,0.0,0.0
2024-11-21 00:00:00-05:00,2.6500000953674316,2.680000066757202,2.569999933242798,2.609999895095825,128300,0.0,0.0
2024-11-22 00:00:00-05:00,2.609999895095825,2.690000057220459,2.5850000381469727,2.6600000858306885,222000,0.0,0.0
2024-11-25 00:00:00-05:00,2.6600000858306885,2.7249999046325684,2.640000104904175,2.680000066757202,239700,0.0,0.0
2024-11-26 00:00:00-05:00,2.640000104904175,2.7249999046325684,2.619999885559082,2.680000066757202,165000,0.0,0.0
2024-11-27 00:00:00-05:00,2.700000047683716,2.700000047683716,2.619999885559082,2.640000104904175,214100,0.0,0.0
2024-11-29 00:00:00-05:00,2.630000114440918,2.6549999713897705,2.5999999046325684,2.630000114440918,106800,0.0,0.0
2024-12-02 00:00:00-05:00,2.6600000858306885,2.690000057220459,2.609999895095825,2.6600000858306885,75500,0.0,0.0
2024-12-03 00:00:00-05:00,2.6600000858306885,2.6600000858306885,2.6050000190734863,2.619999885559082,100600,0.0,0.0
2024-12-04 00:00:00-05:00,2.640000104904175,2.6500000953674316,2.5399999618530273,2.549999952316284,342700,0.0,0.0
2024-12-05 00:00:00-05:00,2.5899999141693115,2.5999999046325684,2.5299999713897705,2.559999942779541,145700,0.0,0.0
2024-12-06 00:00:00-05:00,2.5799999237060547,2.6700000762939453,2.5799999237060547,2.6700000762939453,197900,0.0,0.0
2024-12-09 00:00:00-05:00,2.680000066757202,2.7100000381469727,2.6649999618530273,2.690000057220459,190000,0.0,0.0
2024-12-10 00:00:00-05:00,2.680000066757202,2.680000066757202,2.6089999675750732,2.630000114440918,92800,0.0,0.0
2024-12-11 00:00:00-05:00,2.640000104904175,2.640000104904175,2.5799999237060547,2.5999999046325684,90800,0.0,0.0
2024-12-12 00:00:00-05:00,2.609999895095825,2.609999895095825,2.509999990463257,2.559999942779541,161700,0.0,0.0
2024-12-13 00:00:00-05:00,2.559999942779541,2.575000047683716,2.5199999809265137,2.5299999713897705,199900,0.0,0.0
2024-12-16 00:00:00-05:00,2.5423998832702637,2.5899999141693115,2.515000104904175,2.559999942779541,132380,0.0,0.0
