Date,Open,High,Low,Close,Volume,Dividends,Stock Splits
2022-01-03 00:00:00-05:00,7.631131225071299,8.114594402611722,7.536334204515824,8.067195892333984,4729400,0.0,0.0
2022-01-04 00:00:00-05:00,8.143032501917759,8.493780003698157,8.133552619803103,8.351585388183594,4291400,0.0,0.0
2022-01-05 00:00:00-05:00,8.522219891536933,8.645455663438701,7.697489021780273,7.763846397399902,3245400,0.0,0.0
2022-01-06 00:00:00-05:00,7.972398640983724,8.152512794014683,7.7922853920041275,7.962918758392334,2431900,0.0,0.0
2022-01-07 00:00:00-05:00,7.981879344940999,8.171472496021845,7.925000947591017,8.12407398223877,2045500,0.0,0.0
2022-01-10 00:00:00-05:00,8.199910515906353,8.323146279199282,7.934480127918481,8.143033027648926,2226800,0.0,0.0
2022-01-11 00:00:00-05:00,8.161990635275789,8.598055229154184,7.877601429571334,8.541177749633789,3068700,0.0,0.0
2022-01-12 00:00:00-05:00,8.654936096615549,9.091000815640644,8.654936096615549,8.986723899841309,2696200,0.0,0.0
2022-01-13 00:00:00-05:00,8.87296694662029,8.986722828801799,8.398983652171637,8.455862045288086,2099700,0.0,0.0
2022-01-14 00:00:00-05:00,8.323146571618356,8.569618106863555,8.180951941927653,8.427423477172852,2002300,0.0,0.0
2022-01-18 00:00:00-05:00,8.531700609036523,8.579099126563698,8.152514276922178,8.180953025817871,2498800,0.0,0.0
2022-01-19 00:00:00-05:00,8.380025042439458,8.380025042439458,8.038756481583562,8.133553504943848,2785600,0.0,0.0
2022-01-20 00:00:00-05:00,8.019797169729639,8.067195678752487,7.3941393819718755,7.403618812561035,2782500,0.0,0.0
2022-01-21 00:00:00-05:00,7.289863112256285,7.432058190789119,7.090790092715455,7.204545974731445,3963600,0.0,0.0
2022-01-24 00:00:00-05:00,6.929635919761818,7.469977054472304,6.853798662685057,7.441537857055664,2795100,0.0,0.0
2022-01-25 00:00:00-05:00,6.920155979064039,7.223504985033526,6.522009956703413,7.090789794921875,8831900,0.0,0.0
2022-01-26 00:00:00-05:00,7.204545917536137,7.479456189571842,6.683164569755801,6.768481254577637,5537700,0.0,0.0
2022-01-27 00:00:00-05:00,6.9011966313698565,7.033911820811871,6.559928549350431,6.958074569702148,7305100,0.0,0.0
2022-01-28 00:00:00-05:00,7.0718314457617515,7.63113192977511,7.0718314457617515,7.52685546875,8097700,0.0,0.0
2022-01-31 00:00:00-05:00,7.545814067346346,7.621651321968812,7.119229284082135,7.375180244445801,5802100,0.0,0.0
2022-02-01 00:00:00-05:00,7.299342782632125,7.91552162717175,7.195066780041458,7.830204486846924,4903200,0.0,0.0
2022-02-02 00:00:00-05:00,7.877602863829007,8.446382282845558,7.621651447233008,8.380024909973145,8512400,0.0,0.0
2022-02-03 00:00:00-05:00,8.086154573132083,8.313667236565632,7.697488424841351,7.706968307495117,5174400,0.0,0.0
2022-02-04 00:00:00-05:00,7.773325984799584,8.019797519218088,7.536334333409039,7.650090217590332,4549600,0.0,0.0
2022-02-07 00:00:00-05:00,7.564773353201339,7.678529686742674,7.375180217341934,7.46049690246582,2698800,0.0,0.0
2022-02-08 00:00:00-05:00,7.4225787859970165,7.488936614126338,6.891717517039614,6.986514091491699,4854300,0.0,0.0
2022-02-09 00:00:00-05:00,6.929636146820448,7.109749864292272,6.901197400497684,6.986514091491699,3448600,0.0,0.0
2022-02-10 00:00:00-05:00,6.948594895916657,7.270903674835254,6.901196838562896,6.977034091949463,4960700,0.0,0.0
2022-02-11 00:00:00-05:00,7.03391215170746,7.34674105326428,6.939115583360802,7.204545974731445,3592400,0.0,0.0
2022-02-14 00:00:00-05:00,7.1855864184691205,7.195066300996583,6.882237410001197,7.052871227264404,4629600,0.0,0.0
2022-02-15 00:00:00-05:00,6.977033940852838,7.014952566724945,6.787440359466626,6.920156002044678,4163900,0.0,0.0
2022-02-16 00:00:00-05:00,7.00547268424408,7.337260886637855,6.834838867819599,6.920156002044678,4791000,0.0,0.0
2022-02-17 00:00:00-05:00,6.958075093058898,7.451017714374812,6.939115778855429,7.3088226318359375,3905100,0.0,0.0
2022-02-18 00:00:00-05:00,7.176107628956832,7.384660090907004,6.948595400258198,7.02443265914917,2924600,0.0,0.0
2022-02-22 00:00:00-05:00,7.270903119410162,7.327781055105175,6.7969198699260645,7.014952182769775,2381800,0.0,0.0
2022-02-23 00:00:00-05:00,7.109749232443482,7.36570018673042,7.033911979621528,7.318301677703857,2704800,0.0,0.0
2022-02-24 00:00:00-05:00,7.507895643105833,7.858643181234466,7.223505478553819,7.697488784790039,3960700,0.0,0.0
2022-02-25 00:00:00-05:00,7.612172054547111,7.74488771289174,7.413099471081627,7.735407829284668,3347800,0.0,0.0
2022-02-28 00:00:00-05:00,7.773325089570765,7.991357853846664,7.725926583941108,7.868122100830078,3837800,0.0,0.0
2022-03-01 00:00:00-05:00,8.010317209581395,8.44638186107838,7.934479957499429,8.342105865478516,4091100,0.0,0.0
2022-03-02 00:00:00-05:00,8.541178830388148,8.863487601957717,8.436901931320728,8.68337345123291,3126800,0.0,0.0
2022-03-03 00:00:00-05:00,8.531699064091846,8.617016199380982,8.275747658224436,8.436902046203613,2555100,0.0,0.0
2022-03-04 00:00:00-05:00,8.53169985226063,9.053081690709067,8.484301338937781,9.024642944335938,4198500,0.0,0.0
2022-03-07 00:00:00-05:00,9.147876980830043,9.640820028046647,9.034121101638064,9.384868621826172,4696300,0.0,0.0
2022-03-08 00:00:00-05:00,9.546023064728162,9.972608744206703,9.02464217479016,9.043601036071777,5196600,0.0,0.0
2022-03-09 00:00:00-05:00,8.816089217777398,9.337471008300781,8.503260324273642,9.337471008300781,4787800,0.0,0.0
2022-03-10 00:00:00-05:00,9.346950340076699,9.659779245402344,9.271113084485718,9.498625755310059,3063100,0.0,0.0
2022-03-11 00:00:00-05:00,9.337470456724773,9.470185189128339,8.986722053526261,9.034120559692383,2703500,0.0,0.0
2022-03-14 00:00:00-04:00,8.891926193407084,8.891926193407084,8.048235653068046,8.152512550354004,4232200,0.0,0.0
2022-03-15 00:00:00-04:00,7.8776039768764194,8.512740858505548,7.7733270572846065,8.446383476257324,3219200,0.0,0.0
2022-03-16 00:00:00-04:00,8.484301567077637,8.61701722714,8.275748645280057,8.484301567077637,3291900,0.0,0.0
2022-03-17 00:00:00-04:00,8.730771566711304,9.119437689981138,8.692852942588669,9.034120559692383,2215000,0.0,0.0
2022-03-18 00:00:00-04:00,9.072039653507483,9.109958279593304,8.844527896992563,8.901406288146973,3484500,0.0,0.0
2022-03-21 00:00:00-04:00,9.166835281554354,9.5175827457068,9.138396542312593,9.375388145446777,2920000,0.0,0.0
2022-03-22 00:00:00-04:00,9.309030959020516,9.55550247177312,9.195275084838851,9.517583847045898,2652300,0.0,0.0
2022-03-23 00:00:00-04:00,9.849374098613978,10.816299638961356,9.631341292816572,10.617226600646973,5474500,0.0,0.0
2022-03-24 00:00:00-04:00,10.598265705740666,11.460915071733268,10.437111329230916,11.204963684082031,5815700,0.0,0.0
2022-03-25 00:00:00-04:00,11.186006653893463,12.323566453396717,11.176526770418503,12.152932167053223,4308600,0.0,0.0
2022-03-28 00:00:00-04:00,11.821142586026282,12.266686193045121,11.716865691746346,12.200328826904297,5020800,0.0,0.0
2022-03-29 00:00:00-04:00,11.56519204178494,12.323565483093262,11.14808714629362,12.323565483093262,4218700,0.0,0.0
2022-03-30 00:00:00-04:00,12.560557429184776,13.167256377637864,12.31408589662089,12.437321662902832,3553900,0.0,0.0
2022-03-31 00:00:00-04:00,12.266687147896016,12.968183104202437,12.219289542135272,12.370964050292969,3595900,0.0,0.0
2022-04-01 00:00:00-04:00,12.314086820159869,13.34737063459056,12.295127956876126,13.262053489685059,2809600,0.0,0.0
2022-04-04 00:00:00-04:00,13.432687441606173,13.631760473360979,12.617436451780108,12.882866859436035,3668400,0.0,0.0
2022-04-05 00:00:00-04:00,13.205174863233747,13.62227976426897,13.053500353766394,13.243093490600586,3430700,0.0,0.0
2022-04-06 00:00:00-04:00,13.37580925149918,13.91615086263021,13.12933860689799,13.29049301147461,3138000,0.0,0.0
2022-04-07 00:00:00-04:00,13.52748322056862,13.84031211247618,12.844947045474235,13.205174446105957,3497600,0.0,0.0
2022-04-08 00:00:00-04:00,13.631759528584647,14.124701680067027,13.385288000817768,13.925628662109375,2698400,0.0,0.0
2022-04-11 00:00:00-04:00,13.887711129303767,14.418572853701944,13.394768938981807,14.238459587097168,3157800,0.0,0.0
2022-04-12 00:00:00-04:00,14.47545051574707,15.12006719343649,14.304816237274167,14.47545051574707,4092800,0.0,0.0
2022-04-13 00:00:00-04:00,14.8167192831011,15.745727097489544,14.665044759295185,15.5371732711792,3305200,0.0,0.0
2022-04-14 00:00:00-04:00,15.518214685336973,15.963758355018149,15.091628974289026,15.821563720703125,4209500,0.0,0.0
2022-04-18 00:00:00-04:00,16.18178882384029,17.58477889296783,16.011154554440477,17.120275497436523,7004100,0.0,0.0
2022-04-19 00:00:00-04:00,16.684210264004662,16.77900727279781,15.887918283106305,16.380861282348633,4086300,0.0,0.0
2022-04-20 00:00:00-04:00,16.428261147481418,16.98756158755291,16.1533517729953,16.76004981994629,3265100,0.0,0.0
2022-04-21 00:00:00-04:00,17.063400653074353,17.338311864818877,15.641450598651492,15.963759422302246,5113500,0.0,0.0
2022-04-22 00:00:00-04:00,15.755204668957337,16.34294291042123,15.082147486258478,15.328619003295898,4401700,0.0,0.0
2022-04-25 00:00:00-04:00,14.740880887269197,15.906880281423804,14.503889236039955,15.688846588134766,5772800,0.0,0.0
2022-04-26 00:00:00-04:00,15.774163236481538,16.257626406920693,15.25278234323881,15.338099479675293,3745400,0.0,0.0
2022-04-27 00:00:00-04:00,15.518214685336973,16.248147623648197,15.262263258708206,15.821563720703125,3363500,0.0,0.0
2022-04-28 00:00:00-04:00,15.887921213663114,16.24814774379847,15.101108969325336,16.01115608215332,3580400,0.0,0.0
2022-04-29 00:00:00-04:00,16.162829264578978,16.636812548679274,15.954277270491833,16.143871307373047,3682500,0.0,0.0
2022-05-02 00:00:00-04:00,15.878438616855904,16.390341386422882,15.195903398869175,16.22918701171875,4713200,0.0,0.0
2022-05-03 00:00:00-04:00,16.523057254488343,17.926047314432623,16.523057254488343,17.70801544189453,5483300,0.0,0.0
2022-05-04 00:00:00-04:00,17.982925540464905,18.172519581485478,15.546651696295273,16.911724090576172,7184200,0.0,0.0
2022-05-05 00:00:00-04:00,17.034960975283703,17.167677543005652,15.41393878358475,16.181791305541992,4699000,0.0,0.0
2022-05-06 00:00:00-04:00,16.34294367199764,16.598895083321768,15.660408383236078,15.8689603805542,3550800,0.0,0.0
2022-05-09 00:00:00-04:00,15.319139402522467,15.575090806624054,14.05834395518463,14.323774337768555,6002100,0.0,0.0
2022-05-10 00:00:00-04:00,14.51336824126489,14.721920230815986,13.38528754337341,14.010945320129395,4365300,0.0,0.0
2022-05-11 00:00:00-04:00,14.257418115894064,14.873596065366343,13.859272057940721,13.906670570373535,3716600,0.0,0.0
2022-05-12 00:00:00-04:00,13.584361492490203,14.276377590113647,13.442166862155279,13.62228012084961,3833100,0.0,0.0
2022-05-13 00:00:00-04:00,13.906670393012353,14.352214957716175,13.897190509836408,13.93510913848877,3513500,0.0,0.0
2022-05-16 00:00:00-04:00,14.191059551934504,15.07266783149382,14.134181160970344,14.835676193237305,3134900,0.0,0.0
2022-05-17 00:00:00-04:00,15.167463834703772,15.925836303197926,15.101106469723357,15.812081336975098,3694000,0.0,0.0
2022-05-18 00:00:00-04:00,15.631968866427378,15.631968866427378,14.361693490017142,14.627124786376953,3876900,0.0,0.0
2022-05-19 00:00:00-04:00,14.304816467093788,15.205385481012412,14.219499326486641,14.75984001159668,2880000,0.0,0.0
2022-05-20 00:00:00-04:00,14.939954170234927,15.101108568197025,14.304816461572873,14.712442398071289,3102700,0.0,0.0
2022-05-23 00:00:00-04:00,14.807239006706759,16.068035486526703,14.740881630314137,16.058555603027344,3108600,0.0,0.0
2022-05-24 00:00:00-04:00,15.72676633295198,16.390343688610994,15.53717228616288,16.314504623413086,2705600,0.0,0.0
2022-05-25 00:00:00-04:00,16.589414296382238,17.85020971058318,16.504097163924058,17.764892578125,4792000,0.0,0.0
2022-05-26 00:00:00-04:00,17.755413293194515,19.27216015579865,17.755413293194515,18.674942016601562,4356900,0.0,0.0
2022-05-27 00:00:00-04:00,18.475867108039065,19.594467881866706,18.24835536205588,19.57550811767578,2913500,0.0,0.0
2022-05-31 00:00:00-04:00,19.99261445166099,20.011574216385164,18.144078977415894,18.295753479003906,4037800,0.0,0.0
2022-06-01 00:00:00-04:00,18.703380104632284,19.66082656306243,18.665462381817683,19.347997665405273,3706400,0.0,0.0
2022-06-02 00:00:00-04:00,19.224760923472022,19.869376613015834,19.073086430861412,19.39539337158203,2592700,0.0,0.0
2022-06-03 00:00:00-04:00,19.547072302052857,19.63238763353444,18.46638913668475,19.234243392944336,2693200,0.0,0.0
2022-06-06 00:00:00-04:00,19.755622644367776,20.1537686595845,19.357476629151048,19.954694747924805,2584100,0.0,0.0
2022-06-07 00:00:00-04:00,19.812499449686932,20.40971935605806,19.68926460049275,20.362319946289062,2566300,0.0,0.0
2022-06-08 00:00:00-04:00,20.85526589248708,20.95954280054243,19.528112970040294,20.096893310546875,2918700,0.0,0.0
2022-06-09 00:00:00-04:00,19.670305707980834,19.765102723615737,18.238876015391593,19.02568817138672,3630000,0.0,0.0
2022-06-10 00:00:00-04:00,18.760260933836495,19.40487673917579,18.4379521271154,19.016210556030273,2188000,0.0,0.0
2022-06-13 00:00:00-04:00,18.01136566989543,18.381072070842485,16.94964226642056,17.33831024169922,3811100,0.0,0.0
2022-06-14 00:00:00-04:00,17.632178413077636,17.736453505377472,15.480293883605691,15.925837516784668,4465100,0.0,0.0
2022-06-15 00:00:00-04:00,16.03011251697938,16.456698142510888,15.669886061721394,16.09646987915039,3730300,0.0,0.0
2022-06-16 00:00:00-04:00,15.897400030376321,16.07751237930691,15.319139836170836,15.480294227600098,4264800,0.0,0.0
2022-06-17 00:00:00-04:00,15.480293589843374,15.66040773945639,13.859270763582948,14.304815292358398,6675300,0.0,0.0
2022-06-21 00:00:00-04:00,14.551287477913968,14.80723798640003,13.849791516173212,14.191060066223145,3610500,0.0,0.0
2022-06-22 00:00:00-04:00,13.423207166174036,13.868751729766517,13.100898371407196,13.281012535095215,4340200,0.0,0.0
2022-06-23 00:00:00-04:00,13.432686119706172,13.546441997506943,11.98229754768215,12.209809303283691,5266000,0.0,0.0
2022-06-24 00:00:00-04:00,12.475239578643064,12.920784107609274,12.200329316951436,12.503678321838379,6954800,0.0,0.0
2022-06-27 00:00:00-04:00,12.551077421718789,13.186215108689655,12.257208285389813,12.901824951171875,4207200,0.0,0.0
2022-06-28 00:00:00-04:00,13.290492070514043,13.546442580569497,12.731191635881803,12.949223518371582,3713900,0.0,0.0
2022-06-29 00:00:00-04:00,13.148295564379202,13.299970063397785,12.57003631085802,12.77858829498291,3800300,0.0,0.0
2022-06-30 00:00:00-04:00,12.361485011598237,12.664834048627181,11.26184384831687,11.451436996459961,5185800,0.0,0.0
2022-07-01 00:00:00-04:00,11.622070775417399,12.143452588131822,11.299761985592069,12.096054077148438,5943600,0.0,0.0
2022-07-05 00:00:00-04:00,11.65998880063331,11.726346170148876,10.541387977077429,10.749940872192383,5187700,0.0,0.0
2022-07-06 00:00:00-04:00,10.522428931716068,10.806818169828928,10.124282913496453,10.560347557067871,4436200,0.0,0.0
2022-07-07 00:00:00-04:00,10.92057555584887,11.70738775359251,10.806818769430478,11.565192222595215,3720100,0.0,0.0
2022-07-08 00:00:00-04:00,11.754785294172386,11.8495823143074,11.167046119868905,11.470396041870117,2745400,0.0,0.0
2022-07-11 00:00:00-04:00,11.849581952460708,12.010736339338283,11.347159930810754,11.868541717529297,3555000,0.0,0.0
2022-07-12 00:00:00-04:00,11.347160282243856,11.678948044757746,11.07225000859457,11.299761772155762,2881500,0.0,0.0
2022-07-13 00:00:00-04:00,11.100688692343866,12.105533665323119,11.100688692343866,11.811663627624512,3339000,0.0,0.0
2022-07-14 00:00:00-04:00,11.233405683296752,11.536754736020223,10.91109686275232,11.460917472839355,2708700,0.0,0.0
2022-07-15 00:00:00-04:00,11.716866664649359,11.878021056416701,11.33768039228584,11.859062194824219,2702200,0.0,0.0
2022-07-18 00:00:00-04:00,11.9822984958681,12.304606389782883,11.792704447145796,12.039175987243652,4632700,0.0,0.0
2022-07-19 00:00:00-04:00,11.915940786452616,12.333046628706292,11.849583408660587,12.266688346862793,3034500,0.0,0.0
2022-07-20 00:00:00-04:00,12.105534383424647,13.053501020032318,11.953858962164215,12.958703994750977,3483500,0.0,0.0
2022-07-21 00:00:00-04:00,12.560557828506724,12.882866626867578,12.039176001984838,12.863906860351562,3460600,0.0,0.0
2022-07-22 00:00:00-04:00,13.27153242822758,13.641239728472424,12.797549127219453,12.87338638305664,3357700,0.0,0.0
2022-07-25 00:00:00-04:00,13.214654113704583,14.266897626856364,12.892346226486126,14.13418197631836,3163000,0.0,0.0
2022-07-26 00:00:00-04:00,14.693482159713046,15.053709572759919,14.36169349126026,14.8451566696167,5055300,0.0,0.0
2022-07-27 00:00:00-04:00,14.816717804701856,15.432896626245942,14.589206041693908,15.309659957885742,3257000,0.0,0.0
2022-07-28 00:00:00-04:00,15.499252762202236,15.660407140832083,14.712440633151244,15.025269508361816,2783200,0.0,0.0
2022-07-29 00:00:00-04:00,15.290700790228081,15.50873448706029,15.10110855102539,15.10110855102539,3197600,0.0,0.0
2022-08-01 00:00:00-04:00,14.721921546786309,15.044230346423141,14.266897997217669,14.9020357131958,3978600,0.0,0.0
2022-08-02 00:00:00-04:00,14.532326392962508,15.366536118561887,14.210017637864368,15.148504257202148,4583900,0.0,0.0
2022-08-03 00:00:00-04:00,15.281220609029189,16.068032723130344,14.674520826131278,15.812081336975098,5644100,0.0,0.0
2022-08-04 00:00:00-04:00,15.764684190447214,16.011155730111273,14.522848417000056,14.58920669555664,4241700,0.0,0.0
2022-08-05 00:00:00-04:00,14.28585618143281,15.489774181258442,14.172100299442036,14.797758102416992,3278600,0.0,0.0
2022-08-08 00:00:00-04:00,14.589206169888259,14.7882791902823,13.840312598701418,14.067824363708496,4196900,0.0,0.0
2022-08-09 00:00:00-04:00,14.86411512973197,15.499252762202236,14.816716623537664,15.025269508361816,3519100,0.0,0.0
2022-08-10 00:00:00-04:00,14.911514029996324,15.214863049565812,14.371173362875327,15.18642520904541,2705300,0.0,0.0
2022-08-11 00:00:00-04:00,15.736247110082243,16.598896636584616,15.546653052522254,16.390344619750977,3703700,0.0,0.0
2022-08-12 00:00:00-04:00,16.21970962630555,16.589416033604394,16.020635693688813,16.504098892211914,2072400,0.0,0.0
2022-08-15 00:00:00-04:00,15.64144827145387,16.06803394755279,15.120066481595135,15.925837516784668,2531900,0.0,0.0
2022-08-16 00:00:00-04:00,16.693692564786822,17.196113710422303,16.172309844921916,16.902244567871094,3629300,0.0,0.0
2022-08-17 00:00:00-04:00,17.129756561316686,17.79333391961201,16.61785552591693,17.091838836669922,3716200,0.0,0.0
2022-08-18 00:00:00-04:00,17.385708857943676,18.11564362717941,17.36674909061479,18.039806365966797,3124000,0.0,0.0
2022-08-19 00:00:00-04:00,17.86916958741656,17.88812935210475,17.38570643648371,17.518421173095703,2424200,0.0,0.0
2022-08-22 00:00:00-04:00,17.7174968351589,18.731820840774827,17.575302202165588,18.542226791381836,4127700,0.0,0.0
2022-08-23 00:00:00-04:00,18.930894005218732,19.584991522640976,17.603741010875872,17.982927322387695,4398600,0.0,0.0
2022-08-24 00:00:00-04:00,18.077721730280725,18.826616168986273,18.02084424382926,18.73181915283203,2719100,0.0,0.0
2022-08-25 00:00:00-04:00,18.82661606584584,19.243720041675115,18.40003039954012,19.02568817138672,3321600,0.0,0.0
2022-08-26 00:00:00-04:00,19.035172067769885,19.708229393415092,18.864537765265382,19.262683868408203,2539700,0.0,0.0
2022-08-29 00:00:00-04:00,18.930893693541837,20.077934301096132,18.769739287789676,19.689268112182617,3619700,0.0,0.0
2022-08-30 00:00:00-04:00,18.987771164036346,19.10152614059388,17.47102428114815,17.840730667114258,5260000,0.0,0.0
2022-08-31 00:00:00-04:00,17.376228704408568,18.84557629562107,17.20559441730458,18.58014678955078,3288500,0.0,0.0
2022-09-01 00:00:00-04:00,18.21043632894425,18.78869649577597,17.84072995767948,17.907087326049805,3398100,0.0,0.0
2022-09-02 00:00:00-04:00,18.314713586053216,18.39055083826472,17.660616155664826,18.191478729248047,2975600,0.0,0.0
2022-09-06 00:00:00-04:00,17.84073201675635,18.039805952945997,17.063399655098333,17.177156448364258,3042300,0.0,0.0
2022-09-07 00:00:00-04:00,16.7695303154894,17.00652197474916,16.33346472223795,16.64629364013672,2488700,0.0,0.0
2022-09-08 00:00:00-04:00,16.741088787509426,17.632177832635943,16.64629177281892,17.42362403869629,2610500,0.0,0.0
2022-09-09 00:00:00-04:00,17.92604743303434,18.049284097877454,17.404666550367157,17.802812576293945,1931500,0.0,0.0
2022-09-12 00:00:00-04:00,18.257836803495607,18.91193425912581,18.22939715478028,18.902454376220703,3602400,0.0,0.0
2022-09-13 00:00:00-04:00,18.59910692106806,19.319560001465614,18.45691047362621,18.618064880371094,3045000,0.0,0.0
2022-09-14 00:00:00-04:00,19.25320247390284,20.713072006955432,19.25320247390284,20.12533187866211,5505200,0.0,0.0
2022-09-15 00:00:00-04:00,18.987772243952428,19.272161509623448,18.513788929098823,18.930892944335938,4311100,0.0,0.0
2022-09-16 00:00:00-04:00,18.665459399233523,18.665459399233523,17.0444358735977,17.963964462280273,5709000,0.0,0.0
2022-09-19 00:00:00-04:00,17.271951276686625,18.267317318956888,17.158196294091812,18.05876350402832,2963000,0.0,0.0
2022-09-20 00:00:00-04:00,18.096680993646444,18.267315256375014,17.5563403670744,17.916566848754883,2675000,0.0,0.0
2022-09-21 00:00:00-04:00,18.561188109456864,18.798179786956624,17.63218116760254,17.63218116760254,2509900,0.0,0.0
2022-09-22 00:00:00-04:00,18.077724058497747,18.31471572535399,16.940165142449537,17.16767692565918,2792200,0.0,0.0
2022-09-23 00:00:00-04:00,16.0775116389443,16.210228183958648,14.902034251213623,15.376016616821289,5005200,0.0,0.0
2022-09-26 00:00:00-04:00,15.319140394328414,15.897400609602988,14.788279594791085,14.883075714111328,5560300,0.0,0.0
2022-09-27 00:00:00-04:00,15.167465449174578,15.394977213939864,14.807238036270515,15.015790939331055,3270200,0.0,0.0
2022-09-28 00:00:00-04:00,15.072667854817697,16.494617686557152,14.920993350747038,16.29554557800293,4101700,0.0,0.0
2022-09-29 00:00:00-04:00,16.0395939375373,16.47565767827674,15.271741546003293,15.935317039489746,2874500,0.0,0.0
2022-09-30 00:00:00-04:00,15.669889732367126,16.674733897988027,15.660409848678833,16.390344619750977,3118600,0.0,0.0
2022-10-03 00:00:00-04:00,17.063397651902854,17.442583904769048,16.835885900183136,17.1297550201416,4226200,0.0,0.0
2022-10-04 00:00:00-04:00,17.641660155327227,18.63702442701196,17.480505750491297,18.333675384521484,4001700,0.0,0.0
2022-10-05 00:00:00-04:00,18.314715869784756,18.456910509399272,17.43310657283065,18.1820011138916,4397800,0.0,0.0
2022-10-06 00:00:00-04:00,18.01136593017971,18.428471752726356,17.21507381809196,17.234033584594727,4250600,0.0,0.0
2022-10-07 00:00:00-04:00,17.110796818340845,17.395187890043246,16.542018291141723,16.75057029724121,5672800,0.0,0.0
2022-10-10 00:00:00-04:00,16.95912181035163,17.328830012007327,16.47565862980402,17.006521224975586,3820800,0.0,0.0
2022-10-11 00:00:00-04:00,16.551495183736556,17.13923524344883,16.276585822977946,16.68421173095703,2843100,0.0,0.0
2022-10-12 00:00:00-04:00,16.72213188739284,17.328831800476046,16.51357986583163,17.252994537353516,2384500,0.0,0.0
2022-10-13 00:00:00-04:00,16.873806231151264,18.039806625191687,16.741091474147865,17.982927322387695,2570000,0.0,0.0
2022-10-14 00:00:00-04:00,17.575302466027107,17.89760946186948,16.37138439294353,16.399822235107422,2737000,0.0,0.0
2022-10-17 00:00:00-04:00,16.25762640093696,16.760049336644357,15.850000484357736,16.627334594726562,3762700,0.0,0.0
2022-10-18 00:00:00-04:00,17.091838483055568,17.565821784002285,16.750569927781036,17.14871597290039,3629000,0.0,0.0
2022-10-19 00:00:00-04:00,16.93068422336563,17.328830271658642,16.760049944368223,16.949642181396484,2901700,0.0,0.0
2022-10-20 00:00:00-04:00,17.205593998569206,17.338310556477307,16.039595475872932,16.068035125732422,3860600,0.0,0.0
2022-10-21 00:00:00-04:00,15.878441463149807,15.944798839669492,14.939954692150913,15.669889450073242,4949600,0.0,0.0
2022-10-24 00:00:00-04:00,15.72676692985654,16.153352647271525,15.451855732388461,15.887921333312988,2998000,0.0,0.0
2022-10-25 00:00:00-04:00,15.8784391134185,16.78848609919382,15.641447484860015,16.703170776367188,3072700,0.0,0.0
2022-10-26 00:00:00-04:00,16.447220092188047,17.129755360925746,16.380862722629164,16.68421173095703,2754500,0.0,0.0
2022-10-27 00:00:00-04:00,17.025480882105587,17.48050626739957,16.731611714515928,16.76953125,2619000,0.0,0.0
2022-10-28 00:00:00-04:00,16.788486707219228,17.215072377315128,16.172308812271698,16.930683135986328,2304200,0.0,0.0
2022-10-31 00:00:00-04:00,17.613218541813488,18.181998837152147,17.30986953312693,17.802812576293945,4427600,0.0,0.0
2022-11-01 00:00:00-04:00,17.91656706815225,18.068241568412166,17.29090930255443,17.71749496459961,3609700,0.0,0.0
2022-11-02 00:00:00-04:00,18.10616194936565,18.504307983305097,17.129755725915807,17.404666900634766,6215500,0.0,0.0
2022-11-03 00:00:00-04:00,17.091838865767798,17.527902644513564,16.693692811733353,16.7979679107666,2941300,0.0,0.0
2022-11-04 00:00:00-04:00,17.243513690259743,17.49946330893705,16.352424542267382,17.471025466918945,4192600,0.0,0.0
2022-11-07 00:00:00-05:00,17.992406168754325,20.068453590719166,17.992406168754325,19.224763870239258,7459500,0.0,0.0
2022-11-08 00:00:00-05:00,18.712859738912734,19.063608162830388,18.10616171711217,18.674942016601562,3981600,0.0,0.0
2022-11-09 00:00:00-05:00,18.001888106371826,18.352636594387796,16.835889454602324,16.89276695251465,3291300,0.0,0.0
2022-11-10 00:00:00-05:00,17.546860948265998,17.802812349117684,16.93068305622144,17.660615921020508,3024400,0.0,0.0
2022-11-11 00:00:00-05:00,18.1346023667161,18.65598514207737,17.309872341554627,17.63218116760254,3651000,0.0,0.0
2022-11-14 00:00:00-05:00,18.011366044500278,18.53274696991572,17.30039106905948,17.32883071899414,3497000,0.0,0.0
2022-11-15 00:00:00-05:00,17.404666797154864,17.802812828727124,17.053918370823432,17.745933532714844,2674400,0.0,0.0
2022-11-16 00:00:00-05:00,17.252994070375664,17.4331064353523,16.703173475593296,17.16767692565918,3199500,0.0,0.0
2022-11-17 00:00:00-05:00,17.034959065647172,17.148715852641875,16.56097576802435,17.006521224975586,2820500,0.0,0.0
2022-11-18 00:00:00-05:00,16.52305770081509,16.95912145767038,16.143871432222934,16.674732208251953,2908100,0.0,0.0
2022-11-21 00:00:00-05:00,16.57993484180713,17.43310438029531,16.105951563968954,17.414146423339844,3947400,0.0,0.0
2022-11-22 00:00:00-05:00,17.83125300080347,18.684422663444707,17.67957847447183,18.125123977661133,3597200,0.0,0.0
2022-11-23 00:00:00-05:00,18.248356225317355,18.77921699105783,17.992404820939683,18.238876342773438,2308600,0.0,0.0
2022-11-25 00:00:00-05:00,18.14407859635876,18.305232976924337,17.802811879004267,17.916566848754883,870200,0.0,0.0
2022-11-28 00:00:00-05:00,17.177153351733647,17.527899935541814,17.04443681549854,17.158193588256836,2041800,0.0,0.0
2022-11-29 00:00:00-05:00,17.357267494968674,17.508942002433944,17.053918480038135,17.452064514160156,1580000,0.0,0.0
2022-11-30 00:00:00-05:00,17.657273468573184,17.657273468573184,17.00824907142713,17.51410675048828,2449000,0.125,0.0
2022-12-01 00:00:00-05:00,17.829071890711234,17.943604521783474,16.626468341672613,16.63601303100586,3486300,0.0,0.0
2022-12-02 00:00:00-05:00,16.28286834656684,16.52148014106122,15.767467817100005,15.7865571975708,3580500,0.0,0.0
2022-12-05 00:00:00-05:00,15.53839979008562,15.60521079730228,14.06855034946546,14.173540115356445,6173700,0.0,0.0
2022-12-06 00:00:00-05:00,14.125816982181252,14.43123975685598,13.839482675807858,14.135361671447754,4473100,0.0,0.0
2022-12-07 00:00:00-05:00,14.020827293395996,14.307161601253725,13.791760211202481,14.020827293395996,4069000,0.0,0.0
2022-12-08 00:00:00-05:00,14.268984665751352,14.364429744545033,13.362260058138313,13.467248916625977,3974500,0.0,0.0
2022-12-09 00:00:00-05:00,13.600870717604753,13.896749709156328,13.304991726053178,13.333625793457031,4475100,0.0,0.0
2022-12-12 00:00:00-05:00,13.877660530544752,14.660306846210252,13.801304836832589,14.440784454345703,5575000,0.0,0.0
2022-12-13 00:00:00-05:00,14.975274281677343,15.337964281231983,14.736662511725473,14.803474426269531,6235000,0.0,0.0
2022-12-14 00:00:00-05:00,14.774840062952718,14.965730203280982,14.27852806470152,14.450328826904297,3714300,0.0,0.0
2022-12-15 00:00:00-05:00,14.450329541528356,15.032541949673574,14.230806233387245,14.984819412231445,3950800,0.0,0.0
2022-12-16 00:00:00-05:00,14.507594836067675,14.765295973958514,13.982648781655381,14.097183227539062,8750000,0.0,0.0
2022-12-19 00:00:00-05:00,13.734493849121934,13.963560930537442,13.51497054675832,13.744037628173828,3122300,0.0,0.0
2022-12-20 00:00:00-05:00,13.50542509051612,13.9253822928273,13.419525622537195,13.906292915344238,2849900,0.0,0.0
2022-12-21 00:00:00-05:00,14.364428989176199,14.373973678599995,13.705859982641167,13.877660751342773,2848600,0.0,0.0
2022-12-22 00:00:00-05:00,13.753583697755127,13.839484089464749,13.018659843566136,13.343171119689941,3392100,0.0,0.0
2022-12-23 00:00:00-05:00,13.390892169755945,13.963560777239378,13.266813941126813,13.915838241577148,3149800,0.0,0.0
2022-12-27 00:00:00-05:00,14.116271516499827,14.116271516499827,13.686770535678734,13.906292915344238,1773000,0.0,0.0
2022-12-28 00:00:00-05:00,13.600870229569214,13.62950338571398,12.780046108310176,12.81822395324707,2801000,0.0,0.0
2022-12-29 00:00:00-05:00,12.636879523909903,13.1236477686953,12.436445594306015,13.037747383117676,2597200,0.0,0.0
2022-12-30 00:00:00-05:00,12.84685748060245,13.161824937990735,12.703690785510194,13.085469245910645,4356600,0.0,0.0
2023-01-03 00:00:00-05:00,12.550978306052741,12.780046289147027,11.806509864133309,11.949677467346191,5247800,0.0,0.0
2023-01-04 00:00:00-05:00,11.758787961601765,12.894580518484295,11.625165950367363,12.570068359375,4486100,0.0,0.0
2023-01-05 00:00:00-05:00,12.274189930420553,12.341001849383359,11.57744395299151,11.691977500915527,3870700,0.0,0.0
2023-01-06 00:00:00-05:00,11.75878780229786,12.121477804022199,11.625165792873721,12.102389335632324,2563900,0.0,0.0
2023-01-09 00:00:00-05:00,12.455533518650242,12.608244892848944,12.073754172921895,12.24555492401123,3747900,0.0,0.0
2023-01-10 00:00:00-05:00,11.787422021654928,11.959221880297482,11.596531873913918,11.930588722229004,4759400,0.0,0.0
2023-01-11 00:00:00-05:00,12.216922824628556,12.216922824628556,11.739699283902688,11.796965599060059,3491200,0.0,0.0
2023-01-12 00:00:00-05:00,12.150111359088337,12.445990365777234,11.949678338397032,12.341001510620117,3899900,0.0,0.0
2023-01-13 00:00:00-05:00,12.178745347485028,12.445990283539293,12.035577734782185,12.39826774597168,2740100,0.0,0.0
2023-01-17 00:00:00-05:00,12.970936006806042,13.04729170064634,12.369634235139944,12.465079307556152,3073300,0.0,0.0
2023-01-18 00:00:00-05:00,12.398268441727927,12.617791762765311,12.006945250130576,12.045123100280762,2976500,0.0,0.0
2023-01-19 00:00:00-05:00,12.026034990809569,12.20737955690094,11.835144824104836,12.006945610046387,3033000,0.0,0.0
2023-01-20 00:00:00-05:00,12.150110321784531,12.31236639059507,11.854232250587637,12.092844009399414,2628800,0.0,0.0
2023-01-23 00:00:00-05:00,12.388723059074124,12.531890671807734,12.064211806054342,12.426901817321777,2778500,0.0,0.0
2023-01-24 00:00:00-05:00,12.49371274138754,12.550979057917917,11.987856030954648,12.17874526977539,2365800,0.0,0.0
2023-01-25 00:00:00-05:00,11.816055696637225,11.863778235660183,11.415187825215137,11.720610618591309,3559300,0.0,0.0
2023-01-26 00:00:00-05:00,11.711066481491153,11.825600025511076,11.15748632004732,11.758788108825684,5787300,0.0,0.0
2023-01-27 00:00:00-05:00,11.787421226501465,11.87332069491231,11.529720090574061,11.787421226501465,3773000,0.0,0.0
2023-01-30 00:00:00-05:00,11.491542113478124,11.653798180107355,11.176574668899406,11.205207824707031,3274100,0.0,0.0
2023-01-31 00:00:00-05:00,11.835142669006215,11.835142669006215,11.367463848250635,11.59653091430664,9885200,0.0,0.0
2023-02-01 00:00:00-05:00,11.434275985040003,11.615621446369982,11.033409034705294,11.396098136901855,6324900,0.0,0.0
2023-02-02 00:00:00-05:00,11.377009905794157,11.882866631757889,11.243386979401294,11.50108814239502,8977100,0.0,0.0
2023-02-03 00:00:00-05:00,11.472455104922764,11.873322067889346,11.195664559409511,11.35792064666748,28759300,0.0,0.0
2023-02-06 00:00:00-05:00,11.23384226965302,11.329286428974882,10.794796588123852,10.832974433898926,6113400,0.0,0.0
2023-02-07 00:00:00-05:00,10.976142154865833,11.434276347027266,10.928419615624419,11.386554718017578,5289600,0.0,0.0
2023-02-08 00:00:00-05:00,11.319742768521749,11.472455075729622,10.861608577593309,11.10976505279541,3948800,0.0,0.0
2023-02-09 00:00:00-05:00,11.195664011287025,11.634709712331517,11.10976453714866,11.291109085083008,5134600,0.0,0.0
2023-02-10 00:00:00-05:00,11.3579202130174,11.835143766677486,11.233842890069665,11.816055297851562,4146600,0.0,0.0
2023-02-13 00:00:00-05:00,11.739698094289842,11.959220463867792,11.548808879389108,11.749242782592773,5636500,0.0,0.0
2023-02-14 00:00:00-05:00,11.86377819552154,11.997400212055672,11.615621721627125,11.777877807617188,5736100,0.0,0.0
2023-02-15 00:00:00-05:00,12.121477775043143,12.684601699789091,11.243386385648048,12.465079307556152,11543200,0.0,0.0
2023-02-16 00:00:00-05:00,12.541435600207857,12.87549154915129,12.445990523234467,12.503257751464844,7733900,0.0,0.0
2023-02-17 00:00:00-05:00,12.21692315592539,12.21692315592539,11.396098061069607,11.510632514953613,7141500,0.0,0.0
2023-02-21 00:00:00-05:00,11.453365368912868,11.491543217066642,10.747074722952181,10.785252571105957,6327200,0.0,0.0
2023-02-22 00:00:00-05:00,10.861608458224591,11.424732411059214,10.794797450339708,11.224298477172852,5569400,0.0,0.0
2023-02-23 00:00:00-05:00,11.567898226383802,11.921043528391671,11.233842302434995,11.443819999694824,4786900,0.0,0.0
2023-02-24 00:00:00-05:00,11.453366406946145,12.245557510608043,11.233843987724265,12.226469039916992,8949800,0.0,0.0
2023-02-27 00:00:00-05:00,12.264644117940543,12.264644117940543,11.691975563006766,11.749242782592773,4672800,0.0,0.0
2023-02-28 00:00:00-05:00,11.89870094109243,11.985482536477697,11.6672839664446,11.705853462219238,4504000,0.125,0.0
2023-03-01 00:00:00-05:00,11.609428912069898,12.130117549072878,11.551574210372108,12.014409065246582,3440500,0.0,0.0
2023-03-02 00:00:00-05:00,11.869774774080332,12.024052766601155,11.686568968284826,11.898701667785645,2912000,0.0,0.0
2023-03-03 00:00:00-05:00,11.840846949992748,12.940079025053869,11.773350558218867,12.699019432067871,7541900,0.0,0.0
2023-03-06 00:00:00-05:00,12.178329780336858,12.303680869077771,11.821561721413934,11.908343315124512,5850100,0.0,0.0
2023-03-07 00:00:00-05:00,11.840846151940644,12.004766737688714,11.676925566192574,11.763707160949707,3294400,0.0,0.0
2023-03-08 00:00:00-05:00,11.638356343889141,11.879415926286642,11.27194566829662,11.5322904586792,3381700,0.0,0.0
2023-03-09 00:00:00-05:00,11.570860432821279,11.696211531191834,11.108026456901724,11.14659595489502,3819300,0.0,0.0
2023-03-10 00:00:00-05:00,11.10802636826537,11.127310657323456,10.36556238835719,10.413774490356445,6131500,0.0,0.0
2023-03-13 00:00:00-04:00,10.047363802559216,10.86696677783846,9.931655309502622,10.413774490356445,5370100,0.0,0.0
2023-03-14 00:00:00-04:00,10.58733691606454,10.866966927600025,10.066648230349388,10.298066139221191,3539700,0.0,0.0
2023-03-15 00:00:00-04:00,9.815946532786953,9.979867123105858,9.497747956184211,9.85451602935791,7124100,0.0,0.0
2023-03-16 00:00:00-04:00,9.603814216769585,10.355919889048163,9.603814216769585,10.307707786560059,4349000,0.0,0.0
2023-03-17 00:00:00-04:00,10.143787619066408,10.240210899812201,9.671310141005524,9.931654930114746,16211600,0.0,0.0
2023-03-20 00:00:00-04:00,9.979866846139922,10.307707098110027,9.883442647603868,10.095575332641602,4641500,0.0,0.0
2023-03-21 00:00:00-04:00,10.404131886042721,10.500556090041231,10.105217589302834,10.413774490356445,3415500,0.0,0.0
2023-03-22 00:00:00-04:00,10.355919433313677,10.433058426072229,9.883442872775209,9.902728080749512,3275600,0.0,0.0
2023-03-23 00:00:00-04:00,10.085932304649969,10.278779774041416,9.430249989149782,9.603813171386719,3965500,0.0,0.0
2023-03-24 00:00:00-04:00,9.401323415603217,10.172714238746059,9.36275392042454,10.15342903137207,4502300,0.0,0.0
2023-03-27 00:00:00-04:00,10.134144560012519,10.375204130405379,9.873799782594972,10.336634635925293,3773200,0.0,0.0
2023-03-28 00:00:00-04:00,10.278780930327969,10.452344132089477,10.201641933893827,10.298066139221191,1890900,0.0,0.0
2023-03-29 00:00:00-04:00,10.44270074285941,10.461985950303323,10.057005789674207,10.143787384033203,2858100,0.0,0.0
2023-03-30 00:00:00-04:00,10.32699235485384,10.346276642911356,9.8834426946992,10.04736328125,3509600,0.0,0.0
2023-03-31 00:00:00-04:00,10.298066000566743,10.587336773515315,10.201641796537645,10.404131889343262,4463100,0.0,0.0
2023-04-03 00:00:00-04:00,10.625907187411547,10.809112071525481,10.23056868667315,10.413774490356445,4484300,0.0,0.0
2023-04-04 00:00:00-04:00,10.539125499146305,10.577694996507663,10.153429605963373,10.471628189086914,4043800,0.0,0.0
2023-04-05 00:00:00-04:00,10.529483028032518,10.587336815021294,10.191999232176984,10.384847640991211,3270900,0.0,0.0
2023-04-06 00:00:00-04:00,10.365561856327124,10.365561856327124,10.028078079223633,10.028078079223633,2467900,0.0,0.0
2023-04-10 00:00:00-04:00,10.249853577600021,10.731972743510262,10.22092668512482,10.683760643005371,5001400,0.0,0.0
2023-04-11 00:00:00-04:00,10.577695548852853,10.838039439744296,10.394489737142763,10.818755149841309,3682400,0.0,0.0
2023-04-12 00:00:00-04:00,10.915177764824373,10.94410557724757,10.490913297880283,10.568052291870117,3284800,0.0,0.0
2023-04-13 00:00:00-04:00,10.52948275166358,10.838038726356643,10.452343757990313,10.596979141235352,2616900,0.0,0.0
2023-04-14 00:00:00-04:00,10.577694712060458,10.751256985734589,10.548766900140329,10.722330093383789,1945900,0.0,0.0
2023-04-17 00:00:00-04:00,11.001959263455037,11.136952961501054,10.577694800347937,10.654833793640137,3666000,0.0,0.0
2023-04-18 00:00:00-04:00,10.529482702655603,10.654833796683567,10.307707407200178,10.645191192626953,2963600,0.0,0.0
2023-04-19 00:00:00-04:00,10.26913707817833,10.558408739444467,10.25949539447256,10.548766136169434,3481300,0.0,0.0
2023-04-20 00:00:00-04:00,10.606621650025279,10.886250729470445,10.596979046010434,10.683760643005371,3967100,0.0,0.0
2023-04-21 00:00:00-04:00,10.731972931503822,10.780185032853252,10.490913344326026,10.5294828414917,3398000,0.0,0.0
2023-04-24 00:00:00-04:00,10.48127037542371,10.96338953300292,10.461986087296586,10.847681045532227,2790500,0.0,0.0
2023-04-25 00:00:00-04:00,10.625907098101699,10.760899879081776,10.278780702280125,10.471628189086914,4417800,0.0,0.0
2023-04-26 00:00:00-04:00,10.413774640829445,10.596979527590584,10.182357651372415,10.278780937194824,4868500,0.0,0.0
2023-04-27 00:00:00-04:00,10.365562019633694,10.780184794681228,10.326992523320158,10.731972694396973,3571900,0.0,0.0
2023-04-28 00:00:00-04:00,10.818753884758932,11.194806229803124,10.731972291419721,11.088740348815918,3634100,0.0,0.0
2023-05-01 00:00:00-04:00,10.838038390885155,11.069455364741867,10.741615111562846,10.905535697937012,3074700,0.0,0.0
2023-05-02 00:00:00-04:00,10.62590723929028,10.703046235037958,10.15342974087405,10.365562438964844,4336200,0.0,0.0
2023-05-03 00:00:00-04:00,9.97986762103822,10.124503010503375,9.208476731562182,9.43989372253418,8618300,0.0,0.0
2023-05-04 00:00:00-04:00,9.401323885531038,9.459178590975588,8.880635214807478,8.919204711914062,5014700,0.0,0.0
2023-05-05 00:00:00-04:00,9.092767579459029,9.47846253656012,9.025270272289353,9.208476066589355,3747700,0.0,0.0
2023-05-08 00:00:00-04:00,9.526675418298291,9.642383914929113,9.218119427282764,9.372397422790527,3862900,0.0,0.0
2023-05-09 00:00:00-04:00,9.30489916848009,9.536317057893053,9.218118494465687,9.353111267089844,2134000,0.0,0.0
2023-05-10 00:00:00-04:00,9.353111445609937,9.410966148959757,8.996343380399098,9.208476066589355,3856200,0.0,0.0
2023-05-11 00:00:00-04:00,9.140978995425744,9.208476304338097,8.948131511896172,8.996343612670898,3300300,0.0,0.0
2023-05-12 00:00:00-04:00,9.112052525539161,9.459178931566537,8.95777453155783,9.43989372253418,4148000,0.0,0.0
2023-05-15 00:00:00-04:00,9.565244438720189,9.922012515378645,9.459178552006382,9.76773452758789,3560100,0.0,0.0
2023-05-16 00:00:00-04:00,9.738808176319699,9.854516673597018,9.304900162068009,9.324185371398926,2863100,0.0,0.0
2023-05-17 00:00:00-04:00,9.439892858029308,9.59417083788187,9.208475888250465,9.362753868103027,4104100,0.0,0.0
2023-05-18 00:00:00-04:00,9.333827026477213,10.182356839754169,9.256688036140154,10.163071632385254,4037300,0.0,0.0
2023-05-19 00:00:00-04:00,10.39448983909303,10.433059338846702,9.835231632880102,9.950940132141113,4544200,0.0,0.0
2023-05-22 00:00:00-04:00,9.844874085672716,10.230569077252987,9.74844987799295,10.085933685302734,3734700,0.0,0.0
2023-05-23 00:00:00-04:00,10.211283773677678,10.336634863388701,10.018436297033531,10.13414478302002,3209300,0.0,0.0
2023-05-24 00:00:00-04:00,10.105217064991862,10.19199866017397,9.787018495703677,10.04736328125,3526600,0.0,0.0
2023-05-25 00:00:00-04:00,9.87379949596371,10.047362675870291,9.680952029161539,9.719521522521973,2677700,0.0,0.0
2023-05-26 00:00:00-04:00,9.777376631372528,9.787018315439044,9.30489916848009,9.353111267089844,3002200,0.0,0.0
2023-05-30 00:00:00-04:00,9.121694657053151,9.179549361580806,8.89991936252803,9.0445556640625,3280500,0.0,0.0
2023-05-31 00:00:00-04:00,9.098305142387458,9.244893997287459,8.941942516641124,9.108077049255371,3561900,0.125,0.0
2023-06-01 00:00:00-04:00,9.088531758681295,9.15693976260174,8.863761138388313,9.04944133758545,2266100,0.0,0.0
2023-06-02 00:00:00-04:00,9.225348123510543,9.596707604285962,9.156940116942952,9.489209175109863,2702700,0.0,0.0
2023-06-05 00:00:00-04:00,9.753069410236147,9.772615087766496,9.264438655847822,9.332847595214844,2708500,0.0,0.0
2023-06-06 00:00:00-04:00,9.196031343542561,9.626026961819015,9.098305744471928,9.577163696289062,1879700,0.0,0.0
2023-06-07 00:00:00-04:00,9.723751415840049,10.065793302282273,9.674888156064137,10.026702880859375,3962000,0.0,0.0
2023-06-08 00:00:00-04:00,10.026703423217874,10.085338592529297,9.723751941811475,10.085338592529297,3196300,0.0,0.0
2023-06-09 00:00:00-04:00,9.997384988801661,10.095111514443454,9.665116851995851,9.72375202178955,2809100,0.0,0.0
2023-06-12 00:00:00-04:00,9.547845308076736,9.674888483002382,9.381710778418038,9.626026153564453,3001500,0.0,0.0
2023-06-13 00:00:00-04:00,9.831251973209966,10.095112117009574,9.684662175997493,9.987613677978516,2949500,0.0,0.0
2023-06-14 00:00:00-04:00,10.046248160515345,10.104884261766506,9.762842357111355,9.948522567749023,3197500,0.0,0.0
2023-06-15 00:00:00-04:00,10.06579338980763,10.44692476899765,10.026702968044829,10.437152862548828,5346100,0.0,0.0
2023-06-16 00:00:00-04:00,10.456697562885294,10.652149670866585,10.183064611711487,10.231927871704102,12417200,0.0,0.0
2023-06-20 00:00:00-04:00,10.251473395552095,10.319882337536049,9.821478725316492,9.977840423583984,3559200,0.0,0.0
2023-06-21 00:00:00-04:00,9.880113949160883,10.36874472486202,9.870342041958684,10.3198823928833,3125900,0.0,0.0
2023-06-22 00:00:00-04:00,10.163519709702701,10.22215581256161,9.899659576810704,10.046248435974121,2835600,0.0,0.0
2023-06-23 00:00:00-04:00,9.792161426475168,10.358973065278281,9.772615747625071,10.143975257873535,6871500,0.0,0.0
2023-06-26 00:00:00-04:00,10.231928993053195,10.740104529497096,10.222156153585802,10.554425239562988,4071800,0.0,0.0
2023-06-27 00:00:00-04:00,10.368744237695099,11.13100888300675,10.329653814755208,10.740103721618652,4870100,0.0,0.0
2023-06-28 00:00:00-04:00,10.769422801221513,10.857375558445645,10.61306016929259,10.79874038696289,3815900,0.0,0.0
2023-06-29 00:00:00-04:00,10.74987655079606,11.404641833449139,10.573969181728309,11.375324249267578,4042100,0.0,0.0
2023-06-30 00:00:00-04:00,11.424187808397019,11.52191434217197,11.160327658387525,11.336235046386719,4179000,0.0,0.0
2023-07-03 00:00:00-04:00,11.336234336915297,11.53168646024365,11.160326959925161,11.228734970092773,1661400,0.0,0.0
2023-07-05 00:00:00-04:00,11.336233518972154,11.375323940817333,11.111462894370492,11.209189414978027,1922500,0.0,0.0
2023-07-06 00:00:00-04:00,11.121236044274477,11.13100888300675,10.49578834524704,10.740103721618652,2579900,0.0,0.0
2023-07-07 00:00:00-04:00,10.749877007292143,11.316688629481135,10.720559421865605,11.023509979248047,3166700,0.0,0.0
2023-07-10 00:00:00-04:00,11.091918418337192,11.277597693605813,11.043055156848862,11.238507270812988,2323000,0.0,0.0
2023-07-11 00:00:00-04:00,11.336233987428221,11.668502120848238,11.228734623919818,11.629411697387695,2306600,0.0,0.0
2023-07-12 00:00:00-04:00,11.541459209373532,11.65873048245572,11.34600615558065,11.59032154083252,2670900,0.0,0.0
2023-07-13 00:00:00-04:00,11.65873131872539,12.01054516320723,11.482823930489822,11.541460037231445,3574400,0.0,0.0
2023-07-14 00:00:00-04:00,11.56100361292588,11.570776451723734,11.091918534499397,11.150553703308105,2748000,0.0,0.0
2023-07-17 00:00:00-04:00,11.170099007227615,11.453504798960068,11.072372486496764,11.3460054397583,2058600,0.0,0.0
2023-07-18 00:00:00-04:00,11.541458973361724,11.961680793649125,11.443732448463697,11.766228675842285,3190400,0.0,0.0
2023-07-19 00:00:00-04:00,11.834636688232422,11.981226475630928,11.727138256398222,11.834636688232422,1843600,0.0,0.0
2023-07-20 00:00:00-04:00,12.118042796189574,12.118042796189574,11.85418266343478,12.000771522521973,1917600,0.0,0.0
2023-07-21 00:00:00-04:00,12.02031689920602,12.02031689920602,11.77600151886439,11.834636688232422,1861300,0.0,0.0
2023-07-24 00:00:00-04:00,11.932363239044477,12.127815357343847,11.854182391724729,11.903045654296875,2433000,0.0,0.0
2023-07-25 00:00:00-04:00,11.893273477374388,12.01054475488143,11.697821348195983,11.873727798461914,2005700,0.0,0.0
2023-07-26 00:00:00-04:00,11.756456133671414,12.196223642833232,11.746684226526352,11.932363510131836,2282700,0.0,0.0
2023-07-27 00:00:00-04:00,12.157133312138095,12.157133312138095,11.512140836122867,11.57077693939209,2704300,0.0,0.0
2023-07-28 00:00:00-04:00,11.88350056065304,12.245087230279411,11.736911697719657,12.235315322875977,2807700,0.0,0.0
2023-07-31 00:00:00-04:00,12.372130278522759,12.489401545145109,12.186451006034664,12.460083961486816,3692400,0.0,0.0
2023-08-01 00:00:00-04:00,11.590321119930174,12.137587973095634,11.404641843956956,11.512140274047852,8021700,0.0,0.0
2023-08-02 00:00:00-04:00,11.170099269356284,11.346005706014965,10.916011055084727,11.306915283203125,5032400,0.0,0.0
2023-08-03 00:00:00-04:00,11.463277861022691,11.961681489412182,11.35577942297348,11.805319786071777,4382200,0.0,0.0
2023-08-04 00:00:00-04:00,11.971454350959476,12.108271307629437,11.678275690660575,11.942136764526367,2313600,0.0,0.0
2023-08-07 00:00:00-04:00,12.039861704554891,12.313495602923297,11.903045687359905,12.108270645141602,2764300,0.0,0.0
2023-08-08 00:00:00-04:00,11.688047390954273,12.333039821553838,11.58054896318407,12.323266983032227,2712800,0.0,0.0
2023-08-09 00:00:00-04:00,12.714173715269574,13.056214718109608,12.48940306129877,12.518721580505371,4010500,0.0,0.0
2023-08-10 00:00:00-04:00,12.362357786399228,12.469857149474015,11.95190787572453,12.127815246582031,3123300,0.0,0.0
2023-08-11 00:00:00-04:00,12.020317080734662,12.24508678668857,12.020317080734662,12.088725090026855,2215500,0.0,0.0
2023-08-14 00:00:00-04:00,12.039862215034091,12.039862215034091,11.79554682312519,11.824865341186523,2224600,0.0,0.0
2023-08-15 00:00:00-04:00,11.561003567644663,11.688047675551541,11.44373229849736,11.648957252502441,2541400,0.0,0.0
2023-08-16 00:00:00-04:00,11.228735670809415,11.502369592534166,11.131010069041404,11.404643058776855,2828500,0.0,0.0
2023-08-17 00:00:00-04:00,11.600095211983769,11.678276066313066,11.394870236372038,11.541460037231445,2529200,0.0,0.0
2023-08-18 00:00:00-04:00,11.433959164483968,11.561003269110243,11.287370314832435,11.551230430603027,2650700,0.0,0.0
2023-08-21 00:00:00-04:00,11.70759325548939,11.893273477198072,11.629412403819188,11.805319786071777,3192500,0.0,0.0
2023-08-22 00:00:00-04:00,11.854182752549969,11.922590763039693,11.52191367533261,11.57077693939209,2850800,0.0,0.0
2023-08-23 00:00:00-04:00,11.3948699292382,11.482823620985306,11.160327372572095,11.170100212097168,2644000,0.0,0.0
2023-08-24 00:00:00-04:00,11.131008571287667,11.316687842054979,11.072372472525313,11.209189414978027,2852500,0.0,0.0
2023-08-25 00:00:00-04:00,11.316688239740031,11.346005824156885,11.052828116009929,11.218961715698242,1271400,0.0,0.0
2023-08-28 00:00:00-04:00,11.44373306992499,11.551231507559239,11.336234632290742,11.463277816772461,2168100,0.0,0.0
2023-08-29 00:00:00-04:00,11.443732414659864,11.570776523856335,11.189644196266922,11.561003684997559,1659100,0.0,0.0
2023-08-30 00:00:00-04:00,11.580549392809699,12.010544051832012,11.580549392809699,11.697820663452148,2921600,0.0,0.0
2023-08-31 00:00:00-04:00,11.762012641923128,12.216296968815497,11.574373893387454,12.107664108276367,4189600,0.125,0.0
2023-09-01 00:00:00-04:00,12.236049754139101,12.640955193453932,12.226173782003485,12.51257038116455,3508300,0.0,0.0
2023-09-05 00:00:00-04:00,12.354558585978788,12.611328210384753,12.12741593613519,12.13729190826416,2669400,0.0,0.0
2023-09-06 00:00:00-04:00,12.087912279837786,12.315054916347254,11.959527475171475,12.078036308288574,2543700,0.0,0.0
2023-09-07 00:00:00-04:00,12.048409833327053,12.305179453269849,11.929900995312959,11.959527969360352,2464700,0.0,0.0
2023-09-08 00:00:00-04:00,12.018782551665623,12.354558055023828,11.93977666167834,12.186670303344727,3254700,0.0,0.0
2023-09-11 00:00:00-04:00,12.196546316370386,12.295303208276822,11.584249254157765,11.64350414276123,5305600,0.0,0.0
2023-09-12 00:00:00-04:00,11.89039740669882,12.176793985210878,11.742261602643248,12.038533210754395,3445800,0.0,0.0
2023-09-13 00:00:00-04:00,12.048409281676165,12.048409281676165,11.78176464380923,11.939776420593262,2304900,0.0,0.0
2023-09-14 00:00:00-04:00,12.127415831611458,12.196546694093879,11.801516288760647,11.860771179199219,2683500,0.0,0.0
2023-09-15 00:00:00-04:00,11.801515989669516,11.801515989669516,11.376859562616056,11.475616455078125,7913100,0.0,0.0
2023-09-18 00:00:00-04:00,11.455865494667387,11.475616496501292,11.189219906225834,11.238598823547363,3296400,0.0,0.0
2023-09-19 00:00:00-04:00,11.376859198550422,11.406486171158512,10.942325871784195,10.952201843261719,3950700,0.0,0.0
2023-09-20 00:00:00-04:00,10.912699114536535,11.05095895065248,10.507793694212133,10.517668724060059,4807400,0.0,0.0
2023-09-21 00:00:00-04:00,10.507793486647428,10.517668516300288,10.231271936228787,10.339905738830566,3809000,0.0,0.0
2023-09-22 00:00:00-04:00,10.389285155822154,10.497918021842521,10.172018481956895,10.221397399902344,2290200,0.0,0.0
2023-09-25 00:00:00-04:00,10.181894138486587,10.517668698099744,10.162142195190492,10.448538780212402,2041800,0.0,0.0
2023-09-26 00:00:00-04:00,10.23127269744873,10.488042324016684,10.181894720037203,10.23127269744873,3602400,0.0,0.0
2023-09-27 00:00:00-04:00,10.428787592773224,10.82381703340595,10.39915967835741,10.646053314208984,6685700,0.0,0.0
2023-09-28 00:00:00-04:00,10.675681619592153,11.120089992035318,10.616426730414958,10.932450294494629,5526200,0.0,0.0
2023-09-29 00:00:00-04:00,10.95220208531067,11.149716810103907,10.813941307043153,10.89294719696045,3926800,0.0,0.0
2023-10-02 00:00:00-04:00,10.863320461581965,10.863320461581965,10.379409139785743,10.458415031433105,3417800,0.0,0.0
2023-10-03 00:00:00-04:00,10.458414751860449,10.58679955781158,10.310278002613224,10.448538780212402,3237100,0.0,0.0
2023-10-04 00:00:00-04:00,10.448539222690577,10.468291166823134,9.915248974830503,10.19176959991455,4130700,0.0,0.0
2023-10-05 00:00:00-04:00,10.162142051005544,10.725059241414398,10.162142051005544,10.715184211730957,4254000,0.0,0.0
2023-10-06 00:00:00-04:00,10.794190207957929,11.475616237794506,10.725059348536472,11.297852516174316,5482400,0.0,0.0
2023-10-09 00:00:00-04:00,11.534871735765122,12.186670827084466,11.465740872686876,12.13729190826416,4296100,0.0,0.0
2023-10-10 00:00:00-04:00,12.137291756928771,12.255800595525143,11.979279972133611,12.09778881072998,2679500,0.0,0.0
2023-10-11 00:00:00-04:00,11.880522045549258,12.19654655456543,11.604001424256563,12.19654655456543,3345500,0.0,0.0
2023-10-12 00:00:00-04:00,12.305179675439328,12.522446353300166,12.157043860703258,12.51257038116455,3045200,0.0,0.0
2023-10-13 00:00:00-04:00,12.690333829033888,12.769339720706162,12.473067156022875,12.502694129943848,2871700,0.0,0.0
2023-10-16 00:00:00-04:00,12.39406096167803,12.512569796292363,12.038533516010531,12.423687934875488,2744700,0.0,0.0
2023-10-17 00:00:00-04:00,12.49281829819216,12.907599705037509,12.443440321711382,12.848345756530762,3663700,0.0,0.0
2023-10-18 00:00:00-04:00,12.917475641518296,13.12486634437029,12.7100849386663,12.779214859008789,3641900,0.0,0.0
2023-10-19 00:00:00-04:00,12.710084676336542,12.956978320263417,12.433564058849305,12.463191032409668,3733900,0.0,0.0
2023-10-20 00:00:00-04:00,12.403937504799094,12.403937504799094,12.117540905830761,12.13729190826416,2219200,0.0,0.0
2023-10-23 00:00:00-04:00,12.028658498370053,12.176794306332203,11.811391830444336,11.811391830444336,2234100,0.0,0.0
2023-10-24 00:00:00-04:00,11.929900421992798,12.008906310205374,11.781764617050337,11.870646476745605,2301300,0.0,0.0
2023-10-25 00:00:00-04:00,11.841018740759395,12.028658434460635,11.77188882298762,11.979279518127441,2765100,0.0,0.0
2023-10-26 00:00:00-04:00,11.771889347788134,12.384185488872726,11.534871669011752,12.305179595947266,3931300,0.0,0.0
2023-10-27 00:00:00-04:00,12.295303541723932,12.403937350139001,11.86077113353724,12.09778881072998,3342400,0.0,0.0
2023-10-30 00:00:00-04:00,11.969404198269528,12.196546849041091,11.781765436175231,11.900274276733398,3670100,0.0,0.0
2023-10-31 00:00:00-04:00,11.89039824244356,12.482943383963237,11.505243806273317,12.443440437316895,10117500,0.0,0.0
2023-11-01 00:00:00-04:00,12.147167617418614,12.680457857118723,12.08791272775215,12.502694129943848,3514100,0.0,0.0
2023-11-02 00:00:00-04:00,12.640954442433594,13.00635691332133,12.45331475030305,12.996480941772461,2728400,0.0,0.0
2023-11-03 00:00:00-04:00,13.035984228124363,13.223623925177375,12.907599420094543,13.144618034362793,3478200,0.0,0.0
2023-11-06 00:00:00-05:00,12.91747531022733,13.075487090857408,12.206421355567482,12.324930191040039,4936100,0.0,0.0
2023-11-07 00:00:00-05:00,11.999030674858592,11.999030674858592,11.643504167942424,11.712634086608887,4858400,0.0,0.0
2023-11-08 00:00:00-05:00,11.584248942633835,11.683006773708977,11.228722446047385,11.258349418640137,3981400,0.0,0.0
2023-11-09 00:00:00-05:00,11.376859922900271,11.376859922900271,10.981829515068588,11.011456489562988,2527900,0.0,0.0
2023-11-10 00:00:00-05:00,11.100337682295129,11.169468541026104,10.655929324507902,10.715184211730957,3641000,0.0,0.0
2023-11-13 00:00:00-05:00,10.863320285839327,11.15959284563621,10.82381734065471,11.031208038330078,3029200,0.0,0.0
2023-11-14 00:00:00-05:00,11.031208099869977,11.426237553919906,10.962078180867367,11.169468879699707,2339600,0.0,0.0
2023-11-15 00:00:00-05:00,11.19909559940072,11.584249072911394,11.19909559940072,11.22872257232666,2571900,0.0,0.0
2023-11-16 00:00:00-05:00,11.060834829349492,11.12008971706145,10.468290661352343,10.616426467895508,4223200,0.0,0.0
2023-11-17 00:00:00-05:00,10.665805448075629,10.764562339089364,10.567047615237398,10.754687309265137,3758600,0.0,0.0
2023-11-20 00:00:00-05:00,10.804065090462075,10.902822921532495,10.636178284561524,10.646053314208984,2155900,0.0,0.0
2023-11-21 00:00:00-05:00,10.567047990462578,10.567047990462578,10.28065139525145,10.359657287597656,2497300,0.0,0.0
2023-11-22 00:00:00-05:00,10.122638979314019,10.488041444084955,10.043633091894598,10.4386625289917,2217300,0.0,0.0
2023-11-24 00:00:00-05:00,10.330030071633729,10.616426660141304,10.330030071633729,10.418911933898926,1196500,0.0,0.0
2023-11-27 00:00:00-05:00,10.211520841055435,10.251023784776514,10.004130151063663,10.132514953613281,2696200,0.0,0.0
2023-11-28 00:00:00-05:00,10.132515348388525,10.320154102918162,10.004130540836876,10.112763404846191,2029000,0.0,0.0
2023-11-29 00:00:00-05:00,10.221397002372353,10.270774976572872,9.905372504907003,9.9350004196167,2589900,0.0,0.0
2023-11-30 00:00:00-05:00,10.010000228881836,10.34000015258789,9.729999542236328,9.869999885559082,3920000,0.125,0.0
2023-12-01 00:00:00-05:00,9.829999923706055,10.229999542236328,9.760000228881836,10.100000381469727,3013700,0.0,0.0
2023-12-04 00:00:00-05:00,9.899999618530273,10.0600004196167,9.760000228881836,9.8100004196167,4078600,0.0,0.0
2023-12-05 00:00:00-05:00,9.859999656677246,9.970000267028809,9.520000457763672,9.529999732971191,2844600,0.0,0.0
2023-12-06 00:00:00-05:00,9.510000228881836,9.600000381469727,9.0600004196167,9.0600004196167,5059400,0.0,0.0
2023-12-07 00:00:00-05:00,9.079999923706055,9.1899995803833,8.8100004196167,9.0600004196167,5343000,0.0,0.0
2023-12-08 00:00:00-05:00,9.149999618530273,9.149999618530273,8.890000343322754,8.890000343322754,3252200,0.0,0.0
2023-12-11 00:00:00-05:00,8.600000381469727,8.850000381469727,8.479999542236328,8.699999809265137,4805700,0.0,0.0
2023-12-12 00:00:00-05:00,8.420000076293945,8.520000457763672,8.289999961853027,8.399999618530273,4223000,0.0,0.0
2023-12-13 00:00:00-05:00,8.380000114440918,8.789999961853027,8.34000015258789,8.6899995803833,7955100,0.0,0.0
2023-12-14 00:00:00-05:00,8.880000114440918,9.180000305175781,8.729999542236328,9.020000457763672,6917200,0.0,0.0
2023-12-15 00:00:00-05:00,9.140000343322754,9.229999542236328,8.859999656677246,8.920000076293945,11154700,0.0,0.0
2023-12-18 00:00:00-05:00,9.109999656677246,9.1899995803833,8.859999656677246,8.859999656677246,3354200,0.0,0.0
2023-12-19 00:00:00-05:00,8.800000190734863,8.970000267028809,8.619999885559082,8.930000305175781,3526600,0.0,0.0
2023-12-20 00:00:00-05:00,8.979999542236328,9.0600004196167,8.65999984741211,8.6899995803833,5588000,0.0,0.0
2023-12-21 00:00:00-05:00,8.8100004196167,9.130000114440918,8.75,9.130000114440918,4872000,0.0,0.0
2023-12-22 00:00:00-05:00,9.130000114440918,9.300000190734863,9.029999732971191,9.130000114440918,4033300,0.0,0.0
2023-12-26 00:00:00-05:00,9.1899995803833,9.3100004196167,9.119999885559082,9.170000076293945,2079400,0.0,0.0
2023-12-27 00:00:00-05:00,9.3100004196167,9.3100004196167,9.039999961853027,9.079999923706055,2519600,0.0,0.0
2023-12-28 00:00:00-05:00,9.09000015258789,9.199999809265137,8.890000343322754,8.930000305175781,3087400,0.0,0.0
2023-12-29 00:00:00-05:00,8.949999809265137,9.010000228881836,8.84000015258789,8.850000381469727,4237800,0.0,0.0
2024-01-02 00:00:00-05:00,8.989999771118164,9.260000228881836,8.859999656677246,8.9399995803833,4053200,0.0,0.0
2024-01-03 00:00:00-05:00,8.75,8.9399995803833,8.649999618530273,8.869999885559082,3787400,0.0,0.0
2024-01-04 00:00:00-05:00,9.109999656677246,9.119999885559082,8.699999809265137,8.720000267028809,4089600,0.0,0.0
2024-01-05 00:00:00-05:00,8.680000305175781,8.960000038146973,8.579999923706055,8.899999618530273,4441600,0.0,0.0
2024-01-08 00:00:00-05:00,8.630000114440918,8.90999984741211,8.460000038146973,8.90999984741211,4819200,0.0,0.0
2024-01-09 00:00:00-05:00,9.069999694824219,9.390000343322754,8.890000343322754,9.25,6665600,0.0,0.0
2024-01-10 00:00:00-05:00,9.09000015258789,9.149999618530273,8.770000457763672,8.84000015258789,3850900,0.0,0.0
2024-01-11 00:00:00-05:00,8.869999885559082,8.930000305175781,8.569999694824219,8.619999885559082,5023600,0.0,0.0
2024-01-12 00:00:00-05:00,8.850000381469727,9.079999923706055,8.789999961853027,8.90999984741211,3588900,0.0,0.0
2024-01-16 00:00:00-05:00,8.739999771118164,8.779999732971191,8.329999923706055,8.34000015258789,8537100,0.0,0.0
2024-01-17 00:00:00-05:00,8.1899995803833,8.270000457763672,8.0,8.109999656677246,5548500,0.0,0.0
2024-01-18 00:00:00-05:00,8.140000343322754,8.149999618530273,7.940000057220459,8.050000190734863,5245800,0.0,0.0
2024-01-19 00:00:00-05:00,7.949999809265137,7.989999771118164,7.769999980926514,7.989999771118164,5909200,0.0,0.0
2024-01-22 00:00:00-05:00,7.829999923706055,8.029999732971191,7.739999771118164,8.020000457763672,5815300,0.0,0.0
2024-01-23 00:00:00-05:00,8.020000457763672,8.100000381469727,7.920000076293945,8.020000457763672,3062000,0.0,0.0
2024-01-24 00:00:00-05:00,8.15999984741211,8.479999542236328,8.09000015258789,8.220000267028809,4402500,0.0,0.0
2024-01-25 00:00:00-05:00,8.3100004196167,8.369999885559082,8.109999656677246,8.220000267028809,2806900,0.0,0.0
2024-01-26 00:00:00-05:00,8.260000228881836,8.279999732971191,7.769999980926514,7.989999771118164,5362500,0.0,0.0
2024-01-29 00:00:00-05:00,7.989999771118164,8.0600004196167,7.769999980926514,7.940000057220459,3801800,0.0,0.0
2024-01-30 00:00:00-05:00,7.840000152587891,8.140000343322754,7.78000020980835,8.130000114440918,2427500,0.0,0.0
2024-01-31 00:00:00-05:00,8.100000381469727,8.15999984741211,7.789999961853027,7.809999942779541,3374000,0.0,0.0
2024-02-01 00:00:00-05:00,7.869999885559082,7.949999809265137,7.659999847412109,7.760000228881836,4384600,0.0,0.0
2024-02-02 00:00:00-05:00,7.699999809265137,7.760000228881836,7.559999942779541,7.639999866485596,2901800,0.0,0.0
2024-02-05 00:00:00-05:00,7.539999961853027,7.550000190734863,7.409999847412109,7.449999809265137,3337300,0.0,0.0
2024-02-06 00:00:00-05:00,7.409999847412109,7.630000114440918,7.380000114440918,7.519999980926514,3586900,0.0,0.0
2024-02-07 00:00:00-05:00,7.519999980926514,7.590000152587891,7.309999942779541,7.460000038146973,4425600,0.0,0.0
2024-02-08 00:00:00-05:00,7.420000076293945,7.519999980926514,7.329999923706055,7.5,3830600,0.0,0.0
2024-02-09 00:00:00-05:00,7.440000057220459,7.480000019073486,7.309999942779541,7.360000133514404,3899800,0.0,0.0
2024-02-12 00:00:00-05:00,7.360000133514404,7.849999904632568,7.360000133514404,7.710000038146973,5956400,0.0,0.0
2024-02-13 00:00:00-05:00,7.53000020980835,7.570000171661377,7.269999980926514,7.349999904632568,8104700,0.0,0.0
2024-02-14 00:00:00-05:00,7.199999809265137,7.599999904632568,7.070000171661377,7.28000020980835,13343500,0.0,0.0
2024-02-15 00:00:00-05:00,7.389999866485596,7.679999828338623,7.230000019073486,7.53000020980835,7746800,0.0,0.0
2024-02-16 00:00:00-05:00,7.510000228881836,7.78000020980835,7.440000057220459,7.630000114440918,4645600,0.0,0.0
2024-02-20 00:00:00-05:00,7.559999942779541,7.739999771118164,7.460000038146973,7.539999961853027,5217200,0.0,0.0
2024-02-21 00:00:00-05:00,7.920000076293945,8.510000228881836,7.880000114440918,8.329999923706055,11733000,0.0,0.0
2024-02-22 00:00:00-05:00,8.029999732971191,8.300000190734863,7.900000095367432,8.300000190734863,4282900,0.0,0.0
2024-02-23 00:00:00-05:00,8.100000381469727,8.170000076293945,7.869999885559082,7.949999809265137,5766200,0.0,0.0
2024-02-26 00:00:00-05:00,8.039999961853027,8.180000305175781,7.860000133514404,8.0,3189400,0.0,0.0
2024-02-27 00:00:00-05:00,8.149999618530273,8.260000228881836,7.980000019073486,8.130000114440918,3231100,0.0,0.0
2024-02-28 00:00:00-05:00,8.140000343322754,8.300000190734863,8.069999694824219,8.270000457763672,2672700,0.0,0.0
2024-02-29 00:00:00-05:00,8.300000190734863,8.569999694824219,8.25,8.550000190734863,4906900,0.0,0.0
2024-03-01 00:00:00-05:00,8.550000190734863,8.819999694824219,8.470000267028809,8.539999961853027,4466400,0.0,0.0
2024-03-04 00:00:00-05:00,8.789999961853027,8.890000343322754,8.460000038146973,8.479999542236328,4740000,0.0,0.0
2024-03-05 00:00:00-05:00,8.449999809265137,8.960000038146973,8.399999618530273,8.720000267028809,5335200,0.0,0.0
2024-03-06 00:00:00-05:00,8.789999961853027,8.789999961853027,8.529999732971191,8.630000114440918,3759000,0.0,0.0
2024-03-07 00:00:00-05:00,8.640000343322754,8.65999984741211,8.399999618530273,8.40999984741211,4104100,0.0,0.0
2024-03-08 00:00:00-05:00,8.470000267028809,8.600000381469727,8.399999618530273,8.489999771118164,3189800,0.0,0.0
2024-03-11 00:00:00-04:00,8.390000343322754,8.479999542236328,8.25,8.40999984741211,2513600,0.0,0.0
2024-03-12 00:00:00-04:00,8.510000228881836,8.510000228881836,8.229999542236328,8.380000114440918,3126300,0.0,0.0
2024-03-13 00:00:00-04:00,8.40999984741211,8.4399995803833,8.199999809265137,8.279999732971191,4499700,0.0,0.0
2024-03-14 00:00:00-04:00,8.289999961853027,8.329999923706055,8.100000381469727,8.199999809265137,4138900,0.0,0.0
2024-03-15 00:00:00-04:00,8.180000305175781,8.229999542236328,7.96999979019165,8.0,10427600,0.0,0.0
2024-03-18 00:00:00-04:00,8.050000190734863,8.069999694824219,7.840000152587891,7.880000114440918,4966100,0.0,0.0
2024-03-19 00:00:00-04:00,7.820000171661377,8.149999618530273,7.809999942779541,8.029999732971191,3298200,0.0,0.0
2024-03-20 00:00:00-04:00,7.920000076293945,8.170000076293945,7.869999885559082,8.069999694824219,3398500,0.0,0.0
2024-03-21 00:00:00-04:00,8.170000076293945,8.479999542236328,8.020000457763672,8.359999656677246,6477900,0.0,0.0
2024-03-22 00:00:00-04:00,8.300000190734863,8.399999618530273,8.140000343322754,8.399999618530273,3909400,0.0,0.0
2024-03-25 00:00:00-04:00,8.399999618530273,8.600000381469727,8.399999618530273,8.569999694824219,3093500,0.0,0.0
2024-03-26 00:00:00-04:00,8.800000190734863,9.029999732971191,8.729999542236328,8.859999656677246,8093900,0.0,0.0
2024-03-27 00:00:00-04:00,8.760000228881836,9.329999923706055,8.760000228881836,9.260000228881836,7778200,0.0,0.0
2024-03-28 00:00:00-04:00,9.300000190734863,9.399999618530273,9.140000343322754,9.279999732971191,5052700,0.0,0.0
2024-04-01 00:00:00-04:00,9.40999984741211,9.40999984741211,9.199999809265137,9.319999694824219,4898300,0.0,0.0
2024-04-02 00:00:00-04:00,9.270000457763672,9.319999694824219,9.020000457763672,9.119999885559082,3673100,0.0,0.0
2024-04-03 00:00:00-04:00,9.149999618530273,9.270000457763672,9.100000381469727,9.15999984741211,2144900,0.0,0.0
2024-04-04 00:00:00-04:00,9.229999542236328,9.300000190734863,9.0,9.09000015258789,2750800,0.0,0.0
2024-04-05 00:00:00-04:00,9.0600004196167,9.149999618530273,8.899999618530273,9.079999923706055,2844800,0.0,0.0
2024-04-08 00:00:00-04:00,9.130000114440918,9.34000015258789,9.069999694824219,9.319999694824219,2412200,0.0,0.0
2024-04-09 00:00:00-04:00,9.380000114440918,9.649999618530273,9.359999656677246,9.640000343322754,3750900,0.0,0.0
2024-04-10 00:00:00-04:00,9.510000228881836,9.960000038146973,9.40999984741211,9.899999618530273,4846300,0.0,0.0
2024-04-11 00:00:00-04:00,9.899999618530273,9.960000038146973,9.470000267028809,9.569999694824219,4267900,0.0,0.0
2024-04-12 00:00:00-04:00,9.640000343322754,9.920000076293945,9.430000305175781,9.5600004196167,3702900,0.0,0.0
2024-04-15 00:00:00-04:00,9.5,9.640000343322754,9.199999809265137,9.279999732971191,3312700,0.0,0.0
2024-04-16 00:00:00-04:00,9.229999542236328,9.260000228881836,8.84000015258789,9.119999885559082,3953800,0.0,0.0
2024-04-17 00:00:00-04:00,9.109999656677246,9.300000190734863,9.069999694824219,9.1899995803833,2555400,0.0,0.0
2024-04-18 00:00:00-04:00,9.220000267028809,9.489999771118164,9.180000305175781,9.239999771118164,3388200,0.0,0.0
2024-04-19 00:00:00-04:00,9.170000076293945,9.550000190734863,9.170000076293945,9.520000457763672,3425400,0.0,0.0
2024-04-22 00:00:00-04:00,9.460000038146973,9.859999656677246,9.390000343322754,9.729999542236328,4601600,0.0,0.0
2024-04-23 00:00:00-04:00,9.65999984741211,9.899999618530273,9.5,9.779999732971191,3050300,0.0,0.0
2024-04-24 00:00:00-04:00,9.710000038146973,10.220000267028809,9.649999618530273,10.149999618530273,4570800,0.0,0.0
2024-04-25 00:00:00-04:00,10.220000267028809,10.300000190734863,9.979999542236328,10.300000190734863,3150600,0.0,0.0
2024-04-26 00:00:00-04:00,10.220000267028809,10.380000114440918,10.029999732971191,10.319999694824219,2376400,0.0,0.0
2024-04-29 00:00:00-04:00,10.34000015258789,10.479999542236328,10.289999961853027,10.390000343322754,2217100,0.0,0.0
2024-04-30 00:00:00-04:00,10.350000381469727,10.380000114440918,10.050000190734863,10.0600004196167,3536200,0.0,0.0
2024-05-01 00:00:00-04:00,9.949999809265137,9.989999771118164,9.720000267028809,9.770000457763672,4605900,0.0,0.0
2024-05-02 00:00:00-04:00,10.039999961853027,10.039999961853027,9.479999542236328,9.859999656677246,4602900,0.0,0.0
2024-05-03 00:00:00-04:00,9.979999542236328,10.140000343322754,9.84000015258789,9.979999542236328,2377400,0.0,0.0
2024-05-06 00:00:00-04:00,10.1899995803833,10.5600004196167,10.140000343322754,10.319999694824219,2582000,0.0,0.0
2024-05-07 00:00:00-04:00,10.34000015258789,10.489999771118164,10.279999732971191,10.329999923706055,2780700,0.0,0.0
2024-05-08 00:00:00-04:00,10.260000228881836,10.300000190734863,10.079999923706055,10.130000114440918,1857400,0.0,0.0
2024-05-09 00:00:00-04:00,10.199999809265137,10.4399995803833,10.15999984741211,10.300000190734863,1976300,0.0,0.0
2024-05-10 00:00:00-04:00,10.350000381469727,10.420000076293945,10.140000343322754,10.149999618530273,2518100,0.0,0.0
2024-05-13 00:00:00-04:00,10.199999809265137,10.479999542236328,10.149999618530273,10.359999656677246,3322900,0.0,0.0
2024-05-14 00:00:00-04:00,10.489999771118164,10.960000038146973,10.470000267028809,10.729999542236328,4312500,0.0,0.0
2024-05-15 00:00:00-04:00,10.640000343322754,10.770000457763672,10.270000457763672,10.630000114440918,3647800,0.0,0.0
2024-05-16 00:00:00-04:00,10.670000076293945,10.859999656677246,10.649999618530273,10.649999618530273,2186600,0.0,0.0
2024-05-17 00:00:00-04:00,10.729999542236328,10.90999984741211,10.65999984741211,10.800000190734863,2371000,0.0,0.0
2024-05-20 00:00:00-04:00,10.800000190734863,11.430000305175781,10.800000190734863,11.350000381469727,3483500,0.0,0.0
2024-05-21 00:00:00-04:00,11.260000228881836,11.65999984741211,11.0,11.0,3728700,0.0,0.0
2024-05-22 00:00:00-04:00,10.930000305175781,11.100000381469727,10.6899995803833,11.09000015258789,2771700,0.0,0.0
2024-05-23 00:00:00-04:00,11.1899995803833,11.270000457763672,10.779999732971191,10.859999656677246,2758100,0.0,0.0
2024-05-24 00:00:00-04:00,10.890000343322754,10.970000267028809,10.760000228881836,10.8100004196167,2507200,0.0,0.0
2024-05-28 00:00:00-04:00,10.970000267028809,11.359999656677246,10.850000381469727,11.239999771118164,2693800,0.0,0.0
2024-05-29 00:00:00-04:00,11.119999885559082,11.25,11.0600004196167,11.220000267028809,3278700,0.0,0.0
2024-05-30 00:00:00-04:00,11.239999771118164,11.829999923706055,11.239999771118164,11.579999923706055,2980400,0.0,0.0
2024-05-31 00:00:00-04:00,11.670000076293945,11.859999656677246,11.640000343322754,11.710000038146973,2986100,0.0,0.0
2024-06-03 00:00:00-04:00,11.890000343322754,11.970000267028809,11.460000038146973,11.729999542236328,3412800,0.0,0.0
2024-06-04 00:00:00-04:00,11.569999694824219,11.630000114440918,11.289999961853027,11.430000305175781,3347400,0.0,0.0
2024-06-05 00:00:00-04:00,11.460000038146973,11.84000015258789,11.4399995803833,11.739999771118164,2377100,0.0,0.0
2024-06-06 00:00:00-04:00,11.739999771118164,11.829999923706055,11.619999885559082,11.720000267028809,1632800,0.0,0.0
2024-06-07 00:00:00-04:00,11.600000381469727,11.770000457763672,11.529999732971191,11.699999809265137,2376000,0.0,0.0
2024-06-10 00:00:00-04:00,11.760000228881836,12.149999618530273,11.6899995803833,12.020000457763672,2641700,0.0,0.0
2024-06-11 00:00:00-04:00,11.850000381469727,12.220000267028809,11.8100004196167,12.15999984741211,2086800,0.0,0.0
2024-06-12 00:00:00-04:00,12.300000190734863,12.390000343322754,11.829999923706055,11.90999984741211,2115800,0.0,0.0
2024-06-13 00:00:00-04:00,11.859999656677246,11.949999809265137,11.399999618530273,11.449999809265137,2921000,0.0,0.0
2024-06-14 00:00:00-04:00,11.399999618530273,11.489999771118164,11.109999656677246,11.149999618530273,2372900,0.0,0.0
2024-06-17 00:00:00-04:00,11.100000381469727,11.15999984741211,10.739999771118164,10.949999809265137,3175300,0.0,0.0
2024-06-18 00:00:00-04:00,10.949999809265137,11.069999694824219,10.8100004196167,10.930000305175781,3109800,0.0,0.0
2024-06-20 00:00:00-04:00,10.859999656677246,11.010000228881836,10.729999542236328,10.75,3723900,0.0,0.0
2024-06-21 00:00:00-04:00,10.789999961853027,10.819999694824219,10.5,10.789999961853027,12752800,0.0,0.0
2024-06-24 00:00:00-04:00,10.869999885559082,11.539999961853027,10.869999885559082,11.420000076293945,3674300,0.0,0.0
2024-06-25 00:00:00-04:00,11.329999923706055,11.34000015258789,11.100000381469727,11.15999984741211,2113900,0.0,0.0
2024-06-26 00:00:00-04:00,11.100000381469727,11.199999809265137,10.640000343322754,10.680000305175781,4254900,0.0,0.0
2024-06-27 00:00:00-04:00,10.770000457763672,10.8100004196167,10.420000076293945,10.5600004196167,2094600,0.0,0.0
2024-06-28 00:00:00-04:00,10.710000038146973,10.75,10.279999732971191,10.380000114440918,2841200,0.0,0.0
2024-07-01 00:00:00-04:00,10.449999809265137,10.529999732971191,10.15999984741211,10.229999542236328,2223100,0.0,0.0
2024-07-02 00:00:00-04:00,10.34000015258789,10.59000015258789,10.229999542236328,10.5600004196167,1955700,0.0,0.0
2024-07-03 00:00:00-04:00,10.609999656677246,10.920000076293945,10.550000190734863,10.920000076293945,1509000,0.0,0.0
2024-07-05 00:00:00-04:00,10.850000381469727,10.970000267028809,10.430000305175781,10.479999542236328,1843100,0.0,0.0
2024-07-08 00:00:00-04:00,10.529999732971191,10.670000076293945,10.399999618530273,10.550000190734863,1927900,0.0,0.0
2024-07-09 00:00:00-04:00,10.5,10.5600004196167,10.34000015258789,10.399999618530273,1532500,0.0,0.0
2024-07-10 00:00:00-04:00,10.4399995803833,10.470000267028809,10.180000305175781,10.34000015258789,3005700,0.0,0.0
2024-07-11 00:00:00-04:00,10.449999809265137,10.640000343322754,10.239999771118164,10.600000381469727,3219300,0.0,0.0
2024-07-12 00:00:00-04:00,10.710000038146973,10.770000457763672,10.520000457763672,10.720000267028809,2152500,0.0,0.0
2024-07-15 00:00:00-04:00,10.770000457763672,10.800000190734863,10.359999656677246,10.430000305175781,4708800,0.0,0.0
2024-07-16 00:00:00-04:00,10.460000038146973,10.5,10.149999618530273,10.470000267028809,3511100,0.0,0.0
2024-07-17 00:00:00-04:00,10.5,10.6899995803833,10.069999694824219,10.130000114440918,3555000,0.0,0.0
2024-07-18 00:00:00-04:00,10.199999809265137,10.300000190734863,10.079999923706055,10.210000038146973,3699200,0.0,0.0
2024-07-19 00:00:00-04:00,10.119999885559082,10.25,10.069999694824219,10.229999542236328,2176300,0.0,0.0
2024-07-22 00:00:00-04:00,10.319999694824219,10.699999809265137,10.289999961853027,10.65999984741211,3000800,0.0,0.0
2024-07-23 00:00:00-04:00,10.550000190734863,10.649999618530273,10.3100004196167,10.609999656677246,2227200,0.0,0.0
2024-07-24 00:00:00-04:00,10.65999984741211,10.819999694824219,10.0600004196167,10.069999694824219,2961000,0.0,0.0
2024-07-25 00:00:00-04:00,10.0,10.359999656677246,9.949999809265137,10.050000190734863,2663400,0.0,0.0
2024-07-26 00:00:00-04:00,10.130000114440918,10.460000038146973,10.020000457763672,10.399999618530273,3486800,0.0,0.0
2024-07-29 00:00:00-04:00,10.399999618530273,10.470000267028809,9.930000305175781,10.109999656677246,3981300,0.0,0.0
2024-07-30 00:00:00-04:00,10.050000190734863,10.270000457763672,10.0,10.210000038146973,2560800,0.0,0.0
2024-07-31 00:00:00-04:00,9.819999694824219,10.029999732971191,9.420000076293945,9.470000267028809,6756900,0.0,0.0
2024-08-01 00:00:00-04:00,9.489999771118164,9.539999961853027,8.989999771118164,9.069999694824219,4842400,0.0,0.0
2024-08-02 00:00:00-04:00,8.869999885559082,8.90999984741211,8.319999694824219,8.319999694824219,4100100,0.0,0.0
2024-08-05 00:00:00-04:00,8.010000228881836,8.319999694824219,7.739999771118164,8.140000343322754,5003500,0.0,0.0
2024-08-06 00:00:00-04:00,8.170000076293945,8.619999885559082,8.149999618530273,8.4399995803833,4922900,0.0,0.0
2024-08-07 00:00:00-04:00,8.649999618530273,8.899999618530273,8.640000343322754,8.770000457763672,4780900,0.0,0.0
2024-08-08 00:00:00-04:00,8.960000038146973,9.649999618530273,8.899999618530273,9.640000343322754,5039500,0.0,0.0
2024-08-09 00:00:00-04:00,9.640000343322754,9.9399995803833,9.5600004196167,9.75,4573100,0.0,0.0
2024-08-12 00:00:00-04:00,9.819999694824219,10.210000038146973,9.779999732971191,10.119999885559082,4697100,0.0,0.0
2024-08-13 00:00:00-04:00,10.180000305175781,10.25,10.010000228881836,10.220000267028809,4598100,0.0,0.0
2024-08-14 00:00:00-04:00,10.350000381469727,10.710000038146973,10.220000267028809,10.510000228881836,4282600,0.0,0.0
2024-08-15 00:00:00-04:00,10.239999771118164,10.699999809265137,10.199999809265137,10.529999732971191,5886100,0.0,0.0
2024-08-16 00:00:00-04:00,10.470000267028809,10.739999771118164,10.470000267028809,10.649999618530273,3173900,0.0,0.0
2024-08-19 00:00:00-04:00,10.699999809265137,11.100000381469727,10.680000305175781,10.979999542236328,3518200,0.0,0.0
2024-08-20 00:00:00-04:00,10.869999885559082,11.170000076293945,10.680000305175781,11.029999732971191,4194600,0.0,0.0
2024-08-21 00:00:00-04:00,11.15999984741211,11.3100004196167,10.930000305175781,10.979999542236328,3539700,0.0,0.0
2024-08-22 00:00:00-04:00,11.010000228881836,11.050000190734863,10.680000305175781,10.710000038146973,3450500,0.0,0.0
2024-08-23 00:00:00-04:00,10.890000343322754,11.4399995803833,10.890000343322754,11.430000305175781,4044300,0.0,0.0
2024-08-26 00:00:00-04:00,11.550000190734863,11.649999618530273,11.430000305175781,11.5,2690300,0.0,0.0
2024-08-27 00:00:00-04:00,11.479999542236328,11.510000228881836,11.029999732971191,11.029999732971191,2214700,0.0,0.0
2024-08-28 00:00:00-04:00,11.029999732971191,11.170000076293945,9.970000267028809,10.199999809265137,4888700,0.0,0.0
2024-08-29 00:00:00-04:00,10.239999771118164,10.75,10.069999694824219,10.75,4099900,0.0,0.0
2024-08-30 00:00:00-04:00,10.640000343322754,10.770000457763672,10.460000038146973,10.630000114440918,1872900,0.0,0.0
2024-09-03 00:00:00-04:00,10.350000381469727,10.4399995803833,9.989999771118164,10.239999771118164,2374000,0.0,0.0
2024-09-04 00:00:00-04:00,10.25,10.489999771118164,9.630000114440918,9.640000343322754,2676000,0.0,0.0
2024-09-05 00:00:00-04:00,9.800000190734863,9.920000076293945,9.5600004196167,9.710000038146973,2499200,0.0,0.0
2024-09-06 00:00:00-04:00,9.6899995803833,9.859999656677246,9.489999771118164,9.520000457763672,2453800,0.0,0.0
2024-09-09 00:00:00-04:00,9.4399995803833,9.600000381469727,9.220000267028809,9.270000457763672,2820500,0.0,0.0
2024-09-10 00:00:00-04:00,9.300000190734863,9.699999809265137,9.09000015258789,9.670000076293945,2996400,0.0,0.0
2024-09-11 00:00:00-04:00,9.680000305175781,10.020000457763672,9.460000038146973,9.960000038146973,2405900,0.0,0.0
2024-09-12 00:00:00-04:00,9.949999809265137,10.020000457763672,9.619999885559082,9.75,2186700,0.0,0.0
2024-09-13 00:00:00-04:00,9.90999984741211,10.079999923706055,9.880000114440918,10.020000457763672,1610400,0.0,0.0
2024-09-16 00:00:00-04:00,9.979999542236328,10.100000381469727,9.729999542236328,9.949999809265137,1931200,0.0,0.0
2024-09-17 00:00:00-04:00,10.039999961853027,10.119999885559082,9.850000381469727,9.920000076293945,1664600,0.0,0.0
2024-09-18 00:00:00-04:00,9.970000267028809,10.270000457763672,9.84000015258789,9.949999809265137,2238500,0.0,0.0
2024-09-19 00:00:00-04:00,10.199999809265137,10.34000015258789,10.050000190734863,10.130000114440918,1869700,0.0,0.0
2024-09-20 00:00:00-04:00,10.050000190734863,10.880000114440918,9.970000267028809,10.819999694824219,5456300,0.0,0.0
2024-09-23 00:00:00-04:00,10.890000343322754,11.479999542236328,10.800000190734863,11.279999732971191,2968800,0.0,0.0
2024-09-24 00:00:00-04:00,11.380000114440918,11.619999885559082,11.100000381469727,11.109999656677246,2252100,0.0,0.0
2024-09-25 00:00:00-04:00,11.0600004196167,11.130000114440918,10.800000190734863,10.90999984741211,2022800,0.0,0.0
2024-09-26 00:00:00-04:00,10.819999694824219,11.029999732971191,10.720000267028809,10.930000305175781,3438900,0.0,0.0
2024-09-27 00:00:00-04:00,11.180000305175781,11.4399995803833,10.970000267028809,11.100000381469727,2376400,0.0,0.0
2024-09-30 00:00:00-04:00,11.079999923706055,11.3100004196167,11.079999923706055,11.130000114440918,1862100,0.0,0.0
2024-10-01 00:00:00-04:00,10.880000114440918,11.279999732971191,10.84000015258789,11.15999984741211,2120500,0.0,0.0
2024-10-02 00:00:00-04:00,11.359999656677246,11.420000076293945,11.09000015258789,11.329999923706055,1735600,0.0,0.0
2024-10-03 00:00:00-04:00,11.34000015258789,11.949999809265137,11.239999771118164,11.949999809265137,2345900,0.0,0.0
2024-10-04 00:00:00-04:00,12.0600004196167,12.239999771118164,11.930000305175781,12.050000190734863,1875700,0.0,0.0
2024-10-07 00:00:00-04:00,12.109999656677246,12.220000267028809,11.960000038146973,12.09000015258789,1880200,0.0,0.0
2024-10-08 00:00:00-04:00,11.899999618530273,12.170000076293945,11.779999732971191,12.100000381469727,1542000,0.0,0.0
2024-10-09 00:00:00-04:00,11.970000267028809,12.109999656677246,11.859999656677246,11.899999618530273,1640100,0.0,0.0
2024-10-10 00:00:00-04:00,11.890000343322754,11.890000343322754,11.630000114440918,11.729999542236328,2125400,0.0,0.0
2024-10-11 00:00:00-04:00,11.630000114440918,12.3100004196167,11.579999923706055,12.0600004196167,2714300,0.0,0.0
2024-10-14 00:00:00-04:00,11.829999923706055,11.949999809265137,11.739999771118164,11.84000015258789,1803300,0.0,0.0
2024-10-15 00:00:00-04:00,11.399999618530273,11.600000381469727,11.3100004196167,11.369999885559082,2606100,0.0,0.0
2024-10-16 00:00:00-04:00,11.479999542236328,11.670000076293945,11.380000114440918,11.579999923706055,1288200,0.0,0.0
2024-10-17 00:00:00-04:00,11.699999809265137,11.720000267028809,11.520000457763672,11.609999656677246,1169200,0.0,0.0
2024-10-18 00:00:00-04:00,11.539999961853027,11.609999656677246,11.319999694824219,11.449999809265137,1158900,0.0,0.0
2024-10-21 00:00:00-04:00,11.569999694824219,11.579999923706055,11.300000190734863,11.329999923706055,1168700,0.0,0.0
2024-10-22 00:00:00-04:00,11.350000381469727,11.5,11.25,11.329999923706055,1745000,0.0,0.0
2024-10-23 00:00:00-04:00,11.34000015258789,11.59000015258789,11.210000038146973,11.579999923706055,1097100,0.0,0.0
2024-10-24 00:00:00-04:00,11.670000076293945,12.100000381469727,11.470000267028809,12.010000228881836,1501000,0.0,0.0
2024-10-25 00:00:00-04:00,12.050000190734863,12.119999885559082,11.779999732971191,12.0,1613600,0.0,0.0
2024-10-28 00:00:00-04:00,11.640000343322754,12.100000381469727,11.5600004196167,11.9399995803833,2309000,0.0,0.0
2024-10-29 00:00:00-04:00,11.979999542236328,12.029999732971191,11.739999771118164,11.949999809265137,1724300,0.0,0.0
2024-10-30 00:00:00-04:00,12.050000190734863,12.479999542236328,11.930000305175781,12.430000305175781,1815400,0.0,0.0
2024-10-31 00:00:00-04:00,12.329999923706055,12.520000457763672,11.5600004196167,11.5600004196167,6552100,0.0,0.0
2024-11-01 00:00:00-04:00,11.699999809265137,11.920000076293945,11.050000190734863,11.149999618530273,2427600,0.0,0.0
2024-11-04 00:00:00-05:00,11.140000343322754,11.720000267028809,11.140000343322754,11.59000015258789,2278100,0.0,0.0
2024-11-05 00:00:00-05:00,11.600000381469727,11.899999618530273,11.420000076293945,11.65999984741211,2147600,0.0,0.0
2024-11-06 00:00:00-05:00,12.180000305175781,12.949999809265137,12.0600004196167,12.890000343322754,3184800,0.0,0.0
2024-11-07 00:00:00-05:00,12.84000015258789,13.119999885559082,12.729999542236328,13.079999923706055,1872100,0.0,0.0
2024-11-08 00:00:00-05:00,13.029999732971191,13.40999984741211,12.960000038146973,13.199999809265137,2019200,0.0,0.0
2024-11-11 00:00:00-05:00,13.510000228881836,14.279999732971191,13.399999618530273,14.239999771118164,2809700,0.0,0.0
2024-11-12 00:00:00-05:00,14.100000381469727,14.170000076293945,13.800000190734863,14.029999732971191,2010400,0.0,0.0
2024-11-13 00:00:00-05:00,14.09000015258789,14.100000381469727,13.579999923706055,13.779999732971191,2179300,0.0,0.0
2024-11-14 00:00:00-05:00,13.789999961853027,13.850000381469727,13.3100004196167,13.390000343322754,1930200,0.0,0.0
2024-11-15 00:00:00-05:00,13.399999618530273,13.5600004196167,13.199999809265137,13.369999885559082,1269500,0.0,0.0
2024-11-18 00:00:00-05:00,13.430000305175781,14.140000343322754,13.369999885559082,13.890000343322754,1868500,0.0,0.0
2024-11-19 00:00:00-05:00,13.619999885559082,14.149999618530273,13.550000190734863,14.039999961853027,1690500,0.0,0.0
2024-11-20 00:00:00-05:00,14.180000305175781,15.069999694824219,14.180000305175781,15.0,2522700,0.0,0.0
2024-11-21 00:00:00-05:00,15.380000114440918,15.84000015258789,15.09000015258789,15.229999542236328,3888900,0.0,0.0
2024-11-22 00:00:00-05:00,14.979999542236328,15.359999656677246,14.890000343322754,15.15999984741211,1680900,0.0,0.0
2024-11-25 00:00:00-05:00,15.65999984741211,15.819999694824219,15.4399995803833,15.510000228881836,2898400,0.0,0.0
2024-11-26 00:00:00-05:00,15.4399995803833,15.649999618530273,15.289999961853027,15.569999694824219,1213500,0.0,0.0
2024-11-27 00:00:00-05:00,15.25,15.539999961853027,15.239999771118164,15.420000076293945,1291700,0.0,0.0
2024-11-29 00:00:00-05:00,15.550000190734863,15.640000343322754,15.40999984741211,15.569999694824219,766300,0.0,0.0
2024-12-02 00:00:00-05:00,15.300000190734863,15.449999809265137,14.569999694824219,15.119999885559082,2046000,0.0,0.0
2024-12-03 00:00:00-05:00,15.119999885559082,15.359999656677246,15.0,15.170000076293945,1328600,0.0,0.0
2024-12-04 00:00:00-05:00,15.25,15.369999885559082,14.760000228881836,14.899999618530273,1408500,0.0,0.0
2024-12-05 00:00:00-05:00,15.050000190734863,15.109999656677246,14.699999809265137,14.729999542236328,1339500,0.0,0.0
2024-12-06 00:00:00-05:00,14.800000190734863,14.800000190734863,14.09000015258789,14.520000457763672,1821900,0.0,0.0
2024-12-09 00:00:00-05:00,14.699999809265137,15.09000015258789,14.630000114440918,14.739999771118164,1410300,0.0,0.0
2024-12-10 00:00:00-05:00,14.9399995803833,15.569999694824219,14.850000381469727,15.220000267028809,2244200,0.0,0.0
2024-12-11 00:00:00-05:00,15.420000076293945,16.959999084472656,15.319999694824219,16.889999389648438,3933600,0.0,0.0
2024-12-12 00:00:00-05:00,16.770000457763672,17.59000015258789,16.75,17.59000015258789,3208800,0.0,0.0
2024-12-13 00:00:00-05:00,17.649999618530273,17.790000915527344,16.719999313354492,16.799999237060547,1720500,0.0,0.0
2024-12-16 00:00:00-05:00,16.860000610351562,16.920000076293945,16.05500030517578,16.1200008392334,2308395,0.0,0.0
