Date,Open,High,Low,Close,Volume,Dividends,Stock Splits
2022-01-03 00:00:00-05:00,12.071352005004883,12.071352005004883,12.071352005004883,12.071352005004883,0,0.0,0.0
2022-01-04 00:00:00-05:00,12.166197776794434,12.166197776794434,12.166197776794434,12.166197776794434,400,0.0,0.0
2022-01-05 00:00:00-05:00,12.166197776794434,12.166197776794434,12.166197776794434,12.166197776794434,0,0.0,0.0
2022-01-06 00:00:00-05:00,11.528141808204088,11.640233039855957,11.209113297639071,11.640233039855957,2200,0.0,0.0
2022-01-07 00:00:00-05:00,12.278288329732314,12.278288329732314,12.252421379089355,12.252421379089355,400,0.0,0.0
2022-01-10 00:00:00-05:00,12.2351766183184,12.243799209594727,12.2351766183184,12.243799209594727,400,0.0,0.0
2022-01-11 00:00:00-05:00,11.94201465177614,12.062727627687547,11.122886657714844,11.122886657714844,1700,0.0,0.0
2022-01-12 00:00:00-05:00,11.640229895380218,11.924768782594766,11.536761283874512,11.536761283874512,1600,0.0,0.0
2022-01-13 00:00:00-05:00,11.42467212677002,11.42467212677002,11.42467212677002,11.42467212677002,500,0.0,0.0
2022-01-14 00:00:00-05:00,11.140133419739938,11.140133419739938,10.579678123265637,10.96768569946289,21500,0.0,0.0
2022-01-18 00:00:00-05:00,10.717634201049805,10.717634201049805,10.717634201049805,10.717634201049805,400,0.0,0.0
2022-01-19 00:00:00-05:00,10.777992572424546,11.42467212677002,10.777992572424546,11.42467212677002,11200,0.0,0.0
2022-01-20 00:00:00-05:00,10.993552002076958,10.993552002076958,10.648656581910409,10.743502616882324,7500,0.0,0.0
2022-01-21 00:00:00-05:00,10.778271675109863,10.778271675109863,10.778271675109863,10.778271675109863,1200,0.1,0.0
2022-01-24 00:00:00-05:00,10.778271675109863,10.778271675109863,10.769580150266608,10.778271675109863,6300,0.0,0.0
2022-01-25 00:00:00-05:00,10.778272434533866,10.865194320678711,10.778272434533866,10.865194320678711,1100,0.0,0.0
2022-01-26 00:00:00-05:00,10.865194320678711,10.865194320678711,10.865194320678711,10.865194320678711,0,0.0,0.0
2022-01-27 00:00:00-05:00,10.865194320678711,10.865194320678711,10.865194320678711,10.865194320678711,0,0.0,0.0
2022-01-28 00:00:00-05:00,10.49143137078383,10.865194320678711,10.49143137078383,10.865194320678711,11700,0.0,0.0
2022-01-31 00:00:00-05:00,10.865194320678711,10.865194320678711,10.865194320678711,10.865194320678711,0,0.0,0.0
2022-02-01 00:00:00-05:00,10.986882562953353,11.039035020884029,10.81303882598877,10.81303882598877,2200,0.0,0.0
2022-02-02 00:00:00-05:00,9.95251836368761,10.256744152499977,9.95251836368761,9.995979309082031,24900,0.0,0.0
2022-02-03 00:00:00-05:00,9.995977220996423,10.578351612361653,9.82213430468182,10.08289909362793,7600,0.0,0.0
2022-02-04 00:00:00-05:00,10.039440254476453,10.439279459997678,9.90905741829319,9.995979309082031,13700,0.0,0.0
2022-02-07 00:00:00-05:00,10.256742417792752,10.256742417792752,9.213684049480435,9.561369895935059,16300,0.0,0.0
2022-02-08 00:00:00-05:00,9.99597885491203,9.99597885491203,9.344067190461246,9.89167308807373,40800,0.0,0.0
2022-02-09 00:00:00-05:00,9.71782922318395,9.77867404084123,9.56137017326698,9.75259780883789,2800,0.0,0.0
2022-02-10 00:00:00-05:00,9.5613700739419,9.5613700739419,9.543985366821289,9.543985366821289,1800,0.0,0.0
2022-02-11 00:00:00-05:00,9.570061683654785,9.570061683654785,9.570061683654785,9.570061683654785,1400,0.0,0.0
2022-02-14 00:00:00-05:00,9.64829158782959,9.67436781857876,9.64829158782959,9.64829158782959,9600,0.0,0.0
2022-02-15 00:00:00-05:00,10.300203226834698,10.300203226834698,9.952516555786133,9.952516555786133,2000,0.0,0.0
2022-02-16 00:00:00-05:00,9.952516874262598,10.29151120286923,9.796058654785156,9.796058654785156,13400,0.0,0.0
2022-02-17 00:00:00-05:00,10.2480496568897,10.28281824015262,9.952516284680668,10.08289909362793,5400,0.0,0.0
2022-02-18 00:00:00-05:00,10.074208042156803,10.300204277038574,10.074208042156803,10.300204277038574,3900,0.0,0.0
2022-02-22 00:00:00-05:00,10.300204277038574,10.300204277038574,10.300204277038574,10.300204277038574,0,0.0,0.0
2022-02-23 00:00:00-05:00,10.300204277038574,10.300204277038574,10.300204277038574,10.300204277038574,500,0.0,0.0
2022-02-24 00:00:00-05:00,10.334970951298418,10.439276695251465,10.300202369980736,10.439276695251465,900,0.0,0.0
2022-02-25 00:00:00-05:00,10.41320027951866,10.595735549926758,10.41320027951866,10.595735549926758,700,0.0,0.0
2022-02-28 00:00:00-05:00,10.647889137268066,10.647889137268066,10.647889137268066,10.647889137268066,500,0.0,0.0
2022-03-01 00:00:00-05:00,10.474046801417444,10.647889733314514,10.430585861206055,10.430585861206055,1600,0.0,0.0
2022-03-02 00:00:00-05:00,10.647889424121587,10.769579887390137,10.630504716962452,10.769579887390137,3600,0.0,0.0
2022-03-03 00:00:00-05:00,11.351954591137469,11.351954591137469,10.726119210256389,10.778271675109863,5400,0.0,0.0
2022-03-04 00:00:00-05:00,10.778271675109863,10.778271675109863,10.778271675109863,10.778271675109863,0,0.0,0.0
2022-03-07 00:00:00-05:00,10.743503307857315,10.743503307857315,10.734811782836914,10.734811782836914,600,0.0,0.0
2022-03-08 00:00:00-05:00,10.865192787320007,11.082496643066406,10.813039497203563,11.082496643066406,3700,0.0,0.0
2022-03-09 00:00:00-05:00,10.865192961358883,11.065112113952637,10.865192961358883,11.065112113952637,800,0.0,0.0
2022-03-10 00:00:00-05:00,10.865194320678711,10.865194320678711,10.865194320678711,10.865194320678711,1600,0.0,0.0
2022-03-11 00:00:00-05:00,11.082496643066406,11.082496643066406,11.082496643066406,11.082496643066406,1000,0.0,0.0
2022-03-14 00:00:00-04:00,11.29980182647705,11.29980182647705,11.29980182647705,11.29980182647705,2200,0.0,0.0
2022-03-15 00:00:00-04:00,10.865194320678711,10.891270554942748,10.865194320678711,10.865194320678711,8200,0.0,0.0
2022-03-16 00:00:00-04:00,11.265032701089448,11.299801287276976,10.847808837890625,10.847808837890625,6600,0.0,0.0
2022-03-17 00:00:00-04:00,10.734812158378308,11.299801922946207,10.647890273545464,11.256340980529785,6700,0.0,0.0
2022-03-18 00:00:00-04:00,10.656582832336426,11.299802139808651,10.430586590592602,10.656582832336426,10900,0.0,0.0
2022-03-21 00:00:00-04:00,10.691351377337561,10.899962909346941,10.691351377337561,10.865194320678711,1200,0.0,0.0
2022-03-22 00:00:00-04:00,11.29980182647705,11.29980182647705,11.29980182647705,11.29980182647705,100,0.0,0.0
2022-03-23 00:00:00-04:00,11.560565370398896,11.560565370398896,11.082496718704318,11.247647285461426,3800,0.0,0.0
2022-03-24 00:00:00-04:00,11.24764797623818,11.24764797623818,11.204187865281913,11.238956451416016,600,0.0,0.0
2022-03-25 00:00:00-04:00,11.351954460144043,11.351954460144043,11.351954460144043,11.351954460144043,300,0.0,0.0
2022-03-28 00:00:00-04:00,11.351954460144043,11.351954460144043,11.351954460144043,11.351954460144043,0,0.0,0.0
2022-03-29 00:00:00-04:00,11.69963893351153,11.69963893351153,11.456258861597833,11.482335090637207,700,0.0,0.0
2022-03-30 00:00:00-04:00,11.039037028696573,11.160727500915527,11.039037028696573,11.160727500915527,3000,0.0,0.0
2022-03-31 00:00:00-04:00,11.160727500915527,11.160727500915527,11.160727500915527,11.160727500915527,0,0.0,0.0
2022-04-01 00:00:00-04:00,10.899962425231934,10.899962425231934,10.899962425231934,10.899962425231934,500,0.0,0.0
2022-04-04 00:00:00-04:00,11.117266795760516,11.117266795760516,10.865194320678711,10.865194320678711,2000,0.0,0.0
2022-04-05 00:00:00-04:00,10.865194320678711,10.865194320678711,10.865194320678711,10.865194320678711,100,0.0,0.0
2022-04-06 00:00:00-04:00,10.891270637512207,10.891270637512207,10.891270637512207,10.891270637512207,400,0.0,0.0
2022-04-07 00:00:00-04:00,10.86519412797007,10.952116012573242,10.86519412797007,10.952116012573242,1400,0.0,0.0
2022-04-08 00:00:00-04:00,10.952116012573242,10.952116012573242,10.952116012573242,10.952116012573242,0,0.0,0.0
2022-04-11 00:00:00-04:00,10.952116012573242,10.952116012573242,10.952116012573242,10.952116012573242,0,0.0,0.0
2022-04-12 00:00:00-04:00,10.865194320678711,10.865194320678711,10.865194320678711,10.865194320678711,400,0.0,0.0
2022-04-13 00:00:00-04:00,10.917346954345703,10.917346954345703,10.917346954345703,10.917346954345703,200,0.0,0.0
2022-04-14 00:00:00-04:00,10.917346954345703,10.917346954345703,10.917346954345703,10.917346954345703,0,0.0,0.0
2022-04-18 00:00:00-04:00,10.865194320678711,10.865194320678711,10.865194320678711,10.865194320678711,300,0.0,0.0
2022-04-19 00:00:00-04:00,10.865194320678711,10.865194320678711,10.865194320678711,10.865194320678711,0,0.0,0.0
2022-04-20 00:00:00-04:00,10.873886675082904,10.873886675082904,10.865194320678711,10.865194320678711,1400,0.0,0.0
2022-04-21 00:00:00-04:00,10.865193838107928,10.899962425231934,10.865193838107928,10.899962425231934,3700,0.0,0.0
2022-04-22 00:00:00-04:00,11.022630546475217,11.022630546475217,11.005106925964355,11.005106925964355,1500,0.1,0.0
2022-04-25 00:00:00-04:00,11.03139498004195,11.03139498004195,10.952536582946777,10.952536582946777,2800,0.0,0.0
2022-04-26 00:00:00-04:00,10.952536582946777,10.952536582946777,10.952536582946777,10.952536582946777,3800,0.0,0.0
2022-04-27 00:00:00-04:00,10.619576321841253,10.733482769876648,10.610814094543457,10.610814094543457,1200,0.0,0.0
2022-04-28 00:00:00-04:00,10.093855854251647,10.7422456741333,10.093855854251647,10.7422456741333,1400,0.0,0.0
2022-04-29 00:00:00-04:00,10.523194486604272,11.565875317969821,10.523194486604272,11.42568302154541,1900,0.0,0.0
2022-05-02 00:00:00-04:00,11.42568302154541,11.42568302154541,11.42568302154541,11.42568302154541,0,0.0,0.0
2022-05-03 00:00:00-04:00,10.549481391906738,10.549481391906738,10.549481391906738,10.549481391906738,100,0.0,0.0
2022-05-04 00:00:00-04:00,10.549481391906738,10.549481391906738,10.549481391906738,10.549481391906738,0,0.0,0.0
2022-05-05 00:00:00-04:00,10.952536582946777,10.952536582946777,10.952536582946777,10.952536582946777,300,0.0,0.0
2022-05-06 00:00:00-04:00,10.5144326386561,11.38187313079834,10.5144326386561,11.38187313079834,400,0.0,0.0
2022-05-09 00:00:00-04:00,10.540718755400878,10.540718755400878,10.514432907104492,10.514432907104492,1100,0.0,0.0
2022-05-10 00:00:00-04:00,10.952534957495804,10.952534957495804,10.514433559195972,10.812342643737793,600,0.0,0.0
2022-05-11 00:00:00-04:00,10.812342643737793,10.812342643737793,10.812342643737793,10.812342643737793,0,0.0,0.0
2022-05-12 00:00:00-04:00,10.812342643737793,10.812342643737793,10.812342643737793,10.812342643737793,0,0.0,0.0
2022-05-13 00:00:00-04:00,10.812342643737793,10.812342643737793,10.812342643737793,10.812342643737793,0,0.0,0.0
2022-05-16 00:00:00-04:00,10.812342643737793,10.812342643737793,10.812342643737793,10.812342643737793,0,0.0,0.0
2022-05-17 00:00:00-04:00,10.514432907104492,10.523195135073971,10.514432907104492,10.514432907104492,3400,0.0,0.0
2022-05-18 00:00:00-04:00,10.707197328888153,10.707197328888153,10.40052604675293,10.40052604675293,1800,0.0,0.0
2022-05-19 00:00:00-04:00,10.40052604675293,10.40052604675293,10.40052604675293,10.40052604675293,0,0.0,0.0
2022-05-20 00:00:00-04:00,10.006234448349508,10.295381259424822,10.006234448349508,10.032520294189453,600,0.0,0.0
2022-05-23 00:00:00-04:00,10.032520294189453,10.032520294189453,10.032520294189453,10.032520294189453,0,0.0,0.0
2022-05-24 00:00:00-04:00,10.032520294189453,10.032520294189453,10.032520294189453,10.032520294189453,0,0.0,0.0
2022-05-25 00:00:00-04:00,10.032520294189453,10.032520294189453,10.032520294189453,10.032520294189453,0,0.0,0.0
2022-05-26 00:00:00-04:00,10.032520294189453,10.032520294189453,10.032520294189453,10.032520294189453,0,0.0,0.0
2022-05-27 00:00:00-04:00,10.032520294189453,10.032520294189453,10.032520294189453,10.032520294189453,0,0.0,0.0
2022-05-31 00:00:00-04:00,10.128903387228872,10.33919183068669,9.375368544753696,9.734611511230469,2000,0.0,0.0
2022-06-01 00:00:00-04:00,9.322797775268555,9.322797775268555,9.322797775268555,9.322797775268555,200,0.0,0.0
2022-06-02 00:00:00-04:00,9.322797775268555,9.322797775268555,9.322797775268555,9.322797775268555,0,0.0,0.0
2022-06-03 00:00:00-04:00,9.322797775268555,9.322797775268555,9.322797775268555,9.322797775268555,0,0.0,0.0
2022-06-06 00:00:00-04:00,10.199000358581543,10.199000358581543,10.199000358581543,10.199000358581543,100,0.0,0.0
2022-06-07 00:00:00-04:00,10.199000358581543,10.199000358581543,10.199000358581543,10.199000358581543,300,0.0,0.0
2022-06-08 00:00:00-04:00,10.199000358581543,10.199000358581543,10.199000358581543,10.199000358581543,0,0.0,0.0
2022-06-09 00:00:00-04:00,10.058806419372559,10.058806419372559,10.058806419372559,10.058806419372559,200,0.0,0.0
2022-06-10 00:00:00-04:00,10.058806419372559,10.058806419372559,10.058806419372559,10.058806419372559,0,0.0,0.0
2022-06-13 00:00:00-04:00,10.058806419372559,10.058806419372559,10.058806419372559,10.058806419372559,0,0.0,0.0
2022-06-14 00:00:00-04:00,10.058806419372559,10.058806419372559,10.058806419372559,10.058806419372559,0,0.0,0.0
2022-06-15 00:00:00-04:00,10.058806419372559,10.058806419372559,10.058806419372559,10.058806419372559,0,0.0,0.0
2022-06-16 00:00:00-04:00,10.058806419372559,10.058806419372559,10.058806419372559,10.058806419372559,0,0.0,0.0
2022-06-17 00:00:00-04:00,10.067569732666016,10.067569732666016,10.067569732666016,10.067569732666016,400,0.0,0.0
2022-06-21 00:00:00-04:00,10.067569732666016,10.067569732666016,10.067569732666016,10.067569732666016,0,0.0,0.0
2022-06-22 00:00:00-04:00,10.067569732666016,10.067569732666016,10.067569732666016,10.067569732666016,0,0.0,0.0
2022-06-23 00:00:00-04:00,9.66451644897461,9.66451644897461,9.66451644897461,9.66451644897461,200,0.0,0.0
2022-06-24 00:00:00-04:00,9.979948997497559,9.979948997497559,9.979948997497559,9.979948997497559,100,0.0,0.0
2022-06-27 00:00:00-04:00,9.901091575622559,9.901091575622559,9.901091575622559,9.901091575622559,100,0.0,0.0
2022-06-28 00:00:00-04:00,9.331558904421339,9.340321132422378,9.305273056030273,9.305273056030273,400,0.0,0.0
2022-06-29 00:00:00-04:00,9.305273056030273,9.305273056030273,9.305273056030273,9.305273056030273,0,0.0,0.0
2022-06-30 00:00:00-04:00,9.629466847397783,9.629466847397783,9.296509742736816,9.296509742736816,800,0.0,0.0
2022-07-01 00:00:00-04:00,9.156318387370927,9.156318387370927,9.121270311495913,9.130032539367676,1000,0.0,0.0
2022-07-05 00:00:00-04:00,8.981078685259057,9.02488899230957,8.981078685259057,9.02488899230957,2800,0.0,0.0
2022-07-06 00:00:00-04:00,9.016126763777047,9.02488899230957,9.016126763777047,9.02488899230957,1600,0.0,0.0
2022-07-07 00:00:00-04:00,9.02488899230957,9.02488899230957,9.02488899230957,9.02488899230957,200,0.0,0.0
2022-07-08 00:00:00-04:00,9.02488899230957,9.02488899230957,9.02488899230957,9.02488899230957,0,0.0,0.0
2022-07-11 00:00:00-04:00,9.02488899230957,9.02488899230957,9.02488899230957,9.02488899230957,0,0.0,0.0
2022-07-12 00:00:00-04:00,9.156317710876465,9.200128011386415,9.147555483652079,9.156317710876465,1900,0.0,0.0
2022-07-13 00:00:00-04:00,9.191366606413794,9.191366606413794,8.981078147888184,8.981078147888184,900,0.0,0.0
2022-07-14 00:00:00-04:00,8.981078147888184,8.981078147888184,8.981078147888184,8.981078147888184,0,0.0,0.0
2022-07-15 00:00:00-04:00,8.981078147888184,8.981078147888184,8.981078147888184,8.981078147888184,0,0.0,0.0
2022-07-18 00:00:00-04:00,8.981078147888184,8.981078147888184,8.981078147888184,8.981078147888184,0,0.0,0.0
2022-07-19 00:00:00-04:00,8.981078147888184,8.981078147888184,8.981078147888184,8.981078147888184,0,0.0,0.0
2022-07-20 00:00:00-04:00,9.200129508972168,9.200129508972168,9.200129508972168,9.200129508972168,700,0.0,0.0
2022-07-21 00:00:00-04:00,9.200129508972168,9.200129508972168,9.200129508972168,9.200129508972168,700,0.0,0.0
2022-07-22 00:00:00-04:00,9.288592338562012,9.288592338562012,9.288592338562012,9.288592338562012,0,0.1,0.0
2022-07-25 00:00:00-04:00,8.890509605407715,8.890509605407715,8.890509605407715,8.890509605407715,400,0.0,0.0
2022-07-26 00:00:00-04:00,8.890509605407715,8.890509605407715,8.890509605407715,8.890509605407715,0,0.0,0.0
2022-07-27 00:00:00-04:00,8.978972434997559,8.978972434997559,8.978972434997559,8.978972434997559,200,0.0,0.0
2022-07-28 00:00:00-04:00,8.978972434997559,8.978972434997559,8.978972434997559,8.978972434997559,0,0.0,0.0
2022-07-29 00:00:00-04:00,8.978972434997559,8.978972434997559,8.978972434997559,8.978972434997559,0,0.0,0.0
2022-08-01 00:00:00-04:00,8.978972434997559,8.978972434997559,8.978972434997559,8.978972434997559,0,0.0,0.0
2022-08-02 00:00:00-04:00,9.253207442602324,10.190913344723565,8.978972434997559,8.978972434997559,3600,0.0,0.0
2022-08-03 00:00:00-04:00,9.403593010386368,9.969755069682947,9.102819442749023,9.102819442749023,4200,0.0,0.0
2022-08-04 00:00:00-04:00,9.500901947122438,9.63359661741103,9.200128373511095,9.624750137329102,4000,0.0,0.0
2022-08-05 00:00:00-04:00,9.624750137329102,9.624750137329102,9.624750137329102,9.624750137329102,0,0.0,0.0
2022-08-08 00:00:00-04:00,9.33282296603218,9.509748347962596,9.226667736873932,9.43897819519043,3600,0.0,0.0
2022-08-09 00:00:00-04:00,9.607057571411133,9.607057571411133,9.607057571411133,9.607057571411133,300,0.0,0.0
2022-08-10 00:00:00-04:00,9.067435119824546,9.350515751159401,9.067435119824546,9.111666679382324,700,0.0,0.0
2022-08-11 00:00:00-04:00,9.111666679382324,9.111666679382324,9.111666679382324,9.111666679382324,200,0.0,0.0
2022-08-12 00:00:00-04:00,9.111666679382324,9.111666679382324,9.111666679382324,9.111666679382324,0,0.0,0.0
2022-08-15 00:00:00-04:00,9.093972906821497,9.102819386673218,9.032049235152954,9.067434310913086,2200,0.0,0.0
2022-08-16 00:00:00-04:00,9.067434310913086,9.067434310913086,9.067434310913086,9.067434310913086,0,0.0,0.0
2022-08-17 00:00:00-04:00,9.067434310913086,9.067434310913086,9.067434310913086,9.067434310913086,0,0.0,0.0
2022-08-18 00:00:00-04:00,9.200128555297852,9.430131980091994,9.200128555297852,9.200128555297852,900,0.0,0.0
2022-08-19 00:00:00-04:00,9.200128555297852,9.200128555297852,9.200128555297852,9.200128555297852,0,0.0,0.0
2022-08-22 00:00:00-04:00,9.64244270324707,9.64244270324707,9.64244270324707,9.64244270324707,100,0.0,0.0
2022-08-23 00:00:00-04:00,9.315130233764648,9.315130233764648,9.315130233764648,9.315130233764648,200,0.0,0.0
2022-08-24 00:00:00-04:00,9.315130233764648,9.315130233764648,9.315130233764648,9.315130233764648,300,0.0,0.0
2022-08-25 00:00:00-04:00,9.315130233764648,9.315130233764648,9.315130233764648,9.315130233764648,0,0.0,0.0
2022-08-26 00:00:00-04:00,8.934741309977653,8.978972026013253,8.846278190612793,8.846278190612793,4200,0.0,0.0
2022-08-29 00:00:00-04:00,8.846278190612793,8.846278190612793,8.846278190612793,8.846278190612793,0,0.0,0.0
2022-08-30 00:00:00-04:00,8.846278190612793,8.846278190612793,8.846278190612793,8.846278190612793,0,0.0,0.0
2022-08-31 00:00:00-04:00,8.74012295356306,9.01435710502983,8.713584355212333,8.846278190612793,4100,0.0,0.0
2022-09-01 00:00:00-04:00,9.02320296772826,9.474363327026367,9.02320296772826,9.474363327026367,1100,0.0,0.0
2022-09-02 00:00:00-04:00,9.633596484953424,9.730905233576353,9.138204574584961,9.138204574584961,15700,0.0,0.0
2022-09-06 00:00:00-04:00,9.02320384979248,9.02320384979248,9.02320384979248,9.02320384979248,100,0.0,0.0
2022-09-07 00:00:00-04:00,9.023204355253396,9.023204355253396,8.70473861694336,8.70473861694336,600,0.0,0.0
2022-09-08 00:00:00-04:00,8.70473861694336,8.70473861694336,8.70473861694336,8.70473861694336,0,0.0,0.0
2022-09-09 00:00:00-04:00,8.70473861694336,8.70473861694336,8.70473861694336,8.70473861694336,400,0.0,0.0
2022-09-12 00:00:00-04:00,8.872815972408983,9.067434310913086,8.855123856352293,9.067434310913086,2700,0.0,0.0
2022-09-13 00:00:00-04:00,9.067434310913086,9.067434310913086,8.802045820888718,9.067434310913086,5100,0.0,0.0
2022-09-14 00:00:00-04:00,9.067434310913086,9.067434310913086,9.067434310913086,9.067434310913086,2600,0.0,0.0
2022-09-15 00:00:00-04:00,9.067434310913086,9.067434310913086,9.067434310913086,9.067434310913086,400,0.0,0.0
2022-09-16 00:00:00-04:00,9.07628167819155,9.44782543182373,9.07628167819155,9.44782543182373,900,0.0,0.0
2022-09-19 00:00:00-04:00,9.032049235152954,9.067434310913086,9.023202755301233,9.067434310913086,2200,0.0,0.0
2022-09-20 00:00:00-04:00,9.067434310913086,9.067434310913086,9.067434310913086,9.067434310913086,400,0.0,0.0
2022-09-21 00:00:00-04:00,8.846278190612793,8.846278190612793,8.846278190612793,8.846278190612793,100,0.0,0.0
2022-09-22 00:00:00-04:00,8.625120935681522,8.625120935681522,8.368578910827637,8.368578910827637,800,0.0,0.0
2022-09-23 00:00:00-04:00,8.660506248474121,8.660506248474121,8.660506248474121,8.660506248474121,700,0.0,0.0
2022-09-26 00:00:00-04:00,8.660506248474121,8.660506248474121,8.660506248474121,8.660506248474121,300,0.0,0.0
2022-09-27 00:00:00-04:00,8.598582518654252,8.625121116638184,8.589736038110669,8.625121116638184,7000,0.0,0.0
2022-09-28 00:00:00-04:00,8.625121116638184,8.625121116638184,8.625121116638184,8.625121116638184,0,0.0,0.0
2022-09-29 00:00:00-04:00,8.625121116638184,8.625121116638184,8.625121116638184,8.625121116638184,0,0.0,0.0
2022-09-30 00:00:00-04:00,8.925894729446346,8.934741210013222,8.359732627868652,8.359732627868652,1500,0.0,0.0
2022-10-03 00:00:00-04:00,8.359732627868652,8.359732627868652,8.359732627868652,8.359732627868652,0,0.0,0.0
2022-10-04 00:00:00-04:00,8.846278190612793,8.846278190612793,8.846278190612793,8.846278190612793,600,0.0,0.0
2022-10-05 00:00:00-04:00,8.651658956672176,8.881662368774414,8.651658956672176,8.881662368774414,300,0.0,0.0
2022-10-06 00:00:00-04:00,8.881662368774414,8.881662368774414,8.881662368774414,8.881662368774414,0,0.0,0.0
2022-10-07 00:00:00-04:00,8.881662368774414,8.881662368774414,8.881662368774414,8.881662368774414,0,0.0,0.0
2022-10-10 00:00:00-04:00,8.881662368774414,8.881662368774414,8.881662368774414,8.881662368774414,0,0.0,0.0
2022-10-11 00:00:00-04:00,8.846278313137633,8.846278313137633,8.501273155212402,8.501273155212402,1000,0.0,0.0
2022-10-12 00:00:00-04:00,9.049741837816555,9.385900497436523,9.040896201135954,9.385900497436523,600,0.0,0.0
2022-10-13 00:00:00-04:00,9.553979873657227,9.553979873657227,9.553979873657227,9.553979873657227,200,0.0,0.0
2022-10-14 00:00:00-04:00,9.553979873657227,9.553979873657227,9.553979873657227,9.553979873657227,100,0.0,0.0
2022-10-17 00:00:00-04:00,8.580889676165043,9.111666705060543,8.580889676165043,8.846278190612793,2900,0.0,0.0
2022-10-18 00:00:00-04:00,8.846278190612793,8.846278190612793,8.846278190612793,8.846278190612793,0,0.0,0.0
2022-10-19 00:00:00-04:00,8.651659533108669,8.669352493824634,8.368578910827637,8.368578910827637,900,0.0,0.0
2022-10-20 00:00:00-04:00,8.572043573228092,8.572043573228092,8.218192767469802,8.457042694091797,2700,0.0,0.0
2022-10-21 00:00:00-04:00,8.22460651397705,8.22460651397705,8.22460651397705,8.22460651397705,2000,0.1,0.0
2022-10-24 00:00:00-04:00,8.206727981567383,8.206727981567383,8.206727981567383,8.206727981567383,300,0.0,0.0
2022-10-25 00:00:00-04:00,9.136465983581047,9.136465983581047,9.07388687133789,9.07388687133789,1000,0.0,0.0
2022-10-26 00:00:00-04:00,8.305065616137005,8.537500381469727,8.305065616137005,8.537500381469727,2200,0.0,0.0
2022-10-27 00:00:00-04:00,8.090509364634087,8.153087615966797,8.090509364634087,8.153087615966797,400,0.0,0.0
2022-10-28 00:00:00-04:00,8.144149780273438,8.144149780273438,8.144149780273438,8.144149780273438,1100,0.0,0.0
2022-10-31 00:00:00-04:00,7.8670148849487305,7.8670148849487305,7.8670148849487305,7.8670148849487305,200,0.0,0.0
2022-11-01 00:00:00-04:00,8.528559684753418,8.528559684753418,8.528559684753418,8.528559684753418,300,0.0,0.0
2022-11-02 00:00:00-04:00,8.501740755046859,8.501740755046859,8.072630378568347,8.090510368347168,2300,0.0,0.0
2022-11-03 00:00:00-04:00,8.314005545421423,8.403402941139575,8.045811653137207,8.045811653137207,1800,0.0,0.0
2022-11-04 00:00:00-04:00,8.045811653137207,8.045811653137207,8.045811653137207,8.045811653137207,0,0.0,0.0
2022-11-07 00:00:00-05:00,8.045811653137207,8.045811653137207,8.045811653137207,8.045811653137207,0,0.0,0.0
2022-11-08 00:00:00-05:00,8.206728159020713,8.287186411962466,7.777617760852991,8.045811653137207,2800,0.0,0.0
2022-11-09 00:00:00-05:00,8.367643866654372,8.448102120118387,8.278246470355935,8.322945594787598,1000,0.0,0.0
2022-11-10 00:00:00-05:00,8.117329597473145,8.117329597473145,8.117329597473145,8.117329597473145,200,0.0,0.0
2022-11-11 00:00:00-05:00,8.045811653137207,8.045811653137207,8.045811653137207,8.045811653137207,1400,0.0,0.0
2022-11-14 00:00:00-05:00,8.045811653137207,8.045811653137207,8.045811653137207,8.045811653137207,100,0.0,0.0
2022-11-15 00:00:00-05:00,8.144149780273438,8.144149780273438,8.144149780273438,8.144149780273438,200,0.0,0.0
2022-11-16 00:00:00-05:00,8.090511119156849,8.099451114875903,7.741858959197998,7.741858959197998,6700,0.0,0.0
2022-11-17 00:00:00-05:00,7.741858959197998,7.741858959197998,7.741858959197998,7.741858959197998,0,0.0,0.0
2022-11-18 00:00:00-05:00,7.634580683380222,7.679279804229736,7.634580683380222,7.679279804229736,1000,0.0,0.0
2022-11-21 00:00:00-05:00,7.679279804229736,7.679279804229736,7.679279804229736,7.679279804229736,400,0.0,0.0
2022-11-22 00:00:00-05:00,7.6792806632619435,7.6792806632619435,7.652461528778076,7.652461528778076,1100,0.0,0.0
2022-11-23 00:00:00-05:00,7.652461528778076,7.652461528778076,7.652461528778076,7.652461528778076,100,0.0,0.0
2022-11-25 00:00:00-05:00,7.6792806632619435,7.6792806632619435,7.652461528778076,7.652461528778076,700,0.0,0.0
2022-11-28 00:00:00-05:00,7.652461528778076,7.652461528778076,7.652461528778076,7.652461528778076,0,0.0,0.0
2022-11-29 00:00:00-05:00,7.670340538024902,7.670340538024902,7.670340538024902,7.670340538024902,200,0.0,0.0
2022-11-30 00:00:00-05:00,7.661399841308594,7.661399841308594,7.661399841308594,7.661399841308594,300,0.0,0.0
2022-12-01 00:00:00-05:00,8.027932356832615,8.269307136535645,8.027932356832615,8.269307136535645,1300,0.0,0.0
2022-12-02 00:00:00-05:00,8.108388900756836,8.108388900756836,8.108388900756836,8.108388900756836,500,0.0,0.0
2022-12-05 00:00:00-05:00,8.108388900756836,8.108388900756836,8.108388900756836,8.108388900756836,0,0.0,0.0
2022-12-06 00:00:00-05:00,8.108388900756836,8.108388900756836,8.108388900756836,8.108388900756836,0,0.0,0.0
2022-12-07 00:00:00-05:00,8.108388900756836,8.108388900756836,8.108388900756836,8.108388900756836,0,0.0,0.0
2022-12-08 00:00:00-05:00,8.314005308470428,8.609018325805664,8.269306185602845,8.609018325805664,1500,0.0,0.0
2022-12-09 00:00:00-05:00,8.394462585449219,8.394462585449219,8.394462585449219,8.394462585449219,400,0.0,0.0
2022-12-12 00:00:00-05:00,8.269304978447579,8.278244972229004,8.269304978447579,8.278244972229004,2200,0.0,0.0
2022-12-13 00:00:00-05:00,8.269307136535645,8.269307136535645,8.206728868863728,8.269307136535645,8200,0.0,0.0
2022-12-14 00:00:00-05:00,8.35870466956294,8.35870466956294,7.598822116851807,7.598822116851807,600,0.0,0.0
2022-12-15 00:00:00-05:00,8.314004782462783,8.314004782462783,7.160771918778787,7.205471038818359,3700,0.0,0.0
2022-12-16 00:00:00-05:00,7.545182593698592,7.652460826924753,7.509423466811484,7.643520832061768,2200,0.0,0.0
2022-12-19 00:00:00-05:00,7.643520832061768,7.643520832061768,7.643520832061768,7.643520832061768,0,0.0,0.0
2022-12-20 00:00:00-05:00,7.5541227485118725,7.5541227485118725,7.178651481964621,7.375327110290527,6900,0.0,0.0
2022-12-21 00:00:00-05:00,7.151831834200046,7.867015188133009,7.151831834200046,7.4379048347473145,4000,0.0,0.0
2022-12-22 00:00:00-05:00,7.402145893037028,7.4379050189912235,7.062434196472168,7.062434196472168,3400,0.0,0.0
2022-12-23 00:00:00-05:00,7.741858455008312,7.777617582990792,7.732918459871477,7.759738445281982,2000,0.0,0.0
2022-12-27 00:00:00-05:00,7.428966774885158,7.428966774885158,7.420026779174805,7.420026779174805,600,0.0,0.0
2022-12-28 00:00:00-05:00,7.420026779174805,7.420026779174805,7.420026779174805,7.420026779174805,0,0.0,0.0
2022-12-29 00:00:00-05:00,7.428966045379639,7.875955556225073,7.428966045379639,7.428966045379639,3800,0.0,0.0
2022-12-30 00:00:00-05:00,7.428966045379639,7.428966045379639,7.428966045379639,7.428966045379639,300,0.0,0.0
2023-01-03 00:00:00-05:00,7.3395676612854,7.3395676612854,7.3395676612854,7.3395676612854,700,0.0,0.0
2023-01-04 00:00:00-05:00,7.3395676612854,7.3395676612854,7.3395676612854,7.3395676612854,0,0.0,0.0
2023-01-05 00:00:00-05:00,7.3395676612854,7.3395676612854,7.3395676612854,7.3395676612854,0,0.0,0.0
2023-01-06 00:00:00-05:00,7.3395676612854,7.3395676612854,7.3395676612854,7.3395676612854,0,0.0,0.0
2023-01-09 00:00:00-05:00,7.151832580566406,7.151832580566406,7.151832580566406,7.151832580566406,500,0.0,0.0
2023-01-10 00:00:00-05:00,7.151832580566406,7.151832580566406,7.151832580566406,7.151832580566406,0,0.0,0.0
2023-01-11 00:00:00-05:00,7.151832580566406,7.151832580566406,7.151832580566406,7.151832580566406,0,0.0,0.0
2023-01-12 00:00:00-05:00,7.151832580566406,7.151832580566406,7.151832580566406,7.151832580566406,0,0.0,0.0
2023-01-13 00:00:00-05:00,7.420026779174805,7.420026779174805,7.420026779174805,7.420026779174805,400,0.0,0.0
2023-01-17 00:00:00-05:00,7.420025422893997,7.464724540710449,7.420025422893997,7.464724540710449,900,0.0,0.0
2023-01-18 00:00:00-05:00,7.464724540710449,7.464724540710449,7.464724540710449,7.464724540710449,0,0.0,0.0
2023-01-19 00:00:00-05:00,7.518362800038384,7.518362800038384,7.464724540710449,7.464724540710449,900,0.0,0.0
2023-01-20 00:00:00-05:00,8.161434173583984,8.161434173583984,8.161434173583984,8.161434173583984,600,0.1,0.0
2023-01-23 00:00:00-05:00,8.161434173583984,8.161434173583984,8.161434173583984,8.161434173583984,200,0.0,0.0
2023-01-24 00:00:00-05:00,7.699976917005491,7.699976917005491,7.600446701049805,7.600446701049805,600,0.0,0.0
2023-01-25 00:00:00-05:00,7.464724810481844,7.473773168863024,7.356147098604527,7.446628093719482,2800,0.0,0.0
2023-01-26 00:00:00-05:00,7.573303271424189,7.781411220280262,7.419484615325928,7.419484615325928,1400,0.0,0.0
2023-01-27 00:00:00-05:00,7.419484615325928,7.419484615325928,7.419484615325928,7.419484615325928,0,0.0,0.0
2023-01-30 00:00:00-05:00,7.265665893330922,7.283762611719074,7.238521678647721,7.247570037841797,1400,0.0,0.0
2023-01-31 00:00:00-05:00,7.727121836914644,7.971422357111592,7.3380510215931425,7.835699558258057,2400,0.0,0.0
2023-02-01 00:00:00-05:00,7.835699558258057,7.835699558258057,7.835699558258057,7.835699558258057,0,0.0,0.0
2023-02-02 00:00:00-05:00,7.790458377271244,7.880940240292804,7.482821941375732,7.482821941375732,1600,0.0,0.0
2023-02-03 00:00:00-05:00,7.9080840890971285,7.9080840890971285,7.609495162963868,7.609495162963867,800,0.0,0.0
2023-02-06 00:00:00-05:00,7.537109748059764,7.537109748059764,7.528061389923096,7.528061389923096,3700,0.0,0.0
2023-02-07 00:00:00-05:00,7.727120876312256,7.727120876312256,7.727120876312256,7.727120876312256,400,0.0,0.0
2023-02-08 00:00:00-05:00,7.7814106941223145,7.7814106941223145,7.7814106941223145,7.7814106941223145,200,0.0,0.0
2023-02-09 00:00:00-05:00,7.7814106941223145,7.7814106941223145,7.7814106941223145,7.7814106941223145,0,0.0,0.0
2023-02-10 00:00:00-05:00,7.247569710318952,7.690928936004639,7.247569710318952,7.690928936004639,1600,0.0,0.0
2023-02-13 00:00:00-05:00,7.745218122364028,7.7814106941223145,7.745218122364028,7.7814106941223145,500,0.0,0.0
2023-02-14 00:00:00-05:00,7.7814106941223145,7.7814106941223145,7.7814106941223145,7.7814106941223145,0,0.0,0.0
2023-02-15 00:00:00-05:00,7.91713353749868,8.36954116821289,7.591400354028116,8.36954116821289,6100,0.0,0.0
2023-02-16 00:00:00-05:00,7.7814106941223145,7.7814106941223145,7.7814106941223145,7.7814106941223145,1100,0.0,0.0
2023-02-17 00:00:00-05:00,7.7814106941223145,7.7814106941223145,7.7814106941223145,7.7814106941223145,5200,0.0,0.0
2023-02-21 00:00:00-05:00,7.7814106941223145,7.7814106941223145,7.7814106941223145,7.7814106941223145,400,0.0,0.0
2023-02-22 00:00:00-05:00,7.7814106941223145,7.7814106941223145,7.7814106941223145,7.7814106941223145,0,0.0,0.0
2023-02-23 00:00:00-05:00,7.7814106941223145,7.7814106941223145,7.7814106941223145,7.7814106941223145,0,0.0,0.0
2023-02-24 00:00:00-05:00,7.7814106941223145,7.7814106941223145,7.7814106941223145,7.7814106941223145,0,0.0,0.0
2023-02-27 00:00:00-05:00,7.374242612541322,7.736169165014454,7.374242612541322,7.663784027099609,1100,0.0,0.0
2023-02-28 00:00:00-05:00,7.3651956612906035,7.464725017547607,7.3651956612906035,7.464725017547607,500,0.0,0.0
2023-03-01 00:00:00-05:00,7.627591273418772,7.826649966414378,7.491868495941162,7.491868495941162,2800,0.0,0.0
2023-03-02 00:00:00-05:00,8.242866098956318,8.369540536641015,7.555207207965278,7.709025859832764,1700,0.0,0.0
2023-03-03 00:00:00-05:00,7.464724445241394,7.555206298828125,7.464724445241394,7.555206298828125,2800,0.0,0.0
2023-03-06 00:00:00-05:00,7.5552074694480735,7.989518363000062,7.5552074694480735,7.5823516845703125,3400,0.0,0.0
2023-03-07 00:00:00-05:00,7.383291310849119,7.446628093719482,7.338050381842166,7.446628093719482,1800,0.0,0.0
2023-03-08 00:00:00-05:00,7.491868937520242,7.500917295798514,7.238520946021203,7.274713516235352,9300,0.0,0.0
2023-03-09 00:00:00-05:00,7.238521404437073,7.238521404437073,7.102799041813978,7.111847400665283,6300,0.0,0.0
2023-03-10 00:00:00-05:00,7.0394620080161,7.238521149797767,7.0394620080161,7.193280220031738,4500,0.0,0.0
2023-03-13 00:00:00-04:00,7.021365879522021,7.238521311779655,6.4965727220004235,7.211376667022705,4400,0.0,0.0
2023-03-14 00:00:00-04:00,7.211376200650155,7.238520843651612,6.94897985458374,6.94897985458374,3100,0.0,0.0
2023-03-15 00:00:00-04:00,6.96707654666443,7.238521266747247,6.786113687575544,6.83135461807251,7500,0.0,0.0
2023-03-16 00:00:00-04:00,6.840403079986572,6.840403079986572,6.840403079986572,6.840403079986572,200,0.0,0.0
2023-03-17 00:00:00-04:00,6.81325822208492,7.193280220031738,6.7861135779354065,7.193280220031738,3100,0.0,0.0
2023-03-20 00:00:00-04:00,7.012317542513913,7.012317542513913,6.894691467285156,6.894691467285156,600,0.0,0.0
2023-03-21 00:00:00-04:00,7.01231771041369,7.238521507523809,6.967076778411865,6.967076778411865,6900,0.0,0.0
2023-03-22 00:00:00-04:00,6.813257472229428,7.012316592102987,6.740871906280518,6.740871906280518,13600,0.0,0.0
2023-03-23 00:00:00-04:00,6.740872684694364,6.921835973289535,6.596102398977814,6.614198684692383,10700,0.0,0.0
2023-03-24 00:00:00-04:00,6.614199740254705,6.659440677485884,6.614199740254705,6.623248100280762,6400,0.0,0.0
2023-03-27 00:00:00-04:00,6.623248100280762,6.623248100280762,6.623248100280762,6.623248100280762,0,0.0,0.0
2023-03-28 00:00:00-04:00,6.930883673091543,6.958028316497803,6.930883673091543,6.958028316497803,2600,0.0,0.0
2023-03-29 00:00:00-04:00,7.184232463476413,7.220425035568526,6.786113739013672,6.786113739013672,4300,0.0,0.0
2023-03-30 00:00:00-04:00,6.786113762260075,7.003269195556641,6.559909970184739,7.003269195556641,3300,0.0,0.0
2023-03-31 00:00:00-04:00,6.623247413837384,6.695632560745524,6.532765548752701,6.550861835479736,13300,0.0,0.0
2023-04-03 00:00:00-04:00,6.596102871415183,6.596102871415183,6.559910297393799,6.559910297393799,4100,0.0,0.0
2023-04-04 00:00:00-04:00,6.60515090669077,6.60515090669077,6.514669044625545,6.523717403411865,3200,0.0,0.0
2023-04-05 00:00:00-04:00,6.568958334444478,6.5780062617813035,6.523717403411865,6.523717403411865,1200,0.0,0.0
2023-04-06 00:00:00-04:00,6.559909554819664,6.587054197987718,6.532764911651611,6.532764911651611,13500,0.0,0.0
2023-04-10 00:00:00-04:00,6.541812896728516,6.541812896728516,6.532764539038772,6.541812896728516,2600,0.0,0.0
2023-04-11 00:00:00-04:00,6.541813555441759,6.722776412963867,6.433235840928493,6.722776412963867,10700,0.0,0.0
2023-04-12 00:00:00-04:00,6.722776412963867,6.722776412963867,6.722776412963867,6.722776412963867,100,0.0,0.0
2023-04-13 00:00:00-04:00,6.5870540902999135,6.5870540902999135,6.478475950852245,6.568957805633545,12200,0.0,0.0
2023-04-14 00:00:00-04:00,6.514669625747068,6.6956329345703125,6.514669625747068,6.6956329345703125,300,0.0,0.0
2023-04-17 00:00:00-04:00,6.677535513631755,6.677535513631755,6.568957805633545,6.568957805633545,600,0.0,0.0
2023-04-18 00:00:00-04:00,6.559910297393799,6.559910297393799,6.550861938163695,6.559910297393799,4700,0.0,0.0
2023-04-19 00:00:00-04:00,6.559910297393799,6.559910297393799,6.559910297393799,6.559910297393799,300,0.0,0.0
2023-04-20 00:00:00-04:00,6.523717256119539,6.677535900418115,6.523717256119539,6.614198684692383,6100,0.0,0.0
2023-04-21 00:00:00-04:00,6.439899444580078,6.439899444580078,6.439899444580078,6.439899444580078,800,0.1,0.0
2023-04-24 00:00:00-04:00,6.55915685873058,6.6050248254400055,6.55915685873058,6.586677551269531,3700,0.0,0.0
2023-04-25 00:00:00-04:00,6.586677551269531,6.586677551269531,6.586677551269531,6.586677551269531,0,0.0,0.0
2023-04-26 00:00:00-04:00,6.586677122633987,6.788497562809028,6.494940757751465,6.494940757751465,7300,0.0,0.0
2023-04-27 00:00:00-04:00,6.494941237795871,6.549983060793553,6.494941237795871,6.522462368011475,2300,0.0,0.0
2023-04-28 00:00:00-04:00,6.522461866679401,6.531635284423828,6.522461866679401,6.531635284423828,1200,0.0,0.0
2023-05-01 00:00:00-04:00,6.55915641784668,6.55915641784668,6.55915641784668,6.55915641784668,4100,0.0,0.0
2023-05-02 00:00:00-04:00,6.531635274864517,6.733455714148435,6.522461857133515,6.54998254776001,5600,0.0,0.0
2023-05-03 00:00:00-04:00,8.687442284327954,8.687442284327954,6.494940757751465,6.494940757751465,3100,0.0,0.0
2023-05-04 00:00:00-04:00,6.7701509143525485,7.164617538452148,6.7701509143525485,7.164617538452148,1700,0.0,0.0
2023-05-05 00:00:00-04:00,7.5223894119262695,7.5223894119262695,7.5223894119262695,7.5223894119262695,300,0.0,0.0
2023-05-08 00:00:00-04:00,7.173790861907111,7.504042218863578,7.173790861907111,7.302221775054932,1900,0.0,0.0
2023-05-09 00:00:00-04:00,7.559083386174449,7.705861568450928,7.559083386174449,7.705861568450928,800,0.0,0.0
2023-05-10 00:00:00-04:00,6.953623604439084,7.375611355823883,6.953623604439084,7.357264518737793,1500,0.0,0.0
2023-05-11 00:00:00-04:00,7.247180062651587,7.3113953014614275,6.733455965005338,7.072880744934082,7200,0.0,0.0
2023-05-12 00:00:00-04:00,6.971970517240307,7.1095752877150415,6.971970517240307,7.0453596115112305,1200,0.0,0.0
2023-05-15 00:00:00-04:00,7.0453596115112305,7.0453596115112305,7.0453596115112305,7.0453596115112305,0,0.0,0.0
2023-05-16 00:00:00-04:00,7.238006591796875,7.238006591796875,7.238006591796875,7.238006591796875,300,0.0,0.0
2023-05-17 00:00:00-04:00,9.008519906805315,9.008519906805315,7.38478505312415,7.559083938598633,2500,0.0,0.0
2023-05-18 00:00:00-04:00,7.228833150942311,7.614126352822852,7.1554440529524035,7.274701118469238,8200,0.0,0.0
2023-05-19 00:00:00-04:00,7.568258064276412,7.68751556906118,7.06370735168457,7.06370735168457,8500,0.0,0.0
2023-05-22 00:00:00-04:00,7.338916778564453,7.338916778564453,7.338916778564453,7.338916778564453,1100,0.0,0.0
2023-05-23 00:00:00-04:00,7.127922958333474,7.513215724718,7.127922958333474,7.247180461883545,3100,0.0,0.0
2023-05-24 00:00:00-04:00,7.348090264880035,7.348090264880035,7.082054142600453,7.109575271606445,4400,0.0,0.0
2023-05-25 00:00:00-04:00,7.238006332893868,7.238006332893868,6.715108808090368,6.825192451477051,5200,0.0,0.0
2023-05-26 00:00:00-04:00,7.008665561676025,7.008665561676025,7.008665561676025,7.008665561676025,1100,0.0,0.0
2023-05-30 00:00:00-04:00,7.449000358581543,7.449000358581543,7.449000358581543,7.449000358581543,300,0.0,0.0
2023-05-31 00:00:00-04:00,7.40313196182251,7.40313196182251,7.40313196182251,7.40313196182251,300,0.0,0.0
2023-06-01 00:00:00-04:00,7.173791089177725,7.889335645680095,7.173791089177725,7.797598838806152,1500,0.0,0.0
2023-06-02 00:00:00-04:00,7.632473006285206,7.751730506366792,7.632473006285206,7.641646862030029,1800,0.0,0.0
2023-06-05 00:00:00-04:00,7.641646862030029,7.641646862030029,7.641646862030029,7.641646862030029,0,0.0,0.0
2023-06-06 00:00:00-04:00,7.797598369807215,7.797598369807215,7.705861568450928,7.705861568450928,600,0.0,0.0
2023-06-07 00:00:00-04:00,7.69668858820888,7.705861568450928,7.69668858820888,7.705861568450928,1300,0.0,0.0
2023-06-08 00:00:00-04:00,7.329743102703542,7.705862456866909,6.816018968074651,6.990318298339844,15600,0.0,0.0
2023-06-09 00:00:00-04:00,6.779324016795757,6.889408097108996,6.614198552476167,6.880234241485596,1500,0.0,0.0
2023-06-12 00:00:00-04:00,6.926102884743614,7.338916778564453,6.926102884743614,7.338916778564453,3100,0.0,0.0
2023-06-13 00:00:00-04:00,7.173791374692458,7.283875022402268,7.14627024404824,7.228833198547363,1600,0.0,0.0
2023-06-14 00:00:00-04:00,6.981144859051805,7.357264649541285,6.981144859051805,7.054533958435059,700,0.0,0.0
2023-06-15 00:00:00-04:00,6.733455815202129,7.366436958312988,6.733455815202129,7.366436958312988,400,0.0,0.0
2023-06-16 00:00:00-04:00,7.155444066824583,7.614126367584274,6.889408367378645,7.283874988555908,7000,0.0,0.0
2023-06-20 00:00:00-04:00,7.036186238962199,7.247180105072806,6.9994916915893555,6.9994916915893555,4300,0.0,0.0
2023-06-21 00:00:00-04:00,6.99031783602939,6.9994916915893555,6.99031783602939,6.9994916915893555,500,0.0,0.0
2023-06-22 00:00:00-04:00,6.9994916915893555,6.9994916915893555,6.9994916915893555,6.9994916915893555,100,0.0,0.0
2023-06-23 00:00:00-04:00,6.88023380549055,7.008664714044999,6.760976314544678,6.760976314544678,4100,0.0,0.0
2023-06-26 00:00:00-04:00,6.6050250048982955,7.228833218510307,6.6050250048982955,7.164617538452148,1400,0.0,0.0
2023-06-27 00:00:00-04:00,6.962797079054681,7.22883276373484,6.788497761948111,7.082054138183594,2500,0.0,0.0
2023-06-28 00:00:00-04:00,7.082054138183594,7.082054138183594,7.082054138183594,7.082054138183594,0,0.0,0.0
2023-06-29 00:00:00-04:00,7.1554441630165675,7.1554441630165675,6.990318252565801,7.06370735168457,2200,0.0,0.0
2023-06-30 00:00:00-04:00,7.1554441630165675,7.1554441630165675,7.0453600769048785,7.06370735168457,5100,0.0,0.0
2023-07-03 00:00:00-04:00,7.072880744934082,7.072880744934082,7.072880744934082,7.072880744934082,200,0.0,0.0
2023-07-05 00:00:00-04:00,7.127923011779785,7.155444142587517,6.742629805072737,7.127923011779785,5200,0.0,0.0
2023-07-06 00:00:00-04:00,7.137096415256923,7.137096415256923,7.082054157131996,7.118749141693115,1700,0.0,0.0
2023-07-07 00:00:00-04:00,7.082054626464263,7.082054626464263,7.027012802125186,7.06370735168457,1700,0.0,0.0
2023-07-10 00:00:00-04:00,6.880234241485596,6.880234241485596,6.788497872419157,6.880234241485596,4100,0.0,0.0
2023-07-11 00:00:00-04:00,6.806845687048123,6.806845687048123,6.7426300048828125,6.7426300048828125,2100,0.0,0.0
2023-07-12 00:00:00-04:00,6.76097709910288,7.421479866038874,6.733456405650109,7.06370735168457,9900,0.0,0.0
2023-07-13 00:00:00-04:00,7.5682571075835465,7.5682571075835465,6.971970096469056,6.981143951416016,9300,0.0,0.0
2023-07-14 00:00:00-04:00,6.880234708716924,6.926103115081787,6.880234708716924,6.926103115081787,900,0.0,0.0
2023-07-17 00:00:00-04:00,6.871060848236084,6.871060848236084,6.871060848236084,6.871060848236084,500,0.0,0.0
2023-07-18 00:00:00-04:00,6.971970568533034,7.017838971506568,6.953623294830322,6.953623294830322,2800,0.0,0.0
2023-07-19 00:00:00-04:00,7.008665634131582,7.0178394903779715,6.861887433657688,6.926103115081787,3300,0.0,0.0
2023-07-20 00:00:00-04:00,6.880234231036354,7.017839003143783,6.880234231036354,6.898581504821777,3200,0.0,0.0
2023-07-21 00:00:00-04:00,6.6661495128676975,6.926473092182604,6.647554971488062,6.833500385284424,2600,0.1,0.0
2023-07-24 00:00:00-04:00,6.870689868927002,6.870689868927002,6.870689868927002,6.870689868927002,100,0.0,0.0
2023-07-25 00:00:00-04:00,7.103121667058714,7.112419159687963,6.879987163902925,6.98225736618042,3000,0.0,0.0
2023-07-26 00:00:00-04:00,6.963662294140136,7.558688515131337,6.963662294140136,7.43782377243042,16800,0.0,0.0
2023-07-27 00:00:00-04:00,7.27047282265445,7.484310271653959,7.27047282265445,7.47501277923584,2500,0.0,0.0
2023-07-28 00:00:00-04:00,7.251878460432284,7.298364593685619,7.205391883850098,7.205391883850098,500,0.0,0.0
2023-07-31 00:00:00-04:00,7.15890517350245,7.549390990844191,7.15890517350245,7.502904415130615,4000,0.0,0.0
2023-08-01 00:00:00-04:00,7.530797004699707,7.670255847259528,7.530797004699707,7.530797004699707,6200,0.0,0.0
2023-08-02 00:00:00-04:00,7.25187812834969,7.4378235395058026,7.065932273864746,7.065932273864746,4200,0.0,0.0
2023-08-03 00:00:00-04:00,7.614471778240981,7.614471778240981,7.4378238518880275,7.530797004699707,1800,0.0,0.0
2023-08-04 00:00:00-04:00,7.512201579986294,7.512201579986294,6.94506742032693,7.428525924682617,1200,0.0,0.0
2023-08-07 00:00:00-04:00,7.0938245581347825,7.307662010192871,7.0938245581347825,7.307662010192871,800,0.0,0.0
2023-08-08 00:00:00-04:00,7.25187805605805,7.344850760709291,7.065932203426741,7.1682024002075195,3200,0.0,0.0
2023-08-09 00:00:00-04:00,6.982257353757733,7.530797004699707,6.982257353757733,7.530797004699707,9100,0.0,0.0
2023-08-10 00:00:00-04:00,7.279769696699938,7.279769696699938,7.261175155639648,7.261175155639648,600,0.0,0.0
2023-08-11 00:00:00-04:00,7.409931467511439,7.530796649125621,7.15890494209584,7.521499156951904,10300,0.0,0.0
2023-08-14 00:00:00-04:00,7.437823971870086,7.475013056263127,7.3913373947143555,7.3913373947143555,4300,0.0,0.0
2023-08-15 00:00:00-04:00,7.233283739639652,7.47501277923584,7.233283739639652,7.47501277923584,2500,0.0,0.0
2023-08-16 00:00:00-04:00,7.2518787414715,7.270473284159216,7.056635821586037,7.121716499328613,1900,0.0,0.0
2023-08-17 00:00:00-04:00,7.121716499328613,7.121716499328613,7.121716499328613,7.121716499328613,0,0.0,0.0
2023-08-18 00:00:00-04:00,7.121716267826698,7.298364639282227,7.121716267826698,7.298364639282227,2400,0.0,0.0
2023-08-21 00:00:00-04:00,7.251878261566162,7.251878261566162,7.251878261566162,7.251878261566162,300,0.0,0.0
2023-08-22 00:00:00-04:00,7.186797386782583,7.298364639282227,6.945067896371169,7.298364639282227,4500,0.0,0.0
2023-08-23 00:00:00-04:00,6.954365253448486,6.954365253448486,6.954365253448486,6.954365253448486,300,0.0,0.0
2023-08-24 00:00:00-04:00,7.075229766086967,7.075229766086967,7.065932273864746,7.065932273864746,900,0.0,0.0
2023-08-25 00:00:00-04:00,7.065932946599111,7.065932946599111,6.861392974853516,6.861392974853516,1200,0.0,0.0
2023-08-28 00:00:00-04:00,6.972959443671429,7.010148525238037,6.972959443671429,7.010148525238037,5400,0.0,0.0
2023-08-29 00:00:00-04:00,6.972959518432617,6.991554059415285,6.972959518432617,6.972959518432617,28800,0.0,0.0
2023-08-30 00:00:00-04:00,6.74052798482318,6.7591225270481585,6.7312304920462624,6.749825477600098,6100,0.0,0.0
2023-08-31 00:00:00-04:00,6.72193320981555,6.824203410175711,6.72193320981555,6.73123025894165,3000,0.0,0.0
2023-09-01 00:00:00-04:00,6.8799871166164825,6.8799871166164825,6.787014407607241,6.8242034912109375,7200,0.0,0.0
2023-09-05 00:00:00-04:00,6.777717191811775,6.8242037698791105,6.601068815816312,6.740528106689453,4200,0.0,0.0
2023-09-06 00:00:00-04:00,6.740528106689453,6.740528106689453,6.740528106689453,6.740528106689453,0,0.0,0.0
2023-09-07 00:00:00-04:00,6.842797681308228,6.879986763000488,6.842797681308228,6.879986763000488,800,0.0,0.0
2023-09-08 00:00:00-04:00,6.7684197425842285,6.824203366974214,6.7684197425842285,6.7684197425842285,1500,0.0,0.0
2023-09-11 00:00:00-04:00,6.647555393883647,6.740528106689453,6.647555393883647,6.740528106689453,600,0.0,0.0
2023-09-12 00:00:00-04:00,6.675446943255784,6.675446943255784,6.647555351257324,6.647555351257324,2100,0.0,0.0
2023-09-13 00:00:00-04:00,6.656852400813857,6.656852400813857,6.647555351257324,6.647555351257324,700,0.0,0.0
2023-09-14 00:00:00-04:00,6.647555351257324,6.647555351257324,6.647555351257324,6.647555351257324,300,0.0,0.0
2023-09-15 00:00:00-04:00,6.675446943255784,6.675446943255784,6.647555351257324,6.647555351257324,2900,0.0,0.0
2023-09-18 00:00:00-04:00,6.647555351257324,6.647555351257324,6.647555351257324,6.647555351257324,0,0.0,0.0
2023-09-19 00:00:00-04:00,6.675446435067637,6.731230058146724,6.675446435067637,6.712635517120361,2000,0.0,0.0
2023-09-20 00:00:00-04:00,6.787013996552168,6.787013996552168,6.656851768493652,6.656851768493652,1900,0.0,0.0
2023-09-21 00:00:00-04:00,6.647554870386147,6.647554870386147,6.554582164901976,6.5824737548828125,8100,0.0,0.0
2023-09-22 00:00:00-04:00,6.284961048959801,6.5080955404044,6.182690852049945,6.489500999450684,4800,0.0,0.0
2023-09-25 00:00:00-04:00,6.35004186630249,6.35004186630249,6.35004186630249,6.35004186630249,1300,0.0,0.0
2023-09-26 00:00:00-04:00,6.089718313829128,6.368636435763014,6.089718313829128,6.219880104064941,5400,0.0,0.0
2023-09-27 00:00:00-04:00,6.219880104064941,6.219880104064941,6.219880104064941,6.219880104064941,300,0.0,0.0
2023-09-28 00:00:00-04:00,6.219880104064941,6.219880104064941,6.219880104064941,6.219880104064941,300,0.0,0.0
2023-09-29 00:00:00-04:00,6.182691621879169,6.182691621879169,5.922367572784424,5.922367572784424,11800,0.0,0.0
2023-10-02 00:00:00-04:00,6.229176998138428,6.229176998138428,6.229176998138428,6.229176998138428,1000,0.0,0.0
2023-10-03 00:00:00-04:00,6.164096663537836,6.164096663537836,5.764313345181469,5.950259208679199,11000,0.0,0.0
2023-10-04 00:00:00-04:00,5.978150574774241,6.1269073486328125,5.978150574774241,6.1269073486328125,900,0.0,0.0
2023-10-05 00:00:00-04:00,6.126907369983597,6.126907369983597,5.801502230822587,5.866583347320557,2600,0.0,0.0
2023-10-06 00:00:00-04:00,5.671339988708496,5.764312688196412,5.652745448810913,5.671339988708496,3300,0.0,0.0
2023-10-09 00:00:00-04:00,5.792204663630321,5.857285774306185,5.792204663630321,5.838691234588623,3500,0.0,0.0
2023-10-10 00:00:00-04:00,5.847988960646183,5.9967452956296,5.847988960646183,5.85728645324707,2500,0.0,0.0
2023-10-11 00:00:00-04:00,5.875880790288847,5.875880790288847,5.773610591888428,5.773610591888428,900,0.0,0.0
2023-10-12 00:00:00-04:00,5.782907358283804,5.782907358283804,5.652745576070407,5.727123737335205,2100,0.0,0.0
2023-10-13 00:00:00-04:00,5.801502382979641,5.810799875578414,5.717827166234929,5.792205333709717,2800,0.0,0.0
2023-10-16 00:00:00-04:00,5.727124169190655,5.764313252627308,5.671340544035677,5.699232578277588,5200,0.0,0.0
2023-10-17 00:00:00-04:00,5.8200971937745525,5.8200971937745525,5.643448829650879,5.643448829650879,3900,0.0,0.0
2023-10-18 00:00:00-04:00,5.782907590640175,5.875880739285631,5.680637836456299,5.680637836456299,2500,0.0,0.0
2023-10-19 00:00:00-04:00,5.615556642120559,5.699232297393534,5.606259593384019,5.652745723724365,1900,0.0,0.0
2023-10-20 00:00:00-04:00,5.454237602890303,5.700009358490844,5.454237602890303,5.52985954284668,4000,0.1,0.0
2023-10-23 00:00:00-04:00,5.492049387944959,5.492049387944959,5.425879955291748,5.425879955291748,1100,0.0,0.0
2023-10-24 00:00:00-04:00,5.624387434910469,5.633840403561265,5.586576461791992,5.586576461791992,4700,0.0,0.0
2023-10-25 00:00:00-04:00,5.586576461791992,5.586576461791992,5.586576461791992,5.586576461791992,0,0.0,0.0
2023-10-26 00:00:00-04:00,5.548765546732809,5.548765546732809,5.4447855949401855,5.4447855949401855,600,0.0,0.0
2023-10-27 00:00:00-04:00,5.388068892088726,5.388068892088726,4.972148167364877,5.265183448791504,6900,0.0,0.0
2023-10-30 00:00:00-04:00,5.057222212590349,5.123391638631744,5.03831672668457,5.03831672668457,8600,0.0,0.0
2023-10-31 00:00:00-04:00,5.0099592208862305,5.0099592208862305,5.0099592208862305,5.0099592208862305,600,0.0,0.0
2023-11-01 00:00:00-04:00,5.019411484501016,5.019411484501016,4.631848779242914,4.773640155792236,4100,0.0,0.0
2023-11-02 00:00:00-04:00,4.896525926447339,4.905978895870703,4.726376533508301,4.726376533508301,2300,0.0,0.0
2023-11-03 00:00:00-04:00,4.820903647480437,4.820903647480437,4.76418718700918,4.773640155792236,1500,0.0,0.0
2023-11-06 00:00:00-05:00,5.161202888893188,5.435332674687609,4.953242081967678,5.21791934967041,9600,0.0,0.0
2023-11-07 00:00:00-05:00,5.246277958428578,5.435332833199435,5.1612030394105055,5.236824989318848,17300,0.0,0.0
2023-11-08 00:00:00-05:00,5.397521948970646,5.425879955291748,5.397521948970646,5.425879955291748,1300,0.0,0.0
2023-11-09 00:00:00-05:00,5.378616038511258,5.388068556294696,5.255730152130127,5.255730152130127,2000,0.0,0.0
2023-11-10 00:00:00-05:00,5.255730152130127,5.255730152130127,5.255730152130127,5.255730152130127,0,0.0,0.0
2023-11-13 00:00:00-05:00,5.388069353801617,5.388069353801617,5.246278410866639,5.29354190826416,4500,0.0,0.0
2023-11-14 00:00:00-05:00,5.265183408941651,5.435332795040893,5.265183408941651,5.3786163330078125,2600,0.0,0.0
2023-11-15 00:00:00-05:00,5.113939197866279,5.151750173578451,4.915431350006185,4.92488431930542,17300,0.0,0.0
2023-11-16 00:00:00-05:00,5.0383173777596815,5.0383173777596815,5.000506401062012,5.000506401062012,3900,0.0,0.0
2023-11-17 00:00:00-05:00,5.038317107810116,5.038317107810116,4.820903778076172,4.820903778076172,2700,0.0,0.0
2023-11-20 00:00:00-05:00,4.972148245318532,5.038317227190812,4.962695276055416,5.0099592208862305,10600,0.0,0.0
2023-11-21 00:00:00-05:00,5.038317354907082,5.057222843170166,5.038317354907082,5.057222843170166,4700,0.0,0.0
2023-11-22 00:00:00-05:00,5.142297789049472,5.142297789049472,4.943789936015507,5.000506401062012,2700,0.0,0.0
2023-11-24 00:00:00-05:00,5.000506401062012,5.000506401062012,5.000506401062012,5.000506401062012,300,0.0,0.0
2023-11-27 00:00:00-05:00,5.038316742471466,5.038316742471466,4.962694798611399,4.981600284576416,2900,0.0,0.0
2023-11-28 00:00:00-05:00,5.085580569931447,5.085580569931447,4.773639833057918,4.792545318603516,3800,0.0,0.0
2023-11-29 00:00:00-05:00,5.1328444480896,5.199013877893679,4.773640195453869,5.1328444480896,3600,0.0,0.0
2023-11-30 00:00:00-05:00,4.7641875302891235,5.208467178773079,4.7641875302891235,5.142297744750977,2600,0.0,0.0
2023-12-01 00:00:00-05:00,5.00995913959382,5.236824989318848,5.00995913959382,5.236824989318848,1000,0.0,0.0
2023-12-04 00:00:00-05:00,5.16120294266477,5.16120294266477,5.019411563873291,5.019411563873291,1200,0.0,0.0
2023-12-05 00:00:00-05:00,5.265183463726867,5.321899926350094,5.104486594256537,5.151750087738037,3400,0.0,0.0
2023-12-06 00:00:00-05:00,5.151749957742993,5.151749957742993,5.104486465454102,5.104486465454102,3000,0.0,0.0
2023-12-07 00:00:00-05:00,5.3124472709101,5.3124472709101,5.236825316280298,5.246278285980225,1800,0.0,0.0
2023-12-08 00:00:00-05:00,5.199013900774251,5.208466869677449,5.104486465454102,5.104486465454102,2700,0.0,0.0
2023-12-11 00:00:00-05:00,5.066675046010257,5.104486016815067,4.905978194718647,4.991053104400635,8500,0.0,0.0
2023-12-12 00:00:00-05:00,4.943789788271567,5.038317227190812,4.943789788271567,5.0099592208862305,600,0.0,0.0
2023-12-13 00:00:00-05:00,5.009959105377747,5.10448654211759,4.849262237548828,4.849262237548828,10900,0.0,0.0
2023-12-14 00:00:00-05:00,5.009959263934704,5.3124470710754395,4.981600806644066,5.3124470710754395,10300,0.0,0.0
2023-12-15 00:00:00-05:00,5.293541472518238,5.34080541676757,5.180108547210693,5.180108547210693,1700,0.0,0.0
2023-12-18 00:00:00-05:00,5.2746356430687005,5.293541129394517,5.2746356430687005,5.284088611602783,9500,0.0,0.0
2023-12-19 00:00:00-05:00,5.284088567272994,5.482596397399902,5.199013654149363,5.482596397399902,3200,0.0,0.0
2023-12-20 00:00:00-05:00,5.501501980518481,5.6432929039001465,5.482596494018102,5.6432929039001465,1100,0.0,0.0
2023-12-21 00:00:00-05:00,5.633840407838239,5.652745894411829,5.5676709794594945,5.614934921264648,1900,0.0,0.0
2023-12-22 00:00:00-05:00,5.6432930790855345,5.6811045040024295,5.633840560913086,5.633840560913086,1900,0.0,0.0
2023-12-26 00:00:00-05:00,5.567671298980713,5.567671298980713,5.567671298980713,5.567671298980713,100,0.0,0.0
2023-12-27 00:00:00-05:00,5.577123480690573,5.737820328469032,5.52985954284668,5.52985954284668,2500,0.0,0.0
2023-12-28 00:00:00-05:00,5.879611873257548,5.879611873257548,5.69055700302124,5.69055700302124,3900,0.0,0.0
2023-12-29 00:00:00-05:00,5.5393129577686295,5.671651363372803,5.5393129577686295,5.671651363372803,22000,0.0,0.0
2024-01-02 00:00:00-05:00,5.671651069646754,5.69055655518255,5.577123641967773,5.577123641967773,13500,0.0,0.0
2024-01-03 00:00:00-05:00,5.671651069646754,5.671651069646754,5.577123641967773,5.577123641967773,17200,0.0,0.0
2024-01-04 00:00:00-05:00,5.822895408519422,5.832348377396467,5.662198543548584,5.662198543548584,1300,0.0,0.0
2024-01-05 00:00:00-05:00,5.794537046648207,5.851253504191786,5.794537046648207,5.822895050048828,3100,0.0,0.0
2024-01-08 00:00:00-05:00,5.8134425480580125,5.851253519854947,5.766178607940674,5.766178607940674,5700,0.0,0.0
2024-01-09 00:00:00-05:00,5.785084381985221,6.040308679698028,5.785084381985221,5.860706329345703,11100,0.0,0.0
2024-01-10 00:00:00-05:00,5.841800842505582,5.9646867323375465,5.841800842505582,5.860706329345703,20800,0.0,0.0
2024-01-11 00:00:00-05:00,5.9363288650287265,5.974139839585273,5.860706465173261,5.964686870574951,7300,0.0,0.0
2024-01-12 00:00:00-05:00,5.993045403203285,6.295533203508769,5.993045403203285,6.267175197601318,2800,0.0,0.0
2024-01-16 00:00:00-05:00,6.314438514569931,6.7681706530909205,6.030856209708291,6.276627540588379,31000,0.0,0.0
2024-01-17 00:00:00-05:00,6.049762203013139,6.475135921276975,6.049762203013139,6.191553592681885,27500,0.0,0.0
2024-01-18 00:00:00-05:00,6.494040817063333,6.5696627644524614,6.333343953490253,6.503493785858154,28800,0.0,0.0
2024-01-19 00:00:00-05:00,6.0814383750870915,6.455533027648926,6.0814383750870915,6.455533027648926,3800,0.1,0.0
2024-01-22 00:00:00-05:00,6.561047114750874,6.666560698663994,6.28287410736084,6.28287410736084,4400,0.0,0.0
2024-01-23 00:00:00-05:00,6.474716861725721,6.5898228294938015,6.282873582112253,6.350018501281738,11600,0.0,0.0
2024-01-24 00:00:00-05:00,6.350018774390601,6.493901468984202,6.330834445604153,6.474717140197754,4800,0.0,0.0
2024-01-25 00:00:00-05:00,6.474717184298335,6.513085842132568,6.474717184298335,6.513085842132568,6600,0.0,0.0
2024-01-26 00:00:00-05:00,6.369203090667725,6.369203090667725,6.369203090667725,6.369203090667725,600,0.0,0.0
2024-01-29 00:00:00-05:00,6.474717323227004,6.810443315175491,6.474717323227004,6.522678375244141,5500,0.0,0.0
2024-01-30 00:00:00-05:00,6.436348445066335,6.64737606048584,6.436348445066335,6.64737606048584,8200,0.0,0.0
2024-01-31 00:00:00-05:00,6.6185999886588265,6.800851345062256,6.55145460765004,6.800851345062256,7600,0.0,0.0
2024-02-01 00:00:00-05:00,6.800850879769494,6.800850879769494,6.541862224155489,6.6281914710998535,3500,0.0,0.0
2024-02-02 00:00:00-05:00,6.378795882150404,6.762482938480973,6.378795882150404,6.714521884918213,2800,0.0,0.0
2024-02-05 00:00:00-05:00,6.714521884918213,6.714521884918213,6.714521884918213,6.714521884918213,0,0.0,0.0
2024-02-06 00:00:00-05:00,6.43634869821987,6.66656065136854,6.4267563048100955,6.455533027648926,2500,0.0,0.0
2024-02-07 00:00:00-05:00,6.561047077178955,6.561047077178955,6.561047077178955,6.561047077178955,400,0.0,0.0
2024-02-08 00:00:00-05:00,6.6090074031368395,6.64737606048584,6.6090074031368395,6.64737606048584,4000,0.0,0.0
2024-02-09 00:00:00-05:00,6.609007835388184,6.609007835388184,5.947147766744329,6.609007835388184,1600,0.0,0.0
2024-02-12 00:00:00-05:00,6.474717403012416,6.474717403012416,6.28287410736084,6.28287410736084,900,0.0,0.0
2024-02-13 00:00:00-05:00,5.9375556502045646,5.9375556502045646,5.9279632568359375,5.9279632568359375,2300,0.0,0.0
2024-02-14 00:00:00-05:00,6.436348393368945,6.436348393368945,6.3308343578114545,6.397979736328125,2000,0.0,0.0
2024-02-15 00:00:00-05:00,6.397979736328125,6.397979736328125,6.397979736328125,6.397979736328125,0,0.0,0.0
2024-02-16 00:00:00-05:00,6.119806842789582,6.186951764998722,6.091030120849609,6.091030120849609,3100,0.0,0.0
2024-02-20 00:00:00-05:00,5.92796343835159,5.975924491882324,5.92796343835159,5.975924491882324,1700,0.0,0.0
2024-02-21 00:00:00-05:00,6.052661514886831,6.052661514886831,5.995108527905793,6.023885250091553,2500,0.0,0.0
2024-02-22 00:00:00-05:00,6.311650487230572,6.311650487230572,6.1389915180196715,6.186952114105225,1400,0.0,0.0
2024-02-23 00:00:00-05:00,6.186952114105225,6.186952114105225,6.186952114105225,6.186952114105225,100,0.0,0.0
2024-02-26 00:00:00-05:00,6.311650535510997,6.474717569708355,6.311650535510997,6.330834865570068,1100,0.0,0.0
2024-02-27 00:00:00-05:00,6.033477520959212,6.330834865570068,5.9663321370572096,6.330834865570068,2300,0.0,0.0
2024-02-28 00:00:00-05:00,6.004701137542725,6.004701137542725,6.004701137542725,6.004701137542725,200,0.0,0.0
2024-02-29 00:00:00-05:00,6.0334770769933765,6.0814381273071545,5.947147369384766,5.947147369384766,5000,0.0,0.0
2024-03-01 00:00:00-05:00,6.3308347454479375,6.3308347454479375,5.966332023851203,6.321242809295654,2100,0.0,0.0
2024-03-04 00:00:00-05:00,5.851225804567487,6.321242548814198,5.793672817853896,6.302058219909668,3900,0.0,0.0
2024-03-05 00:00:00-05:00,6.292465991141486,6.292465991141486,6.138991355895996,6.138991355895996,1500,0.0,0.0
2024-03-06 00:00:00-05:00,6.004701137542725,6.062254126598312,5.995108744004877,6.004701137542725,5900,0.0,0.0
2024-03-07 00:00:00-05:00,6.052661550087733,6.167767524719238,6.052661550087733,6.167767524719238,4200,0.0,0.0
2024-03-08 00:00:00-05:00,6.138991355895996,6.138991355895996,6.138991355895996,6.138991355895996,1400,0.0,0.0
2024-03-11 00:00:00-04:00,6.138991302415597,6.138991302415597,5.995108604431152,5.995108604431152,4600,0.0,0.0
2024-03-12 00:00:00-04:00,6.08143823707259,6.08143823707259,5.995108527905793,6.023885250091553,9400,0.0,0.0
2024-03-13 00:00:00-04:00,5.947147186094779,6.043069283766033,5.793672561645508,5.793672561645508,2500,0.0,0.0
2024-03-14 00:00:00-04:00,5.803265388975282,5.803265388975282,5.755304336547852,5.755304336547852,2900,0.0,0.0
2024-03-15 00:00:00-04:00,5.803265118306676,5.803265118306676,5.525092124938965,5.525092124938965,1000,0.0,0.0
2024-03-18 00:00:00-04:00,5.429170087388772,5.496315466954425,5.390801429748535,5.390801429748535,2100,0.0,0.0
2024-03-19 00:00:00-04:00,5.726527201045507,5.726527201045507,5.515499591827393,5.515499591827393,2300,0.0,0.0
2024-03-20 00:00:00-04:00,5.611421585083008,5.611421585083008,5.611421585083008,5.611421585083008,300,0.0,0.0
2024-03-21 00:00:00-04:00,5.611421585083008,5.611421585083008,5.611421585083008,5.611421585083008,0,0.0,0.0
2024-03-22 00:00:00-04:00,5.41957823764835,5.41957823764835,5.256511211395264,5.256511211395264,2500,0.0,0.0
2024-03-25 00:00:00-04:00,5.256511606630453,5.256511606630453,5.141405623228962,5.179774284362793,800,0.0,0.0
2024-03-26 00:00:00-04:00,5.256511026165189,5.256511026165189,5.208549976348877,5.208549976348877,1000,0.0,0.0
2024-03-27 00:00:00-04:00,5.208549976348877,5.208549976348877,5.208549976348877,5.208549976348877,300,0.0,0.0
2024-03-28 00:00:00-04:00,5.275695540519716,5.275695540519716,5.2373268822708114,5.256511211395264,2500,0.0,0.0
2024-04-01 00:00:00-04:00,5.2277345222932095,5.2277345222932095,5.035891229827408,5.189365863800049,4500,0.0,0.0
2024-04-02 00:00:00-04:00,5.112628215366291,5.198957920074463,5.112628215366291,5.198957920074463,1000,0.0,0.0
2024-04-03 00:00:00-04:00,5.227734433453805,5.227734433453805,5.016706815327598,5.11262845993042,600,0.0,0.0
2024-04-04 00:00:00-04:00,5.218143044383755,5.218143044383755,4.987930615827582,5.0454840660095215,19900,0.0,0.0
2024-04-05 00:00:00-04:00,5.083852291107178,5.083852291107178,5.083852291107178,5.083852291107178,10200,0.0,0.0
2024-04-08 00:00:00-04:00,5.1318128856177045,5.179773937518721,5.083852291107178,5.083852291107178,2700,0.0,0.0
2024-04-09 00:00:00-04:00,5.035890901367563,5.131812541344091,4.815270900726318,4.815270900726318,6000,0.0,0.0
2024-04-10 00:00:00-04:00,4.8920087814331055,4.8920087814331055,4.844048184564361,4.8920087814331055,1200,0.0,0.0
2024-04-11 00:00:00-04:00,5.1126287194221405,5.131813049316406,5.103036783170259,5.131813049316406,6300,0.0,0.0
2024-04-12 00:00:00-04:00,4.949561528740528,5.122220949671795,4.949561528740528,5.083852291107178,1900,0.0,0.0
2024-04-15 00:00:00-04:00,5.103036875996184,5.122221206239419,4.997522830963135,4.997522830963135,800,0.0,0.0
2024-04-16 00:00:00-04:00,4.987929869774755,5.016706590561543,4.911192557530598,4.920784950256348,2700,0.0,0.0
2024-04-17 00:00:00-04:00,4.987929915853327,5.064667686196847,4.920784995714634,4.959153652191162,6600,0.0,0.0
2024-04-18 00:00:00-04:00,4.8920087814331055,4.8920087814331055,4.8920087814331055,4.8920087814331055,1900,0.0,0.0
2024-04-19 00:00:00-04:00,4.89200869247696,5.117041110992432,4.89200869247696,5.117041110992432,5700,0.1,0.0
2024-04-22 00:00:00-04:00,5.038769095634371,5.09747314453125,5.038769095634371,5.09747314453125,1100,0.0,0.0
2024-04-23 00:00:00-04:00,4.970280776740419,5.1953131961537045,4.921360969543457,4.921360969543457,4700,0.0,0.0
2024-04-24 00:00:00-04:00,5.2344489097595215,5.2344489097595215,5.2344489097595215,5.2344489097595215,200,0.0,0.0
2024-04-25 00:00:00-04:00,5.165961265563965,5.165961265563965,5.165961265563965,5.165961265563965,100,0.0,0.0
2024-04-26 00:00:00-04:00,4.8920087119946345,5.1561771637808125,4.8920087119946345,4.921360969543457,2700,0.0,0.0
2024-04-29 00:00:00-04:00,4.892008801324977,4.901793042866018,4.569136295083659,4.8822245597839355,14800,0.0,0.0
2024-04-30 00:00:00-04:00,4.794168374930382,4.833304405212402,4.794168374930382,4.833304405212402,3000,0.0,0.0
2024-05-01 00:00:00-04:00,4.745248443977564,5.136609241391226,4.745248443977564,4.8822245597839355,4400,0.0,0.0
2024-05-02 00:00:00-04:00,5.126824553442318,5.156176808971338,4.745248030794701,5.0583367347717285,1800,0.0,0.0
2024-05-03 00:00:00-04:00,4.999633082463753,5.08768892288208,4.999633082463753,5.08768892288208,3100,0.0,0.0
2024-05-06 00:00:00-04:00,5.234449037436228,5.479049464106503,5.038768882715324,5.1855292320251465,11200,0.0,0.0
2024-05-07 00:00:00-04:00,5.234448918588551,5.234448918588551,4.911576437360704,5.038768768310547,7100,0.0,0.0
2024-05-08 00:00:00-04:00,5.214881250742155,5.283369541168213,5.214881250742155,5.283369541168213,15000,0.0,0.0
2024-05-09 00:00:00-04:00,5.381209373474121,5.381209373474121,5.2833692963549765,5.381209373474121,16000,0.0,0.0
2024-05-10 00:00:00-04:00,5.332289218902588,5.332289218902588,5.146393301557501,5.332289218902588,3900,0.0,0.0
2024-05-13 00:00:00-04:00,5.185529064500359,5.244233109020125,5.04855249408263,5.0583367347717285,12500,0.0,0.0
2024-05-14 00:00:00-04:00,5.048552841486204,5.097473115221473,4.8920087119946345,4.921360969543457,4700,0.0,0.0
2024-05-15 00:00:00-04:00,5.058337103150827,5.058337103150827,4.911576747894287,4.911576747894287,1200,0.0,0.0
2024-05-16 00:00:00-04:00,4.901792670877943,5.028984535490915,4.6474080085754395,4.6474080085754395,4300,0.0,0.0
2024-05-17 00:00:00-04:00,4.892008650963942,4.892008650963942,4.598487945290786,4.755032539367676,1200,0.0,0.0
2024-05-20 00:00:00-04:00,4.862656516278294,4.862656516278294,4.706112384796143,4.706112384796143,500,0.0,0.0
2024-05-21 00:00:00-04:00,4.794168610837374,4.794168610837374,4.549568176269531,4.549568176269531,5500,0.0,0.0
2024-05-22 00:00:00-04:00,4.627840108939751,4.627840108939751,3.913606841672913,4.216911315917969,15900,0.0,0.0
2024-05-23 00:00:00-04:00,4.256047361849637,4.471296000153519,3.659222419052211,4.021231174468994,27100,0.0,0.0
2024-05-24 00:00:00-04:00,4.207127622365244,4.37345552444458,4.158207349287715,4.37345552444458,44300,0.0,0.0
2024-05-28 00:00:00-04:00,4.314751655346691,4.490864272487908,4.295183638613036,4.304967880249023,5000,0.0,0.0
2024-05-29 00:00:00-04:00,4.236479481493649,4.334319562692679,3.9625272541363623,4.158207416534424,12900,0.0,0.0
2024-05-30 00:00:00-04:00,4.295183530213067,4.295183530213067,4.158207416534424,4.158207416534424,10100,0.0,0.0
2024-05-31 00:00:00-04:00,4.167991539736085,4.285399633845702,3.972310916348427,4.207127571105957,13800,0.0,0.0
2024-06-03 00:00:00-04:00,4.158207298624469,4.295183408419024,4.158207298624469,4.207127571105957,2700,0.0,0.0
2024-06-04 00:00:00-04:00,4.304967451736557,4.304967451736557,4.246263407378938,4.285399436950684,7700,0.0,0.0
2024-06-05 00:00:00-04:00,4.2658315192595815,4.304967549722105,4.167991443103274,4.24626350402832,9900,0.0,0.0
2024-06-06 00:00:00-04:00,4.246263383657023,4.246263383657023,3.9625269375778305,4.099503040313721,13700,0.0,0.0
2024-06-07 00:00:00-04:00,4.099503187061237,4.148422992234645,4.040799140930176,4.040799140930176,7700,0.0,0.0
2024-06-10 00:00:00-04:00,4.207127584867806,4.207127584867806,3.913606882095337,3.913606882095337,5700,0.0,0.0
2024-06-11 00:00:00-04:00,4.109287039584785,4.167991553369916,3.913606882095337,3.913606882095337,11100,0.0,0.0
2024-06-12 00:00:00-04:00,4.011446969271592,4.079935257806,3.6690064596761447,3.8157668113708496,24400,0.0,0.0
2024-06-13 00:00:00-04:00,3.8842549372589326,3.9331749776235734,3.5907344618019343,3.786414623260498,10200,0.0,0.0
2024-06-14 00:00:00-04:00,3.7570624345777013,3.8842547672271235,3.2972136087414827,3.854902744293213,29500,0.0,0.0
2024-06-17 00:00:00-04:00,3.9918788766640083,4.031014907491045,3.835334753355863,3.845118761062622,7000,0.0,0.0
2024-06-18 00:00:00-04:00,3.9429591505381403,3.9429591505381403,3.717926502227783,3.717926502227783,10500,0.0,0.0
2024-06-20 00:00:00-04:00,3.688574475466219,3.8157668113708496,3.688574475466219,3.8157668113708496,2200,0.0,0.0
2024-06-21 00:00:00-04:00,3.815766865439859,3.9136069457766136,3.6983585357666016,3.6983585357666016,3700,0.0,0.0
2024-06-24 00:00:00-04:00,3.6983584755877956,3.913606882095337,3.6983584755877956,3.913606882095337,3100,0.0,0.0
2024-06-25 00:00:00-04:00,3.8940388909285093,3.9136069068009824,3.8940388909285093,3.903822898864746,2800,0.0,0.0
2024-06-26 00:00:00-04:00,3.8646868508460352,3.8646868508460352,3.8157668113708496,3.8157668113708496,500,0.0,0.0
2024-06-27 00:00:00-04:00,3.7961986984253913,3.9038227825163974,3.776630449866975,3.854902744293213,3300,0.0,0.0
2024-06-28 00:00:00-04:00,3.9723110304069764,4.070151111640979,3.8744709491729736,3.8744709491729736,32200,0.0,0.0
2024-07-01 00:00:00-04:00,3.952742795769267,3.952742795769267,3.8353347047753164,3.8646867275238037,2800,0.0,0.0
2024-07-02 00:00:00-04:00,3.874470735106633,3.874470735106633,3.8646867275238037,3.8646867275238037,1800,0.0,0.0
2024-07-03 00:00:00-04:00,3.894038866346392,3.913606882095337,3.894038866346392,3.913606882095337,1300,0.0,0.0
2024-07-05 00:00:00-04:00,3.913606882095337,3.913606882095337,3.9038228742208645,3.913606882095337,1800,0.0,0.0
2024-07-08 00:00:00-04:00,3.9136068264565003,4.050582934751756,3.884254803250374,4.031014919281006,4300,0.0,0.0
2024-07-09 00:00:00-04:00,3.933174996507499,4.216911465253842,3.933174996507499,4.158207416534424,4200,0.0,0.0
2024-07-10 00:00:00-04:00,3.96252703666687,3.972310810980671,3.9136067654830193,3.96252703666687,3500,0.0,0.0
2024-07-11 00:00:00-04:00,4.07015088681009,4.079935127662173,3.9136067654830193,3.96252703666687,5600,0.0,0.0
2024-07-12 00:00:00-04:00,4.031015023211077,4.578919937056808,4.031015023211077,4.559351921081543,33400,0.0,0.0
2024-07-15 00:00:00-04:00,4.666976377802495,5.322505631826172,4.666976377802495,4.8822245597839355,19600,0.0,0.0
2024-07-16 00:00:00-04:00,4.8822242741615,4.940928786896754,4.28539957122319,4.422375679016113,71500,0.0,0.0
2024-07-17 00:00:00-04:00,4.441944001734779,4.500648051993236,4.4028079682291414,4.490864276885986,8900,0.0,0.0
2024-07-18 00:00:00-04:00,4.4908641375412754,4.569136202123888,4.344103783179725,4.353887557983398,22800,0.0,0.0
2024-07-19 00:00:00-04:00,4.4517281445350125,4.57892001733503,4.4028078704700215,4.53000020980835,27400,0.0,0.0
2024-07-22 00:00:00-04:00,4.599999904632568,4.599999904632568,4.489999771118164,4.590000152587891,5800,0.1,0.0
2024-07-23 00:00:00-04:00,4.599999904632568,4.699999809265137,4.510000228881836,4.510000228881836,11800,0.0,0.0
2024-07-24 00:00:00-04:00,4.599999904632568,4.599999904632568,4.53000020980835,4.590000152587891,3800,0.0,0.0
2024-07-25 00:00:00-04:00,4.610000133514404,4.659999847412109,4.579999923706055,4.599999904632568,13900,0.0,0.0
2024-07-26 00:00:00-04:00,4.650000095367432,4.760000228881836,4.610000133514404,4.699999809265137,13000,0.0,0.0
2024-07-29 00:00:00-04:00,4.739999771118164,4.849999904632568,4.650000095367432,4.710000038146973,7300,0.0,0.0
2024-07-30 00:00:00-04:00,4.659999847412109,4.920000076293945,4.659999847412109,4.659999847412109,3400,0.0,0.0
2024-07-31 00:00:00-04:00,4.710000038146973,4.78000020980835,4.659999847412109,4.659999847412109,18000,0.0,0.0
2024-08-01 00:00:00-04:00,4.670000076293945,4.699999809265137,4.579999923706055,4.599999904632568,18800,0.0,0.0
2024-08-02 00:00:00-04:00,4.679999828338623,4.730000019073486,4.519999980926514,4.590000152587891,6400,0.0,0.0
2024-08-05 00:00:00-04:00,4.619999885559082,4.679999828338623,4.519999980926514,4.53000020980835,9300,0.0,0.0
2024-08-06 00:00:00-04:00,4.539999961853027,4.579999923706055,4.539999961853027,4.559999942779541,1000,0.0,0.0
2024-08-07 00:00:00-04:00,4.559999942779541,4.590000152587891,4.559999942779541,4.559999942779541,1800,0.0,0.0
2024-08-08 00:00:00-04:00,4.590000152587891,4.590000152587891,4.559999942779541,4.590000152587891,14300,0.0,0.0
2024-08-09 00:00:00-04:00,4.570000171661377,4.579999923706055,4.519999980926514,4.550000190734863,14300,0.0,0.0
2024-08-12 00:00:00-04:00,4.590000152587891,4.590000152587891,4.539999961853027,4.570000171661377,8800,0.0,0.0
2024-08-13 00:00:00-04:00,4.599999904632568,4.659999847412109,4.570000171661377,4.579999923706055,19000,0.0,0.0
2024-08-14 00:00:00-04:00,4.599999904632568,4.650000095367432,4.590000152587891,4.650000095367432,2200,0.0,0.0
2024-08-15 00:00:00-04:00,4.650000095367432,4.699999809265137,4.650000095367432,4.699999809265137,3600,0.0,0.0
2024-08-16 00:00:00-04:00,4.860000133514404,4.860000133514404,4.710000038146973,4.710000038146973,2300,0.0,0.0
2024-08-19 00:00:00-04:00,4.800000190734863,4.849999904632568,4.800000190734863,4.820000171661377,5500,0.0,0.0
2024-08-20 00:00:00-04:00,4.849999904632568,4.869999885559082,4.849999904632568,4.869999885559082,1300,0.0,0.0
2024-08-21 00:00:00-04:00,4.860000133514404,4.869999885559082,4.860000133514404,4.869999885559082,2100,0.0,0.0
2024-08-22 00:00:00-04:00,4.869999885559082,4.869999885559082,4.869999885559082,4.869999885559082,0,0.0,0.0
2024-08-23 00:00:00-04:00,4.900000095367432,4.949999809265137,4.900000095367432,4.949999809265137,5600,0.0,0.0
2024-08-26 00:00:00-04:00,5.0,5.289999961853027,5.0,5.079999923706055,7300,0.0,0.0
2024-08-27 00:00:00-04:00,5.059999942779541,5.230000019073486,5.050000190734863,5.159999847412109,15000,0.0,0.0
2024-08-28 00:00:00-04:00,5.170000076293945,5.179999828338623,5.170000076293945,5.179999828338623,19800,0.0,0.0
2024-08-29 00:00:00-04:00,5.21999979019165,5.25,5.170000076293945,5.25,9600,0.0,0.0
2024-08-30 00:00:00-04:00,5.230000019073486,5.230000019073486,5.230000019073486,5.230000019073486,400,0.0,0.0
2024-09-03 00:00:00-04:00,5.230000019073486,5.25,5.230000019073486,5.25,800,0.0,0.0
2024-09-04 00:00:00-04:00,5.289999961853027,5.440000057220459,5.289999961853027,5.440000057220459,900,0.0,0.0
2024-09-05 00:00:00-04:00,5.440000057220459,5.440000057220459,5.440000057220459,5.440000057220459,0,0.0,0.0
2024-09-06 00:00:00-04:00,5.440000057220459,5.440000057220459,5.440000057220459,5.440000057220459,300,0.0,0.0
2024-09-09 00:00:00-04:00,5.369999885559082,5.889999866485596,5.360000133514404,5.53000020980835,9100,0.0,0.0
2024-09-10 00:00:00-04:00,5.699999809265137,5.710000038146973,5.409999847412109,5.440000057220459,5300,0.0,0.0
2024-09-11 00:00:00-04:00,5.699999809265137,5.75,5.550000190734863,5.75,9100,0.0,0.0
2024-09-12 00:00:00-04:00,5.550000190734863,5.739999771118164,5.519999980926514,5.539999961853027,5000,0.0,0.0
2024-09-13 00:00:00-04:00,5.599999904632568,5.75,5.599999904632568,5.75,3500,0.0,0.0
2024-09-16 00:00:00-04:00,5.570000171661377,5.739999771118164,5.380000114440918,5.519999980926514,17300,0.0,0.0
2024-09-17 00:00:00-04:00,5.71999979019165,5.739999771118164,5.409999847412109,5.409999847412109,6800,0.0,0.0
2024-09-18 00:00:00-04:00,5.409999847412109,5.449999809265137,5.409999847412109,5.429999828338623,3700,0.0,0.0
2024-09-19 00:00:00-04:00,5.429999828338623,5.429999828338623,5.429999828338623,5.429999828338623,2600,0.0,0.0
2024-09-20 00:00:00-04:00,5.480000019073486,6.0,5.480000019073486,6.0,27300,0.0,0.0
2024-09-23 00:00:00-04:00,5.760000228881836,5.760000228881836,5.650000095367432,5.650000095367432,600,0.0,0.0
2024-09-24 00:00:00-04:00,5.929999828338623,5.929999828338623,5.690000057220459,5.849999904632568,4500,0.0,0.0
2024-09-25 00:00:00-04:00,5.710000038146973,5.880000114440918,5.710000038146973,5.820000171661377,5500,0.0,0.0
2024-09-26 00:00:00-04:00,5.679999828338623,5.889999866485596,5.659999847412109,5.760000228881836,11000,0.0,0.0
2024-09-27 00:00:00-04:00,5.670000076293945,5.75,5.659999847412109,5.659999847412109,7200,0.0,0.0
2024-09-30 00:00:00-04:00,5.679999828338623,5.75,5.599999904632568,5.599999904632568,6900,0.0,0.0
2024-10-01 00:00:00-04:00,5.599999904632568,5.599999904632568,5.599999904632568,5.599999904632568,600,0.0,0.0
2024-10-02 00:00:00-04:00,5.679999828338623,5.679999828338623,5.559999942779541,5.559999942779541,6200,0.0,0.0
2024-10-03 00:00:00-04:00,5.519999980926514,5.550000190734863,5.5,5.5,3300,0.0,0.0
2024-10-04 00:00:00-04:00,5.5,5.5,5.5,5.5,300,0.0,0.0
2024-10-07 00:00:00-04:00,5.489999771118164,5.489999771118164,5.130000114440918,5.190000057220459,6900,0.0,0.0
2024-10-08 00:00:00-04:00,5.139999866485596,5.300000190734863,5.119999885559082,5.119999885559082,7100,0.0,0.0
2024-10-09 00:00:00-04:00,5.130000114440918,5.130000114440918,5.130000114440918,5.130000114440918,1200,0.0,0.0
2024-10-10 00:00:00-04:00,5.360000133514404,5.599999904632568,5.360000133514404,5.599999904632568,10200,0.0,0.0
2024-10-11 00:00:00-04:00,5.429999828338623,5.539999961853027,5.429999828338623,5.539999961853027,1100,0.0,0.0
2024-10-14 00:00:00-04:00,5.349999904632568,5.550000190734863,5.349999904632568,5.360000133514404,6100,0.0,0.0
2024-10-15 00:00:00-04:00,5.460000038146973,5.460000038146973,5.369999885559082,5.369999885559082,1300,0.0,0.0
2024-10-16 00:00:00-04:00,5.599999904632568,5.650000095367432,5.400000095367432,5.559999942779541,6100,0.0,0.0
2024-10-17 00:00:00-04:00,5.53000020980835,5.639999866485596,5.449999809265137,5.5,5200,0.0,0.0
2024-10-18 00:00:00-04:00,5.5,5.5,5.5,5.5,0,0.0,0.0
2024-10-21 00:00:00-04:00,5.519999980926514,5.650000095367432,5.510000228881836,5.510000228881836,5700,0.0,0.0
2024-10-22 00:00:00-04:00,5.619999885559082,5.650000095367432,5.510000228881836,5.510000228881836,3600,0.0,0.0
2024-10-23 00:00:00-04:00,5.5,5.599999904632568,5.400000095367432,5.570000171661377,9000,0.0,0.0
2024-10-24 00:00:00-04:00,5.510000228881836,5.639999866485596,4.96999979019165,5.360000133514404,7800,0.0,0.0
2024-10-25 00:00:00-04:00,5.349999904632568,5.590000152587891,5.25,5.539999961853027,12600,0.0,0.0
2024-10-28 00:00:00-04:00,5.539999961853027,5.539999961853027,5.539999961853027,5.539999961853027,500,0.0,0.0
2024-10-29 00:00:00-04:00,5.570000171661377,5.570000171661377,5.570000171661377,5.570000171661377,400,0.0,0.0
2024-10-30 00:00:00-04:00,5.260000228881836,5.650000095367432,5.260000228881836,5.650000095367432,900,0.0,0.0
2024-10-31 00:00:00-04:00,5.570000171661377,5.900000095367432,5.570000171661377,5.900000095367432,1600,0.0,0.0
2024-11-01 00:00:00-04:00,5.869999885559082,5.869999885559082,5.389999866485596,5.5,18100,0.0,0.0
2024-11-04 00:00:00-05:00,5.5,5.5,5.289999961853027,5.5,2000,0.0,0.0
2024-11-05 00:00:00-05:00,5.5,5.5,5.5,5.5,400,0.0,0.0
2024-11-06 00:00:00-05:00,5.5,5.5,5.5,5.5,0,0.0,0.0
2024-11-07 00:00:00-05:00,5.5,5.710000038146973,5.400000095367432,5.610000133514404,3100,0.0,0.0
2024-11-08 00:00:00-05:00,5.349999904632568,5.5,5.25,5.360000133514404,4700,0.0,0.0
2024-11-11 00:00:00-05:00,5.480000019073486,5.739999771118164,5.340000152587891,5.699999809265137,5200,0.0,0.0
2024-11-12 00:00:00-05:00,5.519999980926514,6.159999847412109,5.519999980926514,6.159999847412109,9100,0.0,0.0
2024-11-13 00:00:00-05:00,6.059999942779541,6.059999942779541,5.670000076293945,5.960000038146973,800,0.0,0.0
2024-11-14 00:00:00-05:00,5.960000038146973,5.960000038146973,5.960000038146973,5.960000038146973,0,0.0,0.0
2024-11-15 00:00:00-05:00,5.760000228881836,5.760000228881836,5.760000228881836,5.760000228881836,300,0.0,0.0
2024-11-18 00:00:00-05:00,5.619999885559082,5.989999771118164,5.619999885559082,5.670000076293945,2400,0.0,0.0
2024-11-19 00:00:00-05:00,5.53000020980835,6.0,5.53000020980835,5.960000038146973,17400,0.0,0.0
2024-11-20 00:00:00-05:00,5.78000020980835,5.96999979019165,5.619999885559082,5.619999885559082,5400,0.0,0.0
2024-11-21 00:00:00-05:00,5.349999904632568,6.0,5.349999904632568,5.78000020980835,9700,0.0,0.0
2024-11-22 00:00:00-05:00,6.0,6.0,5.599999904632568,5.599999904632568,1500,0.0,0.0
2024-11-25 00:00:00-05:00,5.710000038146973,6.269999980926514,5.679999828338623,6.25,13200,0.0,0.0
2024-11-26 00:00:00-05:00,6.059999942779541,6.059999942779541,5.909999847412109,5.909999847412109,2700,0.0,0.0
2024-11-27 00:00:00-05:00,6.090000152587891,6.269999980926514,5.800000190734863,6.050000190734863,10000,0.0,0.0
2024-11-29 00:00:00-05:00,6.0,6.0,6.0,6.0,100,0.0,0.0
2024-12-02 00:00:00-05:00,6.289999961853027,6.289999961853027,5.869999885559082,5.869999885559082,22300,0.0,0.0
2024-12-03 00:00:00-05:00,6.210000038146973,6.309999942779541,6.0,6.0,4600,0.0,0.0
2024-12-04 00:00:00-05:00,5.960000038146973,5.960000038146973,5.960000038146973,5.960000038146973,900,0.0,0.0
2024-12-05 00:00:00-05:00,5.960000038146973,5.960000038146973,5.960000038146973,5.960000038146973,0,0.0,0.0
2024-12-06 00:00:00-05:00,5.980000019073486,5.980000019073486,5.980000019073486,5.980000019073486,700,0.0,0.0
2024-12-09 00:00:00-05:00,6.0,6.199999809265137,5.909999847412109,6.0,12300,0.0,0.0
2024-12-10 00:00:00-05:00,6.170000076293945,6.28000020980835,5.889999866485596,5.909999847412109,12400,0.0,0.0
2024-12-11 00:00:00-05:00,5.889999866485596,6.989999771118164,5.869999885559082,6.989999771118164,20200,0.0,0.0
2024-12-12 00:00:00-05:00,6.039999961853027,6.199999809265137,6.039999961853027,6.139999866485596,1200,0.0,0.0
2024-12-13 00:00:00-05:00,6.110000133514404,6.110000133514404,5.949999809265137,5.949999809265137,8700,0.0,0.0
2024-12-16 00:00:00-05:00,5.989999771118164,5.989999771118164,5.849999904632568,5.900000095367432,4592,0.0,0.0
