Date,Open,High,Low,Close,Volume,Dividends,Stock Splits
2022-01-03 00:00:00-05:00,49.31999969482422,49.31999969482422,47.18000030517578,48.65999984741211,531900,0.0,0.0
2022-01-04 00:00:00-05:00,48.720001220703125,48.91999816894531,44.880001068115234,46.36000061035156,1020200,0.0,0.0
2022-01-05 00:00:00-05:00,45.91999816894531,46.33000183105469,43.380001068115234,43.4900016784668,912200,0.0,0.0
2022-01-06 00:00:00-05:00,42.72999954223633,45.47999954223633,42.15999984741211,44.68000030517578,1943100,0.0,0.0
2022-01-07 00:00:00-05:00,42.55500030517578,45.970001220703125,42.55500030517578,43.869998931884766,1011300,0.0,0.0
2022-01-10 00:00:00-05:00,43.0,43.029998779296875,40.2599983215332,42.970001220703125,1116700,0.0,0.0
2022-01-11 00:00:00-05:00,43.060001373291016,43.939998626708984,42.540000915527344,43.47999954223633,707400,0.0,0.0
2022-01-12 00:00:00-05:00,43.91999816894531,44.959999084472656,42.369998931884766,42.720001220703125,741400,0.0,0.0
2022-01-13 00:00:00-05:00,42.7599983215332,42.875,39.58000183105469,39.65999984741211,1038900,0.0,0.0
2022-01-14 00:00:00-05:00,39.540000915527344,40.31999969482422,37.849998474121094,38.900001525878906,1152600,0.0,0.0
2022-01-18 00:00:00-05:00,38.04999923706055,38.959999084472656,37.06999969482422,37.15999984741211,855100,0.0,0.0
2022-01-19 00:00:00-05:00,37.209999084472656,38.2400016784668,36.099998474121094,36.41999816894531,1158700,0.0,0.0
2022-01-20 00:00:00-05:00,37.09000015258789,38.720001220703125,37.09000015258789,37.619998931884766,1292400,0.0,0.0
2022-01-21 00:00:00-05:00,37.11000061035156,37.66999816894531,35.95000076293945,36.09000015258789,1602800,0.0,0.0
2022-01-24 00:00:00-05:00,34.40999984741211,36.81999969482422,33.45000076293945,36.650001525878906,2114100,0.0,0.0
2022-01-25 00:00:00-05:00,36.20000076293945,36.83000183105469,34.119998931884766,34.25,1355800,0.0,0.0
2022-01-26 00:00:00-05:00,36.435001373291016,36.435001373291016,33.060001373291016,33.40999984741211,1400200,0.0,0.0
2022-01-27 00:00:00-05:00,34.209999084472656,34.86000061035156,32.4900016784668,32.7599983215332,1266800,0.0,0.0
2022-01-28 00:00:00-05:00,33.13999938964844,33.68000030517578,32.11000061035156,33.68000030517578,1246500,0.0,0.0
2022-01-31 00:00:00-05:00,33.970001220703125,37.279998779296875,33.970001220703125,37.2599983215332,1662600,0.0,0.0
2022-02-01 00:00:00-05:00,37.63999938964844,38.650001525878906,36.380001068115234,38.349998474121094,1528900,0.0,0.0
2022-02-02 00:00:00-05:00,38.720001220703125,38.72999954223633,37.540000915527344,37.59000015258789,1127700,0.0,0.0
2022-02-03 00:00:00-05:00,36.33000183105469,37.79999923706055,35.849998474121094,36.5,864200,0.0,0.0
2022-02-04 00:00:00-05:00,36.56999969482422,37.9900016784668,36.09000015258789,37.65999984741211,931400,0.0,0.0
2022-02-07 00:00:00-05:00,37.560001373291016,38.97999954223633,37.29999923706055,37.959999084472656,1677700,0.0,0.0
2022-02-08 00:00:00-05:00,38.34000015258789,39.790000915527344,36.5,39.279998779296875,2279600,0.0,0.0
2022-02-09 00:00:00-05:00,39.560001373291016,41.33000183105469,39.529998779296875,41.16999816894531,1013400,0.0,0.0
2022-02-10 00:00:00-05:00,40.33000183105469,42.125,39.779998779296875,40.790000915527344,1590700,0.0,0.0
2022-02-11 00:00:00-05:00,40.900001525878906,41.68000030517578,40.16999816894531,40.7599983215332,1391700,0.0,0.0
2022-02-14 00:00:00-05:00,40.459999084472656,42.18000030517578,40.20500183105469,41.0099983215332,1073900,0.0,0.0
2022-02-15 00:00:00-05:00,41.810001373291016,42.41999816894531,40.900001525878906,41.95000076293945,827400,0.0,0.0
2022-02-16 00:00:00-05:00,41.150001525878906,41.81999969482422,40.79999923706055,41.15999984741211,733100,0.0,0.0
2022-02-17 00:00:00-05:00,40.56999969482422,40.880001068115234,39.2400016784668,39.90999984741211,864500,0.0,0.0
2022-02-18 00:00:00-05:00,40.060001373291016,40.95000076293945,39.369998931884766,39.47999954223633,1057500,0.0,0.0
2022-02-22 00:00:00-05:00,38.5099983215332,40.36000061035156,37.5,37.7400016784668,1116800,0.0,0.0
2022-02-23 00:00:00-05:00,38.11000061035156,38.47999954223633,36.52000045776367,36.61000061035156,755000,0.0,0.0
2022-02-24 00:00:00-05:00,35.060001373291016,41.380001068115234,34.9900016784668,41.040000915527344,1388400,0.0,0.0
2022-02-25 00:00:00-05:00,41.08000183105469,41.77000045776367,39.2400016784668,41.529998779296875,969000,0.0,0.0
2022-02-28 00:00:00-05:00,41.849998474121094,44.310001373291016,41.849998474121094,43.599998474121094,1832800,0.0,0.0
2022-03-01 00:00:00-05:00,43.470001220703125,45.439998626708984,43.369998931884766,43.970001220703125,1692300,0.0,0.0
2022-03-02 00:00:00-05:00,44.33000183105469,44.939998626708984,42.41999816894531,44.689998626708984,1994400,0.0,0.0
2022-03-03 00:00:00-05:00,44.689998626708984,44.880001068115234,41.70000076293945,42.349998474121094,1346500,0.0,0.0
2022-03-04 00:00:00-05:00,42.290000915527344,43.54999923706055,40.630001068115234,41.619998931884766,930600,0.0,0.0
2022-03-07 00:00:00-05:00,41.84000015258789,42.34000015258789,39.415000915527344,40.220001220703125,1172300,0.0,0.0
2022-03-08 00:00:00-05:00,40.29999923706055,41.959999084472656,39.625,40.61000061035156,913200,0.0,0.0
2022-03-09 00:00:00-05:00,41.709999084472656,42.959999084472656,41.08000183105469,41.81999969482422,732200,0.0,0.0
2022-03-10 00:00:00-05:00,41.290000915527344,41.84000015258789,40.279998779296875,41.40999984741211,601100,0.0,0.0
2022-03-11 00:00:00-05:00,41.9900016784668,42.439998626708984,40.16999816894531,40.38999938964844,748800,0.0,0.0
2022-03-14 00:00:00-04:00,39.849998474121094,39.849998474121094,35.900001525878906,36.349998474121094,1643600,0.0,0.0
2022-03-15 00:00:00-04:00,36.529998779296875,38.130001068115234,35.935001373291016,37.900001525878906,929600,0.0,0.0
2022-03-16 00:00:00-04:00,39.189998626708984,39.709999084472656,37.720001220703125,39.5099983215332,1169600,0.0,0.0
2022-03-17 00:00:00-04:00,39.400001525878906,41.32500076293945,39.09000015258789,41.22999954223633,1292400,0.0,0.0
2022-03-18 00:00:00-04:00,41.38999938964844,44.040000915527344,41.22999954223633,44.0,4253800,0.0,0.0
2022-03-21 00:00:00-04:00,43.88999938964844,43.959999084472656,42.43000030517578,43.83000183105469,1057700,0.0,0.0
2022-03-22 00:00:00-04:00,43.79999923706055,46.599998474121094,43.5,45.900001525878906,1432700,0.0,0.0
2022-03-23 00:00:00-04:00,45.0,48.220001220703125,45.0,46.650001525878906,1371600,0.0,0.0
2022-03-24 00:00:00-04:00,46.779998779296875,47.349998474121094,45.689998626708984,47.08000183105469,746300,0.0,0.0
2022-03-25 00:00:00-04:00,47.08000183105469,47.099998474121094,44.62300109863281,46.18000030517578,563900,0.0,0.0
2022-03-28 00:00:00-04:00,46.34000015258789,47.15999984741211,45.61000061035156,47.11000061035156,573100,0.0,0.0
2022-03-29 00:00:00-04:00,47.939998626708984,48.709999084472656,46.81999969482422,48.16999816894531,752700,0.0,0.0
2022-03-30 00:00:00-04:00,47.790000915527344,48.540000915527344,46.66999816894531,47.36000061035156,670500,0.0,0.0
2022-03-31 00:00:00-04:00,47.209999084472656,48.43000030517578,47.04999923706055,47.540000915527344,747800,0.0,0.0
2022-04-01 00:00:00-04:00,47.5,48.779998779296875,47.5,48.349998474121094,625100,0.0,0.0
2022-04-04 00:00:00-04:00,48.4900016784668,49.709999084472656,48.439998626708984,49.2599983215332,795500,0.0,0.0
2022-04-05 00:00:00-04:00,49.43000030517578,49.619998931884766,47.099998474121094,47.45000076293945,686500,0.0,0.0
2022-04-06 00:00:00-04:00,46.369998931884766,46.369998931884766,44.25,45.099998474121094,972700,0.0,0.0
2022-04-07 00:00:00-04:00,45.029998779296875,46.43000030517578,44.55500030517578,45.13999938964844,680800,0.0,0.0
2022-04-08 00:00:00-04:00,44.790000915527344,45.36000061035156,44.21500015258789,44.459999084472656,577800,0.0,0.0
2022-04-11 00:00:00-04:00,44.959999084472656,48.23500061035156,44.70000076293945,47.68000030517578,1611300,0.0,0.0
2022-04-12 00:00:00-04:00,48.900001525878906,49.84000015258789,47.474998474121094,48.04999923706055,1237500,0.0,0.0
2022-04-13 00:00:00-04:00,48.18000030517578,51.400001525878906,47.540000915527344,51.04999923706055,1355500,0.0,0.0
2022-04-14 00:00:00-04:00,50.90999984741211,51.599998474121094,49.22999954223633,49.61000061035156,1229100,0.0,0.0
2022-04-18 00:00:00-04:00,49.77000045776367,49.869998931884766,47.849998474121094,48.54999923706055,953300,0.0,0.0
2022-04-19 00:00:00-04:00,48.369998931884766,50.79999923706055,47.869998931884766,49.88999938964844,607400,0.0,0.0
2022-04-20 00:00:00-04:00,50.09000015258789,50.59000015258789,48.38999938964844,48.63999938964844,560300,0.0,0.0
2022-04-21 00:00:00-04:00,49.310001373291016,50.380001068115234,45.5099983215332,45.93000030517578,1223400,0.0,0.0
2022-04-22 00:00:00-04:00,45.83000183105469,46.689998626708984,44.43000030517578,44.540000915527344,1065400,0.0,0.0
2022-04-25 00:00:00-04:00,44.060001373291016,47.189998626708984,43.779998779296875,46.810001373291016,939000,0.0,0.0
2022-04-26 00:00:00-04:00,46.380001068115234,46.599998474121094,43.81999969482422,43.97999954223633,744900,0.0,0.0
2022-04-27 00:00:00-04:00,43.400001525878906,44.58000183105469,42.810001373291016,43.34000015258789,793500,0.0,0.0
2022-04-28 00:00:00-04:00,43.869998931884766,44.849998474121094,42.900001525878906,44.11000061035156,1182700,0.0,0.0
2022-04-29 00:00:00-04:00,44.79999923706055,45.86000061035156,43.04999923706055,43.20000076293945,1042800,0.0,0.0
2022-05-02 00:00:00-04:00,43.08000183105469,44.099998474121094,42.43000030517578,43.66999816894531,1606400,0.0,0.0
2022-05-03 00:00:00-04:00,39.5,40.04999923706055,35.529998779296875,38.349998474121094,6549900,0.0,0.0
2022-05-04 00:00:00-04:00,38.470001220703125,39.755001068115234,36.7599983215332,39.22999954223633,2542600,0.0,0.0
2022-05-05 00:00:00-04:00,38.27000045776367,38.83000183105469,36.400001525878906,37.20000076293945,1754400,0.0,0.0
2022-05-06 00:00:00-04:00,36.9900016784668,36.9900016784668,34.09000015258789,34.5,1073000,0.0,0.0
2022-05-09 00:00:00-04:00,33.75,34.43000030517578,29.770000457763672,30.280000686645508,2028100,0.0,0.0
2022-05-10 00:00:00-04:00,31.309999465942383,31.889999389648438,28.65999984741211,30.190000534057617,2916700,0.0,0.0
2022-05-11 00:00:00-04:00,29.6200008392334,30.729999542236328,28.329999923706055,28.450000762939453,1060600,0.0,0.0
2022-05-12 00:00:00-04:00,27.979999542236328,30.700000762939453,27.969999313354492,29.8700008392334,1197000,0.0,0.0
2022-05-13 00:00:00-04:00,30.670000076293945,32.56999969482422,30.604999542236328,31.969999313354492,2432700,0.0,0.0
2022-05-16 00:00:00-04:00,31.540000915527344,31.84000015258789,30.5,30.59000015258789,1012700,0.0,0.0
2022-05-17 00:00:00-04:00,31.350000381469727,32.0,30.024999618530273,31.260000228881836,1455800,0.0,0.0
2022-05-18 00:00:00-04:00,30.75,32.064998626708984,30.68000030517578,31.450000762939453,1441800,0.0,0.0
2022-05-19 00:00:00-04:00,31.239999771118164,32.95000076293945,31.239999771118164,32.27000045776367,1269800,0.0,0.0
2022-05-20 00:00:00-04:00,33.08000183105469,33.90999984741211,31.844999313354492,32.90999984741211,947300,0.0,0.0
2022-05-23 00:00:00-04:00,32.77000045776367,34.2599983215332,31.940000534057617,34.209999084472656,1217500,0.0,0.0
2022-05-24 00:00:00-04:00,33.779998779296875,34.470001220703125,30.79400062561035,31.399999618530273,1002300,0.0,0.0
2022-05-25 00:00:00-04:00,31.309999465942383,32.61000061035156,31.139999389648438,32.16999816894531,708700,0.0,0.0
2022-05-26 00:00:00-04:00,31.8799991607666,33.41999816894531,31.579999923706055,32.65999984741211,958400,0.0,0.0
2022-05-27 00:00:00-04:00,33.2599983215332,34.31999969482422,33.189998626708984,34.06999969482422,658000,0.0,0.0
2022-05-31 00:00:00-04:00,34.369998931884766,34.369998931884766,32.459999084472656,33.06999969482422,936100,0.0,0.0
2022-06-01 00:00:00-04:00,33.40999984741211,34.119998931884766,32.02000045776367,32.4900016784668,1059300,0.0,0.0
2022-06-02 00:00:00-04:00,32.540000915527344,35.380001068115234,32.5099983215332,35.16999816894531,953500,0.0,0.0
2022-06-03 00:00:00-04:00,34.529998779296875,35.01499938964844,33.650001525878906,34.349998474121094,819400,0.0,0.0
2022-06-06 00:00:00-04:00,34.90999984741211,35.189998626708984,33.2599983215332,33.93000030517578,575600,0.0,0.0
2022-06-07 00:00:00-04:00,33.52000045776367,34.85499954223633,33.375,34.58000183105469,375300,0.0,0.0
2022-06-08 00:00:00-04:00,34.2599983215332,35.130001068115234,34.189998626708984,34.459999084472656,330900,0.0,0.0
2022-06-09 00:00:00-04:00,34.060001373291016,35.040000915527344,33.15999984741211,33.83000183105469,1338700,0.0,0.0
2022-06-10 00:00:00-04:00,33.060001373291016,33.5,31.299999237060547,31.6200008392334,680400,0.0,0.0
2022-06-13 00:00:00-04:00,30.1200008392334,30.84000015258789,29.229999542236328,29.649999618530273,1002400,0.0,0.0
2022-06-14 00:00:00-04:00,29.829999923706055,30.25,28.770000457763672,29.329999923706055,622800,0.0,0.0
2022-06-15 00:00:00-04:00,29.920000076293945,31.459999084472656,29.559999465942383,30.760000228881836,914000,0.0,0.0
2022-06-16 00:00:00-04:00,29.600000381469727,30.459999084472656,28.440000534057617,28.65999984741211,1209900,0.0,0.0
2022-06-17 00:00:00-04:00,28.670000076293945,29.940000534057617,28.670000076293945,29.610000610351562,2268200,0.0,0.0
2022-06-21 00:00:00-04:00,30.31999969482422,30.8700008392334,29.860000610351562,29.979999542236328,666200,0.0,0.0
2022-06-22 00:00:00-04:00,29.610000610351562,30.93000030517578,29.520000457763672,30.149999618530273,886400,0.0,0.0
2022-06-23 00:00:00-04:00,30.5,33.04999923706055,30.079999923706055,32.86000061035156,915500,0.0,0.0
2022-06-24 00:00:00-04:00,33.34000015258789,35.09000015258789,33.22999954223633,34.91999816894531,1743400,0.0,0.0
2022-06-27 00:00:00-04:00,33.5,34.29999923706055,31.424999237060547,32.400001525878906,1465000,0.0,0.0
2022-06-28 00:00:00-04:00,32.43000030517578,32.599998474121094,30.6200008392334,30.920000076293945,1031100,0.0,0.0
2022-06-29 00:00:00-04:00,30.93000030517578,31.184999465942383,30.100000381469727,30.610000610351562,765800,0.0,0.0
2022-06-30 00:00:00-04:00,30.25,30.459999084472656,29.05500030517578,29.31999969482422,1102000,0.0,0.0
2022-07-01 00:00:00-04:00,29.489999771118164,30.969999313354492,29.209999084472656,30.530000686645508,655100,0.0,0.0
2022-07-05 00:00:00-04:00,30.280000686645508,31.81999969482422,29.549999237060547,31.81999969482422,816800,0.0,0.0
2022-07-06 00:00:00-04:00,31.850000381469727,32.599998474121094,30.959999084472656,31.170000076293945,661500,0.0,0.0
2022-07-07 00:00:00-04:00,31.360000610351562,32.81999969482422,31.34000015258789,32.5,995300,0.0,0.0
2022-07-08 00:00:00-04:00,32.08000183105469,32.810001373291016,31.469999313354492,32.15999984741211,598800,0.0,0.0
2022-07-11 00:00:00-04:00,32.41999816894531,32.41999816894531,30.520000457763672,30.709999084472656,733000,0.0,0.0
2022-07-12 00:00:00-04:00,30.760000228881836,31.34000015258789,28.190000534057617,28.68000030517578,1321500,0.0,0.0
2022-07-13 00:00:00-04:00,27.950000762939453,28.635000228881836,27.30500030517578,27.959999084472656,996000,0.0,0.0
2022-07-14 00:00:00-04:00,27.84000015258789,28.049999237060547,26.479999542236328,27.34000015258789,917000,0.0,0.0
2022-07-15 00:00:00-04:00,28.15999984741211,28.329999923706055,27.170000076293945,27.690000534057617,1021500,0.0,0.0
2022-07-18 00:00:00-04:00,27.979999542236328,28.43600082397461,26.889999389648438,27.100000381469727,1097700,0.0,0.0
2022-07-19 00:00:00-04:00,27.729999542236328,28.170000076293945,26.979999542236328,28.079999923706055,846100,0.0,0.0
2022-07-20 00:00:00-04:00,28.56999969482422,29.700000762939453,28.100000381469727,28.899999618530273,1278200,0.0,0.0
2022-07-21 00:00:00-04:00,28.940000534057617,29.899999618530273,28.670000076293945,29.84000015258789,1127400,0.0,0.0
2022-07-22 00:00:00-04:00,29.950000762939453,30.040000915527344,28.65999984741211,29.09000015258789,969800,0.0,0.0
2022-07-25 00:00:00-04:00,28.3799991607666,28.540000915527344,26.899999618530273,27.5,2001500,0.0,0.0
2022-07-26 00:00:00-04:00,27.420000076293945,27.420000076293945,25.200000762939453,25.479999542236328,1766900,0.0,0.0
2022-07-27 00:00:00-04:00,25.90999984741211,26.030000686645508,24.959999084472656,25.90999984741211,3304900,0.0,0.0
2022-07-28 00:00:00-04:00,25.950000762939453,26.8700008392334,24.68000030517578,25.889999389648438,1770800,0.0,0.0
2022-07-29 00:00:00-04:00,25.760000228881836,26.049999237060547,24.829999923706055,25.43000030517578,2220400,0.0,0.0
2022-08-01 00:00:00-04:00,25.329999923706055,26.110000610351562,24.579999923706055,25.389999389648438,2124500,0.0,0.0
2022-08-02 00:00:00-04:00,27.530000686645508,28.339000701904297,26.649999618530273,27.84000015258789,3117000,0.0,0.0
2022-08-03 00:00:00-04:00,28.200000762939453,30.25,28.030000686645508,30.049999237060547,2496400,0.0,0.0
2022-08-04 00:00:00-04:00,30.0,30.299999237060547,28.68000030517578,30.239999771118164,1830600,0.0,0.0
2022-08-05 00:00:00-04:00,29.90999984741211,30.110000610351562,28.975000381469727,29.959999084472656,888700,0.0,0.0
2022-08-08 00:00:00-04:00,30.360000610351562,31.579999923706055,30.110000610351562,31.110000610351562,1188900,0.0,0.0
2022-08-09 00:00:00-04:00,30.709999084472656,30.899999618530273,29.059999465942383,29.68000030517578,953800,0.0,0.0
2022-08-10 00:00:00-04:00,30.93000030517578,31.610000610351562,30.850000381469727,31.110000610351562,607800,0.0,0.0
2022-08-11 00:00:00-04:00,31.729999542236328,32.099998474121094,30.479999542236328,30.700000762939453,637500,0.0,0.0
2022-08-12 00:00:00-04:00,30.899999618530273,31.209999084472656,30.405000686645508,30.8700008392334,775400,0.0,0.0
2022-08-15 00:00:00-04:00,30.81999969482422,31.969999313354492,30.56999969482422,31.889999389648438,898100,0.0,0.0
2022-08-16 00:00:00-04:00,31.43000030517578,31.860000610351562,30.040000915527344,31.290000915527344,1272700,0.0,0.0
2022-08-17 00:00:00-04:00,30.450000762939453,30.93000030517578,29.65999984741211,29.8799991607666,982600,0.0,0.0
2022-08-18 00:00:00-04:00,29.670000076293945,30.520000457763672,29.485000610351562,30.329999923706055,540700,0.0,0.0
2022-08-19 00:00:00-04:00,29.799999237060547,30.09000015258789,28.684999465942383,29.239999771118164,1105000,0.0,0.0
2022-08-22 00:00:00-04:00,28.719999313354492,28.979999542236328,28.18000030517578,28.860000610351562,679500,0.0,0.0
2022-08-23 00:00:00-04:00,29.360000610351562,29.84000015258789,28.690000534057617,28.739999771118164,844000,0.0,0.0
2022-08-24 00:00:00-04:00,28.790000915527344,29.3799991607666,28.790000915527344,29.0,473200,0.0,0.0
2022-08-25 00:00:00-04:00,29.479999542236328,29.479999542236328,28.809999465942383,29.190000534057617,608700,0.0,0.0
2022-08-26 00:00:00-04:00,29.229999542236328,29.309999465942383,27.93000030517578,28.25,545700,0.0,0.0
2022-08-29 00:00:00-04:00,27.920000076293945,28.65999984741211,27.239999771118164,27.290000915527344,656500,0.0,0.0
2022-08-30 00:00:00-04:00,27.709999084472656,27.950000762939453,26.708999633789062,27.31999969482422,704100,0.0,0.0
2022-08-31 00:00:00-04:00,27.8700008392334,28.700000762939453,26.899999618530273,27.350000381469727,1559300,0.0,0.0
2022-09-01 00:00:00-04:00,26.790000915527344,26.850000381469727,25.09000015258789,25.8700008392334,1733100,0.0,0.0
2022-09-02 00:00:00-04:00,26.329999923706055,26.610000610351562,25.5,25.739999771118164,755800,0.0,0.0
2022-09-06 00:00:00-04:00,26.110000610351562,26.110000610351562,25.170000076293945,25.760000228881836,1370700,0.0,0.0
2022-09-07 00:00:00-04:00,25.889999389648438,27.170000076293945,25.850000381469727,27.100000381469727,1112600,0.0,0.0
2022-09-08 00:00:00-04:00,26.690000534057617,28.219999313354492,26.420000076293945,28.200000762939453,888400,0.0,0.0
2022-09-09 00:00:00-04:00,28.865999221801758,29.940000534057617,28.399999618530273,29.829999923706055,1030300,0.0,0.0
2022-09-12 00:00:00-04:00,29.8799991607666,30.920000076293945,29.799999237060547,30.579999923706055,1115100,0.0,0.0
2022-09-13 00:00:00-04:00,28.829999923706055,29.549999237060547,28.6200008392334,29.110000610351562,1113100,0.0,0.0
2022-09-14 00:00:00-04:00,29.1200008392334,29.190000534057617,28.440000534057617,28.84000015258789,945100,0.0,0.0
2022-09-15 00:00:00-04:00,28.389999389648438,29.360000610351562,28.209999084472656,28.719999313354492,941600,0.0,0.0
2022-09-16 00:00:00-04:00,28.059999465942383,28.059999465942383,26.40999984741211,26.81999969482422,1635900,0.0,0.0
2022-09-19 00:00:00-04:00,26.59000015258789,28.600000381469727,26.49799919128418,28.40999984741211,1028600,0.0,0.0
2022-09-20 00:00:00-04:00,28.15999984741211,28.309999465942383,27.690000534057617,27.790000915527344,517000,0.0,0.0
2022-09-21 00:00:00-04:00,27.93000030517578,28.469999313354492,27.15999984741211,27.3799991607666,785300,0.0,0.0
2022-09-22 00:00:00-04:00,27.360000610351562,27.3799991607666,25.93000030517578,26.469999313354492,785000,0.0,0.0
2022-09-23 00:00:00-04:00,26.15999984741211,26.590999603271484,25.690000534057617,26.3700008392334,933400,0.0,0.0
2022-09-26 00:00:00-04:00,26.18000030517578,27.1200008392334,26.079999923706055,26.190000534057617,711900,0.0,0.0
2022-09-27 00:00:00-04:00,26.68000030517578,27.059999465942383,25.760000228881836,26.40999984741211,499600,0.0,0.0
2022-09-28 00:00:00-04:00,26.729999542236328,27.739999771118164,26.459999084472656,27.440000534057617,588200,0.0,0.0
2022-09-29 00:00:00-04:00,26.81999969482422,27.0049991607666,26.139999389648438,26.899999618530273,481300,0.0,0.0
2022-09-30 00:00:00-04:00,26.760000228881836,27.889999389648438,26.43000030517578,26.520000457763672,557200,0.0,0.0
2022-10-03 00:00:00-04:00,26.690000534057617,27.020000457763672,26.094999313354492,26.950000762939453,770900,0.0,0.0
2022-10-04 00:00:00-04:00,28.30900001525879,28.594999313354492,27.84000015258789,28.209999084472656,799000,0.0,0.0
2022-10-05 00:00:00-04:00,27.510000228881836,28.44499969482422,27.040000915527344,28.40999984741211,653300,0.0,0.0
2022-10-06 00:00:00-04:00,28.229999542236328,28.565000534057617,27.75,27.969999313354492,779000,0.0,0.0
2022-10-07 00:00:00-04:00,27.110000610351562,27.329999923706055,25.68000030517578,25.889999389648438,963900,0.0,0.0
2022-10-10 00:00:00-04:00,25.889999389648438,25.889999389648438,23.1299991607666,23.15999984741211,1318200,0.0,0.0
2022-10-11 00:00:00-04:00,23.059999465942383,24.815000534057617,22.920000076293945,24.170000076293945,1449300,0.0,0.0
2022-10-12 00:00:00-04:00,24.270000457763672,24.709999084472656,23.6200008392334,24.6299991607666,885600,0.0,0.0
2022-10-13 00:00:00-04:00,23.530000686645508,25.09000015258789,23.079999923706055,24.649999618530273,1088500,0.0,0.0
2022-10-14 00:00:00-04:00,24.920000076293945,25.389999389648438,24.219999313354492,24.40999984741211,1127900,0.0,0.0
2022-10-17 00:00:00-04:00,25.329999923706055,26.40999984741211,25.200000762939453,26.15999984741211,732600,0.0,0.0
2022-10-18 00:00:00-04:00,26.75,27.545000076293945,26.1200008392334,26.709999084472656,1055900,0.0,0.0
2022-10-19 00:00:00-04:00,26.43000030517578,26.530000686645508,25.850000381469727,26.09000015258789,665200,0.0,0.0
2022-10-20 00:00:00-04:00,26.0,27.190000534057617,26.0,26.459999084472656,801900,0.0,0.0
2022-10-21 00:00:00-04:00,26.360000610351562,26.780000686645508,25.559999465942383,26.65999984741211,730600,0.0,0.0
2022-10-24 00:00:00-04:00,26.540000915527344,26.729999542236328,25.649999618530273,26.350000381469727,794600,0.0,0.0
2022-10-25 00:00:00-04:00,26.719999313354492,28.079999923706055,26.719999313354492,27.309999465942383,1218300,0.0,0.0
2022-10-26 00:00:00-04:00,26.799999237060547,28.079999923706055,24.160999298095703,26.760000228881836,597400,0.0,0.0
2022-10-27 00:00:00-04:00,27.209999084472656,27.950000762939453,26.979999542236328,27.0,922900,0.0,0.0
2022-10-28 00:00:00-04:00,26.889999389648438,27.239999771118164,26.440000534057617,27.0,799100,0.0,0.0
2022-10-31 00:00:00-04:00,26.81999969482422,27.059999465942383,26.260000228881836,26.770000457763672,1265100,0.0,0.0
2022-11-01 00:00:00-04:00,19.0,19.010000228881836,17.010000228881836,17.270000457763672,12093600,0.0,0.0
2022-11-02 00:00:00-04:00,17.399999618530273,18.469999313354492,17.100000381469727,17.600000381469727,5244700,0.0,0.0
2022-11-03 00:00:00-04:00,17.219999313354492,17.940000534057617,16.790000915527344,17.0,3111300,0.0,0.0
2022-11-04 00:00:00-04:00,17.139999389648438,17.139999389648438,15.845000267028809,16.010000228881836,3100700,0.0,0.0
2022-11-07 00:00:00-05:00,16.059999465942383,16.790000915527344,15.609999656677246,16.59000015258789,2332600,0.0,0.0
2022-11-08 00:00:00-05:00,17.719999313354492,19.415000915527344,17.579999923706055,18.670000076293945,3130100,0.0,0.0
2022-11-09 00:00:00-05:00,18.459999084472656,18.459999084472656,17.729999542236328,17.770000457763672,1899500,0.0,0.0
2022-11-10 00:00:00-05:00,18.850000381469727,20.139999389648438,18.719999313354492,19.809999465942383,2578400,0.0,0.0
2022-11-11 00:00:00-05:00,19.8700008392334,21.415000915527344,19.75,20.790000915527344,4268000,0.0,0.0
2022-11-14 00:00:00-05:00,20.790000915527344,21.360000610351562,20.100000381469727,20.729999542236328,2160900,0.0,0.0
2022-11-15 00:00:00-05:00,21.399999618530273,22.0,21.229999542236328,21.59000015258789,1707900,0.0,0.0
2022-11-16 00:00:00-05:00,21.209999084472656,21.235000610351562,20.350000381469727,20.979999542236328,1412900,0.0,0.0
2022-11-17 00:00:00-05:00,20.56999969482422,21.139999389648438,20.260000228881836,20.649999618530273,1106200,0.0,0.0
2022-11-18 00:00:00-05:00,21.25,21.25,20.260000228881836,20.700000762939453,1055100,0.0,0.0
2022-11-21 00:00:00-05:00,20.350000381469727,20.729999542236328,20.030000686645508,20.100000381469727,818500,0.0,0.0
2022-11-22 00:00:00-05:00,20.100000381469727,20.239999771118164,19.479999542236328,20.229999542236328,819300,0.0,0.0
2022-11-23 00:00:00-05:00,20.350000381469727,21.15999984741211,19.799999237060547,20.799999237060547,751700,0.0,0.0
2022-11-25 00:00:00-05:00,20.600000381469727,21.499000549316406,20.5,21.209999084472656,639800,0.0,0.0
2022-11-28 00:00:00-05:00,20.90999984741211,21.350000381469727,20.579999923706055,21.100000381469727,1192500,0.0,0.0
2022-11-29 00:00:00-05:00,21.059999465942383,21.229999542236328,20.610000610351562,20.729999542236328,813900,0.0,0.0
2022-11-30 00:00:00-05:00,20.56999969482422,21.469999313354492,20.079999923706055,21.239999771118164,2059900,0.0,0.0
2022-12-01 00:00:00-05:00,21.399999618530273,22.520000457763672,21.25,21.959999084472656,1219300,0.0,0.0
2022-12-02 00:00:00-05:00,21.479999542236328,21.860000610351562,21.125,21.84000015258789,1119200,0.0,0.0
2022-12-05 00:00:00-05:00,21.530000686645508,22.0,20.104999542236328,20.90999984741211,2149500,0.0,0.0
2022-12-06 00:00:00-05:00,20.780000686645508,20.969999313354492,20.1200008392334,20.829999923706055,823700,0.0,0.0
2022-12-07 00:00:00-05:00,20.829999923706055,21.260000228881836,20.5,20.510000228881836,1103900,0.0,0.0
2022-12-08 00:00:00-05:00,20.56999969482422,21.09000015258789,20.405000686645508,20.700000762939453,957900,0.0,0.0
2022-12-09 00:00:00-05:00,20.489999771118164,21.540000915527344,20.270000457763672,21.229999542236328,1431200,0.0,0.0
2022-12-12 00:00:00-05:00,21.309999465942383,22.770000457763672,21.219999313354492,22.329999923706055,2046900,0.0,0.0
2022-12-13 00:00:00-05:00,23.760000228881836,24.350000381469727,23.479999542236328,24.06999969482422,1947600,0.0,0.0
2022-12-14 00:00:00-05:00,24.059999465942383,24.770000457763672,23.639999389648438,24.020000457763672,2198900,0.0,0.0
2022-12-15 00:00:00-05:00,23.760000228881836,24.204999923706055,23.399999618530273,23.700000762939453,2000300,0.0,0.0
2022-12-16 00:00:00-05:00,23.65999984741211,24.19499969482422,23.15999984741211,23.889999389648438,3573500,0.0,0.0
2022-12-19 00:00:00-05:00,23.729999542236328,23.8799991607666,22.8700008392334,22.940000534057617,1174700,0.0,0.0
2022-12-20 00:00:00-05:00,22.670000076293945,23.854999542236328,22.530000686645508,23.389999389648438,1032700,0.0,0.0
2022-12-21 00:00:00-05:00,23.3700008392334,23.920000076293945,22.739999771118164,23.8700008392334,828900,0.0,0.0
2022-12-22 00:00:00-05:00,23.530000686645508,23.6299991607666,23.1200008392334,23.610000610351562,783200,0.0,0.0
2022-12-23 00:00:00-05:00,23.3799991607666,24.0,22.81999969482422,23.420000076293945,672500,0.0,0.0
2022-12-27 00:00:00-05:00,23.360000610351562,23.46500015258789,22.5,22.649999618530273,449500,0.0,0.0
2022-12-28 00:00:00-05:00,22.520000457763672,22.854999542236328,22.309999465942383,22.690000534057617,572700,0.0,0.0
2022-12-29 00:00:00-05:00,22.829999923706055,23.850000381469727,22.829999923706055,23.790000915527344,682300,0.0,0.0
2022-12-30 00:00:00-05:00,23.079999923706055,24.03499984741211,23.079999923706055,23.940000534057617,570000,0.0,0.0
2023-01-03 00:00:00-05:00,24.3700008392334,24.81999969482422,23.520000457763672,24.03499984741211,747500,0.0,0.0
2023-01-04 00:00:00-05:00,24.450000762939453,24.799999237060547,22.010000228881836,24.450000762939453,872300,0.0,0.0
2023-01-05 00:00:00-05:00,23.780000686645508,24.049999237060547,22.65999984741211,22.84000015258789,1252900,0.0,0.0
2023-01-06 00:00:00-05:00,23.0,23.299999237060547,22.18000030517578,23.139999389648438,1361200,0.0,0.0
2023-01-09 00:00:00-05:00,23.489999771118164,24.469999313354492,23.329999923706055,23.770000457763672,1004700,0.0,0.0
2023-01-10 00:00:00-05:00,23.510000228881836,24.34000015258789,23.25,24.200000762939453,1270800,0.0,0.0
2023-01-11 00:00:00-05:00,24.510000228881836,24.90999984741211,24.295000076293945,24.889999389648438,1245800,0.0,0.0
2023-01-12 00:00:00-05:00,24.860000610351562,24.860000610351562,23.739999771118164,24.510000228881836,973500,0.0,0.0
2023-01-13 00:00:00-05:00,24.170000076293945,24.770000457763672,24.170000076293945,24.610000610351562,675000,0.0,0.0
2023-01-17 00:00:00-05:00,24.68000030517578,25.549999237060547,24.325000762939453,25.31999969482422,642500,0.0,0.0
2023-01-18 00:00:00-05:00,25.479999542236328,25.90999984741211,24.969999313354492,25.010000228881836,739800,0.0,0.0
2023-01-19 00:00:00-05:00,24.709999084472656,25.360000610351562,24.670000076293945,25.200000762939453,675800,0.0,0.0
2023-01-20 00:00:00-05:00,25.540000915527344,25.889999389648438,25.209999084472656,25.719999313354492,604500,0.0,0.0
2023-01-23 00:00:00-05:00,25.760000228881836,25.920000076293945,25.540000915527344,25.799999237060547,775700,0.0,0.0
2023-01-24 00:00:00-05:00,25.43000030517578,26.329999923706055,25.190000534057617,25.56999969482422,1516600,0.0,0.0
2023-01-25 00:00:00-05:00,25.139999389648438,26.459999084472656,24.4950008392334,26.290000915527344,1415500,0.0,0.0
2023-01-26 00:00:00-05:00,26.84000015258789,27.139999389648438,25.899999618530273,26.799999237060547,1037200,0.0,0.0
2023-01-27 00:00:00-05:00,26.690000534057617,26.850000381469727,26.270000457763672,26.729999542236328,942200,0.0,0.0
2023-01-30 00:00:00-05:00,25.809999465942383,26.149999618530273,25.280000686645508,25.65999984741211,896400,0.0,0.0
2023-01-31 00:00:00-05:00,25.790000915527344,26.03499984741211,25.389999389648438,25.84000015258789,1555300,0.0,0.0
2023-02-01 00:00:00-05:00,25.860000610351562,27.389999389648438,25.860000610351562,27.139999389648438,1278100,0.0,0.0
2023-02-02 00:00:00-05:00,27.239999771118164,27.93000030517578,26.90999984741211,27.309999465942383,1316300,0.0,0.0
2023-02-03 00:00:00-05:00,26.469999313354492,26.989999771118164,25.989999771118164,26.420000076293945,1570500,0.0,0.0
2023-02-06 00:00:00-05:00,26.149999618530273,27.079999923706055,25.940000534057617,26.229999542236328,2010500,0.0,0.0
2023-02-07 00:00:00-05:00,28.5,28.639999389648438,26.850000381469727,28.540000915527344,3187500,0.0,0.0
2023-02-08 00:00:00-05:00,29.139999389648438,29.989999771118164,28.15999984741211,28.559999465942383,2221600,0.0,0.0
2023-02-09 00:00:00-05:00,29.0,29.1200008392334,27.389999389648438,27.610000610351562,1322800,0.0,0.0
2023-02-10 00:00:00-05:00,27.260000228881836,27.56999969482422,26.969999313354492,27.479999542236328,994900,0.0,0.0
2023-02-13 00:00:00-05:00,27.579999923706055,28.030000686645508,27.450000762939453,27.670000076293945,1083500,0.0,0.0
2023-02-14 00:00:00-05:00,27.389999389648438,28.84000015258789,27.299999237060547,27.31999969482422,1405700,0.0,0.0
2023-02-15 00:00:00-05:00,27.25,28.270000457763672,26.940000534057617,28.260000228881836,690500,0.0,0.0
2023-02-16 00:00:00-05:00,27.510000228881836,27.940000534057617,27.079999923706055,27.09000015258789,1055700,0.0,0.0
2023-02-17 00:00:00-05:00,27.040000915527344,27.34000015258789,26.545000076293945,27.329999923706055,795900,0.0,0.0
2023-02-21 00:00:00-05:00,26.739999771118164,26.969999313354492,26.43000030517578,26.93000030517578,970800,0.0,0.0
2023-02-22 00:00:00-05:00,27.270000457763672,27.43000030517578,27.010000228881836,27.360000610351562,561700,0.0,0.0
2023-02-23 00:00:00-05:00,27.56999969482422,27.665000915527344,26.920000076293945,27.450000762939453,685200,0.0,0.0
2023-02-24 00:00:00-05:00,26.829999923706055,27.530000686645508,26.360000610351562,27.479999542236328,845300,0.0,0.0
2023-02-27 00:00:00-05:00,27.860000610351562,27.950000762939453,27.0,27.100000381469727,1034600,0.0,0.0
2023-02-28 00:00:00-05:00,27.079999923706055,27.420000076293945,26.459999084472656,27.079999923706055,2371200,0.0,0.0
2023-03-01 00:00:00-05:00,27.190000534057617,27.549999237060547,26.8799991607666,26.93000030517578,796400,0.0,0.0
2023-03-02 00:00:00-05:00,26.719999313354492,27.579999923706055,26.719999313354492,27.389999389648438,706700,0.0,0.0
2023-03-03 00:00:00-05:00,27.549999237060547,28.079999923706055,27.420000076293945,27.950000762939453,816400,0.0,0.0
2023-03-06 00:00:00-05:00,28.0,28.09000015258789,27.260000228881836,27.510000228881836,637800,0.0,0.0
2023-03-07 00:00:00-05:00,27.559999465942383,27.725000381469727,27.06999969482422,27.079999923706055,1169100,0.0,0.0
2023-03-08 00:00:00-05:00,27.270000457763672,27.40999984741211,26.860000610351562,26.93000030517578,937600,0.0,0.0
2023-03-09 00:00:00-05:00,26.75,26.860000610351562,25.049999237060547,25.049999237060547,1381400,0.0,0.0
2023-03-10 00:00:00-05:00,24.989999771118164,25.09000015258789,23.799999237060547,24.299999237060547,1785200,0.0,0.0
2023-03-13 00:00:00-04:00,23.860000610351562,24.65999984741211,23.31999969482422,23.59000015258789,2058200,0.0,0.0
2023-03-14 00:00:00-04:00,24.1299991607666,26.09000015258789,24.110000610351562,25.5,3004600,0.0,0.0
2023-03-15 00:00:00-04:00,25.889999389648438,26.200000762939453,25.440000534057617,25.649999618530273,1412400,0.0,0.0
2023-03-16 00:00:00-04:00,25.56999969482422,26.15999984741211,25.09000015258789,25.809999465942383,1158500,0.0,0.0
2023-03-17 00:00:00-04:00,25.920000076293945,26.25,25.219999313354492,25.3700008392334,3027200,0.0,0.0
2023-03-20 00:00:00-04:00,25.270000457763672,26.170000076293945,25.020000457763672,26.020000457763672,1217600,0.0,0.0
2023-03-21 00:00:00-04:00,26.3799991607666,27.1200008392334,26.28499984741211,26.850000381469727,915400,0.0,0.0
2023-03-22 00:00:00-04:00,26.8700008392334,26.8700008392334,25.969999313354492,25.979999542236328,751700,0.0,0.0
2023-03-23 00:00:00-04:00,26.280000686645508,26.829999923706055,25.969999313354492,26.18000030517578,500900,0.0,0.0
2023-03-24 00:00:00-04:00,25.950000762939453,26.15999984741211,25.520000457763672,25.729999542236328,404300,0.0,0.0
2023-03-27 00:00:00-04:00,25.799999237060547,25.989999771118164,25.350000381469727,25.459999084472656,624600,0.0,0.0
2023-03-28 00:00:00-04:00,25.389999389648438,25.5,24.989999771118164,25.149999618530273,579500,0.0,0.0
2023-03-29 00:00:00-04:00,25.43000030517578,25.55500030517578,24.81999969482422,24.889999389648438,1166100,0.0,0.0
2023-03-30 00:00:00-04:00,25.110000610351562,25.110000610351562,24.510000228881836,24.549999237060547,742400,0.0,0.0
2023-03-31 00:00:00-04:00,24.639999389648438,26.09000015258789,24.549999237060547,26.010000228881836,985100,0.0,0.0
2023-04-03 00:00:00-04:00,25.940000534057617,26.0,25.25,25.399999618530273,684300,0.0,0.0
2023-04-04 00:00:00-04:00,25.389999389648438,25.770000457763672,25.209999084472656,25.700000762939453,736700,0.0,0.0
2023-04-05 00:00:00-04:00,25.6200008392334,25.6200008392334,24.389999389648438,24.6200008392334,602500,0.0,0.0
2023-04-06 00:00:00-04:00,24.559999465942383,25.299999237060547,24.290000915527344,25.270000457763672,833100,0.0,0.0
2023-04-10 00:00:00-04:00,24.959999084472656,24.959999084472656,24.440000534057617,24.700000762939453,499100,0.0,0.0
2023-04-11 00:00:00-04:00,24.59000015258789,25.010000228881836,24.238000869750977,24.920000076293945,643200,0.0,0.0
2023-04-12 00:00:00-04:00,25.239999771118164,25.5,24.600000381469727,24.6299991607666,478400,0.0,0.0
2023-04-13 00:00:00-04:00,24.8700008392334,25.3799991607666,24.84000015258789,24.90999984741211,409200,0.0,0.0
2023-04-14 00:00:00-04:00,24.65999984741211,25.020000457763672,24.329999923706055,24.950000762939453,544800,0.0,0.0
2023-04-17 00:00:00-04:00,24.719999313354492,25.219999313354492,24.600000381469727,25.209999084472656,802100,0.0,0.0
2023-04-18 00:00:00-04:00,25.450000762939453,25.8700008392334,25.219999313354492,25.510000228881836,1037200,0.0,0.0
2023-04-19 00:00:00-04:00,25.299999237060547,25.59000015258789,24.979999542236328,25.5,910100,0.0,0.0
2023-04-20 00:00:00-04:00,25.149999618530273,25.360000610351562,24.719999313354492,24.75,815300,0.0,0.0
2023-04-21 00:00:00-04:00,24.989999771118164,25.56999969482422,24.850000381469727,25.25,1070500,0.0,0.0
2023-04-24 00:00:00-04:00,25.389999389648438,25.389999389648438,24.434999465942383,24.510000228881836,810200,0.0,0.0
2023-04-25 00:00:00-04:00,23.600000381469727,23.940000534057617,23.239999771118164,23.280000686645508,1646500,0.0,0.0
2023-04-26 00:00:00-04:00,23.459999084472656,23.770000457763672,23.399999618530273,23.450000762939453,1023800,0.0,0.0
2023-04-27 00:00:00-04:00,23.729999542236328,23.729999542236328,23.010000228881836,23.030000686645508,832200,0.0,0.0
2023-04-28 00:00:00-04:00,22.790000915527344,23.209999084472656,22.43000030517578,23.15999984741211,1515700,0.0,0.0
2023-05-01 00:00:00-04:00,23.010000228881836,23.31999969482422,22.719999313354492,23.229999542236328,1786100,0.0,0.0
2023-05-02 00:00:00-04:00,22.770000457763672,24.149999618530273,22.343000411987305,23.25,3060800,0.0,0.0
2023-05-03 00:00:00-04:00,23.239999771118164,23.40999984741211,22.549999237060547,22.969999313354492,1642700,0.0,0.0
2023-05-04 00:00:00-04:00,23.1200008392334,23.270000457763672,22.350000381469727,22.440000534057617,1261700,0.0,0.0
2023-05-05 00:00:00-04:00,22.75,23.344999313354492,22.75,23.030000686645508,1306500,0.0,0.0
2023-05-08 00:00:00-04:00,23.290000915527344,23.3799991607666,22.8700008392334,23.190000534057617,826100,0.0,0.0
2023-05-09 00:00:00-04:00,23.540000915527344,24.264999389648438,23.43000030517578,23.600000381469727,838000,0.0,0.0
2023-05-10 00:00:00-04:00,23.940000534057617,24.290000915527344,23.68000030517578,24.020000457763672,727200,0.0,0.0
2023-05-11 00:00:00-04:00,23.93000030517578,23.93000030517578,23.5,23.510000228881836,709700,0.0,0.0
2023-05-12 00:00:00-04:00,23.5,23.645000457763672,23.09000015258789,23.6200008392334,1252100,0.0,0.0
2023-05-15 00:00:00-04:00,23.56999969482422,24.329999923706055,23.540000915527344,24.229999542236328,659700,0.0,0.0
2023-05-16 00:00:00-04:00,23.979999542236328,24.209999084472656,23.670000076293945,23.68000030517578,687700,0.0,0.0
2023-05-17 00:00:00-04:00,23.739999771118164,24.06999969482422,23.270000457763672,24.010000228881836,1296000,0.0,0.0
2023-05-18 00:00:00-04:00,24.190000534057617,24.93000030517578,24.09000015258789,24.84000015258789,861300,0.0,0.0
2023-05-19 00:00:00-04:00,25.0,25.06999969482422,24.6200008392334,24.770000457763672,674200,0.0,0.0
2023-05-22 00:00:00-04:00,24.81999969482422,25.239999771118164,24.809999465942383,25.110000610351562,582700,0.0,0.0
2023-05-23 00:00:00-04:00,25.110000610351562,25.690000534057617,25.045000076293945,25.43000030517578,821000,0.0,0.0
2023-05-24 00:00:00-04:00,25.190000534057617,25.770000457763672,25.075000762939453,25.739999771118164,724600,0.0,0.0
2023-05-25 00:00:00-04:00,26.049999237060547,26.049999237060547,25.014999389648438,25.020000457763672,521500,0.0,0.0
2023-05-26 00:00:00-04:00,25.010000228881836,26.014999389648438,25.010000228881836,25.649999618530273,551400,0.0,0.0
2023-05-30 00:00:00-04:00,25.899999618530273,26.25,25.3700008392334,25.540000915527344,538300,0.0,0.0
2023-05-31 00:00:00-04:00,25.3799991607666,26.489999771118164,25.3799991607666,26.280000686645508,1577500,0.0,0.0
2023-06-01 00:00:00-04:00,25.799999237060547,26.190000534057617,25.360000610351562,26.0,771400,0.0,0.0
2023-06-02 00:00:00-04:00,26.299999237060547,26.729999542236328,26.030000686645508,26.479999542236328,646900,0.0,0.0
2023-06-05 00:00:00-04:00,26.190000534057617,26.219999313354492,25.770000457763672,25.920000076293945,564500,0.0,0.0
2023-06-06 00:00:00-04:00,25.84000015258789,26.860000610351562,25.670000076293945,26.770000457763672,817700,0.0,0.0
2023-06-07 00:00:00-04:00,26.6200008392334,27.0,25.729999542236328,25.959999084472656,931100,0.0,0.0
2023-06-08 00:00:00-04:00,25.809999465942383,26.09000015258789,25.645000457763672,25.84000015258789,476900,0.0,0.0
2023-06-09 00:00:00-04:00,25.899999618530273,26.030000686645508,25.290000915527344,25.5,477500,0.0,0.0
2023-06-12 00:00:00-04:00,25.6200008392334,25.90999984741211,25.44499969482422,25.8799991607666,522400,0.0,0.0
2023-06-13 00:00:00-04:00,26.06999969482422,26.709999084472656,25.809999465942383,26.56999969482422,681000,0.0,0.0
2023-06-14 00:00:00-04:00,26.450000762939453,26.670000076293945,25.934999465942383,26.34000015258789,686600,0.0,0.0
2023-06-15 00:00:00-04:00,26.059999465942383,27.389999389648438,25.809999465942383,27.1299991607666,1154300,0.0,0.0
2023-06-16 00:00:00-04:00,27.479999542236328,27.489999771118164,26.200000762939453,26.479999542236328,1471500,0.0,0.0
2023-06-20 00:00:00-04:00,26.25,26.3700008392334,25.920000076293945,26.139999389648438,588500,0.0,0.0
2023-06-21 00:00:00-04:00,25.920000076293945,26.110000610351562,25.200000762939453,25.600000381469727,682700,0.0,0.0
2023-06-22 00:00:00-04:00,25.360000610351562,25.709999084472656,25.020000457763672,25.540000915527344,711500,0.0,0.0
2023-06-23 00:00:00-04:00,25.110000610351562,25.3700008392334,24.889999389648438,25.0,946300,0.0,0.0
2023-06-26 00:00:00-04:00,24.8700008392334,25.211000442504883,24.65999984741211,24.709999084472656,721700,0.0,0.0
2023-06-27 00:00:00-04:00,24.8799991607666,25.239999771118164,24.690000534057617,25.190000534057617,736600,0.0,0.0
2023-06-28 00:00:00-04:00,25.110000610351562,25.81999969482422,25.020000457763672,25.799999237060547,785900,0.0,0.0
2023-06-29 00:00:00-04:00,25.84000015258789,26.549999237060547,25.84000015258789,26.530000686645508,884900,0.0,0.0
2023-06-30 00:00:00-04:00,26.709999084472656,26.780000686645508,25.649999618530273,26.649999618530273,1039000,0.0,0.0
2023-07-03 00:00:00-04:00,26.59000015258789,26.829999923706055,26.260000228881836,26.459999084472656,461800,0.0,0.0
2023-07-05 00:00:00-04:00,26.280000686645508,26.815000534057617,26.184999465942383,26.690000534057617,771600,0.0,0.0
2023-07-06 00:00:00-04:00,26.239999771118164,26.290000915527344,25.549999237060547,26.1299991607666,830700,0.0,0.0
2023-07-07 00:00:00-04:00,26.219999313354492,26.81999969482422,26.145000457763672,26.219999313354492,756400,0.0,0.0
2023-07-10 00:00:00-04:00,26.110000610351562,27.020000457763672,25.927000045776367,27.010000228881836,557200,0.0,0.0
2023-07-11 00:00:00-04:00,27.0,27.010000228881836,26.030000686645508,26.450000762939453,791500,0.0,0.0
2023-07-12 00:00:00-04:00,27.030000686645508,27.030000686645508,25.920000076293945,26.0,625400,0.0,0.0
2023-07-13 00:00:00-04:00,26.1299991607666,26.850000381469727,26.094999313354492,26.790000915527344,681900,0.0,0.0
2023-07-14 00:00:00-04:00,26.760000228881836,26.860000610351562,26.270000457763672,26.31999969482422,420100,0.0,0.0
2023-07-17 00:00:00-04:00,26.3799991607666,26.969999313354492,26.239999771118164,26.389999389648438,601200,0.0,0.0
2023-07-18 00:00:00-04:00,26.34000015258789,26.8799991607666,26.219999313354492,26.799999237060547,530100,0.0,0.0
2023-07-19 00:00:00-04:00,27.0,27.770000457763672,26.670000076293945,26.8799991607666,633500,0.0,0.0
2023-07-20 00:00:00-04:00,26.639999389648438,26.812999725341797,26.31999969482422,26.3700008392334,651200,0.0,0.0
2023-07-21 00:00:00-04:00,26.639999389648438,26.90999984741211,26.3700008392334,26.40999984741211,639500,0.0,0.0
2023-07-24 00:00:00-04:00,26.40999984741211,26.520000457763672,25.96500015258789,26.350000381469727,325100,0.0,0.0
2023-07-25 00:00:00-04:00,26.299999237060547,27.139999389648438,26.299999237060547,26.90999984741211,615600,0.0,0.0
2023-07-26 00:00:00-04:00,26.850000381469727,27.510000228881836,26.834999084472656,27.420000076293945,634400,0.0,0.0
2023-07-27 00:00:00-04:00,27.809999465942383,28.475000381469727,27.420000076293945,28.0,2283000,0.0,0.0
2023-07-28 00:00:00-04:00,28.280000686645508,28.329999923706055,27.3700008392334,28.030000686645508,911600,0.0,0.0
2023-07-31 00:00:00-04:00,28.149999618530273,28.850000381469727,28.149999618530273,28.700000762939453,1243100,0.0,0.0
2023-08-01 00:00:00-04:00,32.52000045776367,32.54999923706055,29.795000076293945,31.90999984741211,3605300,0.0,0.0
2023-08-02 00:00:00-04:00,31.59000015258789,31.770000457763672,30.389999389648438,30.549999237060547,1655700,0.0,0.0
2023-08-03 00:00:00-04:00,30.549999237060547,30.979999542236328,29.850000381469727,30.260000228881836,1044300,0.0,0.0
2023-08-04 00:00:00-04:00,30.139999389648438,30.670000076293945,29.649999618530273,29.790000915527344,926600,0.0,0.0
2023-08-07 00:00:00-04:00,29.790000915527344,30.399999618530273,29.100000381469727,30.399999618530273,729900,0.0,0.0
2023-08-08 00:00:00-04:00,30.059999465942383,30.854999542236328,29.40999984741211,30.790000915527344,1068600,0.0,0.0
2023-08-09 00:00:00-04:00,30.729999542236328,31.149999618530273,30.43000030517578,30.530000686645508,1019500,0.0,0.0
2023-08-10 00:00:00-04:00,30.760000228881836,31.15999984741211,30.360000610351562,30.8799991607666,1068700,0.0,0.0
2023-08-11 00:00:00-04:00,30.729999542236328,30.899999618530273,30.469999313354492,30.56999969482422,602000,0.0,0.0
2023-08-14 00:00:00-04:00,30.389999389648438,30.760000228881836,30.260000228881836,30.600000381469727,926800,0.0,0.0
2023-08-15 00:00:00-04:00,30.34000015258789,31.084999084472656,30.34000015258789,30.59000015258789,720400,0.0,0.0
2023-08-16 00:00:00-04:00,30.389999389648438,30.719999313354492,30.25,30.309999465942383,608500,0.0,0.0
2023-08-17 00:00:00-04:00,30.31999969482422,30.31999969482422,29.5,29.690000534057617,704700,0.0,0.0
2023-08-18 00:00:00-04:00,29.25,29.950000762939453,29.25,29.770000457763672,499400,0.0,0.0
2023-08-21 00:00:00-04:00,29.8700008392334,30.170000076293945,29.55500030517578,29.729999542236328,385200,0.0,0.0
2023-08-22 00:00:00-04:00,29.809999465942383,29.860000610351562,29.454999923706055,29.68000030517578,443900,0.0,0.0
2023-08-23 00:00:00-04:00,29.68000030517578,30.469999313354492,29.4950008392334,30.229999542236328,502200,0.0,0.0
2023-08-24 00:00:00-04:00,30.139999389648438,30.264999389648438,29.649999618530273,29.65999984741211,421400,0.0,0.0
2023-08-25 00:00:00-04:00,29.739999771118164,31.128000259399414,29.670000076293945,30.940000534057617,1247600,0.0,0.0
2023-08-28 00:00:00-04:00,31.0,31.579999923706055,30.780000686645508,31.270000457763672,840200,0.0,0.0
2023-08-29 00:00:00-04:00,31.18000030517578,31.8799991607666,30.940000534057617,31.649999618530273,696600,0.0,0.0
2023-08-30 00:00:00-04:00,31.510000228881836,31.899999618530273,31.459999084472656,31.860000610351562,662400,0.0,0.0
2023-08-31 00:00:00-04:00,32.0,32.63999938964844,31.90999984741211,31.93000030517578,1124800,0.0,0.0
2023-09-01 00:00:00-04:00,32.029998779296875,32.5,32.0,32.2400016784668,863500,0.0,0.0
2023-09-05 00:00:00-04:00,31.8799991607666,32.37900161743164,31.719999313354492,32.06999969482422,820200,0.0,0.0
2023-09-06 00:00:00-04:00,32.02000045776367,32.08000183105469,31.489999771118164,31.639999389648438,683200,0.0,0.0
2023-09-07 00:00:00-04:00,31.31999969482422,31.40999984741211,30.985000610351562,30.989999771118164,581800,0.0,0.0
2023-09-08 00:00:00-04:00,30.989999771118164,31.110000610351562,30.34000015258789,30.559999465942383,686900,0.0,0.0
2023-09-11 00:00:00-04:00,30.760000228881836,31.719999313354492,30.760000228881836,31.56999969482422,635800,0.0,0.0
2023-09-12 00:00:00-04:00,31.190000534057617,31.459999084472656,30.989999771118164,31.079999923706055,416400,0.0,0.0
2023-09-13 00:00:00-04:00,31.06999969482422,31.18000030517578,30.81999969482422,31.09000015258789,624900,0.0,0.0
2023-09-14 00:00:00-04:00,31.25,31.700000762939453,31.15999984741211,31.579999923706055,698500,0.0,0.0
2023-09-15 00:00:00-04:00,31.459999084472656,31.459999084472656,30.780000686645508,30.850000381469727,1871400,0.0,0.0
2023-09-18 00:00:00-04:00,30.790000915527344,31.780000686645508,30.65999984741211,31.559999465942383,504400,0.0,0.0
2023-09-19 00:00:00-04:00,31.440000534057617,31.56999969482422,30.899999618530273,31.399999618530273,441400,0.0,0.0
2023-09-20 00:00:00-04:00,31.479999542236328,32.279998779296875,31.260000228881836,31.610000610351562,660500,0.0,0.0
2023-09-21 00:00:00-04:00,31.559999465942383,31.559999465942383,30.25,30.399999618530273,643900,0.0,0.0
2023-09-22 00:00:00-04:00,30.559999465942383,30.93000030517578,30.450000762939453,30.540000915527344,592900,0.0,0.0
2023-09-25 00:00:00-04:00,30.31999969482422,30.770000457763672,30.229999542236328,30.34000015258789,626900,0.0,0.0
2023-09-26 00:00:00-04:00,30.1200008392334,30.450000762939453,29.6299991607666,29.899999618530273,497400,0.0,0.0
2023-09-27 00:00:00-04:00,29.940000534057617,30.450000762939453,29.90999984741211,30.18000030517578,497500,0.0,0.0
2023-09-28 00:00:00-04:00,30.020000457763672,30.65999984741211,29.80500030517578,30.5,605100,0.0,0.0
2023-09-29 00:00:00-04:00,30.81999969482422,31.059999465942383,30.479999542236328,30.540000915527344,607000,0.0,0.0
2023-10-02 00:00:00-04:00,30.43000030517578,30.604999542236328,30.149999618530273,30.350000381469727,571000,0.0,0.0
2023-10-03 00:00:00-04:00,30.0,30.25,29.469999313354492,29.81999969482422,480900,0.0,0.0
2023-10-04 00:00:00-04:00,29.920000076293945,30.459999084472656,29.90999984741211,30.0,396500,0.0,0.0
2023-10-05 00:00:00-04:00,29.920000076293945,30.145000457763672,29.600000381469727,29.950000762939453,665800,0.0,0.0
2023-10-06 00:00:00-04:00,29.649999618530273,30.969999313354492,29.649999618530273,30.950000762939453,579600,0.0,0.0
2023-10-09 00:00:00-04:00,30.549999237060547,30.889999389648438,30.100000381469727,30.760000228881836,505700,0.0,0.0
2023-10-10 00:00:00-04:00,30.559999465942383,30.959999084472656,30.299999237060547,30.31999969482422,742000,0.0,0.0
2023-10-11 00:00:00-04:00,30.440000534057617,30.65999984741211,30.1299991607666,30.43000030517578,503800,0.0,0.0
2023-10-12 00:00:00-04:00,30.459999084472656,30.510000228881836,29.7450008392334,30.040000915527344,637100,0.0,0.0
2023-10-13 00:00:00-04:00,31.09000015258789,31.09000015258789,30.06999969482422,30.579999923706055,1179000,0.0,0.0
2023-10-16 00:00:00-04:00,32.029998779296875,33.040000915527344,32.0,32.630001068115234,2342400,0.0,0.0
2023-10-17 00:00:00-04:00,32.68000030517578,33.95500183105469,32.630001068115234,33.849998474121094,2043400,0.0,0.0
2023-10-18 00:00:00-04:00,33.79999923706055,34.16999816894531,32.900001525878906,33.029998779296875,1203500,0.0,0.0
2023-10-19 00:00:00-04:00,33.16999816894531,33.529998779296875,32.720001220703125,33.0,791800,0.0,0.0
2023-10-20 00:00:00-04:00,33.0,33.0,31.809999465942383,32.220001220703125,1150800,0.0,0.0
2023-10-23 00:00:00-04:00,32.029998779296875,32.22999954223633,31.389999389648438,31.8799991607666,877700,0.0,0.0
2023-10-24 00:00:00-04:00,32.34000015258789,32.70000076293945,32.0099983215332,32.540000915527344,725200,0.0,0.0
2023-10-25 00:00:00-04:00,32.43000030517578,32.65999984741211,31.15999984741211,31.3799991607666,998600,0.0,0.0
2023-10-26 00:00:00-04:00,31.459999084472656,31.829999923706055,30.889999389648438,31.09000015258789,865100,0.0,0.0
2023-10-27 00:00:00-04:00,31.6299991607666,31.639999389648438,31.139999389648438,31.510000228881836,1218500,0.0,0.0
2023-10-30 00:00:00-04:00,31.760000228881836,31.8799991607666,31.030000686645508,31.5,1553700,0.0,0.0
2023-10-31 00:00:00-04:00,32.97999954223633,34.61000061035156,31.559999465942383,33.63999938964844,3188100,0.0,0.0
2023-11-01 00:00:00-04:00,33.63999938964844,34.060001373291016,33.13999938964844,33.56999969482422,1181800,0.0,0.0
2023-11-02 00:00:00-04:00,33.0,33.5,32.2599983215332,33.34000015258789,1429200,0.0,0.0
2023-11-03 00:00:00-04:00,33.5,34.63999938964844,33.22999954223633,34.38999938964844,1342900,0.0,0.0
2023-11-06 00:00:00-05:00,34.2599983215332,34.45500183105469,33.540000915527344,33.970001220703125,1036800,0.0,0.0
2023-11-07 00:00:00-05:00,34.380001068115234,35.439998626708984,34.16999816894531,35.2599983215332,1555600,0.0,0.0
2023-11-08 00:00:00-05:00,35.2599983215332,35.380001068115234,34.65999984741211,35.36000061035156,1315700,0.0,0.0
2023-11-09 00:00:00-05:00,35.560001373291016,35.83000183105469,35.084999084472656,35.310001373291016,1025800,0.0,0.0
2023-11-10 00:00:00-05:00,35.36000061035156,35.86000061035156,35.11000061035156,35.560001373291016,1250400,0.0,0.0
2023-11-13 00:00:00-05:00,35.22999954223633,35.9370002746582,34.95000076293945,35.880001068115234,756900,0.0,0.0
2023-11-14 00:00:00-05:00,37.09000015258789,37.939998626708984,36.67499923706055,37.93000030517578,1464100,0.0,0.0
2023-11-15 00:00:00-05:00,38.0,38.470001220703125,37.724998474121094,38.04999923706055,1361500,0.0,0.0
2023-11-16 00:00:00-05:00,38.0,38.119998931884766,37.4900016784668,37.869998931884766,1277400,0.0,0.0
2023-11-17 00:00:00-05:00,37.77000045776367,38.91999816894531,36.87200164794922,38.65999984741211,1426700,0.0,0.0
2023-11-20 00:00:00-05:00,38.68000030517578,39.4900016784668,38.459999084472656,39.209999084472656,1771500,0.0,0.0
2023-11-21 00:00:00-05:00,38.849998474121094,39.529998779296875,38.619998931884766,39.4900016784668,1318100,0.0,0.0
2023-11-22 00:00:00-05:00,39.72999954223633,40.08000183105469,39.30500030517578,39.540000915527344,885100,0.0,0.0
2023-11-24 00:00:00-05:00,39.720001220703125,40.0,39.558998107910156,39.970001220703125,431200,0.0,0.0
2023-11-27 00:00:00-05:00,39.66999816894531,40.63999938964844,39.66999816894531,40.349998474121094,1644500,0.0,0.0
2023-11-28 00:00:00-05:00,40.2400016784668,40.63999938964844,40.099998474121094,40.279998779296875,1027100,0.0,0.0
2023-11-29 00:00:00-05:00,40.84000015258789,41.4900016784668,40.84000015258789,41.470001220703125,2564800,0.0,0.0
2023-11-30 00:00:00-05:00,41.5,41.959999084472656,40.47999954223633,41.88999938964844,2401900,0.0,0.0
2023-12-01 00:00:00-05:00,41.79999923706055,43.380001068115234,41.290000915527344,43.08000183105469,2145900,0.0,0.0
2023-12-04 00:00:00-05:00,42.97999954223633,44.060001373291016,42.61000061035156,44.0,1895300,0.0,0.0
2023-12-05 00:00:00-05:00,43.619998931884766,44.56999969482422,43.58000183105469,44.41999816894531,1323800,0.0,0.0
2023-12-06 00:00:00-05:00,44.689998626708984,45.029998779296875,43.52000045776367,43.540000915527344,1468500,0.0,0.0
2023-12-07 00:00:00-05:00,43.459999084472656,43.7400016784668,42.849998474121094,43.5,1065000,0.0,0.0
2023-12-08 00:00:00-05:00,43.34000015258789,43.66999816894531,43.0,43.619998931884766,1017200,0.0,0.0
2023-12-11 00:00:00-05:00,43.709999084472656,44.43000030517578,43.34000015258789,44.2400016784668,1379400,0.0,0.0
2023-12-12 00:00:00-05:00,44.18000030517578,45.040000915527344,43.9900016784668,44.560001373291016,1617200,0.0,0.0
2023-12-13 00:00:00-05:00,44.599998474121094,45.09000015258789,43.849998474121094,44.470001220703125,1098400,0.0,0.0
2023-12-14 00:00:00-05:00,44.91999816894531,45.220001220703125,43.775001525878906,44.310001373291016,1604200,0.0,0.0
2023-12-15 00:00:00-05:00,45.08000183105469,45.349998474121094,44.22999954223633,44.2599983215332,2668800,0.0,0.0
2023-12-18 00:00:00-05:00,44.58000183105469,45.55400085449219,44.439998626708984,45.310001373291016,1013400,0.0,0.0
2023-12-19 00:00:00-05:00,45.52000045776367,45.63999938964844,45.09000015258789,45.459999084472656,938200,0.0,0.0
2023-12-20 00:00:00-05:00,45.2599983215332,45.66999816894531,44.630001068115234,44.63999938964844,801800,0.0,0.0
2023-12-21 00:00:00-05:00,45.0099983215332,45.279998779296875,44.45000076293945,45.040000915527344,959100,0.0,0.0
2023-12-22 00:00:00-05:00,45.45000076293945,45.47999954223633,44.84000015258789,45.09000015258789,686300,0.0,0.0
2023-12-26 00:00:00-05:00,45.22999954223633,45.560001373291016,44.88999938964844,45.43000030517578,414400,0.0,0.0
2023-12-27 00:00:00-05:00,45.349998474121094,45.584999084472656,44.900001525878906,45.40999984741211,610900,0.0,0.0
2023-12-28 00:00:00-05:00,45.400001525878906,45.810001373291016,45.119998931884766,45.65999984741211,416400,0.0,0.0
2023-12-29 00:00:00-05:00,45.56999969482422,45.70000076293945,45.0,45.279998779296875,692300,0.0,0.0
2024-01-02 00:00:00-05:00,44.66999816894531,44.779998779296875,43.43199920654297,44.52000045776367,1211800,0.0,0.0
2024-01-03 00:00:00-05:00,44.20000076293945,44.4900016784668,42.869998931884766,42.9900016784668,949500,0.0,0.0
2024-01-04 00:00:00-05:00,43.630001068115234,43.994998931884766,42.599998474121094,42.7599983215332,1311400,0.0,0.0
2024-01-05 00:00:00-05:00,42.599998474121094,42.9900016784668,42.2599983215332,42.52000045776367,883300,0.0,0.0
2024-01-08 00:00:00-05:00,42.779998779296875,43.939998626708984,42.400001525878906,43.7400016784668,983400,0.0,0.0
2024-01-09 00:00:00-05:00,43.220001220703125,45.189998626708984,43.09000015258789,44.77000045776367,979800,0.0,0.0
2024-01-10 00:00:00-05:00,45.06999969482422,45.459999084472656,44.400001525878906,45.38999938964844,1062000,0.0,0.0
2024-01-11 00:00:00-05:00,45.27000045776367,46.72999954223633,45.150001525878906,46.689998626708984,1351800,0.0,0.0
2024-01-12 00:00:00-05:00,47.13999938964844,47.290000915527344,46.150001525878906,46.540000915527344,746800,0.0,0.0
2024-01-16 00:00:00-05:00,46.2599983215332,46.66999816894531,45.66999816894531,45.93000030517578,977000,0.0,0.0
2024-01-17 00:00:00-05:00,45.38999938964844,45.68000030517578,44.439998626708984,45.36000061035156,791500,0.0,0.0
2024-01-18 00:00:00-05:00,45.150001525878906,45.65999984741211,43.97999954223633,44.40999984741211,1181000,0.0,0.0
2024-01-19 00:00:00-05:00,44.75,44.91999816894531,43.939998626708984,44.599998474121094,1366500,0.0,0.0
2024-01-22 00:00:00-05:00,45.619998931884766,45.9379997253418,45.05500030517578,45.45000076293945,1448400,0.0,0.0
2024-01-23 00:00:00-05:00,45.720001220703125,45.80500030517578,44.5099983215332,45.22999954223633,918300,0.0,0.0
2024-01-24 00:00:00-05:00,45.93000030517578,45.95000076293945,45.165000915527344,45.22999954223633,1115300,0.0,0.0
2024-01-25 00:00:00-05:00,45.970001220703125,46.43000030517578,45.16999816894531,45.52000045776367,2884300,0.0,0.0
2024-01-26 00:00:00-05:00,45.709999084472656,45.90999984741211,45.0,45.2400016784668,1556800,0.0,0.0
2024-01-29 00:00:00-05:00,45.2400016784668,46.150001525878906,45.11000061035156,46.02000045776367,1178300,0.0,0.0
2024-01-30 00:00:00-05:00,46.189998626708984,46.7400016784668,45.900001525878906,46.43000030517578,1308600,0.0,0.0
2024-01-31 00:00:00-05:00,45.68000030517578,46.125,44.65999984741211,44.880001068115234,1278300,0.0,0.0
2024-02-01 00:00:00-05:00,45.06999969482422,46.27000045776367,44.91999816894531,45.81999969482422,1872200,0.0,0.0
2024-02-02 00:00:00-05:00,45.459999084472656,45.89500045776367,45.150001525878906,45.40999984741211,1021800,0.0,0.0
2024-02-05 00:00:00-05:00,45.25,45.86000061035156,44.7599983215332,45.540000915527344,2575700,0.0,0.0
2024-02-06 00:00:00-05:00,50.13999938964844,50.599998474121094,47.4119987487793,48.599998474121094,5146500,0.0,0.0
2024-02-07 00:00:00-05:00,49.130001068115234,49.70000076293945,48.130001068115234,48.45000076293945,1569600,0.0,0.0
2024-02-08 00:00:00-05:00,48.27000045776367,51.2400016784668,47.630001068115234,50.689998626708984,2539500,0.0,0.0
2024-02-09 00:00:00-05:00,51.04999923706055,52.29999923706055,50.845001220703125,51.97999954223633,1454600,0.0,0.0
2024-02-12 00:00:00-05:00,51.689998626708984,51.83000183105469,49.70000076293945,49.959999084472656,1448300,0.0,0.0
2024-02-13 00:00:00-05:00,48.470001220703125,49.529998779296875,47.7400016784668,48.38999938964844,1863700,0.0,0.0
2024-02-14 00:00:00-05:00,49.13999938964844,50.41999816894531,48.7599983215332,49.91999816894531,1258800,0.0,0.0
2024-02-15 00:00:00-05:00,50.36000061035156,50.36000061035156,49.58000183105469,49.939998626708984,822800,0.0,0.0
2024-02-16 00:00:00-05:00,49.75,49.75,48.65999984741211,49.4900016784668,888500,0.0,0.0
2024-02-20 00:00:00-05:00,49.0,49.09000015258789,47.900001525878906,48.25,929400,0.0,0.0
2024-02-21 00:00:00-05:00,46.279998779296875,47.349998474121094,45.45000076293945,47.09000015258789,1559900,0.0,0.0
2024-02-22 00:00:00-05:00,47.81999969482422,49.2599983215332,47.81999969482422,49.02000045776367,1707100,0.0,0.0
2024-02-23 00:00:00-05:00,49.209999084472656,49.56999969482422,48.65999984741211,49.0099983215332,1090700,0.0,0.0
2024-02-26 00:00:00-05:00,48.95000076293945,51.4900016784668,48.779998779296875,50.45000076293945,1329400,0.0,0.0
2024-02-27 00:00:00-05:00,50.849998474121094,51.27000045776367,49.775001525878906,50.91999816894531,1663900,0.0,0.0
2024-02-28 00:00:00-05:00,50.43000030517578,50.65999984741211,49.91999816894531,50.349998474121094,678600,0.0,0.0
2024-02-29 00:00:00-05:00,50.7400016784668,51.2400016784668,49.9900016784668,50.79999923706055,1051300,0.0,0.0
2024-03-01 00:00:00-05:00,50.79999923706055,51.244998931884766,50.0,51.11000061035156,777700,0.0,0.0
2024-03-04 00:00:00-05:00,51.310001373291016,52.880001068115234,50.35499954223633,50.4900016784668,1343800,0.0,0.0
2024-03-05 00:00:00-05:00,49.720001220703125,49.720001220703125,48.10499954223633,48.7400016784668,1099900,0.0,0.0
2024-03-06 00:00:00-05:00,49.900001525878906,50.57500076293945,48.619998931884766,49.77000045776367,1083400,0.0,0.0
2024-03-07 00:00:00-05:00,50.005001068115234,50.59000015258789,49.48500061035156,50.2400016784668,693800,0.0,0.0
2024-03-08 00:00:00-05:00,50.5,51.06999969482422,49.4119987487793,49.810001373291016,733600,0.0,0.0
2024-03-11 00:00:00-04:00,49.40999984741211,49.93000030517578,48.58000183105469,49.63999938964844,682200,0.0,0.0
2024-03-12 00:00:00-04:00,49.529998779296875,49.95500183105469,49.220001220703125,49.54999923706055,811400,0.0,0.0
2024-03-13 00:00:00-04:00,49.650001525878906,50.779998779296875,48.779998779296875,50.0099983215332,955300,0.0,0.0
2024-03-14 00:00:00-04:00,49.91999816894531,49.9900016784668,48.3849983215332,49.06999969482422,1128900,0.0,0.0
2024-03-15 00:00:00-04:00,48.56999969482422,49.150001525878906,48.38999938964844,48.90999984741211,1803100,0.0,0.0
2024-03-18 00:00:00-04:00,49.099998474121094,49.630001068115234,48.75,49.150001525878906,898500,0.0,0.0
2024-03-19 00:00:00-04:00,48.720001220703125,48.900001525878906,47.27000045776367,48.849998474121094,1744000,0.0,0.0
2024-03-20 00:00:00-04:00,49.02000045776367,49.790000915527344,48.560001373291016,49.189998626708984,780600,0.0,0.0
2024-03-21 00:00:00-04:00,49.650001525878906,49.91999816894531,49.0,49.060001373291016,946500,0.0,0.0
2024-03-22 00:00:00-04:00,49.209999084472656,49.209999084472656,47.900001525878906,47.970001220703125,740100,0.0,0.0
2024-03-25 00:00:00-04:00,48.0,48.04999923706055,47.56999969482422,47.599998474121094,502600,0.0,0.0
2024-03-26 00:00:00-04:00,47.900001525878906,47.900001525878906,46.65999984741211,46.70000076293945,1019900,0.0,0.0
2024-03-27 00:00:00-04:00,47.279998779296875,47.310001373291016,46.40999984741211,47.310001373291016,699600,0.0,0.0
2024-03-28 00:00:00-04:00,47.20000076293945,48.5099983215332,46.979000091552734,47.16999816894531,1285900,0.0,0.0
2024-04-01 00:00:00-04:00,47.119998931884766,47.33000183105469,46.189998626708984,46.810001373291016,905400,0.0,0.0
2024-04-02 00:00:00-04:00,45.9900016784668,46.34000015258789,45.279998779296875,45.54999923706055,1030600,0.0,0.0
2024-04-03 00:00:00-04:00,45.060001373291016,46.5629997253418,44.720001220703125,46.470001220703125,1090400,0.0,0.0
2024-04-04 00:00:00-04:00,47.0,47.91999816894531,46.61000061035156,46.72999954223633,1188700,0.0,0.0
2024-04-05 00:00:00-04:00,46.36000061035156,48.2400016784668,46.36000061035156,47.810001373291016,1048700,0.0,0.0
2024-04-08 00:00:00-04:00,48.119998931884766,48.1349983215332,47.310001373291016,47.5,831100,0.0,0.0
2024-04-09 00:00:00-04:00,47.689998626708984,47.70000076293945,46.439998626708984,46.630001068115234,919200,0.0,0.0
2024-04-10 00:00:00-04:00,45.650001525878906,46.36000061035156,45.380001068115234,45.56999969482422,871700,0.0,0.0
2024-04-11 00:00:00-04:00,45.97999954223633,46.095001220703125,45.220001220703125,45.709999084472656,930400,0.0,0.0
2024-04-12 00:00:00-04:00,45.189998626708984,45.3849983215332,44.13999938964844,44.52000045776367,617400,0.0,0.0
2024-04-15 00:00:00-04:00,44.720001220703125,44.869998931884766,42.790000915527344,42.93000030517578,1156000,0.0,0.0
2024-04-16 00:00:00-04:00,42.77000045776367,45.27000045776367,42.56999969482422,43.959999084472656,1729700,0.0,0.0
2024-04-17 00:00:00-04:00,44.15999984741211,44.33000183105469,43.22999954223633,43.5099983215332,703900,0.0,0.0
2024-04-18 00:00:00-04:00,43.7400016784668,43.849998474121094,43.0,43.18000030517578,755800,0.0,0.0
2024-04-19 00:00:00-04:00,43.040000915527344,43.40999984741211,42.689998626708984,43.34000015258789,750200,0.0,0.0
2024-04-22 00:00:00-04:00,43.790000915527344,44.380001068115234,43.209999084472656,44.029998779296875,742600,0.0,0.0
2024-04-23 00:00:00-04:00,44.150001525878906,45.20000076293945,44.150001525878906,44.790000915527344,633600,0.0,0.0
2024-04-24 00:00:00-04:00,45.16999816894531,45.619998931884766,44.58000183105469,44.869998931884766,650000,0.0,0.0
2024-04-25 00:00:00-04:00,44.029998779296875,45.02000045776367,43.86000061035156,44.84000015258789,592600,0.0,0.0
2024-04-26 00:00:00-04:00,45.43000030517578,45.79999923706055,45.20000076293945,45.33000183105469,609100,0.0,0.0
2024-04-29 00:00:00-04:00,45.29999923706055,45.58000183105469,44.459999084472656,44.88999938964844,833600,0.0,0.0
2024-04-30 00:00:00-04:00,44.5099983215332,44.845001220703125,43.45000076293945,43.75,994800,0.0,0.0
2024-05-01 00:00:00-04:00,43.959999084472656,44.7599983215332,43.2599983215332,43.439998626708984,871900,0.0,0.0
2024-05-02 00:00:00-04:00,43.84000015258789,44.220001220703125,43.119998931884766,44.189998626708984,723500,0.0,0.0
2024-05-03 00:00:00-04:00,44.90999984741211,44.939998626708984,43.619998931884766,43.77000045776367,968400,0.0,0.0
2024-05-06 00:00:00-04:00,43.68000030517578,44.70899963378906,43.63999938964844,44.59000015258789,2098000,0.0,0.0
2024-05-07 00:00:00-04:00,44.15999984741211,46.650001525878906,43.22999954223633,45.0,2650900,0.0,0.0
2024-05-08 00:00:00-04:00,44.77000045776367,45.93000030517578,44.540000915527344,45.63999938964844,1489600,0.0,0.0
2024-05-09 00:00:00-04:00,45.650001525878906,45.689998626708984,44.75,45.189998626708984,1057100,0.0,0.0
2024-05-10 00:00:00-04:00,45.16999816894531,45.41999816894531,44.279998779296875,44.5099983215332,903200,0.0,0.0
2024-05-13 00:00:00-04:00,44.599998474121094,44.720001220703125,43.7599983215332,44.11000061035156,803700,0.0,0.0
2024-05-14 00:00:00-04:00,44.25,44.56999969482422,43.73500061035156,43.790000915527344,941900,0.0,0.0
2024-05-15 00:00:00-04:00,44.400001525878906,44.66999816894531,44.11000061035156,44.56999969482422,1049900,0.0,0.0
2024-05-16 00:00:00-04:00,44.61000061035156,44.70000076293945,43.2400016784668,43.4900016784668,962900,0.0,0.0
2024-05-17 00:00:00-04:00,43.65999984741211,43.75400161743164,43.0,43.130001068115234,850700,0.0,0.0
2024-05-20 00:00:00-04:00,43.130001068115234,44.22999954223633,43.0099983215332,44.150001525878906,1128700,0.0,0.0
2024-05-21 00:00:00-04:00,43.939998626708984,44.27000045776367,43.4900016784668,43.7400016784668,753200,0.0,0.0
2024-05-22 00:00:00-04:00,43.849998474121094,45.54999923706055,43.849998474121094,44.81999969482422,1884100,0.0,0.0
2024-05-23 00:00:00-04:00,45.20000076293945,45.34000015258789,44.10499954223633,44.54999923706055,1105000,0.0,0.0
2024-05-24 00:00:00-04:00,44.540000915527344,45.599998474121094,44.27000045776367,45.06999969482422,1189900,0.0,0.0
2024-05-28 00:00:00-04:00,45.15999984741211,45.77000045776367,44.880001068115234,45.720001220703125,956300,0.0,0.0
2024-05-29 00:00:00-04:00,45.189998626708984,45.80500030517578,44.63999938964844,44.81999969482422,724000,0.0,0.0
2024-05-30 00:00:00-04:00,44.91999816894531,44.91999816894531,42.93000030517578,43.41999816894531,1512100,0.0,0.0
2024-05-31 00:00:00-04:00,43.540000915527344,43.93000030517578,42.14500045776367,42.959999084472656,1408000,0.0,0.0
2024-06-03 00:00:00-04:00,43.11000061035156,43.310001373291016,41.650001525878906,42.15999984741211,1178900,0.0,0.0
2024-06-04 00:00:00-04:00,42.20000076293945,42.3650016784668,41.130001068115234,41.5,1030000,0.0,0.0
2024-06-05 00:00:00-04:00,41.93000030517578,42.91999816894531,41.529998779296875,42.849998474121094,1257100,0.0,0.0
2024-06-06 00:00:00-04:00,42.9900016784668,43.099998474121094,42.2599983215332,42.27000045776367,552700,0.0,0.0
2024-06-07 00:00:00-04:00,42.290000915527344,42.40999984741211,41.880001068115234,42.36000061035156,668700,0.0,0.0
2024-06-10 00:00:00-04:00,42.27000045776367,43.029998779296875,42.08000183105469,42.70000076293945,1271700,0.0,0.0
2024-06-11 00:00:00-04:00,42.38999938964844,43.18000030517578,41.869998931884766,42.959999084472656,4252600,0.0,0.0
2024-06-12 00:00:00-04:00,43.900001525878906,44.46500015258789,42.4900016784668,42.52000045776367,1142600,0.0,0.0
2024-06-13 00:00:00-04:00,42.58000183105469,42.58000183105469,41.41999816894531,41.84000015258789,860900,0.0,0.0
2024-06-14 00:00:00-04:00,43.04999923706055,43.099998474121094,41.84000015258789,42.81999969482422,1861300,0.0,0.0
2024-06-17 00:00:00-04:00,42.849998474121094,43.7400016784668,42.290000915527344,43.70000076293945,1407100,0.0,0.0
2024-06-18 00:00:00-04:00,43.59000015258789,43.59000015258789,42.380001068115234,43.33000183105469,1130300,0.0,0.0
2024-06-20 00:00:00-04:00,43.279998779296875,43.61000061035156,43.02000045776367,43.33000183105469,983100,0.0,0.0
2024-06-21 00:00:00-04:00,43.29999923706055,44.27000045776367,43.05500030517578,44.220001220703125,4680800,0.0,0.0
2024-06-24 00:00:00-04:00,44.20000076293945,44.650001525878906,43.29999923706055,43.31999969482422,2360300,0.0,0.0
2024-06-25 00:00:00-04:00,43.29999923706055,43.59199905395508,42.70000076293945,43.310001373291016,1089200,0.0,0.0
2024-06-26 00:00:00-04:00,43.099998474121094,44.0099983215332,42.58000183105469,43.45000076293945,940100,0.0,0.0
2024-06-27 00:00:00-04:00,43.56999969482422,46.31999969482422,43.41999816894531,45.959999084472656,1369400,0.0,0.0
2024-06-28 00:00:00-04:00,46.13999938964844,48.220001220703125,46.13999938964844,47.970001220703125,2685300,0.0,0.0
2024-07-01 00:00:00-04:00,47.970001220703125,48.02000045776367,46.84000015258789,47.4900016784668,1058300,0.0,0.0
2024-07-02 00:00:00-04:00,47.54999923706055,48.130001068115234,47.15999984741211,48.029998779296875,967600,0.0,0.0
2024-07-03 00:00:00-04:00,48.029998779296875,48.4900016784668,47.84000015258789,48.0,454100,0.0,0.0
2024-07-05 00:00:00-04:00,47.59000015258789,48.56999969482422,47.47999954223633,48.33000183105469,606600,0.0,0.0
2024-07-08 00:00:00-04:00,48.290000915527344,48.59000015258789,46.540000915527344,46.93000030517578,1166800,0.0,0.0
2024-07-09 00:00:00-04:00,46.959999084472656,46.959999084472656,45.63999938964844,46.029998779296875,952300,0.0,0.0
2024-07-10 00:00:00-04:00,46.18000030517578,46.61000061035156,45.29499816894531,46.34000015258789,915800,0.0,0.0
2024-07-11 00:00:00-04:00,47.029998779296875,49.119998931884766,46.834999084472656,48.16999816894531,1722800,0.0,0.0
2024-07-12 00:00:00-04:00,48.29999923706055,50.130001068115234,48.13999938964844,49.45000076293945,1378300,0.0,0.0
2024-07-15 00:00:00-04:00,49.9900016784668,50.959999084472656,49.93000030517578,50.560001373291016,1784000,0.0,0.0
2024-07-16 00:00:00-04:00,50.970001220703125,51.7400016784668,50.2400016784668,50.7599983215332,1047700,0.0,0.0
2024-07-17 00:00:00-04:00,49.97999954223633,50.720001220703125,49.56999969482422,49.56999969482422,1333300,0.0,0.0
2024-07-18 00:00:00-04:00,49.529998779296875,49.560001373291016,47.029998779296875,47.529998779296875,1225600,0.0,0.0
2024-07-19 00:00:00-04:00,47.790000915527344,48.0,46.619998931884766,46.970001220703125,1029300,0.0,0.0
2024-07-22 00:00:00-04:00,47.43000030517578,48.209999084472656,46.54999923706055,47.29999923706055,1189300,0.0,0.0
2024-07-23 00:00:00-04:00,47.099998474121094,47.939998626708984,46.709999084472656,47.47999954223633,1007300,0.0,0.0
2024-07-24 00:00:00-04:00,47.310001373291016,47.970001220703125,46.540000915527344,46.65999984741211,1053900,0.0,0.0
2024-07-25 00:00:00-04:00,47.31999969482422,47.525001525878906,46.0099983215332,46.90999984741211,1446500,0.0,0.0
2024-07-26 00:00:00-04:00,47.63999938964844,48.5099983215332,46.900001525878906,48.470001220703125,1536300,0.0,0.0
2024-07-29 00:00:00-04:00,48.849998474121094,49.970001220703125,47.935001373291016,48.4900016784668,2177100,0.0,0.0
2024-07-30 00:00:00-04:00,54.900001525878906,56.68000030517578,52.470001220703125,55.59000015258789,8559800,0.0,0.0
2024-07-31 00:00:00-04:00,56.63999938964844,57.0,54.52000045776367,55.130001068115234,2310600,0.0,0.0
2024-08-01 00:00:00-04:00,54.849998474121094,55.099998474121094,52.2599983215332,53.16999816894531,2217800,0.0,0.0
2024-08-02 00:00:00-04:00,50.94200134277344,52.09000015258789,49.869998931884766,51.79999923706055,1669200,0.0,0.0
2024-08-05 00:00:00-04:00,48.599998474121094,51.040000915527344,48.2400016784668,50.279998779296875,1741400,0.0,0.0
2024-08-06 00:00:00-04:00,50.630001068115234,52.29999923706055,50.150001525878906,51.58000183105469,1918700,0.0,0.0
2024-08-07 00:00:00-04:00,52.43000030517578,53.43000030517578,51.0,51.09000015258789,1023600,0.0,0.0
2024-08-08 00:00:00-04:00,52.02000045776367,53.97999954223633,51.77000045776367,53.75,1317100,0.0,0.0
2024-08-09 00:00:00-04:00,53.849998474121094,54.91999816894531,53.560001373291016,54.77000045776367,1190600,0.0,0.0
2024-08-12 00:00:00-04:00,54.849998474121094,55.04999923706055,53.5099983215332,54.439998626708984,928400,0.0,0.0
2024-08-13 00:00:00-04:00,54.77000045776367,55.099998474121094,54.47999954223633,54.83000183105469,682600,0.0,0.0
2024-08-14 00:00:00-04:00,55.11000061035156,55.529998779296875,54.73500061035156,55.220001220703125,630700,0.0,0.0
2024-08-15 00:00:00-04:00,55.91999816894531,56.31999969482422,54.5099983215332,55.220001220703125,927000,0.0,0.0
2024-08-16 00:00:00-04:00,54.97999954223633,55.724998474121094,54.7599983215332,55.220001220703125,586100,0.0,0.0
2024-08-19 00:00:00-04:00,55.189998626708984,55.9900016784668,54.95000076293945,55.97999954223633,625300,0.0,0.0
2024-08-20 00:00:00-04:00,56.11000061035156,56.70000076293945,55.970001220703125,56.470001220703125,925000,0.0,0.0
2024-08-21 00:00:00-04:00,56.47999954223633,57.165000915527344,56.119998931884766,57.060001373291016,657500,0.0,0.0
2024-08-22 00:00:00-04:00,57.290000915527344,57.310001373291016,56.060001373291016,56.2599983215332,615100,0.0,0.0
2024-08-23 00:00:00-04:00,56.91999816894531,57.38999938964844,56.349998474121094,57.27000045776367,891600,0.0,0.0
2024-08-26 00:00:00-04:00,57.5,58.32400131225586,57.34000015258789,57.540000915527344,709300,0.0,0.0
2024-08-27 00:00:00-04:00,57.470001220703125,57.69499969482422,57.0099983215332,57.459999084472656,557500,0.0,0.0
2024-08-28 00:00:00-04:00,57.310001373291016,57.72999954223633,56.165000915527344,56.61000061035156,805000,0.0,0.0
2024-08-29 00:00:00-04:00,56.84000015258789,57.790000915527344,56.029998779296875,56.06999969482422,1158400,0.0,0.0
2024-08-30 00:00:00-04:00,56.459999084472656,56.880001068115234,55.654998779296875,56.599998474121094,1155700,0.0,0.0
2024-09-03 00:00:00-04:00,55.97999954223633,56.4900016784668,54.849998474121094,55.349998474121094,1171600,0.0,0.0
2024-09-04 00:00:00-04:00,54.09000015258789,55.2599983215332,53.7599983215332,55.04999923706055,926600,0.0,0.0
2024-09-05 00:00:00-04:00,50.35499954223633,52.9900016784668,49.869998931884766,52.18000030517578,4426200,0.0,0.0
2024-09-06 00:00:00-04:00,53.400001525878906,53.91999816894531,50.2400016784668,51.119998931884766,5706300,0.0,0.0
2024-09-09 00:00:00-04:00,51.22999954223633,52.04999923706055,50.599998474121094,50.790000915527344,2063200,0.0,0.0
2024-09-10 00:00:00-04:00,50.9900016784668,51.54800033569336,50.58000183105469,51.43000030517578,1329700,0.0,0.0
2024-09-11 00:00:00-04:00,50.95000076293945,51.72999954223633,50.59000015258789,51.220001220703125,1094500,0.0,0.0
2024-09-12 00:00:00-04:00,51.75,53.06999969482422,51.54999923706055,52.88999938964844,1274100,0.0,0.0
2024-09-13 00:00:00-04:00,52.900001525878906,54.33000183105469,52.880001068115234,53.75,1222500,0.0,0.0
2024-09-16 00:00:00-04:00,53.849998474121094,54.689998626708984,53.4900016784668,53.900001525878906,1128800,0.0,0.0
2024-09-17 00:00:00-04:00,54.47999954223633,54.47999954223633,53.279998779296875,53.84000015258789,800700,0.0,0.0
2024-09-18 00:00:00-04:00,53.88999938964844,54.75,53.36000061035156,53.54999923706055,799500,0.0,0.0
2024-09-19 00:00:00-04:00,55.0,55.4900016784668,54.38999938964844,55.09000015258789,1079800,0.0,0.0
2024-09-20 00:00:00-04:00,55.29999923706055,56.310001373291016,54.90999984741211,55.880001068115234,2261800,0.0,0.0
2024-09-23 00:00:00-04:00,56.0099983215332,56.33000183105469,55.41999816894531,56.119998931884766,736900,0.0,0.0
2024-09-24 00:00:00-04:00,56.27000045776367,57.130001068115234,55.54999923706055,57.04999923706055,1128100,0.0,0.0
2024-09-25 00:00:00-04:00,57.029998779296875,57.21500015258789,56.369998931884766,57.150001525878906,766300,0.0,0.0
2024-09-26 00:00:00-04:00,57.86000061035156,57.86000061035156,56.939998626708984,57.060001373291016,1307500,0.0,0.0
2024-09-27 00:00:00-04:00,57.36000061035156,57.4900016784668,55.790000915527344,56.22999954223633,1025100,0.0,0.0
2024-09-30 00:00:00-04:00,55.97999954223633,57.630001068115234,55.119998931884766,56.5,1302400,0.0,0.0
2024-10-01 00:00:00-04:00,56.58000183105469,56.58000183105469,54.52000045776367,55.02000045776367,1083900,0.0,0.0
2024-10-02 00:00:00-04:00,54.91999816894531,56.279998779296875,54.83000183105469,55.58000183105469,1013700,0.0,0.0
2024-10-03 00:00:00-04:00,55.15999984741211,55.70000076293945,54.68000030517578,55.59000015258789,938500,0.0,0.0
2024-10-04 00:00:00-04:00,56.59000015258789,56.709999084472656,55.79999923706055,56.47999954223633,1070500,0.0,0.0
2024-10-07 00:00:00-04:00,56.2400016784668,56.810001373291016,55.400001525878906,55.52000045776367,916000,0.0,0.0
2024-10-08 00:00:00-04:00,55.959999084472656,56.79999923706055,55.93000030517578,56.54999923706055,912300,0.0,0.0
2024-10-09 00:00:00-04:00,56.52000045776367,59.34000015258789,56.470001220703125,58.619998931884766,2085900,0.0,0.0
2024-10-10 00:00:00-04:00,58.2599983215332,59.970001220703125,57.5099983215332,58.959999084472656,2600100,0.0,0.0
2024-10-11 00:00:00-04:00,58.959999084472656,59.2400016784668,58.04999923706055,59.119998931884766,1491900,0.0,0.0
2024-10-14 00:00:00-04:00,59.41999816894531,60.040000915527344,58.720001220703125,59.900001525878906,1645200,0.0,0.0
2024-10-15 00:00:00-04:00,60.0,60.58000183105469,58.90999984741211,59.97999954223633,1517200,0.0,0.0
2024-10-16 00:00:00-04:00,60.36000061035156,60.400001525878906,58.810001373291016,58.970001220703125,1529800,0.0,0.0
2024-10-17 00:00:00-04:00,59.2599983215332,59.68000030517578,58.5,59.2400016784668,1406800,0.0,0.0
2024-10-18 00:00:00-04:00,59.650001525878906,59.959999084472656,59.040000915527344,59.43000030517578,924000,0.0,0.0
2024-10-21 00:00:00-04:00,59.31999969482422,59.59000015258789,58.220001220703125,58.52000045776367,860500,0.0,0.0
2024-10-22 00:00:00-04:00,58.29999923706055,58.81999969482422,58.0099983215332,58.349998474121094,927200,0.0,0.0
2024-10-23 00:00:00-04:00,58.290000915527344,58.470001220703125,56.35499954223633,56.58000183105469,1162200,0.0,0.0
2024-10-24 00:00:00-04:00,56.88999938964844,57.5,56.279998779296875,56.310001373291016,880900,0.0,0.0
2024-10-25 00:00:00-04:00,56.400001525878906,57.47999954223633,56.130001068115234,56.86000061035156,1140300,0.0,0.0
2024-10-28 00:00:00-04:00,57.59000015258789,58.7400016784668,57.279998779296875,57.380001068115234,1978300,0.0,0.0
2024-10-29 00:00:00-04:00,57.40999984741211,59.2599983215332,57.14500045776367,58.779998779296875,2762400,0.0,0.0
2024-10-30 00:00:00-04:00,54.040000915527344,56.970001220703125,51.88999938964844,52.47999954223633,5712600,0.0,0.0
2024-10-31 00:00:00-04:00,52.0,52.4900016784668,50.029998779296875,50.369998931884766,3119100,0.0,0.0
2024-11-01 00:00:00-04:00,50.45000076293945,51.98500061035156,49.79999923706055,51.22999954223633,3431600,0.0,0.0
2024-11-04 00:00:00-05:00,50.959999084472656,51.69499969482422,50.439998626708984,50.88999938964844,1545400,0.0,0.0
2024-11-05 00:00:00-05:00,50.68000030517578,51.27000045776367,50.349998474121094,50.849998474121094,1433200,0.0,0.0
2024-11-06 00:00:00-05:00,53.38999938964844,54.13999938964844,52.72999954223633,53.34000015258789,1991300,0.0,0.0
2024-11-07 00:00:00-05:00,53.43000030517578,53.790000915527344,52.880001068115234,53.189998626708984,1105300,0.0,0.0
2024-11-08 00:00:00-05:00,53.08000183105469,53.15999984741211,52.06999969482422,52.380001068115234,1300700,0.0,0.0
2024-11-11 00:00:00-05:00,52.88999938964844,53.2599983215332,52.06999969482422,52.470001220703125,1542000,0.0,0.0
2024-11-12 00:00:00-05:00,52.459999084472656,52.7599983215332,52.0,52.27000045776367,848700,0.0,0.0
2024-11-13 00:00:00-05:00,52.459999084472656,54.599998474121094,52.310001373291016,53.20000076293945,2139400,0.0,0.0
2024-11-14 00:00:00-05:00,53.08000183105469,53.099998474121094,52.04999923706055,52.22999954223633,1679700,0.0,0.0
2024-11-15 00:00:00-05:00,52.029998779296875,52.220001220703125,50.72999954223633,51.08000183105469,1389400,0.0,0.0
2024-11-18 00:00:00-05:00,50.619998931884766,50.875,48.80500030517578,49.2400016784668,2643400,0.0,0.0
2024-11-19 00:00:00-05:00,48.70000076293945,49.849998474121094,48.58000183105469,49.540000915527344,1732000,0.0,0.0
2024-11-20 00:00:00-05:00,49.790000915527344,50.439998626708984,49.25,49.970001220703125,973100,0.0,0.0
2024-11-21 00:00:00-05:00,50.310001373291016,51.11000061035156,50.14500045776367,50.20000076293945,2199800,0.0,0.0
2024-11-22 00:00:00-05:00,50.33000183105469,50.75,49.68000030517578,50.02000045776367,1528700,0.0,0.0
2024-11-25 00:00:00-05:00,50.91999816894531,51.095001220703125,49.9900016784668,50.11000061035156,2689200,0.0,0.0
2024-11-26 00:00:00-05:00,50.150001525878906,50.45000076293945,49.459999084472656,49.90999984741211,1612800,0.0,0.0
2024-11-27 00:00:00-05:00,49.95000076293945,50.349998474121094,49.41999816894531,49.56999969482422,1184300,0.0,0.0
2024-11-29 00:00:00-05:00,49.63999938964844,50.16999816894531,49.54999923706055,49.959999084472656,892100,0.0,0.0
2024-12-02 00:00:00-05:00,49.83000183105469,50.84000015258789,49.619998931884766,50.22999954223633,2482400,0.0,0.0
2024-12-03 00:00:00-05:00,49.849998474121094,51.040000915527344,49.72999954223633,50.7599983215332,1866100,0.0,0.0
2024-12-04 00:00:00-05:00,51.06999969482422,51.54999923706055,50.63999938964844,50.779998779296875,934300,0.0,0.0
2024-12-05 00:00:00-05:00,50.540000915527344,50.540000915527344,49.279998779296875,49.709999084472656,961800,0.0,0.0
2024-12-06 00:00:00-05:00,50.060001373291016,50.689998626708984,49.459999084472656,49.810001373291016,1510900,0.0,0.0
2024-12-09 00:00:00-05:00,49.900001525878906,50.0,48.560001373291016,49.08000183105469,1300800,0.0,0.0
2024-12-10 00:00:00-05:00,49.20000076293945,49.67300033569336,48.650001525878906,48.970001220703125,1037300,0.0,0.0
2024-12-11 00:00:00-05:00,49.380001068115234,49.560001373291016,47.959999084472656,48.0099983215332,2099900,0.0,0.0
2024-12-12 00:00:00-05:00,47.900001525878906,48.790000915527344,47.36000061035156,47.939998626708984,1349400,0.0,0.0
2024-12-13 00:00:00-05:00,47.7599983215332,48.209999084472656,46.900001525878906,47.099998474121094,1215600,0.0,0.0
2024-12-16 00:00:00-05:00,47.290000915527344,48.1349983215332,46.84000015258789,47.779998779296875,1372966,0.0,0.0
