Date,Open,High,Low,Close,Volume,Dividends,Stock Splits
2022-01-03 00:00:00-05:00,94.19999694824219,95.75,92.06999969482422,93.5999984741211,96400,0.0,0.0
2022-01-04 00:00:00-05:00,93.70999908447266,96.95999908447266,90.91999816894531,90.93000030517578,61200,0.0,0.0
2022-01-05 00:00:00-05:00,91.3499984741211,93.33999633789062,88.5199966430664,88.68000030517578,73600,0.0,0.0
2022-01-06 00:00:00-05:00,88.63999938964844,89.56999969482422,87.02999877929688,87.62999725341797,61500,0.0,0.0
2022-01-07 00:00:00-05:00,88.04000091552734,89.05999755859375,85.58000183105469,85.77999877929688,37300,0.0,0.0
2022-01-10 00:00:00-05:00,85.45999908447266,87.37000274658203,82.68000030517578,87.05999755859375,45500,0.0,0.0
2022-01-11 00:00:00-05:00,87.45999908447266,87.79000091552734,86.16000366210938,87.19999694824219,52400,0.0,0.0
2022-01-12 00:00:00-05:00,87.30999755859375,88.33000183105469,84.63999938964844,84.63999938964844,48900,0.0,0.0
2022-01-13 00:00:00-05:00,84.83000183105469,86.63999938964844,83.9800033569336,84.94000244140625,39800,0.0,0.0
2022-01-14 00:00:00-05:00,84.37000274658203,85.12999725341797,82.55000305175781,85.05000305175781,103200,0.0,0.0
2022-01-18 00:00:00-05:00,84.33999633789062,84.61000061035156,80.11000061035156,80.48999786376953,76300,0.0,0.0
2022-01-19 00:00:00-05:00,80.91999816894531,80.94000244140625,78.0,79.23999786376953,111300,0.0,0.0
2022-01-20 00:00:00-05:00,79.5,81.75,78.87999725341797,79.16000366210938,63300,0.0,0.0
2022-01-21 00:00:00-05:00,78.30000305175781,79.95999908447266,77.05999755859375,77.23999786376953,66000,0.0,0.0
2022-01-24 00:00:00-05:00,76.2300033569336,80.36000061035156,74.87999725341797,80.02999877929688,78200,0.0,0.0
2022-01-25 00:00:00-05:00,78.93000030517578,79.05000305175781,76.0,77.7699966430664,70000,0.0,0.0
2022-01-26 00:00:00-05:00,78.5,79.16999816894531,74.55000305175781,75.80000305175781,59100,0.0,0.0
2022-01-27 00:00:00-05:00,76.23999786376953,76.23999786376953,73.37999725341797,73.5,52000,0.0,0.0
2022-01-28 00:00:00-05:00,73.3499984741211,76.41999816894531,72.0,76.19000244140625,95200,0.0,0.0
2022-01-31 00:00:00-05:00,76.02999877929688,80.01000213623047,75.88999938964844,79.83000183105469,117700,0.0,0.0
2022-02-01 00:00:00-05:00,79.73999786376953,80.54000091552734,77.27999877929688,80.0199966430664,216400,0.0,0.0
2022-02-02 00:00:00-05:00,80.61000061035156,80.81999969482422,77.41000366210938,77.79000091552734,81700,0.0,0.0
2022-02-03 00:00:00-05:00,77.08999633789062,77.41000366210938,75.58999633789062,75.83000183105469,93100,0.0,0.0
2022-02-04 00:00:00-05:00,75.5,76.86000061035156,74.12999725341797,76.30000305175781,87700,0.0,0.0
2022-02-07 00:00:00-05:00,76.29000091552734,77.22000122070312,74.27999877929688,74.62000274658203,73700,0.0,0.0
2022-02-08 00:00:00-05:00,74.43000030517578,76.80000305175781,74.27999877929688,76.48999786376953,88800,0.0,0.0
2022-02-09 00:00:00-05:00,77.44999694824219,79.2699966430664,76.94000244140625,77.06999969482422,129300,0.0,0.0
2022-02-10 00:00:00-05:00,75.75,78.13999938964844,75.75,76.41000366210938,102500,0.0,0.0
2022-02-11 00:00:00-05:00,76.66999816894531,77.30000305175781,74.58999633789062,75.77999877929688,63200,0.0,0.0
2022-02-14 00:00:00-05:00,76.05000305175781,76.06999969482422,73.70999908447266,75.1500015258789,76600,0.0,0.0
2022-02-15 00:00:00-05:00,76.33999633789062,77.52999877929688,75.52999877929688,76.9000015258789,86400,0.0,0.0
2022-02-16 00:00:00-05:00,77.18000030517578,77.18000030517578,75.13999938964844,76.5199966430664,48500,0.0,0.0
2022-02-17 00:00:00-05:00,76.11000061035156,76.8499984741211,73.4000015258789,73.58000183105469,68800,0.0,0.0
2022-02-18 00:00:00-05:00,73.43000030517578,75.0199966430664,71.54000091552734,71.83999633789062,102400,0.0,0.0
2022-02-22 00:00:00-05:00,71.16000366210938,72.41000366210938,70.56999969482422,71.43000030517578,98900,0.0,0.0
2022-02-23 00:00:00-05:00,71.88999938964844,72.05000305175781,70.0,70.43000030517578,178700,0.0,0.0
2022-02-24 00:00:00-05:00,68.69999694824219,75.22000122070312,68.56999969482422,75.1500015258789,165600,0.0,0.0
2022-02-25 00:00:00-05:00,70.37000274658203,85.44000244140625,70.37000274658203,84.83999633789062,162800,0.0,0.0
2022-02-28 00:00:00-05:00,83.06999969482422,85.58999633789062,82.87999725341797,85.04000091552734,103400,0.0,0.0
2022-03-01 00:00:00-05:00,84.6500015258789,85.94999694824219,82.37000274658203,84.83000183105469,92600,0.0,0.0
2022-03-02 00:00:00-05:00,84.2300033569336,85.5199966430664,78.41999816894531,81.29000091552734,98800,0.0,0.0
2022-03-03 00:00:00-05:00,80.75,81.05000305175781,79.30000305175781,80.43000030517578,102400,0.0,0.0
2022-03-04 00:00:00-05:00,79.66000366210938,82.11000061035156,77.77999877929688,81.7699966430664,86300,0.0,0.0
2022-03-07 00:00:00-05:00,81.77999877929688,81.77999877929688,80.16000366210938,80.58000183105469,54400,0.0,0.0
2022-03-08 00:00:00-05:00,80.51000213623047,83.5199966430664,80.1500015258789,80.61000061035156,80300,0.0,0.0
2022-03-09 00:00:00-05:00,82.22000122070312,83.69999694824219,80.8499984741211,81.02999877929688,50300,0.0,0.0
2022-03-10 00:00:00-05:00,79.48999786376953,80.66999816894531,78.91999816894531,80.58999633789062,33400,0.0,0.0
2022-03-11 00:00:00-05:00,81.12000274658203,81.55000305175781,77.94999694824219,78.16000366210938,64100,0.0,0.0
2022-03-14 00:00:00-04:00,78.16000366210938,78.70999908447266,74.19999694824219,74.5,74300,0.0,0.0
2022-03-15 00:00:00-04:00,75.44999694824219,76.29000091552734,73.91000366210938,75.91999816894531,61800,0.0,0.0
2022-03-16 00:00:00-04:00,77.08000183105469,78.47000122070312,76.05999755859375,78.2300033569336,103400,0.0,0.0
2022-03-17 00:00:00-04:00,77.69999694824219,81.3499984741211,77.33000183105469,81.30000305175781,61100,0.0,0.0
2022-03-18 00:00:00-04:00,82.05000305175781,82.33000183105469,79.87999725341797,81.3499984741211,130100,0.0,0.0
2022-03-21 00:00:00-04:00,81.31999969482422,82.0,79.11000061035156,79.94000244140625,42600,0.0,0.0
2022-03-22 00:00:00-04:00,79.88999938964844,81.81999969482422,79.62999725341797,80.91000366210938,63700,0.0,0.0
2022-03-23 00:00:00-04:00,80.0999984741211,80.48999786376953,78.37000274658203,79.94999694824219,49200,0.0,0.0
2022-03-24 00:00:00-04:00,80.70999908447266,82.13999938964844,79.55000305175781,81.44000244140625,64800,0.0,0.0
2022-03-25 00:00:00-04:00,81.61000061035156,82.37000274658203,80.75,81.52999877929688,41800,0.0,0.0
2022-03-28 00:00:00-04:00,81.75,83.0199966430664,81.08999633789062,82.9800033569336,31700,0.0,0.0
2022-03-29 00:00:00-04:00,84.43000030517578,89.30000305175781,84.0,88.4000015258789,191100,0.0,0.0
2022-03-30 00:00:00-04:00,88.08999633789062,90.94000244140625,87.18000030517578,90.33000183105469,120700,0.0,0.0
2022-03-31 00:00:00-04:00,90.7699966430664,94.98999786376953,90.72000122070312,93.29000091552734,123700,0.0,0.0
2022-04-01 00:00:00-04:00,92.94000244140625,94.37999725341797,88.62000274658203,90.83000183105469,101700,0.0,0.0
2022-04-04 00:00:00-04:00,90.88999938964844,90.88999938964844,87.12999725341797,87.9000015258789,56200,0.0,0.0
2022-04-05 00:00:00-04:00,87.81999969482422,88.55999755859375,85.55000305175781,86.12000274658203,39800,0.0,0.0
2022-04-06 00:00:00-04:00,85.2300033569336,86.79000091552734,84.29000091552734,86.06999969482422,55500,0.0,0.0
2022-04-07 00:00:00-04:00,86.0999984741211,90.08999633789062,86.0999984741211,89.33999633789062,71400,0.0,0.0
2022-04-08 00:00:00-04:00,88.95999908447266,91.70999908447266,88.95999908447266,89.30000305175781,92300,0.0,0.0
2022-04-11 00:00:00-04:00,89.11000061035156,90.44999694824219,88.62999725341797,88.79000091552734,130100,0.0,0.0
2022-04-12 00:00:00-04:00,87.33999633789062,89.41000366210938,85.94000244140625,86.83999633789062,90300,0.0,0.0
2022-04-13 00:00:00-04:00,87.9800033569336,89.1500015258789,87.48999786376953,88.81999969482422,56900,0.0,0.0
2022-04-14 00:00:00-04:00,88.80999755859375,89.47000122070312,88.44000244140625,89.45999908447266,61100,0.0,0.0
2022-04-18 00:00:00-04:00,88.98999786376953,90.31999969482422,88.44000244140625,89.18000030517578,52400,0.0,0.0
2022-04-19 00:00:00-04:00,88.91999816894531,92.37999725341797,88.91999816894531,90.3499984741211,52400,0.0,0.0
2022-04-20 00:00:00-04:00,91.37000274658203,92.58000183105469,89.98999786376953,92.0,44400,0.0,0.0
2022-04-21 00:00:00-04:00,92.27999877929688,92.98999786376953,90.33000183105469,90.33999633789062,51800,0.0,0.0
2022-04-22 00:00:00-04:00,90.25,91.38999938964844,83.58999633789062,85.12000274658203,91900,0.0,0.0
2022-04-25 00:00:00-04:00,83.95999908447266,88.68000030517578,83.95999908447266,88.61000061035156,92600,0.0,0.0
2022-04-26 00:00:00-04:00,87.38999938964844,88.27999877929688,85.79000091552734,86.01000213623047,64300,0.0,0.0
2022-04-27 00:00:00-04:00,85.94000244140625,86.5,83.72000122070312,84.4000015258789,52900,0.0,0.0
2022-04-28 00:00:00-04:00,85.48999786376953,85.73999786376953,81.41999816894531,84.87999725341797,59800,0.0,0.0
2022-04-29 00:00:00-04:00,84.62000274658203,85.91000366210938,83.52999877929688,84.27999877929688,64800,0.0,0.0
2022-05-02 00:00:00-04:00,84.41000366210938,85.5999984741211,82.75,84.30999755859375,160700,0.0,0.0
2022-05-03 00:00:00-04:00,84.01000213623047,84.47000122070312,78.8499984741211,82.33999633789062,142700,0.0,0.0
2022-05-04 00:00:00-04:00,82.87999725341797,85.80000305175781,82.4000015258789,85.31999969482422,133900,0.0,0.0
2022-05-05 00:00:00-04:00,84.7300033569336,84.7300033569336,79.5999984741211,80.48999786376953,94000,0.0,0.0
2022-05-06 00:00:00-04:00,80.68000030517578,81.05999755859375,78.62000274658203,80.29000091552734,58500,0.0,0.0
2022-05-09 00:00:00-04:00,79.44999694824219,79.5999984741211,77.2699966430664,78.38999938964844,72200,0.0,0.0
2022-05-10 00:00:00-04:00,79.5,80.87999725341797,77.68000030517578,80.75,69700,0.0,0.0
2022-05-11 00:00:00-04:00,80.37999725341797,81.77999877929688,77.8499984741211,78.05000305175781,65900,0.0,0.0
2022-05-12 00:00:00-04:00,77.55000305175781,82.06999969482422,77.25,81.81999969482422,73600,0.0,0.0
2022-05-13 00:00:00-04:00,82.4000015258789,83.69000244140625,81.0199966430664,81.54000091552734,79200,0.0,0.0
2022-05-16 00:00:00-04:00,81.66999816894531,82.87999725341797,80.80999755859375,81.93000030517578,47600,0.0,0.0
2022-05-17 00:00:00-04:00,83.23999786376953,83.83999633789062,82.12000274658203,83.13999938964844,42000,0.0,0.0
2022-05-18 00:00:00-04:00,82.19000244140625,82.37999725341797,80.9000015258789,81.73999786376953,79700,0.0,0.0
2022-05-19 00:00:00-04:00,81.06999969482422,84.41000366210938,81.06999969482422,83.08999633789062,84700,0.0,0.0
2022-05-20 00:00:00-04:00,83.83000183105469,84.70999908447266,81.9000015258789,84.54000091552734,107100,0.0,0.0
2022-05-23 00:00:00-04:00,85.0999984741211,85.87999725341797,83.0,83.5199966430664,112400,0.0,0.0
2022-05-24 00:00:00-04:00,82.56999969482422,85.51000213623047,82.55000305175781,85.18000030517578,82000,0.0,0.0
2022-05-25 00:00:00-04:00,84.61000061035156,86.9800033569336,84.08000183105469,85.94999694824219,64600,0.0,0.0
2022-05-26 00:00:00-04:00,86.16000366210938,88.01000213623047,85.12000274658203,85.47000122070312,70000,0.0,0.0
2022-05-27 00:00:00-04:00,85.44000244140625,87.81999969482422,83.7300033569336,83.83000183105469,73100,0.0,0.0
2022-05-31 00:00:00-04:00,83.54000091552734,85.66999816894531,82.0999984741211,83.5,100600,0.0,0.0
2022-06-01 00:00:00-04:00,83.76000213623047,84.9800033569336,80.20999908447266,80.7300033569336,70900,0.0,0.0
2022-06-02 00:00:00-04:00,81.08999633789062,84.48999786376953,81.04000091552734,83.73999786376953,56600,0.0,0.0
2022-06-03 00:00:00-04:00,82.76000213623047,83.2300033569336,81.37999725341797,82.55999755859375,53700,0.0,0.0
2022-06-06 00:00:00-04:00,83.5999984741211,84.33999633789062,82.70999908447266,83.04000091552734,35400,0.0,0.0
2022-06-07 00:00:00-04:00,82.20999908447266,83.75,81.91000366210938,83.70999908447266,33300,0.0,0.0
2022-06-08 00:00:00-04:00,82.98999786376953,83.58999633789062,81.4000015258789,81.69000244140625,32100,0.0,0.0
2022-06-09 00:00:00-04:00,81.16999816894531,82.12000274658203,80.62000274658203,81.0199966430664,35700,0.0,0.0
2022-06-10 00:00:00-04:00,79.66000366210938,81.87000274658203,79.66000366210938,81.41000366210938,35600,0.0,0.0
2022-06-13 00:00:00-04:00,79.43000030517578,79.77999877929688,77.43000030517578,78.25,49700,0.0,0.0
2022-06-14 00:00:00-04:00,78.20999908447266,78.20999908447266,75.29000091552734,77.1500015258789,68200,0.0,0.0
2022-06-15 00:00:00-04:00,77.80999755859375,79.27999877929688,77.12999725341797,78.2300033569336,54300,0.0,0.0
2022-06-16 00:00:00-04:00,76.55999755859375,77.01000213623047,75.55000305175781,76.83000183105469,57000,0.0,0.0
2022-06-17 00:00:00-04:00,77.2300033569336,79.3499984741211,76.68000030517578,77.80999755859375,74600,0.0,0.0
2022-06-21 00:00:00-04:00,75.0,76.83000183105469,73.66000366210938,75.30000305175781,100200,0.0,0.0
2022-06-22 00:00:00-04:00,74.83000183105469,78.93000030517578,74.83000183105469,78.29000091552734,81600,0.0,0.0
2022-06-23 00:00:00-04:00,78.25,81.7300033569336,77.83000183105469,81.7300033569336,66500,0.0,0.0
2022-06-24 00:00:00-04:00,82.58000183105469,86.31999969482422,82.52999877929688,86.18000030517578,129100,0.0,0.0
2022-06-27 00:00:00-04:00,86.86000061035156,87.0999984741211,85.04000091552734,87.02999877929688,142800,0.0,0.0
2022-06-28 00:00:00-04:00,87.18000030517578,87.45999908447266,82.93000030517578,83.12000274658203,88000,0.0,0.0
2022-06-29 00:00:00-04:00,84.93000030517578,86.43000030517578,82.44999694824219,85.05999755859375,110500,0.0,0.0
2022-06-30 00:00:00-04:00,84.0999984741211,87.87999725341797,82.48999786376953,83.27999877929688,88800,0.0,0.0
2022-07-01 00:00:00-04:00,82.62000274658203,84.7699966430664,81.45999908447266,84.62000274658203,85600,0.0,0.0
2022-07-05 00:00:00-04:00,83.68000030517578,85.48999786376953,82.08999633789062,84.98999786376953,103300,0.0,0.0
2022-07-06 00:00:00-04:00,85.01000213623047,85.29000091552734,83.02999877929688,84.18000030517578,45400,0.0,0.0
2022-07-07 00:00:00-04:00,84.62000274658203,87.26000213623047,84.62000274658203,87.1500015258789,50100,0.0,0.0
2022-07-08 00:00:00-04:00,86.3499984741211,88.72000122070312,86.0199966430664,87.62999725341797,50100,0.0,0.0
2022-07-11 00:00:00-04:00,87.13999938964844,89.37999725341797,86.41999816894531,88.19999694824219,56500,0.0,0.0
2022-07-12 00:00:00-04:00,87.9800033569336,88.58000183105469,85.6500015258789,86.44999694824219,62800,0.0,0.0
2022-07-13 00:00:00-04:00,85.19999694824219,87.76000213623047,85.11000061035156,86.38999938964844,54100,0.0,0.0
2022-07-14 00:00:00-04:00,85.5999984741211,88.5199966430664,85.0,88.37999725341797,43400,0.0,0.0
2022-07-15 00:00:00-04:00,89.77999877929688,90.51000213623047,88.98999786376953,89.94000244140625,91600,0.0,0.0
2022-07-18 00:00:00-04:00,90.12999725341797,90.76000213623047,88.44999694824219,89.86000061035156,83600,0.0,0.0
2022-07-19 00:00:00-04:00,90.16999816894531,93.26000213623047,90.16999816894531,92.04000091552734,81100,0.0,0.0
2022-07-20 00:00:00-04:00,92.36000061035156,94.05000305175781,91.56999969482422,92.02999877929688,102100,0.0,0.0
2022-07-21 00:00:00-04:00,91.75,95.2300033569336,91.0,95.2300033569336,61000,0.0,0.0
2022-07-22 00:00:00-04:00,95.2300033569336,95.38999938964844,93.43000030517578,93.9000015258789,63300,0.0,0.0
2022-07-25 00:00:00-04:00,93.9000015258789,94.48999786376953,92.68000030517578,93.69000244140625,57100,0.0,0.0
2022-07-26 00:00:00-04:00,93.79000091552734,94.52999877929688,91.93000030517578,93.86000061035156,63000,0.0,0.0
2022-07-27 00:00:00-04:00,94.83000183105469,95.91999816894531,93.26000213623047,94.94999694824219,65900,0.0,0.0
2022-07-28 00:00:00-04:00,94.91999816894531,94.91999816894531,92.62999725341797,93.9000015258789,50000,0.0,0.0
2022-07-29 00:00:00-04:00,93.81999969482422,93.87000274658203,92.19000244140625,92.80999755859375,59300,0.0,0.0
2022-08-01 00:00:00-04:00,92.9000015258789,96.19000244140625,92.0999984741211,95.19000244140625,119800,0.0,0.0
2022-08-02 00:00:00-04:00,96.22000122070312,98.80999755859375,94.56999969482422,95.69000244140625,119400,0.0,0.0
2022-08-03 00:00:00-04:00,95.83000183105469,97.33000183105469,92.68000030517578,95.18000030517578,85000,0.0,0.0
2022-08-04 00:00:00-04:00,94.5,95.55000305175781,92.6500015258789,92.69000244140625,117500,0.0,0.0
2022-08-05 00:00:00-04:00,92.52999877929688,93.37000274658203,91.58000183105469,93.36000061035156,63400,0.0,0.0
2022-08-08 00:00:00-04:00,93.55999755859375,94.93000030517578,92.55999755859375,93.38999938964844,53700,0.0,0.0
2022-08-09 00:00:00-04:00,92.91999816894531,94.16999816894531,92.56999969482422,93.37999725341797,67900,0.0,0.0
2022-08-10 00:00:00-04:00,94.25,94.25,92.0,93.91000366210938,67400,0.0,0.0
2022-08-11 00:00:00-04:00,94.23999786376953,94.83999633789062,93.18000030517578,93.19000244140625,54600,0.0,0.0
2022-08-12 00:00:00-04:00,93.54000091552734,94.88999938964844,93.0999984741211,94.41000366210938,62000,0.0,0.0
2022-08-15 00:00:00-04:00,94.30000305175781,96.23999786376953,93.75,96.16999816894531,57500,0.0,0.0
2022-08-16 00:00:00-04:00,96.1500015258789,96.1500015258789,94.9000015258789,95.8499984741211,60000,0.0,0.0
2022-08-17 00:00:00-04:00,94.87999725341797,94.87999725341797,93.80999755859375,94.61000061035156,43200,0.0,0.0
2022-08-18 00:00:00-04:00,95.0199966430664,95.66999816894531,94.11000061035156,95.48999786376953,50500,0.0,0.0
2022-08-19 00:00:00-04:00,95.12000274658203,97.41999816894531,94.44000244140625,96.2300033569336,67000,0.0,0.0
2022-08-22 00:00:00-04:00,95.23999786376953,97.19000244140625,95.12000274658203,96.08000183105469,58500,0.0,0.0
2022-08-23 00:00:00-04:00,96.0199966430664,96.68000030517578,93.43000030517578,93.55000305175781,77100,0.0,0.0
2022-08-24 00:00:00-04:00,93.3499984741211,94.95999908447266,91.45999908447266,91.75,89700,0.0,0.0
2022-08-25 00:00:00-04:00,91.9800033569336,94.44999694824219,91.04000091552734,93.55999755859375,71600,0.0,0.0
2022-08-26 00:00:00-04:00,93.76000213623047,93.76000213623047,89.66000366210938,89.98999786376953,60000,0.0,0.0
2022-08-29 00:00:00-04:00,89.25,90.12000274658203,87.73999786376953,89.0,53200,0.0,0.0
2022-08-30 00:00:00-04:00,89.1500015258789,89.66999816894531,88.37000274658203,88.44000244140625,70900,0.0,0.0
2022-08-31 00:00:00-04:00,88.7699966430664,89.81999969482422,88.7699966430664,89.22000122070312,83600,0.0,0.0
2022-09-01 00:00:00-04:00,88.4800033569336,89.0,85.0,87.27999877929688,103100,0.0,0.0
2022-09-02 00:00:00-04:00,88.20999908447266,89.55999755859375,87.22000122070312,87.91999816894531,80700,0.0,0.0
2022-09-06 00:00:00-04:00,87.72000122070312,88.55999755859375,85.63999938964844,87.93000030517578,120600,0.0,0.0
2022-09-07 00:00:00-04:00,87.72000122070312,91.80999755859375,87.45999908447266,91.63999938964844,101500,0.0,0.0
2022-09-08 00:00:00-04:00,91.22000122070312,93.81999969482422,91.22000122070312,93.6500015258789,64800,0.0,0.0
2022-09-09 00:00:00-04:00,94.0999984741211,94.43000030517578,92.86000061035156,93.55999755859375,57700,0.0,0.0
2022-09-12 00:00:00-04:00,93.36000061035156,94.75,92.52999877929688,93.86000061035156,62200,0.0,0.0
2022-09-13 00:00:00-04:00,92.70999908447266,93.2699966430664,90.55000305175781,91.62000274658203,68700,0.0,0.0
2022-09-14 00:00:00-04:00,91.73999786376953,91.91999816894531,90.44999694824219,91.04000091552734,59900,0.0,0.0
2022-09-15 00:00:00-04:00,91.04000091552734,92.30000305175781,90.66999816894531,91.44000244140625,51800,0.0,0.0
2022-09-16 00:00:00-04:00,90.62000274658203,92.66000366210938,89.23999786376953,92.31999969482422,206600,0.0,0.0
2022-09-19 00:00:00-04:00,91.36000061035156,92.61000061035156,90.30999755859375,92.30999755859375,65500,0.0,0.0
2022-09-20 00:00:00-04:00,91.5,92.36000061035156,90.54000091552734,92.05999755859375,82100,0.0,0.0
2022-09-21 00:00:00-04:00,92.87999725341797,94.58000183105469,91.94999694824219,93.22000122070312,120500,0.0,0.0
2022-09-22 00:00:00-04:00,92.86000061035156,92.86000061035156,89.95999908447266,91.22000122070312,186100,0.0,0.0
2022-09-23 00:00:00-04:00,90.87999725341797,90.91999816894531,88.25,89.3499984741211,73700,0.0,0.0
2022-09-26 00:00:00-04:00,88.86000061035156,92.48999786376953,88.45999908447266,91.94999694824219,95300,0.0,0.0
2022-09-27 00:00:00-04:00,92.41999816894531,93.41999816894531,91.2300033569336,93.29000091552734,130400,0.0,0.0
2022-09-28 00:00:00-04:00,93.52999877929688,95.11000061035156,92.68000030517578,95.0,136900,0.0,0.0
2022-09-29 00:00:00-04:00,94.62000274658203,95.20999908447266,93.01000213623047,95.12000274658203,166300,0.0,0.0
2022-09-30 00:00:00-04:00,95.36000061035156,97.87999725341797,93.68000030517578,95.23999786376953,207700,0.0,0.0
2022-10-03 00:00:00-04:00,95.68000030517578,97.06999969482422,92.04000091552734,97.0,268300,0.0,0.0
2022-10-04 00:00:00-04:00,98.75,102.2300033569336,96.83999633789062,98.37999725341797,139600,0.0,0.0
2022-10-05 00:00:00-04:00,97.94999694824219,99.06999969482422,96.36000061035156,97.43000030517578,71800,0.0,0.0
2022-10-06 00:00:00-04:00,97.5,98.41000366210938,96.91999816894531,97.88999938964844,48100,0.0,0.0
2022-10-07 00:00:00-04:00,96.69999694824219,97.94999694824219,95.56999969482422,97.08999633789062,55000,0.0,0.0
2022-10-10 00:00:00-04:00,97.13999938964844,100.16000366210938,96.5199966430664,98.5,66300,0.0,0.0
2022-10-11 00:00:00-04:00,98.4000015258789,99.87000274658203,97.0199966430664,98.87000274658203,126800,0.0,0.0
2022-10-12 00:00:00-04:00,98.94999694824219,101.47000122070312,98.94999694824219,101.02999877929688,110100,0.0,0.0
2022-10-13 00:00:00-04:00,100.5,105.79000091552734,99.26000213623047,104.7699966430664,147400,0.0,0.0
2022-10-14 00:00:00-04:00,105.20999908447266,106.4000015258789,101.06999969482422,102.25,150600,0.0,0.0
2022-10-17 00:00:00-04:00,103.2300033569336,105.16999816894531,101.55999755859375,103.97000122070312,178000,0.0,0.0
2022-10-18 00:00:00-04:00,104.91000366210938,106.5199966430664,103.55000305175781,103.97000122070312,147200,0.0,0.0
2022-10-19 00:00:00-04:00,103.76000213623047,104.36000061035156,101.97000122070312,104.1500015258789,98500,0.0,0.0
2022-10-20 00:00:00-04:00,103.62000274658203,104.62000274658203,102.45999908447266,104.52999877929688,80900,0.0,0.0
2022-10-21 00:00:00-04:00,104.69999694824219,105.33000183105469,102.13999938964844,105.16999816894531,192500,0.0,0.0
2022-10-24 00:00:00-04:00,106.3499984741211,106.81999969482422,103.79000091552734,105.08999633789062,91800,0.0,0.0
2022-10-25 00:00:00-04:00,105.87999725341797,108.30000305175781,105.87999725341797,108.27999877929688,91300,0.0,0.0
2022-10-26 00:00:00-04:00,109.18000030517578,112.11000061035156,108.18000030517578,112.05999755859375,124500,0.0,0.0
2022-10-27 00:00:00-04:00,111.87999725341797,111.87999725341797,100.97000122070312,101.2699966430664,242500,0.0,0.0
2022-10-28 00:00:00-04:00,101.80999755859375,105.4800033569336,100.80999755859375,105.2699966430664,129300,0.0,0.0
2022-10-31 00:00:00-04:00,106.16999816894531,106.16999816894531,101.44999694824219,102.41999816894531,165700,0.0,0.0
2022-11-01 00:00:00-04:00,107.11000061035156,111.12999725341797,102.31999969482422,108.58000183105469,195500,0.0,0.0
2022-11-02 00:00:00-04:00,108.52999877929688,111.5,105.94999694824219,107.80000305175781,158100,0.0,0.0
2022-11-03 00:00:00-04:00,107.5999984741211,109.18000030517578,106.2699966430664,108.0,168800,0.0,0.0
2022-11-04 00:00:00-04:00,109.25,110.18000030517578,107.30000305175781,109.25,96900,0.0,0.0
2022-11-07 00:00:00-05:00,109.25,110.58999633789062,108.1500015258789,109.79000091552734,87600,0.0,0.0
2022-11-08 00:00:00-05:00,109.7699966430664,109.94000244140625,105.30000305175781,106.77999877929688,179300,0.0,0.0
2022-11-09 00:00:00-05:00,106.87999725341797,107.08000183105469,105.36000061035156,105.94000244140625,107300,0.0,0.0
2022-11-10 00:00:00-05:00,108.41999816894531,108.58000183105469,105.04000091552734,106.43000030517578,114300,0.0,0.0
2022-11-11 00:00:00-05:00,107.06999969482422,107.06999969482422,104.23999786376953,105.16000366210938,68600,0.0,0.0
2022-11-14 00:00:00-05:00,105.33000183105469,106.98999786376953,104.93000030517578,105.94999694824219,88400,0.0,0.0
2022-11-15 00:00:00-05:00,106.4800033569336,107.95999908447266,105.86000061035156,106.26000213623047,72900,0.0,0.0
2022-11-16 00:00:00-05:00,106.3499984741211,107.31999969482422,105.22000122070312,105.5999984741211,42800,0.0,0.0
2022-11-17 00:00:00-05:00,105.61000061035156,107.76000213623047,104.05000305175781,107.1500015258789,84300,0.0,0.0
2022-11-18 00:00:00-05:00,108.38999938964844,108.5,106.02999877929688,107.20999908447266,91400,0.0,0.0
2022-11-21 00:00:00-05:00,106.13999938964844,106.61000061035156,104.4800033569336,104.61000061035156,79600,0.0,0.0
2022-11-22 00:00:00-05:00,104.62000274658203,107.79000091552734,104.55000305175781,107.76000213623047,67300,0.0,0.0
2022-11-23 00:00:00-05:00,108.38999938964844,108.77999877929688,105.88999938964844,108.58999633789062,48000,0.0,0.0
2022-11-25 00:00:00-05:00,107.6500015258789,108.97000122070312,107.62000274658203,107.63999938964844,21200,0.0,0.0
2022-11-28 00:00:00-05:00,107.08999633789062,110.91999816894531,107.08999633789062,108.19999694824219,81500,0.0,0.0
2022-11-29 00:00:00-05:00,108.5,109.41000366210938,106.69000244140625,107.19999694824219,47300,0.0,0.0
2022-11-30 00:00:00-05:00,106.70999908447266,110.91999816894531,106.08999633789062,110.27999877929688,81100,0.0,0.0
2022-12-01 00:00:00-05:00,111.16999816894531,111.22000122070312,109.31999969482422,110.5,90900,0.0,0.0
2022-12-02 00:00:00-05:00,109.9000015258789,112.88999938964844,109.9000015258789,112.55000305175781,63000,0.0,0.0
2022-12-05 00:00:00-05:00,112.5,112.5,106.91999816894531,107.25,99600,0.0,0.0
2022-12-06 00:00:00-05:00,107.3499984741211,107.7699966430664,105.2699966430664,106.7300033569336,84400,0.0,0.0
2022-12-07 00:00:00-05:00,107.2300033569336,107.91000366210938,105.77999877929688,106.05999755859375,39700,0.0,0.0
2022-12-08 00:00:00-05:00,105.95999908447266,106.77999877929688,105.29000091552734,105.88999938964844,72300,0.0,0.0
2022-12-09 00:00:00-05:00,105.83000183105469,106.33999633789062,103.12000274658203,103.16999816894531,72600,0.0,0.0
2022-12-12 00:00:00-05:00,103.7300033569336,105.44999694824219,103.19000244140625,105.33000183105469,89100,0.0,0.0
2022-12-13 00:00:00-05:00,107.38999938964844,108.47000122070312,104.66999816894531,106.30999755859375,115400,0.0,0.0
2022-12-14 00:00:00-05:00,106.55000305175781,107.44999694824219,105.13999938964844,106.19000244140625,67200,0.0,0.0
2022-12-15 00:00:00-05:00,105.8499984741211,105.8499984741211,103.5,103.62999725341797,87900,0.0,0.0
2022-12-16 00:00:00-05:00,102.76000213623047,103.5199966430664,100.44999694824219,102.54000091552734,534000,0.0,0.0
2022-12-19 00:00:00-05:00,103.0199966430664,103.93000030517578,101.0199966430664,103.2300033569336,79400,0.0,0.0
2022-12-20 00:00:00-05:00,102.93000030517578,104.38999938964844,102.26000213623047,102.83000183105469,42800,0.0,0.0
2022-12-21 00:00:00-05:00,102.83999633789062,105.16000366210938,101.97000122070312,102.83999633789062,48300,0.0,0.0
2022-12-22 00:00:00-05:00,102.16000366210938,102.5199966430664,100.36000061035156,101.7300033569336,51900,0.0,0.0
2022-12-23 00:00:00-05:00,101.58000183105469,101.94000244140625,100.31999969482422,100.95999908447266,55000,0.0,0.0
2022-12-27 00:00:00-05:00,101.45999908447266,101.62999725341797,98.13999938964844,98.33999633789062,71000,0.0,0.0
2022-12-28 00:00:00-05:00,98.83000183105469,100.33000183105469,98.06999969482422,98.45999908447266,58100,0.0,0.0
2022-12-29 00:00:00-05:00,98.80000305175781,100.94000244140625,98.4800033569336,100.02999877929688,59200,0.0,0.0
2022-12-30 00:00:00-05:00,99.80000305175781,100.91999816894531,98.51000213623047,99.48999786376953,78800,0.0,0.0
2023-01-03 00:00:00-05:00,99.69999694824219,100.55999755859375,97.25,99.30000305175781,71400,0.0,0.0
2023-01-04 00:00:00-05:00,99.63999938964844,101.5199966430664,97.5,101.23999786376953,119100,0.0,0.0
2023-01-05 00:00:00-05:00,100.76000213623047,101.48999786376953,97.83000183105469,98.9000015258789,84800,0.0,0.0
2023-01-06 00:00:00-05:00,99.83000183105469,103.04000091552734,99.25,101.3499984741211,70000,0.0,0.0
2023-01-09 00:00:00-05:00,102.3499984741211,102.83000183105469,100.66000366210938,100.66000366210938,55600,0.0,0.0
2023-01-10 00:00:00-05:00,101.16000366210938,102.05000305175781,100.5,101.5199966430664,70400,0.0,0.0
2023-01-11 00:00:00-05:00,101.83999633789062,102.43000030517578,100.01000213623047,102.1500015258789,70300,0.0,0.0
2023-01-12 00:00:00-05:00,102.48999786376953,103.33000183105469,100.79000091552734,102.63999938964844,63600,0.0,0.0
2023-01-13 00:00:00-05:00,101.88999938964844,106.2699966430664,101.88999938964844,104.41999816894531,63600,0.0,0.0
2023-01-17 00:00:00-05:00,104.66999816894531,106.43000030517578,104.41999816894531,105.36000061035156,47800,0.0,0.0
2023-01-18 00:00:00-05:00,105.5,107.12000274658203,105.18000030517578,105.45999908447266,75900,0.0,0.0
2023-01-19 00:00:00-05:00,104.75,107.81999969482422,104.11000061035156,106.98999786376953,71400,0.0,0.0
2023-01-20 00:00:00-05:00,107.83999633789062,109.66999816894531,106.44999694824219,109.58000183105469,89800,0.0,0.0
2023-01-23 00:00:00-05:00,109.20999908447266,112.61000061035156,108.66000366210938,112.27999877929688,69800,0.0,0.0
2023-01-24 00:00:00-05:00,111.58999633789062,112.19999694824219,109.12000274658203,109.83000183105469,59700,0.0,0.0
2023-01-25 00:00:00-05:00,109.20999908447266,110.0199966430664,106.69000244140625,107.16000366210938,76600,0.0,0.0
2023-01-26 00:00:00-05:00,107.80000305175781,108.1500015258789,105.38999938964844,106.93000030517578,54800,0.0,0.0
2023-01-27 00:00:00-05:00,106.4800033569336,107.31999969482422,105.30999755859375,106.4000015258789,48200,0.0,0.0
2023-01-30 00:00:00-05:00,106.12000274658203,107.6500015258789,105.27999877929688,106.04000091552734,50800,0.0,0.0
2023-01-31 00:00:00-05:00,106.4800033569336,108.16999816894531,106.36000061035156,107.5199966430664,68300,0.0,0.0
2023-02-01 00:00:00-05:00,106.69999694824219,109.41999816894531,106.18000030517578,108.6500015258789,80000,0.0,0.0
2023-02-02 00:00:00-05:00,108.69999694824219,110.62000274658203,108.19000244140625,109.20999908447266,84900,0.0,0.0
2023-02-03 00:00:00-05:00,108.0,110.27999877929688,108.0,109.45999908447266,79500,0.0,0.0
2023-02-06 00:00:00-05:00,109.31999969482422,109.80999755859375,104.52999877929688,104.94999694824219,74400,0.0,0.0
2023-02-07 00:00:00-05:00,104.9000015258789,106.81999969482422,103.27999877929688,106.30999755859375,67600,0.0,0.0
2023-02-08 00:00:00-05:00,106.2300033569336,107.83000183105469,105.48999786376953,105.63999938964844,67400,0.0,0.0
2023-02-09 00:00:00-05:00,106.05000305175781,107.18000030517578,104.58000183105469,104.69999694824219,86200,0.0,0.0
2023-02-10 00:00:00-05:00,104.58000183105469,107.80999755859375,104.58000183105469,106.55999755859375,90200,0.0,0.0
2023-02-13 00:00:00-05:00,106.41000366210938,107.51000213623047,105.38999938964844,106.77999877929688,58000,0.0,0.0
2023-02-14 00:00:00-05:00,106.30000305175781,107.88999938964844,103.91999816894531,104.9000015258789,66300,0.0,0.0
2023-02-15 00:00:00-05:00,104.3499984741211,106.48999786376953,103.9000015258789,105.98999786376953,52000,0.0,0.0
2023-02-16 00:00:00-05:00,104.91999816894531,108.37000274658203,104.19999694824219,106.91000366210938,88800,0.0,0.0
2023-02-17 00:00:00-05:00,107.3499984741211,108.08000183105469,106.1500015258789,107.31999969482422,69700,0.0,0.0
2023-02-21 00:00:00-05:00,106.33999633789062,107.0,104.62999725341797,105.36000061035156,110800,0.0,0.0
2023-02-22 00:00:00-05:00,105.75,108.3499984741211,105.30000305175781,107.81999969482422,102400,0.0,0.0
2023-02-23 00:00:00-05:00,107.66999816894531,108.0,104.30000305175781,106.30999755859375,105600,0.0,0.0
2023-02-24 00:00:00-05:00,104.70999908447266,106.6500015258789,102.8499984741211,104.58999633789062,138900,0.0,0.0
2023-02-27 00:00:00-05:00,104.1500015258789,106.93000030517578,103.69999694824219,105.93000030517578,185600,0.0,0.0
2023-02-28 00:00:00-05:00,109.16999816894531,114.98999786376953,107.08999633789062,108.63999938964844,204100,0.0,0.0
2023-03-01 00:00:00-05:00,107.25,108.30000305175781,104.33999633789062,107.22000122070312,85400,0.0,0.0
2023-03-02 00:00:00-05:00,107.11000061035156,109.98999786376953,106.7300033569336,107.16000366210938,106400,0.0,0.0
2023-03-03 00:00:00-05:00,106.76000213623047,107.94000244140625,105.75,107.20999908447266,90500,0.0,0.0
2023-03-06 00:00:00-05:00,107.68000030517578,107.9000015258789,103.13999938964844,103.62999725341797,100900,0.0,0.0
2023-03-07 00:00:00-05:00,103.7300033569336,104.69999694824219,102.3499984741211,103.55000305175781,101100,0.0,0.0
2023-03-08 00:00:00-05:00,103.70999908447266,103.70999908447266,101.73999786376953,102.95999908447266,86600,0.0,0.0
2023-03-09 00:00:00-05:00,103.27999877929688,103.61000061035156,99.94000244140625,100.68000030517578,131700,0.0,0.0
2023-03-10 00:00:00-05:00,100.12999725341797,101.19999694824219,98.08000183105469,98.73999786376953,98400,0.0,0.0
2023-03-13 00:00:00-04:00,97.94000244140625,99.97000122070312,97.75,97.97000122070312,110600,0.0,0.0
2023-03-14 00:00:00-04:00,99.63999938964844,100.58999633789062,98.0,100.33999633789062,121300,0.0,0.0
2023-03-15 00:00:00-04:00,99.5199966430664,100.01000213623047,97.61000061035156,99.01000213623047,107100,0.0,0.0
2023-03-16 00:00:00-04:00,98.0199966430664,99.66999816894531,97.0199966430664,98.54000091552734,115600,0.0,0.0
2023-03-17 00:00:00-04:00,97.36000061035156,99.91000366210938,96.76000213623047,97.94000244140625,298300,0.0,0.0
2023-03-20 00:00:00-04:00,98.44000244140625,99.5999984741211,97.98999786376953,99.0,114800,0.0,0.0
2023-03-21 00:00:00-04:00,99.70999908447266,101.72000122070312,98.5,101.13999938964844,138200,0.0,0.0
2023-03-22 00:00:00-04:00,100.91000366210938,101.75,98.95999908447266,98.95999908447266,90600,0.0,0.0
2023-03-23 00:00:00-04:00,99.6500015258789,100.43000030517578,98.80999755859375,99.70999908447266,94700,0.0,0.0
2023-03-24 00:00:00-04:00,99.44999694824219,103.0199966430664,98.69999694824219,102.94999694824219,77500,0.0,0.0
2023-03-27 00:00:00-04:00,103.66999816894531,105.81999969482422,102.12999725341797,104.91000366210938,91300,0.0,0.0
2023-03-28 00:00:00-04:00,104.51000213623047,104.76000213623047,102.75,104.33999633789062,54900,0.0,0.0
2023-03-29 00:00:00-04:00,105.20999908447266,105.7300033569336,101.31999969482422,104.13999938964844,84900,0.0,0.0
2023-03-30 00:00:00-04:00,104.43000030517578,104.88999938964844,99.2300033569336,102.83999633789062,61800,0.0,0.0
2023-03-31 00:00:00-04:00,103.44000244140625,107.0999984741211,103.44000244140625,106.76000213623047,127800,0.0,0.0
2023-04-03 00:00:00-04:00,107.41000366210938,107.73999786376953,104.91999816894531,107.54000091552734,81600,0.0,0.0
2023-04-04 00:00:00-04:00,108.22000122070312,108.68000030517578,103.66999816894531,104.3499984741211,176900,0.0,0.0
2023-04-05 00:00:00-04:00,104.36000061035156,108.62000274658203,102.93000030517578,108.19000244140625,116400,0.0,0.0
2023-04-06 00:00:00-04:00,108.44000244140625,109.5,107.47000122070312,108.55999755859375,73000,0.0,0.0
2023-04-10 00:00:00-04:00,108.31999969482422,111.22000122070312,107.58999633789062,110.94000244140625,111800,0.0,0.0
2023-04-11 00:00:00-04:00,111.20999908447266,113.02999877929688,111.20999908447266,112.13999938964844,54200,0.0,0.0
2023-04-12 00:00:00-04:00,112.44999694824219,113.66000366210938,111.7300033569336,112.22000122070312,54700,0.0,0.0
2023-04-13 00:00:00-04:00,112.44000244140625,112.94000244140625,110.33999633789062,111.76000213623047,134600,0.0,0.0
2023-04-14 00:00:00-04:00,111.9000015258789,112.37999725341797,110.43000030517578,111.16999816894531,52600,0.0,0.0
2023-04-17 00:00:00-04:00,111.08000183105469,111.4000015258789,109.29000091552734,110.11000061035156,60000,0.0,0.0
2023-04-18 00:00:00-04:00,110.26000213623047,110.26000213623047,107.69999694824219,109.12000274658203,57600,0.0,0.0
2023-04-19 00:00:00-04:00,109.01000213623047,110.18000030517578,107.7699966430664,109.37000274658203,66500,0.0,0.0
2023-04-20 00:00:00-04:00,109.30000305175781,112.94999694824219,109.08000183105469,112.77999877929688,115600,0.0,0.0
2023-04-21 00:00:00-04:00,112.91999816894531,113.22000122070312,111.37999725341797,112.47000122070312,62900,0.0,0.0
2023-04-24 00:00:00-04:00,112.47000122070312,114.06999969482422,111.41000366210938,113.38999938964844,58200,0.0,0.0
2023-04-25 00:00:00-04:00,112.7699966430664,113.94000244140625,112.02999877929688,113.29000091552734,110600,0.0,0.0
2023-04-26 00:00:00-04:00,112.62000274658203,113.56999969482422,111.5,112.54000091552734,66900,0.0,0.0
2023-04-27 00:00:00-04:00,112.30000305175781,114.97000122070312,111.70999908447266,114.0199966430664,147600,0.0,0.0
2023-04-28 00:00:00-04:00,95.0,95.0,77.47000122070312,81.73999786376953,1517400,0.0,0.0
2023-05-01 00:00:00-04:00,83.5999984741211,90.12000274658203,82.86000061035156,88.77999877929688,480500,0.0,0.0
2023-05-02 00:00:00-04:00,88.30999755859375,89.0999984741211,83.45999908447266,86.5,535000,0.0,0.0
2023-05-03 00:00:00-04:00,86.5,87.41000366210938,82.41999816894531,83.51000213623047,366100,0.0,0.0
2023-05-04 00:00:00-04:00,82.51000213623047,82.62999725341797,77.30000305175781,80.75,365700,0.0,0.0
2023-05-05 00:00:00-04:00,82.1500015258789,83.93000030517578,81.83000183105469,81.95999908447266,241100,0.0,0.0
2023-05-08 00:00:00-04:00,82.26000213623047,84.2699966430664,80.69999694824219,83.6500015258789,243500,0.0,0.0
2023-05-09 00:00:00-04:00,83.5199966430664,83.5999984741211,81.97000122070312,82.9000015258789,98100,0.0,0.0
2023-05-10 00:00:00-04:00,83.93000030517578,84.5999984741211,81.75,81.98999786376953,136800,0.0,0.0
2023-05-11 00:00:00-04:00,81.30000305175781,83.87000274658203,80.0999984741211,83.11000061035156,179900,0.0,0.0
2023-05-12 00:00:00-04:00,83.56999969482422,86.08000183105469,83.56999969482422,85.91000366210938,114300,0.0,0.0
2023-05-15 00:00:00-04:00,86.13999938964844,87.51000213623047,85.41999816894531,85.8499984741211,113500,0.0,0.0
2023-05-16 00:00:00-04:00,85.91000366210938,87.7699966430664,85.61000061035156,86.38999938964844,130200,0.0,0.0
2023-05-17 00:00:00-04:00,86.79000091552734,88.77999877929688,85.33999633789062,88.01000213623047,128600,0.0,0.0
2023-05-18 00:00:00-04:00,88.18000030517578,88.30999755859375,86.3499984741211,88.0199966430664,142300,0.0,0.0
2023-05-19 00:00:00-04:00,88.98999786376953,88.98999786376953,87.38999938964844,88.58999633789062,107600,0.0,0.0
2023-05-22 00:00:00-04:00,88.61000061035156,89.66999816894531,87.77999877929688,88.31999969482422,89300,0.0,0.0
2023-05-23 00:00:00-04:00,88.12999725341797,90.22000122070312,87.91999816894531,89.41000366210938,118900,0.0,0.0
2023-05-24 00:00:00-04:00,88.72000122070312,88.81999969482422,86.69999694824219,88.44000244140625,116100,0.0,0.0
2023-05-25 00:00:00-04:00,87.83000183105469,89.2699966430664,86.95999908447266,88.83999633789062,104500,0.0,0.0
2023-05-26 00:00:00-04:00,88.66000366210938,89.2699966430664,88.2699966430664,88.80999755859375,135500,0.0,0.0
2023-05-30 00:00:00-04:00,88.7300033569336,89.61000061035156,88.33999633789062,88.37000274658203,108200,0.0,0.0
2023-05-31 00:00:00-04:00,88.30999755859375,90.69000244140625,88.12999725341797,90.1500015258789,177300,0.0,0.0
2023-06-01 00:00:00-04:00,89.7699966430664,91.12000274658203,89.16999816894531,90.61000061035156,102600,0.0,0.0
2023-06-02 00:00:00-04:00,91.44999694824219,93.41000366210938,91.19999694824219,93.11000061035156,99100,0.0,0.0
2023-06-05 00:00:00-04:00,92.62000274658203,94.01000213623047,92.2699966430664,93.43000030517578,137800,0.0,0.0
2023-06-06 00:00:00-04:00,93.58999633789062,95.0,93.16999816894531,93.83999633789062,131000,0.0,0.0
2023-06-07 00:00:00-04:00,94.1500015258789,95.62999725341797,93.7699966430664,94.0,142300,0.0,0.0
2023-06-08 00:00:00-04:00,93.93000030517578,95.55000305175781,93.04000091552734,94.31999969482422,138600,0.0,0.0
2023-06-09 00:00:00-04:00,94.0199966430664,94.51000213623047,92.0,92.4800033569336,170500,0.0,0.0
2023-06-12 00:00:00-04:00,92.69000244140625,93.33999633789062,91.44999694824219,92.80999755859375,98000,0.0,0.0
2023-06-13 00:00:00-04:00,92.93000030517578,94.9800033569336,92.93000030517578,94.37999725341797,119100,0.0,0.0
2023-06-14 00:00:00-04:00,94.38999938964844,94.83000183105469,92.9000015258789,93.11000061035156,104100,0.0,0.0
2023-06-15 00:00:00-04:00,92.61000061035156,93.33000183105469,92.04000091552734,92.20999908447266,127700,0.0,0.0
2023-06-16 00:00:00-04:00,93.0199966430664,93.36000061035156,90.44000244140625,91.80999755859375,348900,0.0,0.0
2023-06-20 00:00:00-04:00,92.0,92.30999755859375,89.5999984741211,90.36000061035156,175900,0.0,0.0
2023-06-21 00:00:00-04:00,90.23999786376953,92.08000183105469,89.4000015258789,91.37000274658203,200400,0.0,0.0
2023-06-22 00:00:00-04:00,91.37000274658203,91.5,90.0199966430664,91.5,138000,0.0,0.0
2023-06-23 00:00:00-04:00,90.63999938964844,92.51000213623047,90.55999755859375,91.20999908447266,180700,0.0,0.0
2023-06-26 00:00:00-04:00,91.0,91.69999694824219,90.16999816894531,90.33000183105469,161800,0.0,0.0
2023-06-27 00:00:00-04:00,90.16999816894531,92.19999694824219,90.16999816894531,92.12000274658203,114500,0.0,0.0
2023-06-28 00:00:00-04:00,91.7699966430664,92.25,90.9800033569336,91.9000015258789,71900,0.0,0.0
2023-06-29 00:00:00-04:00,92.4000015258789,93.9800033569336,92.4000015258789,93.33000183105469,89600,0.0,0.0
2023-06-30 00:00:00-04:00,93.87999725341797,95.2300033569336,92.62000274658203,92.69999694824219,174400,0.0,0.0
2023-07-03 00:00:00-04:00,92.69999694824219,92.94999694824219,90.18000030517578,90.69999694824219,65500,0.0,0.0
2023-07-05 00:00:00-04:00,90.36000061035156,91.66000366210938,89.22000122070312,90.08999633789062,190300,0.0,0.0
2023-07-06 00:00:00-04:00,89.48999786376953,89.83999633789062,87.97000122070312,87.97000122070312,90300,0.0,0.0
2023-07-07 00:00:00-04:00,87.97000122070312,88.73999786376953,86.0999984741211,86.44999694824219,139000,0.0,0.0
2023-07-10 00:00:00-04:00,86.79000091552734,88.27999877929688,86.79000091552734,87.48999786376953,126100,0.0,0.0
2023-07-11 00:00:00-04:00,87.63999938964844,88.69999694824219,86.70999908447266,86.76000213623047,132300,0.0,0.0
2023-07-12 00:00:00-04:00,87.37000274658203,87.37000274658203,86.31999969482422,86.55000305175781,162100,0.0,0.0
2023-07-13 00:00:00-04:00,87.0,87.77999877929688,86.5,87.45999908447266,140800,0.0,0.0
2023-07-14 00:00:00-04:00,87.45999908447266,90.3499984741211,87.45999908447266,90.25,80800,0.0,0.0
2023-07-17 00:00:00-04:00,90.12999725341797,91.63999938964844,90.12999725341797,91.55000305175781,82000,0.0,0.0
2023-07-18 00:00:00-04:00,91.69000244140625,92.86000061035156,91.55000305175781,92.06999969482422,78700,0.0,0.0
2023-07-19 00:00:00-04:00,92.12000274658203,92.7300033569336,91.12999725341797,92.08999633789062,98800,0.0,0.0
2023-07-20 00:00:00-04:00,92.30000305175781,93.80000305175781,92.12999725341797,92.58000183105469,226200,0.0,0.0
2023-07-21 00:00:00-04:00,92.93000030517578,93.51000213623047,91.47000122070312,91.54000091552734,69000,0.0,0.0
2023-07-24 00:00:00-04:00,91.87999725341797,91.87999725341797,90.61000061035156,91.48999786376953,62400,0.0,0.0
2023-07-25 00:00:00-04:00,91.4000015258789,92.36000061035156,91.22000122070312,91.31999969482422,90800,0.0,0.0
2023-07-26 00:00:00-04:00,91.02999877929688,91.48999786376953,89.43000030517578,89.4800033569336,93200,0.0,0.0
2023-07-27 00:00:00-04:00,90.19999694824219,90.19999694824219,87.97000122070312,90.06999969482422,107900,0.0,0.0
2023-07-28 00:00:00-04:00,90.66999816894531,91.76000213623047,90.25,90.58999633789062,79300,0.0,0.0
2023-07-31 00:00:00-04:00,90.29000091552734,92.41000366210938,90.29000091552734,91.56999969482422,131200,0.0,0.0
2023-08-01 00:00:00-04:00,94.55000305175781,95.61000061035156,89.95999908447266,92.94000244140625,143600,0.0,0.0
2023-08-02 00:00:00-04:00,93.0,95.83999633789062,93.0,95.5199966430664,102500,0.0,0.0
2023-08-03 00:00:00-04:00,94.83000183105469,95.16999816894531,93.41000366210938,94.73999786376953,114200,0.0,0.0
2023-08-04 00:00:00-04:00,94.43000030517578,95.04000091552734,92.75,93.81999969482422,96800,0.0,0.0
2023-08-07 00:00:00-04:00,93.81999969482422,94.7699966430664,92.5199966430664,94.2300033569336,131800,0.0,0.0
2023-08-08 00:00:00-04:00,93.93000030517578,94.66000366210938,93.55000305175781,94.47000122070312,80600,0.0,0.0
2023-08-09 00:00:00-04:00,94.1500015258789,95.68000030517578,93.93000030517578,95.62000274658203,67700,0.0,0.0
2023-08-10 00:00:00-04:00,96.06999969482422,97.05999755859375,93.91999816894531,93.94000244140625,102200,0.0,0.0
2023-08-11 00:00:00-04:00,93.81999969482422,95.27999877929688,93.81999969482422,94.45999908447266,119700,0.0,0.0
2023-08-14 00:00:00-04:00,93.95999908447266,95.47000122070312,92.44999694824219,95.44000244140625,113200,0.0,0.0
2023-08-15 00:00:00-04:00,95.41999816894531,96.44999694824219,94.51000213623047,96.30000305175781,100500,0.0,0.0
2023-08-16 00:00:00-04:00,96.0199966430664,96.86000061035156,93.37999725341797,93.41000366210938,104400,0.0,0.0
2023-08-17 00:00:00-04:00,93.1500015258789,93.20999908447266,89.9800033569336,90.11000061035156,82300,0.0,0.0
2023-08-18 00:00:00-04:00,89.5199966430664,91.8499984741211,89.5199966430664,91.12000274658203,113200,0.0,0.0
2023-08-21 00:00:00-04:00,90.88999938964844,92.30000305175781,90.61000061035156,92.16000366210938,79200,0.0,0.0
2023-08-22 00:00:00-04:00,92.05999755859375,92.29000091552734,90.72000122070312,91.0,41600,0.0,0.0
2023-08-23 00:00:00-04:00,91.12000274658203,91.5,90.16999816894531,90.5,63000,0.0,0.0
2023-08-24 00:00:00-04:00,90.2699966430664,90.31999969482422,88.5199966430664,88.58999633789062,74900,0.0,0.0
2023-08-25 00:00:00-04:00,89.47000122070312,89.48999786376953,87.98999786376953,89.37000274658203,71500,0.0,0.0
2023-08-28 00:00:00-04:00,89.33999633789062,90.94999694824219,89.08999633789062,89.80999755859375,55900,0.0,0.0
2023-08-29 00:00:00-04:00,89.75,90.30999755859375,88.63999938964844,89.30000305175781,59800,0.0,0.0
2023-08-30 00:00:00-04:00,89.36000061035156,90.47000122070312,89.30999755859375,89.45999908447266,66000,0.0,0.0
2023-08-31 00:00:00-04:00,89.5999984741211,89.76000213623047,87.55999755859375,87.69999694824219,88700,0.0,0.0
2023-09-01 00:00:00-04:00,87.86000061035156,88.7699966430664,86.7699966430664,86.91000366210938,60100,0.0,0.0
2023-09-05 00:00:00-04:00,86.51000213623047,86.51000213623047,83.37000274658203,83.80999755859375,85700,0.0,0.0
2023-09-06 00:00:00-04:00,83.6500015258789,84.4000015258789,82.56999969482422,83.23999786376953,75800,0.0,0.0
2023-09-07 00:00:00-04:00,83.54000091552734,84.26000213623047,82.69000244140625,83.86000061035156,79900,0.0,0.0
2023-09-08 00:00:00-04:00,83.87000274658203,84.54000091552734,83.30000305175781,84.38999938964844,75600,0.0,0.0
2023-09-11 00:00:00-04:00,84.63999938964844,84.95999908447266,83.72000122070312,83.98999786376953,80700,0.0,0.0
2023-09-12 00:00:00-04:00,84.12000274658203,84.51000213623047,81.97000122070312,82.87999725341797,71900,0.0,0.0
2023-09-13 00:00:00-04:00,82.6500015258789,84.98999786376953,82.2699966430664,84.44999694824219,113300,0.0,0.0
2023-09-14 00:00:00-04:00,85.0,85.25,84.16999816894531,84.79000091552734,50000,0.0,0.0
2023-09-15 00:00:00-04:00,85.08000183105469,85.08000183105469,83.22000122070312,83.62000274658203,268200,0.0,0.0
2023-09-18 00:00:00-04:00,83.91000366210938,84.16000366210938,83.1500015258789,83.63999938964844,73000,0.0,0.0
2023-09-19 00:00:00-04:00,83.69000244140625,84.47000122070312,83.45999908447266,83.66000366210938,41500,0.0,0.0
2023-09-20 00:00:00-04:00,84.23999786376953,85.81999969482422,84.22000122070312,85.08000183105469,58700,0.0,0.0
2023-09-21 00:00:00-04:00,84.95999908447266,85.76000213623047,84.04000091552734,85.66000366210938,63100,0.0,0.0
2023-09-22 00:00:00-04:00,85.91999816894531,86.94999694824219,85.66000366210938,85.72000122070312,56200,0.0,0.0
2023-09-25 00:00:00-04:00,85.62999725341797,86.91999816894531,85.37000274658203,86.70999908447266,47800,0.0,0.0
2023-09-26 00:00:00-04:00,86.68000030517578,86.68000030517578,84.37000274658203,84.4000015258789,40800,0.0,0.0
2023-09-27 00:00:00-04:00,85.0999984741211,85.38999938964844,83.63999938964844,84.13999938964844,38600,0.0,0.0
2023-09-28 00:00:00-04:00,84.33000183105469,86.22000122070312,83.8499984741211,86.16000366210938,105900,0.0,0.0
2023-09-29 00:00:00-04:00,86.31999969482422,86.31999969482422,85.08000183105469,85.19000244140625,94300,0.0,0.0
2023-10-02 00:00:00-04:00,84.79000091552734,85.81999969482422,84.0,84.93000030517578,75300,0.0,0.0
2023-10-03 00:00:00-04:00,84.47000122070312,84.47000122070312,82.56999969482422,82.8499984741211,48100,0.0,0.0
2023-10-04 00:00:00-04:00,84.55000305175781,84.55000305175781,81.98999786376953,82.66999816894531,49400,0.0,0.0
2023-10-05 00:00:00-04:00,82.08999633789062,83.41000366210938,82.01000213623047,83.29000091552734,59900,0.0,0.0
2023-10-06 00:00:00-04:00,83.27999877929688,84.43000030517578,82.54000091552734,83.55999755859375,52800,0.0,0.0
2023-10-09 00:00:00-04:00,83.26000213623047,84.54000091552734,82.83999633789062,83.83999633789062,45500,0.0,0.0
2023-10-10 00:00:00-04:00,84.0,84.33000183105469,83.20999908447266,83.22000122070312,58200,0.0,0.0
2023-10-11 00:00:00-04:00,83.5999984741211,83.98999786376953,80.01000213623047,82.7699966430664,66500,0.0,0.0
2023-10-12 00:00:00-04:00,83.2699966430664,83.91999816894531,80.66999816894531,80.97000122070312,46600,0.0,0.0
2023-10-13 00:00:00-04:00,80.66999816894531,81.87000274658203,79.58999633789062,80.2699966430664,89700,0.0,0.0
2023-10-16 00:00:00-04:00,81.33000183105469,83.29000091552734,80.25,81.8499984741211,74300,0.0,0.0
2023-10-17 00:00:00-04:00,81.93000030517578,83.9800033569336,81.93000030517578,83.44000244140625,69400,0.0,0.0
2023-10-18 00:00:00-04:00,83.12999725341797,83.83000183105469,81.83000183105469,81.91000366210938,46500,0.0,0.0
2023-10-19 00:00:00-04:00,81.91999816894531,82.20999908447266,80.88999938964844,81.30999755859375,54500,0.0,0.0
2023-10-20 00:00:00-04:00,81.7300033569336,82.30000305175781,80.91000366210938,80.94000244140625,78700,0.0,0.0
2023-10-23 00:00:00-04:00,81.08000183105469,81.70999908447266,79.76000213623047,79.88999938964844,93500,0.0,0.0
2023-10-24 00:00:00-04:00,80.16999816894531,82.75,80.16999816894531,82.2699966430664,196200,0.0,0.0
2023-10-25 00:00:00-04:00,81.77999877929688,82.83999633789062,80.44999694824219,80.52999877929688,73300,0.0,0.0
2023-10-26 00:00:00-04:00,80.33000183105469,82.06999969482422,80.31999969482422,81.30999755859375,76400,0.0,0.0
2023-10-27 00:00:00-04:00,81.05999755859375,82.19000244140625,80.55999755859375,81.93000030517578,75000,0.0,0.0
2023-10-30 00:00:00-04:00,82.12999725341797,83.45999908447266,81.66000366210938,83.19000244140625,76000,0.0,0.0
2023-10-31 00:00:00-04:00,82.43000030517578,84.5199966430664,78.68000030517578,78.9000015258789,121800,0.0,0.0
2023-11-01 00:00:00-04:00,78.9000015258789,80.94000244140625,78.3499984741211,80.83000183105469,114500,0.0,0.0
2023-11-02 00:00:00-04:00,81.4800033569336,82.55000305175781,80.68000030517578,82.08999633789062,65000,0.0,0.0
2023-11-03 00:00:00-04:00,83.08000183105469,85.02999877929688,83.08000183105469,84.66999816894531,62700,0.0,0.0
2023-11-06 00:00:00-05:00,84.2699966430664,85.19999694824219,83.54000091552734,84.83000183105469,103000,0.0,0.0
2023-11-07 00:00:00-05:00,84.62999725341797,85.16999816894531,83.55000305175781,83.75,55500,0.0,0.0
2023-11-08 00:00:00-05:00,83.44999694824219,84.08000183105469,82.41000366210938,83.02999877929688,37200,0.0,0.0
2023-11-09 00:00:00-05:00,83.13999938964844,83.6500015258789,81.77999877929688,82.58999633789062,51900,0.0,0.0
2023-11-10 00:00:00-05:00,82.5199966430664,83.12000274658203,81.51000213623047,82.36000061035156,79100,0.0,0.0
2023-11-13 00:00:00-05:00,82.58999633789062,83.08000183105469,81.66999816894531,82.05000305175781,63500,0.0,0.0
2023-11-14 00:00:00-05:00,83.72000122070312,87.54000091552734,83.45999908447266,87.47000122070312,98800,0.0,0.0
2023-11-15 00:00:00-05:00,87.29000091552734,89.05000305175781,86.20999908447266,86.29000091552734,62400,0.0,0.0
2023-11-16 00:00:00-05:00,86.27999877929688,86.95999908447266,85.62999725341797,85.91999816894531,54700,0.0,0.0
2023-11-17 00:00:00-05:00,86.8499984741211,86.9000015258789,85.52999877929688,85.83999633789062,49400,0.0,0.0
2023-11-20 00:00:00-05:00,86.19999694824219,87.80999755859375,86.1500015258789,87.72000122070312,44700,0.0,0.0
2023-11-21 00:00:00-05:00,87.79000091552734,88.37999725341797,87.1500015258789,87.33999633789062,45400,0.0,0.0
2023-11-22 00:00:00-05:00,88.13999938964844,89.0199966430664,87.58999633789062,88.76000213623047,35600,0.0,0.0
2023-11-24 00:00:00-05:00,88.91000366210938,89.36000061035156,88.66999816894531,88.94999694824219,17700,0.0,0.0
2023-11-27 00:00:00-05:00,88.5199966430664,89.5,88.41000366210938,89.01000213623047,65700,0.0,0.0
2023-11-28 00:00:00-05:00,89.0199966430664,89.29000091552734,88.62999725341797,89.16000366210938,42100,0.0,0.0
2023-11-29 00:00:00-05:00,89.33000183105469,90.62000274658203,87.62000274658203,87.69999694824219,69500,0.0,0.0
2023-11-30 00:00:00-05:00,87.79000091552734,88.73999786376953,86.80000305175781,87.19999694824219,85600,0.0,0.0
2023-12-01 00:00:00-05:00,87.01000213623047,89.58000183105469,85.43000030517578,89.58000183105469,66700,0.0,0.0
2023-12-04 00:00:00-05:00,88.91000366210938,91.73999786376953,88.91000366210938,91.47000122070312,81200,0.0,0.0
2023-12-05 00:00:00-05:00,90.9800033569336,91.8499984741211,90.0999984741211,91.69999694824219,63200,0.0,0.0
2023-12-06 00:00:00-05:00,92.0,93.05000305175781,89.69999694824219,90.08999633789062,71300,0.0,0.0
2023-12-07 00:00:00-05:00,90.56999969482422,90.56999969482422,88.8499984741211,89.3499984741211,79400,0.0,0.0
2023-12-08 00:00:00-05:00,89.2699966430664,91.87000274658203,87.75,91.7300033569336,91000,0.0,0.0
2023-12-11 00:00:00-05:00,92.19000244140625,92.76000213623047,90.81999969482422,92.62000274658203,60700,0.0,0.0
2023-12-12 00:00:00-05:00,93.5,94.81999969482422,92.8499984741211,94.41000366210938,64100,0.0,0.0
2023-12-13 00:00:00-05:00,94.33000183105469,96.9000015258789,93.80999755859375,96.86000061035156,70000,0.0,0.0
2023-12-14 00:00:00-05:00,97.5199966430664,97.6500015258789,95.36000061035156,95.9800033569336,95400,0.0,0.0
2023-12-15 00:00:00-05:00,96.0,96.25,92.62000274658203,92.76000213623047,439000,0.0,0.0
2023-12-18 00:00:00-05:00,93.61000061035156,94.58999633789062,92.9000015258789,94.44000244140625,83800,0.0,0.0
2023-12-19 00:00:00-05:00,95.20999908447266,96.72000122070312,95.08999633789062,96.0,85200,0.0,0.0
2023-12-20 00:00:00-05:00,96.0,97.37000274658203,94.6500015258789,94.66000366210938,68800,0.0,0.0
2023-12-21 00:00:00-05:00,95.19999694824219,96.47000122070312,94.44999694824219,96.43000030517578,53400,0.0,0.0
2023-12-22 00:00:00-05:00,96.61000061035156,97.30999755859375,95.76000213623047,96.3499984741211,53600,0.0,0.0
2023-12-26 00:00:00-05:00,96.93000030517578,97.27999877929688,95.56999969482422,96.91999816894531,62800,0.0,0.0
2023-12-27 00:00:00-05:00,97.0199966430664,97.04000091552734,95.0,95.5199966430664,90500,0.0,0.0
2023-12-28 00:00:00-05:00,95.16000366210938,96.05999755859375,94.0,94.41000366210938,101000,0.0,0.0
2023-12-29 00:00:00-05:00,94.04000091552734,94.04000091552734,92.12999725341797,92.8499984741211,99200,0.0,0.0
2024-01-02 00:00:00-05:00,92.63999938964844,95.19999694824219,92.63999938964844,93.2300033569336,84100,0.0,0.0
2024-01-03 00:00:00-05:00,92.98999786376953,93.27999877929688,90.62999725341797,90.63999938964844,71000,0.0,0.0
2024-01-04 00:00:00-05:00,91.11000061035156,91.11000061035156,89.27999877929688,89.91000366210938,100800,0.0,0.0
2024-01-05 00:00:00-05:00,89.43000030517578,90.11000061035156,88.22000122070312,88.26000213623047,67200,0.0,0.0
2024-01-08 00:00:00-05:00,88.66000366210938,90.91000366210938,88.66000366210938,90.76000213623047,58200,0.0,0.0
2024-01-09 00:00:00-05:00,89.76000213623047,90.16999816894531,89.02999877929688,89.23999786376953,52800,0.0,0.0
2024-01-10 00:00:00-05:00,88.87000274658203,88.87000274658203,87.88999938964844,88.62000274658203,57500,0.0,0.0
2024-01-11 00:00:00-05:00,88.3499984741211,89.0199966430664,88.01000213623047,88.62999725341797,90000,0.0,0.0
2024-01-12 00:00:00-05:00,89.61000061035156,90.01000213623047,86.30000305175781,86.98999786376953,114200,0.0,0.0
2024-01-16 00:00:00-05:00,86.63999938964844,89.69999694824219,86.44999694824219,89.48999786376953,162100,0.0,0.0
2024-01-17 00:00:00-05:00,88.58999633789062,90.87000274658203,88.58999633789062,89.69999694824219,94300,0.0,0.0
2024-01-18 00:00:00-05:00,90.06999969482422,90.58999633789062,88.52999877929688,90.54000091552734,70000,0.0,0.0
2024-01-19 00:00:00-05:00,91.02999877929688,91.33000183105469,89.69999694824219,91.19000244140625,60000,0.0,0.0
2024-01-22 00:00:00-05:00,91.91999816894531,92.23999786376953,90.97000122070312,91.48999786376953,79400,0.0,0.0
2024-01-23 00:00:00-05:00,92.37999725341797,92.37999725341797,90.41000366210938,90.63999938964844,76200,0.0,0.0
2024-01-24 00:00:00-05:00,91.63999938964844,91.63999938964844,89.45999908447266,90.11000061035156,73700,0.0,0.0
2024-01-25 00:00:00-05:00,90.54000091552734,90.87999725341797,88.12999725341797,88.94000244140625,72000,0.0,0.0
2024-01-26 00:00:00-05:00,89.0,89.54000091552734,88.1500015258789,89.5,98500,0.0,0.0
2024-01-29 00:00:00-05:00,89.4000015258789,90.70999908447266,87.38999938964844,88.94999694824219,168900,0.0,0.0
2024-01-30 00:00:00-05:00,88.5199966430664,90.12000274658203,88.0,88.18000030517578,64800,0.0,0.0
2024-01-31 00:00:00-05:00,88.38999938964844,89.33000183105469,86.43000030517578,86.5999984741211,88500,0.0,0.0
2024-02-01 00:00:00-05:00,86.61000061035156,88.48999786376953,86.61000061035156,88.48999786376953,95900,0.0,0.0
2024-02-02 00:00:00-05:00,87.61000061035156,89.0,87.61000061035156,88.87999725341797,79500,0.0,0.0
2024-02-05 00:00:00-05:00,88.01000213623047,89.33000183105469,87.97000122070312,89.11000061035156,80900,0.0,0.0
2024-02-06 00:00:00-05:00,88.8499984741211,89.41000366210938,87.23999786376953,87.4000015258789,89900,0.0,0.0
2024-02-07 00:00:00-05:00,87.95999908447266,88.37000274658203,86.5999984741211,86.77999877929688,106600,0.0,0.0
2024-02-08 00:00:00-05:00,86.69999694824219,90.91999816894531,86.16999816894531,90.91000366210938,211600,0.0,0.0
2024-02-09 00:00:00-05:00,90.91000366210938,94.52999877929688,90.29000091552734,94.23999786376953,136600,0.0,0.0
2024-02-12 00:00:00-05:00,94.44999694824219,97.22000122070312,93.66999816894531,95.5199966430664,123300,0.0,0.0
2024-02-13 00:00:00-05:00,93.66000366210938,94.41999816894531,89.47000122070312,90.41999816894531,167300,0.0,0.0
2024-02-14 00:00:00-05:00,91.41000366210938,92.27999877929688,90.69000244140625,92.27999877929688,53600,0.0,0.0
2024-02-15 00:00:00-05:00,92.37999725341797,94.55999755859375,92.30999755859375,93.83999633789062,73800,0.0,0.0
2024-02-16 00:00:00-05:00,93.95999908447266,96.83000183105469,93.4800033569336,94.30000305175781,101600,0.0,0.0
2024-02-20 00:00:00-05:00,93.22000122070312,93.9800033569336,91.33000183105469,91.62000274658203,84800,0.0,0.0
2024-02-21 00:00:00-05:00,91.12000274658203,91.44000244140625,89.87999725341797,91.44000244140625,70700,0.0,0.0
2024-02-22 00:00:00-05:00,90.91999816894531,91.69999694824219,89.2699966430664,90.0,120200,0.0,0.0
2024-02-23 00:00:00-05:00,89.83000183105469,90.31999969482422,88.88999938964844,89.0999984741211,97200,0.0,0.0
2024-02-26 00:00:00-05:00,85.94000244140625,89.19000244140625,85.94000244140625,87.33000183105469,386800,0.0,0.0
2024-02-27 00:00:00-05:00,91.41000366210938,96.72000122070312,90.0,92.0999984741211,375500,0.0,0.0
2024-02-28 00:00:00-05:00,92.27999877929688,93.12000274658203,90.62000274658203,91.8499984741211,171500,0.0,0.0
2024-02-29 00:00:00-05:00,93.19999694824219,93.19999694824219,91.02999877929688,92.27999877929688,118900,0.0,0.0
2024-03-01 00:00:00-05:00,92.61000061035156,94.12999725341797,92.0199966430664,93.86000061035156,101100,0.0,0.0
2024-03-04 00:00:00-05:00,93.86000061035156,96.3499984741211,92.56999969482422,95.75,123600,0.0,0.0
2024-03-05 00:00:00-05:00,95.41999816894531,98.0,95.41999816894531,97.69000244140625,132100,0.0,0.0
2024-03-06 00:00:00-05:00,97.38999938964844,99.88999938964844,97.04000091552734,99.25,162000,0.0,0.0
2024-03-07 00:00:00-05:00,99.3499984741211,101.13999938964844,99.3499984741211,100.5999984741211,164400,0.0,0.0
2024-03-08 00:00:00-05:00,101.19999694824219,104.61000061035156,100.73999786376953,102.25,166100,0.0,0.0
2024-03-11 00:00:00-04:00,101.55999755859375,101.87999725341797,98.58000183105469,98.76000213623047,95800,0.0,0.0
2024-03-12 00:00:00-04:00,98.58000183105469,99.41999816894531,97.44000244140625,98.58000183105469,75600,0.0,0.0
2024-03-13 00:00:00-04:00,98.51000213623047,99.52999877929688,98.47000122070312,99.0999984741211,90200,0.0,0.0
2024-03-14 00:00:00-04:00,98.61000061035156,99.58999633789062,96.87000274658203,98.05000305175781,138100,0.0,0.0
2024-03-15 00:00:00-04:00,97.1500015258789,98.31999969482422,96.01000213623047,96.76000213623047,209200,0.0,0.0
2024-03-18 00:00:00-04:00,96.77999877929688,101.63999938964844,95.4000015258789,101.19999694824219,155300,0.0,0.0
2024-03-19 00:00:00-04:00,100.69999694824219,102.56999969482422,100.3499984741211,100.54000091552734,109700,0.0,0.0
2024-03-20 00:00:00-04:00,100.43000030517578,101.55999755859375,99.94999694824219,101.23999786376953,71700,0.0,0.0
2024-03-21 00:00:00-04:00,101.95999908447266,102.36000061035156,100.33999633789062,101.30000305175781,114700,0.0,0.0
2024-03-22 00:00:00-04:00,101.7699966430664,103.91000366210938,101.04000091552734,103.5,135700,0.0,0.0
2024-03-25 00:00:00-04:00,103.51000213623047,104.29000091552734,102.0999984741211,102.70999908447266,71800,0.0,0.0
2024-03-26 00:00:00-04:00,103.61000061035156,103.7300033569336,101.66000366210938,102.55999755859375,121600,0.0,0.0
2024-03-27 00:00:00-04:00,102.80999755859375,104.22000122070312,102.80999755859375,103.73999786376953,79400,0.0,0.0
2024-03-28 00:00:00-04:00,103.62000274658203,104.43000030517578,102.9800033569336,103.33999633789062,76000,0.0,0.0
2024-04-01 00:00:00-04:00,103.93000030517578,104.38999938964844,102.25,103.18000030517578,99400,0.0,0.0
2024-04-02 00:00:00-04:00,102.12000274658203,102.27999877929688,100.38999938964844,101.66000366210938,110700,0.0,0.0
2024-04-03 00:00:00-04:00,100.94000244140625,103.20999908447266,100.94000244140625,102.58999633789062,79200,0.0,0.0
2024-04-04 00:00:00-04:00,103.19999694824219,103.7300033569336,102.05000305175781,102.16000366210938,97300,0.0,0.0
2024-04-05 00:00:00-04:00,101.79000091552734,104.18000030517578,101.79000091552734,102.11000061035156,80600,0.0,0.0
2024-04-08 00:00:00-04:00,103.19999694824219,103.19999694824219,101.05000305175781,101.19000244140625,75000,0.0,0.0
2024-04-09 00:00:00-04:00,101.55000305175781,102.08000183105469,97.5,98.66999816894531,160900,0.0,0.0
2024-04-10 00:00:00-04:00,96.72000122070312,98.12999725341797,95.87000274658203,97.0199966430664,162000,0.0,0.0
2024-04-11 00:00:00-04:00,97.19000244140625,99.55000305175781,97.18000030517578,99.27999877929688,146100,0.0,0.0
2024-04-12 00:00:00-04:00,98.56999969482422,99.55999755859375,97.55999755859375,97.8499984741211,64800,0.0,0.0
2024-04-15 00:00:00-04:00,97.97000122070312,98.0,96.63999938964844,96.7300033569336,114800,0.0,0.0
2024-04-16 00:00:00-04:00,97.5,99.12000274658203,96.58999633789062,96.98999786376953,172500,0.0,0.0
2024-04-17 00:00:00-04:00,97.26000213623047,99.5199966430664,96.25,96.62000274658203,108600,0.0,0.0
2024-04-18 00:00:00-04:00,96.44999694824219,97.6500015258789,95.80000305175781,97.16000366210938,116400,0.0,0.0
2024-04-19 00:00:00-04:00,96.66000366210938,98.12000274658203,95.87000274658203,97.19000244140625,93900,0.0,0.0
2024-04-22 00:00:00-04:00,97.51000213623047,97.76000213623047,93.2699966430664,93.48999786376953,187600,0.0,0.0
2024-04-23 00:00:00-04:00,89.2300033569336,95.16000366210938,87.87999725341797,94.76000213623047,412500,0.0,0.0
2024-04-24 00:00:00-04:00,93.87000274658203,95.86000061035156,92.4000015258789,95.5,228700,0.0,0.0
2024-04-25 00:00:00-04:00,94.31999969482422,94.31999969482422,91.51000213623047,91.69999694824219,159000,0.0,0.0
2024-04-26 00:00:00-04:00,91.2300033569336,95.16999816894531,90.9000015258789,94.54000091552734,206000,0.0,0.0
2024-04-29 00:00:00-04:00,94.54000091552734,95.08000183105469,93.4000015258789,94.18000030517578,146700,0.0,0.0
2024-04-30 00:00:00-04:00,93.83000183105469,96.48999786376953,93.38999938964844,96.1500015258789,157200,0.0,0.0
2024-05-01 00:00:00-04:00,96.04000091552734,99.7699966430664,96.04000091552734,98.4000015258789,164600,0.0,0.0
2024-05-02 00:00:00-04:00,98.91000366210938,99.6500015258789,96.66000366210938,98.41000366210938,156400,0.0,0.0
2024-05-03 00:00:00-04:00,99.27999877929688,99.27999877929688,96.38999938964844,98.19999694824219,117700,0.0,0.0
2024-05-06 00:00:00-04:00,98.81999969482422,98.81999969482422,97.27999877929688,97.88999938964844,119400,0.0,0.0
2024-05-07 00:00:00-04:00,99.9000015258789,105.52999877929688,97.52999877929688,104.58999633789062,281400,0.0,0.0
2024-05-08 00:00:00-04:00,104.05000305175781,107.54000091552734,104.05000305175781,107.08999633789062,145400,0.0,0.0
2024-05-09 00:00:00-04:00,107.30000305175781,107.30000305175781,104.6500015258789,106.0999984741211,153500,0.0,0.0
2024-05-10 00:00:00-04:00,105.9800033569336,109.41999816894531,105.26000213623047,109.26000213623047,111100,0.0,0.0
2024-05-13 00:00:00-04:00,109.69999694824219,110.87999725341797,108.43000030517578,110.56999969482422,105100,0.0,0.0
2024-05-14 00:00:00-04:00,111.0,111.98999786376953,109.55999755859375,109.86000061035156,112000,0.0,0.0
2024-05-15 00:00:00-04:00,110.8499984741211,111.88999938964844,109.51000213623047,110.87000274658203,147800,0.0,0.0
2024-05-16 00:00:00-04:00,110.86000061035156,111.01000213623047,109.11000061035156,110.29000091552734,66800,0.0,0.0
2024-05-17 00:00:00-04:00,110.73999786376953,111.27999877929688,109.94000244140625,110.66000366210938,105400,0.0,0.0
2024-05-20 00:00:00-04:00,111.16000366210938,111.16000366210938,109.69000244140625,110.66000366210938,60800,0.0,0.0
2024-05-21 00:00:00-04:00,110.0999984741211,111.61000061035156,109.83999633789062,110.76000213623047,58400,0.0,0.0
2024-05-22 00:00:00-04:00,110.73999786376953,111.80000305175781,109.66000366210938,110.2699966430664,97400,0.0,0.0
2024-05-23 00:00:00-04:00,110.22000122070312,111.0,108.80000305175781,109.04000091552734,59900,0.0,0.0
2024-05-24 00:00:00-04:00,109.77999877929688,111.61000061035156,109.4000015258789,111.61000061035156,63400,0.0,0.0
2024-05-28 00:00:00-04:00,112.5,112.91000366210938,111.11000061035156,111.80999755859375,89900,0.0,0.0
2024-05-29 00:00:00-04:00,110.76000213623047,112.31999969482422,110.4800033569336,110.94000244140625,58100,0.0,0.0
2024-05-30 00:00:00-04:00,111.27999877929688,112.5,110.0199966430664,111.7300033569336,66700,0.0,0.0
2024-05-31 00:00:00-04:00,112.30999755859375,115.0999984741211,112.30999755859375,114.80999755859375,144600,0.0,0.0
2024-06-03 00:00:00-04:00,114.87000274658203,115.31999969482422,112.19000244140625,113.47000122070312,62400,0.0,0.0
2024-06-04 00:00:00-04:00,112.69000244140625,114.0199966430664,111.55000305175781,113.58999633789062,88200,0.0,0.0
2024-06-05 00:00:00-04:00,113.69000244140625,114.80999755859375,112.6500015258789,114.69999694824219,104100,0.0,0.0
2024-06-06 00:00:00-04:00,114.08999633789062,116.88999938964844,113.80999755859375,116.06999969482422,187700,0.0,0.0
2024-06-07 00:00:00-04:00,116.1500015258789,116.6500015258789,114.29000091552734,114.54000091552734,77300,0.0,0.0
2024-06-10 00:00:00-04:00,113.3499984741211,117.7699966430664,112.1500015258789,116.80000305175781,244700,0.0,0.0
2024-06-11 00:00:00-04:00,116.80000305175781,118.91999816894531,114.44000244140625,118.0199966430664,130700,0.0,0.0
2024-06-12 00:00:00-04:00,118.98999786376953,119.9800033569336,117.2699966430664,118.44999694824219,162300,0.0,0.0
2024-06-13 00:00:00-04:00,117.69999694824219,118.87000274658203,114.44999694824219,116.13999938964844,133000,0.0,0.0
2024-06-14 00:00:00-04:00,114.94999694824219,116.91999816894531,111.83999633789062,116.43000030517578,128200,0.0,0.0
2024-06-17 00:00:00-04:00,116.12999725341797,118.22000122070312,116.12999725341797,117.69999694824219,72100,0.0,0.0
2024-06-18 00:00:00-04:00,118.11000061035156,119.79000091552734,117.30000305175781,119.30000305175781,111500,0.0,0.0
2024-06-20 00:00:00-04:00,118.5,119.11000061035156,116.01000213623047,116.9000015258789,82700,0.0,0.0
2024-06-21 00:00:00-04:00,116.93000030517578,118.61000061035156,116.2699966430664,118.44999694824219,174500,0.0,0.0
2024-06-24 00:00:00-04:00,118.62000274658203,120.30999755859375,118.37000274658203,119.38999938964844,66800,0.0,0.0
2024-06-25 00:00:00-04:00,119.27999877929688,120.52999877929688,118.87999725341797,120.4000015258789,58400,0.0,0.0
2024-06-26 00:00:00-04:00,120.05999755859375,120.44999694824219,119.0,119.5199966430664,75100,0.0,0.0
2024-06-27 00:00:00-04:00,112.48999786376953,115.08000183105469,110.4800033569336,114.20999908447266,882400,0.0,0.0
2024-06-28 00:00:00-04:00,115.23999786376953,117.52999877929688,114.29000091552734,116.11000061035156,884000,0.0,0.0
2024-07-01 00:00:00-04:00,116.69000244140625,117.97000122070312,115.62999725341797,116.16000366210938,235700,0.0,0.0
2024-07-02 00:00:00-04:00,115.94000244140625,117.66999816894531,115.94000244140625,116.6500015258789,158200,0.0,0.0
2024-07-03 00:00:00-04:00,116.45999908447266,117.98999786376953,116.22000122070312,117.37999725341797,104200,0.0,0.0
2024-07-05 00:00:00-04:00,117.0,117.87000274658203,116.19999694824219,117.7300033569336,130200,0.0,0.0
2024-07-08 00:00:00-04:00,118.01000213623047,119.72000122070312,117.22000122070312,118.83999633789062,213300,0.0,0.0
2024-07-09 00:00:00-04:00,118.75,119.36000061035156,116.58000183105469,116.94999694824219,114900,0.0,0.0
2024-07-10 00:00:00-04:00,117.5,118.83000183105469,117.12000274658203,118.77999877929688,162900,0.0,0.0
2024-07-11 00:00:00-04:00,119.69999694824219,121.05999755859375,118.75,119.77999877929688,135200,0.0,0.0
2024-07-12 00:00:00-04:00,120.5999984741211,121.41999816894531,120.2699966430664,120.9000015258789,99900,0.0,0.0
2024-07-15 00:00:00-04:00,121.20999908447266,123.1500015258789,120.02999877929688,120.4000015258789,126200,0.0,0.0
2024-07-16 00:00:00-04:00,121.47000122070312,123.8499984741211,121.47000122070312,122.83000183105469,122200,0.0,0.0
2024-07-17 00:00:00-04:00,122.4000015258789,124.30000305175781,121.88999938964844,122.05000305175781,165300,0.0,0.0
2024-07-18 00:00:00-04:00,121.58999633789062,123.66999816894531,118.86000061035156,119.22000122070312,109500,0.0,0.0
2024-07-19 00:00:00-04:00,119.8499984741211,120.7699966430664,118.55999755859375,118.81999969482422,89400,0.0,0.0
2024-07-22 00:00:00-04:00,119.4000015258789,121.4000015258789,118.62000274658203,121.37999725341797,230900,0.0,0.0
2024-07-23 00:00:00-04:00,121.4000015258789,123.06999969482422,120.52999877929688,121.16999816894531,158300,0.0,0.0
2024-07-24 00:00:00-04:00,121.33000183105469,123.9800033569336,121.1500015258789,123.66999816894531,152000,0.0,0.0
2024-07-25 00:00:00-04:00,123.97000122070312,124.4800033569336,120.80999755859375,121.12000274658203,254600,0.0,0.0
2024-07-26 00:00:00-04:00,122.83000183105469,124.0199966430664,121.70999908447266,123.5199966430664,244600,0.0,0.0
2024-07-29 00:00:00-04:00,123.94999694824219,125.23999786376953,122.38999938964844,122.66999816894531,104900,0.0,0.0
2024-07-30 00:00:00-04:00,123.0999984741211,124.08999633789062,121.25,121.47000122070312,178500,0.0,0.0
2024-07-31 00:00:00-04:00,121.94999694824219,123.66999816894531,120.5999984741211,121.36000061035156,121100,0.0,0.0
2024-08-01 00:00:00-04:00,121.77999877929688,122.95999908447266,119.87999725341797,121.94999694824219,166600,0.0,0.0
2024-08-02 00:00:00-04:00,118.97000122070312,121.26000213623047,118.4000015258789,120.31999969482422,111800,0.0,0.0
2024-08-05 00:00:00-04:00,117.5199966430664,118.04000091552734,114.97000122070312,117.70999908447266,177200,0.0,0.0
2024-08-06 00:00:00-04:00,118.51000213623047,126.69999694824219,118.51000213623047,124.5,324000,0.0,0.0
2024-08-07 00:00:00-04:00,125.08999633789062,125.22000122070312,121.0,122.22000122070312,152300,0.0,0.0
2024-08-08 00:00:00-04:00,123.45999908447266,124.7300033569336,122.55999755859375,124.47000122070312,144500,0.0,0.0
2024-08-09 00:00:00-04:00,124.66999816894531,125.80999755859375,123.5199966430664,124.62999725341797,73400,0.0,0.0
2024-08-12 00:00:00-04:00,124.23999786376953,125.68000030517578,122.31999969482422,125.5,135600,0.0,0.0
2024-08-13 00:00:00-04:00,126.5199966430664,128.7899932861328,126.19000244140625,128.75999450683594,136300,0.0,0.0
2024-08-14 00:00:00-04:00,129.19000244140625,129.99000549316406,127.45999908447266,128.0399932861328,162900,0.0,0.0
2024-08-15 00:00:00-04:00,129.60000610351562,131.60000610351562,128.6999969482422,130.5500030517578,164800,0.0,0.0
2024-08-16 00:00:00-04:00,130.92999267578125,131.64999389648438,130.02999877929688,131.35000610351562,82700,0.0,0.0
2024-08-19 00:00:00-04:00,131.5399932861328,132.72000122070312,131.0399932861328,132.0500030517578,124000,0.0,0.0
2024-08-20 00:00:00-04:00,132.13999938964844,132.5500030517578,130.0,130.35000610351562,79800,0.0,0.0
2024-08-21 00:00:00-04:00,131.25,133.25,130.0,132.4499969482422,107200,0.0,0.0
2024-08-22 00:00:00-04:00,132.75,133.0399932861328,131.77000427246094,132.38999938964844,79700,0.0,0.0
2024-08-23 00:00:00-04:00,132.64999389648438,134.77999877929688,132.49000549316406,133.5800018310547,114700,0.0,0.0
2024-08-26 00:00:00-04:00,134.58999633789062,134.75999450683594,132.47000122070312,133.02999877929688,129700,0.0,0.0
2024-08-27 00:00:00-04:00,132.92999267578125,133.39999389648438,131.80999755859375,132.4199981689453,94400,0.0,0.0
2024-08-28 00:00:00-04:00,132.49000549316406,133.2100067138672,131.6199951171875,132.13999938964844,142300,0.0,0.0
2024-08-29 00:00:00-04:00,132.33999633789062,133.16000366210938,131.0800018310547,131.0800018310547,144500,0.0,0.0
2024-08-30 00:00:00-04:00,131.57000732421875,133.58999633789062,131.14999389648438,133.00999450683594,123400,0.0,0.0
2024-09-03 00:00:00-04:00,132.16000366210938,132.41000366210938,129.52999877929688,130.00999450683594,123700,0.0,0.0
2024-09-04 00:00:00-04:00,129.11000061035156,131.1199951171875,129.10000610351562,130.5800018310547,79600,0.0,0.0
2024-09-05 00:00:00-04:00,130.7100067138672,130.8699951171875,128.64999389648438,129.5800018310547,67400,0.0,0.0
2024-09-06 00:00:00-04:00,129.52999877929688,130.2100067138672,125.4800033569336,126.37000274658203,106000,0.0,0.0
2024-09-09 00:00:00-04:00,126.56999969482422,127.12000274658203,123.16000366210938,126.8499984741211,77600,0.0,0.0
2024-09-10 00:00:00-04:00,126.73999786376953,127.62000274658203,125.69000244140625,127.02999877929688,81400,0.0,0.0
2024-09-11 00:00:00-04:00,126.58999633789062,129.08999633789062,126.05999755859375,129.0500030517578,80100,0.0,0.0
2024-09-12 00:00:00-04:00,129.14999389648438,129.50999450683594,127.8499984741211,128.39999389648438,104200,0.0,0.0
2024-09-13 00:00:00-04:00,129.52999877929688,131.2899932861328,129.52999877929688,130.1300048828125,64500,0.0,0.0
2024-09-16 00:00:00-04:00,130.25,132.05999755859375,130.22999572753906,132.0,148300,0.0,0.0
2024-09-17 00:00:00-04:00,132.0,133.6699981689453,132.0,132.47000122070312,125600,0.0,0.0
2024-09-18 00:00:00-04:00,132.47000122070312,136.1199951171875,131.25999450683594,132.52000427246094,120300,0.0,0.0
2024-09-19 00:00:00-04:00,134.60000610351562,135.8699951171875,132.33999633789062,133.0500030517578,135800,0.0,0.0
2024-09-20 00:00:00-04:00,133.0500030517578,133.27999877929688,130.08999633789062,130.44000244140625,414100,0.0,0.0
2024-09-23 00:00:00-04:00,131.1699981689453,132.86000061035156,130.89999389648438,132.83999633789062,92200,0.0,0.0
2024-09-24 00:00:00-04:00,132.77999877929688,133.75999450683594,131.80999755859375,133.2899932861328,114700,0.0,0.0
2024-09-25 00:00:00-04:00,133.94000244140625,134.1999969482422,132.4499969482422,133.16000366210938,123200,0.0,0.0
2024-09-26 00:00:00-04:00,133.77000427246094,133.77000427246094,131.6199951171875,131.8300018310547,103200,0.0,0.0
2024-09-27 00:00:00-04:00,132.1300048828125,132.1300048828125,129.6699981689453,130.9499969482422,129900,0.0,0.0
2024-09-30 00:00:00-04:00,131.02999877929688,133.11000061035156,130.44000244140625,133.02999877929688,126800,0.0,0.0
2024-10-01 00:00:00-04:00,132.47999572753906,132.47999572753906,128.47000122070312,128.72000122070312,128800,0.0,0.0
2024-10-02 00:00:00-04:00,128.50999450683594,130.94000244140625,127.47000122070312,127.66000366210938,115000,0.0,0.0
2024-10-03 00:00:00-04:00,127.4000015258789,128.22999572753906,126.55000305175781,126.55999755859375,71100,0.0,0.0
2024-10-04 00:00:00-04:00,127.55000305175781,128.14999389648438,126.06999969482422,126.30999755859375,78100,0.0,0.0
2024-10-07 00:00:00-04:00,125.66999816894531,126.33999633789062,124.44000244140625,124.72000122070312,72300,0.0,0.0
2024-10-08 00:00:00-04:00,125.58999633789062,130.17999267578125,124.52999877929688,129.02000427246094,130900,0.0,0.0
2024-10-09 00:00:00-04:00,128.5500030517578,131.7899932861328,127.70999908447266,129.33999633789062,128400,0.0,0.0
2024-10-10 00:00:00-04:00,128.3300018310547,129.10000610351562,126.16000366210938,127.44000244140625,114500,0.0,0.0
2024-10-11 00:00:00-04:00,128.47999572753906,130.66000366210938,128.47999572753906,130.6300048828125,70700,0.0,0.0
2024-10-14 00:00:00-04:00,130.32000732421875,132.35000610351562,130.14999389648438,131.80999755859375,63700,0.0,0.0
2024-10-15 00:00:00-04:00,131.47999572753906,134.02999877929688,130.7899932861328,130.80999755859375,149600,0.0,0.0
2024-10-16 00:00:00-04:00,131.4600067138672,134.32000732421875,130.92999267578125,132.75999450683594,158900,0.0,0.0
2024-10-17 00:00:00-04:00,132.82000732421875,133.36000061035156,131.61000061035156,133.00999450683594,76800,0.0,0.0
2024-10-18 00:00:00-04:00,133.00999450683594,133.5399932861328,131.64999389648438,131.80999755859375,85300,0.0,0.0
2024-10-21 00:00:00-04:00,131.6199951171875,131.97000122070312,130.25999450683594,130.9499969482422,76500,0.0,0.0
2024-10-22 00:00:00-04:00,129.99000549316406,131.0500030517578,129.67999267578125,130.0800018310547,114300,0.0,0.0
2024-10-23 00:00:00-04:00,129.6699981689453,130.17999267578125,128.16000366210938,129.38999938964844,80500,0.0,0.0
2024-10-24 00:00:00-04:00,129.24000549316406,129.99000549316406,128.72999572753906,129.10000610351562,158500,0.0,0.0
2024-10-25 00:00:00-04:00,129.49000549316406,130.60000610351562,127.01000213623047,127.95999908447266,106800,0.0,0.0
2024-10-28 00:00:00-04:00,129.00999450683594,129.07000732421875,127.97000122070312,128.2899932861328,124900,0.0,0.0
2024-10-29 00:00:00-04:00,127.91999816894531,129.7899932861328,127.12999725341797,129.77999877929688,91900,0.0,0.0
2024-10-30 00:00:00-04:00,128.77999877929688,128.77999877929688,124.94999694824219,125.69000244140625,131500,0.0,0.0
2024-10-31 00:00:00-04:00,125.13999938964844,126.0199966430664,123.44999694824219,124.41999816894531,120700,0.0,0.0
2024-11-01 00:00:00-04:00,124.68000030517578,127.61000061035156,124.68000030517578,126.2699966430664,146500,0.0,0.0
2024-11-04 00:00:00-05:00,125.31999969482422,129.41000366210938,125.31999969482422,128.9600067138672,206100,0.0,0.0
2024-11-05 00:00:00-05:00,124.81999969482422,126.51000213623047,117.2699966430664,124.16999816894531,242400,0.0,0.0
2024-11-06 00:00:00-05:00,129.39999389648438,133.80999755859375,127.12999725341797,130.9600067138672,209300,0.0,0.0
2024-11-07 00:00:00-05:00,131.50999450683594,133.41000366210938,128.52999877929688,129.0800018310547,197400,0.0,0.0
2024-11-08 00:00:00-05:00,128.97000122070312,129.80999755859375,127.45999908447266,127.58000183105469,140600,0.0,0.0
2024-11-11 00:00:00-05:00,129.0500030517578,129.2100067138672,127.3499984741211,127.94999694824219,79600,0.0,0.0
2024-11-12 00:00:00-05:00,127.6500015258789,128.47999572753906,125.58000183105469,126.1500015258789,83900,0.0,0.0
2024-11-13 00:00:00-05:00,127.0999984741211,127.19000244140625,123.19999694824219,123.29000091552734,107200,0.0,0.0
2024-11-14 00:00:00-05:00,123.55999755859375,123.55999755859375,120.87999725341797,122.06999969482422,105500,0.0,0.0
2024-11-15 00:00:00-05:00,122.20999908447266,122.63999938964844,119.4000015258789,119.77999877929688,129400,0.0,0.0
2024-11-18 00:00:00-05:00,119.86000061035156,120.6500015258789,118.11000061035156,118.2699966430664,134200,0.0,0.0
2024-11-19 00:00:00-05:00,117.36000061035156,120.4000015258789,116.69000244140625,120.19999694824219,113500,0.0,0.0
2024-11-20 00:00:00-05:00,120.30999755859375,121.81999969482422,119.56999969482422,120.98999786376953,131200,0.0,0.0
2024-11-21 00:00:00-05:00,121.52999877929688,121.52999877929688,118.30999755859375,120.83999633789062,125000,0.0,0.0
2024-11-22 00:00:00-05:00,121.4800033569336,124.37000274658203,121.44000244140625,124.31999969482422,154500,0.0,0.0
2024-11-25 00:00:00-05:00,124.93000030517578,125.91999816894531,121.7699966430664,122.94999694824219,141300,0.0,0.0
2024-11-26 00:00:00-05:00,122.7699966430664,124.55999755859375,122.16999816894531,124.41000366210938,130300,0.0,0.0
2024-11-27 00:00:00-05:00,124.63999938964844,125.16000366210938,120.97000122070312,121.29000091552734,107900,0.0,0.0
2024-11-29 00:00:00-05:00,122.3499984741211,123.5199966430664,121.30000305175781,122.83999633789062,63900,0.0,0.0
2024-12-02 00:00:00-05:00,122.9800033569336,123.19000244140625,121.5,123.08999633789062,127600,0.0,0.0
2024-12-03 00:00:00-05:00,124.06999969482422,124.06999969482422,121.66000366210938,122.19999694824219,86300,0.0,0.0
2024-12-04 00:00:00-05:00,122.56999969482422,123.75,122.1500015258789,123.5999984741211,92100,0.0,0.0
2024-12-05 00:00:00-05:00,123.33000183105469,123.33000183105469,120.01000213623047,120.2699966430664,111700,0.0,0.0
2024-12-06 00:00:00-05:00,120.41999816894531,121.0,119.02999877929688,120.73999786376953,131500,0.0,0.0
2024-12-09 00:00:00-05:00,120.45999908447266,122.11000061035156,120.3499984741211,120.72000122070312,93400,0.0,0.0
2024-12-10 00:00:00-05:00,121.69000244140625,123.45999908447266,120.43000030517578,122.95999908447266,89400,0.0,0.0
2024-12-11 00:00:00-05:00,123.0,123.0,120.0999984741211,120.9000015258789,99300,0.0,0.0
2024-12-12 00:00:00-05:00,120.9000015258789,124.01000213623047,120.37999725341797,122.0,137700,0.0,0.0
2024-12-13 00:00:00-05:00,121.70999908447266,125.12999725341797,121.5,125.0,191400,0.0,0.0
2024-12-16 00:00:00-05:00,126.0,131.97999572753906,125.5199966430664,130.41000366210938,367200,0.0,0.0
2024-12-17 00:00:00-05:00,130.47000122070312,131.3800048828125,128.44000244140625,130.72999572753906,273300,0.0,0.0
2024-12-18 00:00:00-05:00,131.72999572753906,131.92999267578125,128.33999633789062,129.75,305700,0.0,0.0
2024-12-19 00:00:00-05:00,129.32000732421875,130.8800048828125,126.08000183105469,129.60000610351562,255800,0.0,0.0
2024-12-20 00:00:00-05:00,128.92999267578125,132.5500030517578,126.13999938964844,131.39999389648438,473700,0.0,0.0
2024-12-23 00:00:00-05:00,130.85000610351562,131.82000732421875,128.1300048828125,128.86000061035156,134900,0.0,0.0
2024-12-24 00:00:00-05:00,129.41000366210938,130.1999969482422,127.6500015258789,128.88999938964844,44800,0.0,0.0
2024-12-26 00:00:00-05:00,128.17999267578125,130.22999572753906,128.17999267578125,130.17999267578125,56800,0.0,0.0
2024-12-27 00:00:00-05:00,129.77000427246094,130.3300018310547,127.33999633789062,128.24000549316406,71000,0.0,0.0
2024-12-30 00:00:00-05:00,127.4800033569336,128.24000549316406,126.26000213623047,126.27999877929688,72700,0.0,0.0
2024-12-31 00:00:00-05:00,127.0,127.88999938964844,125.08999633789062,125.3499984741211,89100,0.0,0.0
2025-01-02 00:00:00-05:00,125.4000015258789,125.7699966430664,123.94999694824219,124.26000213623047,211600,0.0,0.0
2025-01-03 00:00:00-05:00,124.79000091552734,125.55000305175781,124.51000213623047,124.58999633789062,63500,0.0,0.0
2025-01-06 00:00:00-05:00,124.12000274658203,125.91000366210938,123.79000091552734,125.69999694824219,177500,0.0,0.0
2025-01-07 00:00:00-05:00,126.2699966430664,126.63999938964844,124.22000122070312,125.69999694824219,129200,0.0,0.0
2025-01-08 00:00:00-05:00,125.41999816894531,127.0,124.63999938964844,126.41999816894531,109900,0.0,0.0
2025-01-10 00:00:00-05:00,125.2300033569336,126.27999877929688,124.30999755859375,125.33999633789062,146200,0.0,0.0
2025-01-13 00:00:00-05:00,125.16999816894531,126.83999633789062,124.16000366210938,126.33999633789062,117800,0.0,0.0
2025-01-14 00:00:00-05:00,126.9000015258789,129.02000427246094,125.33999633789062,128.5500030517578,105100,0.0,0.0
2025-01-15 00:00:00-05:00,130.22000122070312,131.41000366210938,129.75999450683594,131.27000427246094,105900,0.0,0.0
2025-01-16 00:00:00-05:00,131.27000427246094,133.6999969482422,130.85000610351562,133.32000732421875,121700,0.0,0.0
2025-01-17 00:00:00-05:00,133.8300018310547,134.1699981689453,132.4600067138672,133.8699951171875,122600,0.0,0.0
2025-01-21 00:00:00-05:00,134.2899932861328,136.67999267578125,134.2899932861328,135.9199981689453,123800,0.0,0.0
2025-01-22 00:00:00-05:00,135.92999267578125,136.72000122070312,131.75,132.66000366210938,238200,0.0,0.0
2025-01-23 00:00:00-05:00,132.4600067138672,132.4600067138672,125.81999969482422,127.11000061035156,180400,0.0,0.0
2025-01-24 00:00:00-05:00,126.86000061035156,130.6999969482422,126.44000244140625,130.6199951171875,132200,0.0,0.0
2025-01-27 00:00:00-05:00,130.11000061035156,133.67999267578125,130.11000061035156,132.80999755859375,109200,0.0,0.0
2025-01-28 00:00:00-05:00,132.80999755859375,134.63999938964844,130.0800018310547,132.19000244140625,194000,0.0,0.0
2025-01-29 00:00:00-05:00,131.38999938964844,131.38999938964844,126.05999755859375,126.2699966430664,164100,0.0,0.0
2025-01-30 00:00:00-05:00,126.97000122070312,127.63999938964844,124.56999969482422,126.33000183105469,213600,0.0,0.0
2025-01-31 00:00:00-05:00,126.05999755859375,127.7249984741211,124.16000366210938,125.16000366210938,153437,0.0,0.0
