Date,Open,High,Low,Close,Volume,Dividends,Stock Splits
2022-01-03 00:00:00-05:00,6.5564140175746,6.632320332013625,6.4899962186591145,6.537437438964844,42100,0.0,0.0
2022-01-04 00:00:00-05:00,6.584879809100472,6.679762712198127,6.5374381313329595,6.5753912925720215,24900,0.0,0.0
2022-01-05 00:00:00-05:00,6.622832419678442,6.70822725158479,6.480507850646973,6.480507850646973,66000,0.0,0.0
2022-01-06 00:00:00-05:00,6.527948999673266,6.584878732221678,6.28125303952619,6.309718132019043,46900,0.0,0.0
2022-01-07 00:00:00-05:00,6.357159349590738,6.452042689608718,6.28125303952619,6.309718132019043,28300,0.0,0.0
2022-01-10 00:00:00-05:00,6.262276831139734,6.452043069924164,6.186370516600891,6.376136302947998,31600,0.0,0.0
2022-01-11 00:00:00-05:00,6.433066529923163,6.433066529923163,6.186370553753071,6.300230026245117,24400,0.0,0.0
2022-01-12 00:00:00-05:00,6.271765684280985,6.452043417233637,6.186370849609375,6.186370849609375,29200,0.0,0.0
2022-01-13 00:00:00-05:00,6.2243239406580955,6.2243239406580955,6.091487884521484,6.091487884521484,25200,0.0,0.0
2022-01-14 00:00:00-05:00,6.22432424990396,6.22432424990396,6.053535026385777,6.063023090362549,38400,0.0,0.0
2022-01-18 00:00:00-05:00,6.053534448783054,6.100975669015003,5.882744789123535,5.882744789123535,39800,0.0,0.0
2022-01-19 00:00:00-05:00,5.863768730042219,5.958652083786925,5.7783743450842895,5.8068389892578125,26100,0.0,0.0
2022-01-20 00:00:00-05:00,5.882744934991072,5.958651703631541,5.740420818328857,5.740420818328857,42000,0.0,0.0
2022-01-21 00:00:00-05:00,5.7593975080400535,5.901721627436868,5.740420928624656,5.844791889190674,39200,0.0,0.0
2022-01-24 00:00:00-05:00,5.854280666130165,6.006093308221916,5.6929795076889995,5.8068389892578125,47000,0.0,0.0
2022-01-25 00:00:00-05:00,5.816327134531994,5.844791776889504,5.702467660227289,5.740420818328857,28700,0.0,0.0
2022-01-26 00:00:00-05:00,5.797350750290093,5.863768552981014,5.6550261764080005,5.692979335784912,65700,0.0,0.0
2022-01-27 00:00:00-05:00,6.262276877705069,6.850551272192742,6.186370562601798,6.708227157592773,223800,0.0,0.0
2022-01-28 00:00:00-05:00,6.803109645668794,6.99287542210751,6.594366839148908,6.964410781860352,114000,0.0,0.0
2022-01-31 00:00:00-05:00,6.954923282126076,7.0687827646109485,6.812598702801304,7.059294700622559,92700,0.0,0.0
2022-02-01 00:00:00-05:00,7.011853277654829,7.163666378910891,6.8695286931686255,7.106736183166504,92100,0.0,0.0
2022-02-02 00:00:00-05:00,7.1067352242346935,7.211106632433099,6.935946017358748,7.021340847015381,34400,0.0,0.0
2022-02-03 00:00:00-05:00,6.87901620985015,7.15417682204917,6.546925862620709,6.92645788192749,46800,0.0,0.0
2022-02-04 00:00:00-05:00,6.926457253285739,7.002887053536237,6.821366050162533,6.955118656158447,36300,0.05,0.0
2022-02-07 00:00:00-05:00,6.936010988460198,7.031548235775587,6.8977956339765125,6.907349586486816,50600,0.0,0.0
2022-02-08 00:00:00-05:00,6.878689400166549,7.002888071404632,6.735383731646188,6.85958194732666,42900,0.0,0.0
2022-02-09 00:00:00-05:00,6.754490568389449,6.955119032687184,6.754490568389449,6.8022589683532715,52700,0.0,0.0
2022-02-10 00:00:00-05:00,6.878689850718333,6.878689850718333,6.706722763895549,6.7831525802612305,29600,0.0,0.0
2022-02-11 00:00:00-05:00,6.821366005471811,6.926457207906504,6.620737553349915,6.706721305847168,39200,0.0,0.0
2022-02-14 00:00:00-05:00,6.678060011178786,6.7544902677223355,6.601630210192784,6.6876139640808105,47600,0.0,0.0
2022-02-15 00:00:00-05:00,6.802259410645586,6.859581767663894,6.639845837981581,6.725829601287842,15700,0.0,0.0
2022-02-16 00:00:00-05:00,6.716275367229335,6.869134969201339,6.6876139640808105,6.6876139640808105,15700,0.0,0.0
2022-02-17 00:00:00-05:00,6.69716813550175,6.9169035927273805,6.649399280548096,6.649399280548096,26600,0.0,0.0
2022-02-18 00:00:00-05:00,6.687614551075237,6.792705764433973,6.649399647227986,6.668507099151611,37300,0.0,0.0
2022-02-22 00:00:00-05:00,6.658953411692547,6.7067222711906105,6.61118500775209,6.620738506317139,56200,0.0,0.0
2022-02-23 00:00:00-05:00,6.687614099064599,6.697168052159462,6.49653959274292,6.49653959274292,35600,0.0,0.0
2022-02-24 00:00:00-05:00,6.362787803354377,6.601631194838341,6.18126677115965,6.2672505378723145,96100,0.0,0.0
2022-02-25 00:00:00-05:00,6.219481034701787,6.506092780539348,6.171712182616759,6.209927082061768,98400,0.0,0.0
2022-02-28 00:00:00-05:00,6.123943967929194,6.687614476747792,6.114390469852355,6.5156474113464355,40800,0.0,0.0
2022-03-01 00:00:00-05:00,6.439217193299122,6.601630761742394,6.219481724884798,6.257696628570557,27500,0.0,0.0
2022-03-02 00:00:00-05:00,6.401002709547202,6.401002709547202,6.22903563167949,6.2672505378723145,31500,0.0,0.0
2022-03-03 00:00:00-05:00,6.2672492657868535,6.420108859531708,6.229034367350639,6.410555362701416,17900,0.0,0.0
2022-03-04 00:00:00-05:00,6.295911345582496,6.486985858345934,6.295911345582496,6.458324909210205,31500,0.0,0.0
2022-03-07 00:00:00-05:00,6.362787123329124,6.458324834158174,6.209927514894751,6.219481468200684,15900,0.0,0.0
2022-03-08 00:00:00-05:00,6.219481769079611,6.343679979162073,6.171712911354179,6.248142719268799,28800,0.0,0.0
2022-03-09 00:00:00-05:00,6.2863574783014515,6.58252320492164,6.238589077234853,6.4392170906066895,15900,0.0,0.0
2022-03-10 00:00:00-05:00,6.257696800713371,6.639845848083496,6.209927942013307,6.639845848083496,31200,0.0,0.0
2022-03-11 00:00:00-05:00,6.6876142923348425,6.802258999441051,6.496539780491161,6.630291938781738,68700,0.0,0.0
2022-03-14 00:00:00-04:00,6.467877613500882,6.467877613500882,5.894653689984038,5.913761138916016,87600,0.0,0.0
2022-03-15 00:00:00-04:00,5.856439700583711,6.095283077062091,5.827778294960966,5.837332248687744,45000,0.0,0.0
2022-03-16 00:00:00-04:00,5.923315415373925,6.037960579615689,5.78000975729748,5.942422866821289,57700,0.0,0.0
2022-03-17 00:00:00-04:00,5.980638180860036,6.104836386566793,5.760902263068363,5.951976776123047,113700,0.0,0.0
2022-03-18 00:00:00-04:00,6.12394334575536,6.257695949702922,5.789562747001529,5.865992546081543,708200,0.0,0.0
2022-03-21 00:00:00-04:00,5.780009146761586,6.104835787055708,5.780009146761586,5.971083641052246,56100,0.0,0.0
2022-03-22 00:00:00-04:00,6.047514647402443,6.257697088685985,5.99019228765901,6.095283508300781,26000,0.0,0.0
2022-03-23 00:00:00-04:00,6.028405832507881,6.076174682616584,5.904207186671268,5.913761138916016,21000,0.0,0.0
2022-03-24 00:00:00-04:00,5.980638438207884,6.047514292875915,5.932869580109925,5.99019193649292,18600,0.0,0.0
2022-03-25 00:00:00-04:00,6.047514292875915,6.15260550735687,5.980638438207884,5.99019193649292,14600,0.0,0.0
2022-03-28 00:00:00-04:00,6.00929934400879,6.0761756537379386,5.8086708703789345,5.999745845794678,51800,0.0,0.0
2022-03-29 00:00:00-04:00,5.961530458232735,6.04751421954338,5.827778294960966,5.837332248687744,85600,0.0,0.0
2022-03-30 00:00:00-04:00,5.78956413269043,5.84688649572012,5.760903178954408,5.78956413269043,37500,0.0,0.0
2022-03-31 00:00:00-04:00,5.741795107640883,5.818224916801228,5.703579747503113,5.732241153717041,80600,0.0,0.0
2022-04-01 00:00:00-04:00,5.780009489407637,5.818224390531196,5.455182374299836,5.655810832977295,176800,0.0,0.0
2022-04-04 00:00:00-04:00,5.713132738904743,5.971083529141348,5.56027314633713,5.904207229614258,66600,0.0,0.0
2022-04-05 00:00:00-04:00,5.846885946064792,5.885100851158737,5.560274157860206,5.636703968048096,104400,0.0,0.0
2022-04-06 00:00:00-04:00,5.674918884424801,5.674918884424801,5.474290404503904,5.55072021484375,70000,0.0,0.0
2022-04-07 00:00:00-04:00,5.502950598590625,5.722686027120404,5.4933966466245465,5.684471130371094,58500,0.0,0.0
2022-04-08 00:00:00-04:00,5.636703968048096,5.713133778235986,5.588935108901864,5.636703968048096,32100,0.0,0.0
2022-04-11 00:00:00-04:00,5.608042461019697,5.684472269838878,5.522059153876917,5.569827556610107,192400,0.0,0.0
2022-04-12 00:00:00-04:00,5.569826971342289,5.770455426189743,5.569826971342289,5.588934421539307,16700,0.0,0.0
2022-04-13 00:00:00-04:00,5.627149752267093,5.971084337673192,5.608042300608842,5.9328694343566895,122800,0.0,0.0
2022-04-14 00:00:00-04:00,5.961530273996994,6.085728935261325,5.894654422206642,5.951976776123047,19100,0.0,0.0
2022-04-18 00:00:00-04:00,5.894655359357017,5.9615312217795,5.780010633297637,5.78956413269043,31600,0.0,0.0
2022-04-19 00:00:00-04:00,5.780010145405788,5.942423265835094,5.732241285801068,5.875547409057617,45500,0.0,0.0
2022-04-20 00:00:00-04:00,5.856439051808613,6.095282401827977,5.837331602029366,6.037960052490234,26000,0.0,0.0
2022-04-21 00:00:00-04:00,5.9901922850648335,6.181266817460195,5.789563798270893,5.846886157989502,59700,0.0,0.0
2022-04-22 00:00:00-04:00,6.037960845916018,6.037960845916018,5.598488987686437,5.732241153717041,81800,0.0,0.0
2022-04-25 00:00:00-04:00,5.732240043676357,5.732240043676357,5.6175953521366315,5.674917697906494,23900,0.0,0.0
2022-04-26 00:00:00-04:00,5.7226872881084025,5.770456147349608,5.55072021484375,5.55072021484375,59500,0.0,0.0
2022-04-27 00:00:00-04:00,5.608041871736324,5.646256772130358,5.474289720357204,5.588934421539307,85200,0.0,0.0
2022-04-28 00:00:00-04:00,6.429662740852051,6.783150775258664,6.28635664552146,6.6780595779418945,387400,0.0,0.0
2022-04-29 00:00:00-04:00,6.649399922627095,7.127086696059744,6.553862659052086,6.869135856628418,92600,0.0,0.0
2022-05-02 00:00:00-04:00,6.82136635455091,7.499681545378707,6.82136635455091,7.318160533905029,185400,0.0,0.0
2022-05-03 00:00:00-04:00,7.318161425724248,7.318161425724248,7.098425485642202,7.16530179977417,53300,0.0,0.0
2022-05-04 00:00:00-04:00,7.117532938885962,7.2226241595054494,7.050657080311613,7.16530179977417,34900,0.0,0.0
2022-05-05 00:00:00-04:00,7.184408035749017,7.184408035749017,6.916903280102638,7.1270856857299805,27300,0.0,0.0
2022-05-06 00:00:00-04:00,7.088612759145717,7.088612759145717,6.684648316012813,6.761594295501709,86400,0.05,0.0
2022-05-09 00:00:00-04:00,6.60770311832213,7.059758763415602,6.60770311832213,6.896249294281006,36200,0.0,0.0
2022-05-10 00:00:00-04:00,7.021285354926603,7.040521734311411,6.636557308598995,6.780830383300781,83600,0.0,0.0
2022-05-11 00:00:00-04:00,6.559612600636703,6.90586747229746,6.559612600636703,6.694267272949219,19100,0.0,0.0
2022-05-12 00:00:00-04:00,6.617321969565007,6.828922176064888,6.549994401817461,6.742358684539795,18700,0.0,0.0
2022-05-13 00:00:00-04:00,6.89624995752613,6.89624995752613,6.636558557639987,6.665412902832031,29400,0.0,0.0
2022-05-16 00:00:00-04:00,6.761594653172325,6.800067415636139,6.5499940009898365,6.675030708312988,49100,0.0,0.0
2022-05-17 00:00:00-04:00,6.751976186720945,6.751976186720945,6.607703099159897,6.646175861358643,13800,0.0,0.0
2022-05-18 00:00:00-04:00,6.569230382221744,6.7712126144725255,6.569230382221744,6.675030708312988,15600,0.0,0.0
2022-05-19 00:00:00-04:00,6.598084724018399,6.742357802528985,6.309538566997227,6.4538116455078125,38500,0.0,0.0
2022-05-20 00:00:00-04:00,6.424957683900714,6.530758016417975,6.348012154299626,6.492285251617432,31000,0.0,0.0
2022-05-23 00:00:00-04:00,6.492285023654682,6.549994168829164,6.376866733305718,6.4441938400268555,23100,0.0,0.0
2022-05-24 00:00:00-04:00,6.338393329318794,6.424956809016937,6.040229213399702,6.078701972961426,43200,0.0,0.0
2022-05-25 00:00:00-04:00,5.992138389880917,6.24221134185791,5.982519970104514,6.24221134185791,28400,0.0,0.0
2022-05-26 00:00:00-04:00,6.184502782876812,6.376867068879506,6.174884820824025,6.328775882720947,63600,0.0,0.0
2022-05-27 00:00:00-04:00,6.41533896197293,6.559612042198293,6.41533896197293,6.511520862579346,20100,0.0,0.0
2022-05-31 00:00:00-04:00,6.540376506488384,6.540376506488384,6.271066691389034,6.424957752227783,62800,0.0,0.0
2022-06-01 00:00:00-04:00,6.4249576022134,6.771212939647514,6.386484837902001,6.6846489906311035,35700,0.0,0.0
2022-06-02 00:00:00-04:00,6.684648669613189,6.819303796868047,6.655794327081081,6.675030708312988,15900,0.0,0.0
2022-06-03 00:00:00-04:00,6.7135038352353344,6.7135038352353344,6.453812445190866,6.588467121124268,7900,0.0,0.0
2022-06-06 00:00:00-04:00,6.559613366844845,6.723122401578983,6.280685569443895,6.549994945526123,17800,0.0,0.0
2022-06-07 00:00:00-04:00,6.636558088135226,6.636558088135226,6.415339469909668,6.415339469909668,12300,0.0,0.0
2022-06-08 00:00:00-04:00,6.328775146169462,6.482666190156334,6.251829624176025,6.251829624176025,27300,0.0,0.0
2022-06-09 00:00:00-04:00,6.251829909554878,6.251829909554878,6.097938858543302,6.1075568199157715,13100,0.0,0.0
2022-06-10 00:00:00-04:00,6.107556594705281,6.194120537023082,5.934429168701172,5.934429168701172,52700,0.0,0.0
2022-06-13 00:00:00-04:00,5.828629468926373,5.847865851650293,5.67473840713501,5.67473840713501,32500,0.0,0.0
2022-06-14 00:00:00-04:00,5.751683566755744,6.280684745463494,5.559319751933751,5.636265277862549,33900,0.0,0.0
2022-06-15 00:00:00-04:00,5.636265456865579,6.011375136997389,5.530465126037598,5.530465126037598,50400,0.0,0.0
2022-06-16 00:00:00-04:00,5.530464228691108,5.530464228691108,5.347718399142062,5.463136672973633,43200,0.0,0.0
2022-06-17 00:00:00-04:00,5.5304655606433935,5.6458838622722025,5.405428837896403,5.50161075592041,54800,0.0,0.0
2022-06-21 00:00:00-04:00,5.66511969351339,5.66511969351339,5.203446073380946,5.318864822387695,52700,0.0,0.0
2022-06-22 00:00:00-04:00,5.338101456182809,5.578556468467953,5.299628690907709,5.395810604095459,44000,0.0,0.0
2022-06-23 00:00:00-04:00,5.463137670559699,5.684356298447816,5.35733779621043,5.491992473602295,43000,0.0,0.0
2022-06-24 00:00:00-04:00,5.4342830429837,5.665119620770092,5.376573898537101,5.636265277862549,136500,0.0,0.0
2022-06-27 00:00:00-04:00,5.703592462281076,5.867101936447284,5.636265355481943,5.819011211395264,26300,0.0,0.0
2022-06-28 00:00:00-04:00,5.799774861304658,6.213357300440747,5.799774861304658,5.972902297973633,75400,0.0,0.0
2022-06-29 00:00:00-04:00,6.040229213399702,6.146029072878706,5.924810476083061,6.078701972961426,53600,0.0,0.0
2022-06-30 00:00:00-04:00,6.059465872353219,6.155647775688835,5.799774504031309,5.934429168701172,42800,0.0,0.0
2022-07-01 00:00:00-04:00,5.886339100483808,6.097939786455104,5.684356835980107,5.79977560043335,49600,0.0,0.0
2022-07-05 00:00:00-04:00,5.819011462790351,5.944047720232681,5.799775080212182,5.895956993103027,25500,0.0,0.0
2022-07-06 00:00:00-04:00,5.953665549368295,6.078702253020342,5.703592142064201,5.934429168701172,45300,0.0,0.0
2022-07-07 00:00:00-04:00,6.030611470312892,6.097939036410044,5.9344295606251904,6.00175666809082,39800,0.0,0.0
2022-07-08 00:00:00-04:00,6.049847233512119,6.059465652812942,5.9248105343902715,6.011374473571777,13200,0.0,0.0
2022-07-11 00:00:00-04:00,6.0306108535419485,6.06908361348229,5.290009536743164,6.011374473571777,57800,0.0,0.0
2022-07-12 00:00:00-04:00,6.069084462494794,6.126793610478317,5.895957018544223,5.924811363220215,33900,0.0,0.0
2022-07-13 00:00:00-04:00,5.72282913462904,5.819011506880183,5.578556493515408,5.67473840713501,35600,0.0,0.0
2022-07-14 00:00:00-04:00,5.6362654603936075,5.7420653326562885,5.578556314078093,5.655501842498779,8100,0.0,0.0
2022-07-15 00:00:00-04:00,5.617028497630448,5.732446778330162,5.5016097582992565,5.693974018096924,31000,0.0,0.0
2022-07-18 00:00:00-04:00,5.655500914053617,5.76130076894748,5.549700600528302,5.559319019317627,52000,0.0,0.0
2022-07-19 00:00:00-04:00,5.568938230781335,5.693974951348822,5.5112290809728535,5.540083885192871,40700,0.0,0.0
2022-07-20 00:00:00-04:00,5.540084280681071,5.674738973180078,5.472756705115773,5.482374668121338,33600,0.0,0.0
2022-07-21 00:00:00-04:00,5.54970162203984,5.6651199169676145,5.520846818992128,5.617029190063477,77900,0.0,0.0
2022-07-22 00:00:00-04:00,5.61702970036608,5.655502468837225,5.482374552085496,5.520847320556641,40400,0.0,0.0
2022-07-25 00:00:00-04:00,5.482374103381662,6.088320845155968,5.482374103381662,5.924811363220215,83000,0.0,0.0
2022-07-26 00:00:00-04:00,5.9536666983327144,6.069085004609379,5.828629970550537,5.828629970550537,32700,0.0,0.0
2022-07-27 00:00:00-04:00,5.790156659218724,5.905574954679992,5.722829090883882,5.770920276641846,44600,0.0,0.0
2022-07-28 00:00:00-04:00,6.020993735157627,6.203739141123014,5.847865832575517,5.924811363220215,18500,0.0,0.0
2022-07-29 00:00:00-04:00,5.915193120130822,6.059466212549919,5.819011211395264,5.819011211395264,33900,0.0,0.0
2022-08-01 00:00:00-04:00,5.876720324102283,6.049847758867832,5.876720324102283,6.040229797363281,50000,0.0,0.0
2022-08-02 00:00:00-04:00,5.963283386275902,6.001756146809438,5.819010763590882,5.847865104675293,40700,0.0,0.0
2022-08-03 00:00:00-04:00,6.0594666644537885,6.0594666644537885,5.7709204580963505,5.790156841278076,19000,0.0,0.0
2022-08-04 00:00:00-04:00,5.790156038655576,5.905574321746826,5.722828477536602,5.905574321746826,19300,0.0,0.0
2022-08-05 00:00:00-04:00,5.895957545194381,6.049848620229935,5.819012007676605,5.828629970550537,40500,0.0,0.0
2022-08-08 00:00:00-04:00,5.8286290606415365,6.165265964045113,5.8286290606415365,6.1075568199157715,54800,0.0,0.0
2022-08-09 00:00:00-04:00,6.136411424279414,6.146029385343088,5.963283538818359,5.963283538818359,17700,0.0,0.0
2022-08-10 00:00:00-04:00,5.982520330528836,6.059466317481269,5.886338420127702,6.030611515045166,47200,0.0,0.0
2022-08-11 00:00:00-04:00,6.078703197665701,6.242212229430206,6.0594668140091965,6.184503078460693,19500,0.0,0.0
2022-08-12 00:00:00-04:00,6.194121292749569,6.251830441791862,6.06908457384216,6.136412143707275,39800,0.0,0.0
2022-08-15 00:00:00-04:00,6.155648370494086,6.434576146435229,6.059466457864647,6.271066665649414,89000,0.0,0.0
2022-08-16 00:00:00-04:00,6.319157220256136,6.9251034386282795,6.319157220256136,6.751976013183594,56400,0.0,0.0
2022-08-17 00:00:00-04:00,6.6365580558776855,6.723121543540667,6.578848911225195,6.6365580558776855,17800,0.0,0.0
2022-08-18 00:00:00-04:00,7.2040310989062695,7.463722921855156,6.982812953961339,7.165558338165283,150300,0.0,0.0
2022-08-19 00:00:00-04:00,7.050140531303839,7.357923096615709,7.021286188118314,7.290595531463623,76700,0.0,0.0
2022-08-22 00:00:00-04:00,7.280977538420839,7.598378063876448,7.08861326394699,7.511814117431641,107600,0.0,0.0
2022-08-23 00:00:00-04:00,7.5118136733224015,7.733032277778081,7.3098314493136725,7.4156317710876465,83300,0.0,0.0
2022-08-24 00:00:00-04:00,7.3579227999019645,7.84845074195863,7.3579227999019645,7.781123638153076,109400,0.0,0.0
2022-08-25 00:00:00-04:00,7.742651515020415,8.050433634676567,7.675323947029864,7.925396919250488,138700,0.0,0.0
2022-08-26 00:00:00-04:00,8.031842231750488,8.215703270144315,7.741534503304022,8.031842231750488,112100,0.05,0.0
2022-08-29 00:00:00-04:00,8.118935014464686,8.535041885530644,8.070550237030169,8.273765563964844,192100,0.0,0.0
2022-08-30 00:00:00-04:00,8.457627714586206,8.457627714586206,7.364136123882512,7.625412940979004,88600,0.0,0.0
2022-08-31 00:00:00-04:00,7.683473573905214,7.925396082200892,7.3931658256600885,7.489934921264648,57400,0.0,0.0
2022-09-01 00:00:00-04:00,7.52864333865209,7.596381477718158,7.4415509182169,7.518966197967529,55800,0.0,0.0
2022-09-02 00:00:00-04:00,7.5479975658608245,7.596381887599932,7.2673669309069355,7.586705207824707,33300,0.0,0.0
2022-09-06 00:00:00-04:00,7.596381177626463,7.596381177626463,7.170596694386968,7.209304332733154,67100,0.0,0.0
2022-09-07 00:00:00-04:00,7.209305317344817,7.451228320764864,7.0157670991813825,7.4221978187561035,28700,0.0,0.0
2022-09-08 00:00:00-04:00,7.480258780032543,7.818950869706318,7.4705816390608595,7.509289741516113,272000,0.0,0.0
2022-09-09 00:00:00-04:00,7.61573569290671,7.915720609656583,7.528643729382979,7.886689186096191,160900,0.0,0.0
2022-09-12 00:00:00-04:00,8.43827435694401,8.63181256912697,8.022166508603402,8.52536678314209,262900,0.0,0.0
2022-09-13 00:00:00-04:00,8.32215227586306,8.641490589152255,8.167320767509828,8.48666000366211,124800,0.0,0.0
2022-09-14 00:00:00-04:00,8.525367435923226,8.525367435923226,7.799598392518275,7.877013683319092,65200,0.0,0.0
2022-09-15 00:00:00-04:00,7.906043083844246,8.128611783134847,7.906043083844246,7.92539644241333,41600,0.0,0.0
2022-09-16 00:00:00-04:00,7.877013246864136,8.080228604672149,7.547997817759448,7.596382141113281,112500,0.0,0.0
2022-09-19 00:00:00-04:00,7.393166250591471,7.586704914355912,7.1415665875586125,7.470581531524658,103500,0.0,0.0
2022-09-20 00:00:00-04:00,7.470581438354206,7.518966219049747,7.257689418443055,7.431873798370361,104000,0.0,0.0
2022-09-21 00:00:00-04:00,7.393166587515076,7.586705260099519,7.315751303053896,7.412520408630371,61800,0.0,0.0
2022-09-22 00:00:00-04:00,7.470581122285634,7.470581122285634,7.073827598521502,7.209304332733154,42600,0.0,0.0
2022-09-23 00:00:00-04:00,7.073828683525031,7.073828683525031,6.744813245685698,6.967382431030273,58000,0.0,0.0
2022-09-26 00:00:00-04:00,6.967381838679699,7.209304825598181,6.831905095206163,7.015766620635986,105300,0.0,0.0
2022-09-27 00:00:00-04:00,7.044797765162453,7.1705973709411746,6.977059160949688,7.09318208694458,23400,0.0,0.0
2022-09-28 00:00:00-04:00,7.044797873310607,7.354459014050745,6.899643982872918,7.238336086273193,35400,0.0,0.0
2022-09-29 00:00:00-04:00,7.296397149424987,7.586704914355912,7.0351203455597435,7.470581531524658,54100,0.0,0.0
2022-09-30 00:00:00-04:00,7.39316642604883,7.567351273713793,7.373812605356221,7.441551208496094,69600,0.0,0.0
2022-10-03 00:00:00-04:00,7.393166357013309,7.664120305611216,7.296397254453869,7.509289741516113,47600,0.0,0.0
2022-10-04 00:00:00-04:00,7.6447659165406145,8.060873257315087,7.5673506402506145,7.770565509796143,105400,0.0,0.0
2022-10-05 00:00:00-04:00,7.770566255578295,7.847981539298247,7.489935621377723,7.780243396759033,35400,0.0,0.0
2022-10-06 00:00:00-04:00,7.954428672790527,8.002813458423892,7.867336243223075,7.954428672790527,60900,0.0,0.0
2022-10-07 00:00:00-04:00,7.954428134628192,7.954428134628192,7.751212787007155,7.9350738525390625,73600,0.0,0.0
2022-10-10 00:00:00-04:00,7.867336541253224,7.983459477454448,7.760890747117867,7.877013683319092,87900,0.0,0.0
2022-10-11 00:00:00-04:00,7.896366096571331,8.118935723049864,7.770566033407455,7.983458518981934,109100,0.0,0.0
2022-10-12 00:00:00-04:00,7.9834576837456765,8.002811963528927,7.586704176817584,7.654442310333252,20200,0.0,0.0
2022-10-13 00:00:00-04:00,7.480259652788603,7.906044215159842,7.354459574067923,7.896367073059082,42100,0.0,0.0
2022-10-14 00:00:00-04:00,7.925396707135456,7.925396707135456,7.557674114842411,7.63508939743042,25300,0.0,0.0
2022-10-17 00:00:00-04:00,7.673797382101239,7.731858846640303,7.528643951469331,7.577028274536133,47500,0.0,0.0
2022-10-18 00:00:00-04:00,7.6544431026249224,7.741535524938553,7.538320180494398,7.683474063873291,34200,0.0,0.0
2022-10-19 00:00:00-04:00,7.57702792895329,7.760889917088432,7.480258825801752,7.528643608093262,32900,0.0,0.0
2022-10-20 00:00:00-04:00,7.557674128781178,7.557674128781178,6.802874660724511,7.141566753387451,57500,0.0,0.0
2022-10-21 00:00:00-04:00,7.180274113317456,7.257689393013902,6.996412593322661,7.0254435539245605,40400,0.0,0.0
2022-10-24 00:00:00-04:00,6.822228775070822,6.996413168712882,6.338382775744707,6.870613098144531,194800,0.0,0.0
2022-10-25 00:00:00-04:00,6.870611957283383,7.160919693246221,6.541597046147783,6.986734867095947,63600,0.0,0.0
2022-10-26 00:00:00-04:00,7.006089592079226,7.3351050072252235,6.967381950465754,7.1609206199646,57000,0.0,0.0
2022-10-27 00:00:00-04:00,7.160920434882059,7.27704335672114,6.918997450334905,7.083505153656006,41800,0.0,0.0
2022-10-28 00:00:00-04:00,7.13188945985761,7.286720483440535,6.938351257168295,7.277043342590332,218600,0.0,0.0
2022-10-31 00:00:00-04:00,7.35445851840267,7.751212520384287,7.344781839122442,7.431873798370361,65600,0.0,0.0
2022-11-01 00:00:00-04:00,7.480258871336249,7.557674154328727,7.248012560927329,7.54799747467041,46400,0.0,0.0
2022-11-02 00:00:00-04:00,8.03184429103649,8.796320982327567,7.412521039753152,8.622136116027832,241200,0.0,0.0
2022-11-03 00:00:00-04:00,8.631811334476273,8.951149569617378,8.118934914834933,8.709226608276367,146200,0.0,0.0
2022-11-04 00:00:00-04:00,8.835028028084603,9.299519742867613,8.73825845940664,9.076951026916504,126300,0.0,0.0
2022-11-07 00:00:00-05:00,9.541442698914867,9.783365696661965,9.115658628939695,9.764012336730957,271000,0.0,0.0
2022-11-08 00:00:00-05:00,9.705949595964166,9.725303877132516,9.425318979063519,9.628534317016602,123200,0.0,0.0
2022-11-09 00:00:00-05:00,9.66724256264503,9.889812195722005,9.59950442003433,9.773689270019531,324300,0.0,0.0
2022-11-10 00:00:00-05:00,10.376642089384926,10.697569087823284,9.666712022189529,10.172415733337402,231500,0.05,0.0
2022-11-11 00:00:00-05:00,10.12379123170117,10.444718261772927,9.647263329770906,9.773689270019531,136800,0.0,0.0
2022-11-14 00:00:00-05:00,9.77368926097081,10.298842666734245,9.725063756696457,10.00709056854248,135100,0.0,0.0
2022-11-15 00:00:00-05:00,10.114066012258043,10.396092826230978,9.91956492114815,10.376643180847168,180800,0.0,0.0
2022-11-16 00:00:00-05:00,10.269668084539145,10.46416918079939,10.016816195673634,10.152966499328613,123500,0.0,0.0
2022-11-17 00:00:00-05:00,10.114066691176014,10.240492640747517,9.870940079104912,10.133517265319824,113500,0.0,0.0
2022-11-18 00:00:00-05:00,10.133516780824142,10.2988429433244,10.075165988636954,10.25021743774414,50000,0.0,0.0
2022-11-21 00:00:00-05:00,10.036266199374777,10.76564603194456,9.987641619166993,10.600319862365723,180600,0.0,0.0
2022-11-22 00:00:00-05:00,10.600320450618632,10.833722714858718,10.318293603472396,10.687846183776855,121200,0.0,0.0
2022-11-23 00:00:00-05:00,10.600319122900451,10.969871656917471,10.561418904975204,10.707295417785645,106800,0.0,0.0
2022-11-25 00:00:00-05:00,10.823995943634085,11.12547239712805,10.580869352611183,10.736470222473145,36200,0.0,0.0
2022-11-28 00:00:00-05:00,10.629494631589987,11.125472161926014,10.425268262350098,11.02822208404541,151500,0.0,0.0
2022-11-29 00:00:00-05:00,11.174098636194284,11.378325023191895,10.88234652227564,11.329699516296387,231500,0.0,0.0
2022-11-30 00:00:00-05:00,11.572824602784209,11.621450103290888,11.164371882454953,11.543649673461914,202600,0.0,0.0
2022-12-01 00:00:00-05:00,11.553375999200235,11.718702159334628,11.261623897348107,11.679801940917969,191000,0.0,0.0
2022-12-02 00:00:00-05:00,11.592275299445514,11.884027378189288,11.378323651372842,11.514474868774414,219200,0.0,0.0
2022-12-05 00:00:00-05:00,11.407499369946489,11.602001387530171,10.950422040006162,11.47557544708252,157300,0.0,0.0
2022-12-06 00:00:00-05:00,11.572825047574888,11.757601771111133,11.310248818673797,11.592275619506836,93300,0.0,0.0
2022-12-07 00:00:00-05:00,11.650626294113852,11.864577963036824,11.524201277543494,11.854852676391602,183300,0.0,0.0
2022-12-08 00:00:00-05:00,11.952103585779364,12.097979174393354,11.767327778371351,11.884028434753418,176400,0.0,0.0
2022-12-09 00:00:00-05:00,11.95210352666753,11.95210352666753,11.203274086722518,11.281074523925781,136000,0.0,0.0
2022-12-12 00:00:00-05:00,11.290797900401087,11.679800980018694,11.183822540419746,11.446399688720703,247300,0.0,0.0
2022-12-13 00:00:00-05:00,11.475576455286086,11.543651610948604,11.174099043508125,11.310250282287598,160900,0.0,0.0
2022-12-14 00:00:00-05:00,11.251898095264814,11.592275686403637,11.115747800772743,11.495024681091309,158000,0.0,0.0
2022-12-15 00:00:00-05:00,11.475574356666423,11.5825497142091,11.193547570913667,11.271347999572754,68500,0.0,0.0
2022-12-16 00:00:00-05:00,11.193547917583087,11.290797992691692,10.940696052882982,11.183822631835938,223900,0.0,0.0
2022-12-19 00:00:00-05:00,11.183822851259164,11.592275586110192,11.183822851259164,11.524200439453125,191000,0.0,0.0
2022-12-20 00:00:00-05:00,11.670077195300058,11.835403363096495,11.553376534641586,11.699252128601074,116400,0.0,0.0
2022-12-21 00:00:00-05:00,11.660351397449418,11.893752708539203,11.572825673927156,11.74787712097168,115200,0.0,0.0
2022-12-22 00:00:00-05:00,11.70897675523771,11.738151686893522,11.319974574979058,11.47557544708252,92000,0.0,0.0
2022-12-23 00:00:00-05:00,11.572825673927156,11.961828786531168,11.475575591366928,11.74787712097168,141600,0.0,0.0
2022-12-27 00:00:00-05:00,11.602000309901351,11.845126881844267,11.242173094720346,11.738150596618652,134500,0.0,0.0
2022-12-28 00:00:00-05:00,11.747874939006845,11.903475784166535,11.436673248687468,11.572823524475098,103200,0.0,0.0
2022-12-29 00:00:00-05:00,11.621449380956816,12.282753920853834,11.621449380956816,12.049352645874023,266400,0.0,0.0
2022-12-30 00:00:00-05:00,12.11742932845737,12.273030198252274,11.777051730190262,11.903477668762207,370200,0.0,0.0
2023-01-03 00:00:00-05:00,12.039628378511733,12.1466037400558,11.611725077426858,11.952102661132812,245700,0.0,0.0
2023-01-04 00:00:00-05:00,12.06880379278198,12.078529078981958,11.728427122871736,11.835402488708496,140900,0.0,0.0
2023-01-05 00:00:00-05:00,11.796502811429034,11.854852676391602,11.329699254456584,11.854852676391602,163400,0.0,0.0
2023-01-06 00:00:00-05:00,11.952102944061892,12.467531047272553,11.952102944061892,12.195229530334473,244500,0.0,0.0
2023-01-09 00:00:00-05:00,12.496707189648731,12.837083861700128,12.20495509399443,12.438356399536133,417900,0.0,0.0
2023-01-10 00:00:00-05:00,12.448080706214691,12.866257780538852,12.341104420668985,12.603681564331055,245200,0.0,0.0
2023-01-11 00:00:00-05:00,12.720384314205798,12.788459469040271,12.516157922247954,12.71065902709961,116800,0.0,0.0
2023-01-12 00:00:00-05:00,12.759283256134655,12.934334696680502,12.652307891053487,12.86625862121582,242400,0.0,0.0
2023-01-13 00:00:00-05:00,12.875982590064522,13.206634865066128,12.846807662109745,13.119109153747559,320800,0.0,0.0
2023-01-17 00:00:00-05:00,13.060760106238268,13.119109965759408,12.02017771859879,12.448081016540527,382800,0.0,0.0
2023-01-18 00:00:00-05:00,12.448082691859938,12.914885340670654,12.448082691859938,12.807909965515137,199900,0.0,0.0
2023-01-19 00:00:00-05:00,12.837082415181264,13.021859123504708,12.428629712781722,12.788456916809082,233500,0.0,0.0
2023-01-20 00:00:00-05:00,12.642582773748709,12.73983378145159,12.195229807733273,12.438356399536133,184800,0.0,0.0
2023-01-23 00:00:00-05:00,12.555056506897815,12.778733443915867,12.17577963373245,12.652307510375977,305900,0.0,0.0
2023-01-24 00:00:00-05:00,12.662034599813477,12.98296165856871,12.53560864826529,12.74955940246582,136900,0.0,0.0
2023-01-25 00:00:00-05:00,12.691207885742188,12.73983338809225,12.486981517835373,12.691207885742188,176600,0.0,0.0
2023-01-26 00:00:00-05:00,12.788458237259794,14.568144798278809,12.788458237259794,14.568144798278809,963200,0.0,0.0
2023-01-27 00:00:00-05:00,14.568144879426832,14.568144879426832,13.88739061049691,14.004091262817383,428800,0.0,0.0
2023-01-30 00:00:00-05:00,13.984642275485003,14.237494164464149,13.634540302059223,13.692890167236328,234700,0.0,0.0
2023-01-31 00:00:00-05:00,13.673439346666045,13.790139994449078,12.759282881184168,13.352511405944824,366300,0.0,0.0
2023-02-01 00:00:00-05:00,13.449762790915305,13.78041509940474,12.992684545212004,13.264986991882324,263000,0.0,0.0
2023-02-02 00:00:00-05:00,13.158010699456723,13.624814231281318,13.158010699456723,13.264986991882324,219800,0.0,0.0
2023-02-03 00:00:00-05:00,13.274748078539004,13.72374693524782,13.21618260554802,13.47972583770752,150300,0.05,0.0
2023-02-06 00:00:00-05:00,13.567573927050475,14.006812688630793,13.44068376355694,13.850638389587402,270900,0.0,0.0
2023-02-07 00:00:00-05:00,13.772550714715289,14.065376224414356,13.30403064389009,13.509008407592773,190700,0.0,0.0
2023-02-08 00:00:00-05:00,13.469965155132535,13.713986259642665,13.304030729596315,13.548051834106445,224400,0.0,0.0
2023-02-09 00:00:00-05:00,13.665181712519434,14.016571764300805,13.333312864848159,13.38211727142334,158300,0.0,0.0
2023-02-10 00:00:00-05:00,13.382115566826227,13.88967891030209,13.33331116646769,13.762788772583008,208600,0.0,0.0
2023-02-13 00:00:00-05:00,13.762788922603349,14.43628667611975,13.616375719931769,14.231308937072754,264100,0.0,0.0
2023-02-14 00:00:00-05:00,14.280114263333655,14.436287611610364,13.987288769881534,14.319157600402832,138300,0.0,0.0
2023-02-15 00:00:00-05:00,14.280114910733815,14.592461621447715,14.036093810271925,14.504613876342773,138400,0.0,0.0
2023-02-16 00:00:00-05:00,14.475330461113764,14.475330461113764,14.123940439326875,14.211788177490234,146900,0.0,0.0
2023-02-17 00:00:00-05:00,14.250831513244332,14.387482722950404,14.06537497026245,14.211788177490234,136300,0.0,0.0
2023-02-21 00:00:00-05:00,14.123940920050005,14.309396538477515,13.684703145149838,14.016571044921875,217900,0.0,0.0
2023-02-22 00:00:00-05:00,13.850637756128767,14.045855388288057,13.694464395094661,13.879920959472656,121400,0.0,0.0
2023-02-23 00:00:00-05:00,13.948245140179699,14.524135048017891,13.948245140179699,14.289875030517578,143100,0.0,0.0
2023-02-24 00:00:00-05:00,14.15322270842581,14.28011378234327,13.772549486673434,14.211788177490234,101500,0.0,0.0
2023-02-27 00:00:00-05:00,14.280115429108232,14.98289648459239,14.211789816375973,14.95361328125,388800,0.0,0.0
2023-02-28 00:00:00-05:00,14.97313460177526,15.002416872657063,13.977528083127911,14.172745704650879,362100,0.0,0.0
2023-03-01 00:00:00-05:00,14.162985148987017,14.660788426292,14.162985148987017,14.621744155883789,185600,0.0,0.0
2023-03-02 00:00:00-05:00,14.611982976412259,14.816960727094592,14.407005225729925,14.5826997756958,136000,0.0,0.0
2023-03-03 00:00:00-05:00,14.602221342975186,15.002415761907772,14.504612539440465,14.738873481750488,188200,0.0,0.0
2023-03-06 00:00:00-05:00,14.748633856401101,14.924329333263994,14.543656110349911,14.641264915466309,217800,0.0,0.0
2023-03-07 00:00:00-05:00,14.553418212322937,14.699831430412946,14.49485366978023,14.680309295654297,173300,0.0,0.0
2023-03-08 00:00:00-05:00,14.670547632788015,14.934090856132668,14.494853081424829,14.836482048034668,113000,0.0,0.0
2023-03-09 00:00:00-05:00,14.934090505496261,15.607588286786402,14.885286102593136,15.500219345092773,364200,0.0,0.0
2023-03-10 00:00:00-05:00,15.617349097005869,15.617349097005869,13.060008294075143,13.264986038208008,624100,0.0,0.0
2023-03-13 00:00:00-04:00,13.07952961412515,13.63589831370313,12.737900658073057,13.216181755065918,304100,0.0,0.0
2023-03-14 00:00:00-04:00,13.35283348923218,13.948244575664566,13.323550290079874,13.450441360473633,353100,0.0,0.0
2023-03-15 00:00:00-04:00,13.177139447430664,13.22594385377966,12.464598279681876,12.825749397277832,338300,0.0,0.0
2023-03-16 00:00:00-04:00,12.542683630522854,13.147855784972121,12.454835894561963,13.06000804901123,238600,0.0,0.0
2023-03-17 00:00:00-04:00,13.040486727815011,13.108813266074117,12.454836669736446,12.591487884521484,516400,0.0,0.0
2023-03-20 00:00:00-04:00,12.44507593765552,13.128334822569169,12.240098179094765,13.050248146057129,212100,0.0,0.0
2023-03-21 00:00:00-04:00,13.28450784070673,13.557812132475805,13.235704367266942,13.323551177978516,113900,0.0,0.0
2023-03-22 00:00:00-04:00,13.38211688373023,13.587094640714279,13.284508073407691,13.313791275024414,145900,0.0,0.0
2023-03-23 00:00:00-04:00,13.313792007767235,13.450443232699653,12.981923151445669,13.108814239501953,141300,0.0,0.0
2023-03-24 00:00:00-04:00,12.933118477013805,13.255226258953119,12.708619508757097,13.206421852111816,113600,0.0,0.0
2023-03-27 00:00:00-04:00,13.206421019058158,13.37235543333156,13.079529941621642,13.15761661529541,133600,0.0,0.0
2023-03-28 00:00:00-04:00,13.157616584556767,13.45044207558259,13.14785644852028,13.245464324951172,220100,0.0,0.0
2023-03-29 00:00:00-04:00,13.255225450366547,13.372355461120605,13.157616642638208,13.372355461120605,105900,0.0,0.0
2023-03-30 00:00:00-04:00,13.382117693759342,13.60661666787702,13.323552217847489,13.362595558166504,116000,0.0,0.0
2023-03-31 00:00:00-04:00,13.362594214352006,13.645658635915055,13.157616465574174,13.596855163574219,159300,0.0,0.0
2023-04-03 00:00:00-04:00,13.596854874632646,13.977527163654408,13.596854874632646,13.782310485839844,180700,0.0,0.0
2023-04-04 00:00:00-04:00,13.753029701280987,13.753029701280987,12.60124978156094,12.64029312133789,202100,0.0,0.0
2023-04-05 00:00:00-04:00,12.611010163230057,12.815987918625693,12.415793474964357,12.542684555053711,162700,0.0,0.0
2023-04-06 00:00:00-04:00,12.435314921448782,12.513401598281536,12.10344607947627,12.445075988769531,130100,0.0,0.0
2023-04-10 00:00:00-04:00,12.445076059528494,13.040487206480227,12.40603272089013,12.78670597076416,185400,0.0,0.0
2023-04-11 00:00:00-04:00,12.874552996908328,12.952640606339687,12.63053189367691,12.776945114135742,140200,0.0,0.0
2023-04-12 00:00:00-04:00,12.786706058371962,12.962400618015065,12.601249500419108,12.825749397277832,161600,0.0,0.0
2023-04-13 00:00:00-04:00,12.825749671435553,12.825749671435553,12.376750798987125,12.425554275512695,177900,0.0,0.0
2023-04-14 00:00:00-04:00,12.435314358198278,12.650053175195186,12.415793155307599,12.51340103149414,142900,0.0,0.0
2023-04-17 00:00:00-04:00,12.484119308788905,12.962400436401367,12.484119308788905,12.962400436401367,137500,0.0,0.0
2023-04-18 00:00:00-04:00,12.972163293354031,13.069772118150606,12.65981654339178,12.796467781066895,119600,0.0,0.0
2023-04-19 00:00:00-04:00,12.786706058371962,12.97216168545819,12.601249500419108,12.825749397277832,126700,0.0,0.0
2023-04-20 00:00:00-04:00,12.718378262075642,12.776943730088469,12.366988246598295,12.493879318237305,136600,0.0,0.0
2023-04-21 00:00:00-04:00,12.42555402894932,12.806227282014838,12.32794614696839,12.523162841796875,115800,0.0,0.0
2023-04-24 00:00:00-04:00,12.523161049911911,12.66957331736712,11.927749983163167,12.171771049499512,240000,0.0,0.0
2023-04-25 00:00:00-04:00,12.064402247300048,12.1815322577554,11.586121138557388,11.605643272399902,189100,0.0,0.0
2023-04-26 00:00:00-04:00,12.220575777558793,12.571965787420282,12.113205909729004,12.113205909729004,362600,0.0,0.0
2023-04-27 00:00:00-04:00,12.933118866579091,13.07953116064653,11.673969972652474,12.415794372558594,384800,0.0,0.0
2023-04-28 00:00:00-04:00,12.43531429861743,12.64029204775361,12.15224987655952,12.386509895324707,242900,0.0,0.0
2023-05-01 00:00:00-04:00,12.591487114240966,13.157615934517441,12.552443779424191,12.669573783874512,242600,0.0,0.0
2023-05-02 00:00:00-04:00,12.70862005363999,13.089292395416912,12.532924553824994,12.923357963562012,256200,0.0,0.0
2023-05-03 00:00:00-04:00,12.923357096902604,13.001443773613401,12.230337142944336,12.230337142944336,310000,0.0,0.0
2023-05-04 00:00:00-04:00,12.220575974374775,12.240097176470437,11.722772754237173,11.888707160949707,192600,0.0,0.0
2023-05-05 00:00:00-04:00,11.957313675119197,12.32975471085598,11.957313675119197,12.143534660339355,174000,0.05,0.0
2023-05-08 00:00:00-04:00,12.202341575165795,12.3885625752906,12.16313730167167,12.261148452758789,135200,0.0,0.0
2023-05-09 00:00:00-04:00,12.251347922674514,12.251347922674514,11.947514082922572,12.123933792114258,121600,0.0,0.0
2023-05-10 00:00:00-04:00,12.202343158988056,12.48657441238861,12.123934601822643,12.339558601379395,144400,0.0,0.0
2023-05-11 00:00:00-04:00,12.172938670626337,12.270949822252147,12.074927519000527,12.212142944335938,97200,0.0,0.0
2023-05-12 00:00:00-04:00,12.19253951593484,12.476770714791815,12.074926702756457,12.114130973815918,91500,0.0,0.0
2023-05-15 00:00:00-04:00,12.065127845519475,12.280750895971904,11.800498281731944,12.123933792114258,138700,0.0,0.0
2023-05-16 00:00:00-04:00,12.08472904260397,12.163137591460316,11.839702093751978,12.0651273727417,155800,0.0,0.0
2023-05-17 00:00:00-04:00,12.104332932795268,12.839413857425658,12.065128654203129,12.457171440124512,491300,0.0,0.0
2023-05-18 00:00:00-04:00,12.378761186600423,13.309863376596693,12.349358215361526,13.113842010498047,787500,0.0,0.0
2023-05-19 00:00:00-04:00,13.349068922827444,13.368671528658478,12.613988028830093,12.800209045410156,374100,0.0,0.0
2023-05-22 00:00:00-04:00,12.810008250435953,12.93742237265703,12.447368487823782,12.545379638671875,189000,0.0,0.0
2023-05-23 00:00:00-04:00,12.506175740445817,12.917821090830973,12.39836328433793,12.41796588897705,134100,0.0,0.0
2023-05-24 00:00:00-04:00,12.46697196971727,12.682595021240063,11.90830986607159,11.957315444946289,179100,0.0,0.0
2023-05-25 00:00:00-04:00,11.947513889711118,12.065127650406009,11.800498090897984,11.869105339050293,131300,0.0,0.0
2023-05-26 00:00:00-04:00,11.771094731395275,11.878906251336385,11.310443810367586,11.35944938659668,221600,0.0,0.0
2023-05-30 00:00:00-04:00,11.290841772471566,11.535868710922387,11.241836197840684,11.486863136291504,164900,0.0,0.0
2023-05-31 00:00:00-04:00,11.486864797898816,11.722090468508798,11.39865493774414,11.39865493774414,121300,0.0,0.0
2023-06-01 00:00:00-04:00,11.398653693312285,11.800497737076181,11.261438266418232,11.594675064086914,142800,0.0,0.0
2023-06-02 00:00:00-04:00,11.69268624900905,12.006320443111706,11.69268624900905,11.829900741577148,86600,0.0,0.0
2023-06-05 00:00:00-04:00,11.810298641086222,11.839701612035137,11.51626612748628,11.604475975036621,130100,0.0,0.0
2023-06-06 00:00:00-04:00,11.51626716326437,11.878906953262296,11.38885303142126,11.79069709777832,117700,0.0,0.0
2023-06-07 00:00:00-04:00,11.8691038331416,12.1925392972571,11.829899562785283,12.143534660339355,137500,0.0,0.0
2023-06-08 00:00:00-04:00,12.133733576697423,12.310153263816773,12.08472800419721,12.114130973815918,133200,0.0,0.0
2023-06-09 00:00:00-04:00,12.114132978426337,12.447369804926558,12.104332610067399,12.182741165161133,126800,0.0,0.0
2023-06-12 00:00:00-04:00,12.221943878895544,12.221943878895544,11.780895579250027,11.937712669372559,207300,0.0,0.0
2023-06-13 00:00:00-04:00,11.937712455289306,12.349357776830564,11.937712455289306,12.084728240966797,144600,0.0,0.0
2023-06-14 00:00:00-04:00,12.153337466434301,12.378762767260287,11.771095987408945,11.800498962402344,115100,0.0,0.0
2023-06-15 00:00:00-04:00,11.829901688711248,12.29055264920821,11.604477327327784,11.712288856506348,293200,0.0,0.0
2023-06-16 00:00:00-04:00,11.702487162059048,11.888708174515921,11.486864110914007,11.722089767456055,264600,0.0,0.0
2023-06-20 00:00:00-04:00,11.722090172366318,11.976918443107776,11.633880314440145,11.947514533996582,191500,0.0,0.0
2023-06-21 00:00:00-04:00,11.986719159431306,12.466972740449123,11.918111905587502,12.339558601379395,238300,0.0,0.0
2023-06-22 00:00:00-04:00,12.290551904154386,13.035434064334323,12.143536106486293,12.839412689208984,310500,0.0,0.0
2023-06-23 00:00:00-04:00,12.682594799787392,12.800208560914463,12.025923419265899,12.104331970214844,3724400,0.0,0.0
2023-06-26 00:00:00-04:00,11.898509487740542,12.15333681520136,11.565272673326007,11.839702606201172,288300,0.0,0.0
2023-06-27 00:00:00-04:00,11.957315192219633,12.153336568871696,11.790696788389468,11.869105339050293,263300,0.0,0.0
2023-06-28 00:00:00-04:00,11.90830987619795,12.104332191863433,11.878906902729598,12.074928283691406,167300,0.0,0.0
2023-06-29 00:00:00-04:00,12.065126765466047,12.329755370860722,12.055325463676425,12.221943855285645,205700,0.0,0.0
2023-06-30 00:00:00-04:00,12.32975658566289,12.447369414615515,12.163138177637418,12.310154914855957,397200,0.0,0.0
2023-07-03 00:00:00-04:00,12.398363480962969,12.731600287483705,12.398363480962969,12.672794342041016,126500,0.0,0.0
2023-07-05 00:00:00-04:00,12.515977717318851,12.515977717318851,11.849504078927097,11.859305381774902,216000,0.0,0.0
2023-07-06 00:00:00-04:00,11.79069459182349,11.937711297951568,11.575071585027874,11.663280487060547,182200,0.0,0.0
2023-07-07 00:00:00-04:00,11.682885252227328,11.869105326168768,11.653482279437343,11.751492500305176,155200,0.0,0.0
2023-07-10 00:00:00-04:00,11.790696788389468,12.055326347897491,11.790696788389468,11.869105339050293,122500,0.0,0.0
2023-07-11 00:00:00-04:00,11.869104278563384,12.15333548298915,11.761292764713463,12.084728240966797,191900,0.0,0.0
2023-07-12 00:00:00-04:00,12.221944638221212,12.31015449057134,12.094530510904766,12.20234203338623,120800,0.0,0.0
2023-07-13 00:00:00-04:00,12.251348417192224,12.329756972285956,12.143536887614266,12.182741165161133,103700,0.0,0.0
2023-07-14 00:00:00-04:00,12.143535557060513,12.172938528323085,11.761293191832655,11.908308982849121,185000,0.0,0.0
2023-07-17 00:00:00-04:00,11.869105609903892,12.192541122436523,11.849503939143203,12.192541122436523,124000,0.0,0.0
2023-07-18 00:00:00-04:00,12.172939074518338,12.329756174559854,12.172939074518338,12.319954872131348,123100,0.0,0.0
2023-07-19 00:00:00-04:00,12.290552531264797,12.437568336434193,12.182741003120821,12.28075122833252,126000,0.0,0.0
2023-07-20 00:00:00-04:00,12.398364059408774,12.564982470442725,12.202342674281683,12.28075122833252,136600,0.0,0.0
2023-07-21 00:00:00-04:00,12.300352775942338,12.564981389420797,12.084728803501793,12.09453010559082,111300,0.0,0.0
2023-07-24 00:00:00-04:00,12.15333676541165,12.310154803972965,11.9279124122922,12.123933792114258,126600,0.0,0.0
2023-07-25 00:00:00-04:00,12.123933744720532,12.515977437535778,12.016122219915763,12.408164978027344,113400,0.0,0.0
2023-07-26 00:00:00-04:00,12.408164783437968,12.741401589958702,12.319954930570285,12.672794342041016,145800,0.0,0.0
2023-07-27 00:00:00-04:00,12.741401659852363,12.986428614849522,12.535578980266601,12.623788833618164,150400,0.0,0.0
2023-07-28 00:00:00-04:00,12.68259452387719,12.77080437545166,12.427767206188728,12.535578727722168,115300,0.0,0.0
2023-07-31 00:00:00-04:00,12.55518220202471,12.662993731025761,12.339558209318906,12.349359512329102,173300,0.0,0.0
2023-08-01 00:00:00-04:00,12.290551526543892,12.466971226088265,12.172938705082183,12.447368621826172,118300,0.0,0.0
2023-08-02 00:00:00-04:00,12.368961085315634,12.545380799281864,12.114132817298568,12.28075122833252,106100,0.0,0.0
2023-08-03 00:00:00-04:00,12.26114867291161,12.368960193280342,12.15333621783925,12.231744766235352,103800,0.0,0.0
2023-08-04 00:00:00-04:00,12.251347769568198,12.31995501797261,12.074928062581247,12.104331970214844,109000,0.0,0.0
2023-08-07 00:00:00-04:00,12.065128221333582,12.065128221333582,11.506466103059482,11.878907203674316,153100,0.0,0.0
2023-08-08 00:00:00-04:00,11.771094746389211,12.192540459207562,11.692686198204234,11.996519088745117,121100,0.0,0.0
2023-08-09 00:00:00-04:00,11.996519455638753,12.417966116049973,11.957315180347265,12.270950317382812,179000,0.0,0.0
2023-08-10 00:00:00-04:00,12.251346698652208,12.476771029249692,12.1827394562449,12.437566757202148,137800,0.0,0.0
2023-08-11 00:00:00-04:00,12.378761629235841,12.633589881627941,12.378761629235841,12.535578727722168,151400,0.0,0.0
2023-08-14 00:00:00-04:00,12.427767605522218,12.702197536691374,12.427767605522218,12.643390655517578,159800,0.0,0.0
2023-08-15 00:00:00-04:00,12.653191635321624,12.672794240113957,12.437567656124175,12.604186058044434,136700,0.0,0.0
2023-08-16 00:00:00-04:00,12.623788820989589,12.94722432648599,12.133734911485506,12.506175994873047,499800,0.0,0.0
2023-08-17 00:00:00-04:00,13.692105401215755,15.328885403190533,13.623497223758703,14.966245651245117,1246300,0.0,0.0
2023-08-18 00:00:00-04:00,14.995648294529916,15.74052945093742,14.760422666190705,15.730728149414062,993500,0.0,0.0
2023-08-21 00:00:00-04:00,15.691527269342616,15.99536018650531,15.515107553116728,15.622919082641602,666100,0.0,0.0
2023-08-22 00:00:00-04:00,15.65232155963652,15.838541627177491,15.554310407433723,15.564111709594727,293200,0.0,0.0
2023-08-23 00:00:00-04:00,15.564112226729184,15.80913824597019,15.328886575271188,15.3386869430542,288100,0.0,0.0
2023-08-24 00:00:00-04:00,15.35828959217548,15.35828959217548,14.917241260748014,15.054455757141113,369700,0.0,0.0
2023-08-25 00:00:00-04:00,15.133121545391704,15.310116477399305,14.906960052053838,15.162620544433594,121300,0.05,0.0
2023-08-28 00:00:00-04:00,15.172453891426576,15.791937561505467,15.172453891426576,15.654274940490723,163700,0.0,0.0
2023-08-29 00:00:00-04:00,15.664107078546705,15.732938383894258,15.447778913196423,15.546110153198242,184500,0.0,0.0
2023-08-30 00:00:00-04:00,15.575608878885598,15.8804340296223,15.310115098157324,15.418279647827148,260500,0.0,0.0
2023-08-31 00:00:00-04:00,15.496945357362467,15.782103905469523,15.487112045288086,15.487112045288086,196800,0.0,0.0
2023-09-01 00:00:00-04:00,15.575610263021698,15.762439444823439,15.575610263021698,15.624775886535645,201400,0.0,0.0
2023-09-05 00:00:00-04:00,15.732939220610119,16.3229248164855,15.46744542113932,15.487112045288086,306300,0.0,0.0
2023-09-06 00:00:00-04:00,15.555943091571724,15.634607711325707,14.838128201877574,14.897126197814941,190200,0.0,0.0
2023-09-07 00:00:00-04:00,14.887293735425118,15.024956350300535,14.631633253861867,14.84796142578125,156800,0.0,0.0
2023-09-08 00:00:00-04:00,14.857793646797576,15.34944798115859,14.523469487147315,14.779129028320312,151900,0.0,0.0
2023-09-11 00:00:00-04:00,14.877460796542897,15.241284904308543,14.808629487379633,15.0347900390625,176400,0.0,0.0
2023-09-12 00:00:00-04:00,15.034789425043687,15.182285349443038,14.720130952855092,14.73979663848877,129300,0.0,0.0
2023-09-13 00:00:00-04:00,14.779128369551353,14.779128369551353,14.238308438309652,14.464469909667969,243500,0.0,0.0
2023-09-14 00:00:00-04:00,14.631633860719857,14.828295417095877,14.533302613653712,14.68079948425293,96500,0.0,0.0
2023-09-15 00:00:00-04:00,14.680797985910324,14.680797985910324,14.218642672277689,14.425137519836426,409600,0.0,0.0
2023-09-18 00:00:00-04:00,14.434971342771439,14.83812774092545,14.434971342771439,14.670965194702148,155000,0.0,0.0
2023-09-19 00:00:00-04:00,14.641467063267521,15.24128504015894,14.60213475228704,15.103621482849121,178000,0.0,0.0
2023-09-20 00:00:00-04:00,15.103620357102344,15.369114139749245,14.946291124906933,15.01512336730957,128600,0.0,0.0
2023-09-21 00:00:00-04:00,14.887293767602419,15.083955316246815,14.769296838415782,14.867627143859863,130500,0.0,0.0
2023-09-22 00:00:00-04:00,14.798795364531445,15.152786140807176,14.798795364531445,15.093788146972656,118500,0.0,0.0
2023-09-25 00:00:00-04:00,15.093787882722296,15.713271495920337,15.093787882722296,15.428112030029297,166400,0.0,0.0
2023-09-26 00:00:00-04:00,15.369114795689436,15.575609656197978,15.221617930894057,15.329782485961914,96800,0.0,0.0
2023-09-27 00:00:00-04:00,15.447778734741378,15.644440274716953,15.33961512219386,15.46744441986084,171100,0.0,0.0
2023-09-28 00:00:00-04:00,15.38878115841055,15.831270834499332,15.38878115841055,15.664108276367188,161600,0.0,0.0
2023-09-29 00:00:00-04:00,15.782104169943677,15.978766663701947,15.555943614980444,15.61494255065918,320900,0.0,0.0
2023-10-02 00:00:00-04:00,15.654272781568087,15.959097918424003,15.428111318903111,15.536275863647461,158000,0.0,0.0
2023-10-03 00:00:00-04:00,15.349447568493604,15.595274729065126,15.211784958737518,15.496944427490234,117300,0.0,0.0
2023-10-04 00:00:00-04:00,15.516611818492091,15.998433818875172,15.319950255966495,15.880435943603516,211300,0.0,0.0
2023-10-05 00:00:00-04:00,16.175429765126687,16.24426107787412,15.664108762556289,15.90993595123291,201700,0.0,0.0
2023-10-06 00:00:00-04:00,15.90993595123291,16.39175701597757,15.841104638485474,15.90993595123291,192800,0.0,0.0
2023-10-09 00:00:00-04:00,15.919769177078472,16.381923614087228,15.782104676821263,16.342592239379883,198100,0.0,0.0
2023-10-10 00:00:00-04:00,16.39175683284992,16.627750706281457,16.254094208893008,16.303258895874023,179000,0.0,0.0
2023-10-11 00:00:00-04:00,16.38192290375739,16.686748077694165,16.32292490649826,16.470420837402344,217200,0.0,0.0
2023-10-12 00:00:00-04:00,16.578586764902703,16.578586764902703,15.939434552328855,16.19509506225586,172300,0.0,0.0
2023-10-13 00:00:00-04:00,16.20492782743981,16.20492782743981,15.723106762695148,15.90993595123291,109600,0.0,0.0
2023-10-16 00:00:00-04:00,16.22459406921037,16.519585938445534,16.047598197464247,16.204927444458008,156100,0.0,0.0
2023-10-17 00:00:00-04:00,16.19509179987468,16.50975212406147,16.126260498666174,16.45075225830078,178400,0.0,0.0
2023-10-18 00:00:00-04:00,16.342591821199136,16.342591821199136,15.624775964909992,15.664108276367188,251400,0.0,0.0
2023-10-19 00:00:00-04:00,15.605108544959045,15.605108544959045,14.70046448979421,14.818461418151855,266700,0.0,0.0
2023-10-20 00:00:00-04:00,14.779129714267858,14.877460960806422,14.533302535677711,14.641467094421387,206400,0.0,0.0
2023-10-23 00:00:00-04:00,14.651298490210955,14.857793343943742,14.5136358795599,14.631632804870605,178000,0.0,0.0
2023-10-24 00:00:00-04:00,14.798795300887992,14.808628612403524,14.493969208199887,14.611966133117676,157800,0.0,0.0
2023-10-25 00:00:00-04:00,14.4939700678234,14.641466936035682,14.287475202531207,14.5628023147583,141300,0.0,0.0
2023-10-26 00:00:00-04:00,14.602134861702522,15.044623597987632,14.582468237186784,14.68079948425293,161400,0.0,0.0
2023-10-27 00:00:00-04:00,14.680798044765453,14.680798044765453,14.326806340242085,14.454636573791504,106600,0.0,0.0
2023-10-30 00:00:00-04:00,14.562801451052415,14.857793294468784,14.513635831230953,14.611966133117676,175100,0.0,0.0
2023-10-31 00:00:00-04:00,14.582467184885427,14.720130733292686,14.385805642700918,14.631632804870605,131800,0.0,0.0
2023-11-01 00:00:00-04:00,14.64146601026831,14.690630692140841,14.493969151382126,14.582467079162598,133500,0.0,0.0
2023-11-02 00:00:00-04:00,14.89712587615218,15.221617660069903,12.24219267239071,12.438854217529297,567600,0.0,0.0
2023-11-03 00:00:00-04:00,12.517519251872734,13.245168399718846,12.360190010529655,13.107504844665527,850600,0.0,0.0
2023-11-06 00:00:00-05:00,12.812511247163268,12.960008105017309,11.937367162471961,12.714180946350098,408600,0.0,0.0
2023-11-07 00:00:00-05:00,12.674849722340277,12.822345655050972,12.36019029466451,12.783013343811035,222200,0.0,0.0
2023-11-08 00:00:00-05:00,12.615850667907862,12.75351422483059,12.173361936182594,12.252026557922363,370600,0.0,0.0
2023-11-09 00:00:00-05:00,12.252026000922795,12.48801985541339,11.976699837350434,11.986532211303711,218800,0.0,0.0
2023-11-10 00:00:00-05:00,11.996404656789684,12.174129477121449,11.877921757107968,12.085267066955566,157400,0.05,0.0
2023-11-13 00:00:00-05:00,11.719945794692451,12.282739862993862,11.295381319802063,12.055647850036621,225100,0.0,0.0
2023-11-14 00:00:00-05:00,12.31236117449102,12.657936096191406,12.154383959814446,12.657936096191406,230500,0.0,0.0
2023-11-15 00:00:00-05:00,12.746797990294109,13.033131915516776,12.569073160287477,12.648062705993652,217000,0.0,0.0
2023-11-16 00:00:00-05:00,12.559200596063915,12.618441579759516,12.391349572895615,12.529579162597656,222000,0.0,0.0
2023-11-17 00:00:00-05:00,12.736924283524955,12.87515481261799,12.657935678791345,12.756671905517578,229400,0.0,0.0
2023-11-20 00:00:00-05:00,12.776418791772395,12.786292602927814,12.371601950584775,12.529579162597656,243700,0.0,0.0
2023-11-21 00:00:00-05:00,12.707304720876648,13.28984642957631,12.707304720876648,13.023259162902832,254400,0.0,0.0
2023-11-22 00:00:00-05:00,13.043006154423841,13.339213900281806,13.00351185108401,13.082500457763672,194000,0.0,0.0
2023-11-24 00:00:00-05:00,13.062752415195307,13.171362452100867,12.934396639682541,13.092373847961426,67100,0.0,0.0
2023-11-27 00:00:00-05:00,13.18123668813257,13.260225294819483,13.033132344380757,13.17136287689209,135300,0.0,0.0
2023-11-28 00:00:00-05:00,13.161488736650993,13.161488736650993,12.657935675395496,12.66780948638916,184300,0.0,0.0
2023-11-29 00:00:00-05:00,12.736923751061967,12.92452238567562,12.657935149630452,12.746797561645508,183600,0.0,0.0
2023-11-30 00:00:00-05:00,12.736925741088369,13.043007325671702,12.657937127315616,12.944271087646484,589700,0.0,0.0
2023-12-01 00:00:00-05:00,12.894903166002388,13.270098588958685,12.894903166002388,13.161489486694336,138900,0.0,0.0
2023-12-04 00:00:00-05:00,13.191109236485348,13.279971652248499,13.092373951340635,13.200983047485352,110900,0.0,0.0
2023-12-05 00:00:00-05:00,13.22073004490127,13.576178749543045,13.102247143354012,13.437948226928711,190700,0.0,0.0
2023-12-06 00:00:00-05:00,13.477443164156366,13.497190786156375,13.191109236485348,13.200983047485352,151900,0.0,0.0
2023-12-07 00:00:00-05:00,13.19110944583062,13.250351371152382,13.082500347962258,13.151615142822266,123600,0.0,0.0
2023-12-08 00:00:00-05:00,13.112121050004678,13.309592568211976,13.112121050004678,13.191109657287598,68900,0.0,0.0
2023-12-11 00:00:00-05:00,13.20098262699761,13.457696055110027,13.121994024750467,13.210856437683105,87500,0.0,0.0
2023-12-12 00:00:00-05:00,13.21085771406405,13.319466817242649,13.043006682667166,13.18123722076416,177000,0.0,0.0
2023-12-13 00:00:00-05:00,13.260225903264468,13.66504276651452,13.131869176103972,13.645295143127441,241700,0.0,0.0
2023-12-14 00:00:00-05:00,13.605799578524955,14.050110705802153,13.605799578524955,13.852639198303223,181300,0.0,0.0
2023-12-15 00:00:00-05:00,13.980996342593889,14.040238267470638,13.507064710053701,13.576179504394531,433400,0.0,0.0
2023-12-18 00:00:00-05:00,13.635421531373034,13.793398743402692,13.536685303045266,13.684788703918457,135200,0.0,0.0
2023-12-19 00:00:00-05:00,13.744030216053112,14.119226554153284,13.714409725092644,13.872386932373047,114400,0.0,0.0
2023-12-20 00:00:00-05:00,13.823019560326,14.059985383943152,13.684789025740086,13.744030952453613,152700,0.0,0.0
2023-12-21 00:00:00-05:00,13.902006888802525,14.237708912174883,13.684787766334813,13.862512588500977,236600,0.0,0.0
2023-12-22 00:00:00-05:00,13.862513752438835,14.020490966909264,13.753904652895033,13.813145637512207,100200,0.0,0.0
2023-12-26 00:00:00-05:00,13.813146166875557,13.941502893956434,13.744031368300664,13.911882400512695,80900,0.0,0.0
2023-12-27 00:00:00-05:00,13.911881757549674,14.129100896541095,13.872387454243821,13.971122741699219,117000,0.0,0.0
2023-12-28 00:00:00-05:00,13.961251348204346,14.208091005368802,13.921757040722776,14.069860458374023,115400,0.0,0.0
2023-12-29 00:00:00-05:00,14.020490005696212,14.168594340322397,13.872386612688436,13.902007102966309,299500,0.0,0.0
2024-01-02 00:00:00-05:00,13.79339821823182,13.902007311962405,13.625547201436465,13.674915313720703,99200,0.0,0.0
2024-01-03 00:00:00-05:00,13.694663378202232,13.85264060018865,13.418203239726001,13.48731803894043,129800,0.0,0.0
2024-01-04 00:00:00-05:00,13.54655869099271,13.773650690786132,13.309591938732856,13.339213371276855,121300,0.0,0.0
2024-01-05 00:00:00-05:00,13.250352004579332,13.408329224164781,13.191110076425536,13.270098686218262,136400,0.0,0.0
2024-01-08 00:00:00-05:00,13.200983471170646,13.635421752929688,13.171362978838408,13.635421752929688,125000,0.0,0.0
2024-01-09 00:00:00-05:00,13.49719131784628,13.605800418269395,13.428076521360524,13.47744369506836,113400,0.0,0.0
2024-01-10 00:00:00-05:00,13.457696702694033,13.980996453167123,13.457696702694033,13.951375961303711,193800,0.0,0.0
2024-01-11 00:00:00-05:00,13.902007102966309,13.931627593244182,13.507064093866633,13.902007102966309,106300,0.0,0.0
2024-01-12 00:00:00-05:00,13.95137617098307,14.079732893144913,13.803271826203186,13.813145637512207,78100,0.0,0.0
2024-01-16 00:00:00-05:00,13.724282585056656,13.89213360308323,13.665041603175766,13.694662094116211,107400,0.0,0.0
2024-01-17 00:00:00-05:00,13.536685313100001,13.72428301711995,13.368834289789197,13.595927238464355,93300,0.0,0.0
2024-01-18 00:00:00-05:00,13.714411113968517,13.813146407708603,13.349088549731295,13.507065773010254,103900,0.0,0.0
2024-01-19 00:00:00-05:00,13.595926592435198,13.595926592435198,13.151614527360781,13.388581275939941,88000,0.0,0.0
2024-01-22 00:00:00-05:00,13.507065655295092,13.763778170076867,13.428077044344006,13.665042877197266,146800,0.0,0.0
2024-01-23 00:00:00-05:00,13.753904662828065,13.753904662828065,13.27997207745603,13.457696914672852,173500,0.0,0.0
2024-01-24 00:00:00-05:00,13.645294298735363,13.645294298735363,13.31946606595937,13.576179504394531,174500,0.0,0.0
2024-01-25 00:00:00-05:00,14.138973245203518,14.662273921748143,14.040237961386019,14.31669807434082,290800,0.0,0.0
2024-01-26 00:00:00-05:00,14.622779271596228,14.622779271596228,13.783524200236405,13.902007102966309,236400,0.0,0.0
2024-01-29 00:00:00-05:00,13.961249228215408,14.020490209632852,13.665041496272924,13.763776779174805,102200,0.0,0.0
2024-01-30 00:00:00-05:00,13.724283329544683,13.921755790842232,13.674916155838778,13.832893371582031,144900,0.0,0.0
2024-01-31 00:00:00-05:00,13.842767730028388,14.188342667719047,13.477444227161648,13.48731803894043,122600,0.0,0.0
2024-02-01 00:00:00-05:00,13.457696184641108,13.73415629516705,13.398454261576338,13.674915313720703,115800,0.0,0.0
2024-02-02 00:00:00-05:00,13.665006383698683,13.823555980676602,13.556003772033902,13.605549812316895,99300,0.05,0.0
2024-02-05 00:00:00-05:00,13.456909374726743,13.486637186959982,13.228994572555063,13.27854061126709,136100,0.0,0.0
2024-02-06 00:00:00-05:00,13.278540418813055,13.615458769340298,13.278540418813055,13.4569091796875,87800,0.0,0.0
2024-02-07 00:00:00-05:00,13.447000798161238,13.754191364392867,13.437092156693263,13.516366958618164,129100,0.0,0.0
2024-02-08 00:00:00-05:00,13.476729223921598,13.694734451301361,13.46681963766884,13.665006637573242,76500,0.0,0.0
2024-02-09 00:00:00-05:00,13.7244631662693,13.7244631662693,13.575822208042645,13.655097007751465,123600,0.0,0.0
2024-02-12 00:00:00-05:00,13.674916469265783,14.239749665388596,13.674916469265783,14.180294036865234,148100,0.0,0.0
2024-02-13 00:00:00-05:00,13.873103010570793,14.041562194158708,13.427182031379903,13.615459442138672,188100,0.0,0.0
2024-02-14 00:00:00-05:00,13.744280700241237,13.952377275235333,13.635278092398657,13.94246768951416,116800,0.0,0.0
2024-02-15 00:00:00-05:00,13.942468077720557,14.328933426335867,13.942468077720557,14.259568214416504,122800,0.0,0.0
2024-02-16 00:00:00-05:00,14.249658706076278,14.319023918373663,14.031652538102888,14.051471710205078,117800,0.0,0.0
2024-02-20 00:00:00-05:00,13.992014898692432,14.368570656897498,13.952377500198747,14.219930648803711,132500,0.0,0.0
2024-02-21 00:00:00-05:00,14.140655623817192,14.140655623817192,13.665005904532068,13.94246768951416,99700,0.0,0.0
2024-02-22 00:00:00-05:00,13.883011897728265,14.210020662340272,13.843374500351965,13.902830123901367,150400,0.0,0.0
2024-02-23 00:00:00-05:00,14.001925661286547,14.289297060773807,13.80373865216261,14.279387474060059,76500,0.0,0.0
2024-02-26 00:00:00-05:00,14.190202344148691,14.606395514133402,14.190202344148691,14.328933715820312,119400,0.0,0.0
2024-02-27 00:00:00-05:00,14.418117435028206,14.566757440995772,14.299205241248131,14.398298263549805,90700,0.0,0.0
2024-02-28 00:00:00-05:00,14.319024167327418,14.408208553277573,14.071290181923725,14.11092758178711,61900,0.0,0.0
2024-02-29 00:00:00-05:00,14.33884317944949,14.566757989858063,14.210021395076327,14.299205780029297,109600,0.0,0.0
2024-03-01 00:00:00-05:00,14.388391037850877,14.447846668072955,14.140657040188405,14.279387474060059,75800,0.0,0.0
2024-03-04 00:00:00-05:00,14.259568047297396,14.37848024277845,14.15056449266717,14.219930648803711,70100,0.0,0.0
2024-03-05 00:00:00-05:00,14.091108470211369,14.200111076738672,13.883011897728265,13.902830123901367,83200,0.0,0.0
2024-03-06 00:00:00-05:00,13.982106165312127,14.210021929319621,13.873103549066045,14.200112342834473,83200,0.0,0.0
2024-03-07 00:00:00-05:00,14.259568460555698,14.368571073314818,14.001924890364885,14.091109275817871,75700,0.0,0.0
2024-03-08 00:00:00-05:00,14.259568794585583,14.596486226923364,14.140656592872807,14.170384407043457,66700,0.0,0.0
2024-03-11 00:00:00-04:00,14.110927415570801,14.140656173890775,13.902830832481717,14.071290016174316,112100,0.0,0.0
2024-03-12 00:00:00-04:00,14.07128980550108,14.210021173826785,13.95237760909196,14.021742820739746,75800,0.0,0.0
2024-03-13 00:00:00-04:00,14.041563359957715,14.210022557531932,14.001925957294972,14.120838165283203,103200,0.0,0.0
2024-03-14 00:00:00-04:00,14.120837124350825,14.210021510025234,13.972197111580247,14.101017951965332,78600,0.0,0.0
2024-03-15 00:00:00-04:00,13.992015631959205,14.249659208185308,13.962287817788553,14.170384407043457,139500,0.0,0.0
2024-03-18 00:00:00-04:00,14.170383819320909,14.229839445196266,14.021742864572253,14.031652450561523,74500,0.0,0.0
2024-03-19 00:00:00-04:00,14.03165386040618,14.64603407801942,14.03165386040618,14.606396675109863,109900,0.0,0.0
2024-03-20 00:00:00-04:00,14.537029507700044,15.052315676454176,14.507301695760216,15.042407035827637,113900,0.0,0.0
2024-03-21 00:00:00-04:00,14.992861246034565,15.409054426442333,14.864039457334048,15.329779624938965,94800,0.0,0.0
2024-03-22 00:00:00-04:00,15.339687171335848,15.428871552918284,15.072134971618652,15.072134971618652,71500,0.0,0.0
2024-03-25 00:00:00-04:00,15.111772859403585,15.141500672551349,14.715398867332924,14.735217094421387,51300,0.0,0.0
2024-03-26 00:00:00-04:00,14.864039384422622,14.91358637137673,14.556848821331277,14.626214981079102,87200,0.0,0.0
2024-03-27 00:00:00-04:00,14.755036024687444,14.923495204813763,14.626214243118485,14.90367603302002,63600,0.0,0.0
2024-03-28 00:00:00-04:00,14.9036763653631,15.181138161451866,14.883858138157548,14.982951164245605,75400,0.0,0.0
2024-04-01 00:00:00-04:00,15.052315756087806,15.20095670663353,14.973040960475462,15.062225341796875,58200,0.0,0.0
2024-04-02 00:00:00-04:00,14.963132804165348,14.963132804165348,14.596485681301958,14.72530746459961,71400,0.0,0.0
2024-04-03 00:00:00-04:00,14.626214008736584,15.082044557356724,14.626214008736584,15.072134971618652,73000,0.0,0.0
2024-04-04 00:00:00-04:00,15.151409598445913,15.300049602738456,14.953222611045822,15.03249740600586,73400,0.0,0.0
2024-04-05 00:00:00-04:00,14.943313401390354,15.161319565530514,14.943313401390354,15.121682167053223,45300,0.0,0.0
2024-04-08 00:00:00-04:00,15.230685022270933,15.290141593460932,14.9433136424179,14.95322322845459,52200,0.0,0.0
2024-04-09 00:00:00-04:00,14.992860536742468,15.03249793561896,14.675761345730535,14.705489158630371,52000,0.0,0.0
2024-04-10 00:00:00-04:00,14.408208104263453,14.566757698775989,14.101017556122821,14.457755088806152,87800,0.0,0.0
2024-04-11 00:00:00-04:00,14.428027935427284,14.66585233806423,14.388390534987792,14.616305351257324,48600,0.0,0.0
2024-04-12 00:00:00-04:00,14.527120467474926,14.784764034040464,14.428027442278276,14.497392654418945,50400,0.0,0.0
2024-04-15 00:00:00-04:00,14.487483055960999,14.586577026102772,13.992015095312414,14.0415620803833,99400,0.0,0.0
2024-04-16 00:00:00-04:00,13.982105552877552,14.219930892953133,13.962287325805503,14.051471710205078,94400,0.0,0.0
2024-04-17 00:00:00-04:00,14.081199602374138,14.190202214457656,13.823556033780205,13.843375205993652,87400,0.0,0.0
2024-04-18 00:00:00-04:00,13.843375284666962,13.952377897369953,13.76410048542294,13.86319351196289,102500,0.0,0.0
2024-04-19 00:00:00-04:00,14.338842404064549,15.022587743346312,14.338842404064549,14.566757202148438,121700,0.0,0.0
2024-04-22 00:00:00-04:00,14.537029593003812,14.596485217232354,14.368570415972757,14.388389587402344,85500,0.0,0.0
2024-04-23 00:00:00-04:00,14.418117399516616,14.606394802947149,14.338842603858485,14.388389587402344,86900,0.0,0.0
2024-04-24 00:00:00-04:00,14.437935916977022,14.774854277831222,14.36857070563532,14.457755088806152,98000,0.0,0.0
2024-04-25 00:00:00-04:00,14.5271199220434,15.12168183102058,13.922649372439679,15.042407035827637,119700,0.0,0.0
2024-04-26 00:00:00-04:00,15.210867393201385,15.210867393201385,14.289296646223255,14.636124610900879,112400,0.0,0.0
2024-04-29 00:00:00-04:00,14.655941934453162,14.933403722057795,14.61630453622393,14.873948097229004,95900,0.0,0.0
2024-04-30 00:00:00-04:00,14.76494473672607,14.854129120167565,14.368570749241798,14.46766471862793,91300,0.0,0.0
2024-05-01 00:00:00-04:00,14.388389474205844,14.74512605186091,14.388389474205844,14.586576461791992,93600,0.0,0.0
2024-05-02 00:00:00-04:00,14.586577291003362,14.834311275826645,14.556848532402856,14.784764289855957,68100,0.0,0.0
2024-05-03 00:00:00-04:00,14.844420132088405,15.411152534779623,14.844420132088405,15.192413330078125,104900,0.05,0.0
2024-05-06 00:00:00-04:00,15.192413730755845,15.540407886131167,15.162585958303266,15.232184410095215,126400,0.0,0.0
2024-05-07 00:00:00-04:00,15.232184364510948,15.450923574326767,15.12281523370693,15.132758140563965,108000,0.0,0.0
2024-05-08 00:00:00-04:00,15.112873085669667,15.779032707214355,15.092988219164964,15.779032707214355,116800,0.0,0.0
2024-05-09 00:00:00-04:00,15.80885962322362,16.057426604395108,15.619949134744711,15.977885246276855,138400,0.0,0.0
2024-05-10 00:00:00-04:00,15.987828260129374,16.037540898130263,15.729318370410477,15.798917770385742,92800,0.0,0.0
2024-05-13 00:00:00-04:00,15.928172611532359,15.928172611532359,15.59012136536384,15.60006332397461,67600,0.0,0.0
2024-05-14 00:00:00-04:00,15.779032451202374,15.938116121698075,15.719376904448328,15.848630905151367,74400,0.0,0.0
2024-05-15 00:00:00-04:00,16.017656827153296,16.017656827153296,15.779031805281857,15.878458976745605,62100,0.0,0.0
2024-05-16 00:00:00-04:00,15.938115570568318,16.05742665995071,15.689547640329048,15.699490547180176,58100,0.0,0.0
2024-05-17 00:00:00-04:00,15.838689005484817,15.898344552462289,15.619949787415827,15.759147644042969,57700,0.0,0.0
2024-05-20 00:00:00-04:00,15.72931821769658,15.977885198118878,15.36143920045651,15.689547538757324,91500,0.0,0.0
2024-05-21 00:00:00-04:00,15.689547786433044,15.928172812043305,15.500637295541372,15.808859825134277,83200,0.0,0.0
2024-05-22 00:00:00-04:00,15.798917667514527,15.87845902564738,15.202356533310342,15.60006332397461,169600,0.0,0.0
2024-05-23 00:00:00-04:00,15.59012126676439,15.709433303209085,15.2818977947931,15.401209831237793,310300,0.0,0.0
2024-05-24 00:00:00-04:00,15.500637052674257,15.878458976745605,15.40120988121051,15.878458976745605,159800,0.0,0.0
2024-05-28 00:00:00-04:00,16.01765636632895,16.01765636632895,15.5602921493202,15.73926067352295,96200,0.0,0.0
2024-05-29 00:00:00-04:00,15.58017896921051,15.858573731800329,15.421096247730611,15.460866928100586,96500,0.0,0.0
2024-05-30 00:00:00-04:00,15.550351000061507,15.62989235979929,15.212299747072027,15.252070426940918,67400,0.0,0.0
2024-05-31 00:00:00-04:00,15.361439250808658,15.808859627393808,15.192413627710836,15.78897476196289,196800,0.0,0.0
2024-06-03 00:00:00-04:00,15.928172405776357,16.136967757022095,15.808859421910546,15.957999229431152,123100,0.0,0.0
2024-06-04 00:00:00-04:00,15.808859421716845,15.838688141786818,15.341554185780529,15.391266822814941,87000,0.0,0.0
2024-06-05 00:00:00-04:00,15.391267478027,15.391267478027,15.152643396555531,15.36143970489502,62400,0.0,0.0
2024-06-06 00:00:00-04:00,15.321668063909552,15.321668063909552,14.923961286395176,14.983616828918457,53800,0.0,0.0
2024-06-07 00:00:00-04:00,14.81459176300612,14.9239618420505,14.725108445889518,14.754936218261719,66600,0.0,0.0
2024-06-10 00:00:00-04:00,14.725108692076434,14.894133370483328,14.496426571512162,14.874248504638672,50900,0.0,0.0
2024-06-11 00:00:00-04:00,14.774821680611439,14.864305949550596,14.635624771779705,14.814592361450195,45900,0.0,0.0
2024-06-12 00:00:00-04:00,15.182471624674875,15.401209884813849,15.07310154639761,15.122815132141113,73600,0.0,0.0
2024-06-13 00:00:00-04:00,15.033331482994397,15.033331482994397,14.655509543364474,14.80465030670166,43000,0.0,0.0
2024-06-14 00:00:00-04:00,14.675394659898005,14.675394659898005,14.496426131687027,14.54613971710205,85400,0.0,0.0
2024-06-17 00:00:00-04:00,14.377113651719844,14.615737716495072,14.307515203212338,14.595852851867676,67300,0.0,0.0
2024-06-18 00:00:00-04:00,14.536197007902219,14.615738366363992,14.337343611747782,14.566024780273438,61800,0.0,0.0
2024-06-20 00:00:00-04:00,14.496426384753518,14.605795516009627,14.307515894727914,14.476541519165039,117600,0.0,0.0
2024-06-21 00:00:00-04:00,14.526253753658526,14.854362086518838,14.41688462544101,14.625680923461914,173600,0.0,0.0
2024-06-24 00:00:00-04:00,14.67539410416167,14.78476322936685,14.466597811891607,14.585909843444824,81200,0.0,0.0
2024-06-25 00:00:00-04:00,14.566024281688954,14.575967188208283,14.436770289768681,14.516311645507812,78500,0.0,0.0
2024-06-26 00:00:00-04:00,14.536196259912382,14.645565385117562,14.436770041055238,14.585909843444824,122800,0.0,0.0
2024-06-27 00:00:00-04:00,14.5958537647108,14.675395124610494,14.277687376904222,14.307516098022461,107300,0.0,0.0
2024-06-28 00:00:00-04:00,14.446712849566543,14.615738474601487,14.049006054312436,14.387057304382324,313400,0.0,0.0
2024-07-01 00:00:00-04:00,14.367171190715156,14.367171190715156,13.929693725064503,13.97940731048584,150900,0.0,0.0
2024-07-02 00:00:00-04:00,13.97940794389248,14.516312604712942,13.97940794389248,14.327401161193848,180000,0.0,0.0
2024-07-03 00:00:00-04:00,14.357228331813015,14.357228331813015,14.019178035878996,14.07883358001709,72600,0.0,0.0
2024-07-05 00:00:00-04:00,14.039062649872225,14.039062649872225,13.840209259292005,13.959521293640137,118600,0.0,0.0
2024-07-08 00:00:00-04:00,14.039062397979702,14.337342952602086,13.96946394957732,14.029119491577148,71600,0.0,0.0
2024-07-09 00:00:00-04:00,13.99929247616631,14.01917829004472,13.750725491932949,13.820323944091797,80500,0.0,0.0
2024-07-10 00:00:00-04:00,13.879979592774793,14.07883297841758,13.860093780106647,14.019177436828613,67700,0.0,0.0
2024-07-11 00:00:00-04:00,14.317457793721786,14.953789609432363,14.297572928216217,14.943846702575684,153000,0.0,0.0
2024-07-12 00:00:00-04:00,15.142699492496263,15.262012473584631,14.993559688447426,15.073101043701172,91200,0.0,0.0
2024-07-15 00:00:00-04:00,15.25206982161772,15.440980306445537,15.112871973497173,15.192413330078125,103500,0.0,0.0
2024-07-16 00:00:00-04:00,15.391268120273548,16.21651048095394,15.391268120273548,16.186683654785156,173600,0.0,0.0
2024-07-17 00:00:00-04:00,16.017657385998557,16.186683014459447,15.788975262936484,15.838688850402832,131900,0.0,0.0
2024-07-18 00:00:00-04:00,15.838688612504486,16.0077142384266,15.321668827752655,15.341554641723633,66100,0.0,0.0
2024-07-19 00:00:00-04:00,15.381324763113707,15.530464569651048,15.132757786746293,15.192413330078125,62100,0.0,0.0
2024-07-22 00:00:00-04:00,15.212299391486244,15.7193762591176,15.122815126820973,15.689547538757324,72500,0.0,0.0
2024-07-23 00:00:00-04:00,15.709433499516559,16.156853878827135,15.66966282020468,15.987828254699707,94800,0.0,0.0
2024-07-24 00:00:00-04:00,15.898343585422275,16.027599475162877,15.540407480705952,15.570235252380371,67200,0.0,0.0
2024-07-25 00:00:00-04:00,15.649777407672275,16.186683014459447,15.570236047009244,15.838688850402832,90300,0.0,0.0
2024-07-26 00:00:00-04:00,16.097197579178925,16.196624746900458,15.808858982428028,16.007713317871094,69100,0.0,0.0
2024-07-29 00:00:00-04:00,16.067369511211837,16.256280947898528,15.948058422242239,15.977885246276855,106300,0.0,0.0
2024-07-30 00:00:00-04:00,16.117082697093117,16.166797232867765,15.868516655674581,16.127025604248047,104000,0.0,0.0
2024-07-31 00:00:00-04:00,16.24633750221808,17.230662487438902,16.107140604231954,16.962209701538086,212200,0.0,0.0
2024-08-01 00:00:00-04:00,16.93238338922908,17.041751571053297,15.997771011836464,16.25628089904785,148100,0.0,0.0
2024-08-02 00:00:00-04:00,15.62989240455947,15.769089310395316,15.182472017701185,15.351496696472168,126500,0.0,0.0
2024-08-05 00:00:00-04:00,14.466598108725542,14.58591014272687,14.17826045617039,14.426827430725098,132900,0.0,0.0
2024-08-06 00:00:00-04:00,14.446712894265112,14.67539501339962,14.257802402986865,14.486483573913574,76100,0.0,0.0
2024-08-07 00:00:00-04:00,14.784764416968992,14.784764416968992,14.208089077369177,14.227974891662598,75900,0.0,0.0
2024-08-08 00:00:00-04:00,14.476541615157307,14.625681426787093,14.396999307652585,14.486483573913574,60300,0.0,0.0
2024-08-09 00:00:00-04:00,14.5163123018766,14.645566299641214,14.257802409931776,14.29757308959961,119800,0.0,0.0
2024-08-12 00:00:00-04:00,14.396999264033887,14.396999264033887,14.178261000733956,14.198145866394043,109000,0.0,0.0
2024-08-13 00:00:00-04:00,14.367171140473,14.695279475615532,14.208088426247258,14.635623931884766,63700,0.0,0.0
2024-08-14 00:00:00-04:00,14.705222886180392,14.705222886180392,14.367171632763496,14.685338020324707,107600,0.0,0.0
2024-08-15 00:00:00-04:00,14.784763839039124,15.112872176392452,13.551871847274638,14.834477424621582,209300,0.0,0.0
2024-08-16 00:00:00-04:00,14.84442022957845,15.083044300888456,14.635623930130253,14.82453441619873,99600,0.0,0.0
2024-08-19 00:00:00-04:00,14.804649243450998,14.894132557177349,14.208088129362139,14.605794906616211,152800,0.0,0.0
2024-08-20 00:00:00-04:00,14.585910546955143,14.585910546955143,13.989349412207877,14.277687072753906,154900,0.0,0.0
2024-08-21 00:00:00-04:00,14.377114196063534,14.615738269873503,14.267745065952576,14.556082725524902,282100,0.0,0.0
2024-08-22 00:00:00-04:00,14.51631184468198,14.665451651687217,14.307515545949986,14.347286224365234,143400,0.0,0.0
2024-08-23 00:00:00-04:00,14.59585421341366,15.30178451538086,14.566025491378431,15.30178451538086,177200,0.0,0.0
2024-08-26 00:00:00-04:00,15.421484860939522,15.53121047775524,15.221983307048014,15.251908302307129,95500,0.05,0.0
2024-08-27 00:00:00-04:00,15.241932696266355,15.670861742431255,15.12223176621303,15.55116081237793,133700,0.0,0.0
2024-08-28 00:00:00-04:00,15.501285536915686,15.740687402425952,15.491310221361479,15.581086158752441,116800,0.0,0.0
2024-08-29 00:00:00-04:00,15.74068722444692,16.169615324145,15.49131004620214,15.890314102172852,144600,0.0,0.0
2024-08-30 00:00:00-04:00,15.980089801101919,16.05989042085062,15.740686990557382,15.870363235473633,151800,0.0,0.0
2024-09-03 00:00:00-04:00,15.830463323580155,15.900288629791087,15.551161147437982,15.660886764526367,177900,0.0,0.0
2024-09-04 00:00:00-04:00,15.660886603512465,16.099790018651962,15.571110667136594,15.890314102172852,291900,0.0,0.0
2024-09-05 00:00:00-04:00,16.000040182890807,16.039939540846305,15.810513000460926,15.930213928222656,149300,0.0,0.0
2024-09-06 00:00:00-04:00,15.960139026182185,15.960139026182185,15.271858449249383,15.291808128356934,187400,0.0,0.0
2024-09-09 00:00:00-04:00,15.301783881835858,15.660886677743001,15.241932940202112,15.491310119628906,249100,0.0,0.0
2024-09-10 00:00:00-04:00,15.571110429365053,15.620986054512095,14.932705471637892,15.221982955932617,160500,0.0,0.0
2024-09-11 00:00:00-04:00,15.221982719501707,15.401533635424437,14.793053681717163,15.202032089233398,102100,0.0,0.0
2024-09-12 00:00:00-04:00,15.231958576011857,15.581086056430303,15.092307013065414,15.491310119628906,136700,0.0,0.0
2024-09-13 00:00:00-04:00,15.710761613258104,15.720736928308296,15.271858215332031,15.271858215332031,99200,0.0,0.0
2024-09-16 00:00:00-04:00,15.431460160573348,15.521236097556722,15.192057344851534,15.331708908081055,102600,0.0,0.0
2024-09-17 00:00:00-04:00,15.40153406793776,15.730712817520146,15.341684078048917,15.481335639953613,116100,0.0,0.0
2024-09-18 00:00:00-04:00,15.451409664185928,16.11974057489105,15.33170873333853,15.640936851501465,136000,0.0,0.0
2024-09-19 00:00:00-04:00,16.06986595966937,16.14966658052807,15.700786899074838,15.970114707946777,136300,0.0,0.0
2024-09-20 00:00:00-04:00,15.940188163973753,16.15964129005444,15.710761625431948,16.00004005432129,345300,0.0,0.0
2024-09-23 00:00:00-04:00,16.159641895960014,16.199541255090928,15.970114707946777,15.970114707946777,102200,0.0,0.0
2024-09-24 00:00:00-04:00,16.03994029720617,16.059890928423098,15.700787176906038,15.750662803649902,133000,0.0,0.0
2024-09-25 00:00:00-04:00,15.78058760971205,15.820487920368398,15.471360439949953,15.491310119628906,152500,0.0,0.0
2024-09-26 00:00:00-04:00,15.70078634414732,15.840437901363428,15.551160423150236,15.760637283325195,78400,0.0,0.0
2024-09-27 00:00:00-04:00,15.930214412640078,16.10976533409338,15.770613170771169,15.890314102172852,71800,0.0,0.0
2024-09-30 00:00:00-04:00,15.730713516859705,16.139691954043002,15.720738201001947,16.109766006469727,85600,0.0,0.0
2024-10-01 00:00:00-04:00,16.049915779519143,16.139691718330877,15.80053859450809,16.089815139770508,99100,0.0,0.0
2024-10-02 00:00:00-04:00,16.099790122169267,16.23944263665015,15.910263884055945,15.980090141296387,94300,0.0,0.0
2024-10-03 00:00:00-04:00,15.930213822147225,15.980089446207105,15.780586949967585,15.840437889099121,45500,0.0,0.0
2024-10-04 00:00:00-04:00,16.109765128406032,16.409018880037063,15.970114519202998,16.359142303466797,84000,0.0,0.0
2024-10-07 00:00:00-04:00,16.25939033004794,16.50876749402166,16.0997890973125,16.458892822265625,82200,0.0,0.0
2024-10-08 00:00:00-04:00,16.45889308262037,16.508767755165348,16.149665927128545,16.319242477416992,84900,0.0,0.0
2024-10-09 00:00:00-04:00,16.249418191275243,16.768121287018893,16.03994036776978,16.568620681762695,85100,0.0,0.0
2024-10-10 00:00:00-04:00,16.389068721263982,16.45889402787583,16.169615583230282,16.399044036865234,73800,0.0,0.0
2024-10-11 00:00:00-04:00,16.409018940477274,16.718246105964496,16.409018940477274,16.68832015991211,82600,0.0,0.0
2024-10-14 00:00:00-04:00,16.698295385166467,16.72822133105739,16.51874351501465,16.51874351501465,41300,0.0,0.0
2024-10-15 00:00:00-04:00,16.56861962149406,16.748171486552497,16.46886837395084,16.478843688964844,84900,0.0,0.0
2024-10-16 00:00:00-04:00,16.47884436178404,16.78807152945642,16.438943100098896,16.69829559326172,83600,0.0,0.0
2024-10-17 00:00:00-04:00,16.638444663529164,16.65839529324485,16.448917486423674,16.618494033813477,66100,0.0,0.0
2024-10-18 00:00:00-04:00,16.6783447265625,16.728221302963604,16.43894286762775,16.6783447265625,86500,0.0,0.0
2024-10-21 00:00:00-04:00,16.498795522147336,16.678345497702434,16.35914300436412,16.41899299621582,72600,0.0,0.0
2024-10-22 00:00:00-04:00,16.40901899836034,16.40901899836034,16.149666506115366,16.369117736816406,60000,0.0,0.0
2024-10-23 00:00:00-04:00,16.259390962783755,16.349166897515673,15.870363180676659,16.189565658569336,83600,0.0,0.0
2024-10-24 00:00:00-04:00,16.219492341430538,16.24941828856676,15.60103703675894,16.089815139770508,96800,0.0,0.0
2024-10-25 00:00:00-04:00,16.209516643141527,16.36911788557394,16.109765390972047,16.219491958618164,51200,0.0,0.0
2024-10-28 00:00:00-04:00,16.289316253891716,16.778095266345435,16.289316253891716,16.618494033813477,81500,0.0,0.0
2024-10-29 00:00:00-04:00,16.468868255615234,16.698294791498355,16.239441719732113,16.468868255615234,62400,0.0,0.0
2024-10-30 00:00:00-04:00,16.38906740272051,16.728220495489644,16.36911677312309,16.448917388916016,49600,0.0,0.0
2024-10-31 00:00:00-04:00,16.45889308262037,16.578594960363837,16.279341217303568,16.319242477416992,89100,0.0,0.0
2024-11-01 00:00:00-04:00,16.448917388916016,16.638444564898005,16.36911677312309,16.448917388916016,65500,0.0,0.0
2024-11-04 00:00:00-05:00,16.379093256579523,16.78807167952372,16.379093256579523,16.548669815063477,96300,0.0,0.0
2024-11-05 00:00:00-05:00,16.399043597024534,16.877847317461068,16.399043597024534,16.84792137145996,85600,0.0,0.0
2024-11-06 00:00:00-05:00,17.3067759240428,18.214508667777782,17.29680060896258,18.104782104492188,286300,0.0,0.0
2024-11-07 00:00:00-05:00,18.134708026693172,19.07236671447754,17.865380227659873,19.07236671447754,244500,0.0,0.0
2024-11-08 00:00:00-05:00,19.23196901713709,20.34917773031697,19.202043070274502,20.29930305480957,373400,0.0,0.0
2024-11-11 00:00:00-05:00,20.478854372126772,20.84793152704569,20.29930250104325,20.73820686340332,197200,0.0,0.0
2024-11-12 00:00:00-05:00,20.668379066526768,21.11725873143411,20.498802515628086,20.688329696655273,204300,0.0,0.0
2024-11-13 00:00:00-05:00,20.67835538280367,20.93770787924125,20.37910352677402,20.448928833007812,122500,0.0,0.0
2024-11-14 00:00:00-05:00,20.438952932057685,20.438952932057685,19.900299226112807,20.3990535736084,139600,0.0,0.0
2024-11-15 00:00:00-05:00,20.51875288162656,20.548678826434095,19.90029857637847,20.01999855041504,113700,0.0,0.0
2024-11-18 00:00:00-05:00,20.030000686645508,20.309999465942383,19.850000381469727,19.950000762939453,78600,0.05,0.0
2024-11-19 00:00:00-05:00,19.729999542236328,20.299999237060547,19.440000534057617,20.270000457763672,95500,0.0,0.0
2024-11-20 00:00:00-05:00,20.18000030517578,20.329999923706055,19.8700008392334,20.020000457763672,150100,0.0,0.0
2024-11-21 00:00:00-05:00,20.209999084472656,20.40999984741211,20.09000015258789,20.229999542236328,72700,0.0,0.0
2024-11-22 00:00:00-05:00,20.3700008392334,20.6200008392334,20.299999237060547,20.600000381469727,81400,0.0,0.0
2024-11-25 00:00:00-05:00,20.829999923706055,21.059999465942383,20.670000076293945,20.75,141900,0.0,0.0
2024-11-26 00:00:00-05:00,20.760000228881836,20.860000610351562,20.489999771118164,20.59000015258789,71100,0.0,0.0
2024-11-27 00:00:00-05:00,20.600000381469727,20.809999465942383,20.239999771118164,20.280000686645508,57000,0.0,0.0
2024-11-29 00:00:00-05:00,20.479999542236328,20.540000915527344,20.239999771118164,20.440000534057617,61600,0.0,0.0
2024-12-02 00:00:00-05:00,20.459999084472656,20.520000457763672,20.100000381469727,20.40999984741211,71100,0.0,0.0
2024-12-03 00:00:00-05:00,20.440000534057617,20.440000534057617,20.020000457763672,20.25,95100,0.0,0.0
2024-12-04 00:00:00-05:00,20.34000015258789,20.489999771118164,20.18000030517578,20.3799991607666,67600,0.0,0.0
2024-12-05 00:00:00-05:00,20.399999618530273,20.440000534057617,20.170000076293945,20.18000030517578,87100,0.0,0.0
2024-12-06 00:00:00-05:00,20.399999618530273,20.399999618530273,19.920000076293945,20.110000610351562,85200,0.0,0.0
2024-12-09 00:00:00-05:00,20.110000610351562,20.290000915527344,19.829999923706055,20.149999618530273,92300,0.0,0.0
2024-12-10 00:00:00-05:00,20.170000076293945,20.479999542236328,19.899999618530273,20.079999923706055,97900,0.0,0.0
2024-12-11 00:00:00-05:00,20.290000915527344,20.610000610351562,20.030000686645508,20.40999984741211,164600,0.0,0.0
2024-12-12 00:00:00-05:00,20.40999984741211,20.459999084472656,20.1200008392334,20.299999237060547,71200,0.0,0.0
2024-12-13 00:00:00-05:00,20.239999771118164,20.3799991607666,19.989999771118164,20.1200008392334,85500,0.0,0.0
2024-12-16 00:00:00-05:00,20.1200008392334,21.190000534057617,20.079999923706055,20.860000610351562,177500,0.0,0.0
2024-12-17 00:00:00-05:00,20.68000030517578,20.809999465942383,19.729999542236328,19.920000076293945,132300,0.0,0.0
2024-12-18 00:00:00-05:00,20.110000610351562,20.229999542236328,18.799999237060547,18.899999618530273,127200,0.0,0.0
2024-12-19 00:00:00-05:00,19.239999771118164,19.709999084472656,18.790000915527344,19.040000915527344,122900,0.0,0.0
2024-12-20 00:00:00-05:00,18.739999771118164,19.290000915527344,18.649999618530273,18.770000457763672,308800,0.0,0.0
2024-12-23 00:00:00-05:00,18.790000915527344,18.989999771118164,18.540000915527344,18.93000030517578,133200,0.0,0.0
2024-12-24 00:00:00-05:00,19.079999923706055,19.559999465942383,18.8799991607666,19.549999237060547,77300,0.0,0.0
2024-12-26 00:00:00-05:00,19.40999984741211,19.809999465942383,19.270000457763672,19.790000915527344,72000,0.0,0.0
2024-12-27 00:00:00-05:00,19.610000610351562,19.84000015258789,19.18000030517578,19.43000030517578,82000,0.0,0.0
2024-12-30 00:00:00-05:00,19.34000015258789,19.549999237060547,18.84000015258789,19.399999618530273,73000,0.0,0.0
2024-12-31 00:00:00-05:00,19.56999969482422,19.719999313354492,19.350000381469727,19.420000076293945,408400,0.0,0.0
2025-01-02 00:00:00-05:00,19.59000015258789,19.780000686645508,19.200000762939453,19.3700008392334,94300,0.0,0.0
2025-01-03 00:00:00-05:00,19.40999984741211,19.770000457763672,19.010000228881836,19.709999084472656,89400,0.0,0.0
2025-01-06 00:00:00-05:00,19.8700008392334,19.989999771118164,19.579999923706055,19.600000381469727,99900,0.0,0.0
2025-01-07 00:00:00-05:00,19.549999237060547,19.68000030517578,18.84000015258789,19.1299991607666,126600,0.0,0.0
2025-01-08 00:00:00-05:00,19.030000686645508,19.209999084472656,18.610000610351562,18.989999771118164,122500,0.0,0.0
2025-01-10 00:00:00-05:00,18.610000610351562,18.649999618530273,18.200000762939453,18.260000228881836,112700,0.0,0.0
2025-01-13 00:00:00-05:00,17.959999084472656,18.40999984741211,17.93000030517578,18.34000015258789,79700,0.0,0.0
2025-01-14 00:00:00-05:00,18.600000381469727,19.010000228881836,18.559999465942383,18.920000076293945,98000,0.0,0.0
2025-01-15 00:00:00-05:00,19.479999542236328,19.610000610351562,19.059999465942383,19.18000030517578,58800,0.0,0.0
2025-01-16 00:00:00-05:00,19.280000686645508,19.469999313354492,19.139999389648438,19.290000915527344,63500,0.0,0.0
2025-01-17 00:00:00-05:00,19.40999984741211,19.579999923706055,19.06999969482422,19.229999542236328,87600,0.0,0.0
2025-01-21 00:00:00-05:00,19.479999542236328,19.760000228881836,19.360000610351562,19.719999313354492,80500,0.0,0.0
2025-01-22 00:00:00-05:00,19.559999465942383,19.889999389648438,19.559999465942383,19.780000686645508,184700,0.0,0.0
2025-01-23 00:00:00-05:00,22.59000015258789,25.5,22.170000076293945,24.719999313354492,1038900,0.0,0.0
2025-01-24 00:00:00-05:00,24.6200008392334,25.3799991607666,21.84000015258789,22.079999923706055,535200,0.0,0.0
2025-01-27 00:00:00-05:00,22.040000915527344,22.510000228881836,21.270000457763672,21.760000228881836,248000,0.0,0.0
2025-01-28 00:00:00-05:00,21.5,21.719999313354492,20.950000762939453,21.450000762939453,188700,0.0,0.0
2025-01-29 00:00:00-05:00,21.34000015258789,21.969999313354492,21.110000610351562,21.299999237060547,121000,0.0,0.0
2025-01-30 00:00:00-05:00,21.459999084472656,21.709999084472656,21.030000686645508,21.139999389648438,131500,0.0,0.0
2025-01-31 00:00:00-05:00,21.079999923706055,21.379899978637695,20.959999084472656,21.06999969482422,137762,0.0,0.0
