Date,Open,High,Low,Close,Volume,Dividends,Stock Splits
2022-01-03 00:00:00-05:00,478.858004129242,481.6353747077569,472.20186618097625,481.0415954589844,3033600,0.0,0.0
2022-01-04 00:00:00-05:00,481.9227164149272,482.4494485388396,470.12364794929186,470.1427917480469,3908100,0.0,0.0
2022-01-05 00:00:00-05:00,473.84913214672633,475.98484933655783,468.98394775390625,468.98394775390625,3921100,0.0,0.0
2022-01-06 00:00:00-05:00,459.7037809762519,463.66874011621815,443.537526668905,449.7914123535156,6555200,0.0,0.0
2022-01-07 00:00:00-05:00,447.9142230589172,448.1823823846062,436.28753614922636,439.2085876464844,5494200,0.0,0.0
2022-01-10 00:00:00-05:00,436.7185672883065,446.1616345607145,435.2245324225996,445.3380126953125,5831800,0.0,0.0
2022-01-11 00:00:00-05:00,447.44494605920653,450.55752319254793,441.1910614803799,449.1688232421875,3332800,0.0,0.0
2022-01-12 00:00:00-05:00,449.14014877657974,455.2216522387233,446.62135059913805,453.6893005371094,3502300,0.0,0.0
2022-01-13 00:00:00-05:00,455.7674591430371,456.39952595244023,446.2764905365316,447.6651611328125,3005300,0.0,0.0
2022-01-14 00:00:00-05:00,450.0211886240466,453.16249595837877,445.41454774070405,448.8719177246094,3665400,0.0,0.0
2022-01-18 00:00:00-05:00,445.50080351872754,446.0179491603639,438.9691728133122,441.4975280761719,3938800,0.0,0.0
2022-01-19 00:00:00-05:00,448.2111242156909,455.38440828260065,441.9955562261651,442.96282958984375,4030900,0.0,0.0
2022-01-20 00:00:00-05:00,444.74416864894283,451.6876097721637,442.46479985214467,443.4225158691406,3228600,0.0,0.0
2022-01-21 00:00:00-05:00,443.90132605910725,450.88308325451834,441.5740834030269,441.66986083984375,4273200,0.0,0.0
2022-01-24 00:00:00-05:00,438.7009987912732,444.5143422392766,429.18129889975387,442.723388671875,4780700,0.0,0.0
2022-01-25 00:00:00-05:00,434.87014723545985,440.06095201916,428.3576603585192,437.52301025390625,3428900,0.0,0.0
2022-01-26 00:00:00-05:00,439.06497991312665,444.2653715842772,434.2763991712545,439.0458068847656,4435900,0.0,0.0
2022-01-27 00:00:00-05:00,438.71054693727353,448.86234271863793,437.6858129960157,442.08172607421875,3508100,0.0,0.0
2022-01-28 00:00:00-05:00,441.8902192313627,446.5638786506126,435.8374462383284,446.3531799316406,3364400,0.0,0.0
2022-01-31 00:00:00-05:00,445.33797295400103,453.17208339918596,444.76333746604473,452.587890625,3500500,0.0,0.0
2022-02-01 00:00:00-05:00,454.9151047644649,454.9151047644649,443.1830836415919,448.603759765625,3148600,0.0,0.0
2022-02-02 00:00:00-05:00,449.2263239472639,461.6000291613082,449.2263239472639,459.4930419921875,3026800,0.0,0.0
2022-02-03 00:00:00-05:00,477.56511423905545,479.03041866252687,463.12276870961284,468.1028747558594,4370900,0.0,0.0
2022-02-04 00:00:00-05:00,461.37971538318453,468.9265226692253,459.8856806564955,462.73968505859375,3066400,0.0,0.0
2022-02-07 00:00:00-05:00,464.4060816256973,466.6567201319935,460.94871157407346,463.24725341796875,2937200,0.0,0.0
2022-02-08 00:00:00-05:00,460.9966681442308,474.71117023327025,460.9966681442308,472.5467224121094,3534700,0.0,0.0
2022-02-09 00:00:00-05:00,475.9848975669936,479.74871479278994,475.3049273255071,477.03839111328125,2818100,0.0,0.0
2022-02-10 00:00:00-05:00,471.42613895739146,473.3224272576034,464.5593312481762,466.1395568847656,2626100,0.0,0.0
2022-02-11 00:00:00-05:00,464.18584014904644,469.6927078167664,456.2942687048711,457.9128112792969,2493800,0.0,0.0
2022-02-14 00:00:00-05:00,455.02042426231003,457.5392219607078,449.48482707875434,454.3404541015625,2549500,0.0,0.0
2022-02-15 00:00:00-05:00,455.81539741358927,460.8242630772904,455.106696860928,458.0085754394531,3001000,0.0,0.0
2022-02-16 00:00:00-05:00,455.3940207223293,461.3606027459008,451.46737873607043,459.7516174316406,2651800,0.0,0.0
2022-02-17 00:00:00-05:00,457.95108122630035,459.0237184902046,449.0634777475849,450.4521484375,2403100,0.0,0.0
2022-02-18 00:00:00-05:00,450.3659737939323,454.8385206201148,447.09057203365603,448.0291442871094,2992300,0.0,0.0
2022-02-22 00:00:00-05:00,444.217471217139,447.43541269537195,438.46161700132086,442.95330810546875,3029800,0.0,0.0
2022-02-23 00:00:00-05:00,447.4353729851265,447.9429613330302,439.4384379569135,440.1854553222656,2840300,0.0,0.0
2022-02-24 00:00:00-05:00,430.5125138292207,437.2835734046111,426.89234828259583,436.6131896972656,3933000,0.0,0.0
2022-02-25 00:00:00-05:00,437.34101067440554,455.66212264523375,436.9387863169136,455.6333923339844,3314400,0.0,0.0
2022-02-28 00:00:00-05:00,446.1520174551586,457.1274349515917,445.9221457339781,455.7483215332031,3918300,0.0,0.0
2022-03-01 00:00:00-05:00,450.9789301106701,456.79224438979986,447.95254384986174,456.1122741699219,2917600,0.0,0.0
2022-03-02 00:00:00-05:00,457.97025079381024,466.57055164188955,457.68294766308907,464.8562316894531,3675900,0.0,0.0
2022-03-03 00:00:00-05:00,465.44999620874324,470.6025131888011,461.8298307406511,466.0150451660156,3139400,0.0,0.0
2022-03-04 00:00:00-05:00,460.3645516440606,478.53242711952527,457.2998484518509,477.56512451171875,4170100,0.0,0.0
2022-03-07 00:00:00-05:00,478.8580507311256,478.8580507311256,462.59602080651325,466.2832336425781,4123300,0.0,0.0
2022-03-08 00:00:00-05:00,458.5544469366562,464.0038537643678,451.58227505058784,453.44024658203125,3849500,0.0,0.0
2022-03-09 00:00:00-05:00,462.1746170293318,467.09729175221116,453.564758748258,465.0382080078125,3115500,0.0,0.0
2022-03-10 00:00:00-05:00,459.0620464648877,472.83400869259145,457.6254723114084,470.6600036621094,2834800,0.0,0.0
2022-03-11 00:00:00-05:00,468.58521334362786,474.31969948155717,463.47510831617984,463.8208923339844,2615000,1.45,0.0
2022-03-14 00:00:00-04:00,471.0538070862592,476.03906491505,466.1357948060158,468.6716613769531,2704100,0.0,0.0
2022-03-15 00:00:00-04:00,470.66956207021354,480.2174326744452,468.08567988436766,478.26751708984375,3043000,0.0,0.0
2022-03-16 00:00:00-04:00,480.1117707118693,485.5581029846051,470.67919047530114,478.6037292480469,3497100,0.0,0.0
2022-03-17 00:00:00-04:00,476.43287532086583,487.11418831932474,475.645217161064,487.01812744140625,2357200,0.0,0.0
2022-03-18 00:00:00-04:00,488.67026213032375,490.53373172141823,481.77351925514427,486.15362548828125,5065600,0.0,0.0
2022-03-21 00:00:00-04:00,485.08745195853163,492.76223845586327,484.4630708955211,487.6329040527344,2617700,0.0,0.0
2022-03-22 00:00:00-04:00,489.1793482506221,491.6575839717758,484.92411826133736,485.38519287109375,2752500,0.0,0.0
2022-03-23 00:00:00-04:00,482.4554753344229,487.0565183988002,481.5525559193594,483.37762451171875,2753200,0.0,0.0
2022-03-24 00:00:00-04:00,485.0777361361845,495.43249298135254,483.9826950969248,493.2040100097656,2789200,0.0,0.0
2022-03-25 00:00:00-04:00,493.90525846300363,496.15297149393206,489.15052374062367,492.7910461425781,2551100,0.0,0.0
2022-03-28 00:00:00-04:00,494.0301571743865,496.7389156161682,488.7375164997488,492.954345703125,2643000,0.0,0.0
2022-03-29 00:00:00-04:00,496.7004266434528,499.0922456075492,487.28704751429586,490.5817565917969,3478400,0.0,0.0
2022-03-30 00:00:00-04:00,494.7889801419882,500.63875642772285,492.26272852439024,500.27374267578125,3041200,0.0,0.0
2022-03-31 00:00:00-04:00,496.7005052224066,501.30157838951106,489.56365329434163,489.851806640625,3979700,0.0,0.0
2022-04-01 00:00:00-04:00,490.53378546377485,494.47207659154594,486.6147534150581,492.36846923828125,2344100,0.0,0.0
2022-04-04 00:00:00-04:00,492.00338612634437,492.2626947858668,484.6263391054577,489.8997497558594,2657500,0.0,0.0
2022-04-05 00:00:00-04:00,489.88059384791666,504.0294792977195,487.9594934798856,497.33447265625,3268600,0.0,0.0
2022-04-06 00:00:00-04:00,497.7763400415355,512.4728062888463,497.56504712017363,510.7726135253906,3955600,0.0,0.0
2022-04-07 00:00:00-04:00,509.0915600071794,517.0449430857666,507.5450883954517,515.7673950195312,2867000,0.0,0.0
2022-04-08 00:00:00-04:00,517.7364864585379,527.3131424918041,516.8719679467316,524.4219360351562,3986700,0.0,0.0
2022-04-11 00:00:00-04:00,522.1550615382282,526.0068771930797,515.4696697154881,516.2380981445312,3574000,0.0,0.0
2022-04-12 00:00:00-04:00,514.2881006622832,519.3982342038997,509.8408076587564,512.6552124023438,3575700,0.0,0.0
2022-04-13 00:00:00-04:00,512.28061217669,517.0449620185618,507.7660147537732,515.8154296875,3012000,0.0,0.0
2022-04-14 00:00:00-04:00,517.256253044939,531.4627685826191,513.0010229381774,513.721435546875,4211300,0.0,0.0
2022-04-18 00:00:00-04:00,516.6798671077709,519.6575486491024,509.4565123658065,513.0105590820312,2087100,0.0,0.0
2022-04-19 00:00:00-04:00,514.74926048788,521.0792534713687,514.1248794072636,516.4878540039062,2207600,0.0,0.0
2022-04-20 00:00:00-04:00,520.7526464976515,526.7272399924532,517.7365051060673,524.469970703125,2986300,0.0,0.0
2022-04-21 00:00:00-04:00,523.9801303561205,526.3815058389625,514.8837481682341,516.2380981445312,2539900,0.0,0.0
2022-04-22 00:00:00-04:00,511.0703207613893,512.3094093740173,499.6589800592776,500.3890075683594,3453300,0.0,0.0
2022-04-25 00:00:00-04:00,499.87026150514276,505.49907063788635,491.5422798063441,503.58758544921875,3030400,0.0,0.0
2022-04-26 00:00:00-04:00,503.55882260034593,505.49915274633724,493.25213781471405,493.5115051269531,2895300,0.0,0.0
2022-04-27 00:00:00-04:00,494.5968343620636,500.35057880302634,489.7076671036329,493.5402526855469,3353700,0.0,0.0
2022-04-28 00:00:00-04:00,496.37402144285494,505.51847977871637,492.92561979864666,503.7318115234375,2582700,0.0,0.0
2022-04-29 00:00:00-04:00,498.3814483130908,499.39007292595585,486.96052166687593,488.48779296875,2873200,0.0,0.0
2022-05-02 00:00:00-04:00,490.65861763313933,493.2521147522762,473.87780541339373,481.37969970703125,3184300,0.0,0.0
2022-05-03 00:00:00-04:00,481.3604742047365,485.57727388224913,477.85447221775314,479.9100341796875,2763400,0.0,0.0
2022-05-04 00:00:00-04:00,479.79478954521943,489.65962881938646,473.6376596992818,487.5944519042969,4002600,0.0,0.0
2022-05-05 00:00:00-04:00,487.2006310772021,490.52415568637457,469.92995822235434,475.203369140625,3359700,0.0,0.0
2022-05-06 00:00:00-04:00,465.87641135042395,481.78311859198703,465.8667964690938,479.9100341796875,3260300,0.0,0.0
2022-05-09 00:00:00-04:00,471.05377517801065,475.1169127574433,465.31928976237026,467.2308044433594,3862700,0.0,0.0
2022-05-10 00:00:00-04:00,474.3292662917596,476.7690718757781,462.13988256718517,468.7580871582031,4275500,0.0,0.0
2022-05-11 00:00:00-04:00,465.2809176739939,480.77456751762503,465.2809176739939,466.9714660644531,3936300,0.0,0.0
2022-05-12 00:00:00-04:00,466.9234412663624,467.68228410485887,452.82257187348864,459.9114074707031,3997600,0.0,0.0
2022-05-13 00:00:00-04:00,462.00545258407533,467.78795432070507,457.0393950785919,466.2510681152344,2453400,0.0,0.0
2022-05-16 00:00:00-04:00,466.26065536691874,476.01023360066137,465.05035278836294,469.92034912109375,2338800,0.0,0.0
2022-05-17 00:00:00-04:00,474.51177184923955,475.20336912650566,469.1903158356549,473.0997619628906,2289000,0.0,0.0
2022-05-18 00:00:00-04:00,468.99814608990044,469.91065098946564,449.8831778953536,452.7840576171875,3240500,0.0,0.0
2022-05-19 00:00:00-04:00,446.0025954922554,462.581669022025,445.05163103240614,459.67120361328125,3813800,0.0,0.0
2022-05-20 00:00:00-04:00,462.38962476698623,468.239371522037,453.67742808091845,466.5680236816406,3068200,0.0,0.0
2022-05-23 00:00:00-04:00,467.1059466522172,476.18312809813284,467.1059466522172,472.6675109863281,2279800,0.0,0.0
2022-05-24 00:00:00-04:00,471.4284214164247,478.4308109796925,469.38244488464767,477.93133544921875,2658100,0.0,0.0
2022-05-25 00:00:00-04:00,478.85345922448295,482.4939525692271,471.87988493771576,478.4404296875,3161600,0.0,0.0
2022-05-26 00:00:00-04:00,481.9464247491959,487.2486803584985,479.70835578903086,482.4171142578125,2705800,0.0,0.0
2022-05-27 00:00:00-04:00,471.6301049889932,487.10455322265625,470.08363337924135,487.10455322265625,3349100,0.0,0.0
2022-05-31 00:00:00-04:00,483.75228878033073,484.2229489996569,476.1063173685525,477.18212890625,4003100,0.0,0.0
2022-06-01 00:00:00-04:00,478.66138143724237,481.6006626963994,468.53717414810944,473.1189880371094,1765900,0.0,0.0
2022-06-02 00:00:00-04:00,474.5117714552965,476.5769484035534,463.91690453239386,472.8404235839844,2093500,0.0,0.0
2022-06-03 00:00:00-04:00,469.0654257624147,472.2736889493949,465.7707458962025,466.4527282714844,1756900,0.0,0.0
2022-06-06 00:00:00-04:00,470.1220556449805,474.1563780241804,467.1059433993419,470.84246826171875,1781500,0.0,0.0
2022-06-07 00:00:00-04:00,470.1892245447273,477.9792709666278,467.90311085675535,477.4894104003906,2341900,0.0,0.0
2022-06-08 00:00:00-04:00,474.5117624663531,478.2579020967758,469.2767525517346,474.060302734375,3268100,0.0,0.0
2022-06-09 00:00:00-04:00,473.435918712958,476.8746750330153,468.37380113120344,470.12200927734375,3148800,0.0,0.0
2022-06-10 00:00:00-04:00,465.67472120873254,470.8232854793289,461.95739665705565,465.5114440917969,2599900,0.0,0.0
2022-06-13 00:00:00-04:00,456.3861903542668,462.3511984850723,448.82666548164633,451.17041015625,3764600,0.0,0.0
2022-06-14 00:00:00-04:00,449.0571595064421,450.67087659516494,439.37482766044275,443.53399658203125,3814200,0.0,0.0
2022-06-15 00:00:00-04:00,445.8874821801099,450.51731256779414,438.4912327930719,446.0123291015625,2550700,0.0,0.0
2022-06-16 00:00:00-04:00,437.06657101481545,441.3177073286835,434.44455596697173,439.65966796875,3135600,1.65,0.0
2022-06-17 00:00:00-04:00,434.5120050985945,444.8361756182502,433.499842477958,435.7748107910156,5277400,0.0,0.0
2022-06-21 00:00:00-04:00,441.31768368196924,467.64385595472805,440.6332692173223,463.01678466796875,5726800,0.0,0.0
2022-06-22 00:00:00-04:00,458.58251933564713,478.05484016458286,457.4450350745926,472.03961181640625,5061000,0.0,0.0
2022-06-23 00:00:00-04:00,477.1197495442215,485.4388345147485,474.23744240790575,481.8046569824219,4687700,0.0,0.0
2022-06-24 00:00:00-04:00,481.44794636129967,481.7564255946662,469.031936691187,477.78485107421875,15861100,0.0,0.0
2022-06-27 00:00:00-04:00,475.0761149296273,493.4495182037594,474.83512101292496,487.4439392089844,3907100,0.0,0.0
2022-06-28 00:00:00-04:00,493.6326647654093,499.92739513232425,486.88480583221246,490.123779296875,4978200,0.0,0.0
2022-06-29 00:00:00-04:00,490.5190389165462,500.0142054081738,487.7813514694024,497.1319274902344,3823400,0.0,0.0
2022-06-30 00:00:00-04:00,495.04966601360803,497.7198972985697,491.3576523469636,495.1268005371094,3568900,0.0,0.0
2022-07-01 00:00:00-04:00,493.8639739300998,498.88630785985947,484.21456900494303,498.760986328125,2426600,0.0,0.0
2022-07-05 00:00:00-04:00,489.3526276634778,492.5915718232217,474.5170278473208,487.0390625,3029600,0.0,0.0
2022-07-06 00:00:00-04:00,487.4246900044886,498.770644053068,486.1329366706891,496.7270202636719,2506700,0.0,0.0
2022-07-07 00:00:00-04:00,496.68844657709275,498.66458486412165,493.77722132797277,495.84979248046875,2385400,0.0,0.0
2022-07-08 00:00:00-04:00,493.8543226021708,509.3357679245114,492.60116612670254,499.9466552734375,3092100,0.0,0.0
2022-07-11 00:00:00-04:00,496.3124745350129,502.6843392745771,493.3723606557098,498.32720947265625,1743600,0.0,0.0
2022-07-12 00:00:00-04:00,494.76053159627196,500.43836263099337,492.22527078005936,495.88836669921875,2706500,0.0,0.0
2022-07-13 00:00:00-04:00,489.767044155019,493.42049015479455,483.1348879429777,483.1830749511719,3467700,0.0,0.0
2022-07-14 00:00:00-04:00,477.1679595369817,487.66566876753274,474.5459445219898,484.3302917480469,3765500,0.0,0.0
2022-07-15 00:00:00-04:00,507.10909523988613,512.8254645410125,496.8813263597024,510.6661682128906,5742500,0.0,0.0
2022-07-18 00:00:00-04:00,511.87104461934734,512.9892304295574,500.0623434958313,500.6600036621094,3212000,0.0,0.0
2022-07-19 00:00:00-04:00,502.31812358545676,514.6088137649696,501.8361357352798,514.2328491210938,2953500,0.0,0.0
2022-07-20 00:00:00-04:00,514.2327657716288,514.8111275635343,497.1510885351102,500.75634765625,4327500,0.0,0.0
2022-07-21 00:00:00-04:00,500.67935097997287,503.6483537621145,492.72655148616536,503.6387634277344,2667600,0.0,0.0
2022-07-22 00:00:00-04:00,507.05116928550547,508.59350672215544,499.72497820681554,502.6264953613281,1850300,0.0,0.0
2022-07-25 00:00:00-04:00,507.13802582657837,513.6930491285473,505.335337053037,510.3962097167969,2337200,0.0,0.0
2022-07-26 00:00:00-04:00,514.5701064853881,518.2717982671641,511.89993437806345,512.4397583007812,2637800,0.0,0.0
2022-07-27 00:00:00-04:00,514.3195521676021,518.4839340768413,509.01768604056775,515.3510131835938,2268100,0.0,0.0
2022-07-28 00:00:00-04:00,518.1272517781899,524.73052014328,512.5843919075801,521.983154296875,2344500,0.0,0.0
2022-07-29 00:00:00-04:00,520.5564716538798,524.2581049987153,517.3560656108318,522.8025512695312,2945700,0.0,0.0
2022-08-01 00:00:00-04:00,522.7350677271392,524.0653587627829,511.8710438815158,516.09326171875,2335000,0.0,0.0
2022-08-02 00:00:00-04:00,518.1850862672862,521.0577736430629,512.5650918904954,516.17041015625,2114200,0.0,0.0
2022-08-03 00:00:00-04:00,517.9055096672665,524.0363800002627,516.3920610043267,521.1734008789062,1802900,0.0,0.0
2022-08-04 00:00:00-04:00,519.8624379279114,520.9613843548004,513.5677071551529,514.5220336914062,2368000,0.0,0.0
2022-08-05 00:00:00-04:00,510.90713624017457,516.2090027483273,508.5550331085559,515.7848510742188,2373400,0.0,0.0
2022-08-08 00:00:00-04:00,520.4599826029938,521.7999226591669,514.2037910664611,517.2692260742188,1656400,0.0,0.0
2022-08-09 00:00:00-04:00,520.546862539006,526.0800734788365,517.0572753155644,517.9055786132812,2147200,0.0,0.0
2022-08-10 00:00:00-04:00,520.7975350222134,522.4555450290738,514.5798798236686,518.3489990234375,2291400,0.0,0.0
2022-08-11 00:00:00-04:00,518.8502563226644,519.2262209555101,510.5889777526314,513.6640625,3006200,0.0,0.0
2022-08-12 00:00:00-04:00,516.3148770706592,524.7882589382921,515.196691435769,524.1134643554688,1981000,0.0,0.0
2022-08-15 00:00:00-04:00,522.15661536562,527.4970775236425,519.1586655507087,525.0196533203125,1447300,0.0,0.0
2022-08-16 00:00:00-04:00,525.5692800563646,527.7189273157092,522.8508611729758,526.4464721679688,1773000,0.0,0.0
2022-08-17 00:00:00-04:00,525.5981660717671,528.0562926426256,522.0603912906772,525.3668212890625,1471700,0.0,0.0
2022-08-18 00:00:00-04:00,525.3764601591846,528.3840599481991,522.301375003802,525.578857421875,1486400,0.0,0.0
2022-08-19 00:00:00-04:00,525.8487202620308,533.2038592230208,525.1932238764266,528.567138671875,2258000,0.0,0.0
2022-08-22 00:00:00-04:00,521.8867740670953,529.7239005501095,521.8481773870691,524.9522094726562,1672900,0.0,0.0
2022-08-23 00:00:00-04:00,523.71833753361,523.71833753361,514.0015048275461,516.4981689453125,2039600,0.0,0.0
2022-08-24 00:00:00-04:00,517.3463847558291,520.4118199067894,515.7462112505093,517.1343383789062,1761200,0.0,0.0
2022-08-25 00:00:00-04:00,515.7365644928193,522.4940424606957,512.1120070385907,522.0602416992188,1965800,0.0,0.0
2022-08-26 00:00:00-04:00,522.7254451639004,523.6219354576564,509.1911893882699,510.1841125488281,1906700,0.0,0.0
2022-08-29 00:00:00-04:00,507.05109639077244,513.7025506574521,504.03384846769535,510.685302734375,1594000,0.0,0.0
2022-08-30 00:00:00-04:00,511.30227901493254,511.95783420782135,502.9928139375959,504.0050354003906,2013400,0.0,0.0
2022-08-31 00:00:00-04:00,502.057804782301,508.1115412656199,500.45757225590603,500.6214904785156,2891300,0.0,0.0
2022-09-01 00:00:00-04:00,500.62148026380515,505.373873058024,496.5342330075587,505.12322998046875,2085300,0.0,0.0
2022-09-02 00:00:00-04:00,510.5407856839183,510.70464507235545,495.30033281272466,497.7488098144531,1944200,0.0,0.0
2022-09-06 00:00:00-04:00,501.1998901992387,508.4490064580673,498.2983138614977,499.03094482421875,2711900,0.0,0.0
2022-09-07 00:00:00-04:00,498.37544156247566,504.6412836710948,496.1390108571842,502.8868408203125,2504400,0.0,0.0
2022-09-08 00:00:00-04:00,502.18312749850173,509.4514827308972,500.1202054832166,508.5068054199219,1557500,0.0,0.0
2022-09-09 00:00:00-04:00,510.411809068291,510.411809068291,505.33505725265405,507.0369873046875,2495500,1.65,0.0
2022-09-12 00:00:00-04:00,507.67524126838236,517.3646047598895,505.2577401194853,513.718994140625,2792000,0.0,0.0
2022-09-13 00:00:00-04:00,506.70817380126954,507.92660366255126,495.07516099155765,496.99951171875,3172500,0.0,0.0
2022-09-14 00:00:00-04:00,497.03823751987755,498.3727028792588,489.39893977138263,492.94781494140625,2648100,0.0,0.0
2022-09-15 00:00:00-04:00,499.2622859207538,510.55684331126554,497.1735910627974,505.6541442871094,3058100,0.0,0.0
2022-09-16 00:00:00-04:00,501.4090372260895,505.5671269008247,500.0165543699763,503.8265380859375,3981700,0.0,0.0
2022-09-19 00:00:00-04:00,501.476786854242,506.70823329361474,496.042190052782,506.2730712890625,2130800,0.0,0.0
2022-09-20 00:00:00-04:00,506.94015103894293,507.3559540224367,497.8213466737524,505.54766845703125,2421700,0.0,0.0
2022-09-21 00:00:00-04:00,507.70424652933576,510.58588882432036,495.12356192689174,495.18157958984375,2427700,0.0,0.0
2022-09-22 00:00:00-04:00,494.16622852824537,503.77818565210924,489.40857342835005,500.3840637207031,2285600,0.0,0.0
2022-09-23 00:00:00-04:00,496.61270304591807,497.67637983463567,489.6696475362981,496.6610412597656,2536900,0.0,0.0
2022-09-26 00:00:00-04:00,490.64635798967186,495.6554130901082,482.5332102889073,491.5843200683594,2867400,0.0,0.0
2022-09-27 00:00:00-04:00,493.52796432468045,499.7360900510393,486.96202367969204,491.5939636230469,2583400,0.0,0.0
2022-09-28 00:00:00-04:00,489.7663792813987,499.23332157758693,484.27379451338686,496.9801940917969,3027300,0.0,0.0
2022-09-29 00:00:00-04:00,497.7828019408242,497.7828019408242,485.88867962165176,492.0387878417969,2392000,0.0,0.0
2022-09-30 00:00:00-04:00,494.2338597958752,499.5039937305825,488.1804284676077,488.37384033203125,3116000,0.0,0.0
2022-10-03 00:00:00-04:00,490.3464867816603,500.7224103629488,488.72193340112403,498.4983215332031,2562400,0.0,0.0
2022-10-04 00:00:00-04:00,501.24462964079805,507.27876166520906,499.7748291790874,505.90557861328125,3189800,0.0,0.0
2022-10-05 00:00:00-04:00,503.80718069507145,511.8816099826412,502.96589511501634,509.6768798828125,2281800,0.0,0.0
2022-10-06 00:00:00-04:00,510.89534753752497,511.1370976421053,499.6877867199328,501.9989318847656,2187300,0.0,0.0
2022-10-07 00:00:00-04:00,497.2025762773822,497.2025762773822,484.5252152714703,488.1901550292969,3273700,0.0,0.0
2022-10-10 00:00:00-04:00,488.91539927581215,489.60196128441873,478.68451870345945,482.3977966308594,2459100,0.0,0.0
2022-10-11 00:00:00-04:00,480.5701290036519,490.1047375730536,478.8391902442946,483.31640625,2844500,0.0,0.0
2022-10-12 00:00:00-04:00,485.5598905609353,491.4779279823966,481.7692362035795,483.46148681640625,2254300,0.0,0.0
2022-10-13 00:00:00-04:00,477.1663721639469,496.5256805642593,471.6447784821827,493.08319091796875,3999700,0.0,0.0
2022-10-14 00:00:00-04:00,502.84018716512026,512.4231347628075,495.03648717793936,496.1968994140625,5628900,0.0,0.0
2022-10-17 00:00:00-04:00,500.6547767932489,507.0079764928659,498.27599358678526,504.6581726074219,3282300,0.0,0.0
2022-10-18 00:00:00-04:00,514.4442385823379,514.4442385823379,501.2253589777347,504.9773254394531,2345500,0.0,0.0
2022-10-19 00:00:00-04:00,504.52269045081925,506.5340674546794,497.6182946450277,503.1495666503906,2500500,0.0,0.0
2022-10-20 00:00:00-04:00,505.7894751163837,511.9492620621994,502.62742439467286,503.69110107421875,2390800,0.0,0.0
2022-10-21 00:00:00-04:00,500.9643053241477,518.8248362716979,500.9159671005881,516.1171875,2896000,0.0,0.0
2022-10-24 00:00:00-04:00,520.3138754776015,528.4463222966582,520.0527665013589,523.7273559570312,2627100,0.0,0.0
2022-10-25 00:00:00-04:00,520.0430796112787,525.9707962804947,516.2814932313761,522.3928833007812,2411900,0.0,0.0
2022-10-26 00:00:00-04:00,523.5146959517868,529.5681280688739,522.3833219779515,525.24560546875,2863500,0.0,0.0
2022-10-27 00:00:00-04:00,528.4850486974095,528.4850486974095,521.9481169062457,523.9207763671875,2212100,0.0,0.0
2022-10-28 00:00:00-04:00,526.9862047231416,534.7512466345628,525.7484748432016,533.04931640625,2761900,0.0,0.0
2022-10-31 00:00:00-04:00,536.6852485900291,539.6829263701406,531.9759611303895,536.830322265625,2770400,0.0,0.0
2022-11-01 00:00:00-04:00,536.685197499712,537.3524301060929,526.2609053335029,529.2489624023438,3338900,0.0,0.0
2022-11-02 00:00:00-04:00,526.4445896175364,536.279024832339,525.1488423109589,525.4969482421875,2696200,0.0,0.0
2022-11-03 00:00:00-04:00,523.8627954882226,529.7905127550931,520.3719381543881,525.6710815429688,2245300,0.0,0.0
2022-11-04 00:00:00-04:00,528.997551683214,529.6841432078603,509.7445998825433,520.4105834960938,3513100,0.0,0.0
2022-11-07 00:00:00-05:00,520.4106184034406,528.9009107294431,517.7997053704248,527.0346069335938,2540300,0.0,0.0
2022-11-08 00:00:00-05:00,528.997558134604,536.491811250454,524.11421790848,534.799560546875,2797000,0.0,0.0
2022-11-09 00:00:00-05:00,535.5055202029631,536.3080880553563,521.6387082294212,522.8184204101562,2672600,0.0,0.0
2022-11-10 00:00:00-05:00,530.8155167467846,533.4941267125324,516.329869798226,526.2125854492188,3426400,0.0,0.0
2022-11-11 00:00:00-05:00,528.2530148568325,528.2530148568325,492.8317554352234,504.8515930175781,7034300,0.0,0.0
2022-11-14 00:00:00-05:00,504.7742319371579,511.5238761518123,496.467672151164,496.7964782714844,5238400,0.0,0.0
2022-11-15 00:00:00-05:00,495.88748094400995,499.59110906299594,484.244787672993,486.410888671875,5103800,0.0,0.0
2022-11-16 00:00:00-05:00,489.19579721639207,497.16387026594936,488.7896441047026,494.6399841308594,3430800,0.0,0.0
2022-11-17 00:00:00-05:00,495.25888736073455,509.58984003750544,495.25888736073455,498.3049621582031,4246300,0.0,0.0
2022-11-18 00:00:00-05:00,504.8901651541299,515.4111325821787,502.31797046170766,512.5101318359375,3566000,0.0,0.0
2022-11-21 00:00:00-05:00,511.55290750040893,514.3958911286885,498.37268690281263,500.1229553222656,3349600,0.0,0.0
2022-11-22 00:00:00-05:00,502.78226331252006,507.34647753289715,502.7532249662155,505.8283386230469,2567400,0.0,0.0
2022-11-23 00:00:00-05:00,507.6751437905537,512.9356276413382,505.7411432427802,512.229736328125,2238300,0.0,0.0
2022-11-25 00:00:00-05:00,516.378186601238,523.0021153864985,514.9470449707916,519.8787231445312,1419200,0.0,0.0
2022-11-28 00:00:00-05:00,518.1479642186928,521.7742165820318,514.144567444518,514.7054443359375,2699900,0.0,0.0
2022-11-29 00:00:00-05:00,514.125046543777,515.382135162751,506.3697440673908,510.576171875,3751000,0.0,0.0
2022-11-30 00:00:00-05:00,512.2394182574641,529.9935902737267,510.073346827241,529.6841430664062,9688900,0.0,0.0
2022-12-01 00:00:00-05:00,534.1323688685188,534.7512633383326,518.1188433434959,519.1921997070312,2997800,0.0,0.0
2022-12-02 00:00:00-05:00,516.8351295532312,522.4415904310824,516.4568226544312,520.0651245117188,2346200,1.65,0.0
2022-12-05 00:00:00-05:00,515.5353380819394,524.1584858204595,514.9436637132384,518.978759765625,2424800,0.0,0.0
2022-12-06 00:00:00-05:00,518.3773176336542,524.3621440479587,518.2027281283047,523.1302490234375,3097700,0.0,0.0
2022-12-07 00:00:00-05:00,524.6046787292166,529.522431506525,523.4309801183513,526.6124877929688,2849100,0.0,0.0
2022-12-08 00:00:00-05:00,528.5039666934081,534.7409389914698,527.4564295754298,531.4721069335938,2272300,0.0,0.0
2022-12-09 00:00:00-05:00,531.4817715893282,532.0249586725423,522.6937446198215,523.0138549804688,2852400,0.0,0.0
2022-12-12 00:00:00-05:00,525.5842432115019,529.6873035838488,523.0914438458278,529.473876953125,2714100,0.0,0.0
2022-12-13 00:00:00-05:00,534.0328260063022,534.4499108014704,519.0368959336702,522.063232421875,3369700,0.0,0.0
2022-12-14 00:00:00-05:00,525.6619983205129,527.1654576079412,515.6130055058051,522.1991577148438,2654600,0.0,0.0
2022-12-15 00:00:00-05:00,517.9603321540282,518.0379472389387,509.69607209846396,511.8397521972656,2963800,0.0,0.0
2022-12-16 00:00:00-05:00,509.3856716497096,510.0258332185354,500.238696461813,507.97918701171875,7109100,0.0,0.0
2022-12-19 00:00:00-05:00,508.8521223294662,511.3838182979549,505.29230784289473,507.88214111328125,1808100,0.0,0.0
2022-12-20 00:00:00-05:00,511.1703747482842,511.1703747482842,504.0992332290937,504.59393310546875,2086100,0.0,0.0
2022-12-21 00:00:00-05:00,507.91125700521263,512.0336770769105,502.54723258862094,511.703857421875,2182000,0.0,0.0
2022-12-22 00:00:00-05:00,510.67575296521767,513.1298341537471,505.97136718400264,511.2674865722656,1851600,0.0,0.0
2022-12-23 00:00:00-05:00,508.36707168247625,515.3606567382812,507.20314172288016,515.3606567382812,1292300,0.0,0.0
2022-12-27 00:00:00-05:00,517.902029475208,519.7547266295105,513.9444897975171,516.020263671875,1596700,0.0,0.0
2022-12-28 00:00:00-05:00,519.0079418939321,521.995501108458,511.8882525457031,512.586669921875,1694200,0.0,0.0
2022-12-29 00:00:00-05:00,516.5538180456483,517.6596109317705,512.9842939808142,513.9736938476562,1379700,0.0,0.0
2022-12-30 00:00:00-05:00,514.0901199325066,514.5751106116882,509.08504217265636,514.2647094726562,1849600,0.0,0.0
2023-01-03 00:00:00-05:00,509.36624410092196,509.8512347121656,496.78555685972657,503.0710754394531,3525600,0.0,0.0
2023-01-04 00:00:00-05:00,503.07114131088537,503.07114131088537,485.5726694775777,489.3555908203125,5070400,0.0,0.0
2023-01-05 00:00:00-05:00,485.9702937351598,487.01786041351716,473.8358193695189,475.2519836425781,5497100,0.0,0.0
2023-01-06 00:00:00-05:00,476.833099219815,478.0746740880517,472.9046868324394,475.29083251953125,4841300,0.0,0.0
2023-01-09 00:00:00-05:00,477.6284608333592,484.98090552929,473.87463821093485,475.3489990234375,3702800,0.0,0.0
2023-01-10 00:00:00-05:00,474.1753718580824,475.74673685247706,468.1905741186184,471.4109191894531,3164000,0.0,0.0
2023-01-11 00:00:00-05:00,470.7221813348354,480.72268506432613,470.4408785005144,478.5887145996094,4274200,0.0,0.0
2023-01-12 00:00:00-05:00,475.29081218794477,483.75875915141734,470.654303000048,480.7906188964844,3726800,0.0,0.0
2023-01-13 00:00:00-05:00,471.51756189012474,494.2054370869885,471.41087816344736,474.87371826171875,5390100,0.0,0.0
2023-01-17 00:00:00-05:00,476.45480379189775,478.1425617013367,469.2575298627709,470.51849365234375,4495600,0.0,0.0
2023-01-18 00:00:00-05:00,473.3993235190452,474.805808131425,460.4985851080572,461.94384765625,4398200,0.0,0.0
2023-01-19 00:00:00-05:00,463.52493010612375,471.789189210228,463.0593580561877,469.8200988769531,4549600,0.0,0.0
2023-01-20 00:00:00-05:00,470.95500337144426,472.371167732817,464.62102688214145,472.1092834472656,3525900,0.0,0.0
2023-01-23 00:00:00-05:00,472.07053312104244,475.38788248080385,466.93935290992084,471.2266540527344,3418700,0.0,0.0
2023-01-24 00:00:00-05:00,485.24290751626444,485.24290751626444,465.5910747631613,476.8428649902344,3036300,0.0,0.0
2023-01-25 00:00:00-05:00,474.592448827838,480.48992210156877,471.1490270567103,477.7157897949219,3037300,0.0,0.0
2023-01-26 00:00:00-05:00,477.7158001026795,481.5472381572933,475.8534229436176,477.6964111328125,3005000,0.0,0.0
2023-01-27 00:00:00-05:00,478.5596510539787,478.5596510539787,469.9268237324217,471.4593811035156,3177100,0.0,0.0
2023-01-30 00:00:00-05:00,473.1665352402935,480.3831978650825,470.2468823037643,471.2071838378906,3606900,0.0,0.0
2023-01-31 00:00:00-05:00,483.05064552206096,490.3255046413691,478.32684173682657,484.2049255371094,5567000,0.0,0.0
2023-02-01 00:00:00-05:00,484.94214504754814,489.23915494510703,480.7906264193746,482.0806884765625,3451200,0.0,0.0
2023-02-02 00:00:00-05:00,479.42297374746784,480.14075044738007,449.9646459764584,456.6962890625,11169900,0.0,0.0
2023-02-03 00:00:00-05:00,460.96418593225013,464.4076074233696,455.6486781890213,457.85052490234375,5440100,0.0,0.0
2023-02-06 00:00:00-05:00,457.83114719485377,464.59191764998945,456.8708752357105,460.973876953125,4174200,0.0,0.0
2023-02-07 00:00:00-05:00,456.89997975721775,463.7286264959966,454.95030795744265,462.5646667480469,3394600,0.0,0.0
2023-02-08 00:00:00-05:00,461.19697051800455,470.4796978707993,460.84776188705035,468.7143249511719,3466400,0.0,0.0
2023-02-09 00:00:00-05:00,471.05201328578255,474.9998441959088,467.9189630978886,471.1490173339844,3664600,0.0,0.0
2023-02-10 00:00:00-05:00,474.4469392024467,480.78091565636583,474.0783415868177,479.4132385253906,3418100,0.0,0.0
2023-02-13 00:00:00-05:00,479.17071354945335,484.8644984661225,476.9979651305277,480.4801940917969,2589000,0.0,0.0
2023-02-14 00:00:00-05:00,479.4520521271458,483.0021871415212,474.4081376626665,478.0358581542969,2072600,0.0,0.0
2023-02-15 00:00:00-05:00,474.95131995587707,477.06587200685766,473.7291636923494,476.5032958984375,2242500,0.0,0.0
2023-02-16 00:00:00-05:00,476.40625358024585,479.17070588062165,472.64272184235614,472.7203369140625,2611500,0.0,0.0
2023-02-17 00:00:00-05:00,472.74947305908387,484.4668337004432,472.72037480523073,484.0982360839844,3891500,0.0,0.0
2023-02-21 00:00:00-05:00,481.7897061467722,486.3486003312019,475.7758104634217,476.5614929199219,2877300,0.0,0.0
2023-02-22 00:00:00-05:00,478.0164517233682,479.0640480376583,474.000744789198,474.2141418457031,2982800,0.0,0.0
2023-02-23 00:00:00-05:00,472.0511099197374,478.5208687086084,471.2848163931065,476.93011474609375,2511800,0.0,0.0
2023-02-24 00:00:00-05:00,474.88341729413196,477.72548491326694,468.5106628453139,469.791015625,2940400,0.0,0.0
2023-02-27 00:00:00-05:00,474.09772033264977,476.202592649496,467.4921504519878,468.81134033203125,3006200,0.0,0.0
2023-02-28 00:00:00-05:00,468.1809086906223,468.8501685851304,459.69357192414157,461.6529235839844,3902100,0.0,0.0
2023-03-01 00:00:00-05:00,459.3928434745849,464.048771619291,457.83118774205695,460.95452880859375,2996900,0.0,0.0
2023-03-02 00:00:00-05:00,460.94477298993087,466.0080762052456,459.04361806354376,463.36004638671875,2188800,0.0,0.0
2023-03-03 00:00:00-05:00,463.5928302423702,464.7180120184546,459.9844988919885,464.1942138671875,2863300,0.0,0.0
2023-03-06 00:00:00-05:00,466.91988061369443,469.810435463556,464.6210297330889,466.34759521484375,3812700,0.0,0.0
2023-03-07 00:00:00-05:00,468.4815906090064,469.2963713691399,458.37437218639883,459.6547546386719,2589200,0.0,0.0
2023-03-08 00:00:00-05:00,457.5886781407831,461.1194242804579,452.7484809276764,456.47320556640625,3036600,0.0,0.0
2023-03-09 00:00:00-05:00,459.7225870335563,459.7225870335563,449.8287672660363,450.9539489746094,2780400,0.0,0.0
2023-03-10 00:00:00-05:00,450.47699299409976,456.4052150110141,445.4346013530799,448.101806640625,3787500,1.65,0.0
2023-03-13 00:00:00-04:00,446.46644131108144,457.87511307997244,446.46644131108144,451.3628234863281,2971600,0.0,0.0
2023-03-14 00:00:00-04:00,452.30710029674856,457.35923628220274,446.855851925723,452.23895263671875,3258200,0.0,0.0
2023-03-15 00:00:00-04:00,448.74425643924513,456.424680812251,447.04074342290085,453.0663146972656,3770200,0.0,0.0
2023-03-16 00:00:00-04:00,452.36547727989716,460.8149251223461,450.7982594335737,459.4812927246094,2940500,0.0,0.0
2023-03-17 00:00:00-04:00,458.86806780723526,459.47159344976706,453.9132518041899,457.02825927734375,5290000,0.0,0.0
2023-03-20 00:00:00-04:00,457.514962705607,467.0741122475405,457.514962705607,464.2900695800781,3119400,0.0,0.0
2023-03-21 00:00:00-04:00,465.6821122668271,468.66082436988904,463.08302479690605,467.3466796875,3163300,0.0,0.0
2023-03-22 00:00:00-04:00,469.1475530523281,472.83685458280837,462.20694871723424,462.8883361816406,2632200,0.0,0.0
2023-03-23 00:00:00-04:00,464.72810801870975,467.9015190467151,454.2734143518945,457.4273376464844,3284900,0.0,0.0
2023-03-24 00:00:00-04:00,456.52208861724944,464.21222813108835,455.16899813226553,463.3458557128906,2533200,0.0,0.0
2023-03-27 00:00:00-04:00,472.6518514785304,473.3722143398972,465.87674504207405,469.09881591796875,2271800,0.0,0.0
2023-03-28 00:00:00-04:00,469.19620953819964,470.9386685098145,458.18664940463435,460.02642822265625,2369500,0.0,0.0
2023-03-29 00:00:00-04:00,462.48919063150095,463.23875540757007,452.5991064376799,454.1955261230469,3733200,0.0,0.0
2023-03-30 00:00:00-04:00,454.1760818235189,457.9140728293315,448.8318975101042,457.5733642578125,3324600,0.0,0.0
2023-03-31 00:00:00-04:00,458.9945795725228,463.3555839987643,457.6123169452041,460.0361633300781,3996700,0.0,0.0
2023-04-03 00:00:00-04:00,472.31119709165375,482.9508462982133,470.6466000087219,481.0623779296875,4729100,0.0,0.0
2023-04-04 00:00:00-04:00,479.9331817446976,482.92163759269846,478.7747904512629,480.1473388671875,2624700,0.0,0.0
2023-04-05 00:00:00-04:00,484.17737107681614,498.1461546261333,482.92163025461974,495.7028503417969,4964800,0.0,0.0
2023-04-06 00:00:00-04:00,497.4257968366362,500.57971997573,493.67806228895097,499.1877136230469,3472600,0.0,0.0
2023-04-10 00:00:00-04:00,497.2409009302663,501.699254985423,494.59315350171545,501.49481201171875,2714500,0.0,0.0
2023-04-11 00:00:00-04:00,502.42932781440254,508.34777658218206,501.5337238157125,507.1309814453125,3065300,0.0,0.0
2023-04-12 00:00:00-04:00,511.034455169339,512.7087961250869,506.22567854908556,507.34515380859375,3422400,0.0,0.0
2023-04-13 00:00:00-04:00,509.9929027603016,516.3592131506748,506.67351165981114,512.2512817382812,4224400,0.0,0.0
2023-04-14 00:00:00-04:00,508.13362869614707,513.2344241983029,494.99224174710884,498.1948547363281,4872000,0.0,0.0
2023-04-17 00:00:00-04:00,495.20640870685105,496.05329335172667,489.39499406346,491.9259338378906,3660900,0.0,0.0
2023-04-18 00:00:00-04:00,490.2905596852069,493.52234486850983,484.9074593927989,491.07904052734375,3232000,0.0,0.0
2023-04-19 00:00:00-04:00,487.35077108622573,488.6357138509119,470.7828995775583,473.2846374511719,5809100,0.0,0.0
2023-04-20 00:00:00-04:00,472.57401064067477,476.64296628834734,470.4227252414085,474.5111389160156,3283000,0.0,0.0
2023-04-21 00:00:00-04:00,477.0226078614896,477.69428110916533,469.33246904653737,470.96783447265625,3165300,0.0,0.0
2023-04-24 00:00:00-04:00,470.5687730555655,477.1978708636008,469.8289520750084,475.9518737792969,2322400,0.0,0.0
2023-04-25 00:00:00-04:00,479.5924523090185,485.25785708813106,477.54823072092626,478.8526611328125,2937300,0.0,0.0
2023-04-26 00:00:00-04:00,472.9633884274115,474.7447931084801,465.65287388325595,470.1209716796875,2930000,0.0,0.0
2023-04-27 00:00:00-04:00,469.3909469917068,477.9377156297606,469.3909469917068,477.4412536621094,2473200,0.0,0.0
2023-04-28 00:00:00-04:00,475.7084812220335,480.83847867896174,475.153615525713,479.0181579589844,2398400,0.0,0.0
2023-05-01 00:00:00-04:00,481.451758076946,486.124269190243,478.74560690192334,482.53228759765625,2105600,0.0,0.0
2023-05-02 00:00:00-04:00,482.0942071776025,483.5154155027352,476.2730488628782,480.28363037109375,2152300,0.0,0.0
2023-05-03 00:00:00-04:00,481.26677203613,482.28889770185475,475.0659892169931,476.43853759765625,1749700,0.0,0.0
2023-05-04 00:00:00-04:00,474.1120365044562,476.68192204545403,469.1475362031039,474.3359375,2555700,0.0,0.0
2023-05-05 00:00:00-04:00,480.93580626240134,487.5454452742975,478.9597322947512,481.14996337890625,2328500,0.0,0.0
2023-05-08 00:00:00-04:00,478.96944730297304,481.21808203733707,475.34826427374,479.5340270996094,1738500,0.0,0.0
2023-05-09 00:00:00-04:00,479.74828237512884,486.1340213259154,477.27574616520445,477.3536376953125,2038600,0.0,0.0
2023-05-10 00:00:00-04:00,476.3995731381078,480.36146479341687,474.6863459763625,477.0517883300781,2018700,0.0,0.0
2023-05-11 00:00:00-04:00,475.0367599568623,477.10043948881537,472.7589233202588,475.7765808105469,2384200,0.0,0.0
2023-05-12 00:00:00-04:00,475.7766418971635,479.80665193876314,474.79346192136546,478.1810302734375,1536500,0.0,0.0
2023-05-15 00:00:00-04:00,478.3464709913498,478.72612531172473,470.8510311997412,473.92706298828125,2169700,0.0,0.0
2023-05-16 00:00:00-04:00,474.66688450044074,476.2146442634346,466.2856143241871,466.97674560546875,2178900,0.0,0.0
2023-05-17 00:00:00-04:00,467.249323849411,472.5058728013344,464.8546793826181,471.9315490722656,2682000,0.0,0.0
2023-05-18 00:00:00-04:00,469.2448535633304,469.73157160652727,461.30164124044,466.4997863769531,3040100,0.0,0.0
2023-05-19 00:00:00-04:00,466.84043815469136,471.9217754191142,465.11746707623274,466.10064697265625,2317900,0.0,0.0
2023-05-22 00:00:00-04:00,467.677632873457,469.3908898812809,465.214840778166,467.85284423828125,2242800,0.0,0.0
2023-05-23 00:00:00-04:00,463.53081232179585,470.5493082545279,459.98752023273806,466.7042236328125,2874200,0.0,0.0
2023-05-24 00:00:00-04:00,467.84315486079794,470.44224256938605,466.1688731260364,468.05731201171875,1904700,0.0,0.0
2023-05-25 00:00:00-04:00,464.94225884193077,468.9722685852336,461.700700204688,465.0104064941406,2684100,0.0,0.0
2023-05-26 00:00:00-04:00,465.3608622636743,475.4164738703304,465.30245847389165,468.72894287109375,3135200,0.0,0.0
2023-05-30 00:00:00-04:00,464.0175269190475,472.9634073225948,463.38479937647514,467.10333251953125,3180800,0.0,0.0
2023-05-31 00:00:00-04:00,465.4192346223625,474.4527198839404,464.4360547158976,474.2969665527344,4944100,0.0,0.0
2023-06-01 00:00:00-04:00,474.8324096172525,485.5304629870311,473.19701437105766,480.51727294921875,3376600,0.0,0.0
2023-06-02 00:00:00-04:00,478.9305413232563,487.7109238863614,477.33409192619484,486.3091735839844,3064500,0.0,0.0
2023-06-05 00:00:00-04:00,487.39948042397486,489.5410220781387,484.20661111731397,484.9561462402344,2688800,0.0,0.0
2023-06-06 00:00:00-04:00,486.620678600739,486.620678600739,470.821830419486,474.61822509765625,3816600,0.0,0.0
2023-06-07 00:00:00-04:00,476.9350623871321,477.4120366032323,468.8068644430725,469.3227844238281,4381700,0.0,0.0
2023-06-08 00:00:00-04:00,471.522717419586,478.7553403699883,469.61476131231626,477.20758056640625,2725900,0.0,0.0
2023-06-09 00:00:00-04:00,476.97399022918034,484.98538078412054,474.28732653986503,480.507568359375,3174100,0.0,0.0
2023-06-12 00:00:00-04:00,479.22254752720255,481.3154587652707,475.73765959745555,479.5048522949219,2207700,0.0,0.0
2023-06-13 00:00:00-04:00,477.8305358709709,481.51986671618425,475.67925057801233,478.25885009765625,3016600,0.0,0.0
2023-06-14 00:00:00-04:00,442.56297945364184,448.3938518793194,433.840971068051,447.644287109375,14672400,0.0,0.0
2023-06-15 00:00:00-04:00,451.5638151844769,461.3479193757957,450.50820171399266,455.3758239746094,6798100,1.88,0.0
2023-06-16 00:00:00-04:00,455.6202014981932,457.9464647791227,447.5954626902463,448.142822265625,7693900,0.0,0.0
2023-06-20 00:00:00-04:00,446.44208904677805,459.8719958748387,446.44208904677805,458.7968444824219,4597700,0.0,0.0
2023-06-21 00:00:00-04:00,458.36679473357185,468.55162050045624,456.64650469418666,465.9907531738281,4886500,0.0,0.0
2023-06-22 00:00:00-04:00,467.3884694211171,472.2756298688569,467.21253880392493,468.23883056640625,3179000,0.0,0.0
2023-06-23 00:00:00-04:00,467.5350483755798,471.3959168139825,465.7952205605797,466.2350769042969,4862000,0.0,0.0
2023-06-26 00:00:00-04:00,467.3493754082139,470.4478183072161,462.3253603458005,468.24859619140625,2968300,0.0,0.0
2023-06-27 00:00:00-04:00,467.33959979367864,472.27561980921274,466.9877087379295,471.66961669921875,3693200,0.0,0.0
2023-06-28 00:00:00-04:00,471.08313963137954,471.2395323379016,463.28325100978174,463.7426452636719,3670100,0.0,0.0
2023-06-29 00:00:00-04:00,464.3584514268319,468.88396704156816,462.40358713218035,465.6877746582031,2979300,0.0,0.0
2023-06-30 00:00:00-04:00,467.2125337436884,471.2200112332033,464.39752458366115,469.79296875,3970100,0.0,0.0
2023-07-03 00:00:00-04:00,467.31028161125306,469.37264897424535,465.5508859767235,467.0952453613281,1915700,0.0,0.0
2023-07-05 00:00:00-04:00,465.2869866373121,466.5185605895517,459.96975379536457,460.5855407714844,5053100,0.0,0.0
2023-07-06 00:00:00-04:00,458.75770201859007,461.7388576016125,456.1186237626784,458.7674560546875,3913600,0.0,0.0
2023-07-07 00:00:00-04:00,454.50588602896136,458.0344012779151,450.42022737369143,451.1630554199219,4128100,0.0,0.0
2023-07-10 00:00:00-04:00,449.6187586262166,452.6488040522957,448.79771925514495,452.59991455078125,4339200,0.0,0.0
2023-07-11 00:00:00-04:00,451.9352282333599,455.9622432933111,450.7330059660473,452.4435119628906,3087500,0.0,0.0
2023-07-12 00:00:00-04:00,452.55107461463194,454.33000824396606,441.0662471271116,441.506103515625,7287600,0.0,0.0
2023-07-13 00:00:00-04:00,441.79928887056815,444.63383586436413,437.08805920642925,437.64520263671875,7276800,0.0,0.0
2023-07-14 00:00:00-04:00,452.11117947805434,474.0545407710625,449.7262429072479,469.33355712890625,11376300,0.0,0.0
2023-07-17 00:00:00-04:00,470.2523295101328,473.6635877226295,467.50574777606033,473.1553039550781,4582000,0.0,0.0
2023-07-18 00:00:00-04:00,478.2867907803319,493.0362660128809,476.4981033325195,488.71600341796875,8817900,0.0,0.0
2023-07-19 00:00:00-04:00,496.085885652153,503.04516745209526,491.1400817194754,492.3325500488281,4956500,0.0,0.0
2023-07-20 00:00:00-04:00,495.2257197003752,497.20012167774075,489.23405653786875,492.8603210449219,2963100,0.0,0.0
2023-07-21 00:00:00-04:00,493.6520531336223,498.8911045197887,493.1340153316583,495.0986633300781,2886800,0.0,0.0
2023-07-24 00:00:00-04:00,493.9257309029623,498.2753155116143,493.18290281926033,497.20013427734375,2279000,0.0,0.0
2023-07-25 00:00:00-04:00,498.4903788365583,500.9339591249728,495.8317622896089,499.3993835449219,2730600,0.0,0.0
2023-07-26 00:00:00-04:00,499.995640556152,504.21812469139695,495.19644521432014,496.5355224609375,3697200,0.0,0.0
2023-07-27 00:00:00-04:00,497.0926223811588,498.9790590694492,491.77538966901693,493.8280029296875,3028300,0.0,0.0
2023-07-28 00:00:00-04:00,493.80844558922956,496.02723546896897,486.0574164666994,491.56036376953125,2930000,0.0,0.0
2023-07-31 00:00:00-04:00,491.6483498317215,496.4182232866032,487.79726494374864,494.9422912597656,2441600,0.0,0.0
2023-08-01 00:00:00-04:00,496.0467207841677,498.52940632007363,491.1497771086309,493.3489990234375,2161200,0.0,0.0
2023-08-02 00:00:00-04:00,498.18734134350944,498.9497371453651,491.6385347112395,493.4076843261719,3220500,0.0,0.0
2023-08-03 00:00:00-04:00,491.5407961762191,494.58059539926006,489.73254099801943,493.46630859375,2442900,0.0,0.0
2023-08-04 00:00:00-04:00,498.4903502646712,499.3700331523076,490.42653577509566,491.3844299316406,2410500,0.0,0.0
2023-08-07 00:00:00-04:00,494.3264931392888,502.00909500979435,493.26109574606613,499.2136535644531,2430900,0.0,0.0
2023-08-08 00:00:00-04:00,491.6483451395449,496.70168220931595,488.7355867500302,494.44378662109375,2422600,0.0,0.0
2023-08-09 00:00:00-04:00,492.6257421987535,494.3167103458803,489.5761590434738,490.77838134765625,1916900,0.0,0.0
2023-08-10 00:00:00-04:00,493.0851408470755,500.48427869646065,491.43327831840924,492.11749267578125,2179700,0.0,0.0
2023-08-11 00:00:00-04:00,494.219025302013,499.145291715262,492.87016415550397,496.5453186035156,2029300,0.0,0.0
2023-08-14 00:00:00-04:00,497.65955557272514,501.91139124033856,496.77987263466815,499.3993835449219,2127200,0.0,0.0
2023-08-15 00:00:00-04:00,500.0346624942095,502.0579837748338,494.8445008249718,495.2550354003906,1817500,0.0,0.0
2023-08-16 00:00:00-04:00,496.5354793816051,498.97905949667205,491.48214257894875,492.1956787109375,1454100,0.0,0.0
2023-08-17 00:00:00-04:00,484.2980326697015,489.9182668388002,480.72062786260346,482.81231689453125,3009500,0.0,0.0
2023-08-18 00:00:00-04:00,483.61384863077745,489.63483388879564,482.3627367478685,487.1912536621094,2364400,0.0,0.0
2023-08-21 00:00:00-04:00,486.2822175173082,488.96037172726136,485.02132184982923,486.4483642578125,1533500,0.0,0.0
2023-08-22 00:00:00-04:00,484.2393891910293,485.5784662988586,480.2416659408845,481.2288818359375,2079700,0.0,0.0
2023-08-23 00:00:00-04:00,481.87397313999213,482.85140513419094,476.91838577047866,478.3943176269531,2011400,0.0,0.0
2023-08-24 00:00:00-04:00,480.3393996377596,484.2393735935613,476.21463541287744,477.0845642089844,2311100,0.0,0.0
2023-08-25 00:00:00-04:00,478.86350647898814,480.0657287683888,473.7124206633862,478.08154296875,1923500,0.0,0.0
2023-08-28 00:00:00-04:00,479.42063039709944,481.93263789171385,478.0913371443149,480.19281005859375,1344500,0.0,0.0
2023-08-29 00:00:00-04:00,480.378561868508,481.8153882680692,476.9575494723012,481.7078552246094,2113700,0.0,0.0
2023-08-30 00:00:00-04:00,482.8416080770174,485.50022422175476,479.2251276946043,480.4371337890625,2283400,0.0,0.0
2023-08-31 00:00:00-04:00,481.2484310382447,482.6755033116352,465.5411206249204,465.8245544433594,4927700,0.0,0.0
2023-09-01 00:00:00-04:00,468.1899399516784,469.80269682707643,462.67720901310105,465.4922180175781,3165000,0.0,0.0
2023-09-05 00:00:00-04:00,467.21252474265293,473.6635823052899,466.76291434707326,469.9591064453125,3443300,0.0,0.0
2023-09-06 00:00:00-04:00,471.2102526654297,472.256112204995,465.6291235470006,466.1764831542969,2596100,0.0,0.0
2023-09-07 00:00:00-04:00,469.06964044678074,476.11691725959804,467.7989906981071,473.86883544921875,2928000,0.0,0.0
2023-09-08 00:00:00-04:00,471.18025477737814,473.90809277160986,469.76727092979246,471.7493591308594,1858400,1.88,0.0
2023-09-11 00:00:00-04:00,472.9366594131085,474.7617460114617,469.03132504778995,470.38543701171875,2059200,0.0,0.0
2023-09-12 00:00:00-04:00,468.42295378258075,474.5655073774715,463.2616372503893,470.8956604003906,2195200,0.0,0.0
2023-09-13 00:00:00-04:00,472.39698595851536,474.9580304481475,470.46394760786677,470.8368225097656,2197800,0.0,0.0
2023-09-14 00:00:00-04:00,473.5744744337481,476.16492485049895,469.7967055453802,474.5262756347656,2334300,0.0,0.0
2023-09-15 00:00:00-04:00,476.62610604480057,480.62957023804137,475.05615061880366,477.568115234375,5327500,0.0,0.0
2023-09-18 00:00:00-04:00,479.2460377924736,479.5698328746735,474.52628951855763,476.94012451171875,1997500,0.0,0.0
2023-09-19 00:00:00-04:00,474.6832286795674,476.6162667998517,467.59869622271094,471.6413879394531,3230700,0.0,0.0
2023-09-20 00:00:00-04:00,473.69223103690933,485.8203077572929,470.14997932237344,482.896240234375,3724800,0.0,0.0
2023-09-21 00:00:00-04:00,484.91757268394736,495.6621310806396,483.8283839139496,491.7371826171875,4703900,0.0,0.0
2023-09-22 00:00:00-04:00,489.63730615594596,499.871601781188,488.68550498425645,496.6040954589844,4558500,0.0,0.0
2023-09-25 00:00:00-04:00,498.7236002265327,501.35330858478557,497.12417889114585,500.7056884765625,2758500,0.0,0.0
2023-09-26 00:00:00-04:00,499.39084724917393,499.8618518705466,494.91640815357056,495.9663391113281,2420200,0.0,0.0
2023-09-27 00:00:00-04:00,496.7316571499712,496.8591928164247,491.6488263239217,494.278564453125,2593700,0.0,0.0
2023-09-28 00:00:00-04:00,496.47653870369885,504.50308097252315,495.5345594684627,500.529052734375,2922000,0.0,0.0
2023-09-29 00:00:00-04:00,500.2837556889289,500.31319160496906,494.34725309766947,494.7299499511719,3006200,0.0,0.0
2023-10-02 00:00:00-04:00,496.0447997075807,505.1801448373814,493.6996585639113,504.9151916503906,3550400,0.0,0.0
2023-10-03 00:00:00-04:00,503.66901375550134,504.33624782625265,498.821699871254,499.910888671875,3143200,0.0,0.0
2023-10-04 00:00:00-04:00,499.9305038745779,502.21680319367954,497.10453610323196,501.039306640625,2801700,0.0,0.0
2023-10-05 00:00:00-04:00,502.0204874685953,508.4868658861468,501.63782059601897,506.5439758300781,2790700,0.0,0.0
2023-10-06 00:00:00-04:00,506.7598252858428,516.0815761357306,506.2986127852325,514.9629516601562,3645500,0.0,0.0
2023-10-09 00:00:00-04:00,511.3717479721951,516.9843955396503,510.48861061006176,516.6311645507812,2341600,0.0,0.0
2023-10-10 00:00:00-04:00,516.6213530725049,518.2305963521527,513.2655388302832,514.4037475585938,2455700,0.0,0.0
2023-10-11 00:00:00-04:00,511.14592323602653,515.7283428058115,510.46886736080864,514.2957153320312,2819300,0.0,0.0
2023-10-12 00:00:00-04:00,514.6293904107331,518.6623203871077,512.4510728072538,515.6793212890625,2377300,0.0,0.0
2023-10-13 00:00:00-04:00,523.2447253078632,534.2444156365601,522.0181788350366,529.2793579101562,5245400,0.0,0.0
2023-10-16 00:00:00-04:00,532.9883940400106,536.5208837543497,526.0608620774567,527.93505859375,3827600,0.0,0.0
2023-10-17 00:00:00-04:00,529.8091812319533,532.2524521164678,524.5399426065646,526.5809326171875,2586000,0.0,0.0
2023-10-18 00:00:00-04:00,532.8509688621527,533.7733341242014,525.3543629958829,526.001953125,2551400,0.0,0.0
2023-10-19 00:00:00-04:00,526.7477133358665,528.2392129100026,519.31974121567,521.6550903320312,2351200,0.0,0.0
2023-10-20 00:00:00-04:00,521.0369010036063,524.402537075648,516.8862872281952,517.1414184570312,2810800,0.0,0.0
2023-10-23 00:00:00-04:00,517.1413893102796,517.877317095078,510.52780130999406,511.7838134765625,2357700,0.0,0.0
2023-10-24 00:00:00-04:00,513.0496133398584,520.7130726595224,512.2744575948587,515.1494750976562,1978200,0.0,0.0
2023-10-25 00:00:00-04:00,517.3769401190784,522.3714037598618,510.3218424939744,520.2617797851562,2380100,0.0,0.0
2023-10-26 00:00:00-04:00,515.8363468419403,520.5168070056803,512.716020102794,518.4464111328125,2675800,0.0,0.0
2023-10-27 00:00:00-04:00,516.1209803025855,517.8381455192222,511.4797471961236,514.81591796875,2585600,0.0,0.0
2023-10-30 00:00:00-04:00,515.1495343505437,521.8415792978553,513.1281880970716,520.0458984375,2555400,0.0,0.0
2023-10-31 00:00:00-04:00,524.9619231157151,526.6103944912262,521.6453364551137,525.5114135742188,2464200,0.0,0.0
2023-11-01 00:00:00-04:00,520.0360110652982,525.7762839456602,516.9156843222627,521.6256103515625,2747400,0.0,0.0
2023-11-02 00:00:00-04:00,522.0181644849233,526.7673786487383,517.0629288489142,526.0706787109375,2350900,0.0,0.0
2023-11-03 00:00:00-04:00,524.539904997462,525.923422907461,518.8781479679103,520.9387817382812,2739500,0.0,0.0
2023-11-06 00:00:00-05:00,521.6551248621245,525.9627704399584,520.1047533542778,523.4508056640625,2684900,0.0,0.0
2023-11-07 00:00:00-05:00,525.3150827364575,529.5246282511076,521.5471657874947,527.73876953125,2604800,0.0,0.0
2023-11-08 00:00:00-05:00,529.8679658267704,531.2417215460058,524.1179315341647,526.6593017578125,1769200,0.0,0.0
2023-11-09 00:00:00-05:00,527.5130239336273,530.7609162339267,524.4515690718931,528.8867797851562,1819600,0.0,0.0
2023-11-10 00:00:00-05:00,532.497748694017,532.497748694017,525.9627358804079,531.0553588867188,2480800,0.0,0.0
2023-11-13 00:00:00-05:00,530.9964307259263,533.9401417493207,527.817172513099,532.3897705078125,1507900,0.0,0.0
2023-11-14 00:00:00-05:00,528.9162960532844,532.4879538057362,526.4435592408487,530.3194580078125,2454000,0.0,0.0
2023-11-15 00:00:00-05:00,529.9171046086728,530.3194453737909,521.7237984591144,528.307861328125,2473700,0.0,0.0
2023-11-16 00:00:00-05:00,528.3078284326431,534.6368195591614,527.3854631843913,529.69140625,2360300,0.0,0.0
2023-11-17 00:00:00-05:00,530.1330258004799,530.37833509335,518.426873531515,526.2276611328125,2676900,0.0,0.0
2023-11-20 00:00:00-05:00,523.5979637246983,526.2767819844194,521.821926802522,525.0599975585938,2518400,0.0,0.0
2023-11-21 00:00:00-05:00,527.6799005478497,531.5066893482282,524.1670549199454,529.4657592773438,2115700,0.0,0.0
2023-11-22 00:00:00-05:00,532.7822794785569,534.1855012348235,530.1231652669378,533.5574951171875,2234500,0.0,0.0
2023-11-24 00:00:00-05:00,534.7055709492522,537.3156953944314,532.6253529124745,536.8348388671875,1135000,0.0,0.0
2023-11-27 00:00:00-05:00,536.834716419213,540.553642824128,531.3692792596578,533.390625,2675800,0.0,0.0
2023-11-28 00:00:00-05:00,535.3924078517507,535.5788452978073,529.9367319286778,530.3881225585938,2859300,0.0,0.0
2023-11-29 00:00:00-05:00,520.0556581593025,531.6931156833903,518.7310120426163,524.9421997070312,4550000,0.0,0.0
2023-11-30 00:00:00-05:00,525.7370188673909,543.5464966835897,523.9904479236044,542.5946655273438,7121200,0.0,0.0
2023-12-01 00:00:00-05:00,541.9350361577121,546.1490870711518,536.7561115709767,538.7252807617188,3461700,1.88,0.0
2023-12-04 00:00:00-05:00,539.8082920100902,543.3626275299131,534.6687298193613,539.8280029296875,2709200,0.0,0.0
2023-12-05 00:00:00-05:00,540.6353141702158,544.0124918210701,536.9431223685773,541.7774658203125,2645600,0.0,0.0
2023-12-06 00:00:00-05:00,539.1190532257068,543.3724652151604,538.6661227496544,541.0587158203125,2239700,0.0,0.0
2023-12-07 00:00:00-05:00,542.8506533359468,543.0082205125974,536.1259843040806,539.8181762695312,2511700,0.0,0.0
2023-12-08 00:00:00-05:00,541.7380588982941,543.224791119776,536.1456261067287,541.2950439453125,2039900,0.0,0.0
2023-12-11 00:00:00-05:00,541.2851796952376,541.5214703581291,530.7501136166894,535.2988891601562,3655300,0.0,0.0
2023-12-12 00:00:00-05:00,537.3862176698323,539.0501679082931,534.2848124960545,537.3074340820312,2706100,0.0,0.0
2023-12-13 00:00:00-05:00,535.6139749060031,540.9504061384138,530.2873991338025,540.5467529296875,2876600,0.0,0.0
2023-12-14 00:00:00-05:00,535.9093740216608,536.5198116527467,521.2390998595888,526.0044555664062,5386800,0.0,0.0
2023-12-15 00:00:00-05:00,521.8298262327522,525.275872255044,514.8983724389952,522.9325561523438,9029700,0.0,0.0
2023-12-18 00:00:00-05:00,520.9534561137567,523.2770609583288,517.1332636974363,518.4329223632812,3260300,0.0,0.0
2023-12-19 00:00:00-05:00,516.5032395039635,519.4864994644184,513.736559300926,515.961669921875,3645600,0.0,0.0
2023-12-20 00:00:00-05:00,515.7745461620699,516.7394797985215,507.9175813888101,507.9766540527344,3847800,0.0,0.0
2023-12-21 00:00:00-05:00,510.88119921251905,512.7912955053309,508.5378833452262,511.86578369140625,2491600,0.0,0.0
2023-12-22 00:00:00-05:00,511.86582042532046,514.94757487294,510.03450758579083,512.2891845703125,1759500,0.0,0.0
2023-12-26 00:00:00-05:00,511.8658380794524,513.4411493753487,509.9852478721669,512.0135498046875,1390800,0.0,0.0
2023-12-27 00:00:00-05:00,511.73784150659327,515.0952485226161,511.3538390932265,514.73095703125,1851800,0.0,0.0
2023-12-28 00:00:00-05:00,515.4004628429676,519.7326590460891,514.8786642629746,516.8084716796875,2001000,0.0,0.0
2023-12-29 00:00:00-05:00,517.8717502086397,520.0969208544308,515.843508487075,518.3541870117188,2080100,0.0,0.0
2024-01-02 00:00:00-05:00,518.7185715383381,531.3408930919072,518.551148890257,531.02587890625,3415700,0.0,0.0
2024-01-03 00:00:00-05:00,534.668818478575,538.361010859287,531.1636995822566,533.6744384765625,2891400,0.0,0.0
2024-01-04 00:00:00-05:00,536.5985762790084,540.5369144535332,534.6294071917459,537.0120849609375,2994400,0.0,0.0
2024-01-05 00:00:00-05:00,538.5677682404116,538.5677682404116,525.5023115613403,529.0960693359375,2815400,0.0,0.0
2024-01-08 00:00:00-05:00,531.0848755975542,531.9217483411343,519.8605888461248,528.249267578125,2648900,0.0,0.0
2024-01-09 00:00:00-05:00,529.7065092905809,531.2916760574678,524.1239314930417,530.07080078125,2677000,0.0,0.0
2024-01-10 00:00:00-05:00,529.8049212129721,532.8571693681731,527.8850294198913,529.35205078125,2180000,0.0,0.0
2024-01-11 00:00:00-05:00,527.8653324841605,531.8331770684937,526.2900212034161,531.360595703125,2814100,0.0,0.0
2024-01-12 00:00:00-05:00,510.8614692801906,520.3331668070383,505.2198196562963,513.4706420898438,6325800,0.0,0.0
2024-01-16 00:00:00-05:00,515.6368594557256,516.4146597115317,508.5871995616813,511.14715576171875,3736700,0.0,0.0
2024-01-17 00:00:00-05:00,513.2442861816731,522.4796343898294,511.9839890556689,516.8478393554688,3791300,0.0,0.0
2024-01-18 00:00:00-05:00,497.4416817420537,508.87272442244097,489.79144027035653,508.38043212890625,7367000,0.0,0.0
2024-01-19 00:00:00-05:00,507.0610434592471,509.57172204392884,494.08422629620463,495.7973937988281,6141600,0.0,0.0
2024-01-22 00:00:00-05:00,496.17155286976504,505.65310712959786,488.84624123182533,505.08203125,5922900,0.0,0.0
2024-01-23 00:00:00-05:00,504.59962477564085,510.0936238581322,504.1861160558808,507.5730895996094,2672900,0.0,0.0
2024-01-24 00:00:00-05:00,509.91638215115324,513.687297855229,505.0426764218108,505.3183288574219,2918800,0.0,0.0
2024-01-25 00:00:00-05:00,480.07360272846665,487.8715260010258,471.616024598628,485.7940368652344,14671000,0.0,0.0
2024-01-26 00:00:00-05:00,485.675870589842,495.9253994658355,482.34796996926093,495.4429626464844,6212200,0.0,0.0
2024-01-29 00:00:00-05:00,495.3543502690192,498.70196199123507,493.42457284056167,496.7623291015625,4554100,0.0,0.0
2024-01-30 00:00:00-05:00,496.76227456022747,498.248976730709,491.52427778237495,495.8465881347656,4931200,0.0,0.0
2024-01-31 00:00:00-05:00,496.7327306913073,507.06101237687176,496.7327306913073,503.85125732421875,5358100,0.0,0.0
2024-02-01 00:00:00-05:00,500.9861553935378,502.35474237354765,495.24604054985315,499.3222351074219,4242600,0.0,0.0
2024-02-02 00:00:00-05:00,500.4150748506943,505.00321220420693,497.59917758798093,502.36456298828125,3804500,0.0,0.0
2024-02-05 00:00:00-05:00,502.0987263390102,506.27338524339245,492.3414898888281,495.2066345214844,3646300,0.0,0.0
2024-02-06 00:00:00-05:00,496.1715559998665,503.0636480647406,494.70453458971275,502.7978210449219,2745400,0.0,0.0
2024-02-07 00:00:00-05:00,506.0863225595331,512.9685590631664,504.78666372065146,511.3833923339844,4109100,0.0,0.0
2024-02-08 00:00:00-05:00,512.6042858868088,514.1106690780819,509.30595150949176,512.0726318359375,3343000,0.0,0.0
2024-02-09 00:00:00-05:00,510.9895030594116,512.3679454052645,508.3311128748491,510.2313537597656,2715400,0.0,0.0
2024-02-12 00:00:00-05:00,510.23138565424165,510.9895350012794,504.9048095862812,509.6603698730469,3194000,0.0,0.0
2024-02-13 00:00:00-05:00,513.9531418611325,518.8071365451749,506.2832497496717,508.88250732421875,3436000,0.0,0.0
2024-02-14 00:00:00-05:00,507.31706598706137,510.53667682988373,506.36198768474367,508.9711608886719,1918500,0.0,0.0
2024-02-15 00:00:00-05:00,509.3649951751406,513.7069865790152,507.84869651484195,512.8504028320312,2292100,0.0,0.0
2024-02-16 00:00:00-05:00,514.2485092287646,515.7155306239412,510.891102284347,513.5100708007812,2135500,0.0,0.0
2024-02-20 00:00:00-05:00,516.1290530472577,517.2711446051302,511.40299945729026,513.027587890625,2600200,0.0,0.0
2024-02-21 00:00:00-05:00,515.5973897879499,515.6171007097023,509.561881509623,513.923583984375,2095900,0.0,0.0
2024-02-22 00:00:00-05:00,516.1191957452231,518.6200186871451,510.59569124242773,518.3837280273438,3186800,0.0,0.0
2024-02-23 00:00:00-05:00,518.6299288922588,522.3221210770638,516.0798283818065,519.1123657226562,2502000,0.0,0.0
2024-02-26 00:00:00-05:00,520.1757386380393,524.5965138391766,516.2275448106955,517.2219848632812,2308900,0.0,0.0
2024-02-27 00:00:00-05:00,516.6705860729066,517.487808056822,504.1564950991207,505.50537109375,3780600,0.0,0.0
2024-02-28 00:00:00-05:00,487.8025689009846,490.8646124103115,476.9229217082407,490.5987854003906,9558600,0.0,0.0
2024-02-29 00:00:00-05:00,490.8153945290317,494.0152942927616,484.02176719392463,485.9909362792969,6833200,0.0,0.0
2024-03-01 00:00:00-05:00,481.8753832179326,482.46610990965524,469.8929760352259,481.9836730957031,7312200,0.0,0.0
2024-03-04 00:00:00-05:00,475.7906485442122,479.532088021475,472.69906855035543,474.4417724609375,5239800,0.0,0.0
2024-03-05 00:00:00-05:00,474.95378338001495,475.4559010979401,463.3652033160226,465.856201171875,5296200,0.0,0.0
2024-03-06 00:00:00-05:00,467.1262987237682,472.4036575164602,460.97264525441483,465.3146667480469,5577500,0.0,0.0
2024-03-07 00:00:00-05:00,466.6930404458302,473.7722052141695,466.29921266585114,471.39935302734375,5102000,0.0,0.0
2024-03-08 00:00:00-05:00,472.81286054969934,478.6645917014883,469.2939245087235,471.07318115234375,4672600,1.88,0.0
2024-03-11 00:00:00-04:00,471.4982325508734,484.65471121781974,470.50976665454033,483.5080871582031,4410100,0.0,0.0
2024-03-12 00:00:00-04:00,482.4998504599978,486.6019777917203,481.7288482872056,483.7057800292969,4153800,0.0,0.0
2024-03-13 00:00:00-04:00,487.82765855797425,490.27906474129094,479.7321207813583,482.371337890625,3669000,0.0,0.0
2024-03-14 00:00:00-04:00,483.0830635139071,484.03198234658834,479.5937800382079,483.3598327636719,3378500,0.0,0.0
2024-03-15 00:00:00-04:00,481.82771871211725,485.5542243240522,481.82771871211725,485.1588439941406,5712300,0.0,0.0
2024-03-18 00:00:00-04:00,486.42408298365757,486.42408298365757,480.77005674115304,481.43231201171875,2970500,0.0,0.0
2024-03-19 00:00:00-04:00,484.02211038200187,487.7486159642836,482.1637896640605,487.6300048828125,2511700,0.0,0.0
2024-03-20 00:00:00-04:00,486.78980086860406,488.8952380529672,483.79475041121583,488.5295104980469,3548200,0.0,0.0
2024-03-21 00:00:00-04:00,486.6019595327103,490.4767588746703,485.61349369875535,486.0187683105469,3693400,0.0,0.0
2024-03-22 00:00:00-04:00,489.4883460905782,490.1110542943678,484.1209531046512,484.4175109863281,2847000,0.0,0.0
2024-03-25 00:00:00-04:00,484.94137814079966,485.8112329621053,478.48669699955684,480.27581787109375,2786100,0.0,0.0
2024-03-26 00:00:00-04:00,482.49987254170895,487.6497715191793,479.63332741760547,486.63165283203125,3113300,0.0,0.0
2024-03-27 00:00:00-04:00,488.0055916337773,490.01217605916156,485.6431438240029,487.4125061035156,2653100,0.0,0.0
2024-03-28 00:00:00-04:00,489.2906378216853,490.1505983586357,483.65636992598894,488.9941101074219,3820000,0.0,0.0
2024-04-01 00:00:00-04:00,488.76672924247424,490.0616171435579,483.06329192369816,484.0517578125,2928700,0.0,0.0
2024-04-02 00:00:00-04:00,454.29892566798776,458.3318531960667,444.4142668421638,452.85577392578125,11867000,0.0,0.0
2024-04-03 00:00:00-04:00,456.67125954877474,457.51146162218737,450.2956422355931,454.43731689453125,4460400,0.0,0.0
2024-04-04 00:00:00-04:00,455.50485075556253,456.3944640079893,446.7075105205252,450.1275939941406,5182000,0.0,0.0
2024-04-05 00:00:00-04:00,445.4917185238286,452.4702856722331,444.8195689219372,450.48345947265625,5744400,0.0,0.0
2024-04-08 00:00:00-04:00,450.7107952278283,451.92661913796,448.3582415718712,450.7404479980469,4532300,0.0,0.0
2024-04-09 00:00:00-04:00,449.0402846331261,454.4570885859872,447.24126946825504,454.41754150390625,3521700,0.0,0.0
2024-04-10 00:00:00-04:00,450.23632677692575,453.44884097789003,444.5921948886725,444.85906982421875,4493500,0.0,0.0
2024-04-11 00:00:00-04:00,445.1951339800615,445.57072565158546,436.387899927122,436.6251220703125,5844100,0.0,0.0
2024-04-12 00:00:00-04:00,435.26105169907544,437.1391307936009,431.3467353530898,434.13421630859375,6042900,0.0,0.0
2024-04-15 00:00:00-04:00,436.90191532846234,443.1786796474067,436.8920210167575,440.49005126953125,5376800,0.0,0.0
2024-04-16 00:00:00-04:00,471.2708668020619,474.2165059844104,460.22971981392254,463.4817810058594,11816500,0.0,0.0
2024-04-17 00:00:00-04:00,473.07975448911156,482.3713273015577,469.11599683924123,473.4652404785156,8759800,0.0,0.0
2024-04-18 00:00:00-04:00,480.5229050224152,496.2098531223187,480.3647468676855,487.4915771484375,8880400,0.0,0.0
2024-04-19 00:00:00-04:00,491.2675758789279,501.4487630713511,489.8441825013638,495.3499450683594,6616000,0.0,0.0
2024-04-22 00:00:00-04:00,492.0385570439415,493.65965560781916,484.98092616749017,485.5641174316406,4697700,0.0,0.0
2024-04-23 00:00:00-04:00,485.33673936576815,488.60855896331714,479.37629141073046,480.57232666015625,3646700,0.0,0.0
2024-04-24 00:00:00-04:00,478.2000237923652,483.22141720642105,475.16542629104543,481.6794128417969,3724400,0.0,0.0
2024-04-25 00:00:00-04:00,483.3202804232288,491.39606013928125,481.9067814189339,488.16375732421875,4329700,0.0,0.0
2024-04-26 00:00:00-04:00,486.3252298336784,491.49491742505785,485.7321442519836,489.6365966796875,2727000,0.0,0.0
2024-04-29 00:00:00-04:00,489.9924410674594,491.6135396832357,482.14401911629767,483.3894958496094,2192100,0.0,0.0
2024-04-30 00:00:00-04:00,483.320250992792,484.06160037633947,477.02372838835566,478.1209411621094,3367500,0.0,0.0
2024-05-01 00:00:00-04:00,473.73217909473584,483.5476382877386,471.56743635040056,478.5262145996094,2729200,0.0,0.0
2024-05-02 00:00:00-04:00,478.694226191398,487.99569317918605,478.35815143240586,487.28399658203125,3561400,0.0,0.0
2024-05-03 00:00:00-04:00,485.19833228522276,487.1060943001262,480.1769390438705,486.77001953125,2487600,0.0,0.0
2024-05-06 00:00:00-04:00,486.7996857601836,489.1621035191177,486.3252112798123,488.6777648925781,2029500,0.0,0.0
2024-05-07 00:00:00-04:00,490.2790719746639,495.86389811222614,489.3301531849475,495.1818542480469,3752100,0.0,0.0
2024-05-08 00:00:00-04:00,498.3548632845469,501.15220849302136,494.31201123047606,497.4059143066406,3078900,0.0,0.0
2024-05-09 00:00:00-04:00,496.34827177788145,502.1110145890837,496.34827177788145,501.1818542480469,2342900,0.0,0.0
2024-05-10 00:00:00-04:00,503.12914991991676,507.6563406960106,501.1522180931194,506.89520263671875,2784600,0.0,0.0
2024-05-13 00:00:00-04:00,506.143946426424,508.73372222926497,501.45862776527156,505.8375244140625,2454500,0.0,0.0
2024-05-14 00:00:00-04:00,508.64481908195546,510.2164461373414,501.4487580969954,507.952880859375,2949700,0.0,0.0
2024-05-15 00:00:00-04:00,508.8919071299208,516.5624120303501,508.8919071299208,511.58050537109375,2981200,0.0,0.0
2024-05-16 00:00:00-04:00,514.0022584189568,522.0681134668936,513.5179197899722,515.2576293945312,3655800,0.0,0.0
2024-05-17 00:00:00-04:00,516.9083476779643,519.7847568317954,514.0121499006365,518.578857421875,2657200,0.0,0.0
2024-05-20 00:00:00-04:00,518.578893313514,518.578893313514,510.5821772764228,511.26422119140625,2476200,0.0,0.0
2024-05-21 00:00:00-04:00,512.3416343364357,518.6677796731159,509.9692921282003,517.5112915039062,2521900,0.0,0.0
2024-05-22 00:00:00-04:00,516.7897461588767,520.2098598727811,514.6447920607193,515.336669921875,2299100,0.0,0.0
2024-05-23 00:00:00-04:00,512.3416093455194,514.2295525096808,509.2872234262403,510.8688049316406,3055400,0.0,0.0
2024-05-24 00:00:00-04:00,510.1571070974862,511.1752559053637,501.66618887056757,502.3087158203125,2527800,0.0,0.0
2024-05-28 00:00:00-04:00,500.8062589437807,500.8062589437807,496.1110457618202,497.8705139160156,2912800,0.0,0.0
2024-05-29 00:00:00-04:00,486.6612860613392,488.2032904155756,467.8112345549931,479.1291809082031,7521600,0.0,0.0
2024-05-30 00:00:00-04:00,476.75688993166415,480.4240900497117,472.4867099161126,476.0946044921875,5170500,0.0,0.0
2024-05-31 00:00:00-04:00,476.8458321052516,492.6612862951857,476.8458321052516,489.6563415527344,6694800,0.0,0.0
2024-06-03 00:00:00-04:00,488.4306340711723,492.9281416112434,487.3828626860272,491.70245361328125,2795100,0.0,0.0
2024-06-04 00:00:00-04:00,492.8095456399407,502.40754086735035,488.8853348983142,499.65960693359375,3178400,0.0,0.0
2024-06-05 00:00:00-04:00,502.83261214547593,503.22799246980276,493.046775666272,497.31695556640625,2464400,0.0,0.0
2024-06-06 00:00:00-04:00,497.8408555965562,498.87876291403774,491.54433249972817,496.1308288574219,2419600,0.0,0.0
2024-06-07 00:00:00-04:00,496.24942846125293,497.0599475727203,484.76345953949345,485.03033447265625,3416300,0.0,0.0
2024-06-10 00:00:00-04:00,485.33672503847066,489.6761045340787,480.5822067848435,489.29058837890625,3332800,0.0,0.0
2024-06-11 00:00:00-04:00,485.1983585883474,492.0385559088548,484.6349559495738,490.4965515136719,4599700,0.0,0.0
2024-06-12 00:00:00-04:00,494.2329347713469,494.2329347713469,481.79804740535695,487.38287353515625,4048200,0.0,0.0
2024-06-13 00:00:00-04:00,484.62506705812604,496.20988877560626,478.79312419925895,491.5640869140625,4951700,0.0,0.0
2024-06-14 00:00:00-04:00,491.09950587269924,492.10776040909184,486.05835385307887,491.38616943359375,3188400,0.0,0.0
2024-06-17 00:00:00-04:00,487.7232319625313,489.50010041475116,485.11256371014275,485.638671875,2407200,2.1,0.0
2024-06-18 00:00:00-04:00,487.1077990081842,488.05083738778944,475.5234828360736,477.5187072753906,3692700,0.0,0.0
2024-06-20 00:00:00-04:00,476.51616271047595,482.35300404370093,474.60030730327867,480.9632568359375,5258100,0.0,0.0
2024-06-21 00:00:00-04:00,480.88384998951176,484.7155001575571,477.0621058143584,479.04742431640625,6776000,0.0,0.0
2024-06-24 00:00:00-04:00,485.27140537847913,487.2865328165442,480.94342542024884,486.3832092285156,5139800,0.0,0.0
2024-06-25 00:00:00-04:00,487.038332016437,487.038332016437,477.07202501097737,480.9433898925781,3209900,0.0,0.0
2024-06-26 00:00:00-04:00,480.9434006558089,483.8618212380716,477.93564437738166,480.4867858886719,3153100,0.0,0.0
2024-06-27 00:00:00-04:00,481.4893298047991,485.3905034592877,478.5113522235876,482.869140625,2991900,0.0,0.0
2024-06-28 00:00:00-04:00,492.7262452561028,505.660593499088,485.8173456642458,505.5216369628906,22734200,0.0,0.0
2024-07-01 00:00:00-04:00,503.030073326094,505.1742209344522,489.2718307060741,491.0188903808594,4523100,0.0,0.0
2024-07-02 00:00:00-04:00,490.63175522789976,494.8108420572771,489.76814655442485,494.58251953125,3312000,0.0,0.0
2024-07-03 00:00:00-04:00,493.4707607381195,494.42370513442734,482.9485666459316,486.2938537597656,2239200,0.0,0.0
2024-07-05 00:00:00-04:00,485.41036577068564,486.07546078710243,480.9433992145137,484.4276428222656,3499000,0.0,0.0
2024-07-08 00:00:00-04:00,485.5990014520285,490.25457595475405,482.6011812960232,485.7478942871094,3450600,0.0,0.0
2024-07-09 00:00:00-04:00,484.74527732983046,491.76338548484784,482.52173030786696,488.4975280761719,3056800,0.0,0.0
2024-07-10 00:00:00-04:00,487.3361510688813,497.81863067924075,486.52216318595106,497.2528076171875,3189800,0.0,0.0
2024-07-11 00:00:00-04:00,494.04653910003094,504.99556982041275,494.04653910003094,500.6576232910156,3535100,0.0,0.0
2024-07-12 00:00:00-04:00,503.19881897163185,510.7926558529605,499.7344177366239,507.77496337890625,3570600,0.0,0.0
2024-07-15 00:00:00-04:00,520.391643635562,526.9332943505078,510.02827927716237,511.5867614746094,5128000,0.0,0.0
2024-07-16 00:00:00-04:00,529.980801357498,545.8831614497108,523.2604788021366,544.8408813476562,11062000,0.0,0.0
2024-07-17 00:00:00-04:00,549.9332171428207,569.399250233991,547.2530250862546,569.0717163085938,10330800,0.0,0.0
2024-07-18 00:00:00-04:00,560.3561254758333,577.2313320889231,557.2987181368356,560.1973266601562,6834800,0.0,0.0
2024-07-19 00:00:00-04:00,562.9568919030736,565.7165136160143,557.4178364920307,561.1800537109375,4290400,0.0,0.0
2024-07-22 00:00:00-04:00,558.9167712273997,560.1079744291197,552.9906246648326,554.4299926757812,3377300,0.0,0.0
2024-07-23 00:00:00-04:00,554.6880553050772,554.7377367385935,548.7519722194729,550.6281127929688,2785600,0.0,0.0
2024-07-24 00:00:00-04:00,555.8891560127289,557.0108657637948,548.9604141345882,555.6409912109375,3156200,0.0,0.0
2024-07-25 00:00:00-04:00,557.8745099809735,565.7066061655638,554.4796322404989,555.571533203125,3102900,0.0,0.0
2024-07-26 00:00:00-04:00,555.889162241764,574.8787379345988,555.889162241764,565.5377807617188,3201900,0.0,0.0
2024-07-29 00:00:00-04:00,561.5572558563872,567.1558076783746,557.6362399128391,562.589599609375,2965000,0.0,0.0
2024-07-30 00:00:00-04:00,562.7385350418886,575.1765235408463,561.8351812245295,572.0993041992188,4139100,0.0,0.0
2024-07-31 00:00:00-04:00,561.2892037321977,576.6357363178786,558.1921119675309,571.9304809570312,4713200,0.0,0.0
2024-08-01 00:00:00-04:00,572.9629026754881,583.187280323742,562.9370083976568,568.5654296875,3680800,0.0,0.0
2024-08-02 00:00:00-04:00,578.0552994890784,587.1976527454242,571.0272547736263,585.500244140625,5094000,0.0,0.0
2024-08-05 00:00:00-04:00,577.846771280186,582.5122816587872,562.5995404398769,565.7760620117188,4587400,0.0,0.0
2024-08-06 00:00:00-04:00,564.0389301975171,573.2805853250702,558.400632968519,564.1778564453125,3216500,0.0,0.0
2024-08-07 00:00:00-04:00,562.4506384397162,567.4536797940003,552.9410065262578,561.924560546875,4320700,0.0,0.0
2024-08-08 00:00:00-04:00,560.2270452063013,568.2477481824043,560.2270452063013,562.0833129882812,2860800,0.0,0.0
2024-08-09 00:00:00-04:00,560.3958028295582,561.7756136581515,553.5365544174418,554.6582641601562,2976700,0.0,0.0
2024-08-12 00:00:00-04:00,558.1921509639891,564.8231074150337,556.9314543416368,561.1403198242188,2532400,0.0,0.0
2024-08-13 00:00:00-04:00,565.8057956578631,571.5036496505156,564.8230727647405,570.0245971679688,2369400,0.0,0.0
2024-08-14 00:00:00-04:00,571.017321528061,576.8541630129297,569.0618118043213,575.414794921875,2344400,0.0,0.0
2024-08-15 00:00:00-04:00,575.4147207005816,579.0578234556162,569.2999669079345,575.3551635742188,2751800,0.0,0.0
2024-08-16 00:00:00-04:00,576.6555983873324,577.3802808438967,569.885654986777,573.4393920898438,2728900,0.0,0.0
2024-08-19 00:00:00-04:00,573.8364374896145,579.0180893432123,572.8338420208182,574.5313110351562,1847900,0.0,0.0
2024-08-20 00:00:00-04:00,575.5933974338191,579.5243495716552,571.2753542645771,576.3875732421875,1677500,0.0,0.0
2024-08-21 00:00:00-04:00,577.24128831852,579.1074925495309,573.1912216270588,573.8265380859375,2844300,0.0,0.0
2024-08-22 00:00:00-04:00,574.9978792148873,578.6707306125778,566.4312249115101,574.4717407226562,2282000,0.0,0.0
2024-08-23 00:00:00-04:00,576.7350554663799,580.9141729464395,574.2037863592949,580.2192993164062,2376400,0.0,0.0
2024-08-26 00:00:00-04:00,583.733236833827,587.7436188214864,581.440196480205,582.8200073242188,1800000,0.0,0.0
2024-08-27 00:00:00-04:00,585.1427626383983,587.9917501515478,579.4945902137159,583.038330078125,1581900,0.0,0.0
2024-08-28 00:00:00-04:00,584.686185806099,588.4880873811231,579.583903145439,584.2196044921875,1657000,0.0,0.0
2024-08-29 00:00:00-04:00,586.3439357530842,588.2597607607433,580.0802585522737,587.2274169921875,1953200,0.0,0.0
2024-08-30 00:00:00-04:00,585.6689487113381,588.9050275117149,582.2840073779627,585.8674926757812,2944700,0.0,0.0
2024-09-03 00:00:00-04:00,588.1704631202363,596.2506631618965,587.4755895456268,594.2852172851562,3175500,0.0,0.0
2024-09-04 00:00:00-04:00,595.595564550957,603.4772816119992,593.4911317365127,599.744873046875,2935000,0.0,0.0
2024-09-05 00:00:00-04:00,599.7548000129499,601.5515108479386,585.341368186935,591.11865234375,2144800,0.0,0.0
2024-09-06 00:00:00-04:00,591.4958785573544,596.201073836542,587.9123931081807,592.4984741210938,2926400,0.0,0.0
2024-09-09 00:00:00-04:00,593.9278840667579,595.0793421274482,571.0471006898715,589.7388305664062,3411400,0.0,0.0
2024-09-10 00:00:00-04:00,590.8407248827724,600.3602930145313,586.8105308134728,594.6326904296875,2863500,0.0,0.0
2024-09-11 00:00:00-04:00,584.8152687824747,587.0586883188708,574.7198808686923,585.4207763671875,3563600,0.0,0.0
2024-09-12 00:00:00-04:00,584.2097634634275,586.1752093433813,578.9288091097155,584.1005249023438,3395800,0.0,0.0
2024-09-13 00:00:00-04:00,586.741068991029,593.2925960578272,582.9192943794677,589.957275390625,2241900,0.0,0.0
2024-09-16 00:00:00-04:00,592.726572058758,596.5020690072042,585.5142450110942,586.8889770507812,2548600,2.1,0.0
2024-09-17 00:00:00-04:00,583.770938780384,584.4781870459,574.1877004618622,575.751708984375,3416000,0.0,0.0
2024-09-18 00:00:00-04:00,574.6558995641345,582.2866660308667,570.1232965156134,578.4314575195312,2988300,0.0,0.0
2024-09-19 00:00:00-04:00,581.489667204643,582.595472276238,572.3846359369088,574.8651123046875,2945700,0.0,0.0
2024-09-20 00:00:00-04:00,569.5156603537499,576.6283944286406,567.4735051557421,572.8030395507812,5398700,0.0,0.0
2024-09-23 00:00:00-04:00,574.2873039583018,577.2160730684463,569.8144693381378,571.2190551757812,2386100,0.0,0.0
2024-09-24 00:00:00-04:00,568.6390113829656,575.1042045846888,563.8374204006341,572.9923095703125,3188500,0.0,0.0
2024-09-25 00:00:00-04:00,575.6620693462316,578.8896802253943,570.8903928677107,574.1080322265625,2658800,0.0,0.0
2024-09-26 00:00:00-04:00,572.8030460133152,574.3969084292664,568.7286462896825,572.61376953125,2751900,0.0,0.0
2024-09-27 00:00:00-04:00,575.4727809022713,584.4683080747317,574.3869796461152,579.6268310546875,2986200,0.0,0.0
2024-09-30 00:00:00-04:00,581.2705607670295,584.1793869943074,576.5287380665644,582.446044921875,3009700,0.0,0.0
2024-10-01 00:00:00-04:00,582.7648057867148,586.4506808213114,578.5509874168811,581.0712890625,2648400,0.0,0.0
2024-10-02 00:00:00-04:00,601.9512281056947,602.2102444152436,582.0176734137387,590.046875,3667000,0.0,0.0
2024-10-03 00:00:00-04:00,588.3533913803373,590.963376058601,582.1372428091454,590.4852294921875,2645800,0.0,0.0
2024-10-04 00:00:00-04:00,589.867601480009,593.8523183267544,586.191697756808,588.941162109375,2462600,0.0,0.0
2024-10-07 00:00:00-04:00,586.5403199420612,590.1763982849591,581.1012205098971,581.330322265625,2591100,0.0,0.0
2024-10-08 00:00:00-04:00,585.813131848725,586.9587622376332,577.3456087364799,579.35791015625,2231400,0.0,0.0
2024-10-09 00:00:00-04:00,579.9356180114072,590.5349785917336,578.3915525137913,588.9609985351562,2207700,0.0,0.0
2024-10-10 00:00:00-04:00,592.9059297567817,596.6615448024552,590.4951931140879,595.4163208007812,2143200,0.0,0.0
2024-10-11 00:00:00-04:00,594.2109165058444,599.2217270265254,593.9220464288683,595.7649536132812,1909700,0.0,0.0
2024-10-14 00:00:00-04:00,596.820907959829,606.3045534328749,595.0975373945624,603.0869140625,2447100,0.0,0.0
2024-10-15 00:00:00-04:00,549.9108460266513,567.523286492741,540.9252904378909,554.1644897460938,11939400,0.0,0.0
2024-10-16 00:00:00-04:00,554.8817786826845,573.9785166730484,552.9989854267741,569.1570434570312,5103900,0.0,0.0
2024-10-17 00:00:00-04:00,558.4381210798689,567.2941074528051,556.585181664167,563.8673095703125,5588700,0.0,0.0
2024-10-18 00:00:00-04:00,564.6841295545521,568.7685005702357,560.8886894069971,567.43359375,3687000,0.0,0.0
2024-10-21 00:00:00-04:00,567.463534862332,577.0667169560322,566.5271239809637,569.2864990234375,3018000,0.0,0.0
2024-10-22 00:00:00-04:00,565.6802874334315,570.8504594842544,563.3293193090901,567.6826171875,2593800,0.0,0.0
2024-10-23 00:00:00-04:00,569.9439770210823,571.9463068235652,557.8603191720042,562.4826049804688,2911900,0.0,0.0
2024-10-24 00:00:00-04:00,562.8312579508075,569.5156420514551,558.1691467445225,558.667236328125,2590200,0.0,0.0
2024-10-25 00:00:00-04:00,563.9967553702502,569.3163787327896,561.456510722646,562.4028930664062,2513700,0.0,0.0
2024-10-28 00:00:00-04:00,564.0864729876993,566.1585427518743,560.6596141016208,563.080322265625,1826500,0.0,0.0
2024-10-29 00:00:00-04:00,560.6695437643403,565.5109597309057,558.5177628001233,559.982177734375,2600300,0.0,0.0
2024-10-30 00:00:00-04:00,559.1055328069915,568.1309132296687,558.8066912304687,560.8090209960938,2323600,0.0,0.0
2024-10-31 00:00:00-04:00,558.7369759288428,566.2780595176166,558.7369759288428,562.3431396484375,2490000,0.0,0.0
2024-11-01 00:00:00-04:00,562.9607389741227,568.1508540738189,561.7454296336425,565.3914184570312,2548300,0.0,0.0
2024-11-04 00:00:00-05:00,564.5745526267519,566.4175205056644,553.2977975345988,555.6388549804688,2656600,0.0,0.0
2024-11-05 00:00:00-05:00,556.1469573222693,566.5669529227333,552.2817771318021,564.863525390625,2608100,0.0,0.0
2024-11-06 00:00:00-05:00,601.592630013256,603.1864923775356,588.5924430966709,594.41015625,6591300,0.0,0.0
2024-11-07 00:00:00-05:00,596.4024771649149,605.3182924101379,593.8722040999317,603.1366577148438,5254300,0.0,0.0
2024-11-08 00:00:00-05:00,606.6731145690972,617.4318374454002,602.8876458832434,613.4570922851562,3875800,0.0,0.0
2024-11-11 00:00:00-05:00,614.5429512418089,628.3200653170834,611.574295984625,622.8610229492188,3003200,0.0,0.0
2024-11-12 00:00:00-05:00,617.2126847287383,622.0939260030653,611.4348579132343,612.3214111328125,2809400,0.0,0.0
2024-11-13 00:00:00-05:00,610.6578158788722,610.6677873986341,600.7557927455936,603.5550537109375,3409400,0.0,0.0
2024-11-14 00:00:00-05:00,601.1741534833437,603.6845443123551,586.7395278204243,590.8836669921875,3079200,0.0,0.0
2024-11-15 00:00:00-05:00,589.6583499791401,596.6415756026674,587.6959062234808,589.9671630859375,3423900,0.0,0.0
2024-11-18 00:00:00-05:00,587.1878752040337,591.8699296452811,583.0836217283752,587.3970947265625,2577100,0.0,0.0
2024-11-19 00:00:00-05:00,580.49346447164,584.5977783615618,574.5662473813603,574.7953491210938,3198300,0.0,0.0
2024-11-20 00:00:00-05:00,580.4835616065799,600.3374043327883,579.3279597689269,598.20556640625,3928600,0.0,0.0
2024-11-21 00:00:00-05:00,597.7075117710442,601.6922285161845,594.4499863752673,595.2070922851562,2722900,0.0,0.0
2024-11-22 00:00:00-05:00,596.2729857691207,598.9626816172668,586.420759446317,588.6123657226562,3197900,0.0,0.0
2024-11-25 00:00:00-05:00,595.2967804295272,607.5099470897067,592.7365926018982,603.5152587890625,5146200,0.0,0.0
2024-11-26 00:00:00-05:00,605.9160296241207,606.1451313845334,596.5918068623564,604.4715576171875,2693600,0.0,0.0
2024-11-27 00:00:00-05:00,608.6953800462886,615.0908332155625,604.3819072679667,606.0554809570312,2269800,0.0,0.0
2024-11-29 00:00:00-05:00,606.4738551408609,613.4272269621441,604.3021918872973,607.8685302734375,2010800,0.0,0.0
2024-12-02 00:00:00-05:00,611.6539884886568,611.6539884886568,598.4745579978784,606.1949462890625,3364900,0.0,0.0
2024-12-03 00:00:00-05:00,608.5160023623235,613.3973044611947,602.5090737748694,602.91748046875,2329900,0.0,0.0
2024-12-04 00:00:00-05:00,608.6854003415343,620.4502736062433,604.6508261646666,608.4562377929688,4147600,0.0,0.0
2024-12-05 00:00:00-05:00,603.325954171487,606.6631299986327,571.6972662023405,576.7578125,5943700,0.0,0.0
2024-12-06 00:00:00-05:00,579.8858081061877,579.8858081061877,542.0609164207237,547.5199584960938,13003600,0.0,0.0
2024-12-09 00:00:00-05:00,552.0,562.97998046875,544.6400146484375,560.6199951171875,7684700,2.1,0.0
2024-12-10 00:00:00-05:00,562.0,567.75,557.030029296875,565.1900024414062,5360600,0.0,0.0
2024-12-11 00:00:00-05:00,555.6599731445312,558.0999755859375,532.6699829101562,533.530029296875,10363000,0.0,0.0
2024-12-12 00:00:00-05:00,531.530029296875,534.0,514.1900024414062,515.760009765625,9403800,0.0,0.0
2024-12-13 00:00:00-05:00,515.6400146484375,527.530029296875,510.7200012207031,520.47998046875,8202900,0.0,0.0
2024-12-16 00:00:00-05:00,518.0,521.7000122070312,496.0799865722656,498.5,8880000,0.0,0.0
2024-12-17 00:00:00-05:00,487.0,495.6000061035156,475.82000732421875,485.5199890136719,14132700,0.0,0.0
2024-12-18 00:00:00-05:00,488.42999267578125,506.5400085449219,486.0,499.7200012207031,10147600,0.0,0.0
2024-12-19 00:00:00-05:00,500.1400146484375,503.6499938964844,486.239990234375,489.25,7418100,0.0,0.0
2024-12-20 00:00:00-05:00,489.2900085449219,502.6400146484375,488.7300109863281,500.1300048828125,10956900,0.0,0.0
2024-12-23 00:00:00-05:00,500.760009765625,508.7799987792969,499.04998779296875,506.3399963378906,4286000,0.0,0.0
2024-12-24 00:00:00-05:00,504.3999938964844,506.1000061035156,500.5899963378906,506.1000061035156,1824400,0.0,0.0
2024-12-26 00:00:00-05:00,505.6499938964844,512.219970703125,504.7300109863281,511.1499938964844,3387000,0.0,0.0
2024-12-27 00:00:00-05:00,509.4200134277344,513.1799926757812,507.79998779296875,509.989990234375,3471800,0.0,0.0
2024-12-30 00:00:00-05:00,506.8599853515625,509.7300109863281,500.6600036621094,507.79998779296875,5408600,0.0,0.0
2024-12-31 00:00:00-05:00,509.3500061035156,511.0,503.3399963378906,505.8599853515625,4214000,0.0,0.0
2025-01-02 00:00:00-05:00,508.0,512.1099853515625,503.2900085449219,504.510009765625,4234900,0.0,0.0
2025-01-03 00:00:00-05:00,506.3500061035156,516.2899780273438,505.3800048828125,513.0,3019500,0.0,0.0
2025-01-06 00:00:00-05:00,513.0,520.2999877929688,509.82000732421875,513.6699829101562,4444800,0.0,0.0
2025-01-07 00:00:00-05:00,518.8499755859375,519.5,511.2200012207031,514.25,3914500,0.0,0.0
2025-01-08 00:00:00-05:00,514.5,524.6699829101562,509.510009765625,524.52001953125,4141700,0.0,0.0
2025-01-10 00:00:00-05:00,526.6400146484375,535.4500122070312,518.469970703125,520.6900024414062,5467500,0.0,0.0
2025-01-13 00:00:00-05:00,535.0399780273438,547.4000244140625,533.1400146484375,541.1400146484375,6472500,0.0,0.0
2025-01-14 00:00:00-05:00,539.6500244140625,544.5499877929688,536.5499877929688,543.739990234375,3978300,0.0,0.0
2025-01-15 00:00:00-05:00,537.0999755859375,546.2899780273438,534.3300170898438,543.4199829101562,4103900,0.0,0.0
2025-01-16 00:00:00-05:00,530.3499755859375,539.8400268554688,510.0,510.5899963378906,9059900,0.0,0.0
2025-01-17 00:00:00-05:00,505.6199951171875,521.8200073242188,502.79998779296875,509.760009765625,7495700,0.0,0.0
2025-01-21 00:00:00-05:00,514.0499877929688,525.0,512.8200073242188,524.989990234375,5682100,0.0,0.0
2025-01-22 00:00:00-05:00,521.6599731445312,524.4400024414062,516.0,519.719970703125,3756100,0.0,0.0
2025-01-23 00:00:00-05:00,527.8699951171875,531.47998046875,519.3200073242188,529.77001953125,4580800,0.0,0.0
2025-01-24 00:00:00-05:00,528.1099853515625,534.6300048828125,524.510009765625,532.510009765625,3671200,0.0,0.0
2025-01-27 00:00:00-05:00,539.97998046875,551.9099731445312,539.97998046875,543.52001953125,4263000,0.0,0.0
2025-01-28 00:00:00-05:00,543.010009765625,546.5,537.8400268554688,542.47998046875,3162700,0.0,0.0
2025-01-29 00:00:00-05:00,541.72998046875,543.47998046875,534.010009765625,538.0999755859375,2737600,0.0,0.0
2025-01-30 00:00:00-05:00,539.469970703125,547.1099853515625,535.0,545.5700073242188,2924700,0.0,0.0
2025-01-31 00:00:00-05:00,543.239990234375,549.1599731445312,541.4099731445312,542.489990234375,2075013,0.0,0.0
