Date,Open,High,Low,Close,Volume,Dividends,Stock Splits
2022-01-03 00:00:00-05:00,18.70824985683337,18.70824985683337,18.612445235624698,18.69083023071289,34800,0.0,0.0
2022-01-04 00:00:00-05:00,18.647274676172994,18.6646942946796,18.516630859825966,18.621145248413086,23900,0.0,0.0
2022-01-05 00:00:00-05:00,18.595018510876375,18.67340513726754,18.49050245527937,18.49921226501465,20400,0.0,0.0
2022-01-06 00:00:00-05:00,18.638567153011987,18.638567153011987,18.490503699997802,18.52534294128418,7200,0.0,0.0
2022-01-07 00:00:00-05:00,18.525349711031698,18.55147749031794,18.507930084022828,18.534059524536133,9800,0.0,0.0
2022-01-10 00:00:00-05:00,18.560182100083228,18.603731155395508,18.48179546174773,18.603731155395508,10300,0.0,0.0
2022-01-11 00:00:00-05:00,18.60373424540977,18.65599145923764,18.60373424540977,18.647281646728516,28100,0.0,0.0
2022-01-12 00:00:00-05:00,18.612444057918893,18.716958485574636,18.58631462039152,18.647281646728516,25200,0.0,0.0
2022-01-13 00:00:00-05:00,18.690823116608563,18.690823116608563,18.595018531865048,18.62985610961914,8800,0.0,0.0
2022-01-14 00:00:00-05:00,18.629865705883347,18.629865705883347,18.507931629096124,18.61244773864746,7500,0.0,0.0
2022-01-18 00:00:00-05:00,18.5427626701307,18.5427626701307,18.107282118868557,18.168249130249023,21400,0.0,0.0
2022-01-19 00:00:00-05:00,18.316312922732084,18.377279935239617,18.17695927665015,18.22050666809082,13100,0.0,0.0
2022-01-20 00:00:00-05:00,18.36857499587624,18.36857499587624,18.115995407104492,18.115995407104492,27400,0.0,0.0
2022-01-21 00:00:00-05:00,18.34409505835798,18.34409505835798,17.443931613287457,17.609981536865234,96400,0.071,0.0
2022-01-24 00:00:00-05:00,17.321577531639498,17.54880327291924,17.199225850533725,17.382753372192383,104300,0.0,0.0
2022-01-25 00:00:00-05:00,17.461408375469468,18.326613114767508,17.365275626825213,17.96829605102539,59100,0.0,0.0
2022-01-26 00:00:00-05:00,17.7935029458127,18.003249336105746,17.7935029458127,17.87215805053711,47200,0.0,0.0
2022-01-27 00:00:00-05:00,17.95954704284668,17.994505600065246,17.793498896805758,17.95954704284668,25100,0.0,0.0
2022-01-28 00:00:00-05:00,17.959550377069252,17.959550377069252,17.80224184112836,17.898374557495117,35900,0.0,0.0
2022-01-31 00:00:00-05:00,17.95081762425524,17.95955560080789,17.82846428260306,17.924598693847656,23400,0.0,0.0
2022-02-01 00:00:00-05:00,17.915859854772467,17.994514982610163,17.71485304670574,17.96829605102539,43300,0.0,0.0
2022-02-02 00:00:00-05:00,17.977026321455963,18.020724517979172,17.898371234629945,17.95954704284668,13200,0.0,0.0
2022-02-03 00:00:00-05:00,17.671154194329745,17.87216266211198,17.548802518483956,17.66241455078125,62600,0.0,0.0
2022-02-04 00:00:00-05:00,17.671149867573416,17.758544614743307,17.65367225167236,17.688629150390625,23200,0.0,0.0
2022-02-07 00:00:00-05:00,17.97704289233921,18.003261834421238,17.872170457845684,17.907127380371094,13900,0.0,0.0
2022-02-08 00:00:00-05:00,17.863421514713345,17.880899133422396,17.71485092072964,17.810983657836914,11100,0.0,0.0
2022-02-09 00:00:00-05:00,17.758548049917724,17.88089971947332,17.74106876371936,17.793506622314453,25200,0.0,0.0
2022-02-10 00:00:00-05:00,17.80225077784186,17.81098875623942,17.697376700985178,17.75855255126953,17600,0.0,0.0
2022-02-11 00:00:00-05:00,17.793508300613205,17.793508300613205,17.50510671880382,17.636198043823242,14100,0.0,0.0
2022-02-14 00:00:00-05:00,17.627459394658004,17.636199039074715,17.478888773407373,17.51384735107422,30200,0.0,0.0
2022-02-15 00:00:00-05:00,17.557541065121622,17.74980821042687,17.426449753917296,17.54880142211914,21700,0.0,0.0
2022-02-16 00:00:00-05:00,17.374012985944503,17.56628181022912,17.374012985944503,17.50510597229004,24300,0.0,0.0
2022-02-17 00:00:00-05:00,17.50598311667686,17.716477381402665,17.50598311667686,17.576148986816406,19100,0.071,0.0
2022-02-18 00:00:00-05:00,17.62000364285393,17.681397115648032,17.54983943496829,17.567380905151367,20700,0.0,0.0
2022-02-22 00:00:00-05:00,17.593683824735724,17.628766749921382,17.40073275475243,17.47966766357422,19500,0.0,0.0
2022-02-23 00:00:00-05:00,17.58491902351299,17.58491902351299,17.155163082139897,17.216556549072266,13200,0.0,0.0
2022-02-24 00:00:00-05:00,17.21655408743215,17.462129592895508,17.21655408743215,17.462129592895508,31800,0.0,0.0
2022-02-25 00:00:00-05:00,17.3656547220906,17.628771716574647,17.356885661169574,17.576148986816406,33800,0.0,0.0
2022-02-28 00:00:00-05:00,17.76032801488621,18.102378241343573,17.532293972965867,18.067296981811523,30800,0.0,0.0
2022-03-01 00:00:00-05:00,18.19885973394647,18.698779950548793,18.067302046342714,18.593534469604492,98400,0.0,0.0
2022-03-02 00:00:00-05:00,18.593529935328085,18.6373819295532,17.865575790405273,17.865575790405273,42900,0.0,0.0
2022-03-03 00:00:00-05:00,18.409350728494854,18.418121463266573,18.058529701859097,18.24271011352539,14200,0.0,0.0
2022-03-04 00:00:00-05:00,18.39181181340126,18.81279877668191,18.286566327216228,18.602304458618164,46700,0.0,0.0
2022-03-07 00:00:00-05:00,18.593532836503883,18.593532836503883,18.242710136578193,18.374269485473633,19900,0.0,0.0
2022-03-08 00:00:00-05:00,18.400578379908023,18.663695381443226,18.304103651573595,18.43566131591797,13800,0.0,0.0
2022-03-09 00:00:00-05:00,18.619839414330716,18.75139706244503,18.619839414330716,18.698774337768555,6600,0.0,0.0
2022-03-10 00:00:00-05:00,18.698773063902944,18.698773063902944,18.400574856307436,18.497051239013672,7900,0.0,0.0
2022-03-11 00:00:00-05:00,18.54967886387668,18.60230159887948,18.461973190307617,18.461973190307617,7300,0.0,0.0
2022-03-14 00:00:00-04:00,18.891733727744104,18.891733727744104,18.558452451515542,18.602304458618164,9500,0.0,0.0
2022-03-15 00:00:00-04:00,18.751393893221344,19.295167532461114,18.575984282997464,18.95311737060547,33800,0.0,0.0
2022-03-16 00:00:00-04:00,18.786479329574178,19.189922992566164,18.304100745936598,18.532133102416992,14400,0.0,0.0
2022-03-17 00:00:00-04:00,18.435657079819066,18.716313812024186,18.304099445703677,18.418115615844727,10100,0.0,0.0
2022-03-18 00:00:00-04:00,18.40058008839416,18.593532908671527,18.00590705871582,18.00590705871582,13000,0.0,0.0
2022-03-21 00:00:00-04:00,18.418125021308512,18.628617677953265,17.57615439472951,17.66385841369629,18000,0.0,0.0
2022-03-22 00:00:00-04:00,17.69016835575776,17.9708251953125,17.576152142006165,17.9708251953125,48600,0.0,0.0
2022-03-23 00:00:00-04:00,17.97170036584469,18.28853793080976,17.75167465209961,17.75167465209961,10400,0.071,0.0
2022-03-24 00:00:00-04:00,17.90129057098567,18.587771339543234,17.681264877319336,17.681264877319336,11300,0.0,0.0
2022-03-25 00:00:00-04:00,17.839681946123463,18.10371208190918,17.487641205521623,18.10371208190918,17200,0.0,0.0
2022-03-28 00:00:00-04:00,17.936494104531132,18.446953655099183,17.874887177875774,17.945295333862305,4400,0.0,0.0
2022-03-29 00:00:00-04:00,18.112516141151865,18.138919830322266,17.945296133731848,18.138919830322266,13300,0.0,0.0
2022-03-30 00:00:00-04:00,18.2181284071401,18.2181284071401,17.874887177875774,17.945295333862305,15800,0.0,0.0
2022-03-31 00:00:00-04:00,18.024507557197047,18.15652266062514,17.910094915202865,17.98050308227539,18000,0.0,0.0
2022-04-01 00:00:00-04:00,18.15652592489504,18.15652592489504,18.015709565433333,18.07731819152832,8500,0.0,0.0
2022-04-04 00:00:00-04:00,18.44695577730461,18.834201519112117,18.226930054701285,18.61417579650879,17900,0.0,0.0
2022-04-05 00:00:00-04:00,19.344657151024684,19.362259608092906,17.839682323608283,17.87488555908203,38700,0.0,0.0
2022-04-06 00:00:00-04:00,18.385351735520764,18.385351735520764,17.7868814073161,17.822086334228516,17300,0.0,0.0
2022-04-07 00:00:00-04:00,17.980507250793742,18.042114201431982,17.66366958618164,17.66366958618164,18900,0.0,0.0
2022-04-08 00:00:00-04:00,17.725266223974586,17.866082508836673,17.55804793486494,17.71646499633789,16800,0.0,0.0
2022-04-11 00:00:00-04:00,17.725273506565756,17.734074737818517,17.32042694091797,17.32042694091797,18300,0.0,0.0
2022-04-12 00:00:00-04:00,17.725267997988038,17.734069226505596,17.47003908562966,17.540447235107422,18400,0.0,0.0
2022-04-13 00:00:00-04:00,17.452441829430832,17.690070034230114,17.452441829430832,17.56685447692871,11900,0.0,0.0
2022-04-14 00:00:00-04:00,17.725267246850446,17.734068474995038,17.514042807368142,17.593252182006836,5900,0.0,0.0
2022-04-18 00:00:00-04:00,17.734072055482322,17.734072055482322,17.478843102409282,17.619659423828125,12100,0.0,0.0
2022-04-19 00:00:00-04:00,17.725266223974586,18.702180669035013,17.628456077295983,17.71646499633789,17000,0.0,0.0
2022-04-20 00:00:00-04:00,17.86608388948052,18.56136581854633,17.681263130815022,17.813278198242188,15900,0.0,0.0
2022-04-21 00:00:00-04:00,18.229271708776977,18.229271708776977,17.717015094776773,17.84949493408203,6800,0.071,0.0
2022-04-22 00:00:00-04:00,18.167447300813578,18.2557677523141,17.60219910652622,17.646358489990234,40500,0.0,0.0
2022-04-25 00:00:00-04:00,17.787667519379518,17.87598795588901,17.31957206965198,17.46088409423828,25600,0.0,0.0
2022-04-26 00:00:00-04:00,17.487378577226007,17.770004303394785,17.301907181642793,17.478548049926758,18700,0.0,0.0
2022-04-27 00:00:00-04:00,17.717010654806554,17.911315942694788,17.487378204757274,17.61985969543457,43000,0.0,0.0
2022-04-28 00:00:00-04:00,17.655193590187512,18.052634844634493,17.2577540203133,17.70818519592285,43900,0.0,0.0
2022-04-29 00:00:00-04:00,17.955481700805056,18.432411193847656,17.902490096435677,18.432411193847656,21700,0.0,0.0
2022-05-02 00:00:00-04:00,18.41473925335594,18.44123420244773,18.061459227364995,18.26459503173828,19400,0.0,0.0
2022-05-03 00:00:00-04:00,18.34408453459719,19.085973483491603,18.326420110915855,18.379411697387695,37900,0.0,0.0
2022-05-04 00:00:00-04:00,18.388243441460183,18.7945167529351,18.14977878154483,18.397075653076172,15700,0.0,0.0
2022-05-05 00:00:00-04:00,18.379414267243373,19.09480836521614,17.87598991394043,17.87598991394043,71000,0.0,0.0
2022-05-06 00:00:00-04:00,18.087961230112267,19.01532355512006,18.087961230112267,18.18511390686035,33200,0.0,0.0
2022-05-09 00:00:00-04:00,18.176280109969387,18.317592163171334,17.699352351555945,17.84949493408203,27100,0.0,0.0
2022-05-10 00:00:00-04:00,17.911311507265744,18.238094835764723,17.911311507265744,18.026126861572266,9600,0.0,0.0
2022-05-11 00:00:00-04:00,18.1232872788767,18.3087587043785,17.699351148096206,17.831830978393555,20400,0.0,0.0
2022-05-12 00:00:00-04:00,17.867157751267474,18.67970282621931,17.79650173103568,17.973142623901367,14300,0.0,0.0
2022-05-13 00:00:00-04:00,17.981973590911366,18.18510942442959,17.778836072820855,17.88482093811035,13500,0.0,0.0
2022-05-16 00:00:00-04:00,17.858322677228994,18.149778924564842,17.717010659403865,17.93781089782715,10000,0.0,0.0
2022-05-17 00:00:00-04:00,17.85832138803625,18.282259095479695,17.85832138803625,18.114450454711914,13000,0.0,0.0
2022-05-18 00:00:00-04:00,18.026128314036722,18.026128314036722,17.549200754817935,17.778831481933594,15700,0.0,0.0
2022-05-19 00:00:00-04:00,17.999637777180077,18.114454864181013,17.83183078013628,17.90248680114746,13300,0.0,0.0
2022-05-20 00:00:00-04:00,17.964309022247473,18.573718202500096,17.5580356738883,17.664020538330078,11600,0.0,0.0
2022-05-23 00:00:00-04:00,17.78899788082518,18.542393755991284,17.50536689030948,17.780134201049805,42600,0.071,0.0
2022-05-24 00:00:00-04:00,17.81558512422285,18.613297537724893,17.788994090562426,17.983991622924805,18300,0.0,0.0
2022-05-25 00:00:00-04:00,18.1169447938199,18.657615661621094,17.788995449254603,18.657615661621094,29800,0.0,0.0
2022-05-26 00:00:00-04:00,18.52466809689842,19.056477098219386,18.249900760936036,18.648757934570312,11200,0.0,0.0
2022-05-27 00:00:00-04:00,18.524669107806442,19.39328956604004,18.524669107806442,19.39328956604004,31100,0.0,0.0
2022-05-31 00:00:00-04:00,19.53510491918127,19.543966908838865,18.276491066034616,18.60443878173828,47800,0.0,0.0
2022-06-01 00:00:00-04:00,19.145108839012845,19.145108839012845,18.480348127176107,18.498075485229492,25300,0.0,0.0
2022-06-02 00:00:00-04:00,18.436033996348964,18.60444055566121,18.187857688493345,18.4803524017334,23800,0.0,0.0
2022-06-03 00:00:00-04:00,18.34739294917866,18.34739294917866,17.87762819058844,17.948535919189453,26200,0.0,0.0
2022-06-06 00:00:00-04:00,17.886494916658584,18.170125879406275,17.886494916658584,18.108081817626953,14400,0.0,0.0
2022-06-07 00:00:00-04:00,18.08148814523868,18.29421133629165,18.08148814523868,18.267621994018555,7500,0.0,0.0
2022-06-08 00:00:00-04:00,18.170123685860887,18.27648612933786,18.170123685860887,18.249895095825195,7500,0.0,0.0
2022-06-09 00:00:00-04:00,18.16125896809594,18.214439341502434,17.833311359753363,18.01944351196289,11400,0.0,0.0
2022-06-10 00:00:00-04:00,17.966267322973245,18.320806045879372,17.744680409835162,17.93967628479004,20100,0.0,0.0
2022-06-13 00:00:00-04:00,17.638318705791956,17.99285744393658,17.638318705791956,17.780134201049805,19700,0.0,0.0
2022-06-14 00:00:00-04:00,17.726955505544908,18.001722842520074,17.32809833044046,17.594003677368164,39300,0.0,0.0
2022-06-15 00:00:00-04:00,17.726952438452763,17.726952438452763,17.336959011446105,17.629453659057617,17200,0.0,0.0
2022-06-16 00:00:00-04:00,17.567412474769426,17.81559045818306,17.46105168943087,17.6649112701416,24400,0.0,0.0
2022-06-17 00:00:00-04:00,17.90422371792631,17.92194938659668,17.487639228553117,17.92194938659668,12700,0.0,0.0
2022-06-21 00:00:00-04:00,17.70922276753575,18.85261186197022,17.540817958576547,18.046035766601562,31600,0.0,0.0
2022-06-22 00:00:00-04:00,17.94909341516179,18.838543025851745,17.94909341516179,18.500551223754883,17100,0.071,0.0
2022-06-23 00:00:00-04:00,18.456072016500016,18.678434329951823,18.011347389596402,18.11808204650879,19900,0.0,0.0
2022-06-24 00:00:00-04:00,18.43828448211327,18.580596241342615,18.278183328857757,18.545019149780273,10700,0.0,0.0
2022-06-27 00:00:00-04:00,18.589487974821783,18.660643843092796,18.500542715360588,18.62506675720215,14000,0.0,0.0
2022-06-28 00:00:00-04:00,18.589487754707704,18.63396123215656,18.313758980483588,18.4027042388916,21400,0.0,0.0
2022-06-29 00:00:00-04:00,18.500544453973173,18.67843498961306,18.10918798994923,18.198131561279297,28100,0.0,0.0
2022-06-30 00:00:00-04:00,18.19813291862855,18.642857594409186,18.029138763304708,18.42938995361328,27800,0.0,0.0
2022-07-01 00:00:00-04:00,18.278185571243963,18.660649107277585,18.002456715971658,18.135873794555664,27500,0.0,0.0
2022-07-05 00:00:00-04:00,18.14476747578607,18.785172131483883,17.966878613140093,18.171451568603516,31800,0.0,0.0
2022-07-06 00:00:00-04:00,18.189238935337475,18.740696553478173,17.922403126391085,18.082504272460938,35700,0.0,0.0
2022-07-07 00:00:00-04:00,18.100292205810547,18.411599776227884,17.8868245937646,18.100292205810547,29700,0.0,0.0
2022-07-08 00:00:00-04:00,18.118080737417685,18.54501594124012,17.895718440032287,18.020240783691406,19900,0.0,0.0
2022-07-11 00:00:00-04:00,18.03803041984386,18.874111447905836,18.03803041984386,18.62506675720215,16100,0.0,0.0
2022-07-12 00:00:00-04:00,18.4560738620084,18.4560738620084,18.135871555742543,18.207027435302734,7200,0.0,0.0
2022-07-13 00:00:00-04:00,18.0736092489695,18.32265566018392,17.98466398092936,18.15365982055664,22200,0.0,0.0
2022-07-14 00:00:00-04:00,17.984665982718877,18.073611260659103,17.833459519167512,17.90461540222168,11500,0.0,0.0
2022-07-15 00:00:00-04:00,17.957985656109532,18.11808683555177,17.833461574048755,17.9490909576416,27000,0.0,0.0
2022-07-18 00:00:00-04:00,17.940195423460974,18.04693010361384,17.691148967431083,17.86903953552246,9600,0.0,0.0
2022-07-19 00:00:00-04:00,17.76229976250454,17.84235032554428,17.61109333192833,17.771194458007812,5600,0.0,0.0
2022-07-20 00:00:00-04:00,17.77119983906718,17.940195711821314,17.77119983906718,17.842355728149414,8100,0.0,0.0
2022-07-21 00:00:00-04:00,17.84324615673284,17.98606340010964,17.789690116095496,17.81646728515625,10200,0.071,0.0
2022-07-22 00:00:00-04:00,17.852171247759937,18.01284106139229,17.84324495783417,17.896800994873047,4400,0.0,0.0
2022-07-25 00:00:00-04:00,17.816467788031936,18.27169840258796,17.816467788031936,18.084251403808594,10100,0.0,0.0
2022-07-26 00:00:00-04:00,18.146730422973633,18.173509290415996,18.05746923401467,18.146730422973633,9100,0.0,0.0
2022-07-27 00:00:00-04:00,18.17351321141913,18.244921837489862,18.093178294275063,18.15566062927246,25500,0.0,0.0
2022-07-28 00:00:00-04:00,18.19136328984568,19.003638716584557,18.137807248280385,18.959007263183594,25400,0.0,0.0
2022-07-29 00:00:00-04:00,18.65551772088342,18.65551772088342,17.780761780197277,18.227066040039062,45100,0.0,0.0
2022-08-01 00:00:00-04:00,18.20921278364962,18.396661451118113,18.20921278364962,18.369882583618164,3600,0.0,0.0
2022-08-02 00:00:00-04:00,18.280621394467243,18.53947867275336,18.146730461998647,18.369882583618164,21200,0.0,0.0
2022-08-03 00:00:00-04:00,18.316324855266593,18.45914206367872,18.23598996272035,18.387733459472656,4800,0.0,0.0
2022-08-04 00:00:00-04:00,18.33417912946714,18.485920937753463,18.218139072816268,18.369882583618164,1800,0.0,0.0
2022-08-05 00:00:00-04:00,18.28955068027761,18.298476970906787,18.146733435242535,18.280624389648438,3500,0.0,0.0
2022-08-08 00:00:00-04:00,18.33418344677765,18.387739491873283,18.209217071533203,18.209217071533203,2900,0.0,0.0
2022-08-09 00:00:00-04:00,18.200292487784765,18.32525887475334,18.00391916900005,18.19136619567871,8900,0.0,0.0
2022-08-10 00:00:00-04:00,18.191357594975788,18.36095365977506,18.14672785806219,18.2895450592041,3900,0.0,0.0
2022-08-11 00:00:00-04:00,18.280624192381794,18.539481510286947,18.280624192381794,18.485923767089844,11400,0.0,0.0
2022-08-12 00:00:00-04:00,18.441296418011746,18.58411368010059,18.441296418011746,18.53055763244629,5500,0.0,0.0
2022-08-15 00:00:00-04:00,18.485919951403343,18.548403972235942,18.4323639217766,18.468069076538086,1700,0.0,0.0
2022-08-16 00:00:00-04:00,18.43237197134472,18.43237197134472,18.298480987548828,18.298480987548828,7400,0.0,0.0
2022-08-17 00:00:00-04:00,18.307405639695535,18.744783722246012,18.244923299690623,18.566261291503906,9600,0.0,0.0
2022-08-18 00:00:00-04:00,18.51270593179127,18.664449492810714,18.32525890480521,18.646596908569336,16800,0.0,0.0
2022-08-19 00:00:00-04:00,18.459144741592123,18.47699732086241,17.709353437396707,18.03069305419922,20600,0.0,0.0
2022-08-22 00:00:00-04:00,18.08425516722309,18.137811220517325,17.798620612965532,17.852176666259766,6000,0.0,0.0
2022-08-23 00:00:00-04:00,17.96056497276205,18.13972341835123,17.915776215655537,18.05014419555664,12200,0.071,0.0
2022-08-24 00:00:00-04:00,18.050141563511048,18.175553140568763,17.95160597052872,18.041183471679688,25200,0.0,0.0
2022-08-25 00:00:00-04:00,18.050140984903162,18.184508940903683,18.050140984903162,18.130762100219727,3500,0.0,0.0
2022-08-26 00:00:00-04:00,18.050140193047646,18.354708457864152,18.050140193047646,18.09493064880371,27700,0.0,0.0
2022-08-29 00:00:00-04:00,18.05910195922433,18.22034421559658,17.906817795826264,18.166597366333008,13300,0.0,0.0
2022-08-30 00:00:00-04:00,18.13076354875657,18.166595917796165,17.987437489760975,18.148679733276367,7200,0.0,0.0
2022-08-31 00:00:00-04:00,18.085974989202295,18.19346868030636,17.933690836320363,18.10388946533203,7500,0.0,0.0
2022-09-01 00:00:00-04:00,18.05014113012514,18.31887875286956,18.05014113012514,18.229299545288086,3900,0.0,0.0
2022-09-02 00:00:00-04:00,18.22033583380214,18.26512456948763,18.094926007018174,18.157630920410156,2300,0.0,0.0
2022-09-06 00:00:00-04:00,18.112845122524952,18.220340507758323,18.085972557652497,18.09493064880371,11500,0.0,0.0
2022-09-07 00:00:00-04:00,18.130760648817265,18.211381757679952,18.05013953995458,18.112844467163086,9300,0.0,0.0
2022-09-08 00:00:00-04:00,18.05013840082729,18.363664725664595,18.023265838623047,18.023265838623047,12800,0.0,0.0
2022-09-09 00:00:00-04:00,18.13972129261616,18.29200544094681,17.924732208251953,17.924732208251953,12600,0.0,0.0
2022-09-12 00:00:00-04:00,18.06805239387495,18.07701048305216,17.915768295024012,17.996389389038086,6100,0.0,0.0
2022-09-13 00:00:00-04:00,17.888898971297046,17.942647521214333,17.817235946655273,17.817235946655273,7600,0.0,0.0
2022-09-14 00:00:00-04:00,17.879939693605756,17.951604422075036,17.8172347647763,17.82619285583496,11200,0.0,0.0
2022-09-15 00:00:00-04:00,17.83515278764743,17.844110879630648,17.736615484413367,17.7993221282959,8400,0.0,0.0
2022-09-16 00:00:00-04:00,17.557455406968675,17.82619128065748,17.467876212878735,17.611202239990234,4800,0.0,0.0
2022-09-19 00:00:00-04:00,17.458917163955434,17.548496353126644,17.387254154334645,17.47683334350586,9900,0.0,0.0
2022-09-20 00:00:00-04:00,17.39621925354004,17.39621925354004,17.279767456702377,17.39621925354004,7600,0.0,0.0
2022-09-21 00:00:00-04:00,17.288722794615666,17.38726010729881,17.118524156357605,17.163312911987305,20500,0.0,0.0
2022-09-22 00:00:00-04:00,17.119256433649877,17.12824613018363,16.813555303410674,16.966405868530273,11900,0.071,0.0
2022-09-23 00:00:00-04:00,16.930438269130345,17.119254458343942,16.606754353299145,16.786579132080078,16100,0.0,0.0
2022-09-26 00:00:00-04:00,16.72364547547318,16.804566476212397,16.32803188462996,16.4898738861084,27700,0.0,0.0
2022-09-27 00:00:00-04:00,16.471888131787765,16.705659679589196,16.471888131787765,16.624738693237305,7100,0.0,0.0
2022-09-28 00:00:00-04:00,16.57977769283466,16.948416853751922,16.57078628464939,16.714645385742188,22300,0.0,0.0
2022-09-29 00:00:00-04:00,16.5528077482943,16.984385163164518,16.543816337784147,16.68767547607422,14900,0.0,0.0
2022-09-30 00:00:00-04:00,16.777583409261723,16.957408141821837,16.49885661723572,16.813549041748047,24900,0.0,0.0
2022-10-03 00:00:00-04:00,16.73262808358957,17.011354875615574,16.73262808358957,16.813549041748047,32400,0.0,0.0
2022-10-04 00:00:00-04:00,16.84052660211407,17.011359977790235,16.84052660211407,16.930438995361328,14500,0.0,0.0
2022-10-05 00:00:00-04:00,16.858507122796745,17.128242550787082,16.678682360845833,16.76859474182129,7800,0.0,0.0
2022-10-06 00:00:00-04:00,16.67868513858957,16.903465270996094,16.64272120917141,16.903465270996094,18800,0.0,0.0
2022-10-07 00:00:00-04:00,17.083288361487064,17.15521792809588,16.903463587496955,17.074296951293945,23200,0.0,0.0
2022-10-10 00:00:00-04:00,17.083287285452375,17.308067381313588,16.813551856393328,16.94841957092285,7200,0.0,0.0
2022-10-11 00:00:00-04:00,17.083284111704316,17.083284111704316,16.813548732756956,16.912450790405273,17400,0.0,0.0
2022-10-12 00:00:00-04:00,16.984386513049316,17.344036102294922,16.66070428363914,17.344036102294922,15200,0.0,0.0
2022-10-13 00:00:00-04:00,17.164207176240577,17.919468387966536,17.020348061143814,17.3530216217041,8300,0.0,0.0
2022-10-14 00:00:00-04:00,17.272102082165336,17.973416612408588,17.074296211297987,17.46990966796875,6200,0.0,0.0
2022-10-17 00:00:00-04:00,17.415959926656527,17.874509743159056,17.24512659966521,17.703678131103516,14900,0.0,0.0
2022-10-18 00:00:00-04:00,17.61377265291736,17.61377265291736,17.371009679860173,17.559825897216797,9400,0.0,0.0
2022-10-19 00:00:00-04:00,17.415961269345924,17.6407413482666,17.191181190425244,17.6407413482666,18400,0.0,0.0
2022-10-20 00:00:00-04:00,17.20916779831584,17.55982599975827,16.804564555794272,16.84052848815918,21200,0.0,0.0
2022-10-21 00:00:00-04:00,16.95960629195058,17.545977058729235,16.643870304463096,16.88743782043457,19200,0.062,0.0
2022-10-24 00:00:00-04:00,16.61680731310172,16.977649688720703,16.61680731310172,16.977649688720703,12000,0.0,0.0
2022-10-25 00:00:00-04:00,16.77016269506808,17.158068828340646,16.51757221463593,16.697994232177734,22800,0.0,0.0
2022-10-26 00:00:00-04:00,16.661912463623104,16.788208589344787,16.661912463623104,16.688976287841797,8600,0.0,0.0
2022-10-27 00:00:00-04:00,16.670928572691526,16.752118299557853,16.526591662847313,16.589738845825195,11100,0.0,0.0
2022-10-28 00:00:00-04:00,16.535617211529715,17.076881623752868,16.535617211529715,16.896459579467773,16900,0.0,0.0
2022-10-31 00:00:00-04:00,16.869391026172384,17.35652760644277,16.60777933406624,16.770158767700195,6500,0.0,0.0
2022-11-01 00:00:00-04:00,16.788202609938562,17.49184458268825,16.553654712144795,17.203170776367188,52500,0.0,0.0
2022-11-02 00:00:00-04:00,17.16708731016747,17.65422392531816,17.013729136380263,17.275339126586914,28500,0.0,0.0
2022-11-03 00:00:00-04:00,17.203175317007737,17.329469710449697,16.688974748700264,17.067859649658203,31700,0.0,0.0
2022-11-04 00:00:00-04:00,17.076885223388672,17.401644283304936,16.779189992009595,17.076885223388672,8200,0.0,0.0
2022-11-07 00:00:00-05:00,16.941560906580875,17.33848653281384,16.761138916015625,16.761138916015625,15200,0.0,0.0
2022-11-08 00:00:00-05:00,16.86037156886444,16.914497479020444,16.62582366401289,16.842329025268555,23300,0.0,0.0
2022-11-09 00:00:00-05:00,16.833308629198573,16.84232990146584,16.481487613934114,16.526592254638672,25700,0.0,0.0
2022-11-10 00:00:00-05:00,16.679950121272675,16.77918239367322,16.571698297410006,16.74309730529785,33000,0.0,0.0
2022-11-11 00:00:00-05:00,16.707018227608785,16.842333902499554,16.65289058114675,16.75212287902832,18800,0.0,0.0
2022-11-14 00:00:00-05:00,16.770165427848998,16.770165427848998,16.544638729486998,16.75212287902832,37500,0.0,0.0
2022-11-15 00:00:00-05:00,16.824288986503984,16.896457451000447,16.661909511228966,16.779184341430664,26100,0.0,0.0
2022-11-16 00:00:00-05:00,16.725059602758847,16.995690933549,16.697995781427018,16.914501190185547,56000,0.0,0.0
2022-11-17 00:00:00-05:00,16.81526756286621,16.941563665078608,16.752120372075964,16.81526756286621,12900,0.0,0.0
2022-11-18 00:00:00-05:00,16.788204679509853,16.815266776793784,16.670929855840072,16.797225952148438,32900,0.0,0.0
2022-11-21 00:00:00-05:00,16.752122755131243,16.833312503591667,16.734080206444006,16.824291229248047,13900,0.0,0.0
2022-11-22 00:00:00-05:00,16.862306594848633,16.916614785837485,16.672233105501803,16.862306594848633,49500,0.062,0.0
2022-11-23 00:00:00-05:00,16.934714139057302,17.007125053317402,16.798947127562048,16.84420394897461,47400,0.0,0.0
2022-11-25 00:00:00-05:00,16.808000130231164,16.88040932517825,16.771796395943312,16.862306594848633,10100,0.0,0.0
2022-11-28 00:00:00-05:00,16.880409282073103,16.961869841976984,16.68128442806994,16.74464225769043,39200,0.0,0.0
2022-11-29 00:00:00-05:00,16.690328264557206,16.844197949815907,16.617919102457265,16.726531982421875,56400,0.0,0.0
2022-11-30 00:00:00-05:00,16.753691124606387,16.88040676495217,16.6179241204686,16.83515167236328,22600,0.0,0.0
2022-12-01 00:00:00-05:00,16.88945812874417,17.314861868741527,16.77179385219039,16.83515167236328,40000,0.0,0.0
2022-12-02 00:00:00-05:00,16.762738279410932,16.961863053722993,16.71748147181454,16.889453887939453,44200,0.0,0.0
2022-12-05 00:00:00-05:00,16.853256913019397,16.880409282073103,16.74464225769043,16.74464225769043,39000,0.0,0.0
2022-12-06 00:00:00-05:00,16.753685148062985,16.84419702732357,16.65412190823929,16.717479705810547,36100,0.0,0.0
2022-12-07 00:00:00-05:00,16.690332559477955,16.8804060115129,16.690332559477955,16.789894104003906,9400,0.0,0.0
2022-12-08 00:00:00-05:00,16.780844810324076,16.952815539101547,16.753690719604492,16.753690719604492,23000,0.0,0.0
2022-12-09 00:00:00-05:00,16.789893117478897,16.826098568903586,16.654126127378202,16.663177490234375,28400,0.0,0.0
2022-12-12 00:00:00-05:00,16.681281555281505,16.72653664682494,16.617923736572266,16.617923736572266,24600,0.0,0.0
2022-12-13 00:00:00-05:00,16.753693622832124,16.789897357027527,16.64507896750316,16.74464225769043,39900,0.0,0.0
2022-12-14 00:00:00-05:00,16.708436319082523,16.762744508378894,16.65412985615748,16.681283950805664,26400,0.0,0.0
2022-12-15 00:00:00-05:00,16.645078262753685,16.681283721787533,16.54551670315321,16.563617706298828,39600,0.0,0.0
2022-12-16 00:00:00-05:00,16.473105325416427,16.49120632615998,16.19251823425293,16.19251823425293,66400,0.0,0.0
2022-12-19 00:00:00-05:00,16.310181234597458,16.310181234597458,16.147260173270016,16.219669342041016,68500,0.0,0.0
2022-12-20 00:00:00-05:00,16.201566261911182,16.210617623604822,15.966236036988695,15.984338760375977,68900,0.0,0.0
2022-12-21 00:00:00-05:00,15.984345432330066,16.264930856467938,15.984345432330066,16.111061096191406,81900,0.0,0.0
2022-12-22 00:00:00-05:00,15.985715118597877,16.1219566593792,15.894886847275268,15.976632118225098,60600,0.062,0.0
2022-12-23 00:00:00-05:00,15.976633975348262,16.121958533394885,15.903971696324952,16.012964248657227,70200,0.0,0.0
2022-12-27 00:00:00-05:00,15.985714820219505,16.112873358254593,15.794975280761719,15.794975280761719,64900,0.0,0.0
2022-12-28 00:00:00-05:00,15.858554722762765,16.339943344354637,15.858554722762765,16.32177734375,60900,0.0,0.0
2022-12-29 00:00:00-05:00,16.25820062476483,16.312696902723413,16.10379306021097,16.149208068847656,83000,0.0,0.0
2022-12-30 00:00:00-05:00,16.112876753147617,16.23095404826284,16.112876753147617,16.194622039794922,68700,0.0,0.0
2023-01-03 00:00:00-05:00,16.203700755539455,16.539763082941413,16.203700755539455,16.52159881591797,44600,0.0,0.0
2023-01-04 00:00:00-05:00,16.4671068758872,16.548852170984517,16.403527586901664,16.430776596069336,39000,0.0,0.0
2023-01-05 00:00:00-05:00,16.39443588256836,16.439850873743996,16.3490226237975,16.39443588256836,29900,0.0,0.0
2023-01-06 00:00:00-05:00,16.430771575972074,16.53976411453085,16.412605575410556,16.476184844970703,14300,0.0,0.0
2023-01-09 00:00:00-05:00,16.539765406443305,16.648759685920734,16.48526913290724,16.503435134887695,30200,0.0,0.0
2023-01-10 00:00:00-05:00,16.539764198159645,16.548847198486328,16.50343392925808,16.548847198486328,17200,0.0,0.0
2023-01-11 00:00:00-05:00,16.57609346906497,16.612425464387126,16.539761473742807,16.585176467895508,15800,0.0,0.0
2023-01-12 00:00:00-05:00,16.630590233926267,16.685088228562027,16.585176970801406,16.639673233032227,22900,0.0,0.0
2023-01-13 00:00:00-05:00,16.666922435714284,16.68508843415004,16.61242617281198,16.630590438842773,11600,0.0,0.0
2023-01-17 00:00:00-05:00,16.621511176438357,16.6941734541122,16.539765897504616,16.557931900024414,24500,0.0,0.0
2023-01-18 00:00:00-05:00,16.666922230350107,16.694169495263047,16.576093971695446,16.639673233032227,22200,0.0,0.0
2023-01-19 00:00:00-05:00,16.567010768679115,16.68508802319834,16.55792776968495,16.64875602722168,26400,0.0,0.0
2023-01-20 00:00:00-05:00,16.621508318948308,16.703253583828797,16.603344051956576,16.676006317138672,13900,0.0,0.0
2023-01-23 00:00:00-05:00,16.677826907440096,16.814531803000637,16.66871487012602,16.696054458618164,25500,0.062,0.0
2023-01-24 00:00:00-05:00,16.832760992372606,16.832760992372606,16.696057807665852,16.705171585083008,23800,0.0,0.0
2023-01-25 00:00:00-05:00,16.80542527255061,16.83276487282938,16.650494497293355,16.74163055419922,26900,0.0,0.0
2023-01-26 00:00:00-05:00,16.796306097227138,16.796306097227138,16.723397622779398,16.768964767456055,13600,0.0,0.0
2023-01-27 00:00:00-05:00,16.778085741038172,16.832766685760685,16.723404796315663,16.81454086303711,26100,0.0,0.0
2023-01-30 00:00:00-05:00,16.79630648824281,16.832759857177734,16.741625565702826,16.832759857177734,12000,0.0,0.0
2023-01-31 00:00:00-05:00,16.80542364724319,16.887445916698255,16.768968532696256,16.878332138061523,10900,0.0,0.0
2023-02-01 00:00:00-05:00,16.887445916698255,16.923899292969654,16.75985475405952,16.878332138061523,39900,0.0,0.0
2023-02-02 00:00:00-05:00,16.96946005056611,16.96946005056611,16.86921027189985,16.88743782043457,25800,0.0,0.0
2023-02-03 00:00:00-05:00,16.83276487282938,16.83276487282938,16.650494497293355,16.74163055419922,28200,0.0,0.0
2023-02-06 00:00:00-05:00,16.64137320777956,16.64137320777956,16.513783828655896,16.559350967407227,32300,0.0,0.0
2023-02-07 00:00:00-05:00,16.586692692905302,16.65960115962747,16.504670450558496,16.623146057128906,30200,0.0,0.0
2023-02-08 00:00:00-05:00,16.641374588012695,16.714283059026798,16.568466116998597,16.641374588012695,33900,0.0,0.0
2023-02-09 00:00:00-05:00,16.641375666480652,16.723397918971468,16.477331161499023,16.477331161499023,38200,0.0,0.0
2023-02-10 00:00:00-05:00,16.54111959150437,16.56846091139751,16.41353024188542,16.449983596801758,46600,0.0,0.0
2023-02-13 00:00:00-05:00,16.468215942382812,16.522896859829082,16.449988390475713,16.468215942382812,27300,0.0,0.0
2023-02-14 00:00:00-05:00,16.45910176878634,16.541124012111645,16.404420852661133,16.404420852661133,24300,0.0,0.0
2023-02-15 00:00:00-05:00,16.44999083937149,16.44999083937149,16.358856542818966,16.38619613647461,57100,0.0,0.0
2023-02-16 00:00:00-05:00,16.331515025330702,16.34062880253746,16.21303939819336,16.21303939819336,45600,0.0,0.0
2023-02-17 00:00:00-05:00,16.176581344250135,16.276831136997696,16.176581344250135,16.267717361450195,44700,0.0,0.0
2023-02-21 00:00:00-05:00,16.324422399066478,16.324422399066478,16.20553207397461,16.20553207397461,53400,0.062,0.0
2023-02-22 00:00:00-05:00,16.242104801130782,16.306121826171875,16.141505622161578,16.306121826171875,71100,0.0,0.0
2023-02-23 00:00:00-05:00,16.315271964465115,16.370143466494255,16.306126423404656,16.342708587646484,30500,0.0,0.0
2023-02-24 00:00:00-05:00,16.29698365437446,16.388437336201218,16.18724063164947,16.19638442993164,59900,0.0,0.0
2023-02-27 00:00:00-05:00,16.18724179153201,16.296984822120542,16.18724179153201,16.251258850097656,26700,0.0,0.0
2023-02-28 00:00:00-05:00,16.26040229023166,16.26954783232015,16.20552903770074,16.242111206054688,31100,0.0,0.0
2023-03-01 00:00:00-05:00,16.178096632932018,16.269550323486328,16.178096632932018,16.269550323486328,16400,0.0,0.0
2023-03-02 00:00:00-05:00,16.214676677012132,16.27869373557778,16.214676677012132,16.251258850097656,17700,0.0,0.0
2023-03-03 00:00:00-05:00,16.260402166483477,16.360999640023657,16.25125662446459,16.33356475830078,11000,0.0,0.0
2023-03-06 00:00:00-05:00,16.342711559124233,16.49818229675293,16.342711559124233,16.49818229675293,53400,0.0,0.0
2023-03-07 00:00:00-05:00,16.479889849731162,16.507324731300542,16.397581716355482,16.434162139892578,23800,0.0,0.0
2023-03-08 00:00:00-05:00,16.415876803025267,16.461602779679588,16.388440170432155,16.44331169128418,5400,0.0,0.0
2023-03-09 00:00:00-05:00,16.48903465270996,16.525615074607632,16.461598028036438,16.48903465270996,38200,0.0,0.0
2023-03-10 00:00:00-05:00,16.50732450360069,16.562197754650075,16.41587257385254,16.41587257385254,31100,0.0,0.0
2023-03-13 00:00:00-04:00,16.51647004544225,16.51647004544225,16.406727032010973,16.41587257385254,6800,0.0,0.0
2023-03-14 00:00:00-04:00,16.4067325592041,16.452458539482603,16.351859289668695,16.4067325592041,26800,0.0,0.0
2023-03-15 00:00:00-04:00,16.443308587389478,16.443308587389478,16.2878378540441,16.379291534423828,16000,0.0,0.0
2023-03-16 00:00:00-04:00,16.37015037951383,16.534766699451378,16.37015037951383,16.4067325592041,10000,0.0,0.0
2023-03-17 00:00:00-04:00,16.46160408440517,16.470749629327738,16.32442439923533,16.4067325592041,15000,0.0,0.0
2023-03-20 00:00:00-04:00,16.33355844161796,16.388429928177025,16.306121826171875,16.306121826171875,7200,0.0,0.0
2023-03-21 00:00:00-04:00,16.29878644267592,16.33549451045868,16.225368556689922,16.252899169921875,49800,0.062,0.0
2023-03-22 00:00:00-04:00,16.2345514269865,16.252904591790145,16.170310974121094,16.170310974121094,14700,0.0,0.0
2023-03-23 00:00:00-04:00,16.170300016922933,16.19783062068385,16.11523530856136,16.151945114135742,19300,0.0,0.0
2023-03-24 00:00:00-04:00,16.133594728564578,16.24372242570231,16.133594728564578,16.1611270904541,31500,0.0,0.0
2023-03-27 00:00:00-04:00,16.179486221599667,16.234550965709207,16.08771514892578,16.08771514892578,24500,0.0,0.0
2023-03-28 00:00:00-04:00,16.179480306623667,16.22536757660592,16.115239879068884,16.188657760620117,15100,0.0,0.0
2023-03-29 00:00:00-04:00,16.197836136200042,16.27125402192842,16.17948122716283,16.22536849975586,9100,0.0,0.0
2023-03-30 00:00:00-04:00,16.24372346579154,16.32631880632835,16.197836193037496,16.252899169921875,21200,0.0,0.0
2023-03-31 00:00:00-04:00,16.225372282721118,16.335498261779456,16.225372282721118,16.326322555541992,31000,0.0,0.0
2023-04-03 00:00:00-04:00,16.28961255210493,16.335498084477727,16.197839736938477,16.197839736938477,36400,0.0,0.0
2023-04-04 00:00:00-04:00,16.26207777105219,16.27125522625007,16.170306719914606,16.2161922454834,21500,0.0,0.0
2023-04-05 00:00:00-04:00,16.271255512782442,16.583281993322597,16.23454744176511,16.500686645507812,41700,0.0,0.0
2023-04-06 00:00:00-04:00,16.564927311000904,16.977904055768953,16.427268979551773,16.75765037536621,56700,0.0,0.0
2023-04-10 00:00:00-04:00,16.82189204581887,16.959550387353666,16.675056248125653,16.876955032348633,61000,0.0,0.0
2023-04-11 00:00:00-04:00,16.876953795843285,16.876953795843285,16.711763097936064,16.75765037536621,45200,0.0,0.0
2023-04-12 00:00:00-04:00,16.867777760353032,16.91366504164615,16.730119417315283,16.7760066986084,26500,0.0,0.0
2023-04-13 00:00:00-04:00,16.83106803894043,16.959548913148627,16.68423225401088,16.83106803894043,31000,0.0,0.0
2023-04-14 00:00:00-04:00,16.812711658787446,16.95036997632498,16.70258570492561,16.785181045532227,30300,0.0,0.0
2023-04-17 00:00:00-04:00,16.895306340965107,16.968724224151977,16.840243366180054,16.904483795166016,12400,0.0,0.0
2023-04-18 00:00:00-04:00,16.895308706815342,16.895308706815342,16.70258739287069,16.75765037536621,39600,0.0,0.0
2023-04-19 00:00:00-04:00,16.74847644719167,16.977907631399777,16.70259091051846,16.932022094726562,45500,0.0,0.0
2023-04-20 00:00:00-04:00,16.932016643995066,17.060497505656496,16.83106639530654,16.987079620361328,28600,0.0,0.0
2023-04-21 00:00:00-04:00,16.942878578083764,17.03495979309082,16.878422254469754,17.03495979309082,6300,0.062,0.0
2023-04-24 00:00:00-04:00,17.11783141831075,17.1270397147464,16.988918780817592,17.099414825439453,24700,0.0,0.0
2023-04-25 00:00:00-04:00,17.09942108831535,17.12704598774026,17.062589645385742,17.062589645385742,7200,0.0,0.0
2023-04-26 00:00:00-04:00,17.08100868504873,17.12705019540142,16.99813572271792,17.071802139282227,25300,0.0,0.0
2023-04-27 00:00:00-04:00,17.04416847229004,17.090208202674063,16.933670660543996,17.04416847229004,16000,0.0,0.0
2023-04-28 00:00:00-04:00,17.01654586454375,17.127043691122797,16.90604979426808,17.05337905883789,45100,0.0,0.0
2023-05-01 00:00:00-04:00,17.0441696958978,17.0441696958978,16.75871948315737,16.78634262084961,22600,0.0,0.0
2023-05-02 00:00:00-04:00,16.84158744646145,16.84158744646145,16.519304136687907,16.565343856811523,29300,0.0,0.0
2023-05-03 00:00:00-04:00,16.510100937287593,16.666638492847447,16.49168434103272,16.500892639160156,32700,0.0,0.0
2023-05-04 00:00:00-04:00,16.500893400454043,16.63901436613144,16.46406020624494,16.519309997558594,24600,0.0,0.0
2023-05-05 00:00:00-04:00,16.5837655660038,16.5837655660038,16.473267744777846,16.500892639160156,15200,0.0,0.0
2023-05-08 00:00:00-04:00,16.510100325734772,16.510100325734772,16.39039421081543,16.39039421081543,26800,0.0,0.0
2023-05-09 00:00:00-04:00,16.3811876693323,16.537723462790602,16.335146180400542,16.39039421081543,38700,0.0,0.0
2023-05-10 00:00:00-04:00,16.758723042247876,16.758723042247876,16.390398069298893,16.53772735595703,32000,0.0,0.0
2023-05-11 00:00:00-04:00,16.537726153942682,16.68505718619597,16.3996051772777,16.4088134765625,43700,0.0,0.0
2023-05-12 00:00:00-04:00,16.47326828267843,16.47326828267843,16.335147318863395,16.418020248413086,37300,0.0,0.0
2023-05-15 00:00:00-04:00,16.39960250860178,16.556140058363304,16.344354478186894,16.39039421081543,11800,0.0,0.0
2023-05-16 00:00:00-04:00,16.36277198791504,16.427228319717322,16.335147093012637,16.36277198791504,8700,0.0,0.0
2023-05-17 00:00:00-04:00,16.427230996364493,16.445647595966886,16.29831831175494,16.38119125366211,32600,0.0,0.0
2023-05-18 00:00:00-04:00,16.335147543199238,16.51931000168401,16.28910780672973,16.473268508911133,72900,0.0,0.0
2023-05-19 00:00:00-04:00,16.50283955227036,16.57676037309887,16.438159054346833,16.521318435668945,31000,0.062,0.0
2023-05-22 00:00:00-04:00,16.585997707066117,16.770798844628963,16.465875293359748,16.622957229614258,27700,0.0,0.0
2023-05-23 00:00:00-04:00,16.567522022069756,16.567522022069756,16.401199714806985,16.475120544433594,11000,0.0,0.0
2023-05-24 00:00:00-04:00,16.493600844936534,16.80776480483335,16.456639549696174,16.7246036529541,38700,0.0,0.0
2023-05-25 00:00:00-04:00,16.678397494430882,16.678397494430882,16.56751716371198,16.669158935546875,12800,0.0,0.0
2023-05-26 00:00:00-04:00,16.669158077881743,16.752317440436645,16.364232778066135,16.42891502380371,35800,0.0,0.0
2023-05-30 00:00:00-04:00,16.48435899740924,16.59523934805807,16.39195753026095,16.567520141601562,37300,0.0,0.0
2023-05-31 00:00:00-04:00,16.604479233147,16.604479233147,16.512079530846723,16.539798736572266,6400,0.0,0.0
2023-06-01 00:00:00-04:00,16.558274883278052,16.669156963288714,16.54903456307626,16.57675552368164,19200,0.0,0.0
2023-06-02 00:00:00-04:00,16.6229606086366,16.6229606086366,16.539799462984913,16.595239639282227,12800,0.0,0.0
2023-06-05 00:00:00-04:00,16.622960644244838,16.69688146693675,16.56752046782876,16.687641143798828,8700,0.0,0.0
2023-06-06 00:00:00-04:00,16.678397784228117,16.678397784228117,16.558277130126953,16.558277130126953,13900,0.0,0.0
2023-06-07 00:00:00-04:00,16.567522867822987,16.61372272779372,16.438161849975586,16.438161849975586,35400,0.0,0.0
2023-06-08 00:00:00-04:00,16.475120544433594,16.604481555677264,16.419680362816536,16.475120544433594,26100,0.0,0.0
2023-06-09 00:00:00-04:00,16.447395715674652,16.59523734026054,16.382715225219727,16.382715225219727,39100,0.0,0.0
2023-06-12 00:00:00-04:00,16.382716444272614,16.521317757333932,16.36423579922142,16.419677734375,46200,0.0,0.0
2023-06-13 00:00:00-04:00,16.447397592399444,16.50283952975372,16.290315628051758,16.290315628051758,71800,0.0,0.0
2023-06-14 00:00:00-04:00,16.244117763515014,16.336519241333008,16.244117763515014,16.336519241333008,22400,0.0,0.0
2023-06-15 00:00:00-04:00,16.29955595094414,16.354997888298417,16.290315628051758,16.290315628051758,15800,0.0,0.0
2023-06-16 00:00:00-04:00,16.28107594273241,16.373475640449662,16.27183562047843,16.2995548248291,45700,0.0,0.0
2023-06-20 00:00:00-04:00,16.2995548248291,16.354996758352968,16.2995548248291,16.2995548248291,28900,0.0,0.0
2023-06-21 00:00:00-04:00,16.347772862831523,16.347772862831523,16.292137145996094,16.292137145996094,26500,0.062,0.0
2023-06-22 00:00:00-04:00,16.29213640744514,16.36631794940545,16.26431943460219,16.3385009765625,23000,0.0,0.0
2023-06-23 00:00:00-04:00,16.394136690875865,16.394136690875865,16.29213640744514,16.3385009765625,26900,0.0,0.0
2023-06-26 00:00:00-04:00,16.347776885954737,16.459050115637048,16.292141155427576,16.412687301635742,64800,0.0,0.0
2023-06-27 00:00:00-04:00,16.421958172060357,16.486868586644608,16.338505461993666,16.46832275390625,53300,0.0,0.0
2023-06-28 00:00:00-04:00,16.54250077157736,16.570319514724016,16.42195465323609,16.561046600341797,15900,0.0,0.0
2023-06-29 00:00:00-04:00,16.51468103332607,16.607408402933324,16.29213640744514,16.3385009765625,67000,0.0,0.0
2023-06-30 00:00:00-04:00,16.375590307141426,16.394136134158586,16.282862940683035,16.301408767700195,30600,0.0,0.0
2023-07-03 00:00:00-04:00,16.38486671447754,16.421956607793312,16.310685159218203,16.38486671447754,18900,0.0,0.0
2023-07-05 00:00:00-04:00,16.366319041761724,16.440500588673217,16.329229152619767,16.357046127319336,21700,0.0,0.0
2023-07-06 00:00:00-04:00,16.282865728491963,16.31995738887679,16.255048751831055,16.255048751831055,31000,0.0,0.0
2023-07-07 00:00:00-04:00,16.208681401241805,16.347771566615688,16.208681401241805,16.301408767700195,8200,0.0,0.0
2023-07-10 00:00:00-04:00,16.227228862381114,16.375591956204108,16.21795594793873,16.357046127319336,47700,0.0,0.0
2023-07-11 00:00:00-04:00,16.37559379899165,16.412685460935208,16.329230990189984,16.38486671447754,38700,0.0,0.0
2023-07-12 00:00:00-04:00,16.47759369585108,16.496139526367188,16.357047566124134,16.496139526367188,46000,0.0,0.0
2023-07-13 00:00:00-04:00,16.46831107196352,16.53321967187632,16.412675381842075,16.52394676208496,14600,0.0,0.0
2023-07-14 00:00:00-04:00,16.570318049664237,16.570318049664237,16.412682056359007,16.421953201293945,17900,0.0,0.0
2023-07-17 00:00:00-04:00,16.49613732948954,16.644500416604604,16.36631830179322,16.403409957885742,16100,0.0,0.0
2023-07-18 00:00:00-04:00,16.514685567124186,16.514685567124186,16.384868275211602,16.46832275390625,9100,0.0,0.0
2023-07-19 00:00:00-04:00,16.449772759373886,16.50540847488516,16.357045387770093,16.403409957885742,18000,0.0,0.0
2023-07-20 00:00:00-04:00,16.41268361397365,16.41268361397365,16.329229152619767,16.357046127319336,13200,0.0,0.0
2023-07-21 00:00:00-04:00,16.364488178439167,16.504037181447444,16.364488178439167,16.457521438598633,17800,0.058,0.0
2023-07-24 00:00:00-04:00,16.522644188371704,16.522644188371704,16.364488178439167,16.457521438598633,29600,0.0,0.0
2023-07-25 00:00:00-04:00,16.401702057987507,16.45752308434237,16.34588280609467,16.42030906677246,18900,0.0,0.0
2023-07-26 00:00:00-04:00,16.46682317211534,16.46682317211534,16.373789921955606,16.392396926879883,11100,0.0,0.0
2023-07-27 00:00:00-04:00,16.4203056653523,16.4203056653523,16.327272415161133,16.327272415161133,30200,0.0,0.0
2023-07-28 00:00:00-04:00,16.364491176120573,16.4482209481557,16.364491176120573,16.411006927490234,27000,0.0,0.0
2023-07-31 00:00:00-04:00,16.457523627501903,16.46682713220143,16.383097364367767,16.42961311340332,38600,0.0,0.0
2023-08-01 00:00:00-04:00,16.46682399578002,16.46682399578002,16.345880232184307,16.373790740966797,27300,0.0,0.0
2023-08-02 00:00:00-04:00,16.336575780810154,16.420305527834817,16.2342408034724,16.29006004333496,51100,0.0,0.0
2023-08-03 00:00:00-04:00,16.280760507122864,16.280760507122864,16.18772723504689,16.22494125366211,58300,0.0,0.0
2023-08-04 00:00:00-04:00,16.33658043291382,16.34588393795051,16.25285066204576,16.27145767211914,19400,0.0,0.0
2023-08-07 00:00:00-04:00,16.28075750208281,16.299364507956007,16.206331253051758,16.206331253051758,13100,0.0,0.0
2023-08-08 00:00:00-04:00,16.22494086364041,16.252849602468867,16.122604089370643,16.150514602661133,28300,0.0,0.0
2023-08-09 00:00:00-04:00,16.159819599089005,16.18772834049421,16.113302072643336,16.178424835205078,15000,0.0,0.0
2023-08-10 00:00:00-04:00,16.187729585662936,16.243548847229192,16.122606818091917,16.13191032409668,15200,0.0,0.0
2023-08-11 00:00:00-04:00,16.10399191697446,16.187721655537047,16.05747618420034,16.094688415527344,31600,0.0,0.0
2023-08-14 00:00:00-04:00,16.08538668854169,16.15981292565716,16.08538668854169,16.094688415527344,37000,0.0,0.0
2023-08-15 00:00:00-04:00,16.076088493772833,16.11330073738351,16.076088493772833,16.085391998291016,30100,0.0,0.0
2023-08-16 00:00:00-04:00,16.085391473659353,16.12260371605634,16.010963439941406,16.010963439941406,24800,0.0,0.0
2023-08-17 00:00:00-04:00,16.057480961015123,16.094693203412106,15.992358205973911,16.010963439941406,29300,0.0,0.0
2023-08-18 00:00:00-04:00,16.076087408919655,16.113299650019158,15.964447136697284,16.066783905029297,23500,0.0,0.0
2023-08-21 00:00:00-04:00,16.074250514730537,16.074250514730537,15.980905532836916,15.980905532836914,55700,0.058,0.0
2023-08-22 00:00:00-04:00,16.008912326905588,16.064919686164938,15.868893038536285,15.88756275177002,64700,0.0,0.0
2023-08-23 00:00:00-04:00,15.962235947774703,15.962235947774703,15.91556167602539,15.91556167602539,25500,0.0,0.0
2023-08-24 00:00:00-04:00,15.952902679388524,15.952902679388524,15.840886196495429,15.868890762329102,43900,0.0,0.0
2023-08-25 00:00:00-04:00,15.943567824110634,15.952902679388524,15.85955590705121,15.868890762329102,24100,0.0,0.0
2023-08-28 00:00:00-04:00,15.906227359759809,15.934230140180821,15.840883384414466,15.924895286560059,42400,0.0,0.0
2023-08-29 00:00:00-04:00,15.924896985951296,15.999574042445127,15.896894202542029,15.962236404418945,42600,0.0,0.0
2023-08-30 00:00:00-04:00,15.99957529016711,16.027579856201775,15.896895442256556,15.952902793884277,40900,0.0,0.0
2023-08-31 00:00:00-04:00,16.00890718870565,16.027576895947174,15.87822279889752,15.924895286560059,25700,0.0,0.0
2023-09-01 00:00:00-04:00,15.887557652518282,15.924895286560059,15.85021823803523,15.924895286560059,24800,0.0,0.0
2023-09-05 00:00:00-04:00,15.86888914509804,15.962235907922194,15.84088458211837,15.859554290771484,43000,0.0,0.0
2023-09-06 00:00:00-04:00,15.896894043355903,15.896894043355903,15.812882133086427,15.822216987609863,31500,0.0,0.0
2023-09-07 00:00:00-04:00,15.77554259341924,15.859554503041283,15.738204956054688,15.738204956054688,56400,0.0,0.0
2023-09-08 00:00:00-04:00,15.719532063269707,15.812878808436512,15.691527505587343,15.77553939819336,30100,0.0,0.0
2023-09-11 00:00:00-04:00,15.775544828674079,15.840887038651536,15.747542041793276,15.784879684448242,43400,0.0,0.0
2023-09-12 00:00:00-04:00,15.73820611978573,15.784878615052888,15.70086669921875,15.70086669921875,41000,0.0,0.0
2023-09-13 00:00:00-04:00,15.775543759911143,15.831551110320046,15.682196988935258,15.70086669921875,78700,0.0,0.0
2023-09-14 00:00:00-04:00,15.719535909403685,15.77554325803078,15.719535909403685,15.747540473937988,35400,0.0,0.0
2023-09-15 00:00:00-04:00,15.710204036933249,15.91556554117877,15.710204036933249,15.88756275177002,45600,0.0,0.0
2023-09-18 00:00:00-04:00,15.915561429250594,15.952900846071088,15.850219230256121,15.896893501281738,27400,0.0,0.0
2023-09-19 00:00:00-04:00,16.008909818653468,16.008909818653468,15.868890552222172,15.906229972839355,36100,0.0,0.0
2023-09-20 00:00:00-04:00,15.906229972839355,15.971572178477855,15.859555697067877,15.906229972839355,26100,0.0,0.0
2023-09-21 00:00:00-04:00,15.838790658123816,15.932456247841365,15.754491806030273,15.754491806030273,70300,0.058,0.0
2023-09-22 00:00:00-04:00,15.782591118135194,15.801324592314026,15.754490906866947,15.79195785522461,24300,0.0,0.0
2023-09-25 00:00:00-04:00,15.84815771819042,15.84815771819042,15.688926748387672,15.726393699645996,47700,0.0,0.0
2023-09-26 00:00:00-04:00,15.71702499936379,15.763856896066581,15.679558052783685,15.688924789428711,48100,0.0,0.0
2023-09-27 00:00:00-04:00,15.71702499936379,15.71702499936379,15.660824579493632,15.688924789428711,39200,0.0,0.0
2023-09-28 00:00:00-04:00,15.642089343271786,15.745119849943032,15.642089343271786,15.698287963867188,41100,0.0,0.0
2023-09-29 00:00:00-04:00,15.707662204214742,15.885624885559082,15.642096817769692,15.885624885559082,44300,0.0,0.0
2023-10-02 00:00:00-04:00,15.773225821597148,15.820057724798904,15.613994849579544,15.623361587524414,32600,0.0,0.0
2023-10-03 00:00:00-04:00,15.613993910610056,15.885622148586165,15.539061798079837,15.548428535461426,46200,0.0,0.0
2023-10-04 00:00:00-04:00,15.576529347752759,15.660828210581016,15.576529347752759,15.642096519470215,15600,0.0,0.0
2023-10-05 00:00:00-04:00,15.613993910610056,15.660825810995512,15.539061798079837,15.548428535461426,25900,0.0,0.0
2023-10-06 00:00:00-04:00,15.510963059038227,15.595261916956042,15.482864630747391,15.492231369018555,18100,0.0,0.0
2023-10-09 00:00:00-04:00,15.473493515605313,15.57652403439933,15.473493515605313,15.510958671569824,23200,0.0,0.0
2023-10-10 00:00:00-04:00,15.492232023378012,15.679561437145718,15.492232023378012,15.632729530334473,18000,0.0,0.0
2023-10-11 00:00:00-04:00,15.651456832885742,15.707657249129381,15.642091883367364,15.651456832885742,47500,0.0,0.0
2023-10-12 00:00:00-04:00,15.62335987720129,15.67955851219573,15.567161242206849,15.595259666442871,27800,0.0,0.0
2023-10-13 00:00:00-04:00,15.613993140281817,15.660825038356785,15.595259666442871,15.595259666442871,10600,0.0,0.0
2023-10-16 00:00:00-04:00,15.557797656641958,15.679561688214575,15.529697440191619,15.642096519470215,8200,0.0,0.0
2023-10-17 00:00:00-04:00,15.595262575667295,15.642096269001268,15.54843066885605,15.632729530334473,28700,0.0,0.0
2023-10-18 00:00:00-04:00,15.604625946145815,15.698291526073739,15.595259209500787,15.688924789428711,36400,0.0,0.0
2023-10-19 00:00:00-04:00,15.67019133277628,15.67019133277628,15.47349522258891,15.539060592651367,9400,0.0,0.0
2023-10-20 00:00:00-04:00,15.555978590684552,15.6499727819181,15.471383997853366,15.565378189086914,13700,0.058,0.0
2023-10-23 00:00:00-04:00,15.537181186669907,15.631173585113373,15.471383997853366,15.565378189086914,37200,0.0,0.0
2023-10-24 00:00:00-04:00,15.593578025573102,15.612377223633166,15.471385030972886,15.518383026123047,32600,0.0,0.0
2023-10-25 00:00:00-04:00,15.46198863492149,15.471386442018433,15.377394028726073,15.45258903503418,61100,0.0,0.0
2023-10-26 00:00:00-04:00,15.433789530271843,15.734569549560547,15.414990330868715,15.734569549560547,37800,0.0,0.0
2023-10-27 00:00:00-04:00,15.612371920268258,15.631169319152832,15.471379775501584,15.631169319152832,29900,0.0,0.0
2023-10-30 00:00:00-04:00,15.574779537193193,15.687572937902917,15.508984133775137,15.621777534484863,39700,0.0,0.0
2023-10-31 00:00:00-04:00,15.725169491692427,15.884959096382731,15.574779486429819,15.80036449432373,53200,0.0,0.0
2023-11-01 00:00:00-04:00,15.866159960719896,16.007152159906635,15.866159960719896,15.97895336151123,11500,0.0,0.0
2023-11-02 00:00:00-04:00,16.054149070237926,16.185739882954433,16.035349870481177,16.082347869873047,21800,0.0,0.0
2023-11-03 00:00:00-04:00,16.119943063798214,16.21393726155367,15.969553064505572,16.148141860961914,16400,0.0,0.0
2023-11-06 00:00:00-05:00,16.129344076474553,16.129344076474553,16.025950270602806,16.082347869873047,14100,0.0,0.0
2023-11-07 00:00:00-05:00,16.129345501710535,16.27033592676374,16.01655387878418,16.01655387878418,55400,0.0,0.0
2023-11-08 00:00:00-05:00,16.063547591576846,16.091746389318644,15.9789529911417,15.99775218963623,34200,0.0,0.0
2023-11-09 00:00:00-05:00,16.00714549454142,16.016545090092567,15.837956360199806,15.884952545166016,18100,0.0,0.0
2023-11-10 00:00:00-05:00,16.11994156993252,16.166939560849958,15.77216540109369,15.809762001037598,31300,0.0,0.0
2023-11-13 00:00:00-05:00,15.837960288636303,15.856759484401541,15.696969905976985,15.743966102600098,51500,0.0,0.0
2023-11-14 00:00:00-05:00,15.856762886047363,16.03534990575826,15.847363286148312,15.856762886047363,163100,0.0,0.0
2023-11-15 00:00:00-05:00,15.922559590492286,16.204540439288316,15.866161986500668,16.195140838623047,87000,0.0,0.0
2023-11-16 00:00:00-05:00,16.213938374781193,16.411324590108734,16.17633997598147,16.364328384399414,19800,0.0,0.0
2023-11-17 00:00:00-05:00,16.354926375715767,16.38312517066204,16.279731381982433,16.29853057861328,19500,0.0,0.0
2023-11-20 00:00:00-05:00,16.29853193086355,16.345528133549774,16.29853193086355,16.326730728149414,38600,0.0,0.0
2023-11-21 00:00:00-05:00,16.296551074243016,16.456876005716573,16.296551074243016,16.447444915771484,40300,0.058,0.0
2023-11-22 00:00:00-05:00,16.400289785696543,16.598339080810547,16.400289785696543,16.598339080810547,36400,0.0,0.0
2023-11-24 00:00:00-05:00,16.617203432548973,16.617203432548973,16.475738860925777,16.504032135009766,15500,0.0,0.0
2023-11-27 00:00:00-05:00,16.504030048512952,16.607770241575636,16.494598958343936,16.551183700561523,28100,0.0,0.0
2023-11-28 00:00:00-05:00,16.617201331744653,16.617201331744653,16.46630568783688,16.551183700561523,5600,0.0,0.0
2023-11-29 00:00:00-05:00,16.560612474992542,16.61719900809393,16.55118138614231,16.570043563842773,10800,0.0,0.0
2023-11-30 00:00:00-05:00,16.617201331744653,16.617201331744653,16.485167868174916,16.551183700561523,53700,0.0,0.0
2023-12-01 00:00:00-05:00,16.598340140009583,16.796387648965187,16.588909049278847,16.758665084838867,21700,0.0,0.0
2023-12-04 00:00:00-05:00,16.69265187526096,16.834114660889224,16.52289581298828,16.52289581298828,31300,0.0,0.0
2023-12-05 00:00:00-05:00,16.607770170939453,16.636061642529658,16.58890799068164,16.598339080810547,11100,0.0,0.0
2023-12-06 00:00:00-05:00,16.673789354239396,16.673789354239396,16.4757400193203,16.49460220336914,19900,0.0,0.0
2023-12-07 00:00:00-05:00,16.47574035191425,16.58891165969501,16.47574035191425,16.52289581298828,35200,0.0,0.0
2023-12-08 00:00:00-05:00,16.475736636170833,16.579476828340447,16.33427388244641,16.35313606262207,57500,0.0,0.0
2023-12-11 00:00:00-05:00,16.353137633332604,16.43801565347905,16.2965528861672,16.324844360351562,46500,0.0,0.0
2023-12-12 00:00:00-05:00,16.324842221209583,16.40972023023395,16.296550750732422,16.296550750732422,43500,0.0,0.0
2023-12-13 00:00:00-05:00,16.296550331644994,16.438013076782227,16.296550331644994,16.438013076782227,58300,0.0,0.0
2023-12-14 00:00:00-05:00,16.522895687672044,16.87183710298879,16.522895687672044,16.692651748657227,29200,0.0,0.0
2023-12-15 00:00:00-05:00,16.692647008806148,16.730369567871094,16.588906823483867,16.730369567871094,29400,0.0,0.0
2023-12-18 00:00:00-05:00,16.65492599919754,16.65492599919754,16.494601043648434,16.504032135009766,36000,0.0,0.0
2023-12-19 00:00:00-05:00,16.53231851946659,16.57004107039478,16.48516308231135,16.513456344604492,19100,0.0,0.0
2023-12-20 00:00:00-05:00,16.532323338325426,16.626630642532692,16.4285831451416,16.4285831451416,38300,0.0,0.0
2023-12-21 00:00:00-05:00,16.483464955311042,16.56862651413181,16.43615378032423,16.49292755126953,48600,0.058,0.0
2023-12-22 00:00:00-05:00,16.62540041466127,16.861959901050433,16.530776259144478,16.55916404724121,83200,0.0,0.0
2023-12-26 00:00:00-05:00,16.653791090940476,16.653791090940476,16.464542747086508,16.521316528320312,105500,0.0,0.0
2023-12-27 00:00:00-05:00,16.51185429459742,16.67271483139451,16.50239169774985,16.57809066772461,61900,0.0,0.0
2023-12-28 00:00:00-05:00,16.52131377428015,16.65378831481731,16.44561481031848,16.48346519470215,84800,0.0,0.0
2023-12-29 00:00:00-05:00,16.426691534483435,16.559164271114536,16.39830374600291,16.407766342163086,111000,0.0,0.0
2024-01-02 00:00:00-05:00,16.44561541435356,16.559164766869475,16.417229429828883,16.530776977539062,33400,0.0,0.0
2024-01-03 00:00:00-05:00,16.530776625274765,16.615938186645508,16.483465448871325,16.615938186645508,44800,0.0,0.0
2024-01-04 00:00:00-05:00,16.568630332309823,16.653791910755757,16.568630332309823,16.63486671447754,35100,0.0,0.0
2024-01-05 00:00:00-05:00,16.597018126727153,16.682177900367034,16.587555528588044,16.63486671447754,21600,0.0,0.0
2024-01-08 00:00:00-05:00,16.634860926425304,16.852495193481445,16.634860926425304,16.852495193481445,40800,0.0,0.0
2024-01-09 00:00:00-05:00,16.776799915287164,16.890349273519767,16.720026138573772,16.78626251220703,28200,0.0,0.0
2024-01-10 00:00:00-05:00,16.70109704954017,16.861957550048828,16.70109704954017,16.861957550048828,21200,0.0,0.0
2024-01-11 00:00:00-05:00,16.748416314691855,16.843038687755296,16.701103323354058,16.7673397064209,39000,0.0,0.0
2024-01-12 00:00:00-05:00,16.738948767747754,17.107980967052086,16.738948767747754,17.09851837158203,41000,0.0,0.0
2024-01-16 00:00:00-05:00,17.051211941785073,17.145836117999508,16.98497555987678,17.13637351989746,27800,0.0,0.0
2024-01-17 00:00:00-05:00,17.07013286751809,17.145831828590662,17.05120767604855,17.079593658447266,19600,0.0,0.0
2024-01-18 00:00:00-05:00,17.11744546164668,17.11744546164668,16.947122333900026,16.956584930419922,15800,0.0,0.0
2024-01-19 00:00:00-05:00,16.956581931988914,16.956581931988914,16.738947664932773,16.852495193481445,19800,0.0,0.0
2024-01-22 00:00:00-05:00,16.898116967148372,16.993155541219057,16.869604307280404,16.888612747192383,47700,0.078,0.0
2024-01-23 00:00:00-05:00,16.898116967148372,16.955140474139704,16.746053073341752,16.888612747192383,22800,0.0,0.0
2024-01-24 00:00:00-05:00,16.88861396839232,16.96464592079343,16.81258201599121,16.81258201599121,18300,0.0,0.0
2024-01-25 00:00:00-05:00,16.81258201599121,16.88861396839232,16.765060912775056,16.81258201599121,15000,0.0,0.0
2024-01-26 00:00:00-05:00,16.803076613205267,16.812580833179847,16.612995839202828,16.689027786254883,19900,0.0,0.0
2024-01-29 00:00:00-05:00,16.6890292533104,16.945637776947578,16.679525032500344,16.850597381591797,23100,0.0,0.0
2024-01-30 00:00:00-05:00,16.8505970858194,16.936133258863737,16.765060912775056,16.81258201599121,22800,0.0,0.0
2024-01-31 00:00:00-05:00,16.812582311096346,16.898118485642073,16.80307809028629,16.850597381591797,30800,0.0,0.0
2024-02-01 00:00:00-05:00,16.888611733755972,17.05968405720902,16.860099075598967,16.983652114868164,36100,0.0,0.0
2024-02-02 00:00:00-05:00,16.831590748871644,16.86010341436608,16.774567230627735,16.841094970703125,56900,0.0,0.0
2024-02-05 00:00:00-05:00,16.784069648666183,16.850597381591797,16.698533474120456,16.850597381591797,21400,0.0,0.0
2024-02-06 00:00:00-05:00,16.77456291387244,17.04067561843768,16.77456291387244,16.983652114868164,39000,0.0,0.0
2024-02-07 00:00:00-05:00,17.01216830783215,17.08820027407266,16.945640563964844,16.945640563964844,23700,0.0,0.0
2024-02-08 00:00:00-05:00,16.974153231084433,16.983657453457628,16.926632119218453,16.945640563964844,33900,0.0,0.0
2024-02-09 00:00:00-05:00,16.917127896845255,17.01216830783215,16.917127896845255,16.945640563964844,13600,0.0,0.0
2024-02-12 00:00:00-05:00,16.93613482406945,17.02167100501888,16.91712638102626,16.9931583404541,18600,0.0,0.0
2024-02-13 00:00:00-05:00,16.907625198364258,16.955144496673345,16.907625198364258,16.907625198364258,34700,0.0,0.0
2024-02-14 00:00:00-05:00,16.907621876426013,16.993156234027936,16.907621876426013,16.964645385742188,37100,0.0,0.0
2024-02-15 00:00:00-05:00,16.955140148653623,17.088195599994012,16.955140148653623,17.05968475341797,13600,0.0,0.0
2024-02-16 00:00:00-05:00,16.93613141536364,17.126212182048466,16.93613141536364,17.031171798706055,36500,0.0,0.0
2024-02-20 00:00:00-05:00,17.107208251953125,17.145225140408407,17.088199807725484,17.107208251953125,18500,0.0,0.0
2024-02-21 00:00:00-05:00,17.105295181274414,17.15302128089037,17.105295181274414,17.105295181274414,18100,0.078,0.0
2024-02-22 00:00:00-05:00,17.14347882438726,17.153024410178684,17.04802660774165,17.095752716064453,16800,0.0,0.0
2024-02-23 00:00:00-05:00,17.143473968752797,17.16256513492836,17.048021779142605,17.133930206298828,17600,0.0,0.0
2024-02-26 00:00:00-05:00,17.09575202156087,17.133934363175445,17.048025915176908,17.086206436157227,12300,0.0,0.0
2024-02-27 00:00:00-05:00,17.076657696524357,17.095748863805316,16.943023166825487,16.962114334106445,23400,0.0,0.0
2024-02-28 00:00:00-05:00,16.933481398878858,17.124389473438733,16.914390227296003,17.095752716064453,44000,0.0,0.0
2024-02-29 00:00:00-05:00,17.143476664812212,17.181659003168065,17.143476664812212,17.1721134185791,44500,0.0,0.0
2024-03-01 00:00:00-05:00,17.133934725351388,17.334386561162272,17.133934725351388,17.277114868164062,70700,0.0,0.0
2024-03-04 00:00:00-05:00,17.277115470020814,17.277115470020814,17.153024673461914,17.153024673461914,17600,0.0,0.0
2024-03-05 00:00:00-05:00,17.15302076439398,17.22938361386054,17.086203498689983,17.124385833740234,15900,0.0,0.0
2024-03-06 00:00:00-05:00,17.13393316985655,17.258022130193044,17.13393316985655,17.229385375976562,22700,0.0,0.0
2024-03-07 00:00:00-05:00,17.229387632138447,17.28666114807129,17.200752694806397,17.28666114807129,18800,0.0,0.0
2024-03-08 00:00:00-05:00,17.286660542513935,17.32484106449732,17.277114956859517,17.305749893188477,25600,0.0,0.0
2024-03-11 00:00:00-04:00,17.448929620849867,17.553927408321783,17.353475597174793,17.487110137939453,52200,0.0,0.0
2024-03-12 00:00:00-04:00,17.506202251865282,17.553928355962256,17.41074822303717,17.4202938079834,16500,0.0,0.0
2024-03-13 00:00:00-04:00,17.46802104982134,17.611203012706433,17.46802104982134,17.515748977661133,28400,0.0,0.0
2024-03-14 00:00:00-04:00,17.496658662449896,17.534841006589584,17.18166160583496,17.18166160583496,17000,0.0,0.0
2024-03-15 00:00:00-04:00,17.267570156580213,17.58256721496582,17.267570156580213,17.58256721496582,27800,0.0,0.0
2024-03-18 00:00:00-04:00,17.56347604278866,17.611203973231564,17.496658760802983,17.58256721496582,64100,0.0,0.0
2024-03-19 00:00:00-04:00,17.639838910862917,17.639838910862917,17.55393045670008,17.58256721496582,31300,0.0,0.0
2024-03-20 00:00:00-04:00,17.714853337194096,17.724439516434806,17.59023666381836,17.59023666381836,26400,0.078,0.0
2024-03-21 00:00:00-04:00,17.63816424864938,17.63816424864938,17.494375228881836,17.494375228881836,13100,0.0,0.0
2024-03-22 00:00:00-04:00,17.57106193172993,17.71485094416318,17.503960514486177,17.56147575378418,13900,0.0,0.0
2024-03-25 00:00:00-04:00,17.532718452246623,17.532718452246623,17.36017091184239,17.398513793945312,24100,0.0,0.0
2024-03-26 00:00:00-04:00,17.39851172885018,17.465613135848102,17.3505826748163,17.388925552368164,23700,0.0,0.0
2024-03-27 00:00:00-04:00,17.503958414970846,17.503958414970846,17.283481833793196,17.30265235900879,52400,0.0,0.0
2024-03-28 00:00:00-04:00,17.30265504311524,17.340999756247268,17.101350784301758,17.101350784301758,53500,0.0,0.0
2024-04-01 00:00:00-04:00,17.18762471711669,17.18762471711669,17.01507716320311,17.110937118530273,73100,0.0,0.0
2024-04-02 00:00:00-04:00,17.053423906903664,17.082180617061713,16.94797776065271,16.995906829833984,61400,0.0,0.0
2024-04-03 00:00:00-04:00,17.034247173594522,17.043833350644466,16.919214877371513,16.95755958557129,32200,0.0,0.0
2024-04-04 00:00:00-04:00,17.1396954766587,17.1396954766587,16.919218838027106,16.96714973449707,44300,0.0,0.0
2024-04-05 00:00:00-04:00,17.005492000750785,17.005492000750785,16.91921821863995,16.928804397583008,37000,0.0,0.0
2024-04-08 00:00:00-04:00,16.976734085414314,17.01507880259029,16.957563555203077,16.96714973449707,18800,0.0,0.0
2024-04-09 00:00:00-04:00,17.034246994846473,17.158863638435445,16.96714558457731,17.072589874267578,40100,0.0,0.0
2024-04-10 00:00:00-04:00,17.034245495966115,17.158862128589803,16.957557915495507,16.976728439331055,43300,0.0,0.0
2024-04-11 00:00:00-04:00,17.053419348745177,17.09176222816628,17.015074640947766,17.072589874267578,24600,0.0,0.0
2024-04-12 00:00:00-04:00,17.13969394127236,17.360172388530085,17.091764877472663,17.245140075683594,62800,0.0,0.0
2024-04-15 00:00:00-04:00,17.206798680228832,17.225969210382708,17.082180178156566,17.091766357421875,26100,0.0,0.0
2024-04-16 00:00:00-04:00,17.09176222816628,17.178035992334152,16.98631611009971,17.072589874267578,42800,0.0,0.0
2024-04-17 00:00:00-04:00,17.206796723199567,17.216381072998047,17.015076816452304,17.216381072998047,30500,0.0,0.0
2024-04-18 00:00:00-04:00,17.216382282418213,17.216382282418213,17.149280858855878,17.168453216552734,18200,0.0,0.0
2024-04-19 00:00:00-04:00,17.254724188681976,17.254724188681976,17.091762831542702,17.235551834106445,42700,0.0,0.0
2024-04-22 00:00:00-04:00,17.214371078307746,17.262510803956523,17.214371078307746,17.2239990234375,14700,0.078,0.0
2024-04-23 00:00:00-04:00,17.262513720099466,17.35879135131836,17.262513720099466,17.35879135131836,24100,0.0,0.0
2024-04-24 00:00:00-04:00,17.47432373566246,17.580229317855487,17.368419989812583,17.541717529296875,24800,0.0,0.0
2024-04-25 00:00:00-04:00,17.47431719829846,17.493573085373892,17.34915760499307,17.464689254760742,21100,0.0,0.0
2024-04-26 00:00:00-04:00,17.56097371032222,17.56097371032222,17.38767433166504,17.38767433166504,22800,0.0,0.0
2024-04-29 00:00:00-04:00,17.416556494126223,17.474322335994025,17.339534759521484,17.339534759521484,46800,0.0,0.0
2024-04-30 00:00:00-04:00,17.33953437127403,17.493577837034337,17.33953437127403,17.43581199645996,16600,0.0,0.0
2024-05-01 00:00:00-04:00,17.426183212526553,17.686132237128383,17.426183212526553,17.62836456298828,80300,0.0,0.0
2024-05-02 00:00:00-04:00,17.58985589311119,17.715015523478808,17.52246210473301,17.609111785888672,55700,0.0,0.0
2024-05-03 00:00:00-04:00,17.782406298568784,17.80166218808329,17.67650257892439,17.68613052368164,17700,0.0,0.0
2024-05-06 00:00:00-04:00,17.6861308036645,17.763152526599136,17.66687491384516,17.695756912231445,46900,0.0,0.0
2024-05-07 00:00:00-04:00,17.69575665539851,17.71501254493838,17.378041823361553,17.580224990844727,77700,0.0,0.0
2024-05-08 00:00:00-04:00,17.60911085758608,17.686132588292633,17.589854965823715,17.63799285888672,28100,0.0,0.0
2024-05-09 00:00:00-04:00,17.68613115427158,17.72464109833095,17.65724731896998,17.705385208129883,15000,0.0,0.0
2024-05-10 00:00:00-04:00,17.705383167691163,17.715011111682134,17.580223568493647,17.64761734008789,18600,0.0,0.0
2024-05-13 00:00:00-04:00,17.64761994840544,17.71501372996048,17.64761994840544,17.6668758392334,7800,0.0,0.0
2024-05-14 00:00:00-04:00,17.695755223700193,17.724639055673105,17.64761734008789,17.64761734008789,5700,0.0,0.0
2024-05-15 00:00:00-04:00,17.73427091572238,17.830548540549433,17.73427091572238,17.81129264831543,16700,0.0,0.0
2024-05-16 00:00:00-04:00,17.859427422377177,17.859427422377177,17.801661592110268,17.83054542541504,16900,0.0,0.0
2024-05-17 00:00:00-04:00,17.859430034060516,17.90756976327488,17.801664195346188,17.849803924560547,32000,0.0,0.0
2024-05-20 00:00:00-04:00,17.88831019615916,17.88831019615916,17.7824046499904,17.801660537719727,31800,0.0,0.0
2024-05-21 00:00:00-04:00,17.90756701645369,18.177142113332685,17.897939072087638,18.14826011657715,22200,0.0,0.0
2024-05-22 00:00:00-04:00,18.14826253026688,18.14826253026688,18.090496692730422,18.109750747680664,36500,0.0,0.0
2024-05-23 00:00:00-04:00,18.15616048616053,18.272173254307923,18.020809798002304,18.040145874023438,39700,0.078,0.0
2024-05-24 00:00:00-04:00,18.040145874023438,18.136824410139397,18.03047783601287,18.040145874023438,12300,0.0,0.0
2024-05-28 00:00:00-04:00,18.049814025676735,18.098152372044204,17.7114400691353,17.74044418334961,27600,0.0,0.0
2024-05-29 00:00:00-04:00,17.66310057073133,17.78878136948333,17.63409645840875,17.64376449584961,18400,0.0,0.0
2024-05-30 00:00:00-04:00,17.69210115230357,17.75977740793736,17.634094777178316,17.711437225341797,21700,0.0,0.0
2024-05-31 00:00:00-04:00,17.885456903593198,17.885456903593198,17.72110398261142,17.730772018432617,21700,0.0,0.0
2024-06-03 00:00:00-04:00,17.827452019524802,17.982136917586622,17.740441533866345,17.837120056152344,15400,0.0,0.0
2024-06-04 00:00:00-04:00,17.856455254613742,17.90479544037522,17.77911280138491,17.808116912841797,27500,0.0,0.0
2024-06-05 00:00:00-04:00,17.808116195960498,17.895126682838942,17.788780122434297,17.846786499023438,14800,0.0,0.0
2024-06-06 00:00:00-04:00,17.837117438140382,17.914459875819492,17.837117438140382,17.87578773498535,26600,0.0,0.0
2024-06-07 00:00:00-04:00,17.89512643192817,17.89512643192817,17.788779873014626,17.837120056152344,10700,0.0,0.0
2024-06-10 00:00:00-04:00,17.885457591977907,17.933795928955078,17.817783182614125,17.933795928955078,10400,0.0,0.0
2024-06-11 00:00:00-04:00,17.933796468133245,18.11748547334993,17.91446223915471,18.011138916015625,35100,0.0,0.0
2024-06-12 00:00:00-04:00,18.098152258097134,18.146492448149964,18.03047783601287,18.040145874023438,18900,0.0,0.0
2024-06-13 00:00:00-04:00,18.05948195004457,18.15616048616053,18.020809798002304,18.040145874023438,18100,0.0,0.0
2024-06-14 00:00:00-04:00,18.08847903332314,18.19482557695543,18.08847903332314,18.117483139038086,19800,0.0,0.0
2024-06-17 00:00:00-04:00,18.1078182902355,18.223832889521212,18.040143875647793,18.0981502532959,85500,0.0,0.0
2024-06-18 00:00:00-04:00,18.098146108720794,18.194824611987396,18.098146108720794,18.146486282348633,22700,0.0,0.0
2024-06-20 00:00:00-04:00,18.194824611987396,18.214160681438532,18.069143848533166,18.146486282348633,17600,0.0,0.0
2024-06-21 00:00:00-04:00,18.15425686095758,18.26104534369631,18.12513171929197,18.19308853149414,47400,0.078,0.0
2024-06-24 00:00:00-04:00,18.193088370513088,18.251336801644644,18.105714797973633,18.105714797973633,25700,0.0,0.0
2024-06-25 00:00:00-04:00,18.173669820673357,18.251335005098642,18.057172969877456,18.154254913330078,38400,0.0,0.0
2024-06-26 00:00:00-04:00,18.173671889866,18.251337083133983,18.09600669659802,18.24163055419922,27800,0.0,0.0
2024-06-27 00:00:00-04:00,18.25133880736103,18.25133880736103,18.115425169223197,18.163965225219727,40000,0.0,0.0
2024-06-28 00:00:00-04:00,18.231920097755363,18.270751764125976,18.154254913330078,18.154254913330078,23500,0.0,0.0
2024-07-01 00:00:00-04:00,18.183378200187022,18.222211718241695,18.154254913330078,18.154254913330078,14900,0.0,0.0
2024-07-02 00:00:00-04:00,18.20279495921436,18.29987690266698,18.154254913330078,18.154254913330078,26700,0.0,0.0
2024-07-03 00:00:00-04:00,18.15425686095758,18.19308853149414,18.15425686095758,18.19308853149414,2800,0.0,0.0
2024-07-05 00:00:00-04:00,18.241626557157197,18.241626557157197,18.12512786693988,18.173667907714844,21800,0.0,0.0
2024-07-08 00:00:00-04:00,18.173671609574487,18.173671609574487,18.057174747311375,18.105714797973633,12400,0.0,0.0
2024-07-09 00:00:00-04:00,18.086298133012786,18.202796847578355,18.086298133012786,18.144548416137695,11300,0.0,0.0
2024-07-10 00:00:00-04:00,18.231923882551342,18.231923882551342,18.096008392829123,18.134841918945312,17300,0.0,0.0
2024-07-11 00:00:00-04:00,18.212505404542515,18.290170597777237,18.202797023927644,18.261045455932617,41900,0.0,0.0
2024-07-12 00:00:00-04:00,18.290172531104425,18.299880912745504,18.251339004540107,18.270755767822266,26200,0.0,0.0
2024-07-15 00:00:00-04:00,18.251339004540107,18.348420969266435,18.251339004540107,18.270755767822266,21300,0.0,0.0
2024-07-16 00:00:00-04:00,18.319294093754177,18.387250900268555,18.319294093754177,18.387250900268555,9100,0.0,0.0
2024-07-17 00:00:00-04:00,18.329002252352602,18.387252535990356,18.19308862723303,18.231922149658203,19800,0.0,0.0
2024-07-18 00:00:00-04:00,18.212501346740893,18.261041387316123,18.086294278551133,18.1251277923584,11800,0.0,0.0
2024-07-19 00:00:00-04:00,18.202796912049344,18.290170485361923,18.173671770383734,18.19308853149414,5700,0.0,0.0
2024-07-22 00:00:00-04:00,18.309587430861612,18.34841910178923,18.212505476016155,18.290170669555664,9800,0.0,0.0
2024-07-23 00:00:00-04:00,18.31746786841502,18.356460977056994,18.24922667437233,18.278472900390625,30500,0.078,0.0
2024-07-24 00:00:00-04:00,18.366209272078116,18.4052023797711,18.19073563900374,18.2297306060791,30700,0.0,0.0
2024-07-25 00:00:00-04:00,18.229731740131076,18.317468562126276,18.180988028254585,18.190736770629883,33000,0.0,0.0
2024-07-26 00:00:00-04:00,18.24922720617335,18.405203364051395,18.132246017456055,18.132246017456055,82700,0.0,0.0
2024-07-29 00:00:00-04:00,18.210231283266676,18.249224387021272,18.132243216375304,18.161487579345703,42400,0.0,0.0
2024-07-30 00:00:00-04:00,18.229730516510376,18.229730516510376,18.044508142577225,18.102998733520508,21800,0.0,0.0
2024-07-31 00:00:00-04:00,18.229730516510376,18.229730516510376,18.083501250078626,18.102998733520508,34200,0.0,0.0
2024-08-01 00:00:00-04:00,18.17123887933884,18.26872444152832,18.11274828577813,18.26872444152832,25000,0.0,0.0
2024-08-02 00:00:00-04:00,18.258975539330788,18.28822176554602,18.18098746213926,18.210233688354492,21800,0.0,0.0
2024-08-05 00:00:00-04:00,18.180985674039306,18.297968708012526,18.054255758335373,18.141992568969727,23700,0.0,0.0
2024-08-06 00:00:00-04:00,18.21997833251953,18.249222692774904,18.13224153298939,18.21997833251953,20200,0.0,0.0
2024-08-07 00:00:00-04:00,18.180986285750677,18.258974357896037,18.17123754430972,18.249225616455078,11400,0.0,0.0
2024-08-08 00:00:00-04:00,18.249225002447748,18.327213071969148,18.132243827856772,18.141992568969727,40600,0.0,0.0
2024-08-09 00:00:00-04:00,18.317466806541788,18.41495050218676,18.180986285750677,18.249225616455078,8100,0.0,0.0
2024-08-12 00:00:00-04:00,18.180985391333916,18.336961527951363,18.132243545909294,18.15174102783203,38000,0.0,0.0
2024-08-13 00:00:00-04:00,18.258975539330788,18.258975539330788,18.14199435323471,18.210233688354492,14400,0.0,0.0
2024-08-14 00:00:00-04:00,18.2394780551873,18.2394780551873,18.151743095306454,18.210233688354492,12300,0.0,0.0
2024-08-15 00:00:00-04:00,18.15174013500686,18.2492238210612,18.132242654043147,18.180984497070312,15200,0.0,0.0
2024-08-16 00:00:00-04:00,18.200480852761277,18.258971432654032,18.13224153298939,18.21997833251953,8500,0.0,0.0
2024-08-19 00:00:00-04:00,18.1712363201299,18.28821935015805,18.161487579345703,18.161487579345703,20900,0.0,0.0
2024-08-20 00:00:00-04:00,18.21023312254142,18.27847245554093,18.180986897234902,18.2297306060791,10600,0.0,0.0
2024-08-21 00:00:00-04:00,18.190735027191636,18.278471840777954,18.190735027191636,18.249225616455078,35100,0.0,0.0
2024-08-22 00:00:00-04:00,18.28642565465239,18.28642565465239,18.227690335843523,18.276636123657227,10500,0.078,0.0
2024-08-23 00:00:00-04:00,18.286425358392634,18.41368552494378,18.208110978862216,18.315792083740234,52100,0.0,0.0
2024-08-26 00:00:00-04:00,18.540947769716844,18.540947769716844,18.315792292237017,18.42347526550293,34800,0.0,0.0
2024-08-27 00:00:00-04:00,18.374530493525185,18.47242394125388,18.335372367568823,18.413686752319336,13200,0.0,0.0
2024-08-28 00:00:00-04:00,18.472423218210984,18.482210882154753,18.364740243208097,18.384319305419922,20100,0.0,0.0
2024-08-29 00:00:00-04:00,18.43326407369813,18.46263266539062,18.315791574090213,18.394107818603516,32500,0.0,0.0
2024-08-30 00:00:00-04:00,18.50179028015537,18.550737936573274,18.433265428332472,18.472423553466797,24600,0.0,0.0
2024-09-03 00:00:00-04:00,18.462634840249084,18.482212036521524,18.34516232680316,18.354951858520508,32900,0.0,0.0
2024-09-04 00:00:00-04:00,18.374528884887695,18.482209987516093,18.374528884887695,18.374528884887695,8600,0.0,0.0
2024-09-05 00:00:00-04:00,18.394108667933047,18.531158367835385,18.325581950819757,18.40389633178711,29000,0.0,0.0
2024-09-06 00:00:00-04:00,18.443055776814386,18.531159695108265,18.354951858520508,18.354951858520508,9700,0.0,0.0
2024-09-09 00:00:00-04:00,18.42347526550293,18.452843858346935,18.37452947792503,18.42347526550293,20000,0.0,0.0
2024-09-10 00:00:00-04:00,18.403896075698892,18.44305419921875,18.403896075698892,18.44305419921875,13000,0.0,0.0
2024-09-11 00:00:00-04:00,18.44305276254147,18.511577606201172,18.43326323242409,18.511577606201172,7300,0.0,0.0
2024-09-12 00:00:00-04:00,18.54094886779785,18.570315595218982,18.50179074168672,18.54094886779785,25500,0.0,0.0
2024-09-13 00:00:00-04:00,18.521369635573766,18.570315425603408,18.521369635573766,18.56052589416504,12900,0.0,0.0
2024-09-16 00:00:00-04:00,18.5311608099636,18.599685668945312,18.492002680738405,18.599685668945312,41700,0.0,0.0
2024-09-17 00:00:00-04:00,18.51157908910122,18.59968300005339,18.51157908910122,18.570314407348633,14100,0.0,0.0
2024-09-18 00:00:00-04:00,18.726941667297663,19.030411499450565,18.482209015849033,18.511577606201172,38800,0.0,0.0
2024-09-19 00:00:00-04:00,18.5115792570199,18.609472699761646,18.5115792570199,18.550737380981445,13500,0.0,0.0
2024-09-20 00:00:00-04:00,18.538943287663642,18.61758135768523,18.509453308325742,18.59792137145996,11800,0.078,0.0
2024-09-23 00:00:00-04:00,18.765027000372843,18.765027000372843,18.381666653678987,18.430814743041992,32400,0.0,0.0
2024-09-24 00:00:00-04:00,18.430815211998766,18.529113268105323,18.430815211998766,18.479963302612305,7900,0.0,0.0
2024-09-25 00:00:00-04:00,18.479961864792145,18.48979185712593,18.381665691212927,18.41115379333496,33300,0.0,0.0
2024-09-26 00:00:00-04:00,18.43081376494162,18.43081376494162,18.332515716552734,18.332515716552734,40600,0.0,0.0
2024-09-27 00:00:00-04:00,18.3521752329806,18.420983302633495,18.3521752329806,18.401323318481445,15600,0.0,0.0
2024-09-30 00:00:00-04:00,18.43081332460883,18.578259456229844,18.411153340424885,18.5585994720459,43200,0.0,0.0
2024-10-01 00:00:00-04:00,18.53894092164339,18.66672706604004,18.470132853516024,18.66672706604004,31200,0.0,0.0
2024-10-02 00:00:00-04:00,18.578258030888588,18.607748004902007,18.489789983727473,18.56842803955078,18000,0.0,0.0
2024-10-03 00:00:00-04:00,18.56842850382802,18.56842850382802,18.43081237141612,18.49962043762207,24000,0.0,0.0
2024-10-04 00:00:00-04:00,18.371835225845334,18.51928135729708,18.342345249603273,18.36200523376465,27100,0.0,0.0
2024-10-07 00:00:00-04:00,18.3620047430532,18.460302786353846,18.35217475123521,18.39149284362793,8600,0.0,0.0
2024-10-08 00:00:00-04:00,18.391493795634336,18.41115378028798,18.332515716552734,18.332515716552734,33500,0.0,0.0
2024-10-09 00:00:00-04:00,18.332516680572297,18.42098474128648,18.332516680572297,18.352176666259766,40200,0.0,0.0
2024-10-10 00:00:00-04:00,18.3620047430532,18.39149284362793,18.342344759417223,18.39149284362793,16200,0.0,0.0
2024-10-11 00:00:00-04:00,18.420984257210204,18.420984257210204,18.332516198820834,18.34234619140625,22800,0.0,0.0
2024-10-14 00:00:00-04:00,18.38166664479097,18.391494762755276,18.34234667341603,18.352176666259766,8600,0.0,0.0
2024-10-15 00:00:00-04:00,18.362005693533202,18.371835685860024,18.332515716552734,18.332515716552734,16900,0.0,0.0
2024-10-16 00:00:00-04:00,18.34234667341603,18.371836651947234,18.332516680572297,18.352176666259766,14700,0.0,0.0
2024-10-17 00:00:00-04:00,18.342345708879556,18.381665678186845,18.332515716552734,18.332515716552734,17700,0.0,0.0
2024-10-18 00:00:00-04:00,18.352177142089417,18.489793295710907,18.342347148990815,18.479963302612305,34300,0.0,0.0
2024-10-21 00:00:00-04:00,18.46030569085845,18.538943762895865,18.411155724035364,18.52911376953125,25000,0.0,0.0
2024-10-22 00:00:00-04:00,18.519283275006718,18.538943261203926,18.44064520509737,18.479963302612305,9400,0.0,0.0
2024-10-23 00:00:00-04:00,18.487859901096854,18.645791285797717,18.34967041015625,18.34967041015625,23800,0.078,0.0
2024-10-24 00:00:00-04:00,18.349670173118877,18.408893970944007,18.3101863861084,18.3101863861084,13400,0.0,0.0
2024-10-25 00:00:00-04:00,18.31018724685003,18.339800088499956,18.290447235107422,18.290447235107422,10600,0.0,0.0
2024-10-28 00:00:00-04:00,18.31018659186147,18.32992848558855,18.260833740234375,18.260833740234375,14700,0.0,0.0
2024-10-29 00:00:00-04:00,18.2707019458528,18.320054790075236,18.260831000470244,18.28057289123535,26000,0.0,0.0
2024-10-30 00:00:00-04:00,18.27070448178851,18.339799226366257,18.27070448178851,18.3101863861084,9500,0.0,0.0
2024-10-31 00:00:00-04:00,18.359541151642063,18.48785969426699,18.34967020487236,18.399023056030273,26900,0.0,0.0
2024-11-01 00:00:00-04:00,18.408892335103072,18.487858019416436,18.349668542540655,18.438505172729492,6900,0.0,0.0
2024-11-04 00:00:00-05:00,18.438506390924175,18.477988294344136,18.29044595839087,18.320056915283203,31800,0.0,0.0
2024-11-05 00:00:00-05:00,18.320057569515857,18.418765155626552,18.320057569515857,18.34967041015625,7700,0.0,0.0
2024-11-06 00:00:00-05:00,18.260832034027512,18.290444871851246,18.21147918701172,18.21147918701172,28400,0.0,0.0
2024-11-07 00:00:00-05:00,18.270704717805817,18.36941230391651,18.270704717805817,18.34967041015625,11900,0.0,0.0
2024-11-08 00:00:00-05:00,18.399021805258673,18.428634643554688,18.389150859160004,18.428634643554688,8600,0.0,0.0
2024-11-11 00:00:00-05:00,18.399023024191386,18.418764917696627,18.280575428541127,18.3101863861084,16300,0.0,0.0
2024-11-12 00:00:00-05:00,18.369410556690777,18.408892457765326,18.16212445730549,18.21147918701172,43100,0.0,0.0
2024-11-13 00:00:00-05:00,18.22134825026253,18.359539610749533,18.21147918701172,18.21147918701172,11300,0.0,0.0
2024-11-14 00:00:00-05:00,18.231222362422848,18.28057710070052,18.181869506835938,18.181869506835938,27200,0.0,0.0
2024-11-15 00:00:00-05:00,18.221350340889778,18.241092235037357,18.162126541137695,18.162126541137695,36800,0.0,0.0
2024-11-18 00:00:00-05:00,18.162125605785864,18.191738445482166,17.895615696590813,17.91535758972168,93500,0.0,0.0
2024-11-19 00:00:00-05:00,17.98445107806229,18.063416762385106,17.925227285492785,17.944969177246094,27900,0.0,0.0
2024-11-20 00:00:00-05:00,17.915356970116722,18.014064549666692,17.915356970116722,17.974580764770508,29800,0.0,0.0
2024-11-21 00:00:00-05:00,17.962687581086477,18.051904484353862,17.962687581086477,17.9924259185791,17100,0.078,0.0
2024-11-22 00:00:00-05:00,18.091558051415515,18.091558051415515,17.95277410155319,17.972599029541016,18500,0.0,0.0
2024-11-25 00:00:00-05:00,18.012251960500667,18.08164393270968,17.99242514250111,18.0419921875,20200,0.0,0.0
2024-11-26 00:00:00-05:00,18.05190488756614,18.141123683615852,17.992426320462847,18.111385345458984,33800,0.0,0.0
2024-11-27 00:00:00-05:00,18.0816434814275,18.190689086914062,18.0816434814275,18.190689086914062,35200,0.0,0.0
2024-11-29 00:00:00-05:00,18.289824383519313,18.289824383519313,18.160951938685944,18.26008415222168,14700,0.0,0.0
2024-12-02 00:00:00-05:00,18.319561992795183,18.33938881286888,18.210518263969128,18.32947540283203,17500,0.0,0.0
2024-12-03 00:00:00-05:00,18.329474343993123,18.37904139131402,18.27990918746175,18.299734115600586,20300,0.0,0.0
2024-12-04 00:00:00-05:00,18.319560015412122,18.339386833345742,18.24025463446707,18.309646606445312,20900,0.0,0.0
2024-12-05 00:00:00-05:00,18.26008309456526,18.388953641144514,18.220429455131892,18.230342864990234,21500,0.0,0.0
2024-12-06 00:00:00-05:00,18.220427422381754,18.31955961911596,18.14112204315227,18.190689086914062,30400,0.0,0.0
2024-12-09 00:00:00-05:00,18.141123875962855,18.240256082712456,18.131212356998514,18.17086410522461,11100,0.0,0.0
2024-12-10 00:00:00-05:00,18.151035451904626,18.220427422381754,18.14112204315227,18.190689086914062,19600,0.0,0.0
2024-12-11 00:00:00-05:00,18.21051774424028,18.220429263204622,18.071731898475008,18.17086410522461,54200,0.0,0.0
2024-12-12 00:00:00-05:00,18.16095029242822,18.190690521029953,18.051904678344727,18.051904678344727,33400,0.0,0.0
2024-12-13 00:00:00-05:00,18.061817964157694,18.17086357749424,17.992425988685174,18.012252807617188,23700,0.0,0.0
2024-12-16 00:00:00-05:00,17.982512385139103,18.061817769221708,17.952774047851562,17.952774047851562,46700,0.0,0.0
2024-12-17 00:00:00-05:00,17.942860230652727,17.982511976397998,17.823901211837995,17.83381462097168,69200,0.0,0.0
2024-12-18 00:00:00-05:00,17.794164052822694,17.913121188720403,17.794164052822694,17.903207778930664,46400,0.0,0.0
2024-12-19 00:00:00-05:00,17.84372795921649,17.92303334118143,17.794162804534448,17.813987731933594,60400,0.0,0.0
2024-12-20 00:00:00-05:00,17.853641510009766,17.8833817375287,17.853641510009766,17.853641510009766,6000,0.0,0.0
2024-12-23 00:00:00-05:00,17.871564676459773,17.891475839244553,17.772001266479492,17.772001266479492,38600,0.078,0.0
2024-12-24 00:00:00-05:00,17.71226377207405,17.821781812653427,17.433486607206202,17.562917709350586,70600,0.0,0.0
2024-12-26 00:00:00-05:00,17.572873898488215,17.65252424418563,17.513136613968666,17.58283042907715,35700,0.0,0.0
2024-12-27 00:00:00-05:00,17.632610670251804,17.66248026114999,17.543005695585205,17.612699508666992,51500,0.0,0.0
2024-12-30 00:00:00-05:00,17.632611183007768,17.672437305363495,17.552960837310355,17.58283042907715,56700,0.0,0.0
2024-12-31 00:00:00-05:00,17.732173532624692,17.78195618260112,17.403615638835948,17.533048629760742,106000,0.0,0.0
2025-01-02 00:00:00-05:00,17.592787301698092,17.6226568940456,17.513136954452147,17.562917709350586,39100,0.0,0.0
2025-01-03 00:00:00-05:00,17.592786980579607,17.78195726396611,17.493223573585976,17.692350387573242,65900,0.0,0.0
2025-01-06 00:00:00-05:00,17.692349501658185,17.722217192950875,17.602742629752235,17.632610321044922,51300,0.0,0.0
2025-01-07 00:00:00-05:00,17.632611715314876,17.73217512519585,17.632611715314876,17.6624813079834,25600,0.0,0.0
2025-01-08 00:00:00-05:00,17.77200004052819,17.77200004052819,17.68239316762863,17.732173919677734,16700,0.0,0.0
2025-01-10 00:00:00-05:00,17.69234969784124,17.77200004052819,17.68239316762863,17.732173919677734,20700,0.0,0.0
2025-01-13 00:00:00-05:00,17.72221773869462,17.752087329921064,17.70230657689099,17.712263107299805,17500,0.0,0.0
2025-01-14 00:00:00-05:00,17.68239438739865,17.772001266479492,17.68239438739865,17.772001266479492,16700,0.0,0.0
2025-01-15 00:00:00-05:00,17.790000915527344,17.889999389648438,17.790000915527344,17.84000015258789,25800,0.078,0.0
2025-01-16 00:00:00-05:00,17.809999465942383,17.850000381469727,17.799999237060547,17.84000015258789,13100,0.0,0.0
2025-01-17 00:00:00-05:00,17.860000610351562,17.940000534057617,17.860000610351562,17.940000534057617,34800,0.0,0.0
2025-01-21 00:00:00-05:00,17.989999771118164,18.0,17.940000534057617,17.969999313354492,12900,0.0,0.0
2025-01-22 00:00:00-05:00,18.0,18.09000015258789,17.93000030517578,18.06999969482422,15800,0.0,0.0
2025-01-23 00:00:00-05:00,18.049999237060547,18.139999389648438,18.010000228881836,18.100000381469727,23200,0.0,0.0
2025-01-24 00:00:00-05:00,18.100000381469727,18.190000534057617,18.100000381469727,18.170000076293945,16800,0.0,0.0
2025-01-27 00:00:00-05:00,18.260000228881836,18.34000015258789,18.040000915527344,18.1299991607666,19100,0.0,0.0
2025-01-28 00:00:00-05:00,18.09000015258789,18.100000381469727,18.060100555419922,18.06999969482422,9628,0.0,0.0
