Date,Open,High,Low,Close,Volume,Dividends,Stock Splits
2022-01-03 00:00:00-05:00,650.4000244140625,753.5999755859375,650.4000244140625,698.4000244140625,7943,0.0,0.0
2022-01-04 00:00:00-05:00,729.5999755859375,729.5999755859375,638.4000244140625,674.4000244140625,1762,0.0,0.0
2022-01-05 00:00:00-05:00,686.4000244140625,686.4000244140625,583.2000122070312,609.5999755859375,1804,0.0,0.0
2022-01-06 00:00:00-05:00,612.0,636.0,564.0,604.7999877929688,3876,0.0,0.0
2022-01-07 00:00:00-05:00,585.5999755859375,600.9600219726562,559.2000122070312,590.4000244140625,2443,0.0,0.0
2022-01-10 00:00:00-05:00,585.5999755859375,597.5999755859375,540.0,586.7999877929688,1032,0.0,0.0
2022-01-11 00:00:00-05:00,580.7999877929688,684.0,580.7999877929688,626.4000244140625,7364,0.0,0.0
2022-01-12 00:00:00-05:00,624.0,636.0,612.0,621.5999755859375,813,0.0,0.0
2022-01-13 00:00:00-05:00,621.5999755859375,633.1199951171875,583.2000122070312,590.4000244140625,909,0.0,0.0
2022-01-14 00:00:00-05:00,595.2000122070312,629.760009765625,583.2000122070312,624.0,748,0.0,0.0
2022-01-18 00:00:00-05:00,624.0,650.4000244140625,612.0,636.0,1123,0.0,0.0
2022-01-19 00:00:00-05:00,640.7999877929688,652.7999877929688,604.7999877929688,619.2000122070312,747,0.0,0.0
2022-01-20 00:00:00-05:00,676.7999877929688,708.0,580.3200073242188,595.2000122070312,17108,0.0,0.0
2022-01-21 00:00:00-05:00,576.0,595.2000122070312,552.0,561.5999755859375,1939,0.0,0.0
2022-01-24 00:00:00-05:00,552.0,571.2000122070312,408.0,453.6000061035156,5598,0.0,0.0
2022-01-25 00:00:00-05:00,434.3999938964844,499.20001220703125,417.6000061035156,489.6000061035156,1276,0.0,0.0
2022-01-26 00:00:00-05:00,480.0,520.7999877929688,441.6000061035156,465.6000061035156,898,0.0,0.0
2022-01-27 00:00:00-05:00,470.3999938964844,487.20001220703125,420.0,424.79998779296875,663,0.0,0.0
2022-01-28 00:00:00-05:00,432.0,432.0,405.6000061035156,429.6000061035156,573,0.0,0.0
2022-01-31 00:00:00-05:00,436.79998779296875,463.20001220703125,408.0,444.0,802,0.0,0.0
2022-02-01 00:00:00-05:00,434.3999938964844,463.20001220703125,429.6000061035156,448.79998779296875,492,0.0,0.0
2022-02-02 00:00:00-05:00,433.20001220703125,456.0,432.0,456.0,318,0.0,0.0
2022-02-03 00:00:00-05:00,456.0,456.0,427.20001220703125,429.6000061035156,302,0.0,0.0
2022-02-04 00:00:00-05:00,436.79998779296875,446.3999938964844,422.3999938964844,439.20001220703125,108,0.0,0.0
2022-02-07 00:00:00-05:00,439.20001220703125,441.6000061035156,422.3999938964844,439.20001220703125,251,0.0,0.0
2022-02-08 00:00:00-05:00,434.3999938964844,441.3599853515625,386.3999938964844,398.3999938964844,973,0.0,0.0
2022-02-09 00:00:00-05:00,393.6000061035156,405.6000061035156,384.0,386.3999938964844,384,0.0,0.0
2022-02-10 00:00:00-05:00,400.79998779296875,401.2799987792969,374.3999938964844,391.20001220703125,515,0.0,0.0
2022-02-11 00:00:00-05:00,403.20001220703125,403.20001220703125,343.20001220703125,362.3999938964844,671,0.0,0.0
2022-02-14 00:00:00-05:00,362.3999938964844,367.20001220703125,336.0,350.3999938964844,260,0.0,0.0
2022-02-15 00:00:00-05:00,352.79998779296875,367.20001220703125,340.79998779296875,348.0,317,0.0,0.0
2022-02-16 00:00:00-05:00,348.0,372.0,343.67999267578125,352.79998779296875,142,0.0,0.0
2022-02-17 00:00:00-05:00,340.79998779296875,352.79998779296875,338.3999938964844,345.6000061035156,236,0.0,0.0
2022-02-18 00:00:00-05:00,343.20001220703125,364.79998779296875,319.20001220703125,348.0,596,0.0,0.0
2022-02-22 00:00:00-05:00,324.0,340.79998779296875,324.0,324.0,266,0.0,0.0
2022-02-23 00:00:00-05:00,321.6000061035156,336.0,300.0,312.0,313,0.0,0.0
2022-02-24 00:00:00-05:00,288.0,314.3999938964844,276.0,288.0,945,0.0,0.0
2022-02-25 00:00:00-05:00,294.0,338.3999938964844,290.3999938964844,331.20001220703125,262,0.0,0.0
2022-02-28 00:00:00-05:00,333.6000061035156,355.20001220703125,316.79998779296875,343.20001220703125,277,0.0,0.0
2022-03-01 00:00:00-05:00,345.6000061035156,360.0,288.0,324.0,406,0.0,0.0
2022-03-02 00:00:00-05:00,350.3999938964844,350.3999938964844,297.6000061035156,328.79998779296875,487,0.0,0.0
2022-03-03 00:00:00-05:00,348.0,348.0,312.0,319.20001220703125,136,0.0,0.0
2022-03-04 00:00:00-05:00,333.6000061035156,333.6000061035156,300.0,307.20001220703125,146,0.0,0.0
2022-03-07 00:00:00-05:00,309.6000061035156,312.0,288.0,300.0,483,0.0,0.0
2022-03-08 00:00:00-05:00,290.3999938964844,302.3999938964844,276.0,278.3999938964844,567,0.0,0.0
2022-03-09 00:00:00-05:00,324.0,324.0,285.6000061035156,316.79998779296875,398,0.0,0.0
2022-03-10 00:00:00-05:00,314.3999938964844,321.6000061035156,283.20001220703125,285.6000061035156,233,0.0,0.0
2022-03-11 00:00:00-05:00,276.0,324.0,276.0,285.6000061035156,73,0.0,0.0
2022-03-14 00:00:00-04:00,288.0,360.0,285.6000061035156,312.0,1562,0.0,0.0
2022-03-15 00:00:00-04:00,319.20001220703125,348.0,314.3999938964844,343.20001220703125,550,0.0,0.0
2022-03-16 00:00:00-04:00,350.3999938964844,350.3999938964844,326.3999938964844,326.3999938964844,192,0.0,0.0
2022-03-17 00:00:00-04:00,348.0,439.20001220703125,340.79998779296875,429.6000061035156,2330,0.0,0.0
2022-03-18 00:00:00-04:00,429.6000061035156,475.20001220703125,429.6000061035156,444.0,1560,0.0,0.0
2022-03-21 00:00:00-04:00,465.6000061035156,528.0,432.0,432.0,3004,0.0,0.0
2022-03-22 00:00:00-04:00,432.0,513.5999755859375,432.0,501.6000061035156,924,0.0,0.0
2022-03-23 00:00:00-04:00,504.0,506.3999938964844,439.44000244140625,444.0,1029,0.0,0.0
2022-03-24 00:00:00-04:00,444.0,496.79998779296875,444.0,492.0,705,0.0,0.0
2022-03-25 00:00:00-04:00,496.79998779296875,516.0,479.760009765625,511.20001220703125,386,0.0,0.0
2022-03-28 00:00:00-04:00,513.5999755859375,513.5999755859375,480.0,482.3999938964844,225,0.0,0.0
2022-03-29 00:00:00-04:00,489.6000061035156,489.6000061035156,470.3999938964844,470.3999938964844,196,0.0,0.0
2022-03-30 00:00:00-04:00,475.20001220703125,479.2799987792969,456.0,465.6000061035156,165,0.0,0.0
2022-03-31 00:00:00-04:00,458.3999938964844,472.79998779296875,456.0,472.79998779296875,132,0.0,0.0
2022-04-01 00:00:00-04:00,465.6000061035156,470.3999938964844,436.79998779296875,444.0,232,0.0,0.0
2022-04-04 00:00:00-04:00,456.0,468.0,448.79998779296875,453.6000061035156,80,0.0,0.0
2022-04-05 00:00:00-04:00,463.20001220703125,470.3999938964844,444.0,446.3999938964844,88,0.0,0.0
2022-04-06 00:00:00-04:00,460.79998779296875,460.79998779296875,432.0,448.79998779296875,266,0.0,0.0
2022-04-07 00:00:00-04:00,448.79998779296875,458.3999938964844,444.0,451.20001220703125,85,0.0,0.0
2022-04-08 00:00:00-04:00,439.20001220703125,453.6000061035156,432.0,446.3999938964844,194,0.0,0.0
2022-04-11 00:00:00-04:00,436.79998779296875,446.3999938964844,420.0,420.0,132,0.0,0.0
2022-04-12 00:00:00-04:00,441.6000061035156,453.6000061035156,422.3999938964844,439.20001220703125,97,0.0,0.0
2022-04-13 00:00:00-04:00,432.0,446.3999938964844,432.0,444.0,41,0.0,0.0
2022-04-14 00:00:00-04:00,448.79998779296875,448.79998779296875,420.0,424.79998779296875,38,0.0,0.0
2022-04-18 00:00:00-04:00,444.0,444.0,396.0,396.0,474,0.0,0.0
2022-04-19 00:00:00-04:00,398.3999938964844,415.20001220703125,396.0,408.0,75,0.0,0.0
2022-04-20 00:00:00-04:00,388.79998779296875,420.0,388.79998779296875,408.0,140,0.0,0.0
2022-04-21 00:00:00-04:00,429.6000061035156,441.6000061035156,417.6000061035156,427.20001220703125,160,0.0,0.0
2022-04-22 00:00:00-04:00,427.20001220703125,427.20001220703125,394.79998779296875,398.3999938964844,204,0.0,0.0
2022-04-25 00:00:00-04:00,400.79998779296875,408.0,384.0,405.6000061035156,126,0.0,0.0
2022-04-26 00:00:00-04:00,393.6000061035156,415.20001220703125,372.0,386.3999938964844,216,0.0,0.0
2022-04-27 00:00:00-04:00,403.20001220703125,403.20001220703125,374.3999938964844,381.6000061035156,138,0.0,0.0
2022-04-28 00:00:00-04:00,403.20001220703125,403.20001220703125,372.0,374.3999938964844,130,0.0,0.0
2022-04-29 00:00:00-04:00,399.3599853515625,402.4800109863281,372.0,388.79998779296875,59,0.0,0.0
2022-05-02 00:00:00-04:00,372.0,384.0,348.0,350.3999938964844,215,0.0,0.0
2022-05-03 00:00:00-04:00,348.0,354.4800109863281,326.3999938964844,336.0,235,0.0,0.0
2022-05-04 00:00:00-04:00,331.20001220703125,350.3999938964844,326.3999938964844,343.20001220703125,187,0.0,0.0
2022-05-05 00:00:00-04:00,341.760009765625,341.760009765625,316.79998779296875,316.79998779296875,182,0.0,0.0
2022-05-06 00:00:00-04:00,314.3999938964844,384.0,295.20001220703125,336.0,306,0.0,0.0
2022-05-09 00:00:00-04:00,326.3999938964844,330.0,280.79998779296875,280.79998779296875,236,0.0,0.0
2022-05-10 00:00:00-04:00,283.20001220703125,309.6000061035156,264.0,273.6000061035156,192,0.0,0.0
2022-05-11 00:00:00-04:00,277.67999267578125,285.6000061035156,264.0,276.0,277,0.0,0.0
2022-05-12 00:00:00-04:00,261.6000061035156,273.6000061035156,259.20001220703125,259.20001220703125,240,0.0,0.0
2022-05-13 00:00:00-04:00,261.6000061035156,350.3999938964844,252.0,300.0,430,0.0,0.0
2022-05-16 00:00:00-04:00,300.0,300.0,266.3999938964844,283.20001220703125,25,0.0,0.0
2022-05-17 00:00:00-04:00,307.20001220703125,307.20001220703125,288.0,297.6000061035156,34,0.0,0.0
2022-05-18 00:00:00-04:00,297.6000061035156,300.0,292.79998779296875,295.20001220703125,40,0.0,0.0
2022-05-19 00:00:00-04:00,293.2799987792969,297.6000061035156,273.6000061035156,292.79998779296875,40,0.0,0.0
2022-05-20 00:00:00-04:00,295.20001220703125,300.0,283.20001220703125,285.6000061035156,57,0.0,0.0
2022-05-23 00:00:00-04:00,295.20001220703125,295.20001220703125,288.0,290.3999938964844,27,0.0,0.0
2022-05-24 00:00:00-04:00,302.3999938964844,302.8800048828125,266.3999938964844,271.20001220703125,87,0.0,0.0
2022-05-25 00:00:00-04:00,288.0,288.0,249.60000610351562,264.0,97,0.0,0.0
2022-05-26 00:00:00-04:00,259.20001220703125,278.3999938964844,259.20001220703125,276.7200012207031,85,0.0,0.0
2022-05-27 00:00:00-04:00,276.0,278.3999938964844,268.79998779296875,271.20001220703125,117,0.0,0.0
2022-05-31 00:00:00-04:00,261.6000061035156,286.0799865722656,261.6000061035156,261.6000061035156,239,0.0,0.0
2022-06-01 00:00:00-04:00,266.6400146484375,285.6000061035156,266.6400146484375,278.3999938964844,27,0.0,0.0
2022-06-02 00:00:00-04:00,285.8399963378906,319.20001220703125,264.0,282.0,307,0.0,0.0
2022-06-03 00:00:00-04:00,297.6000061035156,322.55999755859375,285.1199951171875,317.5199890136719,211,0.0,0.0
2022-06-06 00:00:00-04:00,331.20001220703125,331.20001220703125,288.0,304.79998779296875,258,0.0,0.0
2022-06-07 00:00:00-04:00,307.20001220703125,329.2799987792969,268.79998779296875,302.3999938964844,375,0.0,0.0
2022-06-08 00:00:00-04:00,302.3999938964844,357.6000061035156,297.6000061035156,316.79998779296875,247,0.0,0.0
2022-06-09 00:00:00-04:00,331.20001220703125,338.3999938964844,292.79998779296875,319.67999267578125,104,0.0,0.0
2022-06-10 00:00:00-04:00,319.20001220703125,345.6000061035156,295.20001220703125,336.0,435,0.0,0.0
2022-06-13 00:00:00-04:00,333.6000061035156,348.0,292.79998779296875,309.6000061035156,228,0.0,0.0
2022-06-14 00:00:00-04:00,300.0,328.79998779296875,288.0,292.79998779296875,102,0.0,0.0
2022-06-15 00:00:00-04:00,326.3999938964844,360.0,309.6000061035156,336.0,504,0.0,0.0
2022-06-16 00:00:00-04:00,340.79998779296875,340.79998779296875,312.0,316.32000732421875,120,0.0,0.0
2022-06-17 00:00:00-04:00,314.3999938964844,380.8800048828125,302.3999938964844,348.0,923,0.0,0.0
2022-06-21 00:00:00-04:00,355.20001220703125,364.79998779296875,348.0,355.20001220703125,50,0.0,0.0
2022-06-22 00:00:00-04:00,357.6000061035156,357.6000061035156,348.0,350.3999938964844,27,0.0,0.0
2022-06-23 00:00:00-04:00,350.3999938964844,384.0,288.0,343.20001220703125,367,0.0,0.0
2022-06-24 00:00:00-04:00,343.20001220703125,352.79998779296875,321.6000061035156,350.3999938964844,31,0.0,0.0
2022-06-27 00:00:00-04:00,343.20001220703125,343.20001220703125,329.0400085449219,337.20001220703125,137,0.0,0.0
2022-06-28 00:00:00-04:00,343.20001220703125,384.0,336.0,340.79998779296875,220,0.0,0.0
2022-06-29 00:00:00-04:00,349.20001220703125,349.20001220703125,331.20001220703125,345.6000061035156,82,0.0,0.0
2022-06-30 00:00:00-04:00,352.79998779296875,355.20001220703125,328.79998779296875,350.3999938964844,38,0.0,0.0
2022-07-01 00:00:00-04:00,341.2799987792969,359.5199890136719,340.79998779296875,355.20001220703125,45,0.0,0.0
2022-07-05 00:00:00-04:00,355.20001220703125,363.6000061035156,348.0,357.6000061035156,125,0.0,0.0
2022-07-06 00:00:00-04:00,348.0,375.3599853515625,348.0,372.0,115,0.0,0.0
2022-07-07 00:00:00-04:00,384.0,384.0,362.3999938964844,372.0,38,0.0,0.0
2022-07-08 00:00:00-04:00,372.0,391.20001220703125,367.20001220703125,384.0,87,0.0,0.0
2022-07-11 00:00:00-04:00,384.0,393.6000061035156,374.3999938964844,393.6000061035156,90,0.0,0.0
2022-07-12 00:00:00-04:00,369.6000061035156,388.79998779296875,369.6000061035156,380.3999938964844,56,0.0,0.0
2022-07-13 00:00:00-04:00,405.6000061035156,405.6000061035156,375.6000061035156,379.20001220703125,57,0.0,0.0
2022-07-14 00:00:00-04:00,376.79998779296875,379.20001220703125,369.6000061035156,374.3999938964844,86,0.0,0.0
2022-07-15 00:00:00-04:00,374.3999938964844,376.79998779296875,373.20001220703125,376.79998779296875,11,0.0,0.0
2022-07-18 00:00:00-04:00,376.79998779296875,379.20001220703125,324.0,331.20001220703125,254,0.0,0.0
2022-07-19 00:00:00-04:00,328.79998779296875,345.6000061035156,321.6000061035156,345.6000061035156,71,0.0,0.0
2022-07-20 00:00:00-04:00,328.79998779296875,350.3999938964844,316.79998779296875,350.3999938964844,151,0.0,0.0
2022-07-21 00:00:00-04:00,343.20001220703125,348.0,338.3999938964844,343.20001220703125,48,0.0,0.0
2022-07-22 00:00:00-04:00,331.20001220703125,342.0,331.20001220703125,338.3999938964844,83,0.0,0.0
2022-07-25 00:00:00-04:00,312.0,328.79998779296875,307.20001220703125,324.0,40,0.0,0.0
2022-07-26 00:00:00-04:00,324.0,324.0,295.20001220703125,297.6000061035156,245,0.0,0.0
2022-07-27 00:00:00-04:00,301.9200134277344,302.3999938964844,276.0,277.20001220703125,250,0.0,0.0
2022-07-28 00:00:00-04:00,288.0,295.20001220703125,274.79998779296875,288.0,81,0.0,0.0
2022-07-29 00:00:00-04:00,292.79998779296875,297.6000061035156,283.20001220703125,295.20001220703125,68,0.0,0.0
2022-08-01 00:00:00-04:00,297.6000061035156,309.6000061035156,288.0,302.3999938964844,230,0.0,0.0
2022-08-02 00:00:00-04:00,304.79998779296875,309.6000061035156,290.3999938964844,297.6000061035156,65,0.0,0.0
2022-08-03 00:00:00-04:00,307.20001220703125,337.9200134277344,300.239990234375,336.0,228,0.0,0.0
2022-08-04 00:00:00-04:00,345.6000061035156,432.0,324.0,420.0,1423,0.0,0.0
2022-08-05 00:00:00-04:00,400.79998779296875,420.0,374.3999938964844,410.3999938964844,309,0.0,0.0
2022-08-08 00:00:00-04:00,427.20001220703125,427.20001220703125,333.6000061035156,362.3999938964844,472,0.0,0.0
2022-08-09 00:00:00-04:00,403.20001220703125,403.20001220703125,343.20001220703125,376.79998779296875,250,0.0,0.0
2022-08-10 00:00:00-04:00,357.6000061035156,405.6000061035156,357.6000061035156,396.0,592,0.0,0.0
2022-08-11 00:00:00-04:00,400.79998779296875,400.79998779296875,348.239990234375,357.6000061035156,383,0.0,0.0
2022-08-12 00:00:00-04:00,379.20001220703125,424.79998779296875,360.0,396.0,2935,0.0,0.0
2022-08-15 00:00:00-04:00,408.0,408.0,364.79998779296875,374.3999938964844,625,0.0,0.0
2022-08-16 00:00:00-04:00,367.20001220703125,374.3999938964844,357.6000061035156,360.0,188,0.0,0.0
2022-08-17 00:00:00-04:00,355.20001220703125,357.6000061035156,324.0,328.79998779296875,440,0.0,0.0
2022-08-18 00:00:00-04:00,352.79998779296875,360.0,338.3999938964844,352.79998779296875,460,0.0,0.0
2022-08-19 00:00:00-04:00,352.79998779296875,362.3999938964844,339.8399963378906,357.6000061035156,292,0.0,0.0
2022-08-22 00:00:00-04:00,345.6000061035156,374.3999938964844,345.6000061035156,370.55999755859375,413,0.0,0.0
2022-08-23 00:00:00-04:00,379.20001220703125,379.20001220703125,348.0,357.6000061035156,205,0.0,0.0
2022-08-24 00:00:00-04:00,348.0,408.0,338.3999938964844,393.6000061035156,928,0.0,0.0
2022-08-25 00:00:00-04:00,405.6000061035156,444.0,387.3599853515625,436.79998779296875,1187,0.0,0.0
2022-08-26 00:00:00-04:00,424.79998779296875,434.6400146484375,384.0,417.6000061035156,603,0.0,0.0
2022-08-29 00:00:00-04:00,417.6000061035156,463.20001220703125,398.3999938964844,439.20001220703125,632,0.0,0.0
2022-08-30 00:00:00-04:00,432.0,480.0,369.6000061035156,427.20001220703125,2502,0.0,0.0
2022-08-31 00:00:00-04:00,429.6000061035156,429.6000061035156,396.0,396.0,306,0.0,0.0
2022-09-01 00:00:00-04:00,386.3999938964844,392.3999938964844,352.79998779296875,372.0,437,0.0,0.0
2022-09-02 00:00:00-04:00,366.4800109863281,410.3999938964844,360.0,367.20001220703125,217,0.0,0.0
2022-09-06 00:00:00-04:00,393.6000061035156,396.0,348.0,372.0,812,0.0,0.0
2022-09-07 00:00:00-04:00,365.0400085449219,386.3999938964844,357.6000061035156,364.79998779296875,188,0.0,0.0
2022-09-08 00:00:00-04:00,362.3999938964844,372.0,357.6000061035156,357.6000061035156,213,0.0,0.0
2022-09-09 00:00:00-04:00,367.20001220703125,386.3999938964844,360.0,372.0,384,0.0,0.0
2022-09-12 00:00:00-04:00,378.0,400.79998779296875,374.3999938964844,393.6000061035156,304,0.0,0.0
2022-09-13 00:00:00-04:00,384.0,404.3999938964844,374.3999938964844,398.3999938964844,163,0.0,0.0
2022-09-14 00:00:00-04:00,393.6000061035156,408.0,364.79998779296875,364.79998779296875,235,0.0,0.0
2022-09-15 00:00:00-04:00,362.3999938964844,384.0,331.20001220703125,333.6000061035156,1303,0.0,0.0
2022-09-16 00:00:00-04:00,333.6000061035156,339.6000061035156,309.6000061035156,309.6000061035156,428,0.0,0.0
2022-09-19 00:00:00-04:00,331.20001220703125,331.20001220703125,278.3999938964844,292.79998779296875,593,0.0,0.0
2022-09-20 00:00:00-04:00,292.79998779296875,292.79998779296875,268.79998779296875,273.6000061035156,375,0.0,0.0
2022-09-21 00:00:00-04:00,273.6000061035156,285.6000061035156,264.0,273.6000061035156,360,0.0,0.0
2022-09-22 00:00:00-04:00,283.20001220703125,283.20001220703125,252.0,256.79998779296875,593,0.0,0.0
2022-09-23 00:00:00-04:00,254.39999389648438,259.20001220703125,240.0,240.0,307,0.0,0.0
2022-09-26 00:00:00-04:00,240.0,243.83999633789062,225.1199951171875,228.0,389,0.0,0.0
2022-09-27 00:00:00-04:00,230.39999389648438,242.39999389648438,230.39999389648438,233.27999877929688,126,0.0,0.0
2022-09-28 00:00:00-04:00,235.1999969482422,273.6000061035156,235.1999969482422,254.39999389648438,135,0.0,0.0
2022-09-29 00:00:00-04:00,273.6000061035156,273.6000061035156,244.8000030517578,249.60000610351562,81,0.0,0.0
2022-09-30 00:00:00-04:00,256.79998779296875,266.3999938964844,256.79998779296875,256.79998779296875,18,0.0,0.0
2022-10-03 00:00:00-04:00,285.6000061035156,285.6000061035156,259.20001220703125,264.0,68,0.0,0.0
2022-10-04 00:00:00-04:00,268.79998779296875,285.6000061035156,259.67999267578125,284.3999938964844,92,0.0,0.0
2022-10-05 00:00:00-04:00,288.0,350.3999938964844,278.3999938964844,328.79998779296875,949,0.0,0.0
2022-10-06 00:00:00-04:00,324.0,343.20001220703125,280.79998779296875,316.79998779296875,375,0.0,0.0
2022-10-07 00:00:00-04:00,319.20001220703125,319.20001220703125,276.0,297.6000061035156,99,0.0,0.0
2022-10-10 00:00:00-04:00,290.3999938964844,312.0,280.55999755859375,307.20001220703125,57,0.0,0.0
2022-10-11 00:00:00-04:00,316.79998779296875,316.79998779296875,280.79998779296875,292.79998779296875,90,0.0,0.0
2022-10-12 00:00:00-04:00,288.0,302.3999938964844,288.0,290.3999938964844,42,0.0,0.0
2022-10-13 00:00:00-04:00,288.0,288.0,252.0,266.3999938964844,203,0.0,0.0
2022-10-14 00:00:00-04:00,268.79998779296875,271.20001220703125,261.6000061035156,264.0,133,0.0,0.0
2022-10-17 00:00:00-04:00,271.20001220703125,274.79998779296875,266.3999938964844,267.6000061035156,124,0.0,0.0
2022-10-18 00:00:00-04:00,268.79998779296875,279.6000061035156,267.6000061035156,268.79998779296875,31,0.0,0.0
2022-10-19 00:00:00-04:00,268.79998779296875,268.79998779296875,256.32000732421875,256.79998779296875,105,0.0,0.0
2022-10-20 00:00:00-04:00,261.8399963378906,276.0,252.0,259.20001220703125,94,0.0,0.0
2022-10-21 00:00:00-04:00,271.20001220703125,271.20001220703125,242.39999389648438,268.79998779296875,100,0.0,0.0
2022-10-24 00:00:00-04:00,261.6000061035156,266.3999938964844,242.39999389648438,252.0,156,0.0,0.0
2022-10-25 00:00:00-04:00,252.0,268.79998779296875,247.1999969482422,256.79998779296875,199,0.0,0.0
2022-10-26 00:00:00-04:00,254.39999389648438,261.6000061035156,244.8000030517578,247.1999969482422,80,0.0,0.0
2022-10-27 00:00:00-04:00,252.0,252.0,226.8000030517578,244.8000030517578,304,0.0,0.0
2022-10-28 00:00:00-04:00,254.39999389648438,264.0,254.39999389648438,256.79998779296875,70,0.0,0.0
2022-10-31 00:00:00-04:00,266.3999938964844,266.3999938964844,252.0,259.20001220703125,36,0.0,0.0
2022-11-01 00:00:00-04:00,266.3999938964844,273.6000061035156,259.20001220703125,261.6000061035156,26,0.0,0.0
2022-11-02 00:00:00-04:00,261.6000061035156,264.0,259.20001220703125,259.20001220703125,17,0.0,0.0
2022-11-03 00:00:00-04:00,265.44000244140625,265.44000244140625,256.79998779296875,256.79998779296875,10,0.0,0.0
2022-11-04 00:00:00-04:00,256.79998779296875,264.0,252.0,252.9600067138672,63,0.0,0.0
2022-11-07 00:00:00-05:00,254.39999389648438,300.0,254.39999389648438,254.39999389648438,29,0.0,0.0
2022-11-08 00:00:00-05:00,261.6000061035156,264.0,254.39999389648438,254.39999389648438,77,0.0,0.0
2022-11-09 00:00:00-05:00,264.0,264.0,234.47999572753906,242.39999389648438,342,0.0,0.0
2022-11-10 00:00:00-05:00,264.0,264.0,240.0,251.52000427246094,31,0.0,0.0
2022-11-11 00:00:00-05:00,254.39999389648438,254.39999389648438,242.39999389648438,252.0,40,0.0,0.0
2022-11-14 00:00:00-05:00,259.20001220703125,264.0,240.0,244.8000030517578,180,0.0,0.0
2022-11-15 00:00:00-05:00,247.1999969482422,249.60000610351562,216.0,237.1199951171875,240,0.0,0.0
2022-11-16 00:00:00-05:00,237.60000610351562,249.60000610351562,225.60000610351562,225.60000610351562,127,0.0,0.0
2022-11-17 00:00:00-05:00,236.39999389648438,238.8000030517578,206.39999389648438,211.1999969482422,146,0.0,0.0
2022-11-18 00:00:00-05:00,204.9600067138672,228.0,204.9600067138672,211.1999969482422,155,0.0,0.0
2022-11-21 00:00:00-05:00,210.24000549316406,215.27999877929688,159.36000061035156,166.0800018310547,405,0.0,0.0
2022-11-22 00:00:00-05:00,188.63999938964844,244.8000030517578,175.1999969482422,208.8000030517578,1842,0.0,0.0
2022-11-23 00:00:00-05:00,208.8000030517578,223.1999969482422,192.0,217.1999969482422,171,0.0,0.0
2022-11-25 00:00:00-05:00,232.8000030517578,233.52000427246094,216.0,216.0,29,0.0,0.0
2022-11-28 00:00:00-05:00,219.60000610351562,240.0,216.0,240.0,164,0.0,0.0
2022-11-29 00:00:00-05:00,233.27999877929688,240.0,216.0,221.75999450683594,115,0.0,0.0
2022-11-30 00:00:00-05:00,232.8000030517578,240.0,232.8000030517578,238.32000732421875,90,0.0,0.0
2022-12-01 00:00:00-05:00,242.39999389648438,242.39999389648438,230.8800048828125,233.52000427246094,34,0.0,0.0
2022-12-02 00:00:00-05:00,232.8000030517578,235.1999969482422,218.39999389648438,232.32000732421875,52,0.0,0.0
2022-12-05 00:00:00-05:00,216.0,237.60000610351562,216.0,225.83999633789062,104,0.0,0.0
2022-12-06 00:00:00-05:00,230.39999389648438,230.39999389648438,206.39999389648438,213.60000610351562,163,0.0,0.0
2022-12-07 00:00:00-05:00,224.39999389648438,235.1999969482422,224.39999389648438,232.8000030517578,82,0.0,0.0
2022-12-08 00:00:00-05:00,229.1999969482422,252.0,229.1999969482422,242.39999389648438,163,0.0,0.0
2022-12-09 00:00:00-05:00,242.39999389648438,242.39999389648438,223.1999969482422,232.8000030517578,127,0.0,0.0
2022-12-12 00:00:00-05:00,228.0,235.1999969482422,219.36000061035156,228.0,55,0.0,0.0
2022-12-13 00:00:00-05:00,210.24000549316406,244.8000030517578,210.24000549316406,242.39999389648438,266,0.0,0.0
2022-12-14 00:00:00-05:00,244.8000030517578,244.8000030517578,219.36000061035156,219.36000061035156,137,0.0,0.0
2022-12-15 00:00:00-05:00,230.39999389648438,236.39999389648438,230.39999389648438,232.8000030517578,90,0.0,0.0
2022-12-16 00:00:00-05:00,240.0,247.1999969482422,220.8000030517578,247.1999969482422,316,0.0,0.0
2022-12-19 00:00:00-05:00,249.60000610351562,249.60000610351562,228.0,230.39999389648438,107,0.0,0.0
2022-12-20 00:00:00-05:00,228.0,235.1999969482422,223.1999969482422,223.1999969482422,80,0.0,0.0
2022-12-21 00:00:00-05:00,222.0,238.8000030517578,222.0,224.39999389648438,111,0.0,0.0
2022-12-22 00:00:00-05:00,224.39999389648438,227.75999450683594,216.0,223.1999969482422,151,0.0,0.0
2022-12-23 00:00:00-05:00,220.8000030517578,232.0800018310547,218.39999389648438,229.44000244140625,71,0.0,0.0
2022-12-27 00:00:00-05:00,220.0800018310547,228.0,204.0,216.0,210,0.0,0.0
2022-12-28 00:00:00-05:00,225.60000610351562,232.32000732421875,216.0,223.1999969482422,440,0.0,0.0
2022-12-29 00:00:00-05:00,225.60000610351562,259.20001220703125,220.8000030517578,259.20001220703125,1015,0.0,0.0
2022-12-30 00:00:00-05:00,264.0,264.0,219.60000610351562,240.0,766,0.0,0.0
2023-01-03 00:00:00-05:00,247.1999969482422,261.6000061035156,235.1999969482422,244.8000030517578,487,0.0,0.0
2023-01-04 00:00:00-05:00,240.0,256.79998779296875,228.0,244.8000030517578,1088,0.0,0.0
2023-01-05 00:00:00-05:00,264.0,264.0,240.0,254.39999389648438,287,0.0,0.0
2023-01-06 00:00:00-05:00,271.20001220703125,271.20001220703125,252.0,254.39999389648438,141,0.0,0.0
2023-01-09 00:00:00-05:00,259.20001220703125,259.20001220703125,216.0,227.0399932861328,667,0.0,0.0
2023-01-10 00:00:00-05:00,218.39999389648438,237.1199951171875,216.0,221.27999877929688,243,0.0,0.0
2023-01-11 00:00:00-05:00,221.27999877929688,235.1999969482422,221.27999877929688,227.52000427246094,70,0.0,0.0
2023-01-12 00:00:00-05:00,235.1999969482422,235.1999969482422,220.8000030517578,228.0,110,0.0,0.0
2023-01-13 00:00:00-05:00,228.0,239.52000427246094,228.0,235.9199981689453,5,0.0,0.0
2023-01-17 00:00:00-05:00,233.0399932861328,240.0,228.0,230.39999389648438,319,0.0,0.0
2023-01-18 00:00:00-05:00,232.8000030517578,237.60000610351562,230.8800048828125,232.8000030517578,74,0.0,0.0
2023-01-19 00:00:00-05:00,236.39999389648438,252.0,228.0,228.0,266,0.0,0.0
2023-01-20 00:00:00-05:00,228.0,240.0,220.8000030517578,234.0,188,0.0,0.0
2023-01-23 00:00:00-05:00,237.60000610351562,240.0,228.9600067138672,240.0,243,0.0,0.0
2023-01-24 00:00:00-05:00,240.0,249.60000610351562,232.8000030517578,242.39999389648438,60,0.0,0.0
2023-01-25 00:00:00-05:00,232.8000030517578,242.39999389648438,232.8000030517578,237.60000610351562,48,0.0,0.0
2023-01-26 00:00:00-05:00,235.1999969482422,247.1999969482422,235.1999969482422,240.0,15,0.0,0.0
2023-01-27 00:00:00-05:00,242.39999389648438,247.1999969482422,228.24000549316406,228.24000549316406,48,0.0,0.0
2023-01-30 00:00:00-05:00,244.8000030517578,244.8000030517578,229.1999969482422,237.60000610351562,34,0.0,0.0
2023-01-31 00:00:00-05:00,235.1999969482422,240.0,230.39999389648438,230.63999938964844,50,0.0,0.0
2023-02-01 00:00:00-05:00,240.0,240.0,228.0,232.8000030517578,43,0.0,0.0
2023-02-02 00:00:00-05:00,237.60000610351562,242.39999389648438,232.8000030517578,242.39999389648438,127,0.0,0.0
2023-02-03 00:00:00-05:00,242.39999389648438,242.39999389648438,234.0,237.60000610351562,70,0.0,0.0
2023-02-06 00:00:00-05:00,240.0,242.39999389648438,228.0,242.39999389648438,88,0.0,0.0
2023-02-07 00:00:00-05:00,242.39999389648438,242.39999389648438,230.39999389648438,242.39999389648438,56,0.0,0.0
2023-02-08 00:00:00-05:00,242.39999389648438,242.39999389648438,230.63999938964844,230.8800048828125,49,0.0,0.0
2023-02-09 00:00:00-05:00,237.60000610351562,240.0,230.8800048828125,235.1999969482422,58,0.0,0.0
2023-02-10 00:00:00-05:00,235.1999969482422,242.39999389648438,235.1999969482422,235.1999969482422,65,0.0,0.0
2023-02-13 00:00:00-05:00,242.39999389648438,312.0,242.39999389648438,295.20001220703125,1614,0.0,0.0
2023-02-14 00:00:00-05:00,297.6000061035156,297.6000061035156,266.3999938964844,288.0,198,0.0,0.0
2023-02-15 00:00:00-05:00,280.79998779296875,285.6000061035156,256.79998779296875,278.3999938964844,229,0.0,0.0
2023-02-16 00:00:00-05:00,276.0,276.0,240.0,254.39999389648438,198,0.0,0.0
2023-02-17 00:00:00-05:00,261.6000061035156,271.20001220703125,252.0,264.0,37,0.0,0.0
2023-02-21 00:00:00-05:00,271.20001220703125,271.20001220703125,254.39999389648438,259.20001220703125,53,0.0,0.0
2023-02-22 00:00:00-05:00,265.20001220703125,268.79998779296875,259.20001220703125,259.20001220703125,16,0.0,0.0
2023-02-23 00:00:00-05:00,264.0,280.79998779296875,261.6000061035156,266.3999938964844,9795,0.0,0.0
2023-02-24 00:00:00-05:00,415.20001220703125,463.20001220703125,352.79998779296875,374.3999938964844,158037,0.0,0.0
2023-02-27 00:00:00-05:00,355.20001220703125,396.0,350.3999938964844,379.20001220703125,7830,0.0,0.0
2023-02-28 00:00:00-05:00,384.0,451.20001220703125,372.0,429.6000061035156,5839,0.0,0.0
2023-03-01 00:00:00-05:00,429.6000061035156,429.6000061035156,348.0,372.0,2904,0.0,0.0
2023-03-02 00:00:00-05:00,372.0,373.20001220703125,345.6000061035156,352.79998779296875,795,0.0,0.0
2023-03-03 00:00:00-05:00,360.0,362.3999938964844,324.0,324.0,542,0.0,0.0
2023-03-06 00:00:00-05:00,328.79998779296875,384.0,304.79998779296875,376.79998779296875,1208,0.0,0.0
2023-03-07 00:00:00-05:00,364.79998779296875,378.7200012207031,328.79998779296875,348.0,502,0.0,0.0
2023-03-08 00:00:00-05:00,338.3999938964844,348.0,331.20001220703125,338.3999938964844,155,0.0,0.0
2023-03-09 00:00:00-05:00,336.0,374.3999938964844,333.6000061035156,355.20001220703125,565,0.0,0.0
2023-03-10 00:00:00-05:00,417.6000061035156,458.3999938964844,364.79998779296875,444.0,18238,0.0,0.0
2023-03-13 00:00:00-04:00,372.0,372.0,300.0,316.79998779296875,3492,0.0,0.0
2023-03-14 00:00:00-04:00,295.20001220703125,303.6000061035156,228.0,249.60000610351562,4019,0.0,0.0
2023-03-15 00:00:00-04:00,252.0,264.0,240.0,247.1999969482422,1076,0.0,0.0
2023-03-16 00:00:00-04:00,229.67999267578125,244.8000030517578,220.8000030517578,228.0,1603,0.0,0.0
2023-03-17 00:00:00-04:00,228.0,228.0,216.0,222.0,715,0.0,0.0
2023-03-20 00:00:00-04:00,228.0,230.39999389648438,219.60000610351562,219.60000610351562,470,0.0,0.0
2023-03-21 00:00:00-04:00,217.9199981689453,226.8000030517578,216.0,218.8800048828125,285,0.0,0.0
2023-03-22 00:00:00-04:00,230.39999389648438,232.8000030517578,216.0,218.39999389648438,316,0.0,0.0
2023-03-23 00:00:00-04:00,218.39999389648438,264.0,216.0,244.8000030517578,891,0.0,0.0
2023-03-24 00:00:00-04:00,240.0,247.1999969482422,219.1199951171875,247.1999969482422,210,0.0,0.0
2023-03-27 00:00:00-04:00,247.1999969482422,254.39999389648438,232.8000030517578,235.1999969482422,453,0.0,0.0
2023-03-28 00:00:00-04:00,252.0,252.0,232.8000030517578,249.60000610351562,261,0.0,0.0
2023-03-29 00:00:00-04:00,252.0,252.0,242.39999389648438,247.1999969482422,417,0.0,0.0
2023-03-30 00:00:00-04:00,252.0,252.0,235.1999969482422,244.8000030517578,574,0.0,0.0
2023-03-31 00:00:00-04:00,244.8000030517578,254.39999389648438,235.9199981689453,236.39999389648438,224,0.0,0.0
2023-04-03 00:00:00-04:00,247.1999969482422,250.32000732421875,237.60000610351562,240.0,118,0.0,0.0
2023-04-04 00:00:00-04:00,242.39999389648438,244.8000030517578,227.52000427246094,237.60000610351562,139,0.0,0.0
2023-04-05 00:00:00-04:00,237.60000610351562,240.0,230.39999389648438,232.8000030517578,191,0.0,0.0
2023-04-06 00:00:00-04:00,242.39999389648438,242.39999389648438,230.39999389648438,230.8800048828125,58,0.0,0.0
2023-04-10 00:00:00-04:00,230.39999389648438,244.8000030517578,230.39999389648438,240.0,85,0.0,0.0
2023-04-11 00:00:00-04:00,237.60000610351562,242.39999389648438,229.1999969482422,242.39999389648438,83,0.0,0.0
2023-04-12 00:00:00-04:00,232.8000030517578,249.1199951171875,232.8000030517578,239.75999450683594,93,0.0,0.0
2023-04-13 00:00:00-04:00,243.60000610351562,249.60000610351562,240.0,244.8000030517578,219,0.0,0.0
2023-04-14 00:00:00-04:00,240.0,244.8000030517578,238.8000030517578,240.0,93,0.0,0.0
2023-04-17 00:00:00-04:00,247.1999969482422,247.1999969482422,240.0,244.8000030517578,150,0.0,0.0
2023-04-18 00:00:00-04:00,240.0,252.0,240.0,244.8000030517578,115,0.0,0.0
2023-04-19 00:00:00-04:00,247.1999969482422,252.0,240.0,249.60000610351562,103,0.0,0.0
2023-04-20 00:00:00-04:00,244.8000030517578,252.0,242.39999389648438,244.8000030517578,40,0.0,0.0
2023-04-21 00:00:00-04:00,240.0,268.79998779296875,240.0,249.60000610351562,305,0.0,0.0
2023-04-24 00:00:00-04:00,252.0,261.6000061035156,244.8000030517578,261.3599853515625,219,0.0,0.0
2023-04-25 00:00:00-04:00,261.6000061035156,261.6000061035156,256.79998779296875,260.3999938964844,217,0.0,0.0
2023-04-26 00:00:00-04:00,256.79998779296875,285.6000061035156,254.39999389648438,266.1600036621094,118,0.0,0.0
2023-04-27 00:00:00-04:00,261.6000061035156,261.6000061035156,252.0,256.79998779296875,133,0.0,0.0
2023-04-28 00:00:00-04:00,261.6000061035156,264.0,254.39999389648438,259.20001220703125,102,0.0,0.0
2023-05-01 00:00:00-04:00,256.79998779296875,278.3999938964844,256.79998779296875,268.79998779296875,55,0.0,0.0
2023-05-02 00:00:00-04:00,259.20001220703125,268.79998779296875,259.20001220703125,264.9599914550781,84,0.0,0.0
2023-05-03 00:00:00-04:00,268.79998779296875,276.0,264.0,268.79998779296875,81,0.0,0.0
2023-05-04 00:00:00-04:00,261.6000061035156,270.9599914550781,259.20001220703125,261.6000061035156,176,0.0,0.0
2023-05-05 00:00:00-04:00,259.20001220703125,271.20001220703125,258.9599914550781,259.20001220703125,71,0.0,0.0
2023-05-08 00:00:00-04:00,280.79998779296875,280.79998779296875,254.39999389648438,264.239990234375,214,0.0,0.0
2023-05-09 00:00:00-04:00,261.6000061035156,268.32000732421875,256.79998779296875,264.0,253,0.0,0.0
2023-05-10 00:00:00-04:00,256.79998779296875,268.79998779296875,247.1999969482422,259.20001220703125,143,0.0,0.0
2023-05-11 00:00:00-04:00,256.79998779296875,261.6000061035156,247.1999969482422,249.60000610351562,143,0.0,0.0
2023-05-12 00:00:00-04:00,252.24000549316406,261.6000061035156,240.0,244.8000030517578,188,0.0,0.0
2023-05-15 00:00:00-04:00,261.6000061035156,261.6000061035156,232.8000030517578,232.8000030517578,253,0.0,0.0
2023-05-16 00:00:00-04:00,228.0,238.55999755859375,227.0399932861328,230.39999389648438,437,0.0,0.0
2023-05-17 00:00:00-04:00,228.0,237.60000610351562,228.0,228.0,250,0.0,0.0
2023-05-18 00:00:00-04:00,240.0,240.0,228.0,232.8000030517578,114,0.0,0.0
2023-05-19 00:00:00-04:00,240.0,240.0,229.1999969482422,235.1999969482422,123,0.0,0.0
2023-05-22 00:00:00-04:00,237.60000610351562,238.55999755859375,220.0800018310547,234.72000122070312,163,0.0,0.0
2023-05-23 00:00:00-04:00,237.60000610351562,240.0,220.8000030517578,229.67999267578125,144,0.0,0.0
2023-05-24 00:00:00-04:00,228.0,228.0,220.8000030517578,223.1999969482422,700,0.0,0.0
2023-05-25 00:00:00-04:00,224.16000366210938,228.0,206.39999389648438,211.1999969482422,505,0.0,0.0
2023-05-26 00:00:00-04:00,208.8000030517578,228.0,206.39999389648438,214.32000732421875,196,0.0,0.0
2023-05-30 00:00:00-04:00,223.44000244140625,237.60000610351562,218.39999389648438,220.8000030517578,211,0.0,0.0
2023-05-31 00:00:00-04:00,232.8000030517578,232.8000030517578,216.0,218.39999389648438,140,0.0,0.0
2023-06-01 00:00:00-04:00,223.1999969482422,228.0,208.8000030517578,217.9199981689453,186,0.0,0.0
2023-06-02 00:00:00-04:00,216.24000549316406,261.6000061035156,206.39999389648438,259.20001220703125,686,0.0,0.0
2023-06-05 00:00:00-04:00,252.0,252.0,230.39999389648438,240.0,239,0.0,0.0
2023-06-06 00:00:00-04:00,240.0,242.39999389648438,223.1999969482422,236.16000366210938,295,0.0,0.0
2023-06-07 00:00:00-04:00,228.0,239.52000427246094,219.60000610351562,225.36000061035156,191,0.0,0.0
2023-06-08 00:00:00-04:00,225.60000610351562,242.39999389648438,223.1999969482422,233.27999877929688,185,0.0,0.0
2023-06-09 00:00:00-04:00,237.60000610351562,247.1999969482422,226.8000030517578,240.0,802,0.0,0.0
2023-06-12 00:00:00-04:00,244.8000030517578,247.1999969482422,235.1999969482422,238.8000030517578,103,0.0,0.0
2023-06-13 00:00:00-04:00,242.39999389648438,247.1999969482422,240.0,240.0,118,0.0,0.0
2023-06-14 00:00:00-04:00,235.1999969482422,240.0,232.8000030517578,232.8000030517578,110,0.0,0.0
2023-06-15 00:00:00-04:00,230.39999389648438,244.8000030517578,230.39999389648438,235.1999969482422,40,0.0,0.0
2023-06-16 00:00:00-04:00,230.39999389648438,242.39999389648438,201.36000061035156,201.36000061035156,454,0.0,0.0
2023-06-20 00:00:00-04:00,233.0399932861328,242.39999389648438,233.0399932861328,235.1999969482422,328,0.0,0.0
2023-06-21 00:00:00-04:00,240.0,242.39999389648438,220.8000030517578,223.1999969482422,800,0.0,0.0
2023-06-22 00:00:00-04:00,223.1999969482422,242.39999389648438,213.60000610351562,216.0,438,0.0,0.0
2023-06-23 00:00:00-04:00,220.8000030517578,230.39999389648438,215.27999877929688,222.0,145,0.0,0.0
2023-06-26 00:00:00-04:00,228.0,228.0,212.16000366210938,217.1999969482422,167,0.0,0.0
2023-06-27 00:00:00-04:00,218.16000366210938,228.0,212.39999389648438,216.0,96,0.0,0.0
2023-06-28 00:00:00-04:00,223.1999969482422,228.0,213.60000610351562,216.0,206,0.0,0.0
2023-06-29 00:00:00-04:00,226.8000030517578,228.0,213.60000610351562,220.8000030517578,181,0.0,0.0
2023-06-30 00:00:00-04:00,224.39999389648438,228.0,215.75999450683594,223.1999969482422,76,0.0,0.0
2023-07-03 00:00:00-04:00,215.75999450683594,234.0,212.39999389648438,234.0,378,0.0,0.0
2023-07-05 00:00:00-04:00,227.52000427246094,228.0,216.0,217.9199981689453,200,0.0,0.0
2023-07-06 00:00:00-04:00,219.36000061035156,228.0,211.1999969482422,211.1999969482422,349,0.0,0.0
2023-07-07 00:00:00-04:00,221.75999450683594,225.1199951171875,213.60000610351562,223.1999969482422,138,0.0,0.0
2023-07-10 00:00:00-04:00,216.24000549316406,235.1999969482422,216.24000549316406,222.0,416,0.0,0.0
2023-07-11 00:00:00-04:00,250.8000030517578,254.39999389648438,201.60000610351562,204.0,71957,0.0,0.0
2023-07-12 00:00:00-04:00,192.0,205.44000244140625,175.44000244140625,192.0,5505,0.0,0.0
2023-07-13 00:00:00-04:00,183.1199951171875,204.0,181.1999969482422,196.8000030517578,1508,0.0,0.0
2023-07-14 00:00:00-04:00,201.60000610351562,201.60000610351562,185.52000427246094,189.60000610351562,446,0.0,0.0
2023-07-17 00:00:00-04:00,190.55999755859375,200.8800048828125,176.39999389648438,186.0,1060,0.0,0.0
2023-07-18 00:00:00-04:00,196.8000030517578,196.8000030517578,176.39999389648438,187.1999969482422,608,0.0,0.0
2023-07-19 00:00:00-04:00,182.39999389648438,189.60000610351562,173.0399932861328,184.8000030517578,1040,0.0,0.0
2023-07-20 00:00:00-04:00,184.8000030517578,187.1999969482422,175.44000244140625,185.52000427246094,451,0.0,0.0
2023-07-21 00:00:00-04:00,180.0,184.8000030517578,175.44000244140625,177.60000610351562,518,0.0,0.0
2023-07-24 00:00:00-04:00,184.8000030517578,184.8000030517578,169.1999969482422,175.1999969482422,335,0.0,0.0
2023-07-25 00:00:00-04:00,167.75999450683594,170.39999389648438,144.0,146.16000366210938,2870,0.0,0.0
2023-07-26 00:00:00-04:00,144.0,150.0,144.0,146.8800048828125,543,0.0,0.0
2023-07-27 00:00:00-04:00,150.24000549316406,152.63999938964844,120.0,135.83999633789062,2752,0.0,0.0
2023-07-28 00:00:00-04:00,137.27999877929688,141.60000610351562,127.68000030517578,128.16000366210938,850,0.0,0.0
2023-07-31 00:00:00-04:00,137.0399932861328,137.0399932861328,123.12000274658203,125.04000091552734,788,0.0,0.0
2023-08-01 00:00:00-04:00,134.39999389648438,134.39999389648438,125.04000091552734,132.9600067138672,1073,0.0,0.0
2023-08-02 00:00:00-04:00,133.67999267578125,144.0,129.60000610351562,141.1199951171875,442,0.0,0.0
2023-08-03 00:00:00-04:00,136.8000030517578,139.1999969482422,132.47999572753906,134.63999938964844,222,0.0,0.0
2023-08-04 00:00:00-04:00,132.24000549316406,135.1199951171875,129.60000610351562,130.32000732421875,300,0.0,0.0
2023-08-07 00:00:00-04:00,137.27999877929688,144.0,129.60000610351562,136.8000030517578,1544,0.0,0.0
2023-08-08 00:00:00-04:00,134.63999938964844,141.60000610351562,129.36000061035156,137.52000427246094,1333,0.0,0.0
2023-08-09 00:00:00-04:00,136.8000030517578,136.8000030517578,122.63999938964844,129.60000610351562,973,0.0,0.0
2023-08-10 00:00:00-04:00,133.44000244140625,133.44000244140625,124.80000305175781,131.52000427246094,183,0.0,0.0
2023-08-11 00:00:00-04:00,127.19999694824219,132.0,124.80000305175781,132.0,91,0.0,0.0
2023-08-14 00:00:00-04:00,127.19999694824219,143.0399932861328,124.80000305175781,132.47999572753906,2495,0.0,0.0
2023-08-15 00:00:00-04:00,155.75999450683594,155.75999450683594,136.8000030517578,148.8000030517578,1455,0.0,0.0
2023-08-16 00:00:00-04:00,151.1999969482422,156.0,144.0,154.32000732421875,783,0.0,0.0
2023-08-17 00:00:00-04:00,154.8000030517578,160.8000030517578,127.19999694824219,153.36000061035156,510,0.0,0.0
2023-08-18 00:00:00-04:00,151.1999969482422,161.75999450683594,151.1999969482422,153.60000610351562,206,0.0,0.0
2023-08-21 00:00:00-04:00,160.0800018310547,160.8000030517578,127.19999694824219,154.55999755859375,294,0.0,0.0
2023-08-22 00:00:00-04:00,154.8000030517578,160.55999755859375,146.39999389648438,160.55999755859375,277,0.0,0.0
2023-08-23 00:00:00-04:00,158.39999389648438,159.60000610351562,153.60000610351562,159.60000610351562,124,0.0,0.0
2023-08-24 00:00:00-04:00,162.0,162.0,154.8000030517578,157.67999267578125,177,0.0,0.0
2023-08-25 00:00:00-04:00,160.55999755859375,163.1999969482422,156.0,162.24000549316406,323,0.0,0.0
2023-08-28 00:00:00-04:00,163.1999969482422,163.1999969482422,152.8800048828125,160.8000030517578,273,0.0,0.0
2023-08-29 00:00:00-04:00,164.39999389648438,164.39999389648438,153.60000610351562,160.55999755859375,253,0.0,0.0
2023-08-30 00:00:00-04:00,163.1999969482422,163.1999969482422,144.0,157.1999969482422,374,0.0,0.0
2023-08-31 00:00:00-04:00,159.60000610351562,159.60000610351562,151.1999969482422,154.0800018310547,229,0.0,0.0
2023-09-01 00:00:00-04:00,156.9600067138672,156.9600067138672,151.1999969482422,153.60000610351562,143,0.0,0.0
2023-09-05 00:00:00-04:00,160.55999755859375,165.60000610351562,151.1999969482422,155.52000427246094,335,0.0,0.0
2023-09-06 00:00:00-04:00,164.39999389648438,164.39999389648438,153.1199951171875,156.0,309,0.0,0.0
2023-09-07 00:00:00-04:00,149.0399932861328,152.8800048828125,129.83999633789062,132.0,1175,0.0,0.0
2023-09-08 00:00:00-04:00,132.0,144.47999572753906,129.1199951171875,138.72000122070312,7584,0.0,0.0
2023-09-11 00:00:00-04:00,129.60000610351562,137.52000427246094,116.4000015258789,137.52000427246094,8516,0.0,0.0
2023-09-12 00:00:00-04:00,130.8000030517578,146.39999389648438,128.39999389648438,146.39999389648438,1095,0.0,0.0
2023-09-13 00:00:00-04:00,168.0,170.39999389648438,133.9199981689453,148.8000030517578,2694,0.0,0.0
2023-09-14 00:00:00-04:00,159.60000610351562,165.60000610351562,148.8000030517578,156.72000122070312,2036,0.0,0.0
2023-09-15 00:00:00-04:00,150.9600067138672,165.60000610351562,144.0,165.60000610351562,2112,0.0,0.0
2023-09-18 00:00:00-04:00,164.63999938964844,174.24000549316406,155.52000427246094,165.36000061035156,2575,0.0,0.0
2023-09-19 00:00:00-04:00,165.60000610351562,177.1199951171875,160.8000030517578,172.8000030517578,464,0.0,0.0
2023-09-20 00:00:00-04:00,175.67999267578125,187.1999969482422,168.0,179.0399932861328,1360,0.0,0.0
2023-09-21 00:00:00-04:00,170.63999938964844,182.39999389648438,168.0,182.39999389648438,301,0.0,0.0
2023-09-22 00:00:00-04:00,183.60000610351562,183.60000610351562,163.1999969482422,172.8000030517578,1373,0.0,0.0
2023-09-25 00:00:00-04:00,179.0399932861328,179.0399932861328,161.52000427246094,166.0800018310547,468,0.0,0.0
2023-09-26 00:00:00-04:00,167.0399932861328,180.0,167.0399932861328,172.55999755859375,460,0.0,0.0
2023-09-27 00:00:00-04:00,170.39999389648438,178.8000030517578,158.39999389648438,163.1999969482422,191,0.0,0.0
2023-09-28 00:00:00-04:00,168.72000122070312,175.1999969482422,168.72000122070312,172.8000030517578,167,0.0,0.0
2023-09-29 00:00:00-04:00,168.0,177.36000061035156,160.8000030517578,170.16000366210938,88,0.0,0.0
2023-10-02 00:00:00-04:00,163.44000244140625,180.0,158.39999389648438,166.0800018310547,262,0.0,0.0
2023-10-03 00:00:00-04:00,165.60000610351562,166.0800018310547,160.8000030517578,166.0800018310547,40,0.0,0.0
2023-10-04 00:00:00-04:00,165.60000610351562,165.60000610351562,145.1999969482422,156.0,376,0.0,0.0
2023-10-05 00:00:00-04:00,156.0,156.0,144.0,149.0399932861328,175,0.0,0.0
2023-10-06 00:00:00-04:00,155.27999877929688,156.0,134.39999389648438,148.55999755859375,266,0.0,0.0
2023-10-09 00:00:00-04:00,141.60000610351562,146.39999389648438,132.0,136.8000030517578,321,0.0,0.0
2023-10-10 00:00:00-04:00,136.8000030517578,153.60000610351562,134.39999389648438,147.83999633789062,152,0.0,0.0
2023-10-11 00:00:00-04:00,151.1999969482422,151.1999969482422,136.8000030517578,136.8000030517578,140,0.0,0.0
2023-10-12 00:00:00-04:00,132.24000549316406,156.0,127.19999694824219,129.60000610351562,289,0.0,0.0
2023-10-13 00:00:00-04:00,138.9600067138672,146.16000366210938,121.19999694824219,123.5999984741211,399,0.0,0.0
2023-10-16 00:00:00-04:00,132.0,132.9600067138672,117.5999984741211,122.4000015258789,341,0.0,0.0
2023-10-17 00:00:00-04:00,124.80000305175781,129.60000610351562,120.0,124.80000305175781,184,0.0,0.0
2023-10-18 00:00:00-04:00,127.91999816894531,127.91999816894531,118.55999755859375,122.4000015258789,194,0.0,0.0
2023-10-19 00:00:00-04:00,116.87999725341797,122.4000015258789,102.4800033569336,109.91999816894531,167,0.0,0.0
2023-10-20 00:00:00-04:00,112.08000183105469,117.36000061035156,112.08000183105469,112.80000305175781,235,0.0,0.0
2023-10-23 00:00:00-04:00,112.80000305175781,122.63999938964844,112.80000305175781,117.5999984741211,261,0.0,0.0
2023-10-24 00:00:00-04:00,113.27999877929688,124.55999755859375,113.27999877929688,118.08000183105469,80,0.0,0.0
2023-10-25 00:00:00-04:00,123.83999633789062,123.83999633789062,98.4000015258789,98.4000015258789,280,0.0,0.0
2023-10-26 00:00:00-04:00,112.80000305175781,112.80000305175781,96.23999786376953,103.68000030517578,267,0.0,0.0
2023-10-27 00:00:00-04:00,105.5999984741211,110.4000015258789,98.4000015258789,98.4000015258789,270,0.0,0.0
2023-10-30 00:00:00-04:00,102.4800033569336,108.0,98.4000015258789,103.19999694824219,124,0.0,0.0
2023-10-31 00:00:00-04:00,106.80000305175781,108.0,98.4000015258789,103.19999694824219,96,0.0,0.0
2023-11-01 00:00:00-04:00,105.5999984741211,112.31999969482422,98.4000015258789,98.4000015258789,316,0.0,0.0
2023-11-02 00:00:00-04:00,103.19999694824219,107.76000213623047,96.23999786376953,99.5999984741211,313,0.0,0.0
2023-11-03 00:00:00-04:00,108.23999786376953,109.68000030517578,96.0,100.31999969482422,227,0.0,0.0
2023-11-06 00:00:00-05:00,98.4000015258789,100.31999969482422,72.95999908447266,96.0,399,0.0,0.0
2023-11-07 00:00:00-05:00,93.36000061035156,95.76000213623047,88.80000305175781,91.19999694824219,205,0.0,0.0
2023-11-08 00:00:00-05:00,91.19999694824219,91.19999694824219,74.4000015258789,87.36000061035156,185,0.0,0.0
2023-11-09 00:00:00-05:00,89.04000091552734,94.80000305175781,86.4000015258789,88.80000305175781,377,0.0,0.0
2023-11-10 00:00:00-05:00,94.55999755859375,94.55999755859375,75.5999984741211,75.5999984741211,139,0.0,0.0
2023-11-13 00:00:00-05:00,79.19999694824219,91.19999694824219,73.44000244140625,74.4000015258789,383,0.0,0.0
2023-11-14 00:00:00-05:00,74.4000015258789,90.72000122070312,67.44000244140625,72.0,618,0.0,0.0
2023-11-15 00:00:00-05:00,76.80000305175781,76.80000305175781,66.23999786376953,72.0,643,0.0,0.0
2023-11-16 00:00:00-05:00,72.72000122070312,74.4000015258789,66.0,69.83999633789062,154,0.0,0.0
2023-11-17 00:00:00-05:00,72.4800033569336,74.4000015258789,66.0,72.0,191,0.0,0.0
2023-11-20 00:00:00-05:00,80.63999938964844,91.19999694824219,74.63999938964844,82.08000183105469,316,0.0,0.0
2023-11-21 00:00:00-05:00,88.55999755859375,88.80000305175781,76.80000305175781,79.44000244140625,100,0.0,0.0
2023-11-22 00:00:00-05:00,76.31999969482422,86.16000366210938,76.31999969482422,85.91999816894531,63,0.0,0.0
2023-11-24 00:00:00-05:00,86.63999938964844,86.63999938964844,81.83999633789062,85.68000030517578,72,0.0,0.0
2023-11-27 00:00:00-05:00,88.80000305175781,88.80000305175781,78.23999786376953,82.08000183105469,149,0.0,0.0
2023-11-28 00:00:00-05:00,84.0,84.4800033569336,73.19999694824219,75.5999984741211,1219,0.0,0.0
2023-11-29 00:00:00-05:00,77.76000213623047,88.80000305175781,73.19999694824219,74.4000015258789,4901,0.0,0.0
2023-11-30 00:00:00-05:00,77.04000091552734,81.5999984741211,61.91999816894531,75.23999786376953,8683,0.0,0.05
2023-12-01 00:00:00-05:00,76.91999816894531,83.04000091552734,63.599998474121094,73.44000244140625,6592,0.0,0.0
2023-12-04 00:00:00-05:00,69.5999984741211,71.58000183105469,60.0,61.20000076293945,2808,0.0,0.0
2023-12-05 00:00:00-05:00,59.880001068115234,64.44000244140625,56.400001525878906,60.540000915527344,2283,0.0,0.0
2023-12-06 00:00:00-05:00,59.15999984741211,61.79999923706055,49.20000076293945,54.827999114990234,7783,0.0,0.0
2023-12-07 00:00:00-05:00,54.0,54.599998474121094,44.63999938964844,44.7599983215332,4100,0.0,0.0
2023-12-08 00:00:00-05:00,43.91999816894531,45.84000015258789,40.97999954223633,42.36000061035156,2833,0.0,0.0
2023-12-11 00:00:00-05:00,41.400001525878906,43.20000076293945,39.0,40.20000076293945,1767,0.0,0.0
2023-12-12 00:00:00-05:00,40.439998626708984,40.79999923706055,36.0,38.15999984741211,1067,0.0,0.0
2023-12-13 00:00:00-05:00,35.15999984741211,36.43199920654297,32.400001525878906,34.439998626708984,2833,0.0,0.0
2023-12-14 00:00:00-05:00,34.08000183105469,37.13999938964844,33.119998931884766,34.68000030517578,2392,0.0,0.0
2023-12-15 00:00:00-05:00,25.079999923706055,29.327999114990234,24.1200008392334,25.559999465942383,6100,0.0,0.0
2023-12-18 00:00:00-05:00,27.239999771118164,31.799999237060547,24.0,27.0,3550,0.0,0.0
2023-12-19 00:00:00-05:00,27.84000015258789,34.79999923706055,24.600000381469727,26.639999389648438,4358,0.0,0.0
2023-12-20 00:00:00-05:00,27.959999084472656,29.8799991607666,25.6200008392334,25.799999237060547,2717,0.0,0.0
2023-12-21 00:00:00-05:00,25.68000030517578,25.799999237060547,22.799999237060547,24.600000381469727,3725,0.0,0.0
2023-12-22 00:00:00-05:00,24.479999542236328,25.200000762939453,24.360000610351562,24.959999084472656,892,0.0,0.0
2023-12-26 00:00:00-05:00,25.200000762939453,26.760000228881836,23.052000045776367,23.760000228881836,2575,0.0,0.0
2023-12-27 00:00:00-05:00,45.47999954223633,61.20000076293945,40.08000183105469,47.880001068115234,4780492,0.0,0.0
2023-12-28 00:00:00-05:00,120.0,152.39999389648438,97.31999969482422,117.83999633789062,2224633,0.0,0.0
2023-12-29 00:00:00-05:00,90.0,114.23999786376953,89.16000366210938,91.80000305175781,239258,0.0,0.0
2024-01-02 00:00:00-05:00,84.95999908447266,98.16000366210938,78.0,80.63999938964844,81775,0.0,0.0
2024-01-03 00:00:00-05:00,81.0,106.80000305175781,81.0,97.19999694824219,75217,0.0,0.0
2024-01-04 00:00:00-05:00,96.0,100.19999694824219,84.5999984741211,86.27999877929688,27792,0.0,0.0
2024-01-05 00:00:00-05:00,84.36000061035156,86.87999725341797,75.95999908447266,75.95999908447266,28400,0.0,0.0
2024-01-08 00:00:00-05:00,78.36000061035156,79.7760009765625,66.83999633789062,75.0,18350,0.0,0.0
2024-01-09 00:00:00-05:00,79.08000183105469,101.76000213623047,74.16000366210938,90.95999908447266,82933,0.0,0.0
2024-01-10 00:00:00-05:00,88.08000183105469,89.69999694824219,82.80000305175781,88.31999969482422,13125,0.0,0.0
2024-01-11 00:00:00-05:00,84.0,86.4000015258789,79.80000305175781,82.19999694824219,11758,0.0,0.0
2024-01-12 00:00:00-05:00,81.0,88.44000244140625,79.31999969482422,84.83999633789062,13858,0.0,0.0
2024-01-16 00:00:00-05:00,80.87999725341797,84.81600189208984,73.19999694824219,76.08000183105469,8008,0.0,0.0
2024-01-17 00:00:00-05:00,70.91999816894531,72.0,62.880001068115234,66.0,6500,0.0,0.0
2024-01-18 00:00:00-05:00,65.63999938964844,66.4800033569336,60.70800018310547,64.08000183105469,6917,0.0,0.0
2024-01-19 00:00:00-05:00,61.31999969482422,62.70000076293945,54.0,54.2400016784668,8383,0.0,0.0
2024-01-22 00:00:00-05:00,55.91999816894531,55.91999816894531,49.31999969482422,50.34000015258789,6467,0.0,0.0
2024-01-23 00:00:00-05:00,50.400001525878906,50.400001525878906,40.439998626708984,42.720001220703125,9858,0.0,0.0
2024-01-24 00:00:00-05:00,42.84000015258789,57.599998474121094,42.2400016784668,52.20000076293945,18667,0.0,0.0
2024-01-25 00:00:00-05:00,50.15999984741211,50.7599983215332,45.599998474121094,47.279998779296875,5325,0.0,0.0
2024-01-26 00:00:00-05:00,47.279998779296875,49.41600036621094,43.64400100708008,44.52000045776367,5658,0.0,0.0
2024-01-29 00:00:00-05:00,42.36000061035156,46.560001373291016,38.63999938964844,39.36000061035156,12292,0.0,0.0
2024-01-30 00:00:00-05:00,39.0,40.12799835205078,35.400001525878906,35.52000045776367,11233,0.0,0.0
2024-01-31 00:00:00-05:00,35.15999984741211,39.720001220703125,35.15999984741211,37.20000076293945,11633,0.0,0.0
2024-02-01 00:00:00-05:00,36.84000015258789,58.31999969482422,36.84000015258789,40.31999969482422,220642,0.0,0.0
2024-02-02 00:00:00-05:00,24.0,24.0,15.359999656677246,15.960000038146973,254242,0.0,0.0
2024-02-05 00:00:00-05:00,17.15999984741211,17.399999618530273,15.0,15.720000267028809,87608,0.0,0.0
2024-02-06 00:00:00-05:00,15.359999656677246,16.31999969482422,14.399999618530273,15.479999542236328,44125,0.0,0.0
2024-02-07 00:00:00-05:00,15.600000381469727,15.65999984741211,12.600000381469727,13.079999923706055,52875,0.0,0.0
2024-02-08 00:00:00-05:00,13.319999694824219,15.479999542236328,12.359999656677246,15.0,51333,0.0,0.0
2024-02-09 00:00:00-05:00,14.880000114440918,14.880000114440918,13.4399995803833,14.399999618530273,17817,0.0,0.0
2024-02-12 00:00:00-05:00,14.399999618530273,15.0,12.720000267028809,13.4399995803833,25750,0.0,0.0
2024-02-13 00:00:00-05:00,13.800000190734863,15.119999885559082,13.199999809265137,14.039999961853027,27900,0.0,0.0
2024-02-14 00:00:00-05:00,14.399999618530273,14.399999618530273,13.199999809265137,13.920000076293945,14983,0.0,0.0
2024-02-15 00:00:00-05:00,13.920000076293945,14.399999618530273,13.5600004196167,13.920000076293945,13558,0.0,0.0
2024-02-16 00:00:00-05:00,14.279999732971191,14.399999618530273,13.079999923706055,13.920000076293945,12183,0.0,0.0
2024-02-20 00:00:00-05:00,14.399999618530273,14.399999618530273,13.4399995803833,13.800000190734863,15983,0.0,0.0
2024-02-21 00:00:00-05:00,13.5600004196167,13.571999549865723,12.359999656677246,12.960000038146973,37258,0.0,0.0
2024-02-22 00:00:00-05:00,12.960000038146973,13.800000190734863,12.0,13.319999694824219,30767,0.0,0.0
2024-02-23 00:00:00-05:00,12.960000038146973,13.380000114440918,12.0,12.479999542236328,16950,0.0,0.0
2024-02-26 00:00:00-05:00,12.960000038146973,13.079999923706055,12.119999885559082,12.600000381469727,13175,0.0,0.0
2024-02-27 00:00:00-05:00,12.600000381469727,13.079999923706055,12.479999542236328,13.079999923706055,9775,0.0,0.0
2024-02-28 00:00:00-05:00,12.960000038146973,15.0,12.515999794006348,14.520000457763672,28683,0.0,0.0
2024-02-29 00:00:00-05:00,14.15999984741211,17.520000457763672,13.5600004196167,16.139999389648438,64642,0.0,0.0
2024-03-01 00:00:00-05:00,15.960000038146973,18.0,13.800000190734863,16.079999923706055,52100,0.0,0.0
2024-03-04 00:00:00-05:00,16.079999923706055,16.079999923706055,13.4399995803833,14.15999984741211,25367,0.0,0.0
2024-03-05 00:00:00-05:00,14.399999618530273,15.119999885559082,13.079999923706055,13.859999656677246,18200,0.0,0.0
2024-03-06 00:00:00-05:00,14.15999984741211,14.640000343322754,13.319999694824219,13.5600004196167,7592,0.0,0.0
2024-03-07 00:00:00-05:00,13.5600004196167,14.399999618530273,12.960000038146973,14.279999732971191,17450,0.0,0.0
2024-03-08 00:00:00-05:00,14.640000343322754,14.640000343322754,13.319999694824219,14.399999618530273,12417,0.0,0.0
2024-03-11 00:00:00-04:00,14.640000343322754,16.200000762939453,14.279999732971191,14.880000114440918,39367,0.0,0.0
2024-03-12 00:00:00-04:00,15.600000381469727,15.600000381469727,13.319999694824219,14.760000228881836,12058,0.0,0.0
2024-03-13 00:00:00-04:00,14.399999618530273,14.880000114440918,14.15999984741211,14.760000228881836,29900,0.0,0.0
2024-03-14 00:00:00-04:00,15.239999771118164,15.239999771118164,13.991999626159668,14.399999618530273,8883,0.0,0.0
2024-03-15 00:00:00-04:00,14.15999984741211,14.520000457763672,13.5600004196167,13.5600004196167,14633,0.0,0.0
2024-03-18 00:00:00-04:00,13.800000190734863,14.255999565124512,12.84000015258789,13.319999694824219,15008,0.0,0.0
2024-03-19 00:00:00-04:00,13.199999809265137,13.368000030517578,12.359999656677246,12.960000038146973,7008,0.0,0.0
2024-03-20 00:00:00-04:00,13.079999923706055,13.5600004196167,12.720000267028809,12.960000038146973,7558,0.0,0.0
2024-03-21 00:00:00-04:00,13.199999809265137,13.680000305175781,12.720000267028809,12.960000038146973,8108,0.0,0.0
2024-03-22 00:00:00-04:00,12.600000381469727,15.0,12.600000381469727,13.920000076293945,61900,0.0,0.0
2024-03-25 00:00:00-04:00,13.319999694824219,14.039999961853027,13.140000343322754,13.319999694824219,19592,0.0,0.0
2024-03-26 00:00:00-04:00,13.319999694824219,13.800000190734863,12.960000038146973,13.319999694824219,8200,0.0,0.0
2024-03-27 00:00:00-04:00,13.4399995803833,13.4399995803833,12.960000038146973,13.079999923706055,11358,0.0,0.0
2024-03-28 00:00:00-04:00,13.319999694824219,13.380000114440918,12.960000038146973,13.199999809265137,6208,0.0,0.0
2024-04-01 00:00:00-04:00,13.319999694824219,14.039999961853027,12.600000381469727,13.079999923706055,18125,0.0,0.0
2024-04-02 00:00:00-04:00,12.720000267028809,13.788000106811523,12.0,12.84000015258789,18600,0.0,0.0
2024-04-03 00:00:00-04:00,12.720000267028809,12.960000038146973,12.359999656677246,12.84000015258789,8475,0.0,0.0
2024-04-04 00:00:00-04:00,12.600000381469727,13.199999809265137,11.880000114440918,12.84000015258789,17258,0.0,0.0
2024-04-05 00:00:00-04:00,12.600000381469727,12.720000267028809,11.520000457763672,12.359999656677246,10583,0.0,0.0
2024-04-08 00:00:00-04:00,12.479999542236328,12.479999542236328,12.0,12.119999885559082,4033,0.0,0.0
2024-04-09 00:00:00-04:00,12.359999656677246,12.359999656677246,12.0,12.119999885559082,5642,0.0,0.0
2024-04-10 00:00:00-04:00,12.239999771118164,12.539999961853027,12.0,12.01200008392334,4500,0.0,0.0
2024-04-11 00:00:00-04:00,12.0,12.300000190734863,11.064000129699707,11.543999671936035,9617,0.0,0.0
2024-04-12 00:00:00-04:00,11.543999671936035,11.760000228881836,11.039999961853027,11.052000045776367,6558,0.0,0.0
2024-04-15 00:00:00-04:00,10.920000076293945,11.736000061035156,9.0,9.359999656677246,20908,0.0,0.0
2024-04-16 00:00:00-04:00,9.600000381469727,9.996000289916992,9.600000381469727,9.720000267028809,7333,0.0,0.0
2024-04-17 00:00:00-04:00,10.319999694824219,10.680000305175781,10.008000373840332,10.223999977111816,12717,0.0,0.0
2024-04-18 00:00:00-04:00,10.187999725341797,10.800000190734863,10.187999725341797,10.5600004196167,3675,0.0,0.0
2024-04-19 00:00:00-04:00,10.5600004196167,10.800000190734863,9.911999702453613,10.54800033569336,14642,0.0,0.0
2024-04-22 00:00:00-04:00,10.763999938964844,11.279999732971191,10.008000373840332,10.631999969482422,6075,0.0,0.0
2024-04-23 00:00:00-04:00,11.052000045776367,11.052000045776367,10.319999694824219,10.54800033569336,3108,0.0,0.0
2024-04-24 00:00:00-04:00,10.295999526977539,10.776000022888184,10.199999809265137,10.4399995803833,1958,0.0,0.0
2024-04-25 00:00:00-04:00,9.972000122070312,10.800000190734863,9.923999786376953,10.079999923706055,4842,0.0,0.0
2024-04-26 00:00:00-04:00,10.416000366210938,11.15999984741211,10.079999923706055,10.5600004196167,725,0.0,0.0
2024-04-29 00:00:00-04:00,10.680000305175781,10.727999687194824,10.092000007629395,10.48799991607666,1783,0.0,0.0
2024-04-30 00:00:00-04:00,10.211999893188477,11.508000373840332,10.187999725341797,11.003999710083008,2892,0.0,0.0
2024-05-01 00:00:00-04:00,11.520000457763672,12.479999542236328,11.520000457763672,12.479999542236328,5175,0.0,0.0
2024-05-02 00:00:00-04:00,12.239999771118164,13.920000076293945,12.119999885559082,13.4399995803833,19358,0.0,0.0
2024-05-03 00:00:00-04:00,13.680000305175781,13.800000190734863,10.920000076293945,11.579999923706055,13883,0.0,0.0
2024-05-06 00:00:00-04:00,11.784000396728516,12.479999542236328,10.4399995803833,10.45199966430664,9958,0.0,0.0
2024-05-07 00:00:00-04:00,10.5,11.088000297546387,9.84000015258789,10.644000053405762,10175,0.0,0.0
2024-05-08 00:00:00-04:00,11.039999961853027,11.15999984741211,10.319999694824219,10.656000137329102,4392,0.0,0.0
2024-05-09 00:00:00-04:00,10.5600004196167,10.800000190734863,10.319999694824219,10.619999885559082,2100,0.0,0.0
2024-05-10 00:00:00-04:00,10.571999549865723,10.968000411987305,8.399999618530273,9.131999969482422,8450,0.0,0.0
2024-05-13 00:00:00-04:00,9.131999969482422,9.960000038146973,9.131999969482422,9.491999626159668,7617,0.0,0.0
2024-05-14 00:00:00-04:00,9.600000381469727,10.079999923706055,9.01200008392334,9.720000267028809,5417,0.0,0.0
2024-05-15 00:00:00-04:00,9.479999542236328,9.84000015258789,9.359999656677246,9.479999542236328,4167,0.0,0.0
2024-05-16 00:00:00-04:00,10.260000228881836,10.260000228881836,9.239999771118164,9.479999542236328,4692,0.0,0.0
2024-05-17 00:00:00-04:00,9.479999542236328,9.62399959564209,9.239999771118164,9.62399959564209,1408,0.0,0.0
2024-05-20 00:00:00-04:00,9.600000381469727,9.887999534606934,9.239999771118164,9.479999542236328,1592,0.0,0.0
2024-05-21 00:00:00-04:00,11.97599983215332,11.97599983215332,8.399999618530273,9.960000038146973,486025,0.0,0.0
2024-05-22 00:00:00-04:00,9.600000381469727,10.319999694824219,9.0,9.65999984741211,43733,0.0,0.0
2024-05-23 00:00:00-04:00,9.576000213623047,10.199999809265137,9.119999885559082,9.899999618530273,35600,0.0,0.0
2024-05-24 00:00:00-04:00,9.684000015258789,10.163999557495117,9.144000053405762,9.468000411987305,13225,0.0,0.0
2024-05-28 00:00:00-04:00,9.527999877929688,9.600000381469727,7.800000190734863,8.496000289916992,28317,0.0,0.0
2024-05-29 00:00:00-04:00,8.520000457763672,8.640000343322754,7.920000076293945,8.399999618530273,11292,0.0,0.0
2024-05-30 00:00:00-04:00,8.15999984741211,9.0,8.15999984741211,8.604000091552734,8508,0.0,0.0
2024-05-31 00:00:00-04:00,8.97599983215332,8.97599983215332,8.34000015258789,8.411999702453613,5217,0.0,0.0
2024-06-03 00:00:00-04:00,8.640000343322754,8.748000144958496,8.34000015258789,8.496000289916992,8875,0.0,0.0
2024-06-04 00:00:00-04:00,8.520000457763672,8.95199966430664,8.399999618530273,8.520000457763672,6342,0.0,0.0
2024-06-05 00:00:00-04:00,8.279999732971191,8.880000114440918,8.15999984741211,8.604000091552734,10692,0.0,0.0
2024-06-06 00:00:00-04:00,8.868000030517578,8.868000030517578,8.15999984741211,8.616000175476074,8258,0.0,0.0
2024-06-07 00:00:00-04:00,8.616000175476074,8.760000228881836,8.15999984741211,8.675999641418457,8958,0.0,0.0
2024-06-10 00:00:00-04:00,8.628000259399414,8.628000259399414,8.064000129699707,8.447999954223633,11850,0.0,0.0
2024-06-11 00:00:00-04:00,8.303999900817871,8.663999557495117,8.039999961853027,8.520000457763672,8375,0.0,0.0
2024-06-12 00:00:00-04:00,8.567999839782715,8.760000228881836,8.15999984741211,8.399999618530273,15200,0.0,0.0
2024-06-13 00:00:00-04:00,8.640000343322754,8.640000343322754,8.15999984741211,8.315999984741211,3075,0.0,0.0
2024-06-14 00:00:00-04:00,8.399999618530273,8.508000373840332,7.920000076293945,7.932000160217285,6175,0.0,0.0
2024-06-17 00:00:00-04:00,8.052000045776367,8.34000015258789,7.943999767303467,8.039999961853027,6333,0.0,0.0
2024-06-18 00:00:00-04:00,8.399999618530273,8.447999954223633,6.239999771118164,6.840000152587891,39533,0.0,0.0
2024-06-20 00:00:00-04:00,7.211999893188477,7.440000057220459,6.840000152587891,7.440000057220459,16008,0.0,0.0
2024-06-21 00:00:00-04:00,7.920000076293945,8.027999877929688,6.960000038146973,6.960000038146973,14508,0.0,0.0
2024-06-24 00:00:00-04:00,7.199999809265137,7.776000022888184,7.007999897003174,7.283999919891357,8633,0.0,0.0
2024-06-25 00:00:00-04:00,7.763999938964844,8.039999961853027,6.599999904632568,7.0320000648498535,71133,0.0,0.0
2024-06-26 00:00:00-04:00,7.320000171661377,7.5960001945495605,6.73199987411499,6.76800012588501,20167,0.0,0.0
2024-06-27 00:00:00-04:00,6.791999816894531,7.044000148773193,6.372000217437744,7.007999897003174,10783,0.0,0.0
2024-06-28 00:00:00-04:00,6.480000019073486,7.079999923706055,3.684000015258789,3.8399999141693115,213775,0.0,0.0
2024-07-01 00:00:00-04:00,4.368000030517578,6.599999904632568,3.4079999923706055,4.127999782562256,491842,0.0,0.0
2024-07-02 00:00:00-04:00,4.079999923706055,4.079999923706055,3.74399995803833,3.815999984741211,30750,0.0,0.0
2024-07-03 00:00:00-04:00,3.671999931335449,4.452000141143799,3.611999988555908,3.8399999141693115,94425,0.0,0.0
2024-07-05 00:00:00-04:00,3.936000108718872,4.164000034332275,3.7200000286102295,4.044000148773193,59983,0.0,0.0
2024-07-08 00:00:00-04:00,4.199999809265137,4.440000057220459,3.9119999408721924,4.380000114440918,34808,0.0,0.0
2024-07-09 00:00:00-04:00,4.211999893188477,5.159999847412109,4.211999893188477,4.464000225067139,33933,0.0,0.0
2024-07-10 00:00:00-04:00,4.5,9.0,4.331999778747559,7.776000022888184,103400,0.0,0.0
2024-07-11 00:00:00-04:00,6.708000183105469,6.708000183105469,5.5320000648498535,5.760000228881836,115075,0.0,0.0
2024-07-12 00:00:00-04:00,5.400000095367432,5.843999862670898,4.955999851226807,5.159999847412109,121633,0.0,0.0
2024-07-15 00:00:00-04:00,5.159999847412109,5.363999843597412,3.828000068664551,4.788000106811523,165683,0.0,0.0
2024-07-16 00:00:00-04:00,4.763999938964844,4.763999938964844,4.116000175476074,4.116000175476074,76267,0.0,0.0
2024-07-17 00:00:00-04:00,4.415999889373779,4.415999889373779,3.996000051498413,4.127999782562256,33133,0.0,0.0
2024-07-18 00:00:00-04:00,4.116000175476074,4.308000087738037,3.9600000381469727,4.044000148773193,24617,0.0,0.0
2024-07-19 00:00:00-04:00,3.9600000381469727,4.127999782562256,3.8399999141693115,4.0320000648498535,20675,0.0,0.0
2024-07-22 00:00:00-04:00,3.9839999675750732,4.1519999504089355,3.7200000286102295,3.9119999408721924,22692,0.0,0.0
2024-07-23 00:00:00-04:00,3.864000082015991,4.452000141143799,3.7320001125335693,4.343999862670898,44600,0.0,0.0
2024-07-24 00:00:00-04:00,4.427999973297119,4.656000137329102,4.079999923706055,4.440000057220459,34600,0.0,0.0
2024-07-25 00:00:00-04:00,4.572000026702881,4.584000110626221,4.127999782562256,4.559999942779541,15550,0.0,0.0
2024-07-26 00:00:00-04:00,4.52400016784668,4.800000190734863,4.223999977111816,4.236000061035156,24783,0.0,0.0
2024-07-29 00:00:00-04:00,4.368000030517578,4.800000190734863,3.9240000247955322,4.260000228881836,52325,0.0,0.0
2024-07-30 00:00:00-04:00,4.260000228881836,4.343999862670898,3.947999954223633,4.019999980926514,10142,0.0,0.0
2024-07-31 00:00:00-04:00,4.1519999504089355,4.248000144958496,3.936000108718872,4.236000061035156,22058,0.0,0.0
2024-08-01 00:00:00-04:00,4.1519999504089355,4.248000144958496,3.75600004196167,4.056000232696533,28750,0.0,0.0
2024-08-02 00:00:00-04:00,3.9600000381469727,3.9600000381469727,3.7079999446868896,3.7320001125335693,9133,0.0,0.0
2024-08-05 00:00:00-04:00,3.7200000286102295,3.7200000286102295,3.252000093460083,3.5399999618530273,23333,0.0,0.0
2024-08-06 00:00:00-04:00,4.079999923706055,4.320000171661377,3.384000062942505,3.696000099182129,23200,0.0,0.0
2024-08-07 00:00:00-04:00,3.684000015258789,3.684000015258789,3.1559998989105225,3.252000093460083,62242,0.0,0.0
2024-08-08 00:00:00-04:00,3.2160000801086426,3.2160000801086426,2.5799999237060547,2.8320000171661377,74633,0.0,0.0
2024-08-09 00:00:00-04:00,2.359999895095825,2.8299999237060547,1.8200000524520874,2.444999933242798,504100,0.0,0.08333333333333333
2024-08-12 00:00:00-04:00,2.109999895095825,3.4000000953674316,2.109999895095825,2.8499999046325684,442200,0.0,0.0
2024-08-13 00:00:00-04:00,2.930000066757202,2.9679999351501465,2.140000104904175,2.25,206100,0.0,0.0
2024-08-14 00:00:00-04:00,2.2699999809265137,2.4800000190734863,1.7999999523162842,1.8450000286102295,104500,0.0,0.0
2024-08-15 00:00:00-04:00,4.159999847412109,6.800000190734863,3.799999952316284,4.800000190734863,105319100,0.0,0.0
2024-08-16 00:00:00-04:00,10.520000457763672,20.829999923706055,8.710000038146973,17.690000534057617,100646500,0.0,0.0
2024-08-19 00:00:00-04:00,15.380000114440918,16.149999618530273,11.579999923706055,12.800000190734863,9441300,0.0,0.0
2024-08-20 00:00:00-04:00,10.210000038146973,15.550000190734863,9.5,13.34000015258789,9972300,0.0,0.0
2024-08-21 00:00:00-04:00,12.550000190734863,14.369999885559082,10.899999618530273,11.0,2470700,0.0,0.0
2024-08-22 00:00:00-04:00,11.199999809265137,12.399999618530273,11.0,11.34000015258789,1039500,0.0,0.0
2024-08-23 00:00:00-04:00,10.600000381469727,10.864999771118164,9.600000381469727,9.6899995803833,885100,0.0,0.0
2024-08-26 00:00:00-04:00,10.09000015258789,11.880000114440918,9.529999732971191,10.270000457763672,1970300,0.0,0.0
2024-08-27 00:00:00-04:00,10.010000228881836,10.59000015258789,9.699999809265137,9.880000114440918,388900,0.0,0.0
2024-08-28 00:00:00-04:00,9.520000457763672,10.09000015258789,7.769999980926514,8.0,866200,0.0,0.0
2024-08-29 00:00:00-04:00,7.610000133514404,7.809999942779541,6.25,6.429999828338623,854900,0.0,0.0
2024-08-30 00:00:00-04:00,6.630000114440918,9.6899995803833,6.010000228881836,7.889999866485596,5248700,0.0,0.0
2024-09-03 00:00:00-04:00,7.21999979019165,7.690000057220459,6.670000076293945,7.0,610900,0.0,0.0
2024-09-04 00:00:00-04:00,6.71999979019165,7.349999904632568,6.401000022888184,6.710000038146973,521300,0.0,0.0
2024-09-05 00:00:00-04:00,6.5,6.710000038146973,6.0,6.019999980926514,587500,0.0,0.0
2024-09-06 00:00:00-04:00,6.019999980926514,6.289000034332275,5.300000190734863,5.920000076293945,381900,0.0,0.0
2024-09-09 00:00:00-04:00,5.929999828338623,6.020999908447266,5.380000114440918,5.489999771118164,242200,0.0,0.0
2024-09-10 00:00:00-04:00,5.380000114440918,5.75,5.02400016784668,5.449999809265137,269000,0.0,0.0
2024-09-11 00:00:00-04:00,5.260000228881836,7.0,5.260000228881836,6.510000228881836,791800,0.0,0.0
2024-09-12 00:00:00-04:00,6.309999942779541,6.699999809265137,5.670000076293945,5.940000057220459,438500,0.0,0.0
2024-09-13 00:00:00-04:00,5.889999866485596,6.473999977111816,5.349999904632568,5.400000095367432,612200,0.0,0.0
2024-09-16 00:00:00-04:00,5.25,5.480000019073486,4.920000076293945,4.949999809265137,409300,0.0,0.0
2024-09-17 00:00:00-04:00,4.920000076293945,5.349999904632568,4.920000076293945,5.170000076293945,266300,0.0,0.0
2024-09-18 00:00:00-04:00,5.070000171661377,5.230000019073486,4.849999904632568,4.940000057220459,309900,0.0,0.0
2024-09-19 00:00:00-04:00,4.96999979019165,5.300000190734863,4.920000076293945,5.139999866485596,283800,0.0,0.0
2024-09-20 00:00:00-04:00,5.210000038146973,5.440000057220459,5.070000171661377,5.199999809265137,172600,0.0,0.0
2024-09-23 00:00:00-04:00,5.170000076293945,5.170000076293945,4.920000076293945,5.119999885559082,159600,0.0,0.0
2024-09-24 00:00:00-04:00,5.190000057220459,5.21999979019165,4.940000057220459,5.010000228881836,172100,0.0,0.0
2024-09-25 00:00:00-04:00,5.050000190734863,5.210000038146973,5.050000190734863,5.150000095367432,107800,0.0,0.0
2024-09-26 00:00:00-04:00,5.199999809265137,5.289999961853027,4.960000038146973,5.139999866485596,161000,0.0,0.0
2024-09-27 00:00:00-04:00,5.079999923706055,5.168000221252441,4.949999809265137,5.03000020980835,116300,0.0,0.0
2024-09-30 00:00:00-04:00,5.019999980926514,5.150000095367432,4.900000095367432,5.039999961853027,157500,0.0,0.0
2024-10-01 00:00:00-04:00,5.010000228881836,5.099999904632568,4.869999885559082,4.920000076293945,101100,0.0,0.0
2024-10-02 00:00:00-04:00,4.849999904632568,4.960000038146973,4.699999809265137,4.809999942779541,90200,0.0,0.0
2024-10-03 00:00:00-04:00,4.809999942779541,4.914999961853027,4.809999942779541,4.820000171661377,64100,0.0,0.0
2024-10-04 00:00:00-04:00,4.840000152587891,4.940000057220459,4.75,4.809999942779541,61700,0.0,0.0
2024-10-07 00:00:00-04:00,4.670000076293945,4.984000205993652,4.670000076293945,4.869999885559082,87800,0.0,0.0
2024-10-08 00:00:00-04:00,4.860000133514404,4.940000057220459,4.5,4.5,150600,0.0,0.0
2024-10-09 00:00:00-04:00,4.5,4.715000152587891,4.300000190734863,4.340000152587891,213300,0.0,0.0
2024-10-10 00:00:00-04:00,4.320000171661377,4.449999809265137,4.170000076293945,4.449999809265137,84700,0.0,0.0
2024-10-11 00:00:00-04:00,4.579999923706055,5.010000228881836,4.5,4.840000152587891,197100,0.0,0.0
2024-10-14 00:00:00-04:00,4.840000152587891,4.96999979019165,4.440000057220459,4.510000228881836,144900,0.0,0.0
2024-10-15 00:00:00-04:00,4.449999809265137,4.622000217437744,4.409999847412109,4.449999809265137,82900,0.0,0.0
2024-10-16 00:00:00-04:00,4.28000020980835,4.539999961853027,4.28000020980835,4.400000095367432,104900,0.0,0.0
2024-10-17 00:00:00-04:00,4.380000114440918,4.539999961853027,4.349999904632568,4.489999771118164,29200,0.0,0.0
2024-10-18 00:00:00-04:00,4.53000020980835,4.599999904632568,4.409999847412109,4.590000152587891,50400,0.0,0.0
2024-10-21 00:00:00-04:00,4.650000095367432,4.940000057220459,4.550000190734863,4.920000076293945,111900,0.0,0.0
2024-10-22 00:00:00-04:00,4.980000019073486,5.230000019073486,4.860000133514404,5.190000057220459,120300,0.0,0.0
2024-10-23 00:00:00-04:00,5.150000095367432,5.179999828338623,4.5,4.670000076293945,95900,0.0,0.0
2024-10-24 00:00:00-04:00,4.619999885559082,4.789999961853027,4.519999980926514,4.630000114440918,48100,0.0,0.0
2024-10-25 00:00:00-04:00,4.699999809265137,4.75,4.307000160217285,4.369999885559082,92200,0.0,0.0
2024-10-28 00:00:00-04:00,4.409999847412109,4.550000190734863,4.25,4.340000152587891,85900,0.0,0.0
2024-10-29 00:00:00-04:00,4.329999923706055,4.466000080108643,4.329999923706055,4.389999866485596,65300,0.0,0.0
2024-10-30 00:00:00-04:00,4.349999904632568,4.480000019073486,4.190000057220459,4.260000228881836,106100,0.0,0.0
2024-10-31 00:00:00-04:00,4.179999828338623,4.289999961853027,3.9509999752044678,4.039999961853027,103200,0.0,0.0
2024-11-01 00:00:00-04:00,3.940000057220459,4.099999904632568,3.809999942779541,3.8499999046325684,66400,0.0,0.0
2024-11-04 00:00:00-05:00,3.809999942779541,3.940000057220459,3.799999952316284,3.8299999237060547,43900,0.0,0.0
2024-11-05 00:00:00-05:00,3.7799999713897705,3.8499999046325684,3.640000104904175,3.6500000953674316,66900,0.0,0.0
2024-11-06 00:00:00-05:00,3.569999933242798,3.700000047683716,3.299999952316284,3.359999895095825,117800,0.0,0.0
2024-11-07 00:00:00-05:00,3.299999952316284,3.5899999141693115,3.0199999809265137,3.440000057220459,1531100,0.0,0.0
2024-11-08 00:00:00-05:00,3.2899999618530273,3.569999933242798,3.2899999618530273,3.4700000286102295,138100,0.0,0.0
2024-11-11 00:00:00-05:00,3.5399999618530273,4.579999923706055,3.5399999618530273,4.519999980926514,522800,0.0,0.0
2024-11-12 00:00:00-05:00,4.53000020980835,4.989999771118164,4.130000114440918,4.170000076293945,417600,0.0,0.0
2024-11-13 00:00:00-05:00,4.090000152587891,4.434000015258789,4.050000190734863,4.329999923706055,221900,0.0,0.0
2024-11-14 00:00:00-05:00,4.429999828338623,4.480000019073486,4.21999979019165,4.21999979019165,103800,0.0,0.0
2024-11-15 00:00:00-05:00,4.269999980926514,4.315800189971924,4.099999904632568,4.199999809265137,51735,0.0,0.0
