Date,Open,High,Low,Close,Volume,Dividends,Stock Splits
2022-01-03 00:00:00-05:00,90.43380212797956,91.41503570653941,88.92421477568762,89.60353088378906,322000,0.0,0.0
2022-01-04 00:00:00-05:00,89.63183500098029,90.46210624960844,87.15045100233407,88.593994140625,283500,0.0,0.0
2022-01-05 00:00:00-05:00,87.95241864010934,90.00923366870434,85.18798386128597,85.98051452636719,377500,0.0,0.0
2022-01-06 00:00:00-05:00,84.99927902520372,87.93354276583445,84.3860143474615,86.810791015625,548900,0.0,0.0
2022-01-07 00:00:00-05:00,85.22572451675791,87.86750060086374,83.27269429241653,86.8485336303711,607700,0.0,0.0
2022-01-10 00:00:00-05:00,86.2352617257508,87.40519103140034,84.47092722260842,85.68803405761719,867100,0.0,0.0
2022-01-11 00:00:00-05:00,85.688034613075,86.59378703605702,83.61235287685959,85.98995208740234,594400,0.0,0.0
2022-01-12 00:00:00-05:00,86.41452247085343,88.47133754772166,85.43329606199417,87.17875671386719,420500,0.0,0.0
2022-01-13 00:00:00-05:00,87.35802073734015,89.07518505162524,85.20685766875044,85.38612365722656,490500,0.0,0.0
2022-01-14 00:00:00-05:00,84.72566434781766,87.22591474611545,83.97086715698242,86.80134582519531,379500,0.0,0.0
2022-01-18 00:00:00-05:00,85.33894084022336,87.7448509222422,84.6313210747214,84.84832763671875,569000,0.0,0.0
2022-01-19 00:00:00-05:00,86.32960986590517,87.00892598050929,82.17823920865366,82.34806823730469,563800,0.0,0.0
2022-01-20 00:00:00-05:00,82.82924202306837,84.1123929346935,79.55532052936069,79.83837127685547,368500,0.0,0.0
2022-01-21 00:00:00-05:00,80.24408649017828,83.02738809825053,79.26285285795072,81.68762969970703,558400,0.0,0.0
2022-01-24 00:00:00-05:00,81.78196488893964,82.44240703986208,78.1966889883561,82.31975555419922,451200,0.0,0.0
2022-01-25 00:00:00-05:00,81.58384576167339,81.58384576167339,78.7061890595284,78.79110717773438,408800,0.0,0.0
2022-01-26 00:00:00-05:00,80.34786955045061,84.30110043461475,80.34786955045061,81.36683654785156,771600,0.0,0.0
2022-01-27 00:00:00-05:00,78.93261735223393,79.91384360743183,74.54537404524208,74.58311462402344,1262800,0.0,0.0
2022-01-28 00:00:00-05:00,74.01702572708665,75.17752532754707,72.57348253505386,74.24346923828125,859600,0.0,0.0
2022-01-31 00:00:00-05:00,75.1963842547089,76.20592141010772,73.73397452025483,74.53594207763672,773500,0.0,0.0
2022-02-01 00:00:00-05:00,75.6964447690063,75.78135568182583,73.87550303409265,75.17752075195312,565800,0.0,0.0
2022-02-02 00:00:00-05:00,77.41359928754899,78.41369950930029,75.09260030023799,76.0077896118164,499000,0.0,0.0
2022-02-03 00:00:00-05:00,75.24356679083074,75.55492120858698,72.87539734402716,72.88483428955078,276100,0.0,0.0
2022-02-04 00:00:00-05:00,72.29042628352103,74.30006350503865,71.86585017309606,73.7056655883789,347600,0.0,0.0
2022-02-07 00:00:00-05:00,74.17741332377724,75.10203232145798,74.02645100677172,74.16797637939453,377500,0.0,0.0
2022-02-08 00:00:00-05:00,73.85663577068087,76.85694399695204,73.85663577068087,76.7625961303711,442900,0.0,0.0
2022-02-09 00:00:00-05:00,78.08347708835849,79.41379837972259,77.37585738917254,78.88544464111328,518900,0.0,0.0
2022-02-10 00:00:00-05:00,77.63059431411565,78.30991035081126,75.47943166343255,75.6303939819336,817000,0.0,0.0
2022-02-11 00:00:00-05:00,75.94370063362953,76.65576185373641,70.94028698080153,71.67133331298828,699500,0.5,0.0
2022-02-14 00:00:00-05:00,71.68083237363548,73.82651229802217,70.75989866630512,71.14916229248047,389700,0.0,0.0
2022-02-15 00:00:00-05:00,72.4973225489644,73.83599379515911,72.10805896199986,73.62712860107422,368100,0.0,0.0
2022-02-16 00:00:00-05:00,72.93404944108853,75.44050409839096,72.93404944108853,74.99427795410156,335400,0.0,0.0
2022-02-17 00:00:00-05:00,74.90884239417124,75.6114074420433,73.0764712169198,73.20938873291016,224800,0.0,0.0
2022-02-18 00:00:00-05:00,73.41825740665658,73.49421233858855,71.78526258742417,72.00362396240234,218400,0.0,0.0
2022-02-22 00:00:00-05:00,71.68082921353802,73.84549415533742,70.56051927516414,71.48145294189453,449600,0.0,0.0
2022-02-23 00:00:00-05:00,72.36440378101729,73.1524198749492,69.58261787487048,69.8294677734375,542900,0.0,0.0
2022-02-24 00:00:00-05:00,67.00971352507901,69.6870635787572,65.69951616801706,69.43071746826172,570300,0.0,0.0
2022-02-25 00:00:00-05:00,69.92441155862548,70.33266027127324,68.03507786216775,70.19024658203125,270900,0.0,0.0
2022-02-28 00:00:00-05:00,69.70604994267056,70.30418604891783,67.88317481883344,68.87056732177734,271500,0.0,0.0
2022-03-01 00:00:00-05:00,68.97499348240697,69.03195605812681,66.81032868352355,67.51289367675781,340800,0.0,0.0
2022-03-02 00:00:00-05:00,67.59834742802406,69.69656102444961,67.59834742802406,69.18387603759766,444400,0.0,0.0
2022-03-03 00:00:00-05:00,69.70604699438181,69.74402446328818,67.12363705644063,67.63632202148438,252500,0.0,0.0
2022-03-04 00:00:00-05:00,67.33251195023072,67.46542947448211,64.15197305970966,65.889404296875,679500,0.0,0.0
2022-03-07 00:00:00-05:00,65.85142818507448,66.84831688098691,64.57920825654375,64.79757690429688,468600,0.0,0.0
2022-03-08 00:00:00-05:00,65.04441858181272,67.52239211713561,64.77858356159527,66.58246612548828,440100,0.0,0.0
2022-03-09 00:00:00-05:00,67.79772777227005,68.07305174455337,66.84831278423744,67.13313293457031,252500,0.0,0.0
2022-03-10 00:00:00-05:00,66.857797180664,67.39896339737093,65.65204341482959,66.4875259399414,233600,0.0,0.0
2022-03-11 00:00:00-05:00,66.78185270944041,67.73126778175066,64.90201492260495,64.93049621582031,343800,0.0,0.0
2022-03-14 00:00:00-04:00,64.7595929019456,65.27227784441159,61.15182043625849,61.636016845703125,503400,0.0,0.0
2022-03-15 00:00:00-04:00,61.67398968797682,63.23102951049805,61.2752371771152,63.23102951049805,434400,0.0,0.0
2022-03-16 00:00:00-04:00,64.4842612560875,66.63943723524021,63.95259120537126,65.80394744873047,518500,0.0,0.0
2022-03-17 00:00:00-04:00,65.08239276890961,65.71849899858879,63.35445798109624,65.15834045410156,884700,0.0,0.0
2022-03-18 00:00:00-04:00,66.20271519714503,68.03508654925756,64.32287019473644,67.2470703125,496700,0.0,0.0
2022-03-21 00:00:00-04:00,67.35150704520885,67.74076345535218,65.56660208676375,66.40209197998047,417000,0.0,0.0
2022-03-22 00:00:00-04:00,67.1711118812958,69.72504057320616,67.1711118812958,68.20597076416016,329600,0.0,0.0
2022-03-23 00:00:00-04:00,66.45905105060329,67.21858595999488,65.1013872894025,65.29126739501953,429800,0.0,0.0
2022-03-24 00:00:00-04:00,66.25016881956375,66.88627504739297,64.65515153980084,66.62993621826172,404500,0.0,0.0
2022-03-25 00:00:00-04:00,66.71539188768091,66.71539188768091,65.12987050422586,65.83243560791016,307000,0.0,0.0
2022-03-28 00:00:00-04:00,66.05079813131047,69.53514927781939,65.92737679480335,67.75025177001953,625300,0.0,0.0
2022-03-29 00:00:00-04:00,69.06043579639118,70.06682048677852,66.96222979741457,67.56985473632812,557500,0.0,0.0
2022-03-30 00:00:00-04:00,67.62682764687122,69.02246148874096,65.53811048580873,65.57608795166016,347400,0.0,0.0
2022-03-31 00:00:00-04:00,65.98433547824897,66.17421556065815,63.38294068324675,63.439903259277344,310600,0.0,0.0
2022-04-01 00:00:00-04:00,63.620307813894115,64.50326414572669,61.74046273069942,62.58544158935547,521400,0.0,0.0
2022-04-04 00:00:00-04:00,62.272126375436244,65.3577251255501,62.272126375436244,65.12986755371094,473600,0.0,0.0
2022-04-05 00:00:00-04:00,64.85452580826473,67.17110035026604,63.572817214937594,66.0887680053711,927600,0.0,0.0
2022-04-06 00:00:00-04:00,65.03492543625967,66.98122902188265,64.41780425715034,65.9368667602539,668700,0.0,0.0
2022-04-07 00:00:00-04:00,66.45904439224594,68.3578742320244,66.3356230603063,67.95912170410156,938300,0.0,0.0
2022-04-08 00:00:00-04:00,68.30091464048763,69.11741208676213,64.46527732724637,68.34838104248047,1083600,0.0,0.0
2022-04-11 00:00:00-04:00,67.39895315312953,68.15848787393988,65.12985241012002,66.6963882446289,955600,0.0,0.0
2022-04-12 00:00:00-04:00,67.81669961946142,73.63660975003785,66.84829970821738,70.49404907226562,1575600,0.0,0.0
2022-04-13 00:00:00-04:00,71.55739756079099,75.43100451972343,71.53840520806128,72.84860229492188,1037100,0.0,0.0
2022-04-14 00:00:00-04:00,73.10494612571469,74.05436101046423,70.76938637844611,72.43086242675781,680000,0.0,0.0
2022-04-18 00:00:00-04:00,72.1080708068738,74.78542098252056,72.1080708068738,74.27274322509766,575500,0.0,0.0
2022-04-19 00:00:00-04:00,74.52907736311917,75.95319986050362,72.35491614789686,72.59226989746094,827600,0.0,0.0
2022-04-20 00:00:00-04:00,72.64922440884473,75.46898779937221,71.11117691834669,72.30744171142578,704800,0.0,0.0
2022-04-21 00:00:00-04:00,73.24735834804571,74.25373578792593,71.33903243954362,72.80113220214844,646000,0.0,0.0
2022-04-22 00:00:00-04:00,72.94354888054974,74.88984508948225,72.1935102364773,73.19039154052734,863800,0.0,0.0
2022-04-25 00:00:00-04:00,77.66214052195267,83.94726242739259,77.37731315895259,82.61808013916016,3356700,0.0,0.0
2022-04-26 00:00:00-04:00,81.65918039422563,82.58011403794949,79.41856057345245,79.65591430664062,886000,0.0,0.0
2022-04-27 00:00:00-04:00,79.21919433722456,80.01669950485255,75.62091041727552,76.65576934814453,875700,0.0,0.0
2022-04-28 00:00:00-04:00,77.8710118825121,79.32362285676041,76.19055058934667,79.0387954711914,667500,0.0,0.0
2022-04-29 00:00:00-04:00,77.86153395491962,78.0704064347355,68.07305940170039,72.0890884399414,2029700,0.0,0.0
2022-05-02 00:00:00-04:00,71.73778963328276,75.85825418691488,71.73778963328276,75.51646423339844,1034000,0.0,0.0
2022-05-03 00:00:00-04:00,75.51646613970186,79.53248732970701,75.36455627054379,77.40579986572266,808200,0.0,0.0
2022-05-04 00:00:00-04:00,76.96906981387663,77.69062720504994,73.57965872739815,77.09249114990234,961200,0.0,0.0
2022-05-05 00:00:00-04:00,92.78633266519114,93.65979274114508,88.65637155240685,90.3463363647461,7083400,0.0,0.0
2022-05-06 00:00:00-04:00,89.54882317415645,90.34633554666907,87.04236813505109,87.99178314208984,2873700,0.0,0.0
2022-05-09 00:00:00-04:00,86.87147902905042,89.05513659055349,85.55179265934291,86.10245513916016,1404300,0.0,0.0
2022-05-10 00:00:00-04:00,87.11831501699476,89.2260172966459,85.75115521539163,88.74181365966797,1051400,0.0,0.0
2022-05-11 00:00:00-04:00,87.8063877757441,89.70588987452004,86.26960833021057,87.10004425048828,1104000,0.5,0.0
2022-05-12 00:00:00-04:00,87.29094252394488,88.73227127280562,86.4127849518567,87.6727523803711,866000,0.0,0.0
2022-05-13 00:00:00-04:00,87.95912318407593,88.36002030906374,87.03323652701962,87.75867462158203,961000,0.0,0.0
2022-05-16 00:00:00-04:00,87.36730298529835,88.50318526693454,87.02367485442383,87.85411071777344,1012900,0.0,0.0
2022-05-17 00:00:00-04:00,88.61772612824315,89.85860634098327,87.97819880614018,88.57955169677734,1130600,0.0,0.0
2022-05-18 00:00:00-04:00,88.29318353927708,88.49363205504383,86.870949432694,87.5295639038086,695500,0.0,0.0
2022-05-19 00:00:00-04:00,87.10004105680846,87.99729312519186,86.58459884406166,86.71823120117188,428500,0.0,0.0
2022-05-20 00:00:00-04:00,87.33866902329812,87.39593795130058,85.59189389505207,85.69689178466797,920600,0.0,0.0
2022-05-23 00:00:00-04:00,85.7541630153724,86.00234051407571,84.551471800523,85.02873229980469,624800,0.0,0.0
2022-05-24 00:00:00-04:00,84.64691748338717,84.67555194647926,83.10059093466268,83.67330932617188,542100,0.0,0.0
2022-05-25 00:00:00-04:00,83.47286172419167,85.61099408917025,83.42514004181994,83.94058227539062,552600,0.0,0.0
2022-05-26 00:00:00-04:00,83.90239005098849,86.34596126784989,83.90239005098849,85.81143188476562,512300,0.0,0.0
2022-05-27 00:00:00-04:00,85.9641712721571,86.60370596861712,85.73508823834275,86.38416290283203,733300,0.0,0.0
2022-05-31 00:00:00-04:00,86.38415062728139,86.57505191459575,85.42962962587497,86.20278930664062,906400,0.0,0.0
2022-06-01 00:00:00-04:00,86.06915158263047,86.47959587894074,85.42007705084717,85.92597198486328,507300,0.0,0.0
2022-06-02 00:00:00-04:00,85.73508550529682,87.77776009086982,85.58236591509507,87.56776428222656,690600,0.0,0.0
2022-06-03 00:00:00-04:00,87.28141231969148,87.81594180902479,86.48915805341667,87.56776428222656,277000,0.0,0.0
2022-06-06 00:00:00-04:00,87.74911231326614,88.24546000915956,87.14776672897693,87.41503143310547,608500,0.0,0.0
2022-06-07 00:00:00-04:00,87.10003037857703,88.96134318328966,86.36505250457718,88.5413589477539,355200,0.0,0.0
2022-06-08 00:00:00-04:00,88.61772208902198,88.77044893759305,87.74911180562924,88.66545104980469,167400,0.0,0.0
2022-06-09 00:00:00-04:00,88.32183233217765,89.6104343040032,87.94956970214844,87.94956970214844,222400,0.0,0.0
2022-06-10 00:00:00-04:00,87.38640494199716,87.94956886530207,86.72778308786565,86.89959716796875,229300,0.0,0.0
2022-06-13 00:00:00-04:00,85.5728050134154,85.88779867612897,84.75191641008628,84.94281768798828,349100,0.0,0.0
2022-06-14 00:00:00-04:00,85.42962435778854,85.53462224406186,83.64466757355909,84.06465911865234,390900,0.0,0.0
2022-06-15 00:00:00-04:00,84.00740086652097,84.35102903209223,82.73788610385033,83.49195861816406,553700,0.0,0.0
2022-06-16 00:00:00-04:00,82.83333172739692,82.83333172739692,81.02928760882664,81.18201446533203,681900,0.0,0.0
2022-06-17 00:00:00-04:00,81.61154381493105,81.84062681112424,79.8265869601156,80.38021087646484,683200,0.0,0.0
2022-06-21 00:00:00-04:00,81.02929861879025,81.61155709410187,80.41840567459745,80.48522186279297,323100,0.0,0.0
2022-06-22 00:00:00-04:00,79.90294851013955,80.93383289242867,77.78391081846202,78.67161560058594,535200,0.0,0.0
2022-06-23 00:00:00-04:00,78.69071723053038,79.25388115116463,77.10620880126953,77.10620880126953,446800,0.0,0.0
2022-06-24 00:00:00-04:00,77.63118878298195,78.54752799951115,76.7243895323879,77.99390411376953,362500,0.0,0.0
2022-06-27 00:00:00-04:00,78.76707116024836,80.61884426458164,78.36617408067646,79.63568878173828,377000,0.0,0.0
2022-06-28 00:00:00-04:00,79.63568254253477,79.9220417383179,78.04163431597024,78.52843475341797,279600,0.0,0.0
2022-06-29 00:00:00-04:00,77.91754509949874,80.4183926927414,77.42119739337384,80.2083969116211,159400,0.0,0.0
2022-06-30 00:00:00-04:00,79.24434268496874,80.16068939768468,78.70026592065402,79.89341735839844,234700,0.0,0.0
2022-07-01 00:00:00-04:00,78.63344392834422,79.22524961946124,75.91306030753304,78.2229995727539,405800,0.0,0.0
2022-07-05 00:00:00-04:00,77.05848595768552,79.40660681764179,76.84849016589457,79.2156982421875,255700,0.0,0.0
2022-07-06 00:00:00-04:00,79.25387247350987,79.39705207097606,76.97256800977677,77.18256378173828,230000,0.0,0.0
2022-07-07 00:00:00-04:00,77.98435720967962,79.17750837434679,77.71709251398084,78.38526153564453,288000,0.0,0.0
2022-07-08 00:00:00-04:00,78.24209032944745,79.95068385435656,78.24209032944745,78.70025634765625,151400,0.0,0.0
2022-07-11 00:00:00-04:00,78.70025383094072,79.0534292239299,76.83894078695654,76.89620971679688,304800,0.0,0.0
2022-07-12 00:00:00-04:00,76.74348557312818,80.75247063640407,76.62894043785117,79.31114196777344,597900,0.0,0.0
2022-07-13 00:00:00-04:00,78.6334384213755,80.17976508395053,77.25893311483732,79.02479553222656,268800,0.0,0.0
2022-07-14 00:00:00-04:00,79.43524805505889,83.11970012761756,78.97707471732772,82.49925994873047,510200,0.0,0.0
2022-07-15 00:00:00-04:00,82.97651720229545,83.04333338613701,80.76202860329518,82.28926086425781,585200,0.0,0.0
2022-07-18 00:00:00-04:00,83.4155807332902,83.4155807332902,81.43017551672618,81.94561767578125,364100,0.0,0.0
2022-07-19 00:00:00-04:00,82.45152757930438,82.46107482910156,81.18202008815707,82.46107482910156,308500,0.0,0.0
2022-07-20 00:00:00-04:00,82.29880728837989,84.18875491660407,82.29880728837989,83.49195861816406,373200,0.0,0.0
2022-07-21 00:00:00-04:00,84.17921216196238,84.61829096289404,83.23423109672275,83.3296890258789,221800,0.0,0.0
2022-07-22 00:00:00-04:00,83.0815068870096,83.16741027956036,81.57336199239207,81.85017395019531,195800,0.0,0.0
2022-07-25 00:00:00-04:00,81.89791141389885,83.03378654479302,81.57337046048774,82.50880432128906,216500,0.0,0.0
2022-07-26 00:00:00-04:00,82.06972535264806,82.06972535264806,80.37067171943515,80.81929779052734,284700,0.0,0.0
2022-07-27 00:00:00-04:00,81.1342742387491,82.90968364586092,81.1342742387491,82.05061340332031,334100,0.0,0.0
2022-07-28 00:00:00-04:00,82.11744766749442,83.98830811770115,81.61155265830816,81.82154846191406,498900,0.0,0.0
2022-07-29 00:00:00-04:00,81.51609408669023,82.65196911391989,80.89565398606587,81.43018341064453,444300,0.0,0.0
2022-08-01 00:00:00-04:00,81.01973327979998,82.73787385325966,80.4088404719958,82.01243591308594,430300,0.0,0.0
2022-08-02 00:00:00-04:00,81.51609565201628,82.1938046947401,80.5233929284382,81.05792236328125,398100,0.0,0.0
2022-08-03 00:00:00-04:00,80.70475193269728,80.72383914807175,78.32798944442341,78.5188980102539,647600,0.0,0.0
2022-08-04 00:00:00-04:00,78.90071840422856,79.74069435889032,76.16124019838338,76.42850494384766,807200,0.0,0.0
2022-08-05 00:00:00-04:00,76.45713156257408,77.02984271297493,76.19941409373978,76.77212524414062,639800,0.0,0.0
2022-08-08 00:00:00-04:00,76.68620684840594,79.09160363339018,76.07531404513747,78.80524444580078,493900,0.0,0.0
2022-08-09 00:00:00-04:00,78.61434401141567,78.61434401141567,75.97986421780341,76.4762191772461,481100,0.0,0.0
2022-08-10 00:00:00-04:00,77.28306220105623,78.54133493230177,75.52531739684656,77.30227661132812,426500,0.5,0.0
2022-08-11 00:00:00-04:00,77.24463335201317,78.17633430140651,76.8412187125283,77.45594787597656,244900,0.0,0.0
2022-08-12 00:00:00-04:00,78.08028755011195,80.0301323850085,77.56160842245991,79.3481674194336,444800,0.0,0.0
2022-08-15 00:00:00-04:00,78.75264866529876,80.2030288435736,78.47409834442807,78.51251983642578,246000,0.0,0.0
2022-08-16 00:00:00-04:00,78.685405519112,78.82948426857591,77.74410470182707,77.84976196289062,373500,0.0,0.0
2022-08-17 00:00:00-04:00,77.80173534339058,77.80173534339058,76.72595562396532,77.25424194335938,180100,0.0,0.0
2022-08-18 00:00:00-04:00,77.22542820386371,78.50291525567752,77.22542820386371,77.4847640991211,416600,0.0,0.0
2022-08-19 00:00:00-04:00,77.43674036451881,78.0802838088971,76.60108947753906,76.60108947753906,171600,0.0,0.0
2022-08-22 00:00:00-04:00,76.3609560313503,76.42819180013873,75.43886234733077,75.61175537109375,235500,0.0,0.0
2022-08-23 00:00:00-04:00,75.69820667974322,76.71635785710215,75.69820667974322,75.91912841796875,190400,0.0,0.0
2022-08-24 00:00:00-04:00,75.83267198976057,76.24569381823852,75.47728605633378,75.71741485595703,143800,0.0,0.0
2022-08-25 00:00:00-04:00,75.59254691887595,76.8124053848974,75.40044680096143,75.73662567138672,375900,0.0,0.0
2022-08-26 00:00:00-04:00,75.73662916888392,76.31293687739098,74.7280925110341,74.93939971923828,319600,0.0,0.0
2022-08-29 00:00:00-04:00,74.79532496640668,75.44847562788024,73.97888114345238,75.11228942871094,245500,0.0,0.0
2022-08-30 00:00:00-04:00,75.12189635726219,75.51571112483188,73.5370447389605,74.29585266113281,417500,0.0,0.0
2022-08-31 00:00:00-04:00,75.03546067587092,75.03546067587092,73.33534442762647,74.06533813476562,293400,0.0,0.0
2022-09-01 00:00:00-04:00,73.32572419814554,73.98848200718004,66.15068206932713,69.37801361083984,1556200,0.0,0.0
2022-09-02 00:00:00-04:00,69.99274163791982,70.73233507923804,68.10052561939459,68.36946868896484,378200,0.0,0.0
2022-09-06 00:00:00-04:00,68.21578980123454,69.01301921714713,68.19658272062871,68.87854766845703,176100,0.0,0.0
2022-09-07 00:00:00-04:00,68.67683857757159,69.61814672232133,68.19658096514101,69.55091094970703,113500,0.0,0.0
2022-09-08 00:00:00-04:00,69.19552290337613,70.28090255129312,68.91697258775491,69.48367309570312,235200,0.0,0.0
2022-09-09 00:00:00-04:00,70.1176210322816,71.5295797789974,69.6949919303665,71.0205078125,411700,0.0,0.0
2022-09-12 00:00:00-04:00,70.7995790144403,70.97247205455974,70.22327132342544,70.51142883300781,177900,0.0,0.0
2022-09-13 00:00:00-04:00,69.65656113005836,69.666168334223,68.7921032871313,69.04183197021484,275600,0.0,0.0
2022-09-14 00:00:00-04:00,69.64695748500652,70.34812945993804,68.83052105078592,69.02262115478516,187700,0.0,0.0
2022-09-15 00:00:00-04:00,68.9650005308552,69.39722947870128,67.44738461879334,67.77395629882812,251700,0.0,0.0
2022-09-16 00:00:00-04:00,67.77395478839422,68.07171950383994,66.39081778922183,67.19764709472656,694300,0.0,0.0
2022-09-19 00:00:00-04:00,67.23607381184897,68.33106071338989,67.23607381184897,67.7163314819336,153600,0.0,0.0
2022-09-20 00:00:00-04:00,67.3032932632353,67.86039378412443,66.96711444137074,67.33210754394531,160000,0.0,0.0
2022-09-21 00:00:00-04:00,67.0823809727937,68.00448205373462,66.94790942518767,67.24567413330078,228800,0.0,0.0
2022-09-22 00:00:00-04:00,67.20725458070503,67.79316948136322,66.89988998758514,67.27449035644531,814100,0.0,0.0
2022-09-23 00:00:00-04:00,67.03436591068251,67.12080877306452,66.06424337332085,66.12187194824219,625100,0.0,0.0
2022-09-26 00:00:00-04:00,65.83372091063784,65.9585852641008,64.25847637212672,64.37373352050781,485300,0.0,0.0
2022-09-27 00:00:00-04:00,64.59465662638347,65.47832898058309,63.99913447734434,64.83478546142578,115900,0.0,0.0
2022-09-28 00:00:00-04:00,64.9116217852306,65.64160809256919,64.15281386499859,65.1805648803711,158000,0.0,0.0
2022-09-29 00:00:00-04:00,64.55622836716701,65.34385057042797,64.48899259352825,65.14214324951172,545300,0.0,0.0
2022-09-30 00:00:00-04:00,65.31503909376981,65.39188207498907,62.28941449364899,62.61599349975586,590900,0.0,0.0
2022-10-03 00:00:00-04:00,62.61599756203559,64.55623533072185,62.43349730183744,63.49006271362305,206600,0.0,0.0
2022-10-04 00:00:00-04:00,64.74833554436644,66.78462315366724,63.90307744708714,66.4676513671875,353900,0.0,0.0
2022-10-05 00:00:00-04:00,67.26488334038675,67.476197872777,64.1047872154367,65.247802734375,440600,0.0,0.0
2022-10-06 00:00:00-04:00,65.20938923104478,66.5348978309112,63.79743043545291,64.66189575195312,403200,0.0,0.0
2022-10-07 00:00:00-04:00,62.95217022182423,63.39400635644573,61.04074326645966,61.828369140625,340900,0.0,0.0
2022-10-10 00:00:00-04:00,61.36731550308684,61.44415847779429,59.26378853547895,59.40786361694336,278100,0.0,0.0
2022-10-11 00:00:00-04:00,58.81234910252816,59.01405642834151,55.87317107924454,57.323551177978516,492000,0.0,0.0
2022-10-12 00:00:00-04:00,57.265917047590435,57.27552425178256,53.529513385166844,55.95001220703125,856900,0.0,0.0
2022-10-13 00:00:00-04:00,55.59462356280464,57.87104367391217,54.134639946611976,56.99697494506836,367000,0.0,0.0
2022-10-14 00:00:00-04:00,57.02578930079402,57.70775791220446,56.3342208131625,57.01618576049805,335900,0.0,0.0
2022-10-17 00:00:00-04:00,57.10263640252328,57.51565828249496,55.56580969488503,55.70988845825195,259000,0.0,0.0
2022-10-18 00:00:00-04:00,56.64158617460895,56.73763623518231,55.786728177651284,55.9019889831543,200300,0.0,0.0
2022-10-19 00:00:00-04:00,55.7387010066492,56.74724499060803,55.239232617052224,55.777122497558594,157100,0.0,0.0
2022-10-20 00:00:00-04:00,55.60422588374163,55.901986923065905,53.60635611765637,53.78885269165039,539500,0.0,0.0
2022-10-21 00:00:00-04:00,53.53912641205402,54.87424214212432,53.10689377827131,53.913726806640625,185000,0.0,0.0
2022-10-24 00:00:00-04:00,53.50069802959942,54.29792375006746,50.014026784855474,50.05244827270508,591600,0.0,0.0
2022-10-25 00:00:00-04:00,50.138895779954076,51.75256166080408,49.773898966313645,51.09941101074219,601900,0.0,0.0
2022-10-26 00:00:00-04:00,51.598880829487975,53.529514885771135,51.531645054557586,52.31926727294922,221300,0.0,0.0
2022-10-27 00:00:00-04:00,52.18479474992129,53.03004552301922,51.810190728484294,51.973480224609375,275600,0.0,0.0
2022-10-28 00:00:00-04:00,51.839005370005836,52.82833483162141,51.61808731858074,52.14636993408203,265200,0.0,0.0
2022-10-31 00:00:00-04:00,52.03111104024825,52.03111104024825,50.73441687584953,51.37796401977539,1496000,0.0,0.0
2022-11-01 00:00:00-04:00,52.319268985138706,55.45054721633083,51.70453978618627,54.37477111816406,453300,0.0,0.0
2022-11-02 00:00:00-04:00,52.348082746759076,59.06208616445384,52.06953243625153,56.26698684692383,744000,0.0,0.0
2022-11-03 00:00:00-04:00,56.28619300817224,57.16986895642463,55.28725991824883,56.68000411987305,200300,0.0,0.0
2022-11-04 00:00:00-04:00,57.39078736588078,58.41853841135717,56.4206685556547,57.47723388671875,165900,0.0,0.0
2022-11-07 00:00:00-05:00,57.03539532385379,57.84222826277527,56.27658741356726,57.313941955566406,192000,0.0,0.0
2022-11-08 00:00:00-05:00,57.81341693476828,57.81341693476828,55.73870394911191,56.170936584472656,304900,0.0,0.0
2022-11-09 00:00:00-05:00,55.748304290919876,55.76751503502358,53.587145044262925,54.35555648803711,198000,0.0,0.0
2022-11-10 00:00:00-05:00,55.05673751274634,57.2947399534229,54.74937290535108,57.07381820678711,407800,0.0,0.0
2022-11-11 00:00:00-05:00,57.45802329434703,59.99378302690026,57.304340997346074,59.63839340209961,492500,0.0,0.0
2022-11-14 00:00:00-05:00,59.30221098335544,60.37798699816121,58.53379588013369,59.05247497558594,201200,0.0,0.0
2022-11-15 00:00:00-05:00,60.57969443051023,61.78033845151142,59.5615469816343,60.474037170410156,250900,0.0,0.0
2022-11-16 00:00:00-05:00,60.1474645615555,60.25312182641855,58.33209130621745,58.68748092651367,237400,0.0,0.0
2022-11-17 00:00:00-05:00,57.99591545463467,59.782474517822266,57.99591545463467,59.782474517822266,79300,0.0,0.0
2022-11-18 00:00:00-05:00,60.157067717306,60.74298257278568,59.830492404288215,59.993778228759766,198300,0.0,0.0
2022-11-21 00:00:00-05:00,59.90733888335325,59.90733888335325,57.73657589405512,58.399330139160156,104600,0.0,0.0
2022-11-22 00:00:00-05:00,58.4185399989993,58.4857757765811,57.073817119213146,58.07275390625,158900,0.0,0.0
2022-11-23 00:00:00-05:00,58.38972470695542,60.07062644569963,58.236042408833235,59.09090042114258,122700,0.0,0.0
2022-11-25 00:00:00-05:00,59.225369327886945,59.82088774849414,56.96815998805212,58.83155822753906,253700,0.0,0.0
2022-11-28 00:00:00-05:00,59.15813894345699,59.15813894345699,57.69815521149197,58.668277740478516,198300,0.0,0.0
2022-11-29 00:00:00-05:00,58.86037409580267,60.0322038882044,58.38972366920111,59.42707824707031,78000,0.0,0.0
2022-11-30 00:00:00-05:00,59.1197149229085,61.12719201050256,58.687482312838,60.60851287841797,294300,0.0,0.0
2022-12-01 00:00:00-05:00,60.60851274853601,61.03114181706593,60.243519579992,60.531673431396484,165700,0.0,0.0
2022-12-02 00:00:00-05:00,59.331028838751095,61.21363789400418,58.52419586306049,61.05995559692383,143600,0.0,0.0
2022-12-05 00:00:00-05:00,60.78140252503703,61.78033924268052,59.73444077875344,60.72377395629883,380400,0.0,0.0
2022-12-06 00:00:00-05:00,60.62772023494379,60.992717047943295,60.2627270860191,60.72377395629883,181800,0.0,0.0
2022-12-07 00:00:00-05:00,60.52206496428789,61.76113419403919,60.34917558831148,61.47297668457031,223400,0.0,0.0
2022-12-08 00:00:00-05:00,61.47297477021346,64.05676308603188,61.271267451126654,63.58610534667969,244400,0.0,0.0
2022-12-09 00:00:00-05:00,64.08558219826506,64.82517575729977,63.36519572090713,63.85506057739258,221600,0.0,0.0
2022-12-12 00:00:00-05:00,63.41320901753539,64.35451711918678,63.41320901753539,63.682159423828125,247900,0.0,0.0
2022-12-13 00:00:00-05:00,64.64268749578521,65.40148819123209,63.88387947218758,64.16242980957031,157500,0.0,0.0
2022-12-14 00:00:00-05:00,63.75900375308712,64.6426834092533,61.91481611336255,63.42282485961914,1337700,0.0,0.0
2022-12-15 00:00:00-05:00,63.10585967870647,63.39401723375669,61.98205840468249,63.01941680908203,260300,0.0,0.0
2022-12-16 00:00:00-05:00,62.92335487895446,63.39400529059363,61.49218190748998,62.164546966552734,207200,0.0,0.0
2022-12-19 00:00:00-05:00,62.08770312163862,62.798482331264154,60.65653749832314,61.19442367553711,261500,0.0,0.0
2022-12-20 00:00:00-05:00,60.69495669943871,61.90520428970372,60.69495669943871,60.99271774291992,166500,0.0,0.0
2022-12-21 00:00:00-05:00,60.867847125129686,61.95323032577014,60.7910078145406,61.43455123901367,186400,0.0,0.0
2022-12-22 00:00:00-05:00,61.33850654522037,61.54021387522826,60.04180871500888,60.60851287841797,147600,0.0,0.0
2022-12-23 00:00:00-05:00,60.32035912416961,60.88706328849728,59.64799769231178,59.92654800415039,85900,0.0,0.0
2022-12-27 00:00:00-05:00,59.96497067404034,61.76113692922246,59.888127691025545,61.08877182006836,142400,0.0,0.0
2022-12-28 00:00:00-05:00,60.64693208437192,61.48258298705197,59.91694210914525,60.44522476196289,224600,0.0,0.0
2022-12-29 00:00:00-05:00,60.541281249365156,61.713111147153725,60.541281249365156,61.424957275390625,148700,0.0,0.0
2022-12-30 00:00:00-05:00,61.02153765963622,62.596782212447785,60.80061957372486,62.42388916015625,289700,0.0,0.0
2023-01-03 00:00:00-05:00,62.52954257818671,62.68322853881712,61.02153389821297,61.62666320800781,187600,0.0,0.0
2023-01-04 00:00:00-05:00,62.31822346319903,62.33743787093968,61.213633182967335,61.43455123901367,156100,0.0,0.0
2023-01-05 00:00:00-05:00,61.29047813976464,61.42494968570037,59.70562654477957,60.08022689819336,134500,0.0,0.0
2023-01-06 00:00:00-05:00,60.291540296181175,60.36837960782135,58.86997822212778,59.65760040283203,423000,0.0,0.0
2023-01-09 00:00:00-05:00,60.262730534539855,61.04074556962589,59.96496947741216,60.58930587768555,453600,0.0,0.0
2023-01-10 00:00:00-05:00,60.66614411650044,61.665077209472656,60.157072197499936,61.665077209472656,514300,0.0,0.0
2023-01-11 00:00:00-05:00,62.08770742099329,63.18269425937402,61.693899964877446,62.76967239379883,346300,0.0,0.0
2023-01-12 00:00:00-05:00,63.00019247072118,63.25953569503433,61.674684048270265,62.93295669555664,178400,0.0,0.0
2023-01-13 00:00:00-05:00,62.28941290768131,62.96177798400557,62.28941290768131,62.721649169921875,341700,0.0,0.0
2023-01-17 00:00:00-05:00,63.019411391991305,63.682169314746126,63.019411391991305,63.12506866455078,84400,0.0,0.0
2023-01-18 00:00:00-05:00,63.65334266950705,63.999128747260485,62.19336270755349,62.6832275390625,114700,0.0,0.0
2023-01-19 00:00:00-05:00,62.356646186932096,62.808089511846276,62.12612458651938,62.539146423339844,104000,0.0,0.0
2023-01-20 00:00:00-05:00,63.06743868819913,63.45163894916774,62.45270214871882,63.32677459716797,615600,0.0,0.0
2023-01-23 00:00:00-05:00,63.797422511379125,65.29583131658389,63.778215430354045,64.46978759765625,262900,0.0,0.0
2023-01-24 00:00:00-05:00,64.46977768038504,65.70884306817328,63.970305712766354,64.98845672607422,183600,0.0,0.0
2023-01-25 00:00:00-05:00,64.56584027182137,65.90095596566532,64.09518982208688,64.76754760742188,83300,0.0,0.0
2023-01-26 00:00:00-05:00,65.25741187589122,65.68003362506568,64.78675410227054,65.27661895751953,184300,0.0,0.0
2023-01-27 00:00:00-05:00,65.18057232515848,65.2766223946579,64.21044976846797,64.3641357421875,136400,0.0,0.0
2023-01-30 00:00:00-05:00,64.3545318400009,64.54663198885993,61.93403625488281,61.93403625488281,478000,0.0,0.0
2023-01-31 00:00:00-05:00,61.665080828424635,61.95323835669265,61.19443037186055,61.56903076171875,301100,0.0,0.0
2023-02-01 00:00:00-05:00,61.41534985593435,62.865726415062035,60.877463607605,62.80809783935547,439200,0.0,0.0
2023-02-02 00:00:00-05:00,62.817702534574536,65.89134858528115,62.510337929503876,65.39188385009766,468100,0.0,0.0
2023-02-03 00:00:00-05:00,64.71952031701336,65.36307115770404,64.22005556964714,64.56584167480469,156200,0.0,0.0
2023-02-06 00:00:00-05:00,64.01834110324869,64.4409628183898,63.3747976623466,63.413211822509766,938500,0.0,0.0
2023-02-07 00:00:00-05:00,63.18269869905473,64.20084262744047,62.683233940266604,63.701377868652344,322400,0.0,0.0
2023-02-08 00:00:00-05:00,62.43348912544838,65.90094964620602,61.66507402033689,63.9607048034668,711900,0.0,0.0
2023-02-09 00:00:00-05:00,63.9799210885541,65.16135073674687,63.787820970715366,63.93189239501953,267200,0.0,0.0
2023-02-10 00:00:00-05:00,64.35452723012638,64.36413443532642,63.211511640284655,63.240325927734375,177800,0.0,0.0
2023-02-13 00:00:00-05:00,63.66295468267911,64.02795519684999,62.70243935595637,63.10585403442383,1212800,0.0,0.0
2023-02-14 00:00:00-05:00,62.9137512329302,63.1826943405059,62.058893214643156,62.750465393066406,225300,0.0,0.0
2023-02-15 00:00:00-05:00,62.308625577818404,62.93295461449393,62.308625577818404,62.865718841552734,120700,0.0,0.0
2023-02-16 00:00:00-05:00,62.5487575812137,65.00767434944716,62.5103360906913,64.70030975341797,1706300,0.0,0.0
2023-02-17 00:00:00-05:00,64.93083142476452,68.3982921698083,64.64268123782142,66.88067626953125,1227900,0.0,0.0
2023-02-21 00:00:00-05:00,66.57331209149092,67.44738451878817,65.90095432291615,66.99594116210938,383500,0.0,0.0
2023-02-22 00:00:00-05:00,66.99594120212397,67.00554840686652,65.32464665627559,66.25634765625,287400,0.0,0.0
2023-02-23 00:00:00-05:00,66.89989113914879,66.9190982204838,66.25634765625,66.25634765625,143000,0.0,0.0
2023-02-24 00:00:00-05:00,66.04503368052679,67.02475605621662,65.57437591010459,65.82411193847656,199600,0.0,0.0
2023-02-27 00:00:00-05:00,65.83371343454304,66.21792098453341,64.84438393981878,65.11332702636719,679900,0.0,0.0
2023-02-28 00:00:00-05:00,64.83478479478268,65.18057089994022,64.35452712963614,64.56584167480469,291700,0.0,0.0
2023-03-01 00:00:00-05:00,65.01727178939068,66.58290882025315,64.5850355820423,64.63306427001953,267800,0.0,0.0
2023-03-02 00:00:00-05:00,64.15281098084537,64.95964022999382,63.73018194853938,64.80596160888672,267800,0.0,0.0
2023-03-03 00:00:00-05:00,65.20938647387582,65.21899367925042,64.2296640420339,64.32571411132812,164400,0.0,0.0
2023-03-06 00:00:00-05:00,65.34385611348135,65.58398494372531,63.61493293261507,63.63414001464844,127300,0.0,0.0
2023-03-07 00:00:00-05:00,63.75899965207424,64.5658362726515,62.80809160652765,63.269142150878906,190700,0.0,0.0
2023-03-08 00:00:00-05:00,63.21150078038529,64.35451617385402,63.00018627119116,63.39400100708008,139200,0.0,0.0
2023-03-09 00:00:00-05:00,63.25954117101475,63.864663199877235,61.92442542849637,62.03008270263672,231600,0.0,0.0
2023-03-10 00:00:00-05:00,62.16455105147649,62.270208320155675,60.60851363577854,60.85824966430664,450100,0.0,0.0
2023-03-13 00:00:00-04:00,60.51246352745198,61.0599569519553,58.5914329392789,58.75471878051758,673800,0.0,0.0
2023-03-14 00:00:00-04:00,59.29260782078551,59.63839390798958,58.74511440407075,59.110111236572266,357900,0.0,0.0
2023-03-15 00:00:00-04:00,58.6202490179747,58.82196002059745,56.47830028635833,57.22750473022461,809700,0.0,0.0
2023-03-16 00:00:00-04:00,56.8528964427881,62.99059198045649,56.8528964427881,61.98204803466797,1586000,0.0,0.0
2023-03-17 00:00:00-04:00,62.57757000461935,63.07703471024533,60.95429688707278,61.866790771484375,544400,0.0,0.0
2023-03-20 00:00:00-04:00,61.982048659637556,62.606385045318554,59.7344428008909,62.193363189697266,777400,0.0,0.0
2023-03-21 00:00:00-04:00,62.92335473846636,63.73018401376068,62.44309712370079,62.865718841552734,198500,0.0,0.0
2023-03-22 00:00:00-04:00,62.78887954660124,63.76860179944729,62.11651452808211,62.222171783447266,91200,0.0,0.0
2023-03-23 00:00:00-04:00,62.43349638993667,63.49966899146301,61.79955275523436,62.34705352783203,104300,0.0,0.0
2023-03-24 00:00:00-04:00,61.80915103075314,63.278738099421986,61.56902223317589,62.54875183105469,207000,0.0,0.0
2023-03-27 00:00:00-04:00,62.49112008816514,62.57757027167403,61.87639091177909,62.020469665527344,845500,0.0,0.0
2023-03-28 00:00:00-04:00,62.02046737749316,62.02046737749316,59.64799361483236,61.857181549072266,234700,0.0,0.0
2023-03-29 00:00:00-04:00,61.88600300938545,63.297961717088974,61.54982410949185,63.12506866455078,264000,0.0,0.0
2023-03-30 00:00:00-04:00,63.144277764302004,63.43243530378945,62.606391507286126,63.13467788696289,170800,0.0,0.0
2023-03-31 00:00:00-04:00,63.14427122554517,63.28834998036915,62.404677698735206,62.93295669555664,208800,0.0,0.0
2023-04-03 00:00:00-04:00,63.038612790950204,63.73979214307084,62.635198147447795,63.15387725830078,298300,0.0,0.0
2023-04-04 00:00:00-04:00,62.99059212407245,63.57650701533882,60.57009324399618,62.020469665527344,267500,0.0,0.0
2023-04-05 00:00:00-04:00,61.511398737534996,61.68429177916924,60.80061582591921,61.62666320800781,127500,0.0,0.0
2023-04-06 00:00:00-04:00,61.62666383293414,62.07809985852641,61.117588243371024,61.21363830566406,59700,0.0,0.0
2023-04-10 00:00:00-04:00,60.91587760107531,62.913751152143675,60.90627406042067,62.76967239379883,350900,0.0,0.0
2023-04-11 00:00:00-04:00,62.769668452837436,62.769668452837436,61.280870587739244,62.65441131591797,209500,0.0,0.0
2023-04-12 00:00:00-04:00,62.932955105663666,63.17308391492057,61.79954683284509,62.29901885986328,163100,0.0,0.0
2023-04-13 00:00:00-04:00,62.433490825696595,63.29795601045157,62.32783356266266,63.15387725830078,107500,0.0,0.0
2023-04-14 00:00:00-04:00,62.76006351439409,63.95110771198987,62.721649352800554,63.55729293823242,184500,0.0,0.0
2023-04-17 00:00:00-04:00,63.662948382958874,63.816634337538815,61.65547506626858,62.164546966552734,200300,0.0,0.0
2023-04-18 00:00:00-04:00,62.481522103393885,62.52954347066383,61.866792908398146,61.99165725708008,71500,0.0,0.0
2023-04-19 00:00:00-04:00,61.68429045159387,61.95323354875893,60.839036006693085,61.18482208251953,261600,0.0,0.0
2023-04-20 00:00:00-04:00,61.08877378523223,62.135739310075486,61.08877378523223,61.761138916015625,168600,0.0,0.0
2023-04-21 00:00:00-04:00,61.5882415119386,62.03007765504891,60.74298705167216,60.906272888183594,234900,0.0,0.0
2023-04-24 00:00:00-04:00,60.02260067133456,61.26166258156946,60.02260067133456,60.92548370361328,105400,0.0,0.0
2023-04-25 00:00:00-04:00,60.733377619552535,60.733377619552535,59.849705365743176,60.09943771362305,151800,0.0,0.0
2023-04-26 00:00:00-04:00,60.32035980508714,60.474042105754464,59.93615588545638,60.195491790771484,382400,0.0,0.0
2023-04-27 00:00:00-04:00,60.19548986674808,60.19548986674808,58.860374235360844,59.46549987792969,730300,0.0,0.0
2023-04-28 00:00:00-04:00,59.58076322294316,62.14533732966904,59.58076322294316,61.127193450927734,376500,0.0,0.0
2023-05-01 00:00:00-04:00,61.03114593590415,61.13680321016718,58.88919715500689,59.2061653137207,319100,0.0,0.0
2023-05-02 00:00:00-04:00,59.75365379523074,59.75365379523074,58.70669200913513,59.484710693359375,122300,0.0,0.0
2023-05-03 00:00:00-04:00,59.48471014600125,59.503920890826,58.57221991923775,58.5914306640625,200600,0.0,0.0
2023-05-04 00:00:00-04:00,58.28406509350833,58.28406509350833,55.75790898475581,56.14211654663086,427200,0.0,0.0
2023-05-05 00:00:00-04:00,53.45267382111667,56.66079482423538,53.327805815728944,56.535926818847656,717600,0.0,0.0
2023-05-08 00:00:00-04:00,56.59355520598828,58.28406405111439,56.0268547416739,57.880645751953125,324700,0.0,0.0
2023-05-09 00:00:00-04:00,57.64052030089789,57.78459905842864,56.900926760193414,56.968162536621094,135500,0.0,0.0
2023-05-10 00:00:00-04:00,56.84329136084344,56.872105645115965,54.67252489846744,55.171993255615234,253400,0.0,0.0
2023-05-11 00:00:00-04:00,54.80700417422129,54.84542200141008,51.88703679151925,52.44413375854492,855200,0.0,0.0
2023-05-12 00:00:00-04:00,52.6362391012586,52.8283428991615,51.24349114655658,52.28084945678711,310000,0.0,0.0
2023-05-15 00:00:00-04:00,52.33847619711854,52.96280889462157,51.493221773586576,51.666114807128906,185200,0.0,0.0
2023-05-16 00:00:00-04:00,51.397166291420305,52.26163142950863,50.73441212826904,51.03217315673828,461800,0.0,0.0
2023-05-17 00:00:00-04:00,51.03217724303359,52.10795331784817,50.47507662852918,51.147438049316406,443100,0.0,0.0
2023-05-18 00:00:00-04:00,51.522037969241914,53.43346494917227,50.97454456407127,53.09728240966797,466000,0.0,0.0
2023-05-19 00:00:00-04:00,53.068469219897594,53.154915741660425,50.86888834932383,51.39717102050781,979600,0.0,0.0
2023-05-22 00:00:00-04:00,51.36835797986457,51.6180940106001,49.67785265828023,50.39823913574219,476100,0.0,0.0
2023-05-23 00:00:00-04:00,50.64796538688972,50.64796538688972,49.49534642930911,49.591400146484375,385100,0.0,0.0
2023-05-24 00:00:00-04:00,50.42705491302256,53.39504743446632,50.20613682642596,53.13570785522461,1324100,0.0,0.0
2023-05-25 00:00:00-04:00,53.28938710305059,55.9692256039903,52.924390272022336,55.5081787109375,926800,0.0,0.0
2023-05-26 00:00:00-04:00,55.61383181790802,60.4356149211291,55.61383181790802,58.80274200439453,1050400,0.0,0.0
2023-05-30 00:00:00-04:00,59.09090080176435,61.953235912774055,59.09090080176435,59.94575881958008,1185500,0.0,0.0
2023-05-31 00:00:00-04:00,59.64799668731906,60.6949584761802,58.72590290926016,58.821956634521484,315000,0.0,0.0
2023-06-01 00:00:00-04:00,58.658667628984595,60.90627352203096,58.658667628984595,60.454830169677734,371800,0.0,0.0
2023-06-02 00:00:00-04:00,60.675744667909534,62.08770321333096,59.92654396906949,61.91481018066406,533000,0.0,0.0
2023-06-05 00:00:00-04:00,61.91481111285024,63.73979152333332,61.80915385084361,63.60531997680664,650100,0.0,0.0
2023-06-06 00:00:00-04:00,63.76860550342019,65.63200739375063,63.76860550342019,65.53595733642578,895900,0.0,0.0
2023-06-07 00:00:00-04:00,65.7953004151588,67.2264662117232,65.61280015659038,66.08345794677734,681500,0.0,0.0
2023-06-08 00:00:00-04:00,66.32357727680814,68.26381475014881,66.08344847758458,68.19657897949219,802700,0.0,0.0
2023-06-09 00:00:00-04:00,68.13895291802159,70.81879129526688,68.10053142935521,68.37908172607422,1009800,0.0,0.0
2023-06-12 00:00:00-04:00,68.87854149057591,69.39722055820894,67.95644781305582,68.05249786376953,390300,0.0,0.0
2023-06-13 00:00:00-04:00,68.0525096659045,68.8305320663586,67.70672356084721,68.11014556884766,616000,0.0,0.0
2023-06-14 00:00:00-04:00,68.1101466186223,70.14643445962209,67.93725356342887,68.5711898803711,605700,0.0,0.0
2023-06-15 00:00:00-04:00,68.19658231728101,68.97459731983645,67.62988184088873,68.68644714355469,222800,0.0,0.0
2023-06-16 00:00:00-04:00,68.53276470284955,68.53276470284955,66.89028443088769,67.2264633178711,491400,0.0,0.0
2023-06-20 00:00:00-04:00,67.53382924370197,67.59146514556585,64.1432113647461,64.1432113647461,565200,0.0,0.0
2023-06-21 00:00:00-04:00,64.48899764141014,69.03223830423597,64.28729030470522,65.62240600585938,1274800,0.0,0.0
2023-06-22 00:00:00-04:00,65.7953002757372,69.15710393946101,65.7953002757372,69.00341796875,844100,0.0,0.0
2023-06-23 00:00:00-04:00,68.89776689888376,70.85721169639582,68.72487384873266,69.28196716308594,529100,0.0,0.0
2023-06-26 00:00:00-04:00,73.59467576427399,76.45700689825378,72.5381032032587,73.15283966064453,1295500,0.0,0.0
2023-06-27 00:00:00-04:00,75.16992063161452,80.28946101200349,75.13149914473354,77.43673706054688,1356800,0.0,0.0
2023-06-28 00:00:00-04:00,76.81240700710559,76.94687855811561,71.90417341078964,72.10588073730469,1677200,0.0,0.0
2023-06-29 00:00:00-04:00,73.1432387198539,73.33533884113294,71.07812943942967,71.28944396972656,611200,0.0,0.0
2023-06-30 00:00:00-04:00,71.55838063395107,72.0386382220984,68.73446367063707,69.02262115478516,733900,0.0,0.0
2023-07-03 00:00:00-04:00,69.92551440586935,69.92551440586935,64.99806639353545,67.23606872558594,611400,0.0,0.0
2023-07-05 00:00:00-04:00,67.7163265826457,67.75474807285073,63.56690090645214,63.807029724121094,1172300,0.0,0.0
2023-07-06 00:00:00-04:00,63.49966241055511,64.11439157120306,62.769668784229545,62.865718841552734,580500,0.0,0.0
2023-07-07 00:00:00-04:00,62.4334906029889,63.249927091398035,60.080227532061265,60.99271774291992,580400,0.0,0.0
2023-07-10 00:00:00-04:00,61.08876780129457,61.60744691029737,60.80061396209575,60.99271774291992,235600,0.0,0.0
2023-07-11 00:00:00-04:00,61.309688076177295,61.85718145688697,60.89666623963143,61.13679504394531,335100,0.0,0.0
2023-07-12 00:00:00-04:00,61.88599574090071,63.134668454592735,60.77179823544727,61.13679504394531,449500,0.0,0.0
2023-07-13 00:00:00-04:00,61.2040333106198,61.83796956920907,60.416411093493835,60.6949577331543,568100,0.0,0.0
2023-07-14 00:00:00-04:00,60.63733318167382,61.13680158779688,60.06102179118944,60.752593994140625,461300,0.0,0.0
2023-07-17 00:00:00-04:00,60.65654392776415,61.72271651928884,59.5519498440588,60.752593994140625,288000,0.0,0.0
2023-07-18 00:00:00-04:00,60.800616651371136,60.98311690005996,58.89879683164958,59.18695068359375,542700,0.0,0.0
2023-07-19 00:00:00-04:00,58.015124689411564,58.312882082803746,53.99056329957499,55.018314361572266,2107600,0.0,0.0
2023-07-20 00:00:00-04:00,54.999102986183004,55.08554950742037,52.32887169652344,52.684261322021484,1479400,0.0,0.0
2023-07-21 00:00:00-04:00,52.924387406262206,53.231751984987504,51.15703924655436,51.666114807128906,1317500,0.0,0.0
2023-07-24 00:00:00-04:00,51.9254582549072,52.00229757331859,50.05245269366287,50.30218505859375,1130400,0.0,0.0
2023-07-25 00:00:00-04:00,50.907308411765435,51.19546225486611,49.408903297937066,50.13889694213867,1051400,0.0,0.0
2023-07-26 00:00:00-04:00,90.480536893655,91.5659238554561,54.30753508002233,62.76967239379883,17771600,0.0,0.0
2023-07-27 00:00:00-04:00,56.891316658139225,57.14105266993055,50.081263527892254,50.43665313720703,9116600,0.0,0.0
2023-07-28 00:00:00-04:00,54.288319010891854,58.59142662497128,54.269108267391424,57.15065383911133,3676200,0.0,0.0
2023-07-31 00:00:00-04:00,56.92013132218164,61.21363560330278,56.670398972799525,60.89666748046875,1978200,0.0,0.0
2023-08-01 00:00:00-04:00,59.551948334730014,61.38653240299498,58.11117539114783,60.91587829589844,1777700,0.0,0.0
2023-08-02 00:00:00-04:00,59.81128586323361,61.13679795203779,59.20616022163768,60.84864044189453,687700,0.0,0.0
2023-08-03 00:00:00-04:00,60.80061402942532,60.97350706595105,59.76325947434584,60.310752868652344,624800,0.0,0.0
2023-08-04 00:00:00-04:00,59.43668750308613,60.99272125563533,59.43668750308613,60.157073974609375,440300,0.0,0.0
2023-08-07 00:00:00-04:00,60.358776327171476,60.358776327171476,56.334218890720415,59.071685791015625,867200,0.0,0.0
2023-08-08 00:00:00-04:00,58.30327836590126,58.62024650372753,57.073816313039465,57.76538848876953,608900,0.0,0.0
2023-08-09 00:00:00-04:00,57.880648835236926,57.91907032559895,56.25737934022897,56.891319274902344,917200,0.0,0.0
2023-08-10 00:00:00-04:00,57.40039389343541,57.40039389343541,56.170935456715824,56.449485778808594,337000,0.0,0.0
2023-08-11 00:00:00-04:00,56.689610990194296,56.689610990194296,55.709884986941844,55.844356536865234,308500,0.0,0.0
2023-08-14 00:00:00-04:00,55.767517503027904,56.19014289978839,55.49857073774855,55.921199798583984,437400,0.0,0.0
2023-08-15 00:00:00-04:00,55.76751492877741,55.96922224536983,55.03752131052661,55.719486236572266,249100,0.0,0.0
2023-08-16 00:00:00-04:00,54.50924268797703,54.50924268797703,51.67572185067687,52.29045104980469,2258100,0.0,0.0
2023-08-17 00:00:00-04:00,52.36729738843094,53.097287443168184,51.397174831812364,52.799530029296875,981200,0.0,0.0
2023-08-18 00:00:00-04:00,52.05993011487174,53.183731259750495,51.78137979784064,52.52097702026367,723700,0.0,0.0
2023-08-21 00:00:00-04:00,52.52097498398012,53.990562166944436,52.386503433130436,53.875301361083984,988800,0.0,0.0
2023-08-22 00:00:00-04:00,54.3075369933158,54.34595848543805,52.82834252328576,53.56793975830078,355600,0.0,0.0
2023-08-23 00:00:00-04:00,53.5487228308264,53.990558947003265,53.1837260259489,53.42385482788086,555000,0.0,0.0
2023-08-24 00:00:00-04:00,53.721618234374176,53.89451127252833,52.13676660598614,52.204002380371094,437500,0.0,0.0
2023-08-25 00:00:00-04:00,51.78137657623677,52.26163419748329,51.339540444067936,52.05031967163086,315800,0.0,0.0
2023-08-28 00:00:00-04:00,51.867822124903356,52.511365566586065,51.57966829035774,51.666114807128906,277100,0.0,0.0
2023-08-29 00:00:00-04:00,51.36835590513726,52.002295833136436,50.95533404828136,51.7525634765625,678400,0.0,0.0
2023-08-30 00:00:00-04:00,51.58927523079454,52.49216194637717,51.01296752371736,51.51243591308594,282000,0.0,0.0
2023-08-31 00:00:00-04:00,51.18585856918866,52.54978846589398,51.18585856918866,52.165584564208984,375700,0.0,0.0
2023-09-01 00:00:00-04:00,52.81873753158024,52.81873753158024,51.94466876221957,52.32887268066406,249200,0.0,0.0
2023-09-05 00:00:00-04:00,51.36835941701733,52.021510134648956,51.3491486707252,51.675724029541016,303100,0.0,0.0
2023-09-06 00:00:00-04:00,50.85928825570985,51.70454278533643,50.724816693648286,51.26270294189453,407200,0.0,0.0
2023-09-07 00:00:00-04:00,50.05245353224834,51.55085507508816,49.95639980253096,51.29151916503906,478100,0.0,0.0
2023-09-08 00:00:00-04:00,50.27336950878442,51.37796353777999,50.1581087020264,51.20507049560547,410600,0.0,0.0
2023-09-11 00:00:00-04:00,50.74402505094169,51.74295817811048,50.74402505094169,51.06099319458008,375600,0.0,0.0
2023-09-12 00:00:00-04:00,51.358755052039626,51.81019475839974,50.55192204108893,50.647972106933594,250000,0.0,0.0
2023-09-13 00:00:00-04:00,50.907310699167866,51.32993611043355,49.28404116763878,49.54338073730469,326500,0.0,0.0
2023-09-14 00:00:00-04:00,49.716265789490215,49.927580308755545,49.07272235583637,49.40890121459961,263100,0.0,0.0
2023-09-15 00:00:00-04:00,48.99588289509632,49.5241692311595,48.50602171374458,49.293643951416016,483200,0.0,0.0
2023-09-18 00:00:00-04:00,49.24561815085295,50.14850118225396,48.76536051762529,49.7066650390625,325600,0.0,0.0
2023-09-19 00:00:00-04:00,49.524165913870185,50.6767812431566,49.46653368177595,50.16770935058594,349700,0.0,0.0
2023-09-20 00:00:00-04:00,50.100475586576145,51.522037725204754,50.081264841774754,50.87849426269531,518000,0.0,0.0
2023-09-21 00:00:00-04:00,50.062053186711026,50.47507503224377,48.64049107393023,49.187984466552734,458800,0.0,0.0
2023-09-22 00:00:00-04:00,49.23601080670874,50.10047600969751,49.207196521300766,49.668243408203125,182800,0.0,0.0
2023-09-25 00:00:00-04:00,49.236011689777484,50.05245187703784,49.178383117927936,49.99481964111328,209600,0.0,0.0
2023-09-26 00:00:00-04:00,49.53377067779827,49.62982073625389,48.44838742969046,48.525230407714844,316500,0.0,0.0
2023-09-27 00:00:00-04:00,48.52523158984641,48.98627847699977,47.929713151949365,48.265892028808594,307600,0.0,0.0
2023-09-28 00:00:00-04:00,48.035369152801174,48.84220216164363,47.54550795575314,48.46760177612305,600000,0.0,0.0
2023-09-29 00:00:00-04:00,49.08233114917559,49.57219601189036,48.89023101736406,49.226409912109375,283400,0.0,0.0
2023-10-02 00:00:00-04:00,49.15916715644434,49.50495320715104,48.45799151543336,49.43771743774414,384200,0.0,0.0
2023-10-03 00:00:00-04:00,49.08232825081637,49.514560850018846,48.438784786284295,48.851806640625,556500,0.0,0.0
2023-10-04 00:00:00-04:00,48.84219928264697,50.92651929266133,48.84219928264697,50.87849426269531,505100,0.0,0.0
2023-10-05 00:00:00-04:00,50.59033511751557,52.12716167521685,50.59033511751557,51.666114807128906,672100,0.0,0.0
2023-10-06 00:00:00-04:00,52.386503783496714,53.596751413313065,52.12716422052,53.308597564697266,640700,0.0,0.0
2023-10-09 00:00:00-04:00,52.64584442992185,53.990563639161486,52.3480833705818,53.692806243896484,505300,0.0,0.0
2023-10-10 00:00:00-04:00,53.24136108406861,54.5668731670455,53.24136108406861,54.4420051574707,541000,0.0,0.0
2023-10-11 00:00:00-04:00,54.538055407994925,55.27765259948004,54.009772746669825,55.23923110961914,423600,0.0,0.0
2023-10-12 00:00:00-04:00,55.2296268834477,55.93080257636596,54.18266511422456,54.26911163330078,362800,0.0,0.0
2023-10-13 00:00:00-04:00,54.269107844956594,54.269107844956594,52.94359586634242,53.58714294433594,265000,0.0,0.0
2023-10-16 00:00:00-04:00,53.42385919212409,53.904116835220684,53.15491608449401,53.615962982177734,352500,0.0,0.0
2023-10-17 00:00:00-04:00,53.21254277393963,53.81766470303034,52.65544220726286,52.982017517089844,395100,0.0,0.0
2023-10-18 00:00:00-04:00,52.76110299012523,53.75043252539314,52.51136697317466,52.86676025390625,326700,0.0,0.0
2023-10-19 00:00:00-04:00,52.82834398218142,53.52951974443771,52.52097936486566,53.38544464111328,545400,0.0,0.0
2023-10-20 00:00:00-04:00,53.45267906988662,53.587150628550965,52.81873910470103,52.8859748840332,414500,0.0,0.0
2023-10-23 00:00:00-04:00,52.53058096692298,52.87636706465711,51.77177665697879,52.674659729003906,327800,0.0,0.0
2023-10-24 00:00:00-04:00,52.81873375311021,53.16451615575165,52.348079681396484,52.348079681396484,241200,0.0,0.0
2023-10-25 00:00:00-04:00,52.107953112455554,52.309660438674165,50.427051399150535,51.051387786865234,284100,0.0,0.0
2023-10-26 00:00:00-04:00,50.984150750646215,50.984150750646215,49.80271377983937,49.927581787109375,458100,0.0,0.0
2023-10-27 00:00:00-04:00,50.20613381205824,50.81125946062393,50.1485015765508,50.5615234375,271200,0.0,0.0
2023-10-30 00:00:00-04:00,51.11862543163937,51.33954351092069,50.5711320038389,51.06099319458008,234400,0.0,0.0
2023-10-31 00:00:00-04:00,51.358755417582756,51.63730207614489,50.907312043934375,51.464412689208984,252300,0.0,0.0
2023-11-01 00:00:00-04:00,51.46440866157898,52.39610595902893,50.840072285780394,52.10795211791992,692600,0.0,0.0
2023-11-02 00:00:00-04:00,55.51777972489979,55.585015498072075,53.587145719099524,53.92332458496094,1198500,0.0,0.0
2023-11-03 00:00:00-04:00,54.05779906382948,54.53805670629868,52.78031564018042,53.59675216674805,722700,0.0,0.0
2023-11-06 00:00:00-05:00,53.788855956550734,53.788855956550734,52.93399793920756,53.59675216674805,425600,0.0,0.0
2023-11-07 00:00:00-05:00,53.28938841938159,55.10476175064297,53.28938841938159,54.58608627319336,438600,0.0,0.0
2023-11-08 00:00:00-05:00,54.34595864040301,55.3256810437878,53.95214384113978,54.32674789428711,390300,0.0,0.0
2023-11-09 00:00:00-05:00,54.34595605836248,55.39291419137312,53.79845898025944,54.78779220581055,281500,0.0,0.0
2023-11-10 00:00:00-05:00,54.93186493587017,55.709883594795464,54.50923955180418,55.344886779785156,250700,0.0,0.0
2023-11-13 00:00:00-05:00,54.951078220516905,55.61383610789386,54.75897443194279,55.585018157958984,113900,0.0,0.0
2023-11-14 00:00:00-05:00,56.190144135117485,56.62237674589493,55.565807734652836,56.38224792480469,326800,0.0,0.0
2023-11-15 00:00:00-05:00,56.653498584737825,57.27350892672652,55.94629905743489,56.28536605834961,244500,0.5,0.0
2023-11-16 00:00:00-05:00,55.907547637619146,56.944128123837146,55.19066206359801,56.90538024902344,582000,0.0,0.0
2023-11-17 00:00:00-05:00,57.18632225752713,57.312263018645154,56.527560316291286,57.244449615478516,309500,0.0,0.0
2023-11-20 00:00:00-05:00,57.38007736206055,57.58351757489408,57.01194481344269,57.38007736206055,275300,0.0,0.0
2023-11-21 00:00:00-05:00,56.84725470411234,57.43820323659319,56.57600109401094,56.634124755859375,278200,0.0,0.0
2023-11-22 00:00:00-05:00,56.84725669513931,58.04852589242173,56.84725669513931,57.525394439697266,468500,0.0,0.0
2023-11-24 00:00:00-05:00,57.21538500046281,58.406968063839955,57.21538500046281,57.767581939697266,115700,0.0,0.0
2023-11-27 00:00:00-05:00,57.351010332401046,58.339153170886945,57.351010332401046,57.641639709472656,368400,0.0,0.0
2023-11-28 00:00:00-05:00,57.44788841558274,57.61258074462788,56.856939892011546,57.35101318359375,199100,0.0,0.0
2023-11-29 00:00:00-05:00,57.99039783127397,58.83322415366556,57.07975441357092,57.22507095336914,230900,0.0,0.0
2023-11-30 00:00:00-05:00,57.15725895054174,57.79664508928499,56.66318935514826,56.963504791259766,206300,0.0,0.0
2023-12-01 00:00:00-05:00,56.847256234783416,57.84508520928393,56.663191808051806,56.99257278442383,197400,0.0,0.0
2023-12-04 00:00:00-05:00,56.68256002182749,57.10881990065545,55.79129608528381,56.60506057739258,565500,0.0,0.0
2023-12-05 00:00:00-05:00,56.20786428176722,56.488807611187134,55.21972145438037,56.41130447387695,339200,0.0,0.0
2023-12-06 00:00:00-05:00,56.67287684981634,56.91506863122581,55.85911231645838,56.00442886352539,448200,0.0,0.0
2023-12-07 00:00:00-05:00,55.95598321175551,56.70193428411912,55.89785955387848,56.01411056518555,229000,0.0,0.0
2023-12-08 00:00:00-05:00,55.67504372105253,57.05069116251047,55.67504372105253,57.021629333496094,960100,0.0,0.0
2023-12-11 00:00:00-05:00,56.86662869471779,57.506014823738944,56.614747182815215,57.21538543701172,164700,0.0,0.0
2023-12-12 00:00:00-05:00,57.42850969491417,57.48663704846861,56.314429801768334,56.71162414550781,246800,0.0,0.0
2023-12-13 00:00:00-05:00,56.479122764532754,58.126027619530106,56.479122764532754,57.94196319580078,236400,0.0,0.0
2023-12-14 00:00:00-05:00,57.89352182759762,58.726662147302,57.69008161805677,58.3294677734375,1196400,0.0,0.0
2023-12-15 00:00:00-05:00,58.10664801968838,58.416653184334386,57.7191434116574,58.096961975097656,399900,0.0,0.0
2023-12-18 00:00:00-05:00,58.31978267212979,58.31978267212979,57.12819953125046,57.38007736206055,301500,0.0,0.0
2023-12-19 00:00:00-05:00,57.35101419397426,58.387594715841885,57.35101419397426,58.029151916503906,372000,0.0,0.0
2023-12-20 00:00:00-05:00,57.641641937039985,58.28102806952788,56.265994441147576,56.353179931640625,313600,0.0,0.0
2023-12-21 00:00:00-05:00,57.96133758201117,58.31978037558677,57.157259112160986,58.203529357910156,692700,0.0,0.0
2023-12-22 00:00:00-05:00,57.64164026580565,60.06355792403278,56.769748430622656,58.794471740722656,816800,0.0,0.0
2023-12-26 00:00:00-05:00,58.60072273026485,59.34667013531563,58.42634435892611,58.455406188964844,217200,0.0,0.0
2023-12-27 00:00:00-05:00,58.8719734860198,58.8719734860198,58.16477399002484,58.35852813720703,145100,0.0,0.0
2023-12-28 00:00:00-05:00,58.27134232520043,59.27885729681039,58.27134232520043,59.065731048583984,271800,0.0,0.0
2023-12-29 00:00:00-05:00,59.017290682665596,60.36388007246182,59.017290682665596,59.356361389160156,529700,0.0,0.0
2024-01-02 00:00:00-05:00,59.085105217717754,59.27885567525027,57.30257366132568,57.77726745605469,390500,0.0,0.0
2024-01-03 00:00:00-05:00,58.36821743466136,58.88166281209049,57.07006938040859,57.593204498291016,323700,0.0,0.0
2024-01-04 00:00:00-05:00,60.06355671556761,61.20670212289523,59.50167005629847,60.528564453125,1031000,0.0,0.0
2024-01-05 00:00:00-05:00,62.475786797560374,63.20236210614004,61.98171721376958,62.9698600769043,1082600,0.0,0.0
2024-01-08 00:00:00-05:00,63.38642932676992,63.38642932676992,62.369220952588165,62.91173553466797,551900,0.0,0.0
2024-01-09 00:00:00-05:00,62.50485660782264,62.96986811677212,62.34985769891094,62.96017837524414,396700,0.0,0.0
2024-01-10 00:00:00-05:00,62.96986524423952,62.96986524423952,61.846095489241385,62.785797119140625,880500,0.0,0.0
2024-01-11 00:00:00-05:00,62.96986282890416,62.96986282890416,62.01078544917377,62.679229736328125,213500,0.0,0.0
2024-01-12 00:00:00-05:00,62.83423228323678,62.882673592818264,61.98171623323501,62.2142219543457,272100,0.0,0.0
2024-01-16 00:00:00-05:00,62.4660999580531,62.4660999580531,60.7998158253597,61.58451843261719,289100,0.0,0.0
2024-01-17 00:00:00-05:00,61.14857539689491,62.068904837052216,60.13137072958549,61.60389709472656,1383900,0.0,0.0
2024-01-18 00:00:00-05:00,62.31109463653489,62.369218292772985,60.75137913789555,61.56514358520508,392400,0.0,0.0
2024-01-19 00:00:00-05:00,61.54577357006303,62.37891387939453,61.41983650604092,62.37891387939453,402800,0.0,0.0
2024-01-22 00:00:00-05:00,62.91174398486586,63.91926275422095,62.38860881282915,62.892364501953125,288800,0.0,0.0
2024-01-23 00:00:00-05:00,62.892362757355514,63.318622676325774,62.378917341017846,62.46611022949219,166200,0.0,0.0
2024-01-24 00:00:00-05:00,62.96985849258059,63.26049156514262,62.156097715176614,62.30140686035156,618700,0.0,0.0
2024-01-25 00:00:00-05:00,62.9504863765281,62.9504863765281,60.90638360719087,61.29389190673828,746600,0.0,0.0
2024-01-26 00:00:00-05:00,60.70294758084402,60.799822814605896,60.199188235065044,60.354190826416016,615100,0.0,0.0
2024-01-29 00:00:00-05:00,60.31543684579205,60.73200698632691,58.88166200916982,59.240108489990234,1343200,0.0,0.0
2024-01-30 00:00:00-05:00,59.366044245135726,61.00326294143907,59.02697725240885,60.586692810058594,915800,0.0,0.0
2024-01-31 00:00:00-05:00,60.228248223757106,62.07859691376673,60.199186393628175,61.0129508972168,555000,0.0,0.0
2024-02-01 00:00:00-05:00,61.429521126889505,61.97203202855246,61.022640722307166,61.55546188354492,357600,0.0,0.0
2024-02-02 00:00:00-05:00,61.487650829886235,62.14641277292565,61.1292043315346,61.89453125,202200,0.0,0.0
2024-02-05 00:00:00-05:00,61.952653012119804,62.679224597329245,61.27451534429761,62.32078552246094,460200,0.0,0.0
2024-02-06 00:00:00-05:00,62.47578253845432,62.91173212854626,61.768583063114434,62.902042388916016,532900,0.0,0.0
2024-02-07 00:00:00-05:00,65.6630338624985,66.06991427687329,62.756732517924476,64.85895538330078,1539500,0.0,0.0
2024-02-08 00:00:00-05:00,64.93645918631483,66.88368317647921,64.74270871781673,65.77928924560547,864200,0.0,0.0
2024-02-09 00:00:00-05:00,66.62210802852935,66.70930090804322,65.41114919327022,66.32179260253906,464100,0.0,0.0
2024-02-12 00:00:00-05:00,66.40898591161765,67.13556121747297,65.58552798542999,66.62210845947266,898400,0.0,0.0
2024-02-13 00:00:00-05:00,66.01178506644436,66.05053663471416,65.21739639467826,65.44021606445312,347000,0.0,0.0
2024-02-14 00:00:00-05:00,66.22491647710203,66.82555471205475,65.91491131511812,66.8061752319336,417100,0.0,0.0
2024-02-15 00:00:00-05:00,66.80617817744468,67.30994120732093,66.10866468445073,67.05805969238281,304900,0.0,0.0
2024-02-16 00:00:00-05:00,67.05805835235334,67.69234006767984,65.994415332212,66.8043441772461,268100,0.5,0.0
2024-02-20 00:00:00-05:00,66.8433780415312,66.8433780415312,64.48190574274835,65.70167541503906,390800,0.0,0.0
2024-02-21 00:00:00-05:00,65.7016795538643,66.16031417071824,65.26255797724757,66.0724868774414,184000,0.0,0.0
2024-02-22 00:00:00-05:00,66.77507538295832,67.81919798946114,66.4237810999402,67.59475708007812,530100,0.0,0.0
2024-02-23 00:00:00-05:00,67.7118608906406,67.8094409861662,66.59943142290369,67.41911315917969,112000,0.0,0.0
2024-02-26 00:00:00-05:00,67.24347354829261,68.16073538137822,67.02879287090532,68.13146209716797,313000,0.0,0.0
2024-02-27 00:00:00-05:00,68.30710121927379,68.45347506800603,67.5557263816104,67.71185302734375,340100,0.0,0.0
2024-02-28 00:00:00-05:00,67.33129312577573,68.94139075471675,67.09709940816666,68.32662200927734,401700,0.0,0.0
2024-02-29 00:00:00-05:00,68.7169483954054,69.15606998221615,68.08266662215688,69.0780029296875,356900,0.0,0.0
2024-03-01 00:00:00-05:00,69.28292712617603,71.03939867915958,69.11704021419546,70.45390319824219,648900,0.0,0.0
2024-03-04 00:00:00-05:00,71.13696569921183,71.13696569921183,70.2489698426596,70.54171752929688,369400,0.0,0.0
2024-03-05 00:00:00-05:00,69.35122932565969,70.55148604782548,68.79501461170086,69.14630889892578,569600,0.0,0.0
2024-03-06 00:00:00-05:00,69.57567056317303,70.57099941837679,69.57567056317303,70.37583923339844,322700,0.0,0.0
2024-03-07 00:00:00-05:00,70.1025970862231,71.21503384576236,69.94647044384344,70.99059295654297,204000,0.0,0.0
2024-03-08 00:00:00-05:00,70.66857515244115,71.2638233582627,70.00502014160156,70.00502014160156,169800,0.0,0.0
2024-03-11 00:00:00-04:00,69.5171129645177,70.21970150599861,69.5171129645177,70.03429412841797,162700,0.0,0.0
2024-03-12 00:00:00-04:00,70.37584124761491,70.72713554653737,69.47808501432195,70.65882873535156,146700,0.0,0.0
2024-03-13 00:00:00-04:00,70.83445964252682,70.83445964252682,69.77082407975006,70.11235809326172,220600,0.0,0.0
2024-03-14 00:00:00-04:00,70.16115339903457,70.27824652344984,69.35122454570698,70.07332611083984,156600,0.0,0.0
2024-03-15 00:00:00-04:00,70.2587398299744,71.30286247131895,70.02454611510866,70.72713470458984,351600,0.0,0.0
2024-03-18 00:00:00-04:00,71.11745284388003,72.23964250317297,70.53196485269181,72.06399536132812,461200,0.0,0.0
2024-03-19 00:00:00-04:00,71.41019843160996,72.80561528217046,71.37116490737735,72.68851470947266,342200,0.0,0.0
2024-03-20 00:00:00-04:00,73.08859748798339,74.40594719525058,72.30794194929315,74.2986068725586,547800,0.0,0.0
2024-03-21 00:00:00-04:00,76.34782961811901,78.65075560760468,75.8013751273543,76.260009765625,1116300,0.0,0.0
2024-03-22 00:00:00-04:00,76.2600040219632,76.8357317535306,74.9621672592619,75.83064270019531,273700,0.0,0.0
2024-03-25 00:00:00-04:00,75.23538873401525,75.88918346409683,74.55232072421103,74.68893432617188,222900,0.0,0.0
2024-03-26 00:00:00-04:00,75.0304744331744,75.77209650762164,73.6740910999059,73.91804504394531,176900,0.0,0.0
2024-03-27 00:00:00-04:00,74.3083761990248,74.45475006103516,72.85441271145872,74.45475006103516,138900,0.0,0.0
2024-03-28 00:00:00-04:00,74.2010261673659,75.30369521997497,74.16199264627137,75.07926177978516,235300,0.0,0.0
2024-04-01 00:00:00-04:00,75.15732776666015,77.87010187673596,75.15732776666015,77.77251434326172,508800,0.0,0.0
2024-04-02 00:00:00-04:00,77.25533838137468,77.92865369434287,76.35758959400646,77.8798599243164,320300,0.0,0.0
2024-04-03 00:00:00-04:00,77.83106581102969,79.41188255128017,77.59686467219879,78.98252868652344,309400,0.0,0.0
2024-04-04 00:00:00-04:00,79.62656409457838,79.86075779113914,77.87010020304764,77.90912628173828,276700,0.0,0.0
2024-04-05 00:00:00-04:00,78.07502174022169,78.85566988827127,78.07502174022169,78.4555892944336,250200,0.0,0.0
2024-04-08 00:00:00-04:00,78.56292663384428,81.63674767728898,78.11405229070478,80.86585235595703,640300,0.0,0.0
2024-04-09 00:00:00-04:00,80.69996182040167,81.92949178460543,78.3482496679922,78.48486328125,492200,0.0,0.0
2024-04-10 00:00:00-04:00,78.93374695813147,79.00205377281921,77.51881689179179,77.63591003417969,332000,0.0,0.0
2024-04-11 00:00:00-04:00,77.5871086191532,77.6944489420587,75.83063737604776,75.91846466064453,472400,0.0,0.0
2024-04-12 00:00:00-04:00,75.52813593577453,75.52813593577453,72.79584902434547,73.45940399169922,360700,0.0,0.0
2024-04-15 00:00:00-04:00,73.95707487165254,73.95707487165254,71.6346361206418,72.05422973632812,392500,0.0,0.0
2024-04-16 00:00:00-04:00,71.67365815483726,72.24939327285222,71.19551055996172,71.5858383178711,347900,0.0,0.0
2024-04-17 00:00:00-04:00,71.72245804629746,73.43013561882836,71.24431041055615,72.43480682373047,347600,0.0,0.0
2024-04-18 00:00:00-04:00,72.08351265738642,72.28843307299212,70.7759156715285,71.52729797363281,260000,0.0,0.0
2024-04-19 00:00:00-04:00,71.24431018638154,72.10302536856562,69.71227975249836,70.10260009765625,396900,0.0,0.0
2024-04-22 00:00:00-04:00,70.4538946561448,71.48826442077277,69.95623398054131,70.71736907958984,140800,0.0,0.0
2024-04-23 00:00:00-04:00,71.19551658446673,71.86883183771371,70.50268829187034,70.81494903564453,138900,0.0,0.0
2024-04-24 00:00:00-04:00,71.24431087418203,72.9227151761446,71.20527735031274,71.9468994140625,157900,0.0,0.0
2024-04-25 00:00:00-04:00,70.29776906587038,72.28843413293586,69.94647479257156,71.16624450683594,382500,0.0,0.0
2024-04-26 00:00:00-04:00,70.38559147598554,72.6006975269234,70.38559147598554,71.57608795166016,158600,0.0,0.0
2024-04-29 00:00:00-04:00,71.63464180555621,73.7716733555963,71.07841964971904,73.29352569580078,326000,0.0,0.0
2024-04-30 00:00:00-04:00,73.38133900168296,74.36691496124268,72.02495574951172,72.02495574951172,193600,0.0,0.0
2024-05-01 00:00:00-04:00,72.0249521881558,72.23963282664111,69.82936693163681,69.96598052978516,361100,0.0,0.0
2024-05-02 00:00:00-04:00,70.73688201879952,71.86883186851826,70.13188101522461,71.6248779296875,422000,0.0,0.0
2024-05-03 00:00:00-04:00,76.91379854139372,79.62656518544384,71.02963065111973,72.17133331298828,1200100,0.0,0.0
2024-05-06 00:00:00-04:00,76.16242241929682,78.81663501095616,75.15732594106457,76.67960357666016,1001600,0.0,0.0
2024-05-07 00:00:00-04:00,77.06993217814706,78.52389557933017,76.53323053095691,77.32363891601562,482400,0.0,0.0
2024-05-08 00:00:00-04:00,77.78518473015474,78.06996916453092,76.6264100453848,77.30400085449219,317700,0.5,0.0
2024-05-09 00:00:00-04:00,77.30400077729324,77.30400077729324,75.30069501110722,75.51673889160156,346000,0.0,0.0
2024-05-10 00:00:00-04:00,76.5183816511914,76.74424773256297,74.13209192925379,74.83914184570312,472300,0.0,0.0
2024-05-13 00:00:00-04:00,74.97662813593317,75.23195339948649,73.63127624985255,73.77857208251953,364800,0.0,0.0
2024-05-14 00:00:00-04:00,73.25810802132904,74.43652714696879,73.10098996653882,73.54289245605469,256800,0.0,0.0
2024-05-15 00:00:00-04:00,73.93569918039736,75.25159192759327,73.02242753788137,74.63292694091797,421600,0.0,0.0
2024-05-16 00:00:00-04:00,74.77040487665974,76.6656886353524,74.6722051595988,75.91935729980469,412100,0.0,0.0
2024-05-17 00:00:00-04:00,76.42018268551173,76.55766378259153,75.39888918423478,75.99791717529297,174300,0.0,0.0
2024-05-20 00:00:00-04:00,76.10594439515832,78.86539623960822,76.10594439515832,76.724609375,251000,0.0,0.0
2024-05-21 00:00:00-04:00,76.21396696164078,77.37274165003316,76.21396696164078,77.11741638183594,211100,0.0,0.0
2024-05-22 00:00:00-04:00,78.05033018918292,79.94561396776686,77.62806465844686,78.86539459228516,684000,0.0,0.0
2024-05-23 00:00:00-04:00,80.12236977977302,80.49553920133707,76.21396551801539,76.77371215820312,236000,0.0,0.0
2024-05-24 00:00:00-04:00,76.6558637021312,77.71643859002094,76.13539847719211,77.2745361328125,239600,0.0,0.0
2024-05-28 00:00:00-04:00,77.28435216023988,77.8244618322798,75.65421590926509,75.83097839355469,206300,0.0,0.0
2024-05-29 00:00:00-04:00,75.71313978673862,76.10594616862129,74.63292785568024,75.09447479248047,173900,0.0,0.0
2024-05-30 00:00:00-04:00,74.88824949242866,76.90136992709675,74.32850286036917,76.75407409667969,272400,0.0,0.0
2024-05-31 00:00:00-04:00,76.59695574540623,77.08796187197936,75.41854403849433,76.68533325195312,320100,0.0,0.0
2024-06-03 00:00:00-04:00,77.58878732854959,77.598602056361,75.93900650503521,77.01921844482422,158400,0.0,0.0
2024-06-04 00:00:00-04:00,75.86043879417501,77.08795398501927,75.62475797533719,76.36126708984375,279700,0.0,0.0
2024-06-05 00:00:00-04:00,76.3514475237914,78.67881910368722,75.74259727079765,78.51187133789062,377000,0.0,0.0
2024-06-06 00:00:00-04:00,78.56097883708783,82.89165639171851,78.06997271935603,82.21406555175781,613500,0.0,0.0
2024-06-07 00:00:00-04:00,81.95873967407726,82.79344856969256,80.90798688949263,81.05529022216797,396100,0.0,0.0
2024-06-10 00:00:00-04:00,81.06510607461608,83.22552981029136,80.75086248593317,82.8621826171875,263400,0.0,0.0
2024-06-11 00:00:00-04:00,83.20589215955881,83.20589215955881,80.39733683165782,81.70340728759766,501400,0.0,0.0
2024-06-12 00:00:00-04:00,82.02747847006162,82.77380984535067,80.1420168303237,80.6428451538086,643100,0.0,0.0
2024-06-13 00:00:00-04:00,82.01765083514945,82.10603582388597,80.23038903570152,80.42679595947266,417700,0.0,0.0
2024-06-14 00:00:00-04:00,80.75086733863459,81.67395372152433,80.13219485124749,81.22222900390625,613900,0.0,0.0
2024-06-17 00:00:00-04:00,81.50701257530912,83.86384335302687,80.99636952801355,81.78197479248047,624300,0.0,0.0
2024-06-18 00:00:00-04:00,82.15514656604282,83.96204546878397,81.35971156693378,83.35319519042969,388600,0.0,0.0
2024-06-20 00:00:00-04:00,83.4710402300088,84.32539357424605,80.56428490458755,81.77215576171875,469200,0.0,0.0
2024-06-21 00:00:00-04:00,81.55611170588807,82.12567305641426,79.346584377829,81.00617980957031,475900,0.0,0.0
2024-06-24 00:00:00-04:00,80.03399684801607,80.5544621318406,77.2058043191529,77.29418182373047,469500,0.0,0.0
2024-06-25 00:00:00-04:00,77.1665229324792,79.1010882268557,77.1665229324792,79.0814437866211,189700,0.0,0.0
2024-06-26 00:00:00-04:00,78.44313136564672,79.36622522556925,77.27454194936355,78.64935302734375,394600,0.0,0.0
2024-06-27 00:00:00-04:00,78.64935071718881,79.04215708171323,77.74590132329342,78.86539459228516,128200,0.0,0.0
2024-06-28 00:00:00-04:00,78.90467777731936,80.14201523153251,78.58061195728475,79.53316497802734,206000,0.0,0.0
2024-07-01 00:00:00-04:00,79.54298247130667,79.55280469040365,77.46111406006597,78.43331146240234,219200,0.0,0.0
2024-07-02 00:00:00-04:00,77.922666815604,79.9554317762838,77.922666815604,79.55281066894531,163800,0.0,0.0
2024-07-03 00:00:00-04:00,79.55280745720594,80.74104127589632,79.31711914362901,80.07327270507812,73600,0.0,0.0
2024-07-05 00:00:00-04:00,80.55446246026531,81.5070155272204,79.93579744922381,81.1927719116211,111200,0.0,0.0
2024-07-08 00:00:00-04:00,82.09621613095266,83.47103467102473,81.72305420254153,82.25334167480469,611700,0.0,0.0
2024-07-09 00:00:00-04:00,81.408808719969,81.91945174133498,78.01104758058986,78.3351058959961,672700,0.0,0.0
2024-07-10 00:00:00-04:00,78.56098085019124,80.15184340958484,78.41367751266534,79.1207275390625,158500,0.0,0.0
2024-07-11 00:00:00-04:00,78.72791913094548,79.9161530369777,77.78518828381642,78.63954162597656,242100,0.0,0.0
2024-07-12 00:00:00-04:00,79.16000076672955,81.15348425151896,78.99306049775348,79.23856353759766,150100,0.0,0.0
2024-07-15 00:00:00-04:00,79.65100523827775,79.92596743860648,78.20744619439388,78.38420867919922,123300,0.0,0.0
2024-07-16 00:00:00-04:00,79.00287834976498,79.01270056955154,77.17633506170705,78.20745086669922,284700,0.0,0.0
2024-07-17 00:00:00-04:00,76.71479668937752,77.08795863271548,73.91605589178772,74.14192199707031,685000,0.0,0.0
2024-07-18 00:00:00-04:00,73.70002119500933,75.99792622746948,70.91110255314761,75.3203353881836,891800,0.0,0.0
2024-07-19 00:00:00-04:00,74.87842518086052,75.61493428100012,72.93403785994242,73.78839111328125,345200,0.0,0.0
2024-07-22 00:00:00-04:00,74.09281517689061,75.00608679402679,74.01425989738682,74.66238403320312,139600,0.0,0.0
2024-07-23 00:00:00-04:00,74.07318351615088,74.58382658407882,73.42505184192358,74.11246490478516,118200,0.0,0.0
2024-07-24 00:00:00-04:00,73.6410906857051,73.65091290523011,72.17789464712551,72.43321990966797,165400,0.0,0.0
2024-07-25 00:00:00-04:00,71.45121482383007,72.15826485658786,67.3660401866335,67.4446029663086,841900,0.0,0.0
2024-07-26 00:00:00-04:00,68.98636014420948,69.7916098846406,67.1008984337599,68.81941986083984,625400,0.0,0.0
2024-07-29 00:00:00-04:00,68.80959109967985,70.70487485021215,67.26783232277127,67.56243896484375,337300,0.0,0.0
2024-07-30 00:00:00-04:00,67.21872691557455,67.61153326375012,65.41182820298808,65.43146514892578,599400,0.0,0.0
2024-07-31 00:00:00-04:00,67.90614877518631,69.46754466080165,67.16963958563365,68.19093322753906,389600,0.0,0.0
2024-08-01 00:00:00-04:00,67.52315873564804,68.41678591215793,63.339784804260034,63.69330978393555,797900,0.0,0.0
2024-08-02 00:00:00-04:00,58.97965450288542,63.055002914417535,55.7095520553533,61.375762939453125,739300,0.0,0.0
2024-08-05 00:00:00-04:00,58.02710049478546,58.635947004080336,56.721022483115675,57.59501647949219,589100,0.0,0.0
2024-08-06 00:00:00-04:00,57.59501816443398,57.840521219276276,55.77829331095341,56.475521087646484,640600,0.0,0.0
2024-08-07 00:00:00-04:00,57.251310539870914,58.35116315552751,57.11382943117375,57.34951400756836,437500,0.0,0.0
2024-08-08 00:00:00-04:00,58.00323983866553,60.45966068693626,57.488183305869086,60.033748626708984,432100,0.5,0.0
2024-08-09 00:00:00-04:00,60.033749692573664,60.53889919381501,58.835254701087585,59.35030746459961,211300,0.0,0.0
2024-08-12 00:00:00-04:00,59.350306734309626,60.86576277624428,59.3404034721608,60.2813720703125,302400,0.0,0.0
2024-08-13 00:00:00-04:00,61.410533522333786,63.17360892081321,61.27186518021909,63.10427474975586,378800,0.0,0.0
2024-08-14 00:00:00-04:00,63.71838093472918,63.90656936101243,62.054353321349325,62.51988220214844,269800,0.0,0.0
2024-08-15 00:00:00-04:00,63.6490458912301,66.51156841943353,63.54999815925379,66.04603576660156,430100,0.0,0.0
2024-08-16 00:00:00-04:00,63.10427389006848,63.67876133206463,61.6977764067188,63.262752532958984,599700,0.0,0.0
2024-08-19 00:00:00-04:00,63.64904794542504,64.60982684600407,63.26275271002116,64.421630859375,217800,0.0,0.0
2024-08-20 00:00:00-04:00,64.55038915776997,65.29325847230982,63.5797108186114,64.13438415527344,162800,0.0,0.0
2024-08-21 00:00:00-04:00,64.40181857905571,65.12488142406667,63.65894920919944,64.87725830078125,236200,0.0,0.0
2024-08-22 00:00:00-04:00,65.10507247111158,65.2437408104311,63.88676342496691,64.18391418457031,275700,0.0,0.0
2024-08-23 00:00:00-04:00,64.44143902652961,64.95649935353234,63.03494150338627,63.460853576660156,672200,0.0,0.0
2024-08-26 00:00:00-04:00,63.46085007607564,63.46085007607564,61.51948580822138,61.76710891723633,118700,0.0,0.0
2024-08-27 00:00:00-04:00,61.42043423454291,62.34159250140773,60.944998319133454,61.509578704833984,134700,0.0,0.0
2024-08-28 00:00:00-04:00,60.974715661516335,61.90577719022292,59.88517171591114,61.509578704833984,424200,0.0,0.0
2024-08-29 00:00:00-04:00,61.90577936951792,64.25324924367887,61.90577936951792,62.34159469604492,348200,0.0,0.0
2024-08-30 00:00:00-04:00,63.17360920355613,63.371708455361876,62.202927025979825,62.965606689453125,176300,0.0,0.0
2024-09-03 00:00:00-04:00,62.054352705587114,62.054352705587114,58.20133395077319,58.78572463989258,358900,0.0,0.0
2024-09-04 00:00:00-04:00,58.66686771176053,59.558312433475734,58.25086269391268,58.35981369018555,147400,0.0,0.0
2024-09-05 00:00:00-04:00,57.82495147080815,58.538103480052214,57.53770774761444,57.943809509277344,210200,0.0,0.0
2024-09-06 00:00:00-04:00,57.458466906717035,57.8447621464825,55.86377719322528,56.37882995605469,377300,0.0,0.0
2024-09-09 00:00:00-04:00,56.5373128187676,58.10228897921391,56.487785171808305,57.39904022216797,122000,0.0,0.0
2024-09-10 00:00:00-04:00,57.28017944201148,57.44856134264583,56.33921087123066,56.8443603515625,124400,0.0,0.0
2024-09-11 00:00:00-04:00,56.72550537203607,57.795235296760836,55.804347053796654,57.775428771972656,175900,0.0,0.0
2024-09-12 00:00:00-04:00,57.51789767144511,58.04285747364579,56.82455218385638,57.547611236572266,227700,0.0,0.0
2024-09-13 00:00:00-04:00,58.03295498790982,59.588027890853674,57.79523512842504,59.07297134399414,243400,0.0,0.0
2024-09-16 00:00:00-04:00,57.81504376967953,58.498485984534476,54.52660910831218,55.37843322753906,554700,0.0,0.0
2024-09-17 00:00:00-04:00,56.06187351293443,57.09198661101673,55.56662726713668,55.962825775146484,287700,0.0,0.0
2024-09-18 00:00:00-04:00,55.96282591591616,56.22035230187002,54.60585225697708,54.665279388427734,265200,0.0,0.0
2024-09-19 00:00:00-04:00,55.96282541361398,56.151017625566915,54.90299875672782,55.32891082763672,776800,0.0,0.0
2024-09-20 00:00:00-04:00,54.68508851406481,55.50719908009861,54.239366145638584,54.44737243652344,253200,0.0,0.0
2024-09-23 00:00:00-04:00,54.57613459180882,55.45767608024144,54.12050895403172,54.41765594482422,187700,0.0,0.0
2024-09-24 00:00:00-04:00,55.1506205680224,56.567025090483845,55.0218554900453,56.408546447753906,214500,0.0,0.0
2024-09-25 00:00:00-04:00,55.96282380742601,56.834458227342466,55.68548712862804,56.54721450805664,187900,0.0,0.0
2024-09-26 00:00:00-04:00,60.54880674434745,61.74730174592509,59.57812456120307,60.88557434082031,414800,0.0,0.0
2024-09-27 00:00:00-04:00,60.885573335301466,61.014334635922715,59.320593419176284,60.013938903808594,278000,0.0,0.0
2024-09-30 00:00:00-04:00,59.86536297192009,60.776618000660456,59.429547649392276,60.162513732910156,252400,0.0,0.0
2024-10-01 00:00:00-04:00,59.994127864254224,60.12289294172312,57.75561657222513,59.00363540649414,233700,0.0,0.0
2024-10-02 00:00:00-04:00,59.22154534106043,60.420040315913816,58.91449131692548,59.5087890625,189400,0.0,0.0
2024-10-03 00:00:00-04:00,59.15221129101848,60.449754003556016,59.15221129101848,60.41013717651367,161400,0.0,0.0
2024-10-04 00:00:00-04:00,61.49967678035731,61.70767928941675,60.013938095483255,60.55870819091797,228900,0.0,0.0
2024-10-07 00:00:00-04:00,60.55870896069059,60.99452806532123,59.231448900861565,59.627647399902344,167000,0.0,0.0
2024-10-08 00:00:00-04:00,60.68747431633347,61.707680355135835,59.5583135008767,59.617740631103516,254500,0.0,0.0
2024-10-09 00:00:00-04:00,59.61774089728284,59.984225834652854,58.84515797345332,59.2215461730957,173400,0.0,0.0
2024-10-10 00:00:00-04:00,58.538101976901615,59.86536200408422,58.43905424379214,59.67716979980469,288700,0.0,0.0
2024-10-11 00:00:00-04:00,59.18192528591134,60.18232102154103,58.93430216756025,59.36021423339844,111800,0.0,0.0
2024-10-14 00:00:00-04:00,59.55831190358887,60.0535581271514,58.63715362548828,58.63715362548828,93700,0.0,0.0
2024-10-15 00:00:00-04:00,58.62724566928748,58.70648687746551,56.70569171211565,56.725502014160156,182900,0.0,0.0
2024-10-16 00:00:00-04:00,57.547609805383125,57.547609805383125,55.46757717277558,55.7845344543457,391000,0.0,0.0
2024-10-17 00:00:00-04:00,56.458069004420324,57.12169712468611,55.467576565746285,55.67557907104492,313000,0.0,0.0
2024-10-18 00:00:00-04:00,56.14111197491408,56.477879556691626,55.03176149664697,55.408145904541016,218800,0.0,0.0
2024-10-21 00:00:00-04:00,55.36853187509279,56.83446031145426,55.180335883211164,56.60664749145508,209700,0.0,0.0
2024-10-22 00:00:00-04:00,56.51749975404604,56.675978392656695,55.8340575550642,56.45806884765625,136400,0.0,0.0
2024-10-23 00:00:00-04:00,56.051968961197176,56.58683580117849,55.03176292741827,55.2298583984375,134500,0.0,0.0
2024-10-24 00:00:00-04:00,55.6062478612465,55.903394852973214,55.25957700063683,55.705299377441406,87900,0.0,0.0
2024-10-25 00:00:00-04:00,56.39863869137767,56.86417135155072,55.46757714946039,55.527008056640625,187100,0.0,0.0
2024-10-28 00:00:00-04:00,55.368529795131195,57.10189159292331,55.130809943211005,56.16092300415039,233000,0.0,0.0
2024-10-29 00:00:00-04:00,55.88358386182661,57.44856379258074,55.764725822284824,57.280181884765625,241000,0.0,0.0
2024-10-30 00:00:00-04:00,56.27978210673331,56.705694173102536,55.4477682768991,55.477481842041016,231400,0.0,0.0
2024-10-31 00:00:00-04:00,54.7742325351998,56.02225515648193,51.93152021983545,53.29840087890625,677600,0.0,0.0
2024-11-01 00:00:00-04:00,53.00124965218143,53.54602352566418,51.65418308605086,52.27819061279297,242600,0.0,0.0
2024-11-04 00:00:00-05:00,52.25837937095401,52.75362558999744,51.426365571823894,51.792850494384766,161500,0.0,0.0
2024-11-05 00:00:00-05:00,51.59475262261056,54.160128256587335,51.51551141181134,53.427162170410156,226200,0.0,0.0
2024-11-06 00:00:00-05:00,53.26868488179855,55.348721377024056,53.001251456194026,54.803951263427734,288100,0.0,0.0
2024-11-07 00:00:00-05:00,55.418052397532406,56.23025589054522,54.833661710761845,55.55672073364258,228100,0.0,0.0
2024-11-08 00:00:00-05:00,55.1803328037745,55.40814561106018,53.41725747356345,53.60544967651367,229800,0.0,0.0
2024-11-11 00:00:00-05:00,53.704502038576365,53.704502038576365,50.51511512916702,51.24808120727539,388100,0.0,0.0
2024-11-12 00:00:00-05:00,51.23817288260876,51.56503719772154,50.019867648734206,50.64387893676758,176300,0.0,0.0
2024-11-13 00:00:00-05:00,50.822170975644916,52.89230042898843,50.822170975644916,52.09000015258789,301200,0.0,0.0
2024-11-14 00:00:00-05:00,52.599998474121094,54.15999984741211,52.29999923706055,54.02000045776367,351100,0.5,0.0
2024-11-15 00:00:00-05:00,53.880001068115234,53.880001068115234,51.029998779296875,51.20000076293945,327098,0.0,0.0
