Date,Open,High,Low,Close,Volume,Dividends,Stock Splits
2022-01-03 00:00:00-05:00,33.150001525878906,36.75,32.25,33.75,124909,0.0,0.0
2022-01-04 00:00:00-05:00,35.400001525878906,35.54999923706055,32.25,33.29999923706055,49377,0.0,0.0
2022-01-05 00:00:00-05:00,35.70000076293945,35.70000076293945,30.149999618530273,30.299999237060547,43839,0.0,0.0
2022-01-06 00:00:00-05:00,30.299999237060547,31.5,29.100000381469727,30.450000762939453,33725,0.0,0.0
2022-01-07 00:00:00-05:00,30.0,31.5,29.25,30.0,16871,0.0,0.0
2022-01-10 00:00:00-05:00,29.700000762939453,29.850000381469727,28.5,28.5,22881,0.0,0.0
2022-01-11 00:00:00-05:00,30.149999618530273,30.450000762939453,27.899999618530273,29.399999618530273,32047,0.0,0.0
2022-01-12 00:00:00-05:00,30.0,30.0,28.5,28.649999618530273,24764,0.0,0.0
2022-01-13 00:00:00-05:00,30.0,30.0,27.0,27.0,30419,0.0,0.0
2022-01-14 00:00:00-05:00,27.0,27.299999237060547,25.049999237060547,26.549999237060547,19279,0.0,0.0
2022-01-18 00:00:00-05:00,25.799999237060547,25.950000762939453,23.399999618530273,25.799999237060547,28543,0.0,0.0
2022-01-19 00:00:00-05:00,25.799999237060547,26.549999237060547,24.600000381469727,24.899999618530273,19080,0.0,0.0
2022-01-20 00:00:00-05:00,27.0,28.200000762939453,24.450000762939453,24.75,60020,0.0,0.0
2022-01-21 00:00:00-05:00,25.350000381469727,25.5,23.700000762939453,23.700000762939453,23168,0.0,0.0
2022-01-24 00:00:00-05:00,25.200000762939453,25.350000381469727,21.299999237060547,23.549999237060547,40017,0.0,0.0
2022-01-25 00:00:00-05:00,24.450000762939453,25.049999237060547,22.5,24.450000762939453,141698,0.0,0.0
2022-01-26 00:00:00-05:00,28.5,31.5,23.100000381469727,24.75,468634,0.0,0.0
2022-01-27 00:00:00-05:00,24.75,25.200000762939453,23.399999618530273,23.700000762939453,85251,0.0,0.0
2022-01-28 00:00:00-05:00,24.299999237060547,24.600000381469727,22.649999618530273,23.399999618530273,103875,0.0,0.0
2022-01-31 00:00:00-05:00,23.700000762939453,30.0,23.399999618530273,29.850000381469727,234202,0.0,0.0
2022-02-01 00:00:00-05:00,29.399999618530273,33.0,27.149999618530273,31.5,144029,0.0,0.0
2022-02-02 00:00:00-05:00,31.049999237060547,39.0,29.700000762939453,36.75,263082,0.0,0.0
2022-02-03 00:00:00-05:00,36.0,36.45000076293945,30.149999618530273,31.649999618530273,218291,0.0,0.0
2022-02-04 00:00:00-05:00,28.5,32.849998474121094,27.0,31.5,118101,0.0,0.0
2022-02-07 00:00:00-05:00,30.450000762939453,32.849998474121094,28.5,28.649999618530273,87210,0.0,0.0
2022-02-08 00:00:00-05:00,28.799999237060547,28.799999237060547,25.950000762939453,26.549999237060547,108723,0.0,0.0
2022-02-09 00:00:00-05:00,26.549999237060547,28.5,25.950000762939453,26.700000762939453,74407,0.0,0.0
2022-02-10 00:00:00-05:00,25.049999237060547,28.950000762939453,25.049999237060547,28.049999237060547,68496,0.0,0.0
2022-02-11 00:00:00-05:00,27.899999618530273,27.899999618530273,25.799999237060547,26.100000381469727,48533,0.0,0.0
2022-02-14 00:00:00-05:00,26.549999237060547,27.75,25.950000762939453,25.950000762939453,35713,0.0,0.0
2022-02-15 00:00:00-05:00,26.700000762939453,27.0,26.25,26.700000762939453,25829,0.0,0.0
2022-02-16 00:00:00-05:00,27.0,28.950000762939453,26.399999618530273,27.75,49472,0.0,0.0
2022-02-17 00:00:00-05:00,29.549999237060547,29.549999237060547,26.549999237060547,27.149999618530273,52265,0.0,0.0
2022-02-18 00:00:00-05:00,26.25,28.049999237060547,26.25,26.549999237060547,36237,0.0,0.0
2022-02-22 00:00:00-05:00,25.5,26.25,25.350000381469727,25.649999618530273,36906,0.0,0.0
2022-02-23 00:00:00-05:00,25.5,26.700000762939453,24.149999618530273,24.450000762939453,40983,0.0,0.0
2022-02-24 00:00:00-05:00,21.299999237060547,26.700000762939453,20.399999618530273,25.049999237060547,44212,0.0,0.0
2022-02-25 00:00:00-05:00,27.0,28.5,26.100000381469727,27.299999237060547,44792,0.0,0.0
2022-02-28 00:00:00-05:00,27.600000381469727,30.75,26.700000762939453,30.0,69605,0.0,0.0
2022-03-01 00:00:00-05:00,30.450000762939453,32.54999923706055,29.549999237060547,31.5,110531,0.0,0.0
2022-03-02 00:00:00-05:00,37.5,48.0,33.29999923706055,39.599998474121094,456683,0.0,0.0
2022-03-03 00:00:00-05:00,39.599998474121094,39.599998474121094,31.5,34.5,137458,0.0,0.0
2022-03-04 00:00:00-05:00,33.45000076293945,34.349998474121094,30.0,30.450000762939453,57833,0.0,0.0
2022-03-07 00:00:00-05:00,28.049999237060547,33.0,27.899999618530273,31.049999237060547,59443,0.0,0.0
2022-03-08 00:00:00-05:00,28.799999237060547,35.099998474121094,28.5,34.04999923706055,81544,0.0,0.0
2022-03-09 00:00:00-05:00,35.70000076293945,36.75,33.0,34.95000076293945,60942,0.0,0.0
2022-03-10 00:00:00-05:00,32.400001525878906,34.5,31.049999237060547,31.950000762939453,38592,0.0,0.0
2022-03-11 00:00:00-05:00,31.799999237060547,33.75,29.399999618530273,29.549999237060547,50705,0.0,0.0
2022-03-14 00:00:00-04:00,28.5,31.649999618530273,28.049999237060547,31.049999237060547,51853,0.0,0.0
2022-03-15 00:00:00-04:00,31.5,33.75,29.399999618530273,32.54999923706055,64059,0.0,0.0
2022-03-16 00:00:00-04:00,33.29999923706055,41.70000076293945,33.29999923706055,38.099998474121094,72951,0.0,0.0
2022-03-17 00:00:00-04:00,33.0,42.599998474121094,33.0,40.04999923706055,57764,0.0,0.0
2022-03-18 00:00:00-04:00,40.5,44.54999923706055,39.29999923706055,40.5,46067,0.0,0.0
2022-03-21 00:00:00-04:00,43.5,48.0,40.5,45.75,49981,0.0,0.0
2022-03-22 00:00:00-04:00,48.0,50.849998474121094,42.599998474121094,44.70000076293945,67205,0.0,0.0
2022-03-23 00:00:00-04:00,45.75,48.0,43.95000076293945,44.849998474121094,25573,0.0,0.0
2022-03-24 00:00:00-04:00,43.79999923706055,48.0,43.650001525878906,46.79999923706055,20310,0.0,0.0
2022-03-25 00:00:00-04:00,46.5,46.79999923706055,38.54999923706055,39.0,91432,0.0,0.0
2022-03-28 00:00:00-04:00,30.450000762939453,34.349998474121094,29.25,29.549999237060547,97879,0.0,0.0
2022-03-29 00:00:00-04:00,29.700000762939453,32.54999923706055,28.5,31.950000762939453,74571,0.0,0.0
2022-03-30 00:00:00-04:00,32.099998474121094,33.0,30.600000381469727,30.899999618530273,48467,0.0,0.0
2022-03-31 00:00:00-04:00,30.899999618530273,31.5,28.950000762939453,30.0,45684,0.0,0.0
2022-04-01 00:00:00-04:00,29.25,29.850000381469727,27.149999618530273,27.600000381469727,60410,0.0,0.0
2022-04-04 00:00:00-04:00,28.5,30.0,27.899999618530273,29.700000762939453,22187,0.0,0.0
2022-04-05 00:00:00-04:00,28.799999237060547,29.399999618530273,27.299999237060547,27.450000762939453,37685,0.0,0.0
2022-04-06 00:00:00-04:00,27.299999237060547,30.75,25.049999237060547,30.299999237060547,143235,0.0,0.0
2022-04-07 00:00:00-04:00,30.75,32.25,29.399999618530273,31.350000381469727,281713,0.0,0.0
2022-04-08 00:00:00-04:00,33.599998474121094,40.5,30.149999618530273,31.799999237060547,484575,0.0,0.0
2022-04-11 00:00:00-04:00,28.950000762939453,29.25,27.0,27.299999237060547,111716,0.0,0.0
2022-04-12 00:00:00-04:00,27.299999237060547,29.549999237060547,27.0,27.299999237060547,123405,0.0,0.0
2022-04-13 00:00:00-04:00,27.299999237060547,28.799999237060547,27.149999618530273,27.75,59311,0.0,0.0
2022-04-14 00:00:00-04:00,27.899999618530273,28.049999237060547,25.5,26.25,67866,0.0,0.0
2022-04-18 00:00:00-04:00,26.25,27.600000381469727,24.899999618530273,25.200000762939453,29083,0.0,0.0
2022-04-19 00:00:00-04:00,25.200000762939453,27.0,24.75,26.25,27496,0.0,0.0
2022-04-20 00:00:00-04:00,25.5,25.950000762939453,24.75,24.899999618530273,31418,0.0,0.0
2022-04-21 00:00:00-04:00,25.5,26.100000381469727,24.600000381469727,25.799999237060547,25251,0.0,0.0
2022-04-22 00:00:00-04:00,24.75,27.299999237060547,24.75,25.950000762939453,39277,0.0,0.0
2022-04-25 00:00:00-04:00,25.5,25.5,24.149999618530273,24.450000762939453,18118,0.0,0.0
2022-04-26 00:00:00-04:00,24.450000762939453,24.75,21.75,21.899999618530273,51763,0.0,0.0
2022-04-27 00:00:00-04:00,20.399999618530273,22.5,20.399999618530273,22.049999237060547,22581,0.0,0.0
2022-04-28 00:00:00-04:00,22.799999237060547,23.100000381469727,21.450000762939453,22.950000762939453,21291,0.0,0.0
2022-04-29 00:00:00-04:00,22.950000762939453,23.25,21.0,21.0,16101,0.0,0.0
2022-05-02 00:00:00-04:00,21.899999618530273,21.899999618530273,18.450000762939453,19.200000762939453,51405,0.0,0.0
2022-05-03 00:00:00-04:00,19.5,23.100000381469727,19.5,22.200000762939453,47734,0.0,0.0
2022-05-04 00:00:00-04:00,21.299999237060547,22.350000381469727,19.950000762939453,21.149999618530273,29732,0.0,0.0
2022-05-05 00:00:00-04:00,21.0,21.0,19.649999618530273,20.25,20289,0.0,0.0
2022-05-06 00:00:00-04:00,19.5,19.5,18.0,18.600000381469727,22103,0.0,0.0
2022-05-09 00:00:00-04:00,18.0,18.0,15.0,15.0,53063,0.0,0.0
2022-05-10 00:00:00-04:00,15.0,16.350000381469727,15.0,15.899999618530273,64360,0.0,0.0
2022-05-11 00:00:00-04:00,19.799999237060547,21.899999618530273,16.049999237060547,17.100000381469727,489397,0.0,0.0
2022-05-12 00:00:00-04:00,15.0,18.299999237060547,14.25,17.25,131089,0.0,0.0
2022-05-13 00:00:00-04:00,18.75,18.899999618530273,17.399999618530273,18.450000762939453,79889,0.0,0.0
2022-05-16 00:00:00-04:00,17.700000762939453,19.5,16.649999618530273,17.25,86020,0.0,0.0
2022-05-17 00:00:00-04:00,17.700000762939453,20.399999618530273,17.700000762939453,18.899999618530273,98018,0.0,0.0
2022-05-18 00:00:00-04:00,18.600000381469727,20.25,17.25,17.700000762939453,136890,0.0,0.0
2022-05-19 00:00:00-04:00,17.25,18.75,17.100000381469727,18.149999618530273,91099,0.0,0.0
2022-05-20 00:00:00-04:00,22.799999237060547,22.950000762939453,18.75,21.75,411030,0.0,0.0
2022-05-23 00:00:00-04:00,21.0,21.0,18.899999618530273,19.350000381469727,97267,0.0,0.0
2022-05-24 00:00:00-04:00,18.450000762939453,18.75,16.799999237060547,17.549999237060547,53397,0.0,0.0
2022-05-25 00:00:00-04:00,16.950000762939453,18.0,15.449999809265137,17.549999237060547,35522,0.0,0.0
2022-05-26 00:00:00-04:00,17.850000381469727,18.450000762939453,17.25,18.299999237060547,35041,0.0,0.0
2022-05-27 00:00:00-04:00,18.0,19.799999237060547,18.0,18.899999618530273,65005,0.0,0.0
2022-05-31 00:00:00-04:00,19.5,21.899999618530273,18.899999618530273,20.100000381469727,67778,0.0,0.0
2022-06-01 00:00:00-04:00,19.5,20.25,18.149999618530273,19.350000381469727,24792,0.0,0.0
2022-06-02 00:00:00-04:00,18.450000762939453,19.950000762939453,18.299999237060547,18.899999618530273,45922,0.0,0.0
2022-06-03 00:00:00-04:00,18.0,19.5,18.0,18.75,37165,0.0,0.0
2022-06-06 00:00:00-04:00,19.049999237060547,19.049999237060547,17.850000381469727,18.0,37364,0.0,0.0
2022-06-07 00:00:00-04:00,17.850000381469727,18.0,16.799999237060547,16.950000762939453,59558,0.0,0.0
2022-06-08 00:00:00-04:00,19.5,23.100000381469727,19.200000762939453,20.100000381469727,348207,0.0,0.0
2022-06-09 00:00:00-04:00,19.200000762939453,21.450000762939453,18.75,20.549999237060547,85016,0.0,0.0
2022-06-10 00:00:00-04:00,20.25,20.700000762939453,19.5,19.799999237060547,34079,0.0,0.0
2022-06-13 00:00:00-04:00,20.25,21.75,18.75,18.899999618530273,129581,0.0,0.0
2022-06-14 00:00:00-04:00,18.899999618530273,19.5,18.299999237060547,18.299999237060547,42367,0.0,0.0
2022-06-15 00:00:00-04:00,18.0,18.450000762939453,17.700000762939453,18.0,69524,0.0,0.0
2022-06-16 00:00:00-04:00,18.0,19.350000381469727,17.700000762939453,17.700000762939453,59128,0.0,0.0
2022-06-17 00:00:00-04:00,18.149999618530273,19.049999237060547,17.850000381469727,18.149999618530273,39180,0.0,0.0
2022-06-21 00:00:00-04:00,18.600000381469727,20.549999237060547,18.600000381469727,18.899999618530273,42354,0.0,0.0
2022-06-22 00:00:00-04:00,19.350000381469727,20.25,18.450000762939453,18.899999618530273,44986,0.0,0.0
2022-06-23 00:00:00-04:00,19.200000762939453,21.899999618530273,18.75,20.549999237060547,54325,0.0,0.0
2022-06-24 00:00:00-04:00,20.25,21.75,19.950000762939453,20.100000381469727,22252,0.0,0.0
2022-06-27 00:00:00-04:00,20.850000381469727,21.450000762939453,20.100000381469727,20.700000762939453,13942,0.0,0.0
2022-06-28 00:00:00-04:00,21.299999237060547,21.299999237060547,18.450000762939453,19.200000762939453,26151,0.0,0.0
2022-06-29 00:00:00-04:00,19.5,24.75,12.75,13.800000190734863,325992,0.0,0.0
2022-06-30 00:00:00-04:00,10.800000190734863,11.399999618530273,10.100000381469727,10.800000190734863,87220,0.0,0.03333333333333333
2022-07-01 00:00:00-04:00,10.5,11.050000190734863,10.0,10.350000381469727,46340,0.0,0.0
2022-07-05 00:00:00-04:00,10.100000381469727,10.149999618530273,9.25,10.0,37540,0.0,0.0
2022-07-06 00:00:00-04:00,9.75,10.300000190734863,9.460000038146973,10.050000190734863,31520,0.0,0.0
2022-07-07 00:00:00-04:00,9.850000381469727,10.649999618530273,9.725000381469727,10.100000381469727,47820,0.0,0.0
2022-07-08 00:00:00-04:00,9.850000381469727,10.25,9.835000038146973,9.899999618530273,21580,0.0,0.0
2022-07-11 00:00:00-04:00,9.850000381469727,10.149999618530273,9.300000190734863,9.649999618530273,37180,0.0,0.0
2022-07-12 00:00:00-04:00,9.649999618530273,10.600000381469727,9.550000190734863,10.050000190734863,95720,0.0,0.0
2022-07-13 00:00:00-04:00,9.800000190734863,9.850000381469727,9.399999618530273,9.550000190734863,16700,0.0,0.0
2022-07-14 00:00:00-04:00,9.399999618530273,9.949999809265137,8.75,8.800000190734863,40580,0.0,0.0
2022-07-15 00:00:00-04:00,8.75,8.75,8.050000190734863,8.399999618530273,41120,0.0,0.0
2022-07-18 00:00:00-04:00,8.5,9.350000381469727,8.199999809265137,8.300000190734863,42440,0.0,0.0
2022-07-19 00:00:00-04:00,8.149999618530273,9.149999618530273,8.0,8.5,61940,0.0,0.0
2022-07-20 00:00:00-04:00,8.399999618530273,8.699999809265137,8.25,8.649999618530273,14560,0.0,0.0
2022-07-21 00:00:00-04:00,8.600000381469727,8.75,8.149999618530273,8.5,18540,0.0,0.0
2022-07-22 00:00:00-04:00,8.5,9.949999809265137,7.5,9.949999809265137,101580,0.0,0.0
2022-07-25 00:00:00-04:00,9.550000190734863,9.600000381469727,8.699999809265137,8.949999809265137,55180,0.0,0.0
2022-07-26 00:00:00-04:00,8.800000190734863,8.805000305175781,7.5,7.75,52520,0.0,0.0
2022-07-27 00:00:00-04:00,7.75,7.900000095367432,7.5,7.650000095367432,23140,0.0,0.0
2022-07-28 00:00:00-04:00,7.5,8.199999809265137,7.449999809265137,8.100000381469727,31580,0.0,0.0
2022-07-29 00:00:00-04:00,8.199999809265137,8.25,7.849999904632568,8.100000381469727,23560,0.0,0.0
2022-08-01 00:00:00-04:00,7.900000095367432,8.199999809265137,7.550000190734863,7.650000095367432,25500,0.0,0.0
2022-08-02 00:00:00-04:00,7.550000190734863,7.900000095367432,7.449999809265137,7.849999904632568,25720,0.0,0.0
2022-08-03 00:00:00-04:00,7.800000190734863,11.25,7.75,9.949999809265137,809780,0.0,0.0
2022-08-04 00:00:00-04:00,14.25,16.200000762939453,10.5,12.5,2661120,0.0,0.0
2022-08-05 00:00:00-04:00,10.199999809265137,11.989999771118164,10.050000190734863,11.350000381469727,177300,0.0,0.0
2022-08-08 00:00:00-04:00,11.149999618530273,12.954999923706055,11.100000381469727,12.350000381469727,170640,0.0,0.0
2022-08-09 00:00:00-04:00,12.050000190734863,12.5,10.75,10.850000381469727,62900,0.0,0.0
2022-08-10 00:00:00-04:00,11.199999809265137,12.050000190734863,10.300000190734863,11.5,47200,0.0,0.0
2022-08-11 00:00:00-04:00,11.649999618530273,11.899999618530273,10.739999771118164,11.050000190734863,39760,0.0,0.0
2022-08-12 00:00:00-04:00,10.949999809265137,11.649999618530273,10.854999542236328,11.399999618530273,28120,0.0,0.0
2022-08-15 00:00:00-04:00,11.350000381469727,11.949999809265137,10.850000381469727,11.600000381469727,39760,0.0,0.0
2022-08-16 00:00:00-04:00,11.699999809265137,11.699999809265137,10.925000190734863,11.199999809265137,33900,0.0,0.0
2022-08-17 00:00:00-04:00,11.199999809265137,13.484999656677246,10.949999809265137,11.399999618530273,172700,0.0,0.0
2022-08-18 00:00:00-04:00,11.25,11.399999618530273,10.300000190734863,10.649999618530273,45200,0.0,0.0
2022-08-19 00:00:00-04:00,10.399999618530273,10.489999771118164,9.524999618530273,9.600000381469727,23600,0.0,0.0
2022-08-22 00:00:00-04:00,9.300000190734863,9.484999656677246,9.0,9.199999809265137,11800,0.0,0.0
2022-08-23 00:00:00-04:00,9.550000190734863,9.850000381469727,9.40999984741211,9.75,6760,0.0,0.0
2022-08-24 00:00:00-04:00,9.800000190734863,10.350000381469727,9.600000381469727,10.050000190734863,23960,0.0,0.0
2022-08-25 00:00:00-04:00,10.149999618530273,10.449999809265137,10.0,10.0,12380,0.0,0.0
2022-08-26 00:00:00-04:00,10.149999618530273,10.149999618530273,8.899999618530273,9.0,16420,0.0,0.0
2022-08-29 00:00:00-04:00,8.850000381469727,9.024999618530273,8.449999809265137,8.649999618530273,11100,0.0,0.0
2022-08-30 00:00:00-04:00,8.899999618530273,9.899999618530273,8.25,8.949999809265137,24880,0.0,0.0
2022-08-31 00:00:00-04:00,9.0,9.494999885559082,8.555000305175781,9.149999618530273,14320,0.0,0.0
2022-09-01 00:00:00-04:00,8.899999618530273,9.050000190734863,8.59000015258789,8.949999809265137,11040,0.0,0.0
2022-09-02 00:00:00-04:00,8.75,8.899999618530273,8.350000381469727,8.449999809265137,11380,0.0,0.0
2022-09-06 00:00:00-04:00,8.5,8.899999618530273,8.149999618530273,8.199999809265137,8220,0.0,0.0
2022-09-07 00:00:00-04:00,8.170000076293945,8.800000190734863,8.170000076293945,8.600000381469727,5300,0.0,0.0
2022-09-08 00:00:00-04:00,8.600000381469727,9.25,8.600000381469727,9.0,10740,0.0,0.0
2022-09-09 00:00:00-04:00,9.300000190734863,9.449999809265137,8.800000190734863,8.850000381469727,8380,0.0,0.0
2022-09-12 00:00:00-04:00,9.050000190734863,9.845000267028809,8.800000190734863,9.600000381469727,39020,0.0,0.0
2022-09-13 00:00:00-04:00,9.300000190734863,10.399999618530273,9.199999809265137,10.350000381469727,32200,0.0,0.0
2022-09-14 00:00:00-04:00,10.505000114440918,10.625,9.505000114440918,10.149999618530273,21600,0.0,0.0
2022-09-15 00:00:00-04:00,9.850000381469727,10.850000381469727,9.755000114440918,10.350000381469727,29800,0.0,0.0
2022-09-16 00:00:00-04:00,10.449999809265137,10.550000190734863,9.25,9.25,31940,0.0,0.0
2022-09-19 00:00:00-04:00,9.25,10.0,9.25,9.649999618530273,14540,0.0,0.0
2022-09-20 00:00:00-04:00,9.699999809265137,10.050000190734863,8.449999809265137,8.75,14600,0.0,0.0
2022-09-21 00:00:00-04:00,8.600000381469727,9.050000190734863,8.0,8.100000381469727,7860,0.0,0.0
2022-09-22 00:00:00-04:00,8.0,8.359999656677246,7.449999809265137,7.800000190734863,19440,0.0,0.0
2022-09-23 00:00:00-04:00,7.849999904632568,8.0,7.349999904632568,7.699999809265137,6640,0.0,0.0
2022-09-26 00:00:00-04:00,7.875,8.600000381469727,7.875,8.5,32420,0.0,0.0
2022-09-27 00:00:00-04:00,8.25,8.300000190734863,6.945000171661377,7.050000190734863,21640,0.0,0.0
2022-09-28 00:00:00-04:00,6.800000190734863,7.860000133514404,6.800000190734863,7.349999904632568,11680,0.0,0.0
2022-09-29 00:00:00-04:00,7.599999904632568,7.71999979019165,7.349999904632568,7.400000095367432,8180,0.0,0.0
2022-09-30 00:00:00-04:00,7.349999904632568,8.350000381469727,7.349999904632568,7.849999904632568,5000,0.0,0.0
2022-10-03 00:00:00-04:00,7.800000190734863,8.649999618530273,7.75,8.449999809265137,12740,0.0,0.0
2022-10-04 00:00:00-04:00,8.300000190734863,9.800000190734863,8.300000190734863,9.300000190734863,12060,0.0,0.0
2022-10-05 00:00:00-04:00,9.399999618530273,9.399999618530273,8.649999618530273,8.850000381469727,3940,0.0,0.0
2022-10-06 00:00:00-04:00,9.300000190734863,9.300000190734863,8.649999618530273,9.0,5040,0.0,0.0
2022-10-07 00:00:00-04:00,9.050000190734863,9.100000381469727,8.5,8.5,2840,0.0,0.0
2022-10-10 00:00:00-04:00,8.399999618530273,8.710000038146973,8.0,8.0,4400,0.0,0.0
2022-10-11 00:00:00-04:00,7.599999904632568,8.25,7.505000114440918,7.949999809265137,2020,0.0,0.0
2022-10-12 00:00:00-04:00,7.90500020980835,8.199999809265137,7.900000095367432,8.0,1580,0.0,0.0
2022-10-13 00:00:00-04:00,7.605000019073486,8.449999809265137,7.599999904632568,7.650000095367432,6520,0.0,0.0
2022-10-14 00:00:00-04:00,7.75,8.050000190734863,7.550000190734863,7.75,1920,0.0,0.0
2022-10-17 00:00:00-04:00,7.599999904632568,7.75,7.550000190734863,7.650000095367432,3800,0.0,0.0
2022-10-18 00:00:00-04:00,8.0,8.010000228881836,7.5,7.5,2700,0.0,0.0
2022-10-19 00:00:00-04:00,7.75,7.75,6.900000095367432,6.949999809265137,7420,0.0,0.0
2022-10-20 00:00:00-04:00,7.03000020980835,7.389999866485596,6.650000095367432,6.699999809265137,3420,0.0,0.0
2022-10-21 00:00:00-04:00,6.550000190734863,7.0,6.550000190734863,7.0,14040,0.0,0.0
2022-10-24 00:00:00-04:00,7.0,7.099999904632568,6.099999904632568,6.949999809265137,15380,0.0,0.0
2022-10-25 00:00:00-04:00,6.75,7.050000190734863,6.599999904632568,6.949999809265137,11420,0.0,0.0
2022-10-26 00:00:00-04:00,6.75,7.0,6.699999809265137,6.875,2920,0.0,0.0
2022-10-27 00:00:00-04:00,6.75,7.099999904632568,6.699999809265137,7.099999904632568,7980,0.0,0.0
2022-10-28 00:00:00-04:00,7.25,7.25,6.974999904632568,7.050000190734863,3220,0.0,0.0
2022-10-31 00:00:00-04:00,6.949999809265137,7.300000190734863,6.800000190734863,7.150000095367432,3180,0.0,0.0
2022-11-01 00:00:00-04:00,7.050000190734863,7.449999809265137,7.0,7.400000095367432,2780,0.0,0.0
2022-11-02 00:00:00-04:00,7.0,7.650000095367432,7.0,7.0,2820,0.0,0.0
2022-11-03 00:00:00-04:00,7.0,7.099999904632568,6.849999904632568,7.0,1040,0.0,0.0
2022-11-04 00:00:00-04:00,7.0,7.050000190734863,6.5,6.5,4080,0.0,0.0
2022-11-07 00:00:00-05:00,6.599999904632568,7.0,6.375,6.375,3280,0.0,0.0
2022-11-08 00:00:00-05:00,6.849999904632568,6.849999904632568,6.25,6.25,4160,0.0,0.0
2022-11-09 00:00:00-05:00,6.375,6.550000190734863,5.699999809265137,5.800000190734863,3920,0.0,0.0
2022-11-10 00:00:00-05:00,6.099999904632568,6.349999904632568,5.699999809265137,5.699999809265137,3920,0.0,0.0
2022-11-11 00:00:00-05:00,5.78000020980835,6.400000095367432,5.75,6.150000095367432,3460,0.0,0.0
2022-11-14 00:00:00-05:00,6.0,6.5,6.0,6.300000190734863,3940,0.0,0.0
2022-11-15 00:00:00-05:00,5.5,6.474999904632568,5.5,5.75,7780,0.0,0.0
2022-11-16 00:00:00-05:00,5.900000095367432,5.925000190734863,5.75,5.849999904632568,2600,0.0,0.0
2022-11-17 00:00:00-05:00,5.699999809265137,6.0,5.585000038146973,6.0,2380,0.0,0.0
2022-11-18 00:00:00-05:00,5.900000095367432,6.0,5.5,5.684999942779541,1040,0.0,0.0
2022-11-21 00:00:00-05:00,5.599999904632568,5.900000095367432,5.574999809265137,5.900000095367432,3940,0.0,0.0
2022-11-22 00:00:00-05:00,5.75,5.800000190734863,5.550000190734863,5.650000095367432,4980,0.0,0.0
2022-11-23 00:00:00-05:00,6.0,6.0,5.574999809265137,5.599999904632568,3500,0.0,0.0
2022-11-25 00:00:00-05:00,5.599999904632568,5.980000019073486,5.550000190734863,5.650000095367432,1900,0.0,0.0
2022-11-28 00:00:00-05:00,5.400000095367432,5.565000057220459,5.400000095367432,5.565000057220459,3000,0.0,0.0
2022-11-29 00:00:00-05:00,5.425000190734863,5.650000095367432,5.0,5.349999904632568,10780,0.0,0.0
2022-11-30 00:00:00-05:00,5.199999809265137,5.300000190734863,5.0,5.0,3960,0.0,0.0
2022-12-01 00:00:00-05:00,4.829999923706055,5.099999904632568,4.829999923706055,5.074999809265137,5000,0.0,0.0
2022-12-02 00:00:00-05:00,5.099999904632568,5.099999904632568,4.860000133514404,4.934999942779541,5740,0.0,0.0
2022-12-05 00:00:00-05:00,5.0,5.300000190734863,4.900000095367432,5.300000190734863,7740,0.0,0.0
2022-12-06 00:00:00-05:00,5.300000190734863,5.300000190734863,4.75,5.050000190734863,5220,0.0,0.0
2022-12-07 00:00:00-05:00,4.699999809265137,4.900000095367432,4.28000020980835,4.349999904632568,9480,0.0,0.0
2022-12-08 00:00:00-05:00,4.349999904632568,4.5,4.349999904632568,4.349999904632568,4580,0.0,0.0
2022-12-09 00:00:00-05:00,4.25,4.5,4.139999866485596,4.199999809265137,2420,0.0,0.0
2022-12-12 00:00:00-05:00,4.099999904632568,4.204999923706055,3.4200000762939453,3.799999952316284,5140,0.0,0.0
2022-12-13 00:00:00-05:00,3.7249999046325684,3.799999952316284,3.5,3.6700000762939453,5020,0.0,0.0
2022-12-14 00:00:00-05:00,3.6700000762939453,4.079999923706055,3.6700000762939453,3.700000047683716,4760,0.0,0.0
2022-12-15 00:00:00-05:00,3.549999952316284,4.0,3.549999952316284,3.9000000953674316,3600,0.0,0.0
2022-12-16 00:00:00-05:00,3.75,3.880000114440918,3.1500000953674316,3.549999952316284,4580,0.0,0.0
2022-12-19 00:00:00-05:00,3.549999952316284,3.799999952316284,3.299999952316284,3.549999952316284,102540,0.0,0.0
2022-12-20 00:00:00-05:00,4.400000095367432,4.800000190734863,3.200000047683716,3.9000000953674316,927180,0.0,0.0
2022-12-21 00:00:00-05:00,3.9000000953674316,7.800000190734863,3.609999895095825,5.550000190734863,704280,0.0,0.0
2022-12-22 00:00:00-05:00,4.880000114440918,8.0,4.75,7.300000190734863,429100,0.0,0.0
2022-12-23 00:00:00-05:00,7.75,8.399999618530273,5.304999828338623,6.400000095367432,258760,0.0,0.0
2022-12-27 00:00:00-05:00,6.150000095367432,6.550000190734863,5.550000190734863,6.199999809265137,32720,0.0,0.0
2022-12-28 00:00:00-05:00,6.0,6.349999904632568,5.199999809265137,5.800000190734863,22240,0.0,0.0
2022-12-29 00:00:00-05:00,5.650000095367432,6.400000095367432,5.349999904632568,5.849999904632568,35140,0.0,0.0
2022-12-30 00:00:00-05:00,5.75,5.75,5.400000095367432,5.75,18380,0.0,0.0
2023-01-03 00:00:00-05:00,5.650000095367432,7.070000171661377,5.650000095367432,6.849999904632568,28520,0.0,0.0
2023-01-04 00:00:00-05:00,6.75,8.899999618530273,6.650000095367432,7.900000095367432,155020,0.0,0.0
2023-01-05 00:00:00-05:00,8.0,8.0,7.0,7.449999809265137,14500,0.0,0.0
2023-01-06 00:00:00-05:00,7.300000190734863,7.699999809265137,7.275000095367432,7.650000095367432,10980,0.0,0.0
2023-01-09 00:00:00-05:00,7.349999904632568,7.349999904632568,6.550000190734863,6.699999809265137,9760,0.0,0.0
2023-01-10 00:00:00-05:00,6.599999904632568,7.130000114440918,6.449999809265137,7.025000095367432,4440,0.0,0.0
2023-01-11 00:00:00-05:00,6.949999809265137,7.349999904632568,6.949999809265137,7.099999904632568,5000,0.0,0.0
2023-01-12 00:00:00-05:00,7.150000095367432,7.150000095367432,6.0,6.150000095367432,11580,0.0,0.0
2023-01-13 00:00:00-05:00,6.400000095367432,6.84499979019165,5.949999809265137,6.550000190734863,8700,0.0,0.0
2023-01-17 00:00:00-05:00,6.5,6.75,6.25,6.664999961853027,7640,0.0,0.0
2023-01-18 00:00:00-05:00,6.449999809265137,7.5,6.449999809265137,7.199999809265137,10560,0.0,0.0
2023-01-19 00:00:00-05:00,6.849999904632568,7.0,6.599999904632568,6.800000190734863,4680,0.0,0.0
2023-01-20 00:00:00-05:00,6.635000228881836,7.449999809265137,6.635000228881836,7.400000095367432,4780,0.0,0.0
2023-01-23 00:00:00-05:00,7.5,7.5,7.099999904632568,7.199999809265137,7860,0.0,0.0
2023-01-24 00:00:00-05:00,7.099999904632568,7.349999904632568,7.065000057220459,7.099999904632568,3380,0.0,0.0
2023-01-25 00:00:00-05:00,7.050000190734863,7.349999904632568,6.900000095367432,6.900000095367432,8200,0.0,0.0
2023-01-26 00:00:00-05:00,6.849999904632568,7.150000095367432,6.699999809265137,6.949999809265137,3780,0.0,0.0
2023-01-27 00:00:00-05:00,6.900000095367432,7.175000190734863,6.900000095367432,7.0,2240,0.0,0.0
2023-01-30 00:00:00-05:00,7.099999904632568,7.099999904632568,6.800000190734863,6.849999904632568,1200,0.0,0.0
2023-01-31 00:00:00-05:00,6.75,7.199999809265137,6.75,7.050000190734863,1720,0.0,0.0
2023-02-01 00:00:00-05:00,7.199999809265137,7.199999809265137,6.849999904632568,6.900000095367432,4120,0.0,0.0
2023-02-02 00:00:00-05:00,7.150000095367432,7.5,6.980000019073486,7.324999809265137,4040,0.0,0.0
2023-02-03 00:00:00-05:00,7.349999904632568,7.900000095367432,7.099999904632568,7.150000095367432,15640,0.0,0.0
2023-02-06 00:00:00-05:00,7.599999904632568,7.599999904632568,7.0,7.050000190734863,3820,0.0,0.0
2023-02-07 00:00:00-05:00,7.300000190734863,7.300000190734863,7.0,7.099999904632568,5140,0.0,0.0
2023-02-08 00:00:00-05:00,7.099999904632568,7.400000095367432,7.0,7.400000095367432,2080,0.0,0.0
2023-02-09 00:00:00-05:00,7.550000190734863,7.550000190734863,7.0,7.0,2760,0.0,0.0
2023-02-10 00:00:00-05:00,7.25,7.25,6.400000095367432,6.75,3260,0.0,0.0
2023-02-13 00:00:00-05:00,6.5,6.949999809265137,6.5,6.650000095367432,1860,0.0,0.0
2023-02-14 00:00:00-05:00,6.449999809265137,6.800000190734863,6.400000095367432,6.400000095367432,1420,0.0,0.0
2023-02-15 00:00:00-05:00,6.400000095367432,6.699999809265137,6.300000190734863,6.5,3000,0.0,0.0
2023-02-16 00:00:00-05:00,6.550000190734863,6.650000095367432,6.199999809265137,6.199999809265137,2140,0.0,0.0
2023-02-17 00:00:00-05:00,6.199999809265137,6.199999809265137,5.900000095367432,5.920000076293945,1080,0.0,0.0
2023-02-21 00:00:00-05:00,5.75,6.25,5.75,6.025000095367432,2720,0.0,0.0
2023-02-22 00:00:00-05:00,6.25,6.25,5.784999847412109,5.800000190734863,2780,0.0,0.0
2023-02-23 00:00:00-05:00,5.800000190734863,6.130000114440918,5.800000190734863,5.800000190734863,3940,0.0,0.0
2023-02-24 00:00:00-05:00,5.800000190734863,6.099999904632568,5.699999809265137,5.699999809265137,1800,0.0,0.0
2023-02-27 00:00:00-05:00,5.949999809265137,6.449999809265137,5.949999809265137,6.099999904632568,2480,0.0,0.0
2023-02-28 00:00:00-05:00,6.0,6.099999904632568,5.599999904632568,5.800000190734863,5400,0.0,0.0
2023-03-01 00:00:00-05:00,5.800000190734863,5.800000190734863,5.460000038146973,5.650000095367432,4360,0.0,0.0
2023-03-02 00:00:00-05:00,5.599999904632568,5.800000190734863,5.574999809265137,5.574999809265137,3480,0.0,0.0
2023-03-03 00:00:00-05:00,5.599999904632568,5.800000190734863,5.550000190734863,5.800000190734863,5900,0.0,0.0
2023-03-06 00:00:00-05:00,5.824999809265137,5.855000019073486,5.699999809265137,5.769999980926514,940,0.0,0.0
2023-03-07 00:00:00-05:00,5.849999904632568,5.849999904632568,5.659999847412109,5.699999809265137,620,0.0,0.0
2023-03-08 00:00:00-05:00,5.715000152587891,5.75,5.550000190734863,5.550000190734863,860,0.0,0.0
2023-03-09 00:00:00-05:00,5.934999942779541,5.934999942779541,5.619999885559082,5.619999885559082,1440,0.0,0.0
2023-03-10 00:00:00-05:00,5.619999885559082,5.699999809265137,5.099999904632568,5.349999904632568,1940,0.0,0.0
2023-03-13 00:00:00-04:00,5.300000190734863,5.300000190734863,5.050000190734863,5.300000190734863,2760,0.0,0.0
2023-03-14 00:00:00-04:00,5.099999904632568,5.449999809265137,5.050000190734863,5.300000190734863,2380,0.0,0.0
2023-03-15 00:00:00-04:00,5.25,5.349999904632568,5.179999828338623,5.199999809265137,1260,0.0,0.0
2023-03-16 00:00:00-04:00,5.199999809265137,5.349999904632568,4.800000190734863,5.349999904632568,5380,0.0,0.0
2023-03-17 00:00:00-04:00,5.199999809265137,5.349999904632568,4.900000095367432,5.050000190734863,3600,0.0,0.0
2023-03-20 00:00:00-04:00,4.75,5.050000190734863,4.75,4.885000228881836,2200,0.0,0.0
2023-03-21 00:00:00-04:00,4.949999809265137,5.0,4.760000228881836,4.800000190734863,1500,0.0,0.0
2023-03-22 00:00:00-04:00,4.699999809265137,5.5,4.545000076293945,4.925000190734863,9860,0.0,0.0
2023-03-23 00:00:00-04:00,4.599999904632568,4.875,4.599999904632568,4.875,1660,0.0,0.0
2023-03-24 00:00:00-04:00,4.775000095367432,4.84499979019165,4.554999828338623,4.75,800,0.0,0.0
2023-03-27 00:00:00-04:00,4.5,4.724999904632568,4.485000133514404,4.5,2260,0.0,0.0
2023-03-28 00:00:00-04:00,4.300000190734863,4.5,3.9200000762939453,4.010000228881836,5700,0.0,0.0
2023-03-29 00:00:00-04:00,3.75,4.0,3.5899999141693115,3.9000000953674316,5780,0.0,0.0
2023-03-30 00:00:00-04:00,3.8499999046325684,4.25,3.8499999046325684,4.175000190734863,3520,0.0,0.0
2023-03-31 00:00:00-04:00,4.465000152587891,4.5,4.300000190734863,4.355000019073486,14680,0.0,0.0
2023-04-03 00:00:00-04:00,4.355000019073486,4.355000019073486,4.329999923706055,4.355000019073486,800,0.0,0.0
2023-04-04 00:00:00-04:00,4.454999923706055,4.550000190734863,4.400000095367432,4.550000190734863,6740,0.0,0.0
2023-04-05 00:00:00-04:00,4.400000095367432,5.900000095367432,4.400000095367432,5.099999904632568,40400,0.0,0.0
2023-04-06 00:00:00-04:00,5.489999771118164,5.5,5.300000190734863,5.300000190734863,7880,0.0,0.0
2023-04-10 00:00:00-04:00,5.0,5.0,4.875,4.900000095367432,7040,0.0,0.0
2023-04-11 00:00:00-04:00,5.25,5.5,5.150000095367432,5.5,5080,0.0,0.0
2023-04-12 00:00:00-04:00,5.699999809265137,5.795000076293945,5.25,5.300000190734863,2620,0.0,0.0
2023-04-13 00:00:00-04:00,5.445000171661377,5.599999904632568,5.375,5.550000190734863,540,0.0,0.0
2023-04-14 00:00:00-04:00,5.5,5.724999904632568,5.0,5.099999904632568,4960,0.0,0.0
2023-04-17 00:00:00-04:00,5.199999809265137,5.199999809265137,5.014999866485596,5.150000095367432,3880,0.0,0.0
2023-04-18 00:00:00-04:00,5.0,5.449999809265137,5.0,5.400000095367432,1340,0.0,0.0
2023-04-19 00:00:00-04:00,5.150000095367432,5.525000095367432,5.150000095367432,5.5,860,0.0,0.0
2023-04-20 00:00:00-04:00,5.550000190734863,5.550000190734863,5.0,5.0,2140,0.0,0.0
2023-04-21 00:00:00-04:00,5.0,5.179999828338623,4.949999809265137,4.949999809265137,1900,0.0,0.0
2023-04-24 00:00:00-04:00,4.949999809265137,5.119999885559082,4.699999809265137,4.724999904632568,1160,0.0,0.0
2023-04-25 00:00:00-04:00,4.699999809265137,4.699999809265137,4.514999866485596,4.574999809265137,3660,0.0,0.0
2023-04-26 00:00:00-04:00,4.574999809265137,4.590000152587891,4.5,4.590000152587891,1260,0.0,0.0
2023-04-27 00:00:00-04:00,4.505000114440918,4.65500020980835,4.449999809265137,4.5,1380,0.0,0.0
2023-04-28 00:00:00-04:00,4.650000095367432,5.099999904632568,4.650000095367432,4.894999980926514,4440,0.0,0.0
2023-05-01 00:00:00-04:00,5.46999979019165,5.75,5.199999809265137,5.400000095367432,4600,0.0,0.0
2023-05-02 00:00:00-04:00,5.144999980926514,5.699999809265137,5.144999980926514,5.449999809265137,1600,0.0,0.0
2023-05-03 00:00:00-04:00,5.300000190734863,5.599999904632568,5.300000190734863,5.400000095367432,1200,0.0,0.0
2023-05-04 00:00:00-04:00,5.25,5.449999809265137,5.199999809265137,5.25,1320,0.0,0.0
2023-05-05 00:00:00-04:00,5.25,5.300000190734863,5.25,5.300000190734863,1140,0.0,0.0
2023-05-08 00:00:00-04:00,5.25,5.5,5.25,5.400000095367432,1120,0.0,0.0
2023-05-09 00:00:00-04:00,5.375,6.900000095367432,5.289999961853027,5.829999923706055,18680,0.0,0.0
2023-05-10 00:00:00-04:00,6.275000095367432,6.275000095367432,5.059999942779541,5.099999904632568,6860,0.0,0.0
2023-05-11 00:00:00-04:00,5.150000095367432,5.199999809265137,5.0,5.050000190734863,960,0.0,0.0
2023-05-12 00:00:00-04:00,4.900000095367432,5.0,4.704999923706055,4.829999923706055,1180,0.0,0.0
2023-05-15 00:00:00-04:00,5.050000190734863,5.545000076293945,4.849999904632568,5.545000076293945,1840,0.0,0.0
2023-05-16 00:00:00-04:00,5.550000190734863,5.650000095367432,5.25,5.364999771118164,3400,0.0,0.0
2023-05-17 00:00:00-04:00,5.349999904632568,5.815000057220459,5.150000095367432,5.150000095367432,8340,0.0,0.0
2023-05-18 00:00:00-04:00,5.400000095367432,5.400000095367432,4.900000095367432,4.900000095367432,6380,0.0,0.0
2023-05-19 00:00:00-04:00,4.909999847412109,4.96999979019165,4.824999809265137,4.849999904632568,1340,0.0,0.0
2023-05-22 00:00:00-04:00,5.050000190734863,5.050000190734863,4.300000190734863,4.409999847412109,5440,0.0,0.0
2023-05-23 00:00:00-04:00,4.5,4.574999809265137,4.449999809265137,4.449999809265137,3020,0.0,0.0
2023-05-24 00:00:00-04:00,4.449999809265137,4.449999809265137,4.150000095367432,4.300000190734863,5120,0.0,0.0
2023-05-25 00:00:00-04:00,4.300000190734863,4.300000190734863,4.150000095367432,4.25,5120,0.0,0.0
2023-05-26 00:00:00-04:00,4.150000095367432,4.264999866485596,4.144999980926514,4.264999866485596,1800,0.0,0.0
2023-05-30 00:00:00-04:00,4.400000095367432,4.400000095367432,4.230000019073486,4.28000020980835,1280,0.0,0.0
2023-05-31 00:00:00-04:00,4.28000020980835,4.425000190734863,4.275000095367432,4.40500020980835,1100,0.0,0.0
2023-06-01 00:00:00-04:00,4.15500020980835,4.449999809265137,4.15500020980835,4.385000228881836,1460,0.0,0.0
2023-06-02 00:00:00-04:00,4.199999809265137,4.5,4.175000190734863,4.5,1780,0.0,0.0
2023-06-05 00:00:00-04:00,4.289999961853027,4.5,4.25,4.5,2640,0.0,0.0
2023-06-06 00:00:00-04:00,4.5,4.900000095367432,4.5,4.849999904632568,1080,0.0,0.0
2023-06-07 00:00:00-04:00,4.900000095367432,4.900000095367432,4.5,4.699999809265137,3480,0.0,0.0
2023-06-08 00:00:00-04:00,4.699999809265137,4.699999809265137,4.699999809265137,4.699999809265137,500,0.0,0.0
2023-06-09 00:00:00-04:00,4.650000095367432,4.795000076293945,4.625,4.75,18320,0.0,0.0
2023-06-12 00:00:00-04:00,5.199999809265137,5.25,4.90500020980835,5.099999904632568,2480,0.0,0.0
2023-06-13 00:00:00-04:00,5.15500020980835,5.599999904632568,5.150000095367432,5.550000190734863,7540,0.0,0.0
2023-06-14 00:00:00-04:00,6.0,6.0,5.349999904632568,5.400000095367432,21040,0.0,0.0
2023-06-15 00:00:00-04:00,5.5,5.900000095367432,5.25,5.75,7640,0.0,0.0
2023-06-16 00:00:00-04:00,5.795000076293945,5.900000095367432,5.75,5.75,8900,0.0,0.0
2023-06-20 00:00:00-04:00,5.75,6.900000095367432,5.75,6.199999809265137,7320,0.0,0.0
2023-06-21 00:00:00-04:00,6.199999809265137,6.199999809265137,5.724999904632568,5.75,3940,0.0,0.0
2023-06-22 00:00:00-04:00,5.75,6.300000190734863,5.75,6.099999904632568,12480,0.0,0.0
2023-06-23 00:00:00-04:00,6.0,6.349999904632568,5.75,5.849999904632568,2520,0.0,0.0
2023-06-26 00:00:00-04:00,6.050000190734863,6.150000095367432,5.949999809265137,6.144999980926514,2180,0.0,0.0
2023-06-27 00:00:00-04:00,6.050000190734863,6.050000190734863,5.800000190734863,5.800000190734863,560,0.0,0.0
2023-06-28 00:00:00-04:00,6.050000190734863,6.150000095367432,5.849999904632568,6.099999904632568,2920,0.0,0.0
2023-06-29 00:00:00-04:00,6.300000190734863,7.46999979019165,6.150000095367432,7.21999979019165,39140,0.0,0.0
2023-06-30 00:00:00-04:00,7.5,7.5,6.5,6.550000190734863,16460,0.0,0.0
2023-07-03 00:00:00-04:00,6.900000095367432,6.900000095367432,6.099999904632568,6.150000095367432,1860,0.0,0.0
2023-07-05 00:00:00-04:00,6.349999904632568,6.769999980926514,6.199999809265137,6.300000190734863,4500,0.0,0.0
2023-07-06 00:00:00-04:00,6.449999809265137,6.539999961853027,5.744999885559082,5.75,2360,0.0,0.0
2023-07-07 00:00:00-04:00,5.550000190734863,5.75,4.994999885559082,5.309999942779541,10220,0.0,0.0
2023-07-10 00:00:00-04:00,5.300000190734863,5.914999961853027,4.954999923706055,5.650000095367432,7060,0.0,0.0
2023-07-11 00:00:00-04:00,5.650000095367432,5.800000190734863,5.349999904632568,5.625,7080,0.0,0.0
2023-07-12 00:00:00-04:00,5.5,6.014999866485596,5.349999904632568,5.699999809265137,2240,0.0,0.0
2023-07-13 00:00:00-04:00,5.650000095367432,7.349999904632568,5.650000095367432,6.300000190734863,46940,0.0,0.0
2023-07-14 00:00:00-04:00,7.0,7.199999809265137,6.300000190734863,6.800000190734863,29220,0.0,0.0
2023-07-17 00:00:00-04:00,6.0,6.650000095367432,6.0,6.5,29200,0.0,0.0
2023-07-18 00:00:00-04:00,6.699999809265137,6.704999923706055,6.0,6.199999809265137,11740,0.0,0.0
2023-07-19 00:00:00-04:00,6.25,6.25,5.449999809265137,5.75,15660,0.0,0.0
2023-07-20 00:00:00-04:00,5.900000095367432,5.900000095367432,5.650000095367432,5.650000095367432,2180,0.0,0.0
2023-07-21 00:00:00-04:00,5.599999904632568,5.605000019073486,5.199999809265137,5.400000095367432,9300,0.0,0.0
2023-07-24 00:00:00-04:00,5.34499979019165,5.34499979019165,4.525000095367432,5.0,25640,0.0,0.0
2023-07-25 00:00:00-04:00,5.099999904632568,5.099999904632568,4.949999809265137,4.980000019073486,5660,0.0,0.0
2023-07-26 00:00:00-04:00,4.949999809265137,5.199999809265137,4.949999809265137,5.199999809265137,5780,0.0,0.0
2023-07-27 00:00:00-04:00,5.25,5.400000095367432,5.150000095367432,5.349999904632568,3920,0.0,0.0
2023-07-28 00:00:00-04:00,5.300000190734863,5.699999809265137,5.099999904632568,5.349999904632568,7420,0.0,0.0
2023-07-31 00:00:00-04:00,5.050000190734863,5.599999904632568,5.0,5.150000095367432,16360,0.0,0.0
2023-08-01 00:00:00-04:00,5.300000190734863,5.300000190734863,4.650000095367432,4.775000095367432,6740,0.0,0.0
2023-08-02 00:00:00-04:00,4.974999904632568,5.050000190734863,4.75,4.800000190734863,3840,0.0,0.0
2023-08-03 00:00:00-04:00,4.900000095367432,5.050000190734863,4.739999771118164,4.739999771118164,3680,0.0,0.0
2023-08-04 00:00:00-04:00,5.019999980926514,5.170000076293945,4.739999771118164,4.75,1480,0.0,0.0
2023-08-07 00:00:00-04:00,4.75,4.989999771118164,4.53000020980835,4.53000020980835,2520,0.0,0.0
2023-08-08 00:00:00-04:00,4.53000020980835,4.53000020980835,4.25,4.275000095367432,2820,0.0,0.0
2023-08-09 00:00:00-04:00,4.300000190734863,4.5,4.25,4.300000190734863,3940,0.0,0.0
2023-08-10 00:00:00-04:00,4.25,4.324999809265137,4.199999809265137,4.295000076293945,1620,0.0,0.0
2023-08-11 00:00:00-04:00,4.099999904632568,4.260000228881836,4.099999904632568,4.260000228881836,3140,0.0,0.0
2023-08-14 00:00:00-04:00,4.300000190734863,4.304999828338623,4.050000190734863,4.150000095367432,4720,0.0,0.0
2023-08-15 00:00:00-04:00,4.150000095367432,4.28000020980835,4.150000095367432,4.28000020980835,2120,0.0,0.0
2023-08-16 00:00:00-04:00,4.349999904632568,4.349999904632568,4.150000095367432,4.150000095367432,2680,0.0,0.0
2023-08-17 00:00:00-04:00,4.195000171661377,4.224999904632568,4.099999904632568,4.099999904632568,2880,0.0,0.0
2023-08-18 00:00:00-04:00,4.300000190734863,4.349999904632568,4.150000095367432,4.159999847412109,3440,0.0,0.0
2023-08-21 00:00:00-04:00,4.300000190734863,4.300000190734863,4.125,4.130000114440918,1320,0.0,0.0
2023-08-22 00:00:00-04:00,4.25,4.25,4.054999828338623,4.085000038146973,3400,0.0,0.0
2023-08-23 00:00:00-04:00,4.085000038146973,4.119999885559082,3.700000047683716,4.010000228881836,6660,0.0,0.0
2023-08-24 00:00:00-04:00,4.179999828338623,4.179999828338623,4.050000190734863,4.170000076293945,2860,0.0,0.0
2023-08-25 00:00:00-04:00,4.295000076293945,4.295000076293945,4.179999828338623,4.199999809265137,820,0.0,0.0
2023-08-28 00:00:00-04:00,4.184999942779541,4.340000152587891,3.9549999237060547,4.010000228881836,2860,0.0,0.0
2023-08-29 00:00:00-04:00,4.099999904632568,4.25,4.099999904632568,4.25,2640,0.0,0.0
2023-08-30 00:00:00-04:00,4.25,4.889999866485596,4.25,4.650000095367432,8760,0.0,0.0
2023-08-31 00:00:00-04:00,4.889999866485596,4.889999866485596,4.25,4.550000190734863,4180,0.0,0.0
2023-09-01 00:00:00-04:00,4.574999809265137,4.625,4.449999809265137,4.550000190734863,1300,0.0,0.0
2023-09-05 00:00:00-04:00,4.860000133514404,4.900000095367432,4.699999809265137,4.699999809265137,6880,0.0,0.0
2023-09-06 00:00:00-04:00,4.75,4.75,4.275000095367432,4.449999809265137,3560,0.0,0.0
2023-09-07 00:00:00-04:00,4.349999904632568,4.349999904632568,4.150000095367432,4.150000095367432,2120,0.0,0.0
2023-09-08 00:00:00-04:00,4.110000133514404,4.315000057220459,4.025000095367432,4.039999961853027,1300,0.0,0.0
2023-09-11 00:00:00-04:00,4.195000171661377,4.605000019073486,4.150000095367432,4.150000095367432,2780,0.0,0.0
2023-09-12 00:00:00-04:00,4.150000095367432,4.21999979019165,4.050000190734863,4.150000095367432,3020,0.0,0.0
2023-09-13 00:00:00-04:00,4.445000171661377,4.5,4.050000190734863,4.054999828338623,1700,0.0,0.0
2023-09-14 00:00:00-04:00,4.465000152587891,4.489999771118164,4.050000190734863,4.284999847412109,1380,0.0,0.0
2023-09-15 00:00:00-04:00,4.25,4.650000095367432,3.5999999046325684,4.650000095367432,16680,0.0,0.0
2023-09-18 00:00:00-04:00,4.5,4.5,4.0,4.090000152587891,1400,0.0,0.0
2023-09-19 00:00:00-04:00,4.090000152587891,4.5,3.9000000953674316,3.9000000953674316,1520,0.0,0.0
2023-09-20 00:00:00-04:00,3.9000000953674316,4.0,3.700000047683716,3.700000047683716,2200,0.0,0.0
2023-09-21 00:00:00-04:00,3.6050000190734863,4.170000076293945,3.6050000190734863,3.75,1440,0.0,0.0
2023-09-22 00:00:00-04:00,3.799999952316284,4.025000095367432,3.5999999046325684,3.755000114440918,1220,0.0,0.0
2023-09-25 00:00:00-04:00,3.9000000953674316,3.9000000953674316,3.5999999046325684,3.5999999046325684,1840,0.0,0.0
2023-09-26 00:00:00-04:00,3.7100000381469727,3.9000000953674316,3.7100000381469727,3.9000000953674316,360,0.0,0.0
2023-09-27 00:00:00-04:00,3.9000000953674316,3.9000000953674316,3.5,3.549999952316284,2700,0.0,0.0
2023-09-28 00:00:00-04:00,3.799999952316284,3.799999952316284,3.5999999046325684,3.5999999046325684,520,0.0,0.0
2023-09-29 00:00:00-04:00,3.549999952316284,3.5999999046325684,3.5,3.5999999046325684,1080,0.0,0.0
2023-10-02 00:00:00-04:00,3.7799999713897705,3.7799999713897705,3.5,3.7100000381469727,1160,0.0,0.0
2023-10-03 00:00:00-04:00,3.5999999046325684,3.75,3.5999999046325684,3.6500000953674316,860,0.0,0.0
2023-10-04 00:00:00-04:00,3.5450000762939453,3.6500000953674316,3.4000000953674316,3.6500000953674316,1880,0.0,0.0
2023-10-05 00:00:00-04:00,3.5999999046325684,3.6500000953674316,3.4000000953674316,3.450000047683716,1320,0.0,0.0
2023-10-06 00:00:00-04:00,3.549999952316284,3.5950000286102295,3.450000047683716,3.5950000286102295,760,0.0,0.0
2023-10-09 00:00:00-04:00,3.450000047683716,3.75,3.4049999713897705,3.505000114440918,940,0.0,0.0
2023-10-10 00:00:00-04:00,3.625,3.625,3.309999942779541,3.4000000953674316,3220,0.0,0.0
2023-10-11 00:00:00-04:00,3.4549999237060547,3.4549999237060547,3.315000057220459,3.315000057220459,960,0.0,0.0
2023-10-12 00:00:00-04:00,3.3499999046325684,4.0,3.325000047683716,3.744999885559082,6460,0.0,0.0
2023-10-13 00:00:00-04:00,3.700000047683716,3.7249999046325684,3.3499999046325684,3.7249999046325684,4320,0.0,0.0
2023-10-16 00:00:00-04:00,3.5799999237060547,3.7249999046325684,3.4549999237060547,3.4549999237060547,1080,0.0,0.0
2023-10-17 00:00:00-04:00,3.4549999237060547,3.6600000858306885,3.4549999237060547,3.505000114440918,1700,0.0,0.0
2023-10-18 00:00:00-04:00,3.5999999046325684,3.5999999046325684,3.4100000858306885,3.5,1180,0.0,0.0
2023-10-19 00:00:00-04:00,3.4049999713897705,3.509999990463257,3.3499999046325684,3.430000066757202,1400,0.0,0.0
2023-10-20 00:00:00-04:00,3.5999999046325684,3.5999999046325684,3.2149999141693115,3.299999952316284,3940,0.0,0.0
2023-10-23 00:00:00-04:00,3.25,3.3499999046325684,3.0999999046325684,3.1549999713897705,2420,0.0,0.0
2023-10-24 00:00:00-04:00,3.25,3.4000000953674316,2.5999999046325684,2.8550000190734863,7000,0.0,0.0
2023-10-25 00:00:00-04:00,3.25,3.299999952316284,3.0,3.1500000953674316,1720,0.0,0.0
2023-10-26 00:00:00-04:00,3.0999999046325684,3.3499999046325684,2.859999895095825,2.9149999618530273,4760,0.0,0.0
2023-10-27 00:00:00-04:00,3.059999942779541,3.25,2.9600000381469727,3.2049999237060547,820,0.0,0.0
2023-10-30 00:00:00-04:00,3.0999999046325684,3.200000047683716,3.0999999046325684,3.0999999046325684,740,0.0,0.0
2023-10-31 00:00:00-04:00,3.194999933242798,3.194999933242798,3.0999999046325684,3.1500000953674316,2060,0.0,0.0
2023-11-01 00:00:00-04:00,3.0999999046325684,3.190000057220459,3.0999999046325684,3.109999895095825,1200,0.0,0.0
2023-11-02 00:00:00-04:00,3.049999952316284,3.450000047683716,3.049999952316284,3.2049999237060547,2680,0.0,0.0
2023-11-03 00:00:00-04:00,3.299999952316284,3.3499999046325684,3.0,3.1500000953674316,2580,0.0,0.0
2023-11-06 00:00:00-05:00,3.299999952316284,3.299999952316284,3.0,3.049999952316284,1060,0.0,0.0
2023-11-07 00:00:00-05:00,3.049999952316284,3.200000047683716,3.049999952316284,3.049999952316284,4360,0.0,0.0
2023-11-08 00:00:00-05:00,3.055000066757202,3.109999895095825,2.890000104904175,3.055000066757202,3880,0.0,0.0
2023-11-09 00:00:00-05:00,3.075000047683716,3.25,2.8499999046325684,3.0,3380,0.0,0.0
2023-11-10 00:00:00-05:00,2.8499999046325684,2.9700000286102295,2.75,2.9700000286102295,5180,0.0,0.0
2023-11-13 00:00:00-05:00,2.8499999046325684,2.940000057220459,2.799999952316284,2.940000057220459,1100,0.0,0.0
2023-11-14 00:00:00-05:00,2.8499999046325684,3.055000066757202,2.8499999046325684,2.8499999046325684,2000,0.0,0.0
2023-11-15 00:00:00-05:00,2.9200000762939453,2.950000047683716,2.8499999046325684,2.8499999046325684,1860,0.0,0.0
2023-11-16 00:00:00-05:00,2.75,2.875,2.75,2.825000047683716,1920,0.0,0.0
2023-11-17 00:00:00-05:00,2.950000047683716,2.9749999046325684,2.7750000953674316,2.950000047683716,4120,0.0,0.0
2023-11-20 00:00:00-05:00,2.799999952316284,2.9200000762939453,2.7799999713897705,2.7799999713897705,3320,0.0,0.0
2023-11-21 00:00:00-05:00,2.7799999713897705,2.9000000953674316,2.200000047683716,2.4700000286102295,6000,0.0,0.0
2023-11-22 00:00:00-05:00,2.5250000953674316,2.6500000953674316,2.430000066757202,2.5,1160,0.0,0.0
2023-11-24 00:00:00-05:00,2.5,2.6500000953674316,2.5,2.5,3880,0.0,0.0
2023-11-27 00:00:00-05:00,2.744999885559082,2.744999885559082,2.450000047683716,2.5299999713897705,4100,0.0,0.0
2023-11-28 00:00:00-05:00,2.5299999713897705,2.549999952316284,2.4649999141693115,2.5,5300,0.0,0.0
2023-11-29 00:00:00-05:00,2.3499999046325684,2.505000114440918,2.25,2.3499999046325684,4040,0.0,0.0
2023-11-30 00:00:00-05:00,2.494999885559082,2.494999885559082,2.299999952316284,2.305000066757202,800,0.0,0.0
2023-12-01 00:00:00-05:00,2.390000104904175,2.390000104904175,2.299999952316284,2.3499999046325684,1140,0.0,0.0
2023-12-04 00:00:00-05:00,2.430000066757202,2.440000057220459,1.9700000286102295,2.0,13640,0.0,0.0
2023-12-05 00:00:00-05:00,2.0,2.134999990463257,1.840000033378601,1.850000023841858,5800,0.0,0.0
2023-12-06 00:00:00-05:00,1.8650000095367432,2.0,1.850000023841858,1.899999976158142,3580,0.0,0.0
2023-12-07 00:00:00-05:00,2.0450000762939453,2.200000047683716,1.8250000476837158,2.009999990463257,722520,0.0,0.0
2023-12-08 00:00:00-05:00,3.0999999046325684,3.299999952316284,2.325000047683716,2.5850000381469727,4988240,0.0,0.0
2023-12-11 00:00:00-05:00,2.390000104904175,3.319999933242798,2.390000104904175,3.119999885559082,455500,0.0,0.0
2023-12-12 00:00:00-05:00,2.9000000953674316,3.25,2.819999933242798,3.200000047683716,184720,0.0,0.0
2023-12-13 00:00:00-05:00,3.200000047683716,3.299999952316284,2.755000114440918,2.950000047683716,50300,0.0,0.0
2023-12-14 00:00:00-05:00,3.0999999046325684,3.0999999046325684,2.765000104904175,2.9000000953674316,33980,0.0,0.0
2023-12-15 00:00:00-05:00,2.944999933242798,3.8499999046325684,2.6500000953674316,2.9100000858306885,301040,0.0,0.0
2023-12-18 00:00:00-05:00,2.950000047683716,2.950000047683716,2.7750000953674316,2.8499999046325684,40120,0.0,0.0
2023-12-19 00:00:00-05:00,2.815000057220459,3.0999999046325684,2.7850000858306885,3.0999999046325684,17560,0.0,0.0
2023-12-20 00:00:00-05:00,3.3499999046325684,3.3949999809265137,2.9600000381469727,3.109999895095825,18500,0.0,0.0
2023-12-21 00:00:00-05:00,2.924999952316284,3.1500000953674316,2.7249999046325684,2.890000104904175,27900,0.0,0.0
2023-12-22 00:00:00-05:00,2.765000104904175,3.134999990463257,2.765000104904175,3.134999990463257,22880,0.0,0.0
2023-12-26 00:00:00-05:00,3.4700000286102295,3.4700000286102295,2.9149999618530273,3.0350000858306885,20780,0.0,0.0
2023-12-27 00:00:00-05:00,2.9649999141693115,3.25,2.950000047683716,3.2200000286102295,6440,0.0,0.0
2023-12-28 00:00:00-05:00,3.119999885559082,3.1600000858306885,2.950000047683716,2.950000047683716,9940,0.0,0.0
2023-12-29 00:00:00-05:00,2.930000066757202,3.0999999046325684,2.9000000953674316,2.9000000953674316,9460,0.0,0.0
2024-01-02 00:00:00-05:00,2.934999942779541,3.049999952316284,2.869999885559082,2.880000114440918,5340,0.0,0.0
2024-01-03 00:00:00-05:00,3.0250000953674316,3.0999999046325684,2.815000057220459,3.0299999713897705,8300,0.0,0.0
2024-01-04 00:00:00-05:00,2.9000000953674316,3.0299999713897705,2.8350000381469727,2.9800000190734863,3880,0.0,0.0
2024-01-05 00:00:00-05:00,3.0399999618530273,3.0399999618530273,2.8499999046325684,2.930000066757202,4180,0.0,0.0
2024-01-08 00:00:00-05:00,2.8499999046325684,3.0,2.799999952316284,2.799999952316284,5420,0.0,0.0
2024-01-09 00:00:00-05:00,2.8949999809265137,3.1549999713897705,2.809999942779541,3.0999999046325684,1203820,0.0,0.0
2024-01-10 00:00:00-05:00,3.744999885559082,4.0,3.430000066757202,3.9200000762939453,1699440,0.0,0.0
2024-01-11 00:00:00-05:00,3.424999952316284,4.164999961853027,3.424999952316284,3.799999952316284,189120,0.0,0.0
2024-01-12 00:00:00-05:00,3.5999999046325684,4.300000190734863,3.5999999046325684,4.175000190734863,118960,0.0,0.0
2024-01-16 00:00:00-05:00,3.9000000953674316,4.059999942779541,3.1649999618530273,3.309999942779541,50540,0.0,0.0
2024-01-17 00:00:00-05:00,3.1500000953674316,3.299999952316284,3.0999999046325684,3.2149999141693115,13320,0.0,0.0
2024-01-18 00:00:00-05:00,3.0999999046325684,3.2750000953674316,2.950000047683716,3.0299999713897705,19160,0.0,0.0
2024-01-19 00:00:00-05:00,3.0,3.0999999046325684,2.9000000953674316,3.0,14820,0.0,0.0
2024-01-22 00:00:00-05:00,2.8499999046325684,2.950000047683716,2.799999952316284,2.805000066757202,11820,0.0,0.0
2024-01-23 00:00:00-05:00,2.8399999141693115,2.890000104904175,2.799999952316284,2.799999952316284,4200,0.0,0.0
2024-01-24 00:00:00-05:00,2.799999952316284,2.9000000953674316,2.700000047683716,2.799999952316284,5760,0.0,0.0
2024-01-25 00:00:00-05:00,2.734999895095825,2.7799999713897705,2.5999999046325684,2.6649999618530273,7940,0.0,0.0
2024-01-26 00:00:00-05:00,2.6500000953674316,2.744999885559082,2.625,2.630000114440918,10420,0.0,0.0
2024-01-29 00:00:00-05:00,2.5999999046325684,2.744999885559082,2.5999999046325684,2.740000009536743,2200,0.0,0.0
2024-01-30 00:00:00-05:00,2.8499999046325684,2.8499999046325684,2.690000057220459,2.7049999237060547,6520,0.0,0.0
2024-01-31 00:00:00-05:00,2.8399999141693115,2.8399999141693115,2.6549999713897705,2.700000047683716,2060,0.0,0.0
2024-02-01 00:00:00-05:00,2.6700000762939453,2.7200000286102295,2.6500000953674316,2.700000047683716,4660,0.0,0.0
2024-02-02 00:00:00-05:00,2.7249999046325684,2.8399999141693115,2.700000047683716,2.7200000286102295,3700,0.0,0.0
2024-02-05 00:00:00-05:00,2.75,2.799999952316284,2.700000047683716,2.799999952316284,808100,0.0,0.0
2024-02-06 00:00:00-05:00,3.25,3.6500000953674316,3.065000057220459,3.569999933242798,1296680,0.0,0.0
2024-02-07 00:00:00-05:00,3.174999952316284,3.924999952316284,3.049999952316284,3.390000104904175,132440,0.0,0.0
2024-02-08 00:00:00-05:00,2.950000047683716,3.0199999809265137,2.75,2.950000047683716,51620,0.0,0.0
2024-02-09 00:00:00-05:00,2.859999895095825,2.994999885559082,2.8499999046325684,2.950000047683716,8480,0.0,0.0
2024-02-12 00:00:00-05:00,2.9749999046325684,3.109999895095825,2.950000047683716,2.984999895095825,17720,0.0,0.0
2024-02-13 00:00:00-05:00,2.950000047683716,2.984999895095825,2.8499999046325684,2.9600000381469727,8140,0.0,0.0
2024-02-14 00:00:00-05:00,2.950000047683716,3.075000047683716,2.9149999618530273,3.069999933242798,6880,0.0,0.0
2024-02-15 00:00:00-05:00,2.950000047683716,3.069999933242798,2.950000047683716,3.049999952316284,5000,0.0,0.0
2024-02-16 00:00:00-05:00,2.9800000190734863,3.0850000381469727,2.950000047683716,2.990000009536743,5860,0.0,0.0
2024-02-20 00:00:00-05:00,3.0,3.049999952316284,2.950000047683716,2.950000047683716,3160,0.0,0.0
2024-02-21 00:00:00-05:00,3.0999999046325684,3.0999999046325684,2.9049999713897705,2.944999933242798,4320,0.0,0.0
2024-02-22 00:00:00-05:00,3.0,3.049999952316284,2.934999942779541,2.9649999141693115,5860,0.0,0.0
2024-02-23 00:00:00-05:00,2.9649999141693115,3.5999999046325684,2.950000047683716,3.049999952316284,25840,0.0,0.0
2024-02-26 00:00:00-05:00,3.0,3.4000000953674316,3.0,3.25,11320,0.0,0.0
2024-02-27 00:00:00-05:00,3.390000104904175,3.390000104904175,3.0799999237060547,3.0999999046325684,8820,0.0,0.0
2024-02-28 00:00:00-05:00,3.200000047683716,3.450000047683716,3.200000047683716,3.325000047683716,19140,0.0,0.0
2024-02-29 00:00:00-05:00,3.299999952316284,3.6549999713897705,3.299999952316284,3.549999952316284,12060,0.0,0.0
2024-03-01 00:00:00-05:00,3.5999999046325684,3.7249999046325684,3.3350000381469727,3.7200000286102295,17460,0.0,0.0
2024-03-04 00:00:00-05:00,3.799999952316284,3.799999952316284,3.5,3.700000047683716,8660,0.0,0.0
2024-03-05 00:00:00-05:00,3.9649999141693115,3.9649999141693115,3.5,3.509999990463257,4420,0.0,0.0
2024-03-06 00:00:00-05:00,3.5,3.7200000286102295,3.299999952316284,3.305000066757202,9440,0.0,0.0
2024-03-07 00:00:00-05:00,3.265000104904175,3.565000057220459,3.25,3.25,10200,0.0,0.0
2024-03-08 00:00:00-05:00,3.200000047683716,3.4800000190734863,3.200000047683716,3.299999952316284,8920,0.0,0.0
2024-03-11 00:00:00-04:00,3.25,3.490000009536743,3.25,3.384999990463257,4060,0.0,0.0
2024-03-12 00:00:00-04:00,3.430000066757202,3.430000066757202,3.299999952316284,3.4000000953674316,6440,0.0,0.0
2024-03-13 00:00:00-04:00,3.3499999046325684,3.4649999141693115,2.6050000190734863,3.244999885559082,11980,0.0,0.0
2024-03-14 00:00:00-04:00,3.174999952316284,3.240000009536743,2.9000000953674316,3.055000066757202,3280,0.0,0.0
2024-03-15 00:00:00-04:00,3.0999999046325684,3.2899999618530273,3.049999952316284,3.2850000858306885,6060,0.0,0.0
2024-03-18 00:00:00-04:00,3.1549999713897705,3.4000000953674316,3.0999999046325684,3.200000047683716,4960,0.0,0.0
2024-03-19 00:00:00-04:00,3.200000047683716,3.2950000762939453,3.005000114440918,3.069999933242798,4880,0.0,0.0
2024-03-20 00:00:00-04:00,3.069999933242798,3.25,3.005000114440918,3.130000114440918,4360,0.0,0.0
2024-03-21 00:00:00-04:00,3.25,3.25,3.065000057220459,3.115000009536743,1440,0.0,0.0
2024-03-22 00:00:00-04:00,3.049999952316284,3.1449999809265137,2.924999952316284,3.1449999809265137,2640,0.0,0.0
2024-03-25 00:00:00-04:00,3.1500000953674316,3.25,3.0,3.1449999809265137,2000,0.0,0.0
2024-03-26 00:00:00-04:00,3.2249999046325684,3.234999895095825,2.924999952316284,3.119999885559082,4280,0.0,0.0
2024-03-27 00:00:00-04:00,3.1649999618530273,3.1649999618530273,2.924999952316284,3.0899999141693115,4380,0.0,0.0
2024-03-28 00:00:00-04:00,3.0999999046325684,3.140000104904175,2.7750000953674316,3.009999990463257,6840,0.0,0.0
2024-04-01 00:00:00-04:00,3.049999952316284,3.0999999046325684,2.9000000953674316,3.0999999046325684,3660,0.0,0.0
2024-04-02 00:00:00-04:00,3.049999952316284,3.0850000381469727,2.9000000953674316,3.065000057220459,2960,0.0,0.0
2024-04-03 00:00:00-04:00,2.9800000190734863,3.065000057220459,2.75,2.799999952316284,6280,0.0,0.0
2024-04-04 00:00:00-04:00,2.700000047683716,2.799999952316284,2.5,2.799999952316284,11240,0.0,0.0
2024-04-05 00:00:00-04:00,2.799999952316284,2.799999952316284,2.6500000953674316,2.799999952316284,2980,0.0,0.0
2024-04-08 00:00:00-04:00,2.7100000381469727,2.9649999141693115,2.700000047683716,2.9200000762939453,6620,0.0,0.0
2024-04-09 00:00:00-04:00,2.825000047683716,3.0299999713897705,2.799999952316284,3.0,2580,0.0,0.0
2024-04-10 00:00:00-04:00,3.049999952316284,3.049999952316284,2.9000000953674316,3.0299999713897705,1160,0.0,0.0
2024-04-11 00:00:00-04:00,2.9549999237060547,3.0199999809265137,2.9000000953674316,2.940000057220459,1500,0.0,0.0
2024-04-12 00:00:00-04:00,2.940000057220459,3.009999990463257,2.880000114440918,2.9000000953674316,2600,0.0,0.0
2024-04-15 00:00:00-04:00,2.984999895095825,3.0450000762939453,2.950000047683716,3.0399999618530273,2520,0.0,0.0
2024-04-16 00:00:00-04:00,2.9749999046325684,3.640000104904175,2.9000000953674316,3.174999952316284,95400,0.0,0.0
2024-04-17 00:00:00-04:00,3.0799999237060547,3.1500000953674316,2.9000000953674316,2.990000009536743,6220,0.0,0.0
2024-04-18 00:00:00-04:00,3.0,3.049999952316284,2.8499999046325684,2.8949999809265137,4780,0.0,0.0
2024-04-19 00:00:00-04:00,2.8499999046325684,2.9800000190734863,2.805000066757202,2.805000066757202,4340,0.0,0.0
2024-04-22 00:00:00-04:00,2.799999952316284,2.859999895095825,2.674999952316284,2.700000047683716,4020,0.0,0.0
2024-04-23 00:00:00-04:00,2.625,2.75,2.625,2.700000047683716,1400,0.0,0.0
2024-04-24 00:00:00-04:00,2.5950000286102295,2.740000009536743,2.5350000858306885,2.575000047683716,3720,0.0,0.0
2024-04-25 00:00:00-04:00,2.609999895095825,2.609999895095825,2.5250000953674316,2.5450000762939453,3740,0.0,0.0
2024-04-26 00:00:00-04:00,2.5,2.6449999809265137,2.5,2.5,5680,0.0,0.0
2024-04-29 00:00:00-04:00,2.5199999809265137,2.5999999046325684,2.5199999809265137,2.575000047683716,1740,0.0,0.0
2024-04-30 00:00:00-04:00,2.5999999046325684,2.640000104904175,2.5,2.5799999237060547,1440,0.0,0.0
2024-05-01 00:00:00-04:00,2.5799999237060547,2.674999952316284,2.549999952316284,2.549999952316284,900,0.0,0.0
2024-05-02 00:00:00-04:00,2.575000047683716,2.575000047683716,2.490000009536743,2.505000114440918,5140,0.0,0.0
2024-05-03 00:00:00-04:00,2.450000047683716,2.549999952316284,2.450000047683716,2.505000114440918,1340,0.0,0.0
2024-05-06 00:00:00-04:00,2.5,2.5999999046325684,2.450000047683716,2.484999895095825,1800,0.0,0.0
2024-05-07 00:00:00-04:00,2.549999952316284,2.575000047683716,2.484999895095825,2.5,4500,0.0,0.0
2024-05-08 00:00:00-04:00,2.625,2.625,2.4049999713897705,2.4049999713897705,4140,0.0,0.0
2024-05-09 00:00:00-04:00,2.4000000953674316,2.4049999713897705,2.305000066757202,2.319999933242798,3200,0.0,0.0
2024-05-10 00:00:00-04:00,2.3499999046325684,2.3949999809265137,2.255000114440918,2.2799999713897705,2260,0.0,0.0
2024-05-13 00:00:00-04:00,2.255000114440918,2.4149999618530273,2.255000114440918,2.4149999618530273,460,0.0,0.0
2024-05-14 00:00:00-04:00,2.450000047683716,2.5,2.4000000953674316,2.450000047683716,2120,0.0,0.0
2024-05-15 00:00:00-04:00,2.640000104904175,2.640000104904175,2.450000047683716,2.5,980,0.0,0.0
2024-05-16 00:00:00-04:00,2.5,2.640000104904175,2.5,2.5950000286102295,2200,0.0,0.0
2024-05-17 00:00:00-04:00,2.5299999713897705,2.5399999618530273,2.3499999046325684,2.4800000190734863,6940,0.0,0.0
2024-05-20 00:00:00-04:00,2.4049999713897705,2.450000047683716,2.2899999618530273,2.375,5360,0.0,0.0
2024-05-21 00:00:00-04:00,2.3499999046325684,2.375,2.255000114440918,2.369999885559082,8360,0.0,0.0
2024-05-22 00:00:00-04:00,2.25,2.3949999809265137,2.25,2.325000047683716,4100,0.0,0.0
2024-05-23 00:00:00-04:00,2.3949999809265137,2.3949999809265137,2.1649999618530273,2.240000009536743,4320,0.0,0.0
2024-05-24 00:00:00-04:00,2.0999999046325684,2.0999999046325684,1.5,1.649999976158142,31880,0.0,0.0
2024-05-28 00:00:00-04:00,2.315000057220459,3.184999942779541,1.784999966621399,1.7999999523162842,1131280,0.0,0.0
2024-05-29 00:00:00-04:00,1.5750000476837158,2.194999933242798,1.5750000476837158,2.0,139300,0.0,0.0
2024-05-30 00:00:00-04:00,1.899999976158142,1.909999966621399,1.7000000476837158,1.7549999952316284,26480,0.0,0.0
2024-05-31 00:00:00-04:00,1.850000023841858,2.3499999046325684,1.7549999952316284,2.2200000286102295,68240,0.0,0.0
2024-06-03 00:00:00-04:00,2.259999990463257,4.275000095367432,2.0999999046325684,2.7049999237060547,1753600,0.0,0.0
2024-06-04 00:00:00-04:00,2.515000104904175,2.930000066757202,2.5,2.7750000953674316,127840,0.0,0.0
2024-06-05 00:00:00-04:00,2.5950000286102295,2.700000047683716,2.2950000762939453,2.5,107880,0.0,0.0
2024-06-06 00:00:00-04:00,2.490000009536743,2.5399999618530273,2.3550000190734863,2.369999885559082,13320,0.0,0.0
2024-06-07 00:00:00-04:00,2.0999999046325684,2.200000047683716,1.8600000143051147,1.9800000190734863,39820,0.0,0.0
2024-06-10 00:00:00-04:00,2.009999990463257,2.0350000858306885,1.7000000476837158,1.7050000429153442,42560,0.0,0.0
2024-06-11 00:00:00-04:00,1.7000000476837158,1.7999999523162842,1.6950000524520874,1.7400000095367432,24660,0.0,0.0
2024-06-12 00:00:00-04:00,1.784999966621399,1.850000023841858,1.784999966621399,1.850000023841858,9500,0.0,0.0
2024-06-13 00:00:00-04:00,1.7999999523162842,1.7999999523162842,1.6749999523162842,1.6749999523162842,13180,0.0,0.0
2024-06-14 00:00:00-04:00,1.659999966621399,1.75,1.600000023841858,1.649999976158142,23680,0.0,0.0
2024-06-17 00:00:00-04:00,1.7450000047683716,1.75,1.5,1.5750000476837158,41020,0.0,0.0
2024-06-18 00:00:00-04:00,1.6150000095367432,1.7000000476837158,1.5549999475479126,1.649999976158142,10160,0.0,0.0
2024-06-20 00:00:00-04:00,1.7350000143051147,1.75,1.600000023841858,1.6299999952316284,13700,0.0,0.0
2024-06-21 00:00:00-04:00,1.6200000047683716,1.7000000476837158,1.6200000047683716,1.7000000476837158,4460,0.0,0.0
2024-06-24 00:00:00-04:00,1.6799999475479126,1.725000023841858,1.6050000190734863,1.6449999809265137,5160,0.0,0.0
2024-06-25 00:00:00-04:00,1.6399999856948853,1.7000000476837158,1.5499999523162842,1.5750000476837158,4740,0.0,0.0
2024-06-26 00:00:00-04:00,1.600000023841858,1.649999976158142,1.5499999523162842,1.5700000524520874,3880,0.0,0.0
2024-06-27 00:00:00-04:00,1.600000023841858,1.600000023841858,1.5,1.5099999904632568,5580,0.0,0.0
2024-06-28 00:00:00-04:00,1.5499999523162842,1.600000023841858,1.5499999523162842,1.600000023841858,4720,0.0,0.0
2024-07-01 00:00:00-04:00,1.684999942779541,1.7000000476837158,1.5549999475479126,1.5750000476837158,4540,0.0,0.0
2024-07-02 00:00:00-04:00,1.6299999952316284,1.649999976158142,1.5499999523162842,1.5499999523162842,2000,0.0,0.0
2024-07-03 00:00:00-04:00,1.5750000476837158,1.6200000047683716,1.5750000476837158,1.5750000476837158,300,0.0,0.0
2024-07-05 00:00:00-04:00,1.7000000476837158,1.7000000476837158,1.5,1.5049999952316284,7680,0.0,0.0
2024-07-08 00:00:00-04:00,1.5750000476837158,1.5750000476837158,1.5149999856948853,1.5149999856948853,4160,0.0,0.0
2024-07-09 00:00:00-04:00,1.5099999904632568,1.5299999713897705,1.5,1.5,4260,0.0,0.0
2024-07-10 00:00:00-04:00,1.5,1.600000023841858,1.5,1.5299999713897705,6420,0.0,0.0
2024-07-11 00:00:00-04:00,1.5199999809265137,1.649999976158142,1.5049999952316284,1.6399999856948853,12000,0.0,0.0
2024-07-12 00:00:00-04:00,1.6449999809265137,1.7000000476837158,1.600000023841858,1.649999976158142,4540,0.0,0.0
2024-07-15 00:00:00-04:00,1.7999999523162842,1.7999999523162842,1.600000023841858,1.6299999952316284,12740,0.0,0.0
2024-07-16 00:00:00-04:00,1.6150000095367432,1.6299999952316284,1.6050000190734863,1.6150000095367432,1740,0.0,0.0
2024-07-17 00:00:00-04:00,1.6349999904632568,1.7000000476837158,1.4550000429153442,1.5449999570846558,7860,0.0,0.0
2024-07-18 00:00:00-04:00,1.5499999523162842,1.5499999523162842,1.5,1.5199999809265137,5880,0.0,0.0
2024-07-19 00:00:00-04:00,1.5199999809265137,2.9049999713897705,1.475000023841858,2.674999952316284,2804740,0.0,0.0
2024-07-22 00:00:00-04:00,2.4100000858306885,2.6700000762939453,1.9500000476837158,2.5,481180,0.0,0.0
2024-07-23 00:00:00-04:00,2.015000104904175,2.444999933242798,1.684999942779541,2.0950000286102295,244040,0.0,0.0
2024-07-24 00:00:00-04:00,2.0,2.0999999046325684,1.9049999713897705,1.9950000047683716,42920,0.0,0.0
2024-07-25 00:00:00-04:00,2.125,4.75,1.9500000476837158,2.5,5231460,0.0,0.0
2024-07-26 00:00:00-04:00,2.1649999618530273,2.890000104904175,2.1649999618530273,2.4000000953674316,211220,0.0,0.0
2024-07-29 00:00:00-04:00,2.4100000858306885,2.549999952316284,2.049999952316284,2.184999942779541,68340,0.0,0.0
2024-07-30 00:00:00-04:00,2.119999885559082,2.4000000953674316,2.049999952316284,2.299999952316284,35620,0.0,0.0
2024-07-31 00:00:00-04:00,2.2950000762939453,2.299999952316284,2.1050000190734863,2.190000057220459,9420,0.0,0.0
2024-08-01 00:00:00-04:00,2.190000057220459,2.700000047683716,2.1500000953674316,2.4749999046325684,1008960,0.0,0.0
2024-08-02 00:00:00-04:00,4.005000114440918,4.675000190734863,3.0850000381469727,3.309999942779541,13471620,0.0,0.0
2024-08-05 00:00:00-04:00,2.549999952316284,2.825000047683716,2.2149999141693115,2.549999952316284,407140,0.0,0.0
2024-08-06 00:00:00-04:00,2.4749999046325684,3.2100000381469727,2.440000057220459,3.184999942779541,340700,0.0,0.0
2024-08-07 00:00:00-04:00,2.859999895095825,2.9149999618530273,2.450000047683716,2.555000066757202,59840,0.0,0.0
2024-08-08 00:00:00-04:00,2.549999952316284,2.9000000953674316,2.5,2.7200000286102295,44820,0.0,0.0
2024-08-09 00:00:00-04:00,2.75,2.875,2.549999952316284,2.6500000953674316,24480,0.0,0.0
2024-08-12 00:00:00-04:00,2.674999952316284,2.859999895095825,2.4149999618530273,2.5,32920,0.0,0.0
2024-08-13 00:00:00-04:00,2.494999885559082,2.549999952316284,2.4000000953674316,2.4600000381469727,38680,0.0,0.0
2024-08-14 00:00:00-04:00,2.390000104904175,2.450000047683716,1.7999999523162842,1.8300000429153442,90540,0.0,0.0
2024-08-15 00:00:00-04:00,1.850000023841858,2.0,1.7999999523162842,1.809999942779541,29580,0.0,0.0
2024-08-16 00:00:00-04:00,1.8250000476837158,1.850000023841858,1.7549999952316284,1.7999999523162842,32240,0.0,0.0
2024-08-19 00:00:00-04:00,1.8600000143051147,2.049999952316284,1.840000033378601,1.975000023841858,34280,0.0,0.0
2024-08-20 00:00:00-04:00,1.9299999475479126,1.9500000476837158,1.850000023841858,1.8700000047683716,22440,0.0,0.0
2024-08-21 00:00:00-04:00,1.875,1.9950000047683716,1.875,1.9249999523162842,6600,0.0,0.0
2024-08-22 00:00:00-04:00,1.8849999904632568,2.049999952316284,1.8849999904632568,1.9600000381469727,17200,0.0,0.0
2024-08-23 00:00:00-04:00,2.0250000953674316,2.0999999046325684,2.0250000953674316,2.0999999046325684,21400,0.0,0.0
2024-08-26 00:00:00-04:00,2.055000066757202,2.25,1.875,1.899999976158142,85800,0.0,0.0
2024-08-27 00:00:00-04:00,1.899999976158142,2.0,1.5499999523162842,1.5750000476837158,124580,0.0,0.0
2024-08-28 00:00:00-04:00,1.6200000047683716,2.619999885559082,1.5199999809265137,2.2100000381469727,7807000,0.0,0.2
2024-08-29 00:00:00-04:00,1.9800000190734863,2.130000114440918,1.7200000286102295,1.8700000047683716,462500,0.0,0.0
2024-08-30 00:00:00-04:00,1.809999942779541,2.1500000953674316,1.649999976158142,1.9700000286102295,385800,0.0,0.0
2024-09-03 00:00:00-04:00,1.8799999952316284,2.0999999046325684,1.8600000143051147,1.9420000314712524,118000,0.0,0.0
2024-09-04 00:00:00-04:00,1.8899999856948853,1.9199999570846558,1.7309999465942383,1.7699999809265137,59000,0.0,0.0
2024-09-05 00:00:00-04:00,1.7200000286102295,2.0899999141693115,1.7200000286102295,1.8700000047683716,247200,0.0,0.0
2024-09-06 00:00:00-04:00,1.850000023841858,2.0199999809265137,1.7300000190734863,1.7400000095367432,115100,0.0,0.0
2024-09-09 00:00:00-04:00,1.7300000190734863,1.7730000019073486,1.6510000228881836,1.7300000190734863,33900,0.0,0.0
2024-09-10 00:00:00-04:00,1.7300000190734863,1.9299999475479126,1.7200000286102295,1.7799999713897705,52100,0.0,0.0
2024-09-11 00:00:00-04:00,1.75,1.75,1.5199999809265137,1.5499999523162842,67200,0.0,0.0
2024-09-12 00:00:00-04:00,1.5299999713897705,1.6699999570846558,1.5199999809265137,1.5299999713897705,108400,0.0,0.0
2024-09-13 00:00:00-04:00,1.5,1.6299999952316284,1.440000057220459,1.600000023841858,3858300,0.0,0.0
2024-09-16 00:00:00-04:00,2.2799999713897705,2.6700000762939453,1.909999966621399,2.259999990463257,19071500,0.0,0.0
2024-09-17 00:00:00-04:00,2.190000057220459,2.380000114440918,2.071000099182129,2.2100000381469727,1016500,0.0,0.0
2024-09-18 00:00:00-04:00,2.109999895095825,2.6500000953674316,2.0999999046325684,2.2899999618530273,9088900,0.0,0.0
2024-09-19 00:00:00-04:00,5.639999866485596,6.0,3.4600000381469727,3.930000066757202,17935700,0.0,0.0
2024-09-20 00:00:00-04:00,3.380000114440918,4.730000019073486,3.3399999141693115,4.230000019073486,1178800,0.0,0.0
2024-09-23 00:00:00-04:00,3.7100000381469727,4.519999980926514,3.7100000381469727,4.03000020980835,318300,0.0,0.0
2024-09-24 00:00:00-04:00,3.759999990463257,4.03000020980835,3.569999933242798,3.700000047683716,186900,0.0,0.0
2024-09-25 00:00:00-04:00,3.6600000858306885,3.819999933242798,3.549999952316284,3.6600000858306885,63000,0.0,0.0
2024-09-26 00:00:00-04:00,3.5899999141693115,4.010000228881836,3.5799999237060547,3.809999942779541,132300,0.0,0.0
2024-09-27 00:00:00-04:00,3.7300000190734863,3.8499999046325684,3.5799999237060547,3.640000104904175,47700,0.0,0.0
2024-09-30 00:00:00-04:00,3.640000104904175,3.740000009536743,3.450000047683716,3.4700000286102295,122000,0.0,0.0
2024-10-01 00:00:00-04:00,3.630000114440918,3.630000114440918,3.0399999618530273,3.0899999141693115,46500,0.0,0.0
2024-10-02 00:00:00-04:00,3.0799999237060547,3.0999999046325684,2.753000020980835,2.7799999713897705,37200,0.0,0.0
2024-10-03 00:00:00-04:00,2.6700000762939453,2.9200000762939453,2.6700000762939453,2.7699999809265137,70000,0.0,0.0
2024-10-04 00:00:00-04:00,2.700000047683716,2.819999933242798,2.700000047683716,2.700000047683716,13400,0.0,0.0
2024-10-07 00:00:00-04:00,2.6700000762939453,3.190000057220459,2.6500000953674316,2.819999933242798,76900,0.0,0.0
2024-10-08 00:00:00-04:00,2.809999942779541,2.930999994277954,2.5999999046325684,2.5999999046325684,23000,0.0,0.0
2024-10-09 00:00:00-04:00,2.5199999809265137,2.5199999809265137,2.3980000019073486,2.4100000858306885,51000,0.0,0.0
2024-10-10 00:00:00-04:00,2.4100000858306885,2.6480000019073486,2.3399999141693115,2.569999933242798,151800,0.0,0.0
2024-10-11 00:00:00-04:00,2.5399999618530273,2.690000057220459,2.5299999713897705,2.680000066757202,55000,0.0,0.0
2024-10-14 00:00:00-04:00,2.640000104904175,2.7200000286102295,2.5399999618530273,2.5799999237060547,15600,0.0,0.0
2024-10-15 00:00:00-04:00,2.5799999237060547,3.869999885559082,2.1500000953674316,2.25,2556600,0.0,0.0
2024-10-16 00:00:00-04:00,2.240000009536743,3.0199999809265137,2.1700000762939453,2.9100000858306885,320700,0.0,0.0
2024-10-17 00:00:00-04:00,2.950000047683716,2.9800000190734863,2.75,2.9100000858306885,44600,0.0,0.0
2024-10-18 00:00:00-04:00,2.9000000953674316,2.9000000953674316,2.5899999141693115,2.680000066757202,24400,0.0,0.0
2024-10-21 00:00:00-04:00,2.680000066757202,2.7300000190734863,2.559000015258789,2.619999885559082,18500,0.0,0.0
2024-10-22 00:00:00-04:00,2.569999933242798,2.6500000953674316,2.569999933242798,2.569999933242798,12700,0.0,0.0
2024-10-23 00:00:00-04:00,2.5799999237060547,2.5799999237060547,2.359999895095825,2.430000066757202,15500,0.0,0.0
2024-10-24 00:00:00-04:00,2.430000066757202,2.4600000381469727,2.3299999237060547,2.3299999237060547,7000,0.0,0.0
2024-10-25 00:00:00-04:00,2.380000114440918,2.450000047683716,2.3399999141693115,2.369999885559082,8600,0.0,0.0
2024-10-28 00:00:00-04:00,2.390000104904175,2.4800000190734863,2.390000104904175,2.4100000858306885,9700,0.0,0.0
2024-10-29 00:00:00-04:00,2.440000057220459,2.5999999046325684,2.437000036239624,2.5799999237060547,8000,0.0,0.0
2024-10-30 00:00:00-04:00,2.5399999618530273,2.690000057220459,2.4700000286102295,2.619999885559082,82000,0.0,0.0
2024-10-31 00:00:00-04:00,2.5999999046325684,3.359999895095825,2.559999942779541,3.0299999713897705,156100,0.0,0.0
2024-11-01 00:00:00-04:00,3.0899999141693115,3.25,2.7899999618530273,3.1600000858306885,66100,0.0,0.0
2024-11-04 00:00:00-05:00,3.1700000762939453,3.265000104904175,2.9100000858306885,2.9600000381469727,19900,0.0,0.0
2024-11-05 00:00:00-05:00,2.9700000286102295,3.114000082015991,2.752000093460083,2.890000104904175,39200,0.0,0.0
2024-11-06 00:00:00-05:00,3.0199999809265137,3.0999999046325684,2.440000057220459,2.5799999237060547,28900,0.0,0.0
2024-11-07 00:00:00-05:00,2.569999933242798,2.684999942779541,2.569999933242798,2.5799999237060547,5100,0.0,0.0
2024-11-08 00:00:00-05:00,2.609999895095825,2.950000047683716,2.569999933242798,2.75,139400,0.0,0.0
2024-11-11 00:00:00-05:00,2.809999942779541,3.430000066757202,2.809999942779541,3.0,94700,0.0,0.0
2024-11-12 00:00:00-05:00,2.9700000286102295,3.380000114440918,2.940000057220459,3.2200000286102295,107600,0.0,0.0
2024-11-13 00:00:00-05:00,3.5,3.5399999618530273,2.619999885559082,2.7300000190734863,117100,0.0,0.0
2024-11-14 00:00:00-05:00,2.7100000381469727,3.309999942779541,2.7100000381469727,3.180000066757202,53200,0.0,0.0
2024-11-15 00:00:00-05:00,2.990000009536743,3.1105000972747803,2.7500998973846436,2.9000000953674316,20314,0.0,0.0
