Date,Open,High,Low,Close,Volume,Dividends,Stock Splits
2024-01-24 00:00:00-05:00,5.550000190734863,6.099999904632568,3.2799999713897705,3.440000057220459,3718500,0.0,0.0
2024-01-25 00:00:00-05:00,3.7200000286102295,3.9070000648498535,3.0899999141693115,3.2100000381469727,2431500,0.0,0.0
2024-01-26 00:00:00-05:00,3.3399999141693115,3.740000009536743,3.3299999237060547,3.4600000381469727,2312700,0.0,0.0
2024-01-29 00:00:00-05:00,3.5399999618530273,3.5799999237060547,3.2799999713897705,3.450000047683716,2739200,0.0,0.0
2024-01-30 00:00:00-05:00,3.4100000858306885,3.440000057220459,3.059999942779541,3.1500000953674316,2549800,0.0,0.0
2024-01-31 00:00:00-05:00,3.25,3.25,2.880000114440918,2.940000057220459,2547900,0.0,0.0
2024-02-01 00:00:00-05:00,3.0,3.049999952316284,2.609999895095825,2.6700000762939453,2118300,0.0,0.0
2024-02-02 00:00:00-05:00,2.700000047683716,2.9800000190734863,2.634999990463257,2.9800000190734863,2043800,0.0,0.0
2024-02-05 00:00:00-05:00,3.0999999046325684,3.450000047683716,3.0299999713897705,3.140000104904175,2675300,0.0,0.0
2024-02-06 00:00:00-05:00,3.140000104904175,3.4100000858306885,3.0850000381469727,3.2699999809265137,2322100,0.0,0.0
2024-02-07 00:00:00-05:00,3.359999895095825,3.4800000190734863,3.299999952316284,3.430000066757202,1778800,0.0,0.0
2024-02-08 00:00:00-05:00,3.549999952316284,3.7690000534057617,3.430000066757202,3.5999999046325684,3729100,0.0,0.0
2024-02-09 00:00:00-05:00,3.9000000953674316,3.9600000381469727,3.609999895095825,3.75,3697300,0.0,0.0
2024-02-12 00:00:00-05:00,3.799999952316284,4.110000133514404,3.7899999618530273,4.039999961853027,5241600,0.0,0.0
2024-02-13 00:00:00-05:00,3.8399999141693115,3.880000114440918,3.5799999237060547,3.6700000762939453,2513700,0.0,0.0
2024-02-14 00:00:00-05:00,3.930000066757202,3.9600000381469727,3.6500000953674316,3.799999952316284,3525200,0.0,0.0
2024-02-15 00:00:00-05:00,3.859999895095825,4.079999923706055,3.4100000858306885,3.619999885559082,3455200,0.0,0.0
2024-02-16 00:00:00-05:00,3.6500000953674316,3.8399999141693115,3.4700000286102295,3.7300000190734863,2037800,0.0,0.0
2024-02-20 00:00:00-05:00,3.8399999141693115,3.8399999141693115,3.440000057220459,3.5450000762939453,1618300,0.0,0.0
2024-02-21 00:00:00-05:00,3.4700000286102295,3.5,3.134999990463257,3.240000009536743,1402300,0.0,0.0
2024-02-22 00:00:00-05:00,3.3499999046325684,3.390000104904175,3.119999885559082,3.234999895095825,1153100,0.0,0.0
2024-02-23 00:00:00-05:00,3.190000057220459,3.3399999141693115,3.0999999046325684,3.140000104904175,1326400,0.0,0.0
2024-02-26 00:00:00-05:00,3.2699999809265137,3.4200000762939453,3.109999895095825,3.3399999141693115,5718700,0.0,0.0
2024-02-27 00:00:00-05:00,3.7300000190734863,3.740000009536743,3.4600000381469727,3.690000057220459,5364700,0.0,0.0
2024-02-28 00:00:00-05:00,3.990000009536743,4.239999771118164,3.75,3.8299999237060547,8736200,0.0,0.0
2024-02-29 00:00:00-05:00,3.9700000286102295,4.090000152587891,3.4700000286102295,3.759999990463257,4291200,0.0,0.0
2024-03-01 00:00:00-05:00,3.740000009536743,3.9200000762939453,3.559999942779541,3.75,2422200,0.0,0.0
2024-03-04 00:00:00-05:00,3.950000047683716,4.289999961853027,3.859999895095825,4.0,7295100,0.0,0.0
2024-03-05 00:00:00-05:00,3.8499999046325684,4.050000190734863,3.630000114440918,3.640000104904175,3851300,0.0,0.0
2024-03-06 00:00:00-05:00,3.859999895095825,3.984999895095825,3.7300000190734863,3.8399999141693115,3475600,0.0,0.0
2024-03-07 00:00:00-05:00,4.050000190734863,4.110000133514404,3.859999895095825,4.039999961853027,4319700,0.0,0.0
2024-03-08 00:00:00-05:00,4.050000190734863,4.139999866485596,3.940000057220459,4.03000020980835,4838900,0.0,0.0
2024-03-11 00:00:00-04:00,4.150000095367432,4.21999979019165,3.6700000762939453,3.7100000381469727,7572000,0.0,0.0
2024-03-12 00:00:00-04:00,3.7300000190734863,3.740000009536743,3.450000047683716,3.5399999618530273,4214400,0.0,0.0
2024-03-13 00:00:00-04:00,3.4600000381469727,3.5399999618530273,3.184999942779541,3.319999933242798,6818400,0.0,0.0
2024-03-14 00:00:00-04:00,3.259999990463257,3.259999990463257,2.950000047683716,3.049999952316284,3679600,0.0,0.0
2024-03-15 00:00:00-04:00,3.130000114440918,3.509999990463257,2.9809999465942383,3.4200000762939453,7915500,0.0,0.0
2024-03-18 00:00:00-04:00,3.440000057220459,3.440000057220459,3.1449999809265137,3.2200000286102295,3969600,0.0,0.0
2024-03-19 00:00:00-04:00,3.130000114440918,3.190000057220459,3.0299999713897705,3.0799999237060547,5246100,0.0,0.0
2024-03-20 00:00:00-04:00,3.1700000762939453,3.380000114440918,3.009999990463257,3.3399999141693115,3376300,0.0,0.0
2024-03-21 00:00:00-04:00,3.390000104904175,3.5399999618530273,3.244999885559082,3.4700000286102295,3342100,0.0,0.0
2024-03-22 00:00:00-04:00,3.4800000190734863,3.5,3.2300000190734863,3.390000104904175,1592400,0.0,0.0
2024-03-25 00:00:00-04:00,3.4800000190734863,3.559999942779541,3.369999885559082,3.380000114440918,3633900,0.0,0.0
2024-03-26 00:00:00-04:00,3.450000047683716,3.4800000190734863,3.2200000286102295,3.240000009536743,2343900,0.0,0.0
2024-03-27 00:00:00-04:00,3.3399999141693115,3.4200000762939453,3.200000047683716,3.369999885559082,2500800,0.0,0.0
2024-03-28 00:00:00-04:00,3.4700000286102295,3.5399999618530273,3.369999885559082,3.5399999618530273,3689500,0.0,0.0
2024-04-01 00:00:00-04:00,3.5899999141693115,3.619999885559082,3.4700000286102295,3.5299999713897705,2793200,0.0,0.0
2024-04-02 00:00:00-04:00,3.359999895095825,3.390000104904175,3.1700000762939453,3.369999885559082,2100300,0.0,0.0
2024-04-03 00:00:00-04:00,3.319999933242798,3.5350000858306885,3.265000104904175,3.4600000381469727,1957100,0.0,0.0
2024-04-04 00:00:00-04:00,3.509999990463257,3.6600000858306885,3.4700000286102295,3.490000009536743,2436900,0.0,0.0
2024-04-05 00:00:00-04:00,3.4000000953674316,3.555000066757202,3.371999979019165,3.450000047683716,1857200,0.0,0.0
2024-04-08 00:00:00-04:00,3.569999933242798,3.5799999237060547,3.319999933242798,3.380000114440918,1564300,0.0,0.0
2024-04-09 00:00:00-04:00,3.3399999141693115,3.3550000190734863,3.130000114440918,3.1700000762939453,2029300,0.0,0.0
2024-04-10 00:00:00-04:00,3.0799999237060547,3.180000066757202,3.0399999618530273,3.130000114440918,1556100,0.0,0.0
2024-04-11 00:00:00-04:00,3.140000104904175,3.1649999618530273,3.0,3.0,1029800,0.0,0.0
2024-04-12 00:00:00-04:00,3.052000045776367,3.0899999141693115,2.940000057220459,3.009999990463257,1665800,0.0,0.0
2024-04-15 00:00:00-04:00,3.0,3.109999895095825,2.7699999809265137,2.8299999237060547,2392500,0.0,0.0
2024-04-16 00:00:00-04:00,2.75,2.805000066757202,2.6500000953674316,2.7200000286102295,2609400,0.0,0.0
2024-04-17 00:00:00-04:00,2.759999990463257,2.799999952316284,2.609999895095825,2.700000047683716,2164200,0.0,0.0
2024-04-18 00:00:00-04:00,2.75,2.9100000858306885,2.700000047683716,2.880000114440918,1657000,0.0,0.0
2024-04-19 00:00:00-04:00,2.930000066757202,3.0999999046325684,2.859999895095825,3.0999999046325684,2780900,0.0,0.0
2024-04-22 00:00:00-04:00,3.299999952316284,3.359999895095825,3.0999999046325684,3.2699999809265137,7754100,0.0,0.0
2024-04-23 00:00:00-04:00,3.240000009536743,3.509999990463257,3.2200000286102295,3.5,2871800,0.0,0.0
2024-04-24 00:00:00-04:00,3.450000047683716,3.509999990463257,3.2899999618530273,3.4200000762939453,2665800,0.0,0.0
2024-04-25 00:00:00-04:00,3.359999895095825,3.5199999809265137,3.2799999713897705,3.4600000381469727,3194800,0.0,0.0
2024-04-26 00:00:00-04:00,3.4600000381469727,3.509999990463257,3.369999885559082,3.4800000190734863,1265100,0.0,0.0
2024-04-29 00:00:00-04:00,3.5,3.506999969482422,3.1600000858306885,3.1700000762939453,1948300,0.0,0.0
2024-04-30 00:00:00-04:00,3.109999895095825,3.190000057220459,2.9189999103546143,2.930000066757202,2254600,0.0,0.0
2024-05-01 00:00:00-04:00,2.9100000858306885,3.140000104904175,2.880000114440918,3.0,1544300,0.0,0.0
2024-05-02 00:00:00-04:00,3.109999895095825,3.2880001068115234,3.049999952316284,3.200000047683716,2095800,0.0,0.0
2024-05-03 00:00:00-04:00,3.259999990463257,3.390000104904175,3.2100000381469727,3.3499999046325684,1739400,0.0,0.0
2024-05-06 00:00:00-04:00,3.430000066757202,3.5,3.369999885559082,3.430000066757202,1524700,0.0,0.0
2024-05-07 00:00:00-04:00,3.4700000286102295,3.4700000286102295,3.299999952316284,3.380000114440918,1326300,0.0,0.0
2024-05-08 00:00:00-04:00,3.299999952316284,3.494999885559082,3.2899999618530273,3.4800000190734863,2223200,0.0,0.0
2024-05-09 00:00:00-04:00,3.6500000953674316,3.930000066757202,3.509999990463257,3.9000000953674316,10843000,0.0,0.0
2024-05-10 00:00:00-04:00,4.0,4.039999961853027,3.4600000381469727,3.640000104904175,8204700,0.0,0.0
2024-05-13 00:00:00-04:00,3.7699999809265137,3.7799999713897705,3.5999999046325684,3.634999990463257,2281600,0.0,0.0
2024-05-14 00:00:00-04:00,3.569999933242798,3.6050000190734863,3.4600000381469727,3.5799999237060547,3043500,0.0,0.0
2024-05-15 00:00:00-04:00,3.700000047683716,3.8499999046325684,3.5799999237060547,3.8299999237060547,3294800,0.0,0.0
2024-05-16 00:00:00-04:00,3.799999952316284,3.8399999141693115,3.6700000762939453,3.700000047683716,3115200,0.0,0.0
2024-05-17 00:00:00-04:00,3.7300000190734863,3.9000000953674316,3.6700000762939453,3.694999933242798,3020900,0.0,0.0
2024-05-20 00:00:00-04:00,3.700000047683716,4.0,3.680000066757202,3.9200000762939453,3034700,0.0,0.0
2024-05-21 00:00:00-04:00,3.880000114440918,4.050000190734863,3.8499999046325684,4.039999961853027,4935700,0.0,0.0
2024-05-22 00:00:00-04:00,4.050000190734863,4.210000038146973,3.950000047683716,4.150000095367432,6016900,0.0,0.0
2024-05-23 00:00:00-04:00,4.199999809265137,4.289999961853027,3.993000030517578,4.170000076293945,5461400,0.0,0.0
2024-05-24 00:00:00-04:00,4.190000057220459,4.820000171661377,4.099999904632568,4.820000171661377,8918900,0.0,0.0
2024-05-28 00:00:00-04:00,4.929999828338623,5.150000095367432,4.815000057220459,4.960000038146973,8164300,0.0,0.0
2024-05-29 00:00:00-04:00,5.119999885559082,5.340000152587891,4.949999809265137,5.230000019073486,7067800,0.0,0.0
2024-05-30 00:00:00-04:00,5.300000190734863,5.340000152587891,4.820000171661377,4.889999866485596,5852900,0.0,0.0
2024-05-31 00:00:00-04:00,4.889999866485596,4.920000076293945,4.460000038146973,4.75,5653900,0.0,0.0
2024-06-03 00:00:00-04:00,4.949999809265137,5.010000228881836,4.739999771118164,4.869999885559082,2535200,0.0,0.0
2024-06-04 00:00:00-04:00,6.25,7.059999942779541,6.039999961853027,6.829999923706055,68790600,0.0,0.0
2024-06-05 00:00:00-04:00,6.900000095367432,7.269999980926514,6.28000020980835,7.150000095367432,18606600,0.0,0.0
2024-06-06 00:00:00-04:00,7.329999923706055,8.359999656677246,7.099999904632568,7.849999904632568,29395100,0.0,0.0
2024-06-07 00:00:00-04:00,7.789999961853027,8.40999984741211,7.690000057220459,7.78000020980835,16940400,0.0,0.0
2024-06-10 00:00:00-04:00,7.824999809265137,8.59000015258789,7.800000190734863,8.210000038146973,14320100,0.0,0.0
2024-06-11 00:00:00-04:00,8.100000381469727,8.755000114440918,7.920000076293945,8.710000038146973,13160200,0.0,0.0
2024-06-12 00:00:00-04:00,9.0,9.75,8.569999694824219,9.569999694824219,28291800,0.0,0.0
2024-06-13 00:00:00-04:00,9.949999809265137,10.699999809265137,9.329999923706055,9.850000381469727,23410600,0.0,0.0
2024-06-14 00:00:00-04:00,9.899999618530273,10.359999656677246,9.539999961853027,10.329999923706055,12753800,0.0,0.0
2024-06-17 00:00:00-04:00,10.430000305175781,10.51200008392334,9.579999923706055,9.6899995803833,17401700,0.0,0.0
2024-06-18 00:00:00-04:00,9.600000381469727,9.609999656677246,8.600000381469727,8.90999984741211,14558400,0.0,0.0
2024-06-20 00:00:00-04:00,9.039999961853027,9.449999809265137,8.760000228881836,9.09000015258789,9724300,0.0,0.0
2024-06-21 00:00:00-04:00,8.890000343322754,9.069999694824219,8.3100004196167,8.970000267028809,21885000,0.0,0.0
2024-06-24 00:00:00-04:00,8.829999923706055,9.25,8.579999923706055,8.729999542236328,14045500,0.0,0.0
2024-06-25 00:00:00-04:00,9.369999885559082,9.670000076293945,9.079999923706055,9.270000457763672,16294100,0.0,0.0
2024-06-26 00:00:00-04:00,9.482999801635742,10.170000076293945,9.470000267028809,9.949999809265137,24171000,0.0,0.0
2024-06-27 00:00:00-04:00,9.880000114440918,10.109999656677246,9.199999809265137,9.550000190734863,14159100,0.0,0.0
2024-06-28 00:00:00-04:00,9.710000038146973,9.710000038146973,9.0,9.300000190734863,34888400,0.0,0.0
2024-07-01 00:00:00-04:00,9.345000267028809,9.970000267028809,9.109999656677246,9.850000381469727,11372300,0.0,0.0
2024-07-02 00:00:00-04:00,9.789999961853027,10.5,9.649999618530273,10.260000228881836,14474200,0.0,0.0
2024-07-03 00:00:00-04:00,10.0,10.520000457763672,9.920000076293945,10.119999885559082,7274100,0.0,0.0
2024-07-05 00:00:00-04:00,9.505000114440918,10.449999809265137,9.460000038146973,10.289999961853027,9804100,0.0,0.0
2024-07-08 00:00:00-04:00,10.289999961853027,11.0,9.199999809265137,10.359999656677246,19997200,0.0,0.0
2024-07-09 00:00:00-04:00,10.350000381469727,10.619999885559082,9.359999656677246,9.5600004196167,13179200,0.0,0.0
2024-07-10 00:00:00-04:00,9.970000267028809,10.199999809265137,9.670000076293945,9.770000457763672,10552600,0.0,0.0
2024-07-11 00:00:00-04:00,10.029999732971191,10.199999809265137,9.229999542236328,9.710000038146973,12600600,0.0,0.0
2024-07-12 00:00:00-04:00,9.489999771118164,10.130000114440918,9.420000076293945,10.100000381469727,11664700,0.0,0.0
2024-07-15 00:00:00-04:00,10.800000190734863,11.270000457763672,10.5600004196167,11.010000228881836,19346800,0.0,0.0
2024-07-16 00:00:00-04:00,11.100000381469727,11.8100004196167,11.079999923706055,11.699999809265137,13766500,0.0,0.0
2024-07-17 00:00:00-04:00,11.470000267028809,12.25,10.789999961853027,11.21500015258789,17466700,0.0,0.0
2024-07-18 00:00:00-04:00,11.579999923706055,11.579999923706055,10.010000228881836,10.15999984741211,13604800,0.0,0.0
2024-07-19 00:00:00-04:00,10.199999809265137,10.550000190734863,9.720000267028809,10.390000343322754,12762700,0.0,0.0
2024-07-22 00:00:00-04:00,10.630000114440918,11.100000381469727,10.0,11.050000190734863,9812000,0.0,0.0
2024-07-23 00:00:00-04:00,10.800000190734863,11.28600025177002,10.680000305175781,10.920000076293945,6473700,0.0,0.0
2024-07-24 00:00:00-04:00,10.930000305175781,11.020000457763672,10.074999809265137,10.109999656677246,6542300,0.0,0.0
2024-07-25 00:00:00-04:00,10.0600004196167,10.149999618530273,9.380000114440918,9.40999984741211,11345000,0.0,0.0
2024-07-26 00:00:00-04:00,9.720000267028809,10.229999542236328,9.479999542236328,10.210000038146973,9420900,0.0,0.0
2024-07-29 00:00:00-04:00,10.520000457763672,10.829999923706055,9.529999732971191,9.5600004196167,9047400,0.0,0.0
2024-07-30 00:00:00-04:00,9.569999694824219,9.699999809265137,9.015000343322754,9.220000267028809,7754800,0.0,0.0
2024-07-31 00:00:00-04:00,9.699999809265137,10.15999984741211,9.5,9.75,13160500,0.0,0.0
2024-08-01 00:00:00-04:00,9.800000190734863,10.114999771118164,9.3100004196167,9.460000038146973,6085600,0.0,0.0
2024-08-02 00:00:00-04:00,8.949999809265137,9.170000076293945,8.770000457763672,8.890000343322754,7989000,0.0,0.0
2024-08-05 00:00:00-04:00,7.059999942779541,8.479999542236328,6.710000038146973,8.220000267028809,13855700,0.0,0.0
2024-08-06 00:00:00-04:00,9.270000457763672,9.869999885559082,8.402000427246094,9.710000038146973,15398700,0.0,0.0
2024-08-07 00:00:00-04:00,9.779999732971191,10.0600004196167,9.479999542236328,9.819999694824219,10240500,0.0,0.0
2024-08-08 00:00:00-04:00,9.729999542236328,10.420000076293945,9.149999618530273,10.140000343322754,10613700,0.0,0.0
2024-08-09 00:00:00-04:00,10.0,10.024999618530273,9.399999618530273,9.699999809265137,7541200,0.0,0.0
2024-08-12 00:00:00-04:00,9.59000015258789,10.005000114440918,9.40999984741211,9.470000267028809,4319000,0.0,0.0
2024-08-13 00:00:00-04:00,8.550000190734863,8.970000267028809,8.28499984741211,8.460000038146973,51250600,0.0,0.0
2024-08-14 00:00:00-04:00,8.9399995803833,9.109999656677246,8.640000343322754,8.800000190734863,31624000,0.0,0.0
2024-08-15 00:00:00-04:00,8.824000358581543,9.449999809265137,8.800000190734863,9.260000228881836,13316800,0.0,0.0
2024-08-16 00:00:00-04:00,9.25,10.100000381469727,9.220000267028809,10.09000015258789,13612000,0.0,0.0
2024-08-19 00:00:00-04:00,10.130000114440918,10.399999618530273,9.640000343322754,10.390000343322754,10589000,0.0,0.0
2024-08-20 00:00:00-04:00,10.279999732971191,10.609999656677246,9.895000457763672,10.140000343322754,10758300,0.0,0.0
2024-08-21 00:00:00-04:00,10.220000267028809,10.569999694824219,10.010000228881836,10.539999961853027,11108000,0.0,0.0
2024-08-22 00:00:00-04:00,10.609999656677246,10.649999618530273,9.800000190734863,9.880000114440918,9496100,0.0,0.0
2024-08-23 00:00:00-04:00,10.170000076293945,10.800000190734863,9.819999694824219,10.760000228881836,11447400,0.0,0.0
2024-08-26 00:00:00-04:00,10.539999961853027,11.0,10.460000038146973,10.850000381469727,8550900,0.0,0.0
2024-08-27 00:00:00-04:00,10.755999565124512,10.890000343322754,10.260000228881836,10.420000076293945,4394900,0.0,0.0
2024-08-28 00:00:00-04:00,10.460000038146973,10.600000381469727,9.59000015258789,10.130000114440918,6532500,0.0,0.0
2024-08-29 00:00:00-04:00,10.289999961853027,10.800000190734863,10.055000305175781,10.229999542236328,7077100,0.0,0.0
2024-08-30 00:00:00-04:00,10.300000190734863,10.369999885559082,9.890000343322754,10.319999694824219,9014600,0.0,0.0
2024-09-03 00:00:00-04:00,10.199999809265137,10.25,9.3100004196167,9.399999618530273,9967100,0.0,0.0
2024-09-04 00:00:00-04:00,9.40999984741211,10.039999961853027,9.274999618530273,9.869999885559082,6500600,0.0,0.0
2024-09-05 00:00:00-04:00,10.149999618530273,10.380000114440918,9.760000228881836,10.239999771118164,10165800,0.0,0.0
2024-09-06 00:00:00-04:00,9.880000114440918,10.175000190734863,9.220000267028809,9.319999694824219,10934800,0.0,0.0
2024-09-09 00:00:00-04:00,9.430000305175781,10.0,9.130000114440918,10.0,12502200,0.0,0.0
2024-09-10 00:00:00-04:00,9.899999618530273,10.180000305175781,9.829999923706055,10.010000228881836,7475200,0.0,0.0
2024-09-11 00:00:00-04:00,9.949999809265137,10.350000381469727,9.449999809265137,9.970000267028809,14073800,0.0,0.0
2024-09-12 00:00:00-04:00,10.100000381469727,10.649999618530273,9.710000038146973,10.390000343322754,10401600,0.0,0.0
2024-09-13 00:00:00-04:00,10.5,11.319999694824219,10.380000114440918,11.180000305175781,17430700,0.0,0.0
2024-09-16 00:00:00-04:00,11.010000228881836,11.449999809265137,10.510000228881836,11.180000305175781,10393700,0.0,0.0
2024-09-17 00:00:00-04:00,11.407999992370605,11.84000015258789,10.920000076293945,11.479999542236328,14471200,0.0,0.0
2024-09-18 00:00:00-04:00,11.470000267028809,12.479999542236328,11.420000076293945,12.029999732971191,16853700,0.0,0.0
2024-09-19 00:00:00-04:00,12.460000038146973,12.630000114440918,11.510000228881836,11.609999656677246,14632800,0.0,0.0
2024-09-20 00:00:00-04:00,11.729999542236328,12.095000267028809,11.210000038146973,11.979999542236328,17770300,0.0,0.0
2024-09-23 00:00:00-04:00,12.229999542236328,12.720000267028809,11.890000343322754,12.489999771118164,14601300,0.0,0.0
2024-09-24 00:00:00-04:00,12.510000228881836,12.949999809265137,12.1899995803833,12.890000343322754,9427100,0.0,0.0
2024-09-25 00:00:00-04:00,12.819999694824219,12.897000312805176,12.279999732971191,12.350000381469727,7966600,0.0,0.0
2024-09-26 00:00:00-04:00,12.65999984741211,12.670000076293945,11.75,12.380000114440918,10033000,0.0,0.0
2024-09-27 00:00:00-04:00,12.40999984741211,12.479999542236328,11.979999542236328,12.15999984741211,7592200,0.0,0.0
2024-09-30 00:00:00-04:00,11.819999694824219,12.199999809265137,11.600000381469727,11.859999656677246,6359900,0.0,0.0
2024-10-01 00:00:00-04:00,11.895000457763672,11.895000457763672,11.039999961853027,11.760000228881836,7823800,0.0,0.0
2024-10-02 00:00:00-04:00,11.670000076293945,12.130000114440918,11.430000305175781,12.0,4713100,0.0,0.0
2024-10-03 00:00:00-04:00,12.0,12.470000267028809,11.758000373840332,12.020000457763672,4605100,0.0,0.0
2024-10-04 00:00:00-04:00,12.25,12.449999809265137,11.930000305175781,12.1899995803833,5136600,0.0,0.0
2024-10-07 00:00:00-04:00,12.220000267028809,12.699999809265137,12.010000228881836,12.369999885559082,9310500,0.0,0.0
2024-10-08 00:00:00-04:00,12.319999694824219,12.454999923706055,11.670000076293945,12.210000038146973,7429800,0.0,0.0
2024-10-09 00:00:00-04:00,12.229999542236328,12.300000190734863,11.880000114440918,12.010000228881836,4876600,0.0,0.0
2024-10-10 00:00:00-04:00,11.954999923706055,12.279999732971191,11.850000381469727,11.970000267028809,6408400,0.0,0.0
2024-10-11 00:00:00-04:00,12.069999694824219,13.289999961853027,12.0,13.220000267028809,22085700,0.0,0.0
2024-10-14 00:00:00-04:00,13.359999656677246,13.420000076293945,12.614999771118164,12.970000267028809,12904700,0.0,0.0
2024-10-15 00:00:00-04:00,13.100000381469727,13.210000038146973,12.739999771118164,12.970000267028809,7690700,0.0,0.0
2024-10-16 00:00:00-04:00,13.039999961853027,13.510000228881836,12.899999618530273,13.25,7964200,0.0,0.0
2024-10-17 00:00:00-04:00,13.149999618530273,13.600000381469727,13.0,13.010000228881836,7130100,0.0,0.0
2024-10-18 00:00:00-04:00,13.0600004196167,13.289999961853027,12.670000076293945,12.8100004196167,9318000,0.0,0.0
2024-10-21 00:00:00-04:00,12.710000038146973,12.880000114440918,12.050000190734863,12.829999923706055,10038800,0.0,0.0
2024-10-22 00:00:00-04:00,12.989999771118164,14.010000228881836,12.520000457763672,13.720000267028809,26012700,0.0,0.0
2024-10-23 00:00:00-04:00,13.460000038146973,13.835000038146973,13.0,13.520000457763672,10714600,0.0,0.0
2024-10-24 00:00:00-04:00,13.680000305175781,14.0649995803833,13.5,13.680000305175781,9468800,0.0,0.0
2024-10-25 00:00:00-04:00,13.649999618530273,13.899999618530273,13.03499984741211,13.369999885559082,7911300,0.0,0.0
2024-10-28 00:00:00-04:00,13.800000190734863,14.399999618530273,13.609999656677246,14.199999809265137,13428100,0.0,0.0
2024-10-29 00:00:00-04:00,14.380000114440918,14.640000343322754,14.029999732971191,14.300000190734863,8645100,0.0,0.0
2024-10-30 00:00:00-04:00,14.199999809265137,14.270000457763672,13.569999694824219,13.779999732971191,8845400,0.0,0.0
2024-10-31 00:00:00-04:00,13.725000381469727,13.739999771118164,13.100000381469727,13.289999961853027,10144100,0.0,0.0
2024-11-01 00:00:00-04:00,13.112000465393066,13.34000015258789,12.579999923706055,13.029999732971191,10424500,0.0,0.0
2024-11-04 00:00:00-05:00,12.859999656677246,12.949999809265137,12.510000228881836,12.600000381469727,6031600,0.0,0.0
2024-11-05 00:00:00-05:00,12.729999542236328,13.300000190734863,12.619999885559082,13.020000457763672,5202200,0.0,0.0
2024-11-06 00:00:00-05:00,14.149999618530273,14.430000305175781,13.649999618530273,14.329999923706055,18241200,0.0,0.0
2024-11-07 00:00:00-05:00,14.25,16.700000762939453,14.199999809265137,16.459999084472656,30650700,0.0,0.0
2024-11-08 00:00:00-05:00,16.5,17.010000228881836,16.040000915527344,16.959999084472656,12202500,0.0,0.0
2024-11-11 00:00:00-05:00,18.030000686645508,18.030000686645508,17.165000915527344,17.469999313354492,16473400,0.0,0.0
2024-11-12 00:00:00-05:00,16.795000076293945,17.375,16.5,17.059999465942383,9511200,0.0,0.0
2024-11-13 00:00:00-05:00,17.225000381469727,17.3799991607666,16.010000228881836,16.1299991607666,9921200,0.0,0.0
2024-11-14 00:00:00-05:00,16.43000030517578,16.639999389648438,15.359999656677246,15.4399995803833,6004800,0.0,0.0
2024-11-15 00:00:00-05:00,15.8100004196167,15.994999885559082,15.279999732971191,15.829999923706055,7901700,0.0,0.0
2024-11-18 00:00:00-05:00,15.8100004196167,16.440000534057617,15.520000457763672,15.600000381469727,7437100,0.0,0.0
2024-11-19 00:00:00-05:00,15.600000381469727,16.940000534057617,15.329000473022461,16.469999313354492,10229300,0.0,0.0
2024-11-20 00:00:00-05:00,17.079999923706055,17.639999389648438,16.75,17.260000228881836,10225700,0.0,0.0
2024-11-21 00:00:00-05:00,17.540000915527344,18.354999542236328,16.774999618530273,17.549999237060547,10514100,0.0,0.0
2024-11-22 00:00:00-05:00,17.40999984741211,18.315000534057617,16.9950008392334,18.229999542236328,10549600,0.0,0.0
2024-11-25 00:00:00-05:00,18.30500030517578,18.510000228881836,17.65999984741211,18.110000610351562,8960700,0.0,0.0
2024-11-26 00:00:00-05:00,17.75,18.628999710083008,16.670000076293945,17.1200008392334,13622200,0.0,0.0
2024-11-27 00:00:00-05:00,17.360000610351562,17.885000228881836,17.1299991607666,17.709999084472656,5486600,0.0,0.0
2024-11-29 00:00:00-05:00,17.979999542236328,18.399999618530273,17.469999313354492,17.8799991607666,4656900,0.0,0.0
2024-12-02 00:00:00-05:00,16.885000228881836,17.489999771118164,15.479999542236328,16.059999465942383,34015400,0.0,0.0
2024-12-03 00:00:00-05:00,16.290000915527344,16.809999465942383,16.094999313354492,16.420000076293945,20022600,0.0,0.0
2024-12-04 00:00:00-05:00,16.489999771118164,17.5049991607666,16.18000030517578,17.469999313354492,13178600,0.0,0.0
2024-12-05 00:00:00-05:00,17.790000915527344,17.979000091552734,16.915000915527344,16.940000534057617,10282700,0.0,0.0
2024-12-06 00:00:00-05:00,17.059999465942383,17.600000381469727,16.739999771118164,16.989999771118164,8423200,0.0,0.0
2024-12-09 00:00:00-05:00,16.799999237060547,16.81999969482422,15.869999885559082,16.040000915527344,8679100,0.0,0.0
2024-12-10 00:00:00-05:00,16.15999984741211,16.5,15.569999694824219,15.779999732971191,8244100,0.0,0.0
2024-12-11 00:00:00-05:00,15.90999984741211,16.30500030517578,15.770000457763672,15.859999656677246,8661900,0.0,0.0
2024-12-12 00:00:00-05:00,16.489999771118164,16.770000457763672,15.5,15.539999961853027,6111300,0.0,0.0
2024-12-13 00:00:00-05:00,15.444999694824219,16.06999969482422,15.369999885559082,15.550000190734863,6360400,0.0,0.0
2024-12-16 00:00:00-05:00,15.880000114440918,17.104999542236328,15.760000228881836,16.559999465942383,12287700,0.0,0.0
2024-12-17 00:00:00-05:00,16.75,16.878999710083008,15.730999946594238,16.030000686645508,10673400,0.0,0.0
2024-12-18 00:00:00-05:00,15.989999771118164,16.270000457763672,14.119999885559082,14.449999809265137,15889100,0.0,0.0
2024-12-19 00:00:00-05:00,15.0,15.192000389099121,13.84000015258789,14.479999542236328,14264300,0.0,0.0
2024-12-20 00:00:00-05:00,14.149999618530273,14.640000343322754,13.899999618530273,14.130000114440918,19501800,0.0,0.0
2024-12-23 00:00:00-05:00,13.9399995803833,14.260000228881836,13.569999694824219,14.050000190734863,11900900,0.0,0.0
2024-12-24 00:00:00-05:00,14.25,14.994999885559082,14.114999771118164,14.960000038146973,4187700,0.0,0.0
2024-12-26 00:00:00-05:00,14.619999885559082,14.720000267028809,14.350000381469727,14.5,4426800,0.0,0.0
2024-12-27 00:00:00-05:00,14.5,14.5,13.729999542236328,14.050000190734863,5083000,0.0,0.0
2024-12-30 00:00:00-05:00,13.789999961853027,14.0,13.34000015258789,13.880000114440918,7112300,0.0,0.0
2024-12-31 00:00:00-05:00,14.1899995803833,14.329999923706055,13.859999656677246,14.050000190734863,5954900,0.0,0.0
2025-01-02 00:00:00-05:00,14.279999732971191,14.6899995803833,13.9399995803833,14.479999542236328,7838400,0.0,0.0
2025-01-03 00:00:00-05:00,14.649999618530273,15.739999771118164,14.369999885559082,15.380000114440918,12185900,0.0,0.0
2025-01-06 00:00:00-05:00,15.600000381469727,15.699999809265137,15.010000228881836,15.119999885559082,8064200,0.0,0.0
2025-01-07 00:00:00-05:00,15.100000381469727,15.140000343322754,13.890000343322754,14.119999885559082,12795300,0.0,0.0
2025-01-08 00:00:00-05:00,14.0,14.260000228881836,13.595000267028809,14.050000190734863,7947500,0.0,0.0
2025-01-10 00:00:00-05:00,13.779999732971191,14.15999984741211,13.5,14.039999961853027,8781400,0.0,0.0
2025-01-13 00:00:00-05:00,13.510000228881836,13.899999618530273,13.180000305175781,13.600000381469727,7408800,0.0,0.0
2025-01-14 00:00:00-05:00,14.0,14.569999694824219,13.75,13.90999984741211,7536645,0.0,0.0
