Date,Open,High,Low,Close,Volume,Dividends,Stock Splits
2022-01-03 00:00:00-05:00,31.713211059570312,31.95508846515971,31.498204744434858,31.713211059570312,1981700,0.0,0.0
2022-01-04 00:00:00-05:00,32.21488636863625,32.689690978627915,31.856547071041685,32.31343078613281,2350100,0.0,0.0
2022-01-05 00:00:00-05:00,32.66281279439024,32.93156811980498,31.910295832783344,31.973005294799805,1879100,0.0,0.0
2022-01-06 00:00:00-05:00,32.29551305226124,32.54635431773645,31.722167446733962,31.973005294799805,1572900,0.0,0.0
2022-01-07 00:00:00-05:00,31.981964460174996,32.1969673449246,31.874463017800196,32.044673919677734,1182200,0.0,0.0
2022-01-10 00:00:00-05:00,32.08947204010111,32.30447838338286,31.381746956168957,31.775924682617188,2307000,0.0,0.0
2022-01-11 00:00:00-05:00,32.02676105651171,32.1790545036965,31.758005703155796,32.16114044189453,1933200,0.0,0.0
2022-01-12 00:00:00-05:00,32.98532108078816,33.6572111138038,32.56426889986068,33.61241912841797,3846000,0.0,0.0
2022-01-13 00:00:00-05:00,33.585551245612685,34.239523929992004,33.585551245612685,34.13201904296875,2251800,0.0,0.0
2022-01-14 00:00:00-05:00,34.04242071167339,34.49930432809129,33.764704996653144,34.27534103393555,2926800,0.0,0.0
2022-01-18 00:00:00-05:00,34.04242694242215,34.46347910607045,33.702001716123334,34.05138397216797,3081400,0.0,0.0
2022-01-19 00:00:00-05:00,33.925966408691885,33.96180136392752,33.33470331694163,33.58554458618164,1661600,0.0,0.0
2022-01-20 00:00:00-05:00,33.89013671393744,33.89013671393744,32.57323108538979,32.63594055175781,1387600,0.0,0.0
2022-01-21 00:00:00-05:00,32.50155976860434,32.72552311522903,31.578831874081633,31.75800323486328,2296700,0.0,0.0
2022-01-24 00:00:00-05:00,31.17569364942177,31.883418565088277,30.53963863694588,31.829666137695312,2834600,0.0,0.0
2022-01-25 00:00:00-05:00,31.34591310762748,32.08051264890328,30.754649978858925,31.74904441833496,1327600,0.0,0.0
2022-01-26 00:00:00-05:00,31.892379761599177,32.25967951992276,31.265285113785392,31.534040451049805,1379000,0.0,0.0
2022-01-27 00:00:00-05:00,31.964051333365855,32.600106461970626,31.52508163970035,31.793840408325195,1488200,0.0,0.0
2022-01-28 00:00:00-05:00,31.784879611052432,31.86550655727257,30.826316704551704,31.462371826171875,1972900,0.0,0.0
2022-01-31 00:00:00-05:00,31.16673852488682,32.116340878330995,30.91589726579934,32.098426818847656,1695600,0.0,0.0
2022-02-01 00:00:00-05:00,32.170095903056186,32.644897118064044,32.080511928778705,32.58218765258789,1571100,0.0,0.0
2022-02-02 00:00:00-05:00,32.53738883784875,32.806144121695525,32.19696365569147,32.67176818847656,853100,0.0,0.0
2022-02-03 00:00:00-05:00,32.58218758560741,33.16449366944264,32.349267202519044,32.528438568115234,1062800,0.0,0.0
2022-02-04 00:00:00-05:00,32.42093099286592,32.77031666445743,31.98196477206592,32.080509185791016,837200,0.0,0.0
2022-02-07 00:00:00-05:00,32.21488380050381,32.22384424723977,31.793835073960473,31.883419036865234,1035400,0.0,0.0
2022-02-08 00:00:00-05:00,32.143219085866185,32.877818557896326,32.116341161585545,32.79719161987305,1158700,0.0,0.0
2022-02-09 00:00:00-05:00,32.86886885553222,33.603468567703736,32.86886885553222,33.3795051574707,1546700,0.0,0.0
2022-02-10 00:00:00-05:00,33.24511950082949,33.63929375802583,32.90469425932707,33.003238677978516,1705500,0.0,0.0
2022-02-11 00:00:00-05:00,32.77031842282786,33.33470359413989,32.51947715150196,32.99428176879883,1365600,0.0,0.0
2022-02-14 00:00:00-05:00,32.84199130182008,33.155538680177386,32.331355047118116,32.850948333740234,2251900,0.0,0.0
2022-02-15 00:00:00-05:00,34.11409472281443,36.1655961476116,34.042424819679795,35.52058410644531,5096600,0.0,0.0
2022-02-16 00:00:00-05:00,35.69975987154112,37.160002003290735,35.56538389975927,36.873329162597656,5150300,0.0,0.0
2022-02-17 00:00:00-05:00,36.64040824011129,37.17791895441604,36.31790044456453,36.76582717895508,3348800,0.0,0.0
2022-02-18 00:00:00-05:00,36.604570322550764,37.195833427459995,36.28206255307128,36.90916061401367,4714800,0.0,0.0
2022-02-22 00:00:00-05:00,36.9987531414255,37.31230395309971,36.210401013463,36.39853286743164,3727500,0.0,0.0
2022-02-23 00:00:00-05:00,36.532904930582326,36.76582875620731,35.51163247914489,35.75351333618164,2915700,0.0,0.0
2022-02-24 00:00:00-05:00,34.02451226964318,35.117454528808594,33.85430135117052,35.117454528808594,4163500,0.0,0.0
2022-02-25 00:00:00-05:00,35.38621657571675,36.398532082732366,35.19808814321418,36.28207015991211,2480500,0.0,0.0
2022-02-28 00:00:00-05:00,35.86101365649779,36.27310885390491,35.49371386695066,36.22831344604492,2940700,0.0,0.0
2022-03-01 00:00:00-05:00,36.30893599869451,36.41644086364753,33.764712290766106,34.20368194580078,3748900,0.0,0.0
2022-03-02 00:00:00-05:00,34.71431093880316,36.05809071707941,34.49034764242378,35.529537200927734,2596700,0.0,0.0
2022-03-03 00:00:00-05:00,35.69975268159358,35.70871312835363,34.705358388003994,35.045780181884766,2693100,0.0,0.0
2022-03-04 00:00:00-05:00,34.22159790759778,34.759108538918625,33.73783628896347,33.96179962158203,2680200,0.0,0.0
2022-03-07 00:00:00-05:00,34.042431691786895,34.11410160938945,32.01780436325144,32.22385025024414,3174300,0.0,0.0
2022-03-08 00:00:00-05:00,32.53739674508439,32.80615209424406,31.345913444092968,31.81175422668457,2694800,0.0,0.0
2022-03-09 00:00:00-05:00,32.49260304928998,33.42429140034141,32.161138249988625,33.110740661621094,2812900,0.0,0.0
2022-03-10 00:00:00-05:00,32.653855029564205,34.060344504411496,32.54635358529944,34.01555252075195,2601800,0.0,0.0
2022-03-11 00:00:00-05:00,34.08722286641109,34.84870034438408,33.97076096179693,34.04243087768555,2946900,0.0,0.0
2022-03-14 00:00:00-04:00,34.693779716390495,36.991085559282226,34.693779716390495,35.41450500488281,4956300,0.213,0.0
2022-03-15 00:00:00-04:00,35.04513681773769,35.65775128550667,34.207296543779336,34.66675567626953,2610900,0.0,0.0
2022-03-16 00:00:00-04:00,35.19828678022402,36.28837879741743,35.000086981944165,35.612701416015625,3075900,0.0,0.0
2022-03-17 00:00:00-04:00,35.3334294128365,36.1352328200993,35.21631101862752,35.87397003173828,2937300,0.0,0.0
2022-03-18 00:00:00-04:00,35.441528293763646,35.99107973776805,35.10819510712934,35.52260971069336,8609600,0.0,0.0
2022-03-21 00:00:00-04:00,34.900993302252594,35.585678257862625,34.783874917869625,35.2613525390625,2047000,0.0,0.0
2022-03-22 00:00:00-04:00,35.774863586923225,36.20729669045369,35.49558580735493,35.70279312133789,1932900,0.0,0.0
2022-03-23 00:00:00-04:00,35.66676267993682,36.05415138359668,35.39649237048593,35.87397003173828,1592800,0.0,0.0
2022-03-24 00:00:00-04:00,36.26135739867434,36.59469065348679,35.95505014280867,36.45054626464844,1665600,0.0,0.0
2022-03-25 00:00:00-04:00,33.75684070994909,34.14422932308391,31.810890125289976,32.414493560791016,9441600,0.0,0.0
2022-03-28 00:00:00-04:00,33.04513128748681,34.279367770343676,32.810894519349425,34.135223388671875,5462900,0.0,0.0
2022-03-29 00:00:00-04:00,34.37846801006073,34.648738298728674,33.81089799818683,34.49558639526367,3069400,0.0,0.0
2022-03-30 00:00:00-04:00,34.4054954381203,34.711802694456296,33.63972901561695,33.95504379272461,2106400,0.0,0.0
2022-03-31 00:00:00-04:00,33.991080836179876,34.44153248272878,33.71179957811715,33.79288101196289,2696500,0.0,0.0
2022-04-01 00:00:00-04:00,34.10819853599971,34.43252426481639,33.6577468985706,33.882972717285156,1758200,0.0,0.0
2022-04-04 00:00:00-04:00,34.018105370969835,34.144234713380044,33.09017611875612,33.12621307373047,3381800,0.0,0.0
2022-04-05 00:00:00-04:00,33.04512642659231,33.38747057145689,32.39647508614839,32.414493560791016,4084600,0.0,0.0
2022-04-06 00:00:00-04:00,32.378459115836435,32.414496067908985,31.135215199389695,31.261341094970703,3086700,0.0,0.0
2022-04-07 00:00:00-04:00,31.711788657744357,31.711788657744357,30.045115921159677,30.91899299621582,3778300,0.0,0.0
2022-04-08 00:00:00-04:00,31.17124991782864,31.477557148921264,30.738816786287238,31.126205444335938,2101900,0.0,0.0
2022-04-11 00:00:00-04:00,30.504584851199407,31.585669447618454,30.504584851199407,31.09016990661621,1284500,0.0,0.0
2022-04-12 00:00:00-04:00,31.360440065859713,31.82891011890687,30.9730514342375,31.027103424072266,1560800,0.0,0.0
2022-04-13 00:00:00-04:00,31.126204985980685,31.639719536916303,30.96404213445649,31.594675064086914,1259900,0.0,0.0
2022-04-14 00:00:00-04:00,31.60368630414322,31.92800857342781,30.63070918627041,30.666746139526367,2252400,0.0,0.0
2022-04-18 00:00:00-04:00,30.67575869530864,31.49558061476403,30.67575869530864,31.37846565246582,1421200,0.0,0.0
2022-04-19 00:00:00-04:00,31.234311578357616,31.96404439083093,31.13521511543468,31.783863067626953,1848400,0.0,0.0
2022-04-20 00:00:00-04:00,31.882964313882347,32.21629754205152,31.801882886849516,31.909990310668945,1171500,0.0,0.0
2022-04-21 00:00:00-04:00,32.27035127443805,32.28836975023878,31.441522007641744,31.64872932434082,1694900,0.0,0.0
2022-04-22 00:00:00-04:00,31.41449020431238,31.621697505370616,30.693768410050552,30.783857345581055,1527800,0.0,0.0
2022-04-25 00:00:00-04:00,30.432509699741075,30.928009220533397,29.68476181352612,30.8018798828125,2037600,0.0,0.0
2022-04-26 00:00:00-04:00,30.86494163982362,30.909989548461372,29.909986462146673,29.99106788635254,1974900,0.0,0.0
2022-04-27 00:00:00-04:00,30.22530558893145,31.26134577783945,30.171253589398685,31.07215690612793,2534300,0.0,0.0
2022-04-28 00:00:00-04:00,31.982063080986965,32.504588578110315,29.60367922145166,30.35142707824707,3878800,0.0,0.0
2022-04-29 00:00:00-04:00,30.9550378008889,31.69377822868604,30.477560153737254,30.513593673706055,2513200,0.0,0.0
2022-05-02 00:00:00-04:00,30.549627445171307,31.4415231273697,29.63070576664578,30.22530174255371,3538100,0.0,0.0
2022-05-03 00:00:00-04:00,30.31539254342307,31.45052900669952,30.31539254342307,31.027103424072266,2267600,0.0,0.0
2022-05-04 00:00:00-04:00,31.09918015703376,32.198283206029075,30.94602481965703,32.045127868652344,2272100,0.0,0.0
2022-05-05 00:00:00-04:00,31.657739228264838,31.982064943759394,30.864943416686273,31.180261611938477,1740400,0.0,0.0
2022-05-06 00:00:00-04:00,31.009088238190316,31.243325007899465,30.20728489496865,30.79287338256836,2286300,0.0,0.0
2022-05-09 00:00:00-04:00,30.306386103924048,30.75683774859991,30.10818628053121,30.216297149658203,2006200,0.0,0.0
2022-05-10 00:00:00-04:00,30.54062063246046,30.900979859634102,29.928006165924906,30.36043930053711,2355200,0.0,0.0
2022-05-11 00:00:00-04:00,30.279363663800865,31.51360035300763,30.279363663800865,30.621707916259766,2099600,0.0,0.0
2022-05-12 00:00:00-04:00,30.34241935916353,30.946022839799074,29.84692329779483,30.837915420532227,2697700,0.0,0.0
2022-05-13 00:00:00-04:00,30.792876569708042,32.09918710570929,30.792876569708042,31.42350959777832,2284200,0.0,0.0
2022-05-16 00:00:00-04:00,31.531612814978267,32.2703531831382,31.27936101219382,32.009090423583984,1879600,0.0,0.0
2022-05-17 00:00:00-04:00,32.70277832794513,33.45052947018367,32.49557104961538,32.900978088378906,2541600,0.0,0.0
2022-05-18 00:00:00-04:00,32.70278681933332,33.05413853193396,31.882965011040802,32.045127868652344,2212200,0.0,0.0
2022-05-19 00:00:00-04:00,31.72080417089579,32.36945564259667,31.477559869007962,31.8018856048584,3157500,0.0,0.0
2022-05-20 00:00:00-04:00,32.2343154417876,32.33341534379523,31.018097494739184,31.756837844848633,1741900,0.0,0.0
2022-05-23 00:00:00-04:00,32.18926794714915,32.45953819482343,31.66674592653522,31.92800521850586,1711300,0.0,0.0
2022-05-24 00:00:00-04:00,31.873955116840627,31.88296263640456,30.937014995239956,31.64872932434082,944300,0.0,0.0
2022-05-25 00:00:00-04:00,31.53161578766536,32.15323783313406,31.297382439664705,31.837923049926758,1158100,0.0,0.0
2022-05-26 00:00:00-04:00,32.08116783141171,32.78387132251037,32.08116783141171,32.576663970947266,1331800,0.0,0.0
2022-05-27 00:00:00-04:00,32.87396300069646,33.19828530259683,32.66675221697285,32.9460334777832,1748700,0.0,0.0
2022-05-31 00:00:00-04:00,32.94603030052245,33.13521915088761,32.29737888592986,32.65774154663086,3063600,0.0,0.0
2022-06-01 00:00:00-04:00,32.67576074398813,32.90098655272529,31.94602788647741,32.20729064941406,2389500,0.0,0.0
2022-06-02 00:00:00-04:00,32.42350871055358,32.99107527018627,32.05413852428193,32.97305679321289,3113100,0.0,0.0
2022-06-03 00:00:00-04:00,32.61269654655944,32.90098529579554,32.234315415266444,32.70278549194336,1639900,0.0,0.0
2022-06-06 00:00:00-04:00,32.90098533123019,33.37846292829055,32.486570683341085,32.6217041015625,2524200,0.0,0.0
2022-06-07 00:00:00-04:00,32.3334180114073,32.774862128587415,31.486570169545914,32.59468078613281,2209000,0.0,0.0
2022-06-08 00:00:00-04:00,32.432514256126574,32.63071405409378,32.0991810440959,32.27035140991211,1362700,0.0,0.0
2022-06-09 00:00:00-04:00,32.08116433104986,32.423508518166656,31.846927568458824,32.009090423583984,1772900,0.0,0.0
2022-06-10 00:00:00-04:00,31.288371949426057,31.504590258764743,30.288368712497327,30.324405670166016,3273200,0.0,0.0
2022-06-13 00:00:00-04:00,29.630708309868012,29.630708309868012,27.9009739446708,28.04511833190918,3224000,0.0,0.0
2022-06-14 00:00:00-04:00,27.022803612649593,28.07505091389027,26.98651838769486,27.53985595703125,3781000,0.213,0.0
2022-06-15 00:00:00-04:00,27.766632624585387,28.174831012547806,26.886734976639744,27.23143768310547,2788900,0.0,0.0
2022-06-16 00:00:00-04:00,26.41503916623622,26.641816625070003,25.408146695358305,25.75284767150879,4572000,0.0,0.0
2022-06-17 00:00:00-04:00,25.743779970457464,26.015913997269983,25.063447498688582,25.67121124267578,5587500,0.0,0.0
2022-06-21 00:00:00-04:00,26.378755312676294,26.71438673046272,26.079409120672093,26.251760482788086,2942500,0.0,0.0
2022-06-22 00:00:00-04:00,25.263006806754913,25.916125201907104,24.963660659371673,25.52606773376465,3257100,0.0,0.0
2022-06-23 00:00:00-04:00,25.444429846364212,25.607709891353235,24.609888739889513,24.854808807373047,3116000,0.0,0.0
2022-06-24 00:00:00-04:00,25.136014899163456,26.133836151102873,24.945522647611085,25.897987365722656,7153600,0.0,0.0
2022-06-27 00:00:00-04:00,26.28804525228581,26.51482273388974,25.870775516618515,26.0068416595459,2545500,0.0,0.0
2022-06-28 00:00:00-04:00,26.124761402376983,26.623672827702098,25.870771767103843,26.05219268798828,2624900,0.0,0.0
2022-06-29 00:00:00-04:00,26.505749704274564,26.750669783730302,25.544213729217486,26.08847999572754,2557900,0.0,0.0
2022-06-30 00:00:00-04:00,25.77099219552474,25.97055575124211,25.371863353915174,25.71656608581543,1902100,0.0,0.0
2022-07-01 00:00:00-04:00,25.30836652089996,26.024984190985283,24.981808124942294,25.952415466308594,1833700,0.0,0.0
2022-07-05 00:00:00-04:00,25.498860079719307,25.517000962955095,24.519181447818212,24.981807708740234,2883200,0.0,0.0
2022-07-06 00:00:00-04:00,24.900168225085135,25.31743796163897,24.50103937216525,25.208585739135742,2693300,0.0,0.0
2022-07-07 00:00:00-04:00,25.662141837759993,26.768815376398482,25.662141837759993,26.487611770629883,2838900,0.0,0.0
2022-07-08 00:00:00-04:00,26.67810146030413,26.741598875142614,26.179191717851946,26.24268913269043,1630800,0.0,0.0
2022-07-11 00:00:00-04:00,26.142907002423886,26.65088806122202,26.142907002423886,26.46039581298828,3152500,0.0,0.0
2022-07-12 00:00:00-04:00,26.34247262920545,26.841382387868872,26.306187402304552,26.569250106811523,1710600,0.0,0.0
2022-07-13 00:00:00-04:00,26.034052471026122,26.442250851058265,25.716563688662454,26.2971134185791,1526500,0.0,0.0
2022-07-14 00:00:00-04:00,25.589569774387947,25.87077509269485,25.253940076011755,25.84356117248535,1586300,0.0,0.0
2022-07-15 00:00:00-04:00,26.28804354172774,26.641817566528783,25.988697354695944,26.12476348876953,1451100,0.0,0.0
2022-07-18 00:00:00-04:00,26.496675214801385,26.968372704454378,26.288040385592215,26.333396911621094,1372300,0.0,0.0
2022-07-19 00:00:00-04:00,26.696244358038946,27.431002884999476,26.696244358038946,27.140727996826172,1653000,0.0,0.0
2022-07-20 00:00:00-04:00,26.95930463632286,27.140727301873156,26.551106234096846,26.886735916137695,1602000,0.0,0.0
2022-07-21 00:00:00-04:00,26.478542040282747,26.587394274080843,25.81635040894824,26.378759384155273,2817000,0.0,0.0
2022-07-22 00:00:00-04:00,26.523894937073464,26.641820200390384,25.97962861679714,26.34247398376465,2513300,0.0,0.0
2022-07-25 00:00:00-04:00,26.233617954401968,26.68717289709206,25.9342717614335,26.30618667602539,3232600,0.0,0.0
2022-07-26 00:00:00-04:00,26.215474384565404,26.47853707220755,25.861702095836055,25.925199508666992,1247100,0.0,0.0
2022-07-27 00:00:00-04:00,25.8889175470778,26.63274739315126,25.56235742727,26.542036056518555,1478600,0.0,0.0
2022-07-28 00:00:00-04:00,26.687173287652158,26.913950762316034,26.242689644931936,26.46039581298828,1405200,0.0,0.0
2022-07-29 00:00:00-04:00,26.641817917931093,27.068158938364984,26.23361778015146,26.269901275634766,4434900,0.0,0.0
2022-08-01 00:00:00-04:00,26.079409288341697,26.46946681713443,25.408148178627965,26.360612869262695,2516100,0.0,0.0
2022-08-02 00:00:00-04:00,26.605533639480615,27.349363490205448,26.133836070180774,26.650888442993164,4315000,0.0,0.0
2022-08-03 00:00:00-04:00,26.74159856716969,26.94116384599208,25.489787707153237,26.10662269592285,2295500,0.0,0.0
2022-08-04 00:00:00-04:00,25.99777027041595,26.31525908969204,25.643997953888945,25.952415466308594,1765700,0.0,0.0
2022-08-05 00:00:00-04:00,25.789136024320353,26.39689975693994,25.75285079602072,26.233619689941406,1452400,0.0,0.0
2022-08-08 00:00:00-04:00,26.378756039749724,26.832310993480068,26.378756039749724,26.55110740661621,1717200,0.0,0.0
2022-08-09 00:00:00-04:00,26.215474009287743,26.578317598966606,26.00683916149423,26.532962799072266,2860700,0.0,0.0
2022-08-10 00:00:00-04:00,26.91394855255315,27.33121824119095,26.342470124598194,26.36968231201172,2604200,0.0,0.0
2022-08-11 00:00:00-04:00,26.814165559171965,27.385645709648973,26.77788206638157,26.941162109375,2795900,0.0,0.0
2022-08-12 00:00:00-04:00,27.11351247947994,27.240509033203125,26.913948938164516,27.240509033203125,2115500,0.0,0.0
2022-08-15 00:00:00-04:00,26.78695470569637,27.113513077766097,26.696243373942377,26.714385986328125,2074300,0.0,0.0
2022-08-16 00:00:00-04:00,27.05001526077017,28.183902565330786,26.96837523642783,28.1113338470459,4054000,0.0,0.0
2022-08-17 00:00:00-04:00,27.60335435590307,27.99341188721682,27.458216911252578,27.966197967529297,3926800,0.0,0.0
2022-08-18 00:00:00-04:00,28.020623337400995,28.65560093862402,27.857343283933655,28.428823471069336,3427400,0.0,0.0
2022-08-19 00:00:00-04:00,28.129477502543473,28.338112359079407,27.50357120276088,27.784774780273438,2729100,0.0,0.0
2022-08-22 00:00:00-04:00,27.304009080928967,27.304009080928967,26.659960134667443,26.768814086914062,1640400,0.0,0.0
2022-08-23 00:00:00-04:00,26.923023717353978,27.431004807254546,26.868597604551223,27.177013397216797,2857700,0.0,0.0
2022-08-24 00:00:00-04:00,27.086300578164106,27.204224096967135,26.415039499176363,26.61460304260254,2087200,0.0,0.0
2022-08-25 00:00:00-04:00,26.88673769146166,27.594284057617188,26.75067154840191,27.594284057617188,1896600,0.0,0.0
2022-08-26 00:00:00-04:00,27.639638385105396,27.857344556280356,26.632747559693055,26.650888442993164,1767500,0.0,0.0
2022-08-29 00:00:00-04:00,26.22454522881009,26.85045150030102,25.961484275976034,26.47853660583496,1826100,0.0,0.0
2022-08-30 00:00:00-04:00,26.57831851365129,26.650887234084493,25.634925148019644,26.10662269592285,1590200,0.0,0.0
2022-08-31 00:00:00-04:00,26.179191596877594,26.179191596877594,25.362791323656012,25.417219161987305,2751800,0.0,0.0
2022-09-01 00:00:00-04:00,25.072514957494004,25.290221107422823,24.401253896003137,24.818525314331055,3155500,0.0,0.0
2022-09-02 00:00:00-04:00,25.48978573412582,25.625851858134084,24.46475069090266,24.58267593383789,2291200,0.0,0.0
2022-09-06 00:00:00-04:00,24.83666830248237,24.990877054700288,24.04748365832437,24.12912368774414,2327400,0.0,0.0
2022-09-07 00:00:00-04:00,24.120050518183913,24.301473176254316,23.9476991660345,24.174476623535156,2418300,0.0,0.0
2022-09-08 00:00:00-04:00,23.875133968191673,24.392186370682115,23.675570399037014,24.083768844604492,2103800,0.0,0.0
2022-09-09 00:00:00-04:00,24.50104013210453,24.954595110343767,24.482897517732976,24.745960235595703,2393600,0.0,0.0
2022-09-12 00:00:00-04:00,25.299291966858142,25.798203398877693,25.28115108564852,25.444429397583008,3108700,0.0,0.0
2022-09-13 00:00:00-04:00,24.564535408853214,24.92737901374972,23.811634279877417,23.893274307250977,2524100,0.0,0.0
2022-09-14 00:00:00-04:00,23.795423314729415,24.133789227692677,23.265010422173972,24.097209930419922,3759000,0.213,0.0
2022-09-15 00:00:00-04:00,23.950890806499736,24.64591494257002,23.950890806499736,24.243532180786133,3690100,0.0,0.0
2022-09-16 00:00:00-04:00,22.99065588764375,23.722260957944822,22.74374085528656,23.48448944091797,6991900,0.0,0.0
2022-09-19 00:00:00-04:00,22.926643903450284,23.70397363224867,22.835193039306915,23.5850887298584,3406800,0.0,0.0
2022-09-20 00:00:00-04:00,22.89920852521581,23.200995138233235,22.560840870969578,23.063817977905273,3349200,0.0,0.0
2022-09-21 00:00:00-04:00,23.31073385318725,23.42962048820786,22.414519309819514,22.432809829711914,2295000,0.0,0.0
2022-09-22 00:00:00-04:00,22.542549609988274,22.65229098579039,22.23161774687561,22.551694869995117,2520300,0.0,0.0
2022-09-23 00:00:00-04:00,22.094442383483955,22.22247253529878,21.527450216064018,21.90239715576172,2659400,0.0,0.0
2022-09-26 00:00:00-04:00,21.79265609042447,22.41451982687113,21.719495753447216,21.948122024536133,3618800,0.0,0.0
2022-09-27 00:00:00-04:00,22.23161794430671,22.350504581171457,21.774365405583858,22.057863235473633,2572800,0.0,0.0
2022-09-28 00:00:00-04:00,22.112735023994862,22.725453550304106,21.94812381628788,22.634002685546875,2637000,0.0,0.0
2022-09-29 00:00:00-04:00,22.3596483820508,22.661434968141844,22.167601421294737,22.45109748840332,1945300,0.0,0.0
2022-09-30 00:00:00-04:00,22.533406594371908,22.862629010289734,22.286491526713707,22.441957473754883,1811500,0.0,0.0
2022-10-03 00:00:00-04:00,22.92664284247188,23.575942377989946,22.83519198256059,23.3747501373291,1883000,0.0,0.0
2022-10-04 00:00:00-04:00,23.676536205794044,24.307545205862397,23.612521128622475,24.088064193725586,2214800,0.0,0.0
2022-10-05 00:00:00-04:00,23.56679424163275,24.636765160178353,23.530213204420317,24.536169052124023,3220000,0.0,0.0
2022-10-06 00:00:00-04:00,24.252677877861824,24.389853306490142,23.57594425158595,23.63995933532715,3059900,0.0,0.0
2022-10-07 00:00:00-04:00,23.429621242742705,23.676536292121884,23.06381781023422,23.173559188842773,1781600,0.0,0.0
2022-10-10 00:00:00-04:00,23.365604088132386,23.56679632200137,23.265009715477905,23.31987953186035,1320500,0.0,0.0
2022-10-11 00:00:00-04:00,23.05467096063561,23.786276030936683,22.86262574166003,23.48448944091797,2419100,0.0,0.0
2022-10-12 00:00:00-04:00,23.52106985469358,23.822856459077485,23.301588846439827,23.42962074279785,1614900,0.0,0.0
2022-10-13 00:00:00-04:00,22.77117609937914,24.3715599863033,22.734596803275053,23.777132034301758,2442800,0.0,0.0
2022-10-14 00:00:00-04:00,24.078920431394767,24.22524111525481,23.374751050143235,23.658248901367188,2312500,0.0,0.0
2022-10-17 00:00:00-04:00,24.20694925672715,24.51788112882668,23.76798722939136,23.978322982788086,1907600,0.0,0.0
2022-10-18 00:00:00-04:00,24.60018412296592,25.002566810903375,24.27096350945333,24.536169052124023,1943000,0.0,0.0
2022-10-19 00:00:00-04:00,24.325837344298737,24.719074837971544,23.9783244104241,24.005760192871094,2299800,0.0,0.0
2022-10-20 00:00:00-04:00,24.152077519471177,24.929407137928123,23.868581450720963,24.014902114868164,2130200,0.0,0.0
2022-10-21 00:00:00-04:00,24.115499448644584,24.8836821022375,24.0423391128605,24.76479721069336,2056700,0.0,0.0
2022-10-24 00:00:00-04:00,24.892827345594377,25.2860648042758,24.609331262655672,25.030004501342773,2565800,0.0,0.0
2022-10-25 00:00:00-04:00,24.837959523226832,25.59699872150049,24.810523741019303,25.414098739624023,1703300,0.0,0.0
2022-10-26 00:00:00-04:00,25.560416231621964,25.67015585819084,25.030003385125976,25.04829216003418,1576000,0.0,0.0
2022-10-27 00:00:00-04:00,25.167179913394065,25.478111776345646,24.847102790440378,24.993423461914062,1648700,0.0,0.0
2022-10-28 00:00:00-04:00,24.901973582222706,25.15803563947818,24.38070595163126,24.74650764465332,2976100,0.0,0.0
2022-10-31 00:00:00-04:00,24.609330021861638,24.856246796623306,24.444718838687194,24.47215461730957,2426400,0.0,0.0
2022-11-01 00:00:00-04:00,24.801377773158585,25.030004036116505,24.5270252110411,24.755651473999023,3052100,0.0,0.0
2022-11-02 00:00:00-04:00,24.709924839578413,25.121451031701422,24.170366764863516,24.17951202392578,2521200,0.0,0.0
2022-11-03 00:00:00-04:00,23.79542702623602,24.106358950812535,23.42048001323734,23.71312141418457,2722500,0.0,0.0
2022-11-04 00:00:00-04:00,23.219284940052383,25.53298357155769,23.1918509021992,24.801380157470703,4262300,0.0,0.0
2022-11-07 00:00:00-05:00,24.691637539505923,25.14889008653381,24.325835850739622,24.435575485229492,2330400,0.0,0.0
2022-11-08 00:00:00-05:00,24.627622462006826,24.746507356750858,24.124643613708127,24.435575485229492,3007000,0.0,0.0
2022-11-09 00:00:00-05:00,24.124644191084297,24.28925539103879,23.55765199599669,23.566797256469727,1871100,0.0,0.0
2022-11-10 00:00:00-05:00,24.42643059799758,25.450677086464797,24.334981482619494,25.35922622680664,4052700,0.0,0.0
2022-11-11 00:00:00-05:00,25.84391071956679,26.86815531147086,25.551269407594198,26.5389347076416,2955300,0.0,0.0
2022-11-14 00:00:00-05:00,26.063394838492414,26.968754660410653,26.063394838492414,26.374326705932617,2068300,0.0,0.0
2022-11-15 00:00:00-05:00,26.676113525115824,26.904739797444797,25.76160843579993,25.80733299255371,1655000,0.0,0.0
2022-11-16 00:00:00-05:00,25.578707217642737,25.798188234033102,25.286065862455587,25.587852478027344,2262300,0.0,0.0
2022-11-17 00:00:00-05:00,25.158034985958302,25.1671802460813,24.691637185365575,24.847103118896484,2336800,0.0,0.0
2022-11-18 00:00:00-05:00,25.167177833503818,25.212902385455532,24.76479514806528,25.06658172607422,1767900,0.0,0.0
2022-11-21 00:00:00-05:00,24.700781487168978,25.240339603532355,24.472155225804155,25.057437896728516,1762400,0.0,0.0
2022-11-22 00:00:00-05:00,25.340935628776375,26.163991618910917,25.27692055049481,26.08168601989746,1901000,0.0,0.0
2022-11-23 00:00:00-05:00,25.981086416300002,26.28287299078886,25.981086416300002,26.12740707397461,1113400,0.0,0.0
2022-11-25 00:00:00-05:00,26.054251020749614,26.438343246246564,25.999381201187223,26.173137664794922,712300,0.0,0.0
2022-11-28 00:00:00-05:00,25.789045889174176,25.889640269413352,25.12145580501888,25.267776489257812,2477900,0.0,0.0
2022-11-29 00:00:00-05:00,25.395809047608275,25.478114652638922,24.975135761420482,25.20376205444336,2496300,0.0,0.0
2022-11-30 00:00:00-05:00,25.112306126950486,25.414094447423718,24.472153682078353,25.404949188232422,2301100,0.0,0.0
2022-12-01 00:00:00-05:00,25.505544831924333,25.75246160965246,25.203758240572153,25.240339279174805,1904300,0.0,0.0
2022-12-02 00:00:00-05:00,25.10316523742248,26.07254013744277,24.938554043323183,25.91707420349121,1824900,0.0,0.0
2022-12-05 00:00:00-05:00,25.68844809842586,26.136555382877045,25.560417944091245,25.80733299255371,1714300,0.0,0.0
2022-12-06 00:00:00-05:00,25.798186627903092,26.118263744316867,25.377515142081524,25.706737518310547,1774900,0.0,0.0
2022-12-07 00:00:00-05:00,25.542128840336748,25.99938141035558,25.48725902033292,25.798189163208008,1464200,0.0,0.0
2022-12-08 00:00:00-05:00,26.05425143852824,26.182281600986812,25.41409888195525,25.496402740478516,1154000,0.0,0.0
2022-12-09 00:00:00-05:00,25.551270168698387,26.02681144267905,25.45067406060639,25.71588134765625,1800400,0.0,0.0
2022-12-12 00:00:00-05:00,25.679302857978286,25.706738638619683,25.286065390185065,25.61528778076172,2168000,0.0,0.0
2022-12-13 00:00:00-05:00,26.42919736224519,26.776710281264126,25.97194480668981,26.008525848388672,2047300,0.0,0.0
2022-12-14 00:00:00-05:00,25.845433381391857,26.057358062481246,25.522942739947066,25.624296188354492,1430100,0.213,0.0
2022-12-15 00:00:00-05:00,25.200452746298264,25.200452746298264,24.68446591329644,24.73053550720215,1644000,0.0,0.0
2022-12-16 00:00:00-05:00,24.518612473096294,25.09909743840679,24.490969662389183,25.03459930419922,3701500,0.0,0.0
2022-12-19 00:00:00-05:00,24.99773985406381,25.3294465213418,24.573894008046096,24.693675994873047,1642400,0.0,0.0
2022-12-20 00:00:00-05:00,24.62918233370609,25.587445431887993,24.592327007014287,25.053030014038086,2185200,0.0,0.0
2022-12-21 00:00:00-05:00,25.09909416686421,25.38472947717046,25.09909416686421,25.2373046875,1177500,0.0,0.0
2022-12-22 00:00:00-05:00,24.979313072781174,25.01616839278863,24.186903482035834,24.693675994873047,1171500,0.0,0.0
2022-12-23 00:00:00-05:00,24.69367592547722,25.495299783332193,24.61074925889077,25.449230194091797,1433100,0.0,0.0
2022-12-27 00:00:00-05:00,25.458444376338587,25.69801012247956,25.366305191812458,25.58744239807129,1743800,0.0,0.0
2022-12-28 00:00:00-05:00,25.63351031675709,25.790149380643964,24.98852727997281,24.997739791870117,1114900,0.0,0.0
2022-12-29 00:00:00-05:00,24.99774241039945,25.569014867193363,24.95167281631839,25.513731002807617,852600,0.0,0.0
2022-12-30 00:00:00-05:00,25.38473051980714,25.486085725909376,25.043811338732297,25.320232391357422,1270900,0.0,0.0
2023-01-03 00:00:00-05:00,25.3663073414673,25.7072265709665,25.182025441913588,25.605873107910156,1400900,0.0,0.0
2023-01-04 00:00:00-05:00,25.771721499889434,26.96955018296897,25.744080448607516,26.895837783813477,2716700,0.0,0.0
2023-01-05 00:00:00-05:00,26.656273015898883,27.494752245804168,26.44435008030574,27.439468383789062,2580700,0.0,0.0
2023-01-06 00:00:00-05:00,27.651389754695764,28.60043841237051,27.651389754695764,28.554367065429688,1997100,0.0,0.0
2023-01-09 00:00:00-05:00,28.655724535947726,28.93214560966976,28.25030543803873,28.268733978271484,1928400,0.0,0.0
2023-01-10 00:00:00-05:00,28.18580657082474,28.545154308795922,27.854099885040707,28.52672576904297,1394500,0.0,0.0
2023-01-11 00:00:00-05:00,28.7939335750168,28.96900118323673,28.462226897851092,28.618865966796875,1712800,0.0,0.0
2023-01-12 00:00:00-05:00,28.655724623326513,29.042715182182793,28.499085545755108,28.89529037475586,1297400,0.0,0.0
2023-01-13 00:00:00-05:00,28.55436672374832,28.74786286370004,28.48065432696723,28.674150466918945,1225200,0.0,0.0
2023-01-17 00:00:00-05:00,28.600442338172254,28.664940475300476,27.95545745200521,28.250307083129883,1960300,0.0,0.0
2023-01-18 00:00:00-05:00,28.480659337064438,28.72943937900489,28.10288301742559,28.158166885375977,1942600,0.0,0.0
2023-01-19 00:00:00-05:00,27.946241922772895,28.296375404604323,27.494753225766058,28.139738082885742,1460700,0.0,0.0
2023-01-20 00:00:00-05:00,28.222664587587147,29.0795724360519,27.87253108606171,29.051931381225586,1874400,0.0,0.0
2023-01-23 00:00:00-05:00,28.978217133225247,29.604773445340307,28.93214578236835,29.521846771240234,1739300,0.0,0.0
2023-01-24 00:00:00-05:00,29.208568202690884,29.512630326840647,28.941359643821507,29.33756446838379,1482600,0.0,0.0
2023-01-25 00:00:00-05:00,29.04271485683297,29.42049114131275,28.913716833697748,29.33756446838379,1140900,0.0,0.0
2023-01-26 00:00:00-05:00,29.088781265051676,29.41127365142084,28.766288878682516,29.2362060546875,1824600,0.0,0.0
2023-01-27 00:00:00-05:00,29.097997768485698,29.420490179618678,28.91371588856907,28.950572967529297,1216300,0.0,0.0
2023-01-30 00:00:00-05:00,28.646509406616943,28.978216091088136,28.45301325486132,28.508298873901367,1401800,0.0,0.0
2023-01-31 00:00:00-05:00,28.600440673705737,29.226995224660715,28.56358359323892,29.19935417175293,1547600,0.0,0.0
2023-02-01 00:00:00-05:00,29.042714607388632,30.286611175754697,28.95978793517192,30.083904266357422,1695000,0.0,0.0
2023-02-02 00:00:00-05:00,30.065474792513594,30.830239843747833,29.890405426113922,30.63674545288086,2234400,0.0,0.0
2023-02-03 00:00:00-05:00,30.28661221219608,30.553820777914606,30.185256996586656,30.49853515625,1107800,0.0,0.0
2023-02-06 00:00:00-05:00,30.176045442422183,30.258972120111256,29.46656242550119,29.954906463623047,1499000,0.0,0.0
2023-02-07 00:00:00-05:00,29.89962149586085,30.26818173876848,29.71533961696479,30.176042556762695,1052100,0.0,0.0
2023-02-08 00:00:00-05:00,30.037832202234505,30.19447303958781,29.309922424372356,29.402063369750977,1670500,0.0,0.0
2023-02-09 00:00:00-05:00,29.65084375601538,29.918052325122186,29.015073158349505,29.11642837524414,1246400,0.0,0.0
2023-02-10 00:00:00-05:00,28.941358773213445,29.02428544364782,28.526725421041572,28.646509170532227,2145100,0.0,0.0
2023-02-13 00:00:00-05:00,28.71100593617727,29.079567922002987,28.453011667378178,28.84921646118164,1761500,0.0,0.0
2023-02-14 00:00:00-05:00,28.720225125711114,28.83079461912214,28.38851840292051,28.471445083618164,1873000,0.0,0.0
2023-02-15 00:00:00-05:00,28.14894745966437,28.58200932539106,28.093663601837914,28.35165786743164,1984600,0.0,0.0
2023-02-16 00:00:00-05:00,28.001523770692373,28.324016176033265,27.79881511237861,28.29637336730957,1587700,0.0,0.0
2023-02-17 00:00:00-05:00,28.3700908441758,28.48987284777929,28.102882267567548,28.250307083129883,2950600,0.0,0.0
2023-02-21 00:00:00-05:00,27.503967289412206,27.58689396348877,26.038931723982692,26.573347091674805,5803200,0.0,0.0
2023-02-22 00:00:00-05:00,26.518062485740224,27.061692108382374,26.26006820056423,26.66548728942871,2653300,0.0,0.0
2023-02-23 00:00:00-05:00,26.665487420717646,27.006406621884945,26.582560748554293,26.674701690673828,2701100,0.0,0.0
2023-02-24 00:00:00-05:00,26.158712301753994,27.098546718658774,26.066573119951055,27.08011817932129,5349800,0.0,0.0
2023-02-27 00:00:00-05:00,27.18147494776436,27.476324564312048,27.11697681382485,27.19990348815918,2116900,0.0,0.0
2023-02-28 00:00:00-05:00,27.199901416480788,27.45789393258886,27.02483381094873,27.034048080444336,2770300,0.0,0.0
2023-03-01 00:00:00-05:00,27.070904648881545,27.854100017689017,27.00640651688133,27.761959075927734,2537800,0.0,0.0
2023-03-02 00:00:00-05:00,27.58689197898909,27.918596893991378,27.40261010375499,27.808029174804688,1668100,0.0,0.0
2023-03-03 00:00:00-05:00,28.029167043775068,28.121307983604996,27.642176502443174,28.01995277404785,1293700,0.0,0.0
2023-03-06 00:00:00-05:00,27.946238832259805,28.0107369593506,26.573344352588716,26.812910079956055,2716700,0.0,0.0
2023-03-07 00:00:00-05:00,26.7576294519454,26.96955239723657,26.02050364242838,26.140287399291992,1613500,0.0,0.0
2023-03-08 00:00:00-05:00,26.177141503606734,26.628630184148335,26.011288160256296,26.508848190307617,1841000,0.0,0.0
2023-03-09 00:00:00-05:00,26.481205357108266,26.67470150999288,25.55058518714486,25.578227996826172,1721600,0.0,0.0
2023-03-10 00:00:00-05:00,25.587440781673234,25.587440781673234,24.79503119122177,25.145166397094727,2416900,0.0,0.0
2023-03-13 00:00:00-04:00,24.398826473038984,25.36630366948188,24.2974730246544,25.006954193115234,3055700,0.0,0.0
2023-03-14 00:00:00-04:00,25.655788659908907,26.204227754651516,25.479172229485783,25.83240509033203,2604200,0.238,0.0
2023-03-15 00:00:00-04:00,25.042280074446186,25.488467258336254,24.735526163897983,25.35832977294922,3027000,0.0,0.0
2023-03-16 00:00:00-04:00,25.04228110962288,25.99972425967451,24.86566467716089,25.92535972595215,4205500,0.0,0.0
2023-03-17 00:00:00-04:00,25.74874433543845,25.90676918673572,25.265373993471464,25.73944854736328,15488700,0.0,0.0
2023-03-20 00:00:00-04:00,25.999722958705732,26.222816548709712,25.67437924806884,25.962541580200195,2738000,0.0,0.0
2023-03-21 00:00:00-04:00,26.39013708323941,26.56675350618648,26.027610222497216,26.250703811645508,2071400,0.0,0.0
2023-03-22 00:00:00-04:00,26.325068313002316,26.436615993951413,25.432693957370486,25.46987533569336,1404800,0.0,0.0
2023-03-23 00:00:00-04:00,25.674378222453427,25.823107276514794,24.614681496028467,24.791297912597656,2951700,0.0,0.0
2023-03-24 00:00:00-04:00,24.503135054927892,25.088755470835363,24.326518642229708,25.01439094543457,2525500,0.0,0.0
2023-03-27 00:00:00-04:00,25.349032196233207,25.349032196233207,24.828478745437522,25.01439094543457,2408900,0.0,0.0
2023-03-28 00:00:00-04:00,24.958617516944617,25.349031711074115,24.744819732133017,24.977209091186523,2189500,0.0,0.0
2023-03-29 00:00:00-04:00,25.38621308656782,25.432692022172585,24.819184256110535,24.977209091186523,3161100,0.0,0.0
2023-03-30 00:00:00-04:00,25.2374848162703,25.311849342539258,24.605385456489095,24.614681243896484,2108100,0.0,0.0
2023-03-31 00:00:00-04:00,24.689048277589304,25.46058098085802,24.6704584738767,25.432695388793945,3053000,0.0,0.0
2023-04-03 00:00:00-04:00,25.64649147092197,25.748743362896423,25.00509630188351,25.34903335571289,2852500,0.0,0.0
2023-04-04 00:00:00-04:00,25.256078129089584,25.265373917136667,24.540318406376816,24.72623062133789,2644000,0.0,0.0
2023-04-05 00:00:00-04:00,24.47524905890642,24.68904685974121,24.307928424169543,24.68904685974121,2909000,0.0,0.0
2023-04-06 00:00:00-04:00,24.568206728301963,24.58679830512091,24.20567984528418,24.335817337036133,2311400,0.0,0.0
2023-04-10 00:00:00-04:00,24.438068521114023,24.995801625431834,24.33581662459362,24.902847290039062,1818200,0.0,0.0
2023-04-11 00:00:00-04:00,24.97721067351075,25.274668788265007,24.97721067351075,25.060869216918945,1322800,0.0,0.0
2023-04-12 00:00:00-04:00,25.367625901848186,25.40480728117695,24.819186816074204,24.93073272705078,1303900,0.0,0.0
2023-04-13 00:00:00-04:00,24.940027003179985,25.823107314328894,24.828479325975525,25.600013732910156,3463600,0.0,0.0
2023-04-14 00:00:00-04:00,25.50705765786943,25.69296808942104,24.772706400218567,25.05157470703125,2639200,0.0,0.0
2023-04-17 00:00:00-04:00,25.098051428688333,25.516352995029198,24.92143501478995,25.479169845581055,1419600,0.0,0.0
2023-04-18 00:00:00-04:00,25.70226626103981,25.7766307951564,25.339739378845227,25.609310150146484,1240100,0.0,0.0
2023-04-19 00:00:00-04:00,25.423396775991886,25.869583929350636,25.283963512191047,25.82310676574707,1653100,0.0,0.0
2023-04-20 00:00:00-04:00,25.534943138623163,25.850992821203036,25.153824716628055,25.367624282836914,1454500,0.0,0.0
2023-04-21 00:00:00-04:00,25.18171048631634,25.19100627321486,24.540315374239064,24.912137985229492,2368600,0.0,0.0
2023-04-24 00:00:00-04:00,25.023687533887504,25.20030395224021,24.874958478324235,24.967914581298828,2313600,0.0,0.0
2023-04-25 00:00:00-04:00,24.596088214214028,24.86566071411253,24.02905939982451,24.131309509277344,1190700,0.0,0.0
2023-04-26 00:00:00-04:00,24.084834960858768,24.261451384332418,23.8245582195813,23.880332946777344,1239800,0.0,0.0
2023-04-27 00:00:00-04:00,24.00117598769849,24.205679786227293,23.833855342716863,24.10342788696289,1318100,0.0,0.0
2023-04-28 00:00:00-04:00,24.112723028268434,24.986505837294498,24.112723028268434,24.902847290039062,1621300,0.0,0.0
2023-05-01 00:00:00-04:00,24.921437133546778,25.060870409851276,24.60538742832842,24.84707260131836,1557900,0.0,0.0
2023-05-02 00:00:00-04:00,24.568203959630278,24.605385336087735,23.908217240856413,24.438066482543945,1338500,0.0,0.0
2023-05-03 00:00:00-04:00,24.568206550932455,24.912141854648254,24.372998541723476,24.391590118408203,1255600,0.0,0.0
2023-05-04 00:00:00-04:00,24.34511114212453,24.847071264410598,23.852445034500434,24.59609031677246,2413000,0.0,0.0
2023-05-05 00:00:00-04:00,24.94002890588806,24.967916270564285,24.094131680269403,24.763412475585938,2585500,0.0,0.0
2023-05-08 00:00:00-04:00,24.884254706713985,24.958619235812893,24.205678157062668,24.224267959594727,2042300,0.0,0.0
2023-05-09 00:00:00-04:00,23.93610503588003,24.038356925720258,23.564282399629445,23.666532516479492,2391600,0.0,0.0
2023-05-10 00:00:00-04:00,23.843152527466092,23.982585815453174,23.378373718848856,23.517807006835938,1560500,0.0,0.0
2023-05-11 00:00:00-04:00,23.238939264245047,23.56428476854255,23.043733025460764,23.266826629638672,1763300,0.0,0.0
2023-05-12 00:00:00-04:00,23.396965881808814,23.471330422127618,23.238941012007544,23.294713973999023,806200,0.0,0.0
2023-05-15 00:00:00-04:00,23.452738257307995,23.610763123157476,23.28541760252732,23.517807006835938,1133000,0.0,0.0
2023-05-16 00:00:00-04:00,23.359777680464017,23.462029566191873,23.025138207792132,23.043729782104492,967800,0.0,0.0
2023-05-17 00:00:00-04:00,23.164571933055367,23.65723802425846,23.034434456242913,23.629350662231445,1620600,0.0,0.0
2023-05-18 00:00:00-04:00,23.499213553836363,24.08483398166383,23.3411887125194,23.982582092285156,1485000,0.0,0.0
2023-05-19 00:00:00-04:00,24.140605911353134,24.16849327263646,23.60146267080623,23.620054244995117,1394400,0.0,0.0
2023-05-22 00:00:00-04:00,23.778080616113478,23.92680967325492,23.666532936762287,23.787376403808594,1174400,0.0,0.0
2023-05-23 00:00:00-04:00,23.79667162565041,24.30792752579336,23.787375838176338,24.03835678100586,1837000,0.0,0.0
2023-05-24 00:00:00-04:00,23.926808593802342,24.010468906293866,23.592167343836252,23.685123443603516,1268700,0.0,0.0
2023-05-25 00:00:00-04:00,23.592166588816962,23.750191421467004,23.13668366482333,23.49921226501465,1492300,0.0,0.0
2023-05-26 00:00:00-04:00,23.685123698742743,23.685123698742743,23.211049180514035,23.341188430786133,1616100,0.0,0.0
2023-05-30 00:00:00-04:00,23.29471236416765,23.369076899347334,22.91359389974798,22.950777053833008,1797000,0.0,0.0
2023-05-31 00:00:00-04:00,22.727681072098264,22.820635401611646,21.96544244996116,22.076990127563477,3058200,0.0,0.0
2023-06-01 00:00:00-04:00,22.10487881650926,22.48599726394991,21.872489432802016,22.327972412109375,2131000,0.0,0.0
2023-06-02 00:00:00-04:00,22.81134585335397,23.954701350935334,22.74627532776799,23.824562072753906,2543900,0.0,0.0
2023-06-05 00:00:00-04:00,23.787378686881635,23.84315164541512,23.23893957116296,23.647945404052734,2028800,0.0,0.0
2023-06-06 00:00:00-04:00,23.80596724234536,24.642568606118655,23.80596724234536,24.614681243896484,2581700,0.0,0.0
2023-06-07 00:00:00-04:00,24.596093458755853,24.744824307199817,24.298635307848787,24.6425724029541,1773300,0.0,0.0
2023-06-08 00:00:00-04:00,24.661159271769375,24.698340647038034,23.65723731765421,23.90821647644043,2388800,0.0,0.0
2023-06-09 00:00:00-04:00,23.954696878852683,24.056946996846307,23.201754037410275,23.32259750366211,2928800,0.0,0.0
2023-06-12 00:00:00-04:00,23.3504855160008,23.805968484793866,23.19246066780808,23.304006576538086,2712700,0.0,0.0
2023-06-13 00:00:00-04:00,23.5921674124916,24.187085388939263,23.471325723535596,23.94540023803711,2020700,0.0,0.0
2023-06-14 00:00:00-04:00,24.05611169991405,24.168699596224513,23.455647691655322,23.708969116210938,1324800,0.238,0.0
2023-06-15 00:00:00-04:00,23.558854716534416,24.12178886780377,23.399356229801693,23.943527221679688,1913600,0.0,0.0
2023-06-16 00:00:00-04:00,24.046728962981494,24.14055191062631,23.652674014492376,23.868467330932617,2895200,0.0,0.0
2023-06-20 00:00:00-04:00,23.530703822843545,23.87784816848508,23.43688088162769,23.55885124206543,2582100,0.0,0.0
2023-06-21 00:00:00-04:00,23.27738409672804,23.755879520857253,23.12726809576874,23.49317741394043,2157700,0.0,0.0
2023-06-22 00:00:00-04:00,23.12726809576874,23.511940571917425,22.995917042310328,23.49317741394043,1378900,0.0,0.0
2023-06-23 00:00:00-04:00,23.192944418497994,23.859085761450768,23.13665136358721,23.8309383392334,4062500,0.0,0.0
2023-06-26 00:00:00-04:00,23.952908410243708,24.29066852496812,23.708969456011452,24.140552520751953,1842300,0.0,0.0
2023-06-27 00:00:00-04:00,24.00920427280268,24.543992824067534,23.943528736966524,24.40325927734375,1526800,0.0,0.0
2023-06-28 00:00:00-04:00,24.33758084515094,24.862986858837022,24.178082367305745,24.816076278686523,2250800,0.0,0.0
2023-06-29 00:00:00-04:00,24.72225111019894,25.566654003795694,24.656575588072624,25.425920486450195,2751700,0.0,0.0
2023-06-30 00:00:00-04:00,25.622950920416226,25.67924576747071,25.3133364197127,25.350866317749023,2124900,0.0,0.0
2023-07-03 00:00:00-04:00,25.36962923788488,26.007621347763994,25.341481816608667,25.876270294189453,1065400,0.0,0.0
2023-07-05 00:00:00-04:00,25.566656703207613,25.679244602685674,24.90989783355417,25.022485733032227,1899700,0.0,0.0
2023-07-06 00:00:00-04:00,24.797310295877068,24.956808767065443,24.440783459327132,24.928661346435547,1606900,0.0,0.0
2023-07-07 00:00:00-04:00,24.90051442944075,26.23279339235953,24.90051442944075,26.026384353637695,3926700,0.0,0.0
2023-07-10 00:00:00-04:00,26.01700675474413,26.270328206218448,25.482218216869967,25.538511276245117,1759700,0.0,0.0
2023-07-11 00:00:00-04:00,25.698008497671417,26.148358318963883,25.698008497671417,26.035770416259766,1539000,0.0,0.0
2023-07-12 00:00:00-04:00,26.486117541691595,26.99276040223715,26.486117541691595,26.889554977416992,2554500,0.0,0.0
2023-07-13 00:00:00-04:00,26.964611338029606,27.02090438926517,26.486115928717712,26.654996871948242,1801400,0.0,0.0
2023-07-14 00:00:00-04:00,26.589322565041797,26.598705038931413,25.848123233477335,26.23279571533203,1581900,0.0,0.0
2023-07-17 00:00:00-04:00,26.185885805011946,26.185885805011946,25.538509406265554,25.838743209838867,1487700,0.0,0.0
2023-07-18 00:00:00-04:00,25.84812301090563,26.317235964203547,25.84812301090563,26.242177963256836,1106600,0.0,0.0
2023-07-19 00:00:00-04:00,26.289091520961954,26.495500585517217,26.157738671223168,26.420442581176758,935900,0.0,0.0
2023-07-20 00:00:00-04:00,26.561171392533254,26.561171392533254,26.138970864265115,26.307851791381836,713900,0.0,0.0
2023-07-21 00:00:00-04:00,26.429823532586465,26.75820295372702,26.035768585122575,26.701908111572266,1340100,0.0,0.0
2023-07-24 00:00:00-04:00,26.74881981702341,27.03028686272507,26.467350981797914,26.654996871948242,1496100,0.0,0.0
2023-07-25 00:00:00-04:00,26.730056682070675,27.762105568809968,26.54241256872423,27.48063850402832,2358800,0.0,0.0
2023-07-26 00:00:00-04:00,27.33990550521773,27.621374383440074,27.236701860441233,27.53693389892578,1049300,0.0,0.0
2023-07-27 00:00:00-04:00,27.593226232027305,27.743342247315915,27.32114162538822,27.33990478515625,1585000,0.0,0.0
2023-07-28 00:00:00-04:00,27.649516333515265,27.96851327927076,27.649516333515265,27.9028377532959,1515100,0.0,0.0
2023-07-31 00:00:00-04:00,27.90283707682469,28.052953072420376,27.705810503676783,27.930984497070312,1641900,0.0,0.0
2023-08-01 00:00:00-04:00,26.50488267356128,28.006044528021754,26.354766667067626,27.030288696289062,4687700,0.0,0.0
2023-08-02 00:00:00-04:00,26.66438154266424,27.508784538875382,26.289091520961954,26.420442581176758,2467300,0.0,0.0
2023-08-03 00:00:00-04:00,26.176503497283754,27.339903453882588,25.95132948531533,26.870790481567383,2010400,0.0,0.0
2023-08-04 00:00:00-04:00,27.011523660841988,27.546312120508663,26.870788348699108,26.880170822143555,1882900,0.0,0.0
2023-08-07 00:00:00-04:00,26.973992899836244,27.08658078802602,26.62684855164789,26.69252586364746,1215200,0.0,0.0
2023-08-08 00:00:00-04:00,26.185883756568682,26.53302811410966,25.979474710437504,26.439205169677734,1696900,0.0,0.0
2023-08-09 00:00:00-04:00,26.486116314205674,27.161640096959598,26.157736896425167,26.936464309692383,2160900,0.0,0.0
2023-08-10 00:00:00-04:00,27.124111957907203,27.171022539401434,26.457972395164457,26.720674514770508,1863200,0.0,0.0
2023-08-11 00:00:00-04:00,26.67376337076575,26.739438899282263,26.260943462131184,26.298473358154297,1299600,0.0,0.0
2023-08-14 00:00:00-04:00,26.129593143097562,26.204651147739778,25.87627170635859,26.04515266418457,1635100,0.0,0.0
2023-08-15 00:00:00-04:00,25.679242588388362,25.688623272212084,25.31333328592981,25.322715759277344,1489800,0.0,0.0
2023-08-16 00:00:00-04:00,25.303951749605485,26.007621171013554,25.106925170582688,25.660478591918945,2019600,0.0,0.0
2023-08-17 00:00:00-04:00,25.895037242290723,26.289092222981903,25.47283483814873,25.576040267944336,1791300,0.0,0.0
2023-08-18 00:00:00-04:00,25.379011951752233,25.632333394925308,25.25704336218225,25.350866317749023,1581700,0.0,0.0
2023-08-21 00:00:00-04:00,25.529124790421953,25.604184577161263,25.257040221587193,25.39777374267578,1487400,0.0,0.0
2023-08-22 00:00:00-04:00,25.472834355615106,25.604187206373293,25.247660340846206,25.294570922851562,840500,0.0,0.0
2023-08-23 00:00:00-04:00,25.257043838500977,25.303954422407024,24.872371323994358,25.257043838500977,1712100,0.0,0.0
2023-08-24 00:00:00-04:00,25.181983270331948,25.519745166592898,25.106925269998833,25.21013069152832,1974600,0.0,0.0
2023-08-25 00:00:00-04:00,25.397773953730567,25.604184789931317,25.125689382634793,25.463449478149414,1070800,0.0,0.0
2023-08-28 00:00:00-04:00,25.519746247530442,25.848123894444445,25.519746247530442,25.838743209838867,1021800,0.0,0.0
2023-08-29 00:00:00-04:00,25.960711203486124,26.167120261065214,25.8105951998788,25.93256378173828,1131600,0.0,0.0
2023-08-30 00:00:00-04:00,25.90441813118217,26.214032612093657,25.88565318336355,26.00762176513672,1204000,0.0,0.0
2023-08-31 00:00:00-04:00,26.063916914705842,26.29847339662158,25.97947643805426,26.148357391357422,1648900,0.0,0.0
2023-09-01 00:00:00-04:00,26.317234594281526,26.608085898643417,26.242176597241897,26.3735294342041,1652700,0.0,0.0
2023-09-05 00:00:00-04:00,26.25156188254048,26.25156188254048,25.46345193444282,25.519746780395508,1437900,0.0,0.0
2023-09-06 00:00:00-04:00,25.529125305613693,25.62294825140742,24.984954367438696,25.078777313232422,4102000,0.0,0.0
2023-09-07 00:00:00-04:00,24.9098974323583,25.060013436228658,24.25314036280646,24.365726470947266,4013500,0.0,0.0
2023-09-08 00:00:00-04:00,24.459550974060598,24.600284512935907,23.981055510265314,24.084260940551758,2147000,0.0,0.0
2023-09-11 00:00:00-04:00,24.29066766502279,24.450166137546347,23.84031966831764,23.95290756225586,2704500,0.0,0.0
2023-09-12 00:00:00-04:00,23.95290723388611,24.17808122915178,23.793408763549113,23.887229919433594,1880800,0.0,0.0
2023-09-13 00:00:00-04:00,23.896613699048213,24.027966545608777,23.28676720484739,23.61514663696289,2373000,0.0,0.0
2023-09-14 00:00:00-04:00,23.906877434907404,24.38046851358609,23.89740539654104,24.370996475219727,2019300,0.238,0.0
2023-09-15 00:00:00-04:00,24.323639061449743,24.522546455267737,24.153145977259083,24.314167022705078,5530400,0.0,0.0
2023-09-18 00:00:00-04:00,24.323637584693287,24.655151694202786,23.906876938264013,23.944765090942383,2405500,0.0,0.0
2023-09-19 00:00:00-04:00,23.92582073078861,23.992123190582703,23.39539924582935,23.726911544799805,1589600,0.0,0.0
2023-09-20 00:00:00-04:00,23.992125604241277,24.200505042644195,23.584836959838867,23.584836959838867,1388500,0.0,0.0
2023-09-21 00:00:00-04:00,23.224908537314285,23.45223205400006,23.092301797625876,23.243852615356445,1289600,0.0,0.0
2023-09-22 00:00:00-04:00,23.338567078771238,23.45222972914996,22.77025924669725,22.92180824279785,1167100,0.0,0.0
2023-09-25 00:00:00-04:00,22.87444927535,23.082830511084154,22.751316386912517,22.95969581604004,1176400,0.0,0.0
2023-09-26 00:00:00-04:00,22.73236840438488,22.99758001948098,22.438742485011346,22.50504493713379,1747700,0.0,0.0
2023-09-27 00:00:00-04:00,22.675541034672502,22.798673918493556,22.419801422190428,22.438745498657227,1771900,0.0,0.0
2023-09-28 00:00:00-04:00,22.258780029902812,23.035469086570036,22.258780029902812,22.92180824279785,4555200,0.0,0.0
2023-09-29 00:00:00-04:00,23.196488825684586,23.42381230714394,23.02599576293846,23.111242294311523,2764600,0.0,0.0
2023-10-02 00:00:00-04:00,23.02599789341377,23.187018933505055,22.344027385936542,22.637653350830078,3035200,0.0,0.0
2023-10-03 00:00:00-04:00,22.325082170617364,22.74184280723752,22.287195825437266,22.47663116455078,1640700,0.0,0.0
2023-10-04 00:00:00-04:00,22.6565987369915,22.666070775968556,22.230366016057545,22.448219299316406,1586800,0.0,0.0
2023-10-05 00:00:00-04:00,22.344027739043835,22.56187920654932,21.832548495397948,21.92726707458496,1853600,0.0,0.0
2023-10-06 00:00:00-04:00,21.832546499112535,22.3440256959907,21.519976481000256,22.164060592651367,2714100,0.0,0.0
2023-10-09 00:00:00-04:00,21.984096307134795,22.249307953153203,21.747300775313317,22.116703033447266,1514200,0.0,0.0
2023-10-10 00:00:00-04:00,22.362970610456163,22.713426985963896,22.287196112513417,22.457687377929688,1449400,0.0,0.0
2023-10-11 00:00:00-04:00,22.542933838818417,22.60923810507808,22.211421540552745,22.580821990966797,1235900,0.0,0.0
2023-10-12 00:00:00-04:00,22.713427056401876,22.732371132597947,21.7094145038953,21.993568420410156,1528000,0.0,0.0
2023-10-13 00:00:00-04:00,22.192478195741067,22.192478195741067,21.548394040847686,21.614696502685547,1664100,0.0,0.0
2023-10-16 00:00:00-04:00,21.8704376378195,22.249310165078338,21.74730293733118,22.097761154174805,2058000,0.0,0.0
2023-10-17 00:00:00-04:00,21.936739390068848,22.722900536013384,21.936739390068848,22.713428497314453,2632700,0.0,0.0
2023-10-18 00:00:00-04:00,23.404868856699814,23.404868856699814,22.24930734345522,22.268251419067383,2758200,0.0,0.0
2023-10-19 00:00:00-04:00,22.173533677094845,22.542934132318344,21.908322028422827,21.98409652709961,2468000,0.0,0.0
2023-10-20 00:00:00-04:00,21.974627826196677,22.41980281110579,21.908323554455308,22.126176834106445,2246200,0.0,0.0
2023-10-23 00:00:00-04:00,21.860963718080843,22.116703329456417,21.482091223416973,21.519977569580078,1881200,0.0,0.0
2023-10-24 00:00:00-04:00,21.680998389601196,22.06934291858789,21.605223891423467,21.993568420410156,1728100,0.0,0.0
2023-10-25 00:00:00-04:00,21.794661947508136,21.898852564317547,21.453675788209424,21.482091903686523,1734400,0.0,0.0
2023-10-26 00:00:00-04:00,21.576808661242637,22.09775808811609,21.576808661242637,21.936737060546875,1173300,0.0,0.0
2023-10-27 00:00:00-04:00,21.974626328033754,22.164061671702502,21.823077330456133,21.87043571472168,1161600,0.0,0.0
2023-10-30 00:00:00-04:00,22.097760656920702,22.173535160667356,21.823078758316584,22.012514114379883,1662100,0.0,0.0
2023-10-31 00:00:00-04:00,22.050402765744966,22.249310165078338,21.955684182278578,22.097761154174805,2357900,0.0,0.0
2023-11-01 00:00:00-04:00,21.20740777655254,22.126175618981136,20.97061223887203,21.851491928100586,3592500,0.0,0.0
2023-11-02 00:00:00-04:00,21.89885311739307,22.239837478697037,21.76624638175746,22.02198600769043,2907500,0.0,0.0
2023-11-03 00:00:00-04:00,22.25878087550307,23.00705565295711,22.135647988971023,22.86497688293457,3672700,0.0,0.0
2023-11-06 00:00:00-05:00,22.77026058381662,23.007056129954776,22.561879346986785,22.722900390625,2471100,0.0,0.0
2023-11-07 00:00:00-05:00,22.381914346235668,22.523993119966672,22.201951030961265,22.48610496520996,2023100,0.0,0.0
2023-11-08 00:00:00-05:00,22.523990008863063,22.950220851363397,22.28719449416074,22.789199829101562,2606600,0.0,0.0
2023-11-09 00:00:00-05:00,22.96916735345698,23.300681470395205,22.864976737863273,22.874448776245117,3000900,0.0,0.0
2023-11-10 00:00:00-05:00,22.883922116444936,23.471175883280836,22.8176196506068,23.25332260131836,2392200,0.0,0.0
2023-11-13 00:00:00-05:00,23.1491332444319,23.1491332444319,22.703956458615526,22.713428497314453,1574600,0.0,0.0
2023-11-14 00:00:00-05:00,23.177546506713895,24.06789823151211,23.177546506713895,24.03948211669922,2272200,0.0,0.0
2023-11-15 00:00:00-05:00,24.05842912786193,24.47518982958745,23.793219250351253,23.868993759155273,2639700,0.0,0.0
2023-11-16 00:00:00-05:00,23.783744666909087,24.01106816900561,23.584835473445498,23.793216705322266,2543100,0.0,0.0
2023-11-17 00:00:00-05:00,23.982652825929833,23.982652825929833,23.385928839539694,23.6321964263916,2032900,0.0,0.0
2023-11-20 00:00:00-05:00,23.518534493374606,23.679555543333546,23.262794859920994,23.584836959838867,1353900,0.0,0.0
2023-11-21 00:00:00-05:00,23.480648040771484,23.764801983400286,23.291210874614478,23.480648040771484,1239900,0.0,0.0
2023-11-22 00:00:00-05:00,23.575360532149443,23.72690951488659,23.31015071566263,23.62272071838379,1722100,0.0,0.0
2023-11-24 00:00:00-05:00,23.6037804373685,24.077371536186803,23.6037804373685,23.963708877563477,771900,0.0,0.0
2023-11-27 00:00:00-05:00,23.78374518503982,24.030012769327666,23.537477600751973,23.641666412353516,2401800,0.0,0.0
2023-11-28 00:00:00-05:00,23.58483656977977,23.58483656977977,22.959696458303217,23.035470962524414,2665100,0.0,0.0
2023-11-29 00:00:00-05:00,23.243851497828516,23.651138316512956,23.11124476451563,23.31015396118164,2176000,0.0,0.0
2023-11-30 00:00:00-05:00,23.338568415763362,23.44275903402873,23.11124490858982,23.300682067871094,1594600,0.0,0.0
2023-12-01 00:00:00-05:00,23.234378212069473,23.95423684496031,23.234378212069473,23.726911544799805,1686100,0.0,0.0
2023-12-04 00:00:00-05:00,23.679554447580063,23.9731804168802,23.584835868468417,23.878461837768555,1132500,0.0,0.0
2023-12-05 00:00:00-05:00,23.689027289892092,23.783745872217427,23.4332876595957,23.60378074645996,1254300,0.0,0.0
2023-12-06 00:00:00-05:00,23.745856629276595,23.935293785252576,23.509061087609926,23.556421279907227,1022100,0.0,0.0
2023-12-07 00:00:00-05:00,23.670081479917844,23.85004659250538,23.480646135736837,23.821630477905273,1691700,0.0,0.0
2023-12-08 00:00:00-05:00,23.89740396122997,23.963706419205714,23.61325005373207,23.65113639831543,1054500,0.0,0.0
2023-12-11 00:00:00-05:00,23.366981196738937,23.736381617349867,23.234376288131195,23.49958610534668,1281900,0.0,0.0
2023-12-12 00:00:00-05:00,23.556420457435625,23.575362727086564,23.007054892214295,23.025997161865234,1129400,0.0,0.0
2023-12-13 00:00:00-05:00,22.950222901311175,23.97317954393294,22.798673902893622,23.935293197631836,1862500,0.0,0.0
2023-12-14 00:00:00-05:00,24.36366687475303,25.25292189970554,24.36366687475303,24.77482795715332,1908600,0.238,0.0
2023-12-15 00:00:00-05:00,24.660086978260594,24.736581937811284,24.09593596765537,24.12462043762207,3877400,0.0,0.0
2023-12-18 00:00:00-05:00,24.34454307072757,24.421039853598067,24.04812533223914,24.095935821533203,1532800,0.0,0.0
2023-12-19 00:00:00-05:00,24.31585693359375,24.5262176007121,24.229799882549067,24.31585693359375,1190700,0.0,0.0
2023-12-20 00:00:00-05:00,24.153306731372464,24.688771448227293,24.076811771821774,24.12462043762207,2074800,0.0,0.0
2023-12-21 00:00:00-05:00,24.48797085649772,24.49753295363089,24.16286684910415,24.382789611816406,1511800,0.0,0.0
2023-12-22 00:00:00-05:00,24.52621882646193,24.765265797136575,24.430599673435342,24.487972259521484,1121300,0.0,0.0
2023-12-26 00:00:00-05:00,24.58358708847216,24.832196131542858,24.535778428713108,24.593149185180664,1056500,0.0,0.0
2023-12-27 00:00:00-05:00,24.65052211807429,24.660084214919586,24.382788877756475,24.45928382873535,1227400,0.0,0.0
2023-12-28 00:00:00-05:00,24.44015919339696,24.46884548341447,24.277607197531317,24.306293487548828,1174200,0.0,0.0
2023-12-29 00:00:00-05:00,24.22023762383365,24.363665433357152,24.009876958118085,24.02899932861328,1573200,0.0,0.0
2024-01-02 00:00:00-05:00,23.952504050414404,24.382789296932504,23.904695389149513,24.06724739074707,1615900,0.0,0.0
2024-01-03 00:00:00-05:00,23.7995146946473,23.84732518079823,23.168430867723536,23.512659072875977,1722100,0.0,0.0
2024-01-04 00:00:00-05:00,23.56046768177599,23.627400538451834,23.302298352281106,23.41703987121582,1361600,0.0,0.0
2024-01-05 00:00:00-05:00,23.29273655768187,23.981191151584937,23.244926071018305,23.732582092285156,2257300,0.0,0.0
2024-01-08 00:00:00-05:00,23.54134622062438,23.828201852826925,23.28317505737191,23.818639755249023,1624300,0.0,0.0
2024-01-09 00:00:00-05:00,23.541344071795304,23.550904344716923,23.17799169213596,23.244924545288086,1536700,0.0,0.0
2024-01-10 00:00:00-05:00,23.13974406506981,23.177990626348002,22.87201084098896,23.005876541137695,1450300,0.0,0.0
2024-01-11 00:00:00-05:00,22.88157551662372,22.94850837424322,22.62340435970542,22.833765029907227,1450100,0.0,0.0
2024-01-12 00:00:00-05:00,23.158867854505456,23.16842995135744,22.604279003574913,22.75726890563965,1319100,0.0,0.0
2024-01-16 00:00:00-05:00,22.441727652946366,22.537346800444908,22.183558325618908,22.393918991088867,1995800,0.0,0.0
2024-01-17 00:00:00-05:00,22.02100624339391,22.22180481101883,21.90626290204857,22.10706329345703,2053000,0.0,0.0
2024-01-18 00:00:00-05:00,22.269614764445993,22.336547618721877,22.00188152355897,22.307861328125,1806300,0.0,0.0
2024-01-19 00:00:00-05:00,22.20267991168765,22.4321647633065,22.02100554402074,22.374794006347656,3072900,0.0,0.0
2024-01-22 00:00:00-05:00,22.212244323053646,22.613843311180194,22.145311462329833,22.527786254882812,1698000,0.0,0.0
2024-01-23 00:00:00-05:00,22.738146326579326,23.168429738259945,22.738146326579326,22.98675537109375,2576700,0.0,0.0
2024-01-24 00:00:00-05:00,22.958069638404908,23.273611544147936,22.872012589221946,22.97719383239746,2082900,0.0,0.0
2024-01-25 00:00:00-05:00,23.244924280519122,23.65608531523713,23.101496479143485,23.37879180908203,2629300,0.0,0.0
2024-01-26 00:00:00-05:00,23.62740023514981,23.895133482199885,23.378793006054753,23.64652442932129,2291200,0.0,0.0
2024-01-29 00:00:00-05:00,23.67521033839383,23.67521033839383,23.32142004706682,23.589153289794922,1356800,0.0,0.0
2024-01-30 00:00:00-05:00,23.464849040561848,24.086370733969165,23.464849040561848,23.952503204345703,1774000,0.0,0.0
2024-01-31 00:00:00-05:00,23.8760106345683,24.162868091967802,23.455289281769517,23.46485137939453,1954300,0.0,0.0
2024-02-01 00:00:00-05:00,23.703899338343515,23.799516671018548,23.034567066915987,23.608280181884766,1968100,0.0,0.0
2024-02-02 00:00:00-05:00,23.26405021550059,23.26405021550059,22.77639419528567,23.091936111450195,2155200,0.0,0.0
2024-02-05 00:00:00-05:00,22.642528177370856,23.044127140184425,22.260053408925447,22.77639389038086,2005200,0.0,0.0
2024-02-06 00:00:00-05:00,22.833763646652702,23.273610978880832,22.833763646652702,22.98675537109375,2054800,0.0,0.0
2024-02-07 00:00:00-05:00,22.96763415564488,23.005880723876743,22.699900882886975,22.87201499938965,1384300,0.0,0.0
2024-02-08 00:00:00-05:00,22.852890620051333,22.99631844139172,22.69033860285658,22.938947677612305,1027000,0.0,0.0
2024-02-09 00:00:00-05:00,22.900697129785136,23.005876541137695,22.680772563247867,23.005876541137695,1408700,0.0,0.0
2024-02-12 00:00:00-05:00,23.072812198896674,23.570030322502294,23.034565632964338,23.21624183654785,1687200,0.0,0.0
2024-02-13 00:00:00-05:00,22.71902317932862,22.71902317932862,22.097501451311405,22.32698631286621,1843600,0.0,0.0
2024-02-14 00:00:00-05:00,22.49910023571562,22.623403850815244,22.30786194071853,22.393918991088867,1773500,0.0,0.0
2024-02-15 00:00:00-05:00,22.54690853181319,22.98675587365779,22.54690853181319,22.881574630737305,1432600,0.0,0.0
2024-02-16 00:00:00-05:00,22.86245172147837,23.503097664406514,22.80508096019956,23.340545654296875,1731100,0.0,0.0
2024-02-20 00:00:00-05:00,23.044127322965387,23.39791580266473,22.72858540852217,23.254487991333008,2276200,0.0,0.0
2024-02-21 00:00:00-05:00,23.187556536084397,23.60827972203773,23.053690813919843,23.550907135009766,2382800,0.0,0.0
2024-02-22 00:00:00-05:00,23.703898466532483,25.367665162101293,23.4839738676309,25.03299903869629,5969100,0.0,0.0
2024-02-23 00:00:00-05:00,25.4154708491054,25.68320408121958,24.89913040176509,24.985185623168945,3302100,0.0,0.0
2024-02-26 00:00:00-05:00,24.822634598272593,24.851320889049244,24.306294130777466,24.583587646484375,2246200,0.0,0.0
2024-02-27 00:00:00-05:00,24.793951290312442,24.87044624550921,24.38279022221096,24.468847274780273,1513400,0.0,0.0
2024-02-28 00:00:00-05:00,24.268045451643744,24.631397835317152,24.162866034292797,24.172428131103516,1360200,0.0,0.0
2024-02-29 00:00:00-05:00,24.306294712266133,24.65052291468699,24.00987699561681,24.478408813476562,2324400,0.0,0.0
2024-03-01 00:00:00-05:00,24.373228383036004,24.497533826412326,24.009877797948096,24.14374351501465,1964500,0.0,0.0
2024-03-04 00:00:00-05:00,24.334980156342226,25.04255890706987,24.30629386587821,24.71745491027832,2899500,0.0,0.0
2024-03-05 00:00:00-05:00,24.478407581530593,24.994748035392018,24.478407581530593,24.660083770751953,1592000,0.0,0.0
2024-03-06 00:00:00-05:00,24.860883712768555,24.994749426072723,24.669645416233834,24.860883712768555,2299100,0.0,0.0
2024-03-07 00:00:00-05:00,25.205112151672868,25.82663388552163,25.119055099809422,25.43459701538086,2632100,0.0,0.0
2024-03-08 00:00:00-05:00,25.50153099363456,25.67364510492712,25.205113259621626,25.41547393798828,1384800,0.0,0.0
2024-03-11 00:00:00-04:00,25.33897613728944,25.58758517862252,25.004310049964776,25.013872146606445,1567900,0.0,0.0
2024-03-12 00:00:00-04:00,25.071243254326504,25.080805351102292,24.727016889315443,24.880006790161133,1820700,0.0,0.0
2024-03-13 00:00:00-04:00,24.90869098911787,25.138177661704567,24.63139748073275,24.660083770751953,2155800,0.0,0.0
2024-03-14 00:00:00-04:00,24.58283999627246,24.63111847925917,24.177311788999006,24.3221435546875,1852300,0.25,0.0
2024-03-15 00:00:00-04:00,24.186966223905397,24.7662951421861,24.186966223905397,24.418699264526367,3112700,0.0,0.0
2024-03-18 00:00:00-04:00,24.505595596085996,24.51525129241972,24.119376950915814,24.148344039916992,1852300,0.0,0.0
2024-03-19 00:00:00-04:00,24.148345480642607,24.293177251017827,23.926269976624877,23.945579528808594,3963100,0.0,0.0
2024-03-20 00:00:00-04:00,24.235242771227913,25.026991431561363,24.090411013641308,24.86284828186035,3262600,0.0,0.0
2024-03-21 00:00:00-04:00,24.901471611589457,25.02699197981135,24.660084729778635,24.698705673217773,3282800,0.0,0.0
2024-03-22 00:00:00-04:00,24.75663723134349,24.891815133222586,24.38972999283896,24.63111686706543,1872100,0.0,0.0
2024-03-25 00:00:00-04:00,24.611805909949002,24.7662933648524,24.39938611986576,24.573184967041016,1233700,0.0,0.0
2024-03-26 00:00:00-04:00,24.689049823211974,24.71801691183777,24.46697433532145,24.544218063354492,1246400,0.0,0.0
2024-03-27 00:00:00-04:00,24.660085031200385,25.017336589331084,24.660085031200385,25.007680892944336,2381500,0.0,0.0
2024-03-28 00:00:00-04:00,24.98836989998697,25.56769880101058,24.920781865834112,25.133203506469727,2047100,0.0,0.0
2024-04-01 00:00:00-04:00,25.065612608213176,25.306999486990122,24.804916178777226,25.094579696655273,1979100,0.0,0.0
2024-04-02 00:00:00-04:00,24.978714607781928,25.152511610616333,24.833881009633036,24.891815185546875,1706000,0.0,0.0
2024-04-03 00:00:00-04:00,24.920782267787313,25.364935107669055,24.80491759069527,25.335968017578125,2043500,0.0,0.0
2024-04-04 00:00:00-04:00,25.44217625293306,25.49045288987388,24.766292285947713,24.901470184326172,2239900,0.0,0.0
2024-04-05 00:00:00-04:00,24.843538098407397,24.901472277569166,24.54421887261482,24.87250518798828,1370600,0.0,0.0
2024-04-08 00:00:00-04:00,24.969060678173747,25.084925354926593,24.69870669635739,24.737329483032227,910700,0.0,0.0
2024-04-09 00:00:00-04:00,24.949749917093055,25.05596074150453,24.57318694565,24.65043067932129,1647600,0.0,0.0
2024-04-10 00:00:00-04:00,24.148344286925216,24.33179883587098,23.665570515115363,23.67522621154785,1814200,0.0,0.0
2024-04-11 00:00:00-04:00,23.72350432189018,23.945579828689052,23.46280602696842,23.7331600189209,1705300,0.0,0.0
2024-04-12 00:00:00-04:00,23.54004811091587,23.742814051070958,23.250384586849474,23.260040283203125,1286600,0.0,0.0
2024-04-15 00:00:00-04:00,23.43384028013637,23.626948691744417,22.92209939818511,23.192453384399414,1181300,0.0,0.0
2024-04-16 00:00:00-04:00,22.94140874916269,23.269695045465625,22.767609905045173,23.0379638671875,1501000,0.0,0.0
2024-04-17 00:00:00-04:00,23.1827975850679,23.32762935354251,22.73864474122513,22.854511260986328,1570000,0.0,0.0
2024-04-18 00:00:00-04:00,22.999343289518233,23.066931326128223,22.719335446186008,22.902788162231445,1484000,0.0,0.0
2024-04-19 00:00:00-04:00,22.748300695226934,23.134519362738214,22.719335446186008,22.902788162231445,1583000,0.0,0.0
2024-04-22 00:00:00-04:00,22.999342264213244,23.346939970295516,22.738643984651542,23.308317184448242,1436700,0.0,0.0
2024-04-23 00:00:00-04:00,23.124864652532235,23.424183878582856,23.057274776785235,23.20210838317871,1639500,0.0,0.0
2024-04-24 00:00:00-04:00,23.144175086905598,23.202109268327472,22.844855849436097,23.16348648071289,1467100,0.0,0.0
2024-04-25 00:00:00-04:00,23.047621513376377,23.153830494718637,22.680712402162456,22.854511260986328,1688100,0.0,0.0
2024-04-26 00:00:00-04:00,22.941410976836675,23.289008698824404,22.873822940147033,23.16348648071289,1083300,0.0,0.0
2024-04-29 00:00:00-04:00,23.346938887851824,23.6366024017334,23.269695161374358,23.6366024017334,1721200,0.0,0.0
2024-04-30 00:00:00-04:00,23.433838193617092,23.626946588031014,23.0379638671875,23.0379638671875,1647400,0.0,0.0
2024-05-01 00:00:00-04:00,23.057274301102414,23.56901515710024,22.90278684299661,22.99934196472168,2164500,0.0,0.0
2024-05-02 00:00:00-04:00,23.23107410904445,23.5110837894205,22.999342912337983,23.48211669921875,3033300,0.0,0.0
2024-05-03 00:00:00-04:00,23.134517579701164,25.026991667102376,23.134517579701164,23.68488121032715,3363900,0.0,0.0
2024-05-06 00:00:00-04:00,23.945577174186337,24.138687410121587,23.588325631832525,23.926267623901367,2268400,0.0,0.0
2024-05-07 00:00:00-04:00,24.061446102850127,24.60215223953331,23.993858065969217,24.466976165771484,2166600,0.0,0.0
2024-05-08 00:00:00-04:00,24.312485621581573,24.476628765365202,24.01316642114165,24.273862838745117,2135100,0.0,0.0
2024-05-09 00:00:00-04:00,24.36076297236088,24.36076297236088,23.99385573284094,24.003511428833008,1382500,0.0,0.0
2024-05-10 00:00:00-04:00,24.10006489073678,24.244898490095366,23.877989406119333,23.974544525146484,1613900,0.0,0.0
2024-05-13 00:00:00-04:00,24.032478184963225,24.235244130263517,23.858679329458923,23.87799072265625,2098700,0.0,0.0
2024-05-14 00:00:00-04:00,24.061445022643852,24.447663674364502,24.061445022643852,24.35110855102539,1395600,0.0,0.0
2024-05-15 00:00:00-04:00,24.592496070116695,24.698706892680903,24.24490019545938,24.264209747314453,1427000,0.0,0.0
2024-05-16 00:00:00-04:00,24.302832830965695,24.33179992155568,24.022823146836775,24.051790237426758,1251200,0.0,0.0
2024-05-17 00:00:00-04:00,24.17731058619334,24.389730375859664,24.129032105608452,24.31248664855957,889900,0.0,0.0
2024-05-20 00:00:00-04:00,24.31248613547876,24.409041252975147,24.148342988225608,24.293174743652344,893600,0.0,0.0
2024-05-21 00:00:00-04:00,24.157999811936573,24.351108214308777,24.061444689932586,24.225587844848633,1275100,0.0,0.0
2024-05-22 00:00:00-04:00,24.090411893983806,24.891816279660397,24.090411893983806,24.56352996826172,2393200,0.0,0.0
2024-05-23 00:00:00-04:00,24.67939471324551,24.67939471324551,23.974545447996334,24.19662094116211,1836800,0.0,0.0
2024-05-24 00:00:00-04:00,24.331799290121126,24.360764538323565,23.964890185379772,24.138689041137695,1229300,0.0,0.0
2024-05-28 00:00:00-04:00,24.244898490095366,24.544217701607387,23.88764510218562,23.974544525146484,993700,0.0,0.0
2024-05-29 00:00:00-04:00,23.636602524243163,23.781434281934622,23.26003958591823,23.269695281982422,2715000,0.0,0.0
2024-05-30 00:00:00-04:00,23.2696949547159,23.94557709498229,23.23107217100232,23.849023818969727,1599600,0.0,0.0
2024-05-31 00:00:00-04:00,23.916614279715077,24.013169407177184,23.742815418610462,23.945579528808594,1833500,0.0,0.0
2024-06-03 00:00:00-04:00,24.196621379178396,24.196621379178396,23.134518693041173,23.173141479492188,1864800,0.0,0.0
2024-06-04 00:00:00-04:00,22.9607207138818,23.047620138108385,22.671055352581266,22.690366744995117,1518300,0.0,0.0
2024-06-05 00:00:00-04:00,22.844855964056375,23.09589855990309,22.59381336820966,23.057275772094727,1589900,0.0,0.0
2024-06-06 00:00:00-04:00,22.960721896671615,23.12486505737347,22.73864455574381,22.88347816467285,1355500,0.0,0.0
2024-06-07 00:00:00-04:00,23.211764559806852,23.511083792048343,22.91244348592951,22.960721969604492,3325200,0.0,0.0
2024-06-10 00:00:00-04:00,22.75795456350722,23.733157771637604,22.75795456350722,23.607637405395508,2293100,0.0,0.0
2024-06-11 00:00:00-04:00,23.50142768422315,23.540048628851725,23.163485670952998,23.27935218811035,1136700,0.0,0.0
2024-06-12 00:00:00-04:00,23.89730248237661,24.04213425030627,23.742815017700195,23.742815017700195,1493700,0.0,0.0
2024-06-13 00:00:00-04:00,23.704191531203808,23.810402350648012,23.17314111725438,23.308317184448242,1967500,0.0,0.0
2024-06-14 00:00:00-04:00,22.98635166324129,23.20099621078191,22.518039331910863,22.69365692138672,1779800,0.25,0.0
2024-06-17 00:00:00-04:00,22.72292713993529,22.830247552797815,22.420473797656744,22.69365692138672,1039300,0.0,0.0
2024-06-18 00:00:00-04:00,22.732681970216728,22.86927446224523,22.361935173928583,22.410717010498047,1225400,0.0,0.0
2024-06-20 00:00:00-04:00,22.342422383890444,22.869275167444062,22.25461358663151,22.683900833129883,1900300,0.0,0.0
2024-06-21 00:00:00-04:00,22.674143074065512,22.898542496569686,22.498525487442155,22.869274139404297,2843100,0.0,0.0
2024-06-24 00:00:00-04:00,22.927814163826874,23.093675021575976,22.635119408226274,22.791223526000977,2016700,0.0,0.0
2024-06-25 00:00:00-04:00,22.66438552162605,22.742437572779906,22.157046258672136,22.34242057800293,1397600,0.0,0.0
2024-06-26 00:00:00-04:00,22.12777854733744,22.381448186206065,22.010699536741246,22.332664489746094,1170100,0.0,0.0
2024-06-27 00:00:00-04:00,22.264368890749253,22.36193442151316,22.04972621179484,22.16680335998535,925100,0.0,0.0
2024-06-28 00:00:00-04:00,22.137535561569205,22.3326647671093,22.030213288932107,22.215587615966797,2889600,0.0,0.0
2024-07-01 00:00:00-04:00,22.254611569133274,22.3619338362555,21.776542527900688,21.835081100463867,1472500,0.0,0.0
2024-07-02 00:00:00-04:00,21.864352161538406,22.059483225494642,21.718004794025102,22.049726486206055,1319700,0.0,0.0
2024-07-03 00:00:00-04:00,22.15704839684295,22.28388415527501,21.942405700683594,21.942405700683594,494900,0.0,0.0
2024-07-05 00:00:00-04:00,21.805814758731653,21.922891914671855,20.96675374389291,21.21066665649414,3858600,0.0,0.0
2024-07-08 00:00:00-04:00,21.405796463009672,21.47409177674743,21.074074772648228,21.200908660888672,4321000,0.0,0.0
2024-07-09 00:00:00-04:00,21.161884120343856,21.43506538246574,20.888700997314192,20.937482833862305,2884400,0.0,0.0
2024-07-10 00:00:00-04:00,21.044804835234846,21.405796748109488,20.96675278122246,21.366769790649414,1438800,0.0,0.0
2024-07-11 00:00:00-04:00,21.591169681955993,22.215587988515793,21.591169681955993,22.03997039794922,2276300,0.0,0.0
2024-07-12 00:00:00-04:00,22.32290717492861,22.37169087013085,21.98143061305141,22.00094223022461,2564700,0.0,0.0
2024-07-15 00:00:00-04:00,22.00094431420158,22.322909289402798,21.952162475286315,22.225345611572266,2194600,0.0,0.0
2024-07-16 00:00:00-04:00,22.283882943387354,23.12294392431053,22.264369464550125,23.093673706054688,2825900,0.0,0.0
2024-07-17 00:00:00-04:00,23.01562216125254,23.43515266100387,22.810734350740304,23.1424560546875,2570600,0.0,0.0
2024-07-18 00:00:00-04:00,22.98635119713218,23.35709984759836,22.742438296896754,22.898542404174805,1622700,0.0,0.0
2024-07-19 00:00:00-04:00,22.840003487838413,22.966839236173666,22.21558706805784,22.479013442993164,1279600,0.0,0.0
2024-07-22 00:00:00-04:00,22.557067125518575,22.71317124174435,22.147293355198958,22.596092224121094,1332500,0.0,0.0
2024-07-23 00:00:00-04:00,22.635119080700825,23.01562262965737,22.400961046519114,22.937570571899414,1384200,0.0,0.0
2024-07-24 00:00:00-04:00,22.830248119922018,23.044892672794603,22.35217903719973,22.43023109436035,1571800,0.0,0.0
2024-07-25 00:00:00-04:00,22.322907386057295,22.84976013377825,22.1277781861259,22.508281707763672,2039700,0.0,0.0
2024-07-26 00:00:00-04:00,22.654629640931113,22.8497607066625,22.410716739220756,22.840003967285156,1359100,0.0,0.0
2024-07-29 00:00:00-04:00,23.025377605814153,23.17172497028706,22.81073306774004,23.161968231201172,1530000,0.0,0.0
2024-07-30 00:00:00-04:00,23.16197115207954,23.366858976905483,22.957085188161535,23.288806915283203,1717900,0.0,0.0
2024-07-31 00:00:00-04:00,23.435152239047326,23.73760371864482,23.25953465060111,23.34734344482422,2173100,0.0,0.0
2024-08-01 00:00:00-04:00,23.415637930079242,23.620523868731738,22.342420819435738,22.537551879882812,1770100,0.0,0.0
2024-08-02 00:00:00-04:00,21.961919833144147,22.01070167343188,21.376528445151763,21.932649612426758,2689700,0.0,0.0
2024-08-05 00:00:00-04:00,21.23993678841192,21.376527423415265,20.67405890794513,20.95699691772461,3495700,0.0,0.0
2024-08-06 00:00:00-04:00,20.87894333835725,21.40579608223271,20.12769117879011,20.18623161315918,3834700,0.0,0.0
2024-08-07 00:00:00-04:00,20.635031975660148,20.732597512606926,19.747189125169374,19.79597282409668,2780000,0.0,0.0
2024-08-08 00:00:00-04:00,19.952076235721503,20.098423605530353,19.483762047062303,19.805727005004883,1830300,0.0,0.0
2024-08-09 00:00:00-04:00,19.766703255626375,19.913050635411604,19.55206055600189,19.786216735839844,1577400,0.0,0.0
2024-08-12 00:00:00-04:00,19.639865498167644,19.708162671970346,19.53254508972168,19.53254508972168,2008400,0.0,0.0
2024-08-13 00:00:00-04:00,19.610597616469608,20.049639721812003,19.425223290618685,19.893535614013672,1720000,0.0,0.0
2024-08-14 00:00:00-04:00,20.088666772633314,20.098423512029548,19.74718833739609,19.864267349243164,1219100,0.0,0.0
2024-08-15 00:00:00-04:00,20.21549965305948,20.56673481014622,20.127690863787794,20.332578659057617,1582200,0.0,0.0
2024-08-16 00:00:00-04:00,20.274040598797008,20.44965632087017,20.205743424709553,20.38136100769043,1461300,0.0,0.0
2024-08-19 00:00:00-04:00,20.391118305980335,20.556979154353847,20.371604827134565,20.430145263671875,924800,0.0,0.0
2024-08-20 00:00:00-04:00,20.352094235553697,20.400876074220427,20.20574499773779,20.24477195739746,972600,0.0,0.0
2024-08-21 00:00:00-04:00,20.37160372833422,20.66430031251005,20.352092111448634,20.644786834716797,1020900,0.0,0.0
2024-08-22 00:00:00-04:00,20.654544547811902,20.83991887377592,20.42038838597156,20.488683700561523,1218300,0.0,0.0
2024-08-23 00:00:00-04:00,20.674058628882555,21.43506571180935,20.55697961409731,21.38628387451172,1766800,0.0,0.0
2024-08-26 00:00:00-04:00,21.49360666238755,21.815571634592725,21.415554604304713,21.43506622314453,1463000,0.0,0.0
2024-08-27 00:00:00-04:00,21.366770582681898,21.522874696493208,21.23017994832396,21.29847526550293,1213300,0.0,0.0
2024-08-28 00:00:00-04:00,21.181395740425394,21.32774497189916,21.10334368539635,21.249692916870117,1347200,0.0,0.0
2024-08-29 00:00:00-04:00,21.444822404582347,21.6497102147818,21.3765270881518,21.41555404663086,1087800,0.0,0.0
2024-08-30 00:00:00-04:00,21.532630314985127,21.708247899105146,21.308230895679646,21.51311683654785,1250300,0.0,0.0
2024-09-03 00:00:00-04:00,21.21066756880078,21.444823751660476,20.791137043336693,20.800893783569336,1066100,0.0,0.0
2024-09-04 00:00:00-04:00,20.703326401090244,21.444821844661803,20.703326401090244,21.366769790649414,2912100,0.0,0.0
2024-09-05 00:00:00-04:00,21.464336584792573,21.718006240467247,21.220423669056295,21.376527786254883,2627600,0.0,0.0
2024-09-06 00:00:00-04:00,21.31798752144231,21.474091626294257,20.6740576237011,20.97650909423828,2754200,0.0,0.0
2024-09-09 00:00:00-04:00,20.927727259312444,21.08383136416439,20.752109676127073,20.97650909423828,3001100,0.0,0.0
2024-09-10 00:00:00-04:00,20.956996734216965,20.97651021359167,20.60576341001135,20.76186752319336,3114300,0.0,0.0
2024-09-11 00:00:00-04:00,20.732597304131303,20.88870141731331,20.254528224897918,20.76186752319336,2221000,0.0,0.0
2024-09-12 00:00:00-04:00,20.781378999769974,21.32774525308437,20.664301846136752,21.103343963623047,2620800,0.0,0.0
2024-09-13 00:00:00-04:00,21.350107647543123,21.952214869058675,21.310626225280316,21.77454376220703,3045500,0.25,0.0
2024-09-16 00:00:00-04:00,21.7449345809637,22.060793510287255,21.587005116301924,21.665969848632812,1378300,0.0,0.0
2024-09-17 00:00:00-04:00,21.80415794842463,22.17923996129882,21.754805696064363,21.843639373779297,778600,0.0,0.0
2024-09-18 00:00:00-04:00,21.892992712434037,22.416133346027166,21.774544675343176,21.93247413635254,2090400,0.0,0.0
2024-09-19 00:00:00-04:00,22.52471019738548,22.80108769107973,22.376651565383,22.44574546813965,2818100,0.0,0.0
2024-09-20 00:00:00-04:00,22.238464653179637,22.287816904940374,21.823899337319176,22.228593826293945,3009100,0.0,0.0
2024-09-23 00:00:00-04:00,22.139757791775452,22.643158656134265,22.139757791775452,22.495100021362305,1184200,0.0,0.0
2024-09-24 00:00:00-04:00,22.702381111422476,23.71905363895522,22.692510285019132,23.39332389831543,2777800,0.0,0.0
2024-09-25 00:00:00-04:00,23.511771533037727,23.511771533037727,23.1169478653351,23.156429290771484,1811200,0.0,0.0
2024-09-26 00:00:00-04:00,23.61047643445998,24.597536482919566,23.55125335869934,24.459348678588867,3541500,0.0,0.0
2024-09-27 00:00:00-04:00,24.607408490939275,24.794950436299047,24.21258482913006,24.232324600219727,2115000,0.0,0.0
2024-09-30 00:00:00-04:00,24.133619186408776,24.133619186408776,23.590735024565323,23.88685417175293,1964000,0.0,0.0
2024-10-01 00:00:00-04:00,23.87698434340551,23.92633659533275,23.531512931911628,23.728925704956055,1480600,0.0,0.0
2024-10-02 00:00:00-04:00,23.669700809269425,23.896724181034475,23.403194129718592,23.41306495666504,944200,0.0,0.0
2024-10-03 00:00:00-04:00,23.2748755439984,23.462417477747024,23.097204436517345,23.4031925201416,1646900,0.0,0.0
2024-10-04 00:00:00-04:00,23.748664163314242,23.95594775181915,23.610476359422723,23.8967227935791,1261800,0.0,0.0
2024-10-07 00:00:00-04:00,23.699312823949796,23.92633619124936,23.699312823949796,23.86711311340332,1278800,0.0,0.0
2024-10-08 00:00:00-04:00,23.04785367127748,23.057724498180367,22.4951005433899,22.978759765625,2924000,0.0,0.0
2024-10-09 00:00:00-04:00,22.988629404012,23.45254694845671,22.8603105435763,23.205781936645508,1798300,0.0,0.0
2024-10-10 00:00:00-04:00,23.136688157790488,23.56112428159311,23.136688157790488,23.452547073364258,980800,0.0,0.0
2024-10-11 00:00:00-04:00,23.4328057396034,23.817758562868118,23.353841009634543,23.630218505859375,995800,0.0,0.0
2024-10-14 00:00:00-04:00,23.570994325541818,23.570994325541818,23.235395624081416,23.35384178161621,1221500,0.0,0.0
2024-10-15 00:00:00-04:00,23.21565316129131,23.462418177335646,23.047852875074458,23.067594528198242,962200,0.0,0.0
2024-10-16 00:00:00-04:00,23.235395431518555,23.669700515770472,23.186041297398305,23.235395431518555,1632700,0.0,0.0
2024-10-17 00:00:00-04:00,23.35384086644007,23.373582519478155,23.057723601539422,23.195911407470703,1172200,0.0,0.0
2024-10-18 00:00:00-04:00,23.176169163990302,23.422934172676744,22.988629112909283,23.4031925201416,1489800,0.0,0.0
2024-10-21 00:00:00-04:00,23.37358300713852,23.383453833863506,22.741865158081055,22.741865158081055,1493200,0.0,0.0
2024-10-22 00:00:00-04:00,22.78134576282791,22.78134576282791,22.475357676031095,22.643157958984375,582700,0.0,0.0
2024-10-23 00:00:00-04:00,22.485229588822985,22.62341739934336,22.386523203022264,22.544452667236328,755700,0.0,0.0
2024-10-24 00:00:00-04:00,22.662898524958,22.702381831824276,22.29768734978343,22.554323196411133,913700,0.0,0.0
2024-10-25 00:00:00-04:00,22.514840479844718,22.73199490796725,22.12988764114422,22.159500122070312,1335900,0.0,0.0
2024-10-28 00:00:00-04:00,22.198979937569085,22.48522825109444,22.13975686267914,22.337167739868164,911500,0.0,0.0
2024-10-29 00:00:00-04:00,22.149628256959293,22.366780792236312,21.85350910958046,21.942344665527344,1486600,0.0,0.0
2024-10-30 00:00:00-04:00,21.86338015606817,22.39639349711231,21.84363850284409,22.060792922973633,1743200,0.0,0.0
2024-10-31 00:00:00-04:00,22.12001504748729,22.159498352235296,21.705449760971202,21.715320587158203,1597600,0.0,0.0
2024-11-01 00:00:00-04:00,21.705451354172258,21.93247472513424,21.330369344872793,21.53765106201172,1866400,0.0,0.0
2024-11-04 00:00:00-05:00,21.744933234912146,21.764673004772146,21.35010771503041,21.45868492126465,4106100,0.0,0.0
2024-11-05 00:00:00-05:00,19.9879670578632,20.856579118917526,19.64249564576165,20.47162628173828,4224000,0.0,0.0
2024-11-06 00:00:00-05:00,21.24153342307573,21.3599795786586,20.58020309262368,20.609813690185547,3725800,0.0,0.0
2024-11-07 00:00:00-05:00,20.68877824158189,21.123085201167555,20.68877824158189,20.8664493560791,2521900,0.0,0.0
2024-11-08 00:00:00-05:00,20.580203696692486,20.639426776222233,19.987967253391773,20.027450561523438,3159200,0.0,0.0
2024-11-11 00:00:00-05:00,20.04718979752882,20.254473394348715,19.691849447172533,19.73133087158203,1830800,0.0,0.0
2024-11-12 00:00:00-05:00,19.395730059221744,19.514178096363494,19.227929771493745,19.23780059814453,1920900,0.0,0.0
2024-11-13 00:00:00-05:00,19.247671740162296,19.46482428203452,19.129223701079813,19.41547203063965,2171900,0.0,0.0
2024-11-14 00:00:00-05:00,19.47469509815443,19.53392005899701,18.892329495209697,19.040390014648438,3130500,0.0,0.0
2024-11-15 00:00:00-05:00,19.0700004070776,19.35624873339827,19.050258753675962,19.29702377319336,2366400,0.0,0.0
2024-11-18 00:00:00-05:00,19.247672020664023,19.40560148663041,19.05025924687217,19.218059539794922,1521900,0.0,0.0
2024-11-19 00:00:00-05:00,19.02064845750769,19.247671827219254,18.902200417889468,19.099613189697266,1587500,0.0,0.0
2024-11-20 00:00:00-05:00,19.050258855545376,19.1785777206745,18.862718795230037,19.1687068939209,1125500,0.0,0.0
2024-11-21 00:00:00-05:00,19.10948354087089,19.4845655387677,18.961423024366784,19.366119384765625,1400900,0.0,0.0
2024-11-22 00:00:00-05:00,19.316765741238306,19.563530764775162,19.23780100901322,19.474695205688477,2066500,0.0,0.0
2024-11-25 00:00:00-05:00,19.662236572565302,19.909001588846156,19.49443628618761,19.681978225708008,2496800,0.0,0.0
2024-11-26 00:00:00-05:00,19.612884380176894,19.612884380176894,18.9515540592885,19.178577423095703,1572100,0.0,0.0
2024-11-27 00:00:00-05:00,19.257541459670755,19.395729261764792,19.06999952635198,19.326635360717773,1742900,0.0,0.0
2024-11-29 00:00:00-05:00,19.257541459670755,19.49443564154665,19.208187328446023,19.326635360717773,715700,0.0,0.0
2024-12-02 00:00:00-05:00,19.375987932555248,19.65236542402217,19.227929301745963,19.50430679321289,1834600,0.0,0.0
2024-12-03 00:00:00-05:00,19.662236649126925,19.83990776276779,19.395729978665628,19.553659439086914,3453300,0.0,0.0
2024-12-04 00:00:00-05:00,19.563530403601128,20.165637652368865,19.395730115387217,19.987966537475586,3811200,0.0,0.0
2024-12-05 00:00:00-05:00,20.037318166359153,20.29395400405517,19.741200905838625,19.820165634155273,2963900,0.0,0.0
2024-12-06 00:00:00-05:00,19.997837020000812,19.997837020000812,19.4746945110034,19.622753143310547,2424000,0.0,0.0
2024-12-09 00:00:00-05:00,19.948482933987776,20.66903820952068,19.909001510525343,19.99783706665039,3879800,0.0,0.0
2024-12-10 00:00:00-05:00,19.88925950832459,19.93861364012084,19.356248063598432,19.445083618164062,1895100,0.0,0.0
2024-12-11 00:00:00-05:00,19.504308079074338,19.52404973319512,19.0897427558767,19.14896583557129,1842300,0.0,0.0
2024-12-12 00:00:00-05:00,19.05025804215992,19.316764705125088,19.010776619498944,19.06999969482422,1058500,0.0,0.0
2024-12-13 00:00:00-05:00,18.8700008392334,19.06999969482422,18.649999618530273,19.049999237060547,1732300,0.25,0.0
2024-12-16 00:00:00-05:00,18.84000015258789,19.049999237060547,18.65999984741211,18.809999465942383,1849900,0.0,0.0
2024-12-17 00:00:00-05:00,18.690000534057617,19.0,18.40999984741211,18.559999465942383,3922200,0.0,0.0
2024-12-18 00:00:00-05:00,18.5,18.860000610351562,18.239999771118164,18.299999237060547,2805200,0.0,0.0
2024-12-19 00:00:00-05:00,18.200000762939453,18.40999984741211,17.670000076293945,17.8799991607666,3097900,0.0,0.0
2024-12-20 00:00:00-05:00,17.780000686645508,18.389999389648438,17.75,18.260000228881836,3986000,0.0,0.0
2024-12-23 00:00:00-05:00,18.209999084472656,18.309999465942383,17.920000076293945,18.1299991607666,2417400,0.0,0.0
2024-12-24 00:00:00-05:00,18.09000015258789,18.139999389648438,17.889999389648438,18.1200008392334,478500,0.0,0.0
2024-12-26 00:00:00-05:00,18.049999237060547,18.18000030517578,17.950000762939453,18.010000228881836,993300,0.0,0.0
2024-12-27 00:00:00-05:00,17.90999984741211,18.1299991607666,17.729999542236328,17.780000686645508,1915900,0.0,0.0
2024-12-30 00:00:00-05:00,17.709999084472656,17.709999084472656,17.40999984741211,17.56999969482422,2120200,0.0,0.0
2024-12-31 00:00:00-05:00,17.68000030517578,18.049999237060547,17.649999618530273,18.030000686645508,2370700,0.0,0.0
2025-01-02 00:00:00-05:00,18.020000457763672,18.149999618530273,17.360000610351562,17.440000534057617,1696400,0.0,0.0
2025-01-03 00:00:00-05:00,17.43000030517578,17.469999313354492,17.0,17.0,2458100,0.0,0.0
2025-01-06 00:00:00-05:00,17.139999389648438,17.350000381469727,16.920000076293945,17.0,2044900,0.0,0.0
2025-01-07 00:00:00-05:00,17.030000686645508,17.350000381469727,16.920000076293945,16.959999084472656,1853900,0.0,0.0
2025-01-08 00:00:00-05:00,16.780000686645508,16.84000015258789,16.479999542236328,16.510000228881836,2389500,0.0,0.0
2025-01-10 00:00:00-05:00,16.110000610351562,16.31999969482422,15.949999809265137,16.209999084472656,3822900,0.0,0.0
2025-01-13 00:00:00-05:00,16.149999618530273,16.760000228881836,16.079999923706055,16.700000762939453,3410400,0.0,0.0
2025-01-14 00:00:00-05:00,16.8799991607666,17.1299991607666,16.739999771118164,16.780000686645508,2774334,0.0,0.0
