Date,Open,High,Low,Close,Volume,Dividends,Stock Splits
2022-01-03 00:00:00-05:00,4.010000228881836,4.369999885559082,4.0,4.28000020980835,137000,0.0,0.0
2022-01-04 00:00:00-05:00,4.300000190734863,4.53000020980835,4.289999961853027,4.389999866485596,77600,0.0,0.0
2022-01-05 00:00:00-05:00,4.389999866485596,4.440000057220459,4.159999847412109,4.210000038146973,74500,0.0,0.0
2022-01-06 00:00:00-05:00,4.170000076293945,4.329999923706055,4.119999885559082,4.329999923706055,45000,0.0,0.0
2022-01-07 00:00:00-05:00,4.269999980926514,4.480000019073486,4.179999828338623,4.360000133514404,123300,0.0,0.0
2022-01-10 00:00:00-05:00,4.349999904632568,4.349999904632568,4.192999839782715,4.300000190734863,29900,0.0,0.0
2022-01-11 00:00:00-05:00,4.340000152587891,4.535999774932861,4.320000171661377,4.46999979019165,35800,0.0,0.0
2022-01-12 00:00:00-05:00,4.599999904632568,4.599999904632568,4.46999979019165,4.550000190734863,34000,0.0,0.0
2022-01-13 00:00:00-05:00,4.550000190734863,4.579999923706055,4.409999847412109,4.409999847412109,33800,0.0,0.0
2022-01-14 00:00:00-05:00,4.78000020980835,4.78000020980835,4.389999866485596,4.610000133514404,41300,0.0,0.0
2022-01-18 00:00:00-05:00,4.590000152587891,4.940000057220459,4.480000019073486,4.610000133514404,92600,0.0,0.0
2022-01-19 00:00:00-05:00,4.590000152587891,4.699999809265137,4.46999979019165,4.650000095367432,71200,0.0,0.0
2022-01-20 00:00:00-05:00,4.690000057220459,4.840000152587891,4.630000114440918,4.699999809265137,63100,0.0,0.0
2022-01-21 00:00:00-05:00,4.624000072479248,4.664000034332275,4.409999847412109,4.519999980926514,51200,0.0,0.0
2022-01-24 00:00:00-05:00,4.340000152587891,4.4629998207092285,4.199999809265137,4.300000190734863,136500,0.0,0.0
2022-01-25 00:00:00-05:00,4.260000228881836,4.420000076293945,4.21999979019165,4.380000114440918,20600,0.0,0.0
2022-01-26 00:00:00-05:00,4.420000076293945,4.454999923706055,4.260000228881836,4.28000020980835,25100,0.0,0.0
2022-01-27 00:00:00-05:00,4.300000190734863,4.406000137329102,4.099999904632568,4.170000076293945,51200,0.0,0.0
2022-01-28 00:00:00-05:00,4.170000076293945,4.210000038146973,4.0,4.079999923706055,73700,0.0,0.0
2022-01-31 00:00:00-05:00,4.119999885559082,4.190000057220459,3.9800000190734863,4.0,49200,0.0,0.0
2022-02-01 00:00:00-05:00,3.990000009536743,4.400000095367432,3.990000009536743,4.239999771118164,37800,0.0,0.0
2022-02-02 00:00:00-05:00,4.300000190734863,4.710000038146973,3.7300000190734863,3.859999895095825,833800,0.0,0.0
2022-02-03 00:00:00-05:00,3.809999942779541,3.940000057220459,3.7200000286102295,3.8499999046325684,44300,0.0,0.0
2022-02-04 00:00:00-05:00,3.9000000953674316,3.990000009536743,3.802999973297119,3.930000066757202,46200,0.0,0.0
2022-02-07 00:00:00-05:00,3.890000104904175,3.9100000858306885,3.7799999713897705,3.9000000953674316,25300,0.0,0.0
2022-02-08 00:00:00-05:00,3.8399999141693115,3.9000000953674316,3.809999942779541,3.869999885559082,38600,0.0,0.0
2022-02-09 00:00:00-05:00,3.880000114440918,3.9800000190734863,3.875999927520752,3.890000104904175,33500,0.0,0.0
2022-02-10 00:00:00-05:00,3.869999885559082,3.930000066757202,3.700000047683716,3.7699999809265137,31200,0.0,0.0
2022-02-11 00:00:00-05:00,3.799999952316284,3.8910000324249268,3.5399999618530273,3.5850000381469727,47100,0.0,0.0
2022-02-14 00:00:00-05:00,3.5399999618530273,3.7100000381469727,3.5399999618530273,3.619999885559082,38500,0.0,0.0
2022-02-15 00:00:00-05:00,3.619999885559082,3.9200000762939453,3.619999885559082,3.9000000953674316,35600,0.0,0.0
2022-02-16 00:00:00-05:00,3.859999895095825,3.9200000762939453,3.8499999046325684,3.890000104904175,14000,0.0,0.0
2022-02-17 00:00:00-05:00,3.8399999141693115,3.934999942779541,3.7699999809265137,3.799999952316284,29800,0.0,0.0
2022-02-18 00:00:00-05:00,3.809999942779541,3.884999990463257,3.759999990463257,3.859999895095825,16500,0.0,0.0
2022-02-22 00:00:00-05:00,3.8399999141693115,3.8429999351501465,3.6700000762939453,3.6700000762939453,33900,0.0,0.0
2022-02-23 00:00:00-05:00,3.9000000953674316,3.9000000953674316,3.7300000190734863,3.75,16000,0.0,0.0
2022-02-24 00:00:00-05:00,3.619999885559082,3.619999885559082,3.2200000286102295,3.4000000953674316,171200,0.0,0.0
2022-02-25 00:00:00-05:00,3.430000066757202,3.609999895095825,3.3399999141693115,3.4800000190734863,45300,0.0,0.0
2022-02-28 00:00:00-05:00,3.4200000762939453,3.690000057220459,3.4200000762939453,3.549999952316284,20800,0.0,0.0
2022-03-01 00:00:00-05:00,3.5,3.7200000286102295,3.5,3.619999885559082,11200,0.0,0.0
2022-03-02 00:00:00-05:00,3.619999885559082,3.740999937057495,3.5799999237060547,3.5999999046325684,22200,0.0,0.0
2022-03-03 00:00:00-05:00,3.559999942779541,3.5940001010894775,3.4000000953674316,3.4000000953674316,23400,0.0,0.0
2022-03-04 00:00:00-05:00,3.440000057220459,3.5299999713897705,3.049999952316284,3.319999933242798,51200,0.0,0.0
2022-03-07 00:00:00-05:00,3.2899999618530273,3.4700000286102295,3.2899999618530273,3.380000114440918,14400,0.0,0.0
2022-03-08 00:00:00-05:00,3.5,3.5,3.240000009536743,3.380000114440918,66000,0.0,0.0
2022-03-09 00:00:00-05:00,3.3980000019073486,3.4639999866485596,3.3499999046325684,3.4000000953674316,22800,0.0,0.0
2022-03-10 00:00:00-05:00,3.359999895095825,3.4100000858306885,3.299999952316284,3.3299999237060547,41700,0.0,0.0
2022-03-11 00:00:00-05:00,3.328000068664551,3.4000000953674316,3.2750000953674316,3.3499999046325684,32600,0.0,0.0
2022-03-14 00:00:00-04:00,3.3499999046325684,3.484999895095825,2.9000000953674316,2.9100000858306885,57700,0.0,0.0
2022-03-15 00:00:00-04:00,3.0999999046325684,3.4049999713897705,3.009999990463257,3.140000104904175,25200,0.0,0.0
2022-03-16 00:00:00-04:00,3.183000087738037,3.2139999866485596,2.799999952316284,2.9200000762939453,76800,0.0,0.0
2022-03-17 00:00:00-04:00,3.0199999809265137,3.0999999046325684,2.7799999713897705,2.8989999294281006,49800,0.0,0.0
2022-03-18 00:00:00-04:00,2.9000000953674316,3.0999999046325684,2.7799999713897705,2.7799999713897705,65000,0.0,0.0
2022-03-21 00:00:00-04:00,2.7799999713897705,2.9649999141693115,2.640000104904175,2.880000114440918,187600,0.0,0.0
2022-03-22 00:00:00-04:00,2.869999885559082,3.0799999237060547,2.869999885559082,3.055000066757202,35100,0.0,0.0
2022-03-23 00:00:00-04:00,3.0399999618530273,3.2300000190734863,3.0399999618530273,3.140000104904175,27400,0.0,0.0
2022-03-24 00:00:00-04:00,3.2170000076293945,3.2799999713897705,3.180000066757202,3.2360000610351562,20700,0.0,0.0
2022-03-25 00:00:00-04:00,3.2330000400543213,3.440000057220459,3.2200000286102295,3.440000057220459,115100,0.0,0.0
2022-03-28 00:00:00-04:00,3.450000047683716,3.565999984741211,3.187999963760376,3.25,61800,0.0,0.0
2022-03-29 00:00:00-04:00,3.1500000953674316,3.319999933242798,3.1500000953674316,3.2899999618530273,17700,0.0,0.0
2022-03-30 00:00:00-04:00,3.3299999237060547,3.4189999103546143,3.319999933242798,3.4100000858306885,32800,0.0,0.0
2022-03-31 00:00:00-04:00,3.4539999961853027,3.4539999961853027,3.299999952316284,3.299999952316284,25000,0.0,0.0
2022-04-01 00:00:00-04:00,3.359999895095825,3.36899995803833,3.299999952316284,3.299999952316284,17300,0.0,0.0
2022-04-04 00:00:00-04:00,3.240000009536743,3.25,3.190000057220459,3.2200000286102295,17400,0.0,0.0
2022-04-05 00:00:00-04:00,3.2100000381469727,3.2100000381469727,3.0999999046325684,3.1500000953674316,26300,0.0,0.0
2022-04-06 00:00:00-04:00,3.140000104904175,3.1640000343322754,2.9600000381469727,3.0299999713897705,54700,0.0,0.0
2022-04-07 00:00:00-04:00,3.059999942779541,3.069999933242798,2.997999906539917,3.0,12100,0.0,0.0
2022-04-08 00:00:00-04:00,3.0,3.049999952316284,2.990000009536743,3.0350000858306885,16100,0.0,0.0
2022-04-11 00:00:00-04:00,3.069999933242798,3.369999885559082,3.009999990463257,3.2200000286102295,74700,0.0,0.0
2022-04-12 00:00:00-04:00,3.3499999046325684,3.36899995803833,3.2100000381469727,3.240000009536743,26600,0.0,0.0
2022-04-13 00:00:00-04:00,3.240000009536743,3.299999952316284,3.2309999465942383,3.2799999713897705,11200,0.0,0.0
2022-04-14 00:00:00-04:00,3.619999885559082,4.829999923706055,3.450000047683716,3.8299999237060547,50872100,0.0,0.0
2022-04-18 00:00:00-04:00,3.7200000286102295,4.139999866485596,3.319999933242798,4.050000190734863,1186900,0.0,0.0
2022-04-19 00:00:00-04:00,3.880000114440918,4.239999771118164,3.759999990463257,4.059999942779541,1189800,0.0,0.0
2022-04-20 00:00:00-04:00,4.119999885559082,4.119999885559082,3.440000057220459,3.4600000381469727,335900,0.0,0.0
2022-04-21 00:00:00-04:00,3.369999885559082,3.490999937057495,3.180000066757202,3.299999952316284,269900,0.0,0.0
2022-04-22 00:00:00-04:00,3.299999952316284,3.299999952316284,2.940000057220459,3.0,220000,0.0,0.0
2022-04-25 00:00:00-04:00,3.0,3.140000104904175,2.890000104904175,3.049999952316284,132000,0.0,0.0
2022-04-26 00:00:00-04:00,3.009999990463257,3.0490000247955322,2.690000057220459,2.75,134800,0.0,0.0
2022-04-27 00:00:00-04:00,2.75,3.0,2.75,2.940000057220459,103100,0.0,0.0
2022-04-28 00:00:00-04:00,2.859999895095825,2.924999952316284,2.75,2.799999952316284,71300,0.0,0.0
2022-04-29 00:00:00-04:00,2.8499999046325684,2.9700000286102295,2.75,2.7799999713897705,30400,0.0,0.0
2022-05-02 00:00:00-04:00,2.7799999713897705,2.8589999675750732,2.5250000953674316,2.609999895095825,84500,0.0,0.0
2022-05-03 00:00:00-04:00,2.549999952316284,2.890000104904175,2.549999952316284,2.8499999046325684,83100,0.0,0.0
2022-05-04 00:00:00-04:00,2.9000000953674316,3.0199999809265137,2.8010001182556152,3.009999990463257,39100,0.0,0.0
2022-05-05 00:00:00-04:00,3.009999990463257,3.0290000438690186,2.640000104904175,2.7200000286102295,46000,0.0,0.0
2022-05-06 00:00:00-04:00,2.75,2.9200000762939453,2.7100000381469727,2.8499999046325684,30000,0.0,0.0
2022-05-09 00:00:00-04:00,2.809999942779541,2.8499999046325684,2.374000072479248,2.4800000190734863,106000,0.0,0.0
2022-05-10 00:00:00-04:00,2.4800000190734863,2.559999942779541,2.4630000591278076,2.4800000190734863,72300,0.0,0.0
2022-05-11 00:00:00-04:00,2.4600000381469727,2.755000114440918,2.308000087738037,2.369999885559082,58900,0.0,0.0
2022-05-12 00:00:00-04:00,2.369999885559082,2.4639999866485596,2.0399999618530273,2.190000057220459,171200,0.0,0.0
2022-05-13 00:00:00-04:00,2.0999999046325684,2.2950000762939453,1.9199999570846558,2.049999952316284,177300,0.0,0.0
2022-05-16 00:00:00-04:00,2.0,2.1710000038146973,2.0,2.049999952316284,64400,0.0,0.0
2022-05-17 00:00:00-04:00,2.119999885559082,2.119999885559082,1.9800000190734863,2.0199999809265137,61500,0.0,0.0
2022-05-18 00:00:00-04:00,2.059999942779541,2.059999942779541,1.9550000429153442,1.9700000286102295,58300,0.0,0.0
2022-05-19 00:00:00-04:00,2.009999990463257,2.180000066757202,1.9800000190734863,2.1500000953674316,94800,0.0,0.0
2022-05-20 00:00:00-04:00,2.180000066757202,2.180000066757202,1.9600000381469727,2.009999990463257,61300,0.0,0.0
2022-05-23 00:00:00-04:00,2.0,2.109999895095825,1.9600000381469727,2.0199999809265137,13100,0.0,0.0
2022-05-24 00:00:00-04:00,2.0,2.0,1.850000023841858,1.8799999952316284,42600,0.0,0.0
2022-05-25 00:00:00-04:00,1.9199999570846558,2.0,1.8700000047683716,1.9700000286102295,29200,0.0,0.0
2022-05-26 00:00:00-04:00,2.009999990463257,2.049999952316284,1.9600000381469727,2.009999990463257,30500,0.0,0.0
2022-05-27 00:00:00-04:00,2.049999952316284,2.1640000343322754,2.049999952316284,2.059999942779541,48300,0.0,0.0
2022-05-31 00:00:00-04:00,2.059999942779541,2.2899999618530273,2.049999952316284,2.049999952316284,82000,0.0,0.0
2022-06-01 00:00:00-04:00,2.1700000762939453,2.319999933242798,1.9500000476837158,2.0799999237060547,40700,0.0,0.0
2022-06-02 00:00:00-04:00,2.309999942779541,2.309999942779541,2.1500000953674316,2.25,51400,0.0,0.0
2022-06-03 00:00:00-04:00,2.299999952316284,2.299999952316284,2.0,2.180000066757202,78500,0.0,0.0
2022-06-06 00:00:00-04:00,2.200000047683716,2.309999942779541,2.119999885559082,2.1600000858306885,34800,0.0,0.0
2022-06-07 00:00:00-04:00,2.190000057220459,2.3299999237060547,2.1500000953674316,2.259999990463257,49100,0.0,0.0
2022-06-08 00:00:00-04:00,2.265000104904175,2.5,2.265000104904175,2.309999942779541,199700,0.0,0.0
2022-06-09 00:00:00-04:00,2.3299999237060547,2.3399999141693115,2.259999990463257,2.3299999237060547,21900,0.0,0.0
2022-06-10 00:00:00-04:00,2.380000114440918,2.4100000858306885,2.299999952316284,2.390000104904175,25500,0.0,0.0
2022-06-13 00:00:00-04:00,2.4000000953674316,2.4000000953674316,2.1700000762939453,2.2200000286102295,60900,0.0,0.0
2022-06-14 00:00:00-04:00,2.2100000381469727,2.2799999713897705,2.174999952316284,2.2300000190734863,50900,0.0,0.0
2022-06-15 00:00:00-04:00,2.244999885559082,2.3299999237060547,2.2019999027252197,2.240000009536743,20100,0.0,0.0
2022-06-16 00:00:00-04:00,2.2200000286102295,2.2790000438690186,2.1500000953674316,2.1600000858306885,16200,0.0,0.0
2022-06-17 00:00:00-04:00,2.2699999809265137,2.390000104904175,2.259999990463257,2.3299999237060547,39400,0.0,0.0
2022-06-21 00:00:00-04:00,2.619999885559082,3.0,2.619999885559082,2.7699999809265137,154800,0.0,0.0
2022-06-22 00:00:00-04:00,2.7100000381469727,2.990000009536743,2.7100000381469727,2.9000000953674316,56300,0.0,0.0
2022-06-23 00:00:00-04:00,2.9800000190734863,3.1500000953674316,2.9200000762939453,3.069999933242798,37600,0.0,0.0
2022-06-24 00:00:00-04:00,2.990000009536743,3.2899999618530273,2.9600000381469727,3.2899999618530273,30500,0.0,0.0
2022-06-27 00:00:00-04:00,3.3399999141693115,3.440000057220459,3.1700000762939453,3.180000066757202,22800,0.0,0.0
2022-06-28 00:00:00-04:00,3.299999952316284,3.490000009536743,3.2100000381469727,3.309999942779541,78400,0.0,0.0
2022-06-29 00:00:00-04:00,3.2200000286102295,3.359999895095825,3.0880000591278076,3.2300000190734863,154100,0.0,0.0
2022-06-30 00:00:00-04:00,3.140000104904175,3.390000104904175,2.9000000953674316,2.9800000190734863,220200,0.0,0.0
2022-07-01 00:00:00-04:00,2.940000057220459,3.0799999237060547,2.75,2.759999990463257,58600,0.0,0.0
2022-07-05 00:00:00-04:00,2.7300000190734863,3.0399999618530273,2.690000057220459,2.9000000953674316,85400,0.0,0.0
2022-07-06 00:00:00-04:00,2.859999895095825,2.996000051498413,2.700000047683716,2.7200000286102295,109700,0.0,0.0
2022-07-07 00:00:00-04:00,2.740000009536743,2.9600000381469727,2.7300000190734863,2.8499999046325684,91800,0.0,0.0
2022-07-08 00:00:00-04:00,2.8299999237060547,2.9800000190734863,2.7699999809265137,2.9200000762939453,77000,0.0,0.0
2022-07-11 00:00:00-04:00,2.8299999237060547,2.990000009536743,2.7699999809265137,2.7899999618530273,91100,0.0,0.0
2022-07-12 00:00:00-04:00,2.759999990463257,2.9700000286102295,2.75,2.8399999141693115,70000,0.0,0.0
2022-07-13 00:00:00-04:00,2.8499999046325684,2.9700000286102295,2.7799999713897705,2.8399999141693115,78400,0.0,0.0
2022-07-14 00:00:00-04:00,2.859999895095825,2.859999895095825,2.75,2.7899999618530273,33300,0.0,0.0
2022-07-15 00:00:00-04:00,2.7799999713897705,2.884999990463257,2.7799999713897705,2.859999895095825,6600,0.0,0.0
2022-07-18 00:00:00-04:00,2.859999895095825,2.9700000286102295,2.7699999809265137,2.7799999713897705,25200,0.0,0.0
2022-07-19 00:00:00-04:00,2.9200000762939453,2.941999912261963,2.859999895095825,2.859999895095825,19000,0.0,0.0
2022-07-20 00:00:00-04:00,2.9100000858306885,2.997999906539917,2.8399999141693115,2.869999885559082,17600,0.0,0.0
2022-07-21 00:00:00-04:00,2.859999895095825,2.869999885559082,2.819999933242798,2.8299999237060547,30100,0.0,0.0
2022-07-22 00:00:00-04:00,2.8350000381469727,2.8499999046325684,2.740000009536743,2.799999952316284,71900,0.0,0.0
2022-07-25 00:00:00-04:00,2.7809998989105225,2.805000066757202,2.630000114440918,2.7049999237060547,65400,0.0,0.0
2022-07-26 00:00:00-04:00,2.700000047683716,2.7699999809265137,2.5999999046325684,2.630000114440918,40500,0.0,0.0
2022-07-27 00:00:00-04:00,2.75,2.930999994277954,2.690000057220459,2.7100000381469727,70600,0.0,0.0
2022-07-28 00:00:00-04:00,2.875,2.875,2.700000047683716,2.746000051498413,18500,0.0,0.0
2022-07-29 00:00:00-04:00,2.740000009536743,2.819999933242798,2.700000047683716,2.700000047683716,9600,0.0,0.0
2022-08-01 00:00:00-04:00,2.799999952316284,2.819999933242798,2.7149999141693115,2.759999990463257,8100,0.0,0.0
2022-08-02 00:00:00-04:00,2.7950000762939453,2.865000009536743,2.7200000286102295,2.7799999713897705,34100,0.0,0.0
2022-08-03 00:00:00-04:00,2.8399999141693115,2.9700000286102295,2.7200000286102295,2.7200000286102295,67500,0.0,0.0
2022-08-04 00:00:00-04:00,2.8499999046325684,2.9000000953674316,2.7200000286102295,2.7839999198913574,17400,0.0,0.0
2022-08-05 00:00:00-04:00,2.7899999618530273,2.869999885559082,2.75,2.825000047683716,11000,0.0,0.0
2022-08-08 00:00:00-04:00,2.746999979019165,2.869999885559082,2.746999979019165,2.799999952316284,10500,0.0,0.0
2022-08-09 00:00:00-04:00,2.799999952316284,2.869999885559082,2.75,2.7899999618530273,20700,0.0,0.0
2022-08-10 00:00:00-04:00,2.8399999141693115,2.9600000381469727,2.7200000286102295,2.869999885559082,89200,0.0,0.0
2022-08-11 00:00:00-04:00,2.930000066757202,3.240000009536743,2.9200000762939453,3.236999988555908,73400,0.0,0.0
2022-08-12 00:00:00-04:00,3.2119998931884766,3.428999900817871,3.2070000171661377,3.2799999713897705,91100,0.0,0.0
2022-08-15 00:00:00-04:00,3.25,3.5999999046325684,3.0999999046325684,3.200000047683716,505400,0.0,0.0
2022-08-16 00:00:00-04:00,3.200000047683716,3.25,3.049999952316284,3.1500000953674316,51100,0.0,0.0
2022-08-17 00:00:00-04:00,3.1649999618530273,3.1649999618530273,2.9000000953674316,2.950000047683716,23500,0.0,0.0
2022-08-18 00:00:00-04:00,2.9200000762939453,2.930000066757202,2.819999933242798,2.890000104904175,16400,0.0,0.0
2022-08-19 00:00:00-04:00,2.8499999046325684,2.8499999046325684,2.7699999809265137,2.7699999809265137,4600,0.0,0.0
2022-08-22 00:00:00-04:00,2.7699999809265137,2.950000047683716,2.7100000381469727,2.8399999141693115,35400,0.0,0.0
2022-08-23 00:00:00-04:00,2.86899995803833,3.059999942779541,2.7899999618530273,2.940000057220459,20000,0.0,0.0
2022-08-24 00:00:00-04:00,3.069999933242798,3.140000104904175,2.950000047683716,2.9700000286102295,42800,0.0,0.0
2022-08-25 00:00:00-04:00,2.9800000190734863,3.0899999141693115,2.9800000190734863,3.009999990463257,23600,0.0,0.0
2022-08-26 00:00:00-04:00,3.049999952316284,3.1500000953674316,2.9000000953674316,2.9000000953674316,23600,0.0,0.0
2022-08-29 00:00:00-04:00,2.9000000953674316,3.1500000953674316,2.9000000953674316,3.009999990463257,23400,0.0,0.0
2022-08-30 00:00:00-04:00,3.0899999141693115,3.119999885559082,2.9200000762939453,2.990000009536743,17800,0.0,0.0
2022-08-31 00:00:00-04:00,3.009999990463257,3.069999933242798,2.9600000381469727,2.9600000381469727,17400,0.0,0.0
2022-09-01 00:00:00-04:00,2.9000000953674316,3.1640000343322754,2.9000000953674316,3.0299999713897705,45600,0.0,0.0
2022-09-02 00:00:00-04:00,3.0199999809265137,3.0199999809265137,2.927000045776367,2.984999895095825,21400,0.0,0.0
2022-09-06 00:00:00-04:00,3.056999921798706,3.0999999046325684,2.9700000286102295,3.010999917984009,15400,0.0,0.0
2022-09-07 00:00:00-04:00,3.0350000858306885,3.0929999351501465,2.9800000190734863,3.0299999713897705,20800,0.0,0.0
2022-09-08 00:00:00-04:00,3.0799999237060547,3.0899999141693115,2.9800000190734863,3.0,16700,0.0,0.0
2022-09-09 00:00:00-04:00,3.0,3.25,3.0,3.1700000762939453,62400,0.0,0.0
2022-09-12 00:00:00-04:00,3.190000057220459,3.2149999141693115,3.109999895095825,3.1500000953674316,25100,0.0,0.0
2022-09-13 00:00:00-04:00,3.0299999713897705,3.1449999809265137,2.869999885559082,2.9519999027252197,79300,0.0,0.0
2022-09-14 00:00:00-04:00,3.0199999809265137,3.049999952316284,2.890000104904175,2.9000000953674316,41400,0.0,0.0
2022-09-15 00:00:00-04:00,3.009999990463257,3.009999990463257,2.869999885559082,2.930000066757202,13400,0.0,0.0
2022-09-16 00:00:00-04:00,2.9800000190734863,2.993000030517578,2.819999933242798,2.8350000381469727,81100,0.0,0.0
2022-09-19 00:00:00-04:00,2.759999990463257,2.8889999389648438,2.759999990463257,2.8399999141693115,13600,0.0,0.0
2022-09-20 00:00:00-04:00,2.809999942779541,2.8499999046325684,2.75,2.8499999046325684,19300,0.0,0.0
2022-09-21 00:00:00-04:00,2.740000009536743,2.8399999141693115,2.740000009536743,2.799999952316284,19800,0.0,0.0
2022-09-22 00:00:00-04:00,2.759999990463257,2.7899999618530273,2.7300000190734863,2.759999990463257,14200,0.0,0.0
2022-09-23 00:00:00-04:00,2.799999952316284,2.809000015258789,2.203000068664551,2.4700000286102295,92000,0.0,0.0
2022-09-26 00:00:00-04:00,2.4700000286102295,2.499000072479248,2.390000104904175,2.4100000858306885,20600,0.0,0.0
2022-09-27 00:00:00-04:00,2.380000114440918,2.492000102996826,2.380000114440918,2.4800000190734863,7200,0.0,0.0
2022-09-28 00:00:00-04:00,2.5,2.630000114440918,2.4000000953674316,2.489000082015991,17400,0.0,0.0
2022-09-29 00:00:00-04:00,2.490000009536743,2.634999990463257,2.4000000953674316,2.440000057220459,57700,0.0,0.0
2022-09-30 00:00:00-04:00,2.4200000762939453,2.5899999141693115,2.4200000762939453,2.450000047683716,6100,0.0,0.0
2022-10-03 00:00:00-04:00,2.440000057220459,2.5999999046325684,2.4200000762939453,2.549999952316284,9400,0.0,0.0
2022-10-04 00:00:00-04:00,2.5350000858306885,2.569999933242798,2.444999933242798,2.450000047683716,12100,0.0,0.0
2022-10-05 00:00:00-04:00,2.5,2.5,2.4100000858306885,2.4200000762939453,3200,0.0,0.0
2022-10-06 00:00:00-04:00,2.490000009536743,2.509999990463257,2.434999942779541,2.5,6600,0.0,0.0
2022-10-07 00:00:00-04:00,2.5,2.5989999771118164,2.200000047683716,2.2100000381469727,97900,0.0,0.0
2022-10-10 00:00:00-04:00,2.200000047683716,2.4049999713897705,2.0,2.0,71800,0.0,0.0
2022-10-11 00:00:00-04:00,2.009999990463257,2.059999942779541,1.9500000476837158,1.9500000476837158,20700,0.0,0.0
2022-10-12 00:00:00-04:00,1.9299999475479126,2.049999952316284,1.7999999523162842,2.0,69600,0.0,0.0
2022-10-13 00:00:00-04:00,1.9500000476837158,2.1700000762939453,1.9500000476837158,2.130000114440918,27400,0.0,0.0
2022-10-14 00:00:00-04:00,2.119999885559082,2.180999994277954,2.0999999046325684,2.109999895095825,11900,0.0,0.0
2022-10-17 00:00:00-04:00,2.109999895095825,2.132999897003174,2.0339999198913574,2.0399999618530273,13000,0.0,0.0
2022-10-18 00:00:00-04:00,2.1740000247955322,2.200000047683716,2.0899999141693115,2.140000104904175,8400,0.0,0.0
2022-10-19 00:00:00-04:00,2.130000114440918,2.1600000858306885,2.049999952316284,2.059999942779541,12900,0.0,0.0
2022-10-20 00:00:00-04:00,1.9930000305175781,2.119999885559082,1.9900000095367432,2.059999942779541,6900,0.0,0.0
2022-10-21 00:00:00-04:00,2.125,2.125,2.049999952316284,2.059999942779541,4700,0.0,0.0
2022-10-24 00:00:00-04:00,2.119999885559082,2.1500000953674316,2.0,2.069999933242798,25000,0.0,0.0
2022-10-25 00:00:00-04:00,2.065000057220459,2.1649999618530273,2.055000066757202,2.059999942779541,55400,0.0,0.0
2022-10-26 00:00:00-04:00,2.125,2.1500000953674316,2.059999942779541,2.069999933242798,4900,0.0,0.0
2022-10-27 00:00:00-04:00,2.369999885559082,2.4600000381469727,2.190000057220459,2.190000057220459,79200,0.0,0.0
2022-10-28 00:00:00-04:00,2.309999942779541,2.309999942779541,2.177000045776367,2.2300000190734863,19300,0.0,0.0
2022-10-31 00:00:00-04:00,2.109999895095825,2.2790000438690186,2.109999895095825,2.2100000381469727,18400,0.0,0.0
2022-11-01 00:00:00-04:00,2.1679999828338623,2.2739999294281006,2.1679999828338623,2.200000047683716,3000,0.0,0.0
2022-11-02 00:00:00-04:00,2.1600000858306885,2.180000066757202,2.1600000858306885,2.1700000762939453,1600,0.0,0.0
2022-11-03 00:00:00-04:00,2.119999885559082,2.2200000286102295,2.119999885559082,2.2149999141693115,4200,0.0,0.0
2022-11-04 00:00:00-04:00,2.180000066757202,2.184999942779541,2.1740000247955322,2.1740000247955322,1900,0.0,0.0
2022-11-07 00:00:00-05:00,2.2170000076293945,2.25,2.1700000762939453,2.180000066757202,14100,0.0,0.0
2022-11-08 00:00:00-05:00,2.0999999046325684,2.259999990463257,2.0999999046325684,2.1700000762939453,7900,0.0,0.0
2022-11-09 00:00:00-05:00,2.2049999237060547,2.25,2.1500000953674316,2.25,8800,0.0,0.0
2022-11-10 00:00:00-05:00,2.25,2.450000047683716,2.25,2.3499999046325684,37400,0.0,0.0
2022-11-11 00:00:00-05:00,2.3399999141693115,2.440000057220459,2.3299999237060547,2.359999895095825,17400,0.0,0.0
2022-11-14 00:00:00-05:00,2.319999933242798,2.440000057220459,2.319999933242798,2.365000009536743,2000,0.0,0.0
2022-11-15 00:00:00-05:00,2.4000000953674316,2.440000057220459,2.3399999141693115,2.4049999713897705,12200,0.0,0.0
2022-11-16 00:00:00-05:00,2.3499999046325684,2.369999885559082,2.25,2.309999942779541,15300,0.0,0.0
2022-11-17 00:00:00-05:00,2.25,2.309999942779541,2.1500000953674316,2.1500000953674316,12800,0.0,0.0
2022-11-18 00:00:00-05:00,2.1500000953674316,2.2300000190734863,2.140000104904175,2.200000047683716,17400,0.0,0.0
2022-11-21 00:00:00-05:00,2.2200000286102295,2.25,2.190000057220459,2.2200000286102295,3700,0.0,0.0
2022-11-22 00:00:00-05:00,2.2200000286102295,2.259999990463257,2.2200000286102295,2.25,15500,0.0,0.0
2022-11-23 00:00:00-05:00,2.2750000953674316,2.4000000953674316,2.2750000953674316,2.359999895095825,6000,0.0,0.0
2022-11-25 00:00:00-05:00,2.3499999046325684,2.440000057220459,2.3399999141693115,2.369999885559082,2500,0.0,0.0
2022-11-28 00:00:00-05:00,2.380000114440918,2.450000047683716,2.369999885559082,2.440000057220459,5700,0.0,0.0
2022-11-29 00:00:00-05:00,2.5,2.700000047683716,2.490000009536743,2.700000047683716,21100,0.0,0.0
2022-11-30 00:00:00-05:00,2.680000066757202,2.9600000381469727,2.680000066757202,2.9600000381469727,20200,0.0,0.0
2022-12-01 00:00:00-05:00,2.880000114440918,3.119999885559082,2.880000114440918,2.9800000190734863,36500,0.0,0.0
2022-12-02 00:00:00-05:00,3.0,3.0,2.890000104904175,2.950000047683716,10200,0.0,0.0
2022-12-05 00:00:00-05:00,2.869999885559082,2.950000047683716,2.869999885559082,2.930000066757202,11000,0.0,0.0
2022-12-06 00:00:00-05:00,2.927999973297119,2.930000066757202,2.8499999046325684,2.859999895095825,10300,0.0,0.0
2022-12-07 00:00:00-05:00,2.9049999713897705,2.9200000762939453,2.86899995803833,2.9000000953674316,5600,0.0,0.0
2022-12-08 00:00:00-05:00,2.927000045776367,2.927000045776367,2.9019999504089355,2.9200000762939453,7400,0.0,0.0
2022-12-09 00:00:00-05:00,2.9100000858306885,2.950000047683716,2.9100000858306885,2.930000066757202,14700,0.0,0.0
2022-12-12 00:00:00-05:00,2.9260001182556152,2.9600000381469727,2.9049999713897705,2.9600000381469727,7600,0.0,0.0
2022-12-13 00:00:00-05:00,2.890000104904175,3.0,2.890000104904175,2.9600000381469727,7000,0.0,0.0
2022-12-14 00:00:00-05:00,2.9670000076293945,3.0,2.8499999046325684,2.869999885559082,26300,0.0,0.0
2022-12-15 00:00:00-05:00,2.8499999046325684,2.990000009536743,2.7200000286102295,2.7899999618530273,33500,0.0,0.0
2022-12-16 00:00:00-05:00,2.825000047683716,2.825000047683716,2.6449999809265137,2.680000066757202,10900,0.0,0.0
2022-12-19 00:00:00-05:00,2.509999990463257,2.5999999046325684,2.4149999618530273,2.4200000762939453,13300,0.0,0.0
2022-12-20 00:00:00-05:00,2.3499999046325684,2.4200000762939453,2.2699999809265137,2.319999933242798,5300,0.0,0.0
2022-12-21 00:00:00-05:00,2.299999952316284,2.6500000953674316,2.299999952316284,2.450000047683716,26000,0.0,0.0
2022-12-22 00:00:00-05:00,2.430000066757202,2.4749999046325684,2.3610000610351562,2.4600000381469727,10100,0.0,0.0
2022-12-23 00:00:00-05:00,2.490000009536743,2.51200008392334,2.430999994277954,2.450000047683716,5700,0.0,0.0
2022-12-27 00:00:00-05:00,2.4000000953674316,2.5299999713897705,2.3399999141693115,2.3550000190734863,10800,0.0,0.0
2022-12-28 00:00:00-05:00,2.309999942779541,2.4000000953674316,2.309999942779541,2.3499999046325684,3200,0.0,0.0
2022-12-29 00:00:00-05:00,2.25,2.5,2.25,2.4600000381469727,12300,0.0,0.0
2022-12-30 00:00:00-05:00,2.25,2.5399999618530273,2.25,2.4600000381469727,9100,0.0,0.0
2023-01-03 00:00:00-05:00,2.380000114440918,2.556999921798706,2.380000114440918,2.549999952316284,17900,0.0,0.0
2023-01-04 00:00:00-05:00,2.5999999046325684,2.740000009536743,2.5929999351501465,2.700000047683716,7000,0.0,0.0
2023-01-05 00:00:00-05:00,2.7200000286102295,2.7669999599456787,2.6600000858306885,2.6700000762939453,6500,0.0,0.0
2023-01-06 00:00:00-05:00,2.6700000762939453,2.759999990463257,2.5899999141693115,2.690000057220459,8600,0.0,0.0
2023-01-09 00:00:00-05:00,2.690000057220459,2.690000057220459,2.509999990463257,2.6029999256134033,17000,0.0,0.0
2023-01-10 00:00:00-05:00,2.5199999809265137,2.6600000858306885,2.5199999809265137,2.5999999046325684,4000,0.0,0.0
2023-01-11 00:00:00-05:00,2.6600000858306885,2.700000047683716,2.622999906539917,2.6500000953674316,12400,0.0,0.0
2023-01-12 00:00:00-05:00,2.6500000953674316,2.7799999713897705,2.630000114440918,2.73799991607666,5400,0.0,0.0
2023-01-13 00:00:00-05:00,2.7699999809265137,2.7799999713897705,2.690000057220459,2.7699999809265137,14800,0.0,0.0
2023-01-17 00:00:00-05:00,2.819999933242798,2.937999963760376,2.700000047683716,2.7799999713897705,66600,0.0,0.0
2023-01-18 00:00:00-05:00,2.9000000953674316,2.930000066757202,2.7799999713897705,2.7799999713897705,20500,0.0,0.0
2023-01-19 00:00:00-05:00,2.8410000801086426,2.8499999046325684,2.7300000190734863,2.7300000190734863,21200,0.0,0.0
2023-01-20 00:00:00-05:00,2.7100000381469727,2.809999942779541,2.700000047683716,2.7200000286102295,13300,0.0,0.0
2023-01-23 00:00:00-05:00,2.7200000286102295,2.8399999141693115,2.7100000381469727,2.75,23700,0.0,0.0
2023-01-24 00:00:00-05:00,2.990000009536743,2.990000009536743,2.819999933242798,2.869999885559082,22700,0.0,0.0
2023-01-25 00:00:00-05:00,2.869999885559082,2.9100000858306885,2.8299999237060547,2.859999895095825,3200,0.0,0.0
2023-01-26 00:00:00-05:00,2.869999885559082,2.890000104904175,2.808000087738037,2.8399999141693115,7400,0.0,0.0
2023-01-27 00:00:00-05:00,2.8499999046325684,3.0280001163482666,2.8499999046325684,2.940000057220459,24700,0.0,0.0
2023-01-30 00:00:00-05:00,3.0,3.2899999618530273,2.9719998836517334,3.240000009536743,33300,0.0,0.0
2023-01-31 00:00:00-05:00,3.299999952316284,3.299999952316284,3.1659998893737793,3.2100000381469727,19500,0.0,0.0
2023-02-01 00:00:00-05:00,3.1600000858306885,3.194999933242798,3.119999885559082,3.140000104904175,17500,0.0,0.0
2023-02-02 00:00:00-05:00,3.140000104904175,3.2290000915527344,3.0,3.009999990463257,33800,0.0,0.0
2023-02-03 00:00:00-05:00,3.0209999084472656,3.119999885559082,3.009999990463257,3.009999990463257,14900,0.0,0.0
2023-02-06 00:00:00-05:00,3.009999990463257,3.049999952316284,2.9000000953674316,2.9100000858306885,33400,0.0,0.0
2023-02-07 00:00:00-05:00,2.950000047683716,3.009999990463257,2.680000066757202,2.759999990463257,29300,0.0,0.0
2023-02-08 00:00:00-05:00,2.759999990463257,2.8499999046325684,2.759999990463257,2.7899999618530273,10300,0.0,0.0
2023-02-09 00:00:00-05:00,2.799999952316284,2.859999895095825,2.799999952316284,2.8350000381469727,7100,0.0,0.0
2023-02-10 00:00:00-05:00,2.809999942779541,2.821000099182129,2.756999969482422,2.809999942779541,9300,0.0,0.0
2023-02-13 00:00:00-05:00,2.75,2.75,2.700000047683716,2.7300000190734863,15600,0.0,0.0
2023-02-14 00:00:00-05:00,2.7300000190734863,3.0280001163482666,2.7300000190734863,2.934000015258789,44000,0.0,0.0
2023-02-15 00:00:00-05:00,2.9100000858306885,2.9800000190734863,2.881999969482422,2.9700000286102295,15900,0.0,0.0
2023-02-16 00:00:00-05:00,2.940000057220459,2.997999906539917,2.938999891281128,2.9600000381469727,9700,0.0,0.0
2023-02-17 00:00:00-05:00,2.950000047683716,3.0399999618530273,2.950000047683716,3.0399999618530273,14700,0.0,0.0
2023-02-21 00:00:00-05:00,3.25,3.25,2.9700000286102295,2.9700000286102295,52500,0.0,0.0
2023-02-22 00:00:00-05:00,3.0899999141693115,3.0999999046325684,2.984999895095825,3.049999952316284,15500,0.0,0.0
2023-02-23 00:00:00-05:00,3.059999942779541,3.1600000858306885,3.0399999618530273,3.059999942779541,15500,0.0,0.0
2023-02-24 00:00:00-05:00,3.0269999504089355,3.0799999237060547,2.9700000286102295,3.0,9100,0.0,0.0
2023-02-27 00:00:00-05:00,3.0209999084472656,3.069999933242798,2.9800000190734863,3.0260000228881836,15200,0.0,0.0
2023-02-28 00:00:00-05:00,2.994999885559082,3.049999952316284,2.990000009536743,3.0299999713897705,11000,0.0,0.0
2023-03-01 00:00:00-05:00,3.069999933242798,3.069999933242798,2.9100000858306885,2.9600000381469727,17300,0.0,0.0
2023-03-02 00:00:00-05:00,3.009999990463257,3.0799999237060547,2.9000000953674316,3.059999942779541,83800,0.0,0.0
2023-03-03 00:00:00-05:00,2.9100000858306885,3.1500000953674316,2.9100000858306885,3.130000114440918,22600,0.0,0.0
2023-03-06 00:00:00-05:00,3.180000066757202,3.5950000286102295,3.0999999046325684,3.4700000286102295,129100,0.0,0.0
2023-03-07 00:00:00-05:00,3.450000047683716,3.450000047683716,3.2699999809265137,3.3499999046325684,40200,0.0,0.0
2023-03-08 00:00:00-05:00,3.319999933242798,3.3949999809265137,3.259999990463257,3.2899999618530273,20300,0.0,0.0
2023-03-09 00:00:00-05:00,3.2699999809265137,3.305000066757202,3.1549999713897705,3.180000066757202,18400,0.0,0.0
2023-03-10 00:00:00-05:00,3.180000066757202,3.2799999713897705,2.75,2.940000057220459,56800,0.0,0.0
2023-03-13 00:00:00-04:00,3.0,3.0899999141693115,2.9700000286102295,2.9700000286102295,10800,0.0,0.0
2023-03-14 00:00:00-04:00,2.950000047683716,2.9800000190734863,2.760999917984009,2.7899999618530273,13400,0.0,0.0
2023-03-15 00:00:00-04:00,2.809999942779541,2.8989999294281006,2.7100000381469727,2.7100000381469727,7500,0.0,0.0
2023-03-16 00:00:00-04:00,3.049999952316284,3.049999952316284,2.7209999561309814,2.75,11000,0.0,0.0
2023-03-17 00:00:00-04:00,2.640000104904175,2.686000108718872,2.5199999809265137,2.549999952316284,26500,0.0,0.0
2023-03-20 00:00:00-04:00,2.630000114440918,2.630000114440918,2.4600000381469727,2.5299999713897705,20600,0.0,0.0
2023-03-21 00:00:00-04:00,2.5799999237060547,2.5799999237060547,2.5,2.5199999809265137,10000,0.0,0.0
2023-03-22 00:00:00-04:00,2.4820001125335693,2.559999942779541,2.3580000400543213,2.4739999771118164,11500,0.0,0.0
2023-03-23 00:00:00-04:00,2.5,2.640000104904175,2.5,2.559999942779541,3800,0.0,0.0
2023-03-24 00:00:00-04:00,2.5899999141693115,2.5899999141693115,2.4700000286102295,2.5,9200,0.0,0.0
2023-03-27 00:00:00-04:00,2.5199999809265137,2.5989999771118164,2.490000009536743,2.559999942779541,10400,0.0,0.0
2023-03-28 00:00:00-04:00,2.5999999046325684,2.5999999046325684,2.4800000190734863,2.4800000190734863,5200,0.0,0.0
2023-03-29 00:00:00-04:00,2.5869998931884766,2.7200000286102295,2.5869998931884766,2.700000047683716,24500,0.0,0.0
2023-03-30 00:00:00-04:00,2.700000047683716,2.759999990463257,2.6500000953674316,2.694999933242798,4300,0.0,0.0
2023-03-31 00:00:00-04:00,2.7699999809265137,2.7699999809265137,2.6600000858306885,2.7200000286102295,4800,0.0,0.0
2023-04-03 00:00:00-04:00,2.7799999713897705,2.7799999713897705,2.5999999046325684,2.686000108718872,13700,0.0,0.0
2023-04-04 00:00:00-04:00,2.5799999237060547,2.5799999237060547,2.380000114440918,2.390000104904175,33600,0.0,0.0
2023-04-05 00:00:00-04:00,2.5,2.5,2.309999942779541,2.325000047683716,6900,0.0,0.0
2023-04-06 00:00:00-04:00,2.3559999465942383,2.440000057220459,2.3559999465942383,2.369999885559082,8800,0.0,0.0
2023-04-10 00:00:00-04:00,2.371999979019165,2.4000000953674316,2.3399999141693115,2.3499999046325684,11100,0.0,0.0
2023-04-11 00:00:00-04:00,2.3499999046325684,2.4000000953674316,2.325000047683716,2.325000047683716,7600,0.0,0.0
2023-04-12 00:00:00-04:00,2.369999885559082,2.369999885559082,2.25,2.2799999713897705,33800,0.0,0.0
2023-04-13 00:00:00-04:00,2.2669999599456787,2.4000000953674316,2.2669999599456787,2.309999942779541,10100,0.0,0.0
2023-04-14 00:00:00-04:00,2.3399999141693115,2.359999895095825,2.180000066757202,2.180000066757202,20300,0.0,0.0
2023-04-17 00:00:00-04:00,2.25,2.25,2.1700000762939453,2.1700000762939453,27500,0.0,0.0
2023-04-18 00:00:00-04:00,2.2699999809265137,2.2699999809265137,2.1500000953674316,2.259999990463257,33600,0.0,0.0
2023-04-19 00:00:00-04:00,2.200000047683716,2.25,2.1500000953674316,2.240000009536743,13600,0.0,0.0
2023-04-20 00:00:00-04:00,2.2799999713897705,2.299999952316284,2.200000047683716,2.200000047683716,18200,0.0,0.0
2023-04-21 00:00:00-04:00,2.259999990463257,2.2899999618530273,2.25,2.2699999809265137,15000,0.0,0.0
2023-04-24 00:00:00-04:00,2.2699999809265137,2.299999952316284,2.25,2.259999990463257,13600,0.0,0.0
2023-04-25 00:00:00-04:00,2.299999952316284,2.299999952316284,2.1700000762939453,2.200000047683716,10100,0.0,0.0
2023-04-26 00:00:00-04:00,2.240999937057495,2.259999990463257,2.194999933242798,2.259999990463257,2900,0.0,0.0
2023-04-27 00:00:00-04:00,2.2200000286102295,2.2899999618530273,2.1600000858306885,2.183000087738037,8700,0.0,0.0
2023-04-28 00:00:00-04:00,2.200000047683716,2.200000047683716,2.059999942779541,2.0899999141693115,19600,0.0,0.0
2023-05-01 00:00:00-04:00,2.0199999809265137,2.0899999141693115,1.7999999523162842,1.8600000143051147,81200,0.0,0.0
2023-05-02 00:00:00-04:00,1.8600000143051147,1.8700000047683716,1.8600000143051147,1.8600000143051147,21200,0.0,0.0
2023-05-03 00:00:00-04:00,1.7899999618530273,1.815999984741211,1.6200000047683716,1.6200000047683716,45800,0.0,0.0
2023-05-04 00:00:00-04:00,1.5499999523162842,1.5499999523162842,1.3700000047683716,1.3700000047683716,118000,0.0,0.0
2023-05-05 00:00:00-04:00,1.3700000047683716,1.3700000047683716,1.2100000381469727,1.309999942779541,92300,0.0,0.0
2023-05-08 00:00:00-04:00,1.2699999809265137,1.3250000476837158,1.0099999904632568,1.024999976158142,252300,0.0,0.0
2023-05-09 00:00:00-04:00,0.7419999837875366,0.800000011920929,0.7049999833106995,0.7900000214576721,1273700,0.0,0.0
2023-05-10 00:00:00-04:00,0.7599999904632568,0.7900000214576721,0.7300000190734863,0.7749999761581421,309300,0.0,0.0
2023-05-11 00:00:00-04:00,0.7820000052452087,0.8299999833106995,0.7599999904632568,0.7839999794960022,175500,0.0,0.0
2023-05-12 00:00:00-04:00,0.7799999713897705,0.8100000023841858,0.7480000257492065,0.7540000081062317,43600,0.0,0.0
2023-05-15 00:00:00-04:00,0.7850000262260437,0.7850000262260437,0.7200000286102295,0.7250000238418579,94500,0.0,0.0
2023-05-16 00:00:00-04:00,0.7250000238418579,0.75,0.7250000238418579,0.7400000095367432,32800,0.0,0.0
2023-05-17 00:00:00-04:00,0.7400000095367432,0.7400000095367432,0.7200000286102295,0.7390000224113464,63200,0.0,0.0
2023-05-18 00:00:00-04:00,0.7450000047683716,0.9150000214576721,0.7310000061988831,0.8830000162124634,2404100,0.0,0.0
2023-05-19 00:00:00-04:00,0.8199999928474426,0.8289999961853027,0.75,0.7509999871253967,482100,0.0,0.0
2023-05-22 00:00:00-04:00,0.7400000095367432,0.7699999809265137,0.6499999761581421,0.6890000104904175,350200,0.0,0.0
2023-05-23 00:00:00-04:00,0.7599999904632568,0.8799999952316284,0.699999988079071,0.781000018119812,1664000,0.0,0.0
2023-05-24 00:00:00-04:00,0.7799999713897705,0.7850000262260437,0.699999988079071,0.7599999904632568,204400,0.0,0.0
2023-05-25 00:00:00-04:00,0.7799999713897705,0.7799999713897705,0.75,0.75,73000,0.0,0.0
2023-05-26 00:00:00-04:00,0.7599999904632568,0.8399999737739563,0.75,0.7839999794960022,101400,0.0,0.0
2023-05-30 00:00:00-04:00,0.7799999713897705,0.800000011920929,0.7300000190734863,0.7310000061988831,44200,0.0,0.0
2023-05-31 00:00:00-04:00,0.7300000190734863,0.75,0.7200000286102295,0.7429999709129333,41400,0.0,0.0
2023-06-01 00:00:00-04:00,0.75,0.7739999890327454,0.7400000095367432,0.7599999904632568,42000,0.0,0.0
2023-06-02 00:00:00-04:00,0.800000011920929,0.800000011920929,0.7300000190734863,0.7559999823570251,69800,0.0,0.0
2023-06-05 00:00:00-04:00,0.75,0.7639999985694885,0.7300000190734863,0.7599999904632568,16500,0.0,0.0
2023-06-06 00:00:00-04:00,0.75,0.7609999775886536,0.7300000190734863,0.7609999775886536,27300,0.0,0.0
2023-06-07 00:00:00-04:00,0.75,0.7609999775886536,0.7419999837875366,0.7609999775886536,25400,0.0,0.0
2023-06-08 00:00:00-04:00,0.7609999775886536,0.7799999713897705,0.7509999871253967,0.7730000019073486,32100,0.0,0.0
2023-06-09 00:00:00-04:00,0.7559999823570251,0.7699999809265137,0.7429999709129333,0.7429999709129333,70600,0.0,0.0
2023-06-12 00:00:00-04:00,0.75,0.7599999904632568,0.7400000095367432,0.7540000081062317,14200,0.0,0.0
2023-06-13 00:00:00-04:00,0.7400000095367432,0.7429999709129333,0.699999988079071,0.7260000109672546,46800,0.0,0.0
2023-06-14 00:00:00-04:00,0.7149999737739563,0.7369999885559082,0.7099999785423279,0.722000002861023,8700,0.0,0.0
2023-06-15 00:00:00-04:00,0.7300000190734863,0.7300000190734863,0.6489999890327454,0.6899999976158142,155600,0.0,0.0
2023-06-16 00:00:00-04:00,0.7519999742507935,0.7519999742507935,0.6600000262260437,0.699999988079071,273700,0.0,0.0
2023-06-20 00:00:00-04:00,0.699999988079071,0.7310000061988831,0.699999988079071,0.7310000061988831,109200,0.0,0.0
2023-06-21 00:00:00-04:00,0.7300000190734863,0.7699999809265137,0.7300000190734863,0.7699999809265137,83000,0.0,0.0
2023-06-22 00:00:00-04:00,0.7699999809265137,0.8399999737739563,0.75,0.8349999785423279,187100,0.0,0.0
2023-06-23 00:00:00-04:00,0.800000011920929,0.8330000042915344,0.7900000214576721,0.7900000214576721,62200,0.0,0.0
2023-06-26 00:00:00-04:00,0.7950000166893005,0.8199999928474426,0.7910000085830688,0.8040000200271606,40300,0.0,0.0
2023-06-27 00:00:00-04:00,0.8100000023841858,0.8199999928474426,0.7089999914169312,0.7089999914169312,83700,0.0,0.0
2023-06-28 00:00:00-04:00,0.75,0.7829999923706055,0.7089999914169312,0.746999979019165,27200,0.0,0.0
2023-06-29 00:00:00-04:00,0.7760000228881836,0.7950000166893005,0.7200000286102295,0.7429999709129333,28600,0.0,0.0
2023-06-30 00:00:00-04:00,0.7300000190734863,0.7630000114440918,0.7099999785423279,0.7300000190734863,33300,0.0,0.0
2023-07-03 00:00:00-04:00,0.75,0.7570000290870667,0.7229999899864197,0.75,32800,0.0,0.0
2023-07-05 00:00:00-04:00,0.7099999785423279,0.7459999918937683,0.7049999833106995,0.7200000286102295,38300,0.0,0.0
2023-07-06 00:00:00-04:00,0.7200000286102295,0.7699999809265137,0.7099999785423279,0.7699999809265137,28300,0.0,0.0
2023-07-07 00:00:00-04:00,0.7200000286102295,0.800000011920929,0.7200000286102295,0.7599999904632568,39700,0.0,0.0
2023-07-10 00:00:00-04:00,0.7900000214576721,0.800000011920929,0.7549999952316284,0.7990000247955322,30400,0.0,0.0
2023-07-11 00:00:00-04:00,0.7889999747276306,0.8399999737739563,0.7889999747276306,0.8289999961853027,64100,0.0,0.0
2023-07-12 00:00:00-04:00,0.8230000138282776,0.8700000047683716,0.8230000138282776,0.8500000238418579,66900,0.0,0.0
2023-07-13 00:00:00-04:00,0.8500000238418579,0.8799999952316284,0.8199999928474426,0.8299999833106995,72800,0.0,0.0
2023-07-14 00:00:00-04:00,0.8339999914169312,0.8339999914169312,0.800000011920929,0.828000009059906,18300,0.0,0.0
2023-07-17 00:00:00-04:00,0.8500000238418579,0.8529999852180481,0.7200000286102295,0.765999972820282,35900,0.0,0.0
2023-07-18 00:00:00-04:00,0.7689999938011169,0.8379999995231628,0.7689999938011169,0.7990000247955322,30100,0.0,0.0
2023-07-19 00:00:00-04:00,0.8500000238418579,0.949999988079071,0.7799999713897705,0.7799999713897705,976600,0.0,0.0
2023-07-20 00:00:00-04:00,0.7699999809265137,0.8330000042915344,0.7300000190734863,0.7599999904632568,101300,0.0,0.0
2023-07-21 00:00:00-04:00,0.7960000038146973,0.9200000166893005,0.7829999923706055,0.8650000095367432,373600,0.0,0.0
2023-07-24 00:00:00-04:00,0.9150000214576721,0.9150000214576721,0.8349999785423279,0.8500000238418579,135300,0.0,0.0
2023-07-25 00:00:00-04:00,0.8600000143051147,0.9089999794960022,0.7609999775886536,0.7889999747276306,97100,0.0,0.0
2023-07-26 00:00:00-04:00,0.7799999713897705,0.800000011920929,0.7599999904632568,0.7730000019073486,29500,0.0,0.0
2023-07-27 00:00:00-04:00,0.7699999809265137,0.8149999976158142,0.7699999809265137,0.7950000166893005,37600,0.0,0.0
2023-07-28 00:00:00-04:00,0.800000011920929,0.8199999928474426,0.7799999713897705,0.8100000023841858,40800,0.0,0.0
2023-07-31 00:00:00-04:00,0.8399999737739563,0.8999999761581421,0.8109999895095825,0.8339999914169312,53600,0.0,0.0
2023-08-01 00:00:00-04:00,0.8299999833106995,0.8500000238418579,0.800000011920929,0.8450000286102295,57100,0.0,0.0
2023-08-02 00:00:00-04:00,0.8190000057220459,0.8500000238418579,0.800000011920929,0.8299999833106995,30500,0.0,0.0
2023-08-03 00:00:00-04:00,0.8500000238418579,0.8700000047683716,0.800000011920929,0.8410000205039978,37900,0.0,0.0
2023-08-04 00:00:00-04:00,0.8410000205039978,0.949999988079071,0.8199999928474426,0.8999999761581421,189800,0.0,0.0
2023-08-07 00:00:00-04:00,0.9399999976158142,0.9399999976158142,0.8799999952316284,0.8799999952316284,19000,0.0,0.0
2023-08-08 00:00:00-04:00,0.8899999856948853,0.9300000071525574,0.8799999952316284,0.9300000071525574,58600,0.0,0.0
2023-08-09 00:00:00-04:00,0.9300000071525574,1.0490000247955322,0.9200000166893005,0.9929999709129333,382300,0.0,0.0
2023-08-10 00:00:00-04:00,1.0499999523162842,1.0499999523162842,0.8999999761581421,1.0199999809265137,168700,0.0,0.0
2023-08-11 00:00:00-04:00,1.0110000371932983,1.0199999809265137,0.949999988079071,1.0099999904632568,61500,0.0,0.0
2023-08-14 00:00:00-04:00,1.0099999904632568,1.0499999523162842,1.0,1.0299999713897705,85300,0.0,0.0
2023-08-15 00:00:00-04:00,1.0,1.1970000267028809,1.0,1.1100000143051147,204900,0.0,0.0
2023-08-16 00:00:00-04:00,1.1699999570846558,1.1779999732971191,1.0299999713897705,1.059999942779541,133300,0.0,0.0
2023-08-17 00:00:00-04:00,1.0499999523162842,1.0499999523162842,0.9900000095367432,1.0399999618530273,43200,0.0,0.0
2023-08-18 00:00:00-04:00,1.1100000143051147,1.1100000143051147,1.0199999809265137,1.0299999713897705,100100,0.0,0.0
2023-08-21 00:00:00-04:00,1.0399999618530273,1.1390000581741333,1.0399999618530273,1.0800000429153442,63900,0.0,0.0
2023-08-22 00:00:00-04:00,1.090999960899353,1.100000023841858,1.0399999618530273,1.0700000524520874,56300,0.0,0.0
2023-08-23 00:00:00-04:00,1.149999976158142,1.149999976158142,1.059999942779541,1.1050000190734863,88800,0.0,0.0
2023-08-24 00:00:00-04:00,1.0829999446868896,1.100000023841858,1.0700000524520874,1.090000033378601,38400,0.0,0.0
2023-08-25 00:00:00-04:00,1.1100000143051147,1.1100000143051147,1.0700000524520874,1.0779999494552612,12000,0.0,0.0
2023-08-28 00:00:00-04:00,1.149999976158142,1.149999976158142,1.0199999809265137,1.0299999713897705,92800,0.0,0.0
2023-08-29 00:00:00-04:00,1.0499999523162842,1.0499999523162842,0.9900000095367432,1.0299999713897705,196500,0.0,0.0
2023-08-30 00:00:00-04:00,1.0399999618530273,1.090000033378601,0.9900000095367432,0.9900000095367432,87000,0.0,0.0
2023-08-31 00:00:00-04:00,1.0,1.090000033378601,1.0,1.0499999523162842,53600,0.0,0.0
2023-09-01 00:00:00-04:00,1.0199999809265137,1.0570000410079956,1.0,1.0,145600,0.0,0.0
2023-09-05 00:00:00-04:00,0.9800000190734863,1.0449999570846558,0.8949999809265137,0.949999988079071,102900,0.0,0.0
2023-09-06 00:00:00-04:00,0.921999990940094,0.9549999833106995,0.8899999856948853,0.8930000066757202,110300,0.0,0.0
2023-09-07 00:00:00-04:00,0.8999999761581421,0.9100000262260437,0.843999981880188,0.8629999756813049,92100,0.0,0.0
2023-09-08 00:00:00-04:00,0.8920000195503235,0.9390000104904175,0.8500000238418579,0.8899999856948853,16200,0.0,0.0
2023-09-11 00:00:00-04:00,0.8999999761581421,0.9150000214576721,0.8500000238418579,0.8759999871253967,12700,0.0,0.0
2023-09-12 00:00:00-04:00,0.8799999952316284,0.9160000085830688,0.8799999952316284,0.9160000085830688,14100,0.0,0.0
2023-09-13 00:00:00-04:00,0.9200000166893005,0.9760000109672546,0.8700000047683716,0.9599999785423279,28100,0.0,0.0
2023-09-14 00:00:00-04:00,1.0099999904632568,1.0099999904632568,0.949999988079071,0.949999988079071,43100,0.0,0.0
2023-09-15 00:00:00-04:00,0.949999988079071,0.9800000190734863,0.8709999918937683,0.8709999918937683,93200,0.0,0.0
2023-09-18 00:00:00-04:00,0.8600000143051147,0.9139999747276306,0.8600000143051147,0.9100000262260437,41100,0.0,0.0
2023-09-19 00:00:00-04:00,0.9190000295639038,0.9190000295639038,0.8629999756813049,0.9100000262260437,47400,0.0,0.0
2023-09-20 00:00:00-04:00,0.9100000262260437,0.9399999976158142,0.8999999761581421,0.9049999713897705,21100,0.0,0.0
2023-09-21 00:00:00-04:00,0.8999999761581421,0.9200000166893005,0.8999999761581421,0.9200000166893005,25300,0.0,0.0
2023-09-22 00:00:00-04:00,0.9359999895095825,0.9700000286102295,0.8999999761581421,0.9330000281333923,32200,0.0,0.0
2023-09-25 00:00:00-04:00,0.8999999761581421,0.949999988079071,0.8999999761581421,0.8999999761581421,15600,0.0,0.0
2023-09-26 00:00:00-04:00,0.9300000071525574,0.949999988079071,0.8999999761581421,0.949999988079071,37000,0.0,0.0
2023-09-27 00:00:00-04:00,1.0,1.0,0.953000009059906,0.9599999785423279,67600,0.0,0.0
2023-09-28 00:00:00-04:00,1.0,1.0,0.9700000286102295,0.9700000286102295,22100,0.0,0.0
2023-09-29 00:00:00-04:00,0.8500000238418579,1.0,0.8500000238418579,1.0,50200,0.0,0.0
2023-10-02 00:00:00-04:00,0.9900000095367432,1.0,0.8999999761581421,0.9649999737739563,23400,0.0,0.0
2023-10-03 00:00:00-04:00,0.9900000095367432,1.0099999904632568,0.8500000238418579,1.0,48000,0.0,0.0
2023-10-04 00:00:00-04:00,0.9700000286102295,1.0099999904632568,0.9300000071525574,0.949999988079071,32800,0.0,0.0
2023-10-05 00:00:00-04:00,1.0,1.0,0.8999999761581421,0.9200000166893005,22100,0.0,0.0
2023-10-06 00:00:00-04:00,0.8999999761581421,1.0,0.8999999761581421,0.9909999966621399,32900,0.0,0.0
2023-10-09 00:00:00-04:00,0.9819999933242798,0.9990000128746033,0.8500000238418579,0.9990000128746033,21400,0.0,0.0
2023-10-10 00:00:00-04:00,0.9860000014305115,0.9900000095367432,0.8999999761581421,0.9860000014305115,24000,0.0,0.0
2023-10-11 00:00:00-04:00,0.9399999976158142,0.9900000095367432,0.9350000023841858,0.9800000190734863,20200,0.0,0.0
2023-10-12 00:00:00-04:00,0.9900000095367432,1.0099999904632568,0.9700000286102295,0.9800000190734863,40000,0.0,0.0
2023-10-13 00:00:00-04:00,1.0499999523162842,1.1100000143051147,0.8999999761581421,0.9150000214576721,540500,0.0,0.0
2023-10-16 00:00:00-04:00,0.9100000262260437,1.0,0.8999999761581421,0.9369999766349792,62000,0.0,0.0
2023-10-17 00:00:00-04:00,0.9599999785423279,1.0399999618530273,0.9399999976158142,0.9599999785423279,66500,0.0,0.0
2023-10-18 00:00:00-04:00,0.949999988079071,1.0199999809265137,0.9399999976158142,1.0,137900,0.0,0.0
2023-10-19 00:00:00-04:00,1.0399999618530273,1.1200000047683716,0.9869999885559082,1.0800000429153442,78800,0.0,0.0
2023-10-20 00:00:00-04:00,1.1100000143051147,1.190000057220459,1.0800000429153442,1.1799999475479126,100800,0.0,0.0
2023-10-23 00:00:00-04:00,1.149999976158142,1.409999966621399,1.125,1.3300000429153442,370600,0.0,0.0
2023-10-24 00:00:00-04:00,1.409999966621399,1.4600000381469727,1.1699999570846558,1.2100000381469727,581200,0.0,0.0
2023-10-25 00:00:00-04:00,1.2899999618530273,1.2899999618530273,1.100000023841858,1.1399999856948853,56600,0.0,0.0
2023-10-26 00:00:00-04:00,1.1200000047683716,1.190000057220459,1.0800000429153442,1.1200000047683716,19900,0.0,0.0
2023-10-27 00:00:00-04:00,1.100000023841858,1.1699999570846558,1.0800000429153442,1.159999966621399,38300,0.0,0.0
2023-10-30 00:00:00-04:00,1.1670000553131104,1.340000033378601,1.1670000553131104,1.3300000429153442,123800,0.0,0.0
2023-10-31 00:00:00-04:00,1.25,1.399999976158142,1.25,1.3799999952316284,325800,0.0,0.0
2023-11-01 00:00:00-04:00,1.399999976158142,1.4500000476837158,1.3300000429153442,1.4500000476837158,153800,0.0,0.0
2023-11-02 00:00:00-04:00,1.4800000190734863,1.4800000190734863,1.3700000047683716,1.4299999475479126,112200,0.0,0.0
2023-11-03 00:00:00-04:00,1.4800000190734863,1.7300000190734863,1.3799999952316284,1.4600000381469727,513700,0.0,0.0
2023-11-06 00:00:00-05:00,1.4700000286102295,1.590000033378601,1.4299999475479126,1.5499999523162842,237900,0.0,0.0
2023-11-07 00:00:00-05:00,1.6200000047683716,1.75,1.4800000190734863,1.690000057220459,244000,0.0,0.0
2023-11-08 00:00:00-05:00,1.659999966621399,1.7000000476837158,1.5,1.565000057220459,176100,0.0,0.0
2023-11-09 00:00:00-05:00,1.6399999856948853,1.6399999856948853,1.5399999618530273,1.5700000524520874,53000,0.0,0.0
2023-11-10 00:00:00-05:00,1.600000023841858,1.600000023841858,1.2899999618530273,1.409999966621399,241000,0.0,0.0
2023-11-13 00:00:00-05:00,1.3799999952316284,1.409999966621399,1.2899999618530273,1.3200000524520874,79700,0.0,0.0
2023-11-14 00:00:00-05:00,1.2999999523162842,1.309999942779541,1.2200000286102295,1.2999999523162842,63800,0.0,0.0
2023-11-15 00:00:00-05:00,1.3300000429153442,1.340000033378601,1.2730000019073486,1.340000033378601,17900,0.0,0.0
2023-11-16 00:00:00-05:00,1.3380000591278076,1.4199999570846558,1.2999999523162842,1.3899999856948853,36600,0.0,0.0
2023-11-17 00:00:00-05:00,1.3200000524520874,1.3669999837875366,1.25,1.309999942779541,44800,0.0,0.0
2023-11-20 00:00:00-05:00,1.340000033378601,1.340000033378601,1.2300000190734863,1.2300000190734863,48400,0.0,0.0
2023-11-21 00:00:00-05:00,1.2300000190734863,1.2799999713897705,1.2000000476837158,1.2599999904632568,35000,0.0,0.0
2023-11-22 00:00:00-05:00,1.2599999904632568,1.3899999856948853,1.25,1.3200000524520874,86400,0.0,0.0
2023-11-24 00:00:00-05:00,1.340000033378601,1.340000033378601,1.309999942779541,1.309999942779541,10200,0.0,0.0
2023-11-27 00:00:00-05:00,1.340000033378601,1.809999942779541,1.309999942779541,1.6299999952316284,656900,0.0,0.0
2023-11-28 00:00:00-05:00,1.6299999952316284,1.7000000476837158,1.4199999570846558,1.600000023841858,200500,0.0,0.0
2023-11-29 00:00:00-05:00,1.600000023841858,1.649999976158142,1.4800000190734863,1.5,109400,0.0,0.0
2023-11-30 00:00:00-05:00,1.5700000524520874,1.6100000143051147,1.4500000476837158,1.5,45000,0.0,0.0
2023-12-01 00:00:00-05:00,1.4900000095367432,1.7000000476837158,1.4800000190734863,1.5800000429153442,220600,0.0,0.0
2023-12-04 00:00:00-05:00,1.590000033378601,1.590000033378601,1.4500000476837158,1.5199999809265137,56700,0.0,0.0
2023-12-05 00:00:00-05:00,1.5199999809265137,1.5399999618530273,1.4600000381469727,1.5399999618530273,37400,0.0,0.0
2023-12-06 00:00:00-05:00,1.4800000190734863,1.5850000381469727,1.4800000190734863,1.5099999904632568,31300,0.0,0.0
2023-12-07 00:00:00-05:00,1.4900000095367432,1.5800000429153442,1.3899999856948853,1.440000057220459,645800,0.0,0.0
2023-12-08 00:00:00-05:00,1.399999976158142,1.430999994277954,1.340000033378601,1.350000023841858,146400,0.0,0.0
2023-12-11 00:00:00-05:00,1.340000033378601,1.4290000200271606,1.340000033378601,1.3600000143051147,58100,0.0,0.0
2023-12-12 00:00:00-05:00,1.3300000429153442,1.3600000143051147,1.2309999465942383,1.2699999809265137,207600,0.0,0.0
2023-12-13 00:00:00-05:00,1.25,1.4299999475479126,1.25,1.4299999475479126,26200,0.0,0.0
2023-12-14 00:00:00-05:00,1.399999976158142,1.4500000476837158,1.3899999856948853,1.3899999856948853,59700,0.0,0.0
2023-12-15 00:00:00-05:00,1.4700000286102295,1.4700000286102295,1.2699999809265137,1.2699999809265137,87300,0.0,0.0
2023-12-18 00:00:00-05:00,1.3700000047683716,1.409999966621399,1.2999999523162842,1.409999966621399,46200,0.0,0.0
2023-12-19 00:00:00-05:00,1.440000057220459,1.4600000381469727,1.350000023841858,1.4049999713897705,46900,0.0,0.0
2023-12-20 00:00:00-05:00,1.350000023841858,1.434999942779541,1.2799999713897705,1.2999999523162842,37500,0.0,0.0
2023-12-21 00:00:00-05:00,1.3300000429153442,1.3600000143051147,1.309999942779541,1.340000033378601,10400,0.0,0.0
2023-12-22 00:00:00-05:00,1.3200000524520874,1.3799999952316284,1.2699999809265137,1.2899999618530273,30200,0.0,0.0
2023-12-26 00:00:00-05:00,1.2599999904632568,1.2999999523162842,1.2400000095367432,1.2400000095367432,17900,0.0,0.0
2023-12-27 00:00:00-05:00,1.2400000095367432,1.309999942779541,1.2400000095367432,1.2799999713897705,6000,0.0,0.0
2023-12-28 00:00:00-05:00,1.2899999618530273,1.3600000143051147,1.2599999904632568,1.2799999713897705,21500,0.0,0.0
2023-12-29 00:00:00-05:00,1.2599999904632568,1.2999999523162842,1.2400000095367432,1.25,131900,0.0,0.0
2024-01-02 00:00:00-05:00,1.2699999809265137,1.3660000562667847,1.2699999809265137,1.2899999618530273,104600,0.0,0.0
2024-01-03 00:00:00-05:00,1.309999942779541,1.3200000524520874,1.2799999713897705,1.2999999523162842,14700,0.0,0.0
2024-01-04 00:00:00-05:00,1.2799999713897705,1.399999976158142,1.2000000476837158,1.3899999856948853,304200,0.0,0.0
2024-01-05 00:00:00-05:00,1.3600000143051147,1.5,1.3200000524520874,1.350000023841858,77300,0.0,0.0
2024-01-08 00:00:00-05:00,1.350000023841858,1.4600000381469727,1.2699999809265137,1.3700000047683716,34900,0.0,0.0
2024-01-09 00:00:00-05:00,1.3799999952316284,1.4470000267028809,1.3300000429153442,1.4199999570846558,130100,0.0,0.0
2024-01-10 00:00:00-05:00,1.4600000381469727,1.4900000095367432,1.3799999952316284,1.440000057220459,194100,0.0,0.0
2024-01-11 00:00:00-05:00,1.4500000476837158,1.5299999713897705,1.399999976158142,1.5199999809265137,117000,0.0,0.0
2024-01-12 00:00:00-05:00,1.5399999618530273,1.559999942779541,1.5099999904632568,1.5099999904632568,59100,0.0,0.0
2024-01-16 00:00:00-05:00,1.600000023841858,1.6399999856948853,1.4700000286102295,1.5499999523162842,272200,0.0,0.0
2024-01-17 00:00:00-05:00,1.6399999856948853,1.6799999475479126,1.5399999618530273,1.6299999952316284,228700,0.0,0.0
2024-01-18 00:00:00-05:00,1.6699999570846558,1.6699999570846558,1.503000020980835,1.600000023841858,240200,0.0,0.0
2024-01-19 00:00:00-05:00,1.5800000429153442,1.5800000429153442,1.4299999475479126,1.4700000286102295,208400,0.0,0.0
2024-01-22 00:00:00-05:00,1.5199999809265137,1.5299999713897705,1.4520000219345093,1.524999976158142,36000,0.0,0.0
2024-01-23 00:00:00-05:00,1.559999942779541,1.590000033378601,1.5,1.5199999809265137,98400,0.0,0.0
2024-01-24 00:00:00-05:00,1.5700000524520874,1.6100000143051147,1.5099999904632568,1.5700000524520874,117100,0.0,0.0
2024-01-25 00:00:00-05:00,1.600000023841858,1.600000023841858,1.4500000476837158,1.4600000381469727,100900,0.0,0.0
2024-01-26 00:00:00-05:00,1.5,1.5,1.3600000143051147,1.4199999570846558,58500,0.0,0.0
2024-01-29 00:00:00-05:00,1.4900000095367432,1.5,1.4199999570846558,1.5,41900,0.0,0.0
2024-01-30 00:00:00-05:00,1.600000023841858,1.6299999952316284,1.4600000381469727,1.4800000190734863,43300,0.0,0.0
2024-01-31 00:00:00-05:00,1.440000057220459,1.5470000505447388,1.4270000457763672,1.4900000095367432,54200,0.0,0.0
2024-02-01 00:00:00-05:00,1.5399999618530273,1.5800000429153442,1.4700000286102295,1.5700000524520874,73300,0.0,0.0
2024-02-02 00:00:00-05:00,1.6100000143051147,1.784999966621399,1.5,1.7400000095367432,237600,0.0,0.0
2024-02-05 00:00:00-05:00,1.690000057220459,2.2100000381469727,1.649999976158142,1.7100000381469727,533900,0.0,0.0
2024-02-06 00:00:00-05:00,1.7599999904632568,2.1589999198913574,1.7009999752044678,1.940000057220459,549400,0.0,0.0
2024-02-07 00:00:00-05:00,2.0,2.0899999141693115,1.899999976158142,1.9800000190734863,227100,0.0,0.0
2024-02-08 00:00:00-05:00,2.009999990463257,2.0989999771118164,1.899999976158142,1.899999976158142,138100,0.0,0.0
2024-02-09 00:00:00-05:00,1.8799999952316284,2.5199999809265137,1.8799999952316284,2.299999952316284,788900,0.0,0.0
2024-02-12 00:00:00-05:00,2.309999942779541,2.4200000762939453,2.2100000381469727,2.2699999809265137,204100,0.0,0.0
2024-02-13 00:00:00-05:00,2.25,2.5799999237060547,2.25,2.4600000381469727,233300,0.0,0.0
2024-02-14 00:00:00-05:00,2.450000047683716,2.7799999713897705,2.4000000953674316,2.5999999046325684,315500,0.0,0.0
2024-02-15 00:00:00-05:00,2.5999999046325684,2.6459999084472656,2.25,2.359999895095825,432700,0.0,0.0
2024-02-16 00:00:00-05:00,2.299999952316284,2.4100000858306885,2.0999999046325684,2.140000104904175,424100,0.0,0.0
2024-02-20 00:00:00-05:00,2.140000104904175,2.3499999046325684,2.140000104904175,2.319999933242798,205200,0.0,0.0
2024-02-21 00:00:00-05:00,2.259999990463257,2.299999952316284,2.2200000286102295,2.25,103200,0.0,0.0
2024-02-22 00:00:00-05:00,2.369999885559082,2.369999885559082,2.130000114440918,2.2699999809265137,290800,0.0,0.0
2024-02-23 00:00:00-05:00,2.25,2.259999990463257,2.059999942779541,2.2100000381469727,93300,0.0,0.0
2024-02-26 00:00:00-05:00,2.2699999809265137,2.2699999809265137,2.180000066757202,2.259999990463257,138000,0.0,0.0
2024-02-27 00:00:00-05:00,2.430000066757202,2.75,2.259999990463257,2.4000000953674316,706900,0.0,0.0
2024-02-28 00:00:00-05:00,2.680000066757202,2.950000047683716,2.5,2.549999952316284,1014300,0.0,0.0
2024-02-29 00:00:00-05:00,2.7799999713897705,3.450000047683716,2.6500000953674316,3.450000047683716,1029700,0.0,0.0
2024-03-01 00:00:00-05:00,2.490000009536743,2.930000066757202,2.309999942779541,2.9200000762939453,1609400,0.0,0.0
2024-03-04 00:00:00-05:00,2.9000000953674316,3.25,2.75,3.0,644300,0.0,0.0
2024-03-05 00:00:00-05:00,3.130000114440918,3.609999895095825,2.809999942779541,3.380000114440918,1003600,0.0,0.0
2024-03-06 00:00:00-05:00,3.5,4.5,3.450000047683716,4.480000019073486,1370200,0.0,0.0
2024-03-07 00:00:00-05:00,4.880000114440918,5.340000152587891,4.199999809265137,5.0,1417600,0.0,0.0
2024-03-08 00:00:00-05:00,5.050000190734863,6.010000228881836,5.050000190734863,5.5,1533900,0.0,0.0
2024-03-11 00:00:00-04:00,5.539999961853027,6.849999904632568,5.489999771118164,6.25,1258500,0.0,0.0
2024-03-12 00:00:00-04:00,6.349999904632568,6.449999809265137,3.359999895095825,4.179999828338623,3630900,0.0,0.0
2024-03-13 00:00:00-04:00,4.050000190734863,5.178999900817871,4.020999908447266,4.400000095367432,1002000,0.0,0.0
2024-03-14 00:00:00-04:00,4.440000057220459,4.489999771118164,3.75,3.8499999046325684,508700,0.0,0.0
2024-03-15 00:00:00-04:00,3.799999952316284,4.050000190734863,3.6500000953674316,3.9000000953674316,464600,0.0,0.0
2024-03-18 00:00:00-04:00,3.8399999141693115,3.8919999599456787,3.1500000953674316,3.4000000953674316,818100,0.0,0.0
2024-03-19 00:00:00-04:00,3.3399999141693115,4.170000076293945,2.990000009536743,4.0,1092400,0.0,0.0
2024-03-20 00:00:00-04:00,3.9800000190734863,4.21999979019165,3.609999895095825,3.700000047683716,409500,0.0,0.0
2024-03-21 00:00:00-04:00,3.700000047683716,3.9600000381469727,3.359999895095825,3.440000057220459,848200,0.0,0.0
2024-03-22 00:00:00-04:00,3.4200000762939453,3.553999900817871,3.299999952316284,3.4700000286102295,186500,0.0,0.0
2024-03-25 00:00:00-04:00,3.4600000381469727,4.0,3.4000000953674316,3.950000047683716,605300,0.0,0.0
2024-03-26 00:00:00-04:00,3.9200000762939453,3.9700000286102295,3.75,3.7899999618530273,234300,0.0,0.0
2024-03-27 00:00:00-04:00,3.8399999141693115,3.9100000858306885,3.5999999046325684,3.7100000381469727,232900,0.0,0.0
2024-03-28 00:00:00-04:00,3.700000047683716,3.9200000762939453,3.5899999141693115,3.630000114440918,168400,0.0,0.0
2024-04-01 00:00:00-04:00,3.819999933242798,3.819999933242798,3.25,3.4200000762939453,159200,0.0,0.0
2024-04-02 00:00:00-04:00,3.359999895095825,3.5,3.319999933242798,3.4700000286102295,134400,0.0,0.0
2024-04-03 00:00:00-04:00,3.380000114440918,3.569000005722046,3.2300000190734863,3.4100000858306885,246700,0.0,0.0
2024-04-04 00:00:00-04:00,3.2899999618530273,3.4800000190734863,3.1700000762939453,3.190000057220459,270500,0.0,0.0
2024-04-05 00:00:00-04:00,3.119999885559082,3.2899999618530273,3.049999952316284,3.049999952316284,124600,0.0,0.0
2024-04-08 00:00:00-04:00,3.180000066757202,3.180000066757202,2.930000066757202,2.9600000381469727,155300,0.0,0.0
2024-04-09 00:00:00-04:00,3.0299999713897705,3.0299999713897705,2.640000104904175,2.700000047683716,247000,0.0,0.0
2024-04-10 00:00:00-04:00,2.6500000953674316,2.7899999618530273,2.5999999046325684,2.6600000858306885,143400,0.0,0.0
2024-04-11 00:00:00-04:00,2.5999999046325684,2.7200000286102295,2.5,2.509999990463257,249700,0.0,0.0
2024-04-12 00:00:00-04:00,2.640000104904175,2.640000104904175,2.119999885559082,2.119999885559082,455700,0.0,0.0
2024-04-15 00:00:00-04:00,2.119999885559082,2.140000104904175,1.909999966621399,1.9900000095367432,315100,0.0,0.0
2024-04-16 00:00:00-04:00,1.9800000190734863,2.3499999046325684,1.850000023841858,2.309999942779541,306500,0.0,0.0
2024-04-17 00:00:00-04:00,2.299999952316284,2.7300000190734863,2.25,2.3399999141693115,461000,0.0,0.0
2024-04-18 00:00:00-04:00,2.3399999141693115,2.4100000858306885,2.2200000286102295,2.25,124700,0.0,0.0
2024-04-19 00:00:00-04:00,2.259999990463257,2.2899999618530273,2.1500000953674316,2.200000047683716,60900,0.0,0.0
2024-04-22 00:00:00-04:00,2.190000057220459,2.2899999618530273,2.190000057220459,2.265000104904175,34500,0.0,0.0
2024-04-23 00:00:00-04:00,2.240000009536743,2.299999952316284,2.200000047683716,2.240000009536743,54000,0.0,0.0
2024-04-24 00:00:00-04:00,2.200000047683716,2.2799999713897705,2.180000066757202,2.200000047683716,98900,0.0,0.0
2024-04-25 00:00:00-04:00,2.1500000953674316,2.299999952316284,2.1500000953674316,2.190000057220459,22100,0.0,0.0
2024-04-26 00:00:00-04:00,2.1700000762939453,2.450000047683716,2.1700000762939453,2.3499999046325684,172100,0.0,0.0
2024-04-29 00:00:00-04:00,2.390000104904175,2.490000009536743,2.319999933242798,2.4600000381469727,123800,0.0,0.0
2024-04-30 00:00:00-04:00,2.440000057220459,3.140000104904175,2.440000057220459,3.0899999141693115,648600,0.0,0.0
2024-05-01 00:00:00-04:00,3.059999942779541,3.680000066757202,3.059999942779541,3.490000009536743,363500,0.0,0.0
2024-05-02 00:00:00-04:00,3.5,3.5299999713897705,2.950000047683716,3.0,185100,0.0,0.0
2024-05-03 00:00:00-04:00,3.049999952316284,3.240000009536743,2.930000066757202,3.130000114440918,111600,0.0,0.0
2024-05-06 00:00:00-04:00,3.440000057220459,3.509999990463257,3.180000066757202,3.4100000858306885,294200,0.0,0.0
2024-05-07 00:00:00-04:00,3.369999885559082,3.4800000190734863,3.2200000286102295,3.430000066757202,226500,0.0,0.0
2024-05-08 00:00:00-04:00,3.390000104904175,3.559999942779541,3.3399999141693115,3.5399999618530273,106800,0.0,0.0
2024-05-09 00:00:00-04:00,3.5999999046325684,3.809999942779541,3.4200000762939453,3.5999999046325684,192400,0.0,0.0
2024-05-10 00:00:00-04:00,3.619999885559082,4.0,3.5199999809265137,3.549999952316284,256000,0.0,0.0
2024-05-13 00:00:00-04:00,3.619999885559082,3.619999885559082,3.140000104904175,3.180000066757202,231600,0.0,0.0
2024-05-14 00:00:00-04:00,3.130000114440918,3.259999990463257,3.055000066757202,3.0799999237060547,101900,0.0,0.0
2024-05-15 00:00:00-04:00,3.0899999141693115,3.1470000743865967,3.0250000953674316,3.0799999237060547,174500,0.0,0.0
2024-05-16 00:00:00-04:00,3.049999952316284,3.190000057220459,3.049999952316284,3.140000104904175,117300,0.0,0.0
2024-05-17 00:00:00-04:00,3.1700000762939453,3.430000066757202,3.059999942779541,3.1500000953674316,281600,0.0,0.0
2024-05-20 00:00:00-04:00,3.180000066757202,3.200000047683716,2.8299999237060547,2.9200000762939453,347300,0.0,0.0
2024-05-21 00:00:00-04:00,2.8499999046325684,3.069999933242798,2.7950000762939453,2.990000009536743,355200,0.0,0.0
2024-05-22 00:00:00-04:00,2.9200000762939453,2.990000009536743,2.6600000858306885,2.75,332300,0.0,0.0
2024-05-23 00:00:00-04:00,2.75,2.880000114440918,2.7279999256134033,2.880000114440918,345600,0.0,0.0
2024-05-24 00:00:00-04:00,2.869999885559082,3.190000057220459,2.859999895095825,3.119999885559082,223600,0.0,0.0
2024-05-28 00:00:00-04:00,3.1600000858306885,3.5199999809265137,3.009999990463257,3.390000104904175,492100,0.0,0.0
2024-05-29 00:00:00-04:00,3.3499999046325684,3.8399999141693115,3.3499999046325684,3.799999952316284,494000,0.0,0.0
2024-05-30 00:00:00-04:00,4.099999904632568,4.400000095367432,3.819999933242798,3.990000009536743,640700,0.0,0.0
2024-05-31 00:00:00-04:00,3.9800000190734863,4.150000095367432,3.559999942779541,3.890000104904175,414700,0.0,0.0
2024-06-03 00:00:00-04:00,3.930000066757202,4.440000057220459,3.7200000286102295,3.890000104904175,763500,0.0,0.0
2024-06-04 00:00:00-04:00,3.9000000953674316,4.179999828338623,3.890000104904175,4.0,124800,0.0,0.0
2024-06-05 00:00:00-04:00,3.9600000381469727,4.110000133514404,3.740000009536743,3.809999942779541,171000,0.0,0.0
2024-06-06 00:00:00-04:00,3.700000047683716,3.8399999141693115,3.2699999809265137,3.4100000858306885,296400,0.0,0.0
2024-06-07 00:00:00-04:00,3.4100000858306885,3.740000009536743,3.180000066757202,3.2699999809265137,355900,0.0,0.0
2024-06-10 00:00:00-04:00,3.299999952316284,3.3499999046325684,3.13100004196167,3.2699999809265137,112500,0.0,0.0
2024-06-11 00:00:00-04:00,3.2699999809265137,3.2899999618530273,3.049999952316284,3.069999933242798,82800,0.0,0.0
2024-06-12 00:00:00-04:00,3.240000009536743,3.2699999809265137,3.0999999046325684,3.240000009536743,75000,0.0,0.0
2024-06-13 00:00:00-04:00,3.2799999713897705,3.630000114440918,3.259999990463257,3.2899999618530273,151600,0.0,0.0
2024-06-14 00:00:00-04:00,3.309999942779541,3.3499999046325684,2.990000009536743,3.0899999141693115,97200,0.0,0.0
2024-06-17 00:00:00-04:00,3.109999895095825,3.171999931335449,2.759999990463257,2.930000066757202,255000,0.0,0.0
2024-06-18 00:00:00-04:00,2.9200000762939453,3.0999999046325684,2.890000104904175,2.9700000286102295,171400,0.0,0.0
2024-06-20 00:00:00-04:00,3.0,3.0799999237060547,2.75,2.880000114440918,196000,0.0,0.0
2024-06-21 00:00:00-04:00,2.9000000953674316,2.9000000953674316,2.6600000858306885,2.690000057220459,159800,0.0,0.0
2024-06-24 00:00:00-04:00,2.569999933242798,2.8299999237060547,2.569999933242798,2.6500000953674316,121100,0.0,0.0
2024-06-25 00:00:00-04:00,2.8299999237060547,2.8299999237060547,2.5,2.5899999141693115,170800,0.0,0.0
2024-06-26 00:00:00-04:00,2.5799999237060547,2.6519999504089355,2.5,2.609999895095825,133700,0.0,0.0
2024-06-27 00:00:00-04:00,2.690000057220459,2.8399999141693115,2.5199999809265137,2.630000114440918,175700,0.0,0.0
2024-06-28 00:00:00-04:00,2.6500000953674316,2.8299999237060547,2.578000068664551,2.7799999713897705,101100,0.0,0.0
2024-07-01 00:00:00-04:00,2.75,2.812999963760376,2.6500000953674316,2.759999990463257,69300,0.0,0.0
2024-07-02 00:00:00-04:00,2.740000009536743,2.740000009536743,2.549999952316284,2.619999885559082,123900,0.0,0.0
2024-07-03 00:00:00-04:00,2.640000104904175,2.680000066757202,2.549999952316284,2.640000104904175,25700,0.0,0.0
2024-07-05 00:00:00-04:00,2.6600000858306885,2.799999952316284,2.5999999046325684,2.7300000190734863,82800,0.0,0.0
2024-07-08 00:00:00-04:00,2.700000047683716,2.7820000648498535,2.5299999713897705,2.5799999237060547,168600,0.0,0.0
2024-07-09 00:00:00-04:00,2.549999952316284,2.630000114440918,2.549999952316284,2.5799999237060547,40100,0.0,0.0
2024-07-10 00:00:00-04:00,2.6700000762939453,3.0199999809265137,2.621000051498413,2.890000104904175,323900,0.0,0.0
2024-07-11 00:00:00-04:00,2.9000000953674316,3.0,2.7899999618530273,2.809999942779541,94400,0.0,0.0
2024-07-12 00:00:00-04:00,2.890000104904175,2.890000104904175,2.7100000381469727,2.7899999618530273,87600,0.0,0.0
2024-07-15 00:00:00-04:00,2.880000114440918,2.950000047683716,2.6500000953674316,2.9100000858306885,87200,0.0,0.0
2024-07-16 00:00:00-04:00,2.950000047683716,3.0299999713897705,2.740000009536743,2.9700000286102295,87800,0.0,0.0
2024-07-17 00:00:00-04:00,2.9600000381469727,3.2100000381469727,2.75,2.880000114440918,308100,0.0,0.0
2024-07-18 00:00:00-04:00,2.799999952316284,2.950000047683716,2.609999895095825,2.759999990463257,159900,0.0,0.0
2024-07-19 00:00:00-04:00,2.7699999809265137,2.7699999809265137,2.6500000953674316,2.7300000190734863,83300,0.0,0.0
2024-07-22 00:00:00-04:00,2.640000104904175,2.9000000953674316,2.640000104904175,2.880000114440918,176800,0.0,0.0
2024-07-23 00:00:00-04:00,2.799999952316284,3.049999952316284,2.799999952316284,3.0199999809265137,222300,0.0,0.0
2024-07-24 00:00:00-04:00,3.0199999809265137,3.2330000400543213,2.940000057220459,3.140000104904175,380600,0.0,0.0
2024-07-25 00:00:00-04:00,3.1700000762939453,3.190000057220459,2.880000114440918,3.0899999141693115,135800,0.0,0.0
2024-07-26 00:00:00-04:00,3.0999999046325684,3.4100000858306885,3.049999952316284,3.380000114440918,201500,0.0,0.0
2024-07-29 00:00:00-04:00,3.569999933242798,3.5799999237060547,3.3299999237060547,3.5399999618530273,303600,0.0,0.0
2024-07-30 00:00:00-04:00,3.5399999618530273,3.700000047683716,3.4000000953674316,3.6700000762939453,133100,0.0,0.0
2024-07-31 00:00:00-04:00,3.690000057220459,4.130000114440918,3.6579999923706055,4.090000152587891,283400,0.0,0.0
2024-08-01 00:00:00-04:00,4.090000152587891,4.130000114440918,3.680000066757202,3.9800000190734863,260600,0.0,0.0
2024-08-02 00:00:00-04:00,3.9600000381469727,3.990000009536743,3.6500000953674316,3.740000009536743,190100,0.0,0.0
2024-08-05 00:00:00-04:00,3.490000009536743,3.5999999046325684,3.180000066757202,3.390000104904175,145900,0.0,0.0
2024-08-06 00:00:00-04:00,3.5,3.575000047683716,3.299999952316284,3.5199999809265137,237800,0.0,0.0
2024-08-07 00:00:00-04:00,3.509999990463257,3.609999895095825,3.5,3.5899999141693115,72800,0.0,0.0
2024-08-08 00:00:00-04:00,3.5999999046325684,3.640000104904175,3.1700000762939453,3.309999942779541,172600,0.0,0.0
2024-08-09 00:00:00-04:00,3.2899999618530273,3.2899999618530273,2.9700000286102295,3.130000114440918,259800,0.0,0.0
2024-08-12 00:00:00-04:00,3.130000114440918,3.390000104904175,3.0399999618530273,3.2699999809265137,406300,0.0,0.0
2024-08-13 00:00:00-04:00,3.2899999618530273,3.3399999141693115,3.1700000762939453,3.2300000190734863,46400,0.0,0.0
2024-08-14 00:00:00-04:00,3.2100000381469727,3.3399999141693115,3.171999931335449,3.2100000381469727,117100,0.0,0.0
2024-08-15 00:00:00-04:00,3.200000047683716,3.25,3.049999952316284,3.1500000953674316,120100,0.0,0.0
2024-08-16 00:00:00-04:00,3.119999885559082,3.2899999618530273,3.0899999141693115,3.180000066757202,88800,0.0,0.0
2024-08-19 00:00:00-04:00,3.1700000762939453,3.5299999713897705,2.9700000286102295,3.180000066757202,606800,0.0,0.0
2024-08-20 00:00:00-04:00,3.2300000190734863,3.2799999713897705,3.0999999046325684,3.25,160400,0.0,0.0
2024-08-21 00:00:00-04:00,3.2100000381469727,3.380000114440918,2.9119999408721924,3.2899999618530273,376100,0.0,0.0
2024-08-22 00:00:00-04:00,3.2899999618530273,3.3289999961853027,3.0199999809265137,3.0299999713897705,179300,0.0,0.0
2024-08-23 00:00:00-04:00,3.109999895095825,3.259999990463257,3.0,3.0299999713897705,232300,0.0,0.0
2024-08-26 00:00:00-04:00,3.0299999713897705,3.069999933242798,2.8399999141693115,2.9000000953674316,133100,0.0,0.0
2024-08-27 00:00:00-04:00,2.940000057220459,2.940000057220459,2.8299999237060547,2.869999885559082,59300,0.0,0.0
2024-08-28 00:00:00-04:00,2.8299999237060547,2.950000047683716,2.8299999237060547,2.9200000762939453,60200,0.0,0.0
2024-08-29 00:00:00-04:00,2.9000000953674316,3.240000009536743,2.8499999046325684,3.2300000190734863,246100,0.0,0.0
2024-08-30 00:00:00-04:00,3.2300000190734863,4.380000114440918,3.2300000190734863,3.9100000858306885,1297100,0.0,0.0
2024-09-03 00:00:00-04:00,3.890000104904175,4.119999885559082,3.5399999618530273,3.6500000953674316,238600,0.0,0.0
2024-09-04 00:00:00-04:00,3.690000057220459,3.930000066757202,3.1600000858306885,3.440000057220459,185800,0.0,0.0
2024-09-05 00:00:00-04:00,3.430000066757202,3.559999942779541,3.2699999809265137,3.299999952316284,143500,0.0,0.0
2024-09-06 00:00:00-04:00,3.299999952316284,3.3499999046325684,3.069999933242798,3.130000114440918,89800,0.0,0.0
2024-09-09 00:00:00-04:00,3.140000104904175,3.450000047683716,3.140000104904175,3.390000104904175,62800,0.0,0.0
2024-09-10 00:00:00-04:00,3.4600000381469727,3.6700000762939453,3.4600000381469727,3.549999952316284,84800,0.0,0.0
2024-09-11 00:00:00-04:00,3.630000114440918,3.640000104904175,3.365000009536743,3.559999942779541,87800,0.0,0.0
2024-09-12 00:00:00-04:00,3.5799999237060547,3.7200000286102295,3.4200000762939453,3.5199999809265137,113200,0.0,0.0
2024-09-13 00:00:00-04:00,3.549999952316284,3.565000057220459,3.2799999713897705,3.430000066757202,93200,0.0,0.0
2024-09-16 00:00:00-04:00,3.4700000286102295,3.4700000286102295,3.200000047683716,3.369999885559082,71500,0.0,0.0
2024-09-17 00:00:00-04:00,3.3299999237060547,3.4100000858306885,3.2149999141693115,3.259999990463257,42600,0.0,0.0
2024-09-18 00:00:00-04:00,3.2699999809265137,3.3399999141693115,3.2100000381469727,3.2200000286102295,130300,0.0,0.0
2024-09-19 00:00:00-04:00,3.2300000190734863,3.299999952316284,3.119999885559082,3.1500000953674316,130700,0.0,0.0
2024-09-20 00:00:00-04:00,3.200000047683716,3.2799999713897705,3.049999952316284,3.259999990463257,198500,0.0,0.0
2024-09-23 00:00:00-04:00,3.299999952316284,3.319999933242798,3.109999895095825,3.1600000858306885,96600,0.0,0.0
2024-09-24 00:00:00-04:00,3.1600000858306885,3.2100000381469727,3.0399999618530273,3.119999885559082,124100,0.0,0.0
2024-09-25 00:00:00-04:00,3.119999885559082,3.1689999103546143,3.0299999713897705,3.119999885559082,121600,0.0,0.0
2024-09-26 00:00:00-04:00,3.190000057220459,3.190000057220459,2.9100000858306885,2.9700000286102295,124500,0.0,0.0
2024-09-27 00:00:00-04:00,3.109999895095825,3.109999895095825,2.9200000762939453,3.0199999809265137,70300,0.0,0.0
2024-09-30 00:00:00-04:00,3.009999990463257,3.0999999046325684,2.9200000762939453,3.049999952316284,114400,0.0,0.0
2024-10-01 00:00:00-04:00,3.0799999237060547,3.25,3.01200008392334,3.1600000858306885,85500,0.0,0.0
2024-10-02 00:00:00-04:00,3.130000114440918,3.359999895095825,3.0799999237060547,3.299999952316284,75400,0.0,0.0
2024-10-03 00:00:00-04:00,3.319999933242798,3.3919999599456787,3.1700000762939453,3.309999942779541,88200,0.0,0.0
2024-10-04 00:00:00-04:00,3.309999942779541,3.375,3.1700000762939453,3.190000057220459,85100,0.0,0.0
2024-10-07 00:00:00-04:00,3.1700000762939453,3.2780001163482666,3.059999942779541,3.0899999141693115,47000,0.0,0.0
2024-10-08 00:00:00-04:00,3.0799999237060547,3.240000009536743,3.0399999618530273,3.059999942779541,61000,0.0,0.0
2024-10-09 00:00:00-04:00,3.059999942779541,3.075000047683716,2.9700000286102295,2.9749999046325684,79500,0.0,0.0
2024-10-10 00:00:00-04:00,3.0199999809265137,3.069999933242798,2.9200000762939453,3.059999942779541,74700,0.0,0.0
2024-10-11 00:00:00-04:00,3.0299999713897705,3.1500000953674316,3.0,3.0999999046325684,55800,0.0,0.0
2024-10-14 00:00:00-04:00,3.119999885559082,3.1500000953674316,2.9700000286102295,3.059999942779541,52300,0.0,0.0
2024-10-15 00:00:00-04:00,3.059999942779541,3.059999942779541,2.819999933242798,2.869999885559082,133100,0.0,0.0
2024-10-16 00:00:00-04:00,2.880000114440918,2.9000000953674316,2.759999990463257,2.869999885559082,137600,0.0,0.0
2024-10-17 00:00:00-04:00,2.9000000953674316,3.049999952316284,2.7899999618530273,2.8299999237060547,189000,0.0,0.0
2024-10-18 00:00:00-04:00,2.8299999237060547,2.9100000858306885,2.740000009536743,2.759999990463257,76500,0.0,0.0
2024-10-21 00:00:00-04:00,2.799999952316284,2.8519999980926514,2.700000047683716,2.75,111700,0.0,0.0
2024-10-22 00:00:00-04:00,2.75,2.869999885559082,2.700000047683716,2.759999990463257,100600,0.0,0.0
2024-10-23 00:00:00-04:00,2.8499999046325684,2.8499999046325684,2.6019999980926514,2.700000047683716,164400,0.0,0.0
2024-10-24 00:00:00-04:00,2.7799999713897705,2.7799999713897705,2.6500000953674316,2.7300000190734863,69700,0.0,0.0
2024-10-25 00:00:00-04:00,2.75,2.75,2.5999999046325684,2.6500000953674316,71500,0.0,0.0
2024-10-28 00:00:00-04:00,2.6700000762939453,2.6760001182556152,2.4800000190734863,2.5199999809265137,174600,0.0,0.0
2024-10-29 00:00:00-04:00,2.5,2.5199999809265137,2.319999933242798,2.359999895095825,154200,0.0,0.0
2024-10-30 00:00:00-04:00,2.3399999141693115,2.380000114440918,2.1600000858306885,2.2699999809265137,129500,0.0,0.0
2024-10-31 00:00:00-04:00,2.25,2.4000000953674316,2.1500000953674316,2.1500000953674316,204400,0.0,0.0
2024-11-01 00:00:00-04:00,2.1600000858306885,2.375,2.1600000858306885,2.319999933242798,119800,0.0,0.0
2024-11-04 00:00:00-05:00,2.3299999237060547,2.4600000381469727,2.2200000286102295,2.2799999713897705,127600,0.0,0.0
2024-11-05 00:00:00-05:00,2.259999990463257,2.305000066757202,2.1600000858306885,2.2300000190734863,119600,0.0,0.0
2024-11-06 00:00:00-05:00,2.25,2.25,2.1700000762939453,2.190000057220459,106100,0.0,0.0
2024-11-07 00:00:00-05:00,2.2200000286102295,2.3499999046325684,2.180000066757202,2.319999933242798,181600,0.0,0.0
2024-11-08 00:00:00-05:00,2.359999895095825,2.4200000762939453,2.25,2.359999895095825,210300,0.0,0.0
2024-11-11 00:00:00-05:00,2.4000000953674316,2.4000000953674316,2.2200000286102295,2.309999942779541,107600,0.0,0.0
2024-11-12 00:00:00-05:00,2.319999933242798,2.3350000381469727,2.200000047683716,2.299999952316284,319000,0.0,0.0
2024-11-13 00:00:00-05:00,2.3399999141693115,2.4200000762939453,2.2200000286102295,2.259999990463257,155900,0.0,0.0
2024-11-14 00:00:00-05:00,2.2799999713897705,2.319999933242798,2.0999999046325684,2.119999885559082,174300,0.0,0.0
2024-11-15 00:00:00-05:00,2.119999885559082,2.1419999599456787,1.9500000476837158,2.009999990463257,166700,0.0,0.0
2024-11-18 00:00:00-05:00,2.0299999713897705,2.119999885559082,1.9700000286102295,2.0899999141693115,131800,0.0,0.0
2024-11-19 00:00:00-05:00,2.0799999237060547,2.200000047683716,2.0199999809265137,2.1700000762939453,74700,0.0,0.0
2024-11-20 00:00:00-05:00,2.190000057220459,2.2799999713897705,2.1549999713897705,2.200000047683716,101600,0.0,0.0
2024-11-21 00:00:00-05:00,2.190000057220459,2.2330000400543213,2.119999885559082,2.1600000858306885,101000,0.0,0.0
2024-11-22 00:00:00-05:00,2.1500000953674316,2.200000047683716,2.0299999713897705,2.0899999141693115,115600,0.0,0.0
2024-11-25 00:00:00-05:00,2.0899999141693115,2.309999942779541,2.059999942779541,2.1500000953674316,123700,0.0,0.0
2024-11-26 00:00:00-05:00,2.299999952316284,2.4000000953674316,2.0799999237060547,2.130000114440918,408500,0.0,0.0
2024-11-27 00:00:00-05:00,2.0799999237060547,2.255000114440918,2.0399999618530273,2.0899999141693115,89300,0.0,0.0
2024-11-29 00:00:00-05:00,2.140000104904175,2.2799999713897705,2.069999933242798,2.0799999237060547,44100,0.0,0.0
2024-12-02 00:00:00-05:00,2.069999933242798,2.2799999713897705,2.059999942779541,2.240000009536743,189500,0.0,0.0
2024-12-03 00:00:00-05:00,2.299999952316284,2.700000047683716,2.2899999618530273,2.700000047683716,430600,0.0,0.0
2024-12-04 00:00:00-05:00,2.8299999237060547,2.8499999046325684,2.430000066757202,2.5899999141693115,271600,0.0,0.0
2024-12-05 00:00:00-05:00,2.609999895095825,2.609999895095825,2.2699999809265137,2.3399999141693115,304600,0.0,0.0
2024-12-06 00:00:00-05:00,2.2899999618530273,2.5,2.2799999713897705,2.369999885559082,136600,0.0,0.0
2024-12-09 00:00:00-05:00,2.490000009536743,2.5299999713897705,2.3399999141693115,2.4100000858306885,127000,0.0,0.0
2024-12-10 00:00:00-05:00,2.5,2.5399999618530273,2.3299999237060547,2.4800000190734863,300100,0.0,0.0
2024-12-11 00:00:00-05:00,2.5,2.5250000953674316,2.319999933242798,2.3399999141693115,188700,0.0,0.0
2024-12-12 00:00:00-05:00,2.3299999237060547,2.4200000762939453,2.2200000286102295,2.259999990463257,235900,0.0,0.0
2024-12-13 00:00:00-05:00,2.3499999046325684,2.390000104904175,2.1700000762939453,2.240000009536743,238000,0.0,0.0
2024-12-16 00:00:00-05:00,2.2300000190734863,2.309999942779541,2.0799999237060547,2.1600000858306885,177800,0.0,0.0
2024-12-17 00:00:00-05:00,2.200000047683716,2.2750000953674316,2.0,2.0799999237060547,354300,0.0,0.0
2024-12-18 00:00:00-05:00,2.109999895095825,2.200000047683716,2.049999952316284,2.109999895095825,123900,0.0,0.0
2024-12-19 00:00:00-05:00,2.130000114440918,2.2100000381469727,2.049999952316284,2.2100000381469727,96600,0.0,0.0
2024-12-20 00:00:00-05:00,2.2200000286102295,2.240000009536743,2.1500000953674316,2.2300000190734863,96300,0.0,0.0
2024-12-23 00:00:00-05:00,2.240000009536743,2.25,2.140000104904175,2.200000047683716,54900,0.0,0.0
2024-12-24 00:00:00-05:00,2.1600000858306885,2.25,2.1600000858306885,2.2100000381469727,35000,0.0,0.0
2024-12-26 00:00:00-05:00,2.2300000190734863,2.369999885559082,2.2079999446868896,2.369999885559082,132200,0.0,0.0
2024-12-27 00:00:00-05:00,2.380000114440918,2.380000114440918,2.2200000286102295,2.2899999618530273,114800,0.0,0.0
2024-12-30 00:00:00-05:00,2.3299999237060547,2.3499999046325684,2.140000104904175,2.200000047683716,109300,0.0,0.0
2024-12-31 00:00:00-05:00,2.1500000953674316,2.2100000381469727,2.0199999809265137,2.0999999046325684,375000,0.0,0.0
2025-01-02 00:00:00-05:00,2.109999895095825,2.319999933242798,2.109999895095825,2.299999952316284,56800,0.0,0.0
2025-01-03 00:00:00-05:00,2.319999933242798,2.369999885559082,2.1700000762939453,2.2899999618530273,114900,0.0,0.0
2025-01-06 00:00:00-05:00,2.299999952316284,2.430000066757202,2.119999885559082,2.180000066757202,142500,0.0,0.0
2025-01-07 00:00:00-05:00,2.2200000286102295,2.380000114440918,2.1600000858306885,2.240000009536743,113400,0.0,0.0
2025-01-08 00:00:00-05:00,2.259999990463257,2.2950000762939453,2.130000114440918,2.2100000381469727,82500,0.0,0.0
2025-01-10 00:00:00-05:00,2.2200000286102295,2.2799999713897705,2.119999885559082,2.1600000858306885,59700,0.0,0.0
2025-01-13 00:00:00-05:00,2.1700000762939453,2.190000057220459,2.009999990463257,2.059999942779541,91400,0.0,0.0
2025-01-14 00:00:00-05:00,2.009999990463257,2.0799999237060547,1.6200000047683716,1.9299999475479126,2305368,0.0,0.0
