Date,Open,High,Low,Close,Volume,Dividends,Stock Splits
2022-01-03 00:00:00-05:00,10.430000305175781,10.819999694824219,10.279999732971191,10.729999542236328,3510400,0.0,0.0
2022-01-04 00:00:00-05:00,10.859999656677246,10.859999656677246,10.359999656677246,10.449999809265137,3743100,0.0,0.0
2022-01-05 00:00:00-05:00,10.4399995803833,10.5,9.649999618530273,9.729999542236328,2825200,0.0,0.0
2022-01-06 00:00:00-05:00,9.8100004196167,10.09000015258789,9.59000015258789,9.760000228881836,2780800,0.0,0.0
2022-01-07 00:00:00-05:00,9.699999809265137,10.050000190734863,9.699999809265137,9.710000038146973,2340100,0.0,0.0
2022-01-10 00:00:00-05:00,9.649999618530273,9.8100004196167,9.069999694824219,9.079999923706055,4696900,0.0,0.0
2022-01-11 00:00:00-05:00,9.050000190734863,9.75,8.989999771118164,9.5600004196167,5506100,0.0,0.0
2022-01-12 00:00:00-05:00,9.699999809265137,10.109999656677246,9.470000267028809,9.920000076293945,3624500,0.0,0.0
2022-01-13 00:00:00-05:00,9.90999984741211,10.0600004196167,9.489999771118164,9.520000457763672,3168200,0.0,0.0
2022-01-14 00:00:00-05:00,10.470000267028809,11.180000305175781,10.300000190734863,11.100000381469727,17031800,0.0,0.0
2022-01-18 00:00:00-05:00,10.84000015258789,11.210000038146973,10.800000190734863,10.880000114440918,7951400,0.0,0.0
2022-01-19 00:00:00-05:00,10.979999542236328,11.329999923706055,10.850000381469727,11.079999923706055,4832300,0.0,0.0
2022-01-20 00:00:00-05:00,11.529999732971191,11.8100004196167,11.289999961853027,11.300000190734863,4614700,0.0,0.0
2022-01-21 00:00:00-05:00,11.239999771118164,11.4399995803833,10.850000381469727,11.15999984741211,5753900,0.0,0.0
2022-01-24 00:00:00-05:00,10.779999732971191,11.050000190734863,10.239999771118164,11.029999732971191,5205000,0.0,0.0
2022-01-25 00:00:00-05:00,10.710000038146973,11.010000228881836,10.479999542236328,10.84000015258789,2815000,0.0,0.0
2022-01-26 00:00:00-05:00,11.050000190734863,11.130000114440918,10.359999656677246,10.460000038146973,3564600,0.0,0.0
2022-01-27 00:00:00-05:00,10.520000457763672,10.520000457763672,9.649999618530273,9.739999771118164,5653600,0.0,0.0
2022-01-28 00:00:00-05:00,9.729999542236328,10.010000228881836,9.489999771118164,9.960000038146973,3700300,0.0,0.0
2022-01-31 00:00:00-05:00,10.020000457763672,10.569999694824219,9.989999771118164,10.5600004196167,3589100,0.0,0.0
2022-02-01 00:00:00-05:00,10.75,10.930000305175781,10.3100004196167,10.850000381469727,2984800,0.0,0.0
2022-02-02 00:00:00-05:00,10.90999984741211,10.90999984741211,10.420000076293945,10.449999809265137,2062200,0.0,0.0
2022-02-03 00:00:00-05:00,10.329999923706055,10.539999961853027,10.050000190734863,10.069999694824219,2391900,0.0,0.0
2022-02-04 00:00:00-05:00,10.029999732971191,10.420000076293945,9.819999694824219,10.369999885559082,2547800,0.0,0.0
2022-02-07 00:00:00-05:00,10.329999923706055,10.680000305175781,10.140000343322754,10.4399995803833,2736800,0.0,0.0
2022-02-08 00:00:00-05:00,10.550000190734863,10.8100004196167,10.380000114440918,10.630000114440918,2483300,0.0,0.0
2022-02-09 00:00:00-05:00,10.8100004196167,11.119999885559082,10.770000457763672,10.979999542236328,3645900,0.0,0.0
2022-02-10 00:00:00-05:00,10.770000457763672,11.350000381469727,10.630000114440918,10.84000015258789,4744200,0.0,0.0
2022-02-11 00:00:00-05:00,10.84000015258789,11.3100004196167,10.420000076293945,10.609999656677246,3464900,0.0,0.0
2022-02-14 00:00:00-05:00,10.5600004196167,11.229999542236328,10.539999961853027,10.859999656677246,4221400,0.0,0.0
2022-02-15 00:00:00-05:00,11.09000015258789,11.489999771118164,11.0,11.4399995803833,4037500,0.0,0.0
2022-02-16 00:00:00-05:00,11.609999656677246,11.619999885559082,11.210000038146973,11.5,3594700,0.0,0.0
2022-02-17 00:00:00-05:00,11.329999923706055,11.59000015258789,11.270000457763672,11.399999618530273,3321300,0.0,0.0
2022-02-18 00:00:00-05:00,11.289999961853027,11.460000038146973,11.050000190734863,11.119999885559082,2769300,0.0,0.0
2022-02-22 00:00:00-05:00,10.869999885559082,10.920000076293945,10.34000015258789,10.470000267028809,3430900,0.0,0.0
2022-02-23 00:00:00-05:00,10.619999885559082,10.619999885559082,10.069999694824219,10.119999885559082,1924000,0.0,0.0
2022-02-24 00:00:00-05:00,9.649999618530273,10.140000343322754,9.470000267028809,10.100000381469727,3721400,0.0,0.0
2022-02-25 00:00:00-05:00,10.260000228881836,10.329999923706055,9.6899995803833,10.300000190734863,3578700,0.0,0.0
2022-02-28 00:00:00-05:00,10.100000381469727,10.140000343322754,9.710000038146973,10.020000457763672,4008600,0.0,0.0
2022-03-01 00:00:00-05:00,9.859999656677246,9.960000038146973,9.130000114440918,9.279999732971191,4322900,0.0,0.0
2022-03-02 00:00:00-05:00,9.8100004196167,10.800000190734863,9.680000305175781,10.130000114440918,6826000,0.0,0.0
2022-03-03 00:00:00-05:00,9.970000267028809,10.1899995803833,9.680000305175781,9.9399995803833,3273800,0.0,0.0
2022-03-04 00:00:00-05:00,9.75,9.880000114440918,9.149999618530273,9.40999984741211,3792200,0.0,0.0
2022-03-07 00:00:00-05:00,9.229999542236328,9.329999923706055,7.489999771118164,7.539999961853027,6558700,0.0,0.0
2022-03-08 00:00:00-05:00,7.579999923706055,8.039999961853027,7.139999866485596,7.809999942779541,6475400,0.0,0.0
2022-03-09 00:00:00-05:00,8.0600004196167,8.5600004196167,8.039999961853027,8.380000114440918,4000200,0.0,0.0
2022-03-10 00:00:00-05:00,8.079999923706055,8.380000114440918,7.900000095367432,7.949999809265137,5681600,0.0,0.0
2022-03-11 00:00:00-05:00,8.039999961853027,8.039999961853027,6.510000228881836,6.730000019073486,14104300,0.0,0.0
2022-03-14 00:00:00-04:00,6.349999904632568,6.670000076293945,6.0,6.090000152587891,7800700,0.0,0.0
2022-03-15 00:00:00-04:00,5.900000095367432,6.550000190734863,5.75,6.53000020980835,8143300,0.0,0.0
2022-03-16 00:00:00-04:00,7.320000171661377,7.900000095367432,7.210000038146973,7.840000152587891,6604700,0.0,0.0
2022-03-17 00:00:00-04:00,7.639999866485596,8.1899995803833,7.539999961853027,7.869999885559082,3490600,0.0,0.0
2022-03-18 00:00:00-04:00,7.730000019073486,8.640000343322754,7.670000076293945,8.319999694824219,5195100,0.0,0.0
2022-03-21 00:00:00-04:00,8.119999885559082,8.15999984741211,7.78000020980835,7.920000076293945,2851800,0.0,0.0
2022-03-22 00:00:00-04:00,7.960000038146973,8.539999961853027,7.960000038146973,8.380000114440918,4528900,0.0,0.0
2022-03-23 00:00:00-04:00,8.260000228881836,8.510000228881836,8.079999923706055,8.449999809265137,4396400,0.0,0.0
2022-03-24 00:00:00-04:00,8.850000381469727,8.850000381469727,8.140000343322754,8.5600004196167,3676800,0.0,0.0
2022-03-25 00:00:00-04:00,8.390000343322754,8.390000343322754,8.0,8.0600004196167,2374700,0.0,0.0
2022-03-28 00:00:00-04:00,8.0,8.239999771118164,7.769999980926514,7.860000133514404,4297100,0.0,0.0
2022-03-29 00:00:00-04:00,8.260000228881836,8.550000190734863,8.15999984741211,8.270000457763672,4185600,0.0,0.0
2022-03-30 00:00:00-04:00,8.149999618530273,8.510000228881836,8.010000228881836,8.09000015258789,2253900,0.0,0.0
2022-03-31 00:00:00-04:00,8.050000190734863,8.050000190734863,7.619999885559082,7.639999866485596,3287900,0.0,0.0
2022-04-01 00:00:00-04:00,7.989999771118164,8.289999961853027,7.829999923706055,8.079999923706055,4748900,0.0,0.0
2022-04-04 00:00:00-04:00,8.050000190734863,8.430000305175781,8.0,8.220000267028809,3319400,0.0,0.0
2022-04-05 00:00:00-04:00,8.149999618530273,8.1899995803833,7.510000228881836,7.639999866485596,3753100,0.0,0.0
2022-04-06 00:00:00-04:00,7.639999866485596,7.639999866485596,7.119999885559082,7.400000095367432,5814200,0.0,0.0
2022-04-07 00:00:00-04:00,7.25,7.260000228881836,6.760000228881836,7.0,4408800,0.0,0.0
2022-04-08 00:00:00-04:00,6.940000057220459,7.059999942779541,6.789999961853027,6.849999904632568,2474600,0.0,0.0
2022-04-11 00:00:00-04:00,6.730000019073486,7.0,6.599999904632568,6.690000057220459,2876200,0.0,0.0
2022-04-12 00:00:00-04:00,6.849999904632568,6.920000076293945,6.519999980926514,6.539999961853027,3612100,0.0,0.0
2022-04-13 00:00:00-04:00,6.5,6.989999771118164,6.449999809265137,6.829999923706055,3031400,0.0,0.0
2022-04-14 00:00:00-04:00,6.809999942779541,6.900000095367432,6.710000038146973,6.800000190734863,2691100,0.0,0.0
2022-04-18 00:00:00-04:00,6.659999847412109,6.71999979019165,6.429999828338623,6.579999923706055,3096300,0.0,0.0
2022-04-19 00:00:00-04:00,6.550000190734863,7.0,6.5,6.840000152587891,3584700,0.0,0.0
2022-04-20 00:00:00-04:00,6.789999961853027,6.909999847412109,6.659999847412109,6.710000038146973,2180200,0.0,0.0
2022-04-21 00:00:00-04:00,6.800000190734863,6.860000133514404,6.110000133514404,6.170000076293945,3298400,0.0,0.0
2022-04-22 00:00:00-04:00,6.190000057220459,6.369999885559082,6.0,6.070000171661377,3371400,0.0,0.0
2022-04-25 00:00:00-04:00,5.940000057220459,6.239999771118164,5.829999923706055,6.190000057220459,4242100,0.0,0.0
2022-04-26 00:00:00-04:00,6.150000095367432,6.239999771118164,5.739999771118164,5.860000133514404,5306300,0.0,0.0
2022-04-27 00:00:00-04:00,5.909999847412109,6.03000020980835,5.639999866485596,5.71999979019165,4750800,0.0,0.0
2022-04-28 00:00:00-04:00,5.869999885559082,5.900000095367432,5.449999809265137,5.78000020980835,4162200,0.0,0.0
2022-04-29 00:00:00-04:00,6.110000133514404,6.269999980926514,5.699999809265137,5.71999979019165,4274200,0.0,0.0
2022-05-02 00:00:00-04:00,5.71999979019165,5.849999904632568,5.559999942779541,5.769999980926514,4459400,0.0,0.0
2022-05-03 00:00:00-04:00,5.78000020980835,5.940000057220459,5.53000020980835,5.730000019073486,5202100,0.0,0.0
2022-05-04 00:00:00-04:00,5.699999809265137,5.769999980926514,5.139999866485596,5.679999828338623,5857900,0.0,0.0
2022-05-05 00:00:00-04:00,5.760000228881836,5.809999942779541,5.119999885559082,5.190000057220459,3822900,0.0,0.0
2022-05-06 00:00:00-04:00,5.179999828338623,5.25,4.829999923706055,5.019999980926514,5592100,0.0,0.0
2022-05-09 00:00:00-04:00,4.75,4.949999809265137,4.46999979019165,4.550000190734863,6737400,0.0,0.0
2022-05-10 00:00:00-04:00,4.650000095367432,4.78000020980835,4.349999904632568,4.579999923706055,6593500,0.0,0.0
2022-05-11 00:00:00-04:00,4.630000114440918,4.789999961853027,4.449999809265137,4.480000019073486,6091200,0.0,0.0
2022-05-12 00:00:00-04:00,4.28000020980835,4.690000057220459,4.059999942779541,4.670000076293945,10235700,0.0,0.0
2022-05-13 00:00:00-04:00,4.840000152587891,5.460000038146973,4.840000152587891,5.369999885559082,7317300,0.0,0.0
2022-05-16 00:00:00-04:00,5.239999771118164,5.519999980926514,5.210000038146973,5.230000019073486,5341100,0.0,0.0
2022-05-17 00:00:00-04:00,5.389999866485596,5.619999885559082,5.320000171661377,5.489999771118164,7532300,0.0,0.0
2022-05-18 00:00:00-04:00,5.429999828338623,5.539999961853027,5.239999771118164,5.340000152587891,5888300,0.0,0.0
2022-05-19 00:00:00-04:00,5.329999923706055,5.619999885559082,5.300000190734863,5.440000057220459,5544300,0.0,0.0
2022-05-20 00:00:00-04:00,5.539999961853027,5.619999885559082,5.28000020980835,5.460000038146973,5779700,0.0,0.0
2022-05-23 00:00:00-04:00,5.460000038146973,5.46999979019165,5.25,5.329999923706055,5287600,0.0,0.0
2022-05-24 00:00:00-04:00,5.199999809265137,5.210000038146973,4.610000133514404,4.78000020980835,5776400,0.0,0.0
2022-05-25 00:00:00-04:00,4.809999942779541,4.929999828338623,4.650000095367432,4.75,3806600,0.0,0.0
2022-05-26 00:00:00-04:00,4.75,5.269999980926514,4.75,5.179999828338623,4535100,0.0,0.0
2022-05-27 00:00:00-04:00,5.179999828338623,5.409999847412109,5.019999980926514,5.300000190734863,5533100,0.0,0.0
2022-05-31 00:00:00-04:00,5.5,5.739999771118164,5.349999904632568,5.639999866485596,31335800,0.0,0.0
2022-06-01 00:00:00-04:00,5.75,5.960000038146973,5.440000057220459,5.53000020980835,4675100,0.0,0.0
2022-06-02 00:00:00-04:00,5.53000020980835,5.800000190734863,5.53000020980835,5.699999809265137,2874800,0.0,0.0
2022-06-03 00:00:00-04:00,5.579999923706055,5.630000114440918,5.360000133514404,5.460000038146973,2451100,0.0,0.0
2022-06-06 00:00:00-04:00,5.769999980926514,6.130000114440918,5.769999980926514,5.889999866485596,4816600,0.0,0.0
2022-06-07 00:00:00-04:00,5.789999961853027,5.920000076293945,5.71999979019165,5.849999904632568,2250600,0.0,0.0
2022-06-08 00:00:00-04:00,5.900000095367432,6.400000095367432,5.860000133514404,6.300000190734863,6345500,0.0,0.0
2022-06-09 00:00:00-04:00,6.099999904632568,6.170000076293945,5.829999923706055,6.090000152587891,3963300,0.0,0.0
2022-06-10 00:00:00-04:00,5.809999942779541,5.920000076293945,5.599999904632568,5.699999809265137,3585000,0.0,0.0
2022-06-13 00:00:00-04:00,5.449999809265137,5.5,5.260000228881836,5.389999866485596,4627400,0.0,0.0
2022-06-14 00:00:00-04:00,5.5,5.769999980926514,5.380000114440918,5.650000095367432,4167500,0.0,0.0
2022-06-15 00:00:00-04:00,5.650000095367432,5.929999828338623,5.650000095367432,5.829999923706055,3274500,0.0,0.0
2022-06-16 00:00:00-04:00,5.579999923706055,5.630000114440918,5.260000228881836,5.349999904632568,3380300,0.0,0.0
2022-06-17 00:00:00-04:00,5.46999979019165,5.570000171661377,5.340000152587891,5.380000114440918,3230800,0.0,0.0
2022-06-21 00:00:00-04:00,5.519999980926514,5.699999809265137,5.440000057220459,5.449999809265137,3300200,0.0,0.0
2022-06-22 00:00:00-04:00,5.329999923706055,5.679999828338623,5.300000190734863,5.679999828338623,2908900,0.0,0.0
2022-06-23 00:00:00-04:00,5.679999828338623,5.690000057220459,5.460000038146973,5.650000095367432,3139900,0.0,0.0
2022-06-24 00:00:00-04:00,5.789999961853027,6.199999809265137,5.789999961853027,6.110000133514404,2882600,0.0,0.0
2022-06-27 00:00:00-04:00,6.199999809265137,6.239999771118164,5.840000152587891,5.869999885559082,2477100,0.0,0.0
2022-06-28 00:00:00-04:00,6.480000019073486,6.670000076293945,6.150000095367432,6.170000076293945,5706400,0.0,0.0
2022-06-29 00:00:00-04:00,6.239999771118164,6.260000228881836,6.050000190734863,6.179999828338623,2576800,0.0,0.0
2022-06-30 00:00:00-04:00,6.039999961853027,6.039999961853027,5.75,5.75,3737500,0.0,0.0
2022-07-01 00:00:00-04:00,5.739999771118164,6.039999961853027,5.710000038146973,6.019999980926514,2506400,0.0,0.0
2022-07-05 00:00:00-04:00,5.869999885559082,6.0,5.71999979019165,5.889999866485596,2582300,0.0,0.0
2022-07-06 00:00:00-04:00,5.820000171661377,5.900000095367432,5.300000190734863,5.420000076293945,4121600,0.0,0.0
2022-07-07 00:00:00-04:00,5.510000228881836,5.769999980926514,5.5,5.619999885559082,3590300,0.0,0.0
2022-07-08 00:00:00-04:00,5.519999980926514,5.75,5.510000228881836,5.599999904632568,3319100,0.0,0.0
2022-07-11 00:00:00-04:00,5.159999847412109,5.25,4.829999923706055,5.059999942779541,5127300,0.0,0.0
2022-07-12 00:00:00-04:00,4.989999771118164,5.139999866485596,4.900000095367432,5.050000190734863,3222300,0.0,0.0
2022-07-13 00:00:00-04:00,4.980000019073486,5.130000114440918,4.869999885559082,4.989999771118164,2409800,0.0,0.0
2022-07-14 00:00:00-04:00,4.889999866485596,5.03000020980835,4.800000190734863,4.809999942779541,9146900,0.0,0.0
2022-07-15 00:00:00-04:00,4.699999809265137,4.909999847412109,4.699999809265137,4.849999904632568,3723200,0.0,0.0
2022-07-18 00:00:00-04:00,4.989999771118164,5.260000228881836,4.909999847412109,4.920000076293945,5169000,0.0,0.0
2022-07-19 00:00:00-04:00,5.010000228881836,5.300000190734863,5.010000228881836,5.289999961853027,3015000,0.0,0.0
2022-07-20 00:00:00-04:00,5.5,5.789999961853027,5.429999828338623,5.730000019073486,4360500,0.0,0.0
2022-07-21 00:00:00-04:00,5.820000171661377,5.900000095367432,5.699999809265137,5.78000020980835,2803800,0.0,0.0
2022-07-22 00:00:00-04:00,5.75,5.849999904632568,5.570000171661377,5.630000114440918,2280900,0.0,0.0
2022-07-25 00:00:00-04:00,5.639999866485596,5.760000228881836,5.519999980926514,5.71999979019165,1341000,0.0,0.0
2022-07-26 00:00:00-04:00,5.75,5.75,5.619999885559082,5.699999809265137,1236500,0.0,0.0
2022-07-27 00:00:00-04:00,5.75,5.940000057220459,5.650000095367432,5.739999771118164,2083400,0.0,0.0
2022-07-28 00:00:00-04:00,5.699999809265137,5.78000020980835,5.400000095367432,5.440000057220459,1983300,0.0,0.0
2022-07-29 00:00:00-04:00,5.309999942779541,5.389999866485596,5.079999923706055,5.150000095367432,3364100,0.0,0.0
2022-08-01 00:00:00-04:00,5.130000114440918,5.25,4.920000076293945,5.099999904632568,3127500,0.0,0.0
2022-08-02 00:00:00-04:00,5.0,5.170000076293945,4.949999809265137,5.079999923706055,2227600,0.0,0.0
2022-08-03 00:00:00-04:00,5.079999923706055,5.190000057220459,5.059999942779541,5.119999885559082,1808200,0.0,0.0
2022-08-04 00:00:00-04:00,5.139999866485596,5.21999979019165,4.989999771118164,5.03000020980835,1463100,0.0,0.0
2022-08-05 00:00:00-04:00,5.050000190734863,5.360000133514404,4.960000038146973,5.329999923706055,2653100,0.0,0.0
2022-08-08 00:00:00-04:00,5.349999904632568,5.510000228881836,5.289999961853027,5.309999942779541,2022200,0.0,0.0
2022-08-09 00:00:00-04:00,5.269999980926514,5.28000020980835,5.079999923706055,5.170000076293945,1637600,0.0,0.0
2022-08-10 00:00:00-04:00,5.25,5.300000190734863,5.130000114440918,5.199999809265137,1638400,0.0,0.0
2022-08-11 00:00:00-04:00,5.369999885559082,5.539999961853027,5.159999847412109,5.239999771118164,2201200,0.0,0.0
2022-08-12 00:00:00-04:00,5.119999885559082,5.380000114440918,5.079999923706055,5.28000020980835,3311900,0.0,0.0
2022-08-15 00:00:00-04:00,5.230000019073486,5.699999809265137,5.190000057220459,5.599999904632568,6156200,0.0,0.0
2022-08-16 00:00:00-04:00,5.599999904632568,5.730000019073486,5.400000095367432,5.449999809265137,2450600,0.0,0.0
2022-08-17 00:00:00-04:00,5.380000114440918,5.650000095367432,5.349999904632568,5.53000020980835,3999000,0.0,0.0
2022-08-18 00:00:00-04:00,5.909999847412109,6.059999942779541,5.539999961853027,5.630000114440918,4936500,0.0,0.0
2022-08-19 00:00:00-04:00,5.610000133514404,5.800000190734863,5.300000190734863,5.360000133514404,3749300,0.0,0.0
2022-08-22 00:00:00-04:00,5.239999771118164,5.269999980926514,4.840000152587891,5.070000171661377,6937100,0.0,0.0
2022-08-23 00:00:00-04:00,5.070000171661377,5.210000038146973,5.03000020980835,5.039999961853027,2773600,0.0,0.0
2022-08-24 00:00:00-04:00,4.949999809265137,5.21999979019165,4.849999904632568,5.190000057220459,1464300,0.0,0.0
2022-08-25 00:00:00-04:00,5.340000152587891,6.070000171661377,5.329999923706055,5.769999980926514,9652900,0.0,0.0
2022-08-26 00:00:00-04:00,5.980000019073486,5.989999771118164,5.599999904632568,5.880000114440918,3988600,0.0,0.0
2022-08-29 00:00:00-04:00,5.889999866485596,6.25,5.809999942779541,6.079999923706055,3408800,0.0,0.0
2022-08-30 00:00:00-04:00,5.989999771118164,6.070000171661377,5.349999904632568,5.519999980926514,5721300,0.0,0.0
2022-08-31 00:00:00-04:00,5.639999866485596,5.829999923706055,5.5,5.760000228881836,3248100,0.0,0.0
2022-09-01 00:00:00-04:00,5.599999904632568,5.760000228881836,5.340000152587891,5.369999885559082,2623000,0.0,0.0
2022-09-02 00:00:00-04:00,5.420000076293945,5.420000076293945,4.949999809265137,5.119999885559082,3881300,0.0,0.0
2022-09-06 00:00:00-04:00,5.309999942779541,5.320000171661377,5.0,5.039999961853027,2320100,0.0,0.0
2022-09-07 00:00:00-04:00,5.010000228881836,5.230000019073486,4.989999771118164,5.21999979019165,1924400,0.0,0.0
2022-09-08 00:00:00-04:00,5.179999828338623,5.309999942779541,5.03000020980835,5.28000020980835,1959700,0.0,0.0
2022-09-09 00:00:00-04:00,5.409999847412109,5.599999904632568,5.300000190734863,5.5,2274500,0.0,0.0
2022-09-12 00:00:00-04:00,5.579999923706055,5.78000020980835,5.550000190734863,5.710000038146973,2314400,0.0,0.0
2022-09-13 00:00:00-04:00,5.670000076293945,5.869999885559082,5.360000133514404,5.489999771118164,4118300,0.0,0.0
2022-09-14 00:00:00-04:00,5.480000019073486,5.610000133514404,5.210000038146973,5.550000190734863,2539700,0.0,0.0
2022-09-15 00:00:00-04:00,5.590000152587891,6.130000114440918,5.550000190734863,5.829999923706055,4831200,0.0,0.0
2022-09-16 00:00:00-04:00,5.699999809265137,5.860000133514404,5.53000020980835,5.809999942779541,2592700,0.0,0.0
2022-09-19 00:00:00-04:00,5.809999942779541,5.869999885559082,5.690000057220459,5.820000171661377,1435700,0.0,0.0
2022-09-20 00:00:00-04:00,6.190000057220459,6.440000057220459,5.980000019073486,6.050000190734863,9959800,0.0,0.0
2022-09-21 00:00:00-04:00,6.050000190734863,6.130000114440918,5.570000171661377,5.599999904632568,4484400,0.0,0.0
2022-09-22 00:00:00-04:00,5.71999979019165,5.800000190734863,5.179999828338623,5.210000038146973,4507800,0.0,0.0
2022-09-23 00:00:00-04:00,5.059999942779541,5.389999866485596,4.96999979019165,5.300000190734863,3972700,0.0,0.0
2022-09-26 00:00:00-04:00,5.989999771118164,7.170000076293945,5.989999771118164,6.650000095367432,34741100,0.0,0.0
2022-09-27 00:00:00-04:00,6.739999771118164,6.880000114440918,6.389999866485596,6.389999866485596,10951000,0.0,0.0
2022-09-28 00:00:00-04:00,6.300000190734863,6.659999847412109,6.190000057220459,6.559999942779541,6324900,0.0,0.0
2022-09-29 00:00:00-04:00,6.440000057220459,6.659999847412109,6.320000171661377,6.550000190734863,5780000,0.0,0.0
2022-09-30 00:00:00-04:00,6.489999771118164,6.860000133514404,6.409999847412109,6.630000114440918,3875000,0.0,0.0
2022-10-03 00:00:00-04:00,6.650000095367432,7.110000133514404,6.619999885559082,6.940000057220459,4411200,0.0,0.0
2022-10-04 00:00:00-04:00,7.150000095367432,7.730000019073486,7.119999885559082,7.730000019073486,6024800,0.0,0.0
2022-10-05 00:00:00-04:00,7.599999904632568,7.849999904632568,7.389999866485596,7.539999961853027,3992400,0.0,0.0
2022-10-06 00:00:00-04:00,7.579999923706055,8.180000305175781,7.360000133514404,7.889999866485596,8372800,0.0,0.0
2022-10-07 00:00:00-04:00,7.769999980926514,8.140000343322754,7.710000038146973,8.09000015258789,7175300,0.0,0.0
2022-10-10 00:00:00-04:00,7.730000019073486,7.739999771118164,7.230000019073486,7.5,10135300,0.0,0.0
2022-10-11 00:00:00-04:00,7.400000095367432,7.510000228881836,6.949999809265137,7.230000019073486,10290800,0.0,0.0
2022-10-12 00:00:00-04:00,7.119999885559082,7.309999942779541,6.869999885559082,7.119999885559082,4345000,0.0,0.0
2022-10-13 00:00:00-04:00,6.840000152587891,7.150000095367432,6.610000133514404,6.650000095367432,5945300,0.0,0.0
2022-10-14 00:00:00-04:00,6.840000152587891,6.849999904632568,6.230000019073486,6.28000020980835,4063100,0.0,0.0
2022-10-17 00:00:00-04:00,6.440000057220459,6.46999979019165,6.059999942779541,6.25,6274300,0.0,0.0
2022-10-18 00:00:00-04:00,6.380000114440918,6.679999828338623,6.289999961853027,6.320000171661377,3298300,0.0,0.0
2022-10-19 00:00:00-04:00,6.090000152587891,6.320000171661377,5.429999828338623,5.550000190734863,8168900,0.0,0.0
2022-10-20 00:00:00-04:00,5.619999885559082,6.070000171661377,5.579999923706055,5.929999828338623,6524100,0.0,0.0
2022-10-21 00:00:00-04:00,5.860000133514404,6.230000019073486,5.840000152587891,6.179999828338623,4420600,0.0,0.0
2022-10-24 00:00:00-04:00,5.449999809265137,5.559999942779541,5.010000228881836,5.460000038146973,9301800,0.0,0.0
2022-10-25 00:00:00-04:00,5.53000020980835,5.639999866485596,4.980000019073486,5.010000228881836,8304400,0.0,0.0
2022-10-26 00:00:00-04:00,5.010000228881836,5.400000095367432,5.010000228881836,5.159999847412109,7506600,0.0,0.0
2022-10-27 00:00:00-04:00,5.090000152587891,5.230000019073486,4.829999923706055,4.869999885559082,5233800,0.0,0.0
2022-10-28 00:00:00-04:00,4.75,5.369999885559082,4.71999979019165,5.320000171661377,7541300,0.0,0.0
2022-10-31 00:00:00-04:00,5.590000152587891,5.590000152587891,5.289999961853027,5.46999979019165,5176900,0.0,0.0
2022-11-01 00:00:00-04:00,6.019999980926514,6.050000190734863,5.579999923706055,5.699999809265137,5122700,0.0,0.0
2022-11-02 00:00:00-04:00,5.659999847412109,6.199999809265137,5.480000019073486,6.010000228881836,5648500,0.0,0.0
2022-11-03 00:00:00-04:00,5.909999847412109,6.079999923706055,5.75,5.900000095367432,4664500,0.0,0.0
2022-11-04 00:00:00-04:00,6.550000190734863,6.630000114440918,6.210000038146973,6.429999828338623,4346900,0.0,0.0
2022-11-07 00:00:00-05:00,6.599999904632568,6.71999979019165,6.380000114440918,6.389999866485596,7004600,0.0,0.0
2022-11-08 00:00:00-05:00,6.360000133514404,6.550000190734863,6.139999866485596,6.400000095367432,3602800,0.0,0.0
2022-11-09 00:00:00-05:00,6.21999979019165,6.25,5.96999979019165,6.050000190734863,2890700,0.0,0.0
2022-11-10 00:00:00-05:00,6.28000020980835,6.570000171661377,6.230000019073486,6.570000171661377,5160200,0.0,0.0
2022-11-11 00:00:00-05:00,7.019999980926514,7.5,6.949999809265137,7.380000114440918,6068700,0.0,0.0
2022-11-14 00:00:00-05:00,7.5,7.690000057220459,7.260000228881836,7.360000133514404,4701400,0.0,0.0
2022-11-15 00:00:00-05:00,7.670000076293945,7.900000095367432,7.550000190734863,7.559999942779541,6849400,0.0,0.0
2022-11-16 00:00:00-05:00,7.460000038146973,7.710000038146973,7.179999828338623,7.420000076293945,2960400,0.0,0.0
2022-11-17 00:00:00-05:00,7.119999885559082,7.900000095367432,7.099999904632568,7.639999866485596,4464100,0.0,0.0
2022-11-18 00:00:00-05:00,7.610000133514404,7.699999809265137,7.269999980926514,7.429999828338623,3108400,0.0,0.0
2022-11-21 00:00:00-05:00,7.079999923706055,7.090000152587891,6.760000228881836,6.829999923706055,3506400,0.0,0.0
2022-11-22 00:00:00-05:00,6.760000228881836,6.789999961853027,6.550000190734863,6.670000076293945,3120900,0.0,0.0
2022-11-23 00:00:00-05:00,6.78000020980835,6.809999942779541,6.550000190734863,6.75,1753100,0.0,0.0
2022-11-25 00:00:00-05:00,6.809999942779541,6.949999809265137,6.579999923706055,6.590000152587891,3186900,0.0,0.0
2022-11-28 00:00:00-05:00,7.090000152587891,7.369999885559082,6.699999809265137,7.239999771118164,9129300,0.0,0.0
2022-11-29 00:00:00-05:00,7.519999980926514,8.09000015258789,7.46999979019165,7.949999809265137,8574700,0.0,0.0
2022-11-30 00:00:00-05:00,8.100000381469727,8.5600004196167,7.960000038146973,8.529999732971191,9986900,0.0,0.0
2022-12-01 00:00:00-05:00,8.380000114440918,8.789999961853027,8.300000190734863,8.75,4705200,0.0,0.0
2022-12-02 00:00:00-05:00,8.720000267028809,9.109999656677246,8.569999694824219,9.0,5727900,0.0,0.0
2022-12-05 00:00:00-05:00,9.5,9.649999618530273,9.119999885559082,9.529999732971191,11147800,0.0,0.0
2022-12-06 00:00:00-05:00,9.649999618530273,10.069999694824219,9.600000381469727,10.0600004196167,8220800,0.0,0.0
2022-12-07 00:00:00-05:00,9.649999618530273,10.399999618530273,9.449999809265137,10.399999618530273,11878900,0.0,0.0
2022-12-08 00:00:00-05:00,11.0,12.050000190734863,11.0,11.600000381469727,21929600,0.0,0.0
2022-12-09 00:00:00-05:00,11.319999694824219,12.180000305175781,11.210000038146973,11.319999694824219,10259300,0.0,0.0
2022-12-12 00:00:00-05:00,11.029999732971191,11.520000457763672,10.710000038146973,11.520000457763672,7662800,0.0,0.0
2022-12-13 00:00:00-05:00,12.149999618530273,12.149999618530273,11.399999618530273,11.859999656677246,4852800,0.0,0.0
2022-12-14 00:00:00-05:00,11.789999961853027,11.829999923706055,11.369999885559082,11.619999885559082,6441200,0.0,0.0
2022-12-15 00:00:00-05:00,11.579999923706055,11.949999809265137,11.430000305175781,11.819999694824219,5973600,0.0,0.0
2022-12-16 00:00:00-05:00,11.819999694824219,12.350000381469727,11.630000114440918,12.029999732971191,5881600,0.0,0.0
2022-12-19 00:00:00-05:00,11.260000228881836,11.460000038146973,10.739999771118164,11.069999694824219,6334800,0.0,0.0
2022-12-20 00:00:00-05:00,10.970000267028809,11.369999885559082,10.84000015258789,11.180000305175781,3233900,0.0,0.0
2022-12-21 00:00:00-05:00,11.229999542236328,11.479999542236328,11.020000457763672,11.430000305175781,3787800,0.0,0.0
2022-12-22 00:00:00-05:00,11.460000038146973,11.529999732971191,11.199999809265137,11.430000305175781,2755600,0.0,0.0
2022-12-23 00:00:00-05:00,11.430000305175781,11.470000267028809,11.050000190734863,11.170000076293945,1833400,0.0,0.0
2022-12-27 00:00:00-05:00,11.550000190734863,12.140000343322754,11.369999885559082,12.069999694824219,5402100,0.0,0.0
2022-12-28 00:00:00-05:00,11.989999771118164,11.989999771118164,11.130000114440918,11.220000267028809,6363900,0.0,0.0
2022-12-29 00:00:00-05:00,11.319999694824219,11.619999885559082,11.010000228881836,11.3100004196167,3580400,0.0,0.0
2022-12-30 00:00:00-05:00,11.130000114440918,11.670000076293945,11.020000457763672,11.5,3220200,0.0,0.0
2023-01-03 00:00:00-05:00,11.989999771118164,12.40999984741211,11.869999885559082,11.979999542236328,6648900,0.0,0.0
2023-01-04 00:00:00-05:00,12.5,13.390000343322754,12.399999618530273,13.100000381469727,5578400,0.0,0.0
2023-01-05 00:00:00-05:00,12.710000038146973,13.430000305175781,12.699999809265137,13.420000076293945,4206100,0.0,0.0
2023-01-06 00:00:00-05:00,13.130000114440918,13.520000457763672,12.770000457763672,12.9399995803833,4262500,0.0,0.0
2023-01-09 00:00:00-05:00,13.100000381469727,13.84000015258789,13.100000381469727,13.270000457763672,3454400,0.0,0.0
2023-01-10 00:00:00-05:00,13.59000015258789,13.890000343322754,13.470000267028809,13.789999961853027,4925500,0.0,0.0
2023-01-11 00:00:00-05:00,13.470000267028809,13.630000114440918,13.300000190734863,13.59000015258789,4911500,0.0,0.0
2023-01-12 00:00:00-05:00,13.399999618530273,14.149999618530273,13.319999694824219,13.579999923706055,7493800,0.0,0.0
2023-01-13 00:00:00-05:00,13.539999961853027,13.899999618530273,13.539999961853027,13.619999885559082,3772000,0.0,0.0
2023-01-17 00:00:00-05:00,13.350000381469727,13.350000381469727,12.6899995803833,13.079999923706055,4451800,0.0,0.0
2023-01-18 00:00:00-05:00,13.270000457763672,13.380000114440918,12.760000228881836,12.90999984741211,4252000,0.0,0.0
2023-01-19 00:00:00-05:00,12.989999771118164,13.369999885559082,12.9399995803833,13.020000457763672,3985100,0.0,0.0
2023-01-20 00:00:00-05:00,13.260000228881836,13.770000457763672,13.15999984741211,13.210000038146973,4522200,0.0,0.0
2023-01-23 00:00:00-05:00,13.199999809265137,13.470000267028809,13.020000457763672,13.449999809265137,3177900,0.0,0.0
2023-01-24 00:00:00-05:00,13.40999984741211,13.680000305175781,13.069999694824219,13.100000381469727,4342600,0.0,0.0
2023-01-25 00:00:00-05:00,12.779999732971191,13.039999961853027,12.680000305175781,12.6899995803833,11190600,0.0,0.0
2023-01-26 00:00:00-05:00,13.130000114440918,13.640000343322754,12.710000038146973,13.579999923706055,5931300,0.0,0.0
2023-01-27 00:00:00-05:00,13.430000305175781,14.239999771118164,13.430000305175781,13.550000190734863,4643300,0.0,0.0
2023-01-30 00:00:00-05:00,13.0,13.380000114440918,12.609999656677246,13.25,6802300,0.0,0.0
2023-01-31 00:00:00-05:00,13.149999618530273,13.899999618530273,13.149999618530273,13.65999984741211,4412500,0.0,0.0
2023-02-01 00:00:00-05:00,13.9399995803833,14.109999656677246,13.329999923706055,13.670000076293945,3272500,0.0,0.0
2023-02-02 00:00:00-05:00,13.550000190734863,13.600000381469727,13.109999656677246,13.359999656677246,3324600,0.0,0.0
2023-02-03 00:00:00-05:00,13.1899995803833,13.819999694824219,13.170000076293945,13.369999885559082,3752000,0.0,0.0
2023-02-06 00:00:00-05:00,12.90999984741211,13.220000267028809,12.850000381469727,13.15999984741211,4166000,0.0,0.0
2023-02-07 00:00:00-05:00,13.199999809265137,13.460000038146973,12.729999542236328,13.069999694824219,5245800,0.0,0.0
2023-02-08 00:00:00-05:00,13.0,13.119999885559082,12.510000228881836,12.539999961853027,3028000,0.0,0.0
2023-02-09 00:00:00-05:00,13.210000038146973,13.380000114440918,12.9399995803833,13.0,5025100,0.0,0.0
2023-02-10 00:00:00-05:00,12.800000190734863,13.069999694824219,12.640000343322754,12.9399995803833,1938400,0.0,0.0
2023-02-13 00:00:00-05:00,13.100000381469727,13.430000305175781,12.989999771118164,13.350000381469727,3387400,0.0,0.0
2023-02-14 00:00:00-05:00,13.170000076293945,13.670000076293945,13.109999656677246,13.430000305175781,2635900,0.0,0.0
2023-02-15 00:00:00-05:00,13.149999618530273,13.34000015258789,12.979999542236328,13.140000343322754,1857900,0.0,0.0
2023-02-16 00:00:00-05:00,12.90999984741211,13.279999732971191,12.90999984741211,13.109999656677246,2171600,0.0,0.0
2023-02-17 00:00:00-05:00,12.90999984741211,12.930000305175781,12.520000457763672,12.569999694824219,2584100,0.0,0.0
2023-02-21 00:00:00-05:00,12.460000038146973,12.779999732971191,12.229999542236328,12.460000038146973,2842800,0.0,0.0
2023-02-22 00:00:00-05:00,12.5,12.729999542236328,12.260000228881836,12.680000305175781,3428300,0.0,0.0
2023-02-23 00:00:00-05:00,12.8100004196167,12.880000114440918,12.279999732971191,12.3100004196167,3142200,0.0,0.0
2023-02-24 00:00:00-05:00,12.140000343322754,12.1899995803833,11.880000114440918,12.039999961853027,3300700,0.0,0.0
2023-02-27 00:00:00-05:00,12.199999809265137,12.529999732971191,12.010000228881836,12.40999984741211,3755700,0.0,0.0
2023-02-28 00:00:00-05:00,12.40999984741211,12.84000015258789,12.020000457763672,12.779999732971191,3195700,0.0,0.0
2023-03-01 00:00:00-05:00,13.359999656677246,13.880000114440918,13.279999732971191,13.739999771118164,5479600,0.0,0.0
2023-03-02 00:00:00-05:00,13.5,13.899999618530273,13.329999923706055,13.869999885559082,2925000,0.0,0.0
2023-03-03 00:00:00-05:00,13.869999885559082,14.109999656677246,13.850000381469727,13.979999542236328,3699300,0.0,0.0
2023-03-06 00:00:00-05:00,14.0,14.079999923706055,13.579999923706055,13.640000343322754,2852200,0.0,0.0
2023-03-07 00:00:00-05:00,13.5600004196167,13.6899995803833,13.260000228881836,13.279999732971191,2675900,0.0,0.0
2023-03-08 00:00:00-05:00,13.579999923706055,13.649999618530273,13.15999984741211,13.40999984741211,2034700,0.0,0.0
2023-03-09 00:00:00-05:00,13.1899995803833,13.390000343322754,12.5,12.550000190734863,3797600,0.0,0.0
2023-03-10 00:00:00-05:00,12.3100004196167,12.729999542236328,12.279999732971191,12.40999984741211,2912000,0.0,0.0
2023-03-13 00:00:00-04:00,12.300000190734863,12.380000114440918,12.039999961853027,12.130000114440918,2289900,0.0,0.0
2023-03-14 00:00:00-04:00,12.149999618530273,12.5,12.109999656677246,12.239999771118164,2086600,0.0,0.0
2023-03-15 00:00:00-04:00,12.0,12.010000228881836,11.270000457763672,11.569999694824219,3515100,0.0,0.0
2023-03-16 00:00:00-04:00,11.319999694824219,11.789999961853027,11.319999694824219,11.640000343322754,2880900,0.0,0.0
2023-03-17 00:00:00-04:00,11.680000305175781,11.710000038146973,11.369999885559082,11.670000076293945,3398800,0.0,0.0
2023-03-20 00:00:00-04:00,11.460000038146973,12.029999732971191,11.4399995803833,11.890000343322754,2287100,0.0,0.0
2023-03-21 00:00:00-04:00,11.979999542236328,12.15999984741211,11.930000305175781,12.0,3472800,0.0,0.0
2023-03-22 00:00:00-04:00,12.1899995803833,12.1899995803833,11.699999809265137,11.710000038146973,2312300,0.0,0.0
2023-03-23 00:00:00-04:00,11.880000114440918,12.100000381469727,11.579999923706055,11.779999732971191,1976300,0.0,0.0
2023-03-24 00:00:00-04:00,11.539999961853027,12.1899995803833,11.520000457763672,12.020000457763672,3103200,0.0,0.0
2023-03-27 00:00:00-04:00,11.989999771118164,12.170000076293945,11.800000190734863,12.130000114440918,1953300,0.0,0.0
2023-03-28 00:00:00-04:00,12.199999809265137,12.529999732971191,12.130000114440918,12.489999771118164,2631800,0.0,0.0
2023-03-29 00:00:00-04:00,12.449999809265137,12.8100004196167,12.380000114440918,12.619999885559082,2534700,0.0,0.0
2023-03-30 00:00:00-04:00,12.789999961853027,12.84000015258789,12.319999694824219,12.380000114440918,1666100,0.0,0.0
2023-03-31 00:00:00-04:00,12.460000038146973,12.920000076293945,12.359999656677246,12.729999542236328,1470700,0.0,0.0
2023-04-03 00:00:00-04:00,13.3100004196167,13.550000190734863,12.90999984741211,12.949999809265137,4117900,0.0,0.0
2023-04-04 00:00:00-04:00,12.84000015258789,13.039999961853027,12.550000190734863,12.699999809265137,2455300,0.0,0.0
2023-04-05 00:00:00-04:00,12.600000381469727,12.680000305175781,12.229999542236328,12.380000114440918,1770100,0.0,0.0
2023-04-06 00:00:00-04:00,12.529999732971191,12.699999809265137,12.300000190734863,12.630000114440918,1754700,0.0,0.0
2023-04-10 00:00:00-04:00,12.470000267028809,13.050000190734863,12.470000267028809,12.850000381469727,3253600,0.0,0.0
2023-04-11 00:00:00-04:00,12.859999656677246,13.09000015258789,12.4399995803833,12.489999771118164,4108500,0.0,0.0
2023-04-12 00:00:00-04:00,12.479999542236328,12.800000190734863,12.479999542236328,12.569999694824219,3106000,0.0,0.0
2023-04-13 00:00:00-04:00,12.720000267028809,13.079999923706055,12.649999618530273,12.84000015258789,2628900,0.0,0.0
2023-04-14 00:00:00-04:00,12.84000015258789,12.899999618530273,12.550000190734863,12.84000015258789,1851400,0.0,0.0
2023-04-17 00:00:00-04:00,13.100000381469727,13.34000015258789,12.949999809265137,13.029999732971191,2562800,0.0,0.0
2023-04-18 00:00:00-04:00,13.149999618530273,13.359999656677246,13.09000015258789,13.34000015258789,2102100,0.0,0.0
2023-04-19 00:00:00-04:00,13.15999984741211,13.710000038146973,13.15999984741211,13.520000457763672,4407700,0.0,0.0
2023-04-20 00:00:00-04:00,14.039999961853027,14.460000038146973,13.789999961853027,13.880000114440918,4864800,0.0,0.0
2023-04-21 00:00:00-04:00,13.800000190734863,14.399999618530273,13.649999618530273,14.390000343322754,3098700,0.0,0.0
2023-04-24 00:00:00-04:00,14.229999542236328,14.359999656677246,13.829999923706055,13.859999656677246,2105500,0.0,0.0
2023-04-25 00:00:00-04:00,13.600000381469727,13.670000076293945,13.15999984741211,13.229999542236328,3971000,0.0,0.0
2023-04-26 00:00:00-04:00,13.359999656677246,13.380000114440918,12.890000343322754,12.920000076293945,2414700,0.0,0.0
2023-04-27 00:00:00-04:00,13.069999694824219,13.09000015258789,12.479999542236328,12.779999732971191,2400200,0.0,0.0
2023-04-28 00:00:00-04:00,12.699999809265137,13.760000228881836,12.609999656677246,13.640000343322754,3037400,0.0,0.0
2023-05-01 00:00:00-04:00,13.989999771118164,14.0,13.680000305175781,13.75,4304100,0.0,0.0
2023-05-02 00:00:00-04:00,13.6899995803833,13.739999771118164,13.289999961853027,13.420000076293945,2654200,0.0,0.0
2023-05-03 00:00:00-04:00,13.029999732971191,13.300000190734863,12.729999542236328,12.869999885559082,3864200,0.0,0.0
2023-05-04 00:00:00-04:00,12.739999771118164,12.920000076293945,12.59000015258789,12.729999542236328,2352100,0.0,0.0
2023-05-05 00:00:00-04:00,12.84000015258789,13.149999618530273,12.630000114440918,13.010000228881836,2617900,0.0,0.0
2023-05-08 00:00:00-04:00,12.800000190734863,12.890000343322754,12.399999618530273,12.710000038146973,4577100,0.0,0.0
2023-05-09 00:00:00-04:00,12.449999809265137,12.65999984741211,12.260000228881836,12.420000076293945,6648200,0.0,0.0
2023-05-10 00:00:00-04:00,12.140000343322754,12.449999809265137,11.220000267028809,11.640000343322754,7213600,0.0,0.0
2023-05-11 00:00:00-04:00,11.510000228881836,11.75,11.390000343322754,11.569999694824219,3265600,0.0,0.0
2023-05-12 00:00:00-04:00,11.420000076293945,11.5600004196167,11.149999618530273,11.1899995803833,3396000,0.0,0.0
2023-05-15 00:00:00-04:00,11.319999694824219,11.670000076293945,11.239999771118164,11.59000015258789,2806900,0.0,0.0
2023-05-16 00:00:00-04:00,11.449999809265137,11.579999923706055,11.25,11.300000190734863,2437000,0.0,0.0
2023-05-17 00:00:00-04:00,11.4399995803833,11.760000228881836,11.3100004196167,11.539999961853027,3188300,0.0,0.0
2023-05-18 00:00:00-04:00,11.529999732971191,11.640000343322754,11.220000267028809,11.4399995803833,3184800,0.0,0.0
2023-05-19 00:00:00-04:00,11.640000343322754,11.640000343322754,11.180000305175781,11.470000267028809,2895800,0.0,0.0
2023-05-22 00:00:00-04:00,11.550000190734863,11.869999885559082,11.359999656677246,11.40999984741211,2714200,0.0,0.0
2023-05-23 00:00:00-04:00,11.25,11.350000381469727,10.579999923706055,10.829999923706055,5189200,0.0,0.0
2023-05-24 00:00:00-04:00,10.520000457763672,11.279999732971191,10.300000190734863,11.25,5599600,0.0,0.0
2023-05-25 00:00:00-04:00,11.0600004196167,11.40999984741211,11.039999961853027,11.09000015258789,3051200,0.0,0.0
2023-05-26 00:00:00-04:00,11.220000267028809,11.220000267028809,11.010000228881836,11.079999923706055,1500300,0.0,0.0
2023-05-30 00:00:00-04:00,11.199999809265137,11.489999771118164,10.720000267028809,10.770000457763672,3092200,0.0,0.0
2023-05-31 00:00:00-04:00,10.75,11.0600004196167,10.489999771118164,11.050000190734863,3864500,0.0,0.0
2023-06-01 00:00:00-04:00,10.899999618530273,11.520000457763672,10.59000015258789,11.119999885559082,6985600,0.0,0.0
2023-06-02 00:00:00-04:00,11.399999618530273,11.84000015258789,11.329999923706055,11.649999618530273,3431700,0.0,0.0
2023-06-05 00:00:00-04:00,11.600000381469727,11.819999694824219,11.550000190734863,11.5600004196167,2396100,0.0,0.0
2023-06-06 00:00:00-04:00,11.5600004196167,11.920000076293945,11.539999961853027,11.819999694824219,1509000,0.0,0.0
2023-06-07 00:00:00-04:00,11.779999732971191,12.1899995803833,11.770000457763672,12.170000076293945,3339900,0.0,0.0
2023-06-08 00:00:00-04:00,12.15999984741211,12.359999656677246,12.029999732971191,12.239999771118164,1623900,0.0,0.0
2023-06-09 00:00:00-04:00,12.119999885559082,12.300000190734863,12.039999961853027,12.100000381469727,1000900,0.0,0.0
2023-06-12 00:00:00-04:00,12.260000228881836,12.3100004196167,12.109999656677246,12.180000305175781,2153600,0.0,0.0
2023-06-13 00:00:00-04:00,12.279999732971191,12.479999542236328,12.0,12.100000381469727,1249400,0.0,0.0
2023-06-14 00:00:00-04:00,12.029999732971191,12.350000381469727,12.029999732971191,12.3100004196167,1157400,0.0,0.0
2023-06-15 00:00:00-04:00,12.460000038146973,12.470000267028809,12.1899995803833,12.369999885559082,1108600,0.0,0.0
2023-06-16 00:00:00-04:00,12.380000114440918,12.65999984741211,12.34000015258789,12.520000457763672,2059400,0.0,0.0
2023-06-20 00:00:00-04:00,13.149999618530273,13.220000267028809,12.75,12.899999618530273,4003700,0.0,0.0
2023-06-21 00:00:00-04:00,12.720000267028809,13.170000076293945,12.720000267028809,13.09000015258789,2004800,0.0,0.0
2023-06-22 00:00:00-04:00,13.180000305175781,13.180000305175781,12.760000228881836,12.829999923706055,1485200,0.0,0.0
2023-06-23 00:00:00-04:00,12.539999961853027,12.949999809265137,12.4399995803833,12.859999656677246,2466900,0.0,0.0
2023-06-26 00:00:00-04:00,12.720000267028809,13.130000114440918,12.65999984741211,12.729999542236328,2061900,0.0,0.0
2023-06-27 00:00:00-04:00,12.59000015258789,12.75,12.479999542236328,12.670000076293945,2975600,0.0,0.0
2023-06-28 00:00:00-04:00,12.420000076293945,12.649999618530273,12.09000015258789,12.289999961853027,4061700,0.0,0.0
2023-06-29 00:00:00-04:00,12.279999732971191,12.319999694824219,12.0,12.199999809265137,2091000,0.0,0.0
2023-06-30 00:00:00-04:00,12.199999809265137,12.229999542236328,11.930000305175781,12.210000038146973,2226200,0.0,0.0
2023-07-03 00:00:00-04:00,12.40999984741211,12.84000015258789,12.40999984741211,12.699999809265137,1180900,0.0,0.0
2023-07-05 00:00:00-04:00,12.630000114440918,12.630000114440918,12.029999732971191,12.119999885559082,2112900,0.0,0.0
2023-07-06 00:00:00-04:00,12.0,12.0,11.479999542236328,11.59000015258789,2626600,0.0,0.0
2023-07-07 00:00:00-04:00,11.5,12.09000015258789,11.5,12.0,2241400,0.0,0.0
2023-07-10 00:00:00-04:00,12.0,12.649999618530273,11.979999542236328,12.640000343322754,1923500,0.0,0.0
2023-07-11 00:00:00-04:00,12.699999809265137,13.039999961853027,12.59000015258789,13.039999961853027,3304900,0.0,0.0
2023-07-12 00:00:00-04:00,13.239999771118164,13.720000267028809,13.220000267028809,13.470000267028809,4005000,0.0,0.0
2023-07-13 00:00:00-04:00,13.550000190734863,13.890000343322754,13.529999732971191,13.699999809265137,2477200,0.0,0.0
2023-07-14 00:00:00-04:00,13.609999656677246,13.859999656677246,13.529999732971191,13.770000457763672,1672400,0.0,0.0
2023-07-17 00:00:00-04:00,13.630000114440918,13.640000343322754,13.220000267028809,13.390000343322754,1785900,0.0,0.0
2023-07-18 00:00:00-04:00,13.279999732971191,13.359999656677246,12.850000381469727,13.0,3608800,0.0,0.0
2023-07-19 00:00:00-04:00,13.100000381469727,13.25,12.859999656677246,13.020000457763672,2838100,0.0,0.0
2023-07-20 00:00:00-04:00,12.800000190734863,13.289999961853027,12.739999771118164,12.960000038146973,1619700,0.0,0.0
2023-07-21 00:00:00-04:00,13.069999694824219,13.180000305175781,12.869999885559082,12.979999542236328,1674000,0.0,0.0
2023-07-24 00:00:00-04:00,12.869999885559082,13.270000457763672,12.680000305175781,12.859999656677246,18509600,0.0,0.0
2023-07-25 00:00:00-04:00,13.109999656677246,13.180000305175781,12.84000015258789,13.0600004196167,3249600,0.0,0.0
2023-07-26 00:00:00-04:00,12.970000267028809,13.140000343322754,12.930000305175781,13.069999694824219,2875500,0.0,0.0
2023-07-27 00:00:00-04:00,13.199999809265137,13.380000114440918,12.789999961853027,12.850000381469727,4566100,0.0,0.0
2023-07-28 00:00:00-04:00,13.079999923706055,13.5,13.029999732971191,13.449999809265137,3873600,0.0,0.0
2023-07-31 00:00:00-04:00,13.59000015258789,13.90999984741211,13.430000305175781,13.619999885559082,7879700,0.0,0.0
2023-08-01 00:00:00-04:00,12.770000457763672,13.880000114440918,12.649999618530273,13.170000076293945,6218200,0.0,0.0
2023-08-02 00:00:00-04:00,13.119999885559082,13.119999885559082,12.510000228881836,12.859999656677246,3828900,0.0,0.0
2023-08-03 00:00:00-04:00,12.989999771118164,13.220000267028809,12.729999542236328,12.729999542236328,1646400,0.0,0.0
2023-08-04 00:00:00-04:00,12.75,13.109999656677246,12.65999984741211,12.859999656677246,2067900,0.0,0.0
2023-08-07 00:00:00-04:00,13.050000190734863,13.109999656677246,12.779999732971191,13.050000190734863,2361900,0.0,0.0
2023-08-08 00:00:00-04:00,12.770000457763672,12.880000114440918,12.569999694824219,12.59000015258789,2190200,0.0,0.0
2023-08-09 00:00:00-04:00,12.770000457763672,12.770000457763672,12.420000076293945,12.619999885559082,1792400,0.0,0.0
2023-08-10 00:00:00-04:00,12.819999694824219,13.0600004196167,12.59000015258789,12.630000114440918,1446700,0.0,0.0
2023-08-11 00:00:00-04:00,12.380000114440918,12.399999618530273,11.920000076293945,12.0,2638900,0.0,0.0
2023-08-14 00:00:00-04:00,11.890000343322754,11.979999542236328,11.729999542236328,11.90999984741211,1851600,0.0,0.0
2023-08-15 00:00:00-04:00,11.640000343322754,11.770000457763672,11.210000038146973,11.239999771118164,3087900,0.0,0.0
2023-08-16 00:00:00-04:00,11.050000190734863,11.180000305175781,10.84000015258789,10.859999656677246,2945200,0.0,0.0
2023-08-17 00:00:00-04:00,11.069999694824219,11.069999694824219,10.710000038146973,10.770000457763672,2713000,0.0,0.0
2023-08-18 00:00:00-04:00,10.5,10.760000228881836,10.399999618530273,10.59000015258789,3277600,0.0,0.0
2023-08-21 00:00:00-04:00,10.59000015258789,10.710000038146973,10.449999809265137,10.550000190734863,1776800,0.0,0.0
2023-08-22 00:00:00-04:00,10.75,11.050000190734863,10.649999618530273,10.960000038146973,2628700,0.0,0.0
2023-08-23 00:00:00-04:00,10.960000038146973,11.15999984741211,10.890000343322754,11.079999923706055,1411400,0.0,0.0
2023-08-24 00:00:00-04:00,11.109999656677246,11.260000228881836,11.029999732971191,11.039999961853027,1116200,0.0,0.0
2023-08-25 00:00:00-04:00,10.960000038146973,11.100000381469727,10.760000228881836,10.979999542236328,2322800,0.0,0.0
2023-08-28 00:00:00-04:00,11.039999961853027,11.3100004196167,10.949999809265137,11.260000228881836,2437900,0.0,0.0
2023-08-29 00:00:00-04:00,11.300000190734863,11.40999984741211,11.149999618530273,11.15999984741211,1465700,0.0,0.0
2023-08-30 00:00:00-04:00,11.029999732971191,11.130000114440918,10.90999984741211,11.0,2859600,0.0,0.0
2023-08-31 00:00:00-04:00,10.90999984741211,11.289999961853027,10.8100004196167,11.220000267028809,3258200,0.0,0.0
2023-09-01 00:00:00-04:00,11.430000305175781,11.430000305175781,11.069999694824219,11.260000228881836,2766100,0.0,0.0
2023-09-05 00:00:00-04:00,11.09000015258789,11.100000381469727,10.449999809265137,10.859999656677246,4033200,0.0,0.0
2023-09-06 00:00:00-04:00,10.84000015258789,10.84000015258789,10.600000381469727,10.670000076293945,2211800,0.0,0.0
2023-09-07 00:00:00-04:00,10.510000228881836,10.539999961853027,10.1899995803833,10.239999771118164,4689200,0.0,0.0
2023-09-08 00:00:00-04:00,10.319999694824219,10.350000381469727,10.069999694824219,10.149999618530273,1185900,0.0,0.0
2023-09-11 00:00:00-04:00,10.239999771118164,10.390000343322754,10.15999984741211,10.260000228881836,1042800,0.0,0.0
2023-09-12 00:00:00-04:00,10.220000267028809,10.529999732971191,10.199999809265137,10.210000038146973,903200,0.0,0.0
2023-09-13 00:00:00-04:00,10.109999656677246,10.270000457763672,10.09000015258789,10.109999656677246,952200,0.0,0.0
2023-09-14 00:00:00-04:00,10.199999809265137,10.569999694824219,10.180000305175781,10.300000190734863,4703500,0.0,0.0
2023-09-15 00:00:00-04:00,10.399999618530273,10.430000305175781,10.239999771118164,10.40999984741211,2368900,0.0,0.0
2023-09-18 00:00:00-04:00,10.369999885559082,10.699999809265137,10.34000015258789,10.539999961853027,2582300,0.0,0.0
2023-09-19 00:00:00-04:00,10.449999809265137,10.529999732971191,10.09000015258789,10.229999542236328,1691600,0.0,0.0
2023-09-20 00:00:00-04:00,10.229999542236328,10.270000457763672,10.0600004196167,10.079999923706055,1394800,0.0,0.0
2023-09-21 00:00:00-04:00,10.020000457763672,10.09000015258789,9.619999885559082,9.619999885559082,2848000,0.0,0.0
2023-09-22 00:00:00-04:00,9.710000038146973,9.979999542236328,9.710000038146973,9.779999732971191,1676800,0.0,0.0
2023-09-25 00:00:00-04:00,9.550000190734863,9.630000114440918,9.479999542236328,9.520000457763672,1442100,0.0,0.0
2023-09-26 00:00:00-04:00,9.399999618530273,9.5,9.199999809265137,9.229999542236328,2109000,0.0,0.0
2023-09-27 00:00:00-04:00,9.229999542236328,9.470000267028809,9.069999694824219,9.430000305175781,1927000,0.0,0.0
2023-09-28 00:00:00-04:00,9.3100004196167,9.399999618530273,9.149999618530273,9.3100004196167,2796900,0.0,0.0
2023-09-29 00:00:00-04:00,9.489999771118164,10.100000381469727,9.460000038146973,9.890000343322754,3404400,0.0,0.0
2023-10-02 00:00:00-04:00,9.770000457763672,9.829999923706055,9.229999542236328,9.329999923706055,2853500,0.0,0.0
2023-10-03 00:00:00-04:00,9.170000076293945,9.350000381469727,9.109999656677246,9.130000114440918,1768000,0.0,0.0
2023-10-04 00:00:00-04:00,9.100000381469727,9.180000305175781,8.8100004196167,8.819999694824219,1948700,0.0,0.0
2023-10-05 00:00:00-04:00,8.800000190734863,8.850000381469727,8.619999885559082,8.8100004196167,1825400,0.0,0.0
2023-10-06 00:00:00-04:00,8.84000015258789,9.239999771118164,8.75,9.149999618530273,2643400,0.0,0.0
2023-10-09 00:00:00-04:00,9.449999809265137,9.479999542236328,9.050000190734863,9.180000305175781,1733700,0.0,0.0
2023-10-10 00:00:00-04:00,9.1899995803833,9.520000457763672,9.100000381469727,9.40999984741211,1912700,0.0,0.0
2023-10-11 00:00:00-04:00,9.390000343322754,9.529999732971191,9.260000228881836,9.279999732971191,1643600,0.0,0.0
2023-10-12 00:00:00-04:00,9.260000228881836,9.319999694824219,8.979999542236328,9.029999732971191,1464700,0.0,0.0
2023-10-13 00:00:00-04:00,8.989999771118164,9.010000228881836,8.779999732971191,8.789999961853027,1871600,0.0,0.0
2023-10-16 00:00:00-04:00,8.75,8.90999984741211,8.6899995803833,8.779999732971191,2208100,0.0,0.0
2023-10-17 00:00:00-04:00,8.65999984741211,8.699999809265137,8.229999542236328,8.239999771118164,4226900,0.0,0.0
2023-10-18 00:00:00-04:00,8.199999809265137,8.199999809265137,7.800000190734863,7.829999923706055,2671700,0.0,0.0
2023-10-19 00:00:00-04:00,8.1899995803833,8.1899995803833,7.860000133514404,8.029999732971191,3223700,0.0,0.0
2023-10-20 00:00:00-04:00,7.949999809265137,8.100000381469727,7.909999847412109,8.010000228881836,2175700,0.0,0.0
2023-10-23 00:00:00-04:00,8.039999961853027,8.430000305175781,7.989999771118164,8.260000228881836,1577700,0.0,0.0
2023-10-24 00:00:00-04:00,8.1899995803833,8.930000305175781,8.1899995803833,8.489999771118164,2987400,0.0,0.0
2023-10-25 00:00:00-04:00,8.399999618530273,8.550000190734863,8.199999809265137,8.220000267028809,1770400,0.0,0.0
2023-10-26 00:00:00-04:00,8.1899995803833,8.489999771118164,8.1899995803833,8.380000114440918,1483100,0.0,0.0
2023-10-27 00:00:00-04:00,8.479999542236328,8.479999542236328,8.1899995803833,8.390000343322754,1497100,0.0,0.0
2023-10-30 00:00:00-04:00,8.489999771118164,8.609999656677246,8.449999809265137,8.579999923706055,1590600,0.0,0.0
2023-10-31 00:00:00-04:00,8.470000267028809,8.489999771118164,8.239999771118164,8.4399995803833,2446900,0.0,0.0
2023-11-01 00:00:00-04:00,8.4399995803833,8.5600004196167,7.869999885559082,7.980000019073486,5253500,0.0,0.0
2023-11-02 00:00:00-04:00,8.109999656677246,8.3100004196167,8.039999961853027,8.050000190734863,2088300,0.0,0.0
2023-11-03 00:00:00-04:00,8.300000190734863,8.609999656677246,8.279999732971191,8.569999694824219,2742300,0.0,0.0
2023-11-06 00:00:00-05:00,8.6899995803833,9.069999694824219,8.680000305175781,8.90999984741211,4780400,0.0,0.0
2023-11-07 00:00:00-05:00,8.539999961853027,8.770000457763672,7.519999980926514,7.539999961853027,7943400,0.0,0.0
2023-11-08 00:00:00-05:00,7.75,7.880000114440918,7.449999809265137,7.860000133514404,4581900,0.0,0.0
2023-11-09 00:00:00-05:00,7.929999828338623,8.029999732971191,7.300000190734863,7.309999942779541,3110300,0.0,0.0
2023-11-10 00:00:00-05:00,7.139999866485596,7.230000019073486,6.869999885559082,7.150000095367432,5121100,0.0,0.0
2023-11-13 00:00:00-05:00,7.010000228881836,7.139999866485596,6.869999885559082,6.889999866485596,2467700,0.0,0.0
2023-11-14 00:00:00-05:00,7.059999942779541,7.380000114440918,7.019999980926514,7.260000228881836,5504200,0.0,0.0
2023-11-15 00:00:00-05:00,7.420000076293945,7.630000114440918,7.340000152587891,7.380000114440918,2658200,0.0,0.0
2023-11-16 00:00:00-05:00,7.25,7.340000152587891,7.039999961853027,7.090000152587891,1433500,0.0,0.0
2023-11-17 00:00:00-05:00,7.170000076293945,7.369999885559082,6.989999771118164,7.260000228881836,2381800,0.0,0.0
2023-11-20 00:00:00-05:00,7.349999904632568,7.760000228881836,7.260000228881836,7.380000114440918,3615300,0.0,0.0
2023-11-21 00:00:00-05:00,7.269999980926514,7.300000190734863,7.119999885559082,7.159999847412109,1340000,0.0,0.0
2023-11-22 00:00:00-05:00,7.150000095367432,7.320000171661377,7.150000095367432,7.300000190734863,3880800,0.0,0.0
2023-11-24 00:00:00-05:00,7.269999980926514,7.539999961853027,7.269999980926514,7.440000057220459,962900,0.0,0.0
2023-11-27 00:00:00-05:00,7.389999866485596,7.389999866485596,7.239999771118164,7.269999980926514,2390300,0.0,0.0
2023-11-28 00:00:00-05:00,7.25,7.369999885559082,7.230000019073486,7.239999771118164,3712400,0.0,0.0
2023-11-29 00:00:00-05:00,7.230000019073486,7.28000020980835,6.989999771118164,6.989999771118164,2710100,0.0,0.0
2023-11-30 00:00:00-05:00,6.980000019073486,7.090000152587891,6.800000190734863,6.980000019073486,3681700,0.0,0.0
2023-12-01 00:00:00-05:00,6.940000057220459,7.019999980926514,6.869999885559082,6.960000038146973,2458900,0.0,0.0
2023-12-04 00:00:00-05:00,7.0,7.360000133514404,6.960000038146973,7.159999847412109,4838300,0.0,0.0
2023-12-05 00:00:00-05:00,7.03000020980835,7.449999809265137,7.03000020980835,7.420000076293945,4369500,0.0,0.0
2023-12-06 00:00:00-05:00,7.550000190734863,7.909999847412109,7.489999771118164,7.699999809265137,5121900,0.0,0.0
2023-12-07 00:00:00-05:00,7.71999979019165,7.920000076293945,7.630000114440918,7.71999979019165,2633500,0.0,0.0
2023-12-08 00:00:00-05:00,7.71999979019165,7.860000133514404,7.590000152587891,7.829999923706055,1458800,0.0,0.0
2023-12-11 00:00:00-05:00,7.809999942779541,8.0600004196167,7.690000057220459,8.0,3827200,0.0,0.0
2023-12-12 00:00:00-05:00,8.039999961853027,8.039999961853027,7.699999809265137,7.980000019073486,3185300,0.0,0.0
2023-12-13 00:00:00-05:00,7.929999828338623,8.369999885559082,7.889999866485596,8.329999923706055,2805900,0.0,0.0
2023-12-14 00:00:00-05:00,8.34000015258789,8.739999771118164,8.1899995803833,8.640000343322754,4311600,0.0,0.0
2023-12-15 00:00:00-05:00,8.899999618530273,9.010000228881836,8.539999961853027,8.640000343322754,3457100,0.0,0.0
2023-12-18 00:00:00-05:00,8.619999885559082,8.75,8.520000457763672,8.640000343322754,2266800,0.0,0.0
2023-12-19 00:00:00-05:00,8.6899995803833,9.0,8.630000114440918,8.960000038146973,4028000,0.0,0.0
2023-12-20 00:00:00-05:00,9.0,9.0,8.529999732971191,8.609999656677246,2945400,0.0,0.0
2023-12-21 00:00:00-05:00,8.729999542236328,9.25,8.640000343322754,9.210000038146973,6239700,0.0,0.0
2023-12-22 00:00:00-05:00,9.039999961853027,9.069999694824219,8.710000038146973,8.779999732971191,7228900,0.0,0.0
2023-12-26 00:00:00-05:00,8.8100004196167,8.8100004196167,8.65999984741211,8.779999732971191,1529500,0.0,0.0
2023-12-27 00:00:00-05:00,8.8100004196167,8.869999885559082,8.609999656677246,8.630000114440918,2031000,0.0,0.0
2023-12-28 00:00:00-05:00,8.779999732971191,9.25,8.6899995803833,8.90999984741211,3595900,0.0,0.0
2023-12-29 00:00:00-05:00,8.84000015258789,8.979999542236328,8.819999694824219,8.869999885559082,2346700,0.0,0.0
2024-01-02 00:00:00-05:00,8.829999923706055,9.5600004196167,8.779999732971191,9.229999542236328,7784400,0.0,0.0
2024-01-03 00:00:00-05:00,9.100000381469727,9.260000228881836,8.970000267028809,9.180000305175781,1739700,0.0,0.0
2024-01-04 00:00:00-05:00,9.1899995803833,9.220000267028809,8.989999771118164,9.119999885559082,2137900,0.0,0.0
2024-01-05 00:00:00-05:00,9.0600004196167,9.220000267028809,8.930000305175781,9.029999732971191,1936000,0.0,0.0
2024-01-08 00:00:00-05:00,8.930000305175781,8.949999809265137,8.710000038146973,8.8100004196167,2232100,0.0,0.0
2024-01-09 00:00:00-05:00,8.760000228881836,8.800000190734863,8.550000190734863,8.609999656677246,2626800,0.0,0.0
2024-01-10 00:00:00-05:00,8.539999961853027,8.609999656677246,7.929999828338623,7.989999771118164,5877800,0.0,0.0
2024-01-11 00:00:00-05:00,8.069999694824219,8.369999885559082,8.050000190734863,8.359999656677246,3352400,0.0,0.0
2024-01-12 00:00:00-05:00,8.350000381469727,8.569999694824219,8.15999984741211,8.210000038146973,2107200,0.0,0.0
2024-01-16 00:00:00-05:00,8.09000015258789,8.15999984741211,7.980000019073486,8.069999694824219,2764200,0.0,0.0
2024-01-17 00:00:00-05:00,7.769999980926514,7.800000190734863,7.349999904632568,7.409999847412109,5580500,0.0,0.0
2024-01-18 00:00:00-05:00,7.519999980926514,7.880000114440918,7.519999980926514,7.820000171661377,2329300,0.0,0.0
2024-01-19 00:00:00-05:00,7.730000019073486,7.75,7.480000019073486,7.610000133514404,2091500,0.0,0.0
2024-01-22 00:00:00-05:00,7.400000095367432,7.550000190734863,7.25,7.269999980926514,5165200,0.0,0.0
2024-01-23 00:00:00-05:00,7.5,8.130000114440918,7.46999979019165,7.909999847412109,4870900,0.0,0.0
2024-01-24 00:00:00-05:00,8.149999618530273,8.630000114440918,8.140000343322754,8.40999984741211,4219900,0.0,0.0
2024-01-25 00:00:00-05:00,8.760000228881836,8.890000343322754,8.479999542236328,8.510000228881836,4232700,0.0,0.0
2024-01-26 00:00:00-05:00,8.5,8.550000190734863,8.3100004196167,8.4399995803833,1878700,0.0,0.0
2024-01-29 00:00:00-05:00,8.5,8.5,8.199999809265137,8.449999809265137,1353800,0.0,0.0
2024-01-30 00:00:00-05:00,8.25,8.300000190734863,7.909999847412109,7.960000038146973,2799000,0.0,0.0
2024-01-31 00:00:00-05:00,7.900000095367432,8.130000114440918,7.800000190734863,7.809999942779541,1843500,0.0,0.0
2024-02-01 00:00:00-05:00,8.050000190734863,8.350000381469727,7.96999979019165,8.140000343322754,1607800,0.0,0.0
2024-02-02 00:00:00-05:00,8.020000457763672,8.069999694824219,7.889999866485596,8.0,919800,0.0,0.0
2024-02-05 00:00:00-05:00,7.980000019073486,8.350000381469727,7.860000133514404,8.289999961853027,2044200,0.0,0.0
2024-02-06 00:00:00-05:00,8.510000228881836,8.890000343322754,8.40999984741211,8.760000228881836,2400600,0.0,0.0
2024-02-07 00:00:00-05:00,8.699999809265137,8.720000267028809,8.5,8.539999961853027,1548100,0.0,0.0
2024-02-08 00:00:00-05:00,8.630000114440918,9.140000343322754,8.630000114440918,8.770000457763672,2479300,0.0,0.0
2024-02-09 00:00:00-05:00,8.779999732971191,8.930000305175781,8.609999656677246,8.869999885559082,1579100,0.0,0.0
2024-02-12 00:00:00-05:00,8.930000305175781,9.229999542236328,8.829999923706055,9.199999809265137,2887900,0.0,0.0
2024-02-13 00:00:00-05:00,8.930000305175781,9.3100004196167,8.84000015258789,9.039999961853027,3434200,0.0,0.0
2024-02-14 00:00:00-05:00,9.279999732971191,9.390000343322754,9.100000381469727,9.180000305175781,2005900,0.0,0.0
2024-02-15 00:00:00-05:00,9.130000114440918,9.170000076293945,8.819999694824219,8.899999618530273,2113300,0.0,0.0
2024-02-16 00:00:00-05:00,9.170000076293945,9.239999771118164,8.8100004196167,8.829999923706055,4339300,0.0,0.0
2024-02-20 00:00:00-05:00,8.829999923706055,8.829999923706055,7.960000038146973,8.420000076293945,5382500,0.0,0.0
2024-02-21 00:00:00-05:00,8.539999961853027,8.539999961853027,8.3100004196167,8.350000381469727,1404200,0.0,0.0
2024-02-22 00:00:00-05:00,8.449999809265137,8.470000267028809,8.0600004196167,8.180000305175781,1741700,0.0,0.0
2024-02-23 00:00:00-05:00,8.180000305175781,8.859999656677246,8.140000343322754,8.59000015258789,3298000,0.0,0.0
2024-02-26 00:00:00-05:00,8.600000381469727,8.630000114440918,8.449999809265137,8.59000015258789,4940600,0.0,0.0
2024-02-27 00:00:00-05:00,8.609999656677246,8.649999618530273,8.270000457763672,8.329999923706055,4559400,0.0,0.0
2024-02-28 00:00:00-05:00,8.149999618530273,8.40999984741211,8.100000381469727,8.260000228881836,3812100,0.0,0.0
2024-02-29 00:00:00-05:00,8.15999984741211,8.239999771118164,7.210000038146973,7.730000019073486,9481600,0.0,0.0
2024-03-01 00:00:00-05:00,7.5,7.579999923706055,6.619999885559082,7.119999885559082,10202900,0.0,0.0
2024-03-04 00:00:00-05:00,7.199999809265137,7.53000020980835,7.03000020980835,7.329999923706055,3484700,0.0,0.0
2024-03-05 00:00:00-05:00,7.289999961853027,7.46999979019165,7.199999809265137,7.309999942779541,3994600,0.0,0.0
2024-03-06 00:00:00-05:00,7.429999828338623,7.610000133514404,7.369999885559082,7.389999866485596,2962300,0.0,0.0
2024-03-07 00:00:00-05:00,7.289999961853027,7.53000020980835,7.289999961853027,7.510000228881836,1797500,0.0,0.0
2024-03-08 00:00:00-05:00,7.5,7.550000190734863,7.300000190734863,7.300000190734863,1330400,0.0,0.0
2024-03-11 00:00:00-04:00,7.420000076293945,7.46999979019165,7.289999961853027,7.300000190734863,2577900,0.0,0.0
2024-03-12 00:00:00-04:00,7.489999771118164,7.650000095367432,7.360000133514404,7.5,3280900,0.0,0.0
2024-03-13 00:00:00-04:00,7.409999847412109,7.659999847412109,7.409999847412109,7.550000190734863,1723200,0.0,0.0
2024-03-14 00:00:00-04:00,7.519999980926514,7.519999980926514,7.159999847412109,7.300000190734863,5931400,0.0,0.0
2024-03-15 00:00:00-04:00,7.320000171661377,7.400000095367432,7.190000057220459,7.199999809265137,1951800,0.0,0.0
2024-03-18 00:00:00-04:00,7.300000190734863,7.300000190734863,7.099999904632568,7.110000133514404,1888800,0.0,0.0
2024-03-19 00:00:00-04:00,7.079999923706055,7.159999847412109,6.940000057220459,7.139999866485596,2314700,0.0,0.0
2024-03-20 00:00:00-04:00,7.019999980926514,7.119999885559082,6.980000019073486,7.099999904632568,2962100,0.0,0.0
2024-03-21 00:00:00-04:00,7.170000076293945,7.179999828338623,6.920000076293945,6.980000019073486,2669600,0.0,0.0
2024-03-22 00:00:00-04:00,6.949999809265137,7.059999942779541,6.889999866485596,6.900000095367432,1348700,0.0,0.0
2024-03-25 00:00:00-04:00,6.849999904632568,7.010000228881836,6.820000171661377,6.840000152587891,1356700,0.0,0.0
2024-03-26 00:00:00-04:00,6.909999847412109,7.110000133514404,6.840000152587891,7.090000152587891,2097900,0.0,0.0
2024-03-27 00:00:00-04:00,7.039999961853027,7.179999828338623,7.019999980926514,7.179999828338623,1135800,0.0,0.0
2024-03-28 00:00:00-04:00,7.300000190734863,7.360000133514404,7.170000076293945,7.210000038146973,1719000,0.0,0.0
2024-04-01 00:00:00-04:00,7.300000190734863,7.610000133514404,7.28000020980835,7.440000057220459,5834700,0.0,0.0
2024-04-02 00:00:00-04:00,7.349999904632568,7.449999809265137,7.230000019073486,7.340000152587891,1892000,0.0,0.0
2024-04-03 00:00:00-04:00,7.210000038146973,7.590000152587891,7.210000038146973,7.559999942779541,2689400,0.0,0.0
2024-04-04 00:00:00-04:00,7.619999885559082,7.679999828338623,7.21999979019165,7.21999979019165,1323100,0.0,0.0
2024-04-05 00:00:00-04:00,7.230000019073486,7.300000190734863,7.059999942779541,7.090000152587891,2008800,0.0,0.0
2024-04-08 00:00:00-04:00,7.059999942779541,7.150000095367432,6.960000038146973,7.090000152587891,2033900,0.0,0.0
2024-04-09 00:00:00-04:00,7.309999942779541,7.340000152587891,7.199999809265137,7.329999923706055,2056300,0.0,0.0
2024-04-10 00:00:00-04:00,7.269999980926514,7.320000171661377,7.159999847412109,7.230000019073486,2742200,0.0,0.0
2024-04-11 00:00:00-04:00,7.190000057220459,7.340000152587891,7.190000057220459,7.269999980926514,1399600,0.0,0.0
2024-04-12 00:00:00-04:00,7.25,7.25,6.949999809265137,6.949999809265137,3458600,0.0,0.0
2024-04-15 00:00:00-04:00,7.059999942779541,7.170000076293945,6.869999885559082,6.949999809265137,2611400,0.0,0.0
2024-04-16 00:00:00-04:00,6.829999923706055,6.909999847412109,6.769999980926514,6.889999866485596,2128200,0.0,0.0
2024-04-17 00:00:00-04:00,6.869999885559082,6.889999866485596,6.300000190734863,6.400000095367432,8385800,0.0,0.0
2024-04-18 00:00:00-04:00,6.440000057220459,6.449999809265137,6.179999828338623,6.230000019073486,4145100,0.0,0.0
2024-04-19 00:00:00-04:00,6.199999809265137,6.28000020980835,6.099999904632568,6.150000095367432,2533600,0.0,0.0
2024-04-22 00:00:00-04:00,6.199999809265137,6.300000190734863,6.110000133514404,6.170000076293945,3322800,0.0,0.0
2024-04-23 00:00:00-04:00,6.199999809265137,6.329999923706055,6.179999828338623,6.199999809265137,2935300,0.0,0.0
2024-04-24 00:00:00-04:00,6.199999809265137,6.309999942779541,6.110000133514404,6.269999980926514,4117300,0.0,0.0
2024-04-25 00:00:00-04:00,6.21999979019165,6.389999866485596,6.179999828338623,6.309999942779541,2504100,0.0,0.0
2024-04-26 00:00:00-04:00,6.340000152587891,6.53000020980835,6.289999961853027,6.340000152587891,2884400,0.0,0.0
2024-04-29 00:00:00-04:00,6.550000190734863,6.710000038146973,6.510000228881836,6.579999923706055,7100800,0.0,0.0
2024-04-30 00:00:00-04:00,6.96999979019165,7.170000076293945,6.539999961853027,6.539999961853027,7959800,0.0,0.0
2024-05-01 00:00:00-04:00,6.579999923706055,6.78000020980835,6.460000038146973,6.590000152587891,5931100,0.0,0.0
2024-05-02 00:00:00-04:00,6.900000095367432,7.269999980926514,6.829999923706055,7.150000095367432,9824000,0.0,0.0
2024-05-03 00:00:00-04:00,7.170000076293945,7.320000171661377,7.110000133514404,7.239999771118164,3825200,0.0,0.0
2024-05-06 00:00:00-04:00,7.5,7.53000020980835,7.340000152587891,7.369999885559082,3881100,0.0,0.0
2024-05-07 00:00:00-04:00,7.340000152587891,7.730000019073486,7.300000190734863,7.670000076293945,10490400,0.0,0.0
2024-05-08 00:00:00-04:00,7.53000020980835,7.860000133514404,7.510000228881836,7.840000152587891,6870200,0.0,0.0
2024-05-09 00:00:00-04:00,7.940000057220459,8.210000038146973,7.860000133514404,8.020000457763672,5005100,0.0,0.0
2024-05-10 00:00:00-04:00,8.09000015258789,8.100000381469727,7.710000038146973,7.849999904632568,3108600,0.0,0.0
2024-05-13 00:00:00-04:00,8.020000457763672,8.329999923706055,8.010000228881836,8.279999732971191,3388800,0.0,0.0
2024-05-14 00:00:00-04:00,8.199999809265137,8.300000190734863,8.109999656677246,8.25,3326100,0.0,0.0
2024-05-15 00:00:00-04:00,8.260000228881836,8.289999961853027,8.140000343322754,8.220000267028809,1937400,0.0,0.0
2024-05-16 00:00:00-04:00,8.239999771118164,8.619999885559082,8.210000038146973,8.5600004196167,2437300,0.0,0.0
2024-05-17 00:00:00-04:00,8.569999694824219,8.800000190734863,8.520000457763672,8.579999923706055,3966600,0.0,0.0
2024-05-20 00:00:00-04:00,8.619999885559082,8.899999618530273,8.569999694824219,8.850000381469727,5879300,0.0,0.0
2024-05-21 00:00:00-04:00,8.640000343322754,8.789999961853027,8.640000343322754,8.699999809265137,4714800,0.0,0.0
2024-05-22 00:00:00-04:00,8.760000228881836,8.84000015258789,8.59000015258789,8.59000015258789,2950600,0.0,0.0
2024-05-23 00:00:00-04:00,8.539999961853027,8.609999656677246,8.170000076293945,8.220000267028809,2309100,0.0,0.0
2024-05-24 00:00:00-04:00,8.1899995803833,8.239999771118164,7.960000038146973,7.980000019073486,3291200,0.0,0.0
2024-05-28 00:00:00-04:00,8.029999732971191,8.079999923706055,7.71999979019165,7.739999771118164,2120600,0.0,0.0
2024-05-29 00:00:00-04:00,8.020000457763672,8.0600004196167,7.829999923706055,8.039999961853027,2390300,0.0,0.0
2024-05-30 00:00:00-04:00,8.029999732971191,8.109999656677246,7.900000095367432,8.0600004196167,2501600,0.0,0.0
2024-05-31 00:00:00-04:00,8.039999961853027,8.100000381469727,7.769999980926514,7.840000152587891,4486300,0.0,0.0
2024-06-03 00:00:00-04:00,8.079999923706055,8.180000305175781,7.849999904632568,8.15999984741211,4017600,0.0,0.0
2024-06-04 00:00:00-04:00,8.020000457763672,8.270000457763672,8.010000228881836,8.239999771118164,3353000,0.0,0.0
2024-06-05 00:00:00-04:00,8.3100004196167,8.3100004196167,8.010000228881836,8.100000381469727,2980900,0.0,0.0
2024-06-06 00:00:00-04:00,8.15999984741211,8.260000228881836,8.050000190734863,8.119999885559082,1243200,0.0,0.0
2024-06-07 00:00:00-04:00,8.050000190734863,8.25,8.050000190734863,8.050000190734863,1104600,0.0,0.0
2024-06-10 00:00:00-04:00,7.980000019073486,8.119999885559082,7.940000057220459,8.109999656677246,1460200,0.0,0.0
2024-06-11 00:00:00-04:00,8.0600004196167,8.079999923706055,7.820000171661377,7.880000114440918,3256200,0.0,0.0
2024-06-12 00:00:00-04:00,7.900000095367432,7.980000019073486,7.769999980926514,7.849999904632568,2865200,0.0,0.0
2024-06-13 00:00:00-04:00,7.829999923706055,8.1899995803833,7.809999942779541,8.050000190734863,3238800,0.0,0.0
2024-06-14 00:00:00-04:00,7.96999979019165,7.96999979019165,7.650000095367432,7.78000020980835,1666400,0.0,0.0
2024-06-17 00:00:00-04:00,7.75,7.880000114440918,7.570000171661377,7.840000152587891,1602500,0.0,0.0
2024-06-18 00:00:00-04:00,7.730000019073486,7.840000152587891,7.599999904632568,7.710000038146973,877700,0.0,0.0
2024-06-20 00:00:00-04:00,7.639999866485596,7.869999885559082,7.639999866485596,7.809999942779541,1119600,0.0,0.0
2024-06-21 00:00:00-04:00,7.739999771118164,7.989999771118164,7.690000057220459,7.940000057220459,1339100,0.0,0.0
2024-06-24 00:00:00-04:00,7.900000095367432,8.0,7.829999923706055,7.980000019073486,889000,0.0,0.0
2024-06-25 00:00:00-04:00,7.949999809265137,8.0,7.869999885559082,7.900000095367432,907800,0.0,0.0
2024-06-26 00:00:00-04:00,7.889999866485596,8.15999984741211,7.849999904632568,7.920000076293945,2125100,0.0,0.0
2024-06-27 00:00:00-04:00,7.860000133514404,7.860000133514404,7.5,7.650000095367432,1919800,0.0,0.0
2024-06-28 00:00:00-04:00,7.639999866485596,7.659999847412109,7.460000038146973,7.460000038146973,1338800,0.0,0.0
2024-07-01 00:00:00-04:00,7.53000020980835,7.53000020980835,6.920000076293945,7.019999980926514,3144100,0.0,0.0
2024-07-02 00:00:00-04:00,7.050000190734863,7.099999904632568,6.920000076293945,6.989999771118164,1330800,0.0,0.0
2024-07-03 00:00:00-04:00,7.059999942779541,7.25,7.039999961853027,7.230000019073486,825900,0.0,0.0
2024-07-05 00:00:00-04:00,7.150000095367432,7.25,7.059999942779541,7.119999885559082,925900,0.0,0.0
2024-07-08 00:00:00-04:00,7.130000114440918,7.150000095367432,6.610000133514404,6.639999866485596,3198800,0.0,0.0
2024-07-09 00:00:00-04:00,6.679999828338623,6.880000114440918,6.630000114440918,6.78000020980835,2077500,0.0,0.0
2024-07-10 00:00:00-04:00,6.78000020980835,6.789999961853027,6.449999809265137,6.5,2681100,0.0,0.0
2024-07-11 00:00:00-04:00,6.630000114440918,6.820000171661377,6.610000133514404,6.679999828338623,1464600,0.0,0.0
2024-07-12 00:00:00-04:00,6.739999771118164,6.75,6.46999979019165,6.639999866485596,3147800,0.0,0.0
2024-07-15 00:00:00-04:00,6.639999866485596,6.639999866485596,6.440000057220459,6.460000038146973,1246000,0.0,0.0
2024-07-16 00:00:00-04:00,6.449999809265137,6.650000095367432,6.420000076293945,6.650000095367432,2239500,0.0,0.0
2024-07-17 00:00:00-04:00,6.539999961853027,6.690000057220459,6.349999904632568,6.489999771118164,4336400,0.0,0.0
2024-07-18 00:00:00-04:00,6.349999904632568,6.420000076293945,6.050000190734863,6.050000190734863,4545600,0.0,0.0
2024-07-19 00:00:00-04:00,6.099999904632568,6.199999809265137,6.0,6.170000076293945,1932800,0.0,0.0
2024-07-22 00:00:00-04:00,6.210000038146973,6.21999979019165,6.050000190734863,6.130000114440918,2342000,0.0,0.0
2024-07-23 00:00:00-04:00,6.070000171661377,6.210000038146973,6.03000020980835,6.079999923706055,2568700,0.0,0.0
2024-07-24 00:00:00-04:00,6.070000171661377,6.090000152587891,5.789999961853027,5.809999942779541,2802500,0.0,0.0
2024-07-25 00:00:00-04:00,5.75,5.909999847412109,5.670000076293945,5.829999923706055,2019800,0.0,0.0
2024-07-26 00:00:00-04:00,5.940000057220459,5.940000057220459,5.739999771118164,5.869999885559082,1595800,0.0,0.0
2024-07-29 00:00:00-04:00,5.920000076293945,5.940000057220459,5.789999961853027,5.820000171661377,1541000,0.0,0.0
2024-07-30 00:00:00-04:00,5.800000190734863,5.980000019073486,5.71999979019165,5.75,1703500,0.0,0.0
2024-07-31 00:00:00-04:00,5.849999904632568,6.019999980926514,5.679999828338623,5.710000038146973,3818000,0.0,0.0
2024-08-01 00:00:00-04:00,5.710000038146973,5.710000038146973,5.139999866485596,5.300000190734863,7670700,0.0,0.0
2024-08-02 00:00:00-04:00,5.300000190734863,5.300000190734863,5.070000171661377,5.150000095367432,5646600,0.0,0.0
2024-08-05 00:00:00-04:00,4.78000020980835,5.420000076293945,4.78000020980835,5.320000171661377,4729600,0.0,0.0
2024-08-06 00:00:00-04:00,5.320000171661377,5.559999942779541,5.309999942779541,5.460000038146973,4181600,0.0,0.0
2024-08-07 00:00:00-04:00,5.53000020980835,5.619999885559082,5.420000076293945,5.46999979019165,3724100,0.0,0.0
2024-08-08 00:00:00-04:00,5.480000019073486,5.730000019073486,5.480000019073486,5.650000095367432,3611500,0.0,0.0
2024-08-09 00:00:00-04:00,5.630000114440918,5.690000057220459,5.489999771118164,5.570000171661377,2366000,0.0,0.0
2024-08-12 00:00:00-04:00,5.53000020980835,5.579999923706055,5.349999904632568,5.389999866485596,4137500,0.0,0.0
2024-08-13 00:00:00-04:00,5.420000076293945,5.440000057220459,5.110000133514404,5.170000076293945,7458900,0.0,0.0
2024-08-14 00:00:00-04:00,5.269999980926514,5.449999809265137,4.949999809265137,5.139999866485596,13958500,0.0,0.0
2024-08-15 00:00:00-04:00,5.210000038146973,5.230000019073486,4.949999809265137,5.179999828338623,15128100,0.0,0.0
2024-08-16 00:00:00-04:00,5.210000038146973,5.480000019073486,5.139999866485596,5.199999809265137,9392700,0.0,0.0
2024-08-19 00:00:00-04:00,5.239999771118164,5.610000133514404,5.21999979019165,5.550000190734863,8055900,0.0,0.0
2024-08-20 00:00:00-04:00,5.5,5.570000171661377,5.389999866485596,5.5,3067300,0.0,0.0
2024-08-21 00:00:00-04:00,5.5,5.730000019073486,5.46999979019165,5.639999866485596,2709400,0.0,0.0
2024-08-22 00:00:00-04:00,5.690000057220459,5.710000038146973,5.559999942779541,5.590000152587891,1966000,0.0,0.0
2024-08-23 00:00:00-04:00,5.610000133514404,5.610000133514404,5.429999828338623,5.510000228881836,3061800,0.0,0.0
2024-08-26 00:00:00-04:00,5.489999771118164,5.539999961853027,5.449999809265137,5.46999979019165,1546500,0.0,0.0
2024-08-27 00:00:00-04:00,5.489999771118164,5.489999771118164,5.340000152587891,5.409999847412109,1825500,0.0,0.0
2024-08-28 00:00:00-04:00,5.340000152587891,5.340000152587891,5.050000190734863,5.079999923706055,2861200,0.0,0.0
2024-08-29 00:00:00-04:00,5.090000152587891,5.239999771118164,5.070000171661377,5.090000152587891,1808000,0.0,0.0
2024-08-30 00:00:00-04:00,5.099999904632568,5.150000095367432,5.03000020980835,5.070000171661377,2028500,0.0,0.0
2024-09-03 00:00:00-04:00,5.070000171661377,5.170000076293945,5.03000020980835,5.050000190734863,1994200,0.0,0.0
2024-09-04 00:00:00-04:00,5.019999980926514,5.510000228881836,5.019999980926514,5.340000152587891,3218400,0.0,0.0
2024-09-05 00:00:00-04:00,5.409999847412109,5.510000228881836,5.349999904632568,5.480000019073486,2717700,0.0,0.0
2024-09-06 00:00:00-04:00,5.489999771118164,5.710000038146973,5.340000152587891,5.369999885559082,5741900,0.0,0.0
2024-09-09 00:00:00-04:00,5.320000171661377,5.429999828338623,5.269999980926514,5.340000152587891,2505500,0.0,0.0
2024-09-10 00:00:00-04:00,5.360000133514404,5.380000114440918,5.170000076293945,5.329999923706055,2404200,0.0,0.0
2024-09-11 00:00:00-04:00,5.389999866485596,5.550000190734863,5.300000190734863,5.489999771118164,3161700,0.0,0.0
2024-09-12 00:00:00-04:00,5.539999961853027,5.579999923706055,5.400000095367432,5.53000020980835,2923000,0.0,0.0
2024-09-13 00:00:00-04:00,5.53000020980835,5.769999980926514,5.519999980926514,5.710000038146973,4297000,0.0,0.0
2024-09-16 00:00:00-04:00,5.710000038146973,5.769999980926514,5.599999904632568,5.610000133514404,2050200,0.0,0.0
2024-09-17 00:00:00-04:00,5.650000095367432,5.760000228881836,5.550000190734863,5.690000057220459,3516900,0.0,0.0
2024-09-18 00:00:00-04:00,5.690000057220459,5.760000228881836,5.599999904632568,5.639999866485596,1788200,0.0,0.0
2024-09-19 00:00:00-04:00,5.760000228881836,5.960000038146973,5.71999979019165,5.849999904632568,2823500,0.0,0.0
2024-09-20 00:00:00-04:00,5.849999904632568,6.019999980926514,5.789999961853027,5.96999979019165,3904300,0.0,0.0
2024-09-23 00:00:00-04:00,6.039999961853027,6.079999923706055,5.96999979019165,6.0,2828700,0.0,0.0
2024-09-24 00:00:00-04:00,6.480000019073486,6.619999885559082,6.260000228881836,6.539999961853027,6315900,0.0,0.0
2024-09-25 00:00:00-04:00,6.429999828338623,6.639999866485596,6.329999923706055,6.53000020980835,3422200,0.0,0.0
2024-09-26 00:00:00-04:00,7.199999809265137,7.639999866485596,7.190000057220459,7.570000171661377,12284000,0.0,0.0
2024-09-27 00:00:00-04:00,7.849999904632568,7.909999847412109,7.5,7.699999809265137,6669100,0.0,0.0
2024-09-30 00:00:00-04:00,7.949999809265137,8.010000228881836,7.690000057220459,7.789999961853027,5255700,0.0,0.0
2024-10-01 00:00:00-04:00,7.840000152587891,8.210000038146973,7.789999961853027,8.170000076293945,3773600,0.0,0.0
2024-10-02 00:00:00-04:00,8.479999542236328,8.619999885559082,8.020000457763672,8.0600004196167,6036200,0.0,0.0
2024-10-03 00:00:00-04:00,7.800000190734863,8.020000457763672,7.690000057220459,7.989999771118164,2442500,0.0,0.0
2024-10-04 00:00:00-04:00,8.149999618530273,8.210000038146973,8.010000228881836,8.170000076293945,1665600,0.0,0.0
2024-10-07 00:00:00-04:00,8.569999694824219,8.899999618530273,8.319999694824219,8.479999542236328,4177100,0.0,0.0
2024-10-08 00:00:00-04:00,7.699999809265137,8.069999694824219,7.5,8.010000228881836,5598300,0.0,0.0
2024-10-09 00:00:00-04:00,7.760000228881836,8.039999961853027,7.75,7.909999847412109,3835700,0.0,0.0
2024-10-10 00:00:00-04:00,7.900000095367432,7.96999979019165,7.820000171661377,7.849999904632568,2279100,0.0,0.0
2024-10-11 00:00:00-04:00,7.789999961853027,8.079999923706055,7.769999980926514,7.889999866485596,2645500,0.0,0.0
2024-10-14 00:00:00-04:00,7.480000019073486,7.860000133514404,7.449999809265137,7.710000038146973,3158800,0.0,0.0
2024-10-15 00:00:00-04:00,7.710000038146973,7.760000228881836,7.329999923706055,7.380000114440918,3277800,0.0,0.0
2024-10-16 00:00:00-04:00,7.460000038146973,7.579999923706055,7.429999828338623,7.5,1628500,0.0,0.0
2024-10-17 00:00:00-04:00,7.360000133514404,7.429999828338623,7.03000020980835,7.039999961853027,2942000,0.0,0.0
2024-10-18 00:00:00-04:00,7.309999942779541,7.360000133514404,7.090000152587891,7.130000114440918,2173300,0.0,0.0
2024-10-21 00:00:00-04:00,7.0,7.050000190734863,6.829999923706055,6.949999809265137,2842000,0.0,0.0
2024-10-22 00:00:00-04:00,6.960000038146973,6.989999771118164,6.849999904632568,6.900000095367432,1567000,0.0,0.0
2024-10-23 00:00:00-04:00,6.889999866485596,6.940000057220459,6.659999847412109,6.659999847412109,1673000,0.0,0.0
2024-10-24 00:00:00-04:00,6.730000019073486,6.820000171661377,6.619999885559082,6.679999828338623,2138100,0.0,0.0
2024-10-25 00:00:00-04:00,6.679999828338623,6.869999885559082,6.639999866485596,6.730000019073486,1746400,0.0,0.0
2024-10-28 00:00:00-04:00,6.789999961853027,7.079999923706055,6.789999961853027,6.989999771118164,1704600,0.0,0.0
2024-10-29 00:00:00-04:00,7.03000020980835,7.150000095367432,6.949999809265137,6.949999809265137,1816200,0.0,0.0
2024-10-30 00:00:00-04:00,6.840000152587891,6.909999847412109,6.820000171661377,6.849999904632568,1137300,0.0,0.0
2024-10-31 00:00:00-04:00,6.809999942779541,6.809999942779541,6.559999942779541,6.71999979019165,3234000,0.0,0.0
2024-11-01 00:00:00-04:00,6.869999885559082,6.889999866485596,6.679999828338623,6.71999979019165,1873400,0.0,0.0
2024-11-04 00:00:00-05:00,6.690000057220459,6.889999866485596,6.5,6.570000171661377,3819900,0.0,0.0
2024-11-05 00:00:00-05:00,6.690000057220459,6.920000076293945,6.510000228881836,6.739999771118164,3276700,0.0,0.0
2024-11-06 00:00:00-05:00,6.659999847412109,6.820000171661377,6.400000095367432,6.769999980926514,4326400,0.0,0.0
2024-11-07 00:00:00-05:00,6.980000019073486,7.289999961853027,6.920000076293945,7.119999885559082,5064300,0.0,0.0
2024-11-08 00:00:00-05:00,6.840000152587891,6.980000019073486,6.75,6.829999923706055,4348200,0.0,0.0
2024-11-11 00:00:00-05:00,6.829999923706055,6.889999866485596,6.610000133514404,6.75,2223900,0.0,0.0
2024-11-12 00:00:00-05:00,6.579999923706055,6.679999828338623,6.28000020980835,6.289999961853027,3425900,0.0,0.0
2024-11-13 00:00:00-05:00,6.269999980926514,6.300000190734863,6.130000114440918,6.150000095367432,4356400,0.0,0.0
2024-11-14 00:00:00-05:00,6.150000095367432,6.329999923706055,6.139999866485596,6.179999828338623,5682600,0.0,0.0
2024-11-15 00:00:00-05:00,6.139999866485596,6.179999828338623,6.039999961853027,6.119999885559082,1705900,0.0,0.0
2024-11-18 00:00:00-05:00,6.110000133514404,6.170000076293945,5.940000057220459,6.0,8263200,0.0,0.0
2024-11-19 00:00:00-05:00,5.929999828338623,6.050000190734863,5.909999847412109,5.980000019073486,3845200,0.0,0.0
2024-11-20 00:00:00-05:00,6.019999980926514,6.170000076293945,6.0,6.050000190734863,4083000,0.0,0.0
2024-11-21 00:00:00-05:00,6.0,6.070000171661377,5.909999847412109,6.059999942779541,2012700,0.0,0.0
2024-11-22 00:00:00-05:00,6.0,6.110000133514404,5.929999828338623,5.949999809265137,3127000,0.0,0.0
2024-11-25 00:00:00-05:00,5.949999809265137,6.230000019073486,5.909999847412109,6.070000171661377,3110100,0.0,0.0
2024-11-26 00:00:00-05:00,6.099999904632568,6.099999904632568,5.949999809265137,5.980000019073486,2314800,0.0,0.0
2024-11-27 00:00:00-05:00,6.050000190734863,6.300000190734863,6.050000190734863,6.199999809265137,2734600,0.0,0.0
2024-11-29 00:00:00-05:00,6.21999979019165,6.489999771118164,6.199999809265137,6.420000076293945,3327500,0.0,0.0
2024-12-02 00:00:00-05:00,6.519999980926514,6.75,6.5,6.559999942779541,6336700,0.0,0.0
2024-12-03 00:00:00-05:00,6.619999885559082,6.630000114440918,6.409999847412109,6.480000019073486,2373800,0.0,0.0
2024-12-04 00:00:00-05:00,6.460000038146973,6.599999904632568,6.460000038146973,6.5,3241600,0.0,0.0
2024-12-05 00:00:00-05:00,6.550000190734863,6.699999809265137,6.489999771118164,6.489999771118164,3526100,0.0,0.0
2024-12-06 00:00:00-05:00,6.570000171661377,6.710000038146973,6.489999771118164,6.559999942779541,5738300,0.0,0.0
2024-12-09 00:00:00-05:00,6.840000152587891,7.300000190734863,6.78000020980835,7.059999942779541,6149600,0.0,0.0
2024-12-10 00:00:00-05:00,6.820000171661377,7.059999942779541,6.71999979019165,6.920000076293945,2561600,0.0,0.0
2024-12-11 00:00:00-05:00,6.889999866485596,7.010000228881836,6.760000228881836,6.960000038146973,2529900,0.0,0.0
2024-12-12 00:00:00-05:00,6.96999979019165,7.099999904632568,6.860000133514404,6.909999847412109,3240900,0.0,0.0
2024-12-13 00:00:00-05:00,6.829999923706055,6.900000095367432,6.670000076293945,6.760000228881836,2514400,0.0,0.0
2024-12-16 00:00:00-05:00,6.630000114440918,6.78000020980835,6.440000057220459,6.449999809265137,2292200,0.0,0.0
2024-12-17 00:00:00-05:00,6.260000228881836,6.46999979019165,6.260000228881836,6.340000152587891,3192500,0.0,0.0
2024-12-18 00:00:00-05:00,6.440000057220459,6.440000057220459,6.130000114440918,6.179999828338623,6960100,0.0,0.0
2024-12-19 00:00:00-05:00,6.239999771118164,6.289999961853027,6.079999923706055,6.210000038146973,4731600,0.0,0.0
2024-12-20 00:00:00-05:00,6.150000095367432,6.239999771118164,6.079999923706055,6.150000095367432,2771300,0.0,0.0
2024-12-23 00:00:00-05:00,6.150000095367432,6.199999809265137,6.019999980926514,6.179999828338623,1618300,0.0,0.0
2024-12-24 00:00:00-05:00,6.199999809265137,6.199999809265137,5.96999979019165,5.980000019073486,2186000,0.0,0.0
2024-12-26 00:00:00-05:00,5.96999979019165,6.010000228881836,5.889999866485596,5.920000076293945,2301800,0.0,0.0
2024-12-27 00:00:00-05:00,5.880000114440918,5.889999866485596,5.679999828338623,5.880000114440918,2696100,0.0,0.0
2024-12-30 00:00:00-05:00,5.800000190734863,5.849999904632568,5.599999904632568,5.599999904632568,2786800,0.0,0.0
2024-12-31 00:00:00-05:00,5.599999904632568,5.880000114440918,5.579999923706055,5.789999961853027,2838200,0.0,0.0
2025-01-02 00:00:00-05:00,5.75,5.829999923706055,5.489999771118164,5.519999980926514,2774900,0.0,0.0
2025-01-03 00:00:00-05:00,5.550000190734863,5.659999847412109,5.489999771118164,5.599999904632568,1909900,0.0,0.0
2025-01-06 00:00:00-05:00,5.849999904632568,5.900000095367432,5.679999828338623,5.71999979019165,2162300,0.0,0.0
2025-01-07 00:00:00-05:00,5.710000038146973,5.78000020980835,5.570000171661377,5.610000133514404,3746800,0.0,0.0
2025-01-08 00:00:00-05:00,5.550000190734863,5.599999904632568,5.480000019073486,5.590000152587891,1452800,0.0,0.0
2025-01-10 00:00:00-05:00,5.5,5.559999942779541,5.409999847412109,5.429999828338623,2057200,0.0,0.0
2025-01-13 00:00:00-05:00,5.449999809265137,5.590000152587891,5.420000076293945,5.559999942779541,1598800,0.0,0.0
2025-01-14 00:00:00-05:00,5.619999885559082,5.650000095367432,5.474999904632568,5.53000020980835,1867710,0.0,0.0
