Date,Open,High,Low,Close,Volume,Dividends,Stock Splits
2022-01-03 00:00:00-05:00,22.23996314153694,24.949873608279166,21.959627002389674,24.576093673706055,9527,0.0,0.0
2022-01-04 00:00:00-05:00,25.230208912861315,25.230208912861315,23.45475071771536,24.20231056213379,2753,0.0,0.0
2022-01-05 00:00:00-05:00,23.92197821297104,24.27706987284495,21.305511474609375,21.305511474609375,5860,0.0,0.0
2022-01-06 00:00:00-05:00,21.305509876883633,24.4826462932145,20.838283793515284,21.118619918823242,4900,0.0,0.0
2022-01-07 00:00:00-05:00,20.931728921387847,22.78194509017221,20.090722868177625,21.025175094604492,3293,0.0,0.0
2022-01-10 00:00:00-05:00,21.212064498774225,23.361305037512327,20.371058467997717,20.93172836303711,1807,0.0,0.0
2022-01-11 00:00:00-05:00,21.49240056188772,21.58584673229595,20.838284498334627,21.398954391479492,1913,0.0,0.0
2022-01-12 00:00:00-05:00,22.408164476722952,22.426852760230666,20.557948363544774,21.398954391479492,1847,0.0,0.0
2022-01-13 00:00:00-05:00,21.025174533761096,21.32419895306907,20.838284568747962,20.93172836303711,867,0.0,0.0
2022-01-14 00:00:00-05:00,20.557949298626014,21.35223465391963,19.530052071338204,20.838285446166992,1707,0.0,0.0
2022-01-18 00:00:00-05:00,21.585847381034576,21.585847381034576,20.090722868177625,21.025175094604492,2320,0.0,0.0
2022-01-19 00:00:00-05:00,20.838285210533122,21.34288789396603,19.716941821266534,20.55794906616211,840,0.0,0.0
2022-01-20 00:00:00-05:00,20.931729338903207,21.025175513983783,19.810387120111063,20.37105941772461,1480,0.0,0.0
2022-01-21 00:00:00-05:00,19.857110544812826,20.072035325286468,18.128374099731445,18.128374099731445,5420,0.0,0.0
2022-01-24 00:00:00-05:00,17.941480789656037,18.231161050970318,15.605350416616588,17.84803581237793,3427,0.0,0.0
2022-01-25 00:00:00-05:00,17.287366827248814,18.59560023019763,17.007030673682106,18.128374099731445,573,0.0,0.0
2022-01-26 00:00:00-05:00,18.68904488348208,18.68904488348208,17.810659869015822,18.315263748168945,327,0.0,0.0
2022-01-27 00:00:00-05:00,18.12837420445429,18.22181919344383,16.577183584931838,17.661148071289062,780,0.0,0.0
2022-01-28 00:00:00-05:00,16.820140951707423,17.661148236936295,16.259469824294012,17.567703247070312,2147,0.0,0.0
2022-01-31 00:00:00-05:00,17.56770117752948,19.15626938276446,17.56770117752948,18.969379425048828,640,0.0,0.0
2022-02-01 00:00:00-05:00,18.10968411086234,20.090723037719727,18.053616881746187,20.090723037719727,840,0.0,0.0
2022-02-02 00:00:00-05:00,20.09072154777736,20.09072154777736,18.87593325797364,18.969379425048828,233,0.0,0.0
2022-02-03 00:00:00-05:00,19.903833563408913,19.903833563408913,17.754592895507812,17.754592895507812,1127,0.0,0.0
2022-02-04 00:00:00-05:00,17.567702665760144,18.40870873494286,17.567702665760144,18.315263748168945,1053,0.0,0.0
2022-02-07 00:00:00-05:00,18.034929275512695,18.221819254114042,17.848038108693842,18.034929275512695,1033,0.0,0.0
2022-02-08 00:00:00-05:00,18.1283737049928,18.221818691407805,17.7545925711153,17.941482543945312,1073,0.0,0.0
2022-02-09 00:00:00-05:00,18.221818893135683,19.06282615661621,18.221818893135683,19.06282615661621,1373,0.0,0.0
2022-02-10 00:00:00-05:00,18.68904488348208,19.156271005569135,18.221818761395028,18.315263748168945,513,0.0,0.0
2022-02-11 00:00:00-05:00,18.782490182232436,19.99727740690586,16.913585662841797,16.913585662841797,653,0.0,0.0
2022-02-14 00:00:00-05:00,17.02571815640516,17.848035859784446,16.913583708086648,17.380809783935547,533,0.0,0.0
2022-02-15 00:00:00-05:00,20.651395731050876,20.651395731050876,18.034928948735136,18.221818923950195,800,0.0,0.0
2022-02-16 00:00:00-05:00,18.22181919344383,18.595600337619516,17.42753500470645,17.661148071289062,740,0.0,0.0
2022-02-17 00:00:00-05:00,17.66114590473183,18.034927003054417,17.287364806409236,17.380809783935547,580,0.0,0.0
2022-02-18 00:00:00-05:00,18.00689519848138,18.315263774093534,16.82014041894217,17.47425651550293,620,0.0,0.0
2022-02-22 00:00:00-05:00,17.66114794588505,17.848037922537117,16.913585662841797,16.913585662841797,1193,0.0,0.0
2022-02-23 00:00:00-05:00,17.007028836434444,18.40870707641148,16.736038042739747,17.287364959716797,7887,0.0,0.0
2022-02-24 00:00:00-05:00,16.35291464549722,17.2873669109542,15.325017391138035,16.446359634399414,3973,0.0,0.0
2022-02-25 00:00:00-05:00,16.913585662841797,16.913585662841797,15.418462284972783,16.913585662841797,1260,0.0,0.0
2022-02-28 00:00:00-05:00,16.91358576712791,17.193921922052002,16.07257849057312,16.446359634399414,1273,0.0,0.0
2022-03-01 00:00:00-05:00,16.72669426321338,17.100475372936632,16.07257702414334,16.633249282836914,2013,0.0,0.0
2022-03-02 00:00:00-05:00,16.558494111846926,18.455432260026445,16.558494111846926,17.661148071289062,1273,0.0,0.0
2022-03-03 00:00:00-05:00,18.034929087406677,18.034929087406677,16.913585662841797,16.913585662841797,1173,0.0,0.0
2022-03-04 00:00:00-05:00,17.100475156305357,17.567701240486187,16.558492375839947,17.193920135498047,46200,0.0,0.0
2022-03-07 00:00:00-05:00,18.408708572387695,19.71694194032279,16.53980410054255,18.408708572387695,45487,0.0,0.0
2022-03-08 00:00:00-05:00,19.15627093199282,19.15627093199282,16.820140330530283,17.941482543945312,6907,0.0,0.0
2022-03-09 00:00:00-05:00,17.474256742923327,19.06282629387294,17.147198690386418,17.754592895507812,4773,0.0,0.0
2022-03-10 00:00:00-05:00,17.315398727270285,17.75459119887157,16.820139030509907,17.193920135498047,3867,0.0,0.0
2022-03-11 00:00:00-05:00,17.007028685612955,18.502153078903316,16.913583708086648,17.380809783935547,2360,0.0,0.0
2022-03-14 00:00:00-04:00,17.100476567878196,17.754592664438956,17.100476567878196,17.47425651550293,1407,0.0,0.0
2022-03-15 00:00:00-04:00,16.446359554766182,18.408709065080657,16.446359554766182,18.128374099731445,1787,0.0,0.0
2022-03-16 00:00:00-04:00,17.754593060278605,18.12837420445429,17.28736692711338,17.661148071289062,2613,0.0,0.0
2022-03-17 00:00:00-04:00,17.941482679009884,19.24971606332086,17.941482679009884,18.689044952392578,13900,0.0,0.0
2022-03-18 00:00:00-04:00,18.604943842576684,20.464502980870776,18.604943842576684,20.090723037719727,8067,0.0,0.0
2022-03-21 00:00:00-04:00,20.371059325743673,21.11862159370797,19.903833205320353,20.838285446166992,2867,0.0,0.0
2022-03-22 00:00:00-04:00,21.118620633124475,21.58584673229595,20.053343320923048,21.398954391479492,5880,0.0,0.0
2022-03-23 00:00:00-04:00,21.866181533328323,22.239963856350013,20.464503168975614,22.05307388305664,2440,0.0,0.0
2022-03-24 00:00:00-04:00,22.520299185366593,22.520299185366593,21.305510838493294,21.679290771484375,2980,0.0,0.0
2022-03-25 00:00:00-04:00,21.398955272429657,22.137173395028015,20.660739526266227,21.305511474609375,1953,0.0,0.0
2022-03-28 00:00:00-04:00,20.557950090281174,21.866182327270508,20.557950090281174,21.866182327270508,73040,0.0,0.0
2022-03-29 00:00:00-04:00,25.697437268369974,32.42549309607438,23.931323059179128,24.482648849487305,1218447,0.0,0.0
2022-03-30 00:00:00-04:00,22.14651668451689,25.88432548785931,21.959626719636734,24.762983322143555,85880,0.0,0.0
2022-03-31 00:00:00-04:00,24.762982881694896,26.16466115801725,23.49212734081828,25.88432502746582,21093,0.0,0.0
2022-04-01 00:00:00-04:00,24.669537120980724,25.94973682465725,22.97817854450235,23.080968856811523,7860,0.0,0.0
2022-04-04 00:00:00-04:00,22.520300308784286,23.127693324303106,19.903833518020576,20.651395797729492,11787,0.0,0.0
2022-04-05 00:00:00-04:00,19.997277188369583,20.651395664155892,18.689044989666886,19.903833389282227,7960,0.0,0.0
2022-04-06 00:00:00-04:00,19.903832992598506,21.02517519434316,18.875934588078877,19.716941833496094,7547,0.0,0.0
2022-04-07 00:00:00-04:00,19.997276880189144,20.277613026000846,18.782489687512516,19.24971580505371,4440,0.0,0.0
2022-04-08 00:00:00-04:00,18.969381007528437,19.530052115665477,18.875934832657702,19.15627098083496,1080,0.0,0.0
2022-04-11 00:00:00-04:00,19.53005221289374,19.810387174249144,18.689044952392578,18.689044952392578,2940,0.0,0.0
2022-04-12 00:00:00-04:00,19.1562708546539,25.4171003660099,18.40870858991701,21.305511474609375,106927,0.0,0.0
2022-04-13 00:00:00-04:00,21.025175328278674,22.99687011829719,19.997276917211078,21.305511474609375,16040,0.0,0.0
2022-04-14 00:00:00-04:00,20.931728529067357,21.866180737979914,20.557948596076276,21.679290771484375,7140,0.0,0.0
2022-04-18 00:00:00-04:00,19.903831377364277,20.83828353239138,19.06282420019641,19.53005027770996,11760,0.0,0.0
2022-04-19 00:00:00-04:00,18.68904488348208,19.436607154108355,17.287366517220924,18.315263748168945,12487,0.0,0.0
2022-04-20 00:00:00-04:00,18.31526413820975,18.875935259010735,17.10047690784386,18.502155303955078,4433,0.0,0.0
2022-04-21 00:00:00-04:00,18.67035585352415,18.67035585352415,17.380811916102925,17.661148071289062,3180,0.0,0.0
2022-04-22 00:00:00-04:00,17.380812079120833,18.22181936434971,17.10982125204423,17.567703247070312,2600,0.0,0.0
2022-04-25 00:00:00-04:00,17.567702598285283,18.78248979811532,17.175231991837794,17.941482543945312,3873,0.0,0.0
2022-04-26 00:00:00-04:00,17.941480837310753,17.941480837310753,17.19391982888293,17.380809783935547,1073,0.0,0.0
2022-04-27 00:00:00-04:00,17.007030756030105,17.100476933149803,16.07257849057312,16.446359634399414,2973,0.0,0.0
2022-04-28 00:00:00-04:00,16.446359741734828,16.539804731246882,15.511907470179239,15.979133605957031,2020,0.0,0.0
2022-04-29 00:00:00-04:00,15.792242843189431,15.979132812938499,15.792242843189431,15.885687828063965,1200,0.0,0.0
2022-05-02 00:00:00-04:00,16.726695238531708,17.28736634170011,15.418461872327127,15.792243003845215,1220,0.0,0.0
2022-05-03 00:00:00-04:00,15.60535184397744,16.352914107013618,15.60535184397744,15.792243003845215,613,0.0,0.0
2022-05-04 00:00:00-04:00,15.530596490479205,15.698798179626465,14.484009786741778,15.698798179626465,1060,0.0,0.0
2022-05-05 00:00:00-04:00,15.88568846417874,15.88568846417874,14.95123620157999,15.072714805603027,1307,0.0,0.0
2022-05-06 00:00:00-04:00,15.100747745440307,15.325016658660381,14.624177493065096,14.670899391174316,1607,0.0,0.0
2022-05-09 00:00:00-04:00,14.67089955241848,14.764345726098849,12.988886249433678,14.577454566955566,3980,0.0,0.0
2022-05-10 00:00:00-04:00,15.231571041190543,15.231571041190543,13.175775527954102,13.175775527954102,2220,0.0,0.0
2022-05-11 00:00:00-04:00,13.213153762348286,13.45611214646769,11.86754266652326,12.054433822631836,2013,0.0,0.0
2022-05-12 00:00:00-04:00,11.213426781423024,12.054434027673242,10.839645651065432,11.727375984191895,2227,0.0,0.0
2022-05-13 00:00:00-04:00,11.63392969237409,11.96098892075378,11.400316636798566,11.587207794189453,727,0.0,0.0
2022-05-16 00:00:00-04:00,11.774097286047192,12.017055661984196,11.587207324450173,11.867542266845703,1367,0.0,0.0
2022-05-17 00:00:00-04:00,11.960988611861039,13.269220738724897,11.960988611861039,12.615104675292969,1207,0.0,0.0
2022-05-18 00:00:00-04:00,14.016783644911946,14.016783644911946,11.960989185611849,13.6430025100708,933,0.0,0.0
2022-05-19 00:00:00-04:00,12.147878807256623,13.456112147220054,12.147878807256623,12.895441055297852,920,0.0,0.0
2022-05-20 00:00:00-04:00,12.334768523091586,12.409525221654997,11.774097442626953,11.774097442626953,1087,0.0,0.0
2022-05-23 00:00:00-04:00,12.801995232809425,15.325016997700514,12.801995232809425,14.484009742736816,15480,0.0,0.0
2022-05-24 00:00:00-04:00,13.923338585453275,14.484009690674606,12.708550200625838,13.269221305847168,1793,0.0,0.0
2022-05-25 00:00:00-04:00,13.549557625798023,17.754592751045685,13.549557625798023,15.231572151184082,4513,0.0,0.0
2022-05-26 00:00:00-04:00,16.913586176578054,17.380812320617324,15.418462753295898,15.418462753295898,3020,0.0,0.0
2022-05-27 00:00:00-04:00,15.698797858314899,16.58652699694914,15.418461715473848,15.885687828063965,1180,0.0,0.0
2022-05-31 00:00:00-04:00,16.35291350592621,16.35291350592621,14.01678300507961,14.465319633483887,2080,0.0,0.0
2022-06-01 00:00:00-04:00,14.110227987624771,14.79237885433861,14.016783005233366,14.297119140625,700,0.0,0.0
2022-06-02 00:00:00-04:00,14.01678249630476,15.044679641723635,14.01678249630476,15.044679641723633,2900,0.0,0.0
2022-06-03 00:00:00-04:00,15.418461721078764,15.493218421936035,15.091403679790279,15.493218421936035,993,0.0,0.0
2022-06-06 00:00:00-04:00,15.88568775349312,15.88568775349312,14.530732508629214,14.670899391174316,867,0.0,0.0
2022-06-07 00:00:00-04:00,15.418461643096263,15.605351611968029,14.390564437866669,14.670899391174316,813,0.0,0.0
2022-06-08 00:00:00-04:00,15.231571989035597,15.418461961770065,14.484009721662789,15.325016975402832,880,0.0,0.0
2022-06-09 00:00:00-04:00,15.1381256679505,15.1381256679505,14.577454566955566,14.577454566955566,447,0.0,0.0
2022-06-10 00:00:00-04:00,14.57745489363204,15.31567184001497,14.016783780072632,14.390564918518066,593,0.0,0.0
2022-06-13 00:00:00-04:00,13.54955663838049,14.10088356832137,12.147878365444578,13.175775527954102,1420,0.0,0.0
2022-06-14 00:00:00-04:00,12.839374131834045,13.829893599285965,12.839374131834045,13.269221305847168,713,0.0,0.0
2022-06-15 00:00:00-04:00,12.895440615057467,15.418461036682128,12.801994446079414,14.016782760620117,1567,0.0,0.0
2022-06-16 00:00:00-04:00,14.016783812950397,14.484009940048743,12.988886570977533,13.54955768585205,413,0.0,0.0
2022-06-17 00:00:00-04:00,13.736447661404394,13.829893837398053,13.175776546529876,13.54955768585205,820,0.0,0.0
2022-06-21 00:00:00-04:00,13.643002348738646,13.97940572258286,13.278566548624871,13.73644733428955,253,0.0,0.0
2022-06-22 00:00:00-04:00,13.26922128772128,14.39056468484964,13.26922128772128,14.110228538513184,393,0.0,0.0
2022-06-23 00:00:00-04:00,14.48400950587455,14.48400950587455,13.549557279689095,14.203673362731934,853,0.0,0.0
2022-06-24 00:00:00-04:00,13.643002673628223,14.717623003597916,13.54955768585205,13.54955768585205,953,0.0,0.0
2022-06-27 00:00:00-04:00,13.643001208895868,15.605350494384766,13.596279314132655,15.605350494384766,1160,0.0,0.0
2022-06-28 00:00:00-04:00,15.138125419616697,15.698797699631525,14.297119376029332,15.1381254196167,273,0.0,0.0
2022-06-29 00:00:00-04:00,14.670900560975497,15.792244028270034,13.951373054051146,14.951236724853516,547,0.0,0.0
2022-06-30 00:00:00-04:00,15.044680435686706,15.32501657569412,13.829893268161936,15.1381254196167,1087,0.0,0.0
2022-07-01 00:00:00-04:00,14.951236448345206,15.979133716525435,14.857791458186552,15.511907577514648,633,0.0,0.0
2022-07-05 00:00:00-04:00,15.418462125908096,15.511907113270103,13.73644760052204,15.231572151184082,240,0.0,0.0
2022-07-06 00:00:00-04:00,14.203673574343618,15.698798109089235,14.203673574343618,15.325016975402832,267,0.0,0.0
2022-07-07 00:00:00-04:00,14.997959433754172,15.979133605957033,14.997959433754172,15.979133605957031,987,0.0,0.0
2022-07-08 00:00:00-04:00,15.325017491155124,15.979133605957033,14.484010209111595,15.979133605957031,760,0.0,0.0
2022-07-11 00:00:00-04:00,14.951236609256629,15.979133888499517,14.951236609256629,15.418462753295898,360,0.0,0.0
2022-07-12 00:00:00-04:00,15.698797784621355,16.633250005415068,14.390564437866669,14.670899391174316,39520,0.0,0.0
2022-07-13 00:00:00-04:00,14.39056479995468,16.35291427535362,13.643002529222953,15.698798179626465,3780,0.0,0.0
2022-07-14 00:00:00-04:00,15.79224390617082,15.79224390617082,14.670900447546055,15.418462753295898,440,0.0,0.0
2022-07-15 00:00:00-04:00,14.857791355377332,16.166024773198654,14.857791355377332,15.979133605957031,420,0.0,0.0
2022-07-18 00:00:00-04:00,15.23157092401154,16.25946807861328,15.23157092401154,16.25946807861328,240,0.0,0.0
2022-07-19 00:00:00-04:00,16.203400853069788,16.352913058446642,15.325015903844902,16.25946807861328,187,0.0,0.0
2022-07-20 00:00:00-04:00,16.44635980002391,16.539804789867155,15.138126377565953,16.352914810180664,880,0.0,0.0
2022-07-21 00:00:00-04:00,15.979132812938499,16.446358925528614,15.46518480201984,15.885687828063965,1573,0.0,0.0
2022-07-22 00:00:00-04:00,15.46518362187777,15.885686615833476,15.437150009732898,15.605350494384766,260,0.0,0.0
2022-07-25 00:00:00-04:00,15.044679776127433,16.352913058446642,15.044679776127433,16.25946807861328,2553,0.0,0.0
2022-07-26 00:00:00-04:00,16.726694899296312,16.726694899296312,15.044680435686706,15.1381254196167,1013,0.0,0.0
2022-07-27 00:00:00-04:00,13.82989364899698,14.951235863470263,13.64300248777312,14.484009742736816,2500,0.0,0.0
2022-07-28 00:00:00-04:00,14.016783929182656,16.16602460694433,13.643002786760952,16.07257843017578,833,0.0,0.0
2022-07-29 00:00:00-04:00,14.764346468027897,16.07257870668409,14.764346468027897,15.511907577514648,320,0.0,0.0
2022-08-01 00:00:00-04:00,14.577454566955566,15.353050441554403,14.437286494652469,14.577454566955566,293,0.0,0.0
2022-08-02 00:00:00-04:00,13.736448265672152,14.951236724853516,13.549558281898499,14.951236724853516,1353,0.0,0.0
2022-08-03 00:00:00-04:00,15.231571935641544,15.231571935641544,13.6430024200974,14.110228538513184,1347,0.0,0.0
2022-08-04 00:00:00-04:00,14.390564359959326,15.184848505690413,14.110228219951912,15.1381254196167,1567,0.0,0.0
2022-08-05 00:00:00-04:00,14.689588863348469,15.979132737929003,14.297119453430785,14.670899391174316,4773,0.0,0.0
2022-08-08 00:00:00-04:00,15.044681600420978,15.698798915006472,14.39056547405301,15.418462753295898,1580,0.0,0.0
2022-08-09 00:00:00-04:00,15.605351957210098,15.792243118433959,14.390564756233623,14.484009742736816,1213,0.0,0.0
2022-08-10 00:00:00-04:00,14.110228866499186,15.325017277904427,13.64300273722294,13.923338890075684,2180,0.0,0.0
2022-08-11 00:00:00-04:00,14.20367402313617,14.297120200673485,13.362667931040383,13.829894065856934,1793,0.0,0.0
2022-08-12 00:00:00-04:00,13.829893508057916,14.016783479159729,13.437422905239668,13.73644733428955,680,0.0,0.0
2022-08-15 00:00:00-04:00,13.36266716326926,13.409389061135938,12.80199488312962,12.895441055297852,327,0.0,0.0
2022-08-16 00:00:00-04:00,13.36266707767947,13.549557044384,12.147878729447726,12.521659851074219,747,0.0,0.0
2022-08-17 00:00:00-04:00,12.708550387340729,12.755273475219576,12.147879273881982,12.334769248962402,507,0.0,0.0
2022-08-18 00:00:00-04:00,12.147878884991757,12.699205838512093,12.147878884991757,12.428215026855469,260,0.0,0.0
2022-08-19 00:00:00-04:00,12.24132337825714,12.428214528071559,11.774097286047192,11.867542266845703,3153,0.0,0.0
2022-08-22 00:00:00-04:00,13.08233159350099,13.923338862155266,12.33476931287108,12.708550453186035,3700,0.0,0.0
2022-08-23 00:00:00-04:00,13.082331525719056,13.082331525719056,12.334769248962402,12.334769248962402,10940,0.0,0.0
2022-08-24 00:00:00-04:00,11.774097768895233,11.960988926373934,10.278974450152853,10.746200561523438,76933,0.0,0.0
2022-08-25 00:00:00-04:00,10.372419849750742,10.465864838119803,9.624858160472005,10.092084884643555,13107,0.0,0.0
2022-08-26 00:00:00-04:00,10.232251501687545,11.960989087640773,9.905193456961987,11.493762969970703,16620,0.0,0.0
2022-08-29 00:00:00-04:00,11.213426589127884,11.680652697008211,10.278974373367227,10.372419357299805,3180,0.0,0.0
2022-08-30 00:00:00-04:00,10.746200648221103,10.746200648221103,10.278974533081055,10.278974533081055,2200,0.0,0.0
2022-08-31 00:00:00-04:00,10.278974298038138,10.839645385742188,10.278974298038138,10.839645385742188,2807,0.0,0.0
2022-09-01 00:00:00-04:00,10.746199975806588,11.680652147615858,10.746199975806588,10.942435264587402,3253,0.0,0.0
2022-09-02 00:00:00-04:00,10.839646277249072,11.867543553948828,10.839646277249072,11.68065357208252,2613,0.0,0.0
2022-09-06 00:00:00-04:00,11.49376359021621,11.96098973309951,11.18539381309752,11.68065357208252,2507,0.0,0.0
2022-09-07 00:00:00-04:00,11.652618863649327,12.801994639639972,11.334904973685488,12.615104675292969,5873,0.0,0.0
2022-09-08 00:00:00-04:00,12.334768354058744,14.203672722141427,12.334768354058744,14.016782760620117,5467,0.0,0.0
2022-09-09 00:00:00-04:00,13.643002709864676,13.988750234950572,12.708550453186035,12.708550453186035,1827,0.0,0.0
2022-09-12 00:00:00-04:00,13.456112233326666,13.456112233326666,12.147878884991757,12.428215026855469,740,0.0,0.0
2022-09-13 00:00:00-04:00,11.587207478544546,12.428214693350203,11.400316326244726,11.774097442626953,660,0.0,0.0
2022-09-14 00:00:00-04:00,12.605760109507596,12.605760109507596,10.559309959411621,10.559309959411621,2100,0.0,0.0
2022-09-15 00:00:00-04:00,10.465864264533678,11.213426506950697,10.278974298038138,10.839645385742188,960,0.0,0.0
2022-09-16 00:00:00-04:00,10.933090282268802,10.933090282268802,10.092084251492293,10.465864181518555,607,0.0,0.0
2022-09-19 00:00:00-04:00,10.372419731621624,10.372419731621624,9.811748619575114,9.951916694641113,1233,0.0,0.0
2022-09-20 00:00:00-04:00,11.680653208483026,14.016783850179632,11.11998209211934,12.708550453186035,1946760,0.0,0.0
2022-09-21 00:00:00-04:00,12.054433911004562,12.054433911004562,9.905193323412897,10.746200561523438,42380,0.0,0.0
2022-09-22 00:00:00-04:00,9.9986381600774,11.680652611406975,9.951916262562229,10.839645385742188,19247,0.0,0.0
2022-09-23 00:00:00-04:00,10.746200818258377,10.746200818258377,9.998638546918631,10.185529708862305,4213,0.0,0.0
2022-09-26 00:00:00-04:00,9.998638080768307,11.026536452992787,9.998638080768307,10.465864181518555,3033,0.0,0.0
2022-09-27 00:00:00-04:00,11.026536532734175,11.119981515916512,9.905193169893833,9.998638153076172,4773,0.0,0.0
2022-09-28 00:00:00-04:00,9.811748731318875,10.933090968182606,9.811748731318875,10.092084884643555,2620,0.0,0.0
2022-09-29 00:00:00-04:00,10.652755334749106,10.933090282268802,9.905193098261742,10.465864181518555,1207,0.0,0.0
2022-09-30 00:00:00-04:00,10.74619991747201,11.02653604277997,9.998637708795703,10.559309959411621,2080,0.0,0.0
2022-10-03 00:00:00-04:00,10.839645385742188,10.839645385742188,10.185529314790369,10.839645385742188,487,0.0,0.0
2022-10-04 00:00:00-04:00,10.839645546154065,10.933090530784693,10.559310592262182,10.746200561523438,2147,0.0,0.0
2022-10-05 00:00:00-04:00,10.839645385742188,10.839645385742188,9.9986381600774,10.839645385742188,1580,0.0,0.0
2022-10-06 00:00:00-04:00,10.746200723342433,10.839645709380179,10.101428774999285,10.652755737304688,2533,0.0,0.0
2022-10-07 00:00:00-04:00,10.18552947112084,10.278974455802832,9.905193328857422,9.905193328857422,460,0.0,0.0
2022-10-10 00:00:00-04:00,9.998638153076172,10.746200394969733,9.624857626238105,9.998638153076172,4947,0.0,0.0
2022-10-11 00:00:00-04:00,9.624857780702726,9.998638313539413,9.624857780702726,9.905193328857422,647,0.0,0.0
2022-10-12 00:00:00-04:00,9.71830335949344,10.559310598066252,9.71830335949344,9.905193328857422,713,0.0,0.0
2022-10-13 00:00:00-04:00,10.559310598066252,10.559310598066252,9.71830335949344,9.905193328857422,387,0.0,0.0
2022-10-14 00:00:00-04:00,9.344522201811351,9.905193296276543,8.400725245549264,8.48482608795166,8960,0.0,0.0
2022-10-17 00:00:00-04:00,8.484826126359517,8.765161674861094,8.484826126359517,8.671716690063477,413,0.0,0.0
2022-10-18 00:00:00-04:00,8.410069860289628,8.877295963639053,7.942843756940205,8.148423194885254,1947,0.0,0.0
2022-10-19 00:00:00-04:00,8.223179725340106,8.26055807694869,7.569063028005483,7.5784077644348145,1327,0.0,0.0
2022-10-20 00:00:00-04:00,8.083012150889711,8.316625211966192,7.662508522130301,7.849399089813232,153,0.0,0.0
2022-10-21 00:00:00-04:00,7.587752725432864,8.540893887410542,7.587752725432864,8.325969696044922,780,0.0,0.0
2022-10-24 00:00:00-04:00,8.4100707399561,8.858608012437548,8.036289580536762,8.80254077911377,513,0.0,0.0
2022-10-25 00:00:00-04:00,8.699750266797615,8.793195251192152,7.662508325939875,8.288591384887695,2087,0.0,0.0
2022-10-26 00:00:00-04:00,8.223179261433673,8.410069820715766,7.671852319489548,8.18580150604248,1053,0.0,0.0
2022-10-27 00:00:00-04:00,8.335314279169346,8.438104004605265,7.942844256384363,8.223179817199707,600,0.0,0.0
2022-10-28 00:00:00-04:00,8.045633247752795,8.428758499048476,8.045633247752795,8.316624641418457,247,0.0,0.0
2022-10-31 00:00:00-04:00,8.2605574155491,8.512859337852513,8.24186794418685,8.316624641418457,267,0.0,0.0
2022-11-01 00:00:00-04:00,8.316625470802332,8.372692108154297,7.662508760608539,8.372692108154297,1767,0.0,0.0
2022-11-02 00:00:00-04:00,8.279247131561403,8.372692121404647,8.017600447069812,8.176457405090332,73,0.0,0.0
2022-11-03 00:00:00-04:00,8.036288898906516,8.391381148468938,7.755953350174191,7.942843914031982,793,0.0,0.0
2022-11-04 00:00:00-04:00,8.41007019875329,8.41007019875329,7.849399089813232,7.849399089813232,2440,0.0,0.0
2022-11-07 00:00:00-05:00,8.316624959031087,8.419414679014224,7.512996077133262,7.793331623077393,3927,0.0,0.0
2022-11-08 00:00:00-05:00,8.223179426339525,8.223179426339525,7.242004713068164,7.251349449157715,1333,0.0,0.0
2022-11-09 00:00:00-05:00,7.559718484086714,7.559718484086714,7.111181259155273,7.111181259155273,840,0.0,0.0
2022-11-10 00:00:00-05:00,7.195282137713452,7.195282137713452,6.7654337882995605,6.7654337882995605,547,0.0,0.0
2022-11-11 00:00:00-05:00,6.541165547297047,7.363483311699599,6.541165547297047,7.027080535888672,727,0.0,0.0
2022-11-14 00:00:00-05:00,7.288727415987796,7.288727415987796,6.886913258261763,6.896257400512695,207,0.0,0.0
2022-11-15 00:00:00-05:00,6.896257245356791,6.933635595845777,6.625266432219363,6.709367275238037,307,0.0,0.0
2022-11-16 00:00:00-05:00,6.260830360806788,6.709367619120347,6.260830360806788,6.270174503326416,447,0.0,0.0
2022-11-17 00:00:00-05:00,6.2701740674071065,6.2701740674071065,6.092628242572573,6.260829925537109,607,0.0,0.0
2022-11-18 00:00:00-05:00,6.073939198729315,6.709366969307019,5.167520627370713,5.933771133422852,5987,0.0,0.0
2022-11-21 00:00:00-05:00,5.606713066311953,5.859014987945557,5.35441114467835,5.859014987945557,453,0.0,0.0
2022-11-22 00:00:00-05:00,5.746881276871516,5.746881276871516,4.775050725903172,5.232932090759277,7307,0.0,0.0
2022-11-23 00:00:00-05:00,5.3731002410252895,5.60671329498291,5.232932171007229,5.60671329498291,493,0.0,0.0
2022-11-25 00:00:00-05:00,5.887048721313477,5.887048721313477,5.60671318108116,5.887048721313477,433,0.0,0.0
2022-11-28 00:00:00-05:00,5.0460422383584245,5.905737760108996,5.0460422383584245,5.569334983825684,627,0.0,0.0
2022-11-29 00:00:00-05:00,5.326377624895048,5.606713164287691,5.074075698852539,5.074075698852539,113,0.0,0.0
2022-11-30 00:00:00-05:00,4.952596364882754,5.2796549797058105,4.952596364882754,5.2796549797058105,273,0.0,0.0
2022-12-01 00:00:00-05:00,5.4198229899067725,5.503923835904176,4.9806304751764365,5.046042442321777,1047,0.0,0.0
2022-12-02 00:00:00-05:00,5.046042243219425,5.046042243219425,4.8404625045777046,4.952596664428711,307,0.0,0.0
2022-12-05 00:00:00-05:00,4.672261300628036,5.083420200025904,4.672261300628036,5.046042442321777,967,0.0,0.0
2022-12-06 00:00:00-05:00,4.429303709796989,4.952596763265881,4.214379527808778,4.289135932922363,3433,0.0,0.0
2022-12-07 00:00:00-05:00,4.018144138872279,4.205034688284435,3.831253886514464,4.130278587341309,1593,0.0,0.0
2022-12-08 00:00:00-05:00,4.391925284210056,4.532093049226474,3.859287539504193,4.2050347328186035,433,0.0,0.0
2022-12-09 00:00:00-05:00,4.672260841808308,4.672260841808308,4.298480033874512,4.298480033874512,1260,0.0,0.0
2022-12-12 00:00:00-05:00,4.569471439939138,4.588160318235626,4.2984803282051525,4.522748947143555,1047,0.0,0.0
2022-12-13 00:00:00-05:00,4.3358585411953,5.120798587799072,4.3358585411953,5.120798587799072,6000,0.0,0.0
2022-12-14 00:00:00-05:00,5.120798551838776,5.120798551838776,4.597505191111037,5.046042442321777,527,0.0,0.0
2022-12-15 00:00:00-05:00,5.120798573476766,5.120798573476766,4.53209354017048,4.6255388259887695,967,0.0,0.0
2022-12-16 00:00:00-05:00,4.831117912946875,4.831117912946875,4.21437931060791,4.21437931060791,900,0.0,0.0
2022-12-19 00:00:00-05:00,4.2143797782721695,4.616194254288526,4.186346161820315,4.32651424407959,7313,0.0,0.0
2022-12-20 00:00:00-05:00,4.541438033196654,4.578816088553923,4.326514140628763,4.391925811767578,2707,0.0,0.0
2022-12-21 00:00:00-05:00,4.391925647325947,4.578815917114782,3.3733725630229197,3.831254243850708,3253,0.0,0.0
2022-12-22 00:00:00-05:00,4.027489081194857,4.2517573955461145,3.7284643650054936,3.728464365005493,800,0.0,0.0
2022-12-23 00:00:00-05:00,3.9246997590958017,3.9246997590958017,3.364028322502918,3.737809181213379,1280,0.0,0.0
2022-12-27 00:00:00-05:00,3.737808840982706,4.036833560143497,3.3640280162953067,3.3827168941497803,1360,0.0,0.0
2022-12-28 00:00:00-05:00,3.3640280114960803,3.3827168893238917,2.6164660661334196,2.709911346435547,15593,0.0,0.0
2022-12-29 00:00:00-05:00,2.8500791591996415,3.0743477757273654,2.840734720151842,2.8968019485473633,3773,0.0,0.0
2022-12-30 00:00:00-05:00,2.747289564541612,5.204898831823207,2.7099115095813477,3.7658426761627197,106093,0.0,0.0
2023-01-03 00:00:00-05:00,3.7284645323534362,3.9246995390093398,2.709911445004369,2.75663423538208,24047,0.0,0.0
2023-01-04 00:00:00-05:00,2.9902472302708243,4.111589718831612,2.7846674918330363,2.8407347202301025,125500,0.0,0.0
2023-01-05 00:00:00-05:00,2.990247129489054,3.2051710026768525,2.8127010112337234,2.9622135162353516,58827,0.0,0.0
2023-01-06 00:00:00-05:00,2.896802013816222,2.896802013816222,2.5323656151428127,2.7005670070648193,37420,0.0,0.0
2023-01-09 00:00:00-05:00,2.709911522525125,3.8312543649065995,2.709911522525125,3.4574735164642334,76720,0.0,0.0
2023-01-10 00:00:00-05:00,3.457473485707055,3.6910865510371433,2.9902473550468787,3.6723973751068115,18047,0.0,0.0
2023-01-11 00:00:00-05:00,3.8312543454306196,7.475618119062917,3.5041959933107423,4.915218830108643,336867,0.0,0.0
2023-01-12 00:00:00-05:00,4.279791140720315,4.289135876896429,3.9246994835501563,4.008800029754639,57827,0.0,0.0
2023-01-13 00:00:00-05:00,3.971421916872877,3.971421916872877,3.270582755071781,3.784531354904175,20060,0.0,0.0
2023-01-17 00:00:00-05:00,3.8312543161526915,4.111589874653514,3.597641251717215,3.980766534805298,17480,0.0,0.0
2023-01-18 00:00:00-05:00,3.8592876160248477,3.9807662094890204,3.737808725506327,3.775186777114868,6107,0.0,0.0
2023-01-19 00:00:00-05:00,3.737808701640965,3.7751867530108534,3.6443634246890717,3.68174147605896,4853,0.0,0.0
2023-01-20 00:00:00-05:00,3.691086312613617,3.9246993628536093,3.289271878083005,3.728464365005493,15493,0.0,0.0
2023-01-23 00:00:00-05:00,3.971421854079866,3.971421854079866,3.5976410331067497,3.728464365005493,14993,0.0,0.0
2023-01-24 00:00:00-05:00,3.4574732793522096,3.8779765936165447,3.4574732793522096,3.653707981109619,10500,0.0,0.0
2023-01-25 00:00:00-05:00,3.5509183592216145,3.821909767638027,3.5509183592216145,3.6443636417388916,5420,0.0,0.0
2023-01-26 00:00:00-05:00,3.691086605446436,5.606713650569141,3.644363813459066,4.391925811767578,308640,0.0,0.0
2023-01-27 00:00:00-05:00,4.205035230248847,4.532093585345744,4.018144656749369,4.186346054077148,28133,0.0,0.0
2023-01-30 00:00:00-05:00,4.111589945401583,4.20503523219456,3.691086600414754,3.8405988216400146,14320,0.0,0.0
2023-01-31 00:00:00-05:00,3.8312542610651503,4.354547315879495,3.6817417475079313,3.924699544906616,19020,0.0,0.0
2023-02-01 00:00:00-05:00,3.924699544906616,4.205035099376645,3.784531470617233,3.924699544906616,15107,0.0,0.0
2023-02-02 00:00:00-05:00,3.9994552971833657,4.476025816186627,3.831253920061371,4.419958591461182,40347,0.0,0.0
2023-02-03 00:00:00-05:00,4.3919254696399745,4.4947151881288185,4.01814435107579,4.09290075302124,17153,0.0,0.0
2023-02-06 00:00:00-05:00,4.289135692797041,4.289135692797041,3.27058266355955,3.5415737628936768,33347,0.0,0.0
2023-02-07 00:00:00-05:00,3.4948514122624466,3.5041958513575118,3.158448634296475,3.3546836376190186,19833,0.0,0.0
2023-02-08 00:00:00-05:00,3.6817418142421783,3.6817418142421783,3.270582914352417,3.270582914352417,7787,0.0,0.0
2023-02-09 00:00:00-05:00,3.2705826742322364,3.364027952906885,3.1023812914396096,3.214515447616577,12507,0.0,0.0
2023-02-10 00:00:00-05:00,3.0930370086762085,3.364028122561242,2.9061464419016634,3.121070623397827,12833,0.0,0.0
2023-02-13 00:00:00-05:00,3.1584487144914473,3.4574734466152193,3.1584487144914473,3.195826768875122,8073,0.0,0.0
2023-02-14 00:00:00-05:00,3.223860537618293,4.419959226080891,2.990247463792457,3.737809181213379,54413,0.0,0.0
2023-02-15 00:00:00-05:00,3.6443636417388916,3.924699489290723,3.4107505839728813,3.6443636417388916,14880,0.0,0.0
2023-02-16 00:00:00-05:00,3.5509185057840424,3.5509185057840424,3.2518937676192743,3.4574735164642334,5973,0.0,0.0
2023-02-17 00:00:00-05:00,3.270582914352417,3.4387843094940806,3.2425492989864106,3.270582914352417,2573,0.0,0.0
2023-02-21 00:00:00-05:00,3.364027859410396,3.6910861771545522,3.354683420918947,3.392061471939087,4887,0.0,0.0
2023-02-22 00:00:00-05:00,4.0274892804910625,4.0274892804910625,3.5041959270014478,3.560263156890869,4020,0.0,0.0
2023-02-23 00:00:00-05:00,3.457473355707928,3.6817416761132957,3.233204738248197,3.5509183406829834,6507,0.0,0.0
2023-02-24 00:00:00-05:00,3.5509183438872003,3.5976411334712513,3.2518936193558514,3.3546836376190186,6340,0.0,0.0
2023-02-27 00:00:00-05:00,3.5228848431762505,3.5322292817847796,3.2705826243111886,3.466817617416382,5327,0.0,0.0
2023-02-28 00:00:00-05:00,3.401406089590288,4.0181444094891186,3.364028036601361,3.8966658115386963,9913,0.0,0.0
2023-03-01 00:00:00-05:00,3.8312539270900405,4.391925284210056,3.6630525496594704,4.2050347328186035,13087,0.0,0.0
2023-03-02 00:00:00-05:00,4.120934150160205,4.2050349925982635,3.737808882309568,3.9340438842773438,11340,0.0,0.0
2023-03-03 00:00:00-05:00,3.924699527272309,4.205035080482745,3.7378089604291067,3.831254243850708,6060,0.0,0.0
2023-03-06 00:00:00-05:00,3.6443636770075054,3.9060103517662417,3.5228850759083548,3.831254243850708,1960,0.0,0.0
2023-03-07 00:00:00-05:00,3.849943083806277,3.849943083806277,3.597641147850561,3.756498098373413,5080,0.0,0.0
2023-03-08 00:00:00-05:00,3.7564982546290016,3.7564982546290016,3.4481287798887514,3.4574735164642334,3093,0.0,0.0
2023-03-09 00:00:00-05:00,3.457473316924401,3.457473316924401,3.270582754961973,3.4200949668884277,7367,0.0,0.0
2023-03-10 00:00:00-05:00,3.3920616508119954,3.4387841427873926,3.1864819137789135,3.223860263824463,13380,0.0,0.0
2023-03-13 00:00:00-04:00,3.821909796447976,3.821909796447976,3.223860340294481,3.317305326461792,7767,0.0,0.0
2023-03-14 00:00:00-04:00,3.1677929794844557,3.364027976989746,2.9902471566696307,3.364027976989746,9387,0.0,0.0
2023-03-15 00:00:00-04:00,3.364027976989746,3.457473256333363,3.083692138958894,3.364027976989746,3800,0.0,0.0
2023-03-16 00:00:00-04:00,3.3546837964214964,3.457473522496114,3.279927388959103,3.345339059829712,1260,0.0,0.0
2023-03-17 00:00:00-04:00,3.1771374183025114,3.457473256333363,3.0369696478142623,3.364027976989746,1333,0.0,0.0
2023-03-20 00:00:00-04:00,3.111725986585184,3.4574735164642334,3.111725986585184,3.4574735164642334,2433,0.0,0.0
2023-03-21 00:00:00-04:00,3.457473157383961,3.59764092386075,3.270582604045346,3.4294395446777344,3507,0.0,0.0
2023-03-22 00:00:00-04:00,3.3079608623201855,3.7378089242561687,3.3079608623201855,3.6443636417388916,3253,0.0,0.0
2023-03-23 00:00:00-04:00,3.5415740840980767,3.7378090973557807,3.3079610155133405,3.494851589202881,853,0.0,0.0
2023-03-24 00:00:00-04:00,3.457473488020138,4.1956907393105665,3.457473488020138,4.018144607543945,44487,0.0,0.0
2023-03-27 00:00:00-04:00,4.018144559095528,4.952596809773964,3.756498178431237,4.251757621765137,102593,0.0,0.0
2023-03-28 00:00:00-04:00,3.1771374183025114,3.5509182386226263,2.9902471566696307,3.364027976989746,35367,0.0,0.0
2023-03-29 00:00:00-04:00,3.354683642431619,3.354683642431619,2.859423913867231,2.9902472496032715,18420,0.0,0.0
2023-03-30 00:00:00-04:00,2.9435244409218155,3.177137496503775,2.8033566669835124,2.8407347202301025,8520,0.0,0.0
2023-03-31 00:00:00-04:00,2.8687683975907246,2.8968020124064777,2.5323656139104234,2.75663423538208,15740,0.0,0.0
2023-04-03 00:00:00-04:00,2.803356604501479,2.803356604501479,2.532365501712859,2.6164660453796387,7307,0.0,0.0
2023-04-04 00:00:00-04:00,2.616465935936529,2.7099112115887642,2.3454749930102583,2.4295756816864014,20487,0.0,0.0
2023-04-05 00:00:00-04:00,2.4576094025427344,2.7005670555273547,2.4576094025427344,2.5230212211608887,17907,0.0,0.0
2023-04-06 00:00:00-04:00,2.523021159133458,2.7005669891350332,2.523021159133458,2.607121706008911,5487,0.0,0.0
2023-04-10 00:00:00-04:00,2.569743613813286,2.616466106151783,2.532365560531616,2.532365560531616,2580,0.0,0.0
2023-04-11 00:00:00-04:00,2.653844415897756,2.8968019070398014,2.5510543996273665,2.709911346435547,8253,0.0,0.0
2023-04-12 00:00:00-04:00,2.896802071441957,2.896802071441957,2.6258109511242838,2.8127012252807617,2980,0.0,0.0
2023-04-13 00:00:00-04:00,2.747289298576128,2.7846673499178176,2.6164659703530413,2.7192556858062744,2653,0.0,0.0
2023-04-14 00:00:00-04:00,2.728600658568058,2.8127012071322337,2.6164661977433283,2.7753231525421143,3800,0.0,0.0
2023-04-17 00:00:00-04:00,2.672533426178136,3.1771376083529197,2.672533426178136,2.831390380859375,22513,0.0,0.0
2023-04-18 00:00:00-04:00,2.8033567555112264,3.0836923122406006,2.7099114709166447,3.0836923122406006,9747,0.0,0.0
2023-04-19 00:00:00-04:00,3.083692193418857,3.083692193418857,2.803356647491455,2.803356647491455,3000,0.0,0.0
2023-04-20 00:00:00-04:00,2.803356647795413,2.9902472098035173,2.803356647795413,2.859423875808716,1720,0.0,0.0
2023-04-21 00:00:00-04:00,2.6351554071254766,2.86876847407967,2.6351554071254766,2.850079298019409,12320,0.0,0.0
2023-04-24 00:00:00-04:00,2.7659785573456537,3.0182804858799326,2.7566341184881056,2.9809024333953857,5887,0.0,0.0
2023-04-25 00:00:00-04:00,2.99024732470039,3.5509184381591385,2.906146479448955,3.0836923122406006,33247,0.0,0.0
2023-04-26 00:00:00-04:00,2.990247150176235,3.2705826905439777,2.8968018710355365,2.999591588973999,2693,0.0,0.0
2023-04-27 00:00:00-04:00,3.130415103065077,3.214515651262141,2.896802040105808,3.0836923122406006,5273,0.0,0.0
2023-04-28 00:00:00-04:00,2.9809025497897346,3.2145156097307326,2.9809025497897346,3.121070623397827,1967,0.0,0.0
2023-05-01 00:00:00-04:00,3.0836921322625805,3.2705826905439777,2.999591588973999,2.999591588973999,7153,0.0,0.0
2023-05-02 00:00:00-04:00,3.0836921364929606,3.2518935203552246,3.0836921364929606,3.2518935203552246,1713,0.0,0.0
2023-05-03 00:00:00-04:00,3.2705826976461285,3.457473256333363,3.205171031811032,3.364027976989746,5753,0.0,0.0
2023-05-04 00:00:00-04:00,3.5509184237777736,3.5509184237777736,3.2799273074890714,3.4481287002563477,2613,0.0,0.0
2023-05-05 00:00:00-04:00,3.5135403478501366,3.550918401895372,3.4574734153094684,3.5228850841522217,5373,0.0,0.0
2023-05-08 00:00:00-04:00,3.5509183406829834,3.5976411302248734,3.2986164059633536,3.5509183406829834,2880,0.0,0.0
2023-05-09 00:00:00-04:00,3.382716799290089,3.5509181805353567,3.364027921959698,3.5041956901550293,2027,0.0,0.0
2023-05-10 00:00:00-04:00,3.4574734072186706,4.102245357835294,3.4574734072186706,3.831254243850708,25467,0.0,0.0
2023-05-11 00:00:00-04:00,3.8312541237243543,3.924699404216043,3.644363562740978,3.7471532821655273,4793,0.0,0.0
2023-05-12 00:00:00-04:00,3.644363582800341,3.728464424822077,3.55091830179431,3.58829665184021,3427,0.0,0.0
2023-05-15 00:00:00-04:00,3.6910862116921916,3.737808701640965,3.4294395550486287,3.68174147605896,5233,0.0,0.0
2023-05-16 00:00:00-04:00,3.364028166024346,3.364028166024346,2.896802040105808,3.0836923122406006,9053,0.0,0.0
2023-05-17 00:00:00-04:00,2.896802040105808,3.2425492663459528,2.6258109227195807,3.0836923122406006,8087,0.0,0.0
2023-05-18 00:00:00-04:00,3.1584484871170155,3.1584484871170155,2.8313901634865872,2.8687682151794434,1813,0.0,0.0
2023-05-19 00:00:00-04:00,2.859423895301803,2.990247230188445,2.859423895301803,2.8968019485473633,1933,0.0,0.0
2023-05-22 00:00:00-04:00,2.50433199909467,2.952868944983616,2.50433199909467,2.75663423538208,3747,0.0,0.0
2023-05-23 00:00:00-04:00,2.7753230334878434,2.9902472094792962,2.681877752493923,2.803356647491455,2160,0.0,0.0
2023-05-24 00:00:00-04:00,2.7753231504884974,2.990247335540614,2.7566342717344527,2.831390380859375,2200,0.0,0.0
2023-05-25 00:00:00-04:00,2.8313903250702266,2.99024727662138,2.663188934326172,2.663188934326172,1953,0.0,0.0
2023-05-26 00:00:00-04:00,2.6631890194708334,2.756634305550479,2.560399293899536,2.560399293899536,1767,0.0,0.0
2023-05-30 00:00:00-04:00,2.5977773666381836,2.653844598079242,2.56039931136227,2.5977773666381836,1760,0.0,0.0
2023-05-31 00:00:00-04:00,2.6164660453796387,2.6912224472609876,2.6164660453796387,2.6164660453796387,1133,0.0,0.0
2023-06-01 00:00:00-04:00,2.850079185923583,5.046042285389319,2.850079185923583,3.6443636417388916,1151307,0.0,0.0
2023-06-02 00:00:00-04:00,3.307960765111252,3.410750483743332,2.9154907683045725,3.0369696617126465,32733,0.0,0.0
2023-06-05 00:00:00-04:00,2.7099114647831057,2.934180087891624,2.6631889711187506,2.737945079803467,18940,0.0,0.0
2023-06-06 00:00:00-04:00,2.6164660855036144,2.8874574895022915,2.569743593533834,2.803356647491455,14947,0.0,0.0
2023-06-07 00:00:00-04:00,2.8033565526106754,2.990247108273127,2.6258107326693914,2.924835443496704,18520,0.0,0.0
2023-06-08 00:00:00-04:00,2.896801928799465,2.9809024737650605,2.719255805775458,2.859423875808716,4467,0.0,0.0
2023-06-09 00:00:00-04:00,2.803356647795413,2.878112753776911,2.803356647795413,2.859423875808716,2980,0.0,0.0
2023-06-12 00:00:00-04:00,2.831390281104042,2.9061463875951628,2.616466103624118,2.8968019485473633,24107,0.0,0.0
2023-06-13 00:00:00-04:00,2.8968019485473633,3.177137496416247,2.8033566669062817,2.8968019485473633,15907,0.0,0.0
2023-06-14 00:00:00-04:00,2.8033568034503205,3.083692364973602,2.756634308881232,2.850079298019409,14920,0.0,0.0
2023-06-15 00:00:00-04:00,2.822045804167567,3.251893559247573,2.822045804167567,3.074347734451294,15347,0.0,0.0
2023-06-16 00:00:00-04:00,3.07434771313393,3.07434771313393,2.8968018895687444,2.9809024333953857,6753,0.0,0.0
2023-06-20 00:00:00-04:00,2.98090241288409,3.065003253186397,2.80335659054058,2.9435243606567383,14720,0.0,0.0
2023-06-21 00:00:00-04:00,2.8594237431656073,3.962077294933007,2.47629819793775,3.4294395446777344,152500,0.0,0.0
2023-06-22 00:00:00-04:00,3.669282231196325,7.189052252610461,3.6505933535007293,4.547667503356934,7290700,0.0,0.06666666666666667
2023-06-23 00:00:00-04:00,4.622423476460351,5.762455083236902,4.4853703243464444,5.257850646972656,2915100,0.0,0.0
2023-06-26 00:00:00-04:00,11.462614564687096,12.272473932130106,8.846148261237733,10.191760063171387,14938000,0.0,0.0
2023-06-27 00:00:00-04:00,8.441218420397208,10.901942455909271,8.410069894558582,9.244847297668457,2221700,0.0,0.0
2023-06-28 00:00:00-04:00,8.690405454025134,9.157631560092172,6.5785438348317085,6.6969075202941895,616500,0.0,0.0
2023-06-29 00:00:00-04:00,6.902487261324221,9.282225475525141,6.852649855359398,7.998911380767822,791100,0.0,0.0
2023-06-30 00:00:00-04:00,8.441218097562768,8.989430111386593,7.731034230859669,8.12973403930664,296700,0.0,0.0
2023-07-03 00:00:00-04:00,8.117275284454442,8.97074162663819,8.048748997981443,8.8149995803833,131600,0.0,0.0
2023-07-05 00:00:00-04:00,8.808770238223444,8.927133930466614,8.260558171073042,8.702865600585938,102300,0.0,0.0
2023-07-06 00:00:00-04:00,8.783851111126497,8.783851111126497,7.80579071625538,7.980222225189209,123500,0.0,0.0
2023-07-07 00:00:00-04:00,8.067437252646418,8.397610198796219,7.855627991079435,8.216949462890625,89000,0.0,0.0
2023-07-10 00:00:00-04:00,8.030058860778809,8.2854756815654,7.962155210922084,8.030058860778809,47300,0.0,0.0
2023-07-11 00:00:00-04:00,7.9490732476221595,8.061207103730641,7.544143618564984,7.927269458770752,124500,0.0,0.0
2023-07-12 00:00:00-04:00,7.836939848543633,8.223180058297071,7.41332128566816,7.544144630432129,102000,0.0,0.0
2023-07-13 00:00:00-04:00,7.388401986818684,7.469387916972667,6.6034625755353025,6.771663665771484,43100,0.0,0.0
2023-07-14 00:00:00-04:00,6.640840305358173,6.865731842869876,6.3480451119725245,6.516246795654297,96000,0.0,0.0
2023-07-17 00:00:00-04:00,6.273288743121114,6.553624870836683,5.837211180387229,6.024101734161377,117600,0.0,0.0
2023-07-18 00:00:00-04:00,5.843441562815501,6.080169541014579,5.749995979939978,5.880819320678711,62900,0.0,0.0
2023-07-19 00:00:00-04:00,5.793603934710952,6.415326240957138,5.749995760059788,5.980494499206543,55000,0.0,0.0
2023-07-20 00:00:00-04:00,5.893278545211878,6.0739392795045895,5.737536512404068,5.887048721313477,35900,0.0,0.0
2023-07-21 00:00:00-04:00,5.862130351532337,5.96803498736287,5.475890159606934,5.475890159606934,70200,0.0,0.0
2023-07-24 00:00:00-04:00,5.251621478556859,5.450971088240587,4.784395088224744,5.0834197998046875,16600,0.0,0.0
2023-07-25 00:00:00-04:00,4.989974686908952,5.15194653755046,4.93390746214007,5.039812088012695,7400,0.0,0.0
2023-07-26 00:00:00-04:00,4.803084210441596,4.849183777474338,4.535208026814207,4.553896903991699,35300,0.0,0.0
2023-07-27 00:00:00-04:00,4.840462479689381,4.846692303731809,4.622423688128562,4.697179794311523,6100,0.0,0.0
2023-07-28 00:00:00-04:00,4.7034097478314045,4.786264449317764,4.578815937042236,4.578815937042236,14000,0.0,0.0
2023-07-31 00:00:00-04:00,4.553897070221864,4.874725579320546,4.547667543286754,4.6224236488342285,14600,0.0,0.0
2023-08-01 00:00:00-04:00,4.622423572726804,4.634882923446242,3.8842063742278063,4.180116176605225,51100,0.0,0.0
2023-08-02 00:00:00-04:00,6.796582854048058,8.37269220751766,5.806063337443664,6.659529685974121,8870500,0.0,0.0
2023-08-03 00:00:00-04:00,6.3480451571076815,6.541165544103332,5.178111409444921,5.3575263023376465,268800,0.0,0.0
2023-08-04 00:00:00-04:00,5.151946834732607,6.42903105431853,5.151946834732607,6.223451614379883,173100,0.0,0.0
2023-08-07 00:00:00-04:00,5.762455628633548,6.541165848719162,5.619173233309994,5.880819320678711,84300,0.0,0.0
2023-08-08 00:00:00-04:00,5.774915343853147,5.880819388424737,5.161914523212597,5.450971603393555,43500,0.0,0.0
2023-08-09 00:00:00-04:00,5.740651514118179,5.874589759484642,5.419822707638248,5.463430881500244,64200,0.0,0.0
2023-08-10 00:00:00-04:00,5.67523957693134,5.905737718876481,5.363755504987846,5.60671329498291,69300,0.0,0.0
2023-08-11 00:00:00-04:00,5.502054336605738,5.502054336605738,5.077189975974896,5.0834197998046875,27700,0.0,0.0
2023-08-14 00:00:00-04:00,5.1083383440742764,5.1083383440742764,4.585045337677002,4.585045337677002,12300,0.0,0.0
2023-08-15 00:00:00-04:00,4.803084629957305,5.208013704119957,4.740787872167234,4.840462684631348,52600,0.0,0.0
2023-08-16 00:00:00-04:00,4.840462591873519,5.0884040692973835,4.4791411065607365,4.59750509262085,33100,0.0,0.0
2023-08-17 00:00:00-04:00,4.528978475622671,4.859151728524331,4.410614490509033,4.410614490509033,66500,0.0,0.0
2023-08-18 00:00:00-04:00,4.548290592544155,4.622423777161634,4.326513961697084,4.504059791564941,45800,0.0,0.0
2023-08-21 00:00:00-04:00,4.367006929971722,4.828003224285107,4.142738309926481,4.666031360626221,56500,0.0,0.0
2023-08-22 00:00:00-04:00,4.734557455018461,6.142465192998927,4.2486425080458785,4.304709434509277,308300,0.0,0.0
2023-08-23 00:00:00-04:00,4.205035328865051,4.62553898057331,4.1178198644786335,4.360777378082275,39200,0.0,0.0
2023-08-24 00:00:00-04:00,4.242413385030659,4.386319005237283,4.11159003992384,4.360777378082275,25400,0.0,0.0
2023-08-25 00:00:00-04:00,4.254872433620236,4.387564835451371,4.198805204843454,4.317169189453125,12400,0.0,0.0
2023-08-28 00:00:00-04:00,4.130278780047787,4.2611021113292535,4.043063027823907,4.110966682434082,11900,0.0,0.0
2023-08-29 00:00:00-04:00,4.030603937806683,4.35454737501655,3.9246995982061113,4.198805332183838,25000,0.0,0.0
2023-08-30 00:00:00-04:00,4.136508160866792,4.3233987124012705,4.024374008178711,4.024374008178711,15300,0.0,0.0
2023-08-31 00:00:00-04:00,4.105359860273752,4.884069982659254,4.055522459969774,4.759476184844971,138300,0.0,0.0
2023-09-01 00:00:00-04:00,8.410069865261905,8.952052074174626,6.267059731373371,7.238889694213867,13183100,0.0,0.0
2023-09-05 00:00:00-04:00,6.429030853960789,7.039539924834722,6.3542747503227215,6.759204387664795,283100,0.0,0.0
2023-09-06 00:00:00-04:00,6.615921438900167,7.295580012565939,6.49132793229454,6.902486801147461,171700,0.0,0.0
2023-09-07 00:00:00-04:00,6.62838136627254,7.5989655069052136,6.62838136627254,6.964784145355225,143600,0.0,0.0
2023-09-08 00:00:00-04:00,6.796582099810546,7.6002109515163765,6.796582099810546,7.438239097595215,69800,0.0,0.0
2023-09-11 00:00:00-04:00,7.070688458131529,7.185937228583986,6.491327911624332,6.578543663024902,38400,0.0,0.0
2023-09-12 00:00:00-04:00,6.497557887167384,6.572313992638127,5.768685116191751,6.036561012268066,67100,0.0,0.0
2023-09-13 00:00:00-04:00,6.042790975635985,6.042790975635985,5.4821198746184505,5.687699317932129,29300,0.0,0.0
2023-09-14 00:00:00-04:00,5.563105858727065,5.6067134398107985,5.145717144012451,5.145717144012451,38500,0.0,0.0
2023-09-15 00:00:00-04:00,5.01489412485886,5.151947295101014,4.7906254898608545,4.965056419372559,34200,0.0,0.0
2023-09-18 00:00:00-04:00,4.753247057150637,4.9650560262141665,4.504059737668594,4.609964370727539,77600,0.0,0.0
2023-09-19 00:00:00-04:00,4.728328058554102,4.865380912299371,4.485370281333247,4.659801483154297,52400,0.0,0.0
2023-09-20 00:00:00-04:00,4.672261106556859,4.809313968311941,4.4106144370609774,4.516519069671631,30800,0.0,0.0
2023-09-21 00:00:00-04:00,4.5165192164051025,4.824888388163161,4.466681810511401,4.491600513458252,41400,0.0,0.0
2023-09-22 00:00:00-04:00,4.367007155493227,4.472911498291971,4.024374532092456,4.192575931549072,43200,0.0,0.0
2023-09-25 00:00:00-04:00,4.298480129144402,4.65357177087717,4.236183375950438,4.3794660568237305,39200,0.0,0.0
2023-09-26 00:00:00-04:00,4.367006926876341,4.4666817370238565,4.130278955721625,4.229953765869141,17600,0.0,0.0
2023-09-27 00:00:00-04:00,4.1302790109512495,4.323399106721625,4.118442582529802,4.124049186706543,16000,0.0,0.0
2023-09-28 00:00:00-04:00,4.055522967439883,4.572586505875643,4.055522967439883,4.385695934295654,37000,0.0,0.0
2023-09-29 00:00:00-04:00,4.51651891385045,4.51651891385045,4.209395608697141,4.3794660568237305,10800,0.0,0.0
2023-10-02 00:00:00-04:00,4.416844555081209,4.416844555081209,3.9371590614318848,3.9371590614318848,23500,0.0,0.0
2023-10-03 00:00:00-04:00,3.9371587699567425,4.036833577760542,3.793876085211602,3.9869961738586426,12100,0.0,0.0
2023-10-04 00:00:00-04:00,3.906010249997372,4.148967742919922,3.7390547090257833,4.148967742919922,8500,0.0,0.0
2023-10-05 00:00:00-04:00,4.0243740510672605,4.1178193278303645,3.925945093542443,4.099130153656006,5100,0.0,0.0
2023-10-06 00:00:00-04:00,3.9994556529501866,4.286021031620126,3.9994556529501866,4.142738342285156,9100,0.0,0.0
2023-10-09 00:00:00-04:00,4.2486427635889585,4.641112460655966,4.086670906819754,4.342087745666504,37900,0.0,0.0
2023-10-10 00:00:00-04:00,4.261102494563974,4.609964643672372,4.080441744080239,4.2112650871276855,70800,0.0,0.0
2023-10-11 00:00:00-04:00,4.2050351564832456,4.357662287166255,4.111589871372743,4.198805332183838,3400,0.0,0.0
2023-10-12 00:00:00-04:00,4.205035060674058,4.64111265184814,3.9745369138264537,4.067982196807861,47000,0.0,0.0
2023-10-13 00:00:00-04:00,4.024374153083273,4.522748777083829,4.024374153083273,4.342087745666504,77500,0.0,0.0
2023-10-16 00:00:00-04:00,4.29848031123044,4.429303647006689,4.142738273121036,4.317169189453125,30800,0.0,0.0
2023-10-17 00:00:00-04:00,4.155197710549852,4.385695860443884,4.155197710549852,4.2361836433410645,5500,0.0,0.0
2023-10-18 00:00:00-04:00,4.302218504529497,4.302218504529497,4.114705001362133,4.1614274978637695,3400,0.0,0.0
2023-10-19 00:00:00-04:00,4.4853705624593365,4.9214484458165035,4.31093964675996,4.609964370727539,55300,0.0,0.0
2023-10-20 00:00:00-04:00,4.4791409561239535,4.566356412429517,4.279791044656877,4.348317623138428,10400,0.0,0.0
2023-10-23 00:00:00-04:00,4.242413391915312,4.325891021115199,4.0804418149348285,4.12093448638916,10100,0.0,0.0
2023-10-24 00:00:00-04:00,4.049292821165285,4.049292821165285,3.7440385818481445,3.7440385818481445,5900,0.0,0.0
2023-10-25 00:00:00-04:00,3.818794967998594,3.858664714775499,3.7564982101712054,3.762727737426758,7300,0.0,0.0
2023-10-26 00:00:00-04:00,3.7378090520422425,3.9371589750907368,3.4394072390197636,3.8001058101654053,19000,0.0,0.0
2023-10-27 00:00:00-04:00,3.588296849251355,3.8748619379519575,3.588296849251355,3.8374838829040527,2300,0.0,0.0
2023-10-30 00:00:00-04:00,3.687971591949463,3.7751870520544597,3.631904361926208,3.687971591949463,7000,0.0,0.0
2023-10-31 00:00:00-04:00,3.6038706374242673,3.750268235229253,3.6038706374242673,3.6256747245788574,3200,0.0,0.0
2023-11-01 00:00:00-04:00,3.5820668522567103,3.7876462936401367,3.550295403028082,3.7876462936401367,3900,0.0,0.0
2023-11-02 00:00:00-04:00,3.6568229005710573,3.7141359740482023,3.6443635496870845,3.6755120754241943,1900,0.0,0.0
2023-11-03 00:00:00-04:00,3.8312543010089515,3.8810917070294955,3.72534966468811,3.7253496646881104,3200,0.0,0.0
2023-11-06 00:00:00-05:00,3.7627275316120024,3.853057899784393,3.6755120754241943,3.6755120754241943,4700,0.0,0.0
2023-11-07 00:00:00-05:00,3.563377816601282,3.7191198597527335,3.532852509223957,3.6007561683654785,3000,0.0,0.0
2023-11-08 00:00:00-05:00,3.588296576244288,3.7091522486653905,3.488621473312378,3.488621473312378,4300,0.0,0.0
2023-11-09 00:00:00-05:00,3.488621473312378,3.488621473312378,3.488621473312378,3.488621473312378,900,0.0,0.0
2023-11-10 00:00:00-05:00,3.457473284851362,3.568361596784475,3.1771374445082383,3.563377618789673,5400,0.0,0.0
2023-11-13 00:00:00-05:00,3.5696075287206046,3.6755121622637064,3.152218818664551,3.152218818664551,23800,0.0,0.0
2023-11-14 00:00:00-05:00,3.152218772281074,3.494851370225383,3.152218772281074,3.4761621952056885,13800,0.0,0.0
2023-11-15 00:00:00-05:00,3.5259997261286693,3.7315791734747763,3.4200950903311305,3.687971591949463,13500,0.0,0.0
2023-11-16 00:00:00-05:00,3.6132152777136772,3.619444804553848,3.4387840703735995,3.488621473312378,2900,0.0,0.0
2023-11-17 00:00:00-05:00,3.582067131996155,3.737809181213379,3.582067131996155,3.737809181213379,5200,0.0,0.0
2023-11-20 00:00:00-05:00,3.893550840446576,3.893550840446576,3.525999546051026,3.5259995460510254,6100,0.0,0.0
2023-11-21 00:00:00-05:00,3.349699829109141,3.706660569389398,3.301731488152691,3.494851589202881,6400,0.0,0.0
2023-11-22 00:00:00-05:00,3.370257596183399,3.619444915575107,3.370257596183399,3.445013999938965,2600,0.0,0.0
2023-11-24 00:00:00-05:00,3.6132152777136772,3.6132152777136772,3.3883237444562395,3.488621473312378,900,0.0,0.0
2023-11-27 00:00:00-05:00,3.575837077532651,3.706660414228174,3.5197701454162593,3.5197701454162598,5500,0.0,0.0
2023-11-28 00:00:00-05:00,3.5197699344584215,3.5197699344584215,3.3640279045890606,3.3764872550964355,2900,0.0,0.0
2023-11-29 00:00:00-05:00,3.4886216187537578,3.5197701454162593,3.3640281062124813,3.5197701454162598,2300,0.0,0.0
2023-11-30 00:00:00-05:00,3.5010809544268975,3.845582326977463,3.497343119361857,3.6443636417388916,13200,0.0,0.0
2023-12-01 00:00:00-05:00,3.5640007386903347,3.7191195487976074,3.5640007386903347,3.7191195487976074,5800,0.0,0.0
2023-12-04 00:00:00-05:00,3.725349575829962,3.8624024391174316,3.6256747661663473,3.8624024391174316,5700,0.0,0.0
2023-12-05 00:00:00-05:00,3.8624024736216636,4.058637479690716,3.7689574872544296,3.831254243850708,7900,0.0,0.0
2023-12-06 00:00:00-05:00,3.881091885188682,3.881091885188682,3.800105948160502,3.809450387954712,1700,0.0,0.0
2023-12-07 00:00:00-05:00,3.7440387511690716,3.86863226324859,3.7440387511690716,3.8624024391174316,3200,0.0,0.0
2023-12-08 00:00:00-05:00,3.7751868448169157,3.8624023001342516,3.7751868448169157,3.853057861328125,1200,0.0,0.0
2023-12-11 00:00:00-05:00,3.7689575971767493,3.837483882904053,3.7689575971767493,3.8374838829040527,3000,0.0,0.0
2023-12-12 00:00:00-05:00,3.831254093922574,3.831254093922574,3.456850051879883,3.456850051879883,9900,0.0,0.0
2023-12-13 00:00:00-05:00,3.5820668827403677,3.5820668827403677,3.3328795619214695,3.4263248443603516,6500,0.0,0.0
2023-12-14 00:00:00-05:00,3.2768125108225696,3.519769998676291,3.2768125108225696,3.488621473312378,5700,0.0,0.0
2023-12-15 00:00:00-05:00,3.3889467907956714,3.8001056770615174,3.3889467907956714,3.4263248443603516,4000,0.0,0.0
2023-12-18 00:00:00-05:00,3.426324710730253,3.706660250059169,3.426324710730253,3.6692821979522705,6200,0.0,0.0
2023-12-19 00:00:00-05:00,3.488621464241751,3.6692821979522705,3.488621464241751,3.6692821979522705,2200,0.0,0.0
2023-12-20 00:00:00-05:00,3.5459347926741778,3.5459347926741778,3.270582914352417,3.270582914352417,5800,0.0,0.0
2023-12-21 00:00:00-05:00,3.2705826510527127,3.2830420016507396,3.133529794474418,3.155956506729126,3900,0.0,0.0
2023-12-22 00:00:00-05:00,3.1584488026167477,3.501081125887561,2.959098876620624,3.079331636428833,13100,0.0,0.0
2023-12-26 00:00:00-05:00,3.0587735351082057,3.0650033592221324,2.990247252181194,3.0537898540496826,8000,0.0,0.0
2023-12-27 00:00:00-05:00,3.0525439902576825,3.189596852367294,2.99647676177657,3.170907974243164,4600,0.0,0.0
2023-12-28 00:00:00-05:00,3.177137521021238,3.177137521021238,3.152218818664551,3.152218818664551,700,0.0,0.0
2023-12-29 00:00:00-05:00,3.3079608004776904,3.638134046651633,3.1771374668101244,3.2369425296783447,39400,0.0,0.0
2024-01-02 00:00:00-05:00,3.177137505794382,3.569607511612784,3.177137505794382,3.3328795433044434,36200,0.0,0.0
2024-01-03 00:00:00-05:00,3.2207453444901777,3.2599921663672484,3.052543957885002,3.2020561695098877,10600,0.0,0.0
2024-01-04 00:00:00-05:00,3.052543970952367,3.202056183217286,2.996476742825842,3.021395444869995,12500,0.0,0.0
2024-01-05 00:00:00-05:00,3.0506748298844797,3.0506748298844797,2.927950091661112,3.047560214996338,3200,0.0,0.0
2024-01-08 00:00:00-05:00,3.0463141262480153,3.0463141262480153,2.8563089501867487,2.927950143814087,4600,0.0,0.0
2024-01-09 00:00:00-05:00,2.9030314985238186,3.108610941527696,2.7472894602415647,3.09615159034729,8600,0.0,0.0
2024-01-10 00:00:00-05:00,2.965328584526521,3.0650033950805664,2.9466394090204537,3.0650033950805664,1600,0.0,0.0
2024-01-11 00:00:00-05:00,2.984017392167036,3.1397594284891333,2.803356653797752,3.1335299015045166,7600,0.0,0.0
2024-01-12 00:00:00-05:00,3.1335298534556317,3.177137432842359,3.0369696617126465,3.0369696617126465,1700,0.0,0.0
2024-01-16 00:00:00-05:00,2.8718831942584173,2.990247175914877,2.7410598617462445,2.9466392993927,3700,0.0,0.0
2024-01-17 00:00:00-05:00,2.9329342467993884,3.0270024543550047,2.8469646325509648,2.977787971496582,3400,0.0,0.0
2024-01-18 00:00:00-05:00,2.878112884475289,2.903031587600708,2.6239418749525134,2.903031587600708,21400,0.0,0.0
2024-01-19 00:00:00-05:00,2.8905722373603417,3.046314280492646,2.7410600185394287,2.7410600185394287,7600,0.0,0.0
2024-01-22 00:00:00-05:00,2.813323905367811,2.813323905367811,2.3735085047385653,2.6376471519470215,14000,0.0,0.0
2024-01-23 00:00:00-05:00,2.5043318188867283,2.709911250003241,2.5043318188867283,2.628925323486328,3100,0.0,0.0
2024-01-24 00:00:00-05:00,2.4981024995529024,2.6538445417578154,2.4981024995529024,2.6476147174835205,2400,0.0,0.0
2024-01-25 00:00:00-05:00,2.747289373010657,2.803356600069439,2.747289373010657,2.7977499961853027,2000,0.0,0.0
2024-01-26 00:00:00-05:00,2.780306770440736,2.780306770440736,2.7398138046264644,2.739813804626465,1000,0.0,0.0
2024-01-29 00:00:00-05:00,2.76597854669636,2.76597854669636,2.647614565757164,2.706796407699585,5000,0.0,0.0
2024-01-30 00:00:00-05:00,2.504331900612367,2.7304692822202328,2.504331900612367,2.7229936122894287,4900,0.0,0.0
2024-01-31 00:00:00-05:00,2.5977773666381836,2.789651621364707,2.5977773666381836,2.5977773666381836,1200,0.0,0.0
2024-02-01 00:00:00-05:00,2.653844295694324,3.5446885875680896,2.6351551216586646,2.7722079753875732,190000,0.0,0.0
2024-02-02 00:00:00-05:00,2.7659786842611176,3.0213955364856977,2.5853179404357753,2.666303873062134,16700,0.0,0.0
2024-02-05 00:00:00-05:00,2.579711060679764,2.69745212547333,2.579711060679764,2.5915474891662598,3600,0.0,0.0
2024-02-06 00:00:00-05:00,2.5429558906985377,3.1023814479645324,2.5429558906985377,2.65010666847229,8900,0.0,0.0
2024-02-07 00:00:00-05:00,2.585317864077765,2.836373950750104,2.554169337970878,2.7902743816375732,6400,0.0,0.0
2024-02-08 00:00:00-05:00,2.6040068406697756,2.709288553959826,2.2987525803064526,2.5915474891662598,13900,0.0,0.0
2024-02-09 00:00:00-05:00,2.8158158774400746,2.8158158774400746,2.616465973026368,2.628925323486328,2700,0.0,0.0
2024-02-12 00:00:00-05:00,2.5292508197431345,2.8033568594220375,2.5292508197431345,2.8002419471740723,2000,0.0,0.0
2024-02-13 00:00:00-05:00,2.6787632833265036,2.7846676240254347,2.560399293899536,2.560399293899536,2000,0.0,0.0
2024-02-14 00:00:00-05:00,2.644499936807434,2.7410601384785194,2.5161685803320535,2.585318088531494,4800,0.0,0.0
2024-02-15 00:00:00-05:00,2.5105618161359398,2.7908973693847656,2.5105618161359398,2.7908973693847656,4700,0.0,0.0
2024-02-16 00:00:00-05:00,2.4981023998437824,2.859423875808716,2.4981023998437824,2.859423875808716,338600,0.0,0.0
2024-02-20 00:00:00-05:00,6.653300247314273,8.659257327438215,4.734558033727329,5.66278076171875,12436400,0.0,0.0
2024-02-21 00:00:00-05:00,5.3949043971657,5.731307193932582,4.80308473912695,5.270310878753662,233500,0.0,0.0
2024-02-22 00:00:00-05:00,4.971285999062997,5.295229434967041,4.859151835615033,5.295229434967041,81000,0.0,0.0
2024-02-23 00:00:00-05:00,5.195554697841039,5.245392104535682,4.927678191275763,5.120798587799072,52200,0.0,0.0
2024-02-26 00:00:00-05:00,4.983745521454226,5.513268720752243,4.983745521454226,5.345067024230957,108800,0.0,0.0
2024-02-27 00:00:00-05:00,5.444741351490116,5.500808578637539,5.183094687541281,5.232932090759277,126500,0.0,0.0
2024-02-28 00:00:00-05:00,5.376215368206645,5.382445192480939,5.0460424050826775,5.295229434967041,68600,0.0,0.0
2024-02-29 00:00:00-05:00,5.35752661094447,5.955576090333114,5.23293249906907,5.930657386779785,44300,0.0,0.0
2024-03-01 00:00:00-05:00,6.036561053511619,6.036561053511619,5.606713295590826,5.718847751617432,11700,0.0,0.0
2024-03-04 00:00:00-05:00,5.949345892942499,5.949345892942499,5.239161995032191,5.60671329498291,44200,0.0,0.0
2024-03-05 00:00:00-05:00,5.606713065841996,5.614811361456503,4.852921618781114,5.189324378967285,42600,0.0,0.0
2024-03-06 00:00:00-05:00,7.263808874586472,13.21938433517849,6.696907926558459,10.75243091583252,9247300,0.0,0.0
2024-03-07 00:00:00-05:00,10.752429921036502,11.836394309997559,10.31261481693716,11.836394309997559,547200,0.0,0.0
2024-03-08 00:00:00-05:00,11.711800513770019,15.904376983642578,11.621471036846472,15.904376983642578,449800,0.0,0.0
2024-03-11 00:00:00-04:00,17.75459357969686,27.75946365942161,17.19392244113941,20.383520126342773,774400,0.0,0.0
2024-03-12 00:00:00-04:00,19.361848847255658,21.67928979300441,18.745110559795524,21.118619918823242,191400,0.0,0.0
2024-03-13 00:00:00-04:00,19.766778759669698,20.732378899557798,14.951235331742993,16.159793853759766,248300,0.0,0.0
2024-03-14 00:00:00-04:00,15.43715098757983,18.689044261285172,15.349934639705976,18.159521102905273,153100,0.0,0.0
2024-03-15 00:00:00-04:00,18.720192744432826,18.720192744432826,15.592893482320251,17.941482543945312,102600,0.0,0.0
2024-03-18 00:00:00-04:00,15.648960092502163,17.181461136068183,11.419005880510854,12.147878646850586,165400,0.0,0.0
2024-03-19 00:00:00-04:00,10.933090360530159,12.992000249355808,9.107794117860598,12.882981300354004,130900,0.0,0.0
2024-03-20 00:00:00-04:00,11.761638335013751,13.274205901639787,11.244574809873042,12.484282493591309,31400,0.0,0.0
2024-03-21 00:00:00-04:00,12.216405489192923,13.786284283984893,12.216405489192923,13.487259864807129,34100,0.0,0.0
2024-03-22 00:00:00-04:00,13.16954657652312,16.072578119046973,13.076101589780952,14.994843482971191,107500,0.0,0.0
2024-03-25 00:00:00-04:00,13.2872795122385,14.84554904565401,8.631133248856443,8.873738288879395,266700,8.0,0.0
2024-03-26 00:00:00-04:00,10.030775857240705,10.030775857240705,8.444513806627633,8.659125328063965,136400,0.0,0.0
2024-03-27 00:00:00-04:00,8.724443317786434,9.330955039399731,8.724443317786434,8.911062240600586,65700,0.0,0.0
2024-03-28 00:00:00-04:00,7.9593040342313905,10.021445038912022,7.9593040342313905,9.55489730834961,113400,0.0,0.0
2024-04-01 00:00:00-04:00,9.321623782934058,9.321623782934058,8.631133330095063,8.995040893554688,17600,0.0,0.0
2024-04-02 00:00:00-04:00,9.321623802185059,9.321623802185059,8.78042848507258,9.321623802185059,13000,0.0,0.0
2024-04-03 00:00:00-04:00,9.209652178222145,9.844157382312035,9.079018492124465,9.676199913024902,12900,0.0,0.0
2024-04-04 00:00:00-04:00,9.648206692783528,9.657537860462762,9.218982768099202,9.442925453186035,25500,0.0,0.0
2024-04-05 00:00:00-04:00,9.498912060695728,9.508242338988415,8.01062455390756,8.71511173248291,68400,0.0,0.0
2024-04-08 00:00:00-04:00,8.556485201502385,8.799090227926088,8.453845024108887,8.453845024108887,14900,0.0,0.0
2024-04-09 00:00:00-04:00,8.547153819404608,8.603139935587528,8.31387996673584,8.31387996673584,5900,0.0,0.0
2024-04-10 00:00:00-04:00,8.444513905196096,8.444513905196096,7.642051257733854,7.744692325592041,19200,0.0,0.0
2024-04-11 00:00:00-04:00,7.977032905420588,8.00595899288416,7.147511096642435,7.371454238891602,21600,0.0,0.0
2024-04-12 00:00:00-04:00,7.530079923688202,7.929445192431974,6.755610778891309,6.820927619934082,59800,0.0,0.0
2024-04-15 00:00:00-04:00,6.951560830072959,7.1643067428398055,6.540999229193832,6.811596870422363,6000,0.0,0.0
2024-04-16 00:00:00-04:00,6.9608918953427725,7.110187020733105,6.578322914062762,6.587653636932373,21300,0.0,0.0
2024-04-17 00:00:00-04:00,6.606315612792969,7.166172785160502,6.32638724907649,6.606315612792969,51700,0.0,0.0
2024-04-18 00:00:00-04:00,6.76494222254149,6.904906633374096,5.869170527134332,6.466351509094238,74300,0.0,0.0
2024-04-19 00:00:00-04:00,6.354379918497446,6.764941967136501,5.925155978780916,5.99980354309082,73500,0.0,0.0
2024-04-22 00:00:00-04:00,6.0557892526544315,6.606315710144683,6.0557892526544315,6.214415550231934,28200,0.0,0.0
2024-04-23 00:00:00-04:00,5.83184682405912,6.3450495225501635,5.83184682405912,6.065120697021484,9900,0.0,0.0
2024-04-24 00:00:00-04:00,6.186422985949325,6.368376315284279,5.859839665025571,6.018465518951416,16500,0.0,0.0
2024-04-25 00:00:00-04:00,6.083782534716401,6.251739561572535,5.5528514217248,5.841177940368652,20300,0.0,0.0
2024-04-26 00:00:00-04:00,5.86450468981015,5.990472787602381,5.430615613373142,5.887832164764404,14600,0.0,0.0
2024-04-29 00:00:00-04:00,5.859839524360295,6.4196966960666035,5.523925043362679,5.8785014152526855,12600,0.0,0.0
2024-04-30 00:00:00-04:00,5.822515249636298,6.065120274171764,5.561248779296875,5.561248779296875,7500,0.0,0.0
2024-05-01 00:00:00-04:00,5.766529881801976,5.766529881801976,5.432481886469479,5.575245380401611,2400,0.0,0.0
2024-05-02 00:00:00-04:00,5.49593216343366,6.009134847079557,5.49593216343366,5.607903957366943,10100,0.0,0.0
2024-05-03 00:00:00-04:00,5.971810810257324,5.990472700963911,5.682551281837937,5.869170188903809,11800,0.0,0.0
2024-05-06 00:00:00-04:00,5.925155817487221,6.093113277546974,5.654558181762695,5.654558181762695,6500,0.0,0.0
2024-05-07 00:00:00-04:00,5.766529604966468,6.158429757282217,5.533255747153244,5.570579528808594,8600,0.0,0.0
2024-05-08 00:00:00-04:00,5.635896433899871,5.794522730224187,5.561248869731859,5.682551383972168,4800,0.0,0.0
2024-05-09 00:00:00-04:00,5.8318465711229095,6.027796651507406,5.64522765882081,5.803853511810303,4000,0.0,0.0
2024-05-10 00:00:00-04:00,5.831846528642183,5.831846528642183,4.945406034262403,5.374629974365234,23000,0.0,0.0
2024-05-13 00:00:00-04:00,5.4586084607354355,5.542587196187158,5.159084719563249,5.523925304412842,4600,0.0,0.0
2024-05-14 00:00:00-04:00,5.407288212418539,5.523925143851434,5.271989389753764,5.3055806159973145,5100,0.0,0.0
2024-05-15 00:00:00-04:00,5.341971455517286,5.443679053554525,5.276655057635198,5.351302623748779,4000,0.0,0.0
2024-05-16 00:00:00-04:00,5.402622435619796,5.6079036767809445,5.2439961433410645,5.2439961433410645,6000,0.0,0.0
2024-05-17 00:00:00-04:00,5.4119536197255576,5.645227474973477,5.038715362341972,5.449277400970459,15400,0.0,0.0
2024-05-20 00:00:00-04:00,5.188010562081059,5.583643271886499,5.188010562081059,5.365298748016357,13000,0.0,0.0
2024-05-21 00:00:00-04:00,5.411953787882444,5.49593207582551,5.2719893813978915,5.48660135269165,4100,0.0,0.0
2024-05-22 00:00:00-04:00,5.290651515060287,5.654558632649603,5.290651515060287,5.645227909088135,2100,0.0,0.0
2024-05-23 00:00:00-04:00,5.449277820016672,5.691882416764681,5.449277820016672,5.645227909088135,1700,0.0,0.0
2024-05-24 00:00:00-04:00,5.561248879686657,5.663889503068693,5.225334395394726,5.271989345550537,11900,0.0,0.0
2024-05-28 00:00:00-04:00,5.225334511278478,5.5985727859986385,5.225334511278478,5.505263328552246,4900,0.0,0.0
2024-05-29 00:00:00-04:00,5.458608462276672,5.663889716786711,5.327975219819572,5.626565933227539,9600,0.0,0.0
2024-05-30 00:00:00-04:00,5.682551535212848,6.531668267625034,5.4586083918140025,6.447689533233643,43600,0.0,0.0
2024-05-31 00:00:00-04:00,6.8955753717662285,6.932899154825577,6.13043737411499,6.13043737411499,19500,0.0,0.0
2024-06-03 00:00:00-04:00,6.055789418619094,6.402901138177039,5.8691705016102595,6.354380130767822,7200,0.0,0.0
2024-06-04 00:00:00-04:00,6.0651204207164415,6.50927369798578,6.0651204207164415,6.214415550231934,7000,0.0,0.0
2024-06-05 00:00:00-04:00,6.3917039992045925,6.5223372428487165,6.233077695169428,6.475682735443115,4500,0.0,0.0
2024-06-06 00:00:00-04:00,6.373041766997226,6.391703657950024,6.205084748422046,6.298394203186035,3000,0.0,0.0
2024-06-07 00:00:00-04:00,6.2983945699838495,6.2983945699838495,6.065120697021484,6.065120697021484,5400,0.0,0.0
2024-06-10 00:00:00-04:00,5.925156066154474,6.065120473766778,5.4987316485254425,5.547252655029297,4700,0.0,0.0
2024-06-11 00:00:00-04:00,5.878501354798012,6.457020411447206,5.878501354798012,6.2797322273254395,4700,0.0,0.0
2024-06-12 00:00:00-04:00,6.345049330993189,6.345049330993189,5.493133072988624,6.0791168212890625,5200,0.0,0.0
2024-06-13 00:00:00-04:00,5.981141764506219,6.065120498401618,5.897163475545409,5.915825366973877,5000,0.0,0.0
2024-06-14 00:00:00-04:00,6.065120376622557,6.153764247894287,6.065120376622557,6.153764247894287,2200,0.0,0.0
2024-06-17 00:00:00-04:00,6.270400960527966,10.170739614835236,6.195753398904411,8.621801376342773,2706000,0.0,0.0
2024-06-18 00:00:00-04:00,9.00437068939209,10.515986093559894,7.502087343113174,9.00437068939209,1560200,0.0,0.0
2024-06-20 00:00:00-04:00,8.603140715338053,8.967047388967977,8.117930630672543,8.584478378295898,99400,0.0,0.0
2024-06-21 00:00:00-04:00,8.285887727065159,8.491168975830078,7.502087404389254,8.491168975830078,69200,0.0,0.0
2024-06-24 00:00:00-04:00,8.201908911161437,8.211240079163206,7.707368575366806,7.856663703918457,25400,0.0,0.0
2024-06-25 00:00:00-04:00,7.847332632958763,8.481837827018888,7.847332632958763,8.183247566223145,34800,0.0,0.0
2024-06-26 00:00:00-04:00,8.257895028618481,11.141159200738876,8.16925071234735,11.057181358337402,383700,0.0,0.0
2024-06-27 00:00:00-04:00,13.669848284486669,14.416324838729958,11.197145644041782,12.279536247253418,329600,0.0,0.0
2024-06-28 00:00:00-04:00,10.879892636282948,10.879892636282948,8.593808997127967,10.422676086425781,175900,0.0,0.0
2024-07-01 00:00:00-04:00,10.058768763879637,13.763157972391866,9.775107837876394,13.268617630004883,248000,0.0,0.0
2024-07-02 00:00:00-04:00,13.697842088290917,17.915434133409615,13.063336869854142,17.2529354095459,397700,0.0,0.0
2024-07-03 00:00:00-04:00,16.3385024834216,17.26226681851972,15.049897108717841,16.469135284423828,57600,0.0,0.0
2024-07-05 00:00:00-04:00,15.769312556926275,16.333834870161194,14.929527018105503,15.797306060791016,30600,0.0,0.0
2024-07-08 00:00:00-04:00,15.927939518924957,15.927939518924957,13.996432164923636,14.490972518920898,71500,0.0,0.0
2024-07-09 00:00:00-04:00,15.86262255487928,15.86262255487928,14.817555763930356,15.260775566101074,49900,0.0,0.0
2024-07-10 00:00:00-04:00,15.265442674977855,15.86262321472168,14.490972605226489,15.86262321472168,23700,0.0,0.0
2024-07-11 00:00:00-04:00,15.6946651800649,17.915433347127333,15.3960749209025,17.187618255615234,132600,0.0,0.0
2024-07-12 00:00:00-04:00,16.525119923450905,16.576440459071545,14.976181585252672,15.80663776397705,44700,0.0,0.0
2024-07-15 00:00:00-04:00,16.002587431841377,20.061553203350716,15.837429486011697,19.585674285888672,153400,0.0,0.0
2024-07-16 00:00:00-04:00,19.15645017177025,20.052220946810117,17.96208735864543,18.829866409301758,150200,0.0,0.0
2024-07-17 00:00:00-04:00,18.960499512005658,21.73179417448252,18.717894478202872,19.930919647216797,115900,0.0,0.0
2024-07-18 00:00:00-04:00,20.070883358519353,22.179679290711324,20.070883358519353,20.920000076293945,165900,0.0,0.0
2024-07-19 00:00:00-04:00,20.5,21.0,13.010000228881836,14.739999771118164,223200,1.5,0.0
2024-07-22 00:00:00-04:00,14.609999656677246,15.0,11.0600004196167,12.140000343322754,136000,0.0,0.0
2024-07-23 00:00:00-04:00,12.399999618530273,13.454000473022461,12.010000228881836,12.180000305175781,36700,0.0,0.0
2024-07-24 00:00:00-04:00,11.489999771118164,12.550000190734863,10.34000015258789,11.789999961853027,113400,0.0,0.0
2024-07-25 00:00:00-04:00,11.140000343322754,11.914999961853027,11.020000457763672,11.630000114440918,47100,0.0,0.0
2024-07-26 00:00:00-04:00,13.6899995803833,14.84000015258789,12.319999694824219,12.789999961853027,781300,0.0,0.0
2024-07-29 00:00:00-04:00,12.359999656677246,13.420000076293945,10.779999732971191,11.890000343322754,90600,0.0,0.0
2024-07-30 00:00:00-04:00,11.380000114440918,11.734000205993652,8.579999923706055,8.970000267028809,125100,0.0,0.0
2024-07-31 00:00:00-04:00,9.510000228881836,10.300000190734863,9.109999656677246,9.680000305175781,65300,0.0,0.0
2024-08-01 00:00:00-04:00,9.15999984741211,9.40999984741211,8.5,8.880000114440918,41100,0.0,0.0
2024-08-02 00:00:00-04:00,8.520000457763672,9.095000267028809,7.53000020980835,8.109999656677246,37400,0.0,0.0
2024-08-05 00:00:00-04:00,7.289999961853027,8.020000457763672,6.75,6.840000152587891,46600,0.0,0.0
2024-08-06 00:00:00-04:00,7.260000228881836,7.78000020980835,6.579999923706055,6.769999980926514,88700,0.0,0.0
2024-08-07 00:00:00-04:00,6.909999847412109,7.699999809265137,6.78000020980835,6.809999942779541,34200,0.0,0.0
2024-08-08 00:00:00-04:00,6.943999767303467,7.455999851226807,6.389999866485596,6.46999979019165,112500,0.0,0.0
2024-08-09 00:00:00-04:00,6.400000095367432,6.901000022888184,6.360000133514404,6.360000133514404,22900,0.0,0.0
2024-08-12 00:00:00-04:00,6.889999866485596,6.889999866485596,6.289999961853027,6.400000095367432,28800,0.0,0.0
2024-08-13 00:00:00-04:00,6.46999979019165,7.300000190734863,6.400000095367432,6.900000095367432,28700,0.0,0.0
2024-08-14 00:00:00-04:00,6.949999809265137,7.800000190734863,6.949999809265137,7.690000057220459,19200,0.0,0.0
2024-08-15 00:00:00-04:00,7.900000095367432,8.069999694824219,7.039999961853027,7.21999979019165,95800,0.0,0.0
2024-08-16 00:00:00-04:00,7.25,8.399999618530273,7.170000076293945,8.369999885559082,51600,0.0,0.0
2024-08-19 00:00:00-04:00,10.010000228881836,10.229999542236328,8.079999923706055,8.369999885559082,235500,0.0,0.0
2024-08-20 00:00:00-04:00,8.470000267028809,8.722999572753906,7.869999885559082,8.300000190734863,76000,0.0,0.0
2024-08-21 00:00:00-04:00,8.420000076293945,8.579999923706055,8.119999885559082,8.25,19400,0.0,0.0
2024-08-22 00:00:00-04:00,8.369999885559082,8.539999961853027,8.01099967956543,8.270000457763672,10900,0.0,0.0
2024-08-23 00:00:00-04:00,8.149999618530273,8.270000457763672,7.880000114440918,7.909999847412109,14000,0.0,0.0
2024-08-26 00:00:00-04:00,7.920000076293945,8.3100004196167,7.380000114440918,7.489999771118164,16600,0.0,0.0
2024-08-27 00:00:00-04:00,7.644999980926514,7.900000095367432,7.579999923706055,7.739999771118164,66200,0.0,0.0
2024-08-28 00:00:00-04:00,7.599999904632568,8.152999877929688,7.599999904632568,7.71999979019165,8200,0.0,0.0
2024-08-29 00:00:00-04:00,7.71999979019165,7.860000133514404,7.449999809265137,7.690000057220459,15900,0.0,0.0
2024-08-30 00:00:00-04:00,7.690000057220459,8.0,7.559999942779541,7.900000095367432,6300,0.0,0.0
2024-09-03 00:00:00-04:00,7.46999979019165,7.704999923706055,7.210000038146973,7.570000171661377,15000,0.0,0.0
2024-09-04 00:00:00-04:00,7.388000011444092,7.5,7.25,7.28000020980835,9200,0.0,0.0
2024-09-05 00:00:00-04:00,7.420000076293945,7.630000114440918,7.011000156402588,7.059999942779541,38500,0.0,0.0
2024-09-06 00:00:00-04:00,7.829999923706055,8.0,6.429999828338623,6.429999828338623,23900,0.0,0.0
2024-09-09 00:00:00-04:00,6.744999885559082,6.760000228881836,6.440000057220459,6.440000057220459,4100,0.0,0.0
2024-09-10 00:00:00-04:00,6.860000133514404,6.860000133514404,6.519999980926514,6.559999942779541,3600,0.0,0.0
2024-09-11 00:00:00-04:00,6.710000038146973,7.150000095367432,6.449999809265137,7.059999942779541,9200,0.0,0.0
2024-09-12 00:00:00-04:00,7.159999847412109,7.28000020980835,6.800000190734863,6.800000190734863,13700,0.0,0.0
2024-09-13 00:00:00-04:00,6.900000095367432,7.434999942779541,6.900000095367432,7.329999923706055,20300,0.0,0.0
2024-09-16 00:00:00-04:00,7.390999794006348,7.390999794006348,6.869999885559082,7.369999885559082,12600,0.0,0.0
2024-09-17 00:00:00-04:00,7.260000228881836,7.510000228881836,6.8460001945495605,7.070000171661377,29900,0.0,0.0
2024-09-18 00:00:00-04:00,7.159999847412109,7.349999904632568,6.860000133514404,6.900000095367432,18200,0.0,0.0
2024-09-19 00:00:00-04:00,7.110000133514404,7.349999904632568,6.940999984741211,7.239999771118164,5400,0.0,0.0
2024-09-20 00:00:00-04:00,7.25,7.699999809265137,7.059999942779541,7.590000152587891,19000,0.0,0.0
2024-09-23 00:00:00-04:00,7.590000152587891,7.989999771118164,7.019999980926514,7.380000114440918,20500,0.0,0.0
2024-09-24 00:00:00-04:00,7.150000095367432,7.539000034332275,7.150000095367432,7.539000034332275,7400,0.0,0.0
2024-09-25 00:00:00-04:00,7.640999794006348,7.640999794006348,7.130000114440918,7.480000019073486,8800,0.0,0.0
2024-09-26 00:00:00-04:00,7.120999813079834,7.5,7.059999942779541,7.320000171661377,12700,0.0,0.0
2024-09-27 00:00:00-04:00,6.89900016784668,7.460000038146973,6.89900016784668,7.460000038146973,10900,0.0,0.0
2024-09-30 00:00:00-04:00,7.260000228881836,7.599999904632568,6.956999778747559,7.579999923706055,27300,0.0,0.0
2024-10-01 00:00:00-04:00,7.269999980926514,7.539999961853027,6.960000038146973,7.289999961853027,11100,0.0,0.0
2024-10-02 00:00:00-04:00,7.289999961853027,7.357999801635742,7.019999980926514,7.309999942779541,13300,0.0,0.0
2024-10-03 00:00:00-04:00,7.0,7.360000133514404,7.0,7.039999961853027,8600,0.0,0.0
2024-10-04 00:00:00-04:00,7.289999961853027,7.340000152587891,7.0,7.03000020980835,6100,0.0,0.0
2024-10-07 00:00:00-04:00,7.059999942779541,7.139999866485596,6.989999771118164,6.989999771118164,6500,0.0,0.0
2024-10-08 00:00:00-04:00,7.110000133514404,7.239999771118164,6.909999847412109,7.239999771118164,10200,0.0,0.0
2024-10-09 00:00:00-04:00,7.25,7.25,6.949999809265137,7.124000072479248,2900,0.0,0.0
2024-10-10 00:00:00-04:00,7.0,7.03000020980835,6.949999809265137,6.96999979019165,4500,0.0,0.0
2024-10-11 00:00:00-04:00,7.420000076293945,7.420000076293945,7.019999980926514,7.239999771118164,3100,0.0,0.0
2024-10-14 00:00:00-04:00,7.079999923706055,7.239999771118164,7.0320000648498535,7.085000038146973,8300,0.0,0.0
2024-10-15 00:00:00-04:00,6.949999809265137,6.96999979019165,6.920000076293945,6.920000076293945,3000,0.0,0.0
2024-10-16 00:00:00-04:00,7.03000020980835,7.03000020980835,6.929999828338623,7.0,3100,0.0,0.0
2024-10-17 00:00:00-04:00,6.99399995803833,6.99399995803833,6.869999885559082,6.900000095367432,5700,0.0,0.0
2024-10-18 00:00:00-04:00,7.0,7.0,6.550000190734863,6.739999771118164,12700,0.0,0.0
2024-10-21 00:00:00-04:00,6.630000114440918,6.949999809265137,6.585000038146973,6.699999809265137,6800,0.0,0.0
2024-10-22 00:00:00-04:00,6.599999904632568,7.190000057220459,6.5,7.190000057220459,14300,0.0,0.0
2024-10-23 00:00:00-04:00,7.079999923706055,7.184999942779541,7.033999919891357,7.130000114440918,8000,0.0,0.0
2024-10-24 00:00:00-04:00,7.191999912261963,7.349999904632568,7.125,7.349999904632568,6500,0.0,0.0
2024-10-25 00:00:00-04:00,7.25,7.400000095367432,7.099999904632568,7.400000095367432,40500,0.0,0.0
2024-10-28 00:00:00-04:00,7.21999979019165,8.40999984741211,7.21999979019165,8.199999809265137,36000,0.0,0.0
2024-10-29 00:00:00-04:00,8.350000381469727,9.550000190734863,8.149999618530273,9.019000053405762,38500,0.0,0.0
2024-10-30 00:00:00-04:00,8.609999656677246,8.970000267028809,7.889999866485596,7.980000019073486,15000,0.0,0.0
2024-10-31 00:00:00-04:00,8.489999771118164,8.720000267028809,7.260000228881836,7.349999904632568,60600,0.0,0.0
2024-11-01 00:00:00-04:00,7.289999961853027,8.270000457763672,7.199999809265137,7.210000038146973,12000,0.0,0.0
2024-11-04 00:00:00-05:00,7.364999771118164,8.75,7.364999771118164,8.114999771118164,38200,0.0,0.0
2024-11-05 00:00:00-05:00,8.0,8.8100004196167,7.78000020980835,7.829999923706055,32500,0.0,0.0
2024-11-06 00:00:00-05:00,7.710000038146973,8.350000381469727,7.710000038146973,8.0600004196167,10100,0.0,0.0
2024-11-07 00:00:00-05:00,8.199999809265137,8.4399995803833,8.0600004196167,8.130000114440918,5700,0.0,0.0
2024-11-08 00:00:00-05:00,8.170000076293945,8.255000114440918,7.86899995803833,7.940000057220459,11400,0.0,0.0
2024-11-11 00:00:00-05:00,7.940000057220459,8.449999809265137,7.900000095367432,8.109999656677246,9000,0.0,0.0
2024-11-12 00:00:00-05:00,7.809999942779541,8.390000343322754,7.809999942779541,8.390000343322754,6400,0.0,0.0
2024-11-13 00:00:00-05:00,8.300000190734863,8.300000190734863,7.99399995803833,8.140000343322754,6300,0.0,0.0
2024-11-14 00:00:00-05:00,7.96999979019165,7.96999979019165,7.96999979019165,7.96999979019165,2100,0.0,0.0
2024-11-15 00:00:00-05:00,7.619999885559082,8.069999694824219,7.619999885559082,8.0,7300,0.0,0.0
2024-11-18 00:00:00-05:00,8.399999618530273,8.399999618530273,7.697999954223633,8.359999656677246,5200,0.0,0.0
2024-11-19 00:00:00-05:00,8.210000038146973,8.309000015258789,7.901000022888184,8.0600004196167,9700,0.0,0.0
2024-11-20 00:00:00-05:00,7.927999973297119,8.380000114440918,7.78000020980835,8.380000114440918,10000,0.0,0.0
2024-11-21 00:00:00-05:00,8.369999885559082,8.369999885559082,7.800000190734863,8.100000381469727,4000,0.0,0.0
2024-11-22 00:00:00-05:00,8.09000015258789,8.40999984741211,7.53000020980835,7.539999961853027,30900,0.0,0.0
2024-11-25 00:00:00-05:00,7.5,7.929999828338623,7.5,7.639999866485596,12100,0.0,0.0
2024-11-26 00:00:00-05:00,7.570000171661377,7.619999885559082,7.099999904632568,7.230000019073486,11900,0.0,0.0
2024-11-27 00:00:00-05:00,7.460000038146973,7.820000171661377,7.460000038146973,7.809999942779541,8800,0.0,0.0
2024-11-29 00:00:00-05:00,7.5,7.599999904632568,7.340000152587891,7.349999904632568,2000,0.0,0.0
2024-12-02 00:00:00-05:00,7.630000114440918,8.069999694824219,7.449999809265137,7.715000152587891,15900,0.0,0.0
2024-12-03 00:00:00-05:00,7.409999847412109,8.720000267028809,7.300000190734863,7.400000095367432,21700,0.0,0.0
2024-12-04 00:00:00-05:00,7.409999847412109,7.989999771118164,7.349999904632568,7.429999828338623,9300,0.0,0.0
2024-12-05 00:00:00-05:00,7.21999979019165,7.864999771118164,7.179999828338623,7.289999961853027,10100,0.0,0.0
2024-12-06 00:00:00-05:00,7.011000156402588,7.340000152587891,6.585000038146973,6.670000076293945,12300,0.0,0.0
2024-12-09 00:00:00-05:00,6.670000076293945,7.409999847412109,6.611000061035156,7.409999847412109,11600,0.0,0.0
2024-12-10 00:00:00-05:00,6.767000198364258,7.980000019073486,6.767000198364258,7.889999866485596,12200,0.0,0.0
2024-12-11 00:00:00-05:00,7.429999828338623,8.229999542236328,7.275000095367432,8.069999694824219,12900,0.0,0.0
2024-12-12 00:00:00-05:00,8.050000190734863,8.050000190734863,7.820000171661377,7.820000171661377,3500,0.0,0.0
2024-12-13 00:00:00-05:00,7.630000114440918,8.130000114440918,7.389999866485596,7.46999979019165,9300,0.0,0.0
2024-12-16 00:00:00-05:00,7.429999828338623,8.0,7.230000019073486,7.78000020980835,25100,0.0,0.0
2024-12-17 00:00:00-05:00,7.690000057220459,8.0,7.625,8.0,6000,0.0,0.0
2024-12-18 00:00:00-05:00,7.2729997634887695,8.1899995803833,7.2729997634887695,7.800000190734863,20200,0.0,0.0
2024-12-19 00:00:00-05:00,7.989999771118164,8.1899995803833,7.460999965667725,8.130000114440918,5000,0.0,0.0
2024-12-20 00:00:00-05:00,7.550000190734863,8.149999618530273,7.550000190734863,7.579999923706055,34600,0.0,0.0
2024-12-23 00:00:00-05:00,7.708000183105469,8.0,7.570000171661377,7.570000171661377,4200,0.0,0.0
2024-12-24 00:00:00-05:00,7.400000095367432,7.486999988555908,7.400000095367432,7.486999988555908,1800,0.0,0.0
2024-12-26 00:00:00-05:00,7.688000202178955,7.688000202178955,6.449999809265137,6.650000095367432,10700,0.0,0.0
2024-12-27 00:00:00-05:00,6.699999809265137,6.869999885559082,6.060999870300293,6.199999809265137,7200,0.0,0.0
2024-12-30 00:00:00-05:00,6.300000190734863,6.559999942779541,6.059999942779541,6.199999809265137,16700,0.0,0.0
2024-12-31 00:00:00-05:00,6.409999847412109,6.447000026702881,6.0,6.050000190734863,4200,0.0,0.0
2025-01-02 00:00:00-05:00,6.26200008392334,6.389999866485596,6.0,6.002999782562256,3800,0.0,0.0
2025-01-03 00:00:00-05:00,5.848999977111816,6.179999828338623,5.848999977111816,6.050000190734863,6300,0.0,0.0
2025-01-06 00:00:00-05:00,6.400000095367432,6.4070000648498535,5.598999977111816,5.809999942779541,11300,0.0,0.0
2025-01-07 00:00:00-05:00,5.769999980926514,5.980000019073486,5.340000152587891,5.400000095367432,9000,0.0,0.0
2025-01-08 00:00:00-05:00,5.239999771118164,5.267000198364258,5.010000228881836,5.070000171661377,5000,0.0,0.0
2025-01-10 00:00:00-05:00,5.0,5.044000148773193,4.4120001792907715,4.75,9000,0.0,0.0
2025-01-13 00:00:00-05:00,4.820000171661377,4.820000171661377,4.150000095367432,4.650000095367432,9600,0.0,0.0
2025-01-14 00:00:00-05:00,4.25,4.480000019073486,4.090000152587891,4.139999866485596,19946,0.0,0.0
