Date,Open,High,Low,Close,Volume,Dividends,Stock Splits
2022-01-03 00:00:00-05:00,2565.0,2875.0,2565.0,2830.0,334,0.0,0.0
2022-01-04 00:00:00-05:00,2805.0,2830.0,2565.0,2650.0,327,0.0,0.0
2022-01-05 00:00:00-05:00,2650.0,2725.0,2465.0,2500.0,253,0.0,0.0
2022-01-06 00:00:00-05:00,2450.0,2640.0,2325.0,2400.0,291,0.0,0.0
2022-01-07 00:00:00-05:00,2330.0,2450.0,2330.0,2340.0,186,0.0,0.0
2022-01-10 00:00:00-05:00,2335.0,2350.0,2155.0,2350.0,324,0.0,0.0
2022-01-11 00:00:00-05:00,2400.0,2425.0,2200.0,2200.0,926,0.0,0.0
2022-01-12 00:00:00-05:00,2295.0,2295.0,2125.0,2165.0,359,0.0,0.0
2022-01-13 00:00:00-05:00,2175.0,2175.0,2030.0,2045.0,336,0.0,0.0
2022-01-14 00:00:00-05:00,2000.0,2095.0,2000.0,2080.0,218,0.0,0.0
2022-01-18 00:00:00-05:00,2050.0,2195.0,2030.0,2115.0,215,0.0,0.0
2022-01-19 00:00:00-05:00,2115.0,2150.0,2000.0,2020.0,237,0.0,0.0
2022-01-20 00:00:00-05:00,2050.0,2145.0,2000.0,2005.0,246,0.0,0.0
2022-01-21 00:00:00-05:00,2000.0,2045.0,1900.0,1965.0,461,0.0,0.0
2022-01-24 00:00:00-05:00,1820.0,2000.0,1750.0,1945.0,566,0.0,0.0
2022-01-25 00:00:00-05:00,1900.0,2035.0,1860.0,2005.0,177,0.0,0.0
2022-01-26 00:00:00-05:00,2050.0,2105.0,1945.0,1990.0,297,0.0,0.0
2022-01-27 00:00:00-05:00,2035.0,2045.0,1900.0,1925.0,222,0.0,0.0
2022-01-28 00:00:00-05:00,1945.0,1950.0,1820.0,1885.0,184,0.0,0.0
2022-01-31 00:00:00-05:00,1980.0,2100.0,1925.0,2100.0,333,0.0,0.0
2022-02-01 00:00:00-05:00,2100.0,2220.0,2030.0,2090.0,260,0.0,0.0
2022-02-02 00:00:00-05:00,2080.0,2150.0,1920.0,1970.0,162,0.0,0.0
2022-02-03 00:00:00-05:00,1970.0,2050.0,1900.0,1905.0,291,0.0,0.0
2022-02-04 00:00:00-05:00,1970.0,1970.0,1880.0,1895.0,422,0.0,0.0
2022-02-07 00:00:00-05:00,1920.0,1995.0,1900.0,1945.0,179,0.0,0.0
2022-02-08 00:00:00-05:00,1940.0,1950.0,1875.0,1900.0,150,0.0,0.0
2022-02-09 00:00:00-05:00,1900.0,2100.0,1900.0,2075.0,504,0.0,0.0
2022-02-10 00:00:00-05:00,2000.0,2200.0,2000.0,2095.0,289,0.0,0.0
2022-02-11 00:00:00-05:00,2100.0,2150.0,2000.0,2000.0,134,0.0,0.0
2022-02-14 00:00:00-05:00,2000.0,2080.0,1950.0,2010.0,196,0.0,0.0
2022-02-15 00:00:00-05:00,2030.0,2375.0,2030.0,2350.0,614,0.0,0.0
2022-02-16 00:00:00-05:00,2350.0,2395.0,2200.0,2315.0,351,0.0,0.0
2022-02-17 00:00:00-05:00,2370.0,2450.0,2015.0,2015.0,388,0.0,0.0
2022-02-18 00:00:00-05:00,2260.0,2445.0,2160.0,2335.0,1117,0.0,0.0
2022-02-22 00:00:00-05:00,2320.0,2350.0,2110.0,2265.0,338,0.0,0.0
2022-02-23 00:00:00-05:00,2300.0,2390.0,2150.0,2250.0,149,0.0,0.0
2022-02-24 00:00:00-05:00,2050.0,2245.0,2000.0,2245.0,222,0.0,0.0
2022-02-25 00:00:00-05:00,2195.0,2280.0,2150.0,2175.0,225,0.0,0.0
2022-02-28 00:00:00-05:00,2175.0,2250.0,2100.0,2175.0,150,0.0,0.0
2022-03-01 00:00:00-05:00,2200.0,2250.0,2120.0,2120.0,137,0.0,0.0
2022-03-02 00:00:00-05:00,2120.0,2225.0,2000.0,2040.0,244,0.0,0.0
2022-03-03 00:00:00-05:00,2045.0,2085.0,1995.0,2010.0,229,0.0,0.0
2022-03-04 00:00:00-05:00,1990.0,2045.0,1950.0,2015.0,201,0.0,0.0
2022-03-07 00:00:00-05:00,2000.0,2015.0,1910.0,1915.0,221,0.0,0.0
2022-03-08 00:00:00-05:00,1915.0,2100.0,1860.0,2005.0,217,0.0,0.0
2022-03-09 00:00:00-05:00,1990.0,2150.0,1975.0,2150.0,161,0.0,0.0
2022-03-10 00:00:00-05:00,2150.0,2150.0,2000.0,2020.0,114,0.0,0.0
2022-03-11 00:00:00-05:00,2020.0,2090.0,1905.0,1920.0,183,0.0,0.0
2022-03-14 00:00:00-04:00,1950.0,2000.0,1820.0,1820.0,239,0.0,0.0
2022-03-15 00:00:00-04:00,1850.0,1885.0,1800.0,1840.0,167,0.0,0.0
2022-03-16 00:00:00-04:00,1900.0,2050.0,1850.0,1970.0,318,0.0,0.0
2022-03-17 00:00:00-04:00,1995.0,2075.0,1950.0,2060.0,250,0.0,0.0
2022-03-18 00:00:00-04:00,2005.0,2250.0,2005.0,2250.0,178,0.0,0.0
2022-03-21 00:00:00-04:00,2240.0,2240.0,2060.0,2130.0,157,0.0,0.0
2022-03-22 00:00:00-04:00,2195.0,2195.0,2100.0,2190.0,134,0.0,0.0
2022-03-23 00:00:00-04:00,2160.0,2240.0,2150.0,2165.0,167,0.0,0.0
2022-03-24 00:00:00-04:00,2150.0,2250.0,2105.0,2205.0,140,0.0,0.0
2022-03-25 00:00:00-04:00,2250.0,2250.0,2085.0,2110.0,83,0.0,0.0
2022-03-28 00:00:00-04:00,2140.0,2150.0,1970.0,2000.0,261,0.0,0.0
2022-03-29 00:00:00-04:00,2005.0,2200.0,2005.0,2175.0,147,0.0,0.0
2022-03-30 00:00:00-04:00,2155.0,2400.0,2150.0,2385.0,423,0.0,0.0
2022-03-31 00:00:00-04:00,2380.0,2700.0,2365.0,2620.0,437,0.0,0.0
2022-04-01 00:00:00-04:00,2550.0,2925.0,2500.0,2600.0,498,0.0,0.0
2022-04-04 00:00:00-04:00,2645.0,2775.0,2605.0,2685.0,151,0.0,0.0
2022-04-05 00:00:00-04:00,2645.0,2750.0,2555.0,2580.0,165,0.0,0.0
2022-04-06 00:00:00-04:00,2450.0,2685.0,2385.0,2560.0,135,0.0,0.0
2022-04-07 00:00:00-04:00,2520.0,2630.0,2450.0,2500.0,115,0.0,0.0
2022-04-08 00:00:00-04:00,2550.0,2575.0,2290.0,2420.0,168,0.0,0.0
2022-04-11 00:00:00-04:00,2350.0,2700.0,2300.0,2685.0,305,0.0,0.0
2022-04-12 00:00:00-04:00,2750.0,2775.0,2400.0,2425.0,363,0.0,0.0
2022-04-13 00:00:00-04:00,2575.0,2575.0,2400.0,2550.0,229,0.0,0.0
2022-04-14 00:00:00-04:00,2450.0,2530.0,2405.0,2450.0,104,0.0,0.0
2022-04-18 00:00:00-04:00,2425.0,2425.0,2260.0,2350.0,199,0.0,0.0
2022-04-19 00:00:00-04:00,2350.0,2440.0,2275.0,2425.0,107,0.0,0.0
2022-04-20 00:00:00-04:00,2415.0,2500.0,2325.0,2385.0,89,0.0,0.0
2022-04-21 00:00:00-04:00,2400.0,2495.0,2125.0,2145.0,142,0.0,0.0
2022-04-22 00:00:00-04:00,2150.0,2250.0,2140.0,2170.0,111,0.0,0.0
2022-04-25 00:00:00-04:00,2250.0,2300.0,2040.0,2050.0,282,0.0,0.0
2022-04-26 00:00:00-04:00,2010.0,2050.0,1975.0,2000.0,179,0.0,0.0
2022-04-27 00:00:00-04:00,2035.0,2140.0,1975.0,2000.0,269,0.0,0.0
2022-04-28 00:00:00-04:00,2025.0,2025.0,1860.0,1970.0,194,0.0,0.0
2022-04-29 00:00:00-04:00,1960.0,2010.0,1850.0,1850.0,119,0.0,0.0
2022-05-02 00:00:00-04:00,1875.0,2010.0,1875.0,1970.0,118,0.0,0.0
2022-05-03 00:00:00-04:00,2050.0,2050.0,1880.0,1950.0,222,0.0,0.0
2022-05-04 00:00:00-04:00,1905.0,1965.0,1870.0,1965.0,187,0.0,0.0
2022-05-05 00:00:00-04:00,1900.0,2000.0,1880.0,1925.0,259,0.0,0.0
2022-05-06 00:00:00-04:00,1800.0,1800.0,1505.0,1515.0,648,0.0,0.0
2022-05-09 00:00:00-04:00,1550.0,1585.0,1240.0,1240.0,747,0.0,0.0
2022-05-10 00:00:00-04:00,1420.0,1420.0,1220.0,1225.0,323,0.0,0.0
2022-05-11 00:00:00-04:00,1205.0,1285.0,1070.0,1070.0,535,0.0,0.0
2022-05-12 00:00:00-04:00,1100.0,1225.0,1055.0,1175.0,355,0.0,0.0
2022-05-13 00:00:00-04:00,1250.0,1340.0,1100.0,1135.0,1033,0.0,0.0
2022-05-16 00:00:00-04:00,1170.0,1200.0,1070.0,1070.0,212,0.0,0.0
2022-05-17 00:00:00-04:00,1145.0,1180.0,1050.0,1125.0,356,0.0,0.0
2022-05-18 00:00:00-04:00,1125.0,1150.0,1000.0,1040.0,457,0.0,0.0
2022-05-19 00:00:00-04:00,1050.0,1115.0,1025.0,1060.0,202,0.0,0.0
2022-05-20 00:00:00-04:00,1170.0,1200.0,1055.0,1085.0,521,0.0,0.0
2022-05-23 00:00:00-04:00,1150.0,1150.0,1030.0,1050.0,300,0.0,0.0
2022-05-24 00:00:00-04:00,1100.0,1100.0,1000.0,1020.0,272,0.0,0.0
2022-05-25 00:00:00-04:00,1030.0,1050.0,960.0,975.0,205,0.0,0.0
2022-05-26 00:00:00-04:00,1000.0,1045.0,975.0,995.0,228,0.0,0.0
2022-05-27 00:00:00-04:00,1000.0,1050.0,1000.0,1045.0,349,0.0,0.0
2022-05-31 00:00:00-04:00,1050.0,1095.0,965.0,1010.0,753,0.0,0.0
2022-06-01 00:00:00-04:00,1025.0,1030.0,960.0,985.0,319,0.0,0.0
2022-06-02 00:00:00-04:00,995.0,1000.0,945.0,1000.0,291,0.0,0.0
2022-06-03 00:00:00-04:00,1000.0,1000.0,950.0,960.0,226,0.0,0.0
2022-06-06 00:00:00-04:00,970.0,1005.0,945.0,950.0,184,0.0,0.0
2022-06-07 00:00:00-04:00,910.0,970.0,900.0,900.0,591,0.0,0.0
2022-06-08 00:00:00-04:00,950.0,950.0,900.0,940.0,321,0.0,0.0
2022-06-09 00:00:00-04:00,940.0,1000.0,920.0,945.0,460,0.0,0.0
2022-06-10 00:00:00-04:00,1000.0,1000.0,900.0,925.0,661,0.0,0.0
2022-06-13 00:00:00-04:00,900.0,920.0,835.0,845.0,486,0.0,0.0
2022-06-14 00:00:00-04:00,850.0,855.0,750.0,750.0,653,0.0,0.0
2022-06-15 00:00:00-04:00,750.0,855.0,750.0,850.0,753,0.0,0.0
2022-06-16 00:00:00-04:00,850.0,860.0,780.0,805.0,1331,0.0,0.0
2022-06-17 00:00:00-04:00,800.0,970.0,800.0,850.0,2281,0.0,0.0
2022-06-21 00:00:00-04:00,915.0,940.0,825.0,840.0,1408,0.0,0.0
2022-06-22 00:00:00-04:00,875.0,935.0,825.0,850.0,718,0.0,0.0
2022-06-23 00:00:00-04:00,850.0,900.0,825.0,890.0,342,0.0,0.0
2022-06-24 00:00:00-04:00,910.0,925.0,750.0,750.0,535,0.0,0.0
2022-06-27 00:00:00-04:00,865.0,925.0,840.0,905.0,447,0.0,0.0
2022-06-28 00:00:00-04:00,900.0,945.0,830.0,830.0,427,0.0,0.0
2022-06-29 00:00:00-04:00,855.0,925.0,790.0,875.0,2209,0.0,0.0
2022-06-30 00:00:00-04:00,885.0,915.0,785.0,810.0,1215,0.0,0.0
2022-07-01 00:00:00-04:00,855.0,870.0,820.0,850.0,582,0.0,0.0
2022-07-05 00:00:00-04:00,850.0,950.0,820.0,945.0,1115,0.0,0.0
2022-07-06 00:00:00-04:00,880.0,890.0,755.0,795.0,2997,0.0,0.0
2022-07-07 00:00:00-04:00,800.0,860.0,775.0,805.0,2778,0.0,0.0
2022-07-08 00:00:00-04:00,800.0,855.0,745.0,755.0,7225,0.0,0.0
2022-07-11 00:00:00-04:00,850.0,885.0,745.0,765.0,12790,0.0,0.0
2022-07-12 00:00:00-04:00,795.0,815.0,750.0,765.0,7155,0.0,0.0
2022-07-13 00:00:00-04:00,700.0,750.0,665.0,745.0,2948,0.0,0.0
2022-07-14 00:00:00-04:00,725.0,730.0,695.0,700.0,2203,0.0,0.0
2022-07-15 00:00:00-04:00,700.0,705.0,675.0,700.0,2567,0.0,0.0
2022-07-18 00:00:00-04:00,695.0,720.0,690.0,705.0,3443,0.0,0.0
2022-07-19 00:00:00-04:00,720.0,735.0,700.0,720.0,2520,0.0,0.0
2022-07-20 00:00:00-04:00,725.0,755.0,710.0,720.0,2726,0.0,0.0
2022-07-21 00:00:00-04:00,720.0,725.0,700.0,720.0,1755,0.0,0.0
2022-07-22 00:00:00-04:00,705.0,710.0,680.0,685.0,1777,0.0,0.0
2022-07-25 00:00:00-04:00,690.0,715.0,655.0,685.0,3311,0.0,0.0
2022-07-26 00:00:00-04:00,675.0,695.0,650.0,660.0,5089,0.0,0.0
2022-07-27 00:00:00-04:00,670.0,700.0,655.0,670.0,6426,0.0,0.0
2022-07-28 00:00:00-04:00,660.0,670.0,575.0,615.0,4523,0.0,0.0
2022-07-29 00:00:00-04:00,615.0,615.0,590.0,605.0,2507,0.0,0.0
2022-08-01 00:00:00-04:00,600.0,615.0,580.0,600.0,2478,0.0,0.0
2022-08-02 00:00:00-04:00,595.0,640.0,570.0,605.0,3416,0.0,0.0
2022-08-03 00:00:00-04:00,610.0,645.0,595.0,605.0,6051,0.0,0.0
2022-08-04 00:00:00-04:00,625.0,680.0,605.0,645.0,7865,0.0,0.0
2022-08-05 00:00:00-04:00,680.0,695.0,620.0,660.0,7706,0.0,0.0
2022-08-08 00:00:00-04:00,660.0,675.0,635.0,650.0,3483,0.0,0.0
2022-08-09 00:00:00-04:00,760.0,805.0,600.0,605.0,64383,0.0,0.0
2022-08-10 00:00:00-04:00,665.0,800.0,635.0,790.0,49739,0.0,0.0
2022-08-11 00:00:00-04:00,1140.0,1500.0,915.0,1000.0,102927,0.0,0.0
2022-08-12 00:00:00-04:00,1035.0,1055.0,860.0,965.0,27868,0.0,0.0
2022-08-15 00:00:00-04:00,1015.0,1100.0,955.0,1025.0,26703,0.0,0.0
2022-08-16 00:00:00-04:00,840.0,850.0,750.0,810.0,20562,0.0,0.0
2022-08-17 00:00:00-04:00,745.0,765.0,710.0,720.0,12319,0.0,0.0
2022-08-18 00:00:00-04:00,700.0,755.0,655.0,740.0,10159,0.0,0.0
2022-08-19 00:00:00-04:00,700.0,720.0,655.0,660.0,7584,0.0,0.0
2022-08-22 00:00:00-04:00,640.0,650.0,615.0,625.0,5360,0.0,0.0
2022-08-23 00:00:00-04:00,615.0,665.0,610.0,625.0,5548,0.0,0.0
2022-08-24 00:00:00-04:00,615.0,670.0,615.0,640.0,4563,0.0,0.0
2022-08-25 00:00:00-04:00,640.0,680.0,630.0,655.0,4961,0.0,0.0
2022-08-26 00:00:00-04:00,650.0,660.0,625.0,630.0,4726,0.0,0.0
2022-08-29 00:00:00-04:00,615.0,640.0,585.0,615.0,4827,0.0,0.0
2022-08-30 00:00:00-04:00,630.0,640.0,600.0,610.0,6203,0.0,0.0
2022-08-31 00:00:00-04:00,625.0,640.0,605.0,615.0,7017,0.0,0.0
2022-09-01 00:00:00-04:00,600.0,600.0,575.0,585.0,6560,0.0,0.0
2022-09-02 00:00:00-04:00,585.0,590.0,565.0,575.0,3584,0.0,0.0
2022-09-06 00:00:00-04:00,565.0,575.0,550.0,560.0,4099,0.0,0.0
2022-09-07 00:00:00-04:00,550.0,555.0,500.0,520.0,5928,0.0,0.0
2022-09-08 00:00:00-04:00,505.0,595.0,505.0,565.0,4418,0.0,0.0
2022-09-09 00:00:00-04:00,550.0,595.0,540.0,585.0,3101,0.0,0.0
2022-09-12 00:00:00-04:00,580.0,610.0,570.0,595.0,2960,0.0,0.0
2022-09-13 00:00:00-04:00,615.0,650.0,560.0,585.0,5102,0.0,0.0
2022-09-14 00:00:00-04:00,570.0,650.0,570.0,585.0,6036,0.0,0.0
2022-09-15 00:00:00-04:00,585.0,625.0,580.0,580.0,1990,0.0,0.0
2022-09-16 00:00:00-04:00,565.0,600.0,550.0,550.0,1833,0.0,0.0
2022-09-19 00:00:00-04:00,515.0,560.0,510.0,510.0,2375,0.0,0.0
2022-09-20 00:00:00-04:00,510.0,540.0,505.0,510.0,2271,0.0,0.0
2022-09-21 00:00:00-04:00,505.0,530.0,495.0,505.0,3631,0.0,0.0
2022-09-22 00:00:00-04:00,500.0,505.0,445.0,445.0,6684,0.0,0.0
2022-09-23 00:00:00-04:00,530.0,560.0,465.0,530.0,9636,0.0,0.0
2022-09-26 00:00:00-04:00,510.0,520.0,470.0,490.0,2994,0.0,0.0
2022-09-27 00:00:00-04:00,475.0,520.0,475.0,500.0,1635,0.0,0.0
2022-09-28 00:00:00-04:00,495.0,540.0,495.0,540.0,1853,0.0,0.0
2022-09-29 00:00:00-04:00,550.0,570.0,510.0,530.0,2010,0.0,0.0
2022-09-30 00:00:00-04:00,530.0,565.0,520.0,565.0,1534,0.0,0.0
2022-10-03 00:00:00-04:00,530.0,550.0,525.0,545.0,1366,0.0,0.0
2022-10-04 00:00:00-04:00,520.0,550.0,515.0,535.0,2732,0.0,0.0
2022-10-05 00:00:00-04:00,525.0,525.0,490.0,495.0,2247,0.0,0.0
2022-10-06 00:00:00-04:00,495.0,550.0,490.0,535.0,3169,0.0,0.0
2022-10-07 00:00:00-04:00,520.0,530.0,505.0,505.0,1656,0.0,0.0
2022-10-10 00:00:00-04:00,500.0,505.0,440.0,445.0,2386,0.0,0.0
2022-10-11 00:00:00-04:00,415.0,445.0,400.0,400.0,2216,0.0,0.0
2022-10-12 00:00:00-04:00,385.0,385.0,255.0,280.0,10272,0.0,0.0
2022-10-13 00:00:00-04:00,235.0,280.0,206.10000610351562,255.0,11200,0.0,0.02
2022-10-14 00:00:00-04:00,290.0,292.5,218.0,232.0,30256,0.0,0.0
2022-10-17 00:00:00-04:00,227.0,238.0,206.0,211.0,7846,0.0,0.0
2022-10-18 00:00:00-04:00,211.0,214.0,201.0,204.0,5132,0.0,0.0
2022-10-19 00:00:00-04:00,201.0,204.0,175.0,175.0,6496,0.0,0.0
2022-10-20 00:00:00-04:00,188.0,190.10000610351562,170.0,171.0,16365,0.0,0.0
2022-10-21 00:00:00-04:00,168.0,179.0,155.5,171.0,7461,0.0,0.0
2022-10-24 00:00:00-04:00,167.0,170.0,156.0,158.0,2647,0.0,0.0
2022-10-25 00:00:00-04:00,156.0,178.0,156.0,177.0,3459,0.0,0.0
2022-10-26 00:00:00-04:00,172.0,202.0,171.10000610351562,192.0,5339,0.0,0.0
2022-10-27 00:00:00-04:00,190.0,206.0,188.0,189.0,3170,0.0,0.0
2022-10-28 00:00:00-04:00,189.0,197.0,175.0,179.0,2080,0.0,0.0
2022-10-31 00:00:00-04:00,180.0,186.0,172.0,185.0,1073,0.0,0.0
2022-11-01 00:00:00-04:00,188.0,194.0,182.10000610351562,184.0,962,0.0,0.0
2022-11-02 00:00:00-04:00,183.0,183.0,172.0,174.0,963,0.0,0.0
2022-11-03 00:00:00-04:00,173.0,176.0,170.0,175.0,570,0.0,0.0
2022-11-04 00:00:00-04:00,179.0,179.0,173.0,176.0,539,0.0,0.0
2022-11-07 00:00:00-05:00,175.0,187.0,175.0,183.0,1853,0.0,0.0
2022-11-08 00:00:00-05:00,184.0,184.3000030517578,174.0,182.0,868,0.0,0.0
2022-11-09 00:00:00-05:00,176.0,180.0,171.0,176.0,700,0.0,0.0
2022-11-10 00:00:00-05:00,180.0,185.0,173.0,185.0,1586,0.0,0.0
2022-11-11 00:00:00-05:00,183.0,190.0,173.0,190.0,3660,0.0,0.0
2022-11-14 00:00:00-05:00,190.0,230.0,190.0,225.0,6615,0.0,0.0
2022-11-15 00:00:00-05:00,214.0,234.8000030517578,202.0,203.0,3025,0.0,0.0
2022-11-16 00:00:00-05:00,202.0,210.0,196.0,201.0,784,0.0,0.0
2022-11-17 00:00:00-05:00,196.0,202.0,190.0,190.0,822,0.0,0.0
2022-11-18 00:00:00-05:00,193.0,196.6999969482422,181.0,183.0,1024,0.0,0.0
2022-11-21 00:00:00-05:00,181.0,181.5,176.0,177.0,1033,0.0,0.0
2022-11-22 00:00:00-05:00,177.0,177.0,169.8000030517578,171.0,1275,0.0,0.0
2022-11-23 00:00:00-05:00,168.0,172.0,165.0,172.0,1049,0.0,0.0
2022-11-25 00:00:00-05:00,171.0,181.0,170.3000030517578,178.0,527,0.0,0.0
2022-11-28 00:00:00-05:00,175.0,175.0,161.0,165.0,1095,0.0,0.0
2022-11-29 00:00:00-05:00,163.0,170.0,163.0,165.0,1235,0.0,0.0
2022-11-30 00:00:00-05:00,163.0,170.0,163.0,166.0,768,0.0,0.0
2022-12-01 00:00:00-05:00,165.0,173.39999389648438,165.0,171.0,1368,0.0,0.0
2022-12-02 00:00:00-05:00,169.0,174.0,167.0,169.0,1042,0.0,0.0
2022-12-05 00:00:00-05:00,172.0,174.0,157.0,160.0,1642,0.0,0.0
2022-12-06 00:00:00-05:00,158.0,160.0,150.0,152.0,2393,0.0,0.0
2022-12-07 00:00:00-05:00,149.0,153.0,143.5,147.0,1278,0.0,0.0
2022-12-08 00:00:00-05:00,145.0,151.8000030517578,145.0,150.0,751,0.0,0.0
2022-12-09 00:00:00-05:00,147.0,156.0,147.0,148.0,2228,0.0,0.0
2022-12-12 00:00:00-05:00,147.0,148.60000610351562,144.6999969482422,145.0,577,0.0,0.0
2022-12-13 00:00:00-05:00,148.0,152.0,143.0,143.0,677,0.0,0.0
2022-12-14 00:00:00-05:00,142.0,147.0,141.0,142.0,373,0.0,0.0
2022-12-15 00:00:00-05:00,142.0,142.5,135.0,135.0,1130,0.0,0.0
2022-12-16 00:00:00-05:00,135.0,135.0,121.0,121.0,1557,0.0,0.0
2022-12-19 00:00:00-05:00,122.0,122.0,115.0,118.0,1167,0.0,0.0
2022-12-20 00:00:00-05:00,113.0,117.0,112.0,117.0,849,0.0,0.0
2022-12-21 00:00:00-05:00,113.0,132.0,112.0,122.0,3445,0.0,0.0
2022-12-22 00:00:00-05:00,119.0,120.80000305175781,112.0,115.5,549,0.0,0.0
2022-12-23 00:00:00-05:00,115.0,117.4000015258789,113.0,114.0,687,0.0,0.0
2022-12-27 00:00:00-05:00,110.0,113.0,105.0,106.0,1096,0.0,0.0
2022-12-28 00:00:00-05:00,115.0,127.0,108.0,114.0,8219,0.0,0.0
2022-12-29 00:00:00-05:00,116.0,144.0,115.0,143.0,5616,0.0,0.0
2022-12-30 00:00:00-05:00,133.0,143.0,127.0,142.0,2432,0.0,0.0
2023-01-03 00:00:00-05:00,139.0,169.0,136.0,160.0,3411,0.0,0.0
2023-01-04 00:00:00-05:00,160.0,168.0,156.0,161.0,1440,0.0,0.0
2023-01-05 00:00:00-05:00,156.0,169.0,150.0,167.0,1320,0.0,0.0
2023-01-06 00:00:00-05:00,169.0,179.0,162.0,173.0,1670,0.0,0.0
2023-01-09 00:00:00-05:00,170.0,177.89999389648438,170.0,171.0,1191,0.0,0.0
2023-01-10 00:00:00-05:00,171.0,190.0,170.0,184.0,1733,0.0,0.0
2023-01-11 00:00:00-05:00,181.0,191.0,181.0,188.0,930,0.0,0.0
2023-01-12 00:00:00-05:00,189.0,193.39999389648438,182.0,189.0,787,0.0,0.0
2023-01-13 00:00:00-05:00,188.0,207.5,188.0,204.0,2686,0.0,0.0
2023-01-17 00:00:00-05:00,209.0,211.0,199.0,200.0,1448,0.0,0.0
2023-01-18 00:00:00-05:00,205.0,205.0,184.0,185.0,1345,0.0,0.0
2023-01-19 00:00:00-05:00,185.0,189.0,172.0,177.0,1104,0.0,0.0
2023-01-20 00:00:00-05:00,179.0,183.0,174.0,182.0,441,0.0,0.0
2023-01-23 00:00:00-05:00,184.0,186.0,177.0,184.5,1508,0.0,0.0
2023-01-24 00:00:00-05:00,185.0,185.0,170.0,173.0,1723,0.0,0.0
2023-01-25 00:00:00-05:00,170.0,170.0,159.0,164.0,1774,0.0,0.0
2023-01-26 00:00:00-05:00,166.0,170.0,159.5,161.0,882,0.0,0.0
2023-01-27 00:00:00-05:00,163.0,168.0,161.0,167.0,878,0.0,0.0
2023-01-30 00:00:00-05:00,165.0,166.0,153.0,159.0,1690,0.0,0.0
2023-01-31 00:00:00-05:00,160.0,162.89999389648438,149.0,157.0,1337,0.0,0.0
2023-02-01 00:00:00-05:00,161.0,169.0,149.0,151.0,2186,0.0,0.0
2023-02-02 00:00:00-05:00,151.0,159.39999389648438,133.10000610351562,142.0,6791,0.0,0.0
2023-02-03 00:00:00-05:00,147.0,147.0,140.0,140.0,2206,0.0,0.0
2023-02-06 00:00:00-05:00,142.0,150.0,140.0,148.0,2200,0.0,0.0
2023-02-07 00:00:00-05:00,150.0,159.0,138.0,158.0,1788,0.0,0.0
2023-02-08 00:00:00-05:00,160.0,160.0,149.0,151.0,988,0.0,0.0
2023-02-09 00:00:00-05:00,147.0,149.0,138.0,142.0,718,0.0,0.0
2023-02-10 00:00:00-05:00,143.0,145.0,140.0,141.0,502,0.0,0.0
2023-02-13 00:00:00-05:00,142.0,142.0,136.0,140.0,36300,0.0,0.0
2023-02-14 00:00:00-05:00,115.0,118.0,107.0,108.0,26265,0.0,0.0
2023-02-15 00:00:00-05:00,89.0,89.0,80.19999694824219,83.0,45758,0.0,0.0
2023-02-16 00:00:00-05:00,81.0,89.0,80.0,83.5,15190,0.0,0.0
2023-02-17 00:00:00-05:00,84.0,86.0,80.0,80.0,7304,0.0,0.0
2023-02-21 00:00:00-05:00,79.0,80.19999694824219,66.69999694824219,67.0,15854,0.0,0.0
2023-02-22 00:00:00-05:00,67.0,68.9000015258789,61.29999923706055,61.79999923706055,12827,0.0,0.0
2023-02-23 00:00:00-05:00,64.0,64.0,56.400001525878906,56.400001525878906,8073,0.0,0.0
2023-02-24 00:00:00-05:00,58.0,58.0,54.0,57.0,8974,0.0,0.0
2023-02-27 00:00:00-05:00,57.0,60.0,56.0,58.5,11528,0.0,0.0
2023-02-28 00:00:00-05:00,60.0,63.099998474121094,58.400001525878906,61.5,5801,0.0,0.0
2023-03-01 00:00:00-05:00,61.0,62.0,55.0,59.5,7157,0.0,0.0
2023-03-02 00:00:00-05:00,60.0,60.70000076293945,57.79999923706055,60.5,2498,0.0,0.0
2023-03-03 00:00:00-05:00,62.599998474121094,63.20000076293945,60.29999923706055,62.400001525878906,6061,0.0,0.0
2023-03-06 00:00:00-05:00,62.400001525878906,62.79999923706055,59.29999923706055,60.400001525878906,2451,0.0,0.0
2023-03-07 00:00:00-05:00,59.0,60.29999923706055,58.0,59.0,2980,0.0,0.0
2023-03-08 00:00:00-05:00,59.0,59.400001525878906,56.099998474121094,57.0,2342,0.0,0.0
2023-03-09 00:00:00-05:00,59.0,59.0,56.400001525878906,57.900001525878906,2381,0.0,0.0
2023-03-10 00:00:00-05:00,57.0,57.5,55.0,56.0,2746,0.0,0.0
2023-03-13 00:00:00-04:00,55.0,60.0,55.0,58.099998474121094,3867,0.0,0.0
2023-03-14 00:00:00-04:00,60.0,60.0,55.0,55.900001525878906,2950,0.0,0.0
2023-03-15 00:00:00-04:00,55.0,55.900001525878906,50.099998474121094,52.900001525878906,4372,0.0,0.0
2023-03-16 00:00:00-04:00,51.29999923706055,54.0,50.900001525878906,53.0,1254,0.0,0.0
2023-03-17 00:00:00-04:00,53.0,53.29999923706055,49.5,49.5,1913,0.0,0.0
2023-03-20 00:00:00-04:00,51.0,54.599998474121094,46.0,48.5,3575,0.0,0.0
2023-03-21 00:00:00-04:00,49.0,54.900001525878906,48.5,51.5,18664,0.0,0.0
2023-03-22 00:00:00-04:00,51.599998474121094,59.29999923706055,50.099998474121094,54.29999923706055,44458,0.0,0.0
2023-03-23 00:00:00-04:00,59.29999923706055,60.5,45.0,50.0,35030,0.0,0.0
2023-03-24 00:00:00-04:00,45.5,50.599998474121094,45.5,50.0,6718,0.0,0.0
2023-03-27 00:00:00-04:00,50.0,51.0,47.79999923706055,49.599998474121094,5400,0.0,0.0
2023-03-28 00:00:00-04:00,50.0,50.0,45.0,46.900001525878906,6772,0.0,0.0
2023-03-29 00:00:00-04:00,46.0,47.0,45.0,46.0,6591,0.0,0.0
2023-03-30 00:00:00-04:00,46.0,47.0,45.099998474121094,46.0,3010,0.0,0.0
2023-03-31 00:00:00-04:00,46.0,47.099998474121094,45.099998474121094,46.0,3078,0.0,0.0
2023-04-03 00:00:00-04:00,46.0,47.0,45.099998474121094,45.5,3097,0.0,0.0
2023-04-04 00:00:00-04:00,45.29999923706055,46.0,44.5,44.5,2440,0.0,0.0
2023-04-05 00:00:00-04:00,44.599998474121094,45.0,42.0,42.79999923706055,2790,0.0,0.0
2023-04-06 00:00:00-04:00,43.0,44.0,42.0,44.0,1261,0.0,0.0
2023-04-10 00:00:00-04:00,43.0,44.0,42.0,43.20000076293945,1432,0.0,0.0
2023-04-11 00:00:00-04:00,43.20000076293945,44.0,41.5,43.5,2477,0.0,0.0
2023-04-12 00:00:00-04:00,43.5,43.5,42.0,42.0,1448,0.0,0.0
2023-04-13 00:00:00-04:00,41.20000076293945,42.099998474121094,38.5,40.70000076293945,4786,0.0,0.0
2023-04-14 00:00:00-04:00,40.70000076293945,41.5,38.099998474121094,39.79999923706055,3366,0.0,0.0
2023-04-17 00:00:00-04:00,38.0,39.0,36.599998474121094,37.5,6425,0.0,0.0
2023-04-18 00:00:00-04:00,37.5,38.0,37.099998474121094,37.400001525878906,5197,0.0,0.0
2023-04-19 00:00:00-04:00,37.099998474121094,39.0,37.0,37.29999923706055,5968,0.0,0.0
2023-04-20 00:00:00-04:00,37.5,37.5,35.20000076293945,36.5,4476,0.0,0.0
2023-04-21 00:00:00-04:00,36.0,38.0,35.400001525878906,36.29999923706055,1412,0.0,0.0
2023-04-24 00:00:00-04:00,37.0,37.0,35.20000076293945,35.29999923706055,1752,0.0,0.0
2023-04-25 00:00:00-04:00,36.0,37.0,34.0,34.599998474121094,3852,0.0,0.0
2023-04-26 00:00:00-04:00,37.0,37.0,30.0,33.0,6338,0.0,0.0
2023-04-27 00:00:00-04:00,32.70000076293945,33.29999923706055,32.70000076293945,33.0,3283,0.0,0.0
2023-04-28 00:00:00-04:00,33.5,33.5,31.100000381469727,33.0,3331,0.0,0.0
2023-05-01 00:00:00-04:00,34.0,34.0,30.299999237060547,30.899999618530273,5582,0.0,0.0
2023-05-02 00:00:00-04:00,31.5,31.5,30.0,30.200000762939453,4898,0.0,0.0
2023-05-03 00:00:00-04:00,30.5,30.5,29.0,30.299999237060547,6849,0.0,0.0
2023-05-04 00:00:00-04:00,30.200000762939453,30.5,28.200000762939453,28.799999237060547,6943,0.0,0.0
2023-05-05 00:00:00-04:00,28.0,29.299999237060547,28.0,28.5,5061,0.0,0.0
2023-05-08 00:00:00-04:00,28.0,29.100000381469727,28.0,28.899999618530273,5250,0.0,0.0
2023-05-09 00:00:00-04:00,28.5,29.100000381469727,26.0,27.899999618530273,9084,0.0,0.0
2023-05-10 00:00:00-04:00,27.899999618530273,28.399999618530273,27.600000381469727,28.0,3986,0.0,0.0
2023-05-11 00:00:00-04:00,28.5,28.5,28.0,28.200000762939453,3227,0.0,0.0
2023-05-12 00:00:00-04:00,28.799999237060547,28.899999618530273,28.200000762939453,28.200000762939453,6103,0.0,0.0
2023-05-15 00:00:00-04:00,28.799999237060547,28.799999237060547,26.399999618530273,27.5,13172,0.0,0.0
2023-05-16 00:00:00-04:00,27.100000381469727,27.200000762939453,26.0,26.600000381469727,3230,0.0,0.0
2023-05-17 00:00:00-04:00,26.299999237060547,27.700000762939453,26.0,26.600000381469727,7080,0.0,0.0
2023-05-18 00:00:00-04:00,27.0,27.899999618530273,26.600000381469727,27.399999618530273,5265,0.0,0.0
2023-05-19 00:00:00-04:00,27.5,27.5,26.0,27.399999618530273,5585,0.0,0.0
2023-05-22 00:00:00-04:00,27.5,29.0,26.700000762939453,28.299999237060547,8210,0.0,0.0
2023-05-23 00:00:00-04:00,26.5,27.399999618530273,16.899999618530273,17.399999618530273,140127,0.0,0.0
2023-05-24 00:00:00-04:00,17.0,17.0,9.800000190734863,11.5,308126,0.0,0.0
2023-05-25 00:00:00-04:00,10.699999809265137,13.0,9.800000190734863,10.699999809265137,189432,0.0,0.0
2023-05-26 00:00:00-04:00,10.0,10.199999809265137,9.199999809265137,9.5,104107,0.0,0.0
2023-05-30 00:00:00-04:00,12.5,22.600000381469727,11.5,13.5,2337608,0.0,0.0
2023-05-31 00:00:00-04:00,11.800000190734863,12.0,8.899999618530273,9.0,333509,0.0,0.0
2023-06-01 00:00:00-04:00,12.5,13.199999809265137,8.899999618530273,10.600000381469727,1140790,0.0,0.0
2023-06-02 00:00:00-04:00,10.0,10.5,9.5,10.199999809265137,167313,0.0,0.0
2023-06-05 00:00:00-04:00,13.899999618530273,14.699999809265137,6.900000095367432,7.0,1436940,0.0,0.0
2023-06-06 00:00:00-04:00,8.199999809265137,9.199999809265137,7.0,7.900000095367432,1520514,0.0,0.0
2023-06-07 00:00:00-04:00,8.199999809265137,8.699999809265137,7.800000190734863,8.100000381469727,362003,0.0,0.0
2023-06-08 00:00:00-04:00,7.800000190734863,8.800000190734863,7.599999904632568,8.300000190734863,281691,0.0,0.0
2023-06-09 00:00:00-04:00,8.5,8.600000381469727,6.400000095367432,7.099999904632568,870166,0.0,0.0
2023-06-12 00:00:00-04:00,7.099999904632568,7.300000190734863,5.400000095367432,6.400000095367432,806284,0.0,0.0
2023-06-13 00:00:00-04:00,6.199999809265137,6.5,5.5,6.199999809265137,562012,0.0,0.0
2023-06-14 00:00:00-04:00,6.800000190734863,7.599999904632568,6.5,7.5,1211675,0.0,0.0
2023-06-15 00:00:00-04:00,8.199999809265137,9.300000190734863,7.800000190734863,8.899999618530273,1241082,0.0,0.0
2023-06-16 00:00:00-04:00,8.699999809265137,8.800000190734863,8.0,8.699999809265137,460726,0.0,0.0
2023-06-20 00:00:00-04:00,8.199999809265137,8.399999618530273,7.5,8.0,281216,0.0,0.0
2023-06-21 00:00:00-04:00,7.0,8.0,6.800000190734863,7.199999809265137,414382,0.0,0.0
2023-06-22 00:00:00-04:00,8.600000381469727,8.899999618530273,7.0,7.400000095367432,1203771,0.0,0.0
2023-06-23 00:00:00-04:00,7.300000190734863,7.800000190734863,7.0,7.599999904632568,359275,0.0,0.0
2023-06-26 00:00:00-04:00,7.599999904632568,7.599999904632568,7.0,7.099999904632568,259868,0.0,0.0
2023-06-27 00:00:00-04:00,7.199999809265137,7.300000190734863,6.800000190734863,7.099999904632568,235767,0.0,0.0
2023-06-28 00:00:00-04:00,7.199999809265137,7.199999809265137,6.699999809265137,6.900000095367432,199736,0.0,0.0
2023-06-29 00:00:00-04:00,6.900000095367432,7.0,6.599999904632568,7.0,169469,0.0,0.0
2023-06-30 00:00:00-04:00,6.900000095367432,7.099999904632568,6.699999809265137,7.099999904632568,131778,0.0,0.0
2023-07-03 00:00:00-04:00,6.800000190734863,7.199999809265137,6.800000190734863,7.099999904632568,103957,0.0,0.0
2023-07-05 00:00:00-04:00,7.099999904632568,7.5,7.099999904632568,7.400000095367432,260344,0.0,0.0
2023-07-06 00:00:00-04:00,7.5,10.300000190734863,7.400000095367432,8.300000190734863,1687940,0.0,0.0
2023-07-07 00:00:00-04:00,10.0,13.399999618530273,9.0,11.5,2843985,0.0,0.0
2023-07-10 00:00:00-04:00,14.199999809265137,16.5,13.5,15.800000190734863,2481317,0.0,0.0
2023-07-11 00:00:00-04:00,17.0,18.399999618530273,14.0,15.0,1361405,0.0,0.0
2023-07-12 00:00:00-04:00,12.800000190734863,13.5,11.0,12.600000381469727,978092,0.0,0.0
2023-07-13 00:00:00-04:00,11.199999809265137,11.899999618530273,10.0,10.800000190734863,679235,0.0,0.0
2023-07-14 00:00:00-04:00,11.300000190734863,12.0,10.800000190734863,11.100000381469727,362790,0.0,0.0
2023-07-17 00:00:00-04:00,11.199999809265137,11.199999809265137,10.0,10.300000190734863,338006,0.0,0.0
2023-07-18 00:00:00-04:00,10.0,10.100000381469727,9.0,9.199999809265137,315668,0.0,0.0
2023-07-19 00:00:00-04:00,8.800000190734863,10.600000381469727,8.300000190734863,10.199999809265137,560293,0.0,0.0
2023-07-20 00:00:00-04:00,14.0,14.300000190734863,9.699999809265137,10.0,2456683,0.0,0.0
2023-07-21 00:00:00-04:00,11.0,11.199999809265137,9.699999809265137,10.100000381469727,952558,0.0,0.0
2023-07-24 00:00:00-04:00,10.100000381469727,10.100000381469727,9.0,9.399999618530273,503890,0.0,0.0
2023-07-25 00:00:00-04:00,9.5,11.300000190734863,9.399999618530273,11.199999809265137,569857,0.0,0.0
2023-07-26 00:00:00-04:00,11.0,12.5,10.399999618530273,11.899999618530273,670674,0.0,0.0
2023-07-27 00:00:00-04:00,12.0,12.899999618530273,11.100000381469727,11.699999809265137,593981,0.0,0.0
2023-07-28 00:00:00-04:00,11.800000190734863,11.800000190734863,11.0,11.600000381469727,298655,0.0,0.0
2023-07-31 00:00:00-04:00,12.399999618530273,15.5,12.100000381469727,14.800000190734863,966541,0.0,0.0
2023-08-01 00:00:00-04:00,16.0,17.0,14.300000190734863,15.800000190734863,893674,0.0,0.0
2023-08-02 00:00:00-04:00,16.0,27.700000762939453,14.800000190734863,24.299999237060547,3086084,0.0,0.0
2023-08-03 00:00:00-04:00,35.79999923706055,45.0,31.799999237060547,35.0,4786449,0.0,0.0
2023-08-04 00:00:00-04:00,31.299999237060547,33.900001525878906,24.299999237060547,25.0,2014203,0.0,0.0
2023-08-07 00:00:00-04:00,31.5,32.400001525878906,24.0,24.5,1950334,0.0,0.0
2023-08-08 00:00:00-04:00,25.5,31.299999237060547,22.299999237060547,31.0,2077887,0.0,0.0
2023-08-09 00:00:00-04:00,28.399999618530273,37.0,28.100000381469727,34.29999923706055,2271203,0.0,0.0
2023-08-10 00:00:00-04:00,38.0,39.400001525878906,31.200000762939453,32.70000076293945,1373105,0.0,0.0
2023-08-11 00:00:00-04:00,29.100000381469727,35.0,28.5,33.79999923706055,734632,0.0,0.0
2023-08-14 00:00:00-04:00,35.0,39.400001525878906,34.0,39.0,1070627,0.0,0.0
2023-08-15 00:00:00-04:00,45.0,61.0,41.20000076293945,59.099998474121094,3760622,0.0,0.0
2023-08-16 00:00:00-04:00,65.0,70.0,40.900001525878906,56.900001525878906,3358508,0.0,0.0
2023-08-17 00:00:00-04:00,44.5,52.400001525878906,44.0,45.29999923706055,1327152,0.0,0.0
2023-08-18 00:00:00-04:00,40.0,56.400001525878906,39.0,56.0,1820894,0.0,0.0
2023-08-21 00:00:00-04:00,59.5,63.5,51.5,52.599998474121094,1499057,0.0,0.0
2023-08-22 00:00:00-04:00,49.5,52.0,42.5,48.0,1011568,0.0,0.0
2023-08-23 00:00:00-04:00,45.5,48.900001525878906,43.5,47.79999923706055,611785,0.0,0.0
2023-08-24 00:00:00-04:00,42.0,43.5,33.79999923706055,35.20000076293945,1097179,0.0,0.0
2023-08-25 00:00:00-04:00,39.29999923706055,40.5,35.099998474121094,36.79999923706055,981431,0.0,0.0
2023-08-28 00:00:00-04:00,37.900001525878906,38.599998474121094,31.100000381469727,33.5,822325,0.0,0.0
2023-08-29 00:00:00-04:00,29.5,30.299999237060547,26.899999618530273,27.200000762939453,886351,0.0,0.0
2023-08-30 00:00:00-04:00,25.5,35.0,24.200000762939453,32.400001525878906,1433429,0.0,0.0
2023-08-31 00:00:00-04:00,30.5,34.79999923706055,29.5,31.299999237060547,547294,0.0,0.0
2023-09-01 00:00:00-04:00,30.0,36.400001525878906,30.0,35.0,584526,0.0,0.0
2023-09-05 00:00:00-04:00,37.400001525878906,39.599998474121094,34.0,34.599998474121094,567495,0.0,0.0
2023-09-06 00:00:00-04:00,31.600000381469727,33.20000076293945,29.200000762939453,30.100000381469727,415213,0.0,0.0
2023-09-07 00:00:00-04:00,29.100000381469727,34.79999923706055,27.600000381469727,34.29999923706055,544521,0.0,0.0
2023-09-08 00:00:00-04:00,31.700000762939453,33.29999923706055,29.899999618530273,30.299999237060547,291563,0.0,0.0
2023-09-11 00:00:00-04:00,29.100000381469727,29.899999618530273,24.5,26.100000381469727,496580,0.0,0.0
2023-09-12 00:00:00-04:00,29.0,32.70000076293945,27.5,29.799999237060547,662047,0.0,0.0
2023-09-13 00:00:00-04:00,29.100000381469727,30.299999237060547,26.600000381469727,27.5,350184,0.0,0.0
2023-09-14 00:00:00-04:00,27.700000762939453,27.899999618530273,25.600000381469727,26.100000381469727,312930,0.0,0.0
2023-09-15 00:00:00-04:00,24.600000381469727,30.0,23.5,27.700000762939453,671079,0.0,0.0
2023-09-18 00:00:00-04:00,38.20000076293945,46.900001525878906,33.70000076293945,45.900001525878906,4242164,0.0,0.0
2023-09-19 00:00:00-04:00,40.0,40.0,32.099998474121094,33.900001525878906,1354157,0.0,0.0
2023-09-20 00:00:00-04:00,32.5,34.70000076293945,29.100000381469727,30.200000762939453,828674,0.0,0.0
2023-09-21 00:00:00-04:00,31.299999237060547,32.900001525878906,28.0,29.0,676889,0.0,0.0
2023-09-22 00:00:00-04:00,27.0,27.5,24.299999237060547,25.399999618530273,739568,0.0,0.0
2023-09-25 00:00:00-04:00,24.600000381469727,24.600000381469727,20.700000762939453,21.899999618530273,616484,0.0,0.0
2023-09-26 00:00:00-04:00,19.600000381469727,21.5,18.799999237060547,20.200000762939453,572199,0.0,0.0
2023-09-27 00:00:00-04:00,20.600000381469727,21.799999237060547,17.0,18.100000381469727,743251,0.0,0.0
2023-09-28 00:00:00-04:00,17.200000762939453,18.299999237060547,14.899999618530273,17.799999237060547,1012565,0.0,0.0
2023-09-29 00:00:00-04:00,19.899999618530273,24.0,19.899999618530273,22.100000381469727,1102171,0.0,0.0
2023-10-02 00:00:00-04:00,22.0,23.600000381469727,20.700000762939453,23.200000762939453,438475,0.0,0.0
2023-10-03 00:00:00-04:00,22.200000762939453,22.299999237060547,20.799999237060547,21.799999237060547,304735,0.0,0.0
2023-10-04 00:00:00-04:00,20.299999237060547,21.299999237060547,20.0,20.299999237060547,197365,0.0,0.0
2023-10-05 00:00:00-04:00,19.700000762939453,20.299999237060547,18.399999618530273,19.399999618530273,351487,0.0,0.0
2023-10-06 00:00:00-04:00,22.399999618530273,26.5,21.799999237060547,26.299999237060547,1365974,0.0,0.0
2023-10-09 00:00:00-04:00,28.5,33.20000076293945,27.100000381469727,28.0,1198826,0.0,0.0
2023-10-10 00:00:00-04:00,28.5,30.399999618530273,27.0,29.0,499525,0.0,0.0
2023-10-11 00:00:00-04:00,28.799999237060547,31.5,26.600000381469727,31.0,616311,0.0,0.0
2023-10-12 00:00:00-04:00,18.5,23.0,16.5,17.399999618530273,2454621,0.0,0.0
2023-10-13 00:00:00-04:00,10.319999694824219,10.460000038146973,6.809999942779541,8.199999809265137,2453900,0.0,0.01
2023-10-16 00:00:00-04:00,8.229999542236328,8.300000190734863,6.639999866485596,7.25,1343700,0.0,0.0
2023-10-17 00:00:00-04:00,7.059999942779541,8.649999618530273,7.0,7.550000190734863,2107800,0.0,0.0
2023-10-18 00:00:00-04:00,7.449999809265137,7.449999809265137,6.639999866485596,6.730000019073486,832900,0.0,0.0
2023-10-19 00:00:00-04:00,6.610000133514404,6.610000133514404,5.639999866485596,5.664999961853027,1054800,0.0,0.0
2023-10-20 00:00:00-04:00,5.690000057220459,6.440000057220459,5.394999980926514,5.449999809265137,1226400,0.0,0.0
2023-10-23 00:00:00-04:00,5.409999847412109,5.409999847412109,5.065999984741211,5.210000038146973,520900,0.0,0.0
2023-10-24 00:00:00-04:00,5.159999847412109,5.739999771118164,5.119999885559082,5.704999923706055,663300,0.0,0.0
2023-10-25 00:00:00-04:00,5.699999809265137,6.429999828338623,5.630000114440918,6.050000190734863,732100,0.0,0.0
2023-10-26 00:00:00-04:00,5.900000095367432,5.948999881744385,5.422999858856201,5.610000133514404,320600,0.0,0.0
2023-10-27 00:00:00-04:00,5.659999847412109,5.7210001945495605,5.260000228881836,5.489999771118164,282900,0.0,0.0
2023-10-30 00:00:00-04:00,5.510000228881836,5.515999794006348,5.159999847412109,5.349999904632568,261000,0.0,0.0
2023-10-31 00:00:00-04:00,5.380000114440918,6.150000095367432,5.210000038146973,5.909999847412109,647900,0.0,0.0
2023-11-01 00:00:00-04:00,5.949999809265137,6.539999961853027,5.739999771118164,5.929999828338623,795600,0.0,0.0
2023-11-02 00:00:00-04:00,6.039999961853027,6.071000099182129,5.630000114440918,5.880000114440918,304000,0.0,0.0
2023-11-03 00:00:00-04:00,5.840000152587891,5.840000152587891,5.349999904632568,5.409999847412109,444400,0.0,0.0
2023-11-06 00:00:00-05:00,5.420000076293945,5.4710001945495605,5.159999847412109,5.349999904632568,345700,0.0,0.0
2023-11-07 00:00:00-05:00,5.28000020980835,5.75,5.150000095367432,5.429999828338623,372600,0.0,0.0
2023-11-08 00:00:00-05:00,5.46999979019165,5.679999828338623,5.150000095367432,5.619999885559082,321000,0.0,0.0
2023-11-09 00:00:00-05:00,5.489999771118164,5.679999828338623,5.199999809265137,5.300000190734863,307000,0.0,0.0
2023-11-10 00:00:00-05:00,5.25,5.25,4.699999809265137,4.71999979019165,396600,0.0,0.0
2023-11-13 00:00:00-05:00,4.679999828338623,4.711999893188477,4.21999979019165,4.21999979019165,315500,0.0,0.0
2023-11-14 00:00:00-05:00,4.239999771118164,4.538000106811523,4.135000228881836,4.460000038146973,359000,0.0,0.0
2023-11-15 00:00:00-05:00,4.400000095367432,4.730000019073486,4.309999942779541,4.329999923706055,291500,0.0,0.0
2023-11-16 00:00:00-05:00,4.409999847412109,4.440000057220459,4.179999828338623,4.21999979019165,195200,0.0,0.0
2023-11-17 00:00:00-05:00,4.260000228881836,4.260000228881836,3.819999933242798,3.9000000953674316,332300,0.0,0.0
2023-11-20 00:00:00-05:00,3.859999895095825,4.090000152587891,3.7899999618530273,3.950000047683716,203100,0.0,0.0
2023-11-21 00:00:00-05:00,3.940000057220459,3.9700000286102295,3.759999990463257,3.799999952316284,168900,0.0,0.0
2023-11-22 00:00:00-05:00,3.8399999141693115,4.329999923706055,3.799999952316284,3.940000057220459,351200,0.0,0.0
2023-11-24 00:00:00-05:00,3.9600000381469727,4.159999847412109,3.8499999046325684,4.090000152587891,121300,0.0,0.0
2023-11-27 00:00:00-05:00,3.9200000762939453,4.050000190734863,3.7139999866485596,3.8399999141693115,337500,0.0,0.0
2023-11-28 00:00:00-05:00,3.880000114440918,3.880000114440918,3.619999885559082,3.700000047683716,228000,0.0,0.0
2023-11-29 00:00:00-05:00,3.630000114440918,3.806999921798706,3.359999895095825,3.640000104904175,302400,0.0,0.0
2023-11-30 00:00:00-05:00,3.7100000381469727,3.8359999656677246,3.5299999713897705,3.5399999618530273,252500,0.0,0.0
2023-12-01 00:00:00-05:00,3.509999990463257,3.9189999103546143,3.440000057220459,3.9000000953674316,274500,0.0,0.0
2023-12-04 00:00:00-05:00,3.7899999618530273,4.369999885559082,3.7899999618530273,4.210000038146973,328600,0.0,0.0
2023-12-05 00:00:00-05:00,4.130000114440918,4.1519999504089355,3.6700000762939453,3.740000009536743,286400,0.0,0.0
2023-12-06 00:00:00-05:00,3.819999933242798,3.9600000381469727,3.740000009536743,3.759999990463257,167000,0.0,0.0
2023-12-07 00:00:00-05:00,3.7899999618530273,3.8499999046325684,3.680000066757202,3.700000047683716,89400,0.0,0.0
2023-12-08 00:00:00-05:00,3.680000066757202,3.7699999809265137,3.569999933242798,3.759999990463257,117100,0.0,0.0
2023-12-11 00:00:00-05:00,3.799999952316284,3.882999897003174,3.6600000858306885,3.8399999141693115,108300,0.0,0.0
2023-12-12 00:00:00-05:00,3.759999990463257,3.819999933242798,3.619999885559082,3.6700000762939453,90100,0.0,0.0
2023-12-13 00:00:00-05:00,3.630000114440918,3.700000047683716,3.4630000591278076,3.6600000858306885,132200,0.0,0.0
2023-12-14 00:00:00-05:00,3.7300000190734863,3.859999895095825,3.5999999046325684,3.6700000762939453,149400,0.0,0.0
2023-12-15 00:00:00-05:00,3.7300000190734863,3.815999984741211,3.5999999046325684,3.759999990463257,178300,0.0,0.0
2023-12-18 00:00:00-05:00,3.75,3.940000057220459,3.680000066757202,3.9100000858306885,188100,0.0,0.0
2023-12-19 00:00:00-05:00,3.9100000858306885,4.880000114440918,3.819999933242798,4.809999942779541,596300,0.0,0.0
2023-12-20 00:00:00-05:00,5.139999866485596,5.800000190734863,4.699999809265137,5.300000190734863,1330200,0.0,0.0
2023-12-21 00:00:00-05:00,5.460000038146973,5.550000190734863,4.71999979019165,4.820000171661377,339600,0.0,0.0
2023-12-22 00:00:00-05:00,4.860000133514404,5.25,4.860000133514404,5.21999979019165,196100,0.0,0.0
2023-12-26 00:00:00-05:00,5.190000057220459,5.190000057220459,4.760000228881836,4.869999885559082,193200,0.0,0.0
2023-12-27 00:00:00-05:00,4.829999923706055,5.2270002365112305,4.829999923706055,5.159999847412109,167700,0.0,0.0
2023-12-28 00:00:00-05:00,5.099999904632568,8.380000114440918,5.099999904632568,7.449999809265137,3595200,0.0,0.0
2023-12-29 00:00:00-05:00,7.179999828338623,7.7210001945495605,6.099999904632568,6.275000095367432,841400,0.0,0.0
2024-01-02 00:00:00-05:00,6.239999771118164,6.269999980926514,5.360000133514404,5.409999847412109,401900,0.0,0.0
2024-01-03 00:00:00-05:00,5.5,6.349999904632568,5.449999809265137,6.130000114440918,623400,0.0,0.0
2024-01-04 00:00:00-05:00,6.059999942779541,6.059999942779541,5.480000019073486,5.505000114440918,237500,0.0,0.0
2024-01-05 00:00:00-05:00,5.679999828338623,6.400000095367432,5.550000190734863,5.800000190734863,538100,0.0,0.0
2024-01-08 00:00:00-05:00,5.800000190734863,5.800000190734863,5.420000076293945,5.690000057220459,234000,0.0,0.0
2024-01-09 00:00:00-05:00,5.800000190734863,5.800000190734863,5.070000171661377,5.210000038146973,256600,0.0,0.0
2024-01-10 00:00:00-05:00,5.230000019073486,5.380000114440918,5.064000129699707,5.15500020980835,118700,0.0,0.0
2024-01-11 00:00:00-05:00,5.150000095367432,5.269999980926514,4.619999885559082,4.679999828338623,193900,0.0,0.0
2024-01-12 00:00:00-05:00,4.679999828338623,4.730999946594238,4.150000095367432,4.159999847412109,171100,0.0,0.0
2024-01-16 00:00:00-05:00,4.159999847412109,4.182000160217285,4.0,4.03000020980835,102200,0.0,0.0
2024-01-17 00:00:00-05:00,4.099999904632568,4.670000076293945,4.010000228881836,4.300000190734863,298100,0.0,0.0
2024-01-18 00:00:00-05:00,4.260000228881836,4.540999889373779,4.260000228881836,4.5,113600,0.0,0.0
2024-01-19 00:00:00-05:00,4.510000228881836,4.599999904632568,4.269999980926514,4.400000095367432,68900,0.0,0.0
2024-01-22 00:00:00-05:00,4.190000057220459,4.659999847412109,4.170000076293945,4.429999828338623,80700,0.0,0.0
2024-01-23 00:00:00-05:00,4.5,4.5,4.199999809265137,4.269999980926514,77200,0.0,0.0
2024-01-24 00:00:00-05:00,4.309999942779541,4.317999839782715,3.809999942779541,3.819999933242798,176200,0.0,0.0
2024-01-25 00:00:00-05:00,3.9000000953674316,4.150000095367432,3.809999942779541,4.110000133514404,101500,0.0,0.0
2024-01-26 00:00:00-05:00,4.039999961853027,4.260000228881836,4.039999961853027,4.21999979019165,63400,0.0,0.0
2024-01-29 00:00:00-05:00,4.28000020980835,4.550000190734863,4.150000095367432,4.550000190734863,100800,0.0,0.0
2024-01-30 00:00:00-05:00,4.519999980926514,4.629000186920166,4.349999904632568,4.369999885559082,49900,0.0,0.0
2024-01-31 00:00:00-05:00,4.440000057220459,4.6570000648498535,4.389999866485596,4.5,77000,0.0,0.0
2024-02-01 00:00:00-05:00,4.400000095367432,4.929999828338623,4.369999885559082,4.889999866485596,141500,0.0,0.0
2024-02-02 00:00:00-05:00,4.909999847412109,4.997000217437744,4.519999980926514,4.760000228881836,48700,0.0,0.0
2024-02-05 00:00:00-05:00,4.650000095367432,4.71999979019165,4.210000038146973,4.320000171661377,87000,0.0,0.0
2024-02-06 00:00:00-05:00,4.329999923706055,4.460000038146973,4.199999809265137,4.429999828338623,43500,0.0,0.0
2024-02-07 00:00:00-05:00,4.5,4.543000221252441,4.130000114440918,4.260000228881836,87000,0.0,0.0
2024-02-08 00:00:00-05:00,4.25,4.368000030517578,4.165999889373779,4.289999961853027,36100,0.0,0.0
2024-02-09 00:00:00-05:00,4.369999885559082,4.940000057220459,4.293000221252441,4.889999866485596,162200,0.0,0.0
2024-02-12 00:00:00-05:00,6.239999771118164,6.949999809265137,5.199999809265137,6.489999771118164,5290100,0.0,0.0
2024-02-13 00:00:00-05:00,6.25,6.776000022888184,5.519999980926514,6.239999771118164,527300,0.0,0.0
2024-02-14 00:00:00-05:00,6.25,6.739999771118164,6.006999969482422,6.230000019073486,365300,0.0,0.0
2024-02-15 00:00:00-05:00,6.199999809265137,6.949999809265137,5.908999919891357,6.389999866485596,558600,0.0,0.0
2024-02-16 00:00:00-05:00,6.0,6.0,5.400000095367432,5.449999809265137,345100,0.0,0.0
2024-02-20 00:00:00-05:00,5.369999885559082,5.559999942779541,5.150000095367432,5.519999980926514,143000,0.0,0.0
2024-02-21 00:00:00-05:00,5.449999809265137,5.659999847412109,5.079999923706055,5.550000190734863,137700,0.0,0.0
2024-02-22 00:00:00-05:00,5.5,5.611999988555908,5.201000213623047,5.480000019073486,95000,0.0,0.0
2024-02-23 00:00:00-05:00,5.380000114440918,5.489999771118164,5.210000038146973,5.420000076293945,92500,0.0,0.0
2024-02-26 00:00:00-05:00,5.300000190734863,5.449999809265137,5.150000095367432,5.429999828338623,66000,0.0,0.0
2024-02-27 00:00:00-05:00,5.400000095367432,5.420000076293945,5.110000133514404,5.300000190734863,133100,0.0,0.0
2024-02-28 00:00:00-05:00,5.25,5.25,5.010000228881836,5.050000190734863,100800,0.0,0.0
2024-02-29 00:00:00-05:00,5.050000190734863,5.190000057220459,5.010000228881836,5.039999961853027,70700,0.0,0.0
2024-03-01 00:00:00-05:00,5.059999942779541,5.420000076293945,4.75,5.28000020980835,139900,0.0,0.0
2024-03-04 00:00:00-05:00,5.289999961853027,5.570000171661377,5.190999984741211,5.28000020980835,131500,0.0,0.0
2024-03-05 00:00:00-05:00,5.190000057220459,5.300000190734863,4.920000076293945,4.920000076293945,80500,0.0,0.0
2024-03-06 00:00:00-05:00,4.869999885559082,4.979000091552734,4.659999847412109,4.829999923706055,85100,0.0,0.0
2024-03-07 00:00:00-05:00,4.769999980926514,5.099999904632568,4.769999980926514,4.880000114440918,51300,0.0,0.0
2024-03-08 00:00:00-05:00,4.940000057220459,5.185999870300293,4.860000133514404,4.909999847412109,44500,0.0,0.0
2024-03-11 00:00:00-04:00,4.900000095367432,5.039999961853027,4.449999809265137,4.46999979019165,123300,0.0,0.0
2024-03-12 00:00:00-04:00,4.539999961853027,4.880000114440918,4.539999961853027,4.630000114440918,82000,0.0,0.0
2024-03-13 00:00:00-04:00,4.690000057220459,5.010000228881836,4.590000152587891,4.599999904632568,127800,0.0,0.0
2024-03-14 00:00:00-04:00,4.570000171661377,4.710000038146973,3.950000047683716,4.019999980926514,207200,0.0,0.0
2024-03-15 00:00:00-04:00,3.9800000190734863,4.239999771118164,3.9800000190734863,4.179999828338623,70400,0.0,0.0
2024-03-18 00:00:00-04:00,4.210000038146973,4.329999923706055,3.5999999046325684,3.930000066757202,232800,0.0,0.0
2024-03-19 00:00:00-04:00,3.9600000381469727,4.070000171661377,3.380000114440918,3.490000009536743,509900,0.0,0.0
2024-03-20 00:00:00-04:00,3.950000047683716,3.950000047683716,2.990000009536743,3.109999895095825,779200,0.0,0.0
2024-03-21 00:00:00-04:00,3.1600000858306885,3.190000057220459,2.990000009536743,3.0199999809265137,321200,0.0,0.0
2024-03-22 00:00:00-04:00,3.0799999237060547,3.0799999237060547,2.819999933242798,2.869999885559082,349800,0.0,0.0
2024-03-25 00:00:00-04:00,2.950000047683716,3.005000114440918,2.700000047683716,2.9800000190734863,252300,0.0,0.0
2024-03-26 00:00:00-04:00,2.890000104904175,2.9600000381469727,2.7899999618530273,2.859999895095825,189700,0.0,0.0
2024-03-27 00:00:00-04:00,2.859999895095825,3.2200000286102295,2.799999952316284,3.049999952316284,273900,0.0,0.0
2024-03-28 00:00:00-04:00,2.990000009536743,3.1579999923706055,2.8399999141693115,3.0,338600,0.0,0.0
2024-04-01 00:00:00-04:00,3.0,3.049999952316284,2.8299999237060547,2.9800000190734863,104400,0.0,0.0
2024-04-02 00:00:00-04:00,2.869999885559082,2.9800000190734863,2.8299999237060547,2.9600000381469727,75700,0.0,0.0
2024-04-03 00:00:00-04:00,2.9600000381469727,2.990000009536743,2.7699999809265137,2.7899999618530273,107300,0.0,0.0
2024-04-04 00:00:00-04:00,2.8399999141693115,3.0199999809265137,2.809999942779541,2.859999895095825,126400,0.0,0.0
2024-04-05 00:00:00-04:00,2.9200000762939453,2.990000009536743,2.75,2.8299999237060547,89900,0.0,0.0
2024-04-08 00:00:00-04:00,2.8499999046325684,2.871000051498413,2.75,2.819999933242798,65500,0.0,0.0
2024-04-09 00:00:00-04:00,2.819999933242798,3.365999937057495,2.759999990463257,3.130000114440918,277900,0.0,0.0
2024-04-10 00:00:00-04:00,3.009999990463257,3.380000114440918,2.8499999046325684,3.069999933242798,266700,0.0,0.0
2024-04-11 00:00:00-04:00,3.069999933242798,3.2899999618530273,3.0,3.1500000953674316,162900,0.0,0.0
2024-04-12 00:00:00-04:00,3.1500000953674316,3.2699999809265137,3.0799999237060547,3.140000104904175,154100,0.0,0.0
2024-04-15 00:00:00-04:00,3.119999885559082,3.240000009536743,2.7899999618530273,2.9700000286102295,188800,0.0,0.0
2024-04-16 00:00:00-04:00,2.950000047683716,3.190000057220459,2.799999952316284,3.0299999713897705,84500,0.0,0.0
2024-04-17 00:00:00-04:00,3.069999933242798,3.0789999961853027,2.880000114440918,2.940000057220459,64000,0.0,0.0
2024-04-18 00:00:00-04:00,2.940000057220459,3.0,2.880000114440918,2.990000009536743,106800,0.0,0.0
2024-04-19 00:00:00-04:00,3.009999990463257,3.069999933242798,2.9200000762939453,2.9600000381469727,34300,0.0,0.0
2024-04-22 00:00:00-04:00,3.0,3.4000000953674316,2.7799999713897705,3.1600000858306885,1363700,0.0,0.0
2024-04-23 00:00:00-04:00,2.619999885559082,2.9600000381469727,2.5999999046325684,2.7200000286102295,359200,0.0,0.0
2024-04-24 00:00:00-04:00,2.740000009536743,2.7799999713897705,2.5999999046325684,2.759999990463257,330300,0.0,0.0
2024-04-25 00:00:00-04:00,2.680000066757202,2.880000114440918,2.5999999046325684,2.740000009536743,412400,0.0,0.0
2024-04-26 00:00:00-04:00,2.759999990463257,2.934999942779541,2.700000047683716,2.8399999141693115,140900,0.0,0.0
2024-04-29 00:00:00-04:00,2.8399999141693115,2.9800000190734863,2.819999933242798,2.940000057220459,96300,0.0,0.0
2024-04-30 00:00:00-04:00,2.9100000858306885,3.5399999618530273,2.880000114440918,3.3550000190734863,524300,0.0,0.0
2024-05-01 00:00:00-04:00,3.359999895095825,3.700000047683716,2.9619998931884766,3.0,507100,0.0,0.0
2024-05-02 00:00:00-04:00,3.0899999141693115,3.75,3.0899999141693115,3.6500000953674316,260400,0.0,0.0
2024-05-03 00:00:00-04:00,3.700000047683716,3.8499999046325684,3.5999999046325684,3.7200000286102295,199500,0.0,0.0
2024-05-06 00:00:00-04:00,3.4100000858306885,3.7880001068115234,3.299999952316284,3.630000114440918,903600,0.0,0.0
2024-05-07 00:00:00-04:00,3.8299999237060547,4.179999828338623,3.2200000286102295,3.240000009536743,896600,0.0,0.0
2024-05-08 00:00:00-04:00,3.309999942779541,3.450000047683716,3.0299999713897705,3.049999952316284,488200,0.0,0.0
2024-05-09 00:00:00-04:00,3.2300000190734863,3.9189999103546143,3.0299999713897705,3.190000057220459,671900,0.0,0.0
2024-05-10 00:00:00-04:00,3.190000057220459,4.150000095367432,3.052000045776367,3.694999933242798,1071500,0.0,0.0
2024-05-13 00:00:00-04:00,3.7300000190734863,4.739999771118164,3.630000114440918,4.389999866485596,629800,0.0,0.0
2024-05-14 00:00:00-04:00,4.300000190734863,4.440000057220459,4.065000057220459,4.159999847412109,453400,0.0,0.0
2024-05-15 00:00:00-04:00,4.610000133514404,6.556000232696533,4.610000133514404,5.96999979019165,3152300,0.0,0.0
2024-05-16 00:00:00-04:00,5.96999979019165,6.449999809265137,5.150000095367432,5.639999866485596,662400,0.0,0.0
2024-05-17 00:00:00-04:00,5.650000095367432,5.78000020980835,5.380000114440918,5.639999866485596,180300,0.0,0.0
2024-05-20 00:00:00-04:00,5.53000020980835,6.21999979019165,5.53000020980835,6.059999942779541,304700,0.0,0.0
2024-05-21 00:00:00-04:00,5.889999866485596,6.0,5.3429999351501465,5.449999809265137,215100,0.0,0.0
2024-05-22 00:00:00-04:00,5.360000133514404,5.739999771118164,5.23199987411499,5.630000114440918,98500,0.0,0.0
2024-05-23 00:00:00-04:00,5.550000190734863,5.679999828338623,5.159999847412109,5.159999847412109,148100,0.0,0.0
2024-05-24 00:00:00-04:00,4.980000019073486,5.019999980926514,4.590000152587891,4.949999809265137,150200,0.0,0.0
2024-05-28 00:00:00-04:00,4.949999809265137,5.400000095367432,4.949999809265137,5.059999942779541,165900,0.0,0.0
2024-05-29 00:00:00-04:00,5.010000228881836,5.21999979019165,5.0,5.090000152587891,73900,0.0,0.0
2024-05-30 00:00:00-04:00,5.090000152587891,5.269999980926514,5.0,5.059999942779541,54200,0.0,0.0
2024-05-31 00:00:00-04:00,5.010000228881836,5.4120001792907715,5.010000228881836,5.139999866485596,84600,0.0,0.0
2024-06-03 00:00:00-04:00,5.130000114440918,5.230000019073486,4.75,4.78000020980835,95600,0.0,0.0
2024-06-04 00:00:00-04:00,4.769999980926514,4.958000183105469,4.400000095367432,4.539999961853027,91700,0.0,0.0
2024-06-05 00:00:00-04:00,4.550000190734863,4.690000057220459,4.309999942779541,4.639999866485596,172800,0.0,0.0
2024-06-06 00:00:00-04:00,4.630000114440918,4.829999923706055,4.349999904632568,4.519999980926514,434900,0.0,0.0
2024-06-07 00:00:00-04:00,4.480000019073486,4.659999847412109,4.25,4.289999961853027,129000,0.0,0.0
2024-06-10 00:00:00-04:00,4.329999923706055,4.630000114440918,4.210000038146973,4.420000076293945,95100,0.0,0.0
2024-06-11 00:00:00-04:00,4.360000133514404,4.78000020980835,4.359000205993652,4.690000057220459,132200,0.0,0.0
2024-06-12 00:00:00-04:00,4.800000190734863,4.929999828338623,4.510000228881836,4.789999961853027,74300,0.0,0.0
2024-06-13 00:00:00-04:00,4.760000228881836,4.940000057220459,4.559999942779541,4.800000190734863,63900,0.0,0.0
2024-06-14 00:00:00-04:00,4.679999828338623,5.434999942779541,4.679999828338623,5.110000133514404,128700,0.0,0.0
2024-06-17 00:00:00-04:00,5.110000133514404,5.389999866485596,4.980000019073486,5.130000114440918,103100,0.0,0.0
2024-06-18 00:00:00-04:00,5.309999942779541,5.5,5.059999942779541,5.309999942779541,90800,0.0,0.0
2024-06-20 00:00:00-04:00,5.480000019073486,6.369999885559082,5.309999942779541,5.760000228881836,405300,0.0,0.0
2024-06-21 00:00:00-04:00,5.739999771118164,6.070000171661377,5.517000198364258,5.929999828338623,722000,0.0,0.0
2024-06-24 00:00:00-04:00,5.949999809265137,6.800000190734863,5.940000057220459,6.550000190734863,316400,0.0,0.0
2024-06-25 00:00:00-04:00,6.489999771118164,6.730000019073486,5.949999809265137,5.949999809265137,191200,0.0,0.0
2024-06-26 00:00:00-04:00,6.019999980926514,6.369999885559082,5.25,5.360000133514404,146300,0.0,0.0
2024-06-27 00:00:00-04:00,5.380000114440918,5.650000095367432,5.050000190734863,5.429999828338623,83700,0.0,0.0
2024-06-28 00:00:00-04:00,5.480000019073486,5.539999961853027,5.199999809265137,5.340000152587891,93000,0.0,0.0
2024-07-01 00:00:00-04:00,5.440000057220459,5.519999980926514,5.289999961853027,5.380000114440918,42500,0.0,0.0
2024-07-02 00:00:00-04:00,5.369999885559082,5.519999980926514,5.059999942779541,5.079999923706055,93600,0.0,0.0
2024-07-03 00:00:00-04:00,5.090000152587891,5.400000095367432,5.050000190734863,5.050000190734863,42200,0.0,0.0
2024-07-05 00:00:00-04:00,5.050000190734863,5.192999839782715,4.650000095367432,4.739999771118164,112200,0.0,0.0
2024-07-08 00:00:00-04:00,4.789999961853027,5.199999809265137,4.7230000495910645,4.880000114440918,110600,0.0,0.0
2024-07-09 00:00:00-04:00,4.829999923706055,5.0,4.710000038146973,4.840000152587891,51700,0.0,0.0
2024-07-10 00:00:00-04:00,4.78000020980835,5.099999904632568,4.78000020980835,4.929999828338623,59000,0.0,0.0
2024-07-11 00:00:00-04:00,5.0,5.09499979019165,4.900000095367432,4.96999979019165,36100,0.0,0.0
2024-07-12 00:00:00-04:00,5.059999942779541,5.579999923706055,5.0,5.489999771118164,159000,0.0,0.0
2024-07-15 00:00:00-04:00,5.599999904632568,5.745999813079834,5.449999809265137,5.599999904632568,89200,0.0,0.0
2024-07-16 00:00:00-04:00,5.590000152587891,5.849999904632568,5.53000020980835,5.800000190734863,106400,0.0,0.0
2024-07-17 00:00:00-04:00,5.710000038146973,6.0,5.440000057220459,5.579999923706055,47800,0.0,0.0
2024-07-18 00:00:00-04:00,5.489999771118164,5.820000171661377,5.110000133514404,5.170000076293945,139300,0.0,0.0
2024-07-19 00:00:00-04:00,5.179999828338623,5.28000020980835,4.840000152587891,5.070000171661377,77500,0.0,0.0
2024-07-22 00:00:00-04:00,5.400000095367432,5.400000095367432,4.829999923706055,5.099999904632568,108800,0.0,0.0
2024-07-23 00:00:00-04:00,5.050000190734863,5.090000152587891,4.869999885559082,5.0,40300,0.0,0.0
2024-07-24 00:00:00-04:00,4.929999828338623,4.929999828338623,4.570000171661377,4.690000057220459,63200,0.0,0.0
2024-07-25 00:00:00-04:00,4.71999979019165,4.860000133514404,4.550000190734863,4.829999923706055,62600,0.0,0.0
2024-07-26 00:00:00-04:00,4.820000171661377,5.139999866485596,4.75,5.090000152587891,78400,0.0,0.0
2024-07-29 00:00:00-04:00,5.139999866485596,5.139999866485596,4.699999809265137,4.739999771118164,255500,0.0,0.0
2024-07-30 00:00:00-04:00,4.829999923706055,5.21999979019165,4.610000133514404,4.889999866485596,242400,0.0,0.0
2024-07-31 00:00:00-04:00,4.909999847412109,5.099999904632568,4.705999851226807,4.880000114440918,96100,0.0,0.0
2024-08-01 00:00:00-04:00,4.989999771118164,5.289999961853027,4.860000133514404,5.03000020980835,135000,0.0,0.0
2024-08-02 00:00:00-04:00,4.889999866485596,4.900000095367432,4.619999885559082,4.889999866485596,83400,0.0,0.0
2024-08-05 00:00:00-04:00,4.599999904632568,4.710000038146973,4.179999828338623,4.46999979019165,129500,0.0,0.0
2024-08-06 00:00:00-04:00,4.570000171661377,4.570000171661377,4.116000175476074,4.190000057220459,131100,0.0,0.0
2024-08-07 00:00:00-04:00,4.269999980926514,4.329999923706055,3.859999895095825,4.0,105600,0.0,0.0
2024-08-08 00:00:00-04:00,4.0,4.0980000495910645,3.8499999046325684,3.930000066757202,70400,0.0,0.0
2024-08-09 00:00:00-04:00,3.930000066757202,4.170000076293945,3.890000104904175,3.890000104904175,41600,0.0,0.0
2024-08-12 00:00:00-04:00,3.9200000762939453,4.083000183105469,3.7100000381469727,3.740000009536743,103200,0.0,0.0
2024-08-13 00:00:00-04:00,3.7899999618530273,3.9149999618530273,3.7200000286102295,3.7200000286102295,67500,0.0,0.0
2024-08-14 00:00:00-04:00,3.7799999713897705,3.880000114440918,3.609999895095825,3.6700000762939453,277500,0.0,0.0
2024-08-15 00:00:00-04:00,3.7699999809265137,3.799999952316284,3.5,3.555000066757202,168400,0.0,0.0
2024-08-16 00:00:00-04:00,3.5999999046325684,3.8399999141693115,3.5999999046325684,3.740000009536743,464900,0.0,0.0
2024-08-19 00:00:00-04:00,3.740000009536743,4.039999961853027,3.259999990463257,3.690000057220459,1360900,0.0,0.0
2024-08-20 00:00:00-04:00,3.6600000858306885,3.690000057220459,3.3499999046325684,3.4800000190734863,238800,0.0,0.0
2024-08-21 00:00:00-04:00,3.440000057220459,3.559999942779541,3.390000104904175,3.430000066757202,123700,0.0,0.0
2024-08-22 00:00:00-04:00,3.430000066757202,3.5899999141693115,3.4200000762939453,3.5,84300,0.0,0.0
2024-08-23 00:00:00-04:00,3.509999990463257,3.680000066757202,3.4600000381469727,3.509999990463257,150300,0.0,0.0
2024-08-26 00:00:00-04:00,3.5,3.5399999618530273,3.380000114440918,3.509999990463257,125800,0.0,0.0
2024-08-27 00:00:00-04:00,3.5,3.7899999618530273,3.434999942779541,3.7200000286102295,337000,0.0,0.0
2024-08-28 00:00:00-04:00,3.75,3.799999952316284,3.3399999141693115,3.359999895095825,223000,0.0,0.0
2024-08-29 00:00:00-04:00,3.369999885559082,3.490000009536743,3.3499999046325684,3.4000000953674316,100400,0.0,0.0
2024-08-30 00:00:00-04:00,3.4000000953674316,3.4000000953674316,3.072000026702881,3.190000057220459,164300,0.0,0.0
2024-09-03 00:00:00-04:00,3.190000057220459,3.190000057220459,2.9000000953674316,2.9200000762939453,154600,0.0,0.0
2024-09-04 00:00:00-04:00,2.9100000858306885,3.049999952316284,2.859999895095825,2.9100000858306885,82700,0.0,0.0
2024-09-05 00:00:00-04:00,2.934999942779541,3.119999885559082,2.9200000762939453,3.0899999141693115,81900,0.0,0.0
2024-09-06 00:00:00-04:00,3.059999942779541,3.1589999198913574,2.9010000228881836,2.950000047683716,90200,0.0,0.0
2024-09-09 00:00:00-04:00,3.0,3.0,2.6500000953674316,2.680000066757202,197000,0.0,0.0
2024-09-10 00:00:00-04:00,2.7899999618530273,2.8389999866485596,2.490000009536743,2.5,225400,0.0,0.0
2024-09-11 00:00:00-04:00,2.5199999809265137,2.5299999713897705,2.2799999713897705,2.299999952316284,242100,0.0,0.0
2024-09-12 00:00:00-04:00,2.3399999141693115,2.450000047683716,2.2799999713897705,2.390000104904175,222600,0.0,0.0
2024-09-13 00:00:00-04:00,2.430000066757202,2.5299999713897705,2.380000114440918,2.5299999713897705,196900,0.0,0.0
2024-09-16 00:00:00-04:00,2.630000114440918,2.6600000858306885,2.299999952316284,2.309999942779541,325700,0.0,0.0
2024-09-17 00:00:00-04:00,2.430000066757202,2.5,2.240000009536743,2.25,479000,0.0,0.0
2024-09-18 00:00:00-04:00,2.2100000381469727,2.2699999809265137,2.1500000953674316,2.1500000953674316,294800,0.0,0.0
2024-09-19 00:00:00-04:00,2.200000047683716,2.309999942779541,2.1600000858306885,2.200000047683716,219700,0.0,0.0
2024-09-20 00:00:00-04:00,2.2100000381469727,2.2799999713897705,2.1500000953674316,2.190000057220459,375000,0.0,0.0
2024-09-23 00:00:00-04:00,2.2100000381469727,2.2799999713897705,2.059999942779541,2.059999942779541,202600,0.0,0.0
2024-09-24 00:00:00-04:00,2.0899999141693115,2.130000114440918,2.0199999809265137,2.049999952316284,190200,0.0,0.0
2024-09-25 00:00:00-04:00,2.059999942779541,2.0999999046325684,1.9390000104904175,2.009999990463257,182200,0.0,0.0
2024-09-26 00:00:00-04:00,2.0,2.109999895095825,1.940999984741211,1.9800000190734863,187300,0.0,0.0
2024-09-27 00:00:00-04:00,1.9800000190734863,2.0799999237060547,1.9800000190734863,2.0,119000,0.0,0.0
2024-09-30 00:00:00-04:00,1.9700000286102295,2.0399999618530273,1.9500000476837158,1.9700000286102295,85600,0.0,0.0
2024-10-01 00:00:00-04:00,1.9900000095367432,2.0,1.840000033378601,1.8600000143051147,159500,0.0,0.0
2024-10-02 00:00:00-04:00,1.850000023841858,1.8799999952316284,1.7910000085830688,1.8799999952316284,178500,0.0,0.0
2024-10-03 00:00:00-04:00,1.8700000047683716,1.8799999952316284,1.7899999618530273,1.8200000524520874,65400,0.0,0.0
2024-10-04 00:00:00-04:00,1.8200000524520874,1.840000033378601,1.7799999713897705,1.8200000524520874,85400,0.0,0.0
2024-10-07 00:00:00-04:00,1.8300000429153442,1.909999966621399,1.6200000047683716,1.6299999952316284,1163600,0.0,0.0
2024-10-08 00:00:00-04:00,1.659999966621399,1.7100000381469727,1.5399999618530273,1.5700000524520874,332600,0.0,0.0
2024-10-09 00:00:00-04:00,1.600000023841858,1.7000000476837158,1.562000036239624,1.6200000047683716,546200,0.0,0.0
2024-10-10 00:00:00-04:00,1.6299999952316284,1.659999966621399,1.4850000143051147,1.5,464600,0.0,0.0
2024-10-11 00:00:00-04:00,1.5,1.5,1.3799999952316284,1.4800000190734863,254400,0.0,0.0
2024-10-14 00:00:00-04:00,1.5299999713897705,1.5499999523162842,1.4600000381469727,1.4700000286102295,275000,0.0,0.0
2024-10-15 00:00:00-04:00,1.4800000190734863,1.5099999904632568,1.4299999475479126,1.440000057220459,213500,0.0,0.0
2024-10-16 00:00:00-04:00,1.440000057220459,1.4450000524520874,1.3799999952316284,1.399999976158142,422700,0.0,0.0
2024-10-17 00:00:00-04:00,1.409999966621399,1.4800000190734863,1.3600000143051147,1.3600000143051147,256200,0.0,0.0
2024-10-18 00:00:00-04:00,1.399999976158142,1.409999966621399,1.340000033378601,1.399999976158142,299700,0.0,0.0
2024-10-21 00:00:00-04:00,1.4700000286102295,1.4700000286102295,1.4199999570846558,1.4299999475479126,364300,0.0,0.0
2024-10-22 00:00:00-04:00,1.440000057220459,1.6200000047683716,1.440000057220459,1.5399999618530273,1154100,0.0,0.0
2024-10-23 00:00:00-04:00,1.6200000047683716,1.8600000143051147,1.3799999952316284,1.440000057220459,4052800,0.0,0.0
2024-10-24 00:00:00-04:00,1.440000057220459,1.5099999904632568,1.1799999475479126,1.2599999904632568,1113200,0.0,0.0
2024-10-25 00:00:00-04:00,1.25,1.2649999856948853,1.0700000524520874,1.0800000429153442,957800,0.0,0.0
2024-10-28 00:00:00-04:00,1.1299999952316284,1.1399999856948853,1.0199999809265137,1.0499999523162842,946300,0.0,0.0
2024-10-29 00:00:00-04:00,1.0,1.0099999904632568,0.8999999761581421,0.9679999947547913,1501500,0.0,0.0
2024-10-30 00:00:00-04:00,0.9900000095367432,0.9900000095367432,0.9100000262260437,0.949999988079071,559200,0.0,0.0
2024-10-31 00:00:00-04:00,0.9300000071525574,0.9539999961853027,0.8700000047683716,0.8759999871253967,455900,0.0,0.0
2024-11-01 00:00:00-04:00,0.8759999871253967,0.8880000114440918,0.8169999718666077,0.8510000109672546,625900,0.0,0.0
2024-11-04 00:00:00-05:00,0.8579999804496765,0.8579999804496765,0.7749999761581421,0.800000011920929,453500,0.0,0.0
2024-11-05 00:00:00-05:00,0.7929999828338623,0.824999988079071,0.7799999713897705,0.796999990940094,350200,0.0,0.0
2024-11-06 00:00:00-05:00,0.6790000200271606,0.7879999876022339,0.6299999952316284,0.6800000071525574,838700,0.0,0.0
2024-11-07 00:00:00-05:00,0.7300000190734863,0.7429999709129333,0.699999988079071,0.7120000123977661,705800,0.0,0.0
2024-11-08 00:00:00-05:00,0.718999981880188,0.718999981880188,0.5569999814033508,0.5799999833106995,1519800,0.0,0.0
2024-11-11 00:00:00-05:00,0.597000002861023,0.6079999804496765,0.5889999866485596,0.593999981880188,673900,0.0,0.0
2024-11-12 00:00:00-05:00,0.5920000076293945,0.5920000076293945,0.5080000162124634,0.5239999890327454,1295300,0.0,0.0
2024-11-13 00:00:00-05:00,0.5370000004768372,0.5600000023841858,0.5249999761581421,0.5479999780654907,805300,0.0,0.0
2024-11-14 00:00:00-05:00,0.5879999995231628,0.5889999866485596,0.5099999904632568,0.5199999809265137,1062500,0.0,0.0
2024-11-15 00:00:00-05:00,0.4909999966621399,0.5400000214576721,0.44200000166893005,0.4970000088214874,1030600,0.0,0.0
2024-11-18 00:00:00-05:00,0.5099999904632568,0.5490000247955322,0.5099999904632568,0.5099999904632568,776000,0.0,0.0
2024-11-19 00:00:00-05:00,0.48500001430511475,0.5130000114440918,0.4519999921321869,0.4830000102519989,570300,0.0,0.0
2024-11-20 00:00:00-05:00,0.4869999885559082,0.5,0.46000000834465027,0.4620000123977661,365400,0.0,0.0
2024-11-21 00:00:00-05:00,0.45500001311302185,0.47999998927116394,0.41600000858306885,0.4259999990463257,543500,0.0,0.0
2024-11-22 00:00:00-05:00,0.43700000643730164,0.5299999713897705,0.4300000071525574,0.5099999904632568,3481900,0.0,0.0
2024-11-25 00:00:00-05:00,0.5339999794960022,0.5339999794960022,0.4699999988079071,0.49000000953674316,1282700,0.0,0.0
2024-11-26 00:00:00-05:00,0.49000000953674316,0.5099999904632568,0.4699999988079071,0.48500001430511475,626100,0.0,0.0
2024-11-27 00:00:00-05:00,0.47999998927116394,0.5230000019073486,0.47999998927116394,0.49799999594688416,721600,0.0,0.0
2024-11-29 00:00:00-05:00,0.5189999938011169,0.5799999833106995,0.503000020980835,0.5720000267028809,1976100,0.0,0.0
2024-12-02 00:00:00-05:00,0.6000000238418579,0.699999988079071,0.5699999928474426,0.5789999961853027,2657100,0.0,0.0
2024-12-03 00:00:00-05:00,0.5699999928474426,0.5789999961853027,0.5170000195503235,0.5320000052452087,809300,0.0,0.0
2024-12-04 00:00:00-05:00,0.5299999713897705,0.5580000281333923,0.5299999713897705,0.5400000214576721,318700,0.0,0.0
2024-12-05 00:00:00-05:00,0.531000018119812,0.5419999957084656,0.49300000071525574,0.5049999952316284,586000,0.0,0.0
2024-12-06 00:00:00-05:00,0.5040000081062317,0.5400000214576721,0.5040000081062317,0.5099999904632568,421500,0.0,0.0
2024-12-09 00:00:00-05:00,0.5019999742507935,0.5400000214576721,0.5019999742507935,0.5199999809265137,515700,0.0,0.0
2024-12-10 00:00:00-05:00,0.5199999809265137,0.5490000247955322,0.5170000195503235,0.5199999809265137,661600,0.0,0.0
2024-12-11 00:00:00-05:00,0.5149999856948853,0.5299999713897705,0.46799999475479126,0.4749999940395355,520800,0.0,0.0
2024-12-12 00:00:00-05:00,0.4699999988079071,0.49000000953674316,0.4440000057220459,0.44999998807907104,490800,0.0,0.0
2024-12-13 00:00:00-05:00,0.4359999895095825,0.45500001311302185,0.35100001096725464,0.36500000953674316,2084900,0.0,0.0
2024-12-16 00:00:00-05:00,0.38999998569488525,0.4000000059604645,0.3610000014305115,0.3610000014305115,1336400,0.0,0.0
2024-12-17 00:00:00-05:00,0.36899998784065247,0.39500001072883606,0.3100000023841858,0.3400000035762787,1162800,0.0,0.0
2024-12-18 00:00:00-05:00,0.36000001430511475,0.3659999966621399,0.33799999952316284,0.3499999940395355,912200,0.0,0.0
2024-12-19 00:00:00-05:00,0.3659999966621399,0.3659999966621399,0.32499998807907104,0.33399999141693115,590700,0.0,0.0
2024-12-20 00:00:00-05:00,0.33000001311302185,0.35899999737739563,0.32600000500679016,0.3499999940395355,541800,0.0,0.0
2024-12-23 00:00:00-05:00,0.3540000021457672,0.36000001430511475,0.3400000035762787,0.35899999737739563,636600,0.0,0.0
2024-12-24 00:00:00-05:00,0.3529999852180481,0.3630000054836273,0.33899998664855957,0.3449999988079071,305800,0.0,0.0
2024-12-26 00:00:00-05:00,0.367000013589859,0.4399999976158142,0.3499999940395355,0.4099999964237213,1731000,0.0,0.0
2024-12-27 00:00:00-05:00,0.4300000071525574,0.43700000643730164,0.38100001215934753,0.42500001192092896,812500,0.0,0.0
2024-12-30 00:00:00-05:00,0.44999998807907104,0.45899999141693115,0.4000000059604645,0.42500001192092896,1414600,0.0,0.0
2024-12-31 00:00:00-05:00,0.43799999356269836,0.44999998807907104,0.3799999952316284,0.41999998688697815,908100,0.0,0.0
2025-01-02 00:00:00-05:00,0.41499999165534973,0.41999998688697815,0.39500001072883606,0.4000000059604645,547700,0.0,0.0
2025-01-03 00:00:00-05:00,0.3869999945163727,0.4189999997615814,0.3869999945163727,0.4099999964237213,863500,0.0,0.0
2025-01-06 00:00:00-05:00,0.41999998688697815,0.42399999499320984,0.4009999930858612,0.4099999964237213,981100,0.0,0.0
2025-01-07 00:00:00-05:00,0.41999998688697815,0.4300000071525574,0.4020000100135803,0.4099999964237213,844700,0.0,0.0
2025-01-08 00:00:00-05:00,0.4099999964237213,0.41999998688697815,0.3490000069141388,0.36000001430511475,1014000,0.0,0.0
2025-01-10 00:00:00-05:00,0.3449999988079071,0.3499999940395355,0.3109999895095825,0.3199999928474426,1022800,0.0,0.0
2025-01-13 00:00:00-05:00,0.328000009059906,0.3310000002384186,0.3190000057220459,0.3199999928474426,819500,0.0,0.0
2025-01-14 00:00:00-05:00,0.3269999921321869,0.3269999921321869,0.2800000011920929,0.28999999165534973,809873,0.0,0.0
