Date,Open,High,Low,Close,Volume,Dividends,Stock Splits
2022-01-03 00:00:00-05:00,225.22999572753906,232.3000030517578,224.1300048828125,231.11000061035156,607300,0.0,0.0
2022-01-04 00:00:00-05:00,233.6300048828125,238.6999969482422,233.1999969482422,237.25,560000,0.0,0.0
2022-01-05 00:00:00-05:00,238.4499969482422,244.77000427246094,237.08999633789062,237.3000030517578,748200,0.0,0.0
2022-01-06 00:00:00-05:00,237.05999755859375,242.13999938964844,237.05999755859375,239.25999450683594,540900,0.0,0.0
2022-01-07 00:00:00-05:00,239.05999755859375,245.75,239.0,243.02999877929688,717400,0.0,0.0
2022-01-10 00:00:00-05:00,243.0,243.0,233.6199951171875,238.02000427246094,809700,0.0,0.0
2022-01-11 00:00:00-05:00,237.72000122070312,244.27999877929688,235.2100067138672,243.5800018310547,687100,0.0,0.0
2022-01-12 00:00:00-05:00,244.3699951171875,245.6699981689453,242.55999755859375,243.66000366210938,532300,0.0,0.0
2022-01-13 00:00:00-05:00,243.80999755859375,249.60000610351562,243.5800018310547,246.2100067138672,537200,0.0,0.0
2022-01-14 00:00:00-05:00,244.36000061035156,246.47000122070312,242.8300018310547,244.0,509500,0.0,0.0
2022-01-18 00:00:00-05:00,242.91000366210938,242.92999267578125,234.39999389648438,238.22000122070312,606000,0.0,0.0
2022-01-19 00:00:00-05:00,237.88999938964844,239.8699951171875,234.30999755859375,237.5800018310547,443800,0.0,0.0
2022-01-20 00:00:00-05:00,237.5399932861328,240.5,232.7899932861328,233.58999633789062,542600,0.0,0.0
2022-01-21 00:00:00-05:00,232.99000549316406,234.27999877929688,225.72000122070312,226.41000366210938,566200,0.0,0.0
2022-01-24 00:00:00-05:00,219.4199981689453,225.88999938964844,216.8300018310547,225.4499969482422,937900,0.0,0.0
2022-01-25 00:00:00-05:00,221.0,228.77999877929688,214.42999267578125,225.77000427246094,673700,0.0,0.0
2022-01-26 00:00:00-05:00,229.0,230.66000366210938,221.66000366210938,223.8000030517578,449000,0.0,0.0
2022-01-27 00:00:00-05:00,226.3800048828125,228.47999572753906,221.9600067138672,223.08999633789062,446900,0.0,0.0
2022-01-28 00:00:00-05:00,223.25,231.39999389648438,221.41000366210938,231.30999755859375,521700,0.0,0.0
2022-01-31 00:00:00-05:00,229.52999877929688,238.3699951171875,229.42999267578125,238.25999450683594,729800,0.0,0.0
2022-02-01 00:00:00-05:00,238.00999450683594,241.9199981689453,236.6999969482422,240.69000244140625,569200,0.0,0.0
2022-02-02 00:00:00-05:00,239.99000549316406,243.1699981689453,239.3699951171875,241.17999267578125,821200,0.0,0.0
2022-02-03 00:00:00-05:00,239.82000732421875,240.50999450683594,233.9600067138672,233.99000549316406,581600,0.0,0.0
2022-02-04 00:00:00-05:00,231.72999572753906,237.66000366210938,230.00999450683594,236.19000244140625,554700,0.0,0.0
2022-02-07 00:00:00-05:00,237.05999755859375,237.52000427246094,233.25999450683594,235.25999450683594,530600,0.0,0.0
2022-02-08 00:00:00-05:00,234.82000732421875,237.05999755859375,231.8699951171875,236.27000427246094,810600,0.0,0.0
2022-02-09 00:00:00-05:00,248.0800018310547,254.1999969482422,246.0,252.0,1471500,0.0,0.0
2022-02-10 00:00:00-05:00,248.38999938964844,252.42999267578125,245.5399932861328,247.42999267578125,668200,0.0,0.0
2022-02-11 00:00:00-05:00,246.58999633789062,249.1999969482422,243.99000549316406,246.47000122070312,694500,0.0,0.0
2022-02-14 00:00:00-05:00,247.0,247.5500030517578,244.44000244140625,244.69000244140625,715000,0.0,0.0
2022-02-15 00:00:00-05:00,246.00999450683594,247.89999389648438,243.97000122070312,244.3000030517578,591200,0.0,0.0
2022-02-16 00:00:00-05:00,243.0399932861328,246.0,242.10000610351562,244.2899932861328,538200,0.0,0.0
2022-02-17 00:00:00-05:00,241.5800018310547,242.72000122070312,235.0,235.38999938964844,596200,0.0,0.0
2022-02-18 00:00:00-05:00,234.63999938964844,236.19000244140625,231.25999450683594,233.50999450683594,600800,0.0,0.0
2022-02-22 00:00:00-05:00,233.0500030517578,240.25,232.75999450683594,237.3000030517578,996800,0.0,0.0
2022-02-23 00:00:00-05:00,238.77000427246094,239.8000030517578,234.6199951171875,234.8800048828125,759200,0.0,0.0
2022-02-24 00:00:00-05:00,227.92999267578125,236.1699981689453,226.67999267578125,235.5800018310547,878400,0.0,0.0
2022-02-25 00:00:00-05:00,236.80999755859375,240.3300018310547,234.4600067138672,237.88999938964844,526800,0.0,0.0
2022-02-28 00:00:00-05:00,234.1300048828125,236.00999450683594,230.4199981689453,234.1999969482422,786100,0.0,0.0
2022-03-01 00:00:00-05:00,234.17999267578125,234.17999267578125,224.57000732421875,226.11000061035156,576900,0.0,0.0
2022-03-02 00:00:00-05:00,228.02000427246094,237.25999450683594,228.02000427246094,235.52000427246094,427300,0.0,0.0
2022-03-03 00:00:00-05:00,237.75,237.75,231.97999572753906,233.3300018310547,525700,0.0,0.0
2022-03-04 00:00:00-05:00,230.0399932861328,231.8699951171875,225.3800048828125,226.3300018310547,707000,0.0,0.0
2022-03-07 00:00:00-05:00,226.32000732421875,226.92999267578125,217.6300048828125,219.1300048828125,812200,0.0,0.0
2022-03-08 00:00:00-05:00,220.0500030517578,232.9499969482422,217.8000030517578,228.2100067138672,665500,0.0,0.0
2022-03-09 00:00:00-05:00,232.4199981689453,235.97000122070312,229.27000427246094,230.25,397700,0.0,0.0
2022-03-10 00:00:00-05:00,226.75,231.2100067138672,226.36000061035156,230.85000610351562,302400,0.0,0.0
2022-03-11 00:00:00-05:00,231.8800048828125,233.0,229.4199981689453,229.5399932861328,342200,0.0,0.0
2022-03-14 00:00:00-04:00,232.3300018310547,232.77000427246094,225.07000732421875,226.47000122070312,285400,0.0,0.0
2022-03-15 00:00:00-04:00,227.6999969482422,230.89999389648438,225.35000610351562,229.41000366210938,407600,0.0,0.0
2022-03-16 00:00:00-04:00,232.8699951171875,236.77000427246094,229.25999450683594,236.52999877929688,396600,0.0,0.0
2022-03-17 00:00:00-04:00,234.0800018310547,237.07000732421875,232.25999450683594,236.82000732421875,353200,0.0,0.0
2022-03-18 00:00:00-04:00,236.47999572753906,239.52000427246094,234.07000732421875,239.2100067138672,640600,0.0,0.0
2022-03-21 00:00:00-04:00,239.47999572753906,243.22000122070312,236.5800018310547,241.24000549316406,376700,0.0,0.0
2022-03-22 00:00:00-04:00,242.38999938964844,245.3699951171875,241.99000549316406,243.55999755859375,277800,0.0,0.0
2022-03-23 00:00:00-04:00,242.83999633789062,243.05999755859375,238.38999938964844,240.24000549316406,289300,0.0,0.0
2022-03-24 00:00:00-04:00,241.19000244140625,243.91000366210938,240.27999877929688,243.69000244140625,239100,0.0,0.0
2022-03-25 00:00:00-04:00,244.52999877929688,246.22999572753906,243.47000122070312,246.02999877929688,173900,0.0,0.0
2022-03-28 00:00:00-04:00,245.00999450683594,246.4600067138672,240.52000427246094,243.02000427246094,194300,0.0,0.0
2022-03-29 00:00:00-04:00,247.07000732421875,250.1999969482422,246.60000610351562,249.47000122070312,199300,0.0,0.0
2022-03-30 00:00:00-04:00,249.36000061035156,250.67999267578125,247.3000030517578,250.22000122070312,416300,0.0,0.0
2022-03-31 00:00:00-04:00,249.1699981689453,253.52999877929688,249.0399932861328,249.05999755859375,742100,0.0,0.0
2022-04-01 00:00:00-04:00,250.74000549316406,255.50999450683594,248.0500030517578,249.60000610351562,358400,0.0,0.0
2022-04-04 00:00:00-04:00,248.7899932861328,254.3300018310547,248.1699981689453,253.83999633789062,401000,0.0,0.0
2022-04-05 00:00:00-04:00,254.61000061035156,260.7699890136719,254.61000061035156,256.5,662300,0.0,0.0
2022-04-06 00:00:00-04:00,253.8800048828125,255.52999877929688,251.80999755859375,253.63999938964844,595300,0.0,0.0
2022-04-07 00:00:00-04:00,252.5399932861328,252.5399932861328,243.88999938964844,249.66000366210938,611400,0.0,0.0
2022-04-08 00:00:00-04:00,249.13999938964844,252.9499969482422,247.42999267578125,250.5,1029600,0.0,0.0
2022-04-11 00:00:00-04:00,249.38999938964844,252.07000732421875,247.8000030517578,250.1699981689453,314000,0.0,0.0
2022-04-12 00:00:00-04:00,251.19000244140625,253.1999969482422,250.22000122070312,250.74000549316406,394600,0.0,0.0
2022-04-13 00:00:00-04:00,249.47999572753906,258.3500061035156,249.47999572753906,257.0899963378906,387500,0.0,0.0
2022-04-14 00:00:00-04:00,258.3500061035156,262.760009765625,258.3500061035156,258.6700134277344,437700,0.0,0.0
2022-04-18 00:00:00-04:00,257.989990234375,261.2699890136719,254.91000366210938,255.6999969482422,410600,0.0,0.0
2022-04-19 00:00:00-04:00,257.4200134277344,261.1499938964844,255.80999755859375,261.1099853515625,723400,0.0,0.0
2022-04-20 00:00:00-04:00,263.29998779296875,264.0,259.8900146484375,261.69000244140625,425700,0.0,0.0
2022-04-21 00:00:00-04:00,264.92999267578125,265.29998779296875,257.7799987792969,258.69000244140625,647500,0.0,0.0
2022-04-22 00:00:00-04:00,257.6099853515625,258.3399963378906,251.89999389648438,252.24000549316406,540500,0.0,0.0
2022-04-25 00:00:00-04:00,250.3800048828125,252.83999633789062,245.52999877929688,251.8800048828125,497400,0.0,0.0
2022-04-26 00:00:00-04:00,249.89999389648438,251.07000732421875,246.22000122070312,246.50999450683594,349900,0.0,0.0
2022-04-27 00:00:00-04:00,247.11000061035156,252.63999938964844,246.8699951171875,251.6999969482422,329000,0.0,0.0
2022-04-28 00:00:00-04:00,252.0,259.489990234375,251.1300048828125,259.07000732421875,344000,0.0,0.0
2022-04-29 00:00:00-04:00,257.260009765625,259.25,248.8800048828125,249.52000427246094,507800,0.0,0.0
2022-05-02 00:00:00-04:00,249.0399932861328,249.3699951171875,239.99000549316406,248.3800048828125,548400,0.0,0.0
2022-05-03 00:00:00-04:00,248.6199951171875,250.89999389648438,245.47999572753906,248.83999633789062,491500,0.0,0.0
2022-05-04 00:00:00-04:00,250.2100067138672,254.8699951171875,244.97000122070312,254.10000610351562,446900,0.0,0.0
2022-05-05 00:00:00-04:00,251.0,252.74000549316406,241.39999389648438,243.67999267578125,509600,0.0,0.0
2022-05-06 00:00:00-04:00,242.41000366210938,242.41000366210938,223.3800048828125,224.25999450683594,888600,0.0,0.0
2022-05-09 00:00:00-04:00,222.47000122070312,222.47000122070312,214.0399932861328,216.61000061035156,960500,0.0,0.0
2022-05-10 00:00:00-04:00,219.41000366210938,225.86000061035156,217.19000244140625,223.60000610351562,844300,0.0,0.0
2022-05-11 00:00:00-04:00,222.39999389648438,229.64999389648438,221.9600067138672,227.19000244140625,1262500,0.0,0.0
2022-05-12 00:00:00-04:00,223.69000244140625,228.3800048828125,220.99000549316406,225.02000427246094,561100,0.0,0.0
2022-05-13 00:00:00-04:00,227.57000732421875,236.5399932861328,227.57000732421875,233.58999633789062,825900,0.0,0.0
2022-05-16 00:00:00-04:00,231.3000030517578,232.97999572753906,225.05999755859375,226.9600067138672,467000,0.0,0.0
2022-05-17 00:00:00-04:00,231.88999938964844,232.4499969482422,226.3800048828125,229.27000427246094,526700,0.0,0.0
2022-05-18 00:00:00-04:00,226.7899932861328,230.4199981689453,220.5500030517578,221.52000427246094,454900,0.0,0.0
2022-05-19 00:00:00-04:00,218.77999877929688,229.5,218.77999877929688,225.8000030517578,752900,0.0,0.0
2022-05-20 00:00:00-04:00,228.52000427246094,233.6300048828125,225.85000610351562,231.0800018310547,631300,0.0,0.0
2022-05-23 00:00:00-04:00,234.0,239.27999877929688,231.0,238.75999450683594,500300,0.0,0.0
2022-05-24 00:00:00-04:00,235.47999572753906,236.52000427246094,228.77000427246094,232.52000427246094,447700,0.0,0.0
2022-05-25 00:00:00-04:00,228.8000030517578,234.5399932861328,228.8000030517578,233.30999755859375,366800,0.0,0.0
2022-05-26 00:00:00-04:00,236.1699981689453,241.4600067138672,233.7100067138672,240.3699951171875,366200,0.0,0.0
2022-05-27 00:00:00-04:00,241.91000366210938,249.58999633789062,241.91000366210938,249.47999572753906,373000,0.0,0.0
2022-05-31 00:00:00-04:00,248.5800018310547,251.61000061035156,245.92999267578125,248.80999755859375,497900,0.0,0.0
2022-06-01 00:00:00-04:00,248.39999389648438,249.83999633789062,241.58999633789062,242.72000122070312,413200,0.0,0.0
2022-06-02 00:00:00-04:00,243.5,246.6999969482422,241.77000427246094,245.25999450683594,632700,0.0,0.0
2022-06-03 00:00:00-04:00,242.97999572753906,245.47000122070312,241.22000122070312,243.6699981689453,351900,0.0,0.0
2022-06-06 00:00:00-04:00,245.60000610351562,250.27999877929688,244.10000610351562,247.4499969482422,320800,0.0,0.0
2022-06-07 00:00:00-04:00,244.1999969482422,249.10000610351562,242.83999633789062,248.35000610351562,406800,0.0,0.0
2022-06-08 00:00:00-04:00,246.74000549316406,249.02000427246094,245.05999755859375,247.3000030517578,299000,0.0,0.0
2022-06-09 00:00:00-04:00,245.02999877929688,245.02999877929688,241.14999389648438,241.42999267578125,513800,0.0,0.0
2022-06-10 00:00:00-04:00,237.08999633789062,239.97000122070312,235.05999755859375,237.17999267578125,539200,0.0,0.0
2022-06-13 00:00:00-04:00,230.07000732421875,230.82000732421875,222.9199981689453,223.9600067138672,525500,0.0,0.0
2022-06-14 00:00:00-04:00,224.77999877929688,228.07000732421875,223.35000610351562,227.0399932861328,438100,0.0,0.0
2022-06-15 00:00:00-04:00,229.07000732421875,233.42999267578125,225.8300018310547,229.52000427246094,579200,0.0,0.0
2022-06-16 00:00:00-04:00,223.0500030517578,223.13999938964844,210.80999755859375,212.05999755859375,721500,0.0,0.0
2022-06-17 00:00:00-04:00,211.89999389648438,215.52999877929688,210.02000427246094,212.50999450683594,1801700,0.0,0.0
2022-06-21 00:00:00-04:00,219.05999755859375,219.05999755859375,214.11000061035156,216.17999267578125,577700,0.0,0.0
2022-06-22 00:00:00-04:00,213.0399932861328,215.00999450683594,211.44000244140625,212.27999877929688,541900,0.0,0.0
2022-06-23 00:00:00-04:00,213.3000030517578,213.91000366210938,208.52999877929688,210.0399932861328,463300,0.0,0.0
2022-06-24 00:00:00-04:00,212.9199981689453,219.92999267578125,212.9199981689453,217.5,1590900,0.0,0.0
2022-06-27 00:00:00-04:00,217.82000732421875,219.2899932861328,215.1300048828125,218.75,645500,0.0,0.0
2022-06-28 00:00:00-04:00,221.3699951171875,225.02999877929688,210.85000610351562,211.39999389648438,674500,0.0,0.0
2022-06-29 00:00:00-04:00,211.80999755859375,211.80999755859375,204.47999572753906,209.50999450683594,533500,0.0,0.0
2022-06-30 00:00:00-04:00,206.24000549316406,211.91000366210938,203.6699981689453,210.11000061035156,749700,0.0,0.0
2022-07-01 00:00:00-04:00,209.7899932861328,215.1999969482422,209.27999877929688,213.88999938964844,719600,0.0,0.0
2022-07-05 00:00:00-04:00,210.0,213.80999755859375,207.32000732421875,213.67999267578125,750800,0.0,0.0
2022-07-06 00:00:00-04:00,213.22000122070312,217.1699981689453,211.4499969482422,214.9600067138672,748200,0.0,0.0
2022-07-07 00:00:00-04:00,217.61000061035156,218.9199981689453,215.69000244140625,217.63999938964844,510000,0.0,0.0
2022-07-08 00:00:00-04:00,216.77000427246094,220.4600067138672,214.7899932861328,218.4499969482422,475200,0.0,0.0
2022-07-11 00:00:00-04:00,216.44000244140625,217.8300018310547,214.30999755859375,214.80999755859375,407300,0.0,0.0
2022-07-12 00:00:00-04:00,213.52000427246094,217.72999572753906,210.57000732421875,211.3699951171875,473100,0.0,0.0
2022-07-13 00:00:00-04:00,205.99000549316406,208.60000610351562,204.3699951171875,207.9199981689453,821600,0.0,0.0
2022-07-14 00:00:00-04:00,204.2899932861328,206.49000549316406,200.86000061035156,205.4199981689453,498600,0.0,0.0
2022-07-15 00:00:00-04:00,209.3699951171875,211.5,207.88999938964844,209.6699981689453,524100,0.0,0.0
2022-07-18 00:00:00-04:00,212.0399932861328,217.58999633789062,210.38999938964844,212.38999938964844,499800,0.0,0.0
2022-07-19 00:00:00-04:00,214.52000427246094,220.97000122070312,214.52000427246094,219.14999389648438,470300,0.0,0.0
2022-07-20 00:00:00-04:00,217.27999877929688,220.77000427246094,217.19000244140625,220.6300048828125,400700,0.0,0.0
2022-07-21 00:00:00-04:00,219.75999450683594,221.67999267578125,217.92999267578125,220.91000366210938,350000,0.0,0.0
2022-07-22 00:00:00-04:00,221.0500030517578,222.91000366210938,216.55999755859375,218.7899932861328,319000,0.0,0.0
2022-07-25 00:00:00-04:00,220.52000427246094,221.02000427246094,217.6999969482422,220.1300048828125,284200,0.0,0.0
2022-07-26 00:00:00-04:00,220.1699981689453,221.47000122070312,216.8300018310547,217.6300048828125,230400,0.0,0.0
2022-07-27 00:00:00-04:00,218.7100067138672,222.42999267578125,217.08999633789062,221.32000732421875,302300,0.0,0.0
2022-07-28 00:00:00-04:00,222.0,222.82000732421875,214.30999755859375,219.7899932861328,526400,0.0,0.0
2022-07-29 00:00:00-04:00,219.88999938964844,221.0,217.7100067138672,220.08999633789062,471700,0.0,0.0
2022-08-01 00:00:00-04:00,218.94000244140625,222.75,217.83999633789062,222.50999450683594,346400,0.0,0.0
2022-08-02 00:00:00-04:00,220.63999938964844,223.22000122070312,219.1999969482422,223.02000427246094,257200,0.0,0.0
2022-08-03 00:00:00-04:00,225.30999755859375,227.52000427246094,224.6999969482422,225.7899932861328,364300,0.0,0.0
2022-08-04 00:00:00-04:00,222.8800048828125,223.91000366210938,218.91000366210938,223.00999450683594,536400,0.0,0.0
2022-08-05 00:00:00-04:00,221.74000549316406,227.64999389648438,219.92999267578125,226.6300048828125,662800,0.0,0.0
2022-08-08 00:00:00-04:00,230.2100067138672,233.1999969482422,226.10000610351562,227.3800048828125,475500,0.0,0.0
2022-08-09 00:00:00-04:00,226.6300048828125,228.19000244140625,224.05999755859375,225.1199951171875,367600,0.0,0.0
2022-08-10 00:00:00-04:00,230.38999938964844,230.38999938964844,224.47000122070312,224.49000549316406,539800,0.0,0.0
2022-08-11 00:00:00-04:00,227.57000732421875,227.77000427246094,225.83999633789062,226.75999450683594,789100,0.0,0.0
2022-08-12 00:00:00-04:00,228.4199981689453,230.25999450683594,226.61000061035156,227.66000366210938,844900,0.0,0.0
2022-08-15 00:00:00-04:00,225.3699951171875,228.6300048828125,224.0,227.52999877929688,736300,0.0,0.0
2022-08-16 00:00:00-04:00,226.77000427246094,233.14999389648438,226.2899932861328,231.82000732421875,661300,0.0,0.0
2022-08-17 00:00:00-04:00,228.60000610351562,232.97000122070312,228.5,232.0,630400,0.0,0.0
2022-08-18 00:00:00-04:00,232.42999267578125,236.9600067138672,232.2100067138672,236.30999755859375,554300,0.0,0.0
2022-08-19 00:00:00-04:00,235.24000549316406,237.91000366210938,233.63999938964844,235.0800018310547,579100,0.0,0.0
2022-08-22 00:00:00-04:00,231.6699981689453,231.99000549316406,227.91000366210938,229.22999572753906,492900,0.0,0.0
2022-08-23 00:00:00-04:00,229.32000732421875,232.61000061035156,228.19000244140625,228.27000427246094,471300,0.0,0.0
2022-08-24 00:00:00-04:00,227.36000061035156,231.36000061035156,226.97999572753906,229.41000366210938,597400,0.0,0.0
2022-08-25 00:00:00-04:00,230.83999633789062,233.6199951171875,229.6999969482422,232.94000244140625,506800,0.0,0.0
2022-08-26 00:00:00-04:00,233.72999572753906,233.72999572753906,220.61000061035156,221.3800048828125,568300,0.0,0.0
2022-08-29 00:00:00-04:00,219.08999633789062,220.97999572753906,218.0399932861328,218.3000030517578,551300,0.0,0.0
2022-08-30 00:00:00-04:00,218.97999572753906,219.67999267578125,214.88999938964844,215.41000366210938,536000,0.0,0.0
2022-08-31 00:00:00-04:00,216.49000549316406,217.02999877929688,212.47999572753906,212.52999877929688,805600,0.0,0.0
2022-09-01 00:00:00-04:00,211.30999755859375,211.67999267578125,206.92999267578125,211.61000061035156,777300,0.0,0.0
2022-09-02 00:00:00-04:00,213.91000366210938,213.9499969482422,207.72999572753906,209.1199951171875,408300,0.0,0.0
2022-09-06 00:00:00-04:00,210.32000732421875,211.02999877929688,206.9499969482422,209.0399932861328,433100,0.0,0.0
2022-09-07 00:00:00-04:00,208.63999938964844,213.49000549316406,208.6300048828125,212.3699951171875,369500,0.0,0.0
2022-09-08 00:00:00-04:00,209.8000030517578,213.92999267578125,208.77999877929688,213.8000030517578,512600,0.0,0.0
2022-09-09 00:00:00-04:00,216.61000061035156,220.72999572753906,215.00999450683594,220.4600067138672,414100,0.0,0.0
2022-09-12 00:00:00-04:00,221.8000030517578,224.58999633789062,221.8000030517578,223.0,323400,0.0,0.0
2022-09-13 00:00:00-04:00,217.08999633789062,218.60000610351562,211.4499969482422,212.0399932861328,386300,0.0,0.0
2022-09-14 00:00:00-04:00,212.02999877929688,212.6199951171875,207.1300048828125,209.8699951171875,610000,0.0,0.0
2022-09-15 00:00:00-04:00,207.3300018310547,211.07000732421875,204.4600067138672,205.4199981689453,546000,0.0,0.0
2022-09-16 00:00:00-04:00,203.30999755859375,203.77999877929688,198.91000366210938,202.55999755859375,1022500,0.0,0.0
2022-09-19 00:00:00-04:00,200.8699951171875,203.66000366210938,200.8699951171875,203.0,391100,0.0,0.0
2022-09-20 00:00:00-04:00,201.58999633789062,201.58999633789062,196.50999450683594,198.74000549316406,556500,0.0,0.0
2022-09-21 00:00:00-04:00,200.64999389648438,203.08999633789062,195.80999755859375,196.24000549316406,589900,0.0,0.0
2022-09-22 00:00:00-04:00,195.69000244140625,195.69000244140625,188.61000061035156,189.86000061035156,426600,0.0,0.0
2022-09-23 00:00:00-04:00,186.5500030517578,187.3300018310547,183.0399932861328,184.1999969482422,627300,0.0,0.0
2022-09-26 00:00:00-04:00,183.22000122070312,184.97999572753906,179.99000549316406,180.49000549316406,458700,0.0,0.0
2022-09-27 00:00:00-04:00,182.6199951171875,182.94000244140625,173.33999633789062,174.35000610351562,708000,0.0,0.0
2022-09-28 00:00:00-04:00,175.13999938964844,180.74000549316406,173.80999755859375,179.72999572753906,489200,0.0,0.0
2022-09-29 00:00:00-04:00,177.72000122070312,181.91000366210938,177.1199951171875,181.08999633789062,940400,0.0,0.0
2022-09-30 00:00:00-04:00,180.6300048828125,182.1199951171875,175.97999572753906,176.1699981689453,554400,0.0,0.0
2022-10-03 00:00:00-04:00,179.2899932861328,183.92999267578125,177.57000732421875,182.3000030517578,1267800,0.0,0.0
2022-10-04 00:00:00-04:00,186.58999633789062,191.75,184.72000122070312,188.42999267578125,922900,0.0,0.0
2022-10-05 00:00:00-04:00,185.72000122070312,189.1999969482422,184.6999969482422,187.0500030517578,1116200,0.0,0.0
2022-10-06 00:00:00-04:00,186.91000366210938,187.92999267578125,182.11000061035156,182.24000549316406,1143000,0.0,0.0
2022-10-07 00:00:00-04:00,180.02000427246094,181.27999877929688,178.0399932861328,179.58999633789062,1135600,0.0,0.0
2022-10-10 00:00:00-04:00,180.25,180.25,175.3000030517578,175.69000244140625,1133400,0.0,0.0
2022-10-11 00:00:00-04:00,174.50999450683594,174.9499969482422,169.75,171.17999267578125,723300,0.0,0.0
2022-10-12 00:00:00-04:00,171.39999389648438,173.19000244140625,169.05999755859375,169.25999450683594,526500,0.0,0.0
2022-10-13 00:00:00-04:00,164.80999755859375,171.80999755859375,163.33999633789062,170.4600067138672,517200,0.0,0.0
2022-10-14 00:00:00-04:00,171.7100067138672,173.6999969482422,166.63999938964844,167.25999450683594,483100,0.0,0.0
2022-10-17 00:00:00-04:00,171.10000610351562,173.27999877929688,171.10000610351562,171.72000122070312,399000,0.0,0.0
2022-10-18 00:00:00-04:00,175.99000549316406,176.94000244140625,170.91000366210938,172.0500030517578,737600,0.0,0.0
2022-10-19 00:00:00-04:00,170.3699951171875,171.58999633789062,167.00999450683594,167.47999572753906,636600,0.0,0.0
2022-10-20 00:00:00-04:00,166.4199981689453,168.69000244140625,163.33999633789062,164.0,739100,0.0,0.0
2022-10-21 00:00:00-04:00,163.75999450683594,170.8800048828125,161.69000244140625,170.47000122070312,1043300,0.0,0.0
2022-10-24 00:00:00-04:00,172.27000427246094,175.17999267578125,170.3699951171875,173.7899932861328,614800,0.0,0.0
2022-10-25 00:00:00-04:00,174.8699951171875,178.0800018310547,174.8699951171875,177.99000549316406,616000,0.0,0.0
2022-10-26 00:00:00-04:00,178.4199981689453,182.72000122070312,177.30999755859375,180.33999633789062,500000,0.0,0.0
2022-10-27 00:00:00-04:00,180.7100067138672,186.11000061035156,180.35000610351562,183.6699981689453,803400,0.0,0.0
2022-10-28 00:00:00-04:00,184.0399932861328,190.36000061035156,183.49000549316406,189.13999938964844,582600,0.0,0.0
2022-10-31 00:00:00-04:00,188.32000732421875,188.32000732421875,184.92999267578125,186.1199951171875,505800,0.0,0.0
2022-11-01 00:00:00-04:00,188.00999450683594,189.92999267578125,186.00999450683594,186.63999938964844,589800,0.0,0.0
2022-11-02 00:00:00-04:00,185.6999969482422,186.94000244140625,178.00999450683594,178.27999877929688,706600,0.0,0.0
2022-11-03 00:00:00-04:00,176.0500030517578,182.52999877929688,171.4499969482422,174.1999969482422,1054200,0.0,0.0
2022-11-04 00:00:00-04:00,174.91000366210938,179.91000366210938,174.19000244140625,177.1699981689453,780100,0.0,0.0
2022-11-07 00:00:00-05:00,178.8699951171875,180.55999755859375,174.22000122070312,180.3300018310547,617100,0.0,0.0
2022-11-08 00:00:00-05:00,181.8300018310547,190.1699981689453,180.8699951171875,182.38999938964844,1076200,0.0,0.0
2022-11-09 00:00:00-05:00,181.0800018310547,181.94000244140625,177.88999938964844,178.9600067138672,583800,0.0,0.0
2022-11-10 00:00:00-05:00,188.1300048828125,195.39999389648438,187.27000427246094,194.60000610351562,1148500,0.0,0.0
2022-11-11 00:00:00-05:00,196.1699981689453,202.61000061035156,195.63999938964844,199.8000030517578,855300,0.0,0.0
2022-11-14 00:00:00-05:00,196.91000366210938,198.97999572753906,192.27000427246094,192.80999755859375,536300,0.0,0.0
2022-11-15 00:00:00-05:00,196.7100067138672,198.4600067138672,194.17999267578125,195.60000610351562,399200,0.0,0.0
2022-11-16 00:00:00-05:00,194.02999877929688,195.35000610351562,191.6199951171875,192.24000549316406,381100,0.0,0.0
2022-11-17 00:00:00-05:00,188.19000244140625,189.47999572753906,185.72000122070312,187.74000549316406,424900,0.0,0.0
2022-11-18 00:00:00-05:00,190.86000061035156,191.4199981689453,186.74000549316406,188.4499969482422,461200,0.0,0.0
2022-11-21 00:00:00-05:00,187.0800018310547,189.2100067138672,184.75999450683594,188.8699951171875,462000,0.0,0.0
2022-11-22 00:00:00-05:00,190.5399932861328,192.17999267578125,188.9600067138672,191.39999389648438,549300,0.0,0.0
2022-11-23 00:00:00-05:00,190.9199981689453,191.67999267578125,188.07000732421875,189.8300018310547,487100,0.0,0.0
2022-11-25 00:00:00-05:00,190.32000732421875,193.6300048828125,189.42999267578125,191.67999267578125,228200,0.0,0.0
2022-11-28 00:00:00-05:00,189.25,190.27999877929688,185.85000610351562,187.30999755859375,413300,0.0,0.0
2022-11-29 00:00:00-05:00,187.3800048828125,191.2899932861328,187.3800048828125,190.1999969482422,406400,0.0,0.0
2022-11-30 00:00:00-05:00,190.27000427246094,196.44000244140625,188.8000030517578,196.1999969482422,591400,0.0,0.0
2022-12-01 00:00:00-05:00,197.13999938964844,199.17999267578125,194.72999572753906,196.27999877929688,396300,0.0,0.0
2022-12-02 00:00:00-05:00,192.2899932861328,194.32000732421875,191.05999755859375,193.60000610351562,425200,0.0,0.0
2022-12-05 00:00:00-05:00,192.1300048828125,193.11000061035156,189.61000061035156,191.25,471100,0.0,0.0
2022-12-06 00:00:00-05:00,190.57000732421875,191.3800048828125,184.32000732421875,185.3800048828125,485700,0.0,0.0
2022-12-07 00:00:00-05:00,185.55999755859375,187.6199951171875,183.60000610351562,186.44000244140625,586500,0.0,0.0
2022-12-08 00:00:00-05:00,187.72999572753906,189.11000061035156,183.3800048828125,184.3699951171875,534900,0.0,0.0
2022-12-09 00:00:00-05:00,183.02999877929688,186.25999450683594,182.16000366210938,183.4499969482422,697700,0.0,0.0
2022-12-12 00:00:00-05:00,183.9199981689453,189.91000366210938,183.63999938964844,189.5399932861328,534200,0.0,0.0
2022-12-13 00:00:00-05:00,196.5,198.0500030517578,190.36000061035156,191.22000122070312,408700,0.0,0.0
2022-12-14 00:00:00-05:00,190.27000427246094,194.3300018310547,188.6699981689453,190.89999389648438,615100,0.0,0.0
2022-12-15 00:00:00-05:00,187.66000366210938,189.4199981689453,181.22000122070312,182.57000732421875,822500,0.0,0.0
2022-12-16 00:00:00-05:00,180.9600067138672,182.61000061035156,178.77000427246094,181.25,1016600,0.0,0.0
2022-12-19 00:00:00-05:00,181.25999450683594,181.74000549316406,178.66000366210938,178.9600067138672,537200,0.0,0.0
2022-12-20 00:00:00-05:00,178.19000244140625,181.1199951171875,178.19000244140625,179.02999877929688,515200,0.0,0.0
2022-12-21 00:00:00-05:00,180.0,183.8000030517578,179.72999572753906,181.85000610351562,433500,0.0,0.0
2022-12-22 00:00:00-05:00,180.14999389648438,180.14999389648438,175.0800018310547,177.83999633789062,405300,0.0,0.0
2022-12-23 00:00:00-05:00,177.07000732421875,181.91000366210938,177.07000732421875,181.22000122070312,300000,0.0,0.0
2022-12-27 00:00:00-05:00,180.77000427246094,182.63999938964844,179.52000427246094,181.74000549316406,214300,0.0,0.0
2022-12-28 00:00:00-05:00,181.60000610351562,183.10000610351562,179.39999389648438,179.49000549316406,257200,0.0,0.0
2022-12-29 00:00:00-05:00,180.77000427246094,186.3000030517578,180.77000427246094,185.75999450683594,290100,0.0,0.0
2022-12-30 00:00:00-05:00,183.60000610351562,184.7100067138672,182.0,183.67999267578125,243200,0.0,0.0
2023-01-03 00:00:00-05:00,185.75999450683594,187.6300048828125,182.35000610351562,183.19000244140625,354100,0.0,0.0
2023-01-04 00:00:00-05:00,185.30999755859375,186.9199981689453,183.17999267578125,184.67999267578125,568300,0.0,0.0
2023-01-05 00:00:00-05:00,183.13999938964844,184.3699951171875,179.2100067138672,180.25999450683594,436600,0.0,0.0
2023-01-06 00:00:00-05:00,182.66000366210938,188.3300018310547,180.83999633789062,187.2100067138672,416400,0.0,0.0
2023-01-09 00:00:00-05:00,188.89999389648438,192.75,187.7899932861328,190.6999969482422,643300,0.0,0.0
2023-01-10 00:00:00-05:00,190.3300018310547,192.7899932861328,189.32000732421875,191.92999267578125,414600,0.0,0.0
2023-01-11 00:00:00-05:00,193.27000427246094,194.74000549316406,191.36000061035156,194.67999267578125,253300,0.0,0.0
2023-01-12 00:00:00-05:00,196.02999877929688,196.55999755859375,193.61000061035156,194.52000427246094,404000,0.0,0.0
2023-01-13 00:00:00-05:00,192.7100067138672,195.2100067138672,190.47000122070312,194.6999969482422,234000,0.0,0.0
2023-01-17 00:00:00-05:00,195.58999633789062,197.6199951171875,194.49000549316406,194.6999969482422,496700,0.0,0.0
2023-01-18 00:00:00-05:00,195.97999572753906,196.9199981689453,191.36000061035156,191.8300018310547,342700,0.0,0.0
2023-01-19 00:00:00-05:00,190.02999877929688,193.2100067138672,189.5500030517578,192.58999633789062,338700,0.0,0.0
2023-01-20 00:00:00-05:00,193.85000610351562,198.7899932861328,192.91000366210938,198.7100067138672,370800,0.0,0.0
2023-01-23 00:00:00-05:00,198.50999450683594,201.72000122070312,197.47999572753906,200.41000366210938,426900,0.0,0.0
2023-01-24 00:00:00-05:00,199.8000030517578,201.33999633789062,198.77999877929688,199.57000732421875,334000,0.0,0.0
2023-01-25 00:00:00-05:00,196.86000061035156,200.97000122070312,194.58999633789062,200.3000030517578,307500,0.0,0.0
2023-01-26 00:00:00-05:00,202.42999267578125,202.42999267578125,198.61000061035156,202.2100067138672,224500,0.0,0.0
2023-01-27 00:00:00-05:00,202.0,205.52000427246094,201.6999969482422,204.35000610351562,442600,0.0,0.0
2023-01-30 00:00:00-05:00,201.8800048828125,203.74000549316406,200.8699951171875,201.00999450683594,342200,0.0,0.0
2023-01-31 00:00:00-05:00,203.89999389648438,208.88999938964844,202.8300018310547,208.80999755859375,590600,0.0,0.0
2023-02-01 00:00:00-05:00,207.69000244140625,215.77999877929688,207.19000244140625,214.3800048828125,476700,0.0,0.0
2023-02-02 00:00:00-05:00,217.3800048828125,224.33999633789062,216.50999450683594,221.67999267578125,826400,0.0,0.0
2023-02-03 00:00:00-05:00,217.97000122070312,220.7100067138672,216.22999572753906,218.1999969482422,487500,0.0,0.0
2023-02-06 00:00:00-05:00,215.75,217.47000122070312,209.91000366210938,210.74000549316406,447200,0.0,0.0
2023-02-07 00:00:00-05:00,210.02000427246094,214.33999633789062,208.83999633789062,213.3699951171875,523900,0.0,0.0
2023-02-08 00:00:00-05:00,210.50999450683594,212.61000061035156,207.3699951171875,208.94000244140625,598400,0.0,0.0
2023-02-09 00:00:00-05:00,216.11000061035156,218.39999389648438,203.0800018310547,203.99000549316406,1315800,0.0,0.0
2023-02-10 00:00:00-05:00,205.52999877929688,208.64999389648438,204.9499969482422,207.05999755859375,628500,0.0,0.0
2023-02-13 00:00:00-05:00,207.0,211.1199951171875,206.19000244140625,210.33999633789062,607200,0.0,0.0
2023-02-14 00:00:00-05:00,209.38999938964844,210.92999267578125,205.44000244140625,210.0,422200,0.0,0.0
2023-02-15 00:00:00-05:00,207.58999633789062,211.32000732421875,205.7899932861328,211.17999267578125,423000,0.0,0.0
2023-02-16 00:00:00-05:00,212.5,216.49000549316406,208.1300048828125,214.3300018310547,752100,0.0,0.0
2023-02-17 00:00:00-05:00,212.75999450683594,214.07000732421875,210.0399932861328,213.5800018310547,713800,0.0,0.0
2023-02-21 00:00:00-05:00,210.57000732421875,212.39999389648438,207.77999877929688,209.67999267578125,904700,0.0,0.0
2023-02-22 00:00:00-05:00,210.17999267578125,212.50999450683594,207.94000244140625,209.4199981689453,599800,0.0,0.0
2023-02-23 00:00:00-05:00,210.97999572753906,210.97999572753906,205.4600067138672,209.36000061035156,583400,0.0,0.0
2023-02-24 00:00:00-05:00,206.17999267578125,207.74000549316406,202.24000549316406,206.77000427246094,676700,0.0,0.0
2023-02-27 00:00:00-05:00,208.5399932861328,212.9600067138672,208.5399932861328,209.97999572753906,1003600,0.0,0.0
2023-02-28 00:00:00-05:00,210.24000549316406,215.1999969482422,209.58999633789062,214.7899932861328,972500,0.0,0.0
2023-03-01 00:00:00-05:00,214.0500030517578,215.99000549316406,210.89999389648438,213.5,529400,0.0,0.0
2023-03-02 00:00:00-05:00,213.27999877929688,214.50999450683594,210.41000366210938,212.5,930100,0.0,0.0
2023-03-03 00:00:00-05:00,213.41000366210938,215.6300048828125,212.05999755859375,214.72000122070312,599900,0.0,0.0
2023-03-06 00:00:00-05:00,214.75,216.5500030517578,211.77999877929688,211.77999877929688,601300,0.0,0.0
2023-03-07 00:00:00-05:00,211.52999877929688,213.2100067138672,209.07000732421875,209.1699981689453,611200,0.0,0.0
2023-03-08 00:00:00-05:00,208.6699981689453,210.55999755859375,206.6300048828125,208.9499969482422,505400,0.0,0.0
2023-03-09 00:00:00-05:00,209.27999877929688,211.58999633789062,204.60000610351562,204.67999267578125,523400,0.0,0.0
2023-03-10 00:00:00-05:00,203.6699981689453,204.1300048828125,194.1199951171875,195.8800048828125,740800,0.0,0.0
2023-03-13 00:00:00-04:00,192.55999755859375,194.05999755859375,187.44000244140625,190.35000610351562,983600,0.0,0.0
2023-03-14 00:00:00-04:00,194.4199981689453,196.52999877929688,191.5,194.0800018310547,573100,0.0,0.0
2023-03-15 00:00:00-04:00,187.38999938964844,191.5,185.92999267578125,189.22000122070312,600900,0.0,0.0
2023-03-16 00:00:00-04:00,187.5,192.38999938964844,185.0399932861328,191.9600067138672,394600,0.0,0.0
2023-03-17 00:00:00-04:00,190.5399932861328,191.6699981689453,186.61000061035156,187.1999969482422,1266100,0.0,0.0
2023-03-20 00:00:00-04:00,192.36000061035156,203.1199951171875,191.75999450683594,199.0800018310547,1501500,0.0,0.0
2023-03-21 00:00:00-04:00,203.77999877929688,214.02000427246094,203.32000732421875,210.6300048828125,1774600,0.0,0.0
2023-03-22 00:00:00-04:00,209.27999877929688,210.32000732421875,201.99000549316406,202.16000366210938,860400,0.0,0.0
2023-03-23 00:00:00-04:00,202.24000549316406,206.57000732421875,197.97999572753906,199.75999450683594,630200,0.0,0.0
2023-03-24 00:00:00-04:00,196.66000366210938,201.00999450683594,194.60000610351562,200.82000732421875,532500,0.0,0.0
2023-03-27 00:00:00-04:00,203.1300048828125,206.00999450683594,203.1300048828125,203.5800018310547,748200,0.0,0.0
2023-03-28 00:00:00-04:00,202.7100067138672,204.1300048828125,201.6699981689453,202.24000549316406,381100,0.0,0.0
2023-03-29 00:00:00-04:00,204.58999633789062,207.60000610351562,203.6300048828125,207.42999267578125,359500,0.0,0.0
2023-03-30 00:00:00-04:00,209.89999389648438,210.22000122070312,204.5800018310547,205.55999755859375,421600,0.0,0.0
2023-03-31 00:00:00-04:00,207.52999877929688,211.24000549316406,206.57000732421875,210.85000610351562,561600,0.0,0.0
2023-04-03 00:00:00-04:00,210.13999938964844,212.52999877929688,209.7899932861328,211.57000732421875,451300,0.0,0.0
2023-04-04 00:00:00-04:00,212.9499969482422,213.1999969482422,206.24000549316406,206.77999877929688,443300,0.0,0.0
2023-04-05 00:00:00-04:00,205.57000732421875,208.16000366210938,204.6199951171875,207.47000122070312,555400,0.0,0.0
2023-04-06 00:00:00-04:00,207.0,208.8000030517578,205.89999389648438,207.67999267578125,267000,0.0,0.0
2023-04-10 00:00:00-04:00,206.33999633789062,210.61000061035156,205.85000610351562,210.4199981689453,495100,0.0,0.0
2023-04-11 00:00:00-04:00,211.64999389648438,216.49000549316406,210.8800048828125,215.8800048828125,584200,0.0,0.0
2023-04-12 00:00:00-04:00,217.85000610351562,219.77000427246094,212.97999572753906,213.99000549316406,539500,0.0,0.0
2023-04-13 00:00:00-04:00,214.77000427246094,220.1199951171875,214.0500030517578,219.52999877929688,626200,0.0,0.0
2023-04-14 00:00:00-04:00,221.19000244140625,224.47000122070312,218.39999389648438,221.1999969482422,342800,0.0,0.0
2023-04-17 00:00:00-04:00,220.39999389648438,222.58999633789062,219.3000030517578,222.08999633789062,692200,0.0,0.0
2023-04-18 00:00:00-04:00,222.72999572753906,224.77999877929688,220.5,222.11000061035156,562600,0.0,0.0
2023-04-19 00:00:00-04:00,221.25999450683594,221.25999450683594,216.02999877929688,219.74000549316406,655000,0.0,0.0
2023-04-20 00:00:00-04:00,217.24000549316406,218.22999572753906,214.9499969482422,216.0500030517578,386000,0.0,0.0
2023-04-21 00:00:00-04:00,215.89999389648438,216.92999267578125,213.3000030517578,216.8300018310547,604400,0.0,0.0
2023-04-24 00:00:00-04:00,216.77000427246094,217.57000732421875,214.8699951171875,216.25,457200,0.0,0.0
2023-04-25 00:00:00-04:00,214.3699951171875,215.0,209.25999450683594,209.30999755859375,425900,0.0,0.0
2023-04-26 00:00:00-04:00,208.6999969482422,213.17999267578125,207.9499969482422,209.5500030517578,529400,0.0,0.0
2023-04-27 00:00:00-04:00,210.8000030517578,212.22999572753906,207.2899932861328,212.14999389648438,420600,0.0,0.0
2023-04-28 00:00:00-04:00,211.2100067138672,215.92999267578125,210.2899932861328,213.9199981689453,568300,0.0,0.0
2023-05-01 00:00:00-04:00,213.47000122070312,216.2100067138672,212.72999572753906,213.88999938964844,613400,0.0,0.0
2023-05-02 00:00:00-04:00,211.27000427246094,211.72999572753906,204.0399932861328,207.08999633789062,1060400,0.0,0.0
2023-05-03 00:00:00-04:00,207.5,212.24000549316406,207.08999633789062,207.33999633789062,545300,0.0,0.0
2023-05-04 00:00:00-04:00,223.14999389648438,229.1300048828125,219.77000427246094,223.60000610351562,1675500,0.0,0.0
2023-05-05 00:00:00-04:00,226.75999450683594,232.25999450683594,225.94000244140625,231.19000244140625,811100,0.0,0.0
2023-05-08 00:00:00-04:00,232.8699951171875,232.9199981689453,228.05999755859375,229.82000732421875,528100,0.0,0.0
2023-05-09 00:00:00-04:00,227.82000732421875,231.24000549316406,227.22999572753906,230.92999267578125,392800,0.0,0.0
2023-05-10 00:00:00-04:00,233.1199951171875,234.36000061035156,225.99000549316406,228.2100067138672,574200,0.0,0.0
2023-05-11 00:00:00-04:00,226.55999755859375,228.75999450683594,225.22999572753906,227.1699981689453,318400,0.0,0.0
2023-05-12 00:00:00-04:00,227.77999877929688,228.97999572753906,225.13999938964844,227.0399932861328,267500,0.0,0.0
2023-05-15 00:00:00-04:00,226.22000122070312,230.30999755859375,226.22000122070312,230.14999389648438,478300,0.0,0.0
2023-05-16 00:00:00-04:00,229.0800018310547,229.27999877929688,226.25,226.52000427246094,308500,0.0,0.0
2023-05-17 00:00:00-04:00,229.08999633789062,233.41000366210938,227.60000610351562,232.11000061035156,366200,0.0,0.0
2023-05-18 00:00:00-04:00,231.4499969482422,235.2100067138672,230.0,234.85000610351562,381900,0.0,0.0
2023-05-19 00:00:00-04:00,236.02999877929688,236.66000366210938,231.64999389648438,233.64999389648438,462100,0.0,0.0
2023-05-22 00:00:00-04:00,233.8300018310547,238.5800018310547,232.35000610351562,237.6999969482422,612500,0.0,0.0
2023-05-23 00:00:00-04:00,235.80999755859375,240.6300048828125,235.10000610351562,236.5800018310547,856300,0.0,0.0
2023-05-24 00:00:00-04:00,235.0,236.8300018310547,230.4499969482422,232.4600067138672,552200,0.0,0.0
2023-05-25 00:00:00-04:00,233.02999877929688,233.24000549316406,230.11000061035156,232.82000732421875,504900,0.0,0.0
2023-05-26 00:00:00-04:00,232.75999450683594,234.4600067138672,231.19000244140625,233.75,357800,0.0,0.0
2023-05-30 00:00:00-04:00,233.22999572753906,235.35000610351562,229.6699981689453,230.94000244140625,588900,0.0,0.0
2023-05-31 00:00:00-04:00,229.4499969482422,230.1199951171875,221.25,226.5500030517578,1442400,0.0,0.0
2023-06-01 00:00:00-04:00,227.32000732421875,229.91000366210938,225.77000427246094,228.0,479000,0.0,0.0
2023-06-02 00:00:00-04:00,231.58999633789062,235.4600067138672,229.33999633789062,234.83999633789062,604700,0.0,0.0
2023-06-05 00:00:00-04:00,233.44000244140625,234.4199981689453,230.52999877929688,232.6699981689453,550600,0.0,0.0
2023-06-06 00:00:00-04:00,232.3300018310547,238.57000732421875,231.92999267578125,238.24000549316406,370500,0.0,0.0
2023-06-07 00:00:00-04:00,238.83999633789062,240.66000366210938,237.58999633789062,237.58999633789062,553500,0.0,0.0
2023-06-08 00:00:00-04:00,237.4600067138672,239.27999877929688,234.44000244140625,238.3000030517578,306500,0.0,0.0
2023-06-09 00:00:00-04:00,239.0399932861328,240.25,236.6999969482422,239.3699951171875,520400,0.0,0.0
2023-06-12 00:00:00-04:00,238.86000061035156,240.72000122070312,237.8000030517578,239.27000427246094,251600,0.0,0.0
2023-06-13 00:00:00-04:00,239.82000732421875,241.7100067138672,238.85000610351562,240.3000030517578,334100,0.0,0.0
2023-06-14 00:00:00-04:00,241.72999572753906,243.33999633789062,236.9499969482422,239.7899932861328,586900,0.0,0.0
2023-06-15 00:00:00-04:00,238.97999572753906,245.3699951171875,237.61000061035156,244.4499969482422,337800,0.0,0.0
2023-06-16 00:00:00-04:00,246.5500030517578,246.9499969482422,241.33999633789062,243.6300048828125,672700,0.0,0.0
2023-06-20 00:00:00-04:00,241.3800048828125,243.41000366210938,238.66000366210938,242.47999572753906,534200,0.0,0.0
2023-06-21 00:00:00-04:00,241.25999450683594,243.82000732421875,241.1300048828125,243.02999877929688,381600,0.0,0.0
2023-06-22 00:00:00-04:00,242.3000030517578,242.6999969482422,239.58999633789062,240.99000549316406,343300,0.0,0.0
2023-06-23 00:00:00-04:00,238.3300018310547,240.3699951171875,237.5500030517578,238.55999755859375,594200,0.0,0.0
2023-06-26 00:00:00-04:00,237.91000366210938,241.07000732421875,237.91000366210938,239.22999572753906,295100,0.0,0.0
2023-06-27 00:00:00-04:00,240.0,245.86000061035156,239.14999389648438,245.6699981689453,371200,0.0,0.0
2023-06-28 00:00:00-04:00,245.6999969482422,246.07000732421875,242.86000061035156,245.8800048828125,315600,0.0,0.0
2023-06-29 00:00:00-04:00,246.14999389648438,249.3800048828125,245.97999572753906,248.0500030517578,279200,0.0,0.0
2023-06-30 00:00:00-04:00,250.33999633789062,252.41000366210938,249.9199981689453,251.0800018310547,311500,0.0,0.0
2023-07-03 00:00:00-04:00,251.2100067138672,253.8000030517578,251.2100067138672,253.47000122070312,198200,0.0,0.0
2023-07-05 00:00:00-04:00,250.27999877929688,252.6699981689453,249.07000732421875,250.99000549316406,467000,0.0,0.0
2023-07-06 00:00:00-04:00,248.75,250.9600067138672,245.77000427246094,250.05999755859375,321700,0.0,0.0
2023-07-07 00:00:00-04:00,251.82000732421875,255.3300018310547,251.82000732421875,253.49000549316406,269800,0.0,0.0
2023-07-10 00:00:00-04:00,253.61000061035156,257.260009765625,253.08999633789062,256.30999755859375,354000,0.0,0.0
2023-07-11 00:00:00-04:00,255.07000732421875,259.1700134277344,254.00999450683594,258.7300109863281,359900,0.0,0.0
2023-07-12 00:00:00-04:00,259.55999755859375,260.989990234375,256.9800109863281,257.8800048828125,305400,0.0,0.0
2023-07-13 00:00:00-04:00,259.2699890136719,263.7699890136719,259.260009765625,260.5,413800,0.0,0.0
2023-07-14 00:00:00-04:00,262.1700134277344,262.1700134277344,258.8800048828125,258.989990234375,394500,0.0,0.0
2023-07-17 00:00:00-04:00,258.0400085449219,260.6499938964844,256.1000061035156,258.4800109863281,434500,0.0,0.0
2023-07-18 00:00:00-04:00,258.9100036621094,260.8299865722656,258.3999938964844,259.7300109863281,441600,0.0,0.0
2023-07-19 00:00:00-04:00,260.07000732421875,261.2900085449219,255.05999755859375,255.25999450683594,623000,0.0,0.0
2023-07-20 00:00:00-04:00,255.25999450683594,255.5399932861328,250.52999877929688,253.16000366210938,851900,0.0,0.0
2023-07-21 00:00:00-04:00,254.0500030517578,254.0500030517578,249.1699981689453,252.44000244140625,764500,0.0,0.0
2023-07-24 00:00:00-04:00,252.88999938964844,253.11000061035156,250.16000366210938,251.7100067138672,447900,0.0,0.0
2023-07-25 00:00:00-04:00,251.4199981689453,253.89999389648438,251.33999633789062,252.41000366210938,405800,0.0,0.0
2023-07-26 00:00:00-04:00,250.8300018310547,252.6999969482422,249.58999633789062,250.97000122070312,332200,0.0,0.0
2023-07-27 00:00:00-04:00,251.24000549316406,252.30999755859375,245.02999877929688,245.19000244140625,382000,0.0,0.0
2023-07-28 00:00:00-04:00,248.08999633789062,250.02999877929688,246.27999877929688,247.17999267578125,419600,0.0,0.0
2023-07-31 00:00:00-04:00,248.6199951171875,250.69000244140625,247.89999389648438,248.91000366210938,382300,0.0,0.0
2023-08-01 00:00:00-04:00,247.83999633789062,251.42999267578125,246.72999572753906,251.05999755859375,237200,0.0,0.0
2023-08-02 00:00:00-04:00,248.75,249.49000549316406,242.75999450683594,244.86000061035156,364400,0.0,0.0
2023-08-03 00:00:00-04:00,243.08999633789062,248.05999755859375,241.42999267578125,247.0,341700,0.0,0.0
2023-08-04 00:00:00-04:00,246.97000122070312,249.61000061035156,245.02999877929688,245.72000122070312,339500,0.0,0.0
2023-08-07 00:00:00-04:00,246.9499969482422,247.99000549316406,246.0399932861328,246.77999877929688,357500,0.0,0.0
2023-08-08 00:00:00-04:00,243.83999633789062,245.08999633789062,242.0800018310547,244.5399932861328,469100,0.0,0.0
2023-08-09 00:00:00-04:00,252.0,261.79998779296875,248.5500030517578,260.0400085449219,723500,0.0,0.0
2023-08-10 00:00:00-04:00,262.6199951171875,272.3699951171875,261.1099853515625,268.6099853515625,902500,0.0,0.0
2023-08-11 00:00:00-04:00,267.4599914550781,267.9700012207031,263.9200134277344,265.5400085449219,493400,0.0,0.0
2023-08-14 00:00:00-04:00,266.2099914550781,267.1700134277344,264.69000244140625,266.8999938964844,292700,0.0,0.0
2023-08-15 00:00:00-04:00,266.8599853515625,268.5799865722656,264.3900146484375,264.510009765625,622300,0.0,0.0
2023-08-16 00:00:00-04:00,263.70001220703125,265.2099914550781,261.07000732421875,264.3399963378906,821200,0.0,0.0
2023-08-17 00:00:00-04:00,265.54998779296875,265.57000732421875,262.0,262.010009765625,364900,0.0,0.0
2023-08-18 00:00:00-04:00,258.9700012207031,263.9599914550781,258.9700012207031,262.2300109863281,495200,0.0,0.0
2023-08-21 00:00:00-04:00,261.82000732421875,262.75,257.8999938964844,258.04998779296875,502800,0.0,0.0
2023-08-22 00:00:00-04:00,260.80999755859375,264.6400146484375,259.1099853515625,262.239990234375,497300,0.0,0.0
2023-08-23 00:00:00-04:00,262.6199951171875,265.6499938964844,260.3800048828125,264.510009765625,540200,0.0,0.0
2023-08-24 00:00:00-04:00,264.54998779296875,266.8299865722656,261.80999755859375,262.0299987792969,381700,0.0,0.0
2023-08-25 00:00:00-04:00,263.29998779296875,266.0400085449219,261.8999938964844,265.239990234375,341100,0.0,0.0
2023-08-28 00:00:00-04:00,265.3999938964844,271.9200134277344,265.3999938964844,270.8399963378906,488600,0.0,0.0
2023-08-29 00:00:00-04:00,270.07000732421875,274.2300109863281,269.57000732421875,271.69000244140625,469600,0.0,0.0
2023-08-30 00:00:00-04:00,271.3599853515625,274.4700012207031,270.3900146484375,273.239990234375,341400,0.0,0.0
2023-08-31 00:00:00-04:00,273.010009765625,274.92999267578125,271.6099853515625,271.7300109863281,416500,0.0,0.0
2023-09-01 00:00:00-04:00,274.0199890136719,275.6600036621094,272.30999755859375,272.8599853515625,388800,0.0,0.0
2023-09-05 00:00:00-04:00,272.0799865722656,275.239990234375,271.0400085449219,273.17999267578125,450900,0.0,0.0
2023-09-06 00:00:00-04:00,272.8699951171875,275.6300048828125,272.07000732421875,275.4800109863281,425400,0.0,0.0
2023-09-07 00:00:00-04:00,274.1300048828125,275.2300109863281,271.8299865722656,272.07000732421875,391400,0.0,0.0
2023-09-08 00:00:00-04:00,272.30999755859375,274.67999267578125,270.07000732421875,271.8399963378906,458000,0.0,0.0
2023-09-11 00:00:00-04:00,273.80999755859375,274.7699890136719,270.3699951171875,272.6499938964844,319000,0.0,0.0
2023-09-12 00:00:00-04:00,271.2200012207031,274.2699890136719,270.9200134277344,272.07000732421875,345200,0.0,0.0
2023-09-13 00:00:00-04:00,272.1499938964844,273.17999267578125,270.3299865722656,272.2900085449219,336400,0.0,0.0
2023-09-14 00:00:00-04:00,273.8500061035156,275.0,270.2200012207031,273.6700134277344,395600,0.0,0.0
2023-09-15 00:00:00-04:00,271.9100036621094,275.82000732421875,271.1199951171875,272.8599853515625,657500,0.0,0.0
2023-09-18 00:00:00-04:00,271.80999755859375,275.4700012207031,271.4599914550781,275.0899963378906,262500,0.0,0.0
2023-09-19 00:00:00-04:00,275.739990234375,276.7699890136719,273.94000244140625,274.32000732421875,409200,0.0,0.0
2023-09-20 00:00:00-04:00,275.6300048828125,278.3500061035156,274.19000244140625,275.17999267578125,307700,0.0,0.0
2023-09-21 00:00:00-04:00,273.1300048828125,273.2200012207031,268.07000732421875,269.95001220703125,417600,0.0,0.0
2023-09-22 00:00:00-04:00,270.489990234375,271.55999755859375,269.05999755859375,269.9800109863281,300500,0.0,0.0
2023-09-25 00:00:00-04:00,268.7900085449219,271.57000732421875,268.29998779296875,271.2699890136719,349700,0.0,0.0
2023-09-26 00:00:00-04:00,269.6300048828125,270.42999267578125,261.3699951171875,261.54998779296875,545300,0.0,0.0
2023-09-27 00:00:00-04:00,262.6600036621094,263.2300109863281,256.45001220703125,258.8599853515625,410000,0.0,0.0
2023-09-28 00:00:00-04:00,258.7099914550781,260.54998779296875,257.42999267578125,258.5299987792969,502400,0.0,0.0
2023-09-29 00:00:00-04:00,260.0400085449219,260.79998779296875,254.50999450683594,255.33999633789062,452000,0.0,0.0
2023-10-02 00:00:00-04:00,254.94000244140625,257.4200134277344,254.0800018310547,255.8800048828125,416800,0.0,0.0
2023-10-03 00:00:00-04:00,253.74000549316406,255.3800048828125,247.2100067138672,249.77000427246094,255300,0.0,0.0
2023-10-04 00:00:00-04:00,250.9600067138672,253.39999389648438,249.0800018310547,251.32000732421875,383600,0.0,0.0
2023-10-05 00:00:00-04:00,250.0800018310547,253.52999877929688,249.27000427246094,252.07000732421875,320700,0.0,0.0
2023-10-06 00:00:00-04:00,251.3800048828125,257.1300048828125,250.4600067138672,254.5399932861328,295100,0.0,0.0
2023-10-09 00:00:00-04:00,250.3000030517578,259.760009765625,250.3000030517578,259.6300048828125,353400,0.0,0.0
2023-10-10 00:00:00-04:00,260.25,264.4100036621094,259.3699951171875,261.45001220703125,332400,0.0,0.0
2023-10-11 00:00:00-04:00,260.739990234375,262.6600036621094,254.74000549316406,256.239990234375,418600,0.0,0.0
2023-10-12 00:00:00-04:00,257.95001220703125,257.95001220703125,247.05999755859375,248.89999389648438,537300,0.0,0.0
2023-10-13 00:00:00-04:00,248.89999389648438,251.36000061035156,247.19000244140625,249.4199981689453,330900,0.0,0.0
2023-10-16 00:00:00-04:00,252.11000061035156,252.72000122070312,248.63999938964844,249.94000244140625,514200,0.0,0.0
2023-10-17 00:00:00-04:00,248.8300018310547,253.3800048828125,248.69000244140625,251.64999389648438,501900,0.0,0.0
2023-10-18 00:00:00-04:00,249.5500030517578,250.00999450683594,246.8699951171875,247.75999450683594,307400,0.0,0.0
2023-10-19 00:00:00-04:00,247.75999450683594,248.5399932861328,241.25999450683594,241.97000122070312,314400,0.0,0.0
2023-10-20 00:00:00-04:00,242.36000061035156,242.39999389648438,238.8800048828125,239.0,421800,0.0,0.0
2023-10-23 00:00:00-04:00,237.64999389648438,239.22000122070312,236.8800048828125,238.32000732421875,337800,0.0,0.0
2023-10-24 00:00:00-04:00,239.61000061035156,242.99000549316406,237.9600067138672,240.7899932861328,376000,0.0,0.0
2023-10-25 00:00:00-04:00,238.11000061035156,238.80999755859375,230.32000732421875,230.88999938964844,533500,0.0,0.0
2023-10-26 00:00:00-04:00,230.72000122070312,234.88999938964844,227.49000549316406,228.57000732421875,934300,0.0,0.0
2023-10-27 00:00:00-04:00,228.9499969482422,228.9499969482422,221.4499969482422,221.89999389648438,655600,0.0,0.0
2023-10-30 00:00:00-04:00,223.55999755859375,224.8300018310547,220.38999938964844,222.55999755859375,799900,0.0,0.0
2023-10-31 00:00:00-04:00,223.13999938964844,225.92999267578125,222.6699981689453,225.1699981689453,640600,0.0,0.0
2023-11-01 00:00:00-04:00,225.77000427246094,228.8000030517578,224.0800018310547,228.60000610351562,500200,0.0,0.0
2023-11-02 00:00:00-04:00,231.5500030517578,236.9499969482422,230.82000732421875,236.66000366210938,532600,0.0,0.0
2023-11-03 00:00:00-04:00,239.33999633789062,239.7899932861328,236.32000732421875,236.66000366210938,472400,0.0,0.0
2023-11-06 00:00:00-05:00,236.72000122070312,237.1999969482422,232.4600067138672,233.41000366210938,611000,0.0,0.0
2023-11-07 00:00:00-05:00,233.17999267578125,234.7899932861328,231.69000244140625,233.42999267578125,656200,0.0,0.0
2023-11-08 00:00:00-05:00,232.7100067138672,236.5399932861328,232.7100067138672,235.5399932861328,668800,0.0,0.0
2023-11-09 00:00:00-05:00,233.0,233.0,221.3699951171875,228.75,933300,0.0,0.0
2023-11-10 00:00:00-05:00,230.3300018310547,232.8699951171875,229.11000061035156,231.2100067138672,577100,0.0,0.0
2023-11-13 00:00:00-05:00,229.97000122070312,230.9499969482422,228.50999450683594,229.13999938964844,472400,0.0,0.0
2023-11-14 00:00:00-05:00,233.60000610351562,235.27999877929688,231.05999755859375,234.00999450683594,456200,0.0,0.0
2023-11-15 00:00:00-05:00,233.60000610351562,236.82000732421875,233.22999572753906,235.86000061035156,444300,0.0,0.0
2023-11-16 00:00:00-05:00,235.5500030517578,237.14999389648438,230.8300018310547,231.99000549316406,479700,0.0,0.0
2023-11-17 00:00:00-05:00,234.05999755859375,234.05999755859375,231.00999450683594,232.80999755859375,377700,0.0,0.0
2023-11-20 00:00:00-05:00,232.9199981689453,235.4600067138672,231.1300048828125,235.3000030517578,320300,0.0,0.0
2023-11-21 00:00:00-05:00,234.5800018310547,234.8300018310547,232.5399932861328,232.5800018310547,224100,0.0,0.0
2023-11-22 00:00:00-05:00,233.5,234.3300018310547,232.63999938964844,233.6699981689453,228500,0.0,0.0
2023-11-24 00:00:00-05:00,233.6999969482422,234.8000030517578,233.64999389648438,234.00999450683594,110200,0.0,0.0
2023-11-27 00:00:00-05:00,233.0399932861328,234.0800018310547,230.67999267578125,231.66000366210938,318300,0.0,0.0
2023-11-28 00:00:00-05:00,231.89999389648438,235.4499969482422,231.3000030517578,235.1199951171875,421300,0.0,0.0
2023-11-29 00:00:00-05:00,237.74000549316406,240.4499969482422,237.10000610351562,237.22999572753906,494400,0.0,0.0
2023-11-30 00:00:00-05:00,237.97999572753906,240.88999938964844,236.16000366210938,240.5,558400,0.0,0.0
2023-12-01 00:00:00-05:00,239.9600067138672,251.82000732421875,239.9600067138672,251.6300048828125,972000,0.0,0.0
2023-12-04 00:00:00-05:00,249.3300018310547,255.6300048828125,249.3300018310547,251.60000610351562,737200,0.0,0.0
2023-12-05 00:00:00-05:00,251.10000610351562,252.8300018310547,247.8699951171875,250.94000244140625,558200,0.0,0.0
2023-12-06 00:00:00-05:00,253.32000732421875,253.58999633789062,250.25999450683594,251.22999572753906,511100,0.0,0.0
2023-12-07 00:00:00-05:00,253.16000366210938,257.19000244140625,250.80999755859375,256.05999755859375,705900,0.0,0.0
2023-12-08 00:00:00-05:00,255.60000610351562,258.4100036621094,254.61000061035156,256.0899963378906,546400,0.0,0.0
2023-12-11 00:00:00-05:00,256.2099914550781,260.5899963378906,256.2099914550781,258.42999267578125,412000,0.0,0.0
2023-12-12 00:00:00-05:00,258.54998779296875,260.010009765625,258.0199890136719,258.2200012207031,358500,0.0,0.0
2023-12-13 00:00:00-05:00,257.9200134277344,264.8699951171875,257.7200012207031,264.57000732421875,510300,0.0,0.0
2023-12-14 00:00:00-05:00,267.760009765625,272.1199951171875,267.1000061035156,272.1000061035156,641300,0.0,0.0
2023-12-15 00:00:00-05:00,270.3299865722656,278.0,270.2900085449219,277.42999267578125,1638200,0.0,0.0
2023-12-18 00:00:00-05:00,278.760009765625,279.3699951171875,274.7200012207031,277.95001220703125,764500,0.0,0.0
2023-12-19 00:00:00-05:00,279.260009765625,281.44000244140625,277.69000244140625,278.6000061035156,440900,0.0,0.0
2023-12-20 00:00:00-05:00,277.6700134277344,280.489990234375,274.05999755859375,275.1600036621094,496400,0.0,0.0
2023-12-21 00:00:00-05:00,277.1300048828125,278.1499938964844,274.6400146484375,277.0299987792969,393000,0.0,0.0
2023-12-22 00:00:00-05:00,278.5199890136719,279.70001220703125,275.7200012207031,277.4200134277344,425600,0.0,0.0
2023-12-26 00:00:00-05:00,277.7200012207031,279.239990234375,277.25,278.75,207200,0.0,0.0
2023-12-27 00:00:00-05:00,279.9100036621094,283.0299987792969,278.0199890136719,282.9800109863281,346500,0.0,0.0
2023-12-28 00:00:00-05:00,282.25,283.8900146484375,280.8800048828125,282.4599914550781,300400,0.0,0.0
2023-12-29 00:00:00-05:00,282.54998779296875,284.3900146484375,281.4700012207031,282.6099853515625,350900,0.0,0.0
2024-01-02 00:00:00-05:00,281.260009765625,282.44000244140625,279.07000732421875,281.55999755859375,372400,0.0,0.0
2024-01-03 00:00:00-05:00,278.7099914550781,281.1300048828125,275.5899963378906,278.989990234375,535300,0.0,0.0
2024-01-04 00:00:00-05:00,278.010009765625,282.2699890136719,278.010009765625,280.8800048828125,341500,0.0,0.0
2024-01-05 00:00:00-05:00,279.7300109863281,284.17999267578125,278.989990234375,280.760009765625,351500,0.0,0.0
2024-01-08 00:00:00-05:00,282.5799865722656,284.70001220703125,281.3500061035156,284.3900146484375,266700,0.0,0.0
2024-01-09 00:00:00-05:00,282.6000061035156,285.20001220703125,282.04998779296875,283.69000244140625,263900,0.0,0.0
2024-01-10 00:00:00-05:00,283.6700134277344,283.8999938964844,279.82000732421875,280.260009765625,241500,0.0,0.0
2024-01-11 00:00:00-05:00,280.989990234375,281.32000732421875,277.55999755859375,279.4800109863281,238200,0.0,0.0
2024-01-12 00:00:00-05:00,282.07000732421875,284.0,280.25,283.989990234375,258800,0.0,0.0
2024-01-16 00:00:00-05:00,282.20001220703125,284.19000244140625,280.0400085449219,283.989990234375,324700,0.0,0.0
2024-01-17 00:00:00-05:00,281.2200012207031,283.010009765625,277.1300048828125,277.92999267578125,439600,0.0,0.0
2024-01-18 00:00:00-05:00,278.1600036621094,280.19000244140625,272.5799865722656,277.55999755859375,422800,0.0,0.0
2024-01-19 00:00:00-05:00,279.1499938964844,282.95001220703125,276.7699890136719,282.8599853515625,297800,0.0,0.0
2024-01-22 00:00:00-05:00,284.32000732421875,288.1099853515625,284.32000732421875,287.4599914550781,307000,0.0,0.0
2024-01-23 00:00:00-05:00,288.29998779296875,288.95001220703125,285.42999267578125,288.4599914550781,253900,0.0,0.0
2024-01-24 00:00:00-05:00,290.20001220703125,290.2900085449219,285.7699890136719,287.3999938964844,255200,0.0,0.0
2024-01-25 00:00:00-05:00,288.79998779296875,294.0400085449219,288.79998779296875,293.79998779296875,439500,0.0,0.0
2024-01-26 00:00:00-05:00,293.6300048828125,296.5,292.9800109863281,294.010009765625,289600,0.0,0.0
2024-01-29 00:00:00-05:00,292.6099853515625,297.7799987792969,292.3999938964844,297.2699890136719,393300,0.0,0.0
2024-01-30 00:00:00-05:00,296.2699890136719,298.4800109863281,295.8599853515625,296.92999267578125,331700,0.0,0.0
2024-01-31 00:00:00-05:00,296.6499938964844,296.70001220703125,289.30999755859375,289.92999267578125,449100,0.0,0.0
2024-02-01 00:00:00-05:00,290.32000732421875,295.239990234375,288.44000244140625,294.54998779296875,413100,0.0,0.0
2024-02-02 00:00:00-05:00,292.94000244140625,298.07000732421875,292.94000244140625,295.95001220703125,244500,0.0,0.0
2024-02-05 00:00:00-05:00,293.7300109863281,295.42999267578125,291.3900146484375,291.5799865722656,366300,0.0,0.0
2024-02-06 00:00:00-05:00,290.8699951171875,292.1499938964844,285.2200012207031,286.989990234375,717000,0.0,0.0
2024-02-07 00:00:00-05:00,288.8500061035156,293.7099914550781,286.2900085449219,291.989990234375,700600,0.0,0.0
2024-02-08 00:00:00-05:00,270.5,275.45001220703125,259.25,265.1199951171875,1436800,0.0,0.0
2024-02-09 00:00:00-05:00,268.1199951171875,275.5299987792969,266.3699951171875,273.3999938964844,917900,0.0,0.0
2024-02-12 00:00:00-05:00,273.3999938964844,274.4700012207031,266.8999938964844,270.9599914550781,654800,0.0,0.0
2024-02-13 00:00:00-05:00,266.3699951171875,269.92999267578125,264.67999267578125,268.75,532200,0.0,0.0
2024-02-14 00:00:00-05:00,270.3599853515625,272.3900146484375,267.8699951171875,272.3800048828125,470700,0.0,0.0
2024-02-15 00:00:00-05:00,274.04998779296875,277.0299987792969,273.70001220703125,275.3800048828125,480400,0.0,0.0
2024-02-16 00:00:00-05:00,275.05999755859375,276.19000244140625,269.1000061035156,271.6199951171875,419900,0.0,0.0
2024-02-20 00:00:00-05:00,269.6400146484375,273.0299987792969,268.2900085449219,272.9100036621094,433400,0.0,0.0
2024-02-21 00:00:00-05:00,274.260009765625,275.1700134277344,272.0199890136719,274.29998779296875,416200,0.0,0.0
2024-02-22 00:00:00-05:00,277.1000061035156,277.20001220703125,273.67999267578125,275.8299865722656,286000,0.0,0.0
2024-02-23 00:00:00-05:00,277.05999755859375,282.6099853515625,277.05999755859375,281.20001220703125,453500,0.0,0.0
2024-02-26 00:00:00-05:00,280.2699890136719,282.8900146484375,278.1499938964844,278.30999755859375,322100,0.0,0.0
2024-02-27 00:00:00-05:00,278.30999755859375,279.5199890136719,276.20001220703125,278.54998779296875,344500,0.0,0.0
2024-02-28 00:00:00-05:00,276.9800109863281,277.3699951171875,273.8800048828125,275.6600036621094,332300,0.0,0.0
2024-02-29 00:00:00-05:00,277.5799865722656,281.0899963378906,276.2900085449219,279.2699890136719,602300,0.0,0.0
2024-03-01 00:00:00-05:00,280.8999938964844,281.4200134277344,274.29998779296875,276.6000061035156,536800,0.0,0.0
2024-03-04 00:00:00-05:00,284.239990234375,295.29998779296875,280.9100036621094,281.6700134277344,988400,0.0,0.0
2024-03-05 00:00:00-05:00,281.1199951171875,285.989990234375,280.04998779296875,280.6099853515625,704000,0.0,0.0
2024-03-06 00:00:00-05:00,282.6099853515625,289.4100036621094,281.260009765625,285.239990234375,561400,0.0,0.0
2024-03-07 00:00:00-05:00,286.7699890136719,293.1400146484375,286.30999755859375,293.07000732421875,791000,0.0,0.0
2024-03-08 00:00:00-05:00,293.0,297.5799865722656,292.4200134277344,294.0299987792969,594800,0.0,0.0
2024-03-11 00:00:00-04:00,289.989990234375,293.989990234375,289.989990234375,293.5199890136719,309800,0.0,0.0
2024-03-12 00:00:00-04:00,294.8399963378906,295.25,292.1400146484375,294.6700134277344,407600,0.0,0.0
2024-03-13 00:00:00-04:00,294.8900146484375,299.6400146484375,293.989990234375,298.92999267578125,411400,0.0,0.0
2024-03-14 00:00:00-04:00,298.94000244140625,299.9700012207031,294.3999938964844,295.8999938964844,452800,0.0,0.0
2024-03-15 00:00:00-04:00,292.7300109863281,297.44000244140625,291.9100036621094,295.6400146484375,628900,0.0,0.0
2024-03-18 00:00:00-04:00,296.0,299.760009765625,296.0,299.4200134277344,330100,0.0,0.0
2024-03-19 00:00:00-04:00,300.0,307.2200012207031,298.55999755859375,306.3900146484375,656500,0.0,0.0
2024-03-20 00:00:00-04:00,306.9800109863281,307.239990234375,302.75,306.25,394700,0.0,0.0
2024-03-21 00:00:00-04:00,307.5,309.3900146484375,305.54998779296875,305.79998779296875,352800,0.0,0.0
2024-03-22 00:00:00-04:00,306.3999938964844,306.5199890136719,303.20001220703125,303.260009765625,334900,0.0,0.0
2024-03-25 00:00:00-04:00,319.94000244140625,319.94000244140625,304.79998779296875,307.6600036621094,156400,0.0,0.0
2024-03-26 00:00:00-04:00,306.9700012207031,309.6600036621094,302.8999938964844,304.17999267578125,381600,0.0,0.0
2024-03-27 00:00:00-04:00,307.92999267578125,307.95001220703125,302.2200012207031,305.5199890136719,568600,0.0,0.0
2024-03-28 00:00:00-04:00,305.2099914550781,309.7699890136719,304.4800109863281,308.5400085449219,335500,0.0,0.0
2024-04-01 00:00:00-04:00,305.6400146484375,307.3699951171875,303.8399963378906,305.8999938964844,406500,0.0,0.0
2024-04-02 00:00:00-04:00,305.4100036621094,310.6499938964844,301.4700012207031,310.3699951171875,464000,0.0,0.0
2024-04-03 00:00:00-04:00,310.55999755859375,317.739990234375,310.3800048828125,316.1400146484375,725300,0.0,0.0
2024-04-04 00:00:00-04:00,319.04998779296875,319.04998779296875,304.5899963378906,304.8299865722656,530400,0.0,0.0
2024-04-05 00:00:00-04:00,305.8500061035156,308.30999755859375,304.2200012207031,306.20001220703125,241300,0.0,0.0
2024-04-08 00:00:00-04:00,307.4700012207031,308.8500061035156,306.17999267578125,306.8599853515625,318300,0.0,0.0
2024-04-09 00:00:00-04:00,307.6099853515625,307.6099853515625,303.0799865722656,304.5899963378906,386600,0.0,0.0
2024-04-10 00:00:00-04:00,300.3599853515625,305.3299865722656,299.510009765625,303.7900085449219,335000,0.0,0.0
2024-04-11 00:00:00-04:00,303.7900085449219,306.0400085449219,301.8999938964844,305.7200012207031,372500,0.0,0.0
2024-04-12 00:00:00-04:00,302.5799865722656,305.8800048828125,297.69000244140625,299.9100036621094,442800,0.0,0.0
2024-04-15 00:00:00-04:00,304.2799987792969,304.2799987792969,294.1700134277344,296.2900085449219,481900,0.0,0.0
2024-04-16 00:00:00-04:00,296.19000244140625,302.4800109863281,296.0,298.7300109863281,444100,0.0,0.0
2024-04-17 00:00:00-04:00,301.44000244140625,301.44000244140625,295.3999938964844,296.2699890136719,413700,0.0,0.0
2024-04-18 00:00:00-04:00,297.25,300.9599914550781,294.7300109863281,295.6400146484375,330900,0.0,0.0
2024-04-19 00:00:00-04:00,296.4100036621094,297.8900146484375,293.010009765625,294.2900085449219,371300,0.0,0.0
2024-04-22 00:00:00-04:00,295.8500061035156,303.75,294.2300109863281,300.8999938964844,379200,0.0,0.0
2024-04-23 00:00:00-04:00,302.1300048828125,307.5799865722656,302.1300048828125,306.6099853515625,276700,0.0,0.0
2024-04-24 00:00:00-04:00,306.0,308.2099914550781,304.3699951171875,307.4200134277344,289900,0.0,0.0
2024-04-25 00:00:00-04:00,305.20001220703125,305.20001220703125,297.4100036621094,302.0799865722656,550200,0.0,0.0
2024-04-26 00:00:00-04:00,302.6199951171875,305.8999938964844,300.9700012207031,303.79998779296875,261300,0.0,0.0
2024-04-29 00:00:00-04:00,304.4800109863281,305.8699951171875,303.260009765625,305.0899963378906,200500,0.0,0.0
2024-04-30 00:00:00-04:00,304.6300048828125,305.1099853515625,301.9200134277344,302.1400146484375,413100,0.0,0.0
2024-05-01 00:00:00-04:00,300.5799865722656,303.44000244140625,296.20001220703125,296.25,426700,0.0,0.0
2024-05-02 00:00:00-04:00,299.0799865722656,300.29998779296875,295.8999938964844,298.94000244140625,375700,0.0,0.0
2024-05-03 00:00:00-04:00,301.57000732421875,302.3999938964844,298.94000244140625,299.2900085449219,491400,0.0,0.0
2024-05-06 00:00:00-04:00,301.92999267578125,304.6300048828125,300.0199890136719,302.6000061035156,463400,0.0,0.0
2024-05-07 00:00:00-04:00,303.260009765625,304.95001220703125,302.3699951171875,304.7200012207031,452400,0.0,0.0
2024-05-08 00:00:00-04:00,304.6000061035156,306.5400085449219,302.2799987792969,304.5,688900,0.0,0.0
2024-05-09 00:00:00-04:00,289.0,297.3599853515625,274.6000061035156,283.2200012207031,1174200,0.0,0.0
2024-05-10 00:00:00-04:00,285.3299865722656,287.8500061035156,282.8500061035156,283.44000244140625,866300,0.0,0.0
2024-05-13 00:00:00-04:00,284.17999267578125,291.3500061035156,283.42999267578125,287.510009765625,745300,0.0,0.0
2024-05-14 00:00:00-04:00,287.29998779296875,288.45001220703125,279.17999267578125,283.29998779296875,682000,0.0,0.0
2024-05-15 00:00:00-04:00,283.3699951171875,284.1300048828125,278.80999755859375,279.05999755859375,804300,0.0,0.0
2024-05-16 00:00:00-04:00,279.1700134277344,285.7699890136719,278.6099853515625,282.8599853515625,574700,0.0,0.0
2024-05-17 00:00:00-04:00,280.5799865722656,283.17999267578125,278.55999755859375,279.5299987792969,477500,0.0,0.0
2024-05-20 00:00:00-04:00,281.0,282.239990234375,278.55999755859375,278.94000244140625,441100,0.0,0.0
2024-05-21 00:00:00-04:00,277.760009765625,278.2900085449219,272.80999755859375,273.1099853515625,740100,0.0,0.0
2024-05-22 00:00:00-04:00,272.6700134277344,274.5,271.6400146484375,272.7699890136719,414700,0.0,0.0
2024-05-23 00:00:00-04:00,272.6000061035156,274.5299987792969,268.07000732421875,269.95001220703125,309200,0.0,0.0
2024-05-24 00:00:00-04:00,270.6499938964844,271.2699890136719,267.7300109863281,267.92999267578125,396700,0.0,0.0
2024-05-28 00:00:00-04:00,267.510009765625,267.9100036621094,262.8699951171875,263.1600036621094,545400,0.0,0.0
2024-05-29 00:00:00-04:00,261.1300048828125,264.5400085449219,261.1300048828125,264.010009765625,387900,0.0,0.0
2024-05-30 00:00:00-04:00,264.6300048828125,266.94000244140625,262.3500061035156,266.42999267578125,464200,0.0,0.0
2024-05-31 00:00:00-04:00,267.0400085449219,267.8800048828125,263.7699890136719,267.6700134277344,688100,0.0,0.0
2024-06-03 00:00:00-04:00,266.3599853515625,266.3599853515625,258.1600036621094,258.3500061035156,551700,0.0,0.0
2024-06-04 00:00:00-04:00,257.2300109863281,259.25,256.2699890136719,257.9200134277344,659700,0.0,0.0
2024-06-05 00:00:00-04:00,258.6000061035156,260.0,255.11000061035156,258.4200134277344,397300,0.0,0.0
2024-06-06 00:00:00-04:00,257.70001220703125,261.79998779296875,257.1199951171875,261.5,560200,0.0,0.0
2024-06-07 00:00:00-04:00,261.3599853515625,262.3599853515625,258.3299865722656,259.010009765625,287300,0.0,0.0
2024-06-10 00:00:00-04:00,257.3699951171875,260.4800109863281,255.8699951171875,259.19000244140625,426800,0.0,0.0
2024-06-11 00:00:00-04:00,258.1600036621094,259.6000061035156,255.91000366210938,256.6199951171875,350500,0.0,0.0
2024-06-12 00:00:00-04:00,257.0,257.95001220703125,253.0,253.6699981689453,479400,0.0,0.0
2024-06-13 00:00:00-04:00,253.1199951171875,253.1199951171875,247.69000244140625,252.0,546000,0.0,0.0
2024-06-14 00:00:00-04:00,249.66000366210938,251.2100067138672,248.1199951171875,249.66000366210938,325800,0.0,0.0
2024-06-17 00:00:00-04:00,248.75999450683594,252.27999877929688,247.10000610351562,252.10000610351562,282400,0.0,0.0
2024-06-18 00:00:00-04:00,252.10000610351562,253.6199951171875,251.0399932861328,252.4499969482422,376100,0.0,0.0
2024-06-20 00:00:00-04:00,254.41000366210938,262.80999755859375,254.32000732421875,262.45001220703125,729800,0.0,0.0
2024-06-21 00:00:00-04:00,263.25,269.989990234375,260.69000244140625,267.1499938964844,1419600,0.0,0.0
2024-06-24 00:00:00-04:00,267.1700134277344,272.17999267578125,266.9599914550781,269.6700134277344,511500,0.0,0.0
2024-06-25 00:00:00-04:00,270.5799865722656,271.20001220703125,265.6400146484375,270.32000732421875,639600,0.0,0.0
2024-06-26 00:00:00-04:00,267.7699890136719,271.4599914550781,266.4599914550781,270.3399963378906,569200,0.0,0.0
2024-06-27 00:00:00-04:00,269.4200134277344,270.4200134277344,264.760009765625,269.239990234375,613700,0.0,0.0
2024-06-28 00:00:00-04:00,269.94000244140625,271.6499938964844,265.6600036621094,266.4100036621094,931400,0.0,0.0
2024-07-01 00:00:00-04:00,268.010009765625,268.0799865722656,264.0799865722656,266.260009765625,401000,0.0,0.0
2024-07-02 00:00:00-04:00,267.69000244140625,271.4599914550781,264.8699951171875,268.260009765625,554100,0.0,0.0
2024-07-03 00:00:00-04:00,267.5,269.05999755859375,266.29998779296875,267.3900146484375,270300,0.0,0.0
2024-07-05 00:00:00-04:00,267.3900146484375,270.5,266.6099853515625,270.4800109863281,327400,0.0,0.0
2024-07-08 00:00:00-04:00,269.8699951171875,271.5899963378906,269.3500061035156,271.55999755859375,431200,0.0,0.0
2024-07-09 00:00:00-04:00,272.1600036621094,275.45001220703125,269.2799987792969,269.4700012207031,895500,0.0,0.0
2024-07-10 00:00:00-04:00,268.57000732421875,273.510009765625,265.0899963378906,273.2200012207031,676900,0.0,0.0
2024-07-11 00:00:00-04:00,274.3800048828125,280.7300109863281,273.2900085449219,280.4200134277344,596600,0.0,0.0
2024-07-12 00:00:00-04:00,281.6000061035156,288.6400146484375,280.7300109863281,286.5199890136719,536200,0.0,0.0
2024-07-15 00:00:00-04:00,286.57000732421875,292.29998779296875,286.4700012207031,289.6300048828125,371400,0.0,0.0
2024-07-16 00:00:00-04:00,290.1400146484375,293.9700012207031,288.1700134277344,293.6099853515625,348100,0.0,0.0
2024-07-17 00:00:00-04:00,294.0,297.8800048828125,291.0899963378906,297.5199890136719,295200,0.0,0.0
2024-07-18 00:00:00-04:00,296.6099853515625,302.010009765625,293.760009765625,293.9700012207031,332900,0.0,0.0
2024-07-19 00:00:00-04:00,295.0299987792969,295.510009765625,289.8800048828125,291.2300109863281,292300,0.0,0.0
2024-07-22 00:00:00-04:00,292.010009765625,294.04998779296875,288.8500061035156,290.3500061035156,338000,0.0,0.0
2024-07-23 00:00:00-04:00,290.3599853515625,291.7799987792969,288.239990234375,289.3800048828125,225300,0.0,0.0
2024-07-24 00:00:00-04:00,288.989990234375,290.510009765625,285.4100036621094,285.9800109863281,312600,0.0,0.0
2024-07-25 00:00:00-04:00,285.9200134277344,288.8399963378906,284.0199890136719,285.55999755859375,354600,0.0,0.0
2024-07-26 00:00:00-04:00,287.0799865722656,296.44000244140625,285.6600036621094,292.1700134277344,316900,0.0,0.0
2024-07-29 00:00:00-04:00,293.57000732421875,297.2300109863281,291.70001220703125,293.5899963378906,157100,0.0,0.0
2024-07-30 00:00:00-04:00,294.95001220703125,299.05999755859375,294.29998779296875,297.6400146484375,187900,0.0,0.0
2024-07-31 00:00:00-04:00,297.8900146484375,298.0,291.6300048828125,291.82000732421875,423800,0.0,0.0
2024-08-01 00:00:00-04:00,292.75,294.4599914550781,284.6499938964844,284.8999938964844,506100,0.0,0.0
2024-08-02 00:00:00-04:00,282.45001220703125,282.45001220703125,272.0199890136719,274.8999938964844,522000,0.0,0.0
2024-08-05 00:00:00-04:00,271.2099914550781,272.32000732421875,265.05999755859375,265.9100036621094,552100,0.0,0.0
2024-08-06 00:00:00-04:00,265.8500061035156,272.95001220703125,265.2799987792969,270.9700012207031,447700,0.0,0.0
2024-08-07 00:00:00-04:00,272.4800109863281,276.29998779296875,270.0,270.2799987792969,512200,0.0,0.0
2024-08-08 00:00:00-04:00,279.1400146484375,287.05999755859375,274.9800109863281,286.3299865722656,638700,0.0,0.0
2024-08-09 00:00:00-04:00,281.5,284.9200134277344,280.70001220703125,284.0400085449219,474200,0.0,0.0
2024-08-12 00:00:00-04:00,284.3900146484375,285.0199890136719,278.19000244140625,278.25,402200,0.0,0.0
2024-08-13 00:00:00-04:00,279.9800109863281,284.19000244140625,278.2200012207031,284.1300048828125,356400,0.0,0.0
2024-08-14 00:00:00-04:00,284.07000732421875,288.32000732421875,282.5899963378906,288.0,387800,0.0,0.0
2024-08-15 00:00:00-04:00,291.260009765625,294.0199890136719,289.1700134277344,292.75,402900,0.0,0.0
2024-08-16 00:00:00-04:00,292.3800048828125,293.3800048828125,289.32000732421875,293.0899963378906,440100,0.0,0.0
2024-08-19 00:00:00-04:00,293.4100036621094,295.4100036621094,290.92999267578125,294.82000732421875,301900,0.0,0.0
2024-08-20 00:00:00-04:00,294.7300109863281,294.7300109863281,288.3500061035156,289.1400146484375,414800,0.0,0.0
2024-08-21 00:00:00-04:00,288.739990234375,294.69000244140625,287.82000732421875,294.30999755859375,326800,0.0,0.0
2024-08-22 00:00:00-04:00,294.489990234375,298.7699890136719,294.20001220703125,297.17999267578125,375300,0.0,0.0
2024-08-23 00:00:00-04:00,298.8999938964844,298.8999938964844,294.0,297.9599914550781,279700,0.0,0.0
2024-08-26 00:00:00-04:00,299.45001220703125,305.7300109863281,295.7200012207031,300.8900146484375,540200,0.0,0.0
2024-08-27 00:00:00-04:00,300.6700134277344,305.4100036621094,299.45001220703125,303.57000732421875,413300,0.0,0.0
2024-08-28 00:00:00-04:00,303.44000244140625,307.3299865722656,301.6300048828125,303.79998779296875,440000,0.0,0.0
2024-08-29 00:00:00-04:00,306.32000732421875,312.32000732421875,301.8999938964844,311.0199890136719,486700,0.0,0.0
2024-08-30 00:00:00-04:00,311.1199951171875,315.6199951171875,308.25,315.54998779296875,649200,0.0,0.0
2024-09-03 00:00:00-04:00,314.0,317.30999755859375,313.3800048828125,314.3699951171875,949900,0.0,0.0
2024-09-04 00:00:00-04:00,314.55999755859375,315.0,311.8900146484375,311.989990234375,406000,0.0,0.0
2024-09-05 00:00:00-04:00,312.5,312.5,301.30999755859375,304.7900085449219,328400,0.0,0.0
2024-09-06 00:00:00-04:00,306.1000061035156,307.9800109863281,300.989990234375,302.9700012207031,283300,0.0,0.0
2024-09-09 00:00:00-04:00,304.8500061035156,309.9100036621094,302.8999938964844,307.3999938964844,320000,0.0,0.0
2024-09-10 00:00:00-04:00,307.54998779296875,309.95001220703125,301.8399963378906,309.4100036621094,307500,0.0,0.0
2024-09-11 00:00:00-04:00,308.7200012207031,308.7200012207031,300.8299865722656,306.7699890136719,389100,0.0,0.0
2024-09-12 00:00:00-04:00,307.9100036621094,307.9100036621094,303.2900085449219,305.80999755859375,538200,0.0,0.0
2024-09-13 00:00:00-04:00,306.4599914550781,308.54998779296875,304.0,307.42999267578125,494000,0.0,0.0
2024-09-16 00:00:00-04:00,309.19000244140625,310.0,302.3999938964844,307.6300048828125,427700,0.0,0.0
2024-09-17 00:00:00-04:00,308.010009765625,308.6700134277344,305.3900146484375,306.8800048828125,453000,0.0,0.0
2024-09-18 00:00:00-04:00,309.3500061035156,309.5299987792969,305.3800048828125,307.7099914550781,479800,0.0,0.0
2024-09-19 00:00:00-04:00,311.0,313.1700134277344,307.7699890136719,312.7799987792969,471200,0.0,0.0
2024-09-20 00:00:00-04:00,311.04998779296875,312.32000732421875,305.2300109863281,307.2099914550781,888600,0.0,0.0
2024-09-23 00:00:00-04:00,308.3399963378906,312.94000244140625,307.3800048828125,311.8599853515625,356400,0.0,0.0
2024-09-24 00:00:00-04:00,311.8399963378906,313.2300109863281,308.07000732421875,308.6700134277344,376400,0.0,0.0
2024-09-25 00:00:00-04:00,308.6700134277344,308.6700134277344,302.42999267578125,304.7200012207031,324500,0.0,0.0
2024-09-26 00:00:00-04:00,305.0,306.95001220703125,302.9599914550781,306.57000732421875,444500,0.0,0.0
2024-09-27 00:00:00-04:00,308.55999755859375,311.7099914550781,306.239990234375,311.239990234375,280100,0.0,0.0
2024-09-30 00:00:00-04:00,310.1199951171875,312.9599914550781,308.4100036621094,312.760009765625,334800,0.0,0.0
2024-10-01 00:00:00-04:00,313.2300109863281,318.0400085449219,308.6400146484375,314.8500061035156,411000,0.0,0.0
2024-10-02 00:00:00-04:00,313.67999267578125,316.6700134277344,311.1700134277344,316.6499938964844,374700,0.0,0.0
2024-10-03 00:00:00-04:00,316.5400085449219,321.7799987792969,314.3500061035156,318.95001220703125,582700,0.0,0.0
2024-10-04 00:00:00-04:00,323.2699890136719,331.1000061035156,321.0,331.0,1216300,0.0,0.0
2024-10-07 00:00:00-04:00,329.5799865722656,333.3399963378906,327.94000244140625,333.0199890136719,476500,0.0,0.0
2024-10-08 00:00:00-04:00,334.4100036621094,339.92999267578125,333.57000732421875,337.05999755859375,719800,0.0,0.0
2024-10-09 00:00:00-04:00,335.760009765625,337.5,331.4599914550781,334.1000061035156,424500,0.0,0.0
2024-10-10 00:00:00-04:00,336.07000732421875,338.1499938964844,333.8800048828125,335.8699951171875,280400,0.0,0.0
2024-10-11 00:00:00-04:00,337.760009765625,342.95001220703125,337.510009765625,339.32000732421875,278500,0.0,0.0
2024-10-14 00:00:00-04:00,340.3399963378906,343.8299865722656,338.760009765625,338.8699951171875,230100,0.0,0.0
2024-10-15 00:00:00-04:00,338.6600036621094,343.8599853515625,337.2799987792969,342.5400085449219,431400,0.0,0.0
2024-10-16 00:00:00-04:00,342.0,348.2799987792969,341.57000732421875,344.9200134277344,514700,0.0,0.0
2024-10-17 00:00:00-04:00,347.9100036621094,351.1199951171875,346.04998779296875,350.4100036621094,587000,0.0,0.0
2024-10-18 00:00:00-04:00,353.1499938964844,355.4700012207031,349.82000732421875,353.510009765625,433700,0.0,0.0
2024-10-21 00:00:00-04:00,353.5,353.8800048828125,348.3399963378906,348.7900085449219,374800,0.0,0.0
2024-10-22 00:00:00-04:00,348.67999267578125,350.0899963378906,344.6700134277344,348.9700012207031,341800,0.0,0.0
2024-10-23 00:00:00-04:00,348.0,354.95001220703125,346.6099853515625,354.3800048828125,427900,0.0,0.0
2024-10-24 00:00:00-04:00,351.0899963378906,353.8900146484375,342.8299865722656,343.8900146484375,658700,0.0,0.0
2024-10-25 00:00:00-04:00,344.95001220703125,346.2900085449219,338.42999267578125,340.7200012207031,306900,0.0,0.0
2024-10-28 00:00:00-04:00,349.1400146484375,353.19000244140625,334.1700134277344,338.9200134277344,1192200,0.0,0.0
2024-10-29 00:00:00-04:00,338.9200134277344,339.8900146484375,331.010009765625,332.0199890136719,659300,0.0,0.0
2024-10-30 00:00:00-04:00,332.7300109863281,335.75,331.510009765625,331.8800048828125,537200,0.0,0.0
2024-10-31 00:00:00-04:00,331.3699951171875,335.8900146484375,329.42999267578125,329.7200012207031,547600,0.0,0.0
2024-11-01 00:00:00-04:00,329.3599853515625,333.1000061035156,329.0400085449219,329.80999755859375,426400,0.0,0.0
2024-11-04 00:00:00-05:00,330.6300048828125,333.5400085449219,328.70001220703125,329.6700134277344,332400,0.0,0.0
2024-11-05 00:00:00-05:00,328.70001220703125,331.239990234375,328.0899963378906,330.80999755859375,312800,0.0,0.0
2024-11-06 00:00:00-05:00,351.5799865722656,352.2200012207031,340.3299865722656,348.9700012207031,865800,0.0,0.0
2024-11-07 00:00:00-05:00,347.17999267578125,348.7099914550781,343.3399963378906,346.5,587500,0.0,0.0
2024-11-08 00:00:00-05:00,355.8599853515625,375.3500061035156,353.8999938964844,366.010009765625,1210700,0.0,0.0
2024-11-11 00:00:00-05:00,372.1000061035156,375.2300109863281,366.0799865722656,373.1499938964844,785100,0.0,0.0
2024-11-12 00:00:00-05:00,370.17999267578125,375.239990234375,368.42999267578125,374.4800109863281,609500,0.0,0.0
2024-11-13 00:00:00-05:00,374.4800109863281,375.9800109863281,369.8399963378906,370.7699890136719,505100,0.0,0.0
2024-11-14 00:00:00-05:00,371.42999267578125,373.3599853515625,367.30999755859375,370.2799987792969,405400,0.0,0.0
2024-11-15 00:00:00-05:00,368.7300109863281,371.1700134277344,362.82000732421875,363.3599853515625,564400,0.0,0.0
2024-11-18 00:00:00-05:00,363.4599914550781,366.9700012207031,360.67999267578125,364.57000732421875,566500,0.0,0.0
2024-11-19 00:00:00-05:00,358.7900085449219,368.3399963378906,357.7200012207031,368.19000244140625,523000,0.0,0.0
2024-11-20 00:00:00-05:00,368.7900085449219,370.5199890136719,366.3699951171875,369.239990234375,283400,0.0,0.0
2024-11-21 00:00:00-05:00,368.9700012207031,377.9700012207031,367.9200134277344,375.4599914550781,418800,0.0,0.0
2024-11-22 00:00:00-05:00,375.19000244140625,380.0,375.19000244140625,379.8699951171875,299900,0.0,0.0
2024-11-25 00:00:00-05:00,382.4200134277344,385.29998779296875,376.8599853515625,381.5400085449219,516600,0.0,0.0
2024-11-26 00:00:00-05:00,377.3299865722656,382.4800109863281,376.6000061035156,382.1400146484375,325100,0.0,0.0
2024-11-27 00:00:00-05:00,380.9100036621094,384.3699951171875,379.6099853515625,380.6199951171875,455600,0.0,0.0
2024-11-29 00:00:00-05:00,380.8800048828125,382.32000732421875,378.55999755859375,381.17999267578125,212500,0.0,0.0
2024-12-02 00:00:00-05:00,381.7200012207031,384.79998779296875,378.1600036621094,382.989990234375,702800,0.0,0.0
2024-12-03 00:00:00-05:00,381.6600036621094,381.8999938964844,372.7799987792969,374.5799865722656,527200,0.0,0.0
2024-12-04 00:00:00-05:00,374.2699890136719,374.3399963378906,368.32000732421875,371.0,392000,0.0,0.0
2024-12-05 00:00:00-05:00,371.0,372.07000732421875,366.4200134277344,367.5799865722656,427700,0.0,0.0
2024-12-06 00:00:00-05:00,367.75,370.80999755859375,365.3399963378906,365.760009765625,323200,0.0,0.0
2024-12-09 00:00:00-05:00,366.3399963378906,371.0,360.8800048828125,361.7200012207031,612700,0.0,0.0
2024-12-10 00:00:00-05:00,361.7200012207031,362.239990234375,356.0899963378906,357.239990234375,534800,0.0,0.0
2024-12-11 00:00:00-05:00,361.510009765625,365.45001220703125,359.3299865722656,365.0,466700,0.0,0.0
2024-12-12 00:00:00-05:00,365.510009765625,368.1000061035156,360.92999267578125,361.54998779296875,330200,0.0,0.0
2024-12-13 00:00:00-05:00,362.55999755859375,362.55999755859375,356.57000732421875,357.07000732421875,231300,0.0,0.0
2024-12-16 00:00:00-05:00,358.0199890136719,361.42999267578125,356.57000732421875,357.7200012207031,419300,0.0,0.0
2024-12-17 00:00:00-05:00,356.489990234375,359.19000244140625,351.95001220703125,352.1000061035156,381300,0.0,0.0
2024-12-18 00:00:00-05:00,352.1199951171875,354.79998779296875,338.8399963378906,339.1700134277344,471100,0.0,0.0
2024-12-19 00:00:00-05:00,341.05999755859375,345.0,338.1600036621094,339.0899963378906,488900,0.0,0.0
2024-12-20 00:00:00-05:00,335.8800048828125,345.7489929199219,334.70001220703125,343.8299865722656,926078,0.0,0.0
