Date,Open,High,Low,Close,Volume,Dividends,Stock Splits
2022-01-03 00:00:00-05:00,21.134752657825203,21.231294252815477,21.079240550180355,21.118661880493164,24900,0.0,0.0
2022-01-04 00:00:00-05:00,21.11866020496619,21.126705592993897,20.98189167749685,21.10578727722168,7500,0.0,0.0
2022-01-05 00:00:00-05:00,21.00602970883371,21.156475255873374,20.917531967163086,20.917531967163086,25200,0.0,0.0
2022-01-06 00:00:00-05:00,20.91753244582294,21.024533202999798,20.81938115611545,20.92959976196289,6000,0.0,0.0
2022-01-07 00:00:00-05:00,20.925577548263547,21.15566983732109,20.909486770629883,20.909486770629883,15600,0.0,0.0
2022-01-10 00:00:00-05:00,20.91753024925388,20.91753024925388,20.74053631494974,20.845123291015625,21300,0.0,0.0
2022-01-11 00:00:00-05:00,20.837078094482422,20.949711994166716,20.760649208750955,20.837078094482422,29200,0.0,0.0
2022-01-12 00:00:00-05:00,20.804903016630234,20.97385160452338,20.788812236497193,20.869264602661133,12900,0.0,0.0
2022-01-13 00:00:00-05:00,20.909485053386295,20.959365539253486,20.79685268820289,20.837078094482422,10700,0.0,0.0
2022-01-14 00:00:00-05:00,20.837078094482422,20.915920750110807,20.75662574742247,20.837078094482422,18800,0.0,0.0
2022-01-18 00:00:00-05:00,20.837077708825415,20.837077708825415,20.587676818606315,20.788806915283203,27700,0.0,0.0
2022-01-19 00:00:00-05:00,20.71640548129207,20.756630897552323,20.59572769801004,20.73249626159668,16100,0.0,0.0
2022-01-20 00:00:00-05:00,20.756624977298312,20.78880652872863,20.724444960368825,20.740535736083984,11300,0.0,0.0
2022-01-21 00:00:00-05:00,20.756628036499023,20.77271881458571,20.69226645865333,20.756628036499023,5700,0.0,0.0
2022-01-24 00:00:00-05:00,20.756628036499023,20.861216559561434,20.53940867033297,20.756628036499023,10000,0.0,0.0
2022-01-25 00:00:00-05:00,20.71640262578336,20.756628036499023,20.668131826024357,20.756628036499023,6400,0.0,0.0
2022-01-26 00:00:00-05:00,20.756627463438104,20.756627463438104,20.60376967933793,20.716402053833008,6000,0.0,0.0
2022-01-27 00:00:00-05:00,20.62790240136547,20.7003093595513,20.39459228515625,20.39459228515625,9800,0.0,0.0
2022-01-28 00:00:00-05:00,20.394590766643987,20.507223122324223,20.394590766643987,20.442861557006836,8700,0.0,0.0
2022-01-31 00:00:00-05:00,20.458955375237736,20.603769302368164,20.354366856976434,20.603769302368164,27900,0.0,0.0
2022-02-01 00:00:00-05:00,20.676173408912277,20.70030803709845,20.66491017322519,20.692262649536133,2500,0.0,0.0
2022-02-02 00:00:00-05:00,20.676176648035494,20.685026115390162,20.539408107051564,20.652040481567383,10300,0.0,0.0
2022-02-03 00:00:00-05:00,20.59572200374859,20.59572200374859,20.47504425383129,20.539405822753906,4600,0.0,0.0
2022-02-04 00:00:00-05:00,20.531362714447948,20.732492831475454,20.4348195830943,20.716402053833008,11400,0.0,0.0
2022-02-07 00:00:00-05:00,20.71640068126585,20.71640068126585,20.51527057756424,20.697092056274414,13500,0.0,0.0
2022-02-08 00:00:00-05:00,20.61985740375773,20.61985740375773,20.44286346623009,20.57158660888672,14700,0.0,0.0
2022-02-09 00:00:00-05:00,20.676176948875153,20.676176948875153,20.40263986292731,20.479068756103516,10000,0.0,0.0
2022-02-10 00:00:00-05:00,20.386549203804233,20.42677461423634,20.174155844960527,20.1854190826416,11500,0.0,0.0
2022-02-11 00:00:00-05:00,20.113010597805538,20.464586244023312,20.113010597805538,20.233688354492188,20700,0.0,0.0
2022-02-14 00:00:00-05:00,20.354369826685755,20.354369826685755,19.734890153413616,19.855567932128906,15700,0.0,0.0
2022-02-15 00:00:00-05:00,19.990722570663227,20.074392765982854,19.75419460406808,19.807292938232422,19400,0.0,0.0
2022-02-16 00:00:00-05:00,19.911078112148097,20.113012313842773,19.710752067565917,20.113012313842773,21500,0.0,0.0
2022-02-17 00:00:00-05:00,20.016469008753567,20.016469008753567,19.84752044331945,19.863611221313477,5500,0.0,0.0
2022-02-18 00:00:00-05:00,19.895789527832157,20.635948372245892,19.895789527832157,20.49917984008789,44300,0.0,0.0
2022-02-22 00:00:00-05:00,20.27391452652202,20.27391452652202,20.1773714041382,20.201507568359375,21900,0.0,0.0
2022-02-23 00:00:00-05:00,20.153232349856832,20.161277736776814,19.96819305419922,19.96819305419922,13200,0.0,0.0
2022-02-24 00:00:00-05:00,19.96819706546757,20.063934580396264,19.75097617849408,19.767066955566406,8900,0.0,0.0
2022-02-25 00:00:00-05:00,20.064741513949848,20.386549404071122,19.77511364559017,20.113012313842773,5200,0.0,0.0
2022-02-28 00:00:00-05:00,20.265871047973633,20.265871047973633,20.113011729171642,20.265871047973633,10800,0.0,0.0
2022-03-01 00:00:00-05:00,20.410683637413022,20.434818267822266,20.273915105257284,20.434818267822266,5700,0.0,0.0
2022-03-02 00:00:00-05:00,20.402637769986768,20.475044728515968,20.273914629157268,20.42275047302246,3800,0.0,0.0
2022-03-03 00:00:00-05:00,20.418728632042875,20.418728632042875,20.16289202150521,20.402639389038086,8600,0.0,0.0
2022-03-04 00:00:00-05:00,20.354368431011697,20.39459537749262,20.16932908070276,20.357587814331055,5600,0.0,0.0
2022-03-07 00:00:00-05:00,20.233690080825617,20.257022169466364,20.096921535711445,20.113012313842773,6700,0.0,0.0
2022-03-08 00:00:00-05:00,20.048648270379697,20.418726914884278,19.791201989941573,20.39459228515625,10300,0.0,0.0
2022-03-09 00:00:00-05:00,20.322186479341045,20.394593441632715,20.153236389160156,20.153236389160156,2400,0.0,0.0
2022-03-10 00:00:00-05:00,20.153232306227494,20.34631852288773,20.153232306227494,20.261842727661133,4200,0.0,0.0
2022-03-11 00:00:00-05:00,20.177370609628657,20.273913728210967,20.153234446357875,20.222423553466797,11200,0.0,0.0
2022-03-14 00:00:00-04:00,20.401283796487625,20.401283796487625,20.009265899658203,20.009265899658203,10500,0.375,0.0
2022-03-15 00:00:00-04:00,20.009265495427496,20.344114303588867,19.968430882818787,20.344114303588867,18500,0.0,0.0
2022-03-16 00:00:00-04:00,20.148103617446232,20.4176160874915,20.123601917354666,20.29511070251465,6400,0.0,0.0
2022-03-17 00:00:00-04:00,20.23794432819173,20.41761881295912,20.23794432819173,20.389034271240234,11400,0.0,0.0
2022-03-18 00:00:00-04:00,20.417623115159678,20.621799346311274,20.395571733261317,20.589130401611328,32900,0.0,0.0
2022-03-21 00:00:00-04:00,20.425784366574923,20.605458836556895,20.417617132792937,20.55482292175293,16500,0.0,0.0
2022-03-22 00:00:00-04:00,20.417620872972225,20.515626138568464,20.278780988726382,20.49602508544922,8800,0.0,0.0
2022-03-23 00:00:00-04:00,20.491121205337986,20.55645751953125,20.23385878669049,20.55645751953125,16300,0.0,0.0
2022-03-24 00:00:00-04:00,20.417619705200195,20.523790642261304,20.351467128294317,20.417619705200195,5200,0.0,0.0
2022-03-25 00:00:00-04:00,20.425786940011168,20.49030700459931,20.376785088886102,20.417619705200195,11700,0.0,0.0
2022-03-28 00:00:00-04:00,20.417615876557008,20.531954026988778,20.417615876557008,20.499286651611328,1900,0.0,0.0
2022-03-29 00:00:00-04:00,20.458454321514292,20.48948919069968,20.39311800076728,20.417619705200195,11800,0.0,0.0
2022-03-30 00:00:00-04:00,20.482953840191843,20.540122920027315,20.384948590659178,20.523788452148438,7800,0.0,0.0
2022-03-31 00:00:00-04:00,20.523790642261304,20.523790642261304,20.3196144452093,20.417619705200195,13300,0.0,0.0
2022-04-01 00:00:00-04:00,20.580959089724505,20.580959089724505,20.278777664927674,20.523788452148438,6400,0.0,0.0
2022-04-04 00:00:00-04:00,20.499290527719157,20.499290527719157,20.4257869720459,20.4257869720459,1000,0.0,0.0
2022-04-05 00:00:00-04:00,20.482953926653185,20.540123006729978,20.458452224731445,20.458452224731445,3600,0.0,0.0
2022-04-06 00:00:00-04:00,20.417617852477036,20.417617852477036,20.017432729497358,20.344114303588867,18700,0.0,0.0
2022-04-07 00:00:00-04:00,20.376785088886102,20.43395417482214,20.344116149642215,20.417619705200195,10100,0.0,0.0
2022-04-08 00:00:00-04:00,20.417619705200195,20.56462681631616,20.417619705200195,20.417619705200195,1800,0.0,0.0
2022-04-11 00:00:00-04:00,20.4176160874915,20.4176160874915,20.254274535695373,20.29511070251465,4600,0.0,0.0
2022-04-12 00:00:00-04:00,20.041936684071725,20.36861829487656,20.041936684071725,20.08277130126953,17300,0.0,0.0
2022-04-13 00:00:00-04:00,20.311449304247752,20.311449304247752,20.10727310180664,20.10727310180664,4000,0.0,0.0
2022-04-14 00:00:00-04:00,20.050100545755917,20.292662573930436,20.017433166503906,20.017433166503906,9000,0.0,0.0
2022-04-18 00:00:00-04:00,20.09093697920479,20.09093697920479,19.731586456298828,19.731586456298828,27600,0.0,0.0
2022-04-19 00:00:00-04:00,19.805091857910156,19.90717996027052,19.73158829959143,19.805091857910156,4400,0.0,0.0
2022-04-20 00:00:00-04:00,19.76425606561416,19.76425606561416,19.192562103271484,19.192562103271484,55800,0.0,0.0
2022-04-21 00:00:00-04:00,19.192559606271665,19.225228540550983,19.110888828313893,19.132123947143555,21400,0.0,0.0
2022-04-22 00:00:00-04:00,19.192562794984546,19.192562794984546,18.743375778198242,18.743375778198242,21400,0.0,0.0
2022-04-25 00:00:00-04:00,18.743376842506816,19.176229414018348,18.743376842506816,19.159894943237305,2400,0.0,0.0
2022-04-26 00:00:00-04:00,19.009613775662643,19.168054653002912,18.98838021817655,19.102718353271484,4700,0.0,0.0
2022-04-27 00:00:00-04:00,19.16805871977297,19.190926351643643,18.988384246826172,18.988384246826172,5900,0.0,0.0
2022-04-28 00:00:00-04:00,19.18439501719808,19.192562251893733,18.759708159468612,18.963884353637695,13200,0.0,0.0
2022-04-29 00:00:00-04:00,18.874045814298825,19.437570926733276,18.874045814298825,19.266063690185547,39500,0.0,0.0
2022-05-02 00:00:00-04:00,19.351817275251083,19.351817275251083,18.906713159307916,19.257896423339844,20800,0.0,0.0
2022-05-03 00:00:00-04:00,19.225230704250983,19.372236251831055,19.045554660974176,19.372236251831055,1500,0.0,0.0
2022-05-04 00:00:00-04:00,19.429403521394093,19.429403521394093,18.67803521394852,19.143556594848633,18900,0.0,0.0
2022-05-05 00:00:00-04:00,19.03738784790039,19.470241938955432,19.02922061323059,19.03738784790039,11700,0.0,0.0
2022-05-06 00:00:00-04:00,19.257898575804198,19.3420196912206,19.02922067749964,19.053722381591797,10600,0.0,0.0
2022-05-09 00:00:00-04:00,19.04555314138079,19.274231015605366,18.98838406225979,19.029218673706055,17300,0.0,0.0
2022-05-10 00:00:00-04:00,19.070054842892894,19.184393001134893,19.029218673706055,19.029218673706055,9900,0.0,0.0
2022-05-11 00:00:00-04:00,19.029220526104798,19.192562103271484,19.029220526104798,19.192562103271484,5500,0.0,0.0
2022-05-12 00:00:00-04:00,19.176225767297527,19.176225767297527,19.029218673706055,19.029218673706055,3700,0.0,0.0
2022-05-13 00:00:00-04:00,19.176227634006672,19.192562103271484,19.070056699266832,19.192562103271484,4100,0.0,0.0
2022-05-16 00:00:00-04:00,19.192562251893733,19.192562251893733,18.935299811073286,18.963884353637695,9400,0.0,0.0
2022-05-17 00:00:00-04:00,19.057805192059448,19.15826077672297,19.057805192059448,19.135393142700195,2500,0.0,0.0
2022-05-18 00:00:00-04:00,19.131310948212747,19.176229965281475,18.906717420610025,18.915700912475586,16000,0.0,0.0
2022-05-19 00:00:00-04:00,18.915700912475586,18.915700912475586,18.915700912475586,18.915700912475586,0,0.0,0.0
2022-05-20 00:00:00-04:00,18.93938226602632,19.052086354696502,18.38402282557161,18.889562606811523,4500,0.0,0.0
2022-05-23 00:00:00-04:00,18.469776948451386,18.865879233824668,18.469776948451386,18.735206604003906,8100,0.0,0.0
2022-05-24 00:00:00-04:00,18.849546526090506,18.86588099577879,18.638019349527262,18.784210205078125,8900,0.0,0.0
2022-05-25 00:00:00-04:00,18.98021635065905,19.18112593632746,18.98021635065905,19.12558937072754,2100,0.0,0.0
2022-05-26 00:00:00-04:00,19.110891314688143,19.192562103271484,18.882214975943654,19.192562103271484,12900,0.0,0.0
2022-05-27 00:00:00-04:00,19.19256145081022,19.731586456298828,19.172144143793666,19.731586456298828,11600,0.0,0.0
2022-05-31 00:00:00-04:00,19.771606282639215,20.00110044450802,19.600915277847527,19.976598739624023,16700,0.0,0.0
2022-06-01 00:00:00-04:00,19.842654409071546,20.0092625323956,19.842654409071546,19.970876693725586,3300,0.0,0.0
2022-06-02 00:00:00-04:00,19.946383443394396,20.21344566345215,19.920249223857123,20.21344566345215,9200,0.0,0.0
2022-06-03 00:00:00-04:00,20.2052754144831,20.373516082763672,20.152189169338676,20.373516082763672,5000,0.0,0.0
2022-06-06 00:00:00-04:00,20.376783604048875,20.376783604048875,20.03376755568714,20.172607421875,6900,0.0,0.0
2022-06-07 00:00:00-04:00,20.041934836597648,20.213442082307775,19.866343194899763,20.009265899658203,13600,0.0,0.0
2022-06-08 00:00:00-04:00,20.009266284642475,20.172607857001136,19.666250228881836,19.666250228881836,9700,0.0,0.0
2022-06-09 00:00:00-04:00,19.764257049880268,19.927597077440613,19.72342087468458,19.84592628479004,2300,0.0,0.0
2022-06-10 00:00:00-04:00,19.84592453246713,19.85409176678513,19.24728012084961,19.24728012084961,10100,0.0,0.0
2022-06-13 00:00:00-04:00,19.51107454599318,19.51107454599318,19.110889434814453,19.110889434814453,8200,0.0,0.0
2022-06-14 00:00:00-04:00,19.18974387668882,19.18974387668882,18.525737972492703,18.55893898010254,13100,0.375,0.0
2022-06-15 00:00:00-04:00,20.384948694908815,20.384948694908815,18.600435955867866,19.57901382446289,7500,0.0,0.0
2022-06-16 00:00:00-04:00,18.675136249115063,19.553283124452058,18.55063565740981,18.799636840820312,7100,0.0,0.0
2022-06-17 00:00:00-04:00,18.965641774316154,19.00714145060712,18.799639902929943,18.882640838623047,6000,0.0,0.0
2022-06-21 00:00:00-04:00,19.106741454144863,19.106741454144863,18.810428975037972,18.832008361816406,2800,0.0,0.0
2022-06-22 00:00:00-04:00,19.733398839789746,19.733398839789746,19.311756134033203,19.311756134033203,900,0.0,0.0
2022-06-23 00:00:00-04:00,19.0942884069831,19.30594083542504,18.88263756165206,19.21463966369629,7900,0.0,0.0
2022-06-24 00:00:00-04:00,19.181442478747595,19.198041398449593,19.09014129638672,19.09014129638672,4400,0.0,0.0
2022-06-27 00:00:00-04:00,19.505141897465936,19.629642486572266,19.35989147402703,19.629642486572266,2200,0.0,0.0
2022-06-28 00:00:00-04:00,19.380642903358094,19.380642903358094,19.106740951538086,19.106740951538086,3700,0.0,0.0
2022-06-29 00:00:00-04:00,19.256143324632504,19.54664421081543,19.256143324632504,19.54664421081543,1100,0.0,0.0
2022-06-30 00:00:00-04:00,19.090142288880614,19.41384419500954,18.816240310668945,18.816240310668945,14600,0.0,0.0
2022-07-01 00:00:00-04:00,18.982241859705347,18.982241859705347,18.841140747070312,18.841140747070312,5300,0.0,0.0
2022-07-05 00:00:00-04:00,18.824538226072157,19.422142036240285,18.824538226072157,19.098440170288086,7000,0.0,0.0
2022-07-06 00:00:00-04:00,19.29349464640466,19.339143657191013,19.131642109010375,19.272743225097656,4600,0.0,0.0
2022-07-07 00:00:00-04:00,19.326691309560857,19.339140894077364,19.206340048864803,19.28934097290039,2800,0.0,0.0
2022-07-08 00:00:00-04:00,19.090143595394807,19.256145477294922,19.090143595394807,19.256145477294922,8100,0.0,0.0
2022-07-11 00:00:00-04:00,19.210493084894505,19.31092407157616,19.090141810922454,19.198041915893555,3800,0.0,0.0
2022-07-12 00:00:00-04:00,19.23124005203087,19.25614080320505,19.03618812561035,19.03618812561035,2800,0.0,0.0
2022-07-13 00:00:00-04:00,19.065241859883177,19.090142615823847,19.048642939033925,19.074373245239258,5600,0.0,0.0
2022-07-14 00:00:00-04:00,19.71264244676201,19.71264244676201,19.23953928133745,19.57984161376953,2600,0.0,0.0
2022-07-15 00:00:00-04:00,19.546642962145715,19.546642962145715,18.849437713623047,18.849437713623047,19100,0.0,0.0
2022-07-18 00:00:00-04:00,19.06524129230195,19.33499393273936,18.96564143772679,19.00714111328125,4700,0.0,0.0
2022-07-19 00:00:00-04:00,19.007138152029786,19.422141175362796,19.007138152029786,19.21463966369629,3300,0.0,0.0
2022-07-20 00:00:00-04:00,19.42214277382296,19.42214277382296,19.171480889105453,19.339141845703125,2600,0.0,0.0
2022-07-21 00:00:00-04:00,19.25614365309416,19.422143936157227,19.131641461907957,19.422143936157227,3200,0.0,0.0
2022-07-22 00:00:00-04:00,19.496843993588428,19.496843993588428,19.23539161682129,19.23539161682129,4400,0.0,0.0
2022-07-25 00:00:00-04:00,19.380644237357426,19.6462459564209,19.380644237357426,19.6462459564209,4400,0.0,0.0
2022-07-26 00:00:00-04:00,19.679442069758306,19.679442069758306,19.27273930795897,19.318389892578125,8000,0.0,0.0
2022-07-27 00:00:00-04:00,19.505146717033824,19.596447910390015,19.181444788750998,19.256145477294922,14100,0.0,0.0
2022-07-28 00:00:00-04:00,19.29764175415039,19.505143278388566,19.29764175415039,19.29764175415039,9200,0.0,0.0
2022-07-29 00:00:00-04:00,19.430444641383595,20.044649027588985,19.330844785842807,19.978248596191406,19900,0.0,0.0
2022-08-01 00:00:00-04:00,20.077848010814545,20.077848010814545,19.978246582203322,20.023897171020508,13600,0.0,0.0
2022-08-02 00:00:00-04:00,20.169148145670988,20.484551358797034,19.920146942138672,19.920146942138672,9800,0.0,0.0
2022-08-03 00:00:00-04:00,20.326851004541737,20.493682422768828,20.293651580810547,20.293651580810547,7800,0.0,0.0
2022-08-04 00:00:00-04:00,20.335149243041936,20.49285084370803,19.787345349266012,20.115198135375977,6200,0.0,0.0
2022-08-05 00:00:00-04:00,19.80394808688333,19.986548877720367,19.7043466480833,19.754146575927734,2000,0.0,0.0
2022-08-08 00:00:00-04:00,19.74584641471322,19.754145082800733,19.372343026333496,19.623004913330078,11500,0.0,0.0
2022-08-09 00:00:00-04:00,19.471943654836227,19.771575927734375,19.471943654836227,19.771575927734375,2300,0.0,0.0
2022-08-10 00:00:00-04:00,19.55909607498158,19.969948247539552,19.55909607498158,19.911848068237305,5000,0.0,0.0
2022-08-11 00:00:00-04:00,19.920146840327888,19.961646513000822,19.76244523457087,19.85374641418457,4100,0.0,0.0
2022-08-12 00:00:00-04:00,19.829674683678803,19.945045471191406,19.829674683678803,19.945045471191406,1300,0.0,0.0
2022-08-15 00:00:00-04:00,19.6877457294221,19.953349032919657,19.6877457294221,19.712646484375,3500,0.0,0.0
2022-08-16 00:00:00-04:00,19.712643737438395,20.028045340668612,19.712643737438395,19.953346252441406,9700,0.0,0.0
2022-08-17 00:00:00-04:00,19.97990791641708,19.97990791641708,19.72592624407467,19.7624454498291,10700,0.0,0.0
2022-08-18 00:00:00-04:00,20.052947795104046,20.077848548701695,19.878647269253634,19.920146942138672,6700,0.0,0.0
2022-08-19 00:00:00-04:00,19.754143075678595,19.9193153664587,19.52091126496321,19.629642486572266,8800,0.0,0.0
2022-08-22 00:00:00-04:00,20.185748462925584,20.185748462925584,19.339141845703125,19.339141845703125,9300,0.0,0.0
2022-08-23 00:00:00-04:00,19.781536895510847,19.781536895510847,19.06524085998535,19.06524085998535,6300,0.0,0.0
2022-08-24 00:00:00-04:00,19.447043547364636,19.538344726702263,19.015439987182617,19.015439987182617,7200,0.0,0.0
2022-08-25 00:00:00-04:00,18.915839401847787,19.33914111127252,18.915839401847787,19.098440170288086,21800,0.0,0.0
2022-08-26 00:00:00-04:00,19.378153529438272,19.380643763171342,19.09014129638672,19.09014129638672,7100,0.0,0.0
2022-08-29 00:00:00-04:00,19.090140867660924,19.24784247462139,19.048641194671298,19.14824104309082,5300,0.0,0.0
2022-08-30 00:00:00-04:00,19.056939060480072,19.22294091167197,18.89923904326985,19.211320877075195,8200,0.0,0.0
2022-08-31 00:00:00-04:00,19.164842295413127,19.20385173625197,18.965641007668687,19.06524085998535,14200,0.0,0.0
2022-09-01 00:00:00-04:00,19.007140693371333,19.007140693371333,18.84114041170967,18.953189849853516,10400,0.0,0.0
2022-09-02 00:00:00-04:00,19.023742450183605,19.11504364013672,18.978091855207047,19.11504364013672,1200,0.0,0.0
2022-09-06 00:00:00-04:00,19.139941221714885,19.139941221714885,18.965640691510764,19.09014129638672,7900,0.0,0.0
2022-09-07 00:00:00-04:00,19.069391135099934,19.228751843306362,19.069391135099934,19.227092742919922,1000,0.0,0.0
2022-09-08 00:00:00-04:00,19.281042098999023,19.281042098999023,19.281042098999023,19.281042098999023,200,0.0,0.0
2022-09-09 00:00:00-04:00,18.841140759820842,19.55494499206543,18.841140759820842,19.55494499206543,3600,0.0,0.0
2022-09-12 00:00:00-04:00,19.588141863720413,19.588141863720413,19.189739364742973,19.57984161376953,5600,0.0,0.0
2022-09-13 00:00:00-04:00,19.388942394948888,19.83714485168457,19.33914089066974,19.83714485168457,4000,0.0,0.0
2022-09-14 00:00:00-04:00,20.113729854389604,20.153361125706002,19.520933465223514,19.740175247192383,21000,0.375,0.0
2022-09-15 00:00:00-04:00,19.48720507860058,20.102767623435472,19.48720507860058,19.5715274810791,18500,0.0,0.0
2022-09-16 00:00:00-04:00,19.520931408361864,20.060604048785674,19.343852454091465,19.748605728149414,13400,0.0,0.0
2022-09-19 00:00:00-04:00,19.72330782296556,19.72330782296556,19.183636796974312,19.445039749145508,14100,0.0,0.0
2022-09-20 00:00:00-04:00,19.800045409700456,19.800045409700456,19.343853960999535,19.453474044799805,4400,0.0,0.0
2022-09-21 00:00:00-04:00,19.605253500982194,19.807630118313348,19.082446033283592,19.512496948242188,15000,0.0,0.0
2022-09-22 00:00:00-04:00,19.394449177455932,19.394449177455932,18.399429353624882,18.49724578857422,165800,0.0,0.0
2022-09-23 00:00:00-04:00,18.466889268216956,18.686131072788008,17.918785560962764,18.129594802856445,41800,0.0,0.0
2022-09-26 00:00:00-04:00,18.551212983261564,18.551212983261564,17.969379034813063,18.20042610168457,37100,0.0,0.0
2022-09-27 00:00:00-04:00,18.14645747019032,19.048720645944087,18.14645747019032,18.846343994140625,25100,0.0,0.0
2022-09-28 00:00:00-04:00,19.04872382637208,20.018446047967853,18.928141232145375,19.563098907470703,47500,0.0,0.0
2022-09-29 00:00:00-04:00,19.35228802926813,19.70644760131836,18.88850675653626,19.70644760131836,55500,0.0,0.0
2022-09-30 00:00:00-04:00,19.70644666114676,19.70644666114676,19.048721313476562,19.048721313476562,331200,0.0,0.0
2022-10-03 00:00:00-04:00,19.183637459852772,19.183637459852772,18.517479606822953,18.955963134765625,8200,0.0,0.0
2022-10-04 00:00:00-04:00,19.158342791945536,19.38601715286764,19.12461415052013,19.29326057434082,12700,0.0,0.0
2022-10-05 00:00:00-04:00,18.93488517491137,19.31012535095215,18.660832529668628,19.31012535095215,9900,0.0,0.0
2022-10-06 00:00:00-04:00,19.267962294661274,19.310123493714283,18.804181063344945,18.930667877197266,3500,0.0,0.0
2022-10-07 00:00:00-04:00,18.593372005006795,18.69456113525536,17.56462362115529,17.60678482055664,23700,0.0,0.0
2022-10-10 00:00:00-04:00,17.598353017970506,18.352205970637648,16.864736282029718,17.412839889526367,17600,0.0,0.0
2022-10-11 00:00:00-04:00,17.311652688366546,17.676773103258267,17.083978358401954,17.176734924316406,6000,0.0,0.0
2022-10-12 00:00:00-04:00,17.366461217740273,17.467650340834428,16.96170794205674,17.117706298828125,7900,0.0,0.0
2022-10-13 00:00:00-04:00,16.91532942979588,17.286354064941406,16.611765281355474,17.286354064941406,15600,0.0,0.0
2022-10-14 00:00:00-04:00,16.803181618101092,17.286356319554663,16.738252660360082,17.26949119567871,18600,0.0,0.0
2022-10-17 00:00:00-04:00,17.445724716548632,17.696166781743162,16.48527809376696,17.227327346801758,10500,0.0,0.0
2022-10-18 00:00:00-04:00,17.817594910016442,17.817594910016442,17.126140912429776,17.657381057739258,5000,0.0,0.0
2022-10-19 00:00:00-04:00,17.508969636639087,17.859756469726562,17.336948922975555,17.859756469726562,6900,0.0,0.0
2022-10-20 00:00:00-04:00,17.724840689590174,17.724840689590174,16.48528137070146,17.168304443359375,15800,0.0,0.0
2022-10-21 00:00:00-04:00,16.997969882983963,17.58148932987141,16.493712978940255,17.2020320892334,22800,0.0,0.0
2022-10-24 00:00:00-04:00,17.117706298828125,17.241663175661785,16.99965366217373,17.117706298828125,226500,0.0,0.0
2022-10-25 00:00:00-04:00,17.360560012969852,17.488732376642883,16.955806704015036,17.45500373840332,8800,0.0,0.0
2022-10-26 00:00:00-04:00,17.353813491028596,17.497163813108408,17.294787171645126,17.452472686767578,15700,0.0,0.0
2022-10-27 00:00:00-04:00,17.30322042710289,17.615217158748795,17.286355304217533,17.539325714111328,13800,0.0,0.0
2022-10-28 00:00:00-04:00,17.66581481374714,18.5992768085744,17.49716677976011,18.22235107421875,18400,0.0,0.0
2022-10-31 00:00:00-04:00,18.433159829111414,18.770454279892927,18.298242048798805,18.54277992248535,73200,0.0,0.0
2022-11-01 00:00:00-04:00,18.551211698847027,18.58494194666955,18.12959325114596,18.424726486206055,8400,0.0,0.0
2022-11-02 00:00:00-04:00,18.357265711377227,18.71142523536461,18.188617706298828,18.188617706298828,11900,0.0,0.0
2022-11-03 00:00:00-04:00,18.12959142011041,18.213915422803492,17.761096702434628,17.809162139892578,5800,0.0,0.0
2022-11-04 00:00:00-04:00,17.724839093985807,18.203796688780532,17.707973970867496,18.061290740966797,7500,0.0,0.0
2022-11-07 00:00:00-05:00,17.77543239370469,18.298239938378337,17.70797351132873,18.01997184753418,7200,0.0,0.0
2022-11-08 00:00:00-05:00,18.382563676427903,18.534346574935768,18.20548470039989,18.424726486206055,8300,0.0,0.0
2022-11-09 00:00:00-05:00,18.433161232803208,18.433161232803208,18.01154273513321,18.256080627441406,18700,0.0,0.0
2022-11-10 00:00:00-05:00,18.298243505752367,19.141480504020272,18.298243505752367,19.01499366760254,9900,0.0,0.0
2022-11-11 00:00:00-05:00,19.34806780262043,19.34806780262043,18.361480698402136,18.669261932373047,3500,0.0,0.0
2022-11-14 00:00:00-05:00,18.930668945116686,18.955965022636835,18.340402474996495,18.424726486206055,4700,0.0,0.0
2022-11-15 00:00:00-05:00,18.787317795856538,19.38095533506313,18.762020111083984,18.762020111083984,4200,0.0,0.0
2022-11-16 00:00:00-05:00,18.99643960505542,19.082449158796084,18.762019864291936,18.930667877197266,3500,0.0,0.0
2022-11-17 00:00:00-05:00,19.141474808048407,19.141474808048407,18.551208441568992,18.711423873901367,11600,0.0,0.0
2022-11-18 00:00:00-05:00,18.888504125056276,18.97282812729133,18.348833084106445,18.348833084106445,5400,0.0,0.0
2022-11-21 00:00:00-05:00,18.954279636250135,18.954279636250135,18.367385864257812,18.367385864257812,4400,0.0,0.0
2022-11-22 00:00:00-05:00,18.340401312927323,18.559643084842072,18.003106897807182,18.011539459228516,22400,0.0,0.0
2022-11-23 00:00:00-05:00,18.365698544262482,18.54615020751953,18.087430457607592,18.54615020751953,11000,0.0,0.0
2022-11-25 00:00:00-05:00,18.44580486926387,18.660829544067383,18.21391507257672,18.660829544067383,2000,0.0,0.0
2022-11-28 00:00:00-05:00,18.601803903303633,18.601803903303633,18.07899797264241,18.1717529296875,11000,0.0,0.0
2022-11-29 00:00:00-05:00,18.12959421497308,18.360641278130977,17.8606014251709,17.8606014251709,22100,0.0,0.0
2022-11-30 00:00:00-05:00,17.876620859912624,18.509048461914062,17.834458054771257,18.509048461914062,25200,0.0,0.0
2022-12-01 00:00:00-05:00,18.306670344845763,18.62963116198664,18.112726264848206,18.188617706298828,19700,0.0,0.0
2022-12-02 00:00:00-05:00,18.05370394156144,18.44159379575824,17.87662494454657,18.256080627441406,20500,0.0,0.0
2022-12-05 00:00:00-05:00,18.095861366100912,18.21391561445204,17.893484722516032,18.063819885253906,13300,0.0,0.0
2022-12-06 00:00:00-05:00,18.04526822018598,18.167537949112962,17.895172485889955,17.927215576171875,13900,0.0,0.0
2022-12-07 00:00:00-05:00,17.960947977898485,18.095865773146123,17.64051861627209,17.824344635009766,20900,0.0,0.0
2022-12-08 00:00:00-05:00,17.918781280517578,18.17175166702158,17.81759216090808,17.918781280517578,13200,0.0,0.0
2022-12-09 00:00:00-05:00,17.876624024764013,17.952515479107625,17.320087765142105,17.834461212158203,19000,0.0,0.0
2022-12-12 00:00:00-05:00,17.522458901354558,17.74170063255684,17.29478461029684,17.370676040649414,16100,0.0,0.0
2022-12-13 00:00:00-05:00,17.539325769850887,17.960944193244867,17.539325769850887,17.878307342529297,12500,0.0,0.0
2022-12-14 00:00:00-05:00,18.001063769016834,18.0182325590694,17.451675585782294,17.812211990356445,19700,0.375,0.0
2022-12-15 00:00:00-05:00,17.958140759678958,17.958140759678958,17.717782646617344,17.829378128051758,12200,0.0,0.0
2022-12-16 00:00:00-05:00,17.77787098513123,17.79418182373047,17.503176946437062,17.79418182373047,8600,0.0,0.0
2022-12-19 00:00:00-05:00,17.68344838562851,17.68344838562851,17.322912000503734,17.589021682739258,15000,0.0,0.0
2022-12-20 00:00:00-05:00,17.686021537367075,17.769288352622116,17.305740931123243,17.40445899963379,16900,0.0,0.0
2022-12-21 00:00:00-05:00,17.746971885705534,17.760707245199256,17.520349096547708,17.5272159576416,16500,0.0,0.0
2022-12-22 00:00:00-05:00,17.43450585406376,17.595030594042562,17.04821792258074,17.08255386352539,19100,0.0,0.0
2022-12-23 00:00:00-05:00,17.09113790990662,17.503179016683397,16.747770320925977,17.25423812866211,17900,0.0,0.0
2022-12-27 00:00:00-05:00,16.996711773182096,17.16582090989229,16.475652278725736,16.816444396972656,24800,0.0,0.0
2022-12-28 00:00:00-05:00,16.782106241232274,16.782106241232274,16.438738652659584,16.67652130126953,16900,0.0,0.0
2022-12-29 00:00:00-05:00,16.67480322633917,16.71343218113162,16.473075695583717,16.558917999267578,13100,0.0,0.0
2022-12-30 00:00:00-05:00,16.47307543600548,16.63617400939842,16.47307543600548,16.49882698059082,24100,0.0,0.0
2023-01-03 00:00:00-05:00,16.77352067858393,17.155517159309078,16.77352067858393,16.91086769104004,12500,0.0,0.0
2023-01-04 00:00:00-05:00,16.953788420630442,17.382998254064123,16.953788420630442,17.365829467773438,8400,0.0,0.0
2023-01-05 00:00:00-05:00,17.1683912927243,17.65769018259808,17.1683912927243,17.30144691467285,8700,0.0,0.0
2023-01-06 00:00:00-05:00,17.589023205202356,18.06115512320935,17.503180889445993,17.820796966552734,15700,0.0,0.0
2023-01-09 00:00:00-05:00,17.975309936385568,18.115232446647,17.855130058599734,18.10407257080078,21600,0.0,0.0
2023-01-10 00:00:00-05:00,18.026816209721257,18.3701838100643,17.97960285767924,18.275758743286133,21900,0.0,0.0
2023-01-11 00:00:00-05:00,18.301505885902547,18.498942003925333,18.241416774965654,18.327259063720703,7500,0.0,0.0
2023-01-12 00:00:00-05:00,18.387352928672463,18.996830225532108,18.387352928672463,18.670631408691406,12000,0.0,0.0
2023-01-13 00:00:00-05:00,18.670630094232166,18.75647239913807,18.24142020700844,18.619125366210938,15400,0.0,0.0
2023-01-17 00:00:00-05:00,18.76505792147032,18.81656265258789,18.64058665373913,18.81656265258789,1400,0.0,0.0
2023-01-18 00:00:00-05:00,18.99682734930972,19.013996136361335,18.820851375294787,18.893817901611328,9300,0.0,0.0
2023-01-19 00:00:00-05:00,18.8423150678697,18.971077709061934,18.765057155693192,18.953908920288086,4000,0.0,0.0
2023-01-20 00:00:00-05:00,18.8852338941648,19.228601455688477,18.8852338941648,19.228601455688477,10100,0.0,0.0
2023-01-23 00:00:00-05:00,19.254354305028905,20.194323295498588,19.254354305028905,19.400285720825195,5300,0.0,0.0
2023-01-24 00:00:00-05:00,19.477543437285963,19.81232659610478,19.27152290591241,19.726484298706055,15600,0.0,0.0
2023-01-25 00:00:00-05:00,19.62347412109375,19.62347412109375,19.035455470052987,19.62347412109375,8800,0.0,0.0
2023-01-26 00:00:00-05:00,19.234610574287053,19.726485041249248,19.234610574287053,19.70931625366211,4100,0.0,0.0
2023-01-27 00:00:00-05:00,19.64922639477777,19.803742202634343,19.537632554273376,19.726484298706055,9600,0.0,0.0
2023-01-30 00:00:00-05:00,19.74365450540788,20.520524978637695,19.717901323144662,20.520524978637695,21100,0.0,0.0
2023-01-31 00:00:00-05:00,20.38746911538236,21.14717079257961,20.38746911538236,20.876768112182617,35400,0.0,0.0
2023-02-01 00:00:00-05:00,20.902521067391486,20.902521067391486,20.387468894182568,20.57632064819336,4700,0.0,0.0
2023-02-02 00:00:00-05:00,20.816677687430012,20.9497333301199,20.499061678588763,20.7050838470459,22200,0.0,0.0
2023-02-03 00:00:00-05:00,20.713667487113604,20.72225188094111,19.992596415965995,20.136810302734375,15900,0.0,0.0
2023-02-06 00:00:00-05:00,20.190033281303727,20.602074375867698,19.743654610206544,20.138526916503906,4600,0.0,0.0
2023-02-07 00:00:00-05:00,19.786576103073056,19.984013905097484,19.400288168272283,19.589139938354492,13400,0.0,0.0
2023-02-08 00:00:00-05:00,20.258706644267363,20.258706644267363,19.400286885080657,19.417455673217773,4200,0.0,0.0
2023-02-09 00:00:00-05:00,19.58914011562062,20.250123772848525,19.408872738543486,19.503297805786133,6700,0.0,0.0
2023-02-10 00:00:00-05:00,19.726484728481164,19.783140416775872,19.692148791156992,19.700733184814453,1300,0.0,0.0
2023-02-13 00:00:00-05:00,20.024354216791384,20.11277198791504,19.786571614948013,20.11277198791504,1800,0.0,0.0
2023-02-14 00:00:00-05:00,19.597724737701114,20.129945755004883,19.490422258489584,20.129945755004883,11800,0.0,0.0
2023-02-15 00:00:00-05:00,20.12994243258933,20.12994243258933,19.477543270184,19.87241554260254,6600,0.0,0.0
2023-02-16 00:00:00-05:00,19.786575177940072,19.81232836064503,19.529049900113634,19.692150115966797,2900,0.0,0.0
2023-02-17 00:00:00-05:00,19.632063076183908,19.700736600042852,19.400289319170238,19.60630989074707,5300,0.0,0.0
2023-02-21 00:00:00-05:00,19.50329526414094,19.958258300859388,18.799391362380614,18.92815399169922,11800,0.0,0.0
2023-02-22 00:00:00-05:00,18.833728366187728,19.700732445381792,18.713548496799678,18.79939079284668,8000,0.0,0.0
2023-02-23 00:00:00-05:00,19.228604303969654,19.65094736772244,18.99339712109155,19.06550407409668,10500,0.0,0.0
2023-02-24 00:00:00-05:00,19.0397510413673,19.142760498395248,18.97107752424673,19.09984016418457,2400,0.0,0.0
2023-02-27 00:00:00-05:00,19.099839023070256,19.520464494966806,18.89639396588489,18.902402877807617,4700,0.0,0.0
2023-02-28 00:00:00-05:00,19.86383073650734,19.86383073650734,18.910986011539183,19.65781021118164,14200,0.0,0.0
2023-03-01 00:00:00-05:00,19.254353973963603,19.838079627112013,19.254353973963603,19.63205909729004,11600,0.0,0.0
2023-03-02 00:00:00-05:00,19.529047767224874,19.589136883001284,19.18997159985158,19.33161163330078,3100,0.0,0.0
2023-03-03 00:00:00-05:00,19.33161163330078,19.33161163330078,19.33161163330078,19.33161163330078,700,0.0,0.0
2023-03-06 00:00:00-05:00,19.777991090425935,19.872416146046668,19.657811216527143,19.700733184814453,5400,0.0,0.0
2023-03-07 00:00:00-05:00,19.571968679976,19.649226584650837,19.400285720825195,19.400285720825195,7800,0.0,0.0
2023-03-08 00:00:00-05:00,19.53934822743564,19.623474627562896,19.099838092985934,19.185680389404297,24200,0.0,0.0
2023-03-09 00:00:00-05:00,19.443208717690943,19.62347773242254,18.876651763916016,18.876651763916016,10300,0.0,0.0
2023-03-10 00:00:00-05:00,18.850899022218627,19.486131148749696,17.812211795018374,17.95814323425293,42800,0.0,0.0
2023-03-13 00:00:00-04:00,17.16839620470019,17.62078381145055,14.653225898742676,14.653225898742676,54100,0.0,0.0
2023-03-14 00:00:00-04:00,16.48322878921892,18.870575399936683,16.48322878921892,16.974740982055664,40500,0.375,0.0
2023-03-15 00:00:00-04:00,16.88697471291657,17.378487027527484,15.956611698882407,17.071292877197266,15200,0.0,0.0
2023-03-16 00:00:00-04:00,16.67632817229697,17.905109913333884,16.67632817229697,17.24683380126953,21000,0.0,0.0
2023-03-17 00:00:00-04:00,16.676325807608606,17.536472736958096,16.193590730179245,16.298913955688477,22700,0.0,0.0
2023-03-20 00:00:00-04:00,17.729570947549856,17.729570947549856,15.842511385634095,16.044384002685547,18900,0.0,0.0
2023-03-21 00:00:00-04:00,16.06193496975175,16.891364199982124,16.06193496975175,16.404239654541016,24900,0.0,0.0
2023-03-22 00:00:00-04:00,16.52360690189907,16.661405661414893,16.035605133115272,16.272584915161133,9900,0.0,0.0
2023-03-23 00:00:00-04:00,16.19534722710328,16.31647045850827,15.75474205350832,15.9653902053833,22800,0.0,0.0
2023-03-24 00:00:00-04:00,15.605529313984055,16.51833777190708,15.438765602544168,16.39546012878418,8400,0.0,0.0
2023-03-27 00:00:00-04:00,16.807980936692807,16.807980936692807,16.500785121718174,16.614887237548828,3900,0.0,0.0
2023-03-28 00:00:00-04:00,16.553450052345507,17.027407969679626,16.27258585332045,16.474456787109375,6800,0.0,0.0
2023-03-29 00:00:00-04:00,16.855377982525468,16.891364061096866,16.50078553460757,16.5358943939209,30500,0.0,0.0
2023-03-30 00:00:00-04:00,16.98352257932014,16.98352257932014,16.676326751708984,16.676326751708984,6100,0.0,0.0
2023-03-31 00:00:00-04:00,16.895752893579147,17.317049187327516,16.676327531324873,17.097623825073242,17700,0.0,0.0
2023-04-03 00:00:00-04:00,17.185394269606963,17.44870403413994,16.81061571146598,17.273164749145508,10600,0.0,0.0
2023-04-04 00:00:00-04:00,17.29071962264057,17.45748169654323,16.702659570981066,17.106401443481445,8900,0.0,0.0
2023-04-05 00:00:00-04:00,16.85186778978374,17.387264513037366,16.85186778978374,17.21172523498535,19900,0.0,0.0
2023-04-06 00:00:00-04:00,17.343379693448124,17.95776966292525,17.343379693448124,17.694459915161133,7600,0.0,0.0
2023-04-10 00:00:00-04:00,17.35830144561472,18.03676360205859,17.35830144561472,17.843669891357422,2900,0.0,0.0
2023-04-11 00:00:00-04:00,17.65057576851364,18.05431761075666,17.601424704176758,17.92266273498535,7300,0.0,0.0
2023-04-12 00:00:00-04:00,17.975327043721396,18.080651964568823,17.5803623572299,18.027990341186523,17900,0.0,0.0
2023-04-13 00:00:00-04:00,17.966548750391972,18.256190172755012,17.738346163972192,18.18597412109375,19700,0.0,0.0
2023-04-14 00:00:00-04:00,18.343958686354796,18.9407958984375,18.054317295089078,18.9407958984375,8600,0.0,0.0
2023-04-17 00:00:00-04:00,18.695039469549535,18.695039469549535,18.203527145901006,18.642377853393555,6200,0.0,0.0
2023-04-18 00:00:00-04:00,18.30885138641534,18.598492775863065,17.676905319196653,18.089426040649414,7800,0.0,0.0
2023-04-19 00:00:00-04:00,18.23863308054549,18.23863308054549,17.729566408472788,18.154373168945312,5300,0.0,0.0
2023-04-20 00:00:00-04:00,18.16490807269864,18.16490807269864,17.70323793677438,17.71201515197754,4100,0.0,0.0
2023-04-21 00:00:00-04:00,17.81733701778959,17.992877960205078,17.633020534927574,17.992877960205078,1900,0.0,0.0
2023-04-24 00:00:00-04:00,17.861223412699314,17.870000627386702,16.67632621522228,16.799203872680664,34200,0.0,0.0
2023-04-25 00:00:00-04:00,16.799204693570122,17.685683331323634,16.018050963129422,16.41301727294922,35300,0.0,0.0
2023-04-26 00:00:00-04:00,16.347187523934682,16.588555058599106,15.4914283791404,15.7810697555542,40200,0.0,0.0
2023-04-27 00:00:00-04:00,15.860063284964303,16.23747513708488,15.482651432843726,16.211143493652344,14200,0.0,0.0
2023-04-28 00:00:00-04:00,16.237475134922736,16.84747731132745,16.237475134922736,16.79042625427246,37400,0.0,0.0
2023-05-01 00:00:00-04:00,16.764097429538054,16.900140078003822,15.544091319347075,15.675747871398926,40300,0.0,0.0
2023-05-02 00:00:00-04:00,15.702078022770738,15.702078022770738,14.71905336017347,15.166681289672852,52300,0.0,0.0
2023-05-03 00:00:00-04:00,15.574810914947582,15.807401232848589,15.052577549586157,15.307111740112305,38600,0.0,0.0
2023-05-04 00:00:00-04:00,15.061354881799609,15.061354881799609,13.97300541954845,14.218762397766113,48400,0.0,0.0
2023-05-05 00:00:00-04:00,14.727830778636063,15.359775213314093,14.569844251445895,14.683944702148438,43200,0.0,0.0
2023-05-08 00:00:00-04:00,14.789267566011668,14.947254071349432,14.58739666433893,14.815597534179688,15500,0.0,0.0
2023-05-09 00:00:00-04:00,14.745382712560287,15.01747134935686,14.57862065345825,14.754159927368164,34400,0.0,0.0
2023-05-10 00:00:00-04:00,15.035022590889737,15.272002344591355,14.719051260036629,15.052577018737793,31100,0.0,0.0
2023-05-11 00:00:00-04:00,14.833153039473634,14.973585126842087,14.534734435295041,14.771714210510254,21200,0.0,0.0
2023-05-12 00:00:00-04:00,14.885815341345575,14.999917463904813,14.640060014139728,14.83315372467041,16000,0.0,0.0
2023-05-15 00:00:00-04:00,14.71027682101929,15.026249885559082,14.701499605439553,15.026249885559082,9800,0.0,0.0
2023-05-16 00:00:00-04:00,15.052579035279404,15.35099765234494,14.710276016797067,15.096465110778809,14400,0.0,0.0
2023-05-17 00:00:00-04:00,14.812968369641716,15.649417090990154,14.719054004633438,15.544092178344727,31700,0.0,0.0
2023-05-18 00:00:00-04:00,15.649414888835647,16.044381163073762,15.50898280779153,15.7810697555542,22900,0.0,0.0
2023-05-19 00:00:00-04:00,15.877619535098233,15.877619535098233,14.850708760596463,15.245675086975098,19600,0.0,0.0
2023-05-22 00:00:00-04:00,15.377327779898406,15.631860296342113,15.052577549586157,15.307111740112305,24300,0.0,0.0
2023-05-23 00:00:00-04:00,15.48967582614302,15.666971224485602,15.359775382028499,15.579200744628906,10700,0.0,0.0
2023-05-24 00:00:00-04:00,15.386105279052572,15.465098534535043,15.026247859224636,15.359773635864258,8100,0.0,0.0
2023-05-25 00:00:00-04:00,15.386106529018548,15.391371518817962,15.026249079955823,15.324666023254395,11800,0.0,0.0
2023-05-26 00:00:00-04:00,15.1666819903812,15.40366011476134,15.096465939808807,15.254450798034668,7400,0.0,0.0
2023-05-30 00:00:00-04:00,15.043801843044086,15.377329321016063,15.043801843044086,15.122795104980469,9400,0.0,0.0
2023-05-31 00:00:00-04:00,15.122795588640221,15.579200744628906,15.122795588640221,15.579200744628906,38800,0.0,0.0
2023-06-01 00:00:00-04:00,15.412437504953795,16.140929665676616,15.412437504953795,15.860065460205078,11000,0.0,0.0
2023-06-02 00:00:00-04:00,16.123376039914156,16.571881190350112,16.02858278529495,16.10582160949707,24100,0.0,0.0
2023-06-05 00:00:00-04:00,16.10582038858882,16.377907343097462,15.842508974540864,16.167259216308594,9100,0.0,0.0
2023-06-06 00:00:00-04:00,16.32524460143208,16.66754757454185,16.32524460143208,16.610496520996094,20100,0.0,0.0
2023-06-07 00:00:00-04:00,16.676325934693303,16.772873620547927,16.544671064762223,16.74654197692871,10400,0.0,0.0
2023-06-08 00:00:00-04:00,16.676326738201226,16.764097213745117,16.540282417404068,16.764097213745117,4300,0.0,0.0
2023-06-09 00:00:00-04:00,16.7026568422266,16.7026568422266,16.193590139933825,16.531503677368164,5400,0.0,0.0
2023-06-12 00:00:00-04:00,16.202364777384002,16.764094733300826,15.965386704786535,16.219919204711914,8400,0.0,0.0
2023-06-13 00:00:00-04:00,16.211143969684112,16.431448209149057,16.018050267756216,16.11020851135254,14500,0.0,0.0
2023-06-14 00:00:00-04:00,16.379010981212605,16.379010981212605,15.46508329680294,15.751805305480957,23800,0.375,0.0
2023-06-15 00:00:00-04:00,15.89964759746149,16.423810958862305,15.554684640309686,16.423810958862305,16000,0.0,0.0
2023-06-16 00:00:00-04:00,16.056447427373264,16.056447427373264,15.68012437403647,15.823485374450684,16300,0.0,0.0
2023-06-20 00:00:00-04:00,15.707009388492867,15.751809072187447,15.456126716407415,15.527807235717773,37100,0.0,0.0
2023-06-21 00:00:00-04:00,15.500921582656389,15.802875868670897,15.3127609188185,15.545722961425781,18300,0.0,0.0
2023-06-22 00:00:00-04:00,15.500922907731795,15.68012502013251,15.42924240457111,15.491964340209961,12100,0.0,0.0
2023-06-23 00:00:00-04:00,15.42924265242612,15.98476784259388,15.339643303784442,15.500923156738281,8100,0.0,0.0
2023-06-26 00:00:00-04:00,15.554685584762408,15.76076683121076,15.330683784101652,15.474044799804688,6600,0.0,0.0
2023-06-27 00:00:00-04:00,15.474044852383447,15.563645914751826,15.348602681468469,15.375483512878418,7400,0.0,0.0
2023-06-28 00:00:00-04:00,15.357563004046137,15.456124343842795,15.18732286494043,15.196281433105469,19100,0.0,0.0
2023-06-29 00:00:00-04:00,15.294842946527801,15.294842946527801,14.873720169067383,14.873720169067383,16300,0.0,0.0
2023-06-30 00:00:00-04:00,15.293052226152883,15.850368494927888,15.017081491400006,15.76972770690918,33600,0.0,0.0
2023-07-03 00:00:00-04:00,15.832447197773531,16.16397061175211,15.689086183349849,16.038528442382812,9600,0.0,0.0
2023-07-05 00:00:00-04:00,16.020608334432527,16.26253069388323,15.90681640192666,16.047489166259766,9900,0.0,0.0
2023-07-06 00:00:00-04:00,15.904128305836277,15.991936631413475,15.393404459032228,15.48300552368164,10000,0.0,0.0
2023-07-07 00:00:00-04:00,15.536766244779717,16.128130908020612,15.536766244779717,15.886208534240723,8500,0.0,0.0
2023-07-10 00:00:00-04:00,15.698046022767096,16.072576363433647,15.60844496400055,16.02956771850586,7300,0.0,0.0
2023-07-11 00:00:00-04:00,15.82348549628255,16.128128051757812,15.593211695331975,16.128128051757812,9700,0.0,0.0
2023-07-12 00:00:00-04:00,16.146048721306286,16.146048721306286,15.733884557204068,16.092287063598633,7700,0.0,0.0
2023-07-13 00:00:00-04:00,16.25356997269871,16.352131311041916,15.948927389636165,16.119169235229492,13300,0.0,0.0
2023-07-14 00:00:00-04:00,16.361090917590918,16.361090917590918,15.698045825449528,15.92204761505127,8000,0.0,0.0
2023-07-17 00:00:00-04:00,15.635326718609182,15.993729265864221,15.635326718609182,15.948927879333496,14400,0.0,0.0
2023-07-18 00:00:00-04:00,15.931009547511493,16.10124969482422,15.859329035748711,16.10124969482422,4100,0.0,0.0
2023-07-19 00:00:00-04:00,15.98476906644256,16.244610273594212,15.778687814391567,16.172929763793945,14300,0.0,0.0
2023-07-20 00:00:00-04:00,16.128129971643663,16.289411544799805,16.08333029421058,16.289411544799805,4600,0.0,0.0
2023-07-21 00:00:00-04:00,16.284930551657606,16.396931454238466,16.146050526216158,16.289411544799805,8600,0.0,0.0
2023-07-24 00:00:00-04:00,16.39693129710596,16.77325439453125,16.352131620102192,16.77325439453125,8100,0.0,0.0
2023-07-25 00:00:00-04:00,16.44173399149578,16.7553368824722,16.289412684964276,16.39693260192871,7800,0.0,0.0
2023-07-26 00:00:00-04:00,16.665735370058574,16.961417697361306,16.531334622920646,16.710535049438477,13900,0.0,0.0
2023-07-27 00:00:00-04:00,16.889734860955,17.02413558959961,16.48653096602318,17.02413558959961,11400,0.0,0.0
2023-07-28 00:00:00-04:00,16.62093343834522,17.06893705349197,16.62093343834522,17.059978485107422,8100,0.0,0.0
2023-07-31 00:00:00-04:00,16.773253168940407,17.48020412011101,16.773253168940407,17.472139358520508,9400,0.0,0.0
2023-08-01 00:00:00-04:00,17.39149855261966,17.445258502815335,17.17018502016617,17.31085777282715,5800,0.0,0.0
2023-08-02 00:00:00-04:00,17.203340204974857,17.212298773723795,16.82701708458484,17.077898025512695,6400,0.0,0.0
2023-08-03 00:00:00-04:00,16.516102321771907,17.077897889147984,16.495493512218147,16.710535049438477,5400,0.0,0.0
2023-08-04 00:00:00-04:00,16.629894259356075,16.7553364378166,16.486533234542524,16.710535049438477,10500,0.0,0.0
2023-08-07 00:00:00-04:00,16.67200639712692,17.006216360362334,16.67200639712692,16.88973617553711,3200,0.0,0.0
2023-08-08 00:00:00-04:00,16.396931029701445,17.230217996767895,16.396931029701445,16.52237319946289,3600,0.0,0.0
2023-08-09 00:00:00-04:00,16.598532399835065,16.598532399835065,16.31628966417041,16.387971878051758,4800,0.0,0.0
2023-08-10 00:00:00-04:00,16.405890233688346,16.53133239524494,16.038527443482725,16.137088775634766,6300,0.0,0.0
2023-08-11 00:00:00-04:00,16.09228898228396,16.379012730583675,16.09228898228396,16.253570556640625,4700,0.0,0.0
2023-08-14 00:00:00-04:00,16.172930781088162,16.513414505804825,15.877248445938573,16.39693260192871,5300,0.0,0.0
2023-08-15 00:00:00-04:00,16.110208949594654,16.352131302308905,15.904127704985372,16.038528442382812,9800,0.0,0.0
2023-08-16 00:00:00-04:00,15.868285480632162,16.191744109834122,15.635325130329754,15.751805305480957,13500,0.0,0.0
2023-08-17 00:00:00-04:00,15.760765493750426,15.760765493750426,15.545723988444319,15.608444213867188,8500,0.0,0.0
2023-08-18 00:00:00-04:00,15.76972821666377,15.841408729553223,15.671166870566434,15.841408729553223,5400,0.0,0.0
2023-08-21 00:00:00-04:00,15.76076631818151,15.89516705240346,15.68012553584873,15.8485746383667,7300,0.0,0.0
2023-08-22 00:00:00-04:00,15.689086588313986,15.904128115500125,15.500924183902274,15.644285202026367,4800,0.0,0.0
2023-08-23 00:00:00-04:00,15.52780311357041,16.249089108963567,15.50988256125057,15.904126167297363,7200,0.0,0.0
2023-08-24 00:00:00-04:00,16.253570995944905,16.253570995944905,15.7751044771524,16.10124969482422,6400,0.0,0.0
2023-08-25 00:00:00-04:00,15.63532471849151,16.226689273062732,15.63532471849151,15.904126167297363,3600,0.0,0.0
2023-08-28 00:00:00-04:00,15.93996825071945,16.190849162610625,15.635325678567558,16.06540870666504,7600,0.0,0.0
2023-08-29 00:00:00-04:00,16.18188714125443,16.271488189697266,15.859325759457212,16.271488189697266,11700,0.0,0.0
2023-08-30 00:00:00-04:00,16.04749050382286,16.47757359491735,16.04749050382286,16.074371337890625,2900,0.0,0.0
2023-08-31 00:00:00-04:00,16.285827517355976,16.97037696838379,16.271490732125766,16.97037696838379,45400,0.0,0.0
2023-09-01 00:00:00-04:00,16.57613342311729,16.79117494893201,16.57613342311729,16.77325439453125,9100,0.0,0.0
2023-09-05 00:00:00-04:00,16.27148941807667,17.024135547419252,16.27148941807667,16.78221321105957,10600,0.0,0.0
2023-09-06 00:00:00-04:00,16.970377536433695,16.970377536433695,16.82701651532534,16.943496704101562,3200,0.0,0.0
2023-09-07 00:00:00-04:00,16.414852278736817,16.95245696176494,16.414852278736817,16.620933532714844,8900,0.0,0.0
2023-09-08 00:00:00-04:00,16.800135663390275,16.800135663390275,16.620933532714844,16.620933532714844,1700,0.0,0.0
2023-09-11 00:00:00-04:00,16.531335064702823,16.853896524654314,16.531335064702823,16.80013656616211,2200,0.0,0.0
2023-09-12 00:00:00-04:00,17.01517706493315,17.01517706493315,16.576133728027344,16.576133728027344,1900,0.0,0.0
2023-09-13 00:00:00-04:00,16.42381343566895,16.558214186373625,16.37901375510015,16.39693260192871,10400,0.0,0.0
2023-09-14 00:00:00-04:00,16.64848886460731,17.047319787911956,16.557013305949894,16.813142776489258,6400,0.375,0.0
2023-09-15 00:00:00-04:00,16.80399852282413,17.07385048906298,16.502130369468073,16.831439971923828,4800,0.0,0.0
2023-09-18 00:00:00-04:00,16.59360353981867,16.78753089904785,16.59360353981867,16.78753089904785,1600,0.0,0.0
2023-09-19 00:00:00-04:00,16.648487044269388,16.648487044269388,16.456388217617704,16.48383140563965,4000,0.0,0.0
2023-09-20 00:00:00-04:00,16.511275216426245,16.648489431459854,16.511275216426245,16.602750778198242,3900,0.0,0.0
2023-09-21 00:00:00-04:00,16.557016285576537,16.557016285576537,16.191115729850008,16.401508331298828,7900,0.0,0.0
2023-09-22 00:00:00-04:00,16.21855442395159,16.310029983520508,16.200258963087574,16.310029983520508,2300,0.0,0.0
2023-09-25 00:00:00-04:00,16.262462371005455,16.28258633053456,16.063046040644895,16.191112518310547,6100,0.0,0.0
2023-09-26 00:00:00-04:00,16.053897021549826,16.063044750988006,15.889243125915527,15.889243125915527,12100,0.0,0.0
2023-09-27 00:00:00-04:00,15.779474157585838,16.053899097208582,15.706294057369691,15.948702812194824,6100,0.0,0.0
2023-09-28 00:00:00-04:00,15.88924246494109,16.22769971631942,15.770323731942602,16.203001022338867,10500,0.0,0.0
2023-09-29 00:00:00-04:00,16.227702213957468,16.62104590022199,16.136226654052734,16.136226654052734,8800,0.0,0.0
2023-10-02 00:00:00-04:00,16.227703416940898,16.227703416940898,15.756606603922526,16.044754028320312,6000,0.0,0.0
2023-10-03 00:00:00-04:00,15.669703177160745,15.829785846331907,14.91960671173378,15.36783504486084,15600,0.0,0.0
2023-10-04 00:00:00-04:00,15.527915574593125,15.825208928233492,15.184883574026639,15.559931755065918,8600,0.0,0.0
2023-10-05 00:00:00-04:00,15.432783435609263,15.5599339257251,15.120853322487122,15.290081977844238,9200,0.0,0.0
2023-10-06 00:00:00-04:00,15.184884588595784,15.550785064697266,15.120852223371912,15.550785064697266,7700,0.0,0.0
2023-10-09 00:00:00-04:00,15.340393467260812,15.550786036067317,15.340393467260812,15.451992988586426,2900,0.0,0.0
2023-10-10 00:00:00-04:00,15.450160916874099,15.550784196465667,15.194031470278833,15.54163646697998,11300,0.0,0.0
2023-10-11 00:00:00-04:00,15.441014117868031,15.541637403523184,15.399850205077385,15.459309577941895,4900,0.0,0.0
2023-10-12 00:00:00-04:00,15.367832541723768,15.541635906178351,15.303800182385483,15.431866645812988,7600,0.0,0.0
2023-10-13 00:00:00-04:00,15.514192718711543,15.523340447867145,15.376980270879372,15.431866645812988,4000,0.0,0.0
2023-10-16 00:00:00-04:00,15.532489759938443,15.532489759938443,15.322097202171284,15.450161933898926,9400,0.0,0.0
2023-10-17 00:00:00-04:00,15.390705493569966,15.495901780574378,15.294655192608332,15.358689308166504,12500,0.0,0.0
2023-10-18 00:00:00-04:00,15.38613011902791,15.486753408846544,15.157442092895508,15.157442092895508,5300,0.0,0.0
2023-10-19 00:00:00-04:00,15.276361620049238,15.322098529700076,15.09341049194336,15.09341049194336,5300,0.0,0.0
2023-10-20 00:00:00-04:00,15.093410424957034,15.486754127313084,15.093410424957034,15.267213821411133,2200,0.0,0.0
2023-10-23 00:00:00-04:00,15.18488342107735,15.486751508745261,15.093407872897476,15.32209587097168,3600,0.0,0.0
2023-10-24 00:00:00-04:00,15.432783061971014,15.432783061971014,15.190374311943117,15.404425621032715,15800,0.0,0.0
2023-10-25 00:00:00-04:00,15.376981581490808,15.486752595963114,15.283677527752662,15.477604866027832,3400,0.0,0.0
2023-10-26 00:00:00-04:00,15.427293988283017,15.541638001013919,15.303802245163503,15.413573265075684,3400,0.0,0.0
2023-10-27 00:00:00-04:00,15.468456524903152,15.642259897304035,15.322096341223782,15.44101333618164,23100,0.0,0.0
2023-10-30 00:00:00-04:00,15.66055640377366,15.852653503417969,15.546212393580296,15.852653503417969,6600,0.0,0.0
2023-10-31 00:00:00-04:00,15.69714358096383,15.975228959992503,15.69714358096383,15.779471397399902,5500,0.0,0.0
2023-11-01 00:00:00-04:00,15.999013674187635,16.307285027525538,15.85722647363861,16.191112518310547,11300,0.0,0.0
2023-11-02 00:00:00-04:00,16.099637149513246,17.2064863420714,16.099637149513246,17.160749435424805,33800,0.0,0.0
2023-11-03 00:00:00-04:00,17.197341030235403,17.20648876180139,16.593604704891593,16.95950698852539,19300,0.0,0.0
2023-11-06 00:00:00-05:00,16.968649491332485,16.968649491332485,16.831437035518004,16.901872634887695,3500,0.0,0.0
2023-11-07 00:00:00-05:00,16.803996275077793,16.968650181905463,16.56616052776968,16.86802864074707,3300,0.0,0.0
2023-11-08 00:00:00-05:00,16.547865290132993,16.831437946802865,16.520422099583858,16.67593002319336,8600,0.0,0.0
2023-11-09 00:00:00-05:00,16.57530772117135,16.705200947465702,16.387783622889447,16.4197998046875,3200,0.0,0.0
2023-11-10 00:00:00-05:00,16.419800713262816,16.419800713262816,15.715441185228444,16.17281723022461,11900,0.0,0.0
2023-11-13 00:00:00-05:00,16.035605614699943,16.195686541023814,15.861802219868855,16.099637985229492,12600,0.0,0.0
2023-11-14 00:00:00-05:00,16.319178151673576,16.93206214904785,16.319178151673576,16.93206214904785,6900,0.0,0.0
2023-11-15 00:00:00-05:00,16.93206214904785,16.93206214904785,16.32283689499428,16.93206214904785,14400,0.0,0.0
2023-11-16 00:00:00-05:00,16.69422757874788,16.8405877905431,16.559759592158258,16.82229232788086,8200,0.0,0.0
2023-11-17 00:00:00-05:00,16.849734663302236,16.93206249633598,16.639342087661007,16.895471572875977,4600,0.0,0.0
2023-11-20 00:00:00-05:00,16.932062235729088,16.932062235729088,16.822291211789864,16.922914505004883,21000,0.0,0.0
2023-11-21 00:00:00-05:00,16.932061951335506,16.932061951335506,16.785701751708984,16.785701751708984,9500,0.0,0.0
2023-11-22 00:00:00-05:00,16.80399679089956,16.84058596751183,16.703373501901293,16.813142776489258,12300,0.0,0.0
2023-11-24 00:00:00-05:00,16.904618957015728,16.93206214904785,16.904618957015728,16.93206214904785,1200,0.0,0.0
2023-11-27 00:00:00-05:00,16.932059941169484,16.932059941169484,16.703371938308877,16.79484748840332,10700,0.0,0.0
2023-11-28 00:00:00-05:00,16.730817593281298,16.858882335442694,16.730817593281298,16.826866149902344,8000,0.0,0.0
2023-11-29 00:00:00-05:00,16.904618560593068,16.950357212907345,16.703373724663813,16.881750106811523,13700,0.0,0.0
2023-11-30 00:00:00-05:00,16.93206272219504,17.371143341064453,16.877178081024187,17.371143341064453,21400,0.0,0.0
2023-12-01 00:00:00-05:00,17.288815021679085,17.5723876953125,16.993350123621195,17.5723876953125,10000,0.0,0.0
2023-12-04 00:00:00-05:00,17.494632656935714,17.74618911743164,17.37571566016073,17.74618911743164,7900,0.0,0.0
2023-12-05 00:00:00-05:00,17.773632449826184,17.791927909400883,17.704111099243164,17.704111099243164,900,0.0,0.0
2023-12-06 00:00:00-05:00,17.791929567978404,17.905357589463076,17.224782481550164,17.590682983398438,22500,0.0,0.0
2023-12-07 00:00:00-05:00,17.47176646245907,17.563242026663296,17.38943862915039,17.38943862915039,10500,0.0,0.0
2023-12-08 00:00:00-05:00,17.38028865957215,17.544944304980895,17.15160065089357,17.527563095092773,21200,0.0,0.0
2023-12-11 00:00:00-05:00,17.47176466828532,17.627272588038036,17.11501017899905,17.544944763183594,8700,0.0,0.0
2023-12-12 00:00:00-05:00,17.535796401392776,17.7050250376067,17.426025390625,17.426025390625,3100,0.0,0.0
2023-12-13 00:00:00-05:00,17.40773228007529,17.974877578591048,17.16989653578604,17.862363815307617,9500,0.0,0.0
2023-12-14 00:00:00-05:00,18.261546434155818,18.8425948868835,18.149626061002742,18.42009925842285,20900,0.375,0.0
2023-12-15 00:00:00-05:00,18.653261392428146,18.886427159833495,18.373463183107173,18.438749313354492,12300,0.0,0.0
2023-12-18 00:00:00-05:00,18.541341306212903,18.836062826192027,17.748579108841078,18.242889404296875,14500,0.0,0.0
2023-12-19 00:00:00-05:00,18.2428896426615,18.727874879068768,18.2428896426615,18.50403594970703,15900,0.0,0.0
2023-12-20 00:00:00-05:00,18.309111503097625,18.49471092224121,18.242891434877407,18.49471092224121,5300,0.0,0.0
2023-12-21 00:00:00-05:00,18.466728752264046,18.625281551140343,18.252216665229557,18.522689819335938,9500,0.0,0.0
2023-12-22 00:00:00-05:00,18.597302992141174,18.858447525568828,18.480720102885623,18.793161392211914,5500,0.0,0.0
2023-12-26 00:00:00-05:00,18.821143337389007,18.858448939713096,18.68590674877225,18.727876663208008,19400,0.0,0.0
2023-12-27 00:00:00-05:00,18.727875891791548,19.147575018861374,18.727875891791548,19.110267639160156,16000,0.0,0.0
2023-12-28 00:00:00-05:00,19.25949281985648,19.287473353498786,19.017000198364258,19.017000198364258,11000,0.0,0.0
2023-12-29 00:00:00-05:00,18.85844843638569,19.296801259662704,18.66259002685547,18.66259002685547,14900,0.0,0.0
2024-01-02 00:00:00-05:00,18.662588984097233,18.984357115595675,18.559995473077283,18.765182495117188,10300,0.0,0.0
2024-01-03 00:00:00-05:00,18.98062802813336,19.017001479078367,18.69989585876465,18.69989585876465,5200,0.0,0.0
2024-01-04 00:00:00-05:00,18.793161842117314,18.83979606628418,18.793161842117314,18.83979606628418,900,0.0,0.0
2024-01-05 00:00:00-05:00,18.938657741832696,18.938657741832696,18.783835317008197,18.886428833007812,3200,0.0,0.0
2024-01-08 00:00:00-05:00,18.886427932527564,19.017000198364258,18.79316126596691,19.017000198364258,5700,0.0,0.0
2024-01-09 00:00:00-05:00,18.88642731234254,19.175552368164062,18.839794870050362,19.175552368164062,6500,0.0,0.0
2024-01-10 00:00:00-05:00,18.93305975463472,19.19420605664639,18.93305975463472,19.175552368164062,7100,0.0,0.0
2024-01-11 00:00:00-05:00,19.17555445462959,19.1942081451416,18.95824411901479,19.1942081451416,9400,0.0,0.0
2024-01-12 00:00:00-05:00,19.194206508853625,19.235244268698853,19.058969932541093,19.222187042236328,2800,0.0,0.0
2024-01-16 00:00:00-05:00,19.29586521589102,19.334104742775686,19.044979693229834,19.119592666625977,7200,0.0,0.0
2024-01-17 00:00:00-05:00,19.13824546653891,19.352757532733577,19.015133977202932,19.250164031982422,8900,0.0,0.0
2024-01-18 00:00:00-05:00,19.259491952081184,19.259491952081184,19.016999341514957,19.138246536254883,6100,0.0,0.0
2024-01-19 00:00:00-05:00,18.979695411640954,19.352760314941406,18.979695411640954,19.352760314941406,8400,0.0,0.0
2024-01-22 00:00:00-05:00,19.11959435027313,19.352760135032558,19.007673990866547,19.3341064453125,6700,0.0,0.0
2024-01-23 00:00:00-05:00,19.231514530552683,19.315452575683594,19.12892101696171,19.315452575683594,5700,0.0,0.0
2024-01-24 00:00:00-05:00,19.156899929844432,19.352758316762053,19.156899929844432,19.34343147277832,1500,0.0,0.0
2024-01-25 00:00:00-05:00,19.35275996142518,20.052257309428498,19.35275996142518,19.79111099243164,15000,0.0,0.0
2024-01-26 00:00:00-05:00,20.005621888084853,20.238787636062934,19.912355233110922,20.126867294311523,10400,0.0,0.0
2024-01-29 00:00:00-05:00,20.108216873379657,20.51858915456685,20.052257582872148,20.294750213623047,10500,0.0,0.0
2024-01-30 00:00:00-05:00,20.425322618590112,20.96626717415211,19.511313159004974,20.54656982421875,9100,0.0,0.0
2024-01-31 00:00:00-05:00,20.41506261864004,20.41506261864004,19.69784553158852,20.192155838012695,5500,0.0,0.0
2024-02-01 00:00:00-05:00,20.19215552988648,20.51858796696179,19.90023223906555,20.028940200805664,9600,0.0,0.0
2024-02-02 00:00:00-05:00,20.22013619563892,20.397342681884766,20.01494917611835,20.397342681884766,3400,0.0,0.0
2024-02-05 00:00:00-05:00,20.098889530768027,20.238790421943094,18.998348543108758,20.229463577270508,11000,0.0,0.0
2024-02-06 00:00:00-05:00,19.70717170780447,20.173503285904957,19.56727259015708,20.09889030456543,9500,0.0,0.0
2024-02-07 00:00:00-05:00,19.441361473608715,20.28542221059648,19.441361473608715,19.912357330322266,8100,0.0,0.0
2024-02-08 00:00:00-05:00,19.825619919624785,20.229463577270508,19.76593024841671,20.229463577270508,4400,0.0,0.0
2024-02-09 00:00:00-05:00,19.556081397219025,20.332056045532227,19.556081397219025,20.332056045532227,3600,0.0,0.0
2024-02-12 00:00:00-05:00,20.061584189636953,20.397343486523955,20.061584189636953,20.28822135925293,4800,0.0,0.0
2024-02-13 00:00:00-05:00,20.05691942385212,20.061583735599847,19.604579024576523,19.735151290893555,7900,0.0,0.0
2024-02-14 00:00:00-05:00,19.958992062709182,19.98697259903195,19.725826263427734,19.725826263427734,3700,0.0,0.0
2024-02-15 00:00:00-05:00,19.80043847619655,20.43091932789782,19.613906911390938,19.632558822631836,6200,0.0,0.0
2024-02-16 00:00:00-05:00,19.73515229066687,20.042931061801596,19.65121246409251,19.865724563598633,11500,0.0,0.0
2024-02-20 00:00:00-05:00,19.763134002685547,19.996299806184716,19.623234876368826,19.763134002685547,4600,0.0,0.0
2024-02-21 00:00:00-05:00,19.912357330322266,19.912357330322266,19.912357330322266,19.912357330322266,1300,0.0,0.0
2024-02-22 00:00:00-05:00,20.259310294481654,20.259310294481654,19.98697280883789,19.98697280883789,3000,0.0,0.0
2024-02-23 00:00:00-05:00,19.88437626839249,20.61185409976549,19.88437626839249,20.56521987915039,10300,0.0,0.0
2024-02-26 00:00:00-05:00,20.425321149470925,20.928960067862583,20.266768354300993,20.485944747924805,7300,0.0,0.0
2024-02-27 00:00:00-05:00,20.42531916709731,20.42531916709731,20.052254326115076,20.126867294311523,5300,0.0,0.0
2024-02-28 00:00:00-05:00,19.958988969452335,20.052255630493164,19.828416711343337,20.052255630493164,6000,0.0,0.0
2024-02-29 00:00:00-05:00,20.098889854456704,20.840357118188088,20.005624964056285,20.751754760742188,24900,0.0,0.0
2024-03-01 00:00:00-05:00,20.6584880439552,20.6584880439552,20.425322260662448,20.509262084960938,5700,0.0,0.0
2024-03-04 00:00:00-05:00,20.397345117976858,20.43838110365103,19.98697280883789,19.98697280883789,10200,0.0,0.0
2024-03-05 00:00:00-05:00,19.94127004618768,19.958989805281554,19.245503109430466,19.67919158935547,14900,0.0,0.0
2024-03-06 00:00:00-05:00,19.76313140991603,19.940336116509503,19.08228600104552,19.67919158935547,7600,0.0,0.0
2024-03-07 00:00:00-05:00,19.184880995635563,19.94033766025297,19.184880995635563,19.758468627929688,8100,0.0,0.0
2024-03-08 00:00:00-05:00,19.707172691612058,19.931013425718852,19.5019874274137,19.61857032775879,9900,0.0,0.0
2024-03-11 00:00:00-04:00,19.931010353871766,19.931010353871766,19.595251083374023,19.595251083374023,6400,0.0,0.0
2024-03-12 00:00:00-04:00,19.632556589728797,19.68851765382819,19.446025046138296,19.58592414855957,14200,0.0,0.0
2024-03-13 00:00:00-04:00,19.557945431329706,19.84707228593107,19.543956053463557,19.57659912109375,40700,0.0,0.0
2024-03-14 00:00:00-04:00,19.571852090846615,19.69530305014354,19.419911612662688,19.486385345458984,14000,0.375,0.0
2024-03-15 00:00:00-04:00,19.58134905024656,19.628829771550205,19.334445314666084,19.514873504638672,4200,0.0,0.0
2024-03-18 00:00:00-04:00,19.628829138962917,19.628829138962917,19.381925411339523,19.581348419189453,3400,0.0,0.0
2024-03-19 00:00:00-04:00,19.609836399955295,19.90422085145662,19.600339893613526,19.70479965209961,11100,0.0,0.0
2024-03-20 00:00:00-04:00,19.571853174016482,19.86623764038086,19.571853174016482,19.86623764038086,4600,0.0,0.0
2024-03-21 00:00:00-04:00,19.92321169976152,20.07515216217686,19.7997607532765,20.008678436279297,10400,0.0,0.0
2024-03-22 00:00:00-04:00,19.94220517568651,20.265079118670915,19.94220517568651,20.141626358032227,19700,0.0,0.0
2024-03-25 00:00:00-04:00,19.999184929774167,19.999184929774167,19.94220770064318,19.961200714111328,2600,0.0,0.0
2024-03-26 00:00:00-04:00,19.947903327888298,20.071354276552135,19.89472434623168,19.9232120513916,3800,0.0,0.0
2024-03-27 00:00:00-04:00,19.818755298294054,20.094146728515625,19.799762286203375,20.094146728515625,7100,0.0,0.0
2024-03-28 00:00:00-04:00,20.11314002189968,20.455006999219833,20.11314002189968,20.322057723999023,13900,0.0,0.0
2024-04-01 00:00:00-04:00,20.436011778721838,20.436011778721838,20.103641343492964,20.198604583740234,11800,0.0,0.0
2024-04-02 00:00:00-04:00,20.103641343492964,20.274574813683422,19.989685092941606,20.198604583740234,7100,0.0,0.0
2024-04-03 00:00:00-04:00,20.289771422018323,20.293571473781103,20.046667729241882,20.189111709594727,3800,0.0,0.0
2024-04-04 00:00:00-04:00,20.41701876841775,20.41701876841775,20.198604583740234,20.198604583740234,3800,0.0,0.0
2024-04-05 00:00:00-04:00,20.398029145278777,20.398029145278777,20.388532638549805,20.388532638549805,300,0.0,0.0
2024-04-08 00:00:00-04:00,20.415121677064924,20.415121677064924,20.151124954223633,20.151124954223633,2500,0.0,0.0
2024-04-09 00:00:00-04:00,19.9422068768237,19.9422068768237,19.476888933717287,19.70479965209961,38300,0.0,0.0
2024-04-10 00:00:00-04:00,19.704800563900488,19.704800563900488,19.372430071652293,19.543363571166992,10900,0.0,0.0
2024-04-11 00:00:00-04:00,19.400916938860455,19.44365030789521,19.005871004898857,19.18250274658203,12800,0.0,0.0
2024-04-12 00:00:00-04:00,19.125523164424322,19.45789360167454,19.125523164424322,19.15401268005371,2100,0.0,0.0
2024-04-15 00:00:00-04:00,19.135021069801564,19.135021069801564,18.118918484553173,18.384815216064453,14200,0.0,0.0
2024-04-16 00:00:00-04:00,18.50826717219012,18.983081625487785,18.33733367919922,18.33733367919922,9400,0.0,0.0
2024-04-17 00:00:00-04:00,18.441793081817863,18.527259826660156,17.99546815640962,18.527259826660156,18400,0.0,0.0
2024-04-18 00:00:00-04:00,18.45128930606915,18.45128930606915,18.299348831176758,18.299348831176758,2100,0.0,0.0
2024-04-19 00:00:00-04:00,18.42279953204765,18.603229522705078,18.375318813530424,18.603229522705078,800,0.0,0.0
2024-04-22 00:00:00-04:00,18.588985945361838,18.726680755615234,18.51776305525537,18.726680755615234,5400,0.0,0.0
2024-04-23 00:00:00-04:00,18.755168398122763,18.973582582737116,18.755168398122763,18.935598373413086,5500,0.0,0.0
2024-04-24 00:00:00-04:00,18.783659624253023,18.97358431071648,18.783659624253023,18.926103591918945,3400,0.0,0.0
2024-04-25 00:00:00-04:00,18.650709894714186,18.793155670166016,18.641213388932513,18.793155670166016,1100,0.0,0.0
2024-04-26 00:00:00-04:00,18.821643376237763,19.097036610086473,18.793155670166016,18.793155670166016,1600,0.0,0.0
2024-04-29 00:00:00-04:00,18.67920058240353,18.89761479524693,18.660207569650176,18.755170822143555,4200,0.0,0.0
2024-04-30 00:00:00-04:00,18.78365940769472,18.802650608230792,18.384815216064453,18.384815216064453,8000,0.0,0.0
2024-05-01 00:00:00-04:00,18.44179451696635,18.8881194771078,18.44179451696635,18.717185974121094,7000,0.0,0.0
2024-05-02 00:00:00-04:00,18.755168398122763,19.049552812658334,18.47028048873649,18.935598373413086,10400,0.0,0.0
2024-05-03 00:00:00-04:00,19.030563816425467,19.315451758787592,18.992577791431387,19.26797103881836,5800,0.0,0.0
2024-05-06 00:00:00-04:00,19.362930192766207,19.479735575686906,19.24897575378418,19.24897575378418,7600,0.0,0.0
2024-05-07 00:00:00-04:00,19.36293155901948,19.448398299923127,19.011569900880726,19.220487594604492,18200,0.0,0.0
2024-05-08 00:00:00-04:00,19.271770189615612,19.271770189615612,18.859631217578624,19.106534957885742,6800,0.0,0.0
2024-05-09 00:00:00-04:00,19.277464350372167,19.277464350372167,18.99257642845464,19.087539672851562,3800,0.0,0.0
2024-05-10 00:00:00-04:00,19.106534681217443,19.201496124267578,19.106534681217443,19.201496124267578,700,0.0,0.0
2024-05-13 00:00:00-04:00,19.324946706273472,19.324946706273472,19.173006241099507,19.18250274658203,4200,0.0,0.0
2024-05-14 00:00:00-04:00,19.34394053364385,19.381924745903845,19.106533320380674,19.125524520874023,8000,0.0,0.0
2024-05-15 00:00:00-04:00,19.286962469820732,19.419911747610556,19.277465963459075,19.386674880981445,6500,0.0,0.0
2024-05-16 00:00:00-04:00,19.277466912394395,19.448400412771683,19.277466912394395,19.33444595336914,7600,0.0,0.0
2024-05-17 00:00:00-04:00,19.4199093457623,19.487332177935833,19.334442610351267,19.467390060424805,11000,0.0,0.0
2024-05-20 00:00:00-04:00,19.543360290648707,19.65731654162114,19.372426819826636,19.467390060424805,4600,0.0,0.0
2024-05-21 00:00:00-04:00,19.399969941731037,19.72379302543091,19.399969941731037,19.514873504638672,8300,0.0,0.0
2024-05-22 00:00:00-04:00,19.733289531946323,19.733289531946323,19.514873504638672,19.514873504638672,1400,0.0,0.0
2024-05-23 00:00:00-04:00,19.46739185237711,19.46739185237711,19.040058135986328,19.040058135986328,7100,0.0,0.0
2024-05-24 00:00:00-04:00,19.1160286331967,19.320198988107695,19.021067193839045,19.30500602722168,1600,0.0,0.0
2024-05-28 00:00:00-04:00,19.324946623574185,19.324946623574185,19.277464096364756,19.28696060180664,3100,0.0,0.0
2024-05-29 00:00:00-04:00,19.277467098329243,19.277467098329243,18.992579135801616,19.13502311706543,10300,0.0,0.0
2024-05-30 00:00:00-04:00,19.182503156437704,19.20624351501465,19.13502062801056,19.20624351501465,1700,0.0,0.0
2024-05-31 00:00:00-04:00,19.277465908050477,19.37717831892459,19.06854820251465,19.06854820251465,3800,0.0,0.0
2024-06-03 00:00:00-04:00,19.324947824522727,19.609835760390812,19.324947824522727,19.562355041503906,5100,0.0,0.0
2024-06-04 00:00:00-04:00,19.581347439876,19.84724235534668,19.581347439876,19.84724235534668,9000,0.0,0.0
2024-06-05 00:00:00-04:00,19.847241349885458,19.847241349885458,19.685804383125255,19.790264129638672,2900,0.0,0.0
2024-06-06 00:00:00-04:00,19.733288660282533,20.464501516935808,19.70669916772326,20.417020797729492,16200,0.0,0.0
2024-06-07 00:00:00-04:00,20.844354336873042,20.844354336873042,20.141627381989007,20.51198387145996,4900,0.0,0.0
2024-06-10 00:00:00-04:00,20.09224933611022,20.872842965476593,20.09224933611022,20.350547790527344,3700,0.0,0.0
2024-06-11 00:00:00-04:00,20.60694640295163,20.60694640295163,20.155872344970703,20.155872344970703,5900,0.0,0.0
2024-06-12 00:00:00-04:00,20.1786646466376,20.796872165266635,20.090348769326784,20.322057723999023,6300,0.0,0.0
2024-06-13 00:00:00-04:00,20.6069468056661,21.84146358832286,20.14162707442916,20.602197647094727,14500,0.0,0.0
2024-06-14 00:00:00-04:00,20.58287321078824,20.727824501829524,20.428260220600947,20.534557342529297,8000,0.375,0.0
2024-06-17 00:00:00-04:00,20.82445430825483,20.82445430825483,20.196338863443657,20.556781768798828,4400,0.0,0.0
2024-06-18 00:00:00-04:00,20.582871085186873,20.776138224528324,20.582871085186873,20.756811141967773,4200,0.0,0.0
2024-06-20 00:00:00-04:00,21.027383781956136,21.027383781956136,20.46691131591797,20.46691131591797,2100,0.0,0.0
2024-06-21 00:00:00-04:00,20.711394657679424,20.711394657679424,20.602198299333697,20.709461212158203,1600,0.0,0.0
2024-06-24 00:00:00-04:00,20.631187785140988,20.727821350097656,20.466911277654237,20.727821350097656,10700,0.0,0.0
2024-06-25 00:00:00-04:00,20.824453825646607,20.824453825646607,20.3209949430139,20.67950439453125,7400,0.0,0.0
2024-06-26 00:00:00-04:00,20.53552189287364,20.872772678250765,20.254318912043168,20.447586059570312,7800,0.0,0.0
2024-06-27 00:00:00-04:00,20.573209158855587,20.67660517883047,20.157686104072575,20.399269104003906,9600,0.0,0.0
2024-06-28 00:00:00-04:00,20.30263617527986,20.650516295947305,20.0127354603463,20.462080001831055,5000,0.0,0.0
2024-07-01 00:00:00-04:00,20.544219057458264,20.67950495105579,20.302636051387207,20.553882598876953,6200,0.0,0.0
2024-07-02 00:00:00-04:00,20.460149762589158,20.539387858973946,20.39927110604268,20.437923431396484,2300,0.0,0.0
2024-07-03 00:00:00-04:00,20.389606257460272,20.669841588498976,20.389606257460272,20.611862182617188,4600,0.0,0.0
2024-07-05 00:00:00-04:00,20.56354558689177,20.67950439453125,20.56354558689177,20.67950439453125,900,0.0,0.0
2024-07-08 00:00:00-04:00,20.679505048968828,20.679505048968828,20.447585583218377,20.5925350189209,3900,0.0,0.0
2024-07-09 00:00:00-04:00,20.48624080658069,20.587705232496866,20.341289520263672,20.341289520263672,3000,0.0,0.0
2024-07-10 00:00:00-04:00,20.500733175747314,20.500733175747314,20.292971651861034,20.302635192871094,1300,0.0,0.0
2024-07-11 00:00:00-04:00,20.486240402896964,20.582872134361278,20.38960682830052,20.505565643310547,4800,0.0,0.0
2024-07-12 00:00:00-04:00,20.534556252657467,20.573210419718833,20.48624038696289,20.48624038696289,2800,0.0,0.0
2024-07-15 00:00:00-04:00,20.573210419718833,20.573210419718833,20.48624038696289,20.48624038696289,2500,0.0,0.0
2024-07-16 00:00:00-04:00,20.515228513833218,20.573209762573242,20.389606161160646,20.573209762573242,2000,0.0,0.0
2024-07-17 00:00:00-04:00,20.573209339708644,20.573209339708644,20.45724868774414,20.45724868774414,1200,0.0,0.0
2024-07-18 00:00:00-04:00,20.6795040326611,20.6795040326611,20.515227522103164,20.56354522705078,1800,0.0,0.0
2024-07-19 00:00:00-04:00,20.418595610486957,20.505565643310547,20.418595610486957,20.505565643310547,1500,0.0,0.0
2024-07-22 00:00:00-04:00,20.592535099612565,20.63118926562181,20.505565069223845,20.611862182617188,3800,0.0,0.0
2024-07-23 00:00:00-04:00,20.582871956960044,20.679505530723617,20.437922517880743,20.447586059570312,7600,0.0,0.0
2024-07-24 00:00:00-04:00,20.437922483010674,20.437922483010674,20.14802360534668,20.14802360534668,2000,0.0,0.0
2024-07-25 00:00:00-04:00,20.418594360351562,20.428257901532767,20.418594360351562,20.418594360351562,900,0.0,0.0
2024-07-26 00:00:00-04:00,20.41859452271196,20.45724868774414,20.41859452271196,20.45724868774414,7600,0.0,0.0
2024-07-29 00:00:00-04:00,20.67950547983091,20.67950547983091,20.40893368571733,20.536489486694336,1600,0.0,0.0
2024-07-30 00:00:00-04:00,20.35095205119426,20.457249164377334,20.244656781143263,20.312299728393555,8900,0.0,0.0
2024-07-31 00:00:00-04:00,20.403135006387146,20.650516510009766,20.403135006387146,20.650516510009766,4900,0.0,0.0
2024-08-01 00:00:00-04:00,20.631188744124877,21.326947126515794,20.45724868774414,20.45724868774414,6200,0.0,0.0
2024-08-02 00:00:00-04:00,20.302637284173368,20.824455650543243,20.302637284173368,20.640853881835938,7900,0.0,0.0
2024-08-05 00:00:00-04:00,20.495901225139306,20.495901225139306,19.90643994725722,20.23499298095703,9300,0.0,0.0
2024-08-06 00:00:00-04:00,19.597214302017054,20.09970555863384,19.597214302017054,20.051389694213867,5000,0.0,0.0
2024-08-07 00:00:00-04:00,20.09970572006237,20.186675751222474,20.090044021606445,20.090044021606445,2800,0.0,0.0
2024-08-08 00:00:00-04:00,20.162516838132618,20.162516838132618,20.03206179773767,20.09970474243164,3000,0.0,0.0
2024-08-09 00:00:00-04:00,20.273645819692504,20.83411833090457,20.273645819692504,20.389606475830078,9400,0.0,0.0
2024-08-12 00:00:00-04:00,20.43792282376705,20.43792282376705,20.119033315767044,20.244657516479492,4300,0.0,0.0
2024-08-13 00:00:00-04:00,20.148022448021624,20.148022448021624,19.906439449467726,20.09970474243164,16400,0.0,0.0
2024-08-14 00:00:00-04:00,20.244657516479492,20.244657516479492,20.099706232098647,20.244657516479492,5200,0.0,0.0
2024-08-15 00:00:00-04:00,20.10936862515709,20.196338653564453,19.848460383067028,20.196338653564453,6400,0.0,0.0
2024-08-16 00:00:00-04:00,20.157686969590504,20.24465700075061,20.090044021606445,20.090044021606445,4600,0.0,0.0
2024-08-19 00:00:00-04:00,20.041724953434795,20.534554482183026,20.041724953434795,20.263980865478516,11500,0.0,0.0
2024-08-20 00:00:00-04:00,20.225330034556187,20.418595338038177,20.186675867980526,20.408933639526367,14500,0.0,0.0
2024-08-21 00:00:00-04:00,20.476575958839774,20.476575958839774,20.365447998046875,20.365447998046875,3700,0.0,0.0
2024-08-22 00:00:00-04:00,20.27364622425183,20.438888549804688,20.27364622425183,20.438888549804688,1100,0.0,0.0
2024-08-23 00:00:00-04:00,20.73748538706874,20.863109588623047,20.73748538706874,20.863109588623047,3900,0.0,0.0
2024-08-26 00:00:00-04:00,20.892098958348196,20.93075128048821,20.67950473561596,20.776138305664062,3100,0.0,0.0
2024-08-27 00:00:00-04:00,20.660178720753166,21.07087095390026,20.660178720753166,20.805130004882812,4000,0.0,0.0
2024-08-28 00:00:00-04:00,20.834117791651032,21.13078279756114,20.776138386648984,20.79546546936035,7200,0.0,0.0
2024-08-29 00:00:00-04:00,20.87277265076207,21.008058547973633,20.862143307857174,21.008058547973633,2300,0.0,0.0
2024-08-30 00:00:00-04:00,21.017722117330067,21.017722117330067,20.36061602749631,20.447586059570312,36800,0.0,0.0
2024-09-03 00:00:00-04:00,20.515227358745626,20.945244792129408,20.35095084949578,20.524890899658203,11400,0.0,0.0
2024-09-04 00:00:00-04:00,20.669841274868524,20.878570450513585,20.54421892350875,20.79546546936035,3000,0.0,0.0
2024-09-05 00:00:00-04:00,20.66984072583665,20.94041434721265,20.592534240176654,20.92108726501465,12900,0.0,0.0
2024-09-06 00:00:00-04:00,20.834118546012046,20.834118546012046,20.727823273514904,20.747148513793945,1900,0.0,0.0
2024-09-09 00:00:00-04:00,20.77613749231529,21.017720486411978,20.77613749231529,20.824453353881836,19800,0.0,0.0
2024-09-10 00:00:00-04:00,20.921087739170193,20.96940544576027,20.58287116556786,20.776138305664062,18700,0.0,0.0
2024-09-11 00:00:00-04:00,20.766475339079957,20.814793047007274,20.602198818391273,20.669841766357422,10300,0.0,0.0
2024-09-12 00:00:00-04:00,20.87277259021267,21.32694798891407,20.78580255850549,21.26896858215332,15100,0.0,0.0
2024-09-13 00:00:00-04:00,21.264050354522247,21.706437744905244,21.165743712285146,21.382020950317383,7100,0.375,0.0
2024-09-16 00:00:00-04:00,21.391852035284074,21.54914491329448,21.308289139109103,21.480329513549805,24700,0.0,0.0
2024-09-17 00:00:00-04:00,21.5786385149469,21.94237760034767,21.5786385149469,21.735931396484375,9300,0.0,0.0
2024-09-18 00:00:00-04:00,21.73593132593607,22.138994567952512,21.73593132593607,22.09967041015625,11100,0.0,0.0
2024-09-19 00:00:00-04:00,22.168485729842878,22.365102767944336,22.168485729842878,22.365102767944336,3100,0.0,0.0
2024-09-20 00:00:00-04:00,22.365102992244978,22.51256483476045,22.325778834198687,22.492902755737305,10100,0.0,0.0
2024-09-23 00:00:00-04:00,22.502734221067637,22.895968308655473,22.492903181370032,22.551889419555664,13400,0.0,0.0
2024-09-24 00:00:00-04:00,22.71901305360646,23.34818458557129,22.709182014034624,23.34818458557129,16800,0.0,0.0
2024-09-25 00:00:00-04:00,23.348185497248608,23.397338821948,23.178112068665246,23.20072364807129,6900,0.0,0.0
2024-09-26 00:00:00-04:00,23.16139880438664,23.603786213935848,23.16139880438664,23.475984573364258,18500,0.0,0.0
2024-09-27 00:00:00-04:00,23.525139813261728,23.593955215962296,23.440594372052846,23.57429313659668,12800,0.0,0.0
2024-09-30 00:00:00-04:00,23.35801570965362,23.593955034994075,23.32852259083141,23.544801712036133,2900,0.0,0.0
2024-10-01 00:00:00-04:00,23.662770447143018,23.662770447143018,23.348184679889787,23.643108367919922,11200,0.0,0.0
2024-10-02 00:00:00-04:00,23.51137569831339,23.839724533940952,23.51137569831339,23.790571212768555,3700,0.0,0.0
2024-10-03 00:00:00-04:00,23.643109222328686,23.928203756129022,23.643109222328686,23.85938835144043,7300,0.0,0.0
2024-10-04 00:00:00-04:00,23.68243261020134,23.879049652970167,23.59100562906146,23.839725494384766,16400,0.0,0.0
2024-10-07 00:00:00-04:00,23.849555573191235,23.849555573191235,23.570360058736068,23.790571212768555,5300,0.0,0.0
2024-10-08 00:00:00-04:00,23.692262869134243,23.692262869134243,23.593954350989314,23.615581512451172,3100,0.0,0.0
2024-10-09 00:00:00-04:00,23.593955774603657,23.667687636430948,23.295098161423223,23.466156005859375,15800,0.0,0.0
2024-10-10 00:00:00-04:00,23.210553187885996,23.584123306662622,23.112244669761928,23.539884567260742,5800,0.0,0.0
2024-10-11 00:00:00-04:00,23.348185542393068,23.3973388671875,23.230214937775624,23.3973388671875,4300,0.0,0.0
2024-10-14 00:00:00-04:00,23.39733717395827,23.495645691511847,23.249875335167417,23.426830291748047,9600,0.0,0.0
2024-10-15 00:00:00-04:00,23.436663103700994,23.593955993652344,23.42683206369414,23.593955993652344,6900,0.0,0.0
2024-10-16 00:00:00-04:00,23.59395472251672,23.59395472251672,23.16139836091511,23.22038459777832,14900,0.0,0.0
2024-10-17 00:00:00-04:00,23.033599815171673,23.060143435655014,22.76816736049655,22.935291290283203,6100,0.0,0.0
2024-10-18 00:00:00-04:00,23.05915793756611,23.348184499661535,22.97461437270174,23.151567459106445,3700,0.0,0.0
2024-10-21 00:00:00-04:00,23.220384593472936,23.220384593472936,22.74850407405001,22.75833511352539,5500,0.0,0.0
2024-10-22 00:00:00-04:00,22.81732047430089,23.19089249040504,22.660027585966237,22.905797958374023,9400,0.0,0.0
2024-10-23 00:00:00-04:00,23.151567144804964,23.151567144804964,22.822235762687054,22.827150344848633,5800,0.0,0.0
2024-10-24 00:00:00-04:00,23.004105605567133,23.053260803222656,22.95495228299068,23.053260803222656,3900,0.0,0.0
2024-10-25 00:00:00-04:00,23.043429323512104,23.053260362855415,22.70918148615567,22.895967483520508,8900,0.0,0.0
2024-10-28 00:00:00-04:00,22.832066677848303,22.994274139404297,22.7829114811048,22.994274139404297,4600,0.0,0.0
2024-10-29 00:00:00-04:00,22.70918173602329,22.827150459282958,22.56171989440918,22.56171989440918,15400,0.0,0.0
2024-10-30 00:00:00-04:00,22.512564827903887,22.512564827903887,22.035771599751705,22.212724685668945,4300,0.0,0.0
2024-10-31 00:00:00-04:00,23.004106395375224,23.004106395375224,22.22255653907031,22.61087417602539,4000,0.0,0.0
2024-11-01 00:00:00-04:00,22.97461404040947,22.97461404040947,22.266794204711914,22.266794204711914,2900,0.0,0.0
2024-11-04 00:00:00-05:00,22.585315273818974,22.777998407593948,22.463412627916107,22.655113220214844,3400,0.0,0.0
2024-11-05 00:00:00-05:00,22.443748825106315,22.618736823480965,22.365102386223853,22.58629608154297,10300,0.0,0.0
2024-11-06 00:00:00-05:00,22.237302595426552,22.768165588378906,22.11933199972658,22.768165588378906,2600,0.0,0.0
2024-11-07 00:00:00-05:00,22.561720930157705,23.200723523206452,22.561720930157705,22.807491302490234,15100,0.0,0.0
2024-11-08 00:00:00-05:00,23.102414824631303,23.11224586445979,22.6108740836817,22.876306533813477,7400,0.0,0.0
2024-11-11 00:00:00-05:00,23.07292212220452,23.07292212220452,22.02102521757128,22.094757080078125,9900,0.0,0.0
2024-11-12 00:00:00-05:00,22.6108730379049,22.86647443638635,22.168485641479492,22.168485641479492,16000,0.0,0.0
2024-11-13 00:00:00-05:00,22.262862377378692,22.478157079446074,21.89912141664968,22.296287536621094,11600,0.0,0.0
2024-11-14 00:00:00-05:00,22.738673855912822,22.738673855912822,21.883394016531085,22.315950393676758,5600,0.0,0.0
2024-11-15 00:00:00-05:00,22.355271332589883,22.36510237182874,21.97187017766953,22.30611801147461,3900,0.0,0.0
2024-11-18 00:00:00-05:00,21.922714982937485,22.217640534885817,21.214897033403698,21.382020950317383,25000,0.0,0.0
2024-11-19 00:00:00-05:00,21.24439066887318,21.57863851084657,21.165744228119387,21.273881912231445,12300,0.0,0.0
2024-11-20 00:00:00-05:00,21.47049847428928,21.568806991815535,21.35252787824197,21.480329513549805,6600,0.0,0.0
2024-11-21 00:00:00-05:00,21.6376228878847,21.87356221031229,21.6376228878847,21.834238052368164,7700,0.0,0.0
2024-11-22 00:00:00-05:00,21.893223904503785,22.453580019805752,21.893223904503785,22.237302780151367,6700,0.0,0.0
2024-11-25 00:00:00-05:00,22.492903932023204,22.512566012074593,21.883394451063335,22.291372299194336,19800,0.0,0.0
2024-11-26 00:00:00-05:00,22.512564952305784,22.512564952305784,21.67694534024965,22.22747230529785,6500,0.0,0.0
2024-11-27 00:00:00-05:00,22.43883514404297,22.43883514404297,22.43883514404297,22.43883514404297,1000,0.0,0.0
2024-11-29 00:00:00-05:00,22.399510176183483,22.601041793823242,22.27662499774268,22.601041793823242,4100,0.0,0.0
2024-12-02 00:00:00-05:00,22.56466743029855,22.56466743029855,22.266794248893607,22.365102767944336,4700,0.0,0.0
2024-12-03 00:00:00-05:00,22.365104071709574,22.414257396560792,22.21764222207677,22.276626586914062,4400,0.0,0.0
2024-12-04 00:00:00-05:00,22.266793854519186,22.315949050713467,22.119332016094358,22.30611801147461,9900,0.0,0.0
2024-12-05 00:00:00-05:00,22.266794327102115,22.266794327102115,22.07017916338912,22.15275764465332,10100,0.0,0.0
2024-12-06 00:00:00-05:00,22.31595031295211,22.31595031295211,22.119333267211914,22.119333267211914,5100,0.0,0.0
2024-12-09 00:00:00-05:00,22.119332016094358,22.315949050713467,22.119332016094358,22.30611801147461,5000,0.0,0.0
2024-12-10 00:00:00-05:00,22.266795154429122,22.31595035349303,22.217641830444336,22.217641830444336,3200,0.0,0.0
2024-12-11 00:00:00-05:00,21.79884841492958,22.21764170827138,21.79491637404191,21.92271614074707,10700,0.0,0.0
2024-12-12 00:00:00-05:00,21.91288609495149,22.119332296346116,21.775253418942704,21.790000915527344,6700,0.0,0.0
2024-12-13 00:00:00-05:00,22.0,22.211999893188477,21.600000381469727,21.770000457763672,9900,0.375,0.0
2024-12-16 00:00:00-05:00,21.799999237060547,21.799999237060547,21.25,21.40999984741211,13100,0.0,0.0
2024-12-17 00:00:00-05:00,21.450000762939453,21.649999618530273,21.18000030517578,21.219999313354492,19900,0.0,0.0
2024-12-18 00:00:00-05:00,21.280000686645508,21.450000762939453,21.18000030517578,21.25,19500,0.0,0.0
2024-12-19 00:00:00-05:00,21.420000076293945,21.420000076293945,20.90999984741211,21.170000076293945,13800,0.0,0.0
2024-12-20 00:00:00-05:00,21.15999984741211,21.204999923706055,20.709999084472656,20.95009994506836,18906,0.0,0.0
