Date,Open,High,Low,Close,Volume,Dividends,Stock Splits
2022-01-03 00:00:00-05:00,59.43795233569459,60.67313893614227,58.25250891035633,58.84109115600586,296300,0.0,0.0
2022-01-04 00:00:00-05:00,59.330185002566715,60.34983467466145,58.70015751147871,59.4047966003418,182600,0.0,0.0
2022-01-05 00:00:00-05:00,59.43794428190664,60.79747282435066,58.036970477882974,58.211055755615234,229700,0.0,0.0
2022-01-06 00:00:00-05:00,58.05355974779678,58.98202108579153,57.44923546317518,58.53437042236328,170100,0.0,0.0
2022-01-07 00:00:00-05:00,58.57581463188079,60.05968541431398,57.20799438686103,57.224571228027344,270800,0.0,0.0
2022-01-10 00:00:00-05:00,56.85981597597505,57.589323460538616,56.46190855223536,57.4732666015625,335600,0.0,0.0
2022-01-11 00:00:00-05:00,57.70537858432781,58.35612550083149,56.984162704127755,58.045257568359375,204600,0.0,0.0
2022-01-12 00:00:00-05:00,59.27215004134853,59.52913216450126,58.67113999466525,59.363338470458984,273000,0.0,0.0
2022-01-13 00:00:00-05:00,59.686647423909285,60.7560339492093,59.214128384788324,59.595458984375,279300,0.0,0.0
2022-01-14 00:00:00-05:00,58.79964306283631,59.39651060266432,57.44840583906618,58.31883239746094,196800,0.0,0.0
2022-01-18 00:00:00-05:00,58.10329238980906,58.10329238980906,55.657800248441966,55.77385711669922,284900,0.0,0.0
2022-01-19 00:00:00-05:00,57.824756405984154,59.79441540452754,57.78828229344864,57.98723602294922,501700,0.0,0.0
2022-01-20 00:00:00-05:00,57.821442450922255,58.824509009037016,55.99768622246362,56.12202835083008,322000,0.0,0.0
2022-01-21 00:00:00-05:00,56.75205459498577,58.40172548191058,55.85261071387319,57.00075149536133,424700,0.0,0.0
2022-01-24 00:00:00-05:00,56.48677921043342,60.581948416570924,55.30962740874703,60.540496826171875,414200,0.0,0.0
2022-01-25 00:00:00-05:00,59.42967406750815,60.888676666752765,58.09501360910065,60.548797607421875,611000,0.0,0.0
2022-01-26 00:00:00-05:00,61.344619068364246,62.84507326764266,59.08149723070956,60.00166702270508,632300,0.0,0.0
2022-01-27 00:00:00-05:00,60.28351174323529,61.34460662975603,57.945785094924155,58.33540725708008,480000,0.0,0.0
2022-01-28 00:00:00-05:00,58.642132105120986,58.91569743670198,57.42767760449256,58.907405853271484,648900,0.0,0.0
2022-01-31 00:00:00-05:00,59.04832846486247,59.38820743816144,57.506423062520625,58.211055755615234,547100,0.0,0.0
2022-02-01 00:00:00-05:00,58.799638084351656,63.549703249446964,57.697091545777425,62.93625259399414,884300,0.0,0.0
2022-02-02 00:00:00-05:00,63.59944042061108,69.1121668167621,63.52068619251074,67.85211181640625,1095600,0.0,0.0
2022-02-03 00:00:00-05:00,66.74128768791346,68.48214719091456,65.7216378838643,66.53404235839844,571800,0.0,0.0
2022-02-04 00:00:00-05:00,66.3184961325626,67.01483730613468,63.458513516695696,63.557987213134766,483800,0.0,0.0
2022-02-07 00:00:00-05:00,63.87300285261669,65.1496283122172,62.77045635833718,63.997344970703125,401600,0.0,0.0
2022-02-08 00:00:00-05:00,64.66053352243861,68.58161737657005,64.66053352243861,68.30805206298828,661500,0.0,0.0
2022-02-09 00:00:00-05:00,68.75569882573039,70.51313482161595,67.85210608052334,68.49042510986328,383200,0.0,0.0
2022-02-10 00:00:00-05:00,67.25524304522204,69.04915959144935,66.60863871571952,67.15576934814453,384000,0.0,0.0
2022-02-11 00:00:00-05:00,67.08943602598674,68.04276548983583,65.34028552025121,66.1195297241211,303600,0.0,0.0
2022-02-14 00:00:00-05:00,65.9869007518217,66.76614508594955,65.48951330807765,65.77965545654297,237600,0.0,0.0
2022-02-15 00:00:00-05:00,66.98997324748049,68.68109576801916,66.89878480338588,68.07594299316406,312600,0.0,0.0
2022-02-16 00:00:00-05:00,67.5785477492842,70.02404619653403,67.5785477492842,69.17019653320312,380000,0.0,0.0
2022-02-17 00:00:00-05:00,68.2748991024918,69.83006753695699,67.68217419522486,67.77751159667969,363500,0.0,0.0
2022-02-18 00:00:00-05:00,67.28768571389485,69.26355864613464,66.98050955611738,68.5412826538086,343700,0.12,0.0
2022-02-22 00:00:00-05:00,68.48317420352782,69.1805452729058,65.36162776778657,67.88542938232422,681300,0.0,0.0
2022-02-23 00:00:00-05:00,67.88542611038258,68.20920981786324,53.45655772610583,53.72222137451172,2209900,0.0,0.0
2022-02-24 00:00:00-05:00,54.30336164809626,61.44307730574577,53.43995325995475,61.25212860107422,1216300,0.0,0.0
2022-02-25 00:00:00-05:00,61.310250436289465,63.917077151615715,60.546468184367946,63.38574981689453,596900,0.0,0.0
2022-02-28 00:00:00-05:00,63.41895373180902,66.6982399695741,62.937436392079775,66.36616516113281,600200,0.0,0.0
2022-03-01 00:00:00-05:00,66.36616377918979,67.32088833445975,65.32841418961738,66.27484130859375,457000,0.0,0.0
2022-03-02 00:00:00-05:00,66.33295908894969,69.23035434673282,66.27484536173644,68.74053955078125,312300,0.0,0.0
2022-03-03 00:00:00-05:00,68.67412601530845,68.69488227635107,65.75181927674295,66.08390045166016,436100,0.0,0.0
2022-03-04 00:00:00-05:00,65.48615787984077,65.48615787984077,63.1616022424638,64.62274932861328,387300,0.0,0.0
2022-03-07 00:00:00-05:00,64.3321721791976,64.3570771564604,60.13966754670579,60.97816467285156,432800,0.0,0.0
2022-03-08 00:00:00-05:00,61.38496037412382,62.11553374099931,59.40078383931765,59.55851745605469,457400,0.0,0.0
2022-03-09 00:00:00-05:00,62.03251829176226,62.03251829176226,60.073246629041236,61.25212860107422,481600,0.0,0.0
2022-03-10 00:00:00-05:00,59.957017790026214,63.1931317656194,59.62493667402252,62.79629898071289,328900,0.0,0.0
2022-03-11 00:00:00-05:00,64.23255392783264,65.02954489041579,63.39405044612615,63.67631530761719,334500,0.0,0.0
2022-03-14 00:00:00-04:00,64.84691043160355,65.00465042908633,61.79177474714188,62.60537338256836,316100,0.0,0.0
2022-03-15 00:00:00-04:00,62.91252260748466,64.78047164611031,62.140436751495926,64.57292175292969,328700,0.0,0.0
2022-03-16 00:00:00-04:00,64.7223680807929,66.1918251019848,63.38574605235282,65.43634033203125,303300,0.0,0.0
2022-03-17 00:00:00-04:00,65.04614083858684,67.50353102467972,65.04614083858684,67.4122085571289,278800,0.0,0.0
2022-03-18 00:00:00-04:00,66.99711572775806,68.10128288962859,65.05445139838099,67.58656311035156,781900,0.0,0.0
2022-03-21 00:00:00-04:00,67.70277990049006,68.58278944946558,65.7518057737307,66.5903091430664,261300,0.0,0.0
2022-03-22 00:00:00-04:00,67.24616918024027,67.91033140941576,63.38573968273869,66.00086975097656,535900,0.0,0.0
2022-03-23 00:00:00-04:00,65.46124807441922,65.66879800891891,62.43932153481738,62.61366271972656,316700,0.0,0.0
2022-03-24 00:00:00-04:00,62.92083908918403,63.074424014313436,59.28456650620114,59.326072692871094,534500,0.0,0.0
2022-03-25 00:00:00-04:00,59.84079660781727,60.62035028436436,57.69887983620277,60.438541412353516,460800,0.0,0.0
2022-03-28 00:00:00-04:00,60.338918289708964,61.03628304181158,59.20984611913395,60.986473083496094,283200,0.0,0.0
2022-03-29 00:00:00-04:00,61.6174169551899,63.40649612708327,60.895141003874606,62.44761657714844,359200,0.0,0.0
2022-03-30 00:00:00-04:00,62.37289628004283,62.551392495157025,59.41738760711696,59.674747467041016,267200,0.0,0.0
2022-03-31 00:00:00-04:00,59.409087383453624,59.87400351374195,57.4415181853124,57.673973083496094,513500,0.0,0.0
2022-04-01 00:00:00-04:00,57.997750071801434,58.93587342870055,56.74414678322654,58.637001037597656,483000,0.0,0.0
2022-04-04 00:00:00-04:00,58.612090272719804,59.74116223118591,57.37509464687101,59.35096740722656,326700,0.0,0.0
2022-04-05 00:00:00-04:00,58.695112122436164,59.6166342312455,57.05132037920697,57.42490768432617,306000,0.0,0.0
2022-04-06 00:00:00-04:00,56.544894145883696,57.333581216738054,55.04223492641752,55.58185958862305,435100,0.0,0.0
2022-04-07 00:00:00-04:00,55.7479169843268,56.15056438788354,54.37808606848892,55.68149948120117,485100,0.0,0.0
2022-04-08 00:00:00-04:00,55.955459978102795,58.16378784428746,55.698093768951864,56.57810974121094,289400,0.0,0.0
2022-04-11 00:00:00-04:00,56.63622364829563,58.686817888168676,55.87244145656216,57.134342193603516,256000,0.0,0.0
2022-04-12 00:00:00-04:00,58.105669228825114,59.94871338591799,58.01019804668249,59.2347412109375,371200,0.0,0.0
2022-04-13 00:00:00-04:00,59.649853553412655,61.50120186920445,59.649853553412655,60.961570739746094,247000,0.0,0.0
2022-04-14 00:00:00-04:00,61.31855680862127,61.8415803945102,58.9441849097676,59.101924896240234,245100,0.0,0.0
2022-04-18 00:00:00-04:00,59.010594965959044,60.450991922145064,58.86946254004226,60.14796447753906,258500,0.0,0.0
2022-04-19 00:00:00-04:00,60.23928621431673,63.20309879200981,60.18947626081762,62.937435150146484,218900,0.0,0.0
2022-04-20 00:00:00-04:00,64.5397272223217,67.5284450754879,63.92538117671878,67.01372528076172,508600,0.0,0.0
2022-04-21 00:00:00-04:00,67.66127580212009,68.15939435719197,63.435562353656294,64.3404769897461,318700,0.0,0.0
2022-04-22 00:00:00-04:00,63.908780131170225,64.47331621973215,61.50119956718783,61.95780563354492,274300,0.0,0.0
2022-04-25 00:00:00-04:00,61.42647507205646,63.53518310591681,60.43854171935518,63.2529182434082,318700,0.0,0.0
2022-04-26 00:00:00-04:00,62.61365745546867,63.20309845981985,60.239285897704306,60.33060836791992,287500,0.0,0.0
2022-04-27 00:00:00-04:00,60.60458864211159,61.72535716528402,59.409098839302516,61.23554229736328,391000,0.0,0.0
2022-04-28 00:00:00-04:00,62.50574318126229,64.48992018001604,60.47590494053211,63.70123291015625,236300,0.0,0.0
2022-04-29 00:00:00-04:00,62.91251639901504,64.55631417771363,62.273265578027484,62.74647903442383,343600,0.0,0.0
2022-05-02 00:00:00-04:00,62.41441584512681,63.966891617711575,61.036281255465276,63.4189567565918,311500,0.0,0.0
2022-05-03 00:00:00-04:00,63.43556197440022,66.13371099332292,63.05366453940988,65.90955352783203,343700,0.0,0.0
2022-05-04 00:00:00-04:00,66.05898864733581,70.70810561410546,65.96766617532019,70.61678314208984,324300,0.0,0.0
2022-05-05 00:00:00-04:00,69.42129167500698,70.0605425694262,66.0797370739243,67.80239868164062,388900,0.0,0.0
2022-05-06 00:00:00-04:00,67.25447612797456,67.25447612797456,62.00761453809854,63.120079040527344,403600,0.0,0.0
2022-05-09 00:00:00-04:00,63.09518673610294,68.49148560169068,62.26581665441099,67.79412078857422,445400,0.0,0.0
2022-05-10 00:00:00-04:00,67.4703209833122,67.78580089567384,63.128380475695394,65.054443359375,399500,0.0,0.0
2022-05-11 00:00:00-04:00,64.88010826669573,66.18352155127697,62.27328169753326,62.70498275756836,277900,0.0,0.0
2022-05-12 00:00:00-04:00,62.954053896954655,65.56918459782796,62.69253892669074,65.33672332763672,361800,0.0,0.0
2022-05-13 00:00:00-04:00,65.90954554096312,67.91032961128518,65.2868958428178,65.8929443359375,317800,0.0,0.0
2022-05-16 00:00:00-04:00,66.04239730693456,66.52390838213636,63.09518545286991,64.77218627929688,332700,0.0,0.0
2022-05-17 00:00:00-04:00,66.2001208303623,68.86921610006601,65.44464241382418,68.61600494384766,335700,0.0,0.0
2022-05-18 00:00:00-04:00,67.91863476083994,69.88621031066201,65.58577565368387,66.17521667480469,379500,0.0,0.0
2022-05-19 00:00:00-04:00,65.67710397356488,66.54051248999403,64.65180675617538,64.76388549804688,346400,0.0,0.0
2022-05-20 00:00:00-04:00,65.51935745360598,65.65219244315057,61.517795235428856,63.69292068481445,448700,0.0,0.0
2022-05-23 00:00:00-04:00,64.64764501099746,65.15738624698629,62.82120209406987,62.970638275146484,454500,0.0,0.0
2022-05-24 00:00:00-04:00,63.061966918515054,63.061966918515054,59.346824618136644,61.434776306152344,539400,0.0,0.0
2022-05-25 00:00:00-04:00,60.8735575335342,65.20388177928204,60.62117612856798,64.40689086914062,259400,0.0,0.0
2022-05-26 00:00:00-04:00,65.75180256736309,67.2295631035081,64.69745191390678,66.67332458496094,312500,0.0,0.0
2022-05-27 00:00:00-04:00,67.24617774909298,68.68242606078292,66.67333791178295,68.54959106445312,367000,0.0,0.0
2022-05-31 00:00:00-04:00,68.82395329140705,69.20121389613968,65.62583366433378,66.29460906982422,615300,2.62,0.0
2022-06-01 00:00:00-04:00,66.42323319324356,68.0694508787594,65.50066103158352,67.37495422363281,505000,0.0,0.0
2022-06-02 00:00:00-04:00,67.8122182656665,70.23867813095512,67.69218198285596,69.71566009521484,423100,0.0,0.0
2022-06-03 00:00:00-04:00,69.19265191122759,70.78314269715395,69.1283490868117,69.77568817138672,325900,0.0,0.0
2022-06-06 00:00:00-04:00,70.50447759652695,71.89347072292207,69.59562305465953,71.20755004882812,324700,0.0,0.0
2022-06-07 00:00:00-04:00,70.32441416419769,73.02524348619558,69.05545736385017,72.87948608398438,398900,0.0,0.0
2022-06-08 00:00:00-04:00,71.97920805933023,72.46792906134293,69.0811790612621,69.57847595214844,260500,0.0,0.0
2022-06-09 00:00:00-04:00,68.97828513196987,70.22152730714652,68.31808562903808,68.73821258544922,190200,0.0,0.0
2022-06-10 00:00:00-04:00,67.606439803349,69.15834860681767,65.36861034786271,66.19171905517578,473600,0.0,0.0
2022-06-13 00:00:00-04:00,63.95388613737844,64.17681344442151,59.28960371511756,60.06983947753906,833500,0.0,0.0
2022-06-14 00:00:00-04:00,60.38708672077803,62.487728173824706,60.0869960191266,61.66461944580078,487000,0.0,0.0
2022-06-15 00:00:00-04:00,61.733212307260445,62.12761815646733,58.637977111313596,59.469661712646484,429700,0.0,0.0
2022-06-16 00:00:00-04:00,57.84058815023449,57.84058815023449,53.50211737051611,54.97685623168945,615400,0.0,0.0
2022-06-17 00:00:00-04:00,56.61449548857591,56.623071376914005,54.0937239897822,55.654205322265625,998700,0.0,0.0
2022-06-21 00:00:00-04:00,56.79455686500562,56.80313275439621,54.12545356952429,54.70248794555664,514700,0.0,0.0
2022-06-22 00:00:00-04:00,53.63930476691988,54.92541011804637,53.004823074337,53.51069259643555,418900,0.0,0.0
2022-06-23 00:00:00-04:00,51.092812524174434,51.547236558396904,47.29021656629922,47.79180145263672,907200,0.0,0.0
2022-06-24 00:00:00-04:00,47.79179782699483,50.98563292961976,47.761788756648116,50.732696533203125,762500,0.0,0.0
2022-06-27 00:00:00-04:00,51.39289743503298,52.07882462436698,50.46690096262125,50.758419036865234,377200,0.0,0.0
2022-06-28 00:00:00-04:00,51.14426204729341,51.83447404231237,50.48405912724292,50.94705581665039,417800,0.0,0.0
2022-06-29 00:00:00-04:00,50.55264006445689,50.94704590754398,49.40457321268433,50.501197814941406,361500,0.0,0.0
2022-06-30 00:00:00-04:00,49.575199355242084,51.87304698759156,48.88927542112508,51.0070686340332,377700,0.0,0.0
2022-07-01 00:00:00-04:00,51.09280211089556,52.6275589882437,50.466896387502054,51.94163513183594,374100,0.0,0.0
2022-07-05 00:00:00-04:00,51.37574844677972,51.39718489777424,49.909585471267114,51.15282440185547,342600,0.0,0.0
2022-07-06 00:00:00-04:00,50.96419740945148,51.52151246407283,48.76924074797436,50.76699447631836,262800,0.0,0.0
2022-07-07 00:00:00-04:00,51.51293987006848,53.23632401654764,51.152827748408946,52.72188186645508,298900,0.0,0.0
2022-07-08 00:00:00-04:00,52.78189951178733,53.27062053100119,51.6415482864594,52.3360481262207,281500,0.0,0.0
2022-07-11 00:00:00-04:00,52.18171112953203,53.6633087202186,51.967359705747064,52.63613510131836,164700,0.0,0.0
2022-07-12 00:00:00-04:00,52.76475020948742,54.745355382552525,52.6447139287857,52.99625015258789,243600,0.0,0.0
2022-07-13 00:00:00-04:00,52.17313983343603,53.99941504064752,51.30716144424514,53.930824279785156,281600,0.0,0.0
2022-07-14 00:00:00-04:00,52.32747165691131,53.030544107310014,50.80986309327215,52.430362701416016,209100,0.0,0.0
2022-07-15 00:00:00-04:00,53.373507951535736,53.373507951535736,51.10995729425943,52.207435607910156,264100,0.0,0.0
2022-07-18 00:00:00-04:00,53.01339969707726,53.53641446311784,51.98451213119407,52.113121032714844,216500,0.0,0.0
2022-07-19 00:00:00-04:00,55.09689474180915,55.928579357119396,54.01656167665969,54.29950714111328,599900,0.0,0.0
2022-07-20 00:00:00-04:00,54.34237641912088,56.648796669610235,53.596431074474715,56.11720275878906,329300,0.0,0.0
2022-07-21 00:00:00-04:00,55.002582207297564,55.48272735179944,53.674460834534784,54.87397003173828,199500,0.0,0.0
2022-07-22 00:00:00-04:00,55.39698086687867,56.24581064863702,53.982260202957335,54.91683578491211,295100,0.0,0.0
2022-07-25 00:00:00-04:00,55.071178868752746,55.92000880158584,54.10230610257667,55.7485237121582,202300,0.0,0.0
2022-07-26 00:00:00-04:00,55.345548666544964,56.841717645867014,55.011160917834815,55.96287536621094,223200,0.0,0.0
2022-07-27 00:00:00-04:00,55.739945282189154,56.58877507672387,54.753927438464146,56.29726028442383,206300,0.0,0.0
2022-07-28 00:00:00-04:00,56.588776404700944,58.66369663624991,56.12663347476383,58.35503005981445,251100,0.0,0.0
2022-07-29 00:00:00-04:00,58.7065720917743,60.644310896692865,58.47506887863397,60.627159118652344,331400,0.0,0.0
2022-08-01 00:00:00-04:00,60.54142434009403,62.25623594799023,59.872648859652465,60.8843879699707,285000,0.0,0.0
2022-08-02 00:00:00-04:00,59.958378831005795,60.71289346650443,58.17497346547869,58.20927047729492,424400,0.0,0.0
2022-08-03 00:00:00-04:00,59.20386537554867,59.75260449257345,57.9691990914998,59.281028747558594,296500,0.0,0.0
2022-08-04 00:00:00-04:00,59.452510833740234,60.17273505645361,58.56081462121763,59.452510833740234,290800,0.0,0.0
2022-08-05 00:00:00-04:00,59.00666209131805,59.76975266788506,58.68085026877383,59.29818344116211,279000,0.0,0.0
2022-08-08 00:00:00-04:00,59.761180475080955,62.14477404733116,59.761180475080955,61.6817741394043,334900,0.0,0.0
2022-08-09 00:00:00-04:00,61.05586189370984,61.158752937332615,57.48048153177322,57.892032623291016,405900,0.0,0.0
2022-08-10 00:00:00-04:00,59.39249254394668,61.02156475309837,59.36677141846579,60.41280746459961,431300,0.0,0.0
2022-08-11 00:00:00-04:00,61.210192704066884,62.61205286215423,60.957259591265824,61.17589569091797,256400,0.0,0.0
2022-08-12 00:00:00-04:00,61.630330296991445,62.62063955106433,61.355960685965684,62.17906951904297,224100,0.0,0.0
2022-08-15 00:00:00-04:00,61.55315270010642,61.66461308021766,59.212432385882394,61.00441360473633,408500,0.0,0.0
2022-08-16 00:00:00-04:00,61.01299979335289,62.616344450841765,60.6057268056609,61.930423736572266,275700,0.0,0.0
2022-08-17 00:00:00-04:00,60.96154915112626,61.328520025598586,60.039840561759284,60.68717956542969,172700,0.0,0.0
2022-08-18 00:00:00-04:00,60.97870709121284,62.624924771729,60.97870709121284,62.573482513427734,201000,0.0,0.0
2022-08-19 00:00:00-04:00,61.91327425746162,62.217656205651885,60.68718365775076,61.253074645996094,226200,0.0,0.0
2022-08-22 00:00:00-04:00,60.54142536261471,60.54142536261471,59.23816485536925,60.04412841796875,304400,0.0,0.0
2022-08-23 00:00:00-04:00,60.29277284508514,61.43312407704383,59.778330696840314,59.82977294921875,241200,0.0,0.0
2022-08-24 00:00:00-04:00,59.11812410662598,59.65829391805973,58.449348665314446,58.663700103759766,316000,0.0,0.0
2022-08-25 00:00:00-04:00,59.006665268675974,60.67860391601834,58.86090785664857,60.46425247192383,213400,0.0,0.0
2022-08-26 00:00:00-04:00,60.36136353257295,60.36136353257295,57.66911011577503,57.73769760131836,252000,0.0,0.0
2022-08-29 00:00:00-04:00,57.30898957557207,57.88345632327391,56.83742040062043,56.940311431884766,190300,0.0,0.0
2022-08-30 00:00:00-04:00,57.188963850229435,57.188963850229435,54.88254671229736,54.9940071105957,318300,0.0,0.0
2022-08-31 00:00:00-04:00,54.60744861307441,54.787840531733906,53.11276803436127,53.542274475097656,351500,0.12,0.0
2022-09-01 00:00:00-04:00,53.02686528306034,55.157216856094756,51.79847658875282,54.770660400390625,449700,0.0,0.0
2022-09-02 00:00:00-04:00,55.440692819733606,55.80147666136732,53.172899309824146,53.61958312988281,240900,0.0,0.0
2022-09-06 00:00:00-04:00,53.25880154134774,53.92024188919907,52.1936240686961,53.04404830932617,277100,0.0,0.0
2022-09-07 00:00:00-04:00,52.7605664478415,53.15571484008169,51.72116170994906,52.99250030517578,228800,0.0,0.0
2022-09-08 00:00:00-04:00,52.21080178468064,53.01827598887715,51.34320021792325,52.97532272338867,186200,0.0,0.0
2022-09-09 00:00:00-04:00,53.62817170919533,54.90809900206676,53.11276531742644,54.5816764831543,191200,0.0,0.0
2022-09-12 00:00:00-04:00,55.286072588852704,55.956101624316815,54.82220482112789,55.02836608886719,172000,0.0,0.0
2022-09-13 00:00:00-04:00,52.76056647301268,52.906600358162706,50.69120750055046,50.776248931884766,377800,0.0,0.0
2022-09-14 00:00:00-04:00,50.73330571140823,51.14563153178358,48.95085319515719,50.6559944152832,366800,0.0,0.0
2022-09-15 00:00:00-04:00,50.35532846620678,51.61807830692655,50.28660914748069,50.7504768371582,207700,0.0,0.0
2022-09-16 00:00:00-04:00,49.83133701992803,51.15421767590204,49.573633804616335,50.83638381958008,615500,0.0,0.0
2022-09-19 00:00:00-04:00,50.52713804528339,52.7244918695594,50.52713804528339,52.36542510986328,180400,0.0,0.0
2022-09-20 00:00:00-04:00,51.65244632485572,52.081952772613334,49.88287858041965,50.96523666381836,290100,0.0,0.0
2022-09-21 00:00:00-04:00,51.71257859488308,52.79493343551324,51.025368912191375,51.10268020629883,199200,0.0,0.0
2022-09-22 00:00:00-04:00,51.102681449741354,51.347500007559574,49.659539442536776,49.73685073852539,293500,0.0,0.0
2022-09-23 00:00:00-04:00,49.101178247749075,49.45337341295328,48.11331208158217,48.88642501831055,232100,0.0,0.0
2022-09-26 00:00:00-04:00,48.58577066115977,49.12694642722296,47.3659706427632,47.554954528808594,207700,0.0,0.0
2022-09-27 00:00:00-04:00,48.482682458897514,49.041042103542736,47.72675353543409,48.559993743896484,200300,0.0,0.0
2022-09-28 00:00:00-04:00,49.058225070810145,51.59660637392615,48.85206054211528,51.11985397338867,320000,0.0,0.0
2022-09-29 00:00:00-04:00,49.62517356179779,50.24366387266808,49.041044551947856,50.15776062011719,187100,0.0,0.0
2022-09-30 00:00:00-04:00,50.44982906491228,52.54152673242226,49.19567097159231,51.076908111572266,323100,0.0,0.0
2022-10-03 00:00:00-04:00,52.31388846740123,53.147128776761406,51.557956175527444,52.5629997253418,193200,0.0,0.0
2022-10-04 00:00:00-04:00,53.49932044430536,54.727709109391284,53.49932044430536,54.590267181396484,196700,0.0,0.0
2022-10-05 00:00:00-04:00,53.88587707771393,54.959643167920746,53.32752067693082,54.444236755371094,168400,0.0,0.0
2022-10-06 00:00:00-04:00,54.169351886796484,55.05843006180891,54.169351886796484,54.65898895263672,139400,0.0,0.0
2022-10-07 00:00:00-04:00,53.860110489983335,54.06111723162813,52.61454110637592,53.0268669128418,176500,0.0,0.0
2022-10-10 00:00:00-04:00,53.55086618160328,56.63472273105164,53.55086618160328,55.947509765625,392300,0.0,0.0
2022-10-11 00:00:00-04:00,55.53518694094111,56.677675704686145,54.43994415024564,55.200172424316406,313500,0.0,0.0
2022-10-12 00:00:00-04:00,54.762075190423765,54.83423196315356,52.20221701004142,53.45637512207031,283200,0.0,0.0
2022-10-13 00:00:00-04:00,51.53218672242761,52.58877222510438,50.080452784517654,52.45991897583008,411900,0.0,0.0
2022-10-14 00:00:00-04:00,52.57158954536364,52.91519273538289,49.92582827015744,50.381107330322266,257900,0.0,0.0
2022-10-17 00:00:00-04:00,51.437695393878315,52.45562362323987,51.10268087399353,52.374019622802734,258400,0.0,0.0
2022-10-18 00:00:00-04:00,53.808567479325646,54.89951425448868,52.855062636953875,53.86869812011719,196500,0.0,0.0
2022-10-19 00:00:00-04:00,53.64535172195071,53.95459686408828,51.36037773233564,52.2623405456543,209000,0.0,0.0
2022-10-20 00:00:00-04:00,52.68326329617735,54.00614068597223,51.132744732861326,51.52359390258789,221800,0.0,0.0
2022-10-21 00:00:00-04:00,51.92732389259023,53.84292202407987,51.90155128057553,53.55085754394531,186600,0.0,0.0
2022-10-24 00:00:00-04:00,53.946010848174915,54.384109273460325,52.98821327515987,54.341156005859375,257000,0.0,0.0
2022-10-25 00:00:00-04:00,53.98036764293565,55.81006593156576,53.38764995591416,55.414920806884766,321800,0.0,0.0
2022-10-26 00:00:00-04:00,55.835836771386944,57.4421932040054,55.05413191078843,55.449283599853516,269300,0.0,0.0
2022-10-27 00:00:00-04:00,56.03340997305471,57.7170743390691,55.74305928384939,56.12789535522461,264600,0.0,0.0
2022-10-28 00:00:00-04:00,56.65190140678703,58.61045643709884,56.37186627857611,58.32698059082031,232700,0.0,0.0
2022-10-31 00:00:00-04:00,58.017732518322454,58.21960107574329,57.0040970260332,57.35628890991211,379800,0.0,0.0
2022-11-01 00:00:00-04:00,58.850971555591194,60.09653755319561,56.29970236993112,57.467960357666016,675500,0.0,0.0
2022-11-02 00:00:00-04:00,57.25320582448995,57.82015087834262,54.581675427155886,54.607444763183594,332100,0.0,0.0
2022-11-03 00:00:00-04:00,54.09204983112289,55.79289190644813,53.32752878298443,54.89952087402344,277100,0.0,0.0
2022-11-04 00:00:00-04:00,55.9303320610501,56.78075302159847,54.40558280869801,56.643314361572266,269500,0.0,0.0
2022-11-07 00:00:00-05:00,57.34771430464229,57.76433616728486,56.09355601072069,57.656959533691406,204900,0.0,0.0
2022-11-08 00:00:00-05:00,57.991959951766475,58.19812120289704,56.754979337487086,57.2703857421875,249300,0.0,0.0
2022-11-09 00:00:00-05:00,56.334067641638974,57.31334182484693,55.67692329642701,56.23098373413086,208300,0.0,0.0
2022-11-10 00:00:00-05:00,59.37497359615704,61.574044507728246,58.71352999763871,61.376468658447266,326200,0.0,0.0
2022-11-11 00:00:00-05:00,61.385059213208876,64.15967368094562,61.110175355573034,62.9742317199707,290700,0.0,0.0
2022-11-14 00:00:00-05:00,62.14958163814242,63.575546189541605,61.47096066469021,61.75443649291992,245700,0.0,0.0
2022-11-15 00:00:00-05:00,63.43809229646793,64.4173663383459,62.329965027238146,62.5361328125,246900,0.0,0.0
2022-11-16 00:00:00-05:00,61.91764586088632,62.99141188974291,61.25620231701192,62.28702163696289,215400,0.0,0.0
2022-11-17 00:00:00-05:00,61.23044005761607,62.304206210573,60.680672311602,62.226898193359375,199500,0.0,0.0
2022-11-18 00:00:00-05:00,63.03436698611613,63.910563852350194,62.08945406574004,62.553321838378906,186900,0.0,0.0
2022-11-21 00:00:00-05:00,62.00355254200649,62.52755094509152,61.34211548030405,61.977783203125,122200,0.0,0.0
2022-11-22 00:00:00-05:00,62.58767796679158,63.536883514012914,62.02072632919942,63.249114990234375,279100,0.0,0.0
2022-11-23 00:00:00-05:00,62.74230550265171,63.798887741656124,62.244076427898314,62.34716033935547,110100,0.0,0.0
2022-11-25 00:00:00-05:00,62.441636071807594,63.42949544665023,62.441636071807594,62.72510528564453,62700,0.0,0.0
2022-11-28 00:00:00-05:00,62.467410369933404,63.167507882381294,61.86180478752439,62.36432647705078,187900,0.0,0.0
2022-11-29 00:00:00-05:00,62.11523513370744,63.300677405533044,62.11523513370744,63.154640197753906,154500,0.0,0.0
2022-11-30 00:00:00-05:00,63.1895381695645,64.65560578373338,61.487841132448075,64.61197662353516,348700,1.15,0.0
2022-12-01 00:00:00-05:00,64.93485468599825,65.88256539153457,64.00546649396186,64.45488739013672,202000,0.0,0.0
2022-12-02 00:00:00-05:00,63.3727991183072,64.63815799806069,63.14590483950686,63.861488342285156,184400,0.0,0.0
2022-12-05 00:00:00-05:00,62.75320374788892,62.75320374788892,60.798433702688904,61.583831787109375,261400,0.0,0.0
2022-12-06 00:00:00-05:00,61.74091190742986,62.20342226705691,59.41962495653607,60.67626190185547,335200,0.0,0.0
2022-12-07 00:00:00-05:00,60.36211008705733,63.02809634726524,60.36211008705733,62.753211975097656,217400,0.0,0.0
2022-12-08 00:00:00-05:00,63.20697947762983,64.32398701916684,62.439038457295666,63.54731750488281,217000,0.0,0.0
2022-12-09 00:00:00-05:00,63.137165154212944,63.844026694066024,62.290680999921946,62.46521759033203,169900,0.0,0.0
2022-12-12 00:00:00-05:00,62.48266558666728,63.913832285124386,61.55764499465937,63.30297088623047,254800,0.0,0.0
2022-12-13 00:00:00-05:00,65.63298243945424,65.8249693618161,63.31170235662766,63.49496078491211,305600,0.0,0.0
2022-12-14 00:00:00-05:00,63.26806902885437,63.70440053939819,62.1685117580746,62.83173751831055,314900,0.0,0.0
2022-12-15 00:00:00-05:00,61.88925985764217,62.927730983261426,60.894424546233495,62.83173751831055,302700,0.0,0.0
2022-12-16 00:00:00-05:00,62.32560910747742,63.076100051850894,61.6623898163646,61.906734466552734,1215500,0.0,0.0
2022-12-19 00:00:00-05:00,62.1336177684887,63.11100295863657,61.36567654201731,61.77582931518555,285000,0.0,0.0
2022-12-20 00:00:00-05:00,61.39184658491352,62.508854266390266,61.16495231902264,62.23833084106445,258900,0.0,0.0
2022-12-21 00:00:00-05:00,62.77065986617314,63.37279956271954,62.439050270132824,62.6397590637207,172600,0.0,0.0
2022-12-22 00:00:00-05:00,61.92418082875107,61.92418082875107,60.065410580905066,61.45294189453125,169000,0.0,0.0
2022-12-23 00:00:00-05:00,61.47037724243214,61.932887517449636,61.19112537876746,61.889251708984375,166100,0.0,0.0
2022-12-27 00:00:00-05:00,61.88926750353045,62.85792410923819,61.57510824449597,62.02016830444336,94700,0.0,0.0
2022-12-28 00:00:00-05:00,62.04634615854481,62.11616080565402,59.777423390624875,59.78615188598633,121800,0.0,0.0
2022-12-29 00:00:00-05:00,60.35338351123369,61.70600732865838,60.25302246052091,61.36566925048828,156900,0.0,0.0
2022-12-30 00:00:00-05:00,60.48427747329294,60.80542085042835,59.54180638306477,59.92577362060547,190400,0.0,0.0
2023-01-03 00:00:00-05:00,60.57154166443996,62.142331060335025,60.248653959525676,61.191131591796875,260300,0.0,0.0
2023-01-04 00:00:00-05:00,61.897996951162135,62.57605658558767,60.34291325554465,60.84207534790039,250700,0.0,0.0
2023-01-05 00:00:00-05:00,60.13522433882324,60.13522433882324,58.29390445324161,58.7302360534668,317700,0.0,0.0
2023-01-06 00:00:00-05:00,59.48943625829438,60.219860103574796,58.73022369471637,59.68142318725586,210200,0.0,0.0
2023-01-09 00:00:00-05:00,60.013038414631055,60.42319113660046,57.9710099578784,58.485877990722656,354600,0.0,0.0
2023-01-10 00:00:00-05:00,58.45097495845873,59.65524758998474,57.82527303817952,59.463260650634766,227300,0.0,0.0
2023-01-11 00:00:00-05:00,59.57670631513656,61.435482960704405,59.57670631513656,61.418025970458984,198400,0.0,0.0
2023-01-12 00:00:00-05:00,61.9590883634895,62.17725416758629,60.83335201540301,62.081260681152344,173700,0.0,0.0
2023-01-13 00:00:00-05:00,61.42675507797928,62.15106704889213,61.42675507797928,61.68855667114258,177600,0.0,0.0
2023-01-17 00:00:00-05:00,61.671091920480116,61.849989431367504,60.63262748949166,60.65007781982422,127200,0.0,0.0
2023-01-18 00:00:00-05:00,60.72861794727986,62.36922872864841,59.851593986184255,60.33592224121094,203400,0.0,0.0
2023-01-19 00:00:00-05:00,60.0392204019139,60.0392204019139,58.62550386645716,59.253822326660156,177700,0.0,0.0
2023-01-20 00:00:00-05:00,59.82977607853806,60.37082956186672,58.68658962309643,60.33592224121094,336600,0.0,0.0
2023-01-23 00:00:00-05:00,60.632635508868724,62.69211431290331,60.522673779035976,61.50529861450195,205600,0.0,0.0
2023-01-24 00:00:00-05:00,61.65365756933238,62.744486589816354,61.0515178194998,62.081260681152344,208700,0.0,0.0
2023-01-25 00:00:00-05:00,61.87181449500264,63.49496837719625,61.0078798989612,63.4077033996582,157200,0.0,0.0
2023-01-26 00:00:00-05:00,63.94875198763828,64.73415012254091,62.67902555770331,64.06220245361328,205400,0.0,0.0
2023-01-27 00:00:00-05:00,64.09710842886827,64.92614245134223,64.03602227208738,64.2629165649414,146600,0.0,0.0
2023-01-30 00:00:00-05:00,63.625873814955305,64.47235148251836,63.07609176635742,63.07609176635742,143400,0.0,0.0
2023-01-31 00:00:00-05:00,63.55605497129313,65.44973229445209,63.55605497129313,65.42355346679688,216800,0.0,0.0
2023-02-01 00:00:00-05:00,65.16174751430093,67.96299507011695,64.8039591304686,67.09033203125,230800,0.0,0.0
2023-02-02 00:00:00-05:00,67.58775113512957,69.70832263101052,67.58775113512957,68.96656036376953,243600,0.0,0.0
2023-02-03 00:00:00-05:00,68.05898308483799,69.49887831519698,68.05898308483799,68.42550659179688,224300,0.0,0.0
2023-02-06 00:00:00-05:00,67.82337724814398,68.08517218360574,66.27003799424124,67.03797912597656,170100,0.0,0.0
2023-02-07 00:00:00-05:00,66.68891156662743,67.96299887577003,66.08677856345784,67.95427703857422,179600,0.0,0.0
2023-02-08 00:00:00-05:00,67.71865564373338,67.8146491179534,66.40093249044243,66.7674560546875,244200,0.0,0.0
2023-02-09 00:00:00-05:00,67.50049285980705,67.94555292747634,65.80753088773835,65.83370971679688,204800,0.0,0.0
2023-02-10 00:00:00-05:00,65.55444744357612,66.07804391588571,64.9959436520605,66.04313659667969,212400,0.0,0.0
2023-02-13 00:00:00-05:00,66.32239760361709,67.36959069209664,65.8075295548505,67.19506072998047,130200,0.0,0.0
2023-02-14 00:00:00-05:00,66.67146146195253,67.01179953469882,65.31883100819299,66.41838836669922,271900,0.0,0.0
2023-02-15 00:00:00-05:00,65.9558792057543,67.37831767290943,65.16175258282773,67.02925109863281,191400,0.0,0.0
2023-02-16 00:00:00-05:00,65.77261480103061,66.9158012369046,65.26646864702131,66.38347625732422,208700,0.0,0.0
2023-02-17 00:00:00-05:00,66.3834843617261,66.3834843617261,64.46362812936941,65.21411895751953,243200,0.0,0.0
2023-02-21 00:00:00-05:00,63.43030169008502,63.780070330046016,59.78397912922211,59.84518814086914,488200,0.15,0.0
2023-02-22 00:00:00-05:00,60.17745950691047,64.53206502398501,60.17745950691047,63.543968200683594,517200,0.0,0.0
2023-02-23 00:00:00-05:00,62.63457699106222,63.39532327198753,61.56779232746551,62.56462860107422,413800,0.0,0.0
2023-02-24 00:00:00-05:00,61.70769587108423,62.43346462246092,61.49783735824246,62.22360610961914,363900,0.0,0.0
2023-02-27 00:00:00-05:00,63.15923618446811,63.2772778505985,62.10993023100071,62.12742233276367,179800,0.0,0.0
2023-02-28 00:00:00-05:00,61.856348776626014,61.900072360211404,60.422303295950314,60.43104934692383,650900,0.0,0.0
2023-03-01 00:00:00-05:00,60.1512340454333,61.165555777181595,60.02881602041681,60.62342071533203,311800,0.0,0.0
2023-03-02 00:00:00-05:00,60.11625338291777,60.70648835737181,59.62658130835432,60.33485794067383,186400,0.0,0.0
2023-03-03 00:00:00-05:00,60.649639087866966,61.74266169733504,60.387310993082394,61.419124603271484,237400,0.0,0.0
2023-03-06 00:00:00-05:00,61.3316920286743,61.594020157248366,58.638482370935435,59.88016128540039,379600,0.0,0.0
2023-03-07 00:00:00-05:00,59.67904488377389,59.82856832138344,57.90397692386672,58.297462463378906,309000,0.0,0.0
2023-03-08 00:00:00-05:00,58.551044943363365,58.64723148411237,57.65914126793291,58.59476852416992,320100,0.0,0.0
2023-03-09 00:00:00-05:00,58.65597972608567,59.63532392843857,58.507330219840256,58.70844268798828,274900,0.0,0.0
2023-03-10 00:00:00-05:00,58.76090520011793,58.90081532583002,56.434956066051264,56.82844161987305,201600,0.0,0.0
2023-03-13 00:00:00-04:00,55.586767086744096,56.07643916489625,54.639771975493744,54.9659309387207,285100,0.0,0.0
2023-03-14 00:00:00-04:00,56.43495101836106,56.706018523580774,54.30136849105877,55.14955520629883,321400,0.0,0.0
2023-03-15 00:00:00-04:00,53.628075115859886,54.067032135048606,52.81486584250739,53.8466796875,392600,0.0,0.0
2023-03-16 00:00:00-04:00,53.21709769731461,55.910304297712656,52.78950520521534,54.87849044799805,256800,0.0,0.0
2023-03-17 00:00:00-04:00,54.32760928355911,54.791049909784704,53.199608889073865,53.42695617675781,732700,0.0,0.0
2023-03-20 00:00:00-04:00,54.2926336307715,55.70044765989568,54.151852894987314,54.25765609741211,219100,0.0,0.0
2023-03-21 00:00:00-04:00,55.60426029686887,55.98900315126554,54.16584178102559,54.8435173034668,285500,0.0,0.0
2023-03-22 00:00:00-04:00,55.00965399901149,55.07086301191336,53.05095557922867,53.16463088989258,408500,0.0,0.0
2023-03-23 00:00:00-04:00,53.58434865804521,54.36258035762679,52.33393030850148,52.57876968383789,248900,0.0,0.0
2023-03-24 00:00:00-04:00,51.914208753053394,53.23895182177389,51.870488509210496,53.120906829833984,242500,0.0,0.0
2023-03-27 00:00:00-04:00,53.802957717480844,54.17895785882427,53.10342373439115,53.95161056518555,164400,0.0,0.0
2023-03-28 00:00:00-04:00,53.93412168868043,54.70798042622399,53.698028344436345,54.20519256591797,248300,0.0,0.0
2023-03-29 00:00:00-04:00,54.97467652545046,55.06212035514657,53.73300416453509,54.572444915771484,220500,0.0,0.0
2023-03-30 00:00:00-04:00,55.000909318810464,55.11458128977209,53.78983817329023,53.90788650512695,161500,0.0,0.0
2023-03-31 00:00:00-04:00,54.29262840978317,55.40751299500353,54.08276656544914,55.30695343017578,415400,0.0,0.0
2023-04-03 00:00:00-04:00,55.36816730020866,55.90156300472468,54.589935535511316,55.44686508178711,228000,0.0,0.0
2023-04-04 00:00:00-04:00,55.595513689790955,55.595513689790955,52.70118809428357,53.26955795288086,246600,0.0,0.0
2023-04-05 00:00:00-04:00,52.84983646094159,53.34388489421137,52.37765315325302,53.252071380615234,226400,0.0,0.0
2023-04-06 00:00:00-04:00,53.28705007022422,53.28705007022422,52.61374757807475,53.00723648071289,232400,0.0,0.0
2023-04-10 00:00:00-04:00,52.94602536058437,54.62491016651665,52.94602536058437,54.345096588134766,315100,0.0,0.0
2023-04-11 00:00:00-04:00,54.32760576953334,55.99774446172992,54.318859719241374,55.90155792236328,431600,0.0,0.0
2023-04-12 00:00:00-04:00,56.81094909557003,56.81094909557003,56.015225365332455,56.443695068359375,312900,0.0,0.0
2023-04-13 00:00:00-04:00,56.39998118153023,57.13011967224112,55.272854695326316,56.898399353027344,306800,0.0,0.0
2023-04-14 00:00:00-04:00,56.74974698610276,57.458023649104476,56.04146365181907,57.16072463989258,305600,0.0,0.0
2023-04-17 00:00:00-04:00,56.83718978181781,58.612257872214045,56.83718978181781,58.42863082885742,344900,0.0,0.0
2023-04-18 00:00:00-04:00,58.61225996064887,59.0319836970495,57.47988981729404,58.62100601196289,356400,0.0,0.0
2023-04-19 00:00:00-04:00,58.42862853630478,58.9314163730571,58.096351995356294,58.7434196472168,265600,0.0,0.0
2023-04-20 00:00:00-04:00,58.00890576055332,59.69216362583023,58.00890576055332,59.18062973022461,308600,0.0,0.0
2023-04-21 00:00:00-04:00,59.09318187763675,59.351133638198036,57.729084987933994,57.90397262573242,345600,0.0,0.0
2023-04-24 00:00:00-04:00,57.87774544407014,58.332439993534926,57.47551385419851,58.297462463378906,209300,0.0,0.0
2023-04-25 00:00:00-04:00,57.729091747367356,58.26248743036508,56.82844198891345,57.38806915283203,331700,0.0,0.0
2023-04-26 00:00:00-04:00,57.00333311970173,57.30937820122545,56.29942609655594,56.653564453125,444100,0.0,0.0
2023-04-27 00:00:00-04:00,56.93337214275068,58.53268518522497,56.45243944221561,58.21002197265625,334000,0.0,0.0
2023-04-28 00:00:00-04:00,58.17505413262316,59.77524137954575,58.17505413262316,59.73151779174805,387900,0.0,0.0
2023-05-01 00:00:00-04:00,59.39923399154944,60.339230973471636,59.39048794079572,60.11625671386719,302100,0.0,0.0
2023-05-02 00:00:00-04:00,59.792724888739,59.792724888739,58.441750127406515,59.02323913574219,361100,0.0,0.0
2023-05-03 00:00:00-04:00,59.48667022176597,61.09560320975161,59.48667022176597,59.7227668762207,402300,0.0,0.0
2023-05-04 00:00:00-04:00,59.00574445940857,59.82769305027262,58.42862523161739,59.13690185546875,494700,0.0,0.0
2023-05-05 00:00:00-04:00,59.775224702371496,62.18424428117674,59.775224702371496,61.331687927246094,557600,0.0,0.0
2023-05-08 00:00:00-04:00,62.01374259782987,64.68072101093884,61.78639864915456,63.954952239990234,439600,0.0,0.0
2023-05-09 00:00:00-04:00,64.06863377304053,64.98677576929805,63.85877522322965,64.48835754394531,256700,0.0,0.0
2023-05-10 00:00:00-04:00,65.58136668130987,65.86992629581522,64.01178757317811,64.37467193603516,231600,0.0,0.0
2023-05-11 00:00:00-04:00,64.01614753568674,64.3396846304827,63.14172944613286,64.0948486328125,218000,0.0,0.0
2023-05-12 00:00:00-04:00,64.69821240133811,65.26658566795093,63.38658486513124,64.14733123779297,225400,0.0,0.0
2023-05-15 00:00:00-04:00,64.19979006493797,65.34528257583808,63.77132696536277,64.90807342529297,168600,0.0,0.0
2023-05-16 00:00:00-04:00,64.46211098265339,65.97485073769317,64.37467049662312,65.72127532958984,254000,0.0,0.0
2023-05-17 00:00:00-04:00,66.0360592556424,66.28964133314787,65.16164105925726,65.5901107788086,328900,0.0,0.0
2023-05-18 00:00:00-04:00,65.43271653763308,67.0591349489507,65.06108612826756,66.84053039550781,198600,0.0,0.0
2023-05-19 00:00:00-04:00,67.40016542345259,67.40016542345259,66.01858288255106,66.50825500488281,194600,0.0,0.0
2023-05-22 00:00:00-04:00,66.48201540346132,66.60443341909355,65.71252978073278,66.20220184326172,179300,0.0,0.0
2023-05-23 00:00:00-04:00,65.73001584854076,66.53447900802486,64.73317961368403,65.65132141113281,286200,0.0,0.0
2023-05-24 00:00:00-04:00,65.59885096255567,65.93988020091028,63.88499207716007,64.70694732666016,231900,0.0,0.0
2023-05-25 00:00:00-04:00,64.70695245852254,65.66881122837931,64.44462430706977,65.61634826660156,232300,0.0,0.0
2023-05-26 00:00:00-04:00,65.52891146113069,66.45579275153916,65.11793378065677,65.9573745727539,179700,0.0,0.0
2023-05-30 00:00:00-04:00,67.88109383576354,67.95104890458992,66.58695841888787,67.42639923095703,297400,0.0,0.0
2023-05-31 00:00:00-04:00,66.29592889642957,67.29875369569197,65.40249886646644,65.47543334960938,303200,3.15,0.0
2023-06-01 00:00:00-04:00,65.40250449197042,66.49650096696763,65.17915218182966,65.65776824951172,257700,0.0,0.0
2023-06-02 00:00:00-04:00,66.76999717244082,69.0947336760148,66.4098944210764,68.83946990966797,248700,0.0,0.0
2023-06-05 00:00:00-04:00,68.37452116372772,68.37452116372772,66.23212089168078,67.84575653076172,211100,0.0,0.0
2023-06-06 00:00:00-04:00,67.46286076761085,70.58073725811141,67.46286076761085,70.30724334716797,293700,0.0,0.0
2023-06-07 00:00:00-04:00,70.289004025167,72.70490508360506,70.289004025167,71.78412628173828,273700,0.0,0.0
2023-06-08 00:00:00-04:00,71.49240363679328,72.08498426083962,70.70381937428989,71.56533813476562,165200,0.0,0.0
2023-06-09 00:00:00-04:00,71.30094052647156,71.30094052647156,70.31634588095393,70.74482727050781,357300,0.0,0.0
2023-06-12 00:00:00-04:00,70.8724697595813,72.35848049973515,70.20696163575425,71.8935317993164,258100,0.0,0.0
2023-06-13 00:00:00-04:00,71.95733938262599,72.65020307750514,71.60179246343878,72.11231994628906,251700,0.0,0.0
2023-06-14 00:00:00-04:00,72.0302893925706,72.77693947487687,71.17332639986657,71.63827514648438,267900,0.0,0.0
2023-06-15 00:00:00-04:00,71.13685918142258,72.54081701790786,70.53516694030992,72.4131851196289,294200,0.0,0.0
2023-06-16 00:00:00-04:00,72.44053160759935,72.44053160759935,70.57163203674395,70.87247467041016,961000,0.0,0.0
2023-06-20 00:00:00-04:00,70.65366811990745,72.89635146041851,70.62631942575979,72.61373901367188,251000,0.0,0.0
2023-06-21 00:00:00-04:00,72.41317527477788,74.74702333220226,72.16246731030866,74.2820816040039,292400,0.0,0.0
2023-06-22 00:00:00-04:00,74.10886708389008,74.12709722962069,72.89635720802741,73.57098388671875,197200,0.0,0.0
2023-06-23 00:00:00-04:00,72.87812210927684,74.20914523046851,72.53168676519451,72.99663543701172,589600,0.0,0.0
2023-06-26 00:00:00-04:00,73.16073857551964,75.51282380276143,73.16073857551964,74.6558609008789,306800,0.0,0.0
2023-06-27 00:00:00-04:00,74.59203632207037,77.00793721194051,74.4826345955343,76.21479034423828,284700,0.0,0.0
2023-06-28 00:00:00-04:00,77.44552996201979,79.66542724299224,77.44552996201979,78.37542724609375,579500,0.0,0.0
2023-06-29 00:00:00-04:00,78.88596478328901,82.04942714265576,78.79024434665561,81.51155090332031,621000,0.0,0.0
2023-06-30 00:00:00-04:00,82.0494276687365,82.70582420295297,80.91897083503932,82.3685073852539,368100,0.0,0.0
2023-07-03 00:00:00-04:00,82.52349073901736,83.34398643433684,81.5161099605161,82.56907653808594,152500,0.0,0.0
2023-07-05 00:00:00-04:00,82.04030393169144,83.57189342956657,81.13776223190908,82.26821899414062,464000,0.0,0.0
2023-07-06 00:00:00-04:00,81.9126762654936,82.0858939475957,79.99819103355165,81.03748321533203,474100,0.0,0.0
2023-07-07 00:00:00-04:00,81.37480057368457,83.34398321087359,81.34745187746773,82.28646087646484,247700,0.0,0.0
2023-07-10 00:00:00-04:00,83.18899818003305,86.4253948639979,82.77875384788686,84.81175231933594,471500,0.0,0.0
2023-07-11 00:00:00-04:00,84.98497061487187,86.32054955819073,84.98497061487187,85.240234375,248800,0.0,0.0
2023-07-12 00:00:00-04:00,86.644183861557,87.2367643663552,85.80910280744615,86.40715026855469,271100,0.0,0.0
2023-07-13 00:00:00-04:00,87.35528094049126,89.84411637122544,86.69888447720244,89.79853057861328,495600,0.0,0.0
2023-07-14 00:00:00-04:00,89.49768434304536,90.48227907431246,88.2259213650538,90.25436401367188,488400,0.0,0.0
2023-07-17 00:00:00-04:00,90.25436187676551,91.56715482070597,89.41563614276599,91.30277252197266,354400,0.0,0.0
2023-07-18 00:00:00-04:00,91.67655092134082,92.68849433769105,89.66178263849832,91.12043762207031,497600,0.0,0.0
2023-07-19 00:00:00-04:00,91.9135747753684,92.90728794196005,90.35463677504863,92.16883850097656,314700,0.0,0.0
2023-07-20 00:00:00-04:00,92.1506144915381,92.2326605707662,90.1404020854652,90.53697204589844,334700,0.0,0.0
2023-07-21 00:00:00-04:00,91.03838858427706,91.61273200920337,89.15125223904448,89.71648406982422,265700,0.0,0.0
2023-07-24 00:00:00-04:00,89.70737901173202,90.52331195714636,89.4794639263137,90.02645874023438,207200,0.0,0.0
2023-07-25 00:00:00-04:00,89.74383077828332,91.78412532503893,89.69824498689712,89.89881134033203,334400,0.0,0.0
2023-07-26 00:00:00-04:00,89.71649414165599,90.96090851307221,89.71649414165599,90.21790313720703,236600,0.0,0.0
2023-07-27 00:00:00-04:00,91.24808313376693,91.90447971331461,89.83956953081388,90.4002456665039,201700,0.0,0.0
2023-07-28 00:00:00-04:00,91.84977764877077,93.59105220631999,91.54892807253195,92.925537109375,335800,0.0,0.0
2023-07-31 00:00:00-04:00,92.92553703587946,94.53006115246781,91.20249958120728,94.34772491455078,440000,0.0,0.0
2023-08-01 00:00:00-04:00,93.17167233409506,97.62969028371384,90.39111281747553,97.33795928955078,620900,0.0,0.0
2023-08-02 00:00:00-04:00,97.11004441242233,102.21534725283165,95.84283725211506,98.93336486816406,709000,0.0,0.0
2023-08-03 00:00:00-04:00,98.5413552063813,100.35556415085685,97.76644536827368,100.24616241455078,341100,0.0,0.0
2023-08-04 00:00:00-04:00,100.46496312382499,101.1715012533578,98.0034830752639,99.83592224121094,361400,0.0,0.0
2023-08-07 00:00:00-04:00,100.65641017494114,102.37032891772932,100.65641017494114,101.90538024902344,226500,0.0,0.0
2023-08-08 00:00:00-04:00,100.99372352916923,101.22163859651451,98.24051257602136,101.06665802001953,295700,0.0,0.0
2023-08-09 00:00:00-04:00,100.63818317260603,100.76581506224633,98.96528730336264,99.56242370605469,290600,0.0,0.0
2023-08-10 00:00:00-04:00,99.64447080108872,101.09856309660138,98.19492734758363,99.6809310913086,284900,0.0,0.0
2023-08-11 00:00:00-04:00,99.45301406366274,100.72022821944371,99.45301406366274,100.25527954101562,281200,0.0,0.0
2023-08-14 00:00:00-04:00,99.69916013166207,100.05470705359697,98.36813707293376,99.598876953125,311300,0.0,0.0
2023-08-15 00:00:00-04:00,99.17040829798192,99.17040829798192,97.34708766163612,98.10376739501953,298700,0.0,0.0
2023-08-16 00:00:00-04:00,97.92143726405017,99.42567121165274,97.54765319824219,97.54765319824219,259500,0.0,0.0
2023-08-17 00:00:00-04:00,97.65705686057545,98.21317021720985,94.41154136250562,94.60298919677734,339000,0.0,0.0
2023-08-18 00:00:00-04:00,93.79160581675949,95.72432808781556,93.69132263090088,95.63316345214844,304500,0.0,0.0
2023-08-21 00:00:00-04:00,96.20751016794294,97.19210495941918,94.99500030188882,96.90949249267578,275100,0.0,0.0
2023-08-22 00:00:00-04:00,97.24679717808684,97.74821309764943,96.37160417291774,97.41089630126953,298200,0.0,0.0
2023-08-23 00:00:00-04:00,98.47754969757108,99.81769154876575,97.74822557785342,98.80574798583984,323100,0.0,0.0
2023-08-24 00:00:00-04:00,98.50488961005246,98.61428438504971,96.15280457179442,96.48100280761719,272600,0.0,0.0
2023-08-25 00:00:00-04:00,96.75450449398008,97.34708507613702,94.66680158616272,95.83373260498047,303900,0.0,0.0
2023-08-28 00:00:00-04:00,95.72432956004417,98.37726431787934,95.72432956004417,98.03994750976562,185800,0.0,0.0
2023-08-29 00:00:00-04:00,97.10093729409776,99.43478535929744,96.70892309982601,99.42566680908203,183000,0.0,0.0
2023-08-30 00:00:00-04:00,99.22510062862968,99.93163873024761,98.7692704928008,99.77210235595703,231800,0.0,0.0
2023-08-31 00:00:00-04:00,99.54376138980732,100.4570907167262,98.76834568317635,99.89083099365234,331500,0.2,0.0
2023-09-01 00:00:00-04:00,100.46622259344015,102.82261385026037,100.44156231222357,101.38868713378906,311300,0.0,0.0
2023-09-05 00:00:00-04:00,99.89082667133037,99.89082667133037,92.52938787655515,96.63024139404297,606700,0.0,0.0
2023-09-06 00:00:00-04:00,96.70331066938829,97.76277607762874,95.60731821851546,96.14617919921875,332800,0.0,0.0
2023-09-07 00:00:00-04:00,95.76257168560197,96.10050602092937,94.8035801418068,95.69863891601562,389700,0.0,0.0
2023-09-08 00:00:00-04:00,95.29678255533157,96.01374945123715,93.86285573167049,94.15512084960938,349300,0.0,0.0
2023-09-11 00:00:00-04:00,94.78532354193311,95.57078737944757,93.39706592687865,93.6893310546875,369500,0.0,0.0
2023-09-12 00:00:00-04:00,93.26920024183636,94.39259149450928,93.10480067215859,93.87199401855469,297400,0.0,0.0
2023-09-13 00:00:00-04:00,93.74412524562221,93.98615696932585,90.38307291160282,91.84439849853516,333400,0.0,0.0
2023-09-14 00:00:00-04:00,92.76685630956158,94.48391287738868,92.51112522160322,94.33778381347656,316800,0.0,0.0
2023-09-15 00:00:00-04:00,93.8445900128333,93.8445900128333,89.61587766239482,91.41513061523438,1304500,0.0,0.0
2023-09-18 00:00:00-04:00,92.00880133357074,93.1048007888463,91.80786775169605,92.20059967041016,411800,0.0,0.0
2023-09-19 00:00:00-04:00,92.45632787831441,93.29658915989849,91.72566165284593,92.80339050292969,317600,0.0,0.0
2023-09-20 00:00:00-04:00,93.68018113989964,94.65744316124123,91.01782553297694,91.16852569580078,333300,0.0,0.0
2023-09-21 00:00:00-04:00,90.4195999565376,92.49285438450474,89.76200175104067,92.02706146240234,291600,0.0,0.0
2023-09-22 00:00:00-04:00,92.14579512296623,92.67552780428879,90.7210036045191,91.12286376953125,234600,0.0,0.0
2023-09-25 00:00:00-04:00,90.83973980944309,93.20526654038329,90.74384412616793,92.82166290283203,223400,0.0,0.0
2023-09-26 00:00:00-04:00,92.3375887074275,93.65278509891209,92.3375887074275,92.78511810302734,228200,0.0,0.0
2023-09-27 00:00:00-04:00,93.65279612378802,94.96799267009851,93.45186254386277,94.63005828857422,224000,0.0,0.0
2023-09-28 00:00:00-04:00,94.94971955461389,97.9271752232217,94.94971955461389,96.85858154296875,322000,0.0,0.0
2023-09-29 00:00:00-04:00,97.29698435466831,97.6988515390115,93.86012521799043,94.10946655273438,266000,0.0,0.0
2023-10-02 00:00:00-04:00,94.0729305025011,94.6300620075893,92.3741372194699,93.36053466796875,223800,0.0,0.0
2023-10-03 00:00:00-04:00,93.33312833636437,93.33312833636437,89.42407984038606,90.01773834228516,247700,0.0,0.0
2023-10-04 00:00:00-04:00,90.41960055741137,91.87179079740952,89.94467238814612,91.45166015625,212300,0.0,0.0
2023-10-05 00:00:00-04:00,90.8945301909847,92.04532707679111,89.9766367396788,91.10459899902344,253900,0.0,0.0
2023-10-06 00:00:00-04:00,90.06341776097094,91.04981524084967,88.75735636672891,89.14095306396484,388800,0.0,0.0
2023-10-09 00:00:00-04:00,89.3601450637028,90.76667317450226,88.7847500508009,90.16387939453125,210700,0.0,0.0
2023-10-10 00:00:00-04:00,90.41961048815445,92.18233650670004,90.41961048815445,90.66620635986328,193400,0.0,0.0
2023-10-11 00:00:00-04:00,90.6662013121116,91.72566670052855,90.0360088003187,91.68913269042969,202900,0.0,0.0
2023-10-12 00:00:00-04:00,91.40600858619891,91.40600858619891,84.88483718756743,85.28669738769531,445500,0.0,0.0
2023-10-13 00:00:00-04:00,85.28668919082166,85.97168617919729,84.76609175838217,85.77075958251953,329900,0.0,0.0
2023-10-16 00:00:00-04:00,85.38716474587602,87.24122233666053,85.21363689600115,85.88036346435547,286300,0.0,0.0
2023-10-17 00:00:00-04:00,85.18622631855457,87.67048329199777,85.18622631855457,87.13162231445312,281900,0.0,0.0
2023-10-18 00:00:00-04:00,85.91689750738668,86.19089911824453,84.40077430691773,85.37803649902344,262200,0.0,0.0
2023-10-19 00:00:00-04:00,85.2866937612448,85.51502610293944,82.88920417345118,83.97150421142578,310500,0.0,0.0
2023-10-20 00:00:00-04:00,84.2181011637008,85.15882930874552,83.08374902998641,83.25910949707031,274500,0.0,0.0
2023-10-23 00:00:00-04:00,83.27736985748747,84.236368455865,82.61977161496002,83.22257232666016,230500,0.0,0.0
2023-10-24 00:00:00-04:00,83.92583764362863,84.07197369170537,82.86637916767344,83.73403930664062,241900,0.0,0.0
2023-10-25 00:00:00-04:00,83.02163763905877,83.72489815843018,81.71557641609776,81.85257720947266,207300,0.0,0.0
2023-10-26 00:00:00-04:00,82.76590241080766,83.70663046054004,81.56030803194147,82.9394302368164,201000,0.0,0.0
2023-10-27 00:00:00-04:00,83.71577973920016,85.44197182178283,82.6608783837102,84.91223907470703,450200,0.0,0.0
2023-10-30 00:00:00-04:00,85.75248873553392,86.994617160048,85.13598866131308,85.81642150878906,544400,0.0,0.0
2023-10-31 00:00:00-04:00,85.70683009278774,87.11335824667414,79.75192529419064,85.6246337890625,670200,0.0,0.0
2023-11-01 00:00:00-04:00,85.80728712349537,91.15939751465704,84.89395780033671,90.48353576660156,551800,0.0,0.0
2023-11-02 00:00:00-04:00,92.03619142852907,92.78512118339941,90.52006839858895,92.41065979003906,314000,0.0,0.0
2023-11-03 00:00:00-04:00,94.1459881038571,95.65298287750235,93.60712018089863,95.3607177734375,309300,0.0,0.0
2023-11-06 00:00:00-05:00,94.87665212456812,94.8857873693191,93.01345937992335,94.29212188720703,294000,0.0,0.0
2023-11-07 00:00:00-05:00,93.85373094199433,95.02279145718339,92.99063493912816,94.64832305908203,213200,0.0,0.0
2023-11-08 00:00:00-05:00,94.04553377051165,95.47032547041839,93.47926700785993,94.10946655273438,235900,0.0,0.0
2023-11-09 00:00:00-05:00,95.00451304339205,95.36984616595635,93.27375704355144,94.00898742675781,327000,0.0,0.0
2023-11-10 00:00:00-05:00,94.68486018561367,96.8357540558395,93.79892952501429,96.17359161376953,304000,0.0,0.0
2023-11-13 00:00:00-05:00,95.41552006999169,96.68048319416451,95.41552006999169,95.87218475341797,169000,0.0,0.0
2023-11-14 00:00:00-05:00,98.98662945015136,103.82271350790528,98.98662945015136,103.55327606201172,447300,0.0,0.0
2023-11-15 00:00:00-05:00,103.27015072289181,105.14704284125985,102.25635457322441,102.92308807373047,283000,0.0,0.0
2023-11-16 00:00:00-05:00,102.70388382454108,103.30212040905192,100.69456201823984,101.11469268798828,250900,0.0,0.0
2023-11-17 00:00:00-05:00,101.69922410351424,103.88208074353125,101.69922410351424,102.80435180664062,302300,0.0,0.0
2023-11-20 00:00:00-05:00,102.50295332776582,103.73594652429361,101.26995316308827,103.4162826538086,161100,0.0,0.0
2023-11-21 00:00:00-05:00,103.21535909350492,103.96428893473986,103.00529026216383,103.1331558227539,251300,0.0,0.0
2023-11-22 00:00:00-05:00,103.74508010736847,105.11964527299195,103.44368671015097,104.61274719238281,157300,0.0,0.0
2023-11-24 00:00:00-05:00,104.23827440995584,105.59000489063872,104.21087564483216,104.55794525146484,72600,0.0,0.0
2023-11-27 00:00:00-05:00,103.88207201585725,105.77266337693753,103.88207201585725,105.27946472167969,197800,0.0,0.0
2023-11-28 00:00:00-05:00,105.0876737729733,105.0876737729733,102.26091829314136,103.0600814819336,235500,0.0,0.0
2023-11-29 00:00:00-05:00,104.44834354592726,105.36167288300732,103.00528152098481,103.4345474243164,279000,0.0,0.0
2023-11-30 00:00:00-05:00,103.31010016553778,104.73645875854854,101.8358817487705,104.63115692138672,355900,5.2,0.0
2023-12-01 00:00:00-05:00,104.3439720587255,107.69446657437265,103.58293291443957,107.58916473388672,212400,0.0,0.0
2023-12-04 00:00:00-05:00,106.94778982480811,109.99195381124514,106.832913093877,109.6760482788086,329100,0.0,0.0
2023-12-05 00:00:00-05:00,108.65174927853049,109.83877956047058,107.96729462796168,108.57516479492188,273200,0.0,0.0
2023-12-06 00:00:00-05:00,109.56117116248983,111.01624720183757,106.03836509814619,106.41171264648438,273400,0.0,0.0
2023-12-07 00:00:00-05:00,106.06709452786767,106.7276156734781,104.79868855390393,106.69889831542969,283900,0.0,0.0
2023-12-08 00:00:00-05:00,106.58400991038505,108.00557740613297,106.58400991038505,107.13923645019531,201100,0.0,0.0
2023-12-11 00:00:00-05:00,106.54572326238461,106.78504428740929,105.04757130861077,106.48828125,270900,0.0,0.0
2023-12-12 00:00:00-05:00,106.48828328232901,106.51221684598787,104.3583275796588,105.42569732666016,257000,0.0,0.0
2023-12-13 00:00:00-05:00,105.88520309250461,109.15911321542778,104.75560747480907,108.91021728515625,486000,0.0,0.0
2023-12-14 00:00:00-05:00,111.15983134794135,114.75921427390647,110.87742699025556,114.14655303955078,410300,0.0,0.0
2023-12-15 00:00:00-05:00,114.01254314111495,115.60163836836449,112.13626704507838,112.29900360107422,949300,0.0,0.0
2023-12-18 00:00:00-05:00,112.9499575524854,113.92639149912245,112.00224826598362,113.1031265258789,230000,0.0,0.0
2023-12-19 00:00:00-05:00,114.64435460959044,118.79896441495326,114.58691259282828,118.090576171875,243700,0.0,0.0
2023-12-20 00:00:00-05:00,118.47348659610194,121.30704675936639,117.78424085032171,118.5883560180664,397600,0.0,0.0
2023-12-21 00:00:00-05:00,120.29233573850446,121.57030926548123,118.77982495392939,119.42120361328125,378300,0.0,0.0
2023-12-22 00:00:00-05:00,120.79969004112446,122.07287241856075,119.94387338943592,121.63252258300781,172000,0.0,0.0
2023-12-26 00:00:00-05:00,121.68996801425949,124.12147071633933,121.05720018925041,123.7385482788086,177000,0.0,0.0
2023-12-27 00:00:00-05:00,124.17890178307196,125.85414905469852,123.33648705224357,124.98301696777344,189200,0.0,0.0
2023-12-28 00:00:00-05:00,124.24590147318798,124.86814492522923,123.52793837183042,124.4660873413086,137100,0.0,0.0
2023-12-29 00:00:00-05:00,124.46608531658823,125.6062052107667,123.80555693696478,123.83427429199219,190300,0.0,0.0
2024-01-02 00:00:00-05:00,122.53237727140166,123.974044117624,120.81883768157704,122.76213073730469,250900,0.0,0.0
2024-01-03 00:00:00-05:00,121.46021344866793,121.6420997789685,119.210597098971,119.71795654296875,203100,0.0,0.0
2024-01-04 00:00:00-05:00,120.5125034221193,121.09070679944739,118.8851232566105,118.96170043945312,269700,0.0,0.0
2024-01-05 00:00:00-05:00,117.67894667645437,123.46094410506865,117.21944704817096,122.74298095703125,310900,0.0,0.0
2024-01-08 00:00:00-05:00,123.34607659498332,126.68698914735933,122.86359284840438,126.65827178955078,260200,0.0,0.0
2024-01-09 00:00:00-05:00,124.79155858744848,124.79155858744848,121.59422582575563,123.0014419555664,311100,0.0,0.0
2024-01-10 00:00:00-05:00,123.79599212348407,126.20356115378041,123.64282315524731,125.23191833496094,324100,0.0,0.0
2024-01-11 00:00:00-05:00,124.44693782796492,126.86886552636481,122.90570978289257,126.09346771240234,208600,0.0,0.0
2024-01-12 00:00:00-05:00,127.71129026585713,127.81659211348777,123.34607659498332,126.65827178955078,163200,0.0,0.0
2024-01-16 00:00:00-05:00,125.66269402708967,126.87843437635921,124.83942907664897,125.97859954833984,173600,0.0,0.0
2024-01-17 00:00:00-05:00,124.81071865249959,126.29928857192913,123.4896617824481,126.03604125976562,176700,0.0,0.0
2024-01-18 00:00:00-05:00,127.62513628616044,129.34823615692778,125.36115389941668,126.84972381591797,206700,0.0,0.0
2024-01-19 00:00:00-05:00,127.3092305262226,127.83572514859681,124.2842089601932,127.74000549316406,205900,0.0,0.0
2024-01-22 00:00:00-05:00,128.90787260882743,132.4163121958817,128.41964839890232,131.70314025878906,311500,0.0,0.0
2024-01-23 00:00:00-05:00,133.00505753840636,133.00505753840636,127.12733364495553,127.1943359375,252500,0.0,0.0
2024-01-24 00:00:00-05:00,128.92701499414943,128.92701499414943,124.74368817028848,125.83499145507812,201900,0.0,0.0
2024-01-25 00:00:00-05:00,128.2664904387503,128.83128450196727,126.7539799420885,128.74513244628906,223600,0.0,0.0
2024-01-26 00:00:00-05:00,128.91746270087495,129.75987747921516,128.18034976982727,129.2238006591797,133000,0.0,0.0
2024-01-29 00:00:00-05:00,129.75989084449208,131.59787496263954,129.29081627514742,131.02349853515625,172500,0.0,0.0
2024-01-30 00:00:00-05:00,130.84157617582457,132.53405950796787,130.69319831750377,131.69357299804688,156600,0.0,0.0
2024-01-31 00:00:00-05:00,131.67444174189265,133.18695249754134,129.53970211269743,129.67372131347656,191400,0.0,0.0
2024-02-01 00:00:00-05:00,130.79372710796434,133.3592414032183,129.496596676577,132.97633361816406,165300,0.0,0.0
2024-02-02 00:00:00-05:00,130.84158207319828,133.6655818170292,129.49182261108805,132.7082977294922,173800,0.0,0.0
2024-02-05 00:00:00-05:00,130.6022786053775,131.70316421821107,128.0654812752356,129.11849975585938,219500,0.0,0.0
2024-02-06 00:00:00-05:00,128.96530894748727,130.38208525771273,126.5433814589753,128.16119384765625,159300,0.0,0.0
2024-02-07 00:00:00-05:00,128.7355605219908,130.63099354000695,128.2425597991978,129.242919921875,229100,0.0,0.0
2024-02-08 00:00:00-05:00,129.57798383234166,132.28709974440127,129.5396988932123,131.65528869628906,204700,0.0,0.0
2024-02-09 00:00:00-05:00,131.80844687206985,134.70901645622206,130.55440706857775,134.5654296875,162500,0.0,0.0
2024-02-12 00:00:00-05:00,134.7090353289505,137.42771898227832,134.13465895960053,135.8003387451172,207700,0.0,0.0
2024-02-13 00:00:00-05:00,130.19063207392313,132.68435295861562,128.39093336807443,129.74070739746094,331700,0.0,0.0
2024-02-14 00:00:00-05:00,132.3924107002092,134.08201676617946,130.194481103745,133.95277404785156,224600,0.0,0.0
2024-02-15 00:00:00-05:00,134.6228613866616,136.98735417208596,132.91889693659,136.56614685058594,220300,0.0,0.0
2024-02-16 00:00:00-05:00,135.69503802652116,136.1641125522926,134.00064086914062,134.00064086914062,238200,0.0,0.0
2024-02-20 00:00:00-05:00,131.56912031686312,132.93802947773358,129.26206228316346,130.06617736816406,411000,0.0,0.0
2024-02-21 00:00:00-05:00,126.37107830942028,126.37107830942028,118.39212291431585,119.76582336425781,703300,0.0,0.0
2024-02-22 00:00:00-05:00,121.01228585681592,123.32303089239339,117.54136587940077,121.32869720458984,554500,0.2,0.0
2024-02-23 00:00:00-05:00,121.80809869442027,125.82553649285035,121.75536347281451,124.09008026123047,282000,0.0,0.0
2024-02-26 00:00:00-05:00,123.48602527628445,125.97895513228589,123.46110973028654,125.2310791015625,282200,0.0,0.0
2024-02-27 00:00:00-05:00,126.87066331921086,128.79308131700242,126.20427852965074,127.50347137451172,288500,0.0,0.0
2024-02-28 00:00:00-05:00,126.5638171493441,130.0443268026737,126.07002708431767,128.15545654296875,347900,0.0,0.0
2024-02-29 00:00:00-05:00,129.12386698217102,131.0223203008329,129.04715987641703,130.31280517578125,324900,0.0,0.0
2024-03-01 00:00:00-05:00,130.51414926716294,132.4989072350472,129.35398903321567,132.11537170410156,213200,0.0,0.0
2024-03-04 00:00:00-05:00,131.95237952005525,135.5143954880769,129.4700128201486,129.96763610839844,415300,0.0,0.0
2024-03-05 00:00:00-05:00,129.30604683899998,130.29362706884652,124.32498605482247,124.54072570800781,346400,0.0,0.0
2024-03-06 00:00:00-05:00,125.7680141260675,126.41041970930019,122.9874508994919,123.35179138183594,338300,0.0,0.0
2024-03-07 00:00:00-05:00,122.57514935680659,125.12560582984132,122.07656778597772,124.00379180908203,394800,0.0,0.0
2024-03-08 00:00:00-05:00,125.02014493308796,127.32609859026287,122.93471508391612,123.879150390625,257700,0.0,0.0
2024-03-11 00:00:00-04:00,122.96827194936797,123.16483117674616,120.29796327332703,122.82445526123047,269900,0.0,0.0
2024-03-12 00:00:00-04:00,122.97784627721033,124.48319578322156,122.34503094794998,123.3230209350586,212600,0.0,0.0
2024-03-13 00:00:00-04:00,123.07373837853791,125.34612975921873,122.96826793388605,123.98461151123047,206800,0.0,0.0
2024-03-14 00:00:00-04:00,123.67780524363364,124.60785886756783,121.69304710893311,122.60392761230469,251900,0.0,0.0
2024-03-15 00:00:00-04:00,122.08616138241081,126.72203304328185,122.08616138241081,126.13236999511719,1275000,0.0,0.0
2024-03-18 00:00:00-04:00,127.24459669490528,129.00881627210563,124.8571373571261,127.35006713867188,350400,0.0,0.0
2024-03-19 00:00:00-04:00,127.55142296113806,130.41829102709528,125.52351976111424,130.29364013671875,283100,0.0,0.0
2024-03-20 00:00:00-04:00,130.46621443682642,139.39279687605315,130.3223831326011,138.10797119140625,392600,0.0,0.0
2024-03-21 00:00:00-04:00,141.85695931917442,146.01343707342903,140.89814240639814,145.8839874267578,512000,0.0,0.0
2024-03-22 00:00:00-04:00,145.88399998807677,146.41135226158832,144.0814339855095,145.14572143554688,361500,0.0,0.0
2024-03-25 00:00:00-04:00,144.81970631492015,146.41134597007397,143.53489510767412,144.589599609375,309000,0.0,0.0
2024-03-26 00:00:00-04:00,144.98271311610873,147.66738879160664,143.19931305716503,143.93759155273438,391600,0.0,0.0
2024-03-27 00:00:00-04:00,145.59635939054405,146.27231246407322,143.9088321987959,145.57717895507812,243800,0.0,0.0
2024-03-28 00:00:00-04:00,146.056578328763,148.24267966333258,145.51484444609216,147.05374145507812,382800,0.0,0.0
2024-04-01 00:00:00-04:00,147.7057358612483,148.3030798008327,145.6970134282458,146.65103149414062,262800,0.0,0.0
2024-04-02 00:00:00-04:00,143.43902043041896,143.7841951148869,140.71596919500067,142.81578063964844,378200,0.0,0.0
2024-04-03 00:00:00-04:00,142.56649357577908,146.200403351876,142.13502887756596,144.695068359375,227600,0.0,0.0
2024-04-04 00:00:00-04:00,146.56475505425556,147.27428484237103,142.00557591551095,143.00753784179688,238000,0.0,0.0
2024-04-05 00:00:00-04:00,143.5348918521324,145.8360612680904,142.49458367350917,145.7305908203125,229700,0.0,0.0
2024-04-08 00:00:00-04:00,147.07292120725546,148.18993643940988,144.560825653655,146.15245056152344,188300,0.0,0.0
2024-04-09 00:00:00-04:00,146.4976320131043,146.90513213364076,143.94719010334535,146.6798095703125,304100,0.0,0.0
2024-04-10 00:00:00-04:00,143.4102422899169,145.54839975419134,141.38233939918777,142.78700256347656,408300,0.0,0.0
2024-04-11 00:00:00-04:00,143.49654728516828,145.71621085038197,142.01326028250787,145.6251220703125,326400,0.0,0.0
2024-04-12 00:00:00-04:00,144.3115167257483,145.02584521726064,142.15417884465373,143.8129425048828,273700,0.0,0.0
2024-04-15 00:00:00-04:00,144.2444224863957,145.2128223267887,141.43508125039523,142.8637237548828,380600,0.0,0.0
2024-04-16 00:00:00-04:00,140.9940234878191,141.4350710544666,132.31672789881284,133.1892547607422,532100,0.0,0.0
2024-04-17 00:00:00-04:00,133.0358425957392,134.98223969896142,131.55927103240617,132.12496948242188,286200,0.0,0.0
2024-04-18 00:00:00-04:00,133.62072461677235,134.28709475869903,128.51981165383253,129.1046905517578,340400,0.0,0.0
2024-04-19 00:00:00-04:00,128.1171119714854,130.48539093067106,127.30212636897085,128.0979461669922,282500,0.0,0.0
2024-04-22 00:00:00-04:00,128.5006488990504,129.53617293783904,127.08158931049637,127.54183197021484,431500,0.0,0.0
2024-04-23 00:00:00-04:00,128.38556926239974,133.98507073749596,128.28969635645194,133.40977478027344,400100,0.0,0.0
2024-04-24 00:00:00-04:00,133.58238436013656,135.96024629719972,130.18816416758767,131.56886291503906,202000,0.0,0.0
2024-04-25 00:00:00-04:00,129.61286428222007,133.275551940878,127.56099665769821,132.75779724121094,282400,0.0,0.0
2024-04-26 00:00:00-04:00,133.50568838997629,135.2651094452416,132.7002709664917,133.6782684326172,218200,0.0,0.0
2024-04-29 00:00:00-04:00,134.56036576995845,135.67739569742392,131.80856583548407,132.56602478027344,207700,0.0,0.0
2024-04-30 00:00:00-04:00,129.488225577147,130.0922702769131,126.45836065469298,126.82271575927734,350000,0.0,0.0
2024-05-01 00:00:00-04:00,126.98571655127851,129.9772206911839,125.53789362351806,126.57341766357422,287600,0.0,0.0
2024-05-02 00:00:00-04:00,128.2992905819443,129.12387372387155,124.78043421766901,128.9416961669922,235600,0.0,0.0
2024-05-03 00:00:00-04:00,131.92362370186262,133.1605057890932,129.35400123879296,130.44705200195312,328000,0.0,0.0
2024-05-06 00:00:00-04:00,132.30713754401324,135.27946089172656,131.18244144076453,133.6302947998047,395800,0.0,0.0
2024-05-07 00:00:00-04:00,132.03868402219982,137.15876284554537,125.26942430148833,125.28860473632812,698900,0.0,0.0
2024-05-08 00:00:00-04:00,123.33262346195711,129.50740668554207,121.48209922315445,127.72400665283203,533900,0.0,0.0
2024-05-09 00:00:00-04:00,127.78153866012194,131.30039510098248,126.71725126342898,130.65798950195312,367500,0.0,0.0
2024-05-10 00:00:00-04:00,130.1977565952664,130.37993416976994,127.11996215675806,128.17465209960938,282400,0.0,0.0
2024-05-13 00:00:00-04:00,128.86499293251399,131.1565648703295,128.5389986790239,129.65122985839844,324700,0.0,0.0
2024-05-14 00:00:00-04:00,130.06349696183995,131.23325466329217,128.72115925380479,130.69631958007812,230800,0.0,0.0
2024-05-15 00:00:00-04:00,131.44420101085993,135.1548322411664,131.26682223102262,135.05894470214844,365800,0.0,0.0
2024-05-16 00:00:00-04:00,134.67541802846972,136.51634458162985,130.81137275367877,131.63595581054688,425700,0.0,0.0
2024-05-17 00:00:00-04:00,132.3550884133021,132.75780441639063,129.6272675871795,130.44705200195312,229900,0.0,0.0
2024-05-20 00:00:00-04:00,130.73467653762197,132.57080427233012,130.6867327715433,131.90443420410156,288300,0.0,0.0
2024-05-21 00:00:00-04:00,131.242866565582,132.7865624140427,129.8429874050211,132.63314819335938,272100,0.0,0.0
2024-05-22 00:00:00-04:00,132.0962058445616,132.28796629476116,129.8477790872891,131.21409606933594,264700,0.0,0.0
2024-05-23 00:00:00-04:00,132.50849627268562,132.50849627268562,129.27248914681135,130.8401641845703,284300,0.0,0.0
2024-05-24 00:00:00-04:00,132.39343116171466,135.35617168913015,131.63595766430515,135.29864501953125,198100,0.0,0.0
2024-05-28 00:00:00-04:00,136.1040665743946,137.32176822825105,129.4019452875542,130.40869140625,336400,0.0,0.0
2024-05-29 00:00:00-04:00,128.81706262229144,128.81706262229144,125.7344550200128,127.38842010498047,328000,0.0,0.0
2024-05-30 00:00:00-04:00,128.24175485447614,130.87850121597003,127.60414808079301,129.51698303222656,175400,0.0,0.0
2024-05-31 00:00:00-04:00,129.83339012350177,131.78937001423947,128.27051401294875,131.63595581054688,251700,0.0,0.0
2024-06-03 00:00:00-04:00,132.9994784298058,132.9994784298058,127.77591705050615,129.2930450439453,203600,0.2,0.0
2024-06-04 00:00:00-04:00,127.87193033983213,129.36026769048266,124.78003443648036,126.86370086669922,408100,0.0,0.0
2024-06-05 00:00:00-04:00,126.87331831257035,128.870568934306,124.05028151696065,128.29443359375,209700,0.0,0.0
2024-06-06 00:00:00-04:00,127.67028791484329,128.7169195277921,125.8650776820662,126.48921203613281,197600,0.0,0.0
2024-06-07 00:00:00-04:00,125.3657679990584,126.18195726042309,123.64698822557925,123.78141784667969,195000,0.0,0.0
2024-06-10 00:00:00-04:00,122.33149053380795,124.06948605867892,121.84177843998332,123.26289367675781,316900,0.0,0.0
2024-06-11 00:00:00-04:00,122.20664890153307,122.51391763246308,120.82394327528026,121.34246063232422,219200,0.0,0.0
2024-06-12 00:00:00-04:00,125.98030080856753,131.03104492398742,125.98030080856753,126.44120025634766,351700,0.0,0.0
2024-06-13 00:00:00-04:00,126.00911228910313,126.00911228910313,122.26427662021202,125.30815887451172,326100,0.0,0.0
2024-06-14 00:00:00-04:00,123.09965240301383,123.8198141931856,120.1613946433897,121.56330871582031,204500,0.0,0.0
2024-06-17 00:00:00-04:00,120.65111163381177,122.10103948174827,118.23136381763887,121.8033676147461,289300,0.0,0.0
2024-06-18 00:00:00-04:00,121.42888280739741,121.96660128286163,120.1517941023051,121.2656478881836,261700,0.0,0.0
2024-06-20 00:00:00-04:00,119.29720170606058,120.97278081275769,117.60722727517084,117.83767700195312,328200,0.0,0.0
2024-06-21 00:00:00-04:00,116.63740343349554,117.99130377477057,115.74344284216109,117.54000854492188,1135200,0.0,0.0
2024-06-24 00:00:00-04:00,118.02011537445674,119.33560619680999,116.54138231520993,116.74302673339844,253300,0.0,0.0
2024-06-25 00:00:00-04:00,116.21490766090243,116.24851872758725,111.08735922186474,113.08460235595703,483900,0.0,0.0
2024-06-26 00:00:00-04:00,112.86375913559966,113.88158547731824,111.72110005893202,113.56471252441406,254400,0.0,0.0
2024-06-27 00:00:00-04:00,113.79517260138027,114.5527842481291,112.5660975917266,113.852783203125,222100,0.0,0.0
2024-06-28 00:00:00-04:00,114.96663315756109,116.17649970885573,112.13399234422025,114.47692108154297,1196200,0.0,0.0
2024-07-01 00:00:00-04:00,114.88981928672257,115.19228227516186,111.64428526898521,113.00779724121094,375000,0.0,0.0
2024-07-02 00:00:00-04:00,112.56609978734758,113.19023418739577,111.15458141015047,111.24099731445312,285400,0.0,0.0
2024-07-03 00:00:00-04:00,111.79792166266515,113.6607425885539,111.26980006227456,112.79654693603516,156000,0.0,0.0
2024-07-05 00:00:00-04:00,112.07637788756644,112.96457301622334,110.92411464987408,111.22178649902344,280500,0.0,0.0
2024-07-08 00:00:00-04:00,112.23001354115326,112.369248926542,110.67446872415302,112.31643676757812,410400,0.0,0.0
2024-07-09 00:00:00-04:00,111.75951159672735,112.02357239560828,109.95430860723522,110.03112030029297,335500,0.0,0.0
2024-07-10 00:00:00-04:00,110.90491950431176,111.04414756515743,109.3589715554552,111.01054382324219,310100,0.0,0.0
2024-07-11 00:00:00-04:00,113.97760582285983,118.644254922329,113.97760582285983,118.4330062866211,363800,0.0,0.0
2024-07-12 00:00:00-04:00,120.15179353810109,123.00940092853536,119.85892744283282,120.14219665527344,361700,0.0,0.0
2024-07-15 00:00:00-04:00,120.9007683846675,123.795818279718,120.65111023886777,121.19843292236328,259400,0.0,0.0
2024-07-16 00:00:00-04:00,123.07084707549346,131.53995675881296,123.07084707549346,131.35751342773438,365200,0.0,0.0
2024-07-17 00:00:00-04:00,129.05299462747058,133.2107307020007,128.28483372690124,128.40005493164062,327600,0.0,0.0
2024-07-18 00:00:00-04:00,128.42885542280703,133.95969281910308,126.02831606910972,126.8445053100586,284600,0.0,0.0
2024-07-19 00:00:00-04:00,127.04614665516692,127.04614665516692,125.07770138902727,125.63462829589844,245800,0.0,0.0
2024-07-22 00:00:00-04:00,126.7484791045383,128.64010530573682,125.17372585930868,128.63050842285156,254400,0.0,0.0
2024-07-23 00:00:00-04:00,126.31639023926425,130.35889051449712,126.01872568832432,128.8129425048828,252600,0.0,0.0
2024-07-24 00:00:00-04:00,127.7951081390858,129.9171913516342,124.17989649746724,124.2711181640625,189500,0.0,0.0
2024-07-25 00:00:00-04:00,125.12570736088438,132.50017166411803,125.12570736088438,129.90757751464844,382800,0.0,0.0
2024-07-26 00:00:00-04:00,134.1325353271829,138.27106270698332,133.10990324830252,135.42881774902344,247100,0.0,0.0
2024-07-29 00:00:00-04:00,135.68809656457094,136.33143941232836,132.86026856471392,134.51663208007812,158500,0.0,0.0
2024-07-30 00:00:00-04:00,134.96792366959377,137.08039539228224,133.40276730629208,135.3424072265625,293000,0.0,0.0
2024-07-31 00:00:00-04:00,136.6386939755658,141.69422893660195,133.7772553562314,136.43704223632812,323600,0.0,0.0
2024-08-01 00:00:00-04:00,136.0817671804461,137.59315158195548,126.51801257222108,128.28482055664062,262100,0.0,0.0
2024-08-02 00:00:00-04:00,124.06948310308664,124.1751074213143,120.23821699835226,123.76220703125,326900,0.0,0.0
2024-08-05 00:00:00-04:00,115.20668720921886,122.3026809109922,113.17102721193109,119.27799987792969,432400,0.0,0.0
2024-08-06 00:00:00-04:00,115.53315885902629,127.89113821082418,115.0002388242248,124.4919662475586,541600,0.0,0.0
2024-08-07 00:00:00-04:00,124.49196537853175,124.81844986688384,117.86648260404696,119.22039031982422,572500,0.0,0.0
2024-08-08 00:00:00-04:00,120.50707144315115,122.52352296627004,119.1723721941129,121.8129653930664,309900,0.0,0.0
2024-08-09 00:00:00-04:00,122.58114588364135,124.74163131624562,121.25604346309062,122.05302429199219,263300,0.0,0.0
2024-08-12 00:00:00-04:00,121.45768679660425,122.90761461399585,119.69089335294312,121.58251953125,252300,0.0,0.0
2024-08-13 00:00:00-04:00,122.97483653536682,124.29992428995065,120.86235751733234,123.61817932128906,258100,0.0,0.0
2024-08-14 00:00:00-04:00,124.78002978605748,124.78002978605748,120.334233643246,120.6415023803711,252900,0.0,0.0
2024-08-15 00:00:00-04:00,124.9624781522358,125.78826429013334,122.22586470727991,122.98443603515625,194200,0.0,0.0
2024-08-16 00:00:00-04:00,122.42750318031612,124.42955938496675,121.63052238179756,121.94739532470703,259100,0.0,0.0
2024-08-19 00:00:00-04:00,122.40830240846215,122.75397332560615,121.35205926267805,122.08182525634766,176700,0.0,0.0
2024-08-20 00:00:00-04:00,121.75536307185376,123.16688143175254,120.84315369104746,122.47552490234375,190000,0.0,0.0
2024-08-21 00:00:00-04:00,123.99266528051592,126.95013156767295,123.33971094743285,126.79649353027344,193800,0.0,0.0
2024-08-22 00:00:00-04:00,126.79649012846791,127.67988684222006,124.53038041867615,124.73201751708984,204700,0.0,0.0
2024-08-23 00:00:00-04:00,125.84587834841453,133.72445061694972,125.12571651017618,133.14352416992188,265200,0.0,0.0
2024-08-26 00:00:00-04:00,134.43020315731272,135.0639490600408,130.42610529290602,130.58934020996094,236600,0.0,0.0
2024-08-27 00:00:00-04:00,129.3506798605984,130.1601293740784,127.31501235427453,128.58250427246094,224200,0.0,0.0
2024-08-28 00:00:00-04:00,127.77592656019357,131.54956771059375,126.27797756931989,130.81980895996094,299200,0.0,0.0
2024-08-29 00:00:00-04:00,131.28069463873763,131.28069463873763,127.02693137284434,128.6016845703125,374400,0.0,0.0
2024-08-30 00:00:00-04:00,129.77315420740896,130.55094128108587,127.795112084499,130.22445678710938,335600,0.0,0.0
2024-09-03 00:00:00-04:00,127.9976238377031,129.68522181820126,124.31287898750159,124.6324234008789,350600,5.21,0.0
2024-09-04 00:00:00-04:00,124.00332306500131,126.18022177220197,122.44554499475234,125.66095733642578,188400,0.0,0.0
2024-09-05 00:00:00-04:00,126.08036706756731,126.37993567464956,122.68520285752258,124.61245727539062,258700,0.0,0.0
2024-09-06 00:00:00-04:00,124.85211308280203,126.27009095769175,122.46551405074938,123.9533920288086,270100,0.0,0.0
2024-09-09 00:00:00-04:00,123.69376269581674,124.8321401144807,121.3770638555572,121.48690795898438,283700,0.0,0.0
2024-09-10 00:00:00-04:00,121.6766359500233,122.47050303246104,119.8292695678929,121.52684783935547,260800,0.0,0.0
2024-09-11 00:00:00-04:00,120.52826854379006,122.71515511415639,117.52255656857912,121.91629028320312,273400,0.0,0.0
2024-09-12 00:00:00-04:00,122.27577984975383,127.36852986272008,121.44696653159862,127.29862976074219,237700,0.0,0.0
2024-09-13 00:00:00-04:00,129.95483932990845,136.5953717750872,129.7301533596629,135.6667022705078,333200,0.0,0.0
2024-09-16 00:00:00-04:00,135.92632831968118,136.49552465729255,133.35999274962896,134.61819458007812,308400,0.0,0.0
2024-09-17 00:00:00-04:00,135.8065053842966,137.66385967035913,134.30863951608745,135.04759216308594,265900,0.0,0.0
2024-09-18 00:00:00-04:00,135.8364569250145,141.7879838126574,135.21734392945973,136.864990234375,277300,0.0,0.0
2024-09-19 00:00:00-04:00,143.365744463365,144.50412192973684,139.9705726387425,144.48414611816406,279200,0.0,0.0
2024-09-20 00:00:00-04:00,143.80509924986993,143.80509924986993,136.9249028478563,137.3043670654297,3094900,0.0,0.0
2024-09-23 00:00:00-04:00,140.8293428157356,142.37214277792367,139.14174489160396,141.44845581054688,410800,0.0,0.0
2024-09-24 00:00:00-04:00,140.87927657856505,143.69027390182217,139.621074761779,141.57827758789062,264000,0.0,0.0
2024-09-25 00:00:00-04:00,141.9876989919464,141.9876989919464,137.5040817369409,137.87356567382812,381500,0.0,0.0
2024-09-26 00:00:00-04:00,140.769431441135,142.6567417709999,139.82078613279384,140.11036682128906,348700,0.0,0.0
2024-09-27 00:00:00-04:00,142.28727350868024,143.96987368580346,139.9605867585214,141.2886962890625,275400,0.0,0.0
2024-09-30 00:00:00-04:00,139.5112367859288,141.877860034703,138.8821282313615,140.7794189453125,204200,0.0,0.0
2024-10-01 00:00:00-04:00,140.24018223673758,141.53833562407388,138.20307624748278,141.18882751464844,212300,0.0,0.0
2024-10-02 00:00:00-04:00,140.24019088447142,141.7680128520844,139.30152583517622,139.33148193359375,173700,0.0,0.0
2024-10-03 00:00:00-04:00,138.41279850593506,139.4013955064523,136.9249128613934,138.09324645996094,146000,0.0,0.0
2024-10-04 00:00:00-04:00,141.03905972161286,141.03905972161286,136.3057979556078,138.70237731933594,160900,0.0,0.0
2024-10-07 00:00:00-04:00,137.10466251353012,141.35859620753783,135.9013750721405,141.0690155029297,209300,0.0,0.0
2024-10-08 00:00:00-04:00,142.61681224680717,142.7965488406404,139.81079733407827,141.8179473876953,255300,0.0,0.0
2024-10-09 00:00:00-04:00,142.29725254994523,143.4955421555816,141.19881152314912,142.18740844726562,210400,0.0,0.0
2024-10-10 00:00:00-04:00,139.77085712558937,140.79439269900286,138.09323944362316,138.75230407714844,213100,0.0,0.0
2024-10-11 00:00:00-04:00,139.53119142703156,142.46201314540153,138.52063785742993,142.1674346923828,129800,0.0,0.0
2024-10-14 00:00:00-04:00,141.85787634486888,143.65531837446858,141.7280564314014,142.7765655517578,135100,0.0,0.0
2024-10-15 00:00:00-04:00,143.4955433986637,144.73378463622612,141.76800907526356,142.0276336669922,233200,0.0,0.0
2024-10-16 00:00:00-04:00,144.7138053826674,147.33007275972193,144.2244970713913,146.7908477783203,295600,0.0,0.0
2024-10-17 00:00:00-04:00,144.86360770777966,145.73736279390866,141.44347760894456,141.9976806640625,172600,0.0,0.0
2024-10-18 00:00:00-04:00,142.6267908858722,142.86444361744398,140.97912927604233,141.53834533691406,180000,0.0,0.0
2024-10-21 00:00:00-04:00,140.54974763798583,141.03905597479175,137.59395227996964,137.70379638671875,237100,0.0,0.0
2024-10-22 00:00:00-04:00,136.90494245317674,136.90494245317674,133.3100583795702,133.4598388671875,258700,0.0,0.0
2024-10-23 00:00:00-04:00,132.82075375988657,134.85785987073007,132.82075375988657,133.719482421875,268200,0.0,0.0
2024-10-24 00:00:00-04:00,134.37855184903088,136.77513122558594,133.54973087839326,136.77513122558594,230100,0.0,0.0
2024-10-25 00:00:00-04:00,137.96343672877344,138.94203816889402,135.17739766423026,135.18739318847656,180100,0.0,0.0
2024-10-28 00:00:00-04:00,136.23588862548354,138.52263908964864,136.19595223929386,138.4227752685547,158000,0.0,0.0
2024-10-29 00:00:00-04:00,134.91777740599292,134.91777740599292,129.95484708719192,131.4527130126953,286500,0.0,0.0
2024-10-30 00:00:00-04:00,131.25299377391087,137.43418927612922,131.25299377391087,134.17881774902344,263400,0.0,0.0
2024-10-31 00:00:00-04:00,135.46699177172113,136.37570071525212,132.75086046523955,132.84072875976562,240700,0.0,0.0
2024-11-01 00:00:00-04:00,135.04759156686882,136.8100797878639,133.73944258192796,134.01905822753906,222500,0.0,0.0
2024-11-04 00:00:00-05:00,133.9791014352336,136.2458759513627,133.64956912994865,134.0689697265625,296100,0.0,0.0
2024-11-05 00:00:00-05:00,127.71803171757688,139.01194558850966,124.83214407639328,138.29296875,636100,0.0,0.0
2024-11-06 00:00:00-05:00,142.59683269372863,146.3714534359882,137.68383450915394,141.5583038330078,440600,0.0,0.0
2024-11-07 00:00:00-05:00,140.6695730011555,143.1160994649635,139.36244488262187,140.6496124267578,222100,0.0,0.0
2024-11-08 00:00:00-05:00,140.32008107495403,142.77657260587483,139.80281268996166,142.11752319335938,291300,0.0,0.0
2024-11-11 00:00:00-05:00,143.80509762340867,144.98342664708784,142.08754361403155,142.93634033203125,192700,0.0,0.0
2024-11-12 00:00:00-05:00,142.157460248782,144.56901764273115,140.62963825021447,140.92921447753906,236900,0.0,0.0
2024-11-13 00:00:00-05:00,142.84647182866192,145.29298292674807,141.96771901482046,142.34718322753906,235800,0.0,0.0
2024-11-14 00:00:00-05:00,143.50553428983395,144.96344845051405,138.6724091231681,140.1503143310547,250900,0.0,0.0
2024-11-15 00:00:00-05:00,143.53550221128245,143.53550221128245,138.872148190907,139.89068603515625,193700,0.0,0.0
2024-11-18 00:00:00-05:00,139.80082072323472,141.93777551623523,138.9290616512265,141.338623046875,183600,0.0,0.0
2024-11-19 00:00:00-05:00,139.9306362836628,140.11037287661827,137.3343293134989,137.9833984375,165700,0.0,0.0
2024-11-20 00:00:00-05:00,137.35430826671904,138.52264185889166,136.67028526608246,137.21450805664062,128800,0.0,0.0
2024-11-21 00:00:00-05:00,137.7836900151483,141.41352821095387,136.87499626269994,140.16030883789062,246000,0.0,0.0
2024-11-22 00:00:00-05:00,141.82792922099145,144.40426042024365,141.0140863035222,143.575439453125,219300,0.0,0.0
2024-11-25 00:00:00-05:00,146.18172748489917,155.19887910897035,145.94206345222707,152.2830352783203,515600,0.0,0.0
2024-11-26 00:00:00-05:00,151.47418468262896,152.10329322263942,146.74092305752254,148.1988525390625,312700,0.0,0.0
2024-11-27 00:00:00-05:00,149.49699950224937,150.29584907357983,145.03335819373146,146.1916961669922,164900,0.0,0.0
2024-11-29 00:00:00-05:00,147.4598918696916,148.07900485183987,145.68742345166197,147.38999938964844,121100,0.0,0.0
2024-12-02 00:00:00-05:00,147.61000061035156,148.38999938964844,145.24000549316406,147.52000427246094,243600,0.21,0.0
2024-12-03 00:00:00-05:00,147.77000427246094,149.99200439453125,144.8780059814453,146.42999267578125,169000,0.0,0.0
2024-12-04 00:00:00-05:00,145.83999633789062,147.47999572753906,143.78199768066406,146.89999389648438,191300,0.0,0.0
2024-12-05 00:00:00-05:00,145.69000244140625,147.42999267578125,143.35499572753906,144.44000244140625,177100,0.0,0.0
2024-12-06 00:00:00-05:00,147.47000122070312,147.47000122070312,144.0,145.86000061035156,170400,0.0,0.0
2024-12-09 00:00:00-05:00,146.38999938964844,147.42999267578125,144.75999450683594,145.32000732421875,207200,0.0,0.0
2024-12-10 00:00:00-05:00,144.30999755859375,146.16000366210938,141.19000244140625,142.42999267578125,277900,0.0,0.0
2024-12-11 00:00:00-05:00,144.5800018310547,144.5800018310547,142.13999938964844,142.47999572753906,217200,0.0,0.0
2024-12-12 00:00:00-05:00,142.13999938964844,142.13999938964844,139.6199951171875,139.83999633789062,206000,0.0,0.0
2024-12-13 00:00:00-05:00,139.36000061035156,139.5800018310547,135.77999877929688,136.25999450683594,175800,0.0,0.0
2024-12-16 00:00:00-05:00,136.52999877929688,138.0399932861328,135.0,136.25,222600,0.0,0.0
2024-12-17 00:00:00-05:00,135.39999389648438,136.30999755859375,133.0,133.11000061035156,282300,0.0,0.0
2024-12-18 00:00:00-05:00,134.52000427246094,135.42999267578125,125.5,126.62000274658203,513700,0.0,0.0
2024-12-19 00:00:00-05:00,127.1500015258789,128.9969940185547,122.30000305175781,123.01000213623047,515000,0.0,0.0
2024-12-20 00:00:00-05:00,121.44999694824219,125.05999755859375,121.3499984741211,122.75,1703200,0.0,0.0
2024-12-23 00:00:00-05:00,121.94999694824219,123.41999816894531,121.55999755859375,122.23999786376953,372300,0.0,0.0
2024-12-24 00:00:00-05:00,121.87999725341797,123.83999633789062,121.68000030517578,123.19000244140625,179700,0.0,0.0
2024-12-26 00:00:00-05:00,122.12999725341797,123.62999725341797,121.38999938964844,122.93000030517578,282100,0.0,0.0
2024-12-27 00:00:00-05:00,121.72000122070312,123.19999694824219,119.66999816894531,120.62999725341797,251200,0.0,0.0
2024-12-30 00:00:00-05:00,120.61000061035156,120.61000061035156,117.76000213623047,118.79000091552734,158200,0.0,0.0
2024-12-31 00:00:00-05:00,119.43000030517578,120.62999725341797,118.7300033569336,118.86000061035156,187300,0.0,0.0
2025-01-02 00:00:00-05:00,120.0,120.5199966430664,116.25,117.2300033569336,300500,0.0,0.0
2025-01-03 00:00:00-05:00,117.18000030517578,119.23500061035156,115.61000061035156,118.73999786376953,267800,0.0,0.0
2025-01-06 00:00:00-05:00,119.58000183105469,121.99500274658203,119.58000183105469,120.22000122070312,188500,0.0,0.0
2025-01-07 00:00:00-05:00,120.0,120.44999694824219,116.83999633789062,118.22000122070312,272100,0.0,0.0
2025-01-08 00:00:00-05:00,116.8499984741211,118.5199966430664,116.06999969482422,117.4000015258789,261800,0.0,0.0
2025-01-10 00:00:00-05:00,114.6500015258789,116.05999755859375,113.37999725341797,115.87999725341797,342300,0.0,0.0
2025-01-13 00:00:00-05:00,115.33000183105469,120.69000244140625,115.33000183105469,120.51000213623047,426300,0.0,0.0
2025-01-14 00:00:00-05:00,121.68000030517578,123.91000366210938,120.99800109863281,123.61000061035156,333700,0.0,0.0
2025-01-15 00:00:00-05:00,127.87999725341797,128.10000610351562,126.19999694824219,127.18000030517578,396200,0.0,0.0
2025-01-16 00:00:00-05:00,127.11000061035156,128.8699951171875,126.27999877929688,128.4600067138672,365600,0.0,0.0
2025-01-17 00:00:00-05:00,130.16000366210938,130.26499938964844,127.67500305175781,127.97000122070312,486100,0.0,0.0
2025-01-21 00:00:00-05:00,129.11000061035156,131.27000427246094,128.8300018310547,129.1199951171875,256800,0.0,0.0
2025-01-22 00:00:00-05:00,128.44000244140625,130.5,127.76000213623047,127.91999816894531,175376,0.0,0.0
