Date,Open,High,Low,Close,Volume,Dividends,Stock Splits
2022-01-03 00:00:00-05:00,4.4006180861351485,4.63088297653379,4.3835614426486735,4.562656402587891,518300,0.0,0.0
2022-01-04 00:00:00-05:00,4.613826274871826,4.7076380161958005,4.613826274871826,4.613826274871826,732200,0.0,0.0
2022-01-05 00:00:00-05:00,4.656467584718052,4.724694150453312,4.45178748084986,4.477372646331787,351000,0.0,0.0
2022-01-06 00:00:00-05:00,4.48590117942413,4.562655862699843,4.451787489825312,4.502957820892334,483300,0.0,0.0
2022-01-07 00:00:00-05:00,4.485900830762697,4.639410592045164,4.485900830762697,4.5370707511901855,626400,0.0,0.0
2022-01-10 00:00:00-05:00,4.571184732976142,4.571184732976142,4.383561255953319,4.417674541473389,347100,0.0,0.0
2022-01-11 00:00:00-05:00,4.443259898182565,4.622354858121782,4.39208996772314,4.562656402587891,604700,0.0,0.0
2022-01-12 00:00:00-05:00,4.647939620020265,4.707638075554158,4.511486472128465,4.562656402587891,845300,0.0,0.0
2022-01-13 00:00:00-05:00,4.5797118374710175,4.767335272970165,4.5797118374710175,4.707636833190918,879200,0.0,0.0
2022-01-14 00:00:00-05:00,4.72469420813815,4.809977416348467,4.647939117417657,4.801449298858643,506400,0.0,0.0
2022-01-18 00:00:00-05:00,4.775864898744704,4.89526140938114,4.724694965614803,4.792921543121338,644300,0.0,0.0
2022-01-19 00:00:00-05:00,4.792919881773675,4.818505042801399,4.554126943272496,4.647938251495361,421900,0.0,0.0
2022-01-20 00:00:00-05:00,4.63941162814574,4.6991100853078756,4.485901832580566,4.485901832580566,360200,0.0,0.0
2022-01-21 00:00:00-05:00,4.41767490448566,4.50295853195626,4.3409202090895835,4.409146785736084,400600,0.0,0.0
2022-01-24 00:00:00-05:00,4.323862582069888,4.485900868103609,4.247107497458551,4.460315704345703,544000,0.0,0.0
2022-01-25 00:00:00-05:00,4.383561614628972,4.562656581594623,4.349448326317655,4.545599937438965,313200,0.0,0.0
2022-01-26 00:00:00-05:00,4.622353846089043,4.699108928304409,4.37503236635327,4.4006171226501465,366900,0.0,0.0
2022-01-27 00:00:00-05:00,4.4517877595662965,4.520014736235504,4.272693216629734,4.332391262054443,766100,0.0,0.0
2022-01-28 00:00:00-05:00,4.315334626956381,4.35797643661499,4.204466247173945,4.35797643661499,879500,0.0,0.0
2022-01-31 00:00:00-05:00,4.3068067502907645,4.571184927662357,4.272693463317815,4.562656402587891,324900,0.0,0.0
2022-02-01 00:00:00-05:00,4.502958827578568,4.707638570955434,4.502958827578568,4.588242053985596,368300,0.0,0.0
2022-02-02 00:00:00-05:00,4.562656761949804,4.562656761949804,4.443260248140625,4.528543472290039,258500,0.0,0.0
2022-02-03 00:00:00-05:00,4.502957820892334,4.579712504168046,4.434730848357108,4.502957820892334,166100,0.0,0.0
2022-02-04 00:00:00-05:00,4.460317298407775,4.673525581492922,4.434732125506046,4.60529899597168,363900,0.0,0.0
2022-02-07 00:00:00-05:00,4.596769235179497,4.758807535615081,4.596769235179497,4.72469425201416,335900,0.0,0.0
2022-02-08 00:00:00-05:00,4.775863773877439,4.869675499184529,4.775863773877439,4.809977054595947,328500,0.0,0.0
2022-02-09 00:00:00-05:00,4.84409094603294,4.912317922734053,4.835562828109324,4.869676113128662,382800,0.0,0.0
2022-02-10 00:00:00-05:00,4.809977554124336,4.972015857696533,4.792920911993705,4.972015857696533,350700,0.0,0.0
2022-02-11 00:00:00-05:00,5.031714262566043,5.244922490584414,4.980544336641124,5.048770904541016,895200,0.0,0.0
2022-02-14 00:00:00-05:00,5.031714545603039,5.108469235476703,4.886732877329252,4.903789520263672,389100,0.0,0.0
2022-02-15 00:00:00-05:00,4.963488228228471,5.193753122974703,4.963488228228471,5.159639835357666,534300,0.0,0.0
2022-02-16 00:00:00-05:00,5.176695808954478,5.5093005234904595,5.176695808954478,5.500771999359131,850400,0.0,0.0
2022-02-17 00:00:00-05:00,5.500771999359131,5.54341380669095,5.381375508157417,5.500771999359131,673500,0.0,0.0
2022-02-18 00:00:00-05:00,5.44960296099113,5.492244775259068,5.202281414227035,5.253451347351074,499100,0.0,0.0
2022-02-22 00:00:00-05:00,5.219337879748075,5.253451167328457,5.0487714418461636,5.134054660797119,722100,0.0,0.0
2022-02-23 00:00:00-05:00,5.151111794647547,5.176696966098158,4.972016814480786,4.9976019859313965,469500,0.0,0.0
2022-02-24 00:00:00-05:00,4.86967578164338,5.1084687605238,4.767335933551772,5.0402421951293945,517400,0.0,0.0
2022-02-25 00:00:00-05:00,5.057299390869495,5.38990454362169,5.057299390869495,5.287564277648926,1112000,0.0,0.0
2022-02-28 00:00:00-05:00,5.193753177769462,5.270507872386334,5.0317148565477785,5.082884788513184,579300,0.0,0.0
2022-03-01 00:00:00-05:00,5.040243455577237,5.057300101191309,4.827035182070078,4.895261764526367,540300,0.0,0.0
2022-03-02 00:00:00-05:00,4.963488106539363,5.125526422078853,4.929374819758676,5.099941253662109,274000,0.0,0.0
2022-03-03 00:00:00-05:00,5.185223669267041,5.28756351379306,5.014657261723675,5.05729866027832,290800,0.0,0.0
2022-03-04 00:00:00-05:00,4.937902174997964,5.074355301032656,4.878203729026589,5.05729866027832,296400,0.0,0.0
2022-03-07 00:00:00-05:00,5.082884154574533,5.1425826044197995,4.852619286117671,4.861147403717041,387600,0.0,0.0
2022-03-08 00:00:00-05:00,4.94643087104329,5.151110567226507,4.852619140294779,5.0402421951293945,571000,0.0,0.0
2022-03-09 00:00:00-05:00,5.151111188338679,5.296092860614636,5.116997901528155,5.23639440536499,701000,0.0,0.0
2022-03-10 00:00:00-05:00,5.159639650876603,5.219337698740702,5.006129455426172,5.151111125946045,470200,0.0,0.0
2022-03-11 00:00:00-05:00,5.159640507431328,5.236395211236181,4.9634888747522234,4.980545520782471,304600,0.0,0.0
2022-03-14 00:00:00-04:00,5.048771868361408,5.048771868361408,4.784393663947804,4.912318706512451,569900,0.0,0.0
2022-03-15 00:00:00-04:00,4.997600495982859,5.108468454782121,4.963487215327334,5.0231852531433105,365900,0.0,0.0
2022-03-16 00:00:00-04:00,4.9976012123322,5.108469187023126,4.9379027592967475,5.091412544250488,559200,0.0,0.0
2022-03-17 00:00:00-04:00,5.099941378696618,5.193753122974703,4.997601515845507,5.159639835357666,325400,0.0,0.0
2022-03-18 00:00:00-04:00,5.193751986909879,5.210808626987482,5.065826982996667,5.176695346832275,740500,0.0,0.0
2022-03-21 00:00:00-04:00,5.176696096986774,5.210809382085333,4.946431219240283,5.006129264831543,639000,0.0,0.0
2022-03-22 00:00:00-04:00,5.065826982996667,5.2022801036174915,5.057298459626677,5.176695346832275,286300,0.0,0.0
2022-03-23 00:00:00-04:00,5.125526422078853,5.168167827223482,5.04024279846468,5.099941253662109,252800,0.0,0.0
2022-03-24 00:00:00-04:00,5.082884126479053,5.108468885798163,5.006129035196887,5.074355602264404,195800,0.0,0.0
2022-03-25 00:00:00-04:00,5.065828085636355,5.159639829813639,5.031714798055972,5.134054660797119,241800,0.0,0.0
2022-03-28 00:00:00-04:00,5.142582488568814,5.227865695953369,5.08288404006842,5.227865695953369,309000,0.0,0.0
2022-03-29 00:00:00-04:00,5.287563998882369,5.492244113374472,5.279035881054015,5.4325456619262695,469800,0.0,0.0
2022-03-30 00:00:00-04:00,5.466712955187272,5.466712955187272,5.2702529449956375,5.295877933502197,241800,0.01,0.0
2022-03-31 00:00:00-04:00,5.253169775541552,5.338587087480871,5.236086313153688,5.278794765472412,375000,0.0,0.0
2022-04-01 00:00:00-04:00,5.338587214709448,5.338587214709448,5.2019195123494875,5.287336826324463,777700,0.0,0.0
2022-04-04 00:00:00-04:00,5.475254482255509,5.483796416625594,5.210460626310584,5.295877933502197,477100,0.0,0.0
2022-04-05 00:00:00-04:00,5.295877992439061,5.389837235046415,5.056709529640882,5.082334518432617,354800,0.0,0.0
2022-04-06 00:00:00-04:00,5.005459334947727,5.073793184057971,4.8089993151048445,4.877333164215088,858700,0.0,0.0
2022-04-07 00:00:00-04:00,4.860248669169571,4.877332127817019,4.621079840803511,4.69795560836792,460600,0.0,0.0
2022-04-08 00:00:00-04:00,4.6808731977003255,4.7064985950595455,4.578372422867193,4.6210808753967285,305900,0.0,0.0
2022-04-11 00:00:00-04:00,4.612539347811571,4.7064985950595455,4.552747025507974,4.6210808753967285,294500,0.0,0.0
2022-04-12 00:00:00-04:00,4.655247249400089,4.808998800755412,4.629622262375419,4.740664958953857,365100,0.0,0.0
2022-04-13 00:00:00-04:00,4.80045705700699,5.201919004444229,4.757748607840413,5.150668621063232,489700,0.0,0.0
2022-04-14 00:00:00-04:00,5.1335851425691805,5.253169370053618,5.039625903037631,5.107959747314453,623200,0.0,0.0
2022-04-18 00:00:00-04:00,5.090875995159422,5.227543675898687,5.065250601369901,5.125042915344238,248400,0.0,0.0
2022-04-19 00:00:00-04:00,5.107959786145916,5.261710936937602,5.090876324946839,5.244627475738525,324100,0.0,0.0
2022-04-20 00:00:00-04:00,5.312961244660609,5.398378956737986,5.184835491148219,5.1933770179748535,371900,0.0,0.0
2022-04-21 00:00:00-04:00,5.295878098916543,5.347128892134155,5.150668875806181,5.219002723693848,303500,0.0,0.0
2022-04-22 00:00:00-04:00,5.330045016443613,5.543588494486421,5.261711168638212,5.44108772277832,728100,0.0,0.0
2022-04-25 00:00:00-04:00,5.372754583410018,5.50942229704146,5.236086869778575,5.415463447570801,429000,0.0,0.0
2022-04-26 00:00:00-04:00,5.389837099581595,5.500879801026512,5.236085948789909,5.244627475738525,696100,0.0,0.0
2022-04-27 00:00:00-04:00,5.236086022118992,5.338586790748928,5.125043319118971,5.295877933502197,488400,0.0,0.0
2022-04-28 00:00:00-04:00,5.330045305273617,5.466713415592193,5.219003000223496,5.424004554748535,592900,0.0,0.0
2022-04-29 00:00:00-04:00,5.270252608673585,5.381295304587398,5.167751846584752,5.17629337310791,663100,0.0,0.0
2022-05-02 00:00:00-04:00,5.142126687276173,5.20191900487656,4.834623979662792,4.979833602905273,618100,0.0,0.0
2022-05-03 00:00:00-04:00,5.039625903037631,5.125043208383659,4.988375519830016,5.107959747314453,642100,0.0,0.0
2022-05-04 00:00:00-04:00,5.12504372612107,5.287336826324463,5.0225429493511,5.287336826324463,486300,0.0,0.0
2022-05-05 00:00:00-04:00,5.278794245861393,5.338586561984276,5.039625795973524,5.142126560211182,629600,0.0,0.0
2022-05-06 00:00:00-04:00,5.056709529640882,5.15921029941153,4.945666825405087,5.082334518432617,515700,0.0,0.0
2022-05-09 00:00:00-04:00,4.996918119089464,5.039626984579037,4.7492076767745655,4.76629114151001,1151000,0.0,0.0
2022-05-10 00:00:00-04:00,4.877333234408494,5.022542869508517,4.740665534221119,4.92858362197876,1398100,0.0,0.0
2022-05-11 00:00:00-04:00,4.945666752600125,4.971292148316483,4.757748677453604,4.808999061584473,510900,0.0,0.0
2022-05-12 00:00:00-04:00,4.843165622238993,4.8517071486379395,4.5783717870425615,4.646705627441406,800800,0.0,0.0
2022-05-13 00:00:00-04:00,4.680872974013206,4.817540667259712,4.638164116222746,4.6894145011901855,698600,0.0,0.0
2022-05-16 00:00:00-04:00,4.74066483174871,4.885874038029737,4.715039438109814,4.732122898101807,604900,0.0,0.0
2022-05-17 00:00:00-04:00,4.877333234408494,4.979834009549025,4.800457449402158,4.92858362197876,889600,0.0,0.0
2022-05-18 00:00:00-04:00,4.920041227007768,5.133584674555637,4.8260819960422,4.8517069816589355,620200,0.0,0.0
2022-05-19 00:00:00-04:00,4.860250401205914,4.962751189618577,4.7492076767745655,4.76629114151001,564200,0.0,0.0
2022-05-20 00:00:00-04:00,4.868791329657696,4.868791329657696,4.424620893995246,4.535663604736328,1254900,0.0,0.0
2022-05-23 00:00:00-04:00,4.586913621232671,4.586913621232671,4.424620535744313,4.501496315002441,1004500,0.0,0.0
2022-05-24 00:00:00-04:00,4.492955123839054,4.492955123839054,4.262327768827311,4.398995876312256,561100,0.0,0.0
2022-05-25 00:00:00-04:00,4.381911642849081,4.595455090465877,4.381911642849081,4.5442047119140625,525700,0.0,0.0
2022-05-26 00:00:00-04:00,4.595455341474641,4.774831879854635,4.595455341474641,4.740664958953857,531900,0.0,0.0
2022-05-27 00:00:00-04:00,4.808999858924234,5.00545990098354,4.791916394714812,4.971292972564697,483100,0.0,0.0
2022-05-31 00:00:00-04:00,4.937125388918394,4.971292312802796,4.817540748021127,4.954208850860596,383600,0.0,0.0
2022-06-01 00:00:00-04:00,5.039626193126994,5.159210427494901,4.87733309997676,5.090876579284668,1021300,0.0,0.0
2022-06-02 00:00:00-04:00,5.099417886820924,5.184835600703167,5.03962597586557,5.159210205078125,580000,0.0,0.0
2022-06-03 00:00:00-04:00,5.142126686848812,5.193377070229809,5.073792842340816,5.150668621063232,532900,0.0,0.0
2022-06-06 00:00:00-04:00,5.236086286860795,5.415462844683566,5.176293965152581,5.406920909881592,697500,0.0,0.0
2022-06-07 00:00:00-04:00,5.372754041298257,5.671714838352801,5.364212513709091,5.629006385803223,785600,0.0,0.0
2022-06-08 00:00:00-04:00,5.594840114082833,5.663173971982155,5.466713926870646,5.646090507507324,612900,0.0,0.0
2022-06-09 00:00:00-04:00,5.594839022283795,5.620464010344517,5.35567015900661,5.372753620147705,659300,0.0,0.0
2022-06-10 00:00:00-04:00,5.159210427494901,5.321503520645134,5.048167720502342,5.090876579284668,980600,0.0,0.0
2022-06-13 00:00:00-04:00,4.894416287841777,5.031083976606052,4.339203191284147,4.364828586578369,1153800,0.0,0.0
2022-06-14 00:00:00-04:00,4.381912104903511,4.45878747718652,4.211077084415149,4.373370170593262,644100,0.0,0.0
2022-06-15 00:00:00-04:00,4.4160788030946465,4.885874169131249,4.356286487867374,4.740664958953857,1702000,0.0,0.0
2022-06-16 00:00:00-04:00,4.595455416203367,4.6381638643729275,4.228160399594526,4.270869255065918,761600,0.0,0.0
2022-06-17 00:00:00-04:00,4.330662592151266,4.330662592151266,4.082952149547739,4.185452938079834,972000,0.0,0.0
2022-06-21 00:00:00-04:00,4.253785650670479,4.305036031124121,4.023158734978181,4.0402421951293945,641500,0.0,0.0
2022-06-22 00:00:00-04:00,3.9804502066610774,4.159826756577739,3.9291998220137248,3.937741756439209,933500,0.0,0.0
2022-06-23 00:00:00-04:00,3.9633661871590022,3.9633661871590022,3.741281218285049,3.758364677429199,870900,0.0,0.0
2022-06-24 00:00:00-04:00,3.8096155380922863,4.134201710305064,3.7327397585414057,3.9548251628875732,2652500,0.0,0.0
2022-06-27 00:00:00-04:00,3.980450517319885,4.108576692588946,3.9462835915550527,4.014617443084717,550600,0.0,0.0
2022-06-28 00:00:00-04:00,4.048784093445827,4.202535656231066,3.869407949032805,3.8779494762420654,537600,0.0,0.0
2022-06-29 00:00:00-04:00,3.843707115687741,3.843707115687741,3.621131848882705,3.6981773376464844,542200,0.01,0.0
2022-06-30 00:00:00-04:00,3.6211318421297545,3.7238588881558905,3.552647144778997,3.6724953651428223,386500,0.0,0.0
2022-07-01 00:00:00-04:00,3.6296927985718797,3.6896171223203904,3.544086913360479,3.6810567378997803,611100,0.0,0.0
2022-07-05 00:00:00-04:00,3.578328385048481,3.7238585581214334,3.475601348126735,3.7152981758117676,392900,0.0,0.0
2022-07-06 00:00:00-04:00,3.6810558157687483,3.766661679535263,3.501283297758589,3.5783283710479736,851800,0.0,0.0
2022-07-07 00:00:00-04:00,3.6296920417782226,3.8180253581767194,3.6296920417782226,3.732419490814209,410100,0.0,0.0
2022-07-08 00:00:00-04:00,3.758101178155934,3.8608286307791784,3.7409800040855576,3.83514666557312,297400,0.0,0.0
2022-07-11 00:00:00-04:00,3.783783143361992,3.83514666557312,3.698177273010112,3.83514666557312,216600,0.0,0.0
2022-07-12 00:00:00-04:00,3.8351460512939135,4.023478935902581,3.8265852615294214,3.98923659324646,360900,0.0,0.0
2022-07-13 00:00:00-04:00,3.9207521519043538,4.023479186264943,3.8865098071174904,4.014918804168701,260600,0.0,0.0
2022-07-14 00:00:00-04:00,3.91219157188588,3.9721154681307977,3.877949228831376,3.937873125076294,267800,0.0,0.0
2022-07-15 00:00:00-04:00,4.0406003586583745,4.057721531051806,3.9207521519043538,4.014918804168701,477700,0.0,0.0
2022-07-18 00:00:00-04:00,4.1005246618049,4.2974183482218775,4.0748431073423514,4.186130523681641,609800,0.0,0.0
2022-07-19 00:00:00-04:00,4.263176420215386,4.48575168285262,4.263176420215386,4.434388160705566,528500,0.0,0.0
2022-07-20 00:00:00-04:00,4.468629953563484,4.5970389470764275,4.400145265876831,4.5884785652160645,445300,0.0,0.0
2022-07-21 00:00:00-04:00,4.511433124542236,4.537115086736249,4.36590295791169,4.511433124542236,513100,0.0,0.0
2022-07-22 00:00:00-04:00,4.53711566907518,4.554236843335045,4.305979612466504,4.3830246925354,508900,0.0,0.0
2022-07-25 00:00:00-04:00,4.408706550682726,4.485751628875732,4.323100681467728,4.485751628875732,324300,0.0,0.0
2022-07-26 00:00:00-04:00,4.468630283454566,4.468630283454566,4.36590324434089,4.37446403503418,184400,0.0,0.0
2022-07-27 00:00:00-04:00,4.442948951830569,4.48575168285262,4.3231007334874425,4.434388160705566,468900,0.0,0.0
2022-07-28 00:00:00-04:00,4.4258280569881565,4.502873549169703,4.348782564806609,4.468630790710449,1624100,0.0,0.0
2022-07-29 00:00:00-04:00,4.502873129676592,4.5114335123431495,4.3487821596688,4.442948818206787,674000,0.0,0.0
2022-08-01 00:00:00-04:00,4.425827636554956,4.4515091927084995,4.340221769041519,4.417266845703125,456300,0.0,0.0
2022-08-02 00:00:00-04:00,4.391585157230696,4.502872985745539,4.357342811257046,4.425827503204346,960800,0.0,0.0
2022-08-03 00:00:00-04:00,4.451509151746091,4.751130297587497,4.391585249138587,4.716887950897217,759700,0.0,0.0
2022-08-04 00:00:00-04:00,4.699765978606407,4.734008730650671,4.545675431311437,4.5884785652160645,512900,0.0,0.0
2022-08-05 00:00:00-04:00,4.5114338815140425,4.708327597368397,4.5114338815140425,4.545676231384277,376300,0.0,0.0
2022-08-08 00:00:00-04:00,4.588478456988318,4.725447829130948,4.477190638021966,4.494311809539795,493800,0.0,0.0
2022-08-09 00:00:00-04:00,4.477191582375516,4.528555107762876,4.4258280569881565,4.468630790710449,377000,0.0,0.0
2022-08-10 00:00:00-04:00,4.588479653480851,4.648403565318555,4.537116125533805,4.57991886138916,338300,0.0,0.0
2022-08-11 00:00:00-04:00,4.674084042071152,4.716887172470699,4.5970385706323285,4.656962871551514,390200,0.0,0.0
2022-08-12 00:00:00-04:00,4.691205644463025,4.716887606707215,4.6141601659313976,4.708326816558838,653700,0.0,0.0
2022-08-15 00:00:00-04:00,4.691206296164407,4.888100006719156,4.648403155878201,4.870978832244873,683300,0.0,0.0
2022-08-16 00:00:00-04:00,4.870978910144088,5.007948308128834,4.870978910144088,4.913781642913818,517900,0.0,0.0
2022-08-17 00:00:00-04:00,4.922342554913706,4.922342554913706,4.75969118672374,4.836736679077148,658600,0.0,0.0
2022-08-18 00:00:00-04:00,4.819615385899808,4.94802440061101,4.819615385899808,4.913781642913818,331100,0.0,0.0
2022-08-19 00:00:00-04:00,4.888099028765396,4.905220199814275,4.6569630155050765,4.674084186553955,481100,0.0,0.0
2022-08-22 00:00:00-04:00,4.665524741300904,4.699767093265601,4.571358477498503,4.57991886138916,449000,0.0,0.0
2022-08-23 00:00:00-04:00,4.562796974434049,4.759690671651699,4.562796974434049,4.691205978393555,733400,0.0,0.0
2022-08-24 00:00:00-04:00,4.691206343684759,4.828175740866474,4.6826455522604,4.793933391571045,303300,0.0,0.0
2022-08-25 00:00:00-04:00,4.802493567223533,4.999387254527199,4.793932776896833,4.973705291748047,386400,0.0,0.0
2022-08-26 00:00:00-04:00,4.956584658838083,4.973705833154238,4.6826454615786215,4.699766635894775,392700,0.0,0.0
2022-08-29 00:00:00-04:00,4.6227209090593915,4.656963252902718,4.562796603233101,4.5884785652160645,338200,0.0,0.0
2022-08-30 00:00:00-04:00,4.605599774985698,4.63128132897877,4.468629990285861,4.511433124542236,432100,0.0,0.0
2022-08-31 00:00:00-04:00,4.519994502005718,4.53711567629282,4.4087066650390625,4.4087066650390625,326300,0.0,0.0
2022-09-01 00:00:00-04:00,4.408706082768324,4.434387636706641,4.220372782282945,4.314539432525635,590000,0.0,0.0
2022-09-02 00:00:00-04:00,4.400144965981012,4.485750819754784,4.314539112207239,4.35734224319458,270600,0.0,0.0
2022-09-06 00:00:00-04:00,4.365903341146891,4.391585305595244,4.203251988176588,4.2460551261901855,331000,0.0,0.0
2022-09-07 00:00:00-04:00,4.21181316377365,4.477191582375516,4.21181316377365,4.468630790710449,360900,0.0,0.0
2022-09-08 00:00:00-04:00,4.39158548376583,4.468630563834727,4.3231007867263695,4.3830246925354,228100,0.0,0.0
2022-09-09 00:00:00-04:00,4.408705962803159,4.562796506842928,4.408705962803159,4.519993782043457,300600,0.0,0.0
2022-09-12 00:00:00-04:00,4.545676509424462,4.614161213353857,4.502873773569108,4.57991886138916,150900,0.0,0.0
2022-09-13 00:00:00-04:00,4.42582783228556,4.519994494815315,4.3573431352461,4.3830246925354,333200,0.0,0.0
2022-09-14 00:00:00-04:00,4.357343219557205,4.477191441695227,4.28885852119262,4.451509475708008,300600,0.0,0.0
2022-09-15 00:00:00-04:00,4.434388215314996,4.53711566907518,4.34878234401567,4.3830246925354,694400,0.0,0.0
2022-09-16 00:00:00-04:00,4.314539804687,4.434388019205812,4.203251972819044,4.417266845703125,918500,0.0,0.0
2022-09-19 00:00:00-04:00,4.323100603468152,4.494312338809059,4.297418639066528,4.442948818206787,448000,0.0,0.0
2022-09-20 00:00:00-04:00,4.3659028190556155,4.502872599399174,4.28885775132585,4.494311809539795,337800,0.0,0.0
2022-09-21 00:00:00-04:00,4.528554327071046,4.528554327071046,4.237493991851807,4.237493991851807,573900,0.0,0.0
2022-09-22 00:00:00-04:00,4.211812933932379,4.237494491124093,4.0063584353937065,4.066282749176025,521700,0.0,0.0
2022-09-23 00:00:00-04:00,3.954994548929661,3.963555339339924,3.818025167973087,3.8779494762420654,547900,0.0,0.0
2022-09-26 00:00:00-04:00,3.8437071085197156,3.9549949458151943,3.6724953651428223,3.6724953651428223,455900,0.0,0.0
2022-09-27 00:00:00-04:00,3.706737720730796,3.852267906973048,3.6724953719915594,3.6981773376464844,247300,0.0,0.0
2022-09-28 00:00:00-04:00,3.715298309940313,3.877949661705545,3.6724951722438406,3.8180253505706787,260100,0.0,0.0
2022-09-29 00:00:00-04:00,3.7322273109339754,3.7493869607428407,3.5692104331905923,3.6464290618896484,650900,0.01,0.0
2022-09-30 00:00:00-04:00,3.6721683074637324,3.7837058134891524,3.629268983448996,3.6893279552459717,460100,0.0,0.0
2022-10-03 00:00:00-04:00,3.689327798453049,3.826604974876816,3.586369507016967,3.792285680770874,456900,0.0,0.0
2022-10-04 00:00:00-04:00,3.8866637617645234,3.989621639251709,3.860924087833608,3.989621639251709,809300,0.0,0.0
2022-10-05 00:00:00-04:00,3.90382366712733,3.93814296190099,3.8008653736880853,3.92098331451416,318700,0.0,0.0
2022-10-06 00:00:00-04:00,3.84376488627311,3.946722775671553,3.8351848575974308,3.878084182739258,392400,0.0,0.0
2022-10-07 00:00:00-04:00,3.8351851630859355,3.8780844916448736,3.6893283460458464,3.740807294845581,464800,0.0,0.0
2022-10-10 00:00:00-04:00,3.7493869607428407,3.800865910169437,3.6464290618896484,3.6464290618896484,368800,0.0,0.0
2022-10-11 00:00:00-04:00,3.6464290618896484,3.7064880407798384,3.5692104331905923,3.6464290618896484,466800,0.0,0.0
2022-10-12 00:00:00-04:00,3.646428741332434,3.74080701154357,3.5434708515302598,3.6979076862335205,414000,0.0,0.0
2022-10-13 00:00:00-04:00,3.5777896074373685,4.006781159233346,3.5348902886104807,3.9982011318206787,523400,0.0,0.0
2022-10-14 00:00:00-04:00,4.032520024379566,4.101159009537169,3.8952428723007264,3.903822898864746,231300,0.0,0.0
2022-10-17 00:00:00-04:00,4.04110050201416,4.144058377565522,3.9896215642384787,4.04110050201416,253300,0.0,0.0
2022-10-18 00:00:00-04:00,4.152638141387071,4.25559601040042,4.075419535067959,4.135478496551514,222800,0.0,0.0
2022-10-19 00:00:00-04:00,4.049680695237482,4.169798642882085,4.049680695237482,4.101160049438477,236500,0.0,0.0
2022-10-20 00:00:00-04:00,4.109739033476007,4.195537262011557,3.9638818404064584,3.9982011318206787,160600,0.0,0.0
2022-10-21 00:00:00-04:00,4.023940494150973,4.08399945404631,3.963881534255635,4.049679756164551,224900,0.0,0.0
2022-10-24 00:00:00-04:00,4.1440586766446605,4.1440586766446605,4.015361118358165,4.058260440826416,215800,0.0,0.0
2022-10-25 00:00:00-04:00,4.075420065843665,4.281335830688477,4.0411007717028635,4.281335830688477,490000,0.0,0.0
2022-10-26 00:00:00-04:00,4.264175628259097,4.281335273094655,4.135478496551514,4.135478496551514,418300,0.0,0.0
2022-10-27 00:00:00-04:00,4.1612190193016,4.221277998971574,4.066840739568308,4.126899719238281,484700,0.0,0.0
2022-10-28 00:00:00-04:00,4.17837866933326,4.204118348939914,3.998202139441669,4.126899719238281,346700,0.0,0.0
2022-10-31 00:00:00-04:00,4.066839654714646,4.264175781997311,4.032520363806202,4.229856491088867,516900,0.0,0.0
2022-11-01 00:00:00-04:00,4.2899162036884135,4.4186137716227245,4.169798664538259,4.186958312988281,278000,0.0,0.0
2022-11-02 00:00:00-04:00,4.135479578926654,4.161218848357604,3.809445832600346,3.8523447513580322,632800,0.0,0.0
2022-11-03 00:00:00-04:00,3.775126117855866,3.775126117855866,3.2002773150920385,3.311815023422241,1211300,0.0,0.0
2022-11-04 00:00:00-04:00,3.3461345633510073,3.380453858637211,3.140218587074651,3.2860755920410156,845400,0.0,0.0
2022-11-07 00:00:00-05:00,3.389033443676513,3.389033443676513,3.1402183658232485,3.1745376586914062,619700,0.0,0.0
2022-11-08 00:00:00-05:00,3.251756503162671,3.251756503162671,3.1058992843787667,3.1573784351348877,394900,0.0,0.0
2022-11-09 00:00:00-05:00,3.1402186364075724,3.2088572280582937,3.0544201922850323,3.0801596641540527,394000,0.0,0.0
2022-11-10 00:00:00-05:00,3.277495837191471,3.45767255035397,3.277495837191471,3.4147732257843018,766000,0.0,0.0
2022-11-11 00:00:00-05:00,3.4147731199416262,3.5348906522480004,3.34613453005227,3.3804538249969482,923500,0.0,0.0
2022-11-14 00:00:00-05:00,3.3804532904233096,3.3804532904233096,3.2260162830352783,3.2260162830352783,487400,0.0,0.0
2022-11-15 00:00:00-05:00,3.303235351932097,3.320395000158305,3.1316388696700215,3.1659581661224365,437400,0.0,0.0
2022-11-16 00:00:00-05:00,3.114479205822457,3.148798502102736,3.045840408702757,3.054420232772827,431500,0.0,0.0
2022-11-17 00:00:00-05:00,3.0544200946084974,3.1402185359873105,2.9772016814707842,3.1144790649414062,455500,0.0,0.0
2022-11-18 00:00:00-05:00,3.183117654397151,3.2174369491250236,3.0801595656544016,3.1144790649414062,484300,0.0,0.0
2022-11-21 00:00:00-05:00,3.11447912393891,3.148798419316892,3.04584032862381,3.1058990955352783,300700,0.0,0.0
2022-11-22 00:00:00-05:00,3.140218496322632,3.165957967043416,2.9600419967180116,3.140218496322632,348500,0.0,0.0
2022-11-23 00:00:00-05:00,3.0801594792465945,3.123058801012111,3.037260362040204,3.0973191261291504,324800,0.0,0.0
2022-11-25 00:00:00-05:00,3.1230589477834054,3.1402185954723967,3.0887394478462875,3.1058990955352783,64300,0.0,0.0
2022-11-28 00:00:00-05:00,3.020101079793089,3.2002775983728777,3.020101079793089,3.063000202178955,552800,0.0,0.0
2022-11-29 00:00:00-05:00,3.037260362040204,3.114478977570833,3.037260362040204,3.0973191261291504,183400,0.0,0.0
2022-11-30 00:00:00-05:00,3.0715798963191525,3.1745379902355406,3.0372605998667375,3.1659581661224365,476000,0.0,0.0
2022-12-01 00:00:00-05:00,3.16595825950105,3.2345968544303467,3.1316389620364014,3.1573784351348877,348800,0.0,0.0
2022-12-02 00:00:00-05:00,3.1487981890402876,3.1745376586914062,3.080159398744851,3.1745376586914062,268600,0.0,0.0
2022-12-05 00:00:00-05:00,3.1402182259675198,3.200276985811962,3.0286803245544434,3.0286803245544434,248700,0.0,0.0
2022-12-06 00:00:00-05:00,3.0286809042702623,3.097319500087648,3.020101079793089,3.063000202178955,379600,0.0,0.0
2022-12-07 00:00:00-05:00,3.063000150449826,3.131638949667164,3.002941380123909,3.0458405017852783,349100,0.0,0.0
2022-12-08 00:00:00-05:00,3.0458404809719206,3.1402187525411587,2.925722941140895,2.9600422382354736,469400,0.0,0.0
2022-12-09 00:00:00-05:00,3.1316387253503755,3.5091513780477888,3.1144790779149596,3.311815023422241,1644700,0.0,0.0
2022-12-12 00:00:00-05:00,3.31181505556977,3.491991764508863,3.31181505556977,3.466252088546753,1088600,0.0,0.0
2022-12-13 00:00:00-05:00,3.5949496759691044,3.663588266870561,3.4490924657443727,3.5520503520965576,1048100,0.0,0.0
2022-12-14 00:00:00-05:00,3.5606303215026855,3.663588206148394,3.5263110266207827,3.5606303215026855,826100,0.0,0.0
2022-12-15 00:00:00-05:00,3.509151412110846,3.569209974158652,3.4405128217029133,3.466252088546753,508800,0.0,0.0
2022-12-16 00:00:00-05:00,3.3976136736152927,3.517731213032882,3.371874200882952,3.47483229637146,774900,0.0,0.0
2022-12-19 00:00:00-05:00,3.44909246860948,3.603529298266045,3.3461345821717696,3.397613525390625,529000,0.0,0.0
2022-12-20 00:00:00-05:00,3.3632943736147576,3.414773319033152,3.320395047873617,3.406193494796753,405300,0.0,0.0
2022-12-21 00:00:00-05:00,3.4748322236568963,3.5005714912914696,3.2603362129243236,3.277495861053467,659300,0.0,0.0
2022-12-22 00:00:00-05:00,3.2431763380731273,3.3718738946039295,3.208857044214014,3.3461344242095947,577600,0.0,0.0
2022-12-23 00:00:00-05:00,3.3547143791338625,3.491991764508863,3.3547143791338625,3.466252088546753,517200,0.0,0.0
2022-12-27 00:00:00-05:00,3.4834115505218506,3.552050137272114,3.371873847052673,3.4834115505218506,500100,0.0,0.0
2022-12-28 00:00:00-05:00,3.4919917514828787,3.517731018230705,3.3976134854648907,3.4233529567718506,471200,0.0,0.0
2022-12-29 00:00:00-05:00,3.379909410674836,3.5797496168765317,3.371220706057371,3.5623722076416016,513200,0.05,0.0
2022-12-30 00:00:00-05:00,3.527617403914434,3.605815952953487,3.4494190620304406,3.571061134338379,527600,0.0,0.0
2023-01-03 00:00:00-05:00,3.6145044174631473,3.7361466958159335,3.579749599165241,3.5884385108947754,649800,0.0,0.0
2023-01-04 00:00:00-05:00,3.6318821226859925,3.770901821520727,3.5884388034271337,3.6666369438171387,576500,0.0,0.0
2023-01-05 00:00:00-05:00,3.6579480686645605,3.6579480686645605,3.4754850693774366,3.501551389694214,443000,0.0,0.0
2023-01-06 00:00:00-05:00,3.588439055461566,3.849100232252732,3.518929408317255,3.805656909942627,680200,0.0,0.0
2023-01-09 00:00:00-05:00,3.8490999767246294,3.8490999767246294,3.5363065853404745,3.7969677448272705,732000,0.0,0.0
2023-01-10 00:00:00-05:00,3.7795896745710382,3.9620526615229577,3.770901177926226,3.9359867572784424,464000,0.0,0.0
2023-01-11 00:00:00-05:00,3.9359867928319683,4.092383462642015,3.9359867928319683,4.031562328338623,692300,0.0,0.0
2023-01-12 00:00:00-05:00,4.083695685614876,4.248781312301121,4.06631827303265,4.196649074554443,642700,0.0,0.0
2023-01-13 00:00:00-05:00,4.118449638359447,4.231403003371865,4.101072229458315,4.161893367767334,432400,0.0,0.0
2023-01-17 00:00:00-05:00,4.170582104760989,4.318289867081404,4.092383560824817,4.27484655380249,455400,0.0,0.0
2023-01-18 00:00:00-05:00,4.300913181895097,4.3443569167870315,4.118450158245229,4.153205394744873,405000,0.0,0.0
2023-01-19 00:00:00-05:00,4.083695123426982,4.318290368146232,4.083695123426982,4.248780727386475,449800,0.0,0.0
2023-01-20 00:00:00-05:00,4.283535282564905,4.431243467189577,4.187959739592564,4.422554969787598,573600,0.0,0.0
2023-01-23 00:00:00-05:00,4.422555364200109,4.49206500685541,4.396489041049295,4.4486212730407715,385100,0.0,0.0
2023-01-24 00:00:00-05:00,4.370422742445381,4.500753103645867,4.370422742445381,4.422554969787598,402100,0.0,0.0
2023-01-25 00:00:00-05:00,4.41386582099914,4.587640317116249,4.361733596457036,4.570262908935547,592500,0.0,0.0
2023-01-26 00:00:00-05:00,4.631083630412957,4.657149949839056,4.483375453721947,4.570262908935547,529200,0.0,0.0
2023-01-27 00:00:00-05:00,4.561574935913086,4.631084582932609,4.544197524158205,4.561574935913086,505500,0.0,0.0
2023-01-30 00:00:00-05:00,4.509441773148046,4.648461038593659,4.439932140425239,4.570262908935547,658900,0.0,0.0
2023-01-31 00:00:00-05:00,4.570263319402675,4.735348504791021,4.570263319402675,4.605018138885498,782100,0.0,0.0
2023-02-01 00:00:00-05:00,4.639772462214504,4.726659501630301,4.526819103818925,4.5963287353515625,825900,0.0,0.0
2023-02-02 00:00:00-05:00,4.665839059624273,4.78748134717678,4.622395740621359,4.735348701477051,1039300,0.0,0.0
2023-02-03 00:00:00-05:00,4.6484606537220134,4.865678445151174,4.6484606537220134,4.770102500915527,511800,0.0,0.0
2023-02-06 00:00:00-05:00,4.683216275566786,4.726660007075379,4.535508085609723,4.605018138885498,635500,0.0,0.0
2023-02-07 00:00:00-05:00,4.552886121673751,4.787481806920407,4.535508709541798,4.761415481567383,629400,0.0,0.0
2023-02-08 00:00:00-05:00,4.73534767682804,4.73534767682804,4.439931762876731,4.483375072479248,413900,0.0,0.0
2023-02-09 00:00:00-05:00,4.492064624198901,4.535507940002669,4.370422759914185,4.396488666534424,302500,0.0,0.0
2023-02-10 00:00:00-05:00,4.3617336439214895,4.370422555261439,4.179270648883511,4.23140287399292,453900,0.0,0.0
2023-02-13 00:00:00-05:00,4.240091983882648,4.439932396648309,4.170582347148525,4.396488666534424,528300,0.0,0.0
2023-02-14 00:00:00-05:00,4.318290215347588,4.396488765590402,4.283535396197476,4.344356536865234,602900,0.0,0.0
2023-02-15 00:00:00-05:00,4.326979112565558,4.3530454339945015,4.283535381620695,4.335667610168457,255700,0.0,0.0
2023-02-16 00:00:00-05:00,4.248780727386475,4.318290368146232,4.161893676436778,4.248780727386475,421100,0.0,0.0
2023-02-17 00:00:00-05:00,4.300913181895097,4.300913181895097,4.144516482042421,4.153205394744873,407300,0.0,0.0
2023-02-21 00:00:00-05:00,4.135827983650132,4.1966487153266465,4.0836953360557455,4.153205394744873,337000,0.0,0.0
2023-02-22 00:00:00-05:00,4.240091737455323,4.318289867081404,4.187959512934572,4.27484655380249,461200,0.0,0.0
2023-02-23 00:00:00-05:00,4.231403055222689,4.448620876303649,4.196648236994544,4.422554969787598,396700,0.0,0.0
2023-02-24 00:00:00-05:00,4.344356656336165,4.344356656336165,4.231403283836992,4.266158103942871,210000,0.0,0.0
2023-02-27 00:00:00-05:00,4.300912972550445,4.326979295078874,4.18796001308763,4.257469654083252,387000,0.0,0.0
2023-02-28 00:00:00-05:00,4.257469512073603,4.283535419422451,4.048940181732178,4.048940181732178,682900,0.0,0.0
2023-03-01 00:00:00-05:00,3.996807451491404,4.101071896431423,3.918609324941427,4.066317081451416,349000,0.0,0.0
2023-03-02 00:00:00-05:00,3.988119047099662,4.022873862883138,3.9186094155327105,4.014184951782227,223900,0.0,0.0
2023-03-03 00:00:00-05:00,4.048940098353098,4.16189346603242,4.022874191541019,4.1097612380981445,294100,0.0,0.0
2023-03-06 00:00:00-05:00,4.127138214821465,4.144515622311468,4.048939673961413,4.066317081451416,348400,0.0,0.0
2023-03-07 00:00:00-05:00,4.057628662859441,4.118449383088545,4.031562343968338,4.0402512550354,236400,0.0,0.0
2023-03-08 00:00:00-05:00,4.048939598416358,4.135827048555305,4.005496287656952,4.127138137817383,259900,0.0,0.0
2023-03-09 00:00:00-05:00,4.135827762145207,4.135827762145207,3.9794306563586215,4.005496978759766,638500,0.0,0.0
2023-03-10 00:00:00-05:00,3.9794310278034044,3.9794310278034044,3.796967996894499,3.805656909942627,414300,0.0,0.0
2023-03-13 00:00:00-04:00,3.710080320532663,3.7795899561091826,3.6492591822481537,3.744835138320923,428400,0.0,0.0
2023-03-14 00:00:00-04:00,3.9012322938467223,3.9186101191689544,3.744835594738066,3.770901918411255,398000,0.0,0.0
2023-03-15 00:00:00-04:00,3.7013918877646583,3.727457794405189,3.562372199878068,3.71008038520813,854200,0.0,0.0
2023-03-16 00:00:00-04:00,3.6318821907043457,3.7535244812516395,3.588438870631875,3.6318821907043457,363500,0.0,0.0
2023-03-17 00:00:00-04:00,3.605815760986128,3.6231931693685393,3.4754849909629963,3.5276172161102295,1431900,0.0,0.0
2023-03-20 00:00:00-04:00,3.52761726340325,3.5710609920967546,3.484173949019848,3.5189287662506104,463400,0.0,0.0
2023-03-21 00:00:00-04:00,3.5884385436459327,3.640570771568595,3.527617403914434,3.571061134338379,341300,0.0,0.0
2023-03-22 00:00:00-04:00,3.5449946928363962,3.553683604350163,3.345154285430908,3.345154285430908,542300,0.0,0.0
2023-03-23 00:00:00-04:00,3.3538434852745747,3.4407307488531895,3.275645134493396,3.336466073989868,473200,0.0,0.0
2023-03-24 00:00:00-04:00,3.3017109642461073,3.3972869251541233,3.18006909583326,3.3799095153808594,488100,0.0,0.0
2023-03-27 00:00:00-04:00,3.4320416709594,3.4494190803592906,3.2756447792053223,3.2756447792053223,452800,0.0,0.0
2023-03-28 00:00:00-04:00,3.2669556911002338,3.2843330984607375,3.1800686542977155,3.2235121726989746,572900,0.0,0.0
2023-03-29 00:00:00-04:00,3.2408898960978054,3.319088236845654,3.223512487042728,3.3103995323181152,299700,0.0,0.0
2023-03-30 00:00:00-04:00,3.3368124339895076,3.380833664666852,3.18714003977675,3.301595449447632,372400,0.05,0.0
2023-03-31 00:00:00-04:00,3.328008063501058,3.416050731475767,3.319203817694565,3.398442029953003,450100,0.0,0.0
2023-04-03 00:00:00-04:00,3.4072464415489705,3.5305063086569963,3.4072464415489705,3.4424636363983154,361100,0.0,0.0
2023-04-04 00:00:00-04:00,3.4512677269539105,3.4600719727916593,3.319203829477903,3.3720293045043945,253200,0.0,0.0
2023-04-05 00:00:00-04:00,3.354421228461174,3.380833969247112,3.3015957468892982,3.336812734603882,260400,0.0,0.0
2023-04-06 00:00:00-04:00,3.3720292925335236,3.4776804521212186,3.354420800920537,3.398442029953003,177800,0.0,0.0
2023-04-10 00:00:00-04:00,3.3808335503421434,3.4512677269539105,3.3368123211534004,3.3720293045043945,244200,0.0,0.0
2023-04-11 00:00:00-04:00,3.3632249073679485,3.3808333982513066,3.2663782075094785,3.3544206619262695,269900,0.0,0.0
2023-04-12 00:00:00-04:00,3.398442066722945,3.4424635061414848,3.3192038536071777,3.3192038536071777,409000,0.0,0.0
2023-04-13 00:00:00-04:00,3.3456164164845905,3.398441889134665,3.283986698392837,3.3544206619262695,457000,0.0,0.0
2023-04-14 00:00:00-04:00,3.3896378208211932,3.4688762438467404,3.2751826240984183,3.3192038536071777,340300,0.0,0.0
2023-04-17 00:00:00-04:00,3.319203817694565,3.407246275759496,3.2927910802750855,3.398442029953003,275400,0.0,0.0
2023-04-18 00:00:00-04:00,3.4072462922123976,3.4688762230652253,3.3456165712693484,3.4248549938201904,204800,0.0,0.0
2023-04-19 00:00:00-04:00,3.416050434112549,3.44246316923283,3.3808332440424143,3.416050434112549,248900,0.0,0.0
2023-04-20 00:00:00-04:00,3.3984416567768125,3.424854601205716,3.292790718700217,3.328007698059082,209700,0.0,0.0
2023-04-21 00:00:00-04:00,3.328008487675236,3.345616981532528,3.27518300610336,3.336812734603882,209700,0.0,0.0
2023-04-24 00:00:00-04:00,3.354420824925284,3.372029316664279,3.3103995955777954,3.345616579055786,158600,0.0,0.0
2023-04-25 00:00:00-04:00,3.310399903813317,3.3280083971918617,3.204748943542051,3.2135531902313232,316200,0.0,0.0
2023-04-26 00:00:00-04:00,3.187139781991349,3.2487697098646042,3.099097327757797,3.1079015731811523,295700,0.0,0.0
2023-04-27 00:00:00-04:00,3.134314284687476,3.2399654388427734,3.090293057918505,3.2399654388427734,350300,0.0,0.0
2023-04-28 00:00:00-04:00,3.2399656286218144,3.521701706355518,3.231161382752317,3.345616579055786,449000,0.0,0.0
2023-05-01 00:00:00-04:00,3.3720293829023693,3.442463561151696,3.3720293829023693,3.433659315109253,351000,0.0,0.0
2023-05-02 00:00:00-04:00,3.424854936344192,3.424854936344192,3.2751825495130995,3.3103995323181152,259700,0.0,0.0
2023-05-03 00:00:00-04:00,3.328008225434967,3.609744314861212,3.328008225434967,3.4424636363983154,569200,0.0,0.0
2023-05-04 00:00:00-04:00,3.424855204787946,3.4952891759186664,3.328008284573414,3.4776806831359863,339600,0.0,0.0
2023-05-05 00:00:00-04:00,3.539310318136073,3.6097442874809387,3.4336593641187747,3.4952890872955322,272200,0.0,0.0
2023-05-08 00:00:00-04:00,3.4776806831359863,3.5481148641764984,3.4688764367446465,3.4776806831359863,283300,0.0,0.0
2023-05-09 00:00:00-04:00,3.4952889873222537,3.5481146727297537,3.4072463182496078,3.5393102169036865,347400,0.0,0.0
2023-05-10 00:00:00-04:00,3.583331823348999,3.61854880865497,3.4336594258888313,3.583331823348999,379900,0.0,0.0
2023-05-11 00:00:00-04:00,3.5393100432851776,3.6097440071603786,3.5217015523163773,3.5745270252227783,188000,0.0,0.0
2023-05-12 00:00:00-04:00,3.60974427409883,3.65376571468596,3.468876335931327,3.5217018127441406,294200,0.0,0.0
2023-05-15 00:00:00-04:00,3.5128976062774298,3.5305063086569963,3.4336593901634265,3.4424636363983154,383200,0.0,0.0
2023-05-16 00:00:00-04:00,3.4336592991564627,3.5040932671687695,3.389637859238989,3.4072463512420654,199800,0.0,0.0
2023-05-17 00:00:00-04:00,3.424854890128702,3.5657230293576454,3.4072461890540335,3.548114538192749,224000,0.0,0.0
2023-05-18 00:00:00-04:00,3.539310192664956,3.6273526512248684,3.512897455096982,3.5921356678009033,189600,0.0,0.0
2023-05-19 00:00:00-04:00,3.644961142936851,3.671374090414604,3.5657231401427083,3.5921356678009033,217600,0.0,0.0
2023-05-22 00:00:00-04:00,3.6009399238227764,3.618548414558017,3.556918487074907,3.565722942352295,295600,0.0,0.0
2023-05-23 00:00:00-04:00,3.565722942352295,3.62735245001587,3.5305059608818135,3.565722942352295,215000,0.0,0.0
2023-05-24 00:00:00-04:00,3.5569187972860163,3.565723253331271,3.5040933204732028,3.5217018127441406,162900,0.0,0.0
2023-05-25 00:00:00-04:00,3.5657232935965535,3.5657232935965535,3.4160508976936477,3.4424636363983154,196000,0.0,0.0
2023-05-26 00:00:00-04:00,3.4072465893655797,3.4776807722101286,3.3808338495150476,3.4600722789764404,179400,0.0,0.0
2023-05-30 00:00:00-04:00,3.4776804954896807,3.5481146727297537,3.4776804954896807,3.5393102169036865,198000,0.0,0.0
2023-05-31 00:00:00-04:00,3.530506024872384,3.6097440247073926,3.4864845873266246,3.600939989089966,156900,0.0,0.0
2023-06-01 00:00:00-04:00,3.5921358446394867,3.644961322375999,3.5569188594818115,3.5569188594818115,155000,0.0,0.0
2023-06-02 00:00:00-04:00,3.6185487149984454,3.7594166525763377,3.600940222801209,3.715395212173462,443400,0.0,0.0
2023-06-05 00:00:00-04:00,3.7241995655505513,3.741808057262534,3.574527176088921,3.5921356678009033,229600,0.0,0.0
2023-06-06 00:00:00-04:00,3.583331710021387,3.7682210869401542,3.565723217925293,3.6537656784057617,296700,0.0,0.0
2023-06-07 00:00:00-04:00,3.6889823962041453,3.8474588136248746,3.636156923730569,3.7858293056488037,317700,0.0,0.0
2023-06-08 00:00:00-04:00,3.8122421291680473,3.8122421291680473,3.688982683787392,3.715395212173462,209700,0.0,0.0
2023-06-09 00:00:00-04:00,3.7153953899337737,3.741808339403121,3.671374367244314,3.68017840385437,142500,0.0,0.0
2023-06-12 00:00:00-04:00,3.6801780946520815,3.750612480712701,3.6537655672214595,3.7241995334625244,411300,0.0,0.0
2023-06-13 00:00:00-04:00,3.7330038829734753,3.78582978191217,3.68017840385437,3.68017840385437,220800,0.0,0.0
2023-06-14 00:00:00-04:00,3.6977864620043803,3.750612354730321,3.565722989648148,3.5745270252227783,225400,0.0,0.0
2023-06-15 00:00:00-04:00,3.548114538192749,3.548114538192749,3.4952888547882877,3.548114538192749,279200,0.0,0.0
2023-06-16 00:00:00-04:00,3.5921359005090387,3.5921359005090387,3.4248552184083163,3.451267957687378,428300,0.0,0.0
2023-06-20 00:00:00-04:00,3.451267414272924,3.4864843944332993,3.3808332440424143,3.416050434112549,280700,0.0,0.0
2023-06-21 00:00:00-04:00,3.398442195314081,3.4776806213378726,3.3720294566094133,3.4424636363983154,158300,0.0,0.0
2023-06-22 00:00:00-04:00,3.4248549938201904,3.4336592396691974,3.3720293088163693,3.4248549938201904,226000,0.0,0.0
2023-06-23 00:00:00-04:00,3.3720293829023693,3.4512678071941387,3.3456166447750406,3.433659315109253,893700,0.0,0.0
2023-06-26 00:00:00-04:00,3.4160509719819623,3.539310421950916,3.4160509719819623,3.451267957687378,234900,0.0,0.0
2023-06-27 00:00:00-04:00,3.4600722506057333,3.5481149259620683,3.3984423148833605,3.5128977298736572,303400,0.0,0.0
2023-06-28 00:00:00-04:00,3.4952891138076514,3.4952891138076514,3.4160508976936477,3.4424636363983154,277100,0.0,0.0
2023-06-29 00:00:00-04:00,3.4513814312608835,3.594074497007542,3.4513814312608835,3.576237916946411,196900,0.05,0.0
2023-06-30 00:00:00-04:00,3.6119112865887986,3.710012269986863,3.5762381243972046,3.585156202316284,286300,0.0,0.0
2023-07-03 00:00:00-04:00,3.5584015334491133,3.665421238751262,3.5584015334491133,3.6386661529541016,110700,0.0,0.0
2023-07-05 00:00:00-04:00,3.6208291787160465,3.6208291787160465,3.433544874191284,3.433544874191284,329700,0.0,0.0
2023-07-06 00:00:00-04:00,3.424626893555356,3.424626893555356,3.2551793665284388,3.3176074028015137,558200,0.0,0.0
2023-07-07 00:00:00-04:00,3.344361948539638,3.558401121751327,3.344361948539638,3.531646251678467,775700,0.0,0.0
2023-07-10 00:00:00-04:00,3.5227279663085938,3.585155996561084,3.469218226092173,3.5227279663085938,321400,0.0,0.0
2023-07-11 00:00:00-04:00,3.531646242416417,3.5584011124191104,3.5138096624146216,3.549482822418213,145100,0.0,0.0
2023-07-12 00:00:00-04:00,3.611911088915454,3.6475842491547206,3.5048913955688477,3.5048913955688477,178700,0.0,0.0
2023-07-13 00:00:00-04:00,3.5138099299775356,3.531646511337517,3.4603001858975904,3.4959733486175537,210600,0.0,0.0
2023-07-14 00:00:00-04:00,3.4781365565991758,3.487054846739017,3.3621985721524257,3.397871732711792,386300,0.0,0.0
2023-07-17 00:00:00-04:00,3.4067902299398254,3.460300186660388,3.3889536485759115,3.4513816833496094,373900,0.0,0.0
2023-07-18 00:00:00-04:00,3.442463166446848,3.513809699842801,3.4157082961591687,3.4781365394592285,167500,0.0,0.0
2023-07-19 00:00:00-04:00,3.4781365489599905,3.540564579801768,3.442463175850166,3.4602999687194824,213200,0.0,0.0
2023-07-20 00:00:00-04:00,3.37111690096354,3.406790061932126,3.273015708299929,3.3265254497528076,362500,0.0,0.0
2023-07-21 00:00:00-04:00,3.3532803353330967,3.3532803353330967,3.2908523033615373,3.2997705936431885,206800,0.0,0.0
2023-07-24 00:00:00-04:00,3.1749140958849926,3.299770363758581,3.1749140958849926,3.228423833847046,329200,0.0,0.0
2023-07-25 00:00:00-04:00,3.2195058019088933,3.237342595286215,3.1749143500376262,3.192750930786133,359600,0.0,0.0
2023-07-26 00:00:00-04:00,3.1749146041832375,3.2284243507121073,3.1570780220069476,3.1659963130950928,339200,0.0,0.0
2023-07-27 00:00:00-04:00,3.192750718841698,3.2284238779706196,3.1392409801483154,3.1392409801483154,157600,0.0,0.0
2023-07-28 00:00:00-04:00,3.1659958062246507,3.2730154947775545,3.1659958062246507,3.228423833847046,163500,0.0,0.0
2023-07-31 00:00:00-04:00,3.2284240587611652,3.30868888392484,3.2284240587611652,3.2997705936431885,149300,0.0,0.0
2023-08-01 00:00:00-04:00,3.246261125505825,3.273015998605331,3.174914584611646,3.2373428344726562,251300,0.0,0.0
2023-08-02 00:00:00-04:00,3.2997707316841405,3.308689022338875,2.925202098927642,3.023303508758545,865700,0.0,0.0
2023-08-03 00:00:00-04:00,2.969793338271874,3.005466498321092,2.8984470181734383,2.9341201782226562,362200,0.0,0.0
2023-08-04 00:00:00-04:00,2.9341201828792416,3.014385005746172,2.907365312799867,2.925201892852783,336400,0.0,0.0
2023-08-07 00:00:00-04:00,2.916283616882048,3.0054665175764685,2.88061045660428,2.898447036743164,461200,0.0,0.0
2023-08-08 00:00:00-04:00,2.8895287933963667,2.8895287933963667,2.7557542275628415,2.7646725177764893,562500,0.0,0.0
2023-08-09 00:00:00-04:00,2.7735903967376117,2.7735903967376117,2.4703683618048555,2.595224618911743,2118800,0.0,0.0
2023-08-10 00:00:00-04:00,2.6041433709040125,2.6844079851992997,2.6041433709040125,2.6219799518585205,939800,0.0,0.0
2023-08-11 00:00:00-04:00,2.6041429078030363,2.657652641150797,2.577388041129156,2.595224618911743,666400,0.0,0.0
2023-08-14 00:00:00-04:00,2.4971237561022366,2.5952251672633353,2.416859139121285,2.4346957206726074,944500,0.0,0.0
2023-08-15 00:00:00-04:00,2.45253235874833,2.45253235874833,2.3365943633638433,2.345512866973877,920400,0.0,0.0
2023-08-16 00:00:00-04:00,2.3544313975673643,2.4703691921221,2.3098397254943848,2.3098397254943848,692700,0.0,0.0
2023-08-17 00:00:00-04:00,2.3098392872730673,2.3544309508861434,2.220656385304536,2.238492965698242,1193300,0.0,0.0
2023-08-18 00:00:00-04:00,2.2206564248738534,2.2830844573642146,2.1582283923834917,2.167146682739258,551500,0.0,0.0
2023-08-21 00:00:00-04:00,2.16714648085746,2.176064770382437,2.015535346304049,2.033371925354004,678900,0.0,0.0
2023-08-22 00:00:00-04:00,2.051208734512329,2.0690453155632245,1.9798624103087477,2.051208734512329,555700,0.0,0.0
2023-08-23 00:00:00-04:00,2.0690452955564673,2.1403918316989774,2.0512087146780438,2.1314735412597656,467700,0.0,0.0
2023-08-24 00:00:00-04:00,2.140391831244547,2.167146702556502,2.0868818759918213,2.0868818759918213,232200,0.0,0.0
2023-08-25 00:00:00-04:00,2.158228387438467,2.2384930004564545,2.131473516432471,2.176064968109131,542400,0.0,0.0
2023-08-28 00:00:00-04:00,2.247411145223651,2.5417149198559295,2.23849285546597,2.5149600505828857,784700,0.0,0.0
2023-08-29 00:00:00-04:00,2.497123934137028,2.5773887694693607,2.4436141856680322,2.5684704780578613,343900,0.0,0.0
2023-08-30 00:00:00-04:00,2.559551517490729,2.559551517490729,2.4525320396409485,2.4792869091033936,347200,0.0,0.0
2023-08-31 00:00:00-04:00,2.4525320666411474,2.5238783859931275,2.4257771968841553,2.4257771968841553,1013500,0.0,0.0
2023-09-01 00:00:00-04:00,2.4525320529937744,2.497123502340628,2.372267444169438,2.4525320529937744,606400,0.0,0.0
2023-09-05 00:00:00-04:00,2.425777424530616,2.4525322967984127,2.4079408430187517,2.4436140060424805,258700,0.0,0.0
2023-09-06 00:00:00-04:00,2.461450329461764,2.4971234887450238,2.4436137498201336,2.4792869091033936,261800,0.0,0.0
2023-09-07 00:00:00-04:00,2.4792869410647693,2.4792869410647693,2.4079406215784984,2.4168589115142822,737900,0.0,0.0
2023-09-08 00:00:00-04:00,2.416859194823512,2.4257774858047165,2.318757781401435,2.345512866973877,469700,0.0,0.0
2023-09-11 00:00:00-04:00,2.363349124702306,2.523878340340567,2.363349124702306,2.5149600505828857,371500,0.0,0.0
2023-09-12 00:00:00-04:00,2.5060415173700292,2.595224618911743,2.4971232284787357,2.595224618911743,211300,0.0,0.0
2023-09-13 00:00:00-04:00,2.5863066089354043,2.6041431886415407,2.4525320485105793,2.4614503383636475,307800,0.0,0.0
2023-09-14 00:00:00-04:00,2.488205412032761,2.6219799834312445,2.425777377940251,2.523878574371338,288500,0.0,0.0
2023-09-15 00:00:00-04:00,2.514960516960026,2.6398168093498557,2.497123934137028,2.5684704780578613,542700,0.0,0.0
2023-09-18 00:00:00-04:00,2.5684703180867907,2.5684703180867907,2.3990225791931152,2.3990225791931152,264500,0.0,0.0
2023-09-19 00:00:00-04:00,2.4168591179665024,2.4882054435472982,2.3722676644785055,2.4703688621520996,258400,0.0,0.0
2023-09-20 00:00:00-04:00,2.4792871690662093,2.488205459822141,2.416859133774684,2.4436140060424805,383500,0.0,0.0
2023-09-21 00:00:00-04:00,2.4168589069651576,2.4525320666411474,2.3990223271271627,2.4257771968841553,316600,0.0,0.0
2023-09-22 00:00:00-04:00,2.4346957152865483,2.461450587554345,2.425777424530616,2.4436140060424805,469900,0.0,0.0
2023-09-25 00:00:00-04:00,2.4168589253653474,2.4168589253653474,2.3633491854439788,2.390104055404663,328400,0.0,0.0
2023-09-26 00:00:00-04:00,2.354430895457084,2.4079406353784525,2.2295746230117515,2.390104055404663,489900,0.0,0.0
2023-09-27 00:00:00-04:00,2.4168588935162916,2.4882052124712573,2.4168588935162916,2.4525320529937744,367800,0.0,0.0
2023-09-28 00:00:00-04:00,2.479782293136016,2.634201038952937,2.479782293136016,2.5706167221069336,297400,0.05,0.0
2023-09-29 00:00:00-04:00,2.579700488955892,2.579700488955892,2.4616157164649306,2.5161163806915283,283900,0.0,0.0
2023-10-02 00:00:00-04:00,2.461615886341829,2.5251999989941525,2.461615886341829,2.507033109664917,370300,0.0,0.0
2023-10-03 00:00:00-04:00,2.4979491619718512,2.516116047642701,2.4434485049593007,2.470698833465576,582000,0.0,0.0
2023-10-04 00:00:00-04:00,2.4797826895558996,2.4979495782542553,2.4252820234608325,2.461615800857544,156600,0.0,0.0
2023-10-05 00:00:00-04:00,2.452532356508366,2.516116466952611,2.4434489121591882,2.461615800857544,212300,0.0,0.0
2023-10-06 00:00:00-04:00,2.4343654457622717,2.4706992228299125,2.398031668694631,2.4252820014953613,280000,0.0,0.0
2023-10-09 00:00:00-04:00,2.4071148368685207,2.470698939443876,2.379864290626999,2.4525320529937744,197000,0.0,0.0
2023-10-10 00:00:00-04:00,2.4525322543778643,2.5887839139416204,2.4525322543778643,2.579700469970703,278900,0.0,0.0
2023-10-11 00:00:00-04:00,2.5978672667279614,2.6251178142506113,2.51611627385915,2.53428316116333,122100,0.0,0.0
2023-10-12 00:00:00-04:00,2.5251996517181396,2.5251996517181396,2.4525321043947432,2.5251996517181396,137700,0.0,0.0
2023-10-13 00:00:00-04:00,2.5524502667940396,2.5524502667940396,2.4888661557906744,2.4979496002197266,131000,0.0,0.0
2023-10-16 00:00:00-04:00,2.4888661346827723,2.670535238289491,2.4706992459787402,2.5615336894989014,272700,0.0,0.0
2023-10-17 00:00:00-04:00,2.5524502451468853,2.6523683495854584,2.5524502451468853,2.5615336894989014,211600,0.0,0.0
2023-10-18 00:00:00-04:00,2.5433665385489888,2.561533425379838,2.4797824346410167,2.5251996517181396,245500,0.0,0.0
2023-10-19 00:00:00-04:00,2.507032936653762,2.543366712804827,2.4979494926159957,2.5161163806915283,204100,0.0,0.0
2023-10-20 00:00:00-04:00,2.5342829333135515,2.5342829333135515,2.470698833465576,2.470698833465576,238200,0.0,0.0
2023-10-23 00:00:00-04:00,2.4616154962188252,2.5161161555691303,2.4161982800935715,2.4525320529937744,185600,0.0,0.0
2023-10-24 00:00:00-04:00,2.4797826895558996,2.507033022603433,2.4343654678100104,2.461615800857544,114900,0.0,0.0
2023-10-25 00:00:00-04:00,2.4343651275136833,2.5161161152284333,2.4343651275136833,2.4797823429107666,156000,0.0,0.0
2023-10-26 00:00:00-04:00,2.5070326721490166,2.5797002167843495,2.47069889983135,2.4797823429107666,278400,0.0,0.0
2023-10-27 00:00:00-04:00,2.461615684259452,2.461615684259452,2.225445925800965,2.3162803649902344,560900,0.0,0.0
2023-10-30 00:00:00-04:00,2.370780847401948,2.4525320529937744,2.361697404176897,2.4525320529937744,422300,0.0,0.0
2023-10-31 00:00:00-04:00,2.5433666601293057,2.5433666601293057,2.36169756657013,2.379864454269409,245100,0.0,0.0
2023-11-01 00:00:00-04:00,2.50703302098069,2.50703302098069,2.279946695831836,2.2981135845184326,486900,0.0,0.0
2023-11-02 00:00:00-04:00,2.370781097202506,2.4343654230438796,2.3162804321096653,2.3889482021331787,326900,0.0,0.0
2023-11-03 00:00:00-04:00,2.461615611946609,2.579700379423781,2.461615611946609,2.53428316116333,269700,0.0,0.0
2023-11-06 00:00:00-05:00,2.5161162651063993,2.561533483208858,2.425281828901481,2.4343652725219727,141100,0.0,0.0
2023-11-07 00:00:00-05:00,2.4343651987058714,2.4343651987058714,2.3526139920339695,2.3616974353790283,150800,0.0,0.0
2023-11-08 00:00:00-05:00,2.3707809506121515,2.4525321597629564,2.3253637325096923,2.4343652725219727,264600,0.0,0.0
2023-11-09 00:00:00-05:00,2.3162801078556297,2.379864208229528,1.8257737575528328,1.8802744150161743,1126900,0.0,0.0
2023-11-10 00:00:00-05:00,1.8893579244613647,1.9347753571799073,1.8348572650787567,1.8893579244613647,563400,0.0,0.0
2023-11-13 00:00:00-05:00,1.871191205214941,1.871191205214941,1.734939436299429,1.780356764793396,997400,0.0,0.0
2023-11-14 00:00:00-05:00,1.862107639460994,2.0437767249961487,1.862107639460994,2.0074429512023926,601900,0.0,0.0
2023-11-15 00:00:00-05:00,2.071027171456518,2.234529379261776,2.071027171456518,2.0891940593719482,371100,0.0,0.0
2023-11-16 00:00:00-05:00,2.071026839653314,2.1073606096630706,2.034693069643557,2.043776512145996,383300,0.0,0.0
2023-11-17 00:00:00-05:00,2.061943727498803,2.0891940593719482,1.9983596197947975,2.0891940593719482,465700,0.0,0.0
2023-11-20 00:00:00-05:00,2.0619435709232516,2.089193900727118,1.9892760247796066,2.0346932411193848,270900,0.0,0.0
2023-11-21 00:00:00-05:00,1.98927592073054,2.052860020280463,1.9256916046142578,1.9256916046142578,245200,0.0,0.0
2023-11-22 00:00:00-05:00,1.9801924779376938,1.9801924779376938,1.880274390650027,1.9256916046142578,229600,0.0,0.0
2023-11-24 00:00:00-05:00,1.93477541840534,1.9620257489589732,1.9166083148032083,1.9438588619232178,88000,0.0,0.0
2023-11-27 00:00:00-05:00,1.880274442210633,1.9711090891963077,1.880274442210633,1.916608214378357,387500,0.0,0.0
2023-11-28 00:00:00-05:00,1.907524997233475,1.916608441351105,1.8802746648805841,1.8984415531158447,268900,0.0,0.0
2023-11-29 00:00:00-05:00,1.9256919515458195,1.9892762791174177,1.916608507116505,1.971109390258789,167800,0.0,0.0
2023-11-30 00:00:00-05:00,1.9529425012710009,1.998359723414569,1.8802747292748945,1.9075250625610352,324100,0.0,0.0
2023-12-01 00:00:00-05:00,1.9075247708037235,2.1255276203155518,1.8621075556067521,2.1255276203155518,917200,0.0,0.0
2023-12-04 00:00:00-05:00,2.1164441772761577,2.1981953811970714,2.061943519039792,2.1255276203155518,302600,0.0,0.0
2023-12-05 00:00:00-05:00,2.1255277160321,2.1346111594805386,1.9983595077539535,2.0074429512023926,161200,0.0,0.0
2023-12-06 00:00:00-05:00,2.034693069643557,2.0891937246581924,2.0165261846386784,2.043776512145996,130700,0.0,0.0
2023-12-07 00:00:00-05:00,2.0074430407417942,2.06194370386336,1.9529423776202286,2.0528602600097656,113700,0.0,0.0
2023-12-08 00:00:00-05:00,2.043776540985716,2.09827719676941,2.043776540985716,2.0801103115081787,111000,0.0,0.0
2023-12-11 00:00:00-05:00,2.0619433971508747,2.080110282155753,2.034693069643557,2.043776512145996,128000,0.0,0.0
2023-12-12 00:00:00-05:00,2.0437769033698765,2.107361013058349,2.016526570646245,2.0982775688171387,140100,0.0,0.0
2023-12-13 00:00:00-05:00,2.089193968374957,2.2799464997449377,2.043776750564575,2.2708630561828613,539600,0.0,0.0
2023-12-14 00:00:00-05:00,2.3435307834511527,2.3707811162161203,2.2254460081362932,2.26177978515625,490400,0.0,0.0
2023-12-15 00:00:00-05:00,2.298113629241025,2.298113629241025,2.1164445222732793,2.170945405960083,547000,0.0,0.0
2023-12-18 00:00:00-05:00,2.2072790083782303,2.2072790083782303,2.0891940224485253,2.1800286769866943,224900,0.0,0.0
2023-12-19 00:00:00-05:00,2.1164442431167982,2.2254457795468325,2.1073607997948263,2.134611129760742,399300,0.0,0.0
2023-12-20 00:00:00-05:00,2.125527945522846,2.316280495101768,2.125527945522846,2.234529495239258,410100,0.0,0.0
2023-12-21 00:00:00-05:00,2.270863251488538,2.334447361891626,2.2436129184586426,2.2981135845184326,317100,0.0,0.0
2023-12-22 00:00:00-05:00,2.3344472792868687,2.42528193607205,2.289030059177472,2.416198492050171,357500,0.0,0.0
2023-12-26 00:00:00-05:00,2.407115112961541,2.443448890029182,2.3798645635944164,2.4252820014953613,186700,0.0,0.0
2023-12-27 00:00:00-05:00,2.3980315585350724,2.4161984462343518,2.3526141227204906,2.379864454269409,223200,0.0,0.0
2023-12-28 00:00:00-05:00,2.361344362066273,2.389124857998846,2.352084196755415,2.3798646926879883,121700,0.05,0.0
2023-12-29 00:00:00-05:00,2.361344031046997,2.389124523085229,2.287262718945044,2.3150432109832764,339100,0.0,0.0
2024-01-02 00:00:00-05:00,2.3335637665364435,2.4354258013881296,2.29652310687392,2.305783271789551,501500,0.0,0.0
2024-01-03 00:00:00-05:00,2.287262636344435,2.287262636344435,2.17614045142477,2.2594821453094482,445100,0.0,0.0
2024-01-04 00:00:00-05:00,2.278002777042658,2.3243036016208127,2.2594824472113966,2.305783271789551,204200,0.0,0.0
2024-01-05 00:00:00-05:00,2.296522882957788,2.361344031046997,2.2780025549323,2.3150432109832764,537400,0.0,0.0
2024-01-08 00:00:00-05:00,2.29652310687392,2.3428239314520742,2.2594824472113966,2.305783271789551,142100,0.0,0.0
2024-01-09 00:00:00-05:00,2.2502221665973265,2.278002659915845,2.194660959180555,2.2224416732788086,355400,0.0,0.0
2024-01-10 00:00:00-05:00,2.2039215687031266,2.2409622302309513,2.1854010171594567,2.213181734085083,239800,0.0,0.0
2024-01-11 00:00:00-05:00,2.2039212181969705,2.2224415460154554,2.139099850052549,2.148360013961792,272400,0.0,0.0
2024-01-12 00:00:00-05:00,2.2039214365490043,2.2224417662023788,2.1298398971557617,2.1298398971557617,171700,0.0,0.0
2024-01-16 00:00:00-05:00,2.1113195159073297,2.1668805035096894,2.08353902210615,2.092799186706543,164400,0.0,0.0
2024-01-17 00:00:00-05:00,2.0650185864225676,2.0650185864225676,1.990937273439428,2.0187177658081055,298200,0.0,0.0
2024-01-18 00:00:00-05:00,2.018717991773811,2.037238322092674,1.9816773311360858,2.00945782661438,343700,0.0,0.0
2024-01-19 00:00:00-05:00,2.0279780840622026,2.148360226809136,1.9724170951020792,2.1298398971557617,229400,0.0,0.0
2024-01-22 00:00:00-05:00,2.1576205210135884,2.2502223956129073,2.1483603556316324,2.213181734085083,226900,0.0,0.0
2024-01-23 00:00:00-05:00,2.2780026005880734,2.2965229289847464,2.166880409428306,2.1946609020233154,125700,0.0,0.0
2024-01-24 00:00:00-05:00,2.2594826532931354,2.2594826532931354,2.1113197803497314,2.1113197803497314,261800,0.0,0.0
2024-01-25 00:00:00-05:00,2.1761406303015427,2.2409620021578207,2.1298398081040126,2.2224416732788086,254100,0.0,0.0
2024-01-26 00:00:00-05:00,2.2502219676971436,2.333563440286032,2.2224414768341805,2.2502219676971436,133200,0.0,0.0
2024-01-29 00:00:00-05:00,2.231701640455168,2.287262622181094,2.2131813132131932,2.2502219676971436,167000,0.0,0.0
2024-01-30 00:00:00-05:00,2.222441699406674,2.2780026866969063,2.185400820433448,2.240962028503418,171500,0.0,0.0
2024-01-31 00:00:00-05:00,2.2317021560124535,2.268742819053363,2.1113197803497314,2.1113197803497314,216000,0.0,0.0
2024-02-01 00:00:00-05:00,2.120579562293655,2.2224415879993087,2.0742787418727793,2.176140546798706,287300,0.0,0.0
2024-02-02 00:00:00-05:00,2.120579481124878,2.176140463503238,2.092798989935698,2.120579481124878,166500,0.0,0.0
2024-02-05 00:00:00-05:00,2.0835389558690456,2.092799120175052,2.037238134339013,2.0464982986450195,177100,0.0,0.0
2024-02-06 00:00:00-05:00,2.027977789778106,2.1205794246073615,2.027977789778106,2.083538770675659,139400,0.0,0.0
2024-02-07 00:00:00-05:00,2.1020593260500355,2.1020593260500355,1.990937352180481,1.990937352180481,165300,0.0,0.0
2024-02-08 00:00:00-05:00,1.9816771876913515,2.0187178456478696,1.9724170232022218,1.990937352180481,147300,0.0,0.0
2024-02-09 00:00:00-05:00,1.990937273439428,2.0464982581767828,1.990937273439428,2.0187177658081055,175200,0.0,0.0
2024-02-12 00:00:00-05:00,2.01871784457664,2.111319489418796,2.01871784457664,2.0742788314819336,218300,0.0,0.0
2024-02-13 00:00:00-05:00,1.9816769956584501,1.9909371592502305,1.916855629736272,1.9538962841033936,350700,0.0,0.0
2024-02-14 00:00:00-05:00,1.9909374962955173,2.027978156933243,1.9168559542403139,2.00945782661438,289400,0.0,0.0
2024-02-15 00:00:00-05:00,2.018717893435453,2.2780027260486704,2.018717893435453,2.268742561340332,358400,0.0,0.0
2024-02-16 00:00:00-05:00,2.2317018508911133,2.305783166844433,2.2039213574086185,2.2317018508911133,205900,0.0,0.0
2024-02-20 00:00:00-05:00,2.1576203118398745,2.1761406408083057,2.065018666997718,2.0742788314819336,436900,0.0,0.0
2024-02-21 00:00:00-05:00,2.0835389059569547,2.176140546798706,2.0650185777886043,2.176140546798706,137600,0.0,0.0
2024-02-22 00:00:00-05:00,2.148360013961792,2.1576201778710344,2.120579522234064,2.148360013961792,161100,0.0,0.0
2024-02-23 00:00:00-05:00,2.1298397826439834,2.203921318054199,2.1113194539863627,2.203921318054199,164900,0.0,0.0
2024-02-26 00:00:00-05:00,2.1668802997735113,2.2039211754721366,2.120579481124878,2.120579481124878,141500,0.0,0.0
2024-02-27 00:00:00-05:00,2.139100265569489,2.166880762693536,2.092799437029411,2.1020596027374268,169400,0.0,0.0
2024-02-28 00:00:00-05:00,2.0835389827203197,2.1298398048470464,2.0557584894442837,2.065018653869629,153300,0.0,0.0
2024-02-29 00:00:00-05:00,2.1391002776304133,2.176140940671323,2.1020596145895043,2.1113197803497314,218700,0.0,0.0
2024-03-01 00:00:00-05:00,2.0927991477018524,2.1113194765574654,1.9631566249328285,1.9816771745681763,307300,0.0,0.0
2024-03-04 00:00:00-05:00,1.9909373756673259,2.000197540265696,1.9261160026989925,1.9353761672973633,254800,0.0,0.0
2024-03-05 00:00:00-05:00,1.9261160448376244,1.9538965392405045,1.8612948912309049,1.8798152208328247,386400,0.0,0.0
2024-03-06 00:00:00-05:00,1.907595528966722,2.027977880404096,1.907595528966722,1.9168556928634644,320300,0.0,0.0
2024-03-07 00:00:00-05:00,1.9353761006328494,1.9816771428095903,1.8520346221182322,1.8890752792358398,351000,0.0,0.0
2024-03-08 00:00:00-05:00,1.9353761006328494,1.9724169785301884,1.879815114956438,1.8890752792358398,181200,0.0,0.0
2024-03-11 00:00:00-04:00,1.8983355504347446,1.9261160448376244,1.8705550560318647,1.8798152208328247,193700,0.0,0.0
2024-03-12 00:00:00-04:00,1.8983354841133917,1.907595648590833,1.8335143327713013,1.8335143327713013,361300,0.0,0.0
2024-03-13 00:00:00-04:00,1.8520347009347313,1.9075956889756354,1.8335143715877633,1.8612948656082153,263900,0.0,0.0
2024-03-14 00:00:00-04:00,1.8612948727726732,1.8705550374818012,1.7316524564550095,1.7872134447097778,611200,0.0,0.0
2024-03-15 00:00:00-04:00,1.7594328445671072,1.7964736115615851,1.6760912568168627,1.7131320238113403,932100,0.0,0.0
2024-03-18 00:00:00-04:00,1.7501728152262386,1.7501728152262386,1.6575710561920194,1.7223923206329346,390100,0.0,0.0
2024-03-19 00:00:00-04:00,1.7131320238113403,1.7409125162648005,1.6853515313578802,1.7131320238113403,250500,0.0,0.0
2024-03-20 00:00:00-04:00,1.7038719499620805,1.7964737067711913,1.6946117853201563,1.7779532670974731,239600,0.0,0.0
2024-03-21 00:00:00-04:00,1.8149938993411026,1.8520345551187212,1.7964735714522932,1.8427743911743164,441400,0.0,0.0
2024-03-22 00:00:00-04:00,1.852034708063545,1.852034708063545,1.7779532800006497,1.7872134447097778,237400,0.0,0.0
2024-03-25 00:00:00-04:00,1.8242542489170686,1.8798152382372444,1.8057339191436768,1.8057339191436768,319300,0.0,0.0
2024-03-26 00:00:00-04:00,1.8427745233871207,1.8983355110398605,1.8149940295607507,1.8520346879959106,1183000,0.0,0.0
2024-03-27 00:00:00-04:00,1.8520346780185615,1.9185179091234221,1.8520346780185615,1.9090203046798706,332100,0.05,0.0
2024-03-28 00:00:00-04:00,1.8995226621627808,1.956508287681885,1.8710298494032287,1.8995226621627808,370500,0.0,0.0
2024-04-01 00:00:00-04:00,1.8900251333008578,1.9470107610930631,1.8900251333008578,1.9185179471969604,223500,0.0,0.0
2024-04-02 00:00:00-04:00,1.899522749267836,1.899522749267836,1.8140441938490772,1.8615323305130005,294300,0.0,0.0
2024-04-03 00:00:00-04:00,1.85203468293165,1.8995227052753842,1.8425370784629032,1.8805274963378906,199500,0.0,0.0
2024-04-04 00:00:00-04:00,1.899522623706594,1.9565082480720137,1.8805274155847875,1.890025019645691,433500,0.0,0.0
2024-04-05 00:00:00-04:00,1.9375131180105252,1.9565083268976282,1.899522700236319,1.9090203046798706,293500,0.0,0.0
2024-04-08 00:00:00-04:00,1.9185180093955194,2.0229918901757062,1.9185180093955194,1.9944988489151,284200,0.0,0.0
2024-04-09 00:00:00-04:00,1.9375129741814334,2.25093412399292,1.9375129741814334,2.25093412399292,827500,0.0,0.0
2024-04-10 00:00:00-04:00,2.174953416517403,2.345910519874798,2.136962999424815,2.2794272899627686,738300,0.0,0.0
2024-04-11 00:00:00-04:00,2.2889249498158706,2.421891412868637,2.2509343053600412,2.412393808364868,543700,0.0,0.0
2024-04-12 00:00:00-04:00,2.3933987379236625,2.4408867631918367,2.241436830624737,2.3269155025482178,288000,0.0,0.0
2024-04-15 00:00:00-04:00,2.3839011328700273,2.3839011328700273,2.279427477280043,2.3269155025482178,397100,0.0,0.0
2024-04-16 00:00:00-04:00,2.317417689714078,2.4218913359369174,2.2794272729057727,2.3933985233306885,229600,0.0,0.0
2024-04-17 00:00:00-04:00,2.4028960569192965,2.450384076534156,2.298422413766605,2.317417621612549,414000,0.0,0.0
2024-04-18 00:00:00-04:00,2.288924826754874,2.288924826754874,2.08947491645813,2.08947491645813,441800,0.0,0.0
2024-04-19 00:00:00-04:00,2.079977452264014,2.1939487078419435,2.079977452264014,2.184451103210449,310500,0.0,0.0
2024-04-22 00:00:00-04:00,2.1654558392802747,2.36490575794727,2.1464606304968226,2.3459105491638184,405300,0.0,0.0
2024-04-23 00:00:00-04:00,2.3554081890191694,2.744810427824374,2.288924957276099,2.649834156036377,891700,0.0,0.0
2024-04-24 00:00:00-04:00,2.6308390340850565,2.6498342437835163,2.4123938961120075,2.6118438243865967,397700,0.0,0.0
2024-04-25 00:00:00-04:00,2.5358630107931295,2.5738534305675826,2.4693795497470736,2.4978725910186768,158700,0.0,0.0
2024-04-26 00:00:00-04:00,2.526365297084961,2.6688293651058257,2.497872483480788,2.649834156036377,281900,0.0,0.0
2024-04-29 00:00:00-04:00,2.6593317223154815,2.6878245355097734,2.592848491528801,2.640336513519287,303500,0.0,0.0
2024-04-30 00:00:00-04:00,2.6118435083337337,2.640336319433577,2.564355489833994,2.592848300933838,180100,0.0,0.0
2024-05-01 00:00:00-04:00,2.5928483853202793,2.630838801356501,2.5263651572568913,2.5548579692840576,195300,0.0,0.0
2024-05-02 00:00:00-04:00,2.5738532206526554,2.5833508248216757,2.4503841400146484,2.4503841400146484,242100,0.0,0.0
2024-05-03 00:00:00-04:00,2.5263653555417123,2.5263653555417123,2.4218914768016035,2.488374710083008,129800,0.0,0.0
2024-05-06 00:00:00-04:00,2.4408865738975742,2.516867634874979,2.4408865738975742,2.4598817825317383,134100,0.0,0.0
2024-05-07 00:00:00-04:00,2.6118435538245497,2.773303045976558,2.478876873268648,2.5453603267669678,517800,0.0,0.0
2024-05-08 00:00:00-04:00,2.5358628435091433,2.65933169963121,2.2794273005071792,2.4598817825317383,380700,0.0,0.0
2024-05-09 00:00:00-04:00,2.545360677217757,2.6118439134288955,2.5358630720447373,2.5738534927368164,162600,0.0,0.0
2024-05-10 00:00:00-04:00,2.592848364287752,2.7258148193359375,2.5453603446276856,2.7258148193359375,252900,0.0,0.0
2024-05-13 00:00:00-04:00,2.754308149538743,2.7733033594163263,2.630839058893688,2.6783270835876465,185400,0.0,0.0
2024-05-14 00:00:00-04:00,2.7258150578381133,2.7828009128570557,2.678327034022961,2.7828009128570557,293800,0.0,0.0
2024-05-15 00:00:00-04:00,2.79229856929391,2.8397865939878684,2.6783270835876465,2.6783270835876465,198700,0.0,0.0
2024-05-16 00:00:00-04:00,2.7258147806159485,2.7258147806159485,2.668829157833345,2.7163171768188477,173600,0.0,0.0
2024-05-17 00:00:00-04:00,2.678327119308286,2.754308186272736,2.678327119308286,2.7448105812072754,313700,0.0,0.0
2024-05-20 00:00:00-04:00,2.7543080716979786,2.8112936997202316,2.659331798553467,2.659331798553467,165200,0.0,0.0
2024-05-21 00:00:00-04:00,2.6593317826447187,2.6593317826447187,2.5263653180548986,2.535862922668457,198000,0.0,0.0
2024-05-22 00:00:00-04:00,2.5453605535989703,2.649834205428287,2.526365344175458,2.602346181869507,163700,0.0,0.0
2024-05-23 00:00:00-04:00,2.602346219537367,2.678327058331206,2.564355800140447,2.6118438243865967,228100,0.0,0.0
2024-05-24 00:00:00-04:00,2.63083890912119,2.6593317223154815,2.6023460959268983,2.640336513519287,116000,0.0,0.0
2024-05-28 00:00:00-04:00,2.668829453481976,2.668829453481976,2.573853404989677,2.6118438243865967,169200,0.0,0.0
2024-05-29 00:00:00-04:00,2.545360527282016,2.592848550349809,2.5073701088277813,2.535862922668457,207700,0.0,0.0
2024-05-30 00:00:00-04:00,2.5738534927368164,2.6213415186019153,2.554858282390777,2.5738534927368164,86300,0.0,0.0
2024-05-31 00:00:00-04:00,2.592848528828031,2.6688293651058257,2.592848528828031,2.649834156036377,133500,0.0,0.0
2024-06-03 00:00:00-04:00,2.6878243847475005,2.6973219886128694,2.5453603267669678,2.5453603267669678,731800,0.0,0.0
2024-06-04 00:00:00-04:00,2.526365143303018,2.725814826391561,2.526365143303018,2.6688292026519775,167100,0.0,0.0
2024-06-05 00:00:00-04:00,2.6688294777014807,2.7448105436256056,2.6308390579597996,2.7353129386901855,133700,0.0,0.0
2024-06-06 00:00:00-04:00,2.659331706105713,2.811293601989746,2.6403364974253023,2.811293601989746,219600,0.0,0.0
2024-06-07 00:00:00-04:00,2.763805587191479,2.8017960046471835,2.697322130203247,2.697322130203247,132800,0.0,0.0
2024-06-10 00:00:00-04:00,2.6783269608501485,2.7922984413335343,2.6783269608501485,2.763805627822876,133300,0.0,0.0
2024-06-11 00:00:00-04:00,2.7638054597155186,2.8777767068258955,2.72581481757132,2.8397862911224365,236800,0.0,0.0
2024-06-12 00:00:00-04:00,2.887274418239891,2.9727530831956326,2.868279209681003,2.925264835357666,251700,0.0,0.0
2024-06-13 00:00:00-04:00,2.915767406002715,2.9442602205504045,2.8207913575104158,2.8492841720581055,138700,0.0,0.0
2024-06-14 00:00:00-04:00,2.7922985176200865,2.839786541435239,2.7733033080940253,2.7828009128570557,94700,0.0,0.0
2024-06-17 00:00:00-04:00,2.7543077902736854,2.7543077902736854,2.58335069723389,2.592848300933838,206700,0.0,0.0
2024-06-18 00:00:00-04:00,2.602346181869507,2.6783270195635556,2.5928485771577505,2.602346181869507,180200,0.0,0.0
2024-06-20 00:00:00-04:00,2.5928484539602628,2.6593316837836483,2.583350849699779,2.6308388710021973,166600,0.0,0.0
2024-06-21 00:00:00-04:00,2.649834205428287,2.73531287427485,2.5928485771577505,2.602346181869507,366100,0.0,0.0
2024-06-24 00:00:00-04:00,2.6498340093746116,2.659331613383667,2.497872345229725,2.5548579692840576,349300,0.0,0.0
2024-06-25 00:00:00-04:00,2.5073699914695142,2.535862803976575,2.4503841400146484,2.4503841400146484,283000,0.0,0.0
2024-06-26 00:00:00-04:00,2.4313889010607337,2.4598817132090147,2.3744032767641716,2.3839008808135986,261100,0.0,0.0
2024-06-27 00:00:00-04:00,2.3933986482918583,2.4408866717816258,2.3174178107082306,2.364905834197998,301900,0.0,0.0
2024-06-28 00:00:00-04:00,2.4133670565225778,2.5296737912557425,2.345521461261565,2.47152042388916,1280400,0.05,0.0
2024-07-01 00:00:00-04:00,2.490904855404612,2.5005970832045934,2.355213666204872,2.4133670330047607,178700,0.0,0.0
2024-07-02 00:00:00-04:00,2.4036747346140097,2.4424436446753757,2.3842902795833267,2.432751417160034,251400,0.0,0.0
2024-07-03 00:00:00-04:00,2.4715202204897304,2.5005969017800895,2.3842901766186535,2.4618279933929443,356200,0.0,0.0
2024-07-05 00:00:00-04:00,2.461828123865366,2.956132194160531,2.4521358962549096,2.8204410076141357,1003200,0.0,0.0
2024-07-08 00:00:00-04:00,2.839825417911013,2.9173632375680736,2.7913642806253502,2.8979787826538086,332200,0.0,0.0
2024-07-09 00:00:00-04:00,2.8979787921131566,2.907671019601926,2.7719796036782265,2.8301331996917725,280800,0.0,0.0
2024-07-10 00:00:00-04:00,2.83982532166737,2.9173631386966203,2.810748640281401,2.8592097759246826,146800,0.0,0.0
2024-07-11 00:00:00-04:00,2.946440005905479,3.053054742125484,2.9173633226857336,3.0045933723449707,298600,0.0,0.0
2024-07-12 00:00:00-04:00,3.062746930572084,3.111208068649931,3.0336702477253756,3.0821313858032227,223500,0.0,0.0
2024-07-15 00:00:00-04:00,3.0918235963526275,3.75089553273529,3.082131368790557,3.479512929916382,1453500,0.0,0.0
2024-07-16 00:00:00-04:00,3.566743196617679,3.634588789315575,3.4504362351974955,3.615204334259033,631800,0.0,0.0
2024-07-17 00:00:00-04:00,3.5861275817183014,3.712126537127915,3.547358672361497,3.6345887184143066,425300,0.0,0.0
2024-07-18 00:00:00-04:00,3.61520424549347,3.6442809273643513,3.4116672413163744,3.440743923187256,259900,0.0,0.0
2024-07-19 00:00:00-04:00,3.4504362215013784,3.537666499990498,3.392282856562586,3.4213595390319824,160300,0.0,0.0
2024-07-22 00:00:00-04:00,3.498897216357806,3.576435264197174,3.4116671725045533,3.5279741287231445,218400,0.0,0.0
2024-07-23 00:00:00-04:00,3.4698207820008347,3.7315111632645324,3.4698207820008347,3.653973340988159,455200,0.0,0.0
2024-07-24 00:00:00-04:00,3.624896399671203,3.673357535145232,3.479512762168194,3.5279741287231445,350500,0.0,0.0
2024-07-25 00:00:00-04:00,3.557050872997029,3.65397314566142,3.508589505583908,3.5764353275299072,287100,0.0,0.0
2024-07-26 00:00:00-04:00,3.605512088013759,3.7993568686538186,3.5279742681901074,3.7508955001831055,414300,0.0,0.0
2024-07-29 00:00:00-04:00,3.7799724136979056,3.828433551087688,3.6733576803594543,3.7508955001831055,398900,0.0,0.0
2024-07-30 00:00:00-04:00,3.76058807769911,3.76058807769911,3.5279743797890526,3.653973340988159,335900,0.0,0.0
2024-07-31 00:00:00-04:00,3.6636653819449387,3.6636653819449387,3.4213594686066684,3.440743923187256,371500,0.0,0.0
2024-08-01 00:00:00-04:00,3.275976085033733,3.285668312400303,2.8979787555756378,3.1693613529205322,1025600,0.0,0.0
2024-08-02 00:00:00-04:00,3.0821312166833956,3.120900125018382,2.965824260597515,2.994900941848755,519500,0.0,0.0
2024-08-05 00:00:00-04:00,2.830133164401497,3.0045932570239167,2.7622873417451834,2.839825391769409,386200,0.0,0.0
2024-08-06 00:00:00-04:00,2.820440972203003,2.9270554745794644,2.8010565172254647,2.8301331996917725,299600,0.0,0.0
2024-08-07 00:00:00-04:00,2.9173632120553123,2.9173632120553123,2.713826206154558,2.771979570388794,333500,0.0,0.0
2024-08-08 00:00:00-04:00,2.8301331816386366,2.994901047896675,2.791364271930863,2.9658243656158447,349700,0.0,0.0
2024-08-09 00:00:00-04:00,2.9561322200615603,2.965824447756938,2.8107488046308884,2.878594398498535,290400,0.0,0.0
2024-08-12 00:00:00-04:00,2.87859442580875,2.87859442580875,2.665365183406516,2.6750574111938477,263300,0.0,0.0
2024-08-13 00:00:00-04:00,2.6847496032714844,2.74290296922198,2.655672920296237,2.6847496032714844,205200,0.0,0.0
2024-08-14 00:00:00-04:00,2.713826398361143,2.8785945064420972,2.6847497141846706,2.849517822265625,238700,0.0,0.0
2024-08-15 00:00:00-04:00,2.946440089270083,2.9949012293407864,2.7816719819487483,2.917363405227661,483100,0.0,0.0
2024-08-16 00:00:00-04:00,2.8979787559768826,2.9173632107127068,2.781671796481008,2.839825391769409,244300,0.0,0.0
2024-08-19 00:00:00-04:00,2.839825465902797,2.917363286870212,2.7235185033707396,2.7525951862335205,414700,0.0,0.0
2024-08-20 00:00:00-04:00,2.723518538662841,2.8107488194624715,2.6944418554232765,2.742902994155884,250900,0.0,0.0
2024-08-21 00:00:00-04:00,2.7429029903246764,2.8301332710024663,2.6556729407278237,2.810748815536499,338400,0.0,0.0
2024-08-22 00:00:00-04:00,2.8204408329511153,2.888286422022801,2.781671693829232,2.8689019680023193,250100,0.0,0.0
2024-08-23 00:00:00-04:00,2.888286615503545,2.9852088920985893,2.87859438784404,2.9464399814605713,308900,0.0,0.0
2024-08-26 00:00:00-04:00,2.9949012161611854,3.004593444132674,2.907671164417791,2.9852089881896973,277700,0.0,0.0
2024-08-27 00:00:00-04:00,2.936747753801067,2.96582443677958,2.917363298482058,2.9464399814605713,188700,0.0,0.0
2024-08-28 00:00:00-04:00,2.9464398130980807,3.0627467694471746,2.9270553588867188,2.9270553588867188,326300,0.0,0.0
2024-08-29 00:00:00-04:00,2.9464398757580836,3.0336701526452035,2.8882865118872885,2.9755165576934814,399200,0.0,0.0
2024-08-30 00:00:00-04:00,2.9852088815468703,3.0433624783792785,2.9755166539216247,3.0142855644226074,153000,0.0,0.0
2024-09-03 00:00:00-04:00,2.9367477893829346,2.994901156044552,2.907671106052126,2.9367477893829346,272900,0.0,0.0
2024-09-04 00:00:00-04:00,2.9561321201843556,3.0336701702085813,2.839825391769409,2.839825391769409,394600,0.0,0.0
2024-09-05 00:00:00-04:00,2.83982549873545,2.8689021819344007,2.7719796735236275,2.810748815536499,190000,0.0,0.0
2024-09-06 00:00:00-04:00,2.830133165703958,2.839825393076331,2.7332106608993034,2.771979570388794,124100,0.0,0.0
2024-09-09 00:00:00-04:00,2.8010565554190894,2.83013323828187,2.7332107309916664,2.7525951862335205,179700,0.0,0.0
2024-09-10 00:00:00-04:00,2.7816718660913744,2.839825462835049,2.70413404520772,2.8204410076141357,161000,0.0,0.0
2024-09-11 00:00:00-04:00,2.7816718660913744,2.8301332352245923,2.752595183260004,2.8204410076141357,134800,0.0,0.0
2024-09-12 00:00:00-04:00,2.849517548796026,2.8979786844393076,2.810748640281401,2.8592097759246826,141100,0.0,0.0
2024-09-13 00:00:00-04:00,2.927055620360768,2.9949012161611854,2.907671164417791,2.9852089881896973,190200,0.0,0.0
2024-09-16 00:00:00-04:00,3.0239775224476313,3.0239775224476313,2.9270552548361994,2.956131935119629,117200,0.0,0.0
2024-09-17 00:00:00-04:00,3.0142855614133026,3.1209002962655004,2.975516650951025,3.0821313858032227,243700,0.0,0.0
2024-09-18 00:00:00-04:00,3.06274689762642,3.169361400250842,3.0142855289889328,3.023977756500244,290800,0.0,0.0
2024-09-19 00:00:00-04:00,3.140284705893259,3.169361388317714,3.0336702036702565,3.1596691608428955,151000,0.0,0.0
2024-09-20 00:00:00-04:00,3.0239777790958002,3.275976158434717,3.0239777790958002,3.149976968765259,598800,0.0,0.0
2024-09-23 00:00:00-04:00,3.198438131989243,3.266283725612151,3.179053676668412,3.208130359649658,317100,0.0,0.0
2024-09-24 00:00:00-04:00,3.246899198698342,3.2856683395660933,3.188745834018111,3.2275147438049316,214700,0.0,0.0
2024-09-25 00:00:00-04:00,3.2178225163582264,3.324437249352914,3.159669151677995,3.2275147438049316,361200,0.0,0.0
2024-09-26 00:00:00-04:00,3.305052652405717,3.460128284887727,3.2565912861741686,3.3341293334960938,600100,0.0,0.0
2024-09-27 00:00:00-04:00,3.3825908022009052,3.3825908022009052,3.179053783416748,3.179053783416748,327000,0.0,0.0
2024-09-30 00:00:00-04:00,3.1692113093857217,3.2282648794260576,3.0314194113002433,3.041261672973633,335100,0.05,0.0
2024-10-01 00:00:00-04:00,3.060946242060255,3.060946242060255,2.9231545765737783,2.9920504093170166,236800,0.0,0.0
2024-10-02 00:00:00-04:00,2.9822082340141116,3.0609463308621025,2.962523709802114,3.0511040687561035,128700,0.0,0.0
2024-10-03 00:00:00-04:00,2.9822081935502194,3.031419503412493,2.9428391456604004,2.9428391456604004,183100,0.0,0.0
2024-10-04 00:00:00-04:00,3.001892671137479,3.04126171841933,2.9723658856760915,2.9920504093170166,162200,0.0,0.0
2024-10-07 00:00:00-04:00,2.9822082229457014,3.0018927470846406,2.913312388459415,2.9625236988067627,154900,0.0,0.0
2024-10-08 00:00:00-04:00,3.0018927582261092,3.0511040687561035,2.9723659719081126,3.0511040687561035,201300,0.0,0.0
2024-10-09 00:00:00-04:00,3.0215771198272705,3.041261642979915,2.982208073521981,3.0215771198272705,157600,0.0,0.0
2024-10-10 00:00:00-04:00,2.9723658856760915,3.0215771947784043,2.952681362035166,2.9920504093170166,167500,0.0,0.0
2024-10-11 00:00:00-04:00,3.021577167631137,3.1298422813415527,3.0018926441670666,3.1298422813415527,156100,0.0,0.0
2024-10-14 00:00:00-04:00,3.0904733809579805,3.1495269541504034,3.0511040975049917,3.070788621902466,152300,0.0,0.0
2024-10-15 00:00:00-04:00,3.1003154665570865,3.179053559661918,3.0707884469847477,3.1101577281951904,177500,0.0,0.0
2024-10-16 00:00:00-04:00,3.15936905140496,3.1987380981445312,3.1003154812956035,3.1987380981445312,187400,0.0,0.0
2024-10-17 00:00:00-04:00,3.188895806590874,3.1987380681835793,3.1396844986273473,3.179053544998169,120600,0.0,0.0
2024-10-18 00:00:00-04:00,3.1987381134657986,3.1987381134657986,3.1101577578774826,3.1298422813415527,169900,0.0,0.0
2024-10-21 00:00:00-04:00,3.120000108376283,3.129842370388339,3.021577253597685,3.031419515609741,152100,0.0,0.0
2024-10-22 00:00:00-04:00,3.031419515609741,3.06094630164591,3.031419515609741,3.031419515609741,78300,0.0,0.0
2024-10-23 00:00:00-04:00,3.0117348727668514,3.0117348727668514,2.8837854716579727,2.952681303024292,249700,0.0,0.0
2024-10-24 00:00:00-04:00,2.962523594447892,2.9920503796161793,2.952681332725129,2.9723658561706543,143000,0.0,0.0
2024-10-25 00:00:00-04:00,2.972365765262013,2.9822080266837534,2.9034699353098263,2.9133121967315674,263500,0.0,0.0
2024-10-28 00:00:00-04:00,2.96252361001455,2.9822081335635082,2.893627777593197,2.903470039367676,156400,0.0,0.0
2024-10-29 00:00:00-04:00,2.883785456217072,2.883785456217072,2.814889390561622,2.864100933074951,251400,0.0,0.0
2024-10-30 00:00:00-04:00,2.8641010668267333,2.952681425102928,2.8641010668267333,2.873943328857422,126400,0.0,0.0
2024-10-31 00:00:00-04:00,2.83457418908269,2.8936277593574053,2.8050471692873034,2.814889430999756,210900,0.0,0.0
2024-11-01 00:00:00-04:00,2.8247317861029337,2.844416544836682,2.6180442833079685,2.7164669036865234,351500,0.0,0.0
2024-11-04 00:00:00-05:00,2.755835831422195,2.8247316626767924,2.726309046598796,2.7952048778533936,215200,0.0,0.0
2024-11-05 00:00:00-05:00,2.7755203247070312,2.8148893707136806,2.7164667556970574,2.7755203247070312,273500,0.0,0.0
2024-11-06 00:00:00-05:00,2.854258730495281,2.923154562916634,2.805047186964855,2.903470039367676,356700,0.0,0.0
2024-11-07 00:00:00-05:00,2.8739433779277235,3.110157905355455,2.805047307878523,3.070788621902466,558800,0.0,0.0
2024-11-08 00:00:00-05:00,3.041261652626758,3.3365299701690674,3.041261652626758,3.3365299701690674,633900,0.0,0.0
2024-11-11 00:00:00-05:00,3.2479493384682794,3.4251102797397923,3.2479493384682794,3.3857412338256836,275000,0.0,0.0
2024-11-12 00:00:00-05:00,3.3463722175773696,3.543217448892958,3.307002936656226,3.405425786972046,684900,0.0,0.0
2024-11-13 00:00:00-05:00,3.4447950338931665,3.7302208705847426,3.4251105096149916,3.7006940841674805,925000,0.0,0.0
2024-11-14 00:00:00-05:00,3.7400631060223057,3.7597476301599464,3.503848581712579,3.5235331058502197,449300,0.0,0.0
2024-11-15 00:00:00-05:00,3.5432175077100654,3.553059769439226,3.257791682906392,3.287318468093872,198200,0.0,0.0
2024-11-18 00:00:00-05:00,3.3168453881349804,3.375899195568933,3.2085805047124727,3.2971608638763428,257300,0.0,0.0
2024-11-19 00:00:00-05:00,3.2873186017470237,3.3266878849223387,3.1888959804538346,3.2971608638763428,139100,0.0,0.0
2024-11-20 00:00:00-05:00,3.277476221946609,3.277476221946609,3.179053604187083,3.2184226512908936,131400,0.0,0.0
2024-11-21 00:00:00-05:00,3.2577917447354587,3.326687812805176,3.21842269707164,3.326687812805176,164100,0.0,0.0
2024-11-22 00:00:00-05:00,3.385741293510293,3.434952601770437,3.346372246902178,3.425110340118408,212400,0.0,0.0
2024-11-25 00:00:00-05:00,3.474321633700491,3.5727444844629965,3.444794848869147,3.4940061569213867,251200,0.0,0.0
2024-11-26 00:00:00-05:00,3.454637064175374,3.464479325653901,3.3857412338256836,3.3857412338256836,149300,0.0,0.0
2024-11-27 00:00:00-05:00,3.3660569190979004,3.4447950157969736,3.326687870748364,3.3660569190979004,115700,0.0,0.0
2024-11-29 00:00:00-05:00,3.415268251054381,3.553059921145982,3.3857414646061805,3.543217658996582,146000,0.0,0.0
2024-12-02 00:00:00-05:00,3.4940062161054573,3.6121135920894494,3.4152681218881495,3.5333752632141113,282500,0.0,0.0
2024-12-03 00:00:00-05:00,3.5432176447905293,3.6219559763280786,3.5136908584607127,3.6121137142181396,264900,0.0,0.0
2024-12-04 00:00:00-05:00,3.602271377074682,3.6810094723141176,3.4447949519377774,3.484163999557495,212800,0.0,0.0
2024-12-05 00:00:00-05:00,3.4644795618013813,3.5727446801028218,3.434952775353181,3.543217658996582,151500,0.0,0.0
2024-12-06 00:00:00-05:00,3.6121134997924753,3.6121134997924753,3.4054257730953115,3.4743216037750244,140400,0.0,0.0
2024-12-09 00:00:00-05:00,3.494006326233894,3.5432176366708146,3.3562146570105162,3.3660569190979004,256900,0.0,0.0
2024-12-10 00:00:00-05:00,3.346372377573672,3.464479522009948,3.346372377573672,3.434952735900879,128500,0.0,0.0
2024-12-11 00:00:00-05:00,3.454637200815036,3.484163986418477,3.3857413677403407,3.3955836296081543,172900,0.0,0.0
2024-12-12 00:00:00-05:00,3.3660568604689947,3.4152681700487686,3.326687812805176,3.326687812805176,118900,0.0,0.0
2024-12-13 00:00:00-05:00,3.3365301039493644,3.346372365951538,3.2971608212826338,3.346372365951538,98300,0.0,0.0
2024-12-16 00:00:00-05:00,3.3266877382294795,3.4251103551826474,3.3266877382294795,3.3562145233154297,124400,0.0,0.0
2024-12-17 00:00:00-05:00,3.3660568729916633,3.4251104447070873,3.3562146110390927,3.4152681827545166,152100,0.0,0.0
2024-12-18 00:00:00-05:00,3.4447949559514273,3.4447949559514273,3.139684601885086,3.1692113876342773,285600,0.0,0.0
2024-12-19 00:00:00-05:00,3.198738190522627,3.218422714460893,3.070788550265865,3.100315570831299,318200,0.0,0.0
2024-12-20 00:00:00-05:00,3.051104038026411,3.336530105541739,3.051104038026411,3.1888959407806396,738800,0.0,0.0
2024-12-23 00:00:00-05:00,3.1003155827188014,3.2774762988424775,3.1003155827188014,3.1888959407806396,300000,0.0,0.0
2024-12-24 00:00:00-05:00,3.179053707638298,3.238107280215706,3.1593691834458286,3.208580493927002,88300,0.0,0.0
2024-12-26 00:00:00-05:00,3.2184226807054452,3.277476251900877,3.159369109510014,3.238107204437256,172400,0.0,0.0
2024-12-27 00:00:00-05:00,3.2085804054366682,3.287318500035006,3.1200000490135387,3.149526834487915,235500,0.0,0.0
2024-12-30 00:00:00-05:00,3.1003155998551177,3.188895958406564,3.041261792829449,3.120000123977661,257900,0.0,0.0
2024-12-31 00:00:00-05:00,3.1700000762939453,3.190000057220459,2.990000009536743,3.0,758700,0.05,0.0
2025-01-02 00:00:00-05:00,3.0199999809265137,3.109999895095825,2.9600000381469727,3.009999990463257,222600,0.0,0.0
2025-01-03 00:00:00-05:00,3.0,3.069999933242798,2.990000009536743,3.0299999713897705,243300,0.0,0.0
2025-01-06 00:00:00-05:00,3.0399999618530273,3.059999942779541,2.9100000858306885,2.930000066757202,407600,0.0,0.0
2025-01-07 00:00:00-05:00,2.940000057220459,2.9800000190734863,2.759999990463257,2.7699999809265137,803500,0.0,0.0
2025-01-08 00:00:00-05:00,2.740000009536743,2.7699999809265137,2.609999895095825,2.6700000762939453,445900,0.0,0.0
2025-01-10 00:00:00-05:00,2.5999999046325684,2.6700000762939453,2.559999942779541,2.6600000858306885,410600,0.0,0.0
2025-01-13 00:00:00-05:00,2.700000047683716,2.740000009536743,2.5899999141693115,2.619999885559082,316500,0.0,0.0
2025-01-14 00:00:00-05:00,2.640000104904175,2.640000104904175,2.509999990463257,2.569999933242798,263100,0.0,0.0
2025-01-15 00:00:00-05:00,2.6700000762939453,2.75,2.5899999141693115,2.7100000381469727,287200,0.0,0.0
2025-01-16 00:00:00-05:00,2.7100000381469727,2.740000009536743,2.5199999809265137,2.5399999618530273,333400,0.0,0.0
2025-01-17 00:00:00-05:00,2.5899999141693115,2.6500000953674316,2.450000047683716,2.549999952316284,451800,0.0,0.0
2025-01-21 00:00:00-05:00,2.5899999141693115,2.630000114440918,2.569999933242798,2.609999895095825,172200,0.0,0.0
2025-01-22 00:00:00-05:00,2.640000104904175,2.6500000953674316,2.5199999809265137,2.5299999713897705,217758,0.0,0.0
