Date,Open,High,Low,Close,Volume,Dividends,Stock Splits
2022-01-03 00:00:00-05:00,7.579999923706055,7.920000076293945,7.420000076293945,7.599999904632568,412800,0.0,0.0
2022-01-04 00:00:00-05:00,7.610000133514404,7.610000133514404,6.840000152587891,7.059999942779541,844000,0.0,0.0
2022-01-05 00:00:00-05:00,7.110000133514404,7.119999885559082,6.860000133514404,6.869999885559082,367800,0.0,0.0
2022-01-06 00:00:00-05:00,6.820000171661377,6.820000171661377,6.360000133514404,6.579999923706055,504100,0.0,0.0
2022-01-07 00:00:00-05:00,6.570000171661377,6.71999979019165,6.369999885559082,6.510000228881836,391800,0.0,0.0
2022-01-10 00:00:00-05:00,6.440000057220459,6.5,5.980000019073486,6.090000152587891,652600,0.0,0.0
2022-01-11 00:00:00-05:00,6.039999961853027,6.440000057220459,5.929999828338623,6.380000114440918,543600,0.0,0.0
2022-01-12 00:00:00-05:00,6.429999828338623,6.570000171661377,6.199999809265137,6.25,297900,0.0,0.0
2022-01-13 00:00:00-05:00,6.25,6.260000228881836,5.820000171661377,5.909999847412109,399000,0.0,0.0
2022-01-14 00:00:00-05:00,5.809999942779541,5.869999885559082,5.505000114440918,5.690000057220459,410100,0.0,0.0
2022-01-18 00:00:00-05:00,5.599999904632568,5.599999904632568,5.170000076293945,5.25,760400,0.0,0.0
2022-01-19 00:00:00-05:00,5.210000038146973,5.329999923706055,4.960000038146973,5.019999980926514,716600,0.0,0.0
2022-01-20 00:00:00-05:00,5.099999904632568,5.239999771118164,4.690000057220459,4.699999809265137,604700,0.0,0.0
2022-01-21 00:00:00-05:00,4.610000133514404,4.699999809265137,4.340000152587891,4.559999942779541,696500,0.0,0.0
2022-01-24 00:00:00-05:00,4.349999904632568,4.590000152587891,4.150000095367432,4.590000152587891,577300,0.0,0.0
2022-01-25 00:00:00-05:00,4.449999809265137,4.570000171661377,4.239999771118164,4.449999809265137,585100,0.0,0.0
2022-01-26 00:00:00-05:00,4.400000095367432,4.710000038146973,4.190000057220459,4.230000019073486,519100,0.0,0.0
2022-01-27 00:00:00-05:00,4.28000020980835,4.380000114440918,3.630000114440918,3.740000009536743,1068400,0.0,0.0
2022-01-28 00:00:00-05:00,3.759999990463257,3.8299999237060547,3.440000057220459,3.7100000381469727,724400,0.0,0.0
2022-01-31 00:00:00-05:00,3.8499999046325684,4.269999980926514,3.7300000190734863,4.139999866485596,765900,0.0,0.0
2022-02-01 00:00:00-05:00,4.239999771118164,4.289999961853027,3.9200000762939453,4.110000133514404,622200,0.0,0.0
2022-02-02 00:00:00-05:00,4.119999885559082,4.119999885559082,3.700000047683716,3.75,345300,0.0,0.0
2022-02-03 00:00:00-05:00,3.640000104904175,3.680000066757202,3.359999895095825,3.430000066757202,477000,0.0,0.0
2022-02-04 00:00:00-05:00,3.4200000762939453,3.4600000381469727,3.299999952316284,3.390000104904175,261200,0.0,0.0
2022-02-07 00:00:00-05:00,3.4000000953674316,3.5799999237060547,3.2699999809265137,3.319999933242798,539500,0.0,0.0
2022-02-08 00:00:00-05:00,3.3299999237060547,3.5299999713897705,3.1700000762939453,3.4200000762939453,704300,0.0,0.0
2022-02-09 00:00:00-05:00,3.4800000190734863,3.5450000762939453,3.309999942779541,3.4600000381469727,1236100,0.0,0.0
2022-02-10 00:00:00-05:00,3.4100000858306885,3.7799999713897705,3.3299999237060547,3.4000000953674316,532300,0.0,0.0
2022-02-11 00:00:00-05:00,3.4000000953674316,3.4000000953674316,3.065000057220459,3.109999895095825,670000,0.0,0.0
2022-02-14 00:00:00-05:00,3.2100000381469727,3.25,3.009999990463257,3.069999933242798,442100,0.0,0.0
2022-02-15 00:00:00-05:00,3.140000104904175,3.2950000762939453,3.0,3.2799999713897705,452500,0.0,0.0
2022-02-16 00:00:00-05:00,3.2799999713897705,3.444000005722046,3.240000009536743,3.390000104904175,469400,0.0,0.0
2022-02-17 00:00:00-05:00,3.359999895095825,3.4000000953674316,3.240000009536743,3.2799999713897705,396600,0.0,0.0
2022-02-18 00:00:00-05:00,3.240000009536743,3.369999885559082,3.055000066757202,3.0899999141693115,440100,0.0,0.0
2022-02-22 00:00:00-05:00,3.059999942779541,3.0899999141693115,2.9000000953674316,2.950000047683716,445600,0.0,0.0
2022-02-23 00:00:00-05:00,3.0,3.059999942779541,2.799999952316284,2.8299999237060547,553400,0.0,0.0
2022-02-24 00:00:00-05:00,2.680000066757202,3.180000066757202,2.640000104904175,3.119999885559082,799800,0.0,0.0
2022-02-25 00:00:00-05:00,3.0999999046325684,3.299999952316284,3.0799999237060547,3.0999999046325684,1476600,0.0,0.0
2022-02-28 00:00:00-05:00,2.9800000190734863,2.9800000190734863,2.799999952316284,2.9000000953674316,1261000,0.0,0.0
2022-03-01 00:00:00-05:00,2.9200000762939453,2.9200000762939453,2.5999999046325684,2.7200000286102295,1313100,0.0,0.0
2022-03-02 00:00:00-05:00,2.759999990463257,2.759999990463257,2.555000066757202,2.619999885559082,937800,0.0,0.0
2022-03-03 00:00:00-05:00,2.9700000286102295,3.8299999237060547,2.859999895095825,3.119999885559082,23775800,0.0,0.0
2022-03-04 00:00:00-05:00,3.140000104904175,3.4800000190734863,2.9200000762939453,3.369999885559082,5871300,0.0,0.0
2022-03-07 00:00:00-05:00,2.940000057220459,3.305000066757202,2.9000000953674316,2.9700000286102295,3076800,0.0,0.0
2022-03-08 00:00:00-05:00,2.990000009536743,3.75,2.9800000190734863,3.380000114440918,5079300,0.0,0.0
2022-03-09 00:00:00-05:00,4.28000020980835,4.389999866485596,3.2899999618530273,3.4000000953674316,17274200,0.0,0.0
2022-03-10 00:00:00-05:00,3.2699999809265137,3.694999933242798,3.010999917984009,3.690000057220459,4401800,0.0,0.0
2022-03-11 00:00:00-05:00,3.569999933242798,3.630000114440918,3.130000114440918,3.140000104904175,1719000,0.0,0.0
2022-03-14 00:00:00-04:00,3.140000104904175,3.180000066757202,2.799999952316284,2.859999895095825,1742100,0.0,0.0
2022-03-15 00:00:00-04:00,2.859999895095825,2.9800000190734863,2.7200000286102295,2.9600000381469727,1178600,0.0,0.0
2022-03-16 00:00:00-04:00,3.0899999141693115,3.0899999141693115,2.9000000953674316,3.0399999618530273,1391200,0.0,0.0
2022-03-17 00:00:00-04:00,3.009999990463257,3.8499999046325684,2.990000009536743,3.8399999141693115,3402800,0.0,0.0
2022-03-18 00:00:00-04:00,3.7699999809265137,4.230000019073486,3.75,4.110000133514404,3810000,0.0,0.0
2022-03-21 00:00:00-04:00,4.079999923706055,4.210000038146973,3.809999942779541,4.059999942779541,1463500,0.0,0.0
2022-03-22 00:00:00-04:00,4.039999961853027,4.699999809265137,4.014999866485596,4.679999828338623,2416200,0.0,0.0
2022-03-23 00:00:00-04:00,4.670000076293945,4.960000038146973,4.28000020980835,4.340000152587891,2692800,0.0,0.0
2022-03-24 00:00:00-04:00,4.5,4.96999979019165,4.409999847412109,4.610000133514404,2568500,0.0,0.0
2022-03-25 00:00:00-04:00,4.590000152587891,4.644999980926514,4.139999866485596,4.360000133514404,1703200,0.0,0.0
2022-03-28 00:00:00-04:00,4.360000133514404,4.369999885559082,3.930000066757202,4.039999961853027,1472300,0.0,0.0
2022-03-29 00:00:00-04:00,4.099999904632568,4.199999809265137,3.944999933242798,4.099999904632568,1109100,0.0,0.0
2022-03-30 00:00:00-04:00,4.110000133514404,4.590000152587891,3.990000009536743,4.210000038146973,3682000,0.0,0.0
2022-03-31 00:00:00-04:00,4.21999979019165,4.369999885559082,3.9700000286102295,4.179999828338623,1499500,0.0,0.0
2022-04-01 00:00:00-04:00,4.159999847412109,4.21999979019165,3.871000051498413,4.010000228881836,1012400,0.0,0.0
2022-04-04 00:00:00-04:00,4.019999980926514,4.414999961853027,4.0,4.300000190734863,986800,0.0,0.0
2022-04-05 00:00:00-04:00,4.349999904632568,4.349999904632568,4.090000152587891,4.170000076293945,936100,0.0,0.0
2022-04-06 00:00:00-04:00,4.090000152587891,4.150000095367432,3.7200000286102295,3.9100000858306885,1236200,0.0,0.0
2022-04-07 00:00:00-04:00,3.9000000953674316,3.947999954223633,3.5299999713897705,3.809999942779541,915000,0.0,0.0
2022-04-08 00:00:00-04:00,3.799999952316284,3.818000078201294,3.559999942779541,3.609999895095825,750300,0.0,0.0
2022-04-11 00:00:00-04:00,3.5,3.5199999809265137,3.2699999809265137,3.319999933242798,841400,0.0,0.0
2022-04-12 00:00:00-04:00,3.299999952316284,3.490000009536743,3.200000047683716,3.2300000190734863,841500,0.0,0.0
2022-04-13 00:00:00-04:00,3.2699999809265137,3.3499999046325684,3.130000114440918,3.190000057220459,891600,0.0,0.0
2022-04-14 00:00:00-04:00,3.200000047683716,3.2100000381469727,2.9200000762939453,2.940000057220459,938100,0.0,0.0
2022-04-18 00:00:00-04:00,2.9000000953674316,2.924999952316284,2.7750000953674316,2.8399999141693115,967100,0.0,0.0
2022-04-19 00:00:00-04:00,2.869999885559082,2.9200000762939453,2.740000009536743,2.7699999809265137,1228600,0.0,0.0
2022-04-20 00:00:00-04:00,2.799999952316284,2.809999942779541,2.5399999618530273,2.549999952316284,1164300,0.0,0.0
2022-04-21 00:00:00-04:00,2.5799999237060547,2.619999885559082,2.4110000133514404,2.4700000286102295,1150400,0.0,0.0
2022-04-22 00:00:00-04:00,2.4800000190734863,2.5199999809265137,2.3350000381469727,2.4000000953674316,1033900,0.0,0.0
2022-04-25 00:00:00-04:00,2.3499999046325684,2.549999952316284,2.299999952316284,2.4600000381469727,1107400,0.0,0.0
2022-04-26 00:00:00-04:00,2.4200000762939453,2.4690001010894775,2.2200000286102295,2.2300000190734863,991900,0.0,0.0
2022-04-27 00:00:00-04:00,2.200000047683716,2.3299999237060547,2.140000104904175,2.1500000953674316,896400,0.0,0.0
2022-04-28 00:00:00-04:00,2.200000047683716,2.3550000190734863,2.009999990463257,2.2799999713897705,1042300,0.0,0.0
2022-04-29 00:00:00-04:00,2.299999952316284,2.359999895095825,2.0899999141693115,2.119999885559082,1523900,0.0,0.0
2022-05-02 00:00:00-04:00,2.0899999141693115,2.1500000953674316,2.0399999618530273,2.130000114440918,1259500,0.0,0.0
2022-05-03 00:00:00-04:00,2.1500000953674316,2.234999895095825,2.059999942779541,2.1600000858306885,1040300,0.0,0.0
2022-05-04 00:00:00-04:00,2.200000047683716,2.640000104904175,2.0299999713897705,2.5399999618530273,2377200,0.0,0.0
2022-05-05 00:00:00-04:00,2.4800000190734863,2.4800000190734863,2.049999952316284,2.119999885559082,1382200,0.0,0.0
2022-05-06 00:00:00-04:00,2.0799999237060547,2.180000066757202,2.0299999713897705,2.0899999141693115,1123800,0.0,0.0
2022-05-09 00:00:00-04:00,2.0280001163482666,2.069999933242798,1.8700000047683716,1.909999966621399,1085800,0.0,0.0
2022-05-10 00:00:00-04:00,2.059999942779541,2.059999942779541,1.4600000381469727,1.6299999952316284,2544800,0.0,0.0
2022-05-11 00:00:00-04:00,1.5800000429153442,1.6200000047683716,1.3300000429153442,1.3799999952316284,2028100,0.0,0.0
2022-05-12 00:00:00-04:00,1.3899999856948853,1.5549999475479126,1.350000023841858,1.3700000047683716,1686600,0.0,0.0
2022-05-13 00:00:00-04:00,1.5199999809265137,1.649999976158142,1.3799999952316284,1.399999976158142,3462900,0.0,0.0
2022-05-16 00:00:00-04:00,1.399999976158142,1.4700000286102295,1.2999999523162842,1.340000033378601,2310900,0.0,0.0
2022-05-17 00:00:00-04:00,1.409999966621399,2.3499999046325684,1.2899999618530273,1.899999976158142,38511600,0.0,0.0
2022-05-18 00:00:00-04:00,1.7419999837875366,1.8300000429153442,1.409999966621399,1.4199999570846558,8813900,0.0,0.0
2022-05-19 00:00:00-04:00,1.3600000143051147,1.3600000143051147,1.1299999952316284,1.1799999475479126,6340900,0.0,0.0
2022-05-20 00:00:00-04:00,1.190000057220459,1.2300000190734863,1.0,1.1200000047683716,9338400,0.0,0.0
2022-05-23 00:00:00-04:00,1.0199999809265137,1.190000057220459,1.0199999809265137,1.159999966621399,4225300,0.0,0.0
2022-05-24 00:00:00-04:00,1.0700000524520874,1.149999976158142,1.0700000524520874,1.1399999856948853,2889700,0.0,0.0
2022-05-25 00:00:00-04:00,1.149999976158142,1.3200000524520874,1.1100000143051147,1.2400000095367432,3894000,0.0,0.0
2022-05-26 00:00:00-04:00,1.2400000095367432,1.4299999475479126,1.2000000476837158,1.3799999952316284,2777200,0.0,0.0
2022-05-27 00:00:00-04:00,1.4600000381469727,1.559999942779541,1.399999976158142,1.5,2804200,0.0,0.0
2022-05-31 00:00:00-04:00,1.5099999904632568,1.5449999570846558,1.3799999952316284,1.3799999952316284,3354000,0.0,0.0
2022-06-01 00:00:00-04:00,1.409999966621399,1.4500000476837158,1.2400000095367432,1.25,1869800,0.0,0.0
2022-06-02 00:00:00-04:00,1.2999999523162842,1.5199999809265137,1.2790000438690186,1.4600000381469727,3160500,0.0,0.0
2022-06-03 00:00:00-04:00,1.399999976158142,1.6200000047683716,1.3799999952316284,1.600000023841858,2119100,0.0,0.0
2022-06-06 00:00:00-04:00,1.649999976158142,1.899999976158142,1.6200000047683716,1.8799999952316284,3493900,0.0,0.0
2022-06-07 00:00:00-04:00,1.8200000524520874,2.140000104904175,1.7999999523162842,1.7999999523162842,3602100,0.0,0.0
2022-06-08 00:00:00-04:00,1.8700000047683716,2.200000047683716,1.850000023841858,2.1500000953674316,3674700,0.0,0.0
2022-06-09 00:00:00-04:00,2.180000066757202,2.190000057220459,1.9900000095367432,2.0799999237060547,2199200,0.0,0.0
2022-06-10 00:00:00-04:00,1.9600000381469727,2.0199999809265137,1.7699999809265137,1.909999966621399,1854000,0.0,0.0
2022-06-13 00:00:00-04:00,1.75,1.8799999952316284,1.5499999523162842,1.7799999713897705,2240300,0.0,0.0
2022-06-14 00:00:00-04:00,1.75,1.7999999523162842,1.4149999618530273,1.5800000429153442,2395200,0.0,0.0
2022-06-15 00:00:00-04:00,1.600000023841858,1.7000000476837158,1.5099999904632568,1.590000033378601,1482700,0.0,0.0
2022-06-16 00:00:00-04:00,1.5,1.5700000524520874,1.2999999523162842,1.340000033378601,2601600,0.0,0.0
2022-06-17 00:00:00-04:00,1.3200000524520874,1.4900000095367432,1.2899999618530273,1.4199999570846558,2894500,0.0,0.0
2022-06-21 00:00:00-04:00,1.5800000429153442,1.5800000429153442,1.4199999570846558,1.4500000476837158,1223300,0.0,0.0
2022-06-22 00:00:00-04:00,1.3899999856948853,1.5,1.3799999952316284,1.399999976158142,974700,0.0,0.0
2022-06-23 00:00:00-04:00,1.4199999570846558,1.4700000286102295,1.3300000429153442,1.4299999475479126,1722500,0.0,0.0
2022-06-24 00:00:00-04:00,1.4500000476837158,1.5499999523162842,1.4199999570846558,1.4299999475479126,6047600,0.0,0.0
2022-06-27 00:00:00-04:00,1.4600000381469727,1.5089999437332153,1.3700000047683716,1.4600000381469727,907500,0.0,0.0
2022-06-28 00:00:00-04:00,1.5099999904632568,1.5399999618530273,1.3849999904632568,1.3899999856948853,924500,0.0,0.0
2022-06-29 00:00:00-04:00,1.4500000476837158,1.4900000095367432,1.2699999809265137,1.2899999618530273,1368900,0.0,0.0
2022-06-30 00:00:00-04:00,1.2400000095367432,1.2799999713897705,1.190000057220459,1.2100000381469727,920100,0.0,0.0
2022-07-01 00:00:00-04:00,1.2200000286102295,1.25,1.159999966621399,1.190000057220459,608900,0.0,0.0
2022-07-05 00:00:00-04:00,1.2300000190734863,1.2699999809265137,1.159999966621399,1.2599999904632568,931800,0.0,0.0
2022-07-06 00:00:00-04:00,1.5800000429153442,1.7400000095367432,1.409999966621399,1.4299999475479126,48263900,0.0,0.0
2022-07-07 00:00:00-04:00,1.3799999952316284,1.5750000476837158,1.3300000429153442,1.559999942779541,4857000,0.0,0.0
2022-07-08 00:00:00-04:00,1.5,1.809999942779541,1.4900000095367432,1.7799999713897705,4311300,0.0,0.0
2022-07-11 00:00:00-04:00,1.7799999713897705,1.9500000476837158,1.5950000286102295,1.7899999618530273,3219700,0.0,0.0
2022-07-12 00:00:00-04:00,1.7899999618530273,2.200000047683716,1.7699999809265137,2.130000114440918,3757500,0.0,0.0
2022-07-13 00:00:00-04:00,2.015000104904175,2.240000009536743,1.9299999475479126,2.190000057220459,3156400,0.0,0.0
2022-07-14 00:00:00-04:00,2.0999999046325684,2.2200000286102295,1.9800000190734863,2.0399999618530273,1877100,0.0,0.0
2022-07-15 00:00:00-04:00,2.0299999713897705,2.049999952316284,1.8799999952316284,1.9700000286102295,1145300,0.0,0.0
2022-07-18 00:00:00-04:00,1.9700000286102295,2.109999895095825,1.9700000286102295,2.0799999237060547,1297900,0.0,0.0
2022-07-19 00:00:00-04:00,2.119999885559082,2.700000047683716,2.0899999141693115,2.6500000953674316,11472700,0.0,0.0
2022-07-20 00:00:00-04:00,2.6500000953674316,3.0899999141693115,2.515000104904175,2.940000057220459,5226300,0.0,0.0
2022-07-21 00:00:00-04:00,2.8399999141693115,3.049999952316284,2.799999952316284,2.9000000953674316,2252000,0.0,0.0
2022-07-22 00:00:00-04:00,2.8299999237060547,2.9149999618530273,2.309999942779541,2.3399999141693115,3256500,0.0,0.0
2022-07-25 00:00:00-04:00,2.25,2.309999942779541,2.0,2.1700000762939453,2422400,0.0,0.0
2022-07-26 00:00:00-04:00,2.119999885559082,2.200000047683716,2.0299999713897705,2.0999999046325684,1309900,0.0,0.0
2022-07-27 00:00:00-04:00,2.0999999046325684,2.430000066757202,2.0899999141693115,2.4000000953674316,2295400,0.0,0.0
2022-07-28 00:00:00-04:00,2.6500000953674316,2.8299999237060547,2.5409998893737793,2.690000057220459,2968700,0.0,0.0
2022-07-29 00:00:00-04:00,2.680000066757202,3.2799999713897705,2.5950000286102295,3.1700000762939453,6331100,0.0,0.0
2022-08-01 00:00:00-04:00,3.240000009536743,3.4000000953674316,3.009999990463257,3.0399999618530273,4596400,0.0,0.0
2022-08-02 00:00:00-04:00,2.7699999809265137,2.9000000953674316,2.559999942779541,2.700000047683716,4596600,0.0,0.0
2022-08-03 00:00:00-04:00,2.700000047683716,2.799999952316284,2.609999895095825,2.6500000953674316,2476700,0.0,0.0
2022-08-04 00:00:00-04:00,2.609999895095825,2.7699999809265137,2.609999895095825,2.6500000953674316,2182000,0.0,0.0
2022-08-05 00:00:00-04:00,2.6600000858306885,3.1449999809265137,2.609999895095825,3.109999895095825,3630400,0.0,0.0
2022-08-08 00:00:00-04:00,3.140000104904175,3.25,2.9100000858306885,3.0399999618530273,2353200,0.0,0.0
2022-08-09 00:00:00-04:00,2.9600000381469727,2.9600000381469727,2.5899999141693115,2.7699999809265137,2138500,0.0,0.0
2022-08-10 00:00:00-04:00,2.930000066757202,2.930000066757202,2.5799999237060547,2.680000066757202,2186100,0.0,0.0
2022-08-11 00:00:00-04:00,2.7899999618530273,2.7899999618530273,2.259999990463257,2.3299999237060547,3524800,0.0,0.0
2022-08-12 00:00:00-04:00,2.380000114440918,2.630000114440918,2.309999942779541,2.569999933242798,2595900,0.0,0.0
2022-08-15 00:00:00-04:00,2.4600000381469727,2.490000009536743,2.299999952316284,2.309999942779541,2533500,0.0,0.0
2022-08-16 00:00:00-04:00,2.2799999713897705,2.2850000858306885,1.940000057220459,1.9600000381469727,4805900,0.0,0.0
2022-08-17 00:00:00-04:00,1.909999966621399,2.009000062942505,1.7999999523162842,1.8799999952316284,2154100,0.0,0.0
2022-08-18 00:00:00-04:00,1.9299999475479126,2.249000072479248,1.8899999856948853,2.059999942779541,2526100,0.0,0.0
2022-08-19 00:00:00-04:00,1.9500000476837158,2.0,1.850000023841858,1.8700000047683716,1154700,0.0,0.0
2022-08-22 00:00:00-04:00,1.7999999523162842,2.0999999046325684,1.7400000095367432,2.059999942779541,1999300,0.0,0.0
2022-08-23 00:00:00-04:00,2.140000104904175,2.180000066757202,1.9800000190734863,2.009999990463257,1389900,0.0,0.0
2022-08-24 00:00:00-04:00,2.049999952316284,2.180000066757202,2.049999952316284,2.180000066757202,2113200,0.0,0.0
2022-08-25 00:00:00-04:00,2.200000047683716,2.319999933242798,2.200000047683716,2.2699999809265137,1956200,0.0,0.0
2022-08-26 00:00:00-04:00,2.25,2.309999942779541,2.049999952316284,2.109999895095825,1423100,0.0,0.0
2022-08-29 00:00:00-04:00,2.049999952316284,2.1700000762939453,2.049999952316284,2.0799999237060547,902000,0.0,0.0
2022-08-30 00:00:00-04:00,2.119999885559082,2.1500000953674316,1.9500000476837158,2.009999990463257,1054900,0.0,0.0
2022-08-31 00:00:00-04:00,2.0299999713897705,2.109999895095825,2.0199999809265137,2.059999942779541,763700,0.0,0.0
2022-09-01 00:00:00-04:00,2.0199999809265137,2.0299999713897705,1.8550000190734863,1.940000057220459,1481400,0.0,0.0
2022-09-02 00:00:00-04:00,1.9600000381469727,1.9800000190734863,1.850000023841858,1.8799999952316284,856100,0.0,0.0
2022-09-06 00:00:00-04:00,1.9299999475479126,1.9700000286102295,1.8300000429153442,1.8799999952316284,717500,0.0,0.0
2022-09-07 00:00:00-04:00,1.8600000143051147,2.125,1.8600000143051147,2.0899999141693115,1133600,0.0,0.0
2022-09-08 00:00:00-04:00,2.0399999618530273,2.194999933242798,2.009999990463257,2.1700000762939453,1143800,0.0,0.0
2022-09-09 00:00:00-04:00,2.2100000381469727,2.4000000953674316,2.193000078201294,2.3299999237060547,2688300,0.0,0.0
2022-09-12 00:00:00-04:00,2.359999895095825,2.359999895095825,2.1700000762939453,2.2200000286102295,1519500,0.0,0.0
2022-09-13 00:00:00-04:00,2.0999999046325684,2.2899999618530273,2.009999990463257,2.180000066757202,2943100,0.0,0.0
2022-09-14 00:00:00-04:00,2.3499999046325684,2.8499999046325684,2.309999942779541,2.5,27720100,0.0,0.0
2022-09-15 00:00:00-04:00,2.5,2.7890000343322754,2.4600000381469727,2.4800000190734863,9727200,0.0,0.0
2022-09-16 00:00:00-04:00,2.4000000953674316,2.5190000534057617,2.299999952316284,2.3399999141693115,5012800,0.0,0.0
2022-09-19 00:00:00-04:00,2.3399999141693115,2.4100000858306885,2.134999990463257,2.240000009536743,3770200,0.0,0.0
2022-09-20 00:00:00-04:00,2.2200000286102295,2.25,2.009999990463257,2.0299999713897705,2423100,0.0,0.0
2022-09-21 00:00:00-04:00,2.0999999046325684,2.2100000381469727,1.9850000143051147,2.0899999141693115,2298900,0.0,0.0
2022-09-22 00:00:00-04:00,2.0199999809265137,2.0789999961853027,1.7999999523162842,1.909999966621399,2972000,0.0,0.0
2022-09-23 00:00:00-04:00,1.7999999523162842,1.850000023841858,1.7300000190734863,1.7799999713897705,1640500,0.0,0.0
2022-09-26 00:00:00-04:00,1.7699999809265137,1.875,1.600000023841858,1.6399999856948853,2417900,0.0,0.0
2022-09-27 00:00:00-04:00,1.7000000476837158,1.7799999713897705,1.6299999952316284,1.649999976158142,940200,0.0,0.0
2022-09-28 00:00:00-04:00,1.6799999475479126,1.809999942779541,1.6200000047683716,1.7799999713897705,1892200,0.0,0.0
2022-09-29 00:00:00-04:00,1.7100000381469727,1.7100000381469727,1.600000023841858,1.6699999570846558,2427500,0.0,0.0
2022-09-30 00:00:00-04:00,1.649999976158142,1.8200000524520874,1.6200000047683716,1.6699999570846558,1392200,0.0,0.0
2022-10-03 00:00:00-04:00,1.75,1.7799999713897705,1.649999976158142,1.7400000095367432,681900,0.0,0.0
2022-10-04 00:00:00-04:00,1.809999942779541,1.940000057220459,1.809999942779541,1.9299999475479126,1669500,0.0,0.0
2022-10-05 00:00:00-04:00,1.8899999856948853,1.909999966621399,1.8049999475479126,1.8799999952316284,777500,0.0,0.0
2022-10-06 00:00:00-04:00,1.899999976158142,1.9800000190734863,1.7549999952316284,1.7999999523162842,1024200,0.0,0.0
2022-10-07 00:00:00-04:00,1.75,1.7699999809265137,1.6430000066757202,1.6699999570846558,1004900,0.0,0.0
2022-10-10 00:00:00-04:00,1.690000057220459,1.7000000476837158,1.4500000476837158,1.5099999904632568,2227500,0.0,0.0
2022-10-11 00:00:00-04:00,1.4800000190734863,1.5299999713897705,1.399999976158142,1.4500000476837158,1412300,0.0,0.0
2022-10-12 00:00:00-04:00,1.440000057220459,1.440000057220459,1.3550000190734863,1.399999976158142,841000,0.0,0.0
2022-10-13 00:00:00-04:00,1.3300000429153442,1.4800000190734863,1.3200000524520874,1.440000057220459,1082600,0.0,0.0
2022-10-14 00:00:00-04:00,1.4600000381469727,1.5299999713897705,1.350000023841858,1.3799999952316284,658800,0.0,0.0
2022-10-17 00:00:00-04:00,1.434999942779541,1.4620000123977661,1.3899999856948853,1.4199999570846558,662800,0.0,0.0
2022-10-18 00:00:00-04:00,1.4700000286102295,1.5399999618530273,1.4199999570846558,1.4800000190734863,777400,0.0,0.0
2022-10-19 00:00:00-04:00,1.440000057220459,1.6449999809265137,1.399999976158142,1.6200000047683716,2832400,0.0,0.0
2022-10-20 00:00:00-04:00,1.5800000429153442,1.6050000190734863,1.4199999570846558,1.4299999475479126,1111900,0.0,0.0
2022-10-21 00:00:00-04:00,1.409999966621399,1.4500000476837158,1.350000023841858,1.4299999475479126,1310400,0.0,0.0
2022-10-24 00:00:00-04:00,1.440000057220459,1.4500000476837158,1.2799999713897705,1.3899999856948853,1994800,0.0,0.0
2022-10-25 00:00:00-04:00,1.3799999952316284,1.559999942779541,1.3700000047683716,1.5399999618530273,1731600,0.0,0.0
2022-10-26 00:00:00-04:00,1.409999966621399,1.6950000524520874,1.409999966621399,1.4900000095367432,1469600,0.0,0.0
2022-10-27 00:00:00-04:00,1.5299999713897705,1.559999942779541,1.4500000476837158,1.4600000381469727,657900,0.0,0.0
2022-10-28 00:00:00-04:00,1.4800000190734863,1.5099999904632568,1.399999976158142,1.4199999570846558,854700,0.0,0.0
2022-10-31 00:00:00-04:00,1.4199999570846558,1.565000057220459,1.3899999856948853,1.5499999523162842,1216800,0.0,0.0
2022-11-01 00:00:00-04:00,1.6100000143051147,1.6399999856948853,1.5299999713897705,1.559999942779541,787100,0.0,0.0
2022-11-02 00:00:00-04:00,1.5499999523162842,1.590000033378601,1.4600000381469727,1.4700000286102295,559300,0.0,0.0
2022-11-03 00:00:00-04:00,1.4800000190734863,1.5700000524520874,1.4500000476837158,1.4600000381469727,746000,0.0,0.0
2022-11-04 00:00:00-04:00,1.5,1.5499999523162842,1.4600000381469727,1.5299999713897705,1156700,0.0,0.0
2022-11-07 00:00:00-05:00,1.5499999523162842,1.659999966621399,1.4700000286102295,1.6299999952316284,1168400,0.0,0.0
2022-11-08 00:00:00-05:00,1.6100000143051147,1.6100000143051147,1.1799999475479126,1.2699999809265137,4719400,0.0,0.0
2022-11-09 00:00:00-05:00,1.2300000190734863,1.2649999856948853,1.159999966621399,1.1699999570846558,1367500,0.0,0.0
2022-11-10 00:00:00-05:00,1.2200000286102295,1.3200000524520874,1.1299999952316284,1.2899999618530273,2120600,0.0,0.0
2022-11-11 00:00:00-05:00,1.25,1.350000023841858,1.1799999475479126,1.2000000476837158,1530500,0.0,0.0
2022-11-14 00:00:00-05:00,1.2200000286102295,1.25,1.1699999570846558,1.1799999475479126,1605800,0.0,0.0
2022-11-15 00:00:00-05:00,1.25,1.340000033378601,1.2400000095367432,1.3200000524520874,2096800,0.0,0.0
2022-11-16 00:00:00-05:00,1.2999999523162842,1.2999999523162842,1.190000057220459,1.2100000381469727,1284000,0.0,0.0
2022-11-17 00:00:00-05:00,1.1799999475479126,1.2300000190734863,1.1299999952316284,1.159999966621399,1493200,0.0,0.0
2022-11-18 00:00:00-05:00,1.2000000476837158,1.2000000476837158,1.0700000524520874,1.1100000143051147,1300100,0.0,0.0
2022-11-21 00:00:00-05:00,1.190000057220459,1.190000057220459,1.0099999904632568,1.0499999523162842,1710300,0.0,0.0
2022-11-22 00:00:00-05:00,1.0499999523162842,1.0950000286102295,1.0099999904632568,1.059999942779541,830400,0.0,0.0
2022-11-23 00:00:00-05:00,1.090000033378601,1.090000033378601,1.0199999809265137,1.059999942779541,867600,0.0,0.0
2022-11-25 00:00:00-05:00,1.0499999523162842,1.0800000429153442,1.0449999570846558,1.0800000429153442,463000,0.0,0.0
2022-11-28 00:00:00-05:00,1.0399999618530273,1.0499999523162842,1.0099999904632568,1.0399999618530273,849900,0.0,0.0
2022-11-29 00:00:00-05:00,1.0399999618530273,1.059999942779541,1.0,1.0299999713897705,921700,0.0,0.0
2022-11-30 00:00:00-05:00,1.0099999904632568,1.059999942779541,0.9549999833106995,1.059999942779541,1794200,0.0,0.0
2022-12-01 00:00:00-05:00,1.0700000524520874,1.0700000524520874,1.0,1.0399999618530273,1126100,0.0,0.0
2022-12-02 00:00:00-05:00,1.1200000047683716,1.2200000286102295,1.090000033378601,1.149999976158142,20705700,0.0,0.0
2022-12-05 00:00:00-05:00,1.149999976158142,1.2400000095367432,1.1100000143051147,1.149999976158142,6998900,0.0,0.0
2022-12-06 00:00:00-05:00,1.149999976158142,1.1749999523162842,1.0299999713897705,1.0800000429153442,3965200,0.0,0.0
2022-12-07 00:00:00-05:00,1.0700000524520874,1.1699999570846558,1.0549999475479126,1.149999976158142,2112800,0.0,0.0
2022-12-08 00:00:00-05:00,1.149999976158142,1.159999966621399,1.0700000524520874,1.1299999952316284,2617500,0.0,0.0
2022-12-09 00:00:00-05:00,1.090000033378601,1.1100000143051147,1.0199999809265137,1.0299999713897705,2670600,0.0,0.0
2022-12-12 00:00:00-05:00,1.0099999904632568,1.0399999618530273,0.9599999785423279,0.9700000286102295,3388800,0.0,0.0
2022-12-13 00:00:00-05:00,1.0099999904632568,1.0299999713897705,0.972000002861023,0.9900000095367432,1762700,0.0,0.0
2022-12-14 00:00:00-05:00,1.0,1.1299999952316284,0.9599999785423279,1.0800000429153442,3861500,0.0,0.0
2022-12-15 00:00:00-05:00,1.059999942779541,1.1799999475479126,1.0499999523162842,1.0800000429153442,3458700,0.0,0.0
2022-12-16 00:00:00-05:00,1.0700000524520874,1.1699999570846558,1.0399999618530273,1.149999976158142,1856300,0.0,0.0
2022-12-19 00:00:00-05:00,1.149999976158142,1.149999976158142,1.0800000429153442,1.0800000429153442,1082200,0.0,0.0
2022-12-20 00:00:00-05:00,1.0800000429153442,1.1299999952316284,1.0499999523162842,1.0800000429153442,1389600,0.0,0.0
2022-12-21 00:00:00-05:00,1.100000023841858,1.1200000047683716,1.0399999618530273,1.100000023841858,887800,0.0,0.0
2022-12-22 00:00:00-05:00,1.090000033378601,1.090000033378601,1.0299999713897705,1.0499999523162842,2944000,0.0,0.0
2022-12-23 00:00:00-05:00,1.059999942779541,1.0800000429153442,1.0410000085830688,1.0800000429153442,1220200,0.0,0.0
2022-12-27 00:00:00-05:00,1.0499999523162842,1.149999976158142,1.0499999523162842,1.1299999952316284,2247900,0.0,0.0
2022-12-28 00:00:00-05:00,1.1299999952316284,1.149999976158142,1.059999942779541,1.0800000429153442,1836900,0.0,0.0
2022-12-29 00:00:00-05:00,1.0700000524520874,1.2100000381469727,1.065000057220459,1.1699999570846558,6497600,0.0,0.0
2022-12-30 00:00:00-05:00,1.1799999475479126,1.4900000095367432,1.1699999570846558,1.4800000190734863,6857200,0.0,0.0
2023-01-03 00:00:00-05:00,1.399999976158142,1.4249999523162842,1.3300000429153442,1.3600000143051147,2589900,0.0,0.0
2023-01-04 00:00:00-05:00,1.3799999952316284,1.6399999856948853,1.3300000429153442,1.4900000095367432,3180800,0.0,0.0
2023-01-05 00:00:00-05:00,1.4600000381469727,1.4600000381469727,1.3600000143051147,1.409999966621399,2305700,0.0,0.0
2023-01-06 00:00:00-05:00,1.4500000476837158,1.527999997138977,1.3799999952316284,1.4800000190734863,1817700,0.0,0.0
2023-01-09 00:00:00-05:00,1.440000057220459,1.4700000286102295,1.3799999952316284,1.4199999570846558,1552200,0.0,0.0
2023-01-10 00:00:00-05:00,1.4500000476837158,1.5,1.4199999570846558,1.5,1501800,0.0,0.0
2023-01-11 00:00:00-05:00,1.4700000286102295,1.590000033378601,1.409999966621399,1.5800000429153442,1932100,0.0,0.0
2023-01-12 00:00:00-05:00,1.590000033378601,1.7300000190734863,1.5299999713897705,1.6699999570846558,2445100,0.0,0.0
2023-01-13 00:00:00-05:00,1.7100000381469727,1.8170000314712524,1.600000023841858,1.659999966621399,2508400,0.0,0.0
2023-01-17 00:00:00-05:00,1.659999966621399,1.690000057220459,1.5,1.5099999904632568,1654100,0.0,0.0
2023-01-18 00:00:00-05:00,1.5199999809265137,1.5700000524520874,1.350000023841858,1.3700000047683716,2612600,0.0,0.0
2023-01-19 00:00:00-05:00,1.3600000143051147,1.3700000047683716,1.2799999713897705,1.3600000143051147,1494900,0.0,0.0
2023-01-20 00:00:00-05:00,1.3600000143051147,1.5549999475479126,1.3200000524520874,1.5199999809265137,2759200,0.0,0.0
2023-01-23 00:00:00-05:00,1.5199999809265137,1.5700000524520874,1.440000057220459,1.5,2007000,0.0,0.0
2023-01-24 00:00:00-05:00,1.4900000095367432,1.496999979019165,1.3799999952316284,1.3899999856948853,1105700,0.0,0.0
2023-01-25 00:00:00-05:00,1.3899999856948853,1.409999966621399,1.2799999713897705,1.3600000143051147,1157800,0.0,0.0
2023-01-26 00:00:00-05:00,1.3899999856948853,1.3899999856948853,1.2400000095367432,1.2699999809265137,1569000,0.0,0.0
2023-01-27 00:00:00-05:00,1.2699999809265137,1.3899999856948853,1.25,1.350000023841858,1369300,0.0,0.0
2023-01-30 00:00:00-05:00,1.350000023841858,1.4199999570846558,1.2799999713897705,1.399999976158142,975100,0.0,0.0
2023-01-31 00:00:00-05:00,1.399999976158142,1.5,1.3799999952316284,1.4700000286102295,1207700,0.0,0.0
2023-02-01 00:00:00-05:00,1.4500000476837158,1.5,1.350000023841858,1.4600000381469727,1745300,0.0,0.0
2023-02-02 00:00:00-05:00,1.4600000381469727,1.5700000524520874,1.309999942779541,1.3300000429153442,4874800,0.0,0.0
2023-02-03 00:00:00-05:00,1.3200000524520874,1.3799999952316284,1.309999942779541,1.3799999952316284,1230500,0.0,0.0
2023-02-06 00:00:00-05:00,1.350000023841858,1.3700000047683716,1.309999942779541,1.350000023841858,1941100,0.0,0.0
2023-02-07 00:00:00-05:00,1.3600000143051147,1.3700000047683716,1.2949999570846558,1.3200000524520874,931400,0.0,0.0
2023-02-08 00:00:00-05:00,1.309999942779541,1.3600000143051147,1.2699999809265137,1.350000023841858,1005700,0.0,0.0
2023-02-09 00:00:00-05:00,1.3600000143051147,1.409999966621399,1.3200000524520874,1.3300000429153442,1314300,0.0,0.0
2023-02-10 00:00:00-05:00,1.3300000429153442,1.3300000429153442,1.2899999618530273,1.3300000429153442,947700,0.0,0.0
2023-02-13 00:00:00-05:00,1.350000023841858,1.371999979019165,1.2899999618530273,1.3200000524520874,728000,0.0,0.0
2023-02-14 00:00:00-05:00,1.2899999618530273,1.3600000143051147,1.2899999618530273,1.350000023841858,538700,0.0,0.0
2023-02-15 00:00:00-05:00,1.309999942779541,1.409999966621399,1.309999942779541,1.409999966621399,1298800,0.0,0.0
2023-02-16 00:00:00-05:00,1.3600000143051147,1.715000033378601,1.3600000143051147,1.5299999713897705,6109200,0.0,0.0
2023-02-17 00:00:00-05:00,1.690000057220459,2.0899999141693115,1.6100000143051147,1.9500000476837158,13108300,0.0,0.0
2023-02-21 00:00:00-05:00,2.234999895095825,2.25,1.909999966621399,2.2200000286102295,9509300,0.0,0.0
2023-02-22 00:00:00-05:00,2.1500000953674316,2.184999942779541,1.850000023841858,2.0,4792400,0.0,0.0
2023-02-23 00:00:00-05:00,2.0,2.0399999618530273,1.8300000429153442,1.9199999570846558,2187100,0.0,0.0
2023-02-24 00:00:00-05:00,1.8600000143051147,2.140000104904175,1.8200000524520874,2.059999942779541,3641800,0.0,0.0
2023-02-27 00:00:00-05:00,2.1700000762939453,2.390000104904175,2.1500000953674316,2.2799999713897705,4933800,0.0,0.0
2023-02-28 00:00:00-05:00,2.3499999046325684,2.3499999046325684,2.0899999141693115,2.190000057220459,2413800,0.0,0.0
2023-03-01 00:00:00-05:00,2.059999942779541,2.0899999141693115,1.5399999618530273,1.7599999904632568,8477600,0.0,0.0
2023-03-02 00:00:00-05:00,1.690000057220459,1.75,1.659999966621399,1.7000000476837158,2292800,0.0,0.0
2023-03-03 00:00:00-05:00,1.7300000190734863,1.940000057220459,1.7300000190734863,1.8600000143051147,2836800,0.0,0.0
2023-03-06 00:00:00-05:00,1.8799999952316284,2.0299999713897705,1.8700000047683716,1.909999966621399,2670400,0.0,0.0
2023-03-07 00:00:00-05:00,1.899999976158142,2.049999952316284,1.8700000047683716,2.049999952316284,2419800,0.0,0.0
2023-03-08 00:00:00-05:00,2.0,2.0199999809265137,1.8200000524520874,1.8600000143051147,2512800,0.0,0.0
2023-03-09 00:00:00-05:00,1.8799999952316284,1.9500000476837158,1.7799999713897705,1.8300000429153442,1357600,0.0,0.0
2023-03-10 00:00:00-05:00,1.7999999523162842,1.8600000143051147,1.7000000476837158,1.75,1532100,0.0,0.0
2023-03-13 00:00:00-04:00,1.6799999475479126,1.8700000047683716,1.600000023841858,1.8600000143051147,2835500,0.0,0.0
2023-03-14 00:00:00-04:00,1.8200000524520874,1.8799999952316284,1.784999966621399,1.8700000047683716,1791100,0.0,0.0
2023-03-15 00:00:00-04:00,1.7999999523162842,2.009999990463257,1.7000000476837158,1.7999999523162842,2016300,0.0,0.0
2023-03-16 00:00:00-04:00,1.7300000190734863,2.140000104904175,1.7300000190734863,2.109999895095825,3569900,0.0,0.0
2023-03-17 00:00:00-04:00,2.140000104904175,2.3399999141693115,2.0850000381469727,2.240000009536743,5222700,0.0,0.0
2023-03-20 00:00:00-04:00,2.1600000858306885,2.25,2.059999942779541,2.25,1932000,0.0,0.0
2023-03-21 00:00:00-04:00,2.25,2.5799999237060547,2.1600000858306885,2.4200000762939453,3939300,0.0,0.0
2023-03-22 00:00:00-04:00,2.4200000762939453,2.7100000381469727,2.3399999141693115,2.490000009536743,3809100,0.0,0.0
2023-03-23 00:00:00-04:00,2.5399999618530273,2.6700000762939453,2.299999952316284,2.369999885559082,3181300,0.0,0.0
2023-03-24 00:00:00-04:00,2.3499999046325684,2.369999885559082,2.130000114440918,2.359999895095825,2468500,0.0,0.0
2023-03-27 00:00:00-04:00,2.390000104904175,2.390000104904175,2.009999990463257,2.0199999809265137,3339400,0.0,0.0
2023-03-28 00:00:00-04:00,2.009999990463257,2.069999933242798,1.9500000476837158,1.9500000476837158,2413000,0.0,0.0
2023-03-29 00:00:00-04:00,2.0,2.140000104904175,1.8799999952316284,2.0999999046325684,3076800,0.0,0.0
2023-03-30 00:00:00-04:00,2.1500000953674316,2.5,2.1500000953674316,2.3499999046325684,3468100,0.0,0.0
2023-03-31 00:00:00-04:00,2.384999990463257,2.619999885559082,2.359999895095825,2.569999933242798,2566600,0.0,0.0
2023-04-03 00:00:00-04:00,2.619999885559082,2.7799999713897705,2.562000036239624,2.759999990463257,4053400,0.0,0.0
2023-04-04 00:00:00-04:00,2.7799999713897705,2.7799999713897705,2.549999952316284,2.700000047683716,3113700,0.0,0.0
2023-04-05 00:00:00-04:00,2.6600000858306885,2.680000066757202,2.4100000858306885,2.5199999809265137,2202400,0.0,0.0
2023-04-06 00:00:00-04:00,2.4800000190734863,2.5,2.319999933242798,2.4700000286102295,2145100,0.0,0.0
2023-04-10 00:00:00-04:00,2.559999942779541,3.2200000286102295,2.549999952316284,3.0799999237060547,8126800,0.0,0.0
2023-04-11 00:00:00-04:00,2.75,3.2300000190734863,2.6500000953674316,3.130000114440918,6352500,0.0,0.0
2023-04-12 00:00:00-04:00,3.240000009536743,3.2899999618530273,2.5999999046325684,2.609999895095825,9839500,0.0,0.0
2023-04-13 00:00:00-04:00,2.799999952316284,2.940000057220459,2.559999942779541,2.759999990463257,5064000,0.0,0.0
2023-04-14 00:00:00-04:00,2.759999990463257,2.8399999141693115,2.5799999237060547,2.619999885559082,5937200,0.0,0.0
2023-04-17 00:00:00-04:00,2.6700000762939453,2.940000057220459,2.609999895095825,2.930000066757202,5087500,0.0,0.0
2023-04-18 00:00:00-04:00,2.9800000190734863,3.009999990463257,2.7750000953674316,2.859999895095825,3352000,0.0,0.0
2023-04-19 00:00:00-04:00,2.7699999809265137,2.799999952316284,2.5,2.680000066757202,5402000,0.0,0.0
2023-04-20 00:00:00-04:00,2.5799999237060547,2.6600000858306885,2.359999895095825,2.4100000858306885,5841000,0.0,0.0
2023-04-21 00:00:00-04:00,2.4000000953674316,2.424999952316284,2.2799999713897705,2.3399999141693115,2961800,0.0,0.0
2023-04-24 00:00:00-04:00,2.3499999046325684,2.3499999046325684,2.0,2.109999895095825,8568400,0.0,0.0
2023-04-25 00:00:00-04:00,2.0899999141693115,2.0899999141693115,1.75,1.899999976158142,8292500,0.0,0.0
2023-04-26 00:00:00-04:00,1.9199999570846558,1.9199999570846558,1.75,1.7799999713897705,4816800,0.0,0.0
2023-04-27 00:00:00-04:00,1.7699999809265137,1.8650000095367432,1.690000057220459,1.75,6458400,0.0,0.0
2023-04-28 00:00:00-04:00,1.75,1.75,1.559999942779541,1.690000057220459,4962900,0.0,0.0
2023-05-01 00:00:00-04:00,1.690000057220459,1.850000023841858,1.6699999570846558,1.7100000381469727,3938500,0.0,0.0
2023-05-02 00:00:00-04:00,1.7300000190734863,1.7400000095367432,1.5399999618530273,1.5800000429153442,4590500,0.0,0.0
2023-05-03 00:00:00-04:00,1.590000033378601,1.7549999952316284,1.5199999809265137,1.7200000286102295,4915100,0.0,0.0
2023-05-04 00:00:00-04:00,1.7400000095367432,1.8869999647140503,1.6699999570846558,1.840000033378601,5314100,0.0,0.0
2023-05-05 00:00:00-04:00,1.940000057220459,2.069999933242798,1.899999976158142,2.0299999713897705,4988300,0.0,0.0
2023-05-08 00:00:00-04:00,2.049999952316284,2.059999942779541,1.8200000524520874,1.9199999570846558,3748600,0.0,0.0
2023-05-09 00:00:00-04:00,1.9199999570846558,1.9199999570846558,1.7699999809265137,1.7999999523162842,2768800,0.0,0.0
2023-05-10 00:00:00-04:00,1.9500000476837158,2.190000057220459,1.899999976158142,2.1500000953674316,7645400,0.0,0.0
2023-05-11 00:00:00-04:00,2.0999999046325684,2.2139999866485596,2.009999990463257,2.1700000762939453,5528000,0.0,0.0
2023-05-12 00:00:00-04:00,2.180000066757202,2.5199999809265137,2.130000114440918,2.440000057220459,7292000,0.0,0.0
2023-05-15 00:00:00-04:00,2.0799999237060547,2.490000009536743,2.069999933242798,2.309999942779541,12578900,0.0,0.0
2023-05-16 00:00:00-04:00,2.299999952316284,2.4600000381469727,2.1500000953674316,2.180000066757202,5378300,0.0,0.0
2023-05-17 00:00:00-04:00,2.130000114440918,2.200000047683716,2.069999933242798,2.1500000953674316,4737800,0.0,0.0
2023-05-18 00:00:00-04:00,2.119999885559082,2.4200000762939453,2.0199999809265137,2.319999933242798,9773400,0.0,0.0
2023-05-19 00:00:00-04:00,2.319999933242798,2.4549999237060547,2.140000104904175,2.2100000381469727,15729000,0.0,0.0
2023-05-22 00:00:00-04:00,2.240000009536743,2.240000009536743,2.049999952316284,2.109999895095825,5442500,0.0,0.0
2023-05-23 00:00:00-04:00,2.109999895095825,2.2950000762939453,2.069999933242798,2.0799999237060547,5259100,0.0,0.0
2023-05-24 00:00:00-04:00,2.0999999046325684,2.119999885559082,1.940000057220459,1.9900000095367432,5379700,0.0,0.0
2023-05-25 00:00:00-04:00,2.0,2.0,1.840000033378601,1.8899999856948853,5923200,0.0,0.0
2023-05-26 00:00:00-04:00,1.899999976158142,1.975000023841858,1.7699999809265137,1.8899999856948853,3372700,0.0,0.0
2023-05-30 00:00:00-04:00,1.9800000190734863,2.130000114440918,1.9700000286102295,2.0799999237060547,3749300,0.0,0.0
2023-05-31 00:00:00-04:00,2.140000104904175,2.2200000286102295,2.0199999809265137,2.2100000381469727,4438700,0.0,0.0
2023-06-01 00:00:00-04:00,2.2300000190734863,2.4000000953674316,2.140000104904175,2.309999942779541,5550200,0.0,0.0
2023-06-02 00:00:00-04:00,2.319999933242798,2.444999933242798,2.119999885559082,2.430000066757202,5688800,0.0,0.0
2023-06-05 00:00:00-04:00,2.430000066757202,2.5799999237060547,2.375,2.430000066757202,4244400,0.0,0.0
2023-06-06 00:00:00-04:00,2.4200000762939453,2.615000009536743,2.2899999618530273,2.5899999141693115,4143400,0.0,0.0
2023-06-07 00:00:00-04:00,2.5999999046325684,2.930000066757202,2.5810000896453857,2.799999952316284,5403800,0.0,0.0
2023-06-08 00:00:00-04:00,2.740000009536743,2.9000000953674316,2.630000114440918,2.8399999141693115,5242000,0.0,0.0
2023-06-09 00:00:00-04:00,2.8499999046325684,2.890000104904175,2.7049999237060547,2.7100000381469727,4173300,0.0,0.0
2023-06-12 00:00:00-04:00,2.819999933242798,3.2200000286102295,2.799999952316284,2.990000009536743,11300500,0.0,0.0
2023-06-13 00:00:00-04:00,3.049999952316284,3.2899999618530273,3.0,3.200000047683716,6857100,0.0,0.0
2023-06-14 00:00:00-04:00,3.240000009536743,3.2699999809265137,2.880000114440918,3.1500000953674316,7157800,0.0,0.0
2023-06-15 00:00:00-04:00,3.0799999237060547,3.2799999713897705,3.049999952316284,3.2200000286102295,4445000,0.0,0.0
2023-06-16 00:00:00-04:00,3.190000057220459,3.4700000286102295,3.1500000953674316,3.3399999141693115,11929900,0.0,0.0
2023-06-20 00:00:00-04:00,3.25,3.309999942779541,2.9700000286102295,3.259999990463257,6790100,0.0,0.0
2023-06-21 00:00:00-04:00,3.240000009536743,3.5399999618530273,3.2100000381469727,3.509999990463257,6590200,0.0,0.0
2023-06-22 00:00:00-04:00,3.4600000381469727,3.75,3.2850000858306885,3.5999999046325684,6287600,0.0,0.0
2023-06-23 00:00:00-04:00,3.5799999237060547,3.805000066757202,3.2799999713897705,3.509999990463257,23766000,0.0,0.0
2023-06-26 00:00:00-04:00,3.5,4.21999979019165,3.359999895095825,4.059999942779541,9978000,0.0,0.0
2023-06-27 00:00:00-04:00,4.079999923706055,4.690000057220459,4.059999942779541,4.539999961853027,10930800,0.0,0.0
2023-06-28 00:00:00-04:00,4.610000133514404,5.139999866485596,4.570000171661377,5.03000020980835,12684000,0.0,0.0
2023-06-29 00:00:00-04:00,5.139999866485596,5.664999961853027,4.829999923706055,4.929999828338623,15724200,0.0,0.0
2023-06-30 00:00:00-04:00,4.784999847412109,4.820000171661377,3.8399999141693115,4.340000152587891,15362900,0.0,0.0
2023-07-03 00:00:00-04:00,4.420000076293945,4.559999942779541,4.159999847412109,4.340000152587891,4046700,0.0,0.0
2023-07-05 00:00:00-04:00,4.25,4.510000228881836,4.059999942779541,4.260000228881836,5334300,0.0,0.0
2023-07-06 00:00:00-04:00,4.159999847412109,4.170000076293945,3.8499999046325684,4.019999980926514,7681200,0.0,0.0
2023-07-07 00:00:00-04:00,4.050000190734863,4.610000133514404,4.019999980926514,4.539999961853027,7615200,0.0,0.0
2023-07-10 00:00:00-04:00,4.650000095367432,5.01800012588501,4.650000095367432,4.900000095367432,5990500,0.0,0.0
2023-07-11 00:00:00-04:00,4.809999942779541,4.809999942779541,4.190000057220459,4.650000095367432,6910900,0.0,0.0
2023-07-12 00:00:00-04:00,4.75,5.050000190734863,4.105000019073486,4.139999866485596,9140300,0.0,0.0
2023-07-13 00:00:00-04:00,4.199999809265137,4.260000228881836,3.7799999713897705,3.869999885559082,9535600,0.0,0.0
2023-07-14 00:00:00-04:00,3.8499999046325684,4.03000020980835,3.515000104904175,3.5999999046325684,8760100,0.0,0.0
2023-07-17 00:00:00-04:00,3.509999990463257,3.734999895095825,3.369999885559082,3.5799999237060547,6255900,0.0,0.0
2023-07-18 00:00:00-04:00,3.5999999046325684,4.139999866485596,3.509999990463257,3.5299999713897705,7834700,0.0,0.0
2023-07-19 00:00:00-04:00,3.5,3.8499999046325684,3.190000057220459,3.2799999713897705,13079300,0.0,0.0
2023-07-20 00:00:00-04:00,3.309999942779541,3.569999933242798,3.0999999046325684,3.1600000858306885,6883400,0.0,0.0
2023-07-21 00:00:00-04:00,3.180000066757202,3.305000066757202,2.9800000190734863,3.1500000953674316,6953500,0.0,0.0
2023-07-24 00:00:00-04:00,3.130000114440918,3.450000047683716,3.0,3.119999885559082,5412000,0.0,0.0
2023-07-25 00:00:00-04:00,3.109999895095825,3.2750000953674316,3.0999999046325684,3.180000066757202,4359000,0.0,0.0
2023-07-26 00:00:00-04:00,3.140000104904175,3.5399999618530273,3.130000114440918,3.4800000190734863,5602800,0.0,0.0
2023-07-27 00:00:00-04:00,3.5899999141693115,3.640000104904175,1.2400000095367432,2.6500000953674316,55814400,0.0,0.0
2023-07-28 00:00:00-04:00,2.240000009536743,2.4100000858306885,2.0299999713897705,2.259999990463257,16476100,0.0,0.0
2023-07-31 00:00:00-04:00,2.7200000286102295,2.890000104904175,2.440000057220459,2.4600000381469727,14818900,0.0,0.0
2023-08-01 00:00:00-04:00,2.4100000858306885,2.5799999237060547,2.309999942779541,2.559999942779541,5990400,0.0,0.0
2023-08-02 00:00:00-04:00,2.5399999618530273,2.6600000858306885,2.450000047683716,2.6500000953674316,6169600,0.0,0.0
2023-08-03 00:00:00-04:00,2.5999999046325684,2.7880001068115234,2.5250000953674316,2.549999952316284,5131900,0.0,0.0
2023-08-04 00:00:00-04:00,2.509999990463257,2.5899999141693115,2.4200000762939453,2.4600000381469727,4012300,0.0,0.0
2023-08-07 00:00:00-04:00,2.4600000381469727,2.4600000381469727,2.2200000286102295,2.25,5551500,0.0,0.0
2023-08-08 00:00:00-04:00,2.2200000286102295,2.3399999141693115,2.1600000858306885,2.309999942779541,4099900,0.0,0.0
2023-08-09 00:00:00-04:00,2.3499999046325684,2.3499999046325684,2.200000047683716,2.319999933242798,3615800,0.0,0.0
2023-08-10 00:00:00-04:00,2.299999952316284,2.369999885559082,2.2300000190734863,2.25,3241500,0.0,0.0
2023-08-11 00:00:00-04:00,2.2200000286102295,2.440000057220459,2.180000066757202,2.390000104904175,4160000,0.0,0.0
2023-08-14 00:00:00-04:00,2.4100000858306885,2.440000057220459,2.240000009536743,2.380000114440918,5027000,0.0,0.0
2023-08-15 00:00:00-04:00,2.450000047683716,2.9200000762939453,2.244999885559082,2.7799999713897705,12476300,0.0,0.0
2023-08-16 00:00:00-04:00,2.7200000286102295,3.1989998817443848,2.680000066757202,2.700000047683716,10259600,0.0,0.0
2023-08-17 00:00:00-04:00,2.7799999713897705,2.890000104904175,2.5899999141693115,2.630000114440918,6795600,0.0,0.0
2023-08-18 00:00:00-04:00,2.5899999141693115,3.0399999618530273,2.5299999713897705,2.990000009536743,10232800,0.0,0.0
2023-08-21 00:00:00-04:00,3.309999942779541,3.3499999046325684,2.950000047683716,3.180000066757202,13827700,0.0,0.0
2023-08-22 00:00:00-04:00,3.2200000286102295,3.2699999809265137,2.9549999237060547,3.109999895095825,6209100,0.0,0.0
2023-08-23 00:00:00-04:00,3.119999885559082,3.490000009536743,3.0799999237060547,3.2799999713897705,9631800,0.0,0.0
2023-08-24 00:00:00-04:00,3.5299999713897705,3.6700000762939453,2.950000047683716,3.0899999141693115,11760600,0.0,0.0
2023-08-25 00:00:00-04:00,3.1500000953674316,3.5299999713897705,3.049999952316284,3.509999990463257,6349300,0.0,0.0
2023-08-28 00:00:00-04:00,3.5,3.8299999237060547,3.3499999046325684,3.5399999618530273,8835400,0.0,0.0
2023-08-29 00:00:00-04:00,3.5399999618530273,3.75,3.2300000190734863,3.680000066757202,6158300,0.0,0.0
2023-08-30 00:00:00-04:00,3.740000009536743,3.7899999618530273,3.2899999618530273,3.369999885559082,6546000,0.0,0.0
2023-08-31 00:00:00-04:00,3.359999895095825,3.5199999809265137,3.25,3.25,14037800,0.0,0.0
2023-09-01 00:00:00-04:00,4.789999961853027,4.809999942779541,3.619999885559082,3.8499999046325684,56082100,0.0,0.0
2023-09-05 00:00:00-04:00,3.7100000381469727,4.184999942779541,3.299999952316284,3.4000000953674316,15138100,0.0,0.0
2023-09-06 00:00:00-04:00,3.390000104904175,3.509999990463257,2.5999999046325684,2.6700000762939453,16841500,0.0,0.0
2023-09-07 00:00:00-04:00,2.759999990463257,2.8450000286102295,2.430000066757202,2.809999942779541,11927800,0.0,0.0
2023-09-08 00:00:00-04:00,3.1500000953674316,3.1619999408721924,2.640000104904175,2.759999990463257,15898200,0.0,0.0
2023-09-11 00:00:00-04:00,2.7699999809265137,2.937999963760376,2.6500000953674316,2.740000009536743,12144700,0.0,0.0
2023-09-12 00:00:00-04:00,2.690000057220459,2.7799999713897705,2.561000108718872,2.640000104904175,5277600,0.0,0.0
2023-09-13 00:00:00-04:00,2.6500000953674316,2.694999933242798,2.5,2.5199999809265137,7203200,0.0,0.0
2023-09-14 00:00:00-04:00,2.5399999618530273,2.75,2.5,2.5999999046325684,6487100,0.0,0.0
2023-09-15 00:00:00-04:00,2.630000114440918,2.7300000190734863,2.4800000190734863,2.5899999141693115,8116900,0.0,0.0
2023-09-18 00:00:00-04:00,2.5799999237060547,2.5799999237060547,2.240000009536743,2.2799999713897705,10259200,0.0,0.0
2023-09-19 00:00:00-04:00,2.299999952316284,2.7049999237060547,2.2799999713897705,2.4000000953674316,15950100,0.0,0.0
2023-09-20 00:00:00-04:00,2.390000104904175,2.4000000953674316,2.130000114440918,2.140000104904175,9114700,0.0,0.0
2023-09-21 00:00:00-04:00,2.0299999713897705,2.359999895095825,2.0,2.240000009536743,11251700,0.0,0.0
2023-09-22 00:00:00-04:00,2.240000009536743,2.359999895095825,2.0999999046325684,2.2699999809265137,12205600,0.0,0.0
2023-09-25 00:00:00-04:00,2.2699999809265137,2.430000066757202,2.25,2.359999895095825,6247700,0.0,0.0
2023-09-26 00:00:00-04:00,2.3299999237060547,2.5250000953674316,2.299999952316284,2.3399999141693115,7194500,0.0,0.0
2023-09-27 00:00:00-04:00,2.359999895095825,2.430000066757202,2.0999999046325684,2.2049999237060547,6204800,0.0,0.0
2023-09-28 00:00:00-04:00,2.190000057220459,2.2899999618530273,2.119999885559082,2.240000009536743,6752400,0.0,0.0
2023-09-29 00:00:00-04:00,2.2200000286102295,2.319999933242798,2.0899999141693115,2.1500000953674316,5190800,0.0,0.0
2023-10-02 00:00:00-04:00,2.190000057220459,2.2300000190734863,2.109999895095825,2.2200000286102295,4049200,0.0,0.0
2023-10-03 00:00:00-04:00,2.1700000762939453,2.302999973297119,2.1500000953674316,2.2100000381469727,3890600,0.0,0.0
2023-10-04 00:00:00-04:00,2.2100000381469727,2.2300000190734863,2.0299999713897705,2.130000114440918,4964200,0.0,0.0
2023-10-05 00:00:00-04:00,2.119999885559082,2.1700000762939453,1.850000023841858,1.9299999475479126,7490600,0.0,0.0
2023-10-06 00:00:00-04:00,1.8899999856948853,2.1449999809265137,1.850000023841858,2.069999933242798,4685400,0.0,0.0
2023-10-09 00:00:00-04:00,2.0199999809265137,2.200000047683716,1.9600000381469727,2.049999952316284,5134700,0.0,0.0
2023-10-10 00:00:00-04:00,2.1500000953674316,2.2699999809265137,2.0959999561309814,2.1700000762939453,7271400,0.0,0.0
2023-10-11 00:00:00-04:00,2.200000047683716,2.259999990463257,2.0799999237060547,2.140000104904175,3502600,0.0,0.0
2023-10-12 00:00:00-04:00,2.119999885559082,2.130000114440918,1.8899999856948853,1.9049999713897705,4613700,0.0,0.0
2023-10-13 00:00:00-04:00,1.9199999570846558,1.9500000476837158,1.8200000524520874,1.8200000524520874,3876500,0.0,0.0
2023-10-16 00:00:00-04:00,1.8200000524520874,1.8600000143051147,1.7200000286102295,1.7899999618530273,5135300,0.0,0.0
2023-10-17 00:00:00-04:00,1.75,2.0250000953674316,1.75,1.9199999570846558,6414100,0.0,0.0
2023-10-18 00:00:00-04:00,1.9299999475479126,1.9299999475479126,1.7450000047683716,1.7799999713897705,5551300,0.0,0.0
2023-10-19 00:00:00-04:00,1.7999999523162842,1.7999999523162842,1.680999994277954,1.7200000286102295,4895000,0.0,0.0
2023-10-20 00:00:00-04:00,1.649999976158142,1.7400000095367432,1.559999942779541,1.649999976158142,6665900,0.0,0.0
2023-10-23 00:00:00-04:00,1.6200000047683716,1.690000057220459,1.4900000095367432,1.600000023841858,5242100,0.0,0.0
2023-10-24 00:00:00-04:00,1.600000023841858,1.690000057220459,1.5199999809265137,1.5800000429153442,4746200,0.0,0.0
2023-10-25 00:00:00-04:00,1.5499999523162842,1.6699999570846558,1.5149999856948853,1.5800000429153442,4502300,0.0,0.0
2023-10-26 00:00:00-04:00,1.559999942779541,1.6699999570846558,1.559999942779541,1.6299999952316284,3726800,0.0,0.0
2023-10-27 00:00:00-04:00,1.6299999952316284,1.7100000381469727,1.5299999713897705,1.5499999523162842,3110700,0.0,0.0
2023-10-30 00:00:00-04:00,1.5800000429153442,1.625,1.5,1.590000033378601,3532700,0.0,0.0
2023-10-31 00:00:00-04:00,1.600000023841858,1.7799999713897705,1.5700000524520874,1.7599999904632568,3921600,0.0,0.0
2023-11-01 00:00:00-04:00,1.7599999904632568,1.7999999523162842,1.6299999952316284,1.7000000476837158,2951500,0.0,0.0
2023-11-02 00:00:00-04:00,1.75,1.899999976158142,1.75,1.850000023841858,4221500,0.0,0.0
2023-11-03 00:00:00-04:00,1.9299999475479126,2.0899999141693115,1.9199999570846558,1.9700000286102295,4649700,0.0,0.0
2023-11-06 00:00:00-05:00,2.0899999141693115,2.0899999141693115,1.6799999475479126,1.7899999618530273,4985000,0.0,0.0
2023-11-07 00:00:00-05:00,1.7599999904632568,1.7599999904632568,1.2549999952316284,1.340000033378601,14186100,0.0,0.0
2023-11-08 00:00:00-05:00,1.2799999713897705,1.350000023841858,1.1200000047683716,1.2899999618530273,10981000,0.0,0.0
2023-11-09 00:00:00-05:00,1.309999942779541,1.4900000095367432,1.2649999856948853,1.3550000190734863,6858800,0.0,0.0
2023-11-10 00:00:00-05:00,1.340000033378601,1.350000023841858,1.2300000190734863,1.2799999713897705,3172200,0.0,0.0
2023-11-13 00:00:00-05:00,1.2899999618530273,1.2899999618530273,1.1699999570846558,1.1799999475479126,4213500,0.0,0.0
2023-11-14 00:00:00-05:00,1.2000000476837158,1.340000033378601,1.1699999570846558,1.2200000286102295,7929000,0.0,0.0
2023-11-15 00:00:00-05:00,1.2599999904632568,1.3600000143051147,1.190000057220459,1.2000000476837158,5844000,0.0,0.0
2023-11-16 00:00:00-05:00,1.2000000476837158,1.2599999904632568,1.1299999952316284,1.2100000381469727,3542000,0.0,0.0
2023-11-17 00:00:00-05:00,1.2200000286102295,1.2300000190734863,1.1399999856948853,1.1699999570846558,5226800,0.0,0.0
2023-11-20 00:00:00-05:00,1.1699999570846558,1.2100000381469727,1.1399999856948853,1.149999976158142,3173900,0.0,0.0
2023-11-21 00:00:00-05:00,1.1399999856948853,1.149999976158142,1.0700000524520874,1.1100000143051147,3647000,0.0,0.0
2023-11-22 00:00:00-05:00,1.1100000143051147,1.1399999856948853,1.0399999618530273,1.059999942779541,2958900,0.0,0.0
2023-11-24 00:00:00-05:00,1.0800000429153442,1.159999966621399,1.0420000553131104,1.100000023841858,1947900,0.0,0.0
2023-11-27 00:00:00-05:00,1.1100000143051147,1.1200000047683716,1.059999942779541,1.0800000429153442,2182400,0.0,0.0
2023-11-28 00:00:00-05:00,1.0800000429153442,1.090000033378601,1.0,1.0199999809265137,3564600,0.0,0.0
2023-11-29 00:00:00-05:00,1.0199999809265137,1.1299999952316284,1.0199999809265137,1.1100000143051147,4471200,0.0,0.0
2023-11-30 00:00:00-05:00,1.1299999952316284,1.1399999856948853,1.059999942779541,1.100000023841858,2432400,0.0,0.0
2023-12-01 00:00:00-05:00,1.100000023841858,1.1699999570846558,1.059999942779541,1.159999966621399,5353000,0.0,0.0
2023-12-04 00:00:00-05:00,1.1100000143051147,1.2599999904632568,1.100000023841858,1.190000057220459,4573500,0.0,0.0
2023-12-05 00:00:00-05:00,1.25,1.2999999523162842,1.1200000047683716,1.1399999856948853,6651100,0.0,0.0
2023-12-06 00:00:00-05:00,1.149999976158142,1.159999966621399,0.9700000286102295,1.100000023841858,9353100,0.0,0.0
2023-12-07 00:00:00-05:00,1.0800000429153442,1.125,1.0700000524520874,1.0950000286102295,2631600,0.0,0.0
2023-12-08 00:00:00-05:00,1.090000033378601,1.2400000095367432,1.059999942779541,1.2200000286102295,4375000,0.0,0.0
2023-12-11 00:00:00-05:00,1.2400000095367432,1.309999942779541,1.1150000095367432,1.2000000476837158,9074700,0.0,0.0
2023-12-12 00:00:00-05:00,1.2000000476837158,1.2000000476837158,0.925000011920929,1.1200000047683716,12818900,0.0,0.0
2023-12-13 00:00:00-05:00,1.1799999475479126,1.5299999713897705,1.149999976158142,1.4800000190734863,16782600,0.0,0.0
2023-12-14 00:00:00-05:00,1.5299999713897705,1.7599999904632568,1.5299999713897705,1.6799999475479126,11425000,0.0,0.0
2023-12-15 00:00:00-05:00,1.1299999952316284,1.1399999856948853,1.0099999904632568,1.1299999952316284,43252100,0.0,0.0
2023-12-18 00:00:00-05:00,1.1299999952316284,1.1299999952316284,1.100000023841858,1.1200000047683716,7460400,0.0,0.0
2023-12-19 00:00:00-05:00,1.1200000047683716,1.149999976158142,1.090000033378601,1.1299999952316284,6194600,0.0,0.0
2023-12-20 00:00:00-05:00,1.1200000047683716,1.149999976158142,1.0700000524520874,1.100000023841858,6641700,0.0,0.0
2023-12-21 00:00:00-05:00,1.1399999856948853,1.2000000476837158,1.100000023841858,1.1100000143051147,5910900,0.0,0.0
2023-12-22 00:00:00-05:00,1.100000023841858,1.2100000381469727,1.0950000286102295,1.1699999570846558,8139600,0.0,0.0
2023-12-26 00:00:00-05:00,1.1799999475479126,1.2699999809265137,1.1799999475479126,1.2100000381469727,4923000,0.0,0.0
2023-12-27 00:00:00-05:00,1.2100000381469727,1.2200000286102295,1.1200000047683716,1.1299999952316284,6830300,0.0,0.0
2023-12-28 00:00:00-05:00,1.159999966621399,1.190000057220459,1.1200000047683716,1.1549999713897705,9393500,0.0,0.0
2023-12-29 00:00:00-05:00,1.1399999856948853,1.2100000381469727,1.0700000524520874,1.090000033378601,8360900,0.0,0.0
2024-01-02 00:00:00-05:00,1.1100000143051147,1.1399999856948853,1.0399999618530273,1.0499999523162842,4928100,0.0,0.0
2024-01-03 00:00:00-05:00,1.0499999523162842,1.065000057220459,0.949999988079071,0.9950000047683716,15331200,0.0,0.0
2024-01-04 00:00:00-05:00,1.0,1.0199999809265137,0.9399999976158142,0.949999988079071,8771100,0.0,0.0
2024-01-05 00:00:00-05:00,0.9649999737739563,1.0099999904632568,0.921999990940094,0.9409999847412109,5716500,0.0,0.0
2024-01-08 00:00:00-05:00,0.949999988079071,0.9990000128746033,0.9100000262260437,0.9980000257492065,4143000,0.0,0.0
2024-01-09 00:00:00-05:00,1.0,1.00600004196167,0.9300000071525574,0.949999988079071,4245000,0.0,0.0
2024-01-10 00:00:00-05:00,0.9639999866485596,0.9639999866485596,0.9110000133514404,0.9259999990463257,3853100,0.0,0.0
2024-01-11 00:00:00-05:00,0.9300000071525574,0.9300000071525574,0.8600000143051147,0.8709999918937683,6951700,0.0,0.0
2024-01-12 00:00:00-05:00,0.890999972820282,0.8980000019073486,0.7879999876022339,0.7889999747276306,8349000,0.0,0.0
2024-01-16 00:00:00-05:00,0.800000011920929,0.8100000023841858,0.7599999904632568,0.7720000147819519,4587100,0.0,0.0
2024-01-17 00:00:00-05:00,0.8009999990463257,0.8949999809265137,0.7250000238418579,0.8880000114440918,12177300,0.0,0.0
2024-01-18 00:00:00-05:00,0.9200000166893005,0.949999988079071,0.8309999704360962,0.8880000114440918,3708800,0.0,0.0
2024-01-19 00:00:00-05:00,0.8849999904632568,0.9300000071525574,0.8510000109672546,0.921999990940094,4207500,0.0,0.0
2024-01-22 00:00:00-05:00,0.9610000252723694,1.090000033378601,0.9330000281333923,1.0499999523162842,6218100,0.0,0.0
2024-01-23 00:00:00-05:00,1.0800000429153442,1.100000023841858,1.0399999618530273,1.0800000429153442,3715700,0.0,0.0
2024-01-24 00:00:00-05:00,1.100000023841858,1.100000023841858,0.9700000286102295,0.9909999966621399,4463900,0.0,0.0
2024-01-25 00:00:00-05:00,0.984000027179718,1.0800000429153442,0.9700000286102295,1.0800000429153442,3056400,0.0,0.0
2024-01-26 00:00:00-05:00,1.0800000429153442,1.1399999856948853,1.0299999713897705,1.0399999618530273,2847300,0.0,0.0
2024-01-29 00:00:00-05:00,1.0499999523162842,1.1399999856948853,1.0149999856948853,1.1399999856948853,4198900,0.0,0.0
2024-01-30 00:00:00-05:00,1.1399999856948853,1.1699999570846558,1.0800000429153442,1.149999976158142,3851000,0.0,0.0
2024-01-31 00:00:00-05:00,1.1399999856948853,1.2000000476837158,1.100000023841858,1.1100000143051147,8131200,0.0,0.0
2024-02-01 00:00:00-05:00,1.1399999856948853,1.2699999809265137,1.100000023841858,1.25,8607800,0.0,0.0
2024-02-02 00:00:00-05:00,1.2300000190734863,1.2599999904632568,1.1699999570846558,1.2100000381469727,4864400,0.0,0.0
2024-02-05 00:00:00-05:00,1.2200000286102295,1.2450000047683716,1.1299999952316284,1.1799999475479126,5504700,0.0,0.0
2024-02-06 00:00:00-05:00,1.1699999570846558,1.2100000381469727,1.149999976158142,1.1799999475479126,2020200,0.0,0.0
2024-02-07 00:00:00-05:00,1.2000000476837158,1.2300000190734863,1.1299999952316284,1.1399999856948853,3327300,0.0,0.0
2024-02-08 00:00:00-05:00,1.159999966621399,1.25,1.149999976158142,1.2200000286102295,4999300,0.0,0.0
2024-02-09 00:00:00-05:00,1.25,1.25,1.149999976158142,1.159999966621399,3086000,0.0,0.0
2024-02-12 00:00:00-05:00,1.159999966621399,1.2100000381469727,1.1100000143051147,1.1299999952316284,5029800,0.0,0.0
2024-02-13 00:00:00-05:00,1.0800000429153442,1.1200000047683716,0.9800000190734863,0.9879999756813049,8511900,0.0,0.0
2024-02-14 00:00:00-05:00,1.0499999523162842,1.0499999523162842,0.9850000143051147,1.0199999809265137,5425800,0.0,0.0
2024-02-15 00:00:00-05:00,1.0299999713897705,1.059999942779541,1.0,1.0299999713897705,3288100,0.0,0.0
2024-02-16 00:00:00-05:00,1.0299999713897705,1.0399999618530273,0.9150000214576721,0.9549999833106995,11580700,0.0,0.0
2024-02-20 00:00:00-05:00,0.9589999914169312,0.996999979019165,0.9409999847412109,0.9610000252723694,7107200,0.0,0.0
2024-02-21 00:00:00-05:00,0.9800000190734863,0.9800000190734863,0.9210000038146973,0.9279999732971191,3900200,0.0,0.0
2024-02-22 00:00:00-05:00,0.9269999861717224,0.9419999718666077,0.8500000238418579,0.8999999761581421,5362500,0.0,0.0
2024-02-23 00:00:00-05:00,0.8999999761581421,0.9589999914169312,0.8619999885559082,0.9399999976158142,4087600,0.0,0.0
2024-02-26 00:00:00-05:00,0.9779999852180481,1.0199999809265137,0.949999988079071,0.9769999980926514,4623900,0.0,0.0
2024-02-27 00:00:00-05:00,1.0,1.0199999809265137,0.9599999785423279,0.9879999756813049,3055300,0.0,0.0
2024-02-28 00:00:00-05:00,0.984000027179718,1.0099999904632568,0.9520000219345093,0.9940000176429749,2748200,0.0,0.0
2024-02-29 00:00:00-05:00,1.0,1.0299999713897705,0.9399999976158142,0.9520000219345093,3550500,0.0,0.0
2024-03-01 00:00:00-05:00,0.9760000109672546,1.0399999618530273,0.9409999847412109,1.0199999809265137,3696600,0.0,0.0
2024-03-04 00:00:00-05:00,1.0499999523162842,1.0700000524520874,1.0,1.0099999904632568,5221500,0.0,0.0
2024-03-05 00:00:00-05:00,1.0399999618530273,1.2200000286102295,1.0299999713897705,1.0800000429153442,12554400,0.0,0.0
2024-03-06 00:00:00-05:00,1.100000023841858,1.1699999570846558,1.0700000524520874,1.1100000143051147,5573500,0.0,0.0
2024-03-07 00:00:00-05:00,1.1399999856948853,1.1449999809265137,1.0499999523162842,1.0700000524520874,3623500,0.0,0.0
2024-03-08 00:00:00-05:00,1.100000023841858,1.159999966621399,1.0199999809265137,1.0399999618530273,5466400,0.0,0.0
2024-03-11 00:00:00-04:00,1.0499999523162842,1.100000023841858,0.9369999766349792,0.9559999704360962,6163400,0.0,0.0
2024-03-12 00:00:00-04:00,0.972000002861023,1.0199999809265137,0.9300000071525574,1.0,3888400,0.0,0.0
2024-03-13 00:00:00-04:00,1.0,1.059999942779541,0.9810000061988831,1.0,3338300,0.0,0.0
2024-03-14 00:00:00-04:00,1.0,1.0199999809265137,0.9620000123977661,0.9950000047683716,5017700,0.0,0.0
2024-03-15 00:00:00-04:00,0.9900000095367432,1.0800000429153442,0.9900000095367432,0.9959999918937683,8659300,0.0,0.0
2024-03-18 00:00:00-04:00,1.0299999713897705,1.0299999713897705,0.9399999976158142,0.9649999737739563,4216000,0.0,0.0
2024-03-19 00:00:00-04:00,0.9570000171661377,1.0299999713897705,0.9559999704360962,0.9980000257492065,4931500,0.0,0.0
2024-03-20 00:00:00-04:00,1.0,1.034999966621399,0.9700000286102295,1.0199999809265137,3583200,0.0,0.0
2024-03-21 00:00:00-04:00,1.0,1.0800000429153442,0.9810000061988831,1.0399999618530273,5496200,0.0,0.0
2024-03-22 00:00:00-04:00,1.059999942779541,1.059999942779541,0.9909999966621399,1.0,3586000,0.0,0.0
2024-03-25 00:00:00-04:00,0.9900000095367432,1.0199999809265137,0.9800000190734863,0.9959999918937683,2658300,0.0,0.0
2024-03-26 00:00:00-04:00,0.9900000095367432,1.0099999904632568,0.9509999752044678,0.9710000157356262,3378600,0.0,0.0
2024-03-27 00:00:00-04:00,0.9879999756813049,1.059999942779541,0.9829999804496765,1.0299999713897705,6240900,0.0,0.0
2024-03-28 00:00:00-04:00,1.0199999809265137,1.090000033378601,1.0149999856948853,1.0299999713897705,3635900,0.0,0.0
2024-04-01 00:00:00-04:00,1.0950000286102295,1.1200000047683716,0.9760000109672546,0.9940000176429749,10579800,0.0,0.0
2024-04-02 00:00:00-04:00,0.9700000286102295,1.0099999904632568,0.9300000071525574,0.9860000014305115,3926800,0.0,0.0
2024-04-03 00:00:00-04:00,0.9779999852180481,0.9800000190734863,0.9399999976158142,0.9629999995231628,3522700,0.0,0.0
2024-04-04 00:00:00-04:00,0.9599999785423279,1.0099999904632568,0.9399999976158142,0.984000027179718,5288700,0.0,0.0
2024-04-05 00:00:00-04:00,1.0,1.0099999904632568,0.9559999704360962,1.0099999904632568,3323400,0.0,0.0
2024-04-08 00:00:00-04:00,1.0099999904632568,1.0390000343322754,0.9710000157356262,0.9950000047683716,3239300,0.0,0.0
2024-04-09 00:00:00-04:00,0.9890000224113464,1.0199999809265137,0.9110000133514404,0.9369999766349792,6438100,0.0,0.0
2024-04-10 00:00:00-04:00,0.9300000071525574,0.9459999799728394,0.8799999952316284,0.9100000262260437,5308800,0.0,0.0
2024-04-11 00:00:00-04:00,0.9200000166893005,0.9589999914169312,0.8999999761581421,0.9210000038146973,7140100,0.0,0.0
2024-04-12 00:00:00-04:00,0.9160000085830688,0.9549999833106995,0.8510000109672546,0.8830000162124634,7593100,0.0,0.0
2024-04-15 00:00:00-04:00,0.8809999823570251,0.9100000262260437,0.7910000085830688,0.8320000171661377,6690100,0.0,0.0
2024-04-16 00:00:00-04:00,0.8479999899864197,0.8560000061988831,0.800000011920929,0.8109999895095825,4400900,0.0,0.0
2024-04-17 00:00:00-04:00,0.8299999833106995,0.8410000205039978,0.7950000166893005,0.8240000009536743,3373200,0.0,0.0
2024-04-18 00:00:00-04:00,0.8399999737739563,0.8399999737739563,0.7609999775886536,0.7699999809265137,3529400,0.0,0.0
2024-04-19 00:00:00-04:00,0.7699999809265137,0.796999990940094,0.7300000190734863,0.7400000095367432,4513400,0.0,0.0
2024-04-22 00:00:00-04:00,0.7519999742507935,0.7799999713897705,0.699999988079071,0.7710000276565552,5548500,0.0,0.0
2024-04-23 00:00:00-04:00,0.7519999742507935,0.8389999866485596,0.7210000157356262,0.7670000195503235,5519600,0.0,0.0
2024-04-24 00:00:00-04:00,0.7900000214576721,0.7900000214576721,0.7009999752044678,0.7599999904632568,4143600,0.0,0.0
2024-04-25 00:00:00-04:00,0.7429999709129333,0.7699999809265137,0.7049999833106995,0.7480000257492065,4050000,0.0,0.0
2024-04-26 00:00:00-04:00,0.75,0.8299999833106995,0.7200000286102295,0.8059999942779541,3297200,0.0,0.0
2024-04-29 00:00:00-04:00,0.8100000023841858,0.8650000095367432,0.7459999918937683,0.7900000214576721,3950300,0.0,0.0
2024-04-30 00:00:00-04:00,0.7919999957084656,0.7919999957084656,0.7409999966621399,0.7730000019073486,2510400,0.0,0.0
2024-05-01 00:00:00-04:00,0.7649999856948853,0.7799999713897705,0.6430000066757202,0.6549999713897705,10360000,0.0,0.0
2024-05-02 00:00:00-04:00,0.6819999814033508,0.7179999947547913,0.6579999923706055,0.6909999847412109,6426000,0.0,0.0
2024-05-03 00:00:00-04:00,0.7310000061988831,0.7599999904632568,0.699999988079071,0.7440000176429749,6484300,0.0,0.0
2024-05-06 00:00:00-04:00,0.7599999904632568,0.777999997138977,0.7120000123977661,0.7300000190734863,3703800,0.0,0.0
2024-05-07 00:00:00-04:00,0.7229999899864197,0.734000027179718,0.6600000262260437,0.6610000133514404,4706600,0.0,0.0
2024-05-08 00:00:00-04:00,0.6600000262260437,0.6620000004768372,0.6100000143051147,0.6449999809265137,6515200,0.0,0.0
2024-05-09 00:00:00-04:00,0.6460000276565552,0.6859999895095825,0.6200000047683716,0.6779999732971191,3731800,0.0,0.0
2024-05-10 00:00:00-04:00,0.6830000281333923,0.7379999756813049,0.6510000228881836,0.7250000238418579,8860600,0.0,0.0
2024-05-13 00:00:00-04:00,0.7379999756813049,0.753000020980835,0.7020000219345093,0.7200000286102295,6156100,0.0,0.0
2024-05-14 00:00:00-04:00,0.75,0.8700000047683716,0.75,0.8199999928474426,11381400,0.0,0.0
2024-05-15 00:00:00-04:00,0.8149999976158142,0.8199999928474426,0.7229999899864197,0.7229999899864197,8522400,0.0,0.0
2024-05-16 00:00:00-04:00,0.7400000095367432,0.7749999761581421,0.7020000219345093,0.7059999704360962,4557300,0.0,0.0
2024-05-17 00:00:00-04:00,0.7329999804496765,0.781000018119812,0.6909999847412109,0.7139999866485596,19244900,0.0,0.0
2024-05-20 00:00:00-04:00,0.7110000252723694,0.7369999885559082,0.6809999942779541,0.7170000076293945,4470600,0.0,0.0
2024-05-21 00:00:00-04:00,0.7129999995231628,0.7260000109672546,0.6899999976158142,0.7009999752044678,2498700,0.0,0.0
2024-05-22 00:00:00-04:00,0.7070000171661377,0.7490000128746033,0.6919999718666077,0.7279999852180481,5251400,0.0,0.0
2024-05-23 00:00:00-04:00,0.7210000157356262,0.7279999852180481,0.6859999895095825,0.6940000057220459,3697500,0.0,0.0
2024-05-24 00:00:00-04:00,0.699999988079071,0.7200000286102295,0.6899999976158142,0.7089999914169312,3042600,0.0,0.0
2024-05-28 00:00:00-04:00,0.7129999995231628,0.7279999852180481,0.699999988079071,0.699999988079071,4203200,0.0,0.0
2024-05-29 00:00:00-04:00,0.699999988079071,0.7139999866485596,0.6819999814033508,0.7020000219345093,3670300,0.0,0.0
2024-05-30 00:00:00-04:00,0.7099999785423279,0.75,0.7009999752044678,0.7319999933242798,4821900,0.0,0.0
2024-05-31 00:00:00-04:00,0.7300000190734863,0.7440000176429749,0.6990000009536743,0.7120000123977661,5875400,0.0,0.0
2024-06-03 00:00:00-04:00,0.7310000061988831,0.7670000195503235,0.699999988079071,0.7369999885559082,5239000,0.0,0.0
2024-06-04 00:00:00-04:00,0.7300000190734863,0.7300000190734863,0.6949999928474426,0.7039999961853027,5107200,0.0,0.0
2024-06-05 00:00:00-04:00,0.7099999785423279,0.7110000252723694,0.6909999847412109,0.7020000219345093,2593300,0.0,0.0
2024-06-06 00:00:00-04:00,0.6859999895095825,0.7049999833106995,0.6579999923706055,0.6899999976158142,3529800,0.0,0.0
2024-06-07 00:00:00-04:00,0.6899999976158142,0.7009999752044678,0.675000011920929,0.6850000023841858,2059400,0.0,0.0
2024-06-10 00:00:00-04:00,0.699999988079071,0.800000011920929,0.6850000023841858,0.7919999957084656,7051600,0.0,0.0
2024-06-11 00:00:00-04:00,0.7900000214576721,0.9190000295639038,0.7609999775886536,0.8899999856948853,7352700,0.0,0.0
2024-06-12 00:00:00-04:00,0.9200000166893005,0.9900000095367432,0.8700000047683716,0.9200000166893005,9837600,0.0,0.0
2024-06-13 00:00:00-04:00,0.9399999976158142,0.9480000138282776,0.8899999856948853,0.9390000104904175,2790300,0.0,0.0
2024-06-14 00:00:00-04:00,0.9380000233650208,0.9380000233650208,0.8009999990463257,0.8140000104904175,5231500,0.0,0.0
2024-06-17 00:00:00-04:00,0.8159999847412109,0.828000009059906,0.7400000095367432,0.7639999985694885,8609600,0.0,0.0
2024-06-18 00:00:00-04:00,0.7900000214576721,0.8190000057220459,0.7599999904632568,0.7879999876022339,4449600,0.0,0.0
2024-06-20 00:00:00-04:00,0.7900000214576721,0.9300000071525574,0.7720000147819519,0.9150000214576721,6164100,0.0,0.0
2024-06-21 00:00:00-04:00,0.9150000214576721,0.9539999961853027,0.8510000109672546,0.8560000061988831,11556000,0.0,0.0
2024-06-24 00:00:00-04:00,0.9800000190734863,1.159999966621399,0.9599999785423279,1.0499999523162842,43377600,0.0,0.0
2024-06-25 00:00:00-04:00,1.0499999523162842,1.340000033378601,1.0,1.3200000524520874,17819400,0.0,0.0
2024-06-26 00:00:00-04:00,1.340000033378601,1.4900000095367432,1.2799999713897705,1.2799999713897705,13357200,0.0,0.0
2024-06-27 00:00:00-04:00,1.2899999618530273,1.3700000047683716,1.149999976158142,1.3600000143051147,16326100,0.0,0.0
2024-06-28 00:00:00-04:00,1.3680000305175781,1.409999966621399,1.2699999809265137,1.2699999809265137,20424000,0.0,0.0
2024-07-01 00:00:00-04:00,1.3700000047683716,1.5399999618530273,1.3700000047683716,1.4600000381469727,14133900,0.0,0.0
2024-07-02 00:00:00-04:00,1.5099999904632568,1.6200000047683716,1.399999976158142,1.5499999523162842,10556200,0.0,0.0
2024-07-03 00:00:00-04:00,1.600000023841858,1.784999966621399,1.5609999895095825,1.7699999809265137,7525200,0.0,0.0
2024-07-05 00:00:00-04:00,1.7999999523162842,2.0299999713897705,1.7599999904632568,1.9199999570846558,18580600,0.0,0.0
2024-07-08 00:00:00-04:00,2.0399999618530273,2.0799999237060547,1.840000033378601,1.940000057220459,13708000,0.0,0.0
2024-07-09 00:00:00-04:00,1.899999976158142,1.9600000381469727,1.7699999809265137,1.9199999570846558,8288600,0.0,0.0
2024-07-10 00:00:00-04:00,1.9199999570846558,2.059999942779541,1.8600000143051147,2.059999942779541,8430500,0.0,0.0
2024-07-11 00:00:00-04:00,2.125,2.2200000286102295,2.0799999237060547,2.119999885559082,8749200,0.0,0.0
2024-07-12 00:00:00-04:00,2.119999885559082,2.3299999237060547,2.119999885559082,2.309999942779541,9958300,0.0,0.0
2024-07-15 00:00:00-04:00,2.4000000953674316,2.4100000858306885,2.0299999713897705,2.059999942779541,12751900,0.0,0.0
2024-07-16 00:00:00-04:00,2.0199999809265137,2.174999952316284,1.7599999904632568,1.9500000476837158,20154600,0.0,0.0
2024-07-17 00:00:00-04:00,1.850000023841858,2.0399999618530273,1.840000033378601,1.9600000381469727,8798000,0.0,0.0
2024-07-18 00:00:00-04:00,1.9450000524520874,2.049999952316284,1.7949999570846558,1.8600000143051147,9398100,0.0,0.0
2024-07-19 00:00:00-04:00,1.8600000143051147,1.934999942779541,1.7699999809265137,1.899999976158142,5467800,0.0,0.0
2024-07-22 00:00:00-04:00,1.909999966621399,1.9500000476837158,1.7999999523162842,1.8700000047683716,6033300,0.0,0.0
2024-07-23 00:00:00-04:00,1.850000023841858,1.8650000095367432,1.7050000429153442,1.7200000286102295,9350900,0.0,0.0
2024-07-24 00:00:00-04:00,1.7100000381469727,1.8600000143051147,1.649999976158142,1.850000023841858,8615300,0.0,0.0
2024-07-25 00:00:00-04:00,1.850000023841858,1.9700000286102295,1.7200000286102295,1.7400000095367432,8818900,0.0,0.0
2024-07-26 00:00:00-04:00,1.7599999904632568,1.8600000143051147,1.7519999742507935,1.7999999523162842,3735200,0.0,0.0
2024-07-29 00:00:00-04:00,1.7999999523162842,1.8300000429153442,1.7300000190734863,1.7899999618530273,3000200,0.0,0.0
2024-07-30 00:00:00-04:00,1.75,1.8890000581741333,1.75,1.8300000429153442,3248100,0.0,0.0
2024-07-31 00:00:00-04:00,1.8300000429153442,2.0199999809265137,1.815000057220459,1.9700000286102295,5709300,0.0,0.0
2024-08-01 00:00:00-04:00,2.049999952316284,2.049999952316284,1.75,1.8200000524520874,8607000,0.0,0.0
2024-08-02 00:00:00-04:00,1.7200000286102295,1.850000023841858,1.6399999856948853,1.8300000429153442,5474200,0.0,0.0
2024-08-05 00:00:00-04:00,1.6100000143051147,1.809999942779541,1.5149999856948853,1.7899999618530273,7763500,0.0,0.0
2024-08-06 00:00:00-04:00,1.7799999713897705,1.8200000524520874,1.7300000190734863,1.7799999713897705,3713000,0.0,0.0
2024-08-07 00:00:00-04:00,1.649999976158142,1.7200000286102295,1.440000057220459,1.4450000524520874,12193200,0.0,0.0
2024-08-08 00:00:00-04:00,1.4800000190734863,1.4800000190734863,1.3949999809265137,1.409999966621399,6425300,0.0,0.0
2024-08-09 00:00:00-04:00,1.409999966621399,1.5299999713897705,1.399999976158142,1.5199999809265137,5131000,0.0,0.0
2024-08-12 00:00:00-04:00,1.5800000429153442,1.7079999446868896,1.5399999618530273,1.6799999475479126,7466800,0.0,0.0
2024-08-13 00:00:00-04:00,1.6699999570846558,1.7799999713897705,1.6200000047683716,1.7799999713897705,4334900,0.0,0.0
2024-08-14 00:00:00-04:00,1.809999942779541,1.8300000429153442,1.715000033378601,1.7999999523162842,4213900,0.0,0.0
2024-08-15 00:00:00-04:00,1.7999999523162842,1.899999976158142,1.7699999809265137,1.8799999952316284,4780900,0.0,0.0
2024-08-16 00:00:00-04:00,1.9049999713897705,2.0299999713897705,1.8799999952316284,1.9299999475479126,5678600,0.0,0.0
2024-08-19 00:00:00-04:00,1.9199999570846558,2.0399999618530273,1.899999976158142,1.9800000190734863,3819900,0.0,0.0
2024-08-20 00:00:00-04:00,1.9900000095367432,2.0199999809265137,1.8200000524520874,1.8899999856948853,4697300,0.0,0.0
2024-08-21 00:00:00-04:00,1.9800000190734863,2.430000066757202,1.9700000286102295,2.390000104904175,20088500,0.0,0.0
2024-08-22 00:00:00-04:00,2.359999895095825,2.549999952316284,2.2699999809265137,2.4200000762939453,10674900,0.0,0.0
2024-08-23 00:00:00-04:00,2.4100000858306885,2.509999990463257,2.3399999141693115,2.359999895095825,6457100,0.0,0.0
2024-08-26 00:00:00-04:00,2.359999895095825,2.4149999618530273,2.2750000953674316,2.3399999141693115,4792100,0.0,0.0
2024-08-27 00:00:00-04:00,2.2799999713897705,2.315000057220459,2.1600000858306885,2.299999952316284,6241900,0.0,0.0
2024-08-28 00:00:00-04:00,2.2899999618530273,2.309999942779541,2.1600000858306885,2.190000057220459,3912000,0.0,0.0
2024-08-29 00:00:00-04:00,2.319999933242798,2.809999942779541,2.2799999713897705,2.7699999809265137,24764300,0.0,0.0
2024-08-30 00:00:00-04:00,2.759999990463257,2.809999942779541,2.5450000762939453,2.6700000762939453,11200200,0.0,0.0
2024-09-03 00:00:00-04:00,2.640000104904175,2.7049999237060547,2.4100000858306885,2.4600000381469727,8338700,0.0,0.0
2024-09-04 00:00:00-04:00,2.450000047683716,2.569999933242798,2.359999895095825,2.440000057220459,5429300,0.0,0.0
2024-09-05 00:00:00-04:00,2.440000057220459,2.509999990463257,2.309999942779541,2.3299999237060547,5084000,0.0,0.0
2024-09-06 00:00:00-04:00,2.299999952316284,2.369999885559082,2.1600000858306885,2.1700000762939453,5698300,0.0,0.0
2024-09-09 00:00:00-04:00,2.180000066757202,2.2899999618530273,2.0999999046325684,2.130000114440918,4643800,0.0,0.0
2024-09-10 00:00:00-04:00,2.130000114440918,2.450000047683716,2.1050000190734863,2.390000104904175,6200800,0.0,0.0
2024-09-11 00:00:00-04:00,2.4200000762939453,2.5899999141693115,2.309999942779541,2.5799999237060547,5889700,0.0,0.0
2024-09-12 00:00:00-04:00,2.619999885559082,2.6500000953674316,2.5,2.6500000953674316,5159300,0.0,0.0
2024-09-13 00:00:00-04:00,2.6600000858306885,2.7799999713897705,2.5799999237060547,2.7300000190734863,6622000,0.0,0.0
2024-09-16 00:00:00-04:00,2.7200000286102295,2.7899999618530273,2.5299999713897705,2.75,7749100,0.0,0.0
2024-09-17 00:00:00-04:00,2.75,2.7699999809265137,2.4700000286102295,2.5299999713897705,8181400,0.0,0.0
2024-09-18 00:00:00-04:00,2.509999990463257,2.609999895095825,2.430000066757202,2.450000047683716,5499800,0.0,0.0
2024-09-19 00:00:00-04:00,2.5299999713897705,2.5399999618530273,2.369999885559082,2.4000000953674316,5925200,0.0,0.0
2024-09-20 00:00:00-04:00,2.3499999046325684,2.4100000858306885,2.2799999713897705,2.390000104904175,8382900,0.0,0.0
2024-09-23 00:00:00-04:00,2.4200000762939453,2.5199999809265137,2.3299999237060547,2.4700000286102295,4046100,0.0,0.0
2024-09-24 00:00:00-04:00,2.5299999713897705,2.6500000953674316,2.369999885559082,2.5799999237060547,6303700,0.0,0.0
2024-09-25 00:00:00-04:00,2.5899999141693115,2.630000114440918,2.450000047683716,2.4800000190734863,3967100,0.0,0.0
2024-09-26 00:00:00-04:00,2.5,2.619999885559082,2.4609999656677246,2.5899999141693115,4124400,0.0,0.0
2024-09-27 00:00:00-04:00,2.619999885559082,2.700000047683716,2.569999933242798,2.619999885559082,7662300,0.0,0.0
2024-09-30 00:00:00-04:00,2.619999885559082,2.9800000190734863,2.569999933242798,2.9700000286102295,10733300,0.0,0.0
2024-10-01 00:00:00-04:00,2.9600000381469727,3.069999933242798,2.759999990463257,2.890000104904175,12181800,0.0,0.0
2024-10-02 00:00:00-04:00,2.9200000762939453,2.997999906539917,2.809999942779541,2.9600000381469727,4960000,0.0,0.0
2024-10-03 00:00:00-04:00,2.950000047683716,3.200000047683716,2.869999885559082,3.180000066757202,8264000,0.0,0.0
2024-10-04 00:00:00-04:00,3.180000066757202,3.2699999809265137,3.0899999141693115,3.130000114440918,5887400,0.0,0.0
2024-10-07 00:00:00-04:00,3.0899999141693115,3.299999952316284,3.009999990463257,3.259999990463257,7025700,0.0,0.0
2024-10-08 00:00:00-04:00,3.25,3.2699999809265137,3.0799999237060547,3.1500000953674316,4249500,0.0,0.0
2024-10-09 00:00:00-04:00,3.180000066757202,3.2300000190734863,2.9200000762939453,2.9700000286102295,6568100,0.0,0.0
2024-10-10 00:00:00-04:00,2.940000057220459,2.9749999046325684,2.7899999618530273,2.9000000953674316,5481100,0.0,0.0
2024-10-11 00:00:00-04:00,2.819999933242798,3.180000066757202,2.819999933242798,3.140000104904175,4398900,0.0,0.0
2024-10-14 00:00:00-04:00,3.109999895095825,3.1700000762939453,3.0399999618530273,3.1600000858306885,3590500,0.0,0.0
2024-10-15 00:00:00-04:00,3.1500000953674316,3.359999895095825,3.130000114440918,3.359999895095825,6502400,0.0,0.0
2024-10-16 00:00:00-04:00,3.5199999809265137,3.6600000858306885,3.359999895095825,3.450000047683716,10304400,0.0,0.0
2024-10-17 00:00:00-04:00,3.4000000953674316,3.549999952316284,2.9100000858306885,3.319999933242798,15257400,0.0,0.0
2024-10-18 00:00:00-04:00,3.2899999618530273,3.3550000190734863,3.240000009536743,3.240000009536743,4425700,0.0,0.0
2024-10-21 00:00:00-04:00,3.200000047683716,3.25,3.058000087738037,3.2100000381469727,5046900,0.0,0.0
2024-10-22 00:00:00-04:00,3.200000047683716,3.2699999809265137,3.059999942779541,3.0950000286102295,3885400,0.0,0.0
2024-10-23 00:00:00-04:00,3.0899999141693115,3.180000066757202,2.9700000286102295,3.069999933242798,4983600,0.0,0.0
2024-10-24 00:00:00-04:00,3.0899999141693115,3.2200000286102295,3.009999990463257,3.130000114440918,4897300,0.0,0.0
2024-10-25 00:00:00-04:00,3.1700000762939453,3.4049999713897705,3.0999999046325684,3.3399999141693115,4597500,0.0,0.0
2024-10-28 00:00:00-04:00,3.380000114440918,3.5799999237060547,3.359999895095825,3.450000047683716,5143000,0.0,0.0
2024-10-29 00:00:00-04:00,3.4749999046325684,3.5799999237060547,3.3499999046325684,3.450000047683716,5234100,0.0,0.0
2024-10-30 00:00:00-04:00,3.450000047683716,3.555000066757202,3.3429999351501465,3.440000057220459,4082900,0.0,0.0
2024-10-31 00:00:00-04:00,3.380000114440918,3.4200000762939453,3.0199999809265137,3.109999895095825,11263000,0.0,0.0
2024-11-01 00:00:00-04:00,3.380000114440918,3.5,3.130000114440918,3.1500000953674316,6916100,0.0,0.0
2024-11-04 00:00:00-05:00,3.119999885559082,3.1600000858306885,2.9100000858306885,2.9200000762939453,6285300,0.0,0.0
2024-11-05 00:00:00-05:00,2.990000009536743,3.200000047683716,2.9200000762939453,3.180000066757202,7658300,0.0,0.0
2024-11-06 00:00:00-05:00,2.6700000762939453,2.7799999713897705,2.2300000190734863,2.549999952316284,22213100,0.0,0.0
2024-11-07 00:00:00-05:00,2.6500000953674316,2.869999885559082,2.5799999237060547,2.759999990463257,8772200,0.0,0.0
2024-11-08 00:00:00-05:00,2.7799999713897705,2.799999952316284,2.5910000801086426,2.6700000762939453,6568000,0.0,0.0
2024-11-11 00:00:00-05:00,2.5999999046325684,2.615000009536743,2.424999952316284,2.5,7186900,0.0,0.0
2024-11-12 00:00:00-05:00,2.450000047683716,2.450000047683716,2.319999933242798,2.380000114440918,6976200,0.0,0.0
2024-11-13 00:00:00-05:00,2.359999895095825,2.5199999809265137,2.299999952316284,2.309999942779541,6187700,0.0,0.0
2024-11-14 00:00:00-05:00,2.319999933242798,2.3499999046325684,2.2200000286102295,2.2300000190734863,5342500,0.0,0.0
2024-11-15 00:00:00-05:00,2.2300000190734863,2.305000066757202,2.1549999713897705,2.190000057220459,16398200,0.0,0.0
2024-11-18 00:00:00-05:00,2.2100000381469727,2.2200000286102295,2.059999942779541,2.1500000953674316,6456200,0.0,0.0
2024-11-19 00:00:00-05:00,2.109999895095825,2.359999895095825,2.069999933242798,2.309999942779541,6024800,0.0,0.0
2024-11-20 00:00:00-05:00,2.319999933242798,2.3550000190734863,2.2200000286102295,2.2799999713897705,4118700,0.0,0.0
2024-11-21 00:00:00-05:00,2.2799999713897705,2.609999895095825,2.2300000190734863,2.509999990463257,6944300,0.0,0.0
2024-11-22 00:00:00-05:00,2.509999990463257,2.740000009536743,2.4600000381469727,2.700000047683716,5642800,0.0,0.0
2024-11-25 00:00:00-05:00,2.7300000190734863,2.8499999046325684,2.5899999141693115,2.7899999618530273,8531900,0.0,0.0
2024-11-26 00:00:00-05:00,2.799999952316284,2.815000057220459,2.6600000858306885,2.680000066757202,3447800,0.0,0.0
2024-11-27 00:00:00-05:00,2.7300000190734863,2.8499999046325684,2.640000104904175,2.700000047683716,3864100,0.0,0.0
2024-11-29 00:00:00-05:00,2.7300000190734863,3.0,2.7300000190734863,2.950000047683716,5469900,0.0,0.0
2024-12-02 00:00:00-05:00,2.9700000286102295,2.9800000190734863,2.819999933242798,2.890000104904175,4237200,0.0,0.0
2024-12-03 00:00:00-05:00,3.299999952316284,3.444999933242798,2.9000000953674316,2.930000066757202,15926900,0.0,0.0
2024-12-04 00:00:00-05:00,2.940000057220459,3.1500000953674316,2.8949999809265137,2.9700000286102295,7641300,0.0,0.0
2024-12-05 00:00:00-05:00,2.9800000190734863,3.200000047683716,2.9000000953674316,3.069999933242798,8293900,0.0,0.0
2024-12-06 00:00:00-05:00,3.119999885559082,3.2699999809265137,3.0999999046325684,3.2100000381469727,8418200,0.0,0.0
2024-12-09 00:00:00-05:00,3.259999990463257,3.4200000762939453,3.2200000286102295,3.319999933242798,6177000,0.0,0.0
2024-12-10 00:00:00-05:00,3.2799999713897705,3.2799999713897705,3.049999952316284,3.069999933242798,5623000,0.0,0.0
2024-12-11 00:00:00-05:00,3.109999895095825,3.25,2.990000009536743,3.2200000286102295,4941300,0.0,0.0
2024-12-12 00:00:00-05:00,3.2200000286102295,3.4049999713897705,3.1600000858306885,3.25,5843000,0.0,0.0
2024-12-13 00:00:00-05:00,3.240000009536743,3.4049999713897705,3.2200000286102295,3.4000000953674316,4907400,0.0,0.0
2024-12-16 00:00:00-05:00,3.4100000858306885,4.150000095367432,3.359999895095825,4.039999961853027,21304600,0.0,0.0
2024-12-17 00:00:00-05:00,3.9800000190734863,4.090000152587891,3.7300000190734863,3.9100000858306885,11843700,0.0,0.0
2024-12-18 00:00:00-05:00,4.329999923706055,4.599999904632568,4.0,4.039999961853027,17434600,0.0,0.0
2024-12-19 00:00:00-05:00,4.239999771118164,4.5,4.019999980926514,4.320000171661377,11440900,0.0,0.0
2024-12-20 00:00:00-05:00,4.210999965667725,4.679999828338623,4.079999923706055,4.570000171661377,14939100,0.0,0.0
2024-12-23 00:00:00-05:00,4.599999904632568,4.804999828338623,4.420000076293945,4.639999866485596,9380200,0.0,0.0
2024-12-24 00:00:00-05:00,4.670000076293945,4.690000057220459,4.420000076293945,4.559999942779541,4092100,0.0,0.0
2024-12-26 00:00:00-05:00,4.5,5.300000190734863,4.46999979019165,5.170000076293945,14564900,0.0,0.0
2024-12-27 00:00:00-05:00,5.300000190734863,5.420000076293945,5.065000057220459,5.170000076293945,11800600,0.0,0.0
2024-12-30 00:00:00-05:00,5.079999923706055,5.269999980926514,4.869999885559082,5.139999866485596,8140700,0.0,0.0
2024-12-31 00:00:00-05:00,5.119999885559082,5.150000095367432,4.735000133514404,4.860000133514404,9691300,0.0,0.0
2025-01-02 00:00:00-05:00,4.980000019073486,5.699999809265137,4.940999984741211,5.53000020980835,13367200,0.0,0.0
2025-01-03 00:00:00-05:00,5.53000020980835,5.820000171661377,5.284999847412109,5.670000076293945,9043800,0.0,0.0
2025-01-06 00:00:00-05:00,5.789999961853027,6.010000228881836,5.480000019073486,5.519999980926514,10333500,0.0,0.0
2025-01-07 00:00:00-05:00,5.559999942779541,5.699999809265137,5.355000019073486,5.389999866485596,6291500,0.0,0.0
2025-01-08 00:00:00-05:00,5.300000190734863,5.389999866485596,4.960000038146973,5.179999828338623,9789700,0.0,0.0
2025-01-10 00:00:00-05:00,5.059999942779541,5.170000076293945,4.760000228881836,4.960000038146973,7841800,0.0,0.0
2025-01-13 00:00:00-05:00,4.75,4.789999961853027,4.494999885559082,4.739999771118164,8323900,0.0,0.0
2025-01-14 00:00:00-05:00,4.869999885559082,4.949999809265137,4.460000038146973,4.599999904632568,6435000,0.0,0.0
2025-01-15 00:00:00-05:00,4.679999828338623,5.264999866485596,4.65500020980835,5.199999809265137,9536100,0.0,0.0
2025-01-16 00:00:00-05:00,5.289999961853027,6.34499979019165,5.090000152587891,6.159999847412109,17837800,0.0,0.0
2025-01-17 00:00:00-05:00,6.139999866485596,6.46999979019165,5.920000076293945,6.019999980926514,9392600,0.0,0.0
2025-01-21 00:00:00-05:00,6.079999923706055,6.139999866485596,5.099999904632568,5.739999771118164,14775400,0.0,0.0
2025-01-22 00:00:00-05:00,5.769999980926514,5.909999847412109,5.581200122833252,5.840000152587891,5410452,0.0,0.0
