Date,Open,High,Low,Close,Volume,Dividends,Stock Splits
2022-01-03 00:00:00-05:00,6.940000057220459,7.25,6.940000057220459,7.070000171661377,317800,0.0,0.0
2022-01-04 00:00:00-05:00,7.159999847412109,7.340000152587891,7.050000190734863,7.320000171661377,697800,0.0,0.0
2022-01-05 00:00:00-05:00,7.380000114440918,7.599999904632568,7.380000114440918,7.460000038146973,455600,0.0,0.0
2022-01-06 00:00:00-05:00,7.559999942779541,7.679999828338623,7.400000095367432,7.590000152587891,422300,0.0,0.0
2022-01-07 00:00:00-05:00,7.590000152587891,7.679999828338623,7.510000228881836,7.639999866485596,320300,0.0,0.0
2022-01-10 00:00:00-05:00,7.659999847412109,7.659999847412109,7.449999809265137,7.590000152587891,443800,0.0,0.0
2022-01-11 00:00:00-05:00,7.630000114440918,7.71999979019165,7.46999979019165,7.659999847412109,835000,0.0,0.0
2022-01-12 00:00:00-05:00,7.710000038146973,7.920000076293945,7.679999828338623,7.829999923706055,659500,0.0,0.0
2022-01-13 00:00:00-05:00,7.880000114440918,8.119999885559082,7.860000133514404,8.0600004196167,836200,0.0,0.0
2022-01-14 00:00:00-05:00,7.960000038146973,8.220000267028809,7.869999885559082,8.199999809265137,473400,0.0,0.0
2022-01-18 00:00:00-05:00,8.229999542236328,8.260000228881836,8.010000228881836,8.140000343322754,525500,0.0,0.0
2022-01-19 00:00:00-05:00,8.199999809265137,8.229999542236328,7.980000019073486,8.050000190734863,630900,0.0,0.0
2022-01-20 00:00:00-05:00,7.989999771118164,8.119999885559082,7.71999979019165,7.739999771118164,972000,0.0,0.0
2022-01-21 00:00:00-05:00,7.679999828338623,7.800000190734863,7.489999771118164,7.519999980926514,568600,0.0,0.0
2022-01-24 00:00:00-05:00,7.329999923706055,7.739999771118164,7.190000057220459,7.699999809265137,586200,0.0,0.0
2022-01-25 00:00:00-05:00,7.699999809265137,7.900000095367432,7.480000019073486,7.880000114440918,549600,0.0,0.0
2022-01-26 00:00:00-05:00,7.940000057220459,8.149999618530273,7.539999961853027,7.699999809265137,396800,0.0,0.0
2022-01-27 00:00:00-05:00,7.789999961853027,7.980000019073486,7.380000114440918,7.409999847412109,398900,0.0,0.0
2022-01-28 00:00:00-05:00,7.369999885559082,7.489999771118164,7.139999866485596,7.369999885559082,482000,0.0,0.0
2022-01-31 00:00:00-05:00,7.289999961853027,7.590000152587891,7.210000038146973,7.409999847412109,956400,0.0,0.0
2022-02-01 00:00:00-05:00,7.340000152587891,7.650000095367432,7.340000152587891,7.599999904632568,450200,0.0,0.0
2022-02-02 00:00:00-05:00,7.550000190734863,7.730000019073486,7.519999980926514,7.670000076293945,642200,0.0,0.0
2022-02-03 00:00:00-05:00,7.650000095367432,7.739999771118164,7.539999961853027,7.650000095367432,1531700,0.0,0.0
2022-02-04 00:00:00-05:00,7.659999847412109,7.909999847412109,7.53000020980835,7.539999961853027,569200,0.0,0.0
2022-02-07 00:00:00-05:00,7.489999771118164,7.679999828338623,7.440000057220459,7.630000114440918,1951400,0.0,0.0
2022-02-08 00:00:00-05:00,7.659999847412109,7.75,7.510000228881836,7.670000076293945,1167000,0.0,0.0
2022-02-09 00:00:00-05:00,7.75,7.909999847412109,7.739999771118164,7.849999904632568,501700,0.0,0.0
2022-02-10 00:00:00-05:00,7.730000019073486,8.050000190734863,7.730000019073486,7.789999961853027,481700,0.0,0.0
2022-02-11 00:00:00-05:00,7.75,7.960000038146973,7.619999885559082,7.769999980926514,799300,0.0,0.0
2022-02-14 00:00:00-05:00,7.789999961853027,7.849999904632568,7.559999942779541,7.659999847412109,602500,0.0,0.0
2022-02-15 00:00:00-05:00,7.71999979019165,7.960000038146973,7.710000038146973,7.869999885559082,492300,0.0,0.0
2022-02-16 00:00:00-05:00,8.3100004196167,8.930000305175781,8.140000343322754,8.710000038146973,992400,0.0,0.0
2022-02-17 00:00:00-05:00,8.770000457763672,9.930000305175781,8.729999542236328,9.539999961853027,1774300,0.0,0.0
2022-02-18 00:00:00-05:00,9.449999809265137,9.859999656677246,9.399999618530273,9.640000343322754,988900,0.0,0.0
2022-02-22 00:00:00-05:00,9.720000267028809,9.8100004196167,9.489999771118164,9.720000267028809,1196700,0.0,0.0
2022-02-23 00:00:00-05:00,9.880000114440918,10.0600004196167,9.600000381469727,10.029999732971191,1178500,0.0,0.0
2022-02-24 00:00:00-05:00,9.800000190734863,9.819999694824219,9.300000190734863,9.550000190734863,878900,0.0,0.0
2022-02-25 00:00:00-05:00,9.5600004196167,9.90999984741211,9.539999961853027,9.899999618530273,878400,0.0,0.0
2022-02-28 00:00:00-05:00,9.90999984741211,10.180000305175781,9.8100004196167,10.100000381469727,689900,0.0,0.0
2022-03-01 00:00:00-05:00,10.09000015258789,10.34000015258789,10.039999961853027,10.270000457763672,785900,0.0,0.0
2022-03-02 00:00:00-05:00,10.319999694824219,10.760000228881836,10.319999694824219,10.720000267028809,741300,0.0,0.0
2022-03-03 00:00:00-05:00,10.65999984741211,10.720000267028809,10.449999809265137,10.59000015258789,599100,0.0,0.0
2022-03-04 00:00:00-05:00,10.529999732971191,11.25,10.5,11.229999542236328,1340800,0.0,0.0
2022-03-07 00:00:00-05:00,11.279999732971191,12.170000076293945,11.15999984741211,11.989999771118164,2469200,0.0,0.0
2022-03-08 00:00:00-05:00,12.170000076293945,12.34000015258789,11.619999885559082,11.619999885559082,2102000,0.0,0.0
2022-03-09 00:00:00-05:00,11.399999618530273,11.710000038146973,11.239999771118164,11.550000190734863,1372200,0.0,0.0
2022-03-10 00:00:00-05:00,11.520000457763672,11.770000457763672,11.420000076293945,11.75,552400,0.0,0.0
2022-03-11 00:00:00-05:00,11.59000015258789,11.880000114440918,11.3100004196167,11.359999656677246,1058200,0.0,0.0
2022-03-14 00:00:00-04:00,11.289999961853027,11.59000015258789,10.920000076293945,11.470000267028809,918100,0.0,0.0
2022-03-15 00:00:00-04:00,11.260000228881836,11.739999771118164,11.020000457763672,11.460000038146973,1185100,0.0,0.0
2022-03-16 00:00:00-04:00,11.489999771118164,11.8100004196167,11.270000457763672,11.619999885559082,1155300,0.0,0.0
2022-03-17 00:00:00-04:00,11.75,12.489999771118164,11.640000343322754,11.770000457763672,1413300,0.0,0.0
2022-03-18 00:00:00-04:00,11.8100004196167,11.880000114440918,11.109999656677246,11.329999923706055,1292300,0.0,0.0
2022-03-21 00:00:00-04:00,11.399999618530273,12.260000228881836,11.399999618530273,11.920000076293945,1063400,0.0,0.0
2022-03-22 00:00:00-04:00,11.9399995803833,12.079999923706055,11.619999885559082,11.649999618530273,607600,0.0,0.0
2022-03-23 00:00:00-04:00,11.699999809265137,11.819999694824219,11.579999923706055,11.75,824200,0.0,0.0
2022-03-24 00:00:00-04:00,11.84000015258789,11.890000343322754,11.4399995803833,11.479999542236328,922100,0.0,0.0
2022-03-25 00:00:00-04:00,11.449999809265137,11.739999771118164,11.430000305175781,11.739999771118164,848000,0.0,0.0
2022-03-28 00:00:00-04:00,11.579999923706055,11.600000381469727,11.260000228881836,11.5600004196167,677800,0.0,0.0
2022-03-29 00:00:00-04:00,11.40999984741211,11.710000038146973,11.289999961853027,11.670000076293945,626600,0.0,0.0
2022-03-30 00:00:00-04:00,11.789999961853027,12.199999809265137,11.579999923706055,11.630000114440918,580800,0.0,0.0
2022-03-31 00:00:00-04:00,11.489999771118164,12.0600004196167,11.470000267028809,11.90999984741211,1334900,0.0,0.0
2022-04-01 00:00:00-04:00,11.899999618530273,12.399999618530273,11.880000114440918,12.199999809265137,799200,0.0,0.0
2022-04-04 00:00:00-04:00,12.210000038146973,12.479999542236328,11.680000305175781,11.859999656677246,844600,0.0,0.0
2022-04-05 00:00:00-04:00,11.930000305175781,12.25,11.369999885559082,11.430000305175781,760300,0.0,0.0
2022-04-06 00:00:00-04:00,11.460000038146973,11.579999923706055,11.180000305175781,11.420000076293945,604500,0.0,0.0
2022-04-07 00:00:00-04:00,11.449999809265137,11.460000038146973,11.130000114440918,11.399999618530273,533000,0.0,0.0
2022-04-08 00:00:00-04:00,11.510000228881836,11.600000381469727,11.329999923706055,11.359999656677246,371800,0.0,0.0
2022-04-11 00:00:00-04:00,11.279999732971191,11.5,11.020000457763672,11.369999885559082,449700,0.0,0.0
2022-04-12 00:00:00-04:00,11.550000190734863,11.84000015258789,11.529999732971191,11.670000076293945,340600,0.0,0.0
2022-04-13 00:00:00-04:00,11.75,11.989999771118164,11.680000305175781,11.930000305175781,354300,0.0,0.0
2022-04-14 00:00:00-04:00,11.920000076293945,12.140000343322754,11.800000190734863,12.050000190734863,624100,0.0,0.0
2022-04-18 00:00:00-04:00,12.149999618530273,12.579999923706055,12.039999961853027,12.569999694824219,879000,0.0,0.0
2022-04-19 00:00:00-04:00,12.680000305175781,13.109999656677246,12.600000381469727,13.09000015258789,1074800,0.0,0.0
2022-04-20 00:00:00-04:00,13.15999984741211,13.449999809265137,12.850000381469727,13.069999694824219,532800,0.0,0.0
2022-04-21 00:00:00-04:00,13.1899995803833,13.25,12.850000381469727,13.0600004196167,879400,0.0,0.0
2022-04-22 00:00:00-04:00,13.109999656677246,13.369999885559082,12.5600004196167,12.65999984741211,656300,0.0,0.0
2022-04-25 00:00:00-04:00,12.260000228881836,12.34000015258789,11.819999694824219,11.899999618530273,753700,0.0,0.0
2022-04-26 00:00:00-04:00,11.920000076293945,12.430000305175781,11.800000190734863,12.079999923706055,517700,0.0,0.0
2022-04-27 00:00:00-04:00,12.079999923706055,12.479999542236328,11.899999618530273,12.149999618530273,447700,0.0,0.0
2022-04-28 00:00:00-04:00,12.210000038146973,12.380000114440918,11.6899995803833,12.25,404100,0.0,0.0
2022-04-29 00:00:00-04:00,12.170000076293945,12.489999771118164,11.90999984741211,11.989999771118164,1010800,0.0,0.0
2022-05-02 00:00:00-04:00,11.979999542236328,12.09000015258789,11.470000267028809,11.720000267028809,515600,0.0,0.0
2022-05-03 00:00:00-04:00,11.699999809265137,12.180000305175781,11.670000076293945,12.100000381469727,325400,0.0,0.0
2022-05-04 00:00:00-04:00,12.239999771118164,12.5,12.010000228881836,12.369999885559082,477000,0.0,0.0
2022-05-05 00:00:00-04:00,12.449999809265137,12.579999923706055,11.930000305175781,12.3100004196167,1046600,0.0,0.0
2022-05-06 00:00:00-04:00,12.350000381469727,12.550000190734863,11.880000114440918,12.079999923706055,708700,0.0,0.0
2022-05-09 00:00:00-04:00,11.829999923706055,11.970000267028809,11.069999694824219,11.140000343322754,663500,0.0,0.0
2022-05-10 00:00:00-04:00,10.989999771118164,11.0,9.020000457763672,9.760000228881836,2507400,0.0,0.0
2022-05-11 00:00:00-04:00,9.75,10.359999656677246,9.640000343322754,9.670000076293945,1344100,0.0,0.0
2022-05-12 00:00:00-04:00,9.710000038146973,9.739999771118164,9.149999618530273,9.390000343322754,1018600,0.0,0.0
2022-05-13 00:00:00-04:00,9.4399995803833,10.109999656677246,9.4399995803833,10.039999961853027,872300,0.0,0.0
2022-05-16 00:00:00-04:00,10.140000343322754,10.300000190734863,9.989999771118164,10.079999923706055,628100,0.0,0.0
2022-05-17 00:00:00-04:00,10.300000190734863,10.670000076293945,10.270000457763672,10.380000114440918,556400,0.0,0.0
2022-05-18 00:00:00-04:00,10.300000190734863,10.59000015258789,10.050000190734863,10.199999809265137,453200,0.0,0.0
2022-05-19 00:00:00-04:00,9.970000267028809,10.329999923706055,9.899999618530273,10.069999694824219,566300,0.0,0.0
2022-05-20 00:00:00-04:00,10.220000267028809,10.4399995803833,10.020000457763672,10.270000457763672,711500,0.0,0.0
2022-05-23 00:00:00-04:00,10.430000305175781,10.710000038146973,10.1899995803833,10.520000457763672,475700,0.0,0.0
2022-05-24 00:00:00-04:00,10.520000457763672,10.680000305175781,10.220000267028809,10.399999618530273,500600,0.0,0.0
2022-05-25 00:00:00-04:00,10.479999542236328,10.710000038146973,10.329999923706055,10.59000015258789,895900,0.0,0.0
2022-05-26 00:00:00-04:00,10.789999961853027,11.270000457763672,10.75,11.1899995803833,595200,0.0,0.0
2022-05-27 00:00:00-04:00,11.1899995803833,11.460000038146973,11.1899995803833,11.380000114440918,384600,0.0,0.0
2022-05-31 00:00:00-04:00,11.399999618530273,11.5600004196167,11.050000190734863,11.1899995803833,792200,0.0,0.0
2022-06-01 00:00:00-04:00,11.279999732971191,11.390000343322754,10.899999618530273,11.319999694824219,373300,0.0,0.0
2022-06-02 00:00:00-04:00,11.390000343322754,11.569999694824219,11.300000190734863,11.550000190734863,283800,0.0,0.0
2022-06-03 00:00:00-04:00,11.59000015258789,11.630000114440918,11.399999618530273,11.569999694824219,409300,0.0,0.0
2022-06-06 00:00:00-04:00,11.710000038146973,11.979999542236328,11.619999885559082,11.960000038146973,510800,0.0,0.0
2022-06-07 00:00:00-04:00,11.819999694824219,12.050000190734863,11.800000190734863,12.020000457763672,412600,0.0,0.0
2022-06-08 00:00:00-04:00,12.010000228881836,12.0600004196167,11.550000190734863,11.649999618530273,310600,0.0,0.0
2022-06-09 00:00:00-04:00,11.5600004196167,11.5600004196167,11.239999771118164,11.270000457763672,430300,0.0,0.0
2022-06-10 00:00:00-04:00,11.239999771118164,11.34000015258789,10.789999961853027,10.859999656677246,366100,0.0,0.0
2022-06-13 00:00:00-04:00,10.529999732971191,10.65999984741211,10.149999618530273,10.260000228881836,456300,0.0,0.0
2022-06-14 00:00:00-04:00,10.420000076293945,10.430000305175781,10.119999885559082,10.270000457763672,579900,0.0,0.0
2022-06-15 00:00:00-04:00,10.40999984741211,10.699999809265137,10.40999984741211,10.489999771118164,949200,0.0,0.0
2022-06-16 00:00:00-04:00,10.15999984741211,10.239999771118164,9.649999618530273,9.819999694824219,734300,0.0,0.0
2022-06-17 00:00:00-04:00,9.8100004196167,10.25,9.350000381469727,9.369999885559082,921300,0.0,0.0
2022-06-21 00:00:00-04:00,9.609999656677246,10.029999732971191,9.529999732971191,9.739999771118164,642000,0.0,0.0
2022-06-22 00:00:00-04:00,9.430000305175781,9.600000381469727,9.220000267028809,9.470000267028809,769200,0.0,0.0
2022-06-23 00:00:00-04:00,9.420000076293945,9.649999618530273,8.699999809265137,8.9399995803833,588700,0.0,0.0
2022-06-24 00:00:00-04:00,9.050000190734863,9.5600004196167,9.050000190734863,9.539999961853027,2515900,0.0,0.0
2022-06-27 00:00:00-04:00,9.640000343322754,10.020000457763672,9.619999885559082,9.989999771118164,590100,0.0,0.0
2022-06-28 00:00:00-04:00,10.220000267028809,10.449999809265137,9.8100004196167,9.850000381469727,587500,0.0,0.0
2022-06-29 00:00:00-04:00,9.899999618530273,10.039999961853027,9.630000114440918,9.789999961853027,360800,0.0,0.0
2022-06-30 00:00:00-04:00,9.670000076293945,10.050000190734863,9.460000038146973,9.960000038146973,394600,0.0,0.0
2022-07-01 00:00:00-04:00,9.920000076293945,10.0600004196167,9.65999984741211,10.010000228881836,342600,0.0,0.0
2022-07-05 00:00:00-04:00,9.670000076293945,9.6899995803833,9.010000228881836,9.119999885559082,402700,0.0,0.0
2022-07-06 00:00:00-04:00,9.029999732971191,9.149999618530273,8.6899995803833,8.949999809265137,323000,0.0,0.0
2022-07-07 00:00:00-04:00,9.210000038146973,9.619999885559082,9.199999809265137,9.359999656677246,409000,0.0,0.0
2022-07-08 00:00:00-04:00,10.220000267028809,10.859999656677246,9.859999656677246,10.729999542236328,1056300,0.0,0.0
2022-07-11 00:00:00-04:00,10.729999542236328,10.930000305175781,10.4399995803833,10.479999542236328,784700,0.0,0.0
2022-07-12 00:00:00-04:00,10.300000190734863,10.539999961853027,9.949999809265137,10.25,715500,0.0,0.0
2022-07-13 00:00:00-04:00,10.15999984741211,10.5600004196167,10.149999618530273,10.25,458800,0.0,0.0
2022-07-14 00:00:00-04:00,9.899999618530273,10.029999732971191,9.670000076293945,9.989999771118164,427800,0.0,0.0
2022-07-15 00:00:00-04:00,10.279999732971191,10.279999732971191,9.890000343322754,10.109999656677246,331200,0.0,0.0
2022-07-18 00:00:00-04:00,10.25,10.529999732971191,10.149999618530273,10.180000305175781,357100,0.0,0.0
2022-07-19 00:00:00-04:00,10.329999923706055,10.739999771118164,10.329999923706055,10.729999542236328,496400,0.0,0.0
2022-07-20 00:00:00-04:00,10.729999542236328,10.8100004196167,10.470000267028809,10.710000038146973,443800,0.0,0.0
2022-07-21 00:00:00-04:00,10.59000015258789,10.819999694824219,10.270000457763672,10.729999542236328,372300,0.0,0.0
2022-07-22 00:00:00-04:00,10.819999694824219,10.920000076293945,10.619999885559082,10.819999694824219,651000,0.0,0.0
2022-07-25 00:00:00-04:00,10.819999694824219,11.329999923706055,10.699999809265137,11.270000457763672,532800,0.0,0.0
2022-07-26 00:00:00-04:00,11.350000381469727,11.430000305175781,11.0,11.149999618530273,417400,0.0,0.0
2022-07-27 00:00:00-04:00,11.130000114440918,11.489999771118164,11.09000015258789,11.390000343322754,346000,0.0,0.0
2022-07-28 00:00:00-04:00,11.420000076293945,11.609999656677246,11.220000267028809,11.289999961853027,478500,0.0,0.0
2022-07-29 00:00:00-04:00,11.399999618530273,11.65999984741211,11.350000381469727,11.619999885559082,530000,0.0,0.0
2022-08-01 00:00:00-04:00,11.489999771118164,11.729999542236328,11.390000343322754,11.510000228881836,632200,0.0,0.0
2022-08-02 00:00:00-04:00,11.529999732971191,11.640000343322754,11.34000015258789,11.359999656677246,352200,0.0,0.0
2022-08-03 00:00:00-04:00,11.479999542236328,11.600000381469727,11.239999771118164,11.319999694824219,841700,0.0,0.0
2022-08-04 00:00:00-04:00,11.399999618530273,11.399999618530273,11.09000015258789,11.119999885559082,573000,0.0,0.0
2022-08-05 00:00:00-04:00,11.0,11.65999984741211,10.920000076293945,11.4399995803833,1307200,0.0,0.0
2022-08-08 00:00:00-04:00,11.5,11.720000267028809,11.350000381469727,11.489999771118164,628400,0.0,0.0
2022-08-09 00:00:00-04:00,10.399999618530273,10.670000076293945,9.539999961853027,9.9399995803833,1869300,0.0,0.0
2022-08-10 00:00:00-04:00,10.180000305175781,10.199999809265137,9.6899995803833,10.010000228881836,1500000,0.0,0.0
2022-08-11 00:00:00-04:00,10.1899995803833,10.470000267028809,9.880000114440918,10.010000228881836,1183000,0.0,0.0
2022-08-12 00:00:00-04:00,10.050000190734863,10.289999961853027,9.899999618530273,10.069999694824219,406000,0.0,0.0
2022-08-15 00:00:00-04:00,9.760000228881836,9.869999885559082,9.539999961853027,9.569999694824219,992500,0.0,0.0
2022-08-16 00:00:00-04:00,9.460000038146973,9.75,9.34000015258789,9.350000381469727,746000,0.0,0.0
2022-08-17 00:00:00-04:00,9.25,9.699999809265137,9.25,9.609999656677246,641500,0.0,0.0
2022-08-18 00:00:00-04:00,9.649999618530273,10.050000190734863,9.649999618530273,9.970000267028809,526500,0.0,0.0
2022-08-19 00:00:00-04:00,9.899999618530273,9.899999618530273,9.59000015258789,9.699999809265137,565300,0.0,0.0
2022-08-22 00:00:00-04:00,9.579999923706055,9.720000267028809,9.449999809265137,9.609999656677246,396400,0.0,0.0
2022-08-23 00:00:00-04:00,9.670000076293945,10.119999885559082,9.649999618530273,9.829999923706055,580800,0.0,0.0
2022-08-24 00:00:00-04:00,9.789999961853027,10.1899995803833,9.770000457763672,10.140000343322754,443400,0.0,0.0
2022-08-25 00:00:00-04:00,10.109999656677246,10.6899995803833,10.069999694824219,10.579999923706055,658400,0.0,0.0
2022-08-26 00:00:00-04:00,10.539999961853027,10.729999542236328,10.34000015258789,10.380000114440918,567800,0.0,0.0
2022-08-29 00:00:00-04:00,10.319999694824219,10.520000457763672,10.270000457763672,10.430000305175781,312600,0.0,0.0
2022-08-30 00:00:00-04:00,10.359999656677246,10.399999618530273,9.880000114440918,9.890000343322754,608900,0.0,0.0
2022-08-31 00:00:00-04:00,9.75,9.9399995803833,9.59000015258789,9.729999542236328,539900,0.0,0.0
2022-09-01 00:00:00-04:00,9.539999961853027,9.600000381469727,9.220000267028809,9.390000343322754,474400,0.0,0.0
2022-09-02 00:00:00-04:00,9.59000015258789,9.65999984741211,9.390000343322754,9.5,296000,0.0,0.0
2022-09-06 00:00:00-04:00,9.5600004196167,9.770000457763672,9.529999732971191,9.65999984741211,511000,0.0,0.0
2022-09-07 00:00:00-04:00,9.539999961853027,9.720000267028809,9.399999618530273,9.619999885559082,360600,0.0,0.0
2022-09-08 00:00:00-04:00,9.569999694824219,9.609999656677246,9.420000076293945,9.489999771118164,305300,0.0,0.0
2022-09-09 00:00:00-04:00,9.640000343322754,9.869999885559082,9.640000343322754,9.8100004196167,390700,0.0,0.0
2022-09-12 00:00:00-04:00,9.880000114440918,9.960000038146973,9.819999694824219,9.949999809265137,515400,0.0,0.0
2022-09-13 00:00:00-04:00,9.84000015258789,9.970000267028809,9.550000190734863,9.640000343322754,379200,0.0,0.0
2022-09-14 00:00:00-04:00,9.75,9.850000381469727,9.630000114440918,9.760000228881836,456800,0.0,0.0
2022-09-15 00:00:00-04:00,9.5600004196167,9.819999694824219,9.550000190734863,9.699999809265137,460700,0.0,0.0
2022-09-16 00:00:00-04:00,9.579999923706055,9.680000305175781,9.25,9.470000267028809,2133900,0.0,0.0
2022-09-19 00:00:00-04:00,9.239999771118164,9.5,9.239999771118164,9.4399995803833,291200,0.0,0.0
2022-09-20 00:00:00-04:00,9.350000381469727,9.369999885559082,8.930000305175781,8.949999809265137,474000,0.0,0.0
2022-09-21 00:00:00-04:00,9.109999656677246,9.109999656677246,8.420000076293945,8.4399995803833,707800,0.0,0.0
2022-09-22 00:00:00-04:00,8.539999961853027,8.649999618530273,8.119999885559082,8.130000114440918,961200,0.0,0.0
2022-09-23 00:00:00-04:00,7.909999847412109,7.940000057220459,7.03000020980835,7.21999979019165,1617800,0.0,0.0
2022-09-26 00:00:00-04:00,7.150000095367432,7.510000228881836,7.03000020980835,7.25,999600,0.0,0.0
2022-09-27 00:00:00-04:00,7.349999904632568,7.46999979019165,7.119999885559082,7.199999809265137,512400,0.0,0.0
2022-09-28 00:00:00-04:00,7.239999771118164,7.579999923706055,7.159999847412109,7.489999771118164,1099000,0.0,0.0
2022-09-29 00:00:00-04:00,7.400000095367432,7.570000171661377,7.070000171661377,7.289999961853027,519900,0.0,0.0
2022-09-30 00:00:00-04:00,7.269999980926514,7.409999847412109,7.150000095367432,7.190000057220459,1170800,0.0,0.0
2022-10-03 00:00:00-04:00,7.440000057220459,7.739999771118164,7.380000114440918,7.690000057220459,792400,0.0,0.0
2022-10-04 00:00:00-04:00,7.840000152587891,8.3100004196167,7.840000152587891,8.3100004196167,705700,0.0,0.0
2022-10-05 00:00:00-04:00,8.180000305175781,8.539999961853027,8.180000305175781,8.489999771118164,523100,0.0,0.0
2022-10-06 00:00:00-04:00,8.34000015258789,8.59000015258789,8.260000228881836,8.3100004196167,347700,0.0,0.0
2022-10-07 00:00:00-04:00,8.210000038146973,8.270000457763672,8.010000228881836,8.079999923706055,377400,0.0,0.0
2022-10-10 00:00:00-04:00,8.180000305175781,8.329999923706055,7.980000019073486,8.220000267028809,724400,0.0,0.0
2022-10-11 00:00:00-04:00,8.0,8.75,8.0,8.539999961853027,1727300,0.0,0.0
2022-10-12 00:00:00-04:00,8.550000190734863,8.670000076293945,8.430000305175781,8.550000190734863,840500,0.0,0.0
2022-10-13 00:00:00-04:00,8.420000076293945,9.260000228881836,8.289999961853027,9.220000267028809,1039100,0.0,0.0
2022-10-14 00:00:00-04:00,9.210000038146973,9.279999732971191,8.670000076293945,8.6899995803833,537700,0.0,0.0
2022-10-17 00:00:00-04:00,9.0,9.300000190734863,8.949999809265137,9.069999694824219,645300,0.0,0.0
2022-10-18 00:00:00-04:00,9.229999542236328,9.420000076293945,8.899999618530273,8.970000267028809,702200,0.0,0.0
2022-10-19 00:00:00-04:00,8.869999885559082,9.0600004196167,8.8100004196167,8.90999984741211,384400,0.0,0.0
2022-10-20 00:00:00-04:00,8.9399995803833,9.15999984741211,8.789999961853027,8.90999984741211,272900,0.0,0.0
2022-10-21 00:00:00-04:00,9.020000457763672,9.34000015258789,8.989999771118164,9.15999984741211,527800,0.0,0.0
2022-10-24 00:00:00-04:00,9.180000305175781,9.420000076293945,9.069999694824219,9.300000190734863,501800,0.0,0.0
2022-10-25 00:00:00-04:00,9.260000228881836,9.670000076293945,9.210000038146973,9.550000190734863,279800,0.0,0.0
2022-10-26 00:00:00-04:00,9.710000038146973,9.899999618530273,9.59000015258789,9.8100004196167,496200,0.0,0.0
2022-10-27 00:00:00-04:00,10.0,10.229999542236328,9.850000381469727,9.920000076293945,358000,0.0,0.0
2022-10-28 00:00:00-04:00,9.90999984741211,10.039999961853027,9.75,9.84000015258789,375000,0.0,0.0
2022-10-31 00:00:00-04:00,9.8100004196167,10.130000114440918,9.8100004196167,10.029999732971191,647100,0.0,0.0
2022-11-01 00:00:00-04:00,10.199999809265137,10.289999961853027,9.960000038146973,10.15999984741211,336600,0.0,0.0
2022-11-02 00:00:00-04:00,10.149999618530273,10.430000305175781,9.869999885559082,9.949999809265137,361400,0.0,0.0
2022-11-03 00:00:00-04:00,9.829999923706055,9.920000076293945,9.59000015258789,9.630000114440918,358400,0.0,0.0
2022-11-04 00:00:00-04:00,9.90999984741211,10.109999656677246,9.739999771118164,10.010000228881836,268400,0.0,0.0
2022-11-07 00:00:00-05:00,10.039999961853027,10.149999618530273,9.930000305175781,10.010000228881836,531800,0.0,0.0
2022-11-08 00:00:00-05:00,9.949999809265137,10.020000457763672,9.6899995803833,9.75,483900,0.0,0.0
2022-11-09 00:00:00-05:00,10.6899995803833,11.220000267028809,10.25,10.8100004196167,1098700,0.0,0.0
2022-11-10 00:00:00-05:00,11.40999984741211,11.949999809265137,11.180000305175781,11.550000190734863,1190700,0.0,0.0
2022-11-11 00:00:00-05:00,11.770000457763672,11.930000305175781,11.489999771118164,11.5600004196167,460500,0.0,0.0
2022-11-14 00:00:00-05:00,11.609999656677246,11.850000381469727,11.350000381469727,11.40999984741211,502100,0.0,0.0
2022-11-15 00:00:00-05:00,11.479999542236328,11.760000228881836,11.380000114440918,11.569999694824219,344400,0.0,0.0
2022-11-16 00:00:00-05:00,11.59000015258789,11.75,11.380000114440918,11.699999809265137,618200,0.0,0.0
2022-11-17 00:00:00-05:00,11.600000381469727,11.920000076293945,11.520000457763672,11.880000114440918,443400,0.0,0.0
2022-11-18 00:00:00-05:00,11.989999771118164,12.109999656677246,11.84000015258789,11.979999542236328,534900,0.0,0.0
2022-11-21 00:00:00-05:00,11.800000190734863,11.970000267028809,11.329999923706055,11.489999771118164,591100,0.0,0.0
2022-11-22 00:00:00-05:00,11.6899995803833,11.9399995803833,11.649999618530273,11.84000015258789,457700,0.0,0.0
2022-11-23 00:00:00-05:00,11.699999809265137,11.9399995803833,11.460000038146973,11.569999694824219,246500,0.0,0.0
2022-11-25 00:00:00-05:00,11.65999984741211,11.75,11.5600004196167,11.640000343322754,140000,0.0,0.0
2022-11-28 00:00:00-05:00,11.449999809265137,11.640000343322754,11.34000015258789,11.489999771118164,379200,0.0,0.0
2022-11-29 00:00:00-05:00,11.470000267028809,11.619999885559082,11.300000190734863,11.460000038146973,304200,0.0,0.0
2022-11-30 00:00:00-05:00,11.569999694824219,11.789999961853027,11.3100004196167,11.760000228881836,568300,0.0,0.0
2022-12-01 00:00:00-05:00,11.899999618530273,11.970000267028809,11.65999984741211,11.670000076293945,368700,0.0,0.0
2022-12-02 00:00:00-05:00,11.539999961853027,11.970000267028809,11.449999809265137,11.920000076293945,326700,0.0,0.0
2022-12-05 00:00:00-05:00,11.949999809265137,12.079999923706055,11.449999809265137,11.489999771118164,433200,0.0,0.0
2022-12-06 00:00:00-05:00,11.460000038146973,11.739999771118164,11.380000114440918,11.569999694824219,705100,0.0,0.0
2022-12-07 00:00:00-05:00,11.510000228881836,11.569999694824219,11.300000190734863,11.300000190734863,374900,0.0,0.0
2022-12-08 00:00:00-05:00,11.4399995803833,11.539999961853027,11.34000015258789,11.430000305175781,291200,0.0,0.0
2022-12-09 00:00:00-05:00,11.350000381469727,11.609999656677246,11.130000114440918,11.140000343322754,416400,0.0,0.0
2022-12-12 00:00:00-05:00,11.199999809265137,11.65999984741211,11.1899995803833,11.600000381469727,549200,0.0,0.0
2022-12-13 00:00:00-05:00,12.010000228881836,12.029999732971191,11.729999542236328,11.920000076293945,425400,0.0,0.0
2022-12-14 00:00:00-05:00,11.899999618530273,12.15999984741211,11.619999885559082,12.0,823800,0.0,0.0
2022-12-15 00:00:00-05:00,11.779999732971191,11.880000114440918,11.460000038146973,11.569999694824219,607100,0.0,0.0
2022-12-16 00:00:00-05:00,11.300000190734863,11.539999961853027,11.199999809265137,11.5,851300,0.0,0.0
2022-12-19 00:00:00-05:00,11.550000190734863,11.84000015258789,11.34000015258789,11.489999771118164,454800,0.0,0.0
2022-12-20 00:00:00-05:00,11.369999885559082,11.710000038146973,11.34000015258789,11.6899995803833,500400,0.0,0.0
2022-12-21 00:00:00-05:00,11.859999656677246,12.010000228881836,11.670000076293945,11.930000305175781,404600,0.0,0.0
2022-12-22 00:00:00-05:00,11.800000190734863,11.8100004196167,11.279999732971191,11.600000381469727,339200,0.0,0.0
2022-12-23 00:00:00-05:00,11.670000076293945,11.8100004196167,11.600000381469727,11.699999809265137,278900,0.0,0.0
2022-12-27 00:00:00-05:00,11.800000190734863,11.899999618530273,11.640000343322754,11.739999771118164,262400,0.0,0.0
2022-12-28 00:00:00-05:00,11.720000267028809,11.739999771118164,11.239999771118164,11.319999694824219,467100,0.0,0.0
2022-12-29 00:00:00-05:00,11.460000038146973,11.649999618530273,11.300000190734863,11.600000381469727,312600,0.0,0.0
2022-12-30 00:00:00-05:00,11.470000267028809,11.65999984741211,11.40999984741211,11.579999923706055,468200,0.0,0.0
2023-01-03 00:00:00-05:00,11.619999885559082,11.649999618530273,11.039999961853027,11.199999809265137,527700,0.0,0.0
2023-01-04 00:00:00-05:00,11.229999542236328,11.380000114440918,11.130000114440918,11.319999694824219,382900,0.0,0.0
2023-01-05 00:00:00-05:00,11.289999961853027,11.4399995803833,11.069999694824219,11.170000076293945,309900,0.0,0.0
2023-01-06 00:00:00-05:00,11.369999885559082,11.75,11.3100004196167,11.489999771118164,277200,0.0,0.0
2023-01-09 00:00:00-05:00,11.6899995803833,12.050000190734863,11.649999618530273,11.880000114440918,427200,0.0,0.0
2023-01-10 00:00:00-05:00,11.819999694824219,12.210000038146973,11.819999694824219,12.15999984741211,347800,0.0,0.0
2023-01-11 00:00:00-05:00,12.210000038146973,12.390000343322754,11.979999542236328,12.050000190734863,386300,0.0,0.0
2023-01-12 00:00:00-05:00,12.119999885559082,12.4399995803833,12.039999961853027,12.34000015258789,364400,0.0,0.0
2023-01-13 00:00:00-05:00,12.289999961853027,12.449999809265137,12.119999885559082,12.1899995803833,247300,0.0,0.0
2023-01-17 00:00:00-05:00,12.170000076293945,12.25,12.050000190734863,12.050000190734863,341200,0.0,0.0
2023-01-18 00:00:00-05:00,12.180000305175781,12.319999694824219,11.710000038146973,11.729999542236328,429400,0.0,0.0
2023-01-19 00:00:00-05:00,11.600000381469727,11.84000015258789,11.529999732971191,11.739999771118164,382500,0.0,0.0
2023-01-20 00:00:00-05:00,11.880000114440918,12.069999694824219,11.680000305175781,11.880000114440918,399000,0.0,0.0
2023-01-23 00:00:00-05:00,11.949999809265137,12.170000076293945,11.899999618530273,12.039999961853027,445700,0.0,0.0
2023-01-24 00:00:00-05:00,12.079999923706055,12.180000305175781,11.859999656677246,12.050000190734863,404200,0.0,0.0
2023-01-25 00:00:00-05:00,11.90999984741211,12.579999923706055,11.869999885559082,12.489999771118164,689700,0.0,0.0
2023-01-26 00:00:00-05:00,12.619999885559082,12.729999542236328,12.130000114440918,12.579999923706055,403800,0.0,0.0
2023-01-27 00:00:00-05:00,12.770000457763672,12.970000267028809,12.600000381469727,12.819999694824219,870100,0.0,0.0
2023-01-30 00:00:00-05:00,12.710000038146973,13.079999923706055,12.630000114440918,12.920000076293945,707100,0.0,0.0
2023-01-31 00:00:00-05:00,12.949999809265137,13.600000381469727,12.829999923706055,13.600000381469727,1433000,0.0,0.0
2023-02-01 00:00:00-05:00,13.579999923706055,13.729999542236328,12.960000038146973,13.34000015258789,787200,0.0,0.0
2023-02-02 00:00:00-05:00,13.449999809265137,13.550000190734863,13.140000343322754,13.180000305175781,806600,0.0,0.0
2023-02-03 00:00:00-05:00,13.079999923706055,13.380000114440918,12.970000267028809,13.300000190734863,872600,0.0,0.0
2023-02-06 00:00:00-05:00,13.3100004196167,13.399999618530273,13.0,13.149999618530273,363200,0.0,0.0
2023-02-07 00:00:00-05:00,13.180000305175781,13.899999618530273,13.130000114440918,13.8100004196167,1098800,0.0,0.0
2023-02-08 00:00:00-05:00,13.739999771118164,13.800000190734863,13.279999732971191,13.3100004196167,631700,0.0,0.0
2023-02-09 00:00:00-05:00,13.380000114440918,13.579999923706055,13.100000381469727,13.100000381469727,725400,0.0,0.0
2023-02-10 00:00:00-05:00,13.100000381469727,13.369999885559082,13.100000381469727,13.270000457763672,681500,0.0,0.0
2023-02-13 00:00:00-05:00,13.25,13.699999809265137,13.119999885559082,13.390000343322754,1548500,0.0,0.0
2023-02-14 00:00:00-05:00,13.069999694824219,13.229999542236328,11.329999923706055,12.859999656677246,1785600,0.0,0.0
2023-02-15 00:00:00-05:00,12.680000305175781,12.720000267028809,12.0600004196167,12.149999618530273,1113900,0.0,0.0
2023-02-16 00:00:00-05:00,12.0,12.109999656677246,11.710000038146973,11.720000267028809,1265800,0.0,0.0
2023-02-17 00:00:00-05:00,11.710000038146973,11.729999542236328,11.4399995803833,11.5,1008700,0.0,0.0
2023-02-21 00:00:00-05:00,11.350000381469727,11.489999771118164,11.210000038146973,11.359999656677246,723900,0.0,0.0
2023-02-22 00:00:00-05:00,11.399999618530273,11.550000190734863,11.170000076293945,11.1899995803833,786700,0.0,0.0
2023-02-23 00:00:00-05:00,11.319999694824219,11.359999656677246,11.140000343322754,11.15999984741211,725400,0.0,0.0
2023-02-24 00:00:00-05:00,10.960000038146973,11.039999961853027,10.819999694824219,10.890000343322754,516700,0.0,0.0
2023-02-27 00:00:00-05:00,11.0600004196167,11.350000381469727,10.899999618530273,11.15999984741211,758600,0.0,0.0
2023-02-28 00:00:00-05:00,11.25,11.649999618530273,11.1899995803833,11.199999809265137,685400,0.0,0.0
2023-03-01 00:00:00-05:00,11.130000114440918,11.319999694824219,11.09000015258789,11.319999694824219,516000,0.0,0.0
2023-03-02 00:00:00-05:00,11.239999771118164,11.600000381469727,11.170000076293945,11.489999771118164,560800,0.0,0.0
2023-03-03 00:00:00-05:00,11.449999809265137,11.800000190734863,11.34000015258789,11.800000190734863,638500,0.0,0.0
2023-03-06 00:00:00-05:00,11.710000038146973,11.729999542236328,11.039999961853027,11.239999771118164,888200,0.0,0.0
2023-03-07 00:00:00-05:00,11.199999809265137,11.229999542236328,11.010000228881836,11.210000038146973,516300,0.0,0.0
2023-03-08 00:00:00-05:00,11.229999542236328,11.229999542236328,10.930000305175781,11.1899995803833,665500,0.0,0.0
2023-03-09 00:00:00-05:00,11.210000038146973,11.279999732971191,10.680000305175781,10.699999809265137,615900,0.0,0.0
2023-03-10 00:00:00-05:00,10.630000114440918,10.65999984741211,9.850000381469727,9.930000305175781,792200,0.0,0.0
2023-03-13 00:00:00-04:00,9.619999885559082,9.699999809265137,9.239999771118164,9.460000038146973,914600,0.0,0.0
2023-03-14 00:00:00-04:00,9.829999923706055,9.850000381469727,9.359999656677246,9.5,658500,0.0,0.0
2023-03-15 00:00:00-04:00,9.100000381469727,9.199999809265137,8.5600004196167,8.829999923706055,1498600,0.0,0.0
2023-03-16 00:00:00-04:00,8.5600004196167,9.079999923706055,8.479999542236328,8.970000267028809,935700,0.0,0.0
2023-03-17 00:00:00-04:00,8.880000114440918,8.930000305175781,8.65999984741211,8.720000267028809,1204100,0.0,0.0
2023-03-20 00:00:00-04:00,8.8100004196167,9.039999961853027,8.75,8.880000114440918,791100,0.0,0.0
2023-03-21 00:00:00-04:00,9.1899995803833,9.369999885559082,9.140000343322754,9.260000228881836,617800,0.0,0.0
2023-03-22 00:00:00-04:00,9.329999923706055,9.359999656677246,9.039999961853027,9.050000190734863,634900,0.0,0.0
2023-03-23 00:00:00-04:00,9.100000381469727,9.319999694824219,8.880000114440918,8.960000038146973,563900,0.0,0.0
2023-03-24 00:00:00-04:00,8.789999961853027,9.229999542236328,8.75,9.109999656677246,650300,0.0,0.0
2023-03-27 00:00:00-04:00,9.319999694824219,9.4399995803833,9.149999618530273,9.350000381469727,364500,0.0,0.0
2023-03-28 00:00:00-04:00,9.3100004196167,9.529999732971191,9.289999961853027,9.460000038146973,301900,0.0,0.0
2023-03-29 00:00:00-04:00,9.619999885559082,9.640000343322754,9.399999618530273,9.470000267028809,329500,0.0,0.0
2023-03-30 00:00:00-04:00,9.59000015258789,9.649999618530273,9.449999809265137,9.59000015258789,404900,0.0,0.0
2023-03-31 00:00:00-04:00,9.600000381469727,9.729999542236328,9.4399995803833,9.720000267028809,776900,0.0,0.0
2023-04-03 00:00:00-04:00,9.9399995803833,10.229999542236328,9.890000343322754,10.010000228881836,671500,0.0,0.0
2023-04-04 00:00:00-04:00,10.0600004196167,10.140000343322754,9.65999984741211,9.779999732971191,585400,0.0,0.0
2023-04-05 00:00:00-04:00,9.670000076293945,9.829999923706055,9.369999885559082,9.449999809265137,667400,0.0,0.0
2023-04-06 00:00:00-04:00,9.380000114440918,9.399999618530273,9.210000038146973,9.300000190734863,445700,0.0,0.0
2023-04-10 00:00:00-04:00,9.239999771118164,9.470000267028809,9.220000267028809,9.319999694824219,515000,0.0,0.0
2023-04-11 00:00:00-04:00,9.380000114440918,9.460000038146973,9.15999984741211,9.1899995803833,333700,0.0,0.0
2023-04-12 00:00:00-04:00,9.350000381469727,9.380000114440918,9.170000076293945,9.260000228881836,557600,0.0,0.0
2023-04-13 00:00:00-04:00,9.300000190734863,9.34000015258789,9.199999809265137,9.220000267028809,434700,0.0,0.0
2023-04-14 00:00:00-04:00,9.300000190734863,9.649999618530273,9.270000457763672,9.460000038146973,1098300,0.0,0.0
2023-04-17 00:00:00-04:00,9.399999618530273,9.460000038146973,9.300000190734863,9.319999694824219,447300,0.0,0.0
2023-04-18 00:00:00-04:00,9.359999656677246,9.470000267028809,9.149999618530273,9.220000267028809,740400,0.0,0.0
2023-04-19 00:00:00-04:00,9.140000343322754,9.600000381469727,9.100000381469727,9.510000228881836,839500,0.0,0.0
2023-04-20 00:00:00-04:00,9.390000343322754,9.5,9.3100004196167,9.460000038146973,433000,0.0,0.0
2023-04-21 00:00:00-04:00,9.470000267028809,9.529999732971191,9.220000267028809,9.390000343322754,574400,0.0,0.0
2023-04-24 00:00:00-04:00,9.550000190734863,10.210000038146973,9.510000228881836,10.0600004196167,772500,0.0,0.0
2023-04-25 00:00:00-04:00,9.899999618530273,10.050000190734863,9.720000267028809,9.75,623700,0.0,0.0
2023-04-26 00:00:00-04:00,9.640000343322754,9.819999694824219,9.460000038146973,9.65999984741211,753500,0.0,0.0
2023-04-27 00:00:00-04:00,9.649999618530273,9.710000038146973,9.470000267028809,9.609999656677246,586600,0.0,0.0
2023-04-28 00:00:00-04:00,9.59000015258789,9.859999656677246,9.569999694824219,9.739999771118164,539200,0.0,0.0
2023-05-01 00:00:00-04:00,9.6899995803833,9.899999618530273,9.649999618530273,9.670000076293945,575800,0.0,0.0
2023-05-02 00:00:00-04:00,9.539999961853027,9.600000381469727,9.050000190734863,9.239999771118164,576800,0.0,0.0
2023-05-03 00:00:00-04:00,9.199999809265137,9.34000015258789,9.0,9.029999732971191,677700,0.0,0.0
2023-05-04 00:00:00-04:00,8.9399995803833,9.010000228881836,8.600000381469727,8.630000114440918,543600,0.0,0.0
2023-05-05 00:00:00-04:00,8.90999984741211,9.050000190734863,8.8100004196167,8.859999656677246,436200,0.0,0.0
2023-05-08 00:00:00-04:00,9.0,9.109999656677246,8.890000343322754,9.010000228881836,575900,0.0,0.0
2023-05-09 00:00:00-04:00,9.109999656677246,9.34000015258789,8.729999542236328,8.890000343322754,682000,0.0,0.0
2023-05-10 00:00:00-04:00,9.09000015258789,9.100000381469727,8.569999694824219,8.770000457763672,574600,0.0,0.0
2023-05-11 00:00:00-04:00,8.600000381469727,8.770000457763672,8.489999771118164,8.550000190734863,597200,0.0,0.0
2023-05-12 00:00:00-04:00,8.609999656677246,8.720000267028809,8.510000228881836,8.680000305175781,572900,0.0,0.0
2023-05-15 00:00:00-04:00,8.699999809265137,8.970000267028809,8.699999809265137,8.819999694824219,485400,0.0,0.0
2023-05-16 00:00:00-04:00,8.729999542236328,8.859999656677246,8.670000076293945,8.739999771118164,552700,0.0,0.0
2023-05-17 00:00:00-04:00,8.850000381469727,9.0,8.800000190734863,8.9399995803833,431600,0.0,0.0
2023-05-18 00:00:00-04:00,8.9399995803833,9.3100004196167,8.869999885559082,9.260000228881836,502900,0.0,0.0
2023-05-19 00:00:00-04:00,9.359999656677246,9.369999885559082,9.020000457763672,9.0600004196167,400500,0.0,0.0
2023-05-22 00:00:00-04:00,9.109999656677246,9.199999809265137,9.069999694824219,9.149999618530273,368700,0.0,0.0
2023-05-23 00:00:00-04:00,9.0600004196167,9.350000381469727,9.029999732971191,9.25,587100,0.0,0.0
2023-05-24 00:00:00-04:00,9.220000267028809,9.220000267028809,8.989999771118164,9.140000343322754,446700,0.0,0.0
2023-05-25 00:00:00-04:00,8.989999771118164,9.140000343322754,8.84000015258789,9.039999961853027,528900,0.0,0.0
2023-05-26 00:00:00-04:00,9.050000190734863,9.180000305175781,9.010000228881836,9.149999618530273,339500,0.0,0.0
2023-05-30 00:00:00-04:00,9.09000015258789,9.140000343322754,8.850000381469727,8.869999885559082,423700,0.0,0.0
2023-05-31 00:00:00-04:00,8.8100004196167,8.850000381469727,8.579999923706055,8.6899995803833,860900,0.0,0.0
2023-06-01 00:00:00-04:00,8.699999809265137,8.9399995803833,8.619999885559082,8.880000114440918,665100,0.0,0.0
2023-06-02 00:00:00-04:00,9.109999656677246,9.5600004196167,9.100000381469727,9.40999984741211,622800,0.0,0.0
2023-06-05 00:00:00-04:00,9.460000038146973,9.510000228881836,9.199999809265137,9.260000228881836,401000,0.0,0.0
2023-06-06 00:00:00-04:00,9.180000305175781,9.649999618530273,9.140000343322754,9.5600004196167,929000,0.0,0.0
2023-06-07 00:00:00-04:00,9.65999984741211,10.0,9.630000114440918,9.930000305175781,673100,0.0,0.0
2023-06-08 00:00:00-04:00,9.84000015258789,9.970000267028809,9.699999809265137,9.859999656677246,882400,0.0,0.0
2023-06-09 00:00:00-04:00,9.890000343322754,9.890000343322754,9.600000381469727,9.770000457763672,510700,0.0,0.0
2023-06-12 00:00:00-04:00,9.770000457763672,9.970000267028809,9.670000076293945,9.90999984741211,418700,0.0,0.0
2023-06-13 00:00:00-04:00,9.9399995803833,10.329999923706055,9.930000305175781,10.109999656677246,385800,0.0,0.0
2023-06-14 00:00:00-04:00,10.140000343322754,10.220000267028809,9.779999732971191,9.899999618530273,402200,0.0,0.0
2023-06-15 00:00:00-04:00,9.819999694824219,10.119999885559082,9.819999694824219,10.039999961853027,378000,0.0,0.0
2023-06-16 00:00:00-04:00,10.170000076293945,10.170000076293945,9.930000305175781,9.9399995803833,721800,0.0,0.0
2023-06-20 00:00:00-04:00,9.890000343322754,9.979999542236328,9.710000038146973,9.970000267028809,386100,0.0,0.0
2023-06-21 00:00:00-04:00,9.90999984741211,10.1899995803833,9.880000114440918,10.109999656677246,359500,0.0,0.0
2023-06-22 00:00:00-04:00,10.0600004196167,10.180000305175781,9.920000076293945,10.079999923706055,438600,0.0,0.0
2023-06-23 00:00:00-04:00,9.850000381469727,10.329999923706055,9.850000381469727,10.260000228881836,2933900,0.0,0.0
2023-06-26 00:00:00-04:00,10.220000267028809,10.5,10.109999656677246,10.260000228881836,784800,0.0,0.0
2023-06-27 00:00:00-04:00,10.270000457763672,10.600000381469727,10.210000038146973,10.420000076293945,966200,0.0,0.0
2023-06-28 00:00:00-04:00,10.399999618530273,10.399999618530273,10.109999656677246,10.170000076293945,377600,0.0,0.0
2023-06-29 00:00:00-04:00,10.170000076293945,10.40999984741211,10.170000076293945,10.210000038146973,601300,0.0,0.0
2023-06-30 00:00:00-04:00,10.350000381469727,10.350000381469727,10.029999732971191,10.069999694824219,567600,0.0,0.0
2023-07-03 00:00:00-04:00,10.0,10.170000076293945,9.970000267028809,10.140000343322754,147900,0.0,0.0
2023-07-05 00:00:00-04:00,10.0,10.0600004196167,9.760000228881836,9.760000228881836,285100,0.0,0.0
2023-07-06 00:00:00-04:00,9.619999885559082,9.720000267028809,9.260000228881836,9.460000038146973,435600,0.0,0.0
2023-07-07 00:00:00-04:00,9.449999809265137,10.010000228881836,9.449999809265137,9.930000305175781,665200,0.0,0.0
2023-07-10 00:00:00-04:00,9.84000015258789,10.100000381469727,9.84000015258789,9.960000038146973,275500,0.0,0.0
2023-07-11 00:00:00-04:00,9.989999771118164,10.140000343322754,9.899999618530273,10.100000381469727,321300,0.0,0.0
2023-07-12 00:00:00-04:00,10.289999961853027,10.460000038146973,10.220000267028809,10.380000114440918,343500,0.0,0.0
2023-07-13 00:00:00-04:00,10.380000114440918,10.600000381469727,10.3100004196167,10.59000015258789,568800,0.0,0.0
2023-07-14 00:00:00-04:00,10.539999961853027,10.579999923706055,10.270000457763672,10.539999961853027,595600,0.0,0.0
2023-07-17 00:00:00-04:00,10.569999694824219,10.8100004196167,10.5600004196167,10.800000190734863,475100,0.0,0.0
2023-07-18 00:00:00-04:00,10.829999923706055,11.15999984741211,10.829999923706055,11.050000190734863,504400,0.0,0.0
2023-07-19 00:00:00-04:00,11.0,11.100000381469727,10.890000343322754,11.010000228881836,802400,0.0,0.0
2023-07-20 00:00:00-04:00,11.100000381469727,11.100000381469727,10.75,10.84000015258789,606700,0.0,0.0
2023-07-21 00:00:00-04:00,10.970000267028809,11.029999732971191,10.670000076293945,10.770000457763672,1662300,0.0,0.0
2023-07-24 00:00:00-04:00,10.819999694824219,11.1899995803833,10.770000457763672,11.170000076293945,446000,0.0,0.0
2023-07-25 00:00:00-04:00,11.09000015258789,11.390000343322754,11.050000190734863,11.319999694824219,493900,0.0,0.0
2023-07-26 00:00:00-04:00,11.3100004196167,11.449999809265137,11.170000076293945,11.199999809265137,425500,0.0,0.0
2023-07-27 00:00:00-04:00,11.229999542236328,11.229999542236328,10.970000267028809,11.020000457763672,416200,0.0,0.0
2023-07-28 00:00:00-04:00,11.15999984741211,11.229999542236328,11.09000015258789,11.199999809265137,313300,0.0,0.0
2023-07-31 00:00:00-04:00,11.25,11.350000381469727,11.220000267028809,11.289999961853027,290200,0.0,0.0
2023-08-01 00:00:00-04:00,11.279999732971191,11.470000267028809,11.210000038146973,11.449999809265137,256900,0.0,0.0
2023-08-02 00:00:00-04:00,11.279999732971191,11.279999732971191,11.010000228881836,11.1899995803833,320900,0.0,0.0
2023-08-03 00:00:00-04:00,11.069999694824219,11.25,10.899999618530273,11.069999694824219,381800,0.0,0.0
2023-08-04 00:00:00-04:00,11.079999923706055,11.350000381469727,11.069999694824219,11.170000076293945,331800,0.0,0.0
2023-08-07 00:00:00-04:00,11.220000267028809,11.470000267028809,11.140000343322754,11.149999618530273,654400,0.0,0.0
2023-08-08 00:00:00-04:00,8.5600004196167,9.329999923706055,8.149999618530273,9.300000190734863,2138600,0.0,0.0
2023-08-09 00:00:00-04:00,9.239999771118164,9.279999732971191,8.949999809265137,9.050000190734863,1206700,0.0,0.0
2023-08-10 00:00:00-04:00,9.020000457763672,9.210000038146973,8.949999809265137,9.029999732971191,634900,0.0,0.0
2023-08-11 00:00:00-04:00,9.010000228881836,9.109999656677246,8.960000038146973,9.0600004196167,443600,0.0,0.0
2023-08-14 00:00:00-04:00,8.970000267028809,9.289999961853027,8.920000076293945,9.229999542236328,366300,0.0,0.0
2023-08-15 00:00:00-04:00,9.100000381469727,9.100000381469727,8.899999618530273,9.010000228881836,410500,0.0,0.0
2023-08-16 00:00:00-04:00,9.09000015258789,9.25,8.930000305175781,8.9399995803833,351900,0.0,0.0
2023-08-17 00:00:00-04:00,9.0,9.180000305175781,9.0,9.130000114440918,668900,0.0,0.0
2023-08-18 00:00:00-04:00,9.0,9.180000305175781,8.9399995803833,9.140000343322754,291900,0.0,0.0
2023-08-21 00:00:00-04:00,9.119999885559082,9.239999771118164,9.039999961853027,9.079999923706055,358800,0.0,0.0
2023-08-22 00:00:00-04:00,9.069999694824219,9.199999809265137,9.010000228881836,9.100000381469727,461100,0.0,0.0
2023-08-23 00:00:00-04:00,9.140000343322754,9.329999923706055,9.039999961853027,9.289999961853027,459700,0.0,0.0
2023-08-24 00:00:00-04:00,9.25,9.3100004196167,9.180000305175781,9.229999542236328,351700,0.0,0.0
2023-08-25 00:00:00-04:00,9.3100004196167,9.369999885559082,9.09000015258789,9.149999618530273,323300,0.0,0.0
2023-08-28 00:00:00-04:00,9.180000305175781,9.359999656677246,9.119999885559082,9.220000267028809,298200,0.0,0.0
2023-08-29 00:00:00-04:00,9.229999542236328,9.279999732971191,9.140000343322754,9.229999542236328,285200,0.0,0.0
2023-08-30 00:00:00-04:00,9.1899995803833,9.380000114440918,9.180000305175781,9.279999732971191,415800,0.0,0.0
2023-08-31 00:00:00-04:00,9.279999732971191,9.329999923706055,9.210000038146973,9.319999694824219,1199500,0.0,0.0
2023-09-01 00:00:00-04:00,9.350000381469727,9.819999694824219,9.350000381469727,9.75,1354700,0.0,0.0
2023-09-05 00:00:00-04:00,9.619999885559082,9.630000114440918,9.380000114440918,9.600000381469727,987300,0.0,0.0
2023-09-06 00:00:00-04:00,9.649999618530273,9.75,9.359999656677246,9.640000343322754,688900,0.0,0.0
2023-09-07 00:00:00-04:00,9.600000381469727,9.670000076293945,9.210000038146973,9.260000228881836,974200,0.0,0.0
2023-09-08 00:00:00-04:00,9.319999694824219,9.59000015258789,9.15999984741211,9.550000190734863,536300,0.0,0.0
2023-09-11 00:00:00-04:00,9.680000305175781,9.880000114440918,9.59000015258789,9.859999656677246,895900,0.0,0.0
2023-09-12 00:00:00-04:00,9.90999984741211,9.979999542236328,9.760000228881836,9.960000038146973,1186600,0.0,0.0
2023-09-13 00:00:00-04:00,9.949999809265137,9.960000038146973,9.800000190734863,9.899999618530273,1149200,0.0,0.0
2023-09-14 00:00:00-04:00,9.989999771118164,10.420000076293945,9.989999771118164,10.359999656677246,596900,0.0,0.0
2023-09-15 00:00:00-04:00,10.350000381469727,10.59000015258789,10.149999618530273,10.15999984741211,1131700,0.0,0.0
2023-09-18 00:00:00-04:00,10.170000076293945,10.229999542236328,10.0,10.149999618530273,396700,0.0,0.0
2023-09-19 00:00:00-04:00,10.15999984741211,10.359999656677246,10.15999984741211,10.319999694824219,769800,0.0,0.0
2023-09-20 00:00:00-04:00,10.359999656677246,10.470000267028809,10.25,10.260000228881836,635400,0.0,0.0
2023-09-21 00:00:00-04:00,10.25,10.270000457763672,9.800000190734863,9.859999656677246,1835200,0.0,0.0
2023-09-22 00:00:00-04:00,9.949999809265137,10.079999923706055,9.819999694824219,10.020000457763672,1072400,0.0,0.0
2023-09-25 00:00:00-04:00,9.949999809265137,10.319999694824219,9.949999809265137,10.260000228881836,402100,0.0,0.0
2023-09-26 00:00:00-04:00,10.170000076293945,10.430000305175781,9.979999542236328,9.989999771118164,473800,0.0,0.0
2023-09-27 00:00:00-04:00,10.140000343322754,10.390000343322754,10.130000114440918,10.3100004196167,424300,0.0,0.0
2023-09-28 00:00:00-04:00,10.34000015258789,10.529999732971191,10.3100004196167,10.319999694824219,443100,0.0,0.0
2023-09-29 00:00:00-04:00,10.420000076293945,10.420000076293945,10.180000305175781,10.25,412400,0.0,0.0
2023-10-02 00:00:00-04:00,10.1899995803833,10.1899995803833,9.850000381469727,9.890000343322754,382300,0.0,0.0
2023-10-03 00:00:00-04:00,9.979999542236328,10.119999885559082,9.720000267028809,10.069999694824219,493200,0.0,0.0
2023-10-04 00:00:00-04:00,10.039999961853027,10.119999885559082,9.899999618530273,10.079999923706055,530800,0.0,0.0
2023-10-05 00:00:00-04:00,10.029999732971191,10.119999885559082,9.869999885559082,9.960000038146973,623400,0.0,0.0
2023-10-06 00:00:00-04:00,9.9399995803833,9.979999542236328,9.609999656677246,9.850000381469727,579400,0.0,0.0
2023-10-09 00:00:00-04:00,9.739999771118164,10.069999694824219,9.710000038146973,10.0,518100,0.0,0.0
2023-10-10 00:00:00-04:00,10.100000381469727,10.15999984741211,10.0600004196167,10.119999885559082,469100,0.0,0.0
2023-10-11 00:00:00-04:00,10.109999656677246,10.140000343322754,9.979999542236328,9.979999542236328,425000,0.0,0.0
2023-10-12 00:00:00-04:00,10.170000076293945,10.170000076293945,9.819999694824219,9.880000114440918,522300,0.0,0.0
2023-10-13 00:00:00-04:00,9.869999885559082,10.020000457763672,9.850000381469727,10.020000457763672,675600,0.0,0.0
2023-10-16 00:00:00-04:00,10.329999923706055,10.710000038146973,10.329999923706055,10.6899995803833,1168800,0.0,0.0
2023-10-17 00:00:00-04:00,10.75,11.1899995803833,10.710000038146973,10.920000076293945,672900,0.0,0.0
2023-10-18 00:00:00-04:00,10.84000015258789,10.84000015258789,10.529999732971191,10.619999885559082,384400,0.0,0.0
2023-10-19 00:00:00-04:00,10.520000457763672,10.739999771118164,10.479999542236328,10.510000228881836,361500,0.0,0.0
2023-10-20 00:00:00-04:00,10.539999961853027,10.569999694824219,10.210000038146973,10.25,835700,0.0,0.0
2023-10-23 00:00:00-04:00,10.199999809265137,10.34000015258789,9.739999771118164,10.140000343322754,2541200,0.0,0.0
2023-10-24 00:00:00-04:00,10.34000015258789,10.34000015258789,9.779999732971191,9.779999732971191,964500,0.0,0.0
2023-10-25 00:00:00-04:00,9.6899995803833,9.84000015258789,9.529999732971191,9.619999885559082,587600,0.0,0.0
2023-10-26 00:00:00-04:00,9.609999656677246,9.789999961853027,9.529999732971191,9.640000343322754,789200,0.0,0.0
2023-10-27 00:00:00-04:00,9.729999542236328,9.770000457763672,9.470000267028809,9.649999618530273,905500,0.0,0.0
2023-10-30 00:00:00-04:00,9.800000190734863,10.8100004196167,9.529999732971191,10.59000015258789,3400400,0.0,0.0
2023-10-31 00:00:00-04:00,10.600000381469727,10.649999618530273,10.489999771118164,10.510000228881836,1122300,0.0,0.0
2023-11-01 00:00:00-04:00,10.5600004196167,10.84000015258789,10.390000343322754,10.829999923706055,569800,0.0,0.0
2023-11-02 00:00:00-04:00,10.949999809265137,11.0,10.619999885559082,10.880000114440918,678400,0.0,0.0
2023-11-03 00:00:00-04:00,11.140000343322754,11.4399995803833,10.989999771118164,11.319999694824219,819400,0.0,0.0
2023-11-06 00:00:00-05:00,11.420000076293945,11.4399995803833,10.930000305175781,11.0,691500,0.0,0.0
2023-11-07 00:00:00-05:00,10.920000076293945,10.920000076293945,10.59000015258789,10.699999809265137,1284500,0.0,0.0
2023-11-08 00:00:00-05:00,10.600000381469727,10.920000076293945,9.90999984741211,10.420000076293945,1152900,0.0,0.0
2023-11-09 00:00:00-05:00,10.550000190734863,10.569999694824219,10.279999732971191,10.319999694824219,533600,0.0,0.0
2023-11-10 00:00:00-05:00,10.300000190734863,10.649999618530273,10.279999732971191,10.5,484700,0.0,0.0
2023-11-13 00:00:00-05:00,10.350000381469727,10.569999694824219,10.350000381469727,10.539999961853027,376900,0.0,0.0
2023-11-14 00:00:00-05:00,10.899999618530273,11.0,10.789999961853027,10.930000305175781,420500,0.0,0.0
2023-11-15 00:00:00-05:00,10.920000076293945,11.079999923706055,10.760000228881836,10.770000457763672,355700,0.0,0.0
2023-11-16 00:00:00-05:00,10.699999809265137,10.8100004196167,10.399999618530273,10.5,529000,0.0,0.0
2023-11-17 00:00:00-05:00,10.649999618530273,10.9399995803833,10.609999656677246,10.819999694824219,431500,0.0,0.0
2023-11-20 00:00:00-05:00,10.8100004196167,10.960000038146973,10.720000267028809,10.920000076293945,344700,0.0,0.0
2023-11-21 00:00:00-05:00,10.829999923706055,10.960000038146973,10.539999961853027,10.640000343322754,468100,0.0,0.0
2023-11-22 00:00:00-05:00,10.640000343322754,10.739999771118164,10.529999732971191,10.680000305175781,286400,0.0,0.0
2023-11-24 00:00:00-05:00,10.680000305175781,10.779999732971191,10.670000076293945,10.680000305175781,144400,0.0,0.0
2023-11-27 00:00:00-05:00,10.609999656677246,10.640000343322754,10.510000228881836,10.550000190734863,336400,0.0,0.0
2023-11-28 00:00:00-05:00,10.489999771118164,10.520000457763672,10.239999771118164,10.289999961853027,560600,0.0,0.0
2023-11-29 00:00:00-05:00,10.40999984741211,10.4399995803833,10.100000381469727,10.369999885559082,720800,0.0,0.0
2023-11-30 00:00:00-05:00,10.449999809265137,10.600000381469727,10.329999923706055,10.34000015258789,433100,0.0,0.0
2023-12-01 00:00:00-05:00,10.260000228881836,10.609999656677246,10.210000038146973,10.4399995803833,554600,0.0,0.0
2023-12-04 00:00:00-05:00,10.399999618530273,10.609999656677246,10.34000015258789,10.5600004196167,401200,0.0,0.0
2023-12-05 00:00:00-05:00,10.539999961853027,10.539999961853027,10.359999656677246,10.420000076293945,315700,0.0,0.0
2023-12-06 00:00:00-05:00,10.520000457763672,10.6899995803833,10.260000228881836,10.270000457763672,275000,0.0,0.0
2023-12-07 00:00:00-05:00,10.25,10.3100004196167,10.130000114440918,10.279999732971191,299300,0.0,0.0
2023-12-08 00:00:00-05:00,10.270000457763672,10.430000305175781,10.220000267028809,10.40999984741211,570900,0.0,0.0
2023-12-11 00:00:00-05:00,10.430000305175781,10.5,10.34000015258789,10.470000267028809,278400,0.0,0.0
2023-12-12 00:00:00-05:00,10.449999809265137,10.460000038146973,10.09000015258789,10.109999656677246,352500,0.0,0.0
2023-12-13 00:00:00-05:00,10.140000343322754,10.479999542236328,9.930000305175781,10.460000038146973,425900,0.0,0.0
2023-12-14 00:00:00-05:00,10.6899995803833,10.770000457763672,10.520000457763672,10.59000015258789,850200,0.0,0.0
2023-12-15 00:00:00-05:00,10.75,10.770000457763672,10.5,10.649999618530273,935300,0.0,0.0
2023-12-18 00:00:00-05:00,10.75,10.869999885559082,10.59000015258789,10.640000343322754,355800,0.0,0.0
2023-12-19 00:00:00-05:00,10.850000381469727,10.970000267028809,10.75,10.850000381469727,969900,0.0,0.0
2023-12-20 00:00:00-05:00,10.90999984741211,11.180000305175781,10.789999961853027,10.789999961853027,423900,0.0,0.0
2023-12-21 00:00:00-05:00,10.930000305175781,11.050000190734863,10.84000015258789,11.039999961853027,287100,0.0,0.0
2023-12-22 00:00:00-05:00,11.119999885559082,11.170000076293945,10.880000114440918,10.9399995803833,276600,0.0,0.0
2023-12-26 00:00:00-05:00,11.039999961853027,11.140000343322754,10.90999984741211,11.119999885559082,344100,0.0,0.0
2023-12-27 00:00:00-05:00,11.130000114440918,11.210000038146973,11.069999694824219,11.170000076293945,281200,0.0,0.0
2023-12-28 00:00:00-05:00,11.100000381469727,11.130000114440918,10.989999771118164,11.119999885559082,261700,0.0,0.0
2023-12-29 00:00:00-05:00,11.029999732971191,11.109999656677246,10.970000267028809,11.010000228881836,292700,0.0,0.0
2024-01-02 00:00:00-05:00,11.029999732971191,11.229999542236328,11.010000228881836,11.220000267028809,459700,0.0,0.0
2024-01-03 00:00:00-05:00,11.15999984741211,11.300000190734863,10.960000038146973,11.039999961853027,885600,0.0,0.0
2024-01-04 00:00:00-05:00,11.119999885559082,11.210000038146973,10.4399995803833,10.579999923706055,782900,0.0,0.0
2024-01-05 00:00:00-05:00,10.489999771118164,10.880000114440918,10.470000267028809,10.680000305175781,524300,0.0,0.0
2024-01-08 00:00:00-05:00,10.5600004196167,10.59000015258789,10.300000190734863,10.539999961853027,336100,0.0,0.0
2024-01-09 00:00:00-05:00,10.359999656677246,10.359999656677246,10.149999618530273,10.229999542236328,449100,0.0,0.0
2024-01-10 00:00:00-05:00,10.170000076293945,10.350000381469727,10.15999984741211,10.270000457763672,270000,0.0,0.0
2024-01-11 00:00:00-05:00,10.229999542236328,10.229999542236328,10.0,10.180000305175781,324900,0.0,0.0
2024-01-12 00:00:00-05:00,10.390000343322754,10.390000343322754,10.0600004196167,10.079999923706055,556900,0.0,0.0
2024-01-16 00:00:00-05:00,10.0,10.149999618530273,9.949999809265137,10.020000457763672,336000,0.0,0.0
2024-01-17 00:00:00-05:00,9.8100004196167,10.079999923706055,9.770000457763672,10.050000190734863,382100,0.0,0.0
2024-01-18 00:00:00-05:00,10.149999618530273,10.3100004196167,10.09000015258789,10.229999542236328,314200,0.0,0.0
2024-01-19 00:00:00-05:00,10.270000457763672,10.289999961853027,10.0600004196167,10.229999542236328,258000,0.0,0.0
2024-01-22 00:00:00-05:00,10.329999923706055,10.470000267028809,10.300000190734863,10.470000267028809,266400,0.0,0.0
2024-01-23 00:00:00-05:00,10.569999694824219,10.619999885559082,10.329999923706055,10.369999885559082,565900,0.0,0.0
2024-01-24 00:00:00-05:00,10.569999694824219,10.569999694824219,10.300000190734863,10.34000015258789,489000,0.0,0.0
2024-01-25 00:00:00-05:00,10.5600004196167,10.670000076293945,10.380000114440918,10.510000228881836,654000,0.0,0.0
2024-01-26 00:00:00-05:00,10.579999923706055,10.670000076293945,10.199999809265137,10.40999984741211,747800,0.0,0.0
2024-01-29 00:00:00-05:00,10.380000114440918,10.550000190734863,10.1899995803833,10.550000190734863,515200,0.0,0.0
2024-01-30 00:00:00-05:00,10.40999984741211,10.680000305175781,10.40999984741211,10.600000381469727,433500,0.0,0.0
2024-01-31 00:00:00-05:00,10.65999984741211,10.970000267028809,10.609999656677246,10.65999984741211,1223400,0.0,0.0
2024-02-01 00:00:00-05:00,10.710000038146973,10.8100004196167,10.529999732971191,10.729999542236328,313800,0.0,0.0
2024-02-02 00:00:00-05:00,10.550000190734863,10.619999885559082,10.479999542236328,10.510000228881836,333100,0.0,0.0
2024-02-05 00:00:00-05:00,10.369999885559082,10.420000076293945,10.239999771118164,10.369999885559082,368700,0.0,0.0
2024-02-06 00:00:00-05:00,10.329999923706055,10.59000015258789,10.329999923706055,10.470000267028809,280900,0.0,0.0
2024-02-07 00:00:00-05:00,10.5,10.5600004196167,10.289999961853027,10.529999732971191,831100,0.0,0.0
2024-02-08 00:00:00-05:00,10.479999542236328,10.770000457763672,10.449999809265137,10.770000457763672,419800,0.0,0.0
2024-02-09 00:00:00-05:00,10.739999771118164,10.819999694824219,10.600000381469727,10.6899995803833,432500,0.0,0.0
2024-02-12 00:00:00-05:00,10.699999809265137,11.0,10.640000343322754,10.880000114440918,659700,0.0,0.0
2024-02-13 00:00:00-05:00,10.529999732971191,10.649999618530273,10.3100004196167,10.380000114440918,1244700,0.0,0.0
2024-02-14 00:00:00-05:00,11.0,11.960000038146973,10.960000038146973,11.779999732971191,2621900,0.0,0.0
2024-02-15 00:00:00-05:00,11.90999984741211,12.430000305175781,11.890000343322754,12.0600004196167,2010900,0.0,0.0
2024-02-16 00:00:00-05:00,12.039999961853027,12.199999809265137,11.859999656677246,11.960000038146973,1039600,0.0,0.0
2024-02-20 00:00:00-05:00,11.84000015258789,12.0600004196167,11.680000305175781,11.75,712000,0.0,0.0
2024-02-21 00:00:00-05:00,11.8100004196167,11.979999542236328,11.670000076293945,11.8100004196167,1000200,0.0,0.0
2024-02-22 00:00:00-05:00,11.779999732971191,11.899999618530273,11.720000267028809,11.75,682800,0.0,0.0
2024-02-23 00:00:00-05:00,11.760000228881836,11.819999694824219,11.579999923706055,11.699999809265137,686100,0.0,0.0
2024-02-26 00:00:00-05:00,11.670000076293945,11.739999771118164,11.5600004196167,11.619999885559082,735100,0.0,0.0
2024-02-27 00:00:00-05:00,11.75,11.960000038146973,11.729999542236328,11.800000190734863,489300,0.0,0.0
2024-02-28 00:00:00-05:00,11.6899995803833,11.789999961853027,11.529999732971191,11.539999961853027,494800,0.0,0.0
2024-02-29 00:00:00-05:00,11.729999542236328,11.760000228881836,11.449999809265137,11.529999732971191,1022900,0.0,0.0
2024-03-01 00:00:00-05:00,11.609999656677246,12.010000228881836,11.579999923706055,11.989999771118164,548700,0.0,0.0
2024-03-04 00:00:00-05:00,11.970000267028809,12.100000381469727,11.8100004196167,11.960000038146973,414900,0.0,0.0
2024-03-05 00:00:00-05:00,11.890000343322754,12.220000267028809,11.880000114440918,12.100000381469727,514100,0.0,0.0
2024-03-06 00:00:00-05:00,12.180000305175781,12.1899995803833,11.960000038146973,12.039999961853027,439600,0.0,0.0
2024-03-07 00:00:00-05:00,12.119999885559082,12.229999542236328,11.960000038146973,12.09000015258789,498000,0.0,0.0
2024-03-08 00:00:00-05:00,12.170000076293945,12.260000228881836,12.069999694824219,12.199999809265137,380100,0.0,0.0
2024-03-11 00:00:00-04:00,12.119999885559082,12.220000267028809,11.90999984741211,12.119999885559082,418900,0.0,0.0
2024-03-12 00:00:00-04:00,12.149999618530273,12.15999984741211,11.989999771118164,12.149999618530273,257100,0.0,0.0
2024-03-13 00:00:00-04:00,12.130000114440918,12.260000228881836,12.130000114440918,12.210000038146973,278600,0.0,0.0
2024-03-14 00:00:00-04:00,12.140000343322754,12.199999809265137,12.020000457763672,12.170000076293945,462800,0.0,0.0
2024-03-15 00:00:00-04:00,12.130000114440918,12.460000038146973,12.130000114440918,12.460000038146973,867500,0.0,0.0
2024-03-18 00:00:00-04:00,12.520000457763672,12.5600004196167,12.34000015258789,12.5,474400,0.0,0.0
2024-03-19 00:00:00-04:00,12.539999961853027,12.710000038146973,12.289999961853027,12.289999961853027,529400,0.0,0.0
2024-03-20 00:00:00-04:00,12.279999732971191,12.569999694824219,12.15999984741211,12.5600004196167,628200,0.0,0.0
2024-03-21 00:00:00-04:00,12.600000381469727,12.6899995803833,12.529999732971191,12.670000076293945,729500,0.0,0.0
2024-03-22 00:00:00-04:00,12.640000343322754,12.729999542236328,12.520000457763672,12.6899995803833,393800,0.0,0.0
2024-03-25 00:00:00-04:00,12.710000038146973,12.8100004196167,12.539999961853027,12.59000015258789,211300,0.0,0.0
2024-03-26 00:00:00-04:00,12.609999656677246,12.649999618530273,12.489999771118164,12.520000457763672,264900,0.0,0.0
2024-03-27 00:00:00-04:00,12.640000343322754,12.710000038146973,12.5,12.5600004196167,313100,0.0,0.0
2024-03-28 00:00:00-04:00,12.539999961853027,12.670000076293945,12.510000228881836,12.569999694824219,397500,0.0,0.0
2024-04-01 00:00:00-04:00,12.640000343322754,12.640000343322754,12.460000038146973,12.510000228881836,303700,0.0,0.0
2024-04-02 00:00:00-04:00,12.479999542236328,12.59000015258789,12.289999961853027,12.4399995803833,373800,0.0,0.0
2024-04-03 00:00:00-04:00,12.380000114440918,12.5,12.350000381469727,12.5,310900,0.0,0.0
2024-04-04 00:00:00-04:00,12.550000190734863,12.670000076293945,12.470000267028809,12.5600004196167,338900,0.0,0.0
2024-04-05 00:00:00-04:00,12.600000381469727,12.710000038146973,12.539999961853027,12.5600004196167,244600,0.0,0.0
2024-04-08 00:00:00-04:00,12.890000343322754,12.920000076293945,12.369999885559082,12.890000343322754,1502300,0.0,0.0
2024-04-09 00:00:00-04:00,12.930000305175781,13.0,12.59000015258789,12.680000305175781,601600,0.0,0.0
2024-04-10 00:00:00-04:00,12.460000038146973,12.670000076293945,12.229999542236328,12.630000114440918,620000,0.0,0.0
2024-04-11 00:00:00-04:00,12.569999694824219,12.640000343322754,12.3100004196167,12.460000038146973,417600,0.0,0.0
2024-04-12 00:00:00-04:00,12.4399995803833,12.520000457763672,12.039999961853027,12.079999923706055,553000,0.0,0.0
2024-04-15 00:00:00-04:00,12.1899995803833,12.270000457763672,11.9399995803833,11.949999809265137,536400,0.0,0.0
2024-04-16 00:00:00-04:00,11.850000381469727,11.989999771118164,11.649999618530273,11.829999923706055,526900,0.0,0.0
2024-04-17 00:00:00-04:00,11.970000267028809,12.100000381469727,11.640000343322754,11.640000343322754,425200,0.0,0.0
2024-04-18 00:00:00-04:00,11.710000038146973,11.829999923706055,11.640000343322754,11.699999809265137,370700,0.0,0.0
2024-04-19 00:00:00-04:00,11.65999984741211,11.850000381469727,11.65999984741211,11.789999961853027,498100,0.0,0.0
2024-04-22 00:00:00-04:00,11.8100004196167,11.979999542236328,11.65999984741211,11.819999694824219,386100,0.0,0.0
2024-04-23 00:00:00-04:00,11.770000457763672,12.09000015258789,11.75,12.050000190734863,366300,0.0,0.0
2024-04-24 00:00:00-04:00,11.9399995803833,12.0,11.649999618530273,11.670000076293945,515800,0.0,0.0
2024-04-25 00:00:00-04:00,11.59000015258789,11.65999984741211,11.399999618530273,11.569999694824219,456600,0.0,0.0
2024-04-26 00:00:00-04:00,11.59000015258789,11.699999809265137,11.529999732971191,11.600000381469727,314000,0.0,0.0
2024-04-29 00:00:00-04:00,11.619999885559082,11.640000343322754,11.520000457763672,11.59000015258789,227700,0.0,0.0
2024-04-30 00:00:00-04:00,11.5,11.5,11.199999809265137,11.229999542236328,403100,0.0,0.0
2024-05-01 00:00:00-04:00,11.260000228881836,11.3100004196167,11.09000015258789,11.130000114440918,397000,0.0,0.0
2024-05-02 00:00:00-04:00,11.34000015258789,11.489999771118164,11.220000267028809,11.430000305175781,379100,0.0,0.0
2024-05-03 00:00:00-04:00,11.579999923706055,11.640000343322754,11.380000114440918,11.510000228881836,426200,0.0,0.0
2024-05-06 00:00:00-04:00,11.569999694824219,11.699999809265137,11.539999961853027,11.59000015258789,828400,0.0,0.0
2024-05-07 00:00:00-04:00,11.6899995803833,11.779999732971191,11.5600004196167,11.65999984741211,807800,0.0,0.0
2024-05-08 00:00:00-04:00,11.619999885559082,11.720000267028809,11.479999542236328,11.720000267028809,985600,0.0,0.0
2024-05-09 00:00:00-04:00,12.300000190734863,12.800000190734863,12.279999732971191,12.760000228881836,1207900,0.0,0.0
2024-05-10 00:00:00-04:00,12.829999923706055,13.680000305175781,12.8100004196167,13.670000076293945,1323600,0.0,0.0
2024-05-13 00:00:00-04:00,13.760000228881836,14.020000457763672,13.489999771118164,13.850000381469727,1163600,0.0,0.0
2024-05-14 00:00:00-04:00,13.880000114440918,13.949999809265137,13.630000114440918,13.930000305175781,620600,0.0,0.0
2024-05-15 00:00:00-04:00,13.960000038146973,13.960000038146973,13.729999542236328,13.899999618530273,523700,0.0,0.0
2024-05-16 00:00:00-04:00,13.75,13.930000305175781,13.75,13.779999732971191,591300,0.0,0.0
2024-05-17 00:00:00-04:00,13.84000015258789,13.84000015258789,13.449999809265137,13.479999542236328,513900,0.0,0.0
2024-05-20 00:00:00-04:00,13.539999961853027,13.699999809265137,13.479999542236328,13.640000343322754,499200,0.0,0.0
2024-05-21 00:00:00-04:00,13.600000381469727,13.729999542236328,13.520000457763672,13.65999984741211,598700,0.0,0.0
2024-05-22 00:00:00-04:00,13.630000114440918,13.630000114440918,13.329999923706055,13.369999885559082,453600,0.0,0.0
2024-05-23 00:00:00-04:00,13.380000114440918,13.380000114440918,12.970000267028809,13.140000343322754,411100,0.0,0.0
2024-05-24 00:00:00-04:00,13.229999542236328,13.260000228881836,13.010000228881836,13.130000114440918,291300,0.0,0.0
2024-05-28 00:00:00-04:00,13.270000457763672,13.329999923706055,13.039999961853027,13.109999656677246,371500,0.0,0.0
2024-05-29 00:00:00-04:00,12.979999542236328,13.109999656677246,12.880000114440918,13.069999694824219,423500,0.0,0.0
2024-05-30 00:00:00-04:00,13.170000076293945,13.279999732971191,12.989999771118164,13.079999923706055,538600,0.0,0.0
2024-05-31 00:00:00-04:00,13.130000114440918,13.3100004196167,13.0600004196167,13.289999961853027,568500,0.0,0.0
2024-06-03 00:00:00-04:00,13.399999618530273,13.40999984741211,13.069999694824219,13.170000076293945,592800,0.0,0.0
2024-06-04 00:00:00-04:00,13.010000228881836,13.010000228881836,12.6899995803833,12.760000228881836,639700,0.0,0.0
2024-06-05 00:00:00-04:00,12.800000190734863,13.100000381469727,12.609999656677246,13.039999961853027,686800,0.0,0.0
2024-06-06 00:00:00-04:00,13.0,13.0,12.699999809265137,12.779999732971191,451700,0.0,0.0
2024-06-07 00:00:00-04:00,12.65999984741211,12.75,12.579999923706055,12.640000343322754,379900,0.0,0.0
2024-06-10 00:00:00-04:00,12.510000228881836,12.670000076293945,12.369999885559082,12.5,931400,0.0,0.0
2024-06-11 00:00:00-04:00,12.40999984741211,12.720000267028809,12.279999732971191,12.670000076293945,435900,0.0,0.0
2024-06-12 00:00:00-04:00,13.0,13.109999656677246,12.729999542236328,12.729999542236328,424300,0.0,0.0
2024-06-13 00:00:00-04:00,12.680000305175781,12.680000305175781,12.239999771118164,12.460000038146973,477700,0.0,0.0
2024-06-14 00:00:00-04:00,12.34000015258789,12.34000015258789,12.020000457763672,12.170000076293945,440000,0.0,0.0
2024-06-17 00:00:00-04:00,12.130000114440918,12.380000114440918,12.100000381469727,12.329999923706055,530100,0.0,0.0
2024-06-18 00:00:00-04:00,12.319999694824219,12.4399995803833,12.239999771118164,12.34000015258789,313400,0.0,0.0
2024-06-20 00:00:00-04:00,12.220000267028809,12.319999694824219,12.15999984741211,12.260000228881836,277000,0.0,0.0
2024-06-21 00:00:00-04:00,12.210000038146973,12.270000457763672,12.020000457763672,12.130000114440918,887400,0.0,0.0
2024-06-24 00:00:00-04:00,12.210000038146973,12.420000076293945,12.100000381469727,12.270000457763672,365700,0.0,0.0
2024-06-25 00:00:00-04:00,12.199999809265137,12.350000381469727,12.15999984741211,12.289999961853027,407400,0.0,0.0
2024-06-26 00:00:00-04:00,12.220000267028809,12.40999984741211,12.029999732971191,12.34000015258789,511800,0.0,0.0
2024-06-27 00:00:00-04:00,12.399999618530273,12.510000228881836,12.289999961853027,12.5,566500,0.0,0.0
2024-06-28 00:00:00-04:00,12.529999732971191,12.930000305175781,12.4399995803833,12.90999984741211,4817100,0.0,0.0
2024-07-01 00:00:00-04:00,12.930000305175781,13.0,12.630000114440918,12.670000076293945,561700,0.0,0.0
2024-07-02 00:00:00-04:00,12.65999984741211,12.779999732971191,12.59000015258789,12.630000114440918,365100,0.0,0.0
2024-07-03 00:00:00-04:00,12.680000305175781,12.800000190734863,12.609999656677246,12.770000457763672,209500,0.0,0.0
2024-07-05 00:00:00-04:00,12.6899995803833,12.710000038146973,12.229999542236328,12.260000228881836,426500,0.0,0.0
2024-07-08 00:00:00-04:00,12.319999694824219,12.5600004196167,12.319999694824219,12.539999961853027,675700,0.0,0.0
2024-07-09 00:00:00-04:00,12.449999809265137,12.539999961853027,12.359999656677246,12.449999809265137,608600,0.0,0.0
2024-07-10 00:00:00-04:00,12.520000457763672,12.680000305175781,12.4399995803833,12.65999984741211,320300,0.0,0.0
2024-07-11 00:00:00-04:00,12.9399995803833,13.359999656677246,12.770000457763672,13.270000457763672,597800,0.0,0.0
2024-07-12 00:00:00-04:00,13.479999542236328,13.6899995803833,13.420000076293945,13.619999885559082,1626700,0.0,0.0
2024-07-15 00:00:00-04:00,13.84000015258789,13.989999771118164,13.65999984741211,13.850000381469727,624800,0.0,0.0
2024-07-16 00:00:00-04:00,13.930000305175781,14.529999732971191,13.920000076293945,14.329999923706055,1423200,0.0,0.0
2024-07-17 00:00:00-04:00,14.260000228881836,14.710000038146973,14.260000228881836,14.4399995803833,1193000,0.0,0.0
2024-07-18 00:00:00-04:00,14.300000190734863,14.75,14.199999809265137,14.220000267028809,699000,0.0,0.0
2024-07-19 00:00:00-04:00,14.229999542236328,14.359999656677246,13.960000038146973,14.1899995803833,1690000,0.0,0.0
2024-07-22 00:00:00-04:00,14.260000228881836,14.460000038146973,14.119999885559082,14.420000076293945,471600,0.0,0.0
2024-07-23 00:00:00-04:00,14.369999885559082,14.779999732971191,14.34000015258789,14.739999771118164,851000,0.0,0.0
2024-07-24 00:00:00-04:00,14.6899995803833,14.859999656677246,14.1899995803833,14.220000267028809,368700,0.0,0.0
2024-07-25 00:00:00-04:00,14.270000457763672,14.710000038146973,14.149999618530273,14.579999923706055,583900,0.0,0.0
2024-07-26 00:00:00-04:00,14.850000381469727,14.90999984741211,14.579999923706055,14.850000381469727,457400,0.0,0.0
2024-07-29 00:00:00-04:00,14.850000381469727,14.869999885559082,14.529999732971191,14.649999618530273,326700,0.0,0.0
2024-07-30 00:00:00-04:00,14.6899995803833,14.779999732971191,14.40999984741211,14.420000076293945,489300,0.0,0.0
2024-07-31 00:00:00-04:00,14.449999809265137,14.84000015258789,14.15999984741211,14.479999542236328,713300,0.0,0.0
2024-08-01 00:00:00-04:00,14.4399995803833,14.5,13.75,13.960000038146973,557200,0.0,0.0
2024-08-02 00:00:00-04:00,13.279999732971191,13.4399995803833,13.09000015258789,13.3100004196167,518300,0.0,0.0
2024-08-05 00:00:00-04:00,12.6899995803833,13.0,12.399999618530273,13.0,774200,0.0,0.0
2024-08-06 00:00:00-04:00,12.960000038146973,13.359999656677246,12.800000190734863,13.180000305175781,1079400,0.0,0.0
2024-08-07 00:00:00-04:00,13.180000305175781,13.180000305175781,12.149999618530273,12.5,1173400,0.0,0.0
2024-08-08 00:00:00-04:00,12.279999732971191,12.4399995803833,11.90999984741211,12.079999923706055,816300,0.0,0.0
2024-08-09 00:00:00-04:00,12.039999961853027,12.0600004196167,11.779999732971191,11.979999542236328,702000,0.0,0.0
2024-08-12 00:00:00-04:00,11.920000076293945,12.010000228881836,11.739999771118164,11.8100004196167,453100,0.0,0.0
2024-08-13 00:00:00-04:00,11.869999885559082,11.9399995803833,11.569999694824219,11.829999923706055,488300,0.0,0.0
2024-08-14 00:00:00-04:00,12.4399995803833,12.539999961853027,11.899999618530273,12.180000305175781,753900,0.0,0.0
2024-08-15 00:00:00-04:00,12.520000457763672,12.630000114440918,12.210000038146973,12.5,589300,0.0,0.0
2024-08-16 00:00:00-04:00,12.430000305175781,12.520000457763672,12.289999961853027,12.460000038146973,377500,0.0,0.0
2024-08-19 00:00:00-04:00,12.510000228881836,12.6899995803833,12.460000038146973,12.619999885559082,440000,0.0,0.0
2024-08-20 00:00:00-04:00,12.539999961853027,12.579999923706055,12.350000381469727,12.399999618530273,344600,0.0,0.0
2024-08-21 00:00:00-04:00,12.529999732971191,12.619999885559082,12.479999542236328,12.529999732971191,449700,0.0,0.0
2024-08-22 00:00:00-04:00,12.619999885559082,12.850000381469727,12.550000190734863,12.680000305175781,547300,0.0,0.0
2024-08-23 00:00:00-04:00,12.75,13.050000190734863,12.710000038146973,13.039999961853027,448400,0.0,0.0
2024-08-26 00:00:00-04:00,13.220000267028809,13.329999923706055,13.050000190734863,13.09000015258789,436500,0.0,0.0
2024-08-27 00:00:00-04:00,13.0600004196167,13.0600004196167,12.850000381469727,12.949999809265137,326700,0.0,0.0
2024-08-28 00:00:00-04:00,12.829999923706055,13.109999656677246,12.829999923706055,13.069999694824219,576000,0.0,0.0
2024-08-29 00:00:00-04:00,13.210000038146973,13.279999732971191,12.9399995803833,13.119999885559082,431800,0.0,0.0
2024-08-30 00:00:00-04:00,13.100000381469727,13.180000305175781,12.899999618530273,13.15999984741211,320400,0.0,0.0
2024-09-03 00:00:00-04:00,12.979999542236328,13.050000190734863,12.529999732971191,12.609999656677246,405000,0.0,0.0
2024-09-04 00:00:00-04:00,12.5600004196167,12.630000114440918,12.399999618530273,12.510000228881836,500600,0.0,0.0
2024-09-05 00:00:00-04:00,12.539999961853027,12.539999961853027,12.279999732971191,12.289999961853027,331500,0.0,0.0
2024-09-06 00:00:00-04:00,12.3100004196167,12.380000114440918,12.100000381469727,12.180000305175781,591500,0.0,0.0
2024-09-09 00:00:00-04:00,12.210000038146973,12.239999771118164,11.800000190734863,11.800000190734863,391300,0.0,0.0
2024-09-10 00:00:00-04:00,11.850000381469727,11.850000381469727,11.5600004196167,11.670000076293945,307900,0.0,0.0
2024-09-11 00:00:00-04:00,11.550000190734863,11.59000015258789,11.239999771118164,11.579999923706055,298900,0.0,0.0
2024-09-12 00:00:00-04:00,11.680000305175781,11.710000038146973,11.529999732971191,11.6899995803833,552700,0.0,0.0
2024-09-13 00:00:00-04:00,11.880000114440918,12.289999961853027,11.760000228881836,12.1899995803833,330500,0.0,0.0
2024-09-16 00:00:00-04:00,12.289999961853027,12.359999656677246,12.100000381469727,12.1899995803833,261200,0.0,0.0
2024-09-17 00:00:00-04:00,12.34000015258789,12.5600004196167,12.25,12.449999809265137,347400,0.0,0.0
2024-09-18 00:00:00-04:00,12.399999618530273,12.90999984741211,12.34000015258789,12.5,451400,0.0,0.0
2024-09-19 00:00:00-04:00,12.899999618530273,12.899999618530273,12.619999885559082,12.770000457763672,295600,0.0,0.0
2024-09-20 00:00:00-04:00,12.520000457763672,12.680000305175781,12.430000305175781,12.449999809265137,1368100,0.0,0.0
2024-09-23 00:00:00-04:00,12.59000015258789,12.680000305175781,12.4399995803833,12.539999961853027,435700,0.0,0.0
2024-09-24 00:00:00-04:00,12.579999923706055,12.649999618530273,12.489999771118164,12.5600004196167,304500,0.0,0.0
2024-09-25 00:00:00-04:00,12.520000457763672,12.539999961853027,12.34000015258789,12.479999542236328,549100,0.0,0.0
2024-09-26 00:00:00-04:00,12.579999923706055,12.600000381469727,12.380000114440918,12.489999771118164,248400,0.0,0.0
2024-09-27 00:00:00-04:00,12.640000343322754,12.789999961853027,12.529999732971191,12.640000343322754,356400,0.0,0.0
2024-09-30 00:00:00-04:00,12.539999961853027,12.75,12.399999618530273,12.739999771118164,624500,0.0,0.0
2024-10-01 00:00:00-04:00,12.65999984741211,12.760000228881836,12.520000457763672,12.6899995803833,388600,0.0,0.0
2024-10-02 00:00:00-04:00,12.649999618530273,12.739999771118164,12.449999809265137,12.5,425900,0.0,0.0
2024-10-03 00:00:00-04:00,12.5,12.630000114440918,12.40999984741211,12.569999694824219,352800,0.0,0.0
2024-10-04 00:00:00-04:00,12.819999694824219,12.899999618530273,12.699999809265137,12.890000343322754,351000,0.0,0.0
2024-10-07 00:00:00-04:00,12.779999732971191,12.859999656677246,12.710000038146973,12.779999732971191,519600,0.0,0.0
2024-10-08 00:00:00-04:00,12.829999923706055,12.850000381469727,12.5600004196167,12.569999694824219,373200,0.0,0.0
2024-10-09 00:00:00-04:00,12.529999732971191,12.760000228881836,12.529999732971191,12.699999809265137,218200,0.0,0.0
2024-10-10 00:00:00-04:00,12.510000228881836,12.710000038146973,12.460000038146973,12.699999809265137,232700,0.0,0.0
2024-10-11 00:00:00-04:00,12.75,12.920000076293945,12.739999771118164,12.90999984741211,190100,0.0,0.0
2024-10-14 00:00:00-04:00,12.829999923706055,12.829999923706055,12.649999618530273,12.649999618530273,246200,0.0,0.0
2024-10-15 00:00:00-04:00,12.550000190734863,12.970000267028809,12.510000228881836,12.729999542236328,555100,0.0,0.0
2024-10-16 00:00:00-04:00,12.399999618530273,12.859999656677246,12.229999542236328,12.40999984741211,574400,0.0,0.0
2024-10-17 00:00:00-04:00,12.4399995803833,12.680000305175781,12.229999542236328,12.65999984741211,570500,0.0,0.0
2024-10-18 00:00:00-04:00,12.680000305175781,12.800000190734863,12.539999961853027,12.600000381469727,2174800,0.0,0.0
2024-10-21 00:00:00-04:00,12.729999542236328,12.979999542236328,12.5600004196167,12.5600004196167,453800,0.0,0.0
2024-10-22 00:00:00-04:00,12.520000457763672,12.520000457763672,12.369999885559082,12.460000038146973,318200,0.0,0.0
2024-10-23 00:00:00-04:00,12.40999984741211,12.40999984741211,12.199999809265137,12.300000190734863,288800,0.0,0.0
2024-10-24 00:00:00-04:00,12.350000381469727,12.350000381469727,12.100000381469727,12.1899995803833,496600,0.0,0.0
2024-10-25 00:00:00-04:00,12.270000457763672,12.430000305175781,12.25,12.40999984741211,366000,0.0,0.0
2024-10-28 00:00:00-04:00,12.300000190734863,12.329999923706055,12.109999656677246,12.260000228881836,450600,0.0,0.0
2024-10-29 00:00:00-04:00,12.15999984741211,12.239999771118164,12.100000381469727,12.1899995803833,301700,0.0,0.0
2024-10-30 00:00:00-04:00,12.140000343322754,12.5,12.140000343322754,12.260000228881836,448000,0.0,0.0
2024-10-31 00:00:00-04:00,12.34000015258789,12.390000343322754,12.1899995803833,12.260000228881836,425200,0.0,0.0
2024-11-01 00:00:00-04:00,12.350000381469727,12.4399995803833,12.050000190734863,12.180000305175781,481400,0.0,0.0
2024-11-04 00:00:00-05:00,12.119999885559082,12.510000228881836,12.119999885559082,12.199999809265137,350800,0.0,0.0
2024-11-05 00:00:00-05:00,12.010000228881836,12.609999656677246,12.010000228881836,12.600000381469727,565500,0.0,0.0
2024-11-06 00:00:00-05:00,13.390000343322754,14.449999809265137,13.279999732971191,14.4399995803833,2018200,0.0,0.0
2024-11-07 00:00:00-05:00,14.460000038146973,14.720000267028809,13.6899995803833,13.829999923706055,1438900,0.0,0.0
2024-11-08 00:00:00-05:00,13.800000190734863,13.869999885559082,13.569999694824219,13.640000343322754,470500,0.0,0.0
2024-11-11 00:00:00-05:00,13.819999694824219,14.109999656677246,13.770000457763672,13.960000038146973,519900,0.0,0.0
2024-11-12 00:00:00-05:00,14.010000228881836,14.130000114440918,13.489999771118164,13.550000190734863,425200,0.0,0.0
2024-11-13 00:00:00-05:00,13.630000114440918,13.680000305175781,13.449999809265137,13.569999694824219,622700,0.0,0.0
2024-11-14 00:00:00-05:00,13.670000076293945,13.760000228881836,13.329999923706055,13.520000457763672,1358800,0.0,0.0
2024-11-15 00:00:00-05:00,13.600000381469727,13.789999961853027,13.3100004196167,13.369999885559082,395100,0.0,0.0
2024-11-18 00:00:00-05:00,13.479999542236328,13.510000228881836,13.350000381469727,13.399999618530273,641100,0.0,0.0
2024-11-19 00:00:00-05:00,13.1899995803833,13.34000015258789,13.109999656677246,13.3100004196167,871100,0.0,0.0
2024-11-20 00:00:00-05:00,13.420000076293945,13.770000457763672,13.369999885559082,13.75,590600,0.0,0.0
2024-11-21 00:00:00-05:00,13.869999885559082,14.180000305175781,13.84000015258789,13.989999771118164,459400,0.0,0.0
2024-11-22 00:00:00-05:00,14.039999961853027,14.170000076293945,14.020000457763672,14.0600004196167,336700,0.0,0.0
2024-11-25 00:00:00-05:00,14.180000305175781,14.220000267028809,13.970000267028809,14.050000190734863,355800,0.0,0.0
2024-11-26 00:00:00-05:00,13.949999809265137,14.020000457763672,13.760000228881836,14.010000228881836,999200,0.0,0.0
2024-11-27 00:00:00-05:00,14.130000114440918,14.220000267028809,13.9399995803833,13.960000038146973,314200,0.0,0.0
2024-11-29 00:00:00-05:00,14.100000381469727,14.119999885559082,13.890000343322754,13.970000267028809,195600,0.0,0.0
2024-12-02 00:00:00-05:00,14.010000228881836,14.100000381469727,13.789999961853027,14.069999694824219,300500,0.0,0.0
2024-12-03 00:00:00-05:00,14.15999984741211,14.170000076293945,13.869999885559082,14.15999984741211,310500,0.0,0.0
2024-12-04 00:00:00-05:00,14.079999923706055,14.109999656677246,13.789999961853027,14.079999923706055,321800,0.0,0.0
2024-12-05 00:00:00-05:00,14.0600004196167,14.09000015258789,13.829999923706055,13.890000343322754,297900,0.0,0.0
2024-12-06 00:00:00-05:00,13.949999809265137,13.949999809265137,13.489999771118164,13.569999694824219,276500,0.0,0.0
2024-12-09 00:00:00-05:00,13.75,13.84000015258789,13.550000190734863,13.630000114440918,320500,0.0,0.0
2024-12-10 00:00:00-05:00,13.569999694824219,13.729999542236328,13.329999923706055,13.539999961853027,538800,0.0,0.0
2024-12-11 00:00:00-05:00,13.649999618530273,13.75,13.470000267028809,13.600000381469727,447700,0.0,0.0
2024-12-12 00:00:00-05:00,13.65999984741211,13.699999809265137,13.34000015258789,13.40999984741211,419800,0.0,0.0
2024-12-13 00:00:00-05:00,13.380000114440918,13.479999542236328,13.119999885559082,13.220000267028809,365000,0.0,0.0
2024-12-16 00:00:00-05:00,13.229999542236328,13.470000267028809,13.130000114440918,13.270000457763672,430100,0.0,0.0
2024-12-17 00:00:00-05:00,13.25,13.25,12.899999618530273,13.180000305175781,480600,0.0,0.0
2024-12-18 00:00:00-05:00,13.220000267028809,13.399999618530273,12.619999885559082,12.699999809265137,700900,0.0,0.0
2024-12-19 00:00:00-05:00,12.850000381469727,12.960000038146973,12.529999732971191,12.609999656677246,495400,0.0,0.0
2024-12-20 00:00:00-05:00,12.5,12.869999885559082,12.130000114440918,12.550000190734863,1205000,0.0,0.0
2024-12-23 00:00:00-05:00,12.569999694824219,12.75,12.449999809265137,12.739999771118164,386600,0.0,0.0
2024-12-24 00:00:00-05:00,12.779999732971191,12.8100004196167,12.630000114440918,12.800000190734863,167500,0.0,0.0
2024-12-26 00:00:00-05:00,12.720000267028809,12.890000343322754,12.609999656677246,12.890000343322754,220100,0.0,0.0
2024-12-27 00:00:00-05:00,12.729999542236328,12.899999618530273,12.520000457763672,12.630000114440918,419200,0.0,0.0
2024-12-30 00:00:00-05:00,12.569999694824219,12.699999809265137,12.430000305175781,12.59000015258789,430200,0.0,0.0
2024-12-31 00:00:00-05:00,12.65999984741211,12.8100004196167,12.630000114440918,12.779999732971191,370500,0.0,0.0
2025-01-02 00:00:00-05:00,12.869999885559082,13.039999961853027,12.539999961853027,12.6899995803833,534600,0.0,0.0
2025-01-03 00:00:00-05:00,13.449999809265137,13.699999809265137,13.199999809265137,13.300000190734863,684300,0.0,0.0
2025-01-06 00:00:00-05:00,13.260000228881836,13.40999984741211,12.989999771118164,13.050000190734863,548500,0.0,0.0
2025-01-07 00:00:00-05:00,13.020000457763672,13.170000076293945,12.979999542236328,13.149999618530273,611400,0.0,0.0
2025-01-08 00:00:00-05:00,13.010000228881836,13.220000267028809,12.960000038146973,13.199999809265137,365800,0.0,0.0
2025-01-10 00:00:00-05:00,12.930000305175781,13.100000381469727,12.890000343322754,12.970000267028809,477800,0.0,0.0
2025-01-13 00:00:00-05:00,12.829999923706055,13.34000015258789,12.819999694824219,13.34000015258789,586300,0.0,0.0
2025-01-14 00:00:00-05:00,13.380000114440918,13.770000457763672,13.380000114440918,13.770000457763672,786400,0.0,0.0
2025-01-15 00:00:00-05:00,13.979999542236328,13.979999542236328,13.59000015258789,13.899999618530273,693100,0.0,0.0
2025-01-16 00:00:00-05:00,13.930000305175781,14.270000457763672,13.890000343322754,14.1899995803833,644200,0.0,0.0
2025-01-17 00:00:00-05:00,14.300000190734863,14.539999961853027,14.199999809265137,14.430000305175781,658300,0.0,0.0
2025-01-21 00:00:00-05:00,14.539999961853027,14.890000343322754,14.5,14.850000381469727,762700,0.0,0.0
2025-01-22 00:00:00-05:00,14.829999923706055,15.086600303649902,14.670000076293945,14.670000076293945,792521,0.0,0.0
