Date,Open,High,Low,Close,Volume,Dividends,Stock Splits
2022-01-03 00:00:00-05:00,15.600000381469727,16.799999237060547,15.600000381469727,16.350000381469727,10907,0.0,0.0
2022-01-04 00:00:00-05:00,30.0,32.400001525878906,18.299999237060547,19.200000762939453,8922400,0.0,0.0
2022-01-05 00:00:00-05:00,17.850000381469727,19.649999618530273,16.200000762939453,19.350000381469727,671527,0.0,0.0
2022-01-06 00:00:00-05:00,21.600000381469727,23.100000381469727,18.450000762939453,19.799999237060547,2355300,0.0,0.0
2022-01-07 00:00:00-05:00,18.0,18.75,16.950000762939453,18.0,226720,0.0,0.0
2022-01-10 00:00:00-05:00,16.950000762939453,17.549999237060547,15.75,15.899999618530273,147080,0.0,0.0
2022-01-11 00:00:00-05:00,15.300000190734863,16.649999618530273,15.300000190734863,15.75,93040,0.0,0.0
2022-01-12 00:00:00-05:00,15.600000381469727,15.899999618530273,15.0,15.300000190734863,93060,0.0,0.0
2022-01-13 00:00:00-05:00,15.0,15.149999618530273,14.399999618530273,14.850000381469727,64207,0.0,0.0
2022-01-14 00:00:00-05:00,14.699999809265137,15.600000381469727,14.25,15.449999809265137,73807,0.0,0.0
2022-01-18 00:00:00-05:00,15.300000190734863,15.600000381469727,14.699999809265137,14.850000381469727,49273,0.0,0.0
2022-01-19 00:00:00-05:00,14.550000190734863,15.0,13.649999618530273,14.550000190734863,76387,0.0,0.0
2022-01-20 00:00:00-05:00,14.550000190734863,15.600000381469727,14.399999618530273,14.850000381469727,24993,0.0,0.0
2022-01-21 00:00:00-05:00,14.399999618530273,15.149999618530273,13.949999809265137,13.949999809265137,31753,0.0,0.0
2022-01-24 00:00:00-05:00,13.050000190734863,13.5,12.149999618530273,13.050000190734863,28047,0.0,0.0
2022-01-25 00:00:00-05:00,13.649999618530273,14.399999618530273,12.75,13.050000190734863,30807,0.0,0.0
2022-01-26 00:00:00-05:00,13.199999809265137,13.949999809265137,12.75,13.050000190734863,27273,0.0,0.0
2022-01-27 00:00:00-05:00,13.050000190734863,13.949999809265137,12.75,13.800000190734863,26667,0.0,0.0
2022-01-28 00:00:00-05:00,13.800000190734863,16.350000381469727,12.899999618530273,14.850000381469727,196633,0.0,0.0
2022-01-31 00:00:00-05:00,14.850000381469727,14.850000381469727,13.949999809265137,14.100000381469727,25720,0.0,0.0
2022-02-01 00:00:00-05:00,13.949999809265137,15.300000190734863,13.800000190734863,15.0,16400,0.0,0.0
2022-02-02 00:00:00-05:00,15.0,15.0,14.25,14.699999809265137,15780,0.0,0.0
2022-02-03 00:00:00-05:00,14.25,15.0,13.949999809265137,14.399999618530273,10500,0.0,0.0
2022-02-04 00:00:00-05:00,14.25,14.399999618530273,13.350000381469727,14.100000381469727,12200,0.0,0.0
2022-02-07 00:00:00-05:00,13.800000190734863,14.100000381469727,13.050000190734863,13.949999809265137,22127,0.0,0.0
2022-02-08 00:00:00-05:00,13.949999809265137,13.949999809265137,13.199999809265137,13.800000190734863,12207,0.0,0.0
2022-02-09 00:00:00-05:00,13.5,15.300000190734863,13.199999809265137,14.850000381469727,39440,0.0,0.0
2022-02-10 00:00:00-05:00,14.699999809265137,17.100000381469727,14.399999618530273,16.200000762939453,59620,0.0,0.0
2022-02-11 00:00:00-05:00,15.899999618530273,16.049999237060547,15.149999618530273,15.449999809265137,13273,0.0,0.0
2022-02-14 00:00:00-05:00,15.149999618530273,15.899999618530273,15.0,15.0,12887,0.0,0.0
2022-02-15 00:00:00-05:00,15.0,15.75,14.850000381469727,15.600000381469727,7093,0.0,0.0
2022-02-16 00:00:00-05:00,15.300000190734863,16.049999237060547,15.0,15.75,10840,0.0,0.0
2022-02-17 00:00:00-05:00,15.449999809265137,16.200000762939453,15.300000190734863,15.75,13427,0.0,0.0
2022-02-18 00:00:00-05:00,15.449999809265137,15.600000381469727,14.699999809265137,15.300000190734863,6400,0.0,0.0
2022-02-22 00:00:00-05:00,14.550000190734863,16.5,14.550000190734863,15.149999618530273,17953,0.0,0.0
2022-02-23 00:00:00-05:00,15.0,15.899999618530273,14.699999809265137,15.149999618530273,12507,0.0,0.0
2022-02-24 00:00:00-05:00,13.5,15.75,13.350000381469727,15.149999618530273,18293,0.0,0.0
2022-02-25 00:00:00-05:00,14.699999809265137,15.449999809265137,14.399999618530273,15.449999809265137,3193,0.0,0.0
2022-02-28 00:00:00-05:00,15.149999618530273,16.049999237060547,14.850000381469727,15.600000381469727,13207,0.0,0.0
2022-03-01 00:00:00-05:00,15.300000190734863,17.100000381469727,15.300000190734863,16.5,18127,0.0,0.0
2022-03-02 00:00:00-05:00,16.350000381469727,16.5,15.75,15.75,5347,0.0,0.0
2022-03-03 00:00:00-05:00,15.75,16.799999237060547,15.300000190734863,16.5,12067,0.0,0.0
2022-03-04 00:00:00-05:00,16.049999237060547,16.5,15.0,15.0,9733,0.0,0.0
2022-03-07 00:00:00-05:00,14.699999809265137,15.600000381469727,14.25,14.699999809265137,16507,0.0,0.0
2022-03-08 00:00:00-05:00,14.699999809265137,15.75,14.25,14.850000381469727,20740,0.0,0.0
2022-03-09 00:00:00-05:00,15.0,15.75,15.0,15.449999809265137,10253,0.0,0.0
2022-03-10 00:00:00-05:00,15.149999618530273,15.449999809265137,15.149999618530273,15.300000190734863,5660,0.0,0.0
2022-03-11 00:00:00-05:00,15.149999618530273,15.75,14.850000381469727,15.300000190734863,5160,0.0,0.0
2022-03-14 00:00:00-04:00,15.149999618530273,15.149999618530273,13.800000190734863,13.800000190734863,10440,0.0,0.0
2022-03-15 00:00:00-04:00,13.5,14.850000381469727,13.5,14.399999618530273,7573,0.0,0.0
2022-03-16 00:00:00-04:00,14.399999618530273,15.449999809265137,14.399999618530273,14.699999809265137,7420,0.0,0.0
2022-03-17 00:00:00-04:00,14.850000381469727,16.5,14.550000190734863,14.850000381469727,14140,0.0,0.0
2022-03-18 00:00:00-04:00,15.449999809265137,16.350000381469727,14.850000381469727,14.850000381469727,13067,0.0,0.0
2022-03-21 00:00:00-04:00,15.149999618530273,15.75,15.149999618530273,15.149999618530273,4900,0.0,0.0
2022-03-22 00:00:00-04:00,15.0,16.5,15.0,15.0,20080,0.0,0.0
2022-03-23 00:00:00-04:00,15.75,15.75,15.300000190734863,15.449999809265137,7847,0.0,0.0
2022-03-24 00:00:00-04:00,15.600000381469727,15.75,15.0,15.0,9267,0.0,0.0
2022-03-25 00:00:00-04:00,14.399999618530273,15.300000190734863,14.399999618530273,14.699999809265137,14873,0.0,0.0
2022-03-28 00:00:00-04:00,14.699999809265137,15.300000190734863,14.550000190734863,15.149999618530273,7693,0.0,0.0
2022-03-29 00:00:00-04:00,15.0,15.300000190734863,15.0,15.0,7980,0.0,0.0
2022-03-30 00:00:00-04:00,15.149999618530273,15.449999809265137,14.850000381469727,15.0,5627,0.0,0.0
2022-03-31 00:00:00-04:00,14.850000381469727,15.300000190734863,14.850000381469727,15.0,7267,0.0,0.0
2022-04-01 00:00:00-04:00,15.0,15.300000190734863,14.850000381469727,15.0,6880,0.0,0.0
2022-04-04 00:00:00-04:00,14.850000381469727,15.600000381469727,14.850000381469727,15.300000190734863,6280,0.0,0.0
2022-04-05 00:00:00-04:00,15.149999618530273,15.75,15.149999618530273,15.149999618530273,4313,0.0,0.0
2022-04-06 00:00:00-04:00,15.149999618530273,15.600000381469727,14.699999809265137,14.850000381469727,4367,0.0,0.0
2022-04-07 00:00:00-04:00,14.850000381469727,15.300000190734863,14.550000190734863,14.699999809265137,14073,0.0,0.0
2022-04-08 00:00:00-04:00,14.550000190734863,15.449999809265137,14.100000381469727,15.0,17433,0.0,0.0
2022-04-11 00:00:00-04:00,14.399999618530273,15.0,14.399999618530273,14.550000190734863,29047,0.0,0.0
2022-04-12 00:00:00-04:00,14.699999809265137,16.049999237060547,14.100000381469727,14.699999809265137,52853,0.0,0.0
2022-04-13 00:00:00-04:00,14.550000190734863,14.550000190734863,14.100000381469727,14.25,22247,0.0,0.0
2022-04-14 00:00:00-04:00,14.399999618530273,14.399999618530273,13.350000381469727,13.649999618530273,16553,0.0,0.0
2022-04-18 00:00:00-04:00,13.5,14.100000381469727,12.75,13.050000190734863,9453,0.0,0.0
2022-04-19 00:00:00-04:00,13.199999809265137,13.800000190734863,13.199999809265137,13.199999809265137,6047,0.0,0.0
2022-04-20 00:00:00-04:00,13.5,13.949999809265137,12.75,13.050000190734863,4500,0.0,0.0
2022-04-21 00:00:00-04:00,13.050000190734863,14.100000381469727,13.050000190734863,13.199999809265137,30500,0.0,0.0
2022-04-22 00:00:00-04:00,12.75,12.899999618530273,10.800000190734863,11.100000381469727,40260,0.0,0.0
2022-04-25 00:00:00-04:00,11.399999618530273,11.399999618530273,10.050000190734863,10.350000381469727,33080,0.0,0.0
2022-04-26 00:00:00-04:00,10.050000190734863,10.5,9.600000381469727,10.199999809265137,12760,0.0,0.0
2022-04-27 00:00:00-04:00,10.649999618530273,10.649999618530273,9.899999618530273,10.199999809265137,5520,0.0,0.0
2022-04-28 00:00:00-04:00,10.649999618530273,10.649999618530273,10.199999809265137,10.199999809265137,2433,0.0,0.0
2022-04-29 00:00:00-04:00,10.199999809265137,10.5,9.75,10.050000190734863,3620,0.0,0.0
2022-05-02 00:00:00-04:00,10.199999809265137,10.350000381469727,9.899999618530273,9.899999618530273,2853,0.0,0.0
2022-05-03 00:00:00-04:00,10.5,10.5,9.899999618530273,10.199999809265137,4327,0.0,0.0
2022-05-04 00:00:00-04:00,10.350000381469727,10.350000381469727,10.050000190734863,10.199999809265137,2567,0.0,0.0
2022-05-05 00:00:00-04:00,10.5,10.5,9.75,9.75,3753,0.0,0.0
2022-05-06 00:00:00-04:00,10.050000190734863,10.050000190734863,9.149999618530273,9.300000190734863,9673,0.0,0.0
2022-05-09 00:00:00-04:00,9.149999618530273,9.300000190734863,6.900000095367432,7.349999904632568,35727,0.0,0.0
2022-05-10 00:00:00-04:00,7.199999809265137,8.699999809265137,6.449999809265137,7.199999809265137,21607,0.0,0.0
2022-05-11 00:00:00-04:00,7.5,7.650000095367432,6.75,6.900000095367432,10173,0.0,0.0
2022-05-12 00:00:00-04:00,6.150000095367432,7.050000190734863,6.150000095367432,6.900000095367432,7460,0.0,0.0
2022-05-13 00:00:00-04:00,7.349999904632568,7.800000190734863,6.900000095367432,7.199999809265137,8253,0.0,0.0
2022-05-16 00:00:00-04:00,7.349999904632568,7.949999809265137,7.349999904632568,7.650000095367432,2640,0.0,0.0
2022-05-17 00:00:00-04:00,8.25,8.25,7.800000190734863,7.949999809265137,6193,0.0,0.0
2022-05-18 00:00:00-04:00,8.550000190734863,8.550000190734863,7.199999809265137,7.5,3680,0.0,0.0
2022-05-19 00:00:00-04:00,7.5,8.25,7.349999904632568,7.650000095367432,1753,0.0,0.0
2022-05-20 00:00:00-04:00,8.399999618530273,8.850000381469727,7.5,7.949999809265137,11507,0.0,0.0
2022-05-23 00:00:00-04:00,8.550000190734863,8.550000190734863,7.5,7.800000190734863,7127,0.0,0.0
2022-05-24 00:00:00-04:00,7.949999809265137,8.399999618530273,7.5,7.800000190734863,2207,0.0,0.0
2022-05-25 00:00:00-04:00,7.800000190734863,8.25,7.800000190734863,7.949999809265137,3360,0.0,0.0
2022-05-26 00:00:00-04:00,7.949999809265137,8.850000381469727,7.949999809265137,8.399999618530273,2720,0.0,0.0
2022-05-27 00:00:00-04:00,8.399999618530273,9.0,8.399999618530273,8.699999809265137,6753,0.0,0.0
2022-05-31 00:00:00-04:00,8.550000190734863,8.550000190734863,8.25,8.399999618530273,2993,0.0,0.0
2022-06-01 00:00:00-04:00,8.25,8.550000190734863,7.800000190734863,8.25,4013,0.0,0.0
2022-06-02 00:00:00-04:00,7.949999809265137,8.699999809265137,7.949999809265137,8.399999618530273,5187,0.0,0.0
2022-06-03 00:00:00-04:00,8.25,9.0,8.25,9.0,7487,0.0,0.0
2022-06-06 00:00:00-04:00,9.149999618530273,10.949999809265137,8.850000381469727,10.199999809265137,27633,0.0,0.0
2022-06-07 00:00:00-04:00,10.199999809265137,10.649999618530273,9.75,9.75,8900,0.0,0.0
2022-06-08 00:00:00-04:00,10.350000381469727,11.399999618530273,9.600000381469727,11.399999618530273,7660,0.0,0.0
2022-06-09 00:00:00-04:00,11.100000381469727,11.550000190734863,10.199999809265137,10.949999809265137,6907,0.0,0.0
2022-06-10 00:00:00-04:00,10.949999809265137,11.550000190734863,9.0,9.149999618530273,12667,0.0,0.0
2022-06-13 00:00:00-04:00,9.75,9.75,8.699999809265137,9.149999618530273,1787,0.0,0.0
2022-06-14 00:00:00-04:00,9.149999618530273,9.449999809265137,8.550000190734863,8.550000190734863,5807,0.0,0.0
2022-06-15 00:00:00-04:00,9.0,9.75,8.25,8.399999618530273,3340,0.0,0.0
2022-06-16 00:00:00-04:00,8.699999809265137,9.0,8.25,8.699999809265137,2940,0.0,0.0
2022-06-17 00:00:00-04:00,8.699999809265137,9.0,8.100000381469727,8.399999618530273,3913,0.0,0.0
2022-06-21 00:00:00-04:00,8.100000381469727,9.300000190734863,8.100000381469727,8.399999618530273,2833,0.0,0.0
2022-06-22 00:00:00-04:00,8.25,8.850000381469727,8.25,8.25,2007,0.0,0.0
2022-06-23 00:00:00-04:00,8.25,8.699999809265137,7.949999809265137,8.100000381469727,4620,0.0,0.0
2022-06-24 00:00:00-04:00,8.100000381469727,9.300000190734863,7.5,7.5,8593,0.0,0.0
2022-06-27 00:00:00-04:00,8.100000381469727,8.399999618530273,7.5,7.949999809265137,2773,0.0,0.0
2022-06-28 00:00:00-04:00,7.800000190734863,7.949999809265137,7.650000095367432,7.800000190734863,6733,0.0,0.0
2022-06-29 00:00:00-04:00,7.800000190734863,8.25,7.5,8.100000381469727,9707,0.0,0.0
2022-06-30 00:00:00-04:00,8.699999809265137,8.699999809265137,7.949999809265137,8.100000381469727,1160,0.0,0.0
2022-07-01 00:00:00-04:00,8.399999618530273,8.550000190734863,7.949999809265137,8.100000381469727,2027,0.0,0.0
2022-07-05 00:00:00-04:00,7.949999809265137,7.949999809265137,7.650000095367432,7.650000095367432,3360,0.0,0.0
2022-07-06 00:00:00-04:00,7.800000190734863,8.25,7.800000190734863,7.800000190734863,3053,0.0,0.0
2022-07-07 00:00:00-04:00,7.800000190734863,8.399999618530273,7.800000190734863,8.25,3307,0.0,0.0
2022-07-08 00:00:00-04:00,8.25,8.25,7.949999809265137,8.100000381469727,4120,0.0,0.0
2022-07-11 00:00:00-04:00,8.399999618530273,8.399999618530273,7.800000190734863,8.100000381469727,5720,0.0,0.0
2022-07-12 00:00:00-04:00,8.100000381469727,8.25,7.949999809265137,7.949999809265137,5320,0.0,0.0
2022-07-13 00:00:00-04:00,8.399999618530273,8.399999618530273,7.800000190734863,7.949999809265137,767,0.0,0.0
2022-07-14 00:00:00-04:00,8.25,8.25,7.800000190734863,7.800000190734863,933,0.0,0.0
2022-07-15 00:00:00-04:00,7.800000190734863,7.949999809265137,7.5,7.650000095367432,6047,0.0,0.0
2022-07-18 00:00:00-04:00,8.25,8.25,5.849999904632568,7.199999809265137,11247,0.0,0.0
2022-07-19 00:00:00-04:00,7.199999809265137,7.650000095367432,7.199999809265137,7.5,4293,0.0,0.0
2022-07-20 00:00:00-04:00,7.5,7.650000095367432,7.349999904632568,7.349999904632568,2767,0.0,0.0
2022-07-21 00:00:00-04:00,7.199999809265137,7.800000190734863,7.199999809265137,7.650000095367432,4960,0.0,0.0
2022-07-22 00:00:00-04:00,8.25,8.550000190734863,7.050000190734863,7.949999809265137,9460,0.0,0.0
2022-07-25 00:00:00-04:00,7.949999809265137,8.25,7.5,7.949999809265137,3473,0.0,0.0
2022-07-26 00:00:00-04:00,7.650000095367432,7.949999809265137,7.650000095367432,7.650000095367432,1987,0.0,0.0
2022-07-27 00:00:00-04:00,7.650000095367432,7.650000095367432,7.349999904632568,7.5,2167,0.0,0.0
2022-07-28 00:00:00-04:00,7.949999809265137,8.399999618530273,7.5,7.650000095367432,2087,0.0,0.0
2022-07-29 00:00:00-04:00,7.5,8.100000381469727,7.050000190734863,7.349999904632568,7193,0.0,0.0
2022-08-01 00:00:00-04:00,7.5,7.650000095367432,7.050000190734863,7.199999809265137,3287,0.0,0.0
2022-08-02 00:00:00-04:00,6.75,7.800000190734863,6.75,7.5,2640,0.0,0.0
2022-08-03 00:00:00-04:00,7.199999809265137,7.800000190734863,7.199999809265137,7.349999904632568,3973,0.0,0.0
2022-08-04 00:00:00-04:00,7.349999904632568,7.650000095367432,7.349999904632568,7.5,2513,0.0,0.0
2022-08-05 00:00:00-04:00,7.650000095367432,7.949999809265137,7.050000190734863,7.199999809265137,18327,0.0,0.0
2022-08-08 00:00:00-04:00,7.650000095367432,7.800000190734863,7.349999904632568,7.800000190734863,5373,0.0,0.0
2022-08-09 00:00:00-04:00,7.650000095367432,7.800000190734863,7.5,7.5,3727,0.0,0.0
2022-08-10 00:00:00-04:00,7.650000095367432,8.850000381469727,7.5,8.100000381469727,19273,0.0,0.0
2022-08-11 00:00:00-04:00,8.25,8.25,7.650000095367432,7.949999809265137,5580,0.0,0.0
2022-08-12 00:00:00-04:00,7.949999809265137,8.25,7.800000190734863,7.949999809265137,4647,0.0,0.0
2022-08-15 00:00:00-04:00,12.149999618530273,15.300000190734863,8.25,8.550000190734863,4636253,0.0,0.0
2022-08-16 00:00:00-04:00,8.550000190734863,8.550000190734863,7.800000190734863,8.100000381469727,249520,0.0,0.0
2022-08-17 00:00:00-04:00,7.800000190734863,8.699999809265137,7.5,8.25,1503813,0.0,0.0
2022-08-18 00:00:00-04:00,16.049999237060547,18.0,10.649999618530273,12.75,6232280,0.0,0.0
2022-08-19 00:00:00-04:00,10.949999809265137,12.0,10.050000190734863,10.800000190734863,486507,0.0,0.0
2022-08-22 00:00:00-04:00,10.800000190734863,10.800000190734863,9.149999618530273,10.350000381469727,198587,0.0,0.0
2022-08-23 00:00:00-04:00,10.5,12.899999618530273,10.050000190734863,11.399999618530273,597267,0.0,0.0
2022-08-24 00:00:00-04:00,11.550000190734863,13.649999618530273,10.949999809265137,13.199999809265137,637967,0.0,0.0
2022-08-25 00:00:00-04:00,12.899999618530273,14.100000381469727,12.75,13.649999618530273,384380,0.0,0.0
2022-08-26 00:00:00-04:00,13.649999618530273,13.649999618530273,12.300000190734863,13.050000190734863,203527,0.0,0.0
2022-08-29 00:00:00-04:00,13.199999809265137,15.449999809265137,12.899999618530273,15.0,536727,0.0,0.0
2022-08-30 00:00:00-04:00,14.699999809265137,14.699999809265137,11.25,12.600000381469727,262153,0.0,0.0
2022-08-31 00:00:00-04:00,12.149999618530273,12.899999618530273,11.850000381469727,12.600000381469727,94140,0.0,0.0
2022-09-01 00:00:00-04:00,12.300000190734863,12.75,11.399999618530273,12.75,107280,0.0,0.0
2022-09-02 00:00:00-04:00,12.600000381469727,12.899999618530273,12.0,12.899999618530273,59913,0.0,0.0
2022-09-06 00:00:00-04:00,12.75,12.899999618530273,10.649999618530273,11.399999618530273,126007,0.0,0.0
2022-09-07 00:00:00-04:00,11.399999618530273,11.550000190734863,10.199999809265137,11.399999618530273,82960,0.0,0.0
2022-09-08 00:00:00-04:00,11.100000381469727,12.0,10.649999618530273,11.550000190734863,88027,0.0,0.0
2022-09-09 00:00:00-04:00,11.100000381469727,11.699999809265137,10.199999809265137,10.5,141527,0.0,0.0
2022-09-12 00:00:00-04:00,10.350000381469727,10.350000381469727,8.550000190734863,9.300000190734863,193920,0.0,0.0
2022-09-13 00:00:00-04:00,9.0,9.600000381469727,8.399999618530273,9.449999809265137,54593,0.0,0.0
2022-09-14 00:00:00-04:00,8.850000381469727,9.449999809265137,8.850000381469727,9.0,41007,0.0,0.0
2022-09-15 00:00:00-04:00,9.0,10.350000381469727,8.699999809265137,9.300000190734863,94300,0.0,0.0
2022-09-16 00:00:00-04:00,9.0,9.149999618530273,8.699999809265137,9.0,39273,0.0,0.0
2022-09-19 00:00:00-04:00,8.699999809265137,9.0,8.100000381469727,8.399999618530273,33260,0.0,0.0
2022-09-20 00:00:00-04:00,8.100000381469727,8.399999618530273,7.650000095367432,7.949999809265137,43213,0.0,0.0
2022-09-21 00:00:00-04:00,8.100000381469727,8.100000381469727,7.050000190734863,7.349999904632568,46220,0.0,0.0
2022-09-22 00:00:00-04:00,7.800000190734863,7.949999809265137,6.900000095367432,7.349999904632568,201967,0.0,0.0
2022-09-23 00:00:00-04:00,6.900000095367432,7.5,6.449999809265137,7.5,46940,0.0,0.0
2022-09-26 00:00:00-04:00,7.199999809265137,7.650000095367432,6.599999904632568,7.349999904632568,31647,0.0,0.0
2022-09-27 00:00:00-04:00,7.199999809265137,7.349999904632568,6.900000095367432,7.050000190734863,11613,0.0,0.0
2022-09-28 00:00:00-04:00,6.900000095367432,7.949999809265137,6.75,7.5,29987,0.0,0.0
2022-09-29 00:00:00-04:00,7.050000190734863,7.349999904632568,6.900000095367432,7.199999809265137,15427,0.0,0.0
2022-09-30 00:00:00-04:00,7.050000190734863,7.199999809265137,6.599999904632568,6.75,20887,0.0,0.0
2022-10-03 00:00:00-04:00,6.75,7.050000190734863,6.599999904632568,6.599999904632568,11560,0.0,0.0
2022-10-04 00:00:00-04:00,6.75,7.349999904632568,6.75,7.050000190734863,19447,0.0,0.0
2022-10-05 00:00:00-04:00,7.199999809265137,7.199999809265137,6.900000095367432,7.199999809265137,17027,0.0,0.0
2022-10-06 00:00:00-04:00,7.199999809265137,8.550000190734863,7.199999809265137,8.25,296160,0.0,0.0
2022-10-07 00:00:00-04:00,9.149999618530273,10.949999809265137,7.349999904632568,7.650000095367432,1131493,0.0,0.0
2022-10-10 00:00:00-04:00,7.650000095367432,9.300000190734863,6.900000095367432,8.399999618530273,227427,0.0,0.0
2022-10-11 00:00:00-04:00,8.550000190734863,8.550000190734863,7.199999809265137,8.100000381469727,87587,0.0,0.0
2022-10-12 00:00:00-04:00,7.650000095367432,7.949999809265137,7.050000190734863,7.5,76087,0.0,0.0
2022-10-13 00:00:00-04:00,6.75,7.650000095367432,6.75,7.650000095367432,45520,0.0,0.0
2022-10-14 00:00:00-04:00,7.5,8.100000381469727,7.5,7.800000190734863,36533,0.0,0.0
2022-10-17 00:00:00-04:00,7.650000095367432,8.100000381469727,7.5,7.949999809265137,41060,0.0,0.0
2022-10-18 00:00:00-04:00,7.800000190734863,7.949999809265137,7.199999809265137,7.349999904632568,44253,0.0,0.0
2022-10-19 00:00:00-04:00,7.5,7.5,7.050000190734863,7.349999904632568,37367,0.0,0.0
2022-10-20 00:00:00-04:00,7.050000190734863,7.650000095367432,6.900000095367432,7.199999809265137,33527,0.0,0.0
2022-10-21 00:00:00-04:00,7.199999809265137,7.199999809265137,6.900000095367432,7.050000190734863,18207,0.0,0.0
2022-10-24 00:00:00-04:00,7.199999809265137,7.199999809265137,6.599999904632568,6.900000095367432,33460,0.0,0.0
2022-10-25 00:00:00-04:00,6.75,6.900000095367432,6.449999809265137,6.75,28100,0.0,0.0
2022-10-26 00:00:00-04:00,6.599999904632568,6.900000095367432,6.449999809265137,6.599999904632568,23520,0.0,0.0
2022-10-27 00:00:00-04:00,6.599999904632568,7.349999904632568,6.599999904632568,7.199999809265137,30540,0.0,0.0
2022-10-28 00:00:00-04:00,7.050000190734863,7.349999904632568,7.050000190734863,7.349999904632568,15073,0.0,0.0
2022-10-31 00:00:00-04:00,7.199999809265137,7.349999904632568,6.900000095367432,7.050000190734863,8273,0.0,0.0
2022-11-01 00:00:00-04:00,7.050000190734863,7.199999809265137,6.900000095367432,7.050000190734863,8287,0.0,0.0
2022-11-02 00:00:00-04:00,6.900000095367432,6.900000095367432,6.449999809265137,6.599999904632568,25460,0.0,0.0
2022-11-03 00:00:00-04:00,6.599999904632568,6.75,6.300000190734863,6.300000190734863,27087,0.0,0.0
2022-11-04 00:00:00-04:00,6.300000190734863,6.599999904632568,6.150000095367432,6.300000190734863,8353,0.0,0.0
2022-11-07 00:00:00-05:00,6.150000095367432,6.599999904632568,6.150000095367432,6.300000190734863,19227,0.0,0.0
2022-11-08 00:00:00-05:00,6.150000095367432,6.599999904632568,6.150000095367432,6.599999904632568,13273,0.0,0.0
2022-11-09 00:00:00-05:00,6.599999904632568,6.599999904632568,6.300000190734863,6.300000190734863,12980,0.0,0.0
2022-11-10 00:00:00-05:00,6.449999809265137,6.75,6.449999809265137,6.599999904632568,12540,0.0,0.0
2022-11-11 00:00:00-05:00,6.599999904632568,7.050000190734863,6.449999809265137,6.900000095367432,16033,0.0,0.0
2022-11-14 00:00:00-05:00,6.900000095367432,7.349999904632568,6.449999809265137,6.599999904632568,39600,0.0,0.0
2022-11-15 00:00:00-05:00,6.900000095367432,6.900000095367432,6.449999809265137,6.449999809265137,14567,0.0,0.0
2022-11-16 00:00:00-05:00,6.599999904632568,6.900000095367432,6.449999809265137,6.599999904632568,4660,0.0,0.0
2022-11-17 00:00:00-05:00,6.300000190734863,7.5,6.300000190734863,7.199999809265137,41053,0.0,0.0
2022-11-18 00:00:00-05:00,7.199999809265137,7.349999904632568,6.449999809265137,6.900000095367432,32533,0.0,0.0
2022-11-21 00:00:00-05:00,7.349999904632568,7.349999904632568,6.900000095367432,6.900000095367432,16333,0.0,0.0
2022-11-22 00:00:00-05:00,6.900000095367432,7.050000190734863,6.300000190734863,6.300000190734863,32160,0.0,0.0
2022-11-23 00:00:00-05:00,6.150000095367432,6.449999809265137,6.150000095367432,6.449999809265137,18813,0.0,0.0
2022-11-25 00:00:00-05:00,6.300000190734863,6.599999904632568,6.300000190734863,6.449999809265137,4300,0.0,0.0
2022-11-28 00:00:00-05:00,6.0,6.449999809265137,6.0,6.0,10600,0.0,0.0
2022-11-29 00:00:00-05:00,6.150000095367432,6.150000095367432,5.699999809265137,5.849999904632568,38733,0.0,0.0
2022-11-30 00:00:00-05:00,5.849999904632568,6.300000190734863,5.849999904632568,6.0,11280,0.0,0.0
2022-12-01 00:00:00-05:00,6.0,6.300000190734863,5.849999904632568,6.0,8907,0.0,0.0
2022-12-02 00:00:00-05:00,6.300000190734863,6.300000190734863,5.699999809265137,6.300000190734863,18373,0.0,0.0
2022-12-05 00:00:00-05:00,6.150000095367432,6.150000095367432,5.400000095367432,5.849999904632568,29073,0.0,0.0
2022-12-06 00:00:00-05:00,5.849999904632568,6.0,5.550000190734863,5.699999809265137,13227,0.0,0.0
2022-12-07 00:00:00-05:00,5.550000190734863,5.699999809265137,5.550000190734863,5.699999809265137,9247,0.0,0.0
2022-12-08 00:00:00-05:00,5.550000190734863,5.849999904632568,5.400000095367432,5.849999904632568,19480,0.0,0.0
2022-12-09 00:00:00-05:00,5.699999809265137,5.849999904632568,5.699999809265137,5.849999904632568,5493,0.0,0.0
2022-12-12 00:00:00-05:00,5.849999904632568,6.0,5.25,5.25,57527,0.0,0.0
2022-12-13 00:00:00-05:00,5.400000095367432,5.550000190734863,5.25,5.400000095367432,23313,0.0,0.0
2022-12-14 00:00:00-05:00,5.25,5.550000190734863,5.25,5.25,21460,0.0,0.0
2022-12-15 00:00:00-05:00,5.099999904632568,5.25,4.5,4.650000095367432,35120,0.0,0.0
2022-12-16 00:00:00-05:00,5.099999904632568,5.550000190734863,4.5,4.5,26780,0.0,0.0
2022-12-19 00:00:00-05:00,4.949999809265137,5.25,4.650000095367432,4.650000095367432,30567,0.0,0.0
2022-12-20 00:00:00-05:00,4.5,5.25,4.5,4.949999809265137,20947,0.0,0.0
2022-12-21 00:00:00-05:00,5.099999904632568,5.25,4.949999809265137,5.099999904632568,11507,0.0,0.0
2022-12-22 00:00:00-05:00,4.949999809265137,4.949999809265137,4.5,4.650000095367432,30280,0.0,0.0
2022-12-23 00:00:00-05:00,4.650000095367432,5.25,4.650000095367432,4.650000095367432,8813,0.0,0.0
2022-12-27 00:00:00-05:00,4.5,4.949999809265137,4.349999904632568,4.800000190734863,21220,0.0,0.0
2022-12-28 00:00:00-05:00,4.650000095367432,4.949999809265137,4.5,4.949999809265137,9440,0.0,0.0
2022-12-29 00:00:00-05:00,4.349999904632568,5.25,4.349999904632568,4.949999809265137,31000,0.0,0.0
2022-12-30 00:00:00-05:00,4.650000095367432,5.099999904632568,4.650000095367432,4.800000190734863,19487,0.0,0.0
2023-01-03 00:00:00-05:00,4.949999809265137,5.25,4.5,4.650000095367432,19653,0.0,0.0
2023-01-04 00:00:00-05:00,4.800000190734863,5.099999904632568,4.800000190734863,4.949999809265137,10173,0.0,0.0
2023-01-05 00:00:00-05:00,4.949999809265137,5.099999904632568,4.949999809265137,4.949999809265137,13980,0.0,0.0
2023-01-06 00:00:00-05:00,5.099999904632568,6.300000190734863,4.949999809265137,5.849999904632568,104640,0.0,0.0
2023-01-09 00:00:00-05:00,6.0,6.150000095367432,5.400000095367432,5.550000190734863,32860,0.0,0.0
2023-01-10 00:00:00-05:00,5.699999809265137,5.849999904632568,5.550000190734863,5.699999809265137,13140,0.0,0.0
2023-01-11 00:00:00-05:00,5.699999809265137,6.0,5.550000190734863,5.699999809265137,17020,0.0,0.0
2023-01-12 00:00:00-05:00,5.849999904632568,5.849999904632568,5.550000190734863,5.849999904632568,16273,0.0,0.0
2023-01-13 00:00:00-05:00,6.0,7.199999809265137,5.699999809265137,7.199999809265137,83253,0.0,0.0
2023-01-17 00:00:00-05:00,7.199999809265137,7.199999809265137,6.75,7.050000190734863,27687,0.0,0.0
2023-01-18 00:00:00-05:00,7.199999809265137,7.199999809265137,6.300000190734863,6.75,60340,0.0,0.0
2023-01-19 00:00:00-05:00,6.599999904632568,6.900000095367432,6.300000190734863,6.599999904632568,14533,0.0,0.0
2023-01-20 00:00:00-05:00,6.900000095367432,6.900000095367432,6.300000190734863,6.449999809265137,13767,0.0,0.0
2023-01-23 00:00:00-05:00,6.75,6.75,6.449999809265137,6.449999809265137,13093,0.0,0.0
2023-01-24 00:00:00-05:00,6.150000095367432,6.75,6.150000095367432,6.449999809265137,8273,0.0,0.0
2023-01-25 00:00:00-05:00,6.449999809265137,6.75,6.300000190734863,6.599999904632568,9040,0.0,0.0
2023-01-26 00:00:00-05:00,6.599999904632568,6.75,6.300000190734863,6.449999809265137,11973,0.0,0.0
2023-01-27 00:00:00-05:00,6.449999809265137,6.75,6.300000190734863,6.599999904632568,13820,0.0,0.0
2023-01-30 00:00:00-05:00,6.75,7.050000190734863,6.599999904632568,6.75,27387,0.0,0.0
2023-01-31 00:00:00-05:00,6.599999904632568,6.75,6.150000095367432,6.449999809265137,18867,0.0,0.0
2023-02-01 00:00:00-05:00,6.75,6.75,5.849999904632568,6.0,44693,0.0,0.0
2023-02-02 00:00:00-05:00,6.150000095367432,6.300000190734863,6.0,6.150000095367432,20387,0.0,0.0
2023-02-03 00:00:00-05:00,6.300000190734863,6.449999809265137,5.849999904632568,6.0,20253,0.0,0.0
2023-02-06 00:00:00-05:00,6.0,6.449999809265137,5.849999904632568,5.849999904632568,9153,0.0,0.0
2023-02-07 00:00:00-05:00,5.849999904632568,6.150000095367432,5.849999904632568,5.849999904632568,10227,0.0,0.0
2023-02-08 00:00:00-05:00,5.849999904632568,6.150000095367432,5.550000190734863,5.849999904632568,24260,0.0,0.0
2023-02-09 00:00:00-05:00,5.849999904632568,6.150000095367432,5.699999809265137,5.849999904632568,8480,0.0,0.0
2023-02-10 00:00:00-05:00,6.0,6.0,5.550000190734863,5.699999809265137,16027,0.0,0.0
2023-02-13 00:00:00-05:00,6.0,6.0,5.699999809265137,5.849999904632568,18120,0.0,0.0
2023-02-14 00:00:00-05:00,5.699999809265137,6.0,5.699999809265137,5.849999904632568,6767,0.0,0.0
2023-02-15 00:00:00-05:00,5.849999904632568,6.0,5.699999809265137,5.849999904632568,5233,0.0,0.0
2023-02-16 00:00:00-05:00,5.849999904632568,6.0,5.699999809265137,5.849999904632568,9600,0.0,0.0
2023-02-17 00:00:00-05:00,5.849999904632568,6.0,5.25,5.400000095367432,21733,0.0,0.0
2023-02-21 00:00:00-05:00,5.699999809265137,6.0,5.400000095367432,5.550000190734863,14607,0.0,0.0
2023-02-22 00:00:00-05:00,5.550000190734863,6.150000095367432,5.550000190734863,5.849999904632568,42987,0.0,0.0
2023-02-23 00:00:00-05:00,6.150000095367432,6.150000095367432,5.699999809265137,5.849999904632568,22247,0.0,0.0
2023-02-24 00:00:00-05:00,5.400000095367432,6.0,5.400000095367432,5.550000190734863,13700,0.0,0.0
2023-02-27 00:00:00-05:00,6.0,6.0,5.550000190734863,5.699999809265137,13453,0.0,0.0
2023-02-28 00:00:00-05:00,5.699999809265137,5.699999809265137,5.099999904632568,5.099999904632568,20747,0.0,0.0
2023-03-01 00:00:00-05:00,5.25,5.25,4.800000190734863,4.800000190734863,32740,0.0,0.0
2023-03-02 00:00:00-05:00,5.099999904632568,5.25,4.800000190734863,4.949999809265137,15653,0.0,0.0
2023-03-03 00:00:00-05:00,5.099999904632568,5.25,4.949999809265137,5.25,11427,0.0,0.0
2023-03-06 00:00:00-05:00,5.099999904632568,5.25,4.800000190734863,4.949999809265137,16933,0.0,0.0
2023-03-07 00:00:00-05:00,4.949999809265137,4.949999809265137,4.5,4.949999809265137,20573,0.0,0.0
2023-03-08 00:00:00-05:00,4.650000095367432,4.949999809265137,4.199999809265137,4.5,54767,0.0,0.0
2023-03-09 00:00:00-05:00,4.349999904632568,4.800000190734863,4.349999904632568,4.650000095367432,29307,0.0,0.0
2023-03-10 00:00:00-05:00,4.650000095367432,4.949999809265137,4.349999904632568,4.349999904632568,8460,0.0,0.0
2023-03-13 00:00:00-04:00,4.199999809265137,4.650000095367432,4.199999809265137,4.349999904632568,8547,0.0,0.0
2023-03-14 00:00:00-04:00,4.5,4.800000190734863,4.349999904632568,4.349999904632568,13607,0.0,0.0
2023-03-15 00:00:00-04:00,4.5,4.5,4.199999809265137,4.199999809265137,17593,0.0,0.0
2023-03-16 00:00:00-04:00,4.199999809265137,4.349999904632568,4.199999809265137,4.199999809265137,6880,0.0,0.0
2023-03-17 00:00:00-04:00,4.349999904632568,4.349999904632568,4.199999809265137,4.349999904632568,3347,0.0,0.0
2023-03-20 00:00:00-04:00,4.349999904632568,4.5,4.199999809265137,4.199999809265137,10253,0.0,0.0
2023-03-21 00:00:00-04:00,4.349999904632568,4.349999904632568,4.050000190734863,4.050000190734863,13367,0.0,0.0
2023-03-22 00:00:00-04:00,4.199999809265137,4.199999809265137,4.050000190734863,4.199999809265137,41780,0.0,0.0
2023-03-23 00:00:00-04:00,4.199999809265137,4.199999809265137,4.050000190734863,4.050000190734863,13147,0.0,0.0
2023-03-24 00:00:00-04:00,4.199999809265137,4.199999809265137,3.75,4.050000190734863,50773,0.0,0.0
2023-03-27 00:00:00-04:00,4.050000190734863,4.199999809265137,4.050000190734863,4.050000190734863,6553,0.0,0.0
2023-03-28 00:00:00-04:00,4.199999809265137,4.199999809265137,4.050000190734863,4.050000190734863,10660,0.0,0.0
2023-03-29 00:00:00-04:00,4.050000190734863,4.199999809265137,3.9000000953674316,4.050000190734863,11887,0.0,0.0
2023-03-30 00:00:00-04:00,4.050000190734863,4.199999809265137,3.75,4.199999809265137,16340,0.0,0.0
2023-03-31 00:00:00-04:00,4.199999809265137,4.349999904632568,4.050000190734863,4.349999904632568,16800,0.0,0.0
2023-04-03 00:00:00-04:00,4.349999904632568,4.349999904632568,3.9000000953674316,4.050000190734863,21707,0.0,0.0
2023-04-04 00:00:00-04:00,4.050000190734863,4.349999904632568,3.9000000953674316,4.050000190734863,6500,0.0,0.0
2023-04-05 00:00:00-04:00,3.9000000953674316,4.050000190734863,3.9000000953674316,3.9000000953674316,6060,0.0,0.0
2023-04-06 00:00:00-04:00,4.050000190734863,4.050000190734863,3.9000000953674316,4.050000190734863,8253,0.0,0.0
2023-04-10 00:00:00-04:00,4.050000190734863,4.199999809265137,3.9000000953674316,4.050000190734863,7920,0.0,0.0
2023-04-11 00:00:00-04:00,4.050000190734863,4.199999809265137,3.9000000953674316,3.9000000953674316,5507,0.0,0.0
2023-04-12 00:00:00-04:00,3.9000000953674316,4.050000190734863,3.9000000953674316,3.9000000953674316,6367,0.0,0.0
2023-04-13 00:00:00-04:00,4.050000190734863,4.199999809265137,3.9000000953674316,4.050000190734863,15280,0.0,0.0
2023-04-14 00:00:00-04:00,4.050000190734863,4.199999809265137,4.050000190734863,4.199999809265137,26487,0.0,0.0
2023-04-17 00:00:00-04:00,4.199999809265137,4.199999809265137,3.9000000953674316,4.050000190734863,13740,0.0,0.0
2023-04-18 00:00:00-04:00,4.050000190734863,4.199999809265137,4.050000190734863,4.199999809265137,16593,0.0,0.0
2023-04-19 00:00:00-04:00,4.199999809265137,5.099999904632568,4.199999809265137,4.349999904632568,106160,0.0,0.0
2023-04-20 00:00:00-04:00,4.349999904632568,4.800000190734863,4.349999904632568,4.650000095367432,37793,0.0,0.0
2023-04-21 00:00:00-04:00,4.349999904632568,4.800000190734863,3.75,3.9000000953674316,71600,0.0,0.0
2023-04-24 00:00:00-04:00,4.050000190734863,4.199999809265137,3.75,3.75,18107,0.0,0.0
2023-04-25 00:00:00-04:00,4.050000190734863,4.050000190734863,3.1500000953674316,3.450000047683716,24273,0.0,0.0
2023-04-26 00:00:00-04:00,3.9000000953674316,3.9000000953674316,3.450000047683716,3.450000047683716,11227,0.0,0.0
2023-04-27 00:00:00-04:00,3.75,4.050000190734863,3.450000047683716,3.75,16080,0.0,0.0
2023-04-28 00:00:00-04:00,3.9000000953674316,4.199999809265137,3.299999952316284,3.9000000953674316,72547,0.0,0.0
2023-05-01 00:00:00-04:00,3.819999933242798,4.130000114440918,3.3399999141693115,3.990000009536743,91500,0.0,0.06666666666666667
2023-05-02 00:00:00-04:00,4.070000171661377,4.070000171661377,3.559999942779541,3.700000047683716,52300,0.0,0.0
2023-05-03 00:00:00-04:00,3.5999999046325684,3.7799999713897705,3.549999952316284,3.75,55600,0.0,0.0
2023-05-04 00:00:00-04:00,3.859999895095825,3.940000057220459,3.809999942779541,3.8399999141693115,11000,0.0,0.0
2023-05-05 00:00:00-04:00,3.8499999046325684,4.239999771118164,3.8499999046325684,3.990000009536743,59200,0.0,0.0
2023-05-08 00:00:00-04:00,4.099999904632568,4.699999809265137,4.099999904632568,4.210000038146973,74700,0.0,0.0
2023-05-09 00:00:00-04:00,4.349999904632568,4.78000020980835,4.320000171661377,4.599999904632568,46800,0.0,0.0
2023-05-10 00:00:00-04:00,4.599999904632568,5.010000228881836,4.599999904632568,4.909999847412109,78600,0.0,0.0
2023-05-11 00:00:00-04:00,5.079999923706055,5.090000152587891,4.670000076293945,4.71999979019165,35700,0.0,0.0
2023-05-12 00:00:00-04:00,4.699999809265137,4.699999809265137,4.099999904632568,4.320000171661377,40400,0.0,0.0
2023-05-15 00:00:00-04:00,4.309999942779541,4.369999885559082,4.099999904632568,4.369999885559082,18500,0.0,0.0
2023-05-16 00:00:00-04:00,4.300000190734863,4.300000190734863,3.930000066757202,4.059999942779541,16000,0.0,0.0
2023-05-17 00:00:00-04:00,4.130000114440918,4.130000114440918,4.019999980926514,4.099999904632568,8400,0.0,0.0
2023-05-18 00:00:00-04:00,4.050000190734863,4.099999904632568,3.9600000381469727,3.9800000190734863,10700,0.0,0.0
2023-05-19 00:00:00-04:00,4.119999885559082,4.119999885559082,3.809999942779541,3.880000114440918,34600,0.0,0.0
2023-05-22 00:00:00-04:00,3.890000104904175,3.9100000858306885,3.8499999046325684,3.9100000858306885,3600,0.0,0.0
2023-05-23 00:00:00-04:00,3.9100000858306885,3.9800000190734863,3.9100000858306885,3.9600000381469727,7000,0.0,0.0
2023-05-24 00:00:00-04:00,3.9200000762939453,4.0,3.890000104904175,4.0,4900,0.0,0.0
2023-05-25 00:00:00-04:00,3.9100000858306885,4.289999961853027,3.9000000953674316,4.090000152587891,14600,0.0,0.0
2023-05-26 00:00:00-04:00,4.110000133514404,4.260000228881836,4.110000133514404,4.170000076293945,2500,0.0,0.0
2023-05-30 00:00:00-04:00,4.300000190734863,4.449999809265137,3.869999885559082,3.869999885559082,51200,0.0,0.0
2023-05-31 00:00:00-04:00,3.9700000286102295,4.159999847412109,3.930000066757202,4.019999980926514,14400,0.0,0.0
2023-06-01 00:00:00-04:00,3.950000047683716,4.059999942779541,3.859999895095825,3.9100000858306885,16300,0.0,0.0
2023-06-02 00:00:00-04:00,4.039999961853027,4.099999904632568,3.9000000953674316,3.930000066757202,5400,0.0,0.0
2023-06-05 00:00:00-04:00,4.039999961853027,4.039999961853027,3.75,3.9000000953674316,27600,0.0,0.0
2023-06-06 00:00:00-04:00,3.9800000190734863,3.9800000190734863,3.680000066757202,3.759999990463257,18400,0.0,0.0
2023-06-07 00:00:00-04:00,3.7300000190734863,3.880000114440918,3.609999895095825,3.630000114440918,10100,0.0,0.0
2023-06-08 00:00:00-04:00,3.6700000762939453,3.799999952316284,3.5199999809265137,3.5199999809265137,33000,0.0,0.0
2023-06-09 00:00:00-04:00,3.619999885559082,3.619999885559082,3.2200000286102295,3.2699999809265137,24700,0.0,0.0
2023-06-12 00:00:00-04:00,3.25,3.299999952316284,3.059999942779541,3.0899999141693115,42000,0.0,0.0
2023-06-13 00:00:00-04:00,3.0899999141693115,3.380000114440918,3.0199999809265137,3.380000114440918,20000,0.0,0.0
2023-06-14 00:00:00-04:00,3.3399999141693115,3.450000047683716,2.950000047683716,3.0199999809265137,36500,0.0,0.0
2023-06-15 00:00:00-04:00,3.0999999046325684,3.1600000858306885,2.9800000190734863,3.0399999618530273,17400,0.0,0.0
2023-06-16 00:00:00-04:00,3.1500000953674316,3.1500000953674316,2.7100000381469727,2.880000114440918,61300,0.0,0.0
2023-06-20 00:00:00-04:00,2.880000114440918,3.140000104904175,2.880000114440918,3.0399999618530273,12500,0.0,0.0
2023-06-21 00:00:00-04:00,3.0799999237060547,3.1700000762939453,2.9700000286102295,3.0199999809265137,13700,0.0,0.0
2023-06-22 00:00:00-04:00,3.0899999141693115,3.0899999141693115,2.799999952316284,2.990000009536743,12500,0.0,0.0
2023-06-23 00:00:00-04:00,2.950000047683716,3.0399999618530273,2.8399999141693115,3.0,16900,0.0,0.0
2023-06-26 00:00:00-04:00,3.059999942779541,3.059999942779541,2.609999895095825,2.7899999618530273,34900,0.0,0.0
2023-06-27 00:00:00-04:00,2.799999952316284,2.8399999141693115,2.569999933242798,2.7100000381469727,32900,0.0,0.0
2023-06-28 00:00:00-04:00,2.6700000762939453,2.700000047683716,2.450000047683716,2.5999999046325684,23100,0.0,0.0
2023-06-29 00:00:00-04:00,2.6500000953674316,2.8499999046325684,2.4000000953674316,2.4600000381469727,63400,0.0,0.0
2023-06-30 00:00:00-04:00,2.5899999141693115,2.5899999141693115,1.9700000286102295,2.0199999809265137,169900,0.0,0.0
2023-07-03 00:00:00-04:00,2.109999895095825,2.1700000762939453,2.0199999809265137,2.0399999618530273,16900,0.0,0.0
2023-07-05 00:00:00-04:00,2.1500000953674316,2.2200000286102295,2.0,2.119999885559082,39900,0.0,0.0
2023-07-06 00:00:00-04:00,2.130000114440918,2.190000057220459,2.0299999713897705,2.119999885559082,16800,0.0,0.0
2023-07-07 00:00:00-04:00,2.180000066757202,2.240000009536743,2.0399999618530273,2.2200000286102295,29400,0.0,0.0
2023-07-10 00:00:00-04:00,2.200000047683716,2.25,2.109999895095825,2.200000047683716,34200,0.0,0.0
2023-07-11 00:00:00-04:00,2.259999990463257,2.2699999809265137,2.1500000953674316,2.2300000190734863,22300,0.0,0.0
2023-07-12 00:00:00-04:00,2.259999990463257,2.259999990463257,2.1500000953674316,2.2300000190734863,28200,0.0,0.0
2023-07-13 00:00:00-04:00,2.200000047683716,2.4700000286102295,2.069999933242798,2.1500000953674316,156100,0.0,0.0
2023-07-14 00:00:00-04:00,2.2100000381469727,2.2100000381469727,2.049999952316284,2.069999933242798,49800,0.0,0.0
2023-07-17 00:00:00-04:00,2.1500000953674316,2.180000066757202,2.0399999618530273,2.0999999046325684,13700,0.0,0.0
2023-07-18 00:00:00-04:00,2.1500000953674316,2.180000066757202,2.069999933242798,2.1600000858306885,13300,0.0,0.0
2023-07-19 00:00:00-04:00,2.130000114440918,2.180000066757202,2.0999999046325684,2.1600000858306885,15900,0.0,0.0
2023-07-20 00:00:00-04:00,2.180000066757202,2.180000066757202,2.0899999141693115,2.0999999046325684,13100,0.0,0.0
2023-07-21 00:00:00-04:00,2.140000104904175,2.180000066757202,2.109999895095825,2.1500000953674316,9300,0.0,0.0
2023-07-24 00:00:00-04:00,2.119999885559082,2.180000066757202,2.119999885559082,2.130000114440918,14500,0.0,0.0
2023-07-25 00:00:00-04:00,2.140000104904175,2.299999952316284,2.119999885559082,2.2799999713897705,43400,0.0,0.0
2023-07-26 00:00:00-04:00,2.299999952316284,2.7300000190734863,2.2300000190734863,2.6600000858306885,118300,0.0,0.0
2023-07-27 00:00:00-04:00,2.690000057220459,2.690000057220459,2.369999885559082,2.4200000762939453,87300,0.0,0.0
2023-07-28 00:00:00-04:00,2.3499999046325684,2.5999999046325684,2.3499999046325684,2.549999952316284,31300,0.0,0.0
2023-07-31 00:00:00-04:00,2.640000104904175,2.640000104904175,2.440000057220459,2.4600000381469727,33200,0.0,0.0
2023-08-01 00:00:00-04:00,2.4700000286102295,2.5,2.359999895095825,2.5,22000,0.0,0.0
2023-08-02 00:00:00-04:00,2.5,2.5,2.4000000953674316,2.440000057220459,5900,0.0,0.0
2023-08-03 00:00:00-04:00,2.4000000953674316,2.640000104904175,2.4000000953674316,2.549999952316284,23500,0.0,0.0
2023-08-04 00:00:00-04:00,2.490000009536743,2.490000009536743,2.3299999237060547,2.3399999141693115,24700,0.0,0.0
2023-08-07 00:00:00-04:00,2.309999942779541,2.6600000858306885,2.309999942779541,2.609999895095825,106500,0.0,0.0
2023-08-08 00:00:00-04:00,2.6500000953674316,2.869999885559082,2.4700000286102295,2.640000104904175,71300,0.0,0.0
2023-08-09 00:00:00-04:00,2.509999990463257,2.9600000381469727,2.509999990463257,2.9100000858306885,81500,0.0,0.0
2023-08-10 00:00:00-04:00,2.869999885559082,3.1600000858306885,2.7699999809265137,3.1600000858306885,37200,0.0,0.0
2023-08-11 00:00:00-04:00,3.1600000858306885,3.1600000858306885,2.440000057220459,2.5,496800,0.0,0.0
2023-08-14 00:00:00-04:00,2.559999942779541,2.5799999237060547,2.4200000762939453,2.5,87000,0.0,0.0
2023-08-15 00:00:00-04:00,2.5899999141693115,2.5899999141693115,2.25,2.430000066757202,54200,0.0,0.0
2023-08-16 00:00:00-04:00,2.3399999141693115,2.440000057220459,2.3399999141693115,2.390000104904175,8900,0.0,0.0
2023-08-17 00:00:00-04:00,2.3499999046325684,2.359999895095825,2.240000009536743,2.3299999237060547,29900,0.0,0.0
2023-08-18 00:00:00-04:00,2.299999952316284,2.359999895095825,2.2300000190734863,2.3299999237060547,14300,0.0,0.0
2023-08-21 00:00:00-04:00,2.2200000286102295,2.3399999141693115,2.1600000858306885,2.259999990463257,14300,0.0,0.0
2023-08-22 00:00:00-04:00,2.259999990463257,2.3299999237060547,2.1700000762939453,2.3299999237060547,10600,0.0,0.0
2023-08-23 00:00:00-04:00,2.309999942779541,2.4100000858306885,2.309999942779541,2.380000114440918,5300,0.0,0.0
2023-08-24 00:00:00-04:00,2.380000114440918,2.5199999809265137,2.319999933242798,2.4200000762939453,20000,0.0,0.0
2023-08-25 00:00:00-04:00,2.390000104904175,2.569999933242798,2.390000104904175,2.490000009536743,9700,0.0,0.0
2023-08-28 00:00:00-04:00,2.5399999618530273,2.700000047683716,2.4000000953674316,2.559999942779541,9700,0.0,0.0
2023-08-29 00:00:00-04:00,2.5899999141693115,2.690000057220459,2.4800000190734863,2.6600000858306885,8600,0.0,0.0
2023-08-30 00:00:00-04:00,2.5899999141693115,2.7100000381469727,2.5899999141693115,2.619999885559082,29300,0.0,0.0
2023-08-31 00:00:00-04:00,2.5899999141693115,2.880000114440918,2.450000047683716,2.7899999618530273,14500,0.0,0.0
2023-09-01 00:00:00-04:00,3.069999933242798,3.069999933242798,2.7100000381469727,2.799999952316284,29800,0.0,0.0
2023-09-05 00:00:00-04:00,2.7699999809265137,2.8299999237060547,2.7100000381469727,2.7300000190734863,13100,0.0,0.0
2023-09-06 00:00:00-04:00,2.7799999713897705,2.950000047683716,2.7699999809265137,2.930000066757202,20200,0.0,0.0
2023-09-07 00:00:00-04:00,2.9800000190734863,3.0,2.799999952316284,2.9700000286102295,36800,0.0,0.0
2023-09-08 00:00:00-04:00,3.1600000858306885,3.2100000381469727,1.2400000095367432,1.3799999952316284,5643100,0.0,0.0
2023-09-11 00:00:00-04:00,1.5800000429153442,1.9600000381469727,1.350000023841858,1.5,16393000,0.0,0.0
2023-09-12 00:00:00-04:00,1.4500000476837158,1.5299999713897705,1.3899999856948853,1.440000057220459,753200,0.0,0.0
2023-09-13 00:00:00-04:00,1.340000033378601,1.4500000476837158,1.2899999618530273,1.4299999475479126,339600,0.0,0.0
2023-09-14 00:00:00-04:00,1.409999966621399,1.4299999475479126,1.340000033378601,1.399999976158142,108600,0.0,0.0
2023-09-15 00:00:00-04:00,1.3899999856948853,1.440000057220459,1.350000023841858,1.3899999856948853,141000,0.0,0.0
2023-09-18 00:00:00-04:00,1.3899999856948853,1.3899999856948853,1.309999942779541,1.3200000524520874,88000,0.0,0.0
2023-09-19 00:00:00-04:00,1.3700000047683716,1.3700000047683716,1.2599999904632568,1.2899999618530273,353500,0.0,0.0
2023-09-20 00:00:00-04:00,1.2999999523162842,1.3200000524520874,1.2100000381469727,1.2599999904632568,98400,0.0,0.0
2023-09-21 00:00:00-04:00,1.25,1.25,1.1799999475479126,1.2400000095367432,127300,0.0,0.0
2023-09-22 00:00:00-04:00,1.25,1.25,1.2100000381469727,1.25,80800,0.0,0.0
2023-09-25 00:00:00-04:00,1.2799999713897705,1.2899999618530273,1.2200000286102295,1.25,51200,0.0,0.0
2023-09-26 00:00:00-04:00,1.2100000381469727,1.2400000095367432,1.1200000047683716,1.1699999570846558,133500,0.0,0.0
2023-09-27 00:00:00-04:00,1.2200000286102295,1.2200000286102295,1.1699999570846558,1.190000057220459,48800,0.0,0.0
2023-09-28 00:00:00-04:00,1.190000057220459,1.3600000143051147,1.159999966621399,1.3200000524520874,185000,0.0,0.0
2023-09-29 00:00:00-04:00,1.3600000143051147,1.3700000047683716,1.2899999618530273,1.340000033378601,108200,0.0,0.0
2023-10-02 00:00:00-04:00,1.2999999523162842,1.340000033378601,1.25,1.25,74700,0.0,0.0
2023-10-03 00:00:00-04:00,1.2799999713897705,1.2899999618530273,1.2000000476837158,1.2300000190734863,26100,0.0,0.0
2023-10-04 00:00:00-04:00,1.2200000286102295,1.25,1.1799999475479126,1.2100000381469727,108200,0.0,0.0
2023-10-05 00:00:00-04:00,1.2200000286102295,1.2699999809265137,1.1699999570846558,1.2000000476837158,99500,0.0,0.0
2023-10-06 00:00:00-04:00,1.1799999475479126,1.2400000095367432,1.159999966621399,1.2000000476837158,79500,0.0,0.0
2023-10-09 00:00:00-04:00,1.190000057220459,1.2100000381469727,1.1699999570846558,1.190000057220459,17100,0.0,0.0
2023-10-10 00:00:00-04:00,1.2699999809265137,1.2699999809265137,1.2000000476837158,1.25,25800,0.0,0.0
2023-10-11 00:00:00-04:00,1.2300000190734863,1.2400000095367432,1.1699999570846558,1.1699999570846558,48500,0.0,0.0
2023-10-12 00:00:00-04:00,1.1799999475479126,1.25,1.1799999475479126,1.2300000190734863,62600,0.0,0.0
2023-10-13 00:00:00-04:00,1.25,1.409999966621399,1.2300000190734863,1.3799999952316284,483000,0.0,0.0
2023-10-16 00:00:00-04:00,1.399999976158142,1.600000023841858,1.1100000143051147,1.2300000190734863,885500,0.0,0.0
2023-10-17 00:00:00-04:00,1.2000000476837158,1.2599999904632568,1.1699999570846558,1.2000000476837158,107800,0.0,0.0
2023-10-18 00:00:00-04:00,1.190000057220459,1.2899999618530273,1.190000057220459,1.2599999904632568,74200,0.0,0.0
2023-10-19 00:00:00-04:00,1.2200000286102295,1.2799999713897705,1.159999966621399,1.1699999570846558,45900,0.0,0.0
2023-10-20 00:00:00-04:00,1.159999966621399,1.2400000095367432,1.149999976158142,1.149999976158142,50200,0.0,0.0
2023-10-23 00:00:00-04:00,1.159999966621399,1.159999966621399,1.0700000524520874,1.090000033378601,46200,0.0,0.0
2023-10-24 00:00:00-04:00,1.1200000047683716,1.149999976158142,1.059999942779541,1.090000033378601,23200,0.0,0.0
2023-10-25 00:00:00-04:00,1.0800000429153442,1.090000033378601,0.9700000286102295,1.0099999904632568,73800,0.0,0.0
2023-10-26 00:00:00-04:00,1.0099999904632568,1.0800000429153442,1.0099999904632568,1.0800000429153442,17600,0.0,0.0
2023-10-27 00:00:00-04:00,1.0800000429153442,1.0800000429153442,1.0499999523162842,1.0700000524520874,12000,0.0,0.0
2023-10-30 00:00:00-04:00,1.0800000429153442,1.1200000047683716,1.0199999809265137,1.100000023841858,46900,0.0,0.0
2023-10-31 00:00:00-04:00,1.159999966621399,1.2400000095367432,1.0800000429153442,1.2200000286102295,1676100,0.0,0.0
2023-11-01 00:00:00-04:00,1.3200000524520874,1.3600000143051147,1.2200000286102295,1.2899999618530273,1252400,0.0,0.0
2023-11-02 00:00:00-04:00,1.2599999904632568,1.5399999618530273,1.25,1.3600000143051147,777700,0.0,0.0
2023-11-03 00:00:00-04:00,1.4900000095367432,1.6699999570846558,1.3799999952316284,1.600000023841858,9447400,0.0,0.0
2023-11-06 00:00:00-05:00,1.4700000286102295,1.6299999952316284,1.440000057220459,1.6100000143051147,609400,0.0,0.0
2023-11-07 00:00:00-05:00,1.5499999523162842,1.7000000476837158,1.5499999523162842,1.7000000476837158,294000,0.0,0.0
2023-11-08 00:00:00-05:00,1.7799999713897705,1.7799999713897705,1.5700000524520874,1.590000033378601,176400,0.0,0.0
2023-11-09 00:00:00-05:00,1.6399999856948853,1.6399999856948853,1.4600000381469727,1.5,89900,0.0,0.0
2023-11-10 00:00:00-05:00,1.5,1.5299999713897705,1.3700000047683716,1.399999976158142,162700,0.0,0.0
2023-11-13 00:00:00-05:00,1.4600000381469727,1.4900000095367432,1.3899999856948853,1.4600000381469727,58600,0.0,0.0
2023-11-14 00:00:00-05:00,1.4299999475479126,1.7699999809265137,1.4299999475479126,1.690000057220459,277100,0.0,0.0
2023-11-15 00:00:00-05:00,1.659999966621399,1.909999966621399,1.649999976158142,1.899999976158142,213000,0.0,0.0
2023-11-16 00:00:00-05:00,1.8799999952316284,2.2300000190734863,1.8799999952316284,2.180000066757202,322100,0.0,0.0
2023-11-17 00:00:00-05:00,2.299999952316284,2.7799999713897705,2.1500000953674316,2.630000114440918,383700,0.0,0.0
2023-11-20 00:00:00-05:00,2.2200000286102295,2.5,1.659999966621399,1.899999976158142,567200,0.0,0.0
2023-11-21 00:00:00-05:00,1.809999942779541,1.8600000143051147,1.7300000190734863,1.8300000429153442,100000,0.0,0.0
2023-11-22 00:00:00-05:00,1.840000033378601,1.940000057220459,1.7699999809265137,1.7999999523162842,111400,0.0,0.0
2023-11-24 00:00:00-05:00,1.7200000286102295,1.7999999523162842,1.6299999952316284,1.6299999952316284,79100,0.0,0.0
2023-11-27 00:00:00-05:00,1.649999976158142,1.840000033378601,1.6200000047683716,1.7200000286102295,65300,0.0,0.0
2023-11-28 00:00:00-05:00,1.7999999523162842,1.8200000524520874,1.7300000190734863,1.7999999523162842,20000,0.0,0.0
2023-11-29 00:00:00-05:00,1.840000033378601,1.9299999475479126,1.659999966621399,1.7000000476837158,113200,0.0,0.0
2023-11-30 00:00:00-05:00,1.7599999904632568,1.7599999904632568,1.649999976158142,1.7000000476837158,27100,0.0,0.0
2023-12-01 00:00:00-05:00,1.6699999570846558,1.7999999523162842,1.6699999570846558,1.7999999523162842,23600,0.0,0.0
2023-12-04 00:00:00-05:00,1.7899999618530273,2.009999990463257,1.7899999618530273,1.9800000190734863,80700,0.0,0.0
2023-12-05 00:00:00-05:00,2.0299999713897705,2.0299999713897705,1.7899999618530273,1.899999976158142,144500,0.0,0.0
2023-12-06 00:00:00-05:00,1.8700000047683716,2.0,1.850000023841858,1.9700000286102295,39600,0.0,0.0
2023-12-07 00:00:00-05:00,2.0199999809265137,2.240000009536743,1.9800000190734863,2.2300000190734863,82100,0.0,0.0
2023-12-08 00:00:00-05:00,2.2799999713897705,2.299999952316284,2.119999885559082,2.119999885559082,44600,0.0,0.0
2023-12-11 00:00:00-05:00,2.0399999618530273,2.2699999809265137,2.0299999713897705,2.0999999046325684,57900,0.0,0.0
2023-12-12 00:00:00-05:00,2.200000047683716,2.259999990463257,2.0999999046325684,2.140000104904175,66200,0.0,0.0
2023-12-13 00:00:00-05:00,2.190000057220459,2.200000047683716,2.0399999618530273,2.1600000858306885,18200,0.0,0.0
2023-12-14 00:00:00-05:00,2.119999885559082,2.180000066757202,2.0299999713897705,2.1500000953674316,43000,0.0,0.0
2023-12-15 00:00:00-05:00,2.1500000953674316,2.1500000953674316,1.909999966621399,1.909999966621399,68300,0.0,0.0
2023-12-18 00:00:00-05:00,1.9199999570846558,2.0,1.7999999523162842,1.840000033378601,80300,0.0,0.0
2023-12-19 00:00:00-05:00,1.8300000429153442,1.899999976158142,1.8200000524520874,1.8799999952316284,18800,0.0,0.0
2023-12-20 00:00:00-05:00,1.9700000286102295,1.9700000286102295,1.7999999523162842,1.8600000143051147,39100,0.0,0.0
2023-12-21 00:00:00-05:00,1.899999976158142,1.9500000476837158,1.8600000143051147,1.8899999856948853,16300,0.0,0.0
2023-12-22 00:00:00-05:00,1.8899999856948853,1.9199999570846558,1.8600000143051147,1.909999966621399,18100,0.0,0.0
2023-12-26 00:00:00-05:00,1.909999966621399,1.9600000381469727,1.850000023841858,1.899999976158142,34000,0.0,0.0
2023-12-27 00:00:00-05:00,1.850000023841858,1.9500000476837158,1.7699999809265137,1.840000033378601,58800,0.0,0.0
2023-12-28 00:00:00-05:00,1.6100000143051147,1.840000033378601,1.6100000143051147,1.7000000476837158,99700,0.0,0.0
2023-12-29 00:00:00-05:00,1.850000023841858,1.8700000047683716,1.7200000286102295,1.75,73700,0.0,0.0
2024-01-02 00:00:00-05:00,1.7899999618530273,1.899999976158142,1.7899999618530273,1.850000023841858,37100,0.0,0.0
2024-01-03 00:00:00-05:00,1.7799999713897705,1.850000023841858,1.75,1.809999942779541,14200,0.0,0.0
2024-01-04 00:00:00-05:00,1.8600000143051147,1.8600000143051147,1.7799999713897705,1.8200000524520874,16800,0.0,0.0
2024-01-05 00:00:00-05:00,1.7999999523162842,1.850000023841858,1.7599999904632568,1.7799999713897705,33400,0.0,0.0
2024-01-08 00:00:00-05:00,1.7799999713897705,1.8200000524520874,1.7699999809265137,1.809999942779541,14800,0.0,0.0
2024-01-09 00:00:00-05:00,1.909999966621399,1.9500000476837158,1.850000023841858,1.940000057220459,60200,0.0,0.0
2024-01-10 00:00:00-05:00,1.9199999570846558,2.1500000953674316,1.9199999570846558,2.0799999237060547,72600,0.0,0.0
2024-01-11 00:00:00-05:00,2.049999952316284,2.1500000953674316,2.0199999809265137,2.069999933242798,47800,0.0,0.0
2024-01-12 00:00:00-05:00,2.0799999237060547,2.190000057220459,1.9800000190734863,2.069999933242798,46200,0.0,0.0
2024-01-16 00:00:00-05:00,2.009999990463257,2.1700000762939453,2.009999990463257,2.069999933242798,33700,0.0,0.0
2024-01-17 00:00:00-05:00,2.109999895095825,2.140000104904175,1.9800000190734863,1.9800000190734863,18400,0.0,0.0
2024-01-18 00:00:00-05:00,2.009999990463257,2.0899999141693115,2.0,2.069999933242798,18500,0.0,0.0
2024-01-19 00:00:00-05:00,2.059999942779541,2.180000066757202,2.059999942779541,2.1500000953674316,26900,0.0,0.0
2024-01-22 00:00:00-05:00,2.1500000953674316,2.3499999046325684,2.109999895095825,2.2300000190734863,85500,0.0,0.0
2024-01-23 00:00:00-05:00,2.2300000190734863,2.309999942779541,2.1600000858306885,2.180000066757202,18400,0.0,0.0
2024-01-24 00:00:00-05:00,2.140000104904175,2.190000057220459,2.069999933242798,2.140000104904175,27800,0.0,0.0
2024-01-25 00:00:00-05:00,2.0999999046325684,2.119999885559082,1.909999966621399,1.909999966621399,40300,0.0,0.0
2024-01-26 00:00:00-05:00,1.9299999475479126,2.069999933242798,1.9299999475479126,2.059999942779541,25700,0.0,0.0
2024-01-29 00:00:00-05:00,2.069999933242798,2.0799999237060547,2.009999990463257,2.069999933242798,9200,0.0,0.0
2024-01-30 00:00:00-05:00,2.0399999618530273,2.0799999237060547,2.0299999713897705,2.059999942779541,10400,0.0,0.0
2024-01-31 00:00:00-05:00,2.0,2.049999952316284,1.9800000190734863,2.009999990463257,3300,0.0,0.0
2024-02-01 00:00:00-05:00,2.009999990463257,2.049999952316284,1.9800000190734863,2.0,13700,0.0,0.0
2024-02-02 00:00:00-05:00,1.9500000476837158,1.9900000095367432,1.9199999570846558,1.9600000381469727,15000,0.0,0.0
2024-02-05 00:00:00-05:00,1.9700000286102295,1.9700000286102295,1.8899999856948853,1.8899999856948853,35900,0.0,0.0
2024-02-06 00:00:00-05:00,1.8899999856948853,2.1500000953674316,1.850000023841858,2.0999999046325684,30500,0.0,0.0
2024-02-07 00:00:00-05:00,2.140000104904175,2.140000104904175,1.940000057220459,1.940000057220459,40200,0.0,0.0
2024-02-08 00:00:00-05:00,1.9199999570846558,2.0999999046325684,1.9199999570846558,2.009999990463257,10500,0.0,0.0
2024-02-09 00:00:00-05:00,1.9900000095367432,1.9900000095367432,1.8300000429153442,1.9700000286102295,27000,0.0,0.0
2024-02-12 00:00:00-05:00,2.009999990463257,2.049999952316284,1.9500000476837158,1.9500000476837158,25600,0.0,0.0
2024-02-13 00:00:00-05:00,1.8600000143051147,1.9500000476837158,1.850000023841858,1.8700000047683716,23600,0.0,0.0
2024-02-14 00:00:00-05:00,1.8700000047683716,1.9500000476837158,1.8600000143051147,1.940000057220459,12000,0.0,0.0
2024-02-15 00:00:00-05:00,1.940000057220459,1.9900000095367432,1.940000057220459,1.9900000095367432,20100,0.0,0.0
2024-02-16 00:00:00-05:00,2.0,2.0399999618530273,1.9700000286102295,2.0,5000,0.0,0.0
2024-02-20 00:00:00-05:00,2.0,2.049999952316284,1.909999966621399,2.009999990463257,14500,0.0,0.0
2024-02-21 00:00:00-05:00,2.009999990463257,2.109999895095825,1.9600000381469727,2.0299999713897705,26000,0.0,0.0
2024-02-22 00:00:00-05:00,1.9900000095367432,2.009999990463257,1.909999966621399,1.9299999475479126,36000,0.0,0.0
2024-02-23 00:00:00-05:00,1.8899999856948853,1.9700000286102295,1.850000023841858,1.8799999952316284,36300,0.0,0.0
2024-02-26 00:00:00-05:00,1.8799999952316284,1.8799999952316284,1.8200000524520874,1.8300000429153442,12600,0.0,0.0
2024-02-27 00:00:00-05:00,1.8300000429153442,1.9900000095367432,1.8300000429153442,1.940000057220459,35500,0.0,0.0
2024-02-28 00:00:00-05:00,1.9600000381469727,2.0299999713897705,1.9199999570846558,1.9299999475479126,10300,0.0,0.0
2024-02-29 00:00:00-05:00,1.9299999475479126,2.0199999809265137,1.899999976158142,1.940000057220459,12700,0.0,0.0
2024-03-01 00:00:00-05:00,2.009999990463257,2.009999990463257,1.9299999475479126,1.9900000095367432,17700,0.0,0.0
2024-03-04 00:00:00-05:00,2.0199999809265137,2.180000066757202,1.9900000095367432,2.130000114440918,80100,0.0,0.0
2024-03-05 00:00:00-05:00,2.069999933242798,2.25,2.0399999618530273,2.180000066757202,62800,0.0,0.0
2024-03-06 00:00:00-05:00,2.069999933242798,2.259999990463257,1.9199999570846558,1.940000057220459,71100,0.0,0.0
2024-03-07 00:00:00-05:00,1.8799999952316284,1.9500000476837158,1.6299999952316284,1.7300000190734863,179700,0.0,0.0
2024-03-08 00:00:00-05:00,1.75,1.7599999904632568,1.6699999570846558,1.690000057220459,25900,0.0,0.0
2024-03-11 00:00:00-04:00,1.7400000095367432,1.75,1.600000023841858,1.6100000143051147,49900,0.0,0.0
2024-03-12 00:00:00-04:00,1.7200000286102295,1.8799999952316284,1.6200000047683716,1.7699999809265137,44300,0.0,0.0
2024-03-13 00:00:00-04:00,1.7999999523162842,1.840000033378601,1.7599999904632568,1.7699999809265137,10500,0.0,0.0
2024-03-14 00:00:00-04:00,1.850000023841858,1.850000023841858,1.6299999952316284,1.6399999856948853,45800,0.0,0.0
2024-03-15 00:00:00-04:00,1.6299999952316284,1.8300000429153442,1.6299999952316284,1.7300000190734863,56200,0.0,0.0
2024-03-18 00:00:00-04:00,1.75,1.7599999904632568,1.6699999570846558,1.7200000286102295,23500,0.0,0.0
2024-03-19 00:00:00-04:00,1.7799999713897705,1.8899999856948853,1.7100000381469727,1.850000023841858,65100,0.0,0.0
2024-03-20 00:00:00-04:00,1.8200000524520874,1.8700000047683716,1.7899999618530273,1.8600000143051147,12900,0.0,0.0
2024-03-21 00:00:00-04:00,1.8300000429153442,1.9199999570846558,1.8200000524520874,1.8200000524520874,14300,0.0,0.0
2024-03-22 00:00:00-04:00,1.8700000047683716,1.8799999952316284,1.8300000429153442,1.8700000047683716,5300,0.0,0.0
2024-03-25 00:00:00-04:00,1.850000023841858,1.9600000381469727,1.8200000524520874,1.9199999570846558,32000,0.0,0.0
2024-03-26 00:00:00-04:00,1.9700000286102295,1.9700000286102295,1.7999999523162842,1.8600000143051147,24300,0.0,0.0
2024-03-27 00:00:00-04:00,1.7899999618530273,1.8700000047683716,1.7799999713897705,1.850000023841858,17600,0.0,0.0
2024-03-28 00:00:00-04:00,1.809999942779541,1.850000023841858,1.7599999904632568,1.809999942779541,41400,0.0,0.0
2024-04-01 00:00:00-04:00,1.850000023841858,1.850000023841858,1.7699999809265137,1.7999999523162842,15000,0.0,0.0
2024-04-02 00:00:00-04:00,1.8200000524520874,1.8700000047683716,1.8200000524520874,1.8700000047683716,8400,0.0,0.0
2024-04-03 00:00:00-04:00,1.850000023841858,2.0899999141693115,1.850000023841858,1.8899999856948853,43500,0.0,0.0
2024-04-04 00:00:00-04:00,1.8700000047683716,1.9700000286102295,1.8700000047683716,1.9199999570846558,19900,0.0,0.0
2024-04-05 00:00:00-04:00,1.940000057220459,1.9700000286102295,1.8300000429153442,1.8799999952316284,25000,0.0,0.0
2024-04-08 00:00:00-04:00,1.8600000143051147,1.8899999856948853,1.8200000524520874,1.8899999856948853,5000,0.0,0.0
2024-04-09 00:00:00-04:00,1.8700000047683716,1.8700000047683716,1.840000033378601,1.840000033378601,4400,0.0,0.0
2024-04-10 00:00:00-04:00,1.809999942779541,1.8799999952316284,1.7300000190734863,1.8799999952316284,12800,0.0,0.0
2024-04-11 00:00:00-04:00,1.850000023841858,1.909999966621399,1.7799999713897705,1.8700000047683716,41500,0.0,0.0
2024-04-12 00:00:00-04:00,1.809999942779541,1.899999976158142,1.7999999523162842,1.8600000143051147,24400,0.0,0.0
2024-04-15 00:00:00-04:00,1.8200000524520874,1.9299999475479126,1.7300000190734863,1.7400000095367432,12500,0.0,0.0
2024-04-16 00:00:00-04:00,1.7400000095367432,1.8600000143051147,1.7400000095367432,1.75,7100,0.0,0.0
2024-04-17 00:00:00-04:00,1.7999999523162842,1.7999999523162842,1.6699999570846558,1.7699999809265137,27800,0.0,0.0
2024-04-18 00:00:00-04:00,1.7400000095367432,1.7899999618530273,1.690000057220459,1.690000057220459,7200,0.0,0.0
2024-04-19 00:00:00-04:00,1.7699999809265137,1.7699999809265137,1.6299999952316284,1.6299999952316284,24600,0.0,0.0
2024-04-22 00:00:00-04:00,1.6299999952316284,1.75,1.5399999618530273,1.659999966621399,199200,0.0,0.0
2024-04-23 00:00:00-04:00,1.6100000143051147,1.690000057220459,1.6100000143051147,1.6299999952316284,17200,0.0,0.0
2024-04-24 00:00:00-04:00,1.6100000143051147,1.6399999856948853,1.5399999618530273,1.600000023841858,8400,0.0,0.0
2024-04-25 00:00:00-04:00,1.6200000047683716,1.6699999570846558,1.5199999809265137,1.6699999570846558,5300,0.0,0.0
2024-04-26 00:00:00-04:00,1.600000023841858,1.7000000476837158,1.600000023841858,1.690000057220459,16300,0.0,0.0
2024-04-29 00:00:00-04:00,1.690000057220459,1.7200000286102295,1.649999976158142,1.659999966621399,8700,0.0,0.0
2024-04-30 00:00:00-04:00,1.690000057220459,1.7599999904632568,1.690000057220459,1.7400000095367432,7600,0.0,0.0
2024-05-01 00:00:00-04:00,1.7599999904632568,1.7799999713897705,1.7100000381469727,1.7200000286102295,5000,0.0,0.0
2024-05-02 00:00:00-04:00,1.7999999523162842,1.9199999570846558,1.7799999713897705,1.7999999523162842,51600,0.0,0.0
2024-05-03 00:00:00-04:00,1.7999999523162842,1.840000033378601,1.7999999523162842,1.7999999523162842,3700,0.0,0.0
2024-05-06 00:00:00-04:00,1.8200000524520874,2.0799999237060547,1.6699999570846558,2.009999990463257,2136900,0.0,0.0
2024-05-07 00:00:00-04:00,1.8899999856948853,2.190000057220459,1.8600000143051147,2.130000114440918,138800,0.0,0.0
2024-05-08 00:00:00-04:00,2.1600000858306885,2.4800000190734863,2.0999999046325684,2.2699999809265137,234700,0.0,0.0
2024-05-09 00:00:00-04:00,2.3399999141693115,2.369999885559082,2.1500000953674316,2.240000009536743,31000,0.0,0.0
2024-05-10 00:00:00-04:00,2.2200000286102295,2.240000009536743,2.0999999046325684,2.1600000858306885,65500,0.0,0.0
2024-05-13 00:00:00-04:00,2.299999952316284,2.299999952316284,2.119999885559082,2.1600000858306885,39600,0.0,0.0
2024-05-14 00:00:00-04:00,2.2100000381469727,2.2100000381469727,2.0799999237060547,2.1700000762939453,38300,0.0,0.0
2024-05-15 00:00:00-04:00,2.1700000762939453,2.4700000286102295,2.1600000858306885,2.319999933242798,179500,0.0,0.0
2024-05-16 00:00:00-04:00,2.2200000286102295,2.299999952316284,2.180000066757202,2.25,40800,0.0,0.0
2024-05-17 00:00:00-04:00,2.299999952316284,2.319999933242798,2.119999885559082,2.240000009536743,41100,0.0,0.0
2024-05-20 00:00:00-04:00,2.240000009536743,2.25,2.1500000953674316,2.180000066757202,30400,0.0,0.0
2024-05-21 00:00:00-04:00,2.190000057220459,2.190000057220459,2.0399999618530273,2.130000114440918,40500,0.0,0.0
2024-05-22 00:00:00-04:00,2.190000057220459,2.190000057220459,2.109999895095825,2.180000066757202,9500,0.0,0.0
2024-05-23 00:00:00-04:00,2.1500000953674316,2.180000066757202,2.0899999141693115,2.1600000858306885,17900,0.0,0.0
2024-05-24 00:00:00-04:00,2.130000114440918,2.1600000858306885,2.059999942779541,2.140000104904175,8000,0.0,0.0
2024-05-28 00:00:00-04:00,2.109999895095825,2.259999990463257,2.0999999046325684,2.1500000953674316,13600,0.0,0.0
2024-05-29 00:00:00-04:00,2.240000009536743,2.240000009536743,2.0899999141693115,2.119999885559082,12900,0.0,0.0
2024-05-30 00:00:00-04:00,2.130000114440918,2.180000066757202,2.049999952316284,2.1500000953674316,18200,0.0,0.0
2024-05-31 00:00:00-04:00,2.109999895095825,2.25,2.0999999046325684,2.2100000381469727,44100,0.0,0.0
2024-06-03 00:00:00-04:00,2.25,2.25,2.1500000953674316,2.25,47000,0.0,0.0
2024-06-04 00:00:00-04:00,2.2899999618530273,2.5999999046325684,2.259999990463257,2.5999999046325684,144300,0.0,0.0
2024-06-05 00:00:00-04:00,2.640000104904175,2.6700000762939453,2.309999942779541,2.430000066757202,106100,0.0,0.0
2024-06-06 00:00:00-04:00,2.5199999809265137,2.5799999237060547,2.3499999046325684,2.4800000190734863,80200,0.0,0.0
2024-06-07 00:00:00-04:00,2.5,2.549999952316284,2.3299999237060547,2.3499999046325684,65100,0.0,0.0
2024-06-10 00:00:00-04:00,2.4000000953674316,2.4000000953674316,2.190000057220459,2.2100000381469727,35200,0.0,0.0
2024-06-11 00:00:00-04:00,2.140000104904175,2.1700000762939453,2.059999942779541,2.1700000762939453,35500,0.0,0.0
2024-06-12 00:00:00-04:00,2.140000104904175,2.3299999237060547,2.140000104904175,2.190000057220459,75800,0.0,0.0
2024-06-13 00:00:00-04:00,2.200000047683716,2.200000047683716,2.059999942779541,2.130000114440918,21000,0.0,0.0
2024-06-14 00:00:00-04:00,2.0299999713897705,2.25,1.940000057220459,2.0,69300,0.0,0.0
2024-06-17 00:00:00-04:00,1.9700000286102295,2.009999990463257,1.9500000476837158,2.0,18100,0.0,0.0
2024-06-18 00:00:00-04:00,2.0299999713897705,2.0299999713897705,1.8300000429153442,1.9299999475479126,69200,0.0,0.0
2024-06-20 00:00:00-04:00,1.8799999952316284,1.9900000095367432,1.8300000429153442,1.8600000143051147,25400,0.0,0.0
2024-06-21 00:00:00-04:00,1.7999999523162842,1.8600000143051147,1.7899999618530273,1.7999999523162842,54700,0.0,0.0
2024-06-24 00:00:00-04:00,1.8200000524520874,1.8200000524520874,1.559999942779541,1.600000023841858,79900,0.0,0.0
2024-06-25 00:00:00-04:00,1.659999966621399,1.659999966621399,1.600000023841858,1.6399999856948853,9700,0.0,0.0
2024-06-26 00:00:00-04:00,1.6399999856948853,1.649999976158142,1.340000033378601,1.4700000286102295,95500,0.0,0.0
2024-06-27 00:00:00-04:00,1.5,1.5700000524520874,1.4299999475479126,1.4600000381469727,16800,0.0,0.0
2024-06-28 00:00:00-04:00,1.4700000286102295,1.4900000095367432,1.4199999570846558,1.4700000286102295,20800,0.0,0.0
2024-07-01 00:00:00-04:00,1.4500000476837158,1.649999976158142,1.4500000476837158,1.5,37500,0.0,0.0
2024-07-02 00:00:00-04:00,1.5700000524520874,1.5700000524520874,1.5,1.5499999523162842,18100,0.0,0.0
2024-07-03 00:00:00-04:00,1.5499999523162842,1.5499999523162842,1.5299999713897705,1.5299999713897705,1400,0.0,0.0
2024-07-05 00:00:00-04:00,1.5299999713897705,1.5499999523162842,1.5099999904632568,1.5499999523162842,9600,0.0,0.0
2024-07-08 00:00:00-04:00,1.5800000429153442,1.590000033378601,1.4500000476837158,1.5,36000,0.0,0.0
2024-07-09 00:00:00-04:00,1.4700000286102295,1.5499999523162842,1.399999976158142,1.5399999618530273,28200,0.0,0.0
2024-07-10 00:00:00-04:00,1.600000023841858,1.899999976158142,1.5099999904632568,1.899999976158142,138500,0.0,0.0
2024-07-11 00:00:00-04:00,1.899999976158142,1.909999966621399,1.7599999904632568,1.840000033378601,39500,0.0,0.0
2024-07-12 00:00:00-04:00,1.840000033378601,1.9500000476837158,1.7400000095367432,1.8200000524520874,42400,0.0,0.0
2024-07-15 00:00:00-04:00,1.8300000429153442,1.9700000286102295,1.7599999904632568,1.7699999809265137,67300,0.0,0.0
2024-07-16 00:00:00-04:00,1.809999942779541,1.9199999570846558,1.7599999904632568,1.8899999856948853,38200,0.0,0.0
2024-07-17 00:00:00-04:00,1.9700000286102295,2.069999933242798,1.7200000286102295,1.7999999523162842,190000,0.0,0.0
2024-07-18 00:00:00-04:00,1.7699999809265137,1.7799999713897705,1.7000000476837158,1.7300000190734863,50500,0.0,0.0
2024-07-19 00:00:00-04:00,1.7200000286102295,1.9199999570846558,1.7200000286102295,1.7400000095367432,170200,0.0,0.0
2024-07-22 00:00:00-04:00,1.7400000095367432,1.8300000429153442,1.6200000047683716,1.75,103300,0.0,0.0
2024-07-23 00:00:00-04:00,1.7300000190734863,1.7999999523162842,1.690000057220459,1.75,75400,0.0,0.0
2024-07-24 00:00:00-04:00,1.7799999713897705,1.8300000429153442,1.6799999475479126,1.75,138700,0.0,0.0
2024-07-25 00:00:00-04:00,1.7699999809265137,1.809999942779541,1.7200000286102295,1.7999999523162842,35000,0.0,0.0
2024-07-26 00:00:00-04:00,1.7699999809265137,1.9600000381469727,1.75,1.8700000047683716,98800,0.0,0.0
2024-07-29 00:00:00-04:00,1.840000033378601,1.850000023841858,1.809999942779541,1.850000023841858,49900,0.0,0.0
2024-07-30 00:00:00-04:00,1.8700000047683716,1.9199999570846558,1.7699999809265137,1.8300000429153442,82100,0.0,0.0
2024-07-31 00:00:00-04:00,1.8200000524520874,1.850000023841858,1.75,1.7999999523162842,15100,0.0,0.0
2024-08-01 00:00:00-04:00,1.7799999713897705,1.840000033378601,1.7300000190734863,1.7999999523162842,41700,0.0,0.0
2024-08-02 00:00:00-04:00,1.75,1.7899999618530273,1.6799999475479126,1.7300000190734863,31900,0.0,0.0
2024-08-05 00:00:00-04:00,1.5499999523162842,1.7300000190734863,1.399999976158142,1.5700000524520874,78600,0.0,0.0
2024-08-06 00:00:00-04:00,1.6799999475479126,1.75,1.559999942779541,1.600000023841858,105200,0.0,0.0
2024-08-07 00:00:00-04:00,1.7200000286102295,1.7200000286102295,1.5299999713897705,1.5700000524520874,43600,0.0,0.0
2024-08-08 00:00:00-04:00,1.649999976158142,1.659999966621399,1.4500000476837158,1.5499999523162842,122700,0.0,0.0
2024-08-09 00:00:00-04:00,1.559999942779541,1.590000033378601,1.3700000047683716,1.4500000476837158,74700,0.0,0.0
2024-08-12 00:00:00-04:00,1.4199999570846558,1.4700000286102295,1.2699999809265137,1.409999966621399,58000,0.0,0.0
2024-08-13 00:00:00-04:00,1.4500000476837158,1.4900000095367432,1.3799999952316284,1.4900000095367432,88700,0.0,0.0
2024-08-14 00:00:00-04:00,1.4700000286102295,1.4900000095367432,1.4199999570846558,1.4199999570846558,39200,0.0,0.0
2024-08-15 00:00:00-04:00,1.4800000190734863,1.4800000190734863,1.3799999952316284,1.399999976158142,35800,0.0,0.0
2024-08-16 00:00:00-04:00,1.409999966621399,1.409999966621399,1.2899999618530273,1.3600000143051147,88300,0.0,0.0
2024-08-19 00:00:00-04:00,1.409999966621399,1.6299999952316284,1.3799999952316284,1.600000023841858,179500,0.0,0.0
2024-08-20 00:00:00-04:00,1.600000023841858,1.600000023841858,1.4900000095367432,1.5499999523162842,46600,0.0,0.0
2024-08-21 00:00:00-04:00,1.5,1.600000023841858,1.440000057220459,1.4600000381469727,42600,0.0,0.0
2024-08-22 00:00:00-04:00,1.559999942779541,1.559999942779541,1.4299999475479126,1.4299999475479126,15200,0.0,0.0
2024-08-23 00:00:00-04:00,1.4800000190734863,1.5199999809265137,1.4299999475479126,1.4500000476837158,14400,0.0,0.0
2024-08-26 00:00:00-04:00,1.4800000190734863,1.4900000095367432,1.4199999570846558,1.4500000476837158,24900,0.0,0.0
2024-08-27 00:00:00-04:00,1.4500000476837158,1.4800000190734863,1.4500000476837158,1.4600000381469727,7800,0.0,0.0
2024-08-28 00:00:00-04:00,1.4900000095367432,1.4900000095367432,1.4199999570846558,1.4299999475479126,5400,0.0,0.0
2024-08-29 00:00:00-04:00,1.4299999475479126,1.4500000476837158,1.409999966621399,1.4199999570846558,8100,0.0,0.0
2024-08-30 00:00:00-04:00,1.4299999475479126,1.440000057220459,1.4199999570846558,1.4299999475479126,7600,0.0,0.0
2024-09-03 00:00:00-04:00,1.440000057220459,1.5700000524520874,1.440000057220459,1.5099999904632568,35700,0.0,0.0
2024-09-04 00:00:00-04:00,1.5800000429153442,1.5800000429153442,1.3700000047683716,1.440000057220459,38000,0.0,0.0
2024-09-05 00:00:00-04:00,1.409999966621399,1.4199999570846558,1.3700000047683716,1.3799999952316284,23200,0.0,0.0
2024-09-06 00:00:00-04:00,1.4199999570846558,1.4600000381469727,1.350000023841858,1.409999966621399,9000,0.0,0.0
2024-09-09 00:00:00-04:00,1.3700000047683716,1.409999966621399,1.149999976158142,1.2200000286102295,67300,0.0,0.0
2024-09-10 00:00:00-04:00,1.2300000190734863,1.2799999713897705,1.1799999475479126,1.2599999904632568,38700,0.0,0.0
2024-09-11 00:00:00-04:00,1.350000023841858,1.3799999952316284,1.2999999523162842,1.350000023841858,53500,0.0,0.0
2024-09-12 00:00:00-04:00,1.350000023841858,1.4800000190734863,1.2799999713897705,1.4299999475479126,100000,0.0,0.0
2024-09-13 00:00:00-04:00,1.4900000095367432,1.5,1.4600000381469727,1.4800000190734863,15900,0.0,0.0
2024-09-16 00:00:00-04:00,1.5,1.559999942779541,1.4600000381469727,1.5099999904632568,18500,0.0,0.0
2024-09-17 00:00:00-04:00,1.5800000429153442,1.590000033378601,1.5099999904632568,1.590000033378601,26100,0.0,0.0
2024-09-18 00:00:00-04:00,1.600000023841858,1.7599999904632568,1.600000023841858,1.6200000047683716,81800,0.0,0.0
2024-09-19 00:00:00-04:00,1.690000057220459,1.7400000095367432,1.5,1.600000023841858,70700,0.0,0.0
2024-09-20 00:00:00-04:00,1.5800000429153442,1.6399999856948853,1.5,1.6399999856948853,34700,0.0,0.0
2024-09-23 00:00:00-04:00,1.590000033378601,1.600000023841858,1.5299999713897705,1.590000033378601,14400,0.0,0.0
2024-09-24 00:00:00-04:00,1.600000023841858,1.600000023841858,1.5,1.5299999713897705,50400,0.0,0.0
2024-09-25 00:00:00-04:00,1.5299999713897705,1.5499999523162842,1.5,1.5399999618530273,8500,0.0,0.0
2024-09-26 00:00:00-04:00,1.5499999523162842,1.649999976158142,1.5399999618530273,1.5399999618530273,112000,0.0,0.0
2024-09-27 00:00:00-04:00,1.5700000524520874,1.940000057220459,1.5499999523162842,1.850000023841858,370300,0.0,0.0
2024-09-30 00:00:00-04:00,1.8600000143051147,1.8799999952316284,1.340000033378601,1.4600000381469727,487100,0.0,0.0
2024-10-01 00:00:00-04:00,1.309999942779541,1.4600000381469727,1.2899999618530273,1.309999942779541,147700,0.0,0.0
2024-10-02 00:00:00-04:00,1.340000033378601,1.4600000381469727,1.3300000429153442,1.409999966621399,53700,0.0,0.0
2024-10-03 00:00:00-04:00,1.4600000381469727,1.4600000381469727,1.2100000381469727,1.2999999523162842,134400,0.0,0.0
2024-10-04 00:00:00-04:00,1.3300000429153442,1.340000033378601,1.2799999713897705,1.2999999523162842,34300,0.0,0.0
2024-10-07 00:00:00-04:00,1.3899999856948853,1.5,1.2999999523162842,1.409999966621399,51100,0.0,0.0
2024-10-08 00:00:00-04:00,1.3799999952316284,1.409999966621399,1.3200000524520874,1.350000023841858,48000,0.0,0.0
2024-10-09 00:00:00-04:00,1.350000023841858,1.3899999856948853,1.309999942779541,1.3600000143051147,9000,0.0,0.0
2024-10-10 00:00:00-04:00,1.3200000524520874,1.3200000524520874,1.2799999713897705,1.2999999523162842,23300,0.0,0.0
2024-10-11 00:00:00-04:00,1.340000033378601,1.399999976158142,1.309999942779541,1.3700000047683716,11700,0.0,0.0
2024-10-14 00:00:00-04:00,1.4199999570846558,1.4199999570846558,1.2000000476837158,1.3200000524520874,74900,0.0,0.0
2024-10-15 00:00:00-04:00,1.3200000524520874,1.4500000476837158,1.309999942779541,1.409999966621399,37500,0.0,0.0
2024-10-16 00:00:00-04:00,1.3899999856948853,1.4299999475479126,1.340000033378601,1.4299999475479126,26600,0.0,0.0
2024-10-17 00:00:00-04:00,1.3899999856948853,1.4500000476837158,1.3899999856948853,1.409999966621399,13400,0.0,0.0
2024-10-18 00:00:00-04:00,1.440000057220459,1.4500000476837158,1.409999966621399,1.440000057220459,18800,0.0,0.0
2024-10-21 00:00:00-04:00,1.4500000476837158,1.4500000476837158,1.3799999952316284,1.399999976158142,14000,0.0,0.0
2024-10-22 00:00:00-04:00,1.399999976158142,1.4199999570846558,1.350000023841858,1.3799999952316284,16200,0.0,0.0
2024-10-23 00:00:00-04:00,1.3600000143051147,1.3799999952316284,1.3200000524520874,1.3799999952316284,9800,0.0,0.0
2024-10-24 00:00:00-04:00,1.409999966621399,1.409999966621399,1.340000033378601,1.350000023841858,7900,0.0,0.0
2024-10-25 00:00:00-04:00,1.350000023841858,1.350000023841858,1.2899999618530273,1.350000023841858,22200,0.0,0.0
2024-10-28 00:00:00-04:00,1.350000023841858,1.350000023841858,1.3200000524520874,1.350000023841858,13900,0.0,0.0
2024-10-29 00:00:00-04:00,1.350000023841858,1.350000023841858,1.2999999523162842,1.350000023841858,13600,0.0,0.0
2024-10-30 00:00:00-04:00,1.350000023841858,1.3600000143051147,1.309999942779541,1.3200000524520874,9900,0.0,0.0
2024-10-31 00:00:00-04:00,1.3200000524520874,1.3200000524520874,1.2899999618530273,1.3200000524520874,3400,0.0,0.0
2024-11-01 00:00:00-04:00,1.3300000429153442,1.3700000047683716,1.3200000524520874,1.350000023841858,15300,0.0,0.0
2024-11-04 00:00:00-05:00,1.3799999952316284,1.3799999952316284,1.3300000429153442,1.3600000143051147,31400,0.0,0.0
2024-11-05 00:00:00-05:00,1.4500000476837158,1.4500000476837158,1.3300000429153442,1.3600000143051147,19400,0.0,0.0
2024-11-06 00:00:00-05:00,1.2599999904632568,1.4900000095367432,1.1699999570846558,1.4299999475479126,1266700,0.0,0.0
2024-11-07 00:00:00-05:00,1.2999999523162842,1.3799999952316284,1.25,1.3600000143051147,127800,0.0,0.0
2024-11-08 00:00:00-05:00,1.3300000429153442,1.3300000429153442,1.2200000286102295,1.2300000190734863,106300,0.0,0.0
2024-11-11 00:00:00-05:00,1.25,1.2699999809265137,1.1699999570846558,1.190000057220459,63200,0.0,0.0
2024-11-12 00:00:00-05:00,1.25,1.340000033378601,1.1799999475479126,1.2899999618530273,96100,0.0,0.0
2024-11-13 00:00:00-05:00,1.2699999809265137,1.4199999570846558,1.25,1.309999942779541,128200,0.0,0.0
2024-11-14 00:00:00-05:00,1.2599999904632568,1.3200000524520874,1.25,1.2599999904632568,83000,0.0,0.0
2024-11-15 00:00:00-05:00,1.2799999713897705,1.2899999618530273,1.159999966621399,1.1699999570846558,133100,0.0,0.0
2024-11-18 00:00:00-05:00,1.2100000381469727,1.2100000381469727,1.1699999570846558,1.190000057220459,28200,0.0,0.0
2024-11-19 00:00:00-05:00,1.2200000286102295,1.2400000095367432,1.1799999475479126,1.2400000095367432,36900,0.0,0.0
2024-11-20 00:00:00-05:00,1.2200000286102295,1.2400000095367432,1.190000057220459,1.190000057220459,15800,0.0,0.0
2024-11-21 00:00:00-05:00,1.2200000286102295,1.2200000286102295,1.159999966621399,1.2000000476837158,27000,0.0,0.0
2024-11-22 00:00:00-05:00,1.1799999475479126,1.2300000190734863,1.1200000047683716,1.1799999475479126,463100,0.0,0.0
2024-11-25 00:00:00-05:00,1.2000000476837158,1.25,1.159999966621399,1.2300000190734863,115100,0.0,0.0
2024-11-26 00:00:00-05:00,1.2599999904632568,1.3300000429153442,1.2400000095367432,1.2799999713897705,28000,0.0,0.0
2024-11-27 00:00:00-05:00,1.2599999904632568,1.2799999713897705,1.2300000190734863,1.2599999904632568,12800,0.0,0.0
2024-11-29 00:00:00-05:00,1.2699999809265137,1.309999942779541,1.2400000095367432,1.2799999713897705,29200,0.0,0.0
2024-12-02 00:00:00-05:00,1.2999999523162842,1.3200000524520874,1.2400000095367432,1.2899999618530273,30600,0.0,0.0
2024-12-03 00:00:00-05:00,1.2999999523162842,1.4199999570846558,1.2999999523162842,1.340000033378601,122700,0.0,0.0
2024-12-04 00:00:00-05:00,1.3300000429153442,1.3700000047683716,1.3200000524520874,1.3300000429153442,26500,0.0,0.0
2024-12-05 00:00:00-05:00,1.3600000143051147,1.399999976158142,1.309999942779541,1.340000033378601,87400,0.0,0.0
2024-12-06 00:00:00-05:00,1.3799999952316284,1.4500000476837158,1.3200000524520874,1.3899999856948853,79500,0.0,0.0
2024-12-09 00:00:00-05:00,1.3799999952316284,1.409999966621399,1.3300000429153442,1.350000023841858,27700,0.0,0.0
2024-12-10 00:00:00-05:00,1.340000033378601,1.3600000143051147,1.2999999523162842,1.309999942779541,45500,0.0,0.0
2024-12-11 00:00:00-05:00,1.3600000143051147,1.3600000143051147,1.2999999523162842,1.350000023841858,37500,0.0,0.0
2024-12-12 00:00:00-05:00,1.3600000143051147,1.3700000047683716,1.2599999904632568,1.3300000429153442,93400,0.0,0.0
2024-12-13 00:00:00-05:00,1.309999942779541,1.3300000429153442,1.2200000286102295,1.2699999809265137,34500,0.0,0.0
2024-12-16 00:00:00-05:00,1.2799999713897705,1.2799999713897705,1.1200000047683716,1.1699999570846558,71900,0.0,0.0
2024-12-17 00:00:00-05:00,1.2100000381469727,1.2300000190734863,1.0299999713897705,1.0700000524520874,282600,0.0,0.0
2024-12-18 00:00:00-05:00,1.0700000524520874,1.100000023841858,0.9800000190734863,1.0,79400,0.0,0.0
2024-12-19 00:00:00-05:00,1.0099999904632568,1.100000023841858,0.9300000071525574,0.9900000095367432,84100,0.0,0.0
2024-12-20 00:00:00-05:00,1.0099999904632568,1.1100000143051147,0.9700000286102295,1.090000033378601,49000,0.0,0.0
2024-12-23 00:00:00-05:00,1.1399999856948853,1.1399999856948853,1.0299999713897705,1.0700000524520874,41000,0.0,0.0
2024-12-24 00:00:00-05:00,1.0700000524520874,1.1100000143051147,1.0700000524520874,1.0800000429153442,7000,0.0,0.0
2024-12-26 00:00:00-05:00,1.0700000524520874,1.100000023841858,1.0399999618530273,1.0800000429153442,28900,0.0,0.0
2024-12-27 00:00:00-05:00,1.1100000143051147,1.1699999570846558,1.090000033378601,1.159999966621399,38500,0.0,0.0
2024-12-30 00:00:00-05:00,1.1799999475479126,1.1799999475479126,1.090000033378601,1.149999976158142,43800,0.0,0.0
2024-12-31 00:00:00-05:00,1.190000057220459,1.2300000190734863,1.100000023841858,1.149999976158142,40100,0.0,0.0
2025-01-02 00:00:00-05:00,1.1399999856948853,1.190000057220459,1.1399999856948853,1.1799999475479126,29400,0.0,0.0
2025-01-03 00:00:00-05:00,1.2000000476837158,1.2400000095367432,1.1799999475479126,1.2300000190734863,44100,0.0,0.0
2025-01-06 00:00:00-05:00,1.25,1.2999999523162842,1.2100000381469727,1.2599999904632568,72200,0.0,0.0
2025-01-07 00:00:00-05:00,1.2999999523162842,1.2999999523162842,1.2300000190734863,1.2400000095367432,36100,0.0,0.0
2025-01-08 00:00:00-05:00,1.3200000524520874,1.350000023841858,1.149999976158142,1.2000000476837158,75600,0.0,0.0
2025-01-10 00:00:00-05:00,1.2000000476837158,1.2200000286102295,1.1399999856948853,1.159999966621399,16100,0.0,0.0
2025-01-13 00:00:00-05:00,1.1399999856948853,1.2400000095367432,1.1200000047683716,1.1399999856948853,18600,0.0,0.0
2025-01-14 00:00:00-05:00,1.149999976158142,1.2000000476837158,1.149999976158142,1.1699999570846558,16100,0.0,0.0
2025-01-15 00:00:00-05:00,1.1799999475479126,1.2400000095367432,1.1799999475479126,1.2000000476837158,18800,0.0,0.0
2025-01-16 00:00:00-05:00,1.2000000476837158,1.2200000286102295,1.190000057220459,1.190000057220459,12500,0.0,0.0
2025-01-17 00:00:00-05:00,1.2100000381469727,1.2100000381469727,1.159999966621399,1.1699999570846558,8600,0.0,0.0
2025-01-21 00:00:00-05:00,1.2100000381469727,1.2400000095367432,1.2100000381469727,1.2400000095367432,10500,0.0,0.0
2025-01-22 00:00:00-05:00,1.2400000095367432,1.25,1.2200000286102295,1.2200000286102295,7384,0.0,0.0
