Date,Open,High,Low,Close,Volume,Dividends,Stock Splits
2022-01-03 00:00:00-05:00,32.03280947832732,32.467411207553845,31.8282889140922,32.09246063232422,187100,0.0,0.0
2022-01-04 00:00:00-05:00,32.4674075564309,33.11505322805771,32.4674075564309,32.74862289428711,134900,0.0,0.0
2022-01-05 00:00:00-05:00,32.714534566169995,32.99574989517698,32.296976548287866,32.41627883911133,166900,0.0,0.0
2022-01-06 00:00:00-05:00,32.688971746998284,32.987227483442396,32.65488444833504,32.74862289428711,172400,0.0,0.0
2022-01-07 00:00:00-05:00,32.654883421329956,33.3707004170269,32.382191542087654,32.88496780395508,246400,0.0,0.0
2022-01-10 00:00:00-05:00,32.90201848510584,32.90201848510584,32.254372695422255,32.68045425415039,261300,0.0,0.0
2022-01-11 00:00:00-05:00,32.81680022291362,32.842367326943446,31.904985947294957,32.68045425415039,212300,0.0,0.0
2022-01-12 00:00:00-05:00,32.67193207278099,32.867929187825574,32.339588997238266,32.37367630004883,122900,0.0,0.0
2022-01-13 00:00:00-05:00,32.612276719251966,33.4047885284654,32.59523307004113,33.02983474731445,199400,0.0,0.0
2022-01-14 00:00:00-05:00,32.89349129533402,33.27696530475831,32.68045054018097,33.13209915161133,240800,0.0,0.0
2022-01-18 00:00:00-05:00,33.02983609684537,33.19174914559188,32.69749305051451,32.816795349121094,248800,0.0,0.0
2022-01-19 00:00:00-05:00,32.87645372319539,32.87645372319539,31.768639100524073,31.777162551879883,207400,0.0,0.0
2022-01-20 00:00:00-05:00,31.231783241960734,31.73455967064212,30.550050066922132,30.601181030273438,331300,0.0,0.0
2022-01-21 00:00:00-05:00,30.618216384715446,30.89090828051149,30.268829690055277,30.29439353942871,258900,0.0,0.0
2022-01-24 00:00:00-05:00,29.979095176498348,30.354045733440117,29.195103511036926,30.158048629760742,313200,0.0,0.0
2022-01-25 00:00:00-05:00,29.6808399318938,30.558566813639153,29.45075552342052,30.268831253051758,412400,0.0,0.0
2022-01-26 00:00:00-05:00,30.592653058125492,31.086905908672946,29.87683600674266,30.047266006469727,203700,0.0,0.0
2022-01-27 00:00:00-05:00,30.14100643695813,30.541524114266306,29.374061635568285,29.57857894897461,192800,0.0,0.0
2022-01-28 00:00:00-05:00,29.587106016605027,30.328487057129266,29.041722113196645,30.30292320251465,261000,0.0,0.0
2022-01-31 00:00:00-05:00,29.979099751857476,30.669353070742762,29.757535513365912,30.65230941772461,255200,0.0,0.0
2022-02-01 00:00:00-05:00,30.550043179668386,30.737520085613358,30.081354165549918,30.541522979736328,261300,0.0,0.0
2022-02-02 00:00:00-05:00,30.54152986506926,30.83978569109013,30.422227534660916,30.601181030273438,278400,0.0,0.0
2022-02-03 00:00:00-05:00,30.354045671638605,30.592653526246583,29.868313013347397,29.95353126525879,154700,0.0,0.0
2022-02-04 00:00:00-05:00,29.73196468026661,30.251784597698155,29.348490704231562,29.945005416870117,149100,0.0,0.0
2022-02-07 00:00:00-05:00,29.962051808406795,30.226223516243316,29.90240065675725,29.979095458984375,152700,0.0,0.0
2022-02-08 00:00:00-05:00,30.013186828827457,30.2347478148836,29.817189696731223,29.910924911499023,164800,0.0,0.0
2022-02-09 00:00:00-05:00,30.2091759904934,31.044295257203547,29.9705681637594,30.345521926879883,295800,0.0,0.0
2022-02-10 00:00:00-05:00,29.95352886675071,30.62673512385261,29.83422332362807,29.945005416870117,218400,0.0,0.0
2022-02-11 00:00:00-05:00,30.123961402358212,30.524479061273734,29.706403343728102,30.14952850341797,291600,0.0,0.0
2022-02-14 00:00:00-05:00,30.200660898419954,30.285879163958853,29.535974680938743,29.723451614379883,251300,0.0,0.0
2022-02-15 00:00:00-05:00,29.8683134140441,30.430740881228814,29.8683134140441,30.183612823486328,188600,0.0,0.0
2022-02-16 00:00:00-05:00,30.285873219048277,31.163600051968274,30.285873219048277,31.027254104614258,290300,0.0,0.0
2022-02-17 00:00:00-05:00,31.33403095868258,31.581158985662558,30.984644291510165,31.478897094726562,366200,0.0,0.0
2022-02-18 00:00:00-05:00,31.368117678238132,31.887934319247986,31.26585578918457,31.26585578918457,596000,0.0,0.0
2022-02-22 00:00:00-05:00,31.248819864414244,31.248819864414244,30.277354433504165,30.79717445373535,248400,0.0,0.0
2022-02-23 00:00:00-05:00,30.89942893883259,31.172124089421278,30.371088789226224,30.4136962890625,234800,0.0,0.0
2022-02-24 00:00:00-05:00,29.817186448887494,30.711956998209622,29.399625125473676,30.584131240844727,295800,0.0,0.0
2022-02-25 00:00:00-05:00,31.018742125480287,31.53855895263942,30.899436545527145,31.43630027770996,190000,0.0,0.0
2022-02-28 00:00:00-05:00,30.99316964045508,31.521513079187457,30.85682368062765,31.15508270263672,365200,0.0,0.0
2022-03-01 00:00:00-05:00,31.044293046756327,31.299941252935117,30.677862759294182,30.89090347290039,319600,0.0,0.0
2022-03-02 00:00:00-05:00,31.061342539749816,31.700464800852718,30.87386563625491,31.55559539794922,211500,0.0,0.0
2022-03-03 00:00:00-05:00,31.726025278606606,31.81124352147471,31.351074762217667,31.674894332885742,172900,0.0,0.0
2022-03-04 00:00:00-05:00,31.351080806054856,32.066897930423735,31.240298694341615,32.04985427856445,269700,0.0,0.0
2022-03-07 00:00:00-05:00,32.143592823590524,32.143592823590524,31.547078009911814,31.581165313720703,169800,0.0,0.0
2022-03-08 00:00:00-05:00,31.6663825609651,31.939074509224124,31.248821186649725,31.504472732543945,297100,0.0,0.0
2022-03-09 00:00:00-05:00,31.822522858752592,32.243726749291056,31.358336168703204,31.401315689086914,408700,0.32,0.0
2022-03-10 00:00:00-05:00,30.997300392595992,31.67638459978206,30.765207076547537,31.581830978393555,209500,0.0,0.0
2022-03-11 00:00:00-05:00,31.62481617461372,32.03742549533586,31.19501438897057,31.280973434448242,199200,0.0,0.0
2022-03-14 00:00:00-04:00,31.435696550228013,31.435696550228013,30.799591860936253,31.057472229003906,214600,0.0,0.0
2022-03-15 00:00:00-04:00,31.17781695731912,31.564639158601366,30.78240016450921,31.005895614624023,329700,0.0,0.0
2022-03-16 00:00:00-04:00,31.27237701416016,31.444298374196727,30.50733040508098,31.272377014160156,314900,0.0,0.0
2022-03-17 00:00:00-04:00,31.177818717528396,31.9600577557835,31.16062625437556,31.951459884643555,158600,0.0,0.0
2022-03-18 00:00:00-04:00,32.020230674506145,32.020230674506145,31.573236456829864,31.882694244384766,432800,0.0,0.0
2022-03-21 00:00:00-04:00,31.736557720260198,32.02022843202822,31.169219575851084,31.23798942565918,235600,0.0,0.0
2022-03-22 00:00:00-04:00,31.3669257348771,31.78812951388863,31.263770978317,31.358327865600586,384300,0.0,0.0
2022-03-23 00:00:00-04:00,31.255190339736593,31.43570632560527,30.876962621770442,30.96292495727539,291900,0.0,0.0
2022-03-24 00:00:00-04:00,30.885553637252794,31.10904910168653,30.70503769146473,30.997303009033203,279500,0.0,0.0
2022-03-25 00:00:00-04:00,31.031684477434265,31.736559072363097,31.031684477434265,31.719369888305664,255700,0.0,0.0
2022-03-28 00:00:00-04:00,31.624817551958564,31.891292572021484,31.26378233114803,31.891292572021484,310000,0.0,0.0
2022-03-29 00:00:00-04:00,32.25232833213565,33.49015636891097,32.25232833213565,33.38700485229492,426800,0.0,0.0
2022-03-30 00:00:00-04:00,33.421391843797444,33.61050242272618,33.000184599706415,33.06895446777344,134400,0.0,0.0
2022-03-31 00:00:00-04:00,32.94860500312114,33.22367787142818,32.5273978290169,32.570377349853516,343600,0.0,0.0
2022-04-01 00:00:00-04:00,32.69071136487355,33.28383972083209,32.69071136487355,33.27524185180664,331400,0.0,0.0
2022-04-04 00:00:00-04:00,33.318226520347686,33.318226520347686,32.26091472615737,32.51020050048828,234100,0.0,0.0
2022-04-05 00:00:00-04:00,32.561781625124105,33.04315748835978,31.607621211743197,31.676387786865234,253100,0.0,0.0
2022-04-06 00:00:00-04:00,31.59902359139081,32.02882534648067,31.349741065575333,31.874099731445312,329200,0.0,0.0
2022-04-07 00:00:00-04:00,31.659194580524595,31.659194580524595,30.80818577750036,31.01449203491211,291800,0.0,0.0
2022-04-08 00:00:00-04:00,30.88555315999715,31.195010936067444,30.687844753980475,30.765209197998047,550400,0.0,0.0
2022-04-11 00:00:00-04:00,30.687847538669814,31.47868123449869,30.16348884598325,30.39558219909668,662900,0.0,0.0
2022-04-12 00:00:00-04:00,30.52451685484337,30.928531522860116,30.3268084562107,30.404172897338867,313500,0.0,0.0
2022-04-13 00:00:00-04:00,30.472941197134286,31.143430800062557,30.266634938241957,31.048873901367188,321500,0.0,0.0
2022-04-14 00:00:00-04:00,31.212206100335436,31.409914523462728,30.91994076198916,31.02309226989746,182800,0.0,0.0
2022-04-18 00:00:00-04:00,30.851168533096658,31.186413367381025,30.593288143579993,30.790996551513672,224100,0.0,0.0
2022-04-19 00:00:00-04:00,30.885554773859674,31.461487558985905,30.885554773859674,31.272377014160156,227600,0.0,0.0
2022-04-20 00:00:00-04:00,31.599026556998933,32.02023375933377,31.547452440189236,31.62481689453125,306700,0.0,0.0
2022-04-21 00:00:00-04:00,31.899883152864536,31.960055129391154,31.659195246758078,31.684982299804688,270500,0.0,0.0
2022-04-22 00:00:00-04:00,31.633406811533337,31.753750771803187,31.332546910858706,31.375526428222656,266800,0.0,0.0
2022-04-25 00:00:00-04:00,31.280972095310307,31.44429886550422,30.679248965344172,31.418508529663086,357600,0.0,0.0
2022-04-26 00:00:00-04:00,31.08326409212314,31.59043031542706,30.81678581237793,30.81678581237793,303700,0.0,0.0
2022-04-27 00:00:00-04:00,30.696440311047724,32.27811088803724,30.42136745236495,31.9858455657959,543600,0.0,0.0
2022-04-28 00:00:00-04:00,32.2609202192059,32.75949185275923,31.74515940026488,32.61335754394531,290900,0.0,0.0
2022-04-29 00:00:00-04:00,32.51020216573518,32.60475906974734,31.409910800779652,31.461484909057617,497000,0.0,0.0
2022-05-02 00:00:00-04:00,31.564637626902957,31.564637626902957,29.99156184439883,30.309614181518555,323800,0.0,0.0
2022-05-03 00:00:00-04:00,30.24944392082689,30.662053179182475,29.716490705341794,30.498729705810547,269900,0.0,0.0
2022-05-04 00:00:00-04:00,31.100457125581073,31.547451371173935,30.215066506323925,30.954322814941406,236800,0.0,0.0
2022-05-05 00:00:00-04:00,30.601884664157737,30.833978013087513,29.656322083297702,29.94858741760254,264000,0.0,0.0
2022-05-06 00:00:00-04:00,29.725090606327274,29.95718066571373,29.15774914832046,29.55316925048828,188200,0.0,0.0
2022-05-09 00:00:00-04:00,29.329670401098998,29.40703484699834,28.306743420098446,28.49585723876953,294100,0.0,0.0
2022-05-10 00:00:00-04:00,28.805314224560746,28.93425607187588,27.481525577648334,27.799579620361328,276000,0.0,0.0
2022-05-11 00:00:00-04:00,27.980092794099185,28.659180334559434,27.301006893202473,27.43854331970215,246700,0.0,0.0
2022-05-12 00:00:00-04:00,27.550293797753348,27.868346200902643,27.189260232311106,27.799579620361328,305400,0.0,0.0
2022-05-13 00:00:00-04:00,27.971501808341305,28.366918675616883,27.58467953421194,28.272361755371094,335800,0.0,0.0
2022-05-16 00:00:00-04:00,28.22937736846412,28.530237263666418,27.988689452302285,28.21218490600586,253400,0.0,0.0
2022-05-17 00:00:00-04:00,28.452871339414887,28.925655834561788,28.289547873262983,28.848291397094727,218800,0.0,0.0
2022-05-18 00:00:00-04:00,28.65058342655161,28.727944586022566,27.954303479171802,28.15201187133789,289200,0.0,0.0
2022-05-19 00:00:00-04:00,28.186398879522304,28.30674284199081,27.429946899414062,27.429946899414062,280900,0.0,0.0
2022-05-20 00:00:00-04:00,27.644846306206873,27.644846306206873,26.62191776067163,27.240833282470703,291900,0.0,0.0
2022-05-23 00:00:00-04:00,27.653443809685147,27.85975009838486,27.051722326262407,27.73080825805664,214000,0.0,0.0
2022-05-24 00:00:00-04:00,27.507313404324496,28.229380512353107,27.172068546869657,28.169208526611328,168900,0.0,0.0
2022-05-25 00:00:00-04:00,28.048861165073212,28.599006842007373,28.005881648899024,28.409893035888672,145000,0.0,0.0
2022-05-26 00:00:00-04:00,28.736546526060796,28.908467889416794,28.5646251627048,28.581817626953125,152200,0.0,0.0
2022-05-27 00:00:00-04:00,28.68496807682019,29.467207136108446,28.68496807682019,29.364055633544922,270300,0.0,0.0
2022-05-31 00:00:00-04:00,29.097578136974306,29.372651003848265,28.839697734170873,29.31247901916504,515800,0.0,0.0
2022-06-01 00:00:00-04:00,29.338266438274623,29.338266438274623,28.366913629180488,28.624794006347656,346600,0.0,0.0
2022-06-02 00:00:00-04:00,28.66777342790567,28.745137868712725,28.06605364288066,28.719350814819336,160100,0.0,0.0
2022-06-03 00:00:00-04:00,28.60760538322726,28.693567706570697,28.16920901112143,28.315340042114258,139600,0.0,0.0
2022-06-06 00:00:00-04:00,28.521643406412,28.521643406412,27.687826990914164,27.7136173248291,218100,0.0,0.0
2022-06-07 00:00:00-04:00,27.49012141278132,28.332532506782947,27.318201684785464,28.315340042114258,400400,0.0,0.0
2022-06-08 00:00:00-04:00,28.098326214133145,28.10700842902087,27.42125914986083,27.612226486206055,148000,0.32,0.0
2022-06-09 00:00:00-04:00,27.68167182270019,27.68167182270019,27.004604696834654,27.056686401367188,240400,0.0,0.0
2022-06-10 00:00:00-04:00,26.648709884032986,27.0132851252799,26.440379755622583,26.796276092529297,195200,0.0,0.0
2022-06-13 00:00:00-04:00,26.310175579381703,26.310175579381703,25.38137715190754,25.55498504638672,304700,0.0,0.0
2022-06-14 00:00:00-04:00,25.67650799954107,25.67650799954107,24.739029069450936,24.999439239501953,359800,0.0,0.0
2022-06-15 00:00:00-04:00,25.294571032096872,26.101844857486764,25.13832427161529,25.633106231689453,301700,0.0,0.0
2022-06-16 00:00:00-04:00,25.181726379555137,25.29457033923002,24.669584970070677,25.05152130126953,443300,0.0,0.0
2022-06-17 00:00:00-04:00,25.268529553596913,25.858794323350267,24.982077727763357,25.61574363708496,503300,0.0,0.0
2022-06-21 00:00:00-04:00,25.858795848559257,26.12788657217814,25.35533332824707,25.35533332824707,235200,0.0,0.0
2022-06-22 00:00:00-04:00,24.990759123004466,25.83275351059227,24.990759123004466,25.38137435913086,200500,0.0,0.0
2022-06-23 00:00:00-04:00,25.416097566436374,25.806712817470075,25.23380912476934,25.68518829345703,160500,0.0,0.0
2022-06-24 00:00:00-04:00,25.798032567136914,26.46642076851791,25.798032567136914,26.414339065551758,392400,0.0,0.0
2022-06-27 00:00:00-04:00,26.48378112967284,26.631347330224177,26.119205908054678,26.30149269104004,141800,0.0,0.0
2022-06-28 00:00:00-04:00,26.58794588938955,26.82231604145688,26.023722736953324,26.05844497680664,134200,0.0,0.0
2022-06-29 00:00:00-04:00,25.92823950248327,25.98032120584003,25.554983707856895,25.798032760620117,130100,0.0,0.0
2022-06-30 00:00:00-04:00,25.494222121178193,26.03240359999003,25.277213086511075,25.78067398071289,214600,0.0,0.0
2022-07-01 00:00:00-04:00,25.650468657362268,26.232052968736948,25.633109191918685,26.19733238220215,174400,0.0,0.0
2022-07-05 00:00:00-04:00,26.041084265738384,26.483782896933644,25.50290112909487,26.440380096435547,342300,0.0,0.0
2022-07-06 00:00:00-04:00,26.344895851481954,26.622667137369557,25.884836124450953,25.95427894592285,255900,0.0,0.0
2022-07-07 00:00:00-04:00,26.17997081167561,26.36225926870874,25.98900344989349,26.006362915039062,108300,0.0,0.0
2022-07-08 00:00:00-04:00,25.95427865654832,26.032402036789108,25.572342314887493,25.633106231689453,123300,0.0,0.0
2022-07-11 00:00:00-04:00,25.47686084638313,25.58102425522836,25.19908954859913,25.311933517456055,127100,0.0,0.0
2022-07-12 00:00:00-04:00,25.19040693079371,25.954277937299405,25.19040693079371,25.928237915039062,202800,0.0,0.0
2022-07-13 00:00:00-04:00,25.633106593033304,25.71990887839342,25.37269477001055,25.48554039001465,98400,0.0,0.0
2022-07-14 00:00:00-04:00,24.756388694414177,25.164365044370516,24.63486252083243,25.06020164489746,169400,0.0,0.0
2022-07-15 00:00:00-04:00,25.46817927068364,25.537622092360213,25.02548066162768,25.48554039001465,202100,0.0,0.0
2022-07-18 00:00:00-04:00,25.659146254671423,25.771991873084765,25.520260613276115,25.633106231689453,254800,0.0,0.0
2022-07-19 00:00:00-04:00,25.95427962355529,26.15392753354362,25.945599063688732,26.136568069458008,368200,0.0,0.0
2022-07-20 00:00:00-04:00,26.16260740900471,26.466420373796584,25.997681742797017,26.153926849365234,219700,0.0,0.0
2022-07-21 00:00:00-04:00,25.81539427353289,25.902198217548104,25.43345791325445,25.858797073364258,133200,0.0,0.0
2022-07-22 00:00:00-04:00,25.971643694332,26.093168234977107,25.476863315250988,25.763315200805664,208600,0.0,0.0
2022-07-25 00:00:00-04:00,25.936918651998084,26.24073162647327,25.78067354044993,25.997682571411133,178100,0.0,0.0
2022-07-26 00:00:00-04:00,26.03240359999003,26.19733092991835,25.711231155845315,25.78067398071289,179400,0.0,0.0
2022-07-27 00:00:00-04:00,25.546303676413107,26.00636176760059,24.956038840669322,25.919559478759766,319300,0.0,0.0
2022-07-28 00:00:00-04:00,26.023722299740125,26.318854710944844,25.9455989170302,26.275453567504883,201200,0.0,0.0
2022-07-29 00:00:00-04:00,26.28413499351095,26.44906066853589,26.075806517968225,26.240732192993164,209100,0.0,0.0
2022-08-01 00:00:00-04:00,26.136568360829084,26.310174593153103,25.928239888651746,26.05844497680664,275500,0.0,0.0
2022-08-02 00:00:00-04:00,25.962958810024844,25.989000488246955,25.32061231470612,25.37269401550293,281900,0.0,0.0
2022-08-03 00:00:00-04:00,25.476860267924252,25.650466497273708,25.12964615357784,25.268531799316406,237100,0.0,0.0
2022-08-04 00:00:00-04:00,26.249410266497218,26.249410266497218,25.04284067240911,25.12096405029297,310300,0.0,0.0
2022-08-05 00:00:00-04:00,24.97339903066978,25.476859903175974,24.929996232218183,25.41609764099121,328800,0.0,0.0
2022-08-08 00:00:00-04:00,25.754632593392575,26.05844557651091,25.61574694207806,25.702550888061523,211000,0.0,0.0
2022-08-09 00:00:00-04:00,25.745950988852478,25.91955887377705,25.476860257302143,25.667827606201172,202300,0.0,0.0
2022-08-10 00:00:00-04:00,26.01503901341014,26.223367460253527,25.77198998658318,26.032400131225586,292800,0.0,0.0
2022-08-11 00:00:00-04:00,26.388299747262625,26.431702549990668,26.0758078458589,26.19733238220215,195500,0.0,0.0
2022-08-12 00:00:00-04:00,26.27545342054369,26.46642076851791,26.206010598039658,26.414339065551758,246600,0.0,0.0
2022-08-15 00:00:00-04:00,26.54454436214731,26.74419227148013,26.3014936536242,26.60530662536621,169800,0.0,0.0
2022-08-16 00:00:00-04:00,26.457740493229796,26.5966261397312,26.39697822984137,26.535863876342773,185500,0.0,0.0
2022-08-17 00:00:00-04:00,26.266774039928265,26.292815720404132,25.81539484556524,25.902198791503906,190300,0.0,0.0
2022-08-18 00:00:00-04:00,26.049762800174758,26.24941069999846,25.945597742726893,26.179967880249023,174200,0.0,0.0
2022-08-19 00:00:00-04:00,26.075800829799697,26.075800829799697,25.546298368521082,25.771987915039062,172200,0.0,0.0
2022-08-22 00:00:00-04:00,25.56366373892001,25.56366373892001,24.964718367939874,25.07756233215332,172500,0.0,0.0
2022-08-23 00:00:00-04:00,25.051523950269114,25.138326241206574,24.747710965045297,24.756391525268555,165100,0.0,0.0
2022-08-24 00:00:00-04:00,24.6869497011162,24.851875385109377,24.60882631158358,24.782432556152344,158100,0.0,0.0
2022-08-25 00:00:00-04:00,24.87791602792502,25.216449597997315,24.791112081441785,25.15568733215332,303200,0.0,0.0
2022-08-26 00:00:00-04:00,25.27721527484923,25.27721527484923,24.70430985053384,24.765073776245117,262300,0.0,0.0
2022-08-29 00:00:00-04:00,25.381374856849952,25.39005541635375,24.67826609351682,24.695627212524414,273500,0.0,0.0
2022-08-30 00:00:00-04:00,24.791111806730253,24.912637992719176,24.38313541512169,24.426536560058594,218900,0.0,0.0
2022-08-31 00:00:00-04:00,24.36577038535734,24.49597545492397,24.08799912877592,24.0966796875,237300,0.0,0.0
2022-09-01 00:00:00-04:00,23.992518945353318,24.018560626200298,23.558500865122483,24.00988006591797,200300,0.0,0.0
2022-09-02 00:00:00-04:00,24.261609860508713,24.261609860508713,23.688706162161058,23.792869567871094,226700,0.0,0.0
2022-09-06 00:00:00-04:00,23.879672502235294,23.97515699981387,23.51509728633676,23.966476440429688,228400,0.0,0.0
2022-09-07 00:00:00-04:00,23.75570561014677,24.282634735107422,23.69423085266264,24.282634735107422,208800,0.32,0.0
2022-09-08 00:00:00-04:00,24.071861872011723,24.607573310025906,23.905000630242135,24.563661575317383,192000,0.0,0.0
2022-09-09 00:00:00-04:00,24.774434881872768,24.86225668333634,24.61635764931218,24.633920669555664,136800,0.0,0.0
2022-09-12 00:00:00-04:00,24.95007531051458,25.19597598831545,24.660264575099173,24.985204696655273,230700,0.0,0.0
2022-09-13 00:00:00-04:00,24.537317613558212,24.62513941293895,23.89621965062189,24.03673553466797,186400,0.0,0.0
2022-09-14 00:00:00-04:00,24.06308133567816,24.06308133567816,23.4571127515961,23.711795806884766,277900,0.0,0.0
2022-09-15 00:00:00-04:00,23.72936050208982,24.071863683280686,23.51858918481378,23.711795806884766,421200,0.0,0.0
2022-09-16 00:00:00-04:00,23.62397537840635,24.098212126125375,23.263907481091515,24.07186508178711,510500,0.0,0.0
2022-09-19 00:00:00-04:00,23.89621925354004,24.027952787952884,23.615190840240714,23.89621925354004,576000,0.0,0.0
2022-09-20 00:00:00-04:00,23.54493478768115,23.905002667672733,23.33416346830034,23.817182540893555,481600,0.0,0.0
2022-09-21 00:00:00-04:00,23.957693205806724,24.124552762025385,23.36050705180375,23.36928939819336,327000,0.0,0.0
2022-09-22 00:00:00-04:00,23.325380065223843,23.360509454395277,22.851145036839764,23.00922393798828,223700,0.0,0.0
2022-09-23 00:00:00-04:00,22.833579255957204,22.833579255957204,21.946582322314576,22.359342575073242,232600,0.0,0.0
2022-09-26 00:00:00-04:00,22.25396172967503,22.25396172967503,21.27036048013208,21.647993087768555,344000,0.0,0.0
2022-09-27 00:00:00-04:00,21.779721692534014,21.806068733897938,21.147407775352818,21.25279426574707,289100,0.0,0.0
2022-09-28 00:00:00-04:00,21.445999562453906,22.508638373063953,21.085931727861965,22.45594596862793,380300,0.0,0.0
2022-09-29 00:00:00-04:00,22.087098239308997,22.210049430056795,21.595298501502366,22.113445281982422,420100,0.0,0.0
2022-09-30 00:00:00-04:00,22.218828710294012,22.833579600327393,22.183700997325445,22.587678909301758,453200,0.0,0.0
2022-10-03 00:00:00-04:00,22.90383576637924,22.90383576637924,22.394471386166916,22.54376792907715,313000,0.0,0.0
2022-10-04 00:00:00-04:00,22.72819384980121,23.360509454395277,22.72819384980121,23.00922393798828,320500,0.0,0.0
2022-10-05 00:00:00-04:00,22.666719863801553,22.701849254166337,21.762159837708296,22.23639488220215,280400,0.0,0.0
2022-10-06 00:00:00-04:00,22.253961259465626,22.253961259465626,21.832418593594824,21.972932815551758,187100,0.0,0.0
2022-10-07 00:00:00-04:00,21.762159433881724,21.97293074697468,21.683119982089178,21.885108947753906,460600,0.0,0.0
2022-10-10 00:00:00-04:00,22.043186930781385,22.13100872633458,21.674336729507093,21.893890380859375,386600,0.0,0.0
2022-10-11 00:00:00-04:00,21.832414992184773,22.53498598607543,21.612861347211272,22.218828201293945,582300,0.0,0.0
2022-10-12 00:00:00-04:00,22.20126600562095,22.324215515343532,21.9114552505167,22.08709716796875,283700,0.0,0.0
2022-10-13 00:00:00-04:00,21.64798937655148,22.55255101011763,21.481128134909657,22.341779708862305,278400,0.0,0.0
2022-10-14 00:00:00-04:00,22.60524460903261,22.736976469883015,21.82363411626691,21.920236587524414,301100,0.0,0.0
2022-10-17 00:00:00-04:00,22.306651882443624,23.018005283353144,22.306651882443624,22.842363357543945,304200,0.0,0.0
2022-10-18 00:00:00-04:00,23.14095680044971,23.39563818273751,22.87749139542678,23.12339210510254,340800,0.0,0.0
2022-10-19 00:00:00-04:00,22.938966157512144,23.10582572596609,22.455947121033223,22.499858856201172,209300,0.0,0.0
2022-10-20 00:00:00-04:00,22.429606606091173,22.877494676243984,22.29787304715728,22.684288024902344,256300,0.0,0.0
2022-10-21 00:00:00-04:00,22.816014669309205,23.079480051613064,22.534986268234206,23.053133010864258,306500,0.0,0.0
2022-10-24 00:00:00-04:00,23.263906716952643,23.60640990679192,23.053135394354506,23.47467803955078,279500,0.0,0.0
2022-10-25 00:00:00-04:00,23.509804656127145,24.607572878676287,23.509804656127145,24.26506805419922,359200,0.0,0.0
2022-10-26 00:00:00-04:00,24.95007508895615,25.389182361447546,23.91378165786665,24.273849487304688,428300,0.0,0.0
2022-10-27 00:00:00-04:00,24.51975266866733,24.695396265637946,23.80839928355315,23.8786563873291,423700,0.0,0.0
2022-10-28 00:00:00-04:00,23.861091034254102,24.098209381103516,23.66788442296649,24.098209381103516,706700,0.0,0.0
2022-10-31 00:00:00-04:00,23.975258123456626,24.133337020874023,23.799616206929517,24.133337020874023,475700,0.0,0.0
2022-11-01 00:00:00-04:00,24.431929879586,24.598791122436523,24.142119128877937,24.598791122436523,255800,0.0,0.0
2022-11-02 00:00:00-04:00,24.405585759551663,24.80956369174165,24.09821029915495,24.142120361328125,415700,0.0,0.0
2022-11-03 00:00:00-04:00,24.32654516270227,24.879819625328203,23.825961432155143,24.774433135986328,363900,0.0,0.0
2022-11-04 00:00:00-04:00,25.046682954926315,25.187197169044317,24.47584375068924,24.8095645904541,502300,0.0,0.0
2022-11-07 00:00:00-05:00,25.152067453089,25.239889254543726,24.352892242467913,24.581228256225586,358500,0.0,0.0
2022-11-08 00:00:00-05:00,24.63391949318386,24.72174129045358,24.08064501798911,24.32654571533203,248100,0.0,0.0
2022-11-09 00:00:00-05:00,24.133336682484384,24.388019719210536,23.78205117929435,23.905000686645508,331200,0.0,0.0
2022-11-10 00:00:00-05:00,24.76565336525799,25.406749646488635,24.76565336525799,25.389184951782227,420700,0.0,0.0
2022-11-11 00:00:00-05:00,25.380401263983888,25.538480157869813,24.89738391049814,25.09937286376953,243500,0.0,0.0
2022-11-14 00:00:00-05:00,24.879819364973148,25.178412460745506,24.546098556495377,24.563661575317383,197400,0.0,0.0
2022-11-15 00:00:00-05:00,24.76565353540732,24.97642484814788,24.449495728765736,24.80078125,216000,0.0,0.0
2022-11-16 00:00:00-05:00,24.79199545901811,24.79199545901811,24.388017584475957,24.423145294189453,197400,0.0,0.0
2022-11-17 00:00:00-05:00,24.16846714560162,24.66904921930125,24.0191705907209,24.607574462890625,280400,0.0,0.0
2022-11-18 00:00:00-05:00,25.073027970648635,25.362838742575146,24.72174244029249,25.31014633178711,372200,0.0,0.0
2022-11-21 00:00:00-05:00,25.310143899009848,25.380400998328057,24.677830005145957,24.888601303100586,235200,0.0,0.0
2022-11-22 00:00:00-05:00,24.976420101354954,25.17840902829378,24.686609392032807,24.86225128173828,477100,0.0,0.0
2022-11-23 00:00:00-05:00,24.69539994024457,24.81834947138166,24.273855579802763,24.519756317138672,233500,0.0,0.0
2022-11-25 00:00:00-05:00,24.49340602690049,24.914950331506997,24.414366574478116,24.90616798400879,97100,0.0,0.0
2022-11-28 00:00:00-05:00,24.791998732122497,24.82712812153513,24.388020804246125,24.607574462890625,470000,0.0,0.0
2022-11-29 00:00:00-05:00,24.52853534647117,25.011552732055367,24.484623609106194,24.993988037109375,352600,0.0,0.0
2022-11-30 00:00:00-05:00,24.958858683308,25.784380865883502,24.581226142074694,25.7229061126709,535300,0.0,0.0
2022-12-01 00:00:00-05:00,25.845853359583554,26.056624641484046,24.75686756556707,24.94129180908203,421400,0.0,0.0
2022-12-02 00:00:00-05:00,24.625140070502177,25.029118013354854,24.44071411937177,24.546100616455078,394500,0.0,0.0
2022-12-05 00:00:00-05:00,24.317766655224737,24.52853799212596,23.92256935162139,23.940134048461914,257200,0.0,0.0
2022-12-06 00:00:00-05:00,23.90500167533634,24.06308057707522,23.74692444865894,23.86109161376953,198300,0.0,0.0
2022-12-07 00:00:00-05:00,23.789995579050572,24.438732433198613,23.789995579050572,23.97661781311035,227800,0.32,0.0
2022-12-08 00:00:00-05:00,24.047716215382607,24.420962440234447,24.047716215382607,24.118810653686523,177600,0.0,0.0
2022-12-09 00:00:00-05:00,23.949962966440783,24.323209199775775,23.949962966440783,24.136585235595703,158600,0.0,0.0
2022-12-12 00:00:00-05:00,24.17213123446978,24.17213123446978,23.789998016968806,23.994394302368164,264600,0.0,0.0
2022-12-13 00:00:00-05:00,24.749771624351094,24.84752540320234,24.23433659895637,24.332090377807617,368200,0.0,0.0
2022-12-14 00:00:00-05:00,24.207674926022523,24.7675450136923,24.172128560549343,24.50982666015625,268000,0.0,0.0
2022-12-15 00:00:00-05:00,24.34097982430764,24.420961275462925,24.092150149624562,24.18101692199707,416000,0.0,0.0
2022-12-16 00:00:00-05:00,23.825540880136188,23.976616741682285,23.425635384296346,23.79888153076172,1396800,0.0,0.0
2022-12-19 00:00:00-05:00,23.65669578628377,23.763336587815715,23.23901451104621,23.372316360473633,213900,0.0,0.0
2022-12-20 00:00:00-05:00,23.31010941329918,23.470072313844355,23.061279741362256,23.31899642944336,302600,0.0,0.0
2022-12-21 00:00:00-05:00,23.452295303344727,23.772221063807642,23.416748938307066,23.452295303344727,206200,0.0,0.0
2022-12-22 00:00:00-05:00,23.283449622304396,23.550053321519147,22.99907019611035,23.541166305541992,266400,0.0,0.0
2022-12-23 00:00:00-05:00,23.390091515183588,23.63003587268583,23.327884095466356,23.57671546936035,106100,0.0,0.0
2022-12-27 00:00:00-05:00,23.576713853575935,23.781110131503247,23.44341031186035,23.692241668701172,68900,0.0,0.0
2022-12-28 00:00:00-05:00,23.789997256646842,23.7988842724704,23.087938261810574,23.185693740844727,172400,0.0,0.0
2022-12-29 00:00:00-05:00,23.34565343682431,23.7188995751471,23.292331349189112,23.683351516723633,183600,0.0,0.0
2022-12-30 00:00:00-05:00,23.60337113045644,23.73667296542586,23.274560050533527,23.550050735473633,211900,0.0,0.0
2023-01-03 00:00:00-05:00,23.878864756747085,24.127694409670724,23.345655694014468,23.55893898010254,253400,0.0,0.0
2023-01-04 00:00:00-05:00,23.896639626072563,24.243226485856113,23.656696963176334,23.958847045898438,249700,0.0,0.0
2023-01-05 00:00:00-05:00,23.816655692104696,24.02105365812683,23.33676872128398,23.461183547973633,250800,0.0,0.0
2023-01-06 00:00:00-05:00,23.67446582745347,24.056599001774572,23.621145431858025,24.029939651489258,174200,0.0,0.0
2023-01-09 00:00:00-05:00,24.012170153273512,24.092151609274563,23.621149890048944,23.754451751708984,178800,0.0,0.0
2023-01-10 00:00:00-05:00,23.66558265686035,23.674469673407437,23.41675297364231,23.66558265686035,161500,0.0,0.0
2023-01-11 00:00:00-05:00,23.736677412168554,24.207679125322695,23.736677412168554,24.118810653686523,411300,0.0,0.0
2023-01-12 00:00:00-05:00,24.2787727393718,24.64313193518766,24.109922818497967,24.634244918823242,306800,0.0,0.0
2023-01-13 00:00:00-05:00,24.447620685181047,24.652016959974812,24.40318560694876,24.563148498535156,214100,0.0,0.0
2023-01-17 00:00:00-05:00,24.616470839188466,24.785319053089065,24.527602376857924,24.776432037353516,200000,0.0,0.0
2023-01-18 00:00:00-05:00,24.927506112151207,24.998600537869393,24.207674839876496,24.438732147216797,128200,0.0,0.0
2023-01-19 00:00:00-05:00,24.37652502824601,24.465393485213216,24.189901099112394,24.243223190307617,213000,0.0,0.0
2023-01-20 00:00:00-05:00,24.358753173090893,24.358753173090893,23.96773294453188,24.189903259277344,192100,0.0,0.0
2023-01-23 00:00:00-05:00,24.13658074296477,24.367638053452705,24.00327890480534,24.14546775817871,339600,0.0,0.0
2023-01-24 00:00:00-05:00,23.9943931559229,24.19878943155626,23.923298725484127,24.05660057067871,295500,0.0,0.0
2023-01-25 00:00:00-05:00,23.90552524080012,24.172130632311067,23.745562344898545,24.07437515258789,187800,0.0,0.0
2023-01-26 00:00:00-05:00,24.189901099112394,24.340976967449194,23.9677308042068,24.243223190307617,165600,0.0,0.0
2023-01-27 00:00:00-05:00,24.10103298007122,24.72310875376369,24.10103298007122,24.669788360595703,108800,0.0,0.0
2023-01-30 00:00:00-05:00,24.518716164001244,24.70533841548399,24.50982914797469,24.696453094482422,143700,0.0,0.0
2023-01-31 00:00:00-05:00,24.776433139424775,25.371849659991486,24.68756636816632,25.291868209838867,490300,0.0,0.0
2023-02-01 00:00:00-05:00,25.15856483049014,25.85173679138705,25.114131447558567,25.745094299316406,342700,0.0,0.0
2023-02-02 00:00:00-05:00,25.8517359887791,26.420491408764867,25.8517359887791,26.35828399658203,225300,0.0,0.0
2023-02-03 00:00:00-05:00,26.02058854631118,26.02058854631118,25.522925807989566,25.674001693725586,315100,0.0,0.0
2023-02-06 00:00:00-05:00,25.478491998637708,25.478491998637708,25.034151365033996,25.14967918395996,160600,0.0,0.0
2023-02-07 00:00:00-05:00,24.936394875265066,25.45182992160968,24.518715306769842,25.140792846679688,235300,0.0,0.0
2023-02-08 00:00:00-05:00,24.7942066215771,24.7942066215771,23.727790134911135,24.047714233398438,428000,0.0,0.0
2023-02-09 00:00:00-05:00,24.358752210364646,24.60758356325405,23.39897655639826,23.505619049072266,537000,0.0,0.0
2023-02-10 00:00:00-05:00,23.47896126498376,23.710018618699703,23.19458350503341,23.48784828186035,999200,0.0,0.0
2023-02-13 00:00:00-05:00,23.6033737223571,23.745562587941635,23.505619936658352,23.541166305541992,509900,0.0,0.0
2023-02-14 00:00:00-05:00,23.398976134628807,23.887750120930907,23.381202103666034,23.461183547973633,268900,0.0,0.0
2023-02-15 00:00:00-05:00,23.301222375367878,23.621148176159085,23.301222375367878,23.585601806640625,186100,0.0,0.0
2023-02-16 00:00:00-05:00,23.30122356895091,23.603375352947822,23.194582759907938,23.425640106201172,339900,0.0,0.0
2023-02-17 00:00:00-05:00,23.541166273761686,23.541166273761686,23.043505244887662,23.372316360473633,257100,0.0,0.0
2023-02-21 00:00:00-05:00,23.141261292614033,23.221241048210604,22.616939202994704,22.643598556518555,193500,0.0,0.0
2023-02-22 00:00:00-05:00,22.71468998249205,23.23901200266713,22.6702566024873,22.874652862548828,325500,0.0,0.0
2023-02-23 00:00:00-05:00,23.01684439490582,23.15014624547946,22.652485212326223,22.93686294555664,172200,0.0,0.0
2023-02-24 00:00:00-05:00,22.661371358991556,22.73246578957171,22.50140846642998,22.63471031188965,239500,0.0,0.0
2023-02-27 00:00:00-05:00,22.847995188825188,22.99907107616778,22.510297043896177,22.616939544677734,196300,0.0,0.0
2023-02-28 00:00:00-05:00,22.599161772607147,22.856878423062412,22.403650836029254,22.421424865722656,313100,0.0,0.0
2023-03-01 00:00:00-05:00,22.26146236177012,22.29701042175293,21.870443872108005,22.29701042175293,242100,0.0,0.0
2023-03-02 00:00:00-05:00,22.145936415516328,22.1903697991992,21.94154013853521,22.128162384033203,392800,0.0,0.0
2023-03-03 00:00:00-05:00,22.21703008072394,22.323672570922362,22.021520826222524,22.065954208374023,335900,0.0,0.0
2023-03-06 00:00:00-05:00,22.137047860964476,22.163708906335874,21.6749332446758,21.737140655517578,335400,0.0,0.0
2023-03-07 00:00:00-05:00,21.78157531046706,21.914877144699947,20.644062821961846,20.972875595092773,802300,0.0,0.0
2023-03-08 00:00:00-05:00,20.972877750560617,21.081030860964933,19.846272822649915,20.278888702392578,2915500,0.33,0.0
2023-03-09 00:00:00-05:00,20.278887969313274,20.522235037520066,19.206359635376504,19.26944923400879,1829700,0.0,0.0
2023-03-10 00:00:00-05:00,19.116232104610496,19.377605280049654,17.62010085772238,17.836410522460938,1393100,0.0,0.0
2023-03-13 00:00:00-04:00,17.683194270856017,17.92653966410857,16.95315293390953,17.61109161376953,1628100,0.0,0.0
2023-03-14 00:00:00-04:00,18.214949624022395,18.214949624022395,16.83598614296415,17.08834457397461,906900,0.0,0.0
2023-03-15 00:00:00-04:00,16.65572536703602,17.142419477953897,16.475469625966934,16.962162017822266,1274100,0.0,0.0
2023-03-16 00:00:00-04:00,16.826971545502026,17.142421274256126,16.15100857777012,16.78190803527832,1103000,0.0,0.0
2023-03-17 00:00:00-04:00,16.637701141973114,16.745855973986654,15.619251019549816,15.682340621948242,2191600,0.0,0.0
2023-03-20 00:00:00-04:00,15.907662236744395,16.4033694675762,15.628264678423472,15.817533493041992,1144500,0.0,0.0
2023-03-21 00:00:00-04:00,16.20508310294669,16.646711980230137,16.078903914883565,16.376327514648438,894300,0.0,0.0
2023-03-22 00:00:00-04:00,16.295213933393477,16.340277443783197,15.33084037092654,15.34886646270752,613500,0.0,0.0
2023-03-23 00:00:00-04:00,15.40294270549688,15.5651740900984,14.763030212797853,14.853158950805664,650400,0.0,0.0
2023-03-24 00:00:00-04:00,14.663890102423865,15.411955703149651,14.456595208996132,15.402942657470703,537800,0.0,0.0
2023-03-27 00:00:00-04:00,15.664314167516162,15.7995081341694,15.493071456130734,15.565174102783203,432600,0.0,0.0
2023-03-28 00:00:00-04:00,15.411955852352547,15.853584780520263,15.258737512452507,15.808521270751953,488900,0.0,0.0
2023-03-29 00:00:00-04:00,15.925688453136495,16.268175618993457,15.871611894119672,16.223112106323242,382200,0.0,0.0
2023-03-30 00:00:00-04:00,16.45744701125176,16.574613181734033,16.160023342575165,16.295215606689453,326300,0.0,0.0
2023-03-31 00:00:00-04:00,16.457445814019692,16.75486946105957,16.31324051357992,16.75486946105957,563600,0.0,0.0
2023-04-03 00:00:00-04:00,16.844995909954207,16.926111595289562,16.32225133727221,16.493494033813477,407600,0.0,0.0
2023-04-04 00:00:00-04:00,16.628692898667413,16.628692898667413,16.12397254776133,16.340280532836914,336400,0.0,0.0
2023-04-05 00:00:00-04:00,16.223112226321327,16.664741186194757,16.16002262049124,16.628690719604492,659500,0.0,0.0
2023-04-06 00:00:00-04:00,16.772895032484705,16.79091940518283,16.421393119399,16.71881675720215,378900,0.0,0.0
2023-04-10 00:00:00-04:00,16.709804739862903,16.80894480232524,15.988776570789375,16.4213924407959,574500,0.0,0.0
2023-04-11 00:00:00-04:00,16.610663190632668,16.646713654106037,16.259163006219584,16.35830307006836,798600,0.0,0.0
2023-04-12 00:00:00-04:00,16.556585544716583,16.556585544716583,15.85358350315963,15.94371223449707,542500,0.0,0.0
2023-04-13 00:00:00-04:00,15.925687299310484,16.160021330156155,15.727405451239235,15.97075080871582,450300,0.0,0.0
2023-04-14 00:00:00-04:00,16.06088061939477,16.268175527006132,15.574188152869706,15.72740650177002,460200,0.0,0.0
2023-04-17 00:00:00-04:00,15.73641774057385,16.44843292236328,15.6372776700045,16.44843292236328,392800,0.0,0.0
2023-04-18 00:00:00-04:00,16.376329669674252,16.376329669674252,15.907661596533755,15.997790336608887,360600,0.0,0.0
2023-04-19 00:00:00-04:00,15.889633740809135,16.574609682653612,15.781480639975163,16.55658531188965,367100,0.0,0.0
2023-04-20 00:00:00-04:00,16.394356598009413,16.565599321920665,16.30422785333554,16.385343551635742,422100,0.0,0.0
2023-04-21 00:00:00-04:00,16.44843056788699,16.48448274770636,15.979762544610542,16.16903305053711,261100,0.0,0.0
2023-04-24 00:00:00-04:00,16.187061222235158,16.295216068026324,15.889637545138147,16.087921142578125,273800,0.0,0.0
2023-04-25 00:00:00-04:00,15.79049532294831,16.015816311966194,15.59221175241243,15.673327445983887,377500,0.0,0.0
2023-04-26 00:00:00-04:00,15.799507095318875,16.49349437906927,15.799507095318875,16.12396812438965,683700,0.0,0.0
2023-04-27 00:00:00-04:00,15.979761637091574,16.53855835911883,15.979761637091574,16.484481811523438,412600,0.0,0.0
2023-04-28 00:00:00-04:00,16.493495012771145,17.061304843820523,16.259162706852123,16.40336799621582,409300,0.0,0.0
2023-05-01 00:00:00-04:00,16.331263666415715,16.43941676274754,16.042851398385082,16.196069717407227,411700,0.0,0.0
2023-05-02 00:00:00-04:00,16.015814949566384,16.08791759115612,15.37590250127771,15.961736679077148,719100,0.0,0.0
2023-05-03 00:00:00-04:00,16.09692950850304,16.448429646744444,15.85358246553786,16.01581382751465,739200,0.0,0.0
2023-05-04 00:00:00-04:00,16.042851459552036,16.890058739673037,15.961735777462659,16.826969146728516,1040200,0.0,0.0
2023-05-05 00:00:00-04:00,17.151438318965386,17.665170019167967,16.772898900016674,17.043283462524414,659100,0.0,0.0
2023-05-08 00:00:00-04:00,17.214522723185596,17.286625365959733,16.93512519731864,17.016239166259766,539900,0.0,0.0
2023-05-09 00:00:00-04:00,16.8449972074774,17.09735560879249,16.601650132726984,16.98920249938965,501600,0.0,0.0
2023-05-10 00:00:00-04:00,17.286628091825765,17.38576988592199,16.826973027010816,17.07032012939453,304400,0.0,0.0
2023-05-11 00:00:00-04:00,17.070317364143396,17.070317364143396,16.72782852314383,16.998214721679688,357500,0.0,0.0
2023-05-12 00:00:00-04:00,17.142421069464675,17.27761331758344,16.799932207230253,16.92611312866211,408600,0.0,0.0
2023-05-15 00:00:00-04:00,17.088344503633312,17.232551530983674,16.89907568115456,17.07032012939453,475200,0.0,0.0
2023-05-16 00:00:00-04:00,17.0072295151659,17.1063695843307,16.502509246973517,16.51152229309082,298800,0.0,0.0
2023-05-17 00:00:00-04:00,16.655727211923487,17.04327959079032,16.50250886955899,16.88104820251465,508900,0.0,0.0
2023-05-18 00:00:00-04:00,16.790919747873243,17.025253788358725,16.619677029838392,16.98019027709961,332400,0.0,0.0
2023-05-19 00:00:00-04:00,17.160450034424997,17.529976376721525,17.034269091864555,17.09735870361328,724500,0.0,0.0
2023-05-22 00:00:00-04:00,17.21452370804387,17.5660238967946,17.01624013977406,17.412805557250977,509100,0.0,0.0
2023-05-23 00:00:00-04:00,17.457870875001504,18.142845164505438,17.403792600254317,17.656152725219727,361300,0.0,0.0
2023-05-24 00:00:00-04:00,17.58404763895135,17.683189409840324,17.11537963719208,17.214521408081055,480700,0.0,0.0
2023-05-25 00:00:00-04:00,16.899073762178826,17.124394745674543,16.619676223981685,16.98920249938965,380600,0.0,0.0
2023-05-26 00:00:00-04:00,17.061308233641004,17.169461362620822,16.854013303877196,17.09735870361328,378400,0.0,0.0
2023-05-30 00:00:00-04:00,17.178472311901157,17.41280635482259,17.088343569383255,17.322677612304688,326800,0.0,0.0
2023-05-31 00:00:00-04:00,17.214525530127005,17.37675693258736,17.124396782197596,17.16946029663086,744500,0.0,0.0
2023-06-01 00:00:00-04:00,17.241559533870003,17.241559533870003,16.79993064751631,16.962162017822266,326600,0.0,0.0
2023-06-02 00:00:00-04:00,17.30465253467656,17.791344973962275,17.196497704244894,17.656152725219727,392800,0.0,0.0
2023-06-05 00:00:00-04:00,17.56602114338714,17.692200325916943,17.1604444628003,17.421815872192383,259400,0.0,0.0
2023-06-06 00:00:00-04:00,17.421818494964377,18.007652712270435,17.37675498558033,17.800357818603516,466800,0.0,0.0
2023-06-07 00:00:00-04:00,17.86451934843966,18.817783416988558,17.8370207412904,18.6802921295166,549600,0.33,0.0
2023-06-08 00:00:00-04:00,18.661960416992542,18.661960416992542,17.992841667085663,18.130332946777344,428900,0.0,0.0
2023-06-09 00:00:00-04:00,18.066170554559868,18.295320369295172,17.89201795411856,18.18532943725586,284800,0.0,0.0
2023-06-12 00:00:00-04:00,18.148664849296114,18.3136529976437,17.910350577543337,18.047840118408203,341800,0.0,0.0
2023-06-13 00:00:00-04:00,18.05700668388294,18.44197845500786,17.98367881072935,18.020341873168945,296700,0.0,0.0
2023-06-14 00:00:00-04:00,18.102835133342655,18.313652540626126,17.72702958182888,17.864519119262695,319400,0.0,0.0
2023-06-15 00:00:00-04:00,17.87368453939702,18.13949914864174,17.690363998657606,18.130332946777344,293100,0.0,0.0
2023-06-16 00:00:00-04:00,18.258656123090418,18.258656123090418,17.89201679296295,18.057004928588867,763600,0.0,0.0
2023-06-20 00:00:00-04:00,18.011176866956067,18.011176866956067,17.580375802095343,17.690366744995117,294700,0.0,0.0
2023-06-21 00:00:00-04:00,17.56204121045698,17.64453528150518,17.277895936998892,17.50704574584961,245000,0.0,0.0
2023-06-22 00:00:00-04:00,17.61703688098244,17.61703688098244,16.810430313640524,16.911256790161133,457400,0.0,0.0
2023-06-23 00:00:00-04:00,16.700438284457906,16.92042190228961,16.34296512401568,16.572114944458008,1115000,0.0,0.0
2023-06-26 00:00:00-04:00,16.57211402747597,17.387886783663827,16.544615421165688,17.222900390625,538600,0.0,0.0
2023-06-27 00:00:00-04:00,17.250398487254724,17.76369360398167,17.01208246027718,17.59870719909668,378400,0.0,0.0
2023-06-28 00:00:00-04:00,17.653701991072495,17.653701991072495,16.99375115199221,17.094575881958008,415800,0.0,0.0
2023-06-29 00:00:00-04:00,17.085410186490765,17.607871501465624,16.874592769619223,17.562042236328125,338100,0.0,0.0
2023-06-30 00:00:00-04:00,17.75452914949452,17.855353883322945,17.342058766595997,17.59870719909668,527600,0.0,0.0
2023-07-03 00:00:00-04:00,17.507045909312424,18.130333674929883,17.507045909312424,18.038673400878906,226100,0.0,0.0
2023-07-05 00:00:00-04:00,17.90118165825644,18.176160698253682,17.617034668881985,17.89201545715332,393700,0.0,0.0
2023-07-06 00:00:00-04:00,17.59870785515945,17.73619740515963,17.259565333436157,17.681201934814453,249800,0.0,0.0
2023-07-07 00:00:00-04:00,17.69953191439468,18.368650729093353,17.690365711642706,18.093669891357422,320800,0.0,0.0
2023-07-10 00:00:00-04:00,18.057008122680458,18.341153435257233,17.965347836866307,18.29532241821289,267500,0.0,0.0
2023-07-11 00:00:00-04:00,18.432810235220778,18.88194362767197,18.295318958363424,18.826948165893555,295600,0.0,0.0
2023-07-12 00:00:00-04:00,19.184423750023832,19.37690876506916,18.845281237638744,18.872779846191406,350500,0.0,0.0
2023-07-13 00:00:00-04:00,18.84528181132127,19.12942886352539,18.771953934556382,19.12942886352539,253200,0.0,0.0
2023-07-14 00:00:00-04:00,19.028602236151226,19.092763909310023,18.771953795241572,19.056100845336914,222400,0.0,0.0
2023-07-17 00:00:00-04:00,19.01943515037637,19.202755706557223,18.91860866964946,19.111095428466797,350100,0.0,0.0
2023-07-18 00:00:00-04:00,19.193588067817956,19.936032943077855,19.092761594635085,19.826040267944336,518700,0.0,0.0
2023-07-19 00:00:00-04:00,20.009361999587806,20.46766163471192,19.98186339210159,20.376001358032227,411600,0.0,0.0
2023-07-20 00:00:00-04:00,20.449331531493964,20.449331531493964,20.02769665889233,20.275178909301758,569500,0.0,0.0
2023-07-21 00:00:00-04:00,20.394335248228113,20.394335248228113,20.009363456757548,20.15601921081543,533300,0.0,0.0
2023-07-24 00:00:00-04:00,20.137686635064483,20.678480379205983,20.137686635064483,20.540990829467773,352800,0.0,0.0
2023-07-25 00:00:00-04:00,20.449330413637078,20.61431857155766,20.275177800964876,20.430999755859375,589500,0.0,0.0
2023-07-26 00:00:00-04:00,20.211015154572024,21.237607205279833,20.211015154572024,20.623485565185547,469700,0.0,0.0
2023-07-27 00:00:00-04:00,20.62348410895119,20.84346772965374,20.3026740064904,20.3485050201416,309100,0.0,0.0
2023-07-28 00:00:00-04:00,20.605153900673777,20.66015112291972,20.394336460221435,20.53182601928711,236800,0.0,0.0
2023-07-31 00:00:00-04:00,20.495162214450023,20.724312054063194,20.43100053908226,20.623485565185547,301600,0.0,0.0
2023-08-01 00:00:00-04:00,20.64181651441167,20.64181651441167,20.00019630949009,20.3485050201416,471900,0.0,0.0
2023-08-02 00:00:00-04:00,20.082688145077956,20.46765987542311,20.082688145077956,20.41266441345215,169300,0.0,0.0
2023-08-03 00:00:00-04:00,20.311839834353364,20.50432659158714,20.064357610027525,20.449329376220703,294900,0.0,0.0
2023-08-04 00:00:00-04:00,20.495162214450023,20.83430299804378,20.440164994185196,20.623485565185547,608600,0.0,0.0
2023-08-07 00:00:00-04:00,20.623483508245627,21.05428453437243,20.513490826960933,21.04511833190918,321000,0.0,0.0
2023-08-08 00:00:00-04:00,20.705976852253595,20.79763712538075,20.44932843715242,20.641815185546875,278200,0.0,0.0
2023-08-09 00:00:00-04:00,20.568489803719324,20.669314542903454,20.311841357585745,20.513492584228516,270200,0.0,0.0
2023-08-10 00:00:00-04:00,20.54098951275048,20.77930553288161,20.229345620907797,20.339338302612305,302600,0.0,0.0
2023-08-11 00:00:00-04:00,20.24767679068797,20.44932798852434,20.238510588748916,20.421831130981445,145200,0.0,0.0
2023-08-14 00:00:00-04:00,20.2935077321697,20.33017254296132,20.00936244163227,20.101022720336914,225500,0.0,0.0
2023-08-15 00:00:00-04:00,19.807712356560497,19.807712356560497,19.431906765889547,19.486902236938477,264700,0.0,0.0
2023-08-16 00:00:00-04:00,19.51440361664268,19.541900481933038,19.193593451482105,19.22109031677246,325800,0.0,0.0
2023-08-17 00:00:00-04:00,19.19358950392074,19.404406919736648,19.092763023193832,19.111095428466797,191700,0.0,0.0
2023-08-18 00:00:00-04:00,18.946109666367946,19.239421194619812,18.946109666367946,19.15692710876465,180400,0.0,0.0
2023-08-21 00:00:00-04:00,19.14776050287313,19.202757724471383,18.8269521182562,18.900279998779297,277800,0.0,0.0
2023-08-22 00:00:00-04:00,18.95527117731136,19.074428300560392,18.707788981016243,18.753618240356445,151600,0.0,0.0
2023-08-23 00:00:00-04:00,18.927773133879988,19.221084598210886,18.71695573742643,19.18442153930664,140800,0.0,0.0
2023-08-24 00:00:00-04:00,19.138591919286608,19.587727098447086,19.138591919286608,19.175256729125977,199300,0.0,0.0
2023-08-25 00:00:00-04:00,19.1935903947164,19.35857855328157,19.04693464227502,19.056100845336914,113100,0.0,0.0
2023-08-28 00:00:00-04:00,19.156925905080563,19.68855345370205,19.138593498648046,19.5235652923584,232300,0.0,0.0
2023-08-29 00:00:00-04:00,19.496068497135326,19.780213804705458,19.367743399946793,19.734384536743164,188600,0.0,0.0
2023-08-30 00:00:00-04:00,19.688553511250138,19.853541673076037,19.615225633580238,19.771047592163086,542200,0.0,0.0
2023-08-31 00:00:00-04:00,19.70688372015124,19.780211589644086,19.514398718335386,19.6243896484375,280600,0.0,0.0
2023-09-01 00:00:00-04:00,19.807711016853716,19.926868154112885,19.624390461390277,19.743549346923828,202300,0.0,0.0
2023-09-05 00:00:00-04:00,19.486901899599165,19.560229775819852,19.010269830027436,19.056100845336914,541500,0.0,0.0
2023-09-06 00:00:00-04:00,19.186492841899472,19.4193386245039,19.018843594188706,19.37276840209961,273900,0.33,0.0
2023-09-07 00:00:00-04:00,19.270318462402372,19.428653673821263,19.19580787917421,19.24237632751465,255500,0.0,0.0
2023-09-08 00:00:00-04:00,19.139922639698813,19.354142110039994,18.935018990320668,19.074726104736328,359500,0.0,0.0
2023-09-11 00:00:00-04:00,19.24237535262406,19.37276842254903,18.953647079302048,19.074726104736328,394100,0.0,0.0
2023-09-12 00:00:00-04:00,19.04678626309477,19.186493381290553,18.98158794989584,19.17717933654785,270200,0.0,0.0
2023-09-13 00:00:00-04:00,19.24237583920509,19.24237583920509,18.804626395907377,18.841880798339844,360900,0.0,0.0
2023-09-14 00:00:00-04:00,19.084037406015423,19.40070776729011,19.084037406015423,19.35413932800293,321600,0.0,0.0
2023-09-15 00:00:00-04:00,19.23306275485772,19.344829520680825,18.953648505008662,19.158552169799805,1650400,0.0,0.0
2023-09-18 00:00:00-04:00,19.08404207012535,19.251691334887763,18.869824354694494,19.00021743774414,210700,0.0,0.0
2023-09-19 00:00:00-04:00,19.046786201521947,19.251689855781876,18.981587888533785,19.139923095703125,280000,0.0,0.0
2023-09-20 00:00:00-04:00,19.335512082855185,19.521787624579577,18.925703048706055,18.925703048706055,188900,0.0,0.0
2023-09-21 00:00:00-04:00,18.767366796537964,18.767366796537964,17.929122465150037,17.93843650817871,382500,0.0,0.0
2023-09-22 00:00:00-04:00,17.966381487014587,18.21785358278794,17.67765143674478,17.696279525756836,439700,0.0,0.0
2023-09-25 00:00:00-04:00,17.55657234865496,17.69627946280368,17.51931617076339,17.65902328491211,577600,0.0,0.0
2023-09-26 00:00:00-04:00,17.528628908305066,17.752160629571,17.416863935908204,17.575199127197266,447500,0.0,0.0
2023-09-27 00:00:00-04:00,17.65902380813623,17.957067910682625,17.60314131611545,17.686965942382812,411300,0.0,0.0
2023-09-28 00:00:00-04:00,17.78010463177788,18.25511025562647,17.78010463177788,18.17128562927246,358600,0.0,0.0
2023-09-29 00:00:00-04:00,18.441384889390367,18.515895467220282,17.929124888868753,18.115402221679688,355600,0.0,0.0
2023-10-02 00:00:00-04:00,18.078146532183617,18.078146532183617,17.55657247330485,17.733535766601562,272400,0.0,0.0
2023-10-03 00:00:00-04:00,17.556572471016633,17.584512828157706,16.70901395927197,16.876663208007812,481800,0.0,0.0
2023-10-04 00:00:00-04:00,16.94185731945231,17.1840171133728,16.86734675028232,17.146760940551758,222200,0.0,0.0
2023-10-05 00:00:00-04:00,17.100197227634343,17.295786859591132,16.92323391076445,17.128137588500977,309600,0.0,0.0
2023-10-06 00:00:00-04:00,16.95117424376293,17.11882172053553,16.429598394451297,16.94186019897461,232000,0.0,0.0
2023-10-09 00:00:00-04:00,16.736954300294975,17.249216090546987,16.736954300294975,17.100194931030273,147800,0.0,0.0
2023-10-10 00:00:00-04:00,17.10019446673389,17.379608689123117,17.0443102010782,17.184019088745117,219900,0.0,0.0
2023-10-11 00:00:00-04:00,17.34235472723737,17.57520051060995,17.230587969570703,17.547258377075195,287800,0.0,0.0
2023-10-12 00:00:00-04:00,17.519316270467662,17.519316270467662,16.997742212323686,17.174705505371094,182000,0.0,0.0
2023-10-13 00:00:00-04:00,17.286471965230156,17.295786010552675,16.81146631261662,17.03499984741211,207600,0.0,0.0
2023-10-16 00:00:00-04:00,17.249215545752563,17.51000167843404,17.11882070293953,17.444805145263672,217400,0.0,0.0
2023-10-17 00:00:00-04:00,17.286471792565585,17.929126701620376,17.286471792565585,17.742849349975586,267300,0.0,0.0
2023-10-18 00:00:00-04:00,17.547258393118096,17.547258393118096,17.286470475972333,17.323726654052734,138300,0.0,0.0
2023-10-19 00:00:00-04:00,17.118819257370617,17.50068793285652,16.830091016366296,16.839405059814453,201900,0.0,0.0
2023-10-20 00:00:00-04:00,16.941858688901974,17.034997352011096,16.746267318725586,16.746267318725586,197300,0.0,0.0
2023-10-23 00:00:00-04:00,16.625192177824744,16.86735204780022,15.973223160469791,16.37371826171875,1124900,0.0,0.0
2023-10-24 00:00:00-04:00,16.569307808629382,16.736955290651434,16.34577427965507,16.410972595214844,475600,0.0,0.0
2023-10-25 00:00:00-04:00,16.196753060940786,16.466855038002333,16.057045938120737,16.299205780029297,367200,0.0,0.0
2023-10-26 00:00:00-04:00,16.383029006339246,16.77420998262685,16.27126225176895,16.62518882751465,354200,0.0,0.0
2023-10-27 00:00:00-04:00,16.597245642050968,16.681070258543926,16.317831438055894,16.494792938232422,321000,0.0,0.0
2023-10-30 00:00:00-04:00,16.625188824313714,16.80215211215249,16.317832469894938,16.69969940185547,245900,0.0,0.0
2023-10-31 00:00:00-04:00,16.80215111696309,16.90460204471966,16.43891051854847,16.53204917907715,694500,0.0,0.0
2023-11-01 00:00:00-04:00,16.513423885496522,16.774211823803718,16.364402714027406,16.736955642700195,512000,0.0,0.0
2023-11-02 00:00:00-04:00,17.053625991245838,17.77079148566405,16.97911540588242,17.742849349975586,444700,0.0,0.0
2023-11-03 00:00:00-04:00,18.19922778856037,18.59040701012018,18.050204848692125,18.58109474182129,320600,0.0,0.0
2023-11-06 00:00:00-05:00,18.497272525587075,18.758058707274625,18.16197397602008,18.348251342773438,260500,0.0,0.0
2023-11-07 00:00:00-05:00,18.283051124896836,18.394817888652984,17.733536680552483,17.789419174194336,356000,0.0,0.0
2023-11-08 00:00:00-05:00,17.89187006440637,17.89187006440637,17.55657332705829,17.67765235900879,255900,0.0,0.0
2023-11-09 00:00:00-05:00,17.835987637314275,17.835987637314275,17.053625619802677,17.156078338623047,421300,0.0,0.0
2023-11-10 00:00:00-05:00,17.360981002912567,17.379609091896167,17.0443105960807,17.137449264526367,301800,0.0,0.0
2023-11-13 00:00:00-05:00,16.997740261426493,17.230586018432337,16.764894504420653,17.211957931518555,243000,0.0,0.0
2023-11-14 00:00:00-05:00,18.050205229192514,18.953648049855985,18.050205229192514,18.60903549194336,347500,0.0,0.0
2023-11-15 00:00:00-05:00,18.609033123631562,18.953645637686463,18.515894462281143,18.54383659362793,332900,0.0,0.0
2023-11-16 00:00:00-05:00,18.543835093265987,18.63697374708066,17.929122465150037,17.93843650817871,279800,0.0,0.0
2023-11-17 00:00:00-05:00,18.17128365352188,18.17128365352188,17.86392731579994,17.91049575805664,623600,0.0,0.0
2023-11-20 00:00:00-05:00,18.040893997614663,18.040893997614663,17.66833928338621,17.77079200744629,339900,0.0,0.0
2023-11-21 00:00:00-05:00,17.556573434862372,17.640398063832215,17.286471457854553,17.342355728149414,363100,0.0,0.0
2023-11-22 00:00:00-05:00,17.565886471406017,17.575200515920418,17.360981045033935,17.472747802734375,294300,0.0,0.0
2023-11-24 00:00:00-05:00,17.407551788745092,17.519316773319154,17.32372716207835,17.500690460205078,120100,0.0,0.0
2023-11-27 00:00:00-05:00,17.416868595343477,17.86393215747571,17.174708721737016,17.705596923828125,534800,0.0,0.0
2023-11-28 00:00:00-05:00,17.64971244461356,18.23648308209155,17.49137722871117,18.227169036865234,384500,0.0,0.0
2023-11-29 00:00:00-05:00,18.441387176513672,18.87913842996812,18.413446816657448,18.441387176513672,364900,0.0,0.0
2023-11-30 00:00:00-05:00,18.515896801114394,18.785998775501294,18.283051006562555,18.758056640625,729700,0.0,0.0
2023-12-01 00:00:00-05:00,18.627661779545395,19.71738006470769,18.627661779545395,19.652183532714844,542700,0.0,0.0
2023-12-04 00:00:00-05:00,19.559046286392277,20.006109775156443,19.559046286392277,19.88503074645996,391600,0.0,0.0
2023-12-05 00:00:00-05:00,19.81052009638829,19.931599124665432,19.493849682158988,19.922285079956055,342300,0.0,0.0
2023-12-06 00:00:00-05:00,20.13986093890409,20.338515338937107,19.874986601217923,20.035802841186523,487300,0.33,0.0
2023-12-07 00:00:00-05:00,20.158779097102457,20.461491594557526,19.922284732927082,20.319595336914062,419500,0.0,0.0
2023-12-08 00:00:00-05:00,20.215538514130998,20.36689475889428,19.96958416531347,20.34797477722168,414600,0.0,0.0
2023-12-11 00:00:00-05:00,20.272296270814,20.442572494024276,20.206078140523054,20.300674438476562,493700,0.0,0.0
2023-12-12 00:00:00-05:00,20.3290545871654,20.42365269024996,20.102020222347697,20.262836456298828,850600,0.0,0.0
2023-12-13 00:00:00-05:00,20.3668958976615,21.47368962706976,20.158779696244085,21.30341339111328,462200,0.0,0.0
2023-12-14 00:00:00-05:00,21.98451493699039,22.43858366375335,21.899376825183744,22.202089309692383,666800,0.0,0.0
2023-12-15 00:00:00-05:00,22.13587316832364,22.296689415708027,21.65342442617048,21.757482528686523,1035900,0.0,0.0
2023-12-18 00:00:00-05:00,21.918298211568935,21.918298211568935,21.341251373291016,21.341251373291016,334800,0.0,0.0
2023-12-19 00:00:00-05:00,21.530446799439307,21.71018301865083,21.43584869436436,21.445308685302734,522000,0.0,0.0
2023-12-20 00:00:00-05:00,21.38855061814281,22.079113720259414,21.36963063620046,21.407468795776367,385400,0.0,0.0
2023-12-21 00:00:00-05:00,21.539906538662482,21.795320878087434,21.265572217581884,21.520986557006836,340900,0.0,0.0
2023-12-22 00:00:00-05:00,21.71964027617515,22.041272737086167,21.416927796331535,21.426387786865234,307700,0.0,0.0
2023-12-26 00:00:00-05:00,21.52098619440584,21.823698678560834,21.369629952328342,21.795320510864258,146400,0.0,0.0
2023-12-27 00:00:00-05:00,21.823698719030652,21.880456858837782,21.55882619705822,21.634504318237305,191100,0.0,0.0
2023-12-28 00:00:00-05:00,21.454768661244344,21.766941144757315,21.426388688449062,21.729101181030273,271100,0.0,0.0
2023-12-29 00:00:00-05:00,21.73856170064755,21.73856170064755,21.29395294189453,21.29395294189453,296200,0.0,0.0
2024-01-02 00:00:00-05:00,21.293951176040594,21.88045614496601,21.22773304770792,21.700721740722656,270800,0.0,0.0
2024-01-03 00:00:00-05:00,21.625043766486225,21.625043766486225,21.00069883188031,21.057456970214844,271900,0.0,0.0
2024-01-04 00:00:00-05:00,21.095296355905745,21.435848814358394,20.99124006361872,21.246652603149414,216600,0.0,0.0
2024-01-05 00:00:00-05:00,20.972319201229098,21.738560396272362,20.915561061972596,21.549365997314453,340500,0.0,0.0
2024-01-08 00:00:00-05:00,21.511526961354086,22.050733818284144,21.483146988349265,21.975055694580078,198800,0.0,0.0
2024-01-09 00:00:00-05:00,21.62504341445239,21.937215876673495,21.53990530618221,21.899375915527344,250800,0.0,0.0
2024-01-10 00:00:00-05:00,22.022354094503832,22.56156091335839,21.993974123503033,22.466962814331055,341800,0.0,0.0
2024-01-11 00:00:00-05:00,22.277768528791782,22.343988466811872,21.8615397442327,22.18317222595215,310700,0.0,0.0
2024-01-12 00:00:00-05:00,22.5615619176685,22.5615619176685,22.003435093302166,22.16425132751465,153800,0.0,0.0
2024-01-16 00:00:00-05:00,21.88045814417733,21.899378126660714,21.511527507295522,21.662883758544922,227200,0.0,0.0
2024-01-17 00:00:00-05:00,21.2182729879426,21.520985461792716,20.830422405283556,21.25611114501953,287700,0.0,0.0
2024-01-18 00:00:00-05:00,21.331790868144342,21.34125085920236,20.81150399011499,21.085838317871094,234300,0.0,0.0
2024-01-19 00:00:00-05:00,21.18043567554686,21.78586250327514,20.839885002027902,21.757482528686523,454200,0.0,0.0
2024-01-22 00:00:00-05:00,21.918297186156053,22.362905929939917,21.918297186156053,22.2493896484375,483600,0.0,0.0
2024-01-23 00:00:00-05:00,22.514263436288314,22.561563393155172,21.86154027030548,22.15479278564453,427600,0.0,0.0
2024-01-24 00:00:00-05:00,22.523722753061957,22.533182744151993,21.889917784499858,22.06019401550293,341800,0.0,0.0
2024-01-25 00:00:00-05:00,22.485882794998254,22.533180942357593,22.27776661627638,22.466962814331055,512500,0.0,0.0
2024-01-26 00:00:00-05:00,22.627780006493285,22.627780006493285,22.221009426342434,22.3250675201416,252400,0.0,0.0
2024-01-29 00:00:00-05:00,22.29668687823584,22.59939935549537,22.164250620511964,22.51426124572754,234900,0.0,0.0
2024-01-30 00:00:00-05:00,22.37236482040656,22.495342891012434,21.927756098490615,21.984514236450195,329600,0.0,0.0
2024-01-31 00:00:00-05:00,21.993974334553876,21.993974334553876,21.104755082057956,21.218273162841797,543000,0.0,0.0
2024-02-01 00:00:00-05:00,21.218273621431713,21.246651789009498,20.433112442325587,21.227733612060547,326700,0.0,0.0
2024-02-02 00:00:00-05:00,20.81150165433382,21.27503033829968,20.72636354867595,21.07637596130371,342300,0.0,0.0
2024-02-05 00:00:00-05:00,20.71690489161726,20.754744854037003,20.42365240009911,20.499330520629883,186200,0.0,0.0
2024-02-06 00:00:00-05:00,20.36689205830698,20.80204075322485,20.36689205830698,20.61284637451172,219900,0.0,0.0
2024-02-07 00:00:00-05:00,20.489871698777154,20.66014793076121,20.035802949692226,20.44257354736328,527600,0.0,0.0
2024-02-08 00:00:00-05:00,20.32905418488335,21.14259532927956,20.272296045879273,20.981779098510742,297100,0.0,0.0
2024-02-09 00:00:00-05:00,20.981778850999238,21.199353218205516,20.811502631686956,21.057456970214844,522200,0.0,0.0
2024-02-12 00:00:00-05:00,21.1331357178856,21.549366288103595,21.1331357178856,21.3128719329834,188100,0.0,0.0
2024-02-13 00:00:00-05:00,20.499330633658126,20.499330633658126,19.96012379636474,20.300674438476562,384500,0.0,0.0
2024-02-14 00:00:00-05:00,20.603388114789407,20.6696062431141,20.28175565923346,20.366893768310547,286200,0.0,0.0
2024-02-15 00:00:00-05:00,20.575009543248544,21.0101583043019,20.575009543248544,20.802043914794922,365900,0.0,0.0
2024-02-16 00:00:00-05:00,20.423653517282233,20.839884105123833,20.177699161026233,20.603389739990234,286400,0.0,0.0
2024-02-20 00:00:00-05:00,20.329052475776656,20.735823013776695,20.329052475776656,20.461488723754883,206500,0.0,0.0
2024-02-21 00:00:00-05:00,20.414193276433732,20.74528574443229,20.414193276433732,20.679067611694336,587300,0.0,0.0
2024-02-22 00:00:00-05:00,20.641224920517153,20.641224920517153,20.300672506506228,20.461488723754883,262700,0.0,0.0
2024-02-23 00:00:00-05:00,20.35743377793435,20.660146252737903,20.234455707352485,20.366893768310547,269500,0.0,0.0
2024-02-26 00:00:00-05:00,20.24391774691776,20.395273999640562,19.88444709777832,19.88444709777832,214100,0.0,0.0
2024-02-27 00:00:00-05:00,20.07364029139554,20.272296488712378,20.045262123427957,20.102020263671875,188100,0.0,0.0
2024-02-28 00:00:00-05:00,19.912824057113816,20.480410872479244,19.912824057113816,20.102020263671875,390500,0.0,0.0
2024-02-29 00:00:00-05:00,20.433113631374916,20.650688015573113,20.29121737230256,20.404733657836914,241100,0.0,0.0
2024-03-01 00:00:00-05:00,20.36689260686535,20.518248835635863,20.073638334852475,20.42365074157715,247100,0.0,0.0
2024-03-04 00:00:00-05:00,20.423652973834745,20.58446921001883,20.15877864238191,20.310134887695312,361700,0.0,0.0
2024-03-05 00:00:00-05:00,20.196616227798433,20.631764930760344,20.196616227798433,20.461488723754883,511200,0.0,0.0
2024-03-06 00:00:00-05:00,20.562382315468753,20.658468582390586,19.889782112402134,19.98586654663086,477400,0.335,0.0
2024-03-07 00:00:00-05:00,20.187647121927736,20.37021083886003,19.995474595399738,20.149211883544922,264400,0.0,0.0
2024-03-08 00:00:00-05:00,20.42786118656018,20.581598469608988,20.168428834155446,20.178037643432617,215900,0.0,0.0
2024-03-11 00:00:00-04:00,20.168429567021665,20.399035499974477,20.110778541956723,20.331775665283203,170000,0.0,0.0
2024-03-12 00:00:00-04:00,20.302949144785146,20.50473048064145,20.197255904758546,20.46629524230957,266200,0.0,0.0
2024-03-13 00:00:00-04:00,20.427862837632105,20.639251160736332,20.30295013962583,20.399036407470703,328700,0.0,0.0
2024-03-14 00:00:00-04:00,20.274124318416042,20.274124318416042,19.851345865033274,20.187646865844727,396700,0.0,0.0
2024-03-15 00:00:00-04:00,20.014692684542702,20.437471153215448,20.014692684542702,20.341384887695312,592400,0.0,0.0
2024-03-18 00:00:00-04:00,20.341384392752015,20.40864422717163,20.206864723912783,20.283733367919922,338200,0.0,0.0
2024-03-19 00:00:00-04:00,20.245298878430937,20.456689031789534,20.18764785146637,20.302949905395508,278500,0.0,0.0
2024-03-20 00:00:00-04:00,20.129996937888002,20.78337952345067,20.129996937888002,20.66807746887207,206500,0.0,0.0
2024-03-21 00:00:00-04:00,20.850640955452175,21.08124689467048,20.514339940165573,20.571990966796875,748800,0.0,0.0
2024-03-22 00:00:00-04:00,20.629642714046707,20.687295575384987,20.168430819499406,20.22608184814453,237800,0.0,0.0
2024-03-25 00:00:00-04:00,20.34138602127876,20.52394975267161,20.34138602127876,20.504732131958008,229000,0.0,0.0
2024-03-26 00:00:00-04:00,20.571991422885567,20.658468881096304,20.245299210243477,20.264516830444336,227000,0.0,0.0
2024-03-27 00:00:00-04:00,20.466295622370772,20.831423062531954,20.466295622370772,20.792987823486328,206200,0.0,0.0
2024-03-28 00:00:00-04:00,20.898684268943995,21.177334272222645,20.898684268943995,21.05242156982422,175300,0.0,0.0
2024-04-01 00:00:00-04:00,20.985160400469812,20.985160400469812,20.274124970766046,20.29334259033203,253300,0.0,0.0
2024-04-02 00:00:00-04:00,20.187646693674022,20.35099278794974,19.98586536183084,20.274124145507812,331800,0.0,0.0
2024-04-03 00:00:00-04:00,20.072343964844126,20.322167525281397,20.072343964844126,20.302949905395508,176800,0.0,0.0
2024-04-04 00:00:00-04:00,20.533556345522683,20.62964077332776,19.9762582338655,20.04351806640625,196600,0.0,0.0
2024-04-05 00:00:00-04:00,19.928214358538106,20.053127048067015,19.82251928781257,19.957040786743164,133500,0.0,0.0
2024-04-08 00:00:00-04:00,20.09156187128816,20.591208999288977,20.09156187128816,20.581600189208984,209700,0.0,0.0
2024-04-09 00:00:00-04:00,20.620031729373544,21.407937590337696,20.514338493452044,21.39832878112793,337900,0.0,0.0
2024-04-10 00:00:00-04:00,20.764162106907364,20.764162106907364,19.832127769947203,19.995473861694336,365600,0.0,0.0
2024-04-11 00:00:00-04:00,20.03390891715313,20.245297220507656,19.870562826885966,20.216472625732422,282700,0.0,0.0
2024-04-12 00:00:00-04:00,20.216473142509663,20.216473142509663,19.84173690661594,19.957040786743164,291300,0.0,0.0
2024-04-15 00:00:00-04:00,20.04352002269677,20.110779861802225,19.534264075237658,19.726436614990234,202200,0.0,0.0
2024-04-16 00:00:00-04:00,19.476611916126636,19.81291292483092,19.246005981421916,19.56308937072754,336300,0.0,0.0
2024-04-17 00:00:00-04:00,19.630349368810002,19.82252006631192,19.515045484154395,19.6591739654541,213800,0.0,0.0
2024-04-18 00:00:00-04:00,19.78408880734405,20.00508595817118,19.60152506711182,19.75526237487793,257000,0.0,0.0
2024-04-19 00:00:00-04:00,19.67839201508584,20.206865568325373,19.67839201508584,20.16843032836914,263000,0.0,0.0
2024-04-22 00:00:00-04:00,20.158821806470684,20.57199147843926,20.091561968279176,20.447080612182617,232500,0.0,0.0
2024-04-23 00:00:00-04:00,20.543165411631296,21.00437914239428,20.543165411631296,20.773773193359375,195200,0.0,0.0
2024-04-24 00:00:00-04:00,20.591207593797836,20.591207593797836,20.312557618577223,20.456687927246094,249600,0.0,0.0
2024-04-25 00:00:00-04:00,20.206864224264667,20.514338792690396,20.120386772808306,20.40864372253418,256900,0.0,0.0
2024-04-26 00:00:00-04:00,20.49512267531558,20.725728618527405,20.379818787363103,20.399036407470703,189100,0.0,0.0
2024-04-29 00:00:00-04:00,20.58159892679094,20.89868230920915,20.58159892679094,20.869855880737305,193500,0.0,0.0
2024-04-30 00:00:00-04:00,20.658467926481585,20.841031644567334,20.495121827708658,20.514339447021484,217800,0.0,0.0
2024-05-01 00:00:00-04:00,20.30294953461696,21.148506467223314,20.206865102328436,20.61042594909668,330200,0.0,0.0
2024-05-02 00:00:00-04:00,20.86985706139645,20.91790111156749,20.399036365878953,20.71611976623535,314000,0.0,0.0
2024-05-03 00:00:00-04:00,21.06202951528633,21.215766809853207,20.408645097030547,20.66807746887207,248200,0.0,0.0
2024-05-06 00:00:00-04:00,20.850642411516034,20.93711987384852,20.735338517508314,20.879467010498047,174700,0.0,0.0
2024-05-07 00:00:00-04:00,20.9659432646625,21.379112931399085,20.9659432646625,21.167724609375,352200,0.0,0.0
2024-05-08 00:00:00-04:00,20.985159077218267,21.225373808566744,20.927508054848662,21.21576499938965,270200,0.0,0.0
2024-05-09 00:00:00-04:00,21.34067692325486,21.43676318715028,21.196548443758253,21.331069946289062,152800,0.0,0.0
2024-05-10 00:00:00-04:00,21.359893977331392,21.398329214949676,20.994768383422674,21.09085464477539,133400,0.0,0.0
2024-05-13 00:00:00-04:00,21.244592983235542,21.455981302538405,21.244592983235542,21.388721466064453,291200,0.0,0.0
2024-05-14 00:00:00-04:00,21.6193273687387,21.77306466118984,21.494416505882057,21.7058048248291,252000,0.0,0.0
2024-05-15 00:00:00-04:00,22.061320946589376,22.118973804001918,21.69619534644177,21.734630584716797,152700,0.0,0.0
2024-05-16 00:00:00-04:00,21.66737005263653,21.917193616430467,21.619327834969408,21.897977828979492,366000,0.0,0.0
2024-05-17 00:00:00-04:00,21.994061086137485,22.090147349017723,21.849932608163645,22.051713943481445,160700,0.0,0.0
2024-05-20 00:00:00-04:00,22.003670393066425,22.070930228795028,21.292634963989258,21.292634963989258,295600,0.0,0.0
2024-05-21 00:00:00-04:00,21.25420228187982,21.50402401375854,21.129289583247328,21.446372985839844,187900,0.0,0.0
2024-05-22 00:00:00-04:00,21.388721179818667,21.484807444649714,20.908291688356506,20.927509307861328,207100,0.0,0.0
2024-05-23 00:00:00-04:00,20.88907440020636,20.88907440020636,20.062735075321783,20.254907608032227,298900,0.0,0.0
2024-05-24 00:00:00-04:00,20.36060276505318,20.485513628925265,20.254907688373883,20.302949905395508,611100,0.0,0.0
2024-05-28 00:00:00-04:00,20.475903574665367,20.571989835562572,20.06273393569247,20.09156036376953,297300,0.0,0.0
2024-05-29 00:00:00-04:00,19.822519199795952,20.1684290059487,19.755259366975803,20.09156036376953,447000,0.0,0.0
2024-05-30 00:00:00-04:00,20.254907351200064,20.427862261907777,20.101170060058333,20.29334259033203,297200,0.0,0.0
2024-05-31 00:00:00-04:00,20.35099420339557,20.927509978154156,20.226081505306425,20.898683547973633,675700,0.0,0.0
2024-06-03 00:00:00-04:00,21.042811774246985,21.08124701401417,20.178039039109485,20.937118530273438,377500,0.0,0.0
2024-06-04 00:00:00-04:00,20.869856119500092,21.263808149657233,20.76416287928018,20.9659423828125,297000,0.0,0.0
2024-06-05 00:00:00-04:00,21.033204543860403,21.158117249791363,20.812207396681924,20.975553512573242,327100,0.0,0.0
2024-06-06 00:00:00-04:00,20.804780546430706,21.263423716845804,20.804780546430706,21.136564254760742,266300,0.335,0.0
2024-06-07 00:00:00-04:00,20.81454008615191,21.01946620326539,20.736473437074334,20.892606735229492,198700,0.0,0.0
2024-06-10 00:00:00-04:00,20.638889860460502,20.941397895911283,20.472997996905733,20.92188262939453,219500,0.0,0.0
2024-06-11 00:00:00-04:00,20.814539376167613,20.814539376167613,20.35589806113806,20.38517189025879,389200,0.0,0.0
2024-06-12 00:00:00-04:00,20.999947360626486,21.468347216837973,20.677922226824137,20.726713180541992,291700,0.0,0.0
2024-06-13 00:00:00-04:00,20.824298779958628,21.400041018471285,20.746232130393643,21.31221580505371,640300,0.0,0.0
2024-06-14 00:00:00-04:00,21.097532429622557,21.24390716105322,20.94139727334007,21.126806259155273,369000,0.0,0.0
2024-06-17 00:00:00-04:00,20.980432144614213,21.07801592218915,20.77550788683702,21.019466400146484,249100,0.0,0.0
2024-06-18 00:00:00-04:00,20.980431164062086,21.3512472680093,20.980431164062086,21.263423919677734,258400,0.0,0.0
2024-06-20 00:00:00-04:00,21.126805328006647,21.38052238655672,20.941396350363206,20.980430603027344,263700,0.0,0.0
2024-06-21 00:00:00-04:00,21.009706497192383,21.165839786858697,20.84381464426497,21.009706497192383,783700,0.0,0.0
2024-06-24 00:00:00-04:00,21.097532840519595,21.351248053937745,20.960914808768592,21.0877742767334,212600,0.0,0.0
2024-06-25 00:00:00-04:00,21.019465426882526,21.029222129058084,20.697438417419324,20.873088836669922,244400,0.0,0.0
2024-06-26 00:00:00-04:00,20.755989075797913,20.999947569322792,20.755989075797913,20.853572845458984,226800,0.0,0.0
2024-06-27 00:00:00-04:00,20.853574691618398,21.06825751487407,20.687682826884913,21.04874038696289,174000,0.0,0.0
2024-06-28 00:00:00-04:00,21.253665805925078,21.907474679320895,21.13656490357933,21.83916473388672,873400,0.0,0.0
2024-07-01 00:00:00-04:00,21.70254743758847,21.90747354072903,21.53665558695301,21.858680725097656,381100,0.0,0.0
2024-07-02 00:00:00-04:00,21.926989585215935,22.141674259114666,21.673272518680136,21.68303108215332,281500,0.0,0.0
2024-07-03 00:00:00-04:00,21.780614285462722,21.907473746037567,21.683030514541063,21.69278907775879,97400,0.0,0.0
2024-07-05 00:00:00-04:00,21.66351571390591,21.78061475251843,21.253665356250746,21.263423919677734,203700,0.0,0.0
2024-07-08 00:00:00-04:00,21.40003869816188,21.565930543157535,21.361004446983824,21.448829650878906,193300,0.0,0.0
2024-07-09 00:00:00-04:00,21.34148959103884,21.556172392859672,21.292696776132576,21.507381439208984,280700,0.0,0.0
2024-07-10 00:00:00-04:00,21.653756527249907,21.741581734309385,21.37076377977923,21.56593132019043,165000,0.0,0.0
2024-07-11 00:00:00-04:00,22.112400161703725,22.67838385513304,22.04409207372609,22.629592895507812,255500,0.0,0.0
2024-07-12 00:00:00-04:00,22.87354943635615,23.31267361874278,22.805241354290825,23.01992416381836,216100,0.0,0.0
2024-07-15 00:00:00-04:00,23.234607687914785,23.703009435957224,23.185816731012054,23.42977523803711,251900,0.0,0.0
2024-07-16 00:00:00-04:00,23.576148183377036,24.12261467654979,23.576148183377036,24.04454803466797,297100,0.0,0.0
2024-07-17 00:00:00-04:00,23.966483344731483,24.512951743666807,23.91769238755241,23.94696807861328,361600,0.0,0.0
2024-07-18 00:00:00-04:00,23.771317879060746,24.298267294338633,23.420017028038338,23.585908889770508,227300,0.0,0.0
2024-07-19 00:00:00-04:00,23.576149974355268,23.800591354158406,23.28340051037341,23.332191467285156,192800,0.0,0.0
2024-07-22 00:00:00-04:00,23.449291896947287,23.966482730306897,23.215091958231596,23.956724166870117,179300,0.0,0.0
2024-07-23 00:00:00-04:00,23.859141845237847,24.425125486060697,23.703008555442278,24.28850746154785,203400,0.0,0.0
2024-07-24 00:00:00-04:00,24.20068351189503,24.493434841427465,23.673734096745807,23.68349266052246,246600,0.0,0.0
2024-07-25 00:00:00-04:00,23.829865076642005,24.28850636199665,23.790830825332396,24.015274047851562,237900,0.0,0.0
2024-07-26 00:00:00-04:00,24.327541869040264,24.708116532675657,24.142132888260303,24.610532760620117,181900,0.0,0.0
2024-07-29 00:00:00-04:00,24.67884238629042,24.795941422245342,24.259233474731445,24.259233474731445,160700,0.0,0.0
2024-07-30 00:00:00-04:00,24.425127437821523,25.244828205376653,24.122617536070997,25.196035385131836,252500,0.0,0.0
2024-07-31 00:00:00-04:00,25.352166715573883,26.884225788241498,24.112857096582708,25.879117965698242,573500,0.0,0.0
2024-08-01 00:00:00-04:00,25.976700628364082,26.18162486493799,24.932556735981148,25.410717010498047,361900,0.0,0.0
2024-08-02 00:00:00-04:00,24.659326841278666,25.24482764236821,24.659326841278666,25.10820960998535,288500,0.0,0.0
2024-08-05 00:00:00-04:00,24.171409254387477,24.581259619480747,23.72252463487785,23.917692184448242,266600,0.0,0.0
2024-08-06 00:00:00-04:00,23.89817493002041,25.17651697525984,23.878657802916127,24.893526077270508,304100,0.0,0.0
2024-08-07 00:00:00-04:00,25.11796672408615,25.352166658753532,24.46415787516884,24.678842544555664,331800,0.0,0.0
2024-08-08 00:00:00-04:00,24.786183178068956,25.049658804242217,24.51295084982022,24.610532760620117,249200,0.0,0.0
2024-08-09 00:00:00-04:00,24.61053219216948,24.659325007698058,24.34705843333754,24.522706985473633,143200,0.0,0.0
2024-08-12 00:00:00-04:00,24.4153673917031,24.561742121040705,23.790832359270627,23.859142303466797,162400,0.0,0.0
2024-08-13 00:00:00-04:00,24.112857092713742,24.31778319925888,23.800590512507473,24.093341827392578,259600,0.0,0.0
2024-08-14 00:00:00-04:00,24.11285724934689,24.610532812754318,23.917691566078023,24.220199584960938,661700,0.0,0.0
2024-08-15 00:00:00-04:00,24.600773991976084,25.030141468683656,24.40560831074946,24.776424407958984,307300,0.0,0.0
2024-08-16 00:00:00-04:00,24.747151146662507,24.99110964972896,24.571500726653756,24.766666412353516,230000,0.0,0.0
2024-08-19 00:00:00-04:00,24.91304258573059,25.303375811844973,24.854491205871707,25.293617248535156,168400,0.0,0.0
2024-08-20 00:00:00-04:00,25.19603482956391,25.19603482956391,24.825218710158623,25.0106258392334,196500,0.0,0.0
2024-08-21 00:00:00-04:00,25.088690579737957,25.449749969093453,24.91304202786145,25.400959014892578,181900,0.0,0.0
2024-08-22 00:00:00-04:00,25.488784949694246,25.547334468659223,25.25458315132304,25.420475006103516,162300,0.0,0.0
2024-08-23 00:00:00-04:00,25.55709353489997,26.357277134436732,25.4692683240966,25.996217727661133,233400,0.0,0.0
2024-08-26 00:00:00-04:00,26.259692788076006,26.38655225036456,25.89863525042074,25.90839195251465,167700,0.0,0.0
2024-08-27 00:00:00-04:00,25.752259569307963,26.376794616907365,25.69371004840217,26.249935150146484,232200,0.0,0.0
2024-08-28 00:00:00-04:00,26.074285083043627,26.464620191106533,26.05476981664507,26.30848503112793,181400,0.0,0.0
2024-08-29 00:00:00-04:00,26.48413488153409,26.552442965582827,26.093801643215798,26.41582679748535,333000,0.0,0.0
2024-08-30 00:00:00-04:00,26.503651231725982,26.65978452247576,26.24017560561487,26.591476440429688,237900,0.0,0.0
2024-09-03 00:00:00-04:00,26.406068808143655,26.591477798347963,26.113319338352213,26.30848503112793,217300,0.0,0.0
2024-09-04 00:00:00-04:00,26.308484727546375,26.630511746359026,25.781535315751256,26.05476951599121,264600,0.0,0.0
2024-09-05 00:00:00-04:00,26.21782852385591,26.237591756118892,25.615005644560053,25.6446533203125,234300,0.335,0.0
2024-09-06 00:00:00-04:00,25.812652740291455,25.90159199668333,25.496416524065243,25.713829040527344,249100,0.0,0.0
2024-09-09 00:00:00-04:00,25.63476991093274,25.63476991093274,24.883712447612226,25.209829330444336,283000,0.0,0.0
2024-09-10 00:00:00-04:00,25.348181468148237,25.77312205017774,25.239477096746807,25.75335693359375,245200,0.0,0.0
2024-09-11 00:00:00-04:00,25.38771172043565,25.555711441715573,24.933123463187812,25.496416091918945,180800,0.0,0.0
2024-09-12 00:00:00-04:00,25.63477071109185,26.23759170429163,25.55571212748014,26.03006362915039,169800,0.0,0.0
2024-09-13 00:00:00-04:00,26.31665010870713,26.435238925769852,26.03994601040295,26.385828018188477,176700,0.0,0.0
2024-09-16 00:00:00-04:00,26.45500417049984,26.74159082868511,26.247474210864368,26.5439453125,209000,0.0,0.0
2024-09-17 00:00:00-04:00,26.800886155727312,26.978766554661515,26.504415054359693,26.672414779663086,246100,0.0,0.0
2024-09-18 00:00:00-04:00,26.6822960199383,27.295001424569254,26.534061419030795,26.79100227355957,426800,0.0,0.0
2024-09-19 00:00:00-04:00,27.186295158028265,27.463001128521263,26.543943964464205,27.047943115234375,386300,0.0,0.0
2024-09-20 00:00:00-04:00,26.879943864847657,27.0479435846869,26.563707656693303,26.623003005981445,1287400,0.0,0.0
2024-09-23 00:00:00-04:00,26.830531944876135,27.028179345776433,26.662532219582474,26.800886154174805,233700,0.0,0.0
2024-09-24 00:00:00-04:00,26.751473035887127,27.176413623216817,26.73170791905661,26.998531341552734,181000,0.0,0.0
2024-09-25 00:00:00-04:00,26.939237178132757,26.988648084023822,26.672413762548423,26.721826553344727,174800,0.0,0.0
2024-09-26 00:00:00-04:00,26.89970682098644,26.89970682098644,26.168414484733162,26.17829704284668,151300,0.0,0.0
2024-09-27 00:00:00-04:00,26.45500404382075,26.543945185395017,26.138769711514605,26.257356643676758,224400,0.0,0.0
2024-09-30 00:00:00-04:00,26.22770966717288,26.593354890529305,26.010297159863985,26.405590057373047,290000,0.0,0.0
2024-10-01 00:00:00-04:00,26.395707685376248,26.395707685376248,26.039945017563056,26.049827575683594,218300,0.0,0.0
2024-10-02 00:00:00-04:00,25.941121033405423,26.010297054576338,25.65453250580568,25.862062454223633,160300,0.0,0.0
2024-10-03 00:00:00-04:00,25.773122938725912,25.83241640561681,25.5655948621551,25.802770614624023,120500,0.0,0.0
2024-10-04 00:00:00-04:00,25.921357345699278,26.20794588909059,25.78300529573399,26.158533096313477,184900,0.0,0.0
2024-10-07 00:00:00-04:00,25.990533243494895,26.06959182664608,25.64465312027427,26.000415802001953,193400,0.0,0.0
2024-10-08 00:00:00-04:00,26.079474691322673,26.089357249945756,25.763240355005383,25.93124008178711,142300,0.0,0.0
2024-10-09 00:00:00-04:00,25.98065168359458,26.207944866787244,25.852180312290734,26.0794734954834,152100,0.0,0.0
2024-10-10 00:00:00-04:00,26.06959182664608,26.188180643825508,25.77312261105546,26.000415802001953,183100,0.0,0.0
2024-10-11 00:00:00-04:00,26.119003582983883,26.385826997373158,26.099238466753885,26.3067684173584,148600,0.0,0.0
2024-10-14 00:00:00-04:00,26.35618014579905,27.03806159777868,26.207945539257032,26.87006187438965,191400,0.0,0.0
2024-10-15 00:00:00-04:00,26.840413286056155,27.89782249763141,26.781119822437464,27.463001251220703,265000,0.0,0.0
2024-10-16 00:00:00-04:00,27.660646740044267,28.085587312993166,27.522294696723314,27.59147071838379,177700,0.0,0.0
2024-10-17 00:00:00-04:00,27.542060244638268,27.64088205718511,27.255471710517718,27.55194091796875,136500,0.0,0.0
2024-10-18 00:00:00-04:00,27.58158958377858,28.05594108670743,27.453120091908175,27.887941360473633,173500,0.0,0.0
2024-10-21 00:00:00-04:00,27.808881971939446,27.808881971939446,27.11711985474556,27.196178436279297,113200,0.0,0.0
2024-10-22 00:00:00-04:00,27.08747146250182,27.34441231690849,26.959001977751097,27.047943115234375,103900,0.0,0.0
2024-10-23 00:00:00-04:00,27.008412865582795,27.304882067065044,26.998530307546023,27.17641258239746,133200,0.0,0.0
2024-10-24 00:00:00-04:00,27.344412286687287,27.44323598210451,27.067706316500107,27.433353424072266,247200,0.0,0.0
2024-10-25 00:00:00-04:00,27.640881500694377,27.640881500694377,27.0677063288982,27.17641258239746,125900,0.0,0.0
2024-10-28 00:00:00-04:00,27.40370681207074,27.729823700153354,27.107237599233923,27.127002716064453,234700,0.0,0.0
2024-10-29 00:00:00-04:00,26.90958903513199,27.097353867078297,26.781119551108855,27.018295288085938,245200,0.0,0.0
2024-10-30 00:00:00-04:00,27.542059831014033,28.105352447654663,27.245588743110126,27.463001251220703,324600,0.0,0.0
2024-10-31 00:00:00-04:00,27.295001285848027,27.443235886002157,26.57358963126223,26.632884979248047,247900,0.0,0.0
2024-11-01 00:00:00-04:00,26.80088574177207,26.899707555796272,26.207945433100445,26.3265323638916,173400,0.0,0.0
2024-11-04 00:00:00-05:00,26.366062405505044,27.028178733136134,26.287003823917985,26.810766220092773,214700,0.0,0.0
2024-11-05 00:00:00-05:00,26.692179570300862,27.107237599215292,26.692179570300862,26.998531341552734,160100,0.0,0.0
2024-11-06 00:00:00-05:00,28.61923210149782,28.61923210149782,27.15664744167709,27.69029426574707,383700,0.0,0.0
2024-11-07 00:00:00-05:00,27.690295870401805,27.947236739298734,27.49264846820253,27.631000518798828,184600,0.0,0.0
2024-11-08 00:00:00-05:00,27.71994094424851,27.8978232246454,27.492647757032607,27.611236572265625,249000,0.0,0.0
2024-11-11 00:00:00-05:00,27.769352845064265,28.08558716233305,27.621118244457676,27.69029426574707,147700,0.0,0.0
2024-11-12 00:00:00-05:00,27.660647521091427,27.907705825372243,27.067707213836417,27.097354888916016,245600,0.0,0.0
2024-11-13 00:00:00-05:00,27.334530941674792,27.5222957828094,26.96888570278167,27.028179168701172,170900,0.0,0.0
2024-11-14 00:00:00-05:00,27.127001689781274,27.30488207981053,26.800884814036486,26.919471740722656,194400,0.0,0.0
2024-11-15 00:00:00-05:00,26.98864852120837,27.097354777815916,26.6427665196523,26.682296752929688,231000,0.0,0.0
2024-11-18 00:00:00-05:00,26.68229645059819,27.028178448235142,26.642766217768713,26.75147247314453,191500,0.0,0.0
2024-11-19 00:00:00-05:00,26.613120944536718,27.512413024902344,26.494532128652057,27.512413024902344,203200,0.0,0.0
2024-11-20 00:00:00-05:00,27.324648640196724,27.472883248842304,27.028179422905566,27.34441375732422,161100,0.0,0.0
2024-11-21 00:00:00-05:00,27.374060977124643,27.769353888564705,27.285119836437467,27.512413024902344,174200,0.0,0.0
2024-11-22 00:00:00-05:00,27.571705736186814,28.016411427458063,27.571705736186814,27.749588012695312,257300,0.0,0.0
2024-11-25 00:00:00-05:00,28.0658233616271,28.332646786167196,27.84841272954182,27.95711898803711,288200,0.0,0.0
2024-11-26 00:00:00-05:00,27.917587404234233,28.42158655347275,27.690294224647808,28.332645416259766,231300,0.0,0.0
2024-11-27 00:00:00-05:00,28.490764210718076,28.806998545676983,28.263471018079525,28.273353576660156,195700,0.0,0.0
2024-11-29 00:00:00-05:00,28.490762741983012,28.658762459382498,28.09546984366223,28.1053524017334,183900,0.0,0.0
2024-12-02 00:00:00-05:00,28.164646885868663,28.54017468165525,27.808882322035366,28.055940628051758,273400,0.0,0.0
2024-12-03 00:00:00-05:00,28.09547132107083,28.154764787710604,27.779236985784927,27.887941360473633,231000,0.0,0.0
2024-12-04 00:00:00-05:00,27.808881443292858,28.24370457591506,27.710059631933238,28.134998321533203,324400,0.0,0.0
2024-12-05 00:00:00-05:00,27.799999237060547,28.079999923706055,27.600000381469727,27.829999923706055,226000,0.335,0.0
2024-12-06 00:00:00-05:00,27.829999923706055,27.959999084472656,27.639999389648438,27.739999771118164,207900,0.0,0.0
2024-12-09 00:00:00-05:00,27.889999389648438,28.40999984741211,27.68000030517578,28.0,264000,0.0,0.0
2024-12-10 00:00:00-05:00,27.93000030517578,28.270000457763672,27.68000030517578,27.809999465942383,381600,0.0,0.0
2024-12-11 00:00:00-05:00,28.040000915527344,28.1299991607666,27.709999084472656,27.719999313354492,252500,0.0,0.0
2024-12-12 00:00:00-05:00,27.6200008392334,27.969999313354492,27.6200008392334,27.649999618530273,308800,0.0,0.0
2024-12-13 00:00:00-05:00,27.610000610351562,27.84000015258789,27.3799991607666,27.81999969482422,299900,0.0,0.0
2024-12-16 00:00:00-05:00,27.65999984741211,28.020000457763672,27.610000610351562,27.719999313354492,425100,0.0,0.0
2024-12-17 00:00:00-05:00,27.579999923706055,27.729999542236328,27.3700008392334,27.5,297600,0.0,0.0
2024-12-18 00:00:00-05:00,27.540000915527344,27.559999465942383,25.729999542236328,25.90999984741211,367200,0.0,0.0
2024-12-19 00:00:00-05:00,25.940000534057617,26.280000686645508,25.420000076293945,25.420000076293945,372200,0.0,0.0
2024-12-20 00:00:00-05:00,25.3700008392334,26.170000076293945,25.3700008392334,26.0,1652300,0.0,0.0
2024-12-23 00:00:00-05:00,25.8700008392334,26.110000610351562,25.860000610351562,26.06999969482422,185500,0.0,0.0
2024-12-24 00:00:00-05:00,26.06999969482422,26.25,25.940000534057617,26.25,75900,0.0,0.0
2024-12-26 00:00:00-05:00,26.139999389648438,26.549999237060547,26.1200008392334,26.510000228881836,107500,0.0,0.0
2024-12-27 00:00:00-05:00,26.290000915527344,26.65999984741211,26.020000457763672,26.1200008392334,217200,0.0,0.0
2024-12-30 00:00:00-05:00,25.979999542236328,26.079999923706055,25.690000534057617,26.010000228881836,130000,0.0,0.0
2024-12-31 00:00:00-05:00,26.200000762939453,26.31999969482422,26.042499542236328,26.260000228881836,174797,0.0,0.0
