Date,Open,High,Low,Close,Volume,Dividends,Stock Splits
2022-01-03 00:00:00-05:00,8.180000305175781,8.680000305175781,8.180000305175781,8.609999656677246,199400,0.0,0.0
2022-01-04 00:00:00-05:00,8.65999984741211,8.755000114440918,8.579999923706055,8.710000038146973,71500,0.0,0.0
2022-01-05 00:00:00-05:00,8.75,8.75,8.359999656677246,8.390000343322754,67400,0.0,0.0
2022-01-06 00:00:00-05:00,8.369999885559082,8.800000190734863,8.010000228881836,8.739999771118164,110900,0.0,0.0
2022-01-07 00:00:00-05:00,8.65999984741211,8.800000190734863,8.460000038146973,8.5,82700,0.0,0.0
2022-01-10 00:00:00-05:00,8.40999984741211,8.420000076293945,8.220000267028809,8.369999885559082,65100,0.0,0.0
2022-01-11 00:00:00-05:00,8.329999923706055,8.420000076293945,8.109999656677246,8.40999984741211,71600,0.0,0.0
2022-01-12 00:00:00-05:00,8.380000114440918,8.479999542236328,8.170000076293945,8.180000305175781,103000,0.0,0.0
2022-01-13 00:00:00-05:00,8.5600004196167,8.9399995803833,8.270000457763672,8.899999618530273,242500,0.0,0.0
2022-01-14 00:00:00-05:00,8.494999885559082,8.920000076293945,8.359999656677246,8.460000038146973,94300,0.0,0.0
2022-01-18 00:00:00-05:00,8.34000015258789,8.470000267028809,8.25,8.319999694824219,144800,0.0,0.0
2022-01-19 00:00:00-05:00,8.199999809265137,8.350000381469727,7.96999979019165,8.270000457763672,194000,0.0,0.0
2022-01-20 00:00:00-05:00,8.25,8.260000228881836,8.0,8.0,221400,0.0,0.0
2022-01-21 00:00:00-05:00,7.900000095367432,8.350000381469727,7.829999923706055,7.889999866485596,378000,0.0,0.0
2022-01-24 00:00:00-05:00,7.789999961853027,8.300000190734863,7.760000228881836,8.210000038146973,191200,0.0,0.0
2022-01-25 00:00:00-05:00,8.09000015258789,8.09000015258789,7.784999847412109,7.929999828338623,99400,0.0,0.0
2022-01-26 00:00:00-05:00,7.960000038146973,8.210000038146973,7.760000228881836,7.800000190734863,67500,0.0,0.0
2022-01-27 00:00:00-05:00,7.869999885559082,7.940000057220459,7.76200008392334,7.860000133514404,64500,0.0,0.0
2022-01-28 00:00:00-05:00,7.820000171661377,8.050000190734863,7.520999908447266,8.029999732971191,94300,0.0,0.0
2022-01-31 00:00:00-05:00,7.980000019073486,8.210000038146973,7.921999931335449,8.210000038146973,67100,0.0,0.0
2022-02-01 00:00:00-05:00,8.199999809265137,8.255000114440918,7.929999828338623,7.949999809265137,132800,0.0,0.0
2022-02-02 00:00:00-05:00,7.949999809265137,7.949999809265137,7.60699987411499,7.78000020980835,224400,0.0,0.0
2022-02-03 00:00:00-05:00,7.769999980926514,7.791999816894531,7.567999839782715,7.610000133514404,107100,0.0,0.0
2022-02-04 00:00:00-05:00,7.579999923706055,7.679999828338623,7.449999809265137,7.659999847412109,109100,0.0,0.0
2022-02-07 00:00:00-05:00,7.630000114440918,7.650000095367432,7.449999809265137,7.480000019073486,104100,0.0,0.0
2022-02-08 00:00:00-05:00,7.480000019073486,7.570000171661377,7.420000076293945,7.53000020980835,48600,0.0,0.0
2022-02-09 00:00:00-05:00,7.53000020980835,7.659999847412109,7.5,7.519999980926514,86600,0.0,0.0
2022-02-10 00:00:00-05:00,7.460000038146973,7.739999771118164,7.380000114440918,7.570000171661377,161100,0.0,0.0
2022-02-11 00:00:00-05:00,7.659999847412109,7.949999809265137,7.409999847412109,7.53000020980835,79000,0.0,0.0
2022-02-14 00:00:00-05:00,7.570000171661377,7.610000133514404,7.34499979019165,7.570000171661377,40200,0.0,0.0
2022-02-15 00:00:00-05:00,7.630000114440918,7.880000114440918,7.630000114440918,7.710000038146973,31000,0.0,0.0
2022-02-16 00:00:00-05:00,7.699999809265137,7.739999771118164,7.659999847412109,7.739999771118164,33400,0.0,0.0
2022-02-17 00:00:00-05:00,7.699999809265137,7.909999847412109,7.630000114440918,7.880000114440918,62900,0.0,0.0
2022-02-18 00:00:00-05:00,7.820000171661377,8.0,7.820000171661377,7.869999885559082,62500,0.0,0.0
2022-02-22 00:00:00-05:00,7.840000152587891,7.875,7.510000228881836,7.550000190734863,72500,0.0,0.0
2022-02-23 00:00:00-05:00,7.590000152587891,7.590000152587891,7.400000095367432,7.420000076293945,63200,0.0,0.0
2022-02-24 00:00:00-05:00,7.269999980926514,7.510000228881836,6.949999809265137,7.510000228881836,100300,0.0,0.0
2022-02-25 00:00:00-05:00,7.570000171661377,7.570000171661377,7.389999866485596,7.519999980926514,43200,0.0,0.0
2022-02-28 00:00:00-05:00,7.539000034332275,7.570000171661377,7.409999847412109,7.440000057220459,71100,0.0,0.0
2022-03-01 00:00:00-05:00,7.46999979019165,7.489999771118164,7.320000171661377,7.409999847412109,71600,0.0,0.0
2022-03-02 00:00:00-05:00,7.440000057220459,7.739999771118164,7.440000057220459,7.659999847412109,52000,0.0,0.0
2022-03-03 00:00:00-05:00,7.670000076293945,7.670000076293945,7.440000057220459,7.510000228881836,23400,0.0,0.0
2022-03-04 00:00:00-05:00,7.440000057220459,7.510000228881836,7.269999980926514,7.480000019073486,34500,0.0,0.0
2022-03-07 00:00:00-05:00,7.519999980926514,7.519999980926514,7.369999885559082,7.449999809265137,49700,0.0,0.0
2022-03-08 00:00:00-05:00,7.489999771118164,7.679999828338623,7.46999979019165,7.579999923706055,37400,0.0,0.0
2022-03-09 00:00:00-05:00,7.730000019073486,7.730000019073486,7.480000019073486,7.519999980926514,27900,0.0,0.0
2022-03-10 00:00:00-05:00,7.380000114440918,7.670000076293945,7.210000038146973,7.519999980926514,65800,0.0,0.0
2022-03-11 00:00:00-05:00,7.46999979019165,7.53000020980835,7.170000076293945,7.170000076293945,75200,0.0,0.0
2022-03-14 00:00:00-04:00,7.210000038146973,7.210000038146973,6.489999771118164,6.909999847412109,116300,0.0,0.0
2022-03-15 00:00:00-04:00,6.659999847412109,7.059999942779541,6.571000099182129,6.769999980926514,95700,0.0,0.0
2022-03-16 00:00:00-04:00,6.860000133514404,6.949999809265137,6.800000190734863,6.880000114440918,66600,0.0,0.0
2022-03-17 00:00:00-04:00,6.940000057220459,7.059999942779541,6.909999847412109,6.960000038146973,31700,0.0,0.0
2022-03-18 00:00:00-04:00,6.949999809265137,7.25,6.940000057220459,7.170000076293945,180800,0.0,0.0
2022-03-21 00:00:00-04:00,7.179999828338623,7.289999961853027,7.070000171661377,7.260000228881836,32900,0.0,0.0
2022-03-22 00:00:00-04:00,7.320000171661377,7.340000152587891,7.230000019073486,7.25,44700,0.0,0.0
2022-03-23 00:00:00-04:00,7.260000228881836,7.260000228881836,7.099999904632568,7.119999885559082,33500,0.0,0.0
2022-03-24 00:00:00-04:00,7.119999885559082,7.139999866485596,6.900000095367432,7.0,48600,0.0,0.0
2022-03-25 00:00:00-04:00,6.989999771118164,7.199999809265137,6.940000057220459,7.070000171661377,36900,0.0,0.0
2022-03-28 00:00:00-04:00,7.150000095367432,7.150000095367432,6.900000095367432,7.03000020980835,32600,0.0,0.0
2022-03-29 00:00:00-04:00,7.079999923706055,7.130000114440918,6.980000019073486,7.010000228881836,25300,0.0,0.0
2022-03-30 00:00:00-04:00,7.039999961853027,7.039999961853027,6.860000133514404,6.880000114440918,69300,0.0,0.0
2022-03-31 00:00:00-04:00,6.849999904632568,6.866000175476074,6.664999961853027,6.699999809265137,66700,0.0,0.0
2022-04-01 00:00:00-04:00,6.710000038146973,6.730000019073486,6.440000057220459,6.489999771118164,135000,0.0,0.0
2022-04-04 00:00:00-04:00,6.440000057220459,6.539999961853027,6.440000057220459,6.489999771118164,64000,0.0,0.0
2022-04-05 00:00:00-04:00,6.590000152587891,6.590000152587891,6.480000019073486,6.5,50700,0.0,0.0
2022-04-06 00:00:00-04:00,6.510000228881836,6.599999904632568,6.474999904632568,6.519999980926514,88900,0.0,0.0
2022-04-07 00:00:00-04:00,6.46999979019165,6.525000095367432,6.329999923706055,6.360000133514404,58200,0.0,0.0
2022-04-08 00:00:00-04:00,6.400000095367432,6.460000038146973,6.28000020980835,6.440000057220459,59000,0.0,0.0
2022-04-11 00:00:00-04:00,6.360000133514404,6.420000076293945,6.244999885559082,6.380000114440918,69100,0.0,0.0
2022-04-12 00:00:00-04:00,6.420000076293945,6.480000019073486,6.269999980926514,6.269999980926514,62600,0.0,0.0
2022-04-13 00:00:00-04:00,6.25,6.460000038146973,6.239999771118164,6.349999904632568,31000,0.0,0.0
2022-04-14 00:00:00-04:00,6.380000114440918,6.380000114440918,6.269999980926514,6.269999980926514,24800,0.0,0.0
2022-04-18 00:00:00-04:00,6.260000228881836,6.322000026702881,6.150000095367432,6.170000076293945,38700,0.0,0.0
2022-04-19 00:00:00-04:00,6.170000076293945,6.25,6.050000190734863,6.130000114440918,43100,0.0,0.0
2022-04-20 00:00:00-04:00,6.099999904632568,6.25,6.099999904632568,6.170000076293945,31100,0.0,0.0
2022-04-21 00:00:00-04:00,6.139999866485596,6.190000057220459,6.059999942779541,6.110000133514404,48400,0.0,0.0
2022-04-22 00:00:00-04:00,6.119999885559082,6.150000095367432,5.864999771118164,5.869999885559082,56000,0.0,0.0
2022-04-25 00:00:00-04:00,5.889999866485596,5.889999866485596,5.550000190734863,5.820000171661377,54500,0.0,0.0
2022-04-26 00:00:00-04:00,5.769999980926514,5.800000190734863,5.570000171661377,5.699999809265137,49600,0.0,0.0
2022-04-27 00:00:00-04:00,5.670000076293945,5.869999885559082,5.670000076293945,5.820000171661377,44200,0.0,0.0
2022-04-28 00:00:00-04:00,5.880000114440918,5.949999809265137,5.651000022888184,5.769999980926514,28900,0.0,0.0
2022-04-29 00:00:00-04:00,5.769999980926514,5.796000003814697,5.539999961853027,5.579999923706055,85400,0.0,0.0
2022-05-02 00:00:00-04:00,5.550000190734863,5.699999809265137,5.400000095367432,5.440000057220459,100800,0.0,0.0
2022-05-03 00:00:00-04:00,5.400000095367432,5.547999858856201,5.260000228881836,5.320000171661377,93300,0.0,0.0
2022-05-04 00:00:00-04:00,5.300000190734863,5.380000114440918,5.199999809265137,5.260000228881836,100100,0.0,0.0
2022-05-05 00:00:00-04:00,5.25,5.289999961853027,5.039999961853027,5.260000228881836,373800,0.0,0.0
2022-05-06 00:00:00-04:00,5.25,5.429999828338623,5.25,5.409999847412109,73700,0.0,0.0
2022-05-09 00:00:00-04:00,5.400000095367432,5.46999979019165,4.9120001792907715,5.230000019073486,49900,0.0,0.0
2022-05-10 00:00:00-04:00,5.21999979019165,5.21999979019165,5.019999980926514,5.050000190734863,65800,0.0,0.0
2022-05-11 00:00:00-04:00,5.050000190734863,5.090000152587891,4.829999923706055,4.840000152587891,81300,0.0,0.0
2022-05-12 00:00:00-04:00,4.829999923706055,4.840000152587891,4.639999866485596,4.690000057220459,77100,0.0,0.0
2022-05-13 00:00:00-04:00,4.710000038146973,4.829999923706055,4.699999809265137,4.75,68400,0.0,0.0
2022-05-16 00:00:00-04:00,4.730000019073486,4.78000020980835,4.639999866485596,4.650000095367432,59000,0.0,0.0
2022-05-17 00:00:00-04:00,4.659999847412109,4.800000190734863,4.639999866485596,4.78000020980835,143900,0.0,0.0
2022-05-18 00:00:00-04:00,4.739999771118164,4.920000076293945,4.639999866485596,4.639999866485596,71000,0.0,0.0
2022-05-19 00:00:00-04:00,4.659999847412109,5.059999942779541,4.650000095367432,5.019999980926514,98300,0.0,0.0
2022-05-20 00:00:00-04:00,5.050000190734863,5.050000190734863,4.840000152587891,5.010000228881836,35900,0.0,0.0
2022-05-23 00:00:00-04:00,5.039999961853027,5.177999973297119,5.019999980926514,5.059999942779541,59600,0.0,0.0
2022-05-24 00:00:00-04:00,5.079999923706055,5.230000019073486,5.0,5.210000038146973,267400,0.0,0.0
2022-05-25 00:00:00-04:00,5.170000076293945,5.260000228881836,5.170000076293945,5.199999809265137,24900,0.0,0.0
2022-05-26 00:00:00-04:00,5.230000019073486,5.389999866485596,5.210000038146973,5.340000152587891,49900,0.0,0.0
2022-05-27 00:00:00-04:00,5.369999885559082,5.480000019073486,5.28000020980835,5.400000095367432,25200,0.0,0.0
2022-05-31 00:00:00-04:00,5.400000095367432,5.510000228881836,5.380000114440918,5.409999847412109,74200,0.0,0.0
2022-06-01 00:00:00-04:00,5.409999847412109,5.409999847412109,5.230000019073486,5.230000019073486,63800,0.0,0.0
2022-06-02 00:00:00-04:00,5.28000020980835,5.429999828338623,5.230000019073486,5.369999885559082,33900,0.0,0.0
2022-06-03 00:00:00-04:00,5.389999866485596,5.480000019073486,5.329999923706055,5.429999828338623,45300,0.0,0.0
2022-06-06 00:00:00-04:00,5.449999809265137,5.619999885559082,5.389999866485596,5.489999771118164,47100,0.0,0.0
2022-06-07 00:00:00-04:00,5.449999809265137,5.670000076293945,5.449999809265137,5.659999847412109,66600,0.0,0.0
2022-06-08 00:00:00-04:00,6.300000190734863,6.300000190734863,5.730000019073486,5.960000038146973,123200,0.0,0.0
2022-06-09 00:00:00-04:00,5.940000057220459,6.019999980926514,5.771999835968018,5.989999771118164,58300,0.0,0.0
2022-06-10 00:00:00-04:00,5.929999828338623,5.929999828338623,5.670000076293945,5.769999980926514,44000,0.0,0.0
2022-06-13 00:00:00-04:00,5.690000057220459,5.690000057220459,5.429999828338623,5.489999771118164,89300,0.0,0.0
2022-06-14 00:00:00-04:00,5.46999979019165,5.75,5.385000228881836,5.71999979019165,81000,0.0,0.0
2022-06-15 00:00:00-04:00,5.800000190734863,5.929999828338623,5.730000019073486,5.909999847412109,70800,0.0,0.0
2022-06-16 00:00:00-04:00,5.800000190734863,5.920000076293945,5.630000114440918,5.800000190734863,70400,0.0,0.0
2022-06-17 00:00:00-04:00,5.820000171661377,5.869999885559082,5.460000038146973,5.610000133514404,165800,0.0,0.0
2022-06-21 00:00:00-04:00,5.599999904632568,5.849999904632568,5.4070000648498535,5.840000152587891,72900,0.0,0.0
2022-06-22 00:00:00-04:00,5.78000020980835,5.960000038146973,5.659999847412109,5.880000114440918,44700,0.0,0.0
2022-06-23 00:00:00-04:00,5.840000152587891,6.050000190734863,5.6479997634887695,6.03000020980835,94600,0.0,0.0
2022-06-24 00:00:00-04:00,6.110000133514404,6.199999809265137,6.079999923706055,6.110000133514404,112900,0.0,0.0
2022-06-27 00:00:00-04:00,6.170000076293945,6.205999851226807,6.050000190734863,6.179999828338623,42000,0.0,0.0
2022-06-28 00:00:00-04:00,6.190000057220459,6.199999809265137,6.050000190734863,6.079999923706055,59800,0.0,0.0
2022-06-29 00:00:00-04:00,6.059999942779541,6.059999942779541,5.849999904632568,5.980000019073486,35500,0.0,0.0
2022-06-30 00:00:00-04:00,5.889999866485596,6.079999923706055,5.849999904632568,6.059999942779541,42200,0.0,0.0
2022-07-01 00:00:00-04:00,6.010000228881836,6.110000133514404,5.934999942779541,6.110000133514404,37300,0.0,0.0
2022-07-05 00:00:00-04:00,6.010000228881836,6.079999923706055,5.900000095367432,6.059999942779541,40900,0.0,0.0
2022-07-06 00:00:00-04:00,6.010000228881836,6.019999980926514,5.869999885559082,5.980000019073486,29600,0.0,0.0
2022-07-07 00:00:00-04:00,6.019999980926514,6.184999942779541,5.949999809265137,6.170000076293945,22600,0.0,0.0
2022-07-08 00:00:00-04:00,6.190000057220459,6.349999904632568,6.170000076293945,6.28000020980835,50000,0.0,0.0
2022-07-11 00:00:00-04:00,6.260000228881836,6.349999904632568,6.199999809265137,6.289999961853027,31800,0.0,0.0
2022-07-12 00:00:00-04:00,6.239999771118164,6.340000152587891,6.239999771118164,6.28000020980835,29200,0.0,0.0
2022-07-13 00:00:00-04:00,6.179999828338623,6.409999847412109,6.179999828338623,6.349999904632568,23000,0.0,0.0
2022-07-14 00:00:00-04:00,6.25,6.420000076293945,6.25,6.409999847412109,34000,0.0,0.0
2022-07-15 00:00:00-04:00,6.519999980926514,6.519999980926514,6.300000190734863,6.380000114440918,53700,0.0,0.0
2022-07-18 00:00:00-04:00,6.409999847412109,6.425000190734863,6.230000019073486,6.230000019073486,36200,0.0,0.0
2022-07-19 00:00:00-04:00,6.269999980926514,6.429999828338623,6.269999980926514,6.409999847412109,27200,0.0,0.0
2022-07-20 00:00:00-04:00,6.400000095367432,6.599999904632568,6.400000095367432,6.539999961853027,56500,0.0,0.0
2022-07-21 00:00:00-04:00,6.550000190734863,6.550000190734863,6.314000129699707,6.489999771118164,46900,0.0,0.0
2022-07-22 00:00:00-04:00,6.400000095367432,6.445000171661377,6.25,6.260000228881836,22200,0.0,0.0
2022-07-25 00:00:00-04:00,6.239999771118164,6.389999866485596,6.216000080108643,6.230000019073486,54900,0.0,0.0
2022-07-26 00:00:00-04:00,6.300000190734863,6.320000171661377,6.21999979019165,6.239999771118164,16400,0.0,0.0
2022-07-27 00:00:00-04:00,6.258999824523926,6.414999961853027,6.21999979019165,6.400000095367432,28000,0.0,0.0
2022-07-28 00:00:00-04:00,6.449999809265137,6.480000019073486,6.260000228881836,6.480000019073486,43800,0.0,0.0
2022-07-29 00:00:00-04:00,6.480000019073486,6.610000133514404,6.400000095367432,6.53000020980835,50700,0.0,0.0
2022-08-01 00:00:00-04:00,6.550000190734863,6.610000133514404,6.440000057220459,6.489999771118164,38300,0.0,0.0
2022-08-02 00:00:00-04:00,6.590000152587891,6.789999961853027,6.510000228881836,6.659999847412109,62800,0.0,0.0
2022-08-03 00:00:00-04:00,6.75,6.96999979019165,6.699999809265137,6.949999809265137,68200,0.0,0.0
2022-08-04 00:00:00-04:00,6.980000019073486,7.019999980926514,6.840000152587891,7.010000228881836,51700,0.0,0.0
2022-08-05 00:00:00-04:00,6.989999771118164,7.349999904632568,6.96999979019165,7.260000228881836,41000,0.0,0.0
2022-08-08 00:00:00-04:00,7.25,7.364999771118164,7.039999961853027,7.130000114440918,76000,0.0,0.0
2022-08-09 00:00:00-04:00,7.045000076293945,7.28000020980835,7.045000076293945,7.210000038146973,37900,0.0,0.0
2022-08-10 00:00:00-04:00,7.300000190734863,7.376999855041504,7.1620001792907715,7.25,24900,0.0,0.0
2022-08-11 00:00:00-04:00,7.239999771118164,7.309999942779541,7.021999835968018,7.210000038146973,22800,0.0,0.0
2022-08-12 00:00:00-04:00,7.28000020980835,7.480000019073486,7.199999809265137,7.480000019073486,31400,0.0,0.0
2022-08-15 00:00:00-04:00,7.5,7.5,7.28000020980835,7.349999904632568,28200,0.0,0.0
2022-08-16 00:00:00-04:00,7.349999904632568,7.349999904632568,7.070000171661377,7.119999885559082,22300,0.0,0.0
2022-08-17 00:00:00-04:00,7.119999885559082,7.119999885559082,6.920000076293945,7.039999961853027,45400,0.0,0.0
2022-08-18 00:00:00-04:00,7.079999923706055,7.190000057220459,6.96999979019165,7.019999980926514,32200,0.0,0.0
2022-08-19 00:00:00-04:00,6.929999828338623,7.010000228881836,6.730000019073486,6.739999771118164,65900,0.0,0.0
2022-08-22 00:00:00-04:00,6.75,7.014999866485596,6.75,6.909999847412109,49100,0.0,0.0
2022-08-23 00:00:00-04:00,6.96999979019165,7.010000228881836,6.900000095367432,6.920000076293945,21500,0.0,0.0
2022-08-24 00:00:00-04:00,6.96999979019165,7.369999885559082,6.920000076293945,7.039999961853027,40600,0.0,0.0
2022-08-25 00:00:00-04:00,7.110000133514404,7.244999885559082,6.960000038146973,7.210000038146973,39400,0.0,0.0
2022-08-26 00:00:00-04:00,7.199999809265137,7.199999809265137,6.909999847412109,6.920000076293945,35900,0.0,0.0
2022-08-29 00:00:00-04:00,6.949999809265137,6.989999771118164,6.809999942779541,6.860000133514404,33000,0.0,0.0
2022-08-30 00:00:00-04:00,6.869999885559082,6.889999866485596,6.659999847412109,6.679999828338623,16200,0.0,0.0
2022-08-31 00:00:00-04:00,6.659999847412109,6.849999904632568,6.659999847412109,6.699999809265137,30200,0.0,0.0
2022-09-01 00:00:00-04:00,6.630000114440918,6.739999771118164,6.630000114440918,6.699999809265137,17700,0.0,0.0
2022-09-02 00:00:00-04:00,6.699999809265137,6.860000133514404,6.670000076293945,6.679999828338623,25500,0.0,0.0
2022-09-06 00:00:00-04:00,6.699999809265137,6.809999942779541,6.663000106811523,6.730000019073486,57500,0.0,0.0
2022-09-07 00:00:00-04:00,6.690000057220459,6.715000152587891,6.650000095367432,6.690000057220459,31900,0.0,0.0
2022-09-08 00:00:00-04:00,6.650000095367432,6.739999771118164,6.650000095367432,6.739999771118164,30700,0.0,0.0
2022-09-09 00:00:00-04:00,7.190000057220459,7.364999771118164,6.829999923706055,7.039999961853027,66100,0.0,0.0
2022-09-12 00:00:00-04:00,7.119999885559082,7.239999771118164,6.892000198364258,7.0,64200,0.0,0.0
2022-09-13 00:00:00-04:00,6.840000152587891,7.066999912261963,6.809999942779541,6.880000114440918,57500,0.0,0.0
2022-09-14 00:00:00-04:00,6.909999847412109,7.070000171661377,6.699999809265137,6.769999980926514,72900,0.0,0.0
2022-09-15 00:00:00-04:00,6.789999961853027,7.065000057220459,6.789999961853027,7.0,42700,0.0,0.0
2022-09-16 00:00:00-04:00,6.980000019073486,7.050000190734863,6.489999771118164,6.78000020980835,167200,0.0,0.0
2022-09-19 00:00:00-04:00,6.679999828338623,7.090000152587891,6.679999828338623,7.070000171661377,58300,0.0,0.0
2022-09-20 00:00:00-04:00,7.059999942779541,7.059999942779541,6.860000133514404,6.929999828338623,32900,0.0,0.0
2022-09-21 00:00:00-04:00,6.900000095367432,6.989999771118164,6.829999923706055,6.829999923706055,28800,0.0,0.0
2022-09-22 00:00:00-04:00,6.789999961853027,6.920000076293945,6.659999847412109,6.710000038146973,26200,0.0,0.0
2022-09-23 00:00:00-04:00,6.659999847412109,6.829999923706055,6.630000114440918,6.710000038146973,65300,0.0,0.0
2022-09-26 00:00:00-04:00,6.670000076293945,6.849999904632568,6.639999866485596,6.670000076293945,42800,0.0,0.0
2022-09-27 00:00:00-04:00,6.679999828338623,6.752999782562256,6.550000190734863,6.599999904632568,44900,0.0,0.0
2022-09-28 00:00:00-04:00,6.590000152587891,6.800000190734863,6.579999923706055,6.769999980926514,190700,0.0,0.0
2022-09-29 00:00:00-04:00,6.800000190734863,6.800000190734863,6.53000020980835,6.590000152587891,92100,0.0,0.0
2022-09-30 00:00:00-04:00,6.53000020980835,6.6479997634887695,6.449999809265137,6.449999809265137,74000,0.0,0.0
2022-10-03 00:00:00-04:00,6.46999979019165,6.559999942779541,6.460000038146973,6.5,73700,0.0,0.0
2022-10-04 00:00:00-04:00,6.53000020980835,6.664000034332275,6.53000020980835,6.630000114440918,119300,0.0,0.0
2022-10-05 00:00:00-04:00,6.610000133514404,6.610000133514404,6.449999809265137,6.5,249700,0.0,0.0
2022-10-06 00:00:00-04:00,6.440000057220459,6.639999866485596,6.409999847412109,6.510000228881836,78600,0.0,0.0
2022-10-07 00:00:00-04:00,6.513999938964844,6.519999980926514,6.409999847412109,6.449999809265137,77900,0.0,0.0
2022-10-10 00:00:00-04:00,6.360000133514404,6.480000019073486,6.284999847412109,6.380000114440918,62500,0.0,0.0
2022-10-11 00:00:00-04:00,6.425000190734863,6.570000171661377,6.409999847412109,6.559999942779541,51000,0.0,0.0
2022-10-12 00:00:00-04:00,6.559999942779541,6.605000019073486,6.449999809265137,6.53000020980835,85800,0.0,0.0
2022-10-13 00:00:00-04:00,6.480000019073486,6.559999942779541,6.449999809265137,6.550000190734863,131100,0.0,0.0
2022-10-14 00:00:00-04:00,6.550000190734863,6.574999809265137,6.400000095367432,6.409999847412109,72600,0.0,0.0
2022-10-17 00:00:00-04:00,6.489999771118164,6.599999904632568,6.440000057220459,6.5,69400,0.0,0.0
2022-10-18 00:00:00-04:00,6.610000133514404,6.679999828338623,6.489999771118164,6.519999980926514,267300,0.0,0.0
2022-10-19 00:00:00-04:00,6.5,6.724999904632568,6.489999771118164,6.5,115600,0.0,0.0
2022-10-20 00:00:00-04:00,6.5,6.610000133514404,6.409999847412109,6.46999979019165,116100,0.0,0.0
2022-10-21 00:00:00-04:00,6.519999980926514,6.519999980926514,6.460000038146973,6.480000019073486,114000,0.0,0.0
2022-10-24 00:00:00-04:00,6.489999771118164,6.505000114440918,6.369999885559082,6.409999847412109,323700,0.0,0.0
2022-10-25 00:00:00-04:00,6.440000057220459,6.5,6.320000171661377,6.349999904632568,150300,0.0,0.0
2022-10-26 00:00:00-04:00,6.389999866485596,6.489999771118164,6.289999961853027,6.369999885559082,167000,0.0,0.0
2022-10-27 00:00:00-04:00,6.400000095367432,6.460000038146973,6.340000152587891,6.369999885559082,464400,0.0,0.0
2022-10-28 00:00:00-04:00,6.400000095367432,6.460000038146973,6.389999866485596,6.440000057220459,265900,0.0,0.0
2022-10-31 00:00:00-04:00,6.440000057220459,6.5,6.390999794006348,6.40500020980835,284500,0.0,0.0
2022-11-01 00:00:00-04:00,6.409999847412109,6.460000038146973,6.389999866485596,6.400000095367432,333400,0.0,0.0
2022-11-02 00:00:00-04:00,6.409999847412109,6.46999979019165,6.380000114440918,6.429999828338623,508600,0.0,0.0
2022-11-03 00:00:00-04:00,6.400000095367432,6.53000020980835,6.400000095367432,6.53000020980835,535000,0.0,0.0
2022-11-04 00:00:00-04:00,6.5,7.099999904632568,6.440000057220459,6.980000019073486,766600,0.0,0.0
2022-11-07 00:00:00-05:00,7.019999980926514,7.320000171661377,7.019999980926514,7.019999980926514,666800,0.0,0.0
2022-11-08 00:00:00-05:00,7.050000190734863,7.309999942779541,7.0,7.070000171661377,363800,0.0,0.0
2022-11-09 00:00:00-05:00,7.079999923706055,7.309999942779541,7.010000228881836,7.159999847412109,155500,0.0,0.0
2022-11-10 00:00:00-05:00,7.340000152587891,7.570000171661377,7.260000228881836,7.519999980926514,134800,0.0,0.0
2022-11-11 00:00:00-05:00,7.550000190734863,7.710000038146973,7.239999771118164,7.300000190734863,146100,0.0,0.0
2022-11-14 00:00:00-05:00,7.289999961853027,7.379000186920166,7.239999771118164,7.239999771118164,152200,0.0,0.0
2022-11-15 00:00:00-05:00,7.329999923706055,7.340000152587891,7.13100004196167,7.28000020980835,99800,0.0,0.0
2022-11-16 00:00:00-05:00,7.260000228881836,7.380000114440918,7.260000228881836,7.309999942779541,59400,0.0,0.0
2022-11-17 00:00:00-05:00,7.25,7.449999809265137,7.210000038146973,7.230000019073486,93100,0.0,0.0
2022-11-18 00:00:00-05:00,7.329999923706055,7.349999904632568,7.239999771118164,7.320000171661377,53700,0.0,0.0
2022-11-21 00:00:00-05:00,7.300000190734863,7.550000190734863,7.300000190734863,7.449999809265137,104200,0.0,0.0
2022-11-22 00:00:00-05:00,7.480000019073486,7.514999866485596,7.34499979019165,7.449999809265137,70700,0.0,0.0
2022-11-23 00:00:00-05:00,7.460000038146973,7.550000190734863,7.25,7.28000020980835,67400,0.0,0.0
2022-11-25 00:00:00-05:00,7.300000190734863,7.369999885559082,7.170000076293945,7.199999809265137,30900,0.0,0.0
2022-11-28 00:00:00-05:00,7.179999828338623,7.446000099182129,7.050000190734863,7.099999904632568,152700,0.0,0.0
2022-11-29 00:00:00-05:00,7.079999923706055,7.079999923706055,6.900000095367432,6.920000076293945,63400,0.0,0.0
2022-11-30 00:00:00-05:00,6.900000095367432,7.070000171661377,6.840000152587891,7.059999942779541,121000,0.0,0.0
2022-12-01 00:00:00-05:00,7.119999885559082,7.119999885559082,6.920000076293945,7.0,81300,0.0,0.0
2022-12-02 00:00:00-05:00,6.940000057220459,7.210000038146973,6.940000057220459,7.119999885559082,81400,0.0,0.0
2022-12-05 00:00:00-05:00,7.059999942779541,7.139999866485596,6.989999771118164,7.0,87900,0.0,0.0
2022-12-06 00:00:00-05:00,6.989999771118164,7.010000228881836,6.815000057220459,6.960000038146973,167100,0.0,0.0
2022-12-07 00:00:00-05:00,6.949999809265137,6.980000019073486,6.690000057220459,6.710000038146973,55200,0.0,0.0
2022-12-08 00:00:00-05:00,6.71999979019165,6.820000171661377,6.579999923706055,6.610000133514404,72000,0.0,0.0
2022-12-09 00:00:00-05:00,6.559999942779541,6.675000190734863,6.550000190734863,6.579999923706055,68300,0.0,0.0
2022-12-12 00:00:00-05:00,6.550000190734863,6.659999847412109,6.46999979019165,6.639999866485596,103400,0.0,0.0
2022-12-13 00:00:00-05:00,6.739999771118164,6.769999980926514,6.329999923706055,6.519999980926514,126300,0.0,0.0
2022-12-14 00:00:00-05:00,6.480000019073486,6.550000190734863,6.349999904632568,6.440000057220459,66100,0.0,0.0
2022-12-15 00:00:00-05:00,6.369999885559082,6.400000095367432,6.269999980926514,6.320000171661377,75900,0.0,0.0
2022-12-16 00:00:00-05:00,6.25,6.335000038146973,6.239999771118164,6.309999942779541,181500,0.0,0.0
2022-12-19 00:00:00-05:00,6.28000020980835,6.309999942779541,5.949999809265137,5.96999979019165,141800,0.0,0.0
2022-12-20 00:00:00-05:00,5.96999979019165,6.110000133514404,5.770999908447266,6.070000171661377,114200,0.0,0.0
2022-12-21 00:00:00-05:00,6.099999904632568,6.202000141143799,5.960000038146973,5.96999979019165,67200,0.0,0.0
2022-12-22 00:00:00-05:00,5.940000057220459,5.978000164031982,5.800000190734863,5.920000076293945,102700,0.0,0.0
2022-12-23 00:00:00-05:00,5.855000019073486,5.980000019073486,5.855000019073486,5.920000076293945,44200,0.0,0.0
2022-12-27 00:00:00-05:00,5.929999828338623,5.96999979019165,5.809999942779541,5.889999866485596,52700,0.0,0.0
2022-12-28 00:00:00-05:00,5.885000228881836,5.9120001792907715,5.630000114440918,5.699999809265137,93400,0.0,0.0
2022-12-29 00:00:00-05:00,5.739999771118164,5.925000190734863,5.739999771118164,5.880000114440918,70500,0.0,0.0
2022-12-30 00:00:00-05:00,5.860000133514404,5.885000228881836,5.710000038146973,5.849999904632568,77100,0.0,0.0
2023-01-03 00:00:00-05:00,5.849999904632568,6.044000148773193,5.710000038146973,5.96999979019165,154600,0.0,0.0
2023-01-04 00:00:00-05:00,6.050000190734863,6.119999885559082,5.920000076293945,5.980000019073486,78400,0.0,0.0
2023-01-05 00:00:00-05:00,6.0,6.0,5.769999980926514,5.809999942779541,66800,0.0,0.0
2023-01-06 00:00:00-05:00,5.889999866485596,6.070000171661377,5.840000152587891,5.989999771118164,80400,0.0,0.0
2023-01-09 00:00:00-05:00,5.989999771118164,6.090000152587891,5.929999828338623,5.980000019073486,62600,0.0,0.0
2023-01-10 00:00:00-05:00,6.0,6.199999809265137,5.889999866485596,6.130000114440918,64000,0.0,0.0
2023-01-11 00:00:00-05:00,6.099999904632568,6.269999980926514,5.96999979019165,6.210000038146973,73800,0.0,0.0
2023-01-12 00:00:00-05:00,6.199999809265137,6.360000133514404,6.110000133514404,6.260000228881836,117100,0.0,0.0
2023-01-13 00:00:00-05:00,6.289999961853027,6.570000171661377,6.179999828338623,6.269999980926514,140900,0.0,0.0
2023-01-17 00:00:00-05:00,6.269999980926514,6.28000020980835,6.204999923706055,6.269999980926514,131300,0.0,0.0
2023-01-18 00:00:00-05:00,6.269999980926514,6.269999980926514,6.190000057220459,6.239999771118164,120200,0.0,0.0
2023-01-19 00:00:00-05:00,6.269999980926514,6.269999980926514,6.190000057220459,6.21999979019165,133400,0.0,0.0
2023-01-20 00:00:00-05:00,6.269999980926514,6.550000190734863,6.230000019073486,6.489999771118164,118700,0.0,0.0
2023-01-23 00:00:00-05:00,6.550000190734863,6.610000133514404,6.489999771118164,6.510000228881836,113900,0.0,0.0
2023-01-24 00:00:00-05:00,7.090000152587891,7.900000095367432,6.800000190734863,7.78000020980835,507400,0.0,0.0
2023-01-25 00:00:00-05:00,7.880000114440918,7.900000095367432,7.519999980926514,7.789999961853027,172900,0.0,0.0
2023-01-26 00:00:00-05:00,7.829999923706055,8.0600004196167,7.710000038146973,8.029999732971191,181000,0.0,0.0
2023-01-27 00:00:00-05:00,8.029999732971191,8.170000076293945,7.900000095367432,8.0,565000,0.0,0.0
2023-01-30 00:00:00-05:00,7.980000019073486,8.119999885559082,7.840000152587891,8.109999656677246,91300,0.0,0.0
2023-01-31 00:00:00-05:00,8.140000343322754,8.15999984741211,7.840000152587891,8.140000343322754,133300,0.0,0.0
2023-02-01 00:00:00-05:00,8.119999885559082,8.170000076293945,7.900000095367432,8.09000015258789,189500,0.0,0.0
2023-02-02 00:00:00-05:00,8.050000190734863,8.140000343322754,8.017999649047852,8.130000114440918,151900,0.0,0.0
2023-02-03 00:00:00-05:00,8.09000015258789,8.229999542236328,8.09000015258789,8.229999542236328,124700,0.0,0.0
2023-02-06 00:00:00-05:00,8.229999542236328,8.239999771118164,8.100000381469727,8.1899995803833,93800,0.0,0.0
2023-02-07 00:00:00-05:00,8.15999984741211,8.199999809265137,8.079999923706055,8.109999656677246,86700,0.0,0.0
2023-02-08 00:00:00-05:00,8.039999961853027,8.039999961853027,7.829999923706055,7.960000038146973,58200,0.0,0.0
2023-02-09 00:00:00-05:00,7.980000019073486,8.069999694824219,7.829999923706055,7.840000152587891,47500,0.0,0.0
2023-02-10 00:00:00-05:00,7.809999942779541,7.96999979019165,7.78000020980835,7.889999866485596,41700,0.0,0.0
2023-02-13 00:00:00-05:00,7.860000133514404,7.989999771118164,7.789999961853027,7.940000057220459,63300,0.0,0.0
2023-02-14 00:00:00-05:00,7.889999866485596,7.960000038146973,7.840000152587891,7.880000114440918,41000,0.0,0.0
2023-02-15 00:00:00-05:00,7.849999904632568,7.929999828338623,7.840000152587891,7.880000114440918,28500,0.0,0.0
2023-02-16 00:00:00-05:00,7.860000133514404,7.940000057220459,7.809999942779541,7.869999885559082,55400,0.0,0.0
2023-02-17 00:00:00-05:00,7.889999866485596,7.889999866485596,7.829999923706055,7.880000114440918,47500,0.0,0.0
2023-02-21 00:00:00-05:00,7.809999942779541,7.880000114440918,7.800000190734863,7.829999923706055,96500,0.0,0.0
2023-02-22 00:00:00-05:00,7.800000190734863,8.010000228881836,7.53000020980835,7.619999885559082,83300,0.0,0.0
2023-02-23 00:00:00-05:00,7.619999885559082,7.849999904632568,7.610000133514404,7.739999771118164,50400,0.0,0.0
2023-02-24 00:00:00-05:00,7.610000133514404,7.739999771118164,7.599999904632568,7.690000057220459,37900,0.0,0.0
2023-02-27 00:00:00-05:00,7.739999771118164,7.84499979019165,7.65500020980835,7.690000057220459,47400,0.0,0.0
2023-02-28 00:00:00-05:00,7.670000076293945,7.840000152587891,7.53000020980835,7.809999942779541,83300,0.0,0.0
2023-03-01 00:00:00-05:00,7.800000190734863,7.929999828338623,7.630000114440918,7.860000133514404,80800,0.0,0.0
2023-03-02 00:00:00-05:00,7.860000133514404,7.909999847412109,7.789999961853027,7.880000114440918,51900,0.0,0.0
2023-03-03 00:00:00-05:00,7.960000038146973,8.012999534606934,7.820000171661377,7.900000095367432,64800,0.0,0.0
2023-03-06 00:00:00-05:00,7.929999828338623,7.940000057220459,7.670000076293945,7.840000152587891,165400,0.0,0.0
2023-03-07 00:00:00-05:00,7.849999904632568,7.894999980926514,7.690000057220459,7.75,37600,0.0,0.0
2023-03-08 00:00:00-05:00,7.75,7.880000114440918,7.630000114440918,7.679999828338623,36800,0.0,0.0
2023-03-09 00:00:00-05:00,7.670000076293945,7.710000038146973,7.505000114440918,7.519999980926514,70900,0.0,0.0
2023-03-10 00:00:00-05:00,8.140000343322754,8.140000343322754,7.21999979019165,7.300000190734863,197600,0.0,0.0
2023-03-13 00:00:00-04:00,7.159999847412109,7.335000038146973,7.099999904632568,7.25,127700,0.0,0.0
2023-03-14 00:00:00-04:00,7.440000057220459,7.440000057220459,7.170000076293945,7.230000019073486,233600,0.0,0.0
2023-03-15 00:00:00-04:00,7.119999885559082,7.130000114440918,6.949999809265137,6.96999979019165,121200,0.0,0.0
2023-03-16 00:00:00-04:00,6.929999828338623,7.139999866485596,6.809999942779541,7.090000152587891,178300,0.0,0.0
2023-03-17 00:00:00-04:00,6.96999979019165,7.110000133514404,6.78000020980835,6.800000190734863,245700,0.0,0.0
2023-03-20 00:00:00-04:00,6.840000152587891,6.880000114440918,6.730000019073486,6.880000114440918,120700,0.0,0.0
2023-03-21 00:00:00-04:00,7.010000228881836,7.090000152587891,6.880000114440918,7.059999942779541,92300,0.0,0.0
2023-03-22 00:00:00-04:00,7.050000190734863,7.199999809265137,7.050000190734863,7.130000114440918,126500,0.0,0.0
2023-03-23 00:00:00-04:00,7.079999923706055,7.199999809265137,6.929999828338623,6.949999809265137,117500,0.0,0.0
2023-03-24 00:00:00-04:00,6.889999866485596,7.039999961853027,6.790999889373779,7.010000228881836,77400,0.0,0.0
2023-03-27 00:00:00-04:00,7.090000152587891,7.090000152587891,6.960000038146973,6.980000019073486,59800,0.0,0.0
2023-03-28 00:00:00-04:00,6.949999809265137,7.039999961853027,6.949999809265137,7.0,46500,0.0,0.0
2023-03-29 00:00:00-04:00,7.010000228881836,7.025000095367432,6.849999904632568,6.860000133514404,78000,0.0,0.0
2023-03-30 00:00:00-04:00,6.889999866485596,6.920000076293945,6.71999979019165,6.760000228881836,105300,0.0,0.0
2023-03-31 00:00:00-04:00,6.820000171661377,6.849999904632568,6.739999771118164,6.800000190734863,136700,0.0,0.0
2023-04-03 00:00:00-04:00,6.800000190734863,6.980000019073486,6.76200008392334,6.920000076293945,111100,0.0,0.0
2023-04-04 00:00:00-04:00,6.980000019073486,6.980000019073486,6.710000038146973,6.710000038146973,73600,0.0,0.0
2023-04-05 00:00:00-04:00,6.71999979019165,6.71999979019165,6.550000190734863,6.579999923706055,67700,0.0,0.0
2023-04-06 00:00:00-04:00,6.550000190734863,6.630000114440918,6.539999961853027,6.559999942779541,68600,0.0,0.0
2023-04-10 00:00:00-04:00,6.510000228881836,6.710000038146973,6.5,6.679999828338623,67300,0.0,0.0
2023-04-11 00:00:00-04:00,6.679999828338623,6.820000171661377,6.679999828338623,6.710000038146973,73600,0.0,0.0
2023-04-12 00:00:00-04:00,6.760000228881836,6.760000228881836,6.639999866485596,6.659999847412109,49800,0.0,0.0
2023-04-13 00:00:00-04:00,6.71999979019165,6.760000228881836,6.659999847412109,6.690000057220459,54000,0.0,0.0
2023-04-14 00:00:00-04:00,6.699999809265137,6.730000019073486,6.639999866485596,6.71999979019165,120500,0.0,0.0
2023-04-17 00:00:00-04:00,6.769999980926514,6.78000020980835,6.650000095367432,6.71999979019165,130400,0.0,0.0
2023-04-18 00:00:00-04:00,6.699999809265137,6.860000133514404,6.670000076293945,6.690000057220459,74800,0.0,0.0
2023-04-19 00:00:00-04:00,6.690000057220459,6.739999771118164,6.510000228881836,6.650000095367432,72900,0.0,0.0
2023-04-20 00:00:00-04:00,6.590000152587891,6.690000057220459,6.570000171661377,6.639999866485596,71400,0.0,0.0
2023-04-21 00:00:00-04:00,6.610000133514404,6.679999828338623,6.550000190734863,6.650000095367432,56800,0.0,0.0
2023-04-24 00:00:00-04:00,6.659999847412109,6.940000057220459,6.650000095367432,6.920000076293945,126700,0.0,0.0
2023-04-25 00:00:00-04:00,6.869999885559082,7.050000190734863,6.869999885559082,6.980000019073486,105900,0.0,0.0
2023-04-26 00:00:00-04:00,6.940000057220459,7.129000186920166,6.860000133514404,6.900000095367432,69400,0.0,0.0
2023-04-27 00:00:00-04:00,6.889999866485596,6.994999885559082,6.809999942779541,6.940000057220459,63900,0.0,0.0
2023-04-28 00:00:00-04:00,6.909999847412109,7.038000106811523,6.909999847412109,6.949999809265137,46500,0.0,0.0
2023-05-01 00:00:00-04:00,6.949999809265137,7.050000190734863,6.949999809265137,6.960000038146973,75600,0.0,0.0
2023-05-02 00:00:00-04:00,6.949999809265137,6.96999979019165,6.760000228881836,6.900000095367432,91900,0.0,0.0
2023-05-03 00:00:00-04:00,6.940000057220459,7.074999809265137,6.900000095367432,6.900000095367432,53500,0.0,0.0
2023-05-04 00:00:00-04:00,6.869999885559082,6.880000114440918,6.755000114440918,6.849999904632568,61500,0.0,0.0
2023-05-05 00:00:00-04:00,6.909999847412109,7.050000190734863,6.869999885559082,6.989999771118164,76900,0.0,0.0
2023-05-08 00:00:00-04:00,7.039999961853027,7.039999961853027,6.889999866485596,6.940000057220459,39600,0.0,0.0
2023-05-09 00:00:00-04:00,6.920000076293945,7.127999782562256,6.739999771118164,7.059999942779541,71900,0.0,0.0
2023-05-10 00:00:00-04:00,7.150000095367432,7.150000095367432,6.949999809265137,7.059999942779541,61800,0.0,0.0
2023-05-11 00:00:00-04:00,7.039999961853027,7.059999942779541,6.860000133514404,7.019999980926514,53400,0.0,0.0
2023-05-12 00:00:00-04:00,7.0,7.039999961853027,6.949999809265137,6.96999979019165,36600,0.0,0.0
2023-05-15 00:00:00-04:00,6.896999835968018,7.059999942779541,6.840000152587891,6.909999847412109,52400,0.0,0.0
2023-05-16 00:00:00-04:00,6.849999904632568,7.019999980926514,6.800000190734863,6.949999809265137,60900,0.0,0.0
2023-05-17 00:00:00-04:00,7.0,7.449999809265137,6.960000038146973,7.409999847412109,186100,0.0,0.0
2023-05-18 00:00:00-04:00,7.449999809265137,7.5,7.235000133514404,7.309999942779541,61900,0.0,0.0
2023-05-19 00:00:00-04:00,7.400000095367432,7.400000095367432,7.204999923706055,7.269999980926514,48200,0.0,0.0
2023-05-22 00:00:00-04:00,7.269999980926514,7.300000190734863,7.159999847412109,7.210000038146973,66600,0.0,0.0
2023-05-23 00:00:00-04:00,7.230000019073486,7.260000228881836,7.130000114440918,7.170000076293945,47600,0.0,0.0
2023-05-24 00:00:00-04:00,7.170000076293945,7.21999979019165,7.065000057220459,7.090000152587891,65100,0.0,0.0
2023-05-25 00:00:00-04:00,7.03000020980835,7.050000190734863,6.869999885559082,7.010000228881836,46600,0.0,0.0
2023-05-26 00:00:00-04:00,7.039999961853027,7.039999961853027,6.880000114440918,6.960000038146973,107700,0.0,0.0
2023-05-30 00:00:00-04:00,6.989999771118164,7.110000133514404,6.949999809265137,7.039999961853027,40000,0.0,0.0
2023-05-31 00:00:00-04:00,7.039999961853027,7.119999885559082,6.934999942779541,6.940000057220459,82900,0.0,0.0
2023-06-01 00:00:00-04:00,6.980000019073486,6.980000019073486,6.590000152587891,6.659999847412109,131600,0.0,0.0
2023-06-02 00:00:00-04:00,6.659999847412109,6.940000057220459,6.610000133514404,6.889999866485596,134500,0.0,0.0
2023-06-05 00:00:00-04:00,6.920000076293945,7.130000114440918,6.760000228881836,6.840000152587891,104000,0.0,0.0
2023-06-06 00:00:00-04:00,6.78000020980835,7.125,6.78000020980835,6.989999771118164,114900,0.0,0.0
2023-06-07 00:00:00-04:00,7.039999961853027,7.230000019073486,7.019999980926514,7.199999809265137,121200,0.0,0.0
2023-06-08 00:00:00-04:00,7.25,7.320000171661377,7.130000114440918,7.25,116400,0.0,0.0
2023-06-09 00:00:00-04:00,6.650000095367432,7.090000152587891,6.599999904632568,6.889999866485596,178300,0.0,0.0
2023-06-12 00:00:00-04:00,6.900000095367432,7.0,6.78000020980835,6.960000038146973,126300,0.0,0.0
2023-06-13 00:00:00-04:00,7.0,7.110000133514404,6.920000076293945,6.980000019073486,85900,0.0,0.0
2023-06-14 00:00:00-04:00,6.96999979019165,7.110000133514404,6.960000038146973,7.050000190734863,217000,0.0,0.0
2023-06-15 00:00:00-04:00,7.090000152587891,7.28000020980835,7.010000228881836,7.230000019073486,122600,0.0,0.0
2023-06-16 00:00:00-04:00,7.300000190734863,7.53000020980835,7.28000020980835,7.449999809265137,332600,0.0,0.0
2023-06-20 00:00:00-04:00,7.460000038146973,7.53000020980835,7.429999828338623,7.460000038146973,148800,0.0,0.0
2023-06-21 00:00:00-04:00,7.460000038146973,7.6479997634887695,7.429999828338623,7.579999923706055,158400,0.0,0.0
2023-06-22 00:00:00-04:00,7.579999923706055,7.619999885559082,7.489999771118164,7.570000171661377,59900,0.0,0.0
2023-06-23 00:00:00-04:00,7.480000019073486,7.630000114440918,7.46999979019165,7.590000152587891,663100,0.0,0.0
2023-06-26 00:00:00-04:00,7.599999904632568,7.690000057220459,7.519999980926514,7.630000114440918,73700,0.0,0.0
2023-06-27 00:00:00-04:00,7.670000076293945,7.784999847412109,7.610000133514404,7.739999771118164,63100,0.0,0.0
2023-06-28 00:00:00-04:00,7.739999771118164,7.929999828338623,7.671000003814697,7.840000152587891,93900,0.0,0.0
2023-06-29 00:00:00-04:00,7.849999904632568,8.0,7.829999923706055,7.960000038146973,90000,0.0,0.0
2023-06-30 00:00:00-04:00,7.989999771118164,8.119999885559082,7.989999771118164,8.029999732971191,205500,0.0,0.0
2023-07-03 00:00:00-04:00,8.050000190734863,8.1850004196167,7.96999979019165,8.079999923706055,49300,0.0,0.0
2023-07-05 00:00:00-04:00,8.079999923706055,8.079999923706055,7.929999828338623,7.949999809265137,87200,0.0,0.0
2023-07-06 00:00:00-04:00,7.920000076293945,7.948999881744385,7.835000038146973,7.849999904632568,120300,0.0,0.0
2023-07-07 00:00:00-04:00,7.880000114440918,7.960000038146973,7.829999923706055,7.909999847412109,222700,0.0,0.0
2023-07-10 00:00:00-04:00,8.0600004196167,8.130000114440918,8.050000190734863,8.109999656677246,83700,0.0,0.0
2023-07-11 00:00:00-04:00,8.170000076293945,8.21500015258789,8.050000190734863,8.09000015258789,85800,0.0,0.0
2023-07-12 00:00:00-04:00,8.170000076293945,8.199999809265137,8.104999542236328,8.149999618530273,99700,0.0,0.0
2023-07-13 00:00:00-04:00,8.180000305175781,8.3100004196167,8.154999732971191,8.260000228881836,74500,0.0,0.0
2023-07-14 00:00:00-04:00,8.289999961853027,8.289999961853027,8.09000015258789,8.100000381469727,73000,0.0,0.0
2023-07-17 00:00:00-04:00,8.149999618530273,8.270000457763672,8.149999618530273,8.210000038146973,49600,0.0,0.0
2023-07-18 00:00:00-04:00,8.220000267028809,8.319999694824219,8.220000267028809,8.279999732971191,81600,0.0,0.0
2023-07-19 00:00:00-04:00,8.300000190734863,8.369999885559082,8.270000457763672,8.319999694824219,71100,0.0,0.0
2023-07-20 00:00:00-04:00,8.34000015258789,8.369999885559082,8.289999961853027,8.329999923706055,43400,0.0,0.0
2023-07-21 00:00:00-04:00,8.359999656677246,8.359999656677246,8.15999984741211,8.199999809265137,56400,0.0,0.0
2023-07-24 00:00:00-04:00,8.199999809265137,8.199999809265137,8.010000228881836,8.149999618530273,53400,0.0,0.0
2023-07-25 00:00:00-04:00,8.109999656677246,8.154999732971191,8.0,8.039999961853027,77500,0.0,0.0
2023-07-26 00:00:00-04:00,8.0600004196167,8.100000381469727,7.989999771118164,8.039999961853027,31900,0.0,0.0
2023-07-27 00:00:00-04:00,8.039999961853027,8.039999961853027,7.900000095367432,7.940000057220459,39200,0.0,0.0
2023-07-28 00:00:00-04:00,7.960000038146973,8.0,7.929999828338623,7.96999979019165,28800,0.0,0.0
2023-07-31 00:00:00-04:00,7.980000019073486,8.079999923706055,7.909999847412109,8.069999694824219,53100,0.0,0.0
2023-08-01 00:00:00-04:00,8.069999694824219,8.149999618530273,8.010000228881836,8.130000114440918,70200,0.0,0.0
2023-08-02 00:00:00-04:00,8.109999656677246,8.149999618530273,8.050000190734863,8.100000381469727,42800,0.0,0.0
2023-08-03 00:00:00-04:00,8.039999961853027,8.069999694824219,8.010000228881836,8.039999961853027,27900,0.0,0.0
2023-08-04 00:00:00-04:00,8.029999732971191,8.130000114440918,7.989999771118164,8.020000457763672,40500,0.0,0.0
2023-08-07 00:00:00-04:00,8.020000457763672,8.140000343322754,7.949999809265137,8.130000114440918,61300,0.0,0.0
2023-08-08 00:00:00-04:00,8.100000381469727,8.199999809265137,8.050000190734863,8.1899995803833,60900,0.0,0.0
2023-08-09 00:00:00-04:00,8.180000305175781,8.21500015258789,8.130000114440918,8.130000114440918,53800,0.0,0.0
2023-08-10 00:00:00-04:00,8.15999984741211,8.229999542236328,8.0600004196167,8.119999885559082,56200,0.0,0.0
2023-08-11 00:00:00-04:00,8.130000114440918,8.229999542236328,8.119999885559082,8.149999618530273,32700,0.0,0.0
2023-08-14 00:00:00-04:00,8.020000457763672,8.104999542236328,8.020000457763672,8.069999694824219,34400,0.0,0.0
2023-08-15 00:00:00-04:00,8.069999694824219,8.09000015258789,8.020000457763672,8.0600004196167,38000,0.0,0.0
2023-08-16 00:00:00-04:00,8.039999961853027,8.119999885559082,8.020000457763672,8.020000457763672,31600,0.0,0.0
2023-08-17 00:00:00-04:00,8.029999732971191,8.0600004196167,7.809999942779541,7.829999923706055,70700,0.0,0.0
2023-08-18 00:00:00-04:00,7.789999961853027,7.8520002365112305,7.610000133514404,7.809999942779541,49100,0.0,0.0
2023-08-21 00:00:00-04:00,7.800000190734863,7.800000190734863,7.610000133514404,7.650000095367432,32200,0.0,0.0
2023-08-22 00:00:00-04:00,7.639999866485596,7.650000095367432,7.510000228881836,7.519999980926514,51900,0.0,0.0
2023-08-23 00:00:00-04:00,7.5,7.630000114440918,7.409999847412109,7.480000019073486,64500,0.0,0.0
2023-08-24 00:00:00-04:00,7.420000076293945,7.489999771118164,7.230000019073486,7.239999771118164,62000,0.0,0.0
2023-08-25 00:00:00-04:00,7.230000019073486,7.25,7.099999904632568,7.179999828338623,79700,0.0,0.0
2023-08-28 00:00:00-04:00,7.179999828338623,7.420000076293945,7.179999828338623,7.349999904632568,44200,0.0,0.0
2023-08-29 00:00:00-04:00,7.360000133514404,7.519999980926514,7.289999961853027,7.489999771118164,34900,0.0,0.0
2023-08-30 00:00:00-04:00,7.420000076293945,7.619999885559082,7.420000076293945,7.480000019073486,26900,0.0,0.0
2023-08-31 00:00:00-04:00,7.409999847412109,7.679999828338623,7.409999847412109,7.630000114440918,54000,0.0,0.0
2023-09-01 00:00:00-04:00,7.639999866485596,7.735000133514404,7.449999809265137,7.550000190734863,54000,0.0,0.0
2023-09-05 00:00:00-04:00,7.489999771118164,7.539999961853027,7.320000171661377,7.460000038146973,88900,0.0,0.0
2023-09-06 00:00:00-04:00,7.480000019073486,7.534999847412109,7.409999847412109,7.480000019073486,42100,0.0,0.0
2023-09-07 00:00:00-04:00,7.510000228881836,7.539999961853027,7.355000019073486,7.5,112600,0.0,0.0
2023-09-08 00:00:00-04:00,8.369999885559082,8.369999885559082,7.420000076293945,8.010000228881836,145100,0.0,0.0
2023-09-11 00:00:00-04:00,8.050000190734863,8.239999771118164,7.960000038146973,8.220000267028809,87700,0.0,0.0
2023-09-12 00:00:00-04:00,8.210000038146973,8.5,8.199999809265137,8.420000076293945,114300,0.0,0.0
2023-09-13 00:00:00-04:00,8.369999885559082,8.413999557495117,8.079999923706055,8.149999618530273,46600,0.0,0.0
2023-09-14 00:00:00-04:00,8.220000267028809,8.239999771118164,8.029999732971191,8.050000190734863,61800,0.0,0.0
2023-09-15 00:00:00-04:00,8.050000190734863,8.4399995803833,7.960000038146973,8.279999732971191,236700,0.0,0.0
2023-09-18 00:00:00-04:00,8.3100004196167,8.449999809265137,8.260000228881836,8.380000114440918,55500,0.0,0.0
2023-09-19 00:00:00-04:00,8.34000015258789,8.34000015258789,8.135000228881836,8.270000457763672,43500,0.0,0.0
2023-09-20 00:00:00-04:00,8.3100004196167,8.779999732971191,8.229999542236328,8.539999961853027,116000,0.0,0.0
2023-09-21 00:00:00-04:00,8.579999923706055,8.670000076293945,8.40999984741211,8.609999656677246,88800,0.0,0.0
2023-09-22 00:00:00-04:00,8.609999656677246,9.0,8.609999656677246,8.899999618530273,299500,0.0,0.0
2023-09-25 00:00:00-04:00,8.930000305175781,9.149999618530273,8.824000358581543,9.100000381469727,86800,0.0,0.0
2023-09-26 00:00:00-04:00,9.020000457763672,9.100000381469727,8.65999984741211,8.779999732971191,63600,0.0,0.0
2023-09-27 00:00:00-04:00,8.760000228881836,8.944000244140625,8.680000305175781,8.729999542236328,54900,0.0,0.0
2023-09-28 00:00:00-04:00,8.75,8.75,8.550000190734863,8.710000038146973,67400,0.0,0.0
2023-09-29 00:00:00-04:00,8.789999961853027,8.789999961853027,8.520000457763672,8.579999923706055,41200,0.0,0.0
2023-10-02 00:00:00-04:00,8.529999732971191,8.579999923706055,8.385000228881836,8.5,60200,0.0,0.0
2023-10-03 00:00:00-04:00,8.479999542236328,8.5,8.25,8.399999618530273,48100,0.0,0.0
2023-10-04 00:00:00-04:00,8.399999618530273,8.479999542236328,8.25,8.430000305175781,78600,0.0,0.0
2023-10-05 00:00:00-04:00,8.350000381469727,8.555000305175781,8.319999694824219,8.489999771118164,75400,0.0,0.0
2023-10-06 00:00:00-04:00,8.5,8.819999694824219,8.5,8.770000457763672,38300,0.0,0.0
2023-10-09 00:00:00-04:00,8.760000228881836,8.770000457763672,8.635000228881836,8.670000076293945,28000,0.0,0.0
2023-10-10 00:00:00-04:00,8.640000343322754,8.770000457763672,8.539999961853027,8.579999923706055,42500,0.0,0.0
2023-10-11 00:00:00-04:00,8.630000114440918,8.920000076293945,8.619999885559082,8.850000381469727,45400,0.0,0.0
2023-10-12 00:00:00-04:00,8.8100004196167,9.050000190734863,8.670000076293945,8.930000305175781,66600,0.0,0.0
2023-10-13 00:00:00-04:00,8.958000183105469,8.989999771118164,8.630000114440918,8.670000076293945,31800,0.0,0.0
2023-10-16 00:00:00-04:00,8.670000076293945,8.845000267028809,8.494999885559082,8.539999961853027,43700,0.0,0.0
2023-10-17 00:00:00-04:00,8.579999923706055,8.829999923706055,8.579999923706055,8.739999771118164,60900,0.0,0.0
2023-10-18 00:00:00-04:00,8.729999542236328,8.729999542236328,8.3100004196167,8.34000015258789,40200,0.0,0.0
2023-10-19 00:00:00-04:00,8.130000114440918,8.239999771118164,7.860000133514404,7.869999885559082,48500,0.0,0.0
2023-10-20 00:00:00-04:00,7.889999866485596,8.069999694824219,7.730000019073486,7.900000095367432,53700,0.0,0.0
2023-10-23 00:00:00-04:00,7.869999885559082,8.010000228881836,7.510000228881836,7.590000152587891,63700,0.0,0.0
2023-10-24 00:00:00-04:00,7.599999904632568,7.789999961853027,7.25,7.380000114440918,92400,0.0,0.0
2023-10-25 00:00:00-04:00,7.340000152587891,7.340000152587891,6.760000228881836,6.869999885559082,193300,0.0,0.0
2023-10-26 00:00:00-04:00,6.829999923706055,6.875,6.519999980926514,6.650000095367432,113300,0.0,0.0
2023-10-27 00:00:00-04:00,6.550000190734863,6.769999980926514,6.123000144958496,6.679999828338623,171500,0.0,0.0
2023-10-30 00:00:00-04:00,6.679999828338623,6.994999885559082,6.679999828338623,6.940000057220459,99200,0.0,0.0
2023-10-31 00:00:00-04:00,6.949999809265137,7.065000057220459,6.940000057220459,7.03000020980835,64400,0.0,0.0
2023-11-01 00:00:00-04:00,7.010000228881836,7.210000038146973,6.96999979019165,7.130000114440918,63000,0.0,0.0
2023-11-02 00:00:00-04:00,7.190000057220459,7.210000038146973,7.050000190734863,7.150000095367432,69700,0.0,0.0
2023-11-03 00:00:00-04:00,7.25,7.284999847412109,7.079999923706055,7.110000133514404,59400,0.0,0.0
2023-11-06 00:00:00-05:00,7.070000171661377,7.099999904632568,6.769999980926514,6.829999923706055,78800,0.0,0.0
2023-11-07 00:00:00-05:00,6.78000020980835,6.829999923706055,6.710000038146973,6.769999980926514,72000,0.0,0.0
2023-11-08 00:00:00-05:00,6.789999961853027,6.800000190734863,6.400000095367432,6.760000228881836,395000,0.0,0.0
2023-11-09 00:00:00-05:00,6.800000190734863,6.940000057220459,6.679999828338623,6.760000228881836,64100,0.0,0.0
2023-11-10 00:00:00-05:00,6.75,6.806000232696533,6.671999931335449,6.760000228881836,77500,0.0,0.0
2023-11-13 00:00:00-05:00,6.670000076293945,7.010000228881836,6.670000076293945,6.96999979019165,52700,0.0,0.0
2023-11-14 00:00:00-05:00,7.159999847412109,7.5,7.126999855041504,7.46999979019165,92700,0.0,0.0
2023-11-15 00:00:00-05:00,7.460000038146973,7.889999866485596,7.460000038146973,7.860000133514404,95800,0.0,0.0
2023-11-16 00:00:00-05:00,7.840000152587891,7.980000019073486,7.739999771118164,7.820000171661377,71700,0.0,0.0
2023-11-17 00:00:00-05:00,7.880000114440918,7.940000057220459,7.670000076293945,7.829999923706055,76900,0.0,0.0
2023-11-20 00:00:00-05:00,7.900000095367432,7.929999828338623,7.510000228881836,7.510000228881836,64400,0.0,0.0
2023-11-21 00:00:00-05:00,7.5,7.760000228881836,7.480000019073486,7.730000019073486,78600,0.0,0.0
2023-11-22 00:00:00-05:00,7.760000228881836,7.789999961853027,7.630000114440918,7.639999866485596,29400,0.0,0.0
2023-11-24 00:00:00-05:00,7.699999809265137,7.800000190734863,7.679999828338623,7.75,20800,0.0,0.0
2023-11-27 00:00:00-05:00,7.75,7.84499979019165,7.489999771118164,7.579999923706055,77000,0.0,0.0
2023-11-28 00:00:00-05:00,7.630000114440918,7.630000114440918,7.25,7.28000020980835,44900,0.0,0.0
2023-11-29 00:00:00-05:00,7.300000190734863,7.465000152587891,7.215000152587891,7.409999847412109,73700,0.0,0.0
2023-11-30 00:00:00-05:00,7.409999847412109,7.559999942779541,7.320000171661377,7.440000057220459,367600,0.0,0.0
2023-12-01 00:00:00-05:00,7.380000114440918,7.809999942779541,7.380000114440918,7.735000133514404,86700,0.0,0.0
2023-12-04 00:00:00-05:00,7.690000057220459,8.119999885559082,7.690000057220459,8.0600004196167,74500,0.0,0.0
2023-12-05 00:00:00-05:00,8.0,8.029999732971191,7.699999809265137,7.71999979019165,66100,0.0,0.0
2023-12-06 00:00:00-05:00,7.730000019073486,7.900000095367432,7.730000019073486,7.789999961853027,38900,0.0,0.0
2023-12-07 00:00:00-05:00,7.800000190734863,8.0600004196167,7.710000038146973,8.039999961853027,105400,0.0,0.0
2023-12-08 00:00:00-05:00,8.083999633789062,8.140000343322754,7.960000038146973,7.980000019073486,32700,0.0,0.0
2023-12-11 00:00:00-05:00,7.920000076293945,7.96999979019165,7.829999923706055,7.940000057220459,39400,0.0,0.0
2023-12-12 00:00:00-05:00,7.949999809265137,7.949999809265137,7.619999885559082,7.739999771118164,42600,0.0,0.0
2023-12-13 00:00:00-05:00,7.769999980926514,8.119999885559082,7.75,8.119999885559082,69500,0.0,0.0
2023-12-14 00:00:00-05:00,8.100000381469727,8.300000190734863,8.100000381469727,8.140000343322754,103500,0.0,0.0
2023-12-15 00:00:00-05:00,8.350000381469727,8.350000381469727,8.210000038146973,8.260000228881836,143800,0.0,0.0
2023-12-18 00:00:00-05:00,8.229999542236328,8.449999809265137,8.229999542236328,8.260000228881836,62700,0.0,0.0
2023-12-19 00:00:00-05:00,8.260000228881836,8.399999618530273,8.104999542236328,8.319999694824219,100900,0.0,0.0
2023-12-20 00:00:00-05:00,8.319999694824219,8.465999603271484,8.0600004196167,8.109999656677246,74400,0.0,0.0
2023-12-21 00:00:00-05:00,8.1899995803833,8.380000114440918,8.093999862670898,8.15999984741211,31200,0.0,0.0
2023-12-22 00:00:00-05:00,8.239999771118164,8.300000190734863,8.163999557495117,8.289999961853027,37900,0.0,0.0
2023-12-26 00:00:00-05:00,8.279999732971191,8.329999923706055,8.199999809265137,8.239999771118164,51000,0.0,0.0
2023-12-27 00:00:00-05:00,8.260000228881836,8.329999923706055,8.199999809265137,8.289999961853027,30100,0.0,0.0
2023-12-28 00:00:00-05:00,8.25,8.359999656677246,8.220000267028809,8.329999923706055,29200,0.0,0.0
2023-12-29 00:00:00-05:00,8.350000381469727,8.354999542236328,8.130000114440918,8.199999809265137,24900,0.0,0.0
2024-01-02 00:00:00-05:00,8.140000343322754,8.199999809265137,7.96999979019165,8.180000305175781,52800,0.0,0.0
2024-01-03 00:00:00-05:00,8.079999923706055,8.291999816894531,7.929999828338623,8.15999984741211,79600,0.0,0.0
2024-01-04 00:00:00-05:00,8.25,8.4399995803833,8.185999870300293,8.260000228881836,87400,0.0,0.0
2024-01-05 00:00:00-05:00,8.25,8.359999656677246,8.069999694824219,8.119999885559082,90600,0.0,0.0
2024-01-08 00:00:00-05:00,8.0600004196167,8.0600004196167,7.809999942779541,7.960000038146973,52600,0.0,0.0
2024-01-09 00:00:00-05:00,7.900000095367432,7.949999809265137,7.51200008392334,7.900000095367432,48700,0.0,0.0
2024-01-10 00:00:00-05:00,7.880000114440918,7.98799991607666,7.880000114440918,7.929999828338623,63200,0.0,0.0
2024-01-11 00:00:00-05:00,7.889999866485596,7.997000217437744,7.761000156402588,7.940000057220459,91800,0.0,0.0
2024-01-12 00:00:00-05:00,7.96999979019165,8.010000228881836,7.429999828338623,7.909999847412109,118700,0.0,0.0
2024-01-16 00:00:00-05:00,7.820000171661377,7.869999885559082,7.519999980926514,7.599999904632568,85000,0.0,0.0
2024-01-17 00:00:00-05:00,7.489999771118164,7.650000095367432,7.434999942779541,7.610000133514404,65800,0.0,0.0
2024-01-18 00:00:00-05:00,7.670000076293945,7.829999923706055,7.599999904632568,7.800000190734863,54300,0.0,0.0
2024-01-19 00:00:00-05:00,7.889999866485596,7.889999866485596,7.659999847412109,7.840000152587891,32800,0.0,0.0
2024-01-22 00:00:00-05:00,7.820000171661377,7.896999835968018,7.710000038146973,7.809999942779541,71500,0.0,0.0
2024-01-23 00:00:00-05:00,7.889999866485596,7.923999786376953,7.75,7.789999961853027,56800,0.0,0.0
2024-01-24 00:00:00-05:00,7.880000114440918,7.880000114440918,7.690000057220459,7.760000228881836,69100,0.0,0.0
2024-01-25 00:00:00-05:00,7.809999942779541,7.96999979019165,7.769999980926514,7.96999979019165,89300,0.0,0.0
2024-01-26 00:00:00-05:00,8.0,8.0,7.730000019073486,7.809999942779541,40000,0.0,0.0
2024-01-29 00:00:00-05:00,7.78000020980835,7.880000114440918,7.670000076293945,7.869999885559082,22800,0.0,0.0
2024-01-30 00:00:00-05:00,7.889999866485596,7.889999866485596,7.650000095367432,7.809999942779541,48500,0.0,0.0
2024-01-31 00:00:00-05:00,7.820000171661377,7.849999904632568,7.690000057220459,7.71999979019165,61600,0.0,0.0
2024-02-01 00:00:00-05:00,7.809999942779541,7.849999904632568,7.739999771118164,7.840000152587891,54700,0.0,0.0
2024-02-02 00:00:00-05:00,7.840000152587891,7.940000057220459,7.71999979019165,7.860000133514404,59000,0.0,0.0
2024-02-05 00:00:00-05:00,7.769999980926514,7.824999809265137,7.619999885559082,7.699999809265137,73200,0.0,0.0
2024-02-06 00:00:00-05:00,7.75,7.869999885559082,7.739999771118164,7.849999904632568,44200,0.0,0.0
2024-02-07 00:00:00-05:00,7.889999866485596,7.980000019073486,7.809999942779541,7.940000057220459,32800,0.0,0.0
2024-02-08 00:00:00-05:00,7.909999847412109,8.104999542236328,7.900000095367432,8.079999923706055,56800,0.0,0.0
2024-02-09 00:00:00-05:00,8.114999771118164,8.220000267028809,7.960000038146973,8.180000305175781,45600,0.0,0.0
2024-02-12 00:00:00-05:00,8.180000305175781,8.40999984741211,8.15999984741211,8.369999885559082,99600,0.0,0.0
2024-02-13 00:00:00-05:00,8.1899995803833,8.300000190734863,7.920000076293945,7.949999809265137,87200,0.0,0.0
2024-02-14 00:00:00-05:00,8.050000190734863,8.15999984741211,8.010000228881836,8.149999618530273,44600,0.0,0.0
2024-02-15 00:00:00-05:00,8.210000038146973,8.369999885559082,8.199999809265137,8.359999656677246,64600,0.0,0.0
2024-02-16 00:00:00-05:00,8.359999656677246,8.359999656677246,8.050000190734863,8.199999809265137,59500,0.0,0.0
2024-02-20 00:00:00-05:00,8.100000381469727,8.229999542236328,8.0600004196167,8.1899995803833,73500,0.0,0.0
2024-02-21 00:00:00-05:00,8.170000076293945,8.1899995803833,8.09000015258789,8.15999984741211,30100,0.0,0.0
2024-02-22 00:00:00-05:00,8.15999984741211,8.274999618530273,8.15999984741211,8.25,50500,0.0,0.0
2024-02-23 00:00:00-05:00,8.25,8.369999885559082,8.239999771118164,8.319999694824219,41100,0.0,0.0
2024-02-26 00:00:00-05:00,8.270000457763672,8.359999656677246,7.929999828338623,8.3100004196167,252200,0.0,0.0
2024-02-27 00:00:00-05:00,8.420000076293945,8.479999542236328,8.25,8.3100004196167,47700,0.0,0.0
2024-02-28 00:00:00-05:00,8.239999771118164,8.420000076293945,8.079999923706055,8.119999885559082,24500,0.0,0.0
2024-02-29 00:00:00-05:00,8.239999771118164,8.239999771118164,8.100000381469727,8.1899995803833,51600,0.0,0.0
2024-03-01 00:00:00-05:00,8.239999771118164,8.289999961853027,8.149999618530273,8.1899995803833,36000,0.0,0.0
2024-03-04 00:00:00-05:00,8.239999771118164,8.279999732971191,8.029999732971191,8.079999923706055,49000,0.0,0.0
2024-03-05 00:00:00-05:00,8.09000015258789,8.180000305175781,7.949999809265137,8.010000228881836,38900,0.0,0.0
2024-03-06 00:00:00-05:00,8.010000228881836,8.039999961853027,7.880000114440918,8.029999732971191,53800,0.0,0.0
2024-03-07 00:00:00-05:00,8.234999656677246,8.25,8.079999923706055,8.210000038146973,53700,0.0,0.0
2024-03-08 00:00:00-05:00,8.199999809265137,8.199999809265137,7.670000076293945,7.800000190734863,130000,0.0,0.0
2024-03-11 00:00:00-04:00,7.710000038146973,7.840000152587891,7.610000133514404,7.78000020980835,69400,0.0,0.0
2024-03-12 00:00:00-04:00,7.769999980926514,7.840000152587891,7.639999866485596,7.800000190734863,110000,0.0,0.0
2024-03-13 00:00:00-04:00,7.820000171661377,7.920000076293945,7.820000171661377,7.860000133514404,202500,0.0,0.0
2024-03-14 00:00:00-04:00,7.900000095367432,7.920000076293945,7.5,7.570000171661377,243800,0.0,0.0
2024-03-15 00:00:00-04:00,7.610000133514404,7.820000171661377,7.559999942779541,7.739999771118164,336200,0.0,0.0
2024-03-18 00:00:00-04:00,7.679999828338623,7.71999979019165,7.570000171661377,7.579999923706055,268200,0.0,0.0
2024-03-19 00:00:00-04:00,7.550000190734863,7.78000020980835,7.550000190734863,7.639999866485596,197900,0.0,0.0
2024-03-20 00:00:00-04:00,7.610000133514404,7.889999866485596,7.610000133514404,7.829999923706055,64400,0.0,0.0
2024-03-21 00:00:00-04:00,7.829999923706055,8.109999656677246,7.800000190734863,8.020000457763672,58900,0.0,0.0
2024-03-22 00:00:00-04:00,8.0600004196167,8.100000381469727,7.78000020980835,7.78000020980835,42000,0.0,0.0
2024-03-25 00:00:00-04:00,7.760000228881836,7.820000171661377,7.684999942779541,7.730000019073486,64400,0.0,0.0
2024-03-26 00:00:00-04:00,7.739999771118164,7.929999828338623,7.739999771118164,7.769999980926514,41600,0.0,0.0
2024-03-27 00:00:00-04:00,7.789999961853027,7.880000114440918,7.769999980926514,7.849999904632568,67900,0.0,0.0
2024-03-28 00:00:00-04:00,7.849999904632568,7.974999904632568,7.849999904632568,7.900000095367432,72300,0.0,0.0
2024-04-01 00:00:00-04:00,7.869999885559082,7.869999885559082,7.690000057220459,7.710000038146973,83500,0.0,0.0
2024-04-02 00:00:00-04:00,7.659999847412109,7.885000228881836,7.65500020980835,7.78000020980835,68000,0.0,0.0
2024-04-03 00:00:00-04:00,7.739999771118164,7.889999866485596,7.739999771118164,7.78000020980835,72300,0.0,0.0
2024-04-04 00:00:00-04:00,7.809999942779541,7.849999904632568,7.619999885559082,7.670000076293945,68400,0.0,0.0
2024-04-05 00:00:00-04:00,7.679999828338623,7.880000114440918,7.650000095367432,7.880000114440918,49400,0.0,0.0
2024-04-08 00:00:00-04:00,7.880000114440918,7.900000095367432,7.690000057220459,7.71999979019165,73300,0.0,0.0
2024-04-09 00:00:00-04:00,7.75,7.760000228881836,7.679999828338623,7.739999771118164,60100,0.0,0.0
2024-04-10 00:00:00-04:00,7.579999923706055,7.664999961853027,7.531000137329102,7.559999942779541,98100,0.0,0.0
2024-04-11 00:00:00-04:00,7.539999961853027,7.539999961853027,7.389999866485596,7.46999979019165,44700,0.0,0.0
2024-04-12 00:00:00-04:00,7.460000038146973,7.460000038146973,7.25,7.269999980926514,74500,0.0,0.0
2024-04-15 00:00:00-04:00,7.300000190734863,7.329999923706055,7.071000099182129,7.130000114440918,58400,0.0,0.0
2024-04-16 00:00:00-04:00,7.119999885559082,7.119999885559082,7.0,7.099999904632568,55600,0.0,0.0
2024-04-17 00:00:00-04:00,7.079999923706055,7.09499979019165,6.860000133514404,6.860000133514404,40700,0.0,0.0
2024-04-18 00:00:00-04:00,6.880000114440918,6.920000076293945,6.590000152587891,6.659999847412109,86000,0.0,0.0
2024-04-19 00:00:00-04:00,6.639999866485596,6.800000190734863,6.570000171661377,6.659999847412109,53600,0.0,0.0
2024-04-22 00:00:00-04:00,6.71999979019165,6.71999979019165,6.460000038146973,6.480000019073486,68500,0.0,0.0
2024-04-23 00:00:00-04:00,6.460000038146973,6.679999828338623,6.460000038146973,6.539999961853027,70300,0.0,0.0
2024-04-24 00:00:00-04:00,6.559999942779541,6.624000072479248,6.519999980926514,6.570000171661377,64100,0.0,0.0
2024-04-25 00:00:00-04:00,6.550000190734863,6.650000095367432,6.539999961853027,6.599999904632568,53700,0.0,0.0
2024-04-26 00:00:00-04:00,6.630000114440918,6.829999923706055,6.630000114440918,6.809999942779541,57100,0.0,0.0
2024-04-29 00:00:00-04:00,6.869999885559082,6.960000038146973,6.800000190734863,6.920000076293945,70100,0.0,0.0
2024-04-30 00:00:00-04:00,6.900000095367432,6.940000057220459,6.639999866485596,6.650000095367432,75200,0.0,0.0
2024-05-01 00:00:00-04:00,6.699999809265137,6.730000019073486,6.544000148773193,6.610000133514404,45700,0.0,0.0
2024-05-02 00:00:00-04:00,6.690000057220459,6.760000228881836,6.644999980926514,6.679999828338623,44900,0.0,0.0
2024-05-03 00:00:00-04:00,6.800000190734863,6.869999885559082,6.711999893188477,6.769999980926514,56600,0.0,0.0
2024-05-06 00:00:00-04:00,6.829999923706055,6.875999927520752,6.690000057220459,6.690000057220459,31300,0.0,0.0
2024-05-07 00:00:00-04:00,6.730000019073486,6.78000020980835,6.610000133514404,6.630000114440918,70900,0.0,0.0
2024-05-08 00:00:00-04:00,6.630000114440918,6.78000020980835,6.619999885559082,6.78000020980835,29600,0.0,0.0
2024-05-09 00:00:00-04:00,6.840000152587891,6.920000076293945,6.699999809265137,6.920000076293945,69600,0.0,0.0
2024-05-10 00:00:00-04:00,6.900000095367432,6.940000057220459,6.784999847412109,6.920000076293945,51100,0.0,0.0
2024-05-13 00:00:00-04:00,6.920000076293945,6.980000019073486,6.829999923706055,6.869999885559082,60400,0.0,0.0
2024-05-14 00:00:00-04:00,6.989999771118164,7.110000133514404,6.929999828338623,6.949999809265137,61800,0.0,0.0
2024-05-15 00:00:00-04:00,7.039999961853027,7.070000171661377,6.75,6.880000114440918,85300,0.0,0.0
2024-05-16 00:00:00-04:00,6.920000076293945,6.96999979019165,6.909999847412109,6.949999809265137,52800,0.0,0.0
2024-05-17 00:00:00-04:00,6.940000057220459,6.940000057220459,6.789999961853027,6.840000152587891,72900,0.0,0.0
2024-05-20 00:00:00-04:00,6.869999885559082,6.889999866485596,6.650000095367432,6.650000095367432,95400,0.0,0.0
2024-05-21 00:00:00-04:00,6.650000095367432,6.800000190734863,6.590000152587891,6.800000190734863,75000,0.0,0.0
2024-05-22 00:00:00-04:00,6.75,6.829999923706055,6.735000133514404,6.829999923706055,86700,0.0,0.0
2024-05-23 00:00:00-04:00,6.869999885559082,6.909999847412109,6.400000095367432,6.889999866485596,354500,0.0,0.0
2024-05-24 00:00:00-04:00,6.960000038146973,7.179999828338623,6.800000190734863,7.139999866485596,179800,0.0,0.0
2024-05-28 00:00:00-04:00,7.150000095367432,7.304999828338623,7.110000133514404,7.230000019073486,95500,0.0,0.0
2024-05-29 00:00:00-04:00,7.210000038146973,7.25,7.119999885559082,7.130000114440918,68800,0.0,0.0
2024-05-30 00:00:00-04:00,7.190000057220459,7.260000228881836,7.090000152587891,7.099999904632568,55700,0.0,0.0
2024-05-31 00:00:00-04:00,7.130000114440918,7.190000057220459,6.909999847412109,7.170000076293945,496200,0.0,0.0
2024-06-03 00:00:00-04:00,7.289999961853027,7.599999904632568,7.289999961853027,7.420000076293945,141200,0.0,0.0
2024-06-04 00:00:00-04:00,7.349999904632568,7.449999809265137,7.25,7.289999961853027,65800,0.0,0.0
2024-06-05 00:00:00-04:00,7.360000133514404,7.505000114440918,7.260000228881836,7.480000019073486,62800,0.0,0.0
2024-06-06 00:00:00-04:00,7.519999980926514,7.650000095367432,7.414000034332275,7.53000020980835,99300,0.0,0.0
2024-06-07 00:00:00-04:00,6.449999809265137,7.010000228881836,6.291999816894531,6.554999828338623,402700,0.0,0.0
2024-06-10 00:00:00-04:00,6.489999771118164,6.829999923706055,6.46999979019165,6.829999923706055,118800,0.0,0.0
2024-06-11 00:00:00-04:00,6.820000171661377,6.835000038146973,6.5,6.519999980926514,89500,0.0,0.0
2024-06-12 00:00:00-04:00,6.630000114440918,6.659999847412109,6.460000038146973,6.460000038146973,100300,0.0,0.0
2024-06-13 00:00:00-04:00,6.519999980926514,6.659999847412109,6.429999828338623,6.659999847412109,54500,0.0,0.0
2024-06-14 00:00:00-04:00,6.579999923706055,6.630000114440918,6.329999923706055,6.340000152587891,85800,0.0,0.0
2024-06-17 00:00:00-04:00,6.260000228881836,6.579999923706055,6.239999771118164,6.559999942779541,124300,0.0,0.0
2024-06-18 00:00:00-04:00,6.579999923706055,6.579999923706055,6.360000133514404,6.380000114440918,77400,0.0,0.0
2024-06-20 00:00:00-04:00,6.429999828338623,6.429999828338623,6.284999847412109,6.329999923706055,65200,0.0,0.0
2024-06-21 00:00:00-04:00,6.28000020980835,6.349999904632568,6.239999771118164,6.269999980926514,113200,0.0,0.0
2024-06-24 00:00:00-04:00,6.289999961853027,6.46999979019165,6.28000020980835,6.289999961853027,53100,0.0,0.0
2024-06-25 00:00:00-04:00,6.300000190734863,6.320000171661377,6.199999809265137,6.21999979019165,42100,0.0,0.0
2024-06-26 00:00:00-04:00,6.190000057220459,6.340000152587891,6.179999828338623,6.309999942779541,80500,0.0,0.0
2024-06-27 00:00:00-04:00,6.360000133514404,6.434999942779541,6.260000228881836,6.289999961853027,46600,0.0,0.0
2024-06-28 00:00:00-04:00,6.369999885559082,6.369999885559082,5.920000076293945,6.010000228881836,658700,0.0,0.0
2024-07-01 00:00:00-04:00,6.059999942779541,6.064000129699707,5.75,5.840000152587891,118400,0.0,0.0
2024-07-02 00:00:00-04:00,5.860000133514404,5.960000038146973,5.820000171661377,5.909999847412109,69600,0.0,0.0
2024-07-03 00:00:00-04:00,5.889999866485596,6.0,5.760000228881836,5.800000190734863,57000,0.0,0.0
2024-07-05 00:00:00-04:00,5.800000190734863,5.800000190734863,5.579999923706055,5.630000114440918,159400,0.0,0.0
2024-07-08 00:00:00-04:00,5.699999809265137,5.860000133514404,5.699999809265137,5.760000228881836,69400,0.0,0.0
2024-07-09 00:00:00-04:00,5.71999979019165,5.829999923706055,5.690000057220459,5.71999979019165,55300,0.0,0.0
2024-07-10 00:00:00-04:00,5.769999980926514,5.989999771118164,5.769999980926514,5.989999771118164,50900,0.0,0.0
2024-07-11 00:00:00-04:00,6.170000076293945,6.650000095367432,6.043000221252441,6.550000190734863,139100,0.0,0.0
2024-07-12 00:00:00-04:00,6.670000076293945,6.925000190734863,6.670000076293945,6.860000133514404,104400,0.0,0.0
2024-07-15 00:00:00-04:00,6.929999828338623,7.133999824523926,6.800000190734863,6.829999923706055,122800,0.0,0.0
2024-07-16 00:00:00-04:00,6.929999828338623,6.960000038146973,6.75,6.820000171661377,129400,0.0,0.0
2024-07-17 00:00:00-04:00,6.78000020980835,6.880000114440918,6.679999828338623,6.739999771118164,99600,0.0,0.0
2024-07-18 00:00:00-04:00,6.739999771118164,6.78000020980835,6.53000020980835,6.619999885559082,65500,0.0,0.0
2024-07-19 00:00:00-04:00,6.579999923706055,6.630000114440918,6.519999980926514,6.539999961853027,107900,0.0,0.0
2024-07-22 00:00:00-04:00,6.559999942779541,6.610000133514404,6.480000019073486,6.579999923706055,106300,0.0,0.0
2024-07-23 00:00:00-04:00,6.590000152587891,6.650000095367432,6.510000228881836,6.599999904632568,136300,0.0,0.0
2024-07-24 00:00:00-04:00,6.590000152587891,6.630000114440918,6.340000152587891,6.369999885559082,144300,0.0,0.0
2024-07-25 00:00:00-04:00,6.429999828338623,6.590000152587891,6.400000095367432,6.5,116800,0.0,0.0
2024-07-26 00:00:00-04:00,6.590000152587891,6.590000152587891,6.489999771118164,6.550000190734863,96800,0.0,0.0
2024-07-29 00:00:00-04:00,6.599999904632568,6.599999904632568,6.449999809265137,6.53000020980835,63300,0.0,0.0
2024-07-30 00:00:00-04:00,6.550000190734863,7.014999866485596,6.505000114440918,6.960000038146973,649600,0.0,0.0
2024-07-31 00:00:00-04:00,7.0,7.010000228881836,6.659999847412109,6.670000076293945,131100,0.0,0.0
2024-08-01 00:00:00-04:00,6.710000038146973,6.710000038146973,6.340000152587891,6.53000020980835,666000,0.0,0.0
2024-08-02 00:00:00-04:00,6.329999923706055,6.480000019073486,6.28000020980835,6.360000133514404,57200,0.0,0.0
2024-08-05 00:00:00-04:00,6.090000152587891,6.170000076293945,5.960000038146973,5.96999979019165,89100,0.0,0.0
2024-08-06 00:00:00-04:00,5.96999979019165,6.099999904632568,5.949999809265137,6.03000020980835,58200,0.0,0.0
2024-08-07 00:00:00-04:00,6.139999866485596,6.289999961853027,6.070000171661377,6.070000171661377,49800,0.0,0.0
2024-08-08 00:00:00-04:00,6.150000095367432,6.159999847412109,5.980000019073486,6.0,70000,0.0,0.0
2024-08-09 00:00:00-04:00,6.0,6.010000228881836,5.860000133514404,5.889999866485596,60000,0.0,0.0
2024-08-12 00:00:00-04:00,5.949999809265137,6.005000114440918,5.880000114440918,5.960000038146973,73800,0.0,0.0
2024-08-13 00:00:00-04:00,6.0,6.005000114440918,5.900000095367432,5.940000057220459,39000,0.0,0.0
2024-08-14 00:00:00-04:00,5.949999809265137,5.989999771118164,5.849999904632568,5.909999847412109,60500,0.0,0.0
2024-08-15 00:00:00-04:00,6.03000020980835,6.090000152587891,5.900000095367432,6.010000228881836,944500,0.0,0.0
2024-08-16 00:00:00-04:00,6.039999961853027,6.210000038146973,6.034999847412109,6.179999828338623,198700,0.0,0.0
2024-08-19 00:00:00-04:00,6.139999866485596,6.289999961853027,6.130000114440918,6.269999980926514,54800,0.0,0.0
2024-08-20 00:00:00-04:00,6.25,6.269999980926514,6.139999866485596,6.21999979019165,39200,0.0,0.0
2024-08-21 00:00:00-04:00,6.21999979019165,6.28000020980835,6.159999847412109,6.199999809265137,48700,0.0,0.0
2024-08-22 00:00:00-04:00,6.170000076293945,6.210000038146973,6.039999961853027,6.159999847412109,65300,0.0,0.0
2024-08-23 00:00:00-04:00,6.150000095367432,6.510000228881836,6.150000095367432,6.46999979019165,110100,0.0,0.0
2024-08-26 00:00:00-04:00,6.53000020980835,6.679999828338623,6.449999809265137,6.650000095367432,133900,0.0,0.0
2024-08-27 00:00:00-04:00,6.610000133514404,6.639999866485596,6.458000183105469,6.480000019073486,45400,0.0,0.0
2024-08-28 00:00:00-04:00,6.5,6.525000095367432,6.420000076293945,6.440000057220459,67600,0.0,0.0
2024-08-29 00:00:00-04:00,6.489999771118164,6.559999942779541,6.409999847412109,6.5,43700,0.0,0.0
2024-08-30 00:00:00-04:00,6.5,6.559999942779541,6.409999847412109,6.489999771118164,32200,0.0,0.0
2024-09-03 00:00:00-04:00,6.489999771118164,6.489999771118164,6.099999904632568,6.150000095367432,80500,0.0,0.0
2024-09-04 00:00:00-04:00,6.179999828338623,6.179999828338623,5.710000038146973,5.739999771118164,237200,0.0,0.0
2024-09-05 00:00:00-04:00,5.199999809265137,5.380000114440918,5.050000190734863,5.170000076293945,186700,0.0,0.0
2024-09-06 00:00:00-04:00,5.139999866485596,5.340000152587891,5.110000133514404,5.260000228881836,83400,0.0,0.0
2024-09-09 00:00:00-04:00,5.230000019073486,5.519999980926514,5.224999904632568,5.380000114440918,123200,0.0,0.0
2024-09-10 00:00:00-04:00,5.440000057220459,5.510000228881836,5.349999904632568,5.46999979019165,65000,0.0,0.0
2024-09-11 00:00:00-04:00,5.449999809265137,5.510000228881836,5.349999904632568,5.489999771118164,55500,0.0,0.0
2024-09-12 00:00:00-04:00,5.53000020980835,5.559999942779541,5.420000076293945,5.480000019073486,105100,0.0,0.0
2024-09-13 00:00:00-04:00,5.579999923706055,5.769999980926514,5.474999904632568,5.710000038146973,109500,0.0,0.0
2024-09-16 00:00:00-04:00,5.739999771118164,5.739999771118164,5.579999923706055,5.670000076293945,42800,0.0,0.0
2024-09-17 00:00:00-04:00,5.71999979019165,5.88100004196167,5.71999979019165,5.730000019073486,56800,0.0,0.0
2024-09-18 00:00:00-04:00,5.71999979019165,5.940000057220459,5.710000038146973,5.75,56000,0.0,0.0
2024-09-19 00:00:00-04:00,5.880000114440918,6.045000076293945,5.840000152587891,6.039999961853027,56700,0.0,0.0
2024-09-20 00:00:00-04:00,5.940000057220459,6.039999961853027,5.900000095367432,5.940000057220459,168700,0.0,0.0
2024-09-23 00:00:00-04:00,5.949999809265137,6.039999961853027,5.920000076293945,5.920000076293945,55000,0.0,0.0
2024-09-24 00:00:00-04:00,5.929999828338623,5.989999771118164,5.840000152587891,5.849999904632568,59200,0.0,0.0
2024-09-25 00:00:00-04:00,5.869999885559082,5.869999885559082,5.610000133514404,5.659999847412109,91100,0.0,0.0
2024-09-26 00:00:00-04:00,5.679999828338623,5.849999904632568,5.679999828338623,5.75,51900,0.0,0.0
2024-09-27 00:00:00-04:00,5.789999961853027,5.989999771118164,5.789999961853027,5.849999904632568,63600,0.0,0.0
2024-09-30 00:00:00-04:00,5.800000190734863,5.835000038146973,5.690000057220459,5.789999961853027,52300,0.0,0.0
2024-10-01 00:00:00-04:00,5.760000228881836,5.784999847412109,5.619999885559082,5.650000095367432,62100,0.0,0.0
2024-10-02 00:00:00-04:00,5.650000095367432,5.71999979019165,5.650000095367432,5.650000095367432,59900,0.0,0.0
2024-10-03 00:00:00-04:00,5.639999866485596,5.644999980926514,5.510000228881836,5.510000228881836,33800,0.0,0.0
2024-10-04 00:00:00-04:00,5.610000133514404,5.690000057220459,5.559999942779541,5.690000057220459,56200,0.0,0.0
2024-10-07 00:00:00-04:00,5.690000057220459,5.880000114440918,5.65500020980835,5.829999923706055,77800,0.0,0.0
2024-10-08 00:00:00-04:00,5.860000133514404,5.860000133514404,5.690000057220459,5.71999979019165,64000,0.0,0.0
2024-10-09 00:00:00-04:00,5.710000038146973,5.815000057220459,5.570000171661377,5.679999828338623,56600,0.0,0.0
2024-10-10 00:00:00-04:00,5.619999885559082,5.769999980926514,5.619999885559082,5.670000076293945,69500,0.0,0.0
2024-10-11 00:00:00-04:00,5.670000076293945,5.849999904632568,5.650000095367432,5.679999828338623,80400,0.0,0.0
2024-10-14 00:00:00-04:00,5.730000019073486,5.840000152587891,5.650000095367432,5.670000076293945,80200,0.0,0.0
2024-10-15 00:00:00-04:00,5.619999885559082,5.804999828338623,5.619999885559082,5.630000114440918,101700,0.0,0.0
2024-10-16 00:00:00-04:00,5.690000057220459,5.809999942779541,5.690000057220459,5.760000228881836,59700,0.0,0.0
2024-10-17 00:00:00-04:00,5.769999980926514,5.880000114440918,5.730000019073486,5.880000114440918,51200,0.0,0.0
2024-10-18 00:00:00-04:00,5.900000095367432,5.900000095367432,5.78000020980835,5.809999942779541,42100,0.0,0.0
2024-10-21 00:00:00-04:00,5.789999961853027,5.800000190734863,5.699999809265137,5.699999809265137,38700,0.0,0.0
2024-10-22 00:00:00-04:00,5.739999771118164,5.75,5.639999866485596,5.650000095367432,48100,0.0,0.0
2024-10-23 00:00:00-04:00,5.650000095367432,5.650000095367432,5.474999904632568,5.590000152587891,42300,0.0,0.0
2024-10-24 00:00:00-04:00,5.570000171661377,5.570000171661377,5.460000038146973,5.480000019073486,60500,0.0,0.0
2024-10-25 00:00:00-04:00,5.519999980926514,5.559999942779541,5.434999942779541,5.449999809265137,35300,0.0,0.0
2024-10-28 00:00:00-04:00,5.46999979019165,5.699999809265137,5.46999979019165,5.599999904632568,37200,0.0,0.0
2024-10-29 00:00:00-04:00,5.539999961853027,5.646999835968018,5.539999961853027,5.619999885559082,42100,0.0,0.0
2024-10-30 00:00:00-04:00,5.619999885559082,5.739999771118164,5.610000133514404,5.610000133514404,34900,0.0,0.0
2024-10-31 00:00:00-04:00,5.610000133514404,5.610000133514404,5.514999866485596,5.550000190734863,32200,0.0,0.0
2024-11-01 00:00:00-04:00,5.590000152587891,5.840000152587891,5.590000152587891,5.699999809265137,82700,0.0,0.0
2024-11-04 00:00:00-05:00,5.71999979019165,5.739999771118164,5.480000019073486,5.5,57000,0.0,0.0
2024-11-05 00:00:00-05:00,5.5,5.579999923706055,5.480000019073486,5.5,43500,0.0,0.0
2024-11-06 00:00:00-05:00,5.789999961853027,6.139999866485596,5.75,5.789999961853027,251000,0.0,0.0
2024-11-07 00:00:00-05:00,5.809999942779541,6.019000053405762,5.590000152587891,5.650000095367432,176200,0.0,0.0
2024-11-08 00:00:00-05:00,5.679999828338623,5.809999942779541,5.570000171661377,5.599999904632568,106300,0.0,0.0
2024-11-11 00:00:00-05:00,5.659999847412109,5.75,5.570000171661377,5.599999904632568,90500,0.0,0.0
2024-11-12 00:00:00-05:00,5.650000095367432,5.880000114440918,5.449999809265137,5.849999904632568,105400,0.0,0.0
2024-11-13 00:00:00-05:00,5.909999847412109,6.039999961853027,5.789999961853027,5.789999961853027,63200,0.0,0.0
2024-11-14 00:00:00-05:00,5.78000020980835,5.78000020980835,5.480000019073486,5.5,78000,0.0,0.0
2024-11-15 00:00:00-05:00,5.550000190734863,5.550000190734863,5.429999828338623,5.489999771118164,94800,0.0,0.0
2024-11-18 00:00:00-05:00,5.5,5.639999866485596,5.5,5.519999980926514,49300,0.0,0.0
2024-11-19 00:00:00-05:00,5.5,5.659999847412109,5.46999979019165,5.630000114440918,63100,0.0,0.0
2024-11-20 00:00:00-05:00,5.650000095367432,5.800000190734863,5.559999942779541,5.744999885559082,84200,0.0,0.0
2024-11-21 00:00:00-05:00,5.789999961853027,5.96999979019165,5.741000175476074,5.900000095367432,89200,0.0,0.0
2024-11-22 00:00:00-05:00,5.940000057220459,6.110000133514404,5.900000095367432,6.0,189900,0.0,0.0
2024-11-25 00:00:00-05:00,6.070000171661377,6.71999979019165,6.070000171661377,6.579999923706055,116700,0.0,0.0
2024-11-26 00:00:00-05:00,6.630000114440918,6.909999847412109,6.550000190734863,6.710000038146973,110000,0.0,0.0
2024-11-27 00:00:00-05:00,6.699999809265137,7.119999885559082,6.699999809265137,7.010000228881836,94100,0.0,0.0
2024-11-29 00:00:00-05:00,7.079999923706055,7.210000038146973,6.840000152587891,6.920000076293945,91600,0.0,0.0
2024-12-02 00:00:00-05:00,6.989999771118164,7.21999979019165,6.949999809265137,7.159999847412109,103300,0.0,0.0
2024-12-03 00:00:00-05:00,7.179999828338623,7.369999885559082,7.119999885559082,7.210000038146973,181000,0.0,0.0
2024-12-04 00:00:00-05:00,7.190000057220459,7.309999942779541,7.170000076293945,7.179999828338623,55800,0.0,0.0
2024-12-05 00:00:00-05:00,7.139999866485596,7.159999847412109,7.050000190734863,7.079999923706055,51700,0.0,0.0
2024-12-06 00:00:00-05:00,7.119999885559082,7.260000228881836,7.110000133514404,7.150000095367432,49200,0.0,0.0
2024-12-09 00:00:00-05:00,7.150000095367432,7.400000095367432,7.150000095367432,7.260000228881836,67000,0.0,0.0
2024-12-10 00:00:00-05:00,7.300000190734863,7.425000190734863,7.179999828338623,7.340000152587891,83100,0.0,0.0
2024-12-11 00:00:00-05:00,7.420000076293945,7.440000057220459,7.24399995803833,7.369999885559082,94800,0.0,0.0
2024-12-12 00:00:00-05:00,7.360000133514404,7.400000095367432,7.239999771118164,7.25,48500,0.0,0.0
2024-12-13 00:00:00-05:00,7.25,7.289999961853027,7.139999866485596,7.269999980926514,33900,0.0,0.0
2024-12-16 00:00:00-05:00,7.269999980926514,7.329999923706055,7.019999980926514,7.019999980926514,40300,0.0,0.0
2024-12-17 00:00:00-05:00,7.110000133514404,7.349999904632568,7.070000171661377,7.139999866485596,84400,0.0,0.0
2024-12-18 00:00:00-05:00,7.199999809265137,7.210000038146973,6.659999847412109,6.670000076293945,124200,0.0,0.0
2024-12-19 00:00:00-05:00,6.760000228881836,6.760000228881836,6.389999866485596,6.420000076293945,100000,0.0,0.0
2024-12-20 00:00:00-05:00,6.400000095367432,6.880000114440918,6.400000095367432,6.599999904632568,238200,0.0,0.0
2024-12-23 00:00:00-05:00,6.639999866485596,6.71999979019165,6.5,6.590000152587891,66900,0.0,0.0
2024-12-24 00:00:00-05:00,6.650000095367432,6.739999771118164,6.570000171661377,6.639999866485596,26700,0.0,0.0
2024-12-26 00:00:00-05:00,6.659999847412109,6.739999771118164,6.610000133514404,6.699999809265137,52500,0.0,0.0
2024-12-27 00:00:00-05:00,6.639999866485596,6.715000152587891,6.440000057220459,6.489999771118164,56400,0.0,0.0
2024-12-30 00:00:00-05:00,6.46999979019165,6.699999809265137,6.369999885559082,6.590000152587891,44400,0.0,0.0
2024-12-31 00:00:00-05:00,6.650000095367432,6.78000020980835,6.614999771118164,6.659999847412109,79998,0.0,0.0
