Date,Open,High,Low,Close,Volume,Dividends,Stock Splits
2022-01-03 00:00:00-05:00,50.5,53.79999923706055,50.20000076293945,52.599998474121094,469520,0.0,0.0
2022-01-04 00:00:00-05:00,53.79999923706055,53.900001525878906,50.29999923706055,51.400001525878906,369830,0.0,0.0
2022-01-05 00:00:00-05:00,50.900001525878906,51.349998474121094,46.95000076293945,47.099998474121094,419460,0.0,0.0
2022-01-06 00:00:00-05:00,47.099998474121094,47.79999923706055,44.290000915527344,45.70000076293945,561530,0.0,0.0
2022-01-07 00:00:00-05:00,45.900001525878906,47.25,44.099998474121094,45.20000076293945,518910,0.0,0.0
2022-01-10 00:00:00-05:00,44.900001525878906,44.900001525878906,42.400001525878906,43.900001525878906,507700,0.0,0.0
2022-01-11 00:00:00-05:00,44.400001525878906,46.400001525878906,43.5,46.0,464900,0.0,0.0
2022-01-12 00:00:00-05:00,48.099998474121094,48.5,45.0,45.29999923706055,302700,0.0,0.0
2022-01-13 00:00:00-05:00,46.5,46.88999938964844,43.29999923706055,43.5,297350,0.0,0.0
2022-01-14 00:00:00-05:00,43.099998474121094,44.45000076293945,42.099998474121094,43.5,400900,0.0,0.0
2022-01-18 00:00:00-05:00,42.599998474121094,43.0,40.20000076293945,40.29999923706055,490830,0.0,0.0
2022-01-19 00:00:00-05:00,40.599998474121094,41.400001525878906,39.599998474121094,39.900001525878906,494640,0.0,0.0
2022-01-20 00:00:00-05:00,40.79999923706055,42.150001525878906,38.29999923706055,38.5,687370,0.0,0.0
2022-01-21 00:00:00-05:00,38.0,38.599998474121094,35.04999923706055,35.099998474121094,1095890,0.0,0.0
2022-01-24 00:00:00-05:00,34.0,39.099998474121094,32.5,39.0,1258990,0.0,0.0
2022-01-25 00:00:00-05:00,37.70000076293945,39.400001525878906,36.79999923706055,38.0,596960,0.0,0.0
2022-01-26 00:00:00-05:00,39.599998474121094,41.95000076293945,38.70000076293945,38.79999923706055,740480,0.0,0.0
2022-01-27 00:00:00-05:00,39.400001525878906,39.79999923706055,34.79999923706055,35.099998474121094,795130,0.0,0.0
2022-01-28 00:00:00-05:00,35.0,37.5,34.20000076293945,37.5,488860,0.0,0.0
2022-01-31 00:00:00-05:00,37.70000076293945,41.70000076293945,37.400001525878906,40.900001525878906,736320,0.0,0.0
2022-02-01 00:00:00-05:00,41.70000076293945,43.70000076293945,39.400001525878906,43.599998474121094,644360,0.0,0.0
2022-02-02 00:00:00-05:00,43.95000076293945,43.95000076293945,39.0,39.900001525878906,620460,0.0,0.0
2022-02-03 00:00:00-05:00,38.400001525878906,38.900001525878906,36.900001525878906,37.29999923706055,424580,0.0,0.0
2022-02-04 00:00:00-05:00,37.599998474121094,39.099998474121094,37.20000076293945,38.5,519580,0.0,0.0
2022-02-07 00:00:00-05:00,38.5,42.400001525878906,38.5,40.29999923706055,487570,0.0,0.0
2022-02-08 00:00:00-05:00,40.70000076293945,42.099998474121094,40.0,41.20000076293945,548220,0.0,0.0
2022-02-09 00:00:00-05:00,41.900001525878906,43.5,40.619998931884766,42.5,883010,0.0,0.0
2022-02-10 00:00:00-05:00,40.79999923706055,45.20000076293945,40.79999923706055,42.0,768560,0.0,0.0
2022-02-11 00:00:00-05:00,42.79999923706055,44.5,40.099998474121094,40.70000076293945,660230,0.0,0.0
2022-02-14 00:00:00-05:00,40.79999923706055,42.5,39.29999923706055,39.5,462020,0.0,0.0
2022-02-15 00:00:00-05:00,40.400001525878906,44.0,40.400001525878906,43.599998474121094,546840,0.0,0.0
2022-02-16 00:00:00-05:00,42.70000076293945,44.0,41.599998474121094,42.70000076293945,509030,0.0,0.0
2022-02-17 00:00:00-05:00,42.29999923706055,42.400001525878906,40.29999923706055,40.79999923706055,333610,0.0,0.0
2022-02-18 00:00:00-05:00,40.5,41.29999923706055,38.400001525878906,39.099998474121094,503710,0.0,0.0
2022-02-22 00:00:00-05:00,38.400001525878906,40.20000076293945,37.400001525878906,37.79999923706055,496680,0.0,0.0
2022-02-23 00:00:00-05:00,38.5,38.900001525878906,36.099998474121094,36.099998474121094,432110,0.0,0.0
2022-02-24 00:00:00-05:00,34.0,39.29999923706055,33.70000076293945,39.20000076293945,664790,0.0,0.0
2022-02-25 00:00:00-05:00,39.400001525878906,39.400001525878906,37.04999923706055,38.79999923706055,363510,0.0,0.0
2022-02-28 00:00:00-05:00,41.900001525878906,43.5,40.45000076293945,41.599998474121094,1023850,0.0,0.0
2022-03-01 00:00:00-05:00,41.79999923706055,42.400001525878906,40.0,40.900001525878906,591140,0.0,0.0
2022-03-02 00:00:00-05:00,41.400001525878906,41.599998474121094,39.599998474121094,40.29999923706055,362800,0.0,0.0
2022-03-03 00:00:00-05:00,40.70000076293945,40.779998779296875,38.25,38.400001525878906,497130,0.0,0.0
2022-03-04 00:00:00-05:00,38.20000076293945,38.70000076293945,36.5,36.70000076293945,689630,0.0,0.0
2022-03-07 00:00:00-05:00,37.0,38.900001525878906,35.0,35.400001525878906,765330,0.0,0.0
2022-03-08 00:00:00-05:00,38.5,41.79999923706055,36.20000076293945,39.5,1425930,0.0,0.0
2022-03-09 00:00:00-05:00,40.099998474121094,42.79999923706055,39.95000076293945,41.79999923706055,785810,0.0,0.0
2022-03-10 00:00:00-05:00,40.79999923706055,41.400001525878906,39.349998474121094,41.29999923706055,554380,0.0,0.0
2022-03-11 00:00:00-05:00,41.79999923706055,43.59000015258789,39.95000076293945,40.0,506530,0.0,0.0
2022-03-14 00:00:00-04:00,39.900001525878906,40.0,35.400001525878906,35.599998474121094,661050,0.0,0.0
2022-03-15 00:00:00-04:00,35.79999923706055,37.95000076293945,34.22999954223633,37.900001525878906,665910,0.0,0.0
2022-03-16 00:00:00-04:00,38.79999923706055,43.900001525878906,38.29999923706055,43.900001525878906,934640,0.0,0.0
2022-03-17 00:00:00-04:00,43.29999923706055,50.0,42.70000076293945,49.900001525878906,980860,0.0,0.0
2022-03-18 00:00:00-04:00,49.29999923706055,51.5,49.099998474121094,50.0,797710,0.0,0.0
2022-03-21 00:00:00-04:00,50.099998474121094,51.29999923706055,48.54999923706055,49.5,559460,0.0,0.0
2022-03-22 00:00:00-04:00,49.599998474121094,52.20000076293945,49.5,50.599998474121094,533360,0.0,0.0
2022-03-23 00:00:00-04:00,50.0,51.79999923706055,49.400001525878906,50.70000076293945,558170,0.0,0.0
2022-03-24 00:00:00-04:00,51.20000076293945,51.599998474121094,47.0,49.20000076293945,619920,0.0,0.0
2022-03-25 00:00:00-04:00,49.099998474121094,49.20000076293945,45.599998474121094,46.099998474121094,454890,0.0,0.0
2022-03-28 00:00:00-04:00,46.099998474121094,47.900001525878906,45.599998474121094,47.400001525878906,386430,0.0,0.0
2022-03-29 00:00:00-04:00,48.79999923706055,51.599998474121094,48.31999969482422,50.79999923706055,536880,0.0,0.0
2022-03-30 00:00:00-04:00,50.5,51.79999923706055,48.5,48.70000076293945,377620,0.0,0.0
2022-03-31 00:00:00-04:00,48.70000076293945,48.79999923706055,47.150001525878906,47.400001525878906,389210,0.0,0.0
2022-04-01 00:00:00-04:00,47.79999923706055,49.5,46.599998474121094,47.400001525878906,421330,0.0,0.0
2022-04-04 00:00:00-04:00,47.599998474121094,52.79999923706055,47.5,52.099998474121094,702080,0.0,0.0
2022-04-05 00:00:00-04:00,52.29999923706055,52.79999923706055,49.20000076293945,49.29999923706055,501090,0.0,0.0
2022-04-06 00:00:00-04:00,47.70000076293945,48.54999923706055,45.79999923706055,46.70000076293945,526810,0.0,0.0
2022-04-07 00:00:00-04:00,46.5,47.45000076293945,44.54999923706055,46.099998474121094,350250,0.0,0.0
2022-04-08 00:00:00-04:00,45.900001525878906,46.0,44.25,44.400001525878906,374400,0.0,0.0
2022-04-11 00:00:00-04:00,44.0,46.29999923706055,43.599998474121094,44.70000076293945,458750,0.0,0.0
2022-04-12 00:00:00-04:00,45.70000076293945,46.79999923706055,44.5,45.0,441520,0.0,0.0
2022-04-13 00:00:00-04:00,45.20000076293945,45.29999923706055,43.70000076293945,44.29999923706055,318600,0.0,0.0
2022-04-14 00:00:00-04:00,44.29999923706055,44.66999816894531,42.150001525878906,42.599998474121094,341620,0.0,0.0
2022-04-18 00:00:00-04:00,42.400001525878906,42.599998474121094,39.70000076293945,40.29999923706055,562140,0.0,0.0
2022-04-19 00:00:00-04:00,40.099998474121094,42.0,39.849998474121094,40.900001525878906,409350,0.0,0.0
2022-04-20 00:00:00-04:00,41.0,41.150001525878906,39.599998474121094,40.0,274610,0.0,0.0
2022-04-21 00:00:00-04:00,40.79999923706055,41.70000076293945,38.400001525878906,38.900001525878906,464810,0.0,0.0
2022-04-22 00:00:00-04:00,38.5,39.29999923706055,37.29999923706055,38.29999923706055,437290,0.0,0.0
2022-04-25 00:00:00-04:00,38.099998474121094,39.0,37.0,38.900001525878906,372600,0.0,0.0
2022-04-26 00:00:00-04:00,38.400001525878906,38.68000030517578,36.20000076293945,36.29999923706055,462060,0.0,0.0
2022-04-27 00:00:00-04:00,36.20000076293945,37.290000915527344,35.099998474121094,35.400001525878906,458480,0.0,0.0
2022-04-28 00:00:00-04:00,36.0,36.70000076293945,33.650001525878906,36.5,498520,0.0,0.0
2022-04-29 00:00:00-04:00,36.099998474121094,37.79999923706055,34.900001525878906,35.099998474121094,435510,0.0,0.0
2022-05-02 00:00:00-04:00,35.099998474121094,36.54999923706055,34.45000076293945,36.29999923706055,615400,0.0,0.0
2022-05-03 00:00:00-04:00,35.79999923706055,36.09000015258789,34.29999923706055,35.099998474121094,521460,0.0,0.0
2022-05-04 00:00:00-04:00,38.0,40.849998474121094,36.5,40.400001525878906,945600,0.0,0.0
2022-05-05 00:00:00-04:00,41.0,41.66999816894531,39.099998474121094,40.5,788810,0.0,0.0
2022-05-06 00:00:00-04:00,41.400001525878906,41.599998474121094,37.900001525878906,39.900001525878906,802580,0.0,0.0
2022-05-09 00:00:00-04:00,38.900001525878906,38.900001525878906,33.70000076293945,34.20000076293945,884020,0.0,0.0
2022-05-10 00:00:00-04:00,27.100000381469727,27.200000762939453,12.600000381469727,13.300000190734863,8273560,0.0,0.0
2022-05-11 00:00:00-04:00,14.300000190734863,15.600000381469727,13.0,14.399999618530273,6540980,0.0,0.0
2022-05-12 00:00:00-04:00,14.399999618530273,16.200000762939453,13.800000190734863,16.0,3122720,0.0,0.0
2022-05-13 00:00:00-04:00,17.399999618530273,19.299999237060547,16.399999618530273,18.799999237060547,3272000,0.0,0.0
2022-05-16 00:00:00-04:00,19.0,20.700000762939453,18.799999237060547,19.200000762939453,2508160,0.0,0.0
2022-05-17 00:00:00-04:00,20.0,20.899999618530273,19.299999237060547,20.600000381469727,999750,0.0,0.0
2022-05-18 00:00:00-04:00,20.200000762939453,21.700000762939453,19.899999618530273,20.100000381469727,1162530,0.0,0.0
2022-05-19 00:00:00-04:00,20.0,21.5,19.81999969482422,20.899999618530273,894840,0.0,0.0
2022-05-20 00:00:00-04:00,21.5,21.5,19.100000381469727,20.299999237060547,837830,0.0,0.0
2022-05-23 00:00:00-04:00,20.100000381469727,20.899999618530273,18.799999237060547,20.5,967630,0.0,0.0
2022-05-24 00:00:00-04:00,20.0,20.100000381469727,17.299999237060547,18.0,860320,0.0,0.0
2022-05-25 00:00:00-04:00,17.700000762939453,18.799999237060547,17.600000381469727,18.600000381469727,635860,0.0,0.0
2022-05-26 00:00:00-04:00,18.399999618530273,19.700000762939453,18.100000381469727,19.0,431030,0.0,0.0
2022-05-27 00:00:00-04:00,19.299999237060547,21.200000762939453,19.049999237060547,21.0,692340,0.0,0.0
2022-05-31 00:00:00-04:00,21.0,21.549999237060547,20.200000762939453,20.5,528220,0.0,0.0
2022-06-01 00:00:00-04:00,20.799999237060547,21.600000381469727,19.200000762939453,19.299999237060547,568960,0.0,0.0
2022-06-02 00:00:00-04:00,19.5,21.799999237060547,19.100000381469727,21.700000762939453,858200,0.0,0.0
2022-06-03 00:00:00-04:00,20.899999618530273,22.0,20.799999237060547,20.899999618530273,409150,0.0,0.0
2022-06-06 00:00:00-04:00,21.5,22.399999618530273,20.299999237060547,20.5,724070,0.0,0.0
2022-06-07 00:00:00-04:00,20.0,22.5,20.0,22.5,1249600,0.0,0.0
2022-06-08 00:00:00-04:00,22.200000762939453,23.5,21.700000762939453,22.299999237060547,585360,0.0,0.0
2022-06-09 00:00:00-04:00,22.5,24.299999237060547,22.0,23.299999237060547,1015690,0.0,0.0
2022-06-10 00:00:00-04:00,21.899999618530273,22.799999237060547,20.899999618530273,21.200000762939453,451670,0.0,0.0
2022-06-13 00:00:00-04:00,20.299999237060547,20.799999237060547,18.5,18.799999237060547,832280,0.0,0.0
2022-06-14 00:00:00-04:00,19.5,19.899999618530273,18.399999618530273,19.5,553820,0.0,0.0
2022-06-15 00:00:00-04:00,20.0,21.5,19.5,21.100000381469727,627300,0.0,0.0
2022-06-16 00:00:00-04:00,20.200000762939453,21.450000762939453,19.799999237060547,20.899999618530273,623300,0.0,0.0
2022-06-17 00:00:00-04:00,21.100000381469727,23.149999618530273,20.899999618530273,22.600000381469727,1251750,0.0,0.0
2022-06-21 00:00:00-04:00,23.0,25.899999618530273,22.700000762939453,23.799999237060547,614970,0.0,0.0
2022-06-22 00:00:00-04:00,23.0,25.299999237060547,22.899999618530273,24.600000381469727,594450,0.0,0.0
2022-06-23 00:00:00-04:00,25.100000381469727,26.100000381469727,24.600000381469727,25.700000762939453,556720,0.0,0.0
2022-06-24 00:00:00-04:00,26.0,27.399999618530273,25.399999618530273,25.5,1738820,0.0,0.0
2022-06-27 00:00:00-04:00,25.799999237060547,25.899999618530273,22.899999618530273,23.100000381469727,573040,0.0,0.0
2022-06-28 00:00:00-04:00,23.399999618530273,23.799999237060547,21.5,22.299999237060547,501950,0.0,0.0
2022-06-29 00:00:00-04:00,22.0,22.149999618530273,20.799999237060547,21.5,441700,0.0,0.0
2022-06-30 00:00:00-04:00,20.700000762939453,22.100000381469727,20.299999237060547,22.0,810720,0.0,0.0
2022-07-01 00:00:00-04:00,22.0,22.200000762939453,20.5,21.0,406660,0.0,0.0
2022-07-05 00:00:00-04:00,20.649999618530273,22.700000762939453,19.700000762939453,22.700000762939453,505430,0.0,0.0
2022-07-06 00:00:00-04:00,22.5,23.200000762939453,21.299999237060547,21.5,533060,0.0,0.0
2022-07-07 00:00:00-04:00,22.0,24.299999237060547,21.899999618530273,23.799999237060547,1360360,0.0,0.0
2022-07-08 00:00:00-04:00,23.100000381469727,26.0,23.100000381469727,25.100000381469727,514120,0.0,0.0
2022-07-11 00:00:00-04:00,25.100000381469727,25.399999618530273,22.700000762939453,22.700000762939453,330600,0.0,0.0
2022-07-12 00:00:00-04:00,23.200000762939453,24.399999618530273,22.200000762939453,24.200000762939453,434250,0.0,0.0
2022-07-13 00:00:00-04:00,23.0,24.299999237060547,22.399999618530273,23.899999618530273,439010,0.0,0.0
2022-07-14 00:00:00-04:00,23.0,23.899999618530273,22.600000381469727,23.100000381469727,333190,0.0,0.0
2022-07-15 00:00:00-04:00,23.5,24.600000381469727,22.5,24.600000381469727,417510,0.0,0.0
2022-07-18 00:00:00-04:00,25.0,26.489999771118164,24.100000381469727,24.200000762939453,437330,0.0,0.0
2022-07-19 00:00:00-04:00,24.799999237060547,25.600000381469727,24.399999618530273,25.100000381469727,1155340,0.0,0.0
2022-07-20 00:00:00-04:00,25.200000762939453,27.100000381469727,25.200000762939453,26.100000381469727,1098470,0.0,0.0
2022-07-21 00:00:00-04:00,25.700000762939453,26.75,25.200000762939453,26.399999618530273,301090,0.0,0.0
2022-07-22 00:00:00-04:00,26.5,26.600000381469727,24.0,24.299999237060547,363390,0.0,0.0
2022-07-25 00:00:00-04:00,24.299999237060547,24.399999618530273,22.700000762939453,22.899999618530273,373980,0.0,0.0
2022-07-26 00:00:00-04:00,22.700000762939453,22.899999618530273,20.200000762939453,20.799999237060547,539540,0.0,0.0
2022-07-27 00:00:00-04:00,21.299999237060547,21.600000381469727,20.600000381469727,21.5,479420,0.0,0.0
2022-07-28 00:00:00-04:00,21.5,21.799999237060547,20.399999618530273,21.399999618530273,371780,0.0,0.0
2022-07-29 00:00:00-04:00,21.399999618530273,21.399999618530273,20.299999237060547,21.299999237060547,343450,0.0,0.0
2022-08-01 00:00:00-04:00,20.899999618530273,21.399999618530273,20.5,21.299999237060547,273830,0.0,0.0
2022-08-02 00:00:00-04:00,21.100000381469727,23.299999237060547,21.100000381469727,22.5,610160,0.0,0.0
2022-08-03 00:00:00-04:00,22.600000381469727,23.600000381469727,22.399999618530273,23.399999618530273,355910,0.0,0.0
2022-08-04 00:00:00-04:00,23.299999237060547,25.0,23.299999237060547,24.200000762939453,344460,0.0,0.0
2022-08-05 00:00:00-04:00,23.5,24.5,23.0,24.100000381469727,323900,0.0,0.0
2022-08-08 00:00:00-04:00,24.600000381469727,26.399999618530273,23.899999618530273,25.899999618530273,589790,0.0,0.0
2022-08-09 00:00:00-04:00,27.200000762939453,28.18000030517578,25.200000762939453,26.200000762939453,733560,0.0,0.0
2022-08-10 00:00:00-04:00,27.5,30.700000762939453,26.700000762939453,29.899999618530273,2756540,0.0,0.0
2022-08-11 00:00:00-04:00,31.200000762939453,32.29999923706055,28.309999465942383,31.600000381469727,1457880,0.0,0.0
2022-08-12 00:00:00-04:00,32.20000076293945,33.599998474121094,30.799999237060547,33.400001525878906,838440,0.0,0.0
2022-08-15 00:00:00-04:00,32.900001525878906,33.400001525878906,32.0,32.900001525878906,454370,0.0,0.0
2022-08-16 00:00:00-04:00,33.0,33.900001525878906,30.600000381469727,33.400001525878906,646170,0.0,0.0
2022-08-17 00:00:00-04:00,31.700000762939453,33.20000076293945,31.299999237060547,32.70000076293945,655070,0.0,0.0
2022-08-18 00:00:00-04:00,32.5,35.900001525878906,32.5,35.20000076293945,856940,0.0,0.0
2022-08-19 00:00:00-04:00,34.20000076293945,34.599998474121094,32.29999923706055,32.5,782550,0.0,0.0
2022-08-22 00:00:00-04:00,31.899999618530273,33.0,31.100000381469727,32.099998474121094,458650,0.0,0.0
2022-08-23 00:00:00-04:00,32.29999923706055,33.20000076293945,31.299999237060547,32.0,368500,0.0,0.0
2022-08-24 00:00:00-04:00,32.29999923706055,35.70000076293945,32.29999923706055,34.400001525878906,432680,0.0,0.0
2022-08-25 00:00:00-04:00,34.79999923706055,36.5,34.0,35.79999923706055,577940,0.0,0.0
2022-08-26 00:00:00-04:00,35.900001525878906,36.099998474121094,33.5,33.79999923706055,384100,0.0,0.0
2022-08-29 00:00:00-04:00,32.900001525878906,34.599998474121094,32.29999923706055,32.5,233610,0.0,0.0
2022-08-30 00:00:00-04:00,33.20000076293945,34.599998474121094,31.709999084472656,32.0,339610,0.0,0.0
2022-08-31 00:00:00-04:00,32.20000076293945,33.15999984741211,31.110000610351562,31.799999237060547,333830,0.0,0.0
2022-09-01 00:00:00-04:00,31.700000762939453,32.29999923706055,29.5,30.700000762939453,401170,0.0,0.0
2022-09-02 00:00:00-04:00,32.20000076293945,32.4900016784668,30.100000381469727,30.399999618530273,408460,0.0,0.0
2022-09-06 00:00:00-04:00,30.399999618530273,31.25,29.299999237060547,30.399999618530273,311880,0.0,0.0
2022-09-07 00:00:00-04:00,30.100000381469727,33.29999923706055,30.100000381469727,33.29999923706055,280870,0.0,0.0
2022-09-08 00:00:00-04:00,32.5,36.0,32.29999923706055,34.900001525878906,564360,0.0,0.0
2022-09-09 00:00:00-04:00,35.20000076293945,36.09000015258789,34.650001525878906,35.0,315210,0.0,0.0
2022-09-12 00:00:00-04:00,35.400001525878906,36.5,32.0,35.400001525878906,586790,0.0,0.0
2022-09-13 00:00:00-04:00,33.0,34.5,32.5,32.79999923706055,314710,0.0,0.0
2022-09-14 00:00:00-04:00,32.599998474121094,33.599998474121094,31.600000381469727,33.5,318360,0.0,0.0
2022-09-15 00:00:00-04:00,33.0,35.0,32.70000076293945,33.79999923706055,283690,0.0,0.0
2022-09-16 00:00:00-04:00,32.79999923706055,33.0,31.799999237060547,31.899999618530273,491330,0.0,0.0
2022-09-19 00:00:00-04:00,30.799999237060547,31.600000381469727,30.100000381469727,30.700000762939453,330680,0.0,0.0
2022-09-20 00:00:00-04:00,30.200000762939453,31.299999237060547,29.600000381469727,30.100000381469727,229670,0.0,0.0
2022-09-21 00:00:00-04:00,30.399999618530273,30.989999771118164,29.100000381469727,29.600000381469727,336630,0.0,0.0
2022-09-22 00:00:00-04:00,29.600000381469727,29.850000381469727,25.100000381469727,25.899999618530273,811410,0.0,0.0
2022-09-23 00:00:00-04:00,25.0,25.700000762939453,23.899999618530273,24.899999618530273,390620,0.0,0.0
2022-09-26 00:00:00-04:00,24.600000381469727,26.200000762939453,23.93000030517578,24.299999237060547,364740,0.0,0.0
2022-09-27 00:00:00-04:00,25.0,26.0,24.5,25.299999237060547,306250,0.0,0.0
2022-09-28 00:00:00-04:00,25.5,27.200000762939453,25.299999237060547,26.899999618530273,653250,0.0,0.0
2022-09-29 00:00:00-04:00,26.100000381469727,26.489999771118164,24.600000381469727,25.5,318560,0.0,0.0
2022-09-30 00:00:00-04:00,25.799999237060547,26.799999237060547,25.5,25.899999618530273,324930,0.0,0.0
2022-10-03 00:00:00-04:00,26.100000381469727,27.100000381469727,25.600000381469727,26.799999237060547,256620,0.0,0.0
2022-10-04 00:00:00-04:00,27.799999237060547,28.5,27.149999618530273,28.200000762939453,374660,0.0,0.0
2022-10-05 00:00:00-04:00,27.399999618530273,28.0,26.799999237060547,27.700000762939453,214930,0.0,0.0
2022-10-06 00:00:00-04:00,27.700000762939453,28.940000534057617,27.5,28.200000762939453,220890,0.0,0.0
2022-10-07 00:00:00-04:00,27.600000381469727,27.649999618530273,25.799999237060547,25.799999237060547,218820,0.0,0.0
2022-10-10 00:00:00-04:00,25.700000762939453,25.799999237060547,23.600000381469727,24.399999618530273,298530,0.0,0.0
2022-10-11 00:00:00-04:00,24.0,25.200000762939453,22.899999618530273,24.399999618530273,260760,0.0,0.0
2022-10-12 00:00:00-04:00,24.5,24.700000762939453,23.25,23.700000762939453,289660,0.0,0.0
2022-10-13 00:00:00-04:00,22.5,24.950000762939453,22.399999618530273,24.799999237060547,301740,0.0,0.0
2022-10-14 00:00:00-04:00,25.200000762939453,25.700000762939453,22.799999237060547,22.899999618530273,311380,0.0,0.0
2022-10-17 00:00:00-04:00,23.899999618530273,25.25,23.700000762939453,24.700000762939453,276970,0.0,0.0
2022-10-18 00:00:00-04:00,26.0,26.399999618530273,24.350000381469727,25.200000762939453,573440,0.0,0.0
2022-10-19 00:00:00-04:00,24.600000381469727,24.899999618530273,23.799999237060547,23.899999618530273,198930,0.0,0.0
2022-10-20 00:00:00-04:00,23.799999237060547,25.399999618530273,23.5,24.0,234720,0.0,0.0
2022-10-21 00:00:00-04:00,23.899999618530273,25.0,23.5,25.0,169890,0.0,0.0
2022-10-24 00:00:00-04:00,25.299999237060547,25.299999237060547,23.0,24.0,348400,0.0,0.0
2022-10-25 00:00:00-04:00,24.100000381469727,25.68000030517578,23.799999237060547,25.399999618530273,464560,0.0,0.0
2022-10-26 00:00:00-04:00,25.200000762939453,26.5,24.600000381469727,25.299999237060547,391180,0.0,0.0
2022-10-27 00:00:00-04:00,25.600000381469727,26.5,24.5,24.5,237520,0.0,0.0
2022-10-28 00:00:00-04:00,24.799999237060547,26.200000762939453,24.100000381469727,26.200000762939453,282230,0.0,0.0
2022-10-31 00:00:00-04:00,26.299999237060547,26.56999969482422,24.899999618530273,25.299999237060547,745290,0.0,0.0
2022-11-01 00:00:00-04:00,26.100000381469727,26.950000762939453,25.299999237060547,25.5,290450,0.0,0.0
2022-11-02 00:00:00-04:00,25.200000762939453,26.799999237060547,24.399999618530273,24.799999237060547,329720,0.0,0.0
2022-11-03 00:00:00-04:00,24.0,25.450000762939453,23.799999237060547,24.899999618530273,182270,0.0,0.0
2022-11-04 00:00:00-04:00,25.600000381469727,26.0,24.110000610351562,24.899999618530273,240880,0.0,0.0
2022-11-07 00:00:00-05:00,25.0,25.399999618530273,23.5,23.899999618530273,277570,0.0,0.0
2022-11-08 00:00:00-05:00,24.399999618530273,24.600000381469727,22.899999618530273,23.899999618530273,374760,0.0,0.0
2022-11-09 00:00:00-05:00,23.399999618530273,23.5,21.399999618530273,21.899999618530273,422800,0.0,0.0
2022-11-10 00:00:00-05:00,20.299999237060547,21.399999618530273,19.0,19.299999237060547,901700,0.0,0.0
2022-11-11 00:00:00-05:00,20.0,21.600000381469727,18.899999618530273,21.600000381469727,546110,0.0,0.0
2022-11-14 00:00:00-05:00,21.600000381469727,22.899999618530273,21.31999969482422,21.899999618530273,374510,0.0,0.0
2022-11-15 00:00:00-05:00,23.0,25.049999237060547,22.600000381469727,24.600000381469727,444900,0.0,0.0
2022-11-16 00:00:00-05:00,24.200000762939453,24.299999237060547,22.5,23.299999237060547,381160,0.0,0.0
2022-11-17 00:00:00-05:00,22.5,22.700000762939453,21.0,21.399999618530273,367540,0.0,0.0
2022-11-18 00:00:00-05:00,22.299999237060547,22.299999237060547,21.0,21.200000762939453,288570,0.0,0.0
2022-11-21 00:00:00-05:00,21.299999237060547,21.389999389648438,20.200000762939453,20.299999237060547,285780,0.0,0.0
2022-11-22 00:00:00-05:00,20.5,20.600000381469727,19.399999618530273,20.100000381469727,231730,0.0,0.0
2022-11-23 00:00:00-05:00,20.200000762939453,20.600000381469727,19.899999618530273,20.299999237060547,131520,0.0,0.0
2022-11-25 00:00:00-05:00,20.600000381469727,20.600000381469727,20.100000381469727,20.399999618530273,110960,0.0,0.0
2022-11-28 00:00:00-05:00,20.399999618530273,20.799999237060547,18.899999618530273,19.100000381469727,258110,0.0,0.0
2022-11-29 00:00:00-05:00,20.399999618530273,20.399999618530273,19.299999237060547,19.899999618530273,280790,0.0,0.0
2022-11-30 00:00:00-05:00,20.0,20.600000381469727,19.399999618530273,20.5,324220,0.0,0.0
2022-12-01 00:00:00-05:00,20.5,21.299999237060547,19.700000762939453,19.799999237060547,198670,0.0,0.0
2022-12-02 00:00:00-05:00,19.299999237060547,19.700000762939453,18.899999618530273,19.399999618530273,229240,0.0,0.0
2022-12-05 00:00:00-05:00,19.600000381469727,19.799999237060547,18.5,18.700000762939453,282160,0.0,0.0
2022-12-06 00:00:00-05:00,19.0,19.0,17.600000381469727,17.700000762939453,331360,0.0,0.0
2022-12-07 00:00:00-05:00,17.5,18.100000381469727,17.100000381469727,17.700000762939453,211590,0.0,0.0
2022-12-08 00:00:00-05:00,17.799999237060547,18.399999618530273,17.5,17.5,224940,0.0,0.0
2022-12-09 00:00:00-05:00,17.299999237060547,17.799999237060547,16.799999237060547,16.899999618530273,239280,0.0,0.0
2022-12-12 00:00:00-05:00,17.0,17.649999618530273,16.600000381469727,17.200000762939453,237860,0.0,0.0
2022-12-13 00:00:00-05:00,18.299999237060547,19.18000030517578,16.25,16.5,1145780,0.0,0.0
2022-12-14 00:00:00-05:00,16.5,16.799999237060547,15.5,15.600000381469727,480800,0.0,0.0
2022-12-15 00:00:00-05:00,15.300000190734863,15.300000190734863,14.399999618530273,14.800000190734863,593820,0.0,0.0
2022-12-16 00:00:00-05:00,14.600000381469727,15.100000381469727,13.5,13.899999618530273,802140,0.0,0.0
2022-12-19 00:00:00-05:00,14.100000381469727,14.300000190734863,12.699999809265137,13.100000381469727,415170,0.0,0.0
2022-12-20 00:00:00-05:00,13.0,13.699999809265137,12.300000190734863,12.300000190734863,438720,0.0,0.0
2022-12-21 00:00:00-05:00,12.399999618530273,13.390000343322754,12.199999809265137,13.0,257840,0.0,0.0
2022-12-22 00:00:00-05:00,13.0,13.100000381469727,11.699999809265137,12.300000190734863,346790,0.0,0.0
2022-12-23 00:00:00-05:00,12.100000381469727,12.600000381469727,11.800000190734863,12.199999809265137,216970,0.0,0.0
2022-12-27 00:00:00-05:00,12.199999809265137,12.199999809265137,11.5,11.5,390040,0.0,0.0
2022-12-28 00:00:00-05:00,11.5,12.300000190734863,11.300000190734863,11.800000190734863,312920,0.0,0.0
2022-12-29 00:00:00-05:00,12.0,13.699999809265137,11.989999771118164,13.5,437610,0.0,0.0
2022-12-30 00:00:00-05:00,13.100000381469727,13.899999618530273,12.899999618530273,13.600000381469727,425340,0.0,0.0
2023-01-03 00:00:00-05:00,14.300000190734863,14.300000190734863,13.100000381469727,13.5,294320,0.0,0.0
2023-01-04 00:00:00-05:00,13.899999618530273,14.5,13.699999809265137,14.0,211280,0.0,0.0
2023-01-05 00:00:00-05:00,14.100000381469727,14.100000381469727,13.399999618530273,13.899999618530273,179270,0.0,0.0
2023-01-06 00:00:00-05:00,14.0,14.350000381469727,13.199999809265137,14.199999809265137,210110,0.0,0.0
2023-01-09 00:00:00-05:00,14.300000190734863,15.199999809265137,14.25,14.600000381469727,235300,0.0,0.0
2023-01-10 00:00:00-05:00,14.600000381469727,15.600000381469727,14.5,15.5,219280,0.0,0.0
2023-01-11 00:00:00-05:00,15.899999618530273,16.899999618530273,15.5,16.100000381469727,302630,0.0,0.0
2023-01-12 00:00:00-05:00,16.299999237060547,17.200000762939453,15.699999809265137,17.100000381469727,386190,0.0,0.0
2023-01-13 00:00:00-05:00,16.700000762939453,18.600000381469727,16.700000762939453,18.200000762939453,401110,0.0,0.0
2023-01-17 00:00:00-05:00,19.200000762939453,19.5,18.0,18.799999237060547,552490,0.0,0.0
2023-01-18 00:00:00-05:00,19.299999237060547,19.299999237060547,17.299999237060547,17.700000762939453,540030,0.0,0.0
2023-01-19 00:00:00-05:00,17.299999237060547,17.600000381469727,16.5,17.0,422030,0.0,0.0
2023-01-20 00:00:00-05:00,17.5,18.799999237060547,16.75,18.700000762939453,463420,0.0,0.0
2023-01-23 00:00:00-05:00,18.600000381469727,19.100000381469727,18.100000381469727,18.700000762939453,262850,0.0,0.0
2023-01-24 00:00:00-05:00,18.700000762939453,18.899999618530273,17.5,18.0,192190,0.0,0.0
2023-01-25 00:00:00-05:00,17.600000381469727,18.100000381469727,17.0,17.799999237060547,208890,0.0,0.0
2023-01-26 00:00:00-05:00,17.899999618530273,18.299999237060547,17.0,17.700000762939453,244380,0.0,0.0
2023-01-27 00:00:00-05:00,17.5,18.700000762939453,17.25,18.5,394790,0.0,0.0
2023-01-30 00:00:00-05:00,18.0,18.600000381469727,17.5,17.5,230110,0.0,0.0
2023-01-31 00:00:00-05:00,17.5,17.799999237060547,16.100000381469727,16.799999237060547,646500,0.0,0.0
2023-02-01 00:00:00-05:00,16.899999618530273,19.0,16.799999237060547,18.600000381469727,463970,0.0,0.0
2023-02-02 00:00:00-05:00,20.799999237060547,23.190000534057617,20.450000762939453,22.200000762939453,1293230,0.0,0.0
2023-02-03 00:00:00-05:00,21.200000762939453,22.799999237060547,20.5,21.299999237060547,413980,0.0,0.0
2023-02-06 00:00:00-05:00,20.899999618530273,21.399999618530273,20.229999542236328,20.600000381469727,276590,0.0,0.0
2023-02-07 00:00:00-05:00,20.399999618530273,20.600000381469727,19.600000381469727,20.100000381469727,281450,0.0,0.0
2023-02-08 00:00:00-05:00,20.0,20.700000762939453,19.399999618530273,19.5,198230,0.0,0.0
2023-02-09 00:00:00-05:00,19.5,19.600000381469727,17.299999237060547,17.600000381469727,284580,0.0,0.0
2023-02-10 00:00:00-05:00,17.299999237060547,17.5,16.600000381469727,17.299999237060547,198810,0.0,0.0
2023-02-13 00:00:00-05:00,17.299999237060547,18.0,16.799999237060547,17.799999237060547,220720,0.0,0.0
2023-02-14 00:00:00-05:00,17.5,18.399999618530273,17.020000457763672,18.0,245270,0.0,0.0
2023-02-15 00:00:00-05:00,17.700000762939453,18.700000762939453,17.350000381469727,18.399999618530273,260230,0.0,0.0
2023-02-16 00:00:00-05:00,18.0,18.799999237060547,17.450000762939453,18.0,164760,0.0,0.0
2023-02-17 00:00:00-05:00,18.0,18.0,17.200000762939453,17.799999237060547,185010,0.0,0.0
2023-02-21 00:00:00-05:00,17.0,17.5,16.0,16.100000381469727,261560,0.0,0.0
2023-02-22 00:00:00-05:00,16.200000762939453,16.600000381469727,15.5,16.399999618530273,232770,0.0,0.0
2023-02-23 00:00:00-05:00,16.600000381469727,16.700000762939453,15.699999809265137,16.200000762939453,224790,0.0,0.0
2023-02-24 00:00:00-05:00,15.5,15.800000190734863,14.600000381469727,14.899999618530273,439660,0.0,0.0
2023-02-27 00:00:00-05:00,15.0,15.5,14.600000381469727,14.800000190734863,234730,0.0,0.0
2023-02-28 00:00:00-05:00,15.0,15.850000381469727,14.399999618530273,15.199999809265137,288040,0.0,0.0
2023-03-01 00:00:00-05:00,15.899999618530273,15.899999618530273,14.800000190734863,15.0,260410,0.0,0.0
2023-03-02 00:00:00-05:00,18.899999618530273,21.200000762939453,17.350000381469727,20.399999618530273,3636150,0.0,0.0
2023-03-03 00:00:00-05:00,19.899999618530273,24.0,19.799999237060547,22.5,1652420,0.0,0.0
2023-03-06 00:00:00-05:00,22.0,25.350000381469727,22.0,24.0,1024300,0.0,0.0
2023-03-07 00:00:00-05:00,23.799999237060547,25.5,22.600000381469727,23.0,533160,0.0,0.0
2023-03-08 00:00:00-05:00,22.700000762939453,25.200000762939453,22.5,24.799999237060547,630340,0.0,0.0
2023-03-09 00:00:00-05:00,24.600000381469727,25.100000381469727,21.200000762939453,21.899999618530273,558330,0.0,0.0
2023-03-10 00:00:00-05:00,21.899999618530273,22.649999618530273,20.200000762939453,20.799999237060547,506220,0.0,0.0
2023-03-13 00:00:00-04:00,19.649999618530273,22.200000762939453,19.299999237060547,21.700000762939453,458550,0.0,0.0
2023-03-14 00:00:00-04:00,22.100000381469727,22.700000762939453,20.899999618530273,21.100000381469727,292330,0.0,0.0
2023-03-15 00:00:00-04:00,20.5,21.899999618530273,19.799999237060547,21.700000762939453,298520,0.0,0.0
2023-03-16 00:00:00-04:00,21.600000381469727,22.899999618530273,20.899999618530273,22.5,280560,0.0,0.0
2023-03-17 00:00:00-04:00,22.700000762939453,22.700000762939453,20.020000457763672,20.600000381469727,603540,0.0,0.0
2023-03-20 00:00:00-04:00,20.200000762939453,20.799999237060547,19.700000762939453,20.0,307290,0.0,0.0
2023-03-21 00:00:00-04:00,20.299999237060547,22.5,20.100000381469727,22.100000381469727,360770,0.0,0.0
2023-03-22 00:00:00-04:00,21.799999237060547,22.5,21.100000381469727,21.200000762939453,246510,0.0,0.0
2023-03-23 00:00:00-04:00,21.700000762939453,21.950000762939453,20.600000381469727,21.299999237060547,215810,0.0,0.0
2023-03-24 00:00:00-04:00,21.0,22.100000381469727,20.649999618530273,21.100000381469727,276310,0.0,0.0
2023-03-27 00:00:00-04:00,21.100000381469727,21.5,20.299999237060547,20.899999618530273,203820,0.0,0.0
2023-03-28 00:00:00-04:00,20.700000762939453,21.5,20.5,20.899999618530273,166680,0.0,0.0
2023-03-29 00:00:00-04:00,21.100000381469727,22.450000762939453,20.899999618530273,22.299999237060547,336010,0.0,0.0
2023-03-30 00:00:00-04:00,22.5,24.100000381469727,22.299999237060547,22.5,324090,0.0,0.0
2023-03-31 00:00:00-04:00,22.700000762939453,23.5,22.200000762939453,23.0,321760,0.0,0.0
2023-04-03 00:00:00-04:00,22.700000762939453,23.549999237060547,21.799999237060547,23.0,249600,0.0,0.0
2023-04-04 00:00:00-04:00,23.0,23.200000762939453,21.549999237060547,22.200000762939453,216430,0.0,0.0
2023-04-05 00:00:00-04:00,21.799999237060547,21.899999618530273,20.700000762939453,21.299999237060547,234940,0.0,0.0
2023-04-06 00:00:00-04:00,21.299999237060547,21.299999237060547,20.200000762939453,20.200000762939453,188930,0.0,0.0
2023-04-10 00:00:00-04:00,20.200000762939453,22.799999237060547,20.200000762939453,22.5,394660,0.0,0.0
2023-04-11 00:00:00-04:00,22.5,23.5,22.450000762939453,23.299999237060547,234670,0.0,0.0
2023-04-12 00:00:00-04:00,23.5,23.700000762939453,21.950000762939453,22.5,164490,0.0,0.0
2023-04-13 00:00:00-04:00,22.700000762939453,23.5,22.399999618530273,22.700000762939453,156800,0.0,0.0
2023-04-14 00:00:00-04:00,22.700000762939453,22.889999389648438,21.799999237060547,22.0,130230,0.0,0.0
2023-04-17 00:00:00-04:00,21.899999618530273,22.200000762939453,21.5,21.799999237060547,130780,0.0,0.0
2023-04-18 00:00:00-04:00,22.100000381469727,22.100000381469727,21.0,21.399999618530273,213350,0.0,0.0
2023-04-19 00:00:00-04:00,21.0,22.0,20.700000762939453,21.899999618530273,274090,0.0,0.0
2023-04-20 00:00:00-04:00,21.5,21.549999237060547,20.399999618530273,20.899999618530273,256640,0.0,0.0
2023-04-21 00:00:00-04:00,21.0,21.299999237060547,20.600000381469727,21.200000762939453,181820,0.0,0.0
2023-04-24 00:00:00-04:00,21.200000762939453,22.399999618530273,20.899999618530273,22.399999618530273,232360,0.0,0.0
2023-04-25 00:00:00-04:00,22.0,22.25,21.299999237060547,21.700000762939453,185320,0.0,0.0
2023-04-26 00:00:00-04:00,21.700000762939453,22.0,21.200000762939453,21.700000762939453,244170,0.0,0.0
2023-04-27 00:00:00-04:00,22.0,22.350000381469727,21.5,22.0,179140,0.0,0.0
2023-04-28 00:00:00-04:00,22.0,22.299999237060547,21.5,22.0,212120,0.0,0.0
2023-05-01 00:00:00-04:00,21.700000762939453,22.600000381469727,21.100000381469727,21.5,273330,0.0,0.0
2023-05-02 00:00:00-04:00,21.299999237060547,21.5,20.799999237060547,21.0,296550,0.0,0.0
2023-05-03 00:00:00-04:00,20.600000381469727,20.799999237060547,19.200000762939453,19.200000762939453,585780,0.0,0.0
2023-05-04 00:00:00-04:00,19.299999237060547,19.399999618530273,17.600000381469727,17.799999237060547,628150,0.0,0.0
2023-05-05 00:00:00-04:00,18.0,18.200000762939453,17.299999237060547,17.5,1005090,0.0,0.0
2023-05-08 00:00:00-04:00,17.5,17.600000381469727,16.200000762939453,17.0,458730,0.0,0.0
2023-05-09 00:00:00-04:00,16.600000381469727,17.600000381469727,16.600000381469727,17.5,277300,0.0,0.0
2023-05-10 00:00:00-04:00,18.0,19.399999618530273,18.0,19.0,532490,0.0,0.0
2023-05-11 00:00:00-04:00,16.899999618530273,17.899999618530273,15.399999618530273,17.899999618530273,789000,0.0,0.0
2023-05-12 00:00:00-04:00,17.600000381469727,17.899999618530273,16.600000381469727,17.100000381469727,304230,0.0,0.0
2023-05-15 00:00:00-04:00,16.899999618530273,17.600000381469727,16.5,17.5,279730,0.0,0.0
2023-05-16 00:00:00-04:00,17.200000762939453,17.700000762939453,16.899999618530273,17.399999618530273,325640,0.0,0.0
2023-05-17 00:00:00-04:00,17.600000381469727,17.889999389648438,17.200000762939453,17.700000762939453,270200,0.0,0.0
2023-05-18 00:00:00-04:00,17.600000381469727,17.799999237060547,17.200000762939453,17.600000381469727,201790,0.0,0.0
2023-05-19 00:00:00-04:00,17.700000762939453,18.0,16.649999618530273,17.100000381469727,331310,0.0,0.0
2023-05-22 00:00:00-04:00,17.0,18.700000762939453,16.709999084472656,18.700000762939453,325950,0.0,0.0
2023-05-23 00:00:00-04:00,18.399999618530273,19.799999237060547,18.399999618530273,18.399999618530273,421730,0.0,0.0
2023-05-24 00:00:00-04:00,18.0,18.200000762939453,17.200000762939453,17.5,474530,0.0,0.0
2023-05-25 00:00:00-04:00,19.100000381469727,20.799999237060547,16.600000381469727,17.200000762939453,3262940,0.0,0.0
2023-05-26 00:00:00-04:00,17.0,17.899999618530273,16.700000762939453,17.5,466890,0.0,0.0
2023-05-30 00:00:00-04:00,17.5,18.399999618530273,17.200000762939453,18.399999618530273,397440,0.0,0.0
2023-05-31 00:00:00-04:00,18.100000381469727,18.600000381469727,17.75,18.600000381469727,330760,0.0,0.0
2023-06-01 00:00:00-04:00,18.299999237060547,19.100000381469727,17.899999618530273,19.0,347390,0.0,0.0
2023-06-02 00:00:00-04:00,19.399999618530273,20.399999618530273,19.100000381469727,20.299999237060547,377630,0.0,0.0
2023-06-05 00:00:00-04:00,20.200000762939453,20.799999237060547,19.549999237060547,20.799999237060547,628930,0.0,0.0
2023-06-06 00:00:00-04:00,20.299999237060547,21.600000381469727,20.299999237060547,21.399999618530273,537920,0.0,0.0
2023-06-07 00:00:00-04:00,21.399999618530273,22.100000381469727,21.100000381469727,21.700000762939453,357520,0.0,0.0
2023-06-08 00:00:00-04:00,21.700000762939453,22.299999237060547,21.350000381469727,21.799999237060547,271100,0.0,0.0
2023-06-09 00:00:00-04:00,21.700000762939453,22.200000762939453,21.200000762939453,22.100000381469727,377410,0.0,0.0
2023-06-12 00:00:00-04:00,21.700000762939453,22.899999618530273,21.700000762939453,22.600000381469727,365160,0.0,0.0
2023-06-13 00:00:00-04:00,22.600000381469727,23.0,21.5,21.899999618530273,388470,0.0,0.0
2023-06-14 00:00:00-04:00,21.799999237060547,22.200000762939453,21.100000381469727,21.399999618530273,369540,0.0,0.0
2023-06-15 00:00:00-04:00,21.0,22.049999237060547,20.899999618530273,21.299999237060547,307990,0.0,0.0
2023-06-16 00:00:00-04:00,21.700000762939453,21.700000762939453,20.399999618530273,20.700000762939453,923740,0.0,0.0
2023-06-20 00:00:00-04:00,20.399999618530273,21.100000381469727,20.399999618530273,20.899999618530273,387990,0.0,0.0
2023-06-21 00:00:00-04:00,20.600000381469727,21.0,20.450000762939453,20.5,276140,0.0,0.0
2023-06-22 00:00:00-04:00,20.200000762939453,20.600000381469727,19.850000381469727,20.200000762939453,224510,0.0,0.0
2023-06-23 00:00:00-04:00,19.799999237060547,19.899999618530273,18.649999618530273,19.200000762939453,602980,0.0,0.0
2023-06-26 00:00:00-04:00,19.0,19.299999237060547,18.399999618530273,18.600000381469727,263920,0.0,0.0
2023-06-27 00:00:00-04:00,18.600000381469727,18.899999618530273,18.200000762939453,18.700000762939453,370300,0.0,0.0
2023-06-28 00:00:00-04:00,18.600000381469727,18.75,18.100000381469727,18.299999237060547,306410,0.0,0.0
2023-06-29 00:00:00-04:00,18.299999237060547,18.600000381469727,17.799999237060547,18.0,234530,0.0,0.0
2023-06-30 00:00:00-04:00,18.100000381469727,18.200000762939453,17.700000762939453,17.700000762939453,211120,0.0,0.0
2023-07-03 00:00:00-04:00,17.799999237060547,18.0,17.399999618530273,17.5,120440,0.0,0.0
2023-07-05 00:00:00-04:00,17.299999237060547,17.799999237060547,16.899999618530273,17.5,378390,0.0,0.0
2023-07-06 00:00:00-04:00,17.200000762939453,17.5,16.700000762939453,17.299999237060547,347640,0.0,0.0
2023-07-07 00:00:00-04:00,17.5,18.049999237060547,17.200000762939453,17.299999237060547,251540,0.0,0.0
2023-07-10 00:00:00-04:00,17.600000381469727,18.200000762939453,17.219999313354492,17.799999237060547,170830,0.0,0.0
2023-07-11 00:00:00-04:00,18.0,18.100000381469727,17.200000762939453,17.399999618530273,228090,0.0,0.0
2023-07-12 00:00:00-04:00,17.799999237060547,18.200000762939453,17.5,18.100000381469727,174080,0.0,0.0
2023-07-13 00:00:00-04:00,18.299999237060547,20.0,18.200000762939453,19.5,378500,0.0,0.0
2023-07-14 00:00:00-04:00,19.799999237060547,19.799999237060547,18.200000762939453,18.299999237060547,208580,0.0,0.0
2023-07-17 00:00:00-04:00,18.5,19.799999237060547,18.200000762939453,19.0,297900,0.0,0.0
2023-07-18 00:00:00-04:00,19.0,19.600000381469727,18.399999618530273,18.700000762939453,426680,0.0,0.0
2023-07-19 00:00:00-04:00,18.399999618530273,19.0,18.399999618530273,18.600000381469727,174350,0.0,0.0
2023-07-20 00:00:00-04:00,18.5,18.600000381469727,17.799999237060547,18.100000381469727,279930,0.0,0.0
2023-07-21 00:00:00-04:00,18.299999237060547,18.299999237060547,17.799999237060547,18.200000762939453,218680,0.0,0.0
2023-07-24 00:00:00-04:00,18.100000381469727,18.5,17.899999618530273,18.5,69800,0.0,0.0
2023-07-25 00:00:00-04:00,18.200000762939453,18.799999237060547,17.799999237060547,17.899999618530273,117410,0.0,0.0
2023-07-26 00:00:00-04:00,17.899999618530273,18.600000381469727,17.799999237060547,18.600000381469727,117280,0.0,0.0
2023-07-27 00:00:00-04:00,18.700000762939453,18.719999313354492,17.799999237060547,17.899999618530273,106520,0.0,0.0
2023-07-28 00:00:00-04:00,17.799999237060547,18.299999237060547,17.700000762939453,17.799999237060547,189210,0.0,0.0
2023-07-31 00:00:00-04:00,17.899999618530273,18.299999237060547,17.700000762939453,18.200000762939453,157400,0.0,0.0
2023-08-01 00:00:00-04:00,17.899999618530273,18.5,17.799999237060547,18.299999237060547,125680,0.0,0.0
2023-08-02 00:00:00-04:00,18.0,18.200000762939453,17.700000762939453,18.100000381469727,146340,0.0,0.0
2023-08-03 00:00:00-04:00,18.0,18.5,17.799999237060547,18.100000381469727,158610,0.0,0.0
2023-08-04 00:00:00-04:00,17.899999618530273,18.0,17.0,17.5,407840,0.0,0.0
2023-08-07 00:00:00-04:00,17.399999618530273,17.739999771118164,17.100000381469727,17.100000381469727,118200,0.0,0.0
2023-08-08 00:00:00-04:00,17.0,17.200000762939453,16.6299991607666,17.0,141230,0.0,0.0
2023-08-09 00:00:00-04:00,16.799999237060547,16.93000030517578,16.5,16.5,203640,0.0,0.0
2023-08-10 00:00:00-04:00,16.799999237060547,16.799999237060547,16.299999237060547,16.5,173200,0.0,0.0
2023-08-11 00:00:00-04:00,16.200000762939453,16.299999237060547,16.0,16.200000762939453,333520,0.0,0.0
2023-08-14 00:00:00-04:00,16.200000762939453,16.200000762939453,15.800000190734863,16.0,141360,0.0,0.0
2023-08-15 00:00:00-04:00,16.0,16.049999237060547,15.300000190734863,15.5,231850,0.0,0.0
2023-08-16 00:00:00-04:00,15.199999809265137,15.600000381469727,14.899999618530273,15.199999809265137,171700,0.0,0.0
2023-08-17 00:00:00-04:00,15.399999618530273,15.899999618530273,15.149999618530273,15.800000190734863,169860,0.0,0.0
2023-08-18 00:00:00-04:00,15.399999618530273,16.149999618530273,15.399999618530273,15.899999618530273,164220,0.0,0.0
2023-08-21 00:00:00-04:00,15.5,15.75,14.699999809265137,15.199999809265137,441910,0.0,0.0
2023-08-22 00:00:00-04:00,15.300000190734863,15.5,14.5,15.0,219150,0.0,0.0
2023-08-23 00:00:00-04:00,15.100000381469727,15.699999809265137,15.0,15.5,97530,0.0,0.0
2023-08-24 00:00:00-04:00,15.600000381469727,15.600000381469727,15.100000381469727,15.300000190734863,85460,0.0,0.0
2023-08-25 00:00:00-04:00,15.199999809265137,15.600000381469727,15.0,15.5,96700,0.0,0.0
2023-08-28 00:00:00-04:00,15.5,15.800000190734863,15.300000190734863,15.399999618530273,165320,0.0,0.0
2023-08-29 00:00:00-04:00,15.399999618530273,16.100000381469727,15.300000190734863,16.100000381469727,102810,0.0,0.0
2023-08-30 00:00:00-04:00,16.100000381469727,19.899999618530273,15.899999618530273,17.100000381469727,1319830,0.0,0.0
2023-08-31 00:00:00-04:00,17.700000762939453,18.600000381469727,17.399999618530273,18.0,538510,0.0,0.0
2023-09-01 00:00:00-04:00,18.200000762939453,18.399999618530273,17.700000762939453,17.799999237060547,167130,0.0,0.0
2023-09-05 00:00:00-04:00,17.799999237060547,17.799999237060547,17.200000762939453,17.299999237060547,187170,0.0,0.0
2023-09-06 00:00:00-04:00,17.100000381469727,17.5,16.5,16.799999237060547,238690,0.0,0.0
2023-09-07 00:00:00-04:00,16.700000762939453,16.75,15.399999618530273,16.299999237060547,371620,0.0,0.0
2023-09-08 00:00:00-04:00,16.5,16.600000381469727,15.5,15.800000190734863,193940,0.0,0.0
2023-09-11 00:00:00-04:00,15.699999809265137,16.0,15.600000381469727,15.899999618530273,126570,0.0,0.0
2023-09-12 00:00:00-04:00,15.899999618530273,16.299999237060547,15.300000190734863,15.399999618530273,218910,0.0,0.0
2023-09-13 00:00:00-04:00,15.399999618530273,15.449999809265137,15.100000381469727,15.199999809265137,163780,0.0,0.0
2023-09-14 00:00:00-04:00,15.800000190734863,16.100000381469727,15.399999618530273,15.399999618530273,341730,0.0,0.0
2023-09-15 00:00:00-04:00,15.5,15.649999618530273,14.800000190734863,15.100000381469727,312280,0.0,0.0
2023-09-18 00:00:00-04:00,14.800000190734863,15.0,14.5,14.899999618530273,484370,0.0,0.0
2023-09-19 00:00:00-04:00,14.899999618530273,15.699999809265137,14.800000190734863,15.600000381469727,244540,0.0,0.0
2023-09-20 00:00:00-04:00,15.5,15.699999809265137,15.399999618530273,15.399999618530273,185010,0.0,0.0
2023-09-21 00:00:00-04:00,15.199999809265137,15.199999809265137,14.5,14.699999809265137,219310,0.0,0.0
2023-09-22 00:00:00-04:00,14.699999809265137,14.899999618530273,14.300000190734863,14.399999618530273,167900,0.0,0.0
2023-09-25 00:00:00-04:00,14.399999618530273,14.600000381469727,14.199999809265137,14.5,136190,0.0,0.0
2023-09-26 00:00:00-04:00,14.300000190734863,14.800000190734863,14.300000190734863,14.300000190734863,176810,0.0,0.0
2023-09-27 00:00:00-04:00,14.300000190734863,14.699999809265137,14.0,14.100000381469727,369040,0.0,0.0
2023-09-28 00:00:00-04:00,14.0,14.149999618530273,13.5,13.899999618530273,223980,0.0,0.0
2023-09-29 00:00:00-04:00,13.899999618530273,15.300000190734863,13.899999618530273,14.600000381469727,205820,0.0,0.0
2023-10-02 00:00:00-04:00,14.100000381469727,14.550000190734863,13.800000190734863,14.100000381469727,137510,0.0,0.0
2023-10-03 00:00:00-04:00,14.0,14.5,13.300000190734863,13.399999618530273,238480,0.0,0.0
2023-10-04 00:00:00-04:00,13.399999618530273,13.5,12.699999809265137,13.0,315730,0.0,0.0
2023-10-05 00:00:00-04:00,12.800000190734863,13.199999809265137,12.300000190734863,12.5,240310,0.0,0.0
2023-10-06 00:00:00-04:00,12.5,13.0,12.350000381469727,12.800000190734863,179420,0.0,0.0
2023-10-09 00:00:00-04:00,12.5,12.949999809265137,12.199999809265137,12.800000190734863,166060,0.0,0.0
2023-10-10 00:00:00-04:00,12.600000381469727,13.5,12.600000381469727,13.0,181990,0.0,0.0
2023-10-11 00:00:00-04:00,13.0,13.399999618530273,12.600000381469727,12.899999618530273,234980,0.0,0.0
2023-10-12 00:00:00-04:00,13.199999809265137,13.199999809265137,12.199999809265137,12.300000190734863,125520,0.0,0.0
2023-10-13 00:00:00-04:00,12.5,12.600000381469727,11.800000190734863,12.0,157050,0.0,0.0
2023-10-16 00:00:00-04:00,12.0,12.199999809265137,11.800000190734863,12.0,158410,0.0,0.0
2023-10-17 00:00:00-04:00,11.699999809265137,12.600000381469727,11.699999809265137,12.199999809265137,229040,0.0,0.0
2023-10-18 00:00:00-04:00,11.899999618530273,12.100000381469727,11.199999809265137,11.199999809265137,309320,0.0,0.0
2023-10-19 00:00:00-04:00,11.300000190734863,11.300000190734863,10.5,10.699999809265137,280440,0.0,0.0
2023-10-20 00:00:00-04:00,10.899999618530273,11.5,10.600000381469727,11.5,346730,0.0,0.0
2023-10-23 00:00:00-04:00,11.100000381469727,11.399999618530273,10.0,10.300000190734863,275630,0.0,0.0
2023-10-24 00:00:00-04:00,10.600000381469727,11.100000381469727,10.300000190734863,10.399999618530273,168990,0.0,0.0
2023-10-25 00:00:00-04:00,10.100000381469727,10.399999618530273,9.8100004196167,9.9399995803833,349690,0.0,0.0
2023-10-26 00:00:00-04:00,9.800000190734863,10.199999809265137,8.859999656677246,8.970000267028809,511010,0.0,0.0
2023-10-27 00:00:00-04:00,9.199999809265137,9.4399995803833,8.800000190734863,8.800000190734863,150410,0.0,0.0
2023-10-30 00:00:00-04:00,8.850000381469727,8.989999771118164,8.399999618530273,8.420000076293945,340040,0.0,0.0
2023-10-31 00:00:00-04:00,8.399999618530273,8.880000114440918,8.020000457763672,8.65999984741211,287060,0.0,0.0
2023-11-01 00:00:00-04:00,8.800000190734863,8.800000190734863,8.010000228881836,8.15999984741211,179890,0.0,0.0
2023-11-02 00:00:00-04:00,8.300000190734863,9.149999618530273,8.300000190734863,9.079999923706055,231510,0.0,0.0
2023-11-03 00:00:00-04:00,9.100000381469727,10.300000190734863,9.100000381469727,9.760000228881836,338120,0.0,0.0
2023-11-06 00:00:00-05:00,10.100000381469727,10.149999618530273,9.100000381469727,9.229999542236328,285330,0.0,0.0
2023-11-07 00:00:00-05:00,9.220000267028809,9.270000457763672,8.8100004196167,9.229999542236328,104780,0.0,0.0
2023-11-08 00:00:00-05:00,9.0,9.199999809265137,8.800000190734863,9.0600004196167,189540,0.0,0.0
2023-11-09 00:00:00-05:00,8.300000190734863,9.880000114440918,8.039999961853027,8.260000228881836,307840,0.0,0.0
2023-11-10 00:00:00-05:00,8.5,8.5,7.71999979019165,7.820000171661377,279950,0.0,0.0
2023-11-13 00:00:00-05:00,7.96999979019165,8.25,7.349999904632568,7.989999771118164,457300,0.0,0.0
2023-11-14 00:00:00-05:00,8.119999885559082,8.699999809265137,8.109999656677246,8.390000343322754,319540,0.0,0.0
2023-11-15 00:00:00-05:00,8.630000114440918,9.350000381469727,8.510000228881836,8.770000457763672,309440,0.0,0.0
2023-11-16 00:00:00-05:00,8.760000228881836,8.979999542236328,7.909999847412109,7.940000057220459,228790,0.0,0.0
2023-11-17 00:00:00-05:00,8.100000381469727,8.199999809265137,7.900000095367432,8.109999656677246,213480,0.0,0.0
2023-11-20 00:00:00-05:00,7.949999809265137,8.100000381469727,7.639999866485596,7.690000057220459,256700,0.0,0.0
2023-11-21 00:00:00-05:00,7.53000020980835,7.659999847412109,7.289999961853027,7.510000228881836,339290,0.0,0.0
2023-11-22 00:00:00-05:00,7.5,7.599999904632568,7.25,7.380000114440918,146060,0.0,0.0
2023-11-24 00:00:00-05:00,7.199999809265137,7.889999866485596,7.199999809265137,7.53000020980835,81150,0.0,0.0
2023-11-27 00:00:00-05:00,7.599999904632568,7.840000152587891,7.429999828338623,7.550000190734863,182700,0.0,0.0
2023-11-28 00:00:00-05:00,7.579999923706055,7.579999923706055,6.920000076293945,6.920000076293945,272680,0.0,0.0
2023-11-29 00:00:00-05:00,7.0,7.25,6.5,6.510000228881836,528310,0.0,0.0
2023-11-30 00:00:00-05:00,6.5,7.099999904632568,6.099999904632568,7.0,447250,0.0,0.0
2023-12-01 00:00:00-05:00,6.889999866485596,7.599999904632568,6.630000114440918,7.5,468710,0.0,0.0
2023-12-04 00:00:00-05:00,7.400000095367432,8.180000305175781,7.210000038146973,7.900000095367432,627910,0.0,0.0
2023-12-05 00:00:00-05:00,7.699999809265137,8.0,7.630000114440918,7.789999961853027,355250,0.0,0.0
2023-12-06 00:00:00-05:00,7.789999961853027,8.399999618530273,7.710000038146973,7.980000019073486,494450,0.0,0.0
2023-12-07 00:00:00-05:00,8.050000190734863,8.210000038146973,7.809999942779541,8.0,343540,0.0,0.0
2023-12-08 00:00:00-05:00,8.0,8.180000305175781,7.389999866485596,7.429999828338623,338210,0.0,0.0
2023-12-11 00:00:00-05:00,7.349999904632568,7.400000095367432,6.690000057220459,6.690000057220459,505950,0.0,0.0
2023-12-12 00:00:00-05:00,6.699999809265137,6.800000190734863,6.389999866485596,6.400000095367432,368770,0.0,0.0
2023-12-13 00:00:00-05:00,6.440000057220459,7.159999847412109,6.21999979019165,6.96999979019165,687550,0.0,0.0
2023-12-14 00:00:00-05:00,7.199999809265137,7.889999866485596,7.150000095367432,7.380000114440918,593210,0.0,0.0
2023-12-15 00:00:00-05:00,7.599999904632568,7.690000057220459,7.010000228881836,7.349999904632568,1212830,0.0,0.0
2023-12-18 00:00:00-05:00,7.21999979019165,7.46999979019165,6.639999866485596,6.639999866485596,369920,0.0,0.0
2023-12-19 00:00:00-05:00,6.900000095367432,7.78000020980835,6.800000190734863,7.519999980926514,706940,0.0,0.0
2023-12-20 00:00:00-05:00,7.420000076293945,8.300000190734863,6.900000095367432,7.0,608490,0.0,0.0
2023-12-21 00:00:00-05:00,7.199999809265137,7.420000076293945,6.809999942779541,7.0,219980,0.0,0.0
2023-12-22 00:00:00-05:00,7.0,7.78000020980835,6.829999923706055,7.590000152587891,472430,0.0,0.0
2023-12-26 00:00:00-05:00,7.699999809265137,8.640000343322754,7.699999809265137,8.15999984741211,578360,0.0,0.0
2023-12-27 00:00:00-05:00,8.289999961853027,8.489999771118164,7.75,8.119999885559082,331330,0.0,0.0
2023-12-28 00:00:00-05:00,8.100000381469727,8.210000038146973,7.800000190734863,7.829999923706055,195020,0.0,0.0
2023-12-29 00:00:00-05:00,7.599999904632568,7.889999866485596,7.369999885559082,7.510000228881836,326550,0.0,0.0
2024-01-02 00:00:00-05:00,7.460000038146973,7.71999979019165,7.260000228881836,7.329999923706055,153930,0.0,0.0
2024-01-03 00:00:00-05:00,7.199999809265137,7.5,6.659999847412109,6.699999809265137,320790,0.0,0.0
2024-01-04 00:00:00-05:00,6.699999809265137,6.840000152587891,6.420000076293945,6.460000038146973,313940,0.0,0.0
2024-01-05 00:00:00-05:00,6.480000019073486,6.610000133514404,6.199999809265137,6.25,231650,0.0,0.0
2024-01-08 00:00:00-05:00,6.400000095367432,7.800000190734863,6.119999885559082,7.610000133514404,808480,0.0,0.0
2024-01-09 00:00:00-05:00,7.230000019073486,7.579999923706055,6.800000190734863,6.860000133514404,679460,0.0,0.0
2024-01-10 00:00:00-05:00,6.869999885559082,6.869999885559082,6.309999942779541,6.610000133514404,271330,0.0,0.0
2024-01-11 00:00:00-05:00,6.610000133514404,6.699999809265137,6.25,6.300000190734863,223470,0.0,0.0
2024-01-12 00:00:00-05:00,6.400000095367432,6.679999828338623,6.199999809265137,6.199999809265137,243690,0.0,0.0
2024-01-16 00:00:00-05:00,6.400000095367432,6.400000095367432,5.960000038146973,5.960000038146973,335740,0.0,0.0
2024-01-17 00:00:00-05:00,6.0,6.0,5.699999809265137,5.869999885559082,282080,0.0,0.0
2024-01-18 00:00:00-05:00,6.0,6.070000171661377,5.710000038146973,5.949999809265137,249340,0.0,0.0
2024-01-19 00:00:00-05:00,6.199999809265137,6.920000076293945,5.849999904632568,6.900000095367432,853400,0.0,0.0
2024-01-22 00:00:00-05:00,6.78000020980835,7.179999828338623,6.71999979019165,7.010000228881836,255400,0.0,0.0
2024-01-23 00:00:00-05:00,7.0,7.389999866485596,7.0,7.340000152587891,399430,0.0,0.0
2024-01-24 00:00:00-05:00,7.389999866485596,7.400000095367432,6.099999904632568,6.099999904632568,379180,0.0,0.0
2024-01-25 00:00:00-05:00,6.349999904632568,6.5,6.199999809265137,6.380000114440918,153470,0.0,0.0
2024-01-26 00:00:00-05:00,6.460000038146973,6.78000020980835,6.25,6.340000152587891,143610,0.0,0.0
2024-01-29 00:00:00-05:00,6.340000152587891,6.46999979019165,6.119999885559082,6.28000020980835,178580,0.0,0.0
2024-01-30 00:00:00-05:00,6.28000020980835,6.28000020980835,5.800000190734863,6.059999942779541,724130,0.0,0.0
2024-01-31 00:00:00-05:00,6.150000095367432,6.610000133514404,5.920000076293945,6.489999771118164,920350,0.0,0.0
2024-02-01 00:00:00-05:00,6.519999980926514,6.599999904632568,6.050000190734863,6.190000057220459,287030,0.0,0.0
2024-02-02 00:00:00-05:00,6.010000228881836,6.300000190734863,5.949999809265137,6.190000057220459,177490,0.0,0.0
2024-02-05 00:00:00-05:00,6.199999809265137,6.199999809265137,5.900000095367432,5.900000095367432,223830,0.0,0.0
2024-02-06 00:00:00-05:00,5.989999771118164,6.25,5.900000095367432,6.130000114440918,151270,0.0,0.0
2024-02-07 00:00:00-05:00,6.050000190734863,6.130000114440918,5.809999942779541,5.840000152587891,202400,0.0,0.0
2024-02-08 00:00:00-05:00,5.829999923706055,6.190000057220459,5.809999942779541,5.989999771118164,226070,0.0,0.0
2024-02-09 00:00:00-05:00,6.079999923706055,6.199999809265137,5.900000095367432,5.980000019073486,168310,0.0,0.0
2024-02-12 00:00:00-05:00,5.960000038146973,6.730000019073486,5.960000038146973,6.420000076293945,358050,0.0,0.0
2024-02-13 00:00:00-05:00,6.199999809265137,6.21999979019165,5.809999942779541,5.820000171661377,230540,0.0,0.0
2024-02-14 00:00:00-05:00,5.960000038146973,6.599999904632568,5.960000038146973,6.599999904632568,271470,0.0,0.0
2024-02-15 00:00:00-05:00,6.429999828338623,6.599999904632568,6.099999904632568,6.139999866485596,255030,0.0,0.0
2024-02-16 00:00:00-05:00,6.380000114440918,6.380000114440918,5.510000228881836,5.510000228881836,625610,0.0,0.0
2024-02-20 00:00:00-05:00,5.519999980926514,5.599999904632568,5.010000228881836,5.110000133514404,456440,0.0,0.0
2024-02-21 00:00:00-05:00,5.099999904632568,5.269999980926514,5.010000228881836,5.079999923706055,255320,0.0,0.0
2024-02-22 00:00:00-05:00,5.099999904632568,5.199999809265137,4.550000190734863,4.639999866485596,566500,0.0,0.0
2024-02-23 00:00:00-05:00,4.699999809265137,5.300000190734863,4.699999809265137,5.25,511360,0.0,0.0
2024-02-26 00:00:00-05:00,5.289999961853027,5.550000190734863,5.199999809265137,5.349999904632568,256280,0.0,0.0
2024-02-27 00:00:00-05:00,5.440000057220459,5.800000190734863,5.210000038146973,5.800000190734863,289060,0.0,0.0
2024-02-28 00:00:00-05:00,5.900000095367432,6.199999809265137,5.699999809265137,5.75,500890,0.0,0.0
2024-02-29 00:00:00-05:00,5.699999809265137,6.360000133514404,5.699999809265137,6.119999885559082,772930,0.0,0.0
2024-03-01 00:00:00-05:00,6.010000228881836,6.300000190734863,5.739999771118164,6.099999904632568,304340,0.0,0.0
2024-03-04 00:00:00-05:00,6.0,6.199999809265137,5.5,5.5,246790,0.0,0.0
2024-03-05 00:00:00-05:00,5.400000095367432,5.53000020980835,5.300000190734863,5.360000133514404,240000,0.0,0.0
2024-03-06 00:00:00-05:00,5.690000057220459,6.800000190734863,5.5,6.699999809265137,758630,0.0,0.0
2024-03-07 00:00:00-05:00,6.699999809265137,7.199999809265137,6.599999904632568,6.909999847412109,543370,0.0,0.0
2024-03-08 00:00:00-05:00,7.099999904632568,7.269999980926514,6.630000114440918,6.869999885559082,318380,0.0,0.0
2024-03-11 00:00:00-04:00,6.940000057220459,7.25,5.599999904632568,6.21999979019165,467570,0.0,0.0
2024-03-12 00:00:00-04:00,6.510000228881836,6.829999923706055,6.210000038146973,6.570000171661377,253230,0.0,0.0
2024-03-13 00:00:00-04:00,6.570000171661377,7.0,6.409999847412109,6.429999828338623,328500,0.0,0.0
2024-03-14 00:00:00-04:00,6.539999961853027,6.599999904632568,6.110000133514404,6.159999847412109,332160,0.0,0.0
2024-03-15 00:00:00-04:00,6.519999980926514,7.800000190734863,6.210000038146973,6.519999980926514,934980,0.0,0.0
2024-03-18 00:00:00-04:00,6.599999904632568,6.800000190734863,6.260000228881836,6.559999942779541,336160,0.0,0.0
2024-03-19 00:00:00-04:00,6.699999809265137,7.550000190734863,6.599999904632568,7.289999961853027,612600,0.0,0.0
2024-03-20 00:00:00-04:00,7.309999942779541,7.5,7.079999923706055,7.429999828338623,211810,0.0,0.0
2024-03-21 00:00:00-04:00,7.75,8.300000190734863,7.349999904632568,7.559999942779541,411090,0.0,0.0
2024-03-22 00:00:00-04:00,7.920000076293945,8.079999923706055,7.300000190734863,7.510000228881836,197480,0.0,0.0
2024-03-25 00:00:00-04:00,7.300000190734863,8.100000381469727,7.300000190734863,7.880000114440918,265750,0.0,0.0
2024-03-26 00:00:00-04:00,8.100000381469727,8.4399995803833,7.739999771118164,7.78000020980835,239370,0.0,0.0
2024-03-27 00:00:00-04:00,8.100000381469727,8.899999618530273,7.900000095367432,8.699999809265137,358040,0.0,0.0
2024-03-28 00:00:00-04:00,9.0,9.0,8.399999618530273,8.800000190734863,309210,0.0,0.0
2024-04-01 00:00:00-04:00,8.800000190734863,8.800000190734863,8.420000076293945,8.520000457763672,188110,0.0,0.0
2024-04-02 00:00:00-04:00,8.470000267028809,8.600000381469727,8.180000305175781,8.510000228881836,120550,0.0,0.0
2024-04-03 00:00:00-04:00,8.449999809265137,8.859999656677246,8.029999732971191,8.399999618530273,210190,0.0,0.0
2024-04-04 00:00:00-04:00,8.359999656677246,10.0,8.3100004196167,9.75,603870,0.0,0.0
2024-04-05 00:00:00-04:00,9.600000381469727,9.800000190734863,9.109999656677246,9.319999694824219,176710,0.0,0.0
2024-04-08 00:00:00-04:00,9.399999618530273,11.0,9.399999618530273,10.800000190734863,350080,0.0,0.0
2024-04-09 00:00:00-04:00,10.899999618530273,11.800000190734863,10.199999809265137,10.399999618530273,354440,0.0,0.0
2024-04-10 00:00:00-04:00,10.199999809265137,11.5,9.800000190734863,11.199999809265137,374970,0.0,0.0
2024-04-11 00:00:00-04:00,11.399999618530273,11.520000457763672,10.300000190734863,10.399999618530273,241900,0.0,0.0
2024-04-12 00:00:00-04:00,10.0,10.300000190734863,8.800000190734863,9.5600004196167,540470,0.0,0.0
2024-04-15 00:00:00-04:00,9.399999618530273,9.5600004196167,8.300000190734863,8.59000015258789,456630,0.0,0.0
2024-04-16 00:00:00-04:00,8.5,8.75,8.3100004196167,8.510000228881836,273130,0.0,0.0
2024-04-17 00:00:00-04:00,8.5,9.199999809265137,8.40999984741211,8.59000015258789,191960,0.0,0.0
2024-04-18 00:00:00-04:00,8.5600004196167,8.640000343322754,8.100000381469727,8.270000457763672,253250,0.0,0.0
2024-04-19 00:00:00-04:00,8.109999656677246,8.699999809265137,8.109999656677246,8.449999809265137,363950,0.0,0.0
2024-04-22 00:00:00-04:00,8.5600004196167,9.399999618530273,8.40999984741211,8.5600004196167,230670,0.0,0.0
2024-04-23 00:00:00-04:00,8.600000381469727,8.930000305175781,8.4399995803833,8.550000190734863,171790,0.0,0.0
2024-04-24 00:00:00-04:00,8.329999923706055,8.640000343322754,8.15999984741211,8.350000381469727,150700,0.0,0.0
2024-04-25 00:00:00-04:00,8.399999618530273,8.399999618530273,8.079999923706055,8.239999771118164,111040,0.0,0.0
2024-04-26 00:00:00-04:00,8.239999771118164,8.579999923706055,8.020000457763672,8.220000267028809,131650,0.0,0.0
2024-04-29 00:00:00-04:00,8.069999694824219,8.680000305175781,8.069999694824219,8.640000343322754,127410,0.0,0.0
2024-04-30 00:00:00-04:00,8.600000381469727,8.699999809265137,7.800000190734863,7.820000171661377,193450,0.0,0.0
2024-05-01 00:00:00-04:00,7.909999847412109,8.149999618530273,7.599999904632568,7.860000133514404,182660,0.0,0.0
2024-05-02 00:00:00-04:00,8.0,8.050000190734863,7.610000133514404,7.96999979019165,97080,0.0,0.0
2024-05-03 00:00:00-04:00,7.940000057220459,8.920000076293945,7.900000095367432,8.550000190734863,239770,0.0,0.0
2024-05-06 00:00:00-04:00,8.899999618530273,8.899999618530273,7.599999904632568,7.929999828338623,163560,0.0,0.0
2024-05-07 00:00:00-04:00,8.050000190734863,8.5,7.909999847412109,8.350000381469727,143850,0.0,0.0
2024-05-08 00:00:00-04:00,8.300000190734863,8.449999809265137,8.0,8.399999618530273,123430,0.0,0.0
2024-05-09 00:00:00-04:00,7.599999904632568,7.769999980926514,7.0,7.199999809265137,405320,0.0,0.0
2024-05-10 00:00:00-04:00,7.210000038146973,7.400000095367432,6.28000020980835,6.420000076293945,432280,0.0,0.0
2024-05-13 00:00:00-04:00,6.400000095367432,6.869999885559082,6.0,6.099999904632568,380630,0.0,0.0
2024-05-14 00:00:00-04:00,6.5,7.0,6.210000038146973,6.650000095367432,563700,0.0,0.0
2024-05-15 00:00:00-04:00,6.880000114440918,6.940000057220459,6.050000190734863,6.25,377170,0.0,0.0
2024-05-16 00:00:00-04:00,6.110000133514404,6.320000171661377,5.820000171661377,5.940000057220459,296810,0.0,0.0
2024-05-17 00:00:00-04:00,6.0,6.139999866485596,5.699999809265137,6.099999904632568,425500,0.0,0.0
2024-05-20 00:00:00-04:00,5.989999771118164,6.460000038146973,5.900000095367432,6.440000057220459,344000,0.0,0.0
2024-05-21 00:00:00-04:00,6.150000095367432,6.539999961853027,5.929999828338623,6.059999942779541,278130,0.0,0.0
2024-05-22 00:00:00-04:00,6.079999923706055,6.320000171661377,5.800000190734863,6.0,252460,0.0,0.0
2024-05-23 00:00:00-04:00,5.96999979019165,6.010000228881836,5.599999904632568,5.619999885559082,217590,0.0,0.0
2024-05-24 00:00:00-04:00,6.03000020980835,6.079999923706055,5.5,5.659999847412109,195030,0.0,0.0
2024-05-28 00:00:00-04:00,6.0,6.039999961853027,5.650000095367432,5.71999979019165,260720,0.0,0.0
2024-05-29 00:00:00-04:00,5.989999771118164,5.989999771118164,5.420000076293945,5.630000114440918,448410,0.0,0.0
2024-05-30 00:00:00-04:00,5.699999809265137,5.800000190734863,5.630000114440918,5.760000228881836,154910,0.0,0.0
2024-05-31 00:00:00-04:00,5.78000020980835,5.809999942779541,5.5,5.639999866485596,162300,0.0,0.0
2024-06-03 00:00:00-04:00,5.630000114440918,5.980000019073486,5.5,5.809999942779541,165260,0.0,0.0
2024-06-04 00:00:00-04:00,5.78000020980835,5.900000095367432,5.400000095367432,5.489999771118164,179020,0.0,0.0
2024-06-05 00:00:00-04:00,5.420000076293945,5.800000190734863,5.420000076293945,5.78000020980835,215400,0.0,0.0
2024-06-06 00:00:00-04:00,5.400000095367432,5.800000190734863,5.400000095367432,5.699999809265137,200900,0.0,0.0
2024-06-07 00:00:00-04:00,5.599999904632568,5.730000019073486,4.800000190734863,4.900000095367432,463030,0.0,0.0
2024-06-10 00:00:00-04:00,4.960000038146973,5.099999904632568,4.78000020980835,4.909999847412109,650800,0.0,0.0
2024-06-11 00:00:00-04:00,5.25,5.25,4.449999809265137,4.460000038146973,624100,0.0,0.0
2024-06-12 00:00:00-04:00,4.329999923706055,4.449999809265137,4.025000095367432,4.230000019073486,826600,0.0,0.0
2024-06-13 00:00:00-04:00,4.340000152587891,4.340000152587891,3.799999952316284,3.9200000762939453,890400,0.0,0.0
2024-06-14 00:00:00-04:00,3.9000000953674316,4.019999980926514,3.759999990463257,3.8399999141693115,376200,0.0,0.0
2024-06-17 00:00:00-04:00,3.759999990463257,4.105000019073486,3.630000114440918,3.6600000858306885,693200,0.0,0.0
2024-06-18 00:00:00-04:00,3.6500000953674316,6.0,3.619999885559082,4.96999979019165,3943000,0.0,0.0
2024-06-20 00:00:00-04:00,4.849999904632568,4.949999809265137,4.110000133514404,4.159999847412109,1061900,0.0,0.0
2024-06-21 00:00:00-04:00,4.230000019073486,4.25,4.01800012588501,4.130000114440918,694900,0.0,0.0
2024-06-24 00:00:00-04:00,4.150000095367432,4.389999866485596,4.099999904632568,4.260000228881836,668200,0.0,0.0
2024-06-25 00:00:00-04:00,4.170000076293945,4.28000020980835,4.105000019073486,4.21999979019165,503400,0.0,0.0
2024-06-26 00:00:00-04:00,4.170000076293945,4.389999866485596,4.039999961853027,4.079999923706055,450000,0.0,0.0
2024-06-27 00:00:00-04:00,4.119999885559082,4.289999961853027,4.010000228881836,4.289999961853027,352700,0.0,0.0
2024-06-28 00:00:00-04:00,4.269999980926514,4.377999782562256,4.130000114440918,4.130000114440918,4118900,0.0,0.0
2024-07-01 00:00:00-04:00,4.059999942779541,4.188000202178955,3.700000047683716,4.070000171661377,916800,0.0,0.0
2024-07-02 00:00:00-04:00,4.070000171661377,4.559999942779541,3.9130001068115234,4.320000171661377,1454500,0.0,0.0
2024-07-03 00:00:00-04:00,4.449999809265137,5.349999904632568,4.449999809265137,5.239999771118164,4908300,0.0,0.0
2024-07-05 00:00:00-04:00,4.940000057220459,5.119999885559082,4.75,5.03000020980835,1411500,0.0,0.0
2024-07-08 00:00:00-04:00,4.849999904632568,5.190000057220459,4.840000152587891,5.0,1583200,0.0,0.0
2024-07-09 00:00:00-04:00,5.099999904632568,5.099999904632568,4.829999923706055,5.050000190734863,1084400,0.0,0.0
2024-07-10 00:00:00-04:00,5.0,5.349999904632568,4.929999828338623,5.329999923706055,1145100,0.0,0.0
2024-07-11 00:00:00-04:00,5.190000057220459,5.329999923706055,4.900000095367432,4.980000019073486,1163000,0.0,0.0
2024-07-12 00:00:00-04:00,5.0,5.070000171661377,4.960000038146973,4.989999771118164,561200,0.0,0.0
2024-07-15 00:00:00-04:00,5.010000228881836,5.079999923706055,4.880000114440918,5.019999980926514,556100,0.0,0.0
2024-07-16 00:00:00-04:00,5.0,5.209000110626221,4.945000171661377,5.190000057220459,731300,0.0,0.0
2024-07-17 00:00:00-04:00,5.110000133514404,5.21999979019165,4.960000038146973,5.0,676300,0.0,0.0
2024-07-18 00:00:00-04:00,5.0,5.059999942779541,4.940000057220459,4.980000019073486,386700,0.0,0.0
2024-07-19 00:00:00-04:00,4.989999771118164,5.420000076293945,4.940000057220459,5.360000133514404,990300,0.0,0.0
2024-07-22 00:00:00-04:00,5.269999980926514,5.320000171661377,5.039999961853027,5.150000095367432,480000,0.0,0.0
2024-07-23 00:00:00-04:00,5.059999942779541,5.348999977111816,5.050000190734863,5.150000095367432,338400,0.0,0.0
2024-07-24 00:00:00-04:00,5.079999923706055,5.179999828338623,4.880000114440918,4.889999866485596,585600,0.0,0.0
2024-07-25 00:00:00-04:00,4.860000133514404,4.960000038146973,4.769999980926514,4.769999980926514,342100,0.0,0.0
2024-07-26 00:00:00-04:00,4.860000133514404,4.931000232696533,4.820000171661377,4.849999904632568,241200,0.0,0.0
2024-07-29 00:00:00-04:00,4.860000133514404,4.96999979019165,4.840000152587891,4.880000114440918,217500,0.0,0.0
2024-07-30 00:00:00-04:00,4.880000114440918,4.940000057220459,4.869999885559082,4.909999847412109,285600,0.0,0.0
2024-07-31 00:00:00-04:00,4.75,4.789999961853027,4.585000038146973,4.710000038146973,684700,0.0,0.0
2024-08-01 00:00:00-04:00,4.755000114440918,4.809999942779541,4.699999809265137,4.71999979019165,310900,0.0,0.0
2024-08-02 00:00:00-04:00,4.650000095367432,4.679999828338623,4.320000171661377,4.389999866485596,641100,0.0,0.0
2024-08-05 00:00:00-04:00,4.150000095367432,4.329999923706055,4.050000190734863,4.289999961853027,356200,0.0,0.0
2024-08-06 00:00:00-04:00,4.320000171661377,4.5,4.289999961853027,4.360000133514404,245400,0.0,0.0
2024-08-07 00:00:00-04:00,4.400000095367432,4.4670000076293945,4.289999961853027,4.400000095367432,378100,0.0,0.0
2024-08-08 00:00:00-04:00,4.380000114440918,4.480000019073486,4.380000114440918,4.380000114440918,759600,0.0,0.0
2024-08-09 00:00:00-04:00,4.380000114440918,4.400000095367432,4.159999847412109,4.21999979019165,619300,0.0,0.0
2024-08-12 00:00:00-04:00,4.170000076293945,4.206999778747559,4.090000152587891,4.110000133514404,200700,0.0,0.0
2024-08-13 00:00:00-04:00,4.159999847412109,4.230000019073486,4.119999885559082,4.139999866485596,167500,0.0,0.0
2024-08-14 00:00:00-04:00,4.139999866485596,4.175000190734863,4.050000190734863,4.110000133514404,198200,0.0,0.0
2024-08-15 00:00:00-04:00,4.150000095367432,4.199999809265137,4.085000038146973,4.090000152587891,238500,0.0,0.0
2024-08-16 00:00:00-04:00,4.090000152587891,4.159999847412109,4.050000190734863,4.059999942779541,247000,0.0,0.0
2024-08-19 00:00:00-04:00,4.059999942779541,4.170000076293945,4.059999942779541,4.119999885559082,136500,0.0,0.0
2024-08-20 00:00:00-04:00,4.099999904632568,4.21999979019165,4.090000152587891,4.190000057220459,152200,0.0,0.0
2024-08-21 00:00:00-04:00,4.21999979019165,4.21999979019165,4.139999866485596,4.150000095367432,127200,0.0,0.0
2024-08-22 00:00:00-04:00,4.159999847412109,4.25,4.150000095367432,4.25,136300,0.0,0.0
2024-08-23 00:00:00-04:00,4.21999979019165,4.440000057220459,4.179999828338623,4.340000152587891,362500,0.0,0.0
2024-08-26 00:00:00-04:00,4.440000057220459,4.559999942779541,4.420000076293945,4.5,257600,0.0,0.0
2024-08-27 00:00:00-04:00,4.449999809265137,4.480000019073486,4.300000190734863,4.329999923706055,198900,0.0,0.0
2024-08-28 00:00:00-04:00,4.300000190734863,4.329999923706055,4.25,4.25,129900,0.0,0.0
2024-08-29 00:00:00-04:00,4.28000020980835,4.309999942779541,4.25,4.269999980926514,270100,0.0,0.0
2024-08-30 00:00:00-04:00,4.269999980926514,4.389999866485596,4.269999980926514,4.389999866485596,119700,0.0,0.0
2024-09-03 00:00:00-04:00,4.340000152587891,4.409999847412109,4.269999980926514,4.269999980926514,344400,0.0,0.0
2024-09-04 00:00:00-04:00,4.25,4.329999923706055,4.25,4.269999980926514,189300,0.0,0.0
2024-09-05 00:00:00-04:00,4.269999980926514,4.380000114440918,4.269999980926514,4.380000114440918,146200,0.0,0.0
2024-09-06 00:00:00-04:00,4.360000133514404,4.361000061035156,4.304999828338623,4.340000152587891,110600,0.0,0.0
2024-09-09 00:00:00-04:00,4.360000133514404,4.400000095367432,4.329999923706055,4.389999866485596,112400,0.0,0.0
2024-09-10 00:00:00-04:00,4.400000095367432,4.460000038146973,4.360000133514404,4.460000038146973,103300,0.0,0.0
2024-09-11 00:00:00-04:00,4.449999809265137,4.494999885559082,4.429999828338623,4.480000019073486,109200,0.0,0.0
2024-09-12 00:00:00-04:00,4.5,4.559999942779541,4.480000019073486,4.550000190734863,169800,0.0,0.0
2024-09-13 00:00:00-04:00,4.579999923706055,4.690000057220459,4.550000190734863,4.679999828338623,176600,0.0,0.0
2024-09-16 00:00:00-04:00,4.699999809265137,4.699999809265137,4.625,4.650000095367432,116200,0.0,0.0
2024-09-17 00:00:00-04:00,4.650000095367432,4.710000038146973,4.650000095367432,4.690000057220459,110300,0.0,0.0
2024-09-18 00:00:00-04:00,4.659999847412109,4.75,4.659999847412109,4.679999828338623,137700,0.0,0.0
2024-09-19 00:00:00-04:00,4.75,4.75,4.684999942779541,4.690000057220459,131000,0.0,0.0
2024-09-20 00:00:00-04:00,4.679999828338623,4.699999809265137,4.53000020980835,4.639999866485596,266400,0.0,0.0
2024-09-23 00:00:00-04:00,4.610000133514404,4.610000133514404,4.445000171661377,4.510000228881836,196200,0.0,0.0
2024-09-24 00:00:00-04:00,4.489999771118164,4.579999923706055,4.489999771118164,4.559999942779541,117800,0.0,0.0
2024-09-25 00:00:00-04:00,4.559999942779541,4.610000133514404,4.489999771118164,4.579999923706055,671700,0.0,0.0
2024-09-26 00:00:00-04:00,4.570000171661377,4.650000095367432,4.559999942779541,4.650000095367432,360000,0.0,0.0
2024-09-27 00:00:00-04:00,4.690000057220459,4.710000038146973,4.651000022888184,4.690000057220459,116100,0.0,0.0
2024-09-30 00:00:00-04:00,4.679999828338623,4.71999979019165,4.644999980926514,4.670000076293945,98900,0.0,0.0
2024-10-01 00:00:00-04:00,4.630000114440918,4.690000057220459,4.579999923706055,4.650000095367432,136700,0.0,0.0
2024-10-02 00:00:00-04:00,4.650000095367432,4.739999771118164,4.619999885559082,4.710000038146973,180300,0.0,0.0
2024-10-03 00:00:00-04:00,4.739999771118164,4.954999923706055,4.730000019073486,4.929999828338623,658300,0.0,0.0
2024-10-04 00:00:00-04:00,4.900000095367432,4.920000076293945,4.840000152587891,4.880000114440918,199500,0.0,0.0
2024-10-07 00:00:00-04:00,4.860000133514404,4.96999979019165,4.84499979019165,4.860000133514404,705400,0.0,0.0
2024-10-08 00:00:00-04:00,4.849999904632568,4.885000228881836,4.820000171661377,4.849999904632568,402700,0.0,0.0
2024-10-09 00:00:00-04:00,4.840000152587891,4.889999866485596,4.784999847412109,4.800000190734863,350400,0.0,0.0
2024-10-10 00:00:00-04:00,4.760000228881836,4.900000095367432,4.760000228881836,4.889999866485596,385000,0.0,0.0
2024-10-11 00:00:00-04:00,4.869999885559082,4.920000076293945,4.869999885559082,4.900000095367432,144600,0.0,0.0
2024-10-14 00:00:00-04:00,4.900000095367432,4.920000076293945,4.869999885559082,4.909999847412109,102800,0.0,0.0
2024-10-15 00:00:00-04:00,4.880000114440918,4.920000076293945,4.860000133514404,4.900000095367432,114200,0.0,0.0
2024-10-16 00:00:00-04:00,4.869999885559082,4.940000057220459,4.849999904632568,4.900000095367432,156900,0.0,0.0
2024-10-17 00:00:00-04:00,4.900000095367432,4.949999809265137,4.900000095367432,4.940000057220459,209000,0.0,0.0
2024-10-18 00:00:00-04:00,4.920000076293945,4.96999979019165,4.909999847412109,4.96999979019165,156800,0.0,0.0
2024-10-21 00:00:00-04:00,4.949999809265137,4.954999923706055,4.920000076293945,4.920000076293945,92500,0.0,0.0
2024-10-22 00:00:00-04:00,4.900000095367432,4.949999809265137,4.900000095367432,4.909999847412109,221600,0.0,0.0
2024-10-23 00:00:00-04:00,4.920000076293945,4.940000057220459,4.920000076293945,4.929999828338623,108500,0.0,0.0
2024-10-24 00:00:00-04:00,4.920000076293945,4.949999809265137,4.860000133514404,4.869999885559082,314900,0.0,0.0
2024-10-25 00:00:00-04:00,4.900000095367432,4.909999847412109,4.889999866485596,4.900000095367432,114600,0.0,0.0
2024-10-28 00:00:00-04:00,4.880000114440918,4.920000076293945,4.880000114440918,4.920000076293945,113400,0.0,0.0
2024-10-29 00:00:00-04:00,4.900000095367432,4.920000076293945,4.900000095367432,4.909999847412109,151100,0.0,0.0
2024-10-30 00:00:00-04:00,4.900000095367432,4.920000076293945,4.900000095367432,4.900000095367432,173100,0.0,0.0
2024-10-31 00:00:00-04:00,4.900000095367432,4.934999942779541,4.889999866485596,4.909999847412109,253200,0.0,0.0
2024-11-01 00:00:00-04:00,4.909999847412109,4.938000202178955,4.909999847412109,4.920000076293945,166900,0.0,0.0
2024-11-04 00:00:00-05:00,4.900000095367432,4.929999828338623,4.900000095367432,4.920000076293945,107600,0.0,0.0
2024-11-05 00:00:00-05:00,4.909999847412109,4.929999828338623,4.815000057220459,4.860000133514404,275300,0.0,0.0
2024-11-06 00:00:00-05:00,4.909999847412109,4.909999847412109,4.809999942779541,4.809999942779541,343400,0.0,0.0
2024-11-07 00:00:00-05:00,4.809999942779541,4.820000171661377,4.650000095367432,4.650000095367432,245500,0.0,0.0
2024-11-08 00:00:00-05:00,4.659999847412109,4.659999847412109,4.449999809265137,4.590000152587891,245900,0.0,0.0
2024-11-11 00:00:00-05:00,4.539999961853027,4.546000003814697,4.420000076293945,4.420000076293945,154200,0.0,0.0
2024-11-12 00:00:00-05:00,4.400000095367432,4.400000095367432,4.159999847412109,4.170000076293945,625600,0.0,0.0
2024-11-13 00:00:00-05:00,4.090000152587891,4.090000152587891,3.799999952316284,3.9100000858306885,817900,0.0,0.0
2024-11-14 00:00:00-05:00,3.890000104904175,4.599999904632568,3.884999990463257,4.579999923706055,811100,0.0,0.0
2024-11-15 00:00:00-05:00,4.539999961853027,4.550000190734863,4.275000095367432,4.5,355600,0.0,0.0
2024-11-18 00:00:00-05:00,4.460000038146973,4.460000038146973,4.199999809265137,4.300000190734863,333500,0.0,0.0
2024-11-19 00:00:00-05:00,4.260000228881836,4.340000152587891,4.099999904632568,4.130000114440918,192100,0.0,0.0
2024-11-20 00:00:00-05:00,4.110000133514404,4.385000228881836,4.110000133514404,4.340000152587891,246000,0.0,0.0
2024-11-21 00:00:00-05:00,4.369999885559082,4.570000171661377,4.329999923706055,4.400000095367432,136000,0.0,0.0
2024-11-22 00:00:00-05:00,4.360000133514404,4.489999771118164,4.360000133514404,4.420000076293945,174800,0.0,0.0
2024-11-25 00:00:00-05:00,4.360000133514404,4.360000133514404,4.099999904632568,4.159999847412109,358200,0.0,0.0
2024-11-26 00:00:00-05:00,4.139999866485596,4.144999980926514,3.9100000858306885,4.099999904632568,459600,0.0,0.0
2024-11-27 00:00:00-05:00,4.099999904632568,4.195000171661377,4.074999809265137,4.139999866485596,110400,0.0,0.0
2024-11-29 00:00:00-05:00,4.119999885559082,4.210000038146973,4.099999904632568,4.159999847412109,42900,0.0,0.0
2024-12-02 00:00:00-05:00,4.150000095367432,4.230000019073486,4.130000114440918,4.150000095367432,96300,0.0,0.0
2024-12-03 00:00:00-05:00,4.139999866485596,4.170000076293945,4.0,4.139999866485596,189900,0.0,0.0
2024-12-04 00:00:00-05:00,4.130000114440918,4.144999980926514,3.9600000381469727,4.019999980926514,310500,0.0,0.0
2024-12-05 00:00:00-05:00,4.050000190734863,4.099999904632568,3.9200000762939453,3.940000057220459,232800,0.0,0.0
2024-12-06 00:00:00-05:00,3.890000104904175,4.039999961853027,3.890000104904175,3.950000047683716,317100,0.0,0.0
2024-12-09 00:00:00-05:00,3.9700000286102295,4.170000076293945,3.9609999656677246,4.050000190734863,183200,0.0,0.0
2024-12-10 00:00:00-05:00,4.0,4.010000228881836,3.865000009536743,3.930000066757202,151900,0.0,0.0
2024-12-11 00:00:00-05:00,3.940000057220459,3.940000057220459,3.799999952316284,3.799999952316284,268900,0.0,0.0
2024-12-12 00:00:00-05:00,3.8299999237060547,3.8499999046325684,3.759999990463257,3.759999990463257,289400,0.0,0.0
2024-12-13 00:00:00-05:00,3.759999990463257,3.7750000953674316,3.7100000381469727,3.7300000190734863,183400,0.0,0.0
2024-12-16 00:00:00-05:00,3.7100000381469727,3.7300000190734863,3.619999885559082,3.619999885559082,230800,0.0,0.0
2024-12-17 00:00:00-05:00,3.5899999141693115,3.6050000190734863,3.234999895095825,3.430000066757202,463800,0.0,0.0
2024-12-18 00:00:00-05:00,3.390000104904175,3.5399999618530273,3.371999979019165,3.4700000286102295,126800,0.0,0.0
2024-12-19 00:00:00-05:00,3.4700000286102295,3.490000009536743,3.0999999046325684,3.0999999046325684,302300,0.0,0.0
2024-12-20 00:00:00-05:00,3.009999990463257,3.069999933242798,2.799999952316284,2.8499999046325684,505600,0.0,0.0
2024-12-23 00:00:00-05:00,2.7799999713897705,2.799999952316284,2.2139999866485596,2.390000104904175,1277000,0.0,0.0
2024-12-24 00:00:00-05:00,2.380000114440918,2.494999885559082,2.3550000190734863,2.490000009536743,195300,0.0,0.0
2024-12-26 00:00:00-05:00,2.490000009536743,2.490000009536743,2.309999942779541,2.390000104904175,382800,0.0,0.0
2024-12-27 00:00:00-05:00,2.390000104904175,2.4649999141693115,2.3499999046325684,2.4100000858306885,264900,0.0,0.0
2024-12-30 00:00:00-05:00,2.359999895095825,2.359999895095825,2.234999895095825,2.319999933242798,281900,0.0,0.0
2024-12-31 00:00:00-05:00,2.309999942779541,2.450000047683716,2.2590999603271484,2.3399999141693115,291174,0.0,0.0
