Date,Open,High,Low,Close,Volume,Dividends,Stock Splits
2022-01-03 00:00:00-05:00,11.359579643648496,11.467034656910537,11.282825435333573,11.367255210876465,66400,0.0,0.0
2022-01-04 00:00:00-05:00,11.405632181069976,11.474710825778853,11.282826026913044,11.290501594543457,54400,0.0,0.0
2022-01-05 00:00:00-05:00,11.321201540257361,11.428657276017503,10.968133530739532,10.975809097290039,67500,0.0,0.0
2022-01-06 00:00:00-05:00,10.906728458952228,11.113963593874745,10.906728458952228,10.94510555267334,40400,0.0,0.0
2022-01-07 00:00:00-05:00,10.922079497233991,11.474707776045761,10.922079497233991,11.129315376281738,58300,0.0,0.0
2022-01-10 00:00:00-05:00,11.190721213537504,11.25212428953088,10.676469903106183,10.968134880065918,108000,0.0,0.0
2022-01-11 00:00:00-05:00,10.958095497085953,11.197490444425673,10.880871866935117,10.950373649597168,74600,0.087,0.0
2022-01-12 00:00:00-05:00,10.942649465185532,11.127987034199696,10.865425109863281,10.865425109863281,80100,0.0,0.0
2022-01-13 00:00:00-05:00,10.919484038208681,11.027597267593924,10.749590873718262,10.749590873718262,82500,0.0,0.0
2022-01-14 00:00:00-05:00,10.741864789522374,10.90403531722292,10.741864789522374,10.857701301574707,50700,0.0,0.0
2022-01-18 00:00:00-05:00,10.757311113323535,10.896313911735412,10.664642335560291,10.803645133972168,76100,0.0,0.0
2022-01-19 00:00:00-05:00,10.795924998508257,10.934928564890024,10.772757982933344,10.819092750549316,60900,0.0,0.0
2022-01-20 00:00:00-05:00,10.888592398218183,11.012150772339728,10.680087089538574,10.680087089538574,72600,0.0,0.0
2022-01-21 00:00:00-05:00,10.579694956287542,10.680086312069696,10.378912244723233,10.386634826660156,88700,0.0,0.0
2022-01-24 00:00:00-05:00,10.255355198626832,10.301689959741939,9.660730305856891,10.031405448913574,240600,0.0,0.0
2022-01-25 00:00:00-05:00,9.861516120527924,10.216746208573637,9.846070949847881,10.039131164550781,106300,0.0,0.0
2022-01-26 00:00:00-05:00,10.154963493347168,10.402080983660314,10.062294710654495,10.154963493347168,81400,0.0,0.0
2022-01-27 00:00:00-05:00,10.193576470553557,10.479305423738486,10.193576470553557,10.317134857177734,110900,0.0,0.0
2022-01-28 00:00:00-05:00,10.378912244723233,10.402079990534002,10.23990945218836,10.386634826660156,53600,0.0,0.0
2022-01-31 00:00:00-05:00,10.432971622015554,10.734145011791455,10.394359441246156,10.65692138671875,49300,0.0,0.0
2022-02-01 00:00:00-05:00,10.710975524519013,10.904035647318128,10.51019282005611,10.873146057128906,64600,0.0,0.0
2022-02-02 00:00:00-05:00,10.857702174619545,11.08937374442063,10.82681258288167,10.888591766357422,46900,0.0,0.0
2022-02-03 00:00:00-05:00,10.834536454119082,10.911760816134812,10.672365883058927,10.765034675598145,31600,0.0,0.0
2022-02-04 00:00:00-05:00,10.71870020659674,10.83453600838878,10.448415687127223,10.579696655273438,69000,0.0,0.0
2022-02-07 00:00:00-05:00,10.59514157968466,10.795923582441546,10.53336238861084,10.53336238861084,51300,0.0,0.0
2022-02-08 00:00:00-05:00,10.571974157417202,10.749589889593317,10.510194964434051,10.548807144165039,50700,0.0,0.0
2022-02-09 00:00:00-05:00,10.54880672340955,10.734144294966526,10.471583103493831,10.703254699707031,78900,0.0,0.0
2022-02-10 00:00:00-05:00,10.641473402000157,10.842256099661608,10.61058381285731,10.757309913635254,20200,0.0,0.0
2022-02-11 00:00:00-05:00,10.734144723114492,10.803646499337056,10.4947505344213,10.548807144165039,45800,0.0,0.0
2022-02-14 00:00:00-05:00,10.60286039413117,10.618305555715814,10.479302047317374,10.595138549804688,28100,0.0,0.0
2022-02-15 00:00:00-05:00,10.616123704961806,10.686069002473614,10.421831541280469,10.484004974365234,62400,0.087,0.0
2022-02-16 00:00:00-05:00,10.429606455108916,10.522866632003414,10.33634627821442,10.499551773071289,39500,0.0,0.0
2022-02-17 00:00:00-05:00,10.43737788903549,10.445149014246644,10.23531381022608,10.297487258911133,23100,0.0,0.0
2022-02-18 00:00:00-05:00,10.320800937115658,10.37520325437088,10.149824343358917,10.18091106414795,56800,0.0,0.0
2022-02-22 00:00:00-05:00,10.041018818558483,10.24308284143896,9.963301658630371,9.963301658630371,88000,0.0,0.0
2022-02-23 00:00:00-05:00,9.955531664075405,10.16536683380186,9.90890121459961,9.90890121459961,65000,0.0,0.0
2022-02-24 00:00:00-05:00,9.66797858444539,9.939987933861524,9.543631707397735,9.90890121459961,156600,0.0,0.0
2022-02-25 00:00:00-05:00,10.017702364463576,10.180907781271197,9.901126643220618,10.118734359741211,67400,0.0,0.0
2022-02-28 00:00:00-05:00,10.08764900910644,10.180909901993665,10.033247439227061,10.165366172790527,48700,0.0,0.0
2022-03-01 00:00:00-05:00,10.204222629053529,10.491774888921118,10.0721039230109,10.118734359741211,48700,0.0,0.0
2022-03-02 00:00:00-05:00,10.21199732381056,10.546179371911089,10.165366874149681,10.468462944030762,55900,0.0,0.0
2022-03-03 00:00:00-05:00,10.515091110331753,10.569493417151515,10.27416925572189,10.460689544677734,63500,0.0,0.0
2022-03-04 00:00:00-05:00,10.398515490673416,10.63166620845215,10.149821786997805,10.38297176361084,61200,0.0,0.0
2022-03-07 00:00:00-05:00,10.359657191654128,10.414058755498825,9.73015105207322,9.870040893554688,205600,0.0,0.0
2022-03-08 00:00:00-05:00,9.9089014760334,10.211997552708253,9.78455459570501,10.079878807067871,55000,0.0,0.0
2022-03-09 00:00:00-05:00,10.173137794032225,10.452918242503639,10.002160482716802,10.06433391571045,57100,0.0,0.0
2022-03-10 00:00:00-05:00,10.002161200779424,10.064334638236549,9.870042460891574,9.947759628295898,31300,0.0,0.0
2022-03-11 00:00:00-05:00,9.98661759494471,10.10319259768242,9.807868417425656,9.854498863220215,71700,0.0,0.0
2022-03-14 00:00:00-04:00,9.823414296542726,10.05656435304959,9.357112701197089,9.411514282226562,110000,0.0,0.0
2022-03-15 00:00:00-04:00,9.43264868090167,9.63617488647651,9.346541038104382,9.393508911132812,76000,0.087,0.0
2022-03-16 00:00:00-04:00,9.479616721760937,9.706626512481797,9.416993382702016,9.56572437286377,149700,0.0,0.0
2022-03-17 00:00:00-04:00,9.58920795073279,9.847529411315918,9.565724385187712,9.847529411315918,127600,0.0,0.0
2022-03-18 00:00:00-04:00,9.675315140217357,9.894497580186844,9.675315140217357,9.82404613494873,80300,0.0,0.0
2022-03-21 00:00:00-04:00,9.800560685482342,9.941462802354364,9.722281151030911,9.784904479980469,167300,0.0,0.0
2022-03-22 00:00:00-04:00,9.839701596929917,9.886669475931695,9.722283019219136,9.82404613494873,101200,0.0,0.0
2022-03-23 00:00:00-04:00,9.847527522434675,9.871011083475306,9.76924799026064,9.808387756347656,36200,0.0,0.0
2022-03-24 00:00:00-04:00,9.847529355168886,9.902324589971343,9.78490601638634,9.831873893737793,55200,0.0,0.0
2022-03-25 00:00:00-04:00,9.86318434033964,9.886667902839445,9.784904803301629,9.816216468811035,57300,0.0,0.0
2022-03-28 00:00:00-04:00,9.863181746924887,9.894493404201238,9.667483702315495,9.792730331420898,86900,0.0,0.0
2022-03-29 00:00:00-04:00,9.831873668532536,9.980603908102053,9.761422227383635,9.964947700500488,76700,0.0,0.0
2022-03-30 00:00:00-04:00,10.019743655682783,10.113678661471578,9.95712031849025,10.004087448120117,59600,0.0,0.0
2022-03-31 00:00:00-04:00,10.10585178113523,10.168475125909133,10.058884645819383,10.113679885864258,59400,0.0,0.0
2022-04-01 00:00:00-04:00,10.082363521611276,10.293717025236754,10.082363521611276,10.1293306350708,87400,0.0,0.0
2022-04-04 00:00:00-04:00,10.207611383177323,10.262406604327392,10.09019283884749,10.144988059997559,44100,0.0,0.0
2022-04-05 00:00:00-04:00,10.18412946921258,10.246752802511292,9.847528492835238,9.902323722839355,202300,0.0,0.0
2022-04-06 00:00:00-04:00,9.925807054608708,9.925807054608708,9.784904195307025,9.808387756347656,59800,0.0,0.0
2022-04-07 00:00:00-04:00,9.78490511131928,9.82404488107036,9.690970111834096,9.753593444824219,71400,0.0,0.0
2022-04-08 00:00:00-04:00,9.761420918256627,9.89449567890668,9.745764712754754,9.784904479980469,61500,0.0,0.0
2022-04-11 00:00:00-04:00,9.72228182280693,9.777077052791713,9.675313949584961,9.675313949584961,62600,0.0,0.0
2022-04-12 00:00:00-04:00,9.751783325694346,9.791200547262713,9.688716071913342,9.712366104125977,58400,0.087,0.0
2022-04-13 00:00:00-04:00,9.751784231299176,9.940986010212512,9.680833376251417,9.76755142211914,70200,0.0,0.0
2022-04-14 00:00:00-04:00,9.822734241747787,9.830617836479904,9.515280813583951,9.594115257263184,128600,0.0,0.0
2022-04-18 00:00:00-04:00,9.578348317665537,9.641415573525743,9.531048251680879,9.538931846618652,102500,0.0,0.0
2022-04-19 00:00:00-04:00,9.499514936338521,9.688716710144949,9.491631341141332,9.625649452209473,68200,0.0,0.0
2022-04-20 00:00:00-04:00,9.665065811588509,9.759666690027268,9.665065811588509,9.704483032226562,80600,0.0,0.0
2022-04-21 00:00:00-04:00,9.736015841755362,9.822733118428829,9.712365060263691,9.728132247924805,111900,0.0,0.0
2022-04-22 00:00:00-04:00,9.736018358997462,9.751784798914093,9.60200023651123,9.60200023651123,103400,0.0,0.0
2022-04-25 00:00:00-04:00,9.538931846618652,9.554698284673208,9.460097400882898,9.538931846618652,73000,0.0,0.0
2022-04-26 00:00:00-04:00,9.49951314553166,9.49951314553166,9.247243409525531,9.294544219970703,111300,0.0,0.0
2022-04-27 00:00:00-04:00,9.294547569741004,9.420682107292727,9.239363897517412,9.247246742248535,105000,0.0,0.0
2022-04-28 00:00:00-04:00,9.318194249282852,9.341845030415877,9.034391642074443,9.294544219970703,216300,0.0,0.0
2022-04-29 00:00:00-04:00,9.294547494586684,9.341848321696686,9.034394825034527,9.06592845916748,141200,0.0,0.0
2022-05-02 00:00:00-04:00,9.050161266190432,9.136879323921914,8.95556036379157,9.06592845916748,98600,0.0,0.0
2022-05-03 00:00:00-04:00,9.152644157409668,9.207828571315014,9.058043271627515,9.152644157409668,78600,0.0,0.0
2022-05-04 00:00:00-04:00,9.128993914081455,9.349729309166015,9.065926658343008,9.341846466064453,82500,0.0,0.0
2022-05-05 00:00:00-04:00,9.30242887948639,9.33396250612244,9.065926303805531,9.121109962463379,78400,0.0,0.0
2022-05-06 00:00:00-04:00,9.121110528815617,9.2314786048053,9.042276833240994,9.152644157409668,57400,0.0,0.0
2022-05-09 00:00:00-04:00,9.073811979291852,9.08957842031507,8.868842983242073,8.884610176086426,74400,0.0,0.0
2022-05-10 00:00:00-04:00,8.95372897308516,8.969618070861447,8.747165398303371,8.810723304748535,97300,0.087,0.0
2022-05-11 00:00:00-04:00,8.76305495059753,8.97756346422849,8.580326149507496,8.59621524810791,107400,0.0,0.0
2022-05-12 00:00:00-04:00,8.556489943962942,8.620047837520433,8.310202538175279,8.477042198181152,107400,0.0,0.0
2022-05-13 00:00:00-04:00,8.500875354738795,8.659770072480965,8.500875354738795,8.651825904846191,130300,0.0,0.0
2022-05-16 00:00:00-04:00,8.818665788489874,8.945781566151672,8.747162974137662,8.858388900756836,260200,0.0,0.0
2022-05-17 00:00:00-04:00,9.01728623822669,9.025230407714844,8.858390725744316,9.025230407714844,137200,0.0,0.0
2022-05-18 00:00:00-04:00,8.961670361693905,9.009339155567762,8.667714946202812,8.739217758178711,146000,0.0,0.0
2022-05-19 00:00:00-04:00,8.667716429863034,9.041119646503036,8.667716429863034,8.874279975891113,62300,0.0,0.0
2022-05-20 00:00:00-04:00,8.937838699659924,8.937838699659924,8.699496182801665,8.86633586883545,43300,0.0,0.0
2022-05-23 00:00:00-04:00,8.921947812253725,9.025229582859916,8.834555894511512,8.850445747375488,134100,0.0,0.0
2022-05-24 00:00:00-04:00,8.826607943737262,8.937834602664823,8.770994993108296,8.929889678955078,70700,0.0,0.0
2022-05-25 00:00:00-04:00,8.810722211326375,8.953727861915812,8.786888188784776,8.882225036621094,107000,0.0,0.0
2022-05-26 00:00:00-04:00,8.906059328479934,9.03317512943898,8.834556501022986,9.001396179199219,218000,0.0,0.0
2022-05-27 00:00:00-04:00,9.064953731850995,9.247683256970635,8.953727789114607,9.231793403625488,131000,0.0,0.0
2022-05-31 00:00:00-04:00,9.295350550951559,9.366853369890162,9.184124617198043,9.255626678466797,117400,0.0,0.0
2022-06-01 00:00:00-04:00,9.319186555249935,9.525750130008232,9.223849695593032,9.247684478759766,143300,0.0,0.0
2022-06-02 00:00:00-04:00,9.263573576534245,9.311242385197701,9.152347619102862,9.247684478759766,157100,0.0,0.0
2022-06-03 00:00:00-04:00,9.192070420002615,9.27151817909876,9.136457443237305,9.136457443237305,66200,0.0,0.0
2022-06-06 00:00:00-04:00,9.160289690753324,9.406577090034318,9.1364556707164,9.144400596618652,100400,0.0,0.0
2022-06-07 00:00:00-04:00,9.136456351997483,9.303296020036406,9.136456351997483,9.207959175109863,49500,0.0,0.0
2022-06-08 00:00:00-04:00,9.247682912819004,9.279461860656738,9.184125017143538,9.279461860656738,33200,0.0,0.0
2022-06-09 00:00:00-04:00,9.247683596612294,9.390688493621239,9.223848815719188,9.263572692871094,65600,0.0,0.0
2022-06-10 00:00:00-04:00,9.160289396546169,9.176179247840329,8.866333966632489,8.945781707763672,113300,0.0,0.0
2022-06-13 00:00:00-04:00,8.898114152202254,8.898114152202254,8.437319007800934,8.461153030395508,239700,0.0,0.0
2022-06-14 00:00:00-04:00,8.55487260671057,8.55487260671057,8.450740173553159,8.522831916809082,78600,0.087,0.0
2022-06-15 00:00:00-04:00,8.546862814400555,8.73109660266793,8.530842086424075,8.650995254516602,84200,0.0,0.0
2022-06-16 00:00:00-04:00,8.498799813075786,8.522830900569227,8.138341903686523,8.138341903686523,163100,0.0,0.0
2022-06-17 00:00:00-04:00,8.122324443844636,8.306558254567275,8.122324443844636,8.282527923583984,67100,0.0,0.0
2022-06-21 00:00:00-04:00,8.322577787183118,8.378648806047716,8.170383930393008,8.330587387084961,102300,0.0,0.0
2022-06-22 00:00:00-04:00,8.290538485736851,8.442731604131493,8.2504874238718,8.3866605758667,30400,0.0,0.0
2022-06-23 00:00:00-04:00,8.38665988001299,8.602934373882912,8.370639151032046,8.442730903625488,40400,0.0,0.0
2022-06-24 00:00:00-04:00,8.546864010433904,8.707067493065514,8.466761887162868,8.538853645324707,42800,0.0,0.0
2022-06-27 00:00:00-04:00,8.570891611082205,8.739105405228473,8.482779914685672,8.675024032592773,70000,0.0,0.0
2022-06-28 00:00:00-04:00,8.650993932309486,8.811197368037206,8.530840782581018,8.562881469726562,132400,0.0,0.0
2022-06-29 00:00:00-04:00,8.538850874422408,8.707064667576947,8.45874954105514,8.506810188293457,64700,0.0,0.0
2022-06-30 00:00:00-04:00,8.562883066839323,8.602934124218967,8.410689965489135,8.5548734664917,86000,0.0,0.0
2022-07-01 00:00:00-04:00,8.58691247308343,8.875278654541034,8.554871786254807,8.811197280883789,66200,0.0,0.0
2022-07-05 00:00:00-04:00,8.691045930265616,8.907320401112377,8.586913494705945,8.779157638549805,41400,0.0,0.0
2022-07-06 00:00:00-04:00,8.899308978684942,8.955380753567706,8.731095181857116,8.811197280883789,63200,0.0,0.0
2022-07-07 00:00:00-04:00,8.915329612493665,8.947370298993228,8.779156503892962,8.84323787689209,27800,0.0,0.0
2022-07-08 00:00:00-04:00,8.843236558106462,8.947368964678407,8.715073831221023,8.819206237792969,55800,0.0,0.0
2022-07-11 00:00:00-04:00,8.835227012634277,8.923339468437808,8.82721741439683,8.835227012634277,64500,0.0,0.0
2022-07-12 00:00:00-04:00,8.897398281304545,8.994284554551287,8.816659335273766,8.913545608520508,50300,0.087,0.0
2022-07-13 00:00:00-04:00,8.921617988588762,8.961987454054206,8.816657686372011,8.90546989440918,27100,0.0,0.0
2022-07-14 00:00:00-04:00,8.808584328822542,9.139612585581924,8.752067534736865,9.075021743774414,58600,0.0,0.0
2022-07-15 00:00:00-04:00,9.139612343123494,9.171907763170505,8.970061195380792,9.08309555053711,59100,0.0,0.0
2022-07-18 00:00:00-04:00,9.155761676629192,9.155761676629192,8.881250184104928,8.913545608520508,54900,0.0,0.0
2022-07-19 00:00:00-04:00,8.970059342083353,9.002354755457834,8.91354256117386,8.94583797454834,40000,0.0,0.0
2022-07-20 00:00:00-04:00,8.994285583496094,9.083097818303132,8.953916105862442,8.994285583496094,32000,0.0,0.0
2022-07-21 00:00:00-04:00,8.929692719626617,9.284942348968285,8.921618671918413,9.236498832702637,78100,0.0,0.0
2022-07-22 00:00:00-04:00,9.244574657965527,9.34953498840332,9.1073189004687,9.34953498840332,24500,0.0,0.0
2022-07-25 00:00:00-04:00,9.430271197608187,9.535231497511152,9.15575976247482,9.293015480041504,46500,0.0,0.0
2022-07-26 00:00:00-04:00,9.268796285180736,9.268796285180736,9.066949668134287,9.155762672424316,54300,0.0,0.0
2022-07-27 00:00:00-04:00,9.260723640728536,9.389905361299332,9.204206060490968,9.268796920776367,51900,0.0,0.0
2022-07-28 00:00:00-04:00,9.301090404875653,9.59174919128418,9.301090404875653,9.59174919128418,63800,0.0,0.0
2022-07-29 00:00:00-04:00,9.680559968800702,9.890480557261046,9.599821813996806,9.769372940063477,70200,0.0,0.0
2022-08-01 00:00:00-04:00,9.729005662882301,9.809743835820639,9.672488094843478,9.7855224609375,40000,0.0,0.0
2022-08-02 00:00:00-04:00,9.785521323052409,9.801669417752509,9.583674759202358,9.656339645385742,57500,0.0,0.0
2022-08-03 00:00:00-04:00,9.63211808207537,9.785521128762866,9.54330510295525,9.688634872436523,57200,0.0,0.0
2022-08-04 00:00:00-04:00,9.761300671221488,9.761300671221488,9.599823562223596,9.664414405822754,25100,0.0,0.0
2022-08-05 00:00:00-04:00,9.607896758168504,9.664414323323001,9.551379962997594,9.583675384521484,38200,0.0,0.0
2022-08-08 00:00:00-04:00,9.559453530673999,9.672487115337798,9.551379483202712,9.599822998046875,62700,0.0,0.0
2022-08-09 00:00:00-04:00,9.59982285390246,9.729004531569126,9.59982285390246,9.656339645385742,30300,0.0,0.0
2022-08-10 00:00:00-04:00,9.777447116826837,9.91470283961326,9.696708954588868,9.90662956237793,39600,0.0,0.0
2022-08-11 00:00:00-04:00,9.93084993176321,9.93084993176321,9.769372853601094,9.85011100769043,47000,0.0,0.0
2022-08-12 00:00:00-04:00,9.882408224601944,9.979294489158796,9.793596007920726,9.963147163391113,53700,0.0,0.0
2022-08-15 00:00:00-04:00,9.922779196515604,10.051960902152254,9.89048377010644,10.027739524841309,45000,0.0,0.0
2022-08-16 00:00:00-04:00,9.992776005148588,10.090345735071889,9.878944265863762,9.96025276184082,45400,0.087,0.0
2022-08-17 00:00:00-04:00,10.065952887159607,10.318007813684265,9.887074672086623,10.187914848327637,203100,0.0,0.0
2022-08-18 00:00:00-04:00,10.163520812988281,10.293613755328115,10.163520812988281,10.163520812988281,29900,0.0,0.0
2022-08-19 00:00:00-04:00,10.04156125781788,10.04156125781788,9.919598513852291,9.96025276184082,25100,0.0,0.0
2022-08-22 00:00:00-04:00,9.878945786925815,9.911469035241188,9.756983799597013,9.773245811462402,64300,0.0,0.0
2022-08-23 00:00:00-04:00,9.756977987376835,9.854547674200811,9.691931529494186,9.797632217407227,31000,0.0,0.0
2022-08-24 00:00:00-04:00,9.765113830566406,9.878944800597461,9.724459580377317,9.765113830566406,46400,0.0,0.0
2022-08-25 00:00:00-04:00,9.83015812712904,9.87894259613756,9.77324265481405,9.8545503616333,32900,0.0,0.0
2022-08-26 00:00:00-04:00,9.838290471436443,9.95212143158207,9.60249677131517,9.675673484802246,50900,0.0,0.0
2022-08-29 00:00:00-04:00,9.73258993948983,9.887075149455898,9.602496967852034,9.618758201599121,56100,0.0,0.0
2022-08-30 00:00:00-04:00,9.618762180039711,9.683808692762662,9.48053814664954,9.537453651428223,63700,0.0,0.0
2022-08-31 00:00:00-04:00,9.594367844790051,9.960254593127994,9.561844595502578,9.610629081726074,56800,0.0,0.0
2022-09-01 00:00:00-04:00,9.54557922844274,9.58623346961837,9.39109404247353,9.456140518188477,40100,0.0,0.0
2022-09-02 00:00:00-04:00,9.55371300749624,9.594367260483555,9.37483475960128,9.480535507202148,41400,0.0,0.0
2022-09-06 00:00:00-04:00,9.456141667976908,9.472402901175299,9.399226188659668,9.399226188659668,56800,0.0,0.0
2022-09-07 00:00:00-04:00,9.553712958358691,9.732591205333627,9.382965717022474,9.52932071685791,41300,0.0,0.0
2022-09-08 00:00:00-04:00,9.496797518563227,9.643151743736029,9.366704529336122,9.480535507202148,64800,0.0,0.0
2022-09-09 00:00:00-04:00,9.537450721024722,9.60249798917735,9.456142992810816,9.578104972839355,32700,0.0,0.0
2022-09-12 00:00:00-04:00,9.618758289593698,9.691935780663222,9.56997381249087,9.586235046386719,31500,0.0,0.0
2022-09-13 00:00:00-04:00,9.452717536736522,9.657499113165978,9.419952515754998,9.477291107177734,35700,0.087,0.0
2022-09-14 00:00:00-04:00,9.4527151873622,9.4527151873622,9.247933661829068,9.26431655883789,35200,0.0,0.0
2022-09-15 00:00:00-04:00,9.288889324755328,9.29708077255565,9.125064274646128,9.157829284667969,44000,0.0,0.0
2022-09-16 00:00:00-04:00,9.08410759412076,9.133254717358913,8.953047557246428,9.018577575683594,67600,0.0,0.0
2022-09-19 00:00:00-04:00,8.94485732369212,9.002195902312087,8.903900861315195,8.928474426269531,77900,0.0,0.0
2022-09-20 00:00:00-04:00,8.90389934387476,8.928472904641167,8.764647864232774,8.797412872314453,61000,0.0,0.0
2022-09-21 00:00:00-04:00,8.75645863297944,8.887519479654106,8.649972915649414,8.649972915649414,77200,0.0,0.0
2022-09-22 00:00:00-04:00,8.617208047836455,8.63359016571596,8.477956530552357,8.502530097961426,51500,0.0,0.0
2022-09-23 00:00:00-04:00,8.436999988435105,8.436999988435105,8.060201906429509,8.17487907409668,283300,0.0,0.0
2022-09-26 00:00:00-04:00,8.125735857841736,8.199457376135099,7.986484274660941,8.01105785369873,78900,0.0,0.0
2022-09-27 00:00:00-04:00,8.043818475886324,8.10115783710986,7.978288446927623,7.99467134475708,72600,0.0,0.0
2022-09-28 00:00:00-04:00,8.011053558838631,8.174878633227847,7.961906427111653,8.166687965393066,96600,0.0,0.0
2022-09-29 00:00:00-04:00,8.092968182527375,8.101159633258272,7.961908095551991,7.986481666564941,69100,0.0,0.0
2022-09-30 00:00:00-04:00,7.978290461240057,8.092968431460793,7.945525438488384,7.961908340454102,93700,0.0,0.0
2022-10-03 00:00:00-04:00,8.060201471745183,8.199452980270909,8.027436456867338,8.166687965393066,86800,0.0,0.0
2022-10-04 00:00:00-04:00,8.273176456674877,8.518913737004423,8.248602103698113,8.428810119628906,69500,0.0,0.0
2022-10-05 00:00:00-04:00,8.371469497680664,8.412425961543537,8.281365120946427,8.371469497680664,54500,0.0,0.0
2022-10-06 00:00:00-04:00,8.37147098511171,8.420618125535892,8.256793022155762,8.256793022155762,30000,0.0,0.0
2022-10-07 00:00:00-04:00,8.281365160475017,8.289556609522606,8.125731534468716,8.20764446258545,70800,0.0,0.0
2022-10-10 00:00:00-04:00,8.19126115501193,8.453381261994858,8.125731128266196,8.133922576904297,45100,0.0,0.0
2022-10-11 00:00:00-04:00,8.098390585811744,8.197554455668493,8.05707210968367,8.073599815368652,64400,0.087,0.0
2022-10-12 00:00:00-04:00,8.0736022434258,8.123183799223153,8.057074532770269,8.081865310668945,29700,0.0,0.0
2022-10-13 00:00:00-04:00,7.999226838595508,8.329773076519126,7.9331175910107845,8.222345352172852,67100,0.0,0.0
2022-10-14 00:00:00-04:00,8.271926304951277,8.296717071647757,8.106653213500977,8.106653213500977,47400,0.0,0.0
2022-10-17 00:00:00-04:00,8.230607941145593,8.304981030277832,7.908324817600649,8.048807144165039,90400,0.0,0.0
2022-10-18 00:00:00-04:00,8.21408178773823,8.222345640997704,8.065336369489847,8.13970947265625,66300,0.0,0.0
2022-10-19 00:00:00-04:00,8.114917503412345,8.181026749983511,7.990962863112503,8.073599815368652,52900,0.0,0.0
2022-10-20 00:00:00-04:00,8.073602365633567,8.23887553426747,8.073602365633567,8.156238555908203,49000,0.0,0.0
2022-10-21 00:00:00-04:00,8.1397081304245,8.395881234550002,8.1397081304245,8.329771995544434,41500,0.0,0.0
2022-10-24 00:00:00-04:00,8.271927975601825,8.412410328728347,8.205818725669866,8.346301078796387,49900,0.0,0.0
2022-10-25 00:00:00-04:00,8.395883980559109,8.461993241186775,8.35456549564568,8.4124116897583,53000,0.0,0.0
2022-10-26 00:00:00-04:00,8.371089147686305,8.528098368559288,8.371089147686305,8.445462226867676,87900,0.0,0.0
2022-10-27 00:00:00-04:00,8.470255445092588,8.69337474729261,8.470255445092588,8.635528564453125,49300,0.0,0.0
2022-10-28 00:00:00-04:00,8.668582651733837,8.6933742091666,8.594209555604245,8.676846504211426,40600,0.0,0.0
2022-10-31 00:00:00-04:00,8.693370567808463,8.825588999730657,8.668579020760038,8.751215934753418,88900,0.0,0.0
2022-11-01 00:00:00-04:00,8.833856053043093,8.941283774551854,8.693374496699423,8.850383758544922,46300,0.0,0.0
2022-11-02 00:00:00-04:00,8.88343853414331,8.941283928225147,8.88343853414331,8.8999662399292,25100,0.0,0.0
2022-11-03 00:00:00-04:00,8.800800057528967,8.933019316669224,8.734690822000964,8.833854675292969,45300,0.0,0.0
2022-11-04 00:00:00-04:00,8.858648694194743,9.05697645595442,8.842120986672533,8.949548721313477,34900,0.0,0.0
2022-11-07 00:00:00-05:00,8.891700423570029,8.891700423570029,8.676845024304189,8.69337272644043,46900,0.0,0.0
2022-11-08 00:00:00-05:00,8.80079797876297,8.87517104818597,8.6933710874676,8.734688758850098,33400,0.0,0.0
2022-11-09 00:00:00-05:00,8.64379119520789,8.817328143019383,8.64379119520789,8.66858196258545,37300,0.0,0.0
2022-11-10 00:00:00-05:00,8.858647482324221,9.015656741883847,8.825592859886175,8.9826021194458,59300,0.0,0.0
2022-11-11 00:00:00-05:00,8.97433750806451,9.29662064065075,8.957810592284966,9.238775253295898,36200,0.0,0.0
2022-11-14 00:00:00-05:00,9.255303375784822,9.453631119503173,9.04044792604774,9.280094146728516,37600,0.0,0.0
2022-11-15 00:00:00-05:00,9.360878153033799,9.394190855583341,8.994438424988827,9.069392204284668,45000,0.087,0.0
2022-11-16 00:00:00-05:00,9.044406858865173,9.152673338043169,9.002766577382255,9.01942253112793,24300,0.0,0.0
2022-11-17 00:00:00-05:00,8.9777802061686,9.01109290326202,8.844529417794924,8.919483184814453,15400,0.0,0.0
2022-11-18 00:00:00-05:00,8.952794792206491,9.019420178283932,8.844528341271339,8.902825355529785,20100,0.0,0.0
2022-11-21 00:00:00-05:00,8.83620179631427,9.119360142804275,8.827874217010823,8.852858543395996,28600,0.0,0.0
2022-11-22 00:00:00-05:00,8.977780271504733,8.994437017291336,8.886170552390473,8.927811622619629,41900,0.0,0.0
2022-11-23 00:00:00-05:00,8.93613865606519,9.169328317426185,8.911154333146978,9.06106185913086,29100,0.0,0.0
2022-11-25 00:00:00-05:00,9.069389629137762,9.210968773332949,9.069389629137762,9.185983657836914,40300,0.0,0.0
2022-11-28 00:00:00-05:00,9.0860476567279,9.369206009882333,9.07771928299102,9.25261116027832,52600,0.0,0.0
2022-11-29 00:00:00-05:00,9.227627847386787,9.310910005433112,9.094377029902684,9.260940551757812,46100,0.0,0.0
2022-11-30 00:00:00-05:00,9.360877264007748,9.48580048238237,9.161001067693237,9.410846710205078,82900,0.0,0.0
2022-12-01 00:00:00-05:00,9.519113733111764,9.694005613575987,9.519113733111764,9.585739135742188,52000,0.0,0.0
2022-12-02 00:00:00-05:00,9.569081470597748,9.72731738235334,9.43583067811138,9.610722541809082,53200,0.0,0.0
2022-12-05 00:00:00-05:00,9.602396819170645,9.685678984580834,9.452490033364931,9.519115447998047,50900,0.0,0.0
2022-12-06 00:00:00-05:00,9.52743958839206,9.535767960772874,9.252609653723647,9.344220161437988,38000,0.0,0.0
2022-12-07 00:00:00-05:00,9.394188407733266,9.552424299290069,9.302578698152196,9.535767555236816,46000,0.0,0.0
2022-12-08 00:00:00-05:00,9.63570580733168,9.63570580733168,9.394188573947204,9.577408790588379,52300,0.0,0.0
2022-12-09 00:00:00-05:00,9.5524263381958,9.68567714211428,9.469144188628032,9.5524263381958,46700,0.0,0.0
2022-12-12 00:00:00-05:00,9.55242617692511,9.702332931683847,9.444159702009816,9.510785102844238,60500,0.0,0.0
2022-12-13 00:00:00-05:00,9.692897082612781,9.692897082612781,9.44952567674407,9.558623313903809,32900,0.087,0.0
2022-12-14 00:00:00-05:00,9.49148313133941,9.869128174688642,9.432737777691651,9.852343559265137,92400,0.0,0.0
2022-12-15 00:00:00-05:00,9.692892865325248,9.860735003184912,9.659324437753316,9.785205841064453,79400,0.0,0.0
2022-12-16 00:00:00-05:00,9.650933166294228,9.650933166294228,9.013132173658844,9.038309097290039,102000,0.0,0.0
2022-12-19 00:00:00-05:00,9.038310000426907,9.18936755563558,8.862075519071285,9.021525382995605,58900,0.0,0.0
2022-12-20 00:00:00-05:00,8.962779575705973,9.45791451635906,8.89564271599042,9.315248489379883,53100,0.0,0.0
2022-12-21 00:00:00-05:00,9.357209461879261,9.382386387309436,9.038309743109574,9.239720344543457,62200,0.0,0.0
2022-12-22 00:00:00-05:00,9.189363748106553,9.231324473964154,8.86207184715267,8.954384803771973,60900,0.0,0.0
2022-12-23 00:00:00-05:00,8.93760384492164,9.105446816927454,8.878859284920367,9.055093765258789,98000,0.0,0.0
2022-12-27 00:00:00-05:00,9.01313328630037,9.05509403053108,8.870467236116736,8.887251853942871,46800,0.0,0.0
2022-12-28 00:00:00-05:00,8.878858714224693,9.063485491363293,8.71101655334167,8.727800369262695,80000,0.0,0.0
2022-12-29 00:00:00-05:00,8.752978221484417,8.845291219671857,8.711017476732074,8.76976203918457,75800,0.0,0.0
2022-12-30 00:00:00-05:00,8.76976203918457,8.929212709176541,8.752978221484417,8.76976203918457,65300,0.0,0.0
2023-01-03 00:00:00-05:00,9.013132099057758,9.105445884272335,8.862074560193534,9.063485145568848,58500,0.0,0.0
2023-01-04 00:00:00-05:00,9.147405493187286,9.382385301329947,9.029916389450449,9.348816871643066,118300,0.0,0.0
2023-01-05 00:00:00-05:00,9.273290301774631,9.441132497213708,9.264897991918998,9.424347877502441,73000,0.0,0.0
2023-01-06 00:00:00-05:00,9.432739098958518,9.793600377765483,9.130623182027916,9.53344440460205,112600,0.0,0.0
2023-01-09 00:00:00-05:00,9.575403353474387,9.86912770678388,9.399168901555587,9.474698066711426,103400,0.0,0.0
2023-01-10 00:00:00-05:00,9.42434673790953,9.642541965763503,9.42434673790953,9.567012786865234,24400,0.0,0.0
2023-01-11 00:00:00-05:00,9.667720724017355,9.692896854975329,9.516662337599968,9.64254379272461,31900,0.0,0.0
2023-01-12 00:00:00-05:00,9.667718654223195,9.961442253408016,9.650934036954839,9.793600082397461,76300,0.0,0.0
2023-01-13 00:00:00-05:00,9.751639060284525,10.020186526210496,9.751639060284525,9.953049659729004,52000,0.0,0.0
2023-01-17 00:00:00-05:00,9.865971565246582,9.975875371944774,9.764522083582591,9.865971565246582,78100,0.087,0.0
2023-01-18 00:00:00-05:00,9.882879409066174,9.975875371944774,9.849062915178179,9.865971565246582,68300,0.0,0.0
2023-01-19 00:00:00-05:00,9.747612106664974,9.798337243716647,9.460171544619131,9.5193510055542,78100,0.0,0.0
2023-01-20 00:00:00-05:00,9.544713478693911,9.578529969069095,9.417901841349153,9.44326400756836,61500,0.0,0.0
2023-01-23 00:00:00-05:00,9.43480968341238,9.527805636630683,9.350268860598785,9.44326400756836,103800,0.0,0.0
2023-01-24 00:00:00-05:00,9.44326195478106,9.595436531513863,9.392536827120606,9.477078437805176,65100,0.0,0.0
2023-01-25 00:00:00-05:00,9.485536422357283,9.527807244019744,9.460173445610486,9.50244426727295,41200,0.0,0.0
2023-01-26 00:00:00-05:00,9.603894708435377,9.603894708435377,9.426357884836488,9.52780818939209,56100,0.0,0.0
2023-01-27 00:00:00-05:00,9.55316989018212,9.671527229231542,9.502444740411724,9.603894233703613,54300,0.0,0.0
2023-01-30 00:00:00-05:00,9.553170043441572,9.713798208835096,9.519353545135097,9.586986541748047,41100,0.0,0.0
2023-01-31 00:00:00-05:00,9.696888766558475,9.882879073502938,9.65461794907154,9.73915958404541,78400,0.0,0.0
2023-02-01 00:00:00-05:00,9.781430875917497,9.882880367419148,9.688435710269873,9.857518196105957,47700,0.0,0.0
2023-02-02 00:00:00-05:00,10.001237228033283,10.026599396093934,9.891333424772075,9.925149917602539,68600,0.0,0.0
2023-02-03 00:00:00-05:00,9.865973796363871,9.93360679943457,9.756069964811736,9.806795120239258,31700,0.0,0.0
2023-02-06 00:00:00-05:00,9.772976725386407,9.86597188503043,9.747613749461715,9.7814302444458,39800,0.0,0.0
2023-02-07 00:00:00-05:00,9.857516930001712,9.94205856518563,9.756067451530281,9.93360424041748,44200,0.0,0.0
2023-02-08 00:00:00-05:00,9.891335329192492,9.975876980670208,9.832156656907456,9.91669750213623,41600,0.0,0.0
2023-02-09 00:00:00-05:00,9.925149915649332,10.00969155083325,9.882879098057373,9.93360424041748,45000,0.0,0.0
2023-02-10 00:00:00-05:00,9.93360615493135,10.001239153613946,9.865973156248755,9.91669750213623,51900,0.0,0.0
2023-02-13 00:00:00-05:00,9.96742184354054,10.144958652204068,9.933605346949815,10.119596481323242,82800,0.0,0.0
2023-02-14 00:00:00-05:00,10.202200421726943,10.22774908864198,9.955235659943199,9.972268104553223,90600,0.087,0.0
2023-02-15 00:00:00-05:00,9.921172355216319,10.014849183560672,9.887108275496114,9.955236434936523,36400,0.0,0.0
2023-02-16 00:00:00-05:00,9.921171060510531,10.014847876630126,9.776398537554444,9.895623207092285,39900,0.0,0.0
2023-02-17 00:00:00-05:00,9.86156210272555,9.921174049377441,9.725305760577307,9.921174049377441,30300,0.0,0.0
2023-02-21 00:00:00-05:00,9.818980872067728,9.87859362528176,9.58904851929065,9.776400566101074,50600,0.0,0.0
2023-02-22 00:00:00-05:00,9.699754429331236,9.73381850268172,9.529433250427246,9.529433250427246,71400,0.0,0.0
2023-02-23 00:00:00-05:00,9.59756409433757,9.657176031371407,9.51240348815918,9.51240348815918,39600,0.0,0.0
2023-02-24 00:00:00-05:00,9.435761114879671,9.640145638660366,9.435761114879671,9.53795337677002,39400,0.0,0.0
2023-02-27 00:00:00-05:00,9.572015075380436,9.691239757242732,9.554983442058225,9.597563743591309,46500,0.0,0.0
2023-02-28 00:00:00-05:00,9.614595925962893,9.733820614633611,9.614595925962893,9.691240310668945,38100,0.0,0.0
2023-03-01 00:00:00-05:00,9.640144765536874,9.801949774655577,9.640144765536874,9.708272933959961,44900,0.0,0.0
2023-03-02 00:00:00-05:00,9.58053184522151,9.733820614633611,9.572015621998226,9.691240310668945,73100,0.0,0.0
2023-03-03 00:00:00-05:00,9.70827120475442,9.870076185052948,9.64865927104006,9.725303649902344,39500,0.0,0.0
2023-03-06 00:00:00-05:00,9.691238748837753,9.91265564404928,9.682722526986936,9.750850677490234,63400,0.0,0.0
2023-03-07 00:00:00-05:00,9.767883121191867,9.836011271695165,9.648658451735287,9.750850677490234,38500,0.0,0.0
2023-03-08 00:00:00-05:00,9.733821334516286,9.801949501037598,9.69975725125563,9.801949501037598,31000,0.0,0.0
2023-03-09 00:00:00-05:00,9.75085138286626,9.801947905515862,9.537950694104326,9.554983139038086,32200,0.0,0.0
2023-03-10 00:00:00-05:00,9.537951388050873,9.623111994612293,9.035505596072317,9.078085899353027,122200,0.0,0.0
2023-03-13 00:00:00-04:00,9.026989325697787,9.231373787404117,8.992925248746733,9.086601257324219,48200,0.0,0.0
2023-03-14 00:00:00-04:00,9.17847204561591,9.29867684337124,9.101198410089122,9.118370056152344,39700,0.087,0.0
2023-03-15 00:00:00-04:00,9.041094383995382,9.10119718419152,8.85220220860205,8.95523452758789,44900,0.0,0.0
2023-03-16 00:00:00-04:00,8.886546875262198,9.075439062565922,8.886546875262198,8.989579200744629,53800,0.0,0.0
2023-03-17 00:00:00-04:00,8.95523486729541,9.041094726959907,8.886546652032568,8.895132064819336,37600,0.0,0.0
2023-03-20 00:00:00-04:00,8.92947769165039,9.00675215167506,8.886548163928467,8.92947769165039,42800,0.0,0.0
2023-03-21 00:00:00-04:00,9.015336508955944,9.058266846573732,8.843615977312876,8.95523452758789,50700,0.0,0.0
2023-03-22 00:00:00-04:00,8.955235783885307,9.041095652337768,8.903719207751273,8.946649551391602,50200,0.0,0.0
2023-03-23 00:00:00-04:00,8.980992795967921,9.144127103466609,8.980992795967921,9.041094779968262,45700,0.0,0.0
2023-03-24 00:00:00-04:00,8.980994389335578,9.126957078227978,8.946650275409617,9.0496826171875,24000,0.0,0.0
2023-03-27 00:00:00-04:00,9.02392452445944,9.118370630830032,9.02392452445944,9.032510757446289,35300,0.0,0.0
2023-03-28 00:00:00-04:00,9.075440284724039,9.126956863816881,9.006752058485745,9.032510757446289,28600,0.0,0.0
2023-03-29 00:00:00-04:00,9.144126770086123,9.264331552532445,9.109782663505472,9.22140121459961,37800,0.0,0.0
2023-03-30 00:00:00-04:00,9.27291616754118,9.290087808424307,9.15271140604751,9.212813377380371,32400,0.0,0.0
2023-03-31 00:00:00-04:00,9.444638640533785,9.444638640533785,9.204229886228436,9.410294532775879,60700,0.0,0.0
2023-04-03 00:00:00-04:00,9.358778434979875,9.56484391077576,9.31584891223272,9.470396995544434,50400,0.0,0.0
2023-04-04 00:00:00-04:00,9.556258030477737,9.556258030477737,9.410295355045415,9.487569808959961,35600,0.0,0.0
2023-04-05 00:00:00-04:00,9.470398668331846,9.573431015014648,9.375952555246354,9.573431015014648,34000,0.0,0.0
2023-04-06 00:00:00-04:00,9.461811930597843,9.590602141236625,9.35019336592441,9.487569808959961,35400,0.0,0.0
2023-04-10 00:00:00-04:00,9.31584899883753,9.530499889881453,9.272918656863112,9.444639205932617,55000,0.0,0.0
2023-04-11 00:00:00-04:00,9.50262530674904,9.519934675056438,9.398771572972976,9.450698852539062,42600,0.087,0.0
2023-04-12 00:00:00-04:00,9.459353229191246,9.554552275718912,9.442043861446534,9.46800708770752,32500,0.0,0.0
2023-04-13 00:00:00-04:00,9.442044326018003,9.563207430124253,9.433389641719815,9.502625465393066,46600,0.0,0.0
2023-04-14 00:00:00-04:00,9.502624258569353,9.580514756648776,9.44204312688803,9.459352493286133,42400,0.0,0.0
2023-04-17 00:00:00-04:00,9.485315411374298,9.528588000616846,9.44204282213175,9.47666072845459,27600,0.0,0.0
2023-04-18 00:00:00-04:00,9.49397038759062,9.59782410976749,9.398770523244812,9.52858829498291,57900,0.0,0.0
2023-04-19 00:00:00-04:00,9.5632059180699,9.58916914150325,9.390116386254244,9.407424926757812,44800,0.0,0.0
2023-04-20 00:00:00-04:00,9.39012004846543,9.44204651558381,9.346847442295907,9.355502128601074,25300,0.0,0.0
2023-04-21 00:00:00-04:00,9.346843423099772,9.355498105683376,9.260298247975642,9.294916152954102,70300,0.0,0.0
2023-04-24 00:00:00-04:00,9.372808297508957,9.372808297508957,9.268954564268727,9.320881843566895,35700,0.0,0.0
2023-04-25 00:00:00-04:00,9.303568920415609,9.303568920415609,9.217023763106637,9.225678443908691,42300,0.0,0.0
2023-04-26 00:00:00-04:00,9.225679483131456,9.329533188387305,9.225679483131456,9.286260604858398,34200,0.0,0.0
2023-04-27 00:00:00-04:00,9.329534518958168,9.398770332336426,9.303571295280321,9.398770332336426,32200,0.0,0.0
2023-04-28 00:00:00-04:00,9.519933789488755,9.64109688030133,9.442043290063246,9.511279106140137,64100,0.0,0.0
2023-05-01 00:00:00-04:00,9.51993454474908,9.623788277103612,9.51993454474908,9.597825050354004,34800,0.0,0.0
2023-05-02 00:00:00-04:00,9.58051435803658,9.58051435803658,9.476660640037016,9.485315322875977,40500,0.0,0.0
2023-05-03 00:00:00-04:00,9.459353467272944,9.537243973372401,9.390117645263672,9.390117645263672,59100,0.0,0.0
2023-05-04 00:00:00-04:00,9.442041575420115,9.442041575420115,9.277606748437321,9.286260604858398,40100,0.0,0.0
2023-05-05 00:00:00-04:00,9.41608049237333,9.41608049237333,9.312226763548441,9.346844673156738,37400,0.0,0.0
2023-05-08 00:00:00-04:00,9.372805771916214,9.416078355445123,9.277606748437321,9.286260604858398,39900,0.0,0.0
2023-05-09 00:00:00-04:00,9.301095923038996,9.344722243569208,9.274920463562012,9.274920463562012,39200,0.087,0.0
2023-05-10 00:00:00-04:00,9.344721060756902,9.344721060756902,9.274919289584895,9.309820175170898,30300,0.0,0.0
2023-05-11 00:00:00-04:00,9.25746843074052,9.370896516920716,9.248743833421079,9.309820175170898,48100,0.0,0.0
2023-05-12 00:00:00-04:00,9.301094449930268,9.318545308219626,9.205117225646973,9.205117225646973,16300,0.0,0.0
2023-05-15 00:00:00-04:00,9.187667097677746,9.33599607651694,9.187667097677746,9.240018844604492,26500,0.0,0.0
2023-05-16 00:00:00-04:00,9.178942499942279,9.362171533928917,9.178942499942279,9.240018844604492,33700,0.0,0.0
2023-05-17 00:00:00-04:00,9.266195297241211,9.301096188239935,9.161492624245042,9.266195297241211,46500,0.0,0.0
2023-05-18 00:00:00-04:00,9.222568975467087,9.292370757464534,9.187668084468365,9.266195297241211,64900,0.0,0.0
2023-05-19 00:00:00-04:00,9.266196178415711,9.318547935943656,9.178944358673077,9.213845252990723,85900,0.0,0.0
2023-05-22 00:00:00-04:00,9.196391323047855,9.29236854238999,9.152765011673182,9.161490440368652,58300,0.0,0.0
2023-05-23 00:00:00-04:00,9.152765627095931,9.196391941403993,9.004436657710162,9.03061294555664,77500,0.0,0.0
2023-05-24 00:00:00-04:00,9.048062762392153,9.065513620552169,8.952085538820212,8.97826099395752,72800,0.0,0.0
2023-05-25 00:00:00-04:00,8.986986643039616,8.986986643039616,8.899734014309017,8.943360328674316,53100,0.0,0.0
2023-05-26 00:00:00-04:00,8.969535858042148,9.11786482883948,8.952085831414504,9.082963943481445,57900,0.0,0.0
2023-05-30 00:00:00-04:00,9.13531660617092,9.144041204310671,9.0393385377082,9.05678939819336,51300,0.0,0.0
2023-05-31 00:00:00-04:00,9.091690978804955,9.100416409711412,9.03061462666554,9.065515518188477,72600,0.0,0.0
2023-06-01 00:00:00-04:00,9.065513904433121,9.187666586967508,9.030613019122905,9.17021656036377,62300,0.0,0.0
2023-06-02 00:00:00-04:00,9.292369621081876,9.388347683668172,9.222567847620631,9.3272705078125,49800,0.0,0.0
2023-06-05 00:00:00-04:00,9.335995201856255,9.379621514857531,9.257468004874504,9.29236888885498,40100,0.0,0.0
2023-06-06 00:00:00-04:00,9.283644543155601,9.44069810926632,9.27491911389869,9.370896339416504,60900,0.0,0.0
2023-06-07 00:00:00-04:00,9.440698360488929,9.589027333392593,9.414522904124386,9.449423789978027,116100,0.0,0.0
2023-06-08 00:00:00-04:00,9.370896875145355,9.597753056177863,9.327270558469445,9.554126739501953,93700,0.0,0.0
2023-06-09 00:00:00-04:00,9.510497785859354,9.702453026748442,9.449421458709324,9.5192232131958,66900,0.0,0.0
2023-06-12 00:00:00-04:00,9.475600442771874,9.562853084474241,9.423249523432741,9.527952194213867,46500,0.0,0.0
2023-06-13 00:00:00-04:00,9.542904521295965,9.542904521295965,9.481336827142592,9.490132331848145,58700,0.087,0.0
2023-06-14 00:00:00-04:00,9.46374498888239,9.534107336557064,9.446153982571047,9.498926162719727,39000,0.0,0.0
2023-06-15 00:00:00-04:00,9.454949378967285,9.578083905400279,9.42856370858355,9.454949378967285,67600,0.0,0.0
2023-06-16 00:00:00-04:00,9.551697991216745,9.551697991216745,9.446154464322047,9.481335639953613,34700,0.0,0.0
2023-06-20 00:00:00-04:00,9.454949967926288,9.578084502029462,9.446154464322047,9.481335639953613,86200,0.0,0.0
2023-06-21 00:00:00-04:00,9.45494890776289,9.490130079449667,9.393382067007359,9.437357902526855,60900,0.0,0.0
2023-06-22 00:00:00-04:00,9.454952704131454,9.472543716430664,9.41977151831867,9.472543716430664,38800,0.0,0.0
2023-06-23 00:00:00-04:00,9.490131247688462,9.701218303794013,9.481335743987714,9.525312423706055,37500,0.0,0.0
2023-06-26 00:00:00-04:00,9.498926777988247,9.498926777988247,9.419768922030658,9.446154594421387,74900,0.0,0.0
2023-06-27 00:00:00-04:00,9.45494890776289,9.46374441038091,9.340609890084547,9.437357902526855,126900,0.0,0.0
2023-06-28 00:00:00-04:00,9.454949034625516,9.481334704048306,9.375791187571838,9.402176856994629,175100,0.0,0.0
2023-06-29 00:00:00-04:00,9.402176730840079,9.45494890776289,9.402176730840079,9.437357902526855,64200,0.0,0.0
2023-06-30 00:00:00-04:00,9.454950098146764,9.498926777988247,9.41097341830528,9.446154594421387,338500,0.0,0.0
2023-07-03 00:00:00-04:00,9.45495007167087,9.54290343110755,9.428564399354027,9.525312423706055,136100,0.0,0.0
2023-07-05 00:00:00-04:00,9.472539880013898,9.648445737835242,9.472539880013898,9.595673561096191,120700,0.0,0.0
2023-07-06 00:00:00-04:00,9.586878677920394,9.586878677920394,9.46374498888239,9.498926162719727,42300,0.0,0.0
2023-07-07 00:00:00-04:00,9.463747121386126,9.542904990053426,9.437360605973334,9.507723808288574,178500,0.0,0.0
2023-07-10 00:00:00-04:00,9.490131453091559,9.648447167989985,9.490131453091559,9.613265991210938,109200,0.0,0.0
2023-07-11 00:00:00-04:00,9.610605354148968,9.699263566570945,9.592873204355309,9.654934883117676,37400,0.087,0.0
2023-07-12 00:00:00-04:00,9.725864307588763,9.80565731127382,9.654937381094413,9.681534767150879,86300,0.0,0.0
2023-07-13 00:00:00-04:00,9.708128090741113,9.770189759590068,9.672664642333984,9.672664642333984,85800,0.0,0.0
2023-07-14 00:00:00-04:00,9.672667267954735,9.71699680187561,9.592874276000265,9.61947250366211,72200,0.0,0.0
2023-07-17 00:00:00-04:00,9.654935367235518,9.672666672402823,9.610605836044039,9.637203216552734,47800,0.0,0.0
2023-07-18 00:00:00-04:00,9.663802251381002,9.708131790161133,9.637204866319173,9.708131790161133,62300,0.0,0.0
2023-07-19 00:00:00-04:00,9.681532737120953,9.77019179940663,9.67266666178929,9.716996192932129,89900,0.0,0.0
2023-07-20 00:00:00-04:00,9.699266076016638,9.716998230398055,9.67266868996017,9.681534767150879,32400,0.0,0.0
2023-07-21 00:00:00-04:00,9.752459043064885,9.841118099844373,9.70812951467514,9.770191192626953,45300,0.0,0.0
2023-07-24 00:00:00-04:00,9.770191676502277,9.787922981427073,9.725862145917084,9.752459526062012,35400,0.0,0.0
2023-07-25 00:00:00-04:00,9.734727375621747,9.779056906206941,9.708129995476819,9.752459526062012,38200,0.0,0.0
2023-07-26 00:00:00-04:00,9.796789543607375,9.796789543607375,9.69926440236926,9.73472785949707,56300,0.0,0.0
2023-07-27 00:00:00-04:00,9.78792346562131,9.83225299839942,9.690399169921875,9.690399169921875,40500,0.0,0.0
2023-07-28 00:00:00-04:00,9.725861544738772,9.823385829585618,9.725861544738772,9.805654525756836,31000,0.0,0.0
2023-07-31 00:00:00-04:00,9.849985946452785,9.912047640895661,9.814522483420708,9.885449409484863,73900,0.0,0.0
2023-08-01 00:00:00-04:00,9.894313936602435,9.920911318330898,9.849984403377983,9.858850479125977,61200,0.0,0.0
2023-08-02 00:00:00-04:00,9.796788698864948,9.82338607803853,9.770191319691364,9.779056549072266,65500,0.0,0.0
2023-08-03 00:00:00-04:00,9.743593215942383,9.796788820465265,9.699263686425889,9.743593215942383,50500,0.0,0.0
2023-08-04 00:00:00-04:00,9.74359345084188,9.832252512012268,9.734727375621747,9.752459526062012,72000,0.0,0.0
2023-08-07 00:00:00-04:00,9.796789888839477,9.82338727124373,9.761326430461958,9.787923812866211,42100,0.0,0.0
2023-08-08 00:00:00-04:00,9.779057736892947,9.814521195270466,9.708130820137908,9.787923812866211,39400,0.0,0.0
2023-08-09 00:00:00-04:00,9.779056186126475,9.823385713447466,9.690397976999902,9.761324882507324,39000,0.0,0.0
2023-08-10 00:00:00-04:00,9.787922623968607,9.876581681901133,9.752459169898684,9.779056549072266,38000,0.0,0.0
2023-08-11 00:00:00-04:00,9.761324176005083,9.885445828901727,9.75245810207951,9.814518928527832,47500,0.0,0.0
2023-08-14 00:00:00-04:00,9.832253330926843,9.885448095647217,9.805655948566656,9.867716789245605,52200,0.0,0.0
2023-08-15 00:00:00-04:00,9.847164238204455,9.86503523577885,9.79354954112787,9.802485466003418,35600,0.087,0.0
2023-08-16 00:00:00-04:00,9.775677860764043,9.811420708708864,9.704192164874401,9.713128089904785,28200,0.0,0.0
2023-08-17 00:00:00-04:00,9.704190417822272,9.75780510617557,9.61483374013552,9.632704734802246,29900,0.0,0.0
2023-08-18 00:00:00-04:00,9.67738454787925,9.67738454787925,9.570156011735424,9.6058988571167,37700,0.0,0.0
2023-08-21 00:00:00-04:00,9.623772621154785,9.668450547640392,9.552286063988804,9.623772621154785,33000,0.0,0.0
2023-08-22 00:00:00-04:00,9.605900857585615,9.65951556291134,9.543351078186294,9.570158004760742,21300,0.0,0.0
2023-08-23 00:00:00-04:00,9.579092884075457,9.66844958028309,9.579092884075457,9.596963882446289,42600,0.0,0.0
2023-08-24 00:00:00-04:00,9.632705955058563,9.65057780416583,9.498670495460752,9.543349266052246,55300,0.0,0.0
2023-08-25 00:00:00-04:00,9.534413158487894,9.605898849191465,9.534413158487894,9.588027000427246,27700,0.0,0.0
2023-08-28 00:00:00-04:00,9.605900768819085,9.668450547640392,9.588028916483383,9.623772621154785,23800,0.0,0.0
2023-08-29 00:00:00-04:00,9.632705782071088,9.766742091438498,9.614834785461426,9.614834785461426,79600,0.0,0.0
2023-08-30 00:00:00-04:00,9.748870070162694,9.748870070162694,9.659513384342088,9.686320304870605,42800,0.0,0.0
2023-08-31 00:00:00-04:00,9.856098428309426,9.856098428309426,9.67738420768548,9.748869895935059,86000,0.0,0.0
2023-09-01 00:00:00-04:00,9.74887170960698,9.829293336893485,9.739935783869194,9.775678634643555,50800,0.0,0.0
2023-09-05 00:00:00-04:00,9.748871026741657,9.784613875012388,9.659514332153192,9.677385330200195,51300,0.0,0.0
2023-09-06 00:00:00-04:00,9.713128178470926,9.713128178470926,9.614835558770597,9.677385330200195,39400,0.0,0.0
2023-09-07 00:00:00-04:00,9.605898515225281,9.78461273577089,9.605898515225281,9.739933967590332,61600,0.0,0.0
2023-09-08 00:00:00-04:00,9.713128089904785,9.775677860764043,9.677385241959964,9.713128089904785,20600,0.0,0.0
2023-09-11 00:00:00-04:00,9.820356640428804,9.820356640428804,9.69525709862507,9.730999946594238,50000,0.0,0.0
2023-09-12 00:00:00-04:00,9.701274557090096,9.701274557090096,9.593181610107422,9.593181610107422,93600,0.087,0.0
2023-09-13 00:00:00-04:00,9.593179540478085,9.647226002309456,9.503103249478288,9.5211181640625,56300,0.0,0.0
2023-09-14 00:00:00-04:00,9.52112089539229,9.575167372728007,9.376998101216529,9.431044578552246,107700,0.0,0.0
2023-09-15 00:00:00-04:00,9.395012780508905,9.476082057505128,9.313943503512682,9.35898208618164,86900,0.0,0.0
2023-09-18 00:00:00-04:00,9.331958927667195,9.431043986724845,9.331958927667195,9.386005401611328,47800,0.0,0.0
2023-09-19 00:00:00-04:00,9.40402134500934,9.476083604467483,9.40402134500934,9.422037124633789,45900,0.0,0.0
2023-09-20 00:00:00-04:00,9.422036689156357,9.52112089539229,9.413028799760468,9.431044578552246,40000,0.0,0.0
2023-09-21 00:00:00-04:00,9.386005776763204,9.395013665953858,9.322952270507812,9.322952270507812,32500,0.0,0.0
2023-09-22 00:00:00-04:00,9.395012172348332,9.41302708882606,9.304935012841316,9.331957817077637,72000,0.0,0.0
2023-09-25 00:00:00-04:00,9.304935012841316,9.431042864343247,9.295927125082722,9.331957817077637,59900,0.0,0.0
2023-09-26 00:00:00-04:00,9.331958030590291,9.36798872340958,9.187835259313141,9.196843147277832,37800,0.0,0.0
2023-09-27 00:00:00-04:00,9.214860850503593,9.286923116971414,9.17883014678955,9.17883014678955,42000,0.0,0.0
2023-09-28 00:00:00-04:00,9.133791977226027,9.232876192969456,9.133791977226027,9.187837600708008,55800,0.0,0.0
2023-09-29 00:00:00-04:00,9.250891225497954,9.386006132317725,9.250891225497954,9.295928955078125,86700,0.0,0.0
2023-10-02 00:00:00-04:00,9.259898198381025,9.376998184448132,9.034706115722656,9.034706115722656,314300,0.0,0.0
2023-10-03 00:00:00-04:00,9.007683164657577,9.106767370214552,8.926613878729322,8.962644577026367,79700,0.0,0.0
2023-10-04 00:00:00-04:00,8.962643855548215,9.070735941738118,8.953635966939173,9.05272102355957,111700,0.0,0.0
2023-10-05 00:00:00-04:00,9.052720147324264,9.214857831395637,8.998673679940836,9.088750839233398,61800,0.0,0.0
2023-10-06 00:00:00-04:00,9.070735063759104,9.196842914960799,9.043712259587117,9.088750839233398,73400,0.0,0.0
2023-10-09 00:00:00-04:00,9.115773873674565,9.268904532916407,9.097758956784661,9.196843147277832,53200,0.0,0.0
2023-10-10 00:00:00-04:00,9.212290066066732,9.294055223663738,9.175949707216118,9.194119453430176,71300,0.087,0.0
2023-10-11 00:00:00-04:00,9.18503365936269,9.357651004553546,9.18503365936269,9.312225341796875,145400,0.0,0.0
2023-10-12 00:00:00-04:00,9.284970173614587,9.312225224355881,9.175949104226968,9.203204154968262,26800,0.0,0.0
2023-10-13 00:00:00-04:00,9.212288495661097,9.26679859143351,9.166862838235852,9.175948143005371,50900,0.0,0.0
2023-10-16 00:00:00-04:00,9.175949104226968,9.266799562172096,9.175949104226968,9.203204154968262,34200,0.0,0.0
2023-10-17 00:00:00-04:00,9.175949338129824,9.194119083613035,9.10326862335205,9.10326862335205,55400,0.0,0.0
2023-10-18 00:00:00-04:00,9.085097567193909,9.14869297290909,9.066926956176758,9.066926956176758,52100,0.0,0.0
2023-10-19 00:00:00-04:00,9.103269384224875,9.103269384224875,8.976077689521555,8.994247436523438,72800,0.0,0.0
2023-10-20 00:00:00-04:00,8.948820608501737,8.985160960695332,8.876139904114547,8.885224342346191,77000,0.0,0.0
2023-10-23 00:00:00-04:00,8.857970478503866,8.903396141421709,8.785289764404297,8.785289764404297,39900,0.0,0.0
2023-10-24 00:00:00-04:00,8.885224342346191,9.012416008234943,8.85796929480658,8.885224342346191,55100,0.0,0.0
2023-10-25 00:00:00-04:00,8.857970478503866,8.89431083555365,8.785289764404297,8.785289764404297,52700,0.0,0.0
2023-10-26 00:00:00-04:00,8.730777125566123,8.85796878412195,8.712607383728027,8.712607383728027,85000,0.0,0.0
2023-10-27 00:00:00-04:00,8.776203515872139,8.867054831949362,8.776203515872139,8.812543869018555,57400,0.0,0.0
2023-10-30 00:00:00-04:00,8.848884798322109,9.003331525856108,8.848884798322109,8.985161781311035,40400,0.0,0.0
2023-10-31 00:00:00-04:00,9.04875721158203,9.139608533822937,8.994246244953,9.066926956176758,94900,0.0,0.0
2023-11-01 00:00:00-04:00,9.094182850676582,9.29405437284662,9.085097545190012,9.275884628295898,80400,0.0,0.0
2023-11-02 00:00:00-04:00,9.366735371997665,9.648372893313194,9.339479457220783,9.602947235107422,91500,0.0,0.0
2023-11-03 00:00:00-04:00,9.657458885465015,9.984522088260182,9.657458885465015,9.857331275939941,84500,0.0,0.0
2023-11-06 00:00:00-05:00,9.8936710549341,10.020861859838202,9.757394078565218,9.94818115234375,164700,0.0,0.0
2023-11-07 00:00:00-05:00,9.902754772060879,9.957265731921357,9.721053016563143,9.875499725341797,38700,0.0,0.0
2023-11-08 00:00:00-05:00,9.875501871712732,9.939097283353378,9.757395488364034,9.775566101074219,92300,0.0,0.0
2023-11-09 00:00:00-05:00,9.830075027064474,9.830075027064474,9.639287948608398,9.639287948608398,35500,0.0,0.0
2023-11-10 00:00:00-05:00,9.675627687132957,9.711968039457103,9.575691934847141,9.62111759185791,38600,0.0,0.0
2023-11-13 00:00:00-05:00,9.693798436097648,9.88458550515235,9.675627826462746,9.757393836975098,66600,0.0,0.0
2023-11-14 00:00:00-05:00,9.983630137920342,10.121020072395309,9.89203772176871,9.965312004089355,63500,0.087,0.0
2023-11-15 00:00:00-05:00,9.937832805181122,10.148496115379384,9.937832805181122,10.03858470916748,49800,0.0,0.0
2023-11-16 00:00:00-05:00,10.093542098999023,10.13933786880164,10.011108315757008,10.093542098999023,69100,0.0,0.0
2023-11-17 00:00:00-05:00,10.17597475937655,10.185134262511943,9.99278906416017,10.056903839111328,58200,0.0,0.0
2023-11-20 00:00:00-05:00,10.038586280688566,10.29504626866465,10.038586280688566,10.166816711425781,61200,0.0,0.0
2023-11-21 00:00:00-05:00,10.221772404533228,10.240091412601506,10.139338615222737,10.157657623291016,53200,0.0,0.0
2023-11-22 00:00:00-05:00,10.230930743225212,10.340842158620408,10.203453107750983,10.221771240234375,73700,0.0,0.0
2023-11-24 00:00:00-05:00,10.22177177857023,10.322524569779079,10.22177177857023,10.230931282043457,14400,0.0,0.0
2023-11-27 00:00:00-05:00,10.175974397629478,10.340841954212468,10.175974397629478,10.28588581085205,62300,0.0,0.0
2023-11-28 00:00:00-05:00,10.276727305533294,10.350001581899091,10.276727305533294,10.304204940795898,55800,0.0,0.0
2023-11-29 00:00:00-05:00,10.350001661611245,10.368319794094637,10.212611737243538,10.221771240234375,58300,0.0,0.0
2023-11-30 00:00:00-05:00,10.304205562832623,10.350002206700433,10.194294141648873,10.230931282043457,81900,0.0,0.0
2023-12-01 00:00:00-05:00,10.212611658589514,10.423275858264889,10.194293526247202,10.304204940795898,77500,0.0,0.0
2023-12-04 00:00:00-05:00,10.230930158527013,10.304204431269515,10.194293022155762,10.194293022155762,54600,0.0,0.0
2023-12-05 00:00:00-05:00,10.148497746403176,10.230931532685068,10.139338242705556,10.185134887695312,51400,0.0,0.0
2023-12-06 00:00:00-05:00,10.185134058061783,10.313364478888378,10.175974555110251,10.203453063964844,53400,0.0,0.0
2023-12-07 00:00:00-05:00,10.267568298778775,10.267568298778775,10.185134515509187,10.21261215209961,60900,0.0,0.0
2023-12-08 00:00:00-05:00,10.240089535197635,10.249248164054261,10.13933675629074,10.175973892211914,30300,0.0,0.0
2023-12-11 00:00:00-05:00,10.12101828387728,10.194292553249388,10.084381149191225,10.102699279785156,87800,0.0,0.0
2023-12-12 00:00:00-05:00,10.081467474926395,10.109163567425709,9.989145992671478,10.026074409484863,53900,0.087,0.0
2023-12-13 00:00:00-05:00,10.035306136450451,10.247645180820186,10.035306136450451,10.238412857055664,58800,0.0,0.0
2023-12-14 00:00:00-05:00,10.28457363837978,10.43228729745751,10.275341314576707,10.3399658203125,61300,0.0,0.0
2023-12-15 00:00:00-05:00,10.339966299514467,10.4138231324762,10.266109466552734,10.266109466552734,70500,0.0,0.0
2023-12-18 00:00:00-05:00,10.25687786831275,10.321503262060684,10.155324935913086,10.155324935913086,59900,0.0,0.0
2023-12-19 00:00:00-05:00,10.238413649467786,10.358431226366887,10.164556814521095,10.330734252929688,90200,0.0,0.0
2023-12-20 00:00:00-05:00,10.29380456413774,10.33996530038915,10.247644708329144,10.31226921081543,57900,0.0,0.0
2023-12-21 00:00:00-05:00,10.31226921081543,10.349197623727994,10.303036887476585,10.31226921081543,37300,0.0,0.0
2023-12-22 00:00:00-05:00,10.312270844511373,10.395360006838542,10.192253263421346,10.24764633178711,66000,0.0,0.0
2023-12-26 00:00:00-05:00,10.275341271670898,10.28457359543542,10.063002227301164,10.238412857055664,73900,0.0,0.0
2023-12-27 00:00:00-05:00,10.31226940835686,10.321501731872559,10.23841258111693,10.321501731872559,76800,0.0,0.0
2023-12-28 00:00:00-05:00,10.275341987609863,10.330734173170763,10.256877338794286,10.275341987609863,48000,0.0,0.0
2023-12-29 00:00:00-05:00,10.36766191127886,10.36766191127886,10.266108990773635,10.3399658203125,78100,0.0,0.0
2024-01-02 00:00:00-05:00,10.219949000509652,10.34919890188782,10.219949000509652,10.330734252929688,71100,0.0,0.0
2024-01-03 00:00:00-05:00,10.33073341274806,10.35843038393271,10.26610890753624,10.284573554992676,36500,0.0,0.0
2024-01-04 00:00:00-05:00,10.321501619942993,10.367661476135254,10.303036973111832,10.367661476135254,41900,0.0,0.0
2024-01-05 00:00:00-05:00,10.33073341274806,10.376894150946294,10.26610890753624,10.284573554992676,48000,0.0,0.0
2024-01-08 00:00:00-05:00,10.28457363837978,10.376894235081933,10.28457363837978,10.3399658203125,36800,0.0,0.0
2024-01-09 00:00:00-05:00,10.312269296527413,10.376893799550833,10.312269296527413,10.367661476135254,38400,0.0,0.0
2024-01-10 00:00:00-05:00,10.339966924689035,10.413823762116296,10.339966924689035,10.395359992980957,43900,0.0,0.0
2024-01-11 00:00:00-05:00,10.432287216186523,10.432287216186523,10.367661830511327,10.432287216186523,41900,0.0,0.0
2024-01-12 00:00:00-05:00,10.524608532030628,10.54307318075587,10.441520254095769,10.469216346740723,37200,0.0,0.0
2024-01-16 00:00:00-05:00,10.438512455248425,10.457118967509304,10.373387444211245,10.429208755493164,53800,0.087,0.0
2024-01-17 00:00:00-05:00,10.354782466381023,10.494334434390966,10.354782466381023,10.391996383666992,49300,0.0,0.0
2024-01-18 00:00:00-05:00,10.45712053355545,10.466424234704022,10.391996400014998,10.419906616210938,36600,0.0,0.0
2024-01-19 00:00:00-05:00,10.429210926638591,10.438514628330688,10.298961764698698,10.410603523254395,32200,0.0,0.0
2024-01-22 00:00:00-05:00,10.40130164945172,10.410604464735288,10.354784024034243,10.382694244384766,54500,0.0,0.0
2024-01-23 00:00:00-05:00,10.345478979910064,10.401300300622168,10.289658546447754,10.289658546447754,71800,0.0,0.0
2024-01-24 00:00:00-05:00,10.345480321500766,10.429211869802241,10.32687380368372,10.382694244384766,51900,0.0,0.0
2024-01-25 00:00:00-05:00,10.457119699061863,10.512941014248897,10.419905784687076,10.503637313842773,50500,0.0,0.0
2024-01-26 00:00:00-05:00,10.51294151315206,10.68040369216085,10.485031297858885,10.652493476867676,57300,0.0,0.0
2024-01-29 00:00:00-05:00,10.65249395267635,10.810653325151659,10.605976333610121,10.773439407348633,79900,0.0,0.0
2024-01-30 00:00:00-05:00,10.7455300344287,10.782743955153352,10.671102192979399,10.689708709716797,88100,0.0,0.0
2024-01-31 00:00:00-05:00,10.717620252867265,10.78274439497934,10.680405443374772,10.754834175109863,58000,0.0,0.0
2024-02-01 00:00:00-05:00,10.754832403276248,10.8850806660423,10.72692130075517,10.866474151611328,42200,0.0,0.0
2024-02-02 00:00:00-05:00,10.866474067698611,10.885080581985903,10.708314703632812,10.838562965393066,33300,0.0,0.0
2024-02-05 00:00:00-05:00,10.838564263815176,10.931599508146144,10.773440125133405,10.847867965698242,86800,0.0,0.0
2024-02-06 00:00:00-05:00,10.81995664510455,10.885080777152334,10.699011194694554,10.708314895629883,52100,0.0,0.0
2024-02-07 00:00:00-05:00,10.764135460424512,10.875777211285683,10.764135460424512,10.81995677947998,30000,0.0,0.0
2024-02-08 00:00:00-05:00,10.885080811509516,10.89438451247421,10.71761863039382,10.764135360717773,89000,0.0,0.0
2024-02-09 00:00:00-05:00,10.7362240288695,10.764134241612107,10.596672077906808,10.624582290649414,112800,0.0,0.0
2024-02-12 00:00:00-05:00,10.624583278735113,10.792046345264133,10.624583278735113,10.680403709411621,102400,0.0,0.0
2024-02-13 00:00:00-05:00,10.593219622154432,10.630717708316798,10.461975873573707,10.536972045898438,45200,0.087,0.0
2024-02-14 00:00:00-05:00,10.49947579508581,10.574471980520169,10.471352449054189,10.480727195739746,80500,0.0,0.0
2024-02-15 00:00:00-05:00,10.471351365435934,10.52759805167854,10.41510378516837,10.424478530883789,119200,0.0,0.0
2024-02-16 00:00:00-05:00,10.452602958756035,10.51822529154918,10.386981519987943,10.415104866027832,96400,0.0,0.0
2024-02-20 00:00:00-05:00,10.377607663154047,10.433855254081971,10.358859062194824,10.358859062194824,37000,0.0,0.0
2024-02-21 00:00:00-05:00,10.396356582641602,10.415105182562984,10.36823323574699,10.396356582641602,31900,0.0,0.0
2024-02-22 00:00:00-05:00,10.443228022314631,10.499474708557237,10.41510378516837,10.424478530883789,87400,0.0,0.0
2024-02-23 00:00:00-05:00,10.443229423482675,10.471352770377287,10.38698183566837,10.396356582641602,94000,0.0,0.0
2024-02-26 00:00:00-05:00,10.39635575666543,10.471351938442774,10.34948291954834,10.386981010437012,75700,0.0,0.0
2024-02-27 00:00:00-05:00,10.41510544037712,10.443229681992996,10.330735397604798,10.377607345581055,128800,0.0,0.0
2024-02-28 00:00:00-05:00,10.358858866293835,10.49947649991667,10.358858866293835,10.433855056762695,66900,0.0,0.0
2024-02-29 00:00:00-05:00,10.461978087179304,10.518225675336488,10.433854740113254,10.452603340148926,63100,0.0,0.0
2024-03-01 00:00:00-05:00,10.471351694696757,10.621344054760007,10.471351694696757,10.593220710754395,60300,0.0,0.0
2024-03-04 00:00:00-05:00,10.593220583387184,10.64946727072213,10.565097239719712,10.602595329284668,48100,0.0,0.0
2024-03-05 00:00:00-05:00,10.602596791005123,10.677592980474339,10.602596791005123,10.630720138549805,72600,0.0,0.0
2024-03-06 00:00:00-05:00,10.705715307209113,10.724463905776153,10.630719124890923,10.696340560913086,21200,0.0,0.0
2024-03-07 00:00:00-05:00,10.761963078982538,10.761963078982538,10.696341636362554,10.752589225769043,62100,0.0,0.0
2024-03-08 00:00:00-05:00,10.761962762192631,10.780712256117917,10.724464668367137,10.771337509155273,29800,0.0,0.0
2024-03-11 00:00:00-04:00,10.790088088015114,10.818211437705745,10.696342397012788,10.761963844299316,54900,0.0,0.0
2024-03-12 00:00:00-04:00,10.768575231899625,10.872483116791152,10.768575231899625,10.834698677062988,28600,0.087,0.0
2024-03-13 00:00:00-04:00,10.834698677062988,10.872483116791152,10.796914237334825,10.834698677062988,26700,0.0,0.0
2024-03-14 00:00:00-04:00,10.844143415181852,10.844143415181852,10.64577579498291,10.64577579498291,81800,0.0,0.0
2024-03-15 00:00:00-04:00,10.70245219212909,10.70245219212909,10.636329650878906,10.636329650878906,31900,0.0,0.0
2024-03-18 00:00:00-04:00,10.66466731973557,10.68355998838151,10.570205778209909,10.655220985412598,74400,0.0,0.0
2024-03-19 00:00:00-04:00,10.67411436475534,10.721345138662858,10.626883590847822,10.711898803710938,31000,0.0,0.0
2024-03-20 00:00:00-04:00,10.674114070303446,10.778021049351983,10.674114070303446,10.768574714660645,45200,0.0,0.0
2024-03-21 00:00:00-04:00,10.787467280598756,10.863036155700684,10.787467280598756,10.863036155700684,57300,0.0,0.0
2024-03-22 00:00:00-04:00,10.881927822207338,10.910265922546387,10.815804386946933,10.910265922546387,58800,0.0,0.0
2024-03-25 00:00:00-04:00,10.948052133885374,10.948052133885374,10.86303691821518,10.872483253479004,41300,0.0,0.0
2024-03-26 00:00:00-04:00,10.938603212257787,10.99528030958768,10.938603212257787,10.948049545288086,53900,0.0,0.0
2024-03-27 00:00:00-04:00,10.966944120479056,11.023621232330923,10.966944120479056,10.995283126831055,44900,0.0,0.0
2024-03-28 00:00:00-04:00,11.033066506312633,11.09918904640152,10.976389399913556,11.042511940002441,78200,0.0,0.0
2024-04-01 00:00:00-04:00,10.995281409353554,11.014173176451836,10.938604306354726,10.985835075378418,76500,0.0,0.0
2024-04-02 00:00:00-04:00,10.97638908405286,10.97638908405286,10.863035775368648,10.881928443908691,52200,0.0,0.0
2024-04-03 00:00:00-04:00,10.957497839591177,10.957497839591177,10.768574748577624,10.9008207321167,68500,0.0,0.0
2024-04-04 00:00:00-04:00,10.985834211281523,10.995280544513653,10.863034581819592,10.891372680664062,33600,0.0,0.0
2024-04-05 00:00:00-04:00,10.84414424768753,10.900821358418364,10.84414424768753,10.872483253479004,32200,0.0,0.0
2024-04-08 00:00:00-04:00,10.94805207879579,10.985836518808847,10.891374968350148,10.919713973999023,71100,0.0,0.0
2024-04-09 00:00:00-04:00,10.93589276215109,11.012034677212638,10.93589276215109,10.94541072845459,26300,0.087,0.0
2024-04-10 00:00:00-04:00,10.88830442950127,10.945411322739684,10.859751436723702,10.926375389099121,43800,0.0,0.0
2024-04-11 00:00:00-04:00,10.9644468075307,10.9644468075307,10.755056084472674,10.76457405090332,53900,0.0,0.0
2024-04-12 00:00:00-04:00,10.755055903121166,10.783608894248406,10.612289132118518,10.621807098388672,78100,0.0,0.0
2024-04-15 00:00:00-04:00,10.659878602576082,10.707467528684667,10.507594765175224,10.517112731933594,45300,0.0,0.0
2024-04-16 00:00:00-04:00,10.488558111154877,10.526629064595163,10.46952218059317,10.479040145874023,50700,0.0,0.0
2024-04-17 00:00:00-04:00,10.555183507451535,10.650360450327806,10.555183507451535,10.640843391418457,79600,0.0,0.0
2024-04-18 00:00:00-04:00,10.61229005411536,10.65987898191744,10.526631073291577,10.564702033996582,82800,0.0,0.0
2024-04-19 00:00:00-04:00,10.536146840290646,10.659877674325314,10.536146840290646,10.574217796325684,28500,0.0,0.0
2024-04-22 00:00:00-04:00,10.631325537262924,10.859751291801716,10.602772544866392,10.755056381225586,83100,0.0,0.0
2024-04-23 00:00:00-04:00,10.764573117130336,10.802644071867217,10.755055151525326,10.793126106262207,24800,0.0,0.0
2024-04-24 00:00:00-04:00,10.802644071867217,10.831197060999088,10.764573117130336,10.793126106262207,73300,0.0,0.0
2024-04-25 00:00:00-04:00,10.669395531207583,10.736019476667163,10.669395531207583,10.726502418518066,23700,0.0,0.0
2024-04-26 00:00:00-04:00,10.78360911080778,10.84071600189232,10.755056119107131,10.821680068969727,42700,0.0,0.0
2024-04-29 00:00:00-04:00,10.840715427171487,11.059623198076467,10.802644471027874,10.869268417358398,75700,0.0,0.0
2024-04-30 00:00:00-04:00,10.926375623877759,10.935893590902555,10.793127716263777,10.802645683288574,70000,0.0,0.0
2024-05-01 00:00:00-04:00,10.793126523736406,10.935892382601054,10.793126523736406,10.897821426391602,58100,0.0,0.0
2024-05-02 00:00:00-04:00,10.935893355919402,10.993000249157815,10.916858329962114,10.926375389099121,46300,0.0,0.0
2024-05-03 00:00:00-04:00,10.983483413762498,11.135767267840887,10.983483413762498,11.097696304321289,87000,0.0,0.0
2024-05-06 00:00:00-04:00,11.097695366374541,11.183355253974739,11.078660340065214,11.126248359680176,61300,0.0,0.0
2024-05-07 00:00:00-04:00,11.202390310247713,11.202390310247713,11.145283420427539,11.183354377746582,42000,0.0,0.0
2024-05-08 00:00:00-04:00,11.097695366374541,11.17383728697843,11.097695366374541,11.126248359680176,74700,0.0,0.0
2024-05-09 00:00:00-04:00,11.116731969585707,11.19287389477328,11.107214002016423,11.16431999206543,46500,0.0,0.0
2024-05-10 00:00:00-04:00,11.164319021901196,11.230943881413223,11.116731003556808,11.13576602935791,67100,0.0,0.0
2024-05-13 00:00:00-04:00,11.145284667479876,11.211908623321989,11.145284667479876,11.173837661743164,76800,0.0,0.0
2024-05-14 00:00:00-04:00,11.170959959640575,11.218904178263994,11.142193794250488,11.142193794250488,47400,0.087,0.0
2024-05-15 00:00:00-04:00,11.180549621582031,11.190138648743584,11.161372481718885,11.180549621582031,30400,0.0,0.0
2024-05-16 00:00:00-04:00,11.190137714721887,11.286026149413855,11.142193497375905,11.238081932067871,74800,0.0,0.0
2024-05-17 00:00:00-04:00,11.238081615819631,11.30520296953923,11.170959347640173,11.276436805725098,31800,0.0,0.0
2024-05-20 00:00:00-04:00,11.218904490660929,11.362737150536287,11.218904490660929,11.333970069885254,79700,0.0,0.0
2024-05-21 00:00:00-04:00,11.286026764386737,11.362737150536287,11.276437737503059,11.333970069885254,27200,0.0,0.0
2024-05-22 00:00:00-04:00,11.324382293343879,11.381914627432488,11.324382293343879,11.353148460388184,63800,0.0,0.0
2024-05-23 00:00:00-04:00,11.410680615002553,11.410680615002553,11.161372313773247,11.170960426330566,36400,0.0,0.0
2024-05-24 00:00:00-04:00,11.180548688360714,11.27643712305268,11.17095966199954,11.238081932067871,26400,0.0,0.0
2024-05-28 00:00:00-04:00,11.305203738503584,11.305203738503584,11.190138160960588,11.209315299987793,23000,0.0,0.0
2024-05-29 00:00:00-04:00,11.180549459598891,11.209315626206827,11.05589485168457,11.05589485168457,39800,0.0,0.0
2024-05-30 00:00:00-04:00,11.036717556674711,11.266848715217275,11.036717556674711,11.218904495239258,44600,0.0,0.0
2024-05-31 00:00:00-04:00,11.27643712305268,11.286026149413855,11.161371550098252,11.238081932067871,71400,0.0,0.0
2024-06-03 00:00:00-04:00,11.314793728469157,11.391504120028133,11.257260477569924,11.381915092468262,47400,0.0,0.0
2024-06-04 00:00:00-04:00,11.381914458780784,11.391503485806787,11.27643790487459,11.343559265136719,24500,0.0,0.0
2024-06-05 00:00:00-04:00,11.343558169164226,11.50656795501709,11.305202979225896,11.50656795501709,35900,0.0,0.0
2024-06-06 00:00:00-04:00,11.449034712879666,11.564101197154514,11.429857575140431,11.50656795501709,42400,0.0,0.0
2024-06-07 00:00:00-04:00,11.458624203945872,11.516157448417873,11.333969602973118,11.420269012451172,60100,0.0,0.0
2024-06-10 00:00:00-04:00,11.391503638856467,11.487391167024946,11.286027083533153,11.295615196228027,62300,0.0,0.0
2024-06-11 00:00:00-04:00,11.398979121334785,11.418298945560771,11.215435724236723,11.234756469726562,73100,0.087,0.0
2024-06-12 00:00:00-04:00,11.312037328671094,11.47625997620734,11.263736387407992,11.389318466186523,53800,0.0,0.0
2024-06-13 00:00:00-04:00,11.37965783729938,11.408638954162598,11.350677641699969,11.408638954162598,18800,0.0,0.0
2024-06-14 00:00:00-04:00,11.341017813630838,11.408639501626151,11.341017813630838,11.369998931884766,30300,0.0,0.0
2024-06-17 00:00:00-04:00,11.312035972435083,11.369997279254404,11.225094472837961,11.350676536560059,47800,0.0,0.0
2024-06-18 00:00:00-04:00,11.341016102757338,11.389317037963492,11.283055717520925,11.321696281433105,36200,0.0,0.0
2024-06-20 00:00:00-04:00,11.302376398334749,11.331356593156755,11.244416008690736,11.292716026306152,29400,0.0,0.0
2024-06-21 00:00:00-04:00,11.30237715365062,11.341017723083496,11.254076211543563,11.341017723083496,24000,0.0,0.0
2024-06-24 00:00:00-04:00,11.302375948782869,11.389317451054573,11.292715577138514,11.360337257385254,73700,0.0,0.0
2024-06-25 00:00:00-04:00,11.379658292516373,11.379658292516373,11.273396956891924,11.341017723083496,34600,0.0,0.0
2024-06-26 00:00:00-04:00,11.341017315174415,11.360338059827857,11.24441635569865,11.302376747131348,28000,0.0,0.0
2024-06-27 00:00:00-04:00,11.360338131939507,11.466599464416504,11.302376818875079,11.466599464416504,39800,0.0,0.0
2024-06-28 00:00:00-04:00,11.543880462646484,11.630821970569274,11.495579522548956,11.543880462646484,54000,0.0,0.0
2024-07-01 00:00:00-04:00,11.640481406413581,11.688782342625501,11.514899340768082,11.679121971130371,73300,0.0,0.0
2024-07-02 00:00:00-04:00,11.553541846475502,11.621162615774214,11.51490127526711,11.572861671447754,43500,0.0,0.0
2024-07-03 00:00:00-04:00,11.60184165335443,12.278052043837372,11.60184165335443,11.756403923034668,24200,0.0,0.0
2024-07-05 00:00:00-04:00,11.833684781439613,11.833684781439613,11.640481948852539,11.640481948852539,36800,0.0,0.0
2024-07-08 00:00:00-04:00,11.76606415751993,11.76606415751993,11.54388020650672,11.563200950622559,58200,0.0,0.0
2024-07-09 00:00:00-04:00,11.64048179456408,11.64048179456408,11.543879918919062,11.582520484924316,65000,0.0,0.0
2024-07-10 00:00:00-04:00,11.572860731059865,11.775723943735624,11.572860731059865,11.70810317993164,51600,0.0,0.0
2024-07-11 00:00:00-04:00,11.853006061114595,11.881986256996688,11.72742398394044,11.737083435058594,44800,0.0,0.0
2024-07-12 00:00:00-04:00,11.804705677688913,11.853006620614906,11.73708398908698,11.833685874938965,29300,0.0,0.0
2024-07-15 00:00:00-04:00,11.795043150389551,11.881984647522987,11.785382779316127,11.853004455566406,56200,0.0,0.0
2024-07-16 00:00:00-04:00,11.937648661018674,11.937648661018674,11.859814730202817,11.898731231689453,26800,0.087,0.0
2024-07-17 00:00:00-04:00,11.859816307708803,11.869545666335235,11.733338356936,11.743066787719727,46100,0.0,0.0
2024-07-18 00:00:00-04:00,11.733337290004194,11.820898726151864,11.674962071396457,11.684691429138184,73200,0.0,0.0
2024-07-19 00:00:00-04:00,11.655503355913003,11.76252443538675,11.655503355913003,11.684691429138184,17700,0.0,0.0
2024-07-22 00:00:00-04:00,11.684691513562312,11.752795162561213,11.665232797938266,11.723608016967773,31400,0.0,0.0
2024-07-23 00:00:00-04:00,11.713878770588515,11.840357639820104,11.713878770588515,11.77225399017334,16400,0.0,0.0
2024-07-24 00:00:00-04:00,11.73333731951441,11.830628113648501,11.684691458526054,11.70414924621582,24000,0.0,0.0
2024-07-25 00:00:00-04:00,11.752795274364185,11.781982420235279,11.655503551003688,11.77225399017334,34200,0.0,0.0
2024-07-26 00:00:00-04:00,11.7041502810567,11.781983294382751,11.694421850272974,11.743066787719727,41400,0.0,0.0
2024-07-29 00:00:00-04:00,11.752794380970226,11.82089802544006,11.733336594482802,11.801440238952637,39700,0.0,0.0
2024-07-30 00:00:00-04:00,11.859815512186719,11.869544870160535,11.694421065845072,11.81117057800293,79400,0.0,0.0
2024-07-31 00:00:00-04:00,11.96683611850602,12.054398481104283,11.791711393309495,12.034939765930176,87400,0.0,0.0
2024-08-01 00:00:00-04:00,12.015481661756475,12.10304309420318,11.820898226516912,11.889002799987793,87000,0.0,0.0
2024-08-02 00:00:00-04:00,11.898732045378772,11.947377907524338,11.820899037082924,11.830628395080566,50100,0.0,0.0
2024-08-05 00:00:00-04:00,11.48038085204464,11.704150538314833,11.3636313294894,11.412276268005371,79600,0.0,0.0
2024-08-06 00:00:00-04:00,11.645775658681648,11.820899469837132,11.431734414110856,11.587400436401367,69100,0.0,0.0
2024-08-07 00:00:00-04:00,11.69442078687991,11.752795077645024,11.577670349664437,11.684691429138184,47300,0.0,0.0
2024-08-08 00:00:00-04:00,11.723608998309567,11.772254863599025,11.694421850272974,11.743066787719727,38600,0.0,0.0
2024-08-09 00:00:00-04:00,11.772254863599025,11.820899801045776,11.743066787719727,11.743066787719727,33400,0.0,0.0
2024-08-12 00:00:00-04:00,11.801441023778699,11.820898811560115,11.713878659155752,11.723608016967773,30200,0.0,0.0
2024-08-13 00:00:00-04:00,11.808867428913127,11.936266108819929,11.70106804267412,11.867666244506836,61800,0.087,0.0
2024-08-14 00:00:00-04:00,11.838265729847102,11.936264992794241,11.750066580112723,11.87746524810791,60300,0.0,0.0
2024-08-15 00:00:00-04:00,12.004863916103098,12.004863916103098,11.857865956272624,11.87746524810791,33300,0.0,0.0
2024-08-16 00:00:00-04:00,11.857866421129879,11.946064639731608,11.857866421129879,11.906865119934082,74000,0.0,0.0
2024-08-19 00:00:00-04:00,11.916665386011928,11.995064426610142,11.887265979435169,11.955864906311035,39500,0.0,0.0
2024-08-20 00:00:00-04:00,11.955864593929235,11.99506411320414,11.887265668845716,11.975464820861816,34300,0.0,0.0
2024-08-21 00:00:00-04:00,11.965665817260742,12.004865340171566,11.946065588510157,11.965665817260742,32100,0.0,0.0
2024-08-22 00:00:00-04:00,11.936265454095754,12.034263786240004,11.91666522691274,12.02446460723877,41300,0.0,0.0
2024-08-23 00:00:00-04:00,12.024464740620896,12.200862114273356,11.955864879309672,12.073463439941406,52100,0.0,0.0
2024-08-26 00:00:00-04:00,12.102863754236035,12.240061607374043,12.073463413200507,12.191061973571777,26400,0.0,0.0
2024-08-27 00:00:00-04:00,12.23026229288785,12.240062407206752,12.151863247517314,12.200862884521484,39000,0.0,0.0
2024-08-28 00:00:00-04:00,12.240061630490095,12.25966185788413,12.073463436001928,12.13226318359375,50300,0.0,0.0
2024-08-29 00:00:00-04:00,12.112663536711526,12.37726101167041,12.093064242968458,12.328261375427246,67600,0.0,0.0
2024-08-30 00:00:00-04:00,12.38706155410514,12.475259780883789,12.328261801662347,12.475259780883789,70600,0.0,0.0
2024-09-03 00:00:00-04:00,12.44586039989798,12.455660514425505,12.357661238330966,12.416460990905762,83100,0.0,0.0
2024-09-04 00:00:00-04:00,12.406660876378236,12.494860037945248,12.367461352858493,12.416460990905762,42400,0.0,0.0
2024-09-05 00:00:00-04:00,12.426259994506836,12.455659400870701,12.377260360840207,12.426259994506836,46200,0.0,0.0
2024-09-06 00:00:00-04:00,12.42625905761379,12.46545857467354,12.249860763549805,12.249860763549805,39500,0.0,0.0
2024-09-09 00:00:00-04:00,12.308661438109333,12.416459884535643,12.269461918082467,12.367460250854492,41700,0.0,0.0
2024-09-10 00:00:00-04:00,12.394104483953685,12.394104483953685,12.295424934991628,12.344764709472656,27300,0.087,0.0
2024-09-11 00:00:00-04:00,12.354631896114471,12.394103524427898,12.295423983105406,12.384235382080078,26000,0.0,0.0
2024-09-12 00:00:00-04:00,12.433576101360233,12.473047732685144,12.374368183833903,12.403971672058105,19700,0.0,0.0
2024-09-13 00:00:00-04:00,12.492782589273817,12.571725848836536,12.492782589273817,12.532254219055176,28500,0.0,0.0
2024-09-16 00:00:00-04:00,12.551990508001005,12.57172585235827,12.482914450055862,12.492782592773438,31300,0.0,0.0
2024-09-17 00:00:00-04:00,12.542122832093256,12.581594463354781,12.482914914662008,12.561858177185059,30800,0.0,0.0
2024-09-18 00:00:00-04:00,12.522387032303074,12.601331238970303,12.512519829912884,12.55199146270752,32600,0.0,0.0
2024-09-19 00:00:00-04:00,12.719745643309082,12.729612845316023,12.561858177185059,12.561858177185059,69000,0.0,0.0
2024-09-20 00:00:00-04:00,12.581594468358116,12.729612850378219,12.492783062714885,12.52238655090332,17900,0.0,0.0
2024-09-23 00:00:00-04:00,12.51251887470344,12.581593991551348,12.443442816777646,12.532254219055176,59300,0.0,0.0
2024-09-24 00:00:00-04:00,12.611197476170886,12.67040539137038,12.581593989110083,12.63093376159668,29000,0.0,0.0
2024-09-25 00:00:00-04:00,12.591461649880443,12.709876534669174,12.551990021617533,12.700008392333984,37300,0.0,0.0
2024-09-26 00:00:00-04:00,12.700009344893907,12.788820750416187,12.650669570595094,12.759217262268066,44400,0.0,0.0
2024-09-27 00:00:00-04:00,12.75921630660843,12.897366535004211,12.739480021935975,12.798687934875488,39400,0.0,0.0
2024-09-30 00:00:00-04:00,12.828291893005371,12.877631665424815,12.798688405984858,12.828291893005371,60400,0.0,0.0
2024-10-01 00:00:00-04:00,12.877631666564797,12.887499809265137,12.798688407117853,12.887499809265137,45100,0.0,0.0
2024-10-02 00:00:00-04:00,12.828292843563021,12.897367965421877,12.80855655670166,12.80855655670166,27800,0.0,0.0
2024-10-03 00:00:00-04:00,12.848029130424383,12.867764476207789,12.778953067487572,12.80855655670166,19600,0.0,0.0
2024-10-04 00:00:00-04:00,12.857895380025884,12.877631665424815,12.788820263285393,12.828291893005371,33600,0.0,0.0
2024-10-07 00:00:00-04:00,12.857895377740777,12.926971435546875,12.828291890725525,12.926971435546875,66300,0.0,0.0
2024-10-08 00:00:00-04:00,12.907235145568848,12.926971430957265,12.848028171559367,12.907235145568848,42400,0.0,0.0
2024-10-09 00:00:00-04:00,12.907235624334774,12.926971910455265,12.86776399317171,12.91710376739502,23600,0.0,0.0
2024-10-10 00:00:00-04:00,12.877632127533088,12.946707246752311,12.828292353343109,12.93683910369873,39100,0.0,0.0
2024-10-11 00:00:00-04:00,12.926971427545263,12.99604654423072,12.867763512473525,12.946706771850586,53700,0.0,0.0
2024-10-14 00:00:00-04:00,12.946707255497836,13.005915172781393,12.897367481274527,12.91710376739502,24300,0.0,0.0
2024-10-15 00:00:00-04:00,12.914123095764426,12.993594546717638,12.914123095764426,12.933991432189941,24900,0.087,0.0
2024-10-16 00:00:00-04:00,13.003528714930395,13.013462883143152,12.914123095764426,12.933991432189941,60100,0.0,0.0
2024-10-17 00:00:00-04:00,12.924057188913421,12.963792914159239,12.874387295512543,12.894254684448242,29400,0.0,0.0
2024-10-18 00:00:00-04:00,12.904188758948743,13.132669887984768,12.884321370157235,13.112801551818848,36300,0.0,0.0
2024-10-21 00:00:00-04:00,13.112801153612851,13.162471045144878,12.973726594172435,13.023395538330078,68200,0.0,0.0
2024-10-22 00:00:00-04:00,13.112801224196852,13.112801224196852,12.993594052302946,13.063131332397461,69500,0.0,0.0
2024-10-23 00:00:00-04:00,13.053198929762713,13.06313215084543,12.864453518574384,12.983660697937012,60500,0.0,0.0
2024-10-24 00:00:00-04:00,12.943925025832096,12.993594920952026,12.84458618296669,12.874387741088867,52900,0.0,0.0
2024-10-25 00:00:00-04:00,12.884321652335919,13.063131944873254,12.834651758207713,12.864453315734863,35300,0.0,0.0
2024-10-28 00:00:00-04:00,12.94392457784912,12.993594471249997,12.864453127357484,12.894254684448242,39600,0.0,0.0
2024-10-29 00:00:00-04:00,12.854518610786526,12.95385839489572,12.695575714111328,12.695575714111328,43400,0.0,0.0
2024-10-30 00:00:00-04:00,12.715444632896006,12.854519200176284,12.626039012573292,12.755180358886719,55300,0.0,0.0
2024-10-31 00:00:00-04:00,12.78498203834195,12.794916206777883,12.626039132864806,12.685643196105957,55500,0.0,0.0
2024-11-01 00:00:00-04:00,12.775047748194858,12.854519200176284,12.675708906905292,12.755180358886719,37400,0.0,0.0
2024-11-04 00:00:00-05:00,12.705510373891803,12.755180267869374,12.556501639333522,12.566434860229492,51500,0.0,0.0
2024-11-05 00:00:00-05:00,12.526698953105896,12.665774464754064,12.516765732353782,12.596237182617188,43800,0.0,0.0
2024-11-06 00:00:00-05:00,12.74524563437213,12.864452807142344,12.655840017950872,12.844585418701172,40300,0.0,0.0
2024-11-07 00:00:00-05:00,12.874387573241348,13.083000372125735,12.775047784296616,13.05319881439209,63200,0.0,0.0
2024-11-08 00:00:00-05:00,13.0631318466538,13.132670076860215,13.053198625802391,13.083000183105469,56700,0.0,0.0
2024-11-11 00:00:00-05:00,13.112801977261492,13.202207598160062,12.924057514433526,12.943924903869629,62700,0.0,0.0
2024-11-12 00:00:00-05:00,12.814783284809117,12.9041889038106,12.596237268777077,12.784981727600098,57100,0.0,0.0
2024-11-13 00:00:00-05:00,12.844585278210646,12.854518498635386,12.745245494968154,12.765113830566406,29500,0.0,0.0
2024-11-14 00:00:00-05:00,12.784981218790275,12.854518498635386,12.765113830566406,12.765113830566406,33500,0.0,0.0
2024-11-15 00:00:00-05:00,12.804849595384752,12.84458531933409,12.626038363925538,12.655839920043945,47000,0.0,0.0
2024-11-18 00:00:00-05:00,12.626038433659527,12.715444049882924,12.616104265773728,12.695575714111328,38900,0.0,0.0
2024-11-19 00:00:00-05:00,12.645905822056731,12.755179774051724,12.626038433659527,12.695575714111328,32700,0.0,0.0
2024-11-20 00:00:00-05:00,12.64590600933212,12.715444238188116,12.626038620640696,12.66577434539795,24700,0.0,0.0
2024-11-21 00:00:00-05:00,12.665774322689664,12.94392439549174,12.665774322689664,12.924057006835938,70600,0.0,0.0
2024-11-22 00:00:00-05:00,12.953858701739554,13.043264320080741,12.914122976629516,13.003528594970703,53700,0.0,0.0
2024-11-25 00:00:00-05:00,13.003528220137701,13.102867056362097,12.963792496173065,13.063131332397461,34800,0.0,0.0
2024-11-26 00:00:00-05:00,13.092933835901729,13.092933835901729,13.013462387972458,13.063131332397461,50000,0.0,0.0
2024-11-27 00:00:00-05:00,13.053198625802391,13.092934351331303,13.013462900273478,13.083000183105469,38700,0.0,0.0
2024-11-29 00:00:00-05:00,13.092934676012568,13.132670402526855,13.083000507540385,13.132670402526855,31100,0.0,0.0
2024-12-02 00:00:00-05:00,13.122735490358387,13.301546723226249,13.092933934005208,13.251876831054688,63400,0.0,0.0
2024-12-03 00:00:00-05:00,13.25187727049823,13.301547164316887,13.21214154491819,13.232008934020996,45000,0.0,0.0
2024-12-04 00:00:00-05:00,13.212141294291136,13.261811187167583,13.182339737515033,13.222075462341309,42700,0.0,0.0
2024-12-05 00:00:00-05:00,13.251876949511056,13.261811117509048,13.162471332277944,13.182339668273926,51200,0.0,0.0
2024-12-06 00:00:00-05:00,13.23200879621867,13.23200879621867,13.14260317775107,13.15253734588623,55500,0.0,0.0
2024-12-09 00:00:00-05:00,13.142603297711624,13.19227319146637,13.073066014879634,13.083000183105469,62600,0.0,0.0
2024-12-10 00:00:00-05:00,13.039999961853027,13.130000114440918,13.029999732971191,13.119999885559082,44800,0.087,0.0
2024-12-11 00:00:00-05:00,13.119999885559082,13.199999809265137,13.119999885559082,13.149999618530273,35600,0.0,0.0
2024-12-12 00:00:00-05:00,13.180000305175781,13.180000305175781,13.050000190734863,13.050000190734863,73800,0.0,0.0
2024-12-13 00:00:00-05:00,13.0600004196167,13.09000015258789,12.949999809265137,12.960000038146973,37500,0.0,0.0
2024-12-16 00:00:00-05:00,13.010000228881836,13.039999961853027,12.960000038146973,12.989999771118164,42300,0.0,0.0
2024-12-17 00:00:00-05:00,13.0,13.0,12.640000343322754,12.710000038146973,70400,0.0,0.0
2024-12-18 00:00:00-05:00,12.800000190734863,12.899999618530273,12.520000457763672,12.539999961853027,68800,0.0,0.0
2024-12-19 00:00:00-05:00,12.579999923706055,12.779999732971191,12.350000381469727,12.359999656677246,102300,0.0,0.0
2024-12-20 00:00:00-05:00,12.260000228881836,12.510000228881836,12.220000267028809,12.420000076293945,32800,0.0,0.0
2024-12-23 00:00:00-05:00,12.399999618530273,12.5,12.399999618530273,12.420000076293945,55200,0.0,0.0
2024-12-24 00:00:00-05:00,12.380000114440918,12.640000343322754,12.369999885559082,12.59000015258789,36200,0.0,0.0
2024-12-26 00:00:00-05:00,12.579999923706055,12.75,12.579999923706055,12.6899995803833,31800,0.0,0.0
2024-12-27 00:00:00-05:00,12.619999885559082,12.75,12.59000015258789,12.65999984741211,43200,0.0,0.0
2024-12-30 00:00:00-05:00,12.630000114440918,12.699999809265137,12.600000381469727,12.640000343322754,48100,0.0,0.0
2024-12-31 00:00:00-05:00,12.739999771118164,12.779999732971191,12.619999885559082,12.699999809265137,39012,0.0,0.0
