Date,Open,High,Low,Close,Volume,Dividends,Stock Splits
2022-01-03 00:00:00-05:00,4680.0,4945.5,4675.5,4815.0,241,0.0,0.0
2022-01-04 00:00:00-05:00,4995.0,5085.0,4770.0,4815.0,563,0.0,0.0
2022-01-05 00:00:00-05:00,4788.0,4815.0,4392.0,4428.0,445,0.0,0.0
2022-01-06 00:00:00-05:00,4387.5,4500.0,4140.0,4284.0,285,0.0,0.0
2022-01-07 00:00:00-05:00,4185.0,4410.0,4185.0,4207.5,147,0.0,0.0
2022-01-10 00:00:00-05:00,4140.0,4185.0,3960.0,4063.5,259,0.0,0.0
2022-01-11 00:00:00-05:00,3937.5,4455.0,3937.5,4185.0,1156,0.0,0.0
2022-01-12 00:00:00-05:00,4725.0,4815.0,4324.5,4590.0,2165,0.0,0.0
2022-01-13 00:00:00-05:00,4410.0,4464.0,4189.5,4275.0,452,0.0,0.0
2022-01-14 00:00:00-05:00,4221.0,4410.0,4095.0,4333.5,240,0.0,0.0
2022-01-18 00:00:00-05:00,4230.0,4275.0,4104.0,4126.5,167,0.0,0.0
2022-01-19 00:00:00-05:00,4140.0,4140.0,3870.0,3928.5,241,0.0,0.0
2022-01-20 00:00:00-05:00,3915.0,4095.0,3865.5,3883.5,140,0.0,0.0
2022-01-21 00:00:00-05:00,3843.0,3870.0,3555.0,3631.5,257,0.0,0.0
2022-01-24 00:00:00-05:00,3397.5,3600.0,3150.0,3523.5,281,0.0,0.0
2022-01-25 00:00:00-05:00,3510.0,3735.0,3375.0,3600.0,131,0.0,0.0
2022-01-26 00:00:00-05:00,3735.0,3829.5,3388.5,3438.0,158,0.0,0.0
2022-01-27 00:00:00-05:00,3600.0,3645.0,3159.0,3172.5,152,0.0,0.0
2022-01-28 00:00:00-05:00,3154.5,3366.0,3105.0,3262.5,163,0.0,0.0
2022-01-31 00:00:00-05:00,3285.0,3690.0,3285.0,3663.0,232,0.0,0.0
2022-02-01 00:00:00-05:00,3717.0,3933.0,3586.5,3789.0,147,0.0,0.0
2022-02-02 00:00:00-05:00,4005.0,4005.0,3609.0,3645.0,160,0.0,0.0
2022-02-03 00:00:00-05:00,3600.0,3636.0,3280.5,3325.5,195,0.0,0.0
2022-02-04 00:00:00-05:00,3280.5,3420.0,3280.5,3370.5,207,0.0,0.0
2022-02-07 00:00:00-05:00,3420.0,3600.0,3375.0,3456.0,96,0.0,0.0
2022-02-08 00:00:00-05:00,3532.5,3591.0,3420.0,3442.5,135,0.0,0.0
2022-02-09 00:00:00-05:00,3483.0,3690.0,3456.0,3627.0,195,0.0,0.0
2022-02-10 00:00:00-05:00,3600.0,3627.0,3271.5,3285.0,453,0.0,0.0
2022-02-11 00:00:00-05:00,3285.0,3375.0,2974.5,3015.0,654,0.0,0.0
2022-02-14 00:00:00-05:00,3073.5,3096.0,2758.5,2776.5,537,0.0,0.0
2022-02-15 00:00:00-05:00,2880.0,2988.0,2835.0,2947.5,275,0.0,0.0
2022-02-16 00:00:00-05:00,2925.0,2970.0,2812.5,2830.5,279,0.0,0.0
2022-02-17 00:00:00-05:00,2844.0,2893.5,2655.0,2691.0,326,0.0,0.0
2022-02-18 00:00:00-05:00,2700.0,2745.0,2434.5,2466.0,552,0.0,0.0
2022-02-22 00:00:00-05:00,2250.0,2385.0,2227.5,2227.5,438,0.0,0.0
2022-02-23 00:00:00-05:00,2272.5,2317.5,2097.0,2137.5,288,0.0,0.0
2022-02-24 00:00:00-05:00,1935.0,2106.0,1845.0,2106.0,514,0.0,0.0
2022-02-25 00:00:00-05:00,2173.5,2205.0,2029.5,2079.0,336,0.0,0.0
2022-02-28 00:00:00-05:00,2115.0,2115.0,2002.5,2052.0,456,0.0,0.0
2022-03-01 00:00:00-05:00,2106.0,2331.0,2020.5,2115.0,2313,0.0,0.0
2022-03-02 00:00:00-05:00,2079.0,2101.5,1890.0,1975.5,2100,0.0,0.0
2022-03-03 00:00:00-05:00,1980.0,2007.0,1840.5,1863.0,2381,0.0,0.0
2022-03-04 00:00:00-05:00,1845.0,1845.0,1719.0,1800.0,1319,0.0,0.0
2022-03-07 00:00:00-05:00,1795.5,1795.5,1665.0,1705.5,777,0.0,0.0
2022-03-08 00:00:00-05:00,1665.0,2025.0,1543.5,1818.0,1875,0.0,0.0
2022-03-09 00:00:00-05:00,1845.0,2047.5,1737.0,1890.0,1458,0.0,0.0
2022-03-10 00:00:00-05:00,1800.0,1867.5,1768.5,1831.5,510,0.0,0.0
2022-03-11 00:00:00-05:00,1890.0,1890.0,1755.0,1755.0,491,0.0,0.0
2022-03-14 00:00:00-04:00,1755.0,1890.0,1678.5,1696.5,855,0.0,0.0
2022-03-15 00:00:00-04:00,1692.0,2587.5,1624.5,2452.5,8371,0.0,0.0
2022-03-16 00:00:00-04:00,2340.0,2430.0,1975.5,2065.5,3732,0.0,0.0
2022-03-17 00:00:00-04:00,1980.0,2632.5,1903.5,2439.0,3158,0.0,0.0
2022-03-18 00:00:00-04:00,2353.5,2839.5,2295.0,2682.0,2107,0.0,0.0
2022-03-21 00:00:00-04:00,2700.0,2700.0,2398.5,2457.0,950,0.0,0.0
2022-03-22 00:00:00-04:00,2430.0,2745.0,2430.0,2583.0,978,0.0,0.0
2022-03-23 00:00:00-04:00,2542.5,2799.0,2520.0,2628.0,1215,0.0,0.0
2022-03-24 00:00:00-04:00,2700.0,2790.0,2479.5,2547.0,712,0.0,0.0
2022-03-25 00:00:00-04:00,2610.0,2628.0,2299.5,2340.0,532,0.0,0.0
2022-03-28 00:00:00-04:00,2344.5,2448.0,2250.0,2335.5,447,0.0,0.0
2022-03-29 00:00:00-04:00,2416.5,2448.0,2295.0,2425.5,358,0.0,0.0
2022-03-30 00:00:00-04:00,2407.5,2520.0,2340.0,2412.0,387,0.0,0.0
2022-03-31 00:00:00-04:00,2776.5,3667.5,2587.5,3190.5,7512,0.0,0.0
2022-04-01 00:00:00-04:00,3042.0,3060.0,2745.0,2835.0,1548,0.0,0.0
2022-04-04 00:00:00-04:00,2916.0,3465.0,2844.0,3204.0,1912,0.0,0.0
2022-04-05 00:00:00-04:00,3150.0,3195.0,2925.0,2961.0,623,0.0,0.0
2022-04-06 00:00:00-04:00,2925.0,2970.0,2637.0,2709.0,707,0.0,0.0
2022-04-07 00:00:00-04:00,2700.0,2911.5,2686.5,2758.5,418,0.0,0.0
2022-04-08 00:00:00-04:00,2781.0,2880.0,2524.5,2610.0,497,0.0,0.0
2022-04-11 00:00:00-04:00,2565.0,2655.0,2385.0,2475.0,459,0.0,0.0
2022-04-12 00:00:00-04:00,2520.0,2610.0,2295.0,2367.0,370,0.0,0.0
2022-04-13 00:00:00-04:00,2362.5,2700.0,2272.5,2641.5,570,0.0,0.0
2022-04-14 00:00:00-04:00,2749.5,2812.5,2520.0,2538.0,357,0.0,0.0
2022-04-18 00:00:00-04:00,2520.0,2520.0,2295.0,2443.5,299,0.0,0.0
2022-04-19 00:00:00-04:00,2430.0,2565.0,2389.5,2556.0,209,0.0,0.0
2022-04-20 00:00:00-04:00,2596.5,2596.5,2434.5,2439.0,165,0.0,0.0
2022-04-21 00:00:00-04:00,2497.5,2565.0,2160.0,2254.5,395,0.0,0.0
2022-04-22 00:00:00-04:00,2250.0,2295.0,2160.0,2250.0,151,0.0,0.0
2022-04-25 00:00:00-04:00,2214.0,2259.0,2097.0,2173.5,279,0.0,0.0
2022-04-26 00:00:00-04:00,2160.0,2223.0,1935.0,2002.5,324,0.0,0.0
2022-04-27 00:00:00-04:00,2025.0,2160.0,2002.5,2142.0,414,0.0,0.0
2022-04-28 00:00:00-04:00,2142.0,2223.0,1948.5,2092.5,197,0.0,0.0
2022-04-29 00:00:00-04:00,2164.5,2205.0,2016.0,2016.0,216,0.0,0.0
2022-05-02 00:00:00-04:00,2025.0,2115.0,1948.5,2025.0,124,0.0,0.0
2022-05-03 00:00:00-04:00,2070.0,2115.0,2007.0,2061.0,152,0.0,0.0
2022-05-04 00:00:00-04:00,2047.5,2115.0,1944.0,2092.5,166,0.0,0.0
2022-05-05 00:00:00-04:00,2070.0,2137.5,1944.0,2011.5,162,0.0,0.0
2022-05-06 00:00:00-04:00,1935.0,2011.5,1822.5,1903.5,157,0.0,0.0
2022-05-09 00:00:00-04:00,1881.0,1912.5,1804.5,1863.0,229,0.0,0.0
2022-05-10 00:00:00-04:00,1845.0,1962.0,1737.0,1800.0,237,0.0,0.0
2022-05-11 00:00:00-04:00,1755.0,1800.0,1620.0,1728.0,274,0.0,0.0
2022-05-12 00:00:00-04:00,1665.0,1750.5,1629.0,1710.0,271,0.0,0.0
2022-05-13 00:00:00-04:00,1737.0,1890.0,1714.5,1836.0,214,0.0,0.0
2022-05-16 00:00:00-04:00,1804.5,1890.0,1737.0,1746.0,154,0.0,0.0
2022-05-17 00:00:00-04:00,1746.0,1836.0,1746.0,1818.0,122,0.0,0.0
2022-05-18 00:00:00-04:00,1800.0,1845.0,1732.5,1759.5,139,0.0,0.0
2022-05-19 00:00:00-04:00,1750.5,1845.0,1750.5,1764.0,151,0.0,0.0
2022-05-20 00:00:00-04:00,1800.0,1957.5,1773.0,1795.5,394,0.0,0.0
2022-05-23 00:00:00-04:00,1840.5,1876.5,1750.5,1773.0,278,0.0,0.0
2022-05-24 00:00:00-04:00,1786.5,1786.5,1660.5,1687.5,238,0.0,0.0
2022-05-25 00:00:00-04:00,1728.0,1800.0,1665.0,1687.5,141,0.0,0.0
2022-05-26 00:00:00-04:00,1687.5,1710.0,1620.0,1665.0,262,0.0,0.0
2022-05-27 00:00:00-04:00,1705.5,1710.0,1624.5,1687.5,207,0.0,0.0
2022-05-31 00:00:00-04:00,1732.5,1732.5,1620.0,1638.0,321,0.0,0.0
2022-06-01 00:00:00-04:00,1665.0,1665.0,1579.5,1597.5,258,0.0,0.0
2022-06-02 00:00:00-04:00,1579.5,1602.0,1507.5,1579.5,440,0.0,0.0
2022-06-03 00:00:00-04:00,1620.0,1620.0,1539.0,1552.5,229,0.0,0.0
2022-06-06 00:00:00-04:00,1620.0,1620.0,1462.5,1566.0,305,0.0,0.0
2022-06-07 00:00:00-04:00,1530.0,1557.0,1489.5,1539.0,347,0.0,0.0
2022-06-08 00:00:00-04:00,1575.0,1606.5,1539.0,1579.5,265,0.0,0.0
2022-06-09 00:00:00-04:00,1665.0,1710.0,1539.0,1575.0,1136,0.0,0.0
2022-06-10 00:00:00-04:00,1530.0,1588.5,1507.5,1534.5,385,0.0,0.0
2022-06-13 00:00:00-04:00,1530.0,1534.5,1287.0,1350.0,416,0.0,0.0
2022-06-14 00:00:00-04:00,1350.0,1395.0,1287.0,1350.0,228,0.0,0.0
2022-06-15 00:00:00-04:00,1350.0,1386.0,1327.5,1386.0,333,0.0,0.0
2022-06-16 00:00:00-04:00,1350.0,1359.0,1287.0,1309.5,334,0.0,0.0
2022-06-17 00:00:00-04:00,1345.5,1377.0,1215.0,1215.0,397,0.0,0.0
2022-06-21 00:00:00-04:00,1345.5,1350.0,1287.0,1287.0,192,0.0,0.0
2022-06-22 00:00:00-04:00,1314.0,1372.5,1305.0,1309.5,201,0.0,0.0
2022-06-23 00:00:00-04:00,1350.0,1413.0,1242.0,1363.5,363,0.0,0.0
2022-06-24 00:00:00-04:00,1620.0,1710.0,1440.0,1440.0,2872,0.0,0.0
2022-06-27 00:00:00-04:00,1440.0,1458.0,1350.0,1408.5,456,0.0,0.0
2022-06-28 00:00:00-04:00,1435.5,1440.0,1359.0,1404.0,334,0.0,0.0
2022-06-29 00:00:00-04:00,1485.0,1642.5,1404.0,1440.0,2203,0.0,0.0
2022-06-30 00:00:00-04:00,1386.0,1404.0,1309.5,1323.0,508,0.0,0.0
2022-07-01 00:00:00-04:00,1323.0,1395.0,1305.0,1386.0,183,0.0,0.0
2022-07-05 00:00:00-04:00,1350.0,1449.0,1350.0,1417.5,369,0.0,0.0
2022-07-06 00:00:00-04:00,1440.0,1449.0,1381.5,1422.0,195,0.0,0.0
2022-07-07 00:00:00-04:00,1480.5,1521.0,1395.0,1498.5,463,0.0,0.0
2022-07-08 00:00:00-04:00,1498.5,1498.5,1413.0,1494.0,266,0.0,0.0
2022-07-11 00:00:00-04:00,1485.0,1552.5,1395.0,1507.5,633,0.0,0.0
2022-07-12 00:00:00-04:00,1516.5,1516.5,1449.0,1485.0,144,0.0,0.0
2022-07-13 00:00:00-04:00,1435.5,1507.5,1435.5,1485.0,205,0.0,0.0
2022-07-14 00:00:00-04:00,1462.5,1485.0,1399.5,1435.5,317,0.0,0.0
2022-07-15 00:00:00-04:00,1399.5,1440.0,1399.5,1417.5,167,0.0,0.0
2022-07-18 00:00:00-04:00,1440.0,1462.5,1399.5,1417.5,386,0.0,0.0
2022-07-19 00:00:00-04:00,1440.0,1449.0,1399.5,1417.5,398,0.0,0.0
2022-07-20 00:00:00-04:00,1435.5,1453.5,1390.5,1426.5,468,0.0,0.0
2022-07-21 00:00:00-04:00,1440.0,1530.0,1404.0,1480.5,896,0.0,0.0
2022-07-22 00:00:00-04:00,1485.0,1521.0,1417.5,1426.5,889,0.0,0.0
2022-07-25 00:00:00-04:00,1467.0,1593.0,1426.5,1507.5,2401,0.0,0.0
2022-07-26 00:00:00-04:00,1516.5,1615.5,1215.0,1282.5,4691,0.0,0.0
2022-07-27 00:00:00-04:00,1305.0,1323.0,1219.5,1246.5,1043,0.0,0.0
2022-07-28 00:00:00-04:00,1233.0,1255.5,1170.0,1237.5,1106,0.0,0.0
2022-07-29 00:00:00-04:00,1237.5,1237.5,1147.5,1156.5,539,0.0,0.0
2022-08-01 00:00:00-04:00,1179.0,1179.0,1116.0,1120.5,702,0.0,0.0
2022-08-02 00:00:00-04:00,1147.5,1170.0,1107.0,1116.0,758,0.0,0.0
2022-08-03 00:00:00-04:00,1120.5,1165.5,1116.0,1147.5,827,0.0,0.0
2022-08-04 00:00:00-04:00,1170.0,1228.5,1161.0,1219.5,1780,0.0,0.0
2022-08-05 00:00:00-04:00,1215.0,1233.0,1125.0,1170.0,1557,0.0,0.0
2022-08-08 00:00:00-04:00,1170.0,1228.5,1152.0,1206.0,1149,0.0,0.0
2022-08-09 00:00:00-04:00,1282.5,1345.5,1215.0,1251.0,2708,0.0,0.0
2022-08-10 00:00:00-04:00,1282.5,1296.0,1228.5,1228.5,1166,0.0,0.0
2022-08-11 00:00:00-04:00,1350.0,1417.5,1278.0,1314.0,2507,0.0,0.0
2022-08-12 00:00:00-04:00,1314.0,1350.0,1282.5,1305.0,943,0.0,0.0
2022-08-15 00:00:00-04:00,1260.0,1440.0,1251.0,1345.5,1636,0.0,0.0
2022-08-16 00:00:00-04:00,1318.5,1327.5,1215.0,1282.5,1637,0.0,0.0
2022-08-17 00:00:00-04:00,1260.0,1318.5,1215.0,1260.0,979,0.0,0.0
2022-08-18 00:00:00-04:00,1260.0,1260.0,1179.0,1201.5,815,0.0,0.0
2022-08-19 00:00:00-04:00,1215.0,1228.5,1192.5,1201.5,614,0.0,0.0
2022-08-22 00:00:00-04:00,1260.0,1269.0,1048.5,1080.0,2292,0.0,0.0
2022-08-23 00:00:00-04:00,1089.0,1192.5,1080.0,1093.5,1551,0.0,0.0
2022-08-24 00:00:00-04:00,1102.5,1125.0,1003.5,1062.0,1384,0.0,0.0
2022-08-25 00:00:00-04:00,1120.5,1125.0,1035.0,1053.0,682,0.0,0.0
2022-08-26 00:00:00-04:00,1044.0,1116.0,994.5,1098.0,1889,0.0,0.0
2022-08-29 00:00:00-04:00,1080.0,1147.5,1035.0,1102.5,1308,0.0,0.0
2022-08-30 00:00:00-04:00,1134.0,1161.0,1035.0,1044.0,1115,0.0,0.0
2022-08-31 00:00:00-04:00,1039.5,1147.5,1035.0,1057.5,1087,0.0,0.0
2022-09-01 00:00:00-04:00,1066.5,1080.0,967.5,990.0,1373,0.0,0.0
2022-09-02 00:00:00-04:00,981.0,1030.5,949.5,990.0,619,0.0,0.0
2022-09-06 00:00:00-04:00,981.0,994.5,931.5,949.5,603,0.0,0.0
2022-09-07 00:00:00-04:00,918.0,985.5,918.0,954.0,553,0.0,0.0
2022-09-08 00:00:00-04:00,954.0,990.0,922.5,981.0,844,0.0,0.0
2022-09-09 00:00:00-04:00,990.0,1012.5,972.0,994.5,607,0.0,0.0
2022-09-12 00:00:00-04:00,1017.0,1021.5,967.5,994.5,661,0.0,0.0
2022-09-13 00:00:00-04:00,967.5,1080.0,967.5,1071.0,1373,0.0,0.0
2022-09-14 00:00:00-04:00,1053.0,1156.5,1003.5,1035.0,942,0.0,0.0
2022-09-15 00:00:00-04:00,1080.0,1125.0,1044.0,1044.0,694,0.0,0.0
2022-09-16 00:00:00-04:00,1044.0,1080.0,990.0,990.0,543,0.0,0.0
2022-09-19 00:00:00-04:00,927.0,963.0,810.0,855.0,2340,0.0,0.0
2022-09-20 00:00:00-04:00,859.5,859.5,823.5,828.0,544,0.0,0.0
2022-09-21 00:00:00-04:00,823.5,855.0,810.0,810.0,412,0.0,0.0
2022-09-22 00:00:00-04:00,810.0,823.5,697.5,747.0,1096,0.0,0.0
2022-09-23 00:00:00-04:00,720.0,765.0,688.5,751.5,713,0.0,0.0
2022-09-26 00:00:00-04:00,738.0,742.5,697.5,715.5,550,0.0,0.0
2022-09-27 00:00:00-04:00,711.0,742.5,675.0,738.0,593,0.0,0.0
2022-09-28 00:00:00-04:00,724.5,801.0,724.5,765.0,585,0.0,0.0
2022-09-29 00:00:00-04:00,805.5,828.0,715.5,724.5,932,0.0,0.0
2022-09-30 00:00:00-04:00,724.5,765.0,697.5,702.0,634,0.0,0.0
2022-10-03 00:00:00-04:00,706.5,738.0,634.5,733.5,1190,0.0,0.0
2022-10-04 00:00:00-04:00,738.0,760.5,724.5,751.5,503,0.0,0.0
2022-10-05 00:00:00-04:00,778.5,810.0,738.0,810.0,442,0.0,0.0
2022-10-06 00:00:00-04:00,819.0,832.5,765.0,769.5,568,0.0,0.0
2022-10-07 00:00:00-04:00,765.0,774.0,742.5,742.5,288,0.0,0.0
2022-10-10 00:00:00-04:00,733.5,747.0,688.5,697.5,285,0.0,0.0
2022-10-11 00:00:00-04:00,693.0,697.5,634.5,639.0,607,0.0,0.0
2022-10-12 00:00:00-04:00,634.5,684.0,630.0,639.0,520,0.0,0.0
2022-10-13 00:00:00-04:00,643.5,675.0,630.0,657.0,512,0.0,0.0
2022-10-14 00:00:00-04:00,675.0,675.0,625.5,634.5,393,0.0,0.0
2022-10-17 00:00:00-04:00,720.0,774.0,697.5,711.0,1526,0.0,0.0
2022-10-18 00:00:00-04:00,720.0,751.5,684.0,711.0,749,0.0,0.0
2022-10-19 00:00:00-04:00,720.0,720.0,643.5,661.5,594,0.0,0.0
2022-10-20 00:00:00-04:00,661.5,675.0,639.0,648.0,464,0.0,0.0
2022-10-21 00:00:00-04:00,652.5,675.0,634.5,652.5,453,0.0,0.0
2022-10-24 00:00:00-04:00,661.5,666.0,612.0,639.0,700,0.0,0.0
2022-10-25 00:00:00-04:00,630.0,643.5,589.5,634.5,706,0.0,0.0
2022-10-26 00:00:00-04:00,634.5,652.5,625.5,648.0,723,0.0,0.0
2022-10-27 00:00:00-04:00,666.0,666.0,630.0,634.5,382,0.0,0.0
2022-10-28 00:00:00-04:00,630.0,639.0,612.0,630.0,415,0.0,0.0
2022-10-31 00:00:00-04:00,630.0,639.0,616.5,630.0,332,0.0,0.0
2022-11-01 00:00:00-04:00,625.5,634.5,612.0,625.5,311,0.0,0.0
2022-11-02 00:00:00-04:00,643.5,643.5,598.5,603.0,310,0.0,0.0
2022-11-03 00:00:00-04:00,630.0,634.5,589.5,625.5,324,0.0,0.0
2022-11-04 00:00:00-04:00,630.0,630.0,594.0,598.5,271,0.0,0.0
2022-11-07 00:00:00-05:00,607.5,607.5,594.0,603.0,251,0.0,0.0
2022-11-08 00:00:00-05:00,607.5,607.5,585.0,607.5,364,0.0,0.0
2022-11-09 00:00:00-05:00,603.0,603.0,562.5,576.0,503,0.0,0.0
2022-11-10 00:00:00-05:00,585.0,607.5,562.5,585.0,410,0.0,0.0
2022-11-11 00:00:00-05:00,603.0,720.0,589.5,675.0,1392,0.0,0.0
2022-11-14 00:00:00-05:00,625.5,697.5,594.0,634.5,752,0.0,0.0
2022-11-15 00:00:00-05:00,639.0,652.5,625.5,630.0,531,0.0,0.0
2022-11-16 00:00:00-05:00,630.0,639.0,612.0,612.0,322,0.0,0.0
2022-11-17 00:00:00-05:00,607.5,607.5,576.0,585.0,483,0.0,0.0
2022-11-18 00:00:00-05:00,625.5,625.5,562.5,585.0,395,0.0,0.0
2022-11-21 00:00:00-05:00,585.0,607.5,540.0,549.0,489,0.0,0.0
2022-11-22 00:00:00-05:00,544.5,571.5,517.5,549.0,914,0.0,0.0
2022-11-23 00:00:00-05:00,544.5,549.0,526.5,540.0,633,0.0,0.0
2022-11-25 00:00:00-05:00,526.5,549.0,517.5,522.0,289,0.0,0.0
2022-11-28 00:00:00-05:00,540.0,589.5,526.5,589.5,1138,0.0,0.0
2022-11-29 00:00:00-05:00,607.5,612.0,553.5,576.0,1475,0.0,0.0
2022-11-30 00:00:00-05:00,585.0,607.5,544.5,585.0,916,0.0,0.0
2022-12-01 00:00:00-05:00,585.0,684.0,576.0,585.0,2399,0.0,0.0
2022-12-02 00:00:00-05:00,585.0,585.0,549.0,553.5,1297,0.0,0.0
2022-12-05 00:00:00-05:00,562.5,562.5,513.0,522.0,1622,0.0,0.0
2022-12-06 00:00:00-05:00,544.5,544.5,508.5,517.5,543,0.0,0.0
2022-12-07 00:00:00-05:00,526.5,526.5,472.5,508.5,1097,0.0,0.0
2022-12-08 00:00:00-05:00,504.0,508.5,472.5,504.0,721,0.0,0.0
2022-12-09 00:00:00-05:00,504.0,504.0,481.5,495.0,517,0.0,0.0
2022-12-12 00:00:00-05:00,508.5,549.0,481.5,531.0,1886,0.0,0.0
2022-12-13 00:00:00-05:00,540.0,553.5,504.0,540.0,1225,0.0,0.0
2022-12-14 00:00:00-05:00,562.5,571.5,504.0,504.0,1032,0.0,0.0
2022-12-15 00:00:00-05:00,517.5,517.5,481.5,486.0,1088,0.0,0.0
2022-12-16 00:00:00-05:00,517.5,517.5,477.0,477.0,831,0.0,0.0
2022-12-19 00:00:00-05:00,486.0,495.0,441.0,454.5,1288,0.0,0.0
2022-12-20 00:00:00-05:00,454.5,477.0,436.5,436.5,939,0.0,0.0
2022-12-21 00:00:00-05:00,436.5,468.0,436.5,450.0,1014,0.0,0.0
2022-12-22 00:00:00-05:00,441.0,459.0,441.0,445.5,792,0.0,0.0
2022-12-23 00:00:00-05:00,450.0,450.0,414.0,414.0,1028,0.0,0.0
2022-12-27 00:00:00-05:00,436.5,436.5,382.5,387.0,1379,0.0,0.0
2022-12-28 00:00:00-05:00,391.5,391.5,364.5,378.0,1083,0.0,0.0
2022-12-29 00:00:00-05:00,382.5,400.5,373.5,391.5,1011,0.0,0.0
2022-12-30 00:00:00-05:00,391.5,409.5,373.5,391.5,2465,0.0,0.0
2023-01-03 00:00:00-05:00,391.5,405.0,382.5,396.0,1218,0.0,0.0
2023-01-04 00:00:00-05:00,396.0,427.5,391.5,414.0,2131,0.0,0.0
2023-01-05 00:00:00-05:00,418.5,418.5,400.5,409.5,921,0.0,0.0
2023-01-06 00:00:00-05:00,405.0,414.0,396.0,396.0,1014,0.0,0.0
2023-01-09 00:00:00-05:00,405.0,409.5,382.5,405.0,1144,0.0,0.0
2023-01-10 00:00:00-05:00,441.0,495.0,409.5,454.5,9906,0.0,0.0
2023-01-11 00:00:00-05:00,513.0,549.0,486.0,522.0,18297,0.0,0.0
2023-01-12 00:00:00-05:00,522.0,522.0,405.0,450.0,9926,0.0,0.0
2023-01-13 00:00:00-05:00,436.5,441.0,409.5,427.5,4126,0.0,0.0
2023-01-17 00:00:00-05:00,432.0,432.0,405.0,414.0,2831,0.0,0.0
2023-01-18 00:00:00-05:00,427.5,427.5,405.0,409.5,2822,0.0,0.0
2023-01-19 00:00:00-05:00,400.5,405.0,373.5,382.5,2923,0.0,0.0
2023-01-20 00:00:00-05:00,414.0,450.0,373.5,382.5,10968,0.0,0.0
2023-01-23 00:00:00-05:00,363.6000061035156,369.0,315.6000061035156,325.79998779296875,12552,0.0,0.013333333333333334
2023-01-24 00:00:00-05:00,324.6000061035156,324.6000061035156,294.6000061035156,297.0,8970,0.0,0.0
2023-01-25 00:00:00-05:00,306.6000061035156,315.6000061035156,292.20001220703125,297.6000061035156,24495,0.0,0.0
2023-01-26 00:00:00-05:00,301.79998779296875,304.79998779296875,267.0,270.6000061035156,10687,0.0,0.0
2023-01-27 00:00:00-05:00,268.20001220703125,286.20001220703125,267.0,282.0,5192,0.0,0.0
2023-01-30 00:00:00-05:00,279.0,284.3999938964844,274.79998779296875,279.0,3208,0.0,0.0
2023-01-31 00:00:00-05:00,279.0,280.79998779296875,267.6000061035156,271.79998779296875,2812,0.0,0.0
2023-02-01 00:00:00-05:00,282.6000061035156,287.3999938964844,269.3999938964844,272.3999938964844,5628,0.0,0.0
2023-02-02 00:00:00-05:00,273.6000061035156,276.0,266.3999938964844,271.20001220703125,4235,0.0,0.0
2023-02-03 00:00:00-05:00,273.6000061035156,302.3999938964844,268.20001220703125,282.0,16448,0.0,0.0
2023-02-06 00:00:00-05:00,289.20001220703125,292.0799865722656,270.0,271.79998779296875,5648,0.0,0.0
2023-02-07 00:00:00-05:00,270.0,273.6000061035156,262.20001220703125,269.3999938964844,4942,0.0,0.0
2023-02-08 00:00:00-05:00,267.6000061035156,271.20001220703125,249.60000610351562,251.39999389648438,5103,0.0,0.0
2023-02-09 00:00:00-05:00,251.39999389648438,262.20001220703125,240.66000366210938,258.6000061035156,8690,0.0,0.0
2023-02-10 00:00:00-05:00,253.1999969482422,253.1999969482422,239.39999389648438,241.8000030517578,3322,0.0,0.0
2023-02-13 00:00:00-05:00,241.8000030517578,244.8000030517578,204.60000610351562,207.0,7163,0.0,0.0
2023-02-14 00:00:00-05:00,205.1999969482422,208.02000427246094,190.8000030517578,193.8000030517578,7192,0.0,0.0
2023-02-15 00:00:00-05:00,192.0,205.1999969482422,191.39999389648438,199.1999969482422,4860,0.0,0.0
2023-02-16 00:00:00-05:00,195.60000610351562,207.0,193.1999969482422,198.0,5647,0.0,0.0
2023-02-17 00:00:00-05:00,196.8000030517578,204.60000610351562,190.8000030517578,193.1999969482422,7137,0.0,0.0
2023-02-21 00:00:00-05:00,190.1999969482422,192.0,166.13999938964844,167.39999389648438,8395,0.0,0.0
2023-02-22 00:00:00-05:00,166.8000030517578,169.8000030517578,152.39999389648438,153.60000610351562,6153,0.0,0.0
2023-02-23 00:00:00-05:00,159.60000610351562,162.0,142.1999969482422,144.60000610351562,27390,0.0,0.0
2023-02-24 00:00:00-05:00,138.0,141.0,129.0,129.60000610351562,16445,0.0,0.0
2023-02-27 00:00:00-05:00,132.0,138.0,117.0,118.80000305175781,45982,0.0,0.0
2023-02-28 00:00:00-05:00,118.19999694824219,120.0,113.4000015258789,115.19999694824219,18572,0.0,0.0
2023-03-01 00:00:00-05:00,114.0,115.19999694824219,100.80000305175781,102.5999984741211,15493,0.0,0.0
2023-03-02 00:00:00-05:00,100.19999694824219,109.80000305175781,96.0,100.19999694824219,29548,0.0,0.0
2023-03-03 00:00:00-05:00,100.80000305175781,100.80000305175781,91.80000305175781,94.19999694824219,22722,0.0,0.0
2023-03-06 00:00:00-05:00,92.4000015258789,93.9000015258789,86.4000015258789,87.0,18732,0.0,0.0
2023-03-07 00:00:00-05:00,88.80000305175781,89.4000015258789,84.0,85.19999694824219,15650,0.0,0.0
2023-03-08 00:00:00-05:00,84.5999984741211,89.4000015258789,79.19999694824219,81.5999984741211,32177,0.0,0.0
2023-03-09 00:00:00-05:00,81.5999984741211,84.0,76.19999694824219,78.0,19192,0.0,0.0
2023-03-10 00:00:00-05:00,75.0,75.54000091552734,68.4000015258789,69.5999984741211,26790,0.0,0.0
2023-03-13 00:00:00-04:00,66.0,68.4000015258789,63.0,65.4000015258789,19633,0.0,0.0
2023-03-14 00:00:00-04:00,66.0,83.4000015258789,62.400001525878906,63.0,120290,0.0,0.0
2023-03-15 00:00:00-04:00,63.599998474121094,67.19999694824219,57.18000030517578,60.0,77622,0.0,0.0
2023-03-16 00:00:00-04:00,60.0,60.599998474121094,52.91999816894531,54.599998474121094,40888,0.0,0.0
2023-03-17 00:00:00-04:00,54.599998474121094,56.880001068115234,51.599998474121094,52.79999923706055,24613,0.0,0.0
2023-03-20 00:00:00-04:00,53.400001525878906,53.70000076293945,43.79999923706055,46.5,32005,0.0,0.0
2023-03-21 00:00:00-04:00,46.79999923706055,61.20000076293945,46.79999923706055,60.599998474121094,105818,0.0,0.0
2023-03-22 00:00:00-04:00,56.52000045776367,57.599998474121094,47.7599983215332,48.599998474121094,83608,0.0,0.0
2023-03-23 00:00:00-04:00,48.720001220703125,73.80000305175781,48.599998474121094,67.80000305175781,135310,0.0,0.0
2023-03-24 00:00:00-04:00,65.4000015258789,73.19999694824219,57.0,67.80000305175781,67528,0.0,0.0
2023-03-27 00:00:00-04:00,73.19999694824219,76.19999694824219,58.20000076293945,62.400001525878906,70412,0.0,0.0
2023-03-28 00:00:00-04:00,60.0,61.20000076293945,45.599998474121094,46.79999923706055,84390,0.0,0.0
2023-03-29 00:00:00-04:00,47.7599983215332,47.7599983215332,42.599998474121094,44.220001220703125,38415,0.0,0.0
2023-03-30 00:00:00-04:00,43.20000076293945,47.099998474121094,40.560001373291016,42.119998931884766,43717,0.0,0.0
2023-03-31 00:00:00-04:00,41.400001525878906,42.599998474121094,37.13999938964844,37.68000030517578,43012,0.0,0.0
2023-04-03 00:00:00-04:00,38.34000015258789,38.34000015258789,34.02000045776367,35.099998474121094,24322,0.0,0.0
2023-04-04 00:00:00-04:00,35.400001525878906,40.20000076293945,35.15999984741211,36.720001220703125,32122,0.0,0.0
2023-04-05 00:00:00-04:00,37.79999923706055,37.79999923706055,33.41999816894531,34.20000076293945,23613,0.0,0.0
2023-04-06 00:00:00-04:00,34.20000076293945,34.79999923706055,31.260000228881836,32.400001525878906,15013,0.0,0.0
2023-04-10 00:00:00-04:00,32.400001525878906,33.599998474121094,31.5,32.400001525878906,11403,0.0,0.0
2023-04-11 00:00:00-04:00,32.70000076293945,36.599998474121094,32.459999084472656,35.400001525878906,31253,0.0,0.0
2023-04-12 00:00:00-04:00,35.15999984741211,36.599998474121094,32.52000045776367,33.900001525878906,12975,0.0,0.0
2023-04-13 00:00:00-04:00,33.900001525878906,37.5,33.900001525878906,35.279998779296875,23092,0.0,0.0
2023-04-14 00:00:00-04:00,35.880001068115234,36.599998474121094,33.599998474121094,34.5,12287,0.0,0.0
2023-04-17 00:00:00-04:00,36.0,40.79999923706055,35.400001525878906,37.5,90095,0.0,0.0
2023-04-18 00:00:00-04:00,37.79999923706055,40.20000076293945,35.040000915527344,36.540000915527344,37152,0.0,0.0
2023-04-19 00:00:00-04:00,36.0,39.29999923706055,33.0,38.400001525878906,31828,0.0,0.0
2023-04-20 00:00:00-04:00,36.0,37.08000183105469,34.619998931884766,35.15999984741211,13865,0.0,0.0
2023-04-21 00:00:00-04:00,35.15999984741211,35.7599983215332,33.65999984741211,34.20000076293945,10588,0.0,0.0
2023-04-24 00:00:00-04:00,33.599998474121094,34.08000183105469,32.400001525878906,33.41999816894531,14232,0.0,0.0
2023-04-25 00:00:00-04:00,33.29999923706055,33.29999923706055,27.600000381469727,28.6200008392334,36420,0.0,0.0
2023-04-26 00:00:00-04:00,28.739999771118164,34.79999923706055,27.600000381469727,33.0,44378,0.0,0.0
2023-04-27 00:00:00-04:00,31.200000762939453,32.400001525878906,30.0,31.200000762939453,25797,0.0,0.0
2023-04-28 00:00:00-04:00,30.540000915527344,31.440000534057617,29.399999618530273,29.940000534057617,12045,0.0,0.0
2023-05-01 00:00:00-04:00,30.899999618530273,33.29999923706055,30.0,31.799999237060547,27387,0.0,0.0
2023-05-02 00:00:00-04:00,32.400001525878906,33.0,31.31999969482422,32.52000045776367,14643,0.0,0.0
2023-05-03 00:00:00-04:00,32.400001525878906,35.099998474121094,31.920000076293945,34.08000183105469,14332,0.0,0.0
2023-05-04 00:00:00-04:00,33.720001220703125,33.720001220703125,31.260000228881836,31.979999542236328,12035,0.0,0.0
2023-05-05 00:00:00-04:00,33.36000061035156,40.79999923706055,31.31999969482422,38.400001525878906,66103,0.0,0.0
2023-05-08 00:00:00-04:00,39.0,46.02000045776367,37.5,43.79999923706055,52793,0.0,0.0
2023-05-09 00:00:00-04:00,43.5,43.7400016784668,37.20000076293945,40.79999923706055,22593,0.0,0.0
2023-05-10 00:00:00-04:00,41.52000045776367,56.099998474121094,38.459999084472656,43.20000076293945,143705,0.0,0.0
2023-05-11 00:00:00-04:00,53.400001525878906,73.19999694824219,50.70000076293945,57.599998474121094,1280157,0.0,0.0
2023-05-12 00:00:00-04:00,55.08000183105469,61.79999923706055,51.599998474121094,58.79999923706055,134665,0.0,0.0
2023-05-15 00:00:00-04:00,56.400001525878906,56.400001525878906,42.599998474121094,45.540000915527344,147808,0.0,0.0
2023-05-16 00:00:00-04:00,44.70000076293945,44.70000076293945,39.599998474121094,40.20000076293945,39917,0.0,0.0
2023-05-17 00:00:00-04:00,40.79999923706055,41.099998474121094,39.0,40.79999923706055,18288,0.0,0.0
2023-05-18 00:00:00-04:00,41.099998474121094,43.68000030517578,40.20000076293945,40.79999923706055,22727,0.0,0.0
2023-05-19 00:00:00-04:00,40.79999923706055,40.91999816894531,36.060001373291016,39.84000015258789,15580,0.0,0.0
2023-05-22 00:00:00-04:00,39.540000915527344,41.939998626708984,39.0,41.880001068115234,12335,0.0,0.0
2023-05-23 00:00:00-04:00,42.0,44.7599983215332,41.81999969482422,44.70000076293945,17278,0.0,0.0
2023-05-24 00:00:00-04:00,45.0,45.0,42.0,43.08000183105469,9177,0.0,0.0
2023-05-25 00:00:00-04:00,41.400001525878906,43.560001373291016,39.0,39.29999923706055,11547,0.0,0.0
2023-05-26 00:00:00-04:00,38.880001068115234,41.099998474121094,38.880001068115234,41.040000915527344,8075,0.0,0.0
2023-05-30 00:00:00-04:00,40.7400016784668,41.279998779296875,39.0,40.560001373291016,7573,0.0,0.0
2023-05-31 00:00:00-04:00,39.599998474121094,40.380001068115234,39.18000030517578,39.84000015258789,5520,0.0,0.0
2023-06-01 00:00:00-04:00,39.65999984741211,40.2599983215332,33.84000015258789,34.20000076293945,23650,0.0,0.0
2023-06-02 00:00:00-04:00,35.400001525878906,36.119998931884766,34.560001373291016,35.70000076293945,7453,0.0,0.0
2023-06-05 00:00:00-04:00,34.79999923706055,35.880001068115234,34.79999923706055,35.58000183105469,5585,0.0,0.0
2023-06-06 00:00:00-04:00,36.2400016784668,38.400001525878906,35.099998474121094,37.619998931884766,8877,0.0,0.0
2023-06-07 00:00:00-04:00,37.619998931884766,40.20000076293945,37.619998931884766,39.900001525878906,6133,0.0,0.0
2023-06-08 00:00:00-04:00,39.119998931884766,41.099998474121094,38.400001525878906,39.29999923706055,6167,0.0,0.0
2023-06-09 00:00:00-04:00,40.08000183105469,40.08000183105469,36.599998474121094,39.0,6550,0.0,0.0
2023-06-12 00:00:00-04:00,40.20000076293945,40.20000076293945,37.79999923706055,40.20000076293945,4763,0.0,0.0
2023-06-13 00:00:00-04:00,40.20000076293945,40.97999954223633,39.0,40.79999923706055,6647,0.0,0.0
2023-06-14 00:00:00-04:00,41.279998779296875,42.599998474121094,40.20000076293945,42.0,6887,0.0,0.0
2023-06-15 00:00:00-04:00,40.439998626708984,42.18000030517578,40.20000076293945,41.939998626708984,5398,0.0,0.0
2023-06-16 00:00:00-04:00,42.0,43.20000076293945,40.439998626708984,41.400001525878906,7603,0.0,0.0
2023-06-20 00:00:00-04:00,41.58000183105469,43.20000076293945,40.79999923706055,41.040000915527344,8007,0.0,0.0
2023-06-21 00:00:00-04:00,42.0,42.0,27.18000030517578,28.860000610351562,91463,0.0,0.0
2023-06-22 00:00:00-04:00,29.100000381469727,29.8799991607666,25.6200008392334,27.600000381469727,34330,0.0,0.0
2023-06-23 00:00:00-04:00,27.360000610351562,27.84000015258789,26.399999618530273,27.719999313354492,7258,0.0,0.0
2023-06-26 00:00:00-04:00,27.65999984741211,28.440000534057617,25.5,28.3799991607666,7022,0.0,0.0
2023-06-27 00:00:00-04:00,28.440000534057617,29.399999618530273,27.1200008392334,29.399999618530273,6853,0.0,0.0
2023-06-28 00:00:00-04:00,29.219999313354492,31.200000762939453,28.799999237060547,31.079999923706055,8952,0.0,0.0
2023-06-29 00:00:00-04:00,30.899999618530273,31.200000762939453,29.399999618530273,29.940000534057617,5348,0.0,0.0
2023-06-30 00:00:00-04:00,31.200000762939453,31.920000076293945,30.0,30.959999084472656,4677,0.0,0.0
2023-07-03 00:00:00-04:00,31.799999237060547,36.36000061035156,30.899999618530273,32.400001525878906,7493,0.0,0.0
2023-07-05 00:00:00-04:00,32.15999984741211,33.47999954223633,31.3799991607666,32.939998626708984,5903,0.0,0.0
2023-07-06 00:00:00-04:00,33.0,33.0,30.420000076293945,31.200000762939453,2998,0.0,0.0
2023-07-07 00:00:00-04:00,31.200000762939453,32.15999984741211,30.899999618530273,32.15999984741211,4785,0.0,0.0
2023-07-10 00:00:00-04:00,31.799999237060547,32.880001068115234,31.440000534057617,31.979999542236328,5622,0.0,0.0
2023-07-11 00:00:00-04:00,31.799999237060547,32.7599983215332,31.31999969482422,32.400001525878906,4758,0.0,0.0
2023-07-12 00:00:00-04:00,33.0,34.68000030517578,29.399999618530273,31.139999389648438,10173,0.0,0.0
2023-07-13 00:00:00-04:00,31.139999389648438,33.0,31.139999389648438,32.400001525878906,12822,0.0,0.0
2023-07-14 00:00:00-04:00,33.0,33.47999954223633,31.260000228881836,32.939998626708984,8118,0.0,0.0
2023-07-17 00:00:00-04:00,33.0,33.599998474121094,32.279998779296875,33.0,4017,0.0,0.0
2023-07-18 00:00:00-04:00,32.70000076293945,33.540000915527344,31.799999237060547,31.860000610351562,2717,0.0,0.0
2023-07-19 00:00:00-04:00,32.279998779296875,33.0,31.860000610351562,32.400001525878906,2738,0.0,0.0
2023-07-20 00:00:00-04:00,32.7599983215332,33.0,31.860000610351562,32.15999984741211,4673,0.0,0.0
2023-07-21 00:00:00-04:00,33.0,34.13999938964844,31.260000228881836,33.599998474121094,9588,0.0,0.0
2023-07-24 00:00:00-04:00,34.08000183105469,41.7599983215332,33.599998474121094,38.400001525878906,97442,0.0,0.0
2023-07-25 00:00:00-04:00,37.68000030517578,38.15999984741211,34.20000076293945,34.5,18668,0.0,0.0
2023-07-26 00:00:00-04:00,35.400001525878906,39.47999954223633,34.79999923706055,37.619998931884766,12055,0.0,0.0
2023-07-27 00:00:00-04:00,39.47999954223633,39.47999954223633,34.79999923706055,36.36000061035156,10953,0.0,0.0
2023-07-28 00:00:00-04:00,36.060001373291016,37.68000030517578,34.5,36.720001220703125,7910,0.0,0.0
2023-07-31 00:00:00-04:00,37.91999816894531,39.0,36.779998779296875,38.939998626708984,7870,0.0,0.0
2023-08-01 00:00:00-04:00,39.36000061035156,39.599998474121094,37.20000076293945,38.220001220703125,5940,0.0,0.0
2023-08-02 00:00:00-04:00,37.439998626708984,38.220001220703125,36.900001525878906,37.5,4425,0.0,0.0
2023-08-03 00:00:00-04:00,37.20000076293945,37.31999969482422,34.79999923706055,35.52000045776367,11900,0.0,0.0
2023-08-04 00:00:00-04:00,36.0,37.5,35.52000045776367,35.58000183105469,4888,0.0,0.0
2023-08-07 00:00:00-04:00,36.0,37.20000076293945,34.86000061035156,36.2400016784668,5645,0.0,0.0
2023-08-08 00:00:00-04:00,34.97999954223633,37.20000076293945,34.97999954223633,36.18000030517578,22770,0.0,0.0
2023-08-09 00:00:00-04:00,36.29999923706055,36.599998474121094,32.459999084472656,32.52000045776367,8187,0.0,0.0
2023-08-10 00:00:00-04:00,32.939998626708984,35.880001068115234,32.70000076293945,35.15999984741211,10858,0.0,0.0
2023-08-11 00:00:00-04:00,35.15999984741211,35.400001525878906,33.599998474121094,34.31999969482422,3090,0.0,0.0
2023-08-14 00:00:00-04:00,35.34000015258789,35.34000015258789,31.200000762939453,32.099998474121094,7625,0.0,0.0
2023-08-15 00:00:00-04:00,32.400001525878906,33.599998474121094,30.0,30.600000381469727,12488,0.0,0.0
2023-08-16 00:00:00-04:00,31.5,33.29999923706055,30.059999465942383,30.360000610351562,9722,0.0,0.0
2023-08-17 00:00:00-04:00,30.899999618530273,31.020000457763672,28.799999237060547,30.0,11417,0.0,0.0
2023-08-18 00:00:00-04:00,30.0,31.6200008392334,29.940000534057617,30.0,8635,0.0,0.0
2023-08-21 00:00:00-04:00,30.540000915527344,30.540000915527344,27.65999984741211,28.260000228881836,11573,0.0,0.0
2023-08-22 00:00:00-04:00,27.719999313354492,28.559999465942383,26.520000457763672,27.1200008392334,12490,0.0,0.0
2023-08-23 00:00:00-04:00,26.700000762939453,27.600000381469727,26.399999618530273,26.700000762939453,5570,0.0,0.0
2023-08-24 00:00:00-04:00,27.0,27.0,24.239999771118164,25.020000457763672,16493,0.0,0.0
2023-08-25 00:00:00-04:00,25.6200008392334,25.6200008392334,23.520000457763672,24.0,21228,0.0,0.0
2023-08-28 00:00:00-04:00,24.0,24.600000381469727,23.639999389648438,24.299999237060547,13615,0.0,0.0
2023-08-29 00:00:00-04:00,24.299999237060547,24.719999313354492,23.100000381469727,23.459999084472656,13013,0.0,0.0
2023-08-30 00:00:00-04:00,23.940000534057617,24.059999465942383,22.5,22.739999771118164,8210,0.0,0.0
2023-08-31 00:00:00-04:00,23.399999618530273,23.579999923706055,22.799999237060547,23.100000381469727,8343,0.0,0.0
2023-09-01 00:00:00-04:00,23.940000534057617,24.420000076293945,22.559999465942383,22.6200008392334,23280,0.0,0.0
2023-09-05 00:00:00-04:00,23.399999618530273,24.0,22.200000762939453,23.040000915527344,17203,0.0,0.0
2023-09-06 00:00:00-04:00,22.799999237060547,23.100000381469727,21.479999542236328,21.600000381469727,8800,0.0,0.0
2023-09-07 00:00:00-04:00,21.600000381469727,21.600000381469727,18.780000686645508,20.040000915527344,20332,0.0,0.0
2023-09-08 00:00:00-04:00,20.399999618530273,20.700000762939453,19.200000762939453,20.399999618530273,9382,0.0,0.0
2023-09-11 00:00:00-04:00,20.399999618530273,20.399999618530273,19.5,19.799999237060547,8365,0.0,0.0
2023-09-12 00:00:00-04:00,20.700000762939453,20.700000762939453,19.3799991607666,20.34000015258789,7490,0.0,0.0
2023-09-13 00:00:00-04:00,20.219999313354492,20.940000534057617,18.780000686645508,18.899999618530273,16610,0.0,0.0
2023-09-14 00:00:00-04:00,19.5,19.799999237060547,17.639999389648438,18.479999542236328,30868,0.0,0.0
2023-09-15 00:00:00-04:00,18.600000381469727,19.020000457763672,16.799999237060547,16.799999237060547,37192,0.0,0.0
2023-09-18 00:00:00-04:00,17.399999618530273,17.700000762939453,16.200000762939453,16.920000076293945,7998,0.0,0.0
2023-09-19 00:00:00-04:00,17.219999313354492,17.219999313354492,16.31999969482422,16.6200008392334,8032,0.0,0.0
2023-09-20 00:00:00-04:00,17.34000015258789,18.479999542236328,16.979999542236328,17.15999984741211,21773,0.0,0.0
2023-09-21 00:00:00-04:00,17.100000381469727,17.940000534057617,16.799999237060547,17.459999084472656,6055,0.0,0.0
2023-09-22 00:00:00-04:00,17.399999618530273,17.579999923706055,16.6200008392334,16.799999237060547,5193,0.0,0.0
2023-09-25 00:00:00-04:00,17.399999618530273,17.399999618530273,14.819999694824219,16.200000762939453,7930,0.0,0.0
2023-09-26 00:00:00-04:00,16.260000228881836,16.799999237060547,15.600000381469727,15.84000015258789,15648,0.0,0.0
2023-09-27 00:00:00-04:00,15.84000015258789,16.799999237060547,15.239999771118164,15.600000381469727,8332,0.0,0.0
2023-09-28 00:00:00-04:00,15.899999618530273,16.200000762939453,15.420000076293945,15.84000015258789,11553,0.0,0.0
2023-09-29 00:00:00-04:00,15.84000015258789,16.799999237060547,15.539999961853027,15.600000381469727,32318,0.0,0.0
2023-10-02 00:00:00-04:00,15.899999618530273,15.899999618530273,13.859999656677246,14.399999618530273,12137,0.0,0.0
2023-10-03 00:00:00-04:00,15.0,15.539999961853027,14.039999961853027,14.15999984741211,6265,0.0,0.0
2023-10-04 00:00:00-04:00,14.579999923706055,14.579999923706055,13.920000076293945,14.399999618530273,6460,0.0,0.0
2023-10-05 00:00:00-04:00,13.979999542236328,15.0,13.800000190734863,14.100000381469727,8882,0.0,0.0
2023-10-06 00:00:00-04:00,14.460000038146973,15.0,13.859999656677246,14.699999809265137,9867,0.0,0.0
2023-10-09 00:00:00-04:00,15.119999885559082,15.180000305175781,13.5,14.699999809265137,10493,0.0,0.0
2023-10-10 00:00:00-04:00,14.220000267028809,14.9399995803833,13.739999771118164,14.039999961853027,12822,0.0,0.0
2023-10-11 00:00:00-04:00,14.279999732971191,16.020000457763672,13.5,14.520000457763672,91982,0.0,0.0
2023-10-12 00:00:00-04:00,29.399999618530273,31.739999771118164,18.65999984741211,21.239999771118164,2037512,0.0,0.0
2023-10-13 00:00:00-04:00,18.780000686645508,21.0,17.81999969482422,19.200000762939453,221013,0.0,0.0
2023-10-16 00:00:00-04:00,19.200000762939453,22.5,12.600000381469727,21.600000381469727,301462,0.0,0.0
2023-10-17 00:00:00-04:00,21.059999465942383,21.299999237060547,18.299999237060547,20.219999313354492,170052,0.0,0.0
2023-10-18 00:00:00-04:00,19.3799991607666,21.0,18.600000381469727,20.520000457763672,71693,0.0,0.0
2023-10-19 00:00:00-04:00,21.299999237060547,22.31999969482422,19.200000762939453,21.1200008392334,168763,0.0,0.0
2023-10-20 00:00:00-04:00,21.1200008392334,21.239999771118164,19.31999969482422,19.799999237060547,47430,0.0,0.0
2023-10-23 00:00:00-04:00,19.31999969482422,19.860000610351562,18.420000076293945,19.559999465942383,42797,0.0,0.0
2023-10-24 00:00:00-04:00,18.0,24.0,18.0,23.040000915527344,104200,0.0,0.0
2023-10-25 00:00:00-04:00,19.799999237060547,21.780000686645508,19.260000228881836,21.0,63763,0.0,0.0
2023-10-26 00:00:00-04:00,19.739999771118164,21.0,19.5,20.639999389648438,31512,0.0,0.0
2023-10-27 00:00:00-04:00,20.100000381469727,20.399999618530273,18.719999313354492,19.5,25873,0.0,0.0
2023-10-30 00:00:00-04:00,19.860000610351562,21.059999465942383,19.260000228881836,20.399999618530273,51960,0.0,0.0
2023-10-31 00:00:00-04:00,20.579999923706055,21.600000381469727,19.979999542236328,20.760000228881836,42278,0.0,0.0
2023-11-01 00:00:00-04:00,21.059999465942383,21.360000610351562,19.559999465942383,20.8799991607666,31392,0.0,0.0
2023-11-02 00:00:00-04:00,21.18000030517578,21.84000015258789,19.020000457763672,19.200000762939453,63987,0.0,0.0
2023-11-03 00:00:00-04:00,19.739999771118164,20.700000762939453,19.200000762939453,19.200000762939453,33962,0.0,0.0
2023-11-06 00:00:00-05:00,18.0,18.420000076293945,15.600000381469727,15.899999618530273,82875,0.0,0.0
2023-11-07 00:00:00-05:00,15.600000381469727,16.799999237060547,15.479999542236328,15.720000267028809,46603,0.0,0.0
2023-11-08 00:00:00-05:00,16.139999389648438,17.700000762939453,15.899999618530273,17.459999084472656,48655,0.0,0.0
2023-11-09 00:00:00-05:00,18.0,20.219999313354492,17.15999984741211,18.059999465942383,100415,0.0,0.0
2023-11-10 00:00:00-05:00,18.059999465942383,18.600000381469727,16.920000076293945,17.520000457763672,49362,0.0,0.0
2023-11-13 00:00:00-05:00,17.8799991607666,19.200000762939453,17.100000381469727,18.600000381469727,27508,0.0,0.0
2023-11-14 00:00:00-05:00,19.799999237060547,20.579999923706055,18.959999084472656,19.920000076293945,53933,0.0,0.0
2023-11-15 00:00:00-05:00,20.399999618530273,24.540000915527344,19.260000228881836,22.920000076293945,136593,0.0,0.0
2023-11-16 00:00:00-05:00,23.399999618530273,23.700000762939453,21.0,21.899999618530273,56203,0.0,0.0
2023-11-17 00:00:00-05:00,21.719999313354492,25.260000228881836,20.760000228881836,24.420000076293945,65222,0.0,0.0
2023-11-20 00:00:00-05:00,25.5,30.84000015258789,24.780000686645508,27.719999313354492,209717,0.0,0.0
2023-11-21 00:00:00-05:00,22.440000534057617,24.0,20.34000015258789,20.81999969482422,197730,0.0,0.0
2023-11-22 00:00:00-05:00,21.600000381469727,22.020000457763672,19.799999237060547,20.579999923706055,56847,0.0,0.0
2023-11-24 00:00:00-05:00,21.0,22.559999465942383,20.459999084472656,22.440000534057617,35970,0.0,0.0
2023-11-27 00:00:00-05:00,21.600000381469727,21.600000381469727,20.520000457763672,21.0,46648,0.0,0.0
2023-11-28 00:00:00-05:00,19.799999237060547,21.18000030517578,17.459999084472656,20.940000534057617,44060,0.0,0.0
2023-11-29 00:00:00-05:00,20.760000228881836,22.200000762939453,20.579999923706055,21.0,31113,0.0,0.0
2023-11-30 00:00:00-05:00,21.420000076293945,22.979999542236328,20.81999969482422,21.239999771118164,34672,0.0,0.0
2023-12-01 00:00:00-05:00,21.360000610351562,21.600000381469727,20.81999969482422,21.360000610351562,97090,0.0,0.0
2023-12-04 00:00:00-05:00,21.0,24.299999237060547,20.520000457763672,23.399999618530273,157620,0.0,0.0
2023-12-05 00:00:00-05:00,22.799999237060547,22.799999237060547,18.600000381469727,19.440000534057617,139615,0.0,0.0
2023-12-06 00:00:00-05:00,19.440000534057617,19.799999237060547,18.959999084472656,19.200000762939453,51242,0.0,0.0
2023-12-07 00:00:00-05:00,18.899999618530273,19.139999389648438,17.15999984741211,17.280000686645508,75958,0.0,0.0
2023-12-08 00:00:00-05:00,17.34000015258789,17.34000015258789,15.899999618530273,15.899999618530273,45005,0.0,0.0
2023-12-11 00:00:00-05:00,13.5,13.739999771118164,10.199999809265137,10.979999542236328,234475,0.0,0.0
2023-12-12 00:00:00-05:00,11.279999732971191,11.399999618530273,10.079999923706055,10.140000343322754,82428,0.0,0.0
2023-12-13 00:00:00-05:00,9.65999984741211,9.65999984741211,9.0600004196167,9.180000305175781,111998,0.0,0.0
2023-12-14 00:00:00-05:00,9.300000190734863,10.199999809265137,9.239999771118164,10.020000457763672,75372,0.0,0.0
2023-12-15 00:00:00-05:00,10.079999923706055,11.399999618530273,9.600000381469727,9.600000381469727,143197,0.0,0.0
2023-12-18 00:00:00-05:00,9.899999618530273,10.079999923706055,9.0,9.300000190734863,70275,0.0,0.0
2023-12-19 00:00:00-05:00,9.600000381469727,10.079999923706055,9.300000190734863,9.720000267028809,65158,0.0,0.0
2023-12-20 00:00:00-05:00,9.359999656677246,9.420000076293945,8.760000228881836,9.0,68720,0.0,0.0
2023-12-21 00:00:00-05:00,9.239999771118164,9.300000190734863,9.0,9.180000305175781,36253,0.0,0.0
2023-12-22 00:00:00-05:00,9.300000190734863,10.079999923706055,9.239999771118164,10.020000457763672,79162,0.0,0.0
2023-12-26 00:00:00-05:00,10.199999809265137,10.5,9.960000038146973,10.319999694824219,43060,0.0,0.0
2023-12-27 00:00:00-05:00,10.319999694824219,10.319999694824219,9.539999961853027,9.779999732971191,63345,0.0,0.0
2023-12-28 00:00:00-05:00,10.020000457763672,10.079999923706055,9.65999984741211,9.720000267028809,49382,0.0,0.0
2023-12-29 00:00:00-05:00,9.84000015258789,10.199999809265137,9.0,9.0600004196167,81520,0.0,0.0
2024-01-02 00:00:00-05:00,9.119999885559082,9.359999656677246,9.0600004196167,9.0600004196167,64120,0.0,0.0
2024-01-03 00:00:00-05:00,9.0600004196167,9.239999771118164,7.860000133514404,8.520000457763672,66765,0.0,0.0
2024-01-04 00:00:00-05:00,8.460000038146973,9.119999885559082,8.399999618530273,9.0,74603,0.0,0.0
2024-01-05 00:00:00-05:00,8.880000114440918,8.9399995803833,8.399999618530273,8.399999618530273,45732,0.0,0.0
2024-01-08 00:00:00-05:00,8.399999618530273,8.399999618530273,7.679999828338623,7.739999771118164,87108,0.0,0.0
2024-01-09 00:00:00-05:00,7.800000190734863,7.800000190734863,7.019999980926514,7.139999866485596,109138,0.0,0.0
2024-01-10 00:00:00-05:00,7.139999866485596,7.199999809265137,6.78000020980835,6.900000095367432,77873,0.0,0.0
2024-01-11 00:00:00-05:00,6.960000038146973,6.960000038146973,6.300000190734863,6.480000019073486,94788,0.0,0.0
2024-01-12 00:00:00-05:00,7.019999980926514,7.559999942779541,6.119999885559082,6.179999828338623,890657,0.0,0.0
2024-01-16 00:00:00-05:00,5.880000114440918,6.0,5.159999847412109,5.699999809265137,260623,0.0,0.0
2024-01-17 00:00:00-05:00,5.579999923706055,6.059999942779541,5.159999847412109,6.0,190280,0.0,0.0
2024-01-18 00:00:00-05:00,6.179999828338623,6.420000076293945,5.519999980926514,6.300000190734863,153768,0.0,0.0
2024-01-19 00:00:00-05:00,6.0,6.300000190734863,5.760000228881836,6.059999942779541,109222,0.0,0.0
2024-01-22 00:00:00-05:00,6.119999885559082,6.239999771118164,5.699999809265137,6.179999828338623,144372,0.0,0.0
2024-01-23 00:00:00-05:00,6.239999771118164,6.360000133514404,5.820000171661377,5.940000057220459,166558,0.0,0.0
2024-01-24 00:00:00-05:00,5.820000171661377,6.300000190734863,5.760000228881836,6.179999828338623,189575,0.0,0.0
2024-01-25 00:00:00-05:00,6.179999828338623,7.139999866485596,5.880000114440918,6.900000095367432,482390,0.0,0.0
2024-01-26 00:00:00-05:00,8.460000038146973,8.880000114440918,6.659999847412109,6.78000020980835,1739058,0.0,0.0
2024-01-29 00:00:00-05:00,6.539999961853027,6.539999961853027,6.0,6.300000190734863,376917,0.0,0.0
2024-01-30 00:00:00-05:00,6.420000076293945,6.960000038146973,6.059999942779541,6.599999904632568,355573,0.0,0.0
2024-01-31 00:00:00-05:00,6.599999904632568,6.78000020980835,6.059999942779541,6.239999771118164,326472,0.0,0.0
2024-02-01 00:00:00-05:00,6.0,6.119999885559082,5.760000228881836,6.0,284742,0.0,0.0
2024-02-02 00:00:00-05:00,6.0,6.059999942779541,5.579999923706055,5.820000171661377,205868,0.0,0.0
2024-02-05 00:00:00-05:00,5.760000228881836,5.760000228881836,5.21999979019165,5.340000152587891,255355,0.0,0.0
2024-02-06 00:00:00-05:00,5.340000152587891,5.579999923706055,5.21999979019165,5.579999923706055,180137,0.0,0.0
2024-02-07 00:00:00-05:00,5.400000095367432,5.639999866485596,5.28000020980835,5.400000095367432,177057,0.0,0.0
2024-02-08 00:00:00-05:00,5.28000020980835,5.579999923706055,5.21999979019165,5.340000152587891,179812,0.0,0.0
2024-02-09 00:00:00-05:00,5.340000152587891,5.340000152587891,4.619999885559082,5.039999961853027,242012,0.0,0.0
2024-02-12 00:00:00-05:00,5.340000152587891,5.760000228881836,5.099999904632568,5.340000152587891,385832,0.0,0.0
2024-02-13 00:00:00-05:00,5.400000095367432,5.400000095367432,4.800000190734863,4.920000076293945,215447,0.0,0.0
2024-02-14 00:00:00-05:00,4.920000076293945,4.980000019073486,4.679999828338623,4.860000133514404,183880,0.0,0.0
2024-02-15 00:00:00-05:00,5.21999979019165,5.21999979019165,4.739999771118164,4.920000076293945,309953,0.0,0.0
2024-02-16 00:00:00-05:00,4.800000190734863,4.860000133514404,4.619999885559082,4.679999828338623,225867,0.0,0.0
2024-02-20 00:00:00-05:00,4.320000171661377,4.380000114440918,4.079999923706055,4.199999809265137,357762,0.0,0.0
2024-02-21 00:00:00-05:00,4.199999809265137,4.260000228881836,3.9600000381469727,4.019999980926514,169610,0.0,0.0
2024-02-22 00:00:00-05:00,4.019999980926514,4.079999923706055,3.059999942779541,3.4200000762939453,429813,0.0,0.0
2024-02-23 00:00:00-05:00,3.4200000762939453,3.7200000286102295,3.180000066757202,3.5999999046325684,420067,0.0,0.0
2024-02-26 00:00:00-05:00,3.6600000858306885,3.9600000381469727,3.5399999618530273,3.5999999046325684,336400,0.0,0.0
2024-02-27 00:00:00-05:00,3.5999999046325684,4.860000133514404,3.359999895095825,3.4800000190734863,1092925,0.0,0.0
2024-02-28 00:00:00-05:00,3.5999999046325684,3.6600000858306885,3.359999895095825,3.4800000190734863,341835,0.0,0.0
2024-02-29 00:00:00-05:00,3.5399999618530273,3.7799999713897705,3.4800000190734863,3.5399999618530273,221440,0.0,0.0
2024-03-01 00:00:00-05:00,3.6600000858306885,6.480000019073486,3.5999999046325684,5.340000152587891,5055658,0.0,0.0
2024-03-04 00:00:00-05:00,8.520000457763672,9.779999732971191,6.960000038146973,8.579999923706055,6457810,0.0,0.0
2024-03-05 00:00:00-05:00,7.559999942779541,9.300000190734863,6.900000095367432,7.559999942779541,2123768,0.0,0.0
2024-03-06 00:00:00-05:00,6.539999961853027,6.599999904632568,5.099999904632568,5.400000095367432,947830,0.0,0.0
2024-03-07 00:00:00-05:00,5.28000020980835,5.400000095367432,4.380000114440918,4.920000076293945,682458,0.0,0.0
2024-03-08 00:00:00-05:00,4.980000019073486,5.28000020980835,4.860000133514404,4.920000076293945,340222,0.0,0.0
2024-03-11 00:00:00-04:00,4.800000190734863,4.980000019073486,4.199999809265137,4.260000228881836,415422,0.0,0.0
2024-03-12 00:00:00-04:00,4.320000171661377,4.5,3.9600000381469727,4.079999923706055,345217,0.0,0.0
2024-03-13 00:00:00-04:00,4.199999809265137,4.980000019073486,3.9000000953674316,4.320000171661377,555177,0.0,0.0
2024-03-14 00:00:00-04:00,4.5,4.679999828338623,4.260000228881836,4.5,467985,0.0,0.0
2024-03-15 00:00:00-04:00,4.260000228881836,4.860000133514404,4.199999809265137,4.199999809265137,490590,0.0,0.0
2024-03-18 00:00:00-04:00,4.380000114440918,4.440000057220459,3.9600000381469727,4.139999866485596,336322,0.0,0.0
2024-03-19 00:00:00-04:00,4.199999809265137,4.440000057220459,3.9600000381469727,4.139999866485596,343482,0.0,0.0
2024-03-20 00:00:00-04:00,5.940000057220459,6.0,4.380000114440918,4.800000190734863,3471713,0.0,0.0
2024-03-21 00:00:00-04:00,5.039999961853027,5.400000095367432,4.619999885559082,4.739999771118164,1524113,0.0,0.0
2024-03-22 00:00:00-04:00,4.800000190734863,4.800000190734863,4.199999809265137,4.320000171661377,957658,0.0,0.0
2024-03-25 00:00:00-04:00,4.559999942779541,4.980000019073486,4.320000171661377,4.320000171661377,568152,0.0,0.0
2024-03-26 00:00:00-04:00,4.380000114440918,4.380000114440918,3.9000000953674316,4.139999866485596,702253,0.0,0.0
2024-03-27 00:00:00-04:00,4.260000228881836,4.440000057220459,4.139999866485596,4.380000114440918,509325,0.0,0.0
2024-03-28 00:00:00-04:00,4.380000114440918,5.400000095367432,4.260000228881836,5.400000095367432,1031287,0.0,0.0
2024-04-01 00:00:00-04:00,5.039999961853027,5.400000095367432,4.260000228881836,4.619999885559082,1218042,0.0,0.0
2024-04-02 00:00:00-04:00,4.380000114440918,4.440000057220459,4.260000228881836,4.440000057220459,387162,0.0,0.0
2024-04-03 00:00:00-04:00,4.440000057220459,4.739999771118164,4.320000171661377,4.440000057220459,433423,0.0,0.0
2024-04-04 00:00:00-04:00,4.739999771118164,5.099999904632568,4.5,4.619999885559082,545735,0.0,0.0
2024-04-05 00:00:00-04:00,4.800000190734863,5.28000020980835,4.679999828338623,5.039999961853027,389282,0.0,0.0
2024-04-08 00:00:00-04:00,5.400000095367432,5.460000038146973,4.739999771118164,4.920000076293945,613355,0.0,0.0
2024-04-09 00:00:00-04:00,4.800000190734863,5.760000228881836,4.800000190734863,5.400000095367432,1108523,0.0,0.0
2024-04-10 00:00:00-04:00,7.5,7.980000019073486,6.059999942779541,6.960000038146973,2911748,0.0,0.0
2024-04-11 00:00:00-04:00,6.659999847412109,7.079999923706055,6.059999942779541,6.480000019073486,481087,0.0,0.0
2024-04-12 00:00:00-04:00,6.539999961853027,6.539999961853027,5.400000095367432,5.400000095367432,458093,0.0,0.0
2024-04-15 00:00:00-04:00,6.119999885559082,8.279999732971191,6.0,7.139999866485596,1918520,0.0,0.0
2024-04-16 00:00:00-04:00,9.0,15.600000381469727,8.460000038146973,10.680000305175781,10273060,0.0,0.0
2024-04-17 00:00:00-04:00,11.100000381469727,12.539999961853027,9.0,9.899999618530273,2232575,0.0,0.0
2024-04-18 00:00:00-04:00,8.640000343322754,11.100000381469727,8.520000457763672,10.619999885559082,1155390,0.0,0.0
2024-04-19 00:00:00-04:00,9.720000267028809,10.380000114440918,9.239999771118164,9.420000076293945,545725,0.0,0.0
2024-04-22 00:00:00-04:00,10.199999809265137,11.9399995803833,9.65999984741211,10.800000190734863,1781255,0.0,0.0
2024-04-23 00:00:00-04:00,9.539999961853027,10.4399995803833,9.119999885559082,10.079999923706055,666730,0.0,0.0
2024-04-24 00:00:00-04:00,10.5,11.399999618530273,9.539999961853027,10.199999809265137,576483,0.0,0.0
2024-04-25 00:00:00-04:00,9.779999732971191,10.800000190734863,9.359999656677246,10.199999809265137,333977,0.0,0.0
2024-04-26 00:00:00-04:00,10.260000228881836,11.699999809265137,9.960000038146973,10.800000190734863,733318,0.0,0.0
2024-04-29 00:00:00-04:00,11.460000038146973,13.199999809265137,10.979999542236328,12.479999542236328,1180462,0.0,0.0
2024-04-30 00:00:00-04:00,13.020000457763672,15.180000305175781,12.539999961853027,12.899999618530273,1671105,0.0,0.0
2024-05-01 00:00:00-04:00,13.619999885559082,14.039999961853027,12.0600004196167,13.5,598958,0.0,0.0
2024-05-02 00:00:00-04:00,13.199999809265137,19.260000228881836,13.199999809265137,17.579999923706055,3071215,0.0,0.0
2024-05-03 00:00:00-04:00,20.280000686645508,21.600000381469727,16.440000534057617,19.079999923706055,2374477,0.0,0.0
2024-05-06 00:00:00-04:00,19.979999542236328,21.299999237060547,18.1200008392334,19.020000457763672,1022800,0.0,0.0
2024-05-07 00:00:00-04:00,17.459999084472656,18.0,15.899999618530273,17.8799991607666,736328,0.0,0.0
2024-05-08 00:00:00-04:00,16.139999389648438,17.219999313354492,15.779999732971191,16.020000457763672,332422,0.0,0.0
2024-05-09 00:00:00-04:00,16.020000457763672,19.3799991607666,14.760000228881836,18.600000381469727,1120382,0.0,0.0
2024-05-10 00:00:00-04:00,18.239999771118164,19.31999969482422,17.15999984741211,17.520000457763672,466250,0.0,0.0
2024-05-13 00:00:00-04:00,17.15999984741211,17.639999389648438,15.899999618530273,17.399999618530273,416273,0.0,0.0
2024-05-14 00:00:00-04:00,16.200000762939453,20.100000381469727,16.020000457763672,16.5,1066152,0.0,0.0
2024-05-15 00:00:00-04:00,16.5,16.68000030517578,15.0,15.300000190734863,419402,0.0,0.0
2024-05-16 00:00:00-04:00,15.84000015258789,17.700000762939453,15.359999656677246,17.219999313354492,521108,0.0,0.0
2024-05-17 00:00:00-04:00,16.31999969482422,16.5,15.479999542236328,15.539999961853027,967750,0.0,0.0
2024-05-20 00:00:00-04:00,9.600000381469727,10.4399995803833,8.399999618530273,10.140000343322754,1082338,0.0,0.0
2024-05-21 00:00:00-04:00,9.600000381469727,9.899999618530273,8.039999961853027,8.579999923706055,552732,0.0,0.0
2024-05-22 00:00:00-04:00,7.800000190734863,8.760000228881836,7.320000171661377,7.679999828338623,552510,0.0,0.0
2024-05-23 00:00:00-04:00,7.019999980926514,7.248000144958496,4.909999847412109,5.130000114440918,1316800,0.0,0.016666666666666666
2024-05-24 00:00:00-04:00,5.21999979019165,5.300000190734863,4.519999980926514,4.630000114440918,1193900,0.0,0.0
2024-05-28 00:00:00-04:00,4.760000228881836,4.800000190734863,4.019999980926514,4.03000020980835,1359900,0.0,0.0
2024-05-29 00:00:00-04:00,4.21999979019165,4.550000190734863,3.5899999141693115,4.360000133514404,2155700,0.0,0.0
2024-05-30 00:00:00-04:00,4.559999942779541,5.210000038146973,4.110000133514404,4.289999961853027,2520800,0.0,0.0
2024-05-31 00:00:00-04:00,4.289999961853027,4.389999866485596,4.059999942779541,4.21999979019165,827000,0.0,0.0
2024-06-03 00:00:00-04:00,4.139999866485596,4.389999866485596,3.8540000915527344,4.190000057220459,655300,0.0,0.0
2024-06-04 00:00:00-04:00,4.150000095367432,4.150000095367432,3.880000114440918,3.940000057220459,559100,0.0,0.0
2024-06-05 00:00:00-04:00,3.950000047683716,4.039999961853027,3.634999990463257,3.924999952316284,933200,0.0,0.0
2024-06-06 00:00:00-04:00,3.890000104904175,3.9700000286102295,3.75,3.809999942779541,734600,0.0,0.0
2024-06-07 00:00:00-04:00,3.7799999713897705,3.7960000038146973,3.4000000953674316,3.609999895095825,864300,0.0,0.0
2024-06-10 00:00:00-04:00,3.5899999141693115,4.099999904632568,3.5799999237060547,3.950000047683716,789100,0.0,0.0
2024-06-11 00:00:00-04:00,3.9100000858306885,3.9600000381469727,3.5799999237060547,3.619999885559082,428200,0.0,0.0
2024-06-12 00:00:00-04:00,3.680000066757202,3.869999885559082,3.200000047683716,3.690000057220459,1611600,0.0,0.0
2024-06-13 00:00:00-04:00,3.6700000762939453,3.75,3.549999952316284,3.7100000381469727,306300,0.0,0.0
2024-06-14 00:00:00-04:00,3.690000057220459,4.090000152587891,3.609999895095825,4.050000190734863,569900,0.0,0.0
2024-06-17 00:00:00-04:00,4.070000171661377,4.289999961853027,3.7100000381469727,3.7799999713897705,788800,0.0,0.0
2024-06-18 00:00:00-04:00,3.740000009536743,3.950000047683716,3.7200000286102295,3.9100000858306885,403300,0.0,0.0
2024-06-20 00:00:00-04:00,3.9000000953674316,4.170000076293945,3.819999933242798,3.9800000190734863,488700,0.0,0.0
2024-06-21 00:00:00-04:00,4.0,4.210000038146973,3.9100000858306885,3.9200000762939453,503200,0.0,0.0
2024-06-24 00:00:00-04:00,3.950000047683716,4.059999942779541,3.7100000381469727,3.7899999618530273,408700,0.0,0.0
2024-06-25 00:00:00-04:00,3.799999952316284,3.8399999141693115,3.5799999237060547,3.809999942779541,477000,0.0,0.0
2024-06-26 00:00:00-04:00,3.7200000286102295,3.880000114440918,3.7200000286102295,3.859999895095825,290900,0.0,0.0
2024-06-27 00:00:00-04:00,3.7699999809265137,3.9100000858306885,3.5999999046325684,3.619999885559082,707400,0.0,0.0
2024-06-28 00:00:00-04:00,3.5899999141693115,3.7200000286102295,3.5350000858306885,3.5799999237060547,263100,0.0,0.0
2024-07-01 00:00:00-04:00,3.559999942779541,3.680000066757202,3.440000057220459,3.4800000190734863,379800,0.0,0.0
2024-07-02 00:00:00-04:00,3.450000047683716,3.5999999046325684,3.4000000953674316,3.4100000858306885,427800,0.0,0.0
2024-07-03 00:00:00-04:00,3.450000047683716,3.5299999713897705,3.4000000953674316,3.5,244100,0.0,0.0
2024-07-05 00:00:00-04:00,3.5,3.680000066757202,3.490000009536743,3.5899999141693115,346700,0.0,0.0
2024-07-08 00:00:00-04:00,3.6700000762939453,4.0,3.609999895095825,3.9800000190734863,834800,0.0,0.0
2024-07-09 00:00:00-04:00,3.9000000953674316,4.179999828338623,3.819999933242798,4.150000095367432,661100,0.0,0.0
2024-07-10 00:00:00-04:00,4.119999885559082,4.369999885559082,3.944999933242798,4.050000190734863,714200,0.0,0.0
2024-07-11 00:00:00-04:00,4.079999923706055,4.119999885559082,3.930000066757202,4.090000152587891,319500,0.0,0.0
2024-07-12 00:00:00-04:00,4.119999885559082,4.2270002365112305,4.03000020980835,4.070000171661377,335400,0.0,0.0
2024-07-15 00:00:00-04:00,4.070000171661377,4.159999847412109,3.930000066757202,4.050000190734863,395300,0.0,0.0
2024-07-16 00:00:00-04:00,4.050000190734863,4.230000019073486,4.0,4.170000076293945,338000,0.0,0.0
2024-07-17 00:00:00-04:00,4.179999828338623,4.28000020980835,4.039999961853027,4.110000133514404,524300,0.0,0.0
2024-07-18 00:00:00-04:00,4.0,4.320000171661377,3.940000057220459,4.03000020980835,879400,0.0,0.0
2024-07-19 00:00:00-04:00,4.03000020980835,4.260000228881836,3.9600000381469727,4.260000228881836,494100,0.0,0.0
2024-07-22 00:00:00-04:00,4.179999828338623,4.429999828338623,3.9800000190734863,4.269999980926514,1014000,0.0,0.0
2024-07-23 00:00:00-04:00,1.4600000381469727,2.2799999713897705,1.3200000524520874,1.7599999904632568,15468800,0.0,0.0
2024-07-24 00:00:00-04:00,1.590000033378601,1.6699999570846558,1.399999976158142,1.409999966621399,2834800,0.0,0.0
2024-07-25 00:00:00-04:00,1.399999976158142,1.399999976158142,1.2599999904632568,1.350000023841858,1404100,0.0,0.0
2024-07-26 00:00:00-04:00,1.3300000429153442,1.3899999856948853,1.25,1.2799999713897705,936900,0.0,0.0
2024-07-29 00:00:00-04:00,1.2999999523162842,1.2999999523162842,1.1619999408721924,1.25,938700,0.0,0.0
2024-07-30 00:00:00-04:00,1.2000000476837158,1.284999966621399,1.149999976158142,1.159999966621399,1041400,0.0,0.0
2024-07-31 00:00:00-04:00,1.2300000190734863,1.2699999809265137,1.1100000143051147,1.2300000190734863,1651100,0.0,0.0
2024-08-01 00:00:00-04:00,1.2300000190734863,1.2699999809265137,1.149999976158142,1.190000057220459,596400,0.0,0.0
2024-08-02 00:00:00-04:00,1.190000057220459,1.2200000286102295,1.1299999952316284,1.159999966621399,507000,0.0,0.0
2024-08-05 00:00:00-04:00,1.1200000047683716,1.159999966621399,1.059999942779541,1.1200000047683716,450500,0.0,0.0
2024-08-06 00:00:00-04:00,1.1299999952316284,1.1799999475479126,1.100000023841858,1.159999966621399,406600,0.0,0.0
2024-08-07 00:00:00-04:00,1.190000057220459,1.190000057220459,1.0700000524520874,1.0700000524520874,486200,0.0,0.0
2024-08-08 00:00:00-04:00,1.0800000429153442,1.1399999856948853,1.0299999713897705,1.1100000143051147,416600,0.0,0.0
2024-08-09 00:00:00-04:00,1.1299999952316284,1.1299999952316284,1.100000023841858,1.1100000143051147,101200,0.0,0.0
2024-08-12 00:00:00-04:00,1.2000000476837158,1.2899999618530273,1.149999976158142,1.2000000476837158,914000,0.0,0.0
2024-08-13 00:00:00-04:00,1.1200000047683716,1.1799999475479126,0.949999988079071,1.0700000524520874,963300,0.0,0.0
2024-08-14 00:00:00-04:00,1.059999942779541,1.090000033378601,1.0199999809265137,1.0700000524520874,457300,0.0,0.0
2024-08-15 00:00:00-04:00,1.0700000524520874,1.2000000476837158,1.0499999523162842,1.1799999475479126,608100,0.0,0.0
2024-08-16 00:00:00-04:00,1.2000000476837158,1.2710000276565552,1.1699999570846558,1.2699999809265137,708900,0.0,0.0
2024-08-19 00:00:00-04:00,1.2999999523162842,1.309999942779541,1.2300000190734863,1.2400000095367432,513100,0.0,0.0
2024-08-20 00:00:00-04:00,1.2200000286102295,1.25,1.1399999856948853,1.1799999475479126,498200,0.0,0.0
2024-08-21 00:00:00-04:00,1.2200000286102295,1.2400000095367432,1.149999976158142,1.159999966621399,314400,0.0,0.0
2024-08-22 00:00:00-04:00,1.190000057220459,1.2300000190734863,1.1799999475479126,1.2300000190734863,396600,0.0,0.0
2024-08-23 00:00:00-04:00,1.2300000190734863,1.2300000190734863,1.159999966621399,1.1699999570846558,221600,0.0,0.0
2024-08-26 00:00:00-04:00,1.1799999475479126,1.190000057220459,1.159999966621399,1.1699999570846558,246000,0.0,0.0
2024-08-27 00:00:00-04:00,1.1799999475479126,1.190000057220459,1.1399999856948853,1.1699999570846558,246900,0.0,0.0
2024-08-28 00:00:00-04:00,1.149999976158142,1.1699999570846558,1.100000023841858,1.1299999952316284,427400,0.0,0.0
2024-08-29 00:00:00-04:00,1.1200000047683716,1.1399999856948853,1.1100000143051147,1.1200000047683716,151600,0.0,0.0
2024-08-30 00:00:00-04:00,1.1299999952316284,1.1399999856948853,1.1200000047683716,1.1399999856948853,176700,0.0,0.0
2024-09-03 00:00:00-04:00,1.149999976158142,1.149999976158142,1.100000023841858,1.1200000047683716,145800,0.0,0.0
2024-09-04 00:00:00-04:00,1.1100000143051147,1.1799999475479126,1.1100000143051147,1.1200000047683716,350700,0.0,0.0
2024-09-05 00:00:00-04:00,1.149999976158142,1.149999976158142,1.100000023841858,1.1200000047683716,85200,0.0,0.0
2024-09-06 00:00:00-04:00,1.1200000047683716,1.1299999952316284,1.100000023841858,1.1100000143051147,62600,0.0,0.0
2024-09-09 00:00:00-04:00,1.149999976158142,1.1549999713897705,1.1100000143051147,1.1299999952316284,140100,0.0,0.0
2024-09-10 00:00:00-04:00,1.1299999952316284,1.1299999952316284,1.090999960899353,1.1200000047683716,135000,0.0,0.0
2024-09-11 00:00:00-04:00,1.1299999952316284,1.1380000114440918,1.1100000143051147,1.1299999952316284,251400,0.0,0.0
2024-09-12 00:00:00-04:00,1.1399999856948853,1.1399999856948853,1.1100000143051147,1.1100000143051147,124200,0.0,0.0
2024-09-13 00:00:00-04:00,1.1399999856948853,1.1399999856948853,1.0700000524520874,1.100000023841858,199900,0.0,0.0
2024-09-16 00:00:00-04:00,1.100000023841858,1.1200000047683716,1.090000033378601,1.100000023841858,75800,0.0,0.0
2024-09-17 00:00:00-04:00,1.100000023841858,1.2200000286102295,1.090000033378601,1.2000000476837158,619200,0.0,0.0
2024-09-18 00:00:00-04:00,1.2100000381469727,1.2710000276565552,1.100000023841858,1.100000023841858,656800,0.0,0.0
2024-09-19 00:00:00-04:00,1.149999976158142,1.1799999475479126,1.0499999523162842,1.1100000143051147,300100,0.0,0.0
2024-09-20 00:00:00-04:00,1.1100000143051147,1.1299999952316284,1.059999942779541,1.0700000524520874,305700,0.0,0.0
2024-09-23 00:00:00-04:00,1.0700000524520874,1.1100000143051147,1.0700000524520874,1.0800000429153442,121100,0.0,0.0
2024-09-24 00:00:00-04:00,1.1100000143051147,1.1100000143051147,1.0800000429153442,1.090000033378601,124700,0.0,0.0
2024-09-25 00:00:00-04:00,1.1100000143051147,1.1200000047683716,1.090000033378601,1.100000023841858,208700,0.0,0.0
2024-09-26 00:00:00-04:00,1.1200000047683716,1.190000057220459,1.100000023841858,1.1649999618530273,190300,0.0,0.0
2024-09-27 00:00:00-04:00,1.159999966621399,1.2450000047683716,1.1349999904632568,1.2000000476837158,282900,0.0,0.0
2024-09-30 00:00:00-04:00,1.2200000286102295,1.409999966621399,1.2100000381469727,1.350000023841858,999600,0.0,0.0
2024-10-01 00:00:00-04:00,1.2899999618530273,1.3250000476837158,1.2100000381469727,1.2300000190734863,665600,0.0,0.0
2024-10-02 00:00:00-04:00,1.2000000476837158,1.399999976158142,1.2000000476837158,1.3300000429153442,561500,0.0,0.0
2024-10-03 00:00:00-04:00,1.3200000524520874,1.399999976158142,1.2999999523162842,1.309999942779541,313600,0.0,0.0
2024-10-04 00:00:00-04:00,1.350000023841858,1.350000023841858,1.2799999713897705,1.2799999713897705,242800,0.0,0.0
2024-10-07 00:00:00-04:00,1.2899999618530273,1.3300000429153442,1.25,1.2899999618530273,152900,0.0,0.0
2024-10-08 00:00:00-04:00,1.2899999618530273,1.340000033378601,1.2699999809265137,1.2899999618530273,135200,0.0,0.0
2024-10-09 00:00:00-04:00,1.2699999809265137,1.2999999523162842,1.2599999904632568,1.2899999618530273,61200,0.0,0.0
2024-10-10 00:00:00-04:00,1.2999999523162842,1.2999999523162842,1.25,1.2599999904632568,78300,0.0,0.0
2024-10-11 00:00:00-04:00,1.25,1.2899999618530273,1.2410000562667847,1.25,167400,0.0,0.0
2024-10-14 00:00:00-04:00,1.2699999809265137,1.2799999713897705,1.25,1.2599999904632568,87600,0.0,0.0
2024-10-15 00:00:00-04:00,1.2599999904632568,1.2899999618530273,1.159999966621399,1.159999966621399,260200,0.0,0.0
2024-10-16 00:00:00-04:00,1.2100000381469727,1.25,1.190000057220459,1.2300000190734863,530800,0.0,0.0
2024-10-17 00:00:00-04:00,1.2200000286102295,1.2599999904632568,1.190000057220459,1.2300000190734863,288400,0.0,0.0
2024-10-18 00:00:00-04:00,1.2300000190734863,1.2300000190734863,1.2000000476837158,1.2200000286102295,120500,0.0,0.0
2024-10-21 00:00:00-04:00,1.2100000381469727,1.2130000591278076,1.1699999570846558,1.1799999475479126,203700,0.0,0.0
2024-10-22 00:00:00-04:00,1.1799999475479126,1.1799999475479126,1.1399999856948853,1.1699999570846558,293500,0.0,0.0
2024-10-23 00:00:00-04:00,1.1799999475479126,1.190000057220459,1.1100000143051147,1.1399999856948853,310400,0.0,0.0
2024-10-24 00:00:00-04:00,1.159999966621399,1.159999966621399,1.1200000047683716,1.1299999952316284,220000,0.0,0.0
2024-10-25 00:00:00-04:00,1.1200000047683716,1.159999966621399,1.100000023841858,1.1100000143051147,185600,0.0,0.0
2024-10-28 00:00:00-04:00,1.1200000047683716,1.1299999952316284,1.100000023841858,1.1299999952316284,162900,0.0,0.0
2024-10-29 00:00:00-04:00,1.1399999856948853,1.2000000476837158,1.0700000524520874,1.0800000429153442,577100,0.0,0.0
2024-10-30 00:00:00-04:00,1.1100000143051147,1.1169999837875366,1.0499999523162842,1.059999942779541,225800,0.0,0.0
2024-10-31 00:00:00-04:00,1.059999942779541,1.0700000524520874,1.0299999713897705,1.0499999523162842,242800,0.0,0.0
2024-11-01 00:00:00-04:00,1.0700000524520874,1.0700000524520874,1.0499999523162842,1.059999942779541,105500,0.0,0.0
2024-11-04 00:00:00-05:00,1.0499999523162842,1.059999942779541,1.0099999904632568,1.0399999618530273,201900,0.0,0.0
2024-11-05 00:00:00-05:00,1.0299999713897705,1.0499999523162842,1.0199999809265137,1.0399999618530273,166000,0.0,0.0
2024-11-06 00:00:00-05:00,1.0399999618530273,1.0800000429153442,1.0199999809265137,1.0499999523162842,456000,0.0,0.0
2024-11-07 00:00:00-05:00,1.059999942779541,1.059999942779541,0.9729999899864197,0.9900000095367432,439900,0.0,0.0
2024-11-08 00:00:00-05:00,1.0,1.0099999904632568,0.9200000166893005,0.9430000185966492,275300,0.0,0.0
2024-11-11 00:00:00-05:00,0.984000027179718,0.9869999885559082,0.8999999761581421,0.9200000166893005,319400,0.0,0.0
2024-11-12 00:00:00-05:00,0.9599999785423279,1.100000023841858,0.9599999785423279,1.090000033378601,707900,0.0,0.0
2024-11-13 00:00:00-05:00,1.1299999952316284,1.2000000476837158,0.949999988079071,0.9879999756813049,620300,0.0,0.0
2024-11-14 00:00:00-05:00,0.9879999756813049,1.1100000143051147,0.9879999756813049,1.0399999618530273,262400,0.0,0.0
2024-11-15 00:00:00-05:00,1.059999942779541,1.059999942779541,0.9330000281333923,0.9599999785423279,223400,0.0,0.0
2024-11-18 00:00:00-05:00,0.9940000176429749,1.0,0.9700000286102295,0.9789999723434448,127800,0.0,0.0
2024-11-19 00:00:00-05:00,0.9700000286102295,1.0199999809265137,0.925000011920929,0.9700000286102295,157200,0.0,0.0
2024-11-20 00:00:00-05:00,0.9599999785423279,1.0099999904632568,0.9200000166893005,0.9800000190734863,145600,0.0,0.0
2024-11-21 00:00:00-05:00,0.9739999771118164,0.9990000128746033,0.9599999785423279,0.9850000143051147,103800,0.0,0.0
2024-11-22 00:00:00-05:00,0.9869999885559082,1.0499999523162842,0.9629999995231628,1.0399999618530273,279300,0.0,0.0
2024-11-25 00:00:00-05:00,1.0399999618530273,1.0700000524520874,1.0099999904632568,1.0299999713897705,186600,0.0,0.0
2024-11-26 00:00:00-05:00,1.0199999809265137,1.0399999618530273,0.9929999709129333,1.0,79000,0.0,0.0
2024-11-27 00:00:00-05:00,1.0399999618530273,1.0499999523162842,0.9649999737739563,0.9950000047683716,120500,0.0,0.0
2024-11-29 00:00:00-05:00,1.0299999713897705,1.0449999570846558,0.9950000047683716,1.0399999618530273,143200,0.0,0.0
2024-12-02 00:00:00-05:00,1.0199999809265137,1.0399999618530273,0.9800000190734863,1.0199999809265137,272600,0.0,0.0
2024-12-03 00:00:00-05:00,1.0199999809265137,1.0199999809265137,0.9900000095367432,1.0099999904632568,130000,0.0,0.0
2024-12-04 00:00:00-05:00,1.0199999809265137,1.0199999809265137,0.9649999737739563,0.9800000190734863,196600,0.0,0.0
2024-12-05 00:00:00-05:00,1.0,1.031000018119812,0.9639999866485596,0.9890000224113464,594800,0.0,0.0
2024-12-06 00:00:00-05:00,0.9900000095367432,1.0,0.9399999976158142,0.9559999704360962,471200,0.0,0.0
2024-12-09 00:00:00-05:00,0.9900000095367432,1.0199999809265137,0.9559999704360962,1.0099999904632568,368700,0.0,0.0
2024-12-10 00:00:00-05:00,1.0099999904632568,1.0099999904632568,0.9649999737739563,0.9900000095367432,207500,0.0,0.0
2024-12-11 00:00:00-05:00,1.0099999904632568,1.2899999618530273,1.0,1.2799999713897705,2206100,0.0,0.0
2024-12-12 00:00:00-05:00,1.1399999856948853,1.1490000486373901,0.949999988079071,0.9750000238418579,1683800,0.0,0.0
2024-12-13 00:00:00-05:00,1.0099999904632568,1.0199999809265137,0.9599999785423279,0.968999981880188,751400,0.0,0.0
2024-12-16 00:00:00-05:00,0.968999981880188,0.9860000014305115,0.843999981880188,0.9160000085830688,689600,0.0,0.0
2024-12-17 00:00:00-05:00,0.9120000004768372,0.9679999947547913,0.8899999856948853,0.9399999976158142,865700,0.0,0.0
2024-12-18 00:00:00-05:00,0.949999988079071,0.949999988079071,0.8519999980926514,0.8600000143051147,657400,0.0,0.0
2024-12-19 00:00:00-05:00,0.8700000047683716,0.8949999809265137,0.8500000238418579,0.8730000257492065,343300,0.0,0.0
2024-12-20 00:00:00-05:00,0.8980000019073486,0.9750000238418579,0.8799999952316284,0.9259999990463257,529200,0.0,0.0
2024-12-23 00:00:00-05:00,0.9700000286102295,0.9890000224113464,0.9300000071525574,0.9769999980926514,453100,0.0,0.0
2024-12-24 00:00:00-05:00,1.0,1.069000005722046,0.9639999866485596,1.0299999713897705,565100,0.0,0.0
2024-12-26 00:00:00-05:00,1.0099999904632568,1.0750000476837158,0.9750000238418579,1.059999942779541,342400,0.0,0.0
2024-12-27 00:00:00-05:00,1.0499999523162842,1.100000023841858,1.0,1.0299999713897705,351300,0.0,0.0
2024-12-30 00:00:00-05:00,1.0199999809265137,1.0700000524520874,1.0099999904632568,1.0199999809265137,433500,0.0,0.0
2024-12-31 00:00:00-05:00,1.0299999713897705,1.0300999879837036,0.9656000137329102,1.0099999904632568,223734,0.0,0.0
