Date,Open,High,Low,Close,Volume,Dividends,Stock Splits
2022-01-03 00:00:00-05:00,494.0,499.0,494.0,498.5,1714,0.0,0.0
2022-01-04 00:00:00-05:00,494.5,497.5,494.5,496.5,16,0.0,0.0
2022-01-05 00:00:00-05:00,495.0,496.5,494.0,495.75,9632,0.0,0.0
2022-01-06 00:00:00-05:00,495.5,497.0,495.0,495.0,1618,0.0,0.0
2022-01-07 00:00:00-05:00,493.5,497.5,493.5,496.5,72,0.0,0.0
2022-01-10 00:00:00-05:00,493.5,496.5,492.0,492.5,33128,0.0,0.0
2022-01-11 00:00:00-05:00,494.0,494.5,493.70001220703125,494.0,58,0.0,0.0
2022-01-12 00:00:00-05:00,496.45001220703125,496.45001220703125,493.5,495.0,3276,0.0,0.0
2022-01-13 00:00:00-05:00,494.0,494.0,494.0,494.0,6,0.0,0.0
2022-01-14 00:00:00-05:00,495.0,496.0,494.0,496.0,1564,0.0,0.0
2022-01-18 00:00:00-05:00,495.0,495.5,495.0,495.0,82,0.0,0.0
2022-01-19 00:00:00-05:00,495.0,495.5,495.0,495.04998779296875,268,0.0,0.0
2022-01-20 00:00:00-05:00,495.04998779296875,495.25,495.0,495.25,16,0.0,0.0
2022-01-21 00:00:00-05:00,495.0,495.25,492.5,493.25,508,0.0,0.0
2022-01-24 00:00:00-05:00,493.0,494.25,492.0,494.25,194,0.0,0.0
2022-01-25 00:00:00-05:00,492.5,495.0,492.5,494.25,170,0.0,0.0
2022-01-26 00:00:00-05:00,495.5,496.5,493.8500061035156,494.5,92,0.0,0.0
2022-01-27 00:00:00-05:00,492.5,495.0,492.5,495.0,266,0.0,0.0
2022-01-28 00:00:00-05:00,492.5,495.0,492.5,495.0,2272,0.0,0.0
2022-01-31 00:00:00-05:00,494.5,495.0,494.5,495.0,136,0.0,0.0
2022-02-01 00:00:00-05:00,490.5,496.5,490.5,495.5,740,0.0,0.0
2022-02-02 00:00:00-05:00,495.5,495.5,495.5,495.5,210,0.0,0.0
2022-02-03 00:00:00-05:00,492.5,495.5,492.5,495.0,224,0.0,0.0
2022-02-04 00:00:00-05:00,495.0,495.25,495.0,495.0,120,0.0,0.0
2022-02-07 00:00:00-05:00,493.0,495.45001220703125,493.0,495.0,284,0.0,0.0
2022-02-08 00:00:00-05:00,494.5,495.0,493.5,494.0,558,0.0,0.0
2022-02-09 00:00:00-05:00,494.0,495.0,494.0,494.75,32,0.0,0.0
2022-02-10 00:00:00-05:00,495.5,495.5,492.5,492.5,548,0.0,0.0
2022-02-11 00:00:00-05:00,493.0,493.5,493.0,493.5,280,0.0,0.0
2022-02-14 00:00:00-05:00,493.0,494.5,492.5,494.5,324,0.0,0.0
2022-02-15 00:00:00-05:00,493.29998779296875,493.5,493.0,493.5,60,0.0,0.0
2022-02-16 00:00:00-05:00,493.0,493.5,493.0,493.0,106,0.0,0.0
2022-02-17 00:00:00-05:00,493.0,494.5,493.0,494.0,458,0.0,0.0
2022-02-18 00:00:00-05:00,490.5,495.0,490.5,494.25,298,0.0,0.0
2022-02-22 00:00:00-05:00,491.0,495.0,490.5,494.5,860,0.0,0.0
2022-02-23 00:00:00-05:00,494.5,494.5,493.0,493.29998779296875,236,0.0,0.0
2022-02-24 00:00:00-05:00,494.0,494.3999938964844,491.0,494.0,234,0.0,0.0
2022-02-25 00:00:00-05:00,493.5,494.04998779296875,492.5,492.5,10452,0.0,0.0
2022-02-28 00:00:00-05:00,492.5,495.0,492.0,495.0,7216,0.0,0.0
2022-03-01 00:00:00-05:00,493.0,494.0,493.0,493.0,510,0.0,0.0
2022-03-02 00:00:00-05:00,492.5,493.5,491.3999938964844,492.0,6076,0.0,0.0
2022-03-03 00:00:00-05:00,492.5,493.0,492.5,492.5,232,0.0,0.0
2022-03-04 00:00:00-05:00,492.5,492.5,491.5,491.5,226,0.0,0.0
2022-03-07 00:00:00-05:00,492.0,492.0,491.75,491.75,254,0.0,0.0
2022-03-08 00:00:00-05:00,491.5,491.5,490.0,490.6499938964844,1000,0.0,0.0
2022-03-09 00:00:00-05:00,490.5,490.5,490.0,490.5,168,0.0,0.0
2022-03-10 00:00:00-05:00,490.0,490.5,490.0,490.0,132,0.0,0.0
2022-03-11 00:00:00-05:00,490.04998779296875,491.0,490.0,490.75,22,0.0,0.0
2022-03-14 00:00:00-04:00,491.0,491.5,490.5,491.0,908,0.0,0.0
2022-03-15 00:00:00-04:00,490.75,492.5,490.0,490.0,112,0.0,0.0
2022-03-16 00:00:00-04:00,490.0,490.0,489.5,490.0,218,0.0,0.0
2022-03-17 00:00:00-04:00,489.6000061035156,490.5,489.5,490.5,32,0.0,0.0
2022-03-18 00:00:00-04:00,490.5,491.5,490.5,490.5,30,0.0,0.0
2022-03-21 00:00:00-04:00,490.0,490.5,490.0,490.5,90,0.0,0.0
2022-03-22 00:00:00-04:00,490.5,490.5,490.5,490.5,42,0.0,0.0
2022-03-23 00:00:00-04:00,492.5,492.5,491.25,491.25,8,0.0,0.0
2022-03-24 00:00:00-04:00,491.5,491.5,491.5,491.5,10,0.0,0.0
2022-03-25 00:00:00-04:00,491.5,491.75,491.0,491.0,30,0.0,0.0
2022-03-28 00:00:00-04:00,491.0,491.0,491.0,491.0,0,0.0,0.0
2022-03-29 00:00:00-04:00,492.5,492.5,492.5,492.5,96,0.0,0.0
2022-03-30 00:00:00-04:00,492.5,492.5,490.5,490.5,24,0.0,0.0
2022-03-31 00:00:00-04:00,495.0,495.0,490.5,493.0,222,0.0,0.0
2022-04-01 00:00:00-04:00,493.0,493.0,493.0,493.0,20,0.0,0.0
2022-04-04 00:00:00-04:00,490.5,492.3500061035156,490.5,491.5,42,0.0,0.0
2022-04-05 00:00:00-04:00,491.5,491.5,491.5,491.5,0,0.0,0.0
2022-04-06 00:00:00-04:00,491.5,491.5,491.5,491.5,6,0.0,0.0
2022-04-07 00:00:00-04:00,490.5,492.45001220703125,490.5,490.5,92,0.0,0.0
2022-04-08 00:00:00-04:00,491.0,491.0,491.0,491.0,18,0.0,0.0
2022-04-11 00:00:00-04:00,491.0,491.0,491.0,491.0,12,0.0,0.0
2022-04-12 00:00:00-04:00,490.5,490.5,490.0,490.5,5184,0.0,0.0
2022-04-13 00:00:00-04:00,490.5,494.5,490.5,493.5,24,0.0,0.0
2022-04-14 00:00:00-04:00,491.0,491.0,491.0,491.0,34,0.0,0.0
2022-04-18 00:00:00-04:00,491.0,491.0,491.0,491.0,0,0.0,0.0
2022-04-19 00:00:00-04:00,491.79998779296875,491.79998779296875,491.0,491.0,28,0.0,0.0
2022-04-20 00:00:00-04:00,491.0,495.0,491.0,495.0,742,0.0,0.0
2022-04-21 00:00:00-04:00,492.54998779296875,493.25,491.5,493.25,108,0.0,0.0
2022-04-22 00:00:00-04:00,493.0,493.5,492.0,493.0,74,0.0,0.0
2022-04-25 00:00:00-04:00,492.75,492.75,491.5,491.5,30,0.0,0.0
2022-04-26 00:00:00-04:00,491.5,492.5,491.5,492.5,316,0.0,0.0
2022-04-27 00:00:00-04:00,492.0,492.0,492.0,492.0,510,0.0,0.0
2022-04-28 00:00:00-04:00,492.0,492.0,492.0,492.0,6,0.0,0.0
2022-04-29 00:00:00-04:00,492.0,492.75,492.0,492.5,380,0.0,0.0
2022-05-02 00:00:00-04:00,492.5,492.5,492.5,492.5,256,0.0,0.0
2022-05-03 00:00:00-04:00,492.5,492.54998779296875,492.5,492.5,14,0.0,0.0
2022-05-04 00:00:00-04:00,492.0,492.0,492.0,492.0,224,0.0,0.0
2022-05-05 00:00:00-04:00,492.0,492.25,492.0,492.0,336,0.0,0.0
2022-05-06 00:00:00-04:00,492.0,492.0,492.0,492.0,288,0.0,0.0
2022-05-09 00:00:00-04:00,492.0,492.04998779296875,492.0,492.04998779296875,42,0.0,0.0
2022-05-10 00:00:00-04:00,492.0,492.0,491.0,491.25,854,0.0,0.0
2022-05-11 00:00:00-04:00,491.5,491.6000061035156,491.5,491.5,240,0.0,0.0
2022-05-12 00:00:00-04:00,491.5,491.5,490.5,490.5,1084,0.0,0.0
2022-05-13 00:00:00-04:00,490.5,491.0,490.5,491.0,14,0.0,0.0
2022-05-16 00:00:00-04:00,490.0,491.25,490.0,491.25,10,0.0,0.0
2022-05-17 00:00:00-04:00,491.5,491.5,490.0,490.5,86,0.0,0.0
2022-05-18 00:00:00-04:00,489.5,490.5,489.5,490.5,26,0.0,0.0
2022-05-19 00:00:00-04:00,490.5,490.5,490.5,490.5,0,0.0,0.0
2022-05-20 00:00:00-04:00,490.0,490.0,490.0,490.0,2,0.0,0.0
2022-05-23 00:00:00-04:00,490.5,490.5,490.5,490.5,2,0.0,0.0
2022-05-24 00:00:00-04:00,490.0,492.5,490.0,490.0,54,0.0,0.0
2022-05-25 00:00:00-04:00,489.5,489.5,489.5,489.5,22,0.0,0.0
2022-05-26 00:00:00-04:00,491.0,491.5,491.0,491.0,10,0.0,0.0
2022-05-27 00:00:00-04:00,490.0,491.5,490.0,491.5,16,0.0,0.0
2022-05-31 00:00:00-04:00,490.0,490.0,490.0,490.0,4,0.0,0.0
2022-06-01 00:00:00-04:00,490.5,492.5,490.5,492.3500061035156,72,0.0,0.0
2022-06-02 00:00:00-04:00,490.0,492.0,490.0,491.5,12,0.0,0.0
2022-06-03 00:00:00-04:00,491.5,491.5,491.5,491.5,0,0.0,0.0
2022-06-06 00:00:00-04:00,490.0,491.0,490.0,491.0,32,0.0,0.0
2022-06-07 00:00:00-04:00,490.5,490.5,490.5,490.5,48,0.0,0.0
2022-06-08 00:00:00-04:00,490.0,491.5,490.0,491.5,62,0.0,0.0
2022-06-09 00:00:00-04:00,491.5,491.5,491.5,491.5,34,0.0,0.0
2022-06-10 00:00:00-04:00,491.0,491.0,491.0,491.0,12,0.0,0.0
2022-06-13 00:00:00-04:00,490.5,492.0,490.5,490.5,150,0.0,0.0
2022-06-14 00:00:00-04:00,490.0,492.0,490.0,490.0,148,0.0,0.0
2022-06-15 00:00:00-04:00,492.0,492.0,490.0,490.0,164,0.0,0.0
2022-06-16 00:00:00-04:00,489.5,490.0,489.5,489.5,218,0.0,0.0
2022-06-17 00:00:00-04:00,489.5,489.5,489.5,489.5,0,0.0,0.0
2022-06-21 00:00:00-04:00,489.5,489.5,489.5,489.5,22,0.0,0.0
2022-06-22 00:00:00-04:00,489.5,489.5,489.5,489.5,42,0.0,0.0
2022-06-23 00:00:00-04:00,492.0,492.5,490.5,490.6000061035156,114,0.0,0.0
2022-06-24 00:00:00-04:00,490.5,491.5,490.5,491.5,8,0.0,0.0
2022-06-27 00:00:00-04:00,490.0,490.54998779296875,490.0,490.54998779296875,4,0.0,0.0
2022-06-28 00:00:00-04:00,491.5,491.5,491.5,491.5,4,0.0,0.0
2022-06-29 00:00:00-04:00,490.5,490.5,490.5,490.5,4,0.0,0.0
2022-06-30 00:00:00-04:00,490.5,490.5,489.0,489.5,820,0.0,0.0
2022-07-01 00:00:00-04:00,490.0,490.0,490.0,490.0,72,0.0,0.0
2022-07-05 00:00:00-04:00,490.0,490.25,489.5,490.25,56,0.0,0.0
2022-07-06 00:00:00-04:00,490.0,490.0,490.0,490.0,14,0.0,0.0
2022-07-07 00:00:00-04:00,490.0,490.0,490.0,490.0,0,0.0,0.0
2022-07-08 00:00:00-04:00,490.0,490.0,490.0,490.0,6,0.0,0.0
2022-07-11 00:00:00-04:00,490.0,490.0,489.75,490.0,604,0.0,0.0
2022-07-12 00:00:00-04:00,490.0,490.0,489.5,489.5,212,0.0,0.0
2022-07-13 00:00:00-04:00,490.0,490.5,490.0,490.5,4030,0.0,0.0
2022-07-14 00:00:00-04:00,490.5,491.25,490.5,491.25,310,0.0,0.0
2022-07-15 00:00:00-04:00,491.5,491.5,491.25,491.5,220,0.0,0.0
2022-07-18 00:00:00-04:00,491.0,491.0,490.0,490.0,16516,0.0,0.0
2022-07-19 00:00:00-04:00,490.5,491.0,490.0,491.0,20754,0.0,0.0
2022-07-20 00:00:00-04:00,491.0,491.25,491.0,491.0,178,0.0,0.0
2022-07-21 00:00:00-04:00,490.5,490.5,490.5,490.5,58,0.0,0.0
2022-07-22 00:00:00-04:00,491.04998779296875,491.04998779296875,491.04998779296875,491.04998779296875,22,0.0,0.0
2022-07-25 00:00:00-04:00,491.0,491.0,491.0,491.0,8,0.0,0.0
2022-07-26 00:00:00-04:00,491.0,491.0,491.0,491.0,0,0.0,0.0
2022-07-27 00:00:00-04:00,491.0,491.0,491.0,491.0,0,0.0,0.0
2022-07-28 00:00:00-04:00,491.5,491.5,491.5,491.5,24,0.0,0.0
2022-07-29 00:00:00-04:00,491.5,491.5,491.5,491.5,62,0.0,0.0
2022-08-01 00:00:00-04:00,491.75,491.75,491.5,491.5,54,0.0,0.0
2022-08-02 00:00:00-04:00,491.5,491.5,491.5,491.5,8,0.0,0.0
2022-08-03 00:00:00-04:00,491.5,491.5,491.5,491.5,0,0.0,0.0
2022-08-04 00:00:00-04:00,491.5,492.5,491.5,492.5,11914,0.0,0.0
2022-08-05 00:00:00-04:00,492.5,492.5,492.5,492.5,42,0.0,0.0
2022-08-08 00:00:00-04:00,492.5,492.6499938964844,492.5,492.5,78,0.0,0.0
2022-08-09 00:00:00-04:00,492.5,492.5,492.5,492.5,0,0.0,0.0
2022-08-10 00:00:00-04:00,493.0,493.0,493.0,493.0,28,0.0,0.0
2022-08-11 00:00:00-04:00,493.0,493.0,493.0,493.0,6,0.0,0.0
2022-08-12 00:00:00-04:00,493.0,493.0,493.0,493.0,8,0.0,0.0
2022-08-15 00:00:00-04:00,493.0,493.0,492.95001220703125,493.0,90,0.0,0.0
2022-08-16 00:00:00-04:00,492.5,492.5,492.5,492.5,4,0.0,0.0
2022-08-17 00:00:00-04:00,492.5,492.5,492.5,492.5,0,0.0,0.0
2022-08-18 00:00:00-04:00,492.5,492.8500061035156,492.5,492.5,4,0.0,0.0
2022-08-19 00:00:00-04:00,492.5,492.5,492.5,492.5,104,0.0,0.0
2022-08-22 00:00:00-04:00,492.5,492.5,492.5,492.5,4,0.0,0.0
2022-08-23 00:00:00-04:00,493.0,493.0,493.0,493.0,6,0.0,0.0
2022-08-24 00:00:00-04:00,492.5,493.54998779296875,492.5,492.5,118,0.0,0.0
2022-08-25 00:00:00-04:00,494.5,499.5,493.0,494.5,38,0.0,0.0
2022-08-26 00:00:00-04:00,492.5,493.5,492.5,493.5,34,0.0,0.0
2022-08-29 00:00:00-04:00,493.0,493.5,492.5,493.20001220703125,4144,0.0,0.0
2022-08-30 00:00:00-04:00,493.5,493.5,493.25,493.25,188,0.0,0.0
2022-08-31 00:00:00-04:00,494.5,494.5,493.0,494.5,3608,0.0,0.0
2022-09-01 00:00:00-04:00,494.5,494.5,493.5,494.0,8436,0.0,0.0
2022-09-02 00:00:00-04:00,494.0,494.0,494.0,494.0,4,0.0,0.0
2022-09-06 00:00:00-04:00,494.0,494.0,493.6000061035156,493.6000061035156,3032,0.0,0.0
2022-09-07 00:00:00-04:00,494.0,494.5,494.0,494.0,3034,0.0,0.0
2022-09-08 00:00:00-04:00,494.0,494.0,493.5,493.5,6510,0.0,0.0
2022-09-09 00:00:00-04:00,493.5,493.5,493.5,493.5,0,0.0,0.0
2022-09-12 00:00:00-04:00,493.5,493.5,493.5,493.5,12,0.0,0.0
2022-09-13 00:00:00-04:00,493.5,493.5,493.5,493.5,0,0.0,0.0
2022-09-14 00:00:00-04:00,493.5,493.5,493.5,493.5,0,0.0,0.0
2022-09-15 00:00:00-04:00,493.5,493.5,493.5,493.5,0,0.0,0.0
2022-09-16 00:00:00-04:00,493.5,493.5,493.5,493.5,0,0.0,0.0
2022-09-19 00:00:00-04:00,494.0,494.5,494.0,494.25,1188,0.0,0.0
2022-09-20 00:00:00-04:00,494.5,494.5,494.0,494.5,1152,0.0,0.0
2022-09-21 00:00:00-04:00,494.0,494.5,494.0,494.0,954,0.0,0.0
2022-09-22 00:00:00-04:00,494.0,494.0,494.0,494.0,408,0.0,0.0
2022-09-23 00:00:00-04:00,494.3999938964844,495.0,494.25,495.0,264,0.0,0.0
2022-09-26 00:00:00-04:00,495.0,495.0,495.0,495.0,0,0.0,0.0
2022-09-27 00:00:00-04:00,497.0,497.0,494.0,494.0,8,0.0,0.0
2022-09-28 00:00:00-04:00,494.0,494.0,494.0,494.0,0,0.0,0.0
2022-09-29 00:00:00-04:00,495.0,495.0,495.0,495.0,22,0.0,0.0
2022-09-30 00:00:00-04:00,494.5,494.5,494.5,494.5,382,0.0,0.0
2022-10-03 00:00:00-04:00,494.5,494.5,494.5,494.5,22,0.0,0.0
2022-10-04 00:00:00-04:00,494.5,495.0,494.5,494.5,5036,0.0,0.0
2022-10-05 00:00:00-04:00,494.5,494.5,494.5,494.5,0,0.0,0.0
2022-10-06 00:00:00-04:00,494.5,494.5,494.5,494.5,0,0.0,0.0
2022-10-07 00:00:00-04:00,494.5,494.5,494.5,494.5,16,0.0,0.0
2022-10-10 00:00:00-04:00,495.0,495.5,495.0,495.5,414,0.0,0.0
2022-10-11 00:00:00-04:00,495.5,495.75,495.5,495.75,30,0.0,0.0
2022-10-12 00:00:00-04:00,495.75,495.75,495.75,495.75,2,0.0,0.0
2022-10-13 00:00:00-04:00,495.0,495.0,495.0,495.0,10,0.0,0.0
2022-10-14 00:00:00-04:00,495.0,495.0,495.0,495.0,2,0.0,0.0
2022-10-17 00:00:00-04:00,495.5,495.5,495.5,495.5,4,0.0,0.0
2022-10-18 00:00:00-04:00,495.5,495.5,495.5,495.5,56,0.0,0.0
2022-10-19 00:00:00-04:00,495.5,495.5,495.5,495.5,2,0.0,0.0
2022-10-20 00:00:00-04:00,495.5,495.70001220703125,495.5,495.70001220703125,8,0.0,0.0
2022-10-21 00:00:00-04:00,496.0,496.0,496.0,496.0,6,0.0,0.0
2022-10-24 00:00:00-04:00,496.0,496.0,496.0,496.0,2,0.0,0.0
2022-10-25 00:00:00-04:00,496.0,496.0,496.0,496.0,14,0.0,0.0
2022-10-26 00:00:00-04:00,496.1499938964844,496.1499938964844,496.1499938964844,496.1499938964844,4,0.0,0.0
2022-10-27 00:00:00-04:00,496.0,496.0,496.0,496.0,24,0.0,0.0
2022-10-28 00:00:00-04:00,496.0,496.0,496.0,496.0,4,0.0,0.0
2022-10-31 00:00:00-04:00,496.0,496.5,496.0,496.5,1302,0.0,0.0
2022-11-01 00:00:00-04:00,496.75,496.75,496.75,496.75,310,0.0,0.0
2022-11-02 00:00:00-04:00,496.75,497.0,496.75,497.0,50,0.0,0.0
2022-11-03 00:00:00-04:00,497.0,497.0,497.0,497.0,8,0.0,0.0
2022-11-04 00:00:00-04:00,497.0,497.0,497.0,497.0,14,0.0,0.0
2022-11-07 00:00:00-05:00,497.0,497.75,497.0,497.75,14,0.0,0.0
2022-11-08 00:00:00-05:00,497.75,497.75,497.75,497.75,0,0.0,0.0
2022-11-09 00:00:00-05:00,497.5,498.29998779296875,497.5,498.29998779296875,4,0.0,0.0
2022-11-10 00:00:00-05:00,498.0,498.25,498.0,498.25,24,0.0,0.0
2022-11-11 00:00:00-05:00,498.0,498.0,497.5,497.5,5024,0.0,0.0
2022-11-14 00:00:00-05:00,497.5,497.5,497.5,497.5,1064,0.0,0.0
2022-11-15 00:00:00-05:00,497.5,497.5,497.5,497.5,1524,0.0,0.0
2022-11-16 00:00:00-05:00,497.5,497.5,497.25,497.5,1268,0.0,0.0
2022-11-17 00:00:00-05:00,497.5,497.5,497.5,497.5,2672,0.0,0.0
2022-11-18 00:00:00-05:00,497.5,498.0,497.5,497.5,1290,0.0,0.0
2022-11-21 00:00:00-05:00,497.5,497.5,497.5,497.5,308,0.0,0.0
2022-11-22 00:00:00-05:00,498.0,498.25,498.0,498.25,1058,0.0,0.0
2022-11-23 00:00:00-05:00,498.5,498.5,498.5,498.5,622,0.0,0.0
2022-11-25 00:00:00-05:00,498.0,498.5,498.0,498.5,572,0.0,0.0
2022-11-28 00:00:00-05:00,498.5,498.5,498.5,498.5,0,0.0,0.0
2022-11-29 00:00:00-05:00,498.5,498.5,498.5,498.5,2,0.0,0.0
2022-11-30 00:00:00-05:00,498.5,498.5,498.5,498.5,0,0.0,0.0
2022-12-01 00:00:00-05:00,498.5,498.5,498.5,498.5,0,0.0,0.0
2022-12-02 00:00:00-05:00,498.75,498.75,498.75,498.75,10,0.0,0.0
2022-12-05 00:00:00-05:00,499.0,499.5,499.0,499.0,32,0.0,0.0
2022-12-06 00:00:00-05:00,499.5,500.25,499.5,500.25,58,0.0,0.0
2022-12-07 00:00:00-05:00,500.5,500.5,500.5,500.5,2,0.0,0.0
2022-12-08 00:00:00-05:00,500.5,501.0,500.5,501.0,248,0.0,0.0
2022-12-09 00:00:00-05:00,501.0,501.0,501.0,501.0,0,0.0,0.0
2022-12-12 00:00:00-05:00,501.0,501.75,501.0,501.75,6,0.0,0.0
2022-12-13 00:00:00-05:00,500.5,502.5,498.5,501.0,196,0.0,0.0
2022-12-14 00:00:00-05:00,501.0,501.0,501.0,501.0,94,0.0,0.0
2022-12-15 00:00:00-05:00,501.0,501.5,501.0,501.5,180,0.0,0.0
2022-12-16 00:00:00-05:00,501.0,501.0,501.0,501.0,2176,0.0,0.0
2022-12-19 00:00:00-05:00,501.0,501.0,501.0,501.0,114,0.0,0.0
2022-12-20 00:00:00-05:00,501.0,501.0,501.0,501.0,0,0.0,0.0
2022-12-21 00:00:00-05:00,501.5,501.75,501.25,501.75,450,0.0,0.0
2022-12-22 00:00:00-05:00,502.25,503.0,502.25,503.0,412,0.0,0.0
2022-12-23 00:00:00-05:00,503.5,503.5,503.25,503.5,276,0.0,0.0
2022-12-27 00:00:00-05:00,501.5,504.04998779296875,501.5,504.0,418,0.0,0.0
2022-12-28 00:00:00-05:00,501.95001220703125,501.95001220703125,501.5,501.5,18,0.0,0.0
2022-12-29 00:00:00-05:00,501.5,504.0,501.5,503.75,416,0.0,0.0
2022-12-30 00:00:00-05:00,504.0,504.5,504.0,504.5,550,0.0,0.0
2023-01-03 00:00:00-05:00,504.5,504.5,503.75,504.5,804,0.0,0.0
2023-01-04 00:00:00-05:00,505.0,505.25,505.0,505.0,60,0.0,0.0
2023-01-05 00:00:00-05:00,506.5,506.5,505.0,505.0,8348,0.0,0.0
2023-01-06 00:00:00-05:00,505.0,505.0,505.0,505.0,0,0.0,0.0
2023-01-09 00:00:00-05:00,505.5,505.75,505.5,505.75,76,0.0,0.0
2023-01-10 00:00:00-05:00,505.75,505.75,505.5,505.75,224,0.0,0.0
2023-01-11 00:00:00-05:00,504.5,505.75,504.5,505.75,10,0.0,0.0
2023-01-12 00:00:00-05:00,506.0,506.0,506.0,506.0,28,0.0,0.0
2023-01-13 00:00:00-05:00,506.5,506.8500061035156,506.5,506.5,376,0.0,0.0
2023-01-17 00:00:00-05:00,506.5,506.5,506.25,506.25,16,0.0,0.0
2023-01-18 00:00:00-05:00,506.5,507.0,506.5,507.0,690,0.0,0.0
2023-01-19 00:00:00-05:00,507.0,507.0,507.0,507.0,6,0.0,0.0
2023-01-20 00:00:00-05:00,507.25,507.5,507.25,507.5,5138,0.0,0.0
2023-01-23 00:00:00-05:00,507.5,507.5,507.5,507.5,0,0.0,0.0
2023-01-24 00:00:00-05:00,507.5,507.5,507.25,507.25,218,0.0,0.0
2023-01-25 00:00:00-05:00,507.5,507.5,507.0,507.0,3068,0.0,0.0
2023-01-26 00:00:00-05:00,507.0,507.0,507.0,507.0,200,0.0,0.0
2023-01-27 00:00:00-05:00,507.5,508.0,507.5,508.0,22198,0.0,0.0
2023-01-30 00:00:00-05:00,508.0,508.5,508.0,508.5,60,0.0,0.0
2023-01-31 00:00:00-05:00,508.25,508.25,508.25,508.25,22,0.0,0.0
2023-02-01 00:00:00-05:00,508.0,508.25,508.0,508.0,7806,0.0,0.0
2023-02-02 00:00:00-05:00,508.0,508.0,508.0,508.0,8,0.0,0.0
2023-02-03 00:00:00-05:00,508.5,509.0,508.25,508.5,3040,0.0,0.0
2023-02-06 00:00:00-05:00,509.0,509.0,508.5,508.5,20508,0.0,0.0
2023-02-07 00:00:00-05:00,508.5,508.75,508.5,508.5,7718,0.0,0.0
2023-02-08 00:00:00-05:00,508.5,508.75,508.5,508.75,2004,0.0,0.0
2023-02-09 00:00:00-05:00,508.75,509.0,508.5,508.5,6144,0.0,0.0
2023-02-10 00:00:00-05:00,508.5,508.75,508.5,508.5,1234,0.0,0.0
2023-02-13 00:00:00-05:00,508.75,508.75,508.75,508.75,148,0.0,0.0
2023-02-14 00:00:00-05:00,508.5,509.0,508.5,508.5,30,0.0,0.0
2023-02-15 00:00:00-05:00,508.5,508.5,508.5,508.5,0,0.0,0.0
2023-02-16 00:00:00-05:00,508.75,509.5,508.5,509.0,7542,0.0,0.0
2023-02-17 00:00:00-05:00,509.5,509.5,509.0,509.25,552,0.0,0.0
2023-02-21 00:00:00-05:00,505.5,507.5,505.5,506.0,78,0.0,0.0
2023-02-22 00:00:00-05:00,508.5,508.5,504.5,508.0,58,0.0,0.0
2023-02-23 00:00:00-05:00,502.5,505.5,502.5,502.5,32,0.0,0.0
2023-02-24 00:00:00-05:00,502.5,502.5,502.5,502.5,0,0.0,0.0
2023-02-27 00:00:00-05:00,504.0,504.54998779296875,504.0,504.54998779296875,52,0.0,0.0
2023-02-28 00:00:00-05:00,503.0,525.0,502.6499938964844,512.0,552,0.0,0.0
2023-03-01 00:00:00-05:00,525.0,525.0,508.0,515.0999755859375,220,0.0,0.0
2023-03-02 00:00:00-05:00,513.5,523.0,503.0,514.5,322,0.0,0.0
2023-03-03 00:00:00-05:00,513.0,515.0,506.0,509.0,118,0.0,0.0
2023-03-06 00:00:00-05:00,507.5,512.5,507.5,512.5,30,0.0,0.0
2023-03-07 00:00:00-05:00,510.0,510.5,510.0,510.5,24,0.0,0.0
2023-03-08 00:00:00-05:00,511.0,511.0,510.75,510.75,22,0.0,0.0
2023-03-09 00:00:00-05:00,511.0,511.0,510.5,510.5,120,0.0,0.0
2023-03-10 00:00:00-05:00,510.5,524.5,509.25,509.25,1018,0.0,0.0
2023-03-13 00:00:00-04:00,509.0,509.3500061035156,509.0,509.3500061035156,8,0.0,0.0
2023-03-14 00:00:00-04:00,509.3500061035156,509.3500061035156,509.3500061035156,509.3500061035156,8,0.0,0.0
2023-03-15 00:00:00-04:00,509.3500061035156,509.3500061035156,509.3500061035156,509.3500061035156,0,0.0,0.0
2023-03-16 00:00:00-04:00,509.3500061035156,509.3500061035156,509.3500061035156,509.3500061035156,8,0.0,0.0
2023-03-17 00:00:00-04:00,509.3500061035156,509.3500061035156,509.3500061035156,509.3500061035156,0,0.0,0.0
2023-03-20 00:00:00-04:00,509.3500061035156,509.3500061035156,509.3500061035156,509.3500061035156,0,0.0,0.0
2023-03-21 00:00:00-04:00,509.0,509.0,509.0,509.0,4,0.0,0.0
2023-03-22 00:00:00-04:00,509.5,509.5,509.5,509.5,8,0.0,0.0
2023-03-23 00:00:00-04:00,510.0,510.0,510.0,510.0,2,0.0,0.0
2023-03-24 00:00:00-04:00,509.0,509.0,506.5,506.5,214,0.0,0.0
2023-03-27 00:00:00-04:00,505.1000061035156,505.1000061035156,505.1000061035156,505.1000061035156,4,0.0,0.0
2023-03-28 00:00:00-04:00,505.5,505.5,505.5,505.5,4,0.0,0.0
2023-03-29 00:00:00-04:00,505.5,505.5,505.5,505.5,0,0.0,0.0
2023-03-30 00:00:00-04:00,505.5,505.5,505.5,505.5,0,0.0,0.0
2023-03-31 00:00:00-04:00,505.5,505.5,505.5,505.5,0,0.0,0.0
2023-04-03 00:00:00-04:00,509.5,509.5,509.5,509.5,10,0.0,0.0
2023-04-04 00:00:00-04:00,509.0,509.5,507.5,507.5,28,0.0,0.0
2023-04-05 00:00:00-04:00,507.5,507.5,507.5,507.5,0,0.0,0.0
2023-04-06 00:00:00-04:00,507.5,507.5,507.5,507.5,0,0.0,0.0
2023-04-10 00:00:00-04:00,507.5,507.5,507.0,507.5,20,0.0,0.0
2023-04-11 00:00:00-04:00,507.5,507.5,507.5,507.5,0,0.0,0.0
2023-04-12 00:00:00-04:00,507.0,507.0,506.5,506.5,68,0.0,0.0
2023-04-13 00:00:00-04:00,506.5,506.5,506.5,506.5,0,0.0,0.0
2023-04-14 00:00:00-04:00,506.5,506.5,506.5,506.5,0,0.0,0.0
2023-04-17 00:00:00-04:00,506.75,506.75,506.5,506.5,10,0.0,0.0
2023-04-18 00:00:00-04:00,506.5,506.5,506.5,506.5,16,0.0,0.0
2023-04-19 00:00:00-04:00,506.5,506.5,506.5,506.5,0,0.0,0.0
2023-04-20 00:00:00-04:00,506.5,506.5,506.5,506.5,0,0.0,0.0
2023-04-21 00:00:00-04:00,506.5,506.5,506.5,506.5,2,0.0,0.0
2023-04-24 00:00:00-04:00,506.5,506.5,506.5,506.5,0,0.0,0.0
2023-04-25 00:00:00-04:00,506.5,506.5,506.5,506.5,0,0.0,0.0
2023-04-26 00:00:00-04:00,508.5,508.5,508.5,508.5,2,0.0,0.0
2023-04-27 00:00:00-04:00,508.5,508.5,508.5,508.5,0,0.0,0.0
2023-04-28 00:00:00-04:00,506.5,506.5,506.5,506.5,18,0.0,0.0
2023-05-01 00:00:00-04:00,506.5,506.5,506.5,506.5,0,0.0,0.0
2023-05-02 00:00:00-04:00,506.5,506.5,506.5,506.5,0,0.0,0.0
2023-05-03 00:00:00-04:00,506.5,506.5,506.5,506.5,0,0.0,0.0
2023-05-04 00:00:00-04:00,507.0,507.0,507.0,507.0,8,0.0,0.0
2023-05-05 00:00:00-04:00,507.0,507.0,507.0,507.0,0,0.0,0.0
2023-05-08 00:00:00-04:00,507.0,507.0,507.0,507.0,0,0.0,0.0
2023-05-09 00:00:00-04:00,507.0,507.0,507.0,507.0,0,0.0,0.0
2023-05-10 00:00:00-04:00,508.0,509.0,508.0,509.0,250,0.0,0.0
2023-05-11 00:00:00-04:00,509.29998779296875,509.5,509.29998779296875,509.5,48,0.0,0.0
2023-05-12 00:00:00-04:00,508.5,508.5,508.5,508.5,22,0.0,0.0
2023-05-15 00:00:00-04:00,508.5,508.5,508.5,508.5,0,0.0,0.0
2023-05-16 00:00:00-04:00,509.5,509.5,509.5,509.5,8,0.0,0.0
2023-05-17 00:00:00-04:00,509.5,509.5,509.5,509.5,0,0.0,0.0
2023-05-18 00:00:00-04:00,509.5,509.5,509.5,509.5,0,0.0,0.0
2023-05-19 00:00:00-04:00,509.5,509.5,509.5,509.5,0,0.0,0.0
2023-05-22 00:00:00-04:00,509.5,509.5,509.5,509.5,0,0.0,0.0
2023-05-23 00:00:00-04:00,511.5,512.0,511.5,512.0,30,0.0,0.0
2023-05-24 00:00:00-04:00,512.0,512.0,512.0,512.0,0,0.0,0.0
2023-05-25 00:00:00-04:00,511.0,512.0,511.0,512.0,212,0.0,0.0
2023-05-26 00:00:00-04:00,512.0,512.0,512.0,512.0,0,0.0,0.0
2023-05-30 00:00:00-04:00,512.5,512.5,512.5,512.5,10,0.0,0.0
2023-05-31 00:00:00-04:00,512.5,525.0,512.5,525.0,202,0.0,0.0
2023-06-01 00:00:00-04:00,525.0,525.0,525.0,525.0,0,0.0,0.0
2023-06-02 00:00:00-04:00,516.0,516.0,516.0,516.0,2,0.0,0.0
2023-06-05 00:00:00-04:00,516.0,517.0499877929688,515.5,517.0499877929688,30,0.0,0.0
2023-06-06 00:00:00-04:00,517.0499877929688,517.0499877929688,517.0499877929688,517.0499877929688,0,0.0,0.0
2023-06-07 00:00:00-04:00,517.0499877929688,517.0499877929688,517.0499877929688,517.0499877929688,0,0.0,0.0
2023-06-08 00:00:00-04:00,517.0499877929688,517.0499877929688,517.0499877929688,517.0499877929688,2,0.0,0.0
2023-06-09 00:00:00-04:00,517.0499877929688,517.0499877929688,517.0499877929688,517.0499877929688,2,0.0,0.0
2023-06-12 00:00:00-04:00,517.0499877929688,517.0499877929688,517.0499877929688,517.0499877929688,0,0.0,0.0
2023-06-13 00:00:00-04:00,516.5,516.5,516.5,516.5,12,0.0,0.0
2023-06-14 00:00:00-04:00,516.5,516.5,516.5,516.5,0,0.0,0.0
2023-06-15 00:00:00-04:00,516.5,516.5,516.5,516.5,0,0.0,0.0
2023-06-16 00:00:00-04:00,525.0,525.0,525.0,525.0,2,0.0,0.0
2023-06-20 00:00:00-04:00,525.0,525.0,525.0,525.0,0,0.0,0.0
2023-06-21 00:00:00-04:00,525.0,525.0,525.0,525.0,0,0.0,0.0
2023-06-22 00:00:00-04:00,516.5,516.5,516.5,516.5,82,0.0,0.0
2023-06-23 00:00:00-04:00,516.5,516.5,516.5,516.5,0,0.0,0.0
2023-06-26 00:00:00-04:00,516.5,516.5,516.5,516.5,0,0.0,0.0
2023-06-27 00:00:00-04:00,516.5,516.5,516.5,516.5,2,0.0,0.0
2023-06-28 00:00:00-04:00,516.5,516.5,516.5,516.5,0,0.0,0.0
2023-06-29 00:00:00-04:00,522.5,522.5,522.5,522.5,2,0.0,0.0
2023-06-30 00:00:00-04:00,522.5,522.5,522.5,522.5,0,0.0,0.0
2023-07-03 00:00:00-04:00,522.5,522.5,522.5,522.5,0,0.0,0.0
2023-07-05 00:00:00-04:00,522.5,522.5,522.5,522.5,0,0.0,0.0
2023-07-06 00:00:00-04:00,522.5,522.5,522.5,522.5,0,0.0,0.0
2023-07-07 00:00:00-04:00,522.5,522.5,522.5,522.5,0,0.0,0.0
2023-07-10 00:00:00-04:00,518.0,519.0,518.0,518.5,10,0.0,0.0
2023-07-11 00:00:00-04:00,518.5,518.5,518.5,518.5,2,0.0,0.0
2023-07-12 00:00:00-04:00,518.5,518.5,518.5,518.5,0,0.0,0.0
2023-07-13 00:00:00-04:00,518.5,518.5,518.5,518.5,0,0.0,0.0
2023-07-14 00:00:00-04:00,518.5,518.5,518.5,518.5,12,0.0,0.0
2023-07-17 00:00:00-04:00,518.5,518.5,518.5,518.5,0,0.0,0.0
2023-07-18 00:00:00-04:00,518.5,518.5,518.5,518.5,0,0.0,0.0
2023-07-19 00:00:00-04:00,518.5,518.5,518.5,518.5,0,0.0,0.0
2023-07-20 00:00:00-04:00,519.0,519.0,519.0,519.0,2,0.0,0.0
2023-07-21 00:00:00-04:00,519.0,519.0,519.0,519.0,4,0.0,0.0
2023-07-24 00:00:00-04:00,519.0,519.0,519.0,519.0,0,0.0,0.0
2023-07-25 00:00:00-04:00,745.0,1947.5,712.5,1676.5,172158,0.0,0.0
2023-07-26 00:00:00-04:00,1336.5,1495.0,1050.0,1075.0,22276,0.0,0.0
2023-07-27 00:00:00-04:00,995.0,1150.0,886.0,1033.0,5572,0.0,0.0
2023-07-28 00:00:00-04:00,1011.0,3145.5,972.5,2202.5,61666,0.0,0.0
2023-07-31 00:00:00-04:00,2615.5,2929.5,2280.5,2300.5,15694,0.0,0.0
2023-08-01 00:00:00-04:00,2150.0,2165.0,1523.0,1550.0,3158,0.0,0.0
2023-08-02 00:00:00-04:00,1650.0,3045.0,1605.5,2479.0,28912,0.0,0.0
2023-08-03 00:00:00-04:00,2912.0,2912.0,2036.5,2208.75,5086,0.0,0.0
2023-08-04 00:00:00-04:00,2161.5,2300.0,1800.5,2184.5,3462,0.0,0.0
2023-08-07 00:00:00-04:00,1946.5,2250.0,1850.5,2193.5,2920,0.0,0.0
2023-08-08 00:00:00-04:00,2063.5,2500.0,1950.0,2113.5,4038,0.0,0.0
2023-08-09 00:00:00-04:00,2091.0,2434.0,2005.0,2025.0,3738,0.0,0.0
2023-08-10 00:00:00-04:00,2003.5,2170.0,1925.5,2010.5,1896,0.0,0.0
2023-08-11 00:00:00-04:00,1822.0,1887.800048828125,1700.0,1793.5,1428,0.0,0.0
2023-08-14 00:00:00-04:00,1321.5,1328.8499755859375,1080.9000244140625,1148.5,2076,0.0,0.0
2023-08-15 00:00:00-04:00,1196.5,1749.5,1063.0,1250.5,3888,0.0,0.0
2023-08-16 00:00:00-04:00,1361.0,1650.0,1350.0,1607.5,5212,0.0,0.0
2023-08-17 00:00:00-04:00,1495.0,1518.5,1300.0,1338.5,2432,0.0,0.0
2023-08-18 00:00:00-04:00,1290.0,1350.0,1186.0,1193.5,1116,0.0,0.0
2023-08-21 00:00:00-04:00,1056.0,1200.0,1025.0,1099.0,1372,0.0,0.0
2023-08-22 00:00:00-04:00,1151.5,1246.0,987.5,1227.5,1758,0.0,0.0
2023-08-23 00:00:00-04:00,1100.0,1150.0,850.5,872.1500244140625,2252,0.0,0.0
2023-08-24 00:00:00-04:00,99.0,99.0,38.54999923706055,57.5,966494,0.0,0.0
2023-08-25 00:00:00-04:00,64.0,67.0,55.0,59.5,1190038,0.0,0.0
2023-08-28 00:00:00-04:00,60.0,61.0,50.0,51.0,510912,0.0,0.0
2023-08-29 00:00:00-04:00,49.95000076293945,50.0,40.5,42.45000076293945,449052,0.0,0.0
2023-08-30 00:00:00-04:00,44.0,47.5,43.0,43.5,349380,0.0,0.0
2023-08-31 00:00:00-04:00,46.20000076293945,50.0,43.54999923706055,46.25,364034,0.0,0.0
2023-09-01 00:00:00-04:00,43.5,46.099998474121094,39.5,40.25,379984,0.0,0.0
2023-09-05 00:00:00-04:00,41.25,44.0,38.0,40.5,172724,0.0,0.0
2023-09-06 00:00:00-04:00,40.5,41.0,38.0,38.45000076293945,110230,0.0,0.0
2023-09-07 00:00:00-04:00,37.5,37.650001525878906,30.25,31.450000762939453,281618,0.0,0.0
2023-09-08 00:00:00-04:00,32.0,32.04999923706055,26.149999618530273,29.200000762939453,226106,0.0,0.0
2023-09-11 00:00:00-04:00,29.0,34.54999923706055,28.5,32.04999923706055,103404,0.0,0.0
2023-09-12 00:00:00-04:00,32.150001525878906,36.29999923706055,29.0,34.54999923706055,118146,0.0,0.0
2023-09-13 00:00:00-04:00,35.0,37.25,33.099998474121094,33.79999923706055,98454,0.0,0.0
2023-09-14 00:00:00-04:00,34.04999923706055,34.04999923706055,31.5,32.20000076293945,67360,0.0,0.0
2023-09-15 00:00:00-04:00,31.25,34.5,29.0,32.099998474121094,95934,0.0,0.0
2023-09-18 00:00:00-04:00,32.0,33.95000076293945,30.200000762939453,33.25,50374,0.0,0.0
2023-09-19 00:00:00-04:00,32.5,34.0,32.0,32.5,61934,0.0,0.0
2023-09-20 00:00:00-04:00,32.0,33.599998474121094,31.0,31.200000762939453,36390,0.0,0.0
2023-09-21 00:00:00-04:00,31.0,31.0,27.5,28.200000762939453,105968,0.0,0.0
2023-09-22 00:00:00-04:00,28.549999237060547,28.899999618530273,26.75,27.25,48982,0.0,0.0
2023-09-25 00:00:00-04:00,26.5,27.0,25.5,25.850000381469727,56490,0.0,0.0
2023-09-26 00:00:00-04:00,25.5,25.75,23.0,23.5,79124,0.0,0.0
2023-09-27 00:00:00-04:00,24.200000762939453,24.25,22.5,23.0,51170,0.0,0.0
2023-09-28 00:00:00-04:00,22.899999618530273,23.25,22.0,22.75,43842,0.0,0.0
2023-09-29 00:00:00-04:00,22.5,24.75,22.5,23.950000762939453,45228,0.0,0.0
2023-10-02 00:00:00-04:00,23.399999618530273,23.600000381469727,22.549999237060547,23.149999618530273,29372,0.0,0.0
2023-10-03 00:00:00-04:00,23.049999237060547,23.049999237060547,21.350000381469727,21.950000762939453,36076,0.0,0.0
2023-10-04 00:00:00-04:00,22.0,22.149999618530273,20.5,21.049999237060547,34074,0.0,0.0
2023-10-05 00:00:00-04:00,21.399999618530273,22.200000762939453,20.600000381469727,21.299999237060547,27352,0.0,0.0
2023-10-06 00:00:00-04:00,21.25,22.200000762939453,20.75,21.299999237060547,24766,0.0,0.0
2023-10-09 00:00:00-04:00,20.549999237060547,21.200000762939453,20.25,20.5,31110,0.0,0.0
2023-10-10 00:00:00-04:00,20.950000762939453,21.149999618530273,20.5,20.600000381469727,36958,0.0,0.0
2023-10-11 00:00:00-04:00,20.799999237060547,21.450000762939453,20.5,20.549999237060547,26552,0.0,0.0
2023-10-12 00:00:00-04:00,21.0,21.0,19.850000381469727,19.850000381469727,23710,0.0,0.0
2023-10-13 00:00:00-04:00,19.399999618530273,20.5,17.049999237060547,19.899999618530273,97928,0.0,0.0
2023-10-16 00:00:00-04:00,19.549999237060547,19.75,18.0,18.350000381469727,50170,0.0,0.0
2023-10-17 00:00:00-04:00,19.0,21.0,19.0,20.25,42484,0.0,0.0
2023-10-18 00:00:00-04:00,20.149999618530273,20.649999618530273,19.549999237060547,20.5,24132,0.0,0.0
2023-10-19 00:00:00-04:00,21.5,22.5,21.299999237060547,22.0,31228,0.0,0.0
2023-10-20 00:00:00-04:00,22.0,23.049999237060547,20.5,21.0,24430,0.0,0.0
2023-10-23 00:00:00-04:00,21.450000762939453,21.899999618530273,20.549999237060547,21.25,12328,0.0,0.0
2023-10-24 00:00:00-04:00,21.049999237060547,21.200000762939453,20.0,21.0,15916,0.0,0.0
2023-10-25 00:00:00-04:00,20.5,21.100000381469727,20.100000381469727,21.0,15450,0.0,0.0
2023-10-26 00:00:00-04:00,20.850000381469727,21.5,20.5,21.5,13884,0.0,0.0
2023-10-27 00:00:00-04:00,21.5,23.299999237060547,20.799999237060547,23.200000762939453,25420,0.0,0.0
2023-10-30 00:00:00-04:00,22.5,24.350000381469727,22.350000381469727,23.950000762939453,32008,0.0,0.0
2023-10-31 00:00:00-04:00,24.049999237060547,24.450000762939453,23.350000381469727,23.600000381469727,11722,0.0,0.0
2023-11-01 00:00:00-04:00,24.100000381469727,24.100000381469727,22.799999237060547,23.299999237060547,6826,0.0,0.0
2023-11-02 00:00:00-04:00,23.049999237060547,23.950000762939453,22.100000381469727,23.549999237060547,14900,0.0,0.0
2023-11-03 00:00:00-04:00,24.0,24.299999237060547,23.0,24.0,15128,0.0,0.0
2023-11-06 00:00:00-05:00,24.25,24.25,22.75,23.549999237060547,15956,0.0,0.0
2023-11-07 00:00:00-05:00,23.450000762939453,23.450000762939453,21.450000762939453,22.200000762939453,26962,0.0,0.0
2023-11-08 00:00:00-05:00,22.0,23.450000762939453,21.75,22.25,14818,0.0,0.0
2023-11-09 00:00:00-05:00,23.350000381469727,23.350000381469727,21.450000762939453,22.0,13766,0.0,0.0
2023-11-10 00:00:00-05:00,21.950000762939453,22.25,20.75,21.850000381469727,13344,0.0,0.0
2023-11-13 00:00:00-05:00,21.899999618530273,23.25,21.200000762939453,23.200000762939453,18228,0.0,0.0
2023-11-14 00:00:00-05:00,20.549999237060547,22.850000381469727,20.25,21.399999618530273,52562,0.0,0.0
2023-11-15 00:00:00-05:00,21.0,22.549999237060547,21.0,22.0,17896,0.0,0.0
2023-11-16 00:00:00-05:00,20.5,22.100000381469727,20.5,21.899999618530273,14150,0.0,0.0
2023-11-17 00:00:00-05:00,22.0,22.200000762939453,21.100000381469727,21.549999237060547,10146,0.0,0.0
2023-11-20 00:00:00-05:00,21.5,21.950000762939453,20.149999618530273,20.649999618530273,14986,0.0,0.0
2023-11-21 00:00:00-05:00,21.049999237060547,21.049999237060547,19.25,20.149999618530273,23340,0.0,0.0
2023-11-22 00:00:00-05:00,20.149999618530273,20.5,19.049999237060547,20.100000381469727,18008,0.0,0.0
2023-11-24 00:00:00-05:00,20.200000762939453,21.549999237060547,20.100000381469727,21.350000381469727,9828,0.0,0.0
2023-11-27 00:00:00-05:00,20.549999237060547,22.5,20.549999237060547,22.200000762939453,22346,0.0,0.0
2023-11-28 00:00:00-05:00,21.899999618530273,22.0,20.75,21.5,16068,0.0,0.0
2023-11-29 00:00:00-05:00,20.850000381469727,24.0,20.5,22.549999237060547,38142,0.0,0.0
2023-11-30 00:00:00-05:00,21.0,23.100000381469727,21.0,22.899999618530273,12416,0.0,0.0
2023-12-01 00:00:00-05:00,21.799999237060547,23.5,21.799999237060547,22.649999618530273,15990,0.0,0.0
2023-12-04 00:00:00-05:00,23.5,26.649999618530273,22.899999618530273,24.350000381469727,71244,0.0,0.0
2023-12-05 00:00:00-05:00,25.0,25.0,23.149999618530273,23.700000762939453,27900,0.0,0.0
2023-12-06 00:00:00-05:00,23.450000762939453,24.899999618530273,21.149999618530273,22.5,59372,0.0,0.0
2023-12-07 00:00:00-05:00,22.350000381469727,22.649999618530273,21.25,21.25,30586,0.0,0.0
2023-12-08 00:00:00-05:00,21.299999237060547,22.649999618530273,21.299999237060547,21.450000762939453,18600,0.0,0.0
2023-12-11 00:00:00-05:00,21.75,23.0,21.25,22.450000762939453,24706,0.0,0.0
2023-12-12 00:00:00-05:00,22.5,23.899999618530273,21.549999237060547,23.450000762939453,21646,0.0,0.0
2023-12-13 00:00:00-05:00,23.5,26.5,23.0,25.549999237060547,71028,0.0,0.0
2023-12-14 00:00:00-05:00,26.75,27.899999618530273,25.049999237060547,26.799999237060547,90842,0.0,0.0
2023-12-15 00:00:00-05:00,28.450000762939453,34.5,26.649999618530273,32.45000076293945,438352,0.0,0.0
2023-12-18 00:00:00-05:00,32.95000076293945,34.0,28.350000381469727,30.0,129096,0.0,0.0
2023-12-19 00:00:00-05:00,29.75,32.349998474121094,29.75,32.349998474121094,61128,0.0,0.0
2023-12-20 00:00:00-05:00,32.20000076293945,34.0,29.950000762939453,31.149999618530273,60170,0.0,0.0
2023-12-21 00:00:00-05:00,31.0,31.75,30.149999618530273,31.0,22758,0.0,0.0
2023-12-22 00:00:00-05:00,31.5,32.0,29.5,31.950000762939453,37960,0.0,0.0
2023-12-26 00:00:00-05:00,32.0,35.79999923706055,31.5,35.099998474121094,69632,0.0,0.0
2023-12-27 00:00:00-05:00,35.5,37.75,34.79999923706055,36.04999923706055,61742,0.0,0.0
2023-12-28 00:00:00-05:00,36.70000076293945,44.0,36.25,43.0,179240,0.0,0.0
2023-12-29 00:00:00-05:00,45.0,45.5,39.0,40.849998474121094,92832,0.0,0.0
2024-01-02 00:00:00-05:00,39.5,41.900001525878906,36.849998474121094,39.400001525878906,43024,0.0,0.0
2024-01-03 00:00:00-05:00,38.45000076293945,40.0,35.0,36.25,41188,0.0,0.0
2024-01-04 00:00:00-05:00,35.75,37.849998474121094,33.150001525878906,33.95000076293945,52454,0.0,0.0
2024-01-05 00:00:00-05:00,33.099998474121094,36.400001525878906,33.099998474121094,33.599998474121094,27256,0.0,0.0
2024-01-08 00:00:00-05:00,34.45000076293945,38.0,33.099998474121094,37.400001525878906,36550,0.0,0.0
2024-01-09 00:00:00-05:00,36.849998474121094,37.0,35.0,35.95000076293945,14738,0.0,0.0
2024-01-10 00:00:00-05:00,35.75,35.900001525878906,34.150001525878906,34.400001525878906,16546,0.0,0.0
2024-01-11 00:00:00-05:00,34.5,36.0,32.54999923706055,33.5,23918,0.0,0.0
2024-01-12 00:00:00-05:00,33.0,35.0,32.75,33.0,22718,0.0,0.0
2024-01-16 00:00:00-05:00,32.5,33.20000076293945,30.600000381469727,32.5,27300,0.0,0.0
2024-01-17 00:00:00-05:00,31.700000762939453,32.150001525878906,29.700000762939453,29.899999618530273,23704,0.0,0.0
2024-01-18 00:00:00-05:00,30.5,30.5,28.049999237060547,28.899999618530273,17468,0.0,0.0
2024-01-19 00:00:00-05:00,29.0,30.0,28.0,28.850000381469727,15718,0.0,0.0
2024-01-22 00:00:00-05:00,29.299999237060547,30.5,28.75,29.299999237060547,16956,0.0,0.0
2024-01-23 00:00:00-05:00,29.25,31.0,29.0,29.5,14424,0.0,0.0
2024-01-24 00:00:00-05:00,29.75,31.350000381469727,29.0,29.75,13414,0.0,0.0
2024-01-25 00:00:00-05:00,31.5,31.5,29.0,29.100000381469727,24936,0.0,0.0
2024-01-26 00:00:00-05:00,29.100000381469727,30.5,29.100000381469727,29.700000762939453,14738,0.0,0.0
2024-01-29 00:00:00-05:00,30.0,30.5,29.0,30.299999237060547,18140,0.0,0.0
2024-01-30 00:00:00-05:00,29.600000381469727,30.200000762939453,29.149999618530273,29.75,25178,0.0,0.0
2024-01-31 00:00:00-05:00,29.649999618530273,32.5,29.25,30.75,12944,0.0,0.0
2024-02-01 00:00:00-05:00,31.950000762939453,32.0,30.299999237060547,31.0,10232,0.0,0.0
2024-02-02 00:00:00-05:00,30.700000762939453,32.0,30.25,31.149999618530273,8962,0.0,0.0
2024-02-05 00:00:00-05:00,30.649999618530273,31.649999618530273,30.200000762939453,30.649999618530273,6662,0.0,0.0
2024-02-06 00:00:00-05:00,30.350000381469727,31.0,28.299999237060547,30.0,36438,0.0,0.0
2024-02-07 00:00:00-05:00,29.399999618530273,29.600000381469727,27.0,28.25,30054,0.0,0.0
2024-02-08 00:00:00-05:00,28.0,28.450000762939453,26.5,26.549999237060547,23656,0.0,0.0
2024-02-09 00:00:00-05:00,26.899999618530273,29.899999618530273,26.25,27.549999237060547,36364,0.0,0.0
2024-02-12 00:00:00-05:00,27.799999237060547,28.450000762939453,27.299999237060547,27.5,12582,0.0,0.0
2024-02-13 00:00:00-05:00,26.75,27.5,26.149999618530273,26.850000381469727,20200,0.0,0.0
2024-02-14 00:00:00-05:00,26.0,26.75,24.549999237060547,26.350000381469727,42204,0.0,0.0
2024-02-15 00:00:00-05:00,26.549999237060547,28.950000762939453,26.0,28.5,32002,0.0,0.0
2024-02-16 00:00:00-05:00,29.5,29.700000762939453,28.5,28.649999618530273,17566,0.0,0.0
2024-02-20 00:00:00-05:00,28.5,29.5,27.149999618530273,27.600000381469727,18716,0.0,0.0
2024-02-21 00:00:00-05:00,26.799999237060547,27.100000381469727,24.75,25.350000381469727,37394,0.0,0.0
2024-02-22 00:00:00-05:00,25.5,26.399999618530273,24.350000381469727,24.75,38416,0.0,0.0
2024-02-23 00:00:00-05:00,24.0,25.899999618530273,23.5,24.75,28612,0.0,0.0
2024-02-26 00:00:00-05:00,23.75,25.799999237060547,23.399999618530273,25.0,16688,0.0,0.0
2024-02-27 00:00:00-05:00,24.700000762939453,25.799999237060547,24.700000762939453,25.0,20770,0.0,0.0
2024-02-28 00:00:00-05:00,26.799999237060547,27.950000762939453,25.399999618530273,25.5,19546,0.0,0.0
2024-02-29 00:00:00-05:00,25.5,27.0,25.5,26.75,22044,0.0,0.0
2024-03-01 00:00:00-05:00,27.0,27.0,23.75,25.700000762939453,21586,0.0,0.0
2024-03-04 00:00:00-05:00,25.700000762939453,26.0,24.0,24.600000381469727,25404,0.0,0.0
2024-03-05 00:00:00-05:00,24.549999237060547,24.549999237060547,23.850000381469727,24.350000381469727,14890,0.0,0.0
2024-03-06 00:00:00-05:00,24.5,25.450000762939453,23.799999237060547,24.299999237060547,14942,0.0,0.0
2024-03-07 00:00:00-05:00,25.299999237060547,25.299999237060547,24.200000762939453,24.950000762939453,14866,0.0,0.0
2024-03-08 00:00:00-05:00,24.700000762939453,25.0,23.0,24.0,31448,0.0,0.0
2024-03-11 00:00:00-04:00,24.5,24.5,22.25,23.75,23902,0.0,0.0
2024-03-12 00:00:00-04:00,24.049999237060547,24.049999237060547,22.75,23.399999618530273,16736,0.0,0.0
2024-03-13 00:00:00-04:00,22.75,23.450000762939453,22.600000381469727,23.0,14128,0.0,0.0
2024-03-14 00:00:00-04:00,22.600000381469727,23.0,22.25,22.5,14652,0.0,0.0
2024-03-15 00:00:00-04:00,22.25,27.049999237060547,22.049999237060547,26.75,56868,0.0,0.0
2024-03-18 00:00:00-04:00,26.0,26.0,23.850000381469727,23.899999618530273,11642,0.0,0.0
2024-03-19 00:00:00-04:00,24.25,24.5,23.5,23.600000381469727,7634,0.0,0.0
2024-03-20 00:00:00-04:00,23.5,24.399999618530273,22.5,23.200000762939453,15826,0.0,0.0
2024-03-21 00:00:00-04:00,24.0,25.0,23.25,23.600000381469727,14604,0.0,0.0
2024-03-22 00:00:00-04:00,23.899999618530273,24.549999237060547,23.5,24.450000762939453,13072,0.0,0.0
2024-03-25 00:00:00-04:00,24.5,24.5,23.149999618530273,23.549999237060547,10242,0.0,0.0
2024-03-26 00:00:00-04:00,23.5,26.5,23.25,26.0,16998,0.0,0.0
2024-03-27 00:00:00-04:00,25.200000762939453,29.0,24.649999618530273,27.200000762939453,26384,0.0,0.0
2024-03-28 00:00:00-04:00,25.5,27.549999237060547,23.5,24.850000381469727,42992,0.0,0.0
2024-04-01 00:00:00-04:00,25.5,25.5,22.5,22.5,22068,0.0,0.0
2024-04-02 00:00:00-04:00,22.649999618530273,23.450000762939453,21.299999237060547,22.950000762939453,14944,0.0,0.0
2024-04-03 00:00:00-04:00,22.700000762939453,22.950000762939453,22.100000381469727,22.5,11604,0.0,0.0
2024-04-04 00:00:00-04:00,23.0,24.950000762939453,22.200000762939453,22.649999618530273,13752,0.0,0.0
2024-04-05 00:00:00-04:00,22.799999237060547,23.899999618530273,21.799999237060547,23.149999618530273,7768,0.0,0.0
2024-04-08 00:00:00-04:00,23.049999237060547,23.5,22.0,23.100000381469727,6378,0.0,0.0
2024-04-09 00:00:00-04:00,23.5,23.5,22.350000381469727,23.5,9504,0.0,0.0
2024-04-10 00:00:00-04:00,22.200000762939453,23.200000762939453,21.950000762939453,22.649999618530273,10522,0.0,0.0
2024-04-11 00:00:00-04:00,22.899999618530273,23.149999618530273,22.25,22.75,4972,0.0,0.0
2024-04-12 00:00:00-04:00,22.700000762939453,23.5,22.0,22.25,14694,0.0,0.0
2024-04-15 00:00:00-04:00,22.0,22.299999237060547,20.5,21.049999237060547,16964,0.0,0.0
2024-04-16 00:00:00-04:00,20.75,21.5,20.649999618530273,21.5,15108,0.0,0.0
2024-04-17 00:00:00-04:00,21.5,22.950000762939453,20.899999618530273,22.600000381469727,7640,0.0,0.0
2024-04-18 00:00:00-04:00,22.399999618530273,22.850000381469727,21.5,22.5,10528,0.0,0.0
2024-04-19 00:00:00-04:00,22.299999237060547,22.600000381469727,21.5,21.649999618530273,13636,0.0,0.0
2024-04-22 00:00:00-04:00,22.0,22.899999618530273,21.0,21.049999237060547,11838,0.0,0.0
2024-04-23 00:00:00-04:00,20.899999618530273,21.950000762939453,20.5,20.799999237060547,10608,0.0,0.0
2024-04-24 00:00:00-04:00,20.549999237060547,21.350000381469727,20.5,21.149999618530273,8268,0.0,0.0
2024-04-25 00:00:00-04:00,21.200000762939453,21.600000381469727,20.649999618530273,21.0,9298,0.0,0.0
2024-04-26 00:00:00-04:00,20.600000381469727,21.25,19.049999237060547,19.850000381469727,24108,0.0,0.0
2024-04-29 00:00:00-04:00,19.399999618530273,21.649999618530273,19.399999618530273,20.899999618530273,13556,0.0,0.0
2024-04-30 00:00:00-04:00,20.700000762939453,21.0,19.649999618530273,19.850000381469727,8408,0.0,0.0
2024-05-01 00:00:00-04:00,19.649999618530273,20.299999237060547,19.25,19.399999618530273,10482,0.0,0.0
2024-05-02 00:00:00-04:00,20.0,20.600000381469727,19.0,20.600000381469727,16452,0.0,0.0
2024-05-03 00:00:00-04:00,20.149999618530273,21.149999618530273,19.350000381469727,19.399999618530273,14328,0.0,0.0
2024-05-06 00:00:00-04:00,20.0,21.25,19.299999237060547,19.299999237060547,16676,0.0,0.0
2024-05-07 00:00:00-04:00,19.0,20.5,18.700000762939453,19.100000381469727,12328,0.0,0.0
2024-05-08 00:00:00-04:00,19.049999237060547,20.5,19.049999237060547,20.350000381469727,11416,0.0,0.0
2024-05-09 00:00:00-04:00,20.299999237060547,21.299999237060547,20.0,20.799999237060547,7076,0.0,0.0
2024-05-10 00:00:00-04:00,20.649999618530273,21.700000762939453,20.649999618530273,21.5,7366,0.0,0.0
2024-05-13 00:00:00-04:00,21.200000762939453,22.850000381469727,21.0,22.25,12934,0.0,0.0
2024-05-14 00:00:00-04:00,23.25,23.25,18.549999237060547,20.850000381469727,58264,0.0,0.0
2024-05-15 00:00:00-04:00,21.299999237060547,21.5,19.5,19.75,18824,0.0,0.0
2024-05-16 00:00:00-04:00,19.549999237060547,20.25,19.450000762939453,19.600000381469727,17202,0.0,0.0
2024-05-17 00:00:00-04:00,19.850000381469727,20.049999237060547,18.75,19.25,36862,0.0,0.0
2024-05-20 00:00:00-04:00,19.600000381469727,20.549999237060547,19.399999618530273,20.0,19352,0.0,0.0
2024-05-21 00:00:00-04:00,20.200000762939453,20.25,19.0,19.5,21990,0.0,0.0
2024-05-22 00:00:00-04:00,19.450000762939453,19.5,18.549999237060547,19.049999237060547,23436,0.0,0.0
2024-05-23 00:00:00-04:00,18.600000381469727,19.200000762939453,17.600000381469727,18.350000381469727,50806,0.0,0.0
2024-05-24 00:00:00-04:00,18.450000762939453,19.0,15.0,15.899999618530273,44824,0.0,0.0
2024-05-28 00:00:00-04:00,17.75,17.799999237060547,16.950000762939453,17.200000762939453,30612,0.0,0.0
2024-05-29 00:00:00-04:00,16.950000762939453,17.700000762939453,16.0,17.549999237060547,38228,0.0,0.0
2024-05-30 00:00:00-04:00,17.549999237060547,17.75,16.049999237060547,16.100000381469727,48558,0.0,0.0
2024-05-31 00:00:00-04:00,16.899999618530273,17.100000381469727,16.100000381469727,16.5,31520,0.0,0.0
2024-06-03 00:00:00-04:00,16.549999237060547,17.75,16.5,17.200000762939453,19136,0.0,0.0
2024-06-04 00:00:00-04:00,17.149999618530273,17.149999618530273,16.450000762939453,16.549999237060547,10738,0.0,0.0
2024-06-05 00:00:00-04:00,16.649999618530273,18.25,16.649999618530273,17.549999237060547,21898,0.0,0.0
2024-06-06 00:00:00-04:00,17.450000762939453,17.950000762939453,16.0,17.149999618530273,41024,0.0,0.0
2024-06-07 00:00:00-04:00,17.0,17.149999618530273,16.049999237060547,17.0,33600,0.0,0.0
2024-06-10 00:00:00-04:00,17.200000762939453,17.649999618530273,16.549999237060547,17.25,17002,0.0,0.0
2024-06-11 00:00:00-04:00,17.5,17.950000762939453,16.299999237060547,16.75,28592,0.0,0.0
2024-06-12 00:00:00-04:00,16.5,17.600000381469727,16.25,17.200000762939453,44792,0.0,0.0
2024-06-13 00:00:00-04:00,17.100000381469727,17.5,16.799999237060547,17.25,18208,0.0,0.0
2024-06-14 00:00:00-04:00,17.399999618530273,17.5,16.600000381469727,17.0,23186,0.0,0.0
2024-06-17 00:00:00-04:00,17.25,17.5,16.399999618530273,16.5,19746,0.0,0.0
2024-06-18 00:00:00-04:00,16.700000762939453,17.899999618530273,16.0,17.850000381469727,99244,0.0,0.0
2024-06-20 00:00:00-04:00,17.5,22.0,17.25,20.549999237060547,78352,0.0,0.0
2024-06-21 00:00:00-04:00,20.25,21.649999618530273,19.600000381469727,20.700000762939453,46232,0.0,0.0
2024-06-24 00:00:00-04:00,20.850000381469727,23.600000381469727,20.0,23.600000381469727,69758,0.0,0.0
2024-06-25 00:00:00-04:00,23.5,24.850000381469727,22.25,23.100000381469727,45260,0.0,0.0
2024-06-26 00:00:00-04:00,23.399999618530273,23.5,22.100000381469727,23.0,14126,0.0,0.0
2024-06-27 00:00:00-04:00,23.399999618530273,23.75,22.700000762939453,23.700000762939453,13572,0.0,0.0
2024-06-28 00:00:00-04:00,24.0,24.450000762939453,22.75,22.950000762939453,18376,0.0,0.0
2024-07-01 00:00:00-04:00,23.450000762939453,23.5,21.200000762939453,22.649999618530273,15998,0.0,0.0
2024-07-02 00:00:00-04:00,22.299999237060547,23.100000381469727,21.399999618530273,22.200000762939453,8462,0.0,0.0
2024-07-03 00:00:00-04:00,22.100000381469727,23.75,22.100000381469727,22.75,11092,0.0,0.0
2024-07-05 00:00:00-04:00,22.149999618530273,23.450000762939453,22.149999618530273,23.149999618530273,7640,0.0,0.0
2024-07-08 00:00:00-04:00,23.25,25.0,22.649999618530273,25.0,52728,0.0,0.0
2024-07-09 00:00:00-04:00,25.0,27.549999237060547,24.5,27.100000381469727,38358,0.0,0.0
2024-07-10 00:00:00-04:00,27.100000381469727,28.899999618530273,25.200000762939453,28.350000381469727,45032,0.0,0.0
2024-07-11 00:00:00-04:00,28.200000762939453,29.5,27.0,27.0,14870,0.0,0.0
2024-07-12 00:00:00-04:00,27.5,27.950000762939453,26.299999237060547,27.25,13200,0.0,0.0
2024-07-15 00:00:00-04:00,27.25,29.0,26.799999237060547,28.950000762939453,69914,0.0,0.0
2024-07-16 00:00:00-04:00,29.950000762939453,30.0,28.100000381469727,29.049999237060547,17388,0.0,0.0
2024-07-17 00:00:00-04:00,29.799999237060547,29.799999237060547,27.200000762939453,28.200000762939453,21202,0.0,0.0
2024-07-18 00:00:00-04:00,28.149999618530273,28.5,26.25,26.450000762939453,11042,0.0,0.0
2024-07-19 00:00:00-04:00,26.25,28.950000762939453,26.200000762939453,28.0,16984,0.0,0.0
2024-07-22 00:00:00-04:00,28.0,29.25,26.299999237060547,26.850000381469727,17624,0.0,0.0
2024-07-23 00:00:00-04:00,26.600000381469727,28.0,26.25,26.450000762939453,10002,0.0,0.0
2024-07-24 00:00:00-04:00,26.299999237060547,27.25,24.299999237060547,25.200000762939453,22448,0.0,0.0
2024-07-25 00:00:00-04:00,25.299999237060547,26.600000381469727,25.0,25.549999237060547,4650,0.0,0.0
2024-07-26 00:00:00-04:00,26.049999237060547,27.799999237060547,25.700000762939453,27.649999618530273,18636,0.0,0.0
2024-07-29 00:00:00-04:00,28.100000381469727,28.100000381469727,26.549999237060547,27.350000381469727,3558,0.0,0.0
2024-07-30 00:00:00-04:00,26.549999237060547,27.450000762939453,25.549999237060547,25.549999237060547,15028,0.0,0.0
2024-07-31 00:00:00-04:00,25.899999618530273,27.049999237060547,25.200000762939453,25.450000762939453,9002,0.0,0.0
2024-08-01 00:00:00-04:00,25.600000381469727,25.899999618530273,23.350000381469727,24.049999237060547,17646,0.0,0.0
2024-08-02 00:00:00-04:00,24.0,24.0,21.299999237060547,23.0,10802,0.0,0.0
2024-08-05 00:00:00-04:00,22.0,24.299999237060547,21.75,23.850000381469727,26064,0.0,0.0
2024-08-06 00:00:00-04:00,24.299999237060547,25.200000762939453,23.350000381469727,23.950000762939453,9456,0.0,0.0
2024-08-07 00:00:00-04:00,24.0,24.899999618530273,23.149999618530273,23.850000381469727,15156,0.0,0.0
2024-08-08 00:00:00-04:00,20.5,20.649999618530273,15.949999809265137,19.399999618530273,89298,0.0,0.0
2024-08-09 00:00:00-04:00,19.5,21.450000762939453,19.350000381469727,20.700000762939453,21308,0.0,0.0
2024-08-12 00:00:00-04:00,20.450000762939453,20.700000762939453,18.600000381469727,19.25,22506,0.0,0.0
2024-08-13 00:00:00-04:00,19.350000381469727,19.950000762939453,18.649999618530273,18.899999618530273,14424,0.0,0.0
2024-08-14 00:00:00-04:00,19.5,19.950000762939453,18.75,19.450000762939453,9930,0.0,0.0
2024-08-15 00:00:00-04:00,19.5,20.700000762939453,18.75,19.149999618530273,16930,0.0,0.0
2024-08-16 00:00:00-04:00,18.700000762939453,20.5,18.700000762939453,19.899999618530273,22984,0.0,0.0
2024-08-19 00:00:00-04:00,19.959999084472656,22.65999984741211,17.597000122070312,20.280000686645508,43100,0.0,0.02
2024-08-20 00:00:00-04:00,19.989999771118164,20.139999389648438,19.149999618530273,20.049999237060547,23700,0.0,0.0
2024-08-21 00:00:00-04:00,20.190000534057617,21.75,19.59000015258789,21.020000457763672,33900,0.0,0.0
2024-08-22 00:00:00-04:00,20.1299991607666,21.100000381469727,19.3700008392334,19.40999984741211,20900,0.0,0.0
2024-08-23 00:00:00-04:00,19.469999313354492,20.100000381469727,18.790000915527344,18.950000762939453,50600,0.0,0.0
2024-08-26 00:00:00-04:00,18.8700008392334,19.173999786376953,17.209999084472656,17.25,60400,0.0,0.0
2024-08-27 00:00:00-04:00,17.200000762939453,17.676000595092773,16.75,16.84000015258789,27600,0.0,0.0
2024-08-28 00:00:00-04:00,16.790000915527344,16.854000091552734,16.059999465942383,16.34000015258789,39500,0.0,0.0
2024-08-29 00:00:00-04:00,16.3799991607666,16.825000762939453,15.390000343322754,16.100000381469727,79800,0.0,0.0
2024-08-30 00:00:00-04:00,16.5,16.815000534057617,15.4350004196167,15.739999771118164,102700,0.0,0.0
2024-09-03 00:00:00-04:00,15.720000267028809,15.96500015258789,14.859999656677246,15.619999885559082,37900,0.0,0.0
2024-09-04 00:00:00-04:00,15.020000457763672,16.5,15.020000457763672,16.399999618530273,75800,0.0,0.0
2024-09-05 00:00:00-04:00,16.010000228881836,17.5,16.010000228881836,16.959999084472656,30200,0.0,0.0
2024-09-06 00:00:00-04:00,16.549999237060547,17.0,16.280000686645508,16.979999542236328,19700,0.0,0.0
2024-09-09 00:00:00-04:00,17.059999465942383,17.7549991607666,16.43000030517578,16.899999618530273,28000,0.0,0.0
2024-09-10 00:00:00-04:00,16.969999313354492,17.440000534057617,16.969999313354492,17.059999465942383,9100,0.0,0.0
2024-09-11 00:00:00-04:00,16.864999771118164,17.174999237060547,16.020000457763672,16.299999237060547,47700,0.0,0.0
2024-09-12 00:00:00-04:00,16.299999237060547,17.1200008392334,15.84000015258789,16.329999923706055,30400,0.0,0.0
2024-09-13 00:00:00-04:00,16.316999435424805,17.100000381469727,16.049999237060547,16.3799991607666,14500,0.0,0.0
2024-09-16 00:00:00-04:00,16.690000534057617,17.270000457763672,15.880000114440918,16.200000762939453,14200,0.0,0.0
2024-09-17 00:00:00-04:00,16.530000686645508,16.530000686645508,15.949999809265137,16.43000030517578,18600,0.0,0.0
2024-09-18 00:00:00-04:00,16.1200008392334,18.399999618530273,15.553000450134277,17.450000762939453,67600,0.0,0.0
2024-09-19 00:00:00-04:00,18.229999542236328,21.799999237060547,18.139999389648438,20.059999465942383,103200,0.0,0.0
2024-09-20 00:00:00-04:00,20.739999771118164,20.739999771118164,18.948999404907227,19.25,69700,0.0,0.0
2024-09-23 00:00:00-04:00,19.194000244140625,19.809999465942383,18.770000457763672,19.420000076293945,56100,0.0,0.0
2024-09-24 00:00:00-04:00,19.420000076293945,19.65999984741211,18.486000061035156,18.5,43300,0.0,0.0
2024-09-25 00:00:00-04:00,18.510000228881836,18.510000228881836,17.440000534057617,18.059999465942383,39300,0.0,0.0
2024-09-26 00:00:00-04:00,18.389999389648438,18.520000457763672,17.7450008392334,18.219999313354492,17900,0.0,0.0
2024-09-27 00:00:00-04:00,18.469999313354492,19.459999084472656,18.299999237060547,18.299999237060547,15500,0.0,0.0
2024-09-30 00:00:00-04:00,18.239999771118164,18.709999084472656,17.649999618530273,17.809999465942383,20000,0.0,0.0
2024-10-01 00:00:00-04:00,17.579999923706055,18.364999771118164,17.454999923706055,18.15999984741211,65600,0.0,0.0
2024-10-02 00:00:00-04:00,18.18000030517578,18.200000762939453,16.3799991607666,16.700000762939453,37000,0.0,0.0
2024-10-03 00:00:00-04:00,17.295000076293945,17.295000076293945,15.609999656677246,15.890000343322754,64500,0.0,0.0
2024-10-04 00:00:00-04:00,16.6200008392334,16.639999389648438,15.779999732971191,16.06999969482422,31700,0.0,0.0
2024-10-07 00:00:00-04:00,16.0,16.81999969482422,15.470000267028809,15.739999771118164,136300,0.0,0.0
2024-10-08 00:00:00-04:00,15.710000038146973,15.824999809265137,15.100000381469727,15.149999618530273,16400,0.0,0.0
2024-10-09 00:00:00-04:00,15.859999656677246,15.859999656677246,14.779999732971191,14.899999618530273,30400,0.0,0.0
2024-10-10 00:00:00-04:00,14.510000228881836,15.079999923706055,14.199999809265137,14.925000190734863,21500,0.0,0.0
2024-10-11 00:00:00-04:00,15.220000267028809,16.60700035095215,14.890000343322754,16.040000915527344,66000,0.0,0.0
2024-10-14 00:00:00-04:00,16.6200008392334,16.6200008392334,15.3100004196167,15.40999984741211,47400,0.0,0.0
2024-10-15 00:00:00-04:00,15.430000305175781,15.72700023651123,14.800000190734863,15.420000076293945,44200,0.0,0.0
2024-10-16 00:00:00-04:00,15.732000350952148,16.1200008392334,15.210000038146973,15.260000228881836,56600,0.0,0.0
2024-10-17 00:00:00-04:00,15.430000305175781,15.574999809265137,14.635000228881836,14.75,74800,0.0,0.0
2024-10-18 00:00:00-04:00,15.149999618530273,16.235000610351562,15.010000228881836,15.3100004196167,42200,0.0,0.0
2024-10-21 00:00:00-04:00,15.010000228881836,15.279999732971191,14.88599967956543,15.279999732971191,8800,0.0,0.0
2024-10-22 00:00:00-04:00,15.350000381469727,15.550000190734863,14.760000228881836,15.180000305175781,44400,0.0,0.0
2024-10-23 00:00:00-04:00,14.779999732971191,15.173999786376953,14.399999618530273,14.829999923706055,51200,0.0,0.0
2024-10-24 00:00:00-04:00,14.949999809265137,15.039999961853027,14.5,14.970000267028809,12400,0.0,0.0
2024-10-25 00:00:00-04:00,14.789999961853027,15.300000190734863,14.380000114440918,14.8100004196167,63500,0.0,0.0
2024-10-28 00:00:00-04:00,15.020000457763672,16.15999984741211,14.819999694824219,16.15999984741211,66800,0.0,0.0
2024-10-29 00:00:00-04:00,15.979999542236328,15.979999542236328,15.210000038146973,15.699999809265137,52800,0.0,0.0
2024-10-30 00:00:00-04:00,15.520000457763672,16.229999542236328,15.399999618530273,16.15999984741211,18900,0.0,0.0
2024-10-31 00:00:00-04:00,16.100000381469727,16.100000381469727,15.140000343322754,15.579999923706055,60100,0.0,0.0
2024-11-01 00:00:00-04:00,15.579999923706055,15.906999588012695,14.710000038146973,14.949999809265137,21300,0.0,0.0
2024-11-04 00:00:00-05:00,15.0,15.25,13.960000038146973,14.100000381469727,26900,0.0,0.0
2024-11-05 00:00:00-05:00,14.210000038146973,14.819999694824219,14.168999671936035,14.550000190734863,12100,0.0,0.0
2024-11-06 00:00:00-05:00,15.539999961853027,15.539999961853027,14.579999923706055,15.0,34000,0.0,0.0
2024-11-07 00:00:00-05:00,14.949999809265137,15.381999969482422,14.4350004196167,14.829999923706055,46000,0.0,0.0
2024-11-08 00:00:00-05:00,14.729999542236328,15.329999923706055,14.520000457763672,14.9399995803833,41800,0.0,0.0
2024-11-11 00:00:00-05:00,14.729999542236328,15.199999809265137,14.369999885559082,14.6899995803833,58100,0.0,0.0
2024-11-12 00:00:00-05:00,14.6850004196167,14.859999656677246,13.6850004196167,14.800000190734863,56300,0.0,0.0
2024-11-13 00:00:00-05:00,14.369999885559082,14.470000267028809,13.880000114440918,14.0,63700,0.0,0.0
2024-11-14 00:00:00-05:00,14.100000381469727,14.109999656677246,13.350000381469727,13.609999656677246,45400,0.0,0.0
2024-11-15 00:00:00-05:00,13.4399995803833,13.510000228881836,12.40999984741211,12.75,96700,0.0,0.0
2024-11-18 00:00:00-05:00,12.649999618530273,13.074000358581543,12.197999954223633,13.0,66900,0.0,0.0
2024-11-19 00:00:00-05:00,13.09000015258789,13.753000259399414,12.859999656677246,13.319999694824219,25300,0.0,0.0
2024-11-20 00:00:00-05:00,13.050000190734863,13.15999984741211,12.289999961853027,12.449999809265137,25700,0.0,0.0
2024-11-21 00:00:00-05:00,12.430000305175781,13.520000457763672,11.899999618530273,13.020000457763672,50500,0.0,0.0
2024-11-22 00:00:00-05:00,13.15999984741211,13.15999984741211,12.75,12.890000343322754,15200,0.0,0.0
2024-11-25 00:00:00-05:00,12.84000015258789,13.630000114440918,12.720000267028809,13.130000114440918,52400,0.0,0.0
2024-11-26 00:00:00-05:00,12.729999542236328,13.449999809265137,12.710000038146973,13.430000305175781,14500,0.0,0.0
2024-11-27 00:00:00-05:00,13.630000114440918,14.399999618530273,13.210000038146973,14.3100004196167,28500,0.0,0.0
2024-11-29 00:00:00-05:00,14.3100004196167,15.770000457763672,14.194999694824219,15.770000457763672,34100,0.0,0.0
2024-12-02 00:00:00-05:00,15.25,15.390000343322754,13.170000076293945,13.609999656677246,97800,0.0,0.0
2024-12-03 00:00:00-05:00,13.699999809265137,13.75,13.1899995803833,13.4399995803833,22700,0.0,0.0
2024-12-04 00:00:00-05:00,13.579999923706055,13.696000099182129,12.949999809265137,13.34000015258789,26500,0.0,0.0
2024-12-05 00:00:00-05:00,13.029999732971191,13.239999771118164,12.710000038146973,12.989999771118164,29000,0.0,0.0
2024-12-06 00:00:00-05:00,12.5,12.989999771118164,12.399999618530273,12.720000267028809,63100,0.0,0.0
2024-12-09 00:00:00-05:00,12.979999542236328,13.100000381469727,12.229999542236328,12.680000305175781,36300,0.0,0.0
2024-12-10 00:00:00-05:00,12.40999984741211,12.960000038146973,12.1850004196167,12.329999923706055,53000,0.0,0.0
2024-12-11 00:00:00-05:00,12.369999885559082,12.609999656677246,11.970000267028809,12.350000381469727,25200,0.0,0.0
2024-12-12 00:00:00-05:00,12.110600471496582,12.170000076293945,11.770000457763672,12.170000076293945,18063,0.0,0.0
