Date,Open,High,Low,Close,Volume,Dividends,Stock Splits
2022-01-03 00:00:00-05:00,162.058419409744,162.26536769363062,153.22553996855984,154.5989227294922,1232500,0.0,0.0
2022-01-04 00:00:00-05:00,154.26969456861366,154.7400290032741,147.09238650258612,148.81381225585938,1945700,0.0,0.0
2022-01-05 00:00:00-05:00,149.02071928928117,150.34706547257036,147.84488352823698,147.98599243164062,1193900,0.0,0.0
2022-01-06 00:00:00-05:00,147.13939814286275,150.40351972032113,146.32102095689746,148.9454803466797,945400,0.0,0.0
2022-01-07 00:00:00-05:00,149.34055648386186,149.4628480070201,146.37745584328147,146.6220245361328,729800,0.0,0.0
2022-01-10 00:00:00-05:00,147.08298035547912,150.40354021147476,146.56560962293005,150.13075256347656,860000,0.0,0.0
2022-01-11 00:00:00-05:00,149.82973276813985,150.5164170073243,146.25518827965138,148.51280212402344,776700,0.0,0.0
2022-01-12 00:00:00-05:00,141.96573050087173,143.10394603976152,137.71390359792775,138.41000366210938,2598300,0.0,0.0
2022-01-13 00:00:00-05:00,138.47585483039487,138.72982506175077,134.99536892669246,136.4063720703125,1433100,0.0,0.0
2022-01-14 00:00:00-05:00,136.52865821050045,137.68567672360328,132.46497678116742,133.85716247558594,1324500,0.0,0.0
2022-01-18 00:00:00-05:00,132.35497512250367,133.41314450878716,130.05915366088297,131.16455078125,1365200,0.62,0.0
2022-01-19 00:00:00-05:00,131.4196126523111,132.78954815859146,130.22917420464248,131.3062286376953,904500,0.0,0.0
2022-01-20 00:00:00-05:00,132.5817162652267,134.71692574685295,129.28441054284937,129.59619140625,1687100,0.0,0.0
2022-01-21 00:00:00-05:00,130.70157639866926,131.5613343595973,129.36942585476243,130.11581420898438,1156500,0.0,0.0
2022-01-24 00:00:00-05:00,129.05768612831872,131.15511078384088,125.67535280469546,130.663818359375,1422200,0.0,0.0
2022-01-25 00:00:00-05:00,129.71900536016707,130.9377718734887,126.68623865319665,129.60562133789062,1023300,0.0,0.0
2022-01-26 00:00:00-05:00,128.84981962123203,130.70159067566905,127.16810299542979,127.92391967773438,1532100,0.0,0.0
2022-01-27 00:00:00-05:00,127.82943592119926,129.10488724631244,126.01545013132366,127.62158203125,1125200,0.0,0.0
2022-01-28 00:00:00-05:00,126.42168942909571,127.41371664777047,124.20145313768445,127.4042739868164,1884600,0.0,0.0
2022-01-31 00:00:00-05:00,127.48931871242411,128.45300366445508,125.41079413093392,127.56490325927734,1485500,0.0,0.0
2022-02-01 00:00:00-05:00,128.27348583844417,128.27348583844417,125.20293405339496,127.77275085449219,1276500,0.0,0.0
2022-02-02 00:00:00-05:00,125.98709890945283,128.9064814098891,125.34463754469355,128.40574645996094,2606600,0.0,0.0
2022-02-03 00:00:00-05:00,130.65436240124782,133.95166853056938,128.1129018670414,128.78369140625,2320000,0.0,0.0
2022-02-04 00:00:00-05:00,128.64196550906271,130.32368213225493,126.28944500264527,126.64846801757812,1243100,0.0,0.0
2022-02-07 00:00:00-05:00,126.19495780281109,126.42169700951435,123.04882156330942,124.91004943847656,1248400,0.0,0.0
2022-02-08 00:00:00-05:00,125.13680167890881,127.27202553960794,124.45655515539318,127.09251403808594,1009400,0.0,0.0
2022-02-09 00:00:00-05:00,127.92388623664134,129.93628294709254,127.8672014419146,129.2371368408203,958900,0.0,0.0
2022-02-10 00:00:00-05:00,128.13174561579905,129.378868818625,125.93039468931453,126.32721710205078,1306000,0.0,0.0
2022-02-11 00:00:00-05:00,125.99657621699704,127.47988173609313,124.63608299166017,125.06123352050781,1087200,0.0,0.0
2022-02-14 00:00:00-05:00,124.35262779681652,125.6658786944849,122.5858840237109,123.09606170654297,1220400,0.0,0.0
2022-02-15 00:00:00-05:00,124.22980391315387,125.01397731350286,122.53863043039,123.87078094482422,1280100,0.0,0.0
2022-02-16 00:00:00-05:00,123.42673568053432,125.12735189250186,122.51029290009285,124.44710540771484,1105000,0.0,0.0
2022-02-17 00:00:00-05:00,123.9369323480284,124.14478627339152,121.92454940342002,121.99067687988281,2109700,0.0,0.0
2022-02-18 00:00:00-05:00,122.12293056945565,124.51323598795494,121.30097205323092,124.12588500976562,2243500,0.0,0.0
2022-02-22 00:00:00-05:00,123.54956685268398,125.20294098228726,122.20797357461643,123.34171295166016,1098900,0.0,0.0
2022-02-23 00:00:00-05:00,120.63963244910276,124.74943969032029,120.33730145349382,121.96232604980469,1354200,0.0,0.0
2022-02-24 00:00:00-05:00,119.28857860919122,122.51973498030954,118.82562868204668,122.35912322998047,1206400,0.0,0.0
2022-02-25 00:00:00-05:00,123.04880491021848,125.36352530180127,122.82205131792631,124.88167572021484,1032900,0.0,0.0
2022-02-28 00:00:00-05:00,122.43471076298827,124.42820811416142,122.43471076298827,124.02195739746094,1147700,0.0,0.0
2022-03-01 00:00:00-05:00,123.44563089607021,124.69273979495071,122.44416094580689,124.63605499267578,996200,0.0,0.0
2022-03-02 00:00:00-05:00,124.63607289771151,129.02933311675326,124.63607289771151,127.31925964355469,1412100,0.0,0.0
2022-03-03 00:00:00-05:00,127.24364639338103,128.62303893967038,126.06266505508661,128.2923583984375,992100,0.0,0.0
2022-03-04 00:00:00-05:00,127.28146878172167,130.5220752375424,127.28146878172167,130.0496826171875,951000,0.0,0.0
2022-03-07 00:00:00-05:00,130.06857131883334,130.06857131883334,127.01691928691147,128.58526611328125,1123400,0.0,0.0
2022-03-08 00:00:00-05:00,127.74440914848421,129.32219865205568,125.89262387256241,126.88465118408203,1233500,0.0,0.0
2022-03-09 00:00:00-05:00,128.79310977618184,129.91739191826352,126.93188200443015,128.09396362304688,884600,0.0,0.0
2022-03-10 00:00:00-05:00,127.0169429671195,129.01044060412244,126.11939978054893,128.46246337890625,694300,0.0,0.0
2022-03-11 00:00:00-05:00,128.6702844621472,131.4196125499457,128.6702844621472,128.81199645996094,1438100,0.0,0.0
2022-03-14 00:00:00-04:00,129.72846758079223,131.07951805984433,129.33165948369236,130.4842987060547,1260100,0.0,0.0
2022-03-15 00:00:00-04:00,131.0133857913833,133.94222621078478,130.85277400811404,133.82884216308594,1272300,0.0,0.0
2022-03-16 00:00:00-04:00,133.81934539641392,135.57664605432657,133.0068297284269,135.37823486328125,1200900,0.0,0.0
2022-03-17 00:00:00-04:00,134.85865614096997,137.17337719515436,134.8397563988,137.14503479003906,1378600,0.0,0.0
2022-03-18 00:00:00-04:00,138.09926462059764,138.3449036070464,134.74527394542508,137.05055236816406,1849700,0.0,0.0
2022-03-21 00:00:00-04:00,136.65375323804588,137.59853859351253,135.38774432162788,135.90737915039062,1398400,0.0,0.0
2022-03-22 00:00:00-04:00,136.0113011540499,138.13706812629565,135.1420859724053,135.8412322998047,1605800,0.0,0.0
2022-03-23 00:00:00-04:00,134.91532631523972,135.340476762127,133.26195225357324,134.49961853027344,1687800,0.0,0.0
2022-03-24 00:00:00-04:00,134.4996208403308,136.16243759247746,133.75324687997875,134.15005493164062,1158100,0.0,0.0
2022-03-25 00:00:00-04:00,134.19727922759208,136.12464904785156,133.95164027320817,136.12464904785156,684100,0.0,0.0
2022-03-28 00:00:00-04:00,136.1340642417328,136.94657990078653,135.16093686611057,136.8993377685547,702300,0.0,0.0
2022-03-29 00:00:00-04:00,137.55123909699623,138.17480063154704,133.0824102652644,133.58314514160156,1489300,0.0,0.0
2022-03-30 00:00:00-04:00,133.49817838413833,133.73437473145057,130.49375334986044,131.28738403320312,1022500,0.0,0.0
2022-03-31 00:00:00-04:00,131.29679623565963,132.11875472039748,129.2938562883547,129.3032989501953,1175100,0.0,0.0
2022-04-01 00:00:00-04:00,129.4922710201302,129.6245403855901,126.30834916966614,128.80258178710938,1586200,0.0,0.0
2022-04-04 00:00:00-04:00,127.16807311386825,128.33015468531437,125.9776347280337,127.11137390136719,1475600,0.0,0.0
2022-04-05 00:00:00-04:00,126.75060666443916,128.45960650569867,126.41829590820798,126.9120101928711,1451300,0.66,0.0
2022-04-06 00:00:00-04:00,126.54172212740357,127.90892193586814,125.64924366980331,127.63357543945312,1177500,0.0,0.0
2022-04-07 00:00:00-04:00,126.69363098719813,131.12752647507514,126.69363098719813,130.9566192626953,1230300,0.0,0.0
2022-04-08 00:00:00-04:00,131.69720706783534,133.65305676794378,131.2034927932213,132.92198181152344,1205300,0.0,0.0
2022-04-11 00:00:00-04:00,132.80807241389573,133.22582959191075,130.21608296503388,130.44395446777344,772300,0.0,0.0
2022-04-12 00:00:00-04:00,129.9217491528072,132.11495970076825,129.76034561544074,130.33001708984375,865300,0.0,0.0
2022-04-13 00:00:00-04:00,130.05465632499175,130.86168841080632,128.78240659045568,130.12112426757812,895300,0.0,0.0
2022-04-14 00:00:00-04:00,131.0895587606701,131.0895587606701,128.4880805825945,129.04824829101562,667000,0.0,0.0
2022-04-18 00:00:00-04:00,128.82036619926478,129.55144106444735,126.13345636540737,126.50373840332031,1113600,0.0,0.0
2022-04-19 00:00:00-04:00,126.98799678653597,130.0357150838468,126.49428238743126,129.01031494140625,1056100,0.0,0.0
2022-04-20 00:00:00-04:00,129.54198819568788,132.3618346937025,129.39007385870934,131.4503631591797,1157700,0.0,0.0
2022-04-21 00:00:00-04:00,134.5929628872882,136.63427294411875,129.5039505341585,134.47903442382812,2299800,0.0,0.0
2022-04-22 00:00:00-04:00,133.2068264979074,133.71951923070367,130.14013033890197,130.25405883789062,1183400,0.0,0.0
2022-04-25 00:00:00-04:00,130.61484228364202,130.73825998616724,126.5512141031269,129.71286010742188,820600,0.0,0.0
2022-04-26 00:00:00-04:00,128.86787701547436,129.8078306746037,127.70006633887016,127.9184341430664,1177700,0.0,0.0
2022-04-27 00:00:00-04:00,128.2317536448335,132.6561609629544,128.16530017634904,130.52940368652344,1416900,0.0,0.0
2022-04-28 00:00:00-04:00,130.823698584871,131.03257713039645,127.21582804363945,128.96279907226562,1192400,0.0,0.0
2022-04-29 00:00:00-04:00,128.4026616607906,131.2889616719964,126.89303645528503,127.07343292236328,884100,0.0,0.0
2022-05-02 00:00:00-04:00,127.14935313000234,128.01334938571594,124.5668680609022,125.72518920898438,983400,0.0,0.0
2022-05-03 00:00:00-04:00,125.7537034952764,129.43754641589265,125.45937852762168,127.01646423339844,772500,0.0,0.0
2022-05-04 00:00:00-04:00,126.95948541979408,132.46625625558735,126.18093541251845,132.01051330566406,872600,0.0,0.0
2022-05-05 00:00:00-04:00,131.29842973518345,131.7636618917932,128.25072666209797,129.29510498046875,705600,0.0,0.0
2022-05-06 00:00:00-04:00,128.56405409763116,129.8268147706486,127.55764703920983,129.4090576171875,707600,0.0,0.0
2022-05-09 00:00:00-04:00,128.90583604466195,129.76981786855254,127.06391493713731,129.32359313964844,1086000,0.0,0.0
2022-05-10 00:00:00-04:00,129.71288809210674,130.72879897824802,125.98158434173585,127.31079864501953,880400,0.0,0.0
2022-05-11 00:00:00-04:00,126.41831454556832,128.95333980145102,125.88662884709136,126.14298248291016,631200,0.0,0.0
2022-05-12 00:00:00-04:00,125.86761296769804,129.22863341146635,125.51630935281966,129.2096405029297,982000,0.0,0.0
2022-05-13 00:00:00-04:00,129.52298896181264,131.26047107693665,128.83938896611312,129.4945068359375,812900,0.0,0.0
2022-05-16 00:00:00-04:00,129.32360924852645,130.17810196754894,127.39622704978729,128.54505920410156,963900,0.0,0.0
2022-05-17 00:00:00-04:00,129.28562834622016,133.82396391195053,129.28562834622016,133.41571044921875,1228000,0.0,0.0
2022-05-18 00:00:00-04:00,132.4567853338824,133.2353355338176,131.23201026032973,132.16246032714844,1057600,0.0,0.0
2022-05-19 00:00:00-04:00,131.39337778943352,134.6119880392674,130.01668873925522,132.9884490966797,1504900,0.0,0.0
2022-05-20 00:00:00-04:00,133.49164893813423,135.447498575173,131.97253482862183,133.89990234375,1710400,0.0,0.0
2022-05-23 00:00:00-04:00,134.71642565753265,135.40002556830453,131.55477969204924,132.4852294921875,1157400,0.0,0.0
2022-05-24 00:00:00-04:00,133.4536702806196,134.0233417241009,131.77315256096168,133.00743103027344,1449400,0.0,0.0
2022-05-25 00:00:00-04:00,133.3682167516244,135.1151878364216,132.63714181877882,133.89990234375,841100,0.0,0.0
2022-05-26 00:00:00-04:00,134.4221177022674,134.87784620452322,132.10547487749957,134.4885711669922,1181600,0.0,0.0
2022-05-27 00:00:00-04:00,134.82087919549795,138.04897895876098,134.45059707860986,138.03948974609375,892300,0.0,0.0
2022-05-31 00:00:00-04:00,136.34003739238415,136.80525524779588,132.21944325432997,133.89047241210938,2552700,0.0,0.0
2022-06-01 00:00:00-04:00,134.00432419429927,134.507527599079,130.42492163708343,131.61172485351562,738000,0.0,0.0
2022-06-02 00:00:00-04:00,131.87758895317643,131.87758895317643,128.9153322816102,131.64022827148438,713600,0.0,0.0
2022-06-03 00:00:00-04:00,131.1370305498987,131.4028733660922,128.95332377221575,129.31410217285156,526000,0.0,0.0
2022-06-06 00:00:00-04:00,129.97871233869006,130.84270875576738,128.43113044021175,128.97230529785156,511200,0.0,0.0
2022-06-07 00:00:00-04:00,128.30767921077953,130.95661783127784,128.30767921077953,130.80471801757812,543000,0.0,0.0
2022-06-08 00:00:00-04:00,129.59894347944285,130.8806970670357,128.58303271948668,128.6969757080078,589500,0.0,0.0
2022-06-09 00:00:00-04:00,128.65899293741435,131.42187505525175,127.91842868750815,128.07034301757812,1105100,0.0,0.0
2022-06-10 00:00:00-04:00,126.39934489881,126.8835555891258,123.7883767795066,124.61438751220703,949700,0.0,0.0
2022-06-13 00:00:00-04:00,122.43064984113917,123.51301408616649,120.78811780424415,121.32929992675781,865200,0.0,0.0
2022-06-14 00:00:00-04:00,120.90204492090872,122.27873410901258,119.48737715085855,120.64569854736328,858200,0.0,0.0
2022-06-15 00:00:00-04:00,120.83557315199197,123.42755499408393,120.73114111579169,122.26923370361328,931700,0.0,0.0
2022-06-16 00:00:00-04:00,120.58872868183781,121.90844631374102,118.99366453272496,121.50968933105469,907300,0.0,0.0
2022-06-17 00:00:00-04:00,122.01289931445496,125.19353875794447,121.79453150847482,124.03521728515625,1764500,0.0,0.0
2022-06-21 00:00:00-04:00,124.78526545763027,125.44988703524429,123.72189411320467,125.2599868774414,859500,0.0,0.0
2022-06-22 00:00:00-04:00,125.17451951946623,128.39312962684966,124.73778399935217,127.54812622070312,850100,0.0,0.0
2022-06-23 00:00:00-04:00,128.0987904143127,131.26043592590992,128.0987904143127,130.47239685058594,915300,0.0,0.0
2022-06-24 00:00:00-04:00,131.59276962050447,133.37771212114393,130.51040547589196,133.21630859375,995100,0.0,0.0
2022-06-27 00:00:00-04:00,132.90300137221817,133.2543050656535,130.16861591260883,131.55479431152344,705400,0.0,0.0
2022-06-28 00:00:00-04:00,132.05795223788783,132.78902701043003,129.3900211633921,129.56092834472656,516100,0.0,0.0
2022-06-29 00:00:00-04:00,129.3995605070422,131.4028855132726,128.6305141114366,130.65283203125,577600,0.0,0.0
2022-06-30 00:00:00-04:00,129.57993104606854,129.9122417742268,125.54479971410976,126.25688171386719,1245400,0.0,0.0
2022-07-01 00:00:00-04:00,126.72214801646763,130.02620533008573,125.82018013762367,129.7698516845703,798200,0.0,0.0
2022-07-05 00:00:00-04:00,128.4628042060488,128.5295946820366,125.31445140288119,127.44197845458984,746100,0.66,0.0
2022-07-06 00:00:00-04:00,127.31793806903862,130.5617160005822,126.92677417204155,129.6935272216797,769100,0.0,0.0
2022-07-07 00:00:00-04:00,129.64580540402682,130.98146908116024,128.49139893064256,129.5217742919922,707700,0.0,0.0
2022-07-08 00:00:00-04:00,129.47411099247682,131.19138906898084,129.3500798540633,129.5027313232422,766500,0.0,0.0
2022-07-11 00:00:00-04:00,129.24512780908077,130.2850385991648,128.42464439726112,129.72215270996094,724900,0.0,0.0
2022-07-12 00:00:00-04:00,129.69350249342898,131.13411212135512,127.15572711172697,127.92850494384766,723900,0.0,0.0
2022-07-13 00:00:00-04:00,126.79320789079803,128.11933648127075,126.2303220235252,126.97447967529297,591300,0.0,0.0
2022-07-14 00:00:00-04:00,125.10455169183535,127.556452044348,124.56073633225249,127.10804748535156,791200,0.0,0.0
2022-07-15 00:00:00-04:00,129.11154234438192,129.72213354499485,127.30838906775607,129.6171875,620900,0.0,0.0
2022-07-18 00:00:00-04:00,129.60767213758695,129.7889293725423,127.14622188797186,127.50875091552734,834900,0.0,0.0
2022-07-19 00:00:00-04:00,128.41507709810207,131.11502455267052,128.41507709810207,130.3804168701172,714700,0.0,0.0
2022-07-20 00:00:00-04:00,130.52353730368347,130.88608084861787,128.25289435617753,128.64405822753906,1066700,0.0,0.0
2022-07-21 00:00:00-04:00,128.14794203824837,129.02566587386968,124.03597626554777,128.44369506835938,1676400,0.0,0.0
2022-07-22 00:00:00-04:00,129.52178343916694,129.83662159050644,124.47486687666927,125.0091323852539,978800,0.0,0.0
2022-07-25 00:00:00-04:00,125.3430439937514,125.9250148454629,124.33175372367874,125.02820587158203,867400,0.0,0.0
2022-07-26 00:00:00-04:00,124.50349809465605,127.2225458301259,123.13921387715028,127.07942962646484,947500,0.0,0.0
2022-07-27 00:00:00-04:00,126.43066845607136,129.13063081418082,125.60063533011188,128.12887573242188,717500,0.0,0.0
2022-07-28 00:00:00-04:00,128.03346494929247,130.01789004308375,126.54514976835974,128.9684295654297,754500,0.0,0.0
2022-07-29 00:00:00-04:00,128.96842790109216,130.89561231807616,128.6249839939025,130.29457092285156,987600,0.0,0.0
2022-08-01 00:00:00-04:00,129.78891291129077,130.93378418089807,129.14970136842433,130.3899688720703,888200,0.0,0.0
2022-08-02 00:00:00-04:00,130.91470429297584,132.05956105025663,130.05606536442613,130.41859436035156,881200,0.0,0.0
2022-08-03 00:00:00-04:00,130.85747890033394,132.18360758906223,130.63803695671587,131.5920867919922,684300,0.0,0.0
2022-08-04 00:00:00-04:00,132.26945715917006,133.881803570787,131.5539198444982,131.697021484375,711000,0.0,0.0
2022-08-05 00:00:00-04:00,131.3726375814295,133.03268925978256,130.72389078888588,132.97544860839844,580000,0.0,0.0
2022-08-08 00:00:00-04:00,133.79593641208538,134.4446832264453,133.0422289898012,133.58604431152344,519600,0.0,0.0
2022-08-09 00:00:00-04:00,133.95810425861475,134.9789297334267,132.51748008413006,132.81324768066406,588300,0.0,0.0
2022-08-10 00:00:00-04:00,133.7196094235268,134.91217154832785,132.96590200837238,134.50192260742188,735800,0.0,0.0
2022-08-11 00:00:00-04:00,134.41608244864508,136.27647673997183,133.56697866657058,134.1107940673828,707900,0.0,0.0
2022-08-12 00:00:00-04:00,134.1393954606516,134.8930883285012,133.0422295561991,134.09169006347656,648400,0.0,0.0
2022-08-15 00:00:00-04:00,134.1680048087624,135.92345264307008,133.3379717272378,134.6164093017578,590200,0.0,0.0
2022-08-16 00:00:00-04:00,134.0344609906977,135.32241947984522,133.12810203899127,134.07261657714844,607900,0.0,0.0
2022-08-17 00:00:00-04:00,132.88957951399775,133.84362923701707,131.2104572422354,131.50621032714844,715300,0.0,0.0
2022-08-18 00:00:00-04:00,131.80197278029618,131.80197278029618,128.25290639379193,129.71261596679688,782600,0.0,0.0
2022-08-19 00:00:00-04:00,130.04651695707383,130.76205425782007,128.49141123167266,129.25465393066406,1814800,0.0,0.0
2022-08-22 00:00:00-04:00,128.4437165815607,129.15925386108484,125.81053007602016,125.9250259399414,934300,0.0,0.0
2022-08-23 00:00:00-04:00,125.52431723351364,125.52431723351364,123.68299387137981,124.07415771484375,905900,0.0,0.0
2022-08-24 00:00:00-04:00,123.59714163683783,123.59714163683783,121.67949970036663,122.8243637084961,936800,0.0,0.0
2022-08-25 00:00:00-04:00,122.7289559759472,124.60843509780183,121.25971852677567,124.5988998413086,769900,0.0,0.0
2022-08-26 00:00:00-04:00,124.8374214877837,124.90419740345261,121.20248681955553,121.25972747802734,775600,0.0,0.0
2022-08-29 00:00:00-04:00,121.05935712725399,121.83213499934534,120.21025353774544,120.8113021850586,564600,0.0,0.0
2022-08-30 00:00:00-04:00,121.04028720803198,121.58409524205422,120.09577277092376,120.4773941040039,569600,0.0,0.0
2022-08-31 00:00:00-04:00,121.00212340480269,121.21201550030378,119.17034975486467,119.55196380615234,1116400,0.0,0.0
2022-09-01 00:00:00-04:00,119.27529985976514,120.70637452456813,118.5693050631992,120.32476043701172,748800,0.0,0.0
2022-09-02 00:00:00-04:00,120.83993588836123,121.32649598411075,118.80780541276455,119.38023376464844,651300,0.0,0.0
2022-09-06 00:00:00-04:00,119.31344681243841,121.16430546130634,119.19896551296777,119.60920715332031,700200,0.0,0.0
2022-09-07 00:00:00-04:00,120.0766924432351,122.21376895181169,119.89542067611637,121.5936279296875,786300,0.0,0.0
2022-09-08 00:00:00-04:00,121.20248402931382,124.44625471311593,121.03075477902954,124.21727752685547,1062300,0.0,0.0
2022-09-09 00:00:00-04:00,124.3222194602104,124.9996011819001,123.51128591468755,124.0264663696289,882000,0.0,0.0
2022-09-12 00:00:00-04:00,124.36991405980996,125.75328315305579,124.02645560045684,125.60063171386719,742800,0.0,0.0
2022-09-13 00:00:00-04:00,123.92152028710593,123.99784601330991,119.84773109535853,120.13394165039062,873800,0.0,0.0
2022-09-14 00:00:00-04:00,119.99082506382277,120.21025969292779,117.65340625909997,118.29261779785156,896000,0.0,0.0
2022-09-15 00:00:00-04:00,118.97000458035492,120.04808548952948,118.34987804679899,118.56930541992188,1067600,0.0,0.0
2022-09-16 00:00:00-04:00,118.36894280070982,119.76185445174644,118.19721356818084,118.99861907958984,1240400,0.0,0.0
2022-09-19 00:00:00-04:00,118.45482287297112,119.9335956483781,118.28309362331112,119.81910705566406,864400,0.0,0.0
2022-09-20 00:00:00-04:00,118.89366588586448,119.17987640365976,116.99510190736406,118.62652587890625,1260100,0.0,0.0
2022-09-21 00:00:00-04:00,119.22757697063959,120.33427069653541,116.136458374865,116.17461395263672,732000,0.0,0.0
2022-09-22 00:00:00-04:00,115.79302564010585,118.06366152007554,114.86759617913492,117.19547271728516,1036200,0.0,0.0
2022-09-23 00:00:00-04:00,116.78522186693796,117.20499876591535,115.41138803328522,116.72797393798828,1027100,0.0,0.0
2022-09-26 00:00:00-04:00,116.33682773807992,118.12089609517075,116.26050201188836,117.53892517089844,1014500,0.0,0.0
2022-09-27 00:00:00-04:00,118.24492504347353,119.17035443975213,116.32728306143342,116.6898193359375,993700,0.0,0.0
2022-09-28 00:00:00-04:00,117.78697192635067,120.05760753101586,117.08097720537434,119.41839599609375,1002800,0.0,0.0
2022-09-29 00:00:00-04:00,119.0272431340948,119.43748479805379,117.79651814221788,118.8936767578125,1005200,0.0,0.0
2022-09-30 00:00:00-04:00,119.704609745401,120.48693016068195,116.88062367856196,117.05235290527344,1129800,0.0,0.0
2022-10-03 00:00:00-04:00,118.35688980136194,120.89879708820324,118.08831224378287,120.32327270507812,854500,0.66,0.0
2022-10-04 00:00:00-04:00,120.97551762758789,123.42149772154835,120.94673519225222,122.874755859375,918300,0.0,0.0
2022-10-05 00:00:00-04:00,122.05942317992275,123.14333472559339,121.1193945397522,122.54862213134766,540000,0.0,0.0
2022-10-06 00:00:00-04:00,122.22250219934797,122.22250219934797,119.96836079455134,120.91797637939453,797200,0.0,0.0
2022-10-07 00:00:00-04:00,120.03550695769043,120.03550695769043,117.56074405811479,118.2801513671875,692900,0.0,0.0
2022-10-10 00:00:00-04:00,118.68302488417483,119.45998243524981,117.54156294661858,118.96118927001953,676800,0.0,0.0
2022-10-11 00:00:00-04:00,119.14343245424678,120.90838205578969,117.78135647667727,119.28731536865234,961900,0.0,0.0
2022-10-12 00:00:00-04:00,119.84366936778468,121.06186253903283,118.73098253706006,119.31610107421875,837700,0.0,0.0
2022-10-13 00:00:00-04:00,117.79094858196483,121.74288767761806,117.07154134058847,120.58224487304688,932700,0.0,0.0
2022-10-14 00:00:00-04:00,121.41674916357496,122.77882499702048,119.88201531474985,120.9659194946289,782600,0.0,0.0
2022-10-17 00:00:00-04:00,122.02106826638818,123.1145740858673,121.48391316208854,122.71170043945312,1180800,0.0,0.0
2022-10-18 00:00:00-04:00,124.68768259246153,125.5221904041761,123.21049135833242,124.29440307617188,1164800,0.0,0.0
2022-10-19 00:00:00-04:00,124.06417463416855,124.06417463416855,120.0642720850401,121.49349975585938,1460800,0.0,0.0
2022-10-20 00:00:00-04:00,123.22010748840638,129.4837468269622,123.22010748840638,129.16720581054688,2360000,0.0,0.0
2022-10-21 00:00:00-04:00,129.45494192796616,133.5027932206431,127.17201825750438,131.1719207763672,1486400,0.0,0.0
2022-10-24 00:00:00-04:00,132.71624692352708,134.64425303878735,132.2270552742043,133.29177856445312,1121500,0.0,0.0
2022-10-25 00:00:00-04:00,133.4069050463639,138.72092106987813,133.4069050463639,138.17417907714844,1867800,0.0,0.0
2022-10-26 00:00:00-04:00,138.5962097156122,140.15012468871814,136.8408542729217,137.6561737060547,1337600,0.0,0.0
2022-10-27 00:00:00-04:00,137.30127105737046,138.8455992056658,135.40204001616274,136.8312530517578,1243900,0.0,0.0
2022-10-28 00:00:00-04:00,137.10941821902387,139.87194646308373,136.45714810078687,138.69210815429688,1082800,0.0,0.0
2022-10-31 00:00:00-04:00,138.12619555511935,140.85994903003242,137.72332924111564,137.79046630859375,1088700,0.0,0.0
2022-11-01 00:00:00-04:00,138.18376580537654,138.8839848832795,135.56512706695437,136.9559783935547,1152500,0.0,0.0
2022-11-02 00:00:00-04:00,136.68737876089028,138.39477081239676,134.57712040203285,134.74977111816406,1570700,0.0,0.0
2022-11-03 00:00:00-04:00,133.44526150902578,137.99192118980486,132.4093131778465,137.14781188964844,1076500,0.0,0.0
2022-11-04 00:00:00-04:00,138.02070951666664,139.03746965110008,135.90084923465673,137.76171875,1066100,0.0,0.0
2022-11-07 00:00:00-05:00,137.9343620471692,140.4666751479207,136.93677573198832,140.1789093017578,1051600,0.0,0.0
2022-11-08 00:00:00-05:00,140.5050417697352,141.94385641202,139.53624517969334,139.88156127929688,879700,0.0,0.0
2022-11-09 00:00:00-05:00,140.1597098210754,140.55298929155953,139.16213822190215,139.48826599121094,1125900,0.0,0.0
2022-11-10 00:00:00-05:00,142.02059431207326,146.32745139108462,141.87671870304212,146.2602996826172,1668100,0.0,0.0
2022-11-11 00:00:00-05:00,145.53130286292546,146.48092577422528,142.55774681561581,144.86944580078125,1589300,0.0,0.0
2022-11-14 00:00:00-05:00,145.35864390299605,146.87419711469977,144.2459716796875,144.2459716796875,1026400,0.0,0.0
2022-11-15 00:00:00-05:00,144.26513475445512,144.99414350247446,141.5122075661026,141.90548706054688,1144600,0.0,0.0
2022-11-16 00:00:00-05:00,142.32753263414952,144.57207970373582,141.80955122647407,143.1812286376953,1153900,0.0,0.0
2022-11-17 00:00:00-05:00,138.22212545246632,140.87912581841124,135.99675189357524,140.00625610351562,1565600,0.0,0.0
2022-11-18 00:00:00-05:00,141.26279798124716,142.63446064583042,138.32761902828796,140.4474639892578,1225800,0.0,0.0
2022-11-21 00:00:00-05:00,139.7376870954975,142.6920552569467,139.31564704647428,140.5242462158203,1054600,0.0,0.0
2022-11-22 00:00:00-05:00,140.93666331011056,141.83832270029026,139.62255080624885,140.71604919433594,829300,0.0,0.0
2022-11-23 00:00:00-05:00,141.2819782241203,143.05652187233426,141.2819782241203,142.40426635742188,795800,0.0,0.0
2022-11-25 00:00:00-05:00,142.8071314001777,143.59367566935,141.5697428070821,142.9797821044922,459100,0.0,0.0
2022-11-28 00:00:00-05:00,142.78793942992658,143.7663373049585,142.07811906782473,142.9893798828125,1104600,0.0,0.0
2022-11-29 00:00:00-05:00,142.60569596436002,143.47858025280775,142.38508184450737,142.93182373046875,648100,0.0,0.0
2022-11-30 00:00:00-05:00,142.44265517398367,145.63682556152344,140.22688287976473,145.63682556152344,2063500,0.0,0.0
2022-12-01 00:00:00-05:00,146.27949610101496,147.9293381459827,145.9149916893839,146.385009765625,858600,0.0,0.0
2022-12-02 00:00:00-05:00,144.91741350238735,145.8574349768189,142.7879666465672,144.3227081298828,1423200,0.0,0.0
2022-12-05 00:00:00-05:00,143.32509429398348,143.43060793368522,141.25319807968197,142.84548950195312,1248100,0.0,0.0
2022-12-06 00:00:00-05:00,142.4522202545139,143.64164549296734,141.82873983480505,142.89346313476562,1154300,0.0,0.0
2022-12-07 00:00:00-05:00,143.35391324605706,143.8814816058882,142.48102874491653,142.92227172851562,1079600,0.0,0.0
2022-12-08 00:00:00-05:00,142.69202339350002,144.50492906088374,141.61771326064382,144.36105346679688,660800,0.0,0.0
2022-12-09 00:00:00-05:00,144.66802578172695,145.26273116060293,142.4810140218386,142.77838134765625,733300,0.0,0.0
2022-12-12 00:00:00-05:00,143.02778540048186,143.02778540048186,141.1093656457367,142.92227172851562,721700,0.0,0.0
2022-12-13 00:00:00-05:00,145.03249842589113,145.34903937171777,142.279571370884,143.6416473388672,866400,0.0,0.0
2022-12-14 00:00:00-05:00,143.7279666704789,146.23150437671734,143.38265062008819,144.9461669921875,1171300,0.0,0.0
2022-12-15 00:00:00-05:00,143.35388439287732,143.8334892350324,142.3658995889481,143.13327026367188,1306600,0.0,0.0
2022-12-16 00:00:00-05:00,142.0781409666276,143.9677853115254,141.7040497562172,143.1524658203125,2354200,0.0,0.0
2022-12-19 00:00:00-05:00,142.6920318755021,145.4161985886273,142.18365189767187,145.27230834960938,1222700,0.0,0.0
2022-12-20 00:00:00-05:00,145.31067662128788,147.04684376357508,143.8910357866984,144.0732879638672,1278000,0.0,0.0
2022-12-21 00:00:00-05:00,145.1572072737784,149.0420095293137,145.1572072737784,148.96527099609375,1086600,0.0,0.0
2022-12-22 00:00:00-05:00,148.4376901588412,149.4832251422214,147.23867812201698,149.28179931640625,1071500,0.0,0.0
2022-12-23 00:00:00-05:00,149.17628236321116,150.23140415038907,147.93889377228055,149.93405151367188,947500,0.0,0.0
2022-12-27 00:00:00-05:00,149.97244394866968,151.75657459395893,149.97244394866968,150.864501953125,740400,0.0,0.0
2022-12-28 00:00:00-05:00,151.1331040722231,151.87169976687343,149.78061464908416,150.1259307861328,630200,0.0,0.0
2022-12-29 00:00:00-05:00,150.8069685645536,151.88127887570192,149.89572216589175,150.39450073242188,761100,0.0,0.0
2022-12-30 00:00:00-05:00,150.15468904942333,150.50000514769434,149.02282856065563,150.05877685546875,719000,0.0,0.0
2023-01-03 00:00:00-05:00,149.64626230405435,150.01076658180872,147.78540824970904,149.4160614013672,841300,0.0,0.0
2023-01-04 00:00:00-05:00,150.30817837177412,150.94126037625642,147.3921869103833,148.274658203125,796000,0.0,0.0
2023-01-05 00:00:00-05:00,147.42094893783667,148.27464503056783,146.17397333455835,148.19790649414062,1059700,0.0,0.0
2023-01-06 00:00:00-05:00,149.05160990405057,150.07797141322342,147.77585911653082,149.29141235351562,768100,0.0,0.0
2023-01-09 00:00:00-05:00,149.76142322227773,150.5383807793637,146.0684598235401,146.6919403076172,1223200,0.0,0.0
2023-01-10 00:00:00-05:00,146.69194706992818,146.84542415001215,145.01332992700702,146.31785583496094,1004900,0.0,0.0
2023-01-11 00:00:00-05:00,146.66315631890566,147.5456421171631,144.85025058318465,146.60560607910156,1649800,0.0,0.0
2023-01-12 00:00:00-05:00,147.54561572672023,147.54561572672023,142.0301609742027,142.07810974121094,1797500,0.0,0.0
2023-01-13 00:00:00-05:00,141.50262073808398,142.9222470129121,140.9462773490508,141.90548706054688,1312200,0.0,0.0
2023-01-17 00:00:00-05:00,142.0789066985175,142.76298919621144,140.99976766105274,142.16561889648438,1304100,0.66,0.0
2023-01-18 00:00:00-05:00,142.1078223426745,142.23306840484221,139.78576417259663,139.80503845214844,937100,0.0,0.0
2023-01-19 00:00:00-05:00,139.80504300333044,140.6240161363478,139.00532944852424,139.99774169921875,974700,0.0,0.0
2023-01-20 00:00:00-05:00,140.4409605929891,141.9536756386868,139.1980413895687,140.1230010986328,948400,0.0,0.0
2023-01-23 00:00:00-05:00,140.00737891097907,142.20417650490145,139.26547345540956,141.6453399658203,1009300,0.0,0.0
2023-01-24 00:00:00-05:00,140.52768711735416,141.25994811014252,138.34051922701454,138.64883422851562,841200,0.0,0.0
2023-01-25 00:00:00-05:00,138.38870454653548,139.78578866852925,138.03219647120713,139.6219940185547,526600,0.0,0.0
2023-01-26 00:00:00-05:00,139.679779933581,141.71278275093584,139.67015014463408,141.60679626464844,758700,0.0,0.0
2023-01-27 00:00:00-05:00,141.3851990394029,141.95366535085518,139.91103266456923,140.31570434570312,1025200,0.0,0.0
2023-01-30 00:00:00-05:00,140.63366188590908,142.300526938113,140.29642813861065,140.44094848632812,719600,0.0,0.0
2023-01-31 00:00:00-05:00,140.95162103908874,143.19659711526398,140.41205874990786,143.06170654296875,1136000,0.0,0.0
2023-02-01 00:00:00-05:00,142.7533710346221,143.504906215476,140.48912100130093,143.21585083007812,1519900,0.0,0.0
2023-02-02 00:00:00-05:00,141.79950586683648,145.07544270286905,138.09000796531873,140.1615447998047,3043000,0.0,0.0
2023-02-03 00:00:00-05:00,139.74722144259133,139.77614021410912,134.76588586332065,137.59860229492188,1316000,0.0,0.0
2023-02-06 00:00:00-05:00,137.8298367120535,140.6721826680348,137.13610970356063,140.08444213867188,2301500,0.0,0.0
2023-02-07 00:00:00-05:00,139.25584740001818,141.17323412680025,139.13058662180535,140.59512329101562,928400,0.0,0.0
2023-02-08 00:00:00-05:00,140.57583302403498,141.60679380015802,140.31569640928507,140.9419708251953,895700,0.0,0.0
2023-02-09 00:00:00-05:00,141.5200695518684,141.67421966905724,140.026629107981,140.6914520263672,1111800,0.0,0.0
2023-02-10 00:00:00-05:00,140.74928053882903,141.88621316530433,139.41963450952127,139.5159912109375,922300,0.0,0.0
2023-02-13 00:00:00-05:00,139.64124554177965,140.98053614164434,139.48709539314984,140.93235778808594,721200,0.0,0.0
2023-02-14 00:00:00-05:00,140.69146875349657,140.69146875349657,138.10925918252457,139.3136444091797,851900,0.0,0.0
2023-02-15 00:00:00-05:00,138.8318872980209,141.5008090187733,138.4753939833168,141.26956176757812,920800,0.0,0.0
2023-02-16 00:00:00-05:00,139.67014459284405,141.90547580300614,138.30195011443922,141.30810546875,783200,0.0,0.0
2023-02-17 00:00:00-05:00,141.54899434416805,143.48564054924407,141.44300785322548,142.81118774414062,940200,0.0,0.0
2023-02-21 00:00:00-05:00,141.76098797193072,142.52215309812357,138.31162632122013,138.3405303955078,791100,0.0,0.0
2023-02-22 00:00:00-05:00,138.35977871182212,139.57379370997094,137.05903680511645,138.533203125,1260000,0.0,0.0
2023-02-23 00:00:00-05:00,138.80302065970344,139.44856953699156,136.75074302007596,137.2421417236328,729300,0.0,0.0
2023-02-24 00:00:00-05:00,136.25935597363903,136.46169920622415,134.65029871212076,134.8815460205078,714500,0.0,0.0
2023-02-27 00:00:00-05:00,135.73904128148476,135.76794535161707,133.40735317834458,133.6000518798828,1166200,0.0,0.0
2023-02-28 00:00:00-05:00,133.17609882579,133.55186641947483,131.47068526892758,133.3109893798828,1881500,0.0,0.0
2023-03-01 00:00:00-05:00,132.41492785718427,134.0239995252274,131.33580335346218,133.92764282226562,1545400,0.0,0.0
2023-03-02 00:00:00-05:00,133.48442255526922,134.94895916869274,132.87742237298323,134.6117401123047,3140900,0.0,0.0
2023-03-03 00:00:00-05:00,135.49814691784078,135.9220928282427,134.57317268587593,135.6619415283203,1277900,0.0,0.0
2023-03-06 00:00:00-05:00,135.47887227387528,135.82573577218,134.6213506672284,135.20909118652344,1226100,0.0,0.0
2023-03-07 00:00:00-05:00,135.42109675358222,135.79686440874173,132.19333801420873,132.69436645507812,928300,0.0,0.0
2023-03-08 00:00:00-05:00,132.84852182102355,133.0315907402962,131.0660256830171,131.740478515625,786100,0.0,0.0
2023-03-09 00:00:00-05:00,132.32821300538544,132.32821300538544,129.4280586085141,129.96762084960938,1011900,0.0,0.0
2023-03-10 00:00:00-05:00,130.0447018943919,130.53608577976956,128.34893276860677,129.40878295898438,1173900,0.0,0.0
2023-03-13 00:00:00-04:00,129.0137501483033,130.27595831870514,127.79973503327024,128.20440673828125,1119900,0.0,0.0
2023-03-14 00:00:00-04:00,129.3895004933133,130.0832275240598,127.89607465125789,129.01373291015625,1028500,0.0,0.0
2023-03-15 00:00:00-04:00,127.65521164183495,128.45492524296287,126.01723587698774,128.0020751953125,1227400,0.0,0.0
2023-03-16 00:00:00-04:00,127.5781328100433,129.34135469802612,127.5781328100433,129.110107421875,1026500,0.0,0.0
2023-03-17 00:00:00-04:00,129.33170922169302,129.33170922169302,125.58366269000892,126.73023986816406,2257000,0.0,0.0
2023-03-20 00:00:00-04:00,127.14454565941884,128.4259985986454,127.07709303000269,128.05987548828125,1236100,0.0,0.0
2023-03-21 00:00:00-04:00,128.92703574289953,131.0660252201659,127.62630843502826,130.95040893554688,1673300,0.0,0.0
2023-03-22 00:00:00-04:00,131.3261840878385,132.22223974892026,129.360618924869,129.41844177246094,1503100,0.0,0.0
2023-03-23 00:00:00-04:00,128.93668622870393,130.47829066917816,128.32967130229656,130.4493865966797,2430800,0.0,0.0
2023-03-24 00:00:00-04:00,130.64207641795286,136.12444055871217,130.03507623484876,134.94895935058594,1674500,0.0,0.0
2023-03-27 00:00:00-04:00,136.43274432960996,137.92617002987106,133.59038385035336,134.3419189453125,1220600,0.0,0.0
2023-03-28 00:00:00-04:00,134.01435141962915,134.6117364983381,133.01230936490597,133.7252960205078,640700,0.0,0.0
2023-03-29 00:00:00-04:00,134.06252413555683,134.49609986503273,132.73287817666082,133.42660522460938,746100,0.0,0.0
2023-03-30 00:00:00-04:00,134.14923837091325,134.3515815554465,132.77142874498008,134.20704650878906,536200,0.0,0.0
2023-03-31 00:00:00-04:00,134.7562600621337,136.58691979696687,134.6502735699927,136.317138671875,919100,0.0,0.0
2023-04-03 00:00:00-04:00,136.81818105007466,137.7816893673287,136.2882485351909,137.46372985839844,914100,0.0,0.0
2023-04-04 00:00:00-04:00,137.9454757283469,137.9840242918241,135.96065106638022,136.04736328125,970100,0.0,0.0
2023-04-05 00:00:00-04:00,136.1340621732201,138.47539465935222,136.03772017789424,138.08035278320312,1159100,0.0,0.0
2023-04-06 00:00:00-04:00,138.5354513248817,139.22293983841172,137.654289924282,138.35147094726562,886200,0.71,0.0
2023-04-10 00:00:00-04:00,137.8963900642018,139.34884831697366,137.2960306059409,138.8356475830078,947900,0.0,0.0
2023-04-11 00:00:00-04:00,139.17455426058862,139.72649552289684,138.51611357064579,139.31980895996094,902500,0.0,0.0
2023-04-12 00:00:00-04:00,139.71677587048936,140.1041068850709,137.7704873884072,137.9544677734375,711500,0.0,0.0
2023-04-13 00:00:00-04:00,138.04161813714632,138.60323705305845,137.62525389915191,138.14813232421875,688600,0.0,0.0
2023-04-14 00:00:00-04:00,137.63493988213364,138.12877035624362,136.65695666962088,137.82859802246094,703900,0.0,0.0
2023-04-17 00:00:00-04:00,137.9254321896978,138.88404513970755,137.6058896146383,138.55482482910156,562600,0.0,0.0
2023-04-18 00:00:00-04:00,138.8743467411434,138.8743467411434,136.59883811211225,137.59619140625,496800,0.0,0.0
2023-04-19 00:00:00-04:00,137.4025464372505,139.07772561350407,136.11471310661653,139.00025939941406,1135900,0.0,0.0
2023-04-20 00:00:00-04:00,138.69038155760273,139.5328173224742,137.72207613489346,139.29074096679688,937300,0.0,0.0
2023-04-21 00:00:00-04:00,140.1525407627976,141.90517132092864,139.86204616320717,140.57858276367188,1178500,0.0,0.0
2023-04-24 00:00:00-04:00,140.98526424380708,142.1084872156907,140.89810553356725,141.9051513671875,958900,0.0,0.0
2023-04-25 00:00:00-04:00,141.95358694475718,143.90955334408497,141.2564058286033,141.85675048828125,1634500,0.0,0.0
2023-04-26 00:00:00-04:00,141.15955752057798,143.28014867290685,140.92715890964894,142.1859588623047,1769800,0.0,0.0
2023-04-27 00:00:00-04:00,142.1956558077919,142.1956558077919,132.26083281439693,136.54074096679688,2750300,0.0,0.0
2023-04-28 00:00:00-04:00,135.47561858594568,136.28899161508585,133.3743975397493,134.4104766845703,1355000,0.0,0.0
2023-05-01 00:00:00-04:00,134.86557649193134,135.6305460408848,133.71329068855928,135.05923461914062,903000,0.0,0.0
2023-05-02 00:00:00-04:00,131.2247734239592,134.36207397736612,130.71157265997178,133.73268127441406,1189800,0.0,0.0
2023-05-03 00:00:00-04:00,133.69394380581832,134.26524048908976,132.19306736699883,132.24148559570312,852500,0.0,0.0
2023-05-04 00:00:00-04:00,131.42809040749367,131.51524912434715,130.03372823985566,131.1182403564453,594600,0.0,0.0
2023-05-05 00:00:00-04:00,131.7282753542896,132.7353213608866,131.3022333401427,132.18338012695312,1059300,0.0,0.0
2023-05-08 00:00:00-04:00,131.85415534505836,131.85415534505836,129.8207227036021,130.4597930908203,890600,0.0,0.0
2023-05-09 00:00:00-04:00,130.15960070610805,130.19834119340754,128.62967651144675,129.41400146484375,892700,0.0,0.0
2023-05-10 00:00:00-04:00,129.8110393033116,130.33393257293395,128.0874566111803,128.23269653320312,724600,0.0,0.0
2023-05-11 00:00:00-04:00,127.39992925337123,127.64200556666698,126.51876792693491,126.73179626464844,1024600,0.0,0.0
2023-05-12 00:00:00-04:00,126.848017355312,126.89643558414554,125.4439773701534,126.5865707397461,1016700,0.0,0.0
2023-05-15 00:00:00-04:00,126.46070569845007,128.45541268789972,125.97655294275182,128.20364379882812,745200,0.0,0.0
2023-05-16 00:00:00-04:00,127.69044442217044,127.80665113189316,126.07337597390563,126.42196655273438,689300,0.0,0.0
2023-05-17 00:00:00-04:00,126.51878985970842,128.29079055323996,126.25734325897933,127.96155548095703,831900,0.0,0.0
2023-05-18 00:00:00-04:00,127.99061319308747,128.61034289383727,125.50207575487967,126.77055358886719,1098600,0.0,0.0
2023-05-19 00:00:00-04:00,127.17722457650218,127.77758395691876,126.4606880541513,127.32247924804688,708400,0.0,0.0
2023-05-22 00:00:00-04:00,127.64203717654368,128.28110757278102,126.55752497729235,127.4483642578125,544300,0.0,0.0
2023-05-23 00:00:00-04:00,127.051364476885,127.40963276499636,126.35418337152281,126.9351577758789,592700,0.0,0.0
2023-05-24 00:00:00-04:00,126.78991440410654,128.19395431189645,125.85065696213526,127.85504150390625,776200,0.0,0.0
2023-05-25 00:00:00-04:00,126.9932526411331,129.2590986015597,126.67372484784181,128.4844512939453,1417000,0.0,0.0
2023-05-26 00:00:00-04:00,128.7943060432671,130.21771627499587,128.66843637850246,129.5302276611328,1058400,0.0,0.0
2023-05-30 00:00:00-04:00,128.33920862641617,131.06015958070242,128.33920862641617,129.63674926757812,1325900,0.0,0.0
2023-05-31 00:00:00-04:00,129.27845248834393,129.99500382476262,128.18427740084397,128.44570922851562,1714700,0.0,0.0
2023-06-01 00:00:00-04:00,129.23004916762963,129.8884897678406,126.04431602935908,129.8013458251953,1438800,0.0,0.0
2023-06-02 00:00:00-04:00,130.14994337535285,131.8928961979022,129.0944939460646,131.26348876953125,956400,0.0,0.0
2023-06-05 00:00:00-04:00,130.33391843771273,131.06014751940467,129.51085290172782,129.96595764160156,935000,0.0,0.0
2023-06-06 00:00:00-04:00,130.11118909146614,130.8471106358582,128.25204453618767,128.9298553466797,742600,0.0,0.0
2023-06-07 00:00:00-04:00,128.93956280794504,131.0601541985835,128.097126983135,130.62440490722656,910500,0.0,0.0
2023-06-08 00:00:00-04:00,130.86648735990283,131.5830387760397,128.8427323344731,131.37001037597656,696200,0.0,0.0
2023-06-09 00:00:00-04:00,131.30221554824604,131.30221554824604,129.9853196393343,130.28549194335938,665100,0.0,0.0
2023-06-12 00:00:00-04:00,130.459807080691,131.66051132285787,129.77231839075037,131.43780517578125,735200,0.0,0.0
2023-06-13 00:00:00-04:00,131.2925325257418,132.46418862226446,130.8567980279228,132.37704467773438,732500,0.0,0.0
2023-06-14 00:00:00-04:00,132.49324433345075,132.88056062629292,131.37000639897113,131.93162536621094,785500,0.0,0.0
2023-06-15 00:00:00-04:00,132.43513722383014,133.16136629318078,131.9994027372534,132.85150146484375,835000,0.0,0.0
2023-06-16 00:00:00-04:00,133.4712316561822,134.88496424108783,133.00644913553197,134.2071533203125,2673500,0.0,0.0
2023-06-20 00:00:00-04:00,133.45187285496726,134.20714997287428,132.52229306168275,133.66488647460938,782000,0.0,0.0
2023-06-21 00:00:00-04:00,133.55836988055128,134.99147265178053,132.80309277619745,134.26524353027344,592400,0.0,0.0
2023-06-22 00:00:00-04:00,134.50731998787862,135.08829442034457,133.81013884878408,134.39111328125,663500,0.0,0.0
2023-06-23 00:00:00-04:00,134.5944681203047,139.81363431468236,134.09094510971357,137.00555419921875,2051500,0.0,0.0
2023-06-26 00:00:00-04:00,137.2766521634353,138.22558725941292,135.0979651488386,136.90869140625,821000,0.0,0.0
2023-06-27 00:00:00-04:00,136.1631109934225,138.477360484725,135.45625213461804,138.0416259765625,579400,0.0,0.0
2023-06-28 00:00:00-04:00,137.5381127133771,137.6930451461703,136.38584152929886,137.4219207763672,624600,0.0,0.0
2023-06-29 00:00:00-04:00,136.4245496222909,137.08300498899706,135.84356046197186,136.6666259765625,763400,0.0,0.0
2023-06-30 00:00:00-04:00,137.48001835815955,137.48001835815955,135.2141869088575,136.1050262451172,1113800,0.0,0.0
2023-07-03 00:00:00-04:00,135.5046699132143,135.60149159516823,134.11030767159093,134.7397003173828,477900,0.0,0.0
2023-07-05 00:00:00-04:00,134.19744749085612,134.8074846465978,132.67721563192825,133.81980895996094,871200,0.0,0.0
2023-07-06 00:00:00-04:00,133.23883410684766,135.7854673602966,132.94833952057098,135.049560546875,879100,0.0,0.0
2023-07-07 00:00:00-04:00,134.8655762369108,135.85325189152894,134.41047151248716,134.59445190429688,834100,0.0,0.0
2023-07-10 00:00:00-04:00,134.59444364307848,136.36581456738466,134.33166959687748,136.02516174316406,853100,0.71,0.0
2023-07-11 00:00:00-04:00,136.40475744719475,137.10551803334386,135.75266367833913,136.541015625,643400,0.0,0.0
2023-07-12 00:00:00-04:00,136.6383322248923,138.10797487735908,135.927844304272,137.18336486816406,684900,0.0,0.0
2023-07-13 00:00:00-04:00,137.3001724215647,137.9522661292435,136.5507450884304,137.01791381835938,432800,0.0,0.0
2023-07-14 00:00:00-04:00,137.65053098936164,137.65053098936164,136.1224941326328,136.68699645996094,625000,0.0,0.0
2023-07-17 00:00:00-04:00,136.25876445146122,136.87193364382134,135.48988224365115,136.17117309570312,663500,0.0,0.0
2023-07-18 00:00:00-04:00,136.03491631208257,137.3488312149287,135.79159708736734,136.60914611816406,578400,0.0,0.0
2023-07-19 00:00:00-04:00,137.193127825719,139.34406160657312,137.193127825719,139.27593994140625,784200,0.0,0.0
2023-07-20 00:00:00-04:00,139.97669535510528,140.63851653974032,139.12020690343417,139.7625732421875,849500,0.0,0.0
2023-07-21 00:00:00-04:00,139.79176276422353,141.48525502758642,138.75034937608635,140.51197814941406,770600,0.0,0.0
2023-07-24 00:00:00-04:00,140.51197894104632,141.68965050472147,139.2467308731152,140.1713409423828,895000,0.0,0.0
2023-07-25 00:00:00-04:00,139.5289773949325,141.29060621303168,138.43891201600417,141.0472869873047,1174300,0.0,0.0
2023-07-26 00:00:00-04:00,134.56526718999476,137.46564322454276,132.13207478914916,132.59925842285156,2181400,0.0,0.0
2023-07-27 00:00:00-04:00,132.36565900286152,134.2343488772493,130.38018065227047,130.7694854736328,1067000,0.0,0.0
2023-07-28 00:00:00-04:00,131.65516612166428,131.79142428917325,129.1538374418603,130.89601135253906,687000,0.0,0.0
2023-07-31 00:00:00-04:00,131.4021039867252,131.6356957803204,129.5528838865989,131.59677124023438,960800,0.0,0.0
2023-08-01 00:00:00-04:00,131.76222175451824,132.82308993301385,130.62348964764323,131.00306701660156,1124900,0.0,0.0
2023-08-02 00:00:00-04:00,130.90573632435502,131.35345020980432,129.34848742395224,131.15878295898438,914300,0.0,0.0
2023-08-03 00:00:00-04:00,131.42157303690004,133.2123988925898,130.90573748989186,133.03721618652344,715400,0.0,0.0
2023-08-04 00:00:00-04:00,132.6771177650113,134.0591692186851,131.92769037322807,132.02500915527344,732200,0.0,0.0
2023-08-07 00:00:00-04:00,132.48243958481348,133.202669797547,131.9763463174045,132.9593505859375,583500,0.0,0.0
2023-08-08 00:00:00-04:00,132.99826354075617,132.99826354075617,130.85705763530387,131.3144989013672,486100,0.0,0.0
2023-08-09 00:00:00-04:00,131.1295824033801,132.32672359022428,131.1295824033801,131.72328186035156,409800,0.0,0.0
2023-08-10 00:00:00-04:00,131.3144977860073,132.85227683849527,130.37041814713166,130.53587341308594,656300,0.0,0.0
2023-08-11 00:00:00-04:00,130.60402033047367,131.47996353797956,129.99085117460405,131.402099609375,665200,0.0,0.0
2023-08-14 00:00:00-04:00,131.4799744495957,131.9860826020146,130.96413887442864,131.54811096191406,443700,0.0,0.0
2023-08-15 00:00:00-04:00,131.3826453774423,131.7135559372835,129.69886575919983,129.96165466308594,597000,0.0,0.0
2023-08-16 00:00:00-04:00,129.85460819707396,130.2633827317792,128.81320958864038,128.82293701171875,571600,0.0,0.0
2023-08-17 00:00:00-04:00,128.2681597420332,129.18304243005656,127.44088326426647,128.70614624023438,701000,0.0,0.0
2023-08-18 00:00:00-04:00,128.71586848912614,130.27311745095537,128.6185348598768,129.93246459960938,817800,0.0,0.0
2023-08-21 00:00:00-04:00,129.65020080183538,130.81812991721614,129.29982058211874,129.3387451171875,824700,0.0,0.0
2023-08-22 00:00:00-04:00,129.2803788832901,130.1173976532478,128.66720965325487,128.8424072265625,1110100,0.0,0.0
2023-08-23 00:00:00-04:00,129.17329297737345,129.95191735679657,128.90077667222909,129.85458374023438,607300,0.0,0.0
2023-08-24 00:00:00-04:00,129.41663864557995,130.54564348417946,129.3776992505784,129.6599578857422,546000,0.0,0.0
2023-08-25 00:00:00-04:00,130.14657171096897,130.33149667462436,128.78399016460034,128.85211181640625,420200,0.0,0.0
2023-08-28 00:00:00-04:00,129.30956184510504,129.7378060318252,128.32655758087998,128.90078735351562,527900,0.0,0.0
2023-08-29 00:00:00-04:00,128.98836239084648,129.57233436270076,128.47252691781898,128.86183166503906,598600,0.0,0.0
2023-08-30 00:00:00-04:00,129.27065174552123,131.53837397218737,129.09545417182687,131.0809326171875,791100,0.0,0.0
2023-08-31 00:00:00-04:00,131.46051406549793,131.53836314625747,127.9372416945562,127.98590850830078,1204800,0.0,0.0
2023-09-01 00:00:00-04:00,128.49202755174554,128.6185434569942,126.60386788590296,127.03211212158203,695400,0.0,0.0
2023-09-05 00:00:00-04:00,126.60386248846825,126.60386248846825,123.62563008855464,123.83975219726562,870100,0.0,0.0
2023-09-06 00:00:00-04:00,123.33364949687568,124.21932761131106,122.1754476140237,123.74242401123047,725100,0.0,0.0
2023-09-07 00:00:00-04:00,124.16093279755334,124.86168592226126,123.2655198391654,123.71322631835938,897700,0.0,0.0
2023-09-08 00:00:00-04:00,123.50884475966394,124.42372003086692,123.24605582845166,123.6256332397461,822000,0.0,0.0
2023-09-11 00:00:00-04:00,123.49909607082793,124.54050197942968,123.12925354949252,123.32390594482422,521700,0.0,0.0
2023-09-12 00:00:00-04:00,123.36284853448528,124.23879923995119,123.07086249082546,123.83002471923828,578700,0.0,0.0
2023-09-13 00:00:00-04:00,124.1025364283879,125.32886737020942,123.2168509077631,124.70597076416016,600800,0.0,0.0
2023-09-14 00:00:00-04:00,125.31912438622903,125.83495993904685,123.07085719356519,123.94680786132812,736700,0.0,0.0
2023-09-15 00:00:00-04:00,123.86895170278468,124.34586274519685,122.5939612997339,122.84701538085938,1071700,0.0,0.0
2023-09-18 00:00:00-04:00,123.0708561818566,123.42123644608145,122.19491294680762,122.42849731445312,823100,0.0,0.0
2023-09-19 00:00:00-04:00,122.67181968173118,123.72296050141327,121.96132428726641,122.2143783569336,793600,0.0,0.0
2023-09-20 00:00:00-04:00,122.74967994693314,122.81780902994086,121.36762116582732,121.66934204101562,1113600,0.0,0.0
2023-09-21 00:00:00-04:00,121.22164345313773,121.75694130425761,120.06344154124724,120.21916198730469,1006200,0.0,0.0
2023-09-22 00:00:00-04:00,119.9271751258536,120.7836560841024,119.81037923020067,120.18022918701172,770600,0.0,0.0
2023-09-25 00:00:00-04:00,119.71305436633983,121.00751437860309,119.67412240068757,120.97831726074219,658200,0.0,0.0
2023-09-26 00:00:00-04:00,120.75446593014043,122.4187685552265,120.75446593014043,121.25083923339844,690600,0.0,0.0
2023-09-27 00:00:00-04:00,121.2703082318337,121.3189750502403,119.42108051509223,120.10237884521484,750700,0.0,0.0
2023-09-28 00:00:00-04:00,120.579266058775,122.08784811778366,119.7422473896559,120.05369567871094,612400,0.0,0.0
2023-09-29 00:00:00-04:00,120.14129480535809,120.75445653779876,118.47699230972229,118.603515625,803600,0.0,0.0
2023-10-02 00:00:00-04:00,118.01955471937727,118.05848668503567,116.39417671157038,117.67890930175781,631200,0.0,0.0
2023-10-03 00:00:00-04:00,117.1922807478496,118.45753632359092,116.95868893420895,117.79570770263672,706200,0.0,0.0
2023-10-04 00:00:00-04:00,118.04875506099432,119.6059966022903,117.36745678163689,119.30428314208984,976700,0.0,0.0
2023-10-05 00:00:00-04:00,119.58818300202243,120.57691420940367,118.82459797951911,120.40070343017578,1180100,0.71,0.0
2023-10-06 00:00:00-04:00,120.15595975550762,122.47606697071893,119.91122299111386,121.65374755859375,827800,0.0,0.0
2023-10-09 00:00:00-04:00,121.3894374661634,122.34880888723696,120.88038827272692,122.20196533203125,555900,0.0,0.0
2023-10-10 00:00:00-04:00,122.14322319753428,122.66207142078231,121.03701569212195,121.16427612304688,813900,0.0,0.0
2023-10-11 00:00:00-04:00,120.26364806957078,120.54754362087745,119.5490208790174,120.14617919921875,519500,0.0,0.0
2023-10-12 00:00:00-04:00,119.85249645416745,119.85249645416745,117.57154786723127,118.08060455322266,813800,0.0,0.0
2023-10-13 00:00:00-04:00,118.21766215533123,120.58671251051555,118.21766215533123,119.92102813720703,917700,0.0,0.0
2023-10-16 00:00:00-04:00,119.9210237130607,120.91954650179873,119.34344848998478,120.22449493408203,691300,0.0,0.0
2023-10-17 00:00:00-04:00,119.81332788224368,121.40900887207005,119.51964078211144,120.69438171386719,632000,0.0,0.0
2023-10-18 00:00:00-04:00,121.01744581081192,121.27196668480532,120.07765747071814,120.20491790771484,904500,0.0,0.0
2023-10-19 00:00:00-04:00,120.26364761584286,121.31112069558007,119.26512487775001,120.24407196044922,845800,0.0,0.0
2023-10-20 00:00:00-04:00,121.06638779410174,122.67186046353633,120.26365145938445,121.12512969970703,1287400,0.0,0.0
2023-10-23 00:00:00-04:00,119.96996757442841,121.92786173333366,118.78543503577006,118.89311981201172,1940300,0.0,0.0
2023-10-24 00:00:00-04:00,120.07764961370705,121.42859386380077,118.32533348517507,120.97827911376953,1518300,0.0,0.0
2023-10-25 00:00:00-04:00,119.27491594241965,123.14176162635437,119.03997072009639,122.82849884033203,1633200,0.0,0.0
2023-10-26 00:00:00-04:00,122.67185017888296,128.741318789228,122.42711342090496,128.49658203125,2461600,0.0,0.0
2023-10-27 00:00:00-04:00,128.0071176446171,128.6434422232696,124.91364868691456,124.9919662475586,1095700,0.0,0.0
2023-10-30 00:00:00-04:00,125.25627754687005,128.30080360323805,124.43396557385967,126.685546875,1313300,0.0,0.0
2023-10-31 00:00:00-04:00,127.106487144659,128.67280847062884,125.79470162324891,127.36102294921875,969500,0.0,0.0
2023-11-01 00:00:00-04:00,127.42953724192495,130.39574564417345,127.3414355913742,129.73985290527344,1202200,0.0,0.0
2023-11-02 00:00:00-04:00,128.8685957228911,129.83775872998262,127.99733340087649,128.56512451171875,996500,0.0,0.0
2023-11-03 00:00:00-04:00,129.8084018981391,132.33407247467747,128.9175563803217,131.0908203125,866800,0.0,0.0
2023-11-06 00:00:00-05:00,130.92437669409273,132.43194849623634,130.25868496892525,131.0712127685547,871600,0.0,0.0
2023-11-07 00:00:00-05:00,131.29637379778518,131.35510823088143,129.9356379933847,130.08248901367188,637200,0.0,0.0
2023-11-08 00:00:00-05:00,130.9635206002449,131.06142126938397,129.49510018842793,130.66004943847656,727000,0.0,0.0
2023-11-09 00:00:00-05:00,130.45448077719527,130.86563675284947,128.76090653371668,128.86859130859375,771300,0.0,0.0
2023-11-10 00:00:00-05:00,129.59300362245122,130.20973005104176,128.65320796631795,130.02374267578125,591400,0.0,0.0
2023-11-13 00:00:00-05:00,130.1020533215439,130.1999539988171,128.91753578928729,129.5636444091797,672500,0.0,0.0
2023-11-14 00:00:00-05:00,129.85733170844162,131.07123153546877,128.9958683856768,130.9635467529297,1005400,0.0,0.0
2023-11-15 00:00:00-05:00,130.914583311408,133.332583692159,130.82648166293038,132.59837341308594,1457000,0.0,0.0
2023-11-16 00:00:00-05:00,132.78438396426222,133.04870386361176,131.56070009002008,132.08932495117188,1202800,0.0,0.0
2023-11-17 00:00:00-05:00,132.6962795556359,133.07806831897184,131.4236453653337,132.0501708984375,849600,0.0,0.0
2023-11-20 00:00:00-05:00,131.3355561658798,132.617974571049,130.93418424039297,132.0110321044922,785900,0.0,0.0
2023-11-21 00:00:00-05:00,132.39280171631626,132.7256401215092,131.3649043472946,131.49217224121094,1080500,0.0,0.0
2023-11-22 00:00:00-05:00,131.93271056789234,133.1661785898377,131.93271056789234,132.89207458496094,658100,0.0,0.0
2023-11-24 00:00:00-05:00,133.02911510643168,133.02911510643168,132.00121770808173,132.6864776611328,379400,0.0,0.0
2023-11-27 00:00:00-05:00,132.6865031714066,133.50883021071493,131.6781887028703,132.4613494873047,829900,0.0,0.0
2023-11-28 00:00:00-05:00,132.70605105442934,133.74373246975622,131.45300010714263,132.86268615722656,804100,0.0,0.0
2023-11-29 00:00:00-05:00,132.67670104767828,133.73396572236575,132.11870896071815,132.42218017578125,583200,0.0,0.0
2023-11-30 00:00:00-05:00,132.66690555189007,134.42901319158997,131.79564329358652,134.3408966064453,1291700,0.0,0.0
2023-12-01 00:00:00-05:00,134.4583879830719,134.48775520059266,133.04870179188785,133.30322265625,1151400,0.0,0.0
2023-12-04 00:00:00-05:00,133.15639027680615,134.71291259894022,132.98997106037177,134.59544372558594,871000,0.0,0.0
2023-12-05 00:00:00-05:00,134.38006972664243,134.38006972664243,132.00122055697454,132.0501708984375,750800,0.0,0.0
2023-12-06 00:00:00-05:00,131.82502319287232,132.6081838789285,131.2474479752056,132.0795440673828,787700,0.0,0.0
2023-12-07 00:00:00-05:00,132.86268822236994,132.90183952990503,131.49216839545554,132.3732147216797,883000,0.0,0.0
2023-12-08 00:00:00-05:00,132.57878547930832,133.37174509947445,132.34384775855912,133.04869079589844,719300,0.0,0.0
2023-12-11 00:00:00-05:00,133.43048134284933,134.20384291340113,132.30468331129282,134.0570068359375,786900,0.0,0.0
2023-12-12 00:00:00-05:00,136.5631077493106,138.27626501498295,135.73099681667995,136.47500610351562,986200,0.0,0.0
2023-12-13 00:00:00-05:00,137.1602709382296,138.1490020751953,136.5631126438621,138.1490020751953,1077900,0.0,0.0
2023-12-14 00:00:00-05:00,139.00070018271384,139.00070018271384,133.2053353068149,134.37026977539062,2076200,0.0,0.0
2023-12-15 00:00:00-05:00,133.44027643122698,134.28217153233285,131.81522066484044,132.18722534179688,1806900,0.0,0.0
2023-12-18 00:00:00-05:00,132.92142030346284,133.81226564398713,132.19699415772678,132.96058654785156,684700,0.0,0.0
2023-12-19 00:00:00-05:00,133.1857586699688,133.9689193535163,131.78585652077615,133.57733154296875,898700,0.0,0.0
2023-12-20 00:00:00-05:00,133.8122699589847,133.8122699589847,131.85437592768793,131.9326934814453,717900,0.0,0.0
2023-12-21 00:00:00-05:00,132.3438530730357,133.25426665258968,131.71732756330226,133.1759490966797,668400,0.0,0.0
2023-12-22 00:00:00-05:00,133.82205506752754,134.32132760932785,133.2444799089214,133.86122131347656,408100,0.0,0.0
2023-12-26 00:00:00-05:00,133.4206920136089,134.24301891983427,133.0878535887935,133.88079833984375,467100,0.0,0.0
2023-12-27 00:00:00-05:00,133.70458569549254,134.69331680752066,133.09764332350954,134.68353271484375,648600,0.0,0.0
2023-12-28 00:00:00-05:00,134.95764250390383,135.65270149013065,134.60522096424106,134.76185607910156,434800,0.0,0.0
2023-12-29 00:00:00-05:00,134.44859407610446,135.09470276127854,134.14512285845996,134.97723388671875,416000,0.0,0.0
2024-01-02 00:00:00-05:00,135.22196145359473,140.60617025475804,135.22196145359473,137.85533142089844,1045400,0.0,0.0
2024-01-03 00:00:00-05:00,137.96298728337328,138.2077240222745,136.31836356797874,136.7393035888672,1039700,0.0,0.0
2024-01-04 00:00:00-05:00,136.96448993178183,137.88470257956908,136.6022693536344,137.60079956054688,880900,0.0,0.0
2024-01-05 00:00:00-05:00,137.98259143874424,139.39227765971177,136.83722511859497,138.99090576171875,930600,0.0,0.0
2024-01-08 00:00:00-05:00,138.93216703952248,139.0985862497046,136.66101759389647,138.61891174316406,852000,0.0,0.0
2024-01-09 00:00:00-05:00,139.01049453787752,139.91112411843406,138.0119642678385,139.11817932128906,668700,0.0,0.0
2024-01-10 00:00:00-05:00,139.78386591542665,139.78386591542665,132.40261050490227,134.2136688232422,2141300,0.0,0.0
2024-01-11 00:00:00-05:00,134.21365304352094,134.52690834719928,132.45154528049505,132.91165161132812,1145700,0.0,0.0
2024-01-12 00:00:00-05:00,132.74522518674706,133.37175069761915,131.02226882868902,132.4515380859375,1008700,0.0,0.0
2024-01-16 00:00:00-05:00,131.98899634547686,132.8353326230589,131.16234649751655,131.72329711914062,887000,0.71,0.0
2024-01-17 00:00:00-05:00,131.5559945695307,133.36677081790884,131.4674281543041,131.59536743164062,794400,0.0,0.0
2024-01-18 00:00:00-05:00,130.65061466617,132.50074877040277,130.06999258583213,132.09725952148438,710000,0.0,0.0
2024-01-19 00:00:00-05:00,132.22519087222966,132.24487730221173,129.56809344580813,130.46363830566406,945200,0.0,0.0
2024-01-22 00:00:00-05:00,130.60141655962073,130.8474443833575,128.18049616685838,128.63319396972656,986200,0.0,0.0
2024-01-23 00:00:00-05:00,128.95793901282474,128.95793901282474,127.17669995045067,127.71796417236328,1194500,0.0,0.0
2024-01-24 00:00:00-05:00,127.7376446353983,128.51508592411804,125.64148284498698,125.73005676269531,1707300,0.0,0.0
2024-01-25 00:00:00-05:00,125.29703288446332,128.8004737278296,125.27735396481302,128.08206176757812,1853600,0.0,0.0
2024-01-26 00:00:00-05:00,128.9185773296792,129.67634721779706,127.68843823302197,128.3674774169922,966000,0.0,0.0
2024-01-29 00:00:00-05:00,127.83605017445088,127.88525874207006,126.78305890586364,127.28495025634766,911200,0.0,0.0
2024-01-30 00:00:00-05:00,127.55066376457789,127.78685587796467,126.38940464419261,126.7830581665039,896400,0.0,0.0
2024-01-31 00:00:00-05:00,127.36368755673429,127.88526536454495,126.16307052311613,126.38941192626953,1712900,0.0,0.0
2024-02-01 00:00:00-05:00,122.07900694161356,127.54082753341818,121.08505244933934,125.14942932128906,2505700,0.0,0.0
2024-02-02 00:00:00-05:00,124.45071765370668,125.11007044158876,121.85266434811057,123.013916015625,1276600,0.0,0.0
2024-02-05 00:00:00-05:00,122.68915958284802,122.89582206432334,121.22283578104292,121.81330108642578,1380200,0.0,0.0
2024-02-06 00:00:00-05:00,122.02980491265082,124.79515534716872,121.7640981571632,124.25389862060547,1942700,0.0,0.0
2024-02-07 00:00:00-05:00,125.96625606528491,127.31448384450233,124.69675148989609,125.39546966552734,1194700,0.0,0.0
2024-02-08 00:00:00-05:00,124.73610430058729,125.19863780186562,123.22057203374533,124.5294418334961,1003400,0.0,0.0
2024-02-09 00:00:00-05:00,124.4999235575682,125.57260127833275,123.91929398215672,124.72626495361328,621300,0.0,0.0
2024-02-12 00:00:00-05:00,124.47040122104907,128.0820804020356,124.13579947293479,127.94430541992188,1011200,0.0,0.0
2024-02-13 00:00:00-05:00,127.95415228237653,128.65286287903118,125.19863770690421,125.8284683227539,791500,0.0,0.0
2024-02-14 00:00:00-05:00,125.83831491327095,126.65512158787229,124.89356896415467,125.6906967163086,801100,0.0,0.0
2024-02-15 00:00:00-05:00,125.96625214210735,126.85194634594258,123.27962486704253,123.7323226928711,1231700,0.0,0.0
2024-02-16 00:00:00-05:00,123.68310768873104,124.21452868829347,121.84281686662636,122.02980041503906,1397200,0.0,0.0
2024-02-20 00:00:00-05:00,122.0298041858629,123.06312407941583,121.39013032357649,121.8329849243164,1124800,0.0,0.0
2024-02-21 00:00:00-05:00,122.0888477381517,124.77547494054133,121.34092854217477,124.7164306640625,1488700,0.0,0.0
2024-02-22 00:00:00-05:00,124.13580281101373,124.55897098407746,122.0298051613032,123.3485107421875,873800,0.0,0.0
2024-02-23 00:00:00-05:00,123.74215424746525,125.19864229257291,123.49612641950725,125.06086730957031,787400,0.0,0.0
2024-02-26 00:00:00-05:00,123.91929713525518,125.86784087639676,123.44692790042751,124.1948471069336,956000,0.0,0.0
2024-02-27 00:00:00-05:00,123.7519999779138,125.28721125295665,123.0237596946465,124.42119598388672,631700,0.0,0.0
2024-02-28 00:00:00-05:00,124.28340900715452,124.88371746230804,123.50596022903483,123.66342163085938,583700,0.0,0.0
2024-02-29 00:00:00-05:00,123.87992295429194,124.37197858527874,122.2364589487576,122.90565490722656,1590400,0.0,0.0
2024-03-01 00:00:00-05:00,123.00406959872193,123.00406959872193,121.69520727259236,122.6989974975586,1034100,0.0,0.0
2024-03-04 00:00:00-05:00,122.12821120961512,123.99802418708681,121.9117055216315,123.31898498535156,913600,0.0,0.0
2024-03-05 00:00:00-05:00,123.78151818238474,124.6376977168092,122.36439550697138,122.53170013427734,1068000,0.0,0.0
2024-03-06 00:00:00-05:00,122.66947489126555,124.99197815697781,122.27582887012946,124.90340423583984,1006200,0.0,0.0
2024-03-07 00:00:00-05:00,125.08054310502001,125.70053802120444,124.62785281387602,125.36593627929688,819200,0.0,0.0
2024-03-08 00:00:00-05:00,125.63165521616658,126.83227223266263,124.95261600004291,125.21832275390625,811800,0.0,0.0
2024-03-11 00:00:00-04:00,124.99197234593866,127.57034653174343,124.75578023933386,127.3735122680664,825400,0.0,0.0
2024-03-12 00:00:00-04:00,127.00940822991612,127.81638674350191,126.41895043064729,127.6786117553711,909200,0.0,0.0
2024-03-13 00:00:00-04:00,127.93447340141168,129.1744482761865,126.67481209538248,127.35385131835938,849400,0.0,0.0
2024-03-14 00:00:00-04:00,127.01924883752375,127.03892025115609,123.10247517082209,125.10022735595703,1018900,0.0,0.0
2024-03-15 00:00:00-04:00,123.6535883430344,126.7043319206543,123.6535883430344,126.2417984008789,1954900,0.0,0.0
2024-03-18 00:00:00-04:00,125.7005374433805,126.17291416267464,124.45071190976938,126.10401916503906,838200,0.0,0.0
2024-03-19 00:00:00-04:00,126.26148024703016,127.87542214582889,125.78910352896001,127.0093994140625,902800,0.0,0.0
2024-03-20 00:00:00-04:00,126.50751089908333,127.1570279624483,125.29705069380013,125.6906967163086,586600,0.0,0.0
2024-03-21 00:00:00-04:00,125.77926045504316,126.9109974382984,125.2281605401538,126.7830581665039,639800,0.0,0.0
2024-03-22 00:00:00-04:00,126.8421009853515,127.33415662033482,125.9957646925263,127.24559020996094,708100,0.0,0.0
2024-03-25 00:00:00-04:00,127.86558037179623,127.92463966647,126.6059190463439,127.22591400146484,584200,0.0,0.0
2024-03-26 00:00:00-04:00,127.56050936044792,127.68844864216072,126.4189515981137,126.82242584228516,666200,0.0,0.0
2024-03-27 00:00:00-04:00,127.44241931795797,129.01700347823234,126.66497796174399,128.97763061523438,753000,0.0,0.0
2024-03-28 00:00:00-04:00,129.0957135289177,131.2902925465342,129.0957135289177,130.99505615234375,888000,0.0,0.0
2024-04-01 00:00:00-04:00,130.62108200899385,133.2978658103235,128.94809588724934,132.62867736816406,2109000,0.0,0.0
2024-04-02 00:00:00-04:00,132.4613895954906,132.4613895954906,129.31222136038738,130.18807983398438,1404300,0.0,0.0
2024-04-03 00:00:00-04:00,130.00111334351658,131.3591767745278,129.1842991336087,130.2864990234375,1067100,0.0,0.0
2024-04-04 00:00:00-04:00,130.98522872219974,131.92013151592403,129.31222738818525,129.41064453125,847800,0.0,0.0
2024-04-05 00:00:00-04:00,128.91577310533108,129.80654783819375,127.787451395879,129.29188537597656,691500,0.75,0.0
2024-04-08 00:00:00-04:00,129.29186868857698,130.34100793708933,128.70790100097656,128.70790100097656,595100,0.0,0.0
2024-04-09 00:00:00-04:00,129.390839974873,131.41984345905286,129.390839974873,131.39015197753906,800000,0.0,0.0
2024-04-10 00:00:00-04:00,131.3109603435389,131.62768959385986,129.7966344838364,130.27171325683594,787400,0.0,0.0
2024-04-11 00:00:00-04:00,130.9249695375749,131.18230075318993,127.85671879358864,128.68812561035156,754200,0.0,0.0
2024-04-12 00:00:00-04:00,128.31200902818202,128.96525182554333,126.95604769932719,127.21337890625,720200,0.0,0.0
2024-04-15 00:00:00-04:00,127.95569379678979,128.55944574644172,126.7580971261167,127.32225036621094,698800,0.0,0.0
2024-04-16 00:00:00-04:00,128.10415082238094,128.10415082238094,126.09495429027105,126.11474609375,692300,0.0,0.0
2024-04-17 00:00:00-04:00,126.31270369167235,126.67890869558128,125.4417133013129,125.67926025390625,886800,0.0,0.0
2024-04-18 00:00:00-04:00,125.94649386582397,126.03556831154569,124.1352379570666,124.62022399902344,873700,0.0,0.0
2024-04-19 00:00:00-04:00,125.22396782831615,127.55980092766615,124.7884801769892,127.12430572509766,1557600,0.0,0.0
2024-04-22 00:00:00-04:00,127.43113062246337,129.8659378992552,127.06492560414885,128.7574005126953,1694300,0.0,0.0
2024-04-23 00:00:00-04:00,133.61709993480133,137.4870506760273,131.7464611398134,135.2996826171875,2088300,0.0,0.0
2024-04-24 00:00:00-04:00,134.60686582260956,136.9031078417168,133.56761861745298,136.1409912109375,1566400,0.0,0.0
2024-04-25 00:00:00-04:00,136.14097680776237,137.19011602869352,132.75601220528415,134.0327911376953,1016000,0.0,0.0
2024-04-26 00:00:00-04:00,133.61709916383515,134.5969633279303,132.67683370873428,132.88467407226562,601700,0.0,0.0
2024-04-29 00:00:00-04:00,133.1222178141276,141.000684338777,133.1222178141276,138.0709991455078,2790100,0.0,0.0
2024-04-30 00:00:00-04:00,137.37817025188622,138.209561875665,135.82424569323328,136.76451110839844,1067500,0.0,0.0
2024-05-01 00:00:00-04:00,136.89320061246386,136.99218229009156,135.07205252298934,136.1409912109375,676600,0.0,0.0
2024-05-02 00:00:00-04:00,136.01231328427872,136.01231328427872,133.96352553103586,134.94337463378906,695200,0.0,0.0
2024-05-03 00:00:00-04:00,135.26009158310342,136.07168384781366,133.87442378356442,135.97271728515625,640500,0.0,0.0
2024-05-06 00:00:00-04:00,136.60617423775,136.69524868372943,134.17136699693015,134.25054931640625,750600,0.0,0.0
2024-05-07 00:00:00-04:00,134.62665745283022,135.75497904161074,133.96352253773387,135.5372314453125,637800,0.0,0.0
2024-05-08 00:00:00-04:00,135.8143609818431,136.28943977815413,134.70583875628975,134.74542236328125,612400,0.0,0.0
2024-05-09 00:00:00-04:00,134.72562438350062,136.95257608594451,134.60685845883143,136.74473571777344,588300,0.0,0.0
2024-05-10 00:00:00-04:00,136.7051300375077,137.53653677524815,135.99250432086274,137.00205993652344,569600,0.0,0.0
2024-05-13 00:00:00-04:00,137.24950422911175,140.2781560889582,136.82391626955018,139.337890625,1116200,0.0,0.0
2024-05-14 00:00:00-04:00,139.59521327071937,139.7337785400476,136.68534261482665,137.73448181152344,741100,0.0,0.0
2024-05-15 00:00:00-04:00,137.98192932758076,139.56553034517287,137.60581710100442,139.337890625,757600,0.0,0.0
2024-05-16 00:00:00-04:00,139.32799385876012,141.48565527045912,138.971680998734,140.97097778320312,995900,0.0,0.0
2024-05-17 00:00:00-04:00,141.53516498711448,142.980215974034,140.50582497775576,142.86143493652344,1422800,0.0,0.0
2024-05-20 00:00:00-04:00,142.6832688848403,144.12830459559643,142.42592258656805,142.6931610107422,1078800,0.0,0.0
2024-05-21 00:00:00-04:00,142.81193910924006,143.01979459076233,141.25802947113016,141.87167358398438,561800,0.0,0.0
2024-05-22 00:00:00-04:00,140.70377503662152,141.97066203472124,140.06042430787,140.40684509277344,805700,0.0,0.0
2024-05-23 00:00:00-04:00,139.76349693744476,141.45597179143397,138.54608578705063,138.60546875,1147100,0.0,0.0
2024-05-24 00:00:00-04:00,139.15975184736453,140.13960098937318,138.3382522468781,139.83277893066406,647500,0.0,0.0
2024-05-28 00:00:00-04:00,139.35769947616495,140.12970823412692,137.24951358193147,137.487060546875,886300,0.0,0.0
2024-05-29 00:00:00-04:00,136.71504635803302,137.64541972233243,135.93313040187368,136.77442932128906,986800,0.0,0.0
2024-05-30 00:00:00-04:00,136.5566864808117,138.2491614025335,135.9529344958593,137.9027557373047,838600,0.0,0.0
2024-05-31 00:00:00-04:00,138.1501843717719,140.60477573519245,137.96212826081748,140.5157012939453,2238000,0.0,0.0
2024-06-03 00:00:00-04:00,139.47646413927848,140.79284190754868,138.39763333379207,139.66452026367188,634300,0.0,0.0
2024-06-04 00:00:00-04:00,139.52595216795996,140.55529211432759,138.2788646190463,140.11981201171875,818800,0.0,0.0
2024-06-05 00:00:00-04:00,139.82288034944466,141.53515456407706,139.35769366820327,141.22833251953125,837500,0.0,0.0
2024-06-06 00:00:00-04:00,140.91160981752552,142.36655289224083,140.82253536866142,141.17884826660156,618400,0.0,0.0
2024-06-07 00:00:00-04:00,140.84232862338175,141.72321115200603,140.78294566004485,140.8819122314453,366200,0.0,0.0
2024-06-10 00:00:00-04:00,140.51570640865535,140.74334613428925,138.99147321358296,140.0208282470703,589500,0.0,0.0
2024-06-11 00:00:00-04:00,139.51606332982695,139.98123492533935,138.90240411615022,139.31809997558594,544000,0.0,0.0
2024-06-12 00:00:00-04:00,140.11980510073914,140.27815462911263,136.74473253022418,137.40786743164062,831200,0.0,0.0
2024-06-13 00:00:00-04:00,137.45736742053026,137.70480650928988,136.0716994619864,137.11094665527344,668000,0.0,0.0
2024-06-14 00:00:00-04:00,136.58636939130218,137.75427457603618,135.60650521747087,136.4379119873047,718600,0.0,0.0
2024-06-17 00:00:00-04:00,135.36897023251052,136.3389271552649,135.2007134777202,135.6164093017578,815800,0.0,0.0
2024-06-18 00:00:00-04:00,134.93347463481703,136.3389267314752,134.93347463481703,135.89353942871094,759700,0.0,0.0
2024-06-20 00:00:00-04:00,134.97306118355192,136.8733914586001,134.42870730301695,136.78431701660156,758500,0.0,0.0
2024-06-21 00:00:00-04:00,137.21981552837983,138.25906268432868,136.48739041507199,137.5365447998047,908500,0.0,0.0
2024-06-24 00:00:00-04:00,137.93245010499234,139.13995410015352,136.8041284327497,138.7935333251953,599400,0.0,0.0
2024-06-25 00:00:00-04:00,138.34813589229393,138.73414024934206,136.2399501178479,136.88330078125,734400,0.0,0.0
2024-06-26 00:00:00-04:00,136.38841354135388,137.28909534863442,135.55702192039422,137.1802215576172,710900,0.0,0.0
2024-06-27 00:00:00-04:00,137.16042392325483,137.94232472128337,135.61640657855298,135.93312072753906,936200,0.0,0.0
2024-06-28 00:00:00-04:00,136.5269834771282,137.2000104973386,134.0822842609551,135.47784423828125,1284700,0.0,0.0
2024-07-01 00:00:00-04:00,136.11130256257238,137.85326836671672,134.90379856229012,135.68569946289062,788700,0.0,0.0
2024-07-02 00:00:00-04:00,135.65599122904976,136.63585536803723,134.95327273847337,135.24029541015625,1048500,0.0,0.0
2024-07-03 00:00:00-04:00,138.54609100044746,139.4962637508408,135.8044767578995,139.4566650390625,808400,0.0,0.0
2024-07-05 00:00:00-04:00,139.76350073620932,140.54540160709982,137.3484928274083,139.0112762451172,1017600,0.0,0.0
2024-07-08 00:00:00-04:00,139.69787679643576,140.24516833355497,138.15551525857734,138.23512268066406,642500,0.75,0.0
2024-07-09 00:00:00-04:00,137.93659969897928,138.52370254341497,136.314645910189,137.67788696289062,932200,0.0,0.0
2024-07-10 00:00:00-04:00,140.03618672454695,140.25510332340522,138.24505781732574,139.757568359375,723000,0.0,0.0
2024-07-11 00:00:00-04:00,141.15068211753038,143.0413089978155,140.8421976708901,142.79254150390625,951600,0.0,0.0
2024-07-12 00:00:00-04:00,143.45923790253707,144.50406442340582,142.78259760090808,143.3995361328125,581900,0.0,0.0
2024-07-15 00:00:00-04:00,143.37963175118642,145.78769931396337,143.031366363522,143.87716674804688,1277100,0.0,0.0
2024-07-16 00:00:00-04:00,144.62346335804486,147.99674989214395,143.57863687044338,147.86740112304688,1008600,0.0,0.0
2024-07-17 00:00:00-04:00,148.19576429249713,149.84758409732447,147.36986957364635,147.74798583984375,769800,0.0,0.0
2024-07-18 00:00:00-04:00,146.86237610049417,149.1112439941564,145.51904072485968,146.11607360839844,765700,0.0,0.0
2024-07-19 00:00:00-04:00,147.37981414725317,147.37981414725317,145.2205141302313,145.2901611328125,907000,0.0,0.0
2024-07-22 00:00:00-04:00,145.8175462465691,147.52906780406167,145.0015967692879,146.62356567382812,1334400,0.0,0.0
2024-07-23 00:00:00-04:00,143.25028572196263,145.68820421658452,137.03109814202747,140.26507568359375,1893400,0.0,0.0
2024-07-24 00:00:00-04:00,141.28999837903243,143.66821513250366,139.3695053344703,143.20053100585938,1060800,0.0,0.0
2024-07-25 00:00:00-04:00,143.936870807346,146.38474971159607,143.07116475778162,143.53884887695312,1127700,0.0,0.0
2024-07-26 00:00:00-04:00,144.2055430788914,146.0066173557776,143.8572776878196,144.8722381591797,1282600,0.0,0.0
2024-07-29 00:00:00-04:00,144.2851401143089,144.3945984141519,141.12082501922217,141.43923950195312,1532200,0.0,0.0
2024-07-30 00:00:00-04:00,141.1108694893856,144.02643238605077,141.1108694893856,142.185546875,937200,0.0,0.0
2024-07-31 00:00:00-04:00,141.8273268159243,142.8024911709252,140.01630729949406,141.5984649658203,1276200,0.0,0.0
2024-08-01 00:00:00-04:00,142.15570178058604,147.1609027001682,142.15570178058604,146.94198608398438,1120800,0.0,0.0
2024-08-02 00:00:00-04:00,147.27035578660184,151.03171906430435,146.4842571898599,149.34010314941406,1024000,0.0,0.0
2024-08-05 00:00:00-04:00,149.15103620957703,149.80778602948882,144.15578074181457,145.0712432861328,1261900,0.0,0.0
2024-08-06 00:00:00-04:00,145.21055863335934,147.5788301054971,144.7727405850757,146.16583251953125,822600,0.0,0.0
2024-08-07 00:00:00-04:00,146.17576934410593,147.9868039382738,145.12099762818946,145.40957641601562,1090300,0.0,0.0
2024-08-08 00:00:00-04:00,145.11106372943527,149.50927142280736,144.71302660885368,149.32020568847656,800000,0.0,0.0
2024-08-09 00:00:00-04:00,149.26049904038555,149.76797927104013,147.68828662846593,148.5738983154297,675600,0.0,0.0
2024-08-12 00:00:00-04:00,148.26542350443933,149.81773020706208,148.00671078185638,149.6784210205078,693000,0.0,0.0
2024-08-13 00:00:00-04:00,150.25556472142162,151.25063468646414,148.09626471930684,150.02670288085938,728400,0.0,0.0
2024-08-14 00:00:00-04:00,149.72817507628363,149.99684821146278,148.70325425283846,149.11123657226562,510400,0.0,0.0
2024-08-15 00:00:00-04:00,149.43960093542802,150.11625641106448,147.84749809219198,148.9520263671875,685200,0.0,0.0
2024-08-16 00:00:00-04:00,149.24059043614903,151.09142119497065,147.9271059660359,150.63369750976562,717100,0.0,0.0
2024-08-19 00:00:00-04:00,150.69339916193735,152.12630235263134,149.7779366086746,150.37496948242188,688300,0.0,0.0
2024-08-20 00:00:00-04:00,150.6137940831613,150.6137940831613,149.2704435251143,150.166015625,432200,0.0,0.0
2024-08-21 00:00:00-04:00,150.62373284330658,152.31536389808727,150.156048754076,152.21585083007812,625000,0.0,0.0
2024-08-22 00:00:00-04:00,152.55417090544623,152.55417090544623,151.4098465416196,152.08648681640625,477600,0.0,0.0
2024-08-23 00:00:00-04:00,152.9920137289357,153.05171550004513,151.2705468665054,152.80294799804688,472300,0.0,0.0
2024-08-26 00:00:00-04:00,153.1910224055097,153.9472853177682,152.74324394531425,153.14126586914062,425400,0.0,0.0
2024-08-27 00:00:00-04:00,153.51939849106668,153.88756953258007,152.19595356812744,152.84275817871094,494500,0.0,0.0
2024-08-28 00:00:00-04:00,152.7730893037828,154.52440696225247,152.623834883638,154.11643981933594,570000,0.0,0.0
2024-08-29 00:00:00-04:00,154.25575166593475,155.9473675855163,153.65870360793522,155.45977783203125,698700,0.0,0.0
2024-08-30 00:00:00-04:00,155.1513099555567,156.5643075096462,154.7234371508991,156.19613647460938,883700,0.0,0.0
2024-09-03 00:00:00-04:00,156.22598735941975,157.43997395358565,155.2508230273,156.19613647460938,745900,0.0,0.0
2024-09-04 00:00:00-04:00,156.43495119618078,158.57434548347175,154.12638165836822,154.62391662597656,606100,0.0,0.0
2024-09-05 00:00:00-04:00,154.49455584940856,154.7433233383231,151.52925163294466,153.46963500976562,756100,0.0,0.0
2024-09-06 00:00:00-04:00,153.47959504225273,154.26569362448558,151.2705385315414,152.17604064941406,827500,0.0,0.0
2024-09-09 00:00:00-04:00,152.20591292124587,154.87269321632385,151.80787581361722,153.5293426513672,912100,0.0,0.0
2024-09-10 00:00:00-04:00,153.82786637034818,154.6438310516392,150.49439100834522,152.1063995361328,656100,0.0,0.0
2024-09-11 00:00:00-04:00,151.3800051747272,153.21093034537924,148.7828718465227,152.80294799804688,958100,0.0,0.0
2024-09-12 00:00:00-04:00,152.7531870619614,154.2059959125613,151.13123332046464,153.9970245361328,762500,0.0,0.0
2024-09-13 00:00:00-04:00,154.25575593700066,154.74333052042292,152.57408520451693,153.61891174316406,570700,0.0,0.0
2024-09-16 00:00:00-04:00,154.57416622014892,156.4548478649201,154.45476268192942,155.58914184570312,618500,0.0,0.0
2024-09-17 00:00:00-04:00,155.5990927476195,156.02698074776475,153.80797887482802,154.61398315429688,476200,0.0,0.0
2024-09-18 00:00:00-04:00,154.43485208967846,156.28568279067485,154.3353542055334,154.71347045898438,440200,0.0,0.0
2024-09-19 00:00:00-04:00,155.0717067489983,156.10658806242506,153.74826181337494,154.35525512695312,519500,0.0,0.0
2024-09-20 00:00:00-04:00,154.3353618403726,154.3353618403726,151.8078755577704,152.2357635498047,1456300,0.0,0.0
2024-09-23 00:00:00-04:00,152.46462325442982,154.23584660070776,152.2457066445696,153.2208709716797,678400,0.0,0.0
2024-09-24 00:00:00-04:00,152.85270326799167,153.91742027226468,151.4596113417756,152.3253173828125,788000,0.0,0.0
2024-09-25 00:00:00-04:00,152.83278803580768,153.39998518821554,151.14117217899994,151.73822021484375,697500,0.0,0.0
2024-09-26 00:00:00-04:00,151.29043522036946,153.73831408659368,151.29043522036946,153.65870666503906,647800,0.0,0.0
2024-09-27 00:00:00-04:00,153.8975255280463,155.74835628348285,153.69851457034014,154.03683471679688,712300,0.0,0.0
2024-09-30 00:00:00-04:00,154.32540429487898,154.82293930016277,152.79300315937272,154.484619140625,934700,0.0,0.0
2024-10-01 00:00:00-04:00,154.04678559497296,154.58413190238795,152.93231204413203,153.19102478027344,500200,0.0,0.0
2024-10-02 00:00:00-04:00,153.72837131343286,154.62392824902176,152.22580588082835,154.09654235839844,577800,0.0,0.0
2024-10-03 00:00:00-04:00,154.21594528998605,154.32540359799677,151.04166954123914,151.3800048828125,558900,0.0,0.0
2024-10-04 00:00:00-04:00,152.11000061035156,152.49000549316406,150.4199981689453,150.7899932861328,500800,0.75,0.0
2024-10-07 00:00:00-04:00,150.75,150.75,146.1699981689453,146.89999389648438,640200,0.0,0.0
2024-10-08 00:00:00-04:00,147.2100067138672,149.39999389648438,146.52999877929688,148.77999877929688,748100,0.0,0.0
2024-10-09 00:00:00-04:00,149.08999633789062,149.99000549316406,148.1300048828125,149.00999450683594,539300,0.0,0.0
2024-10-10 00:00:00-04:00,149.27999877929688,149.27999877929688,147.3000030517578,147.80999755859375,426000,0.0,0.0
2024-10-11 00:00:00-04:00,148.5500030517578,149.44000244140625,147.67999267578125,148.6699981689453,480100,0.0,0.0
2024-10-14 00:00:00-04:00,149.2100067138672,149.9499969482422,147.02000427246094,149.0,678800,0.0,0.0
2024-10-15 00:00:00-04:00,148.2899932861328,151.44000244140625,148.0800018310547,149.35000610351562,861500,0.0,0.0
2024-10-16 00:00:00-04:00,149.22000122070312,150.8800048828125,148.6300048828125,148.92999267578125,524400,0.0,0.0
2024-10-17 00:00:00-04:00,149.7100067138672,150.32000732421875,148.60000610351562,148.9600067138672,582100,0.0,0.0
2024-10-18 00:00:00-04:00,149.10000610351562,150.58999633789062,147.9600067138672,149.64999389648438,631400,0.0,0.0
2024-10-21 00:00:00-04:00,149.0500030517578,149.75,146.91000366210938,147.3699951171875,1435700,0.0,0.0
2024-10-22 00:00:00-04:00,151.3300018310547,159.14999389648438,151.3300018310547,157.47000122070312,2044000,0.0,0.0
2024-10-23 00:00:00-04:00,159.83999633789062,159.94000244140625,155.19000244140625,157.1199951171875,1445300,0.0,0.0
2024-10-24 00:00:00-04:00,157.58999633789062,160.9499969482422,156.91000366210938,157.99000549316406,1233200,0.0,0.0
2024-10-25 00:00:00-04:00,157.7899932861328,158.4199981689453,153.75999450683594,155.0399932861328,814700,0.0,0.0
2024-10-28 00:00:00-04:00,155.67999267578125,157.3699951171875,155.17999267578125,155.9199981689453,507900,0.0,0.0
2024-10-29 00:00:00-04:00,155.3000030517578,157.44000244140625,154.9600067138672,155.9600067138672,699800,0.0,0.0
2024-10-30 00:00:00-04:00,155.5,156.66000366210938,153.5500030517578,155.92999267578125,661000,0.0,0.0
2024-10-31 00:00:00-04:00,155.49000549316406,156.39999389648438,154.2899932861328,154.8300018310547,874200,0.0,0.0
2024-11-01 00:00:00-04:00,155.9199981689453,156.99000549316406,155.0500030517578,155.2899932861328,1094700,0.0,0.0
2024-11-04 00:00:00-05:00,155.3699951171875,156.24000549316406,154.0,154.3300018310547,554900,0.0,0.0
2024-11-05 00:00:00-05:00,154.11000061035156,154.39999389648438,152.33999633789062,154.10000610351562,611900,0.0,0.0
2024-11-06 00:00:00-05:00,154.5800018310547,155.3800048828125,152.05999755859375,155.17999267578125,804100,0.0,0.0
2024-11-07 00:00:00-05:00,155.8300018310547,157.00999450683594,155.42999267578125,156.1999969482422,525100,0.0,0.0
2024-11-08 00:00:00-05:00,155.89999389648438,160.47999572753906,155.77999877929688,159.3699951171875,944000,0.0,0.0
2024-11-11 00:00:00-05:00,160.49000549316406,162.47999572753906,159.77999877929688,160.1699981689453,776800,0.0,0.0
2024-11-12 00:00:00-05:00,160.64999389648438,162.55999755859375,160.41000366210938,161.6999969482422,994500,0.0,0.0
2024-11-13 00:00:00-05:00,161.82000732421875,162.58999633789062,159.77999877929688,160.5500030517578,796400,0.0,0.0
2024-11-14 00:00:00-05:00,159.9199981689453,160.27999877929688,156.10000610351562,156.83999633789062,946400,0.0,0.0
2024-11-15 00:00:00-05:00,156.75,162.1300048828125,156.32000732421875,160.44000244140625,2725900,0.0,0.0
2024-11-18 00:00:00-05:00,160.8800048828125,162.72000122070312,160.75999450683594,162.11000061035156,897100,0.0,0.0
2024-11-19 00:00:00-05:00,160.25999450683594,162.8800048828125,158.52000427246094,161.16000366210938,761800,0.0,0.0
2024-11-20 00:00:00-05:00,161.3800048828125,162.02000427246094,160.00999450683594,161.32000732421875,763800,0.0,0.0
2024-11-21 00:00:00-05:00,161.32000732421875,164.25,160.3300018310547,163.88999938964844,651500,0.0,0.0
2024-11-22 00:00:00-05:00,164.0,165.10000610351562,163.39999389648438,163.58999633789062,596400,0.0,0.0
2024-11-25 00:00:00-05:00,163.67999267578125,165.32000732421875,162.17999267578125,162.44000244140625,1500700,0.0,0.0
2024-11-26 00:00:00-05:00,162.85000610351562,163.3000030517578,161.5800018310547,162.27000427246094,756000,0.0,0.0
2024-11-27 00:00:00-05:00,162.0500030517578,163.8800048828125,161.63999938964844,163.32000732421875,672000,0.0,0.0
2024-11-29 00:00:00-05:00,162.24000549316406,163.77000427246094,161.6699981689453,162.66000366210938,427500,0.0,0.0
2024-12-02 00:00:00-05:00,162.47000122070312,162.9499969482422,161.1999969482422,161.50999450683594,788300,0.0,0.0
2024-12-03 00:00:00-05:00,161.61000061035156,162.5,161.10000610351562,161.94000244140625,673100,0.0,0.0
2024-12-04 00:00:00-05:00,161.5800018310547,162.2100067138672,160.08999633789062,160.24000549316406,508400,0.0,0.0
2024-12-05 00:00:00-05:00,160.07000732421875,160.07000732421875,158.1699981689453,158.52000427246094,757000,0.0,0.0
2024-12-06 00:00:00-05:00,159.05999755859375,159.1699981689453,156.72000122070312,157.35000610351562,951400,0.0,0.0
2024-12-09 00:00:00-05:00,158.1699981689453,160.5,157.77000427246094,158.1999969482422,839600,0.0,0.0
2024-12-10 00:00:00-05:00,159.0,160.0,156.75999450683594,158.4600067138672,1017400,0.0,0.0
2024-12-11 00:00:00-05:00,158.02000427246094,159.6999969482422,155.24000549316406,155.69000244140625,914700,0.0,0.0
2024-12-12 00:00:00-05:00,155.35000610351562,158.5299072265625,155.47000122070312,156.07000732421875,905086,0.0,0.0
