Date,Open,High,Low,Close,Volume,Dividends,Stock Splits
2022-01-03 00:00:00-05:00,12.510000228881836,13.170000076293945,12.399999618530273,13.130000114440918,28000,0.0,0.0
2022-01-04 00:00:00-05:00,13.100000381469727,13.199999809265137,12.699999809265137,13.020000457763672,17700,0.0,0.0
2022-01-05 00:00:00-05:00,12.989999771118164,13.039999961853027,12.630000114440918,13.0,22200,0.0,0.0
2022-01-06 00:00:00-05:00,12.949999809265137,13.039999961853027,12.609999656677246,12.880000114440918,20800,0.0,0.0
2022-01-07 00:00:00-05:00,12.880000114440918,13.010000228881836,12.460000038146973,12.8100004196167,5800,0.0,0.0
2022-01-10 00:00:00-05:00,12.470000267028809,12.989999771118164,12.359999656677246,12.949999809265137,12600,0.0,0.0
2022-01-11 00:00:00-05:00,12.800000190734863,13.039999961853027,12.470000267028809,12.699999809265137,9200,0.0,0.0
2022-01-12 00:00:00-05:00,12.630000114440918,12.850000381469727,12.380000114440918,12.510000228881836,11700,0.0,0.0
2022-01-13 00:00:00-05:00,12.460000038146973,13.0,12.25,12.600000381469727,14900,0.0,0.0
2022-01-14 00:00:00-05:00,12.670000076293945,13.970000267028809,12.369999885559082,13.710000038146973,21100,0.0,0.0
2022-01-18 00:00:00-05:00,13.710000038146973,13.710000038146973,12.25,12.960000038146973,24700,0.0,0.0
2022-01-19 00:00:00-05:00,13.050000190734863,13.050000190734863,12.449999809265137,12.829999923706055,2400,0.0,0.0
2022-01-20 00:00:00-05:00,12.630000114440918,12.630000114440918,12.289999961853027,12.329999923706055,9100,0.0,0.0
2022-01-21 00:00:00-05:00,12.300000190734863,12.569999694824219,12.239999771118164,12.239999771118164,17800,0.0,0.0
2022-01-24 00:00:00-05:00,12.239999771118164,12.369999885559082,12.029999732971191,12.029999732971191,21600,0.0,0.0
2022-01-25 00:00:00-05:00,11.949999809265137,12.430000305175781,11.949999809265137,12.149999618530273,10000,0.0,0.0
2022-01-26 00:00:00-05:00,12.34000015258789,12.550000190734863,12.100000381469727,12.15999984741211,7500,0.0,0.0
2022-01-27 00:00:00-05:00,12.260000228881836,12.40999984741211,11.65999984741211,11.75,39400,0.0,0.0
2022-01-28 00:00:00-05:00,12.0,12.220000267028809,11.880000114440918,11.899999618530273,4400,0.0,0.0
2022-01-31 00:00:00-05:00,12.0,12.529999732971191,11.989999771118164,12.34000015258789,16900,0.0,0.0
2022-02-01 00:00:00-05:00,12.5,12.5,12.100000381469727,12.100000381469727,19800,0.0,0.0
2022-02-02 00:00:00-05:00,12.229999542236328,12.270000457763672,11.8100004196167,12.0,13800,0.0,0.0
2022-02-03 00:00:00-05:00,11.880000114440918,12.359999656677246,11.880000114440918,12.100000381469727,30800,0.0,0.0
2022-02-04 00:00:00-05:00,12.289999961853027,12.289999961853027,11.899999618530273,11.949999809265137,9500,0.0,0.0
2022-02-07 00:00:00-05:00,12.010000228881836,12.09000015258789,11.65999984741211,11.770000457763672,29100,0.0,0.0
2022-02-08 00:00:00-05:00,9.399999618530273,9.600000381469727,8.3100004196167,8.899999618530273,575300,0.0,0.0
2022-02-09 00:00:00-05:00,8.760000228881836,9.069999694824219,8.510000228881836,8.859999656677246,218900,0.0,0.0
2022-02-10 00:00:00-05:00,9.100000381469727,9.390000343322754,8.949999809265137,9.130000114440918,84600,0.0,0.0
2022-02-11 00:00:00-05:00,9.199999809265137,9.300000190734863,9.109999656677246,9.199999809265137,73200,0.0,0.0
2022-02-14 00:00:00-05:00,9.300000190734863,9.300000190734863,9.220000267028809,9.220000267028809,32900,0.0,0.0
2022-02-15 00:00:00-05:00,9.300000190734863,9.359999656677246,9.229999542236328,9.279999732971191,32800,0.0,0.0
2022-02-16 00:00:00-05:00,9.319999694824219,9.4399995803833,9.210000038146973,9.239999771118164,19400,0.0,0.0
2022-02-17 00:00:00-05:00,9.210000038146973,9.380000114440918,8.800000190734863,8.819999694824219,156400,0.0,0.0
2022-02-18 00:00:00-05:00,8.869999885559082,9.029999732971191,8.34000015258789,8.34000015258789,81500,0.0,0.0
2022-02-22 00:00:00-05:00,8.479999542236328,8.539999961853027,7.760000228881836,7.860000133514404,139500,0.0,0.0
2022-02-23 00:00:00-05:00,7.960000038146973,8.229999542236328,7.849999904632568,7.849999904632568,13500,0.0,0.0
2022-02-24 00:00:00-05:00,7.75,8.100000381469727,7.75,8.020000457763672,28700,0.0,0.0
2022-02-25 00:00:00-05:00,8.100000381469727,8.350000381469727,8.100000381469727,8.140000343322754,29300,0.0,0.0
2022-02-28 00:00:00-05:00,8.050000190734863,8.399999618530273,7.96999979019165,8.010000228881836,39400,0.0,0.0
2022-03-01 00:00:00-05:00,8.0,8.039999961853027,7.900000095367432,7.960000038146973,49000,0.0,0.0
2022-03-02 00:00:00-05:00,8.079999923706055,8.180000305175781,8.010000228881836,8.069999694824219,39300,0.0,0.0
2022-03-03 00:00:00-05:00,8.029999732971191,8.510000228881836,8.029999732971191,8.149999618530273,21500,0.0,0.0
2022-03-04 00:00:00-05:00,8.119999885559082,8.489999771118164,8.119999885559082,8.149999618530273,25600,0.0,0.0
2022-03-07 00:00:00-05:00,8.149999618530273,8.529999732971191,8.069999694824219,8.149999618530273,70800,0.0,0.0
2022-03-08 00:00:00-05:00,8.25,8.25,8.010000228881836,8.0600004196167,22900,0.0,0.0
2022-03-09 00:00:00-05:00,8.5,8.5,7.860000133514404,7.880000114440918,79400,0.0,0.0
2022-03-10 00:00:00-05:00,7.849999904632568,7.889999866485596,7.769999980926514,7.78000020980835,50100,0.0,0.0
2022-03-11 00:00:00-05:00,7.75,7.880000114440918,7.639999866485596,7.650000095367432,53900,0.0,0.0
2022-03-14 00:00:00-04:00,7.53000020980835,7.699999809265137,7.340000152587891,7.340000152587891,99800,0.0,0.0
2022-03-15 00:00:00-04:00,7.46999979019165,7.559999942779541,7.260000228881836,7.260000228881836,19900,0.0,0.0
2022-03-16 00:00:00-04:00,7.429999828338623,7.449999809265137,7.269999980926514,7.28000020980835,32600,0.0,0.0
2022-03-17 00:00:00-04:00,7.210000038146973,7.699999809265137,7.210000038146973,7.659999847412109,12500,0.0,0.0
2022-03-18 00:00:00-04:00,7.550000190734863,7.820000171661377,7.550000190734863,7.820000171661377,45700,0.0,0.0
2022-03-21 00:00:00-04:00,8.029999732971191,8.170000076293945,7.5,7.579999923706055,30700,0.0,0.0
2022-03-22 00:00:00-04:00,7.639999866485596,7.800000190734863,7.579999923706055,7.659999847412109,24400,0.0,0.0
2022-03-23 00:00:00-04:00,7.679999828338623,7.920000076293945,7.679999828338623,7.769999980926514,12100,0.0,0.0
2022-03-24 00:00:00-04:00,7.820000171661377,8.029999732971191,7.710000038146973,7.860000133514404,26100,0.0,0.0
2022-03-25 00:00:00-04:00,7.949999809265137,8.149999618530273,7.949999809265137,8.109999656677246,21200,0.0,0.0
2022-03-28 00:00:00-04:00,7.949999809265137,8.15999984741211,7.949999809265137,8.050000190734863,14300,0.0,0.0
2022-03-29 00:00:00-04:00,8.0,8.180000305175781,8.0,8.09000015258789,11400,0.0,0.0
2022-03-30 00:00:00-04:00,8.149999618530273,8.170000076293945,7.989999771118164,8.170000076293945,12000,0.0,0.0
2022-03-31 00:00:00-04:00,8.170000076293945,8.170000076293945,7.699999809265137,7.710000038146973,19300,0.0,0.0
2022-04-01 00:00:00-04:00,7.670000076293945,7.889999866485596,7.289999961853027,7.380000114440918,23900,0.0,0.0
2022-04-04 00:00:00-04:00,7.670000076293945,7.670000076293945,7.269999980926514,7.369999885559082,16300,0.0,0.0
2022-04-05 00:00:00-04:00,7.309999942779541,7.550000190734863,7.260000228881836,7.300000190734863,14800,0.0,0.0
2022-04-06 00:00:00-04:00,7.300000190734863,7.389999866485596,7.119999885559082,7.139999866485596,23900,0.0,0.0
2022-04-07 00:00:00-04:00,7.199999809265137,7.429999828338623,7.170000076293945,7.389999866485596,27400,0.0,0.0
2022-04-08 00:00:00-04:00,7.420000076293945,7.550000190734863,7.260000228881836,7.480000019073486,26000,0.0,0.0
2022-04-11 00:00:00-04:00,7.510000228881836,7.570000171661377,7.309999942779541,7.5,13000,0.0,0.0
2022-04-12 00:00:00-04:00,7.5,7.539999961853027,7.269999980926514,7.28000020980835,10200,0.0,0.0
2022-04-13 00:00:00-04:00,7.340000152587891,7.550000190734863,7.210000038146973,7.25,15700,0.0,0.0
2022-04-14 00:00:00-04:00,7.5,7.5,7.400000095367432,7.400000095367432,1400,0.0,0.0
2022-04-18 00:00:00-04:00,7.480000019073486,7.849999904632568,7.400000095367432,7.849999904632568,14200,0.0,0.0
2022-04-19 00:00:00-04:00,7.949999809265137,7.989999771118164,7.659999847412109,7.789999961853027,12200,0.0,0.0
2022-04-20 00:00:00-04:00,7.71999979019165,7.989999771118164,7.71999979019165,7.980000019073486,11300,0.0,0.0
2022-04-21 00:00:00-04:00,7.949999809265137,7.949999809265137,7.420000076293945,7.800000190734863,26400,0.0,0.0
2022-04-22 00:00:00-04:00,7.800000190734863,7.929999828338623,7.559999942779541,7.769999980926514,8000,0.0,0.0
2022-04-25 00:00:00-04:00,7.590000152587891,7.739999771118164,7.440000057220459,7.449999809265137,6200,0.0,0.0
2022-04-26 00:00:00-04:00,7.75,7.75,7.289999961853027,7.440000057220459,5400,0.0,0.0
2022-04-27 00:00:00-04:00,7.489999771118164,7.489999771118164,7.340000152587891,7.400000095367432,2100,0.0,0.0
2022-04-28 00:00:00-04:00,7.360000133514404,7.440000057220459,7.25,7.380000114440918,6000,0.0,0.0
2022-04-29 00:00:00-04:00,7.320000171661377,7.320000171661377,7.179999828338623,7.289999961853027,6700,0.0,0.0
2022-05-02 00:00:00-04:00,7.269999980926514,7.579999923706055,7.210000038146973,7.460000038146973,17700,0.0,0.0
2022-05-03 00:00:00-04:00,7.420000076293945,7.650000095367432,7.260000228881836,7.449999809265137,6400,0.0,0.0
2022-05-04 00:00:00-04:00,7.5,7.71999979019165,7.300000190734863,7.519999980926514,4600,0.0,0.0
2022-05-05 00:00:00-04:00,7.400000095367432,7.610000133514404,7.289999961853027,7.599999904632568,8400,0.0,0.0
2022-05-06 00:00:00-04:00,7.5,7.650000095367432,7.349999904632568,7.53000020980835,5100,0.0,0.0
2022-05-09 00:00:00-04:00,7.329999923706055,7.46999979019165,7.300000190734863,7.300000190734863,6400,0.0,0.0
2022-05-10 00:00:00-04:00,7.389999866485596,7.550000190734863,7.239999771118164,7.300000190734863,8100,0.0,0.0
2022-05-11 00:00:00-04:00,7.340000152587891,7.550000190734863,7.170000076293945,7.360000133514404,7700,0.0,0.0
2022-05-12 00:00:00-04:00,7.369999885559082,7.389999866485596,7.210000038146973,7.340000152587891,6200,0.0,0.0
2022-05-13 00:00:00-04:00,7.389999866485596,7.5,7.170000076293945,7.360000133514404,11600,0.0,0.0
2022-05-16 00:00:00-04:00,7.420000076293945,7.489999771118164,7.400000095367432,7.400000095367432,1900,0.0,0.0
2022-05-17 00:00:00-04:00,7.429999828338623,7.480000019073486,7.380000114440918,7.460000038146973,6900,0.0,0.0
2022-05-18 00:00:00-04:00,7.639999866485596,7.900000095367432,7.400000095367432,7.440000057220459,14100,0.0,0.0
2022-05-19 00:00:00-04:00,7.440000057220459,7.730000019073486,7.440000057220459,7.630000114440918,5800,0.0,0.0
2022-05-20 00:00:00-04:00,7.71999979019165,8.0,7.510000228881836,7.769999980926514,8000,0.0,0.0
2022-05-23 00:00:00-04:00,7.920000076293945,8.770000457763672,7.820000171661377,8.1899995803833,29900,0.0,0.0
2022-05-24 00:00:00-04:00,8.260000228881836,8.329999923706055,7.699999809265137,7.710000038146973,8900,0.0,0.0
2022-05-25 00:00:00-04:00,7.840000152587891,8.0,7.75,7.760000228881836,4900,0.0,0.0
2022-05-26 00:00:00-04:00,7.889999866485596,8.069999694824219,7.730000019073486,7.730000019073486,9000,0.0,0.0
2022-05-27 00:00:00-04:00,7.849999904632568,7.849999904632568,7.230000019073486,7.320000171661377,27000,0.0,0.0
2022-05-31 00:00:00-04:00,7.449999809265137,7.5,7.340000152587891,7.409999847412109,7200,0.0,0.0
2022-06-01 00:00:00-04:00,7.480000019073486,7.489999771118164,7.320000171661377,7.380000114440918,5900,0.0,0.0
2022-06-02 00:00:00-04:00,7.480000019073486,7.480000019073486,7.360000133514404,7.429999828338623,9600,0.0,0.0
2022-06-03 00:00:00-04:00,7.269999980926514,7.400000095367432,7.25,7.389999866485596,2600,0.0,0.0
2022-06-06 00:00:00-04:00,7.389999866485596,8.0,7.389999866485596,8.0,2600,0.0,0.0
2022-06-07 00:00:00-04:00,7.960000038146973,8.029999732971191,7.75,7.75,30200,0.0,0.0
2022-06-08 00:00:00-04:00,7.75,8.5,7.75,8.5,11700,0.0,0.0
2022-06-09 00:00:00-04:00,8.489999771118164,9.079999923706055,8.199999809265137,9.020000457763672,39900,0.0,0.0
2022-06-10 00:00:00-04:00,9.180000305175781,9.5,8.550000190734863,9.239999771118164,15000,0.0,0.0
2022-06-13 00:00:00-04:00,9.380000114440918,9.630000114440918,8.5,9.350000381469727,34600,0.0,0.0
2022-06-14 00:00:00-04:00,9.210000038146973,9.210000038146973,8.609999656677246,8.640000343322754,10100,0.0,0.0
2022-06-15 00:00:00-04:00,8.710000038146973,8.859999656677246,8.220000267028809,8.220000267028809,20000,0.0,0.0
2022-06-16 00:00:00-04:00,8.109999656677246,8.359999656677246,7.5,7.519999980926514,37000,0.0,0.0
2022-06-17 00:00:00-04:00,7.53000020980835,7.590000152587891,7.110000133514404,7.170000076293945,51700,0.0,0.0
2022-06-21 00:00:00-04:00,7.25,7.440000057220459,7.110000133514404,7.159999847412109,21600,0.0,0.0
2022-06-22 00:00:00-04:00,7.170000076293945,7.170000076293945,7.019999980926514,7.019999980926514,22000,0.0,0.0
2022-06-23 00:00:00-04:00,7.099999904632568,7.630000114440918,7.0,7.050000190734863,48300,0.0,0.0
2022-06-24 00:00:00-04:00,7.090000152587891,7.25,7.0,7.0,46100,0.0,0.0
2022-06-27 00:00:00-04:00,7.139999866485596,7.139999866485596,6.940000057220459,6.980000019073486,23300,0.0,0.0
2022-06-28 00:00:00-04:00,6.989999771118164,6.989999771118164,6.889999866485596,6.929999828338623,22700,0.0,0.0
2022-06-29 00:00:00-04:00,6.849999904632568,6.889999866485596,6.659999847412109,6.800000190734863,28700,0.0,0.0
2022-06-30 00:00:00-04:00,6.800000190734863,7.050000190734863,6.800000190734863,6.920000076293945,4900,0.0,0.0
2022-07-01 00:00:00-04:00,6.989999771118164,8.270000457763672,6.820000171661377,7.429999828338623,143900,0.0,0.0
2022-07-05 00:00:00-04:00,7.369999885559082,7.630000114440918,7.010000228881836,7.010000228881836,23400,0.0,0.0
2022-07-06 00:00:00-04:00,7.0,7.03000020980835,6.510000228881836,6.800000190734863,20300,0.0,0.0
2022-07-07 00:00:00-04:00,6.840000152587891,7.110000133514404,6.840000152587891,6.960000038146973,6100,0.0,0.0
2022-07-08 00:00:00-04:00,7.130000114440918,7.150000095367432,7.050000190734863,7.050000190734863,4500,0.0,0.0
2022-07-11 00:00:00-04:00,7.039999961853027,7.039999961853027,6.800000190734863,6.900000095367432,4200,0.0,0.0
2022-07-12 00:00:00-04:00,6.809999942779541,6.809999942779541,6.599999904632568,6.650000095367432,2800,0.0,0.0
2022-07-13 00:00:00-04:00,6.690000057220459,6.940000057220459,6.510000228881836,6.940000057220459,11400,0.0,0.0
2022-07-14 00:00:00-04:00,6.880000114440918,6.900000095367432,6.579999923706055,6.820000171661377,5100,0.0,0.0
2022-07-15 00:00:00-04:00,6.880000114440918,6.900000095367432,6.710000038146973,6.78000020980835,9300,0.0,0.0
2022-07-18 00:00:00-04:00,6.769999980926514,6.869999885559082,6.71999979019165,6.789999961853027,8100,0.0,0.0
2022-07-19 00:00:00-04:00,6.880000114440918,6.880000114440918,6.670000076293945,6.699999809265137,28800,0.0,0.0
2022-07-20 00:00:00-04:00,6.670000076293945,6.78000020980835,6.599999904632568,6.650000095367432,17100,0.0,0.0
2022-07-21 00:00:00-04:00,6.699999809265137,7.039999961853027,6.619999885559082,6.710000038146973,22200,0.0,0.0
2022-07-22 00:00:00-04:00,6.710000038146973,7.230000019073486,6.679999828338623,7.179999828338623,17900,0.0,0.0
2022-07-25 00:00:00-04:00,7.090000152587891,7.099999904632568,6.789999961853027,6.940000057220459,14500,0.0,0.0
2022-07-26 00:00:00-04:00,6.980000019073486,7.099999904632568,6.769999980926514,7.059999942779541,15300,0.0,0.0
2022-07-27 00:00:00-04:00,7.179999828338623,7.230000019073486,6.860000133514404,7.059999942779541,16000,0.0,0.0
2022-07-28 00:00:00-04:00,7.110000133514404,7.110000133514404,6.510000228881836,6.599999904632568,51200,0.0,0.0
2022-07-29 00:00:00-04:00,7.309999942779541,7.690000057220459,6.900000095367432,7.150000095367432,211100,0.0,0.0
2022-08-01 00:00:00-04:00,7.119999885559082,7.579999923706055,6.900000095367432,7.409999847412109,42700,0.0,0.0
2022-08-02 00:00:00-04:00,7.489999771118164,7.590000152587891,7.0,7.340000152587891,95500,0.0,0.0
2022-08-03 00:00:00-04:00,7.889999866485596,7.889999866485596,7.289999961853027,7.769999980926514,18600,0.0,0.0
2022-08-04 00:00:00-04:00,7.659999847412109,8.0,7.599999904632568,7.869999885559082,27800,0.0,0.0
2022-08-05 00:00:00-04:00,7.900000095367432,7.900000095367432,7.579999923706055,7.769999980926514,20700,0.0,0.0
2022-08-08 00:00:00-04:00,7.849999904632568,8.350000381469727,7.849999904632568,8.350000381469727,21700,0.0,0.0
2022-08-09 00:00:00-04:00,8.399999618530273,8.399999618530273,8.109999656677246,8.199999809265137,13200,0.0,0.0
2022-08-10 00:00:00-04:00,8.369999885559082,8.619999885559082,8.300000190734863,8.529999732971191,16800,0.0,0.0
2022-08-11 00:00:00-04:00,8.649999618530273,9.100000381469727,8.649999618530273,9.100000381469727,19400,0.0,0.0
2022-08-12 00:00:00-04:00,9.050000190734863,9.1899995803833,8.890000343322754,8.920000076293945,30200,0.0,0.0
2022-08-15 00:00:00-04:00,9.0,9.069999694824219,8.699999809265137,9.069999694824219,62400,0.0,0.0
2022-08-16 00:00:00-04:00,9.15999984741211,9.449999809265137,8.920000076293945,9.3100004196167,25400,0.0,0.0
2022-08-17 00:00:00-04:00,9.350000381469727,9.720000267028809,9.34000015258789,9.539999961853027,43600,0.0,0.0
2022-08-18 00:00:00-04:00,9.479999542236328,9.680000305175781,9.260000228881836,9.449999809265137,18000,0.0,0.0
2022-08-19 00:00:00-04:00,9.380000114440918,9.479999542236328,9.229999542236328,9.260000228881836,8000,0.0,0.0
2022-08-22 00:00:00-04:00,9.1899995803833,9.350000381469727,8.760000228881836,8.760000228881836,7400,0.0,0.0
2022-08-23 00:00:00-04:00,8.859999656677246,9.09000015258789,8.779999732971191,9.09000015258789,5300,0.0,0.0
2022-08-24 00:00:00-04:00,9.399999618530273,9.800000190734863,9.260000228881836,9.779999732971191,46100,0.0,0.0
2022-08-25 00:00:00-04:00,9.949999809265137,10.319999694824219,9.829999923706055,10.0,24800,0.0,0.0
2022-08-26 00:00:00-04:00,9.930000305175781,9.979999542236328,9.460000038146973,9.550000190734863,39700,0.0,0.0
2022-08-29 00:00:00-04:00,9.239999771118164,10.0,9.239999771118164,9.890000343322754,30600,0.0,0.0
2022-08-30 00:00:00-04:00,9.960000038146973,9.960000038146973,9.239999771118164,9.390000343322754,39400,0.0,0.0
2022-08-31 00:00:00-04:00,9.420000076293945,9.75,9.15999984741211,9.529999732971191,44900,0.0,0.0
2022-09-01 00:00:00-04:00,9.399999618530273,9.399999618530273,8.489999771118164,8.899999618530273,40000,0.0,0.0
2022-09-02 00:00:00-04:00,8.770000457763672,9.149999618530273,8.59000015258789,8.720000267028809,19300,0.0,0.0
2022-09-06 00:00:00-04:00,8.5600004196167,8.699999809265137,8.1899995803833,8.699999809265137,23600,0.0,0.0
2022-09-07 00:00:00-04:00,8.239999771118164,8.710000038146973,8.239999771118164,8.619999885559082,12700,0.0,0.0
2022-09-08 00:00:00-04:00,8.699999809265137,10.100000381469727,8.619999885559082,10.050000190734863,52600,0.0,0.0
2022-09-09 00:00:00-04:00,9.850000381469727,10.109999656677246,9.739999771118164,9.960000038146973,15000,0.0,0.0
2022-09-12 00:00:00-04:00,9.789999961853027,9.960000038146973,9.350000381469727,9.869999885559082,19600,0.0,0.0
2022-09-13 00:00:00-04:00,9.699999809265137,9.890000343322754,9.40999984741211,9.510000228881836,8400,0.0,0.0
2022-09-14 00:00:00-04:00,9.470000267028809,9.569999694824219,9.100000381469727,9.470000267028809,21600,0.0,0.0
2022-09-15 00:00:00-04:00,9.399999618530273,9.539999961853027,9.180000305175781,9.390000343322754,11200,0.0,0.0
2022-09-16 00:00:00-04:00,9.279999732971191,9.960000038146973,9.020000457763672,9.25,37300,0.0,0.0
2022-09-19 00:00:00-04:00,9.0,9.649999618530273,8.960000038146973,9.649999618530273,23500,0.0,0.0
2022-09-20 00:00:00-04:00,9.510000228881836,9.529999732971191,8.960000038146973,9.3100004196167,16700,0.0,0.0
2022-09-21 00:00:00-04:00,9.15999984741211,9.420000076293945,8.989999771118164,9.279999732971191,9600,0.0,0.0
2022-09-22 00:00:00-04:00,9.25,9.369999885559082,8.899999618530273,9.0,20200,0.0,0.0
2022-09-23 00:00:00-04:00,8.90999984741211,9.0,8.630000114440918,8.819999694824219,18200,0.0,0.0
2022-09-26 00:00:00-04:00,8.9399995803833,9.0,8.75,8.9399995803833,26500,0.0,0.0
2022-09-27 00:00:00-04:00,8.989999771118164,8.989999771118164,8.699999809265137,8.850000381469727,19500,0.0,0.0
2022-09-28 00:00:00-04:00,9.0,9.0,8.829999923706055,8.829999923706055,8300,0.0,0.0
2022-09-29 00:00:00-04:00,8.539999961853027,8.949999809265137,8.539999961853027,8.8100004196167,13800,0.0,0.0
2022-09-30 00:00:00-04:00,8.760000228881836,8.890000343322754,8.59000015258789,8.789999961853027,13200,0.0,0.0
2022-10-03 00:00:00-04:00,8.680000305175781,9.100000381469727,8.649999618530273,8.84000015258789,19700,0.0,0.0
2022-10-04 00:00:00-04:00,8.869999885559082,9.010000228881836,8.5600004196167,8.600000381469727,24600,0.0,0.0
2022-10-05 00:00:00-04:00,8.649999618530273,8.720000267028809,8.430000305175781,8.5,7400,0.0,0.0
2022-10-06 00:00:00-04:00,8.75,8.760000228881836,8.220000267028809,8.350000381469727,11600,0.0,0.0
2022-10-07 00:00:00-04:00,8.319999694824219,8.489999771118164,7.670000076293945,7.829999923706055,65400,0.0,0.0
2022-10-10 00:00:00-04:00,7.869999885559082,8.3100004196167,7.71999979019165,7.800000190734863,103600,0.0,0.0
2022-10-11 00:00:00-04:00,7.449999809265137,7.860000133514404,7.449999809265137,7.75,7800,0.0,0.0
2022-10-12 00:00:00-04:00,7.769999980926514,7.900000095367432,7.630000114440918,7.75,34400,0.0,0.0
2022-10-13 00:00:00-04:00,7.539999961853027,7.980000019073486,7.539999961853027,7.980000019073486,7400,0.0,0.0
2022-10-14 00:00:00-04:00,7.909999847412109,8.0,7.78000020980835,7.900000095367432,6400,0.0,0.0
2022-10-17 00:00:00-04:00,7.889999866485596,8.0,7.699999809265137,7.739999771118164,15300,0.0,0.0
2022-10-18 00:00:00-04:00,7.679999828338623,7.760000228881836,7.53000020980835,7.610000133514404,38300,0.0,0.0
2022-10-19 00:00:00-04:00,7.519999980926514,7.690000057220459,7.519999980926514,7.610000133514404,6800,0.0,0.0
2022-10-20 00:00:00-04:00,7.550000190734863,8.020000457763672,7.550000190734863,7.699999809265137,24100,0.0,0.0
2022-10-21 00:00:00-04:00,7.699999809265137,8.149999618530273,7.699999809265137,8.029999732971191,26600,0.0,0.0
2022-10-24 00:00:00-04:00,8.279999732971191,8.390000343322754,8.029999732971191,8.289999961853027,15100,0.0,0.0
2022-10-25 00:00:00-04:00,8.59000015258789,9.180000305175781,8.59000015258789,9.050000190734863,32000,0.0,0.0
2022-10-26 00:00:00-04:00,9.0,9.020000457763672,8.720000267028809,8.899999618530273,9900,0.0,0.0
2022-10-27 00:00:00-04:00,8.9399995803833,9.119999885559082,8.90999984741211,8.90999984741211,5100,0.0,0.0
2022-10-28 00:00:00-04:00,8.899999618530273,9.140000343322754,8.899999618530273,9.100000381469727,7300,0.0,0.0
2022-10-31 00:00:00-04:00,9.0,9.289999961853027,8.899999618530273,8.899999618530273,39300,0.0,0.0
2022-11-01 00:00:00-04:00,8.899999618530273,9.050000190734863,8.569999694824219,8.819999694824219,3500,0.0,0.0
2022-11-02 00:00:00-04:00,8.5,8.8100004196167,8.5,8.739999771118164,7900,0.0,0.0
2022-11-03 00:00:00-04:00,8.529999732971191,8.649999618530273,8.329999923706055,8.34000015258789,10500,0.0,0.0
2022-11-04 00:00:00-04:00,8.479999542236328,8.6899995803833,8.350000381469727,8.550000190734863,7500,0.0,0.0
2022-11-07 00:00:00-05:00,9.09000015258789,9.899999618530273,8.84000015258789,9.319999694824219,33000,0.0,0.0
2022-11-08 00:00:00-05:00,9.470000267028809,10.149999618530273,9.399999618530273,10.100000381469727,17800,0.0,0.0
2022-11-09 00:00:00-05:00,10.010000228881836,10.15999984741211,9.529999732971191,9.539999961853027,25800,0.0,0.0
2022-11-10 00:00:00-05:00,9.880000114440918,10.050000190734863,9.829999923706055,9.949999809265137,8800,0.0,0.0
2022-11-11 00:00:00-05:00,9.899999618530273,9.979999542236328,9.550000190734863,9.970000267028809,9500,0.0,0.0
2022-11-14 00:00:00-05:00,9.869999885559082,9.970000267028809,9.829999923706055,9.850000381469727,4900,0.0,0.0
2022-11-15 00:00:00-05:00,9.899999618530273,10.029999732971191,9.510000228881836,9.779999732971191,10200,0.0,0.0
2022-11-16 00:00:00-05:00,9.729999542236328,10.149999618530273,9.720000267028809,9.859999656677246,6500,0.0,0.0
2022-11-17 00:00:00-05:00,9.579999923706055,10.0600004196167,9.550000190734863,10.0,9500,0.0,0.0
2022-11-18 00:00:00-05:00,10.100000381469727,10.149999618530273,9.670000076293945,10.149999618530273,7800,0.0,0.0
2022-11-21 00:00:00-05:00,10.149999618530273,11.220000267028809,9.989999771118164,10.859999656677246,38700,0.0,0.0
2022-11-22 00:00:00-05:00,10.859999656677246,11.140000343322754,10.699999809265137,10.949999809265137,14300,0.0,0.0
2022-11-23 00:00:00-05:00,10.770000457763672,10.779999732971191,10.520000457763672,10.609999656677246,198000,0.0,0.0
2022-11-25 00:00:00-05:00,10.5,10.5,10.109999656677246,10.350000381469727,2800,0.0,0.0
2022-11-28 00:00:00-05:00,10.170000076293945,10.270000457763672,9.649999618530273,9.75,8600,0.0,0.0
2022-11-29 00:00:00-05:00,9.680000305175781,9.859999656677246,9.25,9.300000190734863,17700,0.0,0.0
2022-11-30 00:00:00-05:00,9.369999885559082,9.770000457763672,9.25,9.579999923706055,21800,0.0,0.0
2022-12-01 00:00:00-05:00,9.569999694824219,9.9399995803833,9.569999694824219,9.859999656677246,6500,0.0,0.0
2022-12-02 00:00:00-05:00,9.220000267028809,10.1899995803833,9.170000076293945,9.75,25100,0.0,0.0
2022-12-05 00:00:00-05:00,9.90999984741211,10.289999961853027,9.869999885559082,9.899999618530273,21300,0.0,0.0
2022-12-06 00:00:00-05:00,9.789999961853027,10.029999732971191,9.609999656677246,9.850000381469727,82600,0.0,0.0
2022-12-07 00:00:00-05:00,9.930000305175781,10.09000015258789,9.699999809265137,9.699999809265137,25400,0.0,0.0
2022-12-08 00:00:00-05:00,9.880000114440918,10.069999694824219,9.640000343322754,9.699999809265137,14100,0.0,0.0
2022-12-09 00:00:00-05:00,9.600000381469727,10.050000190734863,9.600000381469727,9.609999656677246,26900,0.0,0.0
2022-12-12 00:00:00-05:00,9.619999885559082,10.069999694824219,9.619999885559082,9.869999885559082,8100,0.0,0.0
2022-12-13 00:00:00-05:00,9.989999771118164,10.319999694824219,9.819999694824219,10.180000305175781,32700,0.0,0.0
2022-12-14 00:00:00-05:00,10.210000038146973,10.460000038146973,10.199999809265137,10.220000267028809,5200,0.0,0.0
2022-12-15 00:00:00-05:00,10.119999885559082,10.449999809265137,9.970000267028809,10.34000015258789,62800,0.0,0.0
2022-12-16 00:00:00-05:00,10.220000267028809,10.470000267028809,9.989999771118164,10.199999809265137,9900,0.0,0.0
2022-12-19 00:00:00-05:00,10.0600004196167,10.319999694824219,9.949999809265137,10.1899995803833,2700,0.0,0.0
2022-12-20 00:00:00-05:00,10.3100004196167,10.380000114440918,9.899999618530273,10.079999923706055,120500,0.0,0.0
2022-12-21 00:00:00-05:00,10.029999732971191,10.369999885559082,9.729999542236328,9.729999542236328,40100,0.0,0.0
2022-12-22 00:00:00-05:00,10.0,10.15999984741211,9.5600004196167,9.760000228881836,37400,0.0,0.0
2022-12-23 00:00:00-05:00,10.029999732971191,10.029999732971191,9.550000190734863,9.720000267028809,2200,0.0,0.0
2022-12-27 00:00:00-05:00,9.710000038146973,9.760000228881836,9.270000457763672,9.369999885559082,17000,0.0,0.0
2022-12-28 00:00:00-05:00,9.399999618530273,9.609999656677246,9.199999809265137,9.210000038146973,8100,0.0,0.0
2022-12-29 00:00:00-05:00,9.25,9.399999618530273,9.010000228881836,9.050000190734863,21300,0.0,0.0
2022-12-30 00:00:00-05:00,9.34000015258789,9.619999885559082,9.140000343322754,9.619999885559082,24800,0.0,0.0
2023-01-03 00:00:00-05:00,9.609999656677246,9.829999923706055,9.40999984741211,9.75,133000,0.0,0.0
2023-01-04 00:00:00-05:00,9.739999771118164,10.010000228881836,9.199999809265137,9.279999732971191,93500,0.0,0.0
2023-01-05 00:00:00-05:00,9.25,9.800000190734863,9.25,9.510000228881836,22000,0.0,0.0
2023-01-06 00:00:00-05:00,9.609999656677246,9.8100004196167,9.109999656677246,9.34000015258789,30900,0.0,0.0
2023-01-09 00:00:00-05:00,9.430000305175781,9.579999923706055,9.279999732971191,9.279999732971191,20300,0.0,0.0
2023-01-10 00:00:00-05:00,9.380000114440918,10.020000457763672,9.3100004196167,9.5,62800,0.0,0.0
2023-01-11 00:00:00-05:00,9.539999961853027,9.90999984741211,9.5,9.5,25200,0.0,0.0
2023-01-12 00:00:00-05:00,9.630000114440918,10.239999771118164,9.600000381469727,9.869999885559082,33000,0.0,0.0
2023-01-13 00:00:00-05:00,9.90999984741211,10.15999984741211,9.779999732971191,9.899999618530273,28700,0.0,0.0
2023-01-17 00:00:00-05:00,9.800000190734863,10.0600004196167,9.779999732971191,9.850000381469727,10300,0.0,0.0
2023-01-18 00:00:00-05:00,9.920000076293945,10.100000381469727,9.739999771118164,9.739999771118164,73400,0.0,0.0
2023-01-19 00:00:00-05:00,9.699999809265137,10.010000228881836,9.5,9.59000015258789,33900,0.0,0.0
2023-01-20 00:00:00-05:00,9.75,10.050000190734863,9.569999694824219,9.84000015258789,17300,0.0,0.0
2023-01-23 00:00:00-05:00,9.699999809265137,10.199999809265137,9.699999809265137,10.0,38800,0.0,0.0
2023-01-24 00:00:00-05:00,9.930000305175781,10.199999809265137,9.789999961853027,9.84000015258789,6900,0.0,0.0
2023-01-25 00:00:00-05:00,10.069999694824219,10.069999694824219,9.510000228881836,9.739999771118164,20400,0.0,0.0
2023-01-26 00:00:00-05:00,9.6899995803833,10.0,9.609999656677246,9.850000381469727,41000,0.0,0.0
2023-01-27 00:00:00-05:00,9.829999923706055,9.970000267028809,9.489999771118164,9.630000114440918,25900,0.0,0.0
2023-01-30 00:00:00-05:00,9.609999656677246,10.010000228881836,9.550000190734863,9.760000228881836,74000,0.0,0.0
2023-01-31 00:00:00-05:00,9.770000457763672,10.0,9.510000228881836,9.699999809265137,112000,0.0,0.0
2023-02-01 00:00:00-05:00,9.75,9.819999694824219,9.59000015258789,9.699999809265137,88900,0.0,0.0
2023-02-02 00:00:00-05:00,9.699999809265137,10.850000381469727,9.699999809265137,10.779999732971191,90900,0.0,0.0
2023-02-03 00:00:00-05:00,10.869999885559082,11.069999694824219,10.680000305175781,10.869999885559082,43000,0.0,0.0
2023-02-06 00:00:00-05:00,12.0,12.239999771118164,10.920000076293945,11.630000114440918,110400,0.0,0.0
2023-02-07 00:00:00-05:00,11.630000114440918,12.25,11.630000114440918,12.130000114440918,57700,0.0,0.0
2023-02-08 00:00:00-05:00,12.170000076293945,12.25,12.010000228881836,12.1899995803833,30400,0.0,0.0
2023-02-09 00:00:00-05:00,12.210000038146973,12.5,12.130000114440918,12.470000267028809,49200,0.0,0.0
2023-02-10 00:00:00-05:00,12.5,12.699999809265137,12.470000267028809,12.649999618530273,51300,0.0,0.0
2023-02-13 00:00:00-05:00,12.739999771118164,12.960000038146973,12.609999656677246,12.880000114440918,79600,0.0,0.0
2023-02-14 00:00:00-05:00,12.880000114440918,12.949999809265137,12.680000305175781,12.899999618530273,36700,0.0,0.0
2023-02-15 00:00:00-05:00,12.899999618530273,13.25,12.729999542236328,13.069999694824219,68700,0.0,0.0
2023-02-16 00:00:00-05:00,12.989999771118164,13.220000267028809,12.989999771118164,13.130000114440918,32300,0.0,0.0
2023-02-17 00:00:00-05:00,13.079999923706055,13.460000038146973,13.029999732971191,13.460000038146973,50700,0.0,0.0
2023-02-21 00:00:00-05:00,13.529999732971191,13.619999885559082,13.420000076293945,13.5600004196167,50800,0.0,0.0
2023-02-22 00:00:00-05:00,13.649999618530273,14.470000267028809,13.609999656677246,14.15999984741211,170300,0.0,0.0
2023-02-23 00:00:00-05:00,14.390000343322754,14.489999771118164,14.069999694824219,14.289999961853027,69700,0.0,0.0
2023-02-24 00:00:00-05:00,14.199999809265137,14.4399995803833,14.119999885559082,14.420000076293945,64300,0.0,0.0
2023-02-27 00:00:00-05:00,14.609999656677246,14.609999656677246,14.180000305175781,14.289999961853027,52800,0.0,0.0
2023-02-28 00:00:00-05:00,14.25,14.470000267028809,14.140000343322754,14.359999656677246,62600,0.0,0.0
2023-03-01 00:00:00-05:00,14.479999542236328,14.520000457763672,14.130000114440918,14.220000267028809,42800,0.0,0.0
2023-03-02 00:00:00-05:00,14.239999771118164,14.460000038146973,14.140000343322754,14.460000038146973,44200,0.0,0.0
2023-03-03 00:00:00-05:00,14.5,14.539999961853027,14.3100004196167,14.479999542236328,50400,0.0,0.0
2023-03-06 00:00:00-05:00,14.430000305175781,14.430000305175781,14.0,14.239999771118164,35100,0.0,0.0
2023-03-07 00:00:00-05:00,14.180000305175781,14.65999984741211,14.0600004196167,14.270000457763672,52200,0.0,0.0
2023-03-08 00:00:00-05:00,14.239999771118164,14.579999923706055,13.960000038146973,14.420000076293945,55600,0.0,0.0
2023-03-09 00:00:00-05:00,14.40999984741211,14.5,14.260000228881836,14.390000343322754,19500,0.0,0.0
2023-03-10 00:00:00-05:00,14.359999656677246,14.550000190734863,13.960000038146973,14.460000038146973,57200,0.0,0.0
2023-03-13 00:00:00-04:00,14.40999984741211,14.449999809265137,14.029999732971191,14.140000343322754,40200,0.0,0.0
2023-03-14 00:00:00-04:00,14.170000076293945,14.170000076293945,13.760000228881836,14.140000343322754,27500,0.0,0.0
2023-03-15 00:00:00-04:00,14.020000457763672,14.270000457763672,13.8100004196167,14.069999694824219,59900,0.0,0.0
2023-03-16 00:00:00-04:00,14.020000457763672,14.359999656677246,13.829999923706055,14.3100004196167,35000,0.0,0.0
2023-03-17 00:00:00-04:00,14.300000190734863,14.300000190734863,13.800000190734863,13.850000381469727,27700,0.0,0.0
2023-03-20 00:00:00-04:00,13.880000114440918,13.880000114440918,13.59000015258789,13.600000381469727,15700,0.0,0.0
2023-03-21 00:00:00-04:00,13.5600004196167,13.640000343322754,13.380000114440918,13.5600004196167,19700,0.0,0.0
2023-03-22 00:00:00-04:00,13.59000015258789,13.710000038146973,13.350000381469727,13.380000114440918,27600,0.0,0.0
2023-03-23 00:00:00-04:00,13.420000076293945,13.550000190734863,13.109999656677246,13.210000038146973,34400,0.0,0.0
2023-03-24 00:00:00-04:00,13.010000228881836,13.279999732971191,12.779999732971191,12.989999771118164,21800,0.0,0.0
2023-03-27 00:00:00-04:00,13.079999923706055,13.460000038146973,12.8100004196167,13.279999732971191,30400,0.0,0.0
2023-03-28 00:00:00-04:00,13.149999618530273,13.529999732971191,13.149999618530273,13.300000190734863,11000,0.0,0.0
2023-03-29 00:00:00-04:00,13.300000190734863,13.300000190734863,13.020000457763672,13.119999885559082,14000,0.0,0.0
2023-03-30 00:00:00-04:00,13.079999923706055,13.229999542236328,12.899999618530273,12.9399995803833,13100,0.0,0.0
2023-03-31 00:00:00-04:00,12.970000267028809,13.100000381469727,12.890000343322754,13.079999923706055,29900,0.0,0.0
2023-04-03 00:00:00-04:00,13.09000015258789,13.979999542236328,13.09000015258789,13.890000343322754,37000,0.0,0.0
2023-04-04 00:00:00-04:00,14.029999732971191,14.029999732971191,13.510000228881836,13.640000343322754,16400,0.0,0.0
2023-04-05 00:00:00-04:00,13.720000267028809,13.739999771118164,13.350000381469727,13.520000457763672,14500,0.0,0.0
2023-04-06 00:00:00-04:00,13.40999984741211,13.699999809265137,13.34000015258789,13.609999656677246,13300,0.0,0.0
2023-04-10 00:00:00-04:00,13.760000228881836,13.930000305175781,13.520000457763672,13.65999984741211,25300,0.0,0.0
2023-04-11 00:00:00-04:00,13.65999984741211,14.239999771118164,13.550000190734863,14.239999771118164,56400,0.0,0.0
2023-04-12 00:00:00-04:00,14.260000228881836,14.260000228881836,13.579999923706055,13.770000457763672,19900,0.0,0.0
2023-04-13 00:00:00-04:00,13.770000457763672,13.890000343322754,13.510000228881836,13.729999542236328,24700,0.0,0.0
2023-04-14 00:00:00-04:00,13.770000457763672,13.84000015258789,13.609999656677246,13.710000038146973,12300,0.0,0.0
2023-04-17 00:00:00-04:00,13.760000228881836,13.760000228881836,13.529999732971191,13.699999809265137,24300,0.0,0.0
2023-04-18 00:00:00-04:00,13.609999656677246,13.75,13.510000228881836,13.510000228881836,20400,0.0,0.0
2023-04-19 00:00:00-04:00,13.479999542236328,13.6899995803833,13.25,13.5,12900,0.0,0.0
2023-04-20 00:00:00-04:00,13.369999885559082,13.449999809265137,13.140000343322754,13.319999694824219,17800,0.0,0.0
2023-04-21 00:00:00-04:00,13.180000305175781,13.279999732971191,12.9399995803833,13.220000267028809,15200,0.0,0.0
2023-04-24 00:00:00-04:00,13.220000267028809,13.369999885559082,12.770000457763672,12.960000038146973,35100,0.0,0.0
2023-04-25 00:00:00-04:00,12.899999618530273,12.899999618530273,12.359999656677246,12.420000076293945,28800,0.0,0.0
2023-04-26 00:00:00-04:00,12.720000267028809,13.140000343322754,12.619999885559082,12.819999694824219,20700,0.0,0.0
2023-04-27 00:00:00-04:00,12.739999771118164,12.9399995803833,12.479999542236328,12.9399995803833,8500,0.0,0.0
2023-04-28 00:00:00-04:00,12.829999923706055,13.1899995803833,12.6899995803833,12.869999885559082,10600,0.0,0.0
2023-05-01 00:00:00-04:00,12.949999809265137,13.109999656677246,12.729999542236328,12.770000457763672,9500,0.0,0.0
2023-05-02 00:00:00-04:00,12.899999618530273,12.899999618530273,12.069999694824219,12.15999984741211,16000,0.0,0.0
2023-05-03 00:00:00-04:00,12.359999656677246,12.729999542236328,12.09000015258789,12.550000190734863,16700,0.0,0.0
2023-05-04 00:00:00-04:00,12.619999885559082,12.710000038146973,12.130000114440918,12.239999771118164,10600,0.0,0.0
2023-05-05 00:00:00-04:00,12.520000457763672,12.529999732971191,12.25,12.420000076293945,15900,0.0,0.0
2023-05-08 00:00:00-04:00,12.579999923706055,12.770000457763672,12.460000038146973,12.460000038146973,12300,0.0,0.0
2023-05-09 00:00:00-04:00,12.260000228881836,12.489999771118164,12.260000228881836,12.34000015258789,19100,0.0,0.0
2023-05-10 00:00:00-04:00,12.359999656677246,12.430000305175781,11.800000190734863,11.920000076293945,22600,0.0,0.0
2023-05-11 00:00:00-04:00,11.880000114440918,12.0600004196167,11.739999771118164,11.850000381469727,6700,0.0,0.0
2023-05-12 00:00:00-04:00,11.649999618530273,11.979999542236328,11.359999656677246,11.460000038146973,10400,0.0,0.0
2023-05-15 00:00:00-04:00,11.600000381469727,11.789999961853027,11.279999732971191,11.350000381469727,16000,0.0,0.0
2023-05-16 00:00:00-04:00,11.470000267028809,11.600000381469727,11.109999656677246,11.130000114440918,12000,0.0,0.0
2023-05-17 00:00:00-04:00,11.100000381469727,11.149999618530273,10.890000343322754,10.949999809265137,58300,0.0,0.0
2023-05-18 00:00:00-04:00,10.930000305175781,11.699999809265137,10.770000457763672,11.420000076293945,16300,0.0,0.0
2023-05-19 00:00:00-04:00,11.550000190734863,11.65999984741211,11.34000015258789,11.449999809265137,16700,0.0,0.0
2023-05-22 00:00:00-04:00,11.510000228881836,11.930000305175781,11.510000228881836,11.850000381469727,8300,0.0,0.0
2023-05-23 00:00:00-04:00,11.800000190734863,12.170000076293945,11.779999732971191,11.779999732971191,23700,0.0,0.0
2023-05-24 00:00:00-04:00,11.760000228881836,12.050000190734863,11.760000228881836,11.9399995803833,6600,0.0,0.0
2023-05-25 00:00:00-04:00,12.0,12.0,11.3100004196167,11.3100004196167,19700,0.0,0.0
2023-05-26 00:00:00-04:00,11.260000228881836,11.5600004196167,11.260000228881836,11.539999961853027,4900,0.0,0.0
2023-05-30 00:00:00-04:00,11.550000190734863,11.630000114440918,11.25,11.25,14000,0.0,0.0
2023-05-31 00:00:00-04:00,11.329999923706055,11.470000267028809,11.09000015258789,11.09000015258789,13200,0.0,0.0
2023-06-01 00:00:00-04:00,11.15999984741211,11.470000267028809,11.029999732971191,11.039999961853027,23000,0.0,0.0
2023-06-02 00:00:00-04:00,11.279999732971191,11.479999542236328,11.15999984741211,11.359999656677246,48100,0.0,0.0
2023-06-05 00:00:00-04:00,11.430000305175781,11.9399995803833,11.359999656677246,11.65999984741211,22700,0.0,0.0
2023-06-06 00:00:00-04:00,11.529999732971191,11.770000457763672,11.399999618530273,11.489999771118164,29100,0.0,0.0
2023-06-07 00:00:00-04:00,11.829999923706055,11.899999618530273,11.489999771118164,11.699999809265137,29200,0.0,0.0
2023-06-08 00:00:00-04:00,13.0,13.25,12.479999542236328,13.0,109000,0.0,0.0
2023-06-09 00:00:00-04:00,13.0,13.170000076293945,12.8100004196167,13.0,56300,0.0,0.0
2023-06-12 00:00:00-04:00,12.899999618530273,13.140000343322754,12.699999809265137,13.0,48200,0.0,0.0
2023-06-13 00:00:00-04:00,12.880000114440918,13.449999809265137,12.850000381469727,13.0,145600,0.0,0.0
2023-06-14 00:00:00-04:00,13.100000381469727,13.390000343322754,12.819999694824219,13.300000190734863,36300,0.0,0.0
2023-06-15 00:00:00-04:00,13.319999694824219,13.399999618530273,13.039999961853027,13.289999961853027,17300,0.0,0.0
2023-06-16 00:00:00-04:00,13.449999809265137,13.449999809265137,13.020000457763672,13.229999542236328,34400,0.0,0.0
2023-06-20 00:00:00-04:00,13.140000343322754,13.260000228881836,12.770000457763672,13.029999732971191,31000,0.0,0.0
2023-06-21 00:00:00-04:00,12.899999618530273,13.380000114440918,12.829999923706055,13.029999732971191,23300,0.0,0.0
2023-06-22 00:00:00-04:00,12.859999656677246,13.0600004196167,12.779999732971191,12.930000305175781,10900,0.0,0.0
2023-06-23 00:00:00-04:00,12.970000267028809,13.25,12.760000228881836,12.869999885559082,51000,0.0,0.0
2023-06-26 00:00:00-04:00,12.880000114440918,13.029999732971191,12.800000190734863,12.800000190734863,11400,0.0,0.0
2023-06-27 00:00:00-04:00,12.800000190734863,13.260000228881836,12.289999961853027,12.9399995803833,18200,0.0,0.0
2023-06-28 00:00:00-04:00,13.039999961853027,13.479999542236328,12.859999656677246,13.3100004196167,22500,0.0,0.0
2023-06-29 00:00:00-04:00,13.319999694824219,13.489999771118164,13.130000114440918,13.319999694824219,11500,0.0,0.0
2023-06-30 00:00:00-04:00,12.970000267028809,13.399999618530273,12.970000267028809,13.279999732971191,6200,0.0,0.0
2023-07-03 00:00:00-04:00,13.199999809265137,13.390000343322754,12.880000114440918,13.380000114440918,12600,0.0,0.0
2023-07-05 00:00:00-04:00,13.199999809265137,13.210000038146973,12.5,13.0,23400,0.0,0.0
2023-07-06 00:00:00-04:00,12.880000114440918,12.880000114440918,12.6899995803833,12.8100004196167,8100,0.0,0.0
2023-07-07 00:00:00-04:00,12.8100004196167,13.390000343322754,12.720000267028809,13.020000457763672,35600,0.0,0.0
2023-07-10 00:00:00-04:00,13.0600004196167,13.15999984741211,12.34000015258789,13.039999961853027,10500,0.0,0.0
2023-07-11 00:00:00-04:00,13.100000381469727,13.300000190734863,12.920000076293945,13.130000114440918,11100,0.0,0.0
2023-07-12 00:00:00-04:00,13.0,13.3100004196167,13.0,13.170000076293945,8200,0.0,0.0
2023-07-13 00:00:00-04:00,13.350000381469727,13.350000381469727,12.899999618530273,13.0,6900,0.0,0.0
2023-07-14 00:00:00-04:00,13.029999732971191,13.149999618530273,12.550000190734863,12.760000228881836,19400,0.0,0.0
2023-07-17 00:00:00-04:00,12.760000228881836,13.199999809265137,12.399999618530273,13.010000228881836,10600,0.0,0.0
2023-07-18 00:00:00-04:00,12.989999771118164,13.239999771118164,12.989999771118164,13.180000305175781,9100,0.0,0.0
2023-07-19 00:00:00-04:00,13.069999694824219,13.279999732971191,13.069999694824219,13.210000038146973,15100,0.0,0.0
2023-07-20 00:00:00-04:00,13.130000114440918,13.300000190734863,13.079999923706055,13.210000038146973,5500,0.0,0.0
2023-07-21 00:00:00-04:00,13.180000305175781,13.300000190734863,12.859999656677246,13.010000228881836,6900,0.0,0.0
2023-07-24 00:00:00-04:00,12.770000457763672,13.1899995803833,12.720000267028809,13.1899995803833,15000,0.0,0.0
2023-07-25 00:00:00-04:00,13.050000190734863,13.75,12.789999961853027,13.539999961853027,35200,0.0,0.0
2023-07-26 00:00:00-04:00,13.75,14.050000190734863,13.5600004196167,13.84000015258789,27700,0.0,0.0
2023-07-27 00:00:00-04:00,13.720000267028809,14.220000267028809,13.720000267028809,14.029999732971191,19500,0.0,0.0
2023-07-28 00:00:00-04:00,14.180000305175781,14.270000457763672,14.0,14.0600004196167,23600,0.0,0.0
2023-07-31 00:00:00-04:00,14.109999656677246,14.350000381469727,13.869999885559082,14.0,29300,0.0,0.0
2023-08-01 00:00:00-04:00,13.289999961853027,14.010000228881836,12.529999732971191,13.869999885559082,37100,0.0,0.0
2023-08-02 00:00:00-04:00,13.720000267028809,14.220000267028809,13.649999618530273,14.079999923706055,18300,0.0,0.0
2023-08-03 00:00:00-04:00,14.25,14.350000381469727,14.010000228881836,14.050000190734863,16800,0.0,0.0
2023-08-04 00:00:00-04:00,14.279999732971191,14.350000381469727,13.699999809265137,13.949999809265137,12700,0.0,0.0
2023-08-07 00:00:00-04:00,14.899999618530273,17.149999618530273,14.8100004196167,15.829999923706055,176000,0.0,0.0
2023-08-08 00:00:00-04:00,15.699999809265137,16.239999771118164,15.609999656677246,16.139999389648438,87100,0.0,0.0
2023-08-09 00:00:00-04:00,16.0,16.65999984741211,15.850000381469727,16.3799991607666,56500,0.0,0.0
2023-08-10 00:00:00-04:00,16.5,17.079999923706055,16.389999389648438,16.860000610351562,33300,0.0,0.0
2023-08-11 00:00:00-04:00,16.940000534057617,17.020000457763672,16.780000686645508,16.780000686645508,28100,0.0,0.0
2023-08-14 00:00:00-04:00,17.059999465942383,17.760000228881836,17.049999237060547,17.690000534057617,82400,0.0,0.0
2023-08-15 00:00:00-04:00,17.780000686645508,17.950000762939453,16.649999618530273,16.739999771118164,51300,0.0,0.0
2023-08-16 00:00:00-04:00,16.700000762939453,16.979999542236328,16.540000915527344,16.610000610351562,25900,0.0,0.0
2023-08-17 00:00:00-04:00,16.489999771118164,16.729999542236328,16.010000228881836,16.170000076293945,26800,0.0,0.0
2023-08-18 00:00:00-04:00,16.149999618530273,16.649999618530273,15.630000114440918,16.190000534057617,28600,0.0,0.0
2023-08-21 00:00:00-04:00,16.229999542236328,16.670000076293945,16.190000534057617,16.25,36600,0.0,0.0
2023-08-22 00:00:00-04:00,16.450000762939453,16.489999771118164,16.030000686645508,16.079999923706055,40000,0.0,0.0
2023-08-23 00:00:00-04:00,16.1200008392334,16.709999084472656,15.989999771118164,16.219999313354492,29600,0.0,0.0
2023-08-24 00:00:00-04:00,16.219999313354492,16.729999542236328,16.219999313354492,16.389999389648438,23800,0.0,0.0
2023-08-25 00:00:00-04:00,16.440000534057617,16.489999771118164,16.049999237060547,16.200000762939453,25600,0.0,0.0
2023-08-28 00:00:00-04:00,15.9399995803833,16.299999237060547,15.630000114440918,15.949999809265137,30200,0.0,0.0
2023-08-29 00:00:00-04:00,16.0,16.389999389648438,15.949999809265137,16.09000015258789,27900,0.0,0.0
2023-08-30 00:00:00-04:00,16.06999969482422,16.299999237060547,15.949999809265137,16.040000915527344,26500,0.0,0.0
2023-08-31 00:00:00-04:00,16.0,16.209999084472656,15.920000076293945,16.0,36300,0.0,0.0
2023-09-01 00:00:00-04:00,15.9399995803833,16.309999465942383,15.729999542236328,16.170000076293945,26400,0.0,0.0
2023-09-05 00:00:00-04:00,16.329999923706055,17.200000762939453,16.209999084472656,16.90999984741211,61000,0.0,0.0
2023-09-06 00:00:00-04:00,16.770000457763672,16.829999923706055,16.260000228881836,16.3700008392334,27400,0.0,0.0
2023-09-07 00:00:00-04:00,16.530000686645508,16.8700008392334,16.010000228881836,16.530000686645508,29400,0.0,0.0
2023-09-08 00:00:00-04:00,16.200000762939453,16.690000534057617,16.110000610351562,16.229999542236328,12000,0.0,0.0
2023-09-11 00:00:00-04:00,16.100000381469727,16.290000915527344,15.850000381469727,15.970000267028809,35000,0.0,0.0
2023-09-12 00:00:00-04:00,16.149999618530273,16.6200008392334,16.06999969482422,16.299999237060547,34500,0.0,0.0
2023-09-13 00:00:00-04:00,16.299999237060547,16.469999313354492,15.819999694824219,15.949999809265137,42000,0.0,0.0
2023-09-14 00:00:00-04:00,15.989999771118164,16.030000686645508,15.550000190734863,15.550000190734863,28000,0.0,0.0
2023-09-15 00:00:00-04:00,15.699999809265137,15.699999809265137,15.510000228881836,15.510000228881836,29300,0.0,0.0
2023-09-18 00:00:00-04:00,15.100000381469727,16.09000015258789,15.039999961853027,15.539999961853027,48400,0.0,0.0
2023-09-19 00:00:00-04:00,15.630000114440918,15.84000015258789,15.229999542236328,15.489999771118164,35400,0.0,0.0
2023-09-20 00:00:00-04:00,15.649999618530273,15.949999809265137,15.430000305175781,15.829999923706055,19600,0.0,0.0
2023-09-21 00:00:00-04:00,15.5600004196167,15.569999694824219,14.960000038146973,15.380000114440918,41300,0.0,0.0
2023-09-22 00:00:00-04:00,15.149999618530273,15.569999694824219,14.779999732971191,15.369999885559082,126500,0.0,0.0
2023-09-25 00:00:00-04:00,15.350000381469727,16.229999542236328,15.25,16.100000381469727,30600,0.0,0.0
2023-09-26 00:00:00-04:00,16.1299991607666,16.1299991607666,15.220000267028809,15.510000228881836,52300,0.0,0.0
2023-09-27 00:00:00-04:00,15.649999618530273,16.149999618530273,15.390000343322754,15.869999885559082,18400,0.0,0.0
2023-09-28 00:00:00-04:00,16.010000228881836,16.739999771118164,15.850000381469727,16.739999771118164,31500,0.0,0.0
2023-09-29 00:00:00-04:00,16.700000762939453,16.700000762939453,16.219999313354492,16.600000381469727,26800,0.0,0.0
2023-10-02 00:00:00-04:00,16.450000762939453,16.600000381469727,16.049999237060547,16.139999389648438,50200,0.0,0.0
2023-10-03 00:00:00-04:00,16.100000381469727,16.229999542236328,15.75,15.970000267028809,62500,0.0,0.0
2023-10-04 00:00:00-04:00,16.0,16.5,15.039999961853027,16.450000762939453,34400,0.0,0.0
2023-10-05 00:00:00-04:00,16.190000534057617,16.600000381469727,16.170000076293945,16.40999984741211,23100,0.0,0.0
2023-10-06 00:00:00-04:00,16.489999771118164,16.780000686645508,16.270000457763672,16.690000534057617,22200,0.0,0.0
2023-10-09 00:00:00-04:00,16.690000534057617,16.829999923706055,16.020000457763672,16.719999313354492,33700,0.0,0.0
2023-10-10 00:00:00-04:00,16.8700008392334,16.989999771118164,16.079999923706055,16.809999465942383,32300,0.0,0.0
2023-10-11 00:00:00-04:00,16.799999237060547,17.440000534057617,16.489999771118164,17.309999465942383,22200,0.0,0.0
2023-10-12 00:00:00-04:00,17.139999389648438,17.200000762939453,16.610000610351562,17.06999969482422,26500,0.0,0.0
2023-10-13 00:00:00-04:00,17.0,17.0,15.84000015258789,16.25,25200,0.0,0.0
2023-10-16 00:00:00-04:00,16.739999771118164,17.0,15.920000076293945,16.079999923706055,54400,0.0,0.0
2023-10-17 00:00:00-04:00,16.229999542236328,16.8799991607666,16.079999923706055,16.600000381469727,50700,0.0,0.0
2023-10-18 00:00:00-04:00,16.34000015258789,16.520000457763672,16.25,16.389999389648438,25300,0.0,0.0
2023-10-19 00:00:00-04:00,16.229999542236328,16.729999542236328,16.0,16.479999542236328,29900,0.0,0.0
2023-10-20 00:00:00-04:00,16.6200008392334,16.950000762939453,16.559999465942383,16.899999618530273,14600,0.0,0.0
2023-10-23 00:00:00-04:00,16.610000610351562,16.860000610351562,16.0,16.18000030517578,46200,0.0,0.0
2023-10-24 00:00:00-04:00,16.260000228881836,16.59000015258789,15.010000228881836,15.850000381469727,29900,0.0,0.0
2023-10-25 00:00:00-04:00,15.989999771118164,16.1299991607666,15.470000267028809,15.6899995803833,24600,0.0,0.0
2023-10-26 00:00:00-04:00,15.6899995803833,15.6899995803833,15.180000305175781,15.289999961853027,37600,0.0,0.0
2023-10-27 00:00:00-04:00,15.40999984741211,15.699999809265137,15.300000190734863,15.4399995803833,22000,0.0,0.0
2023-10-30 00:00:00-04:00,15.3100004196167,15.869999885559082,15.3100004196167,15.720000267028809,28800,0.0,0.0
2023-10-31 00:00:00-04:00,15.59000015258789,15.770000457763672,15.270000457763672,15.59000015258789,39700,0.0,0.0
2023-11-01 00:00:00-04:00,15.59000015258789,15.800000190734863,15.329999923706055,15.680000305175781,27800,0.0,0.0
2023-11-02 00:00:00-04:00,16.020000457763672,16.829999923706055,15.90999984741211,16.809999465942383,27600,0.0,0.0
2023-11-03 00:00:00-04:00,17.0,17.200000762939453,16.850000381469727,16.989999771118164,32900,0.0,0.0
2023-11-06 00:00:00-05:00,17.0,17.100000381469727,16.18000030517578,16.579999923706055,37800,0.0,0.0
2023-11-07 00:00:00-05:00,16.299999237060547,16.489999771118164,15.619999885559082,16.239999771118164,21800,0.0,0.0
2023-11-08 00:00:00-05:00,16.329999923706055,16.389999389648438,15.8100004196167,16.219999313354492,31500,0.0,0.0
2023-11-09 00:00:00-05:00,16.110000610351562,16.850000381469727,15.819999694824219,16.850000381469727,24800,0.0,0.0
2023-11-10 00:00:00-05:00,16.700000762939453,17.34000015258789,16.5,17.219999313354492,48800,0.0,0.0
2023-11-13 00:00:00-05:00,16.8700008392334,17.209999084472656,16.209999084472656,16.489999771118164,34600,0.0,0.0
2023-11-14 00:00:00-05:00,16.829999923706055,16.950000762939453,16.5,16.850000381469727,27900,0.0,0.0
2023-11-15 00:00:00-05:00,16.8799991607666,17.989999771118164,16.799999237060547,17.979999542236328,136700,0.0,0.0
2023-11-16 00:00:00-05:00,18.0,18.43000030517578,17.350000381469727,17.6200008392334,52900,0.0,0.0
2023-11-17 00:00:00-05:00,17.899999618530273,17.899999618530273,17.3799991607666,17.600000381469727,42700,0.0,0.0
2023-11-20 00:00:00-05:00,17.81999969482422,18.280000686645508,17.559999465942383,18.06999969482422,49200,0.0,0.0
2023-11-21 00:00:00-05:00,18.100000381469727,18.790000915527344,18.0,18.3799991607666,81800,0.0,0.0
2023-11-22 00:00:00-05:00,18.65999984741211,19.100000381469727,18.209999084472656,18.8700008392334,74400,0.0,0.0
2023-11-24 00:00:00-05:00,19.010000228881836,19.690000534057617,18.56999969482422,19.43000030517578,33800,0.0,0.0
2023-11-27 00:00:00-05:00,19.0,19.239999771118164,18.399999618530273,18.719999313354492,43700,0.0,0.0
2023-11-28 00:00:00-05:00,18.93000030517578,18.969999313354492,18.399999618530273,18.670000076293945,31000,0.0,0.0
2023-11-29 00:00:00-05:00,18.75,18.850000381469727,18.469999313354492,18.75,42300,0.0,0.0
2023-11-30 00:00:00-05:00,18.68000030517578,18.950000762939453,18.43000030517578,18.530000686645508,23100,0.0,0.0
2023-12-01 00:00:00-05:00,18.399999618530273,18.989999771118164,18.399999618530273,18.829999923706055,43400,0.0,0.0
2023-12-04 00:00:00-05:00,18.829999923706055,19.100000381469727,18.690000534057617,18.950000762939453,51500,0.0,0.0
2023-12-05 00:00:00-05:00,18.850000381469727,18.93000030517578,18.479999542236328,18.649999618530273,46700,0.0,0.0
2023-12-06 00:00:00-05:00,18.649999618530273,18.850000381469727,17.979999542236328,18.049999237060547,59000,0.0,0.0
2023-12-07 00:00:00-05:00,17.93000030517578,17.989999771118164,17.020000457763672,17.559999465942383,58100,0.0,0.0
2023-12-08 00:00:00-05:00,17.690000534057617,18.010000228881836,17.559999465942383,17.969999313354492,41100,0.0,0.0
2023-12-11 00:00:00-05:00,17.780000686645508,18.020000457763672,17.559999465942383,17.989999771118164,46400,0.0,0.0
2023-12-12 00:00:00-05:00,18.030000686645508,18.31999969482422,17.790000915527344,17.899999618530273,42500,0.0,0.0
2023-12-13 00:00:00-05:00,17.84000015258789,18.459999084472656,17.3799991607666,17.899999618530273,128700,0.0,0.0
2023-12-14 00:00:00-05:00,18.239999771118164,18.3700008392334,17.809999465942383,17.850000381469727,63000,0.0,0.0
2023-12-15 00:00:00-05:00,17.90999984741211,17.90999984741211,17.1299991607666,17.600000381469727,63300,0.0,0.0
2023-12-18 00:00:00-05:00,17.719999313354492,18.010000228881836,17.649999618530273,17.969999313354492,31100,0.0,0.0
2023-12-19 00:00:00-05:00,17.989999771118164,18.899999618530273,17.989999771118164,18.899999618530273,49500,0.0,0.0
2023-12-20 00:00:00-05:00,18.93000030517578,18.93000030517578,18.299999237060547,18.43000030517578,34100,0.0,0.0
2023-12-21 00:00:00-05:00,18.549999237060547,18.649999618530273,18.030000686645508,18.469999313354492,20900,0.0,0.0
2023-12-22 00:00:00-05:00,18.450000762939453,19.40999984741211,18.43000030517578,19.020000457763672,63600,0.0,0.0
2023-12-26 00:00:00-05:00,19.25,19.25,18.639999389648438,19.190000534057617,54100,0.0,0.0
2023-12-27 00:00:00-05:00,19.31999969482422,19.93000030517578,19.190000534057617,19.670000076293945,44000,0.0,0.0
2023-12-28 00:00:00-05:00,19.690000534057617,19.75,19.34000015258789,19.459999084472656,25100,0.0,0.0
2023-12-29 00:00:00-05:00,19.6200008392334,19.6200008392334,18.760000228881836,18.969999313354492,76000,0.0,0.0
2024-01-02 00:00:00-05:00,19.010000228881836,19.610000610351562,18.780000686645508,19.270000457763672,63300,0.0,0.0
2024-01-03 00:00:00-05:00,19.360000610351562,19.360000610351562,18.799999237060547,18.860000610351562,32400,0.0,0.0
2024-01-04 00:00:00-05:00,18.790000915527344,19.270000457763672,18.790000915527344,19.239999771118164,49600,0.0,0.0
2024-01-05 00:00:00-05:00,19.280000686645508,19.68000030517578,19.059999465942383,19.399999618530273,65700,0.0,0.0
2024-01-08 00:00:00-05:00,19.31999969482422,19.31999969482422,18.149999618530273,18.799999237060547,52100,0.0,0.0
2024-01-09 00:00:00-05:00,18.510000228881836,18.719999313354492,18.31999969482422,18.6299991607666,34200,0.0,0.0
2024-01-10 00:00:00-05:00,18.200000762939453,19.260000228881836,18.200000762939453,19.0,37300,0.0,0.0
2024-01-11 00:00:00-05:00,18.8700008392334,19.25,18.610000610351562,18.969999313354492,36200,0.0,0.0
2024-01-12 00:00:00-05:00,19.18000030517578,19.520000457763672,18.84000015258789,19.5,38900,0.0,0.0
2024-01-16 00:00:00-05:00,19.59000015258789,20.1299991607666,19.299999237060547,19.90999984741211,97700,0.0,0.0
2024-01-17 00:00:00-05:00,19.450000762939453,21.0,19.450000762939453,20.3700008392334,129000,0.0,0.0
2024-01-18 00:00:00-05:00,20.5,20.5,19.200000762939453,19.299999237060547,97200,0.0,0.0
2024-01-19 00:00:00-05:00,19.309999465942383,19.549999237060547,18.93000030517578,19.5,65000,0.0,0.0
2024-01-22 00:00:00-05:00,19.549999237060547,19.84000015258789,19.299999237060547,19.719999313354492,53000,0.0,0.0
2024-01-23 00:00:00-05:00,19.719999313354492,20.18000030517578,19.719999313354492,20.010000228881836,89400,0.0,0.0
2024-01-24 00:00:00-05:00,19.989999771118164,20.100000381469727,19.489999771118164,19.559999465942383,21800,0.0,0.0
2024-01-25 00:00:00-05:00,19.799999237060547,19.850000381469727,19.639999389648438,19.799999237060547,23300,0.0,0.0
2024-01-26 00:00:00-05:00,19.950000762939453,20.459999084472656,19.770000457763672,20.440000534057617,72800,0.0,0.0
2024-01-29 00:00:00-05:00,20.239999771118164,20.270000457763672,19.690000534057617,19.93000030517578,62800,0.0,0.0
2024-01-30 00:00:00-05:00,19.760000228881836,20.020000457763672,19.520000457763672,19.829999923706055,35900,0.0,0.0
2024-01-31 00:00:00-05:00,19.729999542236328,19.93000030517578,19.350000381469727,19.459999084472656,44700,0.0,0.0
2024-02-01 00:00:00-05:00,19.420000076293945,19.700000762939453,18.899999618530273,19.260000228881836,66600,0.0,0.0
2024-02-02 00:00:00-05:00,19.15999984741211,19.84000015258789,19.15999984741211,19.780000686645508,59300,0.0,0.0
2024-02-05 00:00:00-05:00,22.690000534057617,23.5,20.709999084472656,21.959999084472656,181500,0.0,0.0
2024-02-06 00:00:00-05:00,21.959999084472656,22.149999618530273,21.780000686645508,22.100000381469727,86800,0.0,0.0
2024-02-07 00:00:00-05:00,22.25,22.25,21.719999313354492,21.760000228881836,70100,0.0,0.0
2024-02-08 00:00:00-05:00,21.75,22.940000534057617,21.729999542236328,22.940000534057617,86600,0.0,0.0
2024-02-09 00:00:00-05:00,23.0,23.020000457763672,22.489999771118164,22.93000030517578,63800,0.0,0.0
2024-02-12 00:00:00-05:00,22.75,22.8799991607666,22.540000915527344,22.860000610351562,55000,0.0,0.0
2024-02-13 00:00:00-05:00,22.5,22.510000228881836,22.09000015258789,22.450000762939453,50200,0.0,0.0
2024-02-14 00:00:00-05:00,22.65999984741211,24.81999969482422,22.399999618530273,24.770000457763672,277500,0.0,0.0
2024-02-15 00:00:00-05:00,24.780000686645508,24.790000915527344,23.65999984741211,24.200000762939453,115400,0.0,0.0
2024-02-16 00:00:00-05:00,24.290000915527344,24.979999542236328,23.719999313354492,24.1200008392334,78200,0.0,0.0
2024-02-20 00:00:00-05:00,23.899999618530273,24.06999969482422,23.639999389648438,23.809999465942383,36200,0.0,0.0
2024-02-21 00:00:00-05:00,23.700000762939453,23.90999984741211,22.780000686645508,23.100000381469727,63400,0.0,0.0
2024-02-22 00:00:00-05:00,23.170000076293945,23.270000457763672,22.780000686645508,22.780000686645508,39500,0.0,0.0
2024-02-23 00:00:00-05:00,22.729999542236328,23.940000534057617,22.670000076293945,23.889999389648438,73600,0.0,0.0
2024-02-26 00:00:00-05:00,24.010000228881836,24.5,23.90999984741211,23.969999313354492,41800,0.0,0.0
2024-02-27 00:00:00-05:00,24.139999389648438,24.200000762939453,23.040000915527344,23.450000762939453,40200,0.0,0.0
2024-02-28 00:00:00-05:00,23.43000030517578,24.1299991607666,23.399999618530273,23.760000228881836,39200,0.0,0.0
2024-02-29 00:00:00-05:00,23.90999984741211,24.079999923706055,23.540000915527344,23.690000534057617,26000,0.0,0.0
2024-03-01 00:00:00-05:00,23.290000915527344,24.139999389648438,23.290000915527344,23.709999084472656,47200,0.0,0.0
2024-03-04 00:00:00-05:00,23.709999084472656,23.950000762939453,23.469999313354492,23.59000015258789,24900,0.0,0.0
2024-03-05 00:00:00-05:00,23.639999389648438,24.030000686645508,23.420000076293945,23.8799991607666,38300,0.0,0.0
2024-03-06 00:00:00-05:00,24.0,24.40999984741211,23.700000762939453,23.899999618530273,29900,0.0,0.0
2024-03-07 00:00:00-05:00,24.260000228881836,24.639999389648438,24.0,24.479999542236328,35000,0.0,0.0
2024-03-08 00:00:00-05:00,24.700000762939453,24.989999771118164,24.049999237060547,24.3799991607666,40900,0.0,0.0
2024-03-11 00:00:00-04:00,24.09000015258789,24.209999084472656,23.729999542236328,24.049999237060547,19300,0.0,0.0
2024-03-12 00:00:00-04:00,23.93000030517578,24.59000015258789,23.670000076293945,24.540000915527344,35000,0.0,0.0
2024-03-13 00:00:00-04:00,24.59000015258789,25.110000610351562,24.540000915527344,24.950000762939453,34100,0.0,0.0
2024-03-14 00:00:00-04:00,25.100000381469727,25.100000381469727,24.399999618530273,24.5,28900,0.0,0.0
2024-03-15 00:00:00-04:00,24.25,25.020000457763672,24.15999984741211,24.719999313354492,65400,0.0,0.0
2024-03-18 00:00:00-04:00,24.639999389648438,25.100000381469727,24.34000015258789,24.489999771118164,37100,0.0,0.0
2024-03-19 00:00:00-04:00,24.209999084472656,25.139999389648438,24.209999084472656,24.709999084472656,29400,0.0,0.0
2024-03-20 00:00:00-04:00,24.8799991607666,25.399999618530273,24.770000457763672,25.31999969482422,40900,0.0,0.0
2024-03-21 00:00:00-04:00,25.440000534057617,25.59000015258789,25.06999969482422,25.329999923706055,36000,0.0,0.0
2024-03-22 00:00:00-04:00,25.780000686645508,27.239999771118164,25.780000686645508,26.850000381469727,118100,0.0,0.0
2024-03-25 00:00:00-04:00,26.950000762939453,26.950000762939453,25.579999923706055,25.950000762939453,87100,0.0,0.0
2024-03-26 00:00:00-04:00,25.8700008392334,26.8700008392334,25.8700008392334,26.6299991607666,53000,0.0,0.0
2024-03-27 00:00:00-04:00,26.639999389648438,27.450000762939453,26.639999389648438,26.920000076293945,52700,0.0,0.0
2024-03-28 00:00:00-04:00,26.739999771118164,27.600000381469727,26.579999923706055,27.280000686645508,286200,0.0,0.0
2024-04-01 00:00:00-04:00,30.0,30.8799991607666,29.600000381469727,30.56999969482422,478800,0.0,0.0
2024-04-02 00:00:00-04:00,31.75,31.75,29.709999084472656,30.690000534057617,176000,0.0,0.0
2024-04-03 00:00:00-04:00,30.989999771118164,34.72999954223633,30.700000762939453,33.15999984741211,370500,0.0,0.0
2024-04-04 00:00:00-04:00,34.5,34.5,30.260000228881836,30.6299991607666,285200,0.0,0.0
2024-04-05 00:00:00-04:00,30.84000015258789,31.549999237060547,30.360000610351562,31.0,179200,0.0,0.0
2024-04-08 00:00:00-04:00,31.139999389648438,31.510000228881836,29.860000610351562,30.149999618530273,124000,0.0,0.0
2024-04-09 00:00:00-04:00,30.329999923706055,30.520000457763672,29.139999389648438,30.520000457763672,107100,0.0,0.0
2024-04-10 00:00:00-04:00,31.079999923706055,31.079999923706055,29.6200008392334,29.8799991607666,67700,0.0,0.0
2024-04-11 00:00:00-04:00,29.989999771118164,30.049999237060547,29.200000762939453,29.989999771118164,55300,0.0,0.0
2024-04-12 00:00:00-04:00,30.059999465942383,30.200000762939453,28.850000381469727,29.079999923706055,53600,0.0,0.0
2024-04-15 00:00:00-04:00,29.670000076293945,29.670000076293945,28.65999984741211,29.549999237060547,74700,0.0,0.0
2024-04-16 00:00:00-04:00,29.350000381469727,29.59000015258789,28.889999389648438,29.469999313354492,57900,0.0,0.0
2024-04-17 00:00:00-04:00,29.5,29.530000686645508,28.100000381469727,28.219999313354492,45400,0.0,0.0
2024-04-18 00:00:00-04:00,28.530000686645508,28.68000030517578,27.920000076293945,27.979999542236328,52400,0.0,0.0
2024-04-19 00:00:00-04:00,27.889999389648438,28.229999542236328,27.530000686645508,28.020000457763672,74700,0.0,0.0
2024-04-22 00:00:00-04:00,28.020000457763672,28.850000381469727,28.020000457763672,28.079999923706055,89100,0.0,0.0
2024-04-23 00:00:00-04:00,28.059999465942383,29.190000534057617,27.81999969482422,29.030000686645508,61100,0.0,0.0
2024-04-24 00:00:00-04:00,29.100000381469727,29.1200008392334,28.1200008392334,28.149999618530273,52000,0.0,0.0
2024-04-25 00:00:00-04:00,27.829999923706055,28.030000686645508,27.520000457763672,27.84000015258789,65600,0.0,0.0
2024-04-26 00:00:00-04:00,27.920000076293945,28.65999984741211,27.59000015258789,28.360000610351562,51000,0.0,0.0
2024-04-29 00:00:00-04:00,28.700000762939453,28.950000762939453,28.079999923706055,28.34000015258789,52800,0.0,0.0
2024-04-30 00:00:00-04:00,28.299999237060547,28.450000762939453,27.790000915527344,27.84000015258789,35000,0.0,0.0
2024-05-01 00:00:00-04:00,27.639999389648438,28.139999389648438,27.3799991607666,27.639999389648438,52800,0.0,0.0
2024-05-02 00:00:00-04:00,27.799999237060547,27.90999984741211,27.280000686645508,27.729999542236328,33700,0.0,0.0
2024-05-03 00:00:00-04:00,28.100000381469727,28.170000076293945,27.59000015258789,28.030000686645508,41900,0.0,0.0
2024-05-06 00:00:00-04:00,28.239999771118164,29.75,28.239999771118164,29.280000686645508,70500,0.0,0.0
2024-05-07 00:00:00-04:00,29.399999618530273,30.5,29.329999923706055,29.3700008392334,88600,0.0,0.0
2024-05-08 00:00:00-04:00,29.450000762939453,29.989999771118164,29.15999984741211,29.260000228881836,46100,0.0,0.0
2024-05-09 00:00:00-04:00,29.110000610351562,29.790000915527344,28.829999923706055,29.709999084472656,76400,0.0,0.0
2024-05-10 00:00:00-04:00,29.639999389648438,29.81999969482422,28.81999969482422,28.81999969482422,38400,0.0,0.0
2024-05-13 00:00:00-04:00,28.93000030517578,29.020000457763672,28.15999984741211,28.489999771118164,48400,0.0,0.0
2024-05-14 00:00:00-04:00,28.260000228881836,28.719999313354492,28.040000915527344,28.239999771118164,43900,0.0,0.0
2024-05-15 00:00:00-04:00,28.239999771118164,29.170000076293945,28.239999771118164,28.950000762939453,43300,0.0,0.0
2024-05-16 00:00:00-04:00,28.719999313354492,29.309999465942383,28.600000381469727,28.780000686645508,35900,0.0,0.0
2024-05-17 00:00:00-04:00,28.600000381469727,29.1200008392334,28.170000076293945,29.1200008392334,46700,0.0,0.0
2024-05-20 00:00:00-04:00,28.860000610351562,30.280000686645508,28.049999237060547,29.829999923706055,59200,0.0,0.0
2024-05-21 00:00:00-04:00,29.68000030517578,29.8799991607666,29.3799991607666,29.649999618530273,21500,0.0,0.0
2024-05-22 00:00:00-04:00,29.549999237060547,29.8700008392334,28.709999084472656,28.8700008392334,38100,0.0,0.0
2024-05-23 00:00:00-04:00,28.65999984741211,28.860000610351562,27.700000762939453,28.40999984741211,61000,0.0,0.0
2024-05-24 00:00:00-04:00,28.540000915527344,29.440000534057617,28.219999313354492,29.440000534057617,83800,0.0,0.0
2024-05-28 00:00:00-04:00,29.190000534057617,29.190000534057617,27.350000381469727,27.540000915527344,102300,0.0,0.0
2024-05-29 00:00:00-04:00,27.079999923706055,27.670000076293945,26.75,27.350000381469727,56400,0.0,0.0
2024-05-30 00:00:00-04:00,27.290000915527344,27.65999984741211,26.950000762939453,27.040000915527344,39600,0.0,0.0
2024-05-31 00:00:00-04:00,26.920000076293945,27.260000228881836,26.440000534057617,27.049999237060547,60600,0.0,0.0
2024-06-03 00:00:00-04:00,27.389999389648438,27.389999389648438,26.389999389648438,26.729999542236328,39800,0.0,0.0
2024-06-04 00:00:00-04:00,26.299999237060547,26.43000030517578,25.219999313354492,25.559999465942383,60100,0.0,0.0
2024-06-05 00:00:00-04:00,25.700000762939453,26.3799991607666,25.299999237060547,26.219999313354492,73200,0.0,0.0
2024-06-06 00:00:00-04:00,25.969999313354492,27.059999465942383,25.420000076293945,26.059999465942383,82600,0.0,0.0
2024-06-07 00:00:00-04:00,28.510000228881836,29.09000015258789,27.260000228881836,27.649999618530273,176000,0.0,0.0
2024-06-10 00:00:00-04:00,27.81999969482422,29.65999984741211,27.700000762939453,29.34000015258789,87500,0.0,0.0
2024-06-11 00:00:00-04:00,29.309999465942383,30.09000015258789,28.65999984741211,29.959999084472656,71600,0.0,0.0
2024-06-12 00:00:00-04:00,30.309999465942383,31.06999969482422,29.979999542236328,30.670000076293945,71200,0.0,0.0
2024-06-13 00:00:00-04:00,30.6299991607666,30.979999542236328,29.40999984741211,29.6200008392334,58500,0.0,0.0
2024-06-14 00:00:00-04:00,29.06999969482422,29.389999389648438,28.559999465942383,28.920000076293945,49800,0.0,0.0
2024-06-17 00:00:00-04:00,29.280000686645508,29.75,28.959999084472656,29.43000030517578,61900,0.0,0.0
2024-06-18 00:00:00-04:00,29.209999084472656,29.920000076293945,28.709999084472656,29.65999984741211,65100,0.0,0.0
2024-06-20 00:00:00-04:00,29.790000915527344,30.110000610351562,28.360000610351562,28.790000915527344,79900,0.0,0.0
2024-06-21 00:00:00-04:00,28.3700008392334,28.920000076293945,28.15999984741211,28.40999984741211,85000,0.0,0.0
2024-06-24 00:00:00-04:00,28.809999465942383,29.219999313354492,27.520000457763672,28.0,95300,0.0,0.0
2024-06-25 00:00:00-04:00,28.139999389648438,28.139999389648438,27.239999771118164,27.5,107800,0.0,0.0
2024-06-26 00:00:00-04:00,27.489999771118164,27.530000686645508,26.329999923706055,27.5,124800,0.0,0.0
2024-06-27 00:00:00-04:00,27.649999618530273,28.229999542236328,27.170000076293945,28.0,143600,0.0,0.0
2024-06-28 00:00:00-04:00,28.020000457763672,28.940000534057617,27.649999618530273,28.15999984741211,1474100,0.0,0.0
2024-07-01 00:00:00-04:00,28.15999984741211,28.75,27.790000915527344,28.610000610351562,124900,0.0,0.0
2024-07-02 00:00:00-04:00,28.3700008392334,28.75,28.110000610351562,28.420000076293945,71500,0.0,0.0
2024-07-03 00:00:00-04:00,28.489999771118164,28.979999542236328,28.489999771118164,28.639999389648438,28300,0.0,0.0
2024-07-05 00:00:00-04:00,28.510000228881836,28.510000228881836,27.5,28.059999465942383,85100,0.0,0.0
2024-07-08 00:00:00-04:00,28.350000381469727,28.850000381469727,28.110000610351562,28.489999771118164,81500,0.0,0.0
2024-07-09 00:00:00-04:00,28.329999923706055,28.479999542236328,27.149999618530273,27.170000076293945,69800,0.0,0.0
2024-07-10 00:00:00-04:00,27.25,27.56999969482422,27.0,27.299999237060547,57600,0.0,0.0
2024-07-11 00:00:00-04:00,27.8700008392334,28.610000610351562,27.43000030517578,28.190000534057617,75900,0.0,0.0
2024-07-12 00:00:00-04:00,28.690000534057617,29.959999084472656,28.65999984741211,29.8799991607666,109100,0.0,0.0
2024-07-15 00:00:00-04:00,30.110000610351562,30.610000610351562,29.860000610351562,30.309999465942383,85500,0.0,0.0
2024-07-16 00:00:00-04:00,30.700000762939453,32.220001220703125,30.31999969482422,31.75,97400,0.0,0.0
2024-07-17 00:00:00-04:00,31.549999237060547,31.770000457763672,30.75,30.780000686645508,61600,0.0,0.0
2024-07-18 00:00:00-04:00,30.68000030517578,31.31999969482422,29.34000015258789,29.850000381469727,86500,0.0,0.0
2024-07-19 00:00:00-04:00,29.959999084472656,30.43000030517578,29.459999084472656,30.31999969482422,73900,0.0,0.0
2024-07-22 00:00:00-04:00,30.34000015258789,32.65999984741211,30.34000015258789,32.290000915527344,107600,0.0,0.0
2024-07-23 00:00:00-04:00,32.18000030517578,33.25,32.18000030517578,32.91999816894531,77400,0.0,0.0
2024-07-24 00:00:00-04:00,32.70000076293945,33.349998474121094,31.549999237060547,31.559999465942383,110400,0.0,0.0
2024-07-25 00:00:00-04:00,31.84000015258789,32.599998474121094,30.610000610351562,32.04999923706055,86000,0.0,0.0
2024-07-26 00:00:00-04:00,32.63999938964844,33.22999954223633,32.27000045776367,32.959999084472656,65400,0.0,0.0
2024-07-29 00:00:00-04:00,32.880001068115234,33.5,32.099998474121094,32.400001525878906,42100,0.0,0.0
2024-07-30 00:00:00-04:00,32.77000045776367,32.880001068115234,31.75,32.40999984741211,67900,0.0,0.0
2024-07-31 00:00:00-04:00,32.81999969482422,33.63999938964844,32.02000045776367,32.77000045776367,69700,0.0,0.0
2024-08-01 00:00:00-04:00,32.77000045776367,33.119998931884766,30.6299991607666,31.329999923706055,67300,0.0,0.0
2024-08-02 00:00:00-04:00,30.0,30.799999237060547,29.399999618530273,30.440000534057617,76200,0.0,0.0
2024-08-05 00:00:00-04:00,28.5,29.5,27.670000076293945,28.65999984741211,67300,0.0,0.0
2024-08-06 00:00:00-04:00,28.670000076293945,29.5,28.670000076293945,29.020000457763672,50300,0.0,0.0
2024-08-07 00:00:00-04:00,32.20000076293945,32.20000076293945,27.799999237060547,27.84000015258789,91700,0.0,0.0
2024-08-08 00:00:00-04:00,28.360000610351562,29.09000015258789,28.219999313354492,28.709999084472656,46800,0.0,0.0
2024-08-09 00:00:00-04:00,28.469999313354492,28.739999771118164,27.989999771118164,28.5,54500,0.0,0.0
2024-08-12 00:00:00-04:00,28.329999923706055,28.549999237060547,27.90999984741211,28.170000076293945,45700,0.0,0.0
2024-08-13 00:00:00-04:00,28.3700008392334,28.959999084472656,27.989999771118164,28.780000686645508,45000,0.0,0.0
2024-08-14 00:00:00-04:00,28.790000915527344,29.299999237060547,28.450000762939453,29.020000457763672,50000,0.0,0.0
2024-08-15 00:00:00-04:00,29.84000015258789,30.280000686645508,29.290000915527344,29.790000915527344,42100,0.0,0.0
2024-08-16 00:00:00-04:00,29.75,29.75,29.25,29.329999923706055,26600,0.0,0.0
2024-08-19 00:00:00-04:00,29.399999618530273,29.760000228881836,29.18000030517578,29.709999084472656,23500,0.0,0.0
2024-08-20 00:00:00-04:00,29.600000381469727,29.770000457763672,28.709999084472656,28.920000076293945,29700,0.0,0.0
2024-08-21 00:00:00-04:00,28.959999084472656,29.81999969482422,28.719999313354492,29.709999084472656,37900,0.0,0.0
2024-08-22 00:00:00-04:00,29.649999618530273,30.219999313354492,29.639999389648438,30.040000915527344,40600,0.0,0.0
2024-08-23 00:00:00-04:00,30.25,31.31999969482422,30.06999969482422,31.100000381469727,41200,0.0,0.0
2024-08-26 00:00:00-04:00,31.829999923706055,32.099998474121094,31.25,31.5,49800,0.0,0.0
2024-08-27 00:00:00-04:00,31.450000762939453,32.11000061035156,31.020000457763672,31.93000030517578,32800,0.0,0.0
2024-08-28 00:00:00-04:00,32.029998779296875,32.029998779296875,30.93000030517578,31.049999237060547,49100,0.0,0.0
2024-08-29 00:00:00-04:00,31.360000610351562,31.729999542236328,31.09000015258789,31.350000381469727,18600,0.0,0.0
2024-08-30 00:00:00-04:00,31.700000762939453,31.8700008392334,30.889999389648438,31.84000015258789,31600,0.0,0.0
2024-09-03 00:00:00-04:00,31.510000228881836,31.510000228881836,29.200000762939453,29.649999618530273,49600,0.0,0.0
2024-09-04 00:00:00-04:00,29.299999237060547,29.780000686645508,29.170000076293945,29.260000228881836,47400,0.0,0.0
2024-09-05 00:00:00-04:00,29.450000762939453,29.450000762939453,28.219999313354492,28.700000762939453,34100,0.0,0.0
2024-09-06 00:00:00-04:00,28.579999923706055,29.010000228881836,27.479999542236328,27.56999969482422,43000,0.0,0.0
2024-09-09 00:00:00-04:00,27.75,28.450000762939453,27.75,28.049999237060547,31400,0.0,0.0
2024-09-10 00:00:00-04:00,28.329999923706055,28.469999313354492,27.770000457763672,28.440000534057617,35600,0.0,0.0
2024-09-11 00:00:00-04:00,28.270000457763672,29.049999237060547,27.979999542236328,29.0,32300,0.0,0.0
2024-09-12 00:00:00-04:00,29.3700008392334,29.950000762939453,28.729999542236328,29.030000686645508,47700,0.0,0.0
2024-09-13 00:00:00-04:00,29.559999465942383,30.209999084472656,29.200000762939453,29.530000686645508,70100,0.0,0.0
2024-09-16 00:00:00-04:00,29.530000686645508,29.530000686645508,28.75,29.280000686645508,38300,0.0,0.0
2024-09-17 00:00:00-04:00,29.75,30.079999923706055,29.3799991607666,29.579999923706055,30100,0.0,0.0
2024-09-18 00:00:00-04:00,28.90999984741211,30.770000457763672,28.90999984741211,29.899999618530273,38700,0.0,0.0
2024-09-19 00:00:00-04:00,31.010000228881836,31.010000228881836,30.020000457763672,30.559999465942383,32500,0.0,0.0
2024-09-20 00:00:00-04:00,30.31999969482422,30.809999465942383,30.049999237060547,30.34000015258789,67400,0.0,0.0
2024-09-23 00:00:00-04:00,30.579999923706055,30.579999923706055,30.059999465942383,30.329999923706055,32900,0.0,0.0
2024-09-24 00:00:00-04:00,30.40999984741211,30.40999984741211,29.670000076293945,30.1200008392334,37800,0.0,0.0
2024-09-25 00:00:00-04:00,30.110000610351562,30.110000610351562,29.389999389648438,29.479999542236328,31100,0.0,0.0
2024-09-26 00:00:00-04:00,29.989999771118164,30.079999923706055,29.219999313354492,29.25,42700,0.0,0.0
2024-09-27 00:00:00-04:00,29.530000686645508,29.899999618530273,29.149999618530273,29.510000228881836,26600,0.0,0.0
2024-09-30 00:00:00-04:00,29.31999969482422,29.809999465942383,28.899999618530273,29.59000015258789,31300,0.0,0.0
2024-10-01 00:00:00-04:00,29.56999969482422,29.56999969482422,28.899999618530273,29.280000686645508,25900,0.0,0.0
2024-10-02 00:00:00-04:00,29.1200008392334,29.450000762939453,29.09000015258789,29.399999618530273,12900,0.0,0.0
2024-10-03 00:00:00-04:00,29.299999237060547,29.350000381469727,28.84000015258789,28.8700008392334,24700,0.0,0.0
2024-10-04 00:00:00-04:00,29.3700008392334,29.799999237060547,28.8700008392334,29.670000076293945,24100,0.0,0.0
2024-10-07 00:00:00-04:00,29.690000534057617,29.75,29.360000610351562,29.6299991607666,17200,0.0,0.0
2024-10-08 00:00:00-04:00,29.780000686645508,29.950000762939453,29.350000381469727,29.559999465942383,18100,0.0,0.0
2024-10-09 00:00:00-04:00,29.68000030517578,30.31999969482422,29.68000030517578,30.239999771118164,24500,0.0,0.0
2024-10-10 00:00:00-04:00,29.799999237060547,30.459999084472656,29.3700008392334,30.020000457763672,54600,0.0,0.0
2024-10-11 00:00:00-04:00,30.170000076293945,30.920000076293945,29.079999923706055,30.920000076293945,38600,0.0,0.0
2024-10-14 00:00:00-04:00,30.809999465942383,31.43000030517578,30.329999923706055,31.030000686645508,39700,0.0,0.0
2024-10-15 00:00:00-04:00,31.139999389648438,31.389999389648438,30.690000534057617,31.020000457763672,33100,0.0,0.0
2024-10-16 00:00:00-04:00,31.209999084472656,31.850000381469727,30.969999313354492,31.360000610351562,43400,0.0,0.0
2024-10-17 00:00:00-04:00,31.639999389648438,31.979999542236328,31.479999542236328,31.700000762939453,25900,0.0,0.0
2024-10-18 00:00:00-04:00,31.770000457763672,31.780000686645508,31.139999389648438,31.309999465942383,19100,0.0,0.0
2024-10-21 00:00:00-04:00,31.389999389648438,31.690000534057617,31.219999313354492,31.229999542236328,22200,0.0,0.0
2024-10-22 00:00:00-04:00,31.479999542236328,31.479999542236328,30.889999389648438,31.0,31300,0.0,0.0
2024-10-23 00:00:00-04:00,30.75,30.889999389648438,29.6299991607666,29.700000762939453,28400,0.0,0.0
2024-10-24 00:00:00-04:00,29.860000610351562,29.860000610351562,29.040000915527344,29.520000457763672,27100,0.0,0.0
2024-10-25 00:00:00-04:00,29.84000015258789,30.40999984741211,29.739999771118164,29.899999618530273,22800,0.0,0.0
2024-10-28 00:00:00-04:00,30.329999923706055,30.770000457763672,29.540000915527344,29.56999969482422,36900,0.0,0.0
2024-10-29 00:00:00-04:00,29.209999084472656,29.399999618530273,28.68000030517578,28.780000686645508,31600,0.0,0.0
2024-10-30 00:00:00-04:00,28.81999969482422,29.549999237060547,28.81999969482422,29.34000015258789,29400,0.0,0.0
2024-10-31 00:00:00-04:00,29.010000228881836,29.200000762939453,28.0,28.020000457763672,35300,0.0,0.0
2024-11-01 00:00:00-04:00,28.459999084472656,28.829999923706055,27.8799991607666,28.229999542236328,28500,0.0,0.0
2024-11-04 00:00:00-05:00,27.93000030517578,28.75,27.40999984741211,28.309999465942383,58900,0.0,0.0
2024-11-05 00:00:00-05:00,28.149999618530273,29.229999542236328,28.149999618530273,28.989999771118164,25900,0.0,0.0
2024-11-06 00:00:00-05:00,31.200000762939453,32.59000015258789,30.93000030517578,32.470001220703125,103900,0.0,0.0
2024-11-07 00:00:00-05:00,32.650001525878906,33.45000076293945,32.09000015258789,33.380001068115234,63300,0.0,0.0
2024-11-08 00:00:00-05:00,35.33000183105469,40.0,35.0,39.06999969482422,175600,0.0,0.0
2024-11-11 00:00:00-05:00,40.38999938964844,41.189998626708984,38.849998474121094,41.02000045776367,100800,0.0,0.0
2024-11-12 00:00:00-05:00,40.869998931884766,41.04999923706055,39.77000045776367,40.720001220703125,80000,0.0,0.0
2024-11-13 00:00:00-05:00,41.11000061035156,42.650001525878906,41.099998474121094,41.59000015258789,90200,0.0,0.0
2024-11-14 00:00:00-05:00,41.93000030517578,42.04999923706055,40.369998931884766,40.59000015258789,114000,0.0,0.0
2024-11-15 00:00:00-05:00,40.58000183105469,41.369998931884766,39.75,40.25,93700,0.0,0.0
2024-11-18 00:00:00-05:00,40.459999084472656,41.470001220703125,40.33000183105469,40.77000045776367,110100,0.0,0.0
2024-11-19 00:00:00-05:00,40.099998474121094,42.7599983215332,39.38999938964844,42.68000030517578,127600,0.0,0.0
2024-11-20 00:00:00-05:00,42.40999984741211,42.790000915527344,41.70000076293945,42.7400016784668,60500,0.0,0.0
2024-11-21 00:00:00-05:00,43.0,44.0,42.130001068115234,43.349998474121094,61900,0.0,0.0
2024-11-22 00:00:00-05:00,43.65999984741211,44.72999954223633,43.16999816894531,44.650001525878906,67200,0.0,0.0
2024-11-25 00:00:00-05:00,45.0,45.66999816894531,43.959999084472656,44.33000183105469,44600,0.0,0.0
2024-11-26 00:00:00-05:00,43.439998626708984,45.45000076293945,43.099998474121094,44.0099983215332,91600,0.0,0.0
2024-11-27 00:00:00-05:00,44.13999938964844,44.68000030517578,42.869998931884766,43.81999969482422,50900,0.0,0.0
2024-11-29 00:00:00-05:00,44.5,45.400001525878906,44.34000015258789,44.81999969482422,49600,0.0,0.0
2024-12-02 00:00:00-05:00,45.279998779296875,46.04999923706055,43.900001525878906,44.84000015258789,105500,0.0,0.0
2024-12-03 00:00:00-05:00,44.86000061035156,45.849998474121094,44.130001068115234,44.90999984741211,58800,0.0,0.0
2024-12-04 00:00:00-05:00,45.08000183105469,45.310001373291016,44.0,44.56999969482422,58300,0.0,0.0
2024-12-05 00:00:00-05:00,44.56999969482422,44.849998474121094,43.15999984741211,43.38999938964844,49800,0.0,0.0
2024-12-06 00:00:00-05:00,43.97999954223633,43.97999954223633,43.0,43.27000045776367,60700,0.0,0.0
2024-12-09 00:00:00-05:00,43.5,44.599998474121094,43.08000183105469,43.25,71300,0.0,0.0
2024-12-10 00:00:00-05:00,43.5099983215332,45.810001373291016,43.02000045776367,45.04999923706055,89100,0.0,0.0
2024-12-11 00:00:00-05:00,46.119998931884766,46.119998931884766,44.25,44.81999969482422,73500,0.0,0.0
2024-12-12 00:00:00-05:00,44.86000061035156,45.70050048828125,43.7599983215332,44.02000045776367,82121,0.0,0.0
