Date,Open,High,Low,Close,Volume,Dividends,Stock Splits
2022-01-03 00:00:00-05:00,3.881221499872754,3.957323811069388,3.820339650915447,3.8736114501953125,50500,0.0,0.0
2022-01-04 00:00:00-05:00,3.7975087709004995,3.8660010323256566,3.7137964101413568,3.7214064598083496,56100,0.0,0.0
2022-01-05 00:00:00-05:00,3.73662689358696,3.812729566984329,3.7061859693817887,3.7746782302856445,70300,0.0,0.0
2022-01-06 00:00:00-05:00,3.812729808649122,3.9116626371444334,3.7746784695386038,3.8355603218078613,57300,0.0,0.0
2022-01-07 00:00:00-05:00,3.797509041628684,3.8812217712402344,3.797509041628684,3.8812217712402344,23200,0.0,0.0
2022-01-10 00:00:00-05:00,3.866001016656124,3.9573237895965576,3.759457781558951,3.9573237895965576,34400,0.0,0.0
2022-01-11 00:00:00-05:00,3.7746780240533733,3.843170281215105,3.751847150704656,3.8127293586730957,16900,0.0,0.0
2022-01-12 00:00:00-05:00,3.858391257727201,3.904052647637737,3.8355603813296986,3.8812217712402344,16900,0.0,0.0
2022-01-13 00:00:00-05:00,3.8812214788128627,3.9573237895965576,3.8736114291767145,3.9573237895965576,37400,0.0,0.0
2022-01-14 00:00:00-05:00,3.8736112765381634,3.9497135843230686,3.8736112765381634,3.9192726612091064,11200,0.0,0.0
2022-01-18 00:00:00-05:00,3.8355603218078613,3.850780784875176,3.7746784695386038,3.8355603218078613,28000,0.0,0.0
2022-01-19 00:00:00-05:00,3.92688286528308,3.987764713910036,3.911662403126341,3.9573237895965576,37700,0.0,0.0
2022-01-20 00:00:00-05:00,4.018206001107956,4.063867387578173,3.9421033274398187,3.9573237895965576,66500,0.0,0.0
2022-01-21 00:00:00-05:00,3.9116621754924155,3.92688263676342,3.789898485324378,3.8127293586730957,17000,0.0,0.0
2022-01-24 00:00:00-05:00,3.751847292178456,3.751847292178456,3.6529144716285997,3.7290167808532715,36100,0.0,0.0
2022-01-25 00:00:00-05:00,3.7670679092407227,3.789898784391059,3.6833555470865376,3.7670679092407227,17200,0.0,0.0
2022-01-26 00:00:00-05:00,3.8279504269290294,3.8279504269290294,3.6681353767999467,3.6909658908843994,36500,0.0,0.0
2022-01-27 00:00:00-05:00,3.7061859395197168,3.7366268634796143,3.6681349660120635,3.7366268634796143,31600,0.0,0.0
2022-01-28 00:00:00-05:00,3.7975086562727696,3.8583908661932047,3.7442372215584836,3.843170404434204,19500,0.0,0.0
2022-01-31 00:00:00-05:00,3.9497137695898346,4.010595618673506,3.919272845047999,3.995375156402588,41700,0.0,0.0
2022-02-01 00:00:00-05:00,4.06386765680142,4.208462238311768,4.056257243776654,4.208462238311768,42600,0.0,0.0
2022-02-02 00:00:00-05:00,4.132359386983695,4.170410724749098,4.041036611808072,4.162800312042236,23100,0.0,0.0
2022-02-03 00:00:00-05:00,4.086698019819133,4.094308432564027,3.9649343189764554,4.0182061195373535,21400,0.0,0.0
2022-02-04 00:00:00-05:00,3.904052411411138,3.9877647730729473,3.8736114866460354,3.942103385925293,19000,0.0,0.0
2022-02-07 00:00:00-05:00,4.094308498083592,4.193241688043682,4.094308498083592,4.185631275177002,16900,0.0,0.0
2022-02-08 00:00:00-05:00,4.11713904173686,4.132359504699707,4.07147765284832,4.132359504699707,11000,0.0,0.0
2022-02-09 00:00:00-05:00,4.170411015224389,4.299785137176514,4.162800601987453,4.299785137176514,38000,0.0,0.0
2022-02-10 00:00:00-05:00,4.330225681413796,4.4443793296813965,4.330225681413796,4.4443793296813965,16700,0.0,0.0
2022-02-11 00:00:00-05:00,4.383497868360443,4.4215488458917,4.299785137176514,4.299785137176514,10400,0.0,0.0
2022-02-14 00:00:00-05:00,4.391107559204102,4.436768946233907,4.383497509474691,4.391107559204102,19300,0.0,0.0
2022-02-15 00:00:00-05:00,4.383497597044209,4.436769034867633,4.375887184278318,4.413938522338867,11500,0.0,0.0
2022-02-16 00:00:00-05:00,4.42154822493896,4.520481405818325,4.42154822493896,4.505260944366455,9300,0.0,0.0
2022-02-17 00:00:00-05:00,4.429159281299928,4.5433125773496,4.3911079406937175,4.520482063293457,14600,0.0,0.0
2022-02-18 00:00:00-05:00,4.505260995718329,4.505260995718329,4.3758868904605945,4.429158687591553,9600,0.0,0.0
2022-02-22 00:00:00-05:00,4.558532507081881,4.596583843231201,4.550922457582678,4.596583843231201,42200,0.0,0.0
2022-02-23 00:00:00-05:00,4.703127060236325,4.786839781746267,4.672686136575334,4.7716193199157715,44500,0.0,0.0
2022-02-24 00:00:00-05:00,4.69551756487234,4.817281273885406,4.665076637619073,4.794450759887695,36800,0.0,0.0
2022-02-25 00:00:00-05:00,4.7944502673974885,4.946654888029227,4.7944502673974885,4.93904447555542,73400,0.0,0.0
2022-02-28 00:00:00-05:00,4.931434432621162,5.09885951554202,4.847721709718513,5.091249465942383,29600,0.0,0.0
2022-03-01 00:00:00-05:00,5.091249091014429,5.09885914005365,4.718347253097873,4.76400899887085,46300,0.0,0.0
2022-03-02 00:00:00-05:00,5.091249402189377,5.098859451693721,4.802060263335613,5.04558801651001,44100,0.0,0.0
2022-03-03 00:00:00-05:00,5.083639379358133,5.235844372837211,5.060808866211173,5.174962520599365,56400,0.0,0.0
2022-03-04 00:00:00-05:00,5.182572512927797,5.251064777374268,5.114080248481326,5.251064777374268,182100,0.0,0.0
2022-03-07 00:00:00-05:00,5.205403448420017,5.296726226806641,5.121690720123381,5.296726226806641,148400,0.0,0.0
2022-03-08 00:00:00-05:00,5.174962058058924,5.174962058058924,4.992316154785896,4.999926567077637,96100,0.0,0.0
2022-03-09 00:00:00-05:00,4.999926630830642,5.16735171165499,4.969485707044397,5.04558801651001,86000,0.0,0.0
2022-03-10 00:00:00-05:00,4.9542652557573925,5.1901825970480635,4.939044430947249,5.167351722717285,54500,0.0,0.0
2022-03-11 00:00:00-05:00,5.091249337271934,5.129300310077343,4.969485643679537,4.999926567077637,28600,0.0,0.0
2022-03-14 00:00:00-04:00,4.931435022348077,5.030368219165392,4.878163217242334,4.908604145050049,82000,0.0,0.0
2022-03-15 00:00:00-04:00,4.817280853062853,4.832501315359874,4.68029669238966,4.687906742095947,52100,0.0,0.0
2022-03-16 00:00:00-04:00,4.756399037198302,4.862942274023899,4.756399037198302,4.786839962005615,48800,0.0,0.0
2022-03-17 00:00:00-04:00,4.809670651905907,5.076028915158708,4.802060239554816,5.068418502807617,48600,0.0,0.0
2022-03-18 00:00:00-04:00,5.0760291568732105,5.16735193212838,5.0760291568732105,5.129300594329834,50100,0.0,0.0
2022-03-21 00:00:00-04:00,5.205402891810761,5.349997456903774,5.190182430373834,5.273894786834717,61300,0.0,0.0
2022-03-22 00:00:00-04:00,5.334777138473806,5.34999760031874,5.167351695295093,5.22062349319458,54200,0.0,0.0
2022-03-23 00:00:00-04:00,5.152131305496508,5.433710035007551,5.136910843438734,5.3880486488342285,126400,0.0,0.0
2022-03-24 00:00:00-04:00,5.441320805582172,5.441320805582172,5.121690718449019,5.174962520599365,148400,0.0,0.0
2022-03-25 00:00:00-04:00,5.167352050037965,5.251064777374268,5.037977934032169,5.251064777374268,120200,0.0,0.0
2022-03-28 00:00:00-04:00,5.251064470420455,5.251064470420455,5.0608085139768475,5.144521236419678,64200,0.0,0.0
2022-03-29 00:00:00-04:00,5.106470081958268,5.1597418822993415,5.022757356532137,5.129300594329834,141300,0.0,0.0
2022-03-30 00:00:00-04:00,5.121690662770531,5.159742001447756,5.076029274088537,5.098859786987305,62200,0.0,0.0
2022-03-31 00:00:00-04:00,5.129300502797075,5.182572302187509,5.0836391159843215,5.136910915374756,59100,0.0,0.0
2022-04-01 00:00:00-04:00,5.220623851594604,5.273895290266785,5.167352050037965,5.251064777374268,43500,0.0,0.0
2022-04-04 00:00:00-04:00,5.273894912595735,5.39565896987915,5.159741630538907,5.39565896987915,70400,0.0,0.0
2022-04-05 00:00:00-04:00,5.494592248359863,5.532643587475068,5.388049006875537,5.418489933013916,85800,0.0,0.0
2022-04-06 00:00:00-04:00,5.372828540730238,5.570694923400879,5.372828540730238,5.570694923400879,56900,0.0,0.0
2022-04-07 00:00:00-04:00,5.6239660996860525,5.951206584510758,5.433710138884507,5.654407024383545,124900,0.0,0.0
2022-04-08 00:00:00-04:00,5.6696271313951705,6.613296463642953,5.5706943137710425,6.248005390167236,243800,0.0,0.0
2022-04-11 00:00:00-04:00,6.392600146783532,7.473254088258063,5.928375852509676,6.26322603225708,538700,0.0,0.0
2022-04-12 00:00:00-04:00,6.278446849644358,6.392600138421237,6.019698620929928,6.324108600616455,141000,0.0,0.0
2022-04-13 00:00:00-04:00,6.354549278135613,6.468702562459701,5.951206488101324,6.080580234527588,195700,0.0,0.0
2022-04-14 00:00:00-04:00,5.577481653375477,5.689995584263133,5.392637146735493,5.545334815979004,646700,0.424,0.0
2022-04-18 00:00:00-04:00,5.657848734253885,5.842693240481804,5.625701896929075,5.730179309844971,364200,0.0,0.0
2022-04-19 00:00:00-04:00,5.826620529411385,5.850730851943244,5.545335477049433,5.585518836975098,137900,0.0,0.0
2022-04-20 00:00:00-04:00,5.537298088476583,5.7944731789249575,5.537298088476583,5.71410608291626,94200,0.0,0.0
2022-04-21 00:00:00-04:00,5.786436083553123,6.051648066313596,5.6096284782666705,5.730179309844971,103100,0.0,0.0
2022-04-22 00:00:00-04:00,5.698032397105445,5.698032397105445,5.3685267440564335,5.3846001625061035,128700,0.0,0.0
2022-04-25 00:00:00-04:00,5.384600440395125,5.448894500732422,5.183682507795,5.448894500732422,173200,0.0,0.0
2022-04-26 00:00:00-04:00,5.448894788943031,5.513188469460496,5.3846007252050025,5.440857887268066,54900,0.0,0.0
2022-04-27 00:00:00-04:00,5.46496837397753,5.609629159506957,5.46496837397753,5.585518836975098,68800,0.0,0.0
2022-04-28 00:00:00-04:00,5.569444752416094,5.60962849077195,5.473004240226675,5.545334815979004,45900,0.0,0.0
2022-04-29 00:00:00-04:00,5.58551846111294,5.689995879686182,5.521224782981884,5.537298202514648,89000,0.0,0.0
2022-05-02 00:00:00-04:00,5.481041444815369,5.481041444815369,5.256013187353799,5.376564025878906,48000,0.0,0.0
2022-05-03 00:00:00-04:00,5.3444169800402666,5.577481746673584,5.320306659979338,5.577481746673584,43200,0.0,0.0
2022-05-04 00:00:00-04:00,5.593555059604266,5.770362664890718,5.497114547629837,5.730179309844971,95700,0.0,0.0
2022-05-05 00:00:00-04:00,5.633739206567916,5.657849144700304,5.3604906862638,5.489078044891357,68000,0.0,0.0
2022-05-06 00:00:00-04:00,5.464968128962768,5.464968128962768,5.288160126910961,5.328343868255615,125200,0.0,0.0
2022-05-09 00:00:00-04:00,5.296197148632793,5.296197148632793,5.127426044308916,5.1756463050842285,121800,0.0,0.0
2022-05-10 00:00:00-04:00,5.215829283992075,5.247976505386638,5.103315350382992,5.127425670623779,88300,0.0,0.0
2022-05-11 00:00:00-04:00,5.103315472255735,5.103315472255735,4.886324117788816,4.8943610191345215,230300,0.0,0.0
2022-05-12 00:00:00-04:00,4.89436109999214,5.006875038146973,4.862214260519331,5.006875038146973,98100,0.0,0.0
2022-05-13 00:00:00-04:00,5.103315346340035,5.183682441711426,5.014911349821236,5.183682441711426,129800,0.0,0.0
2022-05-16 00:00:00-04:00,5.183682841738837,5.183682841738837,4.974728377648101,5.071168899536133,61400,0.0,0.0
2022-05-17 00:00:00-04:00,5.191719434977069,5.231903174986026,5.119388856249165,5.215829372406006,74200,0.0,0.0
2022-05-18 00:00:00-04:00,5.207792976462308,5.207792976462308,4.958654778937759,5.006875038146973,59900,0.0,0.0
2022-05-19 00:00:00-04:00,5.0792055078473615,5.167609122860162,5.0792055078473615,5.135462284088135,44500,0.0,0.0
2022-05-20 00:00:00-04:00,5.3203067028064925,5.3203067028064925,4.95865458152511,5.103315353393555,245200,0.0,0.0
2022-05-23 00:00:00-04:00,5.247976501229077,5.247976501229077,5.119388765414313,5.183682441711426,68600,0.0,0.0
2022-05-24 00:00:00-04:00,5.223865987970879,5.247976307301622,5.0872417392778955,5.199755668640137,63200,0.0,0.0
2022-05-25 00:00:00-04:00,5.183682620758492,5.29619694138528,5.10331552261118,5.2720866203308105,160500,0.0,0.0
2022-05-26 00:00:00-04:00,5.239939767765156,5.3926374454675505,5.2077929285878675,5.376564025878906,80400,0.0,0.0
2022-05-27 00:00:00-04:00,5.376563836699204,5.448894413913356,5.336380097531222,5.368526935577393,81100,0.0,0.0
2022-05-31 00:00:00-04:00,5.601592076053308,5.649812719554293,5.424784455025094,5.5212249755859375,103300,0.0,0.0
2022-06-01 00:00:00-04:00,5.5372979252709,5.58551818145488,5.328343481806986,5.416747093200684,75900,0.0,0.0
2022-06-02 00:00:00-04:00,5.440857785406023,5.529261786072747,5.408710945749134,5.489078044891357,62400,0.0,0.0
2022-06-03 00:00:00-04:00,5.464968133311347,5.473004651654337,5.256013291305771,5.304233551025391,150900,0.0,0.0
2022-06-06 00:00:00-04:00,5.239939710634605,5.239939710634605,5.055095195770264,5.055095195770264,83400,0.0,0.0
2022-06-07 00:00:00-04:00,4.9908016184105675,5.022948457883377,4.926507939464949,5.006875038146973,60700,0.0,0.0
2022-06-08 00:00:00-04:00,4.966691121418731,5.014911378921374,4.854177187245897,4.862214088439941,107900,0.0,0.0
2022-06-09 00:00:00-04:00,4.74166335867818,4.894361035780998,4.74166335867818,4.765773296356201,142500,0.0,0.0
2022-06-10 00:00:00-04:00,4.661296561277347,4.717553341629841,4.629149720155758,4.645223140716553,142400,0.0,0.0
2022-06-13 00:00:00-04:00,4.645222482323894,4.645222482323894,4.420194243146671,4.452341079711914,120200,0.0,0.0
2022-06-14 00:00:00-04:00,4.444304950910362,4.444304950910362,4.30768069194772,4.396084308624268,89800,0.0,0.0
2022-06-15 00:00:00-04:00,4.4121578106055175,4.492525293767602,4.339827612268427,4.476451873779297,44900,0.0,0.0
2022-06-16 00:00:00-04:00,4.597002205234511,4.72558994481334,4.4925251698036845,4.709516525268555,52100,0.0,0.0
2022-06-17 00:00:00-04:00,4.629149372071299,4.629149372071299,4.339827440511707,4.3639373779296875,73100,0.0,0.0
2022-06-21 00:00:00-04:00,4.219276423218565,4.331790353869312,4.179092684947319,4.299643516540527,98900,0.0,0.0
2022-06-22 00:00:00-04:00,4.2674970798728635,4.283570500046336,4.106762878138139,4.16301965713501,87300,0.0,0.0
2022-06-23 00:00:00-04:00,4.098725703255585,4.114799122357742,4.002285188642639,4.0665788650512695,143700,0.0,0.0
2022-06-24 00:00:00-04:00,4.034432126928869,4.098725804932428,4.002285287927089,4.0183587074279785,111000,0.0,0.0
2022-06-27 00:00:00-04:00,4.018358607744797,4.114799122357742,4.018358607744797,4.0665788650512695,75600,0.0,0.0
2022-06-28 00:00:00-04:00,4.074615824052955,4.1228360820439285,3.9540649874652503,3.978174924850464,115000,0.0,0.0
2022-06-29 00:00:00-04:00,4.00228519586456,4.01032171381987,3.9219181002087535,3.9862117767333984,51900,0.0,0.0
2022-06-30 00:00:00-04:00,3.937991389958325,3.937991389958325,3.809403657913208,3.809403657913208,130400,0.0,0.0
2022-07-01 00:00:00-04:00,3.7933306242901295,3.8013675260175845,3.6968901028840695,3.777257204055786,125900,0.0,0.0
2022-07-05 00:00:00-04:00,3.616522745776348,3.616522745776348,3.5361556502920926,3.57633900642395,186000,0.0,0.0
2022-07-06 00:00:00-04:00,3.544192274201238,3.552229175600236,3.4075680161826827,3.4718620777130127,221900,0.0,0.0
2022-07-07 00:00:00-04:00,3.544192300069813,3.696889978780332,3.544192300069813,3.648669719696045,95500,0.0,0.0
2022-07-08 00:00:00-04:00,3.632596300001283,3.68081655908557,3.6165228803065204,3.648669719696045,98600,0.0,0.0
2022-07-11 00:00:00-04:00,3.568302547917656,3.576339065989664,3.447751711073169,3.4557886123657227,125900,0.0,0.0
2022-07-12 00:00:00-04:00,3.4236419245795995,3.4316784430059246,3.375421281139395,3.399531602859497,147900,0.0,0.0
2022-07-13 00:00:00-04:00,3.375421190375142,3.4316783507289306,3.359347770734139,3.367384672164917,63900,0.0,0.0
2022-07-14 00:00:00-04:00,3.3593476741997494,3.3914945125579834,3.3030908986831116,3.3914945125579834,105700,0.0,0.0
2022-07-15 00:00:00-04:00,3.3995314563742722,3.4718620351973035,3.327200877551241,3.431678295135498,138400,0.0,0.0
2022-07-18 00:00:00-04:00,3.4557884696713304,3.5522289818765365,3.4397150509704626,3.463824987411499,95900,0.0,0.0
2022-07-19 00:00:00-04:00,3.4798984500232124,3.5281187067342796,3.4477516122158347,3.5040087699890137,75300,0.0,0.0
2022-07-20 00:00:00-04:00,3.5361556077963914,3.5683024456037695,3.4879353510853246,3.5040087699890137,115700,0.0,0.0
2022-07-21 00:00:00-04:00,3.5361559305032255,3.5924127101898193,3.4638253472255247,3.5924127101898193,120800,0.0,0.0
2022-07-22 00:00:00-04:00,3.584375819278272,3.584375819278272,3.4477515687106313,3.463824987411499,38700,0.0,0.0
2022-07-25 00:00:00-04:00,3.552229166030884,3.5843760050991724,3.5200823269625947,3.552229166030884,57500,0.0,0.0
2022-07-26 00:00:00-04:00,3.5522291234169456,3.608485899501298,3.512045383453369,3.512045383453369,52400,0.0,0.0
2022-07-27 00:00:00-04:00,3.560265622053226,3.7129632965729638,3.560265622053226,3.696889877319336,100000,0.0,0.0
2022-07-28 00:00:00-04:00,3.7852940559387207,3.7933305743397847,3.6888535358025836,3.7852940559387207,93400,0.0,0.0
2022-07-29 00:00:00-04:00,3.761183357486612,3.8254774143567403,3.6968896838370067,3.7370734214782715,94600,0.0,0.0
2022-08-01 00:00:00-04:00,3.6567065207955376,3.761183554333848,3.6567065207955376,3.696889877319336,103500,0.0,0.0
2022-08-02 00:00:00-04:00,3.71296330473524,3.721000205989993,3.608485887746711,3.616522789001465,42600,0.0,0.0
2022-08-03 00:00:00-04:00,3.656706815199184,3.729037016053586,3.6245599741037666,3.632596492767334,52400,0.0,0.0
2022-08-04 00:00:00-04:00,3.680816362825847,3.7933302946899836,3.664742943988113,3.6888532638549805,40500,0.0,0.0
2022-08-05 00:00:00-04:00,3.7049266713923465,3.857624341495343,3.7049266713923465,3.8495874404907227,48000,0.0,0.0
2022-08-08 00:00:00-04:00,3.9379915299055757,3.9621014670567347,3.857624434034144,3.8817343711853027,53500,0.0,0.0
2022-08-09 00:00:00-04:00,3.9219181695270637,3.9219181695270637,3.7772570115692448,3.793330430984497,41100,0.0,0.0
2022-08-10 00:00:00-04:00,3.897808052467774,4.066579156757069,3.897808052467774,4.026395797729492,70200,0.0,0.0
2022-08-11 00:00:00-04:00,4.034432218257808,4.074615959529962,3.9701385387988086,4.050505638122559,51800,0.0,0.0
2022-08-12 00:00:00-04:00,4.082652274143969,4.171056270599365,4.082652274143969,4.171056270599365,57400,0.0,0.0
2022-08-15 00:00:00-04:00,4.10676250492844,4.195166116238413,4.09068908621567,4.1147990226745605,57500,0.0,0.0
2022-08-16 00:00:00-04:00,4.106762693525157,4.1710563713288265,4.09068927407424,4.122836112976074,27700,0.0,0.0
2022-08-17 00:00:00-04:00,4.12283610766821,4.195166303493944,4.074615849377539,4.179092884063721,27000,0.0,0.0
2022-08-18 00:00:00-04:00,4.171056179779523,4.171056179779523,4.0746156675029,4.1147990226745605,39000,0.0,0.0
2022-08-19 00:00:00-04:00,4.066579032841954,4.235350131988525,4.002285353780509,4.235350131988525,379300,0.0,0.0
2022-08-22 00:00:00-04:00,4.146946045203273,4.2112397229241685,4.0826523674823765,4.179092884063721,183100,0.0,0.0
2022-08-23 00:00:00-04:00,4.243387092338599,4.476451873779297,4.243387092338599,4.476451873779297,173100,0.0,0.0
2022-08-24 00:00:00-04:00,4.460378646850586,4.508598908902629,4.396084580893952,4.460378646850586,112400,0.0,0.0
2022-08-25 00:00:00-04:00,4.484488202787322,4.492525104052364,4.420194525549166,4.468414783477783,51800,0.0,0.0
2022-08-26 00:00:00-04:00,4.492525178932128,4.653259374706575,4.452341438378241,4.629149436950684,81300,0.0,0.0
2022-08-29 00:00:00-04:00,4.613075439412774,4.805956849420217,4.597002020513865,4.701479434967041,141100,0.0,0.0
2022-08-30 00:00:00-04:00,4.7255899683222,4.7255899683222,4.500561710355191,4.524672031402588,67300,0.0,0.0
2022-08-31 00:00:00-04:00,4.508598329946762,4.621112260286779,4.436267754546487,4.484488010406494,124000,0.0,0.0
2022-09-01 00:00:00-04:00,4.460378069414063,4.621112255445703,4.363937174574552,4.564855098724365,120500,0.0,0.0
2022-09-02 00:00:00-04:00,4.629149263714927,4.637185781592625,4.428231334905505,4.436267852783203,52000,0.0,0.0
2022-09-06 00:00:00-04:00,4.524672238314688,4.5568190790342475,4.420194814365831,4.428231716156006,56700,0.0,0.0
2022-09-07 00:00:00-04:00,4.428231513654106,4.524672031402588,4.428231513654106,4.524672031402588,11400,0.0,0.0
2022-09-08 00:00:00-04:00,4.500562006950332,4.500562006950332,4.420194903530262,4.460378646850586,16000,0.0,0.0
2022-09-09 00:00:00-04:00,4.524671737060318,4.669332504272461,4.516634836160491,4.669332504272461,49700,0.0,0.0
2022-09-12 00:00:00-04:00,4.685406574453615,4.789884001357937,4.685406574453615,4.757737159729004,84100,0.0,0.0
2022-09-13 00:00:00-04:00,4.661295892570508,4.685405828342615,4.572891900558236,4.637185573577881,59600,0.0,0.0
2022-09-14 00:00:00-04:00,4.6371862246107645,4.725590229034424,4.588965963076198,4.725590229034424,31900,0.0,0.0
2022-09-15 00:00:00-04:00,4.717552767064686,4.725589667976532,4.564855098724365,4.564855098724365,35000,0.0,0.0
2022-09-16 00:00:00-04:00,4.428231407967912,4.669332696584881,4.420194506737075,4.65325927734375,67900,0.0,0.0
2022-09-19 00:00:00-04:00,4.54074506120254,4.757736399118105,4.500561323980187,4.717552661895752,28600,0.0,0.0
2022-09-20 00:00:00-04:00,4.677369686178985,4.72558994481334,4.637185945706748,4.709516525268555,22700,0.0,0.0
2022-09-21 00:00:00-04:00,4.749699784875968,4.797920042519012,4.693443009236023,4.733626365661621,21000,0.0,0.0
2022-09-22 00:00:00-04:00,4.789883228221363,4.902397155761719,4.717552654620875,4.902397155761719,44600,0.0,0.0
2022-09-23 00:00:00-04:00,4.902397643374911,4.902397643374911,4.661296346093195,4.822030544281006,63400,0.0,0.0
2022-09-26 00:00:00-04:00,4.564855116113266,4.564855116113266,4.259460161489811,4.299643516540527,123900,0.0,0.0
2022-09-27 00:00:00-04:00,4.388047516009205,4.4443046730115645,4.219276428222656,4.219276428222656,50500,0.0,0.0
2022-09-28 00:00:00-04:00,4.259460544239023,4.315717323009288,4.227313704021568,4.2674970626831055,23200,0.0,0.0
2022-09-29 00:00:00-04:00,4.2192768999589365,4.251423740920025,4.098726054744566,4.243387222290039,53600,0.0,0.0
2022-09-30 00:00:00-04:00,4.2835703574439625,4.540745454878588,4.2835703574439625,4.500561714172363,43300,0.0,0.0
2022-10-03 00:00:00-04:00,4.685406100471826,4.822030355183992,4.621112423717992,4.813993453979492,132500,0.0,0.0
2022-10-04 00:00:00-04:00,4.886324134407957,4.93454439298455,4.717553037779608,4.765773296356201,54200,0.0,0.0
2022-10-05 00:00:00-04:00,4.765773379264898,4.8461408615112305,4.749699959459743,4.8461408615112305,28700,0.0,0.0
2022-10-06 00:00:00-04:00,4.781847009214465,4.854177593126602,4.69344338801138,4.725590229034424,58400,0.0,0.0
2022-10-07 00:00:00-04:00,4.7095166162525155,4.822030555239685,4.701479714714581,4.741663455963135,13300,0.0,0.0
2022-10-10 00:00:00-04:00,4.9425811725033295,5.022948268149615,4.9023974330699165,4.998837947845459,58700,0.0,0.0
2022-10-11 00:00:00-04:00,4.974727918176201,4.990801337006313,4.886323923000321,4.966691017150879,47200,0.0,0.0
2022-10-12 00:00:00-04:00,4.934544271328431,5.159572522358571,4.926507753374072,4.998837947845459,41700,0.0,0.0
2022-10-13 00:00:00-04:00,4.822030529712399,4.966691307644371,4.781846788676574,4.926507949829102,49700,0.0,0.0
2022-10-14 00:00:00-04:00,4.878288007447791,4.886324526244734,4.709516897285605,4.757737159729004,73400,0.0,0.0
2022-10-17 00:00:00-04:00,4.773810094497913,4.9425811874766685,4.749699774120716,4.838103771209717,42000,0.0,0.0
2022-10-18 00:00:00-04:00,4.886323835221157,4.942580991726197,4.773809905431605,4.854176998138428,47700,0.0,0.0
2022-10-19 00:00:00-04:00,4.92650766756652,4.92650766756652,4.838103672285114,4.886323928833008,34100,0.0,0.0
2022-10-20 00:00:00-04:00,4.934544461668973,5.030985363385079,4.910434523655363,4.982764720916748,40300,0.0,0.0
2022-10-21 00:00:00-04:00,5.006875200760351,5.207793145601103,4.990801780501914,5.1756463050842285,51900,0.0,0.0
2022-10-24 00:00:00-04:00,5.063132485136375,5.063132485136375,4.9425816386863515,5.022948741912842,56000,0.0,0.0
2022-10-25 00:00:00-04:00,4.982764634613992,4.990801535959697,4.8622141801927965,4.8943610191345215,85700,0.0,0.0
2022-10-26 00:00:00-04:00,4.8702505132855824,4.8702505132855824,4.74166316240402,4.830067157745361,54500,0.0,0.0
2022-10-27 00:00:00-04:00,4.8702507787772555,5.039021877619781,4.8702507787772555,5.006875038146973,76000,0.0,0.0
2022-10-28 00:00:00-04:00,4.990804621839125,5.008660792594063,4.839026957559806,4.999732494354248,107700,0.622,0.0
2022-10-31 00:00:00-04:00,4.910451622946354,5.231863121105756,4.892595452255537,5.196150779724121,68600,0.0,0.0
2022-11-01 00:00:00-04:00,5.222934853005873,5.481849542377596,5.2140069804713445,5.365784645080566,79100,0.0,0.0
2022-11-02 00:00:00-04:00,5.383640593157661,5.383640593157661,5.008660596276822,5.071156978607178,43800,0.0,0.0
2022-11-03 00:00:00-04:00,5.312215511629624,5.50863380886272,5.28543146928627,5.428280830383301,87600,0.0,0.0
2022-11-04 00:00:00-04:00,5.588987123890698,5.615771167846892,5.490777969360352,5.490777969360352,84700,0.0,0.0
2022-11-07 00:00:00-05:00,5.490777993930091,5.490777993930091,5.222934998821421,5.2943596839904785,27900,0.0,0.0
2022-11-08 00:00:00-05:00,5.2675752760369265,5.2675752760369265,5.035444639548079,5.080085277557373,59600,0.0,0.0
2022-11-09 00:00:00-05:00,4.99973248334526,4.99973248334526,4.606896301876924,4.65153694152832,93100,0.0,0.0
2022-11-10 00:00:00-05:00,4.55332791082304,4.55332791082304,4.356910027727604,4.419406414031982,141800,0.0,0.0
2022-11-11 00:00:00-05:00,4.464047080341775,4.651537091774106,4.464047080341775,4.589040279388428,65200,0.0,0.0
2022-11-14 00:00:00-05:00,4.597968283816107,4.749745942956152,4.597968283816107,4.705105304718018,55500,0.0,0.0
2022-11-15 00:00:00-05:00,4.7497461988786,4.981876423340215,4.731890027766168,4.964020252227783,33600,0.0,0.0
2022-11-16 00:00:00-05:00,4.740817815971986,4.740817815971986,4.437262486745725,4.472975254058838,122000,0.0,0.0
2022-11-17 00:00:00-05:00,4.419406464754308,4.419406464754308,4.231916452239911,4.410478591918945,137800,0.0,0.0
2022-11-18 00:00:00-05:00,4.410478642455748,4.526543970718331,4.365838000593304,4.392622470855713,64000,0.0,0.0
2022-11-21 00:00:00-05:00,4.419406218459112,4.526543666585605,4.3569098349203985,4.508687496185303,46300,0.0,0.0
2022-11-22 00:00:00-05:00,4.553328014957067,4.553328014957067,4.35691012736958,4.383694171905518,31800,0.0,0.0
2022-11-23 00:00:00-05:00,4.401550048058811,4.508687496185303,4.3747660053207005,4.508687496185303,25000,0.0,0.0
2022-11-25 00:00:00-05:00,4.597968297068711,4.624752339509048,4.472975105656217,4.51761531829834,55300,0.0,0.0
2022-11-28 00:00:00-05:00,4.55332775934738,4.55332775934738,4.446190735768544,4.49083137512207,83500,0.0,0.0
2022-11-29 00:00:00-05:00,4.589040033035548,4.731889821430697,4.57118386270174,4.67832088470459,107400,0.0,0.0
2022-11-30 00:00:00-05:00,4.705105255816516,4.72296142578125,4.51761525832447,4.72296142578125,32600,0.0,0.0
2022-12-01 00:00:00-05:00,4.731889972666645,4.830098699779098,4.535471666992345,4.624752521514893,42700,0.0,0.0
2022-12-02 00:00:00-05:00,4.633680575957579,4.7497458935906876,4.624752278112876,4.72296142578125,29600,0.0,0.0
2022-12-05 00:00:00-05:00,4.776530396203478,4.776530396203478,4.53547186557563,4.553328037261963,91000,0.0,0.0
2022-12-06 00:00:00-05:00,4.571184108096049,4.615824749189349,4.490831550142696,4.589040279388428,43100,0.0,0.0
2022-12-07 00:00:00-05:00,4.589040180335344,4.64260869305622,4.544399965930294,4.633680820465088,36300,0.0,0.0
2022-12-08 00:00:00-05:00,4.633680688987414,4.651536859387715,4.455118559259715,4.508687496185303,28800,0.0,0.0
2022-12-09 00:00:00-05:00,4.481903125203803,4.481903125203803,4.33905375889442,4.455118656158447,62200,0.0,0.0
2022-12-12 00:00:00-05:00,4.464046906365017,4.49083137512207,4.312269243432657,4.49083137512207,66900,0.0,0.0
2022-12-13 00:00:00-05:00,4.526543816367972,4.55332785999236,4.356909979089618,4.44619083404541,96500,0.0,0.0
2022-12-14 00:00:00-05:00,4.428334419311616,4.535471439361572,4.321197399261659,4.535471439361572,113000,0.0,0.0
2022-12-15 00:00:00-05:00,4.490831599825762,4.597968628765316,4.490831599825762,4.580112457275391,84700,0.0,0.0
2022-12-16 00:00:00-05:00,4.589040151358856,4.597968449618307,4.437262486745725,4.472975254058838,95900,0.0,0.0
2022-12-19 00:00:00-05:00,4.4461910073824145,4.624752724255317,4.4461910073824145,4.562256336212158,57800,0.0,0.0
2022-12-20 00:00:00-05:00,4.624752278112876,4.80331440348489,4.624752278112876,4.72296142578125,139900,0.0,0.0
2022-12-21 00:00:00-05:00,4.714033929529638,4.776530316526953,4.678321161027977,4.767602443695068,24700,0.0,0.0
2022-12-22 00:00:00-05:00,4.794386337107761,4.856883147863942,4.767602293729892,4.81224250793457,76800,0.0,0.0
2022-12-23 00:00:00-05:00,4.847954701788479,4.964020021486605,4.8390268295096055,4.874739170074463,54600,0.0,0.0
2022-12-27 00:00:00-05:00,4.910451866521155,4.910451866521155,4.714033979179182,4.740818023681641,46000,0.0,0.0
2022-12-28 00:00:00-05:00,4.794386511175661,4.955092480176333,4.794386511175661,4.928308010101318,36200,0.0,0.0
2022-12-29 00:00:00-05:00,5.07115715843788,5.187222480773926,4.990804603203048,5.187222480773926,63100,0.0,0.0
2022-12-30 00:00:00-05:00,5.169366127851285,5.169366127851285,5.035444639548079,5.080085277557373,25900,0.0,0.0
2023-01-03 00:00:00-05:00,4.910451711907403,4.9193800102769085,4.6604648919823415,4.803314685821533,81100,0.0,0.0
2023-01-04 00:00:00-05:00,4.562256235312212,4.642608793265564,4.55332793680367,4.589040279388428,82200,0.0,0.0
2023-01-05 00:00:00-05:00,4.597968478651171,4.6604648639631785,4.597968478651171,4.633680820465088,36400,0.0,0.0
2023-01-06 00:00:00-05:00,4.687249360798444,4.812242557883487,4.687249360798444,4.794386386871338,34000,0.0,0.0
2023-01-09 00:00:00-05:00,4.71403355366122,4.7497458935906876,4.651536745922313,4.72296142578125,33500,0.0,0.0
2023-01-10 00:00:00-05:00,4.847954750917197,4.8568830490112305,4.74081772813691,4.8568830490112305,37800,0.0,0.0
2023-01-11 00:00:00-05:00,4.874739545464027,4.937236359127565,4.821171030491585,4.901523590087891,28500,0.0,0.0
2023-01-12 00:00:00-05:00,5.062229169917448,5.080085340196403,4.865810871124268,4.865810871124268,47500,0.0,0.0
2023-01-13 00:00:00-05:00,4.8211710307459725,5.035445090647045,4.8211710307459725,4.910451889038086,39000,0.0,0.0
2023-01-17 00:00:00-05:00,5.035444914075277,5.151510238647461,5.017588743042995,5.151510238647461,44700,0.0,0.0
2023-01-18 00:00:00-05:00,5.151510210658617,5.151510210658617,4.937236159435409,4.990804672241211,31000,0.0,0.0
2023-01-19 00:00:00-05:00,4.92830771493182,5.080085376242215,4.92830771493182,5.044373035430908,25900,0.0,0.0
2023-01-20 00:00:00-05:00,5.133654118068187,5.142582416534424,4.946164107524242,5.142582416534424,20900,0.0,0.0
2023-01-23 00:00:00-05:00,5.160438637434659,5.160438637434659,4.972948625085278,5.106869697570801,45500,0.0,0.0
2023-01-24 00:00:00-05:00,5.133654117098584,5.133654117098584,5.044373261076593,5.124725818634033,10400,0.0,0.0
2023-01-25 00:00:00-05:00,5.142582121807335,5.258647015143686,5.142582121807335,5.249719142913818,25500,0.0,0.0
2023-01-26 00:00:00-05:00,5.2854315181415705,5.419353008270264,5.178294496328488,5.419353008270264,158600,0.0,0.0
2023-01-27 00:00:00-05:00,5.419352972528089,5.419352972528089,5.222934674774859,5.249719142913818,107000,0.0,0.0
2023-01-30 00:00:00-05:00,5.2229349233552185,5.231863221734698,5.133654068183916,5.160438537597656,29000,0.0,0.0
2023-01-31 00:00:00-05:00,5.151510363039218,5.312215906210261,5.151510363039218,5.285431861877441,22600,0.0,0.0
2023-02-01 00:00:00-05:00,5.294359454427266,5.294359454427266,5.133653919765072,5.205078601837158,36800,0.0,0.0
2023-02-02 00:00:00-05:00,5.338999942953264,5.338999942953264,5.214006752853598,5.2586469650268555,32400,0.0,0.0
2023-02-03 00:00:00-05:00,5.222935076041917,5.222935076041917,5.053301233395037,5.089013576507568,33600,0.0,0.0
2023-02-06 00:00:00-05:00,5.044373360479259,5.097941875148057,4.928308032501176,5.089013576507568,43500,0.0,0.0
2023-02-07 00:00:00-05:00,5.071157330667977,5.071157330667977,4.946164131605041,4.955092430114746,25400,0.0,0.0
2023-02-08 00:00:00-05:00,4.821170806210322,4.865811020415,4.7051054829737105,4.81224250793457,55000,0.0,0.0
2023-02-09 00:00:00-05:00,4.821171038281666,4.821171038281666,4.517615693889298,4.553328037261963,56200,0.0,0.0
2023-02-10 00:00:00-05:00,4.5443999653069485,4.651536990734004,4.517615496087836,4.624752521514893,32500,0.0,0.0
2023-02-13 00:00:00-05:00,4.6783208865394865,4.794386206617104,4.660464716198676,4.6961774826049805,37700,0.0,0.0
2023-02-14 00:00:00-05:00,4.642608895693626,4.669393366085482,4.544400164281154,4.553328037261963,30200,0.0,0.0
2023-02-15 00:00:00-05:00,4.660464813290937,4.669393111509689,4.589040130439688,4.642608642578125,33700,0.0,0.0
2023-02-16 00:00:00-05:00,4.651536758387273,4.651536758387273,4.535471440443138,4.544399738311768,49400,0.0,0.0
2023-02-17 00:00:00-05:00,4.606896351242302,4.651536991372047,4.553327838521426,4.633680820465088,23500,0.0,0.0
2023-02-21 00:00:00-05:00,4.642608482988568,4.892595290099342,4.642608482988568,4.8836669921875,35000,0.0,0.0
2023-02-22 00:00:00-05:00,4.794386515154499,4.8033148137618165,4.526543942805613,4.580112457275391,67900,0.0,0.0
2023-02-23 00:00:00-05:00,4.660464813290937,4.660464813290937,4.580112257945627,4.642608642578125,51700,0.0,0.0
2023-02-24 00:00:00-05:00,4.642608844279541,4.642608844279541,4.517615643859436,4.571184158325195,63900,0.0,0.0
2023-02-27 00:00:00-05:00,4.5176155942189125,4.597968577896969,4.5176155942189125,4.589040279388428,59800,0.0,0.0
2023-02-28 00:00:00-05:00,4.544399886110862,4.553327758545182,4.481903076171875,4.481903076171875,44400,0.0,0.0
2023-03-01 00:00:00-05:00,4.535471538028665,4.615824517676511,4.472975154502281,4.499759197235107,94100,0.0,0.0
2023-03-02 00:00:00-05:00,4.553327809770436,4.651536962000937,4.472975254058838,4.472975254058838,65800,0.0,0.0
2023-03-03 00:00:00-05:00,4.580112078336936,4.589039950480891,4.508687398286599,4.544399738311768,31800,0.0,0.0
2023-03-06 00:00:00-05:00,4.60689620517624,4.6961774826049805,4.580112162527364,4.6961774826049805,33000,0.0,0.0
2023-03-07 00:00:00-05:00,4.7140338017621355,4.7140338017621355,4.5443999653069485,4.624752521514893,37100,0.0,0.0
2023-03-08 00:00:00-05:00,4.633680869960549,4.669393212155934,4.589040229353968,4.60689640045166,31300,0.0,0.0
2023-03-09 00:00:00-05:00,4.6068961204934755,4.642608460518644,4.544399738311768,4.544399738311768,27600,0.0,0.0
2023-03-10 00:00:00-05:00,4.571183929943852,4.571183929943852,4.464046906365017,4.49083137512207,55600,0.0,0.0
2023-03-13 00:00:00-04:00,4.464046722255498,4.464046722255498,4.356909703095287,4.374765872955322,107900,0.0,0.0
2023-03-14 00:00:00-04:00,4.401550063995574,4.401550063995574,4.276556870740898,4.321197509765625,89000,0.0,0.0
2023-03-15 00:00:00-04:00,4.24084467654296,4.2765570187085045,4.1604916938081375,4.258700847625732,83200,0.0,0.0
2023-03-16 00:00:00-04:00,4.258700798461861,4.3122693110917645,4.16941994407869,4.28548526763916,42400,0.0,0.0
2023-03-17 00:00:00-04:00,4.214059977889388,4.214059977889388,4.169419765472412,4.169419765472412,54800,0.0,0.0
2023-03-20 00:00:00-04:00,4.196204135044722,4.231916478053423,4.151563919146201,4.214060306549072,45600,0.0,0.0
2023-03-21 00:00:00-04:00,4.267629047362513,4.303341388702393,4.2140601096280035,4.303341388702393,41600,0.0,0.0
2023-03-22 00:00:00-04:00,4.303341641524514,4.303341641524514,4.178348013766847,4.19620418548584,35900,0.0,0.0
2023-03-23 00:00:00-04:00,4.196204008053051,4.2229884773613415,4.035498469377405,4.089066982269287,63000,0.0,0.0
2023-03-24 00:00:00-04:00,4.089066834502905,4.205132154436752,4.080138962205899,4.142635345458984,89500,0.0,0.0
2023-03-27 00:00:00-04:00,4.214060060415323,4.31226921081543,4.196203889953911,4.31226921081543,39100,0.0,0.0
2023-03-28 00:00:00-04:00,4.356909882786182,4.49083137512207,4.330125414029129,4.49083137512207,39400,0.0,0.0
2023-03-29 00:00:00-04:00,4.464046873485254,4.464046873485254,4.285485168835717,4.321197509765625,29500,0.0,0.0
2023-03-30 00:00:00-04:00,4.4104784119488025,4.4104784119488025,4.258700748418579,4.294413089752197,46900,0.0,0.0
2023-03-31 00:00:00-04:00,4.356909899948375,4.356909899948375,4.267629046614328,4.294413089752197,37400,0.0,0.0
2023-04-03 00:00:00-04:00,4.2944131897912765,4.2944131897912765,4.231916378139225,4.258700847625732,24400,0.0,0.0
2023-04-04 00:00:00-04:00,4.303341417317075,4.455118656158447,4.222988435905701,4.455118656158447,63200,0.0,0.0
2023-04-05 00:00:00-04:00,4.374765933534453,4.374765933534453,4.115851254116313,4.160491466522217,78400,0.0,0.0
2023-04-06 00:00:00-04:00,4.151563725145559,4.303341388702393,4.142635426948244,4.303341388702393,36100,0.0,0.0
2023-04-10 00:00:00-04:00,4.249772925240429,4.294413139562887,4.187276114319354,4.276556968688965,48600,0.0,0.0
2023-04-11 00:00:00-04:00,4.3569101276556434,4.464047157255853,4.3479818289932695,4.392622470855713,74900,0.0,0.0
2023-04-12 00:00:00-04:00,4.535471637569821,4.615824618981195,4.446190783626458,4.455118656158447,139800,0.0,0.0
2023-04-13 00:00:00-04:00,4.46404695441513,4.499759295992476,4.419406314581102,4.455118656158447,39900,0.0,0.0
2023-04-14 00:00:00-04:00,4.419406169326185,4.526543616261572,4.419406169326185,4.51761531829834,40900,0.0,0.0
2023-04-17 00:00:00-04:00,4.517615643859436,4.589040329813781,4.517615643859436,4.571184158325195,27000,0.0,0.0
2023-04-18 00:00:00-04:00,4.580112177786509,4.580112177786509,4.464046857322208,4.508687496185303,40800,0.0,0.0
2023-04-19 00:00:00-04:00,4.464046976405502,4.464046976405502,4.267629096762526,4.28548526763916,45400,0.0,0.0
2023-04-20 00:00:00-04:00,4.347981601752625,4.4104784119488025,4.276556919085388,4.294413089752197,47000,0.0,0.0
2023-04-21 00:00:00-04:00,4.2944130412058525,4.365837723065667,4.285485168835717,4.321197509765625,18200,0.0,0.0
2023-04-24 00:00:00-04:00,4.303341254172694,4.303341254172694,4.169419765472412,4.169419765472412,87600,0.0,0.0
2023-04-25 00:00:00-04:00,4.16941991380937,4.16941991380937,4.080139060074363,4.1069231033325195,217600,0.0,0.0
2023-04-26 00:00:00-04:00,4.178347786320525,4.178347786320525,4.071210761838517,4.1069231033325195,41200,0.0,0.0
2023-04-27 00:00:00-04:00,4.1069230048215974,4.205132154436752,4.1069230048215974,4.142635345458984,31600,0.0,0.0
2023-04-28 00:00:00-04:00,4.1426355227253655,4.267629146029468,4.1426355227253655,4.258700847625732,23000,0.0,0.0
2023-05-01 00:00:00-04:00,4.294413291181003,4.303341589795534,4.196204135044722,4.214060306549072,15900,0.0,0.0
2023-05-02 00:00:00-04:00,4.29441316185209,4.29441316185209,4.062282939286281,4.097995281219482,38700,0.0,0.0
2023-05-03 00:00:00-04:00,4.16049161629562,4.169419914533016,4.071210762545118,4.115851402282715,49000,0.0,0.0
2023-05-04 00:00:00-04:00,4.142635394927672,4.151563693055976,4.062282840396374,4.124779224395752,46600,0.0,0.0
2023-05-05 00:00:00-04:00,4.222988555707492,4.276557069593194,4.142635572016587,4.249773025512695,50500,0.0,0.0
2023-05-08 00:00:00-04:00,4.267629298318263,4.267629298318263,4.205132484436035,4.205132484436035,15200,0.0,0.0
2023-05-09 00:00:00-04:00,4.196204135044722,4.240844776667953,4.151563919146201,4.214060306549072,23000,0.0,0.0
2023-05-10 00:00:00-04:00,4.249772895033222,4.249772895033222,4.097995230821365,4.1069231033325195,75100,0.0,0.0
2023-05-11 00:00:00-04:00,4.133707523345947,4.187276034952358,4.017642202003046,4.133707523345947,38600,0.0,0.0
2023-05-12 00:00:00-04:00,4.205132383537379,4.285485367211566,4.18727621224586,4.231916427612305,24900,0.0,0.0
2023-05-15 00:00:00-04:00,4.2944131903411655,4.2944131903411655,4.14263552325582,4.267629146575928,19300,0.0,0.0
2023-05-16 00:00:00-04:00,4.267629015224319,4.267629015224319,4.133707523345947,4.133707523345947,15500,0.0,0.0
2023-05-17 00:00:00-04:00,4.196204135378258,4.231916478389797,4.1158515764646495,4.222988605499268,38000,0.0,0.0
2023-05-18 00:00:00-04:00,4.24084467654296,4.267629146029468,4.151563821129101,4.258700847625732,59700,0.0,0.0
2023-05-19 00:00:00-04:00,4.294412956254493,4.294412956254493,4.169419765472412,4.169419765472412,26200,0.0,0.0
2023-05-22 00:00:00-04:00,4.196204135378258,4.276557120016577,4.196204135378258,4.222988605499268,38100,0.0,0.0
2023-05-23 00:00:00-04:00,4.205132484436035,4.2497731265983,4.16049184227377,4.205132484436035,17900,0.0,0.0
2023-05-24 00:00:00-04:00,4.27655706914926,4.27655706914926,4.205132383975739,4.2408447265625,36800,0.0,0.0
2023-05-25 00:00:00-04:00,4.222988426050374,4.276556938291377,4.097995230821365,4.1069231033325195,56900,0.0,0.0
2023-05-26 00:00:00-04:00,4.1069230048215974,4.187275984118059,4.1069230048215974,4.142635345458984,12500,0.0,0.0
2023-05-30 00:00:00-04:00,4.151563793505498,4.178347837089091,4.089066982269287,4.089066982269287,31300,0.0,0.0
2023-05-31 00:00:00-04:00,4.044426918029785,4.089067134236359,4.008714149049929,4.044426918029785,53900,0.0,0.0
2023-06-01 00:00:00-04:00,4.115851552917826,4.115851552917826,4.035498568739208,4.053354740142822,24400,0.0,0.0
2023-06-02 00:00:00-04:00,4.097995230821365,4.240844596797375,4.097995230821365,4.1069231033325195,40600,0.0,0.0
2023-06-05 00:00:00-04:00,4.106922956200327,4.2051321046527965,4.106922956200327,4.160491466522217,42200,0.0,0.0
2023-06-06 00:00:00-04:00,4.17834786489091,4.267629146029468,4.13370765004633,4.258700847625732,44900,0.0,0.0
2023-06-07 00:00:00-04:00,4.294412943819675,4.35690975189209,4.231916135747261,4.35690975189209,74500,0.0,0.0
2023-06-08 00:00:00-04:00,4.401550243331106,4.437262585716066,4.321197685827295,4.428334712982178,32200,0.0,0.0
2023-06-09 00:00:00-04:00,4.437262303220282,4.437262303220282,4.276556772719185,4.3479814529418945,27700,0.0,0.0
2023-06-12 00:00:00-04:00,4.33905367936989,4.33905367936989,4.222988358508371,4.31226921081543,59100,0.0,0.0
2023-06-13 00:00:00-04:00,4.294413240888427,4.330125583478895,4.249773025512695,4.249773025512695,23000,0.0,0.0
2023-06-14 00:00:00-04:00,4.330125657393235,4.410478642455748,4.249773098055433,4.392622470855713,70000,0.0,0.0
2023-06-15 00:00:00-04:00,4.4194064643626,4.43726263575645,4.374766248740329,4.40155029296875,34700,0.0,0.0
2023-06-16 00:00:00-04:00,4.374766052611915,4.499759246765201,4.374766052611915,4.481903076171875,32500,0.0,0.0
2023-06-20 00:00:00-04:00,4.705105452935314,4.714033751154065,4.6068963011525,4.642608642578125,56000,0.0,0.0
2023-06-21 00:00:00-04:00,4.65153694152832,4.696177581179716,4.606896301876924,4.65153694152832,39100,0.0,0.0
2023-06-22 00:00:00-04:00,4.624752373703165,4.67832088470459,4.57118386270174,4.67832088470459,16000,0.0,0.0
2023-06-23 00:00:00-04:00,4.722961852402976,4.812242710291322,4.687249509247638,4.749746322631836,37000,0.0,0.0
2023-06-26 00:00:00-04:00,4.803314786074726,4.865811173066872,4.714033929139727,4.758674144744873,46900,0.0,0.0
2023-06-27 00:00:00-04:00,4.678321239066292,4.776530396203478,4.526543992594821,4.553328037261963,55300,0.0,0.0
2023-06-28 00:00:00-04:00,4.508687594249158,4.553327808358494,4.4283346128377845,4.455118656158447,79600,0.0,0.0
2023-06-29 00:00:00-04:00,4.490831424158159,4.490831424158159,4.446190784317196,4.464046955108643,23700,0.0,0.0
2023-06-30 00:00:00-04:00,4.508687623497929,4.696177630857626,4.508687623497929,4.624752521514893,35500,0.0,0.0
2023-07-03 00:00:00-04:00,4.6961774325051975,4.731889772805834,4.651536794267062,4.705105304718018,19800,0.0,0.0
2023-07-05 00:00:00-04:00,4.731890151054166,4.8033148373648435,4.696177807898828,4.749746322631836,41300,0.0,0.0
2023-07-06 00:00:00-04:00,4.74974609257969,4.767602263292503,4.6068963011525,4.642608642578125,28700,0.0,0.0
2023-07-07 00:00:00-04:00,4.749746122903082,4.847954849588191,4.7051054829737105,4.81224250793457,41900,0.0,0.0
2023-07-10 00:00:00-04:00,4.794386206617104,4.839026845331475,4.6783208865394865,4.6961774826049805,31400,0.0,0.0
2023-07-11 00:00:00-04:00,4.615824405992845,4.72296142578125,4.562255896098643,4.72296142578125,28300,0.0,0.0
2023-07-12 00:00:00-04:00,4.731889872294004,4.865810938374749,4.642608593940592,4.669393062591553,47700,0.0,0.0
2023-07-13 00:00:00-04:00,4.731889823286604,4.749745993627416,4.633680673549799,4.6961774826049805,26200,0.0,0.0
2023-07-14 00:00:00-04:00,4.749746143571154,4.749746143571154,4.580112307115967,4.624752521514893,27900,0.0,0.0
2023-07-17 00:00:00-04:00,4.5533276932625695,4.696177481685784,4.5533276932625695,4.687249183654785,85600,0.0,0.0
2023-07-18 00:00:00-04:00,4.749745992697735,4.749745992697735,4.660464715286469,4.687249183654785,20800,0.0,0.0
2023-07-19 00:00:00-04:00,4.776530316526953,4.776530316526953,4.669393288196093,4.767602443695068,42600,0.0,0.0
2023-07-20 00:00:00-04:00,4.7765302658081055,4.7765302658081055,4.696177708275525,4.7765302658081055,51100,0.0,0.0
2023-07-21 00:00:00-04:00,4.767602494209505,4.821171008942513,4.740818023980646,4.749746322631836,15000,0.0,0.0
2023-07-24 00:00:00-04:00,4.731889807815035,4.901523212635765,4.731889807815035,4.874739170074463,20700,0.0,0.0
2023-07-25 00:00:00-04:00,4.883667140926327,4.892595439110091,4.776530117069279,4.830098628997803,22200,0.0,0.0
2023-07-26 00:00:00-04:00,4.821170786804868,4.999732494354248,4.821170786804868,4.999732494354248,29900,0.0,0.0
2023-07-27 00:00:00-04:00,4.9461641815764255,5.053301210427067,4.874739495675997,4.928308010101318,50100,0.0,0.0
2023-07-28 00:00:00-04:00,4.919380187470084,4.937236359127565,4.847955075115449,4.901523590087891,33000,0.0,0.0
2023-07-31 00:00:00-04:00,4.937235978925303,4.946163851204177,4.8390268295096055,4.874739170074463,62100,0.0,0.0
2023-08-01 00:00:00-04:00,4.856883374062818,4.928308060696509,4.830098903712827,4.910451889038086,77800,0.0,0.0
2023-08-02 00:00:00-04:00,4.9640200205208584,4.9640200205208584,4.803314488010267,4.865810871124268,18500,0.0,0.0
2023-08-03 00:00:00-04:00,4.7943861427099765,4.892595291137695,4.7943861427099765,4.892595291137695,41400,0.0,0.0
2023-08-04 00:00:00-04:00,4.90152351624629,4.910451814802882,4.767602443695068,4.767602443695068,20500,0.0,0.0
2023-08-07 00:00:00-04:00,4.758673766822468,4.776529936791373,4.660464619131149,4.731889724731445,40400,0.0,0.0
2023-08-08 00:00:00-04:00,4.776530266295602,4.785458564758301,4.678321111829421,4.785458564758301,52400,0.0,0.0
2023-08-09 00:00:00-04:00,4.731889921866878,4.731889921866878,4.624752471865312,4.642608642578125,28600,0.0,0.0
2023-08-10 00:00:00-04:00,4.687249332543024,4.731889972666645,4.615824648924986,4.624752521514893,18000,0.0,0.0
2023-08-11 00:00:00-04:00,4.6515371943991495,4.6515371943991495,4.526543992594821,4.553328037261963,18200,0.0,0.0
2023-08-14 00:00:00-04:00,4.45511847327596,4.45511847327596,4.330125282886217,4.3479814529418945,133900,0.0,0.0
2023-08-15 00:00:00-04:00,4.231916378681111,4.303341488746044,4.214060207596053,4.267629146575928,27800,0.0,0.0
2023-08-16 00:00:00-04:00,4.2140601584079285,4.383693994598301,4.196203987531295,4.28548526763916,65900,0.0,0.0
2023-08-17 00:00:00-04:00,4.2587008978558805,4.312269411736021,4.178347914173316,4.2408447265625,20800,0.0,0.0
2023-08-18 00:00:00-04:00,4.196203987531295,4.330125481968398,4.17834781665466,4.28548526763916,67200,0.0,0.0
2023-08-21 00:00:00-04:00,4.285485368103163,4.312269412183661,4.214060257197523,4.249773025512695,26900,0.0,0.0
2023-08-22 00:00:00-04:00,4.356909930359961,4.464046955108643,4.330125461310445,4.464046955108643,47900,0.0,0.0
2023-08-23 00:00:00-04:00,4.464047080770565,4.615824749632717,4.464047080770565,4.597968578338623,31600,0.0,0.0
2023-08-24 00:00:00-04:00,4.606896270325161,4.615824568484169,4.455118607419541,4.481903076171875,27100,0.0,0.0
2023-08-25 00:00:00-04:00,4.43726238798404,4.517615367631886,4.401550047190482,4.499759197235107,14700,0.0,0.0
2023-08-28 00:00:00-04:00,4.571183929943852,4.571183929943852,4.428334565172072,4.49083137512207,47200,0.0,0.0
2023-08-29 00:00:00-04:00,4.517615467482983,4.517615467482983,4.437262486059126,4.464046955108643,53600,0.0,0.0
2023-08-30 00:00:00-04:00,4.481903176027727,4.606896372965835,4.4372625356874815,4.44619083404541,78900,0.0,0.0
2023-08-31 00:00:00-04:00,4.374765871795112,4.401549913715726,4.303341192373914,4.365837574005127,35800,0.0,0.0
2023-09-01 00:00:00-04:00,4.3122694359995,4.4194064643626,4.3122694359995,4.40155029296875,51300,0.0,0.0
2023-09-05 00:00:00-04:00,4.356910027727604,4.428334712489581,4.312269386889017,4.419406414031982,24100,0.0,0.0
2023-09-06 00:00:00-04:00,4.633681022961319,4.7854586951656435,4.562256336212158,4.562256336212158,168700,0.0,0.0
2023-09-07 00:00:00-04:00,4.553328037506156,4.7229618813977705,4.3836941936145415,4.562256336212158,21300,0.0,0.0
2023-09-08 00:00:00-04:00,4.678320885623786,4.705105353992102,4.624752374611836,4.687249183654785,66200,0.0,0.0
2023-09-11 00:00:00-04:00,4.758674216828046,4.901523590087891,4.705105701855605,4.901523590087891,103400,0.0,0.0
2023-09-12 00:00:00-04:00,4.892595545817019,5.249719392187362,4.892595545817019,5.151510238647461,231200,0.0,0.0
2023-09-13 00:00:00-04:00,5.2050788808278305,5.312215909678472,4.910451838626211,4.928308010101318,119700,0.0,0.0
2023-09-14 00:00:00-04:00,4.964020006403089,5.151510006661227,4.964020006403089,5.053300857543945,70700,0.0,0.0
2023-09-15 00:00:00-04:00,5.089013149724426,5.13365378773372,5.053300809606862,5.080085277557373,34800,0.0,0.0
2023-09-18 00:00:00-04:00,5.080085653363579,5.151510338882447,5.044373310604145,5.106869697570801,39700,0.0,0.0
2023-09-19 00:00:00-04:00,5.142582135398708,5.20507851834699,5.044372986262535,5.062229156494141,66800,0.0,0.0
2023-09-20 00:00:00-04:00,5.089013477186409,5.187222631691499,5.089013477186409,5.142582416534424,43800,0.0,0.0
2023-09-21 00:00:00-04:00,5.097941595881272,5.097941595881272,4.999732444839381,5.0175886154174805,70200,0.0,0.0
2023-09-22 00:00:00-04:00,5.035444835864124,5.062229304858877,4.999732494354248,4.999732494354248,24600,0.0,0.0
2023-09-25 00:00:00-04:00,4.98187622614878,5.044373035430908,4.972948353808295,5.044373035430908,24600,0.0,0.0
2023-09-26 00:00:00-04:00,4.999732362051462,4.999732362051462,4.856882999792034,4.874739170074463,45200,0.0,0.0
2023-09-27 00:00:00-04:00,4.892595291137695,4.928307631343289,4.785458270520916,4.892595291137695,36400,0.0,0.0
2023-09-28 00:00:00-04:00,4.8390267336102815,4.955092051008236,4.81224226585511,4.919379711151123,18100,0.0,0.0
2023-09-29 00:00:00-04:00,5.008660596276822,5.071156978607178,4.9818761283319,5.071156978607178,39500,0.0,0.0
2023-10-02 00:00:00-04:00,5.044373235635342,5.044373235635342,4.883667269881574,4.9729485511779785,40800,0.0,0.0
2023-10-03 00:00:00-04:00,4.946163951822014,4.946163951822014,4.830098629762818,4.839026927947998,34500,0.0,0.0
2023-10-04 00:00:00-04:00,4.8211710307459725,4.946164232354931,4.8211710307459725,4.910451889038086,31000,0.0,0.0
2023-10-05 00:00:00-04:00,4.910451789015632,4.955092430114746,4.785458589952697,4.955092430114746,26100,0.0,0.0
2023-10-06 00:00:00-04:00,4.8300984357836665,4.946163753181622,4.767602053896054,4.919379711151123,25200,0.0,0.0
2023-10-09 00:00:00-04:00,4.946163851204177,4.946163851204177,4.830098531506051,4.874739170074463,36600,0.0,0.0
2023-10-10 00:00:00-04:00,4.999732620203245,5.133654117098584,4.999732620203245,5.124725818634033,42200,0.0,0.0
2023-10-11 00:00:00-04:00,5.053300957376737,5.053300957376737,4.910451592729242,5.026516914367676,22400,0.0,0.0
2023-10-12 00:00:00-04:00,5.267575327019951,5.267575327019951,5.008660645799322,5.062229156494141,34300,0.0,0.0
2023-10-13 00:00:00-04:00,5.097941646368753,5.097941646368753,4.98187632359931,4.999732494354248,21300,0.0,0.0
2023-10-16 00:00:00-04:00,5.026517090347704,5.169366459996404,4.955092405523354,5.1336541175842285,116400,0.0,0.0
2023-10-17 00:00:00-04:00,5.1247258196019505,5.20507880289927,5.089013477186409,5.142582416534424,103300,0.0,0.0
2023-10-18 00:00:00-04:00,5.160438587255712,5.160438587255712,4.990804747935529,5.1336541175842285,65200,0.0,0.0
2023-10-19 00:00:00-04:00,5.151510288302982,5.160438586767532,5.017588791407643,5.124725818634033,43700,0.0,0.0
2023-10-20 00:00:00-04:00,5.115797946378142,5.196150929667886,5.044373261553791,5.1336541175842285,45900,0.0,0.0
2023-10-23 00:00:00-04:00,5.133653822877494,5.267575312097494,5.133653822877494,5.240790843963623,89500,0.0,0.0
2023-10-24 00:00:00-04:00,5.276503413852624,5.3568563960249005,5.2407910719371005,5.339000225067139,87100,0.0,0.0
2023-10-25 00:00:00-04:00,5.199999809265137,5.320000171661377,4.920000076293945,5.010000228881836,116300,0.641,0.0
2023-10-26 00:00:00-04:00,5.019999980926514,5.03000020980835,4.889999866485596,5.010000228881836,63900,0.0,0.0
2023-10-27 00:00:00-04:00,5.03000020980835,5.059999942779541,4.809999942779541,4.840000152587891,54000,0.0,0.0
2023-10-30 00:00:00-04:00,4.840000152587891,4.909999847412109,4.730000019073486,4.789999961853027,104800,0.0,0.0
2023-10-31 00:00:00-04:00,4.78000020980835,4.849999904632568,4.769999980926514,4.840000152587891,62400,0.0,0.0
2023-11-01 00:00:00-04:00,4.900000095367432,4.929999828338623,4.820000171661377,4.920000076293945,43700,0.0,0.0
2023-11-02 00:00:00-04:00,4.960000038146973,5.039999961853027,4.920000076293945,4.980000019073486,33500,0.0,0.0
2023-11-03 00:00:00-04:00,5.050000190734863,5.159999847412109,4.989999771118164,5.119999885559082,39500,0.0,0.0
2023-11-06 00:00:00-05:00,5.119999885559082,5.190000057220459,5.090000152587891,5.130000114440918,22400,0.0,0.0
2023-11-07 00:00:00-05:00,5.170000076293945,5.269999980926514,5.150000095367432,5.25,39200,0.0,0.0
2023-11-08 00:00:00-05:00,4.96999979019165,5.070000171661377,4.889999866485596,4.900000095367432,102500,0.0,0.0
2023-11-09 00:00:00-05:00,4.980000019073486,5.090000152587891,4.940000057220459,5.010000228881836,110700,0.0,0.0
2023-11-10 00:00:00-05:00,5.0,5.010000228881836,4.869999885559082,4.909999847412109,50800,0.0,0.0
2023-11-13 00:00:00-05:00,4.829999923706055,4.920000076293945,4.829999923706055,4.829999923706055,41300,0.0,0.0
2023-11-14 00:00:00-05:00,5.0,5.03000020980835,4.960000038146973,5.0,57100,0.0,0.0
2023-11-15 00:00:00-05:00,5.010000228881836,5.079999923706055,4.920000076293945,4.960000038146973,31100,0.0,0.0
2023-11-16 00:00:00-05:00,5.070000171661377,5.070000171661377,4.949999809265137,4.989999771118164,38700,0.0,0.0
2023-11-17 00:00:00-05:00,4.989999771118164,4.989999771118164,4.909999847412109,4.929999828338623,30100,0.0,0.0
2023-11-20 00:00:00-05:00,4.989999771118164,5.050000190734863,4.909999847412109,5.050000190734863,27600,0.0,0.0
2023-11-21 00:00:00-05:00,5.0,5.0,4.829999923706055,4.900000095367432,62300,0.0,0.0
2023-11-22 00:00:00-05:00,4.949999809265137,4.949999809265137,4.849999904632568,4.920000076293945,48000,0.0,0.0
2023-11-24 00:00:00-05:00,5.0,5.0,4.860000133514404,4.949999809265137,44200,0.0,0.0
2023-11-27 00:00:00-05:00,4.949999809265137,5.0,4.849999904632568,4.869999885559082,103400,0.0,0.0
2023-11-28 00:00:00-05:00,4.860000133514404,4.960000038146973,4.849999904632568,4.860000133514404,120400,0.0,0.0
2023-11-29 00:00:00-05:00,4.860000133514404,4.960000038146973,4.849999904632568,4.849999904632568,61100,0.0,0.0
2023-11-30 00:00:00-05:00,4.840000152587891,4.869999885559082,4.820000171661377,4.849999904632568,60000,0.0,0.0
2023-12-01 00:00:00-05:00,4.849999904632568,5.050000190734863,4.820000171661377,5.010000228881836,132400,0.0,0.0
2023-12-04 00:00:00-05:00,5.0,5.079999923706055,4.96999979019165,5.019999980926514,193700,0.0,0.0
2023-12-05 00:00:00-05:00,5.0,5.019999980926514,4.929999828338623,4.980000019073486,69400,0.0,0.0
2023-12-06 00:00:00-05:00,5.0,5.079999923706055,4.909999847412109,4.949999809265137,34900,0.0,0.0
2023-12-07 00:00:00-05:00,4.989999771118164,5.0,4.949999809265137,5.0,18200,0.0,0.0
2023-12-08 00:00:00-05:00,5.0,5.010000228881836,4.940000057220459,5.0,32600,0.0,0.0
2023-12-11 00:00:00-05:00,5.0,5.0,4.900000095367432,4.949999809265137,36700,0.0,0.0
2023-12-12 00:00:00-05:00,4.949999809265137,4.96999979019165,4.889999866485596,4.949999809265137,77900,0.0,0.0
2023-12-13 00:00:00-05:00,4.929999828338623,5.119999885559082,4.929999828338623,5.079999923706055,24700,0.0,0.0
2023-12-14 00:00:00-05:00,5.130000114440918,5.300000190734863,5.130000114440918,5.199999809265137,72100,0.0,0.0
2023-12-15 00:00:00-05:00,5.179999828338623,5.260000228881836,5.159999847412109,5.25,14000,0.0,0.0
2023-12-18 00:00:00-05:00,5.349999904632568,5.349999904632568,5.190000057220459,5.25,27300,0.0,0.0
2023-12-19 00:00:00-05:00,5.400000095367432,5.460000038146973,5.309999942779541,5.429999828338623,39300,0.0,0.0
2023-12-20 00:00:00-05:00,5.480000019073486,5.480000019073486,5.199999809265137,5.199999809265137,115700,0.0,0.0
2023-12-21 00:00:00-05:00,5.340000152587891,5.340000152587891,5.190000057220459,5.230000019073486,106200,0.0,0.0
2023-12-22 00:00:00-05:00,5.199999809265137,5.289999961853027,5.199999809265137,5.199999809265137,74400,0.0,0.0
2023-12-26 00:00:00-05:00,5.21999979019165,5.409999847412109,5.159999847412109,5.360000133514404,93800,0.0,0.0
2023-12-27 00:00:00-05:00,5.360000133514404,5.519999980926514,5.349999904632568,5.5,76700,0.0,0.0
2023-12-28 00:00:00-05:00,5.550000190734863,5.550000190734863,5.420000076293945,5.429999828338623,94700,0.0,0.0
2023-12-29 00:00:00-05:00,5.409999847412109,5.429999828338623,5.239999771118164,5.28000020980835,27800,0.0,0.0
2024-01-02 00:00:00-05:00,5.349999904632568,5.400000095367432,5.25,5.289999961853027,27100,0.0,0.0
2024-01-03 00:00:00-05:00,5.25,5.300000190734863,5.199999809265137,5.21999979019165,40200,0.0,0.0
2024-01-04 00:00:00-05:00,5.170000076293945,5.230000019073486,5.170000076293945,5.210000038146973,34900,0.0,0.0
2024-01-05 00:00:00-05:00,5.210000038146973,5.300000190734863,5.150000095367432,5.21999979019165,66200,0.0,0.0
2024-01-08 00:00:00-05:00,5.28000020980835,5.28000020980835,5.210000038146973,5.230000019073486,37800,0.0,0.0
2024-01-09 00:00:00-05:00,5.179999828338623,5.230000019073486,5.119999885559082,5.190000057220459,19700,0.0,0.0
2024-01-10 00:00:00-05:00,5.110000133514404,5.139999866485596,5.079999923706055,5.119999885559082,26800,0.0,0.0
2024-01-11 00:00:00-05:00,5.150000095367432,5.150000095367432,5.0,5.130000114440918,39600,0.0,0.0
2024-01-12 00:00:00-05:00,5.21999979019165,5.230000019073486,5.079999923706055,5.159999847412109,37100,0.0,0.0
2024-01-16 00:00:00-05:00,5.110000133514404,5.110000133514404,5.010000228881836,5.059999942779541,43500,0.0,0.0
2024-01-17 00:00:00-05:00,5.130000114440918,5.130000114440918,5.050000190734863,5.079999923706055,21900,0.0,0.0
2024-01-18 00:00:00-05:00,5.010000228881836,5.019999980926514,4.96999979019165,4.989999771118164,17000,0.0,0.0
2024-01-19 00:00:00-05:00,5.019999980926514,5.059999942779541,4.989999771118164,5.039999961853027,28000,0.0,0.0
2024-01-22 00:00:00-05:00,4.96999979019165,4.989999771118164,4.920000076293945,4.989999771118164,25800,0.0,0.0
2024-01-23 00:00:00-05:00,5.0,5.110000133514404,4.989999771118164,5.079999923706055,30200,0.0,0.0
2024-01-24 00:00:00-05:00,5.179999828338623,5.199999809265137,5.019999980926514,5.019999980926514,41800,0.0,0.0
2024-01-25 00:00:00-05:00,5.119999885559082,5.139999866485596,5.059999942779541,5.099999904632568,51400,0.0,0.0
2024-01-26 00:00:00-05:00,5.099999904632568,5.119999885559082,5.070000171661377,5.099999904632568,69400,0.0,0.0
2024-01-29 00:00:00-05:00,5.119999885559082,5.119999885559082,4.980000019073486,5.03000020980835,34100,0.0,0.0
2024-01-30 00:00:00-05:00,5.0,5.090000152587891,4.96999979019165,5.090000152587891,22000,0.0,0.0
2024-01-31 00:00:00-05:00,5.119999885559082,5.119999885559082,4.960000038146973,5.019999980926514,29000,0.0,0.0
2024-02-01 00:00:00-05:00,5.019999980926514,5.059999942779541,4.920000076293945,5.010000228881836,44300,0.0,0.0
2024-02-02 00:00:00-05:00,4.980000019073486,5.050000190734863,4.96999979019165,5.039999961853027,35800,0.0,0.0
2024-02-05 00:00:00-05:00,5.039999961853027,5.039999961853027,4.880000114440918,4.909999847412109,50200,0.0,0.0
2024-02-06 00:00:00-05:00,4.900000095367432,4.980000019073486,4.900000095367432,4.900000095367432,31300,0.0,0.0
2024-02-07 00:00:00-05:00,4.960000038146973,5.0,4.909999847412109,4.960000038146973,104000,0.0,0.0
2024-02-08 00:00:00-05:00,4.920000076293945,4.949999809265137,4.820000171661377,4.949999809265137,89000,0.0,0.0
2024-02-09 00:00:00-05:00,4.829999923706055,4.900000095367432,4.820000171661377,4.860000133514404,46600,0.0,0.0
2024-02-12 00:00:00-05:00,4.940000057220459,4.96999979019165,4.869999885559082,4.960000038146973,21600,0.0,0.0
2024-02-13 00:00:00-05:00,4.909999847412109,4.960000038146973,4.769999980926514,4.860000133514404,26100,0.0,0.0
2024-02-14 00:00:00-05:00,4.960000038146973,4.980000019073486,4.71999979019165,4.769999980926514,81200,0.0,0.0
2024-02-15 00:00:00-05:00,4.800000190734863,4.869999885559082,4.78000020980835,4.869999885559082,64100,0.0,0.0
2024-02-16 00:00:00-05:00,4.75,4.840000152587891,4.71999979019165,4.809999942779541,132000,0.0,0.0
2024-02-20 00:00:00-05:00,4.800000190734863,4.860000133514404,4.789999961853027,4.829999923706055,30000,0.0,0.0
2024-02-21 00:00:00-05:00,4.889999866485596,4.889999866485596,4.789999961853027,4.800000190734863,22100,0.0,0.0
2024-02-22 00:00:00-05:00,4.829999923706055,4.869999885559082,4.800000190734863,4.800000190734863,27300,0.0,0.0
2024-02-23 00:00:00-05:00,4.800000190734863,4.809999942779541,4.71999979019165,4.730000019073486,39400,0.0,0.0
2024-02-26 00:00:00-05:00,4.730000019073486,4.760000228881836,4.699999809265137,4.71999979019165,18600,0.0,0.0
2024-02-27 00:00:00-05:00,4.829999923706055,4.840000152587891,4.78000020980835,4.78000020980835,14400,0.0,0.0
2024-02-28 00:00:00-05:00,4.809999942779541,4.849999904632568,4.760000228881836,4.789999961853027,43500,0.0,0.0
2024-02-29 00:00:00-05:00,4.75,4.800000190734863,4.71999979019165,4.800000190734863,33000,0.0,0.0
2024-03-01 00:00:00-05:00,4.820000171661377,4.820000171661377,4.760000228881836,4.789999961853027,22100,0.0,0.0
2024-03-04 00:00:00-05:00,4.78000020980835,4.809999942779541,4.769999980926514,4.809999942779541,52300,0.0,0.0
2024-03-05 00:00:00-05:00,4.809999942779541,4.849999904632568,4.789999961853027,4.789999961853027,56300,0.0,0.0
2024-03-06 00:00:00-05:00,4.789999961853027,4.809999942779541,4.760000228881836,4.809999942779541,54700,0.0,0.0
2024-03-07 00:00:00-05:00,4.800000190734863,4.829999923706055,4.800000190734863,4.809999942779541,61900,0.0,0.0
2024-03-08 00:00:00-05:00,4.800000190734863,4.820000171661377,4.78000020980835,4.800000190734863,40600,0.0,0.0
2024-03-11 00:00:00-04:00,4.789999961853027,4.829999923706055,4.769999980926514,4.829999923706055,121700,0.0,0.0
2024-03-12 00:00:00-04:00,4.829999923706055,4.829999923706055,4.769999980926514,4.78000020980835,14900,0.0,0.0
2024-03-13 00:00:00-04:00,4.809999942779541,4.809999942779541,4.760000228881836,4.789999961853027,15500,0.0,0.0
2024-03-14 00:00:00-04:00,4.789999961853027,4.789999961853027,4.730000019073486,4.75,30100,0.0,0.0
2024-03-15 00:00:00-04:00,4.71999979019165,4.739999771118164,4.710000038146973,4.710000038146973,14400,0.0,0.0
2024-03-18 00:00:00-04:00,4.739999771118164,4.739999771118164,4.679999828338623,4.699999809265137,41100,0.0,0.0
2024-03-19 00:00:00-04:00,4.690000057220459,4.71999979019165,4.690000057220459,4.699999809265137,36900,0.0,0.0
2024-03-20 00:00:00-04:00,4.730000019073486,4.769999980926514,4.699999809265137,4.769999980926514,43900,0.0,0.0
2024-03-21 00:00:00-04:00,4.760000228881836,4.800000190734863,4.75,4.78000020980835,46900,0.0,0.0
2024-03-22 00:00:00-04:00,4.800000190734863,4.800000190734863,4.699999809265137,4.760000228881836,23200,0.0,0.0
2024-03-25 00:00:00-04:00,4.760000228881836,4.78000020980835,4.760000228881836,4.760000228881836,20100,0.0,0.0
2024-03-26 00:00:00-04:00,4.829999923706055,4.829999923706055,4.769999980926514,4.820000171661377,59800,0.0,0.0
2024-03-27 00:00:00-04:00,4.860000133514404,4.949999809265137,4.860000133514404,4.949999809265137,77900,0.0,0.0
2024-03-28 00:00:00-04:00,4.949999809265137,4.96999979019165,4.889999866485596,4.96999979019165,25800,0.0,0.0
2024-04-01 00:00:00-04:00,4.960000038146973,4.980000019073486,4.880000114440918,4.980000019073486,32800,0.0,0.0
2024-04-02 00:00:00-04:00,4.940000057220459,4.96999979019165,4.900000095367432,4.920000076293945,27700,0.0,0.0
2024-04-03 00:00:00-04:00,4.909999847412109,4.929999828338623,4.800000190734863,4.929999828338623,24100,0.0,0.0
2024-04-04 00:00:00-04:00,4.920000076293945,5.010000228881836,4.900000095367432,4.920000076293945,78100,0.0,0.0
2024-04-05 00:00:00-04:00,4.920000076293945,4.940000057220459,4.829999923706055,4.880000114440918,31200,0.0,0.0
2024-04-08 00:00:00-04:00,4.880000114440918,4.960000038146973,4.880000114440918,4.960000038146973,62800,0.0,0.0
2024-04-09 00:00:00-04:00,5.010000228881836,5.099999904632568,5.010000228881836,5.099999904632568,32400,0.0,0.0
2024-04-10 00:00:00-04:00,5.110000133514404,5.110000133514404,4.900000095367432,4.949999809265137,30700,0.0,0.0
2024-04-11 00:00:00-04:00,4.909999847412109,5.099999904632568,4.849999904632568,4.949999809265137,69000,0.0,0.0
2024-04-12 00:00:00-04:00,4.920000076293945,4.920000076293945,4.78000020980835,4.809999942779541,54300,0.0,0.0
2024-04-15 00:00:00-04:00,4.78000020980835,4.78000020980835,4.730000019073486,4.75,35500,0.0,0.0
2024-04-16 00:00:00-04:00,4.75,4.820000171661377,4.659999847412109,4.820000171661377,51200,0.0,0.0
2024-04-17 00:00:00-04:00,4.820000171661377,4.820000171661377,4.71999979019165,4.739999771118164,34700,0.0,0.0
2024-04-18 00:00:00-04:00,4.809999942779541,4.829999923706055,4.739999771118164,4.800000190734863,20200,0.0,0.0
2024-04-19 00:00:00-04:00,4.800000190734863,5.019999980926514,4.800000190734863,5.010000228881836,54300,0.0,0.0
2024-04-22 00:00:00-04:00,5.050000190734863,5.050000190734863,4.949999809265137,4.96999979019165,11300,0.0,0.0
2024-04-23 00:00:00-04:00,5.039999961853027,5.039999961853027,4.920000076293945,4.989999771118164,19300,0.0,0.0
2024-04-24 00:00:00-04:00,4.980000019073486,5.010000228881836,4.949999809265137,4.989999771118164,27200,0.0,0.0
2024-04-25 00:00:00-04:00,4.909999847412109,4.909999847412109,4.820000171661377,4.820000171661377,20600,0.0,0.0
2024-04-26 00:00:00-04:00,4.869999885559082,4.960000038146973,4.860000133514404,4.949999809265137,15000,0.0,0.0
2024-04-29 00:00:00-04:00,4.949999809265137,5.099999904632568,4.949999809265137,5.099999904632568,139000,0.0,0.0
2024-04-30 00:00:00-04:00,5.099999904632568,5.099999904632568,4.96999979019165,5.010000228881836,80900,0.0,0.0
2024-05-01 00:00:00-04:00,4.96999979019165,5.0,4.900000095367432,4.920000076293945,12700,0.0,0.0
2024-05-02 00:00:00-04:00,5.070000171661377,5.070000171661377,4.889999866485596,4.949999809265137,45100,0.0,0.0
2024-05-03 00:00:00-04:00,5.03000020980835,5.099999904632568,4.96999979019165,5.090000152587891,37900,0.0,0.0
2024-05-06 00:00:00-04:00,5.090000152587891,5.099999904632568,4.989999771118164,5.050000190734863,31600,0.0,0.0
2024-05-07 00:00:00-04:00,4.960000038146973,5.110000133514404,4.960000038146973,5.039999961853027,60600,0.0,0.0
2024-05-08 00:00:00-04:00,5.070000171661377,5.090000152587891,5.0,5.090000152587891,37900,0.0,0.0
2024-05-09 00:00:00-04:00,5.110000133514404,5.110000133514404,4.849999904632568,5.079999923706055,47700,0.0,0.0
2024-05-10 00:00:00-04:00,5.079999923706055,5.199999809265137,4.920000076293945,4.920000076293945,48400,0.0,0.0
2024-05-13 00:00:00-04:00,5.0,5.019999980926514,4.929999828338623,4.960000038146973,46400,0.0,0.0
2024-05-14 00:00:00-04:00,4.920000076293945,5.019999980926514,4.909999847412109,4.940000057220459,64700,0.0,0.0
2024-05-15 00:00:00-04:00,4.920000076293945,4.940000057220459,4.889999866485596,4.900000095367432,60200,0.0,0.0
2024-05-16 00:00:00-04:00,4.949999809265137,4.960000038146973,4.889999866485596,4.949999809265137,59800,0.0,0.0
2024-05-17 00:00:00-04:00,4.909999847412109,4.949999809265137,4.909999847412109,4.940000057220459,27000,0.0,0.0
2024-05-20 00:00:00-04:00,4.989999771118164,5.03000020980835,4.929999828338623,5.010000228881836,42200,0.0,0.0
2024-05-21 00:00:00-04:00,5.019999980926514,5.019999980926514,4.949999809265137,5.0,16900,0.0,0.0
2024-05-22 00:00:00-04:00,4.96999979019165,4.96999979019165,4.880000114440918,4.889999866485596,33500,0.0,0.0
2024-05-23 00:00:00-04:00,4.929999828338623,4.929999828338623,4.849999904632568,4.860000133514404,30300,0.0,0.0
2024-05-24 00:00:00-04:00,4.849999904632568,4.909999847412109,4.849999904632568,4.909999847412109,17700,0.0,0.0
2024-05-28 00:00:00-04:00,4.989999771118164,5.0,4.869999885559082,4.889999866485596,18600,0.0,0.0
2024-05-29 00:00:00-04:00,4.929999828338623,4.989999771118164,4.820000171661377,4.989999771118164,48000,0.0,0.0
2024-05-30 00:00:00-04:00,4.949999809265137,4.960000038146973,4.800000190734863,4.889999866485596,7000,0.0,0.0
2024-05-31 00:00:00-04:00,4.940000057220459,4.940000057220459,4.75,4.800000190734863,53700,0.0,0.0
2024-06-03 00:00:00-04:00,4.800000190734863,5.03000020980835,4.800000190734863,5.03000020980835,97500,0.0,0.0
2024-06-04 00:00:00-04:00,4.960000038146973,4.960000038146973,4.760000228881836,4.78000020980835,42700,0.0,0.0
2024-06-05 00:00:00-04:00,4.75,4.760000228881836,4.650000095367432,4.699999809265137,62800,0.0,0.0
2024-06-06 00:00:00-04:00,4.71999979019165,4.760000228881836,4.670000076293945,4.71999979019165,34500,0.0,0.0
2024-06-07 00:00:00-04:00,4.710000038146973,4.75,4.679999828338623,4.730000019073486,23300,0.0,0.0
2024-06-10 00:00:00-04:00,4.679999828338623,4.78000020980835,4.659999847412109,4.679999828338623,29100,0.0,0.0
2024-06-11 00:00:00-04:00,4.659999847412109,4.739999771118164,4.659999847412109,4.710000038146973,30200,0.0,0.0
2024-06-12 00:00:00-04:00,4.800000190734863,4.800000190734863,4.650000095367432,4.71999979019165,28500,0.0,0.0
2024-06-13 00:00:00-04:00,4.670000076293945,4.760000228881836,4.659999847412109,4.760000228881836,15400,0.0,0.0
2024-06-14 00:00:00-04:00,4.840000152587891,4.849999904632568,4.71999979019165,4.769999980926514,93400,0.0,0.0
2024-06-17 00:00:00-04:00,4.800000190734863,4.800000190734863,4.659999847412109,4.699999809265137,28900,0.0,0.0
2024-06-18 00:00:00-04:00,4.699999809265137,4.730000019073486,4.650000095367432,4.699999809265137,18300,0.0,0.0
2024-06-20 00:00:00-04:00,4.739999771118164,4.739999771118164,4.610000133514404,4.630000114440918,33900,0.0,0.0
2024-06-21 00:00:00-04:00,4.630000114440918,4.690000057220459,4.630000114440918,4.670000076293945,21000,0.0,0.0
2024-06-24 00:00:00-04:00,4.710000038146973,4.789999961853027,4.690000057220459,4.78000020980835,17700,0.0,0.0
2024-06-25 00:00:00-04:00,4.820000171661377,4.820000171661377,4.690000057220459,4.71999979019165,17600,0.0,0.0
2024-06-26 00:00:00-04:00,4.679999828338623,4.679999828338623,4.599999904632568,4.679999828338623,27200,0.0,0.0
2024-06-27 00:00:00-04:00,4.670000076293945,4.679999828338623,4.579999923706055,4.670000076293945,27200,0.0,0.0
2024-06-28 00:00:00-04:00,4.699999809265137,4.699999809265137,4.579999923706055,4.599999904632568,22700,0.0,0.0
2024-07-01 00:00:00-04:00,4.599999904632568,4.659999847412109,4.590000152587891,4.590000152587891,28800,0.0,0.0
2024-07-02 00:00:00-04:00,4.650000095367432,4.650000095367432,4.539999961853027,4.590000152587891,30600,0.0,0.0
2024-07-03 00:00:00-04:00,4.619999885559082,4.679999828338623,4.619999885559082,4.670000076293945,12500,0.0,0.0
2024-07-05 00:00:00-04:00,4.800000190734863,4.889999866485596,4.78000020980835,4.889999866485596,49200,0.0,0.0
2024-07-08 00:00:00-04:00,4.889999866485596,4.889999866485596,4.840000152587891,4.880000114440918,27100,0.0,0.0
2024-07-09 00:00:00-04:00,4.889999866485596,4.949999809265137,4.880000114440918,4.909999847412109,60100,0.0,0.0
2024-07-10 00:00:00-04:00,4.929999828338623,4.949999809265137,4.889999866485596,4.889999866485596,28700,0.0,0.0
2024-07-11 00:00:00-04:00,4.900000095367432,4.929999828338623,4.869999885559082,4.929999828338623,22000,0.0,0.0
2024-07-12 00:00:00-04:00,4.889999866485596,4.96999979019165,4.880000114440918,4.920000076293945,32400,0.0,0.0
2024-07-15 00:00:00-04:00,4.920000076293945,4.940000057220459,4.880000114440918,4.940000057220459,13400,0.0,0.0
2024-07-16 00:00:00-04:00,4.960000038146973,4.989999771118164,4.900000095367432,4.929999828338623,14900,0.0,0.0
2024-07-17 00:00:00-04:00,4.929999828338623,5.119999885559082,4.849999904632568,5.039999961853027,35300,0.0,0.0
2024-07-18 00:00:00-04:00,5.010000228881836,5.139999866485596,4.889999866485596,4.909999847412109,62200,0.0,0.0
2024-07-19 00:00:00-04:00,4.96999979019165,5.0,4.909999847412109,4.929999828338623,10500,0.0,0.0
2024-07-22 00:00:00-04:00,5.010000228881836,5.010000228881836,4.860000133514404,4.920000076293945,13800,0.0,0.0
2024-07-23 00:00:00-04:00,4.929999828338623,4.929999828338623,4.78000020980835,4.840000152587891,16000,0.0,0.0
2024-07-24 00:00:00-04:00,4.760000228881836,4.769999980926514,4.710000038146973,4.730000019073486,22800,0.0,0.0
2024-07-25 00:00:00-04:00,4.78000020980835,4.78000020980835,4.659999847412109,4.679999828338623,25100,0.0,0.0
2024-07-26 00:00:00-04:00,4.789999961853027,4.789999961853027,4.670000076293945,4.769999980926514,49400,0.0,0.0
2024-07-29 00:00:00-04:00,4.78000020980835,4.869999885559082,4.679999828338623,4.710000038146973,54900,0.0,0.0
2024-07-30 00:00:00-04:00,4.690000057220459,4.710000038146973,4.610000133514404,4.710000038146973,52200,0.0,0.0
2024-07-31 00:00:00-04:00,4.71999979019165,4.71999979019165,4.630000114440918,4.679999828338623,59400,0.0,0.0
2024-08-01 00:00:00-04:00,4.699999809265137,4.71999979019165,4.579999923706055,4.610000133514404,39300,0.0,0.0
2024-08-02 00:00:00-04:00,4.639999866485596,4.639999866485596,4.53000020980835,4.570000171661377,32200,0.0,0.0
2024-08-05 00:00:00-04:00,4.5,4.519999980926514,4.400000095367432,4.519999980926514,60600,0.0,0.0
2024-08-06 00:00:00-04:00,4.550000190734863,4.659999847412109,4.550000190734863,4.590000152587891,39500,0.0,0.0
2024-08-07 00:00:00-04:00,4.610000133514404,4.659999847412109,4.579999923706055,4.599999904632568,34600,0.0,0.0
2024-08-08 00:00:00-04:00,4.570000171661377,4.690000057220459,4.550000190734863,4.690000057220459,21700,0.0,0.0
2024-08-09 00:00:00-04:00,4.739999771118164,4.820000171661377,4.730000019073486,4.78000020980835,43400,0.0,0.0
2024-08-12 00:00:00-04:00,4.730000019073486,4.78000020980835,4.690000057220459,4.699999809265137,56200,0.0,0.0
2024-08-13 00:00:00-04:00,4.75,4.78000020980835,4.690000057220459,4.78000020980835,55200,0.0,0.0
2024-08-14 00:00:00-04:00,4.739999771118164,4.800000190734863,4.71999979019165,4.739999771118164,26600,0.0,0.0
2024-08-15 00:00:00-04:00,4.710000038146973,4.75,4.699999809265137,4.739999771118164,33900,0.0,0.0
2024-08-16 00:00:00-04:00,4.690000057220459,4.769999980926514,4.690000057220459,4.690000057220459,34500,0.0,0.0
2024-08-19 00:00:00-04:00,4.710000038146973,4.789999961853027,4.710000038146973,4.789999961853027,42900,0.0,0.0
2024-08-20 00:00:00-04:00,4.730000019073486,4.78000020980835,4.71999979019165,4.769999980926514,25900,0.0,0.0
2024-08-21 00:00:00-04:00,4.800000190734863,4.800000190734863,4.71999979019165,4.739999771118164,14800,0.0,0.0
2024-08-22 00:00:00-04:00,4.730000019073486,4.75,4.590000152587891,4.650000095367432,77500,0.0,0.0
2024-08-23 00:00:00-04:00,4.679999828338623,4.760000228881836,4.679999828338623,4.760000228881836,22400,0.0,0.0
2024-08-26 00:00:00-04:00,4.75,4.789999961853027,4.710000038146973,4.789999961853027,36500,0.0,0.0
2024-08-27 00:00:00-04:00,4.800000190734863,4.820000171661377,4.739999771118164,4.820000171661377,58900,0.0,0.0
2024-08-28 00:00:00-04:00,4.809999942779541,4.809999942779541,4.71999979019165,4.760000228881836,30000,0.0,0.0
2024-08-29 00:00:00-04:00,4.71999979019165,4.71999979019165,4.590000152587891,4.659999847412109,54000,0.0,0.0
2024-08-30 00:00:00-04:00,4.579999923706055,4.639999866485596,4.550000190734863,4.639999866485596,25700,0.0,0.0
2024-09-03 00:00:00-04:00,4.659999847412109,4.659999847412109,4.53000020980835,4.619999885559082,32100,0.0,0.0
2024-09-04 00:00:00-04:00,4.659999847412109,4.71999979019165,4.659999847412109,4.690000057220459,29600,0.0,0.0
2024-09-05 00:00:00-04:00,4.690000057220459,4.78000020980835,4.690000057220459,4.78000020980835,32200,0.0,0.0
2024-09-06 00:00:00-04:00,4.78000020980835,4.800000190734863,4.730000019073486,4.75,11300,0.0,0.0
2024-09-09 00:00:00-04:00,4.75,4.75,4.670000076293945,4.710000038146973,34800,0.0,0.0
2024-09-10 00:00:00-04:00,4.730000019073486,4.730000019073486,4.619999885559082,4.71999979019165,26500,0.0,0.0
2024-09-11 00:00:00-04:00,4.739999771118164,4.739999771118164,4.619999885559082,4.699999809265137,30100,0.0,0.0
2024-09-12 00:00:00-04:00,4.71999979019165,4.789999961853027,4.659999847412109,4.789999961853027,39900,0.0,0.0
2024-09-13 00:00:00-04:00,4.800000190734863,4.880000114440918,4.800000190734863,4.860000133514404,39400,0.0,0.0
2024-09-16 00:00:00-04:00,4.900000095367432,4.96999979019165,4.889999866485596,4.96999979019165,55800,0.0,0.0
2024-09-17 00:00:00-04:00,4.96999979019165,4.96999979019165,4.820000171661377,4.860000133514404,124200,0.0,0.0
2024-09-18 00:00:00-04:00,4.900000095367432,4.909999847412109,4.840000152587891,4.849999904632568,79500,0.0,0.0
2024-09-19 00:00:00-04:00,4.920000076293945,4.920000076293945,4.760000228881836,4.789999961853027,47000,0.0,0.0
2024-09-20 00:00:00-04:00,4.739999771118164,4.75,4.619999885559082,4.619999885559082,76600,0.0,0.0
2024-09-23 00:00:00-04:00,4.639999866485596,4.679999828338623,4.590000152587891,4.639999866485596,47500,0.0,0.0
2024-09-24 00:00:00-04:00,4.699999809265137,4.739999771118164,4.670000076293945,4.679999828338623,28700,0.0,0.0
2024-09-25 00:00:00-04:00,4.699999809265137,4.75,4.670000076293945,4.699999809265137,32800,0.0,0.0
2024-09-26 00:00:00-04:00,4.739999771118164,4.75,4.690000057220459,4.71999979019165,31700,0.0,0.0
2024-09-27 00:00:00-04:00,4.710000038146973,4.710000038146973,4.659999847412109,4.710000038146973,46800,0.0,0.0
2024-09-30 00:00:00-04:00,4.690000057220459,4.699999809265137,4.650000095367432,4.690000057220459,27600,0.0,0.0
2024-10-01 00:00:00-04:00,4.670000076293945,4.710000038146973,4.639999866485596,4.639999866485596,35900,0.0,0.0
2024-10-02 00:00:00-04:00,4.679999828338623,4.730000019073486,4.679999828338623,4.699999809265137,15800,0.0,0.0
2024-10-03 00:00:00-04:00,4.71999979019165,4.71999979019165,4.610000133514404,4.679999828338623,24600,0.0,0.0
2024-10-04 00:00:00-04:00,4.650000095367432,4.659999847412109,4.619999885559082,4.630000114440918,43300,0.0,0.0
2024-10-07 00:00:00-04:00,4.670000076293945,4.679999828338623,4.619999885559082,4.650000095367432,37200,0.0,0.0
2024-10-08 00:00:00-04:00,4.610000133514404,4.670000076293945,4.579999923706055,4.590000152587891,39800,0.0,0.0
2024-10-09 00:00:00-04:00,4.590000152587891,4.590000152587891,4.5,4.53000020980835,52200,0.0,0.0
2024-10-10 00:00:00-04:00,4.579999923706055,4.579999923706055,4.460000038146973,4.489999771118164,51700,0.0,0.0
2024-10-11 00:00:00-04:00,4.489999771118164,4.489999771118164,4.409999847412109,4.46999979019165,52600,0.0,0.0
2024-10-14 00:00:00-04:00,4.510000228881836,4.579999923706055,4.440000057220459,4.579999923706055,28600,0.0,0.0
2024-10-15 00:00:00-04:00,4.539999961853027,4.539999961853027,4.409999847412109,4.440000057220459,62100,0.0,0.0
2024-10-16 00:00:00-04:00,4.400000095367432,4.440000057220459,4.380000114440918,4.420000076293945,62900,0.0,0.0
2024-10-17 00:00:00-04:00,4.409999847412109,4.429999828338623,4.340000152587891,4.389999866485596,95100,0.0,0.0
2024-10-18 00:00:00-04:00,4.420000076293945,4.420000076293945,4.329999923706055,4.349999904632568,85800,0.0,0.0
2024-10-21 00:00:00-04:00,4.400000095367432,4.440000057220459,4.349999904632568,4.440000057220459,90200,0.0,0.0
2024-10-22 00:00:00-04:00,4.440000057220459,4.5,4.329999923706055,4.5,99400,0.0,0.0
2024-10-23 00:00:00-04:00,4.5,4.5,4.360000133514404,4.449999809265137,68300,0.0,0.0
2024-10-24 00:00:00-04:00,4.239999771118164,4.260000228881836,4.139999866485596,4.260000228881836,82200,0.0,0.0
2024-10-25 00:00:00-04:00,4.28000020980835,4.28000020980835,4.150000095367432,4.170000076293945,76800,0.0,0.0
2024-10-28 00:00:00-04:00,4.21999979019165,4.21999979019165,4.170000076293945,4.190000057220459,50300,0.0,0.0
2024-10-29 00:00:00-04:00,4.170000076293945,4.179999828338623,4.110000133514404,4.130000114440918,97600,0.0,0.0
2024-10-30 00:00:00-04:00,4.110000133514404,4.139999866485596,4.110000133514404,4.139999866485596,39100,0.0,0.0
2024-10-31 00:00:00-04:00,4.119999885559082,4.150000095367432,4.090000152587891,4.090000152587891,47500,0.0,0.0
2024-11-01 00:00:00-04:00,4.090000152587891,4.099999904632568,4.050000190734863,4.059999942779541,56500,0.0,0.0
2024-11-04 00:00:00-05:00,4.099999904632568,4.159999847412109,4.099999904632568,4.139999866485596,63500,0.0,0.0
2024-11-05 00:00:00-05:00,4.099999904632568,4.21999979019165,4.099999904632568,4.190000057220459,68200,0.0,0.0
2024-11-06 00:00:00-05:00,4.170000076293945,4.329999923706055,4.170000076293945,4.320000171661377,103200,0.0,0.0
2024-11-07 00:00:00-05:00,4.320000171661377,4.389999866485596,4.159999847412109,4.179999828338623,65500,0.0,0.0
2024-11-08 00:00:00-05:00,4.110000133514404,4.179999828338623,4.059999942779541,4.179999828338623,48400,0.0,0.0
2024-11-11 00:00:00-05:00,4.119999885559082,4.119999885559082,4.059999942779541,4.099999904632568,125300,0.0,0.0
2024-11-12 00:00:00-05:00,4.110000133514404,4.119999885559082,4.059999942779541,4.090000152587891,26500,0.0,0.0
2024-11-13 00:00:00-05:00,4.090000152587891,4.090000152587891,4.019999980926514,4.079999923706055,51900,0.0,0.0
2024-11-14 00:00:00-05:00,4.050000190734863,4.190000057220459,4.050000190734863,4.150000095367432,53700,0.0,0.0
2024-11-15 00:00:00-05:00,4.159999847412109,4.179999828338623,4.070000171661377,4.179999828338623,37700,0.0,0.0
2024-11-18 00:00:00-05:00,4.170000076293945,4.210000038146973,4.130000114440918,4.199999809265137,52600,0.0,0.0
2024-11-19 00:00:00-05:00,4.170000076293945,4.170000076293945,4.119999885559082,4.139999866485596,14300,0.0,0.0
2024-11-20 00:00:00-05:00,4.159999847412109,4.25,4.130000114440918,4.170000076293945,23900,0.0,0.0
2024-11-21 00:00:00-05:00,4.110000133514404,4.139999866485596,4.079999923706055,4.119999885559082,41000,0.0,0.0
2024-11-22 00:00:00-05:00,4.099999904632568,4.150000095367432,4.079999923706055,4.139999866485596,63500,0.0,0.0
2024-11-25 00:00:00-05:00,4.139999866485596,4.159999847412109,4.119999885559082,4.150000095367432,36300,0.0,0.0
2024-11-26 00:00:00-05:00,4.170000076293945,4.179999828338623,4.119999885559082,4.139999866485596,48600,0.0,0.0
2024-11-27 00:00:00-05:00,4.139999866485596,4.139999866485596,4.03000020980835,4.039999961853027,61000,0.0,0.0
2024-11-29 00:00:00-05:00,3.9600000381469727,4.0,3.890000104904175,3.990000009536743,92300,0.0,0.0
2024-12-02 00:00:00-05:00,3.990000009536743,3.990000009536743,3.890000104904175,3.950000047683716,64100,0.0,0.0
2024-12-03 00:00:00-05:00,3.9200000762939453,3.9200000762939453,3.880000114440918,3.9000000953674316,98400,0.0,0.0
2024-12-04 00:00:00-05:00,3.859999895095825,3.940000057220459,3.859999895095825,3.9200000762939453,102400,0.0,0.0
2024-12-05 00:00:00-05:00,3.930000066757202,4.03000020980835,3.9100000858306885,3.9200000762939453,73800,0.0,0.0
2024-12-06 00:00:00-05:00,3.940000057220459,3.940000057220459,3.819999933242798,3.859999895095825,80100,0.0,0.0
2024-12-09 00:00:00-05:00,3.869999885559082,3.880000114440918,3.8299999237060547,3.8499999046325684,79500,0.0,0.0
2024-12-10 00:00:00-05:00,3.869999885559082,3.9200000762939453,3.869999885559082,3.9100000858306885,63700,0.0,0.0
2024-12-11 00:00:00-05:00,3.869999885559082,3.940000057220459,3.819999933242798,3.869999885559082,220100,0.0,0.0
2024-12-12 00:00:00-05:00,3.859999895095825,3.930000066757202,3.7899999618530273,3.8499999046325684,91781,0.0,0.0
