Date,Open,High,Low,Close,Volume,Dividends,Stock Splits
2022-01-03 00:00:00-05:00,1.190000057220459,1.309999942779541,1.190000057220459,1.2799999713897705,27300,0.0,0.0
2022-01-04 00:00:00-05:00,1.2899999618530273,1.3200000524520874,1.2599999904632568,1.3200000524520874,19300,0.0,0.0
2022-01-05 00:00:00-05:00,1.409999966621399,1.6100000143051147,1.25,1.3700000047683716,463100,0.0,0.0
2022-01-06 00:00:00-05:00,1.409999966621399,1.4249999523162842,1.2899999618530273,1.3700000047683716,48000,0.0,0.0
2022-01-07 00:00:00-05:00,1.2999999523162842,1.2999999523162842,1.159000039100647,1.159999966621399,144600,0.0,0.0
2022-01-10 00:00:00-05:00,1.149999976158142,1.159999966621399,1.0800000429153442,1.159999966621399,54700,0.0,0.0
2022-01-11 00:00:00-05:00,1.1799999475479126,1.1799999475479126,1.1239999532699585,1.1799999475479126,28700,0.0,0.0
2022-01-12 00:00:00-05:00,1.1799999475479126,1.1799999475479126,1.1200000047683716,1.159999966621399,73100,0.0,0.0
2022-01-13 00:00:00-05:00,1.149999976158142,1.1799999475479126,1.0800000429153442,1.159999966621399,56000,0.0,0.0
2022-01-14 00:00:00-05:00,1.149999976158142,1.2200000286102295,1.0759999752044678,1.2200000286102295,40300,0.0,0.0
2022-01-18 00:00:00-05:00,1.2100000381469727,1.2999999523162842,1.2100000381469727,1.2699999809265137,26900,0.0,0.0
2022-01-19 00:00:00-05:00,1.2300000190734863,1.2300000190734863,1.2000000476837158,1.2000000476837158,15700,0.0,0.0
2022-01-20 00:00:00-05:00,1.090000033378601,1.1399999856948853,1.059999942779541,1.0700000524520874,128700,0.0,0.0
2022-01-21 00:00:00-05:00,1.0800000429153442,1.0800000429153442,0.9900000095367432,1.0,90600,0.0,0.0
2022-01-24 00:00:00-05:00,0.9599999785423279,1.0,0.8899999856948853,0.9100000262260437,50600,0.0,0.0
2022-01-25 00:00:00-05:00,0.9430000185966492,1.0199999809265137,0.8999999761581421,0.9599999785423279,31400,0.0,0.0
2022-01-26 00:00:00-05:00,1.0700000524520874,1.0700000524520874,0.9649999737739563,0.9700000286102295,17300,0.0,0.0
2022-01-27 00:00:00-05:00,1.0199999809265137,1.059999942779541,0.9300000071525574,0.9300000071525574,38800,0.0,0.0
2022-01-28 00:00:00-05:00,0.9639999866485596,0.9639999866485596,0.8700000047683716,0.9200000166893005,34800,0.0,0.0
2022-01-31 00:00:00-05:00,0.8999999761581421,0.9900000095367432,0.8999999761581421,0.9700000286102295,33300,0.0,0.0
2022-02-01 00:00:00-05:00,0.9279999732971191,1.0800000429153442,0.9279999732971191,1.0499999523162842,24000,0.0,0.0
2022-02-02 00:00:00-05:00,1.0800000429153442,1.409999966621399,1.0800000429153442,1.2400000095367432,407600,0.0,0.0
2022-02-03 00:00:00-05:00,1.1100000143051147,1.25,1.1100000143051147,1.2000000476837158,60200,0.0,0.0
2022-02-04 00:00:00-05:00,1.2000000476837158,1.2599999904632568,1.149999976158142,1.2200000286102295,37000,0.0,0.0
2022-02-07 00:00:00-05:00,1.2000000476837158,1.2100000381469727,1.1200000047683716,1.184999942779541,41000,0.0,0.0
2022-02-08 00:00:00-05:00,1.159999966621399,1.190000057220459,1.159999966621399,1.190000057220459,4200,0.0,0.0
2022-02-09 00:00:00-05:00,1.2000000476837158,1.2050000429153442,1.1699999570846558,1.1699999570846558,15200,0.0,0.0
2022-02-10 00:00:00-05:00,1.1699999570846558,1.25,1.1699999570846558,1.25,21000,0.0,0.0
2022-02-11 00:00:00-05:00,1.2699999809265137,1.2699999809265137,1.1799999475479126,1.2300000190734863,8500,0.0,0.0
2022-02-14 00:00:00-05:00,1.1799999475479126,1.2300000190734863,1.100000023841858,1.2000000476837158,10400,0.0,0.0
2022-02-15 00:00:00-05:00,1.1740000247955322,1.2100000381469727,1.1200000047683716,1.159000039100647,19300,0.0,0.0
2022-02-16 00:00:00-05:00,1.2079999446868896,1.2100000381469727,1.190000057220459,1.194000005722046,3300,0.0,0.0
2022-02-17 00:00:00-05:00,1.1360000371932983,1.2100000381469727,1.1299999952316284,1.2100000381469727,5600,0.0,0.0
2022-02-18 00:00:00-05:00,1.2000000476837158,1.2200000286102295,1.1799999475479126,1.2100000381469727,4500,0.0,0.0
2022-02-22 00:00:00-05:00,1.1799999475479126,1.309999942779541,1.1649999618530273,1.309999942779541,65100,0.0,0.0
2022-02-23 00:00:00-05:00,1.2799999713897705,1.2999999523162842,1.25,1.2999999523162842,14400,0.0,0.0
2022-02-24 00:00:00-05:00,1.159999966621399,1.2400000095367432,1.1200000047683716,1.1399999856948853,18400,0.0,0.0
2022-02-25 00:00:00-05:00,1.1399999856948853,1.2000000476837158,1.1019999980926514,1.2000000476837158,5400,0.0,0.0
2022-02-28 00:00:00-05:00,1.25,1.2799999713897705,1.1490000486373901,1.2300000190734863,12000,0.0,0.0
2022-03-01 00:00:00-05:00,1.190000057220459,1.2300000190734863,1.190000057220459,1.2300000190734863,18400,0.0,0.0
2022-03-02 00:00:00-05:00,1.2000000476837158,1.2000000476837158,1.100000023841858,1.1679999828338623,48700,0.0,0.0
2022-03-03 00:00:00-05:00,1.1679999828338623,1.1679999828338623,1.1679999828338623,1.1679999828338623,0,0.0,0.0
2022-03-04 00:00:00-05:00,1.1100000143051147,1.1100000143051147,0.9750000238418579,1.0299999713897705,23700,0.0,0.0
2022-03-07 00:00:00-05:00,1.0,1.0449999570846558,1.0,1.0099999904632568,6400,0.0,0.0
2022-03-08 00:00:00-05:00,1.059999942779541,1.0700000524520874,1.0149999856948853,1.059999942779541,4300,0.0,0.0
2022-03-09 00:00:00-05:00,1.059999942779541,1.0700000524520874,1.0299999713897705,1.0299999713897705,33300,0.0,0.0
2022-03-10 00:00:00-05:00,1.0299999713897705,1.190000057220459,1.0099999904632568,1.059999942779541,223800,0.0,0.0
2022-03-11 00:00:00-05:00,1.0700000524520874,1.0720000267028809,1.0149999856948853,1.0299999713897705,29700,0.0,0.0
2022-03-14 00:00:00-04:00,1.0,1.059999942779541,0.9800000190734863,1.0460000038146973,55900,0.0,0.0
2022-03-15 00:00:00-04:00,1.003999948501587,1.0399999618530273,0.9800000190734863,1.0399999618530273,74300,0.0,0.0
2022-03-16 00:00:00-04:00,1.0499999523162842,1.1200000047683716,1.0199999809265137,1.059999942779541,46600,0.0,0.0
2022-03-17 00:00:00-04:00,1.0800000429153442,1.1100000143051147,0.9789999723434448,0.9900000095367432,135800,0.0,0.0
2022-03-18 00:00:00-04:00,0.9900000095367432,1.1100000143051147,0.9900000095367432,1.0809999704360962,150800,0.0,0.0
2022-03-21 00:00:00-04:00,1.059999942779541,1.059999942779541,0.9900000095367432,1.0499999523162842,81900,0.0,0.0
2022-03-22 00:00:00-04:00,1.059999942779541,1.190000057220459,1.0399999618530273,1.059999942779541,176700,0.0,0.0
2022-03-23 00:00:00-04:00,1.059999942779541,1.2000000476837158,1.0299999713897705,1.0499999523162842,368000,0.0,0.0
2022-03-24 00:00:00-04:00,1.0099999904632568,1.0700000524520874,1.0099999904632568,1.059999942779541,34400,0.0,0.0
2022-03-25 00:00:00-04:00,1.0299999713897705,1.059999942779541,1.0,1.059999942779541,21200,0.0,0.0
2022-03-28 00:00:00-04:00,1.0499999523162842,1.1390000581741333,1.0099999904632568,1.0800000429153442,221100,0.0,0.0
2022-03-29 00:00:00-04:00,1.059999942779541,1.0700000524520874,1.0199999809265137,1.0399999618530273,33400,0.0,0.0
2022-03-30 00:00:00-04:00,1.0299999713897705,1.1299999952316284,1.0299999713897705,1.0499999523162842,50000,0.0,0.0
2022-03-31 00:00:00-04:00,1.0299999713897705,1.0410000085830688,1.0,1.0219999551773071,31700,0.0,0.0
2022-04-01 00:00:00-04:00,1.0099999904632568,1.0399999618530273,1.0099999904632568,1.0299999713897705,12400,0.0,0.0
2022-04-04 00:00:00-04:00,1.0499999523162842,1.0499999523162842,1.0199999809265137,1.0199999809265137,16800,0.0,0.0
2022-04-05 00:00:00-04:00,1.0140000581741333,1.1100000143051147,1.0,1.059999942779541,179200,0.0,0.0
2022-04-06 00:00:00-04:00,1.0299999713897705,1.0299999713897705,1.0,1.0099999904632568,48200,0.0,0.0
2022-04-07 00:00:00-04:00,1.0119999647140503,1.0399999618530273,1.0,1.0099999904632568,34300,0.0,0.0
2022-04-08 00:00:00-04:00,1.0099999904632568,1.0299999713897705,1.0089999437332153,1.0299999713897705,7800,0.0,0.0
2022-04-11 00:00:00-04:00,1.0,1.0299999713897705,1.0,1.0099999904632568,11000,0.0,0.0
2022-04-12 00:00:00-04:00,1.0069999694824219,1.0460000038146973,1.0,1.0,14200,0.0,0.0
2022-04-13 00:00:00-04:00,1.0049999952316284,1.0499999523162842,0.949999988079071,0.9700000286102295,57900,0.0,0.0
2022-04-14 00:00:00-04:00,1.0,1.0199999809265137,0.9700000286102295,0.9860000014305115,23800,0.0,0.0
2022-04-18 00:00:00-04:00,0.9879999756813049,1.0,0.9710000157356262,0.9900000095367432,9600,0.0,0.0
2022-04-19 00:00:00-04:00,0.9599999785423279,0.9700000286102295,0.949999988079071,0.9599999785423279,28300,0.0,0.0
2022-04-20 00:00:00-04:00,0.9200000166893005,1.0,0.9100000262260437,0.9599999785423279,9600,0.0,0.0
2022-04-21 00:00:00-04:00,0.9599999785423279,1.0,0.9599999785423279,0.9710000157356262,2500,0.0,0.0
2022-04-22 00:00:00-04:00,0.9399999976158142,0.9700000286102295,0.9399999976158142,0.953000009059906,19500,0.0,0.0
2022-04-25 00:00:00-04:00,0.9210000038146973,1.0,0.9210000038146973,1.0,6400,0.0,0.0
2022-04-26 00:00:00-04:00,0.9599999785423279,0.9700000286102295,0.9200000166893005,0.9200000166893005,19100,0.0,0.0
2022-04-27 00:00:00-04:00,0.9729999899864197,0.9729999899864197,0.9200000166893005,0.9399999976158142,8300,0.0,0.0
2022-04-28 00:00:00-04:00,0.9200000166893005,0.9399999976158142,0.9200000166893005,0.9399999976158142,4100,0.0,0.0
2022-04-29 00:00:00-04:00,0.949999988079071,0.949999988079071,0.906000018119812,0.9300000071525574,5700,0.0,0.0
2022-05-02 00:00:00-04:00,0.9169999957084656,0.9480000138282776,0.9169999957084656,0.9480000138282776,1500,0.0,0.0
2022-05-03 00:00:00-04:00,0.8999999761581421,0.9300000071525574,0.8999999761581421,0.9100000262260437,10600,0.0,0.0
2022-05-04 00:00:00-04:00,1.0399999618530273,1.0399999618530273,0.9200000166893005,1.0,17500,0.0,0.0
2022-05-05 00:00:00-04:00,1.0,1.0099999904632568,0.949999988079071,1.0,22500,0.0,0.0
2022-05-06 00:00:00-04:00,0.9300000071525574,0.9760000109672546,0.9200000166893005,0.9300000071525574,8800,0.0,0.0
2022-05-09 00:00:00-04:00,0.9200000166893005,0.9200000166893005,0.7020000219345093,0.796999990940094,37000,0.0,0.0
2022-05-10 00:00:00-04:00,0.7900000214576721,0.8399999737739563,0.7900000214576721,0.8050000071525574,14000,0.0,0.0
2022-05-11 00:00:00-04:00,0.8389999866485596,0.8389999866485596,0.7300000190734863,0.75,27200,0.0,0.0
2022-05-12 00:00:00-04:00,0.8600000143051147,0.8629999756813049,0.8059999942779541,0.8299999833106995,43000,0.0,0.0
2022-05-13 00:00:00-04:00,0.9399999976158142,0.9399999976158142,0.8450000286102295,0.8799999952316284,8400,0.0,0.0
2022-05-16 00:00:00-04:00,0.8769999742507935,0.9399999976158142,0.8209999799728394,0.9200000166893005,20100,0.0,0.0
2022-05-17 00:00:00-04:00,0.9200000166893005,0.9670000076293945,0.8999999761581421,0.9399999976158142,49500,0.0,0.0
2022-05-18 00:00:00-04:00,0.9700000286102295,1.0399999618530273,0.9670000076293945,1.0299999713897705,46900,0.0,0.0
2022-05-19 00:00:00-04:00,1.0499999523162842,1.0499999523162842,0.9200000166893005,0.9200000166893005,32800,0.0,0.0
2022-05-20 00:00:00-04:00,1.0,1.0199999809265137,0.9200000166893005,0.9200000166893005,28100,0.0,0.0
2022-05-23 00:00:00-04:00,0.9800000190734863,0.9800000190734863,0.8999999761581421,0.8999999761581421,20600,0.0,0.0
2022-05-24 00:00:00-04:00,0.8999999761581421,0.8999999761581421,0.8999999761581421,0.8999999761581421,0,0.0,0.0
2022-05-25 00:00:00-04:00,0.8999999761581421,0.8999999761581421,0.8999999761581421,0.8999999761581421,300,0.0,0.0
2022-05-26 00:00:00-04:00,0.9599999785423279,0.9629999995231628,0.8999999761581421,0.9599999785423279,1900,0.0,0.0
2022-05-27 00:00:00-04:00,0.8700000047683716,0.8700000047683716,0.8700000047683716,0.8700000047683716,500,0.0,0.0
2022-05-31 00:00:00-04:00,0.9200000166893005,0.9200000166893005,0.9120000004768372,0.9120000004768372,900,0.0,0.0
2022-06-01 00:00:00-04:00,0.9629999995231628,0.9629999995231628,0.9200000166893005,0.9629999995231628,1500,0.0,0.0
2022-06-02 00:00:00-04:00,0.9520000219345093,0.9520000219345093,0.9300000071525574,0.9300000071525574,3600,0.0,0.0
2022-06-03 00:00:00-04:00,0.9300000071525574,0.9300000071525574,0.9300000071525574,0.9300000071525574,0,0.0,0.0
2022-06-06 00:00:00-04:00,0.9319999814033508,0.9319999814033508,0.8700000047683716,0.8899999856948853,14900,0.0,0.0
2022-06-07 00:00:00-04:00,0.9100000262260437,0.9200000166893005,0.8700000047683716,0.8700000047683716,7800,0.0,0.0
2022-06-08 00:00:00-04:00,0.9100000262260437,0.9100000262260437,0.8700000047683716,0.8999999761581421,14500,0.0,0.0
2022-06-09 00:00:00-04:00,0.8889999985694885,0.9089999794960022,0.8889999985694885,0.8939999938011169,8000,0.0,0.0
2022-06-10 00:00:00-04:00,0.9100000262260437,0.9100000262260437,0.8790000081062317,0.8790000081062317,10200,0.0,0.0
2022-06-13 00:00:00-04:00,0.8700000047683716,0.8799999952316284,0.7020000219345093,0.7699999809265137,70600,0.0,0.0
2022-06-14 00:00:00-04:00,0.7519999742507935,0.8399999737739563,0.7020000219345093,0.7400000095367432,57300,0.0,0.0
2022-06-15 00:00:00-04:00,0.7020000219345093,0.7390000224113464,0.7020000219345093,0.7289999723434448,4000,0.0,0.0
2022-06-16 00:00:00-04:00,0.7440000176429749,0.7440000176429749,0.7020000219345093,0.7020000219345093,19200,0.0,0.0
2022-06-17 00:00:00-04:00,0.7020000219345093,0.7799999713897705,0.7020000219345093,0.7200000286102295,6700,0.0,0.0
2022-06-21 00:00:00-04:00,0.7559999823570251,0.7559999823570251,0.7020000219345093,0.7020000219345093,5800,0.0,0.0
2022-06-22 00:00:00-04:00,0.7229999899864197,0.7229999899864197,0.7229999899864197,0.7229999899864197,300,0.0,0.0
2022-06-23 00:00:00-04:00,0.7229999899864197,0.800000011920929,0.7120000123977661,0.7289999723434448,51200,0.0,0.0
2022-06-24 00:00:00-04:00,0.7599999904632568,0.9100000262260437,0.7599999904632568,0.8500000238418579,76500,0.0,0.0
2022-06-27 00:00:00-04:00,0.8930000066757202,0.9470000267028809,0.8899999856948853,0.9100000262260437,25100,0.0,0.0
2022-06-28 00:00:00-04:00,0.9100000262260437,0.9120000004768372,0.9100000262260437,0.9110000133514404,4000,0.0,0.0
2022-06-29 00:00:00-04:00,0.9210000038146973,0.9599999785423279,0.9210000038146973,0.9599999785423279,36500,0.0,0.0
2022-06-30 00:00:00-04:00,1.0,1.0299999713897705,0.9300000071525574,1.0299999713897705,86200,0.0,0.0
2022-07-01 00:00:00-04:00,0.9660000205039978,0.9900000095367432,0.9419999718666077,0.9769999980926514,2400,0.0,0.0
2022-07-05 00:00:00-04:00,0.8600000143051147,0.9599999785423279,0.8600000143051147,0.949999988079071,15600,0.0,0.0
2022-07-06 00:00:00-04:00,0.8600000143051147,0.8999999761581421,0.8100000023841858,0.8100000023841858,19000,0.0,0.0
2022-07-07 00:00:00-04:00,0.8399999737739563,0.8700000047683716,0.5099999904632568,0.6399999856948853,953000,0.0,0.0
2022-07-08 00:00:00-04:00,0.6700000166893005,0.8460000157356262,0.6399999856948853,0.7599999904632568,182800,0.0,0.0
2022-07-11 00:00:00-04:00,0.7979999780654907,0.8500000238418579,0.7699999809265137,0.7699999809265137,16200,0.0,0.0
2022-07-12 00:00:00-04:00,0.7699999809265137,0.7789999842643738,0.7699999809265137,0.7789999842643738,7600,0.0,0.0
2022-07-13 00:00:00-04:00,0.7799999713897705,0.7900000214576721,0.7319999933242798,0.7319999933242798,7700,0.0,0.0
2022-07-14 00:00:00-04:00,0.7699999809265137,0.7879999876022339,0.7020000219345093,0.75,23400,0.0,0.0
2022-07-15 00:00:00-04:00,0.6759999990463257,0.7770000100135803,0.6759999990463257,0.7200000286102295,59900,0.0,0.0
2022-07-18 00:00:00-04:00,0.7390000224113464,0.75,0.6880000233650208,0.6899999976158142,205000,0.0,0.0
2022-07-19 00:00:00-04:00,0.7250000238418579,0.7260000109672546,0.699999988079071,0.7099999785423279,3800,0.0,0.0
2022-07-20 00:00:00-04:00,0.7049999833106995,0.7160000205039978,0.7049999833106995,0.7120000123977661,11900,0.0,0.0
2022-07-21 00:00:00-04:00,0.7400000095367432,0.75,0.7120000123977661,0.7429999709129333,59900,0.0,0.0
2022-07-22 00:00:00-04:00,0.7049999833106995,0.7599999904632568,0.7049999833106995,0.7350000143051147,6600,0.0,0.0
2022-07-25 00:00:00-04:00,0.7350000143051147,0.7350000143051147,0.7350000143051147,0.7350000143051147,0,0.0,0.0
2022-07-26 00:00:00-04:00,0.7120000123977661,0.7210000157356262,0.7120000123977661,0.7210000157356262,14800,0.0,0.0
2022-07-27 00:00:00-04:00,0.7229999899864197,0.7749999761581421,0.7229999899864197,0.75,11100,0.0,0.0
2022-07-28 00:00:00-04:00,0.7239999771118164,0.765999972820282,0.7239999771118164,0.7599999904632568,2700,0.0,0.0
2022-07-29 00:00:00-04:00,0.7200000286102295,0.7570000290870667,0.7200000286102295,0.7559999823570251,3200,0.0,0.0
2022-08-01 00:00:00-04:00,0.7480000257492065,0.7799999713897705,0.7229999899864197,0.7620000243186951,10100,0.0,0.0
2022-08-02 00:00:00-04:00,0.7620000243186951,0.800000011920929,0.7509999871253967,0.7900000214576721,3800,0.0,0.0
2022-08-03 00:00:00-04:00,0.8100000023841858,0.8489999771118164,0.7699999809265137,0.8349999785423279,20600,0.0,0.0
2022-08-04 00:00:00-04:00,0.8489999771118164,0.9639999866485596,0.8489999771118164,0.8610000014305115,64800,0.0,0.0
2022-08-05 00:00:00-04:00,0.8450000286102295,0.9900000095367432,0.7739999890327454,0.9110000133514404,85100,0.0,0.0
2022-08-08 00:00:00-04:00,0.8999999761581421,1.0499999523162842,0.8769999742507935,1.0110000371932983,258200,0.0,0.0
2022-08-09 00:00:00-04:00,1.0299999713897705,1.0299999713897705,0.8640000224113464,0.9200000166893005,95200,0.0,0.0
2022-08-10 00:00:00-04:00,0.9020000100135803,0.9200000166893005,0.8799999952316284,0.9110000133514404,41400,0.0,0.0
2022-08-11 00:00:00-04:00,1.0,1.0,0.9100000262260437,0.9200000166893005,29300,0.0,0.0
2022-08-12 00:00:00-04:00,0.9599999785423279,0.9599999785423279,0.8230000138282776,0.8600000143051147,96600,0.0,0.0
2022-08-15 00:00:00-04:00,0.8429999947547913,0.8799999952316284,0.7630000114440918,0.8489999771118164,14500,0.0,0.0
2022-08-16 00:00:00-04:00,0.8489999771118164,0.8489999771118164,0.7929999828338623,0.828000009059906,17200,0.0,0.0
2022-08-17 00:00:00-04:00,0.8029999732971191,0.8270000219345093,0.800000011920929,0.8240000009536743,4500,0.0,0.0
2022-08-18 00:00:00-04:00,0.8240000009536743,0.8240000009536743,0.8100000023841858,0.8199999928474426,2400,0.0,0.0
2022-08-19 00:00:00-04:00,0.8199999928474426,0.8199999928474426,0.75,0.7689999938011169,30800,0.0,0.0
2022-08-22 00:00:00-04:00,0.800000011920929,0.800000011920929,0.7310000061988831,0.7599999904632568,11300,0.0,0.0
2022-08-23 00:00:00-04:00,0.7319999933242798,0.7900000214576721,0.7319999933242798,0.7400000095367432,3400,0.0,0.0
2022-08-24 00:00:00-04:00,0.781000018119812,0.8460000157356262,0.75,0.75,55600,0.0,0.0
2022-08-25 00:00:00-04:00,0.7789999842643738,0.8199999928474426,0.7400000095367432,0.7900000214576721,18500,0.0,0.0
2022-08-26 00:00:00-04:00,0.7799999713897705,0.7900000214576721,0.7599999904632568,0.7900000214576721,14000,0.0,0.0
2022-08-29 00:00:00-04:00,0.7770000100135803,0.8389999866485596,0.7770000100135803,0.7799999713897705,24900,0.0,0.0
2022-08-30 00:00:00-04:00,0.7799999713897705,0.8100000023841858,0.7609999775886536,0.7699999809265137,12400,0.0,0.0
2022-08-31 00:00:00-04:00,0.8360000252723694,0.8360000252723694,0.7699999809265137,0.7900000214576721,3600,0.0,0.0
2022-09-01 00:00:00-04:00,0.777999997138977,0.777999997138977,0.7649999856948853,0.7749999761581421,5000,0.0,0.0
2022-09-02 00:00:00-04:00,0.7599999904632568,0.8349999785423279,0.7599999904632568,0.7910000085830688,19100,0.0,0.0
2022-09-06 00:00:00-04:00,0.8019999861717224,0.8100000023841858,0.800000011920929,0.800000011920929,2600,0.0,0.0
2022-09-07 00:00:00-04:00,0.800000011920929,0.8389999866485596,0.800000011920929,0.8019999861717224,8600,0.0,0.0
2022-09-08 00:00:00-04:00,0.8299999833106995,0.8389999866485596,0.7860000133514404,0.8299999833106995,48700,0.0,0.0
2022-09-09 00:00:00-04:00,0.8059999942779541,0.8379999995231628,0.7829999923706055,0.7829999923706055,17600,0.0,0.0
2022-09-12 00:00:00-04:00,0.7820000052452087,0.8399999737739563,0.7820000052452087,0.8299999833106995,7000,0.0,0.0
2022-09-13 00:00:00-04:00,0.8220000267028809,0.8600000143051147,0.7820000052452087,0.8500000238418579,24200,0.0,0.0
2022-09-14 00:00:00-04:00,0.8999999761581421,1.0299999713897705,0.8600000143051147,1.0,297200,0.0,0.0
2022-09-15 00:00:00-04:00,0.9800000190734863,0.9800000190734863,0.8799999952316284,0.8830000162124634,20300,0.0,0.0
2022-09-16 00:00:00-04:00,0.9200000166893005,0.9599999785423279,0.8799999952316284,0.9200000166893005,3700,0.0,0.0
2022-09-19 00:00:00-04:00,0.8799999952316284,0.8799999952316284,0.7799999713897705,0.8029999732971191,39400,0.0,0.0
2022-09-20 00:00:00-04:00,0.8320000171661377,0.8999999761581421,0.7979999780654907,0.8999999761581421,17600,0.0,0.0
2022-09-21 00:00:00-04:00,0.8799999952316284,0.8849999904632568,0.8050000071525574,0.8299999833106995,42200,0.0,0.0
2022-09-22 00:00:00-04:00,0.8399999737739563,0.8399999737739563,0.8100000023841858,0.824999988079071,8700,0.0,0.0
2022-09-23 00:00:00-04:00,0.8299999833106995,0.8700000047683716,0.8069999814033508,0.8090000152587891,21600,0.0,0.0
2022-09-26 00:00:00-04:00,0.8399999737739563,0.8399999737739563,0.800000011920929,0.828000009059906,6800,0.0,0.0
2022-09-27 00:00:00-04:00,0.8690000176429749,0.8690000176429749,0.8299999833106995,0.8389999866485596,5700,0.0,0.0
2022-09-28 00:00:00-04:00,0.8700000047683716,0.8700000047683716,0.8339999914169312,0.8349999785423279,12800,0.0,0.0
2022-09-29 00:00:00-04:00,0.8769999742507935,0.8769999742507935,0.8349999785423279,0.8349999785423279,5100,0.0,0.0
2022-09-30 00:00:00-04:00,0.8500000238418579,0.8500000238418579,0.8349999785423279,0.8349999785423279,3600,0.0,0.0
2022-10-03 00:00:00-04:00,0.8700000047683716,0.8700000047683716,0.8349999785423279,0.8379999995231628,6400,0.0,0.0
2022-10-04 00:00:00-04:00,0.859000027179718,0.859000027179718,0.8009999990463257,0.8259999752044678,7100,0.0,0.0
2022-10-05 00:00:00-04:00,0.7900000214576721,0.7900000214576721,0.7599999904632568,0.7799999713897705,6400,0.0,0.0
2022-10-06 00:00:00-04:00,0.7599999904632568,0.8019999861717224,0.7540000081062317,0.800000011920929,11300,0.0,0.0
2022-10-07 00:00:00-04:00,0.8399999737739563,0.8399999737739563,0.7649999856948853,0.765999972820282,5400,0.0,0.0
2022-10-10 00:00:00-04:00,0.765999972820282,0.7699999809265137,0.765999972820282,0.7699999809265137,400,0.0,0.0
2022-10-11 00:00:00-04:00,0.7749999761581421,0.7749999761581421,0.7509999871253967,0.7509999871253967,17700,0.0,0.0
2022-10-12 00:00:00-04:00,0.7599999904632568,0.8799999952316284,0.7559999823570251,0.8199999928474426,111600,0.0,0.0
2022-10-13 00:00:00-04:00,0.8100000023841858,0.8399999737739563,0.75,0.75,25700,0.0,0.0
2022-10-14 00:00:00-04:00,0.753000020980835,0.8199999928474426,0.75,0.8199999928474426,3400,0.0,0.0
2022-10-17 00:00:00-04:00,0.8500000238418579,0.9300000071525574,0.7509999871253967,0.753000020980835,131900,0.0,0.0
2022-10-18 00:00:00-04:00,0.7699999809265137,0.8730000257492065,0.7699999809265137,0.781000018119812,5000,0.0,0.0
2022-10-19 00:00:00-04:00,0.7799999713897705,0.8379999995231628,0.7799999713897705,0.8029999732971191,2100,0.0,0.0
2022-10-20 00:00:00-04:00,0.8090000152587891,0.8090000152587891,0.781000018119812,0.7900000214576721,1000,0.0,0.0
2022-10-21 00:00:00-04:00,0.777999997138977,0.8399999737739563,0.7649999856948853,0.8399999737739563,8000,0.0,0.0
2022-10-24 00:00:00-04:00,0.8500000238418579,0.8500000238418579,0.6499999761581421,0.6830000281333923,38300,0.0,0.0
2022-10-25 00:00:00-04:00,0.699999988079071,0.7490000128746033,0.6499999761581421,0.6499999761581421,39500,0.0,0.0
2022-10-26 00:00:00-04:00,0.6499999761581421,0.6899999976158142,0.6499999761581421,0.6600000262260437,2700,0.0,0.0
2022-10-27 00:00:00-04:00,0.675000011920929,0.675000011920929,0.6610000133514404,0.6620000004768372,400,0.0,0.0
2022-10-28 00:00:00-04:00,0.6890000104904175,0.6890000104904175,0.6600000262260437,0.6610000133514404,2800,0.0,0.0
2022-10-31 00:00:00-04:00,0.6610000133514404,0.6610000133514404,0.6610000133514404,0.6610000133514404,0,0.0,0.0
2022-11-01 00:00:00-04:00,0.652999997138977,0.656000018119812,0.6520000100135803,0.6520000100135803,3600,0.0,0.0
2022-11-02 00:00:00-04:00,0.7149999737739563,0.7149999737739563,0.6779999732971191,0.6779999732971191,4100,0.0,0.0
2022-11-03 00:00:00-04:00,0.6349999904632568,0.6800000071525574,0.6349999904632568,0.6430000066757202,23500,0.0,0.0
2022-11-04 00:00:00-04:00,0.6200000047683716,0.6200000047683716,0.45100000500679016,0.45100000500679016,113400,0.0,0.0
2022-11-07 00:00:00-05:00,0.5400000214576721,0.7450000047683716,0.5350000262260437,0.5600000023841858,1213200,0.0,0.0
2022-11-08 00:00:00-05:00,0.45100000500679016,0.5889999866485596,0.4300000071525574,0.5360000133514404,155500,0.0,0.0
2022-11-09 00:00:00-05:00,0.5360000133514404,0.5899999737739563,0.5,0.5600000023841858,20800,0.0,0.0
2022-11-10 00:00:00-05:00,0.5320000052452087,0.5899999737739563,0.5,0.5049999952316284,26300,0.0,0.0
2022-11-11 00:00:00-05:00,0.5299999713897705,0.5450000166893005,0.5,0.5260000228881836,49300,0.0,0.0
2022-11-14 00:00:00-05:00,0.4749999940395355,0.5400000214576721,0.4749999940395355,0.5400000214576721,20300,0.0,0.0
2022-11-15 00:00:00-05:00,0.6399999856948853,0.6399999856948853,0.5199999809265137,0.5509999990463257,20400,0.0,0.0
2022-11-16 00:00:00-05:00,0.5210000276565552,0.5569999814033508,0.48100000619888306,0.5569999814033508,4700,0.0,0.0
2022-11-17 00:00:00-05:00,0.5130000114440918,0.5400000214576721,0.5130000114440918,0.5220000147819519,5800,0.0,0.0
2022-11-18 00:00:00-05:00,0.5550000071525574,0.5550000071525574,0.49900001287460327,0.5,11600,0.0,0.0
2022-11-21 00:00:00-05:00,0.5239999890327454,0.5600000023841858,0.46000000834465027,0.4860000014305115,17200,0.0,0.0
2022-11-22 00:00:00-05:00,0.49000000953674316,0.4950000047683716,0.46000000834465027,0.49000000953674316,5400,0.0,0.0
2022-11-23 00:00:00-05:00,0.5,0.5299999713897705,0.47999998927116394,0.5099999904632568,25000,0.0,0.0
2022-11-25 00:00:00-05:00,0.5299999713897705,0.5299999713897705,0.49900001287460327,0.49900001287460327,17100,0.0,0.0
2022-11-28 00:00:00-05:00,0.49300000071525574,0.49300000071525574,0.4699999988079071,0.4880000054836273,10300,0.0,0.0
2022-11-29 00:00:00-05:00,0.5199999809265137,0.5199999809265137,0.46700000762939453,0.49000000953674316,17800,0.0,0.0
2022-11-30 00:00:00-05:00,0.49000000953674316,0.49000000953674316,0.4699999988079071,0.4790000021457672,14100,0.0,0.0
2022-12-01 00:00:00-05:00,0.4860000014305115,0.4880000054836273,0.4860000014305115,0.4880000054836273,2700,0.0,0.0
2022-12-02 00:00:00-05:00,0.49799999594688416,0.49799999594688416,0.49000000953674316,0.49399998784065247,8300,0.0,0.0
2022-12-05 00:00:00-05:00,0.5099999904632568,0.5239999890327454,0.5,0.5,13900,0.0,0.0
2022-12-06 00:00:00-05:00,0.5410000085830688,0.5479999780654907,0.5,0.5299999713897705,8400,0.0,0.0
2022-12-07 00:00:00-05:00,0.5130000114440918,0.6299999952316284,0.5130000114440918,0.5350000262260437,25700,0.0,0.0
2022-12-08 00:00:00-05:00,0.6000000238418579,0.6000000238418579,0.5400000214576721,0.5600000023841858,19700,0.0,0.0
2022-12-09 00:00:00-05:00,0.5299999713897705,0.6200000047683716,0.5299999713897705,0.550000011920929,8000,0.0,0.0
2022-12-12 00:00:00-05:00,0.5400000214576721,0.5400000214576721,0.5,0.5,60600,0.0,0.0
2022-12-13 00:00:00-05:00,0.5699999928474426,0.6420000195503235,0.5,0.5,29100,0.0,0.0
2022-12-14 00:00:00-05:00,0.6420000195503235,0.6420000195503235,0.5019999742507935,0.5329999923706055,11100,0.0,0.0
2022-12-15 00:00:00-05:00,0.5600000023841858,0.6000000238418579,0.5199999809265137,0.5210000276565552,10200,0.0,0.0
2022-12-16 00:00:00-05:00,0.5600000023841858,0.5600000023841858,0.531000018119812,0.550000011920929,7200,0.0,0.0
2022-12-19 00:00:00-05:00,0.5799999833106995,0.5899999737739563,0.5400000214576721,0.5419999957084656,7000,0.0,0.0
2022-12-20 00:00:00-05:00,0.550000011920929,0.5609999895095825,0.550000011920929,0.550000011920929,11300,0.0,0.0
2022-12-21 00:00:00-05:00,0.550000011920929,0.5830000042915344,0.550000011920929,0.550000011920929,13600,0.0,0.0
2022-12-22 00:00:00-05:00,0.5699999928474426,0.5699999928474426,0.5109999775886536,0.550000011920929,14800,0.0,0.0
2022-12-23 00:00:00-05:00,0.5799999833106995,0.5899999737739563,0.4909999966621399,0.5199999809265137,25500,0.0,0.0
2022-12-27 00:00:00-05:00,0.5199999809265137,0.550000011920929,0.5199999809265137,0.550000011920929,9500,0.0,0.0
2022-12-28 00:00:00-05:00,0.6029999852180481,0.6029999852180481,0.550000011920929,0.5550000071525574,13300,0.0,0.0
2022-12-29 00:00:00-05:00,0.550000011920929,0.5889999866485596,0.550000011920929,0.550000011920929,21300,0.0,0.0
2022-12-30 00:00:00-05:00,0.550000011920929,0.5950000286102295,0.49000000953674316,0.5149999856948853,15400,0.0,0.0
2023-01-03 00:00:00-05:00,0.550000011920929,0.550000011920929,0.5360000133514404,0.5360000133514404,1900,0.0,0.0
2023-01-04 00:00:00-05:00,0.47999998927116394,0.550000011920929,0.47999998927116394,0.49000000953674316,1700,0.0,0.0
2023-01-05 00:00:00-05:00,0.5199999809265137,0.5400000214576721,0.5199999809265137,0.531000018119812,4600,0.0,0.0
2023-01-06 00:00:00-05:00,0.5400000214576721,0.5600000023841858,0.5230000019073486,0.550000011920929,31600,0.0,0.0
2023-01-09 00:00:00-05:00,0.5440000295639038,0.5440000295639038,0.5,0.5249999761581421,9200,0.0,0.0
2023-01-10 00:00:00-05:00,0.5699999928474426,0.6299999952316284,0.550000011920929,0.550000011920929,120700,0.0,0.0
2023-01-11 00:00:00-05:00,0.5680000185966492,0.5799999833106995,0.5149999856948853,0.5299999713897705,37500,0.0,0.0
2023-01-12 00:00:00-05:00,0.550000011920929,0.5770000219345093,0.5099999904632568,0.5299999713897705,73000,0.0,0.0
2023-01-13 00:00:00-05:00,0.550000011920929,0.6230000257492065,0.550000011920929,0.5979999899864197,46800,0.0,0.0
2023-01-17 00:00:00-05:00,0.5830000042915344,0.6100000143051147,0.5699999928474426,0.5740000009536743,6100,0.0,0.0
2023-01-18 00:00:00-05:00,0.6200000047683716,0.6399999856948853,0.5799999833106995,0.6200000047683716,25600,0.0,0.0
2023-01-19 00:00:00-05:00,0.6179999709129333,0.6179999709129333,0.5400000214576721,0.6000000238418579,5500,0.0,0.0
2023-01-20 00:00:00-05:00,0.6000000238418579,0.6000000238418579,0.5899999737739563,0.6000000238418579,2800,0.0,0.0
2023-01-23 00:00:00-05:00,0.6100000143051147,0.6439999938011169,0.5490000247955322,0.550000011920929,39200,0.0,0.0
2023-01-24 00:00:00-05:00,0.5400000214576721,0.6499999761581421,0.5299999713897705,0.550000011920929,35100,0.0,0.0
2023-01-25 00:00:00-05:00,0.5680000185966492,0.5680000185966492,0.5,0.5049999952316284,24200,0.0,0.0
2023-01-26 00:00:00-05:00,0.6039999723434448,0.6299999952316284,0.5450000166893005,0.550000011920929,10500,0.0,0.0
2023-01-27 00:00:00-05:00,0.5,0.5649999976158142,0.5,0.5609999895095825,5500,0.0,0.0
2023-01-30 00:00:00-05:00,0.5609999895095825,0.6000000238418579,0.5210000276565552,0.5979999899864197,24400,0.0,0.0
2023-01-31 00:00:00-05:00,0.5899999737739563,0.5899999737739563,0.42800000309944153,0.44999998807907104,123200,0.0,0.0
2023-02-01 00:00:00-05:00,0.5,0.5600000023841858,0.47999998927116394,0.5580000281333923,105400,0.0,0.0
2023-02-02 00:00:00-05:00,0.5899999737739563,0.6100000143051147,0.550000011920929,0.6100000143051147,49300,0.0,0.0
2023-02-03 00:00:00-05:00,0.6499999761581421,0.8849999904632568,0.6480000019073486,0.8500000238418579,269500,0.0,0.0
2023-02-06 00:00:00-05:00,0.8240000009536743,0.8240000009536743,0.7400000095367432,0.7599999904632568,79300,0.0,0.0
2023-02-07 00:00:00-05:00,0.75,0.7820000052452087,0.7400000095367432,0.7400000095367432,26300,0.0,0.0
2023-02-08 00:00:00-05:00,0.7200000286102295,0.7699999809265137,0.699999988079071,0.7540000081062317,35500,0.0,0.0
2023-02-09 00:00:00-05:00,0.7699999809265137,0.7770000100135803,0.75,0.7770000100135803,43100,0.0,0.0
2023-02-10 00:00:00-05:00,0.7900000214576721,0.7900000214576721,0.7599999904632568,0.7720000147819519,30300,0.0,0.0
2023-02-13 00:00:00-05:00,0.7210000157356262,0.8500000238418579,0.7210000157356262,0.8299999833106995,52400,0.0,0.0
2023-02-14 00:00:00-05:00,0.8399999737739563,0.8700000047683716,0.8299999833106995,0.8600000143051147,42500,0.0,0.0
2023-02-15 00:00:00-05:00,0.9129999876022339,1.0199999809265137,0.8700000047683716,1.0,164400,0.0,0.0
2023-02-16 00:00:00-05:00,1.0299999713897705,1.0299999713897705,0.8999999761581421,0.9800000190734863,29400,0.0,0.0
2023-02-17 00:00:00-05:00,0.9800000190734863,0.9900000095367432,0.9599999785423279,0.9879999756813049,9500,0.0,0.0
2023-02-21 00:00:00-05:00,1.0,1.0,0.75,0.8299999833106995,79500,0.0,0.0
2023-02-22 00:00:00-05:00,0.8149999976158142,0.9200000166893005,0.8149999976158142,0.8799999952316284,59200,0.0,0.0
2023-02-23 00:00:00-05:00,0.8539999723434448,0.8899999856948853,0.800000011920929,0.8399999737739563,33200,0.0,0.0
2023-02-24 00:00:00-05:00,0.8820000290870667,0.9449999928474426,0.8080000281333923,0.8999999761581421,201600,0.0,0.0
2023-02-27 00:00:00-05:00,0.8830000162124634,0.949999988079071,0.8579999804496765,0.8999999761581421,26000,0.0,0.0
2023-02-28 00:00:00-05:00,0.8650000095367432,1.0099999904632568,0.8650000095367432,1.0,160800,0.0,0.0
2023-03-01 00:00:00-05:00,0.9800000190734863,0.9800000190734863,0.9520000219345093,0.9520000219345093,15300,0.0,0.0
2023-03-02 00:00:00-05:00,0.9599999785423279,0.9990000128746033,0.921999990940094,0.9340000152587891,25800,0.0,0.0
2023-03-03 00:00:00-05:00,0.9470000267028809,0.9990000128746033,0.8560000061988831,0.9990000128746033,43100,0.0,0.0
2023-03-06 00:00:00-05:00,0.9399999976158142,1.1799999475479126,0.9399999976158142,1.0499999523162842,227900,0.0,0.0
2023-03-07 00:00:00-05:00,1.0800000429153442,1.2000000476837158,1.0529999732971191,1.1799999475479126,80000,0.0,0.0
2023-03-08 00:00:00-05:00,1.149999976158142,1.190999984741211,1.0700000524520874,1.090000033378601,51800,0.0,0.0
2023-03-09 00:00:00-05:00,1.059999942779541,1.1699999570846558,1.0499999523162842,1.090000033378601,34400,0.0,0.0
2023-03-10 00:00:00-05:00,1.0800000429153442,1.090000033378601,1.0399999618530273,1.090000033378601,32800,0.0,0.0
2023-03-13 00:00:00-04:00,1.0399999618530273,1.159999966621399,1.0099999904632568,1.0299999713897705,87800,0.0,0.0
2023-03-14 00:00:00-04:00,1.0299999713897705,1.1100000143051147,1.0149999856948853,1.0199999809265137,78400,0.0,0.0
2023-03-15 00:00:00-04:00,1.0119999647140503,1.125,1.0119999647140503,1.0199999809265137,52500,0.0,0.0
2023-03-16 00:00:00-04:00,0.9900000095367432,1.0709999799728394,0.9800000190734863,1.0199999809265137,43300,0.0,0.0
2023-03-17 00:00:00-04:00,1.0,1.100000023841858,0.8899999856948853,1.0199999809265137,363300,0.0,0.0
2023-03-20 00:00:00-04:00,0.9700000286102295,1.059999942779541,0.9700000286102295,1.0099999904632568,107300,0.0,0.0
2023-03-21 00:00:00-04:00,1.0099999904632568,1.0800000429153442,0.9800000190734863,1.0099999904632568,164900,0.0,0.0
2023-03-22 00:00:00-04:00,0.9800000190734863,1.0499999523162842,0.9399999976158142,1.0099999904632568,175000,0.0,0.0
2023-03-23 00:00:00-04:00,0.9800000190734863,1.0199999809265137,0.9750000238418579,1.0199999809265137,21200,0.0,0.0
2023-03-24 00:00:00-04:00,0.9700000286102295,1.0499999523162842,0.9700000286102295,1.034999966621399,32500,0.0,0.0
2023-03-27 00:00:00-04:00,1.0199999809265137,1.0210000276565552,0.9760000109672546,1.0149999856948853,61000,0.0,0.0
2023-03-28 00:00:00-04:00,0.9700000286102295,1.0499999523162842,0.9700000286102295,1.0199999809265137,46300,0.0,0.0
2023-03-29 00:00:00-04:00,1.0,1.059999942779541,1.0,1.059999942779541,94000,0.0,0.0
2023-03-30 00:00:00-04:00,1.0700000524520874,1.0700000524520874,1.0199999809265137,1.0199999809265137,22000,0.0,0.0
2023-03-31 00:00:00-04:00,1.0099999904632568,1.0399999618530273,1.0099999904632568,1.0379999876022339,16100,0.0,0.0
2023-04-03 00:00:00-04:00,0.949999988079071,1.0499999523162842,0.949999988079071,0.9800000190734863,49600,0.0,0.0
2023-04-04 00:00:00-04:00,0.9800000190734863,0.9800000190734863,0.9520000219345093,0.9800000190734863,8500,0.0,0.0
2023-04-05 00:00:00-04:00,0.9599999785423279,0.9800000190734863,0.949999988079071,0.9800000190734863,1900,0.0,0.0
2023-04-06 00:00:00-04:00,0.9599999785423279,0.9599999785423279,0.9110000133514404,0.9300000071525574,27000,0.0,0.0
2023-04-10 00:00:00-04:00,0.8709999918937683,0.9800000190734863,0.8399999737739563,0.9200000166893005,66400,0.0,0.0
2023-04-11 00:00:00-04:00,0.9660000205039978,0.9660000205039978,0.9190000295639038,0.9210000038146973,12600,0.0,0.0
2023-04-12 00:00:00-04:00,0.9800000190734863,1.0199999809265137,0.9399999976158142,0.949999988079071,29500,0.0,0.0
2023-04-13 00:00:00-04:00,0.9800000190734863,1.0299999713897705,0.8949999809265137,0.8949999809265137,133100,0.0,0.0
2023-04-14 00:00:00-04:00,0.9399999976158142,1.0499999523162842,0.9390000104904175,1.0099999904632568,65900,0.0,0.0
2023-04-17 00:00:00-04:00,1.0,1.0499999523162842,0.9929999709129333,1.0499999523162842,38200,0.0,0.0
2023-04-18 00:00:00-04:00,1.0399999618530273,1.0499999523162842,0.9900000095367432,1.0,66500,0.0,0.0
2023-04-19 00:00:00-04:00,1.0199999809265137,1.0199999809265137,0.949999988079071,0.9800000190734863,3800,0.0,0.0
2023-04-20 00:00:00-04:00,1.0299999713897705,1.0299999713897705,0.9800000190734863,1.0199999809265137,22500,0.0,0.0
2023-04-21 00:00:00-04:00,1.0399999618530273,1.0499999523162842,1.0,1.0199999809265137,86600,0.0,0.0
2023-04-24 00:00:00-04:00,1.0169999599456787,1.0199999809265137,0.9599999785423279,1.0199999809265137,22000,0.0,0.0
2023-04-25 00:00:00-04:00,0.9729999899864197,1.0,0.9700000286102295,1.0,6500,0.0,0.0
2023-04-26 00:00:00-04:00,0.9700000286102295,0.9850000143051147,0.9700000286102295,0.9700000286102295,40400,0.0,0.0
2023-04-27 00:00:00-04:00,0.9850000143051147,0.9900000095367432,0.9700000286102295,0.9900000095367432,8000,0.0,0.0
2023-04-28 00:00:00-04:00,1.0,1.0,0.9700000286102295,0.9800000190734863,4700,0.0,0.0
2023-05-01 00:00:00-04:00,1.0,1.0,1.0,1.0,2100,0.0,0.0
2023-05-02 00:00:00-04:00,1.0099999904632568,1.0099999904632568,0.984000027179718,1.0049999952316284,77700,0.0,0.0
2023-05-03 00:00:00-04:00,1.0099999904632568,1.0099999904632568,0.9819999933242798,1.0099999904632568,46800,0.0,0.0
2023-05-04 00:00:00-04:00,0.9900000095367432,1.0099999904632568,0.9900000095367432,1.0099999904632568,7400,0.0,0.0
2023-05-05 00:00:00-04:00,0.9549999833106995,1.0,0.9549999833106995,0.9900000095367432,2100,0.0,0.0
2023-05-08 00:00:00-04:00,0.949999988079071,1.0199999809265137,0.949999988079071,1.0,15800,0.0,0.0
2023-05-09 00:00:00-04:00,1.0,1.0099999904632568,0.9599999785423279,0.9599999785423279,16600,0.0,0.0
2023-05-10 00:00:00-04:00,1.0,1.0049999952316284,0.9769999980926514,1.0,38000,0.0,0.0
2023-05-11 00:00:00-04:00,1.0,1.0,0.9610000252723694,0.9800000190734863,11100,0.0,0.0
2023-05-12 00:00:00-04:00,0.9800000190734863,0.9869999885559082,0.9800000190734863,0.984000027179718,2200,0.0,0.0
2023-05-15 00:00:00-04:00,1.0,1.0,1.0,1.0,7300,0.0,0.0
2023-05-16 00:00:00-04:00,1.0,1.0049999952316284,0.9750000238418579,0.9800000190734863,59700,0.0,0.0
2023-05-17 00:00:00-04:00,0.9879999756813049,0.9980000257492065,0.949999988079071,0.9800000190734863,5000,0.0,0.0
2023-05-18 00:00:00-04:00,0.9710000157356262,0.9750000238418579,0.949999988079071,0.949999988079071,4200,0.0,0.0
2023-05-19 00:00:00-04:00,1.0,1.0049999952316284,0.949999988079071,1.0,56100,0.0,0.0
2023-05-22 00:00:00-04:00,0.9800000190734863,0.9900000095367432,0.9610000252723694,0.9900000095367432,500,0.0,0.0
2023-05-23 00:00:00-04:00,0.9900000095367432,1.0099999904632568,0.9750000238418579,0.9750000238418579,1700,0.0,0.0
2023-05-24 00:00:00-04:00,1.0099999904632568,1.0099999904632568,0.9509999752044678,0.9509999752044678,600,0.0,0.0
2023-05-25 00:00:00-04:00,0.949999988079071,0.9990000128746033,0.949999988079071,0.949999988079071,2600,0.0,0.0
2023-05-26 00:00:00-04:00,0.9110000133514404,0.9599999785423279,0.9010000228881836,0.9200000166893005,6300,0.0,0.0
2023-05-30 00:00:00-04:00,1.0,1.0,0.9300000071525574,0.9800000190734863,4100,0.0,0.0
2023-05-31 00:00:00-04:00,0.9700000286102295,1.0199999809265137,0.9160000085830688,1.0130000114440918,82700,0.0,0.0
2023-06-01 00:00:00-04:00,1.0049999952316284,1.0199999809265137,1.0,1.0199999809265137,2400,0.0,0.0
2023-06-02 00:00:00-04:00,1.0,1.0099999904632568,1.0,1.0099999904632568,1700,0.0,0.0
2023-06-05 00:00:00-04:00,1.0010000467300415,1.0049999952316284,0.9700000286102295,1.0,16800,0.0,0.0
2023-06-06 00:00:00-04:00,1.0,1.0199999809265137,0.9729999899864197,1.0199999809265137,29100,0.0,0.0
2023-06-07 00:00:00-04:00,1.0099999904632568,1.0199999809265137,1.0099999904632568,1.0099999904632568,3300,0.0,0.0
2023-06-08 00:00:00-04:00,1.0,1.0099999904632568,1.0,1.0099999904632568,88900,0.0,0.0
2023-06-09 00:00:00-04:00,1.0019999742507935,1.0199999809265137,1.0,1.0199999809265137,5700,0.0,0.0
2023-06-12 00:00:00-04:00,1.0,1.0700000524520874,1.0,1.0509999990463257,378800,0.0,0.0
2023-06-13 00:00:00-04:00,1.0399999618530273,1.0950000286102295,1.0210000276565552,1.059999942779541,123800,0.0,0.0
2023-06-14 00:00:00-04:00,1.0800000429153442,1.1200000047683716,0.9100000262260437,1.0399999618530273,91200,0.0,0.0
2023-06-15 00:00:00-04:00,1.1100000143051147,1.1200000047683716,1.0499999523162842,1.100000023841858,80200,0.0,0.0
2023-06-16 00:00:00-04:00,1.059999942779541,1.059999942779541,0.9800000190734863,1.0099999904632568,9500,0.0,0.0
2023-06-20 00:00:00-04:00,0.9700000286102295,1.059999942779541,0.9700000286102295,1.0499999523162842,4000,0.0,0.0
2023-06-21 00:00:00-04:00,1.1059999465942383,1.1059999465942383,1.0399999618530273,1.0399999618530273,5100,0.0,0.0
2023-06-22 00:00:00-04:00,1.0399999618530273,1.0399999618530273,1.0199999809265137,1.0299999713897705,5900,0.0,0.0
2023-06-23 00:00:00-04:00,1.0199999809265137,1.1299999952316284,1.0199999809265137,1.1200000047683716,34400,0.0,0.0
2023-06-26 00:00:00-04:00,1.1200000047683716,1.2000000476837158,1.1100000143051147,1.190000057220459,86600,0.0,0.0
2023-06-27 00:00:00-04:00,1.2200000286102295,1.2200000286102295,1.1399999856948853,1.149999976158142,15000,0.0,0.0
2023-06-28 00:00:00-04:00,1.1699999570846558,1.1799999475479126,1.128999948501587,1.1399999856948853,16100,0.0,0.0
2023-06-29 00:00:00-04:00,1.1759999990463257,1.1759999990463257,1.1299999952316284,1.159999966621399,16300,0.0,0.0
2023-06-30 00:00:00-04:00,1.1799999475479126,1.2400000095367432,1.059999942779541,1.2400000095367432,352600,0.0,0.0
2023-07-03 00:00:00-04:00,1.2899999618530273,1.2899999618530273,1.1399999856948853,1.2389999628067017,91000,0.0,0.0
2023-07-05 00:00:00-04:00,1.2400000095367432,1.3300000429153442,1.1720000505447388,1.2899999618530273,64100,0.0,0.0
2023-07-06 00:00:00-04:00,1.350000023841858,1.4199999570846558,1.340000033378601,1.409999966621399,106100,0.0,0.0
2023-07-07 00:00:00-04:00,1.409999966621399,1.4700000286102295,1.3600000143051147,1.4500000476837158,114700,0.0,0.0
2023-07-10 00:00:00-04:00,1.4199999570846558,1.4199999570846558,1.1610000133514404,1.2899999618530273,65800,0.0,0.0
2023-07-11 00:00:00-04:00,1.2899999618530273,1.3569999933242798,1.2100000381469727,1.2200000286102295,19800,0.0,0.0
2023-07-12 00:00:00-04:00,1.2400000095367432,1.309999942779541,1.2000000476837158,1.2100000381469727,129800,0.0,0.0
2023-07-13 00:00:00-04:00,1.3200000524520874,1.3899999856948853,1.2300000190734863,1.350000023841858,45700,0.0,0.0
2023-07-14 00:00:00-04:00,1.3899999856948853,1.3899999856948853,1.3200000524520874,1.3250000476837158,6300,0.0,0.0
2023-07-17 00:00:00-04:00,1.3700000047683716,1.3700000047683716,1.2200000286102295,1.2999999523162842,93600,0.0,0.0
2023-07-18 00:00:00-04:00,1.2979999780654907,1.350000023841858,1.2000000476837158,1.25,123700,0.0,0.0
2023-07-19 00:00:00-04:00,1.25,1.309999942779541,1.25,1.274999976158142,5400,0.0,0.0
2023-07-20 00:00:00-04:00,1.2799999713897705,1.3600000143051147,1.2599999904632568,1.2599999904632568,37800,0.0,0.0
2023-07-21 00:00:00-04:00,1.2599999904632568,1.2899999618530273,1.2599999904632568,1.2899999618530273,12600,0.0,0.0
2023-07-24 00:00:00-04:00,1.2899999618530273,1.3600000143051147,1.2799999713897705,1.2920000553131104,6000,0.0,0.0
2023-07-25 00:00:00-04:00,1.2549999952316284,1.2999999523162842,1.253000020980835,1.253000020980835,3200,0.0,0.0
2023-07-26 00:00:00-04:00,1.2599999904632568,1.340000033378601,1.2549999952316284,1.340000033378601,31200,0.0,0.0
2023-07-27 00:00:00-04:00,1.3600000143051147,1.4700000286102295,1.3320000171661377,1.409999966621399,43100,0.0,0.0
2023-07-28 00:00:00-04:00,1.4160000085830688,1.4299999475479126,1.409999966621399,1.4199999570846558,30200,0.0,0.0
2023-07-31 00:00:00-04:00,1.409999966621399,1.4700000286102295,1.350000023841858,1.399999976158142,122600,0.0,0.0
2023-08-01 00:00:00-04:00,1.399999976158142,1.399999976158142,1.309999942779541,1.350000023841858,67800,0.0,0.0
2023-08-02 00:00:00-04:00,1.3739999532699585,1.409999966621399,1.350000023841858,1.350000023841858,43600,0.0,0.0
2023-08-03 00:00:00-04:00,1.3899999856948853,1.3899999856948853,1.315000057220459,1.3200000524520874,49800,0.0,0.0
2023-08-04 00:00:00-04:00,1.340000033378601,1.3899999856948853,1.309999942779541,1.350000023841858,22700,0.0,0.0
2023-08-07 00:00:00-04:00,1.350000023841858,1.4199999570846558,1.350000023841858,1.3700000047683716,47500,0.0,0.0
2023-08-08 00:00:00-04:00,1.3700000047683716,1.4299999475479126,1.3600000143051147,1.4299999475479126,27600,0.0,0.0
2023-08-09 00:00:00-04:00,1.3760000467300415,1.4199999570846558,1.3760000467300415,1.399999976158142,24600,0.0,0.0
2023-08-10 00:00:00-04:00,1.399999976158142,1.399999976158142,1.3200000524520874,1.399999976158142,21100,0.0,0.0
2023-08-11 00:00:00-04:00,1.409999966621399,1.409999966621399,1.340000033378601,1.340000033378601,15800,0.0,0.0
2023-08-14 00:00:00-04:00,1.340000033378601,1.350000023841858,1.309999942779541,1.3300000429153442,25600,0.0,0.0
2023-08-15 00:00:00-04:00,1.3309999704360962,1.3309999704360962,1.2100000381469727,1.2100000381469727,17200,0.0,0.0
2023-08-16 00:00:00-04:00,1.2100000381469727,1.3300000429153442,1.2100000381469727,1.2300000190734863,25400,0.0,0.0
2023-08-17 00:00:00-04:00,1.2100000381469727,1.2300000190734863,1.1799999475479126,1.2300000190734863,9300,0.0,0.0
2023-08-18 00:00:00-04:00,1.2000000476837158,1.2799999713897705,1.2000000476837158,1.2599999904632568,36200,0.0,0.0
2023-08-21 00:00:00-04:00,1.2100000381469727,1.2369999885559082,1.2000000476837158,1.2100000381469727,19200,0.0,0.0
2023-08-22 00:00:00-04:00,1.2000000476837158,1.2400000095367432,1.2000000476837158,1.2400000095367432,24000,0.0,0.0
2023-08-23 00:00:00-04:00,1.2400000095367432,1.3910000324249268,1.2400000095367432,1.3600000143051147,73100,0.0,0.0
2023-08-24 00:00:00-04:00,1.343999981880188,1.3580000400543213,1.2730000019073486,1.2799999713897705,11500,0.0,0.0
2023-08-25 00:00:00-04:00,1.253000020980835,1.309999942779541,1.2330000400543213,1.2899999618530273,15200,0.0,0.0
2023-08-28 00:00:00-04:00,1.2899999618530273,1.340000033378601,1.2799999713897705,1.3200000524520874,35000,0.0,0.0
2023-08-29 00:00:00-04:00,1.3209999799728394,1.4199999570846558,1.2949999570846558,1.4199999570846558,50500,0.0,0.0
2023-08-30 00:00:00-04:00,1.399999976158142,1.5,1.399999976158142,1.4500000476837158,87600,0.0,0.0
2023-08-31 00:00:00-04:00,1.4700000286102295,1.5399999618530273,1.4500000476837158,1.4500000476837158,67300,0.0,0.0
2023-09-01 00:00:00-04:00,1.4620000123977661,1.4800000190734863,1.4500000476837158,1.4800000190734863,44300,0.0,0.0
2023-09-05 00:00:00-04:00,1.4600000381469727,1.4600000381469727,1.340000033378601,1.3799999952316284,69600,0.0,0.0
2023-09-06 00:00:00-04:00,1.3700000047683716,1.3899999856948853,1.309999942779541,1.3899999856948853,23000,0.0,0.0
2023-09-07 00:00:00-04:00,1.3350000381469727,1.3700000047683716,1.309999942779541,1.3600000143051147,3600,0.0,0.0
2023-09-08 00:00:00-04:00,1.375,1.3890000581741333,1.340000033378601,1.3700000047683716,117900,0.0,0.0
2023-09-11 00:00:00-04:00,1.350000023841858,1.350000023841858,1.2999999523162842,1.3200000524520874,2200,0.0,0.0
2023-09-12 00:00:00-04:00,1.3200000524520874,1.340000033378601,1.25,1.340000033378601,20000,0.0,0.0
2023-09-13 00:00:00-04:00,1.2999999523162842,1.409999966621399,1.2699999809265137,1.409999966621399,79000,0.0,0.0
2023-09-14 00:00:00-04:00,1.409999966621399,1.409999966621399,1.3700000047683716,1.399999976158142,4100,0.0,0.0
2023-09-15 00:00:00-04:00,1.399999976158142,1.409999966621399,1.3200000524520874,1.399999976158142,21300,0.0,0.0
2023-09-18 00:00:00-04:00,1.3799999952316284,1.409999966621399,1.3600000143051147,1.399999976158142,7000,0.0,0.0
2023-09-19 00:00:00-04:00,1.399999976158142,1.4010000228881836,1.399999976158142,1.4010000228881836,4100,0.0,0.0
2023-09-20 00:00:00-04:00,1.399999976158142,1.4019999504089355,1.3600000143051147,1.399999976158142,29200,0.0,0.0
2023-09-21 00:00:00-04:00,1.3600000143051147,1.4010000228881836,1.3600000143051147,1.399999976158142,73900,0.0,0.0
2023-09-22 00:00:00-04:00,1.3899999856948853,1.409999966621399,1.350000023841858,1.409999966621399,222000,0.0,0.0
2023-09-25 00:00:00-04:00,1.3700000047683716,1.399999976158142,1.350000023841858,1.350000023841858,4100,0.0,0.0
2023-09-26 00:00:00-04:00,1.409999966621399,1.409999966621399,1.350000023841858,1.350000023841858,9200,0.0,0.0
2023-09-27 00:00:00-04:00,1.3619999885559082,1.399999976158142,1.3619999885559082,1.3899999856948853,2800,0.0,0.0
2023-09-28 00:00:00-04:00,1.3839999437332153,1.4769999980926514,1.350000023841858,1.350000023841858,84100,0.0,0.0
2023-09-29 00:00:00-04:00,1.4229999780654907,1.4229999780654907,1.340000033378601,1.3600000143051147,1700,0.0,0.0
2023-10-02 00:00:00-04:00,1.3200000524520874,1.5199999809265137,1.3200000524520874,1.4700000286102295,34500,0.0,0.0
2023-10-03 00:00:00-04:00,1.4249999523162842,1.5,1.4249999523162842,1.4600000381469727,37900,0.0,0.0
2023-10-04 00:00:00-04:00,1.4500000476837158,1.5800000429153442,1.4500000476837158,1.5,191800,0.0,0.0
2023-10-05 00:00:00-04:00,1.5700000524520874,1.5700000524520874,1.5,1.5,7800,0.0,0.0
2023-10-06 00:00:00-04:00,1.5299999713897705,1.5299999713897705,1.5,1.5199999809265137,9700,0.0,0.0
2023-10-09 00:00:00-04:00,1.5199999809265137,1.5360000133514404,1.3600000143051147,1.4700000286102295,37900,0.0,0.0
2023-10-10 00:00:00-04:00,1.4900000095367432,1.4900000095367432,1.3700000047683716,1.3899999856948853,30400,0.0,0.0
2023-10-11 00:00:00-04:00,1.3600000143051147,1.4199999570846558,1.2300000190734863,1.25,106300,0.0,0.0
2023-10-12 00:00:00-04:00,1.2799999713897705,1.340000033378601,1.2300000190734863,1.2799999713897705,12400,0.0,0.0
2023-10-13 00:00:00-04:00,1.2400000095367432,1.25,1.225000023841858,1.25,9900,0.0,0.0
2023-10-16 00:00:00-04:00,1.25,1.3600000143051147,1.190999984741211,1.2400000095367432,29700,0.0,0.0
2023-10-17 00:00:00-04:00,1.340000033378601,1.440000057220459,1.3170000314712524,1.399999976158142,87600,0.0,0.0
2023-10-18 00:00:00-04:00,1.3899999856948853,1.4700000286102295,1.3799999952316284,1.4700000286102295,60200,0.0,0.0
2023-10-19 00:00:00-04:00,1.4800000190734863,1.4800000190734863,1.340000033378601,1.340999960899353,2300,0.0,0.0
2023-10-20 00:00:00-04:00,1.3899999856948853,1.4880000352859497,1.2999999523162842,1.4559999704360962,28100,0.0,0.0
2023-10-23 00:00:00-04:00,1.4199999570846558,1.559999942779541,1.350000023841858,1.5499999523162842,53500,0.0,0.0
2023-10-24 00:00:00-04:00,1.5,1.6100000143051147,1.5,1.559999942779541,57400,0.0,0.0
2023-10-25 00:00:00-04:00,1.5299999713897705,1.5989999771118164,1.409999966621399,1.5700000524520874,33800,0.0,0.0
2023-10-26 00:00:00-04:00,1.5499999523162842,1.5700000524520874,1.5199999809265137,1.559999942779541,23200,0.0,0.0
2023-10-27 00:00:00-04:00,1.4900000095367432,1.590000033378601,1.4600000381469727,1.5700000524520874,24500,0.0,0.0
2023-10-30 00:00:00-04:00,1.5099999904632568,1.5800000429153442,1.5099999904632568,1.559999942779541,13100,0.0,0.0
2023-10-31 00:00:00-04:00,1.559999942779541,1.5700000524520874,1.4800000190734863,1.565000057220459,20000,0.0,0.0
2023-11-01 00:00:00-04:00,1.5399999618530273,1.559999942779541,1.5399999618530273,1.559999942779541,14600,0.0,0.0
2023-11-02 00:00:00-04:00,1.5499999523162842,1.600000023841858,1.4900000095367432,1.5,30700,0.0,0.0
2023-11-03 00:00:00-04:00,1.4600000381469727,1.5230000019073486,1.440000057220459,1.440000057220459,16200,0.0,0.0
2023-11-06 00:00:00-05:00,1.4500000476837158,1.5199999809265137,1.4500000476837158,1.4900000095367432,9500,0.0,0.0
2023-11-07 00:00:00-05:00,1.440000057220459,1.4900000095367432,1.440000057220459,1.4850000143051147,2300,0.0,0.0
2023-11-08 00:00:00-05:00,1.5,1.5,1.350000023841858,1.440000057220459,14900,0.0,0.0
2023-11-09 00:00:00-05:00,1.4420000314712524,1.4800000190734863,1.4199999570846558,1.4199999570846558,21900,0.0,0.0
2023-11-10 00:00:00-05:00,1.440000057220459,1.440000057220459,1.3899999856948853,1.409999966621399,8000,0.0,0.0
2023-11-13 00:00:00-05:00,1.3700000047683716,1.4700000286102295,1.3450000286102295,1.4600000381469727,32600,0.0,0.0
2023-11-14 00:00:00-05:00,1.4299999475479126,1.4500000476837158,1.340000033378601,1.4249999523162842,12900,0.0,0.0
2023-11-15 00:00:00-05:00,1.3799999952316284,1.4800000190734863,1.3700000047683716,1.440000057220459,12800,0.0,0.0
2023-11-16 00:00:00-05:00,1.399999976158142,1.4900000095367432,1.3799999952316284,1.4199999570846558,5100,0.0,0.0
2023-11-17 00:00:00-05:00,1.4620000123977661,1.4700000286102295,1.4600000381469727,1.4700000286102295,2700,0.0,0.0
2023-11-20 00:00:00-05:00,1.4600000381469727,1.5499999523162842,1.4600000381469727,1.4800000190734863,19600,0.0,0.0
2023-11-21 00:00:00-05:00,1.4700000286102295,1.5,1.4299999475479126,1.4700000286102295,4000,0.0,0.0
2023-11-22 00:00:00-05:00,1.4199999570846558,1.4900000095367432,1.4199999570846558,1.4800000190734863,8800,0.0,0.0
2023-11-24 00:00:00-05:00,1.4800000190734863,1.4900000095367432,1.4500000476837158,1.4900000095367432,5600,0.0,0.0
2023-11-27 00:00:00-05:00,1.409999966621399,1.5,1.409999966621399,1.4900000095367432,6000,0.0,0.0
2023-11-28 00:00:00-05:00,1.4500000476837158,1.5,1.4299999475479126,1.5,10100,0.0,0.0
2023-11-29 00:00:00-05:00,1.4199999570846558,1.5,1.4199999570846558,1.440000057220459,8300,0.0,0.0
2023-11-30 00:00:00-05:00,1.4320000410079956,1.5,1.4299999475479126,1.5,7900,0.0,0.0
2023-12-01 00:00:00-05:00,1.4800000190734863,1.5,1.4800000190734863,1.4800000190734863,6100,0.0,0.0
2023-12-04 00:00:00-05:00,1.4700000286102295,1.600000023841858,1.350000023841858,1.5700000524520874,57600,0.0,0.0
2023-12-05 00:00:00-05:00,1.5700000524520874,1.5800000429153442,1.5499999523162842,1.559999942779541,5300,0.0,0.0
2023-12-06 00:00:00-05:00,1.5299999713897705,1.600000023841858,1.5,1.5299999713897705,49100,0.0,0.0
2023-12-07 00:00:00-05:00,1.440000057220459,1.5149999856948853,1.399999976158142,1.4500000476837158,19600,0.0,0.0
2023-12-08 00:00:00-05:00,1.399999976158142,1.4600000381469727,1.100000023841858,1.4299999475479126,109200,0.0,0.0
2023-12-11 00:00:00-05:00,1.3600000143051147,1.4299999475479126,1.350000023841858,1.350000023841858,22000,0.0,0.0
2023-12-12 00:00:00-05:00,1.440000057220459,1.440000057220459,1.350000023841858,1.399999976158142,9400,0.0,0.0
2023-12-13 00:00:00-05:00,1.4259999990463257,1.4600000381469727,1.4199999570846558,1.4500000476837158,14200,0.0,0.0
2023-12-14 00:00:00-05:00,1.3700000047683716,1.4500000476837158,1.3700000047683716,1.440000057220459,23600,0.0,0.0
2023-12-15 00:00:00-05:00,1.3990000486373901,1.5,1.3990000486373901,1.4479999542236328,6300,0.0,0.0
2023-12-18 00:00:00-05:00,1.4800000190734863,1.5299999713897705,1.3799999952316284,1.5,65700,0.0,0.0
2023-12-19 00:00:00-05:00,1.5,1.5499999523162842,1.5,1.5499999523162842,55900,0.0,0.0
2023-12-20 00:00:00-05:00,1.5499999523162842,1.600000023841858,1.5199999809265137,1.590000033378601,71000,0.0,0.0
2023-12-21 00:00:00-05:00,1.5299999713897705,1.600000023841858,1.5299999713897705,1.600000023841858,9500,0.0,0.0
2023-12-22 00:00:00-05:00,1.600000023841858,1.9199999570846558,1.5,1.7899999618530273,450000,0.0,0.0
2023-12-26 00:00:00-05:00,1.850000023841858,2.0799999237060547,1.7999999523162842,2.0,331900,0.0,0.0
2023-12-27 00:00:00-05:00,2.069999933242798,2.240000009536743,1.909999966621399,2.200000047683716,363100,0.0,0.0
2023-12-28 00:00:00-05:00,2.259999990463257,2.2699999809265137,1.9800000190734863,2.190000057220459,158300,0.0,0.0
2023-12-29 00:00:00-05:00,2.140000104904175,2.180000066757202,1.7899999618530273,2.180000066757202,197400,0.0,0.0
2024-01-02 00:00:00-05:00,2.200000047683716,2.200000047683716,1.8600000143051147,2.0799999237060547,228200,0.0,0.0
2024-01-03 00:00:00-05:00,1.9800000190734863,2.0,1.8600000143051147,1.8799999952316284,155100,0.0,0.0
2024-01-04 00:00:00-05:00,1.8600000143051147,1.9500000476837158,1.8600000143051147,1.8899999856948853,118900,0.0,0.0
2024-01-05 00:00:00-05:00,1.909999966621399,1.9600000381469727,1.8359999656677246,1.9299999475479126,97200,0.0,0.0
2024-01-08 00:00:00-05:00,1.9600000381469727,1.9600000381469727,1.8300000429153442,1.8799999952316284,23900,0.0,0.0
2024-01-09 00:00:00-05:00,1.8600000143051147,1.8600000143051147,1.6699999570846558,1.7300000190734863,60200,0.0,0.0
2024-01-10 00:00:00-05:00,1.75,1.75,1.4700000286102295,1.600000023841858,117300,0.0,0.0
2024-01-11 00:00:00-05:00,1.600000023841858,1.6200000047683716,1.5199999809265137,1.5499999523162842,47000,0.0,0.0
2024-01-12 00:00:00-05:00,1.6299999952316284,1.649999976158142,1.5299999713897705,1.5299999713897705,9900,0.0,0.0
2024-01-16 00:00:00-05:00,1.4459999799728394,1.5429999828338623,1.4459999799728394,1.4900000095367432,3200,0.0,0.0
2024-01-17 00:00:00-05:00,1.4900000095367432,1.690000057220459,1.4500000476837158,1.5800000429153442,15500,0.0,0.0
2024-01-18 00:00:00-05:00,1.5700000524520874,1.6799999475479126,1.5499999523162842,1.649999976158142,3700,0.0,0.0
2024-01-19 00:00:00-05:00,1.600000023841858,1.659000039100647,1.4600000381469727,1.4600000381469727,24600,0.0,0.0
2024-01-22 00:00:00-05:00,1.4600000381469727,1.5499999523162842,1.4600000381469727,1.4700000286102295,34400,0.0,0.0
2024-01-23 00:00:00-05:00,1.4609999656677246,1.4700000286102295,1.340000033378601,1.399999976158142,26200,0.0,0.0
2024-01-24 00:00:00-05:00,1.399999976158142,1.5299999713897705,1.399999976158142,1.5,30800,0.0,0.0
2024-01-25 00:00:00-05:00,1.5800000429153442,1.5850000381469727,1.5,1.5499999523162842,45700,0.0,0.0
2024-01-26 00:00:00-05:00,1.5499999523162842,1.5740000009536743,1.5299999713897705,1.5499999523162842,17500,0.0,0.0
2024-01-29 00:00:00-05:00,1.5199999809265137,1.534000039100647,1.440000057220459,1.4889999628067017,31500,0.0,0.0
2024-01-30 00:00:00-05:00,1.4600000381469727,1.4700000286102295,1.350000023841858,1.399999976158142,10700,0.0,0.0
2024-01-31 00:00:00-05:00,1.399999976158142,1.4700000286102295,1.3799999952316284,1.399999976158142,9100,0.0,0.0
2024-02-01 00:00:00-05:00,1.4199999570846558,1.4950000047683716,1.409999966621399,1.409999966621399,2000,0.0,0.0
2024-02-02 00:00:00-05:00,1.3600000143051147,1.399999976158142,1.350000023841858,1.3799999952316284,18600,0.0,0.0
2024-02-05 00:00:00-05:00,1.350000023841858,1.399999976158142,1.350000023841858,1.399999976158142,3500,0.0,0.0
2024-02-06 00:00:00-05:00,1.309999942779541,1.3799999952316284,1.309999942779541,1.340000033378601,7700,0.0,0.0
2024-02-07 00:00:00-05:00,1.3459999561309814,1.3869999647140503,1.3459999561309814,1.3700000047683716,3800,0.0,0.0
2024-02-08 00:00:00-05:00,1.3799999952316284,1.409000039100647,1.2599999904632568,1.2599999904632568,12800,0.0,0.0
2024-02-09 00:00:00-05:00,1.2699999809265137,1.340000033378601,1.2699999809265137,1.3200000524520874,8800,0.0,0.0
2024-02-12 00:00:00-05:00,1.2799999713897705,1.440000057220459,1.2799999713897705,1.3489999771118164,19000,0.0,0.0
2024-02-13 00:00:00-05:00,1.350000023841858,1.350000023841858,1.2899999618530273,1.2899999618530273,8000,0.0,0.0
2024-02-14 00:00:00-05:00,1.309999942779541,1.4390000104904175,1.309999942779541,1.4199999570846558,4500,0.0,0.0
2024-02-15 00:00:00-05:00,1.4500000476837158,1.4529999494552612,1.3910000324249268,1.4529999494552612,5100,0.0,0.0
2024-02-16 00:00:00-05:00,1.4800000190734863,1.4800000190734863,1.4500000476837158,1.4600000381469727,6000,0.0,0.0
2024-02-20 00:00:00-05:00,1.4800000190734863,1.600000023841858,1.4700000286102295,1.590000033378601,24200,0.0,0.0
2024-02-21 00:00:00-05:00,1.600000023841858,1.9199999570846558,1.600000023841858,1.7999999523162842,105700,0.0,0.0
2024-02-22 00:00:00-05:00,1.8700000047683716,1.8700000047683716,1.715000033378601,1.7999999523162842,24300,0.0,0.0
2024-02-23 00:00:00-05:00,1.7300000190734863,1.8600000143051147,1.7200000286102295,1.840000033378601,13100,0.0,0.0
2024-02-26 00:00:00-05:00,1.8200000524520874,1.8300000429153442,1.75,1.75,13700,0.0,0.0
2024-02-27 00:00:00-05:00,1.7599999904632568,1.840000033378601,1.7599999904632568,1.7799999713897705,21800,0.0,0.0
2024-02-28 00:00:00-05:00,1.899999976158142,1.9010000228881836,1.6399999856948853,1.7699999809265137,79900,0.0,0.0
2024-02-29 00:00:00-05:00,1.8200000524520874,1.8220000267028809,1.75,1.7999999523162842,22000,0.0,0.0
2024-03-01 00:00:00-05:00,1.7699999809265137,1.7699999809265137,1.7100000381469727,1.7100000381469727,1900,0.0,0.0
2024-03-04 00:00:00-05:00,1.7000000476837158,1.8600000143051147,1.7000000476837158,1.7799999713897705,36000,0.0,0.0
2024-03-05 00:00:00-05:00,1.7400000095367432,1.8600000143051147,1.7070000171661377,1.8600000143051147,39000,0.0,0.0
2024-03-06 00:00:00-05:00,1.850000023841858,1.8700000047683716,1.7079999446868896,1.809000015258789,53300,0.0,0.0
2024-03-07 00:00:00-05:00,1.690000057220459,1.7999999523162842,1.5180000066757202,1.6699999570846558,14100,0.0,0.0
2024-03-08 00:00:00-05:00,1.559999942779541,1.7000000476837158,1.559999942779541,1.600000023841858,13500,0.0,0.0
2024-03-11 00:00:00-04:00,1.7400000095367432,1.812000036239624,1.6799999475479126,1.7999999523162842,23700,0.0,0.0
2024-03-12 00:00:00-04:00,1.7999999523162842,1.8799999952316284,1.75,1.7999999523162842,24700,0.0,0.0
2024-03-13 00:00:00-04:00,1.75,1.7999999523162842,1.690000057220459,1.690000057220459,7200,0.0,0.0
2024-03-14 00:00:00-04:00,1.75,1.75,1.649999976158142,1.6799999475479126,33000,0.0,0.0
2024-03-15 00:00:00-04:00,1.531000018119812,1.7929999828338623,1.531000018119812,1.7899999618530273,53300,0.0,0.0
2024-03-18 00:00:00-04:00,1.8799999952316284,1.8799999952316284,1.75,1.75,12100,0.0,0.0
2024-03-19 00:00:00-04:00,1.6399999856948853,1.7000000476837158,1.5499999523162842,1.5499999523162842,43600,0.0,0.0
2024-03-20 00:00:00-04:00,1.5299999713897705,1.6699999570846558,1.5299999713897705,1.559999942779541,3900,0.0,0.0
2024-03-21 00:00:00-04:00,1.600000023841858,1.7000000476837158,1.4600000381469727,1.4800000190734863,35100,0.0,0.0
2024-03-22 00:00:00-04:00,1.5700000524520874,1.5700000524520874,1.4700000286102295,1.4700000286102295,9200,0.0,0.0
2024-03-25 00:00:00-04:00,1.5499999523162842,1.5499999523162842,1.4299999475479126,1.4299999475479126,13900,0.0,0.0
2024-03-26 00:00:00-04:00,1.4140000343322754,1.4900000095367432,1.399999976158142,1.4800000190734863,4300,0.0,0.0
2024-03-27 00:00:00-04:00,1.4800000190734863,1.4800000190734863,1.4500000476837158,1.4500000476837158,1300,0.0,0.0
2024-03-28 00:00:00-04:00,1.5099999904632568,1.690000057220459,1.4299999475479126,1.4500000476837158,13600,0.0,0.0
2024-04-01 00:00:00-04:00,1.5399999618530273,1.590000033378601,1.4500000476837158,1.5,168800,0.0,0.0
2024-04-02 00:00:00-04:00,1.5099999904632568,1.5499999523162842,1.4450000524520874,1.5099999904632568,121200,0.0,0.0
2024-04-03 00:00:00-04:00,1.5700000524520874,1.5789999961853027,1.5,1.5099999904632568,13700,0.0,0.0
2024-04-04 00:00:00-04:00,1.4900000095367432,1.5299999713897705,1.3899999856948853,1.5099999904632568,55200,0.0,0.0
2024-04-05 00:00:00-04:00,1.409999966621399,1.6200000047683716,1.399999976158142,1.6200000047683716,15000,0.0,0.0
2024-04-08 00:00:00-04:00,1.6200000047683716,1.6200000047683716,1.5,1.534999966621399,3200,0.0,0.0
2024-04-09 00:00:00-04:00,1.5399999618530273,1.5399999618530273,1.5099999904632568,1.5099999904632568,1300,0.0,0.0
2024-04-10 00:00:00-04:00,1.4299999475479126,1.5499999523162842,1.4299999475479126,1.5099999904632568,6200,0.0,0.0
2024-04-11 00:00:00-04:00,1.559999942779541,1.559999942779541,1.4299999475479126,1.5219999551773071,5800,0.0,0.0
2024-04-12 00:00:00-04:00,1.5700000524520874,1.5700000524520874,1.4500000476837158,1.5399999618530273,27900,0.0,0.0
2024-04-15 00:00:00-04:00,1.5,1.5700000524520874,1.3899999856948853,1.5,27900,0.0,0.0
2024-04-16 00:00:00-04:00,1.399999976158142,1.5449999570846558,1.3700000047683716,1.5299999713897705,11600,0.0,0.0
2024-04-17 00:00:00-04:00,1.534999966621399,1.559999942779541,1.3899999856948853,1.409999966621399,12100,0.0,0.0
2024-04-18 00:00:00-04:00,1.4500000476837158,1.5299999713897705,1.4199999570846558,1.4600000381469727,7000,0.0,0.0
2024-04-19 00:00:00-04:00,1.399999976158142,1.559999942779541,1.399999976158142,1.4800000190734863,11400,0.0,0.0
2024-04-22 00:00:00-04:00,1.4900000095367432,1.5700000524520874,1.4850000143051147,1.4900000095367432,9900,0.0,0.0
2024-04-23 00:00:00-04:00,1.5499999523162842,1.5800000429153442,1.5499999523162842,1.5499999523162842,6300,0.0,0.0
2024-04-24 00:00:00-04:00,1.5,1.5,1.4299999475479126,1.4299999475479126,500,0.0,0.0
2024-04-25 00:00:00-04:00,1.5299999713897705,1.5499999523162842,1.399999976158142,1.5240000486373901,2300,0.0,0.0
2024-04-26 00:00:00-04:00,1.4700000286102295,1.4769999980926514,1.4700000286102295,1.4700000286102295,4600,0.0,0.0
2024-04-29 00:00:00-04:00,1.4199999570846558,1.5399999618530273,1.4199999570846558,1.472000002861023,3800,0.0,0.0
2024-04-30 00:00:00-04:00,1.5,1.5399999618530273,1.4500000476837158,1.4500000476837158,3400,0.0,0.0
2024-05-01 00:00:00-04:00,1.5130000114440918,1.5130000114440918,1.440000057220459,1.440000057220459,1700,0.0,0.0
2024-05-02 00:00:00-04:00,1.559999942779541,1.5609999895095825,1.440000057220459,1.5,6400,0.0,0.0
2024-05-03 00:00:00-04:00,1.5019999742507935,1.7400000095367432,1.5019999742507935,1.7300000190734863,25400,0.0,0.0
2024-05-06 00:00:00-04:00,1.6100000143051147,1.6100000143051147,1.5,1.5099999904632568,22000,0.0,0.0
2024-05-07 00:00:00-04:00,1.4500000476837158,1.5,1.4299999475479126,1.4900000095367432,51700,0.0,0.0
2024-05-08 00:00:00-04:00,1.475000023841858,1.5099999904632568,1.4299999475479126,1.440000057220459,1900,0.0,0.0
2024-05-09 00:00:00-04:00,1.4900000095367432,1.5,1.4110000133514404,1.5,14100,0.0,0.0
2024-05-10 00:00:00-04:00,1.4320000410079956,1.503000020980835,1.4259999990463257,1.465000033378601,17800,0.0,0.0
2024-05-13 00:00:00-04:00,1.5099999904632568,1.5099999904632568,1.440000057220459,1.4500000476837158,7500,0.0,0.0
2024-05-14 00:00:00-04:00,1.440000057220459,1.4700000286102295,1.440000057220459,1.4500000476837158,1500,0.0,0.0
2024-05-15 00:00:00-04:00,1.5199999809265137,1.531000018119812,1.4500000476837158,1.4500000476837158,14200,0.0,0.0
2024-05-16 00:00:00-04:00,1.3799999952316284,1.5499999523162842,1.3799999952316284,1.4299999475479126,21500,0.0,0.0
2024-05-17 00:00:00-04:00,1.4299999475479126,1.4900000095367432,1.399999976158142,1.4800000190734863,68800,0.0,0.0
2024-05-20 00:00:00-04:00,1.4600000381469727,1.559999942779541,1.4600000381469727,1.5199999809265137,80100,0.0,0.0
2024-05-21 00:00:00-04:00,1.4980000257492065,1.5199999809265137,1.4980000257492065,1.5,9900,0.0,0.0
2024-05-22 00:00:00-04:00,1.4700000286102295,1.4789999723434448,1.4600000381469727,1.4700000286102295,13200,0.0,0.0
2024-05-23 00:00:00-04:00,1.4299999475479126,1.4500000476837158,1.4199999570846558,1.4199999570846558,2400,0.0,0.0
2024-05-24 00:00:00-04:00,1.399999976158142,1.4809999465942383,1.399999976158142,1.4199999570846558,4900,0.0,0.0
2024-05-28 00:00:00-04:00,1.440000057220459,1.5700000524520874,1.3799999952316284,1.4900000095367432,71500,0.0,0.0
2024-05-29 00:00:00-04:00,1.5,1.559999942779541,1.430999994277954,1.430999994277954,17300,0.0,0.0
2024-05-30 00:00:00-04:00,1.4199999570846558,1.5679999589920044,1.4199999570846558,1.5099999904632568,30000,0.0,0.0
2024-05-31 00:00:00-04:00,1.409999966621399,1.5,1.409999966621399,1.4900000095367432,7800,0.0,0.0
2024-06-03 00:00:00-04:00,1.4220000505447388,1.5,1.4199999570846558,1.5,5100,0.0,0.0
2024-06-04 00:00:00-04:00,1.4800000190734863,1.5,1.399999976158142,1.4800000190734863,33900,0.0,0.0
2024-06-05 00:00:00-04:00,1.4700000286102295,1.4700000286102295,1.4500000476837158,1.4500000476837158,1800,0.0,0.0
2024-06-06 00:00:00-04:00,1.4199999570846558,1.4800000190734863,1.4199999570846558,1.4500000476837158,22700,0.0,0.0
2024-06-07 00:00:00-04:00,1.4299999475479126,1.4700000286102295,1.4199999570846558,1.4670000076293945,2000,0.0,0.0
2024-06-10 00:00:00-04:00,1.4299999475479126,1.4500000476837158,1.399999976158142,1.4049999713897705,11000,0.0,0.0
2024-06-11 00:00:00-04:00,1.4299999475479126,1.4299999475479126,1.3949999809265137,1.399999976158142,13800,0.0,0.0
2024-06-12 00:00:00-04:00,1.399999976158142,1.399999976158142,1.3739999532699585,1.3799999952316284,29700,0.0,0.0
2024-06-13 00:00:00-04:00,1.350000023841858,1.3899999856948853,1.350000023841858,1.3899999856948853,3300,0.0,0.0
2024-06-14 00:00:00-04:00,1.350000023841858,1.4299999475479126,1.1799999475479126,1.4299999475479126,24600,0.0,0.0
2024-06-17 00:00:00-04:00,1.4299999475479126,1.4299999475479126,1.350000023841858,1.409999966621399,10700,0.0,0.0
2024-06-18 00:00:00-04:00,1.3619999885559082,1.399999976158142,1.2899999618530273,1.399999976158142,1900,0.0,0.0
2024-06-20 00:00:00-04:00,1.409999966621399,1.409999966621399,1.2760000228881836,1.340000033378601,6300,0.0,0.0
2024-06-21 00:00:00-04:00,1.4600000381469727,1.4600000381469727,1.2979999780654907,1.309999942779541,2200,0.0,0.0
2024-06-24 00:00:00-04:00,1.2699999809265137,1.3600000143051147,1.2610000371932983,1.309999942779541,1000,0.0,0.0
2024-06-25 00:00:00-04:00,1.3200000524520874,1.3200000524520874,1.2999999523162842,1.2999999523162842,1000,0.0,0.0
2024-06-26 00:00:00-04:00,1.2999999523162842,1.3799999952316284,1.25,1.3799999952316284,21900,0.0,0.0
2024-06-27 00:00:00-04:00,1.2899999618530273,1.375,1.2899999618530273,1.3700000047683716,11400,0.0,0.0
2024-06-28 00:00:00-04:00,1.2999999523162842,1.3799999952316284,1.2999999523162842,1.3799999952316284,18300,0.0,0.0
2024-07-01 00:00:00-04:00,1.378000020980835,1.440000057220459,1.3300000429153442,1.440000057220459,8900,0.0,0.0
2024-07-02 00:00:00-04:00,1.2999999523162842,1.409999966621399,1.2899999618530273,1.2899999618530273,26900,0.0,0.0
2024-07-03 00:00:00-04:00,1.2899999618530273,1.2899999618530273,1.2899999618530273,1.2899999618530273,300,0.0,0.0
2024-07-05 00:00:00-04:00,1.2899999618530273,1.2899999618530273,1.25,1.25,7300,0.0,0.0
2024-07-08 00:00:00-04:00,1.2699999809265137,1.3799999952316284,1.2599999904632568,1.3799999952316284,6500,0.0,0.0
2024-07-09 00:00:00-04:00,1.309999942779541,1.3650000095367432,1.274999976158142,1.3600000143051147,3600,0.0,0.0
2024-07-10 00:00:00-04:00,1.3380000591278076,1.3899999856948853,1.3380000591278076,1.3860000371932983,4000,0.0,0.0
2024-07-11 00:00:00-04:00,1.2899999618530273,1.2929999828338623,1.2899999618530273,1.2899999618530273,3400,0.0,0.0
2024-07-12 00:00:00-04:00,1.25,1.25,1.2000000476837158,1.2100000381469727,53400,0.0,0.0
2024-07-15 00:00:00-04:00,1.2100000381469727,1.3200000524520874,1.2100000381469727,1.2999999523162842,15000,0.0,0.0
2024-07-16 00:00:00-04:00,1.284999966621399,1.3300000429153442,1.2699999809265137,1.3300000429153442,15000,0.0,0.0
2024-07-17 00:00:00-04:00,1.2400000095367432,1.3300000429153442,1.2400000095367432,1.3300000429153442,2200,0.0,0.0
2024-07-18 00:00:00-04:00,1.284999966621399,1.2899999618530273,1.2799999713897705,1.2799999713897705,3600,0.0,0.0
2024-07-19 00:00:00-04:00,1.2799999713897705,1.2799999713897705,1.2799999713897705,1.2799999713897705,2000,0.0,0.0
2024-07-22 00:00:00-04:00,1.2799999713897705,1.3300000429153442,1.2410000562667847,1.3300000429153442,4300,0.0,0.0
2024-07-23 00:00:00-04:00,1.2300000190734863,1.3279999494552612,1.2300000190734863,1.2599999904632568,8800,0.0,0.0
2024-07-24 00:00:00-04:00,1.2599999904632568,1.340000033378601,1.2400000095367432,1.274999976158142,7500,0.0,0.0
2024-07-25 00:00:00-04:00,1.274999976158142,1.274999976158142,1.274999976158142,1.274999976158142,0,0.0,0.0
2024-07-26 00:00:00-04:00,1.2999999523162842,1.2999999523162842,1.2999999523162842,1.2999999523162842,700,0.0,0.0
2024-07-29 00:00:00-04:00,1.3899999856948853,1.3899999856948853,1.3300000429153442,1.3309999704360962,7900,0.0,0.0
2024-07-30 00:00:00-04:00,1.3300000429153442,1.350000023841858,1.2999999523162842,1.309999942779541,8700,0.0,0.0
2024-07-31 00:00:00-04:00,1.315000057220459,1.3300000429153442,1.2999999523162842,1.3109999895095825,6200,0.0,0.0
2024-08-01 00:00:00-04:00,1.309999942779541,1.309999942779541,1.2599999904632568,1.2699999809265137,8200,0.0,0.0
2024-08-02 00:00:00-04:00,1.399999976158142,1.399999976158142,1.1699999570846558,1.2300000190734863,17000,0.0,0.0
2024-08-05 00:00:00-04:00,1.1030000448226929,1.190000057220459,1.1030000448226929,1.1649999618530273,4100,0.0,0.0
2024-08-06 00:00:00-04:00,1.2300000190734863,1.284999966621399,1.1799999475479126,1.2400000095367432,4600,0.0,0.0
2024-08-07 00:00:00-04:00,1.2300000190734863,1.2300000190734863,1.184999942779541,1.2200000286102295,4600,0.0,0.0
2024-08-08 00:00:00-04:00,1.2400000095367432,1.2799999713897705,1.2400000095367432,1.2699999809265137,3200,0.0,0.0
2024-08-09 00:00:00-04:00,1.2710000276565552,1.3200000524520874,1.1399999856948853,1.1399999856948853,5600,0.0,0.0
2024-08-12 00:00:00-04:00,1.284000039100647,1.2999999523162842,1.1619999408721924,1.2300000190734863,4100,0.0,0.0
2024-08-13 00:00:00-04:00,1.1699999570846558,1.190000057220459,1.125,1.1299999952316284,16500,0.0,0.0
2024-08-14 00:00:00-04:00,1.159999966621399,1.1749999523162842,1.149999976158142,1.149999976158142,52300,0.0,0.0
2024-08-15 00:00:00-04:00,1.149999976158142,1.2300000190734863,1.149999976158142,1.190000057220459,2700,0.0,0.0
2024-08-16 00:00:00-04:00,1.149999976158142,1.190000057220459,1.1399999856948853,1.1399999856948853,7700,0.0,0.0
2024-08-19 00:00:00-04:00,1.1799999475479126,1.2100000381469727,1.1799999475479126,1.190000057220459,8700,0.0,0.0
2024-08-20 00:00:00-04:00,1.2680000066757202,1.2680000066757202,1.1799999475479126,1.1799999475479126,4100,0.0,0.0
2024-08-21 00:00:00-04:00,1.2100000381469727,1.2239999771118164,1.1299999952316284,1.190000057220459,65600,0.0,0.0
2024-08-22 00:00:00-04:00,1.1399999856948853,1.149999976158142,1.1299999952316284,1.1449999809265137,5500,0.0,0.0
2024-08-23 00:00:00-04:00,1.1299999952316284,1.1399999856948853,1.1200000047683716,1.1399999856948853,5800,0.0,0.0
2024-08-26 00:00:00-04:00,1.159999966621399,1.1799999475479126,1.0950000286102295,1.1399999856948853,7000,0.0,0.0
2024-08-27 00:00:00-04:00,1.1380000114440918,1.2200000286102295,1.1380000114440918,1.2200000286102295,4600,0.0,0.0
2024-08-28 00:00:00-04:00,1.090000033378601,1.2309999465942383,1.0700000524520874,1.1200000047683716,13400,0.0,0.0
2024-08-29 00:00:00-04:00,1.1109999418258667,1.1399999856948853,1.1100000143051147,1.1399999856948853,1500,0.0,0.0
2024-08-30 00:00:00-04:00,1.1699999570846558,1.1699999570846558,1.090000033378601,1.1200000047683716,2000,0.0,0.0
2024-09-03 00:00:00-04:00,1.100000023841858,1.100000023841858,1.0700000524520874,1.0709999799728394,16800,0.0,0.0
2024-09-04 00:00:00-04:00,1.0700000524520874,1.1100000143051147,1.0700000524520874,1.0850000381469727,45500,0.0,0.0
2024-09-05 00:00:00-04:00,0.8019999861717224,1.0099999904632568,0.8019999861717224,0.9610000252723694,27700,0.0,0.0
2024-09-06 00:00:00-04:00,1.0,1.0,0.8799999952316284,0.9900000095367432,6600,0.0,0.0
2024-09-09 00:00:00-04:00,0.8799999952316284,0.9890000224113464,0.8799999952316284,0.972000002861023,9200,0.0,0.0
2024-09-10 00:00:00-04:00,0.9890000224113464,1.2699999809265137,0.9890000224113464,1.2000000476837158,8700,0.0,0.0
2024-09-11 00:00:00-04:00,1.1399999856948853,1.1920000314712524,1.1399999856948853,1.149999976158142,5900,0.0,0.0
2024-09-12 00:00:00-04:00,1.149999976158142,1.1799999475479126,1.100000023841858,1.1799999475479126,5800,0.0,0.0
2024-09-13 00:00:00-04:00,1.1150000095367432,1.190000057220459,1.100000023841858,1.1799999475479126,8900,0.0,0.0
2024-09-16 00:00:00-04:00,1.159999966621399,1.1799999475479126,1.1100000143051147,1.1799999475479126,5900,0.0,0.0
2024-09-17 00:00:00-04:00,1.0800000429153442,1.1699999570846558,1.0800000429153442,1.1699999570846558,5300,0.0,0.0
2024-09-18 00:00:00-04:00,1.159999966621399,1.190000057220459,1.100000023841858,1.1100000143051147,14200,0.0,0.0
2024-09-19 00:00:00-04:00,1.149999976158142,1.1799999475479126,1.149999976158142,1.149999976158142,4200,0.0,0.0
2024-09-20 00:00:00-04:00,1.0700000524520874,1.190000057220459,1.0700000524520874,1.190000057220459,9200,0.0,0.0
2024-09-23 00:00:00-04:00,1.1799999475479126,1.2000000476837158,1.1799999475479126,1.2000000476837158,5300,0.0,0.0
2024-09-24 00:00:00-04:00,1.2000000476837158,1.2400000095367432,1.1799999475479126,1.2400000095367432,7000,0.0,0.0
2024-09-25 00:00:00-04:00,1.0299999713897705,1.2400000095367432,1.0199999809265137,1.1799999475479126,2500,0.0,0.0
2024-09-26 00:00:00-04:00,1.190000057220459,1.2100000381469727,1.149999976158142,1.149999976158142,9400,0.0,0.0
2024-09-27 00:00:00-04:00,1.184999942779541,1.25,1.1699999570846558,1.25,12400,0.0,0.0
2024-09-30 00:00:00-04:00,1.309999942779541,1.309999942779541,1.2300000190734863,1.25,26700,0.0,0.0
2024-10-01 00:00:00-04:00,1.2009999752044678,1.25,1.1299999952316284,1.1299999952316284,5700,0.0,0.0
2024-10-02 00:00:00-04:00,1.0880000591278076,1.277999997138977,1.0499999523162842,1.277999997138977,23000,0.0,0.0
2024-10-03 00:00:00-04:00,1.24399995803833,1.25,1.1699999570846558,1.2000000476837158,4700,0.0,0.0
2024-10-04 00:00:00-04:00,1.2400000095367432,1.25,1.2000000476837158,1.2000000476837158,11400,0.0,0.0
2024-10-07 00:00:00-04:00,1.2000000476837158,1.2200000286102295,1.1100000143051147,1.1200000047683716,8200,0.0,0.0
2024-10-08 00:00:00-04:00,1.149999976158142,1.1920000314712524,0.9959999918937683,1.1799999475479126,34900,0.0,0.0
2024-10-09 00:00:00-04:00,1.1799999475479126,1.2000000476837158,1.149999976158142,1.1699999570846558,11200,0.0,0.0
2024-10-10 00:00:00-04:00,1.1699999570846558,1.190000057220459,1.149999976158142,1.149999976158142,9000,0.0,0.0
2024-10-11 00:00:00-04:00,1.1050000190734863,1.159999966621399,1.1050000190734863,1.149999976158142,2600,0.0,0.0
2024-10-14 00:00:00-04:00,1.1699999570846558,1.2200000286102295,1.1200000047683716,1.2100000381469727,15400,0.0,0.0
2024-10-15 00:00:00-04:00,1.2300000190734863,1.2300000190734863,1.190000057220459,1.190000057220459,3500,0.0,0.0
2024-10-16 00:00:00-04:00,1.2100000381469727,1.2200000286102295,1.190000057220459,1.190000057220459,7000,0.0,0.0
2024-10-17 00:00:00-04:00,1.2000000476837158,1.2000000476837158,1.100000023841858,1.1100000143051147,13600,0.0,0.0
2024-10-18 00:00:00-04:00,1.1100000143051147,1.2120000123977661,1.1100000143051147,1.2100000381469727,5600,0.0,0.0
2024-10-21 00:00:00-04:00,1.2100000381469727,1.2100000381469727,1.1399999856948853,1.149999976158142,5800,0.0,0.0
2024-10-22 00:00:00-04:00,1.1799999475479126,1.2009999752044678,1.100000023841858,1.1449999809265137,7500,0.0,0.0
2024-10-23 00:00:00-04:00,1.1449999809265137,1.1490000486373901,1.1200000047683716,1.1200000047683716,6600,0.0,0.0
2024-10-24 00:00:00-04:00,1.1200000047683716,1.2000000476837158,1.1200000047683716,1.2000000476837158,9000,0.0,0.0
2024-10-25 00:00:00-04:00,1.149999976158142,1.2000000476837158,1.149999976158142,1.2000000476837158,13900,0.0,0.0
2024-10-28 00:00:00-04:00,1.190999984741211,1.190999984741211,1.1699999570846558,1.1699999570846558,600,0.0,0.0
2024-10-29 00:00:00-04:00,1.190000057220459,1.25,1.1699999570846558,1.1699999570846558,116500,0.0,0.0
2024-10-30 00:00:00-04:00,1.1699999570846558,1.25,1.1699999570846558,1.2400000095367432,5800,0.0,0.0
2024-10-31 00:00:00-04:00,1.340000033378601,1.340000033378601,1.2599999904632568,1.2699999809265137,68900,0.0,0.0
2024-11-01 00:00:00-04:00,1.25,1.3200000524520874,1.25,1.2999999523162842,76100,0.0,0.0
2024-11-04 00:00:00-05:00,1.25,1.2899999618530273,1.25,1.2699999809265137,15000,0.0,0.0
2024-11-05 00:00:00-05:00,1.2510000467300415,1.2510000467300415,1.2200000286102295,1.2400000095367432,8100,0.0,0.0
2024-11-06 00:00:00-05:00,1.2300000190734863,1.246999979019165,1.2000000476837158,1.2300000190734863,7100,0.0,0.0
2024-11-07 00:00:00-05:00,1.25,1.25,1.2000000476837158,1.25,10300,0.0,0.0
2024-11-08 00:00:00-05:00,1.2589999437332153,1.2589999437332153,1.2039999961853027,1.2039999961853027,2700,0.0,0.0
2024-11-11 00:00:00-05:00,1.2000000476837158,1.2400000095367432,1.2000000476837158,1.2139999866485596,5000,0.0,0.0
2024-11-12 00:00:00-05:00,1.2200000286102295,1.2400000095367432,1.190000057220459,1.2300000190734863,15400,0.0,0.0
2024-11-13 00:00:00-05:00,1.2389999628067017,1.25,1.1649999618530273,1.1820000410079956,15800,0.0,0.0
2024-11-14 00:00:00-05:00,1.2029999494552612,1.2029999494552612,1.1200000047683716,1.1200000047683716,4900,0.0,0.0
2024-11-15 00:00:00-05:00,1.190999984741211,1.190999984741211,0.9259999990463257,0.9950000047683716,109400,0.0,0.0
2024-11-18 00:00:00-05:00,0.9900000095367432,1.0800000429153442,0.9300000071525574,0.9409999847412109,22900,0.0,0.0
2024-11-19 00:00:00-05:00,0.9900000095367432,1.159999966621399,0.9409999847412109,1.0,198600,0.0,0.0
2024-11-20 00:00:00-05:00,1.0,1.0399999618530273,0.890999972820282,0.9100000262260437,42600,0.0,0.0
2024-11-21 00:00:00-05:00,1.2300000190734863,1.2300000190734863,0.9200000166893005,0.9599999785423279,119200,0.0,0.0
2024-11-22 00:00:00-05:00,0.949999988079071,1.1369999647140503,0.9300000071525574,0.9909999966621399,101500,0.0,0.0
2024-11-25 00:00:00-05:00,0.9900000095367432,1.0399999618530273,0.9020000100135803,0.9300000071525574,46200,0.0,0.0
2024-11-26 00:00:00-05:00,0.8809999823570251,0.9700000286102295,0.8809999823570251,0.9010000228881836,50800,0.0,0.0
2024-11-27 00:00:00-05:00,0.925000011920929,1.0499999523162842,0.875,0.9700000286102295,108600,0.0,0.0
2024-11-29 00:00:00-05:00,0.9700000286102295,0.9950000047683716,0.890999972820282,0.8999999761581421,38900,0.0,0.0
2024-12-02 00:00:00-05:00,0.968999981880188,0.968999981880188,0.8799999952316284,0.8999999761581421,80800,0.0,0.0
2024-12-03 00:00:00-05:00,0.9430000185966492,0.9430000185966492,0.8799999952316284,0.8899999856948853,36900,0.0,0.0
2024-12-04 00:00:00-05:00,0.8999999761581421,0.9300000071525574,0.8799999952316284,0.8880000114440918,22200,0.0,0.0
2024-12-05 00:00:00-05:00,0.949999988079071,0.9850000143051147,0.8799999952316284,0.9300000071525574,170700,0.0,0.0
2024-12-06 00:00:00-05:00,0.9399999976158142,1.0670000314712524,0.9399999976158142,1.0099999904632568,25600,0.0,0.0
2024-12-09 00:00:00-05:00,1.059999942779541,1.059999942779541,0.9950000047683716,1.0,12100,0.0,0.0
2024-12-10 00:00:00-05:00,0.9900000095367432,1.034999966621399,0.9900000095367432,1.0299999713897705,22100,0.0,0.0
2024-12-11 00:00:00-05:00,1.0399999618530273,1.0800000429153442,1.0099999904632568,1.0449999570846558,64300,0.0,0.0
2024-12-12 00:00:00-05:00,1.0199999809265137,1.0399999618530273,0.9951000213623047,1.0199999809265137,53921,0.0,0.0
