Date,Open,High,Low,Close,Volume,Dividends,Stock Splits
2022-01-03 00:00:00-05:00,23.969999313354492,24.09000015258789,23.010000228881836,24.020000457763672,167100,0.0,0.0
2022-01-04 00:00:00-05:00,23.940000534057617,24.0,22.040000915527344,22.309999465942383,214500,0.0,0.0
2022-01-05 00:00:00-05:00,22.40999984741211,22.479999542236328,20.149999618530273,20.219999313354492,254400,0.0,0.0
2022-01-06 00:00:00-05:00,20.43000030517578,20.90999984741211,19.329999923706055,19.920000076293945,365500,0.0,0.0
2022-01-07 00:00:00-05:00,20.139999389648438,20.139999389648438,17.90999984741211,17.969999313354492,184900,0.0,0.0
2022-01-10 00:00:00-05:00,17.690000534057617,17.690000534057617,16.75,17.290000915527344,419700,0.0,0.0
2022-01-11 00:00:00-05:00,17.110000610351562,17.850000381469727,17.030000686645508,17.84000015258789,761500,0.0,0.0
2022-01-12 00:00:00-05:00,18.0,18.18000030517578,17.309999465942383,17.3700008392334,416000,0.0,0.0
2022-01-13 00:00:00-05:00,17.3700008392334,17.950000762939453,16.94099998474121,17.15999984741211,312200,0.0,0.0
2022-01-14 00:00:00-05:00,16.8700008392334,17.899999618530273,16.610000610351562,17.81999969482422,314400,0.0,0.0
2022-01-18 00:00:00-05:00,17.40999984741211,17.479999542236328,16.200000762939453,16.239999771118164,358200,0.0,0.0
2022-01-19 00:00:00-05:00,16.84000015258789,17.075000762939453,16.1299991607666,16.280000686645508,257800,0.0,0.0
2022-01-20 00:00:00-05:00,16.854999542236328,16.854999542236328,15.4399995803833,15.539999961853027,254500,0.0,0.0
2022-01-21 00:00:00-05:00,15.380000114440918,15.890000343322754,15.050000190734863,15.260000228881836,353100,0.0,0.0
2022-01-24 00:00:00-05:00,15.0,16.799999237060547,14.630999565124512,16.610000610351562,534300,0.0,0.0
2022-01-25 00:00:00-05:00,16.139999389648438,16.68000030517578,15.390000343322754,16.149999618530273,245300,0.0,0.0
2022-01-26 00:00:00-05:00,16.6299991607666,17.059999465942383,15.510000228881836,15.720000267028809,259800,0.0,0.0
2022-01-27 00:00:00-05:00,15.899999618530273,16.489999771118164,15.050000190734863,15.210000038146973,291500,0.0,0.0
2022-01-28 00:00:00-05:00,15.25,15.625,14.710000038146973,15.539999961853027,204000,0.0,0.0
2022-01-31 00:00:00-05:00,15.4399995803833,16.711000442504883,15.350000381469727,16.56999969482422,279700,0.0,0.0
2022-02-01 00:00:00-05:00,16.899999618530273,17.40999984741211,16.0,17.100000381469727,252500,0.0,0.0
2022-02-02 00:00:00-05:00,16.989999771118164,17.604999542236328,16.049999237060547,16.200000762939453,266300,0.0,0.0
2022-02-03 00:00:00-05:00,16.020000457763672,16.43000030517578,15.489999771118164,15.550000190734863,176000,0.0,0.0
2022-02-04 00:00:00-05:00,15.5600004196167,15.904999732971191,15.25,15.569999694824219,176100,0.0,0.0
2022-02-07 00:00:00-05:00,15.579999923706055,16.290000915527344,15.579999923706055,15.989999771118164,189900,0.0,0.0
2022-02-08 00:00:00-05:00,15.979999542236328,16.149999618530273,15.404999732971191,16.030000686645508,131600,0.0,0.0
2022-02-09 00:00:00-05:00,16.190000534057617,16.790000915527344,16.0,16.59000015258789,182400,0.0,0.0
2022-02-10 00:00:00-05:00,16.1200008392334,16.75,15.300000190734863,15.75,246000,0.0,0.0
2022-02-11 00:00:00-05:00,15.979999542236328,16.225000381469727,14.970000267028809,15.210000038146973,164700,0.0,0.0
2022-02-14 00:00:00-05:00,15.460000038146973,15.5,14.630000114440918,14.720000267028809,264100,0.0,0.0
2022-02-15 00:00:00-05:00,15.0,15.529999732971191,14.770000457763672,14.989999771118164,499900,0.0,0.0
2022-02-16 00:00:00-05:00,14.890000343322754,15.039999961853027,14.274999618530273,14.569999694824219,136200,0.0,0.0
2022-02-17 00:00:00-05:00,14.3100004196167,14.569999694824219,13.710000038146973,13.890000343322754,519500,0.0,0.0
2022-02-18 00:00:00-05:00,14.039999961853027,14.0600004196167,13.399999618530273,13.619999885559082,270000,0.0,0.0
2022-02-22 00:00:00-05:00,13.579999923706055,14.255000114440918,13.260000228881836,13.869999885559082,197900,0.0,0.0
2022-02-23 00:00:00-05:00,14.0,14.0,13.470000267028809,13.550000190734863,314900,0.0,0.0
2022-02-24 00:00:00-05:00,13.1899995803833,14.050000190734863,13.102999687194824,14.0,433900,0.0,0.0
2022-02-25 00:00:00-05:00,13.970000267028809,14.09000015258789,13.449999809265137,13.630000114440918,201900,0.0,0.0
2022-02-28 00:00:00-05:00,13.520000457763672,13.626999855041504,12.989999771118164,13.199999809265137,439300,0.0,0.0
2022-03-01 00:00:00-05:00,13.270000457763672,13.40999984741211,12.789999961853027,12.859999656677246,276100,0.0,0.0
2022-03-02 00:00:00-05:00,13.050000190734863,13.220000267028809,12.619999885559082,12.970000267028809,341200,0.0,0.0
2022-03-03 00:00:00-05:00,13.0,13.170000076293945,12.630000114440918,12.779999732971191,522300,0.0,0.0
2022-03-04 00:00:00-05:00,12.5600004196167,12.899999618530273,11.949999809265137,12.069999694824219,326700,0.0,0.0
2022-03-07 00:00:00-05:00,12.069999694824219,12.5,12.069999694824219,12.180000305175781,220100,0.0,0.0
2022-03-08 00:00:00-05:00,12.210000038146973,12.6899995803833,11.75,12.1899995803833,3093400,0.0,0.0
2022-03-09 00:00:00-05:00,12.579999923706055,12.960000038146973,12.180000305175781,12.789999961853027,765700,0.0,0.0
2022-03-10 00:00:00-05:00,13.5600004196167,13.819999694824219,12.829999923706055,13.399999618530273,493800,0.0,0.0
2022-03-11 00:00:00-05:00,13.300000190734863,13.619999885559082,12.779999732971191,12.800000190734863,315100,0.0,0.0
2022-03-14 00:00:00-04:00,12.930000305175781,13.069999694824219,12.029999732971191,12.170000076293945,583000,0.0,0.0
2022-03-15 00:00:00-04:00,12.100000381469727,13.210000038146973,11.505000114440918,11.890000343322754,865700,0.0,0.0
2022-03-16 00:00:00-04:00,11.960000038146973,12.079999923706055,10.9399995803833,11.899999618530273,706200,0.0,0.0
2022-03-17 00:00:00-04:00,12.079999923706055,12.569999694824219,11.779999732971191,12.529999732971191,556500,0.0,0.0
2022-03-18 00:00:00-04:00,12.300000190734863,13.0600004196167,12.300000190734863,12.630000114440918,751100,0.0,0.0
2022-03-21 00:00:00-04:00,12.720000267028809,12.734999656677246,11.614999771118164,11.649999618530273,265600,0.0,0.0
2022-03-22 00:00:00-04:00,11.59000015258789,12.0,11.40999984741211,11.960000038146973,256300,0.0,0.0
2022-03-23 00:00:00-04:00,12.029999732971191,12.380000114440918,11.550000190734863,11.619999885559082,272100,0.0,0.0
2022-03-24 00:00:00-04:00,11.729999542236328,11.869999885559082,11.300000190734863,11.680000305175781,222300,0.0,0.0
2022-03-25 00:00:00-04:00,11.6899995803833,11.75,11.319999694824219,11.4399995803833,285000,0.0,0.0
2022-03-28 00:00:00-04:00,11.380000114440918,11.598999977111816,10.970000267028809,11.1899995803833,162600,0.0,0.0
2022-03-29 00:00:00-04:00,11.430000305175781,12.0600004196167,11.239999771118164,11.789999961853027,259400,0.0,0.0
2022-03-30 00:00:00-04:00,11.640000343322754,11.90999984741211,11.140000343322754,11.180000305175781,188800,0.0,0.0
2022-03-31 00:00:00-04:00,11.300000190734863,11.630000114440918,10.960000038146973,11.1899995803833,258600,0.0,0.0
2022-04-01 00:00:00-04:00,11.199999809265137,11.699999809265137,11.119999885559082,11.399999618530273,467100,0.0,0.0
2022-04-04 00:00:00-04:00,11.569999694824219,12.180000305175781,11.4399995803833,12.109999656677246,342200,0.0,0.0
2022-04-05 00:00:00-04:00,12.020000457763672,12.21500015258789,11.680000305175781,11.800000190734863,236800,0.0,0.0
2022-04-06 00:00:00-04:00,11.59000015258789,11.984999656677246,11.270000457763672,11.880000114440918,251300,0.0,0.0
2022-04-07 00:00:00-04:00,11.850000381469727,12.432999610900879,11.270000457763672,11.3100004196167,175700,0.0,0.0
2022-04-08 00:00:00-04:00,11.279999732971191,11.53499984741211,11.029999732971191,11.300000190734863,291900,0.0,0.0
2022-04-11 00:00:00-04:00,11.149999618530273,11.529999732971191,10.670000076293945,10.779999732971191,237600,0.0,0.0
2022-04-12 00:00:00-04:00,10.920000076293945,11.140000343322754,10.5600004196167,10.6899995803833,201500,0.0,0.0
2022-04-13 00:00:00-04:00,10.760000228881836,11.25,10.760000228881836,11.130000114440918,213300,0.0,0.0
2022-04-14 00:00:00-04:00,11.09000015258789,11.329999923706055,10.619999885559082,10.819999694824219,213000,0.0,0.0
2022-04-18 00:00:00-04:00,10.850000381469727,10.850000381469727,10.100000381469727,10.460000038146973,413800,0.0,0.0
2022-04-19 00:00:00-04:00,10.449999809265137,10.850000381469727,10.260000228881836,10.619999885559082,258800,0.0,0.0
2022-04-20 00:00:00-04:00,10.800000190734863,10.800000190734863,10.175000190734863,10.630000114440918,187400,0.0,0.0
2022-04-21 00:00:00-04:00,10.729999542236328,10.729999542236328,10.279999732971191,10.600000381469727,578400,0.0,0.0
2022-04-22 00:00:00-04:00,10.550000190734863,10.850000381469727,10.399999618530273,10.6899995803833,339800,0.0,0.0
2022-04-25 00:00:00-04:00,10.65999984741211,11.380000114440918,10.539999961853027,11.3100004196167,258700,0.0,0.0
2022-04-26 00:00:00-04:00,11.119999885559082,11.300000190734863,9.720000267028809,9.75,299700,0.0,0.0
2022-04-27 00:00:00-04:00,9.760000228881836,9.760000228881836,9.180000305175781,9.369999885559082,252800,0.0,0.0
2022-04-28 00:00:00-04:00,9.609999656677246,9.880000114440918,8.899999618530273,9.4399995803833,229300,0.0,0.0
2022-04-29 00:00:00-04:00,9.4399995803833,9.880000114440918,9.4399995803833,9.59000015258789,331100,0.0,0.0
2022-05-02 00:00:00-04:00,9.550000190734863,9.819999694824219,9.170000076293945,9.819999694824219,304400,0.0,0.0
2022-05-03 00:00:00-04:00,9.760000228881836,10.369999885559082,9.40999984741211,9.649999618530273,195800,0.0,0.0
2022-05-04 00:00:00-04:00,9.779999732971191,9.869999885559082,8.859999656677246,9.800000190734863,591100,0.0,0.0
2022-05-05 00:00:00-04:00,9.899999618530273,10.010000228881836,9.130000114440918,9.630000114440918,523200,0.0,0.0
2022-05-06 00:00:00-04:00,9.470000267028809,9.543000221252441,9.069999694824219,9.119999885559082,224800,0.0,0.0
2022-05-09 00:00:00-04:00,8.859999656677246,9.079999923706055,8.140000343322754,8.279999732971191,279500,0.0,0.0
2022-05-10 00:00:00-04:00,10.0,10.0,8.220000267028809,9.319999694824219,359700,0.0,0.0
2022-05-11 00:00:00-04:00,9.319999694824219,9.890000343322754,9.085000038146973,9.359999656677246,429900,0.0,0.0
2022-05-12 00:00:00-04:00,9.239999771118164,10.220000267028809,9.140000343322754,10.119999885559082,356000,0.0,0.0
2022-05-13 00:00:00-04:00,10.300000190734863,10.739999771118164,10.25,10.470000267028809,299700,0.0,0.0
2022-05-16 00:00:00-04:00,10.359999656677246,10.800000190734863,10.170000076293945,10.430000305175781,165200,0.0,0.0
2022-05-17 00:00:00-04:00,10.670000076293945,11.489999771118164,10.329999923706055,11.430000305175781,345200,0.0,0.0
2022-05-18 00:00:00-04:00,11.050000190734863,11.489999771118164,10.279999732971191,10.369999885559082,275400,0.0,0.0
2022-05-19 00:00:00-04:00,10.25,10.65999984741211,9.989999771118164,10.510000228881836,185800,0.0,0.0
2022-05-20 00:00:00-04:00,10.75,11.079999923706055,10.210000038146973,11.0,236500,0.0,0.0
2022-05-23 00:00:00-04:00,11.0600004196167,11.0600004196167,10.361000061035156,10.739999771118164,197300,0.0,0.0
2022-05-24 00:00:00-04:00,10.550000190734863,10.550000190734863,10.109999656677246,10.3100004196167,499500,0.0,0.0
2022-05-25 00:00:00-04:00,10.289999961853027,10.475000381469727,9.850000381469727,10.34000015258789,178200,0.0,0.0
2022-05-26 00:00:00-04:00,10.34000015258789,10.699999809265137,10.09000015258789,10.430000305175781,172900,0.0,0.0
2022-05-27 00:00:00-04:00,10.510000228881836,10.880000114440918,9.90999984741211,10.800000190734863,207000,0.0,0.0
2022-05-31 00:00:00-04:00,10.850000381469727,11.390000343322754,10.510000228881836,11.149999618530273,459100,0.0,0.0
2022-06-01 00:00:00-04:00,11.279999732971191,11.289999961853027,10.479999542236328,10.5,271400,0.0,0.0
2022-06-02 00:00:00-04:00,10.529999732971191,11.1899995803833,10.270000457763672,11.0600004196167,162900,0.0,0.0
2022-06-03 00:00:00-04:00,10.989999771118164,11.994999885559082,10.989999771118164,11.899999618530273,287800,0.0,0.0
2022-06-06 00:00:00-04:00,12.0600004196167,13.574999809265137,11.649999618530273,11.829999923706055,258600,0.0,0.0
2022-06-07 00:00:00-04:00,11.65999984741211,12.800000190734863,11.630000114440918,12.680000305175781,209900,0.0,0.0
2022-06-08 00:00:00-04:00,12.5,12.914999961853027,12.369999885559082,12.640000343322754,185200,0.0,0.0
2022-06-09 00:00:00-04:00,12.479999542236328,12.760000228881836,12.145000457763672,12.289999961853027,196100,0.0,0.0
2022-06-10 00:00:00-04:00,11.970000267028809,12.170000076293945,11.300000190734863,11.390000343322754,250700,0.0,0.0
2022-06-13 00:00:00-04:00,11.010000228881836,11.479999542236328,9.909000396728516,10.489999771118164,498300,0.0,0.0
2022-06-14 00:00:00-04:00,11.010000228881836,11.460000038146973,10.510000228881836,11.40999984741211,239700,0.0,0.0
2022-06-15 00:00:00-04:00,11.550000190734863,12.3100004196167,11.130000114440918,12.239999771118164,397800,0.0,0.0
2022-06-16 00:00:00-04:00,11.720000267028809,12.239999771118164,11.100000381469727,11.9399995803833,495600,0.0,0.0
2022-06-17 00:00:00-04:00,11.960000038146973,12.920000076293945,11.819999694824219,12.369999885559082,1171500,0.0,0.0
2022-06-21 00:00:00-04:00,12.4399995803833,13.350000381469727,12.4399995803833,12.90999984741211,264800,0.0,0.0
2022-06-22 00:00:00-04:00,12.609999656677246,13.3100004196167,12.470000267028809,13.149999618530273,266200,0.0,0.0
2022-06-23 00:00:00-04:00,13.1899995803833,13.859999656677246,12.930000305175781,13.819999694824219,359000,0.0,0.0
2022-06-24 00:00:00-04:00,14.069999694824219,14.170000076293945,13.270000457763672,13.880000114440918,824800,0.0,0.0
2022-06-27 00:00:00-04:00,13.930000305175781,14.029999732971191,13.3100004196167,13.609999656677246,154700,0.0,0.0
2022-06-28 00:00:00-04:00,13.619999885559082,13.670000076293945,13.0,13.09000015258789,186600,0.0,0.0
2022-06-29 00:00:00-04:00,13.170000076293945,13.90999984741211,12.767999649047852,13.880000114440918,107500,0.0,0.0
2022-06-30 00:00:00-04:00,13.630000114440918,13.859999656677246,13.404999732971191,13.800000190734863,138900,0.0,0.0
2022-07-01 00:00:00-04:00,13.8100004196167,14.369999885559082,13.319999694824219,14.319999694824219,151800,0.0,0.0
2022-07-05 00:00:00-04:00,14.069999694824219,14.619999885559082,13.770000457763672,14.399999618530273,444000,0.0,0.0
2022-07-06 00:00:00-04:00,14.359999656677246,15.289999961853027,14.359999656677246,14.710000038146973,199400,0.0,0.0
2022-07-07 00:00:00-04:00,14.550000190734863,15.175000190734863,14.25,14.520000457763672,349600,0.0,0.0
2022-07-08 00:00:00-04:00,14.359999656677246,15.670000076293945,14.359999656677246,15.430000305175781,293000,0.0,0.0
2022-07-11 00:00:00-04:00,15.420000076293945,15.420000076293945,14.65999984741211,14.6899995803833,255700,0.0,0.0
2022-07-12 00:00:00-04:00,14.710000038146973,15.350000381469727,13.729999542236328,15.260000228881836,245500,0.0,0.0
2022-07-13 00:00:00-04:00,14.949999809265137,16.049999237060547,14.949999809265137,15.550000190734863,221200,0.0,0.0
2022-07-14 00:00:00-04:00,15.279999732971191,15.819999694824219,15.260000228881836,15.300000190734863,195000,0.0,0.0
2022-07-15 00:00:00-04:00,15.649999618530273,15.649999618530273,15.100000381469727,15.5,273800,0.0,0.0
2022-07-18 00:00:00-04:00,15.34000015258789,16.110000610351562,14.649999618530273,14.899999618530273,143700,0.0,0.0
2022-07-19 00:00:00-04:00,15.109999656677246,15.59000015258789,14.920000076293945,15.359999656677246,133100,0.0,0.0
2022-07-20 00:00:00-04:00,15.3100004196167,15.920000076293945,15.079999923706055,15.470000267028809,125500,0.0,0.0
2022-07-21 00:00:00-04:00,15.510000228881836,15.65999984741211,15.140000343322754,15.390000343322754,66500,0.0,0.0
2022-07-22 00:00:00-04:00,15.359999656677246,15.569999694824219,14.770000457763672,14.890000343322754,120100,0.0,0.0
2022-07-25 00:00:00-04:00,15.140000343322754,15.140000343322754,14.619999885559082,14.84000015258789,207500,0.0,0.0
2022-07-26 00:00:00-04:00,14.779999732971191,15.350000381469727,14.574999809265137,15.210000038146973,83600,0.0,0.0
2022-07-27 00:00:00-04:00,15.380000114440918,15.819999694824219,14.59000015258789,15.670000076293945,137800,0.0,0.0
2022-07-28 00:00:00-04:00,15.619999885559082,16.010000228881836,14.729999542236328,15.0,807300,0.0,0.0
2022-07-29 00:00:00-04:00,14.800000190734863,14.9399995803833,14.284000396728516,14.920000076293945,151800,0.0,0.0
2022-08-01 00:00:00-04:00,14.869999885559082,15.15999984741211,14.359999656677246,14.5,111500,0.0,0.0
2022-08-02 00:00:00-04:00,14.300000190734863,14.899999618530273,14.300000190734863,14.789999961853027,97200,0.0,0.0
2022-08-03 00:00:00-04:00,15.09000015258789,16.024999618530273,15.09000015258789,15.40999984741211,107800,0.0,0.0
2022-08-04 00:00:00-04:00,15.569999694824219,15.949999809265137,15.569999694824219,15.649999618530273,162600,0.0,0.0
2022-08-05 00:00:00-04:00,15.34000015258789,16.06999969482422,15.34000015258789,15.739999771118164,187700,0.0,0.0
2022-08-08 00:00:00-04:00,15.819999694824219,16.1200008392334,15.279999732971191,15.550000190734863,300400,0.0,0.0
2022-08-09 00:00:00-04:00,15.3100004196167,15.345000267028809,14.220000267028809,14.819999694824219,379100,0.0,0.0
2022-08-10 00:00:00-04:00,15.100000381469727,15.850000381469727,14.494999885559082,15.789999961853027,239300,0.0,0.0
2022-08-11 00:00:00-04:00,16.030000686645508,16.149999618530273,14.6899995803833,14.920000076293945,230600,0.0,0.0
2022-08-12 00:00:00-04:00,15.109999656677246,15.859999656677246,15.029999732971191,15.649999618530273,186900,0.0,0.0
2022-08-15 00:00:00-04:00,14.079999923706055,14.229999542236328,9.5,10.199999809265137,2294800,0.0,0.0
2022-08-16 00:00:00-04:00,10.25,10.829999923706055,10.0,10.739999771118164,1632100,0.0,0.0
2022-08-17 00:00:00-04:00,10.220000267028809,10.470000267028809,9.729999542236328,9.829999923706055,748600,0.0,0.0
2022-08-18 00:00:00-04:00,9.880000114440918,10.069999694824219,9.399999618530273,10.020000457763672,394600,0.0,0.0
2022-08-19 00:00:00-04:00,9.850000381469727,10.28499984741211,9.760000228881836,10.199999809265137,391000,0.0,0.0
2022-08-22 00:00:00-04:00,10.0600004196167,10.369999885559082,9.987000465393066,10.279999732971191,311100,0.0,0.0
2022-08-23 00:00:00-04:00,10.220000267028809,10.960000038146973,10.210000038146973,10.75,302300,0.0,0.0
2022-08-24 00:00:00-04:00,10.770000457763672,10.880000114440918,10.350000381469727,10.380000114440918,213200,0.0,0.0
2022-08-25 00:00:00-04:00,10.430000305175781,10.449999809265137,9.9399995803833,10.420000076293945,195500,0.0,0.0
2022-08-26 00:00:00-04:00,10.529999732971191,10.529999732971191,9.5,9.609999656677246,285300,0.0,0.0
2022-08-29 00:00:00-04:00,9.630000114440918,9.930000305175781,9.449999809265137,9.600000381469727,170900,0.0,0.0
2022-08-30 00:00:00-04:00,9.770000457763672,9.989999771118164,9.399999618530273,9.619999885559082,240300,0.0,0.0
2022-08-31 00:00:00-04:00,9.630000114440918,9.920000076293945,9.539999961853027,9.829999923706055,381600,0.0,0.0
2022-09-01 00:00:00-04:00,9.899999618530273,10.0600004196167,9.600000381469727,9.800000190734863,477700,0.0,0.0
2022-09-02 00:00:00-04:00,9.920000076293945,9.920000076293945,9.210000038146973,9.380000114440918,299000,0.0,0.0
2022-09-06 00:00:00-04:00,9.75,9.75,9.140000343322754,9.239999771118164,326200,0.0,0.0
2022-09-07 00:00:00-04:00,9.15999984741211,9.460000038146973,9.0,9.300000190734863,225900,0.0,0.0
2022-09-08 00:00:00-04:00,9.3100004196167,9.520000457763672,9.15999984741211,9.34000015258789,200700,0.0,0.0
2022-09-09 00:00:00-04:00,9.390000343322754,9.470000267028809,9.180000305175781,9.25,167600,0.0,0.0
2022-09-12 00:00:00-04:00,10.199999809265137,12.279999732971191,9.779999732971191,12.09000015258789,2543800,0.0,0.0
2022-09-13 00:00:00-04:00,12.0,12.949999809265137,12.0,12.520000457763672,1056500,0.0,0.0
2022-09-14 00:00:00-04:00,12.4399995803833,12.670000076293945,12.229999542236328,12.510000228881836,527000,0.0,0.0
2022-09-15 00:00:00-04:00,10.850000381469727,12.210000038146973,10.699999809265137,11.760000228881836,2119400,0.0,0.0
2022-09-16 00:00:00-04:00,11.5,11.630000114440918,10.600000381469727,11.15999984741211,1465500,0.0,0.0
2022-09-19 00:00:00-04:00,11.130000114440918,12.069999694824219,10.720000267028809,11.920000076293945,415700,0.0,0.0
2022-09-20 00:00:00-04:00,11.880000114440918,12.180000305175781,11.5,12.050000190734863,390500,0.0,0.0
2022-09-21 00:00:00-04:00,11.989999771118164,12.859999656677246,11.779999732971191,12.010000228881836,464300,0.0,0.0
2022-09-22 00:00:00-04:00,12.069999694824219,12.229999542236328,11.720000267028809,12.020000457763672,538900,0.0,0.0
2022-09-23 00:00:00-04:00,11.9399995803833,12.149999618530273,11.039999961853027,12.100000381469727,740000,0.0,0.0
2022-09-26 00:00:00-04:00,12.020000457763672,13.199999809265137,12.015000343322754,12.699999809265137,901800,0.0,0.0
2022-09-27 00:00:00-04:00,12.869999885559082,13.270000457763672,12.770000457763672,13.199999809265137,410500,0.0,0.0
2022-09-28 00:00:00-04:00,13.289999961853027,14.430000305175781,13.130000114440918,14.239999771118164,775600,0.0,0.0
2022-09-29 00:00:00-04:00,14.1899995803833,14.260000228881836,13.630000114440918,14.109999656677246,553400,0.0,0.0
2022-09-30 00:00:00-04:00,14.100000381469727,15.449999809265137,14.09000015258789,14.920000076293945,692300,0.0,0.0
2022-10-03 00:00:00-04:00,14.970000267028809,15.25,14.420000076293945,14.829999923706055,694100,0.0,0.0
2022-10-04 00:00:00-04:00,15.210000038146973,15.289999961853027,14.770000457763672,15.25,578200,0.0,0.0
2022-10-05 00:00:00-04:00,15.039999961853027,15.25,14.399999618530273,14.470000267028809,368200,0.0,0.0
2022-10-06 00:00:00-04:00,14.369999885559082,15.430000305175781,14.34000015258789,15.239999771118164,278700,0.0,0.0
2022-10-07 00:00:00-04:00,15.140000343322754,15.140000343322754,14.4399995803833,14.5,483000,0.0,0.0
2022-10-10 00:00:00-04:00,14.529999732971191,15.170000076293945,14.199999809265137,14.989999771118164,1003400,0.0,0.0
2022-10-11 00:00:00-04:00,14.970000267028809,15.699999809265137,14.449999809265137,15.640000343322754,759000,0.0,0.0
2022-10-12 00:00:00-04:00,15.65999984741211,15.779999732971191,14.930000305175781,15.729999542236328,492000,0.0,0.0
2022-10-13 00:00:00-04:00,15.529999732971191,16.329999923706055,15.1899995803833,16.239999771118164,356300,0.0,0.0
2022-10-14 00:00:00-04:00,16.329999923706055,16.5,15.529999732971191,15.569999694824219,404700,0.0,0.0
2022-10-17 00:00:00-04:00,15.789999961853027,16.309999465942383,15.369999885559082,15.84000015258789,376000,0.0,0.0
2022-10-18 00:00:00-04:00,15.979999542236328,16.350000381469727,15.789999961853027,15.890000343322754,255000,0.0,0.0
2022-10-19 00:00:00-04:00,15.890000343322754,16.459999084472656,15.529999732971191,15.729999542236328,465200,0.0,0.0
2022-10-20 00:00:00-04:00,15.850000381469727,16.25,15.619999885559082,15.829999923706055,213500,0.0,0.0
2022-10-21 00:00:00-04:00,15.970000267028809,16.469999313354492,15.720000267028809,16.440000534057617,292900,0.0,0.0
2022-10-24 00:00:00-04:00,16.389999389648438,16.389999389648438,15.600000381469727,16.170000076293945,187900,0.0,0.0
2022-10-25 00:00:00-04:00,16.25,16.600000381469727,16.14299964904785,16.31999969482422,272200,0.0,0.0
2022-10-26 00:00:00-04:00,16.31999969482422,16.920000076293945,16.079999923706055,16.309999465942383,311800,0.0,0.0
2022-10-27 00:00:00-04:00,16.959999084472656,17.0,16.3700008392334,16.649999618530273,300000,0.0,0.0
2022-10-28 00:00:00-04:00,16.799999237060547,17.1299991607666,16.3700008392334,17.0,566000,0.0,0.0
2022-10-31 00:00:00-04:00,16.969999313354492,17.229000091552734,16.56999969482422,16.889999389648438,316800,0.0,0.0
2022-11-01 00:00:00-04:00,17.06999969482422,18.1200008392334,17.0,17.5,577000,0.0,0.0
2022-11-02 00:00:00-04:00,17.3799991607666,17.670000076293945,16.739999771118164,16.93000030517578,418900,0.0,0.0
2022-11-03 00:00:00-04:00,16.81999969482422,17.920000076293945,16.670000076293945,17.799999237060547,241600,0.0,0.0
2022-11-04 00:00:00-04:00,17.81999969482422,17.81999969482422,16.75,17.06999969482422,479300,0.0,0.0
2022-11-07 00:00:00-05:00,17.190000534057617,17.8700008392334,16.96500015258789,17.579999923706055,295200,0.0,0.0
2022-11-08 00:00:00-05:00,17.860000610351562,19.139999389648438,17.549999237060547,18.030000686645508,973300,0.0,0.0
2022-11-09 00:00:00-05:00,18.100000381469727,18.100000381469727,16.8799991607666,16.979999542236328,570200,0.0,0.0
2022-11-10 00:00:00-05:00,17.6200008392334,17.799999237060547,16.600000381469727,17.020000457763672,984300,0.0,0.0
2022-11-11 00:00:00-05:00,17.139999389648438,17.549999237060547,16.96500015258789,17.260000228881836,869100,0.0,0.0
2022-11-14 00:00:00-05:00,17.399999618530273,17.799999237060547,16.950000762939453,17.0,1140700,0.0,0.0
2022-11-15 00:00:00-05:00,17.420000076293945,17.940000534057617,17.06999969482422,17.770000457763672,736200,0.0,0.0
2022-11-16 00:00:00-05:00,17.68000030517578,17.954999923706055,17.25,17.739999771118164,338500,0.0,0.0
2022-11-17 00:00:00-05:00,17.350000381469727,18.190000534057617,17.290000915527344,18.170000076293945,391000,0.0,0.0
2022-11-18 00:00:00-05:00,18.799999237060547,18.8700008392334,17.520000457763672,17.639999389648438,398300,0.0,0.0
2022-11-21 00:00:00-05:00,17.700000762939453,17.90999984741211,17.309999465942383,17.479999542236328,366100,0.0,0.0
2022-11-22 00:00:00-05:00,17.489999771118164,17.799999237060547,17.111000061035156,17.610000610351562,380400,0.0,0.0
2022-11-23 00:00:00-05:00,17.68000030517578,18.084999084472656,17.389999389648438,17.479999542236328,300000,0.0,0.0
2022-11-25 00:00:00-05:00,17.34000015258789,17.84000015258789,17.209999084472656,17.579999923706055,176100,0.0,0.0
2022-11-28 00:00:00-05:00,17.469999313354492,17.860000610351562,16.34000015258789,16.530000686645508,306200,0.0,0.0
2022-11-29 00:00:00-05:00,16.940000534057617,17.799999237060547,16.479999542236328,17.190000534057617,306100,0.0,0.0
2022-11-30 00:00:00-05:00,17.309999465942383,18.100000381469727,17.15999984741211,17.8799991607666,732600,0.0,0.0
2022-12-01 00:00:00-05:00,17.81999969482422,18.104999542236328,17.530000686645508,17.770000457763672,339200,0.0,0.0
2022-12-02 00:00:00-05:00,17.670000076293945,18.200000762939453,17.25,17.979999542236328,421900,0.0,0.0
2022-12-05 00:00:00-05:00,18.3700008392334,18.489999771118164,17.475000381469727,17.770000457763672,327900,0.0,0.0
2022-12-06 00:00:00-05:00,17.719999313354492,18.06999969482422,17.5,18.020000457763672,304800,0.0,0.0
2022-12-07 00:00:00-05:00,18.1200008392334,18.469999313354492,17.610000610351562,17.610000610351562,352000,0.0,0.0
2022-12-08 00:00:00-05:00,17.739999771118164,18.0,17.1200008392334,17.139999389648438,553900,0.0,0.0
2022-12-09 00:00:00-05:00,17.020000457763672,17.399999618530273,16.65999984741211,16.84000015258789,371100,0.0,0.0
2022-12-12 00:00:00-05:00,16.8700008392334,17.399999618530273,16.709999084472656,17.030000686645508,350300,0.0,0.0
2022-12-13 00:00:00-05:00,17.229999542236328,17.579999923706055,16.415000915527344,16.790000915527344,307900,0.0,0.0
2022-12-14 00:00:00-05:00,16.860000610351562,17.399999618530273,16.649999618530273,16.959999084472656,546000,0.0,0.0
2022-12-15 00:00:00-05:00,16.8799991607666,17.209999084472656,16.639999389648438,16.8799991607666,395900,0.0,0.0
2022-12-16 00:00:00-05:00,16.75,17.46500015258789,16.600000381469727,16.850000381469727,2110900,0.0,0.0
2022-12-19 00:00:00-05:00,16.790000915527344,16.895000457763672,16.482999801635742,16.809999465942383,484000,0.0,0.0
2022-12-20 00:00:00-05:00,16.670000076293945,17.229999542236328,16.510000228881836,16.610000610351562,432100,0.0,0.0
2022-12-21 00:00:00-05:00,16.65999984741211,17.040000915527344,16.329999923706055,16.770000457763672,320300,0.0,0.0
2022-12-22 00:00:00-05:00,16.690000534057617,17.010000228881836,16.479999542236328,17.0,232800,0.0,0.0
2022-12-23 00:00:00-05:00,16.920000076293945,17.239999771118164,16.78499984741211,17.020000457763672,191100,0.0,0.0
2022-12-27 00:00:00-05:00,17.079999923706055,17.104999542236328,16.18000030517578,16.530000686645508,220900,0.0,0.0
2022-12-28 00:00:00-05:00,16.84000015258789,17.540000915527344,16.549999237060547,17.469999313354492,273300,0.0,0.0
2022-12-29 00:00:00-05:00,17.56999969482422,18.40999984741211,17.329999923706055,18.139999389648438,434700,0.0,0.0
2022-12-30 00:00:00-05:00,18.139999389648438,18.34000015258789,17.8799991607666,18.170000076293945,548400,0.0,0.0
2023-01-03 00:00:00-05:00,18.18000030517578,18.239999771118164,17.2450008392334,17.3799991607666,312200,0.0,0.0
2023-01-04 00:00:00-05:00,17.420000076293945,17.799999237060547,17.239999771118164,17.459999084472656,244800,0.0,0.0
2023-01-05 00:00:00-05:00,17.309999465942383,17.469999313354492,17.09000015258789,17.15999984741211,192900,0.0,0.0
2023-01-06 00:00:00-05:00,17.190000534057617,17.559999465942383,16.795000076293945,17.270000457763672,227100,0.0,0.0
2023-01-09 00:00:00-05:00,17.270000457763672,17.3700008392334,16.690000534057617,16.739999771118164,299800,0.0,0.0
2023-01-10 00:00:00-05:00,16.920000076293945,17.34000015258789,16.549999237060547,17.219999313354492,228100,0.0,0.0
2023-01-11 00:00:00-05:00,17.139999389648438,17.780000686645508,16.908000946044922,17.729999542236328,344100,0.0,0.0
2023-01-12 00:00:00-05:00,17.700000762939453,18.579999923706055,17.700000762939453,18.549999237060547,753900,0.0,0.0
2023-01-13 00:00:00-05:00,18.479999542236328,18.8700008392334,17.950000762939453,18.719999313354492,548300,0.0,0.0
2023-01-17 00:00:00-05:00,18.65999984741211,18.885000228881836,17.968000411987305,18.229999542236328,289100,0.0,0.0
2023-01-18 00:00:00-05:00,18.219999313354492,18.770000457763672,17.920000076293945,17.950000762939453,232800,0.0,0.0
2023-01-19 00:00:00-05:00,17.90999984741211,18.329999923706055,17.719999313354492,17.93000030517578,361600,0.0,0.0
2023-01-20 00:00:00-05:00,18.209999084472656,18.239999771118164,17.559999465942383,17.6299991607666,443000,0.0,0.0
2023-01-23 00:00:00-05:00,17.530000686645508,17.639999389648438,16.309999465942383,16.3700008392334,796100,0.0,0.0
2023-01-24 00:00:00-05:00,16.389999389648438,16.899999618530273,16.09000015258789,16.8799991607666,829800,0.0,0.0
2023-01-25 00:00:00-05:00,16.920000076293945,17.09000015258789,16.510000228881836,16.899999618530273,387800,0.0,0.0
2023-01-26 00:00:00-05:00,16.920000076293945,17.149999618530273,16.40999984741211,16.540000915527344,201700,0.0,0.0
2023-01-27 00:00:00-05:00,16.559999465942383,17.045000076293945,16.270000457763672,16.8799991607666,198700,0.0,0.0
2023-01-30 00:00:00-05:00,16.850000381469727,16.920000076293945,16.485000610351562,16.559999465942383,323700,0.0,0.0
2023-01-31 00:00:00-05:00,16.649999618530273,17.139999389648438,16.6200008392334,17.030000686645508,909100,0.0,0.0
2023-02-01 00:00:00-05:00,17.110000610351562,17.510000228881836,16.889999389648438,17.260000228881836,568700,0.0,0.0
2023-02-02 00:00:00-05:00,17.31999969482422,17.829999923706055,17.15999984741211,17.610000610351562,409700,0.0,0.0
2023-02-03 00:00:00-05:00,17.559999465942383,17.93000030517578,16.76300048828125,17.559999465942383,388800,0.0,0.0
2023-02-06 00:00:00-05:00,17.56999969482422,17.90999984741211,17.18000030517578,17.270000457763672,184900,0.0,0.0
2023-02-07 00:00:00-05:00,17.239999771118164,17.579999923706055,16.920000076293945,17.540000915527344,331300,0.0,0.0
2023-02-08 00:00:00-05:00,17.489999771118164,17.799999237060547,17.084999084472656,17.299999237060547,230500,0.0,0.0
2023-02-09 00:00:00-05:00,17.420000076293945,17.600000381469727,17.135000228881836,17.40999984741211,206000,0.0,0.0
2023-02-10 00:00:00-05:00,17.40999984741211,18.09000015258789,17.270000457763672,17.969999313354492,328700,0.0,0.0
2023-02-13 00:00:00-05:00,17.950000762939453,18.030000686645508,17.40999984741211,17.850000381469727,297800,0.0,0.0
2023-02-14 00:00:00-05:00,17.850000381469727,18.020000457763672,17.420000076293945,17.93000030517578,308800,0.0,0.0
2023-02-15 00:00:00-05:00,17.850000381469727,18.149999618530273,17.003000259399414,17.3700008392334,552500,0.0,0.0
2023-02-16 00:00:00-05:00,17.200000762939453,17.770000457763672,16.940000534057617,17.43000030517578,230000,0.0,0.0
2023-02-17 00:00:00-05:00,17.549999237060547,18.040000915527344,17.190000534057617,17.690000534057617,343500,0.0,0.0
2023-02-21 00:00:00-05:00,17.510000228881836,17.809999465942383,17.100000381469727,17.399999618530273,276400,0.0,0.0
2023-02-22 00:00:00-05:00,17.3700008392334,17.860000610351562,17.329999923706055,17.450000762939453,177300,0.0,0.0
2023-02-23 00:00:00-05:00,17.469999313354492,17.579999923706055,17.114999771118164,17.3799991607666,161700,0.0,0.0
2023-02-24 00:00:00-05:00,17.31999969482422,17.530000686645508,16.944000244140625,17.040000915527344,331600,0.0,0.0
2023-02-27 00:00:00-05:00,17.110000610351562,17.440000534057617,16.90999984741211,17.350000381469727,132400,0.0,0.0
2023-02-28 00:00:00-05:00,18.149999618530273,18.190000534057617,17.350000381469727,17.649999618530273,307700,0.0,0.0
2023-03-01 00:00:00-05:00,17.649999618530273,18.100000381469727,17.260000228881836,17.420000076293945,197500,0.0,0.0
2023-03-02 00:00:00-05:00,17.34000015258789,17.59000015258789,16.979999542236328,17.3700008392334,269700,0.0,0.0
2023-03-03 00:00:00-05:00,17.399999618530273,17.450000762939453,17.09000015258789,17.280000686645508,150200,0.0,0.0
2023-03-06 00:00:00-05:00,17.280000686645508,17.280000686645508,16.739999771118164,16.860000610351562,179900,0.0,0.0
2023-03-07 00:00:00-05:00,16.829999923706055,18.100000381469727,16.829999923706055,17.899999618530273,377900,0.0,0.0
2023-03-08 00:00:00-05:00,17.90999984741211,17.959999084472656,16.75,17.209999084472656,296100,0.0,0.0
2023-03-09 00:00:00-05:00,17.280000686645508,17.3799991607666,15.470000267028809,15.579999923706055,306700,0.0,0.0
2023-03-10 00:00:00-05:00,15.520000457763672,15.8100004196167,14.850000381469727,15.390000343322754,523800,0.0,0.0
2023-03-13 00:00:00-04:00,15.229999542236328,16.155000686645508,15.229999542236328,15.989999771118164,489400,0.0,0.0
2023-03-14 00:00:00-04:00,16.139999389648438,16.25,15.569999694824219,15.90999984741211,730000,0.0,0.0
2023-03-15 00:00:00-04:00,15.550000190734863,15.984999656677246,15.147000312805176,15.489999771118164,279500,0.0,0.0
2023-03-16 00:00:00-04:00,15.319999694824219,16.350000381469727,14.6899995803833,15.760000228881836,326100,0.0,0.0
2023-03-17 00:00:00-04:00,15.600000381469727,15.675000190734863,14.520000457763672,14.989999771118164,665700,0.0,0.0
2023-03-20 00:00:00-04:00,15.180000305175781,15.180000305175781,14.729999542236328,14.960000038146973,283700,0.0,0.0
2023-03-21 00:00:00-04:00,15.100000381469727,15.100000381469727,14.539999961853027,14.630000114440918,362800,0.0,0.0
2023-03-22 00:00:00-04:00,14.609999656677246,14.720000267028809,13.729999542236328,13.859999656677246,347400,0.0,0.0
2023-03-23 00:00:00-04:00,14.470000267028809,14.960000038146973,14.079999923706055,14.25,527200,0.0,0.0
2023-03-24 00:00:00-04:00,14.140000343322754,14.25,13.729999542236328,13.880000114440918,257400,0.0,0.0
2023-03-27 00:00:00-04:00,13.979999542236328,14.25,13.704999923706055,13.739999771118164,415700,0.0,0.0
2023-03-28 00:00:00-04:00,13.720000267028809,14.289999961853027,13.600000381469727,13.619999885559082,261500,0.0,0.0
2023-03-29 00:00:00-04:00,13.75,14.210000038146973,13.694999694824219,14.020000457763672,302000,0.0,0.0
2023-03-30 00:00:00-04:00,14.050000190734863,14.300000190734863,13.40999984741211,13.489999771118164,432200,0.0,0.0
2023-03-31 00:00:00-04:00,13.569999694824219,14.050000190734863,13.569999694824219,13.729999542236328,855900,0.0,0.0
2023-04-03 00:00:00-04:00,13.729999542236328,14.819999694824219,13.729999542236328,14.720000267028809,569100,0.0,0.0
2023-04-04 00:00:00-04:00,14.75,14.954999923706055,13.336999893188477,14.039999961853027,445300,0.0,0.0
2023-04-05 00:00:00-04:00,13.970000267028809,14.390000343322754,13.649999618530273,13.75,229100,0.0,0.0
2023-04-06 00:00:00-04:00,13.800000190734863,14.375,13.609999656677246,14.15999984741211,197100,0.0,0.0
2023-04-10 00:00:00-04:00,14.100000381469727,14.1899995803833,13.670000076293945,14.140000343322754,324300,0.0,0.0
2023-04-11 00:00:00-04:00,14.220000267028809,14.220000267028809,13.510000228881836,13.619999885559082,360600,0.0,0.0
2023-04-12 00:00:00-04:00,13.699999809265137,13.819999694824219,13.289999961853027,13.329999923706055,163900,0.0,0.0
2023-04-13 00:00:00-04:00,13.40999984741211,14.109999656677246,13.40999984741211,13.859999656677246,667700,0.0,0.0
2023-04-14 00:00:00-04:00,14.0,14.0,13.550000190734863,13.800000190734863,304100,0.0,0.0
2023-04-17 00:00:00-04:00,14.15999984741211,15.270000457763672,13.8100004196167,15.100000381469727,414800,0.0,0.0
2023-04-18 00:00:00-04:00,15.199999809265137,15.199999809265137,14.621000289916992,14.890000343322754,261600,0.0,0.0
2023-04-19 00:00:00-04:00,14.760000228881836,15.0,14.559000015258789,14.869999885559082,214400,0.0,0.0
2023-04-20 00:00:00-04:00,14.899999618530273,14.90999984741211,14.329999923706055,14.5600004196167,223300,0.0,0.0
2023-04-21 00:00:00-04:00,14.460000038146973,14.970000267028809,14.454999923706055,14.930000305175781,276000,0.0,0.0
2023-04-24 00:00:00-04:00,17.8700008392334,20.54199981689453,17.700000762939453,20.260000228881836,7089800,0.0,0.0
2023-04-25 00:00:00-04:00,21.0,21.0,18.329999923706055,18.639999389648438,5642000,0.0,0.0
2023-04-26 00:00:00-04:00,18.600000381469727,19.33799934387207,18.086999893188477,18.420000076293945,915300,0.0,0.0
2023-04-27 00:00:00-04:00,18.420000076293945,18.875,18.209999084472656,18.559999465942383,865300,0.0,0.0
2023-04-28 00:00:00-04:00,18.579999923706055,18.8799991607666,18.209999084472656,18.260000228881836,773400,0.0,0.0
2023-05-01 00:00:00-04:00,18.190000534057617,19.55500030517578,18.11199951171875,19.350000381469727,850600,0.0,0.0
2023-05-02 00:00:00-04:00,19.260000228881836,19.549999237060547,18.760000228881836,19.360000610351562,1260000,0.0,0.0
2023-05-03 00:00:00-04:00,19.375,19.6200008392334,18.80500030517578,19.360000610351562,717800,0.0,0.0
2023-05-04 00:00:00-04:00,19.350000381469727,19.350000381469727,18.5,19.0,456700,0.0,0.0
2023-05-05 00:00:00-04:00,19.079999923706055,19.450000762939453,18.854999542236328,19.06999969482422,874200,0.0,0.0
2023-05-08 00:00:00-04:00,19.34000015258789,19.927000045776367,18.959999084472656,19.420000076293945,567100,0.0,0.0
2023-05-09 00:00:00-04:00,19.270000457763672,22.375,19.010000228881836,22.260000228881836,1229900,0.0,0.0
2023-05-10 00:00:00-04:00,22.6200008392334,22.850000381469727,22.007999420166016,22.440000534057617,760100,0.0,0.0
2023-05-11 00:00:00-04:00,22.290000915527344,22.299999237060547,20.985000610351562,21.440000534057617,762800,0.0,0.0
2023-05-12 00:00:00-04:00,21.559999465942383,21.559999465942383,20.68000030517578,21.399999618530273,551300,0.0,0.0
2023-05-15 00:00:00-04:00,21.510000228881836,22.3700008392334,21.40999984741211,21.649999618530273,385200,0.0,0.0
2023-05-16 00:00:00-04:00,21.559999465942383,21.81999969482422,20.889999389648438,21.360000610351562,566800,0.0,0.0
2023-05-17 00:00:00-04:00,21.360000610351562,21.559999465942383,20.90999984741211,21.15999984741211,704800,0.0,0.0
2023-05-18 00:00:00-04:00,21.18000030517578,21.399999618530273,20.844999313354492,21.190000534057617,646600,0.0,0.0
2023-05-19 00:00:00-04:00,21.5,22.047000885009766,21.219999313354492,21.770000457763672,591500,0.0,0.0
2023-05-22 00:00:00-04:00,21.8700008392334,23.079999923706055,21.69499969482422,22.25,739400,0.0,0.0
2023-05-23 00:00:00-04:00,22.280000686645508,22.5,21.770000457763672,21.899999618530273,441200,0.0,0.0
2023-05-24 00:00:00-04:00,23.0,23.0,21.600000381469727,22.610000610351562,951900,0.0,0.0
2023-05-25 00:00:00-04:00,22.510000228881836,22.510000228881836,21.56999969482422,21.6299991607666,376500,0.0,0.0
2023-05-26 00:00:00-04:00,21.649999618530273,22.405000686645508,21.540000915527344,22.219999313354492,296700,0.0,0.0
2023-05-30 00:00:00-04:00,22.219999313354492,22.75,21.829999923706055,21.860000610351562,465900,0.0,0.0
2023-05-31 00:00:00-04:00,21.90999984741211,23.014999389648438,21.90999984741211,22.84000015258789,899100,0.0,0.0
2023-06-01 00:00:00-04:00,22.75,23.969999313354492,22.6299991607666,23.920000076293945,702200,0.0,0.0
2023-06-02 00:00:00-04:00,24.139999389648438,24.889999389648438,23.56999969482422,24.8700008392334,472600,0.0,0.0
2023-06-05 00:00:00-04:00,24.709999084472656,24.959999084472656,24.34000015258789,24.389999389648438,402400,0.0,0.0
2023-06-06 00:00:00-04:00,24.360000610351562,24.579999923706055,24.0,24.450000762939453,419400,0.0,0.0
2023-06-07 00:00:00-04:00,24.639999389648438,25.600000381469727,24.020000457763672,25.399999618530273,538600,0.0,0.0
2023-06-08 00:00:00-04:00,25.270000457763672,25.68000030517578,25.0,25.530000686645508,327400,0.0,0.0
2023-06-09 00:00:00-04:00,25.549999237060547,25.7549991607666,25.075000762939453,25.479999542236328,241200,0.0,0.0
2023-06-12 00:00:00-04:00,25.600000381469727,26.350000381469727,25.09000015258789,25.190000534057617,311800,0.0,0.0
2023-06-13 00:00:00-04:00,25.190000534057617,25.780000686645508,25.0,25.15999984741211,330200,0.0,0.0
2023-06-14 00:00:00-04:00,25.049999237060547,25.260000228881836,24.309999465942383,24.84000015258789,288200,0.0,0.0
2023-06-15 00:00:00-04:00,24.739999771118164,25.1299991607666,24.549999237060547,24.940000534057617,401300,0.0,0.0
2023-06-16 00:00:00-04:00,25.200000762939453,25.40999984741211,23.799999237060547,24.06999969482422,1376400,0.0,0.0
2023-06-20 00:00:00-04:00,23.959999084472656,25.3799991607666,23.719999313354492,24.8799991607666,1098800,0.0,0.0
2023-06-21 00:00:00-04:00,24.719999313354492,25.549999237060547,24.459999084472656,25.309999465942383,576900,0.0,0.0
2023-06-22 00:00:00-04:00,25.229999542236328,25.399999618530273,24.540000915527344,25.190000534057617,444200,0.0,0.0
2023-06-23 00:00:00-04:00,24.920000076293945,25.08799934387207,24.0,24.479999542236328,2872900,0.0,0.0
2023-06-26 00:00:00-04:00,24.399999618530273,24.670000076293945,23.56599998474121,23.75,430800,0.0,0.0
2023-06-27 00:00:00-04:00,23.43000030517578,23.96500015258789,23.15999984741211,23.219999313354492,412900,0.0,0.0
2023-06-28 00:00:00-04:00,23.190000534057617,23.565000534057617,23.079999923706055,23.5,532600,0.0,0.0
2023-06-29 00:00:00-04:00,23.5,23.924999237060547,23.209999084472656,23.229999542236328,425700,0.0,0.0
2023-06-30 00:00:00-04:00,23.5,23.75,23.100000381469727,23.5,738100,0.0,0.0
2023-07-03 00:00:00-04:00,23.459999084472656,23.649999618530273,22.774999618530273,22.8700008392334,261300,0.0,0.0
2023-07-05 00:00:00-04:00,22.90999984741211,23.1200008392334,22.579999923706055,22.780000686645508,538000,0.0,0.0
2023-07-06 00:00:00-04:00,22.6200008392334,22.81999969482422,22.239999771118164,22.520000457763672,292800,0.0,0.0
2023-07-07 00:00:00-04:00,22.540000915527344,22.920000076293945,22.351999282836914,22.799999237060547,309700,0.0,0.0
2023-07-10 00:00:00-04:00,22.790000915527344,23.28499984741211,22.610000610351562,22.850000381469727,358100,0.0,0.0
2023-07-11 00:00:00-04:00,22.780000686645508,22.799999237060547,22.05500030517578,22.549999237060547,202900,0.0,0.0
2023-07-12 00:00:00-04:00,22.829999923706055,22.8799991607666,22.47800064086914,22.6299991607666,270700,0.0,0.0
2023-07-13 00:00:00-04:00,22.639999389648438,23.040000915527344,22.481000900268555,22.739999771118164,176500,0.0,0.0
2023-07-14 00:00:00-04:00,22.739999771118164,22.850000381469727,22.312000274658203,22.670000076293945,175400,0.0,0.0
2023-07-17 00:00:00-04:00,22.690000534057617,23.280000686645508,22.610000610351562,22.6200008392334,217100,0.0,0.0
2023-07-18 00:00:00-04:00,22.700000762939453,23.040000915527344,22.253000259399414,22.639999389648438,533700,0.0,0.0
2023-07-19 00:00:00-04:00,22.639999389648438,22.979999542236328,21.600000381469727,21.670000076293945,292900,0.0,0.0
2023-07-20 00:00:00-04:00,21.649999618530273,22.59000015258789,21.649999618530273,21.8799991607666,335900,0.0,0.0
2023-07-21 00:00:00-04:00,22.020000457763672,22.174999237060547,21.579999923706055,21.6200008392334,254000,0.0,0.0
2023-07-24 00:00:00-04:00,21.649999618530273,21.850000381469727,21.190000534057617,21.739999771118164,338800,0.0,0.0
2023-07-25 00:00:00-04:00,21.68000030517578,22.5,21.610000610351562,21.889999389648438,392800,0.0,0.0
2023-07-26 00:00:00-04:00,21.84000015258789,21.8799991607666,21.309999465942383,21.510000228881836,367400,0.0,0.0
2023-07-27 00:00:00-04:00,21.649999618530273,21.860000610351562,20.899999618530273,21.06999969482422,336900,0.0,0.0
2023-07-28 00:00:00-04:00,21.200000762939453,21.920000076293945,21.1200008392334,21.65999984741211,335000,0.0,0.0
2023-07-31 00:00:00-04:00,21.65999984741211,22.469999313354492,21.65999984741211,22.360000610351562,470900,0.0,0.0
2023-08-01 00:00:00-04:00,22.329999923706055,22.639999389648438,22.229999542236328,22.40999984741211,428500,0.0,0.0
2023-08-02 00:00:00-04:00,22.290000915527344,22.299999237060547,21.219999313354492,21.8700008392334,450400,0.0,0.0
2023-08-03 00:00:00-04:00,21.8700008392334,22.365999221801758,21.700000762939453,21.770000457763672,338200,0.0,0.0
2023-08-04 00:00:00-04:00,21.799999237060547,22.25,21.65999984741211,21.969999313354492,367600,0.0,0.0
2023-08-07 00:00:00-04:00,22.010000228881836,22.049999237060547,21.239999771118164,21.530000686645508,452700,0.0,0.0
2023-08-08 00:00:00-04:00,21.979999542236328,22.530000686645508,21.486000061035156,21.639999389648438,658500,0.0,0.0
2023-08-09 00:00:00-04:00,21.760000228881836,25.850000381469727,21.760000228881836,24.809999465942383,1387800,0.0,0.0
2023-08-10 00:00:00-04:00,24.6299991607666,25.59000015258789,24.239999771118164,25.5,759100,0.0,0.0
2023-08-11 00:00:00-04:00,25.850000381469727,26.329999923706055,25.045000076293945,25.110000610351562,374200,0.0,0.0
2023-08-14 00:00:00-04:00,25.030000686645508,25.030000686645508,24.09000015258789,24.760000228881836,629800,0.0,0.0
2023-08-15 00:00:00-04:00,25.010000228881836,25.719999313354492,24.25,25.6200008392334,382400,0.0,0.0
2023-08-16 00:00:00-04:00,25.729999542236328,26.5,25.020000457763672,25.270000457763672,520700,0.0,0.0
2023-08-17 00:00:00-04:00,25.260000228881836,25.559999465942383,24.450000762939453,24.860000610351562,434000,0.0,0.0
2023-08-18 00:00:00-04:00,24.6200008392334,26.415000915527344,24.579999923706055,26.309999465942383,772200,0.0,0.0
2023-08-21 00:00:00-04:00,26.31999969482422,27.360000610351562,25.90999984741211,26.920000076293945,1120300,0.0,0.0
2023-08-22 00:00:00-04:00,26.90999984741211,28.0,26.670000076293945,27.950000762939453,335500,0.0,0.0
2023-08-23 00:00:00-04:00,28.030000686645508,28.575000762939453,27.600000381469727,28.110000610351562,500500,0.0,0.0
2023-08-24 00:00:00-04:00,27.899999618530273,28.399999618530273,27.56999969482422,28.06999969482422,344200,0.0,0.0
2023-08-25 00:00:00-04:00,28.350000381469727,28.639999389648438,27.979999542236328,28.290000915527344,343400,0.0,0.0
2023-08-28 00:00:00-04:00,28.309999465942383,28.739999771118164,28.270000457763672,28.309999465942383,394500,0.0,0.0
2023-08-29 00:00:00-04:00,28.229999542236328,29.065000534057617,28.104999542236328,28.450000762939453,652700,0.0,0.0
2023-08-30 00:00:00-04:00,28.440000534057617,29.309999465942383,28.15999984741211,29.110000610351562,343200,0.0,0.0
2023-08-31 00:00:00-04:00,29.110000610351562,29.90999984741211,28.545000076293945,29.360000610351562,574100,0.0,0.0
2023-09-01 00:00:00-04:00,29.5,30.1200008392334,29.165000915527344,29.770000457763672,485300,0.0,0.0
2023-09-05 00:00:00-04:00,29.84000015258789,30.25,28.770000457763672,28.809999465942383,634400,0.0,0.0
2023-09-06 00:00:00-04:00,29.229999542236328,29.229999542236328,27.93000030517578,28.309999465942383,552900,0.0,0.0
2023-09-07 00:00:00-04:00,28.360000610351562,28.510000228881836,28.030000686645508,28.049999237060547,578600,0.0,0.0
2023-09-08 00:00:00-04:00,28.06999969482422,28.850000381469727,27.84000015258789,28.010000228881836,292200,0.0,0.0
2023-09-11 00:00:00-04:00,28.030000686645508,28.969999313354492,27.829999923706055,28.950000762939453,407200,0.0,0.0
2023-09-12 00:00:00-04:00,29.600000381469727,30.010000228881836,28.959999084472656,29.3700008392334,597800,0.0,0.0
2023-09-13 00:00:00-04:00,29.3799991607666,29.579999923706055,29.049999237060547,29.18000030517578,474000,0.0,0.0
2023-09-14 00:00:00-04:00,29.219999313354492,29.950000762939453,28.875,29.489999771118164,509300,0.0,0.0
2023-09-15 00:00:00-04:00,29.649999618530273,29.84000015258789,28.90999984741211,29.170000076293945,1694500,0.0,0.0
2023-09-18 00:00:00-04:00,28.950000762939453,29.229999542236328,28.290000915527344,28.84000015258789,456500,0.0,0.0
2023-09-19 00:00:00-04:00,28.959999084472656,29.5,28.860000610351562,29.280000686645508,314200,0.0,0.0
2023-09-20 00:00:00-04:00,29.299999237060547,29.31999969482422,27.959999084472656,27.959999084472656,488200,0.0,0.0
2023-09-21 00:00:00-04:00,27.729999542236328,28.440000534057617,27.5,28.190000534057617,369000,0.0,0.0
2023-09-22 00:00:00-04:00,28.209999084472656,28.28499984741211,27.469999313354492,27.6299991607666,315300,0.0,0.0
2023-09-25 00:00:00-04:00,27.6200008392334,27.6299991607666,27.020000457763672,27.190000534057617,334700,0.0,0.0
2023-09-26 00:00:00-04:00,26.280000686645508,27.510000228881836,26.18000030517578,26.420000076293945,687100,0.0,0.0
2023-09-27 00:00:00-04:00,26.65999984741211,27.059999465942383,26.010000228881836,26.3700008392334,471000,0.0,0.0
2023-09-28 00:00:00-04:00,26.399999618530273,26.639999389648438,25.53499984741211,26.59000015258789,477900,0.0,0.0
2023-09-29 00:00:00-04:00,26.760000228881836,27.184999465942383,26.440000534057617,26.979999542236328,502300,0.0,0.0
2023-10-02 00:00:00-04:00,26.93000030517578,27.239999771118164,25.670000076293945,25.829999923706055,454300,0.0,0.0
2023-10-03 00:00:00-04:00,25.690000534057617,25.920000076293945,25.229999542236328,25.520000457763672,348900,0.0,0.0
2023-10-04 00:00:00-04:00,25.40999984741211,25.950000762939453,24.989999771118164,25.479999542236328,385600,0.0,0.0
2023-10-05 00:00:00-04:00,25.510000228881836,27.219999313354492,25.479999542236328,26.469999313354492,968700,0.0,0.0
2023-10-06 00:00:00-04:00,26.190000534057617,27.239999771118164,25.829999923706055,26.670000076293945,690200,0.0,0.0
2023-10-09 00:00:00-04:00,26.780000686645508,27.010000228881836,26.06999969482422,26.75,457900,0.0,0.0
2023-10-10 00:00:00-04:00,26.75,26.97599983215332,26.549999237060547,26.920000076293945,295000,0.0,0.0
2023-10-11 00:00:00-04:00,26.969999313354492,27.799999237060547,26.969999313354492,27.440000534057617,403500,0.0,0.0
2023-10-12 00:00:00-04:00,27.489999771118164,27.5,26.780000686645508,27.299999237060547,601800,0.0,0.0
2023-10-13 00:00:00-04:00,27.530000686645508,27.565000534057617,24.5,24.989999771118164,1777500,0.0,0.0
2023-10-16 00:00:00-04:00,24.829999923706055,25.690000534057617,24.229999542236328,24.59000015258789,751200,0.0,0.0
2023-10-17 00:00:00-04:00,24.420000076293945,26.940000534057617,24.420000076293945,26.459999084472656,1340500,0.0,0.0
2023-10-18 00:00:00-04:00,26.329999923706055,26.864999771118164,26.09000015258789,26.719999313354492,615800,0.0,0.0
2023-10-19 00:00:00-04:00,26.59000015258789,26.59000015258789,25.566999435424805,25.93000030517578,667600,0.0,0.0
2023-10-20 00:00:00-04:00,26.110000610351562,27.309999465942383,24.93000030517578,25.290000915527344,1061400,0.0,0.0
2023-10-23 00:00:00-04:00,25.520000457763672,27.040000915527344,25.143999099731445,26.690000534057617,902400,0.0,0.0
2023-10-24 00:00:00-04:00,27.649999618530273,27.709999084472656,26.81800079345703,27.25,343700,0.0,0.0
2023-10-25 00:00:00-04:00,24.950000762939453,26.479999542236328,23.40999984741211,26.049999237060547,4309700,0.0,0.0
2023-10-26 00:00:00-04:00,26.059999465942383,27.670000076293945,25.389999389648438,27.059999465942383,1212300,0.0,0.0
2023-10-27 00:00:00-04:00,27.190000534057617,27.190000534057617,25.489999771118164,25.56999969482422,1013100,0.0,0.0
2023-10-30 00:00:00-04:00,25.389999389648438,26.329999923706055,25.219999313354492,25.760000228881836,848400,0.0,0.0
2023-10-31 00:00:00-04:00,25.610000610351562,27.709999084472656,25.540000915527344,27.170000076293945,1345600,0.0,0.0
2023-11-01 00:00:00-04:00,27.110000610351562,29.219999313354492,26.81999969482422,28.889999389648438,883300,0.0,0.0
2023-11-02 00:00:00-04:00,29.149999618530273,29.90999984741211,29.100000381469727,29.670000076293945,635700,0.0,0.0
2023-11-03 00:00:00-04:00,30.149999618530273,30.329999923706055,28.579999923706055,28.959999084472656,1123900,0.0,0.0
2023-11-06 00:00:00-05:00,28.8700008392334,29.68000030517578,28.709999084472656,28.93000030517578,543300,0.0,0.0
2023-11-07 00:00:00-05:00,28.950000762939453,29.520000457763672,28.670000076293945,29.260000228881836,1032200,0.0,0.0
2023-11-08 00:00:00-05:00,29.420000076293945,31.030000686645508,29.260000228881836,30.920000076293945,1463400,0.0,0.0
2023-11-09 00:00:00-05:00,30.93000030517578,31.229999542236328,29.06999969482422,29.3799991607666,465900,0.0,0.0
2023-11-10 00:00:00-05:00,30.0,30.0,28.690000534057617,29.389999389648438,572100,0.0,0.0
2023-11-13 00:00:00-05:00,29.299999237060547,29.5,28.3700008392334,29.200000762939453,576900,0.0,0.0
2023-11-14 00:00:00-05:00,30.100000381469727,30.166000366210938,28.940000534057617,29.799999237060547,951900,0.0,0.0
2023-11-15 00:00:00-05:00,29.760000228881836,30.270000457763672,29.309999465942383,29.65999984741211,931500,0.0,0.0
2023-11-16 00:00:00-05:00,29.260000228881836,30.010000228881836,29.170000076293945,29.940000534057617,1149900,0.0,0.0
2023-11-17 00:00:00-05:00,30.239999771118164,30.777999877929688,29.770000457763672,30.3700008392334,1182200,0.0,0.0
2023-11-20 00:00:00-05:00,30.450000762939453,31.18000030517578,30.229999542236328,30.81999969482422,703000,0.0,0.0
2023-11-21 00:00:00-05:00,30.59000015258789,31.389999389648438,30.110000610351562,30.5,573000,0.0,0.0
2023-11-22 00:00:00-05:00,30.950000762939453,31.739999771118164,30.040000915527344,31.600000381469727,498400,0.0,0.0
2023-11-24 00:00:00-05:00,31.270000457763672,32.33000183105469,30.649999618530273,32.0,235700,0.0,0.0
2023-11-27 00:00:00-05:00,31.649999618530273,31.989999771118164,31.219999313354492,31.670000076293945,565400,0.0,0.0
2023-11-28 00:00:00-05:00,32.060001373291016,32.369998931884766,30.3700008392334,30.8700008392334,651300,0.0,0.0
2023-11-29 00:00:00-05:00,30.739999771118164,31.700000762939453,30.739999771118164,31.170000076293945,543400,0.0,0.0
2023-11-30 00:00:00-05:00,32.04999923706055,33.2400016784668,31.270000457763672,31.450000762939453,1504400,0.0,0.0
2023-12-01 00:00:00-05:00,31.350000381469727,32.369998931884766,31.020000457763672,31.6299991607666,730700,0.0,0.0
2023-12-04 00:00:00-05:00,31.600000381469727,32.70000076293945,31.15999984741211,32.40999984741211,957300,0.0,0.0
2023-12-05 00:00:00-05:00,32.349998474121094,32.7599983215332,31.34000015258789,31.43000030517578,790000,0.0,0.0
2023-12-06 00:00:00-05:00,31.350000381469727,31.6200008392334,30.540000915527344,30.59000015258789,572500,0.0,0.0
2023-12-07 00:00:00-05:00,30.670000076293945,31.600000381469727,30.1200008392334,31.260000228881836,797000,0.0,0.0
2023-12-08 00:00:00-05:00,31.389999389648438,32.130001068115234,30.809999465942383,30.889999389648438,895700,0.0,0.0
2023-12-11 00:00:00-05:00,31.219999313354492,31.6200008392334,30.399999618530273,31.5,1105400,0.0,0.0
2023-12-12 00:00:00-05:00,31.200000762939453,32.4900016784668,31.0,32.439998626708984,780800,0.0,0.0
2023-12-13 00:00:00-05:00,32.650001525878906,33.15999984741211,31.940000534057617,32.79999923706055,1333100,0.0,0.0
2023-12-14 00:00:00-05:00,33.060001373291016,34.2400016784668,32.560001373291016,34.220001220703125,1366500,0.0,0.0
2023-12-15 00:00:00-05:00,34.52000045776367,35.21500015258789,34.1349983215332,35.06999969482422,3723200,0.0,0.0
2023-12-18 00:00:00-05:00,34.849998474121094,35.345001220703125,34.15999984741211,35.08000183105469,1537400,0.0,0.0
2023-12-19 00:00:00-05:00,35.220001220703125,35.529998779296875,34.31999969482422,34.40999984741211,1019800,0.0,0.0
2023-12-20 00:00:00-05:00,34.560001373291016,34.779998779296875,33.34000015258789,33.54999923706055,791000,0.0,0.0
2023-12-21 00:00:00-05:00,33.91999816894531,34.29999923706055,33.709999084472656,33.90999984741211,536500,0.0,0.0
2023-12-22 00:00:00-05:00,33.790000915527344,34.97999954223633,33.790000915527344,34.65999984741211,686600,0.0,0.0
2023-12-26 00:00:00-05:00,35.060001373291016,35.70000076293945,35.060001373291016,35.45000076293945,431600,0.0,0.0
2023-12-27 00:00:00-05:00,35.25,35.90999984741211,34.900001525878906,35.34000015258789,714800,0.0,0.0
2023-12-28 00:00:00-05:00,35.08000183105469,36.0,35.08000183105469,35.83000183105469,552600,0.0,0.0
2023-12-29 00:00:00-05:00,35.880001068115234,36.5099983215332,35.540000915527344,35.58000183105469,759100,0.0,0.0
2024-01-02 00:00:00-05:00,35.22999954223633,36.290000915527344,34.724998474121094,35.220001220703125,559700,0.0,0.0
2024-01-03 00:00:00-05:00,35.279998779296875,35.279998779296875,34.0099983215332,34.20000076293945,667400,0.0,0.0
2024-01-04 00:00:00-05:00,34.38999938964844,35.33000183105469,33.90999984741211,34.61000061035156,705300,0.0,0.0
2024-01-05 00:00:00-05:00,34.16999816894531,34.41999816894531,33.459999084472656,34.29999923706055,381800,0.0,0.0
2024-01-08 00:00:00-05:00,34.16999816894531,36.68000030517578,34.11000061035156,36.58000183105469,883600,0.0,0.0
2024-01-09 00:00:00-05:00,36.16999816894531,36.66999816894531,35.349998474121094,35.88999938964844,948800,0.0,0.0
2024-01-10 00:00:00-05:00,35.939998626708984,36.959999084472656,35.5,36.900001525878906,2019300,0.0,0.0
2024-01-11 00:00:00-05:00,36.75,37.25,35.65999984741211,36.93000030517578,4714600,0.0,0.0
2024-01-12 00:00:00-05:00,37.36899948120117,40.13999938964844,36.959999084472656,39.7400016784668,2833800,0.0,0.0
2024-01-16 00:00:00-05:00,39.599998474121094,40.880001068115234,39.29999923706055,40.52000045776367,1301100,0.0,0.0
2024-01-17 00:00:00-05:00,40.79999923706055,41.34000015258789,40.040000915527344,40.849998474121094,853000,0.0,0.0
2024-01-18 00:00:00-05:00,40.90999984741211,41.630001068115234,40.209999084472656,41.5,747900,0.0,0.0
2024-01-19 00:00:00-05:00,41.779998779296875,41.790000915527344,40.185001373291016,41.029998779296875,688900,0.0,0.0
2024-01-22 00:00:00-05:00,41.029998779296875,42.79999923706055,40.529998779296875,42.470001220703125,3830700,0.0,0.0
2024-01-23 00:00:00-05:00,42.61000061035156,42.869998931884766,41.59000015258789,42.65999984741211,772300,0.0,0.0
2024-01-24 00:00:00-05:00,42.970001220703125,42.970001220703125,41.470001220703125,41.540000915527344,751800,0.0,0.0
2024-01-25 00:00:00-05:00,42.11000061035156,43.189998626708984,41.7599983215332,42.5,1105100,0.0,0.0
2024-01-26 00:00:00-05:00,42.709999084472656,42.720001220703125,41.86000061035156,42.189998626708984,601400,0.0,0.0
2024-01-29 00:00:00-05:00,42.189998626708984,44.27000045776367,42.06999969482422,44.220001220703125,653700,0.0,0.0
2024-01-30 00:00:00-05:00,44.18000030517578,44.18000030517578,42.29999923706055,43.27000045776367,569500,0.0,0.0
2024-01-31 00:00:00-05:00,43.11000061035156,44.27000045776367,42.959999084472656,43.529998779296875,560600,0.0,0.0
2024-02-01 00:00:00-05:00,43.65999984741211,45.0,43.48500061035156,44.529998779296875,906400,0.0,0.0
2024-02-02 00:00:00-05:00,43.900001525878906,44.95000076293945,43.31999969482422,44.33000183105469,659100,0.0,0.0
2024-02-05 00:00:00-05:00,43.900001525878906,44.130001068115234,42.82500076293945,43.59000015258789,956700,0.0,0.0
2024-02-06 00:00:00-05:00,43.38999938964844,43.709999084472656,42.68000030517578,43.18000030517578,1029400,0.0,0.0
2024-02-07 00:00:00-05:00,43.20000076293945,43.939998626708984,42.38999938964844,43.5099983215332,734500,0.0,0.0
2024-02-08 00:00:00-05:00,43.40999984741211,45.36000061035156,42.90999984741211,44.79999923706055,959900,0.0,0.0
2024-02-09 00:00:00-05:00,45.599998474121094,46.40999984741211,44.630001068115234,45.88999938964844,757800,0.0,0.0
2024-02-12 00:00:00-05:00,45.959999084472656,46.86000061035156,45.41999816894531,46.47999954223633,724400,0.0,0.0
2024-02-13 00:00:00-05:00,45.040000915527344,45.96500015258789,44.439998626708984,44.75,829800,0.0,0.0
2024-02-14 00:00:00-05:00,45.31999969482422,46.65999984741211,44.849998474121094,46.58000183105469,615200,0.0,0.0
2024-02-15 00:00:00-05:00,46.86000061035156,47.73500061035156,46.380001068115234,46.439998626708984,801300,0.0,0.0
2024-02-16 00:00:00-05:00,46.220001220703125,47.435001373291016,46.099998474121094,47.130001068115234,568000,0.0,0.0
2024-02-20 00:00:00-05:00,46.619998931884766,47.19499969482422,42.82400131225586,44.0099983215332,674500,0.0,0.0
2024-02-21 00:00:00-05:00,44.47999954223633,44.88999938964844,43.470001220703125,44.290000915527344,714200,0.0,0.0
2024-02-22 00:00:00-05:00,44.59000015258789,45.67499923706055,44.130001068115234,44.54999923706055,852700,0.0,0.0
2024-02-23 00:00:00-05:00,44.88999938964844,46.54999923706055,44.595001220703125,45.880001068115234,768300,0.0,0.0
2024-02-26 00:00:00-05:00,45.77000045776367,46.95000076293945,45.52000045776367,46.18000030517578,654200,0.0,0.0
2024-02-27 00:00:00-05:00,46.099998474121094,46.494998931884766,44.33000183105469,45.40999984741211,919300,0.0,0.0
2024-02-28 00:00:00-05:00,44.810001373291016,45.380001068115234,44.27000045776367,44.56999969482422,787800,0.0,0.0
2024-02-29 00:00:00-05:00,45.2599983215332,45.6349983215332,44.56999969482422,44.70000076293945,1150500,0.0,0.0
2024-03-01 00:00:00-05:00,44.75,46.970001220703125,44.75,46.220001220703125,742500,0.0,0.0
2024-03-04 00:00:00-05:00,46.459999084472656,47.369998931884766,45.970001220703125,46.77000045776367,552000,0.0,0.0
2024-03-05 00:00:00-05:00,46.470001220703125,46.939998626708984,44.65999984741211,44.83000183105469,516700,0.0,0.0
2024-03-06 00:00:00-05:00,45.560001373291016,47.720001220703125,45.290000915527344,46.36000061035156,534800,0.0,0.0
2024-03-07 00:00:00-05:00,46.59000015258789,46.9900016784668,45.18000030517578,45.22999954223633,814100,0.0,0.0
2024-03-08 00:00:00-05:00,46.27000045776367,47.439998626708984,45.0,45.560001373291016,508500,0.0,0.0
2024-03-11 00:00:00-04:00,45.4900016784668,45.65999984741211,43.439998626708984,43.58000183105469,677300,0.0,0.0
2024-03-12 00:00:00-04:00,43.58000183105469,46.073001861572266,43.0,44.7599983215332,597500,0.0,0.0
2024-03-13 00:00:00-04:00,44.779998779296875,45.77000045776367,44.380001068115234,45.709999084472656,535200,0.0,0.0
2024-03-14 00:00:00-04:00,45.310001373291016,45.92499923706055,43.959999084472656,44.79999923706055,832200,0.0,0.0
2024-03-15 00:00:00-04:00,44.4900016784668,45.40999984741211,43.84000015258789,44.29999923706055,2110500,0.0,0.0
2024-03-18 00:00:00-04:00,43.900001525878906,44.439998626708984,43.209999084472656,43.459999084472656,889000,0.0,0.0
2024-03-19 00:00:00-04:00,43.349998474121094,45.29999923706055,42.83000183105469,44.310001373291016,704700,0.0,0.0
2024-03-20 00:00:00-04:00,44.02000045776367,44.88999938964844,42.709999084472656,44.810001373291016,633600,0.0,0.0
2024-03-21 00:00:00-04:00,45.84000015258789,46.400001525878906,45.22999954223633,45.630001068115234,967400,0.0,0.0
2024-03-22 00:00:00-04:00,45.31999969482422,45.31999969482422,42.9900016784668,43.029998779296875,583000,0.0,0.0
2024-03-25 00:00:00-04:00,42.779998779296875,43.685001373291016,42.21500015258789,42.310001373291016,670400,0.0,0.0
2024-03-26 00:00:00-04:00,42.790000915527344,43.22999954223633,42.130001068115234,42.5099983215332,695700,0.0,0.0
2024-03-27 00:00:00-04:00,42.900001525878906,43.54999923706055,42.540000915527344,43.310001373291016,634600,0.0,0.0
2024-03-28 00:00:00-04:00,43.529998779296875,44.16999816894531,42.84000015258789,43.880001068115234,729100,0.0,0.0
2024-04-01 00:00:00-04:00,43.84000015258789,44.25,42.369998931884766,42.52000045776367,636500,0.0,0.0
2024-04-02 00:00:00-04:00,42.0,42.71500015258789,41.349998474121094,41.5,661600,0.0,0.0
2024-04-03 00:00:00-04:00,40.970001220703125,42.15999984741211,40.77000045776367,42.150001525878906,482800,0.0,0.0
2024-04-04 00:00:00-04:00,42.43000030517578,43.029998779296875,41.209999084472656,41.400001525878906,396600,0.0,0.0
2024-04-05 00:00:00-04:00,41.369998931884766,42.650001525878906,40.70000076293945,42.5099983215332,386100,0.0,0.0
2024-04-08 00:00:00-04:00,43.02000045776367,43.029998779296875,41.43000030517578,41.9900016784668,477600,0.0,0.0
2024-04-09 00:00:00-04:00,42.11000061035156,42.709999084472656,41.70000076293945,42.56999969482422,579400,0.0,0.0
2024-04-10 00:00:00-04:00,41.34000015258789,42.415000915527344,41.09000015258789,42.29999923706055,532600,0.0,0.0
2024-04-11 00:00:00-04:00,42.66999816894531,43.599998474121094,42.20000076293945,43.459999084472656,533800,0.0,0.0
2024-04-12 00:00:00-04:00,43.29999923706055,43.834999084472656,41.290000915527344,41.970001220703125,400700,0.0,0.0
2024-04-15 00:00:00-04:00,41.91999816894531,42.68000030517578,40.970001220703125,41.5099983215332,339900,0.0,0.0
2024-04-16 00:00:00-04:00,41.36000061035156,42.05099868774414,40.810001373291016,41.16999816894531,404900,0.0,0.0
2024-04-17 00:00:00-04:00,41.400001525878906,41.44499969482422,39.810001373291016,40.16999816894531,496400,0.0,0.0
2024-04-18 00:00:00-04:00,39.970001220703125,40.16999816894531,37.5099983215332,37.619998931884766,845300,0.0,0.0
2024-04-19 00:00:00-04:00,37.380001068115234,38.29999923706055,36.58000183105469,37.130001068115234,726200,0.0,0.0
2024-04-22 00:00:00-04:00,37.61000061035156,38.52299880981445,36.849998474121094,37.59000015258789,784200,0.0,0.0
2024-04-23 00:00:00-04:00,38.0,39.529998779296875,38.0,39.02000045776367,486200,0.0,0.0
2024-04-24 00:00:00-04:00,39.130001068115234,40.310001373291016,38.959999084472656,39.849998474121094,1369700,0.0,0.0
2024-04-25 00:00:00-04:00,39.060001373291016,39.93000030517578,37.810001373291016,38.619998931884766,734700,0.0,0.0
2024-04-26 00:00:00-04:00,38.900001525878906,40.36000061035156,38.11000061035156,39.939998626708984,619400,0.0,0.0
2024-04-29 00:00:00-04:00,39.97999954223633,41.380001068115234,39.97999954223633,40.650001525878906,636200,0.0,0.0
2024-04-30 00:00:00-04:00,40.470001220703125,41.22999954223633,39.974998474121094,40.650001525878906,724400,0.0,0.0
2024-05-01 00:00:00-04:00,40.810001373291016,42.44499969482422,40.459999084472656,41.18000030517578,1134500,0.0,0.0
2024-05-02 00:00:00-04:00,41.86000061035156,42.130001068115234,40.90999984741211,41.4900016784668,473000,0.0,0.0
2024-05-03 00:00:00-04:00,42.27000045776367,43.0,42.0,42.18000030517578,356000,0.0,0.0
2024-05-06 00:00:00-04:00,42.31999969482422,43.290000915527344,41.775001525878906,43.09000015258789,435300,0.0,0.0
2024-05-07 00:00:00-04:00,42.45000076293945,43.810001373291016,41.70000076293945,42.75,933300,0.0,0.0
2024-05-08 00:00:00-04:00,41.810001373291016,42.369998931884766,40.56999969482422,41.40999984741211,550900,0.0,0.0
2024-05-09 00:00:00-04:00,41.40999984741211,41.52000045776367,40.470001220703125,40.63999938964844,406400,0.0,0.0
2024-05-10 00:00:00-04:00,40.650001525878906,41.22999954223633,40.0,41.16999816894531,446800,0.0,0.0
2024-05-13 00:00:00-04:00,41.45000076293945,41.61000061035156,40.88999938964844,41.06999969482422,452200,0.0,0.0
2024-05-14 00:00:00-04:00,41.36000061035156,41.94499969482422,40.7599983215332,41.79999923706055,373300,0.0,0.0
2024-05-15 00:00:00-04:00,42.47999954223633,44.150001525878906,42.08000183105469,42.439998626708984,762100,0.0,0.0
2024-05-16 00:00:00-04:00,42.439998626708984,42.81999969482422,41.209999084472656,41.529998779296875,532200,0.0,0.0
2024-05-17 00:00:00-04:00,40.88999938964844,41.25,40.02000045776367,40.5,761300,0.0,0.0
2024-05-20 00:00:00-04:00,40.66999816894531,41.28499984741211,40.30099868774414,40.31999969482422,596600,0.0,0.0
2024-05-21 00:00:00-04:00,40.279998779296875,42.20000076293945,39.900001525878906,41.0,1505800,0.0,0.0
2024-05-22 00:00:00-04:00,40.77000045776367,41.78499984741211,39.9900016784668,41.380001068115234,1284200,0.0,0.0
2024-05-23 00:00:00-04:00,41.58000183105469,41.58000183105469,38.22999954223633,38.45000076293945,1002900,0.0,0.0
2024-05-24 00:00:00-04:00,38.70000076293945,40.400001525878906,37.439998626708984,37.709999084472656,2126900,0.0,0.0
2024-05-28 00:00:00-04:00,36.84000015258789,38.349998474121094,35.95000076293945,37.529998779296875,1530900,0.0,0.0
2024-05-29 00:00:00-04:00,37.0,37.22999954223633,35.56999969482422,35.90999984741211,1151100,0.0,0.0
2024-05-30 00:00:00-04:00,36.31999969482422,36.47999954223633,35.58000183105469,35.790000915527344,903100,0.0,0.0
2024-05-31 00:00:00-04:00,35.939998626708984,37.41400146484375,35.869998931884766,36.54999923706055,973600,0.0,0.0
2024-06-03 00:00:00-04:00,37.52000045776367,40.08000183105469,36.77000045776367,38.88999938964844,1153900,0.0,0.0
2024-06-04 00:00:00-04:00,39.470001220703125,40.095001220703125,38.470001220703125,38.61000061035156,1040100,0.0,0.0
2024-06-05 00:00:00-04:00,39.16999816894531,39.91999816894531,38.66999816894531,39.65999984741211,878200,0.0,0.0
2024-06-06 00:00:00-04:00,39.66999816894531,39.970001220703125,38.755001068115234,39.630001068115234,497700,0.0,0.0
2024-06-07 00:00:00-04:00,39.38999938964844,39.435001373291016,37.38999938964844,38.0099983215332,825900,0.0,0.0
2024-06-10 00:00:00-04:00,37.61000061035156,38.7400016784668,37.27000045776367,38.33000183105469,914600,0.0,0.0
2024-06-11 00:00:00-04:00,37.81999969482422,38.345001220703125,36.849998474121094,37.58000183105469,606700,0.0,0.0
2024-06-12 00:00:00-04:00,39.880001068115234,40.369998931884766,38.7599983215332,39.40999984741211,769200,0.0,0.0
2024-06-13 00:00:00-04:00,39.40999984741211,40.650001525878906,38.880001068115234,38.93000030517578,755800,0.0,0.0
2024-06-14 00:00:00-04:00,38.40999984741211,38.86000061035156,37.81999969482422,38.11000061035156,524900,0.0,0.0
2024-06-17 00:00:00-04:00,38.040000915527344,38.4900016784668,37.459999084472656,37.560001373291016,653800,0.0,0.0
2024-06-18 00:00:00-04:00,37.5099983215332,37.75,37.119998931884766,37.27000045776367,758600,0.0,0.0
2024-06-20 00:00:00-04:00,37.279998779296875,37.334999084472656,36.0099983215332,36.27000045776367,973300,0.0,0.0
2024-06-21 00:00:00-04:00,36.56999969482422,37.025001525878906,36.040000915527344,36.9900016784668,1940200,0.0,0.0
2024-06-24 00:00:00-04:00,37.255001068115234,37.52000045776367,36.6150016784668,37.0,663700,0.0,0.0
2024-06-25 00:00:00-04:00,36.83000183105469,37.66999816894531,36.0099983215332,36.119998931884766,668000,0.0,0.0
2024-06-26 00:00:00-04:00,36.0,36.0,34.7599983215332,34.880001068115234,844800,0.0,0.0
2024-06-27 00:00:00-04:00,34.5,35.09000015258789,34.189998626708984,34.369998931884766,862500,0.0,0.0
2024-06-28 00:00:00-04:00,34.630001068115234,35.15999984741211,34.150001525878906,35.11000061035156,3383800,0.0,0.0
2024-07-01 00:00:00-04:00,34.95000076293945,36.02000045776367,34.63999938964844,35.91999816894531,593700,0.0,0.0
2024-07-02 00:00:00-04:00,35.79999923706055,36.040000915527344,33.380001068115234,33.720001220703125,858600,0.0,0.0
2024-07-03 00:00:00-04:00,33.93000030517578,33.939998626708984,33.130001068115234,33.290000915527344,278300,0.0,0.0
2024-07-05 00:00:00-04:00,33.18000030517578,34.54999923706055,32.83100128173828,34.2599983215332,534000,0.0,0.0
2024-07-08 00:00:00-04:00,39.279998779296875,41.33000183105469,35.58000183105469,39.5099983215332,5176800,0.0,0.0
2024-07-09 00:00:00-04:00,39.93000030517578,41.279998779296875,38.54999923706055,38.619998931884766,940600,0.0,0.0
2024-07-10 00:00:00-04:00,36.75,37.61000061035156,36.0,37.31999969482422,3791700,0.0,0.0
2024-07-11 00:00:00-04:00,38.68000030517578,41.0099983215332,38.06999969482422,39.619998931884766,1967900,0.0,0.0
2024-07-12 00:00:00-04:00,40.29999923706055,41.189998626708984,39.529998779296875,40.0,2188600,0.0,0.0
2024-07-15 00:00:00-04:00,40.529998779296875,41.40999984741211,39.95000076293945,41.349998474121094,1041900,0.0,0.0
2024-07-16 00:00:00-04:00,41.900001525878906,43.810001373291016,41.43000030517578,42.650001525878906,1065700,0.0,0.0
2024-07-17 00:00:00-04:00,42.25,42.720001220703125,40.209999084472656,40.709999084472656,861600,0.0,0.0
2024-07-18 00:00:00-04:00,40.529998779296875,41.869998931884766,40.28300094604492,41.11000061035156,922400,0.0,0.0
2024-07-19 00:00:00-04:00,41.38999938964844,42.22999954223633,40.77000045776367,40.88999938964844,400900,0.0,0.0
2024-07-22 00:00:00-04:00,41.099998474121094,42.83000183105469,40.60200119018555,42.7400016784668,523800,0.0,0.0
2024-07-23 00:00:00-04:00,42.70000076293945,43.630001068115234,42.185001373291016,42.89500045776367,848900,0.0,0.0
2024-07-24 00:00:00-04:00,42.150001525878906,43.959999084472656,42.150001525878906,42.209999084472656,894200,0.0,0.0
2024-07-25 00:00:00-04:00,42.58000183105469,43.18000030517578,42.029998779296875,42.290000915527344,758400,0.0,0.0
2024-07-26 00:00:00-04:00,43.150001525878906,44.11000061035156,42.29999923706055,42.38999938964844,609000,0.0,0.0
2024-07-29 00:00:00-04:00,42.720001220703125,43.404998779296875,41.81999969482422,42.25,611000,0.0,0.0
2024-07-30 00:00:00-04:00,42.470001220703125,43.220001220703125,42.0099983215332,42.25,559000,0.0,0.0
2024-07-31 00:00:00-04:00,42.45000076293945,44.41999816894531,41.608001708984375,43.04999923706055,1064400,0.0,0.0
2024-08-01 00:00:00-04:00,43.11000061035156,44.040000915527344,42.33000183105469,42.459999084472656,621000,0.0,0.0
2024-08-02 00:00:00-04:00,40.59000015258789,41.084999084472656,38.810001373291016,40.09000015258789,777200,0.0,0.0
2024-08-05 00:00:00-04:00,37.2400016784668,38.56999969482422,36.334999084472656,36.9900016784668,873800,0.0,0.0
2024-08-06 00:00:00-04:00,36.11000061035156,37.790000915527344,35.970001220703125,36.0,849700,0.0,0.0
2024-08-07 00:00:00-04:00,36.220001220703125,36.93000030517578,35.7599983215332,35.86000061035156,701700,0.0,0.0
2024-08-08 00:00:00-04:00,36.029998779296875,37.720001220703125,35.380001068115234,37.58000183105469,730800,0.0,0.0
2024-08-09 00:00:00-04:00,37.560001373291016,38.5099983215332,37.244998931884766,37.88999938964844,560100,0.0,0.0
2024-08-12 00:00:00-04:00,37.9900016784668,38.209999084472656,37.09000015258789,37.58000183105469,367800,0.0,0.0
2024-08-13 00:00:00-04:00,37.900001525878906,38.47999954223633,37.7400016784668,38.18000030517578,397000,0.0,0.0
2024-08-14 00:00:00-04:00,38.41999816894531,38.46500015258789,36.47999954223633,36.77000045776367,463000,0.0,0.0
2024-08-15 00:00:00-04:00,37.959999084472656,38.279998779296875,37.0099983215332,38.11000061035156,568700,0.0,0.0
2024-08-16 00:00:00-04:00,37.939998626708984,38.279998779296875,37.2400016784668,37.7599983215332,677200,0.0,0.0
2024-08-19 00:00:00-04:00,37.790000915527344,39.25,37.59000015258789,39.060001373291016,799000,0.0,0.0
2024-08-20 00:00:00-04:00,38.84000015258789,39.63999938964844,38.029998779296875,39.529998779296875,429200,0.0,0.0
2024-08-21 00:00:00-04:00,39.91999816894531,40.68000030517578,39.224998474121094,39.72999954223633,412800,0.0,0.0
2024-08-22 00:00:00-04:00,39.880001068115234,39.915000915527344,38.08000183105469,38.33000183105469,274900,0.0,0.0
2024-08-23 00:00:00-04:00,38.810001373291016,39.709999084472656,38.2599983215332,39.4900016784668,398000,0.0,0.0
2024-08-26 00:00:00-04:00,40.06999969482422,40.7400016784668,39.619998931884766,39.79999923706055,358800,0.0,0.0
2024-08-27 00:00:00-04:00,39.439998626708984,39.64500045776367,39.08000183105469,39.349998474121094,210500,0.0,0.0
2024-08-28 00:00:00-04:00,39.060001373291016,39.86000061035156,39.01499938964844,39.59000015258789,233700,0.0,0.0
2024-08-29 00:00:00-04:00,40.02000045776367,40.2400016784668,38.939998626708984,39.16999816894531,331100,0.0,0.0
2024-08-30 00:00:00-04:00,39.5,39.53900146484375,38.150001525878906,39.5,412500,0.0,0.0
2024-09-03 00:00:00-04:00,39.36000061035156,40.25,38.0,38.11000061035156,449600,0.0,0.0
2024-09-04 00:00:00-04:00,37.86000061035156,38.54499816894531,37.58300018310547,38.4900016784668,380100,0.0,0.0
2024-09-05 00:00:00-04:00,38.61000061035156,39.29800033569336,37.16999816894531,37.369998931884766,501000,0.0,0.0
2024-09-06 00:00:00-04:00,37.630001068115234,37.9900016784668,35.79999923706055,36.209999084472656,411200,0.0,0.0
2024-09-09 00:00:00-04:00,36.27000045776367,37.66999816894531,36.209999084472656,36.45000076293945,916700,0.0,0.0
2024-09-10 00:00:00-04:00,36.81999969482422,37.529998779296875,36.45000076293945,36.63999938964844,384200,0.0,0.0
2024-09-11 00:00:00-04:00,36.459999084472656,36.689998626708984,35.47999954223633,36.20000076293945,307200,0.0,0.0
2024-09-12 00:00:00-04:00,36.29999923706055,36.529998779296875,35.68000030517578,36.11000061035156,293800,0.0,0.0
2024-09-13 00:00:00-04:00,36.4900016784668,37.619998931884766,36.22999954223633,37.459999084472656,488300,0.0,0.0
2024-09-16 00:00:00-04:00,37.709999084472656,37.79999923706055,36.650001525878906,36.83000183105469,433700,0.0,0.0
2024-09-17 00:00:00-04:00,37.130001068115234,37.189998626708984,35.65999984741211,35.779998779296875,399700,0.0,0.0
2024-09-18 00:00:00-04:00,35.77000045776367,35.95000076293945,34.59000015258789,34.75,490500,0.0,0.0
2024-09-19 00:00:00-04:00,35.970001220703125,36.70000076293945,34.915000915527344,35.279998779296875,1320900,0.0,0.0
2024-09-20 00:00:00-04:00,35.16999816894531,35.689998626708984,34.70000076293945,35.0,1367300,0.0,0.0
2024-09-23 00:00:00-04:00,36.63999938964844,36.63999938964844,32.0,33.72999954223633,2881400,0.0,0.0
2024-09-24 00:00:00-04:00,33.849998474121094,33.849998474121094,31.049999237060547,31.3700008392334,1747100,0.0,0.0
2024-09-25 00:00:00-04:00,31.719999313354492,31.81999969482422,29.700000762939453,30.3700008392334,1267700,0.0,0.0
2024-09-26 00:00:00-04:00,30.6200008392334,31.0,30.170000076293945,30.5,913600,0.0,0.0
2024-09-27 00:00:00-04:00,30.75,31.209999084472656,30.299999237060547,30.799999237060547,721200,0.0,0.0
2024-09-30 00:00:00-04:00,30.610000610351562,31.84000015258789,30.354999542236328,31.68000030517578,1034100,0.0,0.0
2024-10-01 00:00:00-04:00,31.719999313354492,31.81999969482422,30.520000457763672,30.729999542236328,1246100,0.0,0.0
2024-10-02 00:00:00-04:00,30.420000076293945,31.84000015258789,29.7549991607666,31.700000762939453,828600,0.0,0.0
2024-10-03 00:00:00-04:00,31.56999969482422,31.760000228881836,29.184999465942383,29.25,889200,0.0,0.0
2024-10-04 00:00:00-04:00,29.389999389648438,30.0,29.049999237060547,29.969999313354492,639000,0.0,0.0
2024-10-07 00:00:00-04:00,29.829999923706055,29.864999771118164,29.260000228881836,29.40999984741211,517500,0.0,0.0
2024-10-08 00:00:00-04:00,29.549999237060547,31.540000915527344,29.540000915527344,31.059999465942383,1217600,0.0,0.0
2024-10-09 00:00:00-04:00,31.110000610351562,31.110000610351562,29.43000030517578,29.479999542236328,681700,0.0,0.0
2024-10-10 00:00:00-04:00,29.020000457763672,30.280000686645508,28.690000534057617,30.200000762939453,703900,0.0,0.0
2024-10-11 00:00:00-04:00,30.149999618530273,31.059999465942383,30.0,30.899999618530273,772100,0.0,0.0
2024-10-14 00:00:00-04:00,30.790000915527344,31.075000762939453,30.3700008392334,30.469999313354492,474600,0.0,0.0
2024-10-15 00:00:00-04:00,30.84000015258789,31.100000381469727,30.43000030517578,30.81999969482422,567000,0.0,0.0
2024-10-16 00:00:00-04:00,30.969999313354492,31.5,30.649999618530273,31.0,736700,0.0,0.0
2024-10-17 00:00:00-04:00,31.030000686645508,31.139999389648438,30.030000686645508,30.690000534057617,557300,0.0,0.0
2024-10-18 00:00:00-04:00,30.8799991607666,31.40999984741211,30.459999084472656,30.540000915527344,790800,0.0,0.0
2024-10-21 00:00:00-04:00,30.489999771118164,30.920000076293945,29.950000762939453,30.8799991607666,933400,0.0,0.0
2024-10-22 00:00:00-04:00,30.610000610351562,30.90999984741211,30.059999465942383,30.219999313354492,653900,0.0,0.0
2024-10-23 00:00:00-04:00,30.100000381469727,30.110000610351562,29.190000534057617,29.5,673300,0.0,0.0
2024-10-24 00:00:00-04:00,30.170000076293945,30.270000457763672,28.889999389648438,29.200000762939453,576900,0.0,0.0
2024-10-25 00:00:00-04:00,29.15999984741211,30.3700008392334,28.100000381469727,29.299999237060547,1014200,0.0,0.0
2024-10-28 00:00:00-04:00,29.739999771118164,31.170000076293945,29.65999984741211,30.010000228881836,688200,0.0,0.0
2024-10-29 00:00:00-04:00,29.719999313354492,29.940000534057617,29.21500015258789,29.860000610351562,408000,0.0,0.0
2024-10-30 00:00:00-04:00,29.6299991607666,30.0,29.174999237060547,29.459999084472656,368500,0.0,0.0
2024-10-31 00:00:00-04:00,29.25,29.260000228881836,28.100000381469727,28.149999618530273,720900,0.0,0.0
2024-11-01 00:00:00-04:00,28.280000686645508,28.780000686645508,27.520000457763672,28.600000381469727,882900,0.0,0.0
2024-11-04 00:00:00-05:00,28.829999923706055,30.5,28.040000915527344,30.0,1073800,0.0,0.0
2024-11-05 00:00:00-05:00,29.360000610351562,29.59000015258789,28.329999923706055,29.579999923706055,1119000,0.0,0.0
2024-11-06 00:00:00-05:00,31.729999542236328,31.729999542236328,29.68000030517578,30.40999984741211,1166400,0.0,0.0
2024-11-07 00:00:00-05:00,30.40999984741211,30.6200008392334,29.795000076293945,29.989999771118164,505700,0.0,0.0
2024-11-08 00:00:00-05:00,29.850000381469727,31.489999771118164,29.829999923706055,31.280000686645508,696300,0.0,0.0
2024-11-11 00:00:00-05:00,31.959999084472656,32.66999816894531,31.684999465942383,31.979999542236328,602400,0.0,0.0
2024-11-12 00:00:00-05:00,31.610000610351562,31.985000610351562,30.899999618530273,30.979999542236328,511981,0.0,0.0
