Date,Open,High,Low,Close,Volume,Dividends,Stock Splits
2022-01-03 00:00:00-05:00,5.703926313758095,5.772339157042372,5.609858450355861,5.678271293640137,139500,0.0,0.0
2022-01-04 00:00:00-05:00,5.695374851097007,5.738133084638417,5.524342732476844,5.532894134521484,162900,0.0,0.0
2022-01-05 00:00:00-05:00,5.575651704201213,5.6414992455276085,5.498687056099522,5.507238864898682,69300,0.0,0.0
2022-01-06 00:00:00-05:00,5.507239587822978,5.5371701070035835,5.344758869264606,5.464481353759766,59200,0.0,0.0
2022-01-07 00:00:00-05:00,5.413171459872027,5.541445748182867,5.413171459872027,5.5243425369262695,65500,0.0,0.0
2022-01-10 00:00:00-05:00,5.524342179772548,5.524342179772548,5.353310078263956,5.387516498565674,137200,0.0,0.0
2022-01-11 00:00:00-05:00,5.396067899754756,5.47303254931997,5.331930963632208,5.387516498565674,176500,0.0,0.0
2022-01-12 00:00:00-05:00,5.387517103327819,5.481584565830502,5.346469068139857,5.464481353759766,65100,0.0,0.0
2022-01-13 00:00:00-05:00,5.421723100599746,5.515790555696199,5.387516679151452,5.413171291351318,103300,0.0,0.0
2022-01-14 00:00:00-05:00,5.413171124985156,5.455929354367763,5.3447582841911405,5.370413303375244,78800,0.0,0.0
2022-01-18 00:00:00-05:00,5.353310129872227,5.38751655050371,5.250690460205078,5.250690460205078,103200,0.0,0.0
2022-01-19 00:00:00-05:00,5.2164841159514115,5.302000168782214,5.105313043385015,5.16517448425293,253100,0.0,0.0
2022-01-20 00:00:00-05:00,5.199381016298994,5.250690649092018,5.011245696057905,5.045452117919922,332200,0.0,0.0
2022-01-21 00:00:00-05:00,5.028348965235933,5.130968232010694,4.874419657301073,4.908626079559326,256700,0.0,0.0
2022-01-24 00:00:00-05:00,4.882971256370065,4.917177677154541,4.618726390757729,4.917177677154541,138700,0.0,0.0
2022-01-25 00:00:00-05:00,4.848765076203361,4.985590766131179,4.705097775560975,4.874419689178467,150000,0.0,0.0
2022-01-26 00:00:00-05:00,4.900074775385112,5.0026940442018395,4.806006908416748,4.806006908416748,169200,0.0,0.0
2022-01-27 00:00:00-05:00,4.83166128028887,4.865867698631547,4.731607323138837,4.763248443603516,105700,0.0,0.0
2022-01-28 00:00:00-05:00,4.959935972272832,5.1480712890625,4.865868109991644,5.1480712890625,181100,0.0,0.0
2022-01-31 00:00:00-05:00,5.1309677676633,5.319103073057641,5.122415958986307,5.276345252990723,88100,0.0,0.0
2022-02-01 00:00:00-05:00,5.165174592011972,5.370413530860424,5.165174592011972,5.3447585105896,68400,0.0,0.0
2022-02-02 00:00:00-05:00,5.387516519665693,5.387516519665693,5.276345449363364,5.2848968505859375,119500,0.0,0.0
2022-02-03 00:00:00-05:00,5.216484100474191,5.276345541164497,5.173726278072004,5.182277679443359,49300,0.0,0.0
2022-02-04 00:00:00-05:00,5.182277944294615,5.190829753875732,5.080513775361114,5.190829753875732,63900,0.0,0.0
2022-02-07 00:00:00-05:00,5.173726558685303,5.186553865324418,5.054858770217388,5.173726558685303,73000,0.0,0.0
2022-02-08 00:00:00-05:00,5.165174700878115,5.250690757295423,5.11386506702773,5.225036144256592,79400,0.0,0.0
2022-02-09 00:00:00-05:00,5.267793888761595,5.336206732858855,5.25069067773728,5.31055212020874,48200,0.0,0.0
2022-02-10 00:00:00-05:00,5.26779368574499,5.433695193282576,5.233587265014648,5.233587265014648,278300,0.0,0.0
2022-02-11 00:00:00-05:00,5.216484164137276,5.515790555696199,5.216484164137276,5.413171291351318,141300,0.0,0.0
2022-02-14 00:00:00-05:00,5.383240774527239,5.50723915422048,5.3464686471953335,5.413171291351318,73800,0.0,0.0
2022-02-15 00:00:00-05:00,5.430274639737805,5.60130715908781,5.310552161633705,5.558548927307129,1213000,0.0,0.0
2022-02-16 00:00:00-05:00,5.6098580942207095,5.763786981838338,5.524342045544249,5.541445255279541,503000,0.0,0.0
2022-02-17 00:00:00-05:00,5.541445748182867,5.601307191467318,5.481584304898416,5.5243425369262695,356600,0.0,0.0
2022-02-18 00:00:00-05:00,5.515790539917857,5.524342349141822,5.430274486541748,5.430274486541748,126400,0.0,0.0
2022-02-22 00:00:00-05:00,5.430274260496146,5.596175764135265,5.404619649437589,5.455929279327393,771500,0.0,0.0
2022-02-23 00:00:00-05:00,5.549996993121327,5.592755223941137,5.370413483887171,5.396068096160889,348100,0.0,0.0
2022-02-24 00:00:00-05:00,5.302000474154787,5.370413728132445,4.998418163290865,5.139520168304443,341700,0.0,0.0
2022-02-25 00:00:00-05:00,5.156623192857831,5.2421392475128705,5.028348906988914,5.045452117919922,316200,0.0,0.0
2022-02-28 00:00:00-05:00,4.968487859250805,5.02834930614759,4.788903926333195,4.8487653732299805,286500,0.0,0.0
2022-03-01 00:00:00-05:00,4.840213208044731,4.874419630112186,4.643526077270508,4.643526077270508,206400,0.0,0.0
2022-03-02 00:00:00-05:00,4.6093200261543466,4.917178257310133,4.6093200261543466,4.814558982849121,606000,0.0,0.0
2022-03-03 00:00:00-05:00,4.857316678304758,4.9428331458099715,4.549458863267843,4.6691813468933105,534600,0.0,0.0
2022-03-04 00:00:00-05:00,4.66062935286197,4.664905257622809,4.446839008092656,4.575113296508789,480700,0.0,0.0
2022-03-07 00:00:00-05:00,4.583665188116097,4.617871611269948,4.404081262672013,4.489597320556641,429100,0.0,0.0
2022-03-08 00:00:00-05:00,4.523803727261808,4.61787159447923,4.4639422830738615,4.50670051574707,411500,0.0,0.0
2022-03-09 00:00:00-05:00,4.532354889487418,4.857315861848826,4.532354889487418,4.797454833984375,413800,0.0,0.0
2022-03-10 00:00:00-05:00,4.780351774779291,4.951383870857768,4.729042145955748,4.9428324699401855,248800,0.0,0.0
2022-03-11 00:00:00-05:00,4.959935922409007,4.994142343299604,4.857316251964513,4.900074481964111,211100,0.0,0.0
2022-03-14 00:00:00-04:00,4.917177559526751,4.917177559526751,4.660629002007583,4.737593650817871,222000,0.0,0.0
2022-03-15 00:00:00-04:00,4.746145430269488,4.784627346663352,4.694835392865626,4.7718000411987305,92500,0.0,0.0
2022-03-16 00:00:00-04:00,4.780351774779291,4.9428324699401855,4.780351774779291,4.9428324699401855,273100,0.0,0.0
2022-03-17 00:00:00-04:00,4.891522419125404,4.9642111616906375,4.823109580892874,4.959935665130615,166500,0.0,0.0
2022-03-18 00:00:00-04:00,4.93428107397967,5.062555360654419,4.93428107397967,5.0112457275390625,201000,0.0,0.0
2022-03-21 00:00:00-04:00,4.994142761264381,5.071107010823089,4.959936337511015,4.968487739562988,88100,0.0,0.0
2022-03-22 00:00:00-04:00,5.002693729115732,5.03946585573403,4.908625868072072,4.917177677154541,102200,0.0,0.0
2022-03-23 00:00:00-04:00,4.857316046211654,4.936845991802089,4.806006417049202,4.8231096267700195,253400,0.0,0.0
2022-03-24 00:00:00-04:00,4.8145582080870115,5.028348532697205,4.785482792445836,4.925729274749756,186400,0.0,0.0
2022-03-25 00:00:00-04:00,4.959936153156074,4.959936153156074,4.8573164779374896,4.874419689178467,112500,0.0,0.0
2022-03-28 00:00:00-04:00,4.83166162519335,4.934280887546779,4.83166162519335,4.917177677154541,135100,0.0,0.0
2022-03-29 00:00:00-04:00,4.934281089637733,5.002693934008637,4.934281089637733,4.994142532348633,145200,0.0,0.0
2022-03-30 00:00:00-04:00,4.994142327805964,5.045451958982678,4.908625868072072,4.917177677154541,92600,0.0,0.0
2022-03-31 00:00:00-04:00,4.891522407531738,4.934280635212066,4.891522407531738,4.891522407531738,110700,0.0,0.0
2022-04-01 00:00:00-04:00,4.891522583359882,5.011245462059226,4.891522583359882,5.0026936531066895,444500,0.0,0.0
2022-04-04 00:00:00-04:00,5.028349057532914,5.199381171963533,5.006969941285905,5.173726558685303,312500,0.0,0.0
2022-04-05 00:00:00-04:00,5.182277725878066,5.229311453273718,5.054003441976723,5.13096809387207,313900,0.0,0.0
2022-04-06 00:00:00-04:00,5.0197972599597325,5.165174761460657,4.97703943513593,5.088210105895996,295000,0.0,0.0
2022-04-07 00:00:00-04:00,5.088210093697268,5.173726558685303,4.985590825038896,5.173726558685303,190900,0.0,0.0
2022-04-08 00:00:00-04:00,5.130968278311191,5.302000391145809,5.1266923735471455,5.225036144256592,139200,0.0,0.0
2022-04-11 00:00:00-04:00,5.225036209482744,5.2934490554706155,5.088210109734275,5.156623363494873,139200,0.0,0.0
2022-04-12 00:00:00-04:00,5.165174262547745,5.182277472379783,5.0711064045851915,5.105312824249268,84800,0.0,0.0
2022-04-13 00:00:00-04:00,5.088209938972214,5.353310319937446,5.088209938972214,5.3447585105896,201500,0.0,0.0
2022-04-14 00:00:00-04:00,5.31910356332621,5.635513581403266,5.31910356332621,5.558548927307129,271400,0.0,0.0
2022-04-18 00:00:00-04:00,5.567100801536912,5.6355136469637035,5.438826512475316,5.49013614654541,112200,0.0,0.0
2022-04-19 00:00:00-04:00,5.4815840197653545,5.618410110473633,5.4815840197653545,5.618410110473633,76500,0.0,0.0
2022-04-20 00:00:00-04:00,5.703926185053223,5.703926185053223,5.421723008986936,5.5157904624938965,196100,0.0,0.0
2022-04-21 00:00:00-04:00,5.52434220140844,5.541445411626284,5.242139028927677,5.2848968505859375,115400,0.0,0.0
2022-04-22 00:00:00-04:00,4.985590304666093,5.0540031432977255,4.891522447661257,4.925729274749756,163600,0.0,0.0
2022-04-25 00:00:00-04:00,4.882971471961292,5.002693949992904,4.694835741567468,4.977039337158203,278900,0.0,0.0
2022-04-26 00:00:00-04:00,4.959935552960245,4.959935552960245,4.737593425960172,4.763248443603516,130800,0.0,0.0
2022-04-27 00:00:00-04:00,4.729042887209156,4.86586858551867,4.720491077178438,4.8487653732299805,103500,0.0,0.0
2022-04-28 00:00:00-04:00,4.917177573271212,5.0454518523893475,4.797455103054875,5.036900043487549,117000,0.0,0.0
2022-04-29 00:00:00-04:00,5.088210101549113,5.130968334109113,4.763249083629475,4.806006908416748,156100,0.0,0.0
2022-05-02 00:00:00-04:00,4.754697535527155,4.8658686200796275,4.729042920798277,4.814558982849121,79000,0.0,0.0
2022-05-03 00:00:00-04:00,4.814558753194317,5.054003715515137,4.784627827074667,5.054003715515137,89800,0.0,0.0
2022-05-04 00:00:00-04:00,4.891522858019559,5.062555376719538,4.797455400895924,4.994142532348633,261500,0.0,0.0
2022-05-05 00:00:00-04:00,4.9855905971540615,4.9855905971540615,4.754697049340205,4.831661701202393,119200,0.0,0.0
2022-05-06 00:00:00-04:00,4.788903548714013,4.797455358070396,4.592216419017075,4.746145725250244,83900,0.0,0.0
2022-05-09 00:00:00-04:00,4.600768349885479,4.652077984060782,4.4895972719526265,4.54090690612793,204700,0.0,0.0
2022-05-10 00:00:00-04:00,4.583664746429711,4.609319357436631,4.395529029439739,4.438287258148193,245000,0.0,0.0
2022-05-11 00:00:00-04:00,4.438287430970431,4.6392504612891505,4.369874588591132,4.5494585037231445,152700,0.0,0.0
2022-05-12 00:00:00-04:00,4.472493898109691,4.686284236627797,4.446838878067526,4.4981489181518555,91900,0.0,0.0
2022-05-13 00:00:00-04:00,4.523803177122784,4.694835271470976,4.523803177122784,4.5922160148620605,112400,0.0,0.0
2022-05-16 00:00:00-04:00,4.600767900399394,4.90007427440004,4.600767900399394,4.8231096267700195,116400,0.0,0.0
2022-05-17 00:00:00-04:00,4.900074256376552,5.0197967239819095,4.900074256376552,4.925729274749756,170700,0.0,0.0
2022-05-18 00:00:00-04:00,4.882971498685316,4.951384343649225,4.771800421732602,4.874419689178467,110400,0.0,0.0
2022-05-19 00:00:00-04:00,4.797454833984375,4.9855901337725586,4.77179981649056,4.797454833984375,127300,0.0,0.0
2022-05-20 00:00:00-04:00,4.882971797807359,4.900075010096049,4.783772921869314,4.8487653732299805,98500,0.0,0.0
2022-05-23 00:00:00-04:00,4.8829710324263775,5.002693499681311,4.800875381645099,4.9428324699401855,103700,0.0,0.0
2022-05-24 00:00:00-04:00,4.900074466762303,4.994142327805964,4.854750938834237,4.917177677154541,70400,0.0,0.0
2022-05-25 00:00:00-04:00,4.968487293024062,4.977039102080185,4.908625852949302,4.934280872344971,83800,0.0,0.0
2022-05-26 00:00:00-04:00,4.959936320910624,5.03690057021174,4.900074875656214,4.985590934753418,111900,0.0,0.0
2022-05-27 00:00:00-04:00,5.045452313604329,5.122416561892514,5.002694080732104,5.054003715515137,162400,0.0,0.0
2022-05-31 00:00:00-04:00,5.062555344698587,5.122416379258145,4.917177847443577,5.028348922729492,97800,0.0,0.0
2022-06-01 00:00:00-04:00,5.088209749833138,5.122416170407572,4.917177646960966,4.9513840675354,44000,0.0,0.0
2022-06-02 00:00:00-04:00,4.9385568423081265,5.259242346253165,4.925729536326683,5.16517448425293,108400,0.0,0.0
2022-06-03 00:00:00-04:00,5.130968017749599,5.216484069824219,5.058279271542997,5.216484069824219,59100,0.0,0.0
2022-06-06 00:00:00-04:00,5.225036193014489,5.233587594849657,5.10531330514033,5.173726558685303,72500,0.0,0.0
2022-06-07 00:00:00-04:00,5.148070977244604,5.284896653895034,5.1095886537435,5.276345252990723,47100,0.0,0.0
2022-06-08 00:00:00-04:00,5.233587265014648,5.39606796737012,5.181422534566782,5.233587265014648,101000,0.0,0.0
2022-06-09 00:00:00-04:00,5.173726209041922,5.203656725101377,4.934280857248183,4.9513840675354,86800,0.0,0.0
2022-06-10 00:00:00-04:00,4.9684871132833095,4.9684871132833095,4.7546967878867505,4.8231096267700195,188900,0.0,0.0
2022-06-13 00:00:00-04:00,4.763248823976927,4.823109856970531,4.463942027918088,4.566561698913574,171100,0.0,0.0
2022-06-14 00:00:00-04:00,4.566561943456414,4.630698884462059,4.412632632606505,4.5238037109375,173700,0.0,0.0
2022-06-15 00:00:00-04:00,4.61787152857174,4.677732564132606,4.498149049677286,4.575113296508789,133800,0.0,0.0
2022-06-16 00:00:00-04:00,4.4724937230830175,4.48959693318424,4.318564832172013,4.386977672576904,148600,0.0,0.0
2022-06-17 00:00:00-04:00,4.378426356350198,4.4468392044536795,4.302317205555534,4.369874954223633,109700,0.0,0.0
2022-06-21 00:00:00-04:00,4.429735197481975,4.545182163768418,4.335667752107095,4.412631988525391,84700,0.0,0.0
2022-06-22 00:00:00-04:00,4.386977868625703,4.4553907120878815,4.328826625464681,4.395529270172119,147100,0.0,0.0
2022-06-23 00:00:00-04:00,4.412632314074096,4.446838734510895,4.292909842545297,4.352771282196045,200500,0.0,0.0
2022-06-24 00:00:00-04:00,4.404081378275373,4.489597438404725,4.344219932298458,4.369874954223633,114100,0.0,0.0
2022-06-27 00:00:00-04:00,4.369874433000187,4.506700112887057,4.361322624120912,4.421184062957764,157100,0.0,0.0
2022-06-28 00:00:00-04:00,4.47249384472742,4.489597055293821,4.352771370762608,4.481045246124268,104100,0.0,0.0
2022-06-29 00:00:00-04:00,4.481045324499843,4.489597133818972,4.301461814297979,4.395529270172119,192700,0.0,0.0
2022-06-30 00:00:00-04:00,4.3014618608604795,4.412632528803565,4.258703629347411,4.34421968460083,67900,0.0,0.0
2022-07-01 00:00:00-04:00,4.363888315346358,4.472493678005881,4.2843583687886,4.438287258148193,78300,0.0,0.0
2022-07-05 00:00:00-04:00,4.335667835195674,4.335667835195674,4.121877515254968,4.3100128173828125,481400,0.0,0.0
2022-07-06 00:00:00-04:00,4.344219802470697,4.540906938776546,4.258703744897007,4.50670051574707,150700,0.0,0.0
2022-07-07 00:00:00-04:00,4.558009497204254,4.729041995618245,4.318564570306403,4.378425598144531,237000,0.0,0.0
2022-07-08 00:00:00-04:00,3.8054681447702627,4.062016733129653,3.8029028464621293,4.019258499145508,161400,0.0,0.0
2022-07-11 00:00:00-04:00,4.019257992919293,4.07911943140299,3.8225708753559338,4.053464412689209,214000,0.0,0.0
2022-07-12 00:00:00-04:00,4.010706885603144,4.121877961883768,3.916639020460099,4.027810096740723,96400,0.0,0.0
2022-07-13 00:00:00-04:00,4.00215506036942,4.087671523492884,3.925190814440106,4.044913291931152,120400,0.0,0.0
2022-07-14 00:00:00-04:00,3.985051626377089,4.079119485887151,3.86532915558327,4.070568084716797,183800,0.0,0.0
2022-07-15 00:00:00-04:00,4.070568234174836,4.1646356893660545,3.8824325082469784,4.130429267883301,293300,0.0,0.0
2022-07-18 00:00:00-04:00,4.23304836145407,4.241600170365899,4.066292165400349,4.087671279907227,131400,0.0,0.0
2022-07-19 00:00:00-04:00,4.1475325260599565,4.181738947933929,4.0534646620201755,4.079119682312012,105400,0.0,0.0
2022-07-20 00:00:00-04:00,4.10477448995819,4.241600170365899,3.9679484017777886,4.087671279907227,227500,0.0,0.0
2022-07-21 00:00:00-04:00,4.1047747185161585,4.1047747185161585,3.9936036431084316,4.062016487121582,78200,0.0,0.0
2022-07-22 00:00:00-04:00,4.11332608837368,4.173187530309372,4.053464646437988,4.096222877502441,389500,0.0,0.0
2022-07-25 00:00:00-04:00,4.130429206693014,4.207393857775372,4.062016364741009,4.1988420486450195,270400,0.0,0.0
2022-07-26 00:00:00-04:00,4.147532237353365,4.2073936753522645,4.113325817860476,4.173187255859375,229300,0.0,0.0
2022-07-27 00:00:00-04:00,4.181738930466454,4.404081079491248,4.156084318054493,4.395529270172119,123600,0.0,0.0
2022-07-28 00:00:00-04:00,4.438287272227303,4.8145582996281595,4.428025264682906,4.737593650817871,425700,0.0,0.0
2022-07-29 00:00:00-04:00,4.788903546182088,5.096761750712946,4.77180033525108,5.045452117919922,255500,0.0,0.0
2022-08-01 00:00:00-04:00,4.942833044038264,5.139520181259588,4.921453927602151,5.054003715515137,149500,0.0,0.0
2022-08-02 00:00:00-04:00,5.062555092456361,5.10531291390096,4.900074392312418,5.0026936531066895,84200,0.0,0.0
2022-08-03 00:00:00-04:00,4.985590675775037,5.113864961643953,4.9257296414028655,5.045452117919922,108300,0.0,0.0
2022-08-04 00:00:00-04:00,5.019797375193039,5.122416646453139,4.9171781039329385,4.968487739562988,149300,0.0,0.0
2022-08-05 00:00:00-04:00,4.8573165506388465,5.207932997985776,4.8573165506388465,5.156623363494873,141400,0.0,0.0
2022-08-08 00:00:00-04:00,5.216484240185167,5.361861737346138,5.216484240185167,5.32765531539917,99700,0.0,0.0
2022-08-09 00:00:00-04:00,5.378965096002046,5.378965096002046,5.10531330514033,5.173726558685303,76100,0.0,0.0
2022-08-10 00:00:00-04:00,5.250690234732426,5.327654881734634,5.222469918534641,5.276345252990723,148400,0.0,0.0
2022-08-11 00:00:00-04:00,5.353310129872227,5.507239022713902,5.190829427986332,5.250690460205078,247600,0.0,0.0
2022-08-12 00:00:00-04:00,5.4730329513549805,5.4730329513549805,5.088210083033503,5.4730329513549805,107300,0.0,0.0
2022-08-15 00:00:00-04:00,5.473032416338373,5.584203483504114,5.387516367661912,5.541445255279541,121000,0.0,0.0
2022-08-16 00:00:00-04:00,5.558548834703524,5.567100644026278,5.284897052966097,5.361861705780029,198400,0.0,0.0
2022-08-17 00:00:00-04:00,5.3362069336965,5.66972017288208,5.283187099857443,5.66972017288208,286300,0.0,0.0
2022-08-18 00:00:00-04:00,5.695374933222877,5.797994613647461,5.5585492363537545,5.797994613647461,336400,0.0,0.0
2022-08-19 00:00:00-04:00,5.7381327196522465,5.756091029799177,5.549996993364105,5.695374488830566,266100,0.0,0.0
2022-08-22 00:00:00-04:00,5.601306915283203,5.71675348362972,5.532893665857351,5.601306915283203,148500,0.0,0.0
2022-08-23 00:00:00-04:00,5.541445913890631,5.763787666875157,5.487570572546301,5.635513782501221,307100,0.0,0.0
2022-08-24 00:00:00-04:00,5.626961615124866,5.729580879211426,5.421723086951748,5.729580879211426,102700,0.0,0.0
2022-08-25 00:00:00-04:00,5.738132873433477,5.840752140828441,5.661168219000893,5.823648929595947,91800,0.0,0.0
2022-08-26 00:00:00-04:00,5.780890690892624,5.892061352046181,5.66116781307696,5.75523567199707,96100,0.0,0.0
2022-08-29 00:00:00-04:00,5.815096883457065,5.917716139480118,5.7295804289985135,5.780890464782715,122100,0.0,0.0
2022-08-30 00:00:00-04:00,5.806545692980552,5.815097502445776,5.5499971178419045,5.558548927307129,126200,0.0,0.0
2022-08-31 00:00:00-04:00,5.51579035554261,5.584203603729369,5.396067884817998,5.4046196937561035,174500,0.0,0.0
2022-09-01 00:00:00-04:00,5.378964645216586,5.464480695265202,5.284896786276763,5.438826084136963,127500,0.0,0.0
2022-09-02 00:00:00-04:00,5.438826512475316,5.575652203328899,5.282331904286533,5.49013614654541,88900,0.0,0.0
2022-09-06 00:00:00-04:00,5.558548661931701,5.669719733035783,5.515790432192377,5.549996852874756,68700,0.0,0.0
2022-09-07 00:00:00-04:00,5.584203341321543,5.755235434319719,5.558548323485479,5.712477207183838,224800,0.0,0.0
2022-09-08 00:00:00-04:00,5.661168509005597,5.8493042499733825,5.661168509005597,5.797994613647461,161300,0.0,0.0
2022-09-09 00:00:00-04:00,5.815097527866061,5.909164985758417,5.7005056456129015,5.823648929595947,242000,0.0,0.0
2022-09-12 00:00:00-04:00,5.909164858526664,5.986129511302101,5.874958436798183,5.960474491119385,216900,0.0,0.0
2022-09-13 00:00:00-04:00,5.874958203263453,5.943371044000943,5.661167872072444,5.686822891235352,125100,0.0,0.0
2022-09-14 00:00:00-04:00,5.678271238976665,5.823648733442589,5.6184102055655485,5.815097332000732,205900,0.0,0.0
2022-09-15 00:00:00-04:00,5.772339205145783,5.878379276229173,5.549997054846302,5.626961708068848,83500,0.0,0.0
2022-09-16 00:00:00-04:00,5.549996914234151,5.611568553697694,5.421723039143415,5.481584072113037,71700,0.0,0.0
2022-09-19 00:00:00-04:00,5.378965104968087,5.738132953643799,5.378965104968087,5.738132953643799,261800,0.0,0.0
2022-09-20 00:00:00-04:00,5.6868225971204485,5.815096870755418,5.605582047116809,5.712477207183838,91700,0.0,0.0
2022-09-21 00:00:00-04:00,5.780891080130319,5.780891080130319,5.464481062053262,5.558548927307129,162500,0.0,0.0
2022-09-22 00:00:00-04:00,5.507239587822978,5.55854922403519,5.455929951610767,5.464481353759766,77900,0.0,0.0
2022-09-23 00:00:00-04:00,5.3533099591632896,5.515790248095236,5.130112725053488,5.207932472229004,242400,0.0,0.0
2022-09-26 00:00:00-04:00,5.122416561892514,5.259242662419998,4.977039467226953,5.054003715515137,190600,0.0,0.0
2022-09-27 00:00:00-04:00,5.10531288361117,5.156622921476577,5.002693623425738,5.036900043487549,97600,0.0,0.0
2022-09-28 00:00:00-04:00,5.028348510175477,5.293448462572027,5.028348510175477,5.276345252990723,210200,0.0,0.0
2022-09-29 00:00:00-04:00,5.267793625437632,5.4046197145652695,5.084789317402666,5.302000045776367,79600,0.0,0.0
2022-09-30 00:00:00-04:00,5.353310335745753,5.455929601586656,5.2464151652183,5.32765531539917,45100,0.0,0.0
2022-10-03 00:00:00-04:00,5.430274131796803,5.678270874272924,5.4114607236148995,5.60985803604126,115500,0.0,0.0
2022-10-04 00:00:00-04:00,5.686823384550105,5.815097675946656,5.6098587281576275,5.66972017288208,185000,0.0,0.0
2022-10-05 00:00:00-04:00,5.5842038380106125,5.703926313758095,5.524342396250516,5.678271293640137,52800,0.0,0.0
2022-10-06 00:00:00-04:00,5.59275516370068,5.862131036309488,5.541445531933198,5.763787269592285,128600,0.0,0.0
2022-10-07 00:00:00-04:00,5.703926361291393,5.823648838036575,5.618410306473406,5.626961708068848,42600,0.0,0.0
2022-10-10 00:00:00-04:00,5.669719907770209,5.703926329506792,5.549997023919457,5.661168098449707,63300,0.0,0.0
2022-10-11 00:00:00-04:00,5.661167723426586,5.755235580857034,5.498687027054968,5.541445255279541,131100,0.0,0.0
2022-10-12 00:00:00-04:00,5.575652106627919,5.669719971344659,5.4388264181473644,5.592755317687988,99000,0.0,0.0
2022-10-13 00:00:00-04:00,5.447377613790913,5.721029388176217,5.387516581230756,5.601306915283203,218100,0.0,0.0
2022-10-14 00:00:00-04:00,5.703926064393271,5.703926064393271,5.327655035006899,5.336206436157227,189100,0.0,0.0
2022-10-17 00:00:00-04:00,5.430274834100124,5.558549126260686,5.34475877525066,5.353310585021973,200200,0.0,0.0
2022-10-18 00:00:00-04:00,5.481584241911179,5.592755317687988,5.378964975550763,5.592755317687988,118300,0.0,0.0
2022-10-19 00:00:00-04:00,5.592755207841214,5.592755207841214,5.413171291351318,5.413171291351318,130800,0.0,0.0
2022-10-20 00:00:00-04:00,5.361861494389644,5.592755035955793,5.361861494389644,5.370413303375244,106600,0.0,0.0
2022-10-21 00:00:00-04:00,5.370413825718697,5.532894134521484,5.319103782359912,5.532894134521484,59600,0.0,0.0
2022-10-24 00:00:00-04:00,5.575652106627919,5.592755317687988,5.344758553430625,5.592755317687988,56200,0.0,0.0
2022-10-25 00:00:00-04:00,5.644064737430072,5.644064737430072,5.481584034617487,5.601306915283203,120100,0.0,0.0
2022-10-26 00:00:00-04:00,5.61841033816445,5.669719971344659,5.549997086151456,5.592755317687988,126300,0.0,0.0
2022-10-27 00:00:00-04:00,5.592755106190209,5.721029388176217,5.532893665857351,5.601306915283203,66200,0.0,0.0
2022-10-28 00:00:00-04:00,5.618410306473406,5.686823150327796,5.473032809396471,5.626961708068848,40200,0.0,0.0
2022-10-31 00:00:00-04:00,5.626961584879001,5.926267974075664,5.626961584879001,5.763787269592285,429300,0.0,0.0
2022-11-01 00:00:00-04:00,5.84075192112986,5.892061552897342,5.69965033182611,5.763787269592285,270100,0.0,0.0
2022-11-02 00:00:00-04:00,5.772338790592327,5.772338790592327,5.541445255279541,5.541445255279541,204500,0.0,0.0
2022-11-03 00:00:00-04:00,5.43027404985051,5.746683625783473,5.421722649086939,5.712477207183838,129500,0.0,0.0
2022-11-04 00:00:00-04:00,5.772339010957056,5.943371114839296,5.686822959015936,5.9177165031433105,92600,0.0,0.0
2022-11-07 00:00:00-05:00,5.9861296567292115,5.9861296567292115,5.774904610040262,5.806545734405518,56600,0.0,0.0
2022-11-08 00:00:00-05:00,5.832200351118257,5.832200351118257,5.669719651332042,5.721029281616211,71300,0.0,0.0
2022-11-09 00:00:00-05:00,5.481584432407511,5.644065147011067,5.3105523158631,5.319103717803955,153000,0.0,0.0
2022-11-10 00:00:00-05:00,5.344758367472678,5.532893682587727,5.182277664168784,5.199380874633789,122400,0.0,0.0
2022-11-11 00:00:00-05:00,5.29344859516797,5.464480695265202,5.21648394623787,5.438826084136963,107800,0.0,0.0
2022-11-14 00:00:00-05:00,5.378965198790445,5.524342702720901,5.293449139940981,5.353310585021973,101000,0.0,0.0
2022-11-15 00:00:00-05:00,5.438826228916554,5.490135860311567,5.199380874633789,5.199380874633789,78000,0.0,0.0
2022-11-16 00:00:00-05:00,5.182277633919136,5.293448705179096,5.130968002823624,5.233587265014648,59900,0.0,0.0
2022-11-17 00:00:00-05:00,5.165174515209401,5.225035956436082,5.122416284651384,5.13096809387207,53200,0.0,0.0
2022-11-18 00:00:00-05:00,5.156623160272365,5.3875167102682795,5.148071350974544,5.378964900970459,89400,0.0,0.0
2022-11-21 00:00:00-05:00,5.387516504395902,5.387516504395902,5.156622963223088,5.302000045776367,28900,0.0,0.0
2022-11-22 00:00:00-05:00,5.378964808931367,5.507239091794807,5.353310197022301,5.481584072113037,84300,0.0,0.0
2022-11-23 00:00:00-05:00,5.490135714166132,5.558548554205025,5.396067855226309,5.438826084136963,182100,0.0,0.0
2022-11-25 00:00:00-05:00,5.507239374169416,5.635513663609908,5.344758661914488,5.4730329513549805,230700,0.0,0.0
2022-11-28 00:00:00-05:00,5.455929294146686,5.532893535304095,5.361861435206863,5.438826084136963,196400,0.0,0.0
2022-11-29 00:00:00-05:00,5.4559294377570815,5.6440647528161145,5.344758365881302,5.584203720092773,87700,0.0,0.0
2022-11-30 00:00:00-05:00,5.575651791924718,5.738132491710934,5.464480722422672,5.721029281616211,58500,0.0,0.0
2022-12-01 00:00:00-05:00,5.7466839229943085,5.797993961320123,5.5585486109662074,5.686822891235352,97700,0.0,0.0
2022-12-02 00:00:00-05:00,5.592755144446199,5.626961565506756,5.481584072113037,5.481584072113037,232700,0.0,0.0
2022-12-05 00:00:00-05:00,5.532893555887088,5.5884790905686454,5.319103226083878,5.336206436157227,125300,0.0,0.0
2022-12-06 00:00:00-05:00,5.361861464610966,5.413171094921514,5.220759879313785,5.4046196937561035,107900,0.0,0.0
2022-12-07 00:00:00-05:00,5.361861690147529,5.507239186028792,5.302000248380917,5.378964900970459,200800,0.0,0.0
2022-12-08 00:00:00-05:00,5.387516888741475,5.4217233115204975,5.1737265424862215,5.190829753875732,45500,0.0,0.0
2022-12-09 00:00:00-05:00,5.173726558685303,5.4046201170530015,5.165174749077409,5.173726558685303,64000,0.0,0.0
2022-12-12 00:00:00-05:00,5.173726356106923,5.430274517707653,5.002693840600394,5.396068096160889,200900,0.0,0.0
2022-12-13 00:00:00-05:00,5.473032524516713,5.507238944663411,5.336206436157227,5.336206436157227,82800,0.0,0.0
2022-12-14 00:00:00-05:00,5.353310034088347,5.524342134185579,5.233587156247593,5.438826084136963,98000,0.0,0.0
2022-12-15 00:00:00-05:00,5.464480695265202,5.524342134185579,5.361861435206863,5.438826084136963,101800,0.0,0.0
2022-12-16 00:00:00-05:00,5.43882624221482,5.592755136776226,5.417447127138116,5.567100524902344,73600,0.0,0.0
2022-12-19 00:00:00-05:00,5.6611677533293765,5.6611677533293765,5.37041318629362,5.507238864898682,116100,0.0,0.0
2022-12-20 00:00:00-05:00,5.55854849437558,5.686822771954169,5.387516396119253,5.507238864898682,108300,0.0,0.0
2022-12-21 00:00:00-05:00,5.549996656260845,5.644064513691293,5.51579023679026,5.541445255279541,121500,0.0,0.0
2022-12-22 00:00:00-05:00,5.5671007049842425,5.686823182404727,5.507239262387642,5.592755317687988,131900,0.0,0.0
2022-12-23 00:00:00-05:00,5.541445474950345,5.696229468024694,5.532893665857351,5.601306915283203,89200,0.0,0.0
2022-12-27 00:00:00-05:00,5.6868229736630855,5.9177165183851566,5.485004845898613,5.900613307952881,135100,0.0,0.0
2022-12-28 00:00:00-05:00,5.9177165183851566,5.9656053444864465,5.82364865712129,5.900613307952881,130900,0.0,0.0
2022-12-29 00:00:00-05:00,5.943371712684534,6.088749219494347,5.75523637948949,5.797994613647461,227500,0.0,0.0
2022-12-30 00:00:00-05:00,5.797994284877303,5.943371375670895,5.780891073738486,5.857855319976807,114400,0.0,0.0
2023-01-03 00:00:00-05:00,5.960474509087934,5.969026318432191,5.626961692343477,5.644064903259277,119300,0.0,0.0
2023-01-04 00:00:00-05:00,5.686822861426765,5.840751752279272,5.6440646323036106,5.721029281616211,70400,0.0,0.0
2023-01-05 00:00:00-05:00,5.661343416572738,5.950993904995704,5.661343416572738,5.907107353210449,223400,0.172,0.0
2023-01-06 00:00:00-05:00,6.0124347496837345,6.223089618417881,5.8281118964913015,6.144093990325928,244400,0.0,0.0
2023-01-09 00:00:00-05:00,6.108985022378776,6.302084938447897,6.0563214089053785,6.187980651855469,673100,0.0,0.0
2023-01-10 00:00:00-05:00,6.187980882726348,6.258199036644019,6.056321634864108,6.135316848754883,467300,0.0,0.0
2023-01-11 00:00:00-05:00,6.1440940146153835,6.4512986316395144,6.0914304018569485,6.442521572113037,1210200,0.0,0.0
2023-01-12 00:00:00-05:00,6.5741805624908904,6.749726361364798,6.354748627798406,6.679508209228516,313800,0.0,0.0
2023-01-13 00:00:00-05:00,6.63562120234676,6.793612033878883,6.512739444488441,6.758502960205078,349800,0.0,0.0
2023-01-17 00:00:00-05:00,6.872607848458378,6.9779350723847235,6.740948609283855,6.881385326385498,621300,0.0,0.0
2023-01-18 00:00:00-05:00,6.837498917904852,6.928782681311273,6.300329562320745,6.337193965911865,423900,0.0,0.0
2023-01-19 00:00:00-05:00,6.24064406033262,6.354748343176886,5.968548523724754,6.249421119689941,398500,0.0,0.0
2023-01-20 00:00:00-05:00,6.319639390476833,6.4688531692256594,6.187980567847341,6.442521572113037,319600,0.0,0.0
2023-01-23 00:00:00-05:00,6.433743968755516,6.600512281842657,6.381958021104946,6.582957744598389,428000,0.0,0.0
2023-01-24 00:00:00-05:00,6.644399014831622,6.644399014831622,6.3723034708826205,6.48640775680542,69800,0.0,0.0
2023-01-25 00:00:00-05:00,6.477630676501769,6.6707305908203125,6.372303450509835,6.6707305908203125,218300,0.0,0.0
2023-01-26 00:00:00-05:00,6.758502887755071,6.758502887755071,6.486407360433313,6.565402984619141,99300,0.0,0.0
2023-01-27 00:00:00-05:00,6.556625811366964,6.582957826828882,6.32841682434082,6.32841682434082,104500,0.0,0.0
2023-01-30 00:00:00-05:00,6.310861983769132,6.424966681068396,6.196757286469869,6.231866359710693,254500,0.0,0.0
2023-01-31 00:00:00-05:00,6.2230896628141785,6.319639410578489,6.117762018429091,6.2581987380981445,222200,0.0,0.0
2023-02-01 00:00:00-05:00,6.2669757026286135,6.389857882792465,6.152871418952444,6.363525867462158,197800,0.0,0.0
2023-02-02 00:00:00-05:00,6.398634974195018,6.433744049122118,6.214312121561155,6.32841682434082,138700,0.0,0.0
2023-02-03 00:00:00-05:00,6.28453050967912,6.28453050967912,5.95977134502435,6.012434959411621,232100,0.0,0.0
2023-02-06 00:00:00-05:00,6.012434845002741,6.056321398756964,5.928173230999779,6.038766860961914,139000,0.0,0.0
2023-02-07 00:00:00-05:00,6.0124347496837345,6.166037266855159,5.999268951179472,6.144093990325928,69500,0.0,0.0
2023-02-08 00:00:00-05:00,6.144094130508898,6.161648668426166,6.012434886862781,6.152871608734131,73700,0.0,0.0
2023-02-09 00:00:00-05:00,6.187980445372972,6.234499989982187,5.920273229316316,5.986103057861328,126100,0.0,0.0
2023-02-10 00:00:00-05:00,5.924662220487532,6.056321464649451,5.924662220487532,5.968548774719238,42300,0.0,0.0
2023-02-13 00:00:00-05:00,5.986103401218934,6.19675786016629,5.924662308092685,6.126539707183838,148300,0.0,0.0
2023-02-14 00:00:00-05:00,6.135316434855681,6.3547483603117465,6.0431554279559885,6.065098285675049,518300,0.0,0.0
2023-02-15 00:00:00-05:00,6.021211938123114,6.123906165997016,5.907107240485446,5.933439254760742,194100,0.0,0.0
2023-02-16 00:00:00-05:00,5.959771497019211,6.187980917050718,5.915884941310624,6.100207805633545,237300,0.0,0.0
2023-02-17 00:00:00-05:00,6.0563210114680635,6.065098070537717,5.863220689537676,5.933439254760742,186200,0.0,0.0
2023-02-21 00:00:00-05:00,5.994880121681098,6.028233868019437,5.907107435422194,5.915884494781494,104200,0.0,0.0
2023-02-22 00:00:00-05:00,5.90710728239162,6.029989039970689,5.714007377624512,5.714007377624512,378000,0.0,0.0
2023-02-23 00:00:00-05:00,5.731562349346178,6.038766975871858,5.714007811217088,6.012434959411621,316300,0.0,0.0
2023-02-24 00:00:00-05:00,5.977325674650242,6.258198693451375,5.924662062100002,6.144093990325928,428200,0.0,0.0
2023-02-27 00:00:00-05:00,6.152871533005292,6.229233751078895,6.038766828680832,6.073875904083252,93800,0.0,0.0
2023-02-28 00:00:00-05:00,6.073875748580703,6.073875748580703,5.898329957529713,5.915884494781494,151400,0.0,0.0
2023-03-01 00:00:00-05:00,5.9861029958762995,6.126539292331709,5.880775355001566,6.056321144104004,93700,0.0,0.0
2023-03-02 00:00:00-05:00,6.280141659458339,6.280141659458339,5.915884291563512,6.047543525695801,435900,0.0,0.0
2023-03-03 00:00:00-05:00,6.0563213880943225,6.1089850013867535,5.880775591919691,5.889553070068359,111600,0.0,0.0
2023-03-06 00:00:00-05:00,5.880775779765274,6.06509864144308,5.775448549816017,5.942216873168945,170000,0.0,0.0
2023-03-07 00:00:00-05:00,5.942216639079347,5.986103192429261,5.7491167251127475,5.775448322296143,100200,0.0,0.0
2023-03-08 00:00:00-05:00,5.793002729702444,5.9948801172140875,5.766671133110984,5.986103057861328,380200,0.0,0.0
2023-03-09 00:00:00-05:00,6.012434910417745,6.065098524375872,5.828112052297699,5.968548774719238,370700,0.0,0.0
2023-03-10 00:00:00-05:00,5.95977084028779,5.968548317875567,5.599902629852295,5.599902629852295,373400,0.0,0.0
2023-03-13 00:00:00-04:00,5.556016098469081,5.810557089943138,5.512129965975757,5.74911642074585,578800,0.0,0.0
2023-03-14 00:00:00-04:00,5.793002958455361,6.003657832171242,5.652566655000239,5.670121192932129,608400,0.0,0.0
2023-03-15 00:00:00-04:00,5.556016510946065,5.626234662974894,5.310252978845165,5.485798358917236,266000,0.0,0.0
2023-03-16 00:00:00-04:00,5.485798414468493,5.6876758128622615,5.4682438762835215,5.678898334503174,201400,0.0,0.0
2023-03-17 00:00:00-04:00,5.6525662596074655,5.766670957449813,5.494575429271793,5.74911642074585,201900,0.0,0.0
2023-03-20 00:00:00-04:00,5.740338973553441,5.801780061609561,5.643788811903302,5.714007377624512,161600,0.0,0.0
2023-03-21 00:00:00-04:00,5.749116661883968,5.867609684972443,5.696452631029994,5.845666408538818,179000,0.0,0.0
2023-03-22 00:00:00-04:00,5.907107242644721,5.994879926039178,5.768426277321528,5.863220691680908,164800,0.0,0.0
2023-03-23 00:00:00-04:00,5.871998468444865,6.012434769030737,5.856199259068997,5.959771156311035,279900,0.0,0.0
2023-03-24 00:00:00-04:00,5.915884765988533,6.196757793426514,5.915884765988533,6.196757793426514,138400,0.0,0.0
2023-03-27 00:00:00-04:00,6.240644249824143,6.315251140026062,6.152871560919884,6.302084922790527,205500,0.0,0.0
2023-03-28 00:00:00-04:00,6.2845301280999095,6.494307327318632,6.249421053973455,6.389857769012451,203900,0.0,0.0
2023-03-29 00:00:00-04:00,6.407412710405722,6.407412710405722,6.266975986504679,6.3108625411987305,75300,0.0,0.0
2023-03-30 00:00:00-04:00,6.319639314756042,6.521516703844445,6.302084777380233,6.363525867462158,91000,0.0,0.0
2023-03-31 00:00:00-04:00,6.4074128585272225,6.4512989957025955,6.082653267056753,6.100207805633545,166500,0.0,0.0
2023-04-03 00:00:00-04:00,6.161648213229045,6.231866359710693,6.073875530126983,6.231866359710693,100300,0.0,0.0
2023-04-04 00:00:00-04:00,6.249421202151083,6.249421202151083,5.942216586994004,5.994880199432373,149600,0.0,0.0
2023-04-05 00:00:00-04:00,6.082652462650003,6.082652462650003,5.7754478689161335,5.924661636352539,237500,0.0,0.0
2023-04-06 00:00:00-04:00,5.915884301717583,5.915884301717583,5.850054893805032,5.863220691680908,30600,0.0,0.0
2023-04-10 00:00:00-04:00,5.775448196767248,6.021212136825361,5.775448196767248,5.915884494781494,129800,0.0,0.0
2023-04-11 00:00:00-04:00,5.933439246745441,6.126539149881808,5.933439246745441,6.047543525695801,74000,0.0,0.0
2023-04-12 00:00:00-04:00,6.091430234554924,6.293307620517593,6.082652756736332,6.205534934997559,166300,0.0,0.0
2023-04-13 00:00:00-04:00,6.205534764046659,6.302084506192343,6.144093676608632,6.231866359710693,100800,0.0,0.0
2023-04-14 00:00:00-04:00,6.1528715440459685,6.275753308174934,6.117762050047356,6.223089694976807,211900,0.0,0.0
2023-04-17 00:00:00-04:00,6.293308148511469,6.31963974711005,6.069487467757463,6.100207805633545,145700,0.0,0.0
2023-04-18 00:00:00-04:00,6.091430218217856,6.240643992468318,5.994880055138174,6.056321144104004,135500,0.0,0.0
2023-04-19 00:00:00-04:00,5.986102993477089,5.986102993477089,5.7140074599372,5.722784519195557,204800,0.0,0.0
2023-04-20 00:00:00-04:00,5.722784783720553,5.8719985648083375,5.582348480830026,5.8544440269470215,110500,0.0,0.0
2023-04-21 00:00:00-04:00,5.836889104265667,5.863220700055028,5.72278440642332,5.74911642074585,101900,0.0,0.0
2023-04-24 00:00:00-04:00,5.810557530149706,5.810557530149706,5.635012149810791,5.635012149810791,115000,0.0,0.0
2023-04-25 00:00:00-04:00,5.582348411034867,5.599902948676702,5.310252868319837,5.512130260467529,287100,0.0,0.0
2023-04-26 00:00:00-04:00,5.5121304084585,5.617457637137357,5.398025701456469,5.450689315795898,396500,0.0,0.0
2023-04-27 00:00:00-04:00,5.450689282902822,5.61745760323789,5.450689282902822,5.485798358917236,109900,0.0,0.0
2023-04-28 00:00:00-04:00,5.459466300503625,5.507741593550755,5.3190299975298565,5.3716936111450195,310700,0.0,0.0
2023-05-01 00:00:00-04:00,5.398025403291112,5.490186827927785,5.345361791860611,5.3541388511657715,74600,0.0,0.0
2023-05-02 00:00:00-04:00,5.327807574740405,5.345362112938346,5.187370850623665,5.266366481781006,149400,0.0,0.0
2023-05-03 00:00:00-04:00,5.283920733551719,5.441911568768934,5.152261494937449,5.319029808044434,221800,0.0,0.0
2023-05-04 00:00:00-04:00,5.3278077161811295,5.406802930902402,5.266366621590614,5.275144100189209,110400,0.0,0.0
2023-05-05 00:00:00-04:00,5.371693343566662,5.670120891053646,5.275143599348194,5.573570728302002,97700,0.0,0.0
2023-05-08 00:00:00-04:00,5.635011959028873,5.653444160560428,5.4594661661001265,5.582348346710205,63700,0.0,0.0
2023-05-09 00:00:00-04:00,5.5472397113469905,5.696453082139016,5.520907693834739,5.617457866668701,51300,0.0,0.0
2023-05-10 00:00:00-04:00,5.6174571969435725,5.6174571969435725,5.459465947772555,5.564793586730957,80800,0.0,0.0
2023-05-11 00:00:00-04:00,5.53846184341916,5.793002847837695,5.398025542645676,5.626234531402588,256000,0.0,0.0
2023-05-12 00:00:00-04:00,5.627171496484907,5.954876889515691,5.627171496484907,5.889335632324219,169100,0.401,0.0
2023-05-15 00:00:00-04:00,5.992328508596507,6.020417298042569,5.7769791881692445,5.879972457885742,154200,0.0,0.0
2023-05-16 00:00:00-04:00,5.82379403866335,6.001691343793663,5.788214934807898,5.870609283447266,135500,0.0,0.0
2023-05-17 00:00:00-04:00,5.945513402608579,6.020417438159039,5.79570533150766,5.861246585845947,389300,0.0,0.0
2023-05-18 00:00:00-04:00,5.823794041092007,5.861246504812716,5.692711980690946,5.739527225494385,115000,0.0,0.0
2023-05-19 00:00:00-04:00,5.786342023834561,5.795705251380554,5.64589718235077,5.739527225494385,73900,0.0,0.0
2023-05-22 00:00:00-04:00,5.739527357059632,5.889335429523417,5.739527357059632,5.851883411407471,79500,0.0,0.0
2023-05-23 00:00:00-04:00,5.8237942394332345,5.992328769294793,5.814431458031636,5.908061504364014,234300,0.0,0.0
2023-05-24 00:00:00-04:00,5.9174248162952034,5.96423961689483,5.814431540634767,5.898698806762695,111900,0.0,0.0
2023-05-25 00:00:00-04:00,5.889335294524169,5.954876547956331,5.739527225494385,5.739527225494385,51700,0.0,0.0
2023-05-26 00:00:00-04:00,5.739527362530412,5.837839021794297,5.702075344378768,5.72080135345459,64300,0.0,0.0
2023-05-30 00:00:00-04:00,5.72080135345459,5.776979380682056,5.627171308075479,5.72080135345459,200000,0.0,0.0
2023-05-31 00:00:00-04:00,5.720801216865662,5.776979242751831,5.664623190979492,5.739527225494385,119700,0.0,0.0
2023-06-01 00:00:00-04:00,5.711438378250312,6.001691754992475,5.70956591119891,5.945513725280762,230000,0.0,0.0
2023-06-02 00:00:00-04:00,6.020417559962867,6.132774062024999,5.871545719324895,5.908061504364014,74200,0.0,0.0
2023-06-05 00:00:00-04:00,5.908061568907406,6.0672328726429745,5.870609549965305,5.964239597320557,383900,0.0,0.0
2023-06-06 00:00:00-04:00,5.982965609384734,6.226404179077181,5.982965609384734,6.160862922668457,443700,0.0,0.0
2023-06-07 00:00:00-04:00,6.245130134373734,6.348123408847224,6.1140480691568335,6.170226097106934,268800,0.0,0.0
2023-06-08 00:00:00-04:00,6.17958859068034,6.235766616013595,6.06161469283418,6.142136573791504,168900,0.0,0.0
2023-06-09 00:00:00-04:00,6.142136710613266,6.2638559914450225,6.0765954563661815,6.123410701751709,158800,0.0,0.0
2023-06-12 00:00:00-04:00,6.0485067901710545,6.1702260734954635,6.018545086086332,6.0391435623168945,170900,0.0,0.0
2023-06-13 00:00:00-04:00,6.067232611497613,6.1206019371014655,5.908061314613083,5.936150550842285,144500,0.0,0.0
2023-06-14 00:00:00-04:00,5.992328854425235,6.011054863957742,5.861246787697679,5.898698806762695,149000,0.0,0.0
2023-06-15 00:00:00-04:00,5.898698465150469,6.0859585496307265,5.894016851422648,6.011054515838623,925500,0.0,0.0
2023-06-16 00:00:00-04:00,6.011054730771957,6.1983148219479505,6.011054730771957,6.114048004150391,562100,0.0,0.0
2023-06-20 00:00:00-04:00,6.132773819669147,6.404301166534424,6.132773819669147,6.404301166534424,542000,0.0,0.0
2023-06-21 00:00:00-04:00,6.366849488941886,6.6758288693338885,6.366849488941886,6.619650840759277,887500,0.0,0.0
2023-06-22 00:00:00-04:00,6.591561522365707,6.629013540955932,6.282582145764701,6.3013081550598145,390000,0.0,0.0
2023-06-23 00:00:00-04:00,6.273218990612355,6.3855754941488865,6.179588943051315,6.226404190063477,252700,0.0,0.0
2023-06-26 00:00:00-04:00,6.235766910686312,6.535383506418717,6.226404129253291,6.366849422454834,479500,0.0,0.0
2023-06-27 00:00:00-04:00,6.497931339191047,6.685191428202726,6.423027303586376,6.647739410400391,500100,0.0,0.0
2023-06-28 00:00:00-04:00,6.638376830873492,6.7694588971642995,6.6290136029067925,6.685191631317139,1003200,0.0,0.0
2023-06-29 00:00:00-04:00,6.638376718798685,6.844362819492319,6.599051787051062,6.835000038146973,831200,0.0,0.0
2023-06-30 00:00:00-04:00,6.880000114440918,6.920000076293945,6.639999866485596,6.800000190734863,647800,0.465,0.0
2023-07-03 00:00:00-04:00,6.860000133514404,6.980000019073486,6.78000020980835,6.820000171661377,129800,0.0,0.0
2023-07-05 00:00:00-04:00,6.800000190734863,7.03000020980835,6.739999771118164,6.929999828338623,550600,0.0,0.0
2023-07-06 00:00:00-04:00,6.849999904632568,6.889999866485596,6.679999828338623,6.820000171661377,414500,0.0,0.0
2023-07-07 00:00:00-04:00,6.800000190734863,6.855000019073486,6.690000057220459,6.71999979019165,321500,0.0,0.0
2023-07-10 00:00:00-04:00,6.71999979019165,6.829999923706055,6.679999828338623,6.730000019073486,282400,0.0,0.0
2023-07-11 00:00:00-04:00,6.699999809265137,6.809999942779541,6.659999847412109,6.75,189400,0.0,0.0
2023-07-12 00:00:00-04:00,6.78000020980835,6.849999904632568,6.769999980926514,6.800000190734863,160900,0.0,0.0
2023-07-13 00:00:00-04:00,6.809999942779541,7.170000076293945,6.809999942779541,7.059999942779541,1238000,0.0,0.0
2023-07-14 00:00:00-04:00,7.150000095367432,7.230000019073486,6.71999979019165,6.75,336700,0.0,0.0
2023-07-17 00:00:00-04:00,6.699999809265137,6.835000038146973,6.699999809265137,6.739999771118164,410900,0.0,0.0
2023-07-18 00:00:00-04:00,6.71999979019165,6.829999923706055,6.71999979019165,6.760000228881836,403800,0.0,0.0
2023-07-19 00:00:00-04:00,6.760000228881836,6.855000019073486,6.619999885559082,6.670000076293945,278600,0.0,0.0
2023-07-20 00:00:00-04:00,6.699999809265137,6.760000228881836,6.599999904632568,6.630000114440918,188400,0.0,0.0
2023-07-21 00:00:00-04:00,6.630000114440918,6.815000057220459,6.550000190734863,6.769999980926514,279200,0.0,0.0
2023-07-24 00:00:00-04:00,6.829999923706055,7.045000076293945,6.820000171661377,6.989999771118164,462400,0.0,0.0
2023-07-25 00:00:00-04:00,6.980000019073486,7.078000068664551,6.849999904632568,6.849999904632568,169800,0.0,0.0
2023-07-26 00:00:00-04:00,6.869999885559082,7.066999912261963,6.800000190734863,6.889999866485596,166300,0.0,0.0
2023-07-27 00:00:00-04:00,6.900000095367432,6.96999979019165,6.614999771118164,6.630000114440918,295700,0.0,0.0
2023-07-28 00:00:00-04:00,6.659999847412109,6.75,6.599999904632568,6.650000095367432,129100,0.0,0.0
2023-07-31 00:00:00-04:00,6.679999828338623,6.800000190734863,6.579999923706055,6.659999847412109,152300,0.0,0.0
2023-08-01 00:00:00-04:00,6.590000152587891,6.679999828338623,6.510000228881836,6.559999942779541,144700,0.0,0.0
2023-08-02 00:00:00-04:00,6.539999961853027,6.610000133514404,6.315000057220459,6.329999923706055,218300,0.0,0.0
2023-08-03 00:00:00-04:00,6.309999942779541,6.53000020980835,6.260000228881836,6.480000019073486,279000,0.0,0.0
2023-08-04 00:00:00-04:00,6.510000228881836,6.599999904632568,6.46999979019165,6.519999980926514,97100,0.0,0.0
2023-08-07 00:00:00-04:00,6.510000228881836,6.570000171661377,6.389999866485596,6.46999979019165,209500,0.0,0.0
2023-08-08 00:00:00-04:00,6.400000095367432,6.659999847412109,6.329999923706055,6.650000095367432,338900,0.0,0.0
2023-08-09 00:00:00-04:00,6.739999771118164,6.739999771118164,6.460000038146973,6.489999771118164,259900,0.0,0.0
2023-08-10 00:00:00-04:00,6.599999904632568,6.639999866485596,6.340000152587891,6.360000133514404,297600,0.0,0.0
2023-08-11 00:00:00-04:00,6.429999828338623,6.639999866485596,6.369999885559082,6.570000171661377,228800,0.0,0.0
2023-08-14 00:00:00-04:00,6.5,6.619999885559082,5.909999847412109,6.260000228881836,588100,0.0,0.0
2023-08-15 00:00:00-04:00,6.150000095367432,6.304999828338623,6.110000133514404,6.119999885559082,344700,0.0,0.0
2023-08-16 00:00:00-04:00,6.110000133514404,6.339000225067139,6.010000228881836,6.210000038146973,428700,0.0,0.0
2023-08-17 00:00:00-04:00,6.269999980926514,6.449999809265137,6.230000019073486,6.260000228881836,276600,0.0,0.0
2023-08-18 00:00:00-04:00,6.269999980926514,6.480000019073486,6.269999980926514,6.449999809265137,209600,0.0,0.0
2023-08-21 00:00:00-04:00,6.429999828338623,6.5,6.269999980926514,6.349999904632568,134100,0.0,0.0
2023-08-22 00:00:00-04:00,6.380000114440918,6.489999771118164,6.309999942779541,6.46999979019165,188300,0.0,0.0
2023-08-23 00:00:00-04:00,6.5,6.639999866485596,6.380000114440918,6.519999980926514,353300,0.0,0.0
2023-08-24 00:00:00-04:00,6.510000228881836,6.550000190734863,6.420000076293945,6.46999979019165,113800,0.0,0.0
2023-08-25 00:00:00-04:00,6.429999828338623,6.5279998779296875,6.320000171661377,6.5,124700,0.0,0.0
2023-08-28 00:00:00-04:00,6.5,6.650000095367432,6.480000019073486,6.579999923706055,186300,0.0,0.0
2023-08-29 00:00:00-04:00,6.590000152587891,6.698999881744385,6.559999942779541,6.659999847412109,333100,0.0,0.0
2023-08-30 00:00:00-04:00,6.75,7.050000190734863,6.570000171661377,6.679999828338623,1251500,0.0,0.0
2023-08-31 00:00:00-04:00,6.670000076293945,6.78000020980835,6.454999923706055,6.670000076293945,486800,0.0,0.0
2023-09-01 00:00:00-04:00,6.659999847412109,6.684999942779541,6.460000038146973,6.460000038146973,194000,0.0,0.0
2023-09-05 00:00:00-04:00,6.420000076293945,6.420000076293945,6.218999862670898,6.269999980926514,295500,0.0,0.0
2023-09-06 00:00:00-04:00,6.269999980926514,6.289000034332275,5.989999771118164,6.0,487000,0.0,0.0
2023-09-07 00:00:00-04:00,6.019999980926514,6.090000152587891,5.920000076293945,5.960000038146973,265500,0.0,0.0
2023-09-08 00:00:00-04:00,5.96999979019165,6.025000095367432,5.880000114440918,5.900000095367432,229200,0.0,0.0
2023-09-11 00:00:00-04:00,5.920000076293945,5.980000019073486,5.78000020980835,5.909999847412109,174300,0.0,0.0
2023-09-12 00:00:00-04:00,5.900000095367432,6.090000152587891,5.860000133514404,6.090000152587891,159800,0.0,0.0
2023-09-13 00:00:00-04:00,6.170000076293945,6.170000076293945,5.909999847412109,6.070000171661377,287400,0.0,0.0
2023-09-14 00:00:00-04:00,6.150000095367432,6.150000095367432,5.980000019073486,6.059999942779541,206600,0.0,0.0
2023-09-15 00:00:00-04:00,6.070000171661377,6.079999923706055,5.934999942779541,5.960000038146973,169300,0.0,0.0
2023-09-18 00:00:00-04:00,5.920000076293945,6.264999866485596,5.920000076293945,6.25,345600,0.0,0.0
2023-09-19 00:00:00-04:00,6.289999961853027,6.309999942779541,6.070000171661377,6.159999847412109,120000,0.0,0.0
2023-09-20 00:00:00-04:00,6.230000019073486,6.230000019073486,6.050000190734863,6.090000152587891,135500,0.0,0.0
2023-09-21 00:00:00-04:00,6.03000020980835,6.123000144958496,5.929999828338623,5.949999809265137,505500,0.0,0.0
2023-09-22 00:00:00-04:00,5.989999771118164,6.03000020980835,5.889999866485596,5.940000057220459,265900,0.0,0.0
2023-09-25 00:00:00-04:00,5.929999828338623,5.96999979019165,5.869999885559082,5.869999885559082,169800,0.0,0.0
2023-09-26 00:00:00-04:00,5.800000190734863,5.951000213623047,5.800000190734863,5.889999866485596,283600,0.0,0.0
2023-09-27 00:00:00-04:00,5.909999847412109,6.130000114440918,5.89300012588501,6.079999923706055,391500,0.0,0.0
2023-09-28 00:00:00-04:00,6.099999904632568,6.230000019073486,6.079999923706055,6.21999979019165,290900,0.0,0.0
2023-09-29 00:00:00-04:00,6.25,6.309999942779541,5.974999904632568,6.03000020980835,351200,0.0,0.0
2023-10-02 00:00:00-04:00,6.019999980926514,6.039999961853027,5.909999847412109,6.0,197400,0.0,0.0
2023-10-03 00:00:00-04:00,5.920000076293945,6.019000053405762,5.885000228881836,5.909999847412109,355300,0.0,0.0
2023-10-04 00:00:00-04:00,5.880000114440918,6.090000152587891,5.820000171661377,6.059999942779541,271700,0.0,0.0
2023-10-05 00:00:00-04:00,6.070000171661377,6.118000030517578,5.960000038146973,6.039999961853027,145200,0.0,0.0
2023-10-06 00:00:00-04:00,5.960000038146973,6.170000076293945,5.960000038146973,6.130000114440918,86100,0.0,0.0
2023-10-09 00:00:00-04:00,6.150000095367432,6.239999771118164,6.090000152587891,6.139999866485596,139200,0.0,0.0
2023-10-10 00:00:00-04:00,6.159999847412109,6.239999771118164,6.085999965667725,6.190000057220459,268200,0.0,0.0
2023-10-11 00:00:00-04:00,6.21999979019165,6.440000057220459,6.209000110626221,6.429999828338623,179100,0.0,0.0
2023-10-12 00:00:00-04:00,6.480000019073486,6.619999885559082,6.329999923706055,6.550000190734863,538500,0.0,0.0
2023-10-13 00:00:00-04:00,6.559999942779541,6.690000057220459,6.519999980926514,6.550000190734863,90300,0.0,0.0
2023-10-16 00:00:00-04:00,6.550000190734863,6.639999866485596,6.53000020980835,6.619999885559082,127500,0.0,0.0
2023-10-17 00:00:00-04:00,6.670000076293945,6.820000171661377,6.603000164031982,6.800000190734863,694000,0.0,0.0
2023-10-18 00:00:00-04:00,6.860000133514404,6.868000030517578,6.535999774932861,6.590000152587891,572100,0.0,0.0
2023-10-19 00:00:00-04:00,6.610000133514404,6.71999979019165,6.369999885559082,6.46999979019165,234600,0.0,0.0
2023-10-20 00:00:00-04:00,6.46999979019165,6.480000019073486,6.360000133514404,6.420000076293945,300100,0.0,0.0
2023-10-23 00:00:00-04:00,6.179999828338623,6.210000038146973,5.829999923706055,5.840000152587891,933100,0.0,0.0
2023-10-24 00:00:00-04:00,5.849999904632568,6.050000190734863,5.820000171661377,5.909999847412109,640900,0.0,0.0
2023-10-25 00:00:00-04:00,5.940000057220459,6.199999809265137,5.889999866485596,6.050000190734863,297000,0.0,0.0
2023-10-26 00:00:00-04:00,6.0,6.159999847412109,6.0,6.03000020980835,207400,0.0,0.0
2023-10-27 00:00:00-04:00,6.0,6.039999961853027,5.960000038146973,6.019999980926514,137800,0.0,0.0
2023-10-30 00:00:00-04:00,6.0,6.070000171661377,5.840000152587891,5.869999885559082,382700,0.0,0.0
2023-10-31 00:00:00-04:00,5.889999866485596,5.920000076293945,5.679999828338623,5.699999809265137,182900,0.0,0.0
2023-11-01 00:00:00-04:00,5.690000057220459,5.840000152587891,5.639999866485596,5.78000020980835,219700,0.0,0.0
2023-11-02 00:00:00-04:00,5.809999942779541,5.989999771118164,5.809999942779541,5.900000095367432,216400,0.0,0.0
2023-11-03 00:00:00-04:00,5.949999809265137,6.170000076293945,5.949999809265137,6.079999923706055,229500,0.0,0.0
2023-11-06 00:00:00-05:00,6.079999923706055,6.170000076293945,6.001999855041504,6.139999866485596,131900,0.0,0.0
2023-11-07 00:00:00-05:00,6.159999847412109,6.284999847412109,6.110000133514404,6.190000057220459,323400,0.0,0.0
2023-11-08 00:00:00-05:00,6.170000076293945,6.190000057220459,5.909999847412109,5.920000076293945,153100,0.0,0.0
2023-11-09 00:00:00-05:00,5.909999847412109,6.190000057220459,5.909999847412109,5.949999809265137,180600,0.0,0.0
2023-11-10 00:00:00-05:00,6.0,6.125,6.0,6.050000190734863,128400,0.0,0.0
2023-11-13 00:00:00-05:00,6.0,6.050000190734863,5.849999904632568,5.860000133514404,109600,0.0,0.0
2023-11-14 00:00:00-05:00,5.929999828338623,6.039999961853027,5.909999847412109,6.0,310100,0.0,0.0
2023-11-15 00:00:00-05:00,6.019999980926514,6.03000020980835,5.769999980926514,5.820000171661377,224800,0.0,0.0
2023-11-16 00:00:00-05:00,5.760000228881836,5.849999904632568,5.71999979019165,5.75,161800,0.0,0.0
2023-11-17 00:00:00-05:00,5.889999866485596,6.0,5.860000133514404,5.940000057220459,231400,0.0,0.0
2023-11-20 00:00:00-05:00,6.78000020980835,7.0,6.480000019073486,6.800000190734863,1749000,0.0,0.0
2023-11-21 00:00:00-05:00,6.800000190734863,6.929999828338623,6.480000019073486,6.570000171661377,322600,0.0,0.0
2023-11-22 00:00:00-05:00,6.550000190734863,6.579999923706055,6.284999847412109,6.389999866485596,337600,0.0,0.0
2023-11-24 00:00:00-05:00,6.409999847412109,6.71999979019165,6.409999847412109,6.5,303900,0.0,0.0
2023-11-27 00:00:00-05:00,6.699999809265137,6.869999885559082,6.5,6.539999961853027,770100,0.0,0.0
2023-11-28 00:00:00-05:00,6.599999904632568,6.599999904632568,6.260000228881836,6.360000133514404,288000,0.0,0.0
2023-11-29 00:00:00-05:00,6.380000114440918,6.53000020980835,6.21999979019165,6.449999809265137,291100,0.0,0.0
2023-11-30 00:00:00-05:00,6.489999771118164,6.679999828338623,6.360000133514404,6.519999980926514,360400,0.0,0.0
2023-12-01 00:00:00-05:00,6.5,6.639999866485596,6.494999885559082,6.619999885559082,310500,0.0,0.0
2023-12-04 00:00:00-05:00,6.599999904632568,6.670000076293945,6.489999771118164,6.579999923706055,174200,0.0,0.0
2023-12-05 00:00:00-05:00,6.590000152587891,6.670000076293945,6.539999961853027,6.650000095367432,242700,0.0,0.0
2023-12-06 00:00:00-05:00,6.690000057220459,6.789999961853027,6.5,6.539999961853027,370400,0.0,0.0
2023-12-07 00:00:00-05:00,6.590000152587891,6.699999809265137,6.519999980926514,6.53000020980835,162700,0.0,0.0
2023-12-08 00:00:00-05:00,6.510000228881836,6.71999979019165,6.510000228881836,6.699999809265137,145000,0.0,0.0
2023-12-11 00:00:00-05:00,6.75,6.75,6.480000019073486,6.519999980926514,623200,0.0,0.0
2023-12-12 00:00:00-05:00,6.489999771118164,6.815000057220459,6.380000114440918,6.760000228881836,453800,0.0,0.0
2023-12-13 00:00:00-05:00,6.730000019073486,6.78000020980835,6.519999980926514,6.71999979019165,476600,0.0,0.0
2023-12-14 00:00:00-05:00,6.920000076293945,6.998000144958496,6.71999979019165,6.849999904632568,438700,0.0,0.0
2023-12-15 00:00:00-05:00,6.849999904632568,6.940000057220459,6.610000133514404,6.650000095367432,253000,0.0,0.0
2023-12-18 00:00:00-05:00,6.75,6.800000190734863,6.650000095367432,6.75,221100,0.0,0.0
2023-12-19 00:00:00-05:00,6.739999771118164,6.849999904632568,6.710000038146973,6.800000190734863,182300,0.0,0.0
2023-12-20 00:00:00-05:00,6.829999923706055,7.0,6.789999961853027,6.809999942779541,494700,0.0,0.0
2023-12-21 00:00:00-05:00,6.909999847412109,7.099999904632568,6.849999904632568,6.989999771118164,417000,0.0,0.0
2023-12-22 00:00:00-05:00,7.090000152587891,7.090000152587891,6.889999866485596,6.909999847412109,298000,0.0,0.0
2023-12-26 00:00:00-05:00,6.909999847412109,7.079999923706055,6.885000228881836,7.059999942779541,372900,0.0,0.0
2023-12-27 00:00:00-05:00,7.090000152587891,7.300000190734863,7.050000190734863,7.079999923706055,405100,0.0,0.0
2023-12-28 00:00:00-05:00,7.070000171661377,7.150000095367432,7.019999980926514,7.090000152587891,350500,0.0,0.0
2023-12-29 00:00:00-05:00,7.150000095367432,7.190000057220459,7.050000190734863,7.090000152587891,318400,0.0,0.0
2024-01-02 00:00:00-05:00,7.059999942779541,7.099999904632568,6.909999847412109,7.0,288500,0.0,0.0
2024-01-03 00:00:00-05:00,7.039999961853027,7.039999961853027,6.840000152587891,6.869999885559082,206700,0.0,0.0
2024-01-04 00:00:00-05:00,6.849999904632568,6.849999904632568,6.599999904632568,6.650000095367432,296500,0.0,0.0
2024-01-05 00:00:00-05:00,6.670000076293945,6.748000144958496,6.539999961853027,6.690000057220459,231600,0.0,0.0
2024-01-08 00:00:00-05:00,6.690000057220459,6.75,6.611999988555908,6.710000038146973,223200,0.0,0.0
2024-01-09 00:00:00-05:00,6.679999828338623,6.679999828338623,6.550000190734863,6.599999904632568,207600,0.0,0.0
2024-01-10 00:00:00-05:00,6.599999904632568,6.635000228881836,6.480000019073486,6.610000133514404,167700,0.0,0.0
2024-01-11 00:00:00-05:00,6.610000133514404,6.660999774932861,6.559999942779541,6.599999904632568,183200,0.0,0.0
2024-01-12 00:00:00-05:00,6.610000133514404,6.670000076293945,6.5920000076293945,6.650000095367432,150000,0.0,0.0
2024-01-16 00:00:00-05:00,6.599999904632568,6.618000030517578,6.400000095367432,6.510000228881836,631400,0.0,0.0
2024-01-17 00:00:00-05:00,6.440000057220459,6.609000205993652,6.394999980926514,6.590000152587891,372900,0.0,0.0
2024-01-18 00:00:00-05:00,6.559999942779541,6.75,6.489999771118164,6.71999979019165,288600,0.0,0.0
2024-01-19 00:00:00-05:00,6.710000038146973,6.889999866485596,6.590000152587891,6.889999866485596,387700,0.0,0.0
2024-01-22 00:00:00-05:00,6.869999885559082,7.329999923706055,6.86899995803833,7.320000171661377,607200,0.0,0.0
2024-01-23 00:00:00-05:00,7.369999885559082,7.420000076293945,7.11899995803833,7.25,327700,0.0,0.0
2024-01-24 00:00:00-05:00,7.400000095367432,7.400000095367432,7.099999904632568,7.110000133514404,404000,0.0,0.0
2024-01-25 00:00:00-05:00,7.179999828338623,7.380000114440918,7.179999828338623,7.28000020980835,341400,0.0,0.0
2024-01-26 00:00:00-05:00,7.349999904632568,7.40500020980835,7.164999961853027,7.179999828338623,244900,0.0,0.0
2024-01-29 00:00:00-05:00,7.199999809265137,7.276000022888184,7.039999961853027,7.119999885559082,241700,0.0,0.0
2024-01-30 00:00:00-05:00,7.03000020980835,7.210000038146973,7.03000020980835,7.190000057220459,214400,0.0,0.0
2024-01-31 00:00:00-05:00,7.199999809265137,7.2779998779296875,7.059999942779541,7.090000152587891,191200,0.0,0.0
2024-02-01 00:00:00-05:00,7.099999904632568,7.21999979019165,7.050000190734863,7.190000057220459,199300,0.0,0.0
2024-02-02 00:00:00-05:00,7.139999866485596,7.210000038146973,7.079999923706055,7.119999885559082,213200,0.0,0.0
2024-02-05 00:00:00-05:00,7.079999923706055,7.110000133514404,6.699999809265137,6.78000020980835,369500,0.0,0.0
2024-02-06 00:00:00-05:00,6.789999961853027,6.840000152587891,6.639999866485596,6.710000038146973,329900,0.0,0.0
2024-02-07 00:00:00-05:00,6.699999809265137,6.78000020980835,6.329999923706055,6.429999828338623,521000,0.0,0.0
2024-02-08 00:00:00-05:00,6.400000095367432,6.519999980926514,6.199999809265137,6.21999979019165,343600,0.0,0.0
2024-02-09 00:00:00-05:00,6.25,6.3420000076293945,6.210000038146973,6.21999979019165,289000,0.0,0.0
2024-02-12 00:00:00-05:00,6.210000038146973,6.300000190734863,6.210000038146973,6.230000019073486,153400,0.0,0.0
2024-02-13 00:00:00-05:00,6.199999809265137,6.269999980926514,6.130000114440918,6.21999979019165,288800,0.0,0.0
2024-02-14 00:00:00-05:00,6.28000020980835,6.420000076293945,6.28000020980835,6.389999866485596,294200,0.0,0.0
2024-02-15 00:00:00-05:00,6.389999866485596,6.46999979019165,6.364999771118164,6.420000076293945,268400,0.0,0.0
2024-02-16 00:00:00-05:00,6.360000133514404,6.460000038146973,6.360000133514404,6.360000133514404,202600,0.0,0.0
2024-02-20 00:00:00-05:00,6.360000133514404,6.53000020980835,6.329999923706055,6.400000095367432,244900,0.0,0.0
2024-02-21 00:00:00-05:00,6.400000095367432,6.53000020980835,6.28000020980835,6.480000019073486,553000,0.0,0.0
2024-02-22 00:00:00-05:00,6.5,7.191999912261963,6.5,6.869999885559082,989700,0.0,0.0
2024-02-23 00:00:00-05:00,6.840000152587891,6.932000160217285,6.679999828338623,6.699999809265137,258300,0.0,0.0
2024-02-26 00:00:00-05:00,6.71999979019165,6.800000190734863,6.5,6.619999885559082,645300,0.0,0.0
2024-02-27 00:00:00-05:00,6.630000114440918,6.789999961853027,6.340000152587891,6.489999771118164,684700,0.0,0.0
2024-02-28 00:00:00-05:00,6.409999847412109,6.550000190734863,6.329999923706055,6.400000095367432,400400,0.0,0.0
2024-02-29 00:00:00-05:00,6.5,6.699999809265137,6.420000076293945,6.570000171661377,654200,0.0,0.0
2024-03-01 00:00:00-05:00,6.610000133514404,6.880000114440918,6.525000095367432,6.809999942779541,296600,0.0,0.0
2024-03-04 00:00:00-05:00,6.940000057220459,7.251999855041504,6.940000057220459,6.980000019073486,841900,0.0,0.0
2024-03-05 00:00:00-05:00,6.949999809265137,7.050000190734863,6.659999847412109,6.659999847412109,547100,0.0,0.0
2024-03-06 00:00:00-05:00,6.690000057220459,6.869999885559082,6.690000057220459,6.78000020980835,680900,0.0,0.0
2024-03-07 00:00:00-05:00,6.659999847412109,6.849999904632568,6.519999980926514,6.539999961853027,897500,0.0,0.0
2024-03-08 00:00:00-05:00,6.519999980926514,6.800000190734863,6.519999980926514,6.670000076293945,464500,0.0,0.0
2024-03-11 00:00:00-04:00,6.690000057220459,6.690000057220459,6.559999942779541,6.639999866485596,206700,0.0,0.0
2024-03-12 00:00:00-04:00,6.619999885559082,6.789999961853027,6.579999923706055,6.679999828338623,213000,0.0,0.0
2024-03-13 00:00:00-04:00,6.730000019073486,7.050000190734863,6.730000019073486,6.909999847412109,329500,0.0,0.0
2024-03-14 00:00:00-04:00,6.869999885559082,6.929999828338623,6.730000019073486,6.820000171661377,217700,0.0,0.0
2024-03-15 00:00:00-04:00,6.75,7.0,6.75,6.940000057220459,255300,0.0,0.0
2024-03-18 00:00:00-04:00,7.010000228881836,7.144000053405762,6.8520002365112305,7.110000133514404,324100,0.0,0.0
2024-03-19 00:00:00-04:00,7.239999771118164,7.289999961853027,7.0,7.010000228881836,769000,0.0,0.0
2024-03-20 00:00:00-04:00,7.019999980926514,7.25,7.019999980926514,7.199999809265137,333300,0.0,0.0
2024-03-21 00:00:00-04:00,7.199999809265137,7.313000202178955,7.079999923706055,7.289999961853027,548700,0.0,0.0
2024-03-22 00:00:00-04:00,7.320000171661377,7.369999885559082,7.03000020980835,7.130000114440918,561600,0.0,0.0
2024-03-25 00:00:00-04:00,7.190000057220459,7.340000152587891,7.050000190734863,7.130000114440918,627300,0.0,0.0
2024-03-26 00:00:00-04:00,7.159999847412109,7.210000038146973,6.909999847412109,6.909999847412109,358700,0.0,0.0
2024-03-27 00:00:00-04:00,6.889999866485596,6.920000076293945,6.710000038146973,6.820000171661377,554500,0.0,0.0
2024-03-28 00:00:00-04:00,6.880000114440918,6.929999828338623,6.679999828338623,6.679999828338623,278300,0.0,0.0
2024-04-01 00:00:00-04:00,6.650000095367432,6.695000171661377,6.53000020980835,6.550000190734863,225000,0.0,0.0
2024-04-02 00:00:00-04:00,6.5,6.590000152587891,6.429999828338623,6.46999979019165,197500,0.0,0.0
2024-04-03 00:00:00-04:00,6.474999904632568,6.739999771118164,6.429999828338623,6.710000038146973,307100,0.0,0.0
2024-04-04 00:00:00-04:00,6.505000114440918,6.639999866485596,6.420000076293945,6.519999980926514,687300,0.0,0.0
2024-04-05 00:00:00-04:00,6.550000190734863,6.849999904632568,6.449999809265137,6.820000171661377,555200,0.0,0.0
2024-04-08 00:00:00-04:00,6.920000076293945,7.690000057220459,6.920000076293945,7.599999904632568,1637200,0.0,0.0
2024-04-09 00:00:00-04:00,7.75,7.869999885559082,7.349999904632568,7.519999980926514,1112200,0.0,0.0
2024-04-10 00:00:00-04:00,7.519999980926514,7.545000076293945,7.190000057220459,7.239999771118164,376500,0.0,0.0
2024-04-11 00:00:00-04:00,7.25,7.400000095367432,7.125,7.389999866485596,492600,0.0,0.0
2024-04-12 00:00:00-04:00,7.389999866485596,7.5,7.239999771118164,7.260000228881836,458100,0.0,0.0
2024-04-15 00:00:00-04:00,7.380000114440918,7.380000114440918,6.929999828338623,6.96999979019165,394100,0.0,0.0
2024-04-16 00:00:00-04:00,6.929999828338623,6.960000038146973,6.789999961853027,6.869999885559082,372100,0.0,0.0
2024-04-17 00:00:00-04:00,6.920000076293945,6.980000019073486,6.724999904632568,6.75,428300,0.0,0.0
2024-04-18 00:00:00-04:00,6.78000020980835,6.829999923706055,6.640999794006348,6.690000057220459,367000,0.0,0.0
2024-04-19 00:00:00-04:00,6.650000095367432,6.960000038146973,6.644999980926514,6.900000095367432,312500,0.0,0.0
2024-04-22 00:00:00-04:00,6.889999866485596,7.190000057220459,6.795000076293945,7.159999847412109,451600,0.0,0.0
2024-04-23 00:00:00-04:00,7.150000095367432,7.269999980926514,7.010000228881836,7.110000133514404,213200,0.0,0.0
2024-04-24 00:00:00-04:00,7.099999904632568,7.138000011444092,6.960000038146973,7.019999980926514,212500,0.0,0.0
2024-04-25 00:00:00-04:00,6.960000038146973,7.239999771118164,6.860000133514404,7.170000076293945,350500,0.0,0.0
2024-04-26 00:00:00-04:00,7.190000057220459,7.25,7.079999923706055,7.190000057220459,359500,0.0,0.0
2024-04-29 00:00:00-04:00,7.110000133514404,7.389999866485596,7.110000133514404,7.25,566700,0.0,0.0
2024-04-30 00:00:00-04:00,7.224999904632568,7.40500020980835,7.070000171661377,7.139999866485596,549900,0.0,0.0
2024-05-01 00:00:00-04:00,7.130000114440918,7.25,7.0,7.079999923706055,214900,0.0,0.0
2024-05-02 00:00:00-04:00,7.25,7.320000171661377,7.159999847412109,7.239999771118164,579200,0.0,0.0
2024-05-03 00:00:00-04:00,7.360000133514404,7.670000076293945,7.289999961853027,7.420000076293945,1068300,0.0,0.0
2024-05-06 00:00:00-04:00,7.460000038146973,7.671999931335449,7.369999885559082,7.599999904632568,2134200,0.0,0.0
2024-05-07 00:00:00-04:00,7.739999771118164,7.849999904632568,7.410999774932861,7.489999771118164,1673800,0.0,0.0
2024-05-08 00:00:00-04:00,7.489999771118164,7.579999923706055,7.449999809265137,7.480000019073486,822600,0.0,0.0
2024-05-09 00:00:00-04:00,7.46999979019165,7.519999980926514,7.429999828338623,7.5,520000,0.0,0.0
2024-05-10 00:00:00-04:00,7.519999980926514,7.739999771118164,7.519999980926514,7.679999828338623,935200,0.0,0.0
2024-05-13 00:00:00-04:00,7.679999828338623,7.75,7.210000038146973,7.21999979019165,701900,0.0,0.0
2024-05-14 00:00:00-04:00,7.239999771118164,7.400000095367432,7.050000190734863,7.150000095367432,756800,0.0,0.0
2024-05-15 00:00:00-04:00,7.239999771118164,7.559999942779541,7.179999828338623,7.539999961853027,499400,0.0,0.0
2024-05-16 00:00:00-04:00,7.510000228881836,7.644999980926514,7.449999809265137,7.579999923706055,554200,0.0,0.0
2024-05-17 00:00:00-04:00,7.570000171661377,7.639999866485596,7.429999828338623,7.449999809265137,522800,0.0,0.0
2024-05-20 00:00:00-04:00,7.449999809265137,7.539999961853027,7.400000095367432,7.429999828338623,324200,0.0,0.0
2024-05-21 00:00:00-04:00,7.429999828338623,7.510000228881836,7.239999771118164,7.28000020980835,465600,0.0,0.0
2024-05-22 00:00:00-04:00,7.25,7.28000020980835,6.909999847412109,6.909999847412109,655700,0.0,0.0
2024-05-23 00:00:00-04:00,6.989999771118164,7.1479997634887695,6.769999980926514,6.840000152587891,424700,0.0,0.0
2024-05-24 00:00:00-04:00,6.929999828338623,7.031000137329102,6.800000190734863,6.929999828338623,343600,0.0,0.0
2024-05-28 00:00:00-04:00,6.980000019073486,7.139999866485596,6.914999961853027,7.099999904632568,305600,0.0,0.0
2024-05-29 00:00:00-04:00,7.050000190734863,7.269999980926514,6.949999809265137,7.230000019073486,272000,0.0,0.0
2024-05-30 00:00:00-04:00,7.300000190734863,7.519999980926514,7.289999961853027,7.519999980926514,350800,0.0,0.0
2024-05-31 00:00:00-04:00,7.579999923706055,7.579999923706055,7.230000019073486,7.460000038146973,453200,0.0,0.0
2024-06-03 00:00:00-04:00,7.480000019073486,7.480000019073486,7.230000019073486,7.320000171661377,363400,0.0,0.0
2024-06-04 00:00:00-04:00,7.239999771118164,7.2779998779296875,6.960000038146973,6.989999771118164,337900,0.0,0.0
2024-06-05 00:00:00-04:00,7.0,7.230000019073486,6.849999904632568,7.119999885559082,565800,0.0,0.0
2024-06-06 00:00:00-04:00,7.119999885559082,7.119999885559082,6.909999847412109,7.050000190734863,309400,0.0,0.0
2024-06-07 00:00:00-04:00,7.059999942779541,7.170000076293945,6.96999979019165,6.989999771118164,426900,0.0,0.0
2024-06-10 00:00:00-04:00,6.960000038146973,7.199999809265137,6.840000152587891,7.179999828338623,446500,0.0,0.0
2024-06-11 00:00:00-04:00,7.150000095367432,7.150000095367432,6.940000057220459,6.960000038146973,169300,0.0,0.0
2024-06-12 00:00:00-04:00,7.090000152587891,7.139999866485596,6.980000019073486,7.0,191400,0.0,0.0
2024-06-13 00:00:00-04:00,7.190000057220459,7.5,7.099999904632568,7.170000076293945,712400,0.0,0.0
2024-06-14 00:00:00-04:00,7.150000095367432,7.199999809265137,7.0,7.139999866485596,381100,0.0,0.0
2024-06-17 00:00:00-04:00,7.099999904632568,7.110000133514404,6.889999866485596,6.949999809265137,156300,0.0,0.0
2024-06-18 00:00:00-04:00,7.03000020980835,7.139999866485596,7.019999980926514,7.070000171661377,244100,0.0,0.0
2024-06-20 00:00:00-04:00,7.0,7.039999961853027,6.869999885559082,6.949999809265137,567400,0.0,0.0
2024-06-21 00:00:00-04:00,6.965000152587891,7.070000171661377,6.809999942779541,6.849999904632568,535300,0.0,0.0
2024-06-24 00:00:00-04:00,6.900000095367432,6.938000202178955,6.75,6.889999866485596,560900,0.0,0.0
2024-06-25 00:00:00-04:00,6.889999866485596,6.929999828338623,6.789999961853027,6.840000152587891,347600,0.0,0.0
2024-06-26 00:00:00-04:00,6.869999885559082,6.875999927520752,6.710000038146973,6.710000038146973,325200,0.0,0.0
2024-06-27 00:00:00-04:00,6.739999771118164,6.889999866485596,6.590000152587891,6.849999904632568,415500,0.0,0.0
2024-06-28 00:00:00-04:00,6.920000076293945,6.940000057220459,6.710000038146973,6.760000228881836,193500,0.0,0.0
2024-07-01 00:00:00-04:00,6.789999961853027,6.840000152587891,6.480000019073486,6.53000020980835,319100,0.0,0.0
2024-07-02 00:00:00-04:00,6.53000020980835,6.630000114440918,6.460000038146973,6.590000152587891,204500,0.0,0.0
2024-07-03 00:00:00-04:00,6.630000114440918,6.860000133514404,6.630000114440918,6.75,131200,0.0,0.0
2024-07-05 00:00:00-04:00,6.78000020980835,6.920000076293945,6.73799991607666,6.75,226400,0.0,0.0
2024-07-08 00:00:00-04:00,6.739999771118164,6.760000228881836,6.625,6.710000038146973,438700,0.0,0.0
2024-07-09 00:00:00-04:00,6.710000038146973,6.735000133514404,6.630000114440918,6.630000114440918,290800,0.0,0.0
2024-07-10 00:00:00-04:00,6.670000076293945,6.860000133514404,6.670000076293945,6.809999942779541,337000,0.0,0.0
2024-07-11 00:00:00-04:00,6.900000095367432,7.099999904632568,6.849999904632568,7.039999961853027,371400,0.0,0.0
2024-07-12 00:00:00-04:00,7.039999961853027,7.119999885559082,6.829999923706055,6.840000152587891,291700,0.0,0.0
2024-07-15 00:00:00-04:00,6.889999866485596,6.96999979019165,6.619999885559082,6.639999866485596,392700,0.0,0.0
2024-07-16 00:00:00-04:00,6.679999828338623,6.739999771118164,6.559999942779541,6.71999979019165,364600,0.0,0.0
2024-07-17 00:00:00-04:00,6.670000076293945,6.820000171661377,6.570000171661377,6.730000019073486,715600,0.0,0.0
2024-07-18 00:00:00-04:00,6.71999979019165,6.849999904632568,6.585000038146973,6.670000076293945,351200,0.0,0.0
2024-07-19 00:00:00-04:00,6.639999866485596,6.800000190734863,6.579999923706055,6.739999771118164,366800,0.0,0.0
2024-07-22 00:00:00-04:00,6.78000020980835,6.900000095367432,6.690000057220459,6.880000114440918,157100,0.0,0.0
2024-07-23 00:00:00-04:00,6.900000095367432,6.960000038146973,6.820000171661377,6.829999923706055,191100,0.0,0.0
2024-07-24 00:00:00-04:00,6.800000190734863,6.860000133514404,6.570000171661377,6.599999904632568,254200,0.0,0.0
2024-07-25 00:00:00-04:00,6.539999961853027,6.610000133514404,6.340000152587891,6.489999771118164,858700,0.0,0.0
2024-07-26 00:00:00-04:00,6.559999942779541,6.614999771118164,6.485000133514404,6.53000020980835,207600,0.0,0.0
2024-07-29 00:00:00-04:00,6.5,6.510000228881836,6.300000190734863,6.309999942779541,390700,0.0,0.0
2024-07-30 00:00:00-04:00,6.300000190734863,6.429999828338623,6.199999809265137,6.269999980926514,364800,0.0,0.0
2024-07-31 00:00:00-04:00,6.309999942779541,6.625,6.309999942779541,6.460000038146973,406400,0.0,0.0
2024-08-01 00:00:00-04:00,6.480000019073486,6.480000019073486,6.214000225067139,6.309999942779541,271800,0.0,0.0
2024-08-02 00:00:00-04:00,6.199999809265137,6.309999942779541,6.079999923706055,6.130000114440918,434000,0.0,0.0
2024-08-05 00:00:00-04:00,5.960000038146973,6.23799991607666,5.699999809265137,6.110000133514404,764600,0.0,0.0
2024-08-06 00:00:00-04:00,6.079999923706055,6.230000019073486,5.96999979019165,6.110000133514404,575700,0.0,0.0
2024-08-07 00:00:00-04:00,6.130000114440918,6.260000228881836,5.980000019073486,6.050000190734863,705600,0.0,0.0
2024-08-08 00:00:00-04:00,5.960000038146973,6.75,5.960000038146973,6.650000095367432,1088500,0.0,0.0
2024-08-09 00:00:00-04:00,6.619999885559082,6.849999904632568,6.5,6.800000190734863,527200,0.0,0.0
2024-08-12 00:00:00-04:00,6.800000190734863,6.925000190734863,6.710000038146973,6.739999771118164,223300,0.0,0.0
2024-08-13 00:00:00-04:00,6.800000190734863,6.880000114440918,6.71999979019165,6.849999904632568,484800,0.0,0.0
2024-08-14 00:00:00-04:00,6.840000152587891,6.96999979019165,6.769999980926514,6.949999809265137,455900,0.0,0.0
2024-08-15 00:00:00-04:00,6.980000019073486,7.170000076293945,6.96999979019165,7.019999980926514,593800,0.0,0.0
2024-08-16 00:00:00-04:00,7.010000228881836,7.139999866485596,6.900000095367432,6.929999828338623,361700,0.0,0.0
2024-08-19 00:00:00-04:00,6.909999847412109,7.019999980926514,6.880000114440918,7.019999980926514,315600,0.0,0.0
2024-08-20 00:00:00-04:00,6.989999771118164,7.21999979019165,6.909999847412109,7.0,910600,0.0,0.0
2024-08-21 00:00:00-04:00,7.03000020980835,7.130000114440918,6.929999828338623,7.019999980926514,544900,0.0,0.0
2024-08-22 00:00:00-04:00,7.019999980926514,7.019999980926514,6.769999980926514,6.769999980926514,312300,0.0,0.0
2024-08-23 00:00:00-04:00,6.820000171661377,7.034999847412109,6.800000190734863,7.03000020980835,226500,0.0,0.0
2024-08-26 00:00:00-04:00,7.050000190734863,7.142000198364258,6.920000076293945,7.03000020980835,393200,0.0,0.0
2024-08-27 00:00:00-04:00,6.949999809265137,7.059999942779541,6.880000114440918,6.889999866485596,256000,0.0,0.0
2024-08-28 00:00:00-04:00,6.880000114440918,6.885000228881836,6.760000228881836,6.849999904632568,237800,0.0,0.0
2024-08-29 00:00:00-04:00,6.829999923706055,7.090000152587891,6.824999809265137,7.0,272000,0.0,0.0
2024-08-30 00:00:00-04:00,7.039999961853027,7.23799991607666,7.010000228881836,7.090000152587891,524300,0.0,0.0
2024-09-03 00:00:00-04:00,7.059999942779541,7.175000190734863,6.829999923706055,7.059999942779541,487800,0.0,0.0
2024-09-04 00:00:00-04:00,7.010000228881836,7.289999961853027,6.960000038146973,7.260000228881836,498700,0.0,0.0
2024-09-05 00:00:00-04:00,7.340000152587891,7.46999979019165,7.190000057220459,7.429999828338623,522500,0.0,0.0
2024-09-06 00:00:00-04:00,7.449999809265137,7.449999809265137,7.090000152587891,7.199999809265137,426400,0.0,0.0
2024-09-09 00:00:00-04:00,7.230000019073486,7.360000133514404,7.190000057220459,7.25,215000,0.0,0.0
2024-09-10 00:00:00-04:00,7.300000190734863,7.300000190734863,6.980000019073486,7.239999771118164,244000,0.0,0.0
2024-09-11 00:00:00-04:00,7.269999980926514,7.570000171661377,7.199999809265137,7.429999828338623,524700,0.0,0.0
2024-09-12 00:00:00-04:00,7.460000038146973,7.875,7.349999904632568,7.860000133514404,488900,0.0,0.0
2024-09-13 00:00:00-04:00,7.940000057220459,8.0,7.829999923706055,7.96999979019165,395700,0.0,0.0
2024-09-16 00:00:00-04:00,7.840000152587891,8.3100004196167,7.840000152587891,8.180000305175781,923200,0.0,0.0
2024-09-17 00:00:00-04:00,8.229999542236328,8.420000076293945,8.130000114440918,8.359999656677246,648300,0.0,0.0
2024-09-18 00:00:00-04:00,8.420000076293945,8.835000038146973,8.079999923706055,8.729999542236328,1367500,0.0,0.0
2024-09-19 00:00:00-04:00,8.899999618530273,9.0,8.729999542236328,8.949999809265137,1064700,0.0,0.0
2024-09-20 00:00:00-04:00,8.899999618530273,8.975000381469727,8.710000038146973,8.850000381469727,902300,0.0,0.0
2024-09-23 00:00:00-04:00,8.890000343322754,8.890000343322754,8.399999618530273,8.529999732971191,723400,0.0,0.0
2024-09-24 00:00:00-04:00,8.75,8.760000228881836,8.479999542236328,8.5600004196167,483600,0.0,0.0
2024-09-25 00:00:00-04:00,8.789999961853027,8.829999923706055,8.510000228881836,8.600000381469727,476100,0.0,0.0
2024-09-26 00:00:00-04:00,8.670000076293945,8.899999618530273,8.59000015258789,8.680000305175781,497100,0.0,0.0
2024-09-27 00:00:00-04:00,8.680000305175781,8.680000305175781,8.194999694824219,8.289999961853027,528300,0.0,0.0
2024-09-30 00:00:00-04:00,8.260000228881836,8.265999794006348,8.039999961853027,8.0600004196167,206600,0.0,0.0
2024-10-01 00:00:00-04:00,8.119999885559082,8.180000305175781,7.945000171661377,8.039999961853027,435500,0.0,0.0
2024-10-02 00:00:00-04:00,8.25,8.25,8.039999961853027,8.09000015258789,331500,0.0,0.0
2024-10-03 00:00:00-04:00,8.09000015258789,8.305000305175781,8.010000228881836,8.25,379800,0.0,0.0
2024-10-04 00:00:00-04:00,8.350000381469727,8.368000030517578,8.100000381469727,8.170000076293945,481300,0.0,0.0
2024-10-07 00:00:00-04:00,8.1899995803833,8.375,8.11299991607666,8.350000381469727,573200,0.0,0.0
2024-10-08 00:00:00-04:00,8.34000015258789,8.5,8.220000267028809,8.380000114440918,557700,0.0,0.0
2024-10-09 00:00:00-04:00,8.319999694824219,8.5600004196167,8.149999618530273,8.5,538000,0.0,0.0
2024-10-10 00:00:00-04:00,8.460000038146973,8.6850004196167,8.369999885559082,8.630000114440918,394700,0.0,0.0
2024-10-11 00:00:00-04:00,8.520000457763672,8.649999618530273,8.454999923706055,8.479999542236328,157900,0.0,0.0
2024-10-14 00:00:00-04:00,8.489999771118164,8.630000114440918,8.395000457763672,8.460000038146973,446000,0.0,0.0
2024-10-15 00:00:00-04:00,8.4399995803833,8.4399995803833,8.270000457763672,8.329999923706055,279300,0.0,0.0
2024-10-16 00:00:00-04:00,8.449999809265137,8.520000457763672,8.09000015258789,8.149999618530273,286400,0.0,0.0
2024-10-17 00:00:00-04:00,8.260000228881836,8.34000015258789,8.050000190734863,8.149999618530273,247400,0.0,0.0
2024-10-18 00:00:00-04:00,8.15999984741211,8.15999984741211,7.980000019073486,8.050000190734863,332200,0.0,0.0
2024-10-21 00:00:00-04:00,8.069999694824219,8.154999732971191,8.010000228881836,8.09000015258789,258900,0.0,0.0
2024-10-22 00:00:00-04:00,8.0600004196167,8.100000381469727,7.989999771118164,8.100000381469727,279900,0.0,0.0
2024-10-23 00:00:00-04:00,8.09000015258789,8.329999923706055,7.974999904632568,8.329999923706055,346300,0.0,0.0
2024-10-24 00:00:00-04:00,8.539999961853027,8.630000114440918,8.470000267028809,8.630000114440918,615300,0.0,0.0
2024-10-25 00:00:00-04:00,8.670000076293945,9.288000106811523,8.649999618530273,9.210000038146973,725800,0.0,0.0
2024-10-28 00:00:00-04:00,9.220000267028809,9.470000267028809,9.100000381469727,9.140000343322754,456000,0.0,0.0
2024-10-29 00:00:00-04:00,9.149999618530273,9.300000190734863,9.020000457763672,9.069999694824219,281000,0.0,0.0
2024-10-30 00:00:00-04:00,9.079999923706055,9.229999542236328,8.899999618530273,9.0600004196167,294200,0.0,0.0
2024-10-31 00:00:00-04:00,9.229999542236328,9.256999969482422,8.984999656677246,9.15999984741211,390100,0.0,0.0
2024-11-01 00:00:00-04:00,9.1899995803833,9.399999618530273,9.079999923706055,9.079999923706055,371700,0.0,0.0
2024-11-04 00:00:00-05:00,9.130000114440918,9.479999542236328,9.100000381469727,9.390000343322754,442800,0.0,0.0
2024-11-05 00:00:00-05:00,9.380000114440918,9.649999618530273,9.279999732971191,9.569999694824219,551300,0.0,0.0
2024-11-06 00:00:00-05:00,9.619999885559082,9.920000076293945,9.539999961853027,9.880000114440918,1183900,0.0,0.0
2024-11-07 00:00:00-05:00,9.960000038146973,10.666000366210938,9.949999809265137,10.300000190734863,900700,0.0,0.0
2024-11-08 00:00:00-05:00,10.390000343322754,10.479999542236328,10.121999740600586,10.34000015258789,784300,0.0,0.0
2024-11-11 00:00:00-05:00,10.399999618530273,10.510000228881836,10.0600004196167,10.260000228881836,565000,0.0,0.0
2024-11-12 00:00:00-05:00,10.220000267028809,10.329999923706055,10.119999885559082,10.1899995803833,815800,0.0,0.0
2024-11-13 00:00:00-05:00,10.34000015258789,10.649999618530273,10.28499984741211,10.40999984741211,1438600,0.0,0.0
2024-11-14 00:00:00-05:00,10.529999732971191,10.619999885559082,10.300000190734863,10.420000076293945,1564000,0.0,0.0
2024-11-15 00:00:00-05:00,10.4399995803833,10.569999694824219,10.25,10.350000381469727,1388900,0.0,0.0
2024-11-18 00:00:00-05:00,10.4399995803833,11.0649995803833,10.4399995803833,10.989999771118164,1019100,0.0,0.0
2024-11-19 00:00:00-05:00,10.930000305175781,11.069999694824219,10.819999694824219,10.949999809265137,1296100,0.0,0.0
2024-11-20 00:00:00-05:00,11.050000190734863,11.390000343322754,10.930000305175781,11.029999732971191,1404800,0.0,0.0
2024-11-21 00:00:00-05:00,11.020000457763672,11.229999542236328,10.279999732971191,10.40999984741211,1434500,0.0,0.0
2024-11-22 00:00:00-05:00,10.430000305175781,10.6899995803833,10.310999870300293,10.479999542236328,1224600,0.0,0.0
2024-11-25 00:00:00-05:00,10.619999885559082,11.175000190734863,10.539999961853027,11.15999984741211,1440400,0.0,0.0
2024-11-26 00:00:00-05:00,11.079999923706055,11.880000114440918,10.699999809265137,11.65999984741211,1460000,0.0,0.0
2024-11-27 00:00:00-05:00,11.630000114440918,12.029999732971191,11.270000457763672,11.420000076293945,985500,0.0,0.0
2024-11-29 00:00:00-05:00,11.609999656677246,11.890000343322754,11.399999618530273,11.869999885559082,367500,0.0,0.0
2024-12-02 00:00:00-05:00,11.960000038146973,12.640000343322754,11.949999809265137,12.300000190734863,1963900,0.0,0.0
2024-12-03 00:00:00-05:00,12.649999618530273,12.9399995803833,12.414999961853027,12.9399995803833,1156700,0.0,0.0
2024-12-04 00:00:00-05:00,12.760000228881836,12.880000114440918,12.0600004196167,12.119999885559082,1189300,0.0,0.0
2024-12-05 00:00:00-05:00,12.050000190734863,12.460000038146973,11.930000305175781,12.210000038146973,950700,0.0,0.0
2024-12-06 00:00:00-05:00,12.180000305175781,12.25,11.880000114440918,12.220000267028809,553135,0.0,0.0
