Date,Open,High,Low,Close,Volume,Dividends,Stock Splits
2022-01-03 00:00:00-05:00,4.849999904632568,5.090000152587891,4.710000038146973,4.900000095367432,266100,0.0,0.0
2022-01-04 00:00:00-05:00,5.059999942779541,5.110000133514404,4.630000114440918,4.659999847412109,216500,0.0,0.0
2022-01-05 00:00:00-05:00,4.659999847412109,4.78000020980835,4.21999979019165,4.300000190734863,242600,0.0,0.0
2022-01-06 00:00:00-05:00,4.349999904632568,4.369999885559082,3.9000000953674316,4.010000228881836,321000,0.0,0.0
2022-01-07 00:00:00-05:00,3.990000009536743,4.210000038146973,3.950000047683716,4.03000020980835,170900,0.0,0.0
2022-01-10 00:00:00-05:00,4.03000020980835,4.224999904632568,3.812999963760376,4.190000057220459,263600,0.0,0.0
2022-01-11 00:00:00-05:00,4.150000095367432,4.400000095367432,3.940000057220459,4.360000133514404,100700,0.0,0.0
2022-01-12 00:00:00-05:00,4.40500020980835,4.539999961853027,4.179999828338623,4.230000019073486,95500,0.0,0.0
2022-01-13 00:00:00-05:00,4.230000019073486,4.289999961853027,4.039999961853027,4.119999885559082,27100,0.0,0.0
2022-01-14 00:00:00-05:00,4.010000228881836,4.144000053405762,3.930000066757202,4.059999942779541,47100,0.0,0.0
2022-01-18 00:00:00-05:00,3.990000009536743,4.190000057220459,3.9000000953674316,4.099999904632568,48100,0.0,0.0
2022-01-19 00:00:00-05:00,4.079999923706055,4.139999866485596,3.940000057220459,3.9609999656677246,20500,0.0,0.0
2022-01-20 00:00:00-05:00,4.019999980926514,4.349999904632568,3.859999895095825,3.859999895095825,137900,0.0,0.0
2022-01-21 00:00:00-05:00,3.799999952316284,3.924999952316284,3.559999942779541,3.5999999046325684,92500,0.0,0.0
2022-01-24 00:00:00-05:00,3.509999990463257,3.555000066757202,3.0899999141693115,3.359999895095825,101700,0.0,0.0
2022-01-25 00:00:00-05:00,3.3399999141693115,3.5199999809265137,3.25,3.430000066757202,22900,0.0,0.0
2022-01-26 00:00:00-05:00,3.450000047683716,3.609999895095825,3.2799999713897705,3.3399999141693115,26400,0.0,0.0
2022-01-27 00:00:00-05:00,3.3540000915527344,3.390000104904175,3.0999999046325684,3.190000057220459,84200,0.0,0.0
2022-01-28 00:00:00-05:00,3.0920000076293945,3.390000104904175,3.0199999809265137,3.119999885559082,65500,0.0,0.0
2022-01-31 00:00:00-05:00,3.1700000762939453,3.359999895095825,3.119999885559082,3.319999933242798,45900,0.0,0.0
2022-02-01 00:00:00-05:00,3.3499999046325684,3.5,3.2699999809265137,3.380000114440918,45000,0.0,0.0
2022-02-02 00:00:00-05:00,3.380000114440918,3.380000114440918,3.049999952316284,3.059999942779541,71200,0.0,0.0
2022-02-03 00:00:00-05:00,3.0,3.1500000953674316,2.9800000190734863,3.049999952316284,45000,0.0,0.0
2022-02-04 00:00:00-05:00,3.2860000133514404,3.630000114440918,3.0,3.4100000858306885,125900,0.0,0.0
2022-02-07 00:00:00-05:00,3.4100000858306885,3.575000047683716,3.190000057220459,3.3299999237060547,26500,0.0,0.0
2022-02-08 00:00:00-05:00,3.2899999618530273,3.4749999046325684,3.1600000858306885,3.299999952316284,25900,0.0,0.0
2022-02-09 00:00:00-05:00,3.359999895095825,3.8499999046325684,3.309999942779541,3.8499999046325684,70500,0.0,0.0
2022-02-10 00:00:00-05:00,3.5799999237060547,3.8499999046325684,3.450000047683716,3.609999895095825,77200,0.0,0.0
2022-02-11 00:00:00-05:00,3.9200000762939453,3.940000057220459,3.5309998989105225,3.690000057220459,77600,0.0,0.0
2022-02-14 00:00:00-05:00,3.630000114440918,3.819999933242798,3.4800000190734863,3.640000104904175,17200,0.0,0.0
2022-02-15 00:00:00-05:00,3.7100000381469727,3.9000000953674316,3.700000047683716,3.890000104904175,39100,0.0,0.0
2022-02-16 00:00:00-05:00,3.9179999828338623,3.950000047683716,3.680000066757202,3.859999895095825,16600,0.0,0.0
2022-02-17 00:00:00-05:00,3.8299999237060547,3.9000000953674316,3.490000009536743,3.609999895095825,29400,0.0,0.0
2022-02-18 00:00:00-05:00,3.430000066757202,3.880000114440918,3.299999952316284,3.5999999046325684,32200,0.0,0.0
2022-02-22 00:00:00-05:00,3.6700000762939453,3.7899999618530273,3.319999933242798,3.549999952316284,35500,0.0,0.0
2022-02-23 00:00:00-05:00,3.509999990463257,3.740000009536743,3.390000104904175,3.5799999237060547,29300,0.0,0.0
2022-02-24 00:00:00-05:00,3.890000104904175,3.890000104904175,3.309999942779541,3.6500000953674316,23100,0.0,0.0
2022-02-25 00:00:00-05:00,3.569999933242798,3.640000104904175,3.319999933242798,3.369999885559082,45400,0.0,0.0
2022-02-28 00:00:00-05:00,3.2899999618530273,3.390000104904175,3.240000009536743,3.359999895095825,75100,0.0,0.0
2022-03-01 00:00:00-05:00,3.309999942779541,3.450000047683716,3.2799999713897705,3.319999933242798,28000,0.0,0.0
2022-03-02 00:00:00-05:00,3.3499999046325684,3.5739998817443848,3.259999990463257,3.430000066757202,16500,0.0,0.0
2022-03-03 00:00:00-05:00,3.374000072479248,3.559999942779541,3.1600000858306885,3.4200000762939453,19500,0.0,0.0
2022-03-04 00:00:00-05:00,3.4200000762939453,3.4200000762939453,3.1500000953674316,3.2100000381469727,40900,0.0,0.0
2022-03-07 00:00:00-05:00,3.200000047683716,3.309999942779541,2.799999952316284,2.9600000381469727,57200,0.0,0.0
2022-03-08 00:00:00-05:00,3.0,3.450000047683716,2.9000000953674316,3.25,34600,0.0,0.0
2022-03-09 00:00:00-05:00,3.174999952316284,3.4000000953674316,3.122999906539917,3.4000000953674316,27800,0.0,0.0
2022-03-10 00:00:00-05:00,3.200000047683716,3.430000066757202,3.115000009536743,3.1700000762939453,25500,0.0,0.0
2022-03-11 00:00:00-05:00,3.119999885559082,3.3299999237060547,3.049999952316284,3.1500000953674316,19700,0.0,0.0
2022-03-14 00:00:00-04:00,3.059999942779541,3.121000051498413,2.809999942779541,2.950000047683716,18800,0.0,0.0
2022-03-15 00:00:00-04:00,2.9179999828338623,3.0380001068115234,2.7799999713897705,2.869999885559082,27800,0.0,0.0
2022-03-16 00:00:00-04:00,2.9860000610351562,3.134999990463257,2.937000036239624,2.950000047683716,25700,0.0,0.0
2022-03-17 00:00:00-04:00,3.0899999141693115,3.1500000953674316,2.930000066757202,3.049999952316284,14900,0.0,0.0
2022-03-18 00:00:00-04:00,2.9700000286102295,3.444999933242798,2.9700000286102295,3.0999999046325684,100100,0.0,0.0
2022-03-21 00:00:00-04:00,3.234999895095825,3.234999895095825,3.0399999618530273,3.049999952316284,11000,0.0,0.0
2022-03-22 00:00:00-04:00,3.319999933242798,3.319999933242798,2.9600000381469727,3.0299999713897705,23000,0.0,0.0
2022-03-23 00:00:00-04:00,2.9100000858306885,3.9800000190734863,2.9100000858306885,3.555000066757202,1363900,0.0,0.0
2022-03-24 00:00:00-04:00,3.5,3.5,3.069999933242798,3.2100000381469727,152100,0.0,0.0
2022-03-25 00:00:00-04:00,3.0999999046325684,3.25,3.049999952316284,3.2200000286102295,70500,0.0,0.0
2022-03-28 00:00:00-04:00,3.240000009536743,3.240000009536743,2.890000104904175,3.0299999713897705,122800,0.0,0.0
2022-03-29 00:00:00-04:00,3.049999952316284,3.180000066757202,2.9800000190734863,3.0,30900,0.0,0.0
2022-03-30 00:00:00-04:00,3.0,3.068000078201294,2.819999933242798,2.9600000381469727,30000,0.0,0.0
2022-03-31 00:00:00-04:00,3.009999990463257,3.0160000324249268,2.890000104904175,2.930000066757202,8000,0.0,0.0
2022-04-01 00:00:00-04:00,2.9100000858306885,3.0,2.859999895095825,2.869999885559082,34300,0.0,0.0
2022-04-04 00:00:00-04:00,3.13100004196167,3.13100004196167,2.8499999046325684,2.990000009536743,38800,0.0,0.0
2022-04-05 00:00:00-04:00,2.9149999618530273,2.990000009536743,2.809999942779541,2.930000066757202,30600,0.0,0.0
2022-04-06 00:00:00-04:00,3.119999885559082,3.119999885559082,2.8399999141693115,2.880000114440918,22800,0.0,0.0
2022-04-07 00:00:00-04:00,2.819000005722046,2.9700000286102295,2.799999952316284,2.8299999237060547,9400,0.0,0.0
2022-04-08 00:00:00-04:00,2.799999952316284,2.9000000953674316,2.799999952316284,2.8299999237060547,12200,0.0,0.0
2022-04-11 00:00:00-04:00,2.799999952316284,2.799999952316284,2.674999952316284,2.7899999618530273,31200,0.0,0.0
2022-04-12 00:00:00-04:00,2.812999963760376,2.812999963760376,2.5999999046325684,2.5999999046325684,34400,0.0,0.0
2022-04-13 00:00:00-04:00,2.609999895095825,2.799999952316284,2.5350000858306885,2.7100000381469727,18300,0.0,0.0
2022-04-14 00:00:00-04:00,2.549999952316284,2.75,2.4600000381469727,2.5899999141693115,81900,0.0,0.0
2022-04-18 00:00:00-04:00,2.5899999141693115,2.5899999141693115,2.430000066757202,2.430000066757202,12700,0.0,0.0
2022-04-19 00:00:00-04:00,2.4000000953674316,2.4700000286102295,2.359999895095825,2.380000114440918,12600,0.0,0.0
2022-04-20 00:00:00-04:00,2.390000104904175,2.572000026702881,1.9900000095367432,2.119999885559082,357200,0.0,0.0
2022-04-21 00:00:00-04:00,2.25,2.25,1.8899999856948853,1.8899999856948853,27300,0.0,0.0
2022-04-22 00:00:00-04:00,1.8300000429153442,2.049999952316284,1.8109999895095825,1.8700000047683716,27400,0.0,0.0
2022-04-25 00:00:00-04:00,1.8300000429153442,1.899999976158142,1.75,1.7699999809265137,51400,0.0,0.0
2022-04-26 00:00:00-04:00,1.7100000381469727,1.850000023841858,1.6100000143051147,1.7699999809265137,31400,0.0,0.0
2022-04-27 00:00:00-04:00,1.8300000429153442,1.8300000429153442,1.649999976158142,1.649999976158142,12200,0.0,0.0
2022-04-28 00:00:00-04:00,1.649999976158142,1.809000015258789,1.6399999856948853,1.7100000381469727,21500,0.0,0.0
2022-04-29 00:00:00-04:00,1.7510000467300415,1.7699999809265137,1.6200000047683716,1.6699999570846558,11100,0.0,0.0
2022-05-02 00:00:00-04:00,1.684999942779541,1.7000000476837158,1.6200000047683716,1.6299999952316284,10000,0.0,0.0
2022-05-03 00:00:00-04:00,1.7280000448226929,1.7999999523162842,1.690000057220459,1.7899999618530273,30700,0.0,0.0
2022-05-04 00:00:00-04:00,1.75,2.200000047683716,1.75,1.909999966621399,236400,0.0,0.0
2022-05-05 00:00:00-04:00,1.7400000095367432,1.909999966621399,1.649999976158142,1.7300000190734863,100100,0.0,0.0
2022-05-06 00:00:00-04:00,1.6799999475479126,1.8799999952316284,1.6419999599456787,1.7699999809265137,23600,0.0,0.0
2022-05-09 00:00:00-04:00,1.7599999904632568,1.7599999904632568,1.5499999523162842,1.6200000047683716,16800,0.0,0.0
2022-05-10 00:00:00-04:00,1.6239999532699585,1.6299999952316284,1.5499999523162842,1.5499999523162842,23900,0.0,0.0
2022-05-11 00:00:00-04:00,1.590000033378601,1.590000033378601,1.5,1.5199999809265137,26000,0.0,0.0
2022-05-12 00:00:00-04:00,1.5199999809265137,1.6749999523162842,1.5,1.649999976158142,15200,0.0,0.0
2022-05-13 00:00:00-04:00,1.5399999618530273,1.9600000381469727,1.5399999618530273,1.8200000524520874,17600,0.0,0.0
2022-05-16 00:00:00-04:00,1.5499999523162842,1.9600000381469727,1.5499999523162842,1.8200000524520874,10600,0.0,0.0
2022-05-17 00:00:00-04:00,1.7599999904632568,1.850000023841858,1.7300000190734863,1.8300000429153442,19000,0.0,0.0
2022-05-18 00:00:00-04:00,1.8200000524520874,2.0899999141693115,1.7100000381469727,2.0899999141693115,4600,0.0,0.0
2022-05-19 00:00:00-04:00,2.140000104904175,2.140000104904175,1.840000033378601,1.840000033378601,40000,0.0,0.0
2022-05-20 00:00:00-04:00,1.9500000476837158,1.9500000476837158,1.7799999713897705,1.840000033378601,6500,0.0,0.0
2022-05-23 00:00:00-04:00,1.9500000476837158,2.009000062942505,1.840000033378601,1.909999966621399,9300,0.0,0.0
2022-05-24 00:00:00-04:00,1.8389999866485596,1.8899999856948853,1.7999999523162842,1.7999999523162842,9500,0.0,0.0
2022-05-25 00:00:00-04:00,1.878999948501587,1.9800000190734863,1.7640000581741333,1.809999942779541,9900,0.0,0.0
2022-05-26 00:00:00-04:00,1.815000057220459,2.0,1.815000057220459,2.0,5500,0.0,0.0
2022-05-27 00:00:00-04:00,1.899999976158142,1.9800000190734863,1.899999976158142,1.9800000190734863,4000,0.0,0.0
2022-05-31 00:00:00-04:00,1.9570000171661377,1.9600000381469727,1.9110000133514404,1.9600000381469727,1300,0.0,0.0
2022-06-01 00:00:00-04:00,1.9600000381469727,1.9700000286102295,1.8600000143051147,1.9299999475479126,7700,0.0,0.0
2022-06-02 00:00:00-04:00,1.940000057220459,1.9700000286102295,1.7999999523162842,1.8650000095367432,13200,0.0,0.0
2022-06-03 00:00:00-04:00,1.8650000095367432,1.934000015258789,1.8300000429153442,1.9199999570846558,5600,0.0,0.0
2022-06-06 00:00:00-04:00,1.909999966621399,1.909999966621399,1.8459999561309814,1.8489999771118164,5300,0.0,0.0
2022-06-07 00:00:00-04:00,1.9299999475479126,2.0510001182556152,1.8200000524520874,1.9500000476837158,28700,0.0,0.0
2022-06-08 00:00:00-04:00,1.878000020980835,1.9900000095367432,1.809999942779541,1.8200000524520874,15800,0.0,0.0
2022-06-09 00:00:00-04:00,1.8700000047683716,1.8700000047683716,1.690000057220459,1.8700000047683716,18100,0.0,0.0
2022-06-10 00:00:00-04:00,1.75,1.9700000286102295,1.75,1.9299999475479126,25900,0.0,0.0
2022-06-13 00:00:00-04:00,2.0999999046325684,2.134999990463257,1.9199999570846558,2.009999990463257,11100,0.0,0.0
2022-06-14 00:00:00-04:00,2.0999999046325684,2.130000114440918,1.9600000381469727,2.0799999237060547,23300,0.0,0.0
2022-06-15 00:00:00-04:00,2.049999952316284,2.114000082015991,1.9700000286102295,2.059999942779541,4500,0.0,0.0
2022-06-16 00:00:00-04:00,2.0199999809265137,2.0199999809265137,1.9600000381469727,1.9900000095367432,4600,0.0,0.0
2022-06-17 00:00:00-04:00,1.9500000476837158,2.0,1.9500000476837158,2.0,6800,0.0,0.0
2022-06-21 00:00:00-04:00,1.9600000381469727,2.118000030517578,1.9500000476837158,2.049999952316284,13600,0.0,0.0
2022-06-22 00:00:00-04:00,2.055000066757202,2.0999999046325684,2.0,2.0799999237060547,8900,0.0,0.0
2022-06-23 00:00:00-04:00,2.0799999237060547,2.0799999237060547,2.0399999618530273,2.0399999618530273,8800,0.0,0.0
2022-06-24 00:00:00-04:00,2.069999933242798,2.0999999046325684,2.0190000534057617,2.0899999141693115,13500,0.0,0.0
2022-06-27 00:00:00-04:00,2.0899999141693115,2.0899999141693115,2.009999990463257,2.0899999141693115,3400,0.0,0.0
2022-06-28 00:00:00-04:00,2.013000011444092,2.0450000762939453,1.9270000457763672,1.9500000476837158,19000,0.0,0.0
2022-06-29 00:00:00-04:00,2.049999952316284,2.049999952316284,1.899999976158142,2.0,23600,0.0,0.0
2022-06-30 00:00:00-04:00,1.9199999570846558,2.069999933242798,1.9199999570846558,1.9800000190734863,1300,0.0,0.0
2022-07-01 00:00:00-04:00,1.940000057220459,2.049999952316284,1.899999976158142,2.0,9600,0.0,0.0
2022-07-05 00:00:00-04:00,1.9900000095367432,1.9900000095367432,1.8600000143051147,1.8700000047683716,8800,0.0,0.0
2022-07-06 00:00:00-04:00,1.940000057220459,1.9900000095367432,1.850000023841858,1.940000057220459,7900,0.0,0.0
2022-07-07 00:00:00-04:00,1.899999976158142,2.0,1.899999976158142,1.965000033378601,4800,0.0,0.0
2022-07-08 00:00:00-04:00,2.049999952316284,2.069999933242798,2.0399999618530273,2.0399999618530273,5400,0.0,0.0
2022-07-11 00:00:00-04:00,2.059999942779541,2.059999942779541,2.0199999809265137,2.0399999618530273,2000,0.0,0.0
2022-07-12 00:00:00-04:00,2.0299999713897705,2.069999933242798,1.965000033378601,1.9759999513626099,2600,0.0,0.0
2022-07-13 00:00:00-04:00,1.9600000381469727,2.049999952316284,1.9600000381469727,2.0,3200,0.0,0.0
2022-07-14 00:00:00-04:00,1.975000023841858,1.9930000305175781,1.9290000200271606,1.9930000305175781,2300,0.0,0.0
2022-07-15 00:00:00-04:00,1.8700000047683716,1.9700000286102295,1.850000023841858,1.940000057220459,11300,0.0,0.0
2022-07-18 00:00:00-04:00,1.8700000047683716,2.0399999618530273,1.8600000143051147,1.9809999465942383,7500,0.0,0.0
2022-07-19 00:00:00-04:00,1.9119999408721924,1.9800000190734863,1.909999966621399,1.9450000524520874,3600,0.0,0.0
2022-07-20 00:00:00-04:00,1.899999976158142,1.9500000476837158,1.899999976158142,1.9500000476837158,2300,0.0,0.0
2022-07-21 00:00:00-04:00,1.899999976158142,1.9800000190734863,1.899999976158142,1.9800000190734863,3900,0.0,0.0
2022-07-22 00:00:00-04:00,1.9800000190734863,1.9800000190734863,1.9299999475479126,1.9470000267028809,2400,0.0,0.0
2022-07-25 00:00:00-04:00,1.9450000524520874,1.9789999723434448,1.8300000429153442,1.8799999952316284,16000,0.0,0.0
2022-07-26 00:00:00-04:00,1.8200000524520874,1.9700000286102295,1.8200000524520874,1.9199999570846558,9500,0.0,0.0
2022-07-27 00:00:00-04:00,1.9600000381469727,1.9600000381469727,1.9470000267028809,1.9600000381469727,3100,0.0,0.0
2022-07-28 00:00:00-04:00,2.0,2.0,1.9199999570846558,1.9299999475479126,2900,0.0,0.0
2022-07-29 00:00:00-04:00,1.937999963760376,1.9450000524520874,1.9299999475479126,1.9450000524520874,2600,0.0,0.0
2022-08-01 00:00:00-04:00,1.9700000286102295,1.9900000095367432,1.899999976158142,1.9450000524520874,14000,0.0,0.0
2022-08-02 00:00:00-04:00,1.8899999856948853,1.9600000381469727,1.8600000143051147,1.9500000476837158,15400,0.0,0.0
2022-08-03 00:00:00-04:00,1.899999976158142,2.369999885559082,1.8799999952316284,2.259999990463257,56300,0.0,0.0
2022-08-04 00:00:00-04:00,2.190000057220459,2.2300000190734863,1.8799999952316284,1.940000057220459,60200,0.0,0.0
2022-08-05 00:00:00-04:00,1.9299999475479126,2.0789999961853027,1.9299999475479126,2.0260000228881836,10000,0.0,0.0
2022-08-08 00:00:00-04:00,2.0299999713897705,2.259999990463257,1.940000057220459,2.180000066757202,58100,0.0,0.0
2022-08-09 00:00:00-04:00,2.119999885559082,2.7799999713897705,2.0199999809265137,2.619999885559082,167400,0.0,0.0
2022-08-10 00:00:00-04:00,2.7300000190734863,2.7300000190734863,2.4590001106262207,2.569999933242798,12700,0.0,0.0
2022-08-11 00:00:00-04:00,2.4200000762939453,2.440000057220459,2.2699999809265137,2.309999942779541,26700,0.0,0.0
2022-08-12 00:00:00-04:00,2.303999900817871,2.4000000953674316,2.26200008392334,2.3550000190734863,5800,0.0,0.0
2022-08-15 00:00:00-04:00,2.369999885559082,2.490000009536743,2.369999885559082,2.390000104904175,13300,0.0,0.0
2022-08-16 00:00:00-04:00,2.109999895095825,2.559999942779541,2.109999895095825,2.559999942779541,22000,0.0,0.0
2022-08-17 00:00:00-04:00,2.375,2.549999952316284,2.319999933242798,2.490000009536743,7500,0.0,0.0
2022-08-18 00:00:00-04:00,2.3499999046325684,2.450000047683716,2.140000104904175,2.190000057220459,46100,0.0,0.0
2022-08-19 00:00:00-04:00,2.3480000495910645,2.3480000495910645,2.0399999618530273,2.049999952316284,32600,0.0,0.0
2022-08-22 00:00:00-04:00,2.075000047683716,2.075000047683716,2.009999990463257,2.059999942779541,5600,0.0,0.0
2022-08-23 00:00:00-04:00,2.049999952316284,2.0989999771118164,2.0,2.0,10000,0.0,0.0
2022-08-24 00:00:00-04:00,2.009999990463257,2.190999984741211,2.009999990463257,2.130000114440918,7700,0.0,0.0
2022-08-25 00:00:00-04:00,2.0899999141693115,2.5399999618530273,2.0899999141693115,2.390000104904175,135700,0.0,0.0
2022-08-26 00:00:00-04:00,2.490000009536743,2.490000009536743,2.0899999141693115,2.200000047683716,18300,0.0,0.0
2022-08-29 00:00:00-04:00,2.049999952316284,2.25,2.049999952316284,2.25,7000,0.0,0.0
2022-08-30 00:00:00-04:00,2.0999999046325684,2.2200000286102295,2.0999999046325684,2.171999931335449,500,0.0,0.0
2022-08-31 00:00:00-04:00,2.1649999618530273,2.1649999618530273,2.0999999046325684,2.0999999046325684,600,0.0,0.0
2022-09-01 00:00:00-04:00,2.0999999046325684,2.187000036239624,2.009999990463257,2.180000066757202,4300,0.0,0.0
2022-09-02 00:00:00-04:00,2.1050000190734863,2.25,2.1050000190734863,2.25,6700,0.0,0.0
2022-09-06 00:00:00-04:00,2.0899999141693115,2.4000000953674316,2.0899999141693115,2.309999942779541,21600,0.0,0.0
2022-09-07 00:00:00-04:00,2.369999885559082,2.5,2.328000068664551,2.4600000381469727,31300,0.0,0.0
2022-09-08 00:00:00-04:00,2.5,2.5,2.450000047683716,2.4700000286102295,24700,0.0,0.0
2022-09-09 00:00:00-04:00,2.5199999809265137,2.799999952316284,2.5,2.7899999618530273,24900,0.0,0.0
2022-09-12 00:00:00-04:00,2.75,2.9000000953674316,2.489000082015991,2.700000047683716,19600,0.0,0.0
2022-09-13 00:00:00-04:00,2.509999990463257,2.694000005722046,2.369999885559082,2.4800000190734863,5800,0.0,0.0
2022-09-14 00:00:00-04:00,2.690000057220459,2.7699999809265137,2.4820001125335693,2.630000114440918,7700,0.0,0.0
2022-09-15 00:00:00-04:00,2.4200000762939453,2.619999885559082,2.259999990463257,2.609999895095825,8900,0.0,0.0
2022-09-16 00:00:00-04:00,2.4100000858306885,2.700000047683716,2.4000000953674316,2.440000057220459,39100,0.0,0.0
2022-09-19 00:00:00-04:00,2.380000114440918,2.615000009536743,2.380000114440918,2.4200000762939453,6300,0.0,0.0
2022-09-20 00:00:00-04:00,2.359999895095825,2.4700000286102295,2.359999895095825,2.4700000286102295,2000,0.0,0.0
2022-09-21 00:00:00-04:00,2.4800000190734863,2.4800000190734863,2.4089999198913574,2.4089999198913574,2700,0.0,0.0
2022-09-22 00:00:00-04:00,2.4570000171661377,2.4800000190734863,2.263000011444092,2.384999990463257,5400,0.0,0.0
2022-09-23 00:00:00-04:00,2.259999990463257,2.263000011444092,1.7599999904632568,1.8350000381469727,81800,0.0,0.0
2022-09-26 00:00:00-04:00,2.1600000858306885,2.299999952316284,1.8899999856948853,1.899999976158142,10300,0.0,0.0
2022-09-27 00:00:00-04:00,2.0,2.049999952316284,1.850000023841858,1.850000023841858,11600,0.0,0.0
2022-09-28 00:00:00-04:00,1.8600000143051147,2.0999999046325684,1.8600000143051147,2.0,14000,0.0,0.0
2022-09-29 00:00:00-04:00,2.0859999656677246,2.2869999408721924,2.0299999713897705,2.0850000381469727,8900,0.0,0.0
2022-09-30 00:00:00-04:00,2.2049999237060547,2.299999952316284,2.0,2.0199999809265137,9400,0.0,0.0
2022-10-03 00:00:00-04:00,1.9299999475479126,2.0260000228881836,1.809999942779541,1.9600000381469727,2800,0.0,0.0
2022-10-04 00:00:00-04:00,1.9450000524520874,2.0399999618530273,1.9450000524520874,2.0199999809265137,7100,0.0,0.0
2022-10-05 00:00:00-04:00,1.9129999876022339,2.140000104904175,1.909999966621399,2.109999895095825,7300,0.0,0.0
2022-10-06 00:00:00-04:00,2.055000066757202,2.109999895095825,2.0450000762939453,2.0450000762939453,1300,0.0,0.0
2022-10-07 00:00:00-04:00,2.069999933242798,2.0799999237060547,1.899999976158142,1.9900000095367432,10400,0.0,0.0
2022-10-10 00:00:00-04:00,1.8899999856948853,2.0299999713897705,1.8899999856948853,2.0299999713897705,500,0.0,0.0
2022-10-11 00:00:00-04:00,1.9500000476837158,1.9600000381469727,1.7100000381469727,1.7400000095367432,26300,0.0,0.0
2022-10-12 00:00:00-04:00,1.7000000476837158,2.0,1.7000000476837158,1.7649999856948853,9600,0.0,0.0
2022-10-13 00:00:00-04:00,1.649999976158142,1.7599999904632568,1.559999942779541,1.649999976158142,15900,0.0,0.0
2022-10-14 00:00:00-04:00,1.7200000286102295,1.7200000286102295,1.6699999570846558,1.7200000286102295,7300,0.0,0.0
2022-10-17 00:00:00-04:00,1.75,1.8350000381469727,1.75,1.8300000429153442,7500,0.0,0.0
2022-10-18 00:00:00-04:00,1.850000023841858,1.850000023841858,1.8300000429153442,1.8300000429153442,5500,0.0,0.0
2022-10-19 00:00:00-04:00,1.8899999856948853,1.8899999856948853,1.809999942779541,1.809999942779541,2100,0.0,0.0
2022-10-20 00:00:00-04:00,1.843000054359436,1.940000057220459,1.843000054359436,1.8799999952316284,1600,0.0,0.0
2022-10-21 00:00:00-04:00,1.8799999952316284,1.8799999952316284,1.7400000095367432,1.7400000095367432,1100,0.0,0.0
2022-10-24 00:00:00-04:00,1.7280000448226929,1.8209999799728394,1.7280000448226929,1.809999942779541,1700,0.0,0.0
2022-10-25 00:00:00-04:00,1.8600000143051147,1.965000033378601,1.840000033378601,1.9600000381469727,7400,0.0,0.0
2022-10-26 00:00:00-04:00,1.8600000143051147,2.0,1.6200000047683716,1.7899999618530273,24800,0.0,0.0
2022-10-27 00:00:00-04:00,1.75,1.850000023841858,1.75,1.850000023841858,2800,0.0,0.0
2022-10-28 00:00:00-04:00,1.7599999904632568,1.8049999475479126,1.7599999904632568,1.7599999904632568,26200,0.0,0.0
2022-10-31 00:00:00-04:00,1.7200000286102295,1.7899999618530273,1.6399999856948853,1.75,2900,0.0,0.0
2022-11-01 00:00:00-04:00,1.75,1.7699999809265137,1.7350000143051147,1.7599999904632568,900,0.0,0.0
2022-11-02 00:00:00-04:00,1.7599999904632568,1.7599999904632568,1.75,1.7599999904632568,2400,0.0,0.0
2022-11-03 00:00:00-04:00,1.6799999475479126,1.7000000476837158,1.6799999475479126,1.7000000476837158,500,0.0,0.0
2022-11-04 00:00:00-04:00,1.7269999980926514,1.899999976158142,1.6829999685287476,1.850000023841858,4300,0.0,0.0
2022-11-07 00:00:00-05:00,1.8799999952316284,1.899999976158142,1.8799999952316284,1.8799999952316284,10200,0.0,0.0
2022-11-08 00:00:00-05:00,1.899999976158142,1.940000057220459,1.899999976158142,1.940000057220459,1300,0.0,0.0
2022-11-09 00:00:00-05:00,1.940000057220459,1.940000057220459,1.9199999570846558,1.9299999475479126,6500,0.0,0.0
2022-11-10 00:00:00-05:00,1.9500000476837158,2.0299999713897705,1.9299999475479126,1.9500000476837158,7500,0.0,0.0
2022-11-11 00:00:00-05:00,1.9270000457763672,1.9270000457763672,1.8799999952316284,1.8799999952316284,6800,0.0,0.0
2022-11-14 00:00:00-05:00,1.7799999713897705,1.934000015258789,1.7799999713897705,1.9299999475479126,800,0.0,0.0
2022-11-15 00:00:00-05:00,1.9600000381469727,1.9600000381469727,1.9600000381469727,1.9600000381469727,1600,0.0,0.0
2022-11-16 00:00:00-05:00,1.8799999952316284,2.0,1.8799999952316284,2.0,5300,0.0,0.0
2022-11-17 00:00:00-05:00,1.8660000562667847,1.940000057220459,1.8300000429153442,1.8899999856948853,8800,0.0,0.0
2022-11-18 00:00:00-05:00,1.8300000429153442,2.0,1.6100000143051147,1.8899999856948853,19300,0.0,0.0
2022-11-21 00:00:00-05:00,1.8899999856948853,1.899999976158142,1.815000057220459,1.840000033378601,6500,0.0,0.0
2022-11-22 00:00:00-05:00,1.7999999523162842,1.8899999856948853,1.7230000495910645,1.8600000143051147,6300,0.0,0.0
2022-11-23 00:00:00-05:00,1.7109999656677246,1.8569999933242798,1.7109999656677246,1.8550000190734863,3000,0.0,0.0
2022-11-25 00:00:00-05:00,1.8200000524520874,1.8200000524520874,1.8079999685287476,1.8079999685287476,500,0.0,0.0
2022-11-28 00:00:00-05:00,1.8600000143051147,1.8600000143051147,1.8200000524520874,1.8200000524520874,900,0.0,0.0
2022-11-29 00:00:00-05:00,1.840000033378601,1.840000033378601,1.815000057220459,1.815000057220459,1100,0.0,0.0
2022-11-30 00:00:00-05:00,1.7300000190734863,1.9500000476837158,1.7300000190734863,1.9500000476837158,2400,0.0,0.0
2022-12-01 00:00:00-05:00,1.7660000324249268,1.9299999475479126,1.7660000324249268,1.8799999952316284,1600,0.0,0.0
2022-12-02 00:00:00-05:00,1.8650000095367432,1.8799999952316284,1.8650000095367432,1.8799999952316284,900,0.0,0.0
2022-12-05 00:00:00-05:00,1.7999999523162842,1.88100004196167,1.7710000276565552,1.7999999523162842,2300,0.0,0.0
2022-12-06 00:00:00-05:00,1.8339999914169312,2.0899999141693115,1.5,1.9639999866485596,71300,0.0,0.0
2022-12-07 00:00:00-05:00,1.899999976158142,1.899999976158142,1.8700000047683716,1.8700000047683716,1300,0.0,0.0
2022-12-08 00:00:00-05:00,1.875,2.0299999713897705,1.7899999618530273,1.899999976158142,29000,0.0,0.0
2022-12-09 00:00:00-05:00,1.9049999713897705,2.0,1.6799999475479126,1.940000057220459,15700,0.0,0.0
2022-12-12 00:00:00-05:00,2.0,2.0959999561309814,1.7999999523162842,2.0199999809265137,10000,0.0,0.0
2022-12-13 00:00:00-05:00,1.7799999713897705,2.0999999046325684,1.7000000476837158,2.0,22300,0.0,0.0
2022-12-14 00:00:00-05:00,2.055000066757202,2.140000104904175,2.049999952316284,2.0950000286102295,21000,0.0,0.0
2022-12-15 00:00:00-05:00,2.0999999046325684,2.990000009536743,2.0399999618530273,2.25,341700,0.0,0.0
2022-12-16 00:00:00-05:00,2.0999999046325684,2.4800000190734863,2.009999990463257,2.190000057220459,43900,0.0,0.0
2022-12-19 00:00:00-05:00,2.1050000190734863,2.200000047683716,2.0,2.0299999713897705,8400,0.0,0.0
2022-12-20 00:00:00-05:00,2.1600000858306885,2.240000009536743,2.0199999809265137,2.0199999809265137,27900,0.0,0.0
2022-12-21 00:00:00-05:00,2.0199999809265137,2.190000057220459,2.0199999809265137,2.0999999046325684,14600,0.0,0.0
2022-12-22 00:00:00-05:00,2.0999999046325684,2.2899999618530273,1.7999999523162842,2.0250000953674316,41500,0.0,0.0
2022-12-23 00:00:00-05:00,1.8639999628067017,2.200000047683716,1.8639999628067017,1.9700000286102295,2900,0.0,0.0
2022-12-27 00:00:00-05:00,1.9500000476837158,2.119999885559082,1.6399999856948853,1.7999999523162842,31400,0.0,0.0
2022-12-28 00:00:00-05:00,1.649999976158142,2.009999990463257,1.649999976158142,1.9199999570846558,36700,0.0,0.0
2022-12-29 00:00:00-05:00,1.871000051498413,2.0899999141693115,1.7999999523162842,2.0510001182556152,85700,0.0,0.0
2022-12-30 00:00:00-05:00,1.8380000591278076,2.621999979019165,1.8380000591278076,2.3499999046325684,57900,0.0,0.0
2023-01-03 00:00:00-05:00,2.640000104904175,2.7799999713897705,2.299999952316284,2.6500000953674316,63000,0.0,0.0
2023-01-04 00:00:00-05:00,2.7899999618530273,2.7899999618530273,2.5199999809265137,2.700000047683716,9500,0.0,0.0
2023-01-05 00:00:00-05:00,2.740000009536743,2.880000114440918,2.4600000381469727,2.809999942779541,13400,0.0,0.0
2023-01-06 00:00:00-05:00,2.6600000858306885,3.0199999809265137,2.6600000858306885,3.0199999809265137,25200,0.0,0.0
2023-01-09 00:00:00-05:00,3.180000066757202,3.299999952316284,3.0,3.259999990463257,46000,0.0,0.0
2023-01-10 00:00:00-05:00,3.2829999923706055,3.4110000133514404,3.0,3.1700000762939453,42600,0.0,0.0
2023-01-11 00:00:00-05:00,3.369999885559082,3.369999885559082,2.9800000190734863,2.990000009536743,24900,0.0,0.0
2023-01-12 00:00:00-05:00,3.0409998893737793,3.0409998893737793,2.700000047683716,2.8299999237060547,52800,0.0,0.0
2023-01-13 00:00:00-05:00,2.7699999809265137,3.049999952316284,2.7699999809265137,3.009999990463257,30000,0.0,0.0
2023-01-17 00:00:00-05:00,3.0899999141693115,4.02400016784668,3.0230000019073486,3.950000047683716,213800,0.0,0.0
2023-01-18 00:00:00-05:00,4.0,5.0,3.5399999618530273,3.6500000953674316,355300,0.0,0.0
2023-01-19 00:00:00-05:00,4.309999942779541,4.699999809265137,3.6600000858306885,3.8399999141693115,133500,0.0,0.0
2023-01-20 00:00:00-05:00,3.7699999809265137,4.050000190734863,3.109999895095825,3.25,72400,0.0,0.0
2023-01-23 00:00:00-05:00,3.240000009536743,3.2699999809265137,2.5,2.630000114440918,149600,0.0,0.0
2023-01-24 00:00:00-05:00,2.619999885559082,2.6449999809265137,2.450000047683716,2.5299999713897705,31200,0.0,0.0
2023-01-25 00:00:00-05:00,2.450000047683716,2.5299999713897705,2.4000000953674316,2.509999990463257,14100,0.0,0.0
2023-01-26 00:00:00-05:00,2.4100000858306885,2.569999933242798,2.3399999141693115,2.559999942779541,28900,0.0,0.0
2023-01-27 00:00:00-05:00,2.559999942779541,2.6500000953674316,2.5,2.6500000953674316,20500,0.0,0.0
2023-01-30 00:00:00-05:00,2.6600000858306885,2.6600000858306885,2.5,2.61299991607666,15700,0.0,0.0
2023-01-31 00:00:00-05:00,2.680000066757202,2.680000066757202,2.569999933242798,2.630000114440918,9700,0.0,0.0
2023-02-01 00:00:00-05:00,2.680000066757202,2.9600000381469727,2.5250000953674316,2.809999942779541,34600,0.0,0.0
2023-02-02 00:00:00-05:00,2.890000104904175,3.069999933242798,2.8350000381469727,3.0199999809265137,16300,0.0,0.0
2023-02-03 00:00:00-05:00,3.0399999618530273,3.25,2.950000047683716,3.0999999046325684,42900,0.0,0.0
2023-02-06 00:00:00-05:00,3.0299999713897705,3.240000009536743,3.0199999809265137,3.1500000953674316,12300,0.0,0.0
2023-02-07 00:00:00-05:00,3.140000104904175,3.609999895095825,3.0999999046325684,3.609999895095825,32100,0.0,0.0
2023-02-08 00:00:00-05:00,3.7200000286102295,4.190000057220459,3.609999895095825,3.950000047683716,117000,0.0,0.0
2023-02-09 00:00:00-05:00,4.0,4.090000152587891,3.950000047683716,3.990000009536743,24300,0.0,0.0
2023-02-10 00:00:00-05:00,4.059999942779541,4.059999942779541,3.7100000381469727,3.809999942779541,30800,0.0,0.0
2023-02-13 00:00:00-05:00,4.090000152587891,4.090000152587891,3.680000066757202,3.890000104904175,19800,0.0,0.0
2023-02-14 00:00:00-05:00,3.759999990463257,3.950000047683716,3.759999990463257,3.950000047683716,4800,0.0,0.0
2023-02-15 00:00:00-05:00,3.7200000286102295,4.059999942779541,3.7200000286102295,4.059999942779541,12100,0.0,0.0
2023-02-16 00:00:00-05:00,4.03000020980835,4.199999809265137,4.0,4.085999965667725,20600,0.0,0.0
2023-02-17 00:00:00-05:00,4.309999942779541,4.309999942779541,4.010000228881836,4.099999904632568,23600,0.0,0.0
2023-02-21 00:00:00-05:00,4.170000076293945,4.170000076293945,3.828000068664551,3.944999933242798,16700,0.0,0.0
2023-02-22 00:00:00-05:00,3.9660000801086426,4.041999816894531,3.8499999046325684,3.9600000381469727,11600,0.0,0.0
2023-02-23 00:00:00-05:00,3.8299999237060547,4.050000190734863,3.8299999237060547,3.9200000762939453,8300,0.0,0.0
2023-02-24 00:00:00-05:00,3.7799999713897705,3.9000000953674316,3.690000057220459,3.75,10900,0.0,0.0
2023-02-27 00:00:00-05:00,3.799999952316284,3.799999952316284,3.5999999046325684,3.7049999237060547,4800,0.0,0.0
2023-02-28 00:00:00-05:00,4.179999828338623,4.75,4.09499979019165,4.650000095367432,229300,0.0,0.0
2023-03-01 00:00:00-05:00,4.820000171661377,5.389999866485596,4.800000190734863,5.099999904632568,256000,0.0,0.0
2023-03-02 00:00:00-05:00,5.610000133514404,5.699999809265137,4.900000095367432,4.920000076293945,156400,0.0,0.0
2023-03-03 00:00:00-05:00,5.039999961853027,5.289999961853027,4.901000022888184,5.199999809265137,72100,0.0,0.0
2023-03-06 00:00:00-05:00,5.309999942779541,5.389999866485596,5.010000228881836,5.25,60100,0.0,0.0
2023-03-07 00:00:00-05:00,5.21999979019165,5.744999885559082,4.25,4.900000095367432,262100,0.0,0.0
2023-03-08 00:00:00-05:00,4.949999809265137,5.260000228881836,4.710000038146973,5.199999809265137,112900,0.0,0.0
2023-03-09 00:00:00-05:00,5.090000152587891,5.460000038146973,4.314000129699707,4.510000228881836,163200,0.0,0.0
2023-03-10 00:00:00-05:00,4.400000095367432,4.510000228881836,4.25,4.329999923706055,22100,0.0,0.0
2023-03-13 00:00:00-04:00,4.230000019073486,4.260000228881836,3.7300000190734863,3.7699999809265137,55100,0.0,0.0
2023-03-14 00:00:00-04:00,3.7799999713897705,4.204999923706055,3.6700000762939453,3.6700000762939453,16900,0.0,0.0
2023-03-15 00:00:00-04:00,3.609999895095825,3.609999895095825,3.259999990463257,3.2899999618530273,36100,0.0,0.0
2023-03-16 00:00:00-04:00,3.319999933242798,3.380000114440918,3.2300000190734863,3.359999895095825,4700,0.0,0.0
2023-03-17 00:00:00-04:00,3.2799999713897705,3.2799999713897705,2.9600000381469727,3.119999885559082,27700,0.0,0.0
2023-03-20 00:00:00-04:00,3.0199999809265137,3.0999999046325684,2.7899999618530273,2.9800000190734863,19900,0.0,0.0
2023-03-21 00:00:00-04:00,2.940000057220459,3.1649999618530273,2.859999895095825,2.950000047683716,9000,0.0,0.0
2023-03-22 00:00:00-04:00,3.009999990463257,3.009999990463257,2.859999895095825,2.9000000953674316,5200,0.0,0.0
2023-03-23 00:00:00-04:00,2.8499999046325684,2.9149999618530273,2.6700000762939453,2.680000066757202,16400,0.0,0.0
2023-03-24 00:00:00-04:00,2.559999942779541,2.75,2.509999990463257,2.634999990463257,36800,0.0,0.0
2023-03-27 00:00:00-04:00,2.559999942779541,3.0,2.5,2.990000009536743,25600,0.0,0.0
2023-03-28 00:00:00-04:00,3.0,3.299999952316284,2.9030001163482666,3.0299999713897705,64700,0.0,0.0
2023-03-29 00:00:00-04:00,3.049999952316284,4.190000057220459,3.0299999713897705,3.9000000953674316,314900,0.0,0.0
2023-03-30 00:00:00-04:00,4.489999771118164,4.599999904632568,2.549999952316284,3.369999885559082,586600,0.0,0.0
2023-03-31 00:00:00-04:00,3.3499999046325684,3.5,3.140000104904175,3.484999895095825,50000,0.0,0.0
2023-04-03 00:00:00-04:00,3.309999942779541,3.390000104904175,2.990000009536743,3.0999999046325684,65200,0.0,0.0
2023-04-04 00:00:00-04:00,3.190000057220459,3.190000057220459,2.940000057220459,3.0299999713897705,21800,0.0,0.0
2023-04-05 00:00:00-04:00,3.0,3.140000104904175,2.940000057220459,2.950000047683716,32100,0.0,0.0
2023-04-06 00:00:00-04:00,2.940000057220459,2.99399995803833,2.819999933242798,2.819999933242798,25800,0.0,0.0
2023-04-10 00:00:00-04:00,2.819999933242798,2.890000104904175,2.799999952316284,2.809999942779541,13100,0.0,0.0
2023-04-11 00:00:00-04:00,2.8380000591278076,2.930000066757202,2.799999952316284,2.8499999046325684,14300,0.0,0.0
2023-04-12 00:00:00-04:00,2.7699999809265137,2.7899999618530273,2.5999999046325684,2.5999999046325684,31100,0.0,0.0
2023-04-13 00:00:00-04:00,2.5999999046325684,2.8480000495910645,2.5999999046325684,2.6700000762939453,30700,0.0,0.0
2023-04-14 00:00:00-04:00,2.6600000858306885,2.809999942779541,2.6500000953674316,2.799999952316284,14800,0.0,0.0
2023-04-17 00:00:00-04:00,2.9000000953674316,2.9800000190734863,2.7300000190734863,2.9200000762939453,31300,0.0,0.0
2023-04-18 00:00:00-04:00,3.0,3.1500000953674316,2.8499999046325684,3.1500000953674316,44000,0.0,0.0
2023-04-19 00:00:00-04:00,2.950000047683716,3.25,2.940000057220459,3.2100000381469727,26700,0.0,0.0
2023-04-20 00:00:00-04:00,3.130000114440918,3.200000047683716,3.0,3.049999952316284,17600,0.0,0.0
2023-04-21 00:00:00-04:00,3.0,3.0350000858306885,2.9519999027252197,2.990000009536743,6600,0.0,0.0
2023-04-24 00:00:00-04:00,3.0199999809265137,3.0199999809265137,2.8499999046325684,2.9100000858306885,12900,0.0,0.0
2023-04-25 00:00:00-04:00,2.8949999809265137,2.940000057220459,2.740000009536743,2.740000009536743,7400,0.0,0.0
2023-04-26 00:00:00-04:00,2.865000009536743,2.940000057220459,2.7799999713897705,2.7799999713897705,14400,0.0,0.0
2023-04-27 00:00:00-04:00,2.799999952316284,3.1500000953674316,2.799999952316284,3.109999895095825,24700,0.0,0.0
2023-04-28 00:00:00-04:00,3.0,3.140000104904175,2.9730000495910645,3.130000114440918,13900,0.0,0.0
2023-05-01 00:00:00-04:00,3.049999952316284,3.1440000534057617,3.049999952316284,3.119999885559082,23900,0.0,0.0
2023-05-02 00:00:00-04:00,3.1500000953674316,3.1500000953674316,2.9700000286102295,2.9700000286102295,5300,0.0,0.0
2023-05-03 00:00:00-04:00,2.8949999809265137,3.061000108718872,2.812000036239624,2.859999895095825,12500,0.0,0.0
2023-05-04 00:00:00-04:00,3.1500000953674316,3.1500000953674316,2.7100000381469727,2.9200000762939453,6800,0.0,0.0
2023-05-05 00:00:00-04:00,2.997999906539917,3.0,2.7100000381469727,2.7100000381469727,11700,0.0,0.0
2023-05-08 00:00:00-04:00,2.9149999618530273,2.9149999618530273,2.75,2.7699999809265137,9200,0.0,0.0
2023-05-09 00:00:00-04:00,2.7339999675750732,2.7699999809265137,2.5799999237060547,2.6600000858306885,17400,0.0,0.0
2023-05-10 00:00:00-04:00,2.7279999256134033,2.7699999809265137,2.609999895095825,2.75,12700,0.0,0.0
2023-05-11 00:00:00-04:00,2.622999906539917,2.8399999141693115,2.5899999141693115,2.5899999141693115,14500,0.0,0.0
2023-05-12 00:00:00-04:00,2.617000102996826,2.619999885559082,2.0,2.009999990463257,53300,0.0,0.0
2023-05-15 00:00:00-04:00,2.190000057220459,2.259999990463257,2.130000114440918,2.2300000190734863,15900,0.0,0.0
2023-05-16 00:00:00-04:00,2.2300000190734863,2.299999952316284,2.119999885559082,2.2090001106262207,7400,0.0,0.0
2023-05-17 00:00:00-04:00,2.180000066757202,2.243000030517578,2.0,2.0999999046325684,34400,0.0,0.0
2023-05-18 00:00:00-04:00,2.0999999046325684,2.200000047683716,2.0999999046325684,2.1500000953674316,20600,0.0,0.0
2023-05-19 00:00:00-04:00,2.059999942779541,2.240000009536743,2.059999942779541,2.1500000953674316,8700,0.0,0.0
2023-05-22 00:00:00-04:00,2.059999942779541,2.2300000190734863,2.0,2.0299999713897705,13200,0.0,0.0
2023-05-23 00:00:00-04:00,2.0199999809265137,2.069999933242798,1.8899999856948853,2.0199999809265137,25800,0.0,0.0
2023-05-24 00:00:00-04:00,2.069999933242798,2.130000114440918,1.850000023841858,1.850000023841858,48800,0.0,0.0
2023-05-25 00:00:00-04:00,1.9299999475479126,2.0899999141693115,1.850000023841858,1.899999976158142,15800,0.0,0.0
2023-05-26 00:00:00-04:00,1.850000023841858,1.940000057220459,1.850000023841858,1.899999976158142,9600,0.0,0.0
2023-05-30 00:00:00-04:00,1.8700000047683716,1.940000057220459,1.840000033378601,1.8600000143051147,13800,0.0,0.0
2023-05-31 00:00:00-04:00,1.9800000190734863,2.0899999141693115,1.7100000381469727,1.8600000143051147,36100,0.0,0.0
2023-06-01 00:00:00-04:00,2.1619999408721924,2.1619999408721924,1.8899999856948853,2.109999895095825,39000,0.0,0.0
2023-06-02 00:00:00-04:00,2.1500000953674316,2.200000047683716,2.009999990463257,2.0799999237060547,26100,0.0,0.0
2023-06-05 00:00:00-04:00,2.0299999713897705,2.190000057220459,2.009999990463257,2.009999990463257,5300,0.0,0.0
2023-06-06 00:00:00-04:00,2.0199999809265137,2.124000072479248,1.899999976158142,1.899999976158142,27200,0.0,0.0
2023-06-07 00:00:00-04:00,2.059999942779541,2.059999942779541,1.9700000286102295,1.9800000190734863,13800,0.0,0.0
2023-06-08 00:00:00-04:00,1.9500000476837158,1.9500000476837158,1.850000023841858,1.9470000267028809,48900,0.0,0.0
2023-06-09 00:00:00-04:00,1.940000057220459,2.0199999809265137,1.909999966621399,1.940000057220459,28100,0.0,0.0
2023-06-12 00:00:00-04:00,2.0,2.0399999618530273,1.909999966621399,1.9800000190734863,22500,0.0,0.0
2023-06-13 00:00:00-04:00,1.9900000095367432,2.0,1.850000023841858,1.8600000143051147,47500,0.0,0.0
2023-06-14 00:00:00-04:00,1.8600000143051147,2.009999990463257,1.7999999523162842,2.0,63700,0.0,0.0
2023-06-15 00:00:00-04:00,2.0199999809265137,2.3399999141693115,1.9199999570846558,2.240000009536743,64000,0.0,0.0
2023-06-16 00:00:00-04:00,2.2100000381469727,2.2100000381469727,1.9500000476837158,1.9700000286102295,33700,0.0,0.0
2023-06-20 00:00:00-04:00,1.9700000286102295,2.056999921798706,1.940000057220459,1.9800000190734863,25800,0.0,0.0
2023-06-21 00:00:00-04:00,2.0799999237060547,2.2100000381469727,1.9789999723434448,2.0399999618530273,71400,0.0,0.0
2023-06-22 00:00:00-04:00,2.069999933242798,2.069999933242798,1.9500000476837158,2.0299999713897705,33600,0.0,0.0
2023-06-23 00:00:00-04:00,1.9700000286102295,2.049999952316284,1.909999966621399,1.909999966621399,27200,0.0,0.0
2023-06-26 00:00:00-04:00,2.049999952316284,2.0999999046325684,2.0,2.049999952316284,67900,0.0,0.0
2023-06-27 00:00:00-04:00,2.0999999046325684,2.390000104904175,2.0999999046325684,2.1500000953674316,121200,0.0,0.0
2023-06-28 00:00:00-04:00,2.359999895095825,2.440000057220459,2.240000009536743,2.240000009536743,144200,0.0,0.0
2023-06-29 00:00:00-04:00,2.7799999713897705,3.2899999618530273,2.2899999618530273,2.450000047683716,33412700,0.0,0.0
2023-06-30 00:00:00-04:00,2.369999885559082,2.4000000953674316,2.1500000953674316,2.259999990463257,782000,0.0,0.0
2023-07-03 00:00:00-04:00,2.259999990463257,2.319999933242798,2.1500000953674316,2.299999952316284,156000,0.0,0.0
2023-07-05 00:00:00-04:00,2.2699999809265137,2.2839999198913574,2.059999942779541,2.2200000286102295,346400,0.0,0.0
2023-07-06 00:00:00-04:00,2.140000104904175,2.180000066757202,1.9500000476837158,2.0299999713897705,193400,0.0,0.0
2023-07-07 00:00:00-04:00,2.009999990463257,2.0880000591278076,1.899999976158142,1.940000057220459,145000,0.0,0.0
2023-07-10 00:00:00-04:00,1.940000057220459,2.0399999618530273,1.9199999570846558,2.009999990463257,173000,0.0,0.0
2023-07-11 00:00:00-04:00,2.009999990463257,2.2100000381469727,1.9819999933242798,2.200000047683716,105000,0.0,0.0
2023-07-12 00:00:00-04:00,2.240000009536743,2.25,2.140000104904175,2.240000009536743,88100,0.0,0.0
2023-07-13 00:00:00-04:00,2.2300000190734863,2.4000000953674316,2.2200000286102295,2.2899999618530273,201000,0.0,0.0
2023-07-14 00:00:00-04:00,2.2300000190734863,2.255000114440918,2.069999933242798,2.1500000953674316,147200,0.0,0.0
2023-07-17 00:00:00-04:00,2.109999895095825,2.240000009536743,2.109999895095825,2.200000047683716,37800,0.0,0.0
2023-07-18 00:00:00-04:00,2.190000057220459,2.25,2.0399999618530273,2.0899999141693115,117500,0.0,0.0
2023-07-19 00:00:00-04:00,2.0399999618530273,2.1700000762939453,2.0299999713897705,2.0799999237060547,25700,0.0,0.0
2023-07-20 00:00:00-04:00,2.0999999046325684,2.2300000190734863,2.0999999046325684,2.1600000858306885,71400,0.0,0.0
2023-07-21 00:00:00-04:00,2.130000114440918,2.180999994277954,2.0350000858306885,2.069999933242798,64200,0.0,0.0
2023-07-24 00:00:00-04:00,2.0799999237060547,2.0850000381469727,1.9700000286102295,2.0299999713897705,82900,0.0,0.0
2023-07-25 00:00:00-04:00,2.009999990463257,2.0799999237060547,1.899999976158142,1.9500000476837158,39600,0.0,0.0
2023-07-26 00:00:00-04:00,1.899999976158142,1.9800000190734863,1.899999976158142,1.9299999475479126,33800,0.0,0.0
2023-07-27 00:00:00-04:00,1.9500000476837158,1.996999979019165,1.88100004196167,1.909999966621399,38200,0.0,0.0
2023-07-28 00:00:00-04:00,1.9299999475479126,1.9700000286102295,1.8899999856948853,1.9500000476837158,23700,0.0,0.0
2023-07-31 00:00:00-04:00,1.9700000286102295,2.0299999713897705,1.9509999752044678,1.9800000190734863,32800,0.0,0.0
2023-08-01 00:00:00-04:00,2.0,2.009999990463257,1.9600000381469727,2.009999990463257,17700,0.0,0.0
2023-08-02 00:00:00-04:00,2.0,2.0,1.9199999570846558,1.9900000095367432,12600,0.0,0.0
2023-08-03 00:00:00-04:00,1.9900000095367432,2.0299999713897705,1.9199999570846558,1.9900000095367432,35200,0.0,0.0
2023-08-04 00:00:00-04:00,1.9700000286102295,2.0199999809265137,1.9199999570846558,1.9199999570846558,17300,0.0,0.0
2023-08-07 00:00:00-04:00,1.909999966621399,2.2100000381469727,1.8799999952316284,2.2100000381469727,165000,0.0,0.0
2023-08-08 00:00:00-04:00,2.1500000953674316,2.1500000953674316,1.9500000476837158,2.069999933242798,35700,0.0,0.0
2023-08-09 00:00:00-04:00,2.0399999618530273,2.0399999618530273,1.9850000143051147,2.0,20700,0.0,0.0
2023-08-10 00:00:00-04:00,2.0,2.109999895095825,1.9299999475479126,2.0399999618530273,41700,0.0,0.0
2023-08-11 00:00:00-04:00,1.9900000095367432,1.9900000095367432,1.840000033378601,1.850000023841858,113800,0.0,0.0
2023-08-14 00:00:00-04:00,1.850000023841858,1.8899999856948853,1.7699999809265137,1.850000023841858,44300,0.0,0.0
2023-08-15 00:00:00-04:00,1.7999999523162842,1.840000033378601,1.75,1.7699999809265137,6600,0.0,0.0
2023-08-16 00:00:00-04:00,1.75,1.75,1.7000000476837158,1.7100000381469727,7700,0.0,0.0
2023-08-17 00:00:00-04:00,1.9500000476837158,1.9500000476837158,1.7200000286102295,1.840000033378601,34700,0.0,0.0
2023-08-18 00:00:00-04:00,1.909999966621399,1.909999966621399,1.7200000286102295,1.7200000286102295,46800,0.0,0.0
2023-08-21 00:00:00-04:00,1.7599999904632568,1.840000033378601,1.6799999475479126,1.7200000286102295,46700,0.0,0.0
2023-08-22 00:00:00-04:00,1.7400000095367432,1.8489999771118164,1.7400000095367432,1.809999942779541,6500,0.0,0.0
2023-08-23 00:00:00-04:00,1.7100000381469727,1.7999999523162842,1.7100000381469727,1.75,11800,0.0,0.0
2023-08-24 00:00:00-04:00,1.7200000286102295,1.7300000190734863,1.6799999475479126,1.7200000286102295,28000,0.0,0.0
2023-08-25 00:00:00-04:00,1.7380000352859497,1.7400000095367432,1.690000057220459,1.690000057220459,7400,0.0,0.0
2023-08-28 00:00:00-04:00,1.6100000143051147,1.6799999475479126,1.5499999523162842,1.559999942779541,120700,0.0,0.0
2023-08-29 00:00:00-04:00,1.559999942779541,1.6399999856948853,1.5499999523162842,1.6200000047683716,21500,0.0,0.0
2023-08-30 00:00:00-04:00,1.590000033378601,1.6490000486373901,1.590000033378601,1.6200000047683716,5400,0.0,0.0
2023-08-31 00:00:00-04:00,1.649999976158142,1.7699999809265137,1.6200000047683716,1.6200000047683716,12700,0.0,0.0
2023-09-01 00:00:00-04:00,1.684999942779541,1.7200000286102295,1.6410000324249268,1.690000057220459,9400,0.0,0.0
2023-09-05 00:00:00-04:00,1.6200000047683716,1.715000033378601,1.6200000047683716,1.715000033378601,12200,0.0,0.0
2023-09-06 00:00:00-04:00,1.7300000190734863,1.7300000190734863,1.5700000524520874,1.600000023841858,15300,0.0,0.0
2023-09-07 00:00:00-04:00,1.600000023841858,1.6699999570846558,1.5,1.5,18900,0.0,0.0
2023-09-08 00:00:00-04:00,1.5,1.5499999523162842,1.4500000476837158,1.5,24100,0.0,0.0
2023-09-11 00:00:00-04:00,1.600000023841858,1.600000023841858,1.5,1.5299999713897705,6600,0.0,0.0
2023-09-12 00:00:00-04:00,1.600000023841858,1.649999976158142,1.5399999618530273,1.590000033378601,13900,0.0,0.0
2023-09-13 00:00:00-04:00,1.5700000524520874,1.690000057220459,1.559999942779541,1.5700000524520874,9400,0.0,0.0
2023-09-14 00:00:00-04:00,1.5199999809265137,1.659999966621399,1.5099999904632568,1.5099999904632568,8800,0.0,0.0
2023-09-15 00:00:00-04:00,1.5499999523162842,1.659999966621399,1.4700000286102295,1.659999966621399,38800,0.0,0.0
2023-09-18 00:00:00-04:00,1.6699999570846558,1.6720000505447388,1.4500000476837158,1.4900000095367432,25600,0.0,0.0
2023-09-19 00:00:00-04:00,1.6699999570846558,1.6699999570846558,1.399999976158142,1.5,14800,0.0,0.0
2023-09-20 00:00:00-04:00,1.565999984741211,1.5700000524520874,1.409999966621399,1.409999966621399,17600,0.0,0.0
2023-09-21 00:00:00-04:00,1.409999966621399,1.4500000476837158,1.3109999895095825,1.3799999952316284,34200,0.0,0.0
2023-09-22 00:00:00-04:00,1.3799999952316284,1.3919999599456787,1.3179999589920044,1.3300000429153442,7300,0.0,0.0
2023-09-25 00:00:00-04:00,1.3899999856948853,1.3899999856948853,1.309999942779541,1.309999942779541,8100,0.0,0.0
2023-09-26 00:00:00-04:00,1.4880000352859497,1.4880000352859497,1.25,1.3600000143051147,21000,0.0,0.0
2023-09-27 00:00:00-04:00,1.3509999513626099,1.3700000047683716,1.253000020980835,1.2999999523162842,7500,0.0,0.0
2023-09-28 00:00:00-04:00,1.309999942779541,1.399999976158142,1.2999999523162842,1.2999999523162842,9100,0.0,0.0
2023-09-29 00:00:00-04:00,1.2999999523162842,1.3300000429153442,1.25,1.3300000429153442,14000,0.0,0.0
2023-10-02 00:00:00-04:00,1.3799999952316284,1.3799999952316284,0.9100000262260437,1.1050000190734863,122000,0.0,0.0
2023-10-03 00:00:00-04:00,1.100000023841858,1.1100000143051147,0.9919999837875366,1.0499999523162842,33700,0.0,0.0
2023-10-04 00:00:00-04:00,1.0299999713897705,1.1349999904632568,0.9729999899864197,1.1200000047683716,16100,0.0,0.0
2023-10-05 00:00:00-04:00,1.2200000286102295,1.25,1.0499999523162842,1.149999976158142,13600,0.0,0.0
2023-10-06 00:00:00-04:00,1.1200000047683716,1.2100000381469727,1.1200000047683716,1.1799999475479126,19000,0.0,0.0
2023-10-09 00:00:00-04:00,1.1299999952316284,1.2419999837875366,1.1200000047683716,1.2000000476837158,5800,0.0,0.0
2023-10-10 00:00:00-04:00,1.25,1.25,1.1230000257492065,1.149999976158142,5700,0.0,0.0
2023-10-11 00:00:00-04:00,1.1100000143051147,1.2350000143051147,1.1100000143051147,1.1299999952316284,14500,0.0,0.0
2023-10-12 00:00:00-04:00,1.149999976158142,1.25,1.149999976158142,1.2200000286102295,5800,0.0,0.0
2023-10-13 00:00:00-04:00,1.125,1.2000000476837158,1.0850000381469727,1.1100000143051147,15400,0.0,0.0
2023-10-16 00:00:00-04:00,1.1449999809265137,1.2400000095367432,1.1299999952316284,1.1299999952316284,7000,0.0,0.0
2023-10-17 00:00:00-04:00,1.1799999475479126,1.190000057220459,1.1100000143051147,1.1100000143051147,13000,0.0,0.0
2023-10-18 00:00:00-04:00,1.184999942779541,1.184999942779541,1.059999942779541,1.0700000524520874,17100,0.0,0.0
2023-10-19 00:00:00-04:00,1.1200000047683716,1.159999966621399,1.1150000095367432,1.1369999647140503,6900,0.0,0.0
2023-10-20 00:00:00-04:00,1.1299999952316284,1.159999966621399,1.1200000047683716,1.159999966621399,4500,0.0,0.0
2023-10-23 00:00:00-04:00,1.1100000143051147,1.1349999904632568,1.1100000143051147,1.1100000143051147,1200,0.0,0.0
2023-10-24 00:00:00-04:00,1.1449999809265137,1.149999976158142,1.100000023841858,1.100000023841858,2100,0.0,0.0
2023-10-25 00:00:00-04:00,1.125,1.125,1.090000033378601,1.090000033378601,6600,0.0,0.0
2023-10-26 00:00:00-04:00,1.059999942779541,1.059999942779541,1.0199999809265137,1.0199999809265137,7400,0.0,0.0
2023-10-27 00:00:00-04:00,1.1490000486373901,1.1490000486373901,1.0099999904632568,1.0299999713897705,5500,0.0,0.0
2023-10-30 00:00:00-04:00,1.0199999809265137,1.024999976158142,0.9539999961853027,1.0,24500,0.0,0.0
2023-10-31 00:00:00-04:00,1.0499999523162842,1.159999966621399,0.949999988079071,1.1399999856948853,24800,0.0,0.0
2023-11-01 00:00:00-04:00,1.149999976158142,1.149999976158142,0.9509999752044678,1.059999942779541,11800,0.0,0.0
2023-11-02 00:00:00-04:00,0.9900000095367432,1.0800000429153442,0.9900000095367432,1.0099999904632568,22300,0.0,0.0
2023-11-03 00:00:00-04:00,1.0099999904632568,1.149999976158142,1.0099999904632568,1.149999976158142,10800,0.0,0.0
2023-11-06 00:00:00-05:00,1.149999976158142,1.2400000095367432,1.149999976158142,1.1799999475479126,9800,0.0,0.0
2023-11-07 00:00:00-05:00,1.2000000476837158,1.2000000476837158,1.149999976158142,1.159999966621399,2000,0.0,0.0
2023-11-08 00:00:00-05:00,1.159999966621399,1.2380000352859497,1.0499999523162842,1.1399999856948853,11600,0.0,0.0
2023-11-09 00:00:00-05:00,1.2400000095367432,1.2400000095367432,1.0199999809265137,1.0260000228881836,10000,0.0,0.0
2023-11-10 00:00:00-05:00,1.0829999446868896,1.1299999952316284,1.0210000276565552,1.0800000429153442,3500,0.0,0.0
2023-11-13 00:00:00-05:00,1.125,1.125,1.0199999809265137,1.0499999523162842,5900,0.0,0.0
2023-11-14 00:00:00-05:00,1.1160000562667847,1.1299999952316284,0.550000011920929,0.7519999742507935,94400,0.0,0.0
2023-11-15 00:00:00-05:00,0.7749999761581421,0.7879999876022339,0.7200000286102295,0.7440000176429749,41100,0.0,0.0
2023-11-16 00:00:00-05:00,0.7200000286102295,0.7200000286102295,0.574999988079071,0.6259999871253967,57600,0.0,0.0
2023-11-17 00:00:00-05:00,0.6200000047683716,0.6299999952316284,0.550000011920929,0.6000000238418579,62500,0.0,0.0
2023-11-20 00:00:00-05:00,0.6769999861717224,0.6769999861717224,0.550000011920929,0.609000027179718,25300,0.0,0.0
2023-11-21 00:00:00-05:00,0.6449999809265137,0.6489999890327454,0.6000000238418579,0.6209999918937683,5000,0.0,0.0
2023-11-22 00:00:00-05:00,0.6200000047683716,0.6489999890327454,0.6039999723434448,0.6489999890327454,18400,0.0,0.0
2023-11-24 00:00:00-05:00,0.6600000262260437,0.6769999861717224,0.6230000257492065,0.6769999861717224,14400,0.0,0.0
2023-11-27 00:00:00-05:00,0.6800000071525574,0.8199999928474426,0.6499999761581421,0.6899999976158142,38400,0.0,0.0
2023-11-28 00:00:00-05:00,0.6510000228881836,0.75,0.6510000228881836,0.6800000071525574,9200,0.0,0.0
2023-11-29 00:00:00-05:00,0.7139999866485596,0.7200000286102295,0.6800000071525574,0.6800000071525574,12300,0.0,0.0
2023-11-30 00:00:00-05:00,0.6600000262260437,0.6710000038146973,0.6230000257492065,0.6399999856948853,24100,0.0,0.0
2023-12-01 00:00:00-05:00,0.6299999952316284,0.6869999766349792,0.6299999952316284,0.6499999761581421,36800,0.0,0.0
2023-12-04 00:00:00-05:00,0.6499999761581421,0.734000027179718,0.6499999761581421,0.6510000228881836,11500,0.0,0.0
2023-12-05 00:00:00-05:00,0.6700000166893005,0.675000011920929,0.5950000286102295,0.6480000019073486,38600,0.0,0.0
2023-12-06 00:00:00-05:00,0.6499999761581421,0.6499999761581421,0.531000018119812,0.6200000047683716,56700,0.0,0.0
2023-12-07 00:00:00-05:00,0.5600000023841858,0.6399999856948853,0.5600000023841858,0.6200000047683716,12900,0.0,0.0
2023-12-08 00:00:00-05:00,0.5899999737739563,0.6200000047683716,0.5799999833106995,0.6200000047683716,50100,0.0,0.0
2023-12-11 00:00:00-05:00,0.6200000047683716,0.656000018119812,0.6200000047683716,0.6399999856948853,10600,0.0,0.0
2023-12-12 00:00:00-05:00,0.6299999952316284,0.6499999761581421,0.6110000014305115,0.6349999904632568,14700,0.0,0.0
2023-12-13 00:00:00-05:00,0.6499999761581421,0.8700000047683716,0.6499999761581421,0.7960000038146973,479200,0.0,0.0
2023-12-14 00:00:00-05:00,0.8669999837875366,1.0299999713897705,0.8610000014305115,0.9620000123977661,319000,0.0,0.0
2023-12-15 00:00:00-05:00,0.9330000281333923,0.9330000281333923,0.7960000038146973,0.8550000190734863,68000,0.0,0.0
2023-12-18 00:00:00-05:00,0.7720000147819519,0.8199999928474426,0.7609999775886536,0.796999990940094,66900,0.0,0.0
2023-12-19 00:00:00-05:00,0.7549999952316284,0.7799999713897705,0.675000011920929,0.7319999933242798,71900,0.0,0.0
2023-12-20 00:00:00-05:00,0.7099999785423279,0.7170000076293945,0.6779999732971191,0.7099999785423279,21900,0.0,0.0
2023-12-21 00:00:00-05:00,0.7289999723434448,0.8799999952316284,0.7099999785423279,0.8500000238418579,85300,0.0,0.0
2023-12-22 00:00:00-05:00,0.8799999952316284,1.100000023841858,0.8799999952316284,1.0299999713897705,143300,0.0,0.0
2023-12-26 00:00:00-05:00,1.059999942779541,1.1699999570846558,1.034999966621399,1.149999976158142,74900,0.0,0.0
2023-12-27 00:00:00-05:00,1.2000000476837158,1.2000000476837158,0.9200000166893005,1.0,107900,0.0,0.0
2023-12-28 00:00:00-05:00,1.2000000476837158,1.4700000286102295,1.1200000047683716,1.4700000286102295,458500,0.0,0.0
2023-12-29 00:00:00-05:00,1.5700000524520874,2.3499999046325684,1.5099999904632568,2.2899999618530273,1130200,0.0,0.0
2024-01-02 00:00:00-05:00,1.909999966621399,2.119999885559082,1.5299999713897705,1.9800000190734863,645300,0.0,0.0
2024-01-03 00:00:00-05:00,1.850000023841858,1.850000023841858,1.6699999570846558,1.850000023841858,111600,0.0,0.0
2024-01-04 00:00:00-05:00,1.8600000143051147,1.8899999856948853,1.7200000286102295,1.75,47800,0.0,0.0
2024-01-05 00:00:00-05:00,1.7699999809265137,1.850000023841858,1.600000023841858,1.7300000190734863,75100,0.0,0.0
2024-01-08 00:00:00-05:00,1.75,1.75,1.600000023841858,1.7100000381469727,38300,0.0,0.0
2024-01-09 00:00:00-05:00,1.6399999856948853,1.6399999856948853,1.1549999713897705,1.3799999952316284,256700,0.0,0.0
2024-01-10 00:00:00-05:00,1.3300000429153442,1.3700000047683716,1.1200000047683716,1.1799999475479126,132800,0.0,0.0
2024-01-11 00:00:00-05:00,1.0099999904632568,1.1799999475479126,1.0099999904632568,1.1299999952316284,70800,0.0,0.0
2024-01-12 00:00:00-05:00,1.1100000143051147,1.1299999952316284,1.0700000524520874,1.100000023841858,48700,0.0,0.0
2024-01-16 00:00:00-05:00,1.100000023841858,1.1200000047683716,1.0160000324249268,1.0800000429153442,29300,0.0,0.0
2024-01-17 00:00:00-05:00,1.0700000524520874,1.149999976158142,1.0199999809265137,1.100000023841858,35100,0.0,0.0
2024-01-18 00:00:00-05:00,1.0800000429153442,1.1059999465942383,1.0499999523162842,1.0499999523162842,11400,0.0,0.0
2024-01-19 00:00:00-05:00,1.0399999618530273,1.1200000047683716,1.0399999618530273,1.0800000429153442,11200,0.0,0.0
2024-01-22 00:00:00-05:00,1.0700000524520874,1.1799999475479126,1.0700000524520874,1.1299999952316284,21400,0.0,0.0
2024-01-23 00:00:00-05:00,1.100000023841858,1.1100000143051147,1.0700000524520874,1.0700000524520874,11100,0.0,0.0
2024-01-24 00:00:00-05:00,1.149999976158142,1.149999976158142,1.0199999809265137,1.0199999809265137,16900,0.0,0.0
2024-01-25 00:00:00-05:00,1.0,1.059999942779541,1.0,1.059999942779541,52800,0.0,0.0
2024-01-26 00:00:00-05:00,1.0399999618530273,1.0700000524520874,1.0,1.0499999523162842,11200,0.0,0.0
2024-01-29 00:00:00-05:00,1.0499999523162842,1.437000036239624,1.0499999523162842,1.2100000381469727,200400,0.0,0.0
2024-01-30 00:00:00-05:00,1.25,1.3600000143051147,1.2100000381469727,1.3300000429153442,64200,0.0,0.0
2024-01-31 00:00:00-05:00,1.350000023841858,1.7000000476837158,1.3300000429153442,1.5,208800,0.0,0.0
2024-02-01 00:00:00-05:00,1.649999976158142,1.649999976158142,1.350000023841858,1.4700000286102295,53200,0.0,0.0
2024-02-02 00:00:00-05:00,1.649999976158142,1.7999999523162842,1.5099999904632568,1.7000000476837158,185500,0.0,0.0
2024-02-05 00:00:00-05:00,1.7000000476837158,1.7899999618530273,1.6200000047683716,1.659999966621399,46100,0.0,0.0
2024-02-06 00:00:00-05:00,1.7400000095367432,1.7400000095367432,1.590000033378601,1.6699999570846558,26600,0.0,0.0
2024-02-07 00:00:00-05:00,1.649999976158142,1.649999976158142,1.399999976158142,1.5399999618530273,33000,0.0,0.0
2024-02-08 00:00:00-05:00,1.590000033378601,1.590000033378601,1.4950000047683716,1.5499999523162842,16100,0.0,0.0
2024-02-09 00:00:00-05:00,1.659999966621399,1.659999966621399,1.4800000190734863,1.590000033378601,14000,0.0,0.0
2024-02-12 00:00:00-05:00,1.590000033378601,1.590000033378601,1.340000033378601,1.5399999618530273,35700,0.0,0.0
2024-02-13 00:00:00-05:00,1.5800000429153442,1.590000033378601,1.4700000286102295,1.5800000429153442,27800,0.0,0.0
2024-02-14 00:00:00-05:00,1.590000033378601,1.590000033378601,1.3200000524520874,1.3669999837875366,68100,0.0,0.0
2024-02-15 00:00:00-05:00,1.350000023841858,1.5570000410079956,1.350000023841858,1.409999966621399,7100,0.0,0.0
2024-02-16 00:00:00-05:00,1.4500000476837158,1.4609999656677246,1.3200000524520874,1.3799999952316284,16700,0.0,0.0
2024-02-20 00:00:00-05:00,1.3899999856948853,1.4450000524520874,1.3300000429153442,1.3799999952316284,11200,0.0,0.0
2024-02-21 00:00:00-05:00,1.3200000524520874,1.399999976158142,1.2599999904632568,1.3600000143051147,14900,0.0,0.0
2024-02-22 00:00:00-05:00,1.440000057220459,1.440000057220459,1.2899999618530273,1.3600000143051147,7000,0.0,0.0
2024-02-23 00:00:00-05:00,1.4199999570846558,1.4199999570846558,1.2799999713897705,1.409999966621399,9600,0.0,0.0
2024-02-26 00:00:00-05:00,1.340000033378601,1.4759999513626099,1.309999942779541,1.3700000047683716,18700,0.0,0.0
2024-02-27 00:00:00-05:00,1.340000033378601,1.440000057220459,1.2599999904632568,1.309999942779541,17300,0.0,0.0
2024-02-28 00:00:00-05:00,1.2599999904632568,1.649999976158142,1.2599999904632568,1.600000023841858,111700,0.0,0.0
2024-02-29 00:00:00-05:00,1.659999966621399,1.8300000429153442,1.600000023841858,1.7200000286102295,145200,0.0,0.0
2024-03-01 00:00:00-05:00,1.6699999570846558,1.7960000038146973,1.6200000047683716,1.7799999713897705,32800,0.0,0.0
2024-03-04 00:00:00-05:00,1.7300000190734863,1.7699999809265137,1.6399999856948853,1.7000000476837158,20700,0.0,0.0
2024-03-05 00:00:00-05:00,1.649999976158142,1.7799999713897705,1.649999976158142,1.7400000095367432,15300,0.0,0.0
2024-03-06 00:00:00-05:00,1.6799999475479126,1.7200000286102295,1.590000033378601,1.690000057220459,29300,0.0,0.0
2024-03-07 00:00:00-05:00,1.690000057220459,1.7899999618530273,1.684999942779541,1.75,13100,0.0,0.0
2024-03-08 00:00:00-05:00,1.7200000286102295,1.8600000143051147,1.7000000476837158,1.7200000286102295,29900,0.0,0.0
2024-03-11 00:00:00-04:00,1.75,1.75,1.690000057220459,1.690000057220459,18200,0.0,0.0
2024-03-12 00:00:00-04:00,1.600000023841858,1.7100000381469727,1.600000023841858,1.690000057220459,6300,0.0,0.0
2024-03-13 00:00:00-04:00,1.6100000143051147,1.8200000524520874,1.6100000143051147,1.659999966621399,20000,0.0,0.0
2024-03-14 00:00:00-04:00,1.2599999904632568,1.5099999904632568,1.25,1.3200000524520874,104900,0.0,0.0
2024-03-15 00:00:00-04:00,1.2799999713897705,1.3700000047683716,1.2100000381469727,1.3200000524520874,47100,0.0,0.0
2024-03-18 00:00:00-04:00,1.3600000143051147,1.399999976158142,1.309999942779541,1.3300000429153442,12100,0.0,0.0
2024-03-19 00:00:00-04:00,1.3899999856948853,1.4700000286102295,1.3899999856948853,1.4299999475479126,22200,0.0,0.0
2024-03-20 00:00:00-04:00,1.409999966621399,1.4600000381469727,1.3919999599456787,1.440000057220459,3000,0.0,0.0
2024-03-21 00:00:00-04:00,1.3980000019073486,1.503000020980835,1.3899999856948853,1.4700000286102295,3900,0.0,0.0
2024-03-22 00:00:00-04:00,1.4900000095367432,1.4900000095367432,1.3300000429153442,1.4199999570846558,10900,0.0,0.0
2024-03-25 00:00:00-04:00,1.3600000143051147,1.5099999904632568,1.2999999523162842,1.4299999475479126,5000,0.0,0.0
2024-03-26 00:00:00-04:00,1.3300000429153442,1.50600004196167,1.2999999523162842,1.2999999523162842,10700,0.0,0.0
2024-03-27 00:00:00-04:00,1.3899999856948853,1.4199999570846558,1.2999999523162842,1.3799999952316284,19100,0.0,0.0
2024-03-28 00:00:00-04:00,1.315999984741211,1.399999976158142,1.25,1.340000033378601,17300,0.0,0.0
2024-04-01 00:00:00-04:00,1.2999999523162842,1.3799999952316284,1.2999999523162842,1.3200000524520874,13500,0.0,0.0
2024-04-02 00:00:00-04:00,1.309999942779541,1.309999942779541,1.1799999475479126,1.2400000095367432,26300,0.0,0.0
2024-04-03 00:00:00-04:00,1.2410000562667847,1.2979999780654907,1.215000033378601,1.2599999904632568,10500,0.0,0.0
2024-04-04 00:00:00-04:00,1.3300000429153442,1.3300000429153442,1.1950000524520874,1.2000000476837158,15700,0.0,0.0
2024-04-05 00:00:00-04:00,1.2999999523162842,1.350000023841858,1.1299999952316284,1.1549999713897705,23600,0.0,0.0
2024-04-08 00:00:00-04:00,1.149999976158142,1.559999942779541,1.1200000047683716,1.1699999570846558,900800,0.0,0.0
2024-04-09 00:00:00-04:00,1.149999976158142,1.2300000190734863,1.1200000047683716,1.1799999475479126,69500,0.0,0.0
2024-04-10 00:00:00-04:00,1.125,1.2359999418258667,1.125,1.1959999799728394,18300,0.0,0.0
2024-04-11 00:00:00-04:00,1.2139999866485596,1.3580000400543213,1.184999942779541,1.2899999618530273,53000,0.0,0.0
2024-04-12 00:00:00-04:00,1.3300000429153442,1.3300000429153442,1.2200000286102295,1.2200000286102295,10900,0.0,0.0
2024-04-15 00:00:00-04:00,1.2799999713897705,1.2799999713897705,1.149999976158142,1.149999976158142,30200,0.0,0.0
2024-04-16 00:00:00-04:00,1.1399999856948853,1.2300000190734863,1.1200000047683716,1.1299999952316284,21200,0.0,0.0
2024-04-17 00:00:00-04:00,1.100000023841858,1.2000000476837158,1.100000023841858,1.190000057220459,7300,0.0,0.0
2024-04-18 00:00:00-04:00,1.2899999618530273,1.2899999618530273,1.149999976158142,1.2200000286102295,5300,0.0,0.0
2024-04-19 00:00:00-04:00,1.2300000190734863,1.25,1.159999966621399,1.1699999570846558,20100,0.0,0.0
2024-04-22 00:00:00-04:00,1.1699999570846558,1.2799999713897705,1.159999966621399,1.2300000190734863,4300,0.0,0.0
2024-04-23 00:00:00-04:00,1.190000057220459,1.2100000381469727,1.1699999570846558,1.2000000476837158,2900,0.0,0.0
2024-04-24 00:00:00-04:00,1.2200000286102295,1.2300000190734863,1.190000057220459,1.2130000591278076,3600,0.0,0.0
2024-04-25 00:00:00-04:00,1.2350000143051147,1.25,1.2100000381469727,1.2100000381469727,3500,0.0,0.0
2024-04-26 00:00:00-04:00,1.2100000381469727,1.3799999952316284,1.2100000381469727,1.2430000305175781,27500,0.0,0.0
2024-04-29 00:00:00-04:00,1.2999999523162842,1.2999999523162842,1.190000057220459,1.2100000381469727,10600,0.0,0.0
2024-04-30 00:00:00-04:00,1.2100000381469727,1.2799999713897705,1.2100000381469727,1.2100000381469727,8200,0.0,0.0
2024-05-01 00:00:00-04:00,1.2300000190734863,1.246000051498413,1.1399999856948853,1.2100000381469727,20600,0.0,0.0
2024-05-02 00:00:00-04:00,1.190000057220459,1.2699999809265137,1.190000057220459,1.2699999809265137,13400,0.0,0.0
2024-05-03 00:00:00-04:00,1.2649999856948853,1.2999999523162842,1.2200000286102295,1.2200000286102295,23500,0.0,0.0
2024-05-06 00:00:00-04:00,1.190000057220459,1.3200000524520874,1.190000057220459,1.2599999904632568,12700,0.0,0.0
2024-05-07 00:00:00-04:00,1.309999942779541,1.340000033378601,1.2960000038146973,1.2999999523162842,10800,0.0,0.0
2024-05-08 00:00:00-04:00,1.3200000524520874,1.3700000047683716,1.2899999618530273,1.3700000047683716,14400,0.0,0.0
2024-05-09 00:00:00-04:00,1.315000057220459,1.4700000286102295,1.315000057220459,1.3450000286102295,63000,0.0,0.0
2024-05-10 00:00:00-04:00,1.4199999570846558,1.4500000476837158,1.3300000429153442,1.4500000476837158,24700,0.0,0.0
2024-05-13 00:00:00-04:00,1.3700000047683716,1.440000057220459,1.3600000143051147,1.409999966621399,19300,0.0,0.0
2024-05-14 00:00:00-04:00,1.4299999475479126,1.4600000381469727,1.3700000047683716,1.4509999752044678,10600,0.0,0.0
2024-05-15 00:00:00-04:00,1.4800000190734863,1.4800000190734863,1.3799999952316284,1.3899999856948853,18500,0.0,0.0
2024-05-16 00:00:00-04:00,1.4600000381469727,1.4600000381469727,1.3839999437332153,1.4600000381469727,6400,0.0,0.0
2024-05-17 00:00:00-04:00,1.399999976158142,1.4500000476837158,1.3600000143051147,1.3700000047683716,29100,0.0,0.0
2024-05-20 00:00:00-04:00,1.399999976158142,1.4299999475479126,1.3700000047683716,1.399999976158142,23300,0.0,0.0
2024-05-21 00:00:00-04:00,1.4199999570846558,1.4199999570846558,1.350000023841858,1.350000023841858,33600,0.0,0.0
2024-05-22 00:00:00-04:00,1.3899999856948853,1.399999976158142,1.3739999532699585,1.399999976158142,9800,0.0,0.0
2024-05-23 00:00:00-04:00,1.3899999856948853,1.3899999856948853,1.340000033378601,1.350000023841858,24000,0.0,0.0
2024-05-24 00:00:00-04:00,1.350000023841858,1.350000023841858,1.2000000476837158,1.2599999904632568,47900,0.0,0.0
2024-05-28 00:00:00-04:00,1.2200000286102295,1.309999942779541,1.2200000286102295,1.2699999809265137,12700,0.0,0.0
2024-05-29 00:00:00-04:00,1.2100000381469727,1.2699999809265137,1.190000057220459,1.2300000190734863,11900,0.0,0.0
2024-05-30 00:00:00-04:00,1.190000057220459,1.2999999523162842,1.159999966621399,1.1699999570846558,24200,0.0,0.0
2024-05-31 00:00:00-04:00,1.2200000286102295,1.2899999618530273,1.149999976158142,1.159999966621399,13200,0.0,0.0
2024-06-03 00:00:00-04:00,1.149999976158142,1.2200000286102295,1.1100000143051147,1.149999976158142,34300,0.0,0.0
2024-06-04 00:00:00-04:00,1.1200000047683716,1.1299999952316284,1.0199999809265137,1.069000005722046,59100,0.0,0.0
2024-06-05 00:00:00-04:00,1.100000023841858,1.149999976158142,1.0499999523162842,1.0700000524520874,50500,0.0,0.0
2024-06-06 00:00:00-04:00,1.0800000429153442,1.0800000429153442,1.031000018119812,1.0499999523162842,74600,0.0,0.0
2024-06-07 00:00:00-04:00,1.0299999713897705,1.059999942779541,1.0149999856948853,1.0199999809265137,45900,0.0,0.0
2024-06-10 00:00:00-04:00,1.0099999904632568,1.0800000429153442,1.0,1.0299999713897705,75200,0.0,0.0
2024-06-11 00:00:00-04:00,1.0499999523162842,1.1399999856948853,1.0299999713897705,1.0499999523162842,105800,0.0,0.0
2024-06-12 00:00:00-04:00,1.100000023841858,1.340000033378601,1.059999942779541,1.1699999570846558,202100,0.0,0.0
2024-06-13 00:00:00-04:00,1.149999976158142,1.159999966621399,1.0399999618530273,1.0499999523162842,104800,0.0,0.0
2024-06-14 00:00:00-04:00,1.0299999713897705,1.2300000190734863,1.0299999713897705,1.1799999475479126,88300,0.0,0.0
2024-06-17 00:00:00-04:00,1.2899999618530273,1.350000023841858,1.2400000095367432,1.350000023841858,159300,0.0,0.0
2024-06-18 00:00:00-04:00,1.350000023841858,1.409999966621399,1.3300000429153442,1.3700000047683716,175900,0.0,0.0
2024-06-20 00:00:00-04:00,1.340000033378601,1.3799999952316284,1.2400000095367432,1.2999999523162842,54400,0.0,0.0
2024-06-21 00:00:00-04:00,1.2990000247955322,1.2999999523162842,1.100000023841858,1.100000023841858,212600,0.0,0.0
2024-06-24 00:00:00-04:00,1.1399999856948853,1.1950000524520874,1.1100000143051147,1.1449999809265137,28100,0.0,0.0
2024-06-25 00:00:00-04:00,1.090000033378601,1.2139999866485596,1.0800000429153442,1.1299999952316284,61400,0.0,0.0
2024-06-26 00:00:00-04:00,1.1100000143051147,1.1799999475479126,1.1100000143051147,1.1299999952316284,27600,0.0,0.0
2024-06-27 00:00:00-04:00,1.2000000476837158,1.2000000476837158,1.1100000143051147,1.159999966621399,17500,0.0,0.0
2024-06-28 00:00:00-04:00,1.2300000190734863,1.2300000190734863,1.1299999952316284,1.1299999952316284,28700,0.0,0.0
2024-07-01 00:00:00-04:00,1.149999976158142,1.159999966621399,1.1119999885559082,1.149999976158142,15300,0.0,0.0
2024-07-02 00:00:00-04:00,1.1100000143051147,1.149999976158142,1.1100000143051147,1.1299999952316284,20800,0.0,0.0
2024-07-03 00:00:00-04:00,1.1100000143051147,1.1490000486373901,1.1100000143051147,1.1200000047683716,7400,0.0,0.0
2024-07-05 00:00:00-04:00,1.1100000143051147,1.190999984741211,1.1100000143051147,1.1349999904632568,20100,0.0,0.0
2024-07-08 00:00:00-04:00,1.1399999856948853,1.215000033378601,1.1399999856948853,1.2100000381469727,39600,0.0,0.0
2024-07-09 00:00:00-04:00,1.1699999570846558,1.1929999589920044,1.149999976158142,1.1799999475479126,9800,0.0,0.0
2024-07-10 00:00:00-04:00,1.2400000095367432,1.2400000095367432,1.149999976158142,1.159999966621399,40900,0.0,0.0
2024-07-11 00:00:00-04:00,1.1399999856948853,1.1970000267028809,1.1399999856948853,1.1699999570846558,7700,0.0,0.0
2024-07-12 00:00:00-04:00,1.149999976158142,1.2910000085830688,1.149999976158142,1.2910000085830688,97400,0.0,0.0
2024-07-15 00:00:00-04:00,1.2999999523162842,1.309999942779541,1.2619999647140503,1.2799999713897705,18500,0.0,0.0
2024-07-16 00:00:00-04:00,1.2799999713897705,1.2799999713897705,1.2200000286102295,1.25,13100,0.0,0.0
2024-07-17 00:00:00-04:00,1.2699999809265137,1.2999999523162842,1.2599999904632568,1.2699999809265137,5700,0.0,0.0
2024-07-18 00:00:00-04:00,1.2999999523162842,1.309999942779541,1.149999976158142,1.190000057220459,49200,0.0,0.0
2024-07-19 00:00:00-04:00,1.2200000286102295,1.2200000286102295,1.100000023841858,1.159999966621399,43500,0.0,0.0
2024-07-22 00:00:00-04:00,1.1699999570846558,1.1799999475479126,1.1399999856948853,1.1799999475479126,33400,0.0,0.0
2024-07-23 00:00:00-04:00,1.2000000476837158,1.25,1.1699999570846558,1.2400000095367432,19000,0.0,0.0
2024-07-24 00:00:00-04:00,1.2300000190734863,1.2999999523162842,1.2000000476837158,1.2400000095367432,14000,0.0,0.0
2024-07-25 00:00:00-04:00,1.2419999837875366,1.2799999713897705,1.2300000190734863,1.2300000190734863,5100,0.0,0.0
2024-07-26 00:00:00-04:00,1.2799999713897705,1.2949999570846558,1.1829999685287476,1.2890000343322754,16300,0.0,0.0
2024-07-29 00:00:00-04:00,1.2799999713897705,1.2999999523162842,1.2400000095367432,1.2799999713897705,21500,0.0,0.0
2024-07-30 00:00:00-04:00,1.2799999713897705,1.2999999523162842,1.2100000381469727,1.2899999618530273,22600,0.0,0.0
2024-07-31 00:00:00-04:00,1.2400000095367432,1.2699999809265137,1.2000000476837158,1.2000000476837158,37900,0.0,0.0
2024-08-01 00:00:00-04:00,1.25,1.2510000467300415,1.2000000476837158,1.2300000190734863,45800,0.0,0.0
2024-08-02 00:00:00-04:00,1.190000057220459,1.2599999904632568,1.190000057220459,1.2300000190734863,19700,0.0,0.0
2024-08-05 00:00:00-04:00,1.1629999876022339,1.2200000286102295,1.159999966621399,1.2000000476837158,11800,0.0,0.0
2024-08-06 00:00:00-04:00,1.1699999570846558,1.1799999475479126,1.1399999856948853,1.159999966621399,23600,0.0,0.0
2024-08-07 00:00:00-04:00,1.1200000047683716,1.149999976158142,1.100000023841858,1.1150000095367432,10200,0.0,0.0
2024-08-08 00:00:00-04:00,1.1349999904632568,1.190000057220459,1.100000023841858,1.159999966621399,16200,0.0,0.0
2024-08-09 00:00:00-04:00,1.2000000476837158,1.2100000381469727,1.1030000448226929,1.1030000448226929,12200,0.0,0.0
2024-08-12 00:00:00-04:00,1.190000057220459,1.190000057220459,1.1100000143051147,1.1399999856948853,6300,0.0,0.0
2024-08-13 00:00:00-04:00,1.1449999809265137,1.1749999523162842,1.1299999952316284,1.159999966621399,3500,0.0,0.0
2024-08-14 00:00:00-04:00,1.1799999475479126,1.1799999475479126,1.1160000562667847,1.1200000047683716,12300,0.0,0.0
2024-08-15 00:00:00-04:00,1.1200000047683716,1.149999976158142,1.1100000143051147,1.1100000143051147,21000,0.0,0.0
2024-08-16 00:00:00-04:00,1.100000023841858,1.1799999475479126,1.0700000524520874,1.1799999475479126,48100,0.0,0.0
2024-08-19 00:00:00-04:00,1.149999976158142,1.149999976158142,1.0499999523162842,1.059999942779541,29900,0.0,0.0
2024-08-20 00:00:00-04:00,1.1100000143051147,1.1200000047683716,1.0499999523162842,1.059999942779541,49500,0.0,0.0
2024-08-21 00:00:00-04:00,1.159999966621399,1.159999966621399,1.0299999713897705,1.059999942779541,36600,0.0,0.0
2024-08-22 00:00:00-04:00,1.1100000143051147,1.1100000143051147,0.9300000071525574,0.9700000286102295,78200,0.0,0.0
2024-08-23 00:00:00-04:00,1.0299999713897705,1.0299999713897705,0.9300000071525574,1.0099999904632568,33700,0.0,0.0
2024-08-26 00:00:00-04:00,0.9599999785423279,1.059999942779541,0.9399999976158142,0.9620000123977661,21800,0.0,0.0
2024-08-27 00:00:00-04:00,0.9399999976158142,1.0,0.9399999976158142,0.9599999785423279,32900,0.0,0.0
2024-08-28 00:00:00-04:00,1.0,1.0800000429153442,0.9900000095367432,1.0,44700,0.0,0.0
2024-08-29 00:00:00-04:00,1.0399999618530273,1.0399999618530273,1.0,1.0299999713897705,21200,0.0,0.0
2024-08-30 00:00:00-04:00,1.0499999523162842,1.0499999523162842,0.9800000190734863,1.0199999809265137,58300,0.0,0.0
2024-09-03 00:00:00-04:00,0.9900000095367432,1.0199999809265137,0.9900000095367432,1.0199999809265137,4200,0.0,0.0
2024-09-04 00:00:00-04:00,1.0049999952316284,1.0199999809265137,1.0,1.0099999904632568,7100,0.0,0.0
2024-09-05 00:00:00-04:00,1.0499999523162842,1.0499999523162842,1.0,1.0,18600,0.0,0.0
2024-09-06 00:00:00-04:00,1.0099999904632568,1.0199999809265137,1.0,1.0199999809265137,9800,0.0,0.0
2024-09-09 00:00:00-04:00,1.0,1.100000023841858,1.0,1.0800000429153442,24500,0.0,0.0
2024-09-10 00:00:00-04:00,1.0700000524520874,1.0980000495910645,1.0199999809265137,1.0980000495910645,20500,0.0,0.0
2024-09-11 00:00:00-04:00,1.0440000295639038,1.25,1.0399999618530273,1.0509999990463257,95200,0.0,0.0
2024-09-12 00:00:00-04:00,1.100000023841858,1.1399999856948853,1.0499999523162842,1.0700000524520874,17600,0.0,0.0
2024-09-13 00:00:00-04:00,1.0700000524520874,1.1260000467300415,1.0499999523162842,1.1260000467300415,30400,0.0,0.0
2024-09-16 00:00:00-04:00,1.090000033378601,1.1200000047683716,1.059999942779541,1.059999942779541,9700,0.0,0.0
2024-09-17 00:00:00-04:00,1.0700000524520874,1.1100000143051147,1.0099999904632568,1.0099999904632568,38200,0.0,0.0
2024-09-18 00:00:00-04:00,1.0,1.0499999523162842,0.9900000095367432,0.9900000095367432,16800,0.0,0.0
2024-09-19 00:00:00-04:00,1.0199999809265137,1.0509999990463257,0.949999988079071,0.984000027179718,26100,0.0,0.0
2024-09-20 00:00:00-04:00,0.9700000286102295,1.2999999523162842,0.949999988079071,1.2200000286102295,268600,0.0,0.0
2024-09-23 00:00:00-04:00,1.159999966621399,1.190000057220459,0.9800000190734863,1.0299999713897705,143500,0.0,0.0
2024-09-24 00:00:00-04:00,1.0,1.0399999618530273,0.9800000190734863,1.0199999809265137,14300,0.0,0.0
2024-09-25 00:00:00-04:00,1.0199999809265137,1.059999942779541,1.0199999809265137,1.0499999523162842,86500,0.0,0.0
2024-09-26 00:00:00-04:00,1.090000033378601,1.090000033378601,0.9860000014305115,1.034999966621399,47100,0.0,0.0
2024-09-27 00:00:00-04:00,1.0800000429153442,1.1299999952316284,1.0399999618530273,1.059999942779541,88600,0.0,0.0
2024-09-30 00:00:00-04:00,1.0750000476837158,1.0800000429153442,1.0099999904632568,1.059999942779541,19200,0.0,0.0
2024-10-01 00:00:00-04:00,1.1100000143051147,1.1100000143051147,1.0199999809265137,1.0199999809265137,30000,0.0,0.0
2024-10-02 00:00:00-04:00,1.0130000114440918,1.0199999809265137,1.0,1.0049999952316284,20400,0.0,0.0
2024-10-03 00:00:00-04:00,1.090000033378601,1.090000033378601,1.0019999742507935,1.0299999713897705,5900,0.0,0.0
2024-10-04 00:00:00-04:00,1.0110000371932983,1.0859999656677246,1.0110000371932983,1.0199999809265137,8600,0.0,0.0
2024-10-07 00:00:00-04:00,1.0759999752044678,1.0950000286102295,1.0199999809265137,1.0700000524520874,27100,0.0,0.0
2024-10-08 00:00:00-04:00,1.100000023841858,1.100000023841858,0.9950000047683716,0.9990000128746033,36700,0.0,0.0
2024-10-09 00:00:00-04:00,1.0,1.0,0.9869999885559082,0.9900000095367432,14700,0.0,0.0
2024-10-10 00:00:00-04:00,1.0,1.0,0.9900000095367432,0.9950000047683716,4300,0.0,0.0
2024-10-11 00:00:00-04:00,1.0,1.0,0.949999988079071,0.9800000190734863,17900,0.0,0.0
2024-10-14 00:00:00-04:00,0.9900000095367432,1.0,0.9800000190734863,1.0,12700,0.0,0.0
2024-10-15 00:00:00-04:00,0.9860000014305115,1.0,0.9860000014305115,0.9900000095367432,7500,0.0,0.0
2024-10-16 00:00:00-04:00,1.0,1.0149999856948853,0.9800000190734863,1.0149999856948853,9500,0.0,0.0
2024-10-17 00:00:00-04:00,1.0199999809265137,1.0199999809265137,0.9900000095367432,1.0,13000,0.0,0.0
2024-10-18 00:00:00-04:00,1.0299999713897705,1.0299999713897705,0.9800000190734863,1.0,9500,0.0,0.0
2024-10-21 00:00:00-04:00,0.9900000095367432,1.0,0.9900000095367432,0.9950000047683716,28200,0.0,0.0
2024-10-22 00:00:00-04:00,0.9900000095367432,1.0,0.9800000190734863,1.0,43700,0.0,0.0
2024-10-23 00:00:00-04:00,1.0,1.0,0.9800000190734863,0.9800000190734863,19900,0.0,0.0
2024-10-24 00:00:00-04:00,0.9900000095367432,1.0,0.7739999890327454,0.9300000071525574,65000,0.0,0.0
2024-10-25 00:00:00-04:00,0.9440000057220459,0.9580000042915344,0.8999999761581421,0.8999999761581421,12600,0.0,0.0
2024-10-28 00:00:00-04:00,0.9120000004768372,0.9980000257492065,0.9120000004768372,0.9800000190734863,48500,0.0,0.0
2024-10-29 00:00:00-04:00,0.9700000286102295,1.0399999618530273,0.9700000286102295,1.034000039100647,9300,0.0,0.0
2024-10-30 00:00:00-04:00,1.0399999618530273,1.0399999618530273,0.9900000095367432,1.0,12600,0.0,0.0
2024-10-31 00:00:00-04:00,1.0,1.0,0.8999999761581421,0.9980000257492065,26500,0.0,0.0
2024-11-01 00:00:00-04:00,0.9850000143051147,1.0199999809265137,0.9850000143051147,1.0199999809265137,4300,0.0,0.0
2024-11-04 00:00:00-05:00,1.0199999809265137,1.0399999618530273,0.9800000190734863,1.0399999618530273,11900,0.0,0.0
2024-11-05 00:00:00-05:00,1.0199999809265137,1.0499999523162842,1.0199999809265137,1.0399999618530273,4100,0.0,0.0
2024-11-06 00:00:00-05:00,1.0399999618530273,1.0399999618530273,1.0099999904632568,1.0399999618530273,10300,0.0,0.0
2024-11-07 00:00:00-05:00,1.0399999618530273,1.0989999771118164,1.0199999809265137,1.0640000104904175,31200,0.0,0.0
2024-11-08 00:00:00-05:00,1.090000033378601,1.1799999475479126,1.0499999523162842,1.1399999856948853,66900,0.0,0.0
2024-11-11 00:00:00-05:00,1.1799999475479126,1.1799999475479126,1.0399999618530273,1.159999966621399,47700,0.0,0.0
2024-11-12 00:00:00-05:00,1.0520000457763672,1.159999966621399,1.0520000457763672,1.0950000286102295,11800,0.0,0.0
2024-11-13 00:00:00-05:00,1.149999976158142,1.149999976158142,1.0800000429153442,1.090000033378601,44500,0.0,0.0
2024-11-14 00:00:00-05:00,1.1299999952316284,1.1699999570846558,1.0399999618530273,1.090000033378601,77700,0.0,0.0
2024-11-15 00:00:00-05:00,1.1100000143051147,1.1390000581741333,1.059999942779541,1.090000033378601,13300,0.0,0.0
2024-11-18 00:00:00-05:00,1.1799999475479126,1.1799999475479126,1.059999942779541,1.0700000524520874,45800,0.0,0.0
2024-11-19 00:00:00-05:00,1.100000023841858,1.1399999856948853,1.0399999618530273,1.1100000143051147,43200,0.0,0.0
2024-11-20 00:00:00-05:00,1.159999966621399,1.2400000095367432,1.1299999952316284,1.190000057220459,251600,0.0,0.0
2024-11-21 00:00:00-05:00,1.1799999475479126,1.2730000019073486,1.0800000429153442,1.2100000381469727,115400,0.0,0.0
2024-11-22 00:00:00-05:00,1.2999999523162842,1.5800000429153442,1.184000015258789,1.2899999618530273,262900,0.0,0.0
2024-11-25 00:00:00-05:00,1.350000023841858,1.4299999475479126,1.2100000381469727,1.2100000381469727,170600,0.0,0.0
2024-11-26 00:00:00-05:00,1.3799999952316284,1.3899999856948853,1.25,1.3600000143051147,104300,0.0,0.0
2024-11-27 00:00:00-05:00,1.3899999856948853,1.3899999856948853,1.2300000190734863,1.2599999904632568,52000,0.0,0.0
2024-11-29 00:00:00-05:00,1.2699999809265137,1.3200000524520874,1.25,1.2699999809265137,30000,0.0,0.0
2024-12-02 00:00:00-05:00,1.1799999475479126,1.2400000095367432,1.149999976158142,1.2000000476837158,65300,0.0,0.0
2024-12-03 00:00:00-05:00,1.1699999570846558,1.2799999713897705,1.149999976158142,1.2699999809265137,45700,0.0,0.0
2024-12-04 00:00:00-05:00,1.2599999904632568,1.2699999809265137,1.1699999570846558,1.190000057220459,40300,0.0,0.0
2024-12-05 00:00:00-05:00,1.2400000095367432,1.4700000286102295,1.2400000095367432,1.3799999952316284,411400,0.0,0.0
2024-12-06 00:00:00-05:00,1.4299999475479126,1.4700000286102295,1.3300000429153442,1.399999976158142,129329,0.0,0.0
