Date,Open,High,Low,Close,Volume,Dividends,Stock Splits
2022-01-03 00:00:00-05:00,3.5,3.75,3.5,3.75,8840,0.0,0.0
2022-01-04 00:00:00-05:00,3.5999999046325684,3.700000047683716,3.5999999046325684,3.700000047683716,7600,0.0,0.0
2022-01-05 00:00:00-05:00,3.700000047683716,3.75,3.6500000953674316,3.6500000953674316,6760,0.0,0.0
2022-01-06 00:00:00-05:00,3.5,3.6500000953674316,3.5,3.6500000953674316,13400,0.0,0.0
2022-01-07 00:00:00-05:00,3.6500000953674316,3.75,3.549999952316284,3.6500000953674316,7720,0.0,0.0
2022-01-10 00:00:00-05:00,3.549999952316284,3.5999999046325684,3.4000000953674316,3.5,9700,0.0,0.0
2022-01-11 00:00:00-05:00,3.549999952316284,3.549999952316284,3.4000000953674316,3.5,10540,0.0,0.0
2022-01-12 00:00:00-05:00,3.700000047683716,3.700000047683716,3.299999952316284,3.549999952316284,9640,0.0,0.0
2022-01-13 00:00:00-05:00,3.5999999046325684,3.5999999046325684,3.450000047683716,3.450000047683716,12560,0.0,0.0
2022-01-14 00:00:00-05:00,3.450000047683716,3.450000047683716,3.299999952316284,3.3499999046325684,7400,0.0,0.0
2022-01-18 00:00:00-05:00,3.200000047683716,3.3499999046325684,3.200000047683716,3.299999952316284,10200,0.0,0.0
2022-01-19 00:00:00-05:00,3.3499999046325684,3.450000047683716,3.3499999046325684,3.4000000953674316,6400,0.0,0.0
2022-01-20 00:00:00-05:00,3.5999999046325684,3.5999999046325684,3.3499999046325684,3.3499999046325684,16400,0.0,0.0
2022-01-21 00:00:00-05:00,3.3499999046325684,3.3499999046325684,3.200000047683716,3.200000047683716,6300,0.0,0.0
2022-01-24 00:00:00-05:00,3.0999999046325684,3.0999999046325684,2.9000000953674316,3.0999999046325684,25140,0.0,0.0
2022-01-25 00:00:00-05:00,3.049999952316284,3.0999999046325684,3.0,3.0,1600,0.0,0.0
2022-01-26 00:00:00-05:00,3.0999999046325684,3.1500000953674316,3.049999952316284,3.0999999046325684,6640,0.0,0.0
2022-01-27 00:00:00-05:00,3.0999999046325684,3.0999999046325684,3.049999952316284,3.0999999046325684,3720,0.0,0.0
2022-01-28 00:00:00-05:00,3.0999999046325684,3.0999999046325684,2.8499999046325684,2.950000047683716,12200,0.0,0.0
2022-01-31 00:00:00-05:00,3.0,3.0,2.799999952316284,2.950000047683716,7900,0.0,0.0
2022-02-01 00:00:00-05:00,2.9000000953674316,3.0999999046325684,2.9000000953674316,3.0999999046325684,6900,0.0,0.0
2022-02-02 00:00:00-05:00,3.0999999046325684,3.1500000953674316,3.049999952316284,3.0999999046325684,440,0.0,0.0
2022-02-03 00:00:00-05:00,3.049999952316284,3.0999999046325684,2.950000047683716,3.0,8560,0.0,0.0
2022-02-04 00:00:00-05:00,2.950000047683716,3.049999952316284,2.9000000953674316,3.0,3500,0.0,0.0
2022-02-07 00:00:00-05:00,3.1500000953674316,3.1500000953674316,2.950000047683716,3.0,14500,0.0,0.0
2022-02-08 00:00:00-05:00,3.049999952316284,3.1500000953674316,3.0,3.1500000953674316,2360,0.0,0.0
2022-02-09 00:00:00-05:00,3.1500000953674316,3.4000000953674316,3.1500000953674316,3.3499999046325684,23820,0.0,0.0
2022-02-10 00:00:00-05:00,3.299999952316284,3.5999999046325684,3.299999952316284,3.5999999046325684,5160,0.0,0.0
2022-02-11 00:00:00-05:00,3.5999999046325684,3.6500000953674316,3.549999952316284,3.5999999046325684,8840,0.0,0.0
2022-02-14 00:00:00-05:00,3.450000047683716,3.450000047683716,3.299999952316284,3.299999952316284,3640,0.0,0.0
2022-02-15 00:00:00-05:00,3.299999952316284,3.299999952316284,3.200000047683716,3.200000047683716,17300,0.0,0.0
2022-02-16 00:00:00-05:00,3.299999952316284,3.299999952316284,3.0999999046325684,3.0999999046325684,12180,0.0,0.0
2022-02-17 00:00:00-05:00,3.049999952316284,3.0999999046325684,3.049999952316284,3.0999999046325684,1880,0.0,0.0
2022-02-18 00:00:00-05:00,3.0999999046325684,3.0999999046325684,2.950000047683716,3.0,4500,0.0,0.0
2022-02-22 00:00:00-05:00,2.950000047683716,3.0,2.9000000953674316,2.9000000953674316,3260,0.0,0.0
2022-02-23 00:00:00-05:00,2.950000047683716,3.0,2.9000000953674316,2.9000000953674316,6460,0.0,0.0
2022-02-24 00:00:00-05:00,2.9000000953674316,2.9000000953674316,2.75,2.9000000953674316,32400,0.0,0.0
2022-02-25 00:00:00-05:00,2.8499999046325684,2.8499999046325684,2.8499999046325684,2.8499999046325684,3580,0.0,0.0
2022-02-28 00:00:00-05:00,2.9000000953674316,2.950000047683716,2.8499999046325684,2.950000047683716,1900,0.0,0.0
2022-03-01 00:00:00-05:00,2.950000047683716,3.1500000953674316,2.799999952316284,3.1500000953674316,3640,0.0,0.0
2022-03-02 00:00:00-05:00,3.25,3.799999952316284,3.1500000953674316,3.5999999046325684,74360,0.0,0.0
2022-03-03 00:00:00-05:00,3.5999999046325684,3.799999952316284,3.5,3.5999999046325684,12580,0.0,0.0
2022-03-04 00:00:00-05:00,3.4000000953674316,3.4000000953674316,3.25,3.25,14180,0.0,0.0
2022-03-07 00:00:00-05:00,3.1500000953674316,3.299999952316284,3.1500000953674316,3.1500000953674316,16480,0.0,0.0
2022-03-08 00:00:00-05:00,3.299999952316284,3.4000000953674316,3.25,3.25,13920,0.0,0.0
2022-03-09 00:00:00-05:00,3.450000047683716,3.450000047683716,3.25,3.4000000953674316,7400,0.0,0.0
2022-03-10 00:00:00-05:00,3.450000047683716,3.549999952316284,3.4000000953674316,3.4000000953674316,3440,0.0,0.0
2022-03-11 00:00:00-05:00,3.3499999046325684,3.549999952316284,3.299999952316284,3.4000000953674316,12060,0.0,0.0
2022-03-14 00:00:00-04:00,3.450000047683716,3.450000047683716,3.200000047683716,3.25,23740,0.0,0.0
2022-03-15 00:00:00-04:00,3.200000047683716,3.299999952316284,3.1500000953674316,3.299999952316284,20800,0.0,0.0
2022-03-16 00:00:00-04:00,3.3499999046325684,3.5,3.3499999046325684,3.450000047683716,28320,0.0,0.0
2022-03-17 00:00:00-04:00,3.6500000953674316,3.700000047683716,3.450000047683716,3.549999952316284,14460,0.0,0.0
2022-03-18 00:00:00-04:00,3.4000000953674316,3.700000047683716,3.4000000953674316,3.5,10100,0.0,0.0
2022-03-21 00:00:00-04:00,3.6500000953674316,3.75,3.5999999046325684,3.6500000953674316,17820,0.0,0.0
2022-03-22 00:00:00-04:00,3.799999952316284,4.599999904632568,3.799999952316284,4.349999904632568,100080,0.0,0.0
2022-03-23 00:00:00-04:00,4.349999904632568,4.349999904632568,4.050000190734863,4.199999809265137,5240,0.0,0.0
2022-03-24 00:00:00-04:00,4.099999904632568,4.099999904632568,4.0,4.0,860,0.0,0.0
2022-03-25 00:00:00-04:00,4.050000190734863,4.050000190734863,3.8499999046325684,3.8499999046325684,1900,0.0,0.0
2022-03-28 00:00:00-04:00,3.799999952316284,3.9000000953674316,3.799999952316284,3.8499999046325684,1480,0.0,0.0
2022-03-29 00:00:00-04:00,3.8499999046325684,3.8499999046325684,3.700000047683716,3.700000047683716,1780,0.0,0.0
2022-03-30 00:00:00-04:00,3.9000000953674316,4.099999904632568,3.700000047683716,3.700000047683716,2360,0.0,0.0
2022-03-31 00:00:00-04:00,3.6500000953674316,3.799999952316284,3.6500000953674316,3.75,13260,0.0,0.0
2022-04-01 00:00:00-04:00,3.9000000953674316,3.9000000953674316,3.700000047683716,3.75,4300,0.0,0.0
2022-04-04 00:00:00-04:00,3.75,3.75,3.75,3.75,1200,0.0,0.0
2022-04-05 00:00:00-04:00,3.75,3.75,3.700000047683716,3.700000047683716,3380,0.0,0.0
2022-04-06 00:00:00-04:00,3.6500000953674316,3.6500000953674316,3.5,3.5,2060,0.0,0.0
2022-04-07 00:00:00-04:00,3.5999999046325684,4.0,3.5999999046325684,3.9000000953674316,7160,0.0,0.0
2022-04-08 00:00:00-04:00,4.0,4.0,3.799999952316284,3.799999952316284,6160,0.0,0.0
2022-04-11 00:00:00-04:00,3.75,4.050000190734863,3.75,4.050000190734863,5700,0.0,0.0
2022-04-12 00:00:00-04:00,4.050000190734863,4.099999904632568,3.950000047683716,4.050000190734863,6840,0.0,0.0
2022-04-13 00:00:00-04:00,4.099999904632568,4.099999904632568,4.050000190734863,4.099999904632568,2220,0.0,0.0
2022-04-14 00:00:00-04:00,4.099999904632568,4.099999904632568,3.8499999046325684,3.8499999046325684,1160,0.0,0.0
2022-04-18 00:00:00-04:00,3.950000047683716,3.950000047683716,3.700000047683716,3.700000047683716,3360,0.0,0.0
2022-04-19 00:00:00-04:00,3.700000047683716,3.700000047683716,3.5,3.5999999046325684,6760,0.0,0.0
2022-04-20 00:00:00-04:00,3.5999999046325684,3.5999999046325684,3.3499999046325684,3.3499999046325684,29780,0.0,0.0
2022-04-21 00:00:00-04:00,3.25,3.25,3.1500000953674316,3.200000047683716,7140,0.0,0.0
2022-04-22 00:00:00-04:00,3.1500000953674316,3.1500000953674316,3.0,3.0,11540,0.0,0.0
2022-04-25 00:00:00-04:00,2.950000047683716,3.0999999046325684,2.950000047683716,3.049999952316284,7620,0.0,0.0
2022-04-26 00:00:00-04:00,3.0999999046325684,3.0999999046325684,2.8499999046325684,2.950000047683716,9600,0.0,0.0
2022-04-27 00:00:00-04:00,3.0,3.0999999046325684,2.950000047683716,3.049999952316284,3480,0.0,0.0
2022-04-28 00:00:00-04:00,3.049999952316284,3.0999999046325684,2.9000000953674316,3.0999999046325684,9140,0.0,0.0
2022-04-29 00:00:00-04:00,3.25,3.25,3.1500000953674316,3.200000047683716,4360,0.0,0.0
2022-05-02 00:00:00-04:00,3.200000047683716,3.200000047683716,3.0999999046325684,3.0999999046325684,1080,0.0,0.0
2022-05-03 00:00:00-04:00,3.0999999046325684,3.1500000953674316,3.0999999046325684,3.1500000953674316,840,0.0,0.0
2022-05-04 00:00:00-04:00,3.1500000953674316,3.200000047683716,3.0999999046325684,3.1500000953674316,7320,0.0,0.0
2022-05-05 00:00:00-04:00,3.3499999046325684,3.3499999046325684,3.049999952316284,3.0999999046325684,3300,0.0,0.0
2022-05-06 00:00:00-04:00,3.049999952316284,3.049999952316284,3.0,3.0,1140,0.0,0.0
2022-05-09 00:00:00-04:00,3.0,3.0,2.799999952316284,2.8499999046325684,27540,0.0,0.0
2022-05-10 00:00:00-04:00,3.049999952316284,3.049999952316284,2.700000047683716,2.799999952316284,6520,0.0,0.0
2022-05-11 00:00:00-04:00,2.799999952316284,2.8499999046325684,2.549999952316284,2.549999952316284,10700,0.0,0.0
2022-05-12 00:00:00-04:00,2.450000047683716,2.6500000953674316,2.450000047683716,2.5,44380,0.0,0.0
2022-05-13 00:00:00-04:00,2.5999999046325684,2.5999999046325684,2.549999952316284,2.549999952316284,9780,0.0,0.0
2022-05-16 00:00:00-04:00,2.549999952316284,2.549999952316284,2.5,2.5,8300,0.0,0.0
2022-05-17 00:00:00-04:00,2.549999952316284,2.549999952316284,2.4000000953674316,2.450000047683716,12260,0.0,0.0
2022-05-18 00:00:00-04:00,2.450000047683716,2.450000047683716,2.299999952316284,2.4000000953674316,27460,0.0,0.0
2022-05-19 00:00:00-04:00,2.3499999046325684,2.3499999046325684,2.299999952316284,2.3499999046325684,1940,0.0,0.0
2022-05-20 00:00:00-04:00,2.3499999046325684,2.4000000953674316,2.299999952316284,2.299999952316284,5880,0.0,0.0
2022-05-23 00:00:00-04:00,2.299999952316284,2.3499999046325684,2.200000047683716,2.3499999046325684,5660,0.0,0.0
2022-05-24 00:00:00-04:00,2.4000000953674316,2.4000000953674316,2.299999952316284,2.299999952316284,6600,0.0,0.0
2022-05-25 00:00:00-04:00,2.299999952316284,2.4000000953674316,2.299999952316284,2.4000000953674316,3140,0.0,0.0
2022-05-26 00:00:00-04:00,2.4000000953674316,2.5999999046325684,2.4000000953674316,2.450000047683716,19180,0.0,0.0
2022-05-27 00:00:00-04:00,2.450000047683716,2.549999952316284,2.4000000953674316,2.4000000953674316,16220,0.0,0.0
2022-05-31 00:00:00-04:00,2.4000000953674316,2.5,2.4000000953674316,2.5,1440,0.0,0.0
2022-06-01 00:00:00-04:00,2.450000047683716,2.450000047683716,2.4000000953674316,2.4000000953674316,2280,0.0,0.0
2022-06-02 00:00:00-04:00,2.4000000953674316,2.4000000953674316,2.3499999046325684,2.4000000953674316,5900,0.0,0.0
2022-06-03 00:00:00-04:00,2.3499999046325684,2.450000047683716,2.299999952316284,2.450000047683716,13480,0.0,0.0
2022-06-06 00:00:00-04:00,2.3499999046325684,2.4000000953674316,2.3499999046325684,2.4000000953674316,10500,0.0,0.0
2022-06-07 00:00:00-04:00,2.4000000953674316,2.4000000953674316,2.299999952316284,2.299999952316284,3540,0.0,0.0
2022-06-08 00:00:00-04:00,2.3499999046325684,2.3499999046325684,2.200000047683716,2.200000047683716,9460,0.0,0.0
2022-06-09 00:00:00-04:00,2.200000047683716,2.3499999046325684,2.200000047683716,2.299999952316284,15700,0.0,0.0
2022-06-10 00:00:00-04:00,2.200000047683716,2.25,2.1500000953674316,2.25,2280,0.0,0.0
2022-06-13 00:00:00-04:00,2.200000047683716,2.200000047683716,2.049999952316284,2.0999999046325684,4940,0.0,0.0
2022-06-14 00:00:00-04:00,2.1500000953674316,2.299999952316284,2.1500000953674316,2.200000047683716,1880,0.0,0.0
2022-06-15 00:00:00-04:00,2.4000000953674316,2.450000047683716,2.299999952316284,2.299999952316284,6680,0.0,0.0
2022-06-16 00:00:00-04:00,2.299999952316284,2.299999952316284,2.049999952316284,2.1500000953674316,2440,0.0,0.0
2022-06-17 00:00:00-04:00,2.0999999046325684,2.299999952316284,2.0999999046325684,2.200000047683716,14700,0.0,0.0
2022-06-21 00:00:00-04:00,2.299999952316284,2.3499999046325684,2.0999999046325684,2.200000047683716,21580,0.0,0.0
2022-06-22 00:00:00-04:00,2.0999999046325684,2.200000047683716,2.049999952316284,2.200000047683716,48360,0.0,0.0
2022-06-23 00:00:00-04:00,2.0999999046325684,2.0999999046325684,2.0,2.0,2280,0.0,0.0
2022-06-24 00:00:00-04:00,2.25,2.299999952316284,2.1500000953674316,2.299999952316284,20680,0.0,0.0
2022-06-27 00:00:00-04:00,2.4000000953674316,2.450000047683716,2.200000047683716,2.450000047683716,3120,0.0,0.0
2022-06-28 00:00:00-04:00,2.5,2.5999999046325684,2.5,2.549999952316284,18380,0.0,0.0
2022-06-29 00:00:00-04:00,2.9000000953674316,2.9000000953674316,2.5999999046325684,2.700000047683716,8700,0.0,0.0
2022-06-30 00:00:00-04:00,2.6500000953674316,3.200000047683716,2.5999999046325684,3.0,31240,0.0,0.0
2022-07-01 00:00:00-04:00,3.25,3.25,3.0,3.0,7960,0.0,0.0
2022-07-05 00:00:00-04:00,3.0,3.0,2.9000000953674316,2.950000047683716,700,0.0,0.0
2022-07-06 00:00:00-04:00,2.799999952316284,2.799999952316284,2.75,2.799999952316284,920,0.0,0.0
2022-07-07 00:00:00-04:00,2.8499999046325684,3.450000047683716,2.8499999046325684,3.1500000953674316,35340,0.0,0.0
2022-07-08 00:00:00-04:00,3.4000000953674316,3.4000000953674316,3.25,3.25,19340,0.0,0.0
2022-07-11 00:00:00-04:00,3.200000047683716,3.549999952316284,3.200000047683716,3.4000000953674316,47500,0.0,0.0
2022-07-12 00:00:00-04:00,3.4000000953674316,3.4000000953674316,3.299999952316284,3.3499999046325684,2780,0.0,0.0
2022-07-13 00:00:00-04:00,3.299999952316284,3.299999952316284,3.0999999046325684,3.1500000953674316,13560,0.0,0.0
2022-07-14 00:00:00-04:00,3.0,3.200000047683716,3.0,3.0,45040,0.0,0.0
2022-07-15 00:00:00-04:00,2.950000047683716,3.4000000953674316,2.950000047683716,3.299999952316284,73860,0.0,0.0
2022-07-18 00:00:00-04:00,3.0,3.549999952316284,3.0,3.4000000953674316,30920,0.0,0.0
2022-07-19 00:00:00-04:00,3.4000000953674316,3.450000047683716,3.200000047683716,3.25,16480,0.0,0.0
2022-07-20 00:00:00-04:00,3.3499999046325684,3.3499999046325684,3.200000047683716,3.200000047683716,5520,0.0,0.0
2022-07-21 00:00:00-04:00,3.299999952316284,3.3499999046325684,3.299999952316284,3.3499999046325684,3100,0.0,0.0
2022-07-22 00:00:00-04:00,3.299999952316284,3.4000000953674316,3.299999952316284,3.3499999046325684,20940,0.0,0.0
2022-07-25 00:00:00-04:00,3.3499999046325684,3.450000047683716,3.1500000953674316,3.3499999046325684,4220,0.0,0.0
2022-07-26 00:00:00-04:00,3.5,3.5,3.25,3.3499999046325684,8720,0.0,0.0
2022-07-27 00:00:00-04:00,3.1500000953674316,3.450000047683716,3.1500000953674316,3.4000000953674316,6220,0.0,0.0
2022-07-28 00:00:00-04:00,3.450000047683716,3.450000047683716,3.4000000953674316,3.4000000953674316,3200,0.0,0.0
2022-07-29 00:00:00-04:00,3.5,3.549999952316284,3.450000047683716,3.5,24860,0.0,0.0
2022-08-01 00:00:00-04:00,3.5999999046325684,3.5999999046325684,3.5,3.5999999046325684,6260,0.0,0.0
2022-08-02 00:00:00-04:00,3.6500000953674316,4.0,3.450000047683716,4.0,14640,0.0,0.0
2022-08-03 00:00:00-04:00,4.199999809265137,4.199999809265137,3.950000047683716,4.050000190734863,14680,0.0,0.0
2022-08-04 00:00:00-04:00,3.8499999046325684,4.050000190734863,3.75,3.75,4200,0.0,0.0
2022-08-05 00:00:00-04:00,3.799999952316284,3.950000047683716,3.799999952316284,3.8499999046325684,3340,0.0,0.0
2022-08-08 00:00:00-04:00,3.9000000953674316,3.950000047683716,3.8499999046325684,3.8499999046325684,9880,0.0,0.0
2022-08-09 00:00:00-04:00,3.799999952316284,3.799999952316284,3.799999952316284,3.799999952316284,1180,0.0,0.0
2022-08-10 00:00:00-04:00,3.799999952316284,4.150000095367432,3.799999952316284,4.150000095367432,24220,0.0,0.0
2022-08-11 00:00:00-04:00,4.150000095367432,4.449999809265137,4.150000095367432,4.449999809265137,51800,0.0,0.0
2022-08-12 00:00:00-04:00,4.400000095367432,4.400000095367432,3.75,3.9000000953674316,47140,0.0,0.0
2022-08-15 00:00:00-04:00,3.75,3.799999952316284,3.700000047683716,3.75,5680,0.0,0.0
2022-08-16 00:00:00-04:00,3.799999952316284,4.050000190734863,3.799999952316284,3.950000047683716,15800,0.0,0.0
2022-08-17 00:00:00-04:00,3.950000047683716,3.950000047683716,3.75,3.75,36860,0.0,0.0
2022-08-18 00:00:00-04:00,3.9000000953674316,3.950000047683716,3.700000047683716,3.9000000953674316,18060,0.0,0.0
2022-08-19 00:00:00-04:00,3.799999952316284,3.799999952316284,3.6500000953674316,3.75,11420,0.0,0.0
2022-08-22 00:00:00-04:00,3.75,3.75,3.5999999046325684,3.75,10120,0.0,0.0
2022-08-23 00:00:00-04:00,3.9000000953674316,3.9000000953674316,3.75,3.75,1020,0.0,0.0
2022-08-24 00:00:00-04:00,3.8499999046325684,3.950000047683716,3.75,3.8499999046325684,11320,0.0,0.0
2022-08-25 00:00:00-04:00,3.8499999046325684,3.950000047683716,3.8499999046325684,3.950000047683716,2460,0.0,0.0
2022-08-26 00:00:00-04:00,4.0,4.0,3.799999952316284,3.8499999046325684,12900,0.0,0.0
2022-08-29 00:00:00-04:00,3.75,4.099999904632568,3.75,4.050000190734863,36700,0.0,0.0
2022-08-30 00:00:00-04:00,4.050000190734863,4.099999904632568,3.950000047683716,3.950000047683716,4640,0.0,0.0
2022-08-31 00:00:00-04:00,4.0,4.099999904632568,4.0,4.0,20420,0.0,0.0
2022-09-01 00:00:00-04:00,4.0,4.050000190734863,3.8499999046325684,3.9000000953674316,57860,0.0,0.0
2022-09-02 00:00:00-04:00,4.0,4.0,3.950000047683716,3.950000047683716,360,0.0,0.0
2022-09-06 00:00:00-04:00,4.0,4.150000095367432,4.0,4.0,25280,0.0,0.0
2022-09-07 00:00:00-04:00,4.050000190734863,4.150000095367432,4.050000190734863,4.050000190734863,11020,0.0,0.0
2022-09-08 00:00:00-04:00,4.0,4.199999809265137,4.0,4.199999809265137,5740,0.0,0.0
2022-09-09 00:00:00-04:00,4.25,4.849999904632568,4.25,4.699999809265137,112580,0.0,0.0
2022-09-12 00:00:00-04:00,4.349999904632568,5.050000190734863,4.349999904632568,4.699999809265137,22960,0.0,0.0
2022-09-13 00:00:00-04:00,4.849999904632568,4.900000095367432,4.349999904632568,4.75,38680,0.0,0.0
2022-09-14 00:00:00-04:00,4.699999809265137,4.699999809265137,4.400000095367432,4.400000095367432,8800,0.0,0.0
2022-09-15 00:00:00-04:00,4.349999904632568,4.5,4.300000190734863,4.449999809265137,6620,0.0,0.0
2022-09-16 00:00:00-04:00,4.449999809265137,4.5,4.099999904632568,4.300000190734863,17280,0.0,0.0
2022-09-19 00:00:00-04:00,4.300000190734863,4.300000190734863,4.099999904632568,4.150000095367432,4260,0.0,0.0
2022-09-20 00:00:00-04:00,4.099999904632568,4.099999904632568,4.0,4.099999904632568,14480,0.0,0.0
2022-09-21 00:00:00-04:00,4.099999904632568,4.199999809265137,4.099999904632568,4.150000095367432,6460,0.0,0.0
2022-09-22 00:00:00-04:00,4.150000095367432,4.550000190734863,4.050000190734863,4.050000190734863,58840,0.0,0.0
2022-09-23 00:00:00-04:00,4.099999904632568,4.099999904632568,3.8499999046325684,3.9000000953674316,37460,0.0,0.0
2022-09-26 00:00:00-04:00,3.5999999046325684,3.8499999046325684,3.5999999046325684,3.6500000953674316,25160,0.0,0.0
2022-09-27 00:00:00-04:00,3.75,3.75,3.5999999046325684,3.5999999046325684,4860,0.0,0.0
2022-09-28 00:00:00-04:00,3.549999952316284,3.549999952316284,3.3499999046325684,3.5,20400,0.0,0.0
2022-09-29 00:00:00-04:00,3.5,3.5,3.299999952316284,3.299999952316284,12340,0.0,0.0
2022-09-30 00:00:00-04:00,3.3499999046325684,3.5999999046325684,3.3499999046325684,3.549999952316284,2740,0.0,0.0
2022-10-03 00:00:00-04:00,3.5,4.050000190734863,3.299999952316284,3.799999952316284,27900,0.0,0.0
2022-10-04 00:00:00-04:00,4.099999904632568,4.150000095367432,3.950000047683716,4.150000095367432,39080,0.0,0.0
2022-10-05 00:00:00-04:00,4.099999904632568,4.300000190734863,3.9000000953674316,3.9000000953674316,53000,0.0,0.0
2022-10-06 00:00:00-04:00,4.050000190734863,4.050000190734863,3.6500000953674316,3.799999952316284,26440,0.0,0.0
2022-10-07 00:00:00-04:00,3.75,3.8499999046325684,3.549999952316284,3.549999952316284,25060,0.0,0.0
2022-10-10 00:00:00-04:00,3.5999999046325684,3.700000047683716,3.5999999046325684,3.700000047683716,5180,0.0,0.0
2022-10-11 00:00:00-04:00,3.450000047683716,3.549999952316284,3.450000047683716,3.5,3960,0.0,0.0
2022-10-12 00:00:00-04:00,3.450000047683716,3.5,3.299999952316284,3.450000047683716,8680,0.0,0.0
2022-10-13 00:00:00-04:00,3.4000000953674316,3.5,3.4000000953674316,3.5,2200,0.0,0.0
2022-10-14 00:00:00-04:00,3.549999952316284,3.549999952316284,3.549999952316284,3.549999952316284,1780,0.0,0.0
2022-10-17 00:00:00-04:00,3.5999999046325684,3.5999999046325684,3.5999999046325684,3.5999999046325684,20,0.0,0.0
2022-10-18 00:00:00-04:00,3.6500000953674316,3.6500000953674316,3.549999952316284,3.549999952316284,780,0.0,0.0
2022-10-19 00:00:00-04:00,3.5999999046325684,3.5999999046325684,3.549999952316284,3.549999952316284,380,0.0,0.0
2022-10-20 00:00:00-04:00,3.549999952316284,3.549999952316284,3.5,3.5,4920,0.0,0.0
2022-10-21 00:00:00-04:00,3.5,3.5999999046325684,3.5,3.5999999046325684,180,0.0,0.0
2022-10-24 00:00:00-04:00,3.5999999046325684,3.5999999046325684,3.4000000953674316,3.4000000953674316,18660,0.0,0.0
2022-10-25 00:00:00-04:00,3.5999999046325684,3.6500000953674316,3.549999952316284,3.6500000953674316,2160,0.0,0.0
2022-10-26 00:00:00-04:00,3.549999952316284,3.5999999046325684,3.549999952316284,3.5999999046325684,5180,0.0,0.0
2022-10-27 00:00:00-04:00,3.5999999046325684,3.5999999046325684,3.5999999046325684,3.5999999046325684,400,0.0,0.0
2022-10-28 00:00:00-04:00,3.5999999046325684,3.5999999046325684,3.549999952316284,3.549999952316284,80,0.0,0.0
2022-10-31 00:00:00-04:00,3.5,3.5,3.450000047683716,3.450000047683716,5440,0.0,0.0
2022-11-01 00:00:00-04:00,3.5,3.5,3.3499999046325684,3.4000000953674316,14340,0.0,0.0
2022-11-02 00:00:00-04:00,3.450000047683716,3.450000047683716,3.4000000953674316,3.450000047683716,320,0.0,0.0
2022-11-03 00:00:00-04:00,3.299999952316284,3.450000047683716,3.299999952316284,3.3499999046325684,6040,0.0,0.0
2022-11-04 00:00:00-04:00,3.4000000953674316,3.450000047683716,3.299999952316284,3.450000047683716,19140,0.0,0.0
2022-11-07 00:00:00-05:00,3.4000000953674316,3.450000047683716,3.299999952316284,3.450000047683716,6740,0.0,0.0
2022-11-08 00:00:00-05:00,3.4000000953674316,3.450000047683716,3.3499999046325684,3.450000047683716,13040,0.0,0.0
2022-11-09 00:00:00-05:00,3.450000047683716,3.5,3.3499999046325684,3.3499999046325684,10380,0.0,0.0
2022-11-10 00:00:00-05:00,3.5,3.5,3.450000047683716,3.5,14540,0.0,0.0
2022-11-11 00:00:00-05:00,3.5,4.0,3.5,4.0,25440,0.0,0.0
2022-11-14 00:00:00-05:00,3.799999952316284,4.0,3.799999952316284,3.9000000953674316,14300,0.0,0.0
2022-11-15 00:00:00-05:00,3.9000000953674316,3.9000000953674316,3.799999952316284,3.9000000953674316,3760,0.0,0.0
2022-11-16 00:00:00-05:00,3.700000047683716,3.9000000953674316,3.5999999046325684,3.8499999046325684,27380,0.0,0.0
2022-11-17 00:00:00-05:00,3.8499999046325684,3.9000000953674316,3.75,3.9000000953674316,11420,0.0,0.0
2022-11-18 00:00:00-05:00,3.9000000953674316,4.0,3.9000000953674316,4.0,2640,0.0,0.0
2022-11-21 00:00:00-05:00,3.950000047683716,4.0,3.8499999046325684,4.0,9140,0.0,0.0
2022-11-22 00:00:00-05:00,4.0,4.150000095367432,3.950000047683716,4.150000095367432,12360,0.0,0.0
2022-11-23 00:00:00-05:00,4.349999904632568,4.400000095367432,4.199999809265137,4.400000095367432,8300,0.0,0.0
2022-11-25 00:00:00-05:00,4.300000190734863,4.400000095367432,4.25,4.349999904632568,15760,0.0,0.0
2022-11-28 00:00:00-05:00,4.300000190734863,4.449999809265137,4.050000190734863,4.25,24500,0.0,0.0
2022-11-29 00:00:00-05:00,4.150000095367432,4.400000095367432,4.150000095367432,4.199999809265137,5480,0.0,0.0
2022-11-30 00:00:00-05:00,4.349999904632568,4.400000095367432,4.25,4.400000095367432,19240,0.0,0.0
2022-12-01 00:00:00-05:00,4.349999904632568,4.550000190734863,4.349999904632568,4.5,23220,0.0,0.0
2022-12-02 00:00:00-05:00,4.400000095367432,4.550000190734863,4.400000095367432,4.550000190734863,10200,0.0,0.0
2022-12-05 00:00:00-05:00,4.5,4.650000095367432,4.400000095367432,4.599999904632568,30700,0.0,0.0
2022-12-06 00:00:00-05:00,4.699999809265137,4.849999904632568,4.5,4.599999904632568,25320,0.0,0.0
2022-12-07 00:00:00-05:00,4.5,4.699999809265137,4.5,4.550000190734863,3340,0.0,0.0
2022-12-08 00:00:00-05:00,4.550000190734863,4.650000095367432,4.349999904632568,4.5,4480,0.0,0.0
2022-12-09 00:00:00-05:00,4.449999809265137,4.550000190734863,4.300000190734863,4.400000095367432,9780,0.0,0.0
2022-12-12 00:00:00-05:00,4.400000095367432,4.449999809265137,4.349999904632568,4.449999809265137,4340,0.0,0.0
2022-12-13 00:00:00-05:00,4.5,4.5,4.300000190734863,4.349999904632568,6040,0.0,0.0
2022-12-14 00:00:00-05:00,4.300000190734863,4.449999809265137,4.300000190734863,4.300000190734863,1320,0.0,0.0
2022-12-15 00:00:00-05:00,4.0,4.349999904632568,4.0,4.199999809265137,12760,0.0,0.0
2022-12-16 00:00:00-05:00,4.0,4.199999809265137,4.0,4.199999809265137,4640,0.0,0.0
2022-12-19 00:00:00-05:00,4.099999904632568,4.099999904632568,3.799999952316284,3.950000047683716,1060,0.0,0.0
2022-12-20 00:00:00-05:00,3.9000000953674316,4.099999904632568,3.9000000953674316,4.0,2420,0.0,0.0
2022-12-21 00:00:00-05:00,3.950000047683716,4.050000190734863,3.950000047683716,4.050000190734863,5160,0.0,0.0
2022-12-22 00:00:00-05:00,3.950000047683716,4.0,3.700000047683716,3.8499999046325684,8420,0.0,0.0
2022-12-23 00:00:00-05:00,4.050000190734863,4.099999904632568,3.799999952316284,4.0,2140,0.0,0.0
2022-12-27 00:00:00-05:00,3.950000047683716,4.050000190734863,3.6500000953674316,3.6500000953674316,26400,0.0,0.0
2022-12-28 00:00:00-05:00,3.950000047683716,4.099999904632568,3.700000047683716,3.9000000953674316,22720,0.0,0.0
2022-12-29 00:00:00-05:00,3.8499999046325684,3.9000000953674316,3.700000047683716,3.799999952316284,12540,0.0,0.0
2022-12-30 00:00:00-05:00,3.75,3.75,3.6500000953674316,3.700000047683716,22780,0.0,0.0
2023-01-03 00:00:00-05:00,3.700000047683716,3.700000047683716,3.549999952316284,3.6500000953674316,15880,0.0,0.0
2023-01-04 00:00:00-05:00,3.4000000953674316,3.9000000953674316,3.4000000953674316,3.9000000953674316,22320,0.0,0.0
2023-01-05 00:00:00-05:00,3.9000000953674316,3.950000047683716,3.8499999046325684,3.9000000953674316,1080,0.0,0.0
2023-01-06 00:00:00-05:00,3.950000047683716,4.199999809265137,3.950000047683716,4.199999809265137,15280,0.0,0.0
2023-01-09 00:00:00-05:00,4.300000190734863,4.349999904632568,4.300000190734863,4.300000190734863,4200,0.0,0.0
2023-01-10 00:00:00-05:00,4.300000190734863,4.300000190734863,4.150000095367432,4.150000095367432,5580,0.0,0.0
2023-01-11 00:00:00-05:00,4.150000095367432,4.300000190734863,4.150000095367432,4.300000190734863,5460,0.0,0.0
2023-01-12 00:00:00-05:00,4.199999809265137,4.300000190734863,4.150000095367432,4.25,4300,0.0,0.0
2023-01-13 00:00:00-05:00,4.199999809265137,4.25,4.199999809265137,4.25,4260,0.0,0.0
2023-01-17 00:00:00-05:00,4.300000190734863,4.300000190734863,4.150000095367432,4.25,4200,0.0,0.0
2023-01-18 00:00:00-05:00,4.349999904632568,4.349999904632568,4.099999904632568,4.199999809265137,20640,0.0,0.0
2023-01-19 00:00:00-05:00,4.150000095367432,4.199999809265137,4.050000190734863,4.199999809265137,11060,0.0,0.0
2023-01-20 00:00:00-05:00,4.150000095367432,4.199999809265137,4.150000095367432,4.199999809265137,1340,0.0,0.0
2023-01-23 00:00:00-05:00,4.150000095367432,4.300000190734863,4.099999904632568,4.300000190734863,15000,0.0,0.0
2023-01-24 00:00:00-05:00,4.25,4.550000190734863,4.199999809265137,4.449999809265137,49260,0.0,0.0
2023-01-25 00:00:00-05:00,4.400000095367432,4.599999904632568,4.300000190734863,4.5,27900,0.0,0.0
2023-01-26 00:00:00-05:00,4.449999809265137,4.599999904632568,4.349999904632568,4.400000095367432,39520,0.0,0.0
2023-01-27 00:00:00-05:00,4.5,4.650000095367432,4.449999809265137,4.650000095367432,23640,0.0,0.0
2023-01-30 00:00:00-05:00,4.599999904632568,4.599999904632568,4.5,4.550000190734863,32000,0.0,0.0
2023-01-31 00:00:00-05:00,4.449999809265137,4.650000095367432,4.449999809265137,4.599999904632568,7040,0.0,0.0
2023-02-01 00:00:00-05:00,4.5,4.550000190734863,4.449999809265137,4.550000190734863,4600,0.0,0.0
2023-02-02 00:00:00-05:00,4.5,4.599999904632568,4.5,4.550000190734863,23340,0.0,0.0
2023-02-03 00:00:00-05:00,4.150000095367432,4.599999904632568,4.150000095367432,4.5,7780,0.0,0.0
2023-02-06 00:00:00-05:00,4.449999809265137,4.449999809265137,4.349999904632568,4.400000095367432,8460,0.0,0.0
2023-02-07 00:00:00-05:00,4.5,4.599999904632568,4.5,4.599999904632568,9700,0.0,0.0
2023-02-08 00:00:00-05:00,4.5,4.699999809265137,4.5,4.650000095367432,42780,0.0,0.0
2023-02-09 00:00:00-05:00,4.699999809265137,4.75,4.550000190734863,4.599999904632568,62000,0.0,0.0
2023-02-10 00:00:00-05:00,4.599999904632568,4.699999809265137,4.550000190734863,4.699999809265137,49120,0.0,0.0
2023-02-13 00:00:00-05:00,4.699999809265137,4.900000095367432,4.699999809265137,4.849999904632568,140660,0.0,0.0
2023-02-14 00:00:00-05:00,4.849999904632568,4.849999904632568,4.550000190734863,4.650000095367432,11680,0.0,0.0
2023-02-15 00:00:00-05:00,4.599999904632568,4.599999904632568,4.25,4.25,4560,0.0,0.0
2023-02-16 00:00:00-05:00,4.400000095367432,4.400000095367432,4.0,4.0,4520,0.0,0.0
2023-02-17 00:00:00-05:00,4.0,4.0,3.799999952316284,3.950000047683716,15740,0.0,0.0
2023-02-21 00:00:00-05:00,4.0,4.0,3.9000000953674316,4.0,7140,0.0,0.0
2023-02-22 00:00:00-05:00,3.9000000953674316,4.050000190734863,3.9000000953674316,3.950000047683716,2300,0.0,0.0
2023-02-23 00:00:00-05:00,4.0,4.0,3.8499999046325684,3.950000047683716,4540,0.0,0.0
2023-02-24 00:00:00-05:00,4.0,4.0,3.75,4.0,9240,0.0,0.0
2023-02-27 00:00:00-05:00,3.75,4.050000190734863,3.75,4.050000190734863,20120,0.0,0.0
2023-02-28 00:00:00-05:00,4.050000190734863,4.150000095367432,4.0,4.099999904632568,12080,0.0,0.0
2023-03-01 00:00:00-05:00,4.099999904632568,4.150000095367432,4.050000190734863,4.150000095367432,8760,0.0,0.0
2023-03-02 00:00:00-05:00,4.099999904632568,4.199999809265137,4.099999904632568,4.199999809265137,15760,0.0,0.0
2023-03-03 00:00:00-05:00,4.199999809265137,4.400000095367432,4.199999809265137,4.349999904632568,13860,0.0,0.0
2023-03-06 00:00:00-05:00,4.5,4.5,4.300000190734863,4.300000190734863,3880,0.0,0.0
2023-03-07 00:00:00-05:00,4.349999904632568,4.449999809265137,4.25,4.300000190734863,21000,0.0,0.0
2023-03-08 00:00:00-05:00,4.300000190734863,4.300000190734863,4.25,4.25,8700,0.0,0.0
2023-03-09 00:00:00-05:00,4.300000190734863,4.300000190734863,4.099999904632568,4.099999904632568,3000,0.0,0.0
2023-03-10 00:00:00-05:00,3.8499999046325684,4.199999809265137,3.8499999046325684,4.0,17100,0.0,0.0
2023-03-13 00:00:00-04:00,3.8499999046325684,3.950000047683716,3.799999952316284,3.8499999046325684,5920,0.0,0.0
2023-03-14 00:00:00-04:00,3.950000047683716,3.950000047683716,3.8499999046325684,3.9000000953674316,11360,0.0,0.0
2023-03-15 00:00:00-04:00,3.9000000953674316,3.9000000953674316,3.75,3.9000000953674316,43720,0.0,0.0
2023-03-16 00:00:00-04:00,3.9000000953674316,4.050000190734863,3.8499999046325684,4.050000190734863,13020,0.0,0.0
2023-03-17 00:00:00-04:00,4.099999904632568,4.150000095367432,3.9000000953674316,3.950000047683716,31920,0.0,0.0
2023-03-20 00:00:00-04:00,3.9000000953674316,3.950000047683716,3.8499999046325684,3.9000000953674316,1320,0.0,0.0
2023-03-21 00:00:00-04:00,3.799999952316284,4.0,3.799999952316284,3.8499999046325684,14180,0.0,0.0
2023-03-22 00:00:00-04:00,3.799999952316284,3.799999952316284,3.75,3.75,6640,0.0,0.0
2023-03-23 00:00:00-04:00,3.75,3.8499999046325684,3.75,3.75,29860,0.0,0.0
2023-03-24 00:00:00-04:00,3.700000047683716,3.75,3.6500000953674316,3.700000047683716,18340,0.0,0.0
2023-03-27 00:00:00-04:00,4.0,4.0,3.75,3.75,5580,0.0,0.0
2023-03-28 00:00:00-04:00,3.700000047683716,3.799999952316284,3.700000047683716,3.799999952316284,11920,0.0,0.0
2023-03-29 00:00:00-04:00,3.75,3.799999952316284,3.75,3.799999952316284,5840,0.0,0.0
2023-03-30 00:00:00-04:00,3.700000047683716,3.8499999046325684,3.700000047683716,3.75,7280,0.0,0.0
2023-03-31 00:00:00-04:00,3.75,3.9000000953674316,3.700000047683716,3.8499999046325684,23100,0.0,0.0
2023-04-03 00:00:00-04:00,3.799999952316284,3.799999952316284,3.75,3.799999952316284,20000,0.0,0.0
2023-04-04 00:00:00-04:00,3.799999952316284,3.8499999046325684,3.75,3.8499999046325684,22820,0.0,0.0
2023-04-05 00:00:00-04:00,3.700000047683716,3.75,3.700000047683716,3.700000047683716,3140,0.0,0.0
2023-04-06 00:00:00-04:00,3.950000047683716,3.950000047683716,3.950000047683716,3.950000047683716,580,0.0,0.0
2023-04-10 00:00:00-04:00,3.8499999046325684,3.9000000953674316,3.799999952316284,3.8499999046325684,4020,0.0,0.0
2023-04-11 00:00:00-04:00,3.8499999046325684,3.950000047683716,3.8499999046325684,3.9000000953674316,3600,0.0,0.0
2023-04-12 00:00:00-04:00,3.950000047683716,3.950000047683716,3.8499999046325684,3.8499999046325684,4200,0.0,0.0
2023-04-13 00:00:00-04:00,3.8499999046325684,3.9000000953674316,3.799999952316284,3.9000000953674316,820,0.0,0.0
2023-04-14 00:00:00-04:00,3.9000000953674316,3.9000000953674316,3.9000000953674316,3.9000000953674316,520,0.0,0.0
2023-04-17 00:00:00-04:00,3.8499999046325684,3.9000000953674316,3.799999952316284,3.9000000953674316,960,0.0,0.0
2023-04-18 00:00:00-04:00,3.950000047683716,3.950000047683716,3.9000000953674316,3.9000000953674316,2580,0.0,0.0
2023-04-19 00:00:00-04:00,3.8499999046325684,3.950000047683716,3.8499999046325684,3.9000000953674316,840,0.0,0.0
2023-04-20 00:00:00-04:00,3.8499999046325684,3.8499999046325684,3.6500000953674316,3.700000047683716,10780,0.0,0.0
2023-04-21 00:00:00-04:00,3.75,3.75,3.700000047683716,3.75,4300,0.0,0.0
2023-04-24 00:00:00-04:00,3.700000047683716,3.799999952316284,3.700000047683716,3.75,2780,0.0,0.0
2023-04-25 00:00:00-04:00,3.799999952316284,3.799999952316284,3.6500000953674316,3.700000047683716,3260,0.0,0.0
2023-04-26 00:00:00-04:00,3.75,3.75,3.6500000953674316,3.700000047683716,9820,0.0,0.0
2023-04-27 00:00:00-04:00,3.700000047683716,3.8499999046325684,3.700000047683716,3.700000047683716,7220,0.0,0.0
2023-04-28 00:00:00-04:00,3.700000047683716,3.9000000953674316,3.700000047683716,3.700000047683716,20320,0.0,0.0
2023-05-01 00:00:00-04:00,3.8499999046325684,3.8499999046325684,3.75,3.75,1420,0.0,0.0
2023-05-02 00:00:00-04:00,3.700000047683716,3.700000047683716,3.5999999046325684,3.700000047683716,6500,0.0,0.0
2023-05-03 00:00:00-04:00,3.6500000953674316,3.75,3.549999952316284,3.700000047683716,3960,0.0,0.0
2023-05-04 00:00:00-04:00,3.700000047683716,3.700000047683716,3.549999952316284,3.5999999046325684,6320,0.0,0.0
2023-05-05 00:00:00-04:00,3.5999999046325684,3.6500000953674316,3.450000047683716,3.6500000953674316,23220,0.0,0.0
2023-05-08 00:00:00-04:00,3.5999999046325684,3.75,3.5999999046325684,3.6500000953674316,6220,0.0,0.0
2023-05-09 00:00:00-04:00,3.700000047683716,3.700000047683716,3.6500000953674316,3.6500000953674316,1140,0.0,0.0
2023-05-10 00:00:00-04:00,3.450000047683716,3.6500000953674316,3.450000047683716,3.5999999046325684,1800,0.0,0.0
2023-05-11 00:00:00-04:00,3.5,3.549999952316284,3.5,3.5,4200,0.0,0.0
2023-05-12 00:00:00-04:00,3.549999952316284,3.6500000953674316,3.5,3.5999999046325684,7840,0.0,0.0
2023-05-15 00:00:00-04:00,3.549999952316284,3.6500000953674316,3.5,3.5999999046325684,5400,0.0,0.0
2023-05-16 00:00:00-04:00,3.549999952316284,3.5999999046325684,3.5,3.5999999046325684,4740,0.0,0.0
2023-05-17 00:00:00-04:00,3.6500000953674316,3.700000047683716,3.6500000953674316,3.700000047683716,5400,0.0,0.0
2023-05-18 00:00:00-04:00,3.700000047683716,3.75,3.700000047683716,3.700000047683716,980,0.0,0.0
2023-05-19 00:00:00-04:00,3.700000047683716,3.75,3.5999999046325684,3.75,1660,0.0,0.0
2023-05-22 00:00:00-04:00,3.8499999046325684,3.8499999046325684,3.75,3.799999952316284,5940,0.0,0.0
2023-05-23 00:00:00-04:00,3.9000000953674316,3.9000000953674316,3.700000047683716,3.700000047683716,13680,0.0,0.0
2023-05-24 00:00:00-04:00,3.6500000953674316,3.700000047683716,3.6500000953674316,3.6500000953674316,2160,0.0,0.0
2023-05-25 00:00:00-04:00,3.6500000953674316,3.700000047683716,3.6500000953674316,3.700000047683716,5500,0.0,0.0
2023-05-26 00:00:00-04:00,3.6500000953674316,3.6500000953674316,3.5999999046325684,3.6500000953674316,2780,0.0,0.0
2023-05-30 00:00:00-04:00,3.6500000953674316,3.6500000953674316,3.5,3.5,2120,0.0,0.0
2023-05-31 00:00:00-04:00,3.5,3.5999999046325684,3.5,3.5999999046325684,15720,0.0,0.0
2023-06-01 00:00:00-04:00,3.5999999046325684,3.5999999046325684,3.549999952316284,3.5999999046325684,2360,0.0,0.0
2023-06-02 00:00:00-04:00,3.5999999046325684,3.5999999046325684,3.4000000953674316,3.450000047683716,8840,0.0,0.0
2023-06-05 00:00:00-04:00,3.5,3.5,3.450000047683716,3.450000047683716,1580,0.0,0.0
2023-06-06 00:00:00-04:00,3.5,3.5,3.4000000953674316,3.450000047683716,3640,0.0,0.0
2023-06-07 00:00:00-04:00,3.5,3.5,3.4000000953674316,3.450000047683716,3000,0.0,0.0
2023-06-08 00:00:00-04:00,3.4000000953674316,3.5,3.4000000953674316,3.450000047683716,1060,0.0,0.0
2023-06-09 00:00:00-04:00,3.4000000953674316,3.5,3.4000000953674316,3.450000047683716,14600,0.0,0.0
2023-06-12 00:00:00-04:00,3.4000000953674316,3.6500000953674316,3.4000000953674316,3.6500000953674316,26120,0.0,0.0
2023-06-13 00:00:00-04:00,3.700000047683716,3.700000047683716,3.6500000953674316,3.6500000953674316,3120,0.0,0.0
2023-06-14 00:00:00-04:00,3.6500000953674316,3.6500000953674316,3.5999999046325684,3.6500000953674316,320,0.0,0.0
2023-06-15 00:00:00-04:00,3.549999952316284,3.75,3.549999952316284,3.700000047683716,10780,0.0,0.0
2023-06-16 00:00:00-04:00,3.690000057220459,3.690000057220459,3.5899999141693115,3.5899999141693115,400,0.0,0.2
2023-06-20 00:00:00-04:00,3.700000047683716,3.7799999713897705,3.5899999141693115,3.7300000190734863,2900,0.0,0.0
2023-06-21 00:00:00-04:00,3.8499999046325684,3.9100000858306885,3.549999952316284,3.799999952316284,2500,0.0,0.0
2023-06-22 00:00:00-04:00,3.799999952316284,3.799999952316284,3.609999895095825,3.690000057220459,14100,0.0,0.0
2023-06-23 00:00:00-04:00,3.75,3.7799999713897705,3.690000057220459,3.7300000190734863,7400,0.0,0.0
2023-06-26 00:00:00-04:00,3.7100000381469727,3.7899999618530273,3.609999895095825,3.6500000953674316,13900,0.0,0.0
2023-06-27 00:00:00-04:00,3.630000114440918,3.6600000858306885,3.630000114440918,3.6600000858306885,7700,0.0,0.0
2023-06-28 00:00:00-04:00,3.5899999141693115,3.6500000953674316,3.5899999141693115,3.6500000953674316,1400,0.0,0.0
2023-06-29 00:00:00-04:00,3.630000114440918,3.6500000953674316,3.5799999237060547,3.619999885559082,4900,0.0,0.0
2023-06-30 00:00:00-04:00,3.609999895095825,3.640000104904175,3.5999999046325684,3.640000104904175,10700,0.0,0.0
2023-07-03 00:00:00-04:00,3.609999895095825,3.700000047683716,3.609999895095825,3.700000047683716,15000,0.0,0.0
2023-07-05 00:00:00-04:00,3.7100000381469727,4.070000171661377,3.7100000381469727,3.9700000286102295,51100,0.0,0.0
2023-07-06 00:00:00-04:00,4.820000171661377,5.25,4.349999904632568,5.0,1249000,0.0,0.0
2023-07-07 00:00:00-04:00,4.989999771118164,5.5,4.75,5.25,390000,0.0,0.0
2023-07-10 00:00:00-04:00,5.300000190734863,5.440000057220459,5.159999847412109,5.389999866485596,630100,0.0,0.0
2023-07-11 00:00:00-04:00,5.239999771118164,5.289999961853027,4.960000038146973,5.099999904632568,153600,0.0,0.0
2023-07-12 00:00:00-04:00,5.099999904632568,5.349999904632568,4.96999979019165,5.260000228881836,65700,0.0,0.0
2023-07-13 00:00:00-04:00,5.130000114440918,5.170000076293945,4.929999828338623,5.130000114440918,45300,0.0,0.0
2023-07-14 00:00:00-04:00,5.159999847412109,5.159999847412109,4.96999979019165,5.119999885559082,46800,0.0,0.0
2023-07-17 00:00:00-04:00,5.159999847412109,5.159999847412109,5.039999961853027,5.070000171661377,18700,0.0,0.0
2023-07-18 00:00:00-04:00,5.059999942779541,5.119999885559082,4.989999771118164,5.099999904632568,14400,0.0,0.0
2023-07-19 00:00:00-04:00,4.880000114440918,5.320000171661377,4.880000114440918,5.300000190734863,125600,0.0,0.0
2023-07-20 00:00:00-04:00,5.190000057220459,5.380000114440918,5.190000057220459,5.340000152587891,35400,0.0,0.0
2023-07-21 00:00:00-04:00,5.400000095367432,5.400000095367432,5.199999809265137,5.269999980926514,91300,0.0,0.0
2023-07-24 00:00:00-04:00,5.349999904632568,5.360000133514404,4.960000038146973,5.039999961853027,78900,0.0,0.0
2023-07-25 00:00:00-04:00,5.039999961853027,5.079999923706055,4.820000171661377,4.929999828338623,49600,0.0,0.0
2023-07-26 00:00:00-04:00,4.889999866485596,4.900000095367432,4.400000095367432,4.519999980926514,81000,0.0,0.0
2023-07-27 00:00:00-04:00,4.449999809265137,4.599999904632568,4.320000171661377,4.409999847412109,30400,0.0,0.0
2023-07-28 00:00:00-04:00,4.369999885559082,4.369999885559082,4.059999942779541,4.059999942779541,47600,0.0,0.0
2023-07-31 00:00:00-04:00,4.230000019073486,4.599999904632568,4.099999904632568,4.380000114440918,107800,0.0,0.0
2023-08-01 00:00:00-04:00,4.340000152587891,4.340000152587891,4.059999942779541,4.139999866485596,32600,0.0,0.0
2023-08-02 00:00:00-04:00,4.159999847412109,4.489999771118164,4.039999961853027,4.239999771118164,104500,0.0,0.0
2023-08-03 00:00:00-04:00,4.289999961853027,4.300000190734863,4.199999809265137,4.28000020980835,18100,0.0,0.0
2023-08-04 00:00:00-04:00,4.349999904632568,4.349999904632568,4.070000171661377,4.170000076293945,37700,0.0,0.0
2023-08-07 00:00:00-04:00,4.119999885559082,4.300000190734863,4.050000190734863,4.110000133514404,24900,0.0,0.0
2023-08-08 00:00:00-04:00,4.170000076293945,4.210000038146973,3.9800000190734863,4.070000171661377,56700,0.0,0.0
2023-08-09 00:00:00-04:00,4.099999904632568,4.139999866485596,3.880000114440918,3.950000047683716,51500,0.0,0.0
2023-08-10 00:00:00-04:00,4.03000020980835,4.039999961853027,3.75,3.799999952316284,22100,0.0,0.0
2023-08-11 00:00:00-04:00,3.799999952316284,3.819999933242798,3.5799999237060547,3.680000066757202,110500,0.0,0.0
2023-08-14 00:00:00-04:00,3.5999999046325684,4.0,3.5999999046325684,3.799999952316284,31400,0.0,0.0
2023-08-15 00:00:00-04:00,3.9200000762939453,4.150000095367432,3.9000000953674316,4.010000228881836,44900,0.0,0.0
2023-08-16 00:00:00-04:00,4.059999942779541,4.139999866485596,3.9000000953674316,3.9800000190734863,42200,0.0,0.0
2023-08-17 00:00:00-04:00,4.090000152587891,4.090000152587891,3.869999885559082,3.940000057220459,28100,0.0,0.0
2023-08-18 00:00:00-04:00,3.8499999046325684,3.9100000858306885,3.799999952316284,3.869999885559082,15100,0.0,0.0
2023-08-21 00:00:00-04:00,3.9000000953674316,3.9000000953674316,3.630000114440918,3.7100000381469727,20600,0.0,0.0
2023-08-22 00:00:00-04:00,3.7300000190734863,3.75,3.5399999618530273,3.690000057220459,16400,0.0,0.0
2023-08-23 00:00:00-04:00,3.5799999237060547,3.609999895095825,3.549999952316284,3.5999999046325684,18500,0.0,0.0
2023-08-24 00:00:00-04:00,3.680000066757202,3.680000066757202,3.5,3.569999933242798,30100,0.0,0.0
2023-08-25 00:00:00-04:00,3.450000047683716,3.700000047683716,3.450000047683716,3.680000066757202,8300,0.0,0.0
2023-08-28 00:00:00-04:00,3.5999999046325684,3.9000000953674316,3.3399999141693115,3.390000104904175,126200,0.0,0.0
2023-08-29 00:00:00-04:00,3.4100000858306885,3.490000009536743,3.190000057220459,3.309999942779541,30400,0.0,0.0
2023-08-30 00:00:00-04:00,3.299999952316284,3.299999952316284,3.0899999141693115,3.2300000190734863,127900,0.0,0.0
2023-08-31 00:00:00-04:00,3.200000047683716,3.369999885559082,3.1500000953674316,3.259999990463257,30200,0.0,0.0
2023-09-01 00:00:00-04:00,3.2200000286102295,3.2899999618530273,3.180000066757202,3.2899999618530273,7400,0.0,0.0
2023-09-05 00:00:00-04:00,3.430000066757202,3.5,3.2699999809265137,3.4200000762939453,8500,0.0,0.0
2023-09-06 00:00:00-04:00,3.4200000762939453,3.5899999141693115,3.309999942779541,3.3499999046325684,9400,0.0,0.0
2023-09-07 00:00:00-04:00,3.299999952316284,3.319999933242798,3.1500000953674316,3.240000009536743,13000,0.0,0.0
2023-09-08 00:00:00-04:00,3.1700000762939453,3.319999933242798,3.1600000858306885,3.2300000190734863,23100,0.0,0.0
2023-09-11 00:00:00-04:00,3.1700000762939453,3.1700000762939453,3.009999990463257,3.069999933242798,15200,0.0,0.0
2023-09-12 00:00:00-04:00,3.0999999046325684,3.369999885559082,3.069999933242798,3.200000047683716,29600,0.0,0.0
2023-09-13 00:00:00-04:00,3.1700000762939453,3.2300000190734863,3.1500000953674316,3.2300000190734863,5800,0.0,0.0
2023-09-14 00:00:00-04:00,3.25,3.25,3.140000104904175,3.2100000381469727,3300,0.0,0.0
2023-09-15 00:00:00-04:00,3.069999933242798,3.200000047683716,3.069999933242798,3.0899999141693115,5800,0.0,0.0
2023-09-18 00:00:00-04:00,3.180000066757202,3.180000066757202,3.0299999713897705,3.119999885559082,9400,0.0,0.0
2023-09-19 00:00:00-04:00,3.0799999237060547,3.0999999046325684,2.880000114440918,3.059999942779541,19100,0.0,0.0
2023-09-20 00:00:00-04:00,3.059999942779541,3.059999942779541,2.890000104904175,3.0,20500,0.0,0.0
2023-09-21 00:00:00-04:00,3.0,3.0999999046325684,2.759999990463257,2.9600000381469727,19300,0.0,0.0
2023-09-22 00:00:00-04:00,2.990000009536743,3.059999942779541,2.8399999141693115,2.930000066757202,25900,0.0,0.0
2023-09-25 00:00:00-04:00,2.940000057220459,2.940000057220459,2.8499999046325684,2.8499999046325684,1400,0.0,0.0
2023-09-26 00:00:00-04:00,2.7799999713897705,3.0,2.7799999713897705,2.9000000953674316,4200,0.0,0.0
2023-09-27 00:00:00-04:00,2.9000000953674316,3.0399999618530273,2.859999895095825,2.990000009536743,7400,0.0,0.0
2023-09-28 00:00:00-04:00,2.990000009536743,3.0,2.75,2.950000047683716,46500,0.0,0.0
2023-09-29 00:00:00-04:00,3.0299999713897705,3.0299999713897705,2.609999895095825,2.8299999237060547,70300,0.0,0.0
2023-10-02 00:00:00-04:00,2.7699999809265137,2.799999952316284,2.569999933242798,2.630000114440918,10900,0.0,0.0
2023-10-03 00:00:00-04:00,2.5999999046325684,2.5999999046325684,2.4000000953674316,2.430000066757202,46300,0.0,0.0
2023-10-04 00:00:00-04:00,2.490000009536743,2.640000104904175,2.490000009536743,2.569999933242798,18400,0.0,0.0
2023-10-05 00:00:00-04:00,2.6600000858306885,2.6600000858306885,2.5,2.5,20000,0.0,0.0
2023-10-06 00:00:00-04:00,2.5,2.5299999713897705,2.440000057220459,2.450000047683716,15700,0.0,0.0
2023-10-09 00:00:00-04:00,2.549999952316284,2.680000066757202,2.5199999809265137,2.5399999618530273,4300,0.0,0.0
2023-10-10 00:00:00-04:00,2.5199999809265137,2.6500000953674316,2.4100000858306885,2.509999990463257,4500,0.0,0.0
2023-10-11 00:00:00-04:00,2.4000000953674316,2.509999990463257,2.4000000953674316,2.4600000381469727,2900,0.0,0.0
2023-10-12 00:00:00-04:00,2.430000066757202,2.5399999618530273,2.3499999046325684,2.4600000381469727,11900,0.0,0.0
2023-10-13 00:00:00-04:00,2.369999885559082,2.6500000953674316,2.369999885559082,2.5199999809265137,14100,0.0,0.0
2023-10-16 00:00:00-04:00,2.569999933242798,2.619999885559082,2.569999933242798,2.609999895095825,2600,0.0,0.0
2023-10-17 00:00:00-04:00,2.630000114440918,2.630000114440918,2.5,2.559999942779541,14800,0.0,0.0
2023-10-18 00:00:00-04:00,2.5799999237060547,2.5799999237060547,2.430000066757202,2.509999990463257,14300,0.0,0.0
2023-10-19 00:00:00-04:00,2.3499999046325684,2.619999885559082,2.3399999141693115,2.5799999237060547,18700,0.0,0.0
2023-10-20 00:00:00-04:00,2.4200000762939453,2.6700000762939453,2.4200000762939453,2.6700000762939453,13100,0.0,0.0
2023-10-23 00:00:00-04:00,2.700000047683716,2.9000000953674316,2.700000047683716,2.809999942779541,4700,0.0,0.0
2023-10-24 00:00:00-04:00,3.1500000953674316,3.2200000286102295,2.7799999713897705,3.1700000762939453,20500,0.0,0.0
2023-10-25 00:00:00-04:00,3.359999895095825,3.390000104904175,3.1600000858306885,3.180000066757202,8300,0.0,0.0
2023-10-26 00:00:00-04:00,3.2699999809265137,3.299999952316284,2.869999885559082,2.9200000762939453,9300,0.0,0.0
2023-10-27 00:00:00-04:00,2.8499999046325684,3.0399999618530273,2.7300000190734863,2.8399999141693115,6600,0.0,0.0
2023-10-30 00:00:00-04:00,2.8499999046325684,2.869999885559082,2.680000066757202,2.7899999618530273,11500,0.0,0.0
2023-10-31 00:00:00-04:00,2.7799999713897705,2.859999895095825,2.5999999046325684,2.6600000858306885,38100,0.0,0.0
2023-11-01 00:00:00-04:00,2.5999999046325684,2.7799999713897705,2.549999952316284,2.559999942779541,5600,0.0,0.0
2023-11-02 00:00:00-04:00,2.75,3.109999895095825,2.700000047683716,3.0,32900,0.0,0.0
2023-11-03 00:00:00-04:00,3.059999942779541,3.200000047683716,2.9200000762939453,3.0199999809265137,38100,0.0,0.0
2023-11-06 00:00:00-05:00,3.0,3.119999885559082,2.700000047683716,2.7899999618530273,26400,0.0,0.0
2023-11-07 00:00:00-05:00,2.799999952316284,3.059999942779541,2.799999952316284,2.940000057220459,10500,0.0,0.0
2023-11-08 00:00:00-05:00,2.990000009536743,3.0,2.549999952316284,2.759999990463257,129900,0.0,0.0
2023-11-09 00:00:00-05:00,2.7799999713897705,2.7799999713897705,2.5,2.5999999046325684,44900,0.0,0.0
2023-11-10 00:00:00-05:00,2.5,2.640000104904175,2.5,2.569999933242798,17900,0.0,0.0
2023-11-13 00:00:00-05:00,2.509999990463257,2.690000057220459,2.5,2.5999999046325684,3700,0.0,0.0
2023-11-14 00:00:00-05:00,2.7300000190734863,2.7300000190734863,2.559999942779541,2.559999942779541,19800,0.0,0.0
2023-11-15 00:00:00-05:00,2.619999885559082,2.7200000286102295,2.609999895095825,2.6700000762939453,12100,0.0,0.0
2023-11-16 00:00:00-05:00,2.5899999141693115,2.6500000953674316,2.5899999141693115,2.5999999046325684,6800,0.0,0.0
2023-11-17 00:00:00-05:00,2.5999999046325684,2.7200000286102295,2.549999952316284,2.549999952316284,9300,0.0,0.0
2023-11-20 00:00:00-05:00,2.609999895095825,2.7200000286102295,2.549999952316284,2.6700000762939453,8300,0.0,0.0
2023-11-21 00:00:00-05:00,2.5999999046325684,2.6500000953674316,2.559999942779541,2.5999999046325684,6800,0.0,0.0
2023-11-22 00:00:00-05:00,2.569999933242798,2.630000114440918,2.5199999809265137,2.630000114440918,2300,0.0,0.0
2023-11-24 00:00:00-05:00,2.5899999141693115,2.5899999141693115,2.559999942779541,2.569999933242798,1800,0.0,0.0
2023-11-27 00:00:00-05:00,2.5,2.609999895095825,2.5,2.549999952316284,16300,0.0,0.0
2023-11-28 00:00:00-05:00,2.549999952316284,2.5899999141693115,2.509999990463257,2.5399999618530273,12300,0.0,0.0
2023-11-29 00:00:00-05:00,2.5199999809265137,2.5799999237060547,2.5199999809265137,2.5799999237060547,3800,0.0,0.0
2023-11-30 00:00:00-05:00,2.609999895095825,2.619999885559082,2.569999933242798,2.619999885559082,5200,0.0,0.0
2023-12-01 00:00:00-05:00,2.630000114440918,2.630000114440918,2.5799999237060547,2.5999999046325684,4900,0.0,0.0
2023-12-04 00:00:00-05:00,2.740000009536743,3.200000047683716,2.5999999046325684,3.0199999809265137,43300,0.0,0.0
2023-12-05 00:00:00-05:00,3.2899999618530273,3.2899999618530273,2.799999952316284,3.0,9100,0.0,0.0
2023-12-06 00:00:00-05:00,2.9700000286102295,3.0199999809265137,2.890000104904175,2.9800000190734863,12000,0.0,0.0
2023-12-07 00:00:00-05:00,2.990000009536743,3.0199999809265137,2.940000057220459,3.009999990463257,15800,0.0,0.0
2023-12-08 00:00:00-05:00,3.009999990463257,3.0199999809265137,2.869999885559082,2.930000066757202,6600,0.0,0.0
2023-12-11 00:00:00-05:00,2.930000066757202,3.069999933242798,2.9200000762939453,3.0299999713897705,4900,0.0,0.0
2023-12-12 00:00:00-05:00,3.009999990463257,3.0399999618530273,2.9100000858306885,3.009999990463257,21100,0.0,0.0
2023-12-13 00:00:00-05:00,2.9200000762939453,3.0199999809265137,2.880000114440918,3.009999990463257,13200,0.0,0.0
2023-12-14 00:00:00-05:00,3.069999933242798,3.2699999809265137,3.009999990463257,3.140000104904175,35400,0.0,0.0
2023-12-15 00:00:00-05:00,3.200000047683716,3.200000047683716,3.0299999713897705,3.0899999141693115,15500,0.0,0.0
2023-12-18 00:00:00-05:00,3.0999999046325684,3.1500000953674316,3.0,3.0299999713897705,25700,0.0,0.0
2023-12-19 00:00:00-05:00,3.0399999618530273,3.0799999237060547,2.9100000858306885,3.069999933242798,38400,0.0,0.0
2023-12-20 00:00:00-05:00,2.9600000381469727,3.109999895095825,2.9600000381469727,3.049999952316284,35600,0.0,0.0
2023-12-21 00:00:00-05:00,3.1500000953674316,3.1500000953674316,2.990000009536743,3.140000104904175,15100,0.0,0.0
2023-12-22 00:00:00-05:00,3.1700000762939453,3.1700000762939453,3.0,3.119999885559082,27100,0.0,0.0
2023-12-26 00:00:00-05:00,3.0799999237060547,3.2699999809265137,3.0,3.2699999809265137,11000,0.0,0.0
2023-12-27 00:00:00-05:00,3.299999952316284,3.299999952316284,3.049999952316284,3.190000057220459,20000,0.0,0.0
2023-12-28 00:00:00-05:00,3.190000057220459,3.190000057220459,3.049999952316284,3.0999999046325684,12700,0.0,0.0
2023-12-29 00:00:00-05:00,3.069999933242798,3.2699999809265137,3.009999990463257,3.059999942779541,15800,0.0,0.0
2024-01-02 00:00:00-05:00,3.190000057220459,3.190000057220459,2.990000009536743,3.109999895095825,15900,0.0,0.0
2024-01-03 00:00:00-05:00,3.259999990463257,3.3499999046325684,3.200000047683716,3.299999952316284,76700,0.0,0.0
2024-01-04 00:00:00-05:00,3.299999952316284,3.440000057220459,3.25,3.3399999141693115,12500,0.0,0.0
2024-01-05 00:00:00-05:00,3.4000000953674316,4.050000190734863,3.309999942779541,3.819999933242798,268000,0.0,0.0
2024-01-08 00:00:00-05:00,3.9600000381469727,4.579999923706055,3.950000047683716,4.389999866485596,229800,0.0,0.0
2024-01-09 00:00:00-05:00,4.389999866485596,4.389999866485596,3.9200000762939453,3.9600000381469727,152800,0.0,0.0
2024-01-10 00:00:00-05:00,4.0,4.130000114440918,3.880000114440918,3.9700000286102295,34500,0.0,0.0
2024-01-11 00:00:00-05:00,4.170000076293945,4.170000076293945,3.8499999046325684,3.940000057220459,33600,0.0,0.0
2024-01-12 00:00:00-05:00,3.9700000286102295,3.9700000286102295,3.6700000762939453,3.740000009536743,40300,0.0,0.0
2024-01-16 00:00:00-05:00,3.7200000286102295,3.7300000190734863,3.380000114440918,3.440000057220459,48800,0.0,0.0
2024-01-17 00:00:00-05:00,3.4100000858306885,3.4100000858306885,3.1500000953674316,3.390000104904175,95100,0.0,0.0
2024-01-18 00:00:00-05:00,3.4200000762939453,3.549999952316284,3.190000057220459,3.549999952316284,20100,0.0,0.0
2024-01-19 00:00:00-05:00,3.609999895095825,3.6600000858306885,3.5,3.5799999237060547,27700,0.0,0.0
2024-01-22 00:00:00-05:00,3.559999942779541,3.7300000190734863,3.4200000762939453,3.4600000381469727,25200,0.0,0.0
2024-01-23 00:00:00-05:00,3.4600000381469727,3.630000114440918,3.4600000381469727,3.569999933242798,6800,0.0,0.0
2024-01-24 00:00:00-05:00,3.5999999046325684,3.5999999046325684,3.450000047683716,3.569999933242798,24100,0.0,0.0
2024-01-25 00:00:00-05:00,3.569999933242798,3.5799999237060547,3.309999942779541,3.440000057220459,33000,0.0,0.0
2024-01-26 00:00:00-05:00,3.390000104904175,3.5399999618530273,3.380000114440918,3.5399999618530273,11700,0.0,0.0
2024-01-29 00:00:00-05:00,3.549999952316284,3.7699999809265137,3.549999952316284,3.690000057220459,31300,0.0,0.0
2024-01-30 00:00:00-05:00,3.75,3.75,3.5399999618530273,3.6600000858306885,15600,0.0,0.0
2024-01-31 00:00:00-05:00,3.5999999046325684,3.630000114440918,3.4000000953674316,3.5799999237060547,10100,0.0,0.0
2024-02-01 00:00:00-05:00,3.509999990463257,3.9000000953674316,3.5,3.7899999618530273,44500,0.0,0.0
2024-02-02 00:00:00-05:00,3.759999990463257,3.819999933242798,3.450000047683716,3.690000057220459,30500,0.0,0.0
2024-02-05 00:00:00-05:00,3.809999942779541,3.809999942779541,3.450000047683716,3.609999895095825,12100,0.0,0.0
2024-02-06 00:00:00-05:00,3.5999999046325684,3.859999895095825,3.569999933242798,3.759999990463257,41500,0.0,0.0
2024-02-07 00:00:00-05:00,3.799999952316284,3.8299999237060547,3.700000047683716,3.8299999237060547,38200,0.0,0.0
2024-02-08 00:00:00-05:00,3.5,4.010000228881836,3.5,4.0,100000,0.0,0.0
2024-02-09 00:00:00-05:00,4.130000114440918,4.349999904632568,3.890000104904175,4.239999771118164,595000,0.0,0.0
2024-02-12 00:00:00-05:00,4.260000228881836,4.349999904632568,4.139999866485596,4.300000190734863,78800,0.0,0.0
2024-02-13 00:00:00-05:00,4.340000152587891,4.340000152587891,3.890000104904175,4.099999904632568,144000,0.0,0.0
2024-02-14 00:00:00-05:00,4.21999979019165,4.21999979019165,4.019999980926514,4.099999904632568,42700,0.0,0.0
2024-02-15 00:00:00-05:00,4.010000228881836,4.199999809265137,4.0,4.03000020980835,38500,0.0,0.0
2024-02-16 00:00:00-05:00,4.0,4.130000114440918,3.890000104904175,4.079999923706055,44800,0.0,0.0
2024-02-20 00:00:00-05:00,4.210000038146973,4.210000038146973,3.950000047683716,4.090000152587891,25400,0.0,0.0
2024-02-21 00:00:00-05:00,4.090000152587891,4.150000095367432,4.019999980926514,4.079999923706055,44100,0.0,0.0
2024-02-22 00:00:00-05:00,4.139999866485596,4.139999866485596,4.0,4.059999942779541,49100,0.0,0.0
2024-02-23 00:00:00-05:00,4.0,4.090000152587891,4.0,4.050000190734863,11900,0.0,0.0
2024-02-26 00:00:00-05:00,3.990000009536743,4.099999904632568,3.950000047683716,4.070000171661377,45300,0.0,0.0
2024-02-27 00:00:00-05:00,4.139999866485596,4.139999866485596,3.9700000286102295,4.110000133514404,24000,0.0,0.0
2024-02-28 00:00:00-05:00,4.090000152587891,4.110000133514404,4.010000228881836,4.079999923706055,21900,0.0,0.0
2024-02-29 00:00:00-05:00,4.079999923706055,4.119999885559082,4.019999980926514,4.050000190734863,14200,0.0,0.0
2024-03-01 00:00:00-05:00,4.239999771118164,4.239999771118164,3.9600000381469727,4.039999961853027,27800,0.0,0.0
2024-03-04 00:00:00-05:00,4.0,4.070000171661377,3.950000047683716,4.039999961853027,32700,0.0,0.0
2024-03-05 00:00:00-05:00,3.940000057220459,4.039999961853027,3.9000000953674316,3.9700000286102295,23200,0.0,0.0
2024-03-06 00:00:00-05:00,4.099999904632568,4.110000133514404,4.0,4.0,11100,0.0,0.0
2024-03-07 00:00:00-05:00,3.950000047683716,4.130000114440918,3.950000047683716,4.0,16800,0.0,0.0
2024-03-08 00:00:00-05:00,4.079999923706055,4.079999923706055,3.990000009536743,3.990000009536743,14300,0.0,0.0
2024-03-11 00:00:00-04:00,3.990000009536743,4.130000114440918,3.990000009536743,4.019999980926514,28800,0.0,0.0
2024-03-12 00:00:00-04:00,3.9600000381469727,4.050000190734863,3.9000000953674316,3.940000057220459,28400,0.0,0.0
2024-03-13 00:00:00-04:00,3.950000047683716,4.050000190734863,3.950000047683716,4.03000020980835,14900,0.0,0.0
2024-03-14 00:00:00-04:00,4.070000171661377,4.070000171661377,3.9000000953674316,3.9000000953674316,11900,0.0,0.0
2024-03-15 00:00:00-04:00,3.890000104904175,4.039999961853027,3.8399999141693115,3.990000009536743,11900,0.0,0.0
2024-03-18 00:00:00-04:00,3.869999885559082,3.930000066757202,3.7699999809265137,3.9200000762939453,50900,0.0,0.0
2024-03-19 00:00:00-04:00,3.9200000762939453,3.950000047683716,3.700000047683716,3.950000047683716,21600,0.0,0.0
2024-03-20 00:00:00-04:00,3.819999933242798,3.9800000190734863,3.759999990463257,3.9600000381469727,21000,0.0,0.0
2024-03-21 00:00:00-04:00,3.9800000190734863,4.019999980926514,3.8399999141693115,3.8399999141693115,30900,0.0,0.0
2024-03-22 00:00:00-04:00,3.799999952316284,3.950000047683716,3.799999952316284,3.9200000762939453,32400,0.0,0.0
2024-03-25 00:00:00-04:00,3.8499999046325684,3.950000047683716,3.8299999237060547,3.950000047683716,25300,0.0,0.0
2024-03-26 00:00:00-04:00,3.9100000858306885,3.950000047683716,3.859999895095825,3.890000104904175,22100,0.0,0.0
2024-03-27 00:00:00-04:00,3.940000057220459,3.940000057220459,3.6500000953674316,3.740000009536743,82100,0.0,0.0
2024-03-28 00:00:00-04:00,3.700000047683716,3.809999942779541,3.5999999046325684,3.6600000858306885,33600,0.0,0.0
2024-04-01 00:00:00-04:00,3.690000057220459,3.8299999237060547,3.569999933242798,3.619999885559082,31000,0.0,0.0
2024-04-02 00:00:00-04:00,3.3499999046325684,3.569999933242798,3.259999990463257,3.380000114440918,37600,0.0,0.0
2024-04-03 00:00:00-04:00,3.380000114440918,3.5399999618530273,3.3499999046325684,3.509999990463257,32000,0.0,0.0
2024-04-04 00:00:00-04:00,3.4700000286102295,3.5799999237060547,3.4200000762939453,3.5799999237060547,9700,0.0,0.0
2024-04-05 00:00:00-04:00,3.509999990463257,3.569999933242798,3.380000114440918,3.450000047683716,16700,0.0,0.0
2024-04-08 00:00:00-04:00,3.4600000381469727,3.5399999618530273,3.4000000953674316,3.4000000953674316,14800,0.0,0.0
2024-04-09 00:00:00-04:00,3.4100000858306885,3.5299999713897705,3.4100000858306885,3.4600000381469727,8100,0.0,0.0
2024-04-10 00:00:00-04:00,3.369999885559082,3.450000047683716,3.369999885559082,3.369999885559082,6700,0.0,0.0
2024-04-11 00:00:00-04:00,3.380000114440918,3.440000057220459,3.359999895095825,3.359999895095825,17200,0.0,0.0
2024-04-12 00:00:00-04:00,3.359999895095825,3.359999895095825,3.240000009536743,3.259999990463257,28100,0.0,0.0
2024-04-15 00:00:00-04:00,3.240000009536743,3.299999952316284,3.049999952316284,3.0799999237060547,36500,0.0,0.0
2024-04-16 00:00:00-04:00,3.119999885559082,3.1500000953674316,2.9200000762939453,2.940000057220459,22700,0.0,0.0
2024-04-17 00:00:00-04:00,3.109999895095825,3.109999895095825,2.950000047683716,3.0299999713897705,9100,0.0,0.0
2024-04-18 00:00:00-04:00,2.9200000762939453,2.9800000190734863,2.9100000858306885,2.9100000858306885,10800,0.0,0.0
2024-04-19 00:00:00-04:00,2.950000047683716,3.119999885559082,2.819999933242798,2.990000009536743,10400,0.0,0.0
2024-04-22 00:00:00-04:00,3.009999990463257,3.1600000858306885,2.9700000286102295,3.069999933242798,11200,0.0,0.0
2024-04-23 00:00:00-04:00,3.0799999237060547,3.2300000190734863,3.0199999809265137,3.049999952316284,25900,0.0,0.0
2024-04-24 00:00:00-04:00,3.0399999618530273,3.119999885559082,2.9100000858306885,3.0999999046325684,6100,0.0,0.0
2024-04-25 00:00:00-04:00,2.9600000381469727,3.140000104904175,2.9600000381469727,3.009999990463257,19300,0.0,0.0
2024-04-26 00:00:00-04:00,3.0299999713897705,3.240000009536743,2.9800000190734863,3.2300000190734863,43100,0.0,0.0
2024-04-29 00:00:00-04:00,3.309999942779541,3.3499999046325684,3.140000104904175,3.140000104904175,36800,0.0,0.0
2024-04-30 00:00:00-04:00,3.2100000381469727,3.319999933242798,3.109999895095825,3.259999990463257,25700,0.0,0.0
2024-05-01 00:00:00-04:00,3.130000114440918,3.200000047683716,3.0199999809265137,3.200000047683716,6200,0.0,0.0
2024-05-02 00:00:00-04:00,3.1600000858306885,3.369999885559082,3.059999942779541,3.2200000286102295,26400,0.0,0.0
2024-05-03 00:00:00-04:00,3.4800000190734863,3.4800000190734863,3.180000066757202,3.190000057220459,22900,0.0,0.0
2024-05-06 00:00:00-04:00,3.190000057220459,3.299999952316284,3.190000057220459,3.2300000190734863,11700,0.0,0.0
2024-05-07 00:00:00-04:00,3.2300000190734863,3.319999933242798,3.140000104904175,3.190000057220459,4600,0.0,0.0
2024-05-08 00:00:00-04:00,3.190000057220459,3.259999990463257,3.140000104904175,3.259999990463257,1400,0.0,0.0
2024-05-09 00:00:00-04:00,3.259999990463257,3.259999990463257,3.1500000953674316,3.1500000953674316,3300,0.0,0.0
2024-05-10 00:00:00-04:00,3.2899999618530273,3.2899999618530273,3.130000114440918,3.200000047683716,12400,0.0,0.0
2024-05-13 00:00:00-04:00,3.200000047683716,3.5399999618530273,3.130000114440918,3.5399999618530273,50800,0.0,0.0
2024-05-14 00:00:00-04:00,3.380000114440918,3.380000114440918,2.9800000190734863,3.1600000858306885,68400,0.0,0.0
2024-05-15 00:00:00-04:00,3.1600000858306885,3.180000066757202,3.059999942779541,3.0899999141693115,31200,0.0,0.0
2024-05-16 00:00:00-04:00,3.1500000953674316,3.1500000953674316,2.950000047683716,3.0299999713897705,75000,0.0,0.0
2024-05-17 00:00:00-04:00,2.950000047683716,3.0299999713897705,2.9000000953674316,2.990000009536743,36200,0.0,0.0
2024-05-20 00:00:00-04:00,2.990000009536743,3.119999885559082,2.8499999046325684,2.930000066757202,30500,0.0,0.0
2024-05-21 00:00:00-04:00,2.930000066757202,3.0,2.930000066757202,3.0,16700,0.0,0.0
2024-05-22 00:00:00-04:00,3.0,3.0,2.869999885559082,2.9700000286102295,10600,0.0,0.0
2024-05-23 00:00:00-04:00,2.9100000858306885,2.9100000858306885,2.880000114440918,2.880000114440918,1500,0.0,0.0
2024-05-24 00:00:00-04:00,2.8499999046325684,2.950000047683716,2.7899999618530273,2.859999895095825,13800,0.0,0.0
2024-05-28 00:00:00-04:00,2.75,2.819999933242798,2.7100000381469727,2.819999933242798,60500,0.0,0.0
2024-05-29 00:00:00-04:00,2.690000057220459,2.890000104904175,2.690000057220459,2.869999885559082,129700,0.0,0.0
2024-05-30 00:00:00-04:00,2.950000047683716,2.990000009536743,2.75,2.8499999046325684,18500,0.0,0.0
2024-05-31 00:00:00-04:00,2.869999885559082,2.9000000953674316,2.8399999141693115,2.8499999046325684,13300,0.0,0.0
2024-06-03 00:00:00-04:00,2.9000000953674316,2.930000066757202,2.869999885559082,2.880000114440918,10800,0.0,0.0
2024-06-04 00:00:00-04:00,2.880000114440918,2.9100000858306885,2.799999952316284,2.880000114440918,10400,0.0,0.0
2024-06-05 00:00:00-04:00,2.9000000953674316,2.9000000953674316,2.819999933242798,2.8499999046325684,28700,0.0,0.0
2024-06-06 00:00:00-04:00,2.9000000953674316,2.9200000762939453,2.8299999237060547,2.8499999046325684,19000,0.0,0.0
2024-06-07 00:00:00-04:00,2.8499999046325684,2.9000000953674316,2.819999933242798,2.8499999046325684,49000,0.0,0.0
2024-06-10 00:00:00-04:00,2.8499999046325684,2.9100000858306885,2.8399999141693115,2.8399999141693115,15000,0.0,0.0
2024-06-11 00:00:00-04:00,2.8499999046325684,2.9100000858306885,2.8399999141693115,2.859999895095825,19400,0.0,0.0
2024-06-12 00:00:00-04:00,2.869999885559082,3.0,2.819999933242798,2.880000114440918,37300,0.0,0.0
2024-06-13 00:00:00-04:00,2.9000000953674316,3.069999933242798,2.819999933242798,3.069999933242798,56500,0.0,0.0
2024-06-14 00:00:00-04:00,2.9800000190734863,3.0299999713897705,2.9700000286102295,2.9700000286102295,44600,0.0,0.0
2024-06-17 00:00:00-04:00,2.950000047683716,2.9600000381469727,2.75,2.75,34400,0.0,0.0
2024-06-18 00:00:00-04:00,2.75,2.799999952316284,2.7200000286102295,2.7300000190734863,17700,0.0,0.0
2024-06-20 00:00:00-04:00,2.509999990463257,2.690000057220459,2.509999990463257,2.609999895095825,14000,0.0,0.0
2024-06-21 00:00:00-04:00,2.6500000953674316,2.680000066757202,2.609999895095825,2.609999895095825,14400,0.0,0.0
2024-06-24 00:00:00-04:00,2.5999999046325684,2.680000066757202,2.5899999141693115,2.5999999046325684,5000,0.0,0.0
2024-06-25 00:00:00-04:00,2.640000104904175,2.7200000286102295,2.5799999237060547,2.619999885559082,16900,0.0,0.0
2024-06-26 00:00:00-04:00,2.619999885559082,2.7100000381469727,2.619999885559082,2.6500000953674316,6400,0.0,0.0
2024-06-27 00:00:00-04:00,2.619999885559082,2.690000057220459,2.5899999141693115,2.5899999141693115,11000,0.0,0.0
2024-06-28 00:00:00-04:00,2.569999933242798,2.700000047683716,2.559999942779541,2.5799999237060547,2700,0.0,0.0
2024-07-01 00:00:00-04:00,2.559999942779541,2.619999885559082,2.5399999618530273,2.5399999618530273,27300,0.0,0.0
2024-07-02 00:00:00-04:00,2.5299999713897705,2.690000057220459,2.4200000762939453,2.5899999141693115,37100,0.0,0.0
2024-07-03 00:00:00-04:00,2.6500000953674316,2.6700000762939453,2.6500000953674316,2.6700000762939453,1500,0.0,0.0
2024-07-05 00:00:00-04:00,2.6500000953674316,2.680000066757202,2.490000009536743,2.5799999237060547,25000,0.0,0.0
2024-07-08 00:00:00-04:00,2.5199999809265137,2.549999952316284,2.450000047683716,2.509999990463257,21300,0.0,0.0
2024-07-09 00:00:00-04:00,2.4700000286102295,2.559999942779541,2.440000057220459,2.5,14000,0.0,0.0
2024-07-10 00:00:00-04:00,2.4800000190734863,2.5399999618530273,2.4100000858306885,2.4600000381469727,55200,0.0,0.0
2024-07-11 00:00:00-04:00,2.569999933242798,2.6500000953674316,2.5,2.549999952316284,35300,0.0,0.0
2024-07-12 00:00:00-04:00,2.4800000190734863,2.619999885559082,2.440000057220459,2.509999990463257,30900,0.0,0.0
2024-07-15 00:00:00-04:00,2.5299999713897705,2.549999952316284,2.450000047683716,2.490000009536743,14400,0.0,0.0
2024-07-16 00:00:00-04:00,2.4800000190734863,2.5399999618530273,2.4800000190734863,2.490000009536743,13600,0.0,0.0
2024-07-17 00:00:00-04:00,2.490000009536743,2.549999952316284,2.450000047683716,2.4600000381469727,34900,0.0,0.0
2024-07-18 00:00:00-04:00,2.4700000286102295,2.5799999237060547,2.4200000762939453,2.430000066757202,56900,0.0,0.0
2024-07-19 00:00:00-04:00,2.5,2.5,2.4200000762939453,2.4600000381469727,13100,0.0,0.0
2024-07-22 00:00:00-04:00,2.549999952316284,2.549999952316284,2.440000057220459,2.5,12100,0.0,0.0
2024-07-23 00:00:00-04:00,2.5299999713897705,2.5299999713897705,2.450000047683716,2.490000009536743,2800,0.0,0.0
2024-07-24 00:00:00-04:00,2.549999952316284,2.549999952316284,2.490000009536743,2.5299999713897705,60600,0.0,0.0
2024-07-25 00:00:00-04:00,2.5199999809265137,2.5799999237060547,2.5,2.5199999809265137,67900,0.0,0.0
2024-07-26 00:00:00-04:00,2.549999952316284,2.5899999141693115,2.5,2.559999942779541,15400,0.0,0.0
2024-07-29 00:00:00-04:00,2.630000114440918,2.630000114440918,2.4800000190734863,2.5299999713897705,37100,0.0,0.0
2024-07-30 00:00:00-04:00,2.5,2.5,2.430000066757202,2.430000066757202,60500,0.0,0.0
2024-07-31 00:00:00-04:00,2.450000047683716,2.509999990463257,2.4200000762939453,2.450000047683716,184800,0.0,0.0
2024-08-01 00:00:00-04:00,2.4800000190734863,2.4800000190734863,2.309999942779541,2.359999895095825,67200,0.0,0.0
2024-08-02 00:00:00-04:00,2.3299999237060547,2.380000114440918,2.140000104904175,2.2300000190734863,92000,0.0,0.0
2024-08-05 00:00:00-04:00,2.2200000286102295,2.2200000286102295,2.0,2.2200000286102295,41900,0.0,0.0
2024-08-06 00:00:00-04:00,2.119999885559082,2.140000104904175,2.0399999618530273,2.069999933242798,23600,0.0,0.0
2024-08-07 00:00:00-04:00,2.0999999046325684,2.140000104904175,2.0799999237060547,2.0899999141693115,27900,0.0,0.0
2024-08-08 00:00:00-04:00,2.109999895095825,2.1500000953674316,2.049999952316284,2.0799999237060547,29000,0.0,0.0
2024-08-09 00:00:00-04:00,2.069999933242798,2.1500000953674316,2.049999952316284,2.069999933242798,23900,0.0,0.0
2024-08-12 00:00:00-04:00,2.069999933242798,2.130000114440918,1.9800000190734863,2.009999990463257,15500,0.0,0.0
2024-08-13 00:00:00-04:00,2.059999942779541,2.0899999141693115,2.009999990463257,2.049999952316284,7100,0.0,0.0
2024-08-14 00:00:00-04:00,1.6699999570846558,2.0999999046325684,1.6699999570846558,1.9600000381469727,42100,0.0,0.0
2024-08-15 00:00:00-04:00,1.909999966621399,2.049999952316284,1.8200000524520874,2.0399999618530273,20500,0.0,0.0
2024-08-16 00:00:00-04:00,2.0399999618530273,2.059999942779541,1.8700000047683716,2.0299999713897705,14400,0.0,0.0
2024-08-19 00:00:00-04:00,1.9500000476837158,2.109999895095825,1.9500000476837158,2.059999942779541,37000,0.0,0.0
2024-08-20 00:00:00-04:00,2.0,2.109999895095825,2.0,2.069999933242798,9100,0.0,0.0
2024-08-21 00:00:00-04:00,2.059999942779541,2.140000104904175,2.059999942779541,2.0999999046325684,13800,0.0,0.0
2024-08-22 00:00:00-04:00,2.140000104904175,2.1500000953674316,2.049999952316284,2.0799999237060547,8600,0.0,0.0
2024-08-23 00:00:00-04:00,2.0999999046325684,2.140000104904175,2.0,2.109999895095825,22800,0.0,0.0
2024-08-26 00:00:00-04:00,2.069999933242798,2.0999999046325684,2.0299999713897705,2.0399999618530273,11100,0.0,0.0
2024-08-27 00:00:00-04:00,2.0399999618530273,2.059999942779541,2.0199999809265137,2.0399999618530273,11200,0.0,0.0
2024-08-28 00:00:00-04:00,2.0199999809265137,2.0399999618530273,1.9800000190734863,2.0,13200,0.0,0.0
2024-08-29 00:00:00-04:00,1.9800000190734863,2.0199999809265137,1.9500000476837158,1.9900000095367432,26700,0.0,0.0
2024-08-30 00:00:00-04:00,1.9600000381469727,2.0399999618530273,1.9600000381469727,2.009999990463257,11700,0.0,0.0
2024-09-03 00:00:00-04:00,2.0,2.0,1.9700000286102295,1.9700000286102295,5200,0.0,0.0
2024-09-04 00:00:00-04:00,2.0,2.0399999618530273,1.9900000095367432,2.0199999809265137,11600,0.0,0.0
2024-09-05 00:00:00-04:00,2.0199999809265137,2.0299999713897705,1.9800000190734863,1.9800000190734863,24700,0.0,0.0
2024-09-06 00:00:00-04:00,1.9700000286102295,1.9900000095367432,1.9299999475479126,1.9299999475479126,30900,0.0,0.0
2024-09-09 00:00:00-04:00,1.8899999856948853,2.0199999809265137,1.8799999952316284,2.0,57100,0.0,0.0
2024-09-10 00:00:00-04:00,2.009999990463257,2.0199999809265137,1.9600000381469727,2.009999990463257,73500,0.0,0.0
2024-09-11 00:00:00-04:00,2.0299999713897705,2.2699999809265137,2.0299999713897705,2.140000104904175,38000,0.0,0.0
2024-09-12 00:00:00-04:00,2.119999885559082,2.2300000190734863,2.119999885559082,2.1700000762939453,25600,0.0,0.0
2024-09-13 00:00:00-04:00,2.140000104904175,2.259999990463257,2.140000104904175,2.25,29600,0.0,0.0
2024-09-16 00:00:00-04:00,2.25,2.25,2.180000066757202,2.180000066757202,20000,0.0,0.0
2024-09-17 00:00:00-04:00,2.1700000762939453,2.2799999713897705,2.1700000762939453,2.2799999713897705,12200,0.0,0.0
2024-09-18 00:00:00-04:00,2.2799999713897705,2.299999952316284,2.2100000381469727,2.25,9500,0.0,0.0
2024-09-19 00:00:00-04:00,2.25,2.3299999237060547,2.2300000190734863,2.240000009536743,14100,0.0,0.0
2024-09-20 00:00:00-04:00,2.240000009536743,2.2899999618530273,2.2300000190734863,2.25,21300,0.0,0.0
2024-09-23 00:00:00-04:00,2.299999952316284,2.299999952316284,2.259999990463257,2.2699999809265137,10800,0.0,0.0
2024-09-24 00:00:00-04:00,2.25,2.25,2.1600000858306885,2.180000066757202,16600,0.0,0.0
2024-09-25 00:00:00-04:00,2.180000066757202,2.2100000381469727,2.0999999046325684,2.1700000762939453,11600,0.0,0.0
2024-09-26 00:00:00-04:00,2.1500000953674316,2.2200000286102295,2.109999895095825,2.1700000762939453,40500,0.0,0.0
2024-09-27 00:00:00-04:00,2.180000066757202,2.440000057220459,2.1600000858306885,2.359999895095825,56300,0.0,0.0
2024-09-30 00:00:00-04:00,2.4000000953674316,2.450000047683716,2.309999942779541,2.3299999237060547,16100,0.0,0.0
2024-10-01 00:00:00-04:00,2.319999933242798,2.3499999046325684,2.25,2.2799999713897705,15200,0.0,0.0
2024-10-02 00:00:00-04:00,2.299999952316284,2.359999895095825,2.2799999713897705,2.359999895095825,3700,0.0,0.0
2024-10-03 00:00:00-04:00,2.299999952316284,2.359999895095825,2.2799999713897705,2.2799999713897705,4800,0.0,0.0
2024-10-04 00:00:00-04:00,2.259999990463257,2.359999895095825,2.259999990463257,2.299999952316284,4500,0.0,0.0
2024-10-07 00:00:00-04:00,2.2899999618530273,2.3299999237060547,2.25,2.2899999618530273,13800,0.0,0.0
2024-10-08 00:00:00-04:00,2.309999942779541,2.3499999046325684,2.2699999809265137,2.3499999046325684,3500,0.0,0.0
2024-10-09 00:00:00-04:00,2.3499999046325684,2.3499999046325684,2.1600000858306885,2.1600000858306885,15900,0.0,0.0
2024-10-10 00:00:00-04:00,2.119999885559082,2.259999990463257,2.119999885559082,2.259999990463257,36200,0.0,0.0
2024-10-11 00:00:00-04:00,2.1700000762939453,2.3499999046325684,2.1500000953674316,2.309999942779541,23400,0.0,0.0
2024-10-14 00:00:00-04:00,2.309999942779541,2.3499999046325684,2.130000114440918,2.3499999046325684,19700,0.0,0.0
2024-10-15 00:00:00-04:00,2.25,2.2799999713897705,2.180000066757202,2.2799999713897705,4900,0.0,0.0
2024-10-16 00:00:00-04:00,2.299999952316284,2.299999952316284,2.2200000286102295,2.259999990463257,6000,0.0,0.0
2024-10-17 00:00:00-04:00,2.25,2.2899999618530273,2.2100000381469727,2.2799999713897705,17800,0.0,0.0
2024-10-18 00:00:00-04:00,2.2300000190734863,2.25,2.200000047683716,2.2100000381469727,43200,0.0,0.0
2024-10-21 00:00:00-04:00,2.190000057220459,2.2200000286102295,2.130000114440918,2.130000114440918,8900,0.0,0.0
2024-10-22 00:00:00-04:00,2.1500000953674316,2.190000057220459,2.0999999046325684,2.119999885559082,14900,0.0,0.0
2024-10-23 00:00:00-04:00,2.1700000762939453,2.1700000762939453,2.119999885559082,2.1600000858306885,3600,0.0,0.0
2024-10-24 00:00:00-04:00,2.049999952316284,2.2200000286102295,2.049999952316284,2.2200000286102295,10600,0.0,0.0
2024-10-25 00:00:00-04:00,2.1500000953674316,2.259999990463257,2.0999999046325684,2.130000114440918,12300,0.0,0.0
2024-10-28 00:00:00-04:00,2.180000066757202,2.200000047683716,2.0899999141693115,2.0999999046325684,7600,0.0,0.0
2024-10-29 00:00:00-04:00,2.140000104904175,2.2100000381469727,2.0899999141693115,2.0999999046325684,7200,0.0,0.0
2024-10-30 00:00:00-04:00,2.119999885559082,2.119999885559082,2.059999942779541,2.119999885559082,14300,0.0,0.0
2024-10-31 00:00:00-04:00,2.0999999046325684,2.200000047683716,2.049999952316284,2.059999942779541,9600,0.0,0.0
2024-11-01 00:00:00-04:00,2.0899999141693115,2.0999999046325684,2.0299999713897705,2.059999942779541,7300,0.0,0.0
2024-11-04 00:00:00-05:00,2.190000057220459,2.190000057220459,2.0399999618530273,2.0999999046325684,39400,0.0,0.0
2024-11-05 00:00:00-05:00,2.049999952316284,2.180000066757202,2.049999952316284,2.0799999237060547,5500,0.0,0.0
2024-11-06 00:00:00-05:00,2.0899999141693115,2.1700000762939453,2.069999933242798,2.1500000953674316,9200,0.0,0.0
2024-11-07 00:00:00-05:00,2.190000057220459,2.240000009536743,2.0999999046325684,2.2300000190734863,39200,0.0,0.0
2024-11-08 00:00:00-05:00,2.2799999713897705,2.319999933242798,2.140000104904175,2.2100000381469727,13400,0.0,0.0
2024-11-11 00:00:00-05:00,2.3299999237060547,2.3299999237060547,2.069999933242798,2.130000114440918,16300,0.0,0.0
2024-11-12 00:00:00-05:00,2.1500000953674316,2.1500000953674316,1.7300000190734863,2.0899999141693115,16300,0.0,0.0
2024-11-13 00:00:00-05:00,2.130000114440918,2.1500000953674316,2.069999933242798,2.130000114440918,21500,0.0,0.0
2024-11-14 00:00:00-05:00,2.1600000858306885,2.740000009536743,2.059999942779541,2.4000000953674316,348400,0.0,0.0
2024-11-15 00:00:00-05:00,2.4000000953674316,2.4800000190734863,2.109999895095825,2.3399999141693115,49400,0.0,0.0
2024-11-18 00:00:00-05:00,2.4000000953674316,2.5299999713897705,2.240000009536743,2.380000114440918,29100,0.0,0.0
2024-11-19 00:00:00-05:00,2.4000000953674316,2.5,2.2100000381469727,2.2899999618530273,22300,0.0,0.0
2024-11-20 00:00:00-05:00,2.2899999618530273,2.3299999237060547,2.2799999713897705,2.319999933242798,16100,0.0,0.0
2024-11-21 00:00:00-05:00,2.4000000953674316,2.4000000953674316,2.259999990463257,2.319999933242798,30300,0.0,0.0
2024-11-22 00:00:00-05:00,2.4700000286102295,2.4700000286102295,2.259999990463257,2.359999895095825,46000,0.0,0.0
2024-11-25 00:00:00-05:00,2.240000009536743,2.7300000190734863,2.2100000381469727,2.7200000286102295,822100,0.0,0.0
2024-11-26 00:00:00-05:00,2.7300000190734863,2.7799999713897705,2.549999952316284,2.7300000190734863,114800,0.0,0.0
2024-11-27 00:00:00-05:00,2.6700000762939453,2.7799999713897705,2.569999933242798,2.5999999046325684,88700,0.0,0.0
2024-11-29 00:00:00-05:00,2.5999999046325684,2.6600000858306885,2.5899999141693115,2.640000104904175,26900,0.0,0.0
2024-12-02 00:00:00-05:00,2.5399999618530273,2.700000047683716,2.5399999618530273,2.680000066757202,58200,0.0,0.0
2024-12-03 00:00:00-05:00,2.75,2.9100000858306885,2.75,2.819999933242798,170200,0.0,0.0
2024-12-04 00:00:00-05:00,2.8299999237060547,2.8499999046325684,2.700000047683716,2.759999990463257,64600,0.0,0.0
2024-12-05 00:00:00-05:00,2.799999952316284,2.8299999237060547,2.700000047683716,2.7699999809265137,93900,0.0,0.0
2024-12-06 00:00:00-05:00,2.799999952316284,2.8499999046325684,2.6500000953674316,2.740000009536743,104700,0.0,0.0
2024-12-09 00:00:00-05:00,2.8299999237060547,2.8299999237060547,2.6500000953674316,2.7300000190734863,48400,0.0,0.0
2024-12-10 00:00:00-05:00,2.759999990463257,2.759999990463257,2.5,2.5799999237060547,125100,0.0,0.0
2024-12-11 00:00:00-05:00,2.5999999046325684,2.700000047683716,2.509999990463257,2.5299999713897705,45600,0.0,0.0
2024-12-12 00:00:00-05:00,2.549999952316284,2.8499999046325684,2.359999895095825,2.8499999046325684,202500,0.0,0.0
2024-12-13 00:00:00-05:00,2.9000000953674316,2.9000000953674316,2.509999990463257,2.5799999237060547,184200,0.0,0.0
2024-12-16 00:00:00-05:00,2.509999990463257,2.5799999237060547,2.4000000953674316,2.4000000953674316,90600,0.0,0.0
2024-12-17 00:00:00-05:00,2.200000047683716,2.299999952316284,2.1500000953674316,2.1500000953674316,424000,0.0,0.0
2024-12-18 00:00:00-05:00,2.200000047683716,2.2799999713897705,2.1600000858306885,2.1600000858306885,185800,0.0,0.0
2024-12-19 00:00:00-05:00,2.1600000858306885,2.25,2.109999895095825,2.109999895095825,57600,0.0,0.0
2024-12-20 00:00:00-05:00,2.109999895095825,2.2200000286102295,2.109999895095825,2.180000066757202,103300,0.0,0.0
2024-12-23 00:00:00-05:00,2.1600000858306885,2.2200000286102295,2.1500000953674316,2.1700000762939453,35800,0.0,0.0
2024-12-24 00:00:00-05:00,2.190000057220459,2.25,2.1700000762939453,2.2300000190734863,24900,0.0,0.0
2024-12-26 00:00:00-05:00,2.299999952316284,2.5199999809265137,2.25,2.4200000762939453,90900,0.0,0.0
2024-12-27 00:00:00-05:00,2.490000009536743,2.5199999809265137,2.2200000286102295,2.450000047683716,80900,0.0,0.0
2024-12-30 00:00:00-05:00,2.509999990463257,2.759999990463257,2.5,2.5399999618530273,362000,0.0,0.0
2024-12-31 00:00:00-05:00,2.5999999046325684,2.6500000953674316,2.4100000858306885,2.4800000190734863,144600,0.0,0.0
