Date,Open,High,Low,Close,Volume,Dividends,Stock Splits
2022-01-03 00:00:00-05:00,18.83816633753525,19.600142822750804,18.83816633753525,19.562421798706055,204400,0.0,0.0
2022-01-04 00:00:00-05:00,19.766123469317357,20.55827667382357,19.62278095381898,20.414934158325195,434300,0.0,0.0
2022-01-05 00:00:00-05:00,20.716706194457334,20.746884171227837,19.90946402239307,19.954730987548828,594000,0.0,0.0
2022-01-06 00:00:00-05:00,20.18105939202717,20.611085474071466,19.99999585426984,20.482831954956055,255200,0.0,0.0
2022-01-07 00:00:00-05:00,20.48283282585895,20.950581397510582,20.233870270986426,20.75442886352539,213400,0.0,0.0
2022-01-10 00:00:00-05:00,20.8449612119492,21.312709812663872,20.656353160509695,20.860050201416016,485700,0.0,0.0
2022-01-11 00:00:00-05:00,20.890228180349652,20.98830373395349,20.46020205330202,20.860050201416016,223000,0.0,0.0
2022-01-12 00:00:00-05:00,20.81478126821589,20.875135777248367,20.45265421402101,20.550729751586914,217500,0.0,0.0
2022-01-13 00:00:00-05:00,20.784608840942383,21.056204923551064,20.626178752064245,20.784608840942383,219300,0.0,0.0
2022-01-14 00:00:00-05:00,20.535644282285336,21.1241019253769,20.520556731666513,21.06374740600586,256200,0.0,0.0
2022-01-18 00:00:00-05:00,21.0939221381224,21.26744262553525,20.761973029517662,20.799694061279297,351400,0.0,0.0
2022-01-19 00:00:00-05:00,20.829871579209968,20.867592610141028,20.218780517578125,20.218780517578125,337200,0.0,0.0
2022-01-20 00:00:00-05:00,20.16597064857948,20.528097728483633,19.788754580604714,19.82647705078125,318100,0.0,0.0
2022-01-21 00:00:00-05:00,19.957469648656794,20.026820047888545,19.36413910844027,19.41037368774414,315800,0.55,0.0
2022-01-24 00:00:00-05:00,19.148382912044077,19.28708370539943,18.439468889124278,19.225439071655273,316400,0.0,0.0
2022-01-25 00:00:00-05:00,19.00968349774479,19.472019019228057,18.632109904955282,19.233144760131836,324100,0.0,0.0
2022-01-26 00:00:00-05:00,19.495132989942118,19.872708016624802,18.994270168250917,19.1175594329834,283200,0.0,0.0
2022-01-27 00:00:00-05:00,19.202323842694312,19.495135516958058,18.74769406891637,18.84786605834961,238800,0.0,0.0
2022-01-28 00:00:00-05:00,18.824751670858564,19.46431541442871,18.524234209941348,19.46431541442871,364500,0.0,0.0
2022-01-31 00:00:00-05:00,19.233145840442226,19.641542510141182,18.770811762714132,19.63383674621582,297600,0.0,0.0
2022-02-01 00:00:00-05:00,19.603015823948507,20.00370527356427,19.364141543347213,19.610721588134766,201800,0.0,0.0
2022-02-02 00:00:00-05:00,19.54907549242301,19.757125231102794,19.356435811246975,19.564485549926758,274700,0.0,0.0
2022-02-03 00:00:00-05:00,19.50284400707357,19.579900185722497,19.20232652703955,19.279382705688477,202300,0.0,0.0
2022-02-04 00:00:00-05:00,19.24855712498903,19.410375225927815,18.747694233965095,19.086740493774414,247600,0.0,0.0
2022-02-07 00:00:00-05:00,19.0713300090825,19.194619297623884,18.94804072054112,19.025096893310547,130800,0.0,0.0
2022-02-08 00:00:00-05:00,19.109855369454944,19.171500007302576,18.886394108403817,19.032800674438477,201400,0.0,0.0
2022-02-09 00:00:00-05:00,19.10215177699301,19.279379933595674,18.763105521522238,18.855571746826172,251500,0.0,0.0
2022-02-10 00:00:00-05:00,18.832454343129076,18.94803784991017,18.547346987993286,18.608991622924805,285900,0.0,0.0
2022-02-11 00:00:00-05:00,18.608998042060552,19.00198327645494,18.447181370693496,18.686054229736328,307000,0.0,0.0
2022-02-14 00:00:00-05:00,18.747694416505258,18.770811708214218,18.431765445103718,18.601287841796875,305600,0.0,0.0
2022-02-15 00:00:00-05:00,18.786224155248842,19.3102044094905,18.786224155248842,19.163799285888672,320500,0.0,0.0
2022-02-16 00:00:00-05:00,19.341023987369773,19.718597580316754,19.18691165690304,19.595308303833008,359800,0.0,0.0
2022-02-17 00:00:00-05:00,19.80336158991355,20.026822875874323,19.248558317715812,19.579898834228516,312900,0.0,0.0
2022-02-18 00:00:00-05:00,19.46431160872719,19.78024053656763,19.302493528524728,19.356433868408203,724900,0.0,0.0
2022-02-22 00:00:00-05:00,19.294791361603117,19.53366415708523,18.986566692914288,19.33331871032715,301400,0.0,0.0
2022-02-23 00:00:00-05:00,19.364138632255923,19.60301287694626,19.063621222791067,19.094444274902344,226200,0.0,0.0
2022-02-24 00:00:00-05:00,18.508821775136862,18.8941011552868,18.377826727096913,18.84016227722168,306400,0.0,0.0
2022-02-25 00:00:00-05:00,18.986568535264823,19.49513723033625,18.986568535264823,19.441198348999023,162300,0.0,0.0
2022-02-28 00:00:00-05:00,19.102151976264366,19.433491001738123,18.940333875708188,19.3024959564209,250600,0.0,0.0
2022-03-01 00:00:00-05:00,19.240849526264363,19.441194957512902,18.763103972284338,18.971155166625977,330800,0.0,0.0
2022-03-02 00:00:00-05:00,19.109857528622047,19.62613198007484,19.109857528622047,19.472021102905273,282200,0.0,0.0
2022-03-03 00:00:00-05:00,19.572193023378727,19.633837667951404,19.225442448804003,19.479726791381836,519500,0.0,0.0
2022-03-04 00:00:00-05:00,19.310200073763937,19.572190142060034,19.063621531773265,19.533662796020508,273600,0.0,0.0
2022-03-07 00:00:00-05:00,19.45660623159022,19.595307026020766,19.19461616871564,19.21002769470215,249500,0.0,0.0
2022-03-08 00:00:00-05:00,19.34102470001617,19.549075912894956,19.06362308284445,19.31020164489746,245600,0.0,0.0
2022-03-09 00:00:00-05:00,19.656954265633864,19.811065136753218,19.256263355219975,19.29479217529297,354100,0.0,0.0
2022-03-10 00:00:00-05:00,19.14068018264183,19.37955299254295,19.00197936730433,19.3641414642334,248900,0.0,0.0
2022-03-11 00:00:00-05:00,19.371845186519746,19.603013677624258,19.132972401796756,19.27167320251465,225000,0.0,0.0
2022-03-14 00:00:00-04:00,19.294792038115574,19.341025152150262,18.786221904837216,18.948040008544922,194300,0.0,0.0
2022-03-15 00:00:00-04:00,19.05591727070036,19.148384966097634,18.53964285656562,18.84786605834961,266800,0.0,0.0
2022-03-16 00:00:00-04:00,19.032802068628314,19.07132941895875,18.693755800768493,19.04050636291504,302700,0.0,0.0
2022-03-17 00:00:00-04:00,19.626132894846968,19.626132894846968,18.894102887292078,19.1715030670166,247600,0.0,0.0
2022-03-18 00:00:00-04:00,19.240849276951153,19.287083854910673,19.00197650305633,19.21002769470215,617200,0.0,0.0
2022-03-21 00:00:00-04:00,19.186909828110913,19.448899883098427,19.04820903785588,19.1175594329834,196400,0.0,0.0
2022-03-22 00:00:00-04:00,19.22544240192121,19.510548331227998,19.009685411580847,19.125268936157227,209800,0.0,0.0
2022-03-23 00:00:00-04:00,19.055920781964,19.09444960786396,18.778520584106445,18.778520584106445,205400,0.0,0.0
2022-03-24 00:00:00-04:00,18.79392747252267,19.18691261202387,18.67063818990161,19.17920684814453,127300,0.0,0.0
2022-03-25 00:00:00-04:00,19.26396836070036,19.50284115685028,19.202323720735084,19.433490753173828,312000,0.0,0.0
2022-03-28 00:00:00-04:00,19.394963350120083,19.44119646253375,19.094445914845036,19.33331871032715,163100,0.0,0.0
2022-03-29 00:00:00-04:00,19.510547524624968,20.065350771213787,19.510547524624968,19.98829460144043,315400,0.0,0.0
2022-03-30 00:00:00-04:00,20.080759154344882,20.111582207572788,19.718597097261444,19.857297897338867,212100,0.0,0.0
2022-03-31 00:00:00-04:00,19.91894091854403,20.073051763012167,19.811061710719986,19.826473236083984,248900,0.0,0.0
2022-04-01 00:00:00-04:00,20.042236060311538,20.20405271492182,19.70318975148246,20.17323112487793,200000,0.0,0.0
2022-04-04 00:00:00-04:00,20.126995349369547,20.126995349369547,19.410375471277135,19.63383674621582,212300,0.0,0.0
2022-04-05 00:00:00-04:00,19.610720729974123,19.84959353039816,19.12526789555282,19.186912536621094,307300,0.0,0.0
2022-04-06 00:00:00-04:00,19.125266896347878,19.271673462382537,18.955744509697915,19.032800674438477,296900,0.0,0.0
2022-04-07 00:00:00-04:00,19.11756193336791,19.11756193336791,18.431765124882673,18.739988327026367,389700,0.0,0.0
2022-04-08 00:00:00-04:00,18.763105067556566,18.901805871880807,18.501114985993915,18.539642333984375,330500,0.0,0.0
2022-04-11 00:00:00-04:00,18.493409787143683,18.77081140426257,18.285358574304517,18.632110595703125,376500,0.0,0.0
2022-04-12 00:00:00-04:00,18.72457424848415,18.932625432733165,18.43176261377084,18.547346115112305,382000,0.0,0.0
2022-04-13 00:00:00-04:00,18.662932645362318,19.217735893401716,18.55505488923208,18.84016227722168,139900,0.0,0.0
2022-04-14 00:00:00-04:00,18.986567283013812,19.186912735998597,18.940334169163226,18.955745697021484,243300,0.0,0.0
2022-04-18 00:00:00-04:00,18.94033457345843,19.079035387695043,18.67834447317243,18.80933952331543,276100,0.0,0.0
2022-04-19 00:00:00-04:00,18.901806526383663,19.34873053927933,18.901806526383663,19.3024959564209,359800,0.0,0.0
2022-04-20 00:00:00-04:00,19.394965339796258,19.641543924263825,19.263970283082326,19.32561492919922,265800,0.0,0.0
2022-04-21 00:00:00-04:00,19.51054517853177,19.67236326257003,19.10985431967172,19.202322006225586,333800,0.0,0.0
2022-04-22 00:00:00-04:00,19.107769672576115,19.249600780711877,18.60348262399914,18.642879486083984,343800,0.55,0.0
2022-04-25 00:00:00-04:00,18.595603955642748,18.7216757245981,17.791895301381857,18.430133819580078,423300,0.0,0.0
2022-04-26 00:00:00-04:00,18.24102784756439,18.46165421502012,18.067679524995427,18.083438873291016,336000,0.0,0.0
2022-04-27 00:00:00-04:00,18.083436818326923,18.099194661937652,17.468835830688477,17.468835830688477,394800,0.0,0.0
2022-04-28 00:00:00-04:00,17.61066661323384,17.81553360527196,17.39004027498649,17.69734001159668,249600,0.0,0.0
2022-04-29 00:00:00-04:00,17.72885800725128,17.839170420592566,16.9960649691552,17.035463333129883,438800,0.0,0.0
2022-05-02 00:00:00-04:00,17.098501612355136,17.161537500667748,16.176600806474344,16.381467819213867,542400,0.0,0.0
2022-05-03 00:00:00-04:00,16.38934294278836,16.80695656451723,16.12931976398574,16.625728607177734,375000,0.0,0.0
2022-05-04 00:00:00-04:00,16.641489042772562,17.1615354344629,16.562693816145007,17.12213706970215,247500,0.0,0.0
2022-05-05 00:00:00-04:00,16.980309056719005,17.090622995257966,16.082047216996457,16.326311111450195,505500,0.0,0.0
2022-05-06 00:00:00-04:00,16.23175720817067,16.515417957403287,15.900818414987498,16.184480667114258,447800,0.0,0.0
2022-05-09 00:00:00-04:00,16.003249075999147,16.145080183494464,15.711708690942285,15.782624244689941,433000,0.0,0.0
2022-05-10 00:00:00-04:00,16.042648423626336,16.389345037750296,15.325614672155638,15.617155075073242,476300,0.0,0.0
2022-05-11 00:00:00-04:00,15.751108561692828,16.137203593131396,15.522604013773536,15.632916450500488,345800,0.0,0.0
2022-05-12 00:00:00-04:00,15.68807008553538,15.806262177265223,15.357131326955427,15.774744987487793,356500,0.0,0.0
2022-05-13 00:00:00-04:00,15.814141441790216,15.97961156825138,15.632913472294517,15.940213203430176,323600,0.0,0.0
2022-05-16 00:00:00-04:00,15.924455382402801,16.168720759002902,15.80626328240919,16.058406829833984,293500,0.0,0.0
2022-05-17 00:00:00-04:00,16.3105512534197,16.82271800230806,16.152960790887573,16.751802444458008,551400,0.0,0.0
2022-05-18 00:00:00-04:00,16.680886229762518,17.17729361227176,16.594211328493454,16.72816276550293,443100,0.0,0.0
2022-05-19 00:00:00-04:00,16.69664540654212,16.9330295857394,16.27115208051427,16.27903175354004,357100,0.0,0.0
2022-05-20 00:00:00-04:00,16.42086505490647,16.539057160287392,15.790506157612121,16.145082473754883,321000,0.0,0.0
2022-05-23 00:00:00-04:00,16.294789527552474,16.507536170041675,16.09780222959443,16.373584747314453,237700,0.0,0.0
2022-05-24 00:00:00-04:00,16.570574477216983,16.673007225915207,16.074165571887796,16.586332321166992,260900,0.0,0.0
2022-05-25 00:00:00-04:00,16.578455538605525,16.751803859720834,16.4523822561922,16.69664764404297,275900,0.0,0.0
2022-05-26 00:00:00-04:00,16.720283170508512,16.94090950981774,16.60209107915835,16.633609771728516,260200,0.0,0.0
2022-05-27 00:00:00-04:00,16.76756377358132,16.901515231701396,16.673009184304824,16.81484031677246,179300,0.0,0.0
2022-05-31 00:00:00-04:00,16.696647555128614,16.885755223400306,16.546936754161553,16.791200637817383,464700,0.0,0.0
2022-06-01 00:00:00-04:00,16.743923956789587,16.830598867609684,16.16084160875927,16.507539749145508,326300,0.0,0.0
2022-06-02 00:00:00-04:00,16.507537847889417,16.70452516586951,16.255392818443962,16.66512680053711,249500,0.0,0.0
2022-06-03 00:00:00-04:00,16.720281149253914,16.720281149253914,16.310548715630688,16.405101776123047,235200,0.0,0.0
2022-06-06 00:00:00-04:00,16.546936297210884,16.57057531867735,16.32630993887286,16.41298484802246,142300,0.0,0.0
2022-06-07 00:00:00-04:00,16.342066748977775,16.720282016348627,16.22387466578612,16.71240234375,175800,0.0,0.0
2022-06-08 00:00:00-04:00,16.688766736055403,16.688766736055403,16.381466984059827,16.5548152923584,237800,0.0,0.0
2022-06-09 00:00:00-04:00,16.54693637482621,16.60997226280502,16.247516282650384,16.47602081298828,352900,0.0,0.0
2022-06-10 00:00:00-04:00,16.24751563691134,16.444502966877852,16.097804845326454,16.29479217529297,176000,0.0,0.0
2022-06-13 00:00:00-04:00,15.955972535833508,16.003249070684934,15.412287124913322,15.459565162658691,308600,0.0,0.0
2022-06-14 00:00:00-04:00,15.506840187462311,15.577755734280702,15.136503108989869,15.286213874816895,237800,0.0,0.0
2022-06-15 00:00:00-04:00,15.388650107961489,15.892937170447011,15.341372068682974,15.672310829162598,230600,0.0,0.0
2022-06-16 00:00:00-04:00,15.357131727185589,15.357131727185589,14.774049423614231,14.844964981079102,303400,0.0,0.0
2022-06-17 00:00:00-04:00,14.860724395219925,15.34925212342229,14.860724395219925,15.231060028076172,744900,0.0,0.0
2022-06-21 00:00:00-04:00,15.420169841551923,15.514724432812196,15.002557612629177,15.144387245178223,189200,0.0,0.0
2022-06-22 00:00:00-04:00,14.971034248673547,15.459563395956154,14.931637391281916,15.26257610321045,197900,0.0,0.0
2022-06-23 00:00:00-04:00,15.254701245098367,15.569880712374314,15.168026328012138,15.483205795288086,200500,0.0,0.0
2022-06-24 00:00:00-04:00,15.48320191946539,16.026887303727605,15.443805059503234,15.908695220947266,288600,0.0,0.0
2022-06-27 00:00:00-04:00,15.932333568564435,16.16871924937508,15.82202115258917,15.892936706542969,128500,0.0,0.0
2022-06-28 00:00:00-04:00,16.082045693303158,16.326309564614117,15.885058360947271,15.932334899902344,150600,0.0,0.0
2022-06-29 00:00:00-04:00,15.829900116512182,15.829900116512182,15.640792482070628,15.758984565734863,203200,0.0,0.0
2022-06-30 00:00:00-04:00,15.577760008197476,15.93233633667725,15.38865233242942,15.71959114074707,166800,0.0,0.0
2022-07-01 00:00:00-04:00,15.640794877543936,16.145081979955737,15.625035529870038,16.08992576599121,183800,0.0,0.0
2022-07-05 00:00:00-04:00,16.011127675525263,16.47601782875052,15.688068620286533,16.46025848388672,269200,0.0,0.0
2022-07-06 00:00:00-04:00,16.357829165177037,16.499660292791805,15.995371672062166,16.145082473754883,155700,0.0,0.0
2022-07-07 00:00:00-04:00,16.145079232633552,16.30266967676797,16.050526168467986,16.105682373046875,190300,0.0,0.0
2022-07-08 00:00:00-04:00,16.08992318140338,16.231754281897338,15.869296858091236,15.908695220947266,133800,0.0,0.0
2022-07-11 00:00:00-04:00,15.861418180133011,16.019008635651314,15.585637137316926,15.69594955444336,151500,0.0,0.0
2022-07-12 00:00:00-04:00,15.70382906363082,16.011128795501318,15.640793182660104,15.892936706542969,152500,0.0,0.0
2022-07-13 00:00:00-04:00,15.703827352184076,15.790502242657972,15.522599402005739,15.64867115020752,105900,0.0,0.0
2022-07-14 00:00:00-04:00,15.349254333834027,15.585640061461675,15.278338765835157,15.483205795288086,160800,0.0,0.0
2022-07-15 00:00:00-04:00,15.822022140821872,16.003250122070312,15.625034812622948,16.003250122070312,193200,0.0,0.0
2022-07-18 00:00:00-04:00,16.152958637541264,16.302669406699483,15.829899585021947,15.916574478149414,315900,0.0,0.0
2022-07-19 00:00:00-04:00,16.074165255077965,16.420863364343628,15.987491854932053,16.33418846130371,248700,0.0,0.0
2022-07-20 00:00:00-04:00,16.239632232685157,16.326305615991256,16.12931833127802,16.192354202270508,271700,0.0,0.0
2022-07-21 00:00:00-04:00,16.192357776793994,16.192357776793994,15.790504949814947,16.003250122070312,305700,0.0,0.0
2022-07-22 00:00:00-04:00,15.978950356254721,16.14092715992272,15.776480124032359,15.930357933044434,358900,0.55,0.0
2022-07-25 00:00:00-04:00,15.954657959527758,16.28670908011577,15.906063982325431,16.100435256958008,241400,0.0,0.0
2022-07-26 00:00:00-04:00,16.035645161808883,16.286709415006612,15.987052728332966,16.132831573486328,156200,0.0,0.0
2022-07-27 00:00:00-04:00,16.0923379493942,16.31100466985786,16.027547523937265,16.278610229492188,227700,0.0,0.0
2022-07-28 00:00:00-04:00,16.327202145563742,16.472980984408593,16.270510718174197,16.391992568969727,184100,0.0,0.0
2022-07-29 00:00:00-04:00,16.456780590874903,16.950808462706632,16.37579218725449,16.829326629638672,281500,0.0,0.0
2022-08-01 00:00:00-04:00,16.699746750221234,16.837426580778057,16.570164370233577,16.66735076904297,217900,0.0,0.0
2022-08-02 00:00:00-04:00,16.675451778506613,16.7159452151451,16.262412236946556,16.278610229492188,164700,0.0,0.0
2022-08-03 00:00:00-04:00,16.416289344035047,16.553969185077207,16.246213519347425,16.25431251525879,175700,0.0,0.0
2022-08-04 00:00:00-04:00,16.262411879859073,16.27860987204903,15.808878911619136,15.96275520324707,246700,0.0,0.0
2022-08-05 00:00:00-04:00,15.889866327637048,15.954656747593015,15.695493523043684,15.841272354125977,241300,0.0,0.0
2022-08-08 00:00:00-04:00,15.97085245895019,16.246212117270485,15.865568610639672,15.978951454162598,307300,0.0,0.0
2022-08-09 00:00:00-04:00,16.00324898257923,16.059940406263486,15.582110485602698,15.671197891235352,239000,0.0,0.0
2022-08-10 00:00:00-04:00,15.88986576301148,16.12473044773421,15.841271791227133,15.995149612426758,231200,0.0,0.0
2022-08-11 00:00:00-04:00,16.076137962761013,16.440583481478274,16.05184097695637,16.383892059326172,220600,0.0,0.0
2022-08-12 00:00:00-04:00,16.521570830568685,16.667349646602794,16.391990004032873,16.651151657104492,158400,0.0,0.0
2022-08-15 00:00:00-04:00,16.448683814505213,16.586363655811457,16.254312546436196,16.537771224975586,187800,0.0,0.0
2022-08-16 00:00:00-04:00,16.56206992630882,16.84552708944986,16.45678451309156,16.683551788330078,189900,0.0,0.0
2022-08-17 00:00:00-04:00,16.659251347037973,16.659251347037973,16.19761944014976,16.359596252441406,191400,0.0,0.0
2022-08-18 00:00:00-04:00,16.529672935047113,16.529672935047113,16.254313240673742,16.278610229492188,153400,0.0,0.0
2022-08-19 00:00:00-04:00,16.092337108643004,16.294807370708476,15.88176785072785,16.043743133544922,177300,0.0,0.0
2022-08-22 00:00:00-04:00,15.873668736086593,15.873668736086593,15.282455946013911,15.35534381866455,198300,0.0,0.0
2022-08-23 00:00:00-04:00,15.282455975187705,15.557814108914272,15.25005999196958,15.322949409484863,183300,0.0,0.0
2022-08-24 00:00:00-04:00,15.225763137232908,15.241961128983121,15.023292874531803,15.055688858032227,253500,0.0,0.0
2022-08-25 00:00:00-04:00,15.047592218580725,15.37964337783106,14.99090078330273,15.290555953979492,257100,0.0,0.0
2022-08-26 00:00:00-04:00,15.274357327972378,15.274357327972378,14.869416796857314,14.87751579284668,211500,0.0,0.0
2022-08-29 00:00:00-04:00,14.739837481881846,14.820824360738603,14.594058628378564,14.723639488220215,215500,0.0,0.0
2022-08-30 00:00:00-04:00,14.82081923976577,14.853215215895393,14.440175788593702,14.464472770690918,222500,0.0,0.0
2022-08-31 00:00:00-04:00,14.50497110824134,14.634551967192102,14.22961139678955,14.22961139678955,241200,0.0,0.0
2022-09-01 00:00:00-04:00,14.172916997535136,14.20531297785482,13.897557343719281,13.986644744873047,259900,0.0,0.0
2022-09-02 00:00:00-04:00,14.083829157182926,14.36728779723916,14.002842298359987,14.221508979797363,270800,0.0,0.0
2022-09-06 00:00:00-04:00,14.32679436782769,14.334893362655047,13.954248329395844,14.221508979797363,393100,0.0,0.0
2022-09-07 00:00:00-04:00,14.172920223355328,14.521169367428174,14.132426783464599,14.456378936767578,237500,0.0,0.0
2022-09-08 00:00:00-04:00,14.440179896123851,14.602156733396177,14.229610625560069,14.529267311096191,206900,0.0,0.0
2022-09-09 00:00:00-04:00,14.513067719740661,14.666945543726438,14.440178305469788,14.594056129455566,264800,0.0,0.0
2022-09-12 00:00:00-04:00,14.80462604200423,14.974700319794175,14.715538632842543,14.84511947631836,253800,0.0,0.0
2022-09-13 00:00:00-04:00,14.715538244954052,14.723637240548495,14.172917897929999,14.213411331176758,283600,0.0,0.0
2022-09-14 00:00:00-04:00,14.205314697709607,14.205314697709607,13.954250454011497,14.164819717407227,370200,0.0,0.0
2022-09-15 00:00:00-04:00,14.08383193884423,14.318698201049466,13.759879805393577,13.816571235656738,287600,0.0,0.0
2022-09-16 00:00:00-04:00,13.88136048517468,14.229609578373893,13.73558165130287,14.156720161437988,1075400,0.0,0.0
2022-09-19 00:00:00-04:00,13.873262362836552,14.197216033935547,13.743681512287191,14.197216033935547,226000,0.0,0.0
2022-09-20 00:00:00-04:00,14.027140254601225,14.027140254601225,13.751780559972515,14.00284481048584,184900,0.0,0.0
2022-09-21 00:00:00-04:00,14.108127067834873,14.148620499904656,13.735581004946136,13.743680000305176,284800,0.0,0.0
2022-09-22 00:00:00-04:00,13.72748571463952,13.743682163181056,13.387335579656707,13.403532028198242,284100,0.0,0.0
2022-09-23 00:00:00-04:00,13.241555356932642,13.241555356932642,12.480266744280554,12.812317848205566,323800,0.0,0.0
2022-09-26 00:00:00-04:00,12.65034107299225,12.65034107299225,11.662286040973685,11.783768653869629,558200,0.0,0.0
2022-09-27 00:00:00-04:00,11.872856596179664,11.872856596179664,11.297840994273693,11.354533195495605,565300,0.0,0.0
2022-09-28 00:00:00-04:00,11.338334215894474,11.718978509403923,11.257345805407281,11.548903465270996,476800,0.0,0.0
2022-09-29 00:00:00-04:00,11.443619755813929,11.492212188102364,10.917196590270656,10.965789794921875,741100,0.0,0.0
2022-09-30 00:00:00-04:00,11.022480904869363,11.427421433264659,10.981987469920044,11.378829002380371,437500,0.0,0.0
2022-10-03 00:00:00-04:00,11.589399316256468,11.646090748230282,11.208754968693972,11.322137832641602,317500,0.0,0.0
2022-10-04 00:00:00-04:00,11.451718930526155,11.921449902572762,11.443619934230883,11.581299781799316,419800,0.0,0.0
2022-10-05 00:00:00-04:00,11.467914225297111,11.467914225297111,10.658033268455647,10.925293922424316,458000,0.0,0.0
2022-10-06 00:00:00-04:00,10.860503550596986,10.868602545564457,10.36647644302139,10.536551475524902,392200,0.0,0.0
2022-10-07 00:00:00-04:00,10.42316797894339,10.439365969058404,9.985832286552851,10.091116905212402,325400,0.0,0.0
2022-10-10 00:00:00-04:00,10.09111753880193,10.180204172939936,9.888647283827865,10.042524337768555,321300,0.0,0.0
2022-10-11 00:00:00-04:00,9.98583326378935,10.415070003128472,9.85625241963888,10.374576568603516,482100,0.0,0.0
2022-10-12 00:00:00-04:00,10.423169436957657,10.593244495142352,10.18830395397525,10.487959861755371,381500,0.0,0.0
2022-10-13 00:00:00-04:00,10.479860859012037,11.305939933210526,10.269292364732529,11.249248504638672,562500,0.0,0.0
2022-10-14 00:00:00-04:00,11.33023634076584,11.73517688851898,11.33023634076584,11.403125762939453,511300,0.0,0.0
2022-10-17 00:00:00-04:00,11.710880430138097,11.913350699834563,11.637991009469324,11.74327564239502,504100,0.0,0.0
2022-10-18 00:00:00-04:00,12.140117134691602,12.221105551175464,11.856659221723644,11.937646865844727,536300,0.0,0.0
2022-10-19 00:00:00-04:00,11.945745912091486,12.010536336605332,11.613694793367328,11.74327564239502,490900,0.0,0.0
2022-10-20 00:00:00-04:00,11.880955806520547,12.067228088907617,11.759473950386614,11.791869163513184,581400,0.0,0.0
2022-10-21 00:00:00-04:00,11.783452307727412,12.002288043229365,11.581450460810528,11.960204124450684,430100,0.55,0.0
2022-10-24 00:00:00-04:00,12.128538900096949,12.204289792757294,11.876036192123795,12.120121955871582,347400,0.0,0.0
2022-10-25 00:00:00-04:00,12.061203709107899,12.742960870131892,12.061203709107899,12.633543014526367,423400,0.0,0.0
2022-10-26 00:00:00-04:00,12.73454405523094,12.827128025053891,12.507291398369274,12.53254222869873,355700,0.0,0.0
2022-10-27 00:00:00-04:00,12.473624876219745,12.82712848671604,12.465208735157594,12.61670970916748,240100,0.0,0.0
2022-10-28 00:00:00-04:00,12.136955607379377,12.860795940266243,12.136955607379377,12.85237979888916,524200,0.0,0.0
2022-10-31 00:00:00-04:00,12.843962307963563,12.902879308514427,12.5998765593735,12.877629280090332,402900,0.0,0.0
2022-11-01 00:00:00-04:00,13.003880634527743,13.130132385993113,12.869212741778513,12.90287971496582,381600,0.0,0.0
2022-11-02 00:00:00-04:00,12.970213796833223,13.180632582123012,12.726128038004425,12.801878929138184,317000,0.0,0.0
2022-11-03 00:00:00-04:00,12.69246059751439,12.801878458161715,12.364207015572422,12.61670970916748,431500,0.0,0.0
2022-11-04 00:00:00-04:00,12.869213336168897,13.012298179494602,12.532543588746059,12.987048149108887,430300,0.0,0.0
2022-11-07 00:00:00-05:00,13.045965374276435,13.21430025082707,12.692461732178094,13.003881454467773,390500,0.0,0.0
2022-11-08 00:00:00-05:00,13.08804883011412,13.08804883011412,12.692461282230688,12.81871223449707,359100,0.0,0.0
2022-11-09 00:00:00-05:00,12.793462209300158,12.818712239225952,12.38945851975151,12.490459442138672,337000,0.0,0.0
2022-11-10 00:00:00-05:00,12.827128572241456,13.222716101421845,12.793461599716569,13.15538215637207,518300,0.0,0.0
2022-11-11 00:00:00-05:00,13.290049209706202,13.290049209706202,12.944962562382392,13.054380416870117,528800,0.0,0.0
2022-11-14 00:00:00-05:00,12.987047779680386,13.01229780934784,12.540959373679527,12.641961097717285,541500,0.0,0.0
2022-11-15 00:00:00-05:00,12.894462566357047,13.096465204958974,12.482041950686847,12.515708923339844,494000,0.0,0.0
2022-11-16 00:00:00-05:00,12.625127336062958,12.625127336062958,12.086454947424706,12.111705780029297,264700,0.0,0.0
2022-11-17 00:00:00-05:00,12.120120469777175,12.204288296342748,11.842367765868223,12.195871353149414,359700,0.0,0.0
2022-11-18 00:00:00-05:00,12.515709430244822,12.667211214661329,12.271623667953767,12.43154239654541,698100,0.0,0.0
2022-11-21 00:00:00-05:00,12.322123275651101,12.549375126452535,12.271622418426398,12.524125099182129,300100,0.0,0.0
2022-11-22 00:00:00-05:00,12.641961222397725,12.84396306709753,12.490459437530884,12.81871223449707,283900,0.0,0.0
2022-11-23 00:00:00-05:00,12.583042084404887,12.62512599826923,12.24637237885793,12.473624229431152,383500,0.0,0.0
2022-11-25 00:00:00-05:00,12.515708607859862,12.692460410503749,12.515708607859862,12.608292579650879,119800,0.0,0.0
2022-11-28 00:00:00-05:00,12.608292124311443,12.742960809349357,12.406290300780416,12.524125099182129,275200,0.0,0.0
2022-11-29 00:00:00-05:00,12.52412491221602,12.928128553246918,12.456790972044205,12.83554458618164,254800,0.0,0.0
2022-11-30 00:00:00-05:00,12.793462211772045,13.062798807540496,12.53254336289246,12.869213104248047,535900,0.0,0.0
2022-12-01 00:00:00-05:00,13.029130886897292,13.180632670176927,12.549376310090414,12.591460227966309,622700,0.0,0.0
2022-12-02 00:00:00-05:00,12.431542438083822,12.55779339039678,12.263206764754575,12.490459442138672,439600,0.0,0.0
2022-12-05 00:00:00-05:00,12.540957933027665,12.540957933027665,12.061203411038338,12.086453437805176,318300,0.0,0.0
2022-12-06 00:00:00-05:00,12.052787096367874,12.111704898807874,11.81711829465963,11.901286125183105,358800,0.0,0.0
2022-12-07 00:00:00-05:00,11.90970158297783,12.170621200487776,11.70769976452851,11.977035522460938,365100,0.0,0.0
2022-12-08 00:00:00-05:00,12.044372450756649,12.263207392454715,11.960204609783839,12.153789520263672,240200,0.0,0.0
2022-12-09 00:00:00-05:00,12.061203411038338,12.263205230540803,12.01070335750466,12.086453437805176,297200,0.0,0.0
2022-12-12 00:00:00-05:00,12.128538131713867,12.18745513219089,11.90970241182217,12.128538131713867,279100,0.0,0.0
2022-12-13 00:00:00-05:00,12.347372931125765,12.768210452152045,12.128537227547971,12.187454223632812,892100,0.0,0.0
2022-12-14 00:00:00-05:00,12.212705658767835,12.406290542756501,12.120120885830724,12.271622657775879,375100,0.0,0.0
2022-12-15 00:00:00-05:00,12.111704640247826,12.246372524063368,12.078037669293941,12.103287696838379,280500,0.0,0.0
2022-12-16 00:00:00-05:00,11.842368564302081,11.9433694813801,11.455197980827698,11.598282814025879,996600,0.0,0.0
2022-12-19 00:00:00-05:00,11.547781867584868,11.707699773306175,11.31211227653343,11.387863159179688,337300,0.0,0.0
2022-12-20 00:00:00-05:00,11.32052918441596,11.556197972050109,11.219528275429896,11.379446983337402,302300,0.0,0.0
2022-12-21 00:00:00-05:00,11.480449313402042,11.783452077866668,11.472032369273698,11.514116287231445,363300,0.0,0.0
2022-12-22 00:00:00-05:00,11.421530919655696,11.488864863850795,11.143778199179932,11.480448722839355,303600,0.0,0.0
2022-12-23 00:00:00-05:00,11.42994718293795,11.6403659466926,11.42994718293795,11.556198120117188,163200,0.0,0.0
2022-12-27 00:00:00-05:00,11.539365822845307,11.682450656164722,11.463614934301622,11.648783683776855,182700,0.0,0.0
2022-12-28 00:00:00-05:00,11.665617018496972,11.80870185488115,11.312113399510643,11.345780372619629,233000,0.0,0.0
2022-12-29 00:00:00-05:00,11.328947882133575,11.573033650658282,11.21111306872427,11.429948806762695,296000,0.0,0.0
2022-12-30 00:00:00-05:00,11.36261436054889,11.47203222478736,11.13536168804961,11.236363410949707,279800,0.0,0.0
2023-01-03 00:00:00-05:00,11.665616260160544,12.111704628211076,11.58986617760251,12.052786827087402,830800,0.0,0.0
2023-01-04 00:00:00-05:00,12.16220540279554,12.768211717899936,12.120121485984242,12.684043884277344,546900,0.0,0.0
2023-01-05 00:00:00-05:00,12.717712099706903,12.717712099706903,12.322125330010257,12.482043266296387,392900,0.0,0.0
2023-01-06 00:00:00-05:00,12.59987638812541,12.919713020324707,12.515708557610466,12.919713020324707,290600,0.0,0.0
2023-01-09 00:00:00-05:00,13.079631712838106,13.079631712838106,12.810295923469013,12.911296844482422,295100,0.0,0.0
2023-01-10 00:00:00-05:00,12.919714718949214,13.247967535210037,12.835546877368271,13.239550590515137,459200,0.0,0.0
2023-01-11 00:00:00-05:00,13.357384116294302,13.769805536931583,13.357384116294302,13.752971649169922,305600,0.0,0.0
2023-01-12 00:00:00-05:00,13.954972758014486,14.417893409729004,13.887638815849323,14.417893409729004,478500,0.0,0.0
2023-01-13 00:00:00-05:00,14.232727643026012,14.56939740525117,14.21589375357274,14.316895484924316,503600,0.0,0.0
2023-01-17 00:00:00-05:00,14.333727232914226,14.847147941589355,14.333727232914226,14.847147941589355,547500,0.0,0.0
2023-01-18 00:00:00-05:00,14.931317656729627,14.973402379390613,14.089642467926144,14.358978271484375,805100,0.0,0.0
2023-01-19 00:00:00-05:00,14.3589759560784,14.3589759560784,13.980223145412092,14.01388931274414,645800,0.0,0.0
2023-01-20 00:00:00-05:00,14.022595139265299,14.179272439625072,13.491633545870423,13.952960968017578,589100,0.55,0.0
2023-01-23 00:00:00-05:00,13.926848348104086,14.301132663092934,13.726650301550416,14.083525657653809,296500,0.0,0.0
2023-01-24 00:00:00-05:00,14.066115873716525,14.14445452389641,13.848508881041194,13.952960968017578,192400,0.0,0.0
2023-01-25 00:00:00-05:00,13.874619965938809,14.144452972506544,13.7179435128684,14.118339538574219,256700,0.0,0.0
2023-01-26 00:00:00-05:00,14.118341821361916,14.318541526794434,13.952961693678542,14.318541526794434,204500,0.0,0.0
2023-01-27 00:00:00-05:00,14.362059166316495,14.75375235311795,14.214086369103649,14.658004760742188,282000,0.0,0.0
2023-01-30 00:00:00-05:00,14.623187745350533,14.640596701431074,14.466512121253944,14.553553581237793,179500,0.0,0.0
2023-01-31 00:00:00-05:00,14.727642836901218,14.962658811476448,14.55355656087295,14.936545372009277,510800,0.0,0.0
2023-02-01 00:00:00-05:00,14.753754781512677,15.04970042464955,14.518738830749347,14.875614166259766,327800,0.0,0.0
2023-02-02 00:00:00-05:00,14.97136175831979,15.432687520201057,14.97136175831979,15.284714698791504,395400,0.0,0.0
2023-02-03 00:00:00-05:00,15.084517406890384,15.223785756227551,14.797276228856267,15.058403968811035,372300,0.0,0.0
2023-02-06 00:00:00-05:00,14.8930248130379,15.049702131314293,14.379472118780747,14.544852256774902,287300,0.0,0.0
2023-02-07 00:00:00-05:00,14.414286787372061,14.710232431406126,14.283722923288703,14.388175010681152,295500,0.0,0.0
2023-02-08 00:00:00-05:00,14.283722904846355,14.370766034192744,14.161863519887175,14.205384254455566,325600,0.0,0.0
2023-02-09 00:00:00-05:00,14.36206151657174,14.388174953368235,13.918143052288917,13.952960968017578,272300,0.0,0.0
2023-02-10 00:00:00-05:00,13.85721352325424,14.13575021152715,13.822396437220126,14.074820518493652,226300,0.0,0.0
2023-02-13 00:00:00-05:00,14.27501692478684,14.553553581237793,14.19667828263383,14.553553581237793,320100,0.0,0.0
2023-02-14 00:00:00-05:00,14.5274430575888,14.62318900385302,14.318540547271994,14.396879196166992,322600,0.0,0.0
2023-02-15 00:00:00-05:00,14.370767557734665,14.501331435491402,14.196681280585828,14.449106216430664,361900,0.0,0.0
2023-02-16 00:00:00-05:00,15.093220853332108,15.754746297516407,14.840795949802366,15.293418884277344,872900,0.0,0.0
2023-02-17 00:00:00-05:00,15.380460541156305,15.415276792674232,15.06710597644791,15.336939811706543,407300,0.0,0.0
2023-02-21 00:00:00-05:00,15.258604668946218,15.267309148873771,14.43169733813628,14.544852256774902,452300,0.0,0.0
2023-02-22 00:00:00-05:00,14.692823290243807,14.893022983565253,14.51003421484852,14.675415992736816,453100,0.0,0.0
2023-02-23 00:00:00-05:00,14.76245909598101,14.971363291298838,14.658008658531864,14.936545372009277,636200,0.0,0.0
2023-02-24 00:00:00-05:00,14.74504852294922,14.805978207968982,14.55355332979065,14.745048522949219,696600,0.0,0.0
2023-02-27 00:00:00-05:00,14.858204647032995,15.075811631694192,14.666711098206575,14.81468391418457,623800,0.0,0.0
2023-02-28 00:00:00-05:00,14.823389026195425,14.901727676837607,14.309836387634277,14.309836387634277,931500,0.0,0.0
2023-03-01 00:00:00-05:00,14.222793680757741,14.510034854913647,14.100934291785435,14.501330375671387,360300,0.0,0.0
2023-03-02 00:00:00-05:00,14.501330795464312,14.692824363708496,14.396880361952833,14.692824363708496,329400,0.0,0.0
2023-03-03 00:00:00-05:00,14.884317637764045,14.98006357920928,14.70152691280589,14.771161079406738,311900,0.0,0.0
2023-03-06 00:00:00-05:00,14.840794972480577,14.849499450671438,14.631892476528266,14.701526641845703,392200,0.0,0.0
2023-03-07 00:00:00-05:00,13.961666600402326,14.214089869450836,12.38619064792301,13.099942207336426,2172500,0.0,0.0
2023-03-08 00:00:00-05:00,13.099940910551771,13.22180029318732,12.90844652770404,13.134757995605469,554700,0.0,0.0
2023-03-09 00:00:00-05:00,13.065124740330683,13.065124740330683,12.65602333972547,12.699544906616211,707300,0.0,0.0
2023-03-10 00:00:00-05:00,12.664727595403239,12.664727595403239,11.942272420135524,12.090245246887207,796500,0.0,0.0
2023-03-13 00:00:00-04:00,11.890045852825308,12.029314194218111,11.602804691176452,11.820411682128906,588700,0.0,0.0
2023-03-14 00:00:00-04:00,12.098948769704178,12.360077333604554,11.65503112418884,11.759482383728027,659000,0.0,0.0
2023-03-15 00:00:00-04:00,11.550579607674749,11.733368685223056,11.1675908344469,11.559283256530762,742300,0.0,0.0
2023-03-16 00:00:00-04:00,11.507057142526053,11.507057142526053,10.506064553191559,10.915165901184082,1106600,0.0,0.0
2023-03-17 00:00:00-04:00,10.819419965750576,10.862940700299546,10.105668463701194,10.636630058288574,2460300,0.0,0.0
2023-03-20 00:00:00-04:00,10.680152245298576,10.993506034876916,10.506065976539093,10.54088306427002,701100,0.0,0.0
2023-03-21 00:00:00-04:00,10.749786930138262,10.984802075931979,10.58440513300112,10.81071662902832,665200,0.0,0.0
2023-03-22 00:00:00-04:00,10.73237644257487,10.749785399839407,10.157894134521484,10.157894134521484,627700,0.0,0.0
2023-03-23 00:00:00-04:00,10.236232100424123,10.31457074268883,9.444142859933812,9.531185150146484,990500,0.0,0.0
2023-03-24 00:00:00-04:00,9.374509066508166,9.957695007324219,9.235239902470942,9.957695007324219,682000,0.0,0.0
2023-03-27 00:00:00-04:00,10.018626269331076,10.314571915947672,9.792314794847229,9.86194896697998,544100,0.0,0.0
2023-03-28 00:00:00-04:00,9.76620194676637,9.94028737280133,9.635637254661559,9.8445405960083,400900,0.0,0.0
2023-03-29 00:00:00-04:00,9.931583056108902,10.14048557076124,9.861948884558123,10.096964836120605,422700,0.0,0.0
2023-03-30 00:00:00-04:00,10.236232659524212,10.40161360103465,10.16659849150879,10.288457870483398,343200,0.0,0.0
2023-03-31 00:00:00-04:00,10.41031977228511,10.714969929467397,10.34068559294714,10.706265449523926,754300,0.0,0.0
2023-04-03 00:00:00-04:00,10.79330775864394,11.089253435882755,10.610517830355546,10.706265449523926,560500,0.0,0.0
2023-04-04 00:00:00-04:00,10.810715318929825,10.810715318929825,10.288458211403782,10.38420581817627,480700,0.0,0.0
2023-04-05 00:00:00-04:00,10.358091354370117,10.462543429599187,10.210118549584426,10.358091354370117,300200,0.0,0.0
2023-04-06 00:00:00-04:00,10.462544843511683,10.601813189164947,10.23623336677272,10.271050453186035,478200,0.0,0.0
2023-04-10 00:00:00-04:00,10.331980612551751,10.34938957159545,9.731385637326667,10.053443908691406,681000,0.0,0.0
2023-04-11 00:00:00-04:00,8.112388591429788,8.512785499553415,7.36382081976597,7.5988359451293945,5843200,0.0,0.0
2023-04-12 00:00:00-04:00,7.703288710164851,7.74680944934717,7.215848628336912,7.224553108215332,2625000,0.0,0.0
2023-04-13 00:00:00-04:00,7.172326163633605,7.224552206279168,6.954719174469201,7.067874908447266,2374700,0.0,0.0
2023-04-14 00:00:00-04:00,7.093987572842924,7.189735180126842,6.67618254867424,6.771929740905762,2335600,0.0,0.0
2023-04-17 00:00:00-04:00,6.789338485151969,6.832859635602133,6.423758663098067,6.676182746887207,2246100,0.0,0.0
2023-04-18 00:00:00-04:00,6.728407892345072,6.737111955787878,6.275785386904949,6.4063496589660645,1981000,0.0,0.0
2023-04-19 00:00:00-04:00,6.354124935458659,6.676183214570997,6.267081798355918,6.6500701904296875,1627300,0.0,0.0
2023-04-20 00:00:00-04:00,6.536914771049187,6.6239574919245054,6.336716305509736,6.371533393859863,1425700,0.0,0.0
2023-04-21 00:00:00-04:00,6.398568901019176,6.434617142623762,6.10117069291687,6.25437593460083,1565100,0.25,0.0
2023-04-24 00:00:00-04:00,6.2543759876528515,6.335484746815634,6.119194865624526,6.245363712310791,980700,0.0,0.0
2023-04-25 00:00:00-04:00,6.137218542809812,6.2003031764558925,5.884880867683312,5.902904987335205,951000,0.0,0.0
2023-04-26 00:00:00-04:00,5.875869120611969,6.011050245004104,5.785748514260195,5.893893241882324,887300,0.0,0.0
2023-04-27 00:00:00-04:00,5.866857104797768,6.101170674521095,5.731675984323689,5.857844829559326,1200500,0.0,0.0
2023-04-28 00:00:00-04:00,5.884880594737492,6.245362971055868,5.812783689744927,5.875868320465088,989300,0.0,0.0
2023-05-01 00:00:00-04:00,5.86685696176824,5.893892927366577,5.506374125868638,5.587482452392578,1089600,0.0,0.0
2023-05-02 00:00:00-04:00,5.560446304486554,5.632542783356897,5.281072233999522,5.380204677581787,1043400,0.0,0.0
2023-05-03 00:00:00-04:00,5.389216941906808,5.731675645609089,5.344156427835331,5.497361660003662,1463000,0.0,0.0
2023-05-04 00:00:00-04:00,5.380204677296468,5.677603297214225,5.326132318146578,5.668591022491455,901800,0.0,0.0
2023-05-05 00:00:00-04:00,5.767723607569575,5.929940676912844,5.63254250158574,5.875868320465088,900800,0.0,0.0
2023-05-08 00:00:00-04:00,5.911916875138153,5.92994099492066,5.632542803644839,5.722663402557373,970600,0.0,0.0
2023-05-09 00:00:00-04:00,5.632542783058195,5.758711621074604,5.515385790035646,5.668591022491455,1060900,0.0,0.0
2023-05-10 00:00:00-04:00,5.776735594156741,5.812783832674966,5.542422043788282,5.5694580078125,729900,0.0,0.0
2023-05-11 00:00:00-04:00,5.49736226744598,5.614519273194197,5.3892175373994515,5.596495151519775,821500,0.0,0.0
2023-05-12 00:00:00-04:00,5.614519273194197,5.659579792244728,5.452302178124405,5.596495151519775,807700,0.0,0.0
2023-05-15 00:00:00-04:00,5.569457629340582,5.614518139290731,5.371192330963445,5.443288803100586,1129200,0.0,0.0
2023-05-16 00:00:00-04:00,5.425264863055793,5.542421848986713,5.344156114376097,5.362180233001709,1100500,0.0,0.0
2023-05-17 00:00:00-04:00,5.389217416583443,5.893893241882324,5.362181019813437,5.893893241882324,1193600,0.0,0.0
2023-05-18 00:00:00-04:00,5.8848810391272375,6.002037605413203,5.803772283466327,5.938953399658203,1342800,0.0,0.0
2023-05-19 00:00:00-04:00,6.020061725590192,6.173266961959055,5.875868764174282,5.938953399658203,1237900,0.0,0.0
2023-05-22 00:00:00-04:00,5.947965632733787,6.236352004099461,5.92092966556982,6.173267364501953,1226300,0.0,0.0
2023-05-23 00:00:00-04:00,6.218327526854297,6.858184442833341,6.209315251829472,6.389556884765625,1944700,0.0,0.0
2023-05-24 00:00:00-04:00,6.326472080078822,6.39856855943921,6.047098007692862,6.065122127532959,1119200,0.0,0.0
2023-05-25 00:00:00-04:00,6.020061934440559,6.164255330587804,5.956977726497017,6.083146572113037,1014500,0.0,0.0
2023-05-26 00:00:00-04:00,6.002037502027076,6.254375609887272,5.902905057625673,6.236351490020752,762100,0.0,0.0
2023-05-30 00:00:00-04:00,6.191291153672655,6.641894593032742,6.191291153672655,6.614858627319336,1025100,0.0,0.0
2023-05-31 00:00:00-04:00,6.605845628973396,6.677942102620378,6.470664526020867,6.5247368812561035,2415200,0.0,0.0
2023-06-01 00:00:00-04:00,6.560786065394442,6.569797910446827,6.254375598492912,6.353508472442627,1279600,0.0,0.0
2023-06-02 00:00:00-04:00,6.5067140287793475,6.975341628388977,6.470665784942373,6.939293384552002,1239200,0.0,0.0
2023-06-05 00:00:00-04:00,6.930280496373439,6.939292341113119,6.713990636145435,6.723002910614014,774900,0.0,0.0
2023-06-06 00:00:00-04:00,6.723003311769135,7.002377391031578,6.632882710350431,6.957316875457764,980400,0.0,0.0
2023-06-07 00:00:00-04:00,7.029413737474933,7.597174167060838,7.002377342372733,7.416932106018066,1937400,0.0,0.0
2023-06-08 00:00:00-04:00,7.407920624938694,7.407920624938694,7.047437795231816,7.26372766494751,1191500,0.0,0.0
2023-06-09 00:00:00-04:00,7.362859895733026,7.362859895733026,6.957316562970422,7.1105217933654785,625300,0.0,0.0
2023-06-12 00:00:00-04:00,7.065462130845867,7.380884025587784,6.966329252962253,7.119534492492676,700900,0.0,0.0
2023-06-13 00:00:00-04:00,7.1826186995494865,7.398908575865652,7.029413889747995,7.119534492492676,832400,0.0,0.0
2023-06-14 00:00:00-04:00,7.146570439821062,7.3087875243386,6.993365630418963,7.065462112426758,1251000,0.0,0.0
2023-06-15 00:00:00-04:00,7.011389693754433,7.353847980499267,6.984353298357482,7.353847980499268,1139100,0.0,0.0
2023-06-16 00:00:00-04:00,7.398908562279958,7.434956803311639,7.101510358904121,7.407920837402344,3931300,0.0,0.0
2023-06-20 00:00:00-04:00,7.398908397015999,7.398908397015999,7.047437839943179,7.083486080169678,916200,0.0,0.0
2023-06-21 00:00:00-04:00,7.047437991924809,7.092498078315216,6.90324459818029,7.065462112426758,833400,0.0,0.0
2023-06-22 00:00:00-04:00,7.0294138458412805,7.065462086713991,6.587822250557192,6.668931007385254,755100,0.0,0.0
2023-06-23 00:00:00-04:00,6.569798107450661,6.67794282969562,6.38054462865752,6.443629264831543,948500,0.0,0.0
2023-06-26 00:00:00-04:00,6.434616914418305,7.191630820724783,6.434616914418305,7.137558460235596,989500,0.0,0.0
2023-06-27 00:00:00-04:00,7.137558022855591,7.452980750973889,7.020401034110446,7.362859725952148,829500,0.0,0.0
2023-06-28 00:00:00-04:00,7.362860191299493,7.362860191299493,6.957316842257208,7.020401477813721,500500,0.0,0.0
2023-06-29 00:00:00-04:00,7.02941349183107,7.1645941734313965,6.948304739087749,7.1645941734313965,473000,0.0,0.0
2023-06-30 00:00:00-04:00,7.218667918881998,7.2727398549084965,6.83114865304108,6.939293384552002,658300,0.0,0.0
2023-07-03 00:00:00-04:00,6.91225709174406,7.1195346989315365,6.903244816343805,7.092498302459717,450800,0.0,0.0
2023-07-05 00:00:00-04:00,7.128546629145745,7.290764150442641,6.9843536588631245,7.029414176940918,587000,0.0,0.0
2023-07-06 00:00:00-04:00,7.029414409263249,7.029414409263249,6.677943387989813,6.885221004486084,453000,0.0,0.0
2023-07-07 00:00:00-04:00,6.858184529668636,7.236691061196296,6.858184529668636,7.119534492492676,768600,0.0,0.0
2023-07-10 00:00:00-04:00,7.065461960056428,7.14657028570159,6.9392926895347635,7.083486080169678,398900,0.0,0.0
2023-07-11 00:00:00-04:00,7.128545806015692,7.254715070173224,7.065461603665825,7.236690521240234,406500,0.0,0.0
2023-07-12 00:00:00-04:00,7.3178002212698825,7.489030020501892,7.155583127401756,7.182619094848633,558000,0.0,0.0
2023-07-13 00:00:00-04:00,7.191631093098936,7.353848180710272,7.137558730561823,7.335824489593506,645200,0.0,0.0
2023-07-14 00:00:00-04:00,7.353847381128384,7.380883344592858,7.200642155733394,7.308786869049072,404800,0.0,0.0
2023-07-17 00:00:00-04:00,7.308787293345661,7.353847808040869,7.155582488785574,7.3177995681762695,657600,0.0,0.0
2023-07-18 00:00:00-04:00,7.344835402094296,7.840499335977587,7.344835402094296,7.389895915985107,1096700,0.0,0.0
2023-07-19 00:00:00-04:00,7.5250781607306285,7.930621104722445,7.5250781607306285,7.7593913078308105,1231900,0.0,0.0
2023-07-20 00:00:00-04:00,7.75038040596964,7.75038040596964,7.353848851724111,7.480018138885498,1334100,0.0,0.0
2023-07-21 00:00:00-04:00,7.35922143837823,7.424264778008017,7.136214499873834,7.182674407958984,1014600,0.25,0.0
2023-07-24 00:00:00-04:00,7.164091581298295,7.405681986687008,7.154799421092206,7.340638637542725,463900,0.0,0.0
2023-07-25 00:00:00-04:00,7.340638364053461,7.349930080838785,7.080463647945867,7.126923561096191,565800,0.0,0.0
2023-07-26 00:00:00-04:00,7.16409151646983,7.359222448286096,7.16409151646983,7.266303062438965,613600,0.0,0.0
2023-07-27 00:00:00-04:00,7.387097650474904,7.452141881727917,6.829580921904554,6.894624710083008,947900,0.0,0.0
2023-07-28 00:00:00-04:00,6.968960251211268,7.108339544850406,6.903916462693121,6.978252410888672,517000,0.0,0.0
2023-07-31 00:00:00-04:00,6.968960222490985,7.2291349324167875,6.968960222490985,7.154798984527588,735600,0.0,0.0
2023-08-01 00:00:00-04:00,7.071171612416284,7.071171612416284,6.810996908036476,6.829580783843994,824200,0.0,0.0
2023-08-02 00:00:00-04:00,6.764537811064603,6.876041072025251,6.68091014380683,6.848165035247803,542600,0.0,0.0
2023-08-03 00:00:00-04:00,6.783121182345671,6.903916151179577,6.680909645878945,6.857456684112549,549200,0.0,0.0
2023-08-04 00:00:00-04:00,6.857456890482563,7.00612789849046,6.8388730144815755,6.903916358947754,535800,0.0,0.0
2023-08-07 00:00:00-04:00,6.9503762928502395,7.535768610302103,6.922500257221791,7.526477336883545,1243100,0.0,0.0
2023-08-08 00:00:00-04:00,7.396389713453017,7.396389713453017,7.061879503452125,7.173382759094238,756900,0.0,0.0
2023-08-09 00:00:00-04:00,7.173383065392524,7.191966942126394,6.941084384681858,7.034004211425781,626500,0.0,0.0
2023-08-10 00:00:00-04:00,7.015420300408085,7.201259066838609,6.941084350761306,6.950376510620117,546500,0.0,0.0
2023-08-11 00:00:00-04:00,6.885332221896707,7.0618792587497685,6.876040505785776,7.043295383453369,383000,0.0,0.0
2023-08-14 00:00:00-04:00,6.959667607494965,6.987543641513863,6.820288766624067,6.885332107543945,497300,0.0,0.0
2023-08-15 00:00:00-04:00,6.820288455413288,6.820288455413288,6.541529900242226,6.587989807128906,616100,0.0,0.0
2023-08-16 00:00:00-04:00,6.606574533533896,6.662326163145311,6.420735325087946,6.430027484893799,607400,0.0,0.0
2023-08-17 00:00:00-04:00,6.4300273189220505,6.699493743292377,6.4300273189220505,6.550822734832764,714400,0.0,0.0
2023-08-18 00:00:00-04:00,6.457902734432049,6.597282022579228,6.374275516003376,6.402151107788086,536200,0.0,0.0
2023-08-21 00:00:00-04:00,6.411443364230084,6.420735080607572,6.207020287030751,6.29994010925293,561400,0.0,0.0
2023-08-22 00:00:00-04:00,6.346399784088135,6.448611326018384,6.29064815478288,6.346399784088135,507800,0.0,0.0
2023-08-23 00:00:00-04:00,6.364983631949936,6.615866184234619,6.309232002894958,6.615866184234619,456900,0.0,0.0
2023-08-24 00:00:00-04:00,6.597281522661537,6.792412422666378,6.587989807128906,6.587989807128906,473700,0.0,0.0
2023-08-25 00:00:00-04:00,6.615866285405575,6.708785668584811,6.355692012503714,6.4207353591918945,490900,0.0,0.0
2023-08-28 00:00:00-04:00,6.485778920707693,6.764537503509923,6.448611168744003,6.72736930847168,561500,0.0,0.0
2023-08-29 00:00:00-04:00,6.736661578312191,7.1083395471098445,6.680909949453727,7.061879634857178,534300,0.0,0.0
2023-08-30 00:00:00-04:00,7.024711474805753,7.1455068851961165,6.941083814831726,7.052587509155273,496800,0.0,0.0
2023-08-31 00:00:00-04:00,7.0618797000946785,7.117631329468176,6.857457059058525,6.876040935516357,479100,0.0,0.0
2023-09-01 00:00:00-04:00,6.93179242535903,7.006127929694051,6.783121416688989,6.810997009277344,441400,0.0,0.0
2023-09-05 00:00:00-04:00,6.699494252507686,6.745954167719919,5.807467247799687,6.021182060241699,3897100,0.0,0.0
2023-09-06 00:00:00-04:00,6.058349790334672,6.058349790334672,5.630920167203656,5.761007308959961,2484400,0.0,0.0
2023-09-07 00:00:00-04:00,5.7517149552433,5.7517149552433,5.398620880765144,5.435788631439209,2365600,0.0,0.0
2023-09-08 00:00:00-04:00,5.407913311995563,5.500832693354685,5.249950142147777,5.472956657409668,1919600,0.0,0.0
2023-09-11 00:00:00-04:00,5.491540771927635,5.5937523173943156,5.3707457924574635,5.519416809082031,1752900,0.0,0.0
2023-09-12 00:00:00-04:00,5.5101243040001675,5.538000339409161,5.370745456178856,5.4079132080078125,1388100,0.0,0.0
2023-09-13 00:00:00-04:00,5.407913515218413,5.612336161890435,5.249950339434562,5.352161884307861,1672900,0.0,0.0
2023-09-14 00:00:00-04:00,5.482248855716519,5.7795908781610885,5.435788943172273,5.733131408691406,2314700,0.0,0.0
2023-09-15 00:00:00-04:00,5.565876210840709,5.6680877550329445,5.435789072916228,5.621628284454346,10762800,0.0,0.0
2023-09-18 00:00:00-04:00,5.6773792697235015,5.7238387350216895,5.36145295616792,5.3800368309021,1552900,0.0,0.0
2023-09-19 00:00:00-04:00,5.389328989806451,5.584459896052602,5.36145295616792,5.3800368309021,1043800,0.0,0.0
2023-09-20 00:00:00-04:00,5.435788933418456,5.538000474987653,5.203490257263184,5.203490257263184,1247700,0.0,0.0
2023-09-21 00:00:00-04:00,5.1570307805850595,5.16632249721936,4.80393668699041,4.850396156311035,2426500,0.0,0.0
2023-09-22 00:00:00-04:00,4.859688418178843,4.915440048380325,4.738892997871679,4.748185157775879,1766800,0.0,0.0
2023-09-25 00:00:00-04:00,4.70172510241024,4.738892854755415,4.497302464511776,4.506594181060791,1729900,0.0,0.0
2023-09-26 00:00:00-04:00,4.488010369688162,4.525178122569983,4.274295569080413,4.320755481719971,2343000,0.0,0.0
2023-09-27 00:00:00-04:00,4.330046887138378,4.330046887138378,3.884033441543579,3.884033441543579,1941900,0.0,0.0
2023-09-28 00:00:00-04:00,3.91190938006302,4.014120912178013,3.7632383828590448,3.9490771293640137,1409400,0.0,0.0
2023-09-29 00:00:00-04:00,4.004828772754438,4.172083645420744,3.7818222758660305,3.8096978664398193,1617300,0.0,0.0
2023-10-02 00:00:00-04:00,3.8096981875948632,3.8561580999004166,3.6145674863681174,3.707486867904663,1363400,0.0,0.0
2023-10-03 00:00:00-04:00,3.7074868472266953,3.7074868472266953,3.4844801112454924,3.577399492263794,2013600,0.0,0.0
2023-10-04 00:00:00-04:00,3.6238596254273787,3.772530644128125,3.521648078533323,3.6703193187713623,1285200,0.0,0.0
2023-10-05 00:00:00-04:00,3.661027328976617,3.7260711202871546,3.568107722048972,3.6796112060546875,1235500,0.0,0.0
2023-10-06 00:00:00-04:00,3.6796112762336874,3.6796112762336874,3.493772280371293,3.6238596439361572,954200,0.0,0.0
2023-10-09 00:00:00-04:00,3.6145672805973326,3.8468657212143667,3.586691246186021,3.837574005126953,1390600,0.0,0.0
2023-10-10 00:00:00-04:00,3.8375740506718525,4.069872715583109,3.8375740506718525,4.004828929901123,1344400,0.0,0.0
2023-10-11 00:00:00-04:00,4.041997354426024,4.237128300915349,4.041997354426024,4.144208908081055,984500,0.0,0.0
2023-10-12 00:00:00-04:00,4.134916747260318,4.199960543781631,3.930494083024871,4.144208908081055,1281400,0.0,0.0
2023-10-13 00:00:00-04:00,4.19996009511491,4.311463354604569,4.079164675797163,4.134916305541992,1089700,0.0,0.0
2023-10-16 00:00:00-04:00,4.209252322308346,4.422967127954457,4.190668445429317,4.385798931121826,2007100,0.0,0.0
2023-10-17 00:00:00-04:00,4.395091023527562,4.497302566328083,4.320755517154299,4.488010406494141,1557800,0.0,0.0
2023-10-18 00:00:00-04:00,4.562345806763411,4.580929682924532,4.376507045152205,4.422966957092285,3081700,0.0,0.0
2023-10-19 00:00:00-04:00,4.413675180200808,4.5251784468363985,4.134916570537234,4.2650041580200195,2176200,0.0,0.0
2023-10-20 00:00:00-04:00,4.265004435165951,4.314140148076832,4.048805798846534,4.078287601470947,1692600,0.25,0.0
2023-10-23 00:00:00-04:00,4.068460013602007,4.20604112883588,3.9800155464914724,4.01932430267334,1280600,0.0,0.0
2023-10-24 00:00:00-04:00,4.068459579610218,4.2748307618496115,4.038978249917325,4.1470770835876465,1495200,0.0,0.0
2023-10-25 00:00:00-04:00,4.156904905209423,4.176559283091844,4.038978637914895,4.11759614944458,994700,0.0,0.0
2023-10-26 00:00:00-04:00,4.107767676170963,4.255175706907126,3.9898414390209167,4.13724946975708,849500,0.0,0.0
2023-10-27 00:00:00-04:00,4.18638633850237,4.225695090813419,4.029150860660882,4.048805236816406,805900,0.0,0.0
2023-10-30 00:00:00-04:00,4.117595471290233,4.255176093808109,4.009496176441846,4.156904220581055,680000,0.0,0.0
2023-10-31 00:00:00-04:00,4.3043128488376015,4.43206653566823,4.225695339587158,4.412411689758301,1245300,0.0,0.0
2023-11-01 00:00:00-04:00,4.392756938934326,4.461547487977937,4.2551763094443835,4.392756938934326,1136800,0.0,0.0
2023-11-02 00:00:00-04:00,4.471375103874153,4.972561938749045,4.471375103874153,4.952907562255859,1930600,0.0,0.0
2023-11-03 00:00:00-04:00,5.080661373279587,5.46392195896568,5.070833950483818,5.3853044509887695,2097800,0.0,0.0
2023-11-06 00:00:00-05:00,5.375476685675247,5.4049584835867055,5.139624176772704,5.267377853393555,1405900,0.0,0.0
2023-11-07 00:00:00-05:00,5.228069264813062,5.277204971400154,4.98238932608571,5.0511794090271,813300,0.0,0.0
2023-11-08 00:00:00-05:00,5.0806610556200535,5.100315431385425,4.77601799695815,4.943080425262451,648100,0.0,0.0
2023-11-09 00:00:00-05:00,4.992216115563344,5.011870491270393,4.579473757118026,4.667918682098389,766300,0.0,0.0
2023-11-10 00:00:00-05:00,4.736709117889404,4.795672243597911,4.608955444555671,4.736709117889404,1013000,0.0,0.0
2023-11-13 00:00:00-05:00,4.687573330060601,4.756363883329282,4.481202138851863,4.70722770690918,700800,0.0,0.0
2023-11-14 00:00:00-05:00,4.913598442320039,5.336167739664547,4.913598442320039,5.257550239562988,1215900,0.0,0.0
2023-11-15 00:00:00-05:00,5.2968590807635385,5.4540945522696695,5.208414625925942,5.287032127380371,725400,0.0,0.0
2023-11-16 00:00:00-05:00,5.287031952725767,5.2968589057843065,5.090487736985167,5.228068828582764,827400,0.0,0.0
2023-11-17 00:00:00-05:00,5.34599507686877,5.375476404641644,5.080660783926628,5.228068828582764,848200,0.0,0.0
2023-11-20 00:00:00-05:00,5.26737767987926,5.277204633127847,5.070833460337617,5.208414554595947,508400,0.0,0.0
2023-11-21 00:00:00-05:00,5.119969912992365,5.119969912992365,4.923426151275635,4.923426151275635,598300,0.0,0.0
2023-11-22 00:00:00-05:00,4.982389413351778,5.080661296844482,4.913598860608234,5.080661296844482,541000,0.0,0.0
2023-11-24 00:00:00-05:00,5.080661173324509,5.1691061006163395,5.021698044662386,5.14945125579834,257100,0.0,0.0
2023-11-27 00:00:00-05:00,5.110142503356924,5.198587430648755,5.031524998474094,5.14945125579834,704400,0.0,0.0
2023-11-28 00:00:00-05:00,5.13962450426227,5.424613204977224,5.080661373279587,5.3853044509887695,838000,0.0,0.0
2023-11-29 00:00:00-05:00,5.444266961271346,5.758737425923564,5.444266961271346,5.552366256713867,749600,0.0,0.0
2023-11-30 00:00:00-05:00,5.562193321515725,5.650638243981341,5.473748867647376,5.483575820922852,1909700,0.0,0.0
2023-12-01 00:00:00-05:00,5.454094579750256,6.220615691390351,5.336167858377165,6.161652565002441,1563000,0.0,0.0
2023-12-04 00:00:00-05:00,6.0830356516651785,6.151826206738298,5.915973209771401,6.092862606048584,1107400,0.0,0.0
2023-12-05 00:00:00-05:00,6.073207979928946,6.073207979928946,5.935627344015258,6.004417896270752,517000,0.0,0.0
2023-12-06 00:00:00-05:00,6.053553772216053,6.269752388993663,6.004418063746461,6.063381195068359,688500,0.0,0.0
2023-12-07 00:00:00-05:00,6.073208212957797,6.1714805681212965,6.0240725039733665,6.141998767852783,516700,0.0,0.0
2023-12-08 00:00:00-05:00,6.122343814077169,6.220615691390351,5.984763185838714,6.161652565002441,637500,0.0,0.0
2023-12-11 00:00:00-05:00,6.141998025925079,6.161652400864149,6.0437261512297304,6.053553104400635,621100,0.0,0.0
2023-12-12 00:00:00-05:00,6.063381092563842,6.063381092563842,5.79804677180225,5.807873725891113,841100,0.0,0.0
2023-12-13 00:00:00-05:00,5.798046450552101,6.30906068698668,5.621156600780371,6.240270137786865,1361900,0.0,0.0
2023-12-14 00:00:00-05:00,6.3483695858661084,6.7611119534606985,6.3483695858661084,6.672667026519775,1660500,0.0,0.0
2023-12-15 00:00:00-05:00,6.721802748350105,6.761111497987464,6.466295407110009,6.574394702911377,2611200,0.0,0.0
2023-12-18 00:00:00-05:00,6.574395014231404,6.584221967807454,6.191134452819824,6.191134452819824,900900,0.0,0.0
2023-12-19 00:00:00-05:00,6.269751944758076,6.9576555633703085,6.230443193328649,6.839729309082031,1928400,0.0,0.0
2023-12-20 00:00:00-05:00,6.751284314243249,7.036272993457783,6.672666812197485,6.761111736297607,1553600,0.0,0.0
2023-12-21 00:00:00-05:00,6.879038021151173,6.928174194455449,6.564567542917814,6.662839889526367,516700,0.0,0.0
2023-12-22 00:00:00-05:00,6.751284076279495,6.908519543426192,6.476122828817978,6.574394702911377,710000,0.0,0.0
2023-12-26 00:00:00-05:00,6.839729334581404,7.0657548904418945,6.6038763565282785,7.0657548904418945,1063600,0.0,0.0
2023-12-27 00:00:00-05:00,7.055927448212413,7.252471674131434,6.947828615984096,7.1148905754089355,903800,0.0,0.0
2023-12-28 00:00:00-05:00,7.075581751267714,7.399879650413479,6.987137295680029,7.360570430755615,859300,0.0,0.0
2023-12-29 00:00:00-05:00,7.340916210323499,7.340916210323499,7.144372450868,7.193508625030518,619400,0.0,0.0
2024-01-02 00:00:00-05:00,7.154199932108591,7.272126188753909,6.947828748680641,6.996964454650879,1032200,0.0,0.0
2024-01-03 00:00:00-05:00,6.879038347725583,6.996964606937526,6.643185829301695,6.829902172088623,894100,0.0,0.0
2024-01-04 00:00:00-05:00,6.790593200512601,6.918346878180042,6.643185615539551,6.643185615539551,660700,0.0,0.0
2024-01-05 00:00:00-05:00,6.564567824233978,6.8299021405336235,6.387678436233313,6.653012752532959,1181400,0.0,0.0
2024-01-08 00:00:00-05:00,6.603876214990328,6.6431854343210865,6.250097458388946,6.259924411773682,934500,0.0,0.0
2024-01-09 00:00:00-05:00,6.191135136541115,6.191135136541115,5.906146422403563,5.925800800323486,1511300,0.0,0.0
2024-01-10 00:00:00-05:00,5.906146255387995,6.132171360776847,5.857010077679007,6.092862606048584,758300,0.0,0.0
2024-01-11 00:00:00-05:00,4.648264511328766,4.717055063634986,3.527963875140794,3.8031253814697266,9093800,0.0,0.0
2024-01-12 00:00:00-05:00,3.7245077915016602,3.960360773683456,3.567272782445323,3.6360630989074707,3260900,0.0,0.0
2024-01-16 00:00:00-05:00,3.5869270659730033,3.6360630050345573,3.449346202302014,3.4690005779266357,2085900,0.0,0.0
2024-01-17 00:00:00-05:00,3.400210367086763,3.645890304196516,3.321592862187209,3.5869271755218506,2011900,0.0,0.0
2024-01-18 00:00:00-05:00,3.577099850853747,3.645890165014789,3.4493461759703172,3.567272663116455,1183900,0.0,0.0
2024-01-19 00:00:00-05:00,3.577127141251438,3.577127141251438,3.409603210740613,3.4884378910064697,1512800,0.01,0.0
2024-01-22 00:00:00-05:00,3.5180010050514268,3.5869815873661177,3.4293119870058213,3.5574183464050293,923300,0.0,0.0
2024-01-23 00:00:00-05:00,3.5869816062000606,3.695379295491624,3.5377096943034614,3.5475640296936035,787300,0.0,0.0
2024-01-24 00:00:00-05:00,3.5475636948451053,3.606689936551021,3.429311681325006,3.468729019165039,925400,0.0,0.0
2024-01-25 00:00:00-05:00,3.4687291549239454,3.655961751937866,3.4687291549239454,3.655961751937866,1072900,0.0,0.0
2024-01-26 00:00:00-05:00,3.6559618252655035,3.784068180828859,3.567272574929608,3.616544485092163,585900,0.0,0.0
2024-01-29 00:00:00-05:00,3.6263985633850098,3.695378903804519,3.547563653673993,3.6263985633850098,962500,0.0,0.0
2024-01-30 00:00:00-05:00,3.6461074196679077,3.8727573562246884,3.6263987499626116,3.7840681076049805,1494500,0.0,0.0
2024-01-31 00:00:00-05:00,3.754505175698854,3.774213845785524,3.577127144918823,3.616544485092163,1135900,0.0,0.0
2024-02-01 00:00:00-05:00,3.6263985633850098,3.7150875724958072,3.5180006506370605,3.6263985633850098,1376000,0.0,0.0
2024-02-02 00:00:00-05:00,3.5672726817434297,3.6362532640581207,3.488437999036225,3.5574183464050293,737000,0.0,0.0
2024-02-05 00:00:00-05:00,3.5377094065278536,3.6165443181820387,3.449020395230998,3.577126979827881,931500,0.0,0.0
2024-02-06 00:00:00-05:00,3.5377096943034614,3.6362532831507712,3.5278553589133193,3.5475640296936035,957100,0.0,0.0
2024-02-07 00:00:00-05:00,3.557418276148294,3.616544521956879,3.5180009355731587,3.5968358516693115,1211900,0.0,0.0
2024-02-08 00:00:00-05:00,3.547563904941235,3.7742138458901016,3.547563904941235,3.7446508407592773,1076200,0.0,0.0
2024-02-09 00:00:00-05:00,3.7545050850942943,3.8530486680954485,3.655961737039014,3.7939224243164062,1041500,0.0,0.0
2024-02-12 00:00:00-05:00,3.7939221198049013,4.000863369057142,3.764359117761132,3.9713006019592285,1812300,0.0,0.0
2024-02-13 00:00:00-05:00,3.82348586643181,3.82348586643181,3.6461075955803635,3.813631296157837,2398900,0.0,0.0
2024-02-14 00:00:00-05:00,3.8234857188137754,3.9220290682900574,3.7446508042868722,3.764359474182129,732800,0.0,0.0
2024-02-15 00:00:00-05:00,3.7742139547254965,3.971301131172737,3.7742139547254965,3.9417378902435303,1064600,0.0,0.0
2024-02-16 00:00:00-05:00,3.823485567280147,3.892465909179693,3.655961644863953,3.715087652206421,2625200,0.0,0.0
2024-02-20 00:00:00-05:00,3.675670192207994,3.675670192207994,3.3307682591905436,3.380039930343628,3149700,0.0,0.0
2024-02-21 00:00:00-05:00,3.419457639953875,3.4293119752585195,3.153390351782601,3.182953357696533,1931900,0.0,0.0
2024-02-22 00:00:00-05:00,3.1533902054153184,3.2519335538877856,3.0942641963318387,3.133681535720825,1339400,0.0,0.0
2024-02-23 00:00:00-05:00,3.153390218057645,3.153390218057645,2.995720624923706,2.995720624923706,723800,0.0,0.0
2024-02-26 00:00:00-05:00,2.9760118121202113,2.9957204809465017,2.739507551258863,2.808487892150879,1375300,0.0,0.0
2024-02-27 00:00:00-05:00,2.847905446861921,3.0055747964819384,2.8183422088623047,2.8183422088623047,1273500,0.0,0.0
2024-02-28 00:00:00-05:00,2.808487920764045,2.808487920764045,2.660672903060913,2.660672903060913,1180400,0.0,0.0
2024-02-29 00:00:00-05:00,2.719798965348727,2.82819664719795,2.591692614072373,2.6311099529266357,1047700,0.0,0.0
2024-03-01 00:00:00-05:00,2.621255745453163,2.621255745453163,2.414314471477139,2.434023141860962,2729400,0.0,0.0
2024-03-04 00:00:00-05:00,2.46358607170749,2.46358607170749,2.187664459869756,2.345334053039551,1949300,0.0,0.0
2024-03-05 00:00:00-05:00,2.3059164430914376,2.424168694887494,2.2664991041413765,2.3650426864624023,1097400,0.0,0.0
2024-03-06 00:00:00-05:00,2.3650425492985474,2.4537315567925457,2.3059163093566895,2.3059163093566895,1325300,0.0,0.0
2024-03-07 00:00:00-05:00,2.345334066421405,2.404460076092732,2.2073731422424316,2.2073731422424316,730400,0.0,0.0
2024-03-08 00:00:00-05:00,2.2566450216002885,2.3946059582895094,2.2172276782450537,2.2270820140838623,1108900,0.0,0.0
2024-03-11 00:00:00-04:00,2.2270815885086455,2.246790256420114,2.0595576763153076,2.0595576763153076,1519400,0.0,0.0
2024-03-12 00:00:00-04:00,2.0497036353280804,2.069412306056551,1.9708689524141965,2.0299949645996094,1642300,0.0,0.0
2024-03-13 00:00:00-04:00,2.0398491764470754,2.158101428603389,2.0398491764470754,2.098975419998169,1296700,0.0,0.0
2024-03-14 00:00:00-04:00,2.0891209206585866,2.1088298258034444,1.8920341011958781,1.9314515590667725,1456400,0.0,0.0
2024-03-15 00:00:00-04:00,1.9511601037196638,2.0398491139084243,1.941305769254246,2.000431776046753,3891800,0.0,0.0
2024-03-18 00:00:00-04:00,1.9708688994647259,1.9807232345642143,1.8920341011958781,1.9314515590667725,1783500,0.0,0.0
2024-03-19 00:00:00-04:00,1.9117428707597541,1.9610145457904944,1.9018884182806666,1.9413058757781982,1620500,0.0,0.0
2024-03-20 00:00:00-04:00,1.9610144983067823,2.1088297547657056,1.8821797026935523,2.098975419998169,1836500,0.0,0.0
2024-03-21 00:00:00-04:00,2.1383926944067406,2.2763533769805435,2.1186840254676262,2.2664990425109863,1612200,0.0,0.0
2024-03-22 00:00:00-04:00,2.266499227561804,2.3059165686583056,2.039849281311035,2.039849281311035,803500,0.0,0.0
2024-03-25 00:00:00-04:00,2.1186841900712428,2.1186841900712428,1.9708689265980361,1.980723261833191,646200,0.0,0.0
2024-03-26 00:00:00-04:00,1.9708688312974176,1.990577500814722,1.8920340357552639,1.901888370513916,1176200,0.0,0.0
2024-03-27 00:00:00-04:00,1.9018882155506314,2.0891206781825105,1.9018882155506314,2.0595576763153076,1092500,0.0,0.0
2024-03-28 00:00:00-04:00,2.0102860927581787,2.1186840058663168,1.980723089623013,2.0102860927581787,949600,0.0,0.0
2024-04-01 00:00:00-04:00,2.0201405558273824,2.029994890833531,1.9117428707597541,1.9413058757781982,964600,0.0,0.0
2024-04-02 00:00:00-04:00,1.9610144965387655,1.9610144965387655,1.8624710314793074,1.901888370513916,906900,0.0,0.0
2024-04-03 00:00:00-04:00,1.9018884069863207,1.9018884069863207,1.8427623973005516,1.8821797370910645,681900,0.0,0.0
2024-04-04 00:00:00-04:00,1.9215971089910606,1.9511601125206626,1.852616649949056,1.8624709844589233,479400,0.0,0.0
2024-04-05 00:00:00-04:00,1.8723253920867107,1.8723253920867107,1.7836362605614897,1.8230537176132202,546600,0.0,0.0
2024-04-08 00:00:00-04:00,1.8526167607979247,1.9807232345642143,1.8230537554994595,1.9314515590667725,819200,0.0,0.0
2024-04-09 00:00:00-04:00,1.9413058423232703,2.0989754346503653,1.9215971726506178,2.089120864868164,840700,0.0,0.0
2024-04-10 00:00:00-04:00,2.0004318858150865,2.0102862208212344,1.8723254132622222,1.9413058757781982,941100,0.0,0.0
2024-04-11 00:00:00-04:00,1.9413059796484098,2.1778102673960813,1.9413059796484098,2.138392925262451,1087500,0.0,0.0
2024-04-12 00:00:00-04:00,2.138392674623094,2.138392674623094,1.961014420866236,2.0102860927581787,699900,0.0,0.0
2024-04-15 00:00:00-04:00,2.0299948592125006,2.0299948592125006,1.8821797189498422,1.8920340538024902,1020200,0.0,0.0
2024-04-16 00:00:00-04:00,1.8723254021434361,1.9215971943545158,1.8329080623529235,1.8821797370910645,653100,0.0,0.0
2024-04-17 00:00:00-04:00,1.892033987988525,1.9117427744811935,1.823053646419454,1.8624709844589233,664000,0.0,0.0
2024-04-18 00:00:00-04:00,1.8624710023520374,1.9215971274522108,1.8131993293293385,1.8526166677474976,434000,0.0,0.0
2024-04-19 00:00:00-04:00,1.842709798211958,1.931873207927366,1.832802765810373,1.8823379278182983,600700,0.01,0.0
2024-04-22 00:00:00-04:00,1.8922448775464409,2.021036411241201,1.85261674967148,2.011129379272461,818100,0.0,0.0
2024-04-23 00:00:00-04:00,2.001222351942962,2.0408504799097895,1.9615942239761353,1.9615942239761353,585800,0.0,0.0
2024-04-24 00:00:00-04:00,1.951687139889163,2.0507574571618035,1.9021518631517087,2.0309433937072754,580000,0.0,0.0
2024-04-25 00:00:00-04:00,1.9715012353373982,1.9913152991134708,1.9120589259080445,1.9219660758972168,502400,0.0,0.0
2024-04-26 00:00:00-04:00,1.9120589890163313,2.0210364614827125,1.9120589890163313,1.9913153648376465,378800,0.0,0.0
2024-04-29 00:00:00-04:00,2.0012222037696703,2.130013846328219,1.9814081412533175,2.0705714225769043,899200,0.0,0.0
2024-04-30 00:00:00-04:00,2.0111294041463252,2.070571596693954,1.9913153399637822,2.0012223720550537,466400,0.0,0.0
2024-05-01 00:00:00-04:00,2.0309435193202887,2.0705716486803283,1.9516872606002096,1.9814083576202393,814700,0.0,0.0
2024-05-02 00:00:00-04:00,2.0606644454388587,2.7442503288131097,2.030943350883752,2.5362024307250977,6019100,0.0,0.0
2024-05-03 00:00:00-04:00,2.615459105402048,2.8631351472082076,2.615459105402048,2.843320846557617,3604500,0.0,0.0
2024-05-06 00:00:00-04:00,2.833413605260287,2.863134935941942,2.6848081328633255,2.7343432903289795,1129400,0.0,0.0
2024-05-07 00:00:00-04:00,2.724436190331562,2.76406431530766,2.4371320480525944,2.466853141784668,726200,0.0,0.0
2024-05-08 00:00:00-04:00,2.3875970919816374,2.42722522027971,2.2588054388106253,2.2885265350341797,1029800,0.0,0.0
2024-05-09 00:00:00-04:00,2.2885266105867133,2.3083406753898834,2.2290844161772028,2.258805513381958,535600,0.0,0.0
2024-05-10 00:00:00-04:00,2.248898221661845,2.258805252921059,2.1399208778104932,2.1696419715881348,527400,0.0,0.0
2024-05-13 00:00:00-04:00,2.169642150139962,2.357875995758083,2.1498280859909253,2.2885265350341797,765100,0.0,0.0
2024-05-14 00:00:00-04:00,2.2984336087698236,2.6649942745757818,2.2984336087698236,2.556016683578491,1496800,0.0,0.0
2024-05-15 00:00:00-04:00,2.5758306185404463,2.6451800770335776,2.288526461418889,2.3182475566864014,1025800,0.0,0.0
2024-05-16 00:00:00-04:00,2.357876021479791,2.407411182392753,2.2488984312689952,2.2786195278167725,537500,0.0,0.0
2024-05-17 00:00:00-04:00,2.2786193154394865,2.3677828329746675,2.1399208778104932,2.1696419715881348,735900,0.0,0.0
2024-05-20 00:00:00-04:00,2.2092702784380345,2.407411156130674,2.199363246363516,2.2885265350341797,695600,0.0,0.0
2024-05-21 00:00:00-04:00,2.2588056234655363,2.3182478207719805,2.2290845248123143,2.3083407878875732,589100,0.0,0.0
2024-05-22 00:00:00-04:00,2.2984333759322335,2.387596893388832,2.258805250930304,2.268712282180786,473800,0.0,0.0
2024-05-23 00:00:00-04:00,2.268712545783543,2.3083406753898834,2.2092703513740326,2.258805513381958,586500,0.0,0.0
2024-05-24 00:00:00-04:00,2.2984337739911918,2.338061905856201,2.19936344432867,2.209270477294922,625100,0.0,0.0
2024-05-28 00:00:00-04:00,2.229084183957208,2.2488982466962026,2.1201068388927387,2.1597349643707275,832500,0.0,0.0
2024-05-29 00:00:00-04:00,2.110199883727656,2.130013947182184,1.9715012033436912,2.0309433937072754,1112900,0.0,0.0
2024-05-30 00:00:00-04:00,2.0705715330874632,2.2290842778806845,2.050757469513594,2.21917724609375,756900,0.0,0.0
2024-05-31 00:00:00-04:00,2.219177125928374,2.2984333759322335,2.209270094677892,2.268712282180786,514600,0.0,0.0
2024-06-03 00:00:00-04:00,2.288526344681751,2.2984333759322335,2.199363063427409,2.268712282180786,637900,0.0,0.0
2024-06-04 00:00:00-04:00,2.2488983414545536,2.278619436815357,2.199363182519881,2.21917724609375,548400,0.0,0.0
2024-06-05 00:00:00-04:00,2.258805642126183,2.258805642126183,2.1498282794974086,2.209270477294922,477400,0.0,0.0
2024-06-06 00:00:00-04:00,2.219177346158732,2.219177346158732,2.110199991588552,2.179549217224121,529000,0.0,0.0
2024-06-07 00:00:00-04:00,2.1201070978334022,2.2389914887873914,2.110200065253903,2.1498281955718994,454100,0.0,0.0
2024-06-10 00:00:00-04:00,2.1498282794974086,2.3182478399236963,2.1399212465311566,2.209270477294922,713200,0.0,0.0
2024-06-11 00:00:00-04:00,2.2092703761144366,2.268712571189608,2.1498281810392657,2.248898506164551,558100,0.0,0.0
2024-06-12 00:00:00-04:00,2.3182474404763416,2.347968534253983,2.1201068152920657,2.1696419715881348,822400,0.0,0.0
2024-06-13 00:00:00-04:00,2.1498280061315116,2.1894561329575226,2.1101998793055006,2.130013942718506,827300,0.0,0.0
2024-06-14 00:00:00-04:00,2.100292628448267,2.21917724609375,2.100292628448267,2.21917724609375,623700,0.0,0.0
2024-06-17 00:00:00-04:00,2.1795490009264444,2.268712282180786,2.1597349384254794,2.268712282180786,435900,0.0,0.0
2024-06-18 00:00:00-04:00,2.2588054634515875,2.3182476565471424,2.2389913990864025,2.2786195278167725,622100,0.0,0.0
2024-06-20 00:00:00-04:00,2.2885265102842114,2.338061670121089,2.2389913504473338,2.298433542251587,512100,0.0,0.0
2024-06-21 00:00:00-04:00,2.2885266620694122,2.328154792567227,2.219177433698236,2.2389914989471436,2134400,0.0,0.0
2024-06-24 00:00:00-04:00,2.2687124463494603,2.338061670121089,2.2389913504473338,2.298433542251587,615000,0.0,0.0
2024-06-25 00:00:00-04:00,2.2687124956341798,2.3083406243645497,2.2588054634515875,2.2786195278167725,640000,0.0,0.0
2024-06-26 00:00:00-04:00,2.2687124905170184,2.288526554837512,2.0804786432700513,2.090385675430298,927000,0.0,0.0
2024-06-27 00:00:00-04:00,2.090385686987866,2.1101999876201893,1.941780203762537,1.9913153648376465,1352800,0.0,0.0
2024-06-28 00:00:00-04:00,2.0309434183372783,2.1399210048610624,1.9814082591002269,2.021036386489868,7322700,0.0,0.0
2024-07-01 00:00:00-04:00,2.021036424841896,2.040850488912717,1.812988633997143,1.8625237941741943,1711400,0.0,0.0
2024-07-02 00:00:00-04:00,1.862523766467863,1.9715012353373982,1.862523766467863,1.9219660758972168,739200,0.0,0.0
2024-07-03 00:00:00-04:00,1.9516871674591167,2.0210363905296074,1.9021518900219163,1.9715012311935425,461300,0.0,0.0
2024-07-05 00:00:00-04:00,1.9715012311935425,2.03094342239682,1.9516871674591167,1.9715012311935425,478800,0.0,0.0
2024-07-08 00:00:00-04:00,1.9814082630607555,1.9814082630607555,1.9219660718574778,1.9715012311935425,395600,0.0,0.0
2024-07-09 00:00:00-04:00,1.9615942034493619,1.9615942034493619,1.9021518940200082,1.9219660758972168,390800,0.0,0.0
2024-07-10 00:00:00-04:00,1.931873171547515,2.0012223970526684,1.931873171547515,1.9913153648376465,282400,0.0,0.0
2024-07-11 00:00:00-04:00,2.0804787172492794,2.258805538677079,2.0804787172492794,2.248898506164551,1073200,0.0,0.0
2024-07-12 00:00:00-04:00,2.258805549074737,2.4668534689978014,2.258805549074737,2.338061809539795,787500,0.0,0.0
2024-07-15 00:00:00-04:00,2.3182475322523897,2.357875895060331,2.258805342343877,2.3281545639038086,524100,0.0,0.0
2024-07-16 00:00:00-04:00,2.3677830247217617,2.5956447621363097,2.3578759926602593,2.5758306980133057,1118600,0.0,0.0
2024-07-17 00:00:00-04:00,2.5262955134328284,2.744250452894012,2.5064814495002,2.585737705230713,1056800,0.0,0.0
2024-07-18 00:00:00-04:00,2.605551944890982,2.6352730401001003,2.417318105697632,2.417318105697632,653800,0.0,0.0
2024-07-19 00:00:00-04:00,2.3975040180061526,2.536202460914289,2.3776899547335617,2.427225112915039,419200,0.0,0.0
2024-07-22 00:00:00-04:00,2.46701559502304,2.7654448511433447,2.45706796105804,2.7554972171783447,915500,0.01,0.0
2024-07-23 00:00:00-04:00,2.7455496816951492,2.7455496816951492,2.5664920267321167,2.6958115100860596,495600,0.0,0.0
2024-07-24 00:00:00-04:00,2.6162303950292443,2.695811468372389,2.516753816180007,2.5267014503479004,321600,0.0,0.0
2024-07-25 00:00:00-04:00,2.536649177095624,2.6759162976992514,2.5267015425646733,2.5664920806884766,465000,0.0,0.0
2024-07-26 00:00:00-04:00,2.6162305289699943,2.695811606387378,2.556544483736638,2.685863971710205,330100,0.0,0.0
2024-07-29 00:00:00-04:00,2.685863878700399,2.6958115130330915,2.5863872982031633,2.646073341369629,302100,0.0,0.0
2024-07-30 00:00:00-04:00,2.6261781334293155,2.6659686716801616,2.4670157432556152,2.4670157432556152,384900,0.0,0.0
2024-07-31 00:00:00-04:00,2.4670156474550504,2.636125665624485,2.387434574043696,2.4769632816314697,653700,0.0,0.0
2024-08-01 00:00:00-04:00,2.7157066835853074,3.0041883059814247,2.6261779778255714,2.6560208797454834,1794900,0.0,0.0
2024-08-02 00:00:00-04:00,2.5465966736314622,2.6261779827370284,2.387434529760935,2.407329797744751,530100,0.0,0.0
2024-08-05 00:00:00-04:00,2.2979055905386003,2.3575913945907008,2.1884816164430823,2.208376884460449,817400,0.0,0.0
2024-08-06 00:00:00-04:00,2.218324514723335,2.3973821637475883,2.1785339787557905,2.357591390609741,671000,0.0,0.0
2024-08-07 00:00:00-04:00,2.4073299065245335,2.4272251754073553,2.188481711643184,2.1984293460845947,425500,0.0,0.0
2024-08-08 00:00:00-04:00,2.218324517165529,2.287957955185393,2.188481615157016,2.25811505317688,287300,0.0,0.0
2024-08-09 00:00:00-04:00,2.2382199305528383,2.268062834499771,2.18848175730795,2.218324661254883,360000,0.0,0.0
2024-08-12 00:00:00-04:00,2.218324665887204,2.2282723005569545,2.1586388578687017,2.168586492538452,389900,0.0,0.0
2024-08-13 00:00:00-04:00,2.1785341728306684,2.2083770774648843,2.1586389030745243,2.1884818077087402,574800,0.0,0.0
2024-08-14 00:00:00-04:00,2.2183245703707075,2.2481674730949845,2.128795862197876,2.128795862197876,375800,0.0,0.0
2024-08-15 00:00:00-04:00,2.1884816651443595,2.238219836294623,2.1685863966842542,2.1785340309143066,660900,0.0,0.0
2024-08-16 00:00:00-04:00,2.1785340334050045,2.1884816676464305,2.128795862197876,2.128795862197876,335000,0.0,0.0
2024-08-19 00:00:00-04:00,2.12879585521522,2.317800905182354,2.1188482210064237,2.278010368347168,777500,0.0,0.0
2024-08-20 00:00:00-04:00,2.2581151458727002,2.3178009523398337,2.2282722426391333,2.297905683517456,392200,0.0,0.0
2024-08-21 00:00:00-04:00,2.307853373095682,2.307853373095682,2.218324661254883,2.218324661254883,197800,0.0,0.0
2024-08-22 00:00:00-04:00,2.2183245608762516,2.3874345794270044,2.178534024080853,2.3277485370635986,667000,0.0,0.0
2024-08-23 00:00:00-04:00,2.357591529891436,2.447120478277901,2.3277486261527196,2.4172775745391846,264300,0.0,0.0
2024-08-26 00:00:00-04:00,2.4471203835604025,2.4670156519494864,2.3675393100040663,2.3774869441986084,319300,0.0,0.0
2024-08-27 00:00:00-04:00,2.3675393100040663,2.4172774809767765,2.347643804444675,2.3774869441986084,327700,0.0,0.0
2024-08-28 00:00:00-04:00,2.3476437592024193,2.3675392643783972,2.25811505317688,2.25811505317688,346700,0.0,0.0
2024-08-29 00:00:00-04:00,2.287958004945861,2.2979056391650485,2.2282721996307373,2.2282721996307373,251200,0.0,0.0
2024-08-30 00:00:00-04:00,2.2382199820991,2.248167616977172,2.1785341728306684,2.1884818077087402,246400,0.0,0.0
2024-09-03 00:00:00-04:00,2.18848176666251,2.2083770360455066,2.108900451960204,2.1188483238220215,430600,0.0,0.0
2024-09-04 00:00:00-04:00,2.118848369183385,2.198429448419083,2.1089004971085985,2.1387436389923096,328500,0.0,0.0
2024-09-05 00:00:00-04:00,2.1685864972795135,2.178534131971012,2.108900451960204,2.1188483238220215,267200,0.0,0.0
2024-09-06 00:00:00-04:00,2.11884837380612,2.1486912785846157,2.0591623270788038,2.0890052318573,483100,0.0,0.0
2024-09-09 00:00:00-04:00,2.0691098195790136,2.158638764922153,2.0691098195790136,2.128795862197876,245700,0.0,0.0
2024-09-10 00:00:00-04:00,2.1287958574388637,2.2282721996307373,2.0790574491726193,2.2282721996307373,680000,0.0,0.0
2024-09-11 00:00:00-04:00,2.18848176666251,2.2083770360455066,2.0989528172687058,2.1188483238220215,268400,0.0,0.0
2024-09-12 00:00:00-04:00,2.12879595851352,2.158638862588015,2.0989528172687058,2.1188483238220215,345400,0.0,0.0
2024-09-13 00:00:00-04:00,2.128795813699623,2.198429251803213,2.128795813699623,2.1586387157440186,439800,0.0,0.0
2024-09-16 00:00:00-04:00,2.178533982434399,2.287957956529917,2.178533982434399,2.208376884460449,394500,0.0,0.0
2024-09-17 00:00:00-04:00,2.2382197851712045,2.2780103211825553,2.1984292491598536,2.25811505317688,515900,0.0,0.0
2024-09-18 00:00:00-04:00,2.2780104216158805,2.4272251754073553,2.1785340772017734,2.1984293460845947,1462900,0.0,0.0
2024-09-19 00:00:00-04:00,2.268062780283889,2.307853317928645,2.1785340705831886,2.297905683517456,869200,0.0,0.0
2024-09-20 00:00:00-04:00,2.2680627933693494,2.2879580623065117,2.0989527702331543,2.0989527702331543,2792000,0.0,0.0
2024-09-23 00:00:00-04:00,2.1089004047017355,2.128795910809212,2.089005135764573,2.0989527702331543,683600,0.0,0.0
2024-09-24 00:00:00-04:00,2.0890052318573,2.1287960087322855,2.0890052318573,2.0890052318573,470700,0.0,0.0
2024-09-25 00:00:00-04:00,2.0890052318573,2.1884818182892767,2.049214692152639,2.0890052318573,919500,0.0,0.0
2024-09-26 00:00:00-04:00,2.138743545277793,2.138743545277793,2.049214597890248,2.0989527702331543,602100,0.0,0.0
2024-09-27 00:00:00-04:00,2.0989528622041362,2.158638908801234,2.059162322586287,2.1387436389923096,830800,0.0,0.0
2024-09-30 00:00:00-04:00,2.1486912231989512,2.1884817618779526,2.1387435885292008,2.168586492538452,858800,0.0,0.0
2024-10-01 00:00:00-04:00,2.168586448683537,2.188481717620699,2.0989527702331543,2.0989527702331543,368500,0.0,0.0
2024-10-02 00:00:00-04:00,2.0989528208118835,2.1188483273987844,2.0492146472704302,2.0691099166870117,652200,0.0,0.0
2024-10-03 00:00:00-04:00,2.059162139892578,2.079057407936348,2.0293192378269236,2.059162139892578,708000,0.0,0.0
2024-10-04 00:00:00-04:00,2.079057602960933,2.089005237915949,2.0193717932308375,2.039267063140869,621900,0.0,0.0
2024-10-07 00:00:00-04:00,2.0492146015167236,2.128795914576522,2.0293193325443526,2.0492146015167236,613900,0.0,0.0
2024-10-08 00:00:00-04:00,2.0293193363142894,2.039266970818955,1.9895287982956273,1.999476432800293,337300,0.0,0.0
2024-10-09 00:00:00-04:00,1.9994763861754072,2.009424020448108,1.89005229059054,1.9795811176300049,1143800,0.0,0.0
2024-10-10 00:00:00-04:00,1.9596858490846025,2.049214557538913,1.9497382148119013,1.9795811176300049,692600,0.0,0.0
2024-10-11 00:00:00-04:00,1.9895288883657896,2.0591623330509012,1.9895288883657896,2.039267063140869,511100,0.0,0.0
2024-10-14 00:00:00-04:00,2.029319239233709,2.029319239233709,1.9895287031185858,2.0094239711761475,244400,0.0,0.0
2024-10-15 00:00:00-04:00,2.0094240673049586,2.0293193363142894,1.9895287982956273,1.999476432800293,287300,0.0,0.0
2024-10-16 00:00:00-04:00,1.9994764785064627,2.0293193827026403,1.9895288437744034,2.019371747970581,588000,0.0,0.0
2024-10-17 00:00:00-04:00,2.01937165208671,2.0392669206061607,1.9994763835672595,2.0293192863464355,432200,0.0,0.0
2024-10-18 00:00:00-04:00,2.0293192863464355,2.049214554865886,2.01937165208671,2.0293192863464355,258700,0.0,0.0
2024-10-21 00:00:00-04:00,2.0293192889935106,2.039266923266212,1.9696334833573037,1.9795811176300049,508400,0.0,0.0
2024-10-22 00:00:00-04:00,1.9895288021802162,1.9994764367043047,1.9298429950356852,1.9497382640838623,530900,0.0,0.0
2024-10-23 00:00:00-04:00,1.9497382174862659,1.9994763889179952,1.9099475617557278,1.9298429489135742,869500,0.0,0.0
2024-10-24 00:00:00-04:00,1.9397906563122875,1.959685925634849,1.8900523644207246,1.9099476337432861,581800,0.0,0.0
2024-10-25 00:00:00-04:00,1.9099476106994029,1.9198952452406635,1.8502618034518392,1.899999976158142,804000,0.0,0.0
2024-10-28 00:00:00-04:00,1.940000057220459,1.940000057220459,1.8600000143051147,1.8700000047683716,838800,0.01,0.0
2024-10-29 00:00:00-04:00,1.8899999856948853,1.9299999475479126,1.8600000143051147,1.8799999952316284,694000,0.0,0.0
2024-10-30 00:00:00-04:00,1.8799999952316284,1.9900000095367432,1.8799999952316284,1.9700000286102295,1476200,0.0,0.0
2024-10-31 00:00:00-04:00,1.3600000143051147,1.7300000190734863,1.350000023841858,1.590000033378601,4959800,0.0,0.0
2024-11-01 00:00:00-04:00,1.559999942779541,1.590000033378601,1.5,1.5,1690200,0.0,0.0
2024-11-04 00:00:00-05:00,1.5,1.5,1.399999976158142,1.4199999570846558,1177700,0.0,0.0
2024-11-05 00:00:00-05:00,1.409999966621399,1.5199999809265137,1.399999976158142,1.4199999570846558,950300,0.0,0.0
2024-11-06 00:00:00-05:00,1.4600000381469727,1.5,1.3799999952316284,1.3799999952316284,652500,0.0,0.0
2024-11-07 00:00:00-05:00,1.4199999570846558,1.4299999475479126,1.350000023841858,1.350000023841858,628800,0.0,0.0
2024-11-08 00:00:00-05:00,1.3600000143051147,1.440000057220459,1.340000033378601,1.3700000047683716,1013100,0.0,0.0
2024-11-11 00:00:00-05:00,1.3700000047683716,1.3899999856948853,1.2400000095367432,1.2400000095367432,2010300,0.0,0.0
2024-11-12 00:00:00-05:00,1.2400000095367432,1.2699999809265137,1.1799999475479126,1.25,2131000,0.0,0.0
2024-11-13 00:00:00-05:00,1.2599999904632568,1.3200000524520874,1.1799999475479126,1.309999942779541,2329800,0.0,0.0
2024-11-14 00:00:00-05:00,1.309999942779541,1.350000023841858,1.2300000190734863,1.25,2014300,0.0,0.0
2024-11-15 00:00:00-05:00,1.2599999904632568,1.2599999904632568,1.2000000476837158,1.2100000381469727,763400,0.0,0.0
2024-11-18 00:00:00-05:00,1.2100000381469727,1.2300000190734863,1.1799999475479126,1.2100000381469727,978500,0.0,0.0
2024-11-19 00:00:00-05:00,1.2100000381469727,1.2200000286102295,1.159999966621399,1.159999966621399,1094700,0.0,0.0
2024-11-20 00:00:00-05:00,1.1699999570846558,1.190000057220459,1.059999942779541,1.1200000047683716,1676000,0.0,0.0
2024-11-21 00:00:00-05:00,1.100000023841858,1.159999966621399,1.090000033378601,1.1399999856948853,978200,0.0,0.0
2024-11-22 00:00:00-05:00,1.149999976158142,1.190000057220459,1.1200000047683716,1.1399999856948853,1019500,0.0,0.0
2024-11-25 00:00:00-05:00,1.25,1.9900000095367432,1.25,1.649999976158142,12300600,0.0,0.0
2024-11-26 00:00:00-05:00,1.6399999856948853,1.850000023841858,1.5800000429153442,1.7200000286102295,2064200,0.0,0.0
2024-11-27 00:00:00-05:00,1.7100000381469727,1.7999999523162842,1.5299999713897705,1.559999942779541,1347300,0.0,0.0
2024-11-29 00:00:00-05:00,1.5700000524520874,1.7000000476837158,1.559999942779541,1.649999976158142,583600,0.0,0.0
2024-12-02 00:00:00-05:00,1.649999976158142,1.649999976158142,1.5399999618530273,1.600000023841858,506500,0.0,0.0
2024-12-03 00:00:00-05:00,1.6200000047683716,1.6299999952316284,1.5499999523162842,1.5800000429153442,981000,0.0,0.0
2024-12-04 00:00:00-05:00,1.5800000429153442,1.600000023841858,1.5499999523162842,1.590000033378601,509200,0.0,0.0
2024-12-05 00:00:00-05:00,1.559999942779541,1.5700000524520874,1.4299999475479126,1.4700000286102295,640200,0.0,0.0
2024-12-06 00:00:00-05:00,1.4700000286102295,1.4900000095367432,1.3799999952316284,1.399999976158142,505300,0.0,0.0
2024-12-09 00:00:00-05:00,1.3799999952316284,1.4700000286102295,1.3200000524520874,1.4299999475479126,546200,0.0,0.0
2024-12-10 00:00:00-05:00,1.4199999570846558,1.440000057220459,1.3700000047683716,1.3899999856948853,415300,0.0,0.0
2024-12-11 00:00:00-05:00,1.399999976158142,1.440000057220459,1.340000033378601,1.3700000047683716,440800,0.0,0.0
2024-12-12 00:00:00-05:00,1.3600000143051147,1.4299999475479126,1.340000033378601,1.340000033378601,536500,0.0,0.0
2024-12-13 00:00:00-05:00,1.3200000524520874,1.3600000143051147,1.2999999523162842,1.3300000429153442,504200,0.0,0.0
2024-12-16 00:00:00-05:00,1.309999942779541,1.3200000524520874,1.1699999570846558,1.1799999475479126,889500,0.0,0.0
2024-12-17 00:00:00-05:00,1.190000057220459,1.2599999904632568,1.149999976158142,1.2200000286102295,675200,0.0,0.0
2024-12-18 00:00:00-05:00,1.2400000095367432,1.25,1.1100000143051147,1.1100000143051147,1033400,0.0,0.0
2024-12-19 00:00:00-05:00,1.1699999570846558,1.1699999570846558,1.0700000524520874,1.0700000524520874,886200,0.0,0.0
2024-12-20 00:00:00-05:00,1.0700000524520874,1.1299999952316284,1.0199999809265137,1.0199999809265137,3601100,0.0,0.0
2024-12-23 00:00:00-05:00,1.0299999713897705,1.0499999523162842,0.9599999785423279,0.9800000190734863,1799800,0.0,0.0
2024-12-24 00:00:00-05:00,0.9900000095367432,1.0299999713897705,0.9900000095367432,1.0099999904632568,771200,0.0,0.0
2024-12-26 00:00:00-05:00,1.0,1.0199999809265137,0.9800000190734863,1.0199999809265137,726900,0.0,0.0
2024-12-27 00:00:00-05:00,1.0199999809265137,1.0299999713897705,0.9700000286102295,0.9900000095367432,754600,0.0,0.0
2024-12-30 00:00:00-05:00,0.9700000286102295,1.0099999904632568,0.9300000071525574,1.0,897900,0.0,0.0
2024-12-31 00:00:00-05:00,0.9800000190734863,1.0199999809265137,0.9700000286102295,1.0,707900,0.0,0.0
