Date,Open,High,Low,Close,Volume,Dividends,Stock Splits
2022-01-03 00:00:00-05:00,22.329999923706055,23.100000381469727,22.329999923706055,23.010000228881836,53400,0.0,0.0
2022-01-04 00:00:00-05:00,23.239999771118164,23.59000015258789,22.860000610351562,23.469999313354492,52900,0.0,0.0
2022-01-05 00:00:00-05:00,23.59000015258789,24.729999542236328,23.18000030517578,23.260000228881836,72900,0.0,0.0
2022-01-06 00:00:00-05:00,23.389999389648438,23.530000686645508,23.030000686645508,23.18000030517578,32400,0.0,0.0
2022-01-07 00:00:00-05:00,23.15999984741211,23.479999542236328,22.940000534057617,22.979999542236328,38400,0.0,0.0
2022-01-10 00:00:00-05:00,22.8700008392334,23.020000457763672,22.540000915527344,23.020000457763672,53400,0.0,0.0
2022-01-11 00:00:00-05:00,22.950000762939453,23.5,22.510000228881836,22.670000076293945,58300,0.0,0.0
2022-01-12 00:00:00-05:00,22.799999237060547,22.899999618530273,21.75,21.889999389648438,89400,0.0,0.0
2022-01-13 00:00:00-05:00,21.979999542236328,22.889999389648438,21.8700008392334,22.5,59400,0.0,0.0
2022-01-14 00:00:00-05:00,22.31999969482422,22.639999389648438,22.06999969482422,22.600000381469727,39000,0.0,0.0
2022-01-18 00:00:00-05:00,22.579999923706055,22.579999923706055,21.329999923706055,21.450000762939453,67100,0.0,0.0
2022-01-19 00:00:00-05:00,21.420000076293945,21.5,20.219999313354492,20.219999313354492,49400,0.0,0.0
2022-01-20 00:00:00-05:00,20.079999923706055,20.610000610351562,19.93000030517578,20.5,159000,0.0,0.0
2022-01-21 00:00:00-05:00,20.25,20.579999923706055,19.93000030517578,20.229999542236328,136200,0.0,0.0
2022-01-24 00:00:00-05:00,19.93000030517578,21.200000762939453,19.770000457763672,21.020000457763672,63400,0.0,0.0
2022-01-25 00:00:00-05:00,20.850000381469727,21.18000030517578,20.09000015258789,20.780000686645508,58800,0.0,0.0
2022-01-26 00:00:00-05:00,20.969999313354492,21.3799991607666,20.43000030517578,20.700000762939453,43800,0.0,0.0
2022-01-27 00:00:00-05:00,20.729999542236328,21.059999465942383,20.299999237060547,20.459999084472656,64600,0.0,0.0
2022-01-28 00:00:00-05:00,20.3700008392334,21.06999969482422,20.139999389648438,21.06999969482422,84600,0.0,0.0
2022-01-31 00:00:00-05:00,20.920000076293945,21.40999984741211,20.920000076293945,21.389999389648438,50100,0.0,0.0
2022-02-01 00:00:00-05:00,21.420000076293945,21.610000610351562,20.969999313354492,21.479999542236328,52100,0.0,0.0
2022-02-02 00:00:00-05:00,21.479999542236328,21.809999465942383,20.760000228881836,20.8700008392334,40500,0.0,0.0
2022-02-03 00:00:00-05:00,20.6200008392334,20.940000534057617,19.8799991607666,19.979999542236328,48200,0.0,0.0
2022-02-04 00:00:00-05:00,20.059999465942383,20.270000457763672,19.520000457763672,19.920000076293945,74000,0.0,0.0
2022-02-07 00:00:00-05:00,20.020000457763672,20.1200008392334,19.65999984741211,19.899999618530273,44800,0.0,0.0
2022-02-08 00:00:00-05:00,19.899999618530273,20.56999969482422,19.899999618530273,20.489999771118164,37700,0.0,0.0
2022-02-09 00:00:00-05:00,20.489999771118164,20.709999084472656,19.530000686645508,19.579999923706055,82700,0.0,0.0
2022-02-10 00:00:00-05:00,19.440000534057617,19.440000534057617,17.610000610351562,17.739999771118164,153200,0.0,0.0
2022-02-11 00:00:00-05:00,17.81999969482422,18.18000030517578,17.5,17.600000381469727,72200,0.0,0.0
2022-02-14 00:00:00-05:00,17.700000762939453,18.010000228881836,17.18000030517578,17.299999237060547,87400,0.0,0.0
2022-02-15 00:00:00-05:00,17.540000915527344,17.84000015258789,16.969999313354492,17.670000076293945,95400,0.0,0.0
2022-02-16 00:00:00-05:00,17.690000534057617,18.09000015258789,17.579999923706055,18.020000457763672,51100,0.0,0.0
2022-02-17 00:00:00-05:00,17.770000457763672,18.520000457763672,17.389999389648438,18.209999084472656,126300,0.0,0.0
2022-02-18 00:00:00-05:00,18.1299991607666,18.84000015258789,18.049999237060547,18.670000076293945,81800,0.0,0.0
2022-02-22 00:00:00-05:00,18.5,18.739999771118164,18.209999084472656,18.229999542236328,66300,0.0,0.0
2022-02-23 00:00:00-05:00,18.229999542236328,18.260000228881836,17.600000381469727,18.049999237060547,67300,0.0,0.0
2022-02-24 00:00:00-05:00,17.649999618530273,18.93000030517578,17.510000228881836,18.84000015258789,97400,0.0,0.0
2022-02-25 00:00:00-05:00,18.989999771118164,19.84000015258789,18.190000534057617,19.780000686645508,66800,0.0,0.0
2022-02-28 00:00:00-05:00,19.510000228881836,20.0,19.479999542236328,19.959999084472656,93300,0.0,0.0
2022-03-01 00:00:00-05:00,19.75,20.5,19.75,20.25,102700,0.0,0.0
2022-03-02 00:00:00-05:00,20.420000076293945,20.979999542236328,20.209999084472656,20.940000534057617,83400,0.0,0.0
2022-03-03 00:00:00-05:00,21.309999465942383,21.309999465942383,20.450000762939453,20.90999984741211,81200,0.0,0.0
2022-03-04 00:00:00-05:00,20.610000610351562,20.610000610351562,19.389999389648438,19.670000076293945,83800,0.0,0.0
2022-03-07 00:00:00-05:00,19.799999237060547,20.940000534057617,19.6299991607666,20.65999984741211,150900,0.0,0.0
2022-03-08 00:00:00-05:00,20.600000381469727,20.989999771118164,20.219999313354492,20.850000381469727,129300,0.0,0.0
2022-03-09 00:00:00-05:00,21.030000686645508,21.780000686645508,21.030000686645508,21.329999923706055,184700,0.0,0.0
2022-03-10 00:00:00-05:00,20.979999542236328,21.670000076293945,20.889999389648438,21.6299991607666,39000,0.0,0.0
2022-03-11 00:00:00-05:00,21.709999084472656,22.40999984741211,21.709999084472656,22.0,74500,0.0,0.0
2022-03-14 00:00:00-04:00,22.09000015258789,22.709999084472656,22.040000915527344,22.59000015258789,87000,0.0,0.0
2022-03-15 00:00:00-04:00,22.6200008392334,22.739999771118164,21.959999084472656,22.219999313354492,80900,0.0,0.0
2022-03-16 00:00:00-04:00,22.34000015258789,22.940000534057617,21.34000015258789,22.780000686645508,59000,0.0,0.0
2022-03-17 00:00:00-04:00,22.56999969482422,23.3799991607666,22.56999969482422,23.329999923706055,36200,0.0,0.0
2022-03-18 00:00:00-04:00,23.389999389648438,23.639999389648438,23.110000610351562,23.520000457763672,156000,0.0,0.0
2022-03-21 00:00:00-04:00,23.6299991607666,23.920000076293945,23.399999618530273,23.8799991607666,72400,0.0,0.0
2022-03-22 00:00:00-04:00,23.959999084472656,24.020000457763672,23.510000228881836,23.649999618530273,69000,0.0,0.0
2022-03-23 00:00:00-04:00,23.520000457763672,23.520000457763672,22.889999389648438,23.049999237060547,50200,0.0,0.0
2022-03-24 00:00:00-04:00,23.09000015258789,23.280000686645508,22.65999984741211,23.0,82100,0.0,0.0
2022-03-25 00:00:00-04:00,23.100000381469727,23.5,22.350000381469727,23.450000762939453,89300,0.0,0.0
2022-03-28 00:00:00-04:00,23.239999771118164,23.799999237060547,22.65999984741211,22.780000686645508,72800,0.0,0.0
2022-03-29 00:00:00-04:00,22.93000030517578,23.09000015258789,21.709999084472656,22.049999237060547,123500,0.0,0.0
2022-03-30 00:00:00-04:00,22.149999618530273,22.649999618530273,21.489999771118164,21.579999923706055,51900,0.0,0.0
2022-03-31 00:00:00-04:00,21.520000457763672,21.920000076293945,21.139999389648438,21.239999771118164,72700,0.0,0.0
2022-04-01 00:00:00-04:00,21.350000381469727,22.3799991607666,21.31999969482422,22.110000610351562,80900,0.0,0.0
2022-04-04 00:00:00-04:00,22.149999618530273,22.15999984741211,21.549999237060547,22.0,69700,0.0,0.0
2022-04-05 00:00:00-04:00,22.059999465942383,22.59000015258789,21.520000457763672,21.6299991607666,53400,0.0,0.0
2022-04-06 00:00:00-04:00,21.6299991607666,21.719999313354492,21.209999084472656,21.540000915527344,68100,0.0,0.0
2022-04-07 00:00:00-04:00,21.600000381469727,21.8799991607666,21.229999542236328,21.84000015258789,46600,0.0,0.0
2022-04-08 00:00:00-04:00,21.84000015258789,22.15999984741211,21.780000686645508,21.899999618530273,35300,0.0,0.0
2022-04-11 00:00:00-04:00,21.8799991607666,22.25,21.68000030517578,21.68000030517578,46300,0.0,0.0
2022-04-12 00:00:00-04:00,21.600000381469727,22.25,21.600000381469727,21.899999618530273,46200,0.0,0.0
2022-04-13 00:00:00-04:00,21.8799991607666,22.229999542236328,21.850000381469727,22.0,28400,0.0,0.0
2022-04-14 00:00:00-04:00,21.899999618530273,22.1200008392334,21.719999313354492,21.899999618530273,36600,0.0,0.0
2022-04-18 00:00:00-04:00,21.75,22.030000686645508,21.40999984741211,21.950000762939453,42600,0.0,0.0
2022-04-19 00:00:00-04:00,21.93000030517578,22.059999465942383,21.1299991607666,21.860000610351562,47900,0.0,0.0
2022-04-20 00:00:00-04:00,22.100000381469727,22.280000686645508,21.6200008392334,21.8799991607666,42300,0.0,0.0
2022-04-21 00:00:00-04:00,22.020000457763672,22.020000457763672,20.899999618530273,21.049999237060547,29300,0.0,0.0
2022-04-22 00:00:00-04:00,20.899999618530273,21.1200008392334,20.559999465942383,20.760000228881836,36800,0.0,0.0
2022-04-25 00:00:00-04:00,20.59000015258789,21.09000015258789,20.5,21.0,36700,0.0,0.0
2022-04-26 00:00:00-04:00,20.780000686645508,20.90999984741211,20.329999923706055,20.440000534057617,35100,0.0,0.0
2022-04-27 00:00:00-04:00,20.510000228881836,20.950000762939453,20.309999465942383,20.479999542236328,42800,0.0,0.0
2022-04-28 00:00:00-04:00,20.729999542236328,20.84000015258789,20.219999313354492,20.56999969482422,53400,0.0,0.0
2022-04-29 00:00:00-04:00,20.459999084472656,20.5,19.350000381469727,19.440000534057617,57800,0.0,0.0
2022-05-02 00:00:00-04:00,19.399999618530273,19.610000610351562,19.149999618530273,19.479999542236328,44600,0.0,0.0
2022-05-03 00:00:00-04:00,19.489999771118164,19.790000915527344,18.3700008392334,18.700000762939453,89300,0.0,0.0
2022-05-04 00:00:00-04:00,18.8700008392334,19.0,18.43000030517578,18.959999084472656,36600,0.0,0.0
2022-05-05 00:00:00-04:00,18.780000686645508,19.25,18.3799991607666,18.639999389648438,48400,0.0,0.0
2022-05-06 00:00:00-04:00,18.59000015258789,19.0,18.1200008392334,18.299999237060547,58100,0.0,0.0
2022-05-09 00:00:00-04:00,18.18000030517578,18.75,18.0,18.200000762939453,37700,0.0,0.0
2022-05-10 00:00:00-04:00,18.309999465942383,18.34000015258789,17.489999771118164,17.770000457763672,47800,0.0,0.0
2022-05-11 00:00:00-04:00,17.299999237060547,17.31999969482422,13.609999656677246,13.75,164200,0.0,0.0
2022-05-12 00:00:00-04:00,13.739999771118164,13.739999771118164,12.819999694824219,13.569999694824219,187800,0.0,0.0
2022-05-13 00:00:00-04:00,13.75,14.0,13.600000381469727,13.630000114440918,149000,0.0,0.0
2022-05-16 00:00:00-04:00,13.539999961853027,13.8100004196167,13.0600004196167,13.609999656677246,81700,0.0,0.0
2022-05-17 00:00:00-04:00,13.720000267028809,14.239999771118164,13.699999809265137,14.199999809265137,87000,0.0,0.0
2022-05-18 00:00:00-04:00,14.109999656677246,15.100000381469727,14.109999656677246,14.449999809265137,131800,0.0,0.0
2022-05-19 00:00:00-04:00,14.449999809265137,14.449999809265137,13.470000267028809,13.579999923706055,129900,0.0,0.0
2022-05-20 00:00:00-04:00,13.720000267028809,13.800000190734863,13.140000343322754,13.430000305175781,66500,0.0,0.0
2022-05-23 00:00:00-04:00,13.5600004196167,13.5600004196167,12.890000343322754,13.479999542236328,94000,0.0,0.0
2022-05-24 00:00:00-04:00,13.470000267028809,13.850000381469727,13.270000457763672,13.75,63800,0.0,0.0
2022-05-25 00:00:00-04:00,13.59000015258789,14.029999732971191,13.5,13.75,93500,0.0,0.0
2022-05-26 00:00:00-04:00,13.880000114440918,14.119999885559082,13.430000305175781,13.779999732971191,132900,0.0,0.0
2022-05-27 00:00:00-04:00,13.90999984741211,14.449999809265137,13.90999984741211,14.319999694824219,47000,0.0,0.0
2022-05-31 00:00:00-04:00,14.180000305175781,14.75,13.880000114440918,13.9399995803833,111100,0.0,0.0
2022-06-01 00:00:00-04:00,14.079999923706055,14.880000114440918,13.84000015258789,14.350000381469727,54400,0.0,0.0
2022-06-02 00:00:00-04:00,14.199999809265137,14.84000015258789,14.199999809265137,14.279999732971191,72000,0.0,0.0
2022-06-03 00:00:00-04:00,14.199999809265137,14.199999809265137,13.899999618530273,14.130000114440918,42500,0.0,0.0
2022-06-06 00:00:00-04:00,14.3100004196167,14.5600004196167,14.0600004196167,14.520000457763672,61200,0.0,0.0
2022-06-07 00:00:00-04:00,14.260000228881836,14.609999656677246,14.100000381469727,14.579999923706055,48800,0.0,0.0
2022-06-08 00:00:00-04:00,14.470000267028809,14.9399995803833,14.350000381469727,14.550000190734863,46400,0.0,0.0
2022-06-09 00:00:00-04:00,14.460000038146973,14.75,14.329999923706055,14.380000114440918,50100,0.0,0.0
2022-06-10 00:00:00-04:00,14.1899995803833,14.239999771118164,13.739999771118164,13.770000457763672,43700,0.0,0.0
2022-06-13 00:00:00-04:00,13.520000457763672,13.720000267028809,13.109999656677246,13.479999542236328,42000,0.0,0.0
2022-06-14 00:00:00-04:00,13.5,13.579999923706055,13.15999984741211,13.470000267028809,35200,0.0,0.0
2022-06-15 00:00:00-04:00,13.470000267028809,14.020000457763672,13.380000114440918,13.539999961853027,46400,0.0,0.0
2022-06-16 00:00:00-04:00,13.520000457763672,13.520000457763672,13.029999732971191,13.34000015258789,51600,0.0,0.0
2022-06-17 00:00:00-04:00,13.479999542236328,13.859999656677246,13.430000305175781,13.760000228881836,129300,0.0,0.0
2022-06-21 00:00:00-04:00,13.789999961853027,14.5600004196167,13.710000038146973,14.289999961853027,51700,0.0,0.0
2022-06-22 00:00:00-04:00,14.140000343322754,14.890000343322754,14.140000343322754,14.829999923706055,75400,0.0,0.0
2022-06-23 00:00:00-04:00,14.75,15.390000343322754,14.649999618530273,15.359999656677246,40800,0.0,0.0
2022-06-24 00:00:00-04:00,15.300000190734863,15.770000457763672,15.300000190734863,15.600000381469727,97000,0.0,0.0
2022-06-27 00:00:00-04:00,15.760000228881836,15.8100004196167,15.59000015258789,15.710000038146973,29400,0.0,0.0
2022-06-28 00:00:00-04:00,15.649999618530273,16.020000457763672,15.460000038146973,15.460000038146973,44800,0.0,0.0
2022-06-29 00:00:00-04:00,15.569999694824219,15.789999961853027,15.460000038146973,15.680000305175781,45100,0.0,0.0
2022-06-30 00:00:00-04:00,15.479999542236328,16.170000076293945,15.470000267028809,16.15999984741211,56200,0.0,0.0
2022-07-01 00:00:00-04:00,16.010000228881836,16.3799991607666,15.680000305175781,16.049999237060547,34900,0.0,0.0
2022-07-05 00:00:00-04:00,15.720000267028809,15.979999542236328,15.350000381469727,15.739999771118164,62200,0.0,0.0
2022-07-06 00:00:00-04:00,15.6899995803833,15.6899995803833,14.569999694824219,14.600000381469727,58800,0.0,0.0
2022-07-07 00:00:00-04:00,14.800000190734863,15.010000228881836,14.760000228881836,14.949999809265137,44100,0.0,0.0
2022-07-08 00:00:00-04:00,15.039999961853027,15.100000381469727,14.470000267028809,15.029999732971191,47900,0.0,0.0
2022-07-11 00:00:00-04:00,15.0,15.5,14.529999732971191,14.529999732971191,20500,0.0,0.0
2022-07-12 00:00:00-04:00,14.5600004196167,14.8100004196167,14.449999809265137,14.699999809265137,38300,0.0,0.0
2022-07-13 00:00:00-04:00,14.539999961853027,14.949999809265137,14.470000267028809,14.869999885559082,31000,0.0,0.0
2022-07-14 00:00:00-04:00,14.600000381469727,15.5,14.600000381469727,15.300000190734863,46600,0.0,0.0
2022-07-15 00:00:00-04:00,15.5600004196167,16.09000015258789,15.479999542236328,15.869999885559082,50200,0.0,0.0
2022-07-18 00:00:00-04:00,15.869999885559082,16.18000030517578,15.270000457763672,16.059999465942383,30900,0.0,0.0
2022-07-19 00:00:00-04:00,16.139999389648438,16.549999237060547,16.010000228881836,16.15999984741211,56700,0.0,0.0
2022-07-20 00:00:00-04:00,16.209999084472656,16.790000915527344,16.18000030517578,16.610000610351562,45100,0.0,0.0
2022-07-21 00:00:00-04:00,16.399999618530273,16.399999618530273,15.949999809265137,16.09000015258789,31900,0.0,0.0
2022-07-22 00:00:00-04:00,16.239999771118164,16.239999771118164,15.75,16.049999237060547,29100,0.0,0.0
2022-07-25 00:00:00-04:00,16.170000076293945,16.34000015258789,15.890000343322754,15.970000267028809,33600,0.0,0.0
2022-07-26 00:00:00-04:00,15.84000015258789,15.84000015258789,15.470000267028809,15.699999809265137,30800,0.0,0.0
2022-07-27 00:00:00-04:00,15.850000381469727,16.579999923706055,15.84000015258789,16.479999542236328,31200,0.0,0.0
2022-07-28 00:00:00-04:00,16.360000610351562,16.3799991607666,15.430000305175781,15.770000457763672,49000,0.0,0.0
2022-07-29 00:00:00-04:00,15.920000076293945,15.920000076293945,15.119999885559082,15.710000038146973,52000,0.0,0.0
2022-08-01 00:00:00-04:00,15.59000015258789,16.010000228881836,15.220000267028809,15.779999732971191,32400,0.0,0.0
2022-08-02 00:00:00-04:00,15.869999885559082,15.949999809265137,15.350000381469727,15.65999984741211,40500,0.0,0.0
2022-08-03 00:00:00-04:00,15.8100004196167,16.170000076293945,15.289999961853027,16.040000915527344,30100,0.0,0.0
2022-08-04 00:00:00-04:00,15.90999984741211,16.34000015258789,15.779999732971191,16.200000762939453,33500,0.0,0.0
2022-08-05 00:00:00-04:00,15.970000267028809,16.309999465942383,15.0,15.90999984741211,29400,0.0,0.0
2022-08-08 00:00:00-04:00,15.979999542236328,16.139999389648438,15.430000305175781,15.670000076293945,33100,0.0,0.0
2022-08-09 00:00:00-04:00,15.789999961853027,15.789999961853027,15.420000076293945,15.65999984741211,28400,0.0,0.0
2022-08-10 00:00:00-04:00,15.039999961853027,15.039999961853027,12.210000038146973,12.470000267028809,115100,0.0,0.0
2022-08-11 00:00:00-04:00,12.649999618530273,12.75,12.069999694824219,12.430000305175781,88600,0.0,0.0
2022-08-12 00:00:00-04:00,12.649999618530273,13.029999732971191,12.319999694824219,13.0,64300,0.0,0.0
2022-08-15 00:00:00-04:00,13.039999961853027,13.039999961853027,11.850000381469727,11.899999618530273,119300,0.0,0.0
2022-08-16 00:00:00-04:00,12.050000190734863,12.050000190734863,11.569999694824219,11.84000015258789,103800,0.0,0.0
2022-08-17 00:00:00-04:00,11.770000457763672,12.430000305175781,11.75,11.920000076293945,134800,0.0,0.0
2022-08-18 00:00:00-04:00,11.899999618530273,12.0,11.75,11.880000114440918,102300,0.0,0.0
2022-08-19 00:00:00-04:00,11.789999961853027,12.25,11.539999961853027,12.140000343322754,112500,0.0,0.0
2022-08-22 00:00:00-04:00,12.100000381469727,12.100000381469727,11.5600004196167,11.619999885559082,67700,0.0,0.0
2022-08-23 00:00:00-04:00,11.479999542236328,11.550000190734863,10.529999732971191,10.739999771118164,97700,0.0,0.0
2022-08-24 00:00:00-04:00,10.75,10.819999694824219,10.5,10.710000038146973,69800,0.0,0.0
2022-08-25 00:00:00-04:00,10.84000015258789,11.119999885559082,10.720000267028809,11.09000015258789,117100,0.0,0.0
2022-08-26 00:00:00-04:00,11.100000381469727,11.130000114440918,10.680000305175781,10.84000015258789,91600,0.0,0.0
2022-08-29 00:00:00-04:00,10.649999618530273,10.859999656677246,10.619999885559082,10.65999984741211,86600,0.0,0.0
2022-08-30 00:00:00-04:00,10.619999885559082,10.619999885559082,9.989999771118164,10.369999885559082,157000,0.0,0.0
2022-08-31 00:00:00-04:00,10.390000343322754,10.520000457763672,10.25,10.329999923706055,77100,0.0,0.0
2022-09-01 00:00:00-04:00,10.329999923706055,10.329999923706055,9.930000305175781,10.0600004196167,103400,0.0,0.0
2022-09-02 00:00:00-04:00,10.119999885559082,10.140000343322754,9.699999809265137,9.819999694824219,142000,0.0,0.0
2022-09-06 00:00:00-04:00,8.770000457763672,9.5,8.65999984741211,9.260000228881836,720600,0.0,0.0
2022-09-07 00:00:00-04:00,9.210000038146973,9.3100004196167,8.829999923706055,8.890000343322754,467400,0.0,0.0
2022-09-08 00:00:00-04:00,8.800000190734863,9.239999771118164,8.649999618530273,8.739999771118164,341500,0.0,0.0
2022-09-09 00:00:00-04:00,8.760000228881836,8.869999885559082,8.529999732971191,8.699999809265137,352200,0.0,0.0
2022-09-12 00:00:00-04:00,8.800000190734863,9.279999732971191,8.739999771118164,9.15999984741211,417200,0.0,0.0
2022-09-13 00:00:00-04:00,8.989999771118164,9.220000267028809,8.300000190734863,8.609999656677246,537300,0.0,0.0
2022-09-14 00:00:00-04:00,8.609999656677246,8.739999771118164,8.029999732971191,8.489999771118164,469200,0.0,0.0
2022-09-15 00:00:00-04:00,8.369999885559082,8.550000190734863,8.220000267028809,8.520000457763672,618800,0.0,0.0
2022-09-16 00:00:00-04:00,8.449999809265137,8.449999809265137,8.050000190734863,8.149999618530273,4112800,0.0,0.0
2022-09-19 00:00:00-04:00,8.3100004196167,8.420000076293945,7.829999923706055,8.3100004196167,486600,0.0,0.0
2022-09-20 00:00:00-04:00,8.34000015258789,8.819999694824219,8.180000305175781,8.720000267028809,482800,0.0,0.0
2022-09-21 00:00:00-04:00,8.720000267028809,8.890000343322754,8.350000381469727,8.380000114440918,301000,0.0,0.0
2022-09-22 00:00:00-04:00,8.359999656677246,8.359999656677246,8.069999694824219,8.319999694824219,208000,0.0,0.0
2022-09-23 00:00:00-04:00,8.260000228881836,9.640000343322754,8.220000267028809,9.420000076293945,425200,0.0,0.0
2022-09-26 00:00:00-04:00,9.399999618530273,9.739999771118164,9.039999961853027,9.109999656677246,267400,0.0,0.0
2022-09-27 00:00:00-04:00,9.220000267028809,9.460000038146973,9.010000228881836,9.109999656677246,199100,0.0,0.0
2022-09-28 00:00:00-04:00,9.079999923706055,9.699999809265137,8.9399995803833,9.569999694824219,389600,0.0,0.0
2022-09-29 00:00:00-04:00,9.520000457763672,9.520000457763672,9.119999885559082,9.220000267028809,269100,0.0,0.0
2022-09-30 00:00:00-04:00,9.029999732971191,9.59000015258789,9.029999732971191,9.140000343322754,223000,0.0,0.0
2022-10-03 00:00:00-04:00,9.1899995803833,9.279999732971191,8.899999618530273,9.15999984741211,160900,0.0,0.0
2022-10-04 00:00:00-04:00,9.229999542236328,9.880000114440918,9.0600004196167,9.819999694824219,162600,0.0,0.0
2022-10-05 00:00:00-04:00,9.640000343322754,9.640000343322754,9.079999923706055,9.359999656677246,190700,0.0,0.0
2022-10-06 00:00:00-04:00,9.369999885559082,9.90999984741211,9.15999984741211,9.850000381469727,132500,0.0,0.0
2022-10-07 00:00:00-04:00,9.819999694824219,9.949999809265137,9.630000114440918,9.75,354400,0.0,0.0
2022-10-10 00:00:00-04:00,9.710000038146973,10.220000267028809,9.670000076293945,10.170000076293945,120700,0.0,0.0
2022-10-11 00:00:00-04:00,10.229999542236328,10.510000228881836,10.039999961853027,10.359999656677246,160300,0.0,0.0
2022-10-12 00:00:00-04:00,10.3100004196167,10.670000076293945,10.220000267028809,10.619999885559082,104200,0.0,0.0
2022-10-13 00:00:00-04:00,10.550000190734863,10.8100004196167,10.270000457763672,10.8100004196167,140500,0.0,0.0
2022-10-14 00:00:00-04:00,10.829999923706055,11.0,10.5,10.680000305175781,207000,0.0,0.0
2022-10-17 00:00:00-04:00,10.899999618530273,11.449999809265137,10.710000038146973,11.289999961853027,159900,0.0,0.0
2022-10-18 00:00:00-04:00,11.420000076293945,11.720000267028809,11.420000076293945,11.449999809265137,115100,0.0,0.0
2022-10-19 00:00:00-04:00,11.34000015258789,11.479999542236328,11.1899995803833,11.40999984741211,117600,0.0,0.0
2022-10-20 00:00:00-04:00,11.5,11.970000267028809,11.319999694824219,11.640000343322754,92900,0.0,0.0
2022-10-21 00:00:00-04:00,11.770000457763672,12.09000015258789,11.649999618530273,11.869999885559082,125200,0.0,0.0
2022-10-24 00:00:00-04:00,11.84000015258789,11.84000015258789,11.239999771118164,11.619999885559082,154300,0.0,0.0
2022-10-25 00:00:00-04:00,11.65999984741211,12.449999809265137,11.65999984741211,12.079999923706055,123700,0.0,0.0
2022-10-26 00:00:00-04:00,12.210000038146973,12.539999961853027,12.09000015258789,12.270000457763672,134700,0.0,0.0
2022-10-27 00:00:00-04:00,12.289999961853027,12.520000457763672,12.0,12.279999732971191,151800,0.0,0.0
2022-10-28 00:00:00-04:00,12.359999656677246,13.09000015258789,12.359999656677246,13.0,105200,0.0,0.0
2022-10-31 00:00:00-04:00,13.029999732971191,13.029999732971191,12.640000343322754,12.8100004196167,115700,0.0,0.0
2022-11-01 00:00:00-04:00,12.970000267028809,13.100000381469727,12.479999542236328,12.640000343322754,96700,0.0,0.0
2022-11-02 00:00:00-04:00,12.829999923706055,12.829999923706055,12.380000114440918,12.390000343322754,107400,0.0,0.0
2022-11-03 00:00:00-04:00,12.1899995803833,12.600000381469727,11.479999542236328,12.390000343322754,57200,0.0,0.0
2022-11-04 00:00:00-04:00,12.470000267028809,12.630000114440918,12.170000076293945,12.5,84500,0.0,0.0
2022-11-07 00:00:00-05:00,12.680000305175781,12.680000305175781,12.199999809265137,12.4399995803833,325300,0.0,0.0
2022-11-08 00:00:00-05:00,12.529999732971191,12.680000305175781,12.050000190734863,12.350000381469727,153000,0.0,0.0
2022-11-09 00:00:00-05:00,12.140000343322754,13.270000457763672,12.140000343322754,13.100000381469727,152000,0.0,0.0
2022-11-10 00:00:00-05:00,13.569999694824219,13.890000343322754,13.029999732971191,13.279999732971191,144500,0.0,0.0
2022-11-11 00:00:00-05:00,13.3100004196167,13.3100004196167,11.84000015258789,12.970000267028809,101800,0.0,0.0
2022-11-14 00:00:00-05:00,12.800000190734863,12.960000038146973,12.5,12.619999885559082,181200,0.0,0.0
2022-11-15 00:00:00-05:00,12.869999885559082,13.260000228881836,12.770000457763672,13.020000457763672,106100,0.0,0.0
2022-11-16 00:00:00-05:00,12.829999923706055,13.199999809265137,12.8100004196167,13.100000381469727,129600,0.0,0.0
2022-11-17 00:00:00-05:00,12.850000381469727,13.239999771118164,12.819999694824219,13.199999809265137,94800,0.0,0.0
2022-11-18 00:00:00-05:00,13.4399995803833,13.649999618530273,13.260000228881836,13.510000228881836,81400,0.0,0.0
2022-11-21 00:00:00-05:00,13.119999885559082,13.65999984741211,13.119999885559082,13.550000190734863,90600,0.0,0.0
2022-11-22 00:00:00-05:00,13.640000343322754,13.640000343322754,12.729999542236328,12.770000457763672,123000,0.0,0.0
2022-11-23 00:00:00-05:00,12.800000190734863,13.170000076293945,12.640000343322754,12.890000343322754,64300,0.0,0.0
2022-11-25 00:00:00-05:00,12.989999771118164,12.989999771118164,12.670000076293945,12.710000038146973,57600,0.0,0.0
2022-11-28 00:00:00-05:00,12.710000038146973,13.109999656677246,12.680000305175781,13.020000457763672,101200,0.0,0.0
2022-11-29 00:00:00-05:00,13.020000457763672,13.619999885559082,12.880000114440918,13.15999984741211,100300,0.0,0.0
2022-11-30 00:00:00-05:00,13.170000076293945,13.34000015258789,12.800000190734863,12.850000381469727,772200,0.0,0.0
2022-12-01 00:00:00-05:00,13.010000228881836,13.600000381469727,13.010000228881836,13.420000076293945,121300,0.0,0.0
2022-12-02 00:00:00-05:00,13.229999542236328,13.8100004196167,13.050000190734863,13.779999732971191,93700,0.0,0.0
2022-12-05 00:00:00-05:00,13.75,14.149999618530273,13.6899995803833,13.819999694824219,127800,0.0,0.0
2022-12-06 00:00:00-05:00,13.800000190734863,14.220000267028809,13.760000228881836,14.09000015258789,140200,0.0,0.0
2022-12-07 00:00:00-05:00,14.100000381469727,14.220000267028809,13.890000343322754,14.069999694824219,154400,0.0,0.0
2022-12-08 00:00:00-05:00,14.100000381469727,14.170000076293945,13.369999885559082,13.710000038146973,105400,0.0,0.0
2022-12-09 00:00:00-05:00,13.65999984741211,13.779999732971191,13.460000038146973,13.5,228100,0.0,0.0
2022-12-12 00:00:00-05:00,13.460000038146973,13.489999771118164,13.09000015258789,13.399999618530273,75600,0.0,0.0
2022-12-13 00:00:00-05:00,13.75,13.8100004196167,13.350000381469727,13.609999656677246,103300,0.0,0.0
2022-12-14 00:00:00-05:00,13.609999656677246,14.149999618530273,13.3100004196167,13.84000015258789,102100,0.0,0.0
2022-12-15 00:00:00-05:00,13.630000114440918,13.680000305175781,13.430000305175781,13.510000228881836,73400,0.0,0.0
2022-12-16 00:00:00-05:00,13.380000114440918,13.579999923706055,13.25,13.3100004196167,199500,0.0,0.0
2022-12-19 00:00:00-05:00,13.279999732971191,13.40999984741211,12.640000343322754,12.680000305175781,95900,0.0,0.0
2022-12-20 00:00:00-05:00,12.649999618530273,12.760000228881836,12.420000076293945,12.569999694824219,124800,0.0,0.0
2022-12-21 00:00:00-05:00,12.619999885559082,13.300000190734863,12.5,13.170000076293945,98300,0.0,0.0
2022-12-22 00:00:00-05:00,13.15999984741211,13.170000076293945,12.729999542236328,12.899999618530273,81500,0.0,0.0
2022-12-23 00:00:00-05:00,12.880000114440918,12.90999984741211,12.649999618530273,12.770000457763672,106200,0.0,0.0
2022-12-27 00:00:00-05:00,12.779999732971191,13.0,12.619999885559082,12.819999694824219,35800,0.0,0.0
2022-12-28 00:00:00-05:00,12.84000015258789,13.020000457763672,12.569999694824219,12.569999694824219,60100,0.0,0.0
2022-12-29 00:00:00-05:00,12.649999618530273,13.050000190734863,12.619999885559082,12.699999809265137,63000,0.0,0.0
2022-12-30 00:00:00-05:00,12.630000114440918,12.75,12.270000457763672,12.289999961853027,65500,0.0,0.0
2023-01-03 00:00:00-05:00,12.350000381469727,12.989999771118164,12.350000381469727,12.859999656677246,143700,0.0,0.0
2023-01-04 00:00:00-05:00,12.859999656677246,13.739999771118164,12.859999656677246,13.619999885559082,119600,0.0,0.0
2023-01-05 00:00:00-05:00,13.529999732971191,13.5600004196167,12.779999732971191,13.149999618530273,63500,0.0,0.0
2023-01-06 00:00:00-05:00,13.220000267028809,13.529999732971191,13.119999885559082,13.399999618530273,83100,0.0,0.0
2023-01-09 00:00:00-05:00,13.470000267028809,13.739999771118164,13.180000305175781,13.199999809265137,57800,0.0,0.0
2023-01-10 00:00:00-05:00,13.199999809265137,13.569999694824219,12.979999542236328,13.529999732971191,87700,0.0,0.0
2023-01-11 00:00:00-05:00,13.5,13.569999694824219,13.100000381469727,13.130000114440918,49600,0.0,0.0
2023-01-12 00:00:00-05:00,13.119999885559082,13.449999809265137,13.0,13.239999771118164,61100,0.0,0.0
2023-01-13 00:00:00-05:00,13.119999885559082,13.229999542236328,12.5600004196167,12.779999732971191,232400,0.0,0.0
2023-01-17 00:00:00-05:00,12.789999961853027,13.029999732971191,12.550000190734863,12.890000343322754,107200,0.0,0.0
2023-01-18 00:00:00-05:00,13.0,13.0,12.050000190734863,12.09000015258789,92900,0.0,0.0
2023-01-19 00:00:00-05:00,12.020000457763672,12.199999809265137,11.920000076293945,12.039999961853027,258500,0.0,0.0
2023-01-20 00:00:00-05:00,12.149999618530273,12.5,11.899999618530273,12.420000076293945,111700,0.0,0.0
2023-01-23 00:00:00-05:00,12.4399995803833,12.4399995803833,11.75,12.079999923706055,145400,0.0,0.0
2023-01-24 00:00:00-05:00,12.100000381469727,12.300000190734863,11.949999809265137,12.140000343322754,165800,0.0,0.0
2023-01-25 00:00:00-05:00,12.130000114440918,12.229999542236328,12.010000228881836,12.170000076293945,74800,0.0,0.0
2023-01-26 00:00:00-05:00,12.239999771118164,12.359999656677246,12.0600004196167,12.239999771118164,77900,0.0,0.0
2023-01-27 00:00:00-05:00,12.180000305175781,12.210000038146973,12.0,12.15999984741211,91100,0.0,0.0
2023-01-30 00:00:00-05:00,12.0600004196167,12.0600004196167,11.779999732971191,11.789999961853027,77700,0.0,0.0
2023-01-31 00:00:00-05:00,11.84000015258789,12.229999542236328,11.829999923706055,12.109999656677246,206100,0.0,0.0
2023-02-01 00:00:00-05:00,12.130000114440918,12.579999923706055,12.069999694824219,12.479999542236328,176400,0.0,0.0
2023-02-02 00:00:00-05:00,12.470000267028809,13.119999885559082,12.449999809265137,12.59000015258789,306700,0.0,0.0
2023-02-03 00:00:00-05:00,12.460000038146973,12.930000305175781,11.890000343322754,12.899999618530273,199500,0.0,0.0
2023-02-06 00:00:00-05:00,12.899999618530273,13.279999732971191,12.739999771118164,13.069999694824219,391600,0.0,0.0
2023-02-07 00:00:00-05:00,12.899999618530273,13.430000305175781,12.6899995803833,13.40999984741211,144600,0.0,0.0
2023-02-08 00:00:00-05:00,13.40999984741211,13.510000228881836,12.880000114440918,12.880000114440918,100300,0.0,0.0
2023-02-09 00:00:00-05:00,12.989999771118164,13.010000228881836,12.420000076293945,12.550000190734863,51600,0.0,0.0
2023-02-10 00:00:00-05:00,12.449999809265137,12.449999809265137,12.130000114440918,12.3100004196167,150800,0.0,0.0
2023-02-13 00:00:00-05:00,12.300000190734863,12.6899995803833,12.029999732971191,12.680000305175781,106600,0.0,0.0
2023-02-14 00:00:00-05:00,12.649999618530273,12.8100004196167,12.319999694824219,12.720000267028809,68400,0.0,0.0
2023-02-15 00:00:00-05:00,12.710000038146973,12.949999809265137,12.550000190734863,12.770000457763672,82900,0.0,0.0
2023-02-16 00:00:00-05:00,12.5600004196167,12.710000038146973,12.229999542236328,12.489999771118164,95700,0.0,0.0
2023-02-17 00:00:00-05:00,12.630000114440918,12.829999923706055,12.289999961853027,12.479999542236328,115400,0.0,0.0
2023-02-21 00:00:00-05:00,12.40999984741211,12.550000190734863,12.050000190734863,12.119999885559082,74700,0.0,0.0
2023-02-22 00:00:00-05:00,12.079999923706055,12.119999885559082,11.619999885559082,11.680000305175781,224600,0.0,0.0
2023-02-23 00:00:00-05:00,11.729999542236328,11.979999542236328,11.609999656677246,11.850000381469727,133600,0.0,0.0
2023-02-24 00:00:00-05:00,11.579999923706055,11.819999694824219,11.350000381469727,11.569999694824219,124800,0.0,0.0
2023-02-27 00:00:00-05:00,11.609999656677246,11.65999984741211,11.399999618530273,11.420000076293945,100400,0.0,0.0
2023-02-28 00:00:00-05:00,11.350000381469727,11.489999771118164,11.0,11.039999961853027,123700,0.0,0.0
2023-03-01 00:00:00-05:00,11.039999961853027,11.039999961853027,10.199999809265137,10.449999809265137,204000,0.0,0.0
2023-03-02 00:00:00-05:00,10.449999809265137,10.630000114440918,10.3100004196167,10.359999656677246,124600,0.0,0.0
2023-03-03 00:00:00-05:00,10.489999771118164,10.539999961853027,10.050000190734863,10.289999961853027,142500,0.0,0.0
2023-03-06 00:00:00-05:00,10.3100004196167,10.420000076293945,10.09000015258789,10.350000381469727,251100,0.0,0.0
2023-03-07 00:00:00-05:00,10.359999656677246,11.170000076293945,10.359999656677246,11.140000343322754,157800,0.0,0.0
2023-03-08 00:00:00-05:00,11.069999694824219,11.100000381469727,10.779999732971191,11.039999961853027,177900,0.0,0.0
2023-03-09 00:00:00-05:00,11.029999732971191,11.170000076293945,10.729999542236328,10.739999771118164,203300,0.0,0.0
2023-03-10 00:00:00-05:00,10.789999961853027,10.899999618530273,9.65999984741211,9.779999732971191,215700,0.0,0.0
2023-03-13 00:00:00-04:00,9.739999771118164,9.75,9.130000114440918,9.210000038146973,152000,0.0,0.0
2023-03-14 00:00:00-04:00,9.510000228881836,9.510000228881836,8.84000015258789,9.260000228881836,261200,0.0,0.0
2023-03-15 00:00:00-04:00,7.050000190734863,7.510000228881836,4.460000038146973,4.559999942779541,2888500,0.0,0.0
2023-03-16 00:00:00-04:00,4.599999904632568,4.650000095367432,4.150000095367432,4.449999809265137,1148400,0.0,0.0
2023-03-17 00:00:00-04:00,4.400000095367432,4.610000133514404,4.059999942779541,4.070000171661377,2028800,0.0,0.0
2023-03-20 00:00:00-04:00,4.199999809265137,4.25,3.7799999713897705,3.950000047683716,1333100,0.0,0.0
2023-03-21 00:00:00-04:00,4.059999942779541,4.400000095367432,3.930000066757202,4.03000020980835,784700,0.0,0.0
2023-03-22 00:00:00-04:00,4.139999866485596,4.75,4.130000114440918,4.269999980926514,665100,0.0,0.0
2023-03-23 00:00:00-04:00,4.449999809265137,4.820000171661377,4.420000076293945,4.639999866485596,565300,0.0,0.0
2023-03-24 00:00:00-04:00,4.579999923706055,4.71999979019165,4.440000057220459,4.670000076293945,380200,0.0,0.0
2023-03-27 00:00:00-04:00,4.760000228881836,5.110000133514404,4.710000038146973,5.019999980926514,334600,0.0,0.0
2023-03-28 00:00:00-04:00,5.019999980926514,5.019999980926514,4.710000038146973,4.829999923706055,281900,0.0,0.0
2023-03-29 00:00:00-04:00,4.889999866485596,4.940000057220459,4.679999828338623,4.75,219200,0.0,0.0
2023-03-30 00:00:00-04:00,4.789999961853027,5.070000171661377,4.760000228881836,4.900000095367432,251300,0.0,0.0
2023-03-31 00:00:00-04:00,4.989999771118164,5.460000038146973,4.989999771118164,5.420000076293945,310100,0.0,0.0
2023-04-03 00:00:00-04:00,5.449999809265137,5.630000114440918,5.309999942779541,5.360000133514404,466200,0.0,0.0
2023-04-04 00:00:00-04:00,5.380000114440918,5.570000171661377,5.150000095367432,5.460000038146973,341100,0.0,0.0
2023-04-05 00:00:00-04:00,5.460000038146973,5.690000057220459,5.400000095367432,5.510000228881836,402500,0.0,0.0
2023-04-06 00:00:00-04:00,5.510000228881836,5.760000228881836,5.510000228881836,5.659999847412109,460900,0.0,0.0
2023-04-10 00:00:00-04:00,5.610000133514404,5.670000076293945,5.150000095367432,5.440000057220459,312500,0.0,0.0
2023-04-11 00:00:00-04:00,5.480000019073486,6.130000114440918,5.440000057220459,5.920000076293945,303600,0.0,0.0
2023-04-12 00:00:00-04:00,5.75,6.309999942779541,5.75,6.159999847412109,283200,0.0,0.0
2023-04-13 00:00:00-04:00,6.159999847412109,6.71999979019165,6.159999847412109,6.519999980926514,343300,0.0,0.0
2023-04-14 00:00:00-04:00,6.53000020980835,6.650000095367432,6.25,6.320000171661377,252400,0.0,0.0
2023-04-17 00:00:00-04:00,6.340000152587891,6.519999980926514,6.239999771118164,6.400000095367432,342300,0.0,0.0
2023-04-18 00:00:00-04:00,6.46999979019165,6.659999847412109,6.329999923706055,6.349999904632568,278200,0.0,0.0
2023-04-19 00:00:00-04:00,6.25,6.260000228881836,5.980000019073486,6.050000190734863,253200,0.0,0.0
2023-04-20 00:00:00-04:00,6.050000190734863,6.599999904632568,6.039999961853027,6.420000076293945,273500,0.0,0.0
2023-04-21 00:00:00-04:00,6.409999847412109,6.699999809265137,6.389999866485596,6.539999961853027,239100,0.0,0.0
2023-04-24 00:00:00-04:00,6.550000190734863,6.690000057220459,6.409999847412109,6.590000152587891,210300,0.0,0.0
2023-04-25 00:00:00-04:00,6.489999771118164,6.860000133514404,6.449999809265137,6.480000019073486,234000,0.0,0.0
2023-04-26 00:00:00-04:00,6.389999866485596,6.440000057220459,6.079999923706055,6.199999809265137,199200,0.0,0.0
2023-04-27 00:00:00-04:00,6.269999980926514,6.360000133514404,6.039999961853027,6.059999942779541,115600,0.0,0.0
2023-04-28 00:00:00-04:00,5.989999771118164,6.079999923706055,5.570000171661377,5.699999809265137,158500,0.0,0.0
2023-05-01 00:00:00-04:00,5.670000076293945,5.809999942779541,5.5,5.610000133514404,142600,0.0,0.0
2023-05-02 00:00:00-04:00,5.510000228881836,5.510000228881836,5.210000038146973,5.380000114440918,187200,0.0,0.0
2023-05-03 00:00:00-04:00,5.400000095367432,5.730000019073486,5.340000152587891,5.489999771118164,127700,0.0,0.0
2023-05-04 00:00:00-04:00,5.489999771118164,5.489999771118164,5.010000228881836,5.130000114440918,163900,0.0,0.0
2023-05-05 00:00:00-04:00,5.210000038146973,5.389999866485596,5.070000171661377,5.340000152587891,150500,0.0,0.0
2023-05-08 00:00:00-04:00,5.389999866485596,5.510000228881836,5.320000171661377,5.449999809265137,109900,0.0,0.0
2023-05-09 00:00:00-04:00,5.360000133514404,5.460000038146973,5.150000095367432,5.230000019073486,140200,0.0,0.0
2023-05-10 00:00:00-04:00,5.730000019073486,6.0,5.5,5.840000152587891,184400,0.0,0.0
2023-05-11 00:00:00-04:00,5.710000038146973,5.869999885559082,5.5,5.539999961853027,391900,0.0,0.0
2023-05-12 00:00:00-04:00,5.559999942779541,5.559999942779541,5.130000114440918,5.400000095367432,129400,0.0,0.0
2023-05-15 00:00:00-04:00,5.369999885559082,5.559999942779541,5.349999904632568,5.5,188800,0.0,0.0
2023-05-16 00:00:00-04:00,5.449999809265137,5.53000020980835,5.369999885559082,5.440000057220459,114000,0.0,0.0
2023-05-17 00:00:00-04:00,5.449999809265137,5.730000019073486,5.380000114440918,5.710000038146973,157800,0.0,0.0
2023-05-18 00:00:00-04:00,5.670000076293945,6.230000019073486,5.599999904632568,6.230000019073486,173200,0.0,0.0
2023-05-19 00:00:00-04:00,6.300000190734863,6.340000152587891,6.099999904632568,6.28000020980835,118700,0.0,0.0
2023-05-22 00:00:00-04:00,6.28000020980835,6.349999904632568,6.179999828338623,6.21999979019165,95300,0.0,0.0
2023-05-23 00:00:00-04:00,6.190000057220459,6.349999904632568,6.079999923706055,6.289999961853027,95200,0.0,0.0
2023-05-24 00:00:00-04:00,6.25,6.340000152587891,6.199999809265137,6.309999942779541,147900,0.0,0.0
2023-05-25 00:00:00-04:00,6.260000228881836,6.309999942779541,6.210000038146973,6.260000228881836,76400,0.0,0.0
2023-05-26 00:00:00-04:00,6.170000076293945,6.269999980926514,5.579999923706055,5.670000076293945,123400,0.0,0.0
2023-05-30 00:00:00-04:00,5.619999885559082,5.650000095367432,5.170000076293945,5.21999979019165,77900,0.0,0.0
2023-05-31 00:00:00-04:00,5.139999866485596,5.199999809265137,4.820000171661377,5.010000228881836,238000,0.0,0.0
2023-06-01 00:00:00-04:00,5.019999980926514,5.019999980926514,4.699999809265137,4.71999979019165,196200,0.0,0.0
2023-06-02 00:00:00-04:00,4.760000228881836,4.989999771118164,4.690000057220459,4.980000019073486,106700,0.0,0.0
2023-06-05 00:00:00-04:00,4.920000076293945,5.079999923706055,4.739999771118164,4.909999847412109,155400,0.0,0.0
2023-06-06 00:00:00-04:00,4.889999866485596,5.210000038146973,4.699999809265137,5.159999847412109,147600,0.0,0.0
2023-06-07 00:00:00-04:00,5.159999847412109,5.340000152587891,5.010000228881836,5.050000190734863,173400,0.0,0.0
2023-06-08 00:00:00-04:00,5.099999904632568,5.260000228881836,4.789999961853027,4.920000076293945,147800,0.0,0.0
2023-06-09 00:00:00-04:00,4.880000114440918,4.940000057220459,4.670000076293945,4.690000057220459,201900,0.0,0.0
2023-06-12 00:00:00-04:00,4.760000228881836,4.900000095367432,4.599999904632568,4.889999866485596,160200,0.0,0.0
2023-06-13 00:00:00-04:00,4.929999828338623,5.289999961853027,4.929999828338623,5.070000171661377,142900,0.0,0.0
2023-06-14 00:00:00-04:00,5.079999923706055,5.099999904632568,4.5,4.510000228881836,166400,0.0,0.0
2023-06-15 00:00:00-04:00,4.460000038146973,4.460000038146973,4.019999980926514,4.210000038146973,278200,0.0,0.0
2023-06-16 00:00:00-04:00,4.269999980926514,4.269999980926514,3.930000066757202,4.079999923706055,281300,0.0,0.0
2023-06-20 00:00:00-04:00,4.050000190734863,4.070000171661377,3.759999990463257,3.890000104904175,339100,0.0,0.0
2023-06-21 00:00:00-04:00,3.8499999046325684,3.9800000190734863,3.819999933242798,3.9100000858306885,246600,0.0,0.0
2023-06-22 00:00:00-04:00,3.930000066757202,4.170000076293945,3.8399999141693115,4.119999885559082,280700,0.0,0.0
2023-06-23 00:00:00-04:00,4.090000152587891,4.53000020980835,3.9700000286102295,4.489999771118164,2950000,0.0,0.0
2023-06-26 00:00:00-04:00,4.389999866485596,5.079999923706055,4.389999866485596,4.96999979019165,387600,0.0,0.0
2023-06-27 00:00:00-04:00,5.03000020980835,5.170000076293945,4.820000171661377,4.940000057220459,212000,0.0,0.0
2023-06-28 00:00:00-04:00,4.900000095367432,4.900000095367432,4.559999942779541,4.610000133514404,128600,0.0,0.0
2023-06-29 00:00:00-04:00,4.590000152587891,4.869999885559082,4.5,4.840000152587891,126800,0.0,0.0
2023-06-30 00:00:00-04:00,4.900000095367432,4.929999828338623,4.690000057220459,4.739999771118164,98800,0.0,0.0
2023-07-03 00:00:00-04:00,4.800000190734863,4.96999979019165,4.78000020980835,4.860000133514404,31500,0.0,0.0
2023-07-05 00:00:00-04:00,4.900000095367432,5.090000152587891,4.800000190734863,5.059999942779541,101000,0.0,0.0
2023-07-06 00:00:00-04:00,5.099999904632568,5.099999904632568,4.849999904632568,4.96999979019165,137700,0.0,0.0
2023-07-07 00:00:00-04:00,4.96999979019165,5.010000228881836,4.809999942779541,4.849999904632568,67600,0.0,0.0
2023-07-10 00:00:00-04:00,4.820000171661377,4.96999979019165,4.550000190734863,4.760000228881836,58800,0.0,0.0
2023-07-11 00:00:00-04:00,4.75,4.849999904632568,4.429999828338623,4.739999771118164,132700,0.0,0.0
2023-07-12 00:00:00-04:00,4.880000114440918,4.909999847412109,4.599999904632568,4.639999866485596,50800,0.0,0.0
2023-07-13 00:00:00-04:00,4.610000133514404,4.730000019073486,4.429999828338623,4.610000133514404,82300,0.0,0.0
2023-07-14 00:00:00-04:00,4.650000095367432,4.730000019073486,4.5,4.690000057220459,79000,0.0,0.0
2023-07-17 00:00:00-04:00,4.630000114440918,4.820000171661377,4.610000133514404,4.769999980926514,30800,0.0,0.0
2023-07-18 00:00:00-04:00,4.809999942779541,4.860000133514404,4.599999904632568,4.659999847412109,59300,0.0,0.0
2023-07-19 00:00:00-04:00,4.739999771118164,5.090000152587891,4.739999771118164,5.0,65800,0.0,0.0
2023-07-20 00:00:00-04:00,5.079999923706055,5.130000114440918,4.650000095367432,4.710000038146973,156100,0.0,0.0
2023-07-21 00:00:00-04:00,4.699999809265137,4.880000114440918,4.559999942779541,4.78000020980835,51400,0.0,0.0
2023-07-24 00:00:00-04:00,4.849999904632568,4.920000076293945,4.699999809265137,4.769999980926514,56100,0.0,0.0
2023-07-25 00:00:00-04:00,4.760000228881836,4.820000171661377,4.650000095367432,4.760000228881836,61000,0.0,0.0
2023-07-26 00:00:00-04:00,4.75,4.909999847412109,4.710000038146973,4.789999961853027,81200,0.0,0.0
2023-07-27 00:00:00-04:00,4.820000171661377,4.820000171661377,4.559999942779541,4.610000133514404,44000,0.0,0.0
2023-07-28 00:00:00-04:00,4.650000095367432,4.849999904632568,4.46999979019165,4.829999923706055,53100,0.0,0.0
2023-07-31 00:00:00-04:00,4.769999980926514,5.090000152587891,4.570000171661377,5.010000228881836,58300,0.0,0.0
2023-08-01 00:00:00-04:00,4.989999771118164,5.03000020980835,4.690000057220459,4.760000228881836,59600,0.0,0.0
2023-08-02 00:00:00-04:00,4.690000057220459,4.980000019073486,4.570000171661377,4.920000076293945,122300,0.0,0.0
2023-08-03 00:00:00-04:00,4.840000152587891,5.360000133514404,4.840000152587891,5.170000076293945,81300,0.0,0.0
2023-08-04 00:00:00-04:00,5.260000228881836,5.289999961853027,4.900000095367432,4.929999828338623,64900,0.0,0.0
2023-08-07 00:00:00-04:00,4.929999828338623,5.210000038146973,4.849999904632568,5.170000076293945,123300,0.0,0.0
2023-08-08 00:00:00-04:00,5.190000057220459,5.369999885559082,4.980000019073486,5.369999885559082,47800,0.0,0.0
2023-08-09 00:00:00-04:00,5.400000095367432,6.039999961853027,4.940000057220459,6.039999961853027,162300,0.0,0.0
2023-08-10 00:00:00-04:00,5.96999979019165,5.989999771118164,5.579999923706055,5.880000114440918,83400,0.0,0.0
2023-08-11 00:00:00-04:00,5.769999980926514,5.840000152587891,5.5,5.769999980926514,85000,0.0,0.0
2023-08-14 00:00:00-04:00,5.75,5.829999923706055,5.619999885559082,5.730000019073486,57400,0.0,0.0
2023-08-15 00:00:00-04:00,5.679999828338623,5.699999809265137,5.409999847412109,5.550000190734863,95100,0.0,0.0
2023-08-16 00:00:00-04:00,5.489999771118164,5.679999828338623,5.199999809265137,5.340000152587891,205800,0.0,0.0
2023-08-17 00:00:00-04:00,5.320000171661377,5.559999942779541,5.210000038146973,5.489999771118164,60500,0.0,0.0
2023-08-18 00:00:00-04:00,5.480000019073486,5.949999809265137,5.420000076293945,5.78000020980835,87900,0.0,0.0
2023-08-21 00:00:00-04:00,5.769999980926514,5.889999866485596,5.53000020980835,5.889999866485596,44200,0.0,0.0
2023-08-22 00:00:00-04:00,5.840000152587891,5.869999885559082,5.539999961853027,5.829999923706055,31800,0.0,0.0
2023-08-23 00:00:00-04:00,5.730000019073486,5.789999961853027,5.460000038146973,5.75,71400,0.0,0.0
2023-08-24 00:00:00-04:00,5.78000020980835,5.78000020980835,5.369999885559082,5.489999771118164,54900,0.0,0.0
2023-08-25 00:00:00-04:00,5.440000057220459,5.489999771118164,5.210000038146973,5.389999866485596,45400,0.0,0.0
2023-08-28 00:00:00-04:00,5.420000076293945,5.460000038146973,5.300000190734863,5.380000114440918,80600,0.0,0.0
2023-08-29 00:00:00-04:00,5.550000190734863,5.599999904632568,5.28000020980835,5.53000020980835,45900,0.0,0.0
2023-08-30 00:00:00-04:00,5.570000171661377,5.599999904632568,5.420000076293945,5.489999771118164,17200,0.0,0.0
2023-08-31 00:00:00-04:00,5.25,5.539999961853027,5.21999979019165,5.260000228881836,66600,0.0,0.0
2023-09-01 00:00:00-04:00,5.28000020980835,5.380000114440918,5.010000228881836,5.230000019073486,45700,0.0,0.0
2023-09-05 00:00:00-04:00,5.139999866485596,5.239999771118164,4.949999809265137,5.150000095367432,83800,0.0,0.0
2023-09-06 00:00:00-04:00,5.050000190734863,5.21999979019165,4.940000057220459,5.070000171661377,48000,0.0,0.0
2023-09-07 00:00:00-04:00,5.070000171661377,5.099999904632568,4.840000152587891,5.090000152587891,41700,0.0,0.0
2023-09-08 00:00:00-04:00,5.230000019073486,5.340000152587891,4.900000095367432,5.159999847412109,45500,0.0,0.0
2023-09-11 00:00:00-04:00,5.159999847412109,5.340000152587891,5.019999980926514,5.320000171661377,24900,0.0,0.0
2023-09-12 00:00:00-04:00,5.28000020980835,5.400000095367432,5.050000190734863,5.050000190734863,34700,0.0,0.0
2023-09-13 00:00:00-04:00,5.059999942779541,5.199999809265137,4.869999885559082,5.03000020980835,82800,0.0,0.0
2023-09-14 00:00:00-04:00,5.099999904632568,5.170000076293945,4.929999828338623,4.989999771118164,39100,0.0,0.0
2023-09-15 00:00:00-04:00,5.039999961853027,5.039999961853027,4.75,4.78000020980835,70300,0.0,0.0
2023-09-18 00:00:00-04:00,4.610000133514404,4.869999885559082,4.579999923706055,4.71999979019165,26500,0.0,0.0
2023-09-19 00:00:00-04:00,4.760000228881836,5.199999809265137,4.679999828338623,5.190000057220459,68600,0.0,0.0
2023-09-20 00:00:00-04:00,5.239999771118164,5.239999771118164,5.070000171661377,5.070000171661377,28800,0.0,0.0
2023-09-21 00:00:00-04:00,5.019999980926514,5.099999904632568,4.920000076293945,5.010000228881836,22500,0.0,0.0
2023-09-22 00:00:00-04:00,5.010000228881836,5.110000133514404,4.880000114440918,5.110000133514404,77700,0.0,0.0
2023-09-25 00:00:00-04:00,5.050000190734863,5.090000152587891,4.929999828338623,5.010000228881836,30300,0.0,0.0
2023-09-26 00:00:00-04:00,5.03000020980835,5.130000114440918,4.96999979019165,5.0,36500,0.0,0.0
2023-09-27 00:00:00-04:00,5.050000190734863,5.079999923706055,4.96999979019165,5.010000228881836,27100,0.0,0.0
2023-09-28 00:00:00-04:00,5.010000228881836,5.070000171661377,4.820000171661377,4.869999885559082,167100,0.0,0.0
2023-09-29 00:00:00-04:00,4.920000076293945,5.159999847412109,4.800000190734863,4.980000019073486,27900,0.0,0.0
2023-10-02 00:00:00-04:00,4.929999828338623,4.929999828338623,4.610000133514404,4.710000038146973,32500,0.0,0.0
2023-10-03 00:00:00-04:00,4.75,4.860000133514404,4.610000133514404,4.610000133514404,52800,0.0,0.0
2023-10-04 00:00:00-04:00,4.679999828338623,4.949999809265137,4.630000114440918,4.949999809265137,31700,0.0,0.0
2023-10-05 00:00:00-04:00,4.949999809265137,5.0,4.75,4.920000076293945,30500,0.0,0.0
2023-10-06 00:00:00-04:00,4.570000171661377,5.150000095367432,4.570000171661377,4.949999809265137,32100,0.0,0.0
2023-10-09 00:00:00-04:00,4.849999904632568,4.860000133514404,4.699999809265137,4.769999980926514,23100,0.0,0.0
2023-10-10 00:00:00-04:00,4.820000171661377,5.0,4.809999942779541,4.809999942779541,15500,0.0,0.0
2023-10-11 00:00:00-04:00,4.800000190734863,4.989999771118164,4.78000020980835,4.820000171661377,96100,0.0,0.0
2023-10-12 00:00:00-04:00,4.869999885559082,4.880000114440918,4.349999904632568,4.539999961853027,70500,0.0,0.0
2023-10-13 00:00:00-04:00,4.659999847412109,4.710000038146973,4.400000095367432,4.409999847412109,12900,0.0,0.0
2023-10-16 00:00:00-04:00,4.53000020980835,4.889999866485596,4.510000228881836,4.760000228881836,50900,0.0,0.0
2023-10-17 00:00:00-04:00,4.809999942779541,4.900000095367432,4.659999847412109,4.659999847412109,29900,0.0,0.0
2023-10-18 00:00:00-04:00,4.690000057220459,4.849999904632568,4.659999847412109,4.769999980926514,9500,0.0,0.0
2023-10-19 00:00:00-04:00,4.659999847412109,4.809999942779541,4.510000228881836,4.510000228881836,99600,0.0,0.0
2023-10-20 00:00:00-04:00,4.550000190734863,4.690000057220459,4.5,4.650000095367432,18800,0.0,0.0
2023-10-23 00:00:00-04:00,4.650000095367432,4.699999809265137,4.5,4.5,15300,0.0,0.0
2023-10-24 00:00:00-04:00,4.550000190734863,4.550000190734863,4.070000171661377,4.099999904632568,23000,0.0,0.0
2023-10-25 00:00:00-04:00,4.269999980926514,4.46999979019165,4.269999980926514,4.309999942779541,75100,0.0,0.0
2023-10-26 00:00:00-04:00,4.300000190734863,4.369999885559082,4.239999771118164,4.360000133514404,7200,0.0,0.0
2023-10-27 00:00:00-04:00,4.369999885559082,4.380000114440918,4.139999866485596,4.150000095367432,31700,0.0,0.0
2023-10-30 00:00:00-04:00,4.239999771118164,4.300000190734863,4.159999847412109,4.199999809265137,18000,0.0,0.0
2023-10-31 00:00:00-04:00,4.239999771118164,4.320000171661377,4.150000095367432,4.170000076293945,12900,0.0,0.0
2023-11-01 00:00:00-04:00,4.369999885559082,4.369999885559082,4.050000190734863,4.139999866485596,57600,0.0,0.0
2023-11-02 00:00:00-04:00,4.260000228881836,4.400000095367432,4.179999828338623,4.210000038146973,26700,0.0,0.0
2023-11-03 00:00:00-04:00,4.369999885559082,4.829999923706055,4.369999885559082,4.690000057220459,26100,0.0,0.0
2023-11-06 00:00:00-05:00,4.690000057220459,4.980000019073486,4.489999771118164,4.519999980926514,23700,0.0,0.0
2023-11-07 00:00:00-05:00,4.590000152587891,4.699999809265137,4.300000190734863,4.300000190734863,36500,0.0,0.0
2023-11-08 00:00:00-05:00,5.25,5.619999885559082,5.119999885559082,5.5,124200,0.0,0.0
2023-11-09 00:00:00-05:00,5.630000114440918,5.690000057220459,5.03000020980835,5.309999942779541,53000,0.0,0.0
2023-11-10 00:00:00-05:00,5.380000114440918,5.489999771118164,5.21999979019165,5.340000152587891,47300,0.0,0.0
2023-11-13 00:00:00-05:00,5.489999771118164,5.889999866485596,5.389999866485596,5.75,67100,0.0,0.0
2023-11-14 00:00:00-05:00,5.889999866485596,6.179999828338623,5.75,5.949999809265137,62500,0.0,0.0
2023-11-15 00:00:00-05:00,6.139999866485596,6.300000190734863,6.0,6.150000095367432,42300,0.0,0.0
2023-11-16 00:00:00-05:00,6.159999847412109,6.269999980926514,5.550000190734863,5.869999885559082,73500,0.0,0.0
2023-11-17 00:00:00-05:00,5.820000171661377,5.820000171661377,5.610000133514404,5.769999980926514,25000,0.0,0.0
2023-11-20 00:00:00-05:00,5.889999866485596,6.0,5.409999847412109,5.599999904632568,73100,0.0,0.0
2023-11-21 00:00:00-05:00,5.679999828338623,5.880000114440918,5.510000228881836,5.760000228881836,38800,0.0,0.0
2023-11-22 00:00:00-05:00,5.860000133514404,6.679999828338623,5.849999904632568,6.670000076293945,72300,0.0,0.0
2023-11-24 00:00:00-05:00,6.670000076293945,6.949999809265137,6.670000076293945,6.690000057220459,24800,0.0,0.0
2023-11-27 00:00:00-05:00,6.699999809265137,7.070000171661377,6.690000057220459,7.019999980926514,76800,0.0,0.0
2023-11-28 00:00:00-05:00,7.170000076293945,7.5,6.710000038146973,7.340000152587891,103700,0.0,0.0
2023-11-29 00:00:00-05:00,7.639999866485596,8.0,7.550000190734863,7.840000152587891,96600,0.0,0.0
2023-11-30 00:00:00-05:00,7.880000114440918,8.34000015258789,7.75,7.869999885559082,161400,0.0,0.0
2023-12-01 00:00:00-05:00,7.909999847412109,8.300000190734863,7.900000095367432,8.210000038146973,84900,0.0,0.0
2023-12-04 00:00:00-05:00,8.34000015258789,9.300000190734863,8.34000015258789,9.0,201700,0.0,0.0
2023-12-05 00:00:00-05:00,8.9399995803833,9.239999771118164,8.789999961853027,8.789999961853027,133100,0.0,0.0
2023-12-06 00:00:00-05:00,8.770000457763672,9.0,7.349999904632568,7.460000038146973,105800,0.0,0.0
2023-12-07 00:00:00-05:00,7.510000228881836,8.430000305175781,7.460000038146973,8.319999694824219,80100,0.0,0.0
2023-12-08 00:00:00-05:00,8.350000381469727,8.800000190734863,8.130000114440918,8.289999961853027,79500,0.0,0.0
2023-12-11 00:00:00-05:00,8.119999885559082,8.989999771118164,7.949999809265137,8.90999984741211,89100,0.0,0.0
2023-12-12 00:00:00-05:00,8.899999618530273,9.75,8.899999618530273,9.350000381469727,151400,0.0,0.0
2023-12-13 00:00:00-05:00,9.4399995803833,9.899999618530273,9.369999885559082,9.699999809265137,118900,0.0,0.0
2023-12-14 00:00:00-05:00,9.899999618530273,10.199999809265137,9.279999732971191,9.289999961853027,104100,0.0,0.0
2023-12-15 00:00:00-05:00,9.199999809265137,9.319999694824219,7.519999980926514,8.109999656677246,218800,0.0,0.0
2023-12-18 00:00:00-05:00,8.130000114440918,8.899999618530273,8.130000114440918,8.40999984741211,127500,0.0,0.0
2023-12-19 00:00:00-05:00,8.399999618530273,9.210000038146973,8.399999618530273,8.880000114440918,102000,0.0,0.0
2023-12-20 00:00:00-05:00,8.760000228881836,9.369999885559082,8.5,8.640000343322754,95500,0.0,0.0
2023-12-21 00:00:00-05:00,8.699999809265137,9.350000381469727,8.699999809265137,8.989999771118164,69500,0.0,0.0
2023-12-22 00:00:00-05:00,8.989999771118164,9.010000228881836,8.569999694824219,8.770000457763672,64000,0.0,0.0
2023-12-26 00:00:00-05:00,8.84000015258789,9.449999809265137,8.84000015258789,9.15999984741211,78100,0.0,0.0
2023-12-27 00:00:00-05:00,9.210000038146973,9.979999542236328,9.170000076293945,9.739999771118164,101700,0.0,0.0
2023-12-28 00:00:00-05:00,9.59000015258789,10.0,9.5,9.819999694824219,79300,0.0,0.0
2023-12-29 00:00:00-05:00,9.760000228881836,9.760000228881836,9.260000228881836,9.649999618530273,55500,0.0,0.0
2024-01-02 00:00:00-05:00,9.649999618530273,10.649999618530273,9.649999618530273,9.960000038146973,189900,0.0,0.0
2024-01-03 00:00:00-05:00,9.949999809265137,10.529999732971191,9.829999923706055,9.970000267028809,149900,0.0,0.0
2024-01-04 00:00:00-05:00,9.920000076293945,10.569999694824219,9.859999656677246,9.930000305175781,174600,0.0,0.0
2024-01-05 00:00:00-05:00,9.899999618530273,10.489999771118164,9.899999618530273,10.369999885559082,145800,0.0,0.0
2024-01-08 00:00:00-05:00,10.220000267028809,11.010000228881836,10.1899995803833,10.8100004196167,186900,0.0,0.0
2024-01-09 00:00:00-05:00,10.760000228881836,11.369999885559082,10.3100004196167,11.130000114440918,169200,0.0,0.0
2024-01-10 00:00:00-05:00,11.270000457763672,11.600000381469727,11.149999618530273,11.279999732971191,168400,0.0,0.0
2024-01-11 00:00:00-05:00,11.279999732971191,11.279999732971191,10.539999961853027,10.930000305175781,132200,0.0,0.0
2024-01-12 00:00:00-05:00,10.970000267028809,11.569999694824219,10.890000343322754,11.569999694824219,118600,0.0,0.0
2024-01-16 00:00:00-05:00,11.710000038146973,11.930000305175781,10.9399995803833,11.0,197000,0.0,0.0
2024-01-17 00:00:00-05:00,10.850000381469727,11.890000343322754,10.680000305175781,11.460000038146973,181600,0.0,0.0
2024-01-18 00:00:00-05:00,11.329999923706055,12.119999885559082,11.020000457763672,11.180000305175781,247400,0.0,0.0
2024-01-19 00:00:00-05:00,11.25,12.09000015258789,11.25,12.079999923706055,171600,0.0,0.0
2024-01-22 00:00:00-05:00,12.380000114440918,13.1899995803833,12.15999984741211,12.329999923706055,340800,0.0,0.0
2024-01-23 00:00:00-05:00,12.0,12.640000343322754,11.90999984741211,12.470000267028809,194200,0.0,0.0
2024-01-24 00:00:00-05:00,12.609999656677246,12.619999885559082,11.420000076293945,11.65999984741211,177700,0.0,0.0
2024-01-25 00:00:00-05:00,11.65999984741211,12.100000381469727,11.600000381469727,12.069999694824219,123400,0.0,0.0
2024-01-26 00:00:00-05:00,12.0,12.15999984741211,11.65999984741211,11.859999656677246,99900,0.0,0.0
2024-01-29 00:00:00-05:00,11.859999656677246,11.960000038146973,10.170000076293945,10.630000114440918,333700,0.0,0.0
2024-01-30 00:00:00-05:00,10.600000381469727,10.930000305175781,10.399999618530273,10.489999771118164,146300,0.0,0.0
2024-01-31 00:00:00-05:00,10.399999618530273,11.0,10.149999618530273,10.579999923706055,183800,0.0,0.0
2024-02-01 00:00:00-05:00,10.609999656677246,10.880000114440918,10.359999656677246,10.770000457763672,91500,0.0,0.0
2024-02-02 00:00:00-05:00,10.800000190734863,11.420000076293945,10.770000457763672,11.119999885559082,175400,0.0,0.0
2024-02-05 00:00:00-05:00,11.380000114440918,11.380000114440918,10.609999656677246,11.149999618530273,222100,0.0,0.0
2024-02-06 00:00:00-05:00,11.15999984741211,11.489999771118164,10.920000076293945,11.149999618530273,188800,0.0,0.0
2024-02-07 00:00:00-05:00,11.050000190734863,11.079999923706055,10.59000015258789,10.9399995803833,152700,0.0,0.0
2024-02-08 00:00:00-05:00,10.880000114440918,11.199999809265137,10.869999885559082,11.130000114440918,86200,0.0,0.0
2024-02-09 00:00:00-05:00,11.079999923706055,11.5,11.050000190734863,11.4399995803833,112900,0.0,0.0
2024-02-12 00:00:00-05:00,11.359999656677246,11.600000381469727,11.109999656677246,11.470000267028809,109700,0.0,0.0
2024-02-13 00:00:00-05:00,10.960000038146973,11.069999694824219,10.75,10.970000267028809,117000,0.0,0.0
2024-02-14 00:00:00-05:00,11.09000015258789,11.4399995803833,10.899999618530273,11.319999694824219,107000,0.0,0.0
2024-02-15 00:00:00-05:00,11.470000267028809,11.470000267028809,10.729999542236328,11.15999984741211,119700,0.0,0.0
2024-02-16 00:00:00-05:00,11.109999656677246,11.5,10.859999656677246,11.34000015258789,115000,0.0,0.0
2024-02-20 00:00:00-05:00,11.25,12.0600004196167,10.979999542236328,11.5,344100,0.0,0.0
2024-02-21 00:00:00-05:00,11.420000076293945,11.829999923706055,11.210000038146973,11.449999809265137,107200,0.0,0.0
2024-02-22 00:00:00-05:00,11.710000038146973,11.8100004196167,10.420000076293945,10.670000076293945,161000,0.0,0.0
2024-02-23 00:00:00-05:00,10.619999885559082,10.949999809265137,10.600000381469727,10.930000305175781,74300,0.0,0.0
2024-02-26 00:00:00-05:00,10.789999961853027,11.0,10.420000076293945,10.6899995803833,149000,0.0,0.0
2024-02-27 00:00:00-05:00,10.859999656677246,11.460000038146973,10.75,10.989999771118164,132900,0.0,0.0
2024-02-28 00:00:00-05:00,11.0600004196167,11.100000381469727,10.739999771118164,10.779999732971191,92500,0.0,0.0
2024-02-29 00:00:00-05:00,10.8100004196167,10.869999885559082,10.300000190734863,10.449999809265137,80000,0.0,0.0
2024-03-01 00:00:00-05:00,10.5600004196167,10.979999542236328,10.359999656677246,10.75,144600,0.0,0.0
2024-03-04 00:00:00-05:00,10.800000190734863,11.609999656677246,10.6899995803833,11.520000457763672,169700,0.0,0.0
2024-03-05 00:00:00-05:00,11.319999694824219,11.470000267028809,10.949999809265137,11.369999885559082,106900,0.0,0.0
2024-03-06 00:00:00-05:00,11.649999618530273,16.389999389648438,11.520000457763672,15.569999694824219,987100,0.0,0.0
2024-03-07 00:00:00-05:00,15.510000228881836,15.510000228881836,13.460000038146973,13.630000114440918,547600,0.0,0.0
2024-03-08 00:00:00-05:00,13.569999694824219,13.569999694824219,12.170000076293945,12.289999961853027,239300,0.0,0.0
2024-03-11 00:00:00-04:00,12.09000015258789,12.09000015258789,11.430000305175781,11.970000267028809,323200,0.0,0.0
2024-03-12 00:00:00-04:00,11.760000228881836,12.270000457763672,11.4399995803833,12.270000457763672,118400,0.0,0.0
2024-03-13 00:00:00-04:00,12.109999656677246,13.170000076293945,12.109999656677246,12.800000190734863,121100,0.0,0.0
2024-03-14 00:00:00-04:00,12.710000038146973,12.829999923706055,12.329999923706055,12.5600004196167,101800,0.0,0.0
2024-03-15 00:00:00-04:00,12.4399995803833,12.739999771118164,12.329999923706055,12.359999656677246,118100,0.0,0.0
2024-03-18 00:00:00-04:00,12.449999809265137,12.800000190734863,11.930000305175781,12.359999656677246,118600,0.0,0.0
2024-03-19 00:00:00-04:00,12.670000076293945,13.1899995803833,12.5600004196167,12.760000228881836,107500,0.0,0.0
2024-03-20 00:00:00-04:00,12.569999694824219,14.1899995803833,12.569999694824219,13.9399995803833,229400,0.0,0.0
2024-03-21 00:00:00-04:00,13.869999885559082,14.140000343322754,13.630000114440918,13.9399995803833,124800,0.0,0.0
2024-03-22 00:00:00-04:00,14.239999771118164,14.239999771118164,13.40999984741211,13.569999694824219,104800,0.0,0.0
2024-03-25 00:00:00-04:00,13.569999694824219,14.6899995803833,13.569999694824219,14.65999984741211,311700,0.0,0.0
2024-03-26 00:00:00-04:00,15.220000267028809,15.5,14.420000076293945,14.5,147800,0.0,0.0
2024-03-27 00:00:00-04:00,14.300000190734863,14.760000228881836,14.109999656677246,14.699999809265137,167900,0.0,0.0
2024-03-28 00:00:00-04:00,14.649999618530273,14.90999984741211,14.09000015258789,14.199999809265137,88300,0.0,0.0
2024-04-01 00:00:00-04:00,14.979999542236328,14.979999542236328,14.029999732971191,14.1899995803833,136100,0.0,0.0
2024-04-02 00:00:00-04:00,13.90999984741211,14.260000228881836,13.729999542236328,14.1899995803833,59000,0.0,0.0
2024-04-03 00:00:00-04:00,14.270000457763672,14.6899995803833,14.010000228881836,14.210000038146973,86500,0.0,0.0
2024-04-04 00:00:00-04:00,14.25,14.609999656677246,13.59000015258789,13.800000190734863,112300,0.0,0.0
2024-04-05 00:00:00-04:00,13.710000038146973,13.869999885559082,13.109999656677246,13.289999961853027,113700,0.0,0.0
2024-04-08 00:00:00-04:00,13.350000381469727,13.449999809265137,12.6899995803833,13.140000343322754,128100,0.0,0.0
2024-04-09 00:00:00-04:00,13.350000381469727,13.430000305175781,12.90999984741211,13.430000305175781,112500,0.0,0.0
2024-04-10 00:00:00-04:00,13.050000190734863,13.529999732971191,13.020000457763672,13.220000267028809,110200,0.0,0.0
2024-04-11 00:00:00-04:00,13.1899995803833,13.359999656677246,12.890000343322754,12.899999618530273,94900,0.0,0.0
2024-04-12 00:00:00-04:00,12.930000305175781,12.930000305175781,12.329999923706055,12.6899995803833,83200,0.0,0.0
2024-04-15 00:00:00-04:00,12.59000015258789,12.84000015258789,12.430000305175781,12.609999656677246,107600,0.0,0.0
2024-04-16 00:00:00-04:00,12.579999923706055,12.75,12.239999771118164,12.569999694824219,82600,0.0,0.0
2024-04-17 00:00:00-04:00,12.640000343322754,12.869999885559082,12.489999771118164,12.520000457763672,63800,0.0,0.0
2024-04-18 00:00:00-04:00,12.5,12.770000457763672,12.329999923706055,12.470000267028809,72300,0.0,0.0
2024-04-19 00:00:00-04:00,12.5,12.979999542236328,12.5,12.609999656677246,154700,0.0,0.0
2024-04-22 00:00:00-04:00,12.760000228881836,13.329999923706055,12.520000457763672,13.010000228881836,150900,0.0,0.0
2024-04-23 00:00:00-04:00,13.0600004196167,13.529999732971191,13.020000457763672,13.029999732971191,95100,0.0,0.0
2024-04-24 00:00:00-04:00,13.0,13.270000457763672,13.0,13.220000267028809,72700,0.0,0.0
2024-04-25 00:00:00-04:00,13.069999694824219,13.699999809265137,12.829999923706055,13.6899995803833,129200,0.0,0.0
2024-04-26 00:00:00-04:00,13.789999961853027,14.59000015258789,13.789999961853027,14.289999961853027,91600,0.0,0.0
2024-04-29 00:00:00-04:00,14.390000343322754,14.399999618530273,13.770000457763672,13.789999961853027,98800,0.0,0.0
2024-04-30 00:00:00-04:00,13.699999809265137,14.010000228881836,13.529999732971191,13.829999923706055,111800,0.0,0.0
2024-05-01 00:00:00-04:00,13.90999984741211,14.069999694824219,13.510000228881836,13.819999694824219,81800,0.0,0.0
2024-05-02 00:00:00-04:00,13.90999984741211,14.539999961853027,13.90999984741211,14.369999885559082,98700,0.0,0.0
2024-05-03 00:00:00-04:00,14.699999809265137,15.149999618530273,14.489999771118164,15.079999923706055,124900,0.0,0.0
2024-05-06 00:00:00-04:00,15.09000015258789,15.710000038146973,14.850000381469727,15.579999923706055,140000,0.0,0.0
2024-05-07 00:00:00-04:00,16.0,16.0,15.15999984741211,15.180000305175781,143600,0.0,0.0
2024-05-08 00:00:00-04:00,16.719999313354492,21.040000915527344,16.200000762939453,17.8700008392334,442200,0.0,0.0
2024-05-09 00:00:00-04:00,18.280000686645508,18.799999237060547,17.610000610351562,18.799999237060547,784700,0.0,0.0
2024-05-10 00:00:00-04:00,18.709999084472656,19.149999618530273,17.84000015258789,17.84000015258789,269400,0.0,0.0
2024-05-13 00:00:00-04:00,17.829999923706055,19.280000686645508,17.829999923706055,18.559999465942383,273200,0.0,0.0
2024-05-14 00:00:00-04:00,18.639999389648438,18.920000076293945,18.389999389648438,18.440000534057617,158800,0.0,0.0
2024-05-15 00:00:00-04:00,18.59000015258789,18.8799991607666,18.260000228881836,18.34000015258789,110600,0.0,0.0
2024-05-16 00:00:00-04:00,18.270000457763672,18.860000610351562,18.0,18.110000610351562,70000,0.0,0.0
2024-05-17 00:00:00-04:00,18.010000228881836,18.479999542236328,17.889999389648438,18.389999389648438,83200,0.0,0.0
2024-05-20 00:00:00-04:00,18.149999618530273,18.43000030517578,17.170000076293945,18.09000015258789,205200,0.0,0.0
2024-05-21 00:00:00-04:00,18.010000228881836,18.260000228881836,17.610000610351562,17.690000534057617,75600,0.0,0.0
2024-05-22 00:00:00-04:00,17.209999084472656,17.770000457763672,16.959999084472656,17.639999389648438,99700,0.0,0.0
2024-05-23 00:00:00-04:00,17.6299991607666,17.860000610351562,17.110000610351562,17.540000915527344,111500,0.0,0.0
2024-05-24 00:00:00-04:00,17.639999389648438,17.729999542236328,17.25,17.6299991607666,84900,0.0,0.0
2024-05-28 00:00:00-04:00,17.6299991607666,18.489999771118164,17.6299991607666,18.030000686645508,220200,0.0,0.0
2024-05-29 00:00:00-04:00,17.770000457763672,18.40999984741211,17.709999084472656,17.959999084472656,89900,0.0,0.0
2024-05-30 00:00:00-04:00,17.920000076293945,18.440000534057617,17.920000076293945,18.170000076293945,103100,0.0,0.0
2024-05-31 00:00:00-04:00,18.18000030517578,18.299999237060547,17.270000457763672,17.399999618530273,132000,0.0,0.0
2024-06-03 00:00:00-04:00,17.34000015258789,17.93000030517578,17.329999923706055,17.670000076293945,185100,0.0,0.0
2024-06-04 00:00:00-04:00,17.649999618530273,17.809999465942383,17.06999969482422,17.790000915527344,198700,0.0,0.0
2024-06-05 00:00:00-04:00,17.790000915527344,17.790000915527344,17.280000686645508,17.56999969482422,169900,0.0,0.0
2024-06-06 00:00:00-04:00,17.420000076293945,17.56999969482422,16.56999969482422,16.989999771118164,156200,0.0,0.0
2024-06-07 00:00:00-04:00,16.989999771118164,17.209999084472656,16.469999313354492,16.68000030517578,135300,0.0,0.0
2024-06-10 00:00:00-04:00,16.790000915527344,16.799999237060547,16.399999618530273,16.670000076293945,165900,0.0,0.0
2024-06-11 00:00:00-04:00,16.719999313354492,17.350000381469727,16.389999389648438,16.5,149000,0.0,0.0
2024-06-12 00:00:00-04:00,16.68000030517578,17.18000030517578,16.68000030517578,16.979999542236328,102300,0.0,0.0
2024-06-13 00:00:00-04:00,16.969999313354492,17.15999984741211,16.149999618530273,16.420000076293945,141000,0.0,0.0
2024-06-14 00:00:00-04:00,16.420000076293945,16.479999542236328,15.819999694824219,16.40999984741211,117600,0.0,0.0
2024-06-17 00:00:00-04:00,16.420000076293945,16.649999618530273,15.829999923706055,15.979999542236328,600700,0.0,0.0
2024-06-18 00:00:00-04:00,16.040000915527344,16.489999771118164,15.979999542236328,16.34000015258789,341400,0.0,0.0
2024-06-20 00:00:00-04:00,16.3700008392334,16.549999237060547,15.380000114440918,15.430000305175781,139800,0.0,0.0
2024-06-21 00:00:00-04:00,15.40999984741211,15.779999732971191,15.149999618530273,15.489999771118164,253800,0.0,0.0
2024-06-24 00:00:00-04:00,15.489999771118164,16.610000610351562,15.489999771118164,16.260000228881836,225700,0.0,0.0
2024-06-25 00:00:00-04:00,16.329999923706055,16.690000534057617,15.600000381469727,15.640000343322754,222300,0.0,0.0
2024-06-26 00:00:00-04:00,15.670000076293945,16.3700008392334,15.5,16.15999984741211,177400,0.0,0.0
2024-06-27 00:00:00-04:00,16.600000381469727,17.56999969482422,16.450000762939453,17.010000228881836,327500,0.0,0.0
2024-06-28 00:00:00-04:00,16.93000030517578,18.309999465942383,16.729999542236328,17.579999923706055,2550000,0.0,0.0
2024-07-01 00:00:00-04:00,17.670000076293945,17.670000076293945,16.260000228881836,17.450000762939453,358100,0.0,0.0
2024-07-02 00:00:00-04:00,17.299999237060547,17.579999923706055,16.950000762939453,17.1299991607666,179100,0.0,0.0
2024-07-03 00:00:00-04:00,17.229999542236328,17.520000457763672,17.079999923706055,17.440000534057617,80900,0.0,0.0
2024-07-05 00:00:00-04:00,17.34000015258789,18.139999389648438,17.309999465942383,17.350000381469727,191600,0.0,0.0
2024-07-08 00:00:00-04:00,17.489999771118164,17.770000457763672,17.200000762939453,17.639999389648438,181000,0.0,0.0
2024-07-09 00:00:00-04:00,17.6200008392334,17.850000381469727,17.239999771118164,17.290000915527344,269000,0.0,0.0
2024-07-10 00:00:00-04:00,17.299999237060547,17.399999618530273,16.649999618530273,16.860000610351562,152000,0.0,0.0
2024-07-11 00:00:00-04:00,17.280000686645508,18.059999465942383,16.75,17.899999618530273,446500,0.0,0.0
2024-07-12 00:00:00-04:00,18.110000610351562,18.3799991607666,17.6299991607666,17.8700008392334,377600,0.0,0.0
2024-07-15 00:00:00-04:00,18.280000686645508,18.799999237060547,18.030000686645508,18.489999771118164,373300,0.0,0.0
2024-07-16 00:00:00-04:00,18.829999923706055,19.65999984741211,18.68000030517578,19.440000534057617,845000,0.0,0.0
2024-07-17 00:00:00-04:00,19.280000686645508,19.790000915527344,18.6200008392334,19.18000030517578,289000,0.0,0.0
2024-07-18 00:00:00-04:00,19.06999969482422,19.719999313354492,18.989999771118164,19.030000686645508,268600,0.0,0.0
2024-07-19 00:00:00-04:00,19.15999984741211,20.110000610351562,18.829999923706055,19.34000015258789,300000,0.0,0.0
2024-07-22 00:00:00-04:00,19.43000030517578,19.700000762939453,18.729999542236328,19.489999771118164,213200,0.0,0.0
2024-07-23 00:00:00-04:00,19.690000534057617,19.700000762939453,19.290000915527344,19.479999542236328,211900,0.0,0.0
2024-07-24 00:00:00-04:00,19.309999465942383,20.959999084472656,19.229999542236328,20.68000030517578,676200,0.0,0.0
2024-07-25 00:00:00-04:00,20.670000076293945,20.719999313354492,19.020000457763672,19.3799991607666,316700,0.0,0.0
2024-07-26 00:00:00-04:00,19.510000228881836,20.450000762939453,19.510000228881836,20.329999923706055,224000,0.0,0.0
2024-07-29 00:00:00-04:00,20.31999969482422,20.899999618530273,19.219999313354492,19.559999465942383,196000,0.0,0.0
2024-07-30 00:00:00-04:00,19.709999084472656,20.030000686645508,19.25,19.75,208200,0.0,0.0
2024-07-31 00:00:00-04:00,20.290000915527344,20.3700008392334,19.75,19.959999084472656,186700,0.0,0.0
2024-08-01 00:00:00-04:00,19.959999084472656,20.0,17.489999771118164,18.469999313354492,467000,0.0,0.0
2024-08-02 00:00:00-04:00,18.010000228881836,18.18000030517578,17.350000381469727,17.739999771118164,175000,0.0,0.0
2024-08-05 00:00:00-04:00,16.469999313354492,17.5,15.770000457763672,17.270000457763672,218900,0.0,0.0
2024-08-06 00:00:00-04:00,17.520000457763672,17.559999465942383,16.5,17.06999969482422,247000,0.0,0.0
2024-08-07 00:00:00-04:00,14.34000015258789,14.760000228881836,11.800000190734863,12.300000190734863,1587800,0.0,0.0
2024-08-08 00:00:00-04:00,11.84000015258789,13.34000015258789,11.829999923706055,13.260000228881836,527900,0.0,0.0
2024-08-09 00:00:00-04:00,13.300000190734863,13.880000114440918,13.300000190734863,13.649999618530273,383000,0.0,0.0
2024-08-12 00:00:00-04:00,13.15999984741211,13.600000381469727,13.119999885559082,13.449999809265137,517700,0.0,0.0
2024-08-13 00:00:00-04:00,13.479999542236328,14.050000190734863,13.3100004196167,13.859999656677246,525800,0.0,0.0
2024-08-14 00:00:00-04:00,13.920000076293945,14.5600004196167,13.5,13.6899995803833,377700,0.0,0.0
2024-08-15 00:00:00-04:00,14.710000038146973,14.859999656677246,14.210000038146973,14.520000457763672,218100,0.0,0.0
2024-08-16 00:00:00-04:00,14.760000228881836,15.149999618530273,14.65999984741211,14.829999923706055,203400,0.0,0.0
2024-08-19 00:00:00-04:00,14.65999984741211,14.729999542236328,13.84000015258789,14.5,226200,0.0,0.0
2024-08-20 00:00:00-04:00,14.319999694824219,14.369999885559082,13.899999618530273,14.0,178800,0.0,0.0
2024-08-21 00:00:00-04:00,14.489999771118164,14.949999809265137,14.199999809265137,14.720000267028809,186500,0.0,0.0
2024-08-22 00:00:00-04:00,14.59000015258789,14.920000076293945,14.369999885559082,14.760000228881836,127600,0.0,0.0
2024-08-23 00:00:00-04:00,15.0600004196167,15.710000038146973,14.979999542236328,15.710000038146973,246900,0.0,0.0
2024-08-26 00:00:00-04:00,15.720000267028809,16.030000686645508,15.359999656677246,15.829999923706055,287200,0.0,0.0
2024-08-27 00:00:00-04:00,15.970000267028809,16.450000762939453,15.850000381469727,16.139999389648438,211100,0.0,0.0
2024-08-28 00:00:00-04:00,16.06999969482422,16.459999084472656,15.770000457763672,15.880000114440918,142800,0.0,0.0
2024-08-29 00:00:00-04:00,16.200000762939453,16.8799991607666,16.1200008392334,16.549999237060547,164200,0.0,0.0
2024-08-30 00:00:00-04:00,16.809999465942383,16.969999313354492,16.520000457763672,16.719999313354492,170300,0.0,0.0
2024-09-03 00:00:00-04:00,16.760000228881836,16.899999618530273,15.300000190734863,15.5600004196167,138000,0.0,0.0
2024-09-04 00:00:00-04:00,15.619999885559082,16.0,15.270000457763672,15.489999771118164,85700,0.0,0.0
2024-09-05 00:00:00-04:00,15.649999618530273,15.789999961853027,15.270000457763672,15.449999809265137,124800,0.0,0.0
2024-09-06 00:00:00-04:00,15.449999809265137,15.550000190734863,14.6899995803833,14.829999923706055,155800,0.0,0.0
2024-09-09 00:00:00-04:00,14.859999656677246,14.989999771118164,14.390000343322754,14.520000457763672,113200,0.0,0.0
2024-09-10 00:00:00-04:00,14.40999984741211,14.84000015258789,14.329999923706055,14.670000076293945,107200,0.0,0.0
2024-09-11 00:00:00-04:00,14.600000381469727,14.779999732971191,14.279999732971191,14.5600004196167,86600,0.0,0.0
2024-09-12 00:00:00-04:00,14.670000076293945,15.390000343322754,14.630000114440918,15.109999656677246,107600,0.0,0.0
2024-09-13 00:00:00-04:00,15.289999961853027,15.979999542236328,15.199999809265137,15.670000076293945,125000,0.0,0.0
2024-09-16 00:00:00-04:00,15.670000076293945,15.920000076293945,15.600000381469727,15.729999542236328,129400,0.0,0.0
2024-09-17 00:00:00-04:00,15.859999656677246,16.329999923706055,15.4399995803833,15.5,84900,0.0,0.0
2024-09-18 00:00:00-04:00,15.4399995803833,15.760000228881836,15.170000076293945,15.170000076293945,74200,0.0,0.0
2024-09-19 00:00:00-04:00,15.600000381469727,15.739999771118164,15.3100004196167,15.40999984741211,90200,0.0,0.0
2024-09-20 00:00:00-04:00,15.25,15.359999656677246,14.979999542236328,15.170000076293945,167400,0.0,0.0
2024-09-23 00:00:00-04:00,15.229999542236328,15.229999542236328,14.6899995803833,14.779999732971191,63400,0.0,0.0
2024-09-24 00:00:00-04:00,14.640000343322754,14.970000267028809,14.119999885559082,14.800000190734863,296000,0.0,0.0
2024-09-25 00:00:00-04:00,14.800000190734863,15.140000343322754,14.470000267028809,15.029999732971191,110100,0.0,0.0
2024-09-26 00:00:00-04:00,14.569999694824219,15.579999923706055,14.539999961853027,14.579999923706055,157300,0.0,0.0
2024-09-27 00:00:00-04:00,14.760000228881836,15.25,14.619999885559082,14.710000038146973,146400,0.0,0.0
2024-09-30 00:00:00-04:00,14.710000038146973,14.949999809265137,14.470000267028809,14.75,350300,0.0,0.0
2024-10-01 00:00:00-04:00,14.739999771118164,14.739999771118164,14.0600004196167,14.289999961853027,99400,0.0,0.0
2024-10-02 00:00:00-04:00,14.15999984741211,14.470000267028809,14.020000457763672,14.100000381469727,58900,0.0,0.0
2024-10-03 00:00:00-04:00,14.050000190734863,14.210000038146973,13.550000190734863,13.600000381469727,52700,0.0,0.0
2024-10-04 00:00:00-04:00,13.90999984741211,14.0600004196167,13.5,13.760000228881836,75800,0.0,0.0
2024-10-07 00:00:00-04:00,13.720000267028809,14.010000228881836,13.449999809265137,13.649999618530273,102600,0.0,0.0
2024-10-08 00:00:00-04:00,13.5600004196167,14.220000267028809,13.5600004196167,13.770000457763672,127000,0.0,0.0
2024-10-09 00:00:00-04:00,13.729999542236328,14.149999618530273,13.520000457763672,13.710000038146973,91900,0.0,0.0
2024-10-10 00:00:00-04:00,13.550000190734863,13.930000305175781,13.460000038146973,13.84000015258789,112800,0.0,0.0
2024-10-11 00:00:00-04:00,13.710000038146973,14.109999656677246,13.710000038146973,14.069999694824219,93900,0.0,0.0
2024-10-14 00:00:00-04:00,14.0600004196167,14.430000305175781,13.899999618530273,14.300000190734863,67800,0.0,0.0
2024-10-15 00:00:00-04:00,14.25,14.609999656677246,14.130000114440918,14.289999961853027,67700,0.0,0.0
2024-10-16 00:00:00-04:00,14.510000228881836,14.649999618530273,14.329999923706055,14.430000305175781,67800,0.0,0.0
2024-10-17 00:00:00-04:00,14.479999542236328,14.529999732971191,14.210000038146973,14.460000038146973,90700,0.0,0.0
2024-10-18 00:00:00-04:00,14.430000305175781,14.770000457763672,14.319999694824219,14.319999694824219,57700,0.0,0.0
2024-10-21 00:00:00-04:00,14.279999732971191,14.369999885559082,14.079999923706055,14.140000343322754,62400,0.0,0.0
2024-10-22 00:00:00-04:00,14.1899995803833,14.550000190734863,14.100000381469727,14.279999732971191,91500,0.0,0.0
2024-10-23 00:00:00-04:00,14.279999732971191,14.329999923706055,14.039999961853027,14.270000457763672,75300,0.0,0.0
2024-10-24 00:00:00-04:00,14.369999885559082,14.449999809265137,14.010000228881836,14.109999656677246,99100,0.0,0.0
2024-10-25 00:00:00-04:00,14.130000114440918,14.279999732971191,14.039999961853027,14.100000381469727,59100,0.0,0.0
2024-10-28 00:00:00-04:00,14.3100004196167,15.050000190734863,14.270000457763672,14.949999809265137,138000,0.0,0.0
2024-10-29 00:00:00-04:00,14.739999771118164,15.100000381469727,14.619999885559082,14.989999771118164,100900,0.0,0.0
2024-10-30 00:00:00-04:00,14.989999771118164,15.869999885559082,14.949999809265137,15.619999885559082,89500,0.0,0.0
2024-10-31 00:00:00-04:00,15.630000114440918,15.899999618530273,15.170000076293945,15.170000076293945,99700,0.0,0.0
2024-11-01 00:00:00-04:00,15.279999732971191,15.550000190734863,14.970000267028809,15.130000114440918,103700,0.0,0.0
2024-11-04 00:00:00-05:00,15.130000114440918,15.5,14.970000267028809,15.170000076293945,121400,0.0,0.0
2024-11-05 00:00:00-05:00,15.170000076293945,15.680000305175781,15.130000114440918,15.619999885559082,95200,0.0,0.0
2024-11-06 00:00:00-05:00,15.930000305175781,17.3799991607666,15.930000305175781,16.8700008392334,154500,0.0,0.0
2024-11-07 00:00:00-05:00,16.969999313354492,17.549999237060547,16.649999618530273,17.350000381469727,138000,0.0,0.0
2024-11-08 00:00:00-05:00,17.40999984741211,17.719999313354492,17.25,17.299999237060547,107100,0.0,0.0
2024-11-11 00:00:00-05:00,17.40999984741211,17.829999923706055,17.149999618530273,17.760000228881836,111000,0.0,0.0
2024-11-12 00:00:00-05:00,17.75,17.989999771118164,17.299999237060547,17.31999969482422,114400,0.0,0.0
2024-11-13 00:00:00-05:00,17.18000030517578,19.90999984741211,17.06999969482422,19.850000381469727,474000,0.0,0.0
2024-11-14 00:00:00-05:00,19.850000381469727,19.899999618530273,17.729999542236328,18.450000762939453,270580,0.0,0.0
