Date,Open,High,Low,Close,Volume,Dividends,Stock Splits
2022-01-03 00:00:00-05:00,70.82017462958008,71.1530984410485,69.6826837644691,71.08836364746094,9441200,0.0,0.0
2022-01-04 00:00:00-05:00,70.65371395205963,71.45827396412498,70.18207070168664,71.21783447265625,11981700,0.0,0.0
2022-01-05 00:00:00-05:00,71.44903904399011,73.80724144441422,71.44903904399011,72.94718933105469,17447900,0.0,0.0
2022-01-06 00:00:00-05:00,72.86395525089836,73.59453769395311,72.08713064407466,72.90094757080078,11359200,0.0,0.0
2022-01-07 00:00:00-05:00,72.92868834283958,74.47308062097176,72.55877220802213,74.26038360595703,15212000,0.0,0.0
2022-01-10 00:00:00-05:00,74.48232127177954,76.24866019056971,73.67775430702103,76.1746826171875,19636800,0.0,0.0
2022-01-11 00:00:00-05:00,76.22091851984335,76.3503880940764,74.58404915671841,75.52732849121094,11585100,0.0,0.0
2022-01-12 00:00:00-05:00,74.98171960754895,75.29614375036569,74.6025536117907,75.09268951416016,13057000,0.0,0.0
2022-01-13 00:00:00-05:00,74.84299278558242,75.57357517281164,74.28812214057227,75.20365905761719,9678100,0.0,0.0
2022-01-14 00:00:00-05:00,75.46260952003428,75.69380624470078,74.69503470080609,75.2591552734375,9478000,0.0,0.0
2022-01-18 00:00:00-05:00,75.00021128375425,75.98049013155676,74.73202225359078,75.40711975097656,14493100,0.0,0.0
2022-01-19 00:00:00-05:00,74.88925213420892,75.81403910666829,74.42685864797923,75.17593383789062,11448200,0.0,0.0
2022-01-20 00:00:00-05:00,74.65802867288684,75.70303503778149,74.46381726927677,74.67652130126953,12069600,0.0,0.0
2022-01-21 00:00:00-05:00,75.15743121937395,75.38862795348193,73.28011486730745,73.96446228027344,18461700,0.0,0.0
2022-01-24 00:00:00-05:00,73.77024239403514,74.08467358542393,70.88491199728209,72.90094757080078,17289000,0.0,0.0
2022-01-25 00:00:00-05:00,72.52178706076795,73.77949781018606,71.92992400875521,73.48356628417969,13662400,0.0,0.0
2022-01-26 00:00:00-05:00,73.41881875541092,74.29736333655978,72.8084631756438,73.1876220703125,13046600,0.0,0.0
2022-01-27 00:00:00-05:00,72.5217897202726,75.46261245461545,72.5217897202726,74.51933288574219,20187200,0.0,0.0
2022-01-28 00:00:00-05:00,73.5575510886817,74.89848927539394,73.2246272392589,74.81526184082031,13915300,0.0,0.0
2022-01-31 00:00:00-05:00,74.92622302993529,75.57357801980338,74.72277586169902,75.35163116455078,13035000,0.0,0.0
2022-02-01 00:00:00-05:00,75.79552961326229,75.94349889638956,74.98171972275354,75.75853729248047,10803300,0.0,0.0
2022-02-02 00:00:00-05:00,75.647569588729,76.10996302862205,75.14818382697683,75.8417739868164,13988200,0.0,0.0
2022-02-03 00:00:00-05:00,75.50884224336842,75.64756167193163,72.50328519860625,73.0674057006836,19181400,0.0,0.0
2022-02-04 00:00:00-05:00,72.60501763737676,73.56679680894942,72.31832891582366,72.65125274658203,10716200,0.0,0.0
2022-02-07 00:00:00-05:00,72.86396357553234,72.98418333727751,71.61550262233544,71.7449722290039,23615300,0.0,0.0
2022-02-08 00:00:00-05:00,71.30107092994754,71.5137750284094,70.11734478780596,71.1253662109375,17486500,0.0,0.0
2022-02-09 00:00:00-05:00,71.36578871115347,71.51375797141067,70.66295589161977,70.77392578125,15183100,0.0,0.0
2022-02-10 00:00:00-05:00,70.61673457360843,70.99589356767648,70.21907588876745,70.80168914794922,12437600,0.0,0.0
2022-02-11 00:00:00-05:00,70.65371688845063,72.04089716614706,70.44101280808914,70.87566375732422,9342300,0.0,0.0
2022-02-14 00:00:00-05:00,70.86640703725682,70.93114182837904,69.46073426336143,70.71844482421875,9881100,0.0,0.0
2022-02-15 00:00:00-05:00,71.68023266056989,72.30908801782545,71.50452089653021,71.9576644897461,11425600,0.0,0.0
2022-02-16 00:00:00-05:00,71.39352576775003,71.94840339605965,71.14383647946042,71.41202545166016,9981300,0.0,0.0
2022-02-17 00:00:00-05:00,71.0698656729659,71.14385031186687,70.28379828744274,70.6167221069336,8889300,0.0,0.0
2022-02-18 00:00:00-05:00,70.57972677187723,71.07911247977665,70.18206817422936,70.62596893310547,8780500,0.0,0.0
2022-02-22 00:00:00-05:00,70.7091997132968,71.07911585399341,69.9231323240437,70.23755645751953,9052500,0.0,0.0
2022-02-23 00:00:00-05:00,70.45951479336722,70.69071151385411,69.93238655287965,70.13583374023438,9659100,0.0,0.0
2022-02-24 00:00:00-05:00,69.45149450958465,69.65494875568601,67.39846647065514,67.98108673095703,21135600,0.0,0.0
2022-02-25 00:00:00-05:00,68.61917664798563,71.47677148349511,68.59143417331636,70.57972717285156,13665900,0.0,0.0
2022-02-28 00:00:00-05:00,70.12658506763162,70.986637077905,69.15555610083274,70.82017517089844,14126100,0.0,0.0
2022-03-01 00:00:00-05:00,70.74619774504109,71.91143121287031,70.23756212857006,70.59822845458984,9807300,0.0,0.0
2022-03-02 00:00:00-05:00,70.57047282055878,71.41203212809496,70.33927613900217,70.90339660644531,9697500,0.0,0.0
2022-03-03 00:00:00-05:00,70.99589697075751,71.70798693278849,70.66298013209916,71.34732055664062,8191100,0.0,0.0
2022-03-04 00:00:00-05:00,70.91264439719806,72.00389298478925,70.30228178888112,71.97615051269531,12216300,0.0,0.0
2022-03-07 00:00:00-05:00,71.21783461513284,72.40156060971569,70.35778259476194,71.88368225097656,14008400,0.0,0.0
2022-03-08 00:00:00-05:00,71.43977710665983,72.21659459726588,70.8016719854027,71.16233825683594,10184100,0.0,0.0
2022-03-09 00:00:00-05:00,71.78195115148529,72.33682179869385,71.2548229783027,71.93916320800781,9746000,0.0,0.0
2022-03-10 00:00:00-05:00,71.79119256954463,72.31832073267111,71.51376077901452,72.0316390991211,8972200,0.0,0.0
2022-03-11 00:00:00-05:00,72.42929475920737,73.6407630900927,72.31831781413622,72.37380981445312,9424500,0.0,0.0
2022-03-14 00:00:00-04:00,72.68171204419806,73.3441504010464,72.13123068841904,72.56974792480469,10085400,0.69,0.0
2022-03-15 00:00:00-04:00,72.47644738510704,73.71735633659823,72.21520489391395,73.37213897705078,11403000,0.0,0.0
2022-03-16 00:00:00-04:00,73.67070565290676,73.81065902662311,72.44846090032084,72.88697814941406,10944000,0.0,0.0
2022-03-17 00:00:00-04:00,72.91496510237434,74.05324206584906,72.83099023346152,73.65204620361328,10279400,0.0,0.0
2022-03-18 00:00:00-04:00,73.87597194323469,74.39845696176843,73.36281192980012,73.81066131591797,21064800,0.0,0.0
2022-03-21 00:00:00-04:00,74.3331383955072,75.06088734168958,73.62405369417881,73.76399993896484,10478300,0.0,0.0
2022-03-22 00:00:00-04:00,73.95993392976442,74.4357725307106,73.49342745151397,73.98793029785156,10016600,0.0,0.0
2022-03-23 00:00:00-04:00,73.98792617560169,75.18218155445288,73.92261555701837,74.38912200927734,8470400,0.0,0.0
2022-03-24 00:00:00-04:00,74.67835747453191,75.26615307124077,74.37979361485573,75.02357482910156,7605000,0.0,0.0
2022-03-25 00:00:00-04:00,75.19151375318849,75.92859487248589,75.06089250352305,75.89127349853516,7125600,0.0,0.0
2022-03-28 00:00:00-04:00,75.91925922976752,76.1991588176915,75.32213156687514,75.76997375488281,7071900,0.0,0.0
2022-03-29 00:00:00-04:00,76.18984798272982,76.28314786272145,75.33147057916294,76.10587310791016,7398700,0.0,0.0
2022-03-30 00:00:00-04:00,76.35777979599976,77.16017153803416,76.1991692958666,76.8802719116211,9326600,0.0,0.0
2022-03-31 00:00:00-04:00,77.34677047515943,77.7946126788225,76.45107894950982,76.5537109375,12466800,0.0,0.0
2022-04-01 00:00:00-04:00,76.68433773172178,77.98122518124677,76.17117775457564,77.92523956298828,10086700,0.0,0.0
2022-04-04 00:00:00-04:00,77.90658706716617,78.27046157501992,77.18817017477721,77.89725494384766,9039600,0.0,0.0
2022-04-05 00:00:00-04:00,78.05588367139126,79.70731381748529,77.91593027500097,78.11186218261719,12040900,0.0,0.0
2022-04-06 00:00:00-04:00,78.70896825502528,79.82858087975221,78.48504715374459,79.27810668945312,13924300,0.0,0.0
2022-04-07 00:00:00-04:00,80.00586812926022,81.27476643232146,79.26878697392873,80.98553466796875,13104300,0.0,0.0
2022-04-08 00:00:00-04:00,80.83623768308952,81.95585032402263,80.48169534106954,81.80657196044922,11409300,0.0,0.0
2022-04-11 00:00:00-04:00,82.40370614094711,83.48600461496403,80.40705893243573,80.82691192626953,14381000,0.0,0.0
2022-04-12 00:00:00-04:00,80.23912303390283,80.75228306342629,79.51137398717846,79.89390563964844,12543000,0.0,0.0
2022-04-13 00:00:00-04:00,80.05250849629695,80.46302932583174,79.14748485760416,80.36039733886719,12743800,0.0,0.0
2022-04-14 00:00:00-04:00,80.36040158461256,81.64796399153157,79.68863825033925,81.0881576538086,22096100,0.0,0.0
2022-04-18 00:00:00-04:00,80.6309888852065,81.59199122129665,79.94056119725361,80.30443572998047,7995100,0.0,0.0
2022-04-19 00:00:00-04:00,80.21113263531151,80.3230896450085,79.41807297055114,80.0431900024414,8494700,0.0,0.0
2022-04-20 00:00:00-04:00,79.79126993117097,81.00418969831134,79.75395567468688,80.66830444335938,8719400,0.0,0.0
2022-04-21 00:00:00-04:00,80.62166272996993,81.38673316201512,79.66998541308152,80.45372009277344,8562400,0.0,0.0
2022-04-22 00:00:00-04:00,80.108499258967,80.36974176821887,78.8396009697512,78.92356872558594,7914000,0.0,0.0
2022-04-25 00:00:00-04:00,78.92356232315218,80.0618392654028,77.93457087026344,79.71662902832031,10573400,0.0,0.0
2022-04-26 00:00:00-04:00,80.01520130699116,80.42572220927873,78.73697086356418,78.8209457397461,9009600,0.0,0.0
2022-04-27 00:00:00-04:00,78.65299849402865,79.42739387160826,77.99988512513742,78.75563049316406,10781300,0.0,0.0
2022-04-28 00:00:00-04:00,80.0058725148699,83.38338246526665,79.3061126969556,82.64630126953125,21092300,0.0,0.0
2022-04-29 00:00:00-04:00,82.72093500463868,83.98050111586656,82.18911076742609,82.7489242553711,15914200,0.0,0.0
2022-05-02 00:00:00-04:00,82.77690320092245,82.88886018991418,80.82690259554447,81.77857971191406,12124900,0.0,0.0
2022-05-03 00:00:00-04:00,81.16278702187259,82.3290531015226,80.64030209605284,81.26541900634766,8425600,0.0,0.0
2022-05-04 00:00:00-04:00,80.77093660701951,82.82356239734547,80.57500472762403,82.5903091430664,10763500,0.0,0.0
2022-05-05 00:00:00-04:00,82.49701837205345,82.72094664607488,81.20013070456145,82.11448669433594,9548300,0.0,0.0
2022-05-06 00:00:00-04:00,81.86256473925606,82.96352044619348,81.61998646633708,82.46902465820312,12227400,0.0,0.0
2022-05-09 00:00:00-04:00,81.63865057912537,82.16113566496765,81.0881762377309,81.76927185058594,11901500,0.0,0.0
2022-05-10 00:00:00-04:00,82.21711823954793,83.30874187547617,81.42405139730033,81.9278793334961,12370800,0.0,0.0
2022-05-11 00:00:00-04:00,81.56398674973758,84.7268999399729,81.56398674973758,83.21542358398438,16338600,0.0,0.0
2022-05-12 00:00:00-04:00,83.83121150556741,84.764224448575,82.44102421361677,84.74556732177734,14210200,0.0,0.0
2022-05-13 00:00:00-04:00,84.62428916581392,84.95084946030443,83.28075508125943,84.35372161865234,10308100,0.0,0.0
2022-05-16 00:00:00-04:00,84.70824873547586,86.64891742914797,84.60561673890408,86.13575744628906,13999000,0.0,0.0
2022-05-17 00:00:00-04:00,86.12643658164488,88.22571604685878,85.3800303761194,86.77021789550781,17582800,0.0,0.0
2022-05-18 00:00:00-04:00,86.35968134331698,86.91949484018805,85.62260021620608,85.93049621582031,12717600,0.0,0.0
2022-05-19 00:00:00-04:00,85.137430387675,86.40632854976816,84.79221303884896,85.92115783691406,11121600,0.0,0.0
2022-05-20 00:00:00-04:00,86.25704341412047,87.77785906131516,86.25704341412047,87.28336334228516,11757100,0.0,0.0
2022-05-23 00:00:00-04:00,87.32068083084272,88.56158979481651,87.14341320622081,87.54460906982422,9067000,0.0,0.0
2022-05-24 00:00:00-04:00,87.93647188788981,88.44963186559967,87.30202278741399,88.30034637451172,9021000,0.0,0.0
2022-05-25 00:00:00-04:00,88.03910921529929,88.4123158472975,86.90083219095071,87.469970703125,11177700,0.0,0.0
2022-05-26 00:00:00-04:00,87.92713426053656,87.93646638272634,84.9041744384944,86.12641906738281,17249500,0.0,0.0
2022-05-27 00:00:00-04:00,86.09843541226059,86.8728378828765,85.60393967893266,86.8448486328125,9802000,0.0,0.0
2022-05-31 00:00:00-04:00,85.75323158999556,86.41566999162266,84.78289717796692,85.86518859863281,22860800,0.0,0.0
2022-06-01 00:00:00-04:00,85.52930872877117,85.77189412665469,84.00849994618888,85.0348129272461,10492500,0.0,0.0
2022-06-02 00:00:00-04:00,85.02547062686321,85.03480274982931,82.7955701656827,83.9711685180664,11066200,0.0,0.0
2022-06-03 00:00:00-04:00,83.72858178730836,84.60561625542849,83.67260328707057,83.88719940185547,7051600,0.0,0.0
2022-06-06 00:00:00-04:00,84.12978780981219,84.58696934472025,83.6819455171705,83.82189178466797,8336900,0.0,0.0
2022-06-07 00:00:00-04:00,84.11111799832983,84.73623495998231,83.57930090704993,84.41901397705078,10243300,0.0,0.0
2022-06-08 00:00:00-04:00,84.51232058297182,84.57763120927021,83.29006869321016,83.48600769042969,10266000,0.0,0.0
2022-06-09 00:00:00-04:00,83.2714146267284,83.77524252740841,82.03050556310866,82.10514831542969,7381100,0.0,0.0
2022-06-10 00:00:00-04:00,81.33074813733826,82.14247207616316,80.90156297652017,81.34008026123047,8861600,0.0,0.0
2022-06-13 00:00:00-04:00,79.9685372631538,80.71495045342907,78.96088159177931,79.30609893798828,12016100,0.0,0.0
2022-06-14 00:00:00-04:00,79.73878950371198,79.9927686791214,78.8922113898946,79.48481750488281,11226900,0.69,0.0
2022-06-15 00:00:00-04:00,79.54127156090338,80.3032020775034,78.77934822088518,79.60711669921875,11357100,0.0,0.0
2022-06-16 00:00:00-04:00,78.79815521843389,80.13388211102796,78.12089403856362,79.8516845703125,12925200,0.0,0.0
2022-06-17 00:00:00-04:00,79.61652710659077,80.67005652147412,78.440715910928,79.59771728515625,32989100,0.0,0.0
2022-06-21 00:00:00-04:00,80.94284741194531,83.11574425420056,80.20913518091757,82.80532836914062,11778600,0.0,0.0
2022-06-22 00:00:00-04:00,82.81473384437196,84.97822210840599,82.80532534549431,83.8682632446289,11935400,0.0,0.0
2022-06-23 00:00:00-04:00,84.65839800627336,86.68079450507281,84.24451020840333,86.5396957397461,14718400,0.0,0.0
2022-06-24 00:00:00-04:00,87.71551106827502,88.22346234208538,86.25750238363885,87.60263061523438,25248400,0.0,0.0
2022-06-27 00:00:00-04:00,87.6684795934781,90.03891897512753,87.52738799172205,88.80667114257812,11949000,0.0,0.0
2022-06-28 00:00:00-04:00,88.5244675742758,88.73141147824059,86.04115507986131,86.43622589111328,13523300,0.0,0.0
2022-06-29 00:00:00-04:00,86.83129798123156,87.46153820074701,86.43622716416093,87.0194320678711,8657100,0.0,0.0
2022-06-30 00:00:00-04:00,86.21047153054941,87.38628263386683,85.5143933668283,85.75895690917969,18551400,0.0,0.0
2022-07-01 00:00:00-04:00,85.88124651314766,87.00061381198344,85.02525257863292,86.93476867675781,11413800,0.0,0.0
2022-07-05 00:00:00-04:00,86.95358147576955,87.43330721929128,85.15693873814612,87.14170837402344,9574400,0.0,0.0
2022-07-06 00:00:00-04:00,87.7719477065045,88.90073070716589,87.19815129589917,87.60263061523438,10455300,0.0,0.0
2022-07-07 00:00:00-04:00,87.42390858907072,88.37395878405275,87.0570561025764,87.48975372314453,8140100,0.0,0.0
2022-07-08 00:00:00-04:00,87.39568829681714,88.25167502043968,86.92536387074858,87.27339935302734,7161500,0.0,0.0
2022-07-11 00:00:00-04:00,87.36746677951781,89.15470111524179,87.32043864071916,88.70319366455078,9507700,0.0,0.0
2022-07-12 00:00:00-04:00,88.2140482206143,88.64674583148341,87.61203352926762,88.04473114013672,7826500,0.0,0.0
2022-07-13 00:00:00-04:00,88.03532616226398,88.75962982638318,87.49915658207644,88.20464324951172,6415600,0.0,0.0
2022-07-14 00:00:00-04:00,87.05705555855981,88.47743018135934,86.59613244634201,88.30811309814453,6271000,0.0,0.0
2022-07-15 00:00:00-04:00,89.22054081008628,89.69086522888124,88.76903338692854,89.32401275634766,9731900,0.0,0.0
2022-07-18 00:00:00-04:00,89.26757045101678,89.45569733594975,86.4644339353994,86.85950469970703,8653700,0.0,0.0
2022-07-19 00:00:00-04:00,87.62144754672896,87.84720127605945,86.65258031607966,86.87833404541016,8233600,0.0,0.0
2022-07-20 00:00:00-04:00,86.8783355909193,86.94418072883627,83.92469853021768,84.32917785644531,11844000,0.0,0.0
2022-07-21 00:00:00-04:00,83.85884450796304,85.04406404148352,83.63309079853377,84.79008483886719,8197000,0.0,0.0
2022-07-22 00:00:00-04:00,84.7618637084961,85.08168085485579,84.15044055486521,84.7618637084961,6354500,0.0,0.0
2022-07-25 00:00:00-04:00,84.84652841367772,85.34507836196951,84.4232392767944,85.15694427490234,6364500,0.0,0.0
2022-07-26 00:00:00-04:00,85.97532102537672,86.49267367538496,85.22279894607802,85.8718490600586,6414100,0.0,0.0
2022-07-27 00:00:00-04:00,85.12872234030978,85.9470894369848,84.66780640558954,85.81539916992188,6966300,0.0,0.0
2022-07-28 00:00:00-04:00,85.63667152040877,85.7213264715124,82.23152012547781,84.60195922851562,13909800,0.0,0.0
2022-07-29 00:00:00-04:00,84.73366016665265,85.67430912806776,83.04048916547265,84.0375747680664,14938600,0.0,0.0
2022-08-01 00:00:00-04:00,84.03756567481592,84.67720718642933,83.10632531322241,83.27564239501953,7343300,0.0,0.0
2022-08-02 00:00:00-04:00,83.77418578909855,84.27272854029951,82.35381116722674,82.41024780273438,7443000,0.0,0.0
2022-08-03 00:00:00-04:00,82.07161978519102,82.79591630926689,81.61070381532456,82.41966247558594,8187600,0.0,0.0
2022-08-04 00:00:00-04:00,82.59836983042116,82.67362345771066,81.49781244349064,81.66712951660156,7993800,0.0,0.0
2022-08-05 00:00:00-04:00,81.39435413607774,82.3350031050403,80.91462115246384,82.22212982177734,8801200,0.0,0.0
2022-08-08 00:00:00-04:00,82.11865450336543,83.51081090162103,81.76120331676272,83.23802185058594,8149400,0.0,0.0
2022-08-09 00:00:00-04:00,83.48258979687759,84.88415464712317,81.65772863607917,84.2068862915039,13215500,0.0,0.0
2022-08-10 00:00:00-04:00,84.68661836797544,84.78068182160308,82.95582785616607,83.89647674560547,8140200,0.0,0.0
2022-08-11 00:00:00-04:00,82.5983719655734,84.48907813475623,82.17508286014463,83.65190124511719,7396800,0.0,0.0
2022-08-12 00:00:00-04:00,83.70835024580091,85.62727501530291,83.67072342562454,85.61786651611328,12317300,0.0,0.0
2022-08-15 00:00:00-04:00,85.43913834690122,85.4485396684365,84.55492611505389,85.22278594970703,6339800,0.0,0.0
2022-08-16 00:00:00-04:00,84.6207802695877,85.50499259569524,84.53612530725762,85.21338653564453,5661200,0.0,0.0
2022-08-17 00:00:00-04:00,84.97821446646799,86.43622306836463,84.9405948275043,85.63667297363281,6486000,0.0,0.0
2022-08-18 00:00:00-04:00,86.069367096659,86.38918425094782,85.15693659229939,85.97530364990234,6111600,0.0,0.0
2022-08-19 00:00:00-04:00,86.11639414969079,87.499141755227,86.09757715619546,86.61493682861328,8828700,0.0,0.0
2022-08-22 00:00:00-04:00,86.36097354117895,86.74664303640594,85.60845872426385,85.74955749511719,6652100,0.0,0.0
2022-08-23 00:00:00-04:00,85.48616094565696,85.58963288849179,84.39501206200914,84.84651947021484,5208800,0.0,0.0
2022-08-24 00:00:00-04:00,84.8465345870997,84.95941504755316,84.22570999606096,84.66781616210938,5553300,0.0,0.0
2022-08-25 00:00:00-04:00,85.13812966619756,85.13812966619756,83.78359302182142,84.91236877441406,5884300,0.0,0.0
2022-08-26 00:00:00-04:00,84.92176937382214,85.35446694462355,83.80239504673075,83.96231079101562,5695300,0.0,0.0
2022-08-29 00:00:00-04:00,83.557851256498,83.71775986194444,82.36322302385162,82.39144134521484,7850200,0.0,0.0
2022-08-30 00:00:00-04:00,82.27855834610138,82.37262179840125,81.44138142044413,81.72357177734375,6754000,0.0,0.0
2022-08-31 00:00:00-04:00,81.87408320395019,81.95873816234868,80.10566581044714,80.29379272460938,11602000,0.0,0.0
2022-09-01 00:00:00-04:00,80.5571574567632,82.26913787516729,80.2937769580211,81.9775390625,7528600,0.0,0.0
2022-09-02 00:00:00-04:00,82.06220997340421,82.57016125264465,80.78292686492792,81.1121597290039,6997500,0.0,0.0
2022-09-06 00:00:00-04:00,81.44138556850916,82.09042844604305,81.04631474277865,81.29087829589844,8244300,0.0,0.0
2022-09-07 00:00:00-04:00,81.4225587226203,81.83644649565593,80.02099400472355,81.71416473388672,6121700,0.0,0.0
2022-09-08 00:00:00-04:00,81.3661339268587,82.25974755600068,81.01809123285061,82.23152923583984,8109200,0.0,0.0
2022-09-09 00:00:00-04:00,82.39141981474532,82.93699780713845,82.09041250455952,82.15625762939453,7480100,0.0,0.0
2022-09-12 00:00:00-04:00,82.89937918193633,83.87765483078209,82.60778033981403,82.92760467529297,6351500,0.0,0.0
2022-09-13 00:00:00-04:00,82.13745532927831,82.41024435043984,80.9992711092063,81.1591796875,7650000,0.0,0.0
2022-09-14 00:00:00-04:00,82.49619074276698,83.10305869361402,81.9082842503179,82.44877624511719,9418700,0.69,0.0
2022-09-15 00:00:00-04:00,82.6384189970099,82.90392279548448,81.73759426997293,82.25912475585938,8006800,0.0,0.0
2022-09-16 00:00:00-04:00,82.11688689433359,83.32114554369328,81.92724339471017,83.17890930175781,14842500,0.0,0.0
2022-09-19 00:00:00-04:00,82.35396645910959,82.43931112040164,81.20660634662892,82.15483856201172,7748600,0.0,0.0
2022-09-20 00:00:00-04:00,81.61433432983414,81.97465991360124,81.15917975110608,81.54795837402344,5454800,0.0,0.0
2022-09-21 00:00:00-04:00,81.78501299154223,82.02207100021337,80.14456838838599,80.154052734375,7190800,0.0,0.0
2022-09-22 00:00:00-04:00,80.1730310710959,83.58666535973013,80.1730310710959,82.97979736328125,12329700,0.0,0.0
2022-09-23 00:00:00-04:00,82.87548891755405,83.45391109078392,81.633299918199,82.28758239746094,9038500,0.0,0.0
2022-09-26 00:00:00-04:00,81.66175157713356,82.22120504717138,80.87471719285,81.71864318847656,8841000,0.0,0.0
2022-09-27 00:00:00-04:00,82.32551087830035,83.09357656657265,81.23504251315879,81.396240234375,6532100,0.0,0.0
2022-09-28 00:00:00-04:00,82.48671027496741,82.73325265235316,81.73760603038386,82.28758239746094,6840000,0.0,0.0
2022-09-29 00:00:00-04:00,82.49620273830455,82.89445853250028,81.76606711561236,82.15483856201172,6601300,0.0,0.0
2022-09-30 00:00:00-04:00,82.73325045860969,83.08409893887726,81.6427821002335,81.66175079345703,9035600,0.0,0.0
2022-10-03 00:00:00-04:00,82.23068870579816,83.349602870948,81.56692189645756,83.0177230834961,9186900,0.0,0.0
2022-10-04 00:00:00-04:00,83.00824361804973,84.06078188760215,82.49619738682662,83.81423950195312,7373000,0.0,0.0
2022-10-05 00:00:00-04:00,83.99440592620863,84.18404946320805,83.46339100062325,83.81423950195312,6065700,0.0,0.0
2022-10-06 00:00:00-04:00,83.21684797260502,83.45390598863443,82.71428613613253,82.91341400146484,8055500,0.0,0.0
2022-10-07 00:00:00-04:00,83.33063597680703,83.72889896478458,82.60998477547741,83.06513214111328,8837400,0.0,0.0
2022-10-10 00:00:00-04:00,85.27450526539013,86.84856664592948,85.06589306490557,85.79603576660156,14485000,0.0,0.0
2022-10-11 00:00:00-04:00,85.74863368428784,87.21839641176958,85.53053710645639,86.33654022216797,9743500,0.0,0.0
2022-10-12 00:00:00-04:00,86.52617003880512,86.97184023651475,85.69172848282786,85.7391357421875,8522200,0.0,0.0
2022-10-13 00:00:00-04:00,84.86676139412442,87.92006949788087,84.64866485766933,87.70197296142578,9382800,0.0,0.0
2022-10-14 00:00:00-04:00,87.49336505795814,88.52694171877911,86.99080324627114,87.40802764892578,9847600,0.0,0.0
2022-10-17 00:00:00-04:00,88.03386125260273,89.48466238585699,87.66405132680357,89.24760437011719,12139700,0.0,0.0
2022-10-18 00:00:00-04:00,89.53208332136307,90.38549375524344,89.15278899136761,89.71224975585938,9530400,0.0,0.0
2022-10-19 00:00:00-04:00,89.99671333998064,89.99671333998064,88.28040829560216,88.43212890625,8546100,0.0,0.0
2022-10-20 00:00:00-04:00,88.3752354119249,88.5648861867197,87.57872386109872,88.12870025634766,7626000,0.0,0.0
2022-10-21 00:00:00-04:00,88.03387032849403,90.99235727433043,87.84422679012542,90.71736907958984,10297200,0.0,0.0
2022-10-24 00:00:00-04:00,91.45698194326445,93.32500031310161,91.28629987814135,92.32936096191406,11414900,0.0,0.0
2022-10-25 00:00:00-04:00,91.84577558618258,93.20174798231852,91.36217511687089,92.65177154541016,8747900,0.0,0.0
2022-10-26 00:00:00-04:00,93.20173078773108,94.14047850896445,92.92674262000888,93.31552124023438,10374700,0.0,0.0
2022-10-27 00:00:00-04:00,94.67148954891486,96.2455583100623,94.34909410690837,94.57666778564453,12218400,0.0,0.0
2022-10-28 00:00:00-04:00,95.05078287531829,95.9041932049956,93.44827555927415,95.5533447265625,11228000,0.0,0.0
2022-10-31 00:00:00-04:00,94.77579237262319,96.11280306201738,94.16892442741117,95.9610824584961,11043800,0.0,0.0
2022-11-01 00:00:00-04:00,95.43955273663038,95.83780844240935,93.82755398769686,94.59562683105469,11079300,0.0,0.0
2022-11-02 00:00:00-04:00,94.49133048662677,95.79988818403423,93.85601671404437,94.2542724609375,9503500,0.0,0.0
2022-11-03 00:00:00-04:00,93.87498223027097,94.1025559191262,92.92675008653086,93.63792419433594,9912700,0.0,0.0
2022-11-04 00:00:00-04:00,93.8749774463708,94.23530303823237,92.8888151990038,94.06462097167969,8877600,0.0,0.0
2022-11-07 00:00:00-05:00,93.40087078175182,95.1645832351673,92.61383632722433,94.88959503173828,8644500,0.0,0.0
2022-11-08 00:00:00-05:00,94.88958747827522,96.69122994403479,94.377541267937,96.24555969238281,8503900,0.0,0.0
2022-11-09 00:00:00-05:00,96.05591353064854,98.38856360197032,96.0369448375798,96.33089447021484,10602900,0.0,0.0
2022-11-10 00:00:00-05:00,97.38344510885707,97.48775123075025,95.39215891401601,96.6153793334961,9556000,0.0,0.0
2022-11-11 00:00:00-05:00,95.32576524267064,95.59126905474255,92.29142562693976,92.88880920410156,13342800,0.0,0.0
2022-11-14 00:00:00-05:00,93.59049840725206,96.42571738392934,93.59049840725206,95.15508270263672,8958200,0.0,0.0
2022-11-15 00:00:00-05:00,95.20249720878151,95.52489262628242,93.59998276390532,94.44390869140625,7965900,0.0,0.0
2022-11-16 00:00:00-05:00,94.4249561427498,95.58180048539641,94.3396114901358,94.7568359375,8757700,0.0,0.0
2022-11-17 00:00:00-05:00,95.21199085416264,97.05155625164987,95.07923170138444,97.01362609863281,8496800,0.0,0.0
2022-11-18 00:00:00-05:00,97.31705146709582,99.1850697396874,97.31705146709582,98.834228515625,11626300,0.0,0.0
2022-11-21 00:00:00-05:00,99.56436959355793,100.38933411744463,98.83423406635734,100.14279174804688,8899300,0.0,0.0
2022-11-22 00:00:00-05:00,100.63586980757694,101.55565609878714,100.56001673802102,101.36601257324219,8295700,0.0,0.0
2022-11-23 00:00:00-05:00,101.2237775452248,101.74530809848314,100.79707599033115,101.29015350341797,5749600,0.0,0.0
2022-11-25 00:00:00-05:00,101.04361128418078,101.93495178222656,101.04361128418078,101.93495178222656,3163700,0.0,0.0
2022-11-28 00:00:00-05:00,101.5840884817827,103.26246312228115,101.5840884817827,102.83575439453125,9524500,0.0,0.0
2022-11-29 00:00:00-05:00,102.40906257701945,103.414186246552,101.98236104338982,103.20557403564453,9352400,0.0,0.0
2022-11-30 00:00:00-05:00,103.0728241023647,104.61844702130671,102.05821606712516,104.41931915283203,20305800,0.0,0.0
2022-12-01 00:00:00-05:00,104.06846837685539,105.23479699147471,103.13919777676195,104.11588287353516,10110500,0.0,0.0
2022-12-02 00:00:00-05:00,103.3572902836916,104.39085971399913,103.08230212948337,104.34345245361328,6943600,0.0,0.0
2022-12-05 00:00:00-05:00,104.12535931973049,104.52362227975989,103.55642153539247,104.31501007080078,6961900,0.0,0.0
2022-12-06 00:00:00-05:00,104.64689627947594,105.02619057051236,102.80732367033328,103.29092407226562,7458700,0.0,0.0
2022-12-07 00:00:00-05:00,103.49952831560735,104.97876797873893,103.35729206312863,104.39086151123047,8270400,0.0,0.0
2022-12-08 00:00:00-05:00,104.57102689326555,105.27271656836311,104.41931353068814,105.11151885986328,7354800,0.0,0.0
2022-12-09 00:00:00-05:00,105.23480428305315,105.60461423258222,103.12024346381529,103.14868927001953,9667800,0.0,0.0
2022-12-12 00:00:00-05:00,102.34269512844256,103.45212499564013,101.76427294446356,103.328857421875,10956600,0.0,0.0
2022-12-13 00:00:00-05:00,105.50030630440419,105.50030630440419,103.35729971584617,105.16842651367188,15836900,0.0,0.0
2022-12-14 00:00:00-05:00,105.49295615676805,107.06790678936983,105.0347932018392,106.47611236572266,10788300,0.73,0.0
2022-12-15 00:00:00-05:00,105.22568710377855,105.73157867486326,104.2616326043927,104.6434326171875,9871400,0.0,0.0
2022-12-16 00:00:00-05:00,104.27117553845304,104.71025139182674,103.34529518753448,104.23299407958984,29465900,0.0,0.0
2022-12-19 00:00:00-05:00,104.22344564320478,105.09205009352597,103.82254399915001,104.46207427978516,6949500,0.0,0.0
2022-12-20 00:00:00-05:00,104.93932914250932,105.62658076525366,104.19480897865891,104.71978759765625,8022000,0.0,0.0
2022-12-21 00:00:00-05:00,105.09206000440663,106.13248474484746,104.55753413841502,106.05612182617188,6640900,0.0,0.0
2022-12-22 00:00:00-05:00,105.85566721134855,106.60973459511868,105.19704982805236,106.1801986694336,8373700,0.0,0.0
2022-12-23 00:00:00-05:00,106.1897411005289,107.02971126241322,105.82702820201774,106.7719955444336,4547400,0.0,0.0
2022-12-27 00:00:00-05:00,107.29698985687172,107.46879549407873,106.45701234678327,107.02017974853516,5125800,0.0,0.0
2022-12-28 00:00:00-05:00,107.75514238132727,107.75514238132727,106.00837908139347,106.02747344970703,5107800,0.0,0.0
2022-12-29 00:00:00-05:00,106.32337751876253,106.6192747055195,105.7124887756956,105.77930450439453,4467200,0.0,0.0
2022-12-30 00:00:00-05:00,106.17066682336858,106.3520196533198,105.11115498826419,105.90339660644531,5498600,0.0,0.0
2023-01-03 00:00:00-05:00,105.38795576575869,106.14201585753263,104.5097968384535,106.08474731445312,8062500,0.0,0.0
2023-01-04 00:00:00-05:00,107.21107608637664,107.48788618523878,106.18019860420758,106.98199462890625,8698600,0.0,0.0
2023-01-05 00:00:00-05:00,106.51427347901232,108.72875419157454,106.35200775580945,108.47103118896484,9578900,0.0,0.0
2023-01-06 00:00:00-05:00,109.12010308687161,110.23688336283013,108.86238736256121,109.61644744873047,8632300,0.0,0.0
2023-01-09 00:00:00-05:00,109.65463740300355,109.7023660471595,104.93934011161414,105.35932159423828,12858800,0.0,0.0
2023-01-10 00:00:00-05:00,105.53112387047499,106.91517430530101,104.88205370023158,105.7697525024414,12122800,0.0,0.0
2023-01-11 00:00:00-05:00,104.36662323844686,106.2470181722919,103.8034631179873,106.01793670654297,8626500,0.0,0.0
2023-01-12 00:00:00-05:00,105.87476021845974,107.00108776471436,105.02524278671508,106.68609619140625,8914800,0.0,0.0
2023-01-13 00:00:00-05:00,106.14202097477184,107.32562432617762,105.90339232394514,107.1442642211914,5757800,0.0,0.0
2023-01-17 00:00:00-05:00,106.93426698279914,107.3733428146908,105.30204792869046,105.42613220214844,10241100,0.0,0.0
2023-01-18 00:00:00-05:00,104.9202354556389,105.09204836244139,103.64118948017328,103.84163665771484,8799500,0.0,0.0
2023-01-19 00:00:00-05:00,103.50756315464623,105.16841648107797,103.18302441133872,104.90115356445312,6772900,0.0,0.0
2023-01-20 00:00:00-05:00,104.40480554980758,104.98706004522016,103.70801396176861,104.93933868408203,9216500,0.0,0.0
2023-01-23 00:00:00-05:00,104.92978583086993,105.34022738280339,104.20435272649185,104.8820571899414,8998800,0.0,0.0
2023-01-24 00:00:00-05:00,104.99660818143617,104.99660818143617,101.55080982125592,103.58392333984375,7424200,0.0,0.0
2023-01-25 00:00:00-05:00,103.76527831812363,104.92978726192686,103.4025654021719,103.6507339477539,6168000,0.0,0.0
2023-01-26 00:00:00-05:00,103.59347027563574,103.61256464611282,101.00673653600658,102.00897979736328,9672700,0.0,0.0
2023-01-27 00:00:00-05:00,101.37898739438297,101.82761038882542,100.3290228674737,100.58673858642578,7784900,0.0,0.0
2023-01-30 00:00:00-05:00,100.76811327917571,101.65581221232458,100.70129754366425,101.26445770263672,6476600,0.0,0.0
2023-01-31 00:00:00-05:00,101.27399501643201,102.55304833458956,101.08309501425603,102.5244140625,7938900,0.0,0.0
2023-02-01 00:00:00-05:00,102.10442071111937,102.54349652220421,101.25490335974708,102.11396789550781,10103200,0.0,0.0
2023-02-02 00:00:00-05:00,99.28860758299614,100.99718962693572,97.12186259951453,98.75408172607422,16229900,0.0,0.0
2023-02-03 00:00:00-05:00,98.52499148131773,99.06906447504723,97.81865276438442,98.25772857666016,11210800,0.0,0.0
2023-02-06 00:00:00-05:00,98.7254418259156,99.86131648950555,98.16227444529677,99.29814910888672,9054500,0.0,0.0
2023-02-07 00:00:00-05:00,98.9831657100269,101.1117365712531,98.84953424240217,100.87310791015625,7904700,0.0,0.0
2023-02-08 00:00:00-05:00,100.99719504474098,102.62941425885802,100.52948489484487,101.78944396972656,8596300,0.0,0.0
2023-02-09 00:00:00-05:00,101.99943805057995,102.93485834751068,101.69399364797843,101.86580657958984,7976800,0.0,0.0
2023-02-10 00:00:00-05:00,102.10443088427434,103.82255284461262,102.00898087798366,103.63165283203125,7609600,0.0,0.0
2023-02-13 00:00:00-05:00,103.76528158363458,104.58616472453025,103.42165574407971,104.56707763671875,7383100,0.0,0.0
2023-02-14 00:00:00-05:00,104.9488688641791,104.9965975032641,103.26892854743176,103.79390716552734,6983900,0.0,0.0
2023-02-15 00:00:00-05:00,103.59347098374045,103.84164682505852,102.66759063322606,102.78213500976562,6416600,0.0,0.0
2023-02-16 00:00:00-05:00,101.96125671428506,102.572145520233,101.39809655476421,101.66535949707031,5959300,0.0,0.0
2023-02-17 00:00:00-05:00,101.49354023556417,104.55753125997605,100.72037844940408,104.53843688964844,9474600,0.0,0.0
2023-02-21 00:00:00-05:00,103.94664386884253,104.88206412096514,103.68892084258626,104.1089096069336,6741500,0.0,0.0
2023-02-22 00:00:00-05:00,105.19705254375734,105.30204973169968,103.96572784346212,104.19481658935547,7213900,0.0,0.0
2023-02-23 00:00:00-05:00,104.29026222495015,106.18019696403118,104.13753640075025,105.55976104736328,6922800,0.0,0.0
2023-02-24 00:00:00-05:00,105.08251684291945,105.31160560771875,103.9371021483991,104.89161682128906,5787900,0.0,0.0
2023-02-27 00:00:00-05:00,105.0252423461731,105.12069235158373,103.58392323265618,104.3857192993164,5654800,0.0,0.0
2023-02-28 00:00:00-05:00,103.87982756647598,103.88936746934523,101.3312752856131,101.40763092041016,10209900,0.0,0.0
2023-03-01 00:00:00-05:00,101.14036332686538,102.65804528545218,101.14036332686538,101.79898071289062,6099000,0.0,0.0
2023-03-02 00:00:00-05:00,101.77988843649895,102.48623447866974,101.27399686735528,102.14260864257812,5097500,0.0,0.0
2023-03-03 00:00:00-05:00,102.4957738345121,102.50532101945494,101.30263059955023,102.01851654052734,6124300,0.0,0.0
2023-03-06 00:00:00-05:00,102.76304457635905,106.18020128464725,102.56259010334787,106.04656982421875,17776600,0.0,0.0
2023-03-07 00:00:00-05:00,106.6860890666607,107.0774435314295,105.68385314902382,106.20883178710938,13805300,0.0,0.0
2023-03-08 00:00:00-05:00,105.88430055363091,106.21837919354074,102.69621813274011,103.3548355102539,8440800,0.0,0.0
2023-03-09 00:00:00-05:00,104.32844388515052,104.90115116228459,102.2380546771246,102.70576477050781,5842500,0.0,0.0
2023-03-10 00:00:00-05:00,102.55305073283967,105.68385744889805,102.45759344715108,102.79167938232422,9738500,0.0,0.0
2023-03-13 00:00:00-04:00,99.71814690125825,103.88937127152396,99.65133116688511,100.92083740234375,10687100,0.0,0.0
2023-03-14 00:00:00-04:00,101.35333971797579,102.96807320858328,100.45946926187167,102.81429290771484,9806900,0.73,0.0
2023-03-15 00:00:00-04:00,102.34332911381455,103.83310828957282,101.46867846251953,103.44864654541016,10942700,0.0,0.0
2023-03-16 00:00:00-04:00,102.36255873439897,103.52555030578772,100.18074967615698,103.169921875,9441500,0.0,0.0
2023-03-17 00:00:00-04:00,102.98731439893673,103.14109472081388,99.46949879013452,100.05580139160156,26402100,0.0,0.0
2023-03-20 00:00:00-04:00,100.74782410100812,102.75663303708419,100.74782410100812,101.73780822753906,12865800,0.0,0.0
2023-03-21 00:00:00-04:00,101.88197831340648,102.29527342441285,100.69015345052686,101.43984985351562,11571800,0.0,0.0
2023-03-22 00:00:00-04:00,101.37257010146016,101.8819788222919,100.33452553844553,100.3441390991211,5705800,0.0,0.0
2023-03-23 00:00:00-04:00,100.05579369261808,100.56520242744962,99.44065778644432,100.18074798583984,6801700,0.0,0.0
2023-03-24 00:00:00-04:00,100.04618365395488,100.93044796658513,98.46029069398472,100.72860717773438,6661800,0.0,0.0
2023-03-27 00:00:00-04:00,101.95887173050718,103.42943118180327,101.87236435119662,102.77584838867188,7563100,0.0,0.0
2023-03-28 00:00:00-04:00,102.46828137959372,102.87196293205609,101.3437367693064,101.43023681640625,6679500,0.0,0.0
2023-03-29 00:00:00-04:00,101.51675069839057,101.757038399722,100.46909250742611,100.84394073486328,6310200,0.0,0.0
2023-03-30 00:00:00-04:00,101.03616803927801,102.0742052613987,100.47869885230696,101.80508422851562,5017400,0.0,0.0
2023-03-31 00:00:00-04:00,102.10304800035887,102.3913888272581,101.42062451080123,102.25682830810547,7184300,0.0,0.0
2023-04-03 00:00:00-04:00,101.8339218306149,105.22679023116669,101.46868717544716,104.64048767089844,6964100,0.0,0.0
2023-04-04 00:00:00-04:00,104.47708123466117,105.09221711414304,103.9580662944093,104.60203552246094,6108200,0.0,0.0
2023-04-05 00:00:00-04:00,105.64008403036712,107.9756733480773,105.32290251820955,107.56238555908203,8006100,0.0,0.0
2023-04-06 00:00:00-04:00,108.61002601451656,109.73457054165009,107.30286051301178,107.96605682373047,6894500,0.0,0.0
2023-04-10 00:00:00-04:00,108.57158500293008,108.69653195728567,106.85112432542805,108.23518371582031,6446500,0.0,0.0
2023-04-11 00:00:00-04:00,108.34091806659352,108.90799351204035,107.95645628454557,108.1198501586914,5639800,0.0,0.0
2023-04-12 00:00:00-04:00,107.88916838928894,109.86913652720114,107.53353998278125,109.33089447021484,6136700,0.0,0.0
2023-04-13 00:00:00-04:00,110.50351064718164,111.32048737535283,109.23479186156317,111.08981323242188,7332300,0.0,0.0
2023-04-14 00:00:00-04:00,111.24357921016878,111.65687430168522,110.20554203428844,110.83028411865234,5005100,0.0,0.0
2023-04-17 00:00:00-04:00,111.19552919435246,111.92599846212885,109.7634093411371,110.54194641113281,6575500,0.0,0.0
2023-04-18 00:00:00-04:00,110.0325409652127,110.64767685789468,109.31167790350743,110.36894226074219,5454500,0.0,0.0
2023-04-19 00:00:00-04:00,110.04213603700013,110.90717308994967,109.58078783075872,109.69612121582031,4683400,0.0,0.0
2023-04-20 00:00:00-04:00,109.74419455453432,110.07098229453756,108.61003635940817,109.73458099365234,4657900,0.0,0.0
2023-04-21 00:00:00-04:00,110.40739457271914,111.15709102029437,110.13826619012926,110.88796997070312,6554600,0.0,0.0
2023-04-24 00:00:00-04:00,111.14747337181686,111.76260927197578,110.31126957019534,111.43582153320312,4299100,0.0,0.0
2023-04-25 00:00:00-04:00,111.70492955661788,112.32006538509886,111.40697520210296,112.00288391113281,5662800,0.0,0.0
2023-04-26 00:00:00-04:00,110.72456430229431,110.72456430229431,108.34091453078705,109.02333068847656,6607900,0.0,0.0
2023-04-27 00:00:00-04:00,110.14786969654251,110.87834628803664,106.36094089255546,110.68611907958984,9975200,0.0,0.0
2023-04-28 00:00:00-04:00,109.91719954237682,111.04174415162665,109.05216240718532,110.98407745361328,8049900,0.0,0.0
2023-05-01 00:00:00-04:00,111.30125180885689,112.07016795396778,110.7918357881362,111.82026672363281,5238900,0.0,0.0
2023-05-02 00:00:00-04:00,112.13746108423632,113.7906416188939,111.31087081690752,113.31006622314453,8175600,0.0,0.0
2023-05-03 00:00:00-04:00,113.75218999983682,115.00168891027624,113.34850844403267,113.62724304199219,6738600,0.0,0.0
2023-05-04 00:00:00-04:00,113.41577924119605,113.41577924119605,111.964439673938,112.81025695800781,6490200,0.0,0.0
2023-05-05 00:00:00-04:00,112.81986718714263,113.31005610025412,112.03172390184474,113.10821533203125,4534000,0.0,0.0
2023-05-08 00:00:00-04:00,112.53152956522216,113.83869514857545,111.91639368282037,113.78102111816406,5157300,0.0,0.0
2023-05-09 00:00:00-04:00,113.65607851850842,114.02131317111976,112.78142779823075,112.86793518066406,4933100,0.0,0.0
2023-05-10 00:00:00-04:00,112.84870983015067,113.57917909937288,111.89716533527233,113.31967163085938,5605400,0.0,0.0
2023-05-11 00:00:00-04:00,113.0121020857735,113.21394285463523,111.85871683556628,112.98326873779297,5596700,0.0,0.0
2023-05-12 00:00:00-04:00,113.41578546095573,113.94442129248992,112.16628658623749,112.58919525146484,5233100,0.0,0.0
2023-05-15 00:00:00-04:00,112.58919630241347,113.1658852757441,111.0032961260056,111.84911346435547,5697200,0.0,0.0
2023-05-16 00:00:00-04:00,111.37814661415803,112.22396396988958,110.81107118974555,111.57038116455078,4278200,0.0,0.0
2023-05-17 00:00:00-04:00,111.84911961193798,112.12785421985086,109.07139442690777,110.30166625976562,7210400,0.0,0.0
2023-05-18 00:00:00-04:00,109.7057504041106,110.59962093066515,108.92722061204645,109.5711898803711,6437100,0.0,0.0
2023-05-19 00:00:00-04:00,109.8883648633504,111.72415894687249,109.6672969686445,111.0032958984375,7647000,0.0,0.0
2023-05-22 00:00:00-04:00,110.99369697106214,112.5315367756026,109.88837209083042,110.04215240478516,5607400,0.0,0.0
2023-05-23 00:00:00-04:00,109.54235492474685,110.33049826638526,108.65809797227419,108.86954498291016,7733000,0.0,0.0
2023-05-24 00:00:00-04:00,109.67689540153259,109.87873614729486,108.17750281415746,109.18670654296875,4509500,0.0,0.0
2023-05-25 00:00:00-04:00,109.09060323575997,109.09060323575997,106.77422655470356,107.93722534179688,7037500,0.0,0.0
2023-05-26 00:00:00-04:00,107.64888299467921,108.7926547230571,106.35133096089656,106.75501251220703,6378200,0.0,0.0
2023-05-30 00:00:00-04:00,105.85152921635508,106.40899841000403,104.73659816205542,104.92882537841797,7768100,0.0,0.0
2023-05-31 00:00:00-04:00,104.25601655921326,106.83190070276183,104.25601655921326,106.12065124511719,14563500,0.0,0.0
2023-06-01 00:00:00-04:00,106.36095301597132,107.2548162368329,105.61124921837973,106.6204605102539,6959900,0.0,0.0
2023-06-02 00:00:00-04:00,106.79346286524283,108.35052975578681,106.4186146507968,108.148681640625,5791500,0.0,0.0
2023-06-05 00:00:00-04:00,108.61003211077306,110.03253841272536,108.52353206521418,108.71575927734375,5185500,0.0,0.0
2023-06-06 00:00:00-04:00,109.13866516144144,109.3020590208861,105.03454755681558,105.73619079589844,6960200,0.0,0.0
2023-06-07 00:00:00-04:00,105.37095742258309,105.40940433376154,102.71818654825648,104.39058685302734,12420500,0.0,0.0
2023-06-08 00:00:00-04:00,104.10223413244456,106.75501222374196,103.8042797500917,106.03414916992188,8352700,0.0,0.0
2023-06-09 00:00:00-04:00,105.90920142827551,107.17792010026882,104.78464949957838,106.40899658203125,6521900,0.0,0.0
2023-06-12 00:00:00-04:00,105.9091996232836,106.67811579541853,104.3809661734063,105.5920181274414,7468500,0.0,0.0
2023-06-13 00:00:00-04:00,104.37135979104748,106.34172182533648,103.85234482233575,105.71697235107422,7304200,0.0,0.0
2023-06-14 00:00:00-04:00,106.16205329579361,106.36524263000634,104.83647634555766,105.13642883300781,6137300,0.73,0.0
2023-06-15 00:00:00-04:00,104.88486731726348,106.3362261619249,104.82680794372192,105.8524398803711,7305700,0.0,0.0
2023-06-16 00:00:00-04:00,105.9491953996677,106.87806417212703,105.52346111070987,105.77503204345703,15844300,0.0,0.0
2023-06-20 00:00:00-04:00,105.54280775119082,107.26508558220566,105.4944261744576,106.655517578125,7744400,0.0,0.0
2023-06-21 00:00:00-04:00,106.53940484440653,107.90367818311988,105.96853325070961,107.55535888671875,6854800,0.0,0.0
2023-06-22 00:00:00-04:00,107.9810997111624,110.14846024868586,107.9810997111624,110.03235626220703,7884100,0.0,0.0
2023-06-23 00:00:00-04:00,110.45808505152137,111.18376445876666,109.35504556107526,110.8838119506836,16407900,0.0,0.0
2023-06-26 00:00:00-04:00,110.72899267922162,110.88380043138203,108.15524643887862,109.41309356689453,7685100,0.0,0.0
2023-06-27 00:00:00-04:00,109.17120101595597,110.02266211218313,108.24233235225581,109.64530944824219,7093900,0.0,0.0
2023-06-28 00:00:00-04:00,109.77109666521767,109.88720802219865,107.82628126423442,108.79385375976562,8173800,0.0,0.0
2023-06-29 00:00:00-04:00,108.61000783501316,110.18714827567932,108.18427359351153,109.8581771850586,6281800,0.0,0.0
2023-06-30 00:00:00-04:00,110.1000712681445,111.86105285260642,109.7517445914824,111.64818572998047,8090600,0.0,0.0
2023-07-03 00:00:00-04:00,110.75802578322981,110.903163135319,109.84850526666374,110.62256622314453,2834600,0.0,0.0
2023-07-05 00:00:00-04:00,110.34196370297391,110.7193163700319,109.74206612309075,110.01298522949219,5861500,0.0,0.0
2023-07-06 00:00:00-04:00,109.23893049100968,109.76142049702489,108.08751691949514,108.126220703125,7257400,0.0,0.0
2023-07-07 00:00:00-04:00,107.46827544125786,107.88433190442007,105.23318536673115,105.46540069580078,11314800,0.0,0.0
2023-07-10 00:00:00-04:00,105.60086269111964,107.01351766373072,105.56215890504905,106.39427185058594,5949200,0.0,0.0
2023-07-11 00:00:00-04:00,105.92984553788907,106.45232821634728,104.73972805875209,105.17513275146484,6084900,0.0,0.0
2023-07-12 00:00:00-04:00,104.8558325797367,105.51378216307683,103.71409675517567,103.98501586914062,8376700,0.0,0.0
2023-07-13 00:00:00-04:00,103.84955710541931,104.4107509212004,102.81425483657803,102.87230682373047,9764400,0.0,0.0
2023-07-14 00:00:00-04:00,102.81425733738133,104.1882085346849,102.81425733738133,103.8592300415039,7209300,0.0,0.0
2023-07-17 00:00:00-04:00,103.56896210080697,103.95599258025092,101.87571021248304,102.1466293334961,7376400,0.0,0.0
2023-07-18 00:00:00-04:00,102.44657533390755,103.5592852036772,101.93376308155963,102.5143051147461,7499100,0.0,0.0
2023-07-19 00:00:00-04:00,102.7175018392542,103.89793410786993,102.47560871026046,102.5143051147461,6608600,0.0,0.0
2023-07-20 00:00:00-04:00,103.09484966112389,105.41701768420204,102.62073383565239,104.94290924072266,8073000,0.0,0.0
2023-07-21 00:00:00-04:00,105.20415914220028,107.03287054133918,104.86550286814388,106.8103256225586,8193500,0.0,0.0
2023-07-24 00:00:00-04:00,106.42329872439105,106.76194762781773,104.98161774580743,105.26221466064453,6045500,0.0,0.0
2023-07-25 00:00:00-04:00,104.14950149583491,105.19448154931632,103.83987859650622,104.0430679321289,6498700,0.0,0.0
2023-07-26 00:00:00-04:00,103.33674696873537,104.50750881940645,102.62073799666156,103.66571807861328,7042700,0.0,0.0
2023-07-27 00:00:00-04:00,103.76247276462762,104.1301550388603,101.75959798622789,101.85635375976562,9813100,0.0,0.0
2023-07-28 00:00:00-04:00,102.01116784163935,103.19160745969786,101.8273267064358,102.89165496826172,6903800,0.0,0.0
2023-07-31 00:00:00-04:00,103.09485646663572,103.30771622327525,102.24338791210715,103.19161224365234,7397500,0.0,0.0
2023-08-01 00:00:00-04:00,106.04594852381888,106.04594852381888,101.73057589687542,101.86603546142578,10009200,0.0,0.0
2023-08-02 00:00:00-04:00,102.59171587299646,104.6332945356504,101.4790059686791,102.27241516113281,10873500,0.0,0.0
2023-08-03 00:00:00-04:00,101.67252139772313,102.34981920375972,101.46933205591215,102.30144500732422,6039300,0.0,0.0
2023-08-04 00:00:00-04:00,102.21436149033252,102.96906688270005,101.12100718882479,101.5951156616211,6700700,0.0,0.0
2023-08-07 00:00:00-04:00,101.87569628478678,102.83359086941014,101.03390566072905,102.64974975585938,8259100,0.0,0.0
2023-08-08 00:00:00-04:00,102.26274296025136,103.71410175386495,102.26274296025136,102.95939636230469,10152200,0.0,0.0
2023-08-09 00:00:00-04:00,102.8239322791521,103.32707414219348,102.35950158618304,102.6594467163086,6479500,0.0,0.0
2023-08-10 00:00:00-04:00,102.76587514780945,103.56896210080697,102.00149198095556,102.1466293334961,6525700,0.0,0.0
2023-08-11 00:00:00-04:00,102.51430528609679,104.21723498401695,102.1659785892042,103.95599365234375,5904300,0.0,0.0
2023-08-14 00:00:00-04:00,104.42042430873119,105.88146087699947,103.83020448254308,105.37832641601562,8427200,0.0,0.0
2023-08-15 00:00:00-04:00,105.35896636867274,105.87177860006564,104.90420612362857,105.13642883300781,5118700,0.0,0.0
2023-08-16 00:00:00-04:00,104.98161767156611,105.92016419039385,104.76875053756488,105.20416259765625,5332900,0.0,0.0
2023-08-17 00:00:00-04:00,105.13642171767799,106.70388429894972,104.80744325931778,105.38798522949219,6457800,0.0,0.0
2023-08-18 00:00:00-04:00,105.43638273385717,105.94919500802834,104.70102552346448,105.65892028808594,6710400,0.0,0.0
2023-08-21 00:00:00-04:00,105.55248789653787,106.43298247674753,105.41702832758143,106.08465576171875,6012500,0.0,0.0
2023-08-22 00:00:00-04:00,106.04594983251252,106.04594983251252,103.72377423986045,103.7528076171875,6026000,0.0,0.0
2023-08-23 00:00:00-04:00,106.42329383207482,108.26168300015577,106.2588082839708,107.6908187866211,10588200,0.0,0.0
2023-08-24 00:00:00-04:00,107.35215356585725,108.3874557264132,105.55246833244352,105.90079498291016,6487700,0.0,0.0
2023-08-25 00:00:00-04:00,106.3749204834861,106.75227315895626,105.44605179140629,106.63616180419922,4839100,0.0,0.0
2023-08-28 00:00:00-04:00,106.6555217853061,107.02319668420854,105.12675543693534,105.39767456054688,4335600,0.0,0.0
2023-08-29 00:00:00-04:00,105.73632607864108,106.93611396228803,105.39767716575598,106.42330169677734,5673100,0.0,0.0
2023-08-30 00:00:00-04:00,106.72324716576503,107.20703340426444,106.16205335742761,106.63616180419922,4785000,0.0,0.0
2023-08-31 00:00:00-04:00,106.54909230164024,106.95547100263299,105.35897481216976,105.44606018066406,9212000,0.0,0.0
2023-09-01 00:00:00-04:00,106.09432633955697,106.79097972223957,105.7072958622897,106.27816009521484,4941300,0.0,0.0
2023-09-05 00:00:00-04:00,105.91049094575556,106.1620618769216,104.00437183198332,104.02372741699219,6379900,0.0,0.0
2023-09-06 00:00:00-04:00,103.29804528662982,103.53026062668502,101.5177079942264,103.03679656982422,7926100,0.0,0.0
2023-09-07 00:00:00-04:00,103.4431751081779,105.16545290363183,103.39479353244366,104.43977355957031,8532600,0.0,0.0
2023-09-08 00:00:00-04:00,104.05274221921789,105.60085666371783,104.05274221921789,105.51377868652344,6807500,0.0,0.0
2023-09-11 00:00:00-04:00,105.78470029432242,105.89113385696164,104.82679823056935,105.078369140625,5069300,0.0,0.0
2023-09-12 00:00:00-04:00,104.90420682697588,105.92983867863036,104.06242349130675,105.48474884033203,4605400,0.0,0.0
2023-09-13 00:00:00-04:00,105.44604544278309,106.11366539196199,104.17852055447426,104.31398010253906,6761500,0.0,0.0
2023-09-14 00:00:00-04:00,104.90822719004369,105.70704520778114,104.19708078571193,105.44401550292969,6872400,0.73,0.0
2023-09-15 00:00:00-04:00,105.3271295805262,106.1162039020824,104.48934384777755,104.74262237548828,9639000,0.0,0.0
2023-09-18 00:00:00-04:00,104.98615492628838,105.15176924974416,104.08992152826119,105.03486633300781,3911300,0.0,0.0
2023-09-19 00:00:00-04:00,104.86927131446822,105.3855795819517,104.14838849377344,104.58676147460938,5818300,0.0,0.0
2023-09-20 00:00:00-04:00,105.41479347208166,105.599887902259,104.47959241784199,104.53804016113281,4593600,0.0,0.0
2023-09-21 00:00:00-04:00,104.49908232332058,105.09332587690723,103.67104034232348,103.97303771972656,5856600,0.0,0.0
2023-09-22 00:00:00-04:00,104.45037475975343,104.45037475975343,103.22292005140606,103.59310150146484,5027200,0.0,0.0
2023-09-25 00:00:00-04:00,103.31060004659577,103.44698307851023,102.39487903318336,103.10601806640625,6052200,0.0,0.0
2023-09-26 00:00:00-04:00,102.40462601201168,103.7976876807943,102.3948822430501,102.66764831542969,5400500,0.0,0.0
2023-09-27 00:00:00-04:00,102.72609355249077,102.7942850689181,100.6316366483721,101.2551040649414,5635500,0.0,0.0
2023-09-28 00:00:00-04:00,101.8688267378281,102.25849572753397,101.09923252704641,101.60580444335938,4758800,0.0,0.0
2023-09-29 00:00:00-04:00,101.66425384098739,101.9759875513494,100.05687387755405,100.2906723022461,7232700,0.0,0.0
2023-10-02 00:00:00-04:00,100.17377466766136,100.17377466766136,98.73200164281566,99.90100860595703,7079700,0.0,0.0
2023-10-03 00:00:00-04:00,99.59900426993318,99.79384246631683,98.31310190306999,99.14114379882812,5924000,0.0,0.0
2023-10-04 00:00:00-04:00,98.95605915423532,99.7841010696709,98.71251697720618,99.53081512451172,6720500,0.0,0.0
2023-10-05 00:00:00-04:00,99.71591435561997,101.03104068839632,99.69642681842217,100.92388153076172,6449100,0.0,0.0
2023-10-06 00:00:00-04:00,101.05052065819626,101.73243576269715,100.26143897176841,101.19664001464844,6854900,0.0,0.0
2023-10-09 00:00:00-04:00,100.82646752316415,102.47281512000005,100.64137307883789,101.8006362915039,5061100,0.0,0.0
2023-10-10 00:00:00-04:00,101.62527550299846,101.7616585224089,100.49524370898112,100.9336166381836,7177200,0.0,0.0
2023-10-11 00:00:00-04:00,101.31354282434643,101.51811735547906,100.19324735472915,100.78749084472656,5375100,0.0,0.0
2023-10-12 00:00:00-04:00,100.84594727769132,101.26484014391373,100.27119127388175,100.91413879394531,5124000,0.0,0.0
2023-10-13 00:00:00-04:00,100.93361899972727,101.8201086466362,100.1250571997925,101.32328796386719,5787500,0.0,0.0
2023-10-16 00:00:00-04:00,101.50837602761503,102.6481590603474,101.37199300358165,101.4499282836914,6473500,0.0,0.0
2023-10-17 00:00:00-04:00,101.31355720800921,101.79089784842091,100.48551519806125,101.47916412353516,5827200,0.0,0.0
2023-10-18 00:00:00-04:00,101.42070917601995,101.76166675212006,99.27754089854693,99.35546875,7136400,0.0,0.0
2023-10-19 00:00:00-04:00,99.03400050800612,99.10219202446349,96.57909105090472,97.83576965332031,7647600,0.0,0.0
2023-10-20 00:00:00-04:00,97.40712614851395,100.69007734033609,97.40712614851395,100.01789855957031,12466800,0.0,0.0
2023-10-23 00:00:00-04:00,100.17377153298129,101.45967394957536,100.01790096984624,100.68033599853516,8493000,0.0,0.0
2023-10-24 00:00:00-04:00,100.65111640082556,101.3719992051483,100.02764898644084,100.36860656738281,6347900,0.0,0.0
2023-10-25 00:00:00-04:00,100.68033605848517,101.90779073079325,100.29066708273304,100.9531021118164,7849200,0.0,0.0
2023-10-26 00:00:00-04:00,100.43679889518684,104.46012067976764,100.32963973569373,102.82351684570312,11335700,0.0,0.0
2023-10-27 00:00:00-04:00,102.59944607667838,102.84298824904349,99.57952462581454,100.16402435302734,8933800,0.0,0.0
2023-10-30 00:00:00-04:00,100.61215637134873,101.8006435425475,99.95946503382757,100.02765655517578,6915500,0.0,0.0
2023-10-31 00:00:00-04:00,100.11531065003093,100.87516845353339,98.7807043327551,100.047119140625,7522600,0.0,0.0
2023-11-01 00:00:00-04:00,100.87517513502033,101.5376101698333,100.07635707236213,100.19325256347656,5838100,0.0,0.0
2023-11-02 00:00:00-04:00,100.08609340840994,100.39782710524442,99.02425305842667,100.19325256347656,5379100,0.0,0.0
2023-11-03 00:00:00-04:00,100.69982024395026,101.55708601622275,100.12505685157144,100.70955657958984,6005900,0.0,0.0
2023-11-06 00:00:00-05:00,101.3914816172637,101.67399143642578,100.47576064703608,101.64476013183594,5951200,0.0,0.0
2023-11-07 00:00:00-05:00,101.6545027870245,102.01494788317807,101.05052294716174,101.31354522705078,6616400,0.0,0.0
2023-11-08 00:00:00-05:00,101.29406747128145,102.45332320206474,101.15767701181292,101.70321655273438,8152100,0.0,0.0
2023-11-09 00:00:00-05:00,102.00521238726297,102.00521238726297,99.51134268085065,99.73539733886719,7377000,0.0,0.0
2023-11-10 00:00:00-05:00,100.18350724223885,100.69007913694136,98.00137139822121,98.77096557617188,7627100,0.0,0.0
2023-11-13 00:00:00-05:00,98.47870916445571,99.90100199027103,97.9818884845311,99.82306671142578,5878200,0.0,0.0
2023-11-14 00:00:00-05:00,100.00816314275737,100.55369524096106,99.26779284353991,99.53081512451172,6944400,0.0,0.0
2023-11-15 00:00:00-05:00,99.2483028422135,99.5308126524286,98.11827103367037,98.73199462890625,7392600,0.0,0.0
2023-11-16 00:00:00-05:00,99.19960561477612,99.42366026522002,98.42026764170353,99.35546875,7889700,0.0,0.0
2023-11-17 00:00:00-05:00,99.36521577952242,99.77436488427003,98.352079354206,99.12167358398438,6767000,0.0,0.0
2023-11-20 00:00:00-05:00,98.36182873453957,100.2711987646077,98.28389344376494,100.02765655517578,7449900,0.0,0.0
2023-11-21 00:00:00-05:00,100.33938026862843,100.95310389949152,99.21908473062197,99.56978607177734,7403500,0.0,0.0
2023-11-22 00:00:00-05:00,99.5600388836961,100.0276431332815,98.49819856056541,99.05347442626953,5724000,0.0,0.0
2023-11-24 00:00:00-05:00,99.61850403558053,99.86204623672108,98.81968591313225,99.23857879638672,3168000,0.0,0.0
2023-11-27 00:00:00-05:00,99.27753312774905,99.51133152844352,98.0987824918543,98.80992889404297,7356500,0.0,0.0
2023-11-28 00:00:00-05:00,98.69303211546234,98.7319997567211,97.42661721998228,97.59222412109375,8738500,0.0,0.0
2023-11-29 00:00:00-05:00,97.68963540404081,98.55664494675058,97.22203859321527,98.5176773071289,10286800,0.0,0.0
2023-11-30 00:00:00-05:00,98.23518099228463,100.03739926891701,97.68964882725594,99.83282470703125,29299700,0.0,0.0
2023-12-01 00:00:00-05:00,100.19324735472915,101.00180914371805,100.00816035931422,100.78749084472656,6856400,0.0,0.0
2023-12-04 00:00:00-05:00,101.05052217072696,102.65789457429793,101.05052217072696,102.34616088867188,10169900,0.0,0.0
2023-12-05 00:00:00-05:00,102.209780574898,103.65155355433244,101.48889780133956,103.48594665527344,10789100,0.0,0.0
2023-12-06 00:00:00-05:00,103.50542311432861,103.81715679723906,102.70660508735071,102.90143585205078,9954800,0.0,0.0
2023-12-07 00:00:00-05:00,102.86246756905824,102.87221133692745,101.05052065819626,101.19664001464844,9602200,0.0,0.0
2023-12-08 00:00:00-05:00,101.10897496590862,101.32329327904407,99.99842319085924,101.07000732421875,7530000,0.0,0.0
2023-12-11 00:00:00-05:00,102.14158514904821,102.74557240946083,100.89465042125708,101.67398834228516,7429700,0.0,0.0
2023-12-12 00:00:00-05:00,101.78114852450376,102.08313844161425,100.74852465382105,101.66424560546875,7933500,0.0,0.0
2023-12-13 00:00:00-05:00,101.46942108806688,104.34321594238281,101.28432664627563,104.34321594238281,10995000,0.0,0.0
2023-12-14 00:00:00-05:00,104.67682677387742,105.19687355164383,103.16574307866631,103.891845703125,10723000,0.77,0.0
2023-12-15 00:00:00-05:00,102.92043659568125,104.27452107131369,102.30226906061445,103.13630676269531,26392900,0.0,0.0
2023-12-18 00:00:00-05:00,104.16659278851309,105.19687200684507,103.6465385322493,104.04884338378906,12805600,0.0,0.0
2023-12-19 00:00:00-05:00,104.0586617305334,104.65720812696314,103.46011533410366,104.49039459228516,8043100,0.0,0.0
2023-12-20 00:00:00-05:00,105.12819748961857,105.12819748961857,103.26387289767283,103.38162231445312,8441600,0.0,0.0
2023-12-21 00:00:00-05:00,103.80354088004968,104.60814312134544,103.36198621357207,104.39227294921875,5919400,0.0,0.0
2023-12-22 00:00:00-05:00,105.13799779927261,106.03090642757358,104.83381371800031,105.67766571044922,6028100,0.0,0.0
2023-12-26 00:00:00-05:00,105.48142965769657,106.06034739921758,105.20668852706733,105.6089859008789,4727700,0.0,0.0
2023-12-27 00:00:00-05:00,105.29499066075564,106.04072190348396,105.00062838403709,105.9524154663086,5387000,0.0,0.0
2023-12-28 00:00:00-05:00,106.26640888316524,107.01213265727992,106.09959535435807,106.72757720947266,5530400,0.0,0.0
2023-12-29 00:00:00-05:00,106.94344965145956,107.18875530277522,106.74720812486078,106.97288513183594,5886100,0.0,0.0
2024-01-02 00:00:00-05:00,107.11025750383017,111.19213943247345,107.11025750383017,111.11363983154297,11920100,0.0,0.0
2024-01-03 00:00:00-05:00,112.12430264290278,113.72370026396648,112.0163750446904,112.61491394042969,10721900,0.0,0.0
2024-01-04 00:00:00-05:00,113.74332205419954,115.44084044697725,113.68445109373205,114.81285858154297,11492200,0.0,0.0
2024-01-05 00:00:00-05:00,114.9011714847455,115.24459791701206,114.44980996146163,115.0189208984375,6860100,0.0,0.0
2024-01-08 00:00:00-05:00,115.38196680605984,115.6763365929265,113.99844677450969,115.17591094970703,8193100,0.0,0.0
2024-01-09 00:00:00-05:00,115.30346145736777,117.6878325018377,115.00909170426925,116.20618438720703,8822300,0.0,0.0
2024-01-10 00:00:00-05:00,115.97069548169851,116.93228938764788,115.52914084289266,116.62811279296875,7129100,0.0,0.0
2024-01-11 00:00:00-05:00,116.56923941787737,116.66736017353229,114.88153547053125,116.20618438720703,5754400,0.0,0.0
2024-01-12 00:00:00-05:00,115.85294544438719,116.44167747342702,115.44083377267269,116.40242767333984,6822100,0.0,0.0
2024-01-16 00:00:00-05:00,116.26506805419922,117.09910579764889,115.72540009603043,116.26506805419922,6832300,0.0,0.0
2024-01-17 00:00:00-05:00,116.94210615059627,117.15797631370123,115.40158701568767,115.91181945800781,5591400,0.0,0.0
2024-01-18 00:00:00-05:00,115.44084513937139,116.39263229833338,114.43018701754895,116.31413269042969,10524700,0.0,0.0
2024-01-19 00:00:00-05:00,115.99032295723865,116.78511086979692,115.50952597807303,116.65755462646484,7535300,0.0,0.0
2024-01-22 00:00:00-05:00,116.80473985939824,117.71727718197691,116.62811949095932,117.18741607666016,8786200,0.0,0.0
2024-01-23 00:00:00-05:00,115.92163860687803,117.73689893909649,115.06797224072508,117.58971405029297,6501400,0.0,0.0
2024-01-24 00:00:00-05:00,117.4523454799464,117.6976511367434,116.21601035970643,116.64774322509766,5859900,0.0,0.0
2024-01-25 00:00:00-05:00,116.4318841886496,117.92333933487218,116.4318841886496,117.87427520751953,6689800,0.0,0.0
2024-01-26 00:00:00-05:00,118.2471386944218,118.74755683494304,117.82521267315026,118.55131530761719,8300300,0.0,0.0
2024-01-29 00:00:00-05:00,119.07136320129753,119.17929828817212,118.22751115089683,119.00267791748047,9138200,0.0,0.0
2024-01-30 00:00:00-05:00,119.00267992413951,119.47367008263738,117.9233365233279,119.37554931640625,7469500,0.0,0.0
2024-01-31 00:00:00-05:00,120.22920158859624,120.5431925149049,118.2373209480006,118.5120620727539,10779000,0.0,0.0
2024-02-01 00:00:00-05:00,121.32817866652587,124.05597635698253,120.46469796833158,124.00691223144531,11650700,0.0,0.0
2024-02-02 00:00:00-05:00,124.3307163570712,125.16475408064059,123.7419842866772,124.0363540649414,10175100,0.0,0.0
2024-02-05 00:00:00-05:00,124.5956577037323,125.4002599922225,123.3396864000649,123.81067657470703,8027700,0.0,0.0
2024-02-06 00:00:00-05:00,124.23258602625377,125.12549464226205,123.70272495786182,124.49751281738281,6153000,0.0,0.0
2024-02-07 00:00:00-05:00,124.51714994835267,125.65536427623503,124.12465940951468,125.07644653320312,6742800,0.0,0.0
2024-02-08 00:00:00-05:00,124.92926451761487,125.08626373121336,123.58498682418221,124.23259735107422,6308300,0.0,0.0
2024-02-09 00:00:00-05:00,123.84992122566942,124.31109705831949,122.69207822591578,123.09437561035156,7891200,0.0,0.0
2024-02-12 00:00:00-05:00,122.6528304604103,123.12382062327752,122.06409837142726,122.98644256591797,5257400,0.0,0.0
2024-02-13 00:00:00-05:00,123.61442057707175,124.47789372909631,122.14258674690221,123.07474517822266,7273400,0.0,0.0
2024-02-14 00:00:00-05:00,123.2513721296067,123.66348382742454,122.47620537258682,123.45742797851562,6622400,0.0,0.0
2024-02-15 00:00:00-05:00,123.60461332410533,124.84095590826907,123.58498467967885,124.16390991210938,5756700,0.0,0.0
2024-02-16 00:00:00-05:00,124.12465623992705,125.68479654714774,123.80085099219417,125.39043426513672,6266500,0.0,0.0
2024-02-20 00:00:00-05:00,125.72405616006525,126.86226299379987,124.8213256812531,124.97832489013672,6952800,0.0,0.0
2024-02-21 00:00:00-05:00,125.04700922414526,125.753490686495,124.41902736564198,125.7142333984375,4849200,0.0,0.0
2024-02-22 00:00:00-05:00,125.7436821771958,127.2842089926079,125.25307831660395,126.83283996582031,6517400,0.0,0.0
2024-02-23 00:00:00-05:00,127.35287631616916,127.79443846970493,126.4403464730355,127.0192642211914,5177400,0.0,0.0
2024-02-26 00:00:00-05:00,126.95058391690296,127.26456736119073,126.05766776362297,126.42071533203125,5158400,0.0,0.0
2024-02-27 00:00:00-05:00,125.85160922828868,126.73471857931332,125.40025520262047,126.6071548461914,4780200,0.0,0.0
2024-02-28 00:00:00-05:00,126.91132847665618,126.97019943755056,125.30212399904468,125.78292846679688,5697200,0.0,0.0
2024-02-29 00:00:00-05:00,125.69461710430195,126.43053403120707,124.67413724785666,124.762451171875,11246100,0.0,0.0
2024-03-01 00:00:00-05:00,124.48771284724108,125.44930679443355,124.0461581894968,124.57601928710938,6023400,0.0,0.0
2024-03-04 00:00:00-05:00,122.12296234612641,124.16390712486903,120.97493371538403,121.72066497802734,12706200,0.0,0.0
2024-03-05 00:00:00-05:00,122.33882741375285,122.69206812943175,120.09182688362527,120.52356719970703,8277800,0.0,0.0
2024-03-06 00:00:00-05:00,120.53338386522549,122.41733699786957,120.20958608789087,121.42630004882812,8251400,0.0,0.0
2024-03-07 00:00:00-05:00,121.04362139305542,122.19165004652238,120.51376028696274,121.66178894042969,8982200,0.0,0.0
2024-03-08 00:00:00-05:00,120.91606531611988,121.71085323328916,119.76802917493335,121.18099212646484,9822700,0.0,0.0
2024-03-11 00:00:00-04:00,122.30940212397202,122.30940212397202,119.55216144767125,120.4646987915039,7769300,0.0,0.0
2024-03-12 00:00:00-04:00,120.69038548282883,120.89644134019505,119.14986622773729,120.35677337646484,11621800,0.0,0.0
2024-03-13 00:00:00-04:00,120.84738014092618,120.89643677970493,118.53169418435198,119.86615753173828,9186000,0.0,0.0
2024-03-14 00:00:00-04:00,119.79702940213949,119.79702940213949,118.15787185153937,118.99720001220703,10132500,0.77,0.0
2024-03-15 00:00:00-04:00,118.3356037799302,120.40924778689758,117.73326824998287,119.99451446533203,46476800,0.0,0.0
2024-03-18 00:00:00-04:00,120.32037656545161,120.9720949910078,119.60941374979771,119.91552734375,8311900,0.0,0.0
2024-03-19 00:00:00-04:00,119.91552344909532,120.72522939982098,118.91820022432663,120.66597747802734,11696600,0.0,0.0
2024-03-20 00:00:00-04:00,119.75753509831117,122.35452475227143,118.86883155767116,122.29527282714844,9793200,0.0,0.0
2024-03-21 00:00:00-04:00,122.13728197683716,122.63100531569268,121.51518574836221,122.06816101074219,8156300,0.0,0.0
2024-03-22 00:00:00-04:00,122.23602843564593,122.92723811524344,121.67318411551068,122.29527282714844,7022500,0.0,0.0
2024-03-25 00:00:00-04:00,122.52238330434832,124.00355329342327,122.21626971707781,123.7369384765625,7605800,0.0,0.0
2024-03-26 00:00:00-04:00,124.20104366916212,124.49728069010243,123.28271794459164,123.94430541992188,8864400,0.0,0.0
2024-03-27 00:00:00-04:00,131.20201992308563,131.429143480847,128.47667283509847,130.09608459472656,16061600,0.0,0.0
2024-03-28 00:00:00-04:00,130.34296971081153,130.7576955336406,129.43452051786576,130.29359436035156,10189700,0.0,0.0
2024-04-01 00:00:00-04:00,130.02696762176794,130.27382928423384,128.4766842164469,129.34564208984375,5377600,0.0,0.0
2024-04-02 00:00:00-04:00,128.46682240566926,129.11852578016175,127.65710887492631,128.71368408203125,6584200,0.0,0.0
2024-04-03 00:00:00-04:00,128.71368068647487,130.6391986978536,127.80521648225664,128.26931762695312,7741400,0.0,0.0
2024-04-04 00:00:00-04:00,129.18764575297365,129.29626548609158,125.74145155426814,126.05744171142578,6753200,0.0,0.0
2024-04-05 00:00:00-04:00,126.04757252003157,126.9856514034051,125.4057306595382,126.38330078125,5691800,0.0,0.0
2024-04-08 00:00:00-04:00,126.03768899524323,126.3141728500914,124.29978079297189,124.97124481201172,6282500,0.0,0.0
2024-04-09 00:00:00-04:00,124.99100414890998,125.40572995170498,123.93443648924436,125.11936950683594,4696600,0.0,0.0
2024-04-10 00:00:00-04:00,124.28003236264013,125.4057209082609,123.48020301012531,125.15885925292969,5787700,0.0,0.0
2024-04-11 00:00:00-04:00,124.96137879435727,125.54396871208553,123.88505800922411,124.56639862060547,6187200,0.0,0.0
2024-04-12 00:00:00-04:00,125.44522851137583,125.51434947839148,123.52957952034147,124.16154479980469,7369700,0.0,0.0
2024-04-15 00:00:00-04:00,125.09961932435009,126.21543133410617,124.28991336735449,124.60589599609375,6241000,0.0,0.0
2024-04-16 00:00:00-04:00,124.9712518358604,125.20824446786727,123.46045959151363,123.49008178710938,5587300,0.0,0.0
2024-04-17 00:00:00-04:00,124.09241782724285,124.60589430046939,123.14446995392467,123.79618835449219,6122800,0.0,0.0
2024-04-18 00:00:00-04:00,123.94430426329808,123.94430426329808,122.93711196201666,123.65795135498047,5992700,0.0,0.0
2024-04-19 00:00:00-04:00,124.07266919751767,124.53677031387713,123.32220765758281,124.20103454589844,8403100,0.0,0.0
2024-04-22 00:00:00-04:00,125.11936527684486,126.47216991198343,124.63551852327507,125.34648132324219,7805800,0.0,0.0
2024-04-23 00:00:00-04:00,126.49192512813332,126.49192512813332,125.14898951346525,125.2872314453125,7744000,0.0,0.0
2024-04-24 00:00:00-04:00,125.22798287481899,125.98831347459523,123.77643510526254,125.40572357177734,7128300,0.0,0.0
2024-04-25 00:00:00-04:00,128.06195644038834,131.1329160764047,127.1436232353291,129.0790252685547,12750100,0.0,0.0
2024-04-26 00:00:00-04:00,128.496448858337,130.2541028468833,128.496448858337,129.55300903320312,7758200,0.0,0.0
2024-04-29 00:00:00-04:00,130.06647771960186,130.5404479065354,127.70648076027362,128.48655700683594,6788000,0.0,0.0
2024-04-30 00:00:00-04:00,129.27652632976597,129.27652632976597,127.36087722952215,127.59786987304688,6945000,0.0,0.0
2024-05-01 00:00:00-04:00,126.99551108736108,128.29893279784207,126.19568173159597,127.1831283569336,5895700,0.0,0.0
2024-05-02 00:00:00-04:00,127.43986267993596,128.06195889310894,126.38329506211879,126.64990234375,7422500,0.0,0.0
2024-05-03 00:00:00-04:00,126.40304043814098,126.86714156973926,125.58346544292239,125.9093246459961,6221900,0.0,0.0
2024-05-06 00:00:00-04:00,125.58346330966585,126.12656197222985,125.16873753113694,125.96856689453125,6552000,0.0,0.0
2024-05-07 00:00:00-04:00,125.50446999241507,128.79266167120778,125.47484779775516,128.74330139160156,6682300,0.0,0.0
2024-05-08 00:00:00-04:00,128.94079019570077,129.85910838232934,127.7064818369587,127.92372131347656,6659100,0.0,0.0
2024-05-09 00:00:00-04:00,127.32138466517185,128.8617991639594,127.32138466517185,128.59518432617188,9216700,0.0,0.0
2024-05-10 00:00:00-04:00,129.1777762156592,129.23702060308918,128.31868739620464,128.42730712890625,5722600,0.0,0.0
2024-05-13 00:00:00-04:00,127.88420876522898,128.08171014677856,126.41292291646842,127.6669692993164,7109700,0.0,0.0
2024-05-14 00:00:00-04:00,127.57811358760618,127.57811358760618,126.42280272986063,127.0448989868164,6154300,0.0,0.0
2024-05-15 00:00:00-04:00,127.26212588014057,130.31333233593932,127.1041308039675,130.0763397216797,7237100,0.0,0.0
2024-05-16 00:00:00-04:00,129.720869273425,130.12572604004566,129.14814837442918,129.23703002929688,5518100,0.0,0.0
2024-05-17 00:00:00-04:00,129.04941324053243,129.67150949079513,128.18045531219607,129.5431365966797,8281600,0.0,0.0
2024-05-20 00:00:00-04:00,129.1678938579034,130.08622707724146,129.0098987777876,129.34564208984375,4860400,0.0,0.0
2024-05-21 00:00:00-04:00,130.02696409984785,131.12303045419793,128.8420311655547,129.11851501464844,6254700,0.0,0.0
2024-05-22 00:00:00-04:00,128.5359361360334,129.94799276304042,128.5161829830515,129.4542694091797,4407500,0.0,0.0
2024-05-23 00:00:00-04:00,129.25676443383796,130.26396426664508,128.67417450855604,129.4443817138672,6830900,0.0,0.0
2024-05-24 00:00:00-04:00,129.79985842134002,129.79985842134002,127.53861223475475,127.86447143554688,5982800,0.0,0.0
2024-05-28 00:00:00-04:00,127.22262712309245,127.45961975140817,124.16154391007409,124.50714874267578,10263400,0.0,0.0
2024-05-29 00:00:00-04:00,124.55652703144364,124.86263309988739,123.70732226064432,124.31954193115234,8527800,0.0,0.0
2024-05-30 00:00:00-04:00,124.39853806912684,126.2450585690148,121.15970657820738,122.96673583984375,13003500,0.0,0.0
2024-05-31 00:00:00-04:00,123.55919356029892,125.02061788111065,122.9864802429507,123.96405029296875,18150500,0.0,0.0
2024-06-03 00:00:00-04:00,124.191164294488,127.33124500449556,124.191164294488,126.80789947509766,7702500,0.0,0.0
2024-06-04 00:00:00-04:00,125.55384685533065,127.73610311386342,125.28723203293173,127.09426879882812,6440100,0.0,0.0
2024-06-05 00:00:00-04:00,126.86714197027682,128.30882071564778,126.46230029297394,127.82496643066406,5009400,0.0,0.0
2024-06-06 00:00:00-04:00,127.53861792126374,129.28638771174846,127.2818721391825,128.8815460205078,8088500,0.0,0.0
2024-06-07 00:00:00-04:00,128.71367274420328,129.72085744662812,128.57543082030736,129.02964782714844,4945600,0.0,0.0
2024-06-10 00:00:00-04:00,128.990165971219,130.02697294220775,128.02245736634308,129.83937072753906,6033700,0.0,0.0
2024-06-11 00:00:00-04:00,129.3555002820515,130.51081095741796,128.1113230317889,130.18495178222656,11453200,0.0,0.0
2024-06-12 00:00:00-04:00,131.03418395266243,131.04406806344159,128.5260757752111,128.56556701660156,5822000,0.0,0.0
2024-06-13 00:00:00-04:00,128.3878210595679,128.48655668684452,126.97576447762344,127.7459716796875,5004200,0.0,0.0
2024-06-14 00:00:00-04:00,127.53861626832347,128.23969497051897,127.0350088206084,127.8545913696289,7338500,0.0,0.0
2024-06-17 00:00:00-04:00,127.3579293406961,128.08307355267962,126.52350799829524,126.65264129638672,8524000,0.77,0.0
2024-06-18 00:00:00-04:00,127.41752690588397,127.87446127597565,126.2453612572971,127.1393814086914,6532400,0.0,0.0
2024-06-20 00:00:00-04:00,126.54336635670212,129.56315586900413,125.9076203984607,128.80821228027344,10348400,0.0,0.0
2024-06-21 00:00:00-04:00,129.3048943088232,130.32804776329542,128.2320701205904,129.8512420654297,17182700,0.0,0.0
2024-06-24 00:00:00-04:00,130.39758428929855,132.42401978728165,130.0598324084854,132.07635498046875,8553800,0.0,0.0
2024-06-25 00:00:00-04:00,132.23528887616598,133.73526322177406,131.71875567336048,132.03662109375,6758400,0.0,0.0
2024-06-26 00:00:00-04:00,132.49356325334753,132.5432188281499,130.61612477296072,130.6260528564453,8492100,0.0,0.0
2024-06-27 00:00:00-04:00,131.1128060766464,131.41080016474353,125.93742482424791,128.9572296142578,11927600,0.0,0.0
2024-06-28 00:00:00-04:00,128.67907640820158,130.09958057536218,120.06670622972736,122.97723388671875,57055500,0.0,0.0
2024-07-01 00:00:00-04:00,124.5467237991597,128.33140775367147,124.26858588726691,127.04998016357422,11533000,0.0,0.0
2024-07-02 00:00:00-04:00,127.3579266037341,127.38772601198481,125.81822482880249,126.87117767333984,5645400,0.0,0.0
2024-07-03 00:00:00-04:00,126.841378567309,127.08971707490969,124.46726304094159,125.01360321044922,4002100,0.0,0.0
2024-07-05 00:00:00-04:00,125.6890816509022,125.75861612844254,124.07985300534278,125.60961151123047,6786700,0.0,0.0
2024-07-08 00:00:00-04:00,125.95729426520569,126.61290398528273,124.49706262585204,124.9440689086914,5743400,0.0,0.0
2024-07-09 00:00:00-04:00,124.4076529402342,125.26193798723162,122.87788686953392,125.20233917236328,6339000,0.0,0.0
2024-07-10 00:00:00-04:00,125.04340337132749,126.63277589248916,124.99374021672234,126.45397186279297,4588500,0.0,0.0
2024-07-11 00:00:00-04:00,126.76190718824364,128.26186630284903,126.74203586376332,128.1128692626953,7048800,0.0,0.0
2024-07-12 00:00:00-04:00,128.54000396585613,129.06648038321376,126.47383336661919,126.9109115600586,7022300,0.0,0.0
2024-07-15 00:00:00-04:00,127.14931128216708,127.48704800248936,126.35462505517772,127.26850891113281,6918500,0.0,0.0
2024-07-16 00:00:00-04:00,127.02018144677008,128.17246817069378,124.36792044978563,124.60633087158203,8194400,0.0,0.0
2024-07-17 00:00:00-04:00,124.63613022723426,125.84802334544243,123.73217443035483,125.05333709716797,7628000,0.0,0.0
2024-07-18 00:00:00-04:00,124.46726489120859,124.76526655754547,121.5567372357145,123.42424011230469,9501400,0.0,0.0
2024-07-19 00:00:00-04:00,124.46726539997326,126.14602858966249,124.3480601857373,124.93413543701172,6848800,0.0,0.0
2024-07-22 00:00:00-04:00,125.11293424894157,125.64934632258777,124.19905038066564,124.85466766357422,4341800,0.0,0.0
2024-07-23 00:00:00-04:00,124.15931416017355,124.78513202963873,123.3546998465064,123.5533676147461,4285400,0.0,0.0
2024-07-24 00:00:00-04:00,124.13945421613738,125.33147601945586,123.85138063828596,125.08313751220703,6338500,0.0,0.0
2024-07-25 00:00:00-04:00,125.19240723906931,127.00031127125474,124.87453425248802,125.01360321044922,7357100,0.0,0.0
2024-07-26 00:00:00-04:00,126.39436512397657,127.87446051213325,124.2189249437167,124.42752838134766,6467000,0.0,0.0
2024-07-29 00:00:00-04:00,124.94407041582978,127.13938194317193,124.08978533187168,126.93077850341797,9139500,0.0,0.0
2024-07-30 00:00:00-04:00,122.65936175318548,123.11630370795177,113.15296377267873,114.48405456542969,35509400,0.0,0.0
2024-07-31 00:00:00-04:00,115.22906439936135,117.05683212792503,111.47418747893802,112.37813568115234,22733000,0.0,0.0
2024-08-01 00:00:00-04:00,112.37813616593236,113.7092344772064,110.6695736387396,113.06355285644531,14117500,0.0,0.0
2024-08-02 00:00:00-04:00,114.39465208625549,116.52042907356709,113.59996584221633,114.43437957763672,16562300,0.0,0.0
2024-08-05 00:00:00-04:00,114.18604509084106,114.35492103925608,110.60003636169624,111.56359100341797,13334000,0.0,0.0
2024-08-06 00:00:00-04:00,111.55365929605985,112.32847421780943,110.18282590032777,110.41130065917969,9761900,0.0,0.0
2024-08-07 00:00:00-04:00,110.9377791489095,111.80199988937801,109.98416018288728,111.74239349365234,9756500,0.0,0.0
2024-08-08 00:00:00-04:00,112.16953355821298,113.47083247141023,111.82186116869069,113.16288757324219,8278200,0.0,0.0
2024-08-09 00:00:00-04:00,113.02381709313399,113.95757227984903,112.11986889256717,113.78870391845703,5914100,0.0,0.0
2024-08-12 00:00:00-04:00,113.94763599055175,113.94763599055175,112.35827111242695,112.72581481933594,6536000,0.0,0.0
2024-08-13 00:00:00-04:00,112.81521835947602,114.10658164684185,112.09006657346816,113.62976837158203,9040300,0.0,0.0
2024-08-14 00:00:00-04:00,112.90461967529812,113.17282192161903,110.76890705204056,112.82514953613281,11029400,0.0,0.0
2024-08-15 00:00:00-04:00,113.41122320900345,113.73903184455884,111.82185834088726,112.55693817138672,9685100,0.0,0.0
2024-08-16 00:00:00-04:00,112.85495196462544,112.96422151423033,111.87153359687117,112.91455078125,10102300,0.0,0.0
2024-08-19 00:00:00-04:00,112.9046251639195,113.83837281909041,112.55694518284196,113.6595687866211,6177500,0.0,0.0
2024-08-20 00:00:00-04:00,113.99730695656719,114.53371902504311,113.78870352638592,114.3747787475586,5392300,0.0,0.0
2024-08-21 00:00:00-04:00,114.01717283544819,115.8250768428724,113.78870565565096,115.25886535644531,8144100,0.0,0.0
2024-08-22 00:00:00-04:00,115.52707500936182,115.94428187689687,114.45425085396626,115.7754135131836,8201200,0.0,0.0
2024-08-23 00:00:00-04:00,116.02375622906587,116.03368431292257,115.14959981351696,115.82508087158203,8368200,0.0,0.0
2024-08-26 00:00:00-04:00,115.95421819562408,117.11644058120501,115.38800670685211,115.49726867675781,6518700,0.0,0.0
2024-08-27 00:00:00-04:00,115.49727138998476,115.84495136842317,114.4840535994763,115.72574615478516,5502600,0.0,0.0
2024-08-28 00:00:00-04:00,115.82507996898896,117.23564089202716,115.46747190699479,116.61976623535156,5403200,0.0,0.0
2024-08-29 00:00:00-04:00,117.14623702664672,117.61311461725829,116.01381407774143,116.67935943603516,7202500,0.0,0.0
2024-08-30 00:00:00-04:00,116.49062271373393,117.96078999950919,116.37142508156954,117.66278076171875,8876500,0.0,0.0
2024-09-03 00:00:00-04:00,117.47404899156656,118.05018856563964,115.64627364662336,115.80521392822266,7640300,0.0,0.0
2024-09-04 00:00:00-04:00,115.88468054873331,115.95421502514827,113.70923287723852,115.0303955078125,7693400,0.0,0.0
2024-09-05 00:00:00-04:00,115.83501265352061,119.2720166466025,115.5767384867891,117.80184936523438,12009700,0.0,0.0
2024-09-06 00:00:00-04:00,118.30845951802178,119.50048886154543,116.86809925395644,117.05683135986328,8577300,0.0,0.0
2024-09-09 00:00:00-04:00,112.39800792413826,116.12308546750107,111.66292807761444,114.64299011230469,14880200,0.0,0.0
2024-09-10 00:00:00-04:00,114.44431712668906,115.31846594659261,112.5768142747038,114.56352233886719,12734500,0.0,0.0
2024-09-11 00:00:00-04:00,114.17611422604043,115.11979751969777,113.51056126851064,113.94763946533203,7836600,0.0,0.0
2024-09-12 00:00:00-04:00,113.70923961696988,114.74232874114628,113.28209707119204,114.48405456542969,8330900,0.0,0.0
2024-09-13 00:00:00-04:00,115.31846351638843,115.99394454711658,114.23571128200825,115.08999633789062,6709600,0.0,0.0
2024-09-16 00:00:00-04:00,115.80000305175781,118.37000274658203,115.80000305175781,117.95999908447266,7846100,0.77,0.0
2024-09-17 00:00:00-04:00,118.97000122070312,119.13999938964844,117.7300033569336,118.29000091552734,7914900,0.0,0.0
2024-09-18 00:00:00-04:00,118.19999694824219,119.37999725341797,117.87000274658203,118.63999938964844,11135600,0.0,0.0
2024-09-19 00:00:00-04:00,118.9000015258789,119.19999694824219,116.29000091552734,117.2300033569336,9963000,0.0,0.0
2024-09-20 00:00:00-04:00,117.2699966430664,117.5,116.41000366210938,117.16999816894531,21200900,0.0,0.0
2024-09-23 00:00:00-04:00,117.19999694824219,118.16000366210938,115.5199966430664,115.62999725341797,6665300,0.0,0.0
2024-09-24 00:00:00-04:00,115.8499984741211,116.26000213623047,114.31999969482422,114.95999908447266,9840400,0.0,0.0
2024-09-25 00:00:00-04:00,115.30000305175781,116.0199966430664,114.62000274658203,114.7300033569336,7902300,0.0,0.0
2024-09-26 00:00:00-04:00,113.87999725341797,114.0,112.93000030517578,113.08999633789062,11132100,0.0,0.0
2024-09-27 00:00:00-04:00,113.16999816894531,114.33999633789062,113.0,113.69000244140625,11920100,0.0,0.0
2024-09-30 00:00:00-04:00,113.61000061035156,114.01000213623047,112.69999694824219,113.55999755859375,10936900,0.0,0.0
2024-10-01 00:00:00-04:00,113.95999908447266,114.79000091552734,113.11000061035156,114.73999786376953,7715500,0.0,0.0
2024-10-02 00:00:00-04:00,114.55000305175781,114.5999984741211,111.9800033569336,112.08000183105469,9041800,0.0,0.0
2024-10-03 00:00:00-04:00,111.81999969482422,112.08000183105469,109.83000183105469,110.18000030517578,10280600,0.0,0.0
2024-10-04 00:00:00-04:00,109.48999786376953,110.30000305175781,109.38999938964844,109.7699966430664,9704700,0.0,0.0
2024-10-07 00:00:00-04:00,109.69999694824219,110.9800033569336,108.18000030517578,108.58999633789062,8654800,0.0,0.0
2024-10-08 00:00:00-04:00,107.97000122070312,108.75,107.80999755859375,108.5199966430664,8832400,0.0,0.0
2024-10-09 00:00:00-04:00,108.41000366210938,110.30000305175781,108.19999694824219,110.2699966430664,8627800,0.0,0.0
2024-10-10 00:00:00-04:00,110.69999694824219,110.83000183105469,109.16999816894531,109.4000015258789,6006700,0.0,0.0
2024-10-11 00:00:00-04:00,109.0999984741211,109.91999816894531,107.9000015258789,109.7300033569336,8578400,0.0,0.0
2024-10-14 00:00:00-04:00,109.43000030517578,110.06999969482422,108.68000030517578,109.69000244140625,8130700,0.0,0.0
2024-10-15 00:00:00-04:00,109.95999908447266,111.58000183105469,109.88999938964844,111.52999877929688,9109500,0.0,0.0
2024-10-16 00:00:00-04:00,111.0,111.19999694824219,109.0199966430664,110.41999816894531,8729200,0.0,0.0
2024-10-17 00:00:00-04:00,110.13999938964844,110.19000244140625,109.5,109.75,8541700,0.0,0.0
2024-10-18 00:00:00-04:00,109.9000015258789,109.91999816894531,108.55999755859375,108.69999694824219,9523000,0.0,0.0
2024-10-21 00:00:00-04:00,109.08000183105469,109.16999816894531,106.18000030517578,106.33999633789062,11444900,0.0,0.0
2024-10-22 00:00:00-04:00,105.91000366210938,106.9000015258789,105.70999908447266,106.63999938964844,11576100,0.0,0.0
2024-10-23 00:00:00-04:00,106.73999786376953,107.36000061035156,106.19999694824219,106.37999725341797,8271700,0.0,0.0
2024-10-24 00:00:00-04:00,106.05000305175781,106.62000274658203,105.26000213623047,105.87999725341797,8295900,0.0,0.0
2024-10-25 00:00:00-04:00,106.48999786376953,106.48999786376953,103.86000061035156,103.9800033569336,9625500,0.0,0.0
2024-10-28 00:00:00-04:00,104.5999984741211,105.0,103.93000030517578,104.2300033569336,6968900,0.0,0.0
2024-10-29 00:00:00-04:00,104.31999969482422,105.11000061035156,103.69999694824219,103.7300033569336,9296200,0.0,0.0
2024-10-30 00:00:00-04:00,103.45999908447266,105.0,102.9000015258789,104.83000183105469,13897200,0.0,0.0
2024-10-31 00:00:00-04:00,100.93000030517578,103.2300033569336,98.5999984741211,102.31999969482422,17413100,0.0,0.0
2024-11-01 00:00:00-04:00,101.77999877929688,102.72000122070312,101.20999908447266,101.87999725341797,10180600,0.0,0.0
2024-11-04 00:00:00-05:00,102.0,102.52999877929688,100.94999694824219,101.87000274658203,9182600,0.0,0.0
2024-11-05 00:00:00-05:00,101.36000061035156,101.7300033569336,100.5199966430664,101.6500015258789,6741400,0.0,0.0
2024-11-06 00:00:00-05:00,103.18000030517578,103.2300033569336,100.5999984741211,100.7300033569336,9551300,0.0,0.0
2024-11-07 00:00:00-05:00,101.44000244140625,101.69000244140625,100.8499984741211,101.16999816894531,8676100,0.0,0.0
2024-11-08 00:00:00-05:00,101.4800033569336,103.2300033569336,101.0,102.91999816894531,9208000,0.0,0.0
2024-11-11 00:00:00-05:00,102.52999877929688,103.4000015258789,100.45999908447266,100.7300033569336,10075300,0.0,0.0
2024-11-12 00:00:00-05:00,100.76000213623047,100.7699966430664,98.5,98.58000183105469,12282900,0.0,0.0
2024-11-13 00:00:00-05:00,98.51000213623047,99.44999694824219,97.9000015258789,98.5,8869700,0.0,0.0
2024-11-14 00:00:00-05:00,99.18000030517578,99.4000015258789,97.95999908447266,98.36000061035156,8489900,0.0,0.0
